Datum;Cas od;Cas do;IN-859182400611447671-D;OUT-859182400611447671-D;IN-859182400611941780-O;OUT-859182400611941780-O;IN-859182400611941797-O;OUT-859182400611941797-O;IN-859182400611941803-O;OUT-859182400611941803-O;IN-859182400611943012-O;OUT-859182400611943012-O;IN-859182400611943029-O;OUT-859182400611943029-O;IN-859182400611943036-O;OUT-859182400611943036-O;IN-859182400611943043-O;OUT-859182400611943043-O;IN-859182400611943050-O;OUT-859182400611943050-O;IN-859182400611943067-O;OUT-859182400611943067-O;IN-859182400611943074-O;OUT-859182400611943074-O;IN-859182400611943081-O;OUT-859182400611943081-O;IN-859182400611943098-O;OUT-859182400611943098-O;IN-859182400611943104-O;OUT-859182400611943104-O;IN-859182400611943111-O;OUT-859182400611943111-O;IN-859182400611943128-O;OUT-859182400611943128-O;IN-859182400611943135-O;OUT-859182400611943135-O;IN-859182400611943142-O;OUT-859182400611943142-O;IN-859182400611943159-O;OUT-859182400611943159-O;IN-859182400611943166-O;OUT-859182400611943166-O;IN-859182400611943173-O;OUT-859182400611943173-O;IN-859182400611943180-O;OUT-859182400611943180-O;IN-859182400611943197-O;OUT-859182400611943197-O;IN-859182400611943203-O;OUT-859182400611943203-O;IN-859182400611943210-O;OUT-859182400611943210-O;IN-859182400611943227-O;OUT-859182400611943227-O;IN-859182400611944408-O;OUT-859182400611944408-O;IN-859182400611944613-O;OUT-859182400611944613-O
01.07.2026;00:00;00:15;0,0;0,0;0,0;0,0;-0,02;-0,02;-0,09;-0,09;0,0;0,0;0,0;0,0;-0,04;-0,04;-0,01;-0,01;-0,15;-0,15;-0,02;-0,02;0,0;0,0;-0,01;-0,01;0,0;0,0;-0,01;-0,01;-0,01;-0,01;-0,01;-0,01;-0,01;-0,01;-0,12;-0,12;-0,02;-0,02;-0,02;-0,02;-0,01;-0,01;-0,02;-0,02;-0,01;-0,01;-0,01;-0,01;-0,02;-0,02;-0,22;-0,22;-0,02;-0,02;0,0;0,0
01.07.2026;00:15;00:30;0,0;0,0;0,0;0,0;-0,02;-0,02;-0,08;-0,08;0,0;0,0;0,0;0,0;-0,03;-0,03;-0,01;-0,01;-0,17;-0,17;-0,01;-0,01;0,0;0,0;-0,01;-0,01;0,0;0,0;-0,01;-0,01;-0,01;-0,01;-0,04;-0,04;-0,01;-0,01;-0,03;-0,03;-0,01;-0,01;-0,03;-0,03;-0,01;-0,01;-0,02;-0,02;-0,01;-0,01;-0,01;-0,01;-0,02;-0,02;-0,24;-0,24;-0,01;-0,01;0,0;0,0
01.07.2026;00:30;00:45;0,0;0,0;-0,01;-0,01;-0,02;-0,02;-0,18;-0,18;0,0;0,0;-0,01;-0,01;-0,05;-0,05;-0,01;-0,01;-0,03;-0,03;-0,02;-0,02;-0,02;-0,02;0,0;0,0;0,0;0,0;-0,01;-0,01;-0,02;-0,02;-0,02;-0,02;-0,02;-0,02;-0,03;-0,03;-0,02;-0,02;-0,02;-0,02;-0,01;-0,01;0,0;0,0;-0,01;-0,01;-0,01;-0,01;-0,02;-0,02;-0,03;-0,03;-0,12;-0,12;0,0;0,0
01.07.2026;00:45;01:00;0,0;0,0;0,0;0,0;-0,02;-0,02;-0,07;-0,07;0,0;0,0;0,0;0,0;-0,05;-0,05;-0,01;-0,01;-0,04;-0,04;-0,01;-0,01;-0,02;-0,02;-0,01;-0,01;0,0;0,0;-0,02;-0,02;-0,01;-0,01;-0,01;-0,01;-0,01;-0,01;-0,03;-0,03;-0,01;-0,01;-0,02;-0,02;-0,01;-0,01;-0,01;-0,01;-0,01;-0,01;-0,01;-0,01;-0,02;-0,02;-0,01;-0,01;-0,05;-0,05;0,0;0,0
01.07.2026;01:00;01:15;0,0;0,0;0,0;0,0;-0,03;-0,03;-0,06;-0,06;0,0;0,0;0,0;0,0;-0,03;-0,03;-0,01;-0,01;-0,14;-0,14;-0,02;-0,02;-0,01;-0,01;-0,01;-0,01;0,0;0,0;0,0;0,0;-0,01;-0,01;-0,02;-0,02;-0,01;-0,01;-0,01;-0,01;-0,01;-0,01;-0,03;-0,03;-0,01;-0,01;-0,03;-0,03;-0,02;-0,02;-0,02;-0,02;-0,03;-0,03;-0,02;-0,02;-0,01;-0,01;0,0;0,0
01.07.2026;01:15;01:30;0,0;0,0;-0,01;-0,01;-0,02;-0,02;-0,06;-0,06;0,0;0,0;-0,01;-0,01;-0,04;-0,04;-0,01;-0,01;-0,31;-0,31;-0,01;-0,01;-0,02;-0,02;-0,01;-0,01;0,0;0,0;-0,01;-0,01;-0,01;-0,01;-0,02;-0,02;0,0;0,0;-0,02;-0,02;-0,02;-0,02;-0,02;-0,02;-0,01;-0,01;-0,02;-0,02;0,0;0,0;-0,01;-0,01;-0,02;-0,02;-0,01;-0,01;-0,01;-0,01;0,0;0,0
01.07.2026;01:30;01:45;0,0;0,0;0,0;0,0;-0,03;-0,03;-0,06;-0,06;0,0;0,0;0,0;0,0;-0,04;-0,04;0,0;0,0;-0,04;-0,04;-0,02;-0,02;-0,01;-0,01;0,0;0,0;0,0;0,0;-0,01;-0,01;-0,01;-0,01;0,0;0,0;-0,01;-0,01;-0,02;-0,02;-0,01;-0,01;-0,02;-0,02;-0,01;-0,01;-0,01;-0,01;-0,02;-0,02;-0,01;-0,01;-0,02;-0,02;-0,01;-0,01;-0,02;-0,02;0,0;0,0
01.07.2026;01:45;02:00;0,0;0,0;0,0;0,0;-0,01;-0,01;-0,06;-0,06;0,0;0,0;0,0;0,0;-0,04;-0,04;-0,02;-0,02;-0,03;-0,03;-0,02;-0,02;-0,02;-0,02;-0,01;-0,01;0,0;0,0;-0,02;-0,02;-0,01;-0,01;-0,02;-0,02;-0,01;-0,01;-0,02;-0,02;-0,02;-0,02;-0,03;-0,03;-0,01;-0,01;-0,01;-0,01;-0,01;-0,01;-0,01;-0,01;-0,02;-0,02;-0,01;-0,01;-0,01;-0,01;0,0;0,0
01.07.2026;02:00;02:15;0,0;0,0;0,0;0,0;0,0;0,0;-0,06;-0,06;0,0;0,0;0,0;0,0;-0,04;-0,04;0,0;0,0;-0,02;-0,02;-0,03;-0,03;-0,01;-0,01;-0,01;-0,01;0,0;0,0;-0,01;-0,01;-0,01;-0,01;-0,01;-0,01;-0,02;-0,02;-0,02;-0,02;-0,02;-0,02;-0,02;-0,02;-0,01;-0,01;-0,01;-0,01;-0,01;-0,01;-0,02;-0,02;-0,02;-0,02;-0,01;-0,01;-0,01;-0,01;0,0;0,0
01.07.2026;02:15;02:30;0,0;0,0;-0,01;-0,01;-0,01;-0,01;-0,06;-0,06;0,0;0,0;0,0;0,0;-0,04;-0,04;-0,01;-0,01;-0,01;-0,01;-0,02;-0,02;-0,02;-0,02;-0,01;-0,01;0,0;0,0;0,0;0,0;-0,01;-0,01;-0,01;-0,01;0,0;0,0;-0,02;-0,02;0,0;0,0;-0,02;-0,02;-0,01;-0,01;-0,03;-0,03;-0,01;-0,01;0,0;0,0;-0,03;-0,03;-0,01;-0,01;-0,01;-0,01;0,0;0,0
01.07.2026;02:30;02:45;0,0;0,0;0,0;0,0;0,0;0,0;-0,06;-0,06;0,0;0,0;0,0;0,0;-0,03;-0,03;-0,01;-0,01;-0,04;-0,04;-0,03;-0,03;-0,01;-0,01;-0,01;-0,01;0,0;0,0;-0,02;-0,02;-0,01;-0,01;-0,01;-0,01;-0,01;-0,01;-0,02;-0,02;-0,02;-0,02;-0,03;-0,03;-0,01;-0,01;-0,02;-0,02;-0,01;-0,01;-0,01;-0,01;-0,02;-0,02;-0,01;-0,01;-0,02;-0,02;0,0;0,0
01.07.2026;02:45;03:00;0,0;0,0;0,0;0,0;-0,01;-0,01;-0,06;-0,06;0,0;0,0;-0,01;-0,01;-0,04;-0,04;-0,01;-0,01;-0,03;-0,03;-0,02;-0,02;-0,01;-0,01;0,0;0,0;0,0;0,0;-0,01;-0,01;-0,02;-0,02;-0,01;-0,01;-0,01;-0,01;-0,02;-0,02;-0,01;-0,01;-0,02;-0,02;-0,01;-0,01;-0,01;-0,01;-0,01;-0,01;-0,02;-0,02;-0,02;-0,02;-0,02;-0,02;-0,01;-0,01;0,0;0,0
01.07.2026;03:00;03:15;0,0;0,0;0,0;0,0;-0,01;-0,01;-0,06;-0,06;-0,01;-0,01;0,0;0,0;-0,04;-0,04;0,0;0,0;-0,01;-0,01;-0,03;-0,03;0,0;0,0;-0,02;-0,02;-0,01;-0,01;-0,01;-0,01;-0,01;-0,01;-0,01;-0,01;-0,01;-0,01;-0,01;-0,01;0,0;0,0;-0,02;-0,02;0,0;0,0;-0,01;-0,01;-0,01;-0,01;-0,01;-0,01;-0,02;-0,02;-0,01;-0,01;-0,01;-0,01;0,0;0,0
01.07.2026;03:15;03:30;0,0;0,0;0,0;0,0;-0,01;-0,01;-0,06;-0,06;0,0;0,0;0,0;0,0;-0,03;-0,03;-0,02;-0,02;-0,02;-0,02;-0,02;-0,02;0,0;0,0;0,0;0,0;0,0;0,0;0,0;0,0;-0,01;-0,01;-0,01;-0,01;-0,01;-0,01;-0,01;-0,01;-0,02;-0,02;-0,03;-0,03;-0,02;-0,02;-0,01;-0,01;-0,01;-0,01;-0,01;-0,01;-0,02;-0,02;-0,01;-0,01;-0,02;-0,02;0,0;0,0
01.07.2026;03:30;03:45;0,0;0,0;-0,01;-0,01;-0,02;-0,02;-0,06;-0,06;0,0;0,0;0,0;0,0;-0,04;-0,04;0,0;0,0;-0,04;-0,04;-0,02;-0,02;-0,02;-0,02;-0,01;-0,01;0,0;0,0;-0,02;-0,02;0,0;0,0;-0,01;-0,01;0,0;0,0;-0,01;-0,01;-0,01;-0,01;-0,02;-0,02;-0,01;-0,01;-0,03;-0,03;-0,01;-0,01;-0,01;-0,01;-0,02;-0,02;0,0;0,0;-0,01;-0,01;0,0;0,0
01.07.2026;03:45;04:00;0,0;0,0;0,0;0,0;-0,01;-0,01;-0,05;-0,05;0,0;0,0;0,0;0,0;-0,04;-0,04;-0,01;-0,01;-0,04;-0,04;-0,01;-0,01;-0,02;-0,02;-0,01;-0,01;0,0;0,0;-0,01;-0,01;-0,01;-0,01;-0,01;-0,01;-0,01;-0,01;-0,01;-0,01;-0,01;-0,01;-0,02;-0,02;0,0;0,0;-0,01;-0,01;-0,01;-0,01;-0,01;-0,01;-0,02;-0,02;-0,02;-0,02;-0,01;-0,01;0,0;0,0
01.07.2026;04:00;04:15;0,0;0,0;0,0;0,0;-0,02;-0,02;-0,07;-0,07;0,0;0,0;0,0;0,0;-0,03;-0,03;-0,01;-0,01;-0,04;-0,04;-0,01;-0,01;-0,01;-0,01;0,0;0,0;0,0;0,0;0,0;0,0;-0,01;-0,01;-0,01;-0,01;-0,01;-0,01;-0,02;-0,02;-0,02;-0,02;-0,02;-0,02;-0,02;-0,02;-0,01;-0,01;-0,01;-0,01;-0,02;-0,02;-0,02;-0,02;-0,01;-0,01;-0,02;-0,02;0,0;0,0
01.07.2026;04:15;04:30;0,0;0,0;0,0;0,0;0,0;0,0;-0,06;-0,06;0,0;0,0;-0,01;-0,01;-0,04;-0,04;-0,01;-0,01;-0,03;-0,03;-0,01;-0,01;-0,02;-0,02;-0,02;-0,02;0,0;0,0;-0,02;-0,02;-0,01;-0,01;-0,01;-0,01;-0,01;-0,01;-0,04;-0,04;0,0;0,0;-0,02;-0,02;0,0;0,0;-0,01;-0,01;-0,02;-0,02;0,0;0,0;-0,02;-0,02;-0,01;-0,01;-0,01;-0,01;0,0;0,0
01.07.2026;04:30;04:45;0,0;0,0;-0,01;-0,01;0,0;0,0;-0,07;-0,07;0,0;0,0;0,0;0,0;-0,03;-0,03;-0,01;-0,01;-0,01;-0,01;-0,02;-0,02;-0,01;-0,01;0,0;0,0;0,0;0,0;-0,01;-0,01;-0,01;-0,01;-0,01;-0,01;-0,01;-0,01;-0,02;-0,02;-0,02;-0,02;-0,03;-0,03;-0,01;-0,01;-0,02;-0,02;0,0;0,0;-0,02;-0,02;-0,02;-0,02;-0,02;-0,02;-0,01;-0,01;0,0;0,0
01.07.2026;04:45;05:00;0,0;0,0;0,0;0,0;-0,02;-0,02;-0,13;-0,13;0,0;0,0;0,0;0,0;-0,03;-0,03;-0,01;-0,01;-0,03;-0,03;-0,01;-0,01;-0,02;-0,02;-0,01;-0,01;0,0;0,0;-0,01;-0,01;-0,02;-0,02;-0,01;-0,01;0,0;0,0;-0,01;-0,01;-0,01;-0,01;-0,02;-0,02;-0,01;-0,01;-0,02;-0,02;-0,02;-0,02;-0,01;-0,01;-0,03;-0,03;-0,01;-0,01;-0,02;-0,02;0,0;0,0
01.07.2026;05:00;05:15;0,0;0,0;0,0;0,0;-0,01;-0,01;-0,07;-0,07;0,0;0,0;0,0;0,0;-0,04;-0,04;0,0;0,0;-0,02;-0,02;-0,03;-0,03;-0,01;-0,01;-0,01;-0,01;0,0;0,0;-0,01;-0,01;-0,01;-0,01;-0,01;-0,01;-0,01;-0,01;-0,01;-0,01;0,0;0,0;-0,09;-0,09;-0,01;-0,01;-0,02;-0,02;-0,01;-0,01;-0,01;-0,01;-0,02;-0,02;-0,01;-0,01;-0,01;-0,01;0,0;0,0
01.07.2026;05:15;05:30;0,0;0,0;0,0;0,0;-0,02;-0,02;-0,13;-0,13;0,0;0,0;0,0;0,0;-0,03;-0,03;-0,01;-0,01;-0,05;-0,05;-0,06;-0,06;-0,01;-0,01;0,0;0,0;0,0;0,0;-0,01;-0,01;-0,11;-0,11;-0,01;-0,01;-0,01;-0,01;-0,01;-0,01;-0,02;-0,02;-0,06;-0,06;-0,01;-0,01;-0,01;-0,01;0,0;0,0;-0,01;-0,01;-0,02;-0,02;0,0;0,0;-0,03;-0,03;0,0;0,0
01.07.2026;05:30;05:45;0,0;0,0;-0,01;-0,01;0,0;0,0;-0,15;-0,15;0,0;0,0;-0,01;-0,01;-0,04;-0,04;-0,01;-0,01;-0,07;-0,07;-0,1;-0,1;-0,02;-0,02;-0,02;-0,02;0,0;0,0;-0,01;-0,01;-0,11;-0,11;-0,01;-0,01;-0,01;-0,01;-0,02;-0,02;-0,01;-0,01;-0,04;-0,04;-0,01;-0,01;-0,01;-0,01;-0,02;-0,02;-0,01;-0,01;-0,02;-0,02;-0,02;-0,02;-0,06;-0,06;0,0;0,0
01.07.2026;05:45;06:00;0,0;0,0;0,0;0,0;-0,01;-0,01;-0,12;-0,12;0,0;0,0;0,0;0,0;-0,03;-0,03;-0,01;-0,01;-0,04;-0,04;-0,12;-0,12;0,0;0,0;-0,01;-0,01;0,0;0,0;-0,01;-0,01;-0,02;-0,02;-0,01;-0,01;0,0;0,0;-0,02;-0,02;-0,01;-0,01;-0,03;-0,03;-0,01;-0,01;-0,02;-0,02;-0,01;-0,01;-0,02;-0,02;-0,02;-0,02;0,0;0,0;-0,01;-0,01;0,0;0,0
01.07.2026;06:00;06:15;0,01;0,01;0,0;0,0;-0,05;-0,05;-0,21;-0,21;0,0;0,0;0,0;0,0;-0,04;-0,04;-0,01;-0,01;-0,05;-0,05;-0,06;-0,06;0,0;0,0;-0,03;-0,03;0,0;0,0;-0,04;-0,04;-0,02;-0,02;-0,01;-0,01;-0,01;-0,01;-0,01;-0,01;-0,01;-0,01;-0,02;-0,02;-0,01;-0,01;-0,02;-0,02;-0,01;-0,01;0,0;0,0;0,0;0,0;-0,02;-0,02;-0,02;-0,02;0,0;0,0
01.07.2026;06:15;06:30;0,05;0,05;0,0;0,0;-0,05;-0,05;-0,13;-0,13;0,0;0,0;0,0;0,0;-0,04;-0,04;-0,01;-0,01;-0,03;-0,03;-0,06;-0,06;-0,01;-0,01;-0,02;-0,02;0,0;0,0;-0,01;-0,01;-0,01;-0,01;0,0;0,0;-0,01;-0,01;-0,02;-0,02;-0,01;-0,01;-0,03;-0,03;-0,01;-0,01;-0,02;-0,02;-0,01;-0,01;-0,01;-0,01;-0,01;-0,01;-0,03;-0,03;-0,01;-0,01;0,0;0,0
01.07.2026;06:30;06:45;0,06;0,06;0,0;0,0;-0,02;-0,02;-0,1;-0,1;0,0;0,0;0,0;0,0;-0,04;-0,04;0,0;0,0;-0,04;-0,04;-0,05;-0,05;-0,02;-0,02;-0,01;-0,01;0,0;0,0;-0,03;-0,03;-0,02;-0,02;-0,02;-0,02;-0,02;-0,02;0,0;0,0;-0,04;-0,04;-0,02;-0,02;-0,01;-0,01;-0,01;-0,01;-0,01;-0,01;-0,02;-0,02;0,0;0,0;-0,03;-0,03;-0,01;-0,01;0,0;0,0
01.07.2026;06:45;07:00;0,0;0,0;-0,01;-0,01;-0,01;-0,01;-0,11;-0,11;0,0;0,0;0,0;0,0;-0,08;-0,08;-0,01;-0,01;-0,03;-0,03;-0,05;-0,05;-0,01;-0,01;-0,01;-0,01;0,0;0,0;-0,02;-0,02;-0,01;-0,01;-0,01;-0,01;0,0;0,0;-0,01;-0,01;-0,02;-0,02;-0,03;-0,03;-0,03;-0,03;-0,01;-0,01;-0,02;-0,02;-0,01;-0,01;0,0;0,0;-0,01;-0,01;-0,01;-0,01;0,0;0,0
01.07.2026;07:00;07:15;0,16;0,11;0,0;0,0;-0,02;-0,02;-0,15;-0,1;0,0;0,0;-0,01;-0,01;-0,19;-0,19;-0,01;-0,01;-0,03;-0,03;-0,05;-0,05;-0,02;-0,02;-0,01;-0,01;0,0;0,0;-0,02;-0,02;0,0;0,0;0,0;0,0;0,0;0,0;-0,01;-0,01;-0,02;-0,02;-0,02;-0,02;-0,01;-0,01;-0,01;-0,01;-0,01;-0,01;-0,01;-0,01;0,0;0,0;-0,01;-0,01;-0,01;-0,01;0,0;0,0
01.07.2026;07:15;07:30;0,77;0,21;0,0;0,0;-0,04;0,0;-0,2;-0,05;0,0;0,0;0,0;0,0;-0,04;0,0;-0,01;0,0;-0,01;0,0;-0,04;0,0;-0,01;0,0;-0,01;0,0;0,0;0,0;-0,05;-0,01;-0,01;0,0;-0,02;0,0;-0,01;0,0;-0,01;0,0;-0,04;0,0;-0,02;0,0;-0,01;0,0;-0,03;0,0;-0,01;0,0;-0,01;0,0;-0,01;0,0;-0,01;0,0;-0,02;0,0;0,0;0,0
01.07.2026;07:30;07:45;0,72;0,24;0,0;0,0;-0,02;0,0;-0,11;0,0;0,0;0,0;0,0;0,0;-0,05;-0,01;-0,01;0,0;-0,02;0,0;-0,01;0,0;-0,02;0,0;0,0;0,0;0,0;0,0;-0,02;0,0;-0,01;0,0;-0,12;-0,08;-0,02;0,0;-0,01;0,0;-0,02;0,0;-0,02;0,0;-0,01;0,0;-0,01;0,0;-0,01;0,0;-0,01;0,0;-0,02;0,0;-0,01;0,0;-0,04;0,0;0,0;0,0
01.07.2026;07:45;08:00;0,56;0,19;-0,01;0,0;-0,01;0,0;-0,09;0,0;0,0;0,0;0,0;0,0;-0,1;-0,08;-0,01;0,0;-0,02;0,0;0,0;0,0;-0,01;0,0;-0,01;0,0;0,0;0,0;-0,01;0,0;-0,01;0,0;-0,06;-0,04;0,0;0,0;-0,03;-0,01;-0,03;-0,01;-0,02;0,0;-0,01;0,0;-0,01;0,0;-0,02;0,0;-0,02;0,0;-0,01;0,0;-0,01;0,0;-0,01;0,0;0,0;0,0
01.07.2026;08:00;08:15;0,59;0,19;0,0;0,0;-0,02;0,0;-0,11;-0,01;-0,01;0,0;0,0;0,0;-0,06;-0,04;0,0;0,0;-0,03;-0,01;-0,01;0,0;-0,02;0,0;-0,01;0,0;-0,01;0,0;-0,01;0,0;-0,01;0,0;-0,27;-0,25;-0,01;0,0;-0,01;0,0;-0,03;-0,01;-0,02;0,0;-0,01;0,0;-0,01;0,0;-0,01;0,0;0,0;0,0;-0,01;0,0;-0,02;0,0;-0,02;0,0;0,0;0,0
01.07.2026;08:15;08:30;0,83;0,4;0,0;0,0;-0,01;0,0;-0,1;0,0;0,0;0,0;0,0;0,0;-0,07;-0,01;-0,01;0,0;-0,01;0,0;-0,01;0,0;-0,01;0,0;-0,01;0,0;0,0;0,0;-0,01;0,0;-0,02;0,0;-0,39;-0,33;0,0;0,0;-0,01;0,0;-0,02;0,0;-0,02;0,0;-0,01;0,0;-0,02;0,0;-0,01;0,0;-0,01;0,0;-0,01;0,0;-0,01;0,0;0,0;0,0;0,0;0,0
01.07.2026;08:30;08:45;0,55;0,13;0,0;0,0;-0,02;0,0;-0,15;-0,06;0,0;0,0;-0,01;0,0;-0,13;-0,11;-0,01;0,0;-0,02;0,0;-0,02;0,0;-0,01;0,0;-0,01;0,0;0,0;0,0;-0,05;-0,03;-0,01;0,0;-0,06;-0,04;-0,02;0,0;0,0;0,0;-0,04;-0,02;-0,09;-0,07;-0,01;0,0;-0,02;0,0;-0,01;0,0;-0,02;0,0;-0,01;0,0;-0,01;0,0;-0,02;0,0;0,0;0,0
01.07.2026;08:45;09:00;0,75;0,27;0,0;0,0;-0,02;0,0;-0,07;0,0;0,0;0,0;0,0;0,0;-0,04;0,0;-0,01;0,0;-0,03;0,0;-0,02;0,0;-0,01;0,0;-0,01;0,0;0,0;0,0;-0,02;0,0;-0,01;0,0;-0,33;-0,29;-0,01;0,0;-0,01;0,0;-0,02;0,0;-0,02;0,0;-0,01;0,0;-0,02;0,0;-0,04;0,0;-0,01;0,0;-0,02;0,0;0,0;0,0;-0,22;-0,18;0,0;0,0
01.07.2026;09:00;09:15;0,73;0,24;-0,01;0,0;-0,02;0,0;-0,1;0,0;0,0;0,0;0,0;0,0;-0,05;-0,01;-0,01;0,0;-0,02;0,0;-0,01;0,0;0,0;0,0;0,0;0,0;0,0;0,0;-0,01;0,0;0,0;0,0;-0,06;-0,02;0,0;0,0;-0,02;0,0;-0,04;0,0;-0,03;0,0;-0,01;0,0;-0,01;0,0;-0,04;0,0;-0,01;0,0;-0,01;0,0;-0,02;0,0;-0,29;-0,25;0,0;0,0
01.07.2026;09:15;09:30;1,13;0,55;0,0;0,0;0,0;0,0;-0,07;0,0;0,0;0,0;0,0;0,0;-0,05;0,0;-0,01;0,0;-0,02;0,0;-0,02;0,0;0,0;0,0;-0,01;0,0;0,0;0,0;-0,02;0,0;-0,01;0,0;-0,04;0,0;-0,01;0,0;-0,01;0,0;-0,14;-0,04;-0,02;0,0;-0,01;0,0;-0,01;0,0;-0,05;0,0;-0,01;0,0;-0,01;0,0;0,0;0,0;-0,22;-0,12;0,0;0,0
01.07.2026;09:30;09:45;1,49;0,79;0,0;0,0;-0,01;0,0;-0,14;0,0;0,0;0,0;0,0;0,0;-0,04;0,0;0,0;0,0;-0,03;0,0;-0,01;0,0;-0,02;0,0;-0,01;0,0;0,0;0,0;-0,03;0,0;-0,01;0,0;-0,01;0,0;-0,01;0,0;-0,01;0,0;-0,03;0,0;-0,07;0,0;-0,01;0,0;-0,02;0,0;-0,04;0,0;-0,02;0,0;-0,01;0,0;-0,02;0,0;-0,2;-0,05;0,0;0,0
01.07.2026;09:45;10:00;0,61;0,2;0,0;0,0;0,0;0,0;-0,13;-0,01;0,0;0,0;0,0;0,0;-0,04;-0,02;-0,01;0,0;-0,05;-0,03;-0,02;0,0;-0,02;0,0;0,0;0,0;0,0;0,0;-0,02;0,0;-0,01;0,0;-0,01;0,0;-0,01;0,0;-0,01;0,0;-0,03;-0,01;-0,05;-0,03;-0,01;0,0;-0,02;0,0;-0,04;-0,02;0,0;0,0;-0,01;0,0;-0,02;0,0;-0,2;-0,18;0,0;0,0
01.07.2026;10:00;10:15;0,08;0,08;-0,01;-0,01;-0,01;-0,01;-0,12;-0,12;0,0;0,0;-0,01;-0,01;-0,04;-0,04;-0,02;-0,02;-0,01;-0,01;0,0;0,0;-0,02;-0,02;-0,02;-0,02;0,0;0,0;0,0;0,0;-0,01;-0,01;-0,01;-0,01;-0,01;-0,01;-0,01;-0,01;-0,02;-0,02;-0,03;-0,03;-0,01;-0,01;-0,02;-0,02;-0,05;-0,05;-0,01;-0,01;-0,02;-0,02;-0,01;-0,01;-0,21;-0,21;0,0;0,0
01.07.2026;10:15;10:30;0,41;0,17;0,0;0,0;-0,02;-0,01;-0,12;-0,05;0,0;0,0;0,0;0,0;-0,05;-0,04;0,0;0,0;-0,03;-0,02;-0,01;0,0;-0,01;0,0;0,0;0,0;0,0;0,0;-0,03;-0,02;-0,01;0,0;-0,01;0,0;0,0;0,0;0,0;0,0;-0,03;-0,02;-0,02;-0,01;-0,01;0,0;-0,01;0,0;-0,06;-0,05;-0,02;-0,01;-0,01;0,0;-0,01;0,0;-0,2;-0,19;0,0;0,0
01.07.2026;10:30;10:45;0,83;0,28;0,0;0,0;-0,01;0,0;-0,13;0,0;0,0;0,0;0,0;0,0;-0,1;-0,04;-0,01;0,0;-0,02;0,0;0,0;0,0;-0,02;0,0;-0,01;0,0;0,0;0,0;-0,02;0,0;-0,01;0,0;-0,01;0,0;-0,01;0,0;-0,02;0,0;-0,02;0,0;-0,16;-0,1;-0,01;0,0;0,0;0,0;-0,04;0,0;-0,01;0,0;-0,02;0,0;0,0;0,0;-0,21;-0,15;0,0;0,0
01.07.2026;10:45;11:00;0,0;0,0;0,0;0,0;-0,02;-0,02;-0,17;-0,17;0,0;0,0;0,0;0,0;-0,58;-0,58;-0,01;-0,01;-0,03;-0,03;0,0;0,0;-0,01;-0,01;-0,01;-0,01;0,0;0,0;0,0;0,0;-0,01;-0,01;-0,01;-0,01;-0,01;-0,01;-0,01;-0,01;-0,03;-0,03;-0,28;-0,28;-0,01;-0,01;-0,02;-0,02;-0,05;-0,05;-0,01;-0,01;-0,01;-0,01;-0,02;-0,02;-0,2;-0,2;0,0;0,0
01.07.2026;11:00;11:15;0,02;0,02;0,0;0,0;-0,02;-0,02;-0,07;-0,07;0,0;0,0;0,0;0,0;-0,45;-0,45;-0,01;-0,01;-0,02;-0,02;-0,01;-0,01;-0,01;-0,01;-0,01;-0,01;0,0;0,0;-0,02;-0,02;-0,01;-0,01;-0,01;-0,01;-0,01;-0,01;-0,01;-0,01;-0,03;-0,03;-0,28;-0,28;-0,01;-0,01;-0,03;-0,03;-0,04;-0,04;-0,01;-0,01;-0,01;-0,01;0,0;0,0;-0,17;-0,17;0,0;0,0
01.07.2026;11:15;11:30;1,58;0,81;-0,01;0,0;-0,02;0,0;-0,07;0,0;0,0;0,0;-0,01;0,0;-0,07;0,0;0,0;0,0;-0,02;0,0;-0,01;0,0;-0,02;0,0;-0,01;0,0;0,0;0,0;-0,02;0,0;-0,01;0,0;-0,01;0,0;0,0;0,0;-0,02;0,0;-0,02;0,0;-0,26;-0,09;-0,01;0,0;-0,01;0,0;-0,04;0,0;-0,01;0,0;-0,02;0,0;-0,02;0,0;-0,3;-0,13;0,0;0,0
01.07.2026;11:30;11:45;1,27;0,57;0,0;0,0;-0,02;0,0;-0,09;0,0;0,0;0,0;0,0;0,0;-0,08;0,0;-0,02;0,0;-0,02;0,0;-0,02;0,0;-0,01;0,0;0,0;0,0;0,0;0,0;-0,01;0,0;-0,02;0,0;-0,01;0,0;-0,01;0,0;0,0;0,0;-0,03;0,0;-0,48;-0,36;-0,01;0,0;-0,01;0,0;-0,06;0,0;-0,02;0,0;-0,01;0,0;-0,01;0,0;-0,26;-0,14;0,0;0,0
01.07.2026;11:45;12:00;3,07;1,91;0,0;0,0;-0,07;0,0;-0,08;0,0;0,0;0,0;0,0;0,0;-0,18;0,0;0,0;0,0;-0,02;0,0;-0,01;0,0;0,0;0,0;-0,01;0,0;0,0;0,0;-0,01;0,0;-0,01;0,0;-0,01;0,0;-0,01;0,0;0,0;0,0;-0,03;0,0;-0,32;0,0;-0,01;0,0;-0,01;0,0;-0,07;0,0;0,0;0,0;-0,02;0,0;-0,02;0,0;-0,27;0,0;0,0;0,0
01.07.2026;12:00;12:15;3,21;2,24;0,0;0,0;-0,05;0,0;-0,09;0,0;0,0;0,0;0,0;0,0;-0,1;0,0;-0,01;0,0;-0,02;0,0;-0,02;0,0;0,0;0,0;-0,01;0,0;0,0;0,0;-0,01;0,0;-0,01;0,0;-0,01;0,0;-0,01;0,0;-0,02;0,0;-0,05;0,0;-0,16;0,0;-0,01;0,0;-0,02;0,0;-0,1;0,0;-0,01;0,0;-0,01;0,0;0,0;0,0;-0,25;0,0;0,0;0,0
01.07.2026;12:15;12:30;1,86;1,2;-0,01;0,0;-0,01;0,0;-0,07;0,0;0,0;0,0;0,0;0,0;-0,17;0,0;-0,01;0,0;-0,02;0,0;-0,02;0,0;-0,01;0,0;-0,01;0,0;0,0;0,0;-0,02;0,0;-0,01;0,0;-0,01;0,0;-0,01;0,0;-0,01;0,0;-0,04;0,0;-0,09;0,0;-0,01;0,0;-0,02;0,0;-0,06;0,0;-0,02;0,0;-0,01;0,0;-0,01;0,0;-0,01;0,0;0,0;0,0
01.07.2026;12:30;12:45;1,35;0,74;0,0;0,0;-0,02;0,0;-0,08;0,0;0,0;0,0;0,0;0,0;-0,13;0,0;-0,05;0,0;-0,02;0,0;-0,01;0,0;-0,02;0,0;-0,01;0,0;0,0;0,0;-0,01;0,0;-0,01;0,0;-0,01;0,0;0,0;0,0;-0,01;0,0;-0,02;0,0;-0,06;0,0;-0,01;0,0;-0,02;0,0;-0,05;0,0;-0,01;0,0;-0,02;0,0;-0,01;0,0;-0,03;0,0;0,0;0,0
01.07.2026;12:45;13:00;1,57;0,81;0,0;0,0;-0,02;0,0;-0,08;0,0;0,0;0,0;-0,01;0,0;-0,23;-0,06;-0,05;0,0;-0,02;0,0;-0,02;0,0;-0,02;0,0;0,0;0,0;0,0;0,0;0,0;0,0;0,0;0,0;-0,01;0,0;-0,01;0,0;-0,02;0,0;-0,03;0,0;-0,05;0,0;0,0;0,0;-0,01;0,0;-0,04;0,0;-0,01;0,0;-0,01;0,0;-0,01;0,0;-0,19;-0,02;0,0;0,0
01.07.2026;13:00;13:15;1,23;0,58;0,0;0,0;-0,02;0,0;-0,07;0,0;-0,01;0,0;0,0;0,0;-0,08;0,0;-0,02;0,0;-0,02;0,0;-0,03;0,0;-0,01;0,0;-0,01;0,0;-0,01;0,0;-0,02;0,0;-0,01;0,0;-0,01;0,0;-0,02;0,0;0,0;0,0;-0,03;0,0;-0,06;0,0;-0,01;0,0;-0,01;0,0;-0,04;0,0;-0,01;0,0;-0,02;0,0;-0,01;0,0;-0,36;-0,24;0,0;0,0
01.07.2026;13:15;13:30;1,03;0,46;0,0;0,0;-0,05;0,0;-0,09;0,0;0,0;0,0;0,0;0,0;-0,07;0,0;-0,02;0,0;-0,02;0,0;-0,01;0,0;-0,02;0,0;-0,01;0,0;0,0;0,0;-0,01;0,0;-0,01;0,0;-0,01;0,0;-0,19;-0,12;0,0;0,0;-0,02;0,0;-0,03;0,0;-0,01;0,0;-0,01;0,0;-0,04;0,0;-0,02;0,0;0,0;0,0;-0,02;0,0;-0,03;0,0;0,0;0,0
01.07.2026;13:30;13:45;0,5;0,24;-0,01;0,0;-0,03;-0,02;-0,07;0,0;0,0;0,0;0,0;0,0;-0,07;-0,06;-0,02;-0,01;-0,03;-0,02;0,0;0,0;-0,01;0,0;-0,01;0,0;0,0;0,0;-0,01;0,0;-0,01;0,0;-0,01;0,0;-0,05;-0,04;-0,02;-0,01;-0,04;-0,03;-0,02;-0,01;-0,01;0,0;-0,03;-0,02;-0,04;-0,03;0,0;0,0;0,0;0,0;-0,01;0,0;-0,03;-0,02;0,0;0,0
01.07.2026;13:45;14:00;0,4;0,13;0,0;0,0;-0,03;-0,02;-0,13;-0,06;0,0;0,0;0,0;0,0;-0,06;-0,05;-0,02;-0,01;-0,01;0,0;-0,01;0,0;-0,02;-0,01;-0,01;0,0;0,0;0,0;-0,01;0,0;-0,01;0,0;-0,01;0,0;-0,03;-0,02;-0,01;0,0;-0,02;-0,01;-0,03;-0,02;-0,01;0,0;-0,02;-0,01;-0,03;-0,02;-0,01;0,0;0,0;0,0;-0,01;0,0;-0,08;-0,07;0,0;0,0
01.07.2026;14:00;14:15;0,31;0,11;0,0;0,0;-0,01;0,0;-0,19;-0,15;0,0;0,0;0,0;0,0;-0,05;-0,04;0,0;0,0;-0,02;-0,01;0,0;0,0;-0,01;0,0;0,0;0,0;0,0;0,0;-0,02;-0,01;-0,01;0,0;-0,01;0,0;-0,06;-0,05;-0,01;0,0;-0,02;-0,01;-0,02;-0,01;-0,01;0,0;0,0;0,0;-0,03;-0,02;-0,02;-0,01;-0,02;-0,01;0,0;0,0;-0,54;-0,53;0,0;0,0
01.07.2026;14:15;14:30;0,3;0,07;0,0;0,0;-0,01;0,0;-0,07;-0,05;0,0;0,0;-0,01;0,0;-0,06;-0,05;-0,01;0,0;-0,03;-0,02;-0,01;0,0;-0,01;0,0;-0,01;0,0;0,0;0,0;0,0;0,0;-0,01;0,0;-0,01;0,0;-0,08;-0,07;-0,02;-0,01;-0,04;-0,03;-0,02;-0,01;-0,01;0,0;-0,01;0,0;-0,02;-0,01;-0,01;0,0;-0,01;0,0;-0,02;-0,01;-0,21;-0,2;0,0;0,0
01.07.2026;14:30;14:45;0,3;0,08;-0,01;0,0;-0,01;0,0;-0,08;-0,06;0,0;0,0;0,0;0,0;-0,06;-0,05;-0,02;-0,01;-0,01;0,0;-0,11;-0,1;-0,02;-0,01;-0,01;0,0;0,0;0,0;-0,01;0,0;-0,01;0,0;-0,01;0,0;-0,03;-0,02;0,0;0,0;-0,02;-0,01;-0,02;-0,01;-0,02;-0,01;-0,02;-0,01;-0,03;-0,02;-0,01;0,0;-0,01;0,0;0,0;0,0;-0,21;-0,2;0,0;0,0
01.07.2026;14:45;15:00;0,06;0,06;0,0;0,0;-0,11;-0,11;-0,08;-0,08;0,0;0,0;0,0;0,0;-0,06;-0,06;0,0;0,0;-0,02;-0,02;-0,32;-0,32;0,0;0,0;-0,01;-0,01;0,0;0,0;-0,02;-0,02;-0,01;-0,01;-0,01;-0,01;-0,03;-0,03;0,0;0,0;-0,05;-0,05;-0,02;-0,02;0,0;0,0;-0,02;-0,02;-0,03;-0,03;-0,01;-0,01;-0,01;-0,01;-0,02;-0,02;-0,16;-0,16;0,0;0,0
01.07.2026;15:00;15:15;0,0;0,0;0,0;0,0;-0,24;-0,24;-0,07;-0,07;0,0;0,0;0,0;0,0;-0,05;-0,05;-0,01;-0,01;-0,02;-0,02;-0,33;-0,33;0,0;0,0;-0,01;-0,01;0,0;0,0;-0,05;-0,05;-0,01;-0,01;-0,02;-0,02;-0,03;-0,03;-0,02;-0,02;-0,03;-0,03;-0,02;-0,02;-0,01;-0,01;-0,02;-0,02;-0,02;-0,02;-0,01;-0,01;-0,11;-0,11;-0,01;-0,01;-0,2;-0,2;0,0;0,0
01.07.2026;15:15;15:30;0,72;0,25;0,0;0,0;-0,04;-0,01;-0,1;0,0;0,0;0,0;0,0;0,0;-0,06;-0,03;-0,01;0,0;-0,02;0,0;-0,32;-0,29;-0,01;0,0;0,0;0,0;0,0;0,0;-0,29;-0,26;0,0;0,0;0,0;0,0;-0,02;0,0;-0,01;0,0;-0,03;0,0;-0,02;0,0;-0,01;0,0;-0,01;0,0;-0,02;0,0;-0,02;0,0;-0,12;-0,09;-0,02;0,0;-0,02;0,0;0,0;0,0
01.07.2026;15:30;15:45;1,13;0,35;0,0;0,0;-0,03;0,0;-0,19;0,0;0,0;0,0;-0,01;0,0;-0,05;0,0;-0,01;0,0;-0,03;0,0;-0,32;-0,24;-0,02;0,0;-0,01;0,0;0,0;0,0;-0,05;0,0;-0,21;-0,13;-0,02;0,0;-0,02;0,0;-0,01;0,0;-0,03;0,0;-0,02;0,0;-0,06;0,0;-0,01;0,0;-0,02;0,0;0,0;0,0;-0,02;0,0;0,0;0,0;-0,01;0,0;0,0;0,0
01.07.2026;15:45;16:00;0,76;0,28;-0,01;0,0;-0,02;0,0;-0,07;0,0;0,0;0,0;0,0;0,0;-0,05;-0,02;-0,01;0,0;-0,01;0,0;-0,31;-0,28;-0,01;0,0;-0,01;0,0;0,0;0,0;-0,04;-0,01;-0,17;-0,14;0,0;0,0;-0,02;0,0;-0,02;0,0;-0,02;0,0;-0,02;0,0;-0,07;-0,04;-0,03;0,0;-0,02;0,0;-0,02;0,0;-0,01;0,0;-0,01;0,0;-0,02;0,0;0,0;0,0
01.07.2026;16:00;16:15;0,51;0,2;0,0;0,0;-0,01;0,0;-0,13;-0,02;0,0;0,0;0,0;0,0;-0,06;-0,05;-0,01;0,0;-0,02;-0,01;-0,3;-0,29;-0,02;-0,01;-0,01;0,0;0,0;0,0;-0,03;-0,02;-0,2;-0,19;-0,01;0,0;-0,03;-0,02;0,0;0,0;-0,03;-0,02;-0,02;-0,01;-0,01;0,0;-0,02;-0,01;-0,03;-0,02;-0,01;0,0;-0,01;0,0;-0,01;0,0;-0,02;-0,01;0,0;0,0
01.07.2026;16:15;16:30;1,27;0,49;0,0;0,0;-0,02;0,0;-0,08;0,0;0,0;0,0;0,0;0,0;-0,05;0,0;-0,01;0,0;-0,03;0,0;-0,29;-0,19;-0,01;0,0;-0,02;0,0;0,0;0,0;-0,04;0,0;-0,11;-0,01;-0,02;0,0;-0,03;0,0;0,0;0,0;-0,02;0,0;-0,02;0,0;-0,17;-0,07;-0,01;0,0;-0,02;0,0;-0,01;0,0;-0,01;0,0;-0,01;0,0;-0,07;0,0;0,0;0,0
01.07.2026;16:30;16:45;1,34;0,49;0,0;0,0;-0,02;0,0;-0,09;0,0;0,0;0,0;0,0;0,0;-0,06;0,0;-0,01;0,0;-0,01;0,0;-0,24;-0,13;-0,02;0,0;-0,02;0,0;0,0;0,0;-0,07;0,0;-0,32;-0,21;0,0;0,0;-0,11;0,0;-0,02;0,0;-0,03;0,0;-0,03;0,0;-0,04;0,0;-0,01;0,0;-0,02;0,0;-0,01;0,0;-0,01;0,0;-0,03;0,0;-0,02;0,0;0,0;0,0
01.07.2026;16:45;17:00;0,71;0,27;-0,01;0,0;-0,02;0,0;-0,07;0,0;0,0;0,0;0,0;0,0;-0,05;-0,03;-0,01;0,0;-0,02;0,0;-0,25;-0,23;-0,01;0,0;-0,03;-0,01;0,0;0,0;-0,02;0,0;-0,04;-0,02;-0,02;0,0;-0,46;-0,44;-0,03;-0,01;-0,03;-0,01;-0,02;0,0;-0,01;0,0;-0,01;0,0;-0,03;-0,01;-0,01;0,0;-0,02;0,0;-0,04;-0,02;-0,01;0,0;0,0;0,0
01.07.2026;17:00;17:15;0,71;0,26;0,0;0,0;-0,08;-0,06;-0,08;0,0;0,0;0,0;-0,01;0,0;-0,08;-0,06;0,0;0,0;-0,03;-0,01;-0,21;-0,19;-0,02;0,0;-0,02;0,0;0,0;0,0;-0,02;0,0;-0,04;-0,02;-0,01;0,0;-0,22;-0,2;-0,01;0,0;-0,03;-0,01;-0,02;0,0;-0,03;-0,01;-0,02;0,0;-0,02;0,0;-0,02;0,0;-0,01;0,0;-0,03;-0,01;-0,01;0,0;0,0;0,0
01.07.2026;17:15;17:30;0,57;0,13;0,0;0,0;-0,01;0,0;-0,09;0,0;0,0;0,0;0,0;0,0;-0,06;-0,04;-0,02;0,0;-0,01;0,0;-0,21;-0,19;-0,01;0,0;-0,07;-0,05;0,0;0,0;-0,04;-0,02;-0,03;-0,01;0,0;0,0;-0,11;-0,09;-0,02;0,0;-0,03;-0,01;-0,02;0,0;-0,04;-0,02;-0,02;0,0;-0,04;-0,02;0,0;0,0;-0,02;0,0;-0,02;0,0;-0,04;-0,02;0,0;0,0
01.07.2026;17:30;17:45;0,67;0,23;0,0;0,0;-0,02;0,0;-0,09;0,0;0,0;0,0;0,0;0,0;-0,12;-0,1;0,0;0,0;-0,03;-0,01;-0,15;-0,13;-0,01;0,0;-0,03;-0,01;0,0;0,0;-0,03;-0,01;-0,02;0,0;-0,02;0,0;-0,03;-0,01;-0,01;0,0;-0,01;0,0;-0,02;0,0;-0,07;-0,05;-0,02;0,0;-0,04;-0,02;-0,01;0,0;-0,01;0,0;-0,02;0,0;-0,04;-0,02;0,0;0,0
01.07.2026;17:45;18:00;0,54;0,11;-0,01;0,0;-0,02;0,0;-0,09;-0,03;0,0;0,0;0,0;0,0;-0,05;-0,03;-0,01;0,0;-0,02;0,0;-0,2;-0,18;-0,01;0,0;-0,03;-0,01;0,0;0,0;-0,02;0,0;-0,03;-0,01;-0,04;-0,02;-0,03;-0,01;0,0;0,0;-0,01;0,0;-0,02;0,0;-0,11;-0,09;-0,01;0,0;-0,05;-0,03;-0,02;0,0;-0,02;0,0;-0,46;-0,44;-0,02;0,0;0,0;0,0
01.07.2026;18:00;18:15;0,23;0,17;0,0;0,0;-0,01;-0,01;-0,28;-0,22;-0,01;-0,01;0,0;0,0;-0,06;-0,06;-0,01;-0,01;-0,01;-0,01;-0,41;-0,41;0,0;0,0;-0,03;-0,03;-0,01;-0,01;-0,02;-0,02;-0,04;-0,04;-0,03;-0,03;-0,02;-0,02;-0,01;-0,01;-0,02;-0,02;-0,02;-0,02;-0,04;-0,04;-0,01;-0,01;-0,06;-0,06;-0,01;-0,01;-0,01;-0,01;-0,48;-0,48;-0,02;-0,02;0,0;0,0
01.07.2026;18:15;18:30;0,48;0,19;0,0;0,0;-0,02;-0,01;-0,25;-0,16;0,0;0,0;0,0;0,0;-0,06;-0,05;-0,01;0,0;-0,03;-0,02;-0,21;-0,2;-0,01;0,0;-0,03;-0,02;0,0;0,0;-0,05;-0,04;-0,03;-0,02;-0,04;-0,03;-0,05;-0,04;-0,01;0,0;0,0;0,0;-0,02;-0,01;-0,04;-0,03;-0,01;0,0;-0,07;-0,06;-0,01;0,0;-0,01;0,0;-0,2;-0,19;-0,15;-0,14;0,0;0,0
01.07.2026;18:30;18:45;0,55;0,11;0,0;0,0;-0,02;0,0;-0,22;-0,16;0,0;0,0;-0,01;0,0;-0,06;-0,04;-0,01;0,0;-0,02;0,0;-0,18;-0,16;-0,01;0,0;-0,02;0,0;0,0;0,0;-0,04;-0,02;-0,03;-0,01;-0,05;-0,03;-0,01;0,0;-0,02;0,0;-0,01;0,0;-0,03;-0,01;-0,07;-0,05;-0,03;-0,01;-0,1;-0,08;-0,01;0,0;-0,02;0,0;-0,03;-0,01;-0,05;-0,03;0,0;0,0
01.07.2026;18:45;19:00;0,0;0,0;0,0;0,0;-0,03;-0,03;-0,08;-0,08;0,0;0,0;0,0;0,0;-0,06;-0,06;-0,01;-0,01;-0,02;-0,02;-0,21;-0,21;-0,02;-0,02;-0,02;-0,02;0,0;0,0;-0,01;-0,01;-0,03;-0,03;-0,06;-0,06;-0,12;-0,12;-0,03;-0,03;-0,02;-0,02;-0,16;-0,16;-0,14;-0,14;-0,02;-0,02;-0,09;-0,09;-0,02;-0,02;-0,01;-0,01;-0,03;-0,03;-0,03;-0,03;0,0;0,0
01.07.2026;19:00;19:15;0,0;0,0;-0,01;-0,01;-0,02;-0,02;-0,12;-0,12;0,0;0,0;0,0;0,0;-0,06;-0,06;-0,01;-0,01;-0,02;-0,02;-0,17;-0,17;-0,02;-0,02;-0,02;-0,02;0,0;0,0;-0,02;-0,02;-0,03;-0,03;-0,04;-0,04;-0,13;-0,13;-0,08;-0,08;-0,02;-0,02;-0,42;-0,42;-0,15;-0,15;0,0;0,0;-0,09;-0,09;-0,01;-0,01;-0,02;-0,02;-0,03;-0,03;-0,03;-0,03;0,0;0,0
01.07.2026;19:15;19:30;0,15;0,11;0,0;0,0;-0,02;-0,02;-0,06;-0,02;0,0;0,0;0,0;0,0;-0,05;-0,05;0,0;0,0;-0,01;-0,01;-0,14;-0,14;-0,01;-0,01;-0,03;-0,03;0,0;0,0;-0,03;-0,03;-0,03;-0,03;-0,51;-0,51;-0,14;-0,14;-0,1;-0,1;-0,04;-0,04;-0,25;-0,25;-0,11;-0,11;-0,01;-0,01;-0,05;-0,05;0,0;0,0;-0,01;-0,01;-0,03;-0,03;-0,03;-0,03;0,0;0,0
01.07.2026;19:30;19:45;0,3;0,07;0,0;0,0;-0,02;-0,01;-0,11;-0,09;0,0;0,0;0,0;0,0;-0,06;-0,05;-0,01;0,0;-0,03;-0,02;-0,17;-0,16;-0,02;-0,01;-0,02;-0,01;0,0;0,0;-0,03;-0,02;-0,03;-0,02;-0,07;-0,06;-0,15;-0,14;-0,06;-0,05;-0,02;-0,01;-0,25;-0,24;-0,09;-0,08;-0,02;-0,01;-0,04;-0,03;-0,02;-0,01;-0,01;0,0;-0,03;-0,02;-0,03;-0,02;0,0;0,0
01.07.2026;19:45;20:00;0,12;0,11;0,0;0,0;-0,04;-0,04;-0,09;-0,08;0,0;0,0;0,0;0,0;-0,05;-0,05;-0,01;-0,01;-0,02;-0,02;-0,18;-0,18;-0,01;-0,01;-0,03;-0,03;0,0;0,0;-0,02;-0,02;-0,04;-0,04;-0,04;-0,04;-0,11;-0,11;-0,05;-0,05;-0,03;-0,03;-0,26;-0,26;-0,04;-0,04;-0,02;-0,02;-0,05;-0,05;-0,01;-0,01;-0,02;-0,02;-0,02;-0,02;-0,05;-0,05;0,0;0,0
01.07.2026;20:00;20:15;0,1;0,1;-0,01;-0,01;-0,02;-0,02;-0,09;-0,09;0,0;0,0;-0,01;-0,01;-0,06;-0,06;-0,01;-0,01;-0,01;-0,01;-0,17;-0,17;-0,01;-0,01;-0,06;-0,06;0,0;0,0;-0,04;-0,04;-0,03;-0,03;-0,03;-0,03;-0,03;-0,03;-0,03;-0,03;-0,03;-0,03;-0,02;-0,02;-0,02;-0,02;-0,02;-0,02;-0,05;-0,05;-0,01;-0,01;0,0;0,0;-0,03;-0,03;-0,05;-0,05;0,0;0,0
01.07.2026;20:15;20:30;0,03;0,03;0,0;0,0;-0,28;-0,28;-0,1;-0,1;0,0;0,0;0,0;0,0;-0,06;-0,06;-0,01;-0,01;-0,03;-0,03;-0,12;-0,12;-0,02;-0,02;-0,02;-0,02;0,0;0,0;-0,03;-0,03;-0,05;-0,05;-0,03;-0,03;-0,02;-0,02;-0,09;-0,09;-0,02;-0,02;-0,02;-0,02;-0,03;-0,03;-0,01;-0,01;-0,04;-0,04;-0,01;-0,01;0,0;0,0;-0,01;-0,01;-0,06;-0,06;0,0;0,0
01.07.2026;20:30;20:45;0,02;0,02;0,0;0,0;-0,3;-0,3;-0,09;-0,09;0,0;0,0;0,0;0,0;-0,05;-0,05;-0,01;-0,01;-0,02;-0,02;-0,02;-0,02;-0,01;-0,01;-0,01;-0,01;0,0;0,0;-0,02;-0,02;-0,04;-0,04;-0,02;-0,02;-0,11;-0,11;-0,14;-0,14;-0,04;-0,04;-0,03;-0,03;-0,18;-0,18;-0,02;-0,02;-0,05;-0,05;-0,01;-0,01;0,0;0,0;-0,01;-0,01;-0,06;-0,06;0,0;0,0
01.07.2026;20:45;21:00;0,01;0,01;0,0;0,0;-0,23;-0,23;-0,1;-0,1;0,0;0,0;0,0;0,0;-0,06;-0,06;0,0;0,0;-0,02;-0,02;-0,02;-0,02;0,0;0,0;-0,02;-0,02;0,0;0,0;-0,06;-0,06;-0,04;-0,04;-0,03;-0,03;-0,05;-0,05;-0,09;-0,09;-0,02;-0,02;-0,02;-0,02;-0,02;-0,02;-0,05;-0,05;-0,04;-0,04;-0,02;-0,02;0,0;0,0;-0,04;-0,04;-0,04;-0,04;0,0;0,0
01.07.2026;21:00;21:15;0,01;0,01;0,0;0,0;-0,27;-0,27;-0,07;-0,07;0,0;0,0;0,0;0,0;-0,06;-0,06;-0,01;-0,01;-0,02;-0,02;-0,02;-0,02;0,0;0,0;-0,01;-0,01;0,0;0,0;-0,04;-0,04;-0,03;-0,03;-0,02;-0,02;-0,03;-0,03;-0,07;-0,07;-0,02;-0,02;-0,02;-0,02;-0,02;-0,02;-0,04;-0,04;-0,04;-0,04;0,0;0,0;-0,02;-0,02;-0,04;-0,04;-0,04;-0,04;0,0;0,0
01.07.2026;21:15;21:30;0,0;0,0;-0,01;-0,01;-0,11;-0,11;-0,12;-0,12;0,0;0,0;-0,01;-0,01;-0,06;-0,06;-0,01;-0,01;-0,01;-0,01;-0,01;-0,01;-0,01;-0,01;0,0;0,0;0,0;0,0;-0,02;-0,02;-0,12;-0,12;-0,02;-0,02;-0,01;-0,01;-0,08;-0,08;-0,04;-0,04;-0,03;-0,03;-0,01;-0,01;-0,05;-0,05;-0,05;-0,05;-0,01;-0,01;-0,02;-0,02;-0,03;-0,03;-0,04;-0,04;0,0;0,0
01.07.2026;21:30;21:45;0,0;0,0;0,0;0,0;-0,03;-0,03;-0,1;-0,1;0,0;0,0;0,0;0,0;-0,07;-0,07;-0,01;-0,01;-0,03;-0,03;-0,03;-0,03;-0,02;-0,02;-0,01;-0,01;0,0;0,0;-0,03;-0,03;-0,05;-0,05;-0,01;-0,01;-0,02;-0,02;-0,45;-0,45;-0,02;-0,02;-0,04;-0,04;-0,02;-0,02;-0,03;-0,03;-0,03;-0,03;-0,02;-0,02;-0,02;-0,02;-0,04;-0,04;-0,03;-0,03;0,0;0,0
01.07.2026;21:45;22:00;0,0;0,0;0,0;0,0;-0,02;-0,02;-0,13;-0,13;0,0;0,0;0,0;0,0;-0,06;-0,06;-0,01;-0,01;-0,02;-0,02;-0,01;-0,01;-0,02;-0,02;-0,01;-0,01;0,0;0,0;-0,04;-0,04;-0,03;-0,03;-0,01;-0,01;-0,03;-0,03;-0,14;-0,14;-0,02;-0,02;-0,03;-0,03;-0,01;-0,01;-0,01;-0,01;-0,02;-0,02;-0,01;-0,01;0,0;0,0;-0,02;-0,02;-0,04;-0,04;0,0;0,0
01.07.2026;22:00;22:15;0,0;0,0;0,0;0,0;-0,02;-0,02;-0,09;-0,09;0,0;0,0;0,0;0,0;-0,06;-0,06;-0,01;-0,01;-0,01;-0,01;-0,01;-0,01;-0,01;-0,01;-0,01;-0,01;0,0;0,0;-0,03;-0,03;-0,05;-0,05;-0,02;-0,02;-0,1;-0,1;-0,05;-0,05;-0,04;-0,04;-0,04;-0,04;-0,01;-0,01;-0,01;-0,01;-0,02;-0,02;-0,01;-0,01;-0,01;-0,01;-0,02;-0,02;-0,04;-0,04;0,0;0,0
01.07.2026;22:15;22:30;0,0;0,0;-0,01;-0,01;-0,01;-0,01;-0,09;-0,09;0,0;0,0;0,0;0,0;-0,04;-0,04;0,0;0,0;-0,03;-0,03;-0,01;-0,01;-0,02;-0,02;0,0;0,0;0,0;0,0;-0,02;-0,02;-0,04;-0,04;-0,01;-0,01;-0,09;-0,09;-0,03;-0,03;-0,02;-0,02;-0,05;-0,05;-0,01;-0,01;-0,03;-0,03;-0,01;-0,01;-0,02;-0,02;-0,02;-0,02;-0,04;-0,04;-0,03;-0,03;0,0;0,0
01.07.2026;22:30;22:45;0,0;0,0;0,0;0,0;-0,01;-0,01;-0,13;-0,13;0,0;0,0;0,0;0,0;-0,04;-0,04;-0,01;-0,01;-0,02;-0,02;0,0;0,0;-0,01;-0,01;-0,02;-0,02;0,0;0,0;-0,01;-0,01;-0,01;-0,01;-0,02;-0,02;-0,09;-0,09;-0,02;-0,02;-0,03;-0,03;-0,07;-0,07;-0,01;-0,01;-0,03;-0,03;-0,01;-0,01;-0,04;-0,04;-0,02;-0,02;-0,03;-0,03;-0,02;-0,02;0,0;0,0
01.07.2026;22:45;23:00;0,0;0,0;0,0;0,0;-0,01;-0,01;-0,12;-0,12;0,0;0,0;-0,01;-0,01;-0,04;-0,04;-0,02;-0,02;-0,02;-0,02;-0,01;-0,01;-0,01;-0,01;0,0;0,0;0,0;0,0;-0,02;-0,02;-0,01;-0,01;-0,02;-0,02;-0,09;-0,09;-0,02;-0,02;-0,03;-0,03;-0,07;-0,07;-0,01;-0,01;-0,01;-0,01;-0,01;-0,01;-0,03;-0,03;-0,02;-0,02;-0,03;-0,03;-0,02;-0,02;0,0;0,0
01.07.2026;23:00;23:15;0,0;0,0;0,0;0,0;-0,02;-0,02;-0,2;-0,2;-0,01;-0,01;0,0;0,0;-0,04;-0,04;0,0;0,0;-0,02;-0,02;0,0;0,0;-0,02;-0,02;-0,01;-0,01;-0,01;-0,01;-0,01;-0,01;-0,01;-0,01;-0,01;-0,01;-0,03;-0,03;-0,02;-0,02;-0,01;-0,01;-0,05;-0,05;-0,01;-0,01;-0,01;-0,01;-0,01;-0,01;-0,03;-0,03;-0,02;-0,02;-0,04;-0,04;-0,01;-0,01;0,0;0,0
01.07.2026;23:15;23:30;0,0;0,0;0,0;0,0;-0,01;-0,01;-0,07;-0,07;0,0;0,0;0,0;0,0;-0,04;-0,04;-0,01;-0,01;-0,01;-0,01;-0,01;-0,01;-0,01;-0,01;-0,01;-0,01;0,0;0,0;0,0;0,0;-0,01;-0,01;-0,01;-0,01;-0,02;-0,02;-0,01;-0,01;-0,03;-0,03;-0,03;-0,03;-0,01;-0,01;-0,02;-0,02;-0,01;-0,01;-0,02;-0,02;-0,02;-0,02;-0,05;-0,05;-0,02;-0,02;0,0;0,0
01.07.2026;23:30;23:45;0,0;0,0;-0,01;-0,01;-0,02;-0,02;-0,08;-0,08;0,0;0,0;0,0;0,0;-0,04;-0,04;-0,01;-0,01;-0,03;-0,03;0,0;0,0;-0,02;-0,02;0,0;0,0;0,0;0,0;-0,02;-0,02;-0,01;-0,01;-0,02;-0,02;-0,06;-0,06;-0,01;-0,01;0,0;0,0;-0,02;-0,02;-0,02;-0,02;-0,03;-0,03;-0,01;-0,01;-0,01;-0,01;-0,02;-0,02;-0,08;-0,08;-0,01;-0,01;0,0;0,0
01.07.2026;23:45;00:00;0,0;0,0;0,0;0,0;0,0;0,0;-0,1;-0,1;0,0;0,0;0,0;0,0;-0,03;-0,03;-0,01;-0,01;-0,02;-0,02;-0,01;-0,01;0,0;0,0;-0,01;-0,01;0,0;0,0;-0,01;-0,01;0,0;0,0;0,0;0,0;-0,14;-0,14;-0,02;-0,02;-0,01;-0,01;-0,02;-0,02;0,0;0,0;-0,02;-0,02;-0,01;-0,01;-0,01;-0,01;-0,01;-0,01;-0,29;-0,29;-0,02;-0,02;0,0;0,0
02.07.2026;00:00;00:15;0,0;0,0;0,0;0,0;-0,01;-0,01;-0,13;-0,13;0,0;0,0;0,0;0,0;-0,04;-0,04;0,0;0,0;-0,01;-0,01;-0,02;-0,02;0,0;0,0;-0,01;-0,01;0,0;0,0;-0,01;-0,01;-0,02;-0,02;-0,01;-0,01;-0,27;-0,27;-0,01;-0,01;-0,02;-0,02;-0,02;-0,02;-0,01;-0,01;-0,01;-0,01;-0,01;-0,01;-0,01;-0,01;-0,02;-0,02;-0,05;-0,05;-0,01;-0,01;0,0;0,0
02.07.2026;00:15;00:30;0,0;0,0;0,0;0,0;0,0;0,0;-0,08;-0,08;0,0;0,0;-0,01;-0,01;-0,04;-0,04;-0,02;-0,02;-0,03;-0,03;-0,02;-0,02;-0,01;-0,01;-0,01;-0,01;0,0;0,0;-0,01;-0,01;0,0;0,0;-0,01;-0,01;-0,02;-0,02;-0,01;-0,01;-0,01;-0,01;-0,02;-0,02;-0,01;-0,01;-0,02;-0,02;-0,01;-0,01;-0,02;-0,02;-0,01;-0,01;-0,23;-0,23;-0,02;-0,02;0,0;0,0
02.07.2026;00:30;00:45;0,0;0,0;-0,01;-0,01;-0,01;-0,01;-0,09;-0,09;0,0;0,0;0,0;0,0;-0,03;-0,03;0,0;0,0;-0,01;-0,01;-0,01;-0,01;-0,02;-0,02;0,0;0,0;0,0;0,0;-0,02;-0,02;-0,01;-0,01;-0,01;-0,01;-0,03;-0,03;-0,02;-0,02;-0,01;-0,01;-0,02;-0,02;-0,01;-0,01;-0,01;-0,01;-0,01;-0,01;-0,01;-0,01;-0,02;-0,02;-0,04;-0,04;-0,01;-0,01;0,0;0,0
02.07.2026;00:45;01:00;0,0;0,0;0,0;0,0;-0,01;-0,01;-0,08;-0,08;0,0;0,0;0,0;0,0;-0,04;-0,04;-0,01;-0,01;-0,02;-0,02;-0,02;-0,02;-0,01;-0,01;-0,01;-0,01;0,0;0,0;0,0;0,0;-0,01;-0,01;-0,01;-0,01;-0,04;-0,04;-0,01;-0,01;-0,01;-0,01;-0,02;-0,02;-0,02;-0,02;-0,03;-0,03;-0,01;-0,01;0,0;0,0;-0,01;-0,01;-0,05;-0,05;-0,01;-0,01;0,0;0,0
02.07.2026;01:00;01:15;0,0;0,0;0,0;0,0;-0,03;-0,03;-0,06;-0,06;0,0;0,0;0,0;0,0;-0,03;-0,03;-0,01;-0,01;-0,03;-0,03;-0,01;-0,01;-0,02;-0,02;-0,01;-0,01;0,0;0,0;-0,01;-0,01;-0,02;-0,02;-0,01;-0,01;-0,03;-0,03;-0,02;-0,02;-0,01;-0,01;-0,02;-0,02;0,0;0,0;-0,02;-0,02;-0,01;-0,01;-0,02;-0,02;-0,01;-0,01;-0,01;-0,01;-0,01;-0,01;0,0;0,0
02.07.2026;01:15;01:30;0,0;0,0;0,0;0,0;-0,03;-0,03;-0,13;-0,13;0,0;0,0;0,0;0,0;-0,04;-0,04;-0,01;-0,01;-0,01;-0,01;-0,02;-0,02;-0,01;-0,01;-0,01;-0,01;0,0;0,0;-0,02;-0,02;-0,01;-0,01;-0,01;-0,01;-0,02;-0,02;-0,04;-0,04;-0,01;-0,01;-0,02;-0,02;-0,01;-0,01;-0,01;-0,01;-0,01;-0,01;-0,01;-0,01;-0,02;-0,02;-0,13;-0,13;-0,02;-0,02;0,0;0,0
02.07.2026;01:30;01:45;0,0;0,0;0,0;0,0;-0,01;-0,01;-0,06;-0,06;0,0;0,0;-0,01;-0,01;-0,05;-0,05;0,0;0,0;-0,03;-0,03;-0,01;-0,01;-0,02;-0,02;-0,01;-0,01;0,0;0,0;-0,01;-0,01;-0,01;-0,01;-0,01;-0,01;-0,28;-0,28;-0,04;-0,04;-0,02;-0,02;-0,02;-0,02;-0,02;-0,02;-0,01;-0,01;-0,01;-0,01;-0,01;-0,01;-0,01;-0,01;-0,19;-0,19;-0,01;-0,01;0,0;0,0
02.07.2026;01:45;02:00;0,0;0,0;-0,01;-0,01;-0,01;-0,01;-0,06;-0,06;0,0;0,0;0,0;0,0;-0,05;-0,05;-0,01;-0,01;-0,01;-0,01;0,0;0,0;-0,01;-0,01;0,0;0,0;0,0;0,0;-0,01;-0,01;0,0;0,0;-0,01;-0,01;-0,03;-0,03;-0,02;-0,02;0,0;0,0;-0,03;-0,03;0,0;0,0;-0,03;-0,03;-0,01;-0,01;-0,01;-0,01;-0,02;-0,02;-0,01;-0,01;-0,01;-0,01;0,0;0,0
02.07.2026;02:00;02:15;0,0;0,0;0,0;0,0;-0,02;-0,02;-0,08;-0,08;0,0;0,0;0,0;0,0;-0,03;-0,03;-0,01;-0,01;-0,02;-0,02;-0,01;-0,01;-0,02;-0,02;-0,01;-0,01;0,0;0,0;0,0;0,0;-0,01;-0,01;-0,02;-0,02;-0,03;-0,03;-0,01;-0,01;-0,02;-0,02;-0,02;-0,02;-0,02;-0,02;-0,02;-0,02;-0,01;-0,01;-0,02;-0,02;-0,01;-0,01;-0,01;-0,01;-0,02;-0,02;0,0;0,0
02.07.2026;02:15;02:30;0,0;0,0;0,0;0,0;-0,01;-0,01;-0,13;-0,13;0,0;0,0;0,0;0,0;-0,04;-0,04;-0,01;-0,01;-0,03;-0,03;0,0;0,0;-0,01;-0,01;-0,01;-0,01;0,0;0,0;-0,02;-0,02;-0,01;-0,01;-0,02;-0,02;-0,01;-0,01;-0,02;-0,02;-0,01;-0,01;-0,02;-0,02;-0,01;-0,01;-0,02;-0,02;-0,01;-0,01;-0,01;-0,01;-0,02;-0,02;-0,02;-0,02;-0,01;-0,01;0,0;0,0
02.07.2026;02:30;02:45;0,0;0,0;0,0;0,0;-0,02;-0,02;-0,06;-0,06;0,0;0,0;0,0;0,0;-0,04;-0,04;-0,01;-0,01;-0,01;-0,01;0,0;0,0;-0,01;-0,01;-0,01;-0,01;0,0;0,0;-0,01;-0,01;-0,01;-0,01;-0,01;-0,01;-0,02;-0,02;-0,02;-0,02;0,0;0,0;-0,02;-0,02;0,0;0,0;-0,01;-0,01;-0,01;-0,01;0,0;0,0;-0,01;-0,01;-0,02;-0,02;-0,01;-0,01;0,0;0,0
02.07.2026;02:45;03:00;0,0;0,0;-0,01;-0,01;-0,02;-0,02;-0,06;-0,06;0,0;0,0;0,0;0,0;-0,04;-0,04;-0,01;-0,01;-0,02;-0,02;-0,01;-0,01;0,0;0,0;-0,01;-0,01;0,0;0,0;-0,01;-0,01;-0,01;-0,01;-0,02;-0,02;-0,03;-0,03;-0,01;-0,01;-0,02;-0,02;-0,02;-0,02;-0,02;-0,02;-0,01;-0,01;-0,01;-0,01;-0,02;-0,02;-0,01;-0,01;-0,01;-0,01;-0,01;-0,01;0,0;0,0
02.07.2026;03:00;03:15;0,0;0,0;0,0;0,0;-0,01;-0,01;-0,06;-0,06;0,0;0,0;-0,01;-0,01;-0,04;-0,04;0,0;0,0;-0,02;-0,02;0,0;0,0;0,0;0,0;0,0;0,0;0,0;0,0;-0,01;-0,01;0,0;0,0;-0,01;-0,01;-0,02;-0,02;-0,01;-0,01;-0,01;-0,01;-0,02;-0,02;0,0;0,0;-0,02;-0,02;-0,01;-0,01;-0,01;-0,01;0,0;0,0;0,0;0,0;-0,03;-0,03;0,0;0,0
02.07.2026;03:15;03:30;0,0;0,0;0,0;0,0;-0,02;-0,02;-0,06;-0,06;0,0;0,0;0,0;0,0;-0,04;-0,04;-0,01;-0,01;-0,02;-0,02;-0,02;-0,02;-0,02;-0,02;-0,01;-0,01;0,0;0,0;-0,02;-0,02;-0,01;-0,01;0,0;0,0;-0,02;-0,02;-0,01;-0,01;0,0;0,0;-0,02;-0,02;-0,02;-0,02;-0,03;-0,03;-0,01;-0,01;-0,01;-0,01;0,0;0,0;-0,02;-0,02;-0,03;-0,03;0,0;0,0
02.07.2026;03:30;03:45;0,0;0,0;0,0;0,0;-0,02;-0,02;-0,05;-0,05;0,0;0,0;0,0;0,0;-0,03;-0,03;-0,01;-0,01;-0,03;-0,03;-0,02;-0,02;-0,01;-0,01;-0,01;-0,01;0,0;0,0;0,0;0,0;-0,02;-0,02;-0,02;-0,02;-0,02;-0,02;-0,01;-0,01;-0,02;-0,02;-0,02;-0,02;-0,01;-0,01;-0,02;-0,02;-0,01;-0,01;-0,01;-0,01;-0,01;-0,01;-0,01;-0,01;-0,01;-0,01;0,0;0,0
02.07.2026;03:45;04:00;0,0;0,0;-0,01;-0,01;-0,01;-0,01;-0,06;-0,06;0,0;0,0;0,0;0,0;-0,04;-0,04;-0,01;-0,01;-0,01;-0,01;-0,01;-0,01;-0,02;-0,02;-0,01;-0,01;0,0;0,0;-0,01;-0,01;-0,01;-0,01;0,0;0,0;-0,03;-0,03;-0,01;-0,01;-0,01;-0,01;-0,02;-0,02;0,0;0,0;-0,01;-0,01;-0,01;-0,01;-0,01;-0,01;-0,02;-0,02;0,0;0,0;-0,02;-0,02;0,0;0,0
02.07.2026;04:00;04:15;0,0;0,0;0,0;0,0;-0,02;-0,02;-0,07;-0,07;-0,01;-0,01;0,0;0,0;-0,04;-0,04;0,0;0,0;-0,02;-0,02;-0,02;-0,02;-0,02;-0,02;0,0;0,0;-0,01;-0,01;-0,01;-0,01;0,0;0,0;-0,02;-0,02;-0,02;-0,02;-0,01;-0,01;0,0;0,0;-0,02;-0,02;-0,02;-0,02;-0,01;-0,01;-0,01;-0,01;-0,01;-0,01;-0,01;-0,01;-0,02;-0,02;-0,02;-0,02;0,0;0,0
02.07.2026;04:15;04:30;0,0;0,0;0,0;0,0;-0,01;-0,01;-0,1;-0,1;0,0;0,0;0,0;0,0;-0,04;-0,04;-0,02;-0,02;-0,02;-0,02;-0,02;-0,02;-0,01;-0,01;-0,01;-0,01;0,0;0,0;-0,01;-0,01;-0,01;-0,01;-0,01;-0,01;-0,02;-0,02;-0,02;-0,02;-0,03;-0,03;-0,02;-0,02;-0,01;-0,01;-0,02;-0,02;-0,01;-0,01;-0,01;-0,01;-0,01;-0,01;-0,01;-0,01;-0,01;-0,01;0,0;0,0
02.07.2026;04:30;04:45;0,0;0,0;0,0;0,0;-0,02;-0,02;-0,21;-0,21;0,0;0,0;-0,01;-0,01;-0,03;-0,03;0,0;0,0;-0,02;-0,02;-0,01;-0,01;-0,01;-0,01;-0,01;-0,01;0,0;0,0;-0,01;-0,01;-0,01;-0,01;0,0;0,0;-0,01;-0,01;-0,01;-0,01;0,0;0,0;-0,02;-0,02;-0,01;-0,01;-0,02;-0,02;-0,01;-0,01;-0,01;-0,01;-0,01;-0,01;-0,02;-0,02;-0,01;-0,01;0,0;0,0
02.07.2026;04:45;05:00;0,0;0,0;0,0;0,0;-0,03;-0,03;-0,11;-0,11;0,0;0,0;0,0;0,0;-0,04;-0,04;-0,01;-0,01;-0,02;-0,02;-0,01;-0,01;-0,02;-0,02;-0,01;-0,01;0,0;0,0;-0,01;-0,01;-0,05;-0,05;-0,01;-0,01;0,0;0,0;0,0;0,0;-0,01;-0,01;-0,02;-0,02;-0,01;-0,01;-0,03;-0,03;-0,01;-0,01;-0,02;-0,02;-0,02;-0,02;0,0;0,0;-0,01;-0,01;0,0;0,0
02.07.2026;05:00;05:15;0,0;0,0;-0,01;-0,01;-0,02;-0,02;-0,07;-0,07;0,0;0,0;0,0;0,0;-0,04;-0,04;-0,01;-0,01;-0,02;-0,02;0,0;0,0;-0,01;-0,01;0,0;0,0;0,0;0,0;-0,02;-0,02;-0,06;-0,06;-0,02;-0,02;-0,02;-0,02;-0,01;-0,01;-0,02;-0,02;-0,02;-0,02;-0,01;-0,01;-0,06;-0,06;-0,01;-0,01;0,0;0,0;-0,01;-0,01;-0,01;-0,01;-0,03;-0,03;0,0;0,0
02.07.2026;05:15;05:30;0,01;0,01;0,0;0,0;-0,03;-0,03;-0,08;-0,08;0,0;0,0;0,0;0,0;-0,03;-0,03;-0,01;-0,01;-0,02;-0,02;-0,01;-0,01;-0,01;-0,01;-0,01;-0,01;0,0;0,0;-0,03;-0,03;-0,02;-0,02;0,0;0,0;0,0;0,0;-0,01;-0,01;0,0;0,0;-0,03;-0,03;-0,01;-0,01;-0,03;-0,03;-0,01;-0,01;-0,02;-0,02;-0,01;-0,01;-0,01;-0,01;-0,01;-0,01;0,0;0,0
02.07.2026;05:30;05:45;0,03;0,03;0,0;0,0;-0,03;-0,03;-0,13;-0,13;0,0;0,0;0,0;0,0;-0,04;-0,04;0,0;0,0;-0,02;-0,02;0,0;0,0;-0,01;-0,01;-0,01;-0,01;0,0;0,0;-0,01;-0,01;-0,01;-0,01;-0,01;-0,01;-0,01;-0,01;-0,01;-0,01;-0,01;-0,01;-0,02;-0,02;-0,01;-0,01;-0,02;-0,02;-0,01;-0,01;-0,01;-0,01;-0,01;-0,01;-0,01;-0,01;-0,06;-0,06;0,0;0,0
02.07.2026;05:45;06:00;0,07;0,07;0,0;0,0;-0,06;-0,06;-0,12;-0,12;0,0;0,0;0,0;0,0;-0,03;-0,03;-0,01;-0,01;-0,01;-0,01;0,0;0,0;0,0;0,0;-0,01;-0,01;0,0;0,0;-0,03;-0,03;-0,02;-0,02;-0,01;-0,01;0,0;0,0;-0,02;-0,02;-0,02;-0,02;-0,02;-0,02;-0,01;-0,01;-0,02;-0,02;-0,01;-0,01;-0,01;-0,01;-0,01;-0,01;-0,01;-0,01;-0,02;-0,02;0,0;0,0
02.07.2026;06:00;06:15;0,13;0,11;-0,01;-0,01;-0,07;-0,07;-0,11;-0,09;0,0;0,0;-0,01;-0,01;-0,04;-0,04;-0,01;-0,01;-0,03;-0,03;-0,09;-0,09;-0,01;-0,01;-0,05;-0,05;0,0;0,0;-0,01;-0,01;-0,01;-0,01;-0,01;-0,01;-0,01;-0,01;-0,01;-0,01;0,0;0,0;-0,03;-0,03;-0,07;-0,07;-0,02;-0,02;-0,02;-0,02;-0,01;-0,01;-0,01;-0,01;-0,02;-0,02;-0,01;-0,01;0,0;0,0
02.07.2026;06:15;06:30;0,2;0,15;0,0;0,0;-0,06;-0,06;-0,09;-0,04;0,0;0,0;0,0;0,0;-0,04;-0,04;-0,01;-0,01;-0,01;-0,01;-0,02;-0,02;-0,01;-0,01;-0,02;-0,02;0,0;0,0;-0,03;-0,03;0,0;0,0;-0,02;-0,02;-0,01;-0,01;0,0;0,0;-0,01;-0,01;-0,02;-0,02;-0,04;-0,04;-0,01;-0,01;-0,02;-0,02;-0,01;-0,01;-0,02;-0,02;-0,02;-0,02;-0,01;-0,01;0,0;0,0
02.07.2026;06:30;06:45;0,26;0,19;0,0;0,0;-0,02;-0,02;-0,2;-0,13;0,0;0,0;0,0;0,0;-0,03;-0,03;-0,01;-0,01;-0,02;-0,02;-0,02;-0,02;-0,02;-0,02;-0,01;-0,01;0,0;0,0;-0,02;-0,02;-0,02;-0,02;0,0;0,0;-0,01;-0,01;-0,01;-0,01;-0,02;-0,02;-0,02;-0,02;-0,02;-0,02;-0,01;-0,01;-0,01;-0,01;-0,01;-0,01;-0,01;-0,01;-0,01;-0,01;-0,01;-0,01;0,0;0,0
02.07.2026;06:45;07:00;0,23;0,17;0,0;0,0;-0,04;-0,04;-0,08;-0,02;0,0;0,0;0,0;0,0;-0,11;-0,11;-0,01;-0,01;-0,03;-0,03;-0,02;-0,02;-0,02;-0,02;-0,01;-0,01;0,0;0,0;-0,01;-0,01;0,0;0,0;-0,01;-0,01;0,0;0,0;-0,01;-0,01;-0,01;-0,01;-0,02;-0,02;-0,01;-0,01;-0,03;-0,03;-0,02;-0,02;-0,01;-0,01;0,0;0,0;-0,01;-0,01;-0,02;-0,02;0,0;0,0
02.07.2026;07:00;07:15;0,0;0,0;0,0;0,0;-0,03;-0,03;-0,07;-0,07;0,0;0,0;0,0;0,0;-0,06;-0,06;0,0;0,0;-0,01;-0,01;-0,02;-0,02;-0,01;-0,01;-0,01;-0,01;0,0;0,0;-0,01;-0,01;-0,01;-0,01;-0,1;-0,1;-0,01;-0,01;-0,02;-0,02;0,0;0,0;-0,02;-0,02;-0,01;-0,01;-0,02;-0,02;-0,01;-0,01;-0,01;-0,01;0,0;0,0;-0,01;-0,01;-0,01;-0,01;0,0;0,0
02.07.2026;07:15;07:30;0,0;0,0;-0,01;-0,01;-0,02;-0,02;-0,12;-0,12;0,0;0,0;-0,01;-0,01;-0,17;-0,17;-0,01;-0,01;-0,03;-0,03;-0,01;-0,01;-0,01;-0,01;0,0;0,0;0,0;0,0;-0,02;-0,02;-0,01;-0,01;0,0;0,0;-0,04;-0,04;-0,01;-0,01;-0,03;-0,03;-0,02;-0,02;-0,01;-0,01;-0,01;-0,01;-0,01;-0,01;-0,02;-0,02;-0,01;-0,01;-0,01;-0,01;-0,02;-0,02;0,0;0,0
02.07.2026;07:30;07:45;0,91;0,32;0,0;0,0;-0,02;0,0;-0,22;0,0;0,0;0,0;0,0;0,0;-0,19;-0,12;-0,01;0,0;-0,01;0,0;-0,02;0,0;-0,02;0,0;-0,01;0,0;0,0;0,0;-0,01;0,0;-0,01;0,0;-0,02;0,0;-0,03;0,0;-0,01;0,0;0,0;0,0;-0,02;0,0;-0,01;0,0;-0,01;0,0;-0,01;0,0;-0,01;0,0;-0,02;0,0;-0,01;0,0;-0,04;0,0;0,0;0,0
02.07.2026;07:45;08:00;1,4;0,87;0,0;0,0;0,0;0,0;-0,16;0,0;0,0;0,0;0,0;0,0;-0,11;0,0;-0,01;0,0;-0,02;0,0;-0,02;0,0;-0,01;0,0;-0,01;0,0;0,0;0,0;-0,03;0,0;-0,01;0,0;-0,01;0,0;-0,03;0,0;-0,01;0,0;0,0;0,0;-0,02;0,0;-0,01;0,0;-0,01;0,0;-0,01;0,0;-0,01;0,0;-0,01;0,0;-0,02;0,0;-0,01;0,0;0,0;0,0
02.07.2026;08:00;08:15;1,63;1,11;0,0;0,0;-0,01;0,0;-0,19;0,0;0,0;0,0;0,0;0,0;-0,05;0,0;0,0;0,0;-0,02;0,0;-0,01;0,0;-0,01;0,0;-0,01;0,0;0,0;0,0;-0,01;0,0;-0,01;0,0;-0,01;0,0;-0,02;0,0;-0,03;0,0;-0,03;0,0;-0,02;0,0;-0,01;0,0;-0,03;0,0;-0,01;0,0;-0,01;0,0;-0,01;0,0;-0,01;0,0;-0,01;0,0;0,0;0,0
02.07.2026;08:15;08:30;1,9;1,48;-0,01;0,0;-0,01;0,0;-0,07;0,0;0,0;0,0;0,0;0,0;-0,04;0,0;-0,01;0,0;-0,02;0,0;-0,02;0,0;-0,02;0,0;0,0;0,0;0,0;0,0;-0,02;0,0;-0,01;0,0;-0,02;0,0;-0,03;0,0;-0,01;0,0;0,0;0,0;-0,02;0,0;-0,01;0,0;-0,02;0,0;-0,01;0,0;-0,02;0,0;-0,01;0,0;-0,02;0,0;-0,02;0,0;0,0;0,0
02.07.2026;08:30;08:45;1,62;1,16;0,0;0,0;0,0;0,0;-0,23;0,0;0,0;0,0;0,0;0,0;-0,03;0,0;-0,01;0,0;-0,02;0,0;-0,01;0,0;0,0;0,0;-0,01;0,0;0,0;0,0;0,0;0,0;-0,01;0,0;-0,01;0,0;-0,03;0,0;-0,02;0,0;-0,01;0,0;-0,02;0,0;-0,01;0,0;-0,02;0,0;-0,01;0,0;0,0;0,0;-0,01;0,0;0,0;0,0;0,0;0,0;0,0;0,0
02.07.2026;08:45;09:00;2,0;1,61;0,0;0,0;-0,01;0,0;-0,13;0,0;0,0;0,0;-0,01;0,0;-0,04;0,0;0,0;0,0;-0,02;0,0;-0,01;0,0;0,0;0,0;-0,01;0,0;0,0;0,0;-0,02;0,0;-0,01;0,0;-0,01;0,0;-0,01;0,0;0,0;0,0;-0,02;0,0;-0,02;0,0;0,0;0,0;-0,01;0,0;-0,01;0,0;-0,01;0,0;-0,01;0,0;-0,01;0,0;-0,02;0,0;0,0;0,0
02.07.2026;09:00;09:15;1,78;1,41;0,0;0,0;0,0;0,0;-0,07;0,0;-0,01;0,0;0,0;0,0;-0,03;0,0;-0,02;0,0;-0,02;0,0;0,0;0,0;-0,01;0,0;0,0;0,0;-0,01;0,0;-0,01;0,0;-0,01;0,0;-0,02;0,0;-0,02;0,0;-0,01;0,0;-0,01;0,0;-0,02;0,0;-0,02;0,0;-0,01;0,0;-0,01;0,0;-0,02;0,0;-0,01;0,0;-0,02;0,0;-0,01;0,0;0,0;0,0
02.07.2026;09:15;09:30;2,62;2,13;0,0;0,0;-0,01;0,0;-0,1;0,0;0,0;0,0;0,0;0,0;-0,04;0,0;-0,01;0,0;-0,02;0,0;-0,01;0,0;-0,02;0,0;-0,02;0,0;0,0;0,0;-0,01;0,0;-0,01;0,0;-0,03;0,0;-0,01;0,0;-0,01;0,0;-0,01;0,0;-0,1;0,0;-0,01;0,0;-0,03;0,0;-0,01;0,0;-0,01;0,0;0,0;0,0;0,0;0,0;-0,02;0,0;0,0;0,0
02.07.2026;09:30;09:45;3,07;2,67;-0,01;0,0;0,0;0,0;-0,1;0,0;0,0;0,0;0,0;0,0;-0,05;0,0;0,0;0,0;-0,02;0,0;0,0;0,0;-0,02;0,0;0,0;0,0;0,0;0,0;0,0;0,0;-0,01;0,0;-0,03;0,0;-0,01;0,0;-0,02;0,0;-0,03;0,0;-0,02;0,0;-0,01;0,0;-0,02;0,0;-0,01;0,0;-0,01;0,0;-0,01;0,0;-0,01;0,0;-0,01;0,0;0,0;0,0
02.07.2026;09:45;10:00;3,17;2,82;0,0;0,0;0,0;0,0;-0,07;0,0;0,0;0,0;0,0;0,0;-0,04;0,0;-0,01;0,0;-0,02;0,0;0,0;0,0;-0,01;0,0;-0,01;0,0;0,0;0,0;-0,02;0,0;-0,01;0,0;-0,03;0,0;0,0;0,0;-0,01;0,0;-0,01;0,0;-0,03;0,0;-0,01;0,0;-0,01;0,0;-0,01;0,0;-0,01;0,0;-0,01;0,0;-0,02;0,0;-0,01;0,0;0,0;0,0
02.07.2026;10:00;10:15;3,43;3,0;0,0;0,0;-0,01;0,0;-0,07;0,0;0,0;0,0;0,0;0,0;-0,04;0,0;-0,02;0,0;-0,02;0,0;-0,02;0,0;-0,02;0,0;-0,01;0,0;0,0;0,0;-0,01;0,0;0,0;0,0;-0,02;0,0;-0,01;0,0;-0,01;0,0;-0,01;0,0;-0,09;0,0;0,0;0,0;-0,01;0,0;-0,01;0,0;-0,02;0,0;-0,01;0,0;-0,01;0,0;-0,01;0,0;0,0;0,0
02.07.2026;10:15;10:30;3,23;2,79;0,0;0,0;-0,02;0,0;-0,07;0,0;0,0;0,0;-0,01;0,0;-0,04;0,0;-0,04;0,0;-0,02;0,0;-0,02;0,0;-0,01;0,0;0,0;0,0;0,0;0,0;-0,01;0,0;-0,01;0,0;-0,02;0,0;-0,02;0,0;0,0;0,0;-0,02;0,0;-0,02;0,0;-0,02;0,0;-0,02;0,0;-0,01;0,0;-0,01;0,0;-0,02;0,0;-0,01;0,0;-0,02;0,0;0,0;0,0
02.07.2026;10:30;10:45;3,05;2,67;-0,01;0,0;-0,01;0,0;-0,07;0,0;0,0;0,0;0,0;0,0;-0,04;0,0;-0,03;0,0;-0,02;0,0;-0,01;0,0;-0,01;0,0;-0,01;0,0;0,0;0,0;-0,01;0,0;-0,01;0,0;-0,02;0,0;-0,01;0,0;-0,01;0,0;-0,01;0,0;-0,02;0,0;-0,01;0,0;-0,02;0,0;-0,01;0,0;0,0;0,0;-0,01;0,0;-0,01;0,0;-0,02;0,0;0,0;0,0
02.07.2026;10:45;11:00;1,7;1,24;0,0;0,0;-0,01;0,0;-0,1;0,0;0,0;0,0;0,0;0,0;-0,04;0,0;-0,04;0,0;-0,01;0,0;-0,02;0,0;-0,02;0,0;-0,01;0,0;0,0;0,0;-0,01;0,0;-0,01;0,0;-0,01;0,0;-0,01;0,0;-0,01;0,0;-0,01;0,0;-0,02;0,0;0,0;0,0;-0,03;0,0;-0,01;0,0;-0,02;0,0;-0,01;0,0;-0,01;0,0;-0,05;0,0;0,0;0,0
02.07.2026;11:00;11:15;0,22;0,17;0,0;0,0;-0,01;-0,01;-0,11;-0,06;0,0;0,0;-0,01;-0,01;-0,04;-0,04;-0,05;-0,05;-0,03;-0,03;-0,02;-0,02;-0,01;-0,01;-0,01;-0,01;0,0;0,0;-0,01;-0,01;-0,01;-0,01;-0,01;-0,01;-0,03;-0,03;-0,01;-0,01;-0,01;-0,01;-0,03;-0,03;-0,02;-0,02;-0,01;-0,01;-0,01;-0,01;-0,01;-0,01;-0,01;-0,01;-0,01;-0,01;-0,04;-0,04;0,0;0,0
02.07.2026;11:15;11:30;3,05;2,57;0,0;0,0;0,0;0,0;-0,19;0,0;0,0;0,0;-0,01;0,0;-0,03;0,0;-0,02;0,0;-0,01;0,0;-0,01;0,0;-0,01;0,0;-0,01;0,0;0,0;0,0;-0,01;0,0;-0,04;0,0;0,0;0,0;-0,01;0,0;-0,02;0,0;-0,01;0,0;-0,02;0,0;0,0;0,0;-0,01;0,0;-0,01;0,0;-0,02;0,0;-0,01;0,0;-0,01;0,0;-0,02;0,0;0,0;0,0
02.07.2026;11:30;11:45;3,64;3,12;0,0;0,0;-0,03;0,0;-0,17;0,0;0,0;0,0;-0,01;0,0;-0,04;0,0;-0,03;0,0;-0,02;0,0;-0,02;0,0;-0,01;0,0;0,0;0,0;0,0;0,0;-0,01;0,0;-0,04;0,0;-0,02;0,0;-0,02;0,0;0,0;0,0;-0,02;0,0;-0,02;0,0;-0,01;0,0;-0,01;0,0;-0,01;0,0;0,0;0,0;0,0;0,0;-0,01;0,0;-0,02;0,0;0,0;0,0
02.07.2026;11:45;12:00;3,48;2,82;-0,01;0,0;-0,02;0,0;-0,13;0,0;0,0;0,0;0,0;0,0;-0,04;0,0;-0,02;0,0;-0,03;0,0;-0,01;0,0;0,0;0,0;-0,01;0,0;0,0;0,0;-0,01;0,0;-0,03;0,0;-0,01;0,0;-0,19;0,0;-0,01;0,0;-0,01;0,0;-0,02;0,0;-0,02;0,0;-0,03;0,0;-0,01;0,0;-0,02;0,0;-0,01;0,0;-0,01;0,0;-0,01;0,0;0,0;0,0
02.07.2026;12:00;12:15;3,99;3,14;0,0;0,0;-0,17;0,0;-0,08;0,0;0,0;0,0;-0,01;0,0;-0,04;0,0;-0,02;0,0;-0,01;0,0;0,0;0,0;0,0;0,0;-0,01;0,0;0,0;0,0;-0,01;0,0;-0,04;0,0;0,0;0,0;-0,32;0,0;-0,01;0,0;0,0;0,0;-0,02;0,0;0,0;0,0;-0,04;0,0;-0,01;0,0;-0,01;0,0;-0,01;0,0;-0,02;0,0;-0,02;0,0;0,0;0,0
02.07.2026;12:15;12:30;4,91;4,14;0,0;0,0;-0,03;0,0;-0,11;0,0;0,0;0,0;-0,01;0,0;-0,03;0,0;0,0;0,0;-0,03;0,0;-0,01;0,0;-0,02;0,0;0,0;0,0;0,0;0,0;-0,01;0,0;-0,04;0,0;-0,02;0,0;-0,07;0,0;-0,01;0,0;-0,03;0,0;-0,28;0,0;-0,01;0,0;-0,01;0,0;-0,01;0,0;-0,01;0,0;-0,01;0,0;-0,01;0,0;-0,01;0,0;0,0;0,0
02.07.2026;12:30;12:45;4,4;3,82;0,0;0,0;-0,01;0,0;-0,1;0,0;0,0;0,0;0,0;0,0;-0,04;0,0;-0,01;0,0;-0,02;0,0;0,0;0,0;-0,02;0,0;-0,02;0,0;0,0;0,0;-0,01;0,0;-0,04;0,0;-0,01;0,0;-0,02;0,0;-0,01;0,0;-0,01;0,0;-0,19;0,0;-0,01;0,0;-0,02;0,0;-0,01;0,0;-0,01;0,0;-0,01;0,0;0,0;0,0;-0,01;0,0;0,0;0,0
02.07.2026;12:45;13:00;3,93;3,52;-0,01;0,0;-0,01;0,0;-0,08;0,0;0,0;0,0;0,0;0,0;-0,04;0,0;-0,02;0,0;-0,01;0,0;-0,01;0,0;-0,02;0,0;0,0;0,0;0,0;0,0;-0,01;0,0;-0,04;0,0;-0,01;0,0;-0,01;0,0;-0,02;0,0;0,0;0,0;-0,04;0,0;-0,01;0,0;-0,01;0,0;-0,01;0,0;-0,01;0,0;-0,01;0,0;-0,02;0,0;-0,01;0,0;0,0;0,0
02.07.2026;13:00;13:15;4,54;4,15;0,0;0,0;0,0;0,0;-0,07;0,0;0,0;0,0;-0,01;0,0;-0,03;0,0;0,0;0,0;-0,02;0,0;0,0;0,0;-0,01;0,0;-0,01;0,0;0,0;0,0;-0,01;0,0;-0,03;0,0;-0,01;0,0;-0,01;0,0;0,0;0,0;-0,03;0,0;-0,04;0,0;-0,01;0,0;-0,03;0,0;-0,01;0,0;-0,02;0,0;-0,02;0,0;-0,01;0,0;-0,01;0,0;0,0;0,0
02.07.2026;13:15;13:30;4,77;4,39;0,0;0,0;-0,01;0,0;-0,07;0,0;0,0;0,0;0,0;0,0;-0,04;0,0;-0,02;0,0;-0,01;0,0;-0,02;0,0;-0,02;0,0;-0,01;0,0;0,0;0,0;0,0;0,0;-0,04;0,0;-0,02;0,0;-0,01;0,0;-0,01;0,0;0,0;0,0;-0,04;0,0;-0,01;0,0;-0,02;0,0;-0,01;0,0;0,0;0,0;-0,01;0,0;0,0;0,0;-0,01;0,0;0,0;0,0
02.07.2026;13:30;13:45;3,53;3,12;0,0;0,0;-0,01;0,0;-0,07;0,0;0,0;0,0;0,0;0,0;-0,04;0,0;0,0;0,0;-0,02;0,0;-0,01;0,0;-0,01;0,0;0,0;0,0;0,0;0,0;-0,02;0,0;-0,04;0,0;-0,01;0,0;-0,01;0,0;-0,01;0,0;-0,01;0,0;-0,05;0,0;-0,01;0,0;-0,02;0,0;-0,01;0,0;-0,02;0,0;-0,01;0,0;-0,02;0,0;-0,01;0,0;0,0;0,0
02.07.2026;13:45;14:00;4,74;4,14;-0,01;0,0;-0,02;0,0;-0,09;0,0;0,0;0,0;-0,01;0,0;-0,03;0,0;-0,01;0,0;-0,02;0,0;-0,02;0,0;-0,01;0,0;-0,02;0,0;0,0;0,0;-0,01;0,0;-0,03;0,0;-0,02;0,0;0,0;0,0;-0,01;0,0;-0,02;0,0;-0,2;0,0;-0,01;0,0;-0,01;0,0;-0,01;0,0;-0,01;0,0;-0,01;0,0;-0,01;0,0;-0,01;0,0;0,0;0,0
02.07.2026;14:00;14:15;4,53;3,64;0,0;0,0;-0,01;0,0;-0,12;0,0;-0,01;0,0;-0,01;0,0;-0,04;0,0;-0,02;0,0;-0,01;0,0;-0,02;0,0;-0,02;0,0;0,0;0,0;-0,01;0,0;-0,01;0,0;-0,04;0,0;-0,01;0,0;-0,01;0,0;-0,01;0,0;-0,01;0,0;-0,46;0,0;-0,01;0,0;-0,01;0,0;-0,01;0,0;-0,01;0,0;0,0;0,0;-0,02;0,0;-0,01;0,0;0,0;0,0
02.07.2026;14:15;14:30;3,83;2,91;0,0;0,0;0,0;0,0;-0,08;0,0;0,0;0,0;0,0;0,0;-0,04;0,0;-0,04;0,0;-0,03;0,0;-0,02;0,0;-0,01;0,0;-0,01;0,0;0,0;0,0;-0,01;0,0;-0,04;0,0;-0,01;0,0;-0,02;0,0;-0,02;0,0;-0,01;0,0;-0,51;0,0;0,0;0,0;-0,03;0,0;-0,01;0,0;-0,01;0,0;0,0;0,0;0,0;0,0;-0,02;0,0;0,0;0,0
02.07.2026;14:30;14:45;3,92;2,79;0,0;0,0;0,0;0,0;-0,08;0,0;0,0;0,0;0,0;0,0;-0,03;0,0;-0,37;0,0;-0,01;0,0;-0,01;0,0;-0,01;0,0;-0,01;0,0;0,0;0,0;-0,01;0,0;-0,03;0,0;-0,02;0,0;-0,07;0,0;0,0;0,0;-0,01;0,0;-0,37;0,0;-0,01;0,0;-0,03;0,0;-0,01;0,0;-0,01;0,0;-0,02;0,0;-0,01;0,0;-0,01;0,0;0,0;0,0
02.07.2026;14:45;15:00;2,86;1,97;0,0;0,0;-0,02;0,0;-0,1;0,0;0,0;0,0;0,0;0,0;-0,04;0,0;-0,08;0,0;-0,02;0,0;-0,02;0,0;-0,01;0,0;0,0;0,0;0,0;0,0;-0,01;0,0;-0,04;0,0;0,0;0,0;-0,03;0,0;0,0;0,0;-0,01;0,0;-0,28;0,0;-0,01;0,0;-0,02;0,0;-0,01;0,0;-0,02;0,0;-0,14;0,0;-0,02;0,0;-0,01;0,0;0,0;0,0
02.07.2026;15:00;15:15;1,65;1,08;-0,01;0,0;-0,01;0,0;-0,07;0,0;0,0;0,0;0,0;0,0;-0,03;0,0;-0,04;0,0;-0,02;0,0;-0,01;0,0;0,0;0,0;-0,01;0,0;0,0;0,0;-0,01;0,0;-0,03;0,0;-0,01;0,0;0,0;0,0;-0,02;0,0;-0,02;0,0;-0,03;0,0;-0,01;0,0;-0,02;0,0;-0,01;0,0;-0,01;0,0;-0,23;-0,04;0,0;0,0;-0,01;0,0;0,0;0,0
02.07.2026;15:15;15:30;0,35;0,11;0,0;0,0;-0,02;-0,01;-0,08;-0,04;0,0;0,0;-0,01;0,0;-0,04;-0,03;-0,06;-0,05;-0,01;0,0;0,0;0,0;0,0;0,0;-0,01;0,0;0,0;0,0;-0,01;0,0;-0,04;-0,03;-0,01;0,0;-0,01;0,0;-0,01;0,0;-0,02;-0,01;-0,04;-0,03;-0,01;0,0;-0,03;-0,02;-0,01;0,0;-0,01;0,0;-0,01;0,0;-0,01;0,0;-0,01;0,0;0,0;0,0
02.07.2026;15:30;15:45;3,78;3,28;0,0;0,0;0,0;0,0;-0,14;0,0;0,0;0,0;0,0;0,0;-0,03;0,0;-0,05;0,0;-0,02;0,0;-0,01;0,0;-0,02;0,0;-0,01;0,0;0,0;0,0;-0,02;0,0;-0,02;0,0;-0,01;0,0;-0,01;0,0;-0,01;0,0;-0,02;0,0;-0,03;0,0;-0,01;0,0;-0,03;0,0;-0,01;0,0;-0,01;0,0;-0,01;0,0;-0,02;0,0;-0,01;0,0;0,0;0,0
02.07.2026;15:45;16:00;3,85;3,27;0,0;0,0;-0,01;0,0;-0,14;0,0;0,0;0,0;0,0;0,0;-0,04;0,0;-0,12;0,0;-0,02;0,0;0,0;0,0;-0,02;0,0;-0,01;0,0;0,0;0,0;0,0;0,0;-0,01;0,0;-0,02;0,0;-0,02;0,0;-0,01;0,0;-0,04;0,0;-0,02;0,0;-0,01;0,0;-0,02;0,0;-0,01;0,0;-0,02;0,0;-0,01;0,0;-0,02;0,0;-0,01;0,0;0,0;0,0
02.07.2026;16:00;16:15;2,54;2,01;-0,01;0,0;0,0;0,0;-0,14;0,0;0,0;0,0;0,0;0,0;-0,02;0,0;-0,13;0,0;-0,01;0,0;-0,01;0,0;-0,02;0,0;0,0;0,0;0,0;0,0;-0,01;0,0;-0,01;0,0;0,0;0,0;-0,01;0,0;-0,01;0,0;-0,02;0,0;-0,03;0,0;-0,01;0,0;-0,01;0,0;-0,01;0,0;0,0;0,0;-0,02;0,0;-0,04;0,0;-0,01;0,0;0,0;0,0
02.07.2026;16:15;16:30;3,4;2,9;0,0;0,0;-0,01;0,0;-0,1;0,0;0,0;0,0;-0,01;0,0;-0,03;0,0;-0,13;0,0;-0,03;0,0;0,0;0,0;-0,01;0,0;-0,01;0,0;0,0;0,0;-0,01;0,0;-0,01;0,0;-0,01;0,0;-0,01;0,0;0,0;0,0;-0,03;0,0;-0,02;0,0;-0,01;0,0;-0,01;0,0;-0,01;0,0;-0,01;0,0;-0,01;0,0;-0,02;0,0;-0,01;0,0;0,0;0,0
02.07.2026;16:30;16:45;2,5;1,61;0,0;0,0;-0,13;0,0;-0,24;0,0;0,0;0,0;0,0;0,0;-0,03;0,0;-0,15;0,0;-0,01;0,0;-0,01;0,0;-0,01;0,0;-0,01;0,0;0,0;0,0;-0,02;0,0;-0,01;0,0;-0,02;0,0;-0,01;0,0;-0,02;0,0;-0,03;0,0;-0,02;0,0;-0,07;0,0;-0,02;0,0;-0,01;0,0;-0,02;0,0;-0,01;0,0;-0,03;0,0;-0,01;0,0;0,0;0,0
02.07.2026;16:45;17:00;2,19;1,06;0,0;0,0;-0,71;-0,48;-0,24;0,0;0,0;0,0;0,0;0,0;-0,04;0,0;-0,11;0,0;-0,02;0,0;-0,02;0,0;-0,02;0,0;-0,01;0,0;0,0;0,0;-0,04;0,0;-0,02;0,0;0,0;0,0;-0,02;0,0;-0,01;0,0;-0,02;0,0;-0,02;0,0;-0,26;-0,03;-0,03;0,0;-0,01;0,0;-0,01;0,0;-0,01;0,0;-0,01;0,0;-0,01;0,0;0,0;0,0
02.07.2026;17:00;17:15;2,79;1,91;0,0;0,0;-0,34;0,0;-0,08;0,0;0,0;0,0;0,0;0,0;-0,03;0,0;-0,11;0,0;-0,02;0,0;-0,02;0,0;-0,01;0,0;-0,01;0,0;0,0;0,0;0,0;0,0;-0,04;0,0;-0,02;0,0;-0,01;0,0;-0,01;0,0;-0,03;0,0;-0,03;0,0;-0,05;0,0;-0,01;0,0;-0,01;0,0;-0,01;0,0;-0,02;0,0;-0,01;0,0;-0,01;0,0;0,0;0,0
02.07.2026;17:15;17:30;2,62;1,81;-0,01;0,0;-0,33;0,0;-0,08;0,0;0,0;0,0;0,0;0,0;-0,04;0,0;-0,04;0,0;-0,01;0,0;-0,01;0,0;-0,02;0,0;0,0;0,0;0,0;0,0;-0,03;0,0;-0,03;0,0;-0,02;0,0;-0,01;0,0;-0,03;0,0;-0,02;0,0;-0,02;0,0;-0,04;0,0;-0,01;0,0;-0,01;0,0;-0,01;0,0;-0,01;0,0;-0,02;0,0;-0,01;0,0;0,0;0,0
02.07.2026;17:30;17:45;2,34;1,36;0,0;0,0;-0,71;-0,44;-0,09;0,0;0,0;0,0;-0,01;0,0;-0,07;0,0;-0,03;0,0;-0,02;0,0;-0,02;0,0;-0,01;0,0;-0,01;0,0;0,0;0,0;-0,05;0,0;-0,02;0,0;-0,01;0,0;-0,01;0,0;-0,18;0,0;-0,02;0,0;-0,02;0,0;-0,04;0,0;-0,02;0,0;-0,01;0,0;-0,02;0,0;-0,02;0,0;-0,02;0,0;-0,01;0,0;0,0;0,0
02.07.2026;17:45;18:00;1,8;0,78;0,0;0,0;-0,25;-0,06;-0,13;0,0;0,0;0,0;0,0;0,0;-0,06;0,0;-0,02;0,0;-0,01;0,0;-0,02;0,0;-0,01;0,0;-0,01;0,0;0,0;0,0;-0,22;-0,03;-0,01;0,0;-0,02;0,0;-0,01;0,0;-0,42;-0,23;-0,03;0,0;-0,03;0,0;-0,03;0,0;-0,03;0,0;-0,01;0,0;0,0;0,0;-0,01;0,0;0,0;0,0;-0,01;0,0;0,0;0,0
02.07.2026;18:00;18:15;1,84;1,08;0,0;0,0;-0,06;0,0;-0,09;0,0;0,0;0,0;0,0;0,0;-0,05;0,0;-0,02;0,0;-0,02;0,0;-0,01;0,0;0,0;0,0;0,0;0,0;0,0;0,0;-0,1;0,0;-0,01;0,0;-0,01;0,0;-0,02;0,0;-0,44;-0,23;-0,01;0,0;-0,03;0,0;-0,04;0,0;-0,02;0,0;-0,01;0,0;-0,01;0,0;-0,02;0,0;-0,01;0,0;-0,01;0,0;0,0;0,0
02.07.2026;18:15;18:30;1,6;0,78;-0,01;0,0;-0,17;-0,01;-0,15;0,0;0,0;0,0;0,0;0,0;-0,06;0,0;-0,01;0,0;-0,02;0,0;-0,03;0,0;0,0;0,0;-0,01;0,0;0,0;0,0;-0,03;0,0;-0,01;0,0;-0,01;0,0;-0,02;0,0;-0,21;-0,05;-0,03;0,0;-0,04;0,0;0,0;0,0;-0,01;0,0;-0,01;0,0;-0,02;0,0;-0,01;0,0;-0,01;0,0;-0,01;0,0;0,0;0,0
02.07.2026;18:30;18:45;1,27;0,61;0,0;0,0;-0,19;-0,07;-0,08;0,0;0,0;0,0;-0,01;0,0;-0,06;0,0;-0,02;0,0;-0,01;0,0;-0,05;0,0;-0,02;0,0;-0,01;0,0;0,0;0,0;-0,03;0,0;-0,01;0,0;-0,02;0,0;-0,03;0,0;-0,03;0,0;-0,02;0,0;-0,05;0,0;-0,02;0,0;-0,02;0,0;-0,01;0,0;-0,01;0,0;-0,01;0,0;-0,01;0,0;-0,01;0,0;0,0;0,0
02.07.2026;18:45;19:00;0,2;0,15;0,0;0,0;-0,24;-0,24;-0,1;-0,05;0,0;0,0;0,0;0,0;-0,06;-0,06;-0,05;-0,05;-0,03;-0,03;-0,05;-0,05;-0,01;-0,01;-0,01;-0,01;0,0;0,0;-0,04;-0,04;-0,01;-0,01;-0,17;-0,17;-0,03;-0,03;-0,02;-0,02;-0,02;-0,02;-0,04;-0,04;-0,01;-0,01;-0,01;-0,01;-0,01;-0,01;-0,01;-0,01;-0,02;-0,02;-0,01;-0,01;-0,01;-0,01;0,0;0,0
02.07.2026;19:00;19:15;0,0;0,0;0,0;0,0;-0,03;-0,03;-0,08;-0,08;-0,01;-0,01;0,0;0,0;-0,06;-0,06;-0,08;-0,08;-0,01;-0,01;-0,04;-0,04;-0,02;-0,02;-0,01;-0,01;-0,01;-0,01;-0,03;-0,03;-0,01;-0,01;-0,23;-0,23;-0,02;-0,02;-0,03;-0,03;-0,03;-0,03;-0,05;-0,05;-0,09;-0,09;-0,03;-0,03;-0,01;-0,01;-0,01;-0,01;-0,01;-0,01;-0,02;-0,02;-0,01;-0,01;0,0;0,0
02.07.2026;19:15;19:30;0,16;0,11;0,0;0,0;-0,27;-0,27;-0,21;-0,16;0,0;0,0;0,0;0,0;-0,06;-0,06;-0,03;-0,03;-0,02;-0,02;-0,05;-0,05;-0,02;-0,02;0,0;0,0;0,0;0,0;-0,02;-0,02;-0,01;-0,01;-0,24;-0,24;-0,03;-0,03;-0,02;-0,02;-0,02;-0,02;-0,04;-0,04;-0,43;-0,43;-0,02;-0,02;-0,01;-0,01;-0,02;-0,02;-0,02;-0,02;-0,02;-0,02;-0,01;-0,01;0,0;0,0
02.07.2026;19:30;19:45;0,52;0,21;-0,01;0,0;-0,06;-0,05;-0,14;-0,03;0,0;0,0;0,0;0,0;-0,12;-0,11;-0,04;-0,03;-0,02;-0,01;-0,05;-0,04;-0,01;0,0;-0,03;-0,02;0,0;0,0;-0,02;-0,01;-0,01;0,0;-0,22;-0,21;-0,02;-0,01;-0,02;-0,01;-0,02;-0,01;-0,04;-0,03;-0,19;-0,18;-0,01;0,0;-0,01;0,0;0,0;0,0;-0,01;0,0;0,0;0,0;-0,01;0,0;0,0;0,0
02.07.2026;19:45;20:00;0,35;0,1;0,0;0,0;-0,02;-0,01;-0,21;-0,18;0,0;0,0;-0,01;0,0;-0,06;-0,05;-0,23;-0,22;-0,01;0,0;-0,05;-0,04;-0,01;0,0;-0,03;-0,02;0,0;0,0;-0,01;0,0;-0,02;-0,01;-0,15;-0,14;-0,03;-0,02;-0,03;-0,02;-0,03;-0,02;-0,06;-0,05;-0,14;-0,13;-0,02;-0,01;-0,01;0,0;-0,01;0,0;-0,02;-0,01;-0,01;0,0;-0,01;0,0;0,0;0,0
02.07.2026;20:00;20:15;0,22;0,17;0,0;0,0;-0,03;-0,03;-0,17;-0,12;0,0;0,0;0,0;0,0;-0,06;-0,06;-0,19;-0,19;-0,02;-0,02;-0,31;-0,31;-0,02;-0,02;-0,03;-0,03;0,0;0,0;-0,04;-0,04;-0,03;-0,03;-0,04;-0,04;-0,03;-0,03;-0,03;-0,03;-0,02;-0,02;-0,05;-0,05;-0,16;-0,16;-0,01;-0,01;-0,01;-0,01;-0,02;-0,02;-0,01;-0,01;-0,01;-0,01;-0,02;-0,02;0,0;0,0
02.07.2026;20:15;20:30;0,15;0,11;0,0;0,0;-0,03;-0,03;-0,22;-0,18;0,0;0,0;0,0;0,0;-0,05;-0,05;-0,11;-0,11;-0,02;-0,02;-0,09;-0,09;-0,01;-0,01;-0,02;-0,02;0,0;0,0;-0,02;-0,02;-0,03;-0,03;-0,07;-0,07;-0,02;-0,02;-0,04;-0,04;-0,02;-0,02;-0,05;-0,05;-0,1;-0,1;-0,03;-0,03;-0,01;-0,01;-0,01;-0,01;-0,01;-0,01;-0,01;-0,01;-0,03;-0,03;0,0;0,0
02.07.2026;20:30;20:45;0,05;0,05;-0,01;-0,01;-0,03;-0,03;-0,25;-0,25;0,0;0,0;0,0;0,0;-0,06;-0,06;-0,08;-0,08;-0,01;-0,01;-0,09;-0,09;-0,01;-0,01;-0,03;-0,03;0,0;0,0;-0,01;-0,01;-0,03;-0,03;-0,07;-0,07;-0,03;-0,03;-0,06;-0,06;-0,02;-0,02;-0,05;-0,05;-0,14;-0,14;-0,04;-0,04;-0,01;-0,01;-0,01;-0,01;0,0;0,0;-0,02;-0,02;-0,03;-0,03;0,0;0,0
02.07.2026;20:45;21:00;0,02;0,02;0,0;0,0;-0,03;-0,03;-0,13;-0,13;0,0;0,0;-0,01;-0,01;-0,06;-0,06;-0,08;-0,08;-0,02;-0,02;-0,09;-0,09;-0,02;-0,02;-0,02;-0,02;0,0;0,0;-0,03;-0,03;-0,05;-0,05;-0,03;-0,03;-0,03;-0,03;-0,06;-0,06;-0,02;-0,02;-0,05;-0,05;-0,18;-0,18;-0,06;-0,06;-0,01;-0,01;-0,01;-0,01;-0,01;-0,01;-0,01;-0,01;-0,02;-0,02;0,0;0,0
02.07.2026;21:00;21:15;0,01;0,01;0,0;0,0;-0,04;-0,04;-0,09;-0,09;0,0;0,0;0,0;0,0;-0,06;-0,06;-0,08;-0,08;-0,02;-0,02;-0,1;-0,1;0,0;0,0;-0,01;-0,01;0,0;0,0;-0,03;-0,03;-0,14;-0,14;-0,05;-0,05;-0,02;-0,02;-0,06;-0,06;-0,03;-0,03;-0,04;-0,04;-0,06;-0,06;-0,19;-0,19;-0,02;-0,02;-0,01;-0,01;-0,01;-0,01;-0,02;-0,02;-0,03;-0,03;0,0;0,0
02.07.2026;21:15;21:30;0,01;0,01;0,0;0,0;-0,03;-0,03;-0,1;-0,1;0,0;0,0;0,0;0,0;-0,05;-0,05;-0,08;-0,08;-0,01;-0,01;-0,08;-0,08;0,0;0,0;-0,01;-0,01;0,0;0,0;-0,25;-0,25;-0,05;-0,05;-0,03;-0,03;-0,03;-0,03;-0,08;-0,08;-0,02;-0,02;-0,05;-0,05;-0,05;-0,05;-0,04;-0,04;-0,02;-0,02;-0,02;-0,02;-0,01;-0,01;-0,01;-0,01;-0,04;-0,04;0,0;0,0
02.07.2026;21:30;21:45;0,0;0,0;0,0;0,0;-0,03;-0,03;-0,09;-0,09;0,0;0,0;0,0;0,0;-0,05;-0,05;-0,07;-0,07;-0,03;-0,03;-0,09;-0,09;-0,01;-0,01;-0,01;-0,01;0,0;0,0;-0,25;-0,25;-0,05;-0,05;-0,03;-0,03;-0,03;-0,03;-0,06;-0,06;-0,01;-0,01;-0,05;-0,05;-0,07;-0,07;-0,03;-0,03;-0,04;-0,04;0,0;0,0;-0,01;-0,01;-0,12;-0,12;-0,04;-0,04;0,0;0,0
02.07.2026;21:45;22:00;0,0;0,0;-0,01;-0,01;-0,03;-0,03;-0,15;-0,15;0,0;0,0;0,0;0,0;-0,04;-0,04;-0,06;-0,06;-0,01;-0,01;-0,09;-0,09;-0,02;-0,02;0,0;0,0;0,0;0,0;-0,37;-0,37;-0,05;-0,05;-0,04;-0,04;-0,02;-0,02;-0,07;-0,07;-0,04;-0,04;-0,04;-0,04;-0,01;-0,01;-0,03;-0,03;-0,05;-0,05;-0,01;-0,01;-0,01;-0,01;-0,04;-0,04;-0,03;-0,03;0,0;0,0
02.07.2026;22:00;22:15;0,0;0,0;0,0;0,0;-0,02;-0,02;-0,19;-0,19;0,0;0,0;-0,01;-0,01;-0,04;-0,04;-0,03;-0,03;-0,02;-0,02;-0,06;-0,06;-0,01;-0,01;-0,02;-0,02;0,0;0,0;-0,03;-0,03;-0,04;-0,04;-0,04;-0,04;-0,03;-0,03;-0,07;-0,07;-0,02;-0,02;-0,03;-0,03;-0,01;-0,01;-0,01;-0,01;-0,05;-0,05;-0,02;-0,02;-0,01;-0,01;-0,13;-0,13;-0,05;-0,05;0,0;0,0
02.07.2026;22:15;22:30;0,0;0,0;0,0;0,0;-0,02;-0,02;-0,2;-0,2;0,0;0,0;0,0;0,0;-0,04;-0,04;-0,04;-0,04;-0,01;-0,01;-0,06;-0,06;-0,02;-0,02;0,0;0,0;0,0;0,0;-0,01;-0,01;-0,05;-0,05;-0,1;-0,1;-0,48;-0,48;-0,07;-0,07;-0,02;-0,02;-0,02;-0,02;-0,01;-0,01;-0,01;-0,01;-0,05;-0,05;-0,01;-0,01;-0,02;-0,02;-0,11;-0,11;-0,04;-0,04;0,0;0,0
02.07.2026;22:30;22:45;0,0;0,0;0,0;0,0;-0,02;-0,02;-0,19;-0,19;0,0;0,0;0,0;0,0;-0,04;-0,04;-0,04;-0,04;-0,02;-0,02;-0,06;-0,06;-0,01;-0,01;-0,01;-0,01;0,0;0,0;-0,03;-0,03;-0,05;-0,05;-0,27;-0,27;-0,06;-0,06;-0,07;-0,07;-0,02;-0,02;-0,03;-0,03;-0,01;-0,01;-0,02;-0,02;-0,04;-0,04;-0,01;-0,01;-0,01;-0,01;-0,04;-0,04;-0,04;-0,04;0,0;0,0
02.07.2026;22:45;23:00;0,0;0,0;-0,01;-0,01;-0,01;-0,01;-0,23;-0,23;0,0;0,0;0,0;0,0;-0,04;-0,04;-0,03;-0,03;-0,02;-0,02;-0,05;-0,05;-0,02;-0,02;-0,01;-0,01;0,0;0,0;-0,03;-0,03;-0,04;-0,04;-0,11;-0,11;-0,04;-0,04;-0,05;-0,05;0,0;0,0;-0,02;-0,02;-0,01;-0,01;-0,03;-0,03;-0,04;-0,04;-0,01;-0,01;-0,01;-0,01;-0,02;-0,02;-0,01;-0,01;0,0;0,0
02.07.2026;23:00;23:15;0,0;0,0;0,0;0,0;-0,02;-0,02;-0,13;-0,13;0,0;0,0;-0,01;-0,01;-0,04;-0,04;-0,04;-0,04;-0,01;-0,01;-0,06;-0,06;-0,01;-0,01;0,0;0,0;0,0;0,0;-0,02;-0,02;-0,04;-0,04;-0,01;-0,01;-0,05;-0,05;-0,06;-0,06;-0,03;-0,03;-0,02;-0,02;-0,01;-0,01;-0,02;-0,02;-0,01;-0,01;-0,02;-0,02;-0,01;-0,01;-0,01;-0,01;-0,01;-0,01;0,0;0,0
02.07.2026;23:15;23:30;0,0;0,0;0,0;0,0;-0,01;-0,01;-0,09;-0,09;0,0;0,0;0,0;0,0;-0,04;-0,04;-0,03;-0,03;-0,02;-0,02;-0,05;-0,05;-0,02;-0,02;-0,01;-0,01;0,0;0,0;0,0;0,0;-0,03;-0,03;-0,01;-0,01;-0,01;-0,01;-0,06;-0,06;0,0;0,0;-0,03;-0,03;-0,01;-0,01;-0,01;-0,01;-0,02;-0,02;0,0;0,0;-0,01;-0,01;-0,02;-0,02;-0,01;-0,01;0,0;0,0
02.07.2026;23:30;23:45;0,0;0,0;0,0;0,0;-0,01;-0,01;-0,07;-0,07;0,0;0,0;0,0;0,0;-0,04;-0,04;-0,03;-0,03;-0,02;-0,02;-0,06;-0,06;-0,01;-0,01;-0,01;-0,01;0,0;0,0;-0,01;-0,01;-0,02;-0,02;-0,01;-0,01;-0,01;-0,01;-0,03;-0,03;-0,01;-0,01;-0,02;-0,02;-0,01;-0,01;-0,01;-0,01;-0,01;-0,01;-0,01;-0,01;-0,01;-0,01;-0,02;-0,02;-0,01;-0,01;0,0;0,0
02.07.2026;23:45;00:00;0,0;0,0;-0,01;-0,01;-0,01;-0,01;-0,06;-0,06;0,0;0,0;0,0;0,0;-0,03;-0,03;-0,04;-0,04;-0,01;-0,01;-0,07;-0,07;-0,01;-0,01;-0,01;-0,01;0,0;0,0;-0,02;-0,02;-0,01;-0,01;-0,01;-0,01;-0,02;-0,02;-0,02;-0,02;-0,02;-0,02;-0,02;-0,02;-0,01;-0,01;-0,02;-0,02;-0,01;-0,01;-0,02;-0,02;-0,02;-0,02;-0,01;-0,01;-0,01;-0,01;0,0;0,0
03.07.2026;00:00;00:15;0,0;0,0;0,0;0,0;0,0;0,0;-0,13;-0,13;-0,01;-0,01;-0,01;-0,01;-0,04;-0,04;-0,03;-0,03;-0,02;-0,02;-0,07;-0,07;-0,01;-0,01;0,0;0,0;-0,01;-0,01;-0,01;-0,01;-0,01;-0,01;-0,02;-0,02;0,0;0,0;0,0;0,0;-0,01;-0,01;-0,02;-0,02;-0,02;-0,02;-0,03;-0,03;-0,01;-0,01;-0,01;-0,01;-0,01;-0,01;-0,01;-0,01;-0,02;-0,02;0,0;0,0
03.07.2026;00:15;00:30;0,0;0,0;0,0;0,0;-0,01;-0,01;-0,07;-0,07;0,0;0,0;0,0;0,0;-0,04;-0,04;-0,03;-0,03;-0,01;-0,01;-0,07;-0,07;0,0;0,0;-0,01;-0,01;0,0;0,0;0,0;0,0;-0,01;-0,01;-0,01;-0,01;0,0;0,0;-0,01;-0,01;-0,01;-0,01;-0,03;-0,03;0,0;0,0;-0,02;-0,02;-0,01;-0,01;0,0;0,0;-0,02;-0,02;-0,02;-0,02;0,0;0,0;0,0;0,0
03.07.2026;00:30;00:45;0,0;0,0;0,0;0,0;-0,02;-0,02;-0,08;-0,08;0,0;0,0;0,0;0,0;-0,04;-0,04;-0,03;-0,03;-0,03;-0,03;-0,07;-0,07;-0,01;-0,01;-0,01;-0,01;0,0;0,0;-0,02;-0,02;-0,01;-0,01;-0,01;-0,01;-0,02;-0,02;-0,02;-0,02;-0,01;-0,01;-0,02;-0,02;-0,01;-0,01;-0,01;-0,01;-0,01;-0,01;-0,02;-0,02;0,0;0,0;-0,02;-0,02;-0,02;-0,02;0,0;0,0
03.07.2026;00:45;01:00;0,0;0,0;0,0;0,0;-0,01;-0,01;-0,06;-0,06;0,0;0,0;0,0;0,0;-0,04;-0,04;-0,02;-0,02;-0,02;-0,02;-0,07;-0,07;-0,02;-0,02;0,0;0,0;0,0;0,0;-0,01;-0,01;-0,01;-0,01;-0,03;-0,03;-0,01;-0,01;-0,01;-0,01;-0,01;-0,01;-0,02;-0,02;-0,02;-0,02;-0,01;-0,01;-0,01;-0,01;-0,01;-0,01;-0,01;-0,01;0,0;0,0;-0,01;-0,01;0,0;0,0
03.07.2026;01:00;01:15;0,0;0,0;-0,01;-0,01;-0,02;-0,02;-0,08;-0,08;0,0;0,0;0,0;0,0;-0,04;-0,04;-0,02;-0,02;-0,01;-0,01;-0,02;-0,02;-0,01;-0,01;-0,02;-0,02;0,0;0,0;-0,01;-0,01;-0,01;-0,01;-0,02;-0,02;-0,01;-0,01;-0,02;-0,02;-0,02;-0,02;-0,02;-0,02;0,0;0,0;-0,02;-0,02;-0,01;-0,01;-0,01;-0,01;0,0;0,0;-0,01;-0,01;-0,01;-0,01;0,0;0,0
03.07.2026;01:15;01:30;0,0;0,0;0,0;0,0;0,0;0,0;-0,06;-0,06;0,0;0,0;-0,01;-0,01;-0,04;-0,04;-0,01;-0,01;-0,02;-0,02;-0,01;-0,01;-0,02;-0,02;0,0;0,0;0,0;0,0;0,0;0,0;-0,02;-0,02;-0,01;-0,01;0,0;0,0;-0,01;-0,01;0,0;0,0;-0,02;-0,02;-0,02;-0,02;-0,02;-0,02;-0,01;-0,01;-0,01;-0,01;-0,01;-0,01;-0,01;-0,01;-0,01;-0,01;0,0;0,0
03.07.2026;01:30;01:45;0,0;0,0;0,0;0,0;-0,01;-0,01;-0,06;-0,06;0,0;0,0;0,0;0,0;-0,04;-0,04;-0,01;-0,01;-0,01;-0,01;-0,01;-0,01;-0,01;-0,01;-0,01;-0,01;0,0;0,0;-0,02;-0,02;-0,03;-0,03;-0,01;-0,01;-0,01;-0,01;-0,02;-0,02;-0,01;-0,01;-0,03;-0,03;0,0;0,0;-0,02;-0,02;0,0;0,0;-0,02;-0,02;-0,02;-0,02;-0,01;-0,01;-0,01;-0,01;0,0;0,0
03.07.2026;01:45;02:00;0,0;0,0;0,0;0,0;0,0;0,0;-0,06;-0,06;0,0;0,0;0,0;0,0;-0,05;-0,05;-0,01;-0,01;-0,02;-0,02;0,0;0,0;-0,02;-0,02;-0,01;-0,01;0,0;0,0;-0,01;-0,01;-0,01;-0,01;-0,01;-0,01;-0,01;-0,01;-0,01;-0,01;-0,02;-0,02;-0,02;-0,02;-0,01;-0,01;-0,01;-0,01;-0,02;-0,02;0,0;0,0;-0,01;-0,01;-0,01;-0,01;-0,01;-0,01;0,0;0,0
03.07.2026;02:00;02:15;0,0;0,0;-0,01;-0,01;-0,02;-0,02;-0,06;-0,06;0,0;0,0;0,0;0,0;-0,05;-0,05;-0,02;-0,02;-0,02;-0,02;-0,01;-0,01;-0,01;-0,01;0,0;0,0;0,0;0,0;-0,01;-0,01;-0,01;-0,01;-0,01;-0,01;-0,02;-0,02;-0,01;-0,01;0,0;0,0;-0,02;-0,02;-0,02;-0,02;-0,02;-0,02;0,0;0,0;-0,01;-0,01;-0,01;-0,01;-0,02;-0,02;-0,02;-0,02;0,0;0,0
03.07.2026;02:15;02:30;0,0;0,0;0,0;0,0;-0,01;-0,01;-0,1;-0,1;0,0;0,0;-0,01;-0,01;-0,03;-0,03;-0,01;-0,01;-0,01;-0,01;0,0;0,0;-0,02;-0,02;-0,01;-0,01;0,0;0,0;-0,01;-0,01;-0,01;-0,01;-0,01;-0,01;0,0;0,0;-0,03;-0,03;-0,02;-0,02;-0,02;-0,02;0,0;0,0;-0,01;-0,01;-0,01;-0,01;-0,02;-0,02;-0,01;-0,01;-0,01;-0,01;0,0;0,0;0,0;0,0
03.07.2026;02:30;02:45;0,0;0,0;0,0;0,0;-0,02;-0,02;-0,1;-0,1;0,0;0,0;0,0;0,0;-0,04;-0,04;-0,01;-0,01;-0,02;-0,02;-0,01;-0,01;-0,01;-0,01;-0,01;-0,01;0,0;0,0;-0,02;-0,02;-0,01;-0,01;-0,02;-0,02;-0,01;-0,01;-0,05;-0,05;-0,01;-0,01;-0,03;-0,03;-0,02;-0,02;-0,03;-0,03;-0,02;-0,02;-0,01;-0,01;-0,01;-0,01;-0,01;-0,01;-0,02;-0,02;0,0;0,0
03.07.2026;02:45;03:00;0,0;0,0;0,0;0,0;0,0;0,0;-0,06;-0,06;0,0;0,0;0,0;0,0;-0,04;-0,04;-0,01;-0,01;-0,02;-0,02;0,0;0,0;-0,01;-0,01;-0,01;-0,01;0,0;0,0;0,0;0,0;-0,01;-0,01;-0,02;-0,02;-0,01;-0,01;-0,01;-0,01;-0,01;-0,01;-0,02;-0,02;-0,01;-0,01;-0,02;-0,02;0,0;0,0;0,0;0,0;-0,01;-0,01;-0,01;-0,01;-0,01;-0,01;0,0;0,0
03.07.2026;03:00;03:15;0,0;0,0;0,0;0,0;-0,01;-0,01;-0,06;-0,06;0,0;0,0;0,0;0,0;-0,04;-0,04;-0,02;-0,02;-0,01;-0,01;-0,02;-0,02;0,0;0,0;0,0;0,0;0,0;0,0;0,0;0,0;-0,01;-0,01;-0,02;-0,02;-0,01;-0,01;-0,02;-0,02;-0,02;-0,02;-0,02;-0,02;0,0;0,0;-0,01;-0,01;-0,01;-0,01;-0,02;-0,02;-0,02;-0,02;-0,01;-0,01;-0,01;-0,01;0,0;0,0
03.07.2026;03:15;03:30;0,0;0,0;-0,01;-0,01;0,0;0,0;-0,06;-0,06;0,0;0,0;0,0;0,0;-0,04;-0,04;0,0;0,0;-0,03;-0,03;-0,02;-0,02;0,0;0,0;-0,01;-0,01;0,0;0,0;-0,02;-0,02;-0,01;-0,01;-0,02;-0,02;0,0;0,0;-0,01;-0,01;0,0;0,0;-0,02;-0,02;-0,02;-0,02;-0,01;-0,01;-0,01;-0,01;-0,01;-0,01;-0,01;-0,01;-0,01;-0,01;-0,01;-0,01;0,0;0,0
03.07.2026;03:30;03:45;0,0;0,0;0,0;0,0;-0,01;-0,01;-0,05;-0,05;0,0;0,0;-0,01;-0,01;-0,04;-0,04;-0,02;-0,02;-0,01;-0,01;-0,01;-0,01;-0,02;-0,02;-0,01;-0,01;0,0;0,0;-0,01;-0,01;-0,01;-0,01;-0,01;-0,01;-0,01;-0,01;-0,02;-0,02;-0,01;-0,01;-0,02;-0,02;-0,01;-0,01;-0,01;-0,01;-0,01;-0,01;-0,01;-0,01;-0,01;-0,01;0,0;0,0;-0,01;-0,01;0,0;0,0
03.07.2026;03:45;04:00;0,0;0,0;0,0;0,0;-0,02;-0,02;-0,06;-0,06;0,0;0,0;0,0;0,0;-0,04;-0,04;-0,01;-0,01;-0,02;-0,02;-0,02;-0,02;-0,01;-0,01;0,0;0,0;0,0;0,0;-0,01;-0,01;-0,01;-0,01;-0,01;-0,01;-0,01;-0,01;-0,01;-0,01;-0,02;-0,02;-0,03;-0,03;-0,01;-0,01;-0,03;-0,03;-0,01;-0,01;-0,01;-0,01;0,0;0,0;-0,02;-0,02;-0,02;-0,02;0,0;0,0
03.07.2026;04:00;04:15;0,0;0,0;0,0;0,0;-0,01;-0,01;-0,06;-0,06;0,0;0,0;0,0;0,0;-0,04;-0,04;-0,01;-0,01;-0,01;-0,01;-0,02;-0,02;-0,02;-0,02;-0,01;-0,01;0,0;0,0;-0,01;-0,01;-0,01;-0,01;-0,01;-0,01;-0,01;-0,01;-0,02;-0,02;-0,01;-0,01;-0,02;-0,02;-0,01;-0,01;-0,02;-0,02;-0,01;-0,01;-0,02;-0,02;0,0;0,0;-0,02;-0,02;-0,01;-0,01;0,0;0,0
03.07.2026;04:15;04:30;0,0;0,0;-0,01;-0,01;-0,02;-0,02;-0,06;-0,06;0,0;0,0;0,0;0,0;-0,04;-0,04;-0,01;-0,01;-0,02;-0,02;-0,01;-0,01;-0,02;-0,02;-0,01;-0,01;0,0;0,0;-0,02;-0,02;-0,01;-0,01;-0,01;-0,01;0,0;0,0;-0,01;-0,01;-0,01;-0,01;-0,02;-0,02;-0,01;-0,01;-0,02;-0,02;-0,01;-0,01;-0,01;-0,01;-0,02;-0,02;-0,01;-0,01;-0,01;-0,01;0,0;0,0
03.07.2026;04:30;04:45;0,0;0,0;0,0;0,0;0,0;0,0;-0,06;-0,06;0,0;0,0;-0,01;-0,01;-0,04;-0,04;-0,01;-0,01;-0,02;-0,02;-0,01;-0,01;-0,01;-0,01;0,0;0,0;0,0;0,0;0,0;0,0;-0,01;-0,01;-0,01;-0,01;-0,01;-0,01;0,0;0,0;-0,01;-0,01;-0,02;-0,02;0,0;0,0;-0,01;-0,01;-0,02;-0,02;0,0;0,0;-0,01;-0,01;-0,01;-0,01;-0,01;-0,01;0,0;0,0
03.07.2026;04:45;05:00;0,0;0,0;0,0;0,0;-0,01;-0,01;-0,05;-0,05;0,0;0,0;0,0;0,0;-0,04;-0,04;-0,01;-0,01;-0,01;-0,01;-0,01;-0,01;-0,01;-0,01;-0,02;-0,02;0,0;0,0;-0,01;-0,01;-0,01;-0,01;-0,01;-0,01;-0,01;-0,01;-0,01;-0,01;-0,01;-0,01;-0,02;-0,02;-0,01;-0,01;-0,01;-0,01;0,0;0,0;-0,02;-0,02;-0,01;-0,01;0,0;0,0;-0,02;-0,02;0,0;0,0
03.07.2026;05:00;05:15;0,0;0,0;0,0;0,0;0,0;0,0;-0,06;-0,06;-0,01;-0,01;0,0;0,0;-0,04;-0,04;-0,01;-0,01;-0,02;-0,02;0,0;0,0;-0,02;-0,02;0,0;0,0;-0,01;-0,01;-0,01;-0,01;-0,01;-0,01;-0,01;-0,01;-0,01;-0,01;-0,02;-0,02;-0,01;-0,01;-0,02;-0,02;-0,02;-0,02;-0,02;-0,02;-0,01;-0,01;-0,01;-0,01;-0,01;-0,01;-0,02;-0,02;-0,01;-0,01;0,0;0,0
03.07.2026;05:15;05:30;0,01;0,01;0,0;0,0;-0,02;-0,02;-0,08;-0,08;0,0;0,0;0,0;0,0;-0,03;-0,03;-0,01;-0,01;-0,01;-0,01;0,0;0,0;-0,01;-0,01;-0,01;-0,01;0,0;0,0;-0,01;-0,01;0,0;0,0;-0,01;-0,01;0,0;0,0;-0,01;-0,01;-0,01;-0,01;-0,03;-0,03;0,0;0,0;-0,1;-0,1;-0,02;-0,02;-0,01;-0,01;-0,01;-0,01;0,0;0,0;-0,02;-0,02;0,0;0,0
03.07.2026;05:30;05:45;0,04;0,04;-0,01;-0,01;-0,01;-0,01;-0,15;-0,15;0,0;0,0;0,0;0,0;-0,04;-0,04;-0,02;-0,02;-0,02;-0,02;-0,01;-0,01;-0,01;-0,01;-0,01;-0,01;0,0;0,0;-0,01;-0,01;-0,02;-0,02;-0,01;-0,01;-0,01;-0,01;-0,01;-0,01;-0,01;-0,01;-0,02;-0,02;-0,02;-0,02;-0,04;-0,04;0,0;0,0;-0,01;-0,01;-0,01;-0,01;-0,01;-0,01;-0,06;-0,06;0,0;0,0
03.07.2026;05:45;06:00;0,08;0,08;0,0;0,0;-0,02;-0,02;-0,17;-0,17;0,0;0,0;-0,01;-0,01;-0,04;-0,04;0,0;0,0;-0,02;-0,02;-0,01;-0,01;-0,01;-0,01;-0,04;-0,04;0,0;0,0;-0,01;-0,01;0,0;0,0;-0,01;-0,01;-0,01;-0,01;-0,01;-0,01;-0,02;-0,02;-0,02;-0,02;-0,06;-0,06;-0,01;-0,01;-0,02;-0,02;-0,01;-0,01;-0,01;-0,01;-0,02;-0,02;-0,01;-0,01;0,0;0,0
03.07.2026;06:00;06:15;0,12;0,11;0,0;0,0;-0,03;-0,03;-0,19;-0,18;0,0;0,0;0,0;0,0;-0,04;-0,04;-0,02;-0,02;-0,01;-0,01;-0,02;-0,02;0,0;0,0;-0,04;-0,04;0,0;0,0;-0,02;-0,02;-0,01;-0,01;-0,01;-0,01;-0,01;-0,01;-0,01;-0,01;-0,01;-0,01;-0,02;-0,02;-0,03;-0,03;-0,01;-0,01;0,0;0,0;-0,01;-0,01;0,0;0,0;-0,01;-0,01;-0,01;-0,01;0,0;0,0
03.07.2026;06:15;06:30;0,2;0,15;0,0;0,0;-0,02;-0,02;-0,19;-0,14;0,0;0,0;0,0;0,0;-0,03;-0,03;0,0;0,0;-0,02;-0,02;-0,02;-0,02;-0,01;-0,01;-0,01;-0,01;0,0;0,0;-0,04;-0,04;-0,01;-0,01;-0,01;-0,01;0,0;0,0;-0,02;-0,02;0,0;0,0;-0,03;-0,03;-0,03;-0,03;-0,01;-0,01;-0,01;-0,01;-0,01;-0,01;-0,01;-0,01;-0,01;-0,01;-0,01;-0,01;0,0;0,0
03.07.2026;06:30;06:45;0,19;0,14;-0,01;-0,01;-0,01;-0,01;-0,18;-0,13;0,0;0,0;0,0;0,0;-0,04;-0,04;-0,02;-0,02;-0,02;-0,02;-0,01;-0,01;-0,01;-0,01;-0,01;-0,01;0,0;0,0;0,0;0,0;-0,01;-0,01;-0,01;-0,01;-0,01;-0,01;-0,01;-0,01;-0,02;-0,02;-0,02;-0,02;0,0;0,0;-0,02;-0,02;-0,02;-0,02;-0,02;-0,02;-0,01;-0,01;-0,01;-0,01;-0,02;-0,02;0,0;0,0
03.07.2026;06:45;07:00;0,0;0,0;0,0;0,0;-0,05;-0,05;-0,17;-0,17;0,0;0,0;-0,01;-0,01;-0,3;-0,3;-0,01;-0,01;-0,01;-0,01;-0,02;-0,02;-0,02;-0,02;0,0;0,0;0,0;0,0;-0,02;-0,02;-0,02;-0,02;-0,02;-0,02;-0,01;-0,01;-0,02;-0,02;-0,01;-0,01;-0,02;-0,02;-0,02;-0,02;-0,03;-0,03;-0,01;-0,01;-0,01;-0,01;-0,01;-0,01;-0,01;-0,01;-0,01;-0,01;0,0;0,0
03.07.2026;07:00;07:15;0,0;0,0;0,0;0,0;-0,12;-0,12;-0,11;-0,11;0,0;0,0;0,0;0,0;-0,33;-0,33;-0,01;-0,01;-0,02;-0,02;-0,02;-0,02;-0,02;-0,02;-0,01;-0,01;0,0;0,0;-0,02;-0,02;-0,02;-0,02;-0,02;-0,02;-0,01;-0,01;-0,01;-0,01;0,0;0,0;-0,1;-0,1;-0,01;-0,01;-0,01;-0,01;-0,02;-0,02;0,0;0,0;-0,02;-0,02;-0,01;-0,01;-0,02;-0,02;0,0;0,0
03.07.2026;07:15;07:30;0,72;0,23;0,0;0,0;-0,02;0,0;-0,11;0,0;0,0;0,0;0,0;0,0;-0,18;-0,14;-0,26;-0,22;-0,02;0,0;-0,02;0,0;-0,01;0,0;-0,01;0,0;0,0;0,0;0,0;0,0;-0,01;0,0;-0,01;0,0;-0,03;0,0;0,0;0,0;-0,02;0,0;-0,04;0,0;0,0;0,0;-0,01;0,0;-0,05;-0,01;-0,02;0,0;-0,01;0,0;-0,01;0,0;-0,02;0,0;0,0;0,0
03.07.2026;07:30;07:45;0,9;0,4;0,0;0,0;-0,02;0,0;-0,07;0,0;0,0;0,0;0,0;0,0;-0,36;-0,29;-0,08;-0,01;-0,02;0,0;-0,01;0,0;-0,02;0,0;0,0;0,0;0,0;0,0;-0,02;0,0;-0,01;0,0;-0,01;0,0;-0,01;0,0;-0,01;0,0;-0,01;0,0;-0,02;0,0;-0,02;0,0;-0,01;0,0;-0,03;0,0;-0,01;0,0;-0,01;0,0;-0,01;0,0;-0,04;0,0;0,0;0,0
03.07.2026;07:45;08:00;0,85;0,37;-0,01;0,0;-0,01;0,0;-0,08;0,0;0,0;0,0;0,0;0,0;-0,11;-0,05;-0,04;0,0;-0,01;0,0;-0,02;0,0;-0,01;0,0;-0,02;0,0;0,0;0,0;-0,01;0,0;0,0;0,0;-0,02;0,0;-0,01;0,0;-0,02;0,0;-0,01;0,0;-0,02;0,0;-0,01;0,0;-0,02;0,0;-0,05;0,0;-0,01;0,0;-0,01;0,0;-0,02;0,0;-0,01;0,0;0,0;0,0
03.07.2026;08:00;08:15;1,48;0,95;0,0;0,0;-0,02;0,0;-0,07;0,0;0,0;0,0;-0,01;0,0;-0,06;0,0;-0,09;0,0;-0,02;0,0;-0,01;0,0;-0,01;0,0;0,0;0,0;0,0;0,0;-0,04;0,0;-0,01;0,0;-0,01;0,0;-0,01;0,0;-0,01;0,0;-0,02;0,0;-0,03;0,0;-0,01;0,0;-0,03;0,0;-0,04;0,0;-0,01;0,0;0,0;0,0;-0,01;0,0;-0,01;0,0;0,0;0,0
03.07.2026;08:15;08:30;1,88;0,96;0,0;0,0;-0,02;0,0;-0,15;0,0;0,0;0,0;0,0;0,0;-0,05;0,0;-0,27;-0,07;-0,02;0,0;-0,3;-0,1;-0,02;0,0;-0,01;0,0;0,0;0,0;-0,01;0,0;-0,01;0,0;-0,07;0,0;0,0;0,0;-0,01;0,0;-0,01;0,0;-0,02;0,0;-0,01;0,0;-0,02;0,0;-0,05;0,0;-0,01;0,0;-0,01;0,0;-0,01;0,0;-0,01;0,0;0,0;0,0
03.07.2026;08:30;08:45;2,41;1,61;0,0;0,0;-0,02;0,0;-0,24;0,0;0,0;0,0;0,0;0,0;-0,03;0,0;-0,02;0,0;-0,01;0,0;-0,07;0,0;-0,01;0,0;-0,01;0,0;0,0;0,0;-0,04;0,0;-0,01;0,0;-0,01;0,0;-0,01;0,0;-0,01;0,0;-0,01;0,0;-0,18;0,0;-0,01;0,0;-0,01;0,0;-0,04;0,0;-0,02;0,0;-0,01;0,0;-0,01;0,0;-0,02;0,0;0,0;0,0
03.07.2026;08:45;09:00;2,7;1,89;-0,01;0,0;-0,01;0,0;-0,2;0,0;0,0;0,0;0,0;0,0;-0,04;0,0;-0,02;0,0;-0,02;0,0;-0,04;0,0;0,0;0,0;0,0;0,0;0,0;0,0;-0,03;0,0;-0,01;0,0;-0,01;0,0;-0,02;0,0;-0,01;0,0;-0,02;0,0;-0,28;0,0;-0,01;0,0;-0,01;0,0;-0,03;0,0;-0,01;0,0;-0,01;0,0;-0,01;0,0;-0,01;0,0;0,0;0,0
03.07.2026;09:00;09:15;1,33;0,63;0,0;0,0;-0,02;0,0;-0,2;0,0;0,0;0,0;-0,01;0,0;-0,04;0,0;-0,03;0,0;-0,01;0,0;-0,04;0,0;0,0;0,0;-0,02;0,0;0,0;0,0;-0,05;0,0;-0,01;0,0;-0,02;0,0;0,0;0,0;-0,02;0,0;-0,01;0,0;-0,09;0,0;-0,01;0,0;-0,02;0,0;-0,05;0,0;-0,01;0,0;-0,01;0,0;-0,01;0,0;-0,02;0,0;0,0;0,0
03.07.2026;09:15;09:30;2,15;1,37;0,0;0,0;-0,01;0,0;-0,12;0,0;0,0;0,0;0,0;0,0;-0,04;0,0;-0,04;0,0;-0,02;0,0;-0,39;-0,13;-0,02;0,0;0,0;0,0;0,0;0,0;-0,05;0,0;-0,01;0,0;-0,01;0,0;0,0;0,0;-0,01;0,0;-0,02;0,0;-0,06;0,0;-0,01;0,0;-0,02;0,0;-0,04;0,0;-0,01;0,0;-0,01;0,0;0,0;0,0;-0,02;0,0;0,0;0,0
03.07.2026;09:30;09:45;2,2;1,33;0,0;0,0;-0,02;0,0;-0,19;0,0;0,0;0,0;0,0;0,0;-0,03;0,0;-0,05;0,0;-0,02;0,0;-0,24;0,0;-0,01;0,0;-0,01;0,0;0,0;0,0;-0,03;0,0;-0,01;0,0;-0,01;0,0;-0,02;0,0;-0,01;0,0;-0,01;0,0;-0,06;0,0;-0,01;0,0;-0,02;0,0;-0,03;0,0;-0,02;0,0;-0,01;0,0;-0,01;0,0;-0,05;0,0;0,0;0,0
03.07.2026;09:45;10:00;3,26;2,47;-0,01;0,0;0,0;0,0;-0,09;0,0;0,0;0,0;0,0;0,0;-0,04;0,0;-0,07;0,0;-0,01;0,0;-0,29;0,0;-0,02;0,0;-0,01;0,0;0,0;0,0;-0,02;0,0;-0,01;0,0;-0,01;0,0;-0,01;0,0;0,0;0,0;-0,01;0,0;-0,06;0,0;-0,01;0,0;-0,02;0,0;-0,05;0,0;0,0;0,0;-0,01;0,0;-0,02;0,0;-0,02;0,0;0,0;0,0
03.07.2026;10:00;10:15;2,97;1,59;0,0;0,0;-0,01;0,0;-0,21;0,0;-0,01;0,0;-0,01;0,0;-0,05;0,0;-0,17;0,0;-0,02;0,0;-0,29;0,0;-0,02;0,0;0,0;0,0;-0,01;0,0;-0,01;0,0;-0,01;0,0;-0,01;0,0;0,0;0,0;-0,01;0,0;-0,02;0,0;-0,24;0,0;-0,01;0,0;-0,01;0,0;-0,04;0,0;-0,01;0,0;0,0;0,0;-0,02;0,0;-0,19;0,0;0,0;0,0
03.07.2026;10:15;10:30;2,9;1,44;0,0;0,0;0,0;0,0;-0,22;0,0;0,0;0,0;0,0;0,0;-0,04;0,0;-0,38;-0,05;-0,01;0,0;-0,22;0,0;-0,01;0,0;-0,01;0,0;0,0;0,0;-0,09;0,0;-0,01;0,0;0,0;0,0;0,0;0,0;-0,01;0,0;-0,01;0,0;-0,45;-0,12;-0,01;0,0;-0,01;0,0;-0,04;0,0;-0,02;0,0;-0,01;0,0;0,0;0,0;-0,08;0,0;0,0;0,0
03.07.2026;10:30;10:45;2,88;1,48;0,0;0,0;-0,01;0,0;-0,2;0,0;0,0;0,0;0,0;0,0;-0,04;0,0;-0,41;-0,08;-0,03;0,0;-0,32;0,0;-0,01;0,0;-0,01;0,0;0,0;0,0;-0,03;0,0;-0,02;0,0;-0,01;0,0;-0,02;0,0;-0,01;0,0;-0,02;0,0;-0,17;0,0;-0,01;0,0;-0,02;0,0;-0,04;0,0;-0,01;0,0;-0,01;0,0;-0,01;0,0;-0,07;0,0;0,0;0,0
03.07.2026;10:45;11:00;0,72;0,19;0,0;0,0;-0,02;0,0;-0,14;-0,01;0,0;0,0;0,0;0,0;-0,04;-0,01;-0,34;-0,31;-0,01;0,0;-0,29;-0,26;-0,02;0,0;-0,01;0,0;0,0;0,0;-0,02;0,0;-0,03;0,0;-0,01;0,0;-0,01;0,0;-0,01;0,0;-0,01;0,0;-0,16;-0,13;-0,01;0,0;-0,03;0,0;-0,06;-0,03;-0,01;0,0;-0,01;0,0;-0,01;0,0;-0,21;-0,18;0,0;0,0
03.07.2026;11:00;11:15;0,0;0,0;-0,01;-0,01;-0,04;-0,04;-0,26;-0,26;0,0;0,0;0,0;0,0;-0,05;-0,05;-0,39;-0,39;-0,02;-0,02;-0,27;-0,27;-0,01;-0,01;0,0;0,0;0,0;0,0;-0,02;-0,02;-0,04;-0,04;-0,01;-0,01;0,0;0,0;-0,01;-0,01;-0,01;-0,01;-0,17;-0,17;-0,02;-0,02;-0,01;-0,01;-0,05;-0,05;-0,01;-0,01;-0,01;-0,01;-0,01;-0,01;-0,03;-0,03;0,0;0,0
03.07.2026;11:15;11:30;0,81;0,21;0,0;0,0;-0,02;0,0;-0,19;-0,03;0,0;0,0;-0,01;0,0;-0,04;0,0;-0,33;-0,29;-0,02;0,0;-0,33;-0,29;-0,02;0,0;-0,01;0,0;0,0;0,0;-0,03;0,0;-0,03;0,0;-0,01;0,0;0,0;0,0;-0,01;0,0;-0,01;0,0;-0,17;-0,13;0,0;0,0;-0,01;0,0;-0,05;-0,01;-0,01;0,0;-0,01;0,0;0,0;0,0;-0,13;-0,09;0,0;0,0
03.07.2026;11:30;11:45;3,75;2,56;0,0;0,0;-0,01;0,0;-0,1;0,0;0,0;0,0;0,0;0,0;-0,04;0,0;-0,31;0,0;-0,01;0,0;-0,31;0,0;0,0;0,0;-0,01;0,0;0,0;0,0;-0,04;0,0;-0,04;0,0;-0,01;0,0;-0,02;0,0;-0,01;0,0;-0,02;0,0;-0,08;0,0;-0,01;0,0;-0,01;0,0;-0,05;0,0;-0,02;0,0;-0,01;0,0;-0,02;0,0;-0,06;0,0;0,0;0,0
03.07.2026;11:45;12:00;4,06;2,78;0,0;0,0;-0,04;0,0;-0,1;0,0;0,0;0,0;0,0;0,0;-0,03;0,0;-0,62;-0,07;-0,02;0,0;-0,14;0,0;0,0;0,0;-0,01;0,0;0,0;0,0;-0,15;0,0;-0,04;0,0;-0,02;0,0;-0,01;0,0;-0,01;0,0;0,0;0,0;-0,05;0,0;-0,01;0,0;-0,02;0,0;-0,04;0,0;0,0;0,0;-0,01;0,0;-0,01;0,0;-0,02;0,0;0,0;0,0
03.07.2026;12:00;12:15;2,59;1,39;-0,01;0,0;-0,01;0,0;-0,07;0,0;0,0;0,0;0,0;0,0;-0,04;0,0;-0,32;-0,02;-0,02;0,0;-0,14;0,0;-0,01;0,0;-0,01;0,0;0,0;0,0;-0,45;-0,15;-0,04;0,0;0,0;0,0;0,0;0,0;-0,01;0,0;-0,01;0,0;-0,04;0,0;-0,01;0,0;-0,03;0,0;-0,05;0,0;-0,02;0,0;-0,01;0,0;-0,02;0,0;-0,05;0,0;0,0;0,0
03.07.2026;12:15;12:30;2,12;1,18;0,0;0,0;0,0;0,0;-0,07;0,0;0,0;0,0;-0,01;0,0;-0,04;0,0;-0,28;-0,04;-0,01;0,0;-0,15;0,0;-0,02;0,0;0,0;0,0;0,0;0,0;-0,12;0,0;-0,04;0,0;-0,02;0,0;0,0;0,0;-0,01;0,0;-0,02;0,0;-0,05;0,0;-0,02;0,0;-0,02;0,0;-0,04;0,0;-0,01;0,0;-0,01;0,0;-0,03;0,0;-0,01;0,0;0,0;0,0
03.07.2026;12:30;12:45;2,76;1,69;0,0;0,0;-0,01;0,0;-0,08;0,0;0,0;0,0;0,0;0,0;-0,04;0,0;-0,24;0,0;-0,02;0,0;-0,14;0,0;-0,01;0,0;-0,01;0,0;0,0;0,0;-0,07;0,0;-0,04;0,0;-0,01;0,0;-0,01;0,0;0,0;0,0;0,0;0,0;-0,04;0,0;0,0;0,0;-0,01;0,0;-0,05;0,0;-0,01;0,0;-0,01;0,0;-0,03;0,0;-0,24;0,0;0,0;0,0
03.07.2026;12:45;13:00;3,99;2,62;0,0;0,0;-0,02;0,0;-0,1;0,0;0,0;0,0;0,0;0,0;-0,04;0,0;-0,03;0,0;-0,01;0,0;-0,4;0,0;-0,02;0,0;-0,01;0,0;0,0;0,0;-0,05;0,0;-0,15;0,0;0,0;0,0;-0,01;0,0;-0,01;0,0;-0,01;0,0;-0,05;0,0;-0,01;0,0;-0,01;0,0;-0,06;0,0;-0,01;0,0;-0,01;0,0;-0,02;0,0;-0,34;0,0;0,0;0,0
03.07.2026;13:00;13:15;4,14;3,44;0,0;0,0;-0,01;0,0;-0,08;0,0;0,0;0,0;0,0;0,0;-0,04;0,0;-0,02;0,0;-0,02;0,0;-0,15;0,0;-0,01;0,0;-0,01;0,0;0,0;0,0;-0,04;0,0;-0,05;0,0;-0,02;0,0;-0,01;0,0;-0,02;0,0;-0,02;0,0;-0,07;0,0;-0,01;0,0;-0,02;0,0;-0,04;0,0;-0,01;0,0;-0,01;0,0;-0,02;0,0;-0,02;0,0;0,0;0,0
03.07.2026;13:15;13:30;3,08;2,41;-0,01;0,0;-0,02;0,0;-0,07;0,0;0,0;0,0;0,0;0,0;-0,04;0,0;-0,02;0,0;-0,02;0,0;-0,14;0,0;-0,02;0,0;-0,01;0,0;0,0;0,0;-0,07;0,0;-0,04;0,0;0,0;0,0;0,0;0,0;-0,01;0,0;0,0;0,0;-0,05;0,0;-0,01;0,0;-0,02;0,0;-0,04;0,0;-0,02;0,0;-0,01;0,0;-0,01;0,0;-0,04;0,0;0,0;0,0
03.07.2026;13:30;13:45;3,21;2,36;0,0;0,0;0,0;0,0;-0,07;0,0;0,0;0,0;-0,01;0,0;-0,03;0,0;-0,02;0,0;-0,01;0,0;-0,15;0,0;-0,01;0,0;0,0;0,0;0,0;0,0;-0,04;0,0;-0,04;0,0;-0,02;0,0;-0,01;0,0;-0,01;0,0;-0,01;0,0;-0,17;0,0;-0,01;0,0;-0,03;0,0;-0,04;0,0;0,0;0,0;-0,02;0,0;0,0;0,0;-0,15;0,0;0,0;0,0
03.07.2026;13:45;14:00;3,08;2,14;0,0;0,0;-0,01;0,0;-0,08;0,0;0,0;0,0;0,0;0,0;-0,04;0,0;-0,01;0,0;-0,03;0,0;-0,33;0,0;-0,02;0,0;-0,01;0,0;0,0;0,0;-0,03;0,0;-0,04;0,0;-0,02;0,0;-0,01;0,0;0,0;0,0;-0,03;0,0;-0,06;0,0;-0,01;0,0;-0,01;0,0;-0,05;0,0;-0,01;0,0;-0,01;0,0;-0,02;0,0;-0,11;0,0;0,0;0,0
03.07.2026;14:00;14:15;3,36;2,36;0,0;0,0;0,0;0,0;-0,08;0,0;0,0;0,0;0,0;0,0;-0,04;0,0;-0,02;0,0;-0,01;0,0;-0,14;0,0;-0,01;0,0;-0,01;0,0;0,0;0,0;-0,36;0,0;-0,04;0,0;-0,01;0,0;-0,01;0,0;-0,01;0,0;-0,01;0,0;-0,05;0,0;-0,01;0,0;-0,01;0,0;-0,12;0,0;-0,02;0,0;-0,01;0,0;-0,01;0,0;-0,02;0,0;0,0;0,0
03.07.2026;14:15;14:30;3,12;2,14;-0,01;0,0;-0,02;0,0;-0,14;0,0;0,0;0,0;0,0;0,0;-0,04;0,0;-0,02;0,0;-0,02;0,0;-0,12;0,0;-0,01;0,0;-0,01;0,0;0,0;0,0;-0,33;0,0;-0,04;0,0;-0,02;0,0;-0,01;0,0;-0,01;0,0;-0,01;0,0;-0,04;0,0;-0,01;0,0;-0,03;0,0;-0,05;0,0;-0,01;0,0;-0,01;0,0;-0,01;0,0;-0,01;0,0;0,0;0,0
03.07.2026;14:30;14:45;3,3;2,76;0,0;0,0;-0,01;0,0;-0,07;0,0;0,0;0,0;-0,01;0,0;-0,03;0,0;-0,01;0,0;-0,01;0,0;-0,02;0,0;0,0;0,0;-0,01;0,0;0,0;0,0;-0,03;0,0;-0,03;0,0;-0,01;0,0;0,0;0,0;-0,02;0,0;-0,03;0,0;-0,03;0,0;-0,08;0,0;-0,03;0,0;-0,06;0,0;-0,01;0,0;-0,01;0,0;-0,02;0,0;-0,01;0,0;0,0;0,0
03.07.2026;14:45;15:00;1,54;1,06;0,0;0,0;-0,01;0,0;-0,08;0,0;0,0;0,0;0,0;0,0;-0,04;0,0;-0,03;0,0;-0,02;0,0;-0,01;0,0;-0,01;0,0;0,0;0,0;0,0;0,0;-0,04;0,0;-0,04;0,0;-0,01;0,0;-0,01;0,0;0,0;0,0;0,0;0,0;-0,02;0,0;-0,02;0,0;-0,04;0,0;-0,05;0,0;-0,01;0,0;-0,01;0,0;-0,01;0,0;-0,02;0,0;0,0;0,0
03.07.2026;15:00;15:15;0,2;0,15;0,0;0,0;-0,02;-0,02;-0,26;-0,21;-0,01;-0,01;0,0;0,0;-0,04;-0,04;-0,01;-0,01;-0,02;-0,02;-0,01;-0,01;-0,01;-0,01;-0,01;-0,01;-0,01;-0,01;-0,05;-0,05;-0,04;-0,04;-0,01;-0,01;-0,01;-0,01;-0,03;-0,03;-0,02;-0,02;-0,02;-0,02;-0,09;-0,09;-0,06;-0,06;-0,04;-0,04;-0,02;-0,02;-0,37;-0,37;0,0;0,0;-0,01;-0,01;0,0;0,0
03.07.2026;15:15;15:30;3,47;2,18;0,0;0,0;-0,01;0,0;-0,18;0,0;0,0;0,0;0,0;0,0;-0,04;0,0;-0,04;0,0;-0,01;0,0;-0,02;0,0;-0,02;0,0;-0,01;0,0;0,0;0,0;-0,08;0,0;-0,04;0,0;-0,01;0,0;-0,01;0,0;-0,52;-0,09;-0,02;0,0;-0,02;0,0;-0,1;0,0;-0,05;0,0;-0,06;0,0;-0,01;0,0;-0,09;0,0;-0,02;0,0;-0,02;0,0;0,0;0,0
03.07.2026;15:30;15:45;2,78;1,72;-0,01;0,0;0,0;0,0;-0,16;0,0;0,0;0,0;0,0;0,0;-0,03;0,0;-0,02;0,0;-0,02;0,0;-0,03;0,0;-0,01;0,0;-0,02;0,0;0,0;0,0;-0,04;0,0;-0,06;0,0;-0,01;0,0;0,0;0,0;-0,29;0,0;0,0;0,0;-0,02;0,0;-0,09;0,0;-0,18;0,0;-0,04;0,0;0,0;0,0;-0,02;0,0;0,0;0,0;-0,01;0,0;0,0;0,0
03.07.2026;15:45;16:00;3,54;2,35;0,0;0,0;-0,01;0,0;-0,21;0,0;0,0;0,0;-0,01;0,0;-0,04;0,0;-0,02;0,0;-0,02;0,0;-0,03;0,0;-0,02;0,0;-0,01;0,0;0,0;0,0;-0,03;0,0;-0,04;0,0;-0,01;0,0;-0,01;0,0;-0,39;0,0;-0,02;0,0;-0,02;0,0;-0,01;0,0;-0,19;0,0;-0,05;0,0;-0,02;0,0;-0,01;0,0;-0,01;0,0;-0,01;0,0;0,0;0,0
03.07.2026;16:00;16:15;2,78;1,65;0,0;0,0;0,0;0,0;-0,08;0,0;0,0;0,0;0,0;0,0;-0,04;0,0;-0,03;0,0;-0,01;0,0;-0,11;0,0;-0,01;0,0;-0,01;0,0;0,0;0,0;-0,05;0,0;-0,03;0,0;-0,01;0,0;-0,01;0,0;-0,35;-0,02;-0,01;0,0;-0,02;0,0;-0,1;0,0;-0,18;0,0;-0,04;0,0;-0,01;0,0;-0,02;0,0;-0,02;0,0;-0,01;0,0;0,0;0,0
03.07.2026;16:15;16:30;3,47;2,51;0,0;0,0;-0,02;0,0;-0,09;0,0;0,0;0,0;0,0;0,0;-0,03;0,0;-0,02;0,0;-0,02;0,0;-0,11;0,0;-0,02;0,0;-0,01;0,0;0,0;0,0;-0,04;0,0;-0,04;0,0;-0,01;0,0;-0,01;0,0;-0,39;0,0;-0,01;0,0;-0,02;0,0;-0,03;0,0;-0,02;0,0;-0,04;0,0;-0,01;0,0;0,0;0,0;-0,01;0,0;-0,01;0,0;0,0;0,0
03.07.2026;16:30;16:45;3,71;3,09;-0,01;0,0;-0,02;0,0;-0,07;0,0;0,0;0,0;0,0;0,0;-0,04;0,0;-0,02;0,0;-0,01;0,0;-0,1;0,0;-0,01;0,0;-0,01;0,0;0,0;0,0;-0,03;0,0;-0,04;0,0;-0,01;0,0;0,0;0,0;-0,02;0,0;-0,02;0,0;-0,02;0,0;-0,02;0,0;-0,08;0,0;-0,04;0,0;-0,01;0,0;-0,01;0,0;-0,01;0,0;-0,02;0,0;0,0;0,0
03.07.2026;16:45;17:00;3,42;2,18;0,0;0,0;-0,03;0,0;-0,11;0,0;0,0;0,0;-0,01;0,0;-0,04;0,0;-0,02;0,0;-0,02;0,0;-0,11;0,0;-0,02;0,0;-0,01;0,0;0,0;0,0;-0,26;0,0;-0,04;0,0;-0,01;0,0;-0,01;0,0;-0,03;0,0;-0,01;0,0;-0,02;0,0;-0,01;0,0;-0,4;0,0;-0,04;0,0;-0,02;0,0;0,0;0,0;-0,01;0,0;-0,01;0,0;0,0;0,0
03.07.2026;17:00;17:15;2,41;1,8;0,0;0,0;-0,02;0,0;-0,1;0,0;0,0;0,0;0,0;0,0;-0,04;0,0;-0,02;0,0;-0,02;0,0;-0,1;0,0;-0,01;0,0;0,0;0,0;0,0;0,0;-0,07;0,0;-0,03;0,0;-0,01;0,0;-0,02;0,0;-0,02;0,0;-0,01;0,0;-0,02;0,0;-0,01;0,0;-0,02;0,0;-0,04;0,0;-0,01;0,0;-0,02;0,0;-0,01;0,0;-0,01;0,0;0,0;0,0
03.07.2026;17:15;17:30;2,49;1,85;0,0;0,0;-0,01;0,0;-0,08;0,0;0,0;0,0;0,0;0,0;-0,04;0,0;-0,03;0,0;-0,02;0,0;-0,09;0,0;-0,01;0,0;-0,01;0,0;0,0;0,0;-0,06;0,0;-0,04;0,0;-0,01;0,0;-0,01;0,0;-0,03;0,0;-0,01;0,0;-0,02;0,0;-0,02;0,0;-0,02;0,0;-0,04;0,0;0,0;0,0;-0,01;0,0;-0,06;0,0;-0,02;0,0;0,0;0,0
03.07.2026;17:30;17:45;1,84;1,32;0,0;0,0;-0,02;0,0;-0,09;0,0;0,0;0,0;0,0;0,0;-0,04;0,0;-0,02;0,0;-0,02;0,0;-0,01;0,0;0,0;0,0;-0,01;0,0;0,0;0,0;-0,03;0,0;-0,03;0,0;-0,01;0,0;-0,02;0,0;-0,03;0,0;-0,01;0,0;-0,02;0,0;-0,04;0,0;-0,01;0,0;-0,04;0,0;-0,02;0,0;-0,01;0,0;-0,03;0,0;-0,01;0,0;0,0;0,0
03.07.2026;17:45;18:00;0,74;0,2;-0,01;0,0;-0,01;0,0;-0,15;-0,01;0,0;0,0;0,0;0,0;-0,04;-0,01;-0,02;0,0;-0,01;0,0;0,0;0,0;0,0;0,0;-0,01;0,0;0,0;0,0;-0,03;0,0;-0,04;-0,01;-0,02;0,0;-0,01;0,0;-0,03;0,0;-0,02;0,0;-0,02;0,0;-0,03;0,0;-0,01;0,0;-0,05;-0,02;-0,01;0,0;-0,01;0,0;-0,03;0,0;-0,03;0,0;0,0;0,0
03.07.2026;18:00;18:15;1,34;0,74;0,0;0,0;-0,01;0,0;-0,09;0,0;0,0;0,0;-0,01;0,0;-0,05;0,0;-0,04;0,0;-0,02;0,0;-0,01;0,0;-0,02;0,0;-0,02;0,0;0,0;0,0;-0,04;0,0;-0,04;0,0;-0,02;0,0;-0,02;0,0;-0,03;0,0;-0,01;0,0;-0,03;0,0;-0,01;0,0;-0,02;0,0;-0,04;0,0;-0,01;0,0;-0,01;0,0;-0,03;0,0;-0,02;0,0;0,0;0,0
03.07.2026;18:15;18:30;0,77;0,24;0,0;0,0;-0,02;0,0;-0,13;0,0;0,0;0,0;0,0;0,0;-0,33;-0,29;-0,01;0,0;-0,02;0,0;-0,01;0,0;-0,01;0,0;-0,02;0,0;0,0;0,0;-0,01;0,0;-0,04;0,0;-0,01;0,0;-0,01;0,0;-0,07;-0,03;-0,01;0,0;-0,02;0,0;-0,01;0,0;-0,02;0,0;-0,07;-0,03;-0,01;0,0;-0,01;0,0;-0,02;0,0;-0,02;0,0;0,0;0,0
03.07.2026;18:30;18:45;0,08;0,08;0,0;0,0;-0,02;-0,02;-0,09;-0,09;0,0;0,0;0,0;0,0;-0,32;-0,32;-0,02;-0,02;-0,01;-0,01;0,0;0,0;-0,02;-0,02;-0,03;-0,03;0,0;0,0;-0,03;-0,03;-0,02;-0,02;-0,01;-0,01;0,0;0,0;-0,12;-0,12;-0,18;-0,18;-0,02;-0,02;-0,01;-0,01;-0,01;-0,01;-0,09;-0,09;-0,01;-0,01;-0,01;-0,01;-0,03;-0,03;-0,02;-0,02;0,0;0,0
03.07.2026;18:45;19:00;0,02;0,02;-0,01;-0,01;-0,01;-0,01;-0,16;-0,16;0,0;0,0;0,0;0,0;-0,27;-0,27;-0,05;-0,05;-0,02;-0,02;-0,01;-0,01;-0,02;-0,02;-0,02;-0,02;0,0;0,0;-0,03;-0,03;-0,01;-0,01;-0,01;-0,01;-0,01;-0,01;-0,11;-0,11;-0,03;-0,03;-0,02;-0,02;-0,01;-0,01;-0,01;-0,01;-0,05;-0,05;-0,02;-0,02;-0,01;-0,01;-0,03;-0,03;-0,02;-0,02;0,0;0,0
03.07.2026;19:00;19:15;0,82;0,28;0,0;0,0;-0,02;0,0;-0,08;0,0;0,0;0,0;-0,01;0,0;-0,12;-0,07;-0,04;0,0;-0,01;0,0;-0,02;0,0;-0,01;0,0;-0,02;0,0;0,0;0,0;-0,02;0,0;-0,01;0,0;-0,01;0,0;-0,01;0,0;-0,04;0,0;-0,03;0,0;-0,02;0,0;-0,01;0,0;-0,02;0,0;-0,09;-0,04;0,0;0,0;-0,01;0,0;-0,03;0,0;-0,02;0,0;0,0;0,0
03.07.2026;19:15;19:30;0,8;0,21;0,0;0,0;-0,03;0,0;-0,25;-0,1;0,0;0,0;0,0;0,0;-0,04;-0,01;-0,02;0,0;-0,02;0,0;-0,02;0,0;-0,01;0,0;-0,02;0,0;0,0;0,0;-0,06;-0,03;-0,01;0,0;-0,01;0,0;-0,01;0,0;-0,06;-0,03;-0,02;0,0;-0,02;0,0;-0,01;0,0;-0,02;0,0;-0,09;-0,06;-0,02;0,0;-0,06;-0,03;-0,02;0,0;-0,03;0,0;0,0;0,0
03.07.2026;19:30;19:45;0,63;0,18;0,0;0,0;-0,06;-0,04;-0,21;-0,11;0,0;0,0;0,0;0,0;-0,04;-0,02;-0,03;-0,01;-0,02;0,0;-0,01;0,0;-0,02;0,0;-0,01;0,0;0,0;0,0;-0,04;-0,02;-0,01;0,0;-0,04;-0,02;0,0;0,0;-0,09;-0,07;-0,02;0,0;-0,02;0,0;-0,01;0,0;-0,02;0,0;-0,09;-0,07;-0,01;0,0;-0,03;-0,01;-0,33;-0,31;-0,05;-0,03;0,0;0,0
03.07.2026;19:45;20:00;0,33;0,09;-0,01;0,0;-0,03;-0,02;-0,07;-0,05;0,0;0,0;0,0;0,0;-0,04;-0,03;-0,03;-0,02;-0,01;0,0;-0,02;-0,01;-0,01;0,0;-0,01;0,0;0,0;0,0;-0,03;-0,02;-0,01;0,0;-0,06;-0,05;-0,01;0,0;-0,04;-0,03;-0,03;-0,02;-0,02;-0,01;-0,01;0,0;-0,01;0,0;-0,04;-0,03;-0,01;0,0;-0,02;-0,01;-0,38;-0,37;-0,04;-0,03;0,0;0,0
03.07.2026;20:00;20:15;0,33;0,07;0,0;0,0;-0,03;-0,02;-0,1;-0,08;-0,01;0,0;-0,01;0,0;-0,04;-0,03;-0,04;-0,03;-0,03;-0,02;-0,02;-0,01;-0,02;-0,01;-0,01;0,0;-0,01;0,0;-0,02;-0,01;-0,01;0,0;-0,05;-0,04;-0,01;0,0;-0,04;-0,03;-0,02;-0,01;-0,02;-0,01;-0,01;0,0;-0,01;0,0;-0,05;-0,04;-0,01;0,0;-0,07;-0,06;-0,32;-0,31;-0,03;-0,02;0,0;0,0
03.07.2026;20:15;20:30;0,14;0,11;0,0;0,0;-0,03;-0,03;-0,08;-0,05;0,0;0,0;0,0;0,0;-0,06;-0,06;-0,03;-0,03;-0,01;-0,01;0,0;0,0;0,0;0,0;-0,02;-0,02;0,0;0,0;-0,03;-0,03;-0,01;-0,01;-0,04;-0,04;-0,01;-0,01;-0,05;-0,05;-0,02;-0,02;-0,02;-0,02;-0,01;-0,01;-0,02;-0,02;-0,05;-0,05;-0,01;-0,01;-0,02;-0,02;-0,2;-0,2;-0,03;-0,03;0,0;0,0
03.07.2026;20:30;20:45;0,06;0,06;0,0;0,0;-0,02;-0,02;-0,13;-0,13;0,0;0,0;0,0;0,0;-0,04;-0,04;-0,03;-0,03;-0,02;-0,02;-0,01;-0,01;0,0;0,0;-0,02;-0,02;0,0;0,0;-0,03;-0,03;-0,01;-0,01;-0,06;-0,06;0,0;0,0;-0,06;-0,06;-0,02;-0,02;-0,02;-0,02;-0,01;-0,01;-0,02;-0,02;-0,05;-0,05;-0,02;-0,02;-0,02;-0,02;-0,04;-0,04;-0,04;-0,04;0,0;0,0
03.07.2026;20:45;21:00;0,03;0,03;0,0;0,0;-0,04;-0,04;-0,16;-0,16;0,0;0,0;0,0;0,0;-0,04;-0,04;-0,04;-0,04;-0,01;-0,01;0,0;0,0;-0,01;-0,01;-0,01;-0,01;0,0;0,0;-0,02;-0,02;-0,02;-0,02;-0,04;-0,04;-0,01;-0,01;-0,07;-0,07;-0,02;-0,02;-0,02;-0,02;-0,01;-0,01;-0,02;-0,02;-0,05;-0,05;0,0;0,0;-0,02;-0,02;-0,03;-0,03;-0,04;-0,04;0,0;0,0
03.07.2026;21:00;21:15;0,01;0,01;-0,01;-0,01;-0,02;-0,02;-0,09;-0,09;0,0;0,0;0,0;0,0;-0,04;-0,04;-0,03;-0,03;-0,02;-0,02;-0,01;-0,01;-0,02;-0,02;-0,09;-0,09;0,0;0,0;-0,58;-0,58;-0,03;-0,03;-0,04;-0,04;-0,01;-0,01;-0,22;-0,22;-0,02;-0,02;-0,08;-0,08;-0,01;-0,01;-0,01;-0,01;-0,04;-0,04;-0,01;-0,01;-0,01;-0,01;-0,03;-0,03;-0,03;-0,03;0,0;0,0
03.07.2026;21:15;21:30;0,0;0,0;0,0;0,0;-0,02;-0,02;-0,13;-0,13;0,0;0,0;-0,01;-0,01;-0,04;-0,04;-0,03;-0,03;-0,02;-0,02;-0,18;-0,18;-0,01;-0,01;-0,05;-0,05;0,0;0,0;-0,39;-0,39;-0,03;-0,03;-0,03;-0,03;-0,01;-0,01;-0,32;-0,32;-0,02;-0,02;-0,02;-0,02;-0,02;-0,02;-0,01;-0,01;-0,05;-0,05;-0,02;-0,02;-0,02;-0,02;-0,02;-0,02;-0,03;-0,03;0,0;0,0
03.07.2026;21:30;21:45;0,0;0,0;0,0;0,0;-0,01;-0,01;-0,21;-0,21;0,0;0,0;0,0;0,0;-0,05;-0,05;-0,03;-0,03;-0,01;-0,01;-0,2;-0,2;-0,02;-0,02;-0,01;-0,01;0,0;0,0;-0,17;-0,17;-0,03;-0,03;-0,04;-0,04;-0,01;-0,01;-0,34;-0,34;-0,02;-0,02;-0,02;-0,02;-0,03;-0,03;-0,01;-0,01;-0,05;-0,05;-0,01;-0,01;-0,01;-0,01;-0,03;-0,03;-0,03;-0,03;0,0;0,0
03.07.2026;21:45;22:00;0,0;0,0;0,0;0,0;-0,02;-0,02;-0,16;-0,16;0,0;0,0;0,0;0,0;-0,04;-0,04;-0,03;-0,03;-0,02;-0,02;-0,08;-0,08;-0,01;-0,01;-0,01;-0,01;0,0;0,0;-0,03;-0,03;-0,03;-0,03;-0,01;-0,01;-0,03;-0,03;-0,33;-0,33;-0,03;-0,03;-0,04;-0,04;-0,03;-0,03;-0,03;-0,03;-0,05;-0,05;0,0;0,0;-0,01;-0,01;-0,03;-0,03;-0,04;-0,04;0,0;0,0
03.07.2026;22:00;22:15;0,0;0,0;-0,01;-0,01;-0,03;-0,03;-0,11;-0,11;0,0;0,0;0,0;0,0;-0,04;-0,04;-0,03;-0,03;-0,02;-0,02;-0,06;-0,06;-0,02;-0,02;-0,01;-0,01;0,0;0,0;-0,05;-0,05;-0,02;-0,02;-0,01;-0,01;-0,02;-0,02;-0,05;-0,05;-0,01;-0,01;-0,04;-0,04;-0,14;-0,14;-0,02;-0,02;-0,04;-0,04;-0,02;-0,02;-0,01;-0,01;-0,04;-0,04;-0,02;-0,02;0,0;0,0
03.07.2026;22:15;22:30;0,0;0,0;0,0;0,0;-0,02;-0,02;-0,09;-0,09;0,0;0,0;-0,01;-0,01;-0,04;-0,04;-0,03;-0,03;-0,01;-0,01;-0,05;-0,05;-0,01;-0,01;-0,01;-0,01;0,0;0,0;-0,03;-0,03;-0,03;-0,03;-0,01;-0,01;-0,03;-0,03;-0,04;-0,04;-0,02;-0,02;-0,06;-0,06;-0,05;-0,05;0,0;0,0;-0,01;-0,01;-0,01;-0,01;-0,02;-0,02;-0,03;-0,03;-0,04;-0,04;0,0;0,0
03.07.2026;22:30;22:45;0,0;0,0;0,0;0,0;0,0;0,0;-0,08;-0,08;0,0;0,0;0,0;0,0;-0,03;-0,03;-0,03;-0,03;-0,02;-0,02;-0,05;-0,05;-0,01;-0,01;0,0;0,0;0,0;0,0;-0,03;-0,03;-0,04;-0,04;-0,02;-0,02;-0,02;-0,02;-0,04;-0,04;-0,01;-0,01;-0,05;-0,05;-0,06;-0,06;-0,01;-0,01;-0,02;-0,02;-0,01;-0,01;-0,01;-0,01;-0,04;-0,04;-0,03;-0,03;0,0;0,0
03.07.2026;22:45;23:00;0,0;0,0;0,0;0,0;-0,01;-0,01;-0,08;-0,08;0,0;0,0;0,0;0,0;-0,04;-0,04;-0,03;-0,03;-0,01;-0,01;-0,05;-0,05;-0,02;-0,02;-0,01;-0,01;0,0;0,0;-0,03;-0,03;-0,11;-0,11;-0,01;-0,01;-0,03;-0,03;-0,02;-0,02;-0,01;-0,01;-0,06;-0,06;-0,18;-0,18;-0,02;-0,02;-0,01;-0,01;-0,01;-0,01;-0,01;-0,01;-0,03;-0,03;-0,03;-0,03;0,0;0,0
03.07.2026;23:00;23:15;0,0;0,0;0,0;0,0;0,0;0,0;-0,1;-0,1;0,0;0,0;0,0;0,0;-0,04;-0,04;-0,02;-0,02;-0,02;-0,02;-0,05;-0,05;0,0;0,0;-0,01;-0,01;0,0;0,0;-0,02;-0,02;-0,04;-0,04;-0,01;-0,01;-0,01;-0,01;-0,03;-0,03;-0,02;-0,02;-0,05;-0,05;-0,06;-0,06;-0,03;-0,03;-0,01;-0,01;-0,01;-0,01;0,0;0,0;-0,05;-0,05;-0,03;-0,03;0,0;0,0
03.07.2026;23:15;23:30;0,0;0,0;-0,01;-0,01;-0,01;-0,01;-0,07;-0,07;0,0;0,0;0,0;0,0;-0,03;-0,03;-0,04;-0,04;-0,02;-0,02;-0,05;-0,05;-0,01;-0,01;-0,01;-0,01;0,0;0,0;-0,01;-0,01;-0,01;-0,01;-0,01;-0,01;-0,01;-0,01;-0,02;-0,02;-0,01;-0,01;-0,03;-0,03;-0,02;-0,02;-0,01;-0,01;-0,01;-0,01;-0,01;-0,01;0,0;0,0;-0,1;-0,1;-0,02;-0,02;0,0;0,0
03.07.2026;23:30;23:45;0,0;0,0;0,0;0,0;-0,02;-0,02;-0,07;-0,07;0,0;0,0;-0,01;-0,01;-0,04;-0,04;-0,03;-0,03;-0,01;-0,01;-0,02;-0,02;0,0;0,0;-0,01;-0,01;0,0;0,0;-0,01;-0,01;-0,01;-0,01;-0,01;-0,01;-0,01;-0,01;-0,01;-0,01;0,0;0,0;-0,02;-0,02;-0,01;-0,01;-0,01;-0,01;-0,01;-0,01;-0,01;-0,01;0,0;0,0;-0,01;-0,01;-0,02;-0,02;0,0;0,0
03.07.2026;23:45;00:00;0,0;0,0;0,0;0,0;-0,01;-0,01;-0,07;-0,07;0,0;0,0;0,0;0,0;-0,04;-0,04;-0,03;-0,03;-0,02;-0,02;-0,01;-0,01;-0,02;-0,02;0,0;0,0;0,0;0,0;-0,02;-0,02;-0,01;-0,01;-0,01;-0,01;-0,01;-0,01;-0,01;-0,01;-0,03;-0,03;-0,03;-0,03;-0,01;-0,01;-0,01;-0,01;-0,01;-0,01;-0,02;-0,02;-0,02;-0,02;-0,02;-0,02;-0,02;-0,02;0,0;0,0
04.07.2026;00:00;00:15;0,0;0,0;0,0;0,0;-0,01;-0,01;-0,06;-0,06;0,0;0,0;0,0;0,0;-0,03;-0,03;-0,04;-0,04;-0,01;-0,01;-0,01;-0,01;-0,01;-0,01;-0,01;-0,01;0,0;0,0;-0,01;-0,01;-0,01;-0,01;-0,02;-0,02;-0,01;-0,01;-0,02;-0,02;0,0;0,0;-0,02;-0,02;-0,01;-0,01;-0,02;-0,02;-0,02;-0,02;-0,01;-0,01;-0,02;-0,02;-0,02;-0,02;-0,01;-0,01;0,0;0,0
04.07.2026;00:15;00:30;0,0;0,0;-0,01;-0,01;0,0;0,0;-0,07;-0,07;0,0;0,0;0,0;0,0;-0,04;-0,04;-0,04;-0,04;-0,02;-0,02;0,0;0,0;-0,02;-0,02;-0,01;-0,01;0,0;0,0;-0,01;-0,01;-0,01;-0,01;-0,01;-0,01;0,0;0,0;-0,02;-0,02;-0,01;-0,01;-0,02;-0,02;-0,01;-0,01;-0,02;-0,02;0,0;0,0;0,0;0,0;-0,02;-0,02;0,0;0,0;-0,01;-0,01;0,0;0,0
04.07.2026;00:30;00:45;0,0;0,0;0,0;0,0;-0,01;-0,01;-0,13;-0,13;0,0;0,0;-0,01;-0,01;-0,04;-0,04;-0,02;-0,02;-0,02;-0,02;-0,01;-0,01;-0,01;-0,01;-0,01;-0,01;0,0;0,0;0,0;0,0;-0,01;-0,01;-0,01;-0,01;-0,01;-0,01;-0,02;-0,02;-0,02;-0,02;-0,02;-0,02;-0,01;-0,01;-0,02;-0,02;-0,02;-0,02;-0,02;-0,02;-0,02;-0,02;-0,01;-0,01;-0,02;-0,02;0,0;0,0
04.07.2026;00:45;01:00;0,0;0,0;0,0;0,0;-0,01;-0,01;-0,12;-0,12;0,0;0,0;0,0;0,0;-0,03;-0,03;-0,02;-0,02;-0,01;-0,01;-0,02;-0,02;-0,02;-0,02;0,0;0,0;0,0;0,0;-0,02;-0,02;-0,01;-0,01;-0,02;-0,02;-0,02;-0,02;-0,02;-0,02;0,0;0,0;-0,02;-0,02;-0,01;-0,01;-0,01;-0,01;-0,01;-0,01;-0,01;-0,01;-0,01;-0,01;-0,02;-0,02;-0,01;-0,01;0,0;0,0
04.07.2026;01:00;01:15;0,0;0,0;0,0;0,0;-0,01;-0,01;-0,06;-0,06;-0,01;-0,01;0,0;0,0;-0,04;-0,04;-0,01;-0,01;-0,02;-0,02;-0,02;-0,02;-0,01;-0,01;-0,01;-0,01;-0,01;-0,01;-0,01;-0,01;0,0;0,0;-0,02;-0,02;0,0;0,0;-0,01;-0,01;-0,01;-0,01;-0,02;-0,02;-0,01;-0,01;-0,01;-0,01;-0,01;-0,01;-0,01;-0,01;-0,02;-0,02;-0,01;-0,01;-0,01;-0,01;0,0;0,0
04.07.2026;01:15;01:30;0,0;0,0;0,0;0,0;-0,02;-0,02;-0,1;-0,1;0,0;0,0;0,0;0,0;-0,04;-0,04;-0,01;-0,01;-0,01;-0,01;-0,01;-0,01;-0,02;-0,02;-0,01;-0,01;0,0;0,0;0,0;0,0;-0,02;-0,02;-0,01;-0,01;-0,01;-0,01;-0,02;-0,02;-0,02;-0,02;-0,02;-0,02;-0,01;-0,01;-0,02;-0,02;-0,01;-0,01;-0,01;-0,01;-0,02;-0,02;0,0;0,0;-0,01;-0,01;0,0;0,0
04.07.2026;01:30;01:45;0,0;0,0;-0,01;-0,01;-0,01;-0,01;-0,09;-0,09;0,0;0,0;0,0;0,0;-0,03;-0,03;-0,02;-0,02;-0,02;-0,02;-0,02;-0,02;-0,01;-0,01;-0,01;-0,01;0,0;0,0;-0,02;-0,02;0,0;0,0;-0,01;-0,01;-0,01;-0,01;-0,05;-0,05;-0,01;-0,01;-0,02;-0,02;-0,01;-0,01;-0,02;-0,02;-0,01;-0,01;-0,01;-0,01;-0,01;-0,01;-0,02;-0,02;-0,02;-0,02;0,0;0,0
04.07.2026;01:45;02:00;0,0;0,0;0,0;0,0;0,0;0,0;-0,11;-0,11;0,0;0,0;-0,01;-0,01;-0,04;-0,04;-0,01;-0,01;-0,01;-0,01;-0,02;-0,02;-0,01;-0,01;0,0;0,0;0,0;0,0;-0,01;-0,01;-0,01;-0,01;-0,01;-0,01;-0,01;-0,01;-0,03;-0,03;-0,01;-0,01;-0,02;-0,02;-0,01;-0,01;-0,01;-0,01;-0,01;-0,01;-0,01;-0,01;-0,02;-0,02;-0,02;-0,02;-0,01;-0,01;0,0;0,0
04.07.2026;02:00;02:15;0,0;0,0;0,0;0,0;-0,01;-0,01;-0,15;-0,15;0,0;0,0;0,0;0,0;-0,03;-0,03;-0,01;-0,01;-0,02;-0,02;0,0;0,0;0,0;0,0;-0,01;-0,01;0,0;0,0;-0,01;-0,01;-0,01;-0,01;-0,02;-0,02;0,0;0,0;-0,02;-0,02;-0,01;-0,01;-0,03;-0,03;-0,01;-0,01;-0,01;-0,01;-0,01;-0,01;-0,01;-0,01;-0,02;-0,02;-0,01;-0,01;-0,01;-0,01;0,0;0,0
04.07.2026;02:15;02:30;0,0;0,0;0,0;0,0;-0,01;-0,01;-0,07;-0,07;0,0;0,0;0,0;0,0;-0,05;-0,05;-0,01;-0,01;-0,01;-0,01;-0,01;-0,01;0,0;0,0;-0,01;-0,01;0,0;0,0;0,0;0,0;-0,01;-0,01;-0,01;-0,01;-0,01;-0,01;-0,03;-0,03;-0,01;-0,01;-0,02;-0,02;-0,01;-0,01;-0,01;-0,01;-0,01;-0,01;-0,01;-0,01;-0,01;-0,01;0,0;0,0;-0,01;-0,01;0,0;0,0
04.07.2026;02:30;02:45;0,0;0,0;-0,01;-0,01;-0,01;-0,01;-0,06;-0,06;0,0;0,0;0,0;0,0;-0,04;-0,04;-0,01;-0,01;-0,02;-0,02;0,0;0,0;-0,02;-0,02;-0,01;-0,01;0,0;0,0;-0,02;-0,02;-0,01;-0,01;-0,01;-0,01;-0,01;-0,01;-0,02;-0,02;-0,01;-0,01;-0,02;-0,02;-0,01;-0,01;-0,02;-0,02;-0,01;-0,01;-0,01;-0,01;0,0;0,0;-0,01;-0,01;-0,02;-0,02;0,0;0,0
04.07.2026;02:45;03:00;0,0;0,0;0,0;0,0;-0,01;-0,01;-0,06;-0,06;0,0;0,0;-0,01;-0,01;-0,04;-0,04;-0,01;-0,01;-0,01;-0,01;-0,01;-0,01;-0,02;-0,02;0,0;0,0;0,0;0,0;-0,01;-0,01;-0,01;-0,01;-0,01;-0,01;-0,01;-0,01;-0,01;-0,01;-0,01;-0,01;-0,02;-0,02;-0,01;-0,01;-0,03;-0,03;-0,01;-0,01;-0,01;-0,01;0,0;0,0;-0,01;-0,01;-0,01;-0,01;0,0;0,0
04.07.2026;03:00;03:15;0,0;0,0;0,0;0,0;-0,01;-0,01;-0,06;-0,06;0,0;0,0;0,0;0,0;-0,04;-0,04;-0,01;-0,01;-0,01;-0,01;0,0;0,0;-0,01;-0,01;-0,01;-0,01;0,0;0,0;-0,01;-0,01;-0,01;-0,01;-0,01;-0,01;-0,01;-0,01;-0,02;-0,02;-0,01;-0,01;-0,02;-0,02;-0,01;-0,01;-0,01;-0,01;-0,01;-0,01;-0,01;-0,01;-0,01;-0,01;-0,01;-0,01;-0,01;-0,01;0,0;0,0
04.07.2026;03:15;03:30;0,0;0,0;0,0;0,0;-0,01;-0,01;-0,09;-0,09;0,0;0,0;0,0;0,0;-0,04;-0,04;-0,02;-0,02;-0,02;-0,02;-0,01;-0,01;-0,02;-0,02;-0,01;-0,01;0,0;0,0;-0,01;-0,01;-0,01;-0,01;-0,01;-0,01;0,0;0,0;-0,01;-0,01;-0,01;-0,01;-0,02;-0,02;-0,01;-0,01;-0,01;-0,01;-0,01;-0,01;-0,02;-0,02;-0,01;-0,01;-0,01;-0,01;-0,01;-0,01;0,0;0,0
04.07.2026;03:30;03:45;0,0;0,0;0,0;0,0;0,0;0,0;-0,07;-0,07;0,0;0,0;0,0;0,0;-0,04;-0,04;-0,01;-0,01;-0,01;-0,01;-0,01;-0,01;-0,01;-0,01;0,0;0,0;0,0;0,0;-0,01;-0,01;-0,01;-0,01;-0,01;-0,01;-0,01;-0,01;-0,01;-0,01;-0,02;-0,02;-0,02;-0,02;-0,01;-0,01;-0,01;-0,01;-0,01;-0,01;0,0;0,0;-0,02;-0,02;-0,02;-0,02;-0,01;-0,01;0,0;0,0
04.07.2026;03:45;04:00;0,0;0,0;-0,01;-0,01;-0,01;-0,01;-0,06;-0,06;0,0;0,0;0,0;0,0;-0,04;-0,04;-0,02;-0,02;-0,02;-0,02;-0,02;-0,02;-0,01;-0,01;-0,02;-0,02;0,0;0,0;-0,01;-0,01;-0,01;-0,01;-0,02;-0,02;-0,01;-0,01;-0,01;-0,01;0,0;0,0;-0,02;-0,02;-0,01;-0,01;-0,02;-0,02;-0,01;-0,01;-0,01;-0,01;-0,01;-0,01;-0,01;-0,01;-0,02;-0,02;0,0;0,0
04.07.2026;04:00;04:15;0,0;0,0;0,0;0,0;-0,02;-0,02;-0,06;-0,06;0,0;0,0;-0,01;-0,01;-0,04;-0,04;-0,05;-0,05;-0,01;-0,01;-0,02;-0,02;-0,02;-0,02;0,0;0,0;0,0;0,0;-0,01;-0,01;0,0;0,0;-0,02;-0,02;-0,01;-0,01;-0,01;-0,01;-0,02;-0,02;-0,02;-0,02;-0,01;-0,01;-0,02;-0,02;-0,02;-0,02;-0,02;-0,02;-0,01;-0,01;-0,01;-0,01;0,0;0,0;0,0;0,0
04.07.2026;04:15;04:30;0,0;0,0;0,0;0,0;-0,01;-0,01;-0,06;-0,06;0,0;0,0;0,0;0,0;-0,04;-0,04;-0,04;-0,04;-0,02;-0,02;-0,01;-0,01;-0,01;-0,01;-0,01;-0,01;0,0;0,0;-0,01;-0,01;-0,01;-0,01;-0,02;-0,02;0,0;0,0;-0,01;-0,01;-0,01;-0,01;-0,02;-0,02;-0,01;-0,01;-0,02;-0,02;0,0;0,0;-0,01;-0,01;-0,01;-0,01;-0,01;-0,01;-0,02;-0,02;0,0;0,0
04.07.2026;04:30;04:45;0,0;0,0;0,0;0,0;-0,01;-0,01;-0,06;-0,06;0,0;0,0;0,0;0,0;-0,04;-0,04;-0,02;-0,02;-0,01;-0,01;-0,02;-0,02;-0,01;-0,01;-0,01;-0,01;0,0;0,0;-0,02;-0,02;-0,01;-0,01;-0,02;-0,02;-0,01;-0,01;-0,01;-0,01;0,0;0,0;-0,02;-0,02;-0,01;-0,01;-0,01;-0,01;-0,02;-0,02;0,0;0,0;-0,01;-0,01;-0,01;-0,01;-0,01;-0,01;0,0;0,0
04.07.2026;04:45;05:00;0,0;0,0;-0,01;-0,01;-0,01;-0,01;-0,16;-0,16;0,0;0,0;0,0;0,0;-0,03;-0,03;-0,02;-0,02;-0,01;-0,01;0,0;0,0;0,0;0,0;0,0;0,0;0,0;0,0;0,0;0,0;-0,01;-0,01;-0,01;-0,01;-0,01;-0,01;-0,02;-0,02;-0,02;-0,02;-0,02;-0,02;-0,01;-0,01;0,0;0,0;-0,01;-0,01;-0,02;-0,02;-0,01;-0,01;-0,01;-0,01;-0,01;-0,01;0,0;0,0
04.07.2026;05:00;05:15;0,01;0,01;0,0;0,0;0,0;0,0;-0,16;-0,16;0,0;0,0;-0,01;-0,01;-0,04;-0,04;-0,02;-0,02;-0,02;-0,02;-0,01;-0,01;-0,01;-0,01;-0,02;-0,02;0,0;0,0;-0,01;-0,01;-0,01;-0,01;-0,01;-0,01;-0,01;-0,01;-0,01;-0,01;-0,01;-0,01;-0,02;-0,02;-0,01;-0,01;-0,03;-0,03;0,0;0,0;-0,01;-0,01;-0,01;-0,01;-0,01;-0,01;-0,01;-0,01;0,0;0,0
04.07.2026;05:15;05:30;0,04;0,04;0,0;0,0;-0,01;-0,01;-0,15;-0,15;0,0;0,0;0,0;0,0;-0,04;-0,04;-0,01;-0,01;-0,01;-0,01;0,0;0,0;-0,01;-0,01;0,0;0,0;0,0;0,0;-0,01;-0,01;-0,01;-0,01;-0,01;-0,01;0,0;0,0;-0,01;-0,01;0,0;0,0;-0,03;-0,03;0,0;0,0;-0,02;-0,02;-0,02;-0,02;-0,01;-0,01;-0,01;-0,01;-0,01;-0,01;-0,01;-0,01;0,0;0,0
04.07.2026;05:30;05:45;0,07;0,07;0,0;0,0;-0,01;-0,01;-0,22;-0,22;0,0;0,0;0,0;0,0;-0,04;-0,04;-0,02;-0,02;-0,02;-0,02;-0,01;-0,01;-0,02;-0,02;-0,01;-0,01;0,0;0,0;-0,01;-0,01;-0,01;-0,01;-0,01;-0,01;-0,01;-0,01;0,0;0,0;-0,02;-0,02;-0,02;-0,02;-0,01;-0,01;-0,01;-0,01;-0,01;-0,01;-0,01;-0,01;-0,01;-0,01;-0,02;-0,02;-0,01;-0,01;0,0;0,0
04.07.2026;05:45;06:00;0,1;0,1;-0,01;-0,01;-0,01;-0,01;-0,21;-0,21;0,0;0,0;0,0;0,0;-0,03;-0,03;-0,01;-0,01;-0,02;-0,02;0,0;0,0;-0,01;-0,01;-0,01;-0,01;0,0;0,0;-0,01;-0,01;0,0;0,0;-0,02;-0,02;-0,01;-0,01;-0,01;-0,01;-0,02;-0,02;-0,02;-0,02;-0,01;-0,01;-0,01;-0,01;-0,01;-0,01;-0,01;-0,01;-0,01;-0,01;-0,01;-0,01;-0,01;-0,01;0,0;0,0
04.07.2026;06:00;06:15;0,14;0,11;0,0;0,0;-0,02;-0,02;-0,22;-0,19;-0,01;-0,01;-0,01;-0,01;-0,04;-0,04;-0,01;-0,01;-0,01;-0,01;0,0;0,0;-0,02;-0,02;0,0;0,0;-0,01;-0,01;-0,01;-0,01;-0,01;-0,01;-0,01;-0,01;-0,01;-0,01;-0,02;-0,02;0,0;0,0;-0,02;-0,02;-0,01;-0,01;-0,01;-0,01;-0,01;-0,01;-0,01;-0,01;-0,01;-0,01;-0,01;-0,01;-0,01;-0,01;0,0;0,0
04.07.2026;06:15;06:30;0,2;0,15;0,0;0,0;0,0;0,0;-0,08;-0,03;0,0;0,0;0,0;0,0;-0,04;-0,04;-0,01;-0,01;-0,02;-0,02;-0,02;-0,02;-0,01;-0,01;-0,01;-0,01;0,0;0,0;-0,02;-0,02;-0,01;-0,01;-0,01;-0,01;-0,01;-0,01;-0,01;-0,01;-0,01;-0,01;-0,02;-0,02;-0,01;-0,01;-0,02;-0,02;-0,01;-0,01;-0,01;-0,01;-0,01;-0,01;0,0;0,0;-0,01;-0,01;0,0;0,0
04.07.2026;06:30;06:45;0,12;0,11;0,0;0,0;-0,01;-0,01;-0,07;-0,06;0,0;0,0;0,0;0,0;-0,04;-0,04;-0,01;-0,01;-0,01;-0,01;-0,01;-0,01;-0,01;-0,01;-0,01;-0,01;0,0;0,0;0,0;0,0;-0,02;-0,02;-0,02;-0,02;0,0;0,0;-0,01;-0,01;-0,02;-0,02;-0,02;-0,02;-0,01;-0,01;-0,03;-0,03;-0,01;-0,01;-0,01;-0,01;-0,02;-0,02;-0,02;-0,02;-0,01;-0,01;0,0;0,0
04.07.2026;06:45;07:00;0,0;0,0;0,0;0,0;-0,01;-0,01;-0,12;-0,12;0,0;0,0;0,0;0,0;-0,03;-0,03;-0,01;-0,01;-0,01;-0,01;-0,02;-0,02;-0,02;-0,02;-0,01;-0,01;0,0;0,0;-0,04;-0,04;-0,02;-0,02;-0,01;-0,01;-0,01;-0,01;-0,01;-0,01;0,0;0,0;-0,02;-0,02;-0,01;-0,01;-0,01;-0,01;-0,01;-0,01;-0,01;-0,01;-0,01;-0,01;0,0;0,0;-0,01;-0,01;0,0;0,0
04.07.2026;07:00;07:15;0,0;0,0;-0,01;-0,01;-0,03;-0,03;-0,08;-0,08;0,0;0,0;0,0;0,0;-0,11;-0,11;-0,01;-0,01;-0,02;-0,02;-0,02;-0,02;-0,01;-0,01;-0,13;-0,13;0,0;0,0;-0,02;-0,02;-0,02;-0,02;-0,01;-0,01;-0,01;-0,01;-0,01;-0,01;-0,01;-0,01;-0,02;-0,02;-0,01;-0,01;-0,01;-0,01;-0,01;-0,01;-0,01;-0,01;-0,01;-0,01;-0,01;-0,01;-0,02;-0,02;0,0;0,0
04.07.2026;07:15;07:30;0,83;0,37;0,0;0,0;-0,09;-0,03;-0,07;0,0;0,0;0,0;-0,01;0,0;-0,06;0,0;-0,01;0,0;-0,01;0,0;-0,02;0,0;-0,01;0,0;-0,03;0,0;0,0;0,0;-0,02;0,0;-0,01;0,0;-0,01;0,0;-0,01;0,0;0,0;0,0;-0,02;0,0;-0,02;0,0;-0,01;0,0;-0,01;0,0;-0,02;0,0;-0,02;0,0;-0,01;0,0;-0,01;0,0;-0,01;0,0;0,0;0,0
04.07.2026;07:30;07:45;1,14;0,68;0,0;0,0;-0,01;0,0;-0,08;0,0;0,0;0,0;0,0;0,0;-0,05;0,0;-0,02;0,0;-0,02;0,0;0,0;0,0;-0,01;0,0;-0,04;0,0;0,0;0,0;-0,01;0,0;-0,03;0,0;-0,01;0,0;0,0;0,0;-0,02;0,0;0,0;0,0;-0,02;0,0;-0,01;0,0;-0,02;0,0;-0,02;0,0;-0,01;0,0;-0,01;0,0;-0,06;0,0;-0,01;0,0;0,0;0,0
04.07.2026;07:45;08:00;1,4;0,83;0,0;0,0;-0,02;0,0;-0,1;0,0;0,0;0,0;0,0;0,0;-0,09;0,0;-0,05;0,0;-0,01;0,0;-0,01;0,0;0,0;0,0;-0,04;0,0;0,0;0,0;0,0;0,0;-0,01;0,0;-0,02;0,0;-0,01;0,0;-0,01;0,0;-0,02;0,0;-0,02;0,0;-0,08;0,0;-0,02;0,0;-0,01;0,0;0,0;0,0;-0,01;0,0;-0,03;0,0;-0,01;0,0;0,0;0,0
04.07.2026;08:00;08:15;1,74;1,14;-0,01;0,0;-0,01;0,0;-0,08;0,0;0,0;0,0;0,0;0,0;-0,1;0,0;-0,02;0,0;-0,02;0,0;0,0;0,0;0,0;0,0;-0,04;0,0;0,0;0,0;-0,05;0,0;-0,01;0,0;-0,01;0,0;-0,05;0,0;-0,01;0,0;-0,07;0,0;-0,02;0,0;-0,01;0,0;-0,01;0,0;-0,02;0,0;-0,02;0,0;0,0;0,0;-0,03;0,0;-0,01;0,0;0,0;0,0
04.07.2026;08:15;08:30;1,78;1,13;0,0;0,0;-0,02;0,0;-0,09;0,0;0,0;0,0;-0,01;0,0;-0,05;0,0;-0,02;0,0;-0,01;0,0;-0,01;0,0;-0,02;0,0;-0,02;0,0;0,0;0,0;-0,02;0,0;-0,01;0,0;-0,01;0,0;-0,03;0,0;-0,01;0,0;-0,01;0,0;-0,02;0,0;-0,02;0,0;-0,01;0,0;-0,01;0,0;-0,01;0,0;0,0;0,0;-0,02;0,0;-0,31;-0,09;0,0;0,0
04.07.2026;08:30;08:45;2,3;1,55;0,0;0,0;-0,02;0,0;-0,1;0,0;0,0;0,0;0,0;0,0;-0,06;0,0;-0,04;0,0;-0,01;0,0;-0,08;0,0;-0,02;0,0;-0,04;0,0;0,0;0,0;0,0;0,0;-0,01;0,0;-0,01;0,0;-0,01;0,0;-0,01;0,0;-0,04;0,0;-0,02;0,0;-0,02;0,0;-0,01;0,0;-0,02;0,0;-0,01;0,0;-0,17;0,0;-0,01;0,0;-0,04;0,0;0,0;0,0
04.07.2026;08:45;09:00;1,57;0,95;0,0;0,0;-0,01;0,0;-0,09;0,0;0,0;0,0;0,0;0,0;-0,05;0,0;-0,03;0,0;-0,02;0,0;-0,04;0,0;-0,02;0,0;-0,03;0,0;0,0;0,0;-0,01;0,0;0,0;0,0;-0,01;0,0;-0,01;0,0;0,0;0,0;-0,1;0,0;-0,03;0,0;-0,01;0,0;-0,03;0,0;-0,01;0,0;-0,01;0,0;-0,06;0,0;-0,01;0,0;-0,04;0,0;0,0;0,0
04.07.2026;09:00;09:15;1,87;1,16;0,0;0,0;0,0;0,0;-0,07;0,0;0,0;0,0;0,0;0,0;-0,09;0,0;-0,02;0,0;-0,01;0,0;-0,06;0,0;-0,01;0,0;-0,01;0,0;0,0;0,0;-0,02;0,0;-0,01;0,0;-0,01;0,0;-0,01;0,0;-0,02;0,0;-0,01;0,0;-0,02;0,0;-0,04;0,0;-0,02;0,0;-0,01;0,0;-0,01;0,0;-0,25;-0,03;0,0;0,0;-0,04;0,0;0,0;0,0
04.07.2026;09:15;09:30;2,57;1,86;-0,01;0,0;-0,01;0,0;-0,09;0,0;0,0;0,0;0,0;0,0;-0,06;0,0;-0,02;0,0;-0,02;0,0;-0,05;0,0;-0,01;0,0;-0,02;0,0;0,0;0,0;-0,01;0,0;-0,01;0,0;-0,01;0,0;-0,01;0,0;-0,01;0,0;-0,01;0,0;-0,02;0,0;-0,06;0,0;-0,01;0,0;-0,01;0,0;-0,02;0,0;-0,15;0,0;-0,02;0,0;-0,07;0,0;0,0;0,0
04.07.2026;09:30;09:45;2,04;1,57;0,0;0,0;-0,01;0,0;-0,12;0,0;0,0;0,0;-0,01;0,0;-0,03;0,0;-0,02;0,0;-0,01;0,0;-0,02;0,0;-0,02;0,0;0,0;0,0;0,0;0,0;-0,03;0,0;-0,01;0,0;-0,01;0,0;-0,01;0,0;-0,01;0,0;-0,02;0,0;-0,02;0,0;-0,01;0,0;-0,01;0,0;-0,01;0,0;0,0;0,0;-0,02;0,0;-0,02;0,0;-0,05;0,0;0,0;0,0
04.07.2026;09:45;10:00;2,23;1,73;0,0;0,0;-0,01;0,0;-0,1;0,0;0,0;0,0;0,0;0,0;-0,04;0,0;-0,03;0,0;-0,02;0,0;-0,03;0,0;-0,01;0,0;-0,01;0,0;0,0;0,0;-0,02;0,0;-0,01;0,0;-0,01;0,0;-0,01;0,0;-0,01;0,0;-0,01;0,0;-0,02;0,0;-0,02;0,0;-0,01;0,0;-0,01;0,0;-0,02;0,0;-0,02;0,0;0,0;0,0;-0,08;0,0;0,0;0,0
04.07.2026;10:00;10:15;2,39;1,72;0,0;0,0;-0,02;0,0;-0,07;0,0;0,0;0,0;0,0;0,0;-0,03;0,0;-0,02;0,0;-0,02;0,0;-0,08;0,0;-0,01;0,0;-0,01;0,0;0,0;0,0;-0,03;0,0;-0,03;0,0;-0,01;0,0;-0,02;0,0;-0,01;0,0;0,0;0,0;-0,13;0,0;-0,01;0,0;-0,02;0,0;-0,01;0,0;-0,01;0,0;-0,02;0,0;-0,01;0,0;-0,1;0,0;0,0;0,0
04.07.2026;10:15;10:30;2,86;2,22;-0,01;0,0;-0,01;0,0;-0,1;0,0;0,0;0,0;0,0;0,0;-0,05;0,0;-0,02;0,0;0,0;0,0;-0,02;0,0;-0,02;0,0;0,0;0,0;0,0;0,0;-0,03;0,0;-0,04;0,0;-0,01;0,0;-0,01;0,0;0,0;0,0;-0,12;0,0;-0,05;0,0;-0,02;0,0;-0,03;0,0;-0,01;0,0;-0,01;0,0;-0,02;0,0;-0,01;0,0;-0,05;0,0;0,0;0,0
04.07.2026;10:30;10:45;3,21;2,6;0,0;0,0;-0,01;0,0;-0,12;0,0;0,0;0,0;-0,01;0,0;-0,05;0,0;-0,02;0,0;-0,02;0,0;-0,01;0,0;0,0;0,0;-0,01;0,0;0,0;0,0;-0,04;0,0;-0,03;0,0;-0,01;0,0;-0,01;0,0;-0,02;0,0;-0,1;0,0;-0,03;0,0;-0,02;0,0;-0,01;0,0;-0,01;0,0;-0,01;0,0;-0,02;0,0;-0,01;0,0;-0,04;0,0;0,0;0,0
04.07.2026;10:45;11:00;1,7;1,06;0,0;0,0;-0,27;-0,08;-0,08;0,0;0,0;0,0;0,0;0,0;-0,03;0,0;-0,02;0,0;-0,02;0,0;-0,02;0,0;0,0;0,0;-0,01;0,0;0,0;0,0;-0,02;0,0;-0,04;0,0;-0,02;0,0;0,0;0,0;-0,01;0,0;-0,01;0,0;-0,06;0,0;-0,01;0,0;-0,01;0,0;-0,01;0,0;-0,01;0,0;-0,02;0,0;-0,01;0,0;-0,04;0,0;0,0;0,0
04.07.2026;11:00;11:15;0,28;0,2;0,0;0,0;-0,16;-0,16;-0,11;-0,03;-0,01;-0,01;0,0;0,0;-0,04;-0,04;-0,28;-0,28;-0,01;-0,01;-0,02;-0,02;-0,01;-0,01;-0,01;-0,01;-0,01;-0,01;-0,02;-0,02;-0,05;-0,05;-0,01;-0,01;-0,01;-0,01;-0,01;-0,01;-0,02;-0,02;-0,02;-0,02;-0,07;-0,07;-0,01;-0,01;-0,02;-0,02;-0,02;-0,02;-0,02;-0,02;-0,01;-0,01;-0,04;-0,04;0,0;0,0
04.07.2026;11:15;11:30;3,24;2,44;0,0;0,0;-0,04;0,0;-0,09;0,0;0,0;0,0;0,0;0,0;-0,04;0,0;-0,18;0,0;-0,02;0,0;-0,02;0,0;-0,02;0,0;0,0;0,0;0,0;0,0;-0,02;0,0;-0,04;0,0;-0,02;0,0;-0,03;0,0;-0,01;0,0;-0,01;0,0;-0,03;0,0;-0,02;0,0;-0,02;0,0;-0,01;0,0;0,0;0,0;-0,01;0,0;-0,01;0,0;-0,16;0,0;0,0;0,0
04.07.2026;11:30;11:45;3,85;3,2;-0,01;0,0;-0,04;0,0;-0,2;0,0;0,0;0,0;0,0;0,0;-0,04;0,0;-0,05;0,0;-0,01;0,0;-0,01;0,0;-0,02;0,0;-0,01;0,0;0,0;0,0;-0,04;0,0;-0,05;0,0;-0,01;0,0;-0,01;0,0;0,0;0,0;-0,01;0,0;-0,02;0,0;0,0;0,0;-0,02;0,0;-0,02;0,0;-0,01;0,0;-0,02;0,0;-0,02;0,0;-0,03;0,0;0,0;0,0
04.07.2026;11:45;12:00;2,95;2,29;0,0;0,0;-0,03;0,0;-0,25;0,0;0,0;0,0;-0,01;0,0;-0,04;0,0;-0,01;0,0;-0,02;0,0;-0,02;0,0;-0,01;0,0;-0,01;0,0;0,0;0,0;-0,03;0,0;-0,04;0,0;-0,01;0,0;-0,01;0,0;-0,03;0,0;-0,01;0,0;-0,02;0,0;-0,02;0,0;-0,01;0,0;-0,01;0,0;-0,02;0,0;0,0;0,0;0,0;0,0;-0,05;0,0;0,0;0,0
04.07.2026;12:00;12:15;3,27;2,35;0,0;0,0;-0,02;0,0;-0,08;0,0;0,0;0,0;0,0;0,0;-0,04;0,0;-0,25;0,0;-0,01;0,0;-0,02;0,0;-0,02;0,0;-0,01;0,0;0,0;0,0;-0,03;0,0;-0,03;0,0;-0,02;0,0;-0,01;0,0;-0,23;0,0;-0,01;0,0;-0,05;0,0;-0,01;0,0;-0,01;0,0;-0,01;0,0;-0,01;0,0;-0,01;0,0;-0,01;0,0;-0,03;0,0;0,0;0,0
04.07.2026;12:15;12:30;3,01;2,44;0,0;0,0;0,0;0,0;-0,13;0,0;0,0;0,0;0,0;0,0;-0,04;0,0;-0,14;0,0;-0,01;0,0;-0,01;0,0;-0,01;0,0;-0,01;0,0;0,0;0,0;-0,01;0,0;-0,04;0,0;-0,01;0,0;-0,01;0,0;-0,03;0,0;-0,02;0,0;-0,03;0,0;0,0;0,0;-0,02;0,0;-0,01;0,0;0,0;0,0;0,0;0,0;-0,01;0,0;-0,03;0,0;0,0;0,0
04.07.2026;12:30;12:45;3,15;2,32;-0,01;0,0;-0,01;0,0;-0,09;0,0;0,0;0,0;0,0;0,0;-0,04;0,0;-0,02;0,0;-0,02;0,0;-0,01;0,0;-0,01;0,0;0,0;0,0;0,0;0,0;-0,06;0,0;-0,04;0,0;-0,01;0,0;-0,02;0,0;-0,34;0,0;-0,01;0,0;-0,02;0,0;-0,02;0,0;-0,02;0,0;-0,02;0,0;-0,02;0,0;-0,01;0,0;-0,01;0,0;-0,02;0,0;0,0;0,0
04.07.2026;12:45;13:00;3,35;2,78;0,0;0,0;-0,01;0,0;-0,07;0,0;0,0;0,0;-0,01;0,0;-0,04;0,0;-0,07;0,0;-0,02;0,0;-0,01;0,0;-0,02;0,0;-0,01;0,0;0,0;0,0;-0,03;0,0;-0,04;0,0;-0,01;0,0;0,0;0,0;-0,14;0,0;0,0;0,0;-0,03;0,0;0,0;0,0;-0,02;0,0;-0,01;0,0;-0,01;0,0;-0,01;0,0;0,0;0,0;-0,01;0,0;0,0;0,0
04.07.2026;13:00;13:15;2,91;2,13;0,0;0,0;-0,01;0,0;-0,08;0,0;0,0;0,0;0,0;0,0;-0,04;0,0;-0,33;0,0;-0,01;0,0;0,0;0,0;-0,01;0,0;-0,01;0,0;0,0;0,0;-0,03;0,0;-0,04;0,0;-0,01;0,0;-0,01;0,0;-0,04;0,0;-0,02;0,0;-0,05;0,0;-0,01;0,0;-0,01;0,0;-0,01;0,0;-0,01;0,0;-0,01;0,0;-0,02;0,0;-0,02;0,0;0,0;0,0
04.07.2026;13:15;13:30;4,62;3,81;0,0;0,0;-0,02;0,0;-0,1;0,0;0,0;0,0;0,0;0,0;-0,03;0,0;-0,05;0,0;-0,02;0,0;-0,01;0,0;-0,01;0,0;0,0;0,0;0,0;0,0;-0,02;0,0;-0,04;0,0;-0,01;0,0;0,0;0,0;-0,37;0,0;-0,01;0,0;-0,05;0,0;-0,01;0,0;-0,01;0,0;-0,01;0,0;-0,01;0,0;-0,01;0,0;-0,01;0,0;-0,01;0,0;0,0;0,0
04.07.2026;13:30;13:45;4,21;3,63;0,0;0,0;-0,01;0,0;-0,1;0,0;0,0;0,0;0,0;0,0;-0,04;0,0;-0,02;0,0;-0,01;0,0;0,0;0,0;0,0;0,0;-0,01;0,0;0,0;0,0;-0,02;0,0;-0,01;0,0;-0,1;0,0;-0,02;0,0;-0,07;0,0;-0,01;0,0;-0,05;0,0;-0,01;0,0;-0,02;0,0;-0,02;0,0;-0,02;0,0;-0,01;0,0;-0,01;0,0;-0,02;0,0;0,0;0,0
04.07.2026;13:45;14:00;2,95;2,43;-0,01;0,0;-0,01;0,0;-0,07;0,0;0,0;0,0;0,0;0,0;-0,04;0,0;-0,03;0,0;-0,02;0,0;-0,01;0,0;0,0;0,0;-0,01;0,0;0,0;0,0;-0,07;0,0;-0,01;0,0;-0,01;0,0;-0,01;0,0;-0,1;0,0;-0,02;0,0;-0,04;0,0;0,0;0,0;-0,02;0,0;-0,01;0,0;-0,01;0,0;-0,01;0,0;-0,01;0,0;0,0;0,0;0,0;0,0
04.07.2026;14:00;14:15;3,68;2,86;0,0;0,0;0,0;0,0;-0,08;0,0;0,0;0,0;-0,01;0,0;-0,04;0,0;-0,05;0,0;-0,02;0,0;-0,02;0,0;-0,02;0,0;-0,01;0,0;0,0;0,0;-0,03;0,0;-0,01;0,0;-0,01;0,0;0,0;0,0;-0,37;0,0;-0,01;0,0;-0,05;0,0;-0,02;0,0;-0,02;0,0;-0,01;0,0;0,0;0,0;-0,01;0,0;-0,01;0,0;-0,02;0,0;0,0;0,0
04.07.2026;14:15;14:30;3,13;2,54;0,0;0,0;-0,01;0,0;-0,08;0,0;0,0;0,0;0,0;0,0;-0,03;0,0;-0,04;0,0;0,0;0,0;-0,02;0,0;-0,02;0,0;0,0;0,0;0,0;0,0;-0,02;0,0;-0,01;0,0;-0,01;0,0;0,0;0,0;-0,18;0,0;-0,02;0,0;-0,04;0,0;-0,01;0,0;-0,01;0,0;-0,01;0,0;-0,02;0,0;-0,04;0,0;-0,01;0,0;-0,01;0,0;0,0;0,0
04.07.2026;14:30;14:45;0,95;0,34;0,0;0,0;-0,02;0,0;-0,25;-0,03;0,0;0,0;0,0;0,0;-0,09;-0,02;-0,02;0,0;-0,02;0,0;-0,01;0,0;-0,01;0,0;-0,01;0,0;0,0;0,0;-0,02;0,0;-0,01;0,0;-0,03;0,0;-0,02;0,0;-0,04;0,0;-0,01;0,0;-0,03;0,0;0,0;0,0;-0,01;0,0;-0,02;0,0;-0,01;0,0;-0,01;0,0;-0,01;0,0;-0,01;0,0;0,0;0,0
04.07.2026;14:45;15:00;1,15;0,46;-0,01;0,0;-0,01;0,0;-0,26;0,0;0,0;0,0;0,0;0,0;-0,05;0,0;-0,02;0,0;-0,02;0,0;-0,02;0,0;-0,02;0,0;-0,01;0,0;0,0;0,0;-0,03;0,0;-0,01;0,0;-0,03;0,0;-0,01;0,0;-0,04;0,0;0,0;0,0;-0,03;0,0;-0,02;0,0;-0,02;0,0;-0,01;0,0;-0,01;0,0;-0,04;0,0;-0,01;0,0;-0,01;0,0;0,0;0,0
04.07.2026;15:00;15:15;3,15;2,69;0,0;0,0;-0,01;0,0;-0,07;0,0;0,0;0,0;-0,01;0,0;-0,06;0,0;-0,03;0,0;-0,01;0,0;-0,02;0,0;-0,01;0,0;0,0;0,0;0,0;0,0;-0,03;0,0;-0,01;0,0;-0,03;0,0;0,0;0,0;-0,04;0,0;-0,03;0,0;-0,02;0,0;0,0;0,0;-0,02;0,0;-0,01;0,0;-0,01;0,0;-0,01;0,0;-0,01;0,0;-0,02;0,0;0,0;0,0
04.07.2026;15:15;15:30;4,35;3,89;0,0;0,0;-0,01;0,0;-0,07;0,0;0,0;0,0;0,0;0,0;-0,11;0,0;-0,02;0,0;-0,02;0,0;0,0;0,0;-0,01;0,0;-0,02;0,0;0,0;0,0;-0,01;0,0;-0,02;0,0;-0,03;0,0;-0,01;0,0;-0,01;0,0;0,0;0,0;-0,02;0,0;-0,01;0,0;-0,02;0,0;-0,02;0,0;-0,01;0,0;-0,01;0,0;-0,02;0,0;-0,01;0,0;0,0;0,0
04.07.2026;15:30;15:45;3,81;3,25;0,0;0,0;0,0;0,0;-0,13;0,0;0,0;0,0;0,0;0,0;-0,06;0,0;-0,01;0,0;-0,02;0,0;-0,01;0,0;-0,02;0,0;0,0;0,0;0,0;0,0;-0,03;0,0;-0,12;0,0;-0,03;0,0;-0,01;0,0;-0,01;0,0;-0,01;0,0;-0,03;0,0;-0,01;0,0;0,0;0,0;-0,01;0,0;-0,02;0,0;-0,02;0,0;0,0;0,0;-0,01;0,0;0,0;0,0
04.07.2026;15:45;16:00;1,97;1,16;-0,01;0,0;-0,01;0,0;-0,16;0,0;0,0;0,0;0,0;0,0;-0,05;0,0;-0,01;0,0;-0,05;0,0;0,0;0,0;-0,01;0,0;-0,03;0,0;0,0;0,0;-0,04;0,0;-0,36;-0,14;-0,03;0,0;-0,01;0,0;-0,01;0,0;-0,02;0,0;-0,07;0,0;-0,01;0,0;-0,01;0,0;-0,03;0,0;0,0;0,0;-0,01;0,0;-0,01;0,0;-0,01;0,0;0,0;0,0
04.07.2026;16:00;16:15;1,54;0,95;0,0;0,0;-0,01;0,0;-0,08;0,0;-0,01;0,0;-0,01;0,0;-0,05;0,0;-0,01;0,0;-0,07;0,0;0,0;0,0;-0,02;0,0;-0,03;0,0;-0,01;0,0;-0,03;0,0;-0,09;0,0;-0,02;0,0;0,0;0,0;-0,01;0,0;-0,01;0,0;-0,03;0,0;-0,01;0,0;-0,03;0,0;-0,01;0,0;-0,02;0,0;-0,01;0,0;-0,01;0,0;-0,01;0,0;0,0;0,0
04.07.2026;16:15;16:30;1,6;1,0;0,0;0,0;-0,02;0,0;-0,16;0,0;0,0;0,0;0,0;0,0;-0,06;0,0;-0,02;0,0;-0,04;0,0;-0,01;0,0;0,0;0,0;-0,02;0,0;0,0;0,0;-0,04;0,0;-0,05;0,0;-0,03;0,0;-0,01;0,0;-0,01;0,0;0,0;0,0;-0,02;0,0;-0,01;0,0;-0,02;0,0;-0,02;0,0;-0,01;0,0;-0,02;0,0;-0,01;0,0;-0,02;0,0;0,0;0,0
04.07.2026;16:30;16:45;1,28;0,56;0,0;0,0;-0,17;-0,06;-0,19;0,0;0,0;0,0;0,0;0,0;-0,06;0,0;-0,01;0,0;-0,03;0,0;-0,01;0,0;-0,01;0,0;-0,01;0,0;0,0;0,0;-0,04;0,0;-0,05;0,0;-0,02;0,0;-0,01;0,0;-0,01;0,0;-0,03;0,0;-0,04;0,0;-0,01;0,0;-0,01;0,0;-0,02;0,0;-0,01;0,0;-0,02;0,0;-0,01;0,0;-0,01;0,0;0,0;0,0
04.07.2026;16:45;17:00;1,19;0,66;0,0;0,0;-0,02;0,0;-0,17;0,0;0,0;0,0;0,0;0,0;-0,06;0,0;-0,01;0,0;-0,03;0,0;-0,02;0,0;0,0;0,0;0,0;0,0;0,0;0,0;-0,04;0,0;-0,04;0,0;-0,02;0,0;-0,01;0,0;-0,01;0,0;0,0;0,0;-0,03;0,0;-0,01;0,0;-0,01;0,0;-0,01;0,0;-0,01;0,0;-0,01;0,0;-0,01;0,0;-0,01;0,0;0,0;0,0
04.07.2026;17:00;17:15;0,91;0,23;-0,01;0,0;-0,07;-0,01;-0,23;-0,05;0,0;0,0;0,0;0,0;-0,07;-0,01;-0,01;0,0;-0,03;0,0;-0,05;0,0;-0,01;0,0;-0,01;0,0;0,0;0,0;-0,02;0,0;-0,04;0,0;-0,03;0,0;-0,01;0,0;-0,01;0,0;-0,02;0,0;-0,02;0,0;-0,01;0,0;-0,02;0,0;-0,03;0,0;-0,01;0,0;-0,01;0,0;-0,02;0,0;-0,01;0,0;0,0;0,0
04.07.2026;17:15;17:30;0,84;0,24;0,0;0,0;-0,06;-0,02;-0,19;-0,02;0,0;0,0;-0,01;0,0;-0,06;-0,02;-0,02;0,0;-0,02;0,0;-0,02;0,0;-0,02;0,0;-0,01;0,0;0,0;0,0;-0,04;0,0;-0,02;0,0;-0,01;0,0;0,0;0,0;-0,01;0,0;-0,02;0,0;-0,02;0,0;-0,01;0,0;-0,02;0,0;-0,1;-0,06;-0,02;0,0;-0,02;0,0;-0,01;0,0;-0,01;0,0;0,0;0,0
04.07.2026;17:30;17:45;0,66;0,19;0,0;0,0;-0,01;0,0;-0,2;-0,1;0,0;0,0;0,0;0,0;-0,23;-0,2;-0,01;0,0;-0,02;0,0;-0,02;0,0;-0,02;0,0;-0,02;0,0;0,0;0,0;-0,06;-0,03;-0,04;-0,01;-0,03;0,0;0,0;0,0;0,0;0,0;-0,13;-0,1;-0,02;0,0;-0,01;0,0;-0,02;0,0;-0,05;-0,02;0,0;0,0;-0,01;0,0;0,0;0,0;-0,2;-0,17;0,0;0,0
04.07.2026;17:45;18:00;0,74;0,2;0,0;0,0;-0,02;0,0;-0,21;-0,08;0,0;0,0;0,0;0,0;-0,39;-0,36;-0,01;0,0;-0,02;0,0;-0,02;0,0;-0,01;0,0;-0,03;0,0;0,0;0,0;-0,03;0,0;-0,03;0,0;-0,01;0,0;-0,02;0,0;-0,02;0,0;-0,02;0,0;-0,03;0,0;0,0;0,0;-0,01;0,0;-0,05;-0,02;-0,01;0,0;-0,02;0,0;-0,01;0,0;-0,39;-0,36;0,0;0,0
04.07.2026;18:00;18:15;0,56;0,13;-0,01;0,0;-0,03;-0,01;-0,11;-0,01;0,0;0,0;0,0;0,0;-0,33;-0,31;-0,01;0,0;-0,01;0,0;-0,02;0,0;-0,01;0,0;-0,02;0,0;0,0;0,0;-0,02;0,0;-0,03;-0,01;-0,01;0,0;-0,01;0,0;-0,01;0,0;-0,01;0,0;-0,02;0,0;-0,02;0,0;-0,01;0,0;-0,04;-0,02;-0,02;0,0;-0,01;0,0;-0,01;0,0;-0,23;-0,21;0,0;0,0
04.07.2026;18:15;18:30;0,01;0,01;0,0;0,0;-0,02;-0,02;-0,16;-0,16;0,0;0,0;-0,01;-0,01;-0,06;-0,06;-0,01;-0,01;-0,01;-0,01;0,0;0,0;-0,02;-0,02;-0,02;-0,02;0,0;0,0;-0,03;-0,03;-0,04;-0,04;-0,02;-0,02;-0,02;-0,02;-0,18;-0,18;-0,01;-0,01;-0,02;-0,02;-0,01;-0,01;-0,02;-0,02;-0,08;-0,08;-0,01;-0,01;-0,1;-0,1;-0,01;-0,01;-0,3;-0,3;0,0;0,0
04.07.2026;18:30;18:45;0,0;0,0;0,0;0,0;-0,31;-0,31;-0,07;-0,07;0,0;0,0;0,0;0,0;-0,07;-0,07;-0,01;-0,01;-0,02;-0,02;0,0;0,0;-0,01;-0,01;-0,02;-0,02;0,0;0,0;-0,02;-0,02;-0,03;-0,03;-0,01;-0,01;-0,03;-0,03;-0,31;-0,31;-0,02;-0,02;-0,02;-0,02;0,0;0,0;-0,02;-0,02;-0,09;-0,09;0,0;0,0;-0,06;-0,06;-0,01;-0,01;-0,14;-0,14;0,0;0,0
04.07.2026;18:45;19:00;0,14;0,11;0,0;0,0;-0,2;-0,2;-0,11;-0,08;0,0;0,0;0,0;0,0;-0,07;-0,07;-0,01;-0,01;-0,02;-0,02;-0,11;-0,11;-0,01;-0,01;-0,01;-0,01;0,0;0,0;-0,02;-0,02;-0,03;-0,03;-0,02;-0,02;-0,03;-0,03;-0,14;-0,14;-0,01;-0,01;-0,02;-0,02;-0,02;-0,02;-0,02;-0,02;-0,1;-0,1;-0,02;-0,02;-0,03;-0,03;-0,02;-0,02;-0,06;-0,06;0,0;0,0
04.07.2026;19:00;19:15;0,19;0,14;0,0;0,0;-0,05;-0,05;-0,1;-0,05;0,0;0,0;0,0;0,0;-0,05;-0,05;-0,02;-0,02;-0,01;-0,01;-0,24;-0,24;-0,02;-0,02;-0,03;-0,03;0,0;0,0;-0,06;-0,06;-0,04;-0,04;-0,01;-0,01;-0,02;-0,02;-0,15;-0,15;-0,01;-0,01;-0,02;-0,02;0,0;0,0;-0,01;-0,01;-0,1;-0,1;-0,01;-0,01;-0,05;-0,05;-0,12;-0,12;-0,05;-0,05;0,0;0,0
04.07.2026;19:15;19:30;0,19;0,14;-0,01;-0,01;-0,15;-0,15;-0,13;-0,08;0,0;0,0;0,0;0,0;-0,06;-0,06;0,0;0,0;-0,02;-0,02;-0,23;-0,23;0,0;0,0;-0,08;-0,08;0,0;0,0;-0,03;-0,03;-0,03;-0,03;-0,01;-0,01;-0,02;-0,02;-0,15;-0,15;-0,01;-0,01;-0,02;-0,02;-0,01;-0,01;0,0;0,0;-0,09;-0,09;-0,01;-0,01;-0,04;-0,04;-0,32;-0,32;-0,03;-0,03;0,0;0,0
04.07.2026;19:30;19:45;0,13;0,11;0,0;0,0;-0,23;-0,23;-0,22;-0,2;0,0;0,0;-0,01;-0,01;-0,06;-0,06;-0,03;-0,03;-0,02;-0,02;-0,21;-0,21;-0,01;-0,01;-0,1;-0,1;0,0;0,0;-0,02;-0,02;-0,03;-0,03;-0,01;-0,01;-0,03;-0,03;-0,17;-0,17;-0,01;-0,01;-0,03;-0,03;-0,01;-0,01;-0,03;-0,03;-0,06;-0,06;-0,01;-0,01;-0,18;-0,18;-0,07;-0,07;-0,04;-0,04;0,0;0,0
04.07.2026;19:45;20:00;0,25;0,18;0,0;0,0;-0,13;-0,13;-0,07;0,0;0,0;0,0;0,0;0,0;-0,06;-0,06;-0,02;-0,02;-0,01;-0,01;-0,11;-0,11;0,0;0,0;-0,01;-0,01;0,0;0,0;-0,02;-0,02;-0,03;-0,03;-0,01;-0,01;-0,02;-0,02;-0,13;-0,13;-0,02;-0,02;-0,02;-0,02;-0,01;-0,01;-0,02;-0,02;-0,05;-0,05;-0,01;-0,01;-0,3;-0,3;-0,04;-0,04;-0,03;-0,03;0,0;0,0
04.07.2026;20:00;20:15;0,14;0,11;0,0;0,0;-0,03;-0,03;-0,1;-0,07;0,0;0,0;0,0;0,0;-0,06;-0,06;-0,02;-0,02;-0,02;-0,02;-0,09;-0,09;-0,02;-0,02;-0,03;-0,03;0,0;0,0;-0,11;-0,11;-0,03;-0,03;-0,01;-0,01;-0,08;-0,08;-0,15;-0,15;-0,01;-0,01;-0,02;-0,02;-0,01;-0,01;-0,01;-0,01;-0,05;-0,05;-0,02;-0,02;-0,06;-0,06;-0,3;-0,3;-0,04;-0,04;0,0;0,0
04.07.2026;20:15;20:30;0,05;0,05;-0,01;-0,01;-0,02;-0,02;-0,09;-0,09;0,0;0,0;0,0;0,0;-0,06;-0,06;-0,03;-0,03;-0,01;-0,01;-0,03;-0,03;-0,01;-0,01;-0,01;-0,01;0,0;0,0;-0,03;-0,03;-0,05;-0,05;-0,01;-0,01;-0,02;-0,02;-0,15;-0,15;0,0;0,0;-0,02;-0,02;-0,01;-0,01;-0,01;-0,01;-0,06;-0,06;0,0;0,0;-0,03;-0,03;-0,04;-0,04;-0,04;-0,04;0,0;0,0
04.07.2026;20:30;20:45;0,02;0,02;0,0;0,0;-0,03;-0,03;-0,06;-0,06;0,0;0,0;-0,01;-0,01;-0,05;-0,05;-0,03;-0,03;-0,01;-0,01;-0,03;-0,03;-0,02;-0,02;-0,02;-0,02;0,0;0,0;-0,02;-0,02;-0,03;-0,03;-0,01;-0,01;-0,02;-0,02;-0,03;-0,03;-0,03;-0,03;-0,02;-0,02;-0,01;-0,01;-0,01;-0,01;-0,04;-0,04;-0,01;-0,01;-0,03;-0,03;-0,22;-0,22;-0,02;-0,02;0,0;0,0
04.07.2026;20:45;21:00;0,01;0,01;0,0;0,0;-0,02;-0,02;-0,06;-0,06;0,0;0,0;0,0;0,0;-0,06;-0,06;-0,03;-0,03;-0,02;-0,02;-0,03;-0,03;-0,01;-0,01;-0,01;-0,01;0,0;0,0;-0,02;-0,02;-0,47;-0,47;-0,01;-0,01;-0,02;-0,02;-0,01;-0,01;0,0;0,0;-0,02;-0,02;-0,01;-0,01;-0,03;-0,03;-0,06;-0,06;-0,02;-0,02;-0,03;-0,03;-0,03;-0,03;-0,03;-0,03;0,0;0,0
04.07.2026;21:00;21:15;0,01;0,01;0,0;0,0;-0,01;-0,01;-0,08;-0,08;-0,01;-0,01;0,0;0,0;-0,06;-0,06;-0,02;-0,02;-0,01;-0,01;-0,06;-0,06;-0,02;-0,02;0,0;0,0;-0,01;-0,01;-0,04;-0,04;-0,11;-0,11;-0,01;-0,01;-0,03;-0,03;0,0;0,0;-0,01;-0,01;-0,03;-0,03;-0,01;-0,01;-0,02;-0,02;-0,05;-0,05;-0,01;-0,01;-0,03;-0,03;-0,04;-0,04;-0,03;-0,03;0,0;0,0
04.07.2026;21:15;21:30;0,0;0,0;0,0;0,0;-0,02;-0,02;-0,13;-0,13;0,0;0,0;0,0;0,0;-0,05;-0,05;-0,03;-0,03;-0,02;-0,02;-0,09;-0,09;-0,01;-0,01;-0,01;-0,01;0,0;0,0;-0,06;-0,06;-0,05;-0,05;-0,01;-0,01;-0,02;-0,02;-0,02;-0,02;-0,02;-0,02;-0,02;-0,02;-0,01;-0,01;-0,01;-0,01;-0,04;-0,04;-0,01;-0,01;-0,3;-0,3;-0,04;-0,04;-0,02;-0,02;0,0;0,0
04.07.2026;21:30;21:45;0,0;0,0;-0,01;-0,01;-0,02;-0,02;-0,08;-0,08;0,0;0,0;0,0;0,0;-0,04;-0,04;-0,03;-0,03;-0,02;-0,02;-0,13;-0,13;-0,01;-0,01;-0,01;-0,01;0,0;0,0;-0,03;-0,03;-0,04;-0,04;-0,04;-0,04;-0,03;-0,03;-0,01;-0,01;-0,01;-0,01;-0,02;-0,02;-0,01;-0,01;-0,01;-0,01;-0,06;-0,06;-0,01;-0,01;-0,2;-0,2;-0,03;-0,03;-0,03;-0,03;0,0;0,0
04.07.2026;21:45;22:00;0,0;0,0;0,0;0,0;-0,03;-0,03;-0,07;-0,07;0,0;0,0;-0,01;-0,01;-0,04;-0,04;-0,03;-0,03;-0,01;-0,01;-0,27;-0,27;-0,02;-0,02;-0,01;-0,01;0,0;0,0;-0,03;-0,03;-0,04;-0,04;-0,06;-0,06;-0,02;-0,02;-0,01;-0,01;0,0;0,0;-0,02;-0,02;0,0;0,0;-0,01;-0,01;-0,05;-0,05;-0,01;-0,01;-0,08;-0,08;-0,26;-0,26;-0,02;-0,02;0,0;0,0
04.07.2026;22:00;22:15;0,0;0,0;0,0;0,0;-0,02;-0,02;-0,07;-0,07;0,0;0,0;0,0;0,0;-0,04;-0,04;-0,04;-0,04;-0,02;-0,02;-0,09;-0,09;-0,01;-0,01;0,0;0,0;0,0;0,0;-0,03;-0,03;-0,04;-0,04;-0,05;-0,05;-0,02;-0,02;0,0;0,0;-0,02;-0,02;-0,02;-0,02;-0,02;-0,02;-0,02;-0,02;-0,04;-0,04;-0,01;-0,01;-0,03;-0,03;-0,12;-0,12;-0,03;-0,03;0,0;0,0
04.07.2026;22:15;22:30;0,0;0,0;0,0;0,0;-0,02;-0,02;-0,08;-0,08;0,0;0,0;0,0;0,0;-0,04;-0,04;-0,07;-0,07;-0,01;-0,01;-0,09;-0,09;0,0;0,0;-0,01;-0,01;0,0;0,0;-0,01;-0,01;-0,05;-0,05;-0,04;-0,04;-0,03;-0,03;-0,01;-0,01;-0,01;-0,01;-0,02;-0,02;0,0;0,0;-0,03;-0,03;-0,05;-0,05;-0,01;-0,01;-0,03;-0,03;-0,02;-0,02;-0,04;-0,04;0,0;0,0
04.07.2026;22:30;22:45;0,0;0,0;-0,01;-0,01;-0,02;-0,02;-0,07;-0,07;0,0;0,0;0,0;0,0;-0,04;-0,04;-0,04;-0,04;-0,01;-0,01;-0,08;-0,08;0,0;0,0;-0,01;-0,01;0,0;0,0;-0,01;-0,01;-0,04;-0,04;-0,05;-0,05;-0,03;-0,03;-0,01;-0,01;-0,01;-0,01;-0,02;-0,02;-0,01;-0,01;-0,01;-0,01;-0,05;-0,05;-0,01;-0,01;-0,03;-0,03;-0,01;-0,01;-0,03;-0,03;0,0;0,0
04.07.2026;22:45;23:00;0,0;0,0;0,0;0,0;0,0;0,0;-0,16;-0,16;0,0;0,0;-0,01;-0,01;-0,04;-0,04;-0,04;-0,04;-0,02;-0,02;-0,41;-0,41;-0,01;-0,01;0,0;0,0;0,0;0,0;-0,02;-0,02;-0,06;-0,06;-0,04;-0,04;-0,02;-0,02;-0,02;-0,02;-0,02;-0,02;-0,02;-0,02;-0,01;-0,01;0,0;0,0;-0,05;-0,05;-0,01;-0,01;-0,03;-0,03;-0,01;-0,01;-0,04;-0,04;0,0;0,0
04.07.2026;23:00;23:15;0,0;0,0;0,0;0,0;-0,01;-0,01;-0,19;-0,19;0,0;0,0;0,0;0,0;-0,04;-0,04;-0,03;-0,03;-0,02;-0,02;-0,13;-0,13;-0,02;-0,02;-0,02;-0,02;0,0;0,0;0,0;0,0;-0,03;-0,03;-0,02;-0,02;-0,03;-0,03;-0,01;-0,01;0,0;0,0;-0,04;-0,04;-0,01;-0,01;-0,02;-0,02;-0,05;-0,05;-0,01;-0,01;-0,03;-0,03;-0,01;-0,01;-0,02;-0,02;0,0;0,0
04.07.2026;23:15;23:30;0,0;0,0;0,0;0,0;-0,02;-0,02;-0,2;-0,2;0,0;0,0;0,0;0,0;-0,04;-0,04;-0,04;-0,04;-0,01;-0,01;-0,04;-0,04;-0,02;-0,02;0,0;0,0;0,0;0,0;-0,01;-0,01;-0,05;-0,05;-0,01;-0,01;-0,02;-0,02;-0,05;-0,05;-0,01;-0,01;-0,04;-0,04;-0,01;-0,01;-0,02;-0,02;-0,04;-0,04;-0,01;-0,01;-0,02;-0,02;-0,02;-0,02;-0,01;-0,01;0,0;0,0
04.07.2026;23:30;23:45;0,0;0,0;0,0;0,0;-0,01;-0,01;-0,2;-0,2;0,0;0,0;0,0;0,0;-0,03;-0,03;-0,02;-0,02;-0,02;-0,02;-0,03;-0,03;-0,01;-0,01;-0,01;-0,01;0,0;0,0;-0,01;-0,01;-0,04;-0,04;-0,01;-0,01;-0,02;-0,02;-0,11;-0,11;-0,03;-0,03;-0,02;-0,02;-0,01;-0,01;-0,02;-0,02;-0,05;-0,05;-0,01;-0,01;-0,03;-0,03;-0,01;-0,01;-0,02;-0,02;0,0;0,0
04.07.2026;23:45;00:00;0,0;0,0;-0,01;-0,01;-0,01;-0,01;-0,22;-0,22;0,0;0,0;0,0;0,0;-0,04;-0,04;-0,03;-0,03;-0,01;-0,01;-0,48;-0,48;-0,02;-0,02;-0,01;-0,01;0,0;0,0;-0,02;-0,02;-0,05;-0,05;-0,01;-0,01;-0,02;-0,02;-0,08;-0,08;0,0;0,0;-0,03;-0,03;-0,01;-0,01;-0,01;-0,01;-0,05;-0,05;-0,01;-0,01;-0,02;-0,02;-0,01;-0,01;-0,01;-0,01;0,0;0,0
05.07.2026;00:00;00:15;0,0;0,0;0,0;0,0;0,0;0,0;-0,24;-0,24;0,0;0,0;-0,01;-0,01;-0,04;-0,04;-0,03;-0,03;-0,02;-0,02;-0,14;-0,14;-0,01;-0,01;0,0;0,0;0,0;0,0;0,0;0,0;-0,02;-0,02;-0,01;-0,01;-0,03;-0,03;-0,02;-0,02;-0,02;-0,02;-0,02;-0,02;0,0;0,0;-0,01;-0,01;-0,03;-0,03;-0,02;-0,02;-0,03;-0,03;-0,02;-0,02;-0,01;-0,01;0,0;0,0
05.07.2026;00:15;00:30;0,0;0,0;0,0;0,0;-0,01;-0,01;-0,11;-0,11;0,0;0,0;0,0;0,0;-0,04;-0,04;-0,02;-0,02;-0,01;-0,01;-0,03;-0,03;-0,01;-0,01;-0,02;-0,02;0,0;0,0;-0,01;-0,01;0,0;0,0;-0,01;-0,01;-0,02;-0,02;-0,01;-0,01;-0,01;-0,01;-0,02;-0,02;-0,02;-0,02;-0,02;-0,02;-0,02;-0,02;-0,01;-0,01;-0,03;-0,03;-0,05;-0,05;-0,02;-0,02;0,0;0,0
05.07.2026;00:30;00:45;0,0;0,0;0,0;0,0;-0,01;-0,01;-0,16;-0,16;0,0;0,0;0,0;0,0;-0,04;-0,04;-0,03;-0,03;-0,01;-0,01;-0,02;-0,02;-0,02;-0,02;0,0;0,0;0,0;0,0;-0,02;-0,02;-0,01;-0,01;-0,02;-0,02;-0,02;-0,02;0,0;0,0;-0,01;-0,01;-0,02;-0,02;0,0;0,0;-0,02;-0,02;-0,01;-0,01;0,0;0,0;-0,02;-0,02;-0,03;-0,03;0,0;0,0;0,0;0,0
05.07.2026;00:45;01:00;0,0;0,0;-0,01;-0,01;-0,01;-0,01;-0,23;-0,23;0,0;0,0;0,0;0,0;-0,03;-0,03;-0,03;-0,03;-0,02;-0,02;-0,02;-0,02;-0,01;-0,01;-0,01;-0,01;0,0;0,0;0,0;0,0;-0,01;-0,01;0,0;0,0;-0,03;-0,03;-0,07;-0,07;-0,01;-0,01;-0,02;-0,02;-0,01;-0,01;-0,02;-0,02;-0,02;-0,02;-0,02;-0,02;0,0;0,0;-0,03;-0,03;-0,02;-0,02;0,0;0,0
05.07.2026;01:00;01:15;0,0;0,0;0,0;0,0;-0,02;-0,02;-0,13;-0,13;0,0;0,0;-0,01;-0,01;-0,04;-0,04;-0,03;-0,03;-0,01;-0,01;-0,02;-0,02;0,0;0,0;-0,01;-0,01;0,0;0,0;-0,01;-0,01;-0,01;-0,01;-0,02;-0,02;-0,02;-0,02;-0,12;-0,12;-0,02;-0,02;-0,02;-0,02;-0,02;-0,02;-0,01;-0,01;-0,01;-0,01;-0,01;-0,01;0,0;0,0;-0,04;-0,04;-0,01;-0,01;0,0;0,0
05.07.2026;01:15;01:30;0,0;0,0;0,0;0,0;0,0;0,0;-0,15;-0,15;0,0;0,0;0,0;0,0;-0,04;-0,04;-0,03;-0,03;-0,02;-0,02;-0,02;-0,02;0,0;0,0;0,0;0,0;0,0;0,0;-0,02;-0,02;-0,01;-0,01;-0,02;-0,02;-0,03;-0,03;-0,02;-0,02;0,0;0,0;-0,02;-0,02;0,0;0,0;-0,01;-0,01;0,0;0,0;0,0;0,0;-0,01;-0,01;-0,02;-0,02;-0,01;-0,01;0,0;0,0
05.07.2026;01:30;01:45;0,0;0,0;0,0;0,0;-0,01;-0,01;-0,18;-0,18;0,0;0,0;0,0;0,0;-0,03;-0,03;-0,03;-0,03;-0,02;-0,02;-0,02;-0,02;-0,01;-0,01;-0,01;-0,01;0,0;0,0;-0,01;-0,01;-0,01;-0,01;-0,01;-0,01;-0,03;-0,03;-0,02;-0,02;-0,01;-0,01;-0,02;-0,02;-0,01;-0,01;-0,02;-0,02;-0,02;-0,02;-0,02;-0,02;-0,02;-0,02;-0,03;-0,03;-0,01;-0,01;0,0;0,0
05.07.2026;01:45;02:00;0,0;0,0;-0,01;-0,01;0,0;0,0;-0,09;-0,09;0,0;0,0;0,0;0,0;-0,04;-0,04;-0,03;-0,03;-0,01;-0,01;-0,02;-0,02;-0,02;-0,02;-0,01;-0,01;0,0;0,0;0,0;0,0;-0,01;-0,01;-0,02;-0,02;-0,01;-0,01;-0,03;-0,03;-0,02;-0,02;-0,02;-0,02;-0,01;-0,01;-0,02;-0,02;-0,01;-0,01;-0,01;-0,01;-0,02;-0,02;-0,04;-0,04;-0,01;-0,01;0,0;0,0
05.07.2026;02:00;02:15;0,0;0,0;0,0;0,0;-0,02;-0,02;-0,05;-0,05;-0,01;-0,01;-0,01;-0,01;-0,04;-0,04;-0,03;-0,03;-0,01;-0,01;-0,01;-0,01;-0,02;-0,02;0,0;0,0;-0,01;-0,01;-0,01;-0,01;0,0;0,0;-0,01;-0,01;-0,03;-0,03;-0,04;-0,04;0,0;0,0;-0,02;-0,02;-0,01;-0,01;-0,02;-0,02;-0,01;-0,01;-0,01;-0,01;-0,02;-0,02;-0,03;-0,03;-0,01;-0,01;0,0;0,0
05.07.2026;02:15;02:30;0,0;0,0;0,0;0,0;-0,01;-0,01;-0,06;-0,06;0,0;0,0;0,0;0,0;-0,04;-0,04;-0,03;-0,03;-0,02;-0,02;-0,02;-0,02;-0,01;-0,01;-0,01;-0,01;0,0;0,0;-0,02;-0,02;-0,01;-0,01;0,0;0,0;-0,02;-0,02;-0,02;-0,02;-0,02;-0,02;-0,02;-0,02;-0,01;-0,01;0,0;0,0;-0,01;-0,01;-0,01;-0,01;-0,02;-0,02;-0,01;-0,01;-0,02;-0,02;0,0;0,0
05.07.2026;02:30;02:45;0,0;0,0;0,0;0,0;-0,01;-0,01;-0,06;-0,06;0,0;0,0;0,0;0,0;-0,04;-0,04;-0,03;-0,03;-0,01;-0,01;-0,02;-0,02;-0,02;-0,02;-0,01;-0,01;0,0;0,0;0,0;0,0;-0,01;-0,01;-0,02;-0,02;-0,03;-0,03;-0,02;-0,02;-0,01;-0,01;-0,02;-0,02;-0,01;-0,01;-0,01;-0,01;-0,01;-0,01;-0,01;-0,01;-0,02;-0,02;0,0;0,0;0,0;0,0;0,0;0,0
05.07.2026;02:45;03:00;0,0;0,0;0,0;0,0;-0,01;-0,01;-0,06;-0,06;0,0;0,0;0,0;0,0;-0,05;-0,05;-0,02;-0,02;-0,02;-0,02;-0,02;-0,02;-0,01;-0,01;-0,01;-0,01;0,0;0,0;-0,01;-0,01;-0,01;-0,01;-0,01;-0,01;-0,01;-0,01;-0,03;-0,03;0,0;0,0;-0,02;-0,02;-0,01;-0,01;-0,02;-0,02;-0,01;-0,01;-0,02;-0,02;-0,02;-0,02;-0,01;-0,01;-0,02;-0,02;0,0;0,0
05.07.2026;03:00;03:15;0,0;0,0;-0,01;-0,01;0,0;0,0;-0,06;-0,06;0,0;0,0;0,0;0,0;-0,03;-0,03;-0,01;-0,01;-0,01;-0,01;-0,02;-0,02;-0,02;-0,02;0,0;0,0;0,0;0,0;-0,01;-0,01;-0,01;-0,01;-0,01;-0,01;-0,01;-0,01;-0,01;-0,01;-0,02;-0,02;-0,02;-0,02;-0,01;-0,01;-0,03;-0,03;-0,02;-0,02;0,0;0,0;-0,02;-0,02;-0,01;-0,01;-0,01;-0,01;0,0;0,0
05.07.2026;03:15;03:30;0,0;0,0;0,0;0,0;-0,01;-0,01;-0,06;-0,06;0,0;0,0;-0,01;-0,01;-0,04;-0,04;-0,01;-0,01;-0,02;-0,02;-0,01;-0,01;-0,01;-0,01;-0,01;-0,01;0,0;0,0;-0,02;-0,02;-0,01;-0,01;-0,01;-0,01;-0,01;-0,01;-0,02;-0,02;-0,01;-0,01;-0,02;-0,02;0,0;0,0;-0,01;-0,01;0,0;0,0;-0,01;-0,01;-0,01;-0,01;-0,01;-0,01;-0,01;-0,01;0,0;0,0
05.07.2026;03:30;03:45;0,0;0,0;0,0;0,0;-0,01;-0,01;-0,06;-0,06;0,0;0,0;0,0;0,0;-0,05;-0,05;-0,01;-0,01;-0,01;-0,01;-0,02;-0,02;-0,01;-0,01;-0,01;-0,01;0,0;0,0;0,0;0,0;-0,01;-0,01;0,0;0,0;-0,01;-0,01;-0,01;-0,01;0,0;0,0;-0,02;-0,02;-0,02;-0,02;-0,01;-0,01;-0,02;-0,02;-0,01;-0,01;-0,02;-0,02;-0,02;-0,02;-0,01;-0,01;0,0;0,0
05.07.2026;03:45;04:00;0,0;0,0;0,0;0,0;-0,02;-0,02;-0,06;-0,06;0,0;0,0;0,0;0,0;-0,04;-0,04;-0,01;-0,01;-0,01;-0,01;-0,02;-0,02;0,0;0,0;0,0;0,0;0,0;0,0;-0,01;-0,01;-0,01;-0,01;-0,01;-0,01;-0,01;-0,01;0,0;0,0;-0,02;-0,02;-0,03;-0,03;-0,01;-0,01;-0,01;-0,01;0,0;0,0;-0,02;-0,02;-0,02;-0,02;-0,01;-0,01;-0,01;-0,01;0,0;0,0
05.07.2026;04:00;04:15;0,0;0,0;-0,01;-0,01;-0,01;-0,01;-0,06;-0,06;0,0;0,0;0,0;0,0;-0,04;-0,04;-0,01;-0,01;-0,02;-0,02;-0,01;-0,01;0,0;0,0;-0,02;-0,02;0,0;0,0;-0,01;-0,01;0,0;0,0;-0,02;-0,02;0,0;0,0;-0,01;-0,01;-0,01;-0,01;-0,02;-0,02;0,0;0,0;-0,02;-0,02;-0,02;-0,02;-0,01;-0,01;-0,02;-0,02;-0,01;-0,01;-0,01;-0,01;0,0;0,0
05.07.2026;04:15;04:30;0,0;0,0;0,0;0,0;0,0;0,0;-0,06;-0,06;0,0;0,0;-0,01;-0,01;-0,04;-0,04;-0,01;-0,01;-0,01;-0,01;-0,02;-0,02;-0,02;-0,02;0,0;0,0;0,0;0,0;-0,01;-0,01;-0,02;-0,02;0,0;0,0;-0,02;-0,02;-0,02;-0,02;-0,01;-0,01;-0,02;-0,02;-0,01;-0,01;-0,02;-0,02;-0,01;-0,01;0,0;0,0;-0,02;-0,02;-0,01;-0,01;-0,01;-0,01;0,0;0,0
05.07.2026;04:30;04:45;0,0;0,0;0,0;0,0;-0,01;-0,01;-0,06;-0,06;0,0;0,0;0,0;0,0;-0,04;-0,04;-0,01;-0,01;-0,02;-0,02;-0,02;-0,02;-0,01;-0,01;-0,01;-0,01;0,0;0,0;-0,01;-0,01;0,0;0,0;-0,01;-0,01;-0,01;-0,01;-0,01;-0,01;-0,01;-0,01;-0,02;-0,02;-0,01;-0,01;-0,02;-0,02;0,0;0,0;-0,01;-0,01;-0,02;-0,02;-0,01;-0,01;-0,01;-0,01;0,0;0,0
05.07.2026;04:45;05:00;0,0;0,0;0,0;0,0;0,0;0,0;-0,06;-0,06;0,0;0,0;0,0;0,0;-0,03;-0,03;0,0;0,0;-0,02;-0,02;-0,02;-0,02;-0,02;-0,02;-0,01;-0,01;0,0;0,0;-0,01;-0,01;-0,01;-0,01;-0,02;-0,02;0,0;0,0;-0,01;-0,01;-0,01;-0,01;-0,02;-0,02;-0,01;-0,01;-0,01;-0,01;-0,02;-0,02;-0,02;-0,02;-0,01;-0,01;-0,01;-0,01;-0,01;-0,01;0,0;0,0
05.07.2026;05:00;05:15;0,0;0,0;0,0;0,0;-0,02;-0,02;-0,19;-0,19;0,0;0,0;0,0;0,0;-0,04;-0,04;-0,02;-0,02;-0,01;-0,01;-0,01;-0,01;-0,01;-0,01;0,0;0,0;0,0;0,0;-0,01;-0,01;-0,01;-0,01;0,0;0,0;-0,01;-0,01;0,0;0,0;-0,01;-0,01;-0,02;-0,02;-0,01;-0,01;-0,01;-0,01;-0,01;-0,01;-0,01;-0,01;-0,02;-0,02;-0,01;-0,01;-0,01;-0,01;0,0;0,0
05.07.2026;05:15;05:30;0,0;0,0;-0,01;-0,01;-0,01;-0,01;-0,2;-0,2;0,0;0,0;0,0;0,0;-0,04;-0,04;0,0;0,0;-0,02;-0,02;-0,02;-0,02;-0,02;-0,02;-0,01;-0,01;0,0;0,0;-0,01;-0,01;-0,01;-0,01;-0,02;-0,02;-0,01;-0,01;-0,01;-0,01;-0,01;-0,01;-0,03;-0,03;-0,01;-0,01;-0,02;-0,02;-0,01;-0,01;0,0;0,0;-0,02;-0,02;-0,01;-0,01;-0,01;-0,01;0,0;0,0
05.07.2026;05:30;05:45;0,02;0,02;0,0;0,0;-0,01;-0,01;-0,06;-0,06;0,0;0,0;-0,01;-0,01;-0,04;-0,04;-0,02;-0,02;-0,01;-0,01;0,0;0,0;-0,01;-0,01;-0,01;-0,01;0,0;0,0;-0,01;-0,01;-0,01;-0,01;0,0;0,0;-0,01;-0,01;-0,02;-0,02;-0,02;-0,02;-0,02;-0,02;-0,01;-0,01;-0,02;-0,02;-0,01;-0,01;-0,02;-0,02;-0,02;-0,02;-0,01;-0,01;-0,02;-0,02;0,0;0,0
05.07.2026;05:45;06:00;0,01;0,01;0,0;0,0;0,0;0,0;-0,17;-0,17;0,0;0,0;0,0;0,0;-0,04;-0,04;0,0;0,0;-0,01;-0,01;-0,01;-0,01;-0,02;-0,02;-0,01;-0,01;0,0;0,0;-0,01;-0,01;0,0;0,0;-0,01;-0,01;0,0;0,0;-0,01;-0,01;0,0;0,0;-0,02;-0,02;-0,01;-0,01;-0,01;-0,01;-0,01;-0,01;-0,01;-0,01;-0,02;-0,02;-0,02;-0,02;0,0;0,0;0,0;0,0
05.07.2026;06:00;06:15;0,0;0,0;0,0;0,0;-0,01;-0,01;-0,19;-0,19;0,0;0,0;0,0;0,0;-0,04;-0,04;-0,01;-0,01;-0,02;-0,02;-0,01;-0,01;-0,01;-0,01;-0,01;-0,01;0,0;0,0;-0,02;-0,02;-0,02;-0,02;-0,02;-0,02;-0,01;-0,01;-0,01;-0,01;-0,01;-0,01;-0,02;-0,02;0,0;0,0;-0,01;-0,01;-0,01;-0,01;-0,01;-0,01;-0,02;-0,02;-0,01;-0,01;-0,01;-0,01;0,0;0,0
05.07.2026;06:15;06:30;0,0;0,0;-0,01;-0,01;-0,01;-0,01;-0,18;-0,18;0,0;0,0;0,0;0,0;-0,03;-0,03;-0,01;-0,01;-0,01;-0,01;0,0;0,0;-0,01;-0,01;0,0;0,0;0,0;0,0;0,0;0,0;0,0;0,0;0,0;0,0;-0,02;-0,02;-0,01;-0,01;-0,02;-0,02;-0,02;-0,02;-0,02;-0,02;-0,01;-0,01;-0,01;-0,01;-0,01;-0,01;-0,01;-0,01;0,0;0,0;-0,01;-0,01;0,0;0,0
05.07.2026;06:30;06:45;0,06;0,06;0,0;0,0;-0,01;-0,01;-0,22;-0,22;0,0;0,0;-0,01;-0,01;-0,04;-0,04;-0,02;-0,02;-0,02;-0,02;-0,01;-0,01;0,0;0,0;-0,01;-0,01;0,0;0,0;0,0;0,0;-0,01;-0,01;-0,02;-0,02;-0,01;-0,01;-0,01;-0,01;0,0;0,0;-0,02;-0,02;-0,01;-0,01;-0,03;-0,03;-0,01;-0,01;-0,01;-0,01;-0,02;-0,02;-0,01;-0,01;-0,01;-0,01;0,0;0,0
05.07.2026;06:45;07:00;0,06;0,06;0,0;0,0;-0,02;-0,02;-0,15;-0,15;0,0;0,0;0,0;0,0;-0,04;-0,04;-0,03;-0,03;-0,01;-0,01;0,0;0,0;0,0;0,0;-0,01;-0,01;0,0;0,0;-0,02;-0,02;-0,01;-0,01;-0,07;-0,07;0,0;0,0;-0,02;-0,02;-0,01;-0,01;-0,02;-0,02;0,0;0,0;-0,02;-0,02;-0,01;-0,01;-0,01;-0,01;-0,01;-0,01;-0,01;-0,01;-0,02;-0,02;0,0;0,0
05.07.2026;07:00;07:15;0,2;0,15;0,0;0,0;-0,01;-0,01;-0,11;-0,06;-0,01;-0,01;0,0;0,0;-0,07;-0,07;-0,02;-0,02;-0,02;-0,02;-0,02;-0,02;-0,02;-0,02;0,0;0,0;-0,01;-0,01;-0,05;-0,05;-0,01;-0,01;-0,03;-0,03;0,0;0,0;-0,01;-0,01;-0,02;-0,02;-0,02;-0,02;-0,02;-0,02;-0,01;-0,01;-0,01;-0,01;-0,01;-0,01;0,0;0,0;-0,01;-0,01;-0,01;-0,01;0,0;0,0
05.07.2026;07:15;07:30;0,51;0,21;0,0;0,0;-0,18;-0,17;-0,24;-0,13;0,0;0,0;0,0;0,0;-0,11;-0,1;-0,02;-0,01;-0,02;-0,01;-0,01;0,0;-0,01;0,0;-0,02;-0,01;0,0;0,0;-0,01;0,0;-0,01;0,0;-0,04;-0,03;-0,02;-0,01;-0,01;0,0;0,0;0,0;-0,02;-0,01;0,0;0,0;-0,01;0,0;-0,01;0,0;-0,01;0,0;-0,01;0,0;-0,01;0,0;-0,01;0,0;0,0;0,0
05.07.2026;07:30;07:45;1,04;0,41;-0,01;0,0;-0,08;0,0;-0,23;0,0;0,0;0,0;0,0;0,0;-0,06;0,0;-0,02;0,0;0,0;0,0;-0,02;0,0;-0,02;0,0;0,0;0,0;0,0;0,0;-0,01;0,0;-0,01;0,0;-0,03;0,0;-0,01;0,0;0,0;0,0;-0,01;0,0;-0,04;0,0;-0,01;0,0;-0,01;0,0;-0,02;0,0;-0,01;0,0;0,0;0,0;-0,02;0,0;-0,01;0,0;0,0;0,0
05.07.2026;07:45;08:00;0,27;0,19;0,0;0,0;-0,01;-0,01;-0,18;-0,1;0,0;0,0;-0,01;-0,01;-0,08;-0,08;-0,04;-0,04;-0,02;-0,02;-0,02;-0,02;-0,01;-0,01;-0,03;-0,03;0,0;0,0;-0,02;-0,02;0,0;0,0;-0,03;-0,03;0,0;0,0;-0,01;-0,01;-0,02;-0,02;-0,03;-0,03;-0,01;-0,01;-0,02;-0,02;0,0;0,0;-0,01;-0,01;-0,01;-0,01;-0,01;-0,01;-0,01;-0,01;0,0;0,0
05.07.2026;08:00;08:15;0,2;0,15;0,0;0,0;-0,03;-0,03;-0,18;-0,13;0,0;0,0;0,0;0,0;-0,09;-0,09;-0,02;-0,02;-0,02;-0,02;-0,01;-0,01;-0,02;-0,02;-0,02;-0,02;0,0;0,0;-0,02;-0,02;-0,01;-0,01;-0,03;-0,03;0,0;0,0;-0,01;-0,01;0,0;0,0;-0,02;-0,02;-0,01;-0,01;-0,03;-0,03;-0,02;-0,02;-0,02;-0,02;-0,01;-0,01;-0,01;-0,01;-0,01;-0,01;0,0;0,0
05.07.2026;08:15;08:30;0,87;0,26;0,0;0,0;-0,03;0,0;-0,17;0,0;0,0;0,0;0,0;0,0;-0,18;-0,11;-0,02;0,0;-0,01;0,0;-0,02;0,0;-0,01;0,0;-0,02;0,0;0,0;0,0;-0,04;0,0;-0,01;0,0;-0,04;0,0;-0,02;0,0;-0,02;0,0;-0,01;0,0;-0,02;0,0;0,0;0,0;-0,01;0,0;-0,01;0,0;0,0;0,0;-0,01;0,0;-0,02;0,0;-0,05;0,0;0,0;0,0
05.07.2026;08:30;08:45;0,69;0,23;-0,01;0,0;-0,02;0,0;-0,11;0,0;0,0;0,0;0,0;0,0;-0,31;-0,28;-0,02;0,0;-0,02;0,0;0,0;0,0;-0,02;0,0;0,0;0,0;0,0;0,0;-0,03;0,0;-0,01;0,0;-0,05;-0,02;-0,01;0,0;-0,01;0,0;-0,02;0,0;-0,02;0,0;-0,02;0,0;0,0;0,0;0,0;0,0;-0,01;0,0;-0,01;0,0;-0,04;-0,01;-0,07;-0,04;0,0;0,0
05.07.2026;08:45;09:00;1,33;0,78;0,0;0,0;-0,01;0,0;-0,06;0,0;0,0;0,0;-0,01;0,0;-0,24;-0,11;-0,02;0,0;-0,01;0,0;-0,01;0,0;-0,01;0,0;-0,01;0,0;0,0;0,0;-0,02;0,0;-0,01;0,0;-0,05;0,0;0,0;0,0;0,0;0,0;-0,01;0,0;-0,02;0,0;-0,01;0,0;-0,02;0,0;-0,02;0,0;-0,02;0,0;-0,01;0,0;-0,02;0,0;-0,07;0,0;0,0;0,0
05.07.2026;09:00;09:15;2,46;1,62;0,0;0,0;-0,02;0,0;-0,1;0,0;0,0;0,0;0,0;0,0;-0,09;0,0;-0,04;0,0;-0,02;0,0;0,0;0,0;-0,01;0,0;-0,01;0,0;0,0;0,0;-0,37;-0,06;-0,01;0,0;-0,05;0,0;-0,01;0,0;-0,01;0,0;0,0;0,0;0,0;0,0;0,0;0,0;-0,02;0,0;-0,03;0,0;-0,01;0,0;-0,03;0,0;-0,03;0,0;-0,04;0,0;0,0;0,0
05.07.2026;09:15;09:30;2,29;1,55;0,0;0,0;-0,01;0,0;-0,12;0,0;0,0;0,0;0,0;0,0;-0,05;0,0;-0,02;0,0;-0,01;0,0;0,0;0,0;0,0;0,0;-0,01;0,0;0,0;0,0;-0,24;0,0;-0,01;0,0;-0,04;0,0;-0,01;0,0;-0,01;0,0;-0,02;0,0;0,0;0,0;-0,02;0,0;-0,02;0,0;-0,04;0,0;0,0;0,0;-0,01;0,0;-0,05;0,0;-0,05;0,0;0,0;0,0
05.07.2026;09:30;09:45;1,96;1,06;0,0;0,0;-0,02;0,0;-0,08;0,0;0,0;0,0;0,0;0,0;-0,05;0,0;-0,02;0,0;-0,01;0,0;-0,01;0,0;0,0;0,0;-0,02;0,0;0,0;0,0;-0,22;-0,02;0,0;0,0;-0,02;0,0;-0,15;0,0;-0,02;0,0;-0,01;0,0;0,0;0,0;0,0;0,0;-0,01;0,0;-0,07;0,0;-0,01;0,0;-0,12;0,0;-0,03;0,0;-0,05;0,0;0,0;0,0
05.07.2026;09:45;10:00;2,38;1,4;-0,01;0,0;-0,04;0,0;-0,1;0,0;0,0;0,0;0,0;0,0;-0,04;0,0;-0,12;0,0;-0,03;0,0;0,0;0,0;-0,02;0,0;-0,03;0,0;0,0;0,0;-0,17;0,0;-0,01;0,0;-0,04;0,0;-0,01;0,0;-0,01;0,0;-0,01;0,0;-0,01;0,0;-0,01;0,0;-0,01;0,0;-0,09;0,0;-0,02;0,0;-0,04;0,0;-0,13;0,0;-0,03;0,0;0,0;0,0
05.07.2026;10:00;10:15;1,53;0,6;0,0;0,0;-0,02;0,0;-0,12;0,0;0,0;0,0;-0,01;0,0;-0,03;0,0;-0,02;0,0;-0,04;0,0;-0,02;0,0;-0,01;0,0;-0,04;0,0;0,0;0,0;-0,22;-0,09;-0,01;0,0;-0,04;0,0;-0,02;0,0;0,0;0,0;-0,02;0,0;-0,22;-0,09;-0,01;0,0;-0,01;0,0;-0,09;0,0;-0,01;0,0;-0,04;0,0;-0,08;0,0;-0,03;0,0;0,0;0,0
05.07.2026;10:15;10:30;0,08;0,08;0,0;0,0;-0,19;-0,19;-0,07;-0,07;0,0;0,0;0,0;0,0;-0,04;-0,04;-0,03;-0,03;-0,01;-0,01;-0,02;-0,02;-0,02;-0,02;-0,02;-0,02;0,0;0,0;-0,26;-0,26;-0,01;-0,01;-0,03;-0,03;0,0;0,0;-0,01;-0,01;-0,01;-0,01;-0,54;-0,54;-0,01;-0,01;-0,03;-0,03;-0,07;-0,07;-0,01;-0,01;-0,05;-0,05;-0,04;-0,04;-0,04;-0,04;0,0;0,0
05.07.2026;10:30;10:45;0,0;0,0;0,0;0,0;-0,15;-0,15;-0,09;-0,09;0,0;0,0;0,0;0,0;-0,04;-0,04;-0,19;-0,19;-0,02;-0,02;-0,01;-0,01;-0,01;-0,01;-0,01;-0,01;0,0;0,0;-0,2;-0,2;-0,01;-0,01;-0,04;-0,04;-0,02;-0,02;-0,01;-0,01;0,0;0,0;-0,4;-0,4;-0,01;-0,01;-0,02;-0,02;-0,15;-0,15;-0,01;-0,01;-0,07;-0,07;-0,03;-0,03;-0,05;-0,05;0,0;0,0
05.07.2026;10:45;11:00;1,68;0,45;-0,01;0,0;-0,03;0,0;-0,21;0,0;0,0;0,0;0,0;0,0;-0,04;0,0;-0,16;-0,03;-0,02;0,0;-0,01;0,0;-0,02;0,0;-0,27;-0,14;0,0;0,0;-0,24;-0,11;-0,03;0,0;-0,04;0,0;-0,02;0,0;-0,01;0,0;-0,02;0,0;-0,12;0,0;-0,01;0,0;-0,01;0,0;-0,56;-0,43;-0,01;0,0;-0,04;0,0;-0,03;0,0;-0,03;0,0;0,0;0,0
05.07.2026;11:00;11:15;3,05;1,44;0,0;0,0;-0,13;0,0;-0,24;0,0;0,0;0,0;-0,01;0,0;-0,06;0,0;-0,09;0,0;-0,01;0,0;0,0;0,0;-0,01;0,0;-0,53;-0,21;0,0;0,0;-0,14;0,0;-0,04;0,0;-0,01;0,0;-0,05;0,0;-0,02;0,0;-0,01;0,0;-0,01;0,0;-0,01;0,0;-0,01;0,0;-0,31;0,0;-0,01;0,0;-0,05;0,0;-0,03;0,0;-0,04;0,0;0,0;0,0
05.07.2026;11:15;11:30;3,27;2,35;0,0;0,0;-0,02;0,0;-0,25;0,0;0,0;0,0;0,0;0,0;-0,03;0,0;-0,2;0,0;-0,01;0,0;-0,01;0,0;-0,02;0,0;-0,04;0,0;0,0;0,0;-0,04;0,0;-0,04;0,0;-0,02;0,0;-0,01;0,0;0,0;0,0;-0,01;0,0;-0,02;0,0;-0,01;0,0;-0,01;0,0;-0,06;0,0;-0,01;0,0;-0,04;0,0;-0,04;0,0;-0,03;0,0;0,0;0,0
05.07.2026;11:30;11:45;2,46;1,4;0,0;0,0;-0,02;0,0;-0,15;0,0;0,0;0,0;0,0;0,0;-0,04;0,0;-0,1;0,0;-0,02;0,0;0,0;0,0;-0,01;0,0;-0,02;0,0;0,0;0,0;-0,03;0,0;-0,03;0,0;-0,03;0,0;-0,01;0,0;-0,01;0,0;-0,03;0,0;-0,05;0,0;-0,01;0,0;-0,03;0,0;-0,07;0,0;-0,01;0,0;-0,08;0,0;-0,03;0,0;-0,34;-0,06;0,0;0,0
05.07.2026;11:45;12:00;2,38;1,16;-0,01;0,0;-0,03;0,0;-0,17;0,0;0,0;0,0;0,0;0,0;-0,25;0,0;-0,08;0,0;-0,01;0,0;-0,09;0,0;-0,01;0,0;-0,01;0,0;0,0;0,0;-0,01;0,0;-0,04;0,0;-0,02;0,0;-0,01;0,0;-0,01;0,0;0,0;0,0;-0,07;0,0;-0,01;0,0;-0,01;0,0;-0,07;0,0;-0,01;0,0;-0,01;0,0;-0,04;0,0;-0,39;-0,14;0,0;0,0
05.07.2026;12:00;12:15;1,78;0,58;0,0;0,0;-0,03;0,0;-0,13;0,0;-0,01;0,0;-0,01;0,0;-0,33;-0,17;-0,02;0,0;-0,01;0,0;-0,02;0,0;0,0;0,0;-0,01;0,0;-0,01;0,0;-0,03;0,0;-0,04;0,0;-0,02;0,0;-0,01;0,0;-0,31;-0,15;-0,02;0,0;-0,06;0,0;-0,01;0,0;-0,01;0,0;-0,07;0,0;-0,02;0,0;-0,02;0,0;-0,34;-0,18;-0,24;-0,08;0,0;0,0
05.07.2026;12:15;12:30;1,65;0,55;0,0;0,0;-0,03;0,0;-0,24;0,0;0,0;0,0;0,0;0,0;-0,31;-0,17;-0,02;0,0;-0,02;0,0;-0,02;0,0;0,0;0,0;-0,01;0,0;0,0;0,0;-0,04;0,0;-0,04;0,0;-0,01;0,0;0,0;0,0;-0,25;-0,11;-0,02;0,0;-0,01;0,0;0,0;0,0;-0,01;0,0;-0,13;0,0;0,0;0,0;-0,07;0,0;-0,12;0,0;-0,03;0,0;0,0;0,0
05.07.2026;12:30;12:45;3,41;2,21;0,0;0,0;-0,02;0,0;-0,13;0,0;0,0;0,0;0,0;0,0;-0,37;0,0;-0,01;0,0;-0,01;0,0;-0,02;0,0;-0,02;0,0;-0,01;0,0;0,0;0,0;-0,02;0,0;-0,04;0,0;-0,01;0,0;-0,01;0,0;-0,23;0,0;-0,01;0,0;-0,01;0,0;-0,02;0,0;-0,02;0,0;-0,14;0,0;-0,01;0,0;-0,02;0,0;-0,04;0,0;-0,03;0,0;0,0;0,0
05.07.2026;12:45;13:00;1,68;0,81;0,0;0,0;-0,03;0,0;-0,11;0,0;0,0;0,0;0,0;0,0;-0,28;-0,12;-0,01;0,0;-0,02;0,0;-0,01;0,0;-0,02;0,0;0,0;0,0;0,0;0,0;-0,02;0,0;-0,06;0,0;-0,02;0,0;-0,01;0,0;-0,12;0,0;-0,01;0,0;0,0;0,0;0,0;0,0;-0,03;0,0;-0,13;0,0;-0,02;0,0;-0,01;0,0;-0,04;0,0;-0,04;0,0;0,0;0,0
05.07.2026;13:00;13:15;3,14;2,1;-0,01;0,0;-0,03;0,0;-0,14;0,0;0,0;0,0;-0,01;0,0;-0,35;0,0;-0,01;0,0;-0,02;0,0;-0,07;0,0;-0,01;0,0;-0,01;0,0;0,0;0,0;-0,06;0,0;-0,02;0,0;-0,03;0,0;-0,01;0,0;-0,04;0,0;-0,02;0,0;-0,01;0,0;-0,01;0,0;-0,01;0,0;-0,06;0,0;-0,01;0,0;-0,02;0,0;-0,03;0,0;-0,05;0,0;0,0;0,0
05.07.2026;13:15;13:30;2,54;1,67;0,0;0,0;-0,02;0,0;-0,25;0,0;0,0;0,0;-0,11;0,0;-0,05;0,0;-0,02;0,0;-0,01;0,0;-0,09;0,0;-0,02;0,0;-0,01;0,0;0,0;0,0;-0,03;0,0;0,0;0,0;-0,03;0,0;0,0;0,0;-0,05;0,0;0,0;0,0;0,0;0,0;-0,02;0,0;-0,01;0,0;-0,04;0,0;0,0;0,0;-0,01;0,0;-0,07;0,0;-0,03;0,0;0,0;0,0
05.07.2026;13:30;13:45;2,18;1,09;0,0;0,0;-0,03;0,0;-0,23;0,0;0,0;0,0;-0,43;-0,19;-0,06;0,0;0,0;0,0;-0,02;0,0;-0,25;-0,01;-0,01;0,0;-0,01;0,0;0,0;0,0;-0,02;0,0;-0,01;0,0;-0,04;0,0;-0,01;0,0;-0,01;0,0;-0,02;0,0;-0,01;0,0;0,0;0,0;-0,01;0,0;-0,05;0,0;-0,02;0,0;-0,02;0,0;-0,02;0,0;-0,01;0,0;0,0;0,0
05.07.2026;13:45;14:00;2,46;1,17;0,0;0,0;-0,03;0,0;-0,13;0,0;0,0;0,0;-0,43;-0,17;-0,05;0,0;-0,02;0,0;-0,01;0,0;-0,39;-0,13;-0,01;0,0;-0,01;0,0;0,0;0,0;-0,03;0,0;-0,01;0,0;-0,04;0,0;-0,01;0,0;-0,08;0,0;-0,01;0,0;-0,16;0,0;-0,01;0,0;-0,02;0,0;-0,05;0,0;-0,01;0,0;-0,06;0,0;-0,01;0,0;-0,01;0,0;0,0;0,0
05.07.2026;14:00;14:15;1,85;0,94;-0,01;0,0;-0,02;0,0;-0,11;0,0;0,0;0,0;-0,42;-0,23;-0,05;0,0;0,0;0,0;-0,01;0,0;-0,14;0,0;-0,02;0,0;-0,03;0,0;0,0;0,0;-0,03;0,0;-0,01;0,0;-0,02;0,0;-0,01;0,0;-0,12;0,0;-0,01;0,0;-0,01;0,0;-0,01;0,0;-0,03;0,0;-0,05;0,0;0,0;0,0;-0,01;0,0;-0,01;0,0;-0,01;0,0;0,0;0,0
05.07.2026;14:15;14:30;0,24;0,18;0,0;0,0;-0,04;-0,04;-0,09;-0,03;0,0;0,0;-0,03;-0,03;-0,06;-0,06;-0,02;-0,02;-0,02;-0,02;-0,11;-0,11;-0,01;-0,01;-0,03;-0,03;0,0;0,0;-0,03;-0,03;-0,01;-0,01;-0,03;-0,03;0,0;0,0;-0,12;-0,12;-0,02;-0,02;-0,08;-0,08;-0,01;-0,01;-0,01;-0,01;-0,04;-0,04;-0,02;-0,02;0,0;0,0;-0,01;-0,01;-0,01;-0,01;0,0;0,0
05.07.2026;14:30;14:45;0,98;0,29;0,0;0,0;-0,03;0,0;-0,1;0,0;0,0;0,0;-0,02;0,0;-0,05;0,0;-0,01;0,0;-0,01;0,0;-0,11;-0,04;-0,01;0,0;-0,02;0,0;0,0;0,0;-0,02;0,0;-0,01;0,0;-0,05;0,0;-0,01;0,0;-0,13;-0,06;-0,01;0,0;-0,13;-0,06;-0,01;0,0;-0,01;0,0;-0,05;0,0;-0,01;0,0;-0,02;0,0;-0,01;0,0;-0,02;0,0;0,0;0,0
05.07.2026;14:45;15:00;0,62;0,19;0,0;0,0;-0,01;0,0;-0,17;-0,07;0,0;0,0;-0,02;0,0;-0,05;-0,03;-0,06;-0,04;-0,02;0,0;-0,11;-0,09;0,0;0,0;-0,05;-0,03;0,0;0,0;-0,03;-0,01;-0,01;0,0;-0,07;-0,05;-0,01;0,0;-0,12;-0,1;-0,02;0,0;-0,03;-0,01;-0,01;0,0;-0,01;0,0;-0,05;-0,03;-0,01;0,0;-0,02;0,0;-0,01;0,0;0,0;0,0;0,0;0,0
05.07.2026;15:00;15:15;1,27;0,37;0,0;0,0;-0,02;0,0;-0,15;0,0;0,0;0,0;-0,03;0,0;-0,05;0,0;-0,12;-0,03;-0,02;0,0;-0,1;-0,01;0,0;0,0;-0,03;0,0;0,0;0,0;-0,03;0,0;-0,01;0,0;-0,04;0,0;-0,01;0,0;-0,13;-0,04;-0,03;0,0;-0,03;0,0;-0,01;0,0;-0,02;0,0;-0,19;-0,1;-0,01;0,0;-0,02;0,0;-0,01;0,0;-0,02;0,0;0,0;0,0
05.07.2026;15:15;15:30;2,06;1,05;-0,01;0,0;-0,05;0,0;-0,25;0,0;0,0;0,0;-0,04;0,0;-0,04;0,0;-0,04;0,0;-0,01;0,0;-0,36;-0,16;-0,02;0,0;-0,04;0,0;0,0;0,0;-0,01;0,0;0,0;0,0;-0,05;0,0;0,0;0,0;-0,07;0,0;-0,02;0,0;-0,01;0,0;-0,01;0,0;-0,03;0,0;-0,05;0,0;-0,01;0,0;-0,02;0,0;-0,02;0,0;-0,01;0,0;0,0;0,0
05.07.2026;15:30;15:45;1,95;0,93;0,0;0,0;-0,01;0,0;-0,23;0,0;0,0;0,0;-0,03;0,0;-0,04;0,0;-0,03;0,0;-0,02;0,0;-0,42;-0,23;-0,01;0,0;-0,03;0,0;0,0;0,0;-0,38;-0,19;-0,02;0,0;-0,05;0,0;-0,01;0,0;-0,02;0,0;-0,03;0,0;0,0;0,0;0,0;0,0;-0,01;0,0;-0,06;0,0;-0,01;0,0;-0,02;0,0;-0,01;0,0;0,0;0,0;0,0;0,0
05.07.2026;15:45;16:00;1,06;0,31;0,0;0,0;-0,03;0,0;-0,2;0,0;0,0;0,0;-0,03;0,0;-0,04;0,0;-0,02;0,0;-0,01;0,0;-0,56;-0,49;-0,02;0,0;-0,02;0,0;0,0;0,0;-0,34;-0,27;-0,03;0,0;-0,03;0,0;-0,01;0,0;0,0;0,0;-0,02;0,0;0,0;0,0;-0,02;0,0;0,0;0,0;-0,08;-0,01;-0,01;0,0;-0,02;0,0;-0,01;0,0;-0,02;0,0;0,0;0,0
05.07.2026;16:00;16:15;1,44;0,47;0,0;0,0;-0,03;0,0;-0,19;0,0;0,0;0,0;-0,04;0,0;-0,03;0,0;-0,03;0,0;-0,02;0,0;-0,75;-0,64;-0,01;0,0;-0,02;0,0;0,0;0,0;-0,18;-0,07;-0,04;0,0;-0,03;0,0;-0,01;0,0;-0,01;0,0;-0,02;0,0;-0,67;-0,56;-0,01;0,0;-0,02;0,0;-0,08;0,0;-0,01;0,0;-0,02;0,0;-0,01;0,0;-0,01;0,0;0,0;0,0
05.07.2026;16:15;16:30;2,02;0,91;-0,01;0,0;-0,02;0,0;-0,22;0,0;0,0;0,0;-0,03;0,0;-0,04;0,0;-0,02;0,0;-0,02;0,0;-0,45;-0,25;-0,02;0,0;-0,02;0,0;0,0;0,0;-0,02;0,0;-0,04;0,0;-0,03;0,0;0,0;0,0;-0,01;0,0;-0,03;0,0;-0,64;-0,44;0,0;0,0;-0,02;0,0;-0,09;0,0;-0,02;0,0;-0,03;0,0;-0,01;0,0;-0,01;0,0;0,0;0,0
05.07.2026;16:30;16:45;1,35;0,54;0,0;0,0;-0,05;0,0;-0,18;0,0;0,0;0,0;-0,04;0,0;-0,02;0,0;-0,02;0,0;0,0;0,0;-0,42;-0,3;-0,01;0,0;-0,02;0,0;0,0;0,0;0,0;0,0;-0,03;0,0;-0,03;0,0;-0,01;0,0;-0,01;0,0;-0,02;0,0;-0,55;-0,43;-0,01;0,0;-0,02;0,0;-0,07;0,0;0,0;0,0;-0,02;0,0;0,0;0,0;-0,01;0,0;0,0;0,0
05.07.2026;16:45;17:00;1,42;0,36;0,0;0,0;-0,54;-0,44;-0,25;0,0;0,0;0,0;-0,05;0,0;-0,04;0,0;-0,02;0,0;-0,02;0,0;-0,5;-0,4;-0,01;0,0;-0,02;0,0;0,0;0,0;-0,02;0,0;-0,04;0,0;-0,02;0,0;-0,14;-0,04;-0,02;0,0;-0,02;0,0;-0,53;-0,43;-0,01;0,0;-0,01;0,0;-0,08;0,0;-0,01;0,0;0,0;0,0;-0,01;0,0;-0,01;0,0;0,0;0,0
05.07.2026;17:00;17:15;1,8;0,63;0,0;0,0;-0,37;-0,22;-0,21;0,0;-0,01;0,0;-0,02;0,0;-0,03;0,0;-0,03;0,0;-0,02;0,0;-0,77;-0,62;-0,02;0,0;-0,02;0,0;-0,01;0,0;-0,01;0,0;-0,04;0,0;-0,01;0,0;-0,31;-0,16;0,0;0,0;-0,02;0,0;-0,1;0,0;-0,01;0,0;-0,01;0,0;-0,07;0,0;-0,02;0,0;-0,03;0,0;-0,02;0,0;-0,01;0,0;0,0;0,0
05.07.2026;17:15;17:30;2,56;1,26;0,0;0,0;-0,36;-0,09;-0,24;0,0;0,0;0,0;-0,02;0,0;-0,04;0,0;-0,05;0,0;-0,01;0,0;-0,43;-0,16;-0,01;0,0;-0,02;0,0;0,0;0,0;0,0;0,0;-0,03;0,0;-0,02;0,0;-0,08;0,0;-0,01;0,0;-0,02;0,0;-0,04;0,0;-0,01;0,0;-0,02;0,0;-0,09;0,0;-0,01;0,0;-0,01;0,0;-0,01;0,0;-0,02;0,0;0,0;0,0
05.07.2026;17:30;17:45;1,39;0,47;-0,01;0,0;-0,25;-0,15;-0,15;0,0;0,0;0,0;-0,01;0,0;-0,02;0,0;-0,03;0,0;-0,02;0,0;-0,34;-0,24;0,0;0,0;-0,03;0,0;0,0;0,0;-0,02;0,0;-0,04;0,0;-0,01;0,0;-0,07;0,0;-0,01;0,0;-0,02;0,0;-0,05;0,0;-0,01;0,0;-0,02;0,0;-0,06;0,0;-0,01;0,0;-0,02;0,0;-0,01;0,0;-0,13;-0,03;0,0;0,0
05.07.2026;17:45;18:00;0,47;0,18;0,0;0,0;-0,04;-0,03;-0,17;-0,08;0,0;0,0;-0,02;-0,01;-0,03;-0,02;-0,02;-0,01;-0,01;0,0;-0,31;-0,3;0,0;0,0;-0,02;-0,01;0,0;0,0;-0,01;0,0;-0,04;-0,03;-0,01;0,0;-0,14;-0,13;-0,01;0,0;-0,02;-0,01;-0,04;-0,03;0,0;0,0;-0,02;-0,01;-0,04;-0,03;-0,01;0,0;-0,01;0,0;-0,01;0,0;-0,04;-0,03;0,0;0,0
05.07.2026;18:00;18:15;0,0;0,0;0,0;0,0;-0,03;-0,03;-0,19;-0,19;0,0;0,0;-0,02;-0,02;-0,04;-0,04;-0,01;-0,01;-0,02;-0,02;-0,17;-0,17;-0,01;-0,01;-0,02;-0,02;0,0;0,0;-0,01;-0,01;-0,03;-0,03;-0,01;-0,01;-0,09;-0,09;-0,01;-0,01;-0,02;-0,02;-0,05;-0,05;-0,02;-0,02;-0,01;-0,01;-0,05;-0,05;-0,01;-0,01;-0,01;-0,01;-0,01;-0,01;-0,05;-0,05;0,0;0,0
05.07.2026;18:15;18:30;0,21;0,16;0,0;0,0;-0,03;-0,03;-0,11;-0,06;0,0;0,0;-0,02;-0,02;-0,02;-0,02;-0,01;-0,01;-0,02;-0,02;-0,36;-0,36;-0,02;-0,02;-0,02;-0,02;0,0;0,0;0,0;0,0;-0,03;-0,03;-0,01;-0,01;-0,1;-0,1;-0,02;-0,02;-0,03;-0,03;-0,05;-0,05;-0,01;-0,01;-0,01;-0,01;-0,05;-0,05;-0,01;-0,01;-0,01;-0,01;-0,01;-0,01;-0,05;-0,05;0,0;0,0
05.07.2026;18:30;18:45;0,41;0,13;-0,01;0,0;-0,03;-0,02;-0,18;-0,11;0,0;0,0;-0,01;0,0;-0,04;-0,03;-0,02;-0,01;0,0;0,0;-0,37;-0,36;-0,02;-0,01;-0,03;-0,02;0,0;0,0;-0,05;-0,04;-0,03;-0,02;-0,01;0,0;-0,06;-0,05;-0,01;0,0;-0,02;-0,01;-0,05;-0,04;0,0;0,0;-0,02;-0,01;-0,04;-0,03;-0,01;0,0;-0,01;0,0;-0,01;0,0;-0,05;-0,04;0,0;0,0
05.07.2026;18:45;19:00;0,39;0,11;0,0;0,0;-0,03;-0,02;-0,08;-0,02;0,0;0,0;-0,02;-0,01;-0,05;-0,04;-0,01;0,0;-0,02;-0,01;-0,53;-0,52;-0,01;0,0;-0,02;-0,01;0,0;0,0;-0,03;-0,02;-0,03;-0,02;-0,02;-0,01;-0,07;-0,06;-0,02;-0,01;-0,02;-0,01;-0,06;-0,05;-0,02;-0,01;-0,02;-0,01;-0,05;-0,04;-0,01;0,0;-0,01;0,0;-0,02;-0,01;-0,04;-0,03;0,0;0,0
05.07.2026;19:00;19:15;0,19;0,14;0,0;0,0;-0,03;-0,03;-0,17;-0,12;0,0;0,0;-0,01;-0,01;-0,43;-0,43;-0,02;-0,02;-0,02;-0,02;-0,42;-0,42;-0,02;-0,02;-0,02;-0,02;0,0;0,0;-0,02;-0,02;-0,02;-0,02;-0,03;-0,03;-0,36;-0,36;-0,05;-0,05;-0,03;-0,03;-0,05;-0,05;0,0;0,0;-0,02;-0,02;-0,05;-0,05;-0,01;-0,01;-0,02;-0,02;-0,01;-0,01;-0,04;-0,04;0,0;0,0
05.07.2026;19:15;19:30;0,33;0,09;0,0;0,0;-0,03;-0,02;-0,14;-0,12;0,0;0,0;-0,02;-0,01;-0,23;-0,22;-0,01;0,0;-0,01;0,0;-0,28;-0,27;-0,01;0,0;-0,02;-0,01;0,0;0,0;-0,02;-0,01;-0,02;-0,01;-0,03;-0,02;-0,01;0,0;-0,04;-0,03;-0,02;-0,01;-0,11;-0,1;-0,01;0,0;-0,01;0,0;-0,06;-0,05;-0,02;-0,01;-0,01;0,0;-0,01;0,0;-0,11;-0,1;0,0;0,0
05.07.2026;19:30;19:45;0,29;0,06;0,0;0,0;-0,04;-0,03;-0,11;-0,09;0,0;0,0;-0,02;-0,01;-0,38;-0,37;-0,04;-0,03;-0,02;-0,01;-0,27;-0,26;-0,01;0,0;-0,02;-0,01;0,0;0,0;-0,03;-0,02;-0,06;-0,05;-0,14;-0,13;-0,02;-0,01;-0,05;-0,04;-0,02;-0,01;-0,03;-0,02;-0,01;0,0;0,0;0,0;-0,05;-0,04;-0,01;0,0;-0,01;0,0;-0,01;0,0;-0,52;-0,51;0,0;0,0
05.07.2026;19:45;20:00;0,29;0,05;-0,01;0,0;-0,04;-0,03;-0,09;-0,07;0,0;0,0;-0,02;-0,01;-0,29;-0,28;-0,07;-0,06;-0,01;0,0;-0,25;-0,24;-0,02;-0,01;-0,02;-0,01;0,0;0,0;-0,02;-0,01;-0,1;-0,09;-0,32;-0,31;-0,02;-0,01;-0,03;-0,02;-0,03;-0,02;-0,03;-0,02;-0,01;0,0;-0,03;-0,02;-0,04;-0,03;0,0;0,0;-0,01;0,0;-0,01;0,0;-0,08;-0,07;0,0;0,0
05.07.2026;20:00;20:15;0,22;0,17;0,0;0,0;-0,04;-0,04;-0,08;-0,03;0,0;0,0;-0,01;-0,01;-0,07;-0,07;-0,02;-0,02;-0,02;-0,02;-0,15;-0,15;0,0;0,0;-0,02;-0,02;0,0;0,0;-0,01;-0,01;-0,03;-0,03;-0,3;-0,3;-0,02;-0,02;-0,05;-0,05;-0,02;-0,02;-0,02;-0,02;-0,01;-0,01;-0,02;-0,02;-0,05;-0,05;-0,01;-0,01;-0,01;-0,01;-0,01;-0,01;-0,05;-0,05;0,0;0,0
05.07.2026;20:15;20:30;0,14;0,11;0,0;0,0;-0,03;-0,03;-0,08;-0,05;0,0;0,0;-0,02;-0,02;-0,04;-0,04;-0,03;-0,03;-0,02;-0,02;-0,13;-0,13;0,0;0,0;-0,1;-0,1;0,0;0,0;-0,02;-0,02;-0,04;-0,04;-0,08;-0,08;-0,01;-0,01;-0,05;-0,05;-0,02;-0,02;-0,03;-0,03;-0,01;-0,01;-0,01;-0,01;-0,05;-0,05;-0,02;-0,02;-0,01;-0,01;-0,01;-0,01;-0,03;-0,03;0,0;0,0
05.07.2026;20:30;20:45;0,05;0,05;0,0;0,0;-0,04;-0,04;-0,1;-0,1;0,0;0,0;-0,02;-0,02;-0,04;-0,04;-0,04;-0,04;0,0;0,0;-0,15;-0,15;-0,01;-0,01;-0,01;-0,01;0,0;0,0;-0,03;-0,03;-0,04;-0,04;-0,37;-0,37;-0,27;-0,27;-0,05;-0,05;-0,03;-0,03;-0,02;-0,02;-0,01;-0,01;-0,01;-0,01;-0,05;-0,05;-0,01;-0,01;-0,02;-0,02;-0,01;-0,01;-0,29;-0,29;0,0;0,0
05.07.2026;20:45;21:00;0,02;0,02;-0,01;-0,01;-0,04;-0,04;-0,1;-0,1;0,0;0,0;-0,01;-0,01;-0,06;-0,06;-0,04;-0,04;-0,02;-0,02;-0,28;-0,28;-0,02;-0,02;-0,03;-0,03;0,0;0,0;-0,03;-0,03;-0,03;-0,03;-0,03;-0,03;-0,06;-0,06;-0,15;-0,15;-0,01;-0,01;-0,03;-0,03;-0,01;-0,01;-0,01;-0,01;-0,04;-0,04;-0,01;-0,01;-0,01;-0,01;-0,01;-0,01;-0,02;-0,02;0,0;0,0
05.07.2026;21:00;21:15;0,0;0,0;0,0;0,0;-0,03;-0,03;-0,1;-0,1;0,0;0,0;-0,02;-0,02;-0,1;-0,1;-0,03;-0,03;-0,02;-0,02;-0,15;-0,15;-0,01;-0,01;-0,06;-0,06;0,0;0,0;-0,18;-0,18;-0,02;-0,02;-0,03;-0,03;-0,03;-0,03;-0,26;-0,26;-0,03;-0,03;-0,03;-0,03;-0,01;-0,01;-0,03;-0,03;-0,05;-0,05;0,0;0,0;-0,2;-0,2;-0,02;-0,02;-0,03;-0,03;0,0;0,0
05.07.2026;21:15;21:30;0,0;0,0;0,0;0,0;-0,04;-0,04;-0,08;-0,08;0,0;0,0;-0,02;-0,02;-0,04;-0,04;-0,03;-0,03;-0,01;-0,01;-0,05;-0,05;-0,02;-0,02;-0,02;-0,02;0,0;0,0;-0,17;-0,17;-0,03;-0,03;-0,02;-0,02;-0,02;-0,02;-0,3;-0,3;-0,02;-0,02;-0,03;-0,03;-0,01;-0,01;-0,02;-0,02;-0,05;-0,05;-0,02;-0,02;-0,05;-0,05;-0,01;-0,01;-0,04;-0,04;0,0;0,0
05.07.2026;21:30;21:45;0,0;0,0;0,0;0,0;-0,03;-0,03;-0,09;-0,09;0,0;0,0;-0,02;-0,02;-0,05;-0,05;-0,03;-0,03;-0,02;-0,02;-0,31;-0,31;-0,01;-0,01;0,0;0,0;0,0;0,0;-0,04;-0,04;-0,03;-0,03;-0,01;-0,01;-0,02;-0,02;-0,42;-0,42;-0,02;-0,02;-0,03;-0,03;-0,01;-0,01;-0,01;-0,01;-0,05;-0,05;-0,01;-0,01;-0,01;-0,01;0,0;0,0;-0,03;-0,03;0,0;0,0
05.07.2026;21:45;22:00;0,0;0,0;-0,01;-0,01;-0,04;-0,04;-0,09;-0,09;0,0;0,0;-0,01;-0,01;-0,06;-0,06;-0,03;-0,03;-0,01;-0,01;-0,16;-0,16;-0,01;-0,01;-0,02;-0,02;0,0;0,0;-0,04;-0,04;-0,05;-0,05;-0,01;-0,01;-0,02;-0,02;-0,3;-0,3;-0,02;-0,02;-0,04;-0,04;0,0;0,0;-0,01;-0,01;-0,04;-0,04;-0,01;-0,01;-0,01;-0,01;-0,02;-0,02;-0,04;-0,04;0,0;0,0
05.07.2026;22:00;22:15;0,0;0,0;0,0;0,0;-0,03;-0,03;-0,13;-0,13;-0,01;-0,01;-0,02;-0,02;-0,06;-0,06;-0,02;-0,02;-0,02;-0,02;-0,54;-0,54;-0,02;-0,02;0,0;0,0;-0,01;-0,01;-0,03;-0,03;-0,04;-0,04;-0,01;-0,01;-0,03;-0,03;-0,22;-0,22;-0,02;-0,02;-0,03;-0,03;-0,02;-0,02;-0,01;-0,01;-0,05;-0,05;-0,01;-0,01;-0,02;-0,02;-0,02;-0,02;-0,03;-0,03;0,0;0,0
05.07.2026;22:15;22:30;0,0;0,0;0,0;0,0;-0,02;-0,02;-0,14;-0,14;0,0;0,0;-0,02;-0,02;-0,04;-0,04;-0,03;-0,03;-0,01;-0,01;-0,06;-0,06;-0,01;-0,01;-0,01;-0,01;0,0;0,0;-0,05;-0,05;-0,05;-0,05;-0,01;-0,01;-0,03;-0,03;-0,07;-0,07;-0,02;-0,02;-0,03;-0,03;-0,01;-0,01;-0,03;-0,03;-0,02;-0,02;-0,01;-0,01;-0,01;-0,01;-0,04;-0,04;-0,04;-0,04;0,0;0,0
05.07.2026;22:30;22:45;0,0;0,0;0,0;0,0;-0,02;-0,02;-0,08;-0,08;0,0;0,0;-0,02;-0,02;-0,03;-0,03;-0,04;-0,04;-0,01;-0,01;-0,05;-0,05;-0,02;-0,02;-0,01;-0,01;0,0;0,0;-0,02;-0,02;-0,05;-0,05;-0,01;-0,01;-0,01;-0,01;-0,06;-0,06;-0,03;-0,03;-0,04;-0,04;0,0;0,0;-0,02;-0,02;-0,02;-0,02;-0,02;-0,02;-0,01;-0,01;-0,03;-0,03;-0,05;-0,05;0,0;0,0
05.07.2026;22:45;23:00;0,0;0,0;0,0;0,0;-0,02;-0,02;-0,07;-0,07;0,0;0,0;-0,01;-0,01;-0,04;-0,04;-0,03;-0,03;-0,02;-0,02;-0,35;-0,35;0,0;0,0;0,0;0,0;0,0;0,0;0,0;0,0;-0,04;-0,04;-0,02;-0,02;-0,03;-0,03;-0,05;-0,05;-0,01;-0,01;-0,02;-0,02;-0,02;-0,02;0,0;0,0;0,0;0,0;0,0;0,0;-0,02;-0,02;-0,04;-0,04;-0,03;-0,03;0,0;0,0
05.07.2026;23:00;23:15;0,0;0,0;-0,01;-0,01;-0,01;-0,01;-0,11;-0,11;0,0;0,0;-0,02;-0,02;-0,04;-0,04;-0,03;-0,03;-0,01;-0,01;-0,29;-0,29;0,0;0,0;-0,02;-0,02;0,0;0,0;-0,01;-0,01;-0,03;-0,03;0,0;0,0;-0,03;-0,03;-0,03;-0,03;-0,02;-0,02;-0,03;-0,03;0,0;0,0;-0,01;-0,01;-0,02;-0,02;-0,01;-0,01;-0,01;-0,01;-0,02;-0,02;-0,04;-0,04;0,0;0,0
05.07.2026;23:15;23:30;0,0;0,0;0,0;0,0;-0,02;-0,02;-0,07;-0,07;0,0;0,0;-0,01;-0,01;-0,03;-0,03;-0,03;-0,03;-0,02;-0,02;-0,05;-0,05;-0,01;-0,01;0,0;0,0;0,0;0,0;-0,02;-0,02;-0,01;-0,01;-0,01;-0,01;-0,02;-0,02;-0,04;-0,04;-0,03;-0,03;-0,02;-0,02;-0,01;-0,01;-0,02;-0,02;-0,01;-0,01;-0,01;-0,01;-0,01;-0,01;-0,03;-0,03;-0,04;-0,04;0,0;0,0
05.07.2026;23:30;23:45;0,0;0,0;0,0;0,0;-0,02;-0,02;-0,07;-0,07;0,0;0,0;-0,01;-0,01;-0,04;-0,04;-0,03;-0,03;-0,02;-0,02;-0,03;-0,03;-0,01;-0,01;-0,01;-0,01;0,0;0,0;-0,01;-0,01;-0,02;-0,02;-0,01;-0,01;-0,02;-0,02;-0,05;-0,05;-0,01;-0,01;-0,02;-0,02;-0,01;-0,01;-0,03;-0,03;-0,01;-0,01;-0,02;-0,02;0,0;0,0;-0,04;-0,04;-0,01;-0,01;0,0;0,0
05.07.2026;23:45;00:00;0,0;0,0;0,0;0,0;-0,03;-0,03;-0,06;-0,06;0,0;0,0;0,0;0,0;-0,03;-0,03;-0,03;-0,03;-0,01;-0,01;-0,02;-0,02;-0,02;-0,02;0,0;0,0;0,0;0,0;0,0;0,0;-0,01;-0,01;-0,01;-0,01;-0,03;-0,03;-0,05;-0,05;-0,02;-0,02;-0,02;-0,02;-0,01;-0,01;-0,01;-0,01;-0,01;-0,01;-0,01;-0,01;0,0;0,0;-0,03;-0,03;-0,01;-0,01;0,0;0,0
06.07.2026;00:00;00:15;0,0;0,0;-0,01;-0,01;-0,01;-0,01;-0,13;-0,13;0,0;0,0;0,0;0,0;-0,04;-0,04;-0,03;-0,03;-0,02;-0,02;-0,02;-0,02;-0,01;-0,01;-0,02;-0,02;0,0;0,0;-0,02;-0,02;-0,01;-0,01;-0,02;-0,02;-0,02;-0,02;-0,04;-0,04;-0,03;-0,03;-0,02;-0,02;-0,01;-0,01;-0,01;-0,01;-0,01;-0,01;0,0;0,0;-0,01;-0,01;-0,03;-0,03;-0,02;-0,02;0,0;0,0
06.07.2026;00:15;00:30;0,0;0,0;0,0;0,0;-0,02;-0,02;-0,06;-0,06;0,0;0,0;-0,01;-0,01;-0,03;-0,03;-0,02;-0,02;-0,01;-0,01;-0,02;-0,02;-0,02;-0,02;0,0;0,0;0,0;0,0;-0,01;-0,01;-0,01;-0,01;0,0;0,0;-0,03;-0,03;-0,04;-0,04;-0,01;-0,01;-0,02;-0,02;-0,01;-0,01;-0,01;-0,01;-0,01;-0,01;-0,01;-0,01;-0,02;-0,02;-0,04;-0,04;-0,02;-0,02;0,0;0,0
06.07.2026;00:30;00:45;0,0;0,0;0,0;0,0;0,0;0,0;-0,08;-0,08;0,0;0,0;0,0;0,0;-0,04;-0,04;-0,01;-0,01;-0,02;-0,02;-0,02;-0,02;-0,01;-0,01;-0,01;-0,01;0,0;0,0;0,0;0,0;-0,01;-0,01;-0,01;-0,01;-0,01;-0,01;-0,04;-0,04;-0,02;-0,02;-0,02;-0,02;-0,01;-0,01;-0,02;-0,02;-0,01;-0,01;-0,02;-0,02;-0,02;-0,02;-0,03;-0,03;-0,03;-0,03;0,0;0,0
06.07.2026;00:45;01:00;0,0;0,0;0,0;0,0;-0,01;-0,01;-0,06;-0,06;0,0;0,0;0,0;0,0;-0,03;-0,03;-0,01;-0,01;-0,01;-0,01;-0,02;-0,02;-0,02;-0,02;-0,01;-0,01;0,0;0,0;-0,01;-0,01;-0,01;-0,01;-0,01;-0,01;0,0;0,0;-0,05;-0,05;-0,03;-0,03;-0,02;-0,02;-0,01;-0,01;-0,02;-0,02;-0,01;-0,01;-0,01;-0,01;-0,02;-0,02;-0,03;-0,03;-0,02;-0,02;0,0;0,0
06.07.2026;01:00;01:15;0,0;0,0;0,0;0,0;-0,01;-0,01;-0,07;-0,07;0,0;0,0;0,0;0,0;-0,02;-0,02;-0,01;-0,01;-0,01;-0,01;-0,01;-0,01;-0,01;-0,01;0,0;0,0;0,0;0,0;-0,02;-0,02;-0,01;-0,01;-0,01;-0,01;-0,01;-0,01;-0,05;-0,05;-0,01;-0,01;-0,02;-0,02;-0,01;-0,01;-0,02;-0,02;-0,01;-0,01;-0,01;-0,01;-0,02;-0,02;-0,03;-0,03;-0,01;-0,01;0,0;0,0
06.07.2026;01:15;01:30;0,0;0,0;-0,01;-0,01;-0,02;-0,02;-0,07;-0,07;0,0;0,0;-0,01;-0,01;-0,04;-0,04;-0,01;-0,01;-0,02;-0,02;-0,01;-0,01;-0,01;-0,01;-0,02;-0,02;0,0;0,0;-0,01;-0,01;0,0;0,0;-0,01;-0,01;-0,02;-0,02;-0,04;-0,04;0,0;0,0;-0,02;-0,02;0,0;0,0;-0,01;-0,01;-0,01;-0,01;-0,03;-0,03;-0,01;-0,01;-0,02;-0,02;-0,02;-0,02;0,0;0,0
06.07.2026;01:30;01:45;0,0;0,0;0,0;0,0;-0,01;-0,01;-0,06;-0,06;0,0;0,0;0,0;0,0;-0,03;-0,03;-0,01;-0,01;-0,02;-0,02;-0,01;-0,01;0,0;0,0;0,0;0,0;0,0;0,0;0,0;0,0;-0,01;-0,01;-0,01;-0,01;-0,01;-0,01;-0,04;-0,04;-0,03;-0,03;-0,02;-0,02;-0,01;-0,01;-0,01;-0,01;-0,01;-0,01;-0,04;-0,04;-0,02;-0,02;-0,03;-0,03;-0,01;-0,01;0,0;0,0
06.07.2026;01:45;02:00;0,0;0,0;0,0;0,0;0,0;0,0;-0,07;-0,07;0,0;0,0;0,0;0,0;-0,04;-0,04;-0,01;-0,01;-0,01;-0,01;-0,01;-0,01;0,0;0,0;-0,01;-0,01;0,0;0,0;-0,01;-0,01;-0,01;-0,01;-0,01;-0,01;0,0;0,0;-0,06;-0,06;0,0;0,0;-0,02;-0,02;-0,01;-0,01;-0,02;-0,02;-0,01;-0,01;-0,03;-0,03;-0,02;-0,02;-0,01;-0,01;-0,01;-0,01;0,0;0,0
06.07.2026;02:00;02:15;0,0;0,0;0,0;0,0;-0,01;-0,01;-0,06;-0,06;0,0;0,0;-0,01;-0,01;-0,02;-0,02;-0,01;-0,01;-0,02;-0,02;0,0;0,0;-0,02;-0,02;-0,01;-0,01;0,0;0,0;-0,02;-0,02;-0,01;-0,01;-0,01;-0,01;-0,01;-0,01;-0,06;-0,06;-0,01;-0,01;-0,02;-0,02;-0,01;-0,01;-0,02;-0,02;-0,01;-0,01;-0,02;-0,02;-0,02;-0,02;-0,01;-0,01;-0,02;-0,02;0,0;0,0
06.07.2026;02:15;02:30;0,0;0,0;-0,01;-0,01;0,0;0,0;-0,06;-0,06;0,0;0,0;0,0;0,0;-0,03;-0,03;-0,01;-0,01;-0,01;-0,01;-0,01;-0,01;-0,01;-0,01;0,0;0,0;0,0;0,0;-0,01;-0,01;-0,01;-0,01;-0,01;-0,01;-0,02;-0,02;-0,04;-0,04;-0,02;-0,02;-0,02;-0,02;-0,01;-0,01;-0,01;-0,01;-0,01;-0,01;-0,02;-0,02;-0,01;-0,01;-0,01;-0,01;-0,01;-0,01;0,0;0,0
06.07.2026;02:30;02:45;0,0;0,0;0,0;0,0;-0,01;-0,01;-0,06;-0,06;0,0;0,0;0,0;0,0;-0,04;-0,04;-0,01;-0,01;-0,02;-0,02;-0,01;-0,01;-0,02;-0,02;-0,01;-0,01;0,0;0,0;0,0;0,0;-0,01;-0,01;-0,02;-0,02;-0,01;-0,01;-0,04;-0,04;0,0;0,0;-0,03;-0,03;-0,01;-0,01;-0,01;-0,01;-0,01;-0,01;-0,01;-0,01;-0,02;-0,02;-0,02;-0,02;-0,01;-0,01;0,0;0,0
06.07.2026;02:45;03:00;0,0;0,0;0,0;0,0;-0,02;-0,02;-0,08;-0,08;0,0;0,0;-0,01;-0,01;-0,02;-0,02;-0,01;-0,01;-0,01;-0,01;-0,01;-0,01;-0,01;-0,01;0,0;0,0;0,0;0,0;-0,02;-0,02;-0,01;-0,01;0,0;0,0;0,0;0,0;-0,04;-0,04;-0,01;-0,01;-0,02;-0,02;-0,01;-0,01;-0,01;-0,01;-0,01;-0,01;-0,01;-0,01;-0,02;-0,02;0,0;0,0;-0,01;-0,01;0,0;0,0
06.07.2026;03:00;03:15;0,0;0,0;0,0;0,0;-0,01;-0,01;-0,06;-0,06;-0,01;-0,01;0,0;0,0;-0,03;-0,03;-0,01;-0,01;-0,01;-0,01;-0,02;-0,02;-0,02;-0,02;-0,02;-0,02;-0,01;-0,01;-0,01;-0,01;-0,01;-0,01;-0,01;-0,01;-0,01;-0,01;-0,04;-0,04;-0,02;-0,02;-0,02;-0,02;-0,01;-0,01;-0,03;-0,03;-0,01;-0,01;-0,01;-0,01;-0,02;-0,02;-0,01;-0,01;-0,02;-0,02;0,0;0,0
06.07.2026;03:15;03:30;0,0;0,0;0,0;0,0;-0,01;-0,01;-0,06;-0,06;0,0;0,0;0,0;0,0;-0,04;-0,04;-0,01;-0,01;-0,02;-0,02;-0,01;-0,01;-0,01;-0,01;0,0;0,0;0,0;0,0;0,0;0,0;-0,01;-0,01;-0,01;-0,01;-0,01;-0,01;-0,03;-0,03;0,0;0,0;-0,02;-0,02;-0,01;-0,01;-0,02;-0,02;-0,01;-0,01;-0,01;-0,01;0,0;0,0;-0,02;-0,02;-0,01;-0,01;0,0;0,0
06.07.2026;03:30;03:45;0,0;0,0;-0,01;-0,01;0,0;0,0;-0,07;-0,07;0,0;0,0;0,0;0,0;-0,04;-0,04;-0,01;-0,01;-0,01;-0,01;-0,02;-0,02;-0,01;-0,01;-0,01;-0,01;0,0;0,0;-0,01;-0,01;-0,01;-0,01;-0,01;-0,01;-0,03;-0,03;-0,01;-0,01;-0,01;-0,01;-0,02;-0,02;-0,01;-0,01;-0,01;-0,01;-0,01;-0,01;-0,01;-0,01;0,0;0,0;-0,01;-0,01;-0,01;-0,01;0,0;0,0
06.07.2026;03:45;04:00;0,0;0,0;0,0;0,0;-0,01;-0,01;-0,06;-0,06;0,0;0,0;-0,01;-0,01;-0,05;-0,05;-0,01;-0,01;-0,02;-0,02;-0,02;-0,02;-0,02;-0,02;-0,01;-0,01;0,0;0,0;-0,02;-0,02;0,0;0,0;-0,01;-0,01;-0,03;-0,03;-0,01;-0,01;-0,02;-0,02;-0,02;-0,02;-0,01;-0,01;-0,01;-0,01;-0,02;-0,02;-0,02;-0,02;-0,01;-0,01;-0,01;-0,01;-0,01;-0,01;0,0;0,0
06.07.2026;04:00;04:15;0,0;0,0;0,0;0,0;0,0;0,0;-0,06;-0,06;0,0;0,0;0,0;0,0;-0,03;-0,03;-0,01;-0,01;-0,02;-0,02;-0,01;-0,01;0,0;0,0;-0,01;-0,01;0,0;0,0;-0,01;-0,01;-0,01;-0,01;0,0;0,0;-0,04;-0,04;0,0;0,0;0,0;0,0;-0,02;-0,02;0,0;0,0;-0,01;-0,01;0,0;0,0;0,0;0,0;-0,01;-0,01;-0,01;-0,01;-0,02;-0,02;0,0;0,0
06.07.2026;04:15;04:30;0,0;0,0;0,0;0,0;-0,02;-0,02;-0,06;-0,06;0,0;0,0;0,0;0,0;-0,04;-0,04;-0,01;-0,01;-0,01;-0,01;-0,01;-0,01;0,0;0,0;-0,01;-0,01;0,0;0,0;0,0;0,0;-0,01;-0,01;-0,02;-0,02;-0,03;-0,03;-0,02;-0,02;-0,01;-0,01;-0,02;-0,02;-0,02;-0,02;-0,03;-0,03;-0,01;-0,01;-0,01;-0,01;-0,01;-0,01;-0,01;-0,01;-0,01;-0,01;0,0;0,0
06.07.2026;04:30;04:45;0,0;0,0;-0,01;-0,01;-0,01;-0,01;-0,06;-0,06;0,0;0,0;-0,01;-0,01;-0,04;-0,04;-0,01;-0,01;-0,02;-0,02;0,0;0,0;-0,01;-0,01;0,0;0,0;0,0;0,0;-0,01;-0,01;-0,01;-0,01;-0,01;-0,01;-0,03;-0,03;-0,01;-0,01;-0,02;-0,02;-0,02;-0,02;-0,01;-0,01;-0,02;-0,02;-0,02;-0,02;-0,02;-0,02;-0,02;-0,02;-0,01;-0,01;-0,01;-0,01;0,0;0,0
06.07.2026;04:45;05:00;0,0;0,0;0,0;0,0;-0,01;-0,01;-0,07;-0,07;0,0;0,0;0,0;0,0;-0,04;-0,04;-0,01;-0,01;-0,01;-0,01;-0,01;-0,01;-0,01;-0,01;-0,01;-0,01;0,0;0,0;-0,02;-0,02;-0,01;-0,01;-0,01;-0,01;-0,02;-0,02;-0,02;-0,02;-0,01;-0,01;-0,02;-0,02;0,0;0,0;-0,01;-0,01;0,0;0,0;-0,01;-0,01;-0,01;-0,01;-0,01;-0,01;-0,01;-0,01;0,0;0,0
06.07.2026;05:00;05:15;0,0;0,0;0,0;0,0;-0,01;-0,01;-0,15;-0,15;0,0;0,0;0,0;0,0;-0,04;-0,04;0,0;0,0;-0,02;-0,02;0,0;0,0;-0,02;-0,02;-0,01;-0,01;0,0;0,0;0,0;0,0;-0,01;-0,01;-0,01;-0,01;-0,01;-0,01;-0,02;-0,02;-0,01;-0,01;-0,02;-0,02;-0,02;-0,02;-0,01;-0,01;-0,02;-0,02;0,0;0,0;-0,01;-0,01;-0,01;-0,01;-0,01;-0,01;0,0;0,0
06.07.2026;05:15;05:30;0,01;0,01;0,0;0,0;-0,01;-0,01;-0,22;-0,22;0,0;0,0;-0,01;-0,01;-0,03;-0,03;-0,01;-0,01;-0,02;-0,02;-0,01;-0,01;-0,02;-0,02;-0,01;-0,01;0,0;0,0;-0,01;-0,01;-0,01;-0,01;-0,01;-0,01;-0,01;-0,01;-0,01;-0,01;-0,01;-0,01;-0,02;-0,02;0,0;0,0;-0,01;-0,01;0,0;0,0;-0,01;-0,01;-0,01;-0,01;-0,01;-0,01;-0,01;-0,01;0,0;0,0
06.07.2026;05:30;05:45;0,01;0,01;0,0;0,0;0,0;0,0;-0,22;-0,22;0,0;0,0;0,0;0,0;-0,04;-0,04;-0,01;-0,01;-0,02;-0,02;0,0;0,0;-0,01;-0,01;0,0;0,0;0,0;0,0;-0,05;-0,05;0,0;0,0;-0,01;-0,01;0,0;0,0;-0,01;-0,01;-0,01;-0,01;-0,02;-0,02;-0,01;-0,01;-0,02;-0,02;-0,01;-0,01;-0,02;-0,02;-0,01;-0,01;-0,02;-0,02;-0,01;-0,01;0,0;0,0
06.07.2026;05:45;06:00;0,07;0,07;-0,01;-0,01;-0,01;-0,01;-0,22;-0,22;0,0;0,0;0,0;0,0;-0,04;-0,04;-0,01;-0,01;-0,02;-0,02;-0,01;-0,01;-0,01;-0,01;-0,01;-0,01;0,0;0,0;-0,02;-0,02;-0,02;-0,02;-0,01;-0,01;-0,01;-0,01;-0,01;-0,01;-0,01;-0,01;-0,02;-0,02;-0,01;-0,01;-0,02;-0,02;-0,02;-0,02;-0,01;-0,01;-0,01;-0,01;-0,01;-0,01;-0,01;-0,01;0,0;0,0
06.07.2026;06:00;06:15;0,13;0,11;0,0;0,0;-0,01;-0,01;-0,22;-0,2;0,0;0,0;0,0;0,0;-0,03;-0,03;-0,01;-0,01;-0,01;-0,01;-0,01;-0,01;-0,02;-0,02;-0,01;-0,01;0,0;0,0;-0,01;-0,01;-0,01;-0,01;-0,01;-0,01;-0,02;-0,02;-0,02;-0,02;-0,01;-0,01;-0,02;-0,02;-0,01;-0,01;-0,01;-0,01;0,0;0,0;-0,01;-0,01;-0,01;-0,01;0,0;0,0;-0,02;-0,02;0,0;0,0
06.07.2026;06:15;06:30;0,23;0,17;0,0;0,0;-0,01;-0,01;-0,18;-0,12;0,0;0,0;-0,01;-0,01;-0,04;-0,04;-0,01;-0,01;-0,02;-0,02;-0,02;-0,02;-0,01;-0,01;-0,01;-0,01;0,0;0,0;-0,01;-0,01;0,0;0,0;-0,01;-0,01;-0,01;-0,01;-0,01;-0,01;-0,01;-0,01;-0,02;-0,02;-0,01;-0,01;-0,01;-0,01;-0,02;-0,02;-0,01;-0,01;-0,01;-0,01;-0,01;-0,01;-0,01;-0,01;0,0;0,0
06.07.2026;06:30;06:45;0,19;0,14;0,0;0,0;-0,02;-0,02;-0,18;-0,13;0,0;0,0;0,0;0,0;-0,05;-0,05;-0,02;-0,02;-0,02;-0,02;-0,02;-0,02;-0,01;-0,01;-0,02;-0,02;0,0;0,0;-0,05;-0,05;-0,01;-0,01;-0,01;-0,01;0,0;0,0;-0,01;-0,01;-0,01;-0,01;-0,03;-0,03;-0,01;-0,01;-0,02;-0,02;-0,01;-0,01;-0,01;-0,01;-0,01;-0,01;-0,02;-0,02;-0,01;-0,01;0,0;0,0
06.07.2026;06:45;07:00;0,47;0,19;-0,01;0,0;-0,1;-0,09;-0,19;-0,1;0,0;0,0;0,0;0,0;-0,14;-0,13;-0,33;-0,32;-0,01;0,0;-0,01;0,0;0,0;0,0;-0,01;0,0;0,0;0,0;-0,02;-0,01;-0,01;0,0;-0,01;0,0;-0,01;0,0;-0,01;0,0;-0,01;0,0;-0,02;-0,01;-0,01;0,0;-0,02;-0,01;0,0;0,0;-0,01;0,0;-0,02;-0,01;0,0;0,0;-0,01;0,0;0,0;0,0
06.07.2026;07:00;07:15;0,49;0,19;0,0;0,0;-0,02;-0,01;-0,19;-0,1;0,0;0,0;-0,01;0,0;-0,08;-0,07;-0,09;-0,08;-0,03;-0,02;-0,02;-0,01;0,0;0,0;-0,02;-0,01;0,0;0,0;-0,01;0,0;-0,01;0,0;-0,01;0,0;-0,01;0,0;-0,01;0,0;-0,01;0,0;-0,02;-0,01;-0,01;0,0;-0,02;-0,01;-0,02;-0,01;-0,01;0,0;-0,01;0,0;-0,01;0,0;-0,01;0,0;0,0;0,0
06.07.2026;07:15;07:30;0,51;0,2;0,0;0,0;-0,02;-0,01;-0,2;-0,1;0,0;0,0;0,0;0,0;-0,04;-0,03;-0,06;-0,05;-0,01;0,0;-0,01;0,0;-0,02;-0,01;-0,09;-0,08;0,0;0,0;-0,01;0,0;-0,01;0,0;-0,01;0,0;-0,01;0,0;-0,01;0,0;-0,01;0,0;-0,02;-0,01;-0,01;0,0;-0,01;0,0;-0,01;0,0;-0,01;0,0;-0,01;0,0;-0,02;-0,01;-0,01;0,0;0,0;0,0
06.07.2026;07:30;07:45;0,65;0,21;0,0;0,0;-0,01;0,0;-0,2;-0,07;0,0;0,0;0,0;0,0;-0,16;-0,13;-0,1;-0,07;-0,02;0,0;0,0;0,0;-0,01;0,0;-0,02;0,0;0,0;0,0;-0,02;0,0;-0,01;0,0;-0,13;-0,1;0,0;0,0;-0,01;0,0;-0,02;0,0;-0,02;0,0;-0,01;0,0;-0,01;0,0;-0,01;0,0;-0,01;0,0;-0,01;0,0;-0,01;0,0;-0,02;0,0;0,0;0,0
06.07.2026;07:45;08:00;0,88;0,28;-0,01;0,0;-0,2;-0,13;-0,19;0,0;0,0;0,0;-0,01;0,0;-0,04;0,0;-0,06;0,0;-0,02;0,0;0,0;0,0;-0,02;0,0;-0,02;0,0;0,0;0,0;-0,01;0,0;-0,01;0,0;-0,02;0,0;-0,01;0,0;-0,01;0,0;0,0;0,0;-0,02;0,0;-0,01;0,0;-0,01;0,0;-0,01;0,0;-0,02;0,0;-0,02;0,0;-0,01;0,0;0,0;0,0;0,0;0,0
06.07.2026;08:00;08:15;1,18;0,52;0,0;0,0;-0,04;0,0;-0,23;0,0;-0,01;0,0;0,0;0,0;-0,04;0,0;-0,32;-0,22;-0,01;0,0;-0,01;0,0;-0,01;0,0;-0,02;0,0;-0,01;0,0;0,0;0,0;0,0;0,0;-0,03;0,0;-0,01;0,0;-0,01;0,0;-0,02;0,0;-0,02;0,0;0,0;0,0;-0,03;0,0;-0,01;0,0;0,0;0,0;-0,03;0,0;-0,01;0,0;-0,01;0,0;0,0;0,0
06.07.2026;08:15;08:30;1,16;0,45;0,0;0,0;-0,01;0,0;-0,24;0,0;0,0;0,0;0,0;0,0;-0,04;0,0;-0,05;0,0;-0,02;0,0;0,0;0,0;-0,02;0,0;-0,02;0,0;0,0;0,0;-0,02;0,0;-0,01;0,0;-0,04;0,0;-0,04;0,0;-0,01;0,0;-0,01;0,0;-0,02;0,0;-0,02;0,0;-0,02;0,0;-0,07;0,0;-0,01;0,0;-0,01;0,0;-0,01;0,0;-0,02;0,0;0,0;0,0
06.07.2026;08:30;08:45;1,22;0,63;0,0;0,0;-0,02;0,0;-0,24;0,0;0,0;0,0;0,0;0,0;-0,04;0,0;-0,02;0,0;-0,02;0,0;-0,01;0,0;-0,01;0,0;-0,02;0,0;0,0;0,0;-0,01;0,0;-0,01;0,0;-0,03;0,0;-0,03;0,0;-0,01;0,0;0,0;0,0;-0,02;0,0;0,0;0,0;-0,01;0,0;-0,02;0,0;-0,02;0,0;-0,02;0,0;-0,03;0,0;0,0;0,0;0,0;0,0
06.07.2026;08:45;09:00;1,44;0,62;0,0;0,0;-0,01;0,0;-0,26;0,0;0,0;0,0;-0,01;0,0;-0,09;0,0;-0,02;0,0;-0,01;0,0;-0,01;0,0;-0,01;0,0;-0,01;0,0;0,0;0,0;-0,01;0,0;-0,01;0,0;-0,26;-0,12;-0,01;0,0;-0,02;0,0;-0,02;0,0;-0,03;0,0;-0,01;0,0;0,0;0,0;-0,02;0,0;-0,01;0,0;-0,01;0,0;-0,09;0,0;-0,01;0,0;0,0;0,0
06.07.2026;09:00;09:15;1,47;0,64;-0,01;0,0;-0,01;0,0;-0,25;0,0;0,0;0,0;0,0;0,0;-0,04;0,0;-0,02;0,0;-0,03;0,0;-0,02;0,0;-0,02;0,0;0,0;0,0;0,0;0,0;-0,01;0,0;-0,01;0,0;-0,47;-0,33;-0,01;0,0;-0,01;0,0;-0,02;0,0;-0,12;0,0;-0,01;0,0;-0,02;0,0;-0,02;0,0;0,0;0,0;-0,01;0,0;-0,04;0,0;-0,01;0,0;0,0;0,0
06.07.2026;09:15;09:30;0,39;0,15;0,0;0,0;0,0;0,0;-0,23;-0,16;0,0;0,0;0,0;0,0;-0,03;-0,02;-0,01;0,0;-0,01;0,0;-0,12;-0,11;0,0;0,0;-0,01;0,0;0,0;0,0;-0,01;0,0;-0,01;0,0;-0,43;-0,42;0,0;0,0;0,0;0,0;-0,01;0,0;-0,03;-0,02;-0,01;0,0;-0,02;-0,01;-0,01;0,0;-0,02;-0,01;-0,01;0,0;-0,03;-0,02;-0,02;-0,01;0,0;0,0
06.07.2026;09:30;09:45;0,0;0,0;0,0;0,0;-0,01;-0,01;-0,24;-0,24;0,0;0,0;-0,01;-0,01;-0,04;-0,04;-0,02;-0,02;-0,02;-0,02;-0,01;-0,01;0,0;0,0;-0,01;-0,01;0,0;0,0;-0,01;-0,01;-0,01;-0,01;-0,1;-0,1;-0,02;-0,02;-0,01;-0,01;-0,02;-0,02;-0,04;-0,04;-0,01;-0,01;-0,02;-0,02;-0,01;-0,01;-0,01;-0,01;-0,02;-0,02;-0,27;-0,27;-0,11;-0,11;0,0;0,0
06.07.2026;09:45;10:00;1,45;0,8;0,0;0,0;-0,01;0,0;-0,16;0,0;0,0;0,0;0,0;0,0;-0,04;0,0;-0,02;0,0;-0,02;0,0;-0,05;0,0;0,0;0,0;0,0;0,0;0,0;0,0;0,0;0,0;-0,01;0,0;-0,39;-0,24;-0,01;0,0;-0,01;0,0;-0,01;0,0;-0,03;0,0;-0,01;0,0;-0,01;0,0;-0,03;0,0;-0,01;0,0;-0,01;0,0;-0,03;0,0;-0,03;0,0;0,0;0,0
06.07.2026;10:00;10:15;1,05;0,28;-0,01;0,0;-0,01;0,0;-0,14;0,0;0,0;0,0;0,0;0,0;-0,09;-0,02;-0,01;0,0;-0,01;0,0;-0,29;-0,22;-0,02;0,0;-0,02;0,0;0,0;0,0;-0,02;0,0;-0,04;0,0;-0,03;0,0;-0,01;0,0;-0,02;0,0;-0,01;0,0;-0,03;0,0;-0,01;0,0;-0,01;0,0;-0,05;0,0;-0,01;0,0;-0,18;-0,11;-0,21;-0,14;-0,03;0,0;0,0;0,0
06.07.2026;10:15;10:30;1,29;0,51;0,0;0,0;-0,02;0,0;-0,23;0,0;0,0;0,0;-0,01;0,0;-0,04;0,0;-0,02;0,0;-0,02;0,0;-0,12;-0,02;-0,02;0,0;0,0;0,0;0,0;0,0;-0,01;0,0;-0,04;0,0;-0,03;0,0;-0,01;0,0;-0,01;0,0;-0,03;0,0;-0,03;0,0;0,0;0,0;-0,02;0,0;-0,05;0,0;-0,01;0,0;-0,03;0,0;-0,01;0,0;-0,04;0,0;0,0;0,0
06.07.2026;10:30;10:45;1,32;0,56;0,0;0,0;0,0;0,0;-0,23;0,0;0,0;0,0;0,0;0,0;-0,18;-0,07;-0,02;0,0;-0,02;0,0;-0,03;0,0;-0,01;0,0;-0,01;0,0;0,0;0,0;-0,01;0,0;-0,03;0,0;-0,04;0,0;-0,01;0,0;-0,01;0,0;0,0;0,0;-0,09;0,0;-0,01;0,0;-0,02;0,0;-0,04;0,0;-0,01;0,0;-0,02;0,0;-0,02;0,0;-0,02;0,0;0,0;0,0
06.07.2026;10:45;11:00;3,17;2,17;0,0;0,0;-0,01;0,0;-0,21;0,0;0,0;0,0;0,0;0,0;-0,47;-0,05;-0,01;0,0;-0,01;0,0;-0,04;0,0;-0,02;0,0;-0,01;0,0;0,0;0,0;-0,01;0,0;-0,05;0,0;-0,03;0,0;-0,01;0,0;0,0;0,0;-0,01;0,0;-0,02;0,0;-0,01;0,0;-0,02;0,0;-0,04;0,0;-0,01;0,0;-0,01;0,0;-0,02;0,0;-0,03;0,0;0,0;0,0
06.07.2026;11:00;11:15;3,5;2,29;0,0;0,0;-0,03;0,0;-0,27;0,0;0,0;0,0;0,0;0,0;-0,47;-0,02;-0,04;0,0;-0,02;0,0;-0,05;0,0;-0,01;0,0;-0,01;0,0;0,0;0,0;-0,01;0,0;-0,05;0,0;-0,03;0,0;0,0;0,0;-0,02;0,0;-0,02;0,0;-0,02;0,0;-0,01;0,0;-0,01;0,0;-0,07;0,0;-0,01;0,0;-0,01;0,0;-0,03;0,0;-0,04;0,0;0,0;0,0
06.07.2026;11:15;11:30;2,43;1,12;-0,01;0,0;-0,04;0,0;-0,23;0,0;0,0;0,0;-0,01;0,0;-0,49;-0,24;-0,02;0,0;-0,02;0,0;-0,18;0,0;-0,02;0,0;-0,01;0,0;0,0;0,0;-0,01;0,0;-0,04;0,0;-0,04;0,0;-0,01;0,0;-0,01;0,0;-0,01;0,0;-0,03;0,0;-0,01;0,0;-0,01;0,0;-0,05;0,0;-0,01;0,0;-0,02;0,0;-0,23;0,0;-0,04;0,0;0,0;0,0
06.07.2026;11:30;11:45;3,41;2,13;0,0;0,0;-0,02;0,0;-0,22;0,0;0,0;0,0;0,0;0,0;-0,45;-0,04;-0,02;0,0;-0,01;0,0;-0,21;0,0;-0,01;0,0;-0,02;0,0;0,0;0,0;0,0;0,0;-0,03;0,0;-0,03;0,0;-0,01;0,0;-0,03;0,0;-0,01;0,0;-0,02;0,0;-0,01;0,0;-0,02;0,0;-0,04;0,0;-0,02;0,0;-0,01;0,0;-0,1;0,0;-0,03;0,0;0,0;0,0
06.07.2026;11:45;12:00;2,59;1,41;0,0;0,0;-0,03;0,0;-0,17;0,0;0,0;0,0;0,0;0,0;-0,14;0,0;-0,02;0,0;-0,02;0,0;-0,25;0,0;-0,01;0,0;-0,03;0,0;0,0;0,0;-0,02;0,0;-0,05;0,0;-0,03;0,0;-0,01;0,0;-0,22;0,0;-0,02;0,0;-0,02;0,0;-0,01;0,0;-0,02;0,0;-0,05;0,0;-0,01;0,0;-0,01;0,0;-0,01;0,0;-0,03;0,0;0,0;0,0
06.07.2026;12:00;12:15;3,16;2,21;0,0;0,0;-0,09;0,0;-0,08;0,0;0,0;0,0;-0,01;0,0;-0,08;0,0;-0,18;0,0;-0,01;0,0;-0,21;0,0;0,0;0,0;-0,02;0,0;0,0;0,0;-0,01;0,0;-0,04;0,0;-0,03;0,0;0,0;0,0;-0,04;0,0;0,0;0,0;-0,03;0,0;-0,01;0,0;-0,01;0,0;-0,04;0,0;0,0;0,0;-0,02;0,0;-0,01;0,0;-0,03;0,0;0,0;0,0
06.07.2026;12:15;12:30;3,71;2,71;-0,01;0,0;-0,03;0,0;-0,19;0,0;0,0;0,0;0,0;0,0;-0,04;0,0;-0,17;0,0;-0,02;0,0;-0,19;0,0;0,0;0,0;-0,01;0,0;0,0;0,0;0,0;0,0;-0,04;0,0;-0,04;0,0;-0,01;0,0;-0,01;0,0;-0,01;0,0;-0,05;0,0;-0,01;0,0;-0,01;0,0;-0,04;0,0;-0,01;0,0;-0,01;0,0;-0,01;0,0;-0,09;0,0;0,0;0,0
06.07.2026;12:30;12:45;4,36;2,98;0,0;0,0;-0,02;0,0;-0,1;0,0;0,0;0,0;0,0;0,0;-0,04;0,0;-0,03;0,0;-0,02;0,0;-0,2;0,0;-0,01;0,0;-0,01;0,0;0,0;0,0;-0,01;0,0;-0,01;0,0;-0,04;0,0;0,0;0,0;-0,1;0,0;-0,02;0,0;-0,05;0,0;-0,01;0,0;-0,02;0,0;-0,05;0,0;-0,02;0,0;-0,02;0,0;-0,01;0,0;-1,16;-0,57;0,0;0,0
06.07.2026;12:45;13:00;3,52;2,39;0,0;0,0;-0,02;0,0;-0,1;0,0;0,0;0,0;-0,01;0,0;-0,05;0,0;-0,02;0,0;0,0;0,0;-0,19;0,0;-0,02;0,0;0,0;0,0;0,0;0,0;-0,02;0,0;-0,01;0,0;-0,02;0,0;-0,02;0,0;-0,15;0,0;-0,01;0,0;-0,04;0,0;-0,01;0,0;-0,02;0,0;-0,04;0,0;-0,01;0,0;-0,01;0,0;-0,01;0,0;-0,35;0,0;0,0;0,0
06.07.2026;13:00;13:15;2,12;0,86;0,0;0,0;-0,02;0,0;-0,07;0,0;-0,01;0,0;0,0;0,0;-0,13;0,0;-0,02;0,0;-0,02;0,0;-0,18;0,0;-0,02;0,0;-0,01;0,0;-0,01;0,0;-0,01;0,0;-0,01;0,0;-0,34;-0,13;0,0;0,0;-0,17;0,0;-0,01;0,0;-0,02;0,0;0,0;0,0;-0,02;0,0;-0,07;0,0;-0,01;0,0;-0,01;0,0;-0,02;0,0;-0,26;-0,05;0,0;0,0
06.07.2026;13:15;13:30;0,13;0,11;0,0;0,0;-0,01;-0,01;-0,08;-0,06;0,0;0,0;0,0;0,0;-0,35;-0,35;-0,01;-0,01;-0,02;-0,02;-0,04;-0,04;-0,01;-0,01;-0,01;-0,01;0,0;0,0;0,0;0,0;-0,01;-0,01;-0,03;-0,03;-0,01;-0,01;-0,13;-0,13;-0,02;-0,02;-0,02;-0,02;-0,02;-0,02;-0,01;-0,01;-0,05;-0,05;0,0;0,0;-0,01;-0,01;-0,01;-0,01;-0,06;-0,06;0,0;0,0
06.07.2026;13:30;13:45;0,52;0,13;-0,01;0,0;-0,03;-0,01;-0,19;-0,1;0,0;0,0;0,0;0,0;-0,22;-0,2;-0,01;0,0;-0,01;0,0;-0,04;-0,02;-0,01;0,0;-0,01;0,0;0,0;0,0;-0,01;0,0;-0,01;0,0;-0,02;0,0;0,0;0,0;-0,12;-0,1;0,0;0,0;-0,02;0,0;0,0;0,0;-0,01;0,0;-0,04;-0,02;-0,02;0,0;-0,02;0,0;-0,02;0,0;-0,04;-0,02;0,0;0,0
06.07.2026;13:45;14:00;2,76;1,82;0,0;0,0;-0,02;0,0;-0,23;0,0;0,0;0,0;-0,01;0,0;-0,18;0,0;-0,02;0,0;-0,02;0,0;-0,04;0,0;-0,02;0,0;-0,01;0,0;0,0;0,0;-0,01;0,0;-0,01;0,0;-0,02;0,0;-0,01;0,0;-0,15;0,0;-0,01;0,0;-0,02;0,0;-0,01;0,0;-0,02;0,0;-0,05;0,0;-0,01;0,0;-0,02;0,0;-0,04;0,0;-0,01;0,0;0,0;0,0
06.07.2026;14:00;14:15;3,24;2,15;0,0;0,0;-0,06;0,0;-0,18;0,0;0,0;0,0;0,0;0,0;-0,24;0,0;-0,01;0,0;-0,01;0,0;-0,05;0,0;-0,01;0,0;-0,02;0,0;0,0;0,0;-0,02;0,0;0,0;0,0;0,0;0,0;-0,02;0,0;-0,15;0,0;-0,02;0,0;-0,15;0,0;-0,02;0,0;-0,02;0,0;-0,04;0,0;-0,01;0,0;-0,02;0,0;-0,02;0,0;-0,02;0,0;0,0;0,0
06.07.2026;14:15;14:30;2,8;2,06;0,0;0,0;-0,03;0,0;-0,06;0,0;0,0;0,0;0,0;0,0;-0,04;0,0;-0,02;0,0;-0,02;0,0;-0,11;0,0;-0,01;0,0;-0,02;0,0;0,0;0,0;0,0;0,0;-0,02;0,0;-0,02;0,0;0,0;0,0;-0,15;0,0;-0,01;0,0;-0,1;0,0;0,0;0,0;-0,02;0,0;-0,05;0,0;-0,01;0,0;-0,01;0,0;-0,03;0,0;-0,01;0,0;0,0;0,0
06.07.2026;14:30;14:45;0,73;0,27;-0,01;0,0;-0,01;0,0;-0,08;0,0;0,0;0,0;-0,01;0,0;-0,04;0,0;-0,01;0,0;-0,02;0,0;-0,21;-0,17;-0,01;0,0;-0,02;0,0;0,0;0,0;-0,01;0,0;0,0;0,0;-0,01;0,0;0,0;0,0;-0,02;0,0;-0,01;0,0;-0,41;-0,37;-0,01;0,0;-0,01;0,0;-0,05;-0,01;-0,03;0,0;-0,01;0,0;-0,01;0,0;-0,01;0,0;0,0;0,0
06.07.2026;14:45;15:00;1,84;1,11;0,0;0,0;-0,01;0,0;-0,08;0,0;0,0;0,0;0,0;0,0;-0,05;0,0;-0,02;0,0;0,0;0,0;-0,15;0,0;0,0;0,0;-0,02;0,0;0,0;0,0;-0,01;0,0;-0,01;0,0;-0,01;0,0;-0,01;0,0;-0,01;0,0;-0,01;0,0;-0,27;-0,05;-0,01;0,0;-0,01;0,0;-0,04;0,0;-0,03;0,0;-0,01;0,0;0,0;0,0;-0,02;0,0;0,0;0,0
06.07.2026;15:00;15:15;1,52;0,58;0,0;0,0;0,0;0,0;-0,16;0,0;0,0;0,0;0,0;0,0;-0,05;0,0;-0,01;0,0;-0,02;0,0;-0,12;0,0;0,0;0,0;-0,02;0,0;0,0;0,0;-0,01;0,0;-0,01;0,0;-0,03;0,0;-0,01;0,0;-0,01;0,0;-0,01;0,0;-0,4;-0,26;-0,01;0,0;-0,02;0,0;-0,05;0,0;-0,34;-0,2;-0,1;0,0;-0,01;0,0;-0,01;0,0;0,0;0,0
06.07.2026;15:15;15:30;1,1;0,27;0,0;0,0;-0,01;0,0;-0,24;-0,02;0,0;0,0;-0,01;0,0;-0,05;0,0;-0,05;0,0;-0,02;0,0;-0,02;0,0;-0,02;0,0;-0,02;0,0;0,0;0,0;-0,04;0,0;-0,01;0,0;-0,03;0,0;-0,01;0,0;-0,02;0,0;-0,03;0,0;-0,2;-0,13;-0,01;0,0;-0,02;0,0;-0,18;-0,11;-0,05;0,0;-0,03;0,0;-0,02;0,0;0,0;0,0;0,0;0,0
06.07.2026;15:30;15:45;1,87;0,87;0,0;0,0;-0,18;0,0;-0,21;0,0;0,0;0,0;0,0;0,0;-0,04;0,0;-0,02;0,0;-0,01;0,0;-0,02;0,0;-0,02;0,0;-0,02;0,0;0,0;0,0;-0,02;0,0;-0,01;0,0;-0,03;0,0;0,0;0,0;-0,01;0,0;0,0;0,0;-0,14;0,0;-0,01;0,0;-0,02;0,0;-0,17;0,0;-0,02;0,0;-0,01;0,0;-0,02;0,0;-0,02;0,0;0,0;0,0
06.07.2026;15:45;16:00;1,99;1,19;-0,01;0,0;-0,03;0,0;-0,08;0,0;0,0;0,0;0,0;0,0;-0,03;0,0;-0,03;0,0;-0,02;0,0;-0,02;0,0;-0,01;0,0;-0,02;0,0;0,0;0,0;-0,03;0,0;-0,01;0,0;-0,04;0,0;-0,01;0,0;-0,22;0,0;-0,01;0,0;-0,09;0,0;-0,01;0,0;0,0;0,0;-0,06;0,0;-0,04;0,0;-0,01;0,0;-0,01;0,0;-0,01;0,0;0,0;0,0
06.07.2026;16:00;16:15;0,78;0,27;0,0;0,0;-0,02;0,0;-0,07;0,0;0,0;0,0;0,0;0,0;-0,04;0,0;-0,02;0,0;-0,01;0,0;-0,02;0,0;-0,02;0,0;-0,02;0,0;0,0;0,0;-0,02;0,0;-0,01;0,0;-0,02;0,0;-0,01;0,0;-0,06;-0,01;-0,02;0,0;-0,02;0,0;-0,01;0,0;-0,01;0,0;-0,11;-0,06;-0,04;0,0;-0,02;0,0;0,0;0,0;-0,01;0,0;0,0;0,0
06.07.2026;16:15;16:30;0,84;0,3;0,0;0,0;-0,03;0,0;-0,07;0,0;0,0;0,0;-0,01;0,0;-0,04;0,0;-0,02;0,0;-0,02;0,0;-0,01;0,0;-0,01;0,0;-0,02;0,0;0,0;0,0;-0,02;0,0;-0,01;0,0;-0,03;0,0;-0,01;0,0;-0,05;0,0;0,0;0,0;-0,02;0,0;0,0;0,0;-0,03;0,0;-0,09;-0,03;-0,05;0,0;-0,01;0,0;-0,01;0,0;-0,01;0,0;0,0;0,0
06.07.2026;16:30;16:45;0,91;0,24;0,0;0,0;-0,03;0,0;-0,25;-0,07;0,0;0,0;0,0;0,0;-0,04;0,0;-0,08;-0,03;-0,02;0,0;-0,02;0,0;-0,01;0,0;-0,02;0,0;0,0;0,0;-0,03;0,0;-0,01;0,0;-0,02;0,0;0,0;0,0;-0,04;0,0;-0,01;0,0;-0,03;0,0;-0,02;0,0;-0,02;0,0;-0,07;-0,02;-0,18;-0,13;0,0;0,0;-0,02;0,0;0,0;0,0;0,0;0,0
06.07.2026;16:45;17:00;1,03;0,27;-0,01;0,0;-0,02;0,0;-0,19;0,0;0,0;0,0;0,0;0,0;-0,04;0,0;-0,06;0,0;0,0;0,0;-0,01;0,0;-0,02;0,0;-0,23;-0,17;0,0;0,0;-0,03;0,0;-0,03;0,0;-0,02;0,0;-0,01;0,0;-0,04;0,0;-0,02;0,0;-0,03;0,0;-0,01;0,0;-0,01;0,0;-0,06;0,0;-0,23;-0,17;-0,01;0,0;0,0;0,0;-0,02;0,0;0,0;0,0
06.07.2026;17:00;17:15;0,07;0,07;0,0;0,0;-0,21;-0,21;-0,18;-0,18;0,0;0,0;-0,01;-0,01;-0,03;-0,03;-0,03;-0,03;-0,02;-0,02;-0,01;-0,01;0,0;0,0;-0,16;-0,16;0,0;0,0;-0,05;-0,05;-0,04;-0,04;-0,03;-0,03;-0,01;-0,01;-0,07;-0,07;-0,01;-0,01;-0,02;-0,02;0,0;0,0;-0,01;-0,01;-0,07;-0,07;-0,03;-0,03;-0,01;-0,01;-0,02;-0,02;-0,03;-0,03;0,0;0,0
06.07.2026;17:15;17:30;0,04;0,04;0,0;0,0;-0,17;-0,17;-0,14;-0,14;0,0;0,0;0,0;0,0;-0,05;-0,05;-0,04;-0,04;-0,02;-0,02;0,0;0,0;-0,01;-0,01;-0,03;-0,03;0,0;0,0;-0,02;-0,02;-0,02;-0,02;-0,02;-0,02;-0,01;-0,01;-0,13;-0,13;0,0;0,0;-0,01;-0,01;-0,02;-0,02;-0,01;-0,01;-0,05;-0,05;-0,05;-0,05;-0,02;-0,02;-0,01;-0,01;-0,23;-0,23;0,0;0,0
06.07.2026;17:30;17:45;0,71;0,24;0,0;0,0;-0,04;-0,01;-0,08;0,0;0,0;0,0;0,0;0,0;-0,05;-0,02;-0,03;0,0;-0,01;0,0;0,0;0,0;0,0;0,0;-0,02;0,0;0,0;0,0;-0,03;0,0;-0,01;0,0;-0,02;0,0;0,0;0,0;-0,19;-0,16;-0,02;0,0;-0,02;0,0;0,0;0,0;-0,03;0,0;-0,05;-0,02;-0,03;0,0;-0,01;0,0;-0,01;0,0;-0,09;-0,06;0,0;0,0
06.07.2026;17:45;18:00;0,52;0,19;-0,01;0,0;-0,03;-0,02;-0,15;-0,05;0,0;0,0;-0,01;0,0;-0,13;-0,12;-0,03;-0,02;-0,02;-0,01;-0,01;0,0;-0,01;0,0;-0,02;-0,01;0,0;0,0;-0,04;-0,03;-0,01;0,0;-0,02;-0,01;-0,01;0,0;-0,14;-0,13;-0,01;0,0;-0,02;-0,01;-0,01;0,0;-0,02;-0,01;-0,04;-0,03;-0,02;-0,01;-0,01;0,0;-0,01;0,0;-0,03;-0,02;0,0;0,0
06.07.2026;18:00;18:15;0,63;0,18;0,0;0,0;-0,03;-0,01;-0,2;-0,1;-0,01;0,0;0,0;0,0;-0,2;-0,18;-0,14;-0,12;-0,01;0,0;0,0;0,0;-0,02;0,0;-0,02;0,0;-0,01;0,0;-0,08;-0,06;-0,01;0,0;-0,02;0,0;-0,01;0,0;-0,15;-0,13;-0,01;0,0;-0,02;0,0;-0,01;0,0;-0,01;0,0;-0,06;-0,04;-0,02;0,0;-0,03;-0,01;-0,01;0,0;-0,03;-0,01;0,0;0,0
06.07.2026;18:15;18:30;0,17;0,12;0,0;0,0;-0,14;-0,14;-0,19;-0,14;0,0;0,0;0,0;0,0;-0,26;-0,26;-0,05;-0,05;-0,02;-0,02;-0,02;-0,02;-0,02;-0,02;-0,02;-0,02;0,0;0,0;-0,03;-0,03;-0,02;-0,02;0,0;0,0;-0,01;-0,01;-0,12;-0,12;-0,02;-0,02;-0,05;-0,05;-0,01;-0,01;-0,01;-0,01;-0,05;-0,05;-0,02;-0,02;-0,02;-0,02;-0,01;-0,01;-0,04;-0,04;0,0;0,0
06.07.2026;18:30;18:45;0,19;0,14;0,0;0,0;-0,03;-0,03;-0,17;-0,12;0,0;0,0;0,0;0,0;-0,25;-0,25;-0,03;-0,03;-0,02;-0,02;-0,02;-0,02;-0,01;-0,01;-0,03;-0,03;0,0;0,0;-0,03;-0,03;-0,01;-0,01;-0,02;-0,02;0,0;0,0;-0,02;-0,02;0,0;0,0;-0,06;-0,06;-0,01;-0,01;-0,01;-0,01;-0,05;-0,05;-0,03;-0,03;-0,02;-0,02;-0,01;-0,01;-0,05;-0,05;0,0;0,0
06.07.2026;18:45;19:00;0,07;0,07;0,0;0,0;-0,04;-0,04;-0,19;-0,19;0,0;0,0;-0,01;-0,01;-0,06;-0,06;-0,02;-0,02;0,0;0,0;-0,01;-0,01;-0,01;-0,01;-0,01;-0,01;0,0;0,0;-0,02;-0,02;0,0;0,0;0,0;0,0;-0,01;-0,01;-0,04;-0,04;-0,02;-0,02;-0,03;-0,03;-0,01;-0,01;-0,03;-0,03;-0,05;-0,05;-0,02;-0,02;-0,02;-0,02;-0,01;-0,01;-0,35;-0,35;0,0;0,0
06.07.2026;19:00;19:15;0,04;0,04;-0,01;-0,01;-0,04;-0,04;-0,19;-0,19;0,0;0,0;0,0;0,0;-0,05;-0,05;-0,01;-0,01;-0,02;-0,02;-0,02;-0,02;-0,02;-0,02;-0,02;-0,02;0,0;0,0;-0,02;-0,02;-0,16;-0,16;-0,01;-0,01;0,0;0,0;-0,03;-0,03;-0,01;-0,01;-0,02;-0,02;-0,01;-0,01;-0,02;-0,02;-0,05;-0,05;-0,3;-0,3;-0,02;-0,02;-0,02;-0,02;-0,36;-0,36;0,0;0,0
06.07.2026;19:15;19:30;0,08;0,08;0,0;0,0;-0,05;-0,05;-0,18;-0,18;0,0;0,0;0,0;0,0;-0,05;-0,05;-0,03;-0,03;-0,02;-0,02;-0,45;-0,45;-0,01;-0,01;-0,02;-0,02;0,0;0,0;-0,06;-0,06;-0,3;-0,3;-0,02;-0,02;-0,02;-0,02;-0,01;-0,01;-0,01;-0,01;-0,05;-0,05;0,0;0,0;-0,01;-0,01;-0,04;-0,04;-0,25;-0,25;-0,01;-0,01;-0,01;-0,01;-0,06;-0,06;0,0;0,0
06.07.2026;19:30;19:45;0,03;0,03;0,0;0,0;-0,04;-0,04;-0,16;-0,16;0,0;0,0;-0,01;-0,01;-0,06;-0,06;-0,02;-0,02;-0,01;-0,01;-0,26;-0,26;-0,01;-0,01;-0,01;-0,01;0,0;0,0;-0,02;-0,02;-0,17;-0,17;0,0;0,0;-0,25;-0,25;-0,01;-0,01;-0,02;-0,02;-0,04;-0,04;-0,02;-0,02;-0,01;-0,01;-0,05;-0,05;-0,05;-0,05;0,0;0,0;-0,01;-0,01;-0,06;-0,06;0,0;0,0
06.07.2026;19:45;20:00;0,02;0,02;0,0;0,0;-0,03;-0,03;-0,09;-0,09;0,0;0,0;0,0;0,0;-0,05;-0,05;-0,03;-0,03;-0,02;-0,02;-0,16;-0,16;0,0;0,0;-0,03;-0,03;0,0;0,0;-0,02;-0,02;-0,5;-0,5;-0,01;-0,01;-0,03;-0,03;-0,01;-0,01;0,0;0,0;-0,06;-0,06;0,0;0,0;-0,01;-0,01;-0,06;-0,06;-0,03;-0,03;0,0;0,0;0,0;0,0;-0,29;-0,29;0,0;0,0
06.07.2026;20:00;20:15;0,01;0,01;-0,01;-0,01;-0,03;-0,03;-0,06;-0,06;0,0;0,0;0,0;0,0;-0,07;-0,07;-0,03;-0,03;-0,01;-0,01;-0,16;-0,16;0,0;0,0;-0,01;-0,01;0,0;0,0;-0,02;-0,02;-0,26;-0,26;-0,01;-0,01;-0,03;-0,03;-0,01;-0,01;-0,01;-0,01;-0,05;-0,05;-0,01;-0,01;-0,03;-0,03;-0,04;-0,04;-0,04;-0,04;-0,02;-0,02;-0,02;-0,02;-0,04;-0,04;0,0;0,0
06.07.2026;20:15;20:30;0,01;0,01;0,0;0,0;-0,04;-0,04;-0,08;-0,08;0,0;0,0;-0,01;-0,01;-0,05;-0,05;-0,04;-0,04;-0,02;-0,02;-0,07;-0,07;-0,02;-0,02;-0,02;-0,02;0,0;0,0;-0,03;-0,03;-0,16;-0,16;-0,01;-0,01;-0,03;-0,03;-0,01;-0,01;-0,02;-0,02;-0,05;-0,05;-0,01;-0,01;-0,01;-0,01;-0,05;-0,05;-0,04;-0,04;-0,02;-0,02;0,0;0,0;-0,03;-0,03;0,0;0,0
06.07.2026;20:30;20:45;0,01;0,01;0,0;0,0;-0,04;-0,04;-0,08;-0,08;0,0;0,0;0,0;0,0;-0,06;-0,06;-0,03;-0,03;-0,01;-0,01;-0,03;-0,03;-0,01;-0,01;-0,01;-0,01;0,0;0,0;-0,02;-0,02;-0,07;-0,07;-0,01;-0,01;-0,02;-0,02;-0,02;-0,02;0,0;0,0;-0,06;-0,06;-0,01;-0,01;-0,01;-0,01;-0,05;-0,05;-0,05;-0,05;-0,03;-0,03;-0,01;-0,01;-0,04;-0,04;0,0;0,0
06.07.2026;20:45;21:00;0,0;0,0;0,0;0,0;-0,05;-0,05;-0,08;-0,08;0,0;0,0;0,0;0,0;-0,06;-0,06;-0,04;-0,04;-0,01;-0,01;-0,02;-0,02;-0,02;-0,02;-0,02;-0,02;0,0;0,0;-0,02;-0,02;-0,05;-0,05;-0,01;-0,01;-0,02;-0,02;0,0;0,0;-0,03;-0,03;-0,05;-0,05;-0,01;-0,01;-0,01;-0,01;-0,04;-0,04;-0,03;-0,03;-0,05;-0,05;-0,02;-0,02;-0,03;-0,03;0,0;0,0
06.07.2026;21:00;21:15;0,0;0,0;0,0;0,0;-0,03;-0,03;-0,09;-0,09;0,0;0,0;0,0;0,0;-0,08;-0,08;-0,03;-0,03;-0,02;-0,02;-0,08;-0,08;-0,01;-0,01;-0,02;-0,02;0,0;0,0;-0,03;-0,03;-0,05;-0,05;-0,01;-0,01;-0,02;-0,02;-0,01;-0,01;0,0;0,0;-0,05;-0,05;-0,01;-0,01;-0,02;-0,02;-0,05;-0,05;-0,04;-0,04;-0,01;-0,01;-0,01;-0,01;-0,04;-0,04;0,0;0,0
06.07.2026;21:15;21:30;0,0;0,0;-0,01;-0,01;-0,02;-0,02;-0,08;-0,08;0,0;0,0;-0,01;-0,01;-0,08;-0,08;-0,03;-0,03;-0,02;-0,02;-0,11;-0,11;-0,02;-0,02;0,0;0,0;0,0;0,0;-0,03;-0,03;-0,05;-0,05;-0,01;-0,01;-0,23;-0,23;-0,01;-0,01;-0,01;-0,01;-0,05;-0,05;-0,01;-0,01;-0,03;-0,03;-0,05;-0,05;-0,03;-0,03;-0,01;-0,01;-0,01;-0,01;-0,03;-0,03;0,0;0,0
06.07.2026;21:30;21:45;0,0;0,0;0,0;0,0;-0,02;-0,02;-0,08;-0,08;0,0;0,0;0,0;0,0;-0,08;-0,08;-0,03;-0,03;-0,01;-0,01;-0,1;-0,1;-0,01;-0,01;-0,01;-0,01;0,0;0,0;-0,01;-0,01;-0,05;-0,05;-0,01;-0,01;-0,36;-0,36;-0,01;-0,01;-0,02;-0,02;-0,04;-0,04;-0,01;-0,01;-0,01;-0,01;-0,05;-0,05;-0,04;-0,04;-0,01;-0,01;-0,01;-0,01;-0,04;-0,04;0,0;0,0
06.07.2026;21:45;22:00;0,0;0,0;0,0;0,0;-0,03;-0,03;-0,09;-0,09;0,0;0,0;0,0;0,0;-0,08;-0,08;-0,04;-0,04;-0,02;-0,02;-0,13;-0,13;-0,01;-0,01;-0,01;-0,01;0,0;0,0;-0,02;-0,02;-0,05;-0,05;-0,01;-0,01;-0,29;-0,29;-0,01;-0,01;0,0;0,0;-0,04;-0,04;-0,01;-0,01;-0,01;-0,01;-0,02;-0,02;-0,05;-0,05;-0,01;-0,01;-0,01;-0,01;-0,04;-0,04;0,0;0,0
06.07.2026;22:00;22:15;0,0;0,0;0,0;0,0;-0,04;-0,04;-0,1;-0,1;0,0;0,0;-0,01;-0,01;-0,05;-0,05;-0,03;-0,03;-0,01;-0,01;-0,08;-0,08;-0,02;-0,02;0,0;0,0;0,0;0,0;-0,04;-0,04;-0,05;-0,05;-0,01;-0,01;-0,29;-0,29;-0,02;-0,02;-0,02;-0,02;-0,02;-0,02;-0,01;-0,01;-0,01;-0,01;-0,02;-0,02;-0,03;-0,03;-0,01;-0,01;-0,01;-0,01;-0,04;-0,04;0,0;0,0
06.07.2026;22:15;22:30;0,0;0,0;-0,01;-0,01;-0,02;-0,02;-0,08;-0,08;0,0;0,0;0,0;0,0;-0,05;-0,05;-0,02;-0,02;-0,02;-0,02;-0,01;-0,01;0,0;0,0;-0,01;-0,01;0,0;0,0;-0,05;-0,05;-0,05;-0,05;-0,01;-0,01;-0,25;-0,25;0,0;0,0;-0,01;-0,01;-0,03;-0,03;-0,01;-0,01;-0,02;-0,02;-0,01;-0,01;-0,04;-0,04;-0,01;-0,01;-0,01;-0,01;-0,04;-0,04;0,0;0,0
06.07.2026;22:30;22:45;0,0;0,0;0,0;0,0;-0,03;-0,03;-0,07;-0,07;0,0;0,0;0,0;0,0;-0,04;-0,04;-0,03;-0,03;-0,01;-0,01;-0,01;-0,01;0,0;0,0;-0,01;-0,01;0,0;0,0;-0,02;-0,02;-0,04;-0,04;-0,01;-0,01;-0,1;-0,1;-0,01;-0,01;-0,01;-0,01;-0,03;-0,03;0,0;0,0;-0,03;-0,03;-0,01;-0,01;-0,03;-0,03;-0,01;-0,01;-0,01;-0,01;-0,04;-0,04;0,0;0,0
06.07.2026;22:45;23:00;0,0;0,0;0,0;0,0;-0,02;-0,02;-0,06;-0,06;0,0;0,0;-0,01;-0,01;-0,04;-0,04;-0,02;-0,02;-0,01;-0,01;-0,01;-0,01;-0,01;-0,01;-0,01;-0,01;0,0;0,0;-0,03;-0,03;-0,05;-0,05;-0,01;-0,01;-0,04;-0,04;-0,01;-0,01;-0,02;-0,02;-0,02;-0,02;-0,02;-0,02;-0,01;-0,01;-0,01;-0,01;-0,02;-0,02;-0,01;-0,01;-0,01;-0,01;-0,04;-0,04;0,0;0,0
06.07.2026;23:00;23:15;0,0;0,0;0,0;0,0;-0,01;-0,01;-0,14;-0,14;-0,01;-0,01;0,0;0,0;-0,04;-0,04;-0,03;-0,03;-0,02;-0,02;-0,02;-0,02;-0,01;-0,01;0,0;0,0;-0,01;-0,01;-0,03;-0,03;-0,03;-0,03;0,0;0,0;-0,03;-0,03;-0,01;-0,01;-0,01;-0,01;-0,03;-0,03;0,0;0,0;0,0;0,0;-0,01;-0,01;-0,01;-0,01;-0,02;-0,02;-0,02;-0,02;-0,04;-0,04;0,0;0,0
06.07.2026;23:15;23:30;0,0;0,0;0,0;0,0;-0,02;-0,02;-0,09;-0,09;0,0;0,0;0,0;0,0;-0,04;-0,04;-0,03;-0,03;-0,01;-0,01;-0,02;-0,02;-0,02;-0,02;-0,01;-0,01;0,0;0,0;0,0;0,0;-0,01;-0,01;-0,02;-0,02;-0,04;-0,04;-0,02;-0,02;-0,01;-0,01;-0,02;-0,02;-0,01;-0,01;-0,02;-0,02;-0,01;-0,01;-0,01;-0,01;-0,01;-0,01;0,0;0,0;-0,02;-0,02;0,0;0,0
06.07.2026;23:30;23:45;0,0;0,0;-0,01;-0,01;-0,03;-0,03;-0,07;-0,07;0,0;0,0;0,0;0,0;-0,05;-0,05;-0,02;-0,02;-0,02;-0,02;-0,01;-0,01;-0,01;-0,01;-0,01;-0,01;0,0;0,0;-0,01;-0,01;-0,01;-0,01;-0,01;-0,01;-0,04;-0,04;-0,01;-0,01;-0,01;-0,01;-0,02;-0,02;-0,02;-0,02;-0,02;-0,02;-0,01;-0,01;-0,01;-0,01;-0,01;-0,01;-0,01;-0,01;-0,01;-0,01;0,0;0,0
06.07.2026;23:45;00:00;0,0;0,0;0,0;0,0;-0,02;-0,02;-0,06;-0,06;0,0;0,0;-0,01;-0,01;-0,03;-0,03;-0,02;-0,02;-0,02;-0,02;-0,02;-0,02;-0,02;-0,02;0,0;0,0;0,0;0,0;-0,02;-0,02;-0,01;-0,01;0,0;0,0;-0,04;-0,04;0,0;0,0;-0,01;-0,01;-0,02;-0,02;0,0;0,0;-0,02;-0,02;-0,02;-0,02;-0,01;-0,01;-0,01;-0,01;-0,01;-0,01;-0,01;-0,01;0,0;0,0
07.07.2026;00:00;00:15;0,0;0,0;0,0;0,0;-0,02;-0,02;-0,07;-0,07;0,0;0,0;0,0;0,0;-0,04;-0,04;-0,01;-0,01;-0,01;-0,01;-0,02;-0,02;-0,01;-0,01;-0,01;-0,01;0,0;0,0;-0,01;-0,01;-0,01;-0,01;-0,02;-0,02;-0,02;-0,02;-0,01;-0,01;-0,01;-0,01;-0,03;-0,03;-0,01;-0,01;-0,01;-0,01;0,0;0,0;0,0;0,0;-0,01;-0,01;-0,01;-0,01;-0,01;-0,01;0,0;0,0
07.07.2026;00:15;00:30;0,0;0,0;0,0;0,0;-0,01;-0,01;-0,07;-0,07;0,0;0,0;0,0;0,0;-0,04;-0,04;-0,01;-0,01;-0,02;-0,02;-0,01;-0,01;-0,02;-0,02;-0,01;-0,01;0,0;0,0;0,0;0,0;-0,01;-0,01;0,0;0,0;-0,03;-0,03;-0,01;-0,01;-0,02;-0,02;-0,02;-0,02;-0,01;-0,01;-0,01;-0,01;-0,01;-0,01;-0,02;-0,02;-0,01;-0,01;-0,01;-0,01;-0,02;-0,02;0,0;0,0
07.07.2026;00:30;00:45;0,0;0,0;-0,01;-0,01;-0,02;-0,02;-0,06;-0,06;0,0;0,0;-0,01;-0,01;-0,04;-0,04;-0,01;-0,01;-0,02;-0,02;-0,02;-0,02;-0,01;-0,01;0,0;0,0;0,0;0,0;-0,01;-0,01;-0,01;-0,01;-0,01;-0,01;-0,1;-0,1;-0,02;-0,02;0,0;0,0;-0,02;-0,02;-0,01;-0,01;-0,02;-0,02;-0,02;-0,02;-0,01;-0,01;-0,02;-0,02;-0,01;-0,01;-0,01;-0,01;0,0;0,0
07.07.2026;00:45;01:00;0,0;0,0;0,0;0,0;-0,03;-0,03;-0,12;-0,12;0,0;0,0;0,0;0,0;-0,04;-0,04;-0,01;-0,01;-0,01;-0,01;-0,02;-0,02;0,0;0,0;-0,02;-0,02;0,0;0,0;-0,02;-0,02;-0,01;-0,01;-0,01;-0,01;-0,03;-0,03;-0,01;-0,01;-0,01;-0,01;-0,03;-0,03;-0,01;-0,01;-0,02;-0,02;0,0;0,0;-0,01;-0,01;-0,01;-0,01;-0,01;-0,01;-0,01;-0,01;0,0;0,0
07.07.2026;01:00;01:15;0,0;0,0;0,0;0,0;-0,02;-0,02;-0,17;-0,17;0,0;0,0;0,0;0,0;-0,04;-0,04;-0,01;-0,01;-0,03;-0,03;-0,01;-0,01;0,0;0,0;0,0;0,0;0,0;0,0;0,0;0,0;-0,01;-0,01;-0,01;-0,01;-0,03;-0,03;0,0;0,0;-0,02;-0,02;-0,02;-0,02;-0,01;-0,01;-0,02;-0,02;-0,02;-0,02;0,0;0,0;-0,01;-0,01;-0,02;-0,02;-0,01;-0,01;0,0;0,0
07.07.2026;01:15;01:30;0,0;0,0;0,0;0,0;0,0;0,0;-0,18;-0,18;0,0;0,0;-0,01;-0,01;-0,03;-0,03;0,0;0,0;-0,01;-0,01;-0,02;-0,02;-0,01;-0,01;-0,01;-0,01;0,0;0,0;-0,01;-0,01;-0,01;-0,01;-0,01;-0,01;-0,02;-0,02;-0,01;-0,01;-0,01;-0,01;-0,02;-0,02;-0,01;-0,01;-0,01;-0,01;-0,01;-0,01;-0,03;-0,03;-0,01;-0,01;-0,01;-0,01;-0,02;-0,02;0,0;0,0
07.07.2026;01:30;01:45;0,0;0,0;0,0;0,0;0,0;0,0;-0,21;-0,21;0,0;0,0;0,0;0,0;-0,04;-0,04;-0,04;-0,04;-0,02;-0,02;-0,02;-0,02;-0,02;-0,02;-0,01;-0,01;0,0;0,0;-0,01;-0,01;-0,01;-0,01;-0,01;-0,01;-0,02;-0,02;-0,01;-0,01;-0,01;-0,01;-0,02;-0,02;-0,01;-0,01;-0,01;-0,01;-0,01;-0,01;-0,02;-0,02;-0,01;-0,01;0,0;0,0;-0,01;-0,01;0,0;0,0
07.07.2026;01:45;02:00;0,0;0,0;-0,01;-0,01;-0,02;-0,02;-0,22;-0,22;0,0;0,0;0,0;0,0;-0,04;-0,04;-0,05;-0,05;-0,02;-0,02;-0,01;-0,01;-0,01;-0,01;0,0;0,0;0,0;0,0;-0,02;-0,02;-0,01;-0,01;-0,01;-0,01;-0,02;-0,02;-0,01;-0,01;-0,01;-0,01;-0,02;-0,02;0,0;0,0;-0,01;-0,01;-0,01;-0,01;-0,02;-0,02;-0,01;-0,01;-0,02;-0,02;-0,01;-0,01;0,0;0,0
07.07.2026;02:00;02:15;0,0;0,0;0,0;0,0;-0,01;-0,01;-0,16;-0,16;0,0;0,0;0,0;0,0;-0,04;-0,04;-0,03;-0,03;-0,01;-0,01;-0,02;-0,02;-0,02;-0,02;-0,02;-0,02;0,0;0,0;0,0;0,0;0,0;0,0;-0,01;-0,01;-0,03;-0,03;-0,02;-0,02;-0,01;-0,01;-0,02;-0,02;-0,02;-0,02;-0,03;-0,03;0,0;0,0;-0,02;-0,02;0,0;0,0;0,0;0,0;-0,01;-0,01;0,0;0,0
07.07.2026;02:15;02:30;0,0;0,0;0,0;0,0;-0,01;-0,01;-0,13;-0,13;0,0;0,0;-0,01;-0,01;-0,03;-0,03;-0,02;-0,02;-0,02;-0,02;-0,02;-0,02;-0,01;-0,01;0,0;0,0;0,0;0,0;-0,01;-0,01;-0,01;-0,01;-0,01;-0,01;-0,03;-0,03;-0,01;-0,01;-0,01;-0,01;-0,02;-0,02;-0,01;-0,01;-0,01;-0,01;-0,02;-0,02;-0,03;-0,03;-0,01;-0,01;-0,01;-0,01;-0,01;-0,01;0,0;0,0
07.07.2026;02:30;02:45;0,0;0,0;0,0;0,0;-0,01;-0,01;-0,19;-0,19;0,0;0,0;0,0;0,0;-0,04;-0,04;-0,02;-0,02;-0,02;-0,02;-0,02;-0,02;-0,02;-0,02;-0,01;-0,01;0,0;0,0;-0,01;-0,01;-0,01;-0,01;-0,01;-0,01;-0,02;-0,02;0,0;0,0;-0,01;-0,01;-0,02;-0,02;0,0;0,0;-0,01;-0,01;-0,01;-0,01;-0,02;-0,02;-0,01;-0,01;-0,01;-0,01;-0,02;-0,02;0,0;0,0
07.07.2026;02:45;03:00;0,0;0,0;-0,01;-0,01;0,0;0,0;-0,16;-0,16;0,0;0,0;0,0;0,0;-0,04;-0,04;-0,02;-0,02;-0,02;-0,02;0,0;0,0;-0,01;-0,01;-0,01;-0,01;0,0;0,0;-0,01;-0,01;-0,01;-0,01;-0,01;-0,01;-0,03;-0,03;-0,01;-0,01;-0,01;-0,01;-0,02;-0,02;-0,02;-0,02;-0,01;-0,01;-0,01;-0,01;0,0;0,0;-0,01;-0,01;-0,02;-0,02;-0,01;-0,01;0,0;0,0
07.07.2026;03:00;03:15;0,0;0,0;0,0;0,0;-0,01;-0,01;-0,15;-0,15;0,0;0,0;-0,01;-0,01;-0,03;-0,03;-0,01;-0,01;-0,02;-0,02;-0,01;-0,01;-0,01;-0,01;0,0;0,0;0,0;0,0;-0,01;-0,01;-0,01;-0,01;-0,01;-0,01;-0,02;-0,02;-0,01;-0,01;-0,02;-0,02;-0,02;-0,02;0,0;0,0;-0,02;-0,02;-0,01;-0,01;-0,02;-0,02;-0,01;-0,01;-0,01;-0,01;-0,01;-0,01;0,0;0,0
07.07.2026;03:15;03:30;0,0;0,0;0,0;0,0;-0,02;-0,02;-0,16;-0,16;0,0;0,0;0,0;0,0;-0,04;-0,04;-0,02;-0,02;-0,03;-0,03;0,0;0,0;0,0;0,0;-0,01;-0,01;0,0;0,0;-0,01;-0,01;-0,01;-0,01;-0,01;-0,01;-0,02;-0,02;-0,01;-0,01;-0,01;-0,01;-0,02;-0,02;-0,01;-0,01;-0,03;-0,03;-0,01;-0,01;-0,01;-0,01;-0,01;-0,01;-0,01;-0,01;-0,02;-0,02;0,0;0,0
07.07.2026;03:30;03:45;0,0;0,0;0,0;0,0;-0,01;-0,01;-0,15;-0,15;0,0;0,0;0,0;0,0;-0,04;-0,04;-0,01;-0,01;-0,02;-0,02;-0,01;-0,01;-0,01;-0,01;-0,01;-0,01;0,0;0,0;-0,01;-0,01;-0,01;-0,01;-0,01;-0,01;-0,03;-0,03;-0,02;-0,02;0,0;0,0;-0,02;-0,02;-0,01;-0,01;-0,01;-0,01;-0,01;-0,01;0,0;0,0;-0,01;-0,01;-0,01;-0,01;-0,01;-0,01;0,0;0,0
07.07.2026;03:45;04:00;0,0;0,0;-0,01;-0,01;-0,01;-0,01;-0,06;-0,06;0,0;0,0;-0,01;-0,01;-0,03;-0,03;-0,01;-0,01;-0,01;-0,01;0,0;0,0;0,0;0,0;0,0;0,0;0,0;0,0;-0,01;-0,01;-0,01;-0,01;-0,01;-0,01;-0,02;-0,02;0,0;0,0;-0,02;-0,02;-0,02;-0,02;-0,01;-0,01;-0,01;-0,01;-0,01;-0,01;-0,01;-0,01;-0,01;-0,01;-0,01;-0,01;-0,01;-0,01;0,0;0,0
07.07.2026;04:00;04:15;0,0;0,0;0,0;0,0;0,0;0,0;-0,06;-0,06;-0,01;-0,01;0,0;0,0;-0,05;-0,05;-0,02;-0,02;-0,02;-0,02;0,0;0,0;-0,02;-0,02;-0,01;-0,01;-0,01;-0,01;0,0;0,0;-0,01;-0,01;-0,01;-0,01;-0,02;-0,02;-0,01;-0,01;-0,01;-0,01;-0,02;-0,02;0,0;0,0;-0,01;-0,01;-0,01;-0,01;-0,02;-0,02;-0,01;-0,01;-0,01;-0,01;-0,01;-0,01;0,0;0,0
07.07.2026;04:15;04:30;0,0;0,0;0,0;0,0;-0,01;-0,01;-0,06;-0,06;0,0;0,0;0,0;0,0;-0,05;-0,05;0,0;0,0;-0,02;-0,02;-0,01;-0,01;-0,02;-0,02;-0,01;-0,01;0,0;0,0;-0,01;-0,01;-0,01;-0,01;-0,01;-0,01;-0,01;-0,01;-0,01;-0,01;0,0;0,0;-0,02;-0,02;-0,02;-0,02;-0,02;-0,02;-0,01;-0,01;0,0;0,0;-0,01;-0,01;0,0;0,0;-0,02;-0,02;0,0;0,0
07.07.2026;04:30;04:45;0,0;0,0;0,0;0,0;-0,01;-0,01;-0,06;-0,06;0,0;0,0;0,0;0,0;-0,03;-0,03;-0,02;-0,02;-0,02;-0,02;-0,02;-0,02;-0,01;-0,01;-0,01;-0,01;0,0;0,0;-0,02;-0,02;-0,01;-0,01;0,0;0,0;-0,01;-0,01;-0,01;-0,01;-0,02;-0,02;-0,02;-0,02;-0,01;-0,01;-0,02;-0,02;-0,01;-0,01;-0,01;-0,01;-0,01;-0,01;-0,02;-0,02;-0,01;-0,01;0,0;0,0
07.07.2026;04:45;05:00;0,0;0,0;0,0;0,0;-0,02;-0,02;-0,07;-0,07;0,0;0,0;-0,01;-0,01;-0,04;-0,04;0,0;0,0;-0,01;-0,01;-0,02;-0,02;-0,01;-0,01;0,0;0,0;0,0;0,0;-0,04;-0,04;-0,02;-0,02;-0,01;-0,01;0,0;0,0;-0,02;-0,02;-0,01;-0,01;-0,02;-0,02;0,0;0,0;-0,02;-0,02;-0,03;-0,03;-0,02;-0,02;-0,01;-0,01;-0,01;-0,01;-0,01;-0,01;0,0;0,0
07.07.2026;05:00;05:15;0,0;0,0;-0,01;-0,01;0,0;0,0;-0,06;-0,06;0,0;0,0;0,0;0,0;-0,04;-0,04;-0,02;-0,02;-0,01;-0,01;-0,01;-0,01;-0,02;-0,02;-0,01;-0,01;0,0;0,0;-0,01;-0,01;-0,11;-0,11;-0,01;-0,01;-0,01;-0,01;0,0;0,0;0,0;0,0;-0,03;-0,03;-0,02;-0,02;-0,01;-0,01;-0,02;-0,02;-0,01;-0,01;-0,01;-0,01;-0,02;-0,02;-0,02;-0,02;0,0;0,0
07.07.2026;05:15;05:30;0,0;0,0;0,0;0,0;-0,01;-0,01;-0,12;-0,12;0,0;0,0;0,0;0,0;-0,04;-0,04;0,0;0,0;-0,03;-0,03;-0,02;-0,02;-0,01;-0,01;-0,01;-0,01;0,0;0,0;-0,02;-0,02;-0,03;-0,03;-0,01;-0,01;-0,01;-0,01;-0,01;-0,01;-0,02;-0,02;-0,04;-0,04;0,0;0,0;-0,01;-0,01;-0,02;-0,02;0,0;0,0;-0,01;-0,01;0,0;0,0;-0,03;-0,03;0,0;0,0
07.07.2026;05:30;05:45;0,03;0,03;0,0;0,0;0,0;0,0;-0,08;-0,08;0,0;0,0;-0,01;-0,01;-0,04;-0,04;-0,02;-0,02;-0,02;-0,02;-0,02;-0,02;-0,01;-0,01;0,0;0,0;0,0;0,0;-0,02;-0,02;-0,01;-0,01;-0,01;-0,01;-0,01;-0,01;-0,01;-0,01;-0,01;-0,01;-0,02;-0,02;-0,01;-0,01;-0,02;-0,02;-0,01;-0,01;-0,01;-0,01;-0,01;-0,01;-0,01;-0,01;-0,05;-0,05;0,0;0,0
07.07.2026;05:45;06:00;0,07;0,07;0,0;0,0;-0,02;-0,02;-0,2;-0,2;0,0;0,0;0,0;0,0;-0,04;-0,04;0,0;0,0;-0,02;-0,02;-0,01;-0,01;-0,01;-0,01;-0,03;-0,03;0,0;0,0;-0,03;-0,03;-0,01;-0,01;-0,01;-0,01;-0,01;-0,01;-0,01;-0,01;-0,01;-0,01;-0,02;-0,02;-0,01;-0,01;-0,02;-0,02;-0,02;-0,02;-0,02;-0,02;-0,01;-0,01;-0,01;-0,01;-0,01;-0,01;0,0;0,0
07.07.2026;06:00;06:15;0,14;0,11;-0,01;-0,01;-0,04;-0,04;-0,08;-0,05;0,0;0,0;0,0;0,0;-0,04;-0,04;-0,04;-0,04;-0,01;-0,01;-0,02;-0,02;0,0;0,0;-0,1;-0,1;0,0;0,0;-0,01;-0,01;0,0;0,0;-0,01;-0,01;0,0;0,0;-0,01;-0,01;-0,01;-0,01;-0,02;-0,02;-0,01;-0,01;-0,01;-0,01;-0,02;-0,02;0,0;0,0;-0,02;-0,02;-0,01;-0,01;-0,02;-0,02;0,0;0,0
07.07.2026;06:15;06:30;0,34;0,11;0,0;0,0;-0,24;-0,23;-0,17;-0,14;0,0;0,0;-0,01;0,0;-0,04;-0,03;-0,02;-0,01;-0,01;0,0;0,0;0,0;-0,01;0,0;-0,02;-0,01;0,0;0,0;-0,03;-0,02;-0,01;0,0;-0,01;0,0;-0,01;0,0;-0,01;0,0;-0,01;0,0;-0,02;-0,01;-0,01;0,0;-0,01;0,0;-0,01;0,0;-0,01;0,0;-0,01;0,0;0,0;0,0;-0,01;0,0;0,0;0,0
07.07.2026;06:30;06:45;0,42;0,14;0,0;0,0;-0,03;-0,02;-0,11;-0,04;0,0;0,0;0,0;0,0;-0,04;-0,03;-0,02;-0,01;-0,03;-0,02;-0,01;0,0;-0,01;0,0;-0,01;0,0;0,0;0,0;-0,01;0,0;-0,01;0,0;-0,01;0,0;-0,01;0,0;-0,01;0,0;-0,01;0,0;-0,02;-0,01;-0,01;0,0;-0,01;0,0;-0,01;0,0;-0,02;-0,01;-0,01;0,0;-0,02;-0,01;-0,01;0,0;0,0;0,0
07.07.2026;06:45;07:00;0,47;0,18;0,0;0,0;-0,16;-0,15;-0,09;0,0;0,0;0,0;0,0;0,0;-0,03;-0,02;-0,03;-0,02;-0,02;-0,01;0,0;0,0;-0,02;-0,01;-0,01;0,0;0,0;0,0;-0,28;-0,27;-0,01;0,0;-0,01;0,0;-0,01;0,0;-0,01;0,0;-0,12;-0,11;-0,02;-0,01;-0,01;0,0;-0,02;-0,01;-0,02;-0,01;-0,01;0,0;-0,01;0,0;-0,01;0,0;-0,01;0,0;0,0;0,0
07.07.2026;07:00;07:15;0,62;0,21;0,0;0,0;-0,06;-0,04;-0,24;-0,12;0,0;0,0;0,0;0,0;-0,04;-0,02;-0,01;0,0;-0,02;0,0;-0,01;0,0;-0,01;0,0;-0,01;0,0;0,0;0,0;-0,21;-0,19;-0,01;0,0;-0,01;0,0;0,0;0,0;-0,01;0,0;-0,18;-0,16;-0,11;-0,09;-0,01;0,0;-0,03;-0,01;-0,01;0,0;-0,01;0,0;-0,01;0,0;-0,02;0,0;-0,02;0,0;0,0;0,0
07.07.2026;07:15;07:30;0,66;0,19;-0,01;0,0;-0,05;-0,02;-0,24;-0,14;0,0;0,0;-0,01;0,0;-0,11;-0,08;-0,06;-0,03;-0,02;0,0;-0,02;0,0;-0,02;0,0;0,0;0,0;0,0;0,0;-0,27;-0,24;-0,01;0,0;-0,01;0,0;-0,01;0,0;-0,01;0,0;-0,02;0,0;-0,02;0,0;-0,01;0,0;-0,01;0,0;-0,01;0,0;0,0;0,0;-0,03;0,0;0,0;0,0;-0,04;-0,01;0,0;0,0
07.07.2026;07:30;07:45;0,81;0,28;0,0;0,0;-0,01;0,0;-0,18;0,0;0,0;0,0;0,0;0,0;-0,08;-0,02;-0,02;0,0;-0,01;0,0;-0,01;0,0;-0,01;0,0;-0,01;0,0;0,0;0,0;-0,01;0,0;-0,01;0,0;-0,01;0,0;-0,01;0,0;-0,01;0,0;-0,01;0,0;-0,02;0,0;-0,01;0,0;-0,01;0,0;-0,01;0,0;-0,03;0,0;-0,14;-0,08;-0,01;0,0;-0,01;0,0;0,0;0,0
07.07.2026;07:45;08:00;0,97;0,5;0,0;0,0;-0,02;0,0;-0,07;0,0;0,0;0,0;0,0;0,0;-0,1;-0,01;-0,02;0,0;-0,02;0,0;-0,02;0,0;-0,01;0,0;-0,01;0,0;0,0;0,0;0,0;0,0;-0,01;0,0;-0,01;0,0;-0,01;0,0;-0,01;0,0;-0,01;0,0;-0,02;0,0;-0,01;0,0;-0,01;0,0;-0,01;0,0;0,0;0,0;-0,01;0,0;-0,01;0,0;-0,41;-0,32;0,0;0,0
07.07.2026;08:00;08:15;1,44;0,92;0,0;0,0;-0,02;0,0;-0,07;0,0;0,0;0,0;-0,01;0,0;-0,1;0,0;-0,02;0,0;-0,02;0,0;-0,02;0,0;-0,02;0,0;0,0;0,0;0,0;0,0;-0,01;0,0;-0,01;0,0;0,0;0,0;-0,01;0,0;0,0;0,0;-0,02;0,0;-0,02;0,0;0,0;0,0;-0,02;0,0;-0,01;0,0;-0,01;0,0;-0,01;0,0;-0,01;0,0;-0,11;0,0;0,0;0,0
07.07.2026;08:15;08:30;1,56;1,05;-0,01;0,0;-0,01;0,0;-0,14;0,0;0,0;0,0;0,0;0,0;-0,05;0,0;-0,02;0,0;-0,02;0,0;-0,01;0,0;0,0;0,0;-0,02;0,0;0,0;0,0;-0,02;0,0;-0,01;0,0;-0,02;0,0;0,0;0,0;-0,02;0,0;-0,01;0,0;-0,02;0,0;-0,02;0,0;-0,03;0,0;-0,01;0,0;-0,01;0,0;-0,02;0,0;-0,01;0,0;-0,03;0,0;0,0;0,0
07.07.2026;08:30;08:45;2,13;1,68;0,0;0,0;-0,01;0,0;-0,18;0,0;0,0;0,0;0,0;0,0;-0,04;0,0;-0,02;0,0;-0,01;0,0;-0,01;0,0;0,0;0,0;0,0;0,0;0,0;0,0;0,0;0,0;-0,01;0,0;-0,01;0,0;-0,04;0,0;-0,01;0,0;-0,02;0,0;-0,02;0,0;0,0;0,0;0,0;0,0;-0,01;0,0;-0,01;0,0;0,0;0,0;-0,01;0,0;-0,04;0,0;0,0;0,0
07.07.2026;08:45;09:00;0,95;0,52;0,0;0,0;0,0;0,0;-0,08;0,0;0,0;0,0;-0,01;0,0;-0,04;0,0;-0,03;0,0;-0,02;0,0;-0,01;0,0;-0,01;0,0;-0,01;0,0;0,0;0,0;-0,01;0,0;-0,01;0,0;0,0;0,0;-0,02;0,0;-0,01;0,0;-0,01;0,0;-0,03;0,0;-0,01;0,0;-0,01;0,0;-0,01;0,0;-0,01;0,0;0,0;0,0;-0,02;0,0;-0,07;0,0;0,0;0,0
07.07.2026;09:00;09:15;0,03;0,03;0,0;0,0;-0,01;-0,01;-0,09;-0,09;-0,01;-0,01;0,0;0,0;-0,03;-0,03;-0,04;-0,04;-0,02;-0,02;0,0;0,0;-0,01;-0,01;-0,01;-0,01;-0,01;-0,01;-0,01;-0,01;0,0;0,0;-0,02;-0,02;-0,05;-0,05;-0,01;-0,01;-0,01;-0,01;-0,02;-0,02;-0,02;-0,02;-0,02;-0,02;-0,01;-0,01;-0,01;-0,01;0,0;0,0;-0,01;-0,01;-0,1;-0,1;0,0;0,0
07.07.2026;09:15;09:30;1,07;0,52;0,0;0,0;-0,01;0,0;-0,07;0,0;0,0;0,0;0,0;0,0;-0,04;0,0;-0,03;0,0;-0,02;0,0;-0,02;0,0;-0,02;0,0;0,0;0,0;0,0;0,0;-0,02;0,0;-0,01;0,0;-0,01;0,0;-0,35;-0,25;0,0;0,0;-0,02;0,0;-0,02;0,0;0,0;0,0;-0,02;0,0;-0,02;0,0;-0,01;0,0;-0,01;0,0;0,0;0,0;-0,12;-0,02;0,0;0,0
07.07.2026;09:30;09:45;1,87;1,36;-0,01;0,0;-0,01;0,0;-0,07;0,0;0,0;0,0;0,0;0,0;-0,04;0,0;-0,02;0,0;-0,02;0,0;0,0;0,0;-0,02;0,0;-0,01;0,0;0,0;0,0;0,0;0,0;-0,02;0,0;0,0;0,0;-0,07;0,0;-0,01;0,0;0,0;0,0;-0,02;0,0;-0,01;0,0;-0,02;0,0;0,0;0,0;-0,01;0,0;-0,02;0,0;-0,01;0,0;-0,12;0,0;0,0;0,0
07.07.2026;09:45;10:00;2,79;2,23;0,0;0,0;-0,01;0,0;-0,12;0,0;0,0;0,0;-0,01;0,0;-0,03;0,0;-0,02;0,0;-0,02;0,0;-0,01;0,0;-0,01;0,0;-0,01;0,0;0,0;0,0;-0,01;0,0;-0,01;0,0;-0,02;0,0;-0,02;0,0;-0,02;0,0;-0,01;0,0;-0,02;0,0;-0,01;0,0;-0,01;0,0;-0,02;0,0;-0,01;0,0;-0,01;0,0;-0,02;0,0;-0,13;0,0;0,0;0,0
07.07.2026;10:00;10:15;1,67;1,19;0,0;0,0;-0,01;0,0;-0,06;0,0;0,0;0,0;0,0;0,0;-0,04;0,0;-0,02;0,0;-0,02;0,0;-0,01;0,0;-0,01;0,0;-0,01;0,0;0,0;0,0;-0,01;0,0;-0,04;0,0;0,0;0,0;-0,02;0,0;-0,01;0,0;-0,02;0,0;-0,02;0,0;-0,01;0,0;-0,01;0,0;-0,01;0,0;-0,01;0,0;-0,01;0,0;0,0;0,0;-0,13;0,0;0,0;0,0
07.07.2026;10:15;10:30;2,52;2,08;0,0;0,0;-0,01;0,0;-0,06;0,0;0,0;0,0;0,0;0,0;-0,04;0,0;-0,01;0,0;-0,04;0,0;0,0;0,0;-0,02;0,0;0,0;0,0;0,0;0,0;-0,01;0,0;-0,01;0,0;-0,01;0,0;-0,01;0,0;-0,01;0,0;-0,01;0,0;-0,02;0,0;-0,01;0,0;-0,02;0,0;-0,01;0,0;-0,01;0,0;-0,01;0,0;-0,01;0,0;-0,11;0,0;0,0;0,0
07.07.2026;10:30;10:45;3,33;2,94;-0,01;0,0;0,0;0,0;-0,07;0,0;0,0;0,0;-0,01;0,0;-0,03;0,0;-0,03;0,0;-0,03;0,0;-0,01;0,0;-0,01;0,0;-0,01;0,0;0,0;0,0;-0,01;0,0;-0,01;0,0;-0,02;0,0;-0,01;0,0;0,0;0,0;-0,01;0,0;-0,02;0,0;-0,01;0,0;-0,02;0,0;-0,01;0,0;-0,01;0,0;-0,01;0,0;-0,01;0,0;-0,03;0,0;0,0;0,0
07.07.2026;10:45;11:00;2,34;1,75;0,0;0,0;-0,01;0,0;-0,07;0,0;0,0;0,0;0,0;0,0;-0,04;0,0;-0,02;0,0;-0,03;0,0;-0,02;0,0;0,0;0,0;-0,01;0,0;0,0;0,0;0,0;0,0;-0,01;0,0;0,0;0,0;-0,26;0,0;-0,01;0,0;-0,01;0,0;-0,02;0,0;0,0;0,0;-0,02;0,0;-0,01;0,0;-0,01;0,0;-0,01;0,0;-0,02;0,0;-0,01;0,0;0,0;0,0
07.07.2026;11:00;11:15;1,44;1,05;0,0;0,0;-0,02;0,0;-0,07;0,0;0,0;0,0;0,0;0,0;-0,03;0,0;-0,04;0,0;-0,01;0,0;-0,02;0,0;0,0;0,0;0,0;0,0;0,0;0,0;-0,02;0,0;-0,01;0,0;-0,01;0,0;-0,02;0,0;-0,02;0,0;-0,01;0,0;-0,02;0,0;-0,02;0,0;-0,01;0,0;-0,01;0,0;-0,01;0,0;-0,01;0,0;-0,01;0,0;-0,02;0,0;0,0;0,0
07.07.2026;11:15;11:30;1,34;0,78;0,0;0,0;-0,01;0,0;-0,06;0,0;0,0;0,0;-0,01;0,0;-0,04;0,0;-0,25;-0,12;-0,03;0,0;-0,01;0,0;-0,01;0,0;-0,02;0,0;0,0;0,0;-0,01;0,0;-0,02;0,0;-0,01;0,0;-0,01;0,0;-0,01;0,0;-0,04;0,0;-0,02;0,0;0,0;0,0;-0,01;0,0;-0,01;0,0;-0,01;0,0;-0,02;0,0;-0,01;0,0;-0,06;0,0;0,0;0,0
07.07.2026;11:30;11:45;1,6;0,96;0,0;0,0;-0,01;0,0;-0,06;0,0;0,0;0,0;0,0;0,0;-0,04;0,0;-0,24;-0,06;-0,03;0,0;-0,02;0,0;-0,02;0,0;0,0;0,0;0,0;0,0;0,0;0,0;-0,03;0,0;-0,01;0,0;-0,01;0,0;-0,01;0,0;-0,02;0,0;-0,02;0,0;-0,01;0,0;-0,02;0,0;-0,01;0,0;-0,01;0,0;-0,01;0,0;-0,01;0,0;-0,11;0,0;0,0;0,0
07.07.2026;11:45;12:00;2,19;1,51;-0,01;0,0;0,0;0,0;-0,06;0,0;0,0;0,0;0,0;0,0;-0,03;0,0;-0,33;-0,05;-0,02;0,0;-0,02;0,0;-0,01;0,0;-0,01;0,0;0,0;0,0;-0,01;0,0;-0,03;0,0;-0,01;0,0;0,0;0,0;0,0;0,0;-0,03;0,0;-0,02;0,0;-0,02;0,0;-0,02;0,0;-0,01;0,0;-0,01;0,0;-0,01;0,0;-0,01;0,0;-0,06;0,0;0,0;0,0
07.07.2026;12:00;12:15;2,24;1,75;0,0;0,0;-0,01;0,0;-0,06;0,0;0,0;0,0;0,0;0,0;-0,04;0,0;-0,11;0,0;-0,01;0,0;-0,01;0,0;-0,02;0,0;-0,01;0,0;0,0;0,0;-0,02;0,0;-0,04;0,0;-0,01;0,0;-0,01;0,0;-0,01;0,0;-0,03;0,0;-0,02;0,0;0,0;0,0;-0,01;0,0;-0,01;0,0;-0,01;0,0;-0,02;0,0;0,0;0,0;-0,03;0,0;0,0;0,0
07.07.2026;12:15;12:30;1,99;1,59;0,0;0,0;-0,01;0,0;-0,07;0,0;0,0;0,0;-0,01;0,0;-0,05;0,0;-0,03;0,0;-0,02;0,0;-0,01;0,0;-0,01;0,0;0,0;0,0;0,0;0,0;0,0;0,0;-0,03;0,0;-0,01;0,0;-0,01;0,0;-0,01;0,0;-0,02;0,0;-0,02;0,0;-0,01;0,0;-0,01;0,0;-0,01;0,0;-0,02;0,0;-0,01;0,0;-0,01;0,0;-0,02;0,0;0,0;0,0
07.07.2026;12:30;12:45;1,3;0,86;0,0;0,0;-0,01;0,0;-0,08;0,0;0,0;0,0;0,0;0,0;-0,04;0,0;-0,03;0,0;-0,02;0,0;0,0;0,0;-0,02;0,0;-0,02;0,0;0,0;0,0;-0,01;0,0;-0,04;0,0;-0,01;0,0;-0,01;0,0;-0,02;0,0;-0,03;0,0;-0,02;0,0;-0,01;0,0;-0,01;0,0;-0,01;0,0;0,0;0,0;-0,01;0,0;-0,02;0,0;-0,02;0,0;0,0;0,0
07.07.2026;12:45;13:00;0,53;0,21;-0,01;0,0;-0,02;-0,01;-0,12;-0,01;0,0;0,0;0,0;0,0;-0,03;-0,02;-0,34;-0,33;-0,01;0,0;-0,01;0,0;-0,01;0,0;0,0;0,0;0,0;0,0;-0,01;0,0;-0,04;-0,03;-0,01;0,0;-0,01;0,0;-0,01;0,0;-0,02;-0,01;-0,09;-0,08;-0,01;0,0;-0,03;-0,02;-0,01;0,0;-0,01;0,0;-0,02;-0,01;-0,02;-0,01;-0,04;-0,03;0,0;0,0
07.07.2026;13:00;13:15;0,91;0,51;0,0;0,0;-0,01;0,0;-0,06;0,0;0,0;0,0;-0,01;0,0;-0,05;0,0;-0,04;0,0;-0,02;0,0;0,0;0,0;-0,01;0,0;-0,01;0,0;0,0;0,0;-0,02;0,0;-0,03;0,0;-0,01;0,0;0,0;0,0;0,0;0,0;-0,02;0,0;-0,02;0,0;0,0;0,0;-0,02;0,0;-0,01;0,0;-0,02;0,0;-0,01;0,0;0,0;0,0;-0,03;0,0;0,0;0,0
07.07.2026;13:15;13:30;1,01;0,56;0,0;0,0;0,0;0,0;-0,06;0,0;0,0;0,0;0,0;0,0;-0,04;0,0;-0,13;-0,03;-0,02;0,0;-0,01;0,0;-0,01;0,0;-0,01;0,0;0,0;0,0;0,0;0,0;-0,04;0,0;-0,01;0,0;-0,01;0,0;-0,01;0,0;-0,03;0,0;-0,02;0,0;-0,02;0,0;-0,01;0,0;-0,01;0,0;-0,01;0,0;-0,01;0,0;-0,01;0,0;-0,01;0,0;0,0;0,0
07.07.2026;13:30;13:45;1,27;0,95;0,0;0,0;0,0;0,0;-0,07;0,0;0,0;0,0;0,0;0,0;-0,04;0,0;-0,03;0,0;0,0;0,0;-0,03;0,0;0,0;0,0;0,0;0,0;0,0;0,0;0,0;0,0;-0,03;0,0;-0,01;0,0;-0,01;0,0;-0,01;0,0;-0,02;0,0;-0,02;0,0;0,0;0,0;-0,01;0,0;-0,01;0,0;0,0;0,0;-0,01;0,0;-0,01;0,0;-0,01;0,0;0,0;0,0
07.07.2026;13:45;14:00;1,28;0,78;-0,01;0,0;-0,02;0,0;-0,07;0,0;0,0;0,0;-0,01;0,0;-0,03;0,0;-0,05;0,0;-0,02;0,0;-0,05;0,0;0,0;0,0;-0,01;0,0;0,0;0,0;-0,02;0,0;-0,03;0,0;-0,01;0,0;-0,01;0,0;-0,01;0,0;-0,03;0,0;-0,02;0,0;-0,01;0,0;-0,01;0,0;-0,01;0,0;-0,01;0,0;-0,04;0,0;-0,01;0,0;-0,01;0,0;0,0;0,0
07.07.2026;14:00;14:15;2,1;1,23;0,0;0,0;-0,01;0,0;-0,07;0,0;-0,01;0,0;0,0;0,0;-0,04;0,0;-0,3;-0,06;-0,02;0,0;-0,18;0,0;-0,02;0,0;-0,01;0,0;-0,01;0,0;-0,01;0,0;-0,04;0,0;-0,01;0,0;-0,01;0,0;-0,02;0,0;-0,03;0,0;-0,02;0,0;-0,02;0,0;-0,03;0,0;-0,01;0,0;-0,02;0,0;-0,01;0,0;-0,01;0,0;-0,02;0,0;0,0;0,0
07.07.2026;14:15;14:30;1,37;0,84;0,0;0,0;-0,02;0,0;-0,09;0,0;0,0;0,0;0,0;0,0;-0,04;0,0;-0,04;0,0;-0,01;0,0;-0,26;-0,1;-0,01;0,0;0,0;0,0;0,0;0,0;-0,01;0,0;-0,03;0,0;-0,01;0,0;0,0;0,0;0,0;0,0;-0,02;0,0;-0,02;0,0;0,0;0,0;-0,02;0,0;-0,01;0,0;-0,01;0,0;-0,01;0,0;-0,01;0,0;-0,01;0,0;0,0;0,0
07.07.2026;14:30;14:45;1,43;0,84;0,0;0,0;0,0;0,0;-0,09;0,0;0,0;0,0;0,0;0,0;-0,04;0,0;-0,02;0,0;-0,02;0,0;-0,24;-0,07;-0,02;0,0;-0,02;0,0;0,0;0,0;-0,03;0,0;-0,01;0,0;-0,01;0,0;0,0;0,0;-0,01;0,0;-0,03;0,0;-0,02;0,0;-0,01;0,0;-0,01;0,0;-0,01;0,0;0,0;0,0;-0,01;0,0;-0,04;0,0;-0,02;0,0;0,0;0,0
07.07.2026;14:45;15:00;2,13;1,18;0,0;0,0;-0,01;0,0;-0,09;0,0;0,0;0,0;-0,01;0,0;-0,04;0,0;-0,03;0,0;-0,12;0,0;-0,26;-0,02;-0,01;0,0;0,0;0,0;0,0;0,0;-0,01;0,0;-0,01;0,0;-0,01;0,0;-0,02;0,0;-0,01;0,0;-0,01;0,0;-0,02;0,0;-0,01;0,0;-0,01;0,0;-0,01;0,0;-0,02;0,0;-0,01;0,0;-0,35;-0,11;-0,01;0,0;0,0;0,0
07.07.2026;15:00;15:15;2,39;1,57;-0,01;0,0;0,0;0,0;-0,14;0,0;0,0;0,0;0,0;0,0;-0,03;0,0;-0,05;0,0;-0,05;0,0;-0,27;0,0;-0,02;0,0;-0,01;0,0;0,0;0,0;-0,02;0,0;-0,01;0,0;-0,02;0,0;-0,01;0,0;-0,01;0,0;-0,02;0,0;-0,03;0,0;-0,01;0,0;-0,01;0,0;-0,01;0,0;-0,01;0,0;0,0;0,0;-0,07;0,0;-0,01;0,0;0,0;0,0
07.07.2026;15:15;15:30;1,87;0,97;0,0;0,0;-0,02;0,0;-0,27;0,0;0,0;0,0;0,0;0,0;-0,04;0,0;-0,03;0,0;-0,05;0,0;-0,27;-0,08;-0,01;0,0;-0,01;0,0;0,0;0,0;0,0;0,0;-0,01;0,0;-0,04;0,0;0,0;0,0;-0,02;0,0;-0,03;0,0;-0,03;0,0;-0,01;0,0;-0,03;0,0;-0,02;0,0;-0,01;0,0;0,0;0,0;-0,06;0,0;-0,02;0,0;0,0;0,0
07.07.2026;15:30;15:45;1,88;1,13;0,0;0,0;-0,01;0,0;-0,22;0,0;0,0;0,0;-0,01;0,0;-0,04;0,0;-0,02;0,0;-0,02;0,0;-0,52;-0,3;-0,01;0,0;0,0;0,0;0,0;0,0;-0,01;0,0;-0,01;0,0;-0,03;0,0;-0,01;0,0;0,0;0,0;-0,02;0,0;-0,03;0,0;-0,01;0,0;-0,02;0,0;0,0;0,0;0,0;0,0;-0,01;0,0;-0,04;0,0;-0,01;0,0;0,0;0,0
07.07.2026;15:45;16:00;1,79;0,99;0,0;0,0;-0,01;0,0;-0,21;0,0;0,0;0,0;0,0;0,0;-0,04;0,0;-0,02;0,0;-0,03;0,0;-0,26;-0,07;-0,02;0,0;-0,07;0,0;0,0;0,0;-0,01;0,0;-0,02;0,0;-0,03;0,0;0,0;0,0;-0,01;0,0;-0,02;0,0;-0,02;0,0;-0,01;0,0;0,0;0,0;-0,01;0,0;-0,02;0,0;-0,02;0,0;-0,03;0,0;-0,01;0,0;0,0;0,0
07.07.2026;16:00;16:15;2,03;1,02;-0,01;0,0;-0,01;0,0;-0,18;0,0;0,0;0,0;0,0;0,0;-0,03;0,0;-0,02;0,0;-0,03;0,0;-0,25;-0,03;0,0;0,0;-0,02;0,0;0,0;0,0;-0,02;0,0;-0,04;0,0;-0,03;0,0;-0,02;0,0;-0,01;0,0;-0,03;0,0;-0,02;0,0;-0,01;0,0;-0,01;0,0;-0,02;0,0;-0,01;0,0;-0,22;0,0;-0,04;0,0;-0,01;0,0;0,0;0,0
07.07.2026;16:15;16:30;1,71;1,24;0,0;0,0;0,0;0,0;-0,12;0,0;0,0;0,0;-0,01;0,0;-0,04;0,0;-0,03;0,0;-0,04;0,0;-0,02;0,0;0,0;0,0;-0,02;0,0;0,0;0,0;0,0;0,0;-0,04;0,0;-0,02;0,0;-0,01;0,0;-0,01;0,0;-0,01;0,0;-0,02;0,0;0,0;0,0;-0,02;0,0;0,0;0,0;-0,01;0,0;-0,02;0,0;-0,01;0,0;-0,02;0,0;0,0;0,0
07.07.2026;16:30;16:45;0,76;0,23;0,0;0,0;-0,01;0,0;-0,17;-0,02;0,0;0,0;0,0;0,0;-0,04;0,0;-0,02;0,0;-0,03;0,0;-0,02;0,0;-0,01;0,0;-0,02;0,0;0,0;0,0;0,0;0,0;-0,03;0,0;-0,03;0,0;0,0;0,0;-0,01;0,0;-0,03;0,0;-0,02;0,0;-0,02;0,0;-0,03;0,0;-0,02;0,0;-0,01;0,0;-0,01;0,0;-0,01;0,0;-0,01;0,0;0,0;0,0
07.07.2026;16:45;17:00;0,0;0,0;0,0;0,0;-0,01;-0,01;-0,19;-0,19;0,0;0,0;0,0;0,0;-0,03;-0,03;-0,02;-0,02;-0,04;-0,04;-0,01;-0,01;-0,01;-0,01;-0,02;-0,02;0,0;0,0;-0,02;-0,02;-0,04;-0,04;-0,02;-0,02;0,0;0,0;-0,01;-0,01;-0,03;-0,03;-0,02;-0,02;-0,01;-0,01;-0,01;-0,01;-0,01;-0,01;-0,01;-0,01;-0,01;-0,01;-0,01;-0,01;-0,01;-0,01;0,0;0,0
07.07.2026;17:00;17:15;0,14;0,11;0,0;0,0;-0,02;-0,02;-0,21;-0,18;0,0;0,0;0,0;0,0;-0,09;-0,09;-0,02;-0,02;-0,04;-0,04;0,0;0,0;-0,02;-0,02;-0,02;-0,02;0,0;0,0;-0,01;-0,01;-0,04;-0,04;-0,02;-0,02;-0,01;-0,01;-0,01;-0,01;-0,01;-0,01;-0,02;-0,02;0,0;0,0;-0,01;-0,01;-0,01;-0,01;-0,01;-0,01;-0,01;-0,01;-0,01;-0,01;-0,01;-0,01;0,0;0,0
07.07.2026;17:15;17:30;1,28;0,57;-0,01;0,0;-0,01;0,0;-0,23;0,0;0,0;0,0;-0,01;0,0;-0,48;-0,36;0,0;0,0;-0,05;0,0;0,0;0,0;-0,02;0,0;-0,02;0,0;0,0;0,0;-0,01;0,0;-0,04;0,0;-0,03;0,0;-0,01;0,0;0,0;0,0;-0,04;0,0;-0,02;0,0;-0,02;0,0;-0,01;0,0;-0,01;0,0;-0,01;0,0;-0,01;0,0;-0,01;0,0;-0,02;0,0;0,0;0,0
07.07.2026;17:30;17:45;1,16;0,55;0,0;0,0;0,0;0,0;-0,14;0,0;0,0;0,0;0,0;0,0;-0,36;-0,24;-0,02;0,0;-0,02;0,0;-0,01;0,0;-0,01;0,0;-0,02;0,0;0,0;0,0;0,0;0,0;-0,03;0,0;-0,02;0,0;-0,01;0,0;-0,02;0,0;-0,01;0,0;-0,11;0,0;0,0;0,0;-0,02;0,0;-0,01;0,0;-0,01;0,0;-0,01;0,0;-0,01;0,0;-0,01;0,0;0,0;0,0
07.07.2026;17:45;18:00;1,33;0,6;0,0;0,0;-0,01;0,0;-0,18;0,0;0,0;0,0;0,0;0,0;-0,07;0,0;-0,01;0,0;-0,03;0,0;0,0;0,0;-0,01;0,0;-0,02;0,0;0,0;0,0;-0,02;0,0;-0,04;0,0;-0,02;0,0;0,0;0,0;-0,01;0,0;-0,02;0,0;-0,24;-0,12;-0,01;0,0;-0,03;0,0;-0,01;0,0;-0,01;0,0;-0,01;0,0;-0,02;0,0;-0,08;0,0;0,0;0,0
07.07.2026;18:00;18:15;1,08;0,39;0,0;0,0;-0,01;0,0;-0,19;0,0;0,0;0,0;-0,01;0,0;-0,08;0,0;-0,02;0,0;-0,03;0,0;-0,01;0,0;-0,02;0,0;-0,02;0,0;0,0;0,0;-0,01;0,0;-0,03;0,0;-0,02;0,0;-0,01;0,0;-0,01;0,0;-0,03;0,0;-0,31;-0,23;-0,01;0,0;-0,01;0,0;-0,01;0,0;-0,01;0,0;-0,03;0,0;-0,01;0,0;-0,03;0,0;0,0;0,0
07.07.2026;18:15;18:30;0,55;0,17;-0,01;0,0;-0,01;0,0;-0,21;-0,12;0,0;0,0;0,0;0,0;-0,05;-0,03;-0,04;-0,02;-0,14;-0,12;0,0;0,0;-0,01;0,0;-0,03;-0,01;0,0;0,0;-0,01;0,0;-0,04;-0,02;-0,01;0,0;-0,01;0,0;-0,01;0,0;-0,02;0,0;-0,02;0,0;-0,01;0,0;-0,01;0,0;-0,01;0,0;-0,01;0,0;-0,01;0,0;-0,01;0,0;-0,04;-0,02;0,0;0,0
07.07.2026;18:30;18:45;0,62;0,19;0,0;0,0;-0,02;0,0;-0,24;-0,13;0,0;0,0;0,0;0,0;-0,05;-0,02;-0,04;-0,01;-0,19;-0,16;0,0;0,0;0,0;0,0;-0,01;0,0;0,0;0,0;-0,01;0,0;-0,04;-0,01;-0,01;0,0;-0,01;0,0;0,0;0,0;-0,03;0,0;-0,02;0,0;-0,01;0,0;-0,01;0,0;-0,01;0,0;-0,01;0,0;-0,01;0,0;-0,01;0,0;-0,03;0,0;0,0;0,0
07.07.2026;18:45;19:00;0,66;0,19;0,0;0,0;0,0;0,0;-0,24;-0,13;0,0;0,0;-0,01;0,0;-0,05;-0,03;-0,03;-0,01;-0,07;-0,05;-0,02;0,0;-0,01;0,0;-0,03;-0,01;0,0;0,0;-0,02;0,0;-0,04;-0,02;-0,01;0,0;-0,01;0,0;-0,02;0,0;-0,02;0,0;-0,02;0,0;-0,01;0,0;-0,03;-0,01;-0,06;-0,04;-0,02;0,0;-0,02;0,0;-0,01;0,0;-0,03;-0,01;0,0;0,0
07.07.2026;19:00;19:15;0,36;0,11;0,0;0,0;-0,01;0,0;-0,21;-0,16;-0,01;0,0;0,0;0,0;-0,05;-0,04;-0,1;-0,09;-0,05;-0,04;-0,18;-0,17;0,0;0,0;-0,02;-0,01;-0,01;0,0;-0,01;0,0;-0,04;-0,03;-0,01;0,0;0,0;0,0;-0,01;0,0;-0,01;0,0;-0,02;-0,01;-0,01;0,0;-0,02;-0,01;-0,05;-0,04;-0,01;0,0;-0,01;0,0;0,0;0,0;-0,03;-0,02;0,0;0,0
07.07.2026;19:15;19:30;0,27;0,19;0,0;0,0;0,0;0,0;-0,23;-0,15;0,0;0,0;0,0;0,0;-0,06;-0,06;-0,03;-0,03;-0,05;-0,05;-0,37;-0,37;-0,01;-0,01;-0,02;-0,02;0,0;0,0;0,0;0,0;-0,04;-0,04;-0,01;-0,01;-0,01;-0,01;-0,01;-0,01;-0,03;-0,03;-0,03;-0,03;-0,01;-0,01;0,0;0,0;-0,07;-0,07;-0,01;-0,01;-0,02;-0,02;-0,02;-0,02;-0,02;-0,02;0,0;0,0
07.07.2026;19:30;19:45;0,22;0,17;-0,01;-0,01;-0,01;-0,01;-0,16;-0,11;0,0;0,0;0,0;0,0;-0,04;-0,04;-0,03;-0,03;-0,02;-0,02;-0,23;-0,23;-0,02;-0,02;-0,03;-0,03;0,0;0,0;-0,01;-0,01;-0,03;-0,03;-0,01;-0,01;-0,01;-0,01;-0,01;-0,01;-0,02;-0,02;-0,03;-0,03;-0,01;-0,01;-0,01;-0,01;-0,05;-0,05;-0,02;-0,02;-0,01;-0,01;-0,02;-0,02;-0,04;-0,04;0,0;0,0
07.07.2026;19:45;20:00;0,12;0,11;0,0;0,0;-0,06;-0,06;-0,09;-0,08;0,0;0,0;-0,01;-0,01;-0,05;-0,05;-0,04;-0,04;-0,04;-0,04;-0,22;-0,22;-0,02;-0,02;-0,01;-0,01;0,0;0,0;-0,02;-0,02;-0,04;-0,04;-0,01;-0,01;-0,01;-0,01;0,0;0,0;-0,02;-0,02;-0,03;-0,03;-0,01;-0,01;-0,02;-0,02;-0,05;-0,05;-0,02;-0,02;-0,01;-0,01;-0,01;-0,01;-0,03;-0,03;0,0;0,0
07.07.2026;20:00;20:15;0,02;0,02;0,0;0,0;-0,2;-0,2;-0,08;-0,08;0,0;0,0;0,0;0,0;-0,05;-0,05;-0,03;-0,03;-0,06;-0,06;-0,27;-0,27;-0,01;-0,01;-0,02;-0,02;0,0;0,0;0,0;0,0;-0,39;-0,39;-0,01;-0,01;0,0;0,0;-0,01;-0,01;-0,03;-0,03;-0,1;-0,1;-0,01;-0,01;-0,03;-0,03;-0,05;-0,05;0,0;0,0;-0,01;-0,01;0,0;0,0;-0,04;-0,04;0,0;0,0
07.07.2026;20:15;20:30;0,0;0,0;0,0;0,0;-0,06;-0,06;-0,09;-0,09;0,0;0,0;0,0;0,0;-0,05;-0,05;-0,02;-0,02;-0,06;-0,06;-0,11;-0,11;-0,01;-0,01;-0,02;-0,02;0,0;0,0;-0,01;-0,01;-0,26;-0,26;-0,01;-0,01;0,0;0,0;-0,02;-0,02;-0,01;-0,01;-0,03;-0,03;0,0;0,0;-0,01;-0,01;-0,04;-0,04;-0,01;-0,01;-0,01;-0,01;-0,01;-0,01;-0,07;-0,07;0,0;0,0
07.07.2026;20:30;20:45;0,0;0,0;-0,01;-0,01;-0,03;-0,03;-0,06;-0,06;0,0;0,0;-0,01;-0,01;-0,06;-0,06;-0,03;-0,03;-0,04;-0,04;-0,22;-0,22;-0,02;-0,02;-0,01;-0,01;0,0;0,0;-0,01;-0,01;-0,19;-0,19;-0,01;-0,01;-0,01;-0,01;-0,01;-0,01;-0,03;-0,03;-0,02;-0,02;-0,02;-0,02;-0,01;-0,01;-0,05;-0,05;-0,03;-0,03;-0,01;-0,01;-0,02;-0,02;-0,05;-0,05;0,0;0,0
07.07.2026;20:45;21:00;0,0;0,0;0,0;0,0;-0,03;-0,03;-0,12;-0,12;0,0;0,0;0,0;0,0;-0,07;-0,07;-0,04;-0,04;-0,04;-0,04;-0,06;-0,06;-0,01;-0,01;-0,03;-0,03;0,0;0,0;-0,01;-0,01;-0,36;-0,36;-0,01;-0,01;-0,02;-0,02;-0,01;-0,01;-0,02;-0,02;-0,02;-0,02;0,0;0,0;-0,01;-0,01;-0,04;-0,04;-0,02;-0,02;-0,02;-0,02;0,0;0,0;-0,03;-0,03;0,0;0,0
07.07.2026;21:00;21:15;0,0;0,0;0,0;0,0;-0,12;-0,12;-0,08;-0,08;0,0;0,0;0,0;0,0;-0,04;-0,04;-0,06;-0,06;-0,05;-0,05;-0,04;-0,04;-0,01;-0,01;-0,07;-0,07;0,0;0,0;-0,01;-0,01;-0,3;-0,3;0,0;0,0;0,0;0,0;-0,01;-0,01;-0,02;-0,02;-0,03;-0,03;-0,01;-0,01;-0,02;-0,02;-0,05;-0,05;-0,02;-0,02;-0,01;-0,01;-0,03;-0,03;-0,03;-0,03;0,0;0,0
07.07.2026;21:15;21:30;0,0;0,0;0,0;0,0;-0,03;-0,03;-0,09;-0,09;0,0;0,0;-0,01;-0,01;-0,05;-0,05;-0,05;-0,05;-0,04;-0,04;-0,04;-0,04;0,0;0,0;-0,01;-0,01;0,0;0,0;0,0;0,0;-0,35;-0,35;-0,01;-0,01;-0,01;-0,01;0,0;0,0;-0,03;-0,03;-0,02;-0,02;-0,02;-0,02;-0,03;-0,03;-0,05;-0,05;-0,03;-0,03;-0,02;-0,02;-0,06;-0,06;-0,02;-0,02;0,0;0,0
07.07.2026;21:30;21:45;0,0;0,0;0,0;0,0;-0,03;-0,03;-0,09;-0,09;0,0;0,0;0,0;0,0;-0,04;-0,04;-0,04;-0,04;-0,07;-0,07;-0,04;-0,04;0,0;0,0;0,0;0,0;0,0;0,0;-0,01;-0,01;-0,23;-0,23;-0,01;-0,01;0,0;0,0;-0,01;-0,01;-0,01;-0,01;-0,03;-0,03;0,0;0,0;-0,01;-0,01;-0,04;-0,04;-0,04;-0,04;-0,02;-0,02;-0,33;-0,33;-0,04;-0,04;0,0;0,0
07.07.2026;21:45;22:00;0,0;0,0;-0,01;-0,01;-0,02;-0,02;-0,07;-0,07;0,0;0,0;0,0;0,0;-0,04;-0,04;-0,04;-0,04;-0,09;-0,09;-0,03;-0,03;-0,01;-0,01;-0,01;-0,01;0,0;0,0;-0,02;-0,02;-0,19;-0,19;-0,01;-0,01;-0,01;-0,01;-0,02;-0,02;-0,03;-0,03;-0,03;-0,03;0,0;0,0;-0,01;-0,01;-0,05;-0,05;-0,03;-0,03;-0,02;-0,02;-0,25;-0,25;-0,02;-0,02;0,0;0,0
07.07.2026;22:00;22:15;0,0;0,0;0,0;0,0;-0,03;-0,03;-0,09;-0,09;0,0;0,0;0,0;0,0;-0,04;-0,04;-0,03;-0,03;-0,02;-0,02;-0,04;-0,04;-0,02;-0,02;-0,01;-0,01;0,0;0,0;-0,01;-0,01;-0,03;-0,03;-0,01;-0,01;-0,01;-0,01;-0,01;-0,01;-0,02;-0,02;-0,04;-0,04;-0,02;-0,02;-0,01;-0,01;-0,04;-0,04;-0,01;-0,01;0,0;0,0;-0,22;-0,22;-0,02;-0,02;0,0;0,0
07.07.2026;22:15;22:30;0,0;0,0;0,0;0,0;-0,03;-0,03;-0,08;-0,08;0,0;0,0;-0,01;-0,01;-0,04;-0,04;-0,03;-0,03;-0,01;-0,01;-0,02;-0,02;-0,02;-0,02;0,0;0,0;0,0;0,0;0,0;0,0;-0,03;-0,03;-0,01;-0,01;-0,01;-0,01;-0,01;-0,01;-0,02;-0,02;-0,02;-0,02;-0,01;-0,01;-0,02;-0,02;-0,02;-0,02;-0,02;-0,02;-0,01;-0,01;-0,25;-0,25;-0,02;-0,02;0,0;0,0
07.07.2026;22:30;22:45;0,0;0,0;0,0;0,0;-0,03;-0,03;-0,06;-0,06;0,0;0,0;0,0;0,0;-0,04;-0,04;-0,03;-0,03;-0,03;-0,03;-0,02;-0,02;-0,01;-0,01;-0,02;-0,02;0,0;0,0;-0,01;-0,01;-0,01;-0,01;-0,01;-0,01;0,0;0,0;0,0;0,0;-0,02;-0,02;-0,02;-0,02;0,0;0,0;-0,03;-0,03;-0,01;-0,01;-0,01;-0,01;-0,02;-0,02;-0,23;-0,23;-0,01;-0,01;0,0;0,0
07.07.2026;22:45;23:00;0,0;0,0;-0,01;-0,01;-0,01;-0,01;-0,09;-0,09;0,0;0,0;0,0;0,0;-0,04;-0,04;-0,04;-0,04;-0,02;-0,02;-0,02;-0,02;-0,02;-0,02;0,0;0,0;0,0;0,0;-0,02;-0,02;-0,01;-0,01;-0,02;-0,02;-0,01;-0,01;-0,01;-0,01;-0,01;-0,01;-0,03;-0,03;-0,02;-0,02;0,0;0,0;-0,01;-0,01;-0,01;-0,01;-0,01;-0,01;-0,11;-0,11;-0,02;-0,02;0,0;0,0
07.07.2026;23:00;23:15;0,0;0,0;0,0;0,0;-0,02;-0,02;-0,13;-0,13;0,0;0,0;-0,01;-0,01;-0,04;-0,04;-0,03;-0,03;-0,01;-0,01;-0,02;-0,02;-0,01;-0,01;-0,01;-0,01;0,0;0,0;0,0;0,0;0,0;0,0;0,0;0,0;-0,01;-0,01;-0,01;-0,01;-0,01;-0,01;-0,02;-0,02;0,0;0,0;-0,01;-0,01;-0,01;-0,01;-0,01;-0,01;-0,01;-0,01;-0,06;-0,06;-0,01;-0,01;0,0;0,0
07.07.2026;23:15;23:30;0,0;0,0;0,0;0,0;-0,01;-0,01;-0,22;-0,22;0,0;0,0;0,0;0,0;-0,03;-0,03;-0,03;-0,03;-0,02;-0,02;-0,02;-0,02;-0,01;-0,01;-0,01;-0,01;0,0;0,0;-0,01;-0,01;-0,01;-0,01;-0,01;-0,01;-0,01;-0,01;-0,02;-0,02;-0,02;-0,02;-0,02;-0,02;-0,01;-0,01;-0,02;-0,02;-0,02;-0,02;-0,01;-0,01;-0,01;-0,01;-0,02;-0,02;-0,01;-0,01;0,0;0,0
07.07.2026;23:30;23:45;0,0;0,0;0,0;0,0;-0,01;-0,01;-0,13;-0,13;0,0;0,0;0,0;0,0;-0,04;-0,04;-0,02;-0,02;-0,01;-0,01;-0,02;-0,02;-0,01;-0,01;0,0;0,0;0,0;0,0;-0,01;-0,01;-0,02;-0,02;-0,02;-0,02;0,0;0,0;-0,01;-0,01;-0,01;-0,01;-0,02;-0,02;-0,02;-0,02;-0,02;-0,02;0,0;0,0;-0,01;-0,01;-0,01;-0,01;-0,01;-0,01;-0,01;-0,01;0,0;0,0
07.07.2026;23:45;00:00;0,0;0,0;-0,01;-0,01;0,0;0,0;-0,19;-0,19;0,0;0,0;-0,01;-0,01;-0,04;-0,04;-0,04;-0,04;-0,01;-0,01;-0,02;-0,02;0,0;0,0;-0,01;-0,01;0,0;0,0;-0,01;-0,01;-0,02;-0,02;0,0;0,0;-0,01;-0,01;0,0;0,0;-0,01;-0,01;-0,02;-0,02;0,0;0,0;-0,02;-0,02;-0,01;-0,01;-0,01;-0,01;-0,02;-0,02;-0,01;-0,01;-0,01;-0,01;0,0;0,0
08.07.2026;00:00;00:15;0,0;0,0;0,0;0,0;-0,01;-0,01;-0,18;-0,18;-0,01;-0,01;0,0;0,0;-0,03;-0,03;-0,03;-0,03;-0,02;-0,02;-0,01;-0,01;0,0;0,0;-0,01;-0,01;-0,01;-0,01;-0,01;-0,01;-0,01;-0,01;-0,01;-0,01;-0,01;-0,01;-0,01;-0,01;-0,02;-0,02;-0,02;-0,02;-0,01;-0,01;-0,01;-0,01;-0,02;-0,02;-0,01;-0,01;-0,01;-0,01;-0,02;-0,02;-0,01;-0,01;0,0;0,0
08.07.2026;00:15;00:30;0,0;0,0;0,0;0,0;-0,01;-0,01;-0,17;-0,17;0,0;0,0;0,0;0,0;-0,04;-0,04;-0,03;-0,03;-0,02;-0,02;-0,02;-0,02;-0,02;-0,02;0,0;0,0;0,0;0,0;0,0;0,0;-0,01;-0,01;-0,01;-0,01;-0,01;-0,01;-0,01;-0,01;0,0;0,0;-0,02;-0,02;-0,01;-0,01;-0,01;-0,01;0,0;0,0;-0,01;-0,01;-0,01;-0,01;-0,01;-0,01;-0,02;-0,02;0,0;0,0
08.07.2026;00:30;00:45;0,0;0,0;0,0;0,0;-0,02;-0,02;-0,14;-0,14;0,0;0,0;0,0;0,0;-0,04;-0,04;-0,03;-0,03;-0,01;-0,01;-0,02;-0,02;-0,01;-0,01;-0,01;-0,01;0,0;0,0;-0,01;-0,01;-0,01;-0,01;-0,01;-0,01;0,0;0,0;-0,02;-0,02;-0,02;-0,02;-0,02;-0,02;-0,01;-0,01;-0,02;-0,02;-0,02;-0,02;-0,01;-0,01;-0,02;-0,02;-0,01;-0,01;0,0;0,0;0,0;0,0
08.07.2026;00:45;01:00;0,0;0,0;0,0;0,0;-0,01;-0,01;-0,16;-0,16;0,0;0,0;-0,01;-0,01;-0,03;-0,03;-0,03;-0,03;-0,02;-0,02;-0,01;-0,01;-0,02;-0,02;-0,01;-0,01;0,0;0,0;-0,02;-0,02;-0,01;-0,01;-0,01;-0,01;-0,01;-0,01;-0,01;-0,01;-0,01;-0,01;-0,02;-0,02;-0,01;-0,01;-0,02;-0,02;-0,01;-0,01;-0,01;-0,01;-0,01;-0,01;-0,02;-0,02;-0,02;-0,02;0,0;0,0
08.07.2026;01:00;01:15;0,0;0,0;-0,01;-0,01;0,0;0,0;-0,22;-0,22;0,0;0,0;0,0;0,0;-0,04;-0,04;-0,03;-0,03;-0,01;-0,01;-0,01;-0,01;-0,01;-0,01;-0,01;-0,01;0,0;0,0;0,0;0,0;-0,01;-0,01;-0,02;-0,02;0,0;0,0;0,0;0,0;-0,01;-0,01;-0,02;-0,02;-0,01;-0,01;-0,02;-0,02;-0,01;-0,01;-0,01;-0,01;-0,02;-0,02;-0,01;-0,01;-0,01;-0,01;0,0;0,0
08.07.2026;01:15;01:30;0,0;0,0;0,0;0,0;-0,01;-0,01;-0,12;-0,12;0,0;0,0;0,0;0,0;-0,03;-0,03;-0,01;-0,01;-0,01;-0,01;0,0;0,0;-0,02;-0,02;0,0;0,0;0,0;0,0;-0,01;-0,01;-0,01;-0,01;0,0;0,0;-0,01;-0,01;-0,01;-0,01;-0,02;-0,02;-0,02;-0,02;-0,01;-0,01;-0,01;-0,01;-0,01;-0,01;-0,01;-0,01;-0,02;-0,02;-0,01;-0,01;-0,01;-0,01;0,0;0,0
08.07.2026;01:30;01:45;0,0;0,0;0,0;0,0;-0,01;-0,01;-0,09;-0,09;0,0;0,0;-0,01;-0,01;-0,04;-0,04;-0,01;-0,01;-0,02;-0,02;0,0;0,0;-0,01;-0,01;-0,01;-0,01;0,0;0,0;-0,01;-0,01;-0,01;-0,01;-0,01;-0,01;-0,01;-0,01;-0,01;-0,01;0,0;0,0;-0,02;-0,02;-0,01;-0,01;-0,01;-0,01;0,0;0,0;-0,01;-0,01;-0,02;-0,02;-0,01;-0,01;-0,01;-0,01;0,0;0,0
08.07.2026;01:45;02:00;0,0;0,0;0,0;0,0;-0,01;-0,01;-0,09;-0,09;0,0;0,0;0,0;0,0;-0,04;-0,04;-0,01;-0,01;-0,02;-0,02;-0,01;-0,01;-0,02;-0,02;-0,01;-0,01;0,0;0,0;-0,01;-0,01;-0,01;-0,01;-0,01;-0,01;-0,01;-0,01;-0,01;-0,01;-0,01;-0,01;-0,02;-0,02;0,0;0,0;-0,02;-0,02;-0,02;-0,02;-0,01;-0,01;-0,02;-0,02;-0,01;-0,01;-0,01;-0,01;0,0;0,0
08.07.2026;02:00;02:15;0,0;0,0;-0,01;-0,01;-0,01;-0,01;-0,15;-0,15;0,0;0,0;0,0;0,0;-0,03;-0,03;-0,01;-0,01;-0,01;-0,01;-0,01;-0,01;0,0;0,0;0,0;0,0;0,0;0,0;-0,01;-0,01;-0,01;-0,01;-0,01;-0,01;0,0;0,0;-0,02;-0,02;-0,02;-0,02;-0,02;-0,02;-0,02;-0,02;-0,02;-0,02;-0,01;-0,01;-0,01;-0,01;-0,02;-0,02;-0,01;-0,01;-0,01;-0,01;0,0;0,0
08.07.2026;02:15;02:30;0,0;0,0;0,0;0,0;-0,01;-0,01;-0,18;-0,18;0,0;0,0;-0,01;-0,01;-0,04;-0,04;-0,01;-0,01;-0,02;-0,02;0,0;0,0;0,0;0,0;-0,01;-0,01;0,0;0,0;0,0;0,0;-0,01;-0,01;-0,01;-0,01;-0,01;-0,01;-0,01;-0,01;0,0;0,0;-0,02;-0,02;-0,01;-0,01;-0,01;-0,01;-0,01;-0,01;-0,01;-0,01;0,0;0,0;-0,03;-0,03;-0,01;-0,01;0,0;0,0
08.07.2026;02:30;02:45;0,0;0,0;0,0;0,0;-0,01;-0,01;-0,18;-0,18;0,0;0,0;0,0;0,0;-0,03;-0,03;-0,01;-0,01;-0,01;-0,01;-0,01;-0,01;-0,01;-0,01;-0,01;-0,01;0,0;0,0;-0,02;-0,02;-0,01;-0,01;-0,01;-0,01;-0,01;-0,01;-0,01;-0,01;-0,01;-0,01;-0,02;-0,02;0,0;0,0;-0,01;-0,01;-0,01;-0,01;-0,01;-0,01;0,0;0,0;-0,03;-0,03;-0,01;-0,01;0,0;0,0
08.07.2026;02:45;03:00;0,0;0,0;0,0;0,0;0,0;0,0;-0,13;-0,13;0,0;0,0;0,0;0,0;-0,04;-0,04;-0,01;-0,01;-0,02;-0,02;0,0;0,0;-0,01;-0,01;0,0;0,0;0,0;0,0;-0,01;-0,01;-0,01;-0,01;-0,01;-0,01;-0,01;-0,01;-0,01;-0,01;-0,02;-0,02;-0,02;-0,02;-0,02;-0,02;-0,01;-0,01;-0,01;-0,01;-0,01;-0,01;-0,01;-0,01;-0,03;-0,03;-0,01;-0,01;0,0;0,0
08.07.2026;03:00;03:15;0,0;0,0;0,0;0,0;-0,01;-0,01;-0,06;-0,06;0,0;0,0;0,0;0,0;-0,03;-0,03;-0,01;-0,01;-0,02;-0,02;0,0;0,0;-0,02;-0,02;-0,02;-0,02;0,0;0,0;0,0;0,0;-0,01;-0,01;-0,01;-0,01;0,0;0,0;-0,02;-0,02;-0,01;-0,01;-0,02;-0,02;0,0;0,0;-0,02;-0,02;-0,01;-0,01;-0,01;-0,01;-0,01;-0,01;-0,02;-0,02;-0,02;-0,02;0,0;0,0
08.07.2026;03:15;03:30;0,0;0,0;-0,01;-0,01;-0,02;-0,02;-0,06;-0,06;0,0;0,0;-0,01;-0,01;-0,04;-0,04;-0,01;-0,01;-0,01;-0,01;-0,01;-0,01;-0,01;-0,01;0,0;0,0;0,0;0,0;-0,01;-0,01;-0,01;-0,01;-0,01;-0,01;-0,01;-0,01;-0,04;-0,04;-0,01;-0,01;-0,02;-0,02;-0,01;-0,01;-0,03;-0,03;-0,01;-0,01;-0,01;-0,01;-0,02;-0,02;-0,02;-0,02;-0,03;-0,03;0,0;0,0
08.07.2026;03:30;03:45;0,0;0,0;0,0;0,0;-0,01;-0,01;-0,06;-0,06;0,0;0,0;0,0;0,0;-0,03;-0,03;-0,01;-0,01;-0,02;-0,02;-0,01;-0,01;-0,02;-0,02;-0,01;-0,01;0,0;0,0;-0,01;-0,01;-0,01;-0,01;-0,01;-0,01;0,0;0,0;-0,03;-0,03;-0,01;-0,01;-0,02;-0,02;-0,02;-0,02;-0,01;-0,01;-0,01;-0,01;0,0;0,0;-0,02;-0,02;-0,01;-0,01;-0,02;-0,02;0,0;0,0
08.07.2026;03:45;04:00;0,0;0,0;0,0;0,0;-0,01;-0,01;-0,06;-0,06;0,0;0,0;0,0;0,0;-0,04;-0,04;-0,01;-0,01;-0,01;-0,01;-0,02;-0,02;-0,01;-0,01;-0,01;-0,01;0,0;0,0;-0,01;-0,01;-0,01;-0,01;-0,01;-0,01;-0,02;-0,02;-0,01;-0,01;-0,01;-0,01;-0,02;-0,02;0,0;0,0;-0,01;-0,01;-0,01;-0,01;-0,02;-0,02;-0,01;-0,01;-0,01;-0,01;-0,01;-0,01;0,0;0,0
08.07.2026;04:00;04:15;0,0;0,0;0,0;0,0;0,0;0,0;-0,1;-0,1;0,0;0,0;-0,01;-0,01;-0,03;-0,03;-0,01;-0,01;-0,01;-0,01;-0,01;-0,01;-0,01;-0,01;0,0;0,0;0,0;0,0;-0,01;-0,01;-0,01;-0,01;-0,01;-0,01;-0,01;-0,01;-0,02;-0,02;-0,01;-0,01;-0,02;-0,02;-0,01;-0,01;-0,01;-0,01;-0,01;-0,01;-0,01;-0,01;-0,02;-0,02;-0,01;-0,01;-0,02;-0,02;0,0;0,0
08.07.2026;04:15;04:30;0,0;0,0;-0,01;-0,01;0,0;0,0;-0,16;-0,16;0,0;0,0;0,0;0,0;-0,05;-0,05;-0,01;-0,01;-0,02;-0,02;-0,02;-0,02;-0,02;-0,02;-0,01;-0,01;0,0;0,0;0,0;0,0;-0,01;-0,01;-0,01;-0,01;0,0;0,0;-0,02;-0,02;-0,01;-0,01;-0,02;-0,02;-0,01;-0,01;-0,02;-0,02;-0,01;-0,01;-0,01;-0,01;-0,02;-0,02;-0,02;-0,02;-0,01;-0,01;0,0;0,0
08.07.2026;04:30;04:45;0,0;0,0;0,0;0,0;-0,02;-0,02;-0,13;-0,13;0,0;0,0;0,0;0,0;-0,05;-0,05;-0,01;-0,01;-0,01;-0,01;-0,02;-0,02;0,0;0,0;-0,01;-0,01;0,0;0,0;-0,02;-0,02;-0,01;-0,01;-0,01;-0,01;0,0;0,0;-0,01;-0,01;-0,01;-0,01;-0,02;-0,02;-0,01;-0,01;-0,03;-0,03;-0,01;-0,01;0,0;0,0;-0,02;-0,02;-0,01;-0,01;-0,01;-0,01;0,0;0,0
08.07.2026;04:45;05:00;0,0;0,0;0,0;0,0;-0,01;-0,01;-0,21;-0,21;0,0;0,0;-0,01;-0,01;-0,03;-0,03;-0,01;-0,01;-0,02;-0,02;-0,01;-0,01;0,0;0,0;0,0;0,0;0,0;0,0;-0,01;-0,01;-0,02;-0,02;-0,01;-0,01;-0,01;-0,01;-0,01;-0,01;-0,02;-0,02;-0,02;-0,02;-0,01;-0,01;-0,01;-0,01;-0,01;-0,01;-0,02;-0,02;-0,01;-0,01;-0,01;-0,01;-0,01;-0,01;0,0;0,0
08.07.2026;05:00;05:15;0,0;0,0;0,0;0,0;-0,02;-0,02;-0,23;-0,23;-0,01;-0,01;0,0;0,0;-0,04;-0,04;-0,01;-0,01;-0,02;-0,02;-0,02;-0,02;0,0;0,0;-0,02;-0,02;-0,01;-0,01;0,0;0,0;-0,03;-0,03;-0,01;-0,01;-0,01;-0,01;-0,01;-0,01;-0,01;-0,01;-0,09;-0,09;-0,01;-0,01;0,0;0,0;-0,01;-0,01;-0,01;-0,01;-0,02;-0,02;-0,01;-0,01;-0,02;-0,02;0,0;0,0
08.07.2026;05:15;05:30;0,0;0,0;0,0;0,0;0,0;0,0;-0,22;-0,22;0,0;0,0;0,0;0,0;-0,04;-0,04;-0,01;-0,01;-0,01;-0,01;-0,02;-0,02;-0,02;-0,02;0,0;0,0;0,0;0,0;-0,01;-0,01;-0,02;-0,02;-0,01;-0,01;-0,01;-0,01;0,0;0,0;0,0;0,0;-0,02;-0,02;-0,01;-0,01;-0,02;-0,02;-0,02;-0,02;0,0;0,0;-0,02;-0,02;-0,01;-0,01;-0,02;-0,02;0,0;0,0
08.07.2026;05:30;05:45;0,04;0,04;-0,01;-0,01;0,0;0,0;-0,21;-0,21;0,0;0,0;0,0;0,0;-0,04;-0,04;-0,01;-0,01;-0,02;-0,02;-0,02;-0,02;-0,02;-0,02;-0,02;-0,02;0,0;0,0;-0,01;-0,01;-0,02;-0,02;0,0;0,0;0,0;0,0;-0,02;-0,02;-0,02;-0,02;-0,02;-0,02;-0,01;-0,01;-0,02;-0,02;0,0;0,0;-0,02;-0,02;-0,01;-0,01;-0,01;-0,01;-0,06;-0,06;0,0;0,0
08.07.2026;05:45;06:00;0,2;0,15;0,0;0,0;-0,01;-0,01;-0,21;-0,16;0,0;0,0;-0,01;-0,01;-0,04;-0,04;-0,01;-0,01;-0,02;-0,02;-0,1;-0,1;-0,01;-0,01;-0,03;-0,03;0,0;0,0;-0,01;-0,01;-0,01;-0,01;-0,02;-0,02;-0,01;-0,01;-0,01;-0,01;-0,01;-0,01;-0,02;-0,02;0,0;0,0;-0,02;-0,02;-0,01;-0,01;-0,02;-0,02;-0,06;-0,06;-0,01;-0,01;-0,02;-0,02;0,0;0,0
08.07.2026;06:00;06:15;0,39;0,15;0,0;0,0;-0,06;-0,05;-0,22;-0,15;0,0;0,0;0,0;0,0;-0,04;-0,03;-0,01;0,0;-0,01;0,0;0,0;0,0;-0,02;-0,01;-0,03;-0,02;0,0;0,0;-0,01;0,0;-0,01;0,0;0,0;0,0;-0,01;0,0;-0,01;0,0;-0,01;0,0;-0,02;-0,01;-0,02;-0,01;-0,01;0,0;-0,02;-0,01;0,0;0,0;0,0;0,0;-0,02;-0,01;-0,01;0,0;0,0;0,0
08.07.2026;06:15;06:30;0,55;0,19;0,0;0,0;-0,03;-0,01;-0,15;-0,06;0,0;0,0;0,0;0,0;-0,03;-0,01;-0,01;0,0;-0,02;0,0;-0,27;-0,25;-0,01;0,0;-0,02;0,0;0,0;0,0;0,0;0,0;-0,01;0,0;-0,01;0,0;-0,01;0,0;-0,01;0,0;-0,02;0,0;-0,02;0,0;-0,01;0,0;-0,01;0,0;-0,01;0,0;-0,01;0,0;0,0;0,0;-0,04;-0,02;-0,01;0,0;0,0;0,0
08.07.2026;06:30;06:45;0,36;0,11;-0,01;0,0;-0,02;-0,01;-0,08;-0,03;0,0;0,0;-0,01;0,0;-0,04;-0,03;-0,04;-0,03;-0,01;0,0;-0,04;-0,03;-0,01;0,0;0,0;0,0;0,0;0,0;-0,02;-0,01;-0,01;0,0;-0,01;0,0;0,0;0,0;-0,01;0,0;-0,01;0,0;-0,02;-0,01;0,0;0,0;-0,02;-0,01;-0,02;-0,01;-0,01;0,0;-0,01;0,0;-0,01;0,0;-0,01;0,0;0,0;0,0
08.07.2026;06:45;07:00;0,56;0,21;0,0;0,0;-0,01;0,0;-0,08;0,0;0,0;0,0;0,0;0,0;-0,04;-0,02;-0,01;0,0;-0,2;-0,18;-0,53;-0,51;-0,02;0,0;-0,01;0,0;0,0;0,0;-0,01;0,0;-0,01;0,0;-0,01;0,0;-0,01;0,0;-0,01;0,0;-0,01;0,0;-0,02;0,0;-0,01;0,0;-0,02;0,0;-0,01;0,0;-0,01;0,0;-0,01;0,0;-0,01;0,0;-0,01;0,0;0,0;0,0
08.07.2026;07:00;07:15;0,73;0,27;0,0;0,0;0,0;0,0;-0,06;0,0;0,0;0,0;0,0;0,0;-0,04;0,0;-0,02;0,0;-0,2;-0,14;-0,14;-0,08;0,0;0,0;-0,01;0,0;0,0;0,0;0,0;0,0;-0,01;0,0;-0,01;0,0;-0,01;0,0;-0,01;0,0;-0,02;0,0;-0,06;0,0;-0,01;0,0;-0,02;0,0;-0,01;0,0;-0,01;0,0;-0,01;0,0;-0,01;0,0;-0,02;0,0;0,0;0,0
08.07.2026;07:15;07:30;1,18;0,62;0,0;0,0;0,0;0,0;-0,08;0,0;0,0;0,0;-0,01;0,0;-0,13;-0,01;-0,03;0,0;-0,14;-0,02;-0,03;0,0;0,0;0,0;0,0;0,0;0,0;0,0;-0,01;0,0;-0,01;0,0;-0,01;0,0;-0,01;0,0;-0,01;0,0;0,0;0,0;-0,05;0,0;-0,01;0,0;-0,01;0,0;-0,01;0,0;-0,01;0,0;-0,01;0,0;-0,01;0,0;-0,01;0,0;0,0;0,0
08.07.2026;07:30;07:45;1,67;1,09;0,0;0,0;-0,02;0,0;-0,07;0,0;0,0;0,0;0,0;0,0;-0,06;0,0;-0,03;0,0;-0,06;0,0;-0,17;0,0;0,0;0,0;-0,01;0,0;0,0;0,0;-0,01;0,0;0,0;0,0;-0,01;0,0;0,0;0,0;-0,01;0,0;-0,01;0,0;-0,02;0,0;-0,01;0,0;-0,01;0,0;-0,01;0,0;-0,01;0,0;-0,01;0,0;-0,01;0,0;-0,04;0,0;0,0;0,0
08.07.2026;07:45;08:00;1,69;1,03;-0,01;0,0;-0,01;0,0;-0,06;0,0;0,0;0,0;0,0;0,0;-0,14;0,0;-0,02;0,0;-0,02;0,0;-0,41;-0,22;-0,02;0,0;-0,01;0,0;0,0;0,0;-0,01;0,0;-0,01;0,0;-0,01;0,0;-0,01;0,0;-0,01;0,0;-0,02;0,0;-0,02;0,0;-0,01;0,0;-0,02;0,0;-0,01;0,0;-0,01;0,0;-0,01;0,0;-0,02;0,0;-0,01;0,0;0,0;0,0
08.07.2026;08:00;08:15;1,05;0,64;0,0;0,0;-0,04;0,0;-0,06;0,0;0,0;0,0;0,0;0,0;-0,09;0,0;-0,02;0,0;-0,01;0,0;-0,02;0,0;-0,02;0,0;-0,01;0,0;0,0;0,0;-0,01;0,0;-0,02;0,0;-0,01;0,0;0,0;0,0;0,0;0,0;0,0;0,0;-0,02;0,0;0,0;0,0;-0,02;0,0;-0,01;0,0;-0,02;0,0;-0,01;0,0;-0,01;0,0;-0,01;0,0;0,0;0,0
08.07.2026;08:15;08:30;0,0;0,0;0,0;0,0;-0,01;-0,01;-0,07;-0,07;0,0;0,0;-0,01;-0,01;-0,05;-0,05;-0,04;-0,04;-0,01;-0,01;-0,02;-0,02;-0,01;-0,01;0,0;0,0;0,0;0,0;0,0;0,0;0,0;0,0;-0,01;-0,01;-0,01;-0,01;-0,02;-0,02;-0,02;-0,02;-0,02;-0,02;-0,02;-0,02;-0,01;-0,01;-0,01;-0,01;-0,03;-0,03;-0,01;-0,01;-0,01;-0,01;-0,01;-0,01;0,0;0,0
08.07.2026;08:30;08:45;0,34;0,11;0,0;0,0;-0,02;-0,01;-0,06;-0,03;0,0;0,0;0,0;0,0;-0,04;-0,03;-0,02;-0,01;-0,02;-0,01;-0,02;-0,01;-0,02;-0,01;-0,01;0,0;0,0;0,0;-0,02;-0,01;-0,01;0,0;-0,01;0,0;-0,02;-0,01;-0,01;0,0;-0,01;0,0;-0,4;-0,39;-0,01;0,0;-0,01;0,0;-0,02;-0,01;-0,04;-0,03;-0,01;0,0;0,0;0,0;-0,02;-0,01;0,0;0,0
08.07.2026;08:45;09:00;2,48;2,06;-0,01;0,0;-0,01;0,0;-0,08;0,0;0,0;0,0;0,0;0,0;-0,03;0,0;-0,02;0,0;-0,01;0,0;-0,01;0,0;-0,01;0,0;-0,01;0,0;0,0;0,0;-0,01;0,0;-0,01;0,0;-0,01;0,0;0,0;0,0;-0,01;0,0;-0,01;0,0;-0,12;0,0;0,0;0,0;-0,01;0,0;0,0;0,0;-0,02;0,0;-0,01;0,0;-0,02;0,0;0,0;0,0;0,0;0,0
08.07.2026;09:00;09:15;2,72;2,34;0,0;0,0;-0,02;0,0;-0,06;0,0;0,0;0,0;-0,01;0,0;-0,02;0,0;-0,02;0,0;-0,02;0,0;-0,02;0,0;-0,02;0,0;0,0;0,0;0,0;0,0;0,0;0,0;-0,01;0,0;-0,01;0,0;0,0;0,0;-0,01;0,0;-0,01;0,0;-0,04;0,0;-0,02;0,0;-0,02;0,0;-0,01;0,0;-0,02;0,0;-0,02;0,0;0,0;0,0;-0,02;0,0;0,0;0,0
08.07.2026;09:15;09:30;2,96;2,52;0,0;0,0;-0,01;0,0;-0,1;0,0;0,0;0,0;0,0;0,0;-0,04;0,0;-0,02;0,0;-0,01;0,0;-0,02;0,0;-0,01;0,0;-0,02;0,0;0,0;0,0;-0,01;0,0;-0,01;0,0;-0,01;0,0;-0,01;0,0;0,0;0,0;-0,02;0,0;-0,04;0,0;0,0;0,0;-0,03;0,0;-0,02;0,0;-0,02;0,0;-0,01;0,0;-0,01;0,0;-0,02;0,0;0,0;0,0
08.07.2026;09:30;09:45;3,01;2,71;0,0;0,0;-0,02;0,0;-0,06;0,0;0,0;0,0;0,0;0,0;-0,03;0,0;-0,02;0,0;-0,01;0,0;-0,01;0,0;0,0;0,0;0,0;0,0;0,0;0,0;-0,01;0,0;-0,01;0,0;0,0;0,0;-0,01;0,0;-0,02;0,0;0,0;0,0;-0,04;0,0;-0,01;0,0;-0,01;0,0;0,0;0,0;-0,01;0,0;-0,01;0,0;-0,01;0,0;-0,01;0,0;0,0;0,0
08.07.2026;09:45;10:00;3,3;2,81;-0,01;0,0;-0,02;0,0;-0,08;0,0;0,0;0,0;-0,01;0,0;-0,03;0,0;-0,08;0,0;-0,02;0,0;-0,02;0,0;0,0;0,0;-0,01;0,0;0,0;0,0;-0,01;0,0;-0,01;0,0;-0,02;0,0;-0,01;0,0;-0,01;0,0;-0,02;0,0;-0,04;0,0;-0,01;0,0;-0,01;0,0;-0,02;0,0;-0,01;0,0;-0,01;0,0;-0,02;0,0;-0,01;0,0;0,0;0,0
08.07.2026;10:00;10:15;3,67;3,28;0,0;0,0;-0,01;0,0;-0,07;0,0;-0,01;0,0;0,0;0,0;-0,03;0,0;-0,07;0,0;-0,01;0,0;0,0;0,0;-0,01;0,0;-0,01;0,0;-0,01;0,0;-0,01;0,0;-0,01;0,0;-0,01;0,0;0,0;0,0;-0,01;0,0;-0,01;0,0;-0,04;0,0;-0,01;0,0;-0,01;0,0;-0,01;0,0;-0,01;0,0;-0,01;0,0;-0,01;0,0;-0,01;0,0;0,0;0,0
08.07.2026;10:15;10:30;3,83;3,23;0,0;0,0;-0,01;0,0;-0,08;0,0;0,0;0,0;0,0;0,0;-0,04;0,0;-0,14;0,0;-0,02;0,0;-0,01;0,0;-0,02;0,0;0,0;0,0;0,0;0,0;0,0;0,0;-0,14;0,0;0,0;0,0;-0,01;0,0;-0,01;0,0;-0,01;0,0;-0,04;0,0;-0,01;0,0;-0,02;0,0;0,0;0,0;-0,01;0,0;-0,01;0,0;-0,01;0,0;-0,01;0,0;0,0;0,0
08.07.2026;10:30;10:45;4,01;3,44;0,0;0,0;-0,02;0,0;-0,07;0,0;0,0;0,0;0,0;0,0;-0,02;0,0;-0,04;0,0;-0,02;0,0;0,0;0,0;-0,01;0,0;-0,02;0,0;0,0;0,0;-0,02;0,0;-0,05;0,0;-0,01;0,0;0,0;0,0;0,0;0,0;-0,01;0,0;-0,18;0,0;-0,01;0,0;-0,03;0,0;-0,02;0,0;-0,02;0,0;0,0;0,0;0,0;0,0;-0,02;0,0;0,0;0,0
08.07.2026;10:45;11:00;4,12;3,61;0,0;0,0;-0,01;0,0;-0,09;0,0;0,0;0,0;-0,01;0,0;-0,03;0,0;-0,06;0,0;0,0;0,0;0,0;0,0;-0,02;0,0;0,0;0,0;0,0;0,0;-0,01;0,0;-0,03;0,0;-0,02;0,0;-0,02;0,0;-0,01;0,0;-0,01;0,0;-0,12;0,0;-0,01;0,0;-0,01;0,0;-0,01;0,0;0,0;0,0;-0,01;0,0;-0,02;0,0;-0,01;0,0;0,0;0,0
08.07.2026;11:00;11:15;4,39;3,94;-0,01;0,0;-0,02;0,0;-0,08;0,0;0,0;0,0;0,0;0,0;-0,04;0,0;-0,06;0,0;-0,02;0,0;-0,01;0,0;-0,01;0,0;-0,01;0,0;0,0;0,0;0,0;0,0;-0,04;0,0;0,0;0,0;0,0;0,0;-0,02;0,0;-0,01;0,0;-0,06;0,0;-0,01;0,0;-0,01;0,0;-0,01;0,0;-0,01;0,0;0,0;0,0;0,0;0,0;-0,02;0,0;0,0;0,0
08.07.2026;11:15;11:30;4,69;3,78;0,0;0,0;-0,01;0,0;-0,07;0,0;0,0;0,0;0,0;0,0;-0,02;0,0;-0,15;0,0;-0,01;0,0;0,0;0,0;-0,02;0,0;-0,01;0,0;0,0;0,0;-0,01;0,0;-0,35;0,0;-0,01;0,0;-0,01;0,0;-0,01;0,0;-0,02;0,0;-0,12;0,0;-0,01;0,0;-0,01;0,0;-0,01;0,0;-0,02;0,0;-0,02;0,0;-0,01;0,0;-0,01;0,0;0,0;0,0
08.07.2026;11:30;11:45;3,42;2,55;0,0;0,0;-0,02;0,0;-0,08;0,0;0,0;0,0;-0,01;0,0;-0,04;0,0;-0,49;-0,01;-0,02;0,0;0,0;0,0;-0,01;0,0;0,0;0,0;0,0;0,0;-0,01;0,0;-0,06;0,0;-0,01;0,0;0,0;0,0;-0,01;0,0;-0,01;0,0;-0,03;0,0;-0,01;0,0;-0,02;0,0;-0,01;0,0;-0,01;0,0;-0,01;0,0;-0,01;0,0;-0,01;0,0;0,0;0,0
08.07.2026;11:45;12:00;2,44;1,53;0,0;0,0;-0,02;0,0;-0,1;0,0;0,0;0,0;0,0;0,0;-0,02;0,0;-0,39;-0,09;-0,02;0,0;-0,01;0,0;-0,01;0,0;-0,01;0,0;0,0;0,0;-0,01;0,0;-0,24;0,0;-0,01;0,0;-0,01;0,0;0,0;0,0;-0,01;0,0;-0,05;0,0;-0,01;0,0;-0,02;0,0;-0,01;0,0;0,0;0,0;-0,01;0,0;-0,02;0,0;-0,02;0,0;0,0;0,0
08.07.2026;12:00;12:15;0,29;0,09;-0,01;0,0;-0,01;0,0;-0,09;-0,07;0,0;0,0;0,0;0,0;-0,03;-0,02;-0,27;-0,26;-0,01;0,0;0,0;0,0;-0,07;-0,06;-0,01;0,0;0,0;0,0;0,0;0,0;-0,05;-0,04;-0,01;0,0;-0,01;0,0;-0,01;0,0;-0,02;-0,01;-0,02;-0,01;0,0;0,0;-0,01;0,0;-0,01;0,0;-0,02;-0,01;-0,01;0,0;-0,01;0,0;0,0;0,0;0,0;0,0
08.07.2026;12:15;12:30;3,64;2,95;0,0;0,0;0,0;0,0;-0,14;0,0;0,0;0,0;-0,01;0,0;-0,04;0,0;-0,25;0,0;-0,02;0,0;-0,01;0,0;-0,01;0,0;-0,01;0,0;0,0;0,0;-0,01;0,0;-0,05;0,0;-0,01;0,0;-0,01;0,0;-0,02;0,0;0,0;0,0;-0,02;0,0;-0,02;0,0;-0,01;0,0;-0,01;0,0;-0,01;0,0;-0,01;0,0;-0,01;0,0;-0,01;0,0;0,0;0,0
08.07.2026;12:30;12:45;4,09;3,4;0,0;0,0;-0,01;0,0;-0,12;0,0;0,0;0,0;0,0;0,0;-0,05;0,0;-0,3;0,0;-0,01;0,0;-0,01;0,0;-0,01;0,0;0,0;0,0;0,0;0,0;-0,02;0,0;-0,04;0,0;-0,01;0,0;0,0;0,0;-0,01;0,0;-0,01;0,0;-0,02;0,0;0,0;0,0;-0,02;0,0;-0,01;0,0;-0,01;0,0;-0,01;0,0;-0,01;0,0;-0,01;0,0;0,0;0,0
08.07.2026;12:45;13:00;4,44;3,86;0,0;0,0;0,0;0,0;-0,06;0,0;0,0;0,0;0,0;0,0;-0,04;0,0;-0,24;0,0;-0,01;0,0;-0,02;0,0;-0,02;0,0;-0,01;0,0;0,0;0,0;-0,01;0,0;-0,03;0,0;-0,01;0,0;-0,01;0,0;-0,01;0,0;-0,02;0,0;-0,02;0,0;-0,01;0,0;-0,02;0,0;-0,01;0,0;0,0;0,0;-0,01;0,0;-0,01;0,0;-0,01;0,0;0,0;0,0
08.07.2026;13:00;13:15;4,56;3,9;0,0;0,0;0,0;0,0;-0,06;0,0;0,0;0,0;0,0;0,0;-0,04;0,0;-0,17;0,0;-0,02;0,0;-0,01;0,0;-0,01;0,0;-0,01;0,0;0,0;0,0;0,0;0,0;-0,19;0,0;-0,01;0,0;-0,01;0,0;0,0;0,0;-0,01;0,0;-0,02;0,0;-0,02;0,0;-0,02;0,0;-0,01;0,0;-0,02;0,0;-0,01;0,0;-0,01;0,0;-0,01;0,0;0,0;0,0
08.07.2026;13:15;13:30;4,72;4,33;-0,01;0,0;-0,01;0,0;-0,06;0,0;0,0;0,0;-0,01;0,0;-0,04;0,0;-0,03;0,0;-0,01;0,0;-0,02;0,0;-0,02;0,0;0,0;0,0;0,0;0,0;-0,01;0,0;-0,06;0,0;-0,01;0,0;-0,01;0,0;-0,01;0,0;-0,01;0,0;-0,02;0,0;0,0;0,0;-0,01;0,0;-0,01;0,0;-0,01;0,0;-0,01;0,0;0,0;0,0;-0,01;0,0;0,0;0,0
08.07.2026;13:30;13:45;4,71;4,31;0,0;0,0;0,0;0,0;-0,07;0,0;0,0;0,0;0,0;0,0;-0,04;0,0;-0,02;0,0;-0,02;0,0;-0,02;0,0;-0,01;0,0;-0,01;0,0;0,0;0,0;-0,01;0,0;-0,06;0,0;-0,01;0,0;0,0;0,0;-0,01;0,0;-0,02;0,0;-0,02;0,0;-0,01;0,0;-0,01;0,0;-0,01;0,0;-0,01;0,0;-0,01;0,0;-0,02;0,0;-0,01;0,0;0,0;0,0
08.07.2026;13:45;14:00;4,66;4,28;0,0;0,0;-0,01;0,0;-0,07;0,0;0,0;0,0;0,0;0,0;-0,04;0,0;-0,02;0,0;-0,01;0,0;-0,01;0,0;-0,02;0,0;-0,01;0,0;0,0;0,0;-0,01;0,0;-0,05;0,0;-0,01;0,0;0,0;0,0;-0,02;0,0;0,0;0,0;-0,02;0,0;-0,01;0,0;-0,02;0,0;-0,01;0,0;-0,01;0,0;-0,01;0,0;-0,01;0,0;-0,01;0,0;0,0;0,0
08.07.2026;14:00;14:15;4,6;4,24;0,0;0,0;-0,01;0,0;-0,06;0,0;0,0;0,0;-0,01;0,0;-0,03;0,0;-0,02;0,0;-0,01;0,0;-0,02;0,0;-0,01;0,0;0,0;0,0;0,0;0,0;0,0;0,0;-0,04;0,0;-0,01;0,0;-0,01;0,0;-0,01;0,0;-0,02;0,0;-0,02;0,0;-0,01;0,0;-0,02;0,0;-0,01;0,0;-0,01;0,0;-0,01;0,0;-0,01;0,0;-0,01;0,0;0,0;0,0
08.07.2026;14:15;14:30;4,55;4,07;-0,01;0,0;-0,02;0,0;-0,07;0,0;0,0;0,0;0,0;0,0;-0,04;0,0;-0,03;0,0;-0,02;0,0;-0,02;0,0;-0,01;0,0;-0,02;0,0;0,0;0,0;-0,01;0,0;-0,05;0,0;-0,01;0,0;-0,01;0,0;0,0;0,0;-0,01;0,0;-0,02;0,0;-0,01;0,0;-0,02;0,0;-0,01;0,0;-0,01;0,0;-0,05;0,0;-0,01;0,0;-0,02;0,0;0,0;0,0
08.07.2026;14:30;14:45;4,46;3,82;0,0;0,0;-0,01;0,0;-0,1;0,0;0,0;0,0;0,0;0,0;-0,04;0,0;-0,21;0,0;-0,01;0,0;-0,01;0,0;0,0;0,0;0,0;0,0;0,0;0,0;-0,02;0,0;-0,03;0,0;0,0;0,0;-0,01;0,0;-0,01;0,0;0,0;0,0;-0,02;0,0;-0,01;0,0;-0,01;0,0;-0,01;0,0;-0,01;0,0;-0,12;0,0;-0,01;0,0;0,0;0,0;0,0;0,0
08.07.2026;14:45;15:00;4,33;3,54;0,0;0,0;0,0;0,0;-0,2;0,0;0,0;0,0;-0,01;0,0;-0,04;0,0;-0,27;0,0;-0,02;0,0;-0,02;0,0;0,0;0,0;-0,01;0,0;0,0;0,0;-0,01;0,0;-0,04;0,0;-0,02;0,0;-0,01;0,0;-0,01;0,0;-0,03;0,0;-0,02;0,0;-0,01;0,0;-0,01;0,0;-0,01;0,0;-0,01;0,0;-0,02;0,0;-0,01;0,0;-0,01;0,0;0,0;0,0
08.07.2026;15:00;15:15;4,23;3,83;0,0;0,0;-0,01;0,0;-0,08;0,0;-0,01;0,0;0,0;0,0;-0,03;0,0;-0,03;0,0;-0,02;0,0;-0,02;0,0;-0,01;0,0;-0,01;0,0;-0,01;0,0;0,0;0,0;-0,04;0,0;0,0;0,0;0,0;0,0;-0,02;0,0;0,0;0,0;-0,02;0,0;-0,01;0,0;-0,02;0,0;-0,01;0,0;-0,01;0,0;-0,01;0,0;-0,01;0,0;-0,02;0,0;0,0;0,0
08.07.2026;15:15;15:30;3,79;3,27;0,0;0,0;0,0;0,0;-0,14;0,0;0,0;0,0;0,0;0,0;-0,04;0,0;-0,05;0,0;-0,01;0,0;-0,01;0,0;-0,02;0,0;0,0;0,0;0,0;0,0;0,0;0,0;-0,04;0,0;-0,01;0,0;-0,01;0,0;-0,01;0,0;-0,01;0,0;-0,02;0,0;-0,01;0,0;-0,02;0,0;-0,02;0,0;-0,01;0,0;-0,01;0,0;-0,07;0,0;-0,01;0,0;0,0;0,0
08.07.2026;15:30;15:45;2,04;1,59;-0,01;0,0;-0,01;0,0;-0,12;0,0;0,0;0,0;0,0;0,0;-0,04;0,0;-0,03;0,0;-0,01;0,0;-0,01;0,0;-0,01;0,0;-0,01;0,0;0,0;0,0;-0,02;0,0;-0,02;0,0;-0,02;0,0;-0,01;0,0;0,0;0,0;-0,02;0,0;-0,02;0,0;0,0;0,0;-0,02;0,0;0,0;0,0;-0,01;0,0;-0,01;0,0;-0,04;0,0;-0,01;0,0;0,0;0,0
08.07.2026;15:45;16:00;0,17;0,12;0,0;0,0;-0,02;-0,02;-0,09;-0,04;0,0;0,0;-0,02;-0,02;-0,03;-0,03;-0,35;-0,35;-0,02;-0,02;-0,01;-0,01;-0,02;-0,02;-0,01;-0,01;0,0;0,0;-0,01;-0,01;-0,01;-0,01;0,0;0,0;-0,01;-0,01;-0,01;-0,01;-0,03;-0,03;-0,02;-0,02;-0,01;-0,01;-0,01;-0,01;-0,02;-0,02;-0,01;-0,01;-0,02;-0,02;-0,02;-0,02;-0,01;-0,01;0,0;0,0
08.07.2026;16:00;16:15;3,26;2,92;0,0;0,0;-0,01;0,0;-0,07;0,0;0,0;0,0;-0,01;0,0;-0,04;0,0;-0,03;0,0;-0,02;0,0;0,0;0,0;-0,01;0,0;0,0;0,0;0,0;0,0;0,0;0,0;-0,01;0,0;-0,01;0,0;0,0;0,0;-0,01;0,0;-0,01;0,0;-0,03;0,0;-0,01;0,0;-0,01;0,0;-0,01;0,0;-0,02;0,0;-0,01;0,0;-0,01;0,0;-0,01;0,0;0,0;0,0
08.07.2026;16:15;16:30;3,42;3,07;0,0;0,0;-0,01;0,0;-0,07;0,0;0,0;0,0;-0,03;0,0;-0,03;0,0;-0,03;0,0;-0,02;0,0;0,0;0,0;-0,02;0,0;-0,01;0,0;0,0;0,0;-0,01;0,0;-0,01;0,0;-0,01;0,0;0,0;0,0;-0,01;0,0;-0,02;0,0;-0,02;0,0;-0,01;0,0;-0,02;0,0;0,0;0,0;0,0;0,0;-0,01;0,0;0,0;0,0;-0,01;0,0;0,0;0,0
08.07.2026;16:30;16:45;3,23;2,55;-0,01;0,0;0,0;0,0;-0,07;0,0;0,0;0,0;-0,26;0,0;-0,04;0,0;-0,03;0,0;-0,03;0,0;-0,01;0,0;-0,01;0,0;-0,01;0,0;0,0;0,0;-0,02;0,0;0,0;0,0;-0,01;0,0;-0,02;0,0;-0,02;0,0;-0,01;0,0;-0,03;0,0;-0,01;0,0;-0,03;0,0;-0,02;0,0;-0,01;0,0;-0,01;0,0;-0,01;0,0;-0,01;0,0;0,0;0,0
08.07.2026;16:45;17:00;3,0;2,11;0,0;0,0;-0,02;0,0;-0,1;0,0;0,0;0,0;-0,43;-0,03;-0,04;0,0;-0,12;0,0;-0,01;0,0;0,0;0,0;-0,01;0,0;-0,01;0,0;0,0;0,0;-0,01;0,0;-0,04;0,0;-0,01;0,0;-0,01;0,0;0,0;0,0;-0,01;0,0;-0,02;0,0;-0,01;0,0;0,0;0,0;-0,01;0,0;-0,01;0,0;-0,02;0,0;-0,02;0,0;-0,01;0,0;0,0;0,0
08.07.2026;17:00;17:15;2,78;2,22;0,0;0,0;-0,02;0,0;-0,08;0,0;0,0;0,0;-0,21;0,0;-0,03;0,0;-0,02;0,0;-0,04;0,0;0,0;0,0;0,0;0,0;0,0;0,0;0,0;0,0;0,0;0,0;-0,04;0,0;-0,01;0,0;0,0;0,0;-0,01;0,0;-0,01;0,0;-0,02;0,0;-0,01;0,0;-0,01;0,0;-0,01;0,0;-0,02;0,0;0,0;0,0;-0,01;0,0;-0,01;0,0;0,0;0,0
08.07.2026;17:15;17:30;2,44;1,73;0,0;0,0;-0,44;-0,12;-0,07;0,0;0,0;0,0;-0,03;0,0;-0,05;0,0;-0,02;0,0;-0,04;0,0;-0,01;0,0;0,0;0,0;-0,01;0,0;0,0;0,0;0,0;0,0;-0,03;0,0;-0,01;0,0;0,0;0,0;-0,01;0,0;-0,01;0,0;-0,02;0,0;-0,01;0,0;-0,02;0,0;-0,01;0,0;0,0;0,0;-0,01;0,0;-0,02;0,0;-0,01;0,0;0,0;0,0
08.07.2026;17:30;17:45;2,16;1,47;0,0;0,0;-0,48;-0,21;-0,08;0,0;0,0;0,0;-0,03;0,0;-0,05;0,0;-0,03;0,0;-0,02;0,0;0,0;0,0;-0,02;0,0;-0,01;0,0;0,0;0,0;-0,02;0,0;-0,04;0,0;-0,01;0,0;-0,01;0,0;-0,01;0,0;-0,02;0,0;-0,02;0,0;0,0;0,0;-0,02;0,0;0,0;0,0;-0,01;0,0;0,0;0,0;-0,01;0,0;-0,01;0,0;0,0;0,0
08.07.2026;17:45;18:00;2,09;1,07;-0,01;0,0;-0,27;-0,03;-0,2;0,0;0,0;0,0;-0,03;0,0;-0,46;-0,22;-0,03;0,0;-0,01;0,0;-0,01;0,0;-0,01;0,0;-0,01;0,0;0,0;0,0;-0,01;0,0;-0,03;0,0;-0,01;0,0;-0,01;0,0;-0,02;0,0;-0,01;0,0;-0,03;0,0;-0,02;0,0;-0,02;0,0;-0,02;0,0;-0,02;0,0;-0,01;0,0;-0,01;0,0;-0,01;0,0;0,0;0,0
08.07.2026;18:00;18:15;1,9;1,14;0,0;0,0;-0,17;0,0;-0,08;0,0;0,0;0,0;-0,03;0,0;-0,2;0,0;-0,03;0,0;-0,02;0,0;0,0;0,0;-0,02;0,0;0,0;0,0;0,0;0,0;0,0;0,0;-0,02;0,0;-0,01;0,0;-0,01;0,0;0,0;0,0;0,0;0,0;-0,02;0,0;-0,01;0,0;-0,01;0,0;-0,01;0,0;-0,02;0,0;-0,02;0,0;0,0;0,0;-0,08;0,0;0,0;0,0
08.07.2026;18:15;18:30;1,66;0,82;0,0;0,0;-0,45;-0,28;-0,17;0,0;0,0;0,0;-0,03;0,0;-0,2;-0,03;-0,03;0,0;-0,01;0,0;-0,01;0,0;-0,01;0,0;-0,01;0,0;0,0;0,0;-0,01;0,0;-0,01;0,0;-0,01;0,0;-0,01;0,0;-0,01;0,0;-0,03;0,0;-0,02;0,0;0,0;0,0;-0,01;0,0;-0,01;0,0;0,0;0,0;-0,01;0,0;-0,02;0,0;-0,08;0,0;0,0;0,0
08.07.2026;18:30;18:45;1,25;0,48;0,0;0,0;-0,35;-0,25;-0,1;0,0;0,0;0,0;-0,04;0,0;-0,25;-0,15;-0,1;0,0;-0,02;0,0;-0,02;0,0;-0,01;0,0;-0,01;0,0;0,0;0,0;-0,02;0,0;-0,09;0,0;-0,01;0,0;0,0;0,0;-0,01;0,0;0,0;0,0;-0,02;0,0;-0,02;0,0;-0,02;0,0;-0,01;0,0;-0,02;0,0;-0,01;0,0;0,0;0,0;-0,04;0,0;0,0;0,0
08.07.2026;18:45;19:00;0,55;0,14;-0,01;0,0;-0,03;-0,01;-0,08;0,0;0,0;0,0;-0,03;-0,01;-0,04;-0,02;-0,48;-0,46;-0,01;0,0;-0,01;0,0;-0,02;0,0;-0,01;0,0;0,0;0,0;-0,01;0,0;-0,36;-0,34;-0,01;0,0;-0,01;0,0;-0,01;0,0;-0,01;0,0;-0,02;0,0;0,0;0,0;-0,03;-0,01;-0,01;0,0;-0,02;0,0;-0,01;0,0;-0,02;0,0;-0,03;-0,01;0,0;0,0
08.07.2026;19:00;19:15;0,33;0,11;0,0;0,0;-0,03;-0,02;-0,08;-0,06;0,0;0,0;-0,03;-0,02;-0,05;-0,04;-0,17;-0,16;-0,02;-0,01;-0,02;-0,01;-0,01;0,0;0,0;0,0;0,0;0,0;0,0;0,0;-0,06;-0,05;-0,01;0,0;-0,01;0,0;-0,01;0,0;-0,02;-0,01;-0,02;-0,01;-0,01;0,0;-0,01;0,0;-0,01;0,0;-0,01;0,0;-0,02;-0,01;-0,02;-0,01;-0,04;-0,03;0,0;0,0
08.07.2026;19:15;19:30;0,3;0,09;0,0;0,0;-0,04;-0,03;-0,22;-0,2;0,0;0,0;-0,03;-0,02;-0,05;-0,04;-0,06;-0,05;-0,02;-0,01;-0,02;-0,01;-0,01;0,0;-0,01;0,0;0,0;0,0;0,0;0,0;-0,04;-0,03;0,0;0,0;-0,01;0,0;-0,01;0,0;-0,01;0,0;-0,02;-0,01;-0,02;-0,01;-0,01;0,0;-0,01;0,0;0,0;0,0;-0,01;0,0;-0,04;-0,03;-0,03;-0,02;0,0;0,0
08.07.2026;19:30;19:45;0,0;0,0;0,0;0,0;-0,04;-0,04;-0,24;-0,24;0,0;0,0;-0,04;-0,04;-0,04;-0,04;-0,04;-0,04;0,0;0,0;-0,01;-0,01;0,0;0,0;-0,01;-0,01;0,0;0,0;-0,02;-0,02;-0,03;-0,03;-0,02;-0,02;0,0;0,0;-0,01;-0,01;-0,01;-0,01;-0,03;-0,03;0,0;0,0;-0,01;-0,01;-0,01;-0,01;-0,02;-0,02;-0,01;-0,01;-0,29;-0,29;-0,04;-0,04;0,0;0,0
08.07.2026;19:45;20:00;0,0;0,0;-0,01;-0,01;-0,03;-0,03;-0,25;-0,25;0,0;0,0;-0,03;-0,03;-0,05;-0,05;-0,03;-0,03;-0,04;-0,04;-0,02;-0,02;0,0;0,0;-0,01;-0,01;0,0;0,0;-0,01;-0,01;-0,04;-0,04;-0,01;-0,01;0,0;0,0;-0,01;-0,01;-0,01;-0,01;-0,02;-0,02;-0,01;-0,01;-0,02;-0,02;-0,02;-0,02;-0,04;-0,04;-0,02;-0,02;-0,45;-0,45;-0,04;-0,04;0,0;0,0
08.07.2026;20:00;20:15;0,12;0,11;0,0;0,0;-0,04;-0,04;-0,14;-0,13;-0,01;-0,01;-0,03;-0,03;-0,05;-0,05;-0,03;-0,03;-0,14;-0,14;-0,02;-0,02;-0,02;-0,02;-0,03;-0,03;-0,01;-0,01;0,0;0,0;-0,03;-0,03;0,0;0,0;-0,02;-0,02;-0,01;-0,01;-0,01;-0,01;-0,03;-0,03;-0,01;-0,01;-0,03;-0,03;-0,01;-0,01;-0,13;-0,13;-0,01;-0,01;-0,12;-0,12;-0,04;-0,04;0,0;0,0
08.07.2026;20:15;20:30;0,14;0,11;0,0;0,0;-0,03;-0,03;-0,14;-0,11;0,0;0,0;-0,04;-0,04;-0,04;-0,04;-0,05;-0,05;-0,11;-0,11;-0,01;-0,01;-0,01;-0,01;-0,02;-0,02;0,0;0,0;-0,01;-0,01;-0,02;-0,02;-0,01;-0,01;-0,01;-0,01;-0,01;-0,01;-0,02;-0,02;-0,03;-0,03;-0,01;-0,01;0,0;0,0;-0,05;-0,05;-0,2;-0,2;-0,01;-0,01;-0,04;-0,04;-0,03;-0,03;0,0;0,0
08.07.2026;20:30;20:45;0,09;0,09;0,0;0,0;-0,06;-0,06;-0,11;-0,11;0,0;0,0;-0,01;-0,01;-0,05;-0,05;-0,04;-0,04;-0,15;-0,15;-0,02;-0,02;-0,02;-0,02;-0,02;-0,02;0,0;0,0;-0,01;-0,01;-0,04;-0,04;-0,01;-0,01;0,0;0,0;-0,01;-0,01;-0,01;-0,01;-0,03;-0,03;-0,01;-0,01;-0,01;-0,01;-0,04;-0,04;-0,2;-0,2;-0,01;-0,01;-0,22;-0,22;-0,04;-0,04;0,0;0,0
08.07.2026;20:45;21:00;0,04;0,04;0,0;0,0;-0,04;-0,04;-0,11;-0,11;0,0;0,0;-0,02;-0,02;-0,07;-0,07;-0,04;-0,04;-0,15;-0,15;-0,02;-0,02;-0,01;-0,01;-0,06;-0,06;0,0;0,0;-0,02;-0,02;-0,03;-0,03;-0,01;-0,01;0,0;0,0;-0,01;-0,01;-0,02;-0,02;-0,04;-0,04;-0,01;-0,01;-0,02;-0,02;-0,06;-0,06;-0,04;-0,04;-0,02;-0,02;-0,24;-0,24;-0,04;-0,04;0,0;0,0
08.07.2026;21:00;21:15;0,01;0,01;-0,01;-0,01;-0,04;-0,04;-0,12;-0,12;0,0;0,0;-0,02;-0,02;-0,06;-0,06;-0,02;-0,02;-0,16;-0,16;-0,01;-0,01;-0,01;-0,01;0,0;0,0;0,0;0,0;0,0;0,0;-0,02;-0,02;-0,01;-0,01;-0,01;-0,01;0,0;0,0;-0,01;-0,01;-0,05;-0,05;-0,01;-0,01;-0,02;-0,02;-0,06;-0,06;-0,07;-0,07;-0,01;-0,01;-0,12;-0,12;-0,05;-0,05;0,0;0,0
08.07.2026;21:15;21:30;0,01;0,01;0,0;0,0;-0,04;-0,04;-0,13;-0,13;0,0;0,0;-0,02;-0,02;-0,05;-0,05;-0,04;-0,04;-0,14;-0,14;-0,01;-0,01;-0,02;-0,02;-0,01;-0,01;0,0;0,0;0,0;0,0;-0,03;-0,03;-0,01;-0,01;-0,01;-0,01;-0,02;-0,02;0,0;0,0;-0,02;-0,02;-0,01;-0,01;-0,02;-0,02;-0,05;-0,05;-0,17;-0,17;-0,03;-0,03;-0,09;-0,09;-0,04;-0,04;0,0;0,0
08.07.2026;21:30;21:45;0,0;0,0;0,0;0,0;-0,03;-0,03;-0,17;-0,17;0,0;0,0;-0,01;-0,01;-0,05;-0,05;-0,04;-0,04;-0,07;-0,07;-0,01;-0,01;-0,01;-0,01;-0,01;-0,01;0,0;0,0;-0,02;-0,02;-0,05;-0,05;-0,01;-0,01;-0,01;-0,01;-0,01;-0,01;-0,02;-0,02;-0,03;-0,03;0,0;0,0;-0,01;-0,01;-0,05;-0,05;-0,12;-0,12;-0,01;-0,01;-0,06;-0,06;-0,03;-0,03;0,0;0,0
08.07.2026;21:45;22:00;0,0;0,0;0,0;0,0;-0,04;-0,04;-0,22;-0,22;0,0;0,0;-0,02;-0,02;-0,04;-0,04;-0,03;-0,03;-0,02;-0,02;0,0;0,0;0,0;0,0;-0,01;-0,01;0,0;0,0;-0,01;-0,01;-0,05;-0,05;-0,01;-0,01;-0,01;-0,01;-0,01;-0,01;-0,01;-0,01;-0,02;-0,02;-0,01;-0,01;-0,01;-0,01;-0,05;-0,05;-0,04;-0,04;-0,01;-0,01;-0,08;-0,08;-0,05;-0,05;0,0;0,0
08.07.2026;22:00;22:15;0,0;0,0;-0,01;-0,01;-0,04;-0,04;-0,18;-0,18;0,0;0,0;-0,02;-0,02;-0,04;-0,04;-0,04;-0,04;-0,02;-0,02;-0,01;-0,01;0,0;0,0;0,0;0,0;0,0;0,0;0,0;0,0;-0,04;-0,04;-0,01;-0,01;0,0;0,0;-0,01;-0,01;-0,01;-0,01;-0,02;-0,02;-0,02;-0,02;-0,02;-0,02;-0,03;-0,03;-0,03;-0,03;-0,01;-0,01;-0,2;-0,2;-0,04;-0,04;0,0;0,0
08.07.2026;22:15;22:30;0,0;0,0;0,0;0,0;-0,01;-0,01;-0,24;-0,24;0,0;0,0;-0,02;-0,02;-0,04;-0,04;-0,03;-0,03;-0,02;-0,02;-0,02;-0,02;-0,01;-0,01;-0,01;-0,01;0,0;0,0;-0,01;-0,01;-0,06;-0,06;-0,01;-0,01;-0,01;-0,01;0,0;0,0;-0,02;-0,02;-0,03;-0,03;0,0;0,0;-0,03;-0,03;-0,01;-0,01;-0,22;-0,22;-0,01;-0,01;-0,24;-0,24;-0,04;-0,04;0,0;0,0
08.07.2026;22:30;22:45;0,0;0,0;0,0;0,0;-0,01;-0,01;-0,23;-0,23;0,0;0,0;-0,01;-0,01;-0,03;-0,03;-0,03;-0,03;-0,01;-0,01;-0,02;-0,02;-0,02;-0,02;-0,01;-0,01;0,0;0,0;-0,01;-0,01;-0,05;-0,05;-0,01;-0,01;-0,01;-0,01;-0,02;-0,02;-0,01;-0,01;-0,02;-0,02;-0,01;-0,01;-0,02;-0,02;-0,01;-0,01;-0,34;-0,34;-0,02;-0,02;-0,41;-0,41;-0,02;-0,02;0,0;0,0
08.07.2026;22:45;23:00;0,0;0,0;0,0;0,0;0,0;0,0;-0,2;-0,2;0,0;0,0;-0,02;-0,02;-0,04;-0,04;-0,04;-0,04;-0,02;-0,02;-0,01;-0,01;-0,01;-0,01;-0,01;-0,01;0,0;0,0;-0,01;-0,01;-0,01;-0,01;-0,02;-0,02;-0,01;-0,01;-0,01;-0,01;-0,01;-0,01;-0,04;-0,04;-0,01;-0,01;-0,01;-0,01;-0,01;-0,01;-0,03;-0,03;-0,01;-0,01;-0,27;-0,27;-0,01;-0,01;0,0;0,0
08.07.2026;23:00;23:15;0,0;0,0;0,0;0,0;-0,01;-0,01;-0,06;-0,06;0,0;0,0;-0,02;-0,02;-0,04;-0,04;-0,03;-0,03;-0,02;-0,02;-0,02;-0,02;-0,02;-0,02;-0,01;-0,01;0,0;0,0;-0,01;-0,01;-0,01;-0,01;-0,02;-0,02;0,0;0,0;-0,01;-0,01;-0,02;-0,02;-0,03;-0,03;-0,01;-0,01;-0,02;-0,02;-0,01;-0,01;-0,14;-0,14;-0,02;-0,02;-0,17;-0,17;-0,01;-0,01;0,0;0,0
08.07.2026;23:15;23:30;0,0;0,0;-0,01;-0,01;-0,02;-0,02;-0,06;-0,06;0,0;0,0;-0,02;-0,02;-0,04;-0,04;-0,02;-0,02;-0,01;-0,01;-0,01;-0,01;-0,01;-0,01;0,0;0,0;0,0;0,0;0,0;0,0;-0,01;-0,01;-0,01;-0,01;0,0;0,0;-0,01;-0,01;-0,01;-0,01;-0,02;-0,02;-0,01;-0,01;-0,02;-0,02;-0,01;-0,01;-0,16;-0,16;-0,09;-0,09;-0,18;-0,18;-0,01;-0,01;0,0;0,0
08.07.2026;23:30;23:45;0,0;0,0;0,0;0,0;-0,01;-0,01;-0,07;-0,07;0,0;0,0;-0,01;-0,01;-0,03;-0,03;-0,03;-0,03;-0,02;-0,02;-0,01;-0,01;-0,02;-0,02;-0,02;-0,02;0,0;0,0;-0,02;-0,02;-0,02;-0,02;-0,01;-0,01;-0,01;-0,01;0,0;0,0;-0,01;-0,01;-0,02;-0,02;-0,01;-0,01;-0,03;-0,03;-0,02;-0,02;0,0;0,0;-0,01;-0,01;-0,19;-0,19;-0,02;-0,02;0,0;0,0
08.07.2026;23:45;00:00;0,0;0,0;0,0;0,0;-0,02;-0,02;-0,06;-0,06;0,0;0,0;-0,02;-0,02;-0,04;-0,04;-0,03;-0,03;-0,02;-0,02;-0,02;-0,02;-0,01;-0,01;0,0;0,0;0,0;0,0;-0,01;-0,01;0,0;0,0;-0,01;-0,01;-0,01;-0,01;-0,01;-0,01;-0,02;-0,02;-0,02;-0,02;-0,01;-0,01;-0,02;-0,02;0,0;0,0;-0,02;-0,02;0,0;0,0;-0,04;-0,04;-0,01;-0,01;0,0;0,0
09.07.2026;00:00;00:15;0,0;0,0;0,0;0,0;-0,01;-0,01;-0,08;-0,08;0,0;0,0;-0,01;-0,01;-0,04;-0,04;-0,03;-0,03;-0,01;-0,01;-0,02;-0,02;-0,01;-0,01;-0,01;-0,01;0,0;0,0;0,0;0,0;-0,01;-0,01;-0,01;-0,01;-0,01;-0,01;-0,02;-0,02;0,0;0,0;-0,03;-0,03;-0,01;-0,01;-0,01;-0,01;-0,02;-0,02;-0,01;-0,01;-0,01;-0,01;-0,02;-0,02;-0,01;-0,01;0,0;0,0
09.07.2026;00:15;00:30;0,0;0,0;-0,01;-0,01;-0,02;-0,02;-0,06;-0,06;0,0;0,0;-0,01;-0,01;-0,03;-0,03;-0,03;-0,03;-0,02;-0,02;-0,03;-0,03;0,0;0,0;0,0;0,0;0,0;0,0;-0,01;-0,01;-0,01;-0,01;-0,01;-0,01;0,0;0,0;-0,01;-0,01;-0,01;-0,01;-0,02;-0,02;0,0;0,0;-0,02;-0,02;0,0;0,0;0,0;0,0;-0,01;-0,01;-0,19;-0,19;-0,01;-0,01;0,0;0,0
09.07.2026;00:30;00:45;0,0;0,0;0,0;0,0;-0,02;-0,02;-0,06;-0,06;0,0;0,0;-0,02;-0,02;-0,04;-0,04;-0,03;-0,03;-0,02;-0,02;-0,02;-0,02;0,0;0,0;-0,01;-0,01;0,0;0,0;-0,01;-0,01;-0,01;-0,01;-0,01;-0,01;-0,01;-0,01;-0,01;-0,01;-0,02;-0,02;-0,02;-0,02;-0,01;-0,01;-0,02;-0,02;-0,01;-0,01;-0,01;-0,01;-0,02;-0,02;-0,01;-0,01;-0,01;-0,01;0,0;0,0
09.07.2026;00:45;01:00;0,0;0,0;0,0;0,0;-0,01;-0,01;-0,06;-0,06;0,0;0,0;-0,02;-0,02;-0,03;-0,03;-0,04;-0,04;-0,01;-0,01;-0,03;-0,03;-0,01;-0,01;-0,01;-0,01;0,0;0,0;-0,01;-0,01;-0,01;-0,01;-0,01;-0,01;-0,01;-0,01;0,0;0,0;0,0;0,0;-0,03;-0,03;-0,01;-0,01;-0,03;-0,03;-0,02;-0,02;-0,02;-0,02;-0,01;-0,01;-0,02;-0,02;-0,01;-0,01;0,0;0,0
09.07.2026;01:00;01:15;0,0;0,0;0,0;0,0;-0,02;-0,02;-0,12;-0,12;-0,01;-0,01;-0,02;-0,02;-0,04;-0,04;-0,03;-0,03;-0,02;-0,02;-0,02;-0,02;-0,02;-0,02;0,0;0,0;-0,01;-0,01;-0,01;-0,01;-0,01;-0,01;-0,01;-0,01;-0,01;-0,01;-0,02;-0,02;-0,02;-0,02;-0,02;-0,02;-0,01;-0,01;-0,02;-0,02;0,0;0,0;0,0;0,0;-0,02;-0,02;-0,02;-0,02;-0,02;-0,02;0,0;0,0
09.07.2026;01:15;01:30;0,0;0,0;0,0;0,0;-0,01;-0,01;-0,13;-0,13;0,0;0,0;-0,02;-0,02;-0,04;-0,04;-0,01;-0,01;-0,01;-0,01;-0,03;-0,03;-0,02;-0,02;-0,02;-0,02;0,0;0,0;0,0;0,0;-0,01;-0,01;-0,01;-0,01;-0,01;-0,01;-0,03;-0,03;-0,01;-0,01;-0,02;-0,02;-0,01;-0,01;-0,01;-0,01;-0,02;-0,02;-0,01;-0,01;-0,02;-0,02;-0,01;-0,01;0,0;0,0;0,0;0,0
09.07.2026;01:30;01:45;0,0;0,0;-0,01;-0,01;-0,02;-0,02;-0,2;-0,2;0,0;0,0;-0,02;-0,02;-0,03;-0,03;-0,02;-0,02;-0,02;-0,02;-0,03;-0,03;-0,01;-0,01;0,0;0,0;0,0;0,0;-0,02;-0,02;-0,01;-0,01;0,0;0,0;0,0;0,0;-0,03;-0,03;0,0;0,0;-0,03;-0,03;-0,01;-0,01;-0,02;-0,02;0,0;0,0;-0,01;-0,01;-0,02;-0,02;0,0;0,0;-0,02;-0,02;0,0;0,0
09.07.2026;01:45;02:00;0,0;0,0;0,0;0,0;-0,01;-0,01;-0,14;-0,14;0,0;0,0;-0,02;-0,02;-0,04;-0,04;-0,01;-0,01;-0,02;-0,02;-0,02;-0,02;-0,01;-0,01;-0,01;-0,01;0,0;0,0;-0,01;-0,01;-0,01;-0,01;-0,02;-0,02;-0,01;-0,01;-0,03;-0,03;-0,02;-0,02;-0,02;-0,02;-0,01;-0,01;-0,03;-0,03;-0,01;-0,01;-0,01;-0,01;-0,02;-0,02;-0,01;-0,01;-0,01;-0,01;0,0;0,0
09.07.2026;02:00;02:15;0,0;0,0;0,0;0,0;-0,01;-0,01;-0,22;-0,22;0,0;0,0;-0,02;-0,02;-0,03;-0,03;-0,01;-0,01;-0,01;-0,01;-0,03;-0,03;-0,02;-0,02;-0,01;-0,01;0,0;0,0;0,0;0,0;-0,01;-0,01;-0,01;-0,01;-0,01;-0,01;-0,02;-0,02;-0,01;-0,01;-0,02;-0,02;-0,01;-0,01;-0,02;-0,02;-0,02;-0,02;-0,01;-0,01;-0,01;-0,01;-0,01;-0,01;-0,01;-0,01;0,0;0,0
09.07.2026;02:15;02:30;0,0;0,0;0,0;0,0;0,0;0,0;-0,13;-0,13;0,0;0,0;-0,02;-0,02;-0,04;-0,04;-0,01;-0,01;-0,01;-0,01;-0,02;-0,02;-0,01;-0,01;0,0;0,0;0,0;0,0;-0,01;-0,01;-0,01;-0,01;0,0;0,0;-0,01;-0,01;-0,02;-0,02;-0,01;-0,01;-0,03;-0,03;-0,01;-0,01;-0,02;-0,02;0,0;0,0;-0,01;-0,01;-0,02;-0,02;-0,01;-0,01;-0,01;-0,01;0,0;0,0
09.07.2026;02:30;02:45;0,0;0,0;-0,01;-0,01;-0,01;-0,01;-0,13;-0,13;0,0;0,0;-0,02;-0,02;-0,03;-0,03;-0,01;-0,01;-0,02;-0,02;-0,03;-0,03;-0,01;-0,01;-0,02;-0,02;0,0;0,0;-0,01;-0,01;0,0;0,0;-0,02;-0,02;0,0;0,0;-0,02;-0,02;-0,02;-0,02;-0,02;-0,02;-0,01;-0,01;-0,01;-0,01;-0,01;-0,01;-0,01;-0,01;-0,01;-0,01;-0,02;-0,02;-0,01;-0,01;0,0;0,0
09.07.2026;02:45;03:00;0,0;0,0;0,0;0,0;-0,02;-0,02;-0,22;-0,22;0,0;0,0;-0,02;-0,02;-0,04;-0,04;-0,01;-0,01;-0,02;-0,02;-0,01;-0,01;0,0;0,0;0,0;0,0;0,0;0,0;-0,01;-0,01;-0,01;-0,01;0,0;0,0;0,0;0,0;-0,03;-0,03;0,0;0,0;-0,02;-0,02;-0,01;-0,01;-0,02;-0,02;-0,02;-0,02;-0,01;-0,01;0,0;0,0;-0,01;-0,01;-0,02;-0,02;0,0;0,0
09.07.2026;03:00;03:15;0,0;0,0;0,0;0,0;-0,01;-0,01;-0,22;-0,22;0,0;0,0;-0,01;-0,01;-0,03;-0,03;-0,01;-0,01;-0,01;-0,01;-0,01;-0,01;0,0;0,0;-0,01;-0,01;0,0;0,0;-0,01;-0,01;-0,01;-0,01;-0,01;-0,01;-0,01;-0,01;-0,02;-0,02;-0,01;-0,01;-0,02;-0,02;-0,01;-0,01;-0,03;-0,03;0,0;0,0;-0,01;-0,01;-0,01;-0,01;-0,01;-0,01;-0,01;-0,01;0,0;0,0
09.07.2026;03:15;03:30;0,0;0,0;0,0;0,0;-0,02;-0,02;-0,21;-0,21;0,0;0,0;-0,02;-0,02;-0,03;-0,03;-0,01;-0,01;-0,02;-0,02;-0,01;-0,01;-0,01;-0,01;-0,01;-0,01;0,0;0,0;0,0;0,0;-0,01;-0,01;-0,01;-0,01;-0,01;-0,01;-0,02;-0,02;-0,02;-0,02;-0,03;-0,03;-0,01;-0,01;-0,02;-0,02;-0,02;-0,02;-0,01;-0,01;-0,01;-0,01;-0,01;-0,01;-0,01;-0,01;0,0;0,0
09.07.2026;03:30;03:45;0,0;0,0;0,0;0,0;0,0;0,0;-0,22;-0,22;0,0;0,0;-0,02;-0,02;-0,03;-0,03;-0,02;-0,02;-0,01;-0,01;-0,02;-0,02;-0,02;-0,02;0,0;0,0;0,0;0,0;-0,02;-0,02;-0,01;-0,01;-0,01;-0,01;-0,01;-0,01;-0,02;-0,02;0,0;0,0;-0,02;-0,02;-0,01;-0,01;-0,02;-0,02;0,0;0,0;0,0;0,0;-0,01;-0,01;-0,01;-0,01;-0,01;-0,01;0,0;0,0
09.07.2026;03:45;04:00;0,0;0,0;-0,01;-0,01;-0,01;-0,01;-0,09;-0,09;0,0;0,0;-0,02;-0,02;-0,04;-0,04;-0,01;-0,01;-0,01;-0,01;-0,01;-0,01;-0,01;-0,01;-0,01;-0,01;0,0;0,0;-0,01;-0,01;-0,01;-0,01;-0,01;-0,01;0,0;0,0;-0,03;-0,03;-0,01;-0,01;-0,02;-0,02;0,0;0,0;-0,01;-0,01;-0,01;-0,01;-0,01;-0,01;-0,02;-0,02;-0,01;-0,01;-0,01;-0,01;0,0;0,0
09.07.2026;04:00;04:15;0,0;0,0;0,0;0,0;0,0;0,0;-0,08;-0,08;0,0;0,0;-0,02;-0,02;-0,02;-0,02;-0,01;-0,01;-0,02;-0,02;-0,01;-0,01;-0,02;-0,02;-0,01;-0,01;0,0;0,0;0,0;0,0;-0,01;-0,01;-0,01;-0,01;-0,01;-0,01;-0,02;-0,02;-0,02;-0,02;-0,02;-0,02;-0,02;-0,02;-0,02;-0,02;-0,02;-0,02;-0,02;-0,02;-0,01;-0,01;-0,01;-0,01;-0,01;-0,01;0,0;0,0
09.07.2026;04:15;04:30;0,0;0,0;0,0;0,0;-0,02;-0,02;-0,06;-0,06;0,0;0,0;-0,01;-0,01;-0,03;-0,03;-0,04;-0,04;-0,02;-0,02;-0,01;-0,01;-0,01;-0,01;-0,01;-0,01;0,0;0,0;-0,01;-0,01;-0,01;-0,01;-0,01;-0,01;-0,01;-0,01;-0,02;-0,02;0,0;0,0;-0,03;-0,03;-0,01;-0,01;-0,03;-0,03;0,0;0,0;0,0;0,0;-0,01;-0,01;-0,01;-0,01;-0,02;-0,02;0,0;0,0
09.07.2026;04:30;04:45;0,0;0,0;0,0;0,0;-0,01;-0,01;-0,07;-0,07;0,0;0,0;0,0;0,0;-0,04;-0,04;-0,05;-0,05;-0,01;-0,01;-0,02;-0,02;-0,02;-0,02;0,0;0,0;0,0;0,0;-0,02;-0,02;-0,01;-0,01;-0,01;-0,01;-0,01;-0,01;-0,02;-0,02;-0,01;-0,01;-0,02;-0,02;0,0;0,0;-0,02;-0,02;-0,01;-0,01;-0,01;-0,01;-0,01;-0,01;-0,02;-0,02;0,0;0,0;0,0;0,0
09.07.2026;04:45;05:00;0,0;0,0;-0,01;-0,01;-0,02;-0,02;-0,06;-0,06;0,0;0,0;-0,01;-0,01;-0,05;-0,05;-0,02;-0,02;-0,02;-0,02;-0,01;-0,01;-0,01;-0,01;-0,01;-0,01;0,0;0,0;0,0;0,0;-0,15;-0,15;-0,01;-0,01;0,0;0,0;-0,02;-0,02;-0,02;-0,02;-0,02;-0,02;-0,02;-0,02;-0,02;-0,02;-0,02;-0,02;-0,01;-0,01;-0,01;-0,01;-0,01;-0,01;-0,02;-0,02;0,0;0,0
09.07.2026;05:00;05:15;0,0;0,0;0,0;0,0;0,0;0,0;-0,06;-0,06;0,0;0,0;0,0;0,0;-0,04;-0,04;-0,02;-0,02;-0,01;-0,01;-0,01;-0,01;-0,01;-0,01;-0,01;-0,01;0,0;0,0;-0,01;-0,01;-0,02;-0,02;0,0;0,0;-0,01;-0,01;-0,02;-0,02;-0,01;-0,01;-0,02;-0,02;0,0;0,0;-0,01;-0,01;0,0;0,0;-0,01;-0,01;-0,01;-0,01;-0,01;-0,01;-0,01;-0,01;0,0;0,0
09.07.2026;05:15;05:30;0,01;0,01;0,0;0,0;-0,01;-0,01;-0,11;-0,11;0,0;0,0;0,0;0,0;-0,04;-0,04;-0,02;-0,02;-0,01;-0,01;-0,01;-0,01;0,0;0,0;-0,01;-0,01;0,0;0,0;0,0;0,0;-0,03;-0,03;-0,02;-0,02;0,0;0,0;-0,01;-0,01;0,0;0,0;-0,03;-0,03;-0,01;-0,01;-0,02;-0,02;-0,01;-0,01;-0,01;-0,01;-0,01;-0,01;0,0;0,0;-0,03;-0,03;0,0;0,0
09.07.2026;05:30;05:45;0,01;0,01;0,0;0,0;0,0;0,0;-0,14;-0,14;0,0;0,0;-0,01;-0,01;-0,04;-0,04;-0,02;-0,02;-0,02;-0,02;-0,02;-0,02;0,0;0,0;-0,02;-0,02;0,0;0,0;-0,02;-0,02;-0,01;-0,01;0,0;0,0;-0,02;-0,02;0,0;0,0;-0,02;-0,02;-0,03;-0,03;-0,01;-0,01;-0,03;-0,03;-0,01;-0,01;-0,01;-0,01;-0,01;-0,01;-0,02;-0,02;-0,05;-0,05;0,0;0,0
09.07.2026;05:45;06:00;0,03;0,03;-0,01;-0,01;-0,02;-0,02;-0,07;-0,07;0,0;0,0;0,0;0,0;-0,03;-0,03;-0,01;-0,01;-0,01;-0,01;-0,08;-0,08;-0,01;-0,01;-0,03;-0,03;0,0;0,0;-0,01;-0,01;0,0;0,0;-0,01;-0,01;-0,01;-0,01;0,0;0,0;-0,01;-0,01;-0,02;-0,02;-0,01;-0,01;-0,02;-0,02;-0,01;-0,01;-0,01;-0,01;-0,01;-0,01;-0,01;-0,01;-0,01;-0,01;0,0;0,0
09.07.2026;06:00;06:15;0,06;0,06;0,0;0,0;-0,03;-0,03;-0,1;-0,1;-0,01;-0,01;0,0;0,0;-0,04;-0,04;-0,02;-0,02;-0,02;-0,02;-0,03;-0,03;-0,02;-0,02;-0,03;-0,03;-0,01;-0,01;0,0;0,0;-0,02;-0,02;-0,01;-0,01;0,0;0,0;-0,02;-0,02;-0,01;-0,01;-0,02;-0,02;-0,01;-0,01;-0,02;-0,02;-0,02;-0,02;-0,01;-0,01;-0,01;-0,01;0,0;0,0;-0,02;-0,02;0,0;0,0
09.07.2026;06:15;06:30;0,11;0,11;0,0;0,0;-0,07;-0,07;-0,11;-0,11;0,0;0,0;0,0;0,0;-0,04;-0,04;-0,04;-0,04;-0,02;-0,02;-0,02;-0,02;-0,02;-0,02;-0,01;-0,01;0,0;0,0;0,0;0,0;0,0;0,0;-0,01;-0,01;0,0;0,0;-0,02;-0,02;-0,01;-0,01;-0,02;-0,02;-0,01;-0,01;-0,01;-0,01;0,0;0,0;-0,01;-0,01;-0,02;-0,02;-0,02;-0,02;-0,01;-0,01;0,0;0,0
09.07.2026;06:30;06:45;0,28;0,2;0,0;0,0;-0,02;-0,02;-0,12;-0,04;0,0;0,0;-0,01;-0,01;-0,04;-0,04;-0,02;-0,02;-0,01;-0,01;-0,01;-0,01;-0,01;-0,01;-0,02;-0,02;0,0;0,0;-0,02;-0,02;-0,01;-0,01;-0,01;-0,01;-0,01;-0,01;-0,02;-0,02;-0,01;-0,01;-0,02;-0,02;-0,01;-0,01;-0,02;-0,02;-0,01;-0,01;-0,01;-0,01;-0,01;-0,01;-0,01;-0,01;-0,01;-0,01;0,0;0,0
09.07.2026;06:45;07:00;0,55;0,19;0,0;0,0;-0,1;-0,08;-0,08;0,0;0,0;0,0;0,0;0,0;-0,04;-0,02;-0,02;0,0;-0,05;-0,03;-0,02;0,0;-0,01;0,0;0,0;0,0;0,0;0,0;-0,01;0,0;-0,01;0,0;-0,01;0,0;-0,01;0,0;-0,02;0,0;-0,01;0,0;-0,02;0,0;-0,01;0,0;-0,03;-0,01;-0,01;0,0;-0,01;0,0;-0,01;0,0;-0,01;0,0;-0,01;0,0;0,0;0,0
09.07.2026;07:00;07:15;0,98;0,33;-0,01;0,0;-0,01;0,0;-0,23;0,0;0,0;0,0;0,0;0,0;-0,03;0,0;-0,02;0,0;-0,14;-0,06;-0,01;0,0;-0,02;0,0;-0,01;0,0;0,0;0,0;0,0;0,0;-0,01;0,0;-0,01;0,0;-0,01;0,0;-0,02;0,0;-0,01;0,0;-0,09;-0,01;-0,01;0,0;-0,02;0,0;-0,01;0,0;-0,01;0,0;-0,01;0,0;-0,01;0,0;-0,02;0,0;0,0;0,0
09.07.2026;07:15;07:30;0,79;0,22;0,0;0,0;0,0;0,0;-0,16;0,0;0,0;0,0;-0,01;0,0;-0,11;-0,06;-0,05;0,0;-0,2;-0,15;-0,02;0,0;-0,01;0,0;-0,01;0,0;0,0;0,0;-0,01;0,0;-0,01;0,0;-0,01;0,0;0,0;0,0;-0,02;0,0;-0,01;0,0;-0,02;0,0;-0,01;0,0;-0,02;0,0;-0,02;0,0;-0,01;0,0;-0,01;0,0;-0,01;0,0;-0,06;-0,01;0,0;0,0
09.07.2026;07:30;07:45;0,02;0,02;0,0;0,0;-0,01;-0,01;-0,14;-0,14;0,0;0,0;0,0;0,0;-0,08;-0,08;-0,01;-0,01;-0,09;-0,09;-0,02;-0,02;0,0;0,0;0,0;0,0;0,0;0,0;-0,02;-0,02;-0,01;-0,01;-0,01;-0,01;-0,01;-0,01;-0,02;-0,02;-0,01;-0,01;-0,03;-0,03;-0,01;-0,01;-0,01;-0,01;-0,1;-0,1;-0,01;-0,01;-0,02;-0,02;-0,01;-0,01;-0,02;-0,02;0,0;0,0
09.07.2026;07:45;08:00;0,0;0,0;0,0;0,0;-0,02;-0,02;-0,22;-0,22;0,0;0,0;0,0;0,0;-0,06;-0,06;-0,03;-0,03;-0,28;-0,28;-0,05;-0,05;0,0;0,0;-0,01;-0,01;0,0;0,0;0,0;0,0;0,0;0,0;-0,01;-0,01;-0,01;-0,01;-0,01;-0,01;-0,01;-0,01;-0,02;-0,02;0,0;0,0;-0,02;-0,02;-0,04;-0,04;0,0;0,0;-0,01;-0,01;-0,01;-0,01;-0,02;-0,02;0,0;0,0
09.07.2026;08:00;08:15;0,94;0,35;-0,01;0,0;-0,01;0,0;-0,12;0,0;0,0;0,0;-0,01;0,0;-0,15;-0,08;-0,02;0,0;-0,03;0,0;-0,1;-0,03;-0,01;0,0;-0,01;0,0;0,0;0,0;-0,01;0,0;-0,02;0,0;-0,01;0,0;-0,01;0,0;-0,01;0,0;-0,01;0,0;-0,02;0,0;-0,01;0,0;-0,03;0,0;-0,05;0,0;-0,02;0,0;-0,01;0,0;0,0;0,0;-0,02;0,0;0,0;0,0
09.07.2026;08:15;08:30;1,92;1,25;0,0;0,0;-0,01;0,0;-0,25;0,0;0,0;0,0;0,0;0,0;-0,07;0,0;-0,03;0,0;-0,02;0,0;-0,08;0,0;-0,02;0,0;-0,01;0,0;0,0;0,0;0,0;0,0;0,0;0,0;0,0;0,0;0,0;0,0;0,0;0,0;-0,03;0,0;-0,02;0,0;-0,01;0,0;-0,02;0,0;-0,03;0,0;-0,01;0,0;-0,01;0,0;-0,02;0,0;-0,03;0,0;0,0;0,0
09.07.2026;08:30;08:45;2,13;1,52;0,0;0,0;-0,01;0,0;-0,14;0,0;0,0;0,0;0,0;0,0;-0,03;0,0;-0,01;0,0;-0,17;0,0;-0,04;0,0;-0,01;0,0;0,0;0,0;0,0;0,0;-0,02;0,0;-0,02;0,0;-0,02;0,0;-0,01;0,0;0,0;0,0;-0,01;0,0;-0,03;0,0;-0,01;0,0;-0,01;0,0;-0,05;0,0;0,0;0,0;-0,01;0,0;-0,01;0,0;0,0;0,0;0,0;0,0
09.07.2026;08:45;09:00;2,17;1,46;0,0;0,0;0,0;0,0;-0,13;0,0;0,0;0,0;0,0;0,0;-0,04;0,0;-0,03;0,0;-0,22;0,0;-0,03;0,0;-0,02;0,0;-0,01;0,0;0,0;0,0;-0,01;0,0;-0,01;0,0;-0,01;0,0;0,0;0,0;-0,02;0,0;0,0;0,0;-0,02;0,0;-0,01;0,0;-0,02;0,0;-0,04;0,0;-0,02;0,0;-0,02;0,0;-0,03;0,0;-0,02;0,0;0,0;0,0
09.07.2026;09:00;09:15;2,59;2,05;0,0;0,0;-0,01;0,0;-0,07;0,0;0,0;0,0;-0,01;0,0;-0,03;0,0;-0,04;0,0;-0,02;0,0;-0,03;0,0;-0,01;0,0;-0,01;0,0;0,0;0,0;0,0;0,0;0,0;0,0;0,0;0,0;-0,01;0,0;-0,02;0,0;-0,02;0,0;-0,13;0,0;-0,01;0,0;-0,03;0,0;-0,03;0,0;-0,01;0,0;-0,01;0,0;-0,03;0,0;-0,01;0,0;0,0;0,0
09.07.2026;09:15;09:30;2,9;2,16;-0,01;0,0;-0,01;0,0;-0,12;0,0;0,0;0,0;0,0;0,0;-0,04;0,0;-0,03;0,0;-0,02;0,0;-0,02;0,0;-0,02;0,0;0,0;0,0;0,0;0,0;-0,01;0,0;-0,01;0,0;-0,02;0,0;-0,01;0,0;-0,02;0,0;-0,01;0,0;-0,3;0,0;0,0;0,0;-0,02;0,0;-0,05;0,0;0,0;0,0;0,0;0,0;-0,01;0,0;-0,01;0,0;0,0;0,0
09.07.2026;09:30;09:45;3,08;2,01;0,0;0,0;-0,02;0,0;-0,09;0,0;0,0;0,0;0,0;0,0;-0,03;0,0;-0,34;0,0;-0,01;0,0;-0,03;0,0;-0,01;0,0;-0,02;0,0;0,0;0,0;-0,02;0,0;-0,03;0,0;-0,01;0,0;-0,01;0,0;-0,02;0,0;-0,01;0,0;-0,27;0,0;-0,01;0,0;-0,02;0,0;-0,04;0,0;-0,02;0,0;0,0;0,0;-0,01;0,0;-0,05;0,0;0,0;0,0
09.07.2026;09:45;10:00;3,24;2,53;0,0;0,0;-0,01;0,0;-0,11;0,0;0,0;0,0;-0,01;0,0;-0,04;0,0;-0,1;0,0;-0,01;0,0;-0,03;0,0;-0,01;0,0;0,0;0,0;0,0;0,0;0,0;0,0;-0,04;0,0;0,0;0,0;0,0;0,0;-0,02;0,0;-0,02;0,0;-0,19;0,0;-0,02;0,0;-0,01;0,0;-0,04;0,0;-0,01;0,0;-0,02;0,0;-0,01;0,0;-0,01;0,0;0,0;0,0
09.07.2026;10:00;10:15;3,5;2,94;0,0;0,0;0,0;0,0;-0,07;0,0;0,0;0,0;0,0;0,0;-0,03;0,0;-0,05;0,0;-0,02;0,0;-0,03;0,0;0,0;0,0;-0,01;0,0;0,0;0,0;0,0;0,0;-0,03;0,0;-0,02;0,0;-0,01;0,0;-0,01;0,0;-0,01;0,0;-0,17;0,0;0,0;0,0;-0,02;0,0;-0,05;0,0;0,0;0,0;-0,01;0,0;-0,01;0,0;-0,01;0,0;0,0;0,0
09.07.2026;10:15;10:30;3,71;3,24;-0,01;0,0;0,0;0,0;-0,1;0,0;0,0;0,0;0,0;0,0;-0,03;0,0;-0,04;0,0;-0,01;0,0;-0,03;0,0;0,0;0,0;-0,01;0,0;0,0;0,0;-0,01;0,0;-0,03;0,0;-0,01;0,0;-0,01;0,0;-0,02;0,0;-0,01;0,0;-0,02;0,0;-0,01;0,0;-0,03;0,0;-0,04;0,0;-0,01;0,0;-0,02;0,0;-0,01;0,0;-0,01;0,0;0,0;0,0
09.07.2026;10:30;10:45;3,87;3,43;0,0;0,0;-0,02;0,0;-0,06;0,0;0,0;0,0;-0,01;0,0;-0,03;0,0;-0,05;0,0;-0,02;0,0;-0,02;0,0;-0,01;0,0;0,0;0,0;0,0;0,0;-0,02;0,0;-0,02;0,0;0,0;0,0;-0,01;0,0;0,0;0,0;-0,02;0,0;-0,02;0,0;-0,01;0,0;-0,02;0,0;-0,04;0,0;-0,02;0,0;-0,01;0,0;-0,02;0,0;-0,01;0,0;0,0;0,0
09.07.2026;10:45;11:00;3,98;3,38;0,0;0,0;-0,01;0,0;-0,2;0,0;0,0;0,0;0,0;0,0;-0,04;0,0;-0,1;0,0;-0,01;0,0;-0,02;0,0;-0,02;0,0;-0,02;0,0;0,0;0,0;0,0;0,0;-0,03;0,0;-0,01;0,0;0,0;0,0;-0,01;0,0;0,0;0,0;-0,02;0,0;-0,01;0,0;-0,02;0,0;-0,05;0,0;0,0;0,0;-0,01;0,0;-0,01;0,0;-0,01;0,0;0,0;0,0
09.07.2026;11:00;11:15;3,95;3,12;0,0;0,0;-0,24;0,0;-0,1;0,0;-0,01;0,0;0,0;0,0;-0,03;0,0;-0,24;0,0;-0,01;0,0;0,0;0,0;-0,02;0,0;0,0;0,0;-0,01;0,0;-0,01;0,0;-0,03;0,0;-0,01;0,0;0,0;0,0;0,0;0,0;-0,01;0,0;-0,02;0,0;-0,01;0,0;-0,01;0,0;-0,03;0,0;-0,01;0,0;-0,01;0,0;-0,01;0,0;-0,01;0,0;0,0;0,0
09.07.2026;11:15;11:30;2,55;1,93;0,0;0,0;-0,03;0,0;-0,07;0,0;0,0;0,0;0,0;0,0;-0,03;0,0;-0,2;0,0;-0,02;0,0;-0,02;0,0;-0,01;0,0;-0,01;0,0;0,0;0,0;-0,01;0,0;-0,03;0,0;-0,01;0,0;-0,01;0,0;0,0;0,0;-0,02;0,0;-0,02;0,0;-0,01;0,0;-0,02;0,0;-0,05;0,0;-0,02;0,0;-0,02;0,0;0,0;0,0;-0,01;0,0;0,0;0,0
09.07.2026;11:30;11:45;0,36;0,11;-0,01;0,0;-0,46;-0,45;-0,14;-0,11;0,0;0,0;-0,01;0,0;-0,03;-0,02;-0,28;-0,27;-0,01;0,0;-0,02;-0,01;-0,01;0,0;-0,01;0,0;0,0;0,0;-0,01;0,0;-0,03;-0,02;-0,01;0,0;-0,02;-0,01;-0,01;0,0;-0,01;0,0;-0,02;-0,01;-0,01;0,0;-0,03;-0,02;-0,04;-0,03;0,0;0,0;-0,01;0,0;-0,02;-0,01;-0,04;-0,03;0,0;0,0
09.07.2026;11:45;12:00;3,16;2,34;0,0;0,0;-0,23;0,0;-0,19;0,0;0,0;0,0;0,0;0,0;-0,03;0,0;-0,12;0,0;-0,01;0,0;-0,01;0,0;-0,02;0,0;0,0;0,0;0,0;0,0;-0,01;0,0;-0,03;0,0;-0,01;0,0;0,0;0,0;-0,02;0,0;-0,01;0,0;-0,02;0,0;-0,01;0,0;-0,03;0,0;-0,04;0,0;-0,01;0,0;-0,01;0,0;0,0;0,0;-0,01;0,0;0,0;0,0
09.07.2026;12:00;12:15;4,59;3,71;0,0;0,0;-0,25;0,0;-0,09;0,0;0,0;0,0;-0,03;0,0;-0,04;0,0;-0,1;0,0;-0,02;0,0;-0,04;0,0;-0,01;0,0;-0,01;0,0;0,0;0,0;0,0;0,0;-0,03;0,0;-0,01;0,0;-0,01;0,0;-0,01;0,0;-0,01;0,0;-0,02;0,0;-0,01;0,0;-0,01;0,0;-0,09;0,0;-0,02;0,0;-0,01;0,0;-0,01;0,0;-0,05;0,0;0,0;0,0
09.07.2026;12:15;12:30;4,58;3,73;0,0;0,0;-0,06;0,0;-0,09;0,0;0,0;0,0;-0,04;0,0;-0,02;0,0;-0,31;0,0;-0,01;0,0;-0,02;0,0;-0,01;0,0;-0,01;0,0;0,0;0,0;-0,02;0,0;-0,03;0,0;-0,01;0,0;0,0;0,0;-0,02;0,0;-0,01;0,0;-0,03;0,0;-0,01;0,0;-0,01;0,0;-0,03;0,0;-0,01;0,0;-0,01;0,0;-0,06;0,0;-0,03;0,0;0,0;0,0
09.07.2026;12:30;12:45;4,44;3,39;-0,01;0,0;-0,02;0,0;-0,1;0,0;0,0;0,0;-0,03;0,0;-0,03;0,0;-0,09;0,0;-0,02;0,0;-0,02;0,0;-0,01;0,0;-0,01;0,0;0,0;0,0;-0,01;0,0;-0,03;0,0;-0,01;0,0;-0,01;0,0;-0,02;0,0;-0,02;0,0;-0,02;0,0;-0,01;0,0;-0,02;0,0;-0,05;0,0;0,0;0,0;-0,01;0,0;-0,46;0,0;-0,04;0,0;0,0;0,0
09.07.2026;12:45;13:00;4,79;3,97;0,0;0,0;-0,01;0,0;-0,08;0,0;0,0;0,0;-0,03;0,0;-0,04;0,0;-0,03;0,0;-0,04;0,0;-0,01;0,0;0,0;0,0;0,0;0,0;0,0;0,0;0,0;0,0;-0,04;0,0;-0,01;0,0;-0,01;0,0;-0,04;0,0;-0,01;0,0;-0,14;0,0;0,0;0,0;-0,03;0,0;-0,05;0,0;-0,01;0,0;-0,01;0,0;-0,2;0,0;-0,03;0,0;0,0;0,0
09.07.2026;13:00;13:15;4,41;3,45;0,0;0,0;-0,02;0,0;-0,14;0,0;0,0;0,0;-0,03;0,0;-0,04;0,0;-0,1;0,0;-0,01;0,0;-0,02;0,0;0,0;0,0;-0,01;0,0;0,0;0,0;0,0;0,0;-0,04;0,0;-0,01;0,0;-0,01;0,0;-0,02;0,0;0,0;0,0;-0,18;0,0;-0,02;0,0;-0,03;0,0;-0,04;0,0;-0,02;0,0;-0,03;0,0;-0,17;0,0;-0,02;0,0;0,0;0,0
09.07.2026;13:15;13:30;4,67;3,57;0,0;0,0;-0,02;0,0;-0,15;0,0;0,0;0,0;-0,03;0,0;-0,05;0,0;-0,25;0,0;-0,02;0,0;-0,02;0,0;-0,02;0,0;-0,01;0,0;0,0;0,0;-0,02;0,0;-0,04;0,0;-0,01;0,0;0,0;0,0;-0,05;0,0;-0,02;0,0;-0,12;0,0;0,0;0,0;-0,01;0,0;-0,05;0,0;0,0;0,0;-0,15;0,0;-0,05;0,0;-0,01;0,0;0,0;0,0
09.07.2026;13:30;13:45;4,68;3,8;0,0;0,0;-0,03;0,0;-0,1;0,0;0,0;0,0;-0,03;0,0;-0,03;0,0;-0,02;0,0;-0,02;0,0;-0,01;0,0;-0,02;0,0;0,0;0,0;0,0;0,0;-0,01;0,0;-0,04;0,0;-0,01;0,0;0,0;0,0;-0,27;0,0;-0,01;0,0;-0,1;0,0;-0,01;0,0;-0,01;0,0;-0,04;0,0;-0,01;0,0;-0,02;0,0;-0,07;0,0;-0,02;0,0;0,0;0,0
09.07.2026;13:45;14:00;4,63;3,95;-0,01;0,0;-0,02;0,0;-0,1;0,0;0,0;0,0;-0,03;0,0;-0,04;0,0;-0,02;0,0;-0,01;0,0;-0,01;0,0;-0,01;0,0;-0,02;0,0;0,0;0,0;0,0;0,0;-0,04;0,0;-0,01;0,0;-0,01;0,0;-0,05;0,0;-0,01;0,0;-0,02;0,0;-0,02;0,0;-0,03;0,0;-0,04;0,0;-0,02;0,0;-0,01;0,0;-0,12;0,0;-0,03;0,0;0,0;0,0
09.07.2026;14:00;14:15;4,56;3,84;0,0;0,0;-0,03;0,0;-0,15;0,0;0,0;0,0;-0,03;0,0;-0,04;0,0;-0,01;0,0;-0,01;0,0;0,0;0,0;-0,02;0,0;0,0;0,0;0,0;0,0;-0,01;0,0;-0,04;0,0;-0,01;0,0;-0,02;0,0;-0,09;0,0;-0,02;0,0;-0,02;0,0;0,0;0,0;-0,03;0,0;-0,05;0,0;-0,01;0,0;-0,01;0,0;-0,11;0,0;-0,01;0,0;0,0;0,0
09.07.2026;14:15;14:30;4,47;3,26;0,0;0,0;-0,03;0,0;-0,08;0,0;0,0;0,0;-0,03;0,0;-0,04;0,0;-0,01;0,0;-0,01;0,0;-0,01;0,0;-0,01;0,0;-0,01;0,0;0,0;0,0;-0,02;0,0;-0,04;0,0;-0,01;0,0;0,0;0,0;-0,11;0,0;0,0;0,0;-0,03;0,0;-0,01;0,0;-0,02;0,0;-0,04;0,0;0,0;0,0;-0,01;0,0;-0,25;0,0;-0,44;0,0;0,0;0,0
09.07.2026;14:30;14:45;4,36;3,46;0,0;0,0;-0,01;0,0;-0,08;0,0;0,0;0,0;-0,03;0,0;-0,04;0,0;-0,06;0,0;-0,02;0,0;0,0;0,0;-0,01;0,0;-0,01;0,0;0,0;0,0;-0,01;0,0;-0,03;0,0;0,0;0,0;0,0;0,0;-0,12;0,0;-0,01;0,0;-0,02;0,0;-0,01;0,0;-0,01;0,0;-0,04;0,0;-0,02;0,0;-0,01;0,0;-0,21;0,0;-0,15;0,0;0,0;0,0
09.07.2026;14:45;15:00;4,26;3,4;-0,01;0,0;0,0;0,0;-0,08;0,0;0,0;0,0;-0,03;0,0;-0,04;0,0;-0,08;0,0;-0,02;0,0;0,0;0,0;-0,02;0,0;0,0;0,0;0,0;0,0;0,0;0,0;-0,04;0,0;-0,01;0,0;-0,01;0,0;-0,13;0,0;-0,02;0,0;-0,02;0,0;-0,01;0,0;-0,01;0,0;-0,05;0,0;-0,01;0,0;-0,02;0,0;-0,22;0,0;-0,03;0,0;0,0;0,0
09.07.2026;15:00;15:15;4,18;3,41;0,0;0,0;0,0;0,0;-0,08;0,0;0,0;0,0;-0,01;0,0;-0,04;0,0;-0,03;0,0;0,0;0,0;-0,01;0,0;0,0;0,0;-0,02;0,0;0,0;0,0;-0,01;0,0;-0,05;0,0;-0,02;0,0;-0,01;0,0;-0,13;0,0;-0,01;0,0;-0,02;0,0;-0,01;0,0;-0,03;0,0;-0,04;0,0;0,0;0,0;-0,01;0,0;-0,21;0,0;-0,03;0,0;0,0;0,0
09.07.2026;15:15;15:30;3,23;2,25;0,0;0,0;-0,01;0,0;-0,07;0,0;0,0;0,0;-0,02;0,0;-0,03;0,0;-0,03;0,0;-0,02;0,0;0,0;0,0;0,0;0,0;0,0;0,0;0,0;0,0;-0,01;0,0;-0,04;0,0;0,0;0,0;-0,01;0,0;-0,13;0,0;0,0;0,0;-0,02;0,0;-0,01;0,0;-0,03;0,0;-0,04;0,0;-0,02;0,0;-0,01;0,0;-0,21;0,0;-0,27;0,0;0,0;0,0
09.07.2026;15:30;15:45;1,07;0,38;0,0;0,0;-0,02;0,0;-0,14;0,0;0,0;0,0;-0,01;0,0;-0,04;0,0;-0,03;0,0;-0,02;0,0;-0,01;0,0;-0,01;0,0;-0,01;0,0;0,0;0,0;-0,01;0,0;-0,04;0,0;-0,01;0,0;0,0;0,0;-0,13;-0,06;-0,03;0,0;-0,03;0,0;-0,01;0,0;-0,02;0,0;-0,04;0,0;-0,01;0,0;-0,02;0,0;-0,19;-0,12;-0,04;0,0;0,0;0,0
09.07.2026;15:45;16:00;0,8;0,28;-0,01;0,0;-0,01;0,0;-0,14;0,0;0,0;0,0;-0,01;0,0;-0,04;0,0;-0,11;-0,07;-0,01;0,0;-0,01;0,0;-0,01;0,0;-0,01;0,0;0,0;0,0;0,0;0,0;-0,03;0,0;-0,02;0,0;-0,01;0,0;-0,05;-0,01;0,0;0,0;-0,02;0,0;-0,01;0,0;-0,01;0,0;-0,04;0,0;0,0;0,0;0,0;0,0;-0,19;-0,15;-0,01;0,0;0,0;0,0
09.07.2026;16:00;16:15;3,54;2,52;0,0;0,0;-0,02;0,0;-0,1;0,0;-0,01;0,0;-0,02;0,0;-0,03;0,0;-0,14;0,0;-0,04;0,0;-0,02;0,0;-0,02;0,0;0,0;0,0;-0,01;0,0;-0,01;0,0;-0,28;0,0;0,0;0,0;-0,01;0,0;-0,01;0,0;-0,01;0,0;-0,02;0,0;0,0;0,0;-0,02;0,0;-0,05;0,0;-0,01;0,0;0,0;0,0;-0,17;0,0;-0,02;0,0;0,0;0,0
09.07.2026;16:15;16:30;3,37;2,15;0,0;0,0;-0,07;0,0;-0,23;0,0;0,0;0,0;-0,01;0,0;-0,04;0,0;-0,02;0,0;-0,03;0,0;-0,04;0,0;-0,01;0,0;-0,02;0,0;0,0;0,0;-0,02;0,0;-0,35;0,0;-0,01;0,0;-0,01;0,0;-0,01;0,0;-0,02;0,0;-0,02;0,0;-0,02;0,0;-0,03;0,0;-0,04;0,0;-0,02;0,0;-0,01;0,0;-0,18;0,0;-0,01;0,0;0,0;0,0
09.07.2026;16:30;16:45;3,2;2,32;0,0;0,0;-0,09;0,0;-0,17;0,0;0,0;0,0;-0,02;0,0;-0,04;0,0;-0,03;0,0;-0,02;0,0;-0,08;0,0;-0,02;0,0;-0,01;0,0;0,0;0,0;0,0;0,0;-0,04;0,0;-0,01;0,0;-0,01;0,0;-0,02;0,0;-0,01;0,0;-0,02;0,0;-0,01;0,0;-0,02;0,0;-0,04;0,0;-0,01;0,0;-0,01;0,0;-0,18;0,0;-0,02;0,0;0,0;0,0
09.07.2026;16:45;17:00;2,99;2,02;0,0;0,0;-0,06;0,0;-0,21;0,0;0,0;0,0;-0,01;0,0;-0,03;0,0;-0,02;0,0;-0,07;0,0;-0,08;0,0;-0,01;0,0;-0,03;0,0;0,0;0,0;-0,01;0,0;-0,04;0,0;-0,01;0,0;0,0;0,0;-0,01;0,0;-0,01;0,0;-0,02;0,0;0,0;0,0;-0,02;0,0;-0,06;0,0;-0,02;0,0;-0,07;0,0;-0,17;0,0;-0,01;0,0;0,0;0,0
09.07.2026;17:00;17:15;2,78;1,34;-0,01;0,0;-0,43;-0,14;-0,16;0,0;0,0;0,0;-0,01;0,0;-0,04;0,0;-0,02;0,0;-0,03;0,0;-0,09;0,0;-0,02;0,0;-0,01;0,0;0,0;0,0;0,0;0,0;-0,04;0,0;-0,01;0,0;0,0;0,0;-0,01;0,0;-0,01;0,0;-0,02;0,0;-0,02;0,0;-0,01;0,0;-0,05;0,0;-0,24;0,0;-0,16;0,0;-0,18;0,0;-0,01;0,0;0,0;0,0
09.07.2026;17:15;17:30;2,59;1,0;0,0;0,0;-0,32;-0,07;-0,21;0,0;0,0;0,0;0,0;0,0;-0,04;0,0;-0,03;0,0;-0,01;0,0;-0,1;0,0;-0,01;0,0;-0,29;-0,04;0,0;0,0;-0,02;0,0;-0,03;0,0;-0,01;0,0;-0,01;0,0;-0,02;0,0;-0,01;0,0;-0,02;0,0;0,0;0,0;-0,02;0,0;-0,05;0,0;-0,35;-0,1;-0,04;0,0;-0,2;0,0;-0,01;0,0;0,0;0,0
09.07.2026;17:30;17:45;2,37;1,1;0,0;0,0;-0,02;0,0;-0,23;0,0;0,0;0,0;-0,02;0,0;-0,03;0,0;-0,03;0,0;-0,01;0,0;-0,03;0,0;0,0;0,0;-0,31;-0,06;0,0;0,0;-0,01;0,0;-0,04;0,0;-0,01;0,0;-0,01;0,0;-0,05;0,0;-0,02;0,0;-0,02;0,0;-0,01;0,0;-0,03;0,0;-0,04;0,0;-0,24;0,0;-0,01;0,0;-0,15;0,0;-0,01;0,0;0,0;0,0
09.07.2026;17:45;18:00;2,05;1,38;0,0;0,0;-0,01;0,0;-0,16;0,0;0,0;0,0;-0,01;0,0;-0,04;0,0;-0,03;0,0;-0,02;0,0;-0,02;0,0;0,0;0,0;-0,03;0,0;0,0;0,0;0,0;0,0;-0,05;0,0;-0,01;0,0;-0,01;0,0;-0,03;0,0;-0,01;0,0;-0,02;0,0;-0,01;0,0;-0,02;0,0;-0,04;0,0;-0,12;0,0;-0,01;0,0;-0,01;0,0;-0,01;0,0;0,0;0,0
09.07.2026;18:00;18:15;1,86;1,15;-0,01;0,0;-0,04;0,0;-0,12;0,0;0,0;0,0;-0,01;0,0;-0,05;0,0;-0,02;0,0;-0,01;0,0;-0,02;0,0;-0,01;0,0;-0,02;0,0;0,0;0,0;-0,01;0,0;-0,08;0,0;-0,01;0,0;0,0;0,0;-0,01;0,0;-0,01;0,0;-0,03;0,0;-0,01;0,0;-0,02;0,0;-0,04;0,0;-0,13;0,0;-0,01;0,0;-0,02;0,0;-0,02;0,0;0,0;0,0
09.07.2026;18:15;18:30;1,61;0,7;0,0;0,0;-0,09;0,0;-0,16;0,0;0,0;0,0;0,0;0,0;-0,07;0,0;-0,02;0,0;-0,02;0,0;-0,35;-0,21;-0,02;0,0;-0,02;0,0;0,0;0,0;-0,01;0,0;-0,07;0,0;-0,01;0,0;-0,01;0,0;-0,02;0,0;-0,02;0,0;-0,02;0,0;0,0;0,0;-0,01;0,0;-0,04;0,0;-0,14;0,0;-0,01;0,0;-0,01;0,0;0,0;0,0;0,0;0,0
09.07.2026;18:30;18:45;1,41;0,52;0,0;0,0;-0,02;0,0;-0,25;0,0;0,0;0,0;-0,02;0,0;-0,06;0,0;-0,02;0,0;-0,02;0,0;-0,25;-0,15;-0,01;0,0;-0,02;0,0;0,0;0,0;-0,01;0,0;-0,06;0,0;-0,01;0,0;-0,01;0,0;-0,01;0,0;-0,01;0,0;-0,02;0,0;-0,02;0,0;-0,03;0,0;-0,05;0,0;-0,08;0,0;-0,02;0,0;-0,02;0,0;-0,02;0,0;0,0;0,0
09.07.2026;18:45;19:00;0,91;0,27;0,0;0,0;-0,02;0,0;-0,15;0,0;0,0;0,0;-0,01;0,0;-0,06;-0,01;-0,03;0,0;-0,03;0,0;-0,17;-0,12;-0,02;0,0;-0,02;0,0;0,0;0,0;-0,01;0,0;-0,05;0,0;0,0;0,0;-0,01;0,0;-0,01;0,0;-0,01;0,0;-0,02;0,0;-0,01;0,0;-0,02;0,0;-0,04;0,0;-0,02;0,0;-0,03;0,0;-0,02;0,0;-0,01;0,0;0,0;0,0
09.07.2026;19:00;19:15;0,01;0,01;0,0;0,0;-0,07;-0,07;-0,18;-0,18;0,0;0,0;-0,01;-0,01;-0,06;-0,06;-0,01;-0,01;-0,01;-0,01;-0,17;-0,17;-0,01;-0,01;-0,03;-0,03;0,0;0,0;0,0;0,0;-0,06;-0,06;-0,02;-0,02;0,0;0,0;0,0;0,0;-0,02;-0,02;-0,02;-0,02;0,0;0,0;-0,01;-0,01;-0,04;-0,04;-0,02;-0,02;-0,01;-0,01;-0,02;-0,02;-0,01;-0,01;0,0;0,0
09.07.2026;19:15;19:30;0,0;0,0;-0,01;-0,01;-0,02;-0,02;-0,2;-0,2;0,0;0,0;-0,01;-0,01;-0,12;-0,12;-0,02;-0,02;-0,01;-0,01;-0,16;-0,16;-0,01;-0,01;-0,02;-0,02;0,0;0,0;-0,02;-0,02;-0,06;-0,06;-0,01;-0,01;-0,01;-0,01;-0,14;-0,14;0,0;0,0;-0,02;-0,02;-0,02;-0,02;-0,01;-0,01;-0,05;-0,05;-0,03;-0,03;-0,01;-0,01;-0,01;-0,01;-0,01;-0,01;0,0;0,0
09.07.2026;19:30;19:45;0,37;0,11;0,0;0,0;-0,02;-0,01;-0,1;-0,04;0,0;0,0;-0,01;0,0;-0,07;-0,06;-0,01;0,0;-0,02;-0,01;-0,3;-0,29;-0,02;-0,01;-0,02;-0,01;0,0;0,0;-0,01;0,0;-0,06;-0,05;0,0;0,0;-0,01;0,0;-0,54;-0,53;-0,02;-0,01;-0,02;-0,01;0,0;0,0;-0,01;0,0;-0,05;-0,04;-0,02;-0,01;-0,02;-0,01;-0,01;0,0;-0,01;0,0;0,0;0,0
09.07.2026;19:45;20:00;0,36;0,11;0,0;0,0;-0,01;0,0;-0,08;-0,03;0,0;0,0;-0,01;0,0;-0,06;-0,05;-0,02;-0,01;-0,02;-0,01;-0,04;-0,03;0,0;0,0;-0,02;-0,01;0,0;0,0;0,0;0,0;-0,07;-0,06;-0,01;0,0;-0,01;0,0;-0,51;-0,5;-0,01;0,0;-0,02;-0,01;-0,01;0,0;-0,03;-0,02;-0,04;-0,03;-0,02;-0,01;-0,01;0,0;-0,13;-0,12;-0,01;0,0;0,0;0,0
09.07.2026;20:00;20:15;0,21;0,16;0,0;0,0;-0,01;-0,01;-0,08;-0,03;0,0;0,0;-0,01;-0,01;-0,04;-0,04;-0,02;-0,02;0,0;0,0;-0,07;-0,07;-0,01;-0,01;-0,03;-0,03;0,0;0,0;-0,01;-0,01;-0,06;-0,06;-0,02;-0,02;-0,01;-0,01;-0,02;-0,02;-0,01;-0,01;-0,03;-0,03;-0,01;-0,01;-0,02;-0,02;-0,05;-0,05;-0,03;-0,03;-0,06;-0,06;-0,02;-0,02;-0,02;-0,02;0,0;0,0
09.07.2026;20:15;20:30;0,12;0,11;-0,01;-0,01;-0,01;-0,01;-0,08;-0,07;0,0;0,0;-0,01;-0,01;-0,04;-0,04;-0,02;-0,02;-0,02;-0,02;-0,29;-0,29;0,0;0,0;-0,03;-0,03;0,0;0,0;-0,02;-0,02;-0,06;-0,06;-0,01;-0,01;0,0;0,0;-0,02;-0,02;-0,01;-0,01;-0,02;-0,02;-0,01;-0,01;-0,01;-0,01;-0,05;-0,05;-0,03;-0,03;-0,13;-0,13;-0,02;-0,02;0,0;0,0;0,0;0,0
09.07.2026;20:30;20:45;0,04;0,04;0,0;0,0;0,0;0,0;-0,1;-0,1;0,0;0,0;-0,01;-0,01;-0,04;-0,04;-0,02;-0,02;-0,02;-0,02;-0,07;-0,07;-0,01;-0,01;-0,01;-0,01;0,0;0,0;0,0;0,0;-0,06;-0,06;-0,01;-0,01;-0,01;-0,01;-0,23;-0,23;-0,01;-0,01;-0,04;-0,04;-0,01;-0,01;-0,01;-0,01;-0,05;-0,05;-0,02;-0,02;-0,02;-0,02;-0,03;-0,03;-0,02;-0,02;0,0;0,0
09.07.2026;20:45;21:00;0,02;0,02;0,0;0,0;-0,03;-0,03;-0,12;-0,12;0,0;0,0;-0,01;-0,01;-0,04;-0,04;-0,02;-0,02;-0,01;-0,01;-0,04;-0,04;-0,02;-0,02;-0,02;-0,02;0,0;0,0;-0,01;-0,01;-0,04;-0,04;-0,01;-0,01;-0,01;-0,01;-0,02;-0,02;-0,01;-0,01;-0,03;-0,03;-0,01;-0,01;-0,02;-0,02;-0,04;-0,04;-0,02;-0,02;-0,01;-0,01;-0,01;-0,01;-0,01;-0,01;0,0;0,0
09.07.2026;21:00;21:15;0,01;0,01;0,0;0,0;-0,03;-0,03;-0,22;-0,22;-0,01;-0,01;-0,01;-0,01;-0,04;-0,04;-0,02;-0,02;-0,01;-0,01;-0,04;-0,04;-0,01;-0,01;-0,03;-0,03;-0,01;-0,01;0,0;0,0;-0,04;-0,04;-0,05;-0,05;-0,01;-0,01;-0,03;-0,03;-0,02;-0,02;-0,03;-0,03;-0,01;-0,01;-0,02;-0,02;-0,05;-0,05;-0,02;-0,02;-0,01;-0,01;-0,01;-0,01;-0,01;-0,01;0,0;0,0
09.07.2026;21:15;21:30;0,0;0,0;0,0;0,0;-0,03;-0,03;-0,19;-0,19;0,0;0,0;-0,01;-0,01;-0,04;-0,04;-0,03;-0,03;-0,01;-0,01;-0,05;-0,05;-0,02;-0,02;-0,05;-0,05;0,0;0,0;-0,02;-0,02;-0,05;-0,05;-0,03;-0,03;-0,01;-0,01;-0,18;-0,18;0,0;0,0;-0,03;-0,03;-0,01;-0,01;-0,02;-0,02;-0,06;-0,06;-0,02;-0,02;-0,02;-0,02;-0,02;-0,02;-0,01;-0,01;0,0;0,0
09.07.2026;21:30;21:45;0,0;0,0;-0,01;-0,01;-0,03;-0,03;-0,16;-0,16;0,0;0,0;-0,01;-0,01;-0,06;-0,06;-0,02;-0,02;-0,02;-0,02;-0,02;-0,02;-0,01;-0,01;-0,02;-0,02;0,0;0,0;-0,01;-0,01;-0,04;-0,04;-0,04;-0,04;-0,01;-0,01;-0,29;-0,29;-0,01;-0,01;-0,03;-0,03;-0,01;-0,01;-0,01;-0,01;-0,02;-0,02;-0,01;-0,01;-0,01;-0,01;-0,02;-0,02;-0,01;-0,01;0,0;0,0
09.07.2026;21:45;22:00;0,0;0,0;0,0;0,0;-0,04;-0,04;-0,14;-0,14;0,0;0,0;-0,01;-0,01;-0,03;-0,03;-0,03;-0,03;-0,02;-0,02;-0,02;-0,02;-0,02;-0,02;0,0;0,0;0,0;0,0;0,0;0,0;-0,05;-0,05;-0,03;-0,03;-0,03;-0,03;-0,28;-0,28;-0,02;-0,02;-0,03;-0,03;-0,01;-0,01;-0,01;-0,01;-0,01;-0,01;-0,01;-0,01;-0,01;-0,01;-0,03;-0,03;-0,01;-0,01;0,0;0,0
09.07.2026;22:00;22:15;0,0;0,0;0,0;0,0;-0,03;-0,03;-0,07;-0,07;0,0;0,0;-0,01;-0,01;-0,05;-0,05;-0,03;-0,03;0,0;0,0;-0,02;-0,02;-0,01;-0,01;-0,01;-0,01;0,0;0,0;-0,01;-0,01;-0,05;-0,05;-0,03;-0,03;-0,04;-0,04;-0,08;-0,08;0,0;0,0;-0,05;-0,05;-0,01;-0,01;-0,01;-0,01;-0,01;-0,01;-0,01;-0,01;-0,02;-0,02;-0,02;-0,02;-0,01;-0,01;0,0;0,0
09.07.2026;22:15;22:30;0,0;0,0;0,0;0,0;-0,03;-0,03;-0,07;-0,07;0,0;0,0;-0,01;-0,01;-0,04;-0,04;-0,02;-0,02;-0,02;-0,02;-0,01;-0,01;0,0;0,0;-0,01;-0,01;0,0;0,0;-0,02;-0,02;-0,05;-0,05;-0,03;-0,03;-0,03;-0,03;-0,09;-0,09;-0,02;-0,02;-0,05;-0,05;0,0;0,0;-0,03;-0,03;-0,01;-0,01;-0,02;-0,02;-0,01;-0,01;-0,02;-0,02;-0,01;-0,01;0,0;0,0
09.07.2026;22:30;22:45;0,0;0,0;-0,01;-0,01;-0,03;-0,03;-0,06;-0,06;0,0;0,0;-0,01;-0,01;-0,05;-0,05;-0,03;-0,03;-0,02;-0,02;-0,02;-0,02;0,0;0,0;0,0;0,0;0,0;0,0;0,0;0,0;-0,01;-0,01;-0,03;-0,03;-0,02;-0,02;-0,14;-0,14;-0,01;-0,01;-0,04;-0,04;-0,02;-0,02;-0,01;-0,01;-0,01;-0,01;0,0;0,0;0,0;0,0;-0,02;-0,02;-0,02;-0,02;0,0;0,0
09.07.2026;22:45;23:00;0,0;0,0;0,0;0,0;-0,02;-0,02;-0,06;-0,06;0,0;0,0;0,0;0,0;-0,04;-0,04;-0,03;-0,03;-0,01;-0,01;0,0;0,0;-0,01;-0,01;-0,02;-0,02;0,0;0,0;0,0;0,0;-0,01;-0,01;-0,02;-0,02;-0,02;-0,02;-0,15;-0,15;-0,01;-0,01;-0,04;-0,04;-0,01;-0,01;-0,01;-0,01;-0,01;-0,01;-0,02;-0,02;0,0;0,0;-0,03;-0,03;0,0;0,0;0,0;0,0
09.07.2026;23:00;23:15;0,0;0,0;0,0;0,0;-0,02;-0,02;-0,06;-0,06;0,0;0,0;-0,02;-0,02;-0,04;-0,04;-0,02;-0,02;-0,02;-0,02;-0,01;-0,01;-0,02;-0,02;0,0;0,0;0,0;0,0;-0,02;-0,02;-0,01;-0,01;-0,02;-0,02;-0,03;-0,03;-0,17;-0,17;-0,02;-0,02;-0,04;-0,04;0,0;0,0;-0,01;-0,01;-0,01;-0,01;-0,01;-0,01;-0,01;-0,01;-0,02;-0,02;-0,02;-0,02;0,0;0,0
09.07.2026;23:15;23:30;0,0;0,0;0,0;0,0;-0,01;-0,01;-0,09;-0,09;0,0;0,0;-0,01;-0,01;-0,04;-0,04;-0,03;-0,03;0,0;0,0;0,0;0,0;-0,01;-0,01;-0,01;-0,01;0,0;0,0;-0,01;-0,01;-0,01;-0,01;-0,03;-0,03;-0,02;-0,02;-0,16;-0,16;-0,01;-0,01;-0,04;-0,04;-0,02;-0,02;-0,02;-0,02;-0,01;-0,01;-0,01;-0,01;-0,02;-0,02;-0,01;-0,01;-0,01;-0,01;0,0;0,0
09.07.2026;23:30;23:45;0,0;0,0;0,0;0,0;-0,02;-0,02;-0,21;-0,21;0,0;0,0;0,0;0,0;-0,04;-0,04;-0,06;-0,06;-0,02;-0,02;-0,01;-0,01;-0,02;-0,02;-0,01;-0,01;0,0;0,0;-0,01;-0,01;-0,01;-0,01;-0,02;-0,02;-0,02;-0,02;-0,15;-0,15;-0,01;-0,01;-0,04;-0,04;0,0;0,0;-0,03;-0,03;-0,01;-0,01;-0,01;-0,01;-0,01;-0,01;-0,03;-0,03;0,0;0,0;0,0;0,0
09.07.2026;23:45;00:00;0,0;0,0;-0,01;-0,01;-0,02;-0,02;-0,18;-0,18;0,0;0,0;-0,01;-0,01;-0,04;-0,04;-0,07;-0,07;-0,02;-0,02;0,0;0,0;-0,01;-0,01;0,0;0,0;0,0;0,0;0,0;0,0;-0,02;-0,02;-0,02;-0,02;-0,01;-0,01;-0,13;-0,13;-0,02;-0,02;-0,04;-0,04;-0,01;-0,01;-0,01;-0,01;-0,01;-0,01;-0,01;-0,01;-0,01;-0,01;-0,02;-0,02;-0,02;-0,02;0,0;0,0
10.07.2026;00:00;00:15;0,0;0,0;0,0;0,0;-0,01;-0,01;-0,14;-0,14;0,0;0,0;-0,02;-0,02;-0,04;-0,04;-0,04;-0,04;-0,01;-0,01;0,0;0,0;-0,01;-0,01;-0,02;-0,02;0,0;0,0;-0,01;-0,01;-0,01;-0,01;-0,02;-0,02;-0,01;-0,01;-0,04;-0,04;-0,01;-0,01;-0,03;-0,03;-0,01;-0,01;-0,01;-0,01;-0,01;-0,01;-0,02;-0,02;-0,01;-0,01;-0,01;-0,01;-0,01;-0,01;0,0;0,0
10.07.2026;00:15;00:30;0,0;0,0;0,0;0,0;-0,01;-0,01;-0,16;-0,16;0,0;0,0;0,0;0,0;-0,04;-0,04;-0,04;-0,04;-0,02;-0,02;-0,01;-0,01;-0,02;-0,02;0,0;0,0;0,0;0,0;-0,02;-0,02;0,0;0,0;-0,02;-0,02;-0,02;-0,02;-0,04;-0,04;-0,01;-0,01;-0,02;-0,02;-0,01;-0,01;-0,01;-0,01;-0,01;-0,01;0,0;0,0;-0,01;-0,01;-0,01;-0,01;-0,01;-0,01;0,0;0,0
10.07.2026;00:30;00:45;0,0;0,0;0,0;0,0;0,0;0,0;-0,15;-0,15;0,0;0,0;-0,01;-0,01;-0,03;-0,03;-0,04;-0,04;0,0;0,0;0,0;0,0;-0,01;-0,01;-0,01;-0,01;0,0;0,0;0,0;0,0;-0,01;-0,01;0,0;0,0;0,0;0,0;-0,03;-0,03;-0,02;-0,02;-0,02;-0,02;-0,01;-0,01;-0,02;-0,02;-0,01;-0,01;-0,01;-0,01;-0,01;-0,01;-0,02;-0,02;-0,01;-0,01;0,0;0,0
10.07.2026;00:45;01:00;0,0;0,0;-0,01;-0,01;-0,01;-0,01;-0,08;-0,08;0,0;0,0;-0,01;-0,01;-0,04;-0,04;-0,02;-0,02;-0,02;-0,02;-0,01;-0,01;0,0;0,0;-0,01;-0,01;0,0;0,0;0,0;0,0;-0,02;-0,02;-0,01;-0,01;0,0;0,0;-0,04;-0,04;-0,01;-0,01;-0,02;-0,02;-0,01;-0,01;-0,03;-0,03;-0,01;-0,01;-0,02;-0,02;-0,01;-0,01;-0,01;-0,01;-0,01;-0,01;0,0;0,0
10.07.2026;01:00;01:15;0,0;0,0;0,0;0,0;-0,01;-0,01;-0,06;-0,06;0,0;0,0;-0,01;-0,01;-0,04;-0,04;-0,01;-0,01;-0,01;-0,01;0,0;0,0;0,0;0,0;0,0;0,0;0,0;0,0;-0,02;-0,02;0,0;0,0;-0,01;-0,01;-0,02;-0,02;-0,04;-0,04;-0,01;-0,01;-0,02;-0,02;-0,01;-0,01;-0,01;-0,01;-0,01;-0,01;-0,01;-0,01;-0,01;-0,01;-0,01;-0,01;-0,01;-0,01;0,0;0,0
10.07.2026;01:15;01:30;0,0;0,0;0,0;0,0;-0,02;-0,02;-0,06;-0,06;0,0;0,0;-0,01;-0,01;-0,04;-0,04;-0,02;-0,02;-0,02;-0,02;0,0;0,0;-0,01;-0,01;-0,01;-0,01;0,0;0,0;-0,01;-0,01;-0,02;-0,02;-0,01;-0,01;-0,01;-0,01;-0,05;-0,05;-0,02;-0,02;-0,02;-0,02;-0,01;-0,01;-0,01;-0,01;-0,01;-0,01;-0,01;-0,01;-0,02;-0,02;-0,01;-0,01;-0,01;-0,01;0,0;0,0
10.07.2026;01:30;01:45;0,0;0,0;0,0;0,0;-0,01;-0,01;-0,06;-0,06;0,0;0,0;-0,01;-0,01;-0,03;-0,03;-0,01;-0,01;-0,01;-0,01;-0,01;-0,01;-0,02;-0,02;-0,01;-0,01;0,0;0,0;0,0;0,0;-0,01;-0,01;-0,01;-0,01;0,0;0,0;-0,05;-0,05;-0,01;-0,01;-0,02;-0,02;-0,01;-0,01;-0,01;-0,01;-0,01;-0,01;-0,01;-0,01;-0,01;-0,01;-0,02;-0,02;-0,01;-0,01;0,0;0,0
10.07.2026;01:45;02:00;0,0;0,0;-0,01;-0,01;-0,01;-0,01;-0,07;-0,07;0,0;0,0;-0,01;-0,01;-0,04;-0,04;-0,01;-0,01;-0,01;-0,01;0,0;0,0;-0,01;-0,01;-0,01;-0,01;0,0;0,0;-0,01;-0,01;0,0;0,0;-0,01;-0,01;-0,01;-0,01;-0,03;-0,03;0,0;0,0;-0,03;-0,03;-0,01;-0,01;-0,02;-0,02;-0,01;-0,01;-0,01;-0,01;-0,01;-0,01;-0,01;-0,01;-0,01;-0,01;0,0;0,0
10.07.2026;02:00;02:15;0,0;0,0;0,0;0,0;-0,01;-0,01;-0,06;-0,06;-0,01;-0,01;-0,01;-0,01;-0,04;-0,04;-0,01;-0,01;-0,02;-0,02;-0,01;-0,01;-0,02;-0,02;-0,01;-0,01;-0,01;-0,01;-0,01;-0,01;-0,02;-0,02;-0,01;-0,01;0,0;0,0;-0,06;-0,06;-0,02;-0,02;-0,02;-0,02;-0,01;-0,01;-0,02;-0,02;-0,02;-0,02;-0,01;-0,01;-0,01;-0,01;-0,01;-0,01;-0,01;-0,01;0,0;0,0
10.07.2026;02:15;02:30;0,0;0,0;0,0;0,0;-0,01;-0,01;-0,08;-0,08;0,0;0,0;0,0;0,0;-0,03;-0,03;-0,01;-0,01;-0,02;-0,02;-0,01;-0,01;-0,01;-0,01;0,0;0,0;0,0;0,0;-0,01;-0,01;0,0;0,0;-0,01;-0,01;-0,01;-0,01;-0,05;-0,05;-0,01;-0,01;-0,02;-0,02;0,0;0,0;-0,01;-0,01;0,0;0,0;-0,01;-0,01;-0,01;-0,01;-0,01;-0,01;-0,01;-0,01;0,0;0,0
10.07.2026;02:30;02:45;0,0;0,0;0,0;0,0;0,0;0,0;-0,2;-0,2;0,0;0,0;-0,02;-0,02;-0,04;-0,04;-0,01;-0,01;-0,01;-0,01;-0,02;-0,02;-0,01;-0,01;-0,01;-0,01;0,0;0,0;-0,01;-0,01;-0,01;-0,01;-0,01;-0,01;-0,01;-0,01;-0,04;-0,04;0,0;0,0;-0,02;-0,02;-0,02;-0,02;-0,01;-0,01;-0,01;-0,01;-0,02;-0,02;-0,02;-0,02;-0,01;-0,01;-0,01;-0,01;0,0;0,0
10.07.2026;02:45;03:00;0,0;0,0;0,0;0,0;-0,01;-0,01;-0,14;-0,14;0,0;0,0;0,0;0,0;-0,03;-0,03;-0,01;-0,01;-0,02;-0,02;-0,02;-0,02;-0,02;-0,02;-0,01;-0,01;0,0;0,0;0,0;0,0;-0,02;-0,02;-0,01;-0,01;-0,01;-0,01;-0,05;-0,05;-0,02;-0,02;-0,02;-0,02;0,0;0,0;-0,01;-0,01;-0,01;-0,01;-0,01;-0,01;-0,01;-0,01;-0,01;-0,01;-0,01;-0,01;0,0;0,0
10.07.2026;03:00;03:15;0,0;0,0;-0,01;-0,01;-0,01;-0,01;-0,17;-0,17;0,0;0,0;-0,01;-0,01;-0,04;-0,04;-0,01;-0,01;-0,01;-0,01;-0,02;-0,02;0,0;0,0;-0,01;-0,01;0,0;0,0;-0,02;-0,02;0,0;0,0;-0,01;-0,01;0,0;0,0;-0,05;-0,05;-0,01;-0,01;-0,02;-0,02;-0,01;-0,01;-0,03;-0,03;-0,01;-0,01;0,0;0,0;-0,01;-0,01;-0,01;-0,01;-0,01;-0,01;0,0;0,0
10.07.2026;03:15;03:30;0,0;0,0;0,0;0,0;-0,02;-0,02;-0,17;-0,17;0,0;0,0;-0,01;-0,01;-0,04;-0,04;-0,01;-0,01;-0,02;-0,02;-0,01;-0,01;0,0;0,0;-0,01;-0,01;0,0;0,0;0,0;0,0;-0,01;-0,01;-0,01;-0,01;-0,01;-0,01;-0,04;-0,04;0,0;0,0;-0,02;-0,02;-0,01;-0,01;-0,02;-0,02;-0,01;-0,01;-0,02;-0,02;-0,01;-0,01;-0,01;-0,01;-0,01;-0,01;0,0;0,0
10.07.2026;03:30;03:45;0,0;0,0;0,0;0,0;-0,01;-0,01;-0,19;-0,19;0,0;0,0;-0,01;-0,01;-0,03;-0,03;-0,01;-0,01;-0,02;-0,02;-0,02;-0,02;-0,01;-0,01;0,0;0,0;0,0;0,0;-0,01;-0,01;-0,01;-0,01;-0,01;-0,01;-0,01;-0,01;-0,08;-0,08;-0,03;-0,03;-0,02;-0,02;-0,01;-0,01;-0,01;-0,01;-0,01;-0,01;-0,01;-0,01;-0,01;-0,01;-0,02;-0,02;-0,01;-0,01;0,0;0,0
10.07.2026;03:45;04:00;0,0;0,0;0,0;0,0;-0,01;-0,01;-0,18;-0,18;0,0;0,0;-0,01;-0,01;-0,04;-0,04;-0,01;-0,01;-0,01;-0,01;-0,02;-0,02;-0,01;-0,01;-0,01;-0,01;0,0;0,0;-0,01;-0,01;-0,01;-0,01;-0,01;-0,01;-0,01;-0,01;-0,06;-0,06;0,0;0,0;-0,02;-0,02;-0,01;-0,01;-0,01;-0,01;-0,01;-0,01;-0,01;-0,01;-0,02;-0,02;0,0;0,0;-0,01;-0,01;0,0;0,0
10.07.2026;04:00;04:15;0,0;0,0;-0,01;-0,01;-0,01;-0,01;-0,14;-0,14;0,0;0,0;-0,01;-0,01;-0,03;-0,03;-0,01;-0,01;-0,02;-0,02;-0,01;-0,01;-0,02;-0,02;-0,01;-0,01;0,0;0,0;-0,01;-0,01;-0,01;-0,01;0,0;0,0;0,0;0,0;-0,04;-0,04;-0,01;-0,01;-0,02;-0,02;-0,01;-0,01;-0,01;-0,01;-0,02;-0,02;-0,01;-0,01;-0,01;-0,01;-0,01;-0,01;-0,01;-0,01;0,0;0,0
10.07.2026;04:15;04:30;0,0;0,0;0,0;0,0;-0,01;-0,01;-0,21;-0,21;0,0;0,0;-0,01;-0,01;-0,04;-0,04;-0,01;-0,01;-0,01;-0,01;-0,02;-0,02;-0,01;-0,01;-0,01;-0,01;0,0;0,0;-0,01;-0,01;-0,01;-0,01;-0,02;-0,02;-0,01;-0,01;-0,04;-0,04;-0,02;-0,02;-0,03;-0,03;-0,01;-0,01;-0,03;-0,03;0,0;0,0;-0,01;-0,01;-0,01;-0,01;-0,02;-0,02;-0,01;-0,01;0,0;0,0
10.07.2026;04:30;04:45;0,0;0,0;0,0;0,0;0,0;0,0;-0,21;-0,21;0,0;0,0;0,0;0,0;-0,03;-0,03;-0,01;-0,01;-0,02;-0,02;-0,02;-0,02;-0,01;-0,01;0,0;0,0;0,0;0,0;0,0;0,0;-0,01;-0,01;-0,01;-0,01;-0,01;-0,01;-0,04;-0,04;0,0;0,0;-0,02;-0,02;0,0;0,0;-0,02;-0,02;-0,01;-0,01;-0,01;-0,01;-0,01;-0,01;0,0;0,0;-0,01;-0,01;0,0;0,0
10.07.2026;04:45;05:00;0,0;0,0;0,0;0,0;-0,01;-0,01;-0,22;-0,22;0,0;0,0;-0,01;-0,01;-0,04;-0,04;-0,01;-0,01;-0,01;-0,01;-0,01;-0,01;-0,02;-0,02;-0,01;-0,01;0,0;0,0;-0,01;-0,01;-0,16;-0,16;0,0;0,0;-0,01;-0,01;-0,03;-0,03;-0,01;-0,01;-0,02;-0,02;-0,02;-0,02;-0,01;-0,01;-0,01;-0,01;-0,01;-0,01;-0,02;-0,02;-0,01;-0,01;-0,01;-0,01;0,0;0,0
10.07.2026;05:00;05:15;0,0;0,0;0,0;0,0;-0,01;-0,01;-0,19;-0,19;0,0;0,0;-0,02;-0,02;-0,03;-0,03;-0,01;-0,01;-0,02;-0,02;-0,02;-0,02;-0,01;-0,01;-0,01;-0,01;0,0;0,0;-0,02;-0,02;-0,14;-0,14;-0,02;-0,02;0,0;0,0;-0,04;-0,04;-0,02;-0,02;-0,02;-0,02;0,0;0,0;-0,01;-0,01;-0,01;-0,01;-0,01;-0,01;0,0;0,0;-0,02;-0,02;-0,01;-0,01;0,0;0,0
10.07.2026;05:15;05:30;0,01;0,01;-0,01;-0,01;-0,01;-0,01;-0,22;-0,22;0,0;0,0;0,0;0,0;-0,04;-0,04;0,0;0,0;-0,01;-0,01;0,0;0,0;-0,01;-0,01;-0,01;-0,01;0,0;0,0;0,0;0,0;-0,09;-0,09;0,0;0,0;0,0;0,0;-0,02;-0,02;0,0;0,0;-0,02;-0,02;-0,01;-0,01;-0,01;-0,01;-0,01;-0,01;-0,01;-0,01;0,0;0,0;-0,01;-0,01;-0,02;-0,02;0,0;0,0
10.07.2026;05:30;05:45;0,03;0,03;0,0;0,0;-0,02;-0,02;-0,12;-0,12;0,0;0,0;-0,01;-0,01;-0,05;-0,05;-0,02;-0,02;-0,01;-0,01;-0,01;-0,01;-0,01;-0,01;0,0;0,0;0,0;0,0;0,0;0,0;-0,01;-0,01;-0,01;-0,01;-0,01;-0,01;-0,03;-0,03;-0,01;-0,01;-0,02;-0,02;-0,02;-0,02;-0,02;-0,02;-0,01;-0,01;-0,01;-0,01;0,0;0,0;-0,01;-0,01;-0,07;-0,07;0,0;0,0
10.07.2026;05:45;06:00;0,04;0,04;0,0;0,0;-0,01;-0,01;-0,08;-0,08;0,0;0,0;-0,01;-0,01;-0,03;-0,03;0,0;0,0;-0,02;-0,02;-0,08;-0,08;0,0;0,0;-0,02;-0,02;0,0;0,0;-0,02;-0,02;-0,01;-0,01;-0,01;-0,01;-0,01;-0,01;-0,04;-0,04;-0,02;-0,02;-0,02;-0,02;0,0;0,0;-0,02;-0,02;-0,01;-0,01;-0,01;-0,01;-0,01;-0,01;-0,01;-0,01;-0,02;-0,02;0,0;0,0
10.07.2026;06:00;06:15;0,04;0,04;0,0;0,0;-0,04;-0,04;-0,07;-0,07;0,0;0,0;-0,01;-0,01;-0,04;-0,04;-0,04;-0,04;-0,01;-0,01;0,0;0,0;0,0;0,0;-0,03;-0,03;0,0;0,0;-0,01;-0,01;-0,02;-0,02;-0,01;-0,01;-0,01;-0,01;-0,03;-0,03;0,0;0,0;-0,02;-0,02;-0,01;-0,01;-0,01;-0,01;-0,02;-0,02;-0,01;-0,01;-0,01;-0,01;-0,01;-0,01;0,0;0,0;0,0;0,0
10.07.2026;06:15;06:30;0,08;0,08;-0,01;-0,01;-0,09;-0,09;-0,14;-0,14;0,0;0,0;0,0;0,0;-0,04;-0,04;-0,02;-0,02;-0,02;-0,02;-0,01;-0,01;-0,02;-0,02;-0,02;-0,02;0,0;0,0;0,0;0,0;-0,01;-0,01;-0,01;-0,01;0,0;0,0;-0,03;-0,03;-0,01;-0,01;-0,02;-0,02;-0,01;-0,01;-0,01;-0,01;0,0;0,0;-0,01;-0,01;-0,02;-0,02;-0,01;-0,01;-0,01;-0,01;0,0;0,0
10.07.2026;06:30;06:45;0,0;0,0;0,0;0,0;-0,01;-0,01;-0,15;-0,15;0,0;0,0;-0,01;-0,01;-0,04;-0,04;-0,02;-0,02;-0,01;-0,01;-0,01;-0,01;-0,02;-0,02;-0,01;-0,01;0,0;0,0;-0,01;-0,01;-0,01;-0,01;-0,01;-0,01;-0,01;-0,01;-0,03;-0,03;-0,02;-0,02;-0,02;-0,02;-0,01;-0,01;-0,02;-0,02;-0,01;-0,01;-0,01;-0,01;-0,02;-0,02;-0,01;-0,01;-0,02;-0,02;0,0;0,0
10.07.2026;06:45;07:00;0,0;0,0;0,0;0,0;-0,01;-0,01;-0,08;-0,08;0,0;0,0;-0,02;-0,02;-0,04;-0,04;-0,02;-0,02;-0,01;-0,01;-0,02;-0,02;-0,01;-0,01;0,0;0,0;0,0;0,0;-0,01;-0,01;-0,02;-0,02;-0,01;-0,01;-0,01;-0,01;-0,03;-0,03;-0,01;-0,01;-0,15;-0,15;-0,01;-0,01;-0,02;-0,02;-0,01;-0,01;-0,01;-0,01;-0,02;-0,02;-0,01;-0,01;0,0;0,0;0,0;0,0
10.07.2026;07:00;07:15;0,26;0,19;0,0;0,0;-0,01;-0,01;-0,15;-0,08;-0,01;-0,01;0,0;0,0;-0,13;-0,13;-0,02;-0,02;-0,01;-0,01;-0,02;-0,02;-0,01;-0,01;-0,01;-0,01;-0,01;-0,01;-0,01;-0,01;-0,01;-0,01;-0,01;-0,01;-0,01;-0,01;-0,03;-0,03;0,0;0,0;-0,03;-0,03;-0,01;-0,01;-0,02;-0,02;-0,01;-0,01;-0,02;-0,02;-0,11;-0,11;-0,02;-0,02;-0,01;-0,01;0,0;0,0
10.07.2026;07:15;07:30;0,82;0,27;0,0;0,0;-0,02;0,0;-0,15;0,0;0,0;0,0;-0,01;0,0;-0,05;0,0;-0,05;0,0;-0,02;0,0;-0,01;0,0;-0,02;0,0;0,0;0,0;0,0;0,0;-0,01;0,0;0,0;0,0;-0,01;0,0;0,0;0,0;-0,03;0,0;-0,02;0,0;-0,02;0,0;-0,01;0,0;-0,01;0,0;-0,02;0,0;-0,01;0,0;-0,09;-0,04;-0,01;0,0;-0,02;0,0;0,0;0,0
10.07.2026;07:30;07:45;1,08;0,62;-0,01;0,0;-0,02;0,0;-0,14;0,0;0,0;0,0;-0,01;0,0;-0,06;0,0;-0,01;0,0;-0,01;0,0;-0,02;0,0;-0,01;0,0;-0,02;0,0;0,0;0,0;0,0;0,0;-0,01;0,0;0,0;0,0;0,0;0,0;-0,03;0,0;-0,01;0,0;-0,02;0,0;-0,01;0,0;-0,01;0,0;-0,04;0,0;-0,01;0,0;-0,01;0,0;0,0;0,0;0,0;0,0;0,0;0,0
10.07.2026;07:45;08:00;1,31;0,74;0,0;0,0;-0,06;0,0;-0,06;0,0;0,0;0,0;-0,01;0,0;-0,11;0,0;-0,02;0,0;-0,01;0,0;-0,02;0,0;-0,01;0,0;0,0;0,0;0,0;0,0;-0,02;0,0;-0,02;0,0;-0,02;0,0;-0,01;0,0;-0,03;0,0;-0,01;0,0;-0,02;0,0;-0,01;0,0;-0,02;0,0;-0,04;0,0;-0,01;0,0;-0,02;0,0;-0,02;0,0;-0,02;0,0;0,0;0,0
10.07.2026;08:00;08:15;1,57;1,08;0,0;0,0;-0,02;0,0;-0,07;0,0;0,0;0,0;0,0;0,0;-0,09;0,0;-0,03;0,0;-0,02;0,0;-0,01;0,0;0,0;0,0;-0,01;0,0;0,0;0,0;-0,01;0,0;-0,01;0,0;0,0;0,0;-0,01;0,0;-0,03;0,0;-0,02;0,0;-0,02;0,0;-0,01;0,0;-0,02;0,0;-0,04;0,0;-0,02;0,0;-0,02;0,0;-0,03;0,0;0,0;0,0;0,0;0,0
10.07.2026;08:15;08:30;1,83;1,32;0,0;0,0;-0,01;0,0;-0,1;0,0;0,0;0,0;-0,02;0,0;-0,08;0,0;-0,01;0,0;-0,01;0,0;-0,02;0,0;0,0;0,0;-0,01;0,0;0,0;0,0;0,0;0,0;-0,01;0,0;-0,01;0,0;-0,01;0,0;-0,04;0,0;-0,03;0,0;-0,03;0,0;-0,01;0,0;-0,01;0,0;-0,04;0,0;0,0;0,0;-0,02;0,0;-0,03;0,0;-0,01;0,0;0,0;0,0
10.07.2026;08:30;08:45;2,02;1,41;-0,01;0,0;0,0;0,0;-0,11;0,0;0,0;0,0;0,0;0,0;-0,04;0,0;-0,03;0,0;-0,02;0,0;-0,02;0,0;-0,01;0,0;0,0;0,0;0,0;0,0;0,0;0,0;0,0;0,0;-0,02;0,0;-0,01;0,0;-0,03;0,0;-0,15;0,0;-0,02;0,0;0,0;0,0;-0,01;0,0;-0,05;0,0;-0,02;0,0;-0,01;0,0;-0,03;0,0;-0,02;0,0;0,0;0,0
10.07.2026;08:45;09:00;2,23;1,77;0,0;0,0;-0,01;0,0;-0,08;0,0;0,0;0,0;-0,01;0,0;-0,03;0,0;-0,04;0,0;-0,01;0,0;-0,01;0,0;-0,02;0,0;-0,02;0,0;0,0;0,0;-0,02;0,0;-0,01;0,0;0,0;0,0;0,0;0,0;-0,03;0,0;-0,02;0,0;-0,02;0,0;-0,02;0,0;-0,01;0,0;-0,04;0,0;-0,01;0,0;-0,02;0,0;-0,03;0,0;0,0;0,0;0,0;0,0
10.07.2026;09:00;09:15;2,61;2,15;0,0;0,0;-0,01;0,0;-0,07;0,0;0,0;0,0;-0,01;0,0;-0,04;0,0;-0,02;0,0;-0,01;0,0;-0,02;0,0;-0,02;0,0;0,0;0,0;0,0;0,0;-0,02;0,0;-0,01;0,0;-0,01;0,0;-0,01;0,0;-0,03;0,0;-0,02;0,0;-0,03;0,0;0,0;0,0;-0,02;0,0;-0,04;0,0;-0,01;0,0;-0,02;0,0;-0,03;0,0;-0,01;0,0;0,0;0,0
10.07.2026;09:15;09:30;2,81;2,0;0,0;0,0;-0,01;0,0;-0,08;0,0;0,0;0,0;-0,01;0,0;-0,04;0,0;-0,02;0,0;-0,01;0,0;-0,01;0,0;-0,01;0,0;-0,01;0,0;0,0;0,0;0,0;0,0;-0,01;0,0;-0,01;0,0;-0,01;0,0;-0,03;0,0;-0,01;0,0;-0,38;0,0;-0,01;0,0;-0,03;0,0;-0,05;0,0;-0,01;0,0;-0,02;0,0;-0,03;0,0;-0,01;0,0;0,0;0,0
10.07.2026;09:30;09:45;2,99;2,51;0,0;0,0;-0,01;0,0;-0,06;0,0;0,0;0,0;0,0;0,0;-0,04;0,0;-0,02;0,0;-0,02;0,0;-0,02;0,0;-0,02;0,0;-0,01;0,0;0,0;0,0;0,0;0,0;-0,01;0,0;-0,01;0,0;-0,01;0,0;-0,03;0,0;-0,01;0,0;-0,08;0,0;-0,02;0,0;-0,01;0,0;-0,04;0,0;-0,01;0,0;-0,01;0,0;-0,03;0,0;-0,01;0,0;0,0;0,0
10.07.2026;09:45;10:00;2,45;1,96;-0,01;0,0;-0,02;0,0;-0,08;0,0;0,0;0,0;-0,01;0,0;-0,03;0,0;-0,02;0,0;-0,01;0,0;-0,01;0,0;-0,01;0,0;0,0;0,0;0,0;0,0;-0,02;0,0;-0,01;0,0;-0,01;0,0;0,0;0,0;-0,04;0,0;-0,01;0,0;-0,07;0,0;0,0;0,0;-0,01;0,0;-0,04;0,0;-0,02;0,0;0,0;0,0;-0,05;0,0;-0,01;0,0;0,0;0,0
10.07.2026;10:00;10:15;3,58;3,05;0,0;0,0;-0,09;0,0;-0,07;0,0;0,0;0,0;-0,02;0,0;-0,04;0,0;-0,03;0,0;-0,02;0,0;-0,01;0,0;-0,01;0,0;-0,01;0,0;0,0;0,0;-0,01;0,0;-0,01;0,0;-0,01;0,0;0,0;0,0;-0,02;0,0;-0,01;0,0;-0,05;0,0;-0,01;0,0;-0,01;0,0;-0,04;0,0;-0,01;0,0;-0,01;0,0;-0,03;0,0;-0,01;0,0;0,0;0,0
10.07.2026;10:15;10:30;3,4;2,76;0,0;0,0;-0,13;0,0;-0,07;0,0;0,0;0,0;0,0;0,0;-0,03;0,0;-0,02;0,0;-0,01;0,0;0,0;0,0;-0,01;0,0;-0,01;0,0;0,0;0,0;0,0;0,0;-0,01;0,0;-0,01;0,0;-0,01;0,0;-0,06;0,0;-0,01;0,0;-0,16;0,0;-0,01;0,0;-0,02;0,0;-0,04;0,0;0,0;0,0;0,0;0,0;-0,02;0,0;-0,01;0,0;0,0;0,0
10.07.2026;10:30;10:45;1,83;0,87;0,0;0,0;-0,07;0,0;-0,25;0,0;0,0;0,0;-0,01;0,0;-0,04;0,0;-0,03;0,0;-0,01;0,0;-0,01;0,0;0,0;0,0;-0,01;0,0;0,0;0,0;-0,01;0,0;-0,01;0,0;-0,01;0,0;-0,01;0,0;-0,05;0,0;-0,02;0,0;-0,33;-0,15;-0,01;0,0;-0,03;0,0;-0,06;0,0;-0,02;0,0;-0,02;0,0;-0,09;0,0;-0,01;0,0;0,0;0,0
10.07.2026;10:45;11:00;0,12;0,11;-0,01;-0,01;-0,02;-0,02;-0,25;-0,24;0,0;0,0;-0,01;-0,01;-0,04;-0,04;-0,03;-0,03;-0,02;-0,02;0,0;0,0;0,0;0,0;0,0;0,0;0,0;0,0;-0,02;-0,02;-0,03;-0,03;-0,01;-0,01;-0,01;-0,01;-0,05;-0,05;-0,01;-0,01;-0,26;-0,26;-0,01;-0,01;-0,01;-0,01;-0,12;-0,12;-0,01;-0,01;-0,01;-0,01;-0,05;-0,05;-0,01;-0,01;0,0;0,0
10.07.2026;11:00;11:15;3,61;2,92;0,0;0,0;-0,02;0,0;-0,22;0,0;0,0;0,0;-0,01;0,0;-0,03;0,0;-0,02;0,0;-0,01;0,0;0,0;0,0;-0,02;0,0;-0,01;0,0;0,0;0,0;0,0;0,0;-0,03;0,0;-0,01;0,0;-0,03;0,0;-0,04;0,0;-0,01;0,0;-0,06;0,0;-0,01;0,0;-0,01;0,0;-0,04;0,0;-0,01;0,0;-0,01;0,0;-0,08;0,0;-0,01;0,0;0,0;0,0
10.07.2026;11:15;11:30;3,51;3,02;0,0;0,0;-0,01;0,0;-0,08;0,0;0,0;0,0;0,0;0,0;-0,04;0,0;-0,02;0,0;-0,02;0,0;-0,01;0,0;-0,02;0,0;-0,01;0,0;0,0;0,0;-0,01;0,0;-0,04;0,0;-0,01;0,0;-0,02;0,0;-0,03;0,0;-0,01;0,0;-0,03;0,0;-0,01;0,0;-0,01;0,0;-0,05;0,0;-0,01;0,0;-0,01;0,0;-0,03;0,0;-0,01;0,0;0,0;0,0
10.07.2026;11:30;11:45;3,64;3,06;0,0;0,0;-0,03;0,0;-0,08;0,0;0,0;0,0;-0,02;0,0;-0,03;0,0;-0,02;0,0;-0,02;0,0;0,0;0,0;-0,01;0,0;-0,01;0,0;0,0;0,0;-0,01;0,0;-0,04;0,0;-0,01;0,0;-0,03;0,0;-0,11;0,0;-0,01;0,0;-0,03;0,0;-0,01;0,0;-0,02;0,0;-0,05;0,0;-0,02;0,0;-0,01;0,0;0,0;0,0;-0,01;0,0;0,0;0,0
10.07.2026;11:45;12:00;3,84;3,03;-0,01;0,0;-0,06;0,0;-0,07;0,0;0,0;0,0;-0,01;0,0;-0,04;0,0;-0,27;0,0;0,0;0,0;0,0;0,0;-0,01;0,0;-0,01;0,0;0,0;0,0;-0,01;0,0;-0,03;0,0;-0,01;0,0;-0,04;0,0;-0,05;0,0;-0,01;0,0;-0,02;0,0;0,0;0,0;-0,02;0,0;-0,07;0,0;-0,01;0,0;-0,01;0,0;-0,04;0,0;-0,01;0,0;0,0;0,0
10.07.2026;12:00;12:15;2,28;1,5;0,0;0,0;-0,01;0,0;-0,07;0,0;-0,01;0,0;0,0;0,0;-0,04;0,0;-0,32;-0,05;-0,02;0,0;-0,01;0,0;-0,02;0,0;0,0;0,0;-0,01;0,0;-0,01;0,0;-0,04;0,0;-0,01;0,0;-0,02;0,0;-0,05;0,0;-0,02;0,0;-0,03;0,0;-0,01;0,0;-0,01;0,0;-0,05;0,0;-0,01;0,0;-0,01;0,0;-0,04;0,0;-0,01;0,0;0,0;0,0
10.07.2026;12:15;12:30;3,09;2,03;0,0;0,0;-0,03;0,0;-0,12;0,0;0,0;0,0;-0,01;0,0;-0,03;0,0;-0,02;0,0;-0,01;0,0;0,0;0,0;-0,01;0,0;-0,01;0,0;0,0;0,0;0,0;0,0;-0,04;0,0;-0,01;0,0;-0,2;0,0;-0,04;0,0;0,0;0,0;-0,02;0,0;-0,01;0,0;-0,01;0,0;-0,07;0,0;-0,01;0,0;-0,01;0,0;-0,4;-0,01;-0,01;0,0;0,0;0,0
10.07.2026;12:30;12:45;4,98;4,3;0,0;0,0;-0,02;0,0;-0,1;0,0;0,0;0,0;-0,01;0,0;-0,04;0,0;-0,02;0,0;-0,02;0,0;-0,01;0,0;-0,02;0,0;-0,01;0,0;0,0;0,0;-0,02;0,0;-0,04;0,0;-0,01;0,0;-0,05;0,0;-0,03;0,0;-0,02;0,0;-0,02;0,0;-0,01;0,0;-0,02;0,0;-0,04;0,0;-0,02;0,0;-0,01;0,0;-0,13;0,0;-0,01;0,0;0,0;0,0
10.07.2026;12:45;13:00;4,84;3,68;0,0;0,0;-0,03;0,0;-0,08;0,0;0,0;0,0;-0,01;0,0;-0,03;0,0;-0,07;0,0;-0,02;0,0;-0,02;0,0;0,0;0,0;0,0;0,0;0,0;0,0;-0,01;0,0;-0,34;0,0;-0,01;0,0;-0,03;0,0;-0,06;0,0;-0,01;0,0;-0,02;0,0;-0,01;0,0;-0,02;0,0;-0,05;0,0;-0,01;0,0;-0,01;0,0;-0,31;0,0;-0,01;0,0;0,0;0,0
10.07.2026;13:00;13:15;4,1;3,27;-0,01;0,0;-0,02;0,0;-0,1;0,0;0,0;0,0;0,0;0,0;-0,04;0,0;-0,03;0,0;0,0;0,0;-0,02;0,0;0,0;0,0;-0,01;0,0;0,0;0,0;0,0;0,0;-0,38;0,0;0,0;0,0;-0,02;0,0;-0,05;0,0;-0,01;0,0;-0,02;0,0;-0,01;0,0;-0,02;0,0;-0,05;0,0;0,0;0,0;-0,01;0,0;-0,02;0,0;-0,01;0,0;0,0;0,0
10.07.2026;13:15;13:30;4,65;3,99;0,0;0,0;-0,03;0,0;-0,1;0,0;0,0;0,0;-0,02;0,0;-0,03;0,0;-0,03;0,0;-0,02;0,0;-0,01;0,0;-0,01;0,0;-0,01;0,0;0,0;0,0;0,0;0,0;-0,17;0,0;-0,02;0,0;-0,02;0,0;-0,04;0,0;-0,01;0,0;-0,02;0,0;-0,01;0,0;-0,01;0,0;-0,04;0,0;-0,02;0,0;-0,02;0,0;-0,01;0,0;-0,01;0,0;0,0;0,0
10.07.2026;13:30;13:45;4,36;3,52;0,0;0,0;-0,02;0,0;-0,07;0,0;0,0;0,0;-0,01;0,0;-0,05;0,0;-0,03;0,0;-0,02;0,0;-0,02;0,0;-0,01;0,0;-0,01;0,0;0,0;0,0;-0,02;0,0;-0,37;0,0;-0,01;0,0;-0,02;0,0;-0,03;0,0;-0,02;0,0;-0,02;0,0;-0,01;0,0;-0,01;0,0;-0,05;0,0;-0,02;0,0;-0,01;0,0;-0,01;0,0;0,0;0,0;0,0;0,0
10.07.2026;13:45;14:00;4,82;4,21;0,0;0,0;-0,01;0,0;-0,16;0,0;0,0;0,0;0,0;0,0;-0,04;0,0;-0,02;0,0;-0,01;0,0;-0,02;0,0;-0,02;0,0;0,0;0,0;0,0;0,0;-0,01;0,0;-0,11;0,0;-0,01;0,0;-0,02;0,0;-0,04;0,0;0,0;0,0;-0,02;0,0;-0,01;0,0;-0,02;0,0;-0,04;0,0;0,0;0,0;-0,01;0,0;-0,02;0,0;-0,02;0,0;0,0;0,0
10.07.2026;14:00;14:15;3,44;2,91;-0,01;0,0;0,0;0,0;-0,12;0,0;0,0;0,0;-0,01;0,0;-0,04;0,0;-0,03;0,0;-0,02;0,0;-0,01;0,0;-0,01;0,0;-0,01;0,0;0,0;0,0;0,0;0,0;-0,04;0,0;-0,02;0,0;-0,01;0,0;-0,04;0,0;-0,03;0,0;-0,02;0,0;0,0;0,0;-0,02;0,0;-0,05;0,0;-0,01;0,0;-0,01;0,0;-0,01;0,0;-0,01;0,0;0,0;0,0
10.07.2026;14:15;14:30;2,49;2,02;0,0;0,0;-0,01;0,0;-0,06;0,0;0,0;0,0;-0,01;0,0;-0,04;0,0;-0,03;0,0;-0,01;0,0;-0,02;0,0;-0,02;0,0;-0,01;0,0;0,0;0,0;-0,01;0,0;-0,04;0,0;-0,02;0,0;-0,01;0,0;-0,03;0,0;0,0;0,0;-0,02;0,0;-0,02;0,0;-0,02;0,0;-0,05;0,0;-0,02;0,0;-0,01;0,0;-0,01;0,0;0,0;0,0;0,0;0,0
10.07.2026;14:30;14:45;2,11;1,66;0,0;0,0;-0,01;0,0;-0,06;0,0;0,0;0,0;-0,01;0,0;-0,04;0,0;-0,05;0,0;-0,01;0,0;-0,02;0,0;-0,01;0,0;0,0;0,0;0,0;0,0;-0,02;0,0;-0,03;0,0;-0,01;0,0;-0,01;0,0;-0,02;0,0;-0,01;0,0;-0,02;0,0;-0,01;0,0;-0,01;0,0;-0,04;0,0;-0,01;0,0;-0,02;0,0;-0,01;0,0;-0,02;0,0;0,0;0,0
10.07.2026;14:45;15:00;0,76;0,29;0,0;0,0;-0,02;0,0;-0,07;0,0;0,0;0,0;0,0;0,0;-0,04;0,0;-0,02;0,0;-0,02;0,0;-0,01;0,0;-0,02;0,0;-0,02;0,0;0,0;0,0;0,0;0,0;-0,04;0,0;-0,01;0,0;-0,01;0,0;-0,03;0,0;-0,02;0,0;-0,08;-0,02;0,0;0,0;-0,01;0,0;-0,04;0,0;-0,01;0,0;-0,01;0,0;-0,01;0,0;0,0;0,0;0,0;0,0
10.07.2026;15:00;15:15;3,78;3,28;0,0;0,0;-0,01;0,0;-0,07;0,0;0,0;0,0;-0,02;0,0;-0,04;0,0;-0,04;0,0;-0,01;0,0;-0,02;0,0;-0,01;0,0;0,0;0,0;0,0;0,0;-0,01;0,0;-0,04;0,0;-0,01;0,0;-0,02;0,0;-0,03;0,0;-0,01;0,0;-0,02;0,0;-0,02;0,0;-0,02;0,0;-0,05;0,0;-0,01;0,0;-0,01;0,0;-0,01;0,0;-0,02;0,0;0,0;0,0
10.07.2026;15:15;15:30;3,6;2,89;-0,01;0,0;-0,02;0,0;-0,13;0,0;0,0;0,0;-0,01;0,0;-0,04;0,0;-0,02;0,0;-0,01;0,0;-0,02;0,0;0,0;0,0;-0,01;0,0;0,0;0,0;-0,03;0,0;-0,2;0,0;-0,01;0,0;0,0;0,0;-0,04;0,0;-0,01;0,0;-0,03;0,0;0,0;0,0;-0,02;0,0;-0,05;0,0;-0,02;0,0;-0,01;0,0;-0,01;0,0;-0,01;0,0;0,0;0,0
10.07.2026;15:30;15:45;2,71;2,1;0,0;0,0;-0,02;0,0;-0,17;0,0;0,0;0,0;0,0;0,0;-0,03;0,0;-0,02;0,0;-0,02;0,0;-0,01;0,0;-0,01;0,0;-0,01;0,0;0,0;0,0;-0,05;0,0;-0,12;0,0;-0,01;0,0;0,0;0,0;-0,02;0,0;-0,01;0,0;-0,02;0,0;-0,01;0,0;-0,01;0,0;-0,04;0,0;-0,01;0,0;-0,01;0,0;-0,01;0,0;0,0;0,0;0,0;0,0
10.07.2026;15:45;16:00;3,03;2,58;0,0;0,0;-0,01;0,0;-0,08;0,0;0,0;0,0;-0,01;0,0;-0,04;0,0;-0,02;0,0;-0,02;0,0;0,0;0,0;0,0;0,0;0,0;0,0;0,0;0,0;-0,02;0,0;-0,04;0,0;-0,01;0,0;-0,01;0,0;-0,03;0,0;-0,01;0,0;-0,02;0,0;-0,01;0,0;-0,01;0,0;-0,04;0,0;-0,01;0,0;-0,02;0,0;-0,02;0,0;-0,02;0,0;0,0;0,0
10.07.2026;16:00;16:15;2,98;2,27;0,0;0,0;0,0;0,0;-0,25;0,0;0,0;0,0;-0,02;0,0;-0,04;0,0;-0,02;0,0;-0,01;0,0;0,0;0,0;-0,02;0,0;-0,02;0,0;0,0;0,0;-0,01;0,0;-0,07;0,0;-0,02;0,0;-0,01;0,0;-0,03;0,0;-0,02;0,0;-0,02;0,0;-0,01;0,0;-0,02;0,0;-0,05;0,0;-0,01;0,0;-0,04;0,0;-0,01;0,0;-0,01;0,0;0,0;0,0
10.07.2026;16:15;16:30;3,49;2,97;-0,01;0,0;-0,01;0,0;-0,12;0,0;0,0;0,0;0,0;0,0;-0,04;0,0;-0,02;0,0;-0,02;0,0;-0,01;0,0;-0,01;0,0;-0,01;0,0;0,0;0,0;-0,03;0,0;-0,04;0,0;0,0;0,0;-0,01;0,0;-0,03;0,0;-0,02;0,0;-0,02;0,0;-0,01;0,0;-0,02;0,0;-0,05;0,0;-0,02;0,0;-0,01;0,0;-0,01;0,0;0,0;0,0;0,0;0,0
10.07.2026;16:30;16:45;3,0;2,33;0,0;0,0;-0,01;0,0;-0,06;0,0;0,0;0,0;0,0;0,0;-0,03;0,0;-0,04;0,0;-0,01;0,0;0,0;0,0;-0,02;0,0;0,0;0,0;0,0;0,0;-0,29;0,0;-0,02;0,0;-0,02;0,0;-0,01;0,0;-0,04;0,0;0,0;0,0;-0,02;0,0;-0,01;0,0;-0,02;0,0;-0,04;0,0;0,0;0,0;0,0;0,0;-0,01;0,0;-0,02;0,0;0,0;0,0
10.07.2026;16:45;17:00;2,81;2,38;0,0;0,0;-0,02;0,0;-0,07;0,0;0,0;0,0;-0,02;0,0;-0,04;0,0;-0,02;0,0;-0,02;0,0;0,0;0,0;-0,01;0,0;-0,02;0,0;0,0;0,0;-0,02;0,0;-0,01;0,0;0,0;0,0;-0,02;0,0;-0,02;0,0;-0,03;0,0;-0,02;0,0;-0,01;0,0;-0,01;0,0;-0,05;0,0;-0,01;0,0;0,0;0,0;-0,01;0,0;0,0;0,0;0,0;0,0
10.07.2026;17:00;17:15;1,75;1,12;0,0;0,0;-0,01;0,0;-0,15;0,0;-0,01;0,0;-0,01;0,0;-0,14;0,0;-0,02;0,0;-0,02;0,0;-0,01;0,0;-0,02;0,0;-0,02;0,0;-0,01;0,0;-0,02;0,0;0,0;0,0;-0,01;0,0;-0,01;0,0;-0,03;0,0;0,0;0,0;-0,02;0,0;-0,01;0,0;-0,01;0,0;-0,04;0,0;-0,02;0,0;-0,02;0,0;-0,01;0,0;-0,01;0,0;0,0;0,0
10.07.2026;17:15;17:30;1,87;1,1;0,0;0,0;-0,02;0,0;-0,21;0,0;0,0;0,0;0,0;0,0;-0,18;0,0;-0,01;0,0;-0,01;0,0;0,0;0,0;-0,01;0,0;-0,03;0,0;0,0;0,0;-0,07;0,0;-0,01;0,0;-0,01;0,0;-0,01;0,0;-0,03;0,0;-0,01;0,0;-0,02;0,0;-0,01;0,0;-0,02;0,0;-0,05;0,0;-0,02;0,0;-0,01;0,0;-0,01;0,0;-0,02;0,0;0,0;0,0
10.07.2026;17:30;17:45;1,4;0,63;-0,01;0,0;-0,02;0,0;-0,21;0,0;0,0;0,0;-0,01;0,0;-0,07;0,0;-0,01;0,0;-0,02;0,0;-0,01;0,0;-0,01;0,0;-0,05;0,0;0,0;0,0;-0,05;0,0;-0,01;0,0;-0,01;0,0;-0,01;0,0;-0,03;0,0;-0,02;0,0;-0,23;-0,11;-0,01;0,0;-0,02;0,0;-0,04;0,0;0,0;0,0;-0,01;0,0;-0,02;0,0;0,0;0,0;0,0;0,0
10.07.2026;17:45;18:00;1,48;0,73;0,0;0,0;-0,04;0,0;-0,18;0,0;0,0;0,0;-0,02;0,0;-0,08;0,0;-0,02;0,0;-0,01;0,0;0,0;0,0;0,0;0,0;-0,02;0,0;0,0;0,0;-0,02;0,0;-0,02;0,0;-0,01;0,0;-0,01;0,0;-0,04;0,0;-0,01;0,0;-0,17;-0,03;-0,01;0,0;-0,02;0,0;-0,05;0,0;-0,01;0,0;-0,01;0,0;-0,01;0,0;-0,02;0,0;0,0;0,0
10.07.2026;18:00;18:15;0,04;0,04;0,0;0,0;-0,18;-0,18;-0,11;-0,11;0,0;0,0;0,0;0,0;-0,08;-0,08;0,0;0,0;-0,01;-0,01;0,0;0,0;-0,01;-0,01;-0,02;-0,02;0,0;0,0;-0,04;-0,04;-0,02;-0,02;-0,01;-0,01;-0,02;-0,02;-0,02;-0,02;-0,01;-0,01;-0,18;-0,18;0,0;0,0;-0,01;-0,01;-0,06;-0,06;-0,02;-0,02;-0,16;-0,16;-0,01;-0,01;-0,01;-0,01;0,0;0,0
10.07.2026;18:15;18:30;0,0;0,0;0,0;0,0;-0,02;-0,02;-0,14;-0,14;0,0;0,0;-0,01;-0,01;-0,06;-0,06;-0,02;-0,02;-0,02;-0,02;-0,01;-0,01;0,0;0,0;-0,14;-0,14;0,0;0,0;-0,21;-0,21;-0,01;-0,01;-0,01;-0,01;-0,01;-0,01;-0,03;-0,03;-0,01;-0,01;-0,14;-0,14;-0,02;-0,02;-0,01;-0,01;-0,05;-0,05;-0,02;-0,02;-0,14;-0,14;-0,01;-0,01;-0,01;-0,01;0,0;0,0
10.07.2026;18:30;18:45;1,2;0,42;-0,01;0,0;-0,03;0,0;-0,11;0,0;0,0;0,0;-0,01;0,0;-0,18;-0,09;-0,01;0,0;-0,02;0,0;-0,02;0,0;-0,02;0,0;-0,2;-0,11;0,0;0,0;-0,13;-0,04;0,0;0,0;-0,01;0,0;-0,01;0,0;-0,03;0,0;-0,01;0,0;-0,02;0,0;-0,01;0,0;-0,02;0,0;-0,04;0,0;-0,01;0,0;-0,02;0,0;-0,01;0,0;-0,09;0,0;0,0;0,0
10.07.2026;18:45;19:00;1,1;0,47;0,0;0,0;-0,03;0,0;-0,15;0,0;0,0;0,0;-0,01;0,0;-0,08;0,0;-0,01;0,0;-0,02;0,0;-0,02;0,0;-0,02;0,0;-0,03;0,0;0,0;0,0;-0,02;0,0;-0,01;0,0;-0,01;0,0;-0,01;0,0;-0,03;0,0;-0,02;0,0;-0,02;0,0;0,0;0,0;-0,02;0,0;-0,05;0,0;-0,01;0,0;-0,01;0,0;-0,01;0,0;-0,04;0,0;0,0;0,0
10.07.2026;19:00;19:15;0,96;0,26;0,0;0,0;-0,03;0,0;-0,2;-0,01;0,0;0,0;-0,01;0,0;-0,05;0,0;-0,02;0,0;-0,01;0,0;-0,02;0,0;-0,01;0,0;-0,04;0,0;0,0;0,0;-0,04;0,0;-0,01;0,0;-0,01;0,0;-0,01;0,0;-0,04;0,0;-0,01;0,0;-0,02;0,0;-0,02;0,0;-0,01;0,0;-0,04;0,0;-0,01;0,0;-0,14;-0,08;-0,01;0,0;-0,03;0,0;0,0;0,0
10.07.2026;19:15;19:30;0,71;0,19;0,0;0,0;-0,04;-0,01;-0,15;-0,03;0,0;0,0;0,0;0,0;-0,06;-0,03;-0,02;0,0;-0,01;0,0;-0,02;0,0;-0,01;0,0;-0,03;0,0;0,0;0,0;-0,04;-0,01;-0,01;0,0;-0,01;0,0;-0,02;0,0;-0,02;0,0;0,0;0,0;-0,02;0,0;0,0;0,0;-0,01;0,0;-0,05;-0,02;-0,02;0,0;-0,25;-0,22;-0,02;0,0;-0,03;0,0;0,0;0,0
10.07.2026;19:30;19:45;0,51;0,19;0,0;0,0;-0,03;-0,02;-0,17;-0,07;0,0;0,0;-0,02;-0,01;-0,05;-0,04;-0,01;0,0;-0,02;-0,01;-0,03;-0,02;-0,02;-0,01;-0,02;-0,01;0,0;0,0;-0,02;-0,01;-0,03;-0,02;-0,01;0,0;-0,01;0,0;-0,03;-0,02;-0,03;-0,02;-0,03;-0,02;-0,01;0,0;-0,02;-0,01;-0,04;-0,03;-0,02;-0,01;-0,29;-0,28;-0,01;0,0;-0,04;-0,03;0,0;0,0
10.07.2026;19:45;20:00;0,32;0,09;-0,01;0,0;-0,04;-0,03;-0,21;-0,19;0,0;0,0;-0,01;0,0;-0,05;-0,04;-0,01;0,0;-0,02;-0,01;-0,02;-0,01;-0,01;0,0;-0,02;-0,01;0,0;0,0;-0,26;-0,25;-0,04;-0,03;-0,01;0,0;0,0;0,0;-0,03;-0,02;0,0;0,0;-0,03;-0,02;-0,01;0,0;-0,02;-0,01;-0,04;-0,03;-0,01;0,0;-0,27;-0,26;-0,01;0,0;-0,06;-0,05;0,0;0,0
10.07.2026;20:00;20:15;0,16;0,11;0,0;0,0;-0,03;-0,03;-0,19;-0,14;0,0;0,0;0,0;0,0;-0,05;-0,05;-0,03;-0,03;0,0;0,0;-0,03;-0,03;-0,01;-0,01;-0,02;-0,02;0,0;0,0;-0,03;-0,03;-0,03;-0,03;-0,01;-0,01;0,0;0,0;-0,03;-0,03;-0,01;-0,01;-0,03;-0,03;-0,01;-0,01;-0,02;-0,02;-0,05;-0,05;-0,01;-0,01;-0,03;-0,03;-0,01;-0,01;-0,06;-0,06;0,0;0,0
10.07.2026;20:15;20:30;0,09;0,09;0,0;0,0;-0,07;-0,07;-0,24;-0,24;0,0;0,0;-0,01;-0,01;-0,05;-0,05;-0,03;-0,03;-0,02;-0,02;-0,05;-0,05;0,0;0,0;-0,03;-0,03;0,0;0,0;-0,03;-0,03;-0,04;-0,04;-0,01;-0,01;-0,01;-0,01;-0,04;-0,04;-0,02;-0,02;-0,02;-0,02;-0,01;-0,01;-0,01;-0,01;-0,05;-0,05;-0,01;-0,01;-0,02;-0,02;-0,01;-0,01;-0,04;-0,04;0,0;0,0
10.07.2026;20:30;20:45;0,02;0,02;0,0;0,0;-0,03;-0,03;-0,07;-0,07;0,0;0,0;-0,01;-0,01;-0,05;-0,05;-0,03;-0,03;-0,02;-0,02;-0,04;-0,04;-0,01;-0,01;-0,02;-0,02;0,0;0,0;-0,03;-0,03;-0,04;-0,04;-0,01;-0,01;-0,03;-0,03;-0,02;-0,02;-0,01;-0,01;-0,02;-0,02;-0,01;-0,01;-0,01;-0,01;-0,04;-0,04;-0,03;-0,03;-0,01;-0,01;-0,01;-0,01;-0,04;-0,04;0,0;0,0
10.07.2026;20:45;21:00;0,01;0,01;-0,01;-0,01;-0,04;-0,04;-0,08;-0,08;0,0;0,0;-0,01;-0,01;-0,04;-0,04;-0,02;-0,02;-0,01;-0,01;-0,04;-0,04;-0,01;-0,01;-0,01;-0,01;0,0;0,0;-0,05;-0,05;-0,03;-0,03;-0,01;-0,01;-0,02;-0,02;-0,03;-0,03;-0,01;-0,01;-0,02;-0,02;-0,01;-0,01;-0,02;-0,02;-0,05;-0,05;-0,01;-0,01;-0,02;-0,02;-0,01;-0,01;-0,04;-0,04;0,0;0,0
10.07.2026;21:00;21:15;0,01;0,01;0,0;0,0;-0,04;-0,04;-0,08;-0,08;0,0;0,0;0,0;0,0;-0,05;-0,05;-0,03;-0,03;-0,02;-0,02;-0,04;-0,04;-0,01;-0,01;-0,03;-0,03;0,0;0,0;-0,03;-0,03;-0,05;-0,05;-0,01;-0,01;-0,03;-0,03;-0,03;-0,03;-0,02;-0,02;-0,07;-0,07;0,0;0,0;-0,02;-0,02;-0,04;-0,04;-0,04;-0,04;-0,02;-0,02;-0,02;-0,02;-0,03;-0,03;0,0;0,0
10.07.2026;21:15;21:30;0,01;0,01;0,0;0,0;-0,05;-0,05;-0,09;-0,09;0,0;0,0;-0,02;-0,02;-0,05;-0,05;-0,02;-0,02;-0,01;-0,01;-0,04;-0,04;-0,02;-0,02;-0,02;-0,02;0,0;0,0;-0,01;-0,01;-0,04;-0,04;0,0;0,0;-0,03;-0,03;-0,03;-0,03;0,0;0,0;-0,03;-0,03;-0,02;-0,02;-0,02;-0,02;-0,05;-0,05;-0,03;-0,03;-0,02;-0,02;-0,01;-0,01;-0,03;-0,03;0,0;0,0
10.07.2026;21:30;21:45;0,0;0,0;0,0;0,0;-0,05;-0,05;-0,08;-0,08;0,0;0,0;-0,01;-0,01;-0,04;-0,04;-0,03;-0,03;-0,01;-0,01;-0,04;-0,04;-0,01;-0,01;-0,07;-0,07;0,0;0,0;-0,01;-0,01;-0,05;-0,05;-0,02;-0,02;-0,02;-0,02;-0,03;-0,03;-0,02;-0,02;-0,03;-0,03;0,0;0,0;-0,01;-0,01;-0,05;-0,05;-0,03;-0,03;-0,02;-0,02;-0,01;-0,01;-0,03;-0,03;0,0;0,0
10.07.2026;21:45;22:00;0,0;0,0;-0,01;-0,01;-0,05;-0,05;-0,08;-0,08;0,0;0,0;0,0;0,0;-0,07;-0,07;-0,06;-0,06;-0,02;-0,02;-0,04;-0,04;-0,02;-0,02;-0,01;-0,01;0,0;0,0;-0,03;-0,03;-0,04;-0,04;-0,01;-0,01;-0,03;-0,03;-0,03;-0,03;-0,01;-0,01;-0,03;-0,03;-0,01;-0,01;-0,01;-0,01;-0,04;-0,04;-0,02;-0,02;-0,02;-0,02;-0,01;-0,01;-0,03;-0,03;0,0;0,0
10.07.2026;22:00;22:15;0,0;0,0;0,0;0,0;-0,04;-0,04;-0,14;-0,14;-0,01;-0,01;-0,01;-0,01;-0,06;-0,06;-0,07;-0,07;-0,01;-0,01;-0,04;-0,04;-0,01;-0,01;-0,01;-0,01;-0,01;-0,01;-0,05;-0,05;-0,05;-0,05;0,0;0,0;-0,04;-0,04;-0,03;-0,03;-0,01;-0,01;-0,03;-0,03;-0,02;-0,02;-0,02;-0,02;-0,02;-0,02;-0,02;-0,02;-0,02;-0,02;-0,01;-0,01;-0,03;-0,03;0,0;0,0
10.07.2026;22:15;22:30;0,0;0,0;0,0;0,0;-0,03;-0,03;-0,08;-0,08;0,0;0,0;-0,02;-0,02;-0,03;-0,03;-0,04;-0,04;-0,01;-0,01;-0,02;-0,02;-0,01;-0,01;-0,01;-0,01;0,0;0,0;-0,44;-0,44;-0,04;-0,04;-0,02;-0,02;-0,02;-0,02;-0,03;-0,03;-0,01;-0,01;-0,04;-0,04;0,0;0,0;-0,02;-0,02;-0,02;-0,02;-0,01;-0,01;-0,01;-0,01;-0,01;-0,01;-0,03;-0,03;0,0;0,0
10.07.2026;22:30;22:45;0,0;0,0;0,0;0,0;-0,04;-0,04;-0,12;-0,12;0,0;0,0;0,0;0,0;-0,04;-0,04;-0,04;-0,04;-0,03;-0,03;-0,01;-0,01;-0,01;-0,01;-0,01;-0,01;0,0;0,0;-0,47;-0,47;-0,04;-0,04;0,0;0,0;-0,03;-0,03;-0,03;-0,03;-0,01;-0,01;-0,02;-0,02;-0,01;-0,01;-0,02;-0,02;-0,01;-0,01;0,0;0,0;-0,02;-0,02;-0,01;-0,01;-0,02;-0,02;0,0;0,0
10.07.2026;22:45;23:00;0,0;0,0;0,0;0,0;-0,02;-0,02;-0,11;-0,11;0,0;0,0;-0,01;-0,01;-0,04;-0,04;-0,04;-0,04;-0,01;-0,01;-0,01;-0,01;0,0;0,0;0,0;0,0;0,0;0,0;-0,08;-0,08;-0,05;-0,05;-0,01;-0,01;-0,03;-0,03;-0,03;-0,03;-0,01;-0,01;-0,07;-0,07;-0,01;-0,01;0,0;0,0;-0,01;-0,01;-0,02;-0,02;-0,02;-0,02;-0,02;-0,02;-0,02;-0,02;0,0;0,0
10.07.2026;23:00;23:15;0,0;0,0;-0,01;-0,01;-0,03;-0,03;-0,16;-0,16;0,0;0,0;-0,01;-0,01;-0,04;-0,04;-0,04;-0,04;-0,02;-0,02;0,0;0,0;0,0;0,0;-0,01;-0,01;0,0;0,0;-0,05;-0,05;-0,06;-0,06;-0,02;-0,02;-0,03;-0,03;-0,04;-0,04;-0,02;-0,02;-0,04;-0,04;-0,01;-0,01;-0,01;-0,01;-0,01;-0,01;-0,02;-0,02;0,0;0,0;-0,01;-0,01;-0,01;-0,01;0,0;0,0
10.07.2026;23:15;23:30;0,0;0,0;0,0;0,0;-0,02;-0,02;-0,26;-0,26;0,0;0,0;-0,01;-0,01;-0,04;-0,04;-0,03;-0,03;-0,01;-0,01;0,0;0,0;-0,02;-0,02;-0,01;-0,01;0,0;0,0;-0,05;-0,05;-0,05;-0,05;0,0;0,0;-0,03;-0,03;-0,05;-0,05;-0,01;-0,01;-0,05;-0,05;-0,01;-0,01;-0,03;-0,03;-0,01;-0,01;-0,01;-0,01;0,0;0,0;-0,01;-0,01;-0,01;-0,01;0,0;0,0
10.07.2026;23:30;23:45;0,0;0,0;0,0;0,0;-0,03;-0,03;-0,08;-0,08;0,0;0,0;-0,01;-0,01;-0,04;-0,04;-0,03;-0,03;-0,01;-0,01;-0,01;-0,01;-0,01;-0,01;-0,01;-0,01;0,0;0,0;-0,04;-0,04;-0,03;-0,03;-0,01;-0,01;-0,03;-0,03;-0,04;-0,04;-0,01;-0,01;-0,04;-0,04;-0,01;-0,01;-0,02;-0,02;-0,02;-0,02;0,0;0,0;-0,01;-0,01;-0,01;-0,01;-0,01;-0,01;0,0;0,0
10.07.2026;23:45;00:00;0,0;0,0;0,0;0,0;-0,02;-0,02;-0,18;-0,18;0,0;0,0;0,0;0,0;-0,03;-0,03;-0,03;-0,03;-0,02;-0,02;0,0;0,0;-0,02;-0,02;-0,01;-0,01;0,0;0,0;-0,01;-0,01;-0,02;-0,02;-0,01;-0,01;-0,03;-0,03;-0,05;-0,05;-0,02;-0,02;-0,04;-0,04;-0,01;-0,01;-0,01;-0,01;0,0;0,0;-0,02;-0,02;-0,02;-0,02;-0,01;-0,01;-0,02;-0,02;0,0;0,0
11.07.2026;00:00;00:15;0,0;0,0;-0,01;-0,01;-0,02;-0,02;-0,15;-0,15;0,0;0,0;-0,02;-0,02;-0,04;-0,04;-0,03;-0,03;-0,02;-0,02;0,0;0,0;-0,01;-0,01;-0,01;-0,01;0,0;0,0;-0,02;-0,02;-0,01;-0,01;-0,01;-0,01;-0,03;-0,03;-0,12;-0,12;-0,01;-0,01;-0,04;-0,04;-0,01;-0,01;-0,01;-0,01;-0,02;-0,02;-0,02;-0,02;-0,02;-0,02;0,0;0,0;-0,01;-0,01;0,0;0,0
11.07.2026;00:15;00:30;0,0;0,0;0,0;0,0;0,0;0,0;-0,07;-0,07;0,0;0,0;-0,01;-0,01;-0,04;-0,04;-0,03;-0,03;-0,01;-0,01;-0,01;-0,01;-0,02;-0,02;0,0;0,0;0,0;0,0;-0,01;-0,01;-0,01;-0,01;-0,01;-0,01;-0,04;-0,04;-0,07;-0,07;0,0;0,0;-0,03;-0,03;-0,01;-0,01;-0,01;-0,01;-0,01;-0,01;0,0;0,0;-0,02;-0,02;-0,02;-0,02;-0,01;-0,01;0,0;0,0
11.07.2026;00:30;00:45;0,0;0,0;0,0;0,0;-0,01;-0,01;-0,07;-0,07;0,0;0,0;0,0;0,0;-0,04;-0,04;-0,01;-0,01;-0,02;-0,02;0,0;0,0;-0,01;-0,01;-0,02;-0,02;0,0;0,0;0,0;0,0;-0,01;-0,01;-0,01;-0,01;-0,03;-0,03;-0,12;-0,12;-0,02;-0,02;-0,04;-0,04;-0,01;-0,01;-0,02;-0,02;-0,01;-0,01;-0,02;-0,02;-0,02;-0,02;-0,01;-0,01;-0,01;-0,01;0,0;0,0
11.07.2026;00:45;01:00;0,0;0,0;0,0;0,0;0,0;0,0;-0,07;-0,07;0,0;0,0;-0,01;-0,01;-0,03;-0,03;-0,01;-0,01;-0,05;-0,05;-0,01;-0,01;-0,01;-0,01;0,0;0,0;0,0;0,0;-0,01;-0,01;-0,01;-0,01;-0,01;-0,01;-0,02;-0,02;-0,05;-0,05;-0,01;-0,01;-0,02;-0,02;-0,01;-0,01;-0,03;-0,03;-0,01;-0,01;-0,01;-0,01;-0,01;-0,01;-0,02;-0,02;-0,01;-0,01;0,0;0,0
11.07.2026;01:00;01:15;0,0;0,0;0,0;0,0;-0,01;-0,01;-0,07;-0,07;0,0;0,0;-0,01;-0,01;-0,04;-0,04;-0,01;-0,01;-0,01;-0,01;0,0;0,0;-0,01;-0,01;-0,01;-0,01;0,0;0,0;-0,02;-0,02;0,0;0,0;-0,01;-0,01;-0,02;-0,02;-0,03;-0,03;-0,01;-0,01;-0,03;-0,03;-0,01;-0,01;-0,01;-0,01;-0,01;-0,01;-0,01;-0,01;-0,02;-0,02;-0,01;-0,01;-0,02;-0,02;0,0;0,0
11.07.2026;01:15;01:30;0,0;0,0;-0,01;-0,01;-0,01;-0,01;-0,07;-0,07;0,0;0,0;-0,01;-0,01;-0,04;-0,04;-0,01;-0,01;-0,02;-0,02;-0,01;-0,01;0,0;0,0;-0,01;-0,01;0,0;0,0;-0,01;-0,01;-0,02;-0,02;-0,01;-0,01;-0,01;-0,01;-0,04;-0,04;-0,02;-0,02;-0,02;-0,02;-0,01;-0,01;-0,01;-0,01;-0,01;-0,01;-0,01;-0,01;-0,02;-0,02;0,0;0,0;-0,01;-0,01;0,0;0,0
11.07.2026;01:30;01:45;0,0;0,0;0,0;0,0;-0,01;-0,01;-0,12;-0,12;0,0;0,0;0,0;0,0;-0,03;-0,03;-0,01;-0,01;-0,02;-0,02;-0,02;-0,02;0,0;0,0;-0,01;-0,01;0,0;0,0;0,0;0,0;-0,01;-0,01;-0,01;-0,01;-0,01;-0,01;-0,05;-0,05;0,0;0,0;-0,02;-0,02;0,0;0,0;-0,01;-0,01;-0,02;-0,02;-0,01;-0,01;-0,01;-0,01;-0,02;-0,02;-0,01;-0,01;0,0;0,0
11.07.2026;01:45;02:00;0,0;0,0;0,0;0,0;-0,02;-0,02;-0,17;-0,17;0,0;0,0;-0,02;-0,02;-0,04;-0,04;-0,01;-0,01;-0,02;-0,02;-0,02;-0,02;-0,02;-0,02;0,0;0,0;0,0;0,0;-0,01;-0,01;-0,01;-0,01;-0,01;-0,01;-0,01;-0,01;-0,04;-0,04;-0,01;-0,01;-0,02;-0,02;-0,02;-0,02;-0,02;-0,02;0,0;0,0;-0,02;-0,02;0,0;0,0;0,0;0,0;-0,01;-0,01;0,0;0,0
11.07.2026;02:00;02:15;0,0;0,0;0,0;0,0;-0,01;-0,01;-0,08;-0,08;0,0;0,0;-0,01;-0,01;-0,04;-0,04;-0,02;-0,02;0,0;0,0;-0,01;-0,01;-0,02;-0,02;-0,02;-0,02;0,0;0,0;-0,02;-0,02;-0,01;-0,01;0,0;0,0;-0,02;-0,02;-0,02;-0,02;-0,02;-0,02;-0,02;-0,02;-0,01;-0,01;-0,03;-0,03;-0,01;-0,01;-0,01;-0,01;0,0;0,0;-0,01;-0,01;-0,01;-0,01;0,0;0,0
11.07.2026;02:15;02:30;0,0;0,0;-0,01;-0,01;-0,01;-0,01;-0,06;-0,06;0,0;0,0;0,0;0,0;-0,03;-0,03;0,0;0,0;-0,02;-0,02;-0,02;-0,02;-0,01;-0,01;0,0;0,0;0,0;0,0;0,0;0,0;0,0;0,0;-0,02;-0,02;0,0;0,0;-0,03;-0,03;0,0;0,0;-0,02;-0,02;0,0;0,0;0,0;0,0;-0,02;-0,02;-0,01;-0,01;-0,01;-0,01;-0,02;-0,02;-0,02;-0,02;0,0;0,0
11.07.2026;02:30;02:45;0,0;0,0;0,0;0,0;-0,01;-0,01;-0,06;-0,06;0,0;0,0;-0,01;-0,01;-0,04;-0,04;-0,02;-0,02;-0,02;-0,02;-0,02;-0,02;-0,01;-0,01;-0,01;-0,01;0,0;0,0;-0,01;-0,01;-0,01;-0,01;-0,01;-0,01;0,0;0,0;-0,03;-0,03;-0,02;-0,02;-0,02;-0,02;-0,02;-0,02;-0,01;-0,01;0,0;0,0;-0,01;-0,01;-0,01;-0,01;-0,02;-0,02;-0,01;-0,01;0,0;0,0
11.07.2026;02:45;03:00;0,0;0,0;0,0;0,0;0,0;0,0;-0,06;-0,06;0,0;0,0;-0,01;-0,01;-0,03;-0,03;0,0;0,0;-0,01;-0,01;-0,01;-0,01;-0,02;-0,02;-0,01;-0,01;0,0;0,0;-0,01;-0,01;-0,02;-0,02;0,0;0,0;-0,01;-0,01;-0,04;-0,04;-0,01;-0,01;-0,02;-0,02;0,0;0,0;-0,02;-0,02;-0,02;-0,02;-0,02;-0,02;-0,02;-0,02;0,0;0,0;-0,01;-0,01;0,0;0,0
11.07.2026;03:00;03:15;0,0;0,0;0,0;0,0;-0,01;-0,01;-0,06;-0,06;-0,01;-0,01;-0,01;-0,01;-0,04;-0,04;-0,01;-0,01;-0,01;-0,01;-0,02;-0,02;-0,01;-0,01;-0,01;-0,01;-0,01;-0,01;-0,02;-0,02;-0,01;-0,01;-0,01;-0,01;-0,01;-0,01;-0,03;-0,03;-0,01;-0,01;-0,02;-0,02;-0,01;-0,01;-0,02;-0,02;-0,01;-0,01;0,0;0,0;-0,01;-0,01;-0,01;-0,01;-0,01;-0,01;0,0;0,0
11.07.2026;03:15;03:30;0,0;0,0;0,0;0,0;-0,01;-0,01;-0,08;-0,08;0,0;0,0;0,0;0,0;-0,03;-0,03;-0,01;-0,01;-0,02;-0,02;-0,01;-0,01;-0,01;-0,01;-0,01;-0,01;0,0;0,0;0,0;0,0;-0,01;-0,01;-0,01;-0,01;-0,01;-0,01;-0,03;-0,03;-0,01;-0,01;-0,02;-0,02;-0,01;-0,01;-0,02;-0,02;-0,01;-0,01;-0,01;-0,01;-0,01;-0,01;-0,01;-0,01;-0,01;-0,01;0,0;0,0
11.07.2026;03:30;03:45;0,0;0,0;-0,01;-0,01;-0,01;-0,01;-0,09;-0,09;0,0;0,0;-0,02;-0,02;-0,04;-0,04;-0,01;-0,01;-0,01;-0,01;0,0;0,0;0,0;0,0;-0,01;-0,01;0,0;0,0;0,0;0,0;0,0;0,0;-0,01;-0,01;-0,02;-0,02;-0,06;-0,06;-0,01;-0,01;-0,02;-0,02;-0,01;-0,01;-0,01;-0,01;-0,01;-0,01;-0,02;-0,02;-0,01;-0,01;-0,01;-0,01;-0,01;-0,01;0,0;0,0
11.07.2026;03:45;04:00;0,0;0,0;0,0;0,0;-0,02;-0,02;-0,08;-0,08;0,0;0,0;-0,01;-0,01;-0,03;-0,03;-0,01;-0,01;-0,02;-0,02;-0,01;-0,01;0,0;0,0;0,0;0,0;0,0;0,0;-0,02;-0,02;-0,01;-0,01;-0,01;-0,01;-0,01;-0,01;-0,06;-0,06;-0,01;-0,01;-0,02;-0,02;-0,01;-0,01;-0,01;-0,01;-0,01;-0,01;-0,01;-0,01;-0,01;-0,01;-0,01;-0,01;-0,02;-0,02;0,0;0,0
11.07.2026;04:00;04:15;0,0;0,0;0,0;0,0;-0,01;-0,01;-0,09;-0,09;0,0;0,0;0,0;0,0;-0,04;-0,04;-0,01;-0,01;-0,01;-0,01;0,0;0,0;-0,02;-0,02;-0,01;-0,01;0,0;0,0;-0,01;-0,01;-0,01;-0,01;-0,01;-0,01;0,0;0,0;-0,04;-0,04;-0,02;-0,02;-0,02;-0,02;-0,01;-0,01;-0,02;-0,02;-0,01;-0,01;-0,01;-0,01;-0,01;-0,01;-0,01;-0,01;0,0;0,0;0,0;0,0
11.07.2026;04:15;04:30;0,0;0,0;0,0;0,0;-0,01;-0,01;-0,06;-0,06;0,0;0,0;-0,01;-0,01;-0,04;-0,04;-0,01;-0,01;-0,02;-0,02;-0,01;-0,01;-0,01;-0,01;-0,01;-0,01;0,0;0,0;0,0;0,0;-0,01;-0,01;-0,01;-0,01;-0,01;-0,01;-0,03;-0,03;-0,01;-0,01;-0,02;-0,02;-0,01;-0,01;-0,02;-0,02;-0,01;-0,01;-0,01;-0,01;-0,01;-0,01;-0,02;-0,02;-0,02;-0,02;0,0;0,0
11.07.2026;04:30;04:45;0,0;0,0;-0,01;-0,01;0,0;0,0;-0,06;-0,06;0,0;0,0;-0,01;-0,01;-0,03;-0,03;-0,01;-0,01;-0,01;-0,01;0,0;0,0;-0,02;-0,02;0,0;0,0;0,0;0,0;-0,01;-0,01;-0,01;-0,01;-0,01;-0,01;-0,01;-0,01;-0,04;-0,04;0,0;0,0;-0,02;-0,02;-0,01;-0,01;-0,02;-0,02;-0,01;-0,01;-0,01;-0,01;-0,01;-0,01;-0,01;-0,01;-0,01;-0,01;0,0;0,0
11.07.2026;04:45;05:00;0,0;0,0;0,0;0,0;-0,01;-0,01;-0,06;-0,06;0,0;0,0;-0,01;-0,01;-0,04;-0,04;-0,02;-0,02;-0,01;-0,01;0,0;0,0;-0,01;-0,01;-0,02;-0,02;0,0;0,0;-0,02;-0,02;-0,01;-0,01;-0,01;-0,01;-0,01;-0,01;-0,04;-0,04;-0,02;-0,02;-0,02;-0,02;-0,01;-0,01;-0,01;-0,01;-0,02;-0,02;-0,01;-0,01;-0,01;-0,01;-0,01;-0,01;-0,01;-0,01;0,0;0,0
11.07.2026;05:00;05:15;0,0;0,0;0,0;0,0;0,0;0,0;-0,06;-0,06;0,0;0,0;-0,01;-0,01;-0,03;-0,03;0,0;0,0;-0,02;-0,02;-0,01;-0,01;-0,02;-0,02;0,0;0,0;0,0;0,0;0,0;0,0;-0,01;-0,01;-0,01;-0,01;-0,01;-0,01;-0,03;-0,03;-0,01;-0,01;-0,02;-0,02;-0,01;-0,01;-0,01;-0,01;0,0;0,0;-0,01;-0,01;-0,01;-0,01;-0,01;-0,01;-0,01;-0,01;0,0;0,0
11.07.2026;05:15;05:30;0,0;0,0;0,0;0,0;-0,02;-0,02;-0,06;-0,06;0,0;0,0;-0,01;-0,01;-0,04;-0,04;-0,01;-0,01;-0,01;-0,01;0,0;0,0;-0,01;-0,01;-0,01;-0,01;0,0;0,0;-0,01;-0,01;-0,01;-0,01;-0,01;-0,01;-0,01;-0,01;-0,03;-0,03;0,0;0,0;-0,02;-0,02;-0,01;-0,01;-0,01;-0,01;-0,02;-0,02;-0,01;-0,01;-0,01;-0,01;-0,01;-0,01;-0,01;-0,01;0,0;0,0
11.07.2026;05:30;05:45;0,0;0,0;0,0;0,0;-0,01;-0,01;-0,06;-0,06;0,0;0,0;-0,01;-0,01;-0,04;-0,04;-0,01;-0,01;-0,02;-0,02;0,0;0,0;-0,01;-0,01;-0,01;-0,01;0,0;0,0;-0,01;-0,01;-0,01;-0,01;0,0;0,0;0,0;0,0;-0,03;-0,03;-0,02;-0,02;-0,02;-0,02;0,0;0,0;-0,03;-0,03;-0,01;-0,01;-0,02;-0,02;-0,01;-0,01;-0,01;-0,01;-0,01;-0,01;0,0;0,0
11.07.2026;05:45;06:00;0,0;0,0;-0,01;-0,01;-0,01;-0,01;-0,05;-0,05;0,0;0,0;-0,01;-0,01;-0,05;-0,05;-0,01;-0,01;-0,01;-0,01;-0,01;-0,01;0,0;0,0;-0,01;-0,01;0,0;0,0;-0,01;-0,01;-0,01;-0,01;-0,02;-0,02;-0,01;-0,01;-0,03;-0,03;-0,01;-0,01;-0,02;-0,02;-0,01;-0,01;-0,01;-0,01;-0,01;-0,01;0,0;0,0;-0,01;-0,01;-0,01;-0,01;-0,02;-0,02;0,0;0,0
11.07.2026;06:00;06:15;0,14;0,11;0,0;0,0;-0,02;-0,02;-0,06;-0,03;0,0;0,0;0,0;0,0;-0,03;-0,03;-0,01;-0,01;-0,01;-0,01;-0,02;-0,02;-0,01;-0,01;-0,01;-0,01;0,0;0,0;-0,01;-0,01;-0,01;-0,01;-0,01;-0,01;-0,01;-0,01;-0,03;-0,03;-0,01;-0,01;-0,02;-0,02;-0,01;-0,01;-0,01;-0,01;-0,01;-0,01;-0,02;-0,02;-0,02;-0,02;-0,01;-0,01;-0,01;-0,01;0,0;0,0
11.07.2026;06:15;06:30;0,27;0,21;0,0;0,0;0,0;0,0;-0,06;0,0;0,0;0,0;-0,01;-0,01;-0,04;-0,04;-0,01;-0,01;-0,02;-0,02;-0,02;-0,02;0,0;0,0;-0,01;-0,01;0,0;0,0;0,0;0,0;0,0;0,0;0,0;0,0;-0,01;-0,01;-0,04;-0,04;-0,02;-0,02;-0,02;-0,02;-0,01;-0,01;-0,01;-0,01;-0,01;-0,01;-0,01;-0,01;-0,01;-0,01;-0,02;-0,02;-0,01;-0,01;0,0;0,0
11.07.2026;06:30;06:45;0,23;0,17;0,0;0,0;-0,03;-0,03;-0,08;-0,02;0,0;0,0;-0,01;-0,01;-0,04;-0,04;0,0;0,0;-0,01;-0,01;-0,16;-0,16;-0,02;-0,02;0,0;0,0;0,0;0,0;-0,02;-0,02;-0,01;-0,01;-0,02;-0,02;0,0;0,0;-0,04;-0,04;0,0;0,0;-0,02;-0,02;-0,01;-0,01;-0,02;-0,02;-0,01;-0,01;-0,01;-0,01;-0,01;-0,01;-0,01;-0,01;-0,01;-0,01;0,0;0,0
11.07.2026;06:45;07:00;0,35;0,11;-0,01;0,0;-0,05;-0,04;-0,09;-0,06;0,0;0,0;-0,01;0,0;-0,12;-0,11;-0,02;-0,01;-0,02;-0,01;-0,09;-0,08;-0,02;-0,01;-0,01;0,0;0,0;0,0;-0,01;0,0;-0,02;-0,01;0,0;0,0;-0,01;0,0;-0,03;-0,02;-0,01;0,0;-0,02;-0,01;-0,01;0,0;-0,03;-0,02;-0,01;0,0;-0,01;0,0;-0,02;-0,01;0,0;0,0;-0,02;-0,01;0,0;0,0
11.07.2026;07:00;07:15;0,56;0,17;0,0;0,0;-0,02;0,0;-0,08;0,0;0,0;0,0;0,0;0,0;-0,06;-0,04;-0,02;0,0;-0,01;0,0;-0,04;-0,02;-0,01;0,0;-0,01;0,0;0,0;0,0;-0,04;-0,02;-0,01;0,0;-0,01;0,0;-0,01;0,0;-0,03;-0,01;-0,02;0,0;-0,03;-0,01;-0,01;0,0;-0,01;0,0;-0,01;0,0;-0,01;0,0;-0,18;-0,16;-0,01;0,0;-0,03;-0,01;0,0;0,0
11.07.2026;07:15;07:30;0,8;0,33;0,0;0,0;-0,01;0,0;-0,08;0,0;0,0;0,0;-0,02;0,0;-0,09;-0,03;-0,03;0,0;-0,01;0,0;-0,04;0,0;-0,01;0,0;-0,01;0,0;0,0;0,0;-0,01;0,0;-0,01;0,0;-0,01;0,0;-0,01;0,0;-0,03;0,0;0,0;0,0;-0,02;0,0;-0,01;0,0;-0,01;0,0;-0,01;0,0;-0,02;0,0;-0,01;0,0;-0,02;0,0;-0,03;0,0;0,0;0,0
11.07.2026;07:30;07:45;1,07;0,43;0,0;0,0;-0,02;0,0;-0,13;0,0;0,0;0,0;-0,01;0,0;-0,06;0,0;-0,02;0,0;-0,02;0,0;-0,14;-0,06;-0,02;0,0;-0,03;0,0;0,0;0,0;-0,02;0,0;-0,01;0,0;-0,01;0,0;-0,01;0,0;-0,04;0,0;-0,01;0,0;-0,13;-0,05;-0,01;0,0;-0,01;0,0;-0,02;0,0;0,0;0,0;-0,01;0,0;0,0;0,0;-0,02;0,0;0,0;0,0
11.07.2026;07:45;08:00;1,34;0,75;-0,01;0,0;-0,01;0,0;-0,11;0,0;0,0;0,0;0,0;0,0;-0,29;-0,16;-0,02;0,0;-0,01;0,0;-0,02;0,0;-0,01;0,0;-0,09;0,0;0,0;0,0;0,0;0,0;-0,01;0,0;-0,01;0,0;-0,01;0,0;-0,03;0,0;-0,02;0,0;-0,02;0,0;0,0;0,0;-0,02;0,0;-0,02;0,0;-0,01;0,0;-0,01;0,0;-0,01;0,0;-0,01;0,0;0,0;0,0
11.07.2026;08:00;08:15;1,62;0,68;0,0;0,0;-0,15;0,0;-0,08;0,0;-0,01;0,0;-0,01;0,0;-0,29;-0,14;-0,03;0,0;-0,02;0,0;-0,07;0,0;-0,01;0,0;-0,03;0,0;-0,01;0,0;-0,01;0,0;-0,28;-0,13;-0,01;0,0;0,0;0,0;-0,04;0,0;-0,01;0,0;-0,02;0,0;-0,02;0,0;-0,02;0,0;-0,03;0,0;-0,02;0,0;-0,01;0,0;-0,02;0,0;-0,01;0,0;0,0;0,0
11.07.2026;08:15;08:30;1,88;0,76;0,0;0,0;-0,23;-0,05;-0,09;0,0;0,0;0,0;-0,02;0,0;-0,31;-0,13;-0,04;0,0;-0,03;0,0;-0,2;-0,02;0,0;0,0;-0,04;0,0;0,0;0,0;-0,05;0,0;-0,14;0,0;-0,01;0,0;-0,01;0,0;-0,03;0,0;-0,01;0,0;-0,03;0,0;-0,01;0,0;-0,02;0,0;-0,01;0,0;-0,01;0,0;-0,01;0,0;-0,01;0,0;-0,01;0,0;0,0;0,0
11.07.2026;08:30;08:45;2,09;1,32;0,0;0,0;-0,04;0,0;-0,08;0,0;0,0;0,0;0,0;0,0;-0,3;-0,05;-0,02;0,0;-0,01;0,0;-0,15;0,0;0,0;0,0;-0,03;0,0;0,0;0,0;-0,01;0,0;-0,03;0,0;-0,01;0,0;-0,01;0,0;-0,02;0,0;-0,02;0,0;-0,02;0,0;0,0;0,0;-0,01;0,0;-0,02;0,0;-0,01;0,0;0,0;0,0;-0,01;0,0;-0,02;0,0;0,0;0,0
11.07.2026;08:45;09:00;2,29;1,43;0,0;0,0;-0,06;0,0;-0,09;0,0;0,0;0,0;0,0;0,0;-0,29;-0,01;-0,03;0,0;-0,01;0,0;-0,15;0,0;-0,02;0,0;-0,04;0,0;0,0;0,0;-0,01;0,0;-0,01;0,0;-0,01;0,0;-0,01;0,0;-0,03;0,0;-0,01;0,0;-0,02;0,0;-0,02;0,0;-0,01;0,0;-0,01;0,0;-0,01;0,0;-0,01;0,0;-0,01;0,0;-0,01;0,0;0,0;0,0
11.07.2026;09:00;09:15;2,56;1,47;-0,01;0,0;-0,03;0,0;-0,18;0,0;0,0;0,0;-0,02;0,0;-0,21;0,0;-0,16;0,0;-0,02;0,0;-0,15;0,0;-0,01;0,0;-0,01;0,0;0,0;0,0;0,0;0,0;-0,02;0,0;-0,01;0,0;-0,03;0,0;-0,04;0,0;-0,01;0,0;-0,1;0,0;0,0;0,0;-0,02;0,0;-0,01;0,0;-0,02;0,0;-0,01;0,0;-0,01;0,0;-0,01;0,0;0,0;0,0
11.07.2026;09:15;09:30;2,4;1,48;0,0;0,0;-0,02;0,0;-0,07;0,0;0,0;0,0;-0,01;0,0;-0,11;0,0;-0,22;0,0;-0,01;0,0;-0,1;0,0;-0,02;0,0;-0,01;0,0;0,0;0,0;-0,02;0,0;-0,03;0,0;-0,01;0,0;-0,15;0,0;-0,03;0,0;-0,01;0,0;-0,02;0,0;-0,01;0,0;-0,02;0,0;-0,01;0,0;-0,01;0,0;-0,01;0,0;-0,01;0,0;-0,01;0,0;0,0;0,0
11.07.2026;09:30;09:45;0,82;0,38;0,0;0,0;-0,02;0,0;-0,08;0,0;0,0;0,0;0,0;0,0;-0,05;0,0;-0,03;0,0;-0,02;0,0;-0,01;0,0;-0,01;0,0;0,0;0,0;0,0;0,0;-0,01;0,0;-0,01;0,0;-0,01;0,0;-0,04;0,0;-0,03;0,0;-0,01;0,0;-0,02;0,0;-0,02;0,0;-0,01;0,0;-0,01;0,0;-0,01;0,0;-0,02;0,0;-0,01;0,0;-0,01;0,0;0,0;0,0
11.07.2026;09:45;10:00;0,0;0,0;0,0;0,0;-0,02;-0,02;-0,07;-0,07;0,0;0,0;-0,01;-0,01;-0,06;-0,06;-0,04;-0,04;-0,02;-0,02;-0,01;-0,01;-0,02;-0,02;-0,02;-0,02;0,0;0,0;-0,01;-0,01;-0,01;-0,01;-0,01;-0,01;-0,03;-0,03;-0,03;-0,03;-0,01;-0,01;-0,03;-0,03;0,0;0,0;-0,01;-0,01;-0,01;-0,01;-0,01;-0,01;-0,01;-0,01;-0,01;-0,01;-0,02;-0,02;0,0;0,0
11.07.2026;10:00;10:15;3,05;2,3;-0,01;0,0;-0,03;0,0;-0,06;0,0;0,0;0,0;-0,01;0,0;-0,05;0,0;-0,34;0,0;-0,02;0,0;-0,01;0,0;-0,01;0,0;0,0;0,0;0,0;0,0;-0,02;0,0;-0,01;0,0;-0,01;0,0;-0,03;0,0;-0,02;0,0;-0,02;0,0;-0,02;0,0;-0,01;0,0;-0,01;0,0;-0,01;0,0;-0,02;0,0;-0,01;0,0;-0,02;0,0;0,0;0,0;0,0;0,0
11.07.2026;10:15;10:30;3,75;3,28;0,0;0,0;-0,02;0,0;-0,06;0,0;0,0;0,0;-0,01;0,0;-0,05;0,0;-0,03;0,0;-0,01;0,0;-0,02;0,0;-0,02;0,0;-0,01;0,0;0,0;0,0;-0,02;0,0;0,0;0,0;-0,01;0,0;-0,03;0,0;-0,04;0,0;0,0;0,0;-0,03;0,0;-0,01;0,0;-0,03;0,0;-0,02;0,0;-0,01;0,0;-0,01;0,0;-0,01;0,0;-0,02;0,0;0,0;0,0
11.07.2026;10:30;10:45;3,88;3,36;0,0;0,0;-0,03;0,0;-0,08;0,0;0,0;0,0;0,0;0,0;-0,05;0,0;-0,02;0,0;-0,01;0,0;-0,03;0,0;0,0;0,0;-0,01;0,0;0,0;0,0;-0,01;0,0;-0,01;0,0;-0,01;0,0;-0,02;0,0;-0,03;0,0;-0,02;0,0;-0,03;0,0;-0,01;0,0;-0,02;0,0;0,0;0,0;-0,09;0,0;-0,02;0,0;-0,01;0,0;-0,01;0,0;0,0;0,0
11.07.2026;10:45;11:00;3,94;3,28;0,0;0,0;-0,03;0,0;-0,09;0,0;0,0;0,0;-0,02;0,0;-0,06;0,0;-0,18;0,0;-0,02;0,0;-0,03;0,0;0,0;0,0;0,0;0,0;0,0;0,0;-0,01;0,0;-0,02;0,0;-0,01;0,0;-0,03;0,0;-0,04;0,0;-0,01;0,0;-0,03;0,0;-0,01;0,0;-0,01;0,0;-0,02;0,0;-0,02;0,0;-0,01;0,0;0,0;0,0;-0,01;0,0;0,0;0,0
11.07.2026;11:00;11:15;4,14;2,92;0,0;0,0;-0,13;0,0;-0,09;0,0;0,0;0,0;-0,01;0,0;-0,08;0,0;-0,4;0,0;-0,02;0,0;-0,03;0,0;0,0;0,0;-0,02;0,0;0,0;0,0;-0,02;0,0;-0,02;0,0;-0,01;0,0;-0,03;0,0;-0,02;0,0;0,0;0,0;-0,09;0,0;-0,01;0,0;-0,01;0,0;0,0;0,0;-0,18;0,0;-0,01;0,0;-0,02;0,0;-0,02;0,0;0,0;0,0
11.07.2026;11:15;11:30;4,33;2,82;-0,01;0,0;-0,04;0,0;-0,08;0,0;0,0;0,0;0,0;0,0;-0,14;0,0;-0,29;0,0;-0,06;0,0;-0,01;0,0;-0,02;0,0;0,0;0,0;0,0;0,0;-0,01;0,0;-0,01;0,0;-0,01;0,0;-0,19;0,0;-0,03;0,0;-0,02;0,0;-0,32;0,0;-0,01;0,0;-0,02;0,0;-0,02;0,0;-0,19;0,0;-0,01;0,0;-0,01;0,0;-0,01;0,0;0,0;0,0
11.07.2026;11:30;11:45;4,4;3,57;0,0;0,0;-0,02;0,0;-0,09;0,0;0,0;0,0;-0,01;0,0;-0,06;0,0;-0,1;0,0;-0,07;0,0;-0,02;0,0;-0,02;0,0;-0,01;0,0;0,0;0,0;-0,01;0,0;0,0;0,0;-0,01;0,0;-0,16;0,0;-0,03;0,0;-0,01;0,0;-0,1;0,0;-0,01;0,0;-0,02;0,0;-0,01;0,0;-0,04;0,0;-0,02;0,0;0,0;0,0;-0,01;0,0;0,0;0,0
11.07.2026;11:45;12:00;4,45;3,55;0,0;0,0;-0,05;0,0;-0,07;0,0;0,0;0,0;-0,01;0,0;-0,06;0,0;-0,06;0,0;-0,02;0,0;-0,02;0,0;-0,01;0,0;-0,01;0,0;0,0;0,0;-0,09;0,0;-0,01;0,0;0,0;0,0;-0,27;0,0;-0,03;0,0;0,0;0,0;-0,04;0,0;-0,01;0,0;-0,02;0,0;0,0;0,0;-0,08;0,0;-0,01;0,0;-0,02;0,0;-0,01;0,0;0,0;0,0
11.07.2026;12:00;12:15;4,5;3,43;0,0;0,0;-0,05;0,0;-0,1;0,0;0,0;0,0;-0,01;0,0;-0,14;0,0;-0,03;0,0;-0,03;0,0;-0,01;0,0;-0,02;0,0;-0,01;0,0;0,0;0,0;-0,2;0,0;-0,01;0,0;-0,02;0,0;-0,21;0,0;-0,04;0,0;-0,03;0,0;-0,05;0,0;-0,01;0,0;-0,01;0,0;-0,02;0,0;-0,04;0,0;-0,01;0,0;-0,01;0,0;-0,01;0,0;0,0;0,0
11.07.2026;12:15;12:30;4,54;3,49;-0,01;0,0;-0,33;0,0;-0,11;0,0;0,0;0,0;0,0;0,0;-0,05;0,0;-0,01;0,0;-0,03;0,0;-0,02;0,0;-0,01;0,0;-0,01;0,0;0,0;0,0;-0,03;0,0;-0,02;0,0;-0,01;0,0;-0,19;0,0;-0,03;0,0;0,0;0,0;-0,09;0,0;-0,01;0,0;-0,01;0,0;-0,01;0,0;-0,03;0,0;-0,01;0,0;-0,02;0,0;-0,01;0,0;0,0;0,0
11.07.2026;12:30;12:45;4,61;3,9;0,0;0,0;-0,2;0,0;-0,12;0,0;0,0;0,0;-0,02;0,0;-0,07;0,0;-0,02;0,0;-0,02;0,0;-0,02;0,0;-0,01;0,0;-0,01;0,0;0,0;0,0;-0,02;0,0;-0,02;0,0;0,0;0,0;-0,02;0,0;-0,02;0,0;-0,01;0,0;-0,05;0,0;0,0;0,0;-0,02;0,0;-0,01;0,0;-0,02;0,0;-0,01;0,0;0,0;0,0;-0,02;0,0;0,0;0,0
11.07.2026;12:45;13:00;4,62;3,82;0,0;0,0;-0,05;0,0;-0,08;0,0;0,0;0,0;-0,01;0,0;-0,09;0,0;-0,01;0,0;-0,02;0,0;0,0;0,0;-0,02;0,0;0,0;0,0;0,0;0,0;-0,03;0,0;-0,02;0,0;-0,01;0,0;-0,01;0,0;-0,29;0,0;-0,02;0,0;-0,03;0,0;-0,02;0,0;-0,02;0,0;-0,01;0,0;-0,02;0,0;-0,02;0,0;-0,01;0,0;-0,01;0,0;0,0;0,0
11.07.2026;13:00;13:15;4,09;3,17;0,0;0,0;-0,15;0,0;-0,22;0,0;-0,01;0,0;0,0;0,0;-0,05;0,0;-0,02;0,0;-0,02;0,0;-0,01;0,0;-0,01;0,0;-0,02;0,0;-0,01;0,0;-0,03;0,0;-0,01;0,0;-0,01;0,0;0,0;0,0;-0,23;0,0;0,0;0,0;-0,02;0,0;0,0;0,0;-0,01;0,0;-0,02;0,0;-0,03;0,0;-0,01;0,0;-0,02;0,0;-0,01;0,0;0,0;0,0
11.07.2026;13:15;13:30;2,32;1,37;0,0;0,0;-0,25;0,0;-0,14;0,0;0,0;0,0;-0,01;0,0;-0,05;0,0;-0,01;0,0;0,0;0,0;0,0;0,0;0,0;0,0;-0,01;0,0;0,0;0,0;-0,03;0,0;-0,02;0,0;-0,01;0,0;0,0;0,0;-0,75;-0,47;-0,01;0,0;-0,03;0,0;-0,01;0,0;-0,01;0,0;-0,02;0,0;-0,04;0,0;-0,01;0,0;0,0;0,0;-0,01;0,0;0,0;0,0
11.07.2026;13:30;13:45;0,33;0,09;-0,01;0,0;-0,03;-0,02;-0,09;-0,07;0,0;0,0;-0,01;0,0;-0,03;-0,02;-0,05;-0,04;-0,02;-0,01;-0,02;-0,01;0,0;0,0;-0,02;-0,01;0,0;0,0;-0,02;-0,01;-0,01;0,0;-0,01;0,0;-0,01;0,0;-0,45;-0,44;-0,02;-0,01;-0,02;-0,01;-0,02;-0,01;-0,01;0,0;-0,01;0,0;-0,02;-0,01;-0,01;0,0;-0,01;0,0;-0,01;0,0;0,0;0,0
11.07.2026;13:45;14:00;4,54;3,57;0,0;0,0;-0,03;0,0;-0,19;0,0;0,0;0,0;-0,01;0,0;-0,04;0,0;-0,07;0,0;-0,02;0,0;0,0;0,0;-0,01;0,0;-0,02;0,0;0,0;0,0;-0,03;0,0;-0,01;0,0;-0,01;0,0;-0,02;0,0;-0,36;0,0;-0,01;0,0;-0,02;0,0;0,0;0,0;-0,03;0,0;-0,04;0,0;-0,01;0,0;-0,01;0,0;-0,02;0,0;-0,01;0,0;0,0;0,0
11.07.2026;14:00;14:15;4,59;3,38;0,0;0,0;-0,03;0,0;-0,18;0,0;0,0;0,0;-0,01;0,0;-0,04;0,0;-0,03;0,0;-0,01;0,0;0,0;0,0;-0,02;0,0;-0,01;0,0;0,0;0,0;-0,06;0,0;-0,01;0,0;-0,01;0,0;-0,01;0,0;-0,64;0,0;0,0;0,0;-0,02;0,0;-0,01;0,0;-0,02;0,0;-0,05;0,0;-0,01;0,0;-0,02;0,0;-0,01;0,0;-0,01;0,0;0,0;0,0
11.07.2026;14:15;14:30;4,36;3,63;0,0;0,0;-0,03;0,0;-0,17;0,0;0,0;0,0;0,0;0,0;-0,04;0,0;-0,04;0,0;-0,01;0,0;-0,01;0,0;-0,02;0,0;-0,02;0,0;0,0;0,0;-0,03;0,0;-0,01;0,0;-0,01;0,0;-0,01;0,0;-0,14;0,0;-0,02;0,0;-0,02;0,0;-0,01;0,0;-0,01;0,0;-0,06;0,0;-0,04;0,0;-0,01;0,0;-0,01;0,0;-0,01;0,0;0,0;0,0
11.07.2026;14:30;14:45;4,63;3,83;-0,01;0,0;-0,02;0,0;-0,25;0,0;0,0;0,0;-0,02;0,0;-0,04;0,0;-0,05;0,0;-0,02;0,0;0,0;0,0;-0,01;0,0;-0,02;0,0;0,0;0,0;-0,02;0,0;-0,02;0,0;-0,01;0,0;-0,02;0,0;-0,13;0,0;-0,01;0,0;-0,02;0,0;-0,01;0,0;-0,01;0,0;-0,05;0,0;-0,02;0,0;-0,01;0,0;-0,01;0,0;-0,02;0,0;0,0;0,0
11.07.2026;14:45;15:00;4,13;3,48;0,0;0,0;-0,03;0,0;-0,2;0,0;0,0;0,0;-0,01;0,0;-0,04;0,0;-0,03;0,0;-0,02;0,0;-0,01;0,0;-0,01;0,0;-0,02;0,0;0,0;0,0;-0,04;0,0;-0,05;0,0;-0,01;0,0;-0,03;0,0;-0,03;0,0;-0,01;0,0;-0,02;0,0;0,0;0,0;-0,01;0,0;-0,05;0,0;-0,01;0,0;-0,01;0,0;-0,01;0,0;0,0;0,0;0,0;0,0
11.07.2026;15:00;15:15;3,5;2,98;0,0;0,0;-0,02;0,0;-0,08;0,0;0,0;0,0;0,0;0,0;-0,04;0,0;-0,02;0,0;-0,01;0,0;-0,01;0,0;-0,02;0,0;-0,03;0,0;0,0;0,0;-0,03;0,0;-0,04;0,0;-0,01;0,0;-0,02;0,0;-0,01;0,0;-0,02;0,0;-0,02;0,0;-0,02;0,0;-0,03;0,0;-0,05;0,0;-0,01;0,0;0,0;0,0;-0,01;0,0;-0,02;0,0;0,0;0,0
11.07.2026;15:15;15:30;3,84;3,26;0,0;0,0;-0,03;0,0;-0,07;0,0;0,0;0,0;-0,01;0,0;-0,05;0,0;-0,03;0,0;-0,02;0,0;-0,02;0,0;-0,01;0,0;-0,02;0,0;0,0;0,0;-0,02;0,0;-0,05;0,0;-0,01;0,0;-0,04;0,0;-0,01;0,0;-0,03;0,0;-0,02;0,0;0,0;0,0;-0,02;0,0;-0,08;0,0;-0,01;0,0;-0,01;0,0;-0,01;0,0;-0,01;0,0;0,0;0,0
11.07.2026;15:30;15:45;3,93;3,36;0,0;0,0;-0,03;0,0;-0,08;0,0;0,0;0,0;-0,02;0,0;-0,05;0,0;-0,02;0,0;-0,01;0,0;-0,02;0,0;-0,01;0,0;-0,02;0,0;0,0;0,0;-0,02;0,0;-0,05;0,0;-0,01;0,0;-0,02;0,0;-0,02;0,0;-0,03;0,0;-0,03;0,0;-0,01;0,0;-0,01;0,0;-0,07;0,0;-0,02;0,0;0,0;0,0;-0,01;0,0;-0,01;0,0;0,0;0,0
11.07.2026;15:45;16:00;2,19;1,6;-0,01;0,0;-0,01;0,0;-0,09;0,0;0,0;0,0;0,0;0,0;-0,05;0,0;-0,02;0,0;-0,01;0,0;-0,02;0,0;0,0;0,0;-0,04;0,0;0,0;0,0;-0,04;0,0;-0,03;0,0;-0,01;0,0;0,0;0,0;-0,02;0,0;-0,03;0,0;-0,02;0,0;-0,02;0,0;-0,01;0,0;-0,09;0,0;-0,02;0,0;-0,02;0,0;-0,02;0,0;-0,01;0,0;0,0;0,0
11.07.2026;16:00;16:15;2,54;1,99;0,0;0,0;0,0;0,0;-0,07;0,0;0,0;0,0;0,0;0,0;-0,06;0,0;-0,02;0,0;-0,02;0,0;-0,01;0,0;0,0;0,0;-0,03;0,0;0,0;0,0;-0,05;0,0;-0,04;0,0;-0,01;0,0;-0,02;0,0;-0,01;0,0;-0,02;0,0;-0,05;0,0;0,0;0,0;-0,02;0,0;-0,08;0,0;-0,01;0,0;-0,01;0,0;-0,01;0,0;-0,01;0,0;0,0;0,0
11.07.2026;16:15;16:30;2,65;2,02;0,0;0,0;-0,01;0,0;-0,11;0,0;0,0;0,0;-0,02;0,0;-0,08;0,0;-0,02;0,0;-0,01;0,0;-0,02;0,0;-0,02;0,0;-0,04;0,0;0,0;0,0;-0,02;0,0;-0,04;0,0;-0,01;0,0;-0,01;0,0;0,0;0,0;-0,04;0,0;-0,03;0,0;-0,01;0,0;-0,03;0,0;-0,07;0,0;-0,01;0,0;-0,01;0,0;-0,01;0,0;-0,01;0,0;0,0;0,0
11.07.2026;16:30;16:45;2,89;2,1;0,0;0,0;0,0;0,0;-0,13;0,0;0,0;0,0;-0,01;0,0;-0,13;0,0;-0,03;0,0;-0,02;0,0;-0,02;0,0;-0,01;0,0;-0,1;0,0;0,0;0,0;-0,03;0,0;-0,05;0,0;-0,01;0,0;-0,01;0,0;-0,02;0,0;-0,03;0,0;-0,02;0,0;-0,01;0,0;-0,06;0,0;-0,06;0,0;-0,01;0,0;-0,01;0,0;-0,01;0,0;-0,01;0,0;0,0;0,0
11.07.2026;16:45;17:00;1,71;0,84;-0,01;0,0;-0,01;0,0;-0,09;0,0;0,0;0,0;0,0;0,0;-0,05;0,0;-0,03;0,0;-0,01;0,0;-0,01;0,0;-0,02;0,0;-0,08;0,0;0,0;0,0;-0,03;0,0;-0,04;0,0;0,0;0,0;0,0;0,0;-0,15;0,0;-0,02;0,0;-0,03;0,0;-0,01;0,0;-0,46;-0,29;-0,06;0,0;-0,01;0,0;-0,02;0,0;-0,01;0,0;-0,01;0,0;0,0;0,0
11.07.2026;17:00;17:15;0,05;0,05;0,0;0,0;-0,02;-0,02;-0,08;-0,08;0,0;0,0;-0,01;-0,01;-0,06;-0,06;-0,03;-0,03;-0,01;-0,01;-0,02;-0,02;-0,01;-0,01;-0,06;-0,06;0,0;0,0;-0,01;-0,01;-0,04;-0,04;-0,02;-0,02;-0,01;-0,01;-0,03;-0,03;-0,04;-0,04;-0,13;-0,13;-0,01;-0,01;-0,53;-0,53;-0,04;-0,04;-0,02;-0,02;-0,01;-0,01;-0,01;-0,01;-0,01;-0,01;0,0;0,0
11.07.2026;17:15;17:30;0,09;0,09;0,0;0,0;-0,01;-0,01;-0,1;-0,1;0,0;0,0;-0,02;-0,02;-0,05;-0,05;-0,03;-0,03;-0,02;-0,02;0,0;0,0;-0,02;-0,02;-0,01;-0,01;0,0;0,0;-0,02;-0,02;-0,04;-0,04;-0,01;-0,01;-0,01;-0,01;-0,05;-0,05;-0,03;-0,03;-0,03;-0,03;-0,01;-0,01;-0,18;-0,18;-0,05;-0,05;-0,01;-0,01;-0,01;-0,01;-0,01;-0,01;-0,01;-0,01;0,0;0,0
11.07.2026;17:30;17:45;2,34;1,43;0,0;0,0;-0,02;0,0;-0,09;0,0;0,0;0,0;-0,01;0,0;-0,06;0,0;-0,03;0,0;-0,01;0,0;-0,01;0,0;-0,01;0,0;-0,01;0,0;0,0;0,0;-0,07;0,0;-0,05;0,0;0,0;0,0;-0,01;0,0;-0,14;0,0;-0,02;0,0;-0,03;0,0;-0,01;0,0;-0,21;0,0;-0,06;0,0;-0,01;0,0;-0,02;0,0;-0,02;0,0;-0,01;0,0;0,0;0,0
11.07.2026;17:45;18:00;2,03;1,37;-0,01;0,0;-0,01;0,0;-0,07;0,0;0,0;0,0;0,0;0,0;-0,05;0,0;-0,04;0,0;-0,02;0,0;0,0;0,0;-0,01;0,0;0,0;0,0;0,0;0,0;-0,03;0,0;-0,04;0,0;-0,02;0,0;-0,01;0,0;-0,12;0,0;-0,04;0,0;-0,02;0,0;-0,01;0,0;-0,07;0,0;-0,05;0,0;-0,01;0,0;-0,01;0,0;-0,01;0,0;-0,01;0,0;0,0;0,0
11.07.2026;18:00;18:15;1,84;1,22;0,0;0,0;0,0;0,0;-0,09;0,0;-0,01;0,0;-0,01;0,0;-0,05;0,0;-0,03;0,0;-0,02;0,0;0,0;0,0;-0,01;0,0;-0,02;0,0;-0,01;0,0;-0,02;0,0;-0,05;0,0;0,0;0,0;0,0;0,0;-0,04;0,0;-0,02;0,0;-0,03;0,0;-0,01;0,0;-0,07;0,0;-0,06;0,0;-0,02;0,0;-0,01;0,0;-0,01;0,0;-0,03;0,0;0,0;0,0
11.07.2026;18:15;18:30;1,57;0,78;0,0;0,0;-0,01;0,0;-0,16;0,0;0,0;0,0;-0,01;0,0;-0,06;0,0;-0,03;0,0;-0,01;0,0;-0,01;0,0;0,0;0,0;-0,25;-0,11;0,0;0,0;-0,02;0,0;-0,05;0,0;-0,01;0,0;-0,01;0,0;-0,05;0,0;-0,03;0,0;-0,02;0,0;-0,01;0,0;-0,05;0,0;-0,06;0,0;-0,01;0,0;-0,01;0,0;-0,01;0,0;-0,02;0,0;0,0;0,0
11.07.2026;18:30;18:45;1,36;0,43;0,0;0,0;0,0;0,0;-0,23;0,0;0,0;0,0;-0,01;0,0;-0,35;-0,25;-0,12;-0,02;-0,02;0,0;0,0;0,0;0,0;0,0;-0,08;0,0;0,0;0,0;-0,03;0,0;-0,04;0,0;-0,02;0,0;-0,01;0,0;-0,04;0,0;-0,03;0,0;-0,05;0,0;-0,01;0,0;-0,06;0,0;-0,06;0,0;0,0;0,0;-0,01;0,0;-0,01;0,0;-0,02;0,0;0,0;0,0
11.07.2026;18:45;19:00;1,17;0,33;0,0;0,0;-0,02;0,0;-0,24;0,0;0,0;0,0;0,0;0,0;-0,39;-0,31;-0,04;0,0;-0,01;0,0;-0,01;0,0;-0,02;0,0;-0,1;-0,02;0,0;0,0;-0,03;0,0;-0,04;0,0;0,0;0,0;-0,01;0,0;-0,04;0,0;-0,02;0,0;-0,03;0,0;-0,01;0,0;-0,04;0,0;-0,05;0,0;-0,02;0,0;-0,02;0,0;-0,01;0,0;-0,02;0,0;0,0;0,0
11.07.2026;19:00;19:15;0,88;0,22;-0,01;0,0;-0,01;0,0;-0,18;-0,02;0,0;0,0;-0,02;0,0;-0,06;-0,02;-0,03;0,0;-0,01;0,0;0,0;0,0;-0,02;0,0;-0,1;-0,06;0,0;0,0;-0,02;0,0;-0,04;0,0;-0,01;0,0;-0,01;0,0;-0,03;0,0;-0,03;0,0;-0,02;0,0;-0,01;0,0;-0,03;0,0;-0,05;-0,01;-0,02;0,0;-0,01;0,0;-0,16;-0,12;-0,01;0,0;0,0;0,0
11.07.2026;19:15;19:30;0,65;0,2;0,0;0,0;-0,01;0,0;-0,23;-0,11;0,0;0,0;-0,01;0,0;-0,07;-0,05;-0,03;-0,01;-0,02;0,0;-0,01;0,0;-0,01;0,0;-0,08;-0,06;0,0;0,0;-0,01;0,0;-0,04;-0,02;-0,02;0,0;0,0;0,0;-0,04;-0,02;-0,04;-0,02;-0,02;0,0;-0,01;0,0;-0,03;-0,01;-0,05;-0,03;0,0;0,0;-0,02;0,0;-0,19;-0,17;-0,01;0,0;0,0;0,0
11.07.2026;19:30;19:45;0,57;0,14;0,0;0,0;-0,01;0,0;-0,09;0,0;0,0;0,0;-0,01;0,0;-0,06;-0,04;-0,03;-0,01;-0,01;0,0;-0,02;0,0;-0,01;0,0;-0,08;-0,06;0,0;0,0;-0,03;-0,01;-0,04;-0,02;-0,22;-0,2;0,0;0,0;-0,03;-0,01;-0,02;0,0;-0,02;0,0;-0,01;0,0;-0,02;0,0;-0,05;-0,03;-0,01;0,0;-0,01;0,0;-0,21;-0,19;-0,01;0,0;0,0;0,0
11.07.2026;19:45;20:00;0,37;0,11;0,0;0,0;-0,02;-0,01;-0,16;-0,11;0,0;0,0;0,0;0,0;-0,05;-0,04;-0,03;-0,02;-0,02;-0,01;-0,01;0,0;-0,02;-0,01;-0,04;-0,03;0,0;0,0;-0,08;-0,07;-0,04;-0,03;-0,23;-0,22;-0,02;-0,01;-0,11;-0,1;-0,03;-0,02;-0,02;-0,01;-0,01;0,0;-0,23;-0,22;-0,05;-0,04;-0,02;-0,01;-0,02;-0,01;-0,2;-0,19;-0,01;0,0;0,0;0,0
11.07.2026;20:00;20:15;0,2;0,15;-0,01;-0,01;-0,03;-0,03;-0,1;-0,05;0,0;0,0;-0,01;-0,01;-0,04;-0,04;-0,03;-0,03;-0,01;-0,01;-0,01;-0,01;-0,01;-0,01;-0,01;-0,01;0,0;0,0;-0,03;-0,03;-0,04;-0,04;-0,06;-0,06;-0,01;-0,01;-0,05;-0,05;-0,03;-0,03;-0,02;-0,02;0,0;0,0;-0,32;-0,32;-0,04;-0,04;-0,01;-0,01;-0,15;-0,15;-0,21;-0,21;-0,02;-0,02;0,0;0,0
11.07.2026;20:15;20:30;0,0;0,0;0,0;0,0;-0,11;-0,11;-0,22;-0,22;0,0;0,0;-0,02;-0,02;-0,04;-0,04;-0,03;-0,03;-0,01;-0,01;0,0;0,0;-0,01;-0,01;-0,03;-0,03;0,0;0,0;-0,43;-0,43;-0,04;-0,04;-0,07;-0,07;-0,01;-0,01;-0,03;-0,03;-0,02;-0,02;-0,02;-0,02;-0,02;-0,02;-0,05;-0,05;-0,05;-0,05;-0,01;-0,01;-0,15;-0,15;-0,2;-0,2;-0,01;-0,01;0,0;0,0
11.07.2026;20:30;20:45;0,0;0,0;0,0;0,0;-0,02;-0,02;-0,18;-0,18;0,0;0,0;0,0;0,0;-0,04;-0,04;-0,03;-0,03;-0,02;-0,02;-0,01;-0,01;-0,01;-0,01;-0,03;-0,03;0,0;0,0;-0,24;-0,24;-0,02;-0,02;-0,27;-0,27;0,0;0,0;-0,01;-0,01;-0,03;-0,03;-0,02;-0,02;0,0;0,0;-0,04;-0,04;-0,05;-0,05;-0,01;-0,01;-0,02;-0,02;-0,08;-0,08;-0,02;-0,02;0,0;0,0
11.07.2026;20:45;21:00;0,0;0,0;0,0;0,0;-0,02;-0,02;-0,22;-0,22;0,0;0,0;0,0;0,0;-0,04;-0,04;-0,03;-0,03;-0,02;-0,02;-0,03;-0,03;0,0;0,0;-0,02;-0,02;0,0;0,0;-0,25;-0,25;-0,01;-0,01;-0,06;-0,06;0,0;0,0;-0,02;-0,02;-0,03;-0,03;-0,02;-0,02;-0,01;-0,01;-0,04;-0,04;-0,05;-0,05;-0,02;-0,02;-0,01;-0,01;-0,03;-0,03;-0,03;-0,03;0,0;0,0
11.07.2026;21:00;21:15;0,02;0,02;0,0;0,0;-0,02;-0,02;-0,13;-0,13;0,0;0,0;-0,02;-0,02;-0,08;-0,08;-0,02;-0,02;-0,05;-0,05;-0,04;-0,04;0,0;0,0;-0,02;-0,02;0,0;0,0;-0,02;-0,02;-0,01;-0,01;-0,05;-0,05;-0,01;-0,01;-0,01;-0,01;-0,02;-0,02;-0,02;-0,02;-0,02;-0,02;-0,05;-0,05;-0,05;-0,05;-0,01;-0,01;-0,02;-0,02;-0,03;-0,03;-0,03;-0,03;0,0;0,0
11.07.2026;21:15;21:30;0,0;0,0;-0,01;-0,01;-0,02;-0,02;-0,23;-0,23;0,0;0,0;-0,01;-0,01;-0,06;-0,06;-0,03;-0,03;-0,03;-0,03;-0,04;-0,04;-0,02;-0,02;0,0;0,0;0,0;0,0;-0,04;-0,04;-0,01;-0,01;-0,22;-0,22;-0,02;-0,02;-0,02;-0,02;-0,04;-0,04;-0,02;-0,02;0,0;0,0;-0,1;-0,1;-0,05;-0,05;-0,01;-0,01;-0,01;-0,01;-0,05;-0,05;-0,03;-0,03;0,0;0,0
11.07.2026;21:30;21:45;0,0;0,0;0,0;0,0;-0,03;-0,03;-0,23;-0,23;0,0;0,0;-0,01;-0,01;-0,04;-0,04;-0,03;-0,03;-0,01;-0,01;-0,03;-0,03;-0,02;-0,02;-0,01;-0,01;0,0;0,0;-0,05;-0,05;-0,02;-0,02;-0,01;-0,01;0,0;0,0;-0,01;-0,01;-0,02;-0,02;-0,02;-0,02;-0,01;-0,01;-0,32;-0,32;-0,05;-0,05;-0,01;-0,01;-0,01;-0,01;-0,02;-0,02;-0,02;-0,02;0,0;0,0
11.07.2026;21:45;22:00;0,0;0,0;0,0;0,0;-0,02;-0,02;-0,25;-0,25;0,0;0,0;0,0;0,0;-0,05;-0,05;-0,02;-0,02;-0,02;-0,02;-0,05;-0,05;-0,01;-0,01;-0,02;-0,02;0,0;0,0;-0,02;-0,02;-0,03;-0,03;0,0;0,0;0,0;0,0;-0,01;-0,01;-0,02;-0,02;-0,08;-0,08;-0,01;-0,01;-0,26;-0,26;-0,05;-0,05;-0,02;-0,02;0,0;0,0;-0,01;-0,01;-0,03;-0,03;0,0;0,0
11.07.2026;22:00;22:15;0,0;0,0;0,0;0,0;-0,04;-0,04;-0,1;-0,1;0,0;0,0;-0,02;-0,02;-0,04;-0,04;-0,02;-0,02;-0,01;-0,01;-0,04;-0,04;-0,02;-0,02;0,0;0,0;0,0;0,0;-0,03;-0,03;-0,03;-0,03;-0,02;-0,02;-0,01;-0,01;-0,01;-0,01;-0,04;-0,04;-0,05;-0,05;-0,01;-0,01;-0,19;-0,19;-0,03;-0,03;-0,01;-0,01;0,0;0,0;-0,11;-0,11;-0,03;-0,03;0,0;0,0
11.07.2026;22:15;22:30;0,0;0,0;-0,01;-0,01;-0,04;-0,04;-0,15;-0,15;0,0;0,0;-0,01;-0,01;-0,05;-0,05;-0,03;-0,03;-0,01;-0,01;-0,05;-0,05;-0,01;-0,01;-0,02;-0,02;0,0;0,0;-0,03;-0,03;-0,03;-0,03;0,0;0,0;-0,03;-0,03;-0,01;-0,01;-0,02;-0,02;-0,03;-0,03;-0,01;-0,01;-0,08;-0,08;-0,02;-0,02;0,0;0,0;-0,01;-0,01;-0,02;-0,02;0,0;0,0;0,0;0,0
11.07.2026;22:30;22:45;0,0;0,0;0,0;0,0;-0,04;-0,04;-0,15;-0,15;0,0;0,0;0,0;0,0;-0,04;-0,04;-0,03;-0,03;-0,02;-0,02;-0,04;-0,04;-0,01;-0,01;-0,01;-0,01;0,0;0,0;-0,02;-0,02;-0,03;-0,03;-0,01;-0,01;-0,03;-0,03;-0,03;-0,03;-0,01;-0,01;-0,03;-0,03;-0,01;-0,01;-0,04;-0,04;-0,01;-0,01;-0,02;-0,02;-0,1;-0,1;-0,02;-0,02;-0,02;-0,02;0,0;0,0
11.07.2026;22:45;23:00;0,0;0,0;0,0;0,0;-0,03;-0,03;-0,2;-0,2;0,0;0,0;-0,01;-0,01;-0,05;-0,05;-0,08;-0,08;-0,01;-0,01;-0,03;-0,03;-0,01;-0,01;0,0;0,0;0,0;0,0;-0,22;-0,22;-0,04;-0,04;-0,02;-0,02;-0,02;-0,02;-0,04;-0,04;-0,03;-0,03;-0,03;-0,03;-0,01;-0,01;-0,02;-0,02;-0,01;-0,01;-0,02;-0,02;-0,02;-0,02;-0,04;-0,04;-0,01;-0,01;0,0;0,0
11.07.2026;23:00;23:15;0,0;0,0;0,0;0,0;-0,02;-0,02;-0,09;-0,09;-0,01;-0,01;-0,01;-0,01;-0,04;-0,04;-0,04;-0,04;-0,02;-0,02;-0,02;-0,02;0,0;0,0;-0,02;-0,02;-0,01;-0,01;-0,1;-0,1;-0,04;-0,04;-0,01;-0,01;-0,02;-0,02;-0,06;-0,06;0,0;0,0;-0,04;-0,04;-0,01;-0,01;-0,01;-0,01;-0,02;-0,02;0,0;0,0;-0,01;-0,01;-0,02;-0,02;-0,01;-0,01;0,0;0,0
11.07.2026;23:15;23:30;0,0;0,0;0,0;0,0;-0,02;-0,02;-0,11;-0,11;0,0;0,0;-0,01;-0,01;-0,05;-0,05;-0,04;-0,04;-0,02;-0,02;-0,02;-0,02;-0,01;-0,01;0,0;0,0;0,0;0,0;-0,02;-0,02;-0,04;-0,04;-0,01;-0,01;-0,02;-0,02;-0,04;-0,04;-0,01;-0,01;-0,03;-0,03;-0,01;-0,01;-0,02;-0,02;-0,01;-0,01;-0,01;-0,01;-0,01;-0,01;-0,04;-0,04;-0,01;-0,01;0,0;0,0
11.07.2026;23:30;23:45;0,0;0,0;-0,01;-0,01;-0,02;-0,02;-0,2;-0,2;0,0;0,0;0,0;0,0;-0,04;-0,04;-0,03;-0,03;-0,03;-0,03;-0,02;-0,02;-0,01;-0,01;-0,01;-0,01;0,0;0,0;-0,01;-0,01;-0,04;-0,04;-0,01;-0,01;-0,03;-0,03;-0,07;-0,07;-0,02;-0,02;-0,03;-0,03;0,0;0,0;-0,01;-0,01;-0,02;-0,02;-0,02;-0,02;-0,02;-0,02;-0,03;-0,03;-0,01;-0,01;0,0;0,0
11.07.2026;23:45;00:00;0,0;0,0;0,0;0,0;-0,02;-0,02;-0,14;-0,14;0,0;0,0;-0,02;-0,02;-0,04;-0,04;-0,04;-0,04;-0,02;-0,02;-0,01;-0,01;-0,01;-0,01;-0,01;-0,01;0,0;0,0;-0,01;-0,01;-0,05;-0,05;-0,01;-0,01;-0,03;-0,03;-0,08;-0,08;0,0;0,0;-0,03;-0,03;-0,02;-0,02;-0,03;-0,03;-0,01;-0,01;-0,01;-0,01;-0,01;-0,01;0,0;0,0;-0,01;-0,01;0,0;0,0
12.07.2026;00:00;00:15;0,0;0,0;0,0;0,0;-0,02;-0,02;-0,07;-0,07;0,0;0,0;-0,01;-0,01;-0,04;-0,04;-0,38;-0,38;-0,02;-0,02;-0,01;-0,01;-0,02;-0,02;-0,01;-0,01;0,0;0,0;-0,02;-0,02;-0,05;-0,05;-0,01;-0,01;-0,02;-0,02;-0,06;-0,06;-0,02;-0,02;-0,03;-0,03;-0,03;-0,03;-0,02;-0,02;-0,01;-0,01;-0,01;-0,01;-0,01;-0,01;-0,02;-0,02;-0,01;-0,01;0,0;0,0
12.07.2026;00:15;00:30;0,0;0,0;0,0;0,0;-0,02;-0,02;-0,07;-0,07;0,0;0,0;0,0;0,0;-0,04;-0,04;-0,03;-0,03;-0,01;-0,01;0,0;0,0;-0,01;-0,01;-0,01;-0,01;0,0;0,0;-0,01;-0,01;-0,03;-0,03;-0,01;-0,01;-0,01;-0,01;-0,05;-0,05;-0,01;-0,01;-0,03;-0,03;0,0;0,0;-0,01;-0,01;-0,02;-0,02;-0,01;-0,01;-0,02;-0,02;-0,02;-0,02;-0,01;-0,01;0,0;0,0
12.07.2026;00:30;00:45;0,0;0,0;-0,01;-0,01;-0,01;-0,01;-0,08;-0,08;0,0;0,0;-0,01;-0,01;-0,04;-0,04;-0,02;-0,02;-0,02;-0,02;0,0;0,0;-0,02;-0,02;-0,01;-0,01;0,0;0,0;0,0;0,0;-0,02;-0,02;-0,02;-0,02;-0,01;-0,01;-0,05;-0,05;0,0;0,0;-0,04;-0,04;-0,02;-0,02;-0,01;-0,01;-0,01;-0,01;-0,02;-0,02;-0,01;-0,01;-0,01;-0,01;-0,01;-0,01;0,0;0,0
12.07.2026;00:45;01:00;0,0;0,0;0,0;0,0;-0,01;-0,01;-0,08;-0,08;0,0;0,0;-0,01;-0,01;-0,04;-0,04;-0,02;-0,02;-0,01;-0,01;-0,01;-0,01;-0,01;-0,01;0,0;0,0;0,0;0,0;-0,01;-0,01;0,0;0,0;-0,01;-0,01;-0,01;-0,01;-0,08;-0,08;-0,02;-0,02;-0,03;-0,03;-0,01;-0,01;-0,03;-0,03;-0,01;-0,01;-0,01;-0,01;-0,01;-0,01;-0,01;-0,01;-0,01;-0,01;0,0;0,0
12.07.2026;01:00;01:15;0,0;0,0;0,0;0,0;0,0;0,0;-0,06;-0,06;0,0;0,0;-0,01;-0,01;-0,04;-0,04;-0,2;-0,2;-0,02;-0,02;0,0;0,0;-0,01;-0,01;-0,02;-0,02;0,0;0,0;-0,02;-0,02;-0,01;-0,01;0,0;0,0;-0,01;-0,01;-0,06;-0,06;-0,01;-0,01;-0,02;-0,02;0,0;0,0;-0,02;-0,02;-0,02;-0,02;-0,01;-0,01;-0,01;-0,01;-0,01;-0,01;-0,01;-0,01;0,0;0,0
12.07.2026;01:15;01:30;0,0;0,0;0,0;0,0;-0,01;-0,01;-0,06;-0,06;0,0;0,0;-0,01;-0,01;-0,04;-0,04;-0,14;-0,14;-0,02;-0,02;-0,01;-0,01;-0,01;-0,01;0,0;0,0;0,0;0,0;0,0;0,0;-0,01;-0,01;-0,02;-0,02;-0,01;-0,01;-0,08;-0,08;0,0;0,0;-0,02;-0,02;-0,02;-0,02;-0,01;-0,01;-0,01;-0,01;-0,01;-0,01;-0,02;-0,02;-0,01;-0,01;-0,02;-0,02;0,0;0,0
12.07.2026;01:30;01:45;0,0;0,0;0,0;0,0;-0,01;-0,01;-0,08;-0,08;0,0;0,0;0,0;0,0;-0,04;-0,04;-0,01;-0,01;-0,01;-0,01;0,0;0,0;0,0;0,0;-0,01;-0,01;0,0;0,0;-0,01;-0,01;-0,01;-0,01;-0,01;-0,01;0,0;0,0;-0,06;-0,06;-0,03;-0,03;-0,02;-0,02;0,0;0,0;-0,01;-0,01;-0,02;-0,02;-0,02;-0,02;-0,01;-0,01;-0,01;-0,01;0,0;0,0;0,0;0,0
12.07.2026;01:45;02:00;0,0;0,0;-0,01;-0,01;-0,01;-0,01;-0,07;-0,07;0,0;0,0;-0,02;-0,02;-0,04;-0,04;-0,01;-0,01;-0,02;-0,02;-0,01;-0,01;0,0;0,0;-0,01;-0,01;0,0;0,0;-0,01;-0,01;-0,01;-0,01;-0,01;-0,01;-0,03;-0,03;-0,06;-0,06;0,0;0,0;-0,02;-0,02;-0,01;-0,01;-0,03;-0,03;-0,01;-0,01;0,0;0,0;-0,02;-0,02;-0,02;-0,02;-0,01;-0,01;0,0;0,0
12.07.2026;02:00;02:15;0,0;0,0;0,0;0,0;-0,02;-0,02;-0,06;-0,06;0,0;0,0;-0,01;-0,01;-0,04;-0,04;-0,01;-0,01;-0,01;-0,01;0,0;0,0;-0,02;-0,02;-0,01;-0,01;0,0;0,0;-0,01;-0,01;-0,01;-0,01;-0,01;-0,01;-0,03;-0,03;-0,05;-0,05;-0,01;-0,01;-0,02;-0,02;-0,02;-0,02;-0,02;-0,02;-0,01;-0,01;-0,01;-0,01;-0,01;-0,01;-0,01;-0,01;-0,02;-0,02;0,0;0,0
12.07.2026;02:15;02:30;0,0;0,0;0,0;0,0;-0,01;-0,01;-0,07;-0,07;0,0;0,0;0,0;0,0;-0,04;-0,04;-0,01;-0,01;-0,02;-0,02;-0,02;-0,02;-0,01;-0,01;-0,01;-0,01;0,0;0,0;-0,01;-0,01;-0,01;-0,01;-0,01;-0,01;-0,02;-0,02;-0,05;-0,05;-0,02;-0,02;-0,02;-0,02;0,0;0,0;-0,02;-0,02;-0,02;-0,02;-0,02;-0,02;-0,01;-0,01;-0,02;-0,02;0,0;0,0;0,0;0,0
12.07.2026;02:30;02:45;0,0;0,0;0,0;0,0;-0,01;-0,01;-0,06;-0,06;0,0;0,0;-0,01;-0,01;-0,04;-0,04;-0,01;-0,01;-0,01;-0,01;-0,02;-0,02;-0,02;-0,02;-0,01;-0,01;0,0;0,0;0,0;0,0;-0,01;-0,01;-0,02;-0,02;-0,02;-0,02;-0,36;-0,36;0,0;0,0;-0,03;-0,03;-0,01;-0,01;-0,01;-0,01;-0,01;-0,01;-0,01;-0,01;-0,01;-0,01;-0,01;-0,01;-0,01;-0,01;0,0;0,0
12.07.2026;02:45;03:00;0,0;0,0;-0,01;-0,01;0,0;0,0;-0,06;-0,06;0,0;0,0;-0,01;-0,01;-0,04;-0,04;-0,01;-0,01;-0,01;-0,01;-0,02;-0,02;-0,01;-0,01;0,0;0,0;0,0;0,0;-0,02;-0,02;-0,01;-0,01;0,0;0,0;-0,02;-0,02;-0,35;-0,35;-0,01;-0,01;-0,02;-0,02;-0,01;-0,01;-0,01;-0,01;-0,01;-0,01;-0,01;-0,01;-0,02;-0,02;0,0;0,0;-0,01;-0,01;0,0;0,0
12.07.2026;03:00;03:15;0,0;0,0;0,0;0,0;-0,01;-0,01;-0,11;-0,11;0,0;0,0;-0,01;-0,01;-0,03;-0,03;-0,01;-0,01;-0,02;-0,02;-0,02;-0,02;-0,02;-0,02;-0,02;-0,02;0,0;0,0;-0,01;-0,01;-0,01;-0,01;-0,01;-0,01;-0,02;-0,02;-0,12;-0,12;-0,02;-0,02;-0,02;-0,02;-0,01;-0,01;-0,03;-0,03;-0,02;-0,02;-0,01;-0,01;-0,01;-0,01;-0,01;-0,01;-0,01;-0,01;0,0;0,0
12.07.2026;03:15;03:30;0,0;0,0;0,0;0,0;-0,01;-0,01;-0,09;-0,09;0,0;0,0;-0,01;-0,01;-0,04;-0,04;-0,01;-0,01;-0,01;-0,01;-0,01;-0,01;-0,01;-0,01;0,0;0,0;0,0;0,0;0,0;0,0;-0,01;-0,01;-0,02;-0,02;-0,03;-0,03;-0,05;-0,05;0,0;0,0;-0,02;-0,02;-0,01;-0,01;-0,02;-0,02;0,0;0,0;-0,02;-0,02;-0,01;-0,01;-0,02;-0,02;-0,02;-0,02;0,0;0,0
12.07.2026;03:30;03:45;0,0;0,0;0,0;0,0;-0,01;-0,01;-0,06;-0,06;0,0;0,0;-0,01;-0,01;-0,04;-0,04;-0,01;-0,01;-0,02;-0,02;-0,02;-0,02;-0,01;-0,01;-0,01;-0,01;0,0;0,0;-0,01;-0,01;-0,01;-0,01;-0,01;-0,01;-0,02;-0,02;-0,05;-0,05;-0,02;-0,02;-0,02;-0,02;-0,01;-0,01;-0,01;-0,01;-0,02;-0,02;-0,01;-0,01;-0,01;-0,01;-0,01;-0,01;0,0;0,0;0,0;0,0
12.07.2026;03:45;04:00;0,0;0,0;-0,01;-0,01;-0,02;-0,02;-0,11;-0,11;0,0;0,0;-0,01;-0,01;-0,04;-0,04;-0,01;-0,01;-0,02;-0,02;-0,02;-0,02;-0,01;-0,01;-0,01;-0,01;0,0;0,0;-0,02;-0,02;-0,01;-0,01;-0,01;-0,01;-0,01;-0,01;-0,06;-0,06;-0,01;-0,01;-0,02;-0,02;-0,01;-0,01;-0,01;-0,01;-0,01;-0,01;-0,01;-0,01;-0,02;-0,02;-0,02;-0,02;-0,01;-0,01;0,0;0,0
12.07.2026;04:00;04:15;0,0;0,0;0,0;0,0;-0,01;-0,01;-0,15;-0,15;-0,01;-0,01;-0,01;-0,01;-0,04;-0,04;-0,01;-0,01;-0,01;-0,01;-0,01;-0,01;0,0;0,0;-0,01;-0,01;-0,01;-0,01;-0,01;-0,01;-0,01;-0,01;-0,01;-0,01;0,0;0,0;-0,05;-0,05;-0,01;-0,01;-0,02;-0,02;-0,01;-0,01;-0,02;-0,02;-0,01;-0,01;-0,01;-0,01;-0,01;-0,01;-0,01;-0,01;-0,02;-0,02;0,0;0,0
12.07.2026;04:15;04:30;0,0;0,0;0,0;0,0;0,0;0,0;-0,22;-0,22;0,0;0,0;0,0;0,0;-0,03;-0,03;-0,04;-0,04;-0,02;-0,02;-0,01;-0,01;0,0;0,0;-0,01;-0,01;0,0;0,0;0,0;0,0;-0,01;-0,01;-0,01;-0,01;-0,02;-0,02;-0,05;-0,05;-0,01;-0,01;-0,02;-0,02;-0,01;-0,01;-0,03;-0,03;-0,02;-0,02;-0,02;-0,02;0,0;0,0;-0,01;-0,01;0,0;0,0;0,0;0,0
12.07.2026;04:30;04:45;0,0;0,0;0,0;0,0;0,0;0,0;-0,23;-0,23;0,0;0,0;-0,01;-0,01;-0,04;-0,04;-0,04;-0,04;-0,01;-0,01;0,0;0,0;-0,02;-0,02;-0,01;-0,01;0,0;0,0;-0,01;-0,01;-0,01;-0,01;-0,01;-0,01;-0,01;-0,01;-0,05;-0,05;-0,01;-0,01;-0,02;-0,02;-0,01;-0,01;-0,01;-0,01;-0,01;-0,01;0,0;0,0;0,0;0,0;-0,01;-0,01;-0,02;-0,02;0,0;0,0
12.07.2026;04:45;05:00;0,0;0,0;0,0;0,0;-0,02;-0,02;-0,24;-0,24;0,0;0,0;-0,01;-0,01;-0,04;-0,04;-0,04;-0,04;-0,02;-0,02;-0,01;-0,01;-0,01;-0,01;0,0;0,0;0,0;0,0;-0,02;-0,02;-0,02;-0,02;-0,01;-0,01;0,0;0,0;-0,06;-0,06;-0,01;-0,01;-0,02;-0,02;-0,01;-0,01;-0,02;-0,02;-0,01;-0,01;-0,01;-0,01;-0,01;-0,01;-0,01;-0,01;-0,02;-0,02;0,0;0,0
12.07.2026;05:00;05:15;0,0;0,0;-0,01;-0,01;-0,01;-0,01;-0,22;-0,22;0,0;0,0;-0,01;-0,01;-0,04;-0,04;-0,05;-0,05;-0,01;-0,01;0,0;0,0;-0,02;-0,02;-0,02;-0,02;0,0;0,0;0,0;0,0;-0,01;-0,01;-0,01;-0,01;-0,01;-0,01;-0,05;-0,05;-0,02;-0,02;-0,02;-0,02;-0,01;-0,01;-0,04;-0,04;-0,02;-0,02;-0,02;-0,02;-0,01;-0,01;-0,01;-0,01;-0,02;-0,02;0,0;0,0
12.07.2026;05:15;05:30;0,0;0,0;0,0;0,0;-0,01;-0,01;-0,2;-0,2;0,0;0,0;-0,01;-0,01;-0,04;-0,04;-0,06;-0,06;-0,01;-0,01;0,0;0,0;-0,01;-0,01;0,0;0,0;0,0;0,0;0,0;0,0;-0,01;-0,01;-0,01;-0,01;0,0;0,0;-0,07;-0,07;0,0;0,0;-0,02;-0,02;-0,01;-0,01;-0,1;-0,1;0,0;0,0;-0,01;-0,01;-0,01;-0,01;-0,01;-0,01;-0,01;-0,01;0,0;0,0
12.07.2026;05:30;05:45;0,04;0,04;0,0;0,0;-0,02;-0,02;-0,07;-0,07;0,0;0,0;-0,01;-0,01;-0,05;-0,05;-0,03;-0,03;-0,02;-0,02;-0,01;-0,01;-0,02;-0,02;-0,01;-0,01;0,0;0,0;-0,02;-0,02;-0,03;-0,03;-0,01;-0,01;-0,02;-0,02;-0,04;-0,04;-0,01;-0,01;-0,02;-0,02;-0,01;-0,01;-0,04;-0,04;-0,02;-0,02;-0,01;-0,01;-0,01;-0,01;-0,02;-0,02;-0,01;-0,01;0,0;0,0
12.07.2026;05:45;06:00;0,08;0,08;0,0;0,0;0,0;0,0;-0,09;-0,09;0,0;0,0;-0,01;-0,01;-0,03;-0,03;-0,04;-0,04;-0,01;-0,01;0,0;0,0;-0,01;-0,01;-0,01;-0,01;0,0;0,0;-0,01;-0,01;-0,01;-0,01;-0,01;-0,01;-0,01;-0,01;-0,05;-0,05;-0,02;-0,02;-0,02;-0,02;-0,01;-0,01;-0,02;-0,02;-0,01;-0,01;-0,01;-0,01;-0,01;-0,01;-0,01;-0,01;-0,01;-0,01;0,0;0,0
12.07.2026;06:00;06:15;0,05;0,05;-0,01;-0,01;0,0;0,0;-0,13;-0,13;0,0;0,0;0,0;0,0;-0,04;-0,04;-0,02;-0,02;-0,02;-0,02;-0,01;-0,01;-0,01;-0,01;0,0;0,0;0,0;0,0;-0,01;-0,01;-0,01;-0,01;-0,01;-0,01;0,0;0,0;-0,04;-0,04;-0,01;-0,01;-0,02;-0,02;-0,01;-0,01;-0,02;-0,02;-0,01;-0,01;-0,02;-0,02;-0,01;-0,01;-0,01;-0,01;-0,01;-0,01;0,0;0,0
12.07.2026;06:15;06:30;0,11;0,11;0,0;0,0;-0,01;-0,01;-0,16;-0,16;0,0;0,0;-0,01;-0,01;-0,04;-0,04;-0,02;-0,02;-0,01;-0,01;0,0;0,0;0,0;0,0;-0,02;-0,02;0,0;0,0;0,0;0,0;-0,01;-0,01;-0,02;-0,02;0,0;0,0;-0,04;-0,04;-0,01;-0,01;-0,02;-0,02;0,0;0,0;-0,01;-0,01;-0,02;-0,02;-0,01;-0,01;-0,01;-0,01;-0,01;-0,01;-0,01;-0,01;0,0;0,0
12.07.2026;06:30;06:45;0,22;0,17;0,0;0,0;-0,01;-0,01;-0,14;-0,09;0,0;0,0;-0,02;-0,02;-0,04;-0,04;-0,01;-0,01;-0,02;-0,02;-0,01;-0,01;0,0;0,0;0,0;0,0;0,0;0,0;-0,01;-0,01;-0,02;-0,02;0,0;0,0;-0,01;-0,01;-0,04;-0,04;-0,01;-0,01;-0,02;-0,02;-0,02;-0,02;-0,01;-0,01;-0,01;-0,01;-0,01;-0,01;-0,01;-0,01;-0,01;-0,01;-0,01;-0,01;0,0;0,0
12.07.2026;06:45;07:00;0,28;0,2;0,0;0,0;-0,02;-0,02;-0,12;-0,04;0,0;0,0;0,0;0,0;-0,04;-0,04;-0,01;-0,01;-0,01;-0,01;-0,02;-0,02;-0,01;-0,01;-0,01;-0,01;0,0;0,0;-0,02;-0,02;-0,01;-0,01;-0,02;-0,02;-0,02;-0,02;-0,04;-0,04;-0,01;-0,01;-0,03;-0,03;-0,01;-0,01;-0,02;-0,02;-0,01;-0,01;-0,01;-0,01;-0,02;-0,02;-0,01;-0,01;-0,01;-0,01;0,0;0,0
12.07.2026;07:00;07:15;0,69;0,24;0,0;0,0;-0,01;0,0;-0,15;0,0;0,0;0,0;0,0;0,0;-0,04;0,0;-0,01;0,0;-0,01;0,0;-0,01;0,0;-0,02;0,0;-0,01;0,0;0,0;0,0;0,0;0,0;0,0;0,0;-0,08;-0,04;0,0;0,0;-0,03;0,0;-0,01;0,0;-0,02;0,0;-0,01;0,0;-0,02;0,0;-0,01;0,0;-0,02;0,0;-0,01;0,0;-0,01;0,0;-0,01;0,0;0,0;0,0
12.07.2026;07:15;07:30;0,88;0,39;-0,01;0,0;-0,01;0,0;-0,1;0,0;0,0;0,0;-0,02;0,0;-0,12;-0,05;-0,01;0,0;-0,02;0,0;-0,02;0,0;-0,01;0,0;-0,01;0,0;0,0;0,0;-0,01;0,0;-0,01;0,0;-0,02;0,0;-0,01;0,0;-0,04;0,0;-0,01;0,0;-0,02;0,0;-0,01;0,0;-0,03;0,0;-0,01;0,0;-0,01;0,0;-0,01;0,0;-0,01;0,0;-0,01;0,0;0,0;0,0
12.07.2026;07:30;07:45;0,93;0,46;0,0;0,0;-0,05;0,0;-0,07;0,0;0,0;0,0;-0,01;0,0;-0,42;-0,35;-0,01;0,0;-0,01;0,0;-0,02;0,0;-0,02;0,0;-0,01;0,0;0,0;0,0;-0,01;0,0;-0,01;0,0;-0,04;0,0;0,0;0,0;-0,03;0,0;-0,01;0,0;-0,02;0,0;-0,01;0,0;-0,01;0,0;-0,02;0,0;0,0;0,0;-0,01;0,0;-0,02;0,0;-0,01;0,0;0,0;0,0
12.07.2026;07:45;08:00;0,57;0,18;0,0;0,0;-0,03;-0,01;-0,08;0,0;0,0;0,0;0,0;0,0;-0,06;-0,04;-0,01;0,0;-0,02;0,0;-0,02;0,0;-0,01;0,0;-0,01;0,0;0,0;0,0;-0,01;0,0;-0,01;0,0;-0,05;-0,03;-0,01;0,0;-0,03;-0,01;-0,02;0,0;-0,02;0,0;-0,01;0,0;-0,01;0,0;-0,01;0,0;-0,02;0,0;-0,01;0,0;-0,01;0,0;-0,03;-0,01;0,0;0,0
12.07.2026;08:00;08:15;0,26;0,19;0,0;0,0;-0,02;-0,02;-0,11;-0,04;0,0;0,0;-0,01;-0,01;-0,31;-0,31;0,0;0,0;-0,01;-0,01;-0,02;-0,02;-0,01;-0,01;-0,32;-0,32;0,0;0,0;-0,01;-0,01;-0,01;-0,01;-0,06;-0,06;-0,01;-0,01;-0,03;-0,03;-0,01;-0,01;-0,02;-0,02;-0,01;-0,01;-0,01;-0,01;-0,01;-0,01;-0,01;-0,01;-0,01;-0,01;-0,01;-0,01;-0,1;-0,1;0,0;0,0
12.07.2026;08:15;08:30;0,0;0,0;-0,01;-0,01;-0,02;-0,02;-0,09;-0,09;0,0;0,0;-0,01;-0,01;-0,2;-0,2;-0,02;-0,02;-0,02;-0,02;-0,02;-0,02;-0,02;-0,02;-0,33;-0,33;0,0;0,0;-0,04;-0,04;-0,01;-0,01;-0,12;-0,12;-0,01;-0,01;-0,03;-0,03;0,0;0,0;-0,02;-0,02;-0,01;-0,01;-0,03;-0,03;-0,04;-0,04;-0,01;-0,01;-0,01;-0,01;-0,32;-0,32;-0,02;-0,02;0,0;0,0
12.07.2026;08:30;08:45;0,11;0,11;0,0;0,0;-0,01;-0,01;-0,1;-0,1;0,0;0,0;-0,01;-0,01;-0,07;-0,07;0,0;0,0;-0,01;-0,01;-0,02;-0,02;-0,01;-0,01;-0,23;-0,23;0,0;0,0;-0,02;-0,02;0,0;0,0;-0,04;-0,04;0,0;0,0;-0,04;-0,04;-0,05;-0,05;-0,02;-0,02;-0,01;-0,01;-0,02;-0,02;-0,04;-0,04;-0,01;-0,01;-0,02;-0,02;-0,19;-0,19;-0,04;-0,04;0,0;0,0
12.07.2026;08:45;09:00;2,09;1,14;0,0;0,0;-0,01;0,0;-0,08;0,0;0,0;0,0;-0,01;0,0;-0,06;0,0;-0,01;0,0;-0,01;0,0;-0,16;0,0;0,0;0,0;-0,31;-0,08;0,0;0,0;-0,01;0,0;-0,02;0,0;-0,05;0,0;-0,01;0,0;-0,04;0,0;-0,02;0,0;-0,02;0,0;-0,01;0,0;-0,03;0,0;-0,04;0,0;-0,02;0,0;-0,01;0,0;-0,05;0,0;-0,05;0,0;0,0;0,0
12.07.2026;09:00;09:15;1,3;0,43;0,0;0,0;0,0;0,0;-0,18;0,0;-0,01;0,0;-0,01;0,0;-0,08;0,0;-0,01;0,0;-0,02;0,0;-0,23;-0,13;0,0;0,0;-0,09;0,0;-0,01;0,0;-0,01;0,0;-0,01;0,0;-0,03;0,0;-0,01;0,0;-0,03;0,0;-0,02;0,0;-0,02;0,0;0,0;0,0;-0,01;0,0;-0,13;-0,03;-0,01;0,0;-0,01;0,0;-0,08;0,0;-0,02;0,0;0,0;0,0
12.07.2026;09:15;09:30;1,05;0,26;0,0;0,0;-0,01;0,0;-0,16;0,0;0,0;0,0;-0,01;0,0;-0,13;-0,06;-0,01;0,0;-0,01;0,0;-0,18;-0,11;-0,01;0,0;-0,08;-0,01;0,0;0,0;0,0;0,0;-0,01;0,0;-0,05;0,0;-0,02;0,0;-0,03;0,0;-0,04;0,0;-0,02;0,0;-0,02;0,0;-0,01;0,0;-0,32;-0,25;-0,01;0,0;-0,01;0,0;-0,27;-0,2;-0,01;0,0;0,0;0,0
12.07.2026;09:30;09:45;1,02;0,26;-0,01;0,0;-0,01;0,0;-0,16;0,0;0,0;0,0;-0,01;0,0;-0,04;0,0;-0,01;0,0;-0,03;0,0;-0,29;-0,24;-0,02;0,0;-0,05;0,0;0,0;0,0;-0,02;0,0;-0,01;0,0;-0,1;-0,05;0,0;0,0;-0,03;0,0;-0,02;0,0;-0,09;-0,04;-0,16;-0,11;-0,01;0,0;-0,12;-0,07;-0,01;0,0;-0,01;0,0;-0,22;-0,17;-0,01;0,0;0,0;0,0
12.07.2026;09:45;10:00;1,03;0,25;0,0;0,0;-0,02;0,0;-0,11;0,0;0,0;0,0;0,0;0,0;-0,04;0,0;-0,01;0,0;-0,07;-0,01;-0,06;0,0;-0,01;0,0;-0,01;0,0;0,0;0,0;-0,04;0,0;0,0;0,0;-0,05;0,0;-0,05;0,0;-0,03;0,0;-0,03;0,0;-0,03;0,0;-0,04;0,0;-0,03;0,0;-0,09;-0,03;-0,02;0,0;-0,01;0,0;-0,08;-0,02;-0,01;0,0;0,0;0,0
12.07.2026;10:00;10:15;3,03;2,16;0,0;0,0;-0,01;0,0;-0,1;0,0;0,0;0,0;-0,01;0,0;-0,03;0,0;-0,01;0,0;-0,14;0,0;-0,11;0,0;-0,02;0,0;0,0;0,0;0,0;0,0;-0,01;0,0;-0,02;0,0;-0,04;0,0;-0,01;0,0;-0,04;0,0;-0,03;0,0;-0,03;0,0;-0,05;0,0;-0,02;0,0;-0,08;0,0;-0,01;0,0;-0,02;0,0;-0,06;0,0;-0,02;0,0;0,0;0,0
12.07.2026;10:15;10:30;1,1;0,35;0,0;0,0;-0,01;0,0;-0,14;0,0;0,0;0,0;-0,02;0,0;-0,04;0,0;0,0;0,0;-0,09;-0,01;-0,03;0,0;-0,01;0,0;-0,07;0,0;0,0;0,0;-0,01;0,0;0,0;0,0;-0,04;0,0;-0,01;0,0;-0,03;0,0;-0,02;0,0;-0,03;0,0;-0,05;0,0;-0,02;0,0;-0,1;-0,02;-0,01;0,0;-0,01;0,0;-0,04;0,0;0,0;0,0;0,0;0,0
12.07.2026;10:30;10:45;1,06;0,24;-0,01;0,0;0,0;0,0;-0,08;0,0;0,0;0,0;0,0;0,0;-0,04;0,0;-0,01;0,0;-0,42;-0,35;-0,07;0,0;-0,02;0,0;-0,41;-0,34;0,0;0,0;-0,02;0,0;-0,02;0,0;-0,03;0,0;-0,01;0,0;-0,03;0,0;-0,03;0,0;-0,06;0,0;-0,13;-0,06;-0,01;0,0;-0,08;-0,01;-0,01;0,0;-0,01;0,0;-0,05;0,0;-0,03;0,0;0,0;0,0
12.07.2026;10:45;11:00;1,29;0,35;0,0;0,0;-0,01;0,0;-0,13;0,0;0,0;0,0;0,0;0,0;-0,03;0,0;-0,01;0,0;-0,23;-0,14;-0,21;-0,12;-0,01;0,0;-0,33;-0,24;0,0;0,0;0,0;0,0;-0,02;0,0;-0,05;0,0;-0,01;0,0;-0,04;0,0;-0,03;0,0;-0,02;0,0;-0,1;-0,01;-0,01;0,0;-0,07;0,0;-0,02;0,0;-0,01;0,0;-0,22;-0,13;-0,02;0,0;0,0;0,0
12.07.2026;11:00;11:15;1,29;0,43;0,0;0,0;0,0;0,0;-0,09;0,0;0,0;0,0;-0,02;0,0;-0,04;0,0;-0,01;0,0;-0,12;-0,03;-0,06;0,0;-0,01;0,0;-0,1;-0,01;0,0;0,0;-0,01;0,0;-0,03;0,0;-0,04;0,0;0,0;0,0;-0,02;0,0;-0,02;0,0;-0,02;0,0;-0,11;-0,02;-0,01;0,0;-0,05;0,0;-0,01;0,0;-0,01;0,0;-0,25;-0,16;-0,05;0,0;0,0;0,0
12.07.2026;11:15;11:30;1,74;0,57;0,0;0,0;-0,02;0,0;-0,19;0,0;0,0;0,0;-0,01;0,0;-0,03;0,0;-0,01;0,0;-0,04;0,0;0,0;0,0;0,0;0,0;-0,28;-0,13;0,0;0,0;-0,2;-0,05;-0,03;0,0;-0,05;0,0;-0,01;0,0;-0,03;0,0;-0,03;0,0;-0,02;0,0;-0,14;0,0;-0,03;0,0;-0,05;0,0;-0,01;0,0;0,0;0,0;-0,21;-0,06;-0,02;0,0;0,0;0,0
12.07.2026;11:30;11:45;1,34;0,36;0,0;0,0;-0,01;0,0;-0,23;0,0;0,0;0,0;0,0;0,0;-0,04;0,0;-0,01;0,0;-0,05;0,0;-0,03;0,0;0,0;0,0;-0,15;-0,06;0,0;0,0;-0,08;0,0;-0,05;0,0;-0,02;0,0;-0,01;0,0;-0,04;0,0;-0,03;0,0;-0,02;0,0;-0,11;-0,02;-0,02;0,0;-0,05;0,0;-0,01;0,0;0,0;0,0;-0,19;-0,1;-0,01;0,0;0,0;0,0
12.07.2026;11:45;12:00;0,09;0,09;-0,01;-0,01;-0,02;-0,02;-0,23;-0,23;0,0;0,0;-0,01;-0,01;-0,03;-0,03;0,0;0,0;-0,06;-0,06;-0,02;-0,02;-0,01;-0,01;-0,02;-0,02;0,0;0,0;-0,02;-0,02;-0,03;-0,03;-0,02;-0,02;-0,01;-0,01;-0,03;-0,03;-0,02;-0,02;-0,02;-0,02;-0,15;-0,15;-0,02;-0,02;-0,05;-0,05;-0,01;-0,01;0,0;0,0;-0,04;-0,04;-0,02;-0,02;0,0;0,0
12.07.2026;12:00;12:15;0,0;0,0;0,0;0,0;0,0;0,0;-0,21;-0,21;0,0;0,0;-0,02;-0,02;-0,04;-0,04;-0,01;-0,01;-0,05;-0,05;-0,03;-0,03;-0,02;-0,02;-0,02;-0,02;0,0;0,0;-0,02;-0,02;-0,03;-0,03;-0,01;-0,01;0,0;0,0;-0,04;-0,04;-0,04;-0,04;-0,03;-0,03;-0,05;-0,05;-0,01;-0,01;-0,05;-0,05;-0,02;-0,02;-0,01;-0,01;-0,03;-0,03;-0,01;-0,01;0,0;0,0
12.07.2026;12:15;12:30;0,2;0,15;0,0;0,0;-0,01;-0,01;-0,14;-0,09;0,0;0,0;-0,01;-0,01;-0,03;-0,03;-0,01;-0,01;-0,04;-0,04;-0,03;-0,03;-0,02;-0,02;-0,01;-0,01;0,0;0,0;-0,08;-0,08;0,0;0,0;-0,01;-0,01;-0,01;-0,01;-0,03;-0,03;-0,02;-0,02;-0,02;-0,02;-0,02;-0,02;-0,01;-0,01;-0,05;-0,05;0,0;0,0;-0,02;-0,02;-0,04;-0,04;-0,01;-0,01;0,0;0,0
12.07.2026;12:30;12:45;0,6;0,18;0,0;0,0;0,0;0,0;-0,12;-0,03;0,0;0,0;-0,03;-0,01;-0,04;-0,02;-0,01;0,0;-0,04;-0,02;-0,03;-0,01;-0,01;0,0;0,0;0,0;0,0;0,0;-0,02;0,0;-0,02;0,0;-0,01;0,0;-0,02;0,0;-0,04;-0,02;-0,02;0,0;-0,02;0,0;0,0;0,0;-0,02;0,0;-0,04;-0,02;-0,02;0,0;-0,01;0,0;-0,03;-0,01;-0,01;0,0;0,0;0,0
12.07.2026;12:45;13:00;1,0;0,3;-0,01;0,0;-0,01;0,0;-0,13;0,0;0,0;0,0;-0,03;0,0;-0,04;0,0;-0,01;0,0;-0,07;0,0;-0,02;0,0;-0,01;0,0;-0,02;0,0;0,0;0,0;-0,02;0,0;0,0;0,0;-0,01;0,0;-0,03;0,0;-0,05;0,0;-0,04;0,0;-0,02;0,0;-0,02;0,0;-0,03;0,0;-0,05;0,0;-0,01;0,0;-0,02;0,0;-0,04;0,0;-0,01;0,0;0,0;0,0
12.07.2026;13:00;13:15;1,52;0,69;0,0;0,0;-0,01;0,0;-0,15;0,0;0,0;0,0;-0,03;0,0;-0,03;0,0;-0,01;0,0;-0,03;0,0;-0,03;0,0;-0,02;0,0;0,0;0,0;0,0;0,0;-0,03;0,0;-0,01;0,0;-0,01;0,0;-0,03;0,0;-0,05;0,0;-0,02;0,0;-0,02;0,0;-0,01;0,0;-0,02;0,0;-0,05;0,0;-0,01;0,0;-0,25;-0,11;-0,11;0,0;-0,01;0,0;0,0;0,0
12.07.2026;13:15;13:30;1,82;1,05;0,0;0,0;-0,02;0,0;-0,13;0,0;0,0;0,0;-0,02;0,0;-0,04;0,0;-0,01;0,0;-0,01;0,0;-0,04;0,0;-0,01;0,0;-0,01;0,0;0,0;0,0;-0,02;0,0;-0,01;0,0;-0,01;0,0;-0,03;0,0;-0,04;0,0;-0,02;0,0;-0,04;0,0;-0,01;0,0;-0,09;0,0;-0,04;0,0;-0,01;0,0;-0,1;0,0;-0,05;0,0;-0,01;0,0;0,0;0,0
12.07.2026;13:30;13:45;1,78;1,11;0,0;0,0;-0,01;0,0;-0,06;0,0;0,0;0,0;-0,02;0,0;-0,05;0,0;0,0;0,0;-0,02;0,0;-0,04;0,0;0,0;0,0;-0,01;0,0;0,0;0,0;-0,06;0,0;-0,01;0,0;-0,01;0,0;-0,02;0,0;-0,04;0,0;-0,04;0,0;-0,02;0,0;-0,01;0,0;-0,02;0,0;-0,05;0,0;-0,02;0,0;-0,1;0,0;-0,04;0,0;-0,02;0,0;0,0;0,0
12.07.2026;13:45;14:00;1,08;0,38;-0,01;0,0;-0,01;0,0;-0,08;0,0;0,0;0,0;-0,03;0,0;-0,06;0,0;-0,01;0,0;-0,02;0,0;-0,04;0,0;0,0;0,0;-0,01;0,0;0,0;0,0;-0,15;-0,07;-0,01;0,0;-0,01;0,0;-0,01;0,0;-0,04;0,0;-0,02;0,0;-0,02;0,0;-0,01;0,0;-0,02;0,0;-0,08;0,0;-0,01;0,0;-0,06;0,0;-0,05;0,0;-0,01;0,0;0,0;0,0
12.07.2026;14:00;14:15;1,46;0,68;0,0;0,0;0,0;0,0;-0,08;0,0;-0,01;0,0;-0,03;0,0;-0,1;0,0;-0,01;0,0;-0,01;0,0;-0,04;0,0;-0,01;0,0;-0,01;0,0;-0,01;0,0;-0,08;0,0;-0,01;0,0;-0,01;0,0;-0,03;0,0;-0,02;0,0;-0,03;0,0;-0,02;0,0;-0,09;0,0;-0,03;0,0;-0,05;0,0;-0,01;0,0;-0,05;0,0;-0,03;0,0;-0,01;0,0;0,0;0,0
12.07.2026;14:15;14:30;1,95;1,16;0,0;0,0;-0,01;0,0;-0,08;0,0;0,0;0,0;-0,02;0,0;-0,06;0,0;-0,01;0,0;-0,02;0,0;-0,04;0,0;-0,02;0,0;-0,01;0,0;0,0;0,0;-0,02;0,0;-0,01;0,0;-0,01;0,0;-0,05;0,0;-0,04;0,0;-0,03;0,0;-0,02;0,0;-0,06;0,0;-0,02;0,0;-0,07;0,0;-0,01;0,0;-0,06;0,0;-0,11;0,0;-0,01;0,0;0,0;0,0
12.07.2026;14:30;14:45;1,83;0,88;0,0;0,0;-0,04;0,0;-0,08;0,0;0,0;0,0;-0,02;0,0;-0,06;0,0;-0,01;0,0;-0,01;0,0;-0,12;0,0;-0,01;0,0;-0,01;0,0;0,0;0,0;-0,01;0,0;-0,01;0,0;0,0;0,0;-0,03;0,0;-0,04;0,0;-0,02;0,0;-0,02;0,0;-0,11;0,0;-0,02;0,0;-0,07;0,0;-0,01;0,0;-0,06;0,0;-0,22;-0,04;-0,01;0,0;0,0;0,0
12.07.2026;14:45;15:00;1,92;0,81;0,0;0,0;-0,25;-0,07;-0,19;0,0;0,0;0,0;-0,03;0,0;-0,06;0,0;-0,01;0,0;-0,01;0,0;-0,04;0,0;-0,02;0,0;-0,01;0,0;0,0;0,0;-0,03;0,0;-0,01;0,0;-0,01;0,0;-0,02;0,0;-0,04;0,0;-0,03;0,0;-0,02;0,0;-0,05;0,0;-0,01;0,0;-0,07;0,0;-0,02;0,0;-0,06;0,0;-0,2;-0,02;-0,01;0,0;0,0;0,0
12.07.2026;15:00;15:15;1,95;1,09;-0,01;0,0;-0,06;0,0;-0,18;0,0;0,0;0,0;-0,03;0,0;-0,06;0,0;0,0;0,0;-0,02;0,0;-0,04;0,0;-0,01;0,0;-0,01;0,0;0,0;0,0;-0,03;0,0;-0,03;0,0;-0,01;0,0;-0,02;0,0;-0,03;0,0;-0,03;0,0;-0,02;0,0;-0,03;0,0;-0,02;0,0;-0,07;0,0;-0,01;0,0;-0,08;0,0;-0,04;0,0;-0,02;0,0;0,0;0,0
12.07.2026;15:15;15:30;1,13;0,36;0,0;0,0;-0,04;0,0;-0,08;0,0;0,0;0,0;-0,1;-0,02;-0,05;0,0;-0,01;0,0;-0,01;0,0;-0,04;0,0;-0,01;0,0;-0,08;0,0;0,0;0,0;-0,01;0,0;-0,03;0,0;-0,01;0,0;-0,02;0,0;-0,03;0,0;-0,02;0,0;-0,02;0,0;-0,04;0,0;-0,01;0,0;-0,07;0,0;-0,01;0,0;-0,08;0,0;-0,01;0,0;-0,01;0,0;0,0;0,0
12.07.2026;15:30;15:45;0,03;0,03;0,0;0,0;-0,03;-0,03;-0,09;-0,09;0,0;0,0;-0,03;-0,03;-0,06;-0,06;-0,01;-0,01;-0,02;-0,02;-0,03;-0,03;-0,02;-0,02;-0,09;-0,09;0,0;0,0;-0,02;-0,02;-0,03;-0,03;-0,01;-0,01;-0,03;-0,03;-0,03;-0,03;-0,03;-0,03;-0,02;-0,02;-0,04;-0,04;-0,03;-0,03;-0,08;-0,08;-0,01;-0,01;-0,05;-0,05;-0,01;-0,01;-0,01;-0,01;0,0;0,0
12.07.2026;15:45;16:00;0,02;0,02;0,0;0,0;-0,05;-0,05;-0,15;-0,15;0,0;0,0;-0,03;-0,03;-0,05;-0,05;-0,01;-0,01;-0,01;-0,01;-0,04;-0,04;-0,01;-0,01;-0,08;-0,08;0,0;0,0;-0,03;-0,03;-0,01;-0,01;-0,01;-0,01;-0,04;-0,04;-0,03;-0,03;-0,03;-0,03;-0,02;-0,02;-0,04;-0,04;-0,03;-0,03;-0,06;-0,06;-0,02;-0,02;-0,01;-0,01;-0,01;-0,01;-0,01;-0,01;0,0;0,0
12.07.2026;16:00;16:15;0,7;0,21;-0,01;0,0;-0,11;-0,09;-0,15;-0,02;0,0;0,0;-0,02;0,0;-0,06;-0,04;-0,01;0,0;-0,02;0,0;-0,03;-0,01;0,0;0,0;-0,09;-0,07;0,0;0,0;-0,03;-0,01;-0,01;0,0;-0,02;0,0;-0,03;-0,01;-0,04;-0,02;-0,02;0,0;-0,02;0,0;-0,03;-0,01;-0,02;0,0;-0,06;-0,04;0,0;0,0;-0,01;0,0;-0,01;0,0;-0,01;0,0;0,0;0,0
12.07.2026;16:15;16:30;1,3;0,48;0,0;0,0;-0,44;-0,35;-0,16;0,0;0,0;0,0;-0,02;0,0;-0,05;0,0;0,0;0,0;-0,02;0,0;-0,03;0,0;0,0;0,0;-0,09;0,0;0,0;0,0;-0,01;0,0;-0,01;0,0;-0,01;0,0;-0,02;0,0;-0,04;0,0;-0,04;0,0;-0,03;0,0;-0,05;0,0;-0,02;0,0;-0,07;0,0;-0,02;0,0;-0,01;0,0;-0,02;0,0;-0,01;0,0;0,0;0,0
12.07.2026;16:30;16:45;1,34;0,43;0,0;0,0;-0,43;-0,34;-0,26;0,0;0,0;0,0;-0,02;0,0;-0,05;0,0;-0,01;0,0;-0,01;0,0;-0,04;0,0;-0,01;0,0;-0,08;0,0;0,0;0,0;-0,05;0,0;-0,02;0,0;-0,01;0,0;-0,02;0,0;-0,04;0,0;-0,02;0,0;-0,02;0,0;-0,03;0,0;-0,02;0,0;-0,06;0,0;-0,01;0,0;-0,02;0,0;-0,01;0,0;-0,01;0,0;0,0;0,0
12.07.2026;16:45;17:00;1,17;0,23;0,0;0,0;-0,29;-0,22;-0,24;-0,03;0,0;0,0;-0,03;0,0;-0,06;0,0;-0,01;0,0;-0,01;0,0;-0,03;0,0;-0,02;0,0;-0,06;0,0;0,0;0,0;-0,05;0,0;-0,01;0,0;-0,03;0,0;-0,02;0,0;-0,49;-0,42;-0,02;0,0;-0,02;0,0;-0,05;0,0;-0,03;0,0;-0,07;0,0;-0,02;0,0;-0,01;0,0;-0,02;0,0;-0,02;0,0;0,0;0,0
12.07.2026;17:00;17:15;0,94;0,22;0,0;0,0;-0,09;-0,04;-0,18;-0,01;0,0;0,0;-0,02;0,0;-0,06;-0,01;0,0;0,0;-0,02;0,0;-0,08;-0,03;-0,01;0,0;-0,02;0,0;0,0;0,0;-0,02;0,0;-0,01;0,0;-0,03;0,0;-0,03;0,0;-0,56;-0,51;-0,03;0,0;-0,02;0,0;-0,03;0,0;-0,03;0,0;-0,06;-0,01;0,0;0,0;-0,01;0,0;-0,01;0,0;-0,01;0,0;0,0;0,0
12.07.2026;17:15;17:30;1,2;0,41;-0,01;0,0;-0,03;0,0;-0,15;0,0;0,0;0,0;-0,02;0,0;-0,07;0,0;-0,02;0,0;-0,01;0,0;-0,1;-0,02;-0,02;0,0;-0,04;0,0;0,0;0,0;-0,01;0,0;-0,01;0,0;-0,03;0,0;-0,03;0,0;-0,06;0,0;-0,02;0,0;-0,02;0,0;-0,04;0,0;-0,02;0,0;-0,06;0,0;-0,02;0,0;-0,01;0,0;0,0;0,0;-0,01;0,0;0,0;0,0
12.07.2026;17:30;17:45;1,86;1,04;0,0;0,0;-0,04;0,0;-0,19;0,0;0,0;0,0;-0,03;0,0;-0,06;0,0;0,0;0,0;-0,02;0,0;-0,1;0,0;-0,01;0,0;-0,03;0,0;0,0;0,0;-0,04;0,0;0,0;0,0;-0,03;0,0;-0,01;0,0;-0,06;0,0;-0,04;0,0;-0,02;0,0;-0,03;0,0;-0,01;0,0;-0,05;0,0;-0,01;0,0;-0,02;0,0;-0,01;0,0;-0,01;0,0;0,0;0,0
12.07.2026;17:45;18:00;1,43;0,61;0,0;0,0;-0,04;0,0;-0,08;0,0;0,0;0,0;-0,03;0,0;-0,05;0,0;-0,01;0,0;-0,01;0,0;-0,1;0,0;-0,02;0,0;-0,03;0,0;0,0;0,0;-0,05;0,0;-0,02;0,0;-0,05;0,0;0,0;0,0;-0,28;-0,15;-0,02;0,0;-0,02;0,0;-0,04;0,0;-0,02;0,0;-0,05;0,0;-0,01;0,0;-0,01;0,0;-0,02;0,0;-0,01;0,0;0,0;0,0
12.07.2026;18:00;18:15;0,94;0,24;0,0;0,0;-0,11;-0,05;-0,1;0,0;0,0;0,0;-0,02;0,0;-0,06;0,0;-0,01;0,0;-0,02;0,0;-0,06;0,0;-0,01;0,0;-0,03;0,0;0,0;0,0;-0,06;0,0;-0,01;0,0;-0,06;0,0;-0,01;0,0;-0,01;0,0;-0,02;0,0;-0,02;0,0;-0,04;0,0;-0,01;0,0;-0,05;0,0;-0,01;0,0;-0,01;0,0;-0,01;0,0;-0,01;0,0;0,0;0,0
12.07.2026;18:15;18:30;0,78;0,16;-0,01;0,0;-0,04;-0,01;-0,18;-0,06;0,0;0,0;-0,02;0,0;-0,04;-0,01;-0,01;0,0;-0,01;0,0;-0,03;0,0;-0,01;0,0;-0,02;0,0;0,0;0,0;-0,34;-0,31;-0,03;0,0;-0,05;-0,02;0,0;0,0;-0,02;0,0;-0,03;0,0;-0,02;0,0;-0,04;-0,01;-0,16;-0,13;-0,04;-0,01;-0,03;0,0;-0,01;0,0;-0,02;0,0;-0,02;0,0;0,0;0,0
12.07.2026;18:30;18:45;0,78;0,17;0,0;0,0;-0,03;0,0;-0,19;-0,06;0,0;0,0;-0,03;0,0;-0,04;-0,01;0,0;0,0;-0,01;0,0;-0,02;0,0;0,0;0,0;-0,01;0,0;0,0;0,0;-0,41;-0,38;-0,01;0,0;-0,04;-0,01;-0,02;0,0;-0,04;-0,01;-0,02;0,0;-0,02;0,0;-0,04;-0,01;-0,09;-0,06;-0,05;-0,02;-0,03;0,0;-0,02;0,0;-0,29;-0,26;-0,02;0,0;0,0;0,0
12.07.2026;18:45;19:00;1,1;0,24;0,0;0,0;-0,03;0,0;-0,24;-0,03;0,0;0,0;-0,03;0,0;-0,03;0,0;-0,01;0,0;-0,02;0,0;-0,02;0,0;0,0;0,0;-0,01;0,0;0,0;0,0;-0,04;0,0;-0,01;0,0;-0,03;0,0;-0,01;0,0;-0,1;-0,03;-0,03;0,0;-0,02;0,0;-0,03;0,0;-0,48;-0,41;-0,04;0,0;-0,03;0,0;-0,01;0,0;-0,18;-0,11;-0,04;0,0;0,0;0,0
12.07.2026;19:00;19:15;0,11;0,11;0,0;0,0;-0,11;-0,11;-0,09;-0,09;-0,01;-0,01;-0,02;-0,02;-0,04;-0,04;-0,01;-0,01;-0,01;-0,01;-0,01;-0,01;-0,01;-0,01;-0,01;-0,01;-0,01;-0,01;-0,02;-0,02;-0,01;-0,01;-0,01;-0,01;-0,01;-0,01;-0,07;-0,07;-0,03;-0,03;-0,02;-0,02;-0,04;-0,04;-0,59;-0,59;-0,07;-0,07;-0,03;-0,03;-0,02;-0,02;-0,31;-0,31;-0,04;-0,04;0,0;0,0
12.07.2026;19:15;19:30;0,0;0,0;0,0;0,0;-0,15;-0,15;-0,2;-0,2;0,0;0,0;-0,03;-0,03;-0,03;-0,03;-0,01;-0,01;-0,02;-0,02;-0,02;-0,02;-0,02;-0,02;-0,05;-0,05;0,0;0,0;-0,18;-0,18;-0,01;-0,01;-0,01;-0,01;0,0;0,0;-0,06;-0,06;-0,02;-0,02;-0,02;-0,02;-0,04;-0,04;-0,35;-0,35;-0,06;-0,06;-0,02;-0,02;-0,01;-0,01;-0,1;-0,1;-0,04;-0,04;0,0;0,0
12.07.2026;19:30;19:45;0,13;0,11;-0,01;-0,01;-0,11;-0,11;-0,12;-0,1;0,0;0,0;-0,03;-0,03;-0,04;-0,04;-0,01;-0,01;-0,11;-0,11;-0,02;-0,02;-0,02;-0,02;-0,09;-0,09;0,0;0,0;-0,03;-0,03;-0,09;-0,09;-0,01;-0,01;0,0;0,0;-0,09;-0,09;-0,04;-0,04;-0,02;-0,02;-0,04;-0,04;-0,05;-0,05;-0,07;-0,07;-0,02;-0,02;-0,01;-0,01;-0,02;-0,02;-0,04;-0,04;0,0;0,0
12.07.2026;19:45;20:00;0,27;0,19;0,0;0,0;-0,03;-0,03;-0,1;-0,02;0,0;0,0;-0,02;-0,02;-0,03;-0,03;0,0;0,0;-0,25;-0,25;-0,02;-0,02;-0,01;-0,01;-0,03;-0,03;0,0;0,0;-0,04;-0,04;-0,15;-0,15;-0,02;-0,02;-0,01;-0,01;-0,13;-0,13;-0,02;-0,02;-0,23;-0,23;-0,04;-0,04;-0,03;-0,03;-0,06;-0,06;-0,15;-0,15;-0,02;-0,02;0,0;0,0;-0,05;-0,05;0,0;0,0
12.07.2026;20:00;20:15;0,12;0,11;0,0;0,0;-0,04;-0,04;-0,1;-0,09;0,0;0,0;-0,02;-0,02;-0,04;-0,04;-0,01;-0,01;-0,15;-0,15;-0,46;-0,46;-0,01;-0,01;-0,03;-0,03;0,0;0,0;-0,02;-0,02;-0,04;-0,04;-0,02;-0,02;-0,02;-0,02;-0,06;-0,06;-0,03;-0,03;-0,65;-0,65;-0,03;-0,03;-0,03;-0,03;-0,05;-0,05;-0,35;-0,35;-0,01;-0,01;-0,01;-0,01;-0,09;-0,09;0,0;0,0
12.07.2026;20:15;20:30;0,06;0,06;0,0;0,0;-0,05;-0,05;-0,09;-0,09;0,0;0,0;-0,03;-0,03;-0,03;-0,03;-0,01;-0,01;-0,16;-0,16;-0,34;-0,34;-0,02;-0,02;-0,03;-0,03;0,0;0,0;-0,03;-0,03;-0,04;-0,04;-0,01;-0,01;-0,01;-0,01;-0,12;-0,12;-0,03;-0,03;-0,65;-0,65;-0,02;-0,02;-0,21;-0,21;-0,06;-0,06;-0,03;-0,03;-0,01;-0,01;-0,02;-0,02;-0,07;-0,07;0,0;0,0
12.07.2026;20:30;20:45;0,02;0,02;-0,01;-0,01;-0,03;-0,03;-0,1;-0,1;0,0;0,0;-0,02;-0,02;-0,02;-0,02;0,0;0,0;-0,15;-0,15;-0,42;-0,42;-0,01;-0,01;-0,08;-0,08;0,0;0,0;-0,02;-0,02;-0,03;-0,03;-0,01;-0,01;0,0;0,0;-0,15;-0,15;-0,02;-0,02;-0,47;-0,47;-0,04;-0,04;-0,08;-0,08;-0,05;-0,05;-0,15;-0,15;-0,01;-0,01;-0,01;-0,01;-0,03;-0,03;0,0;0,0
12.07.2026;20:45;21:00;0,01;0,01;0,0;0,0;-0,02;-0,02;-0,12;-0,12;0,0;0,0;-0,01;-0,01;-0,04;-0,04;-0,02;-0,02;-0,12;-0,12;-0,3;-0,3;0,0;0,0;-0,1;-0,1;0,0;0,0;-0,01;-0,01;-0,03;-0,03;-0,01;-0,01;0,0;0,0;-0,14;-0,14;-0,03;-0,03;-0,27;-0,27;-0,02;-0,02;-0,4;-0,4;-0,05;-0,05;-0,15;-0,15;-0,02;-0,02;-0,02;-0,02;-0,06;-0,06;0,0;0,0
12.07.2026;21:00;21:15;0,01;0,01;0,0;0,0;-0,03;-0,03;-0,13;-0,13;0,0;0,0;0,0;0,0;-0,03;-0,03;0,0;0,0;-0,12;-0,12;-0,29;-0,29;0,0;0,0;-0,09;-0,09;0,0;0,0;-0,04;-0,04;-0,03;-0,03;-0,02;-0,02;-0,01;-0,01;-0,15;-0,15;-0,03;-0,03;-0,04;-0,04;-0,15;-0,15;-0,13;-0,13;-0,05;-0,05;-0,03;-0,03;-0,01;-0,01;-0,01;-0,01;-0,03;-0,03;0,0;0,0
12.07.2026;21:15;21:30;0,0;0,0;0,0;0,0;-0,03;-0,03;-0,25;-0,25;0,0;0,0;-0,02;-0,02;-0,04;-0,04;-0,01;-0,01;-0,08;-0,08;-0,23;-0,23;-0,01;-0,01;-0,05;-0,05;0,0;0,0;-0,04;-0,04;-0,04;-0,04;0,0;0,0;-0,01;-0,01;-0,17;-0,17;-0,02;-0,02;-0,03;-0,03;-0,02;-0,02;-0,03;-0,03;-0,04;-0,04;-0,02;-0,02;-0,01;-0,01;0,0;0,0;-0,04;-0,04;0,0;0,0
12.07.2026;21:30;21:45;0,0;0,0;0,0;0,0;-0,03;-0,03;-0,26;-0,26;0,0;0,0;-0,01;-0,01;-0,04;-0,04;-0,01;-0,01;-0,12;-0,12;-0,13;-0,13;-0,02;-0,02;-0,03;-0,03;0,0;0,0;-0,02;-0,02;-0,05;-0,05;-0,01;-0,01;-0,01;-0,01;-0,16;-0,16;-0,04;-0,04;-0,03;-0,03;-0,03;-0,03;-0,01;-0,01;-0,05;-0,05;-0,03;-0,03;-0,02;-0,02;-0,02;-0,02;-0,02;-0,02;0,0;0,0
12.07.2026;21:45;22:00;0,0;0,0;-0,01;-0,01;-0,04;-0,04;-0,16;-0,16;0,0;0,0;-0,01;-0,01;-0,05;-0,05;-0,01;-0,01;-0,09;-0,09;-0,21;-0,21;-0,01;-0,01;-0,01;-0,01;0,0;0,0;-0,04;-0,04;-0,05;-0,05;-0,01;-0,01;-0,01;-0,01;-0,07;-0,07;-0,02;-0,02;-0,04;-0,04;-0,03;-0,03;-0,02;-0,02;-0,05;-0,05;-0,05;-0,05;0,0;0,0;-0,01;-0,01;-0,03;-0,03;0,0;0,0
12.07.2026;22:00;22:15;0,0;0,0;0,0;0,0;-0,04;-0,04;-0,23;-0,23;0,0;0,0;-0,01;-0,01;-0,03;-0,03;0,0;0,0;-0,1;-0,1;-0,25;-0,25;-0,02;-0,02;-0,01;-0,01;0,0;0,0;-0,06;-0,06;-0,03;-0,03;-0,01;-0,01;0,0;0,0;-0,06;-0,06;-0,02;-0,02;-0,03;-0,03;-0,01;-0,01;-0,03;-0,03;-0,05;-0,05;-0,05;-0,05;0,0;0,0;-0,02;-0,02;-0,03;-0,03;0,0;0,0
12.07.2026;22:15;22:30;0,0;0,0;0,0;0,0;-0,04;-0,04;-0,23;-0,23;0,0;0,0;-0,04;-0,04;-0,04;-0,04;-0,01;-0,01;-0,08;-0,08;-0,25;-0,25;-0,01;-0,01;-0,02;-0,02;0,0;0,0;-0,02;-0,02;-0,04;-0,04;-0,01;-0,01;0,0;0,0;-0,06;-0,06;-0,04;-0,04;-0,03;-0,03;-0,01;-0,01;-0,02;-0,02;-0,05;-0,05;-0,03;-0,03;-0,01;-0,01;-0,01;-0,01;-0,02;-0,02;0,0;0,0
12.07.2026;22:30;22:45;0,0;0,0;0,0;0,0;-0,04;-0,04;-0,22;-0,22;0,0;0,0;-0,02;-0,02;-0,04;-0,04;-0,01;-0,01;-0,12;-0,12;-0,11;-0,11;-0,01;-0,01;0,0;0,0;0,0;0,0;-0,02;-0,02;-0,02;-0,02;-0,01;-0,01;-0,02;-0,02;-0,06;-0,06;-0,01;-0,01;-0,04;-0,04;-0,01;-0,01;-0,02;-0,02;-0,04;-0,04;-0,03;-0,03;-0,01;-0,01;-0,01;-0,01;-0,01;-0,01;0,0;0,0
12.07.2026;22:45;23:00;0,0;0,0;-0,01;-0,01;-0,02;-0,02;-0,25;-0,25;0,0;0,0;-0,02;-0,02;-0,04;-0,04;0,0;0,0;-0,07;-0,07;-0,5;-0,5;-0,02;-0,02;-0,02;-0,02;0,0;0,0;-0,03;-0,03;-0,01;-0,01;-0,01;-0,01;-0,01;-0,01;-0,06;-0,06;-0,01;-0,01;-0,02;-0,02;-0,01;-0,01;-0,01;-0,01;-0,02;-0,02;-0,04;-0,04;-0,02;-0,02;0,0;0,0;-0,01;-0,01;0,0;0,0
12.07.2026;23:00;23:15;0,0;0,0;0,0;0,0;-0,01;-0,01;-0,07;-0,07;0,0;0,0;-0,03;-0,03;-0,04;-0,04;-0,02;-0,02;-0,11;-0,11;-0,15;-0,15;-0,01;-0,01;0,0;0,0;0,0;0,0;-0,01;-0,01;-0,02;-0,02;-0,02;-0,02;0,0;0,0;-0,05;-0,05;-0,01;-0,01;-0,03;-0,03;-0,01;-0,01;-0,01;-0,01;-0,01;-0,01;-0,02;-0,02;-0,07;-0,07;-0,02;-0,02;-0,02;-0,02;0,0;0,0
12.07.2026;23:15;23:30;0,0;0,0;0,0;0,0;-0,02;-0,02;-0,07;-0,07;0,0;0,0;-0,03;-0,03;-0,04;-0,04;0,0;0,0;-0,08;-0,08;-0,03;-0,03;0,0;0,0;-0,01;-0,01;0,0;0,0;0,0;0,0;-0,02;-0,02;-0,01;-0,01;-0,01;-0,01;-0,05;-0,05;-0,01;-0,01;-0,02;-0,02;-0,01;-0,01;-0,03;-0,03;-0,01;-0,01;-0,01;-0,01;-0,02;-0,02;-0,01;-0,01;-0,01;-0,01;0,0;0,0
12.07.2026;23:30;23:45;0,0;0,0;0,0;0,0;-0,01;-0,01;-0,11;-0,11;0,0;0,0;-0,02;-0,02;-0,03;-0,03;-0,01;-0,01;-0,1;-0,1;-0,17;-0,17;0,0;0,0;-0,01;-0,01;0,0;0,0;-0,01;-0,01;-0,01;-0,01;-0,01;-0,01;0,0;0,0;-0,06;-0,06;-0,01;-0,01;-0,02;-0,02;-0,01;-0,01;-0,02;-0,02;-0,02;-0,02;-0,01;-0,01;-0,01;-0,01;-0,01;-0,01;-0,02;-0,02;0,0;0,0
12.07.2026;23:45;00:00;0,0;0,0;-0,01;-0,01;-0,02;-0,02;-0,06;-0,06;0,0;0,0;-0,02;-0,02;-0,04;-0,04;-0,05;-0,05;-0,09;-0,09;-0,4;-0,4;-0,01;-0,01;-0,01;-0,01;0,0;0,0;-0,02;-0,02;-0,02;-0,02;-0,02;-0,02;-0,01;-0,01;-0,14;-0,14;-0,01;-0,01;-0,02;-0,02;-0,02;-0,02;-0,02;-0,02;-0,01;-0,01;-0,02;-0,02;-0,02;-0,02;-0,02;-0,02;0,0;0,0;0,0;0,0
13.07.2026;00:00;00:15;0,0;0,0;0,0;0,0;0,0;0,0;-0,06;-0,06;-0,01;-0,01;-0,03;-0,03;-0,04;-0,04;-0,04;-0,04;-0,1;-0,1;-0,03;-0,03;-0,02;-0,02;-0,01;-0,01;-0,01;-0,01;-0,01;-0,01;-0,01;-0,01;0,0;0,0;-0,01;-0,01;-0,14;-0,14;-0,01;-0,01;-0,03;-0,03;0,0;0,0;-0,02;-0,02;-0,01;-0,01;-0,01;-0,01;-0,01;-0,01;-0,01;-0,01;-0,02;-0,02;0,0;0,0
13.07.2026;00:15;00:30;0,0;0,0;0,0;0,0;-0,01;-0,01;-0,06;-0,06;0,0;0,0;-0,03;-0,03;-0,03;-0,03;-0,02;-0,02;-0,05;-0,05;-0,01;-0,01;-0,01;-0,01;-0,01;-0,01;0,0;0,0;0,0;0,0;-0,01;-0,01;-0,02;-0,02;-0,01;-0,01;-0,06;-0,06;-0,02;-0,02;-0,02;-0,02;-0,01;-0,01;-0,01;-0,01;-0,01;-0,01;-0,01;-0,01;-0,01;-0,01;-0,01;-0,01;-0,01;-0,01;0,0;0,0
13.07.2026;00:30;00:45;0,0;0,0;0,0;0,0;0,0;0,0;-0,06;-0,06;0,0;0,0;-0,02;-0,02;-0,04;-0,04;-0,02;-0,02;-0,01;-0,01;-0,02;-0,02;-0,02;-0,02;-0,01;-0,01;0,0;0,0;-0,01;-0,01;-0,01;-0,01;-0,01;-0,01;0,0;0,0;-0,04;-0,04;-0,01;-0,01;-0,02;-0,02;-0,02;-0,02;-0,02;-0,02;-0,01;-0,01;-0,01;-0,01;-0,01;-0,01;-0,01;-0,01;-0,01;-0,01;0,0;0,0
13.07.2026;00:45;01:00;0,0;0,0;0,0;0,0;0,0;0,0;-0,06;-0,06;0,0;0,0;-0,02;-0,02;-0,04;-0,04;-0,02;-0,02;-0,03;-0,03;-0,02;-0,02;-0,01;-0,01;0,0;0,0;0,0;0,0;-0,02;-0,02;-0,02;-0,02;0,0;0,0;-0,01;-0,01;-0,05;-0,05;0,0;0,0;-0,02;-0,02;0,0;0,0;-0,02;-0,02;-0,01;-0,01;-0,02;-0,02;-0,01;-0,01;-0,01;-0,01;-0,01;-0,01;0,0;0,0
13.07.2026;01:00;01:15;0,0;0,0;-0,01;-0,01;-0,02;-0,02;-0,07;-0,07;0,0;0,0;-0,03;-0,03;-0,03;-0,03;-0,02;-0,02;-0,01;-0,01;-0,01;-0,01;-0,02;-0,02;-0,02;-0,02;0,0;0,0;0,0;0,0;-0,01;-0,01;-0,02;-0,02;-0,01;-0,01;-0,05;-0,05;-0,02;-0,02;-0,02;-0,02;-0,02;-0,02;-0,03;-0,03;-0,01;-0,01;-0,01;-0,01;-0,02;-0,02;-0,01;-0,01;-0,01;-0,01;0,0;0,0
13.07.2026;01:15;01:30;0,0;0,0;0,0;0,0;-0,01;-0,01;-0,08;-0,08;0,0;0,0;-0,03;-0,03;-0,04;-0,04;0,0;0,0;-0,02;-0,02;-0,02;-0,02;-0,01;-0,01;0,0;0,0;0,0;0,0;0,0;0,0;-0,01;-0,01;-0,01;-0,01;-0,01;-0,01;-0,06;-0,06;-0,01;-0,01;-0,02;-0,02;0,0;0,0;-0,01;-0,01;-0,01;-0,01;0,0;0,0;-0,01;-0,01;-0,01;-0,01;-0,01;-0,01;0,0;0,0
13.07.2026;01:30;01:45;0,0;0,0;0,0;0,0;-0,01;-0,01;-0,07;-0,07;0,0;0,0;-0,02;-0,02;-0,03;-0,03;-0,01;-0,01;-0,02;-0,02;-0,02;-0,02;-0,01;-0,01;-0,01;-0,01;0,0;0,0;-0,02;-0,02;-0,02;-0,02;0,0;0,0;-0,01;-0,01;-0,05;-0,05;-0,01;-0,01;-0,02;-0,02;-0,01;-0,01;-0,01;-0,01;-0,02;-0,02;-0,02;-0,02;-0,02;-0,02;-0,02;-0,02;-0,02;-0,02;0,0;0,0
13.07.2026;01:45;02:00;0,0;0,0;0,0;0,0;-0,02;-0,02;-0,06;-0,06;0,0;0,0;-0,02;-0,02;-0,04;-0,04;-0,02;-0,02;-0,01;-0,01;-0,01;-0,01;0,0;0,0;-0,01;-0,01;0,0;0,0;-0,01;-0,01;-0,01;-0,01;-0,02;-0,02;0,0;0,0;-0,04;-0,04;-0,01;-0,01;-0,02;-0,02;-0,02;-0,02;-0,01;-0,01;-0,01;-0,01;-0,02;-0,02;-0,01;-0,01;-0,01;-0,01;0,0;0,0;0,0;0,0
13.07.2026;02:00;02:15;0,0;0,0;-0,01;-0,01;0,0;0,0;-0,06;-0,06;0,0;0,0;-0,03;-0,03;-0,04;-0,04;0,0;0,0;-0,02;-0,02;-0,02;-0,02;0,0;0,0;-0,01;-0,01;0,0;0,0;-0,01;-0,01;-0,01;-0,01;-0,01;-0,01;0,0;0,0;-0,03;-0,03;-0,01;-0,01;-0,02;-0,02;0,0;0,0;-0,03;-0,03;-0,01;-0,01;0,0;0,0;-0,02;-0,02;-0,01;-0,01;-0,02;-0,02;0,0;0,0
13.07.2026;02:15;02:30;0,0;0,0;0,0;0,0;-0,01;-0,01;-0,06;-0,06;0,0;0,0;-0,02;-0,02;-0,03;-0,03;-0,01;-0,01;-0,02;-0,02;-0,01;-0,01;-0,01;-0,01;-0,01;-0,01;0,0;0,0;0,0;0,0;-0,01;-0,01;-0,01;-0,01;-0,01;-0,01;-0,03;-0,03;-0,02;-0,02;-0,02;-0,02;-0,01;-0,01;-0,02;-0,02;-0,01;-0,01;-0,01;-0,01;-0,01;-0,01;-0,01;-0,01;-0,01;-0,01;0,0;0,0
13.07.2026;02:30;02:45;0,0;0,0;0,0;0,0;0,0;0,0;-0,11;-0,11;0,0;0,0;-0,02;-0,02;-0,04;-0,04;-0,01;-0,01;-0,01;-0,01;-0,02;-0,02;-0,02;-0,02;0,0;0,0;0,0;0,0;-0,02;-0,02;-0,02;-0,02;-0,01;-0,01;-0,01;-0,01;-0,03;-0,03;-0,01;-0,01;-0,02;-0,02;-0,02;-0,02;-0,02;-0,02;-0,02;-0,02;-0,02;-0,02;-0,02;-0,02;-0,01;-0,01;-0,01;-0,01;0,0;0,0
13.07.2026;02:45;03:00;0,0;0,0;0,0;0,0;-0,01;-0,01;-0,08;-0,08;0,0;0,0;-0,02;-0,02;-0,03;-0,03;-0,01;-0,01;-0,02;-0,02;-0,02;-0,02;-0,02;-0,02;-0,02;-0,02;0,0;0,0;-0,01;-0,01;-0,01;-0,01;-0,01;-0,01;-0,01;-0,01;-0,04;-0,04;0,0;0,0;-0,02;-0,02;0,0;0,0;-0,01;-0,01;-0,03;-0,03;-0,01;-0,01;-0,01;-0,01;-0,01;-0,01;-0,01;-0,01;0,0;0,0
13.07.2026;03:00;03:15;0,0;0,0;0,0;0,0;-0,01;-0,01;-0,13;-0,13;0,0;0,0;-0,06;-0,06;-0,04;-0,04;-0,01;-0,01;-0,02;-0,02;-0,01;-0,01;-0,01;-0,01;0,0;0,0;0,0;0,0;0,0;0,0;-0,01;-0,01;-0,01;-0,01;-0,01;-0,01;-0,03;-0,03;-0,02;-0,02;-0,02;-0,02;-0,02;-0,02;-0,01;-0,01;-0,01;-0,01;-0,01;-0,01;-0,01;-0,01;-0,01;-0,01;-0,01;-0,01;0,0;0,0
13.07.2026;03:15;03:30;0,0;0,0;-0,01;-0,01;-0,01;-0,01;-0,11;-0,11;0,0;0,0;-0,01;-0,01;-0,03;-0,03;-0,01;-0,01;-0,02;-0,02;-0,02;-0,02;-0,01;-0,01;-0,01;-0,01;0,0;0,0;-0,01;-0,01;-0,01;-0,01;-0,01;-0,01;0,0;0,0;-0,03;-0,03;-0,01;-0,01;-0,02;-0,02;0,0;0,0;-0,02;-0,02;-0,02;-0,02;-0,01;-0,01;-0,02;-0,02;-0,01;-0,01;-0,01;-0,01;0,0;0,0
13.07.2026;03:30;03:45;0,0;0,0;0,0;0,0;-0,01;-0,01;-0,09;-0,09;0,0;0,0;0,0;0,0;-0,04;-0,04;0,0;0,0;-0,02;-0,02;-0,02;-0,02;-0,02;-0,02;-0,01;-0,01;0,0;0,0;-0,02;-0,02;-0,01;-0,01;0,0;0,0;0,0;0,0;-0,03;-0,03;0,0;0,0;-0,02;-0,02;-0,01;-0,01;-0,03;-0,03;-0,01;-0,01;-0,01;-0,01;-0,02;-0,02;-0,02;-0,02;-0,01;-0,01;0,0;0,0
13.07.2026;03:45;04:00;0,0;0,0;0,0;0,0;-0,02;-0,02;-0,12;-0,12;0,0;0,0;-0,01;-0,01;-0,03;-0,03;-0,01;-0,01;-0,01;-0,01;-0,01;-0,01;-0,01;-0,01;-0,01;-0,01;0,0;0,0;0,0;0,0;-0,01;-0,01;-0,02;-0,02;-0,02;-0,02;-0,02;-0,02;-0,02;-0,02;-0,02;-0,02;-0,02;-0,02;-0,02;-0,02;-0,02;-0,02;-0,01;-0,01;-0,02;-0,02;-0,01;-0,01;-0,01;-0,01;0,0;0,0
13.07.2026;04:00;04:15;0,0;0,0;0,0;0,0;-0,01;-0,01;-0,11;-0,11;0,0;0,0;-0,02;-0,02;-0,04;-0,04;-0,01;-0,01;-0,02;-0,02;-0,02;-0,02;0,0;0,0;-0,01;-0,01;0,0;0,0;0,0;0,0;-0,01;-0,01;-0,01;-0,01;-0,01;-0,01;-0,04;-0,04;-0,01;-0,01;-0,02;-0,02;0,0;0,0;-0,01;-0,01;-0,01;-0,01;-0,01;-0,01;-0,03;-0,03;-0,01;-0,01;-0,01;-0,01;0,0;0,0
13.07.2026;04:15;04:30;0,0;0,0;-0,01;-0,01;-0,01;-0,01;-0,12;-0,12;0,0;0,0;-0,01;-0,01;-0,03;-0,03;-0,01;-0,01;-0,02;-0,02;-0,02;-0,02;0,0;0,0;0,0;0,0;0,0;0,0;-0,02;-0,02;-0,01;-0,01;0,0;0,0;0,0;0,0;-0,03;-0,03;-0,01;-0,01;-0,02;-0,02;0,0;0,0;-0,02;-0,02;-0,01;-0,01;-0,02;-0,02;-0,01;-0,01;-0,01;-0,01;-0,01;-0,01;0,0;0,0
13.07.2026;04:30;04:45;0,0;0,0;0,0;0,0;0,0;0,0;-0,1;-0,1;0,0;0,0;0,0;0,0;-0,04;-0,04;-0,01;-0,01;-0,01;-0,01;-0,01;-0,01;-0,01;-0,01;-0,02;-0,02;0,0;0,0;-0,01;-0,01;-0,01;-0,01;-0,02;-0,02;-0,01;-0,01;-0,04;-0,04;-0,01;-0,01;-0,02;-0,02;-0,01;-0,01;-0,01;-0,01;-0,02;-0,02;-0,01;-0,01;0,0;0,0;-0,01;-0,01;-0,01;-0,01;0,0;0,0
13.07.2026;04:45;05:00;0,0;0,0;0,0;0,0;-0,01;-0,01;-0,13;-0,13;0,0;0,0;-0,02;-0,02;-0,03;-0,03;-0,01;-0,01;-0,02;-0,02;-0,02;-0,02;-0,01;-0,01;0,0;0,0;0,0;0,0;-0,01;-0,01;-0,02;-0,02;-0,01;-0,01;0,0;0,0;-0,03;-0,03;-0,01;-0,01;-0,02;-0,02;-0,02;-0,02;-0,03;-0,03;0,0;0,0;0,0;0,0;-0,01;-0,01;-0,01;-0,01;-0,01;-0,01;0,0;0,0
13.07.2026;05:00;05:15;0,0;0,0;0,0;0,0;0,0;0,0;-0,06;-0,06;-0,01;-0,01;-0,01;-0,01;-0,04;-0,04;0,0;0,0;-0,02;-0,02;-0,01;-0,01;-0,02;-0,02;-0,01;-0,01;-0,01;-0,01;0,0;0,0;-0,03;-0,03;-0,04;-0,04;-0,01;-0,01;-0,02;-0,02;-0,01;-0,01;-0,02;-0,02;0,0;0,0;-0,03;-0,03;-0,02;-0,02;-0,02;-0,02;-0,01;-0,01;-0,01;-0,01;-0,01;-0,01;0,0;0,0
13.07.2026;05:15;05:30;0,0;0,0;0,0;0,0;-0,01;-0,01;-0,12;-0,12;0,0;0,0;-0,01;-0,01;-0,03;-0,03;-0,01;-0,01;-0,01;-0,01;-0,02;-0,02;-0,01;-0,01;-0,01;-0,01;0,0;0,0;-0,02;-0,02;-0,03;-0,03;-0,02;-0,02;-0,01;-0,01;-0,03;-0,03;-0,02;-0,02;-0,02;-0,02;-0,02;-0,02;-0,1;-0,1;-0,01;-0,01;-0,01;-0,01;-0,02;-0,02;-0,02;-0,02;-0,01;-0,01;0,0;0,0
13.07.2026;05:30;05:45;0,03;0,03;-0,01;-0,01;-0,01;-0,01;-0,08;-0,08;0,0;0,0;0,0;0,0;-0,04;-0,04;-0,01;-0,01;-0,03;-0,03;-0,02;-0,02;-0,02;-0,02;-0,01;-0,01;0,0;0,0;-0,01;-0,01;-0,01;-0,01;-0,12;-0,12;-0,01;-0,01;-0,04;-0,04;0,0;0,0;-0,02;-0,02;-0,01;-0,01;-0,02;-0,02;-0,01;-0,01;-0,01;-0,01;-0,02;-0,02;-0,01;-0,01;-0,03;-0,03;0,0;0,0
13.07.2026;05:45;06:00;0,07;0,07;0,0;0,0;-0,02;-0,02;-0,07;-0,07;0,0;0,0;-0,02;-0,02;-0,04;-0,04;-0,01;-0,01;-0,01;-0,01;-0,01;-0,01;-0,01;-0,01;-0,01;-0,01;0,0;0,0;0,0;0,0;-0,01;-0,01;-0,01;-0,01;0,0;0,0;-0,03;-0,03;-0,02;-0,02;-0,02;-0,02;0,0;0,0;-0,03;-0,03;-0,01;-0,01;-0,01;-0,01;-0,02;-0,02;-0,01;-0,01;-0,02;-0,02;0,0;0,0
13.07.2026;06:00;06:15;0,1;0,1;0,0;0,0;-0,05;-0,05;-0,11;-0,11;0,0;0,0;-0,01;-0,01;-0,05;-0,05;-0,01;-0,01;-0,02;-0,02;-0,02;-0,02;-0,01;-0,01;-0,03;-0,03;0,0;0,0;-0,04;-0,04;-0,01;-0,01;-0,02;-0,02;-0,01;-0,01;-0,03;-0,03;-0,01;-0,01;-0,02;-0,02;-0,02;-0,02;-0,02;-0,02;-0,01;-0,01;-0,02;-0,02;-0,01;-0,01;-0,01;-0,01;-0,07;-0,07;0,0;0,0
13.07.2026;06:15;06:30;0,17;0,12;0,0;0,0;-0,04;-0,04;-0,17;-0,12;0,0;0,0;0,0;0,0;-0,03;-0,03;-0,01;-0,01;-0,02;-0,02;-0,02;-0,02;-0,01;-0,01;-0,02;-0,02;0,0;0,0;-0,03;-0,03;-0,01;-0,01;0,0;0,0;0,0;0,0;-0,02;-0,02;-0,01;-0,01;-0,02;-0,02;-0,06;-0,06;-0,01;-0,01;-0,02;-0,02;-0,03;-0,03;-0,02;-0,02;-0,01;-0,01;-0,01;-0,01;0,0;0,0
13.07.2026;06:30;06:45;0,23;0,17;-0,01;-0,01;-0,02;-0,02;-0,14;-0,08;0,0;0,0;-0,02;-0,02;-0,04;-0,04;0,0;0,0;-0,02;-0,02;-0,01;-0,01;-0,01;-0,01;-0,01;-0,01;0,0;0,0;0,0;0,0;-0,01;-0,01;-0,01;-0,01;-0,02;-0,02;-0,03;-0,03;-0,02;-0,02;-0,02;-0,02;-0,03;-0,03;-0,01;-0,01;-0,01;-0,01;-0,01;-0,01;-0,02;-0,02;-0,01;-0,01;-0,03;-0,03;0,0;0,0
13.07.2026;06:45;07:00;0,34;0,11;0,0;0,0;-0,03;-0,02;-0,17;-0,12;0,0;0,0;-0,01;0,0;-0,04;-0,03;-0,01;0,0;-0,02;-0,01;-0,09;-0,08;0,0;0,0;0,0;0,0;0,0;0,0;-0,01;0,0;-0,02;-0,01;-0,02;-0,01;-0,01;0,0;-0,04;-0,03;0,0;0,0;-0,09;-0,08;-0,02;-0,01;-0,02;-0,01;0,0;0,0;-0,01;0,0;-0,02;-0,01;-0,01;0,0;-0,03;-0,02;0,0;0,0
13.07.2026;07:00;07:15;0,27;0,19;0,0;0,0;-0,01;-0,01;-0,08;0,0;0,0;0,0;-0,01;-0,01;-0,04;-0,04;-0,01;-0,01;-0,03;-0,03;-0,02;-0,02;-0,01;-0,01;-0,02;-0,02;0,0;0,0;-0,01;-0,01;-0,01;-0,01;0,0;0,0;0,0;0,0;-0,03;-0,03;-0,01;-0,01;-0,06;-0,06;0,0;0,0;-0,02;-0,02;-0,02;-0,02;-0,02;-0,02;-0,02;-0,02;-0,01;-0,01;-0,01;-0,01;0,0;0,0
13.07.2026;07:15;07:30;0,0;0,0;0,0;0,0;-0,02;-0,02;-0,07;-0,07;0,0;0,0;0,0;0,0;-0,03;-0,03;-0,01;-0,01;-0,07;-0,07;-0,01;-0,01;-0,01;-0,01;0,0;0,0;0,0;0,0;-0,02;-0,02;0,0;0,0;-0,01;-0,01;0,0;0,0;-0,03;-0,03;-0,02;-0,02;-0,02;-0,02;-0,01;-0,01;-0,02;-0,02;-0,01;-0,01;-0,01;-0,01;-0,01;-0,01;-0,02;-0,02;-0,02;-0,02;0,0;0,0
13.07.2026;07:30;07:45;0,0;0,0;0,0;0,0;-0,03;-0,03;-0,07;-0,07;0,0;0,0;-0,02;-0,02;-0,04;-0,04;0,0;0,0;-0,02;-0,02;-0,03;-0,03;-0,02;-0,02;-0,02;-0,02;0,0;0,0;-0,02;-0,02;-0,01;-0,01;-0,02;-0,02;-0,01;-0,01;-0,03;-0,03;-0,01;-0,01;-0,02;-0,02;-0,01;-0,01;-0,02;-0,02;-0,01;-0,01;-0,01;-0,01;-0,01;-0,01;-0,01;-0,01;-0,01;-0,01;0,0;0,0
13.07.2026;07:45;08:00;1,15;0,75;-0,01;0,0;-0,01;0,0;-0,11;0,0;0,0;0,0;-0,01;0,0;-0,04;0,0;-0,02;0,0;-0,01;0,0;-0,02;0,0;-0,01;0,0;-0,01;0,0;0,0;0,0;-0,01;0,0;-0,01;0,0;0,0;0,0;-0,01;0,0;-0,01;0,0;-0,03;0,0;-0,02;0,0;-0,01;0,0;-0,01;0,0;-0,01;0,0;-0,01;0,0;0,0;0,0;-0,01;0,0;-0,01;0,0;0,0;0,0
13.07.2026;08:00;08:15;1,45;0,98;0,0;0,0;-0,02;0,0;-0,13;0,0;0,0;0,0;-0,01;0,0;-0,04;0,0;0,0;0,0;-0,02;0,0;-0,03;0,0;-0,02;0,0;-0,01;0,0;0,0;0,0;-0,01;0,0;-0,02;0,0;-0,01;0,0;-0,01;0,0;-0,01;0,0;-0,03;0,0;-0,02;0,0;-0,01;0,0;-0,01;0,0;-0,01;0,0;-0,02;0,0;-0,01;0,0;-0,01;0,0;-0,01;0,0;0,0;0,0
13.07.2026;08:15;08:30;1,72;1,19;0,0;0,0;-0,02;0,0;-0,06;0,0;0,0;0,0;0,0;0,0;-0,03;0,0;0,0;0,0;-0,03;0,0;-0,01;0,0;-0,01;0,0;-0,16;0,0;0,0;0,0;-0,02;0,0;-0,01;0,0;-0,02;0,0;-0,01;0,0;-0,02;0,0;-0,02;0,0;-0,02;0,0;-0,01;0,0;-0,02;0,0;-0,01;0,0;-0,01;0,0;-0,01;0,0;-0,01;0,0;-0,02;0,0;0,0;0,0
13.07.2026;08:30;08:45;1,91;1,47;0,0;0,0;-0,01;0,0;-0,08;0,0;0,0;0,0;-0,02;0,0;-0,04;0,0;-0,02;0,0;-0,01;0,0;-0,02;0,0;-0,01;0,0;-0,07;0,0;0,0;0,0;0,0;0,0;-0,01;0,0;0,0;0,0;0,0;0,0;-0,01;0,0;-0,03;0,0;-0,02;0,0;-0,01;0,0;-0,02;0,0;-0,02;0,0;-0,01;0,0;-0,01;0,0;-0,01;0,0;-0,01;0,0;0,0;0,0
13.07.2026;08:45;09:00;2,08;1,52;-0,01;0,0;-0,02;0,0;-0,06;0,0;0,0;0,0;-0,01;0,0;-0,04;0,0;0,0;0,0;-0,01;0,0;-0,02;0,0;-0,01;0,0;-0,08;0,0;0,0;0,0;-0,01;0,0;-0,01;0,0;-0,01;0,0;-0,01;0,0;-0,02;0,0;-0,03;0,0;-0,02;0,0;-0,01;0,0;-0,03;0,0;-0,11;0,0;-0,01;0,0;-0,01;0,0;-0,01;0,0;-0,01;0,0;0,0;0,0
13.07.2026;09:00;09:15;2,33;1,91;0,0;0,0;-0,01;0,0;-0,06;0,0;0,0;0,0;-0,01;0,0;-0,03;0,0;-0,01;0,0;-0,02;0,0;-0,01;0,0;0,0;0,0;-0,08;0,0;0,0;0,0;-0,01;0,0;-0,01;0,0;-0,01;0,0;-0,01;0,0;0,0;0,0;-0,02;0,0;-0,02;0,0;-0,01;0,0;-0,01;0,0;-0,04;0,0;-0,02;0,0;-0,01;0,0;-0,01;0,0;-0,01;0,0;0,0;0,0
13.07.2026;09:15;09:30;2,57;2,08;0,0;0,0;-0,02;0,0;-0,07;0,0;0,0;0,0;-0,01;0,0;-0,04;0,0;-0,01;0,0;-0,02;0,0;-0,02;0,0;0,0;0,0;-0,08;0,0;0,0;0,0;-0,02;0,0;-0,01;0,0;-0,01;0,0;-0,01;0,0;-0,01;0,0;-0,03;0,0;-0,02;0,0;-0,01;0,0;-0,01;0,0;-0,04;0,0;-0,01;0,0;-0,01;0,0;-0,02;0,0;-0,01;0,0;0,0;0,0
13.07.2026;09:30;09:45;2,77;2,25;0,0;0,0;-0,02;0,0;-0,08;0,0;0,0;0,0;-0,01;0,0;-0,04;0,0;-0,01;0,0;-0,01;0,0;-0,01;0,0;-0,02;0,0;-0,08;0,0;0,0;0,0;0,0;0,0;-0,01;0,0;-0,01;0,0;-0,01;0,0;-0,02;0,0;-0,03;0,0;-0,07;0,0;-0,01;0,0;-0,01;0,0;-0,04;0,0;0,0;0,0;-0,01;0,0;-0,01;0,0;-0,01;0,0;0,0;0,0
13.07.2026;09:45;10:00;2,93;1,84;-0,01;0,0;-0,02;0,0;-0,09;0,0;0,0;0,0;-0,01;0,0;-0,03;0,0;0,0;0,0;-0,03;0,0;0,0;0,0;-0,02;0,0;-0,09;0,0;0,0;0,0;-0,01;0,0;-0,31;0,0;-0,01;0,0;0,0;0,0;-0,27;0,0;-0,03;0,0;-0,03;0,0;-0,01;0,0;-0,02;0,0;-0,05;0,0;-0,02;0,0;-0,01;0,0;-0,01;0,0;-0,01;0,0;0,0;0,0
13.07.2026;10:00;10:15;3,3;2,67;0,0;0,0;-0,03;0,0;-0,13;0,0;-0,01;0,0;-0,01;0,0;-0,04;0,0;-0,01;0,0;-0,01;0,0;-0,01;0,0;-0,01;0,0;-0,04;0,0;-0,01;0,0;-0,02;0,0;-0,07;0,0;-0,01;0,0;-0,01;0,0;-0,05;0,0;-0,02;0,0;-0,02;0,0;-0,01;0,0;-0,03;0,0;-0,04;0,0;-0,01;0,0;-0,01;0,0;-0,01;0,0;-0,01;0,0;0,0;0,0
13.07.2026;10:15;10:30;3,63;2,74;0,0;0,0;-0,03;0,0;-0,23;0,0;0,0;0,0;-0,01;0,0;-0,03;0,0;-0,01;0,0;-0,02;0,0;0,0;0,0;-0,01;0,0;-0,03;0,0;0,0;0,0;0,0;0,0;-0,06;0,0;-0,01;0,0;0,0;0,0;-0,27;0,0;-0,02;0,0;-0,02;0,0;-0,01;0,0;-0,02;0,0;-0,05;0,0;-0,02;0,0;-0,02;0,0;-0,01;0,0;-0,01;0,0;0,0;0,0
13.07.2026;10:30;10:45;2,07;0,93;0,0;0,0;-0,24;-0,03;-0,16;0,0;0,0;0,0;-0,02;0,0;-0,04;0,0;-0,01;0,0;-0,02;0,0;0,0;0,0;-0,02;0,0;-0,25;-0,04;0,0;0,0;-0,01;0,0;-0,05;0,0;-0,01;0,0;-0,01;0,0;-0,39;-0,18;-0,03;0,0;-0,03;0,0;-0,01;0,0;-0,01;0,0;-0,04;0,0;0,0;0,0;-0,01;0,0;-0,01;0,0;-0,02;0,0;0,0;0,0
13.07.2026;10:45;11:00;2,27;1,01;0,0;0,0;-0,06;0,0;-0,24;0,0;0,0;0,0;0,0;0,0;-0,03;0,0;0,0;0,0;-0,01;0,0;-0,01;0,0;-0,01;0,0;-0,35;-0,12;0,0;0,0;-0,01;0,0;-0,05;0,0;-0,01;0,0;-0,01;0,0;-0,2;0,0;-0,04;0,0;-0,33;-0,1;-0,01;0,0;-0,01;0,0;-0,06;0,0;-0,02;0,0;-0,01;0,0;-0,01;0,0;0,0;0,0;0,0;0,0
13.07.2026;11:00;11:15;0,27;0,19;-0,01;-0,01;-0,06;-0,06;-0,2;-0,12;0,0;0,0;-0,01;-0,01;-0,04;-0,04;-0,02;-0,02;-0,02;-0,02;0,0;0,0;-0,02;-0,02;-0,17;-0,17;0,0;0,0;-0,01;-0,01;-0,05;-0,05;-0,01;-0,01;-0,01;-0,01;-0,25;-0,25;0,0;0,0;-0,1;-0,1;-0,01;-0,01;-0,01;-0,01;-0,04;-0,04;-0,01;-0,01;-0,01;-0,01;-0,01;-0,01;-0,02;-0,02;0,0;0,0
13.07.2026;11:15;11:30;1,34;0,58;0,0;0,0;-0,08;0,0;-0,14;0,0;0,0;0,0;-0,01;0,0;-0,04;0,0;0,0;0,0;-0,02;0,0;0,0;0,0;0,0;0,0;-0,07;0,0;0,0;0,0;-0,01;0,0;-0,04;0,0;-0,01;0,0;-0,01;0,0;-0,26;-0,14;-0,03;0,0;-0,05;0,0;-0,01;0,0;-0,03;0,0;-0,05;0,0;-0,01;0,0;-0,01;0,0;-0,02;0,0;0,0;0,0;0,0;0,0
13.07.2026;11:30;11:45;1,62;0,83;0,0;0,0;-0,05;0,0;-0,12;0,0;0,0;0,0;-0,02;0,0;-0,03;0,0;-0,01;0,0;-0,01;0,0;-0,01;0,0;0,0;0,0;-0,13;0,0;0,0;0,0;0,0;0,0;-0,04;0,0;-0,01;0,0;0,0;0,0;-0,28;-0,11;-0,03;0,0;-0,04;0,0;-0,01;0,0;-0,03;0,0;-0,04;0,0;-0,01;0,0;-0,01;0,0;-0,01;0,0;-0,01;0,0;0,0;0,0
13.07.2026;11:45;12:00;4,23;3,26;0,0;0,0;-0,03;0,0;-0,12;0,0;0,0;0,0;0,0;0,0;-0,04;0,0;-0,01;0,0;-0,02;0,0;-0,02;0,0;-0,01;0,0;-0,02;0,0;0,0;0,0;-0,02;0,0;-0,04;0,0;-0,01;0,0;-0,01;0,0;-0,42;0,0;-0,02;0,0;-0,05;0,0;0,0;0,0;-0,01;0,0;-0,05;0,0;-0,02;0,0;-0,02;0,0;-0,01;0,0;-0,02;0,0;0,0;0,0
13.07.2026;12:00;12:15;4,22;3,28;-0,01;0,0;-0,08;0,0;-0,1;0,0;0,0;0,0;-0,01;0,0;-0,03;0,0;-0,01;0,0;-0,02;0,0;-0,01;0,0;-0,01;0,0;-0,03;0,0;0,0;0,0;-0,01;0,0;-0,04;0,0;-0,01;0,0;-0,01;0,0;-0,38;0,0;-0,03;0,0;-0,05;0,0;-0,02;0,0;-0,01;0,0;-0,04;0,0;-0,01;0,0;-0,01;0,0;-0,01;0,0;0,0;0,0;0,0;0,0
13.07.2026;12:15;12:30;3,71;2,72;0,0;0,0;-0,02;0,0;-0,08;0,0;0,0;0,0;-0,02;0,0;-0,04;0,0;0,0;0,0;-0,01;0,0;-0,02;0,0;-0,02;0,0;-0,02;0,0;0,0;0,0;0,0;0,0;-0,04;0,0;-0,01;0,0;-0,01;0,0;-0,52;-0,01;-0,03;0,0;-0,04;0,0;0,0;0,0;-0,01;0,0;-0,05;0,0;-0,01;0,0;-0,02;0,0;-0,01;0,0;-0,02;0,0;0,0;0,0
13.07.2026;12:30;12:45;4,34;3,72;0,0;0,0;-0,02;0,0;-0,2;0,0;0,0;0,0;-0,01;0,0;-0,03;0,0;-0,01;0,0;-0,02;0,0;-0,02;0,0;-0,01;0,0;-0,01;0,0;0,0;0,0;-0,01;0,0;-0,03;0,0;-0,01;0,0;-0,01;0,0;-0,07;0,0;-0,02;0,0;-0,03;0,0;-0,01;0,0;-0,02;0,0;-0,04;0,0;-0,01;0,0;-0,01;0,0;-0,01;0,0;-0,01;0,0;0,0;0,0
13.07.2026;12:45;13:00;4,23;3,35;0,0;0,0;-0,02;0,0;-0,24;0,0;0,0;0,0;0,0;0,0;-0,04;0,0;-0,01;0,0;-0,02;0,0;-0,22;0,0;-0,02;0,0;-0,01;0,0;0,0;0,0;-0,02;0,0;-0,04;0,0;-0,01;0,0;0,0;0,0;-0,04;0,0;-0,04;0,0;-0,02;0,0;-0,01;0,0;-0,03;0,0;-0,04;0,0;-0,02;0,0;-0,01;0,0;-0,01;0,0;-0,01;0,0;0,0;0,0
13.07.2026;13:00;13:15;4,16;3,28;0,0;0,0;0,0;0,0;-0,08;0,0;0,0;0,0;-0,01;0,0;-0,03;0,0;0,0;0,0;-0,01;0,0;-0,17;0,0;-0,01;0,0;-0,01;0,0;0,0;0,0;-0,01;0,0;-0,04;0,0;-0,01;0,0;0,0;0,0;-0,32;0,0;-0,02;0,0;-0,03;0,0;-0,01;0,0;-0,02;0,0;-0,05;0,0;-0,01;0,0;-0,01;0,0;-0,01;0,0;-0,02;0,0;0,0;0,0
13.07.2026;13:15;13:30;4,34;3,12;-0,01;0,0;-0,01;0,0;-0,22;0,0;0,0;0,0;-0,02;0,0;-0,02;0,0;-0,02;0,0;-0,02;0,0;-0,09;0,0;-0,01;0,0;-0,01;0,0;0,0;0,0;0,0;0,0;-0,04;0,0;-0,01;0,0;-0,02;0,0;-0,56;0,0;-0,02;0,0;-0,02;0,0;-0,01;0,0;-0,01;0,0;-0,05;0,0;-0,01;0,0;-0,01;0,0;-0,02;0,0;-0,01;0,0;0,0;0,0
13.07.2026;13:30;13:45;4,24;3,38;0,0;0,0;-0,01;0,0;-0,21;0,0;0,0;0,0;0,0;0,0;-0,04;0,0;-0,01;0,0;-0,01;0,0;-0,03;0,0;-0,02;0,0;-0,01;0,0;0,0;0,0;-0,01;0,0;-0,02;0,0;-0,01;0,0;-0,01;0,0;-0,3;0,0;-0,04;0,0;-0,02;0,0;-0,01;0,0;-0,01;0,0;-0,04;0,0;-0,01;0,0;-0,02;0,0;-0,01;0,0;-0,01;0,0;0,0;0,0
13.07.2026;13:45;14:00;4,18;3,73;0,0;0,0;0,0;0,0;-0,07;0,0;0,0;0,0;-0,01;0,0;-0,03;0,0;-0,01;0,0;-0,02;0,0;-0,03;0,0;-0,01;0,0;-0,01;0,0;0,0;0,0;-0,02;0,0;-0,01;0,0;-0,01;0,0;-0,01;0,0;-0,05;0,0;-0,02;0,0;-0,03;0,0;-0,01;0,0;-0,02;0,0;-0,04;0,0;-0,01;0,0;-0,01;0,0;-0,01;0,0;-0,01;0,0;0,0;0,0
13.07.2026;14:00;14:15;4,14;3,72;0,0;0,0;-0,01;0,0;-0,06;0,0;0,0;0,0;-0,02;0,0;-0,05;0,0;0,0;0,0;-0,02;0,0;-0,01;0,0;0,0;0,0;-0,01;0,0;0,0;0,0;0,0;0,0;-0,01;0,0;-0,01;0,0;0,0;0,0;-0,05;0,0;-0,02;0,0;-0,02;0,0;0,0;0,0;-0,03;0,0;-0,05;0,0;-0,02;0,0;-0,01;0,0;-0,01;0,0;-0,01;0,0;0,0;0,0
13.07.2026;14:15;14:30;4,05;3,52;-0,01;0,0;-0,01;0,0;-0,14;0,0;0,0;0,0;-0,01;0,0;-0,05;0,0;-0,02;0,0;0,0;0,0;0,0;0,0;0,0;0,0;-0,01;0,0;0,0;0,0;-0,01;0,0;-0,01;0,0;-0,01;0,0;0,0;0,0;-0,05;0,0;-0,04;0,0;-0,03;0,0;-0,02;0,0;-0,02;0,0;-0,05;0,0;-0,01;0,0;0,0;0,0;-0,01;0,0;-0,02;0,0;0,0;0,0
13.07.2026;14:30;14:45;4,02;3,43;0,0;0,0;-0,01;0,0;-0,1;0,0;0,0;0,0;0,0;0,0;-0,03;0,0;0,0;0,0;-0,02;0,0;-0,01;0,0;-0,01;0,0;-0,01;0,0;0,0;0,0;-0,01;0,0;-0,01;0,0;-0,01;0,0;-0,01;0,0;-0,06;0,0;-0,02;0,0;-0,02;0,0;-0,01;0,0;-0,18;0,0;-0,04;0,0;-0,01;0,0;0,0;0,0;-0,01;0,0;-0,01;0,0;0,0;0,0
13.07.2026;14:45;15:00;3,97;3,14;0,0;0,0;-0,01;0,0;-0,09;0,0;0,0;0,0;-0,01;0,0;-0,04;0,0;0,0;0,0;-0,02;0,0;-0,02;0,0;-0,02;0,0;0,0;0,0;0,0;0,0;-0,01;0,0;-0,01;0,0;-0,01;0,0;-0,01;0,0;-0,07;0,0;-0,17;0,0;-0,02;0,0;0,0;0,0;-0,24;0,0;-0,05;0,0;-0,01;0,0;-0,01;0,0;-0,01;0,0;0,0;0,0;0,0;0,0
13.07.2026;15:00;15:15;3,44;2,75;0,0;0,0;-0,02;0,0;-0,09;0,0;-0,01;0,0;-0,02;0,0;-0,04;0,0;-0,02;0,0;-0,01;0,0;-0,01;0,0;-0,02;0,0;-0,02;0,0;-0,01;0,0;-0,01;0,0;-0,04;0,0;-0,01;0,0;-0,01;0,0;-0,12;0,0;-0,03;0,0;-0,03;0,0;-0,02;0,0;-0,03;0,0;-0,05;0,0;-0,02;0,0;-0,01;0,0;-0,02;0,0;-0,02;0,0;0,0;0,0
13.07.2026;15:15;15:30;1,67;1,01;0,0;0,0;-0,01;0,0;-0,22;0,0;0,0;0,0;-0,01;0,0;-0,04;0,0;0,0;0,0;-0,02;0,0;-0,01;0,0;-0,01;0,0;0,0;0,0;0,0;0,0;-0,01;0,0;-0,03;0,0;-0,01;0,0;-0,01;0,0;-0,13;0,0;-0,02;0,0;-0,02;0,0;0,0;0,0;-0,03;0,0;-0,05;0,0;0,0;0,0;-0,01;0,0;-0,01;0,0;-0,01;0,0;0,0;0,0
13.07.2026;15:30;15:45;0,12;0,11;-0,01;-0,01;-0,01;-0,01;-0,23;-0,22;0,0;0,0;-0,01;-0,01;-0,03;-0,03;-0,01;-0,01;-0,03;-0,03;-0,05;-0,05;-0,01;-0,01;-0,02;-0,02;0,0;0,0;-0,01;-0,01;-0,01;-0,01;0,0;0,0;0,0;0,0;-0,14;-0,14;-0,03;-0,03;-0,03;-0,03;-0,01;-0,01;-0,03;-0,03;-0,04;-0,04;-0,01;-0,01;-0,01;-0,01;-0,01;-0,01;-0,01;-0,01;0,0;0,0
13.07.2026;15:45;16:00;3,36;2,63;0,0;0,0;-0,01;0,0;-0,23;0,0;0,0;0,0;-0,01;0,0;-0,04;0,0;-0,01;0,0;-0,01;0,0;-0,02;0,0;-0,02;0,0;0,0;0,0;0,0;0,0;-0,01;0,0;-0,01;0,0;-0,02;0,0;-0,01;0,0;-0,13;0,0;-0,02;0,0;-0,03;0,0;-0,01;0,0;-0,02;0,0;-0,05;0,0;-0,02;0,0;-0,02;0,0;-0,01;0,0;-0,02;0,0;0,0;0,0
13.07.2026;16:00;16:15;3,26;2,61;0,0;0,0;0,0;0,0;-0,13;0,0;0,0;0,0;-0,01;0,0;-0,04;0,0;-0,01;0,0;-0,02;0,0;-0,07;0,0;-0,01;0,0;-0,03;0,0;0,0;0,0;0,0;0,0;-0,03;0,0;-0,01;0,0;-0,01;0,0;-0,1;0,0;-0,03;0,0;-0,02;0,0;-0,01;0,0;-0,02;0,0;-0,05;0,0;-0,02;0,0;-0,01;0,0;-0,01;0,0;-0,01;0,0;0,0;0,0
13.07.2026;16:15;16:30;3,04;2,2;0,0;0,0;-0,01;0,0;-0,09;0,0;0,0;0,0;-0,01;0,0;-0,04;0,0;0,0;0,0;-0,04;0,0;-0,04;0,0;-0,01;0,0;-0,03;0,0;0,0;0,0;-0,02;0,0;-0,04;0,0;0,0;0,0;-0,01;0,0;-0,01;0,0;-0,03;0,0;-0,02;0,0;-0,01;0,0;-0,02;0,0;-0,04;0,0;-0,34;0,0;-0,01;0,0;-0,01;0,0;-0,01;0,0;0,0;0,0
13.07.2026;16:30;16:45;2,91;2,05;-0,01;0,0;-0,01;0,0;-0,15;0,0;0,0;0,0;0,0;0,0;-0,03;0,0;-0,01;0,0;-0,04;0,0;-0,04;0,0;0,0;0,0;-0,02;0,0;0,0;0,0;-0,01;0,0;-0,04;0,0;-0,02;0,0;-0,01;0,0;-0,02;0,0;-0,02;0,0;-0,02;0,0;-0,01;0,0;-0,04;0,0;-0,05;0,0;-0,28;0,0;-0,01;0,0;-0,01;0,0;-0,01;0,0;0,0;0,0
13.07.2026;16:45;17:00;2,74;1,84;0,0;0,0;-0,02;0,0;-0,23;0,0;0,0;0,0;-0,02;0,0;-0,04;0,0;-0,01;0,0;-0,05;0,0;-0,04;0,0;0,0;0,0;-0,03;0,0;0,0;0,0;0,0;0,0;-0,04;0,0;-0,01;0,0;-0,01;0,0;-0,02;0,0;-0,02;0,0;-0,02;0,0;-0,01;0,0;-0,03;0,0;-0,05;0,0;-0,15;0,0;-0,01;0,0;-0,08;0,0;-0,01;0,0;0,0;0,0
13.07.2026;17:00;17:15;2,49;1,5;0,0;0,0;-0,03;0,0;-0,2;0,0;0,0;0,0;-0,02;0,0;-0,04;0,0;-0,01;0,0;-0,04;0,0;-0,04;0,0;-0,02;0,0;-0,01;0,0;0,0;0,0;-0,01;0,0;-0,05;0,0;-0,04;0,0;-0,01;0,0;-0,01;0,0;-0,04;0,0;-0,02;0,0;-0,02;0,0;-0,01;0,0;-0,04;0,0;-0,12;0,0;-0,01;0,0;-0,19;0,0;-0,01;0,0;0,0;0,0
13.07.2026;17:15;17:30;2,32;1,33;0,0;0,0;-0,15;0,0;-0,14;0,0;0,0;0,0;0,0;0,0;-0,03;0,0;0,0;0,0;-0,04;0,0;-0,08;0,0;-0,01;0,0;-0,04;0,0;0,0;0,0;-0,01;0,0;-0,03;0,0;-0,03;0,0;0,0;0,0;-0,04;0,0;-0,02;0,0;-0,02;0,0;-0,01;0,0;-0,01;0,0;-0,04;0,0;-0,09;0,0;-0,01;0,0;-0,16;0,0;-0,03;0,0;0,0;0,0
13.07.2026;17:30;17:45;2,02;0,94;0,0;0,0;-0,34;-0,15;-0,2;0,0;0,0;0,0;-0,01;0,0;-0,04;0,0;-0,02;0,0;-0,04;0,0;-0,09;0,0;-0,02;0,0;-0,01;0,0;0,0;0,0;-0,05;0,0;-0,04;0,0;-0,03;0,0;-0,01;0,0;-0,04;0,0;-0,03;0,0;-0,02;0,0;-0,02;0,0;-0,03;0,0;-0,04;0,0;-0,08;0,0;-0,01;0,0;-0,01;0,0;-0,05;0,0;0,0;0,0
13.07.2026;17:45;18:00;1,84;0,85;-0,01;0,0;-0,63;-0,45;-0,08;0,0;0,0;0,0;-0,01;0,0;-0,04;0,0;0,0;0,0;-0,04;0,0;-0,08;0,0;-0,01;0,0;0,0;0,0;0,0;0,0;-0,01;0,0;-0,05;0,0;-0,02;0,0;0,0;0,0;-0,04;0,0;-0,03;0,0;-0,17;0,0;-0,02;0,0;-0,03;0,0;-0,05;0,0;-0,09;0,0;-0,01;0,0;-0,01;0,0;-0,01;0,0;0,0;0,0
13.07.2026;18:00;18:15;1,67;0,72;0,0;0,0;-0,59;-0,45;-0,09;0,0;0,0;0,0;-0,02;0,0;-0,03;0,0;-0,01;0,0;-0,08;0,0;-0,09;0,0;-0,02;0,0;-0,02;0,0;0,0;0,0;-0,02;0,0;-0,04;0,0;-0,03;0,0;-0,02;0,0;-0,03;0,0;-0,02;0,0;-0,04;0,0;-0,02;0,0;-0,04;0,0;-0,05;0,0;-0,09;0,0;-0,02;0,0;-0,01;0,0;-0,02;0,0;0,0;0,0
13.07.2026;18:15;18:30;1,45;0,49;0,0;0,0;-0,19;-0,08;-0,11;0,0;0,0;0,0;0,0;0,0;-0,04;0,0;-0,01;0,0;-0,08;0,0;-0,08;0,0;-0,01;0,0;0,0;0,0;0,0;0,0;-0,02;0,0;-0,05;0,0;-0,05;0,0;-0,01;0,0;-0,04;0,0;-0,04;0,0;-0,05;0,0;-0,02;0,0;-0,04;0,0;-0,05;0,0;-0,1;0,0;-0,01;0,0;-0,01;0,0;-0,03;0,0;0,0;0,0
13.07.2026;18:30;18:45;1,26;0,32;0,0;0,0;-0,19;-0,1;-0,18;0,0;0,0;0,0;-0,01;0,0;-0,03;0,0;-0,01;0,0;-0,02;0,0;-0,33;-0,24;-0,02;0,0;-0,04;0,0;0,0;0,0;-0,01;0,0;-0,04;0,0;-0,04;0,0;-0,01;0,0;-0,03;0,0;-0,02;0,0;-0,02;0,0;-0,02;0,0;-0,02;0,0;-0,07;0,0;-0,12;-0,03;-0,01;0,0;-0,01;0,0;-0,06;0,0;0,0;0,0
13.07.2026;18:45;19:00;0,73;0,11;-0,01;0,0;-0,15;-0,12;-0,15;-0,04;0,0;0,0;-0,02;0,0;-0,04;-0,01;0,0;0,0;-0,02;0,0;-0,19;-0,16;0,0;0,0;-0,03;0,0;0,0;0,0;-0,04;-0,01;-0,05;-0,02;-0,06;-0,03;0,0;0,0;-0,03;0,0;-0,02;0,0;-0,02;0,0;-0,05;-0,02;-0,03;0,0;-0,05;-0,02;-0,13;-0,1;-0,01;0,0;-0,02;0,0;-0,04;-0,01;0,0;0,0
13.07.2026;19:00;19:15;0,01;0,01;0,0;0,0;-0,02;-0,02;-0,14;-0,14;0,0;0,0;-0,01;-0,01;-0,03;-0,03;-0,01;-0,01;-0,03;-0,03;-0,18;-0,18;0,0;0,0;-0,02;-0,02;0,0;0,0;-0,02;-0,02;-0,05;-0,05;-0,67;-0,67;0,0;0,0;-0,06;-0,06;-0,07;-0,07;-0,03;-0,03;-0,17;-0,17;-0,02;-0,02;-0,07;-0,07;-0,09;-0,09;-0,01;-0,01;-0,01;-0,01;-0,02;-0,02;0,0;0,0
13.07.2026;19:15;19:30;0,0;0,0;0,0;0,0;-0,06;-0,06;-0,28;-0,28;0,0;0,0;0,0;0,0;-0,04;-0,04;-0,01;-0,01;-0,2;-0,2;-0,2;-0,2;0,0;0,0;-0,03;-0,03;0,0;0,0;-0,02;-0,02;-0,03;-0,03;-0,24;-0,24;-0,01;-0,01;-0,06;-0,06;-0,34;-0,34;-0,02;-0,02;-0,16;-0,16;-0,06;-0,06;-0,06;-0,06;-0,11;-0,11;-0,02;-0,02;-0,01;-0,01;-0,14;-0,14;0,0;0,0
13.07.2026;19:30;19:45;0,41;0,13;0,0;0,0;-0,07;-0,06;-0,13;-0,06;0,0;0,0;-0,02;-0,01;-0,04;-0,03;0,0;0,0;-0,16;-0,15;-0,29;-0,28;-0,02;-0,01;-0,03;-0,02;0,0;0,0;-0,05;-0,04;-0,01;0,0;-0,04;-0,03;-0,01;0,0;-0,1;-0,09;-0,27;-0,26;-0,02;-0,01;-0,16;-0,15;-0,29;-0,28;-0,05;-0,04;-0,02;-0,01;-0,01;0,0;-0,01;0,0;-0,49;-0,48;0,0;0,0
13.07.2026;19:45;20:00;0,31;0,06;-0,01;0,0;-0,04;-0,03;-0,09;-0,07;0,0;0,0;-0,01;0,0;-0,03;-0,02;-0,01;0,0;-0,21;-0,2;-0,29;-0,28;-0,02;-0,01;-0,01;0,0;0,0;0,0;-0,01;0,0;-0,01;0,0;-0,03;-0,02;-0,01;0,0;-0,07;-0,06;-0,2;-0,19;-0,02;-0,01;-0,18;-0,17;-0,13;-0,12;-0,08;-0,07;-0,02;-0,01;-0,01;0,0;-0,01;0,0;-0,06;-0,05;0,0;0,0
13.07.2026;20:00;20:15;0,14;0,11;0,0;0,0;-0,04;-0,04;-0,15;-0,12;-0,01;-0,01;-0,01;-0,01;-0,04;-0,04;-0,01;-0,01;-0,12;-0,12;-0,03;-0,03;-0,01;-0,01;-0,02;-0,02;-0,01;-0,01;0,0;0,0;-0,01;-0,01;-0,03;-0,03;-0,01;-0,01;-0,07;-0,07;-0,02;-0,02;-0,02;-0,02;-0,21;-0,21;-0,03;-0,03;-0,06;-0,06;-0,03;-0,03;-0,01;-0,01;-0,01;-0,01;-0,06;-0,06;0,0;0,0
13.07.2026;20:15;20:30;0,06;0,06;0,0;0,0;-0,04;-0,04;-0,15;-0,15;0,0;0,0;0,0;0,0;-0,03;-0,03;-0,01;-0,01;-0,21;-0,21;-0,06;-0,06;-0,02;-0,02;-0,04;-0,04;0,0;0,0;-0,02;-0,02;-0,01;-0,01;-0,24;-0,24;0,0;0,0;-0,06;-0,06;-0,03;-0,03;-0,03;-0,03;-0,13;-0,13;-0,02;-0,02;-0,06;-0,06;-0,03;-0,03;-0,01;-0,01;-0,02;-0,02;-0,08;-0,08;0,0;0,0
13.07.2026;20:30;20:45;0,02;0,02;0,0;0,0;-0,03;-0,03;-0,1;-0,1;0,0;0,0;-0,02;-0,02;-0,04;-0,04;0,0;0,0;-0,26;-0,26;-0,26;-0,26;-0,01;-0,01;-0,02;-0,02;0,0;0,0;-0,03;-0,03;-0,02;-0,02;-0,36;-0,36;-0,01;-0,01;-0,05;-0,05;-0,03;-0,03;-0,03;-0,03;-0,11;-0,11;-0,02;-0,02;-0,05;-0,05;-0,02;-0,02;-0,02;-0,02;-0,04;-0,04;-0,28;-0,28;0,0;0,0
13.07.2026;20:45;21:00;0,02;0,02;0,0;0,0;-0,04;-0,04;-0,09;-0,09;0,0;0,0;-0,02;-0,02;-0,03;-0,03;-0,02;-0,02;-0,11;-0,11;-0,24;-0,24;-0,01;-0,01;-0,02;-0,02;0,0;0,0;-0,02;-0,02;-0,01;-0,01;-0,1;-0,1;-0,01;-0,01;-0,09;-0,09;-0,02;-0,02;-0,03;-0,03;-0,15;-0,15;-0,03;-0,03;-0,05;-0,05;-0,02;-0,02;0,0;0,0;-0,11;-0,11;-0,04;-0,04;0,0;0,0
13.07.2026;21:00;21:15;0,01;0,01;-0,01;-0,01;-0,04;-0,04;-0,1;-0,1;0,0;0,0;0,0;0,0;-0,04;-0,04;0,0;0,0;-0,11;-0,11;-0,25;-0,25;-0,02;-0,02;-0,02;-0,02;0,0;0,0;-0,02;-0,02;-0,04;-0,04;-0,17;-0,17;-0,01;-0,01;-0,08;-0,08;-0,04;-0,04;-0,03;-0,03;-0,05;-0,05;-0,03;-0,03;-0,05;-0,05;-0,01;-0,01;0,0;0,0;-0,15;-0,15;-0,04;-0,04;0,0;0,0
13.07.2026;21:15;21:30;0,0;0,0;0,0;0,0;-0,04;-0,04;-0,16;-0,16;0,0;0,0;-0,01;-0,01;-0,03;-0,03;-0,01;-0,01;-0,13;-0,13;-0,22;-0,22;0,0;0,0;-0,09;-0,09;0,0;0,0;-0,04;-0,04;-0,11;-0,11;-0,24;-0,24;-0,01;-0,01;-0,07;-0,07;-0,02;-0,02;-0,03;-0,03;-0,04;-0,04;-0,03;-0,03;-0,05;-0,05;-0,01;-0,01;-0,01;-0,01;-0,02;-0,02;-0,02;-0,02;0,0;0,0
13.07.2026;21:30;21:45;0,0;0,0;0,0;0,0;-0,04;-0,04;-0,25;-0,25;0,0;0,0;-0,01;-0,01;-0,04;-0,04;-0,01;-0,01;-0,08;-0,08;-0,13;-0,13;0,0;0,0;-0,01;-0,01;0,0;0,0;-0,03;-0,03;-0,26;-0,26;-0,03;-0,03;0,0;0,0;-0,05;-0,05;-0,02;-0,02;-0,03;-0,03;-0,05;-0,05;-0,01;-0,01;-0,04;-0,04;-0,02;-0,02;-0,01;-0,01;-0,03;-0,03;-0,03;-0,03;0,0;0,0
13.07.2026;21:45;22:00;0,0;0,0;0,0;0,0;-0,05;-0,05;-0,17;-0,17;0,0;0,0;-0,02;-0,02;-0,03;-0,03;-0,01;-0,01;-0,12;-0,12;-0,05;-0,05;-0,01;-0,01;-0,01;-0,01;0,0;0,0;-0,03;-0,03;-0,27;-0,27;-0,05;-0,05;0,0;0,0;-0,06;-0,06;-0,04;-0,04;-0,03;-0,03;-0,04;-0,04;-0,02;-0,02;-0,05;-0,05;-0,01;-0,01;-0,01;-0,01;-0,1;-0,1;-0,03;-0,03;0,0;0,0
13.07.2026;22:00;22:15;0,0;0,0;-0,01;-0,01;-0,04;-0,04;-0,12;-0,12;0,0;0,0;0,0;0,0;-0,04;-0,04;0,0;0,0;-0,18;-0,18;-0,05;-0,05;-0,01;-0,01;-0,01;-0,01;0,0;0,0;-0,03;-0,03;-0,1;-0,1;-0,04;-0,04;-0,01;-0,01;-0,06;-0,06;-0,02;-0,02;-0,03;-0,03;-0,01;-0,01;-0,01;-0,01;-0,05;-0,05;-0,02;-0,02;-0,01;-0,01;-0,15;-0,15;-0,04;-0,04;0,0;0,0
13.07.2026;22:15;22:30;0,0;0,0;0,0;0,0;-0,04;-0,04;-0,18;-0,18;0,0;0,0;-0,01;-0,01;-0,05;-0,05;-0,01;-0,01;-0,09;-0,09;-0,04;-0,04;-0,02;-0,02;-0,01;-0,01;0,0;0,0;-0,02;-0,02;-0,04;-0,04;-0,02;-0,02;-0,01;-0,01;-0,06;-0,06;-0,03;-0,03;-0,03;-0,03;-0,01;-0,01;-0,03;-0,03;-0,05;-0,05;-0,01;-0,01;-0,01;-0,01;-0,03;-0,03;-0,03;-0,03;0,0;0,0
13.07.2026;22:30;22:45;0,0;0,0;0,0;0,0;-0,03;-0,03;-0,2;-0,2;0,0;0,0;-0,02;-0,02;-0,04;-0,04;-0,01;-0,01;-0,03;-0,03;-0,02;-0,02;-0,01;-0,01;-0,01;-0,01;0,0;0,0;-0,02;-0,02;-0,03;-0,03;-0,02;-0,02;-0,02;-0,02;-0,06;-0,06;-0,03;-0,03;-0,02;-0,02;-0,01;-0,01;-0,02;-0,02;-0,04;-0,04;-0,02;-0,02;-0,01;-0,01;-0,05;-0,05;-0,03;-0,03;0,0;0,0
13.07.2026;22:45;23:00;0,0;0,0;0,0;0,0;0,0;0,0;-0,22;-0,22;0,0;0,0;-0,01;-0,01;-0,03;-0,03;0,0;0,0;-0,03;-0,03;-0,02;-0,02;-0,02;-0,02;-0,01;-0,01;0,0;0,0;-0,01;-0,01;-0,01;-0,01;-0,01;-0,01;0,0;0,0;-0,06;-0,06;-0,01;-0,01;-0,03;-0,03;-0,01;-0,01;-0,02;-0,02;-0,03;-0,03;-0,02;-0,02;-0,01;-0,01;-0,06;-0,06;-0,02;-0,02;0,0;0,0
13.07.2026;23:00;23:15;0,0;0,0;0,0;0,0;-0,01;-0,01;-0,08;-0,08;0,0;0,0;0,0;0,0;-0,04;-0,04;-0,01;-0,01;-0,03;-0,03;-0,02;-0,02;-0,01;-0,01;-0,01;-0,01;0,0;0,0;-0,01;-0,01;-0,01;-0,01;-0,01;-0,01;0,0;0,0;-0,05;-0,05;-0,02;-0,02;-0,03;-0,03;-0,01;-0,01;-0,01;-0,01;-0,02;-0,02;-0,03;-0,03;-0,02;-0,02;-0,05;-0,05;-0,02;-0,02;0,0;0,0
13.07.2026;23:15;23:30;0,0;0,0;-0,01;-0,01;0,0;0,0;-0,06;-0,06;0,0;0,0;-0,02;-0,02;-0,04;-0,04;-0,01;-0,01;-0,01;-0,01;-0,02;-0,02;-0,01;-0,01;-0,01;-0,01;0,0;0,0;-0,01;-0,01;-0,01;-0,01;-0,02;-0,02;-0,01;-0,01;-0,06;-0,06;-0,01;-0,01;-0,03;-0,03;-0,01;-0,01;-0,01;-0,01;-0,01;-0,01;-0,03;-0,03;-0,01;-0,01;-0,04;-0,04;-0,01;-0,01;0,0;0,0
13.07.2026;23:30;23:45;0,0;0,0;0,0;0,0;-0,01;-0,01;-0,1;-0,1;0,0;0,0;-0,01;-0,01;-0,04;-0,04;-0,01;-0,01;-0,02;-0,02;-0,02;-0,02;-0,01;-0,01;-0,01;-0,01;0,0;0,0;-0,02;-0,02;-0,02;-0,02;-0,01;-0,01;-0,01;-0,01;-0,11;-0,11;-0,01;-0,01;-0,02;-0,02;-0,01;-0,01;-0,02;-0,02;-0,01;-0,01;-0,04;-0,04;-0,01;-0,01;-0,03;-0,03;-0,02;-0,02;0,0;0,0
13.07.2026;23:45;00:00;0,0;0,0;0,0;0,0;-0,01;-0,01;-0,06;-0,06;0,0;0,0;-0,01;-0,01;-0,04;-0,04;-0,01;-0,01;-0,02;-0,02;-0,02;-0,02;-0,01;-0,01;-0,01;-0,01;0,0;0,0;-0,01;-0,01;-0,01;-0,01;-0,01;-0,01;-0,01;-0,01;-0,08;-0,08;-0,02;-0,02;-0,03;-0,03;-0,01;-0,01;-0,03;-0,03;-0,02;-0,02;-0,03;-0,03;-0,05;-0,05;-0,01;-0,01;0,0;0,0;0,0;0,0
14.07.2026;00:00;00:15;0,0;0,0;0,0;0,0;-0,02;-0,02;-0,14;-0,14;0,0;0,0;0,0;0,0;-0,03;-0,03;-0,01;-0,01;-0,01;-0,01;-0,02;-0,02;0,0;0,0;0,0;0,0;0,0;0,0;0,0;0,0;-0,01;-0,01;-0,01;-0,01;-0,01;-0,01;-0,33;-0,33;0,0;0,0;-0,02;-0,02;-0,01;-0,01;-0,02;-0,02;0,0;0,0;-0,02;-0,02;-0,01;-0,01;-0,01;-0,01;-0,02;-0,02;0,0;0,0
14.07.2026;00:15;00:30;0,0;0,0;-0,01;-0,01;-0,01;-0,01;-0,13;-0,13;0,0;0,0;-0,02;-0,02;-0,04;-0,04;0,0;0,0;-0,02;-0,02;-0,01;-0,01;-0,01;-0,01;-0,02;-0,02;0,0;0,0;-0,02;-0,02;-0,01;-0,01;-0,01;-0,01;0,0;0,0;-0,23;-0,23;-0,01;-0,01;-0,02;-0,02;-0,01;-0,01;-0,01;-0,01;-0,02;-0,02;-0,03;-0,03;-0,02;-0,02;-0,01;-0,01;-0,01;-0,01;0,0;0,0
14.07.2026;00:30;00:45;0,0;0,0;0,0;0,0;-0,02;-0,02;-0,12;-0,12;0,0;0,0;-0,01;-0,01;-0,04;-0,04;-0,01;-0,01;-0,03;-0,03;-0,02;-0,02;-0,02;-0,02;0,0;0,0;0,0;0,0;-0,01;-0,01;-0,01;-0,01;-0,01;-0,01;0,0;0,0;-0,25;-0,25;-0,02;-0,02;-0,02;-0,02;-0,01;-0,01;-0,01;-0,01;-0,01;-0,01;-0,02;-0,02;-0,01;-0,01;-0,02;-0,02;-0,01;-0,01;0,0;0,0
14.07.2026;00:45;01:00;0,0;0,0;0,0;0,0;-0,01;-0,01;-0,17;-0,17;0,0;0,0;-0,01;-0,01;-0,03;-0,03;-0,01;-0,01;-0,01;-0,01;-0,02;-0,02;-0,01;-0,01;-0,01;-0,01;0,0;0,0;-0,01;-0,01;-0,01;-0,01;-0,01;-0,01;-0,01;-0,01;-0,02;-0,02;0,0;0,0;-0,03;-0,03;-0,01;-0,01;-0,01;-0,01;-0,01;-0,01;-0,01;-0,01;-0,02;-0,02;-0,02;-0,02;-0,02;-0,02;0,0;0,0
14.07.2026;01:00;01:15;0,0;0,0;0,0;0,0;0,0;0,0;-0,18;-0,18;-0,01;-0,01;-0,01;-0,01;-0,04;-0,04;-0,01;-0,01;-0,02;-0,02;-0,01;-0,01;-0,02;-0,02;-0,01;-0,01;-0,01;-0,01;0,0;0,0;-0,01;-0,01;-0,01;-0,01;-0,02;-0,02;-0,03;-0,03;-0,02;-0,02;-0,02;-0,02;-0,01;-0,01;-0,03;-0,03;-0,01;-0,01;-0,01;-0,01;-0,01;-0,01;-0,01;-0,01;-0,01;-0,01;0,0;0,0
14.07.2026;01:15;01:30;0,0;0,0;0,0;0,0;0,0;0,0;-0,13;-0,13;0,0;0,0;-0,01;-0,01;-0,04;-0,04;0,0;0,0;-0,02;-0,02;-0,02;-0,02;-0,01;-0,01;-0,01;-0,01;0,0;0,0;-0,02;-0,02;-0,01;-0,01;-0,01;-0,01;-0,01;-0,01;-0,03;-0,03;-0,01;-0,01;-0,02;-0,02;0,0;0,0;-0,02;-0,02;-0,01;-0,01;-0,02;-0,02;-0,02;-0,02;-0,01;-0,01;-0,01;-0,01;0,0;0,0
14.07.2026;01:30;01:45;0,0;0,0;-0,01;-0,01;-0,02;-0,02;-0,23;-0,23;0,0;0,0;-0,01;-0,01;-0,03;-0,03;-0,01;-0,01;-0,01;-0,01;-0,01;-0,01;-0,01;-0,01;-0,01;-0,01;0,0;0,0;-0,01;-0,01;-0,01;-0,01;-0,01;-0,01;0,0;0,0;-0,03;-0,03;-0,01;-0,01;-0,02;-0,02;-0,01;-0,01;-0,02;-0,02;-0,01;-0,01;-0,02;-0,02;-0,01;-0,01;-0,01;-0,01;-0,02;-0,02;0,0;0,0
14.07.2026;01:45;02:00;0,0;0,0;0,0;0,0;-0,01;-0,01;-0,22;-0,22;0,0;0,0;-0,01;-0,01;-0,04;-0,04;-0,01;-0,01;-0,02;-0,02;-0,02;-0,02;-0,02;-0,02;-0,01;-0,01;0,0;0,0;0,0;0,0;-0,01;-0,01;-0,01;-0,01;0,0;0,0;-0,03;-0,03;-0,01;-0,01;-0,02;-0,02;-0,01;-0,01;-0,02;-0,02;-0,01;-0,01;-0,03;-0,03;-0,02;-0,02;-0,01;-0,01;0,0;0,0;0,0;0,0
14.07.2026;02:00;02:15;0,0;0,0;0,0;0,0;-0,01;-0,01;-0,21;-0,21;0,0;0,0;-0,01;-0,01;-0,03;-0,03;-0,01;-0,01;-0,02;-0,02;-0,02;-0,02;0,0;0,0;-0,01;-0,01;0,0;0,0;-0,02;-0,02;-0,02;-0,02;-0,02;-0,02;-0,01;-0,01;-0,01;-0,01;-0,01;-0,01;-0,02;-0,02;-0,01;-0,01;-0,01;-0,01;-0,01;-0,01;-0,03;-0,03;-0,01;-0,01;-0,01;-0,01;-0,02;-0,02;0,0;0,0
14.07.2026;02:15;02:30;0,0;0,0;0,0;0,0;-0,02;-0,02;-0,11;-0,11;0,0;0,0;-0,02;-0,02;-0,04;-0,04;0,0;0,0;-0,01;-0,01;-0,01;-0,01;0,0;0,0;-0,01;-0,01;0,0;0,0;-0,01;-0,01;-0,01;-0,01;0,0;0,0;-0,01;-0,01;-0,01;-0,01;-0,01;-0,01;-0,02;-0,02;-0,01;-0,01;-0,01;-0,01;-0,01;-0,01;-0,02;-0,02;-0,02;-0,02;-0,02;-0,02;-0,01;-0,01;0,0;0,0
14.07.2026;02:30;02:45;0,0;0,0;-0,01;-0,01;0,0;0,0;-0,05;-0,05;0,0;0,0;0,0;0,0;-0,04;-0,04;-0,01;-0,01;-0,03;-0,03;-0,02;-0,02;0,0;0,0;-0,01;-0,01;0,0;0,0;-0,01;-0,01;-0,01;-0,01;-0,01;-0,01;-0,01;-0,01;-0,02;-0,02;-0,02;-0,02;-0,02;-0,02;-0,01;-0,01;-0,02;-0,02;-0,02;-0,02;-0,01;-0,01;-0,01;-0,01;-0,02;-0,02;-0,01;-0,01;0,0;0,0
14.07.2026;02:45;03:00;0,0;0,0;0,0;0,0;-0,01;-0,01;-0,06;-0,06;0,0;0,0;-0,01;-0,01;-0,03;-0,03;-0,01;-0,01;-0,02;-0,02;-0,02;-0,02;-0,02;-0,02;0,0;0,0;0,0;0,0;0,0;0,0;-0,01;-0,01;-0,01;-0,01;-0,01;-0,01;-0,02;-0,02;0,0;0,0;-0,02;-0,02;-0,01;-0,01;-0,03;-0,03;0,0;0,0;-0,01;-0,01;-0,01;-0,01;-0,01;-0,01;-0,02;-0,02;0,0;0,0
14.07.2026;03:00;03:15;0,0;0,0;0,0;0,0;0,0;0,0;-0,06;-0,06;0,0;0,0;-0,01;-0,01;-0,04;-0,04;-0,01;-0,01;-0,01;-0,01;-0,01;-0,01;-0,02;-0,02;-0,01;-0,01;0,0;0,0;-0,02;-0,02;-0,01;-0,01;-0,01;-0,01;0,0;0,0;-0,01;-0,01;-0,01;-0,01;-0,02;-0,02;-0,01;-0,01;-0,02;-0,02;-0,02;-0,02;0,0;0,0;-0,02;-0,02;0,0;0,0;-0,01;-0,01;0,0;0,0
14.07.2026;03:15;03:30;0,0;0,0;0,0;0,0;-0,02;-0,02;-0,06;-0,06;0,0;0,0;-0,02;-0,02;-0,03;-0,03;-0,01;-0,01;-0,02;-0,02;-0,01;-0,01;-0,01;-0,01;-0,01;-0,01;0,0;0,0;-0,01;-0,01;-0,01;-0,01;-0,01;-0,01;0,0;0,0;-0,01;-0,01;-0,02;-0,02;-0,02;-0,02;-0,01;-0,01;-0,01;-0,01;-0,01;-0,01;-0,01;-0,01;-0,01;-0,01;-0,01;-0,01;-0,01;-0,01;0,0;0,0
14.07.2026;03:30;03:45;0,0;0,0;0,0;0,0;-0,01;-0,01;-0,06;-0,06;0,0;0,0;0,0;0,0;-0,04;-0,04;0,0;0,0;-0,02;-0,02;0,0;0,0;-0,02;-0,02;-0,01;-0,01;0,0;0,0;0,0;0,0;-0,01;-0,01;-0,01;-0,01;-0,02;-0,02;-0,01;-0,01;-0,01;-0,01;-0,02;-0,02;-0,01;-0,01;-0,01;-0,01;-0,01;-0,01;-0,02;-0,02;0,0;0,0;-0,02;-0,02;-0,01;-0,01;0,0;0,0
14.07.2026;03:45;04:00;0,0;0,0;-0,01;-0,01;-0,01;-0,01;-0,06;-0,06;0,0;0,0;-0,01;-0,01;-0,03;-0,03;-0,01;-0,01;-0,01;-0,01;-0,01;-0,01;-0,01;-0,01;-0,01;-0,01;0,0;0,0;-0,02;-0,02;-0,01;-0,01;-0,01;-0,01;-0,01;-0,01;-0,01;-0,01;-0,01;-0,01;-0,03;-0,03;-0,01;-0,01;-0,01;-0,01;-0,01;-0,01;-0,03;-0,03;-0,01;-0,01;0,0;0,0;-0,01;-0,01;0,0;0,0
14.07.2026;04:00;04:15;0,0;0,0;0,0;0,0;-0,01;-0,01;-0,06;-0,06;0,0;0,0;-0,02;-0,02;-0,04;-0,04;-0,01;-0,01;-0,02;-0,02;0,0;0,0;-0,01;-0,01;-0,01;-0,01;0,0;0,0;-0,01;-0,01;-0,01;-0,01;-0,01;-0,01;0,0;0,0;-0,01;-0,01;-0,01;-0,01;-0,02;-0,02;-0,01;-0,01;-0,03;-0,03;-0,01;-0,01;-0,03;-0,03;-0,01;-0,01;-0,02;-0,02;-0,02;-0,02;0,0;0,0
14.07.2026;04:15;04:30;0,0;0,0;0,0;0,0;-0,01;-0,01;-0,06;-0,06;0,0;0,0;-0,01;-0,01;-0,03;-0,03;-0,01;-0,01;-0,02;-0,02;-0,01;-0,01;-0,02;-0,02;-0,01;-0,01;0,0;0,0;0,0;0,0;-0,01;-0,01;-0,01;-0,01;-0,01;-0,01;-0,02;-0,02;-0,01;-0,01;-0,02;-0,02;-0,01;-0,01;-0,02;-0,02;-0,01;-0,01;-0,02;-0,02;-0,01;-0,01;-0,02;-0,02;-0,01;-0,01;0,0;0,0
14.07.2026;04:30;04:45;0,0;0,0;0,0;0,0;0,0;0,0;-0,06;-0,06;0,0;0,0;0,0;0,0;-0,04;-0,04;0,0;0,0;-0,01;-0,01;0,0;0,0;0,0;0,0;-0,01;-0,01;0,0;0,0;-0,01;-0,01;-0,01;-0,01;-0,01;-0,01;0,0;0,0;-0,01;-0,01;-0,01;-0,01;-0,02;-0,02;-0,01;-0,01;-0,02;-0,02;-0,02;-0,02;-0,02;-0,02;-0,01;-0,01;-0,01;-0,01;-0,01;-0,01;0,0;0,0
14.07.2026;04:45;05:00;0,0;0,0;-0,01;-0,01;-0,01;-0,01;-0,06;-0,06;0,0;0,0;-0,02;-0,02;-0,03;-0,03;-0,01;-0,01;-0,03;-0,03;-0,01;-0,01;0,0;0,0;0,0;0,0;0,0;0,0;-0,02;-0,02;-0,02;-0,02;-0,01;-0,01;-0,01;-0,01;-0,03;-0,03;-0,01;-0,01;-0,02;-0,02;-0,01;-0,01;-0,01;-0,01;0,0;0,0;-0,01;-0,01;-0,01;-0,01;-0,01;-0,01;-0,02;-0,02;0,0;0,0
14.07.2026;05:00;05:15;0,0;0,0;0,0;0,0;-0,02;-0,02;-0,06;-0,06;0,0;0,0;-0,01;-0,01;-0,04;-0,04;-0,01;-0,01;-0,01;-0,01;-0,01;-0,01;-0,01;-0,01;-0,02;-0,02;0,0;0,0;-0,01;-0,01;-0,03;-0,03;-0,09;-0,09;-0,01;-0,01;-0,04;-0,04;-0,01;-0,01;-0,02;-0,02;-0,01;-0,01;-0,02;-0,02;-0,02;-0,02;-0,01;-0,01;-0,02;-0,02;-0,01;-0,01;-0,01;-0,01;0,0;0,0
14.07.2026;05:15;05:30;0,0;0,0;0,0;0,0;-0,01;-0,01;-0,11;-0,11;0,0;0,0;-0,01;-0,01;-0,03;-0,03;-0,01;-0,01;-0,02;-0,02;-0,11;-0,11;-0,01;-0,01;0,0;0,0;0,0;0,0;0,0;0,0;-0,02;-0,02;-0,01;-0,01;-0,01;-0,01;-0,03;-0,03;-0,02;-0,02;-0,03;-0,03;-0,01;-0,01;-0,12;-0,12;-0,01;-0,01;0,0;0,0;-0,01;-0,01;-0,01;-0,01;-0,02;-0,02;0,0;0,0
14.07.2026;05:30;05:45;0,0;0,0;0,0;0,0;-0,01;-0,01;-0,11;-0,11;0,0;0,0;0,0;0,0;-0,03;-0,03;-0,01;-0,01;-0,02;-0,02;-0,02;-0,02;-0,02;-0,02;-0,01;-0,01;0,0;0,0;-0,06;-0,06;-0,02;-0,02;-0,02;-0,02;0,0;0,0;-0,02;-0,02;0,0;0,0;-0,03;-0,03;-0,01;-0,01;-0,05;-0,05;-0,03;-0,03;-0,01;-0,01;-0,01;-0,01;-0,01;-0,01;-0,06;-0,06;0,0;0,0
14.07.2026;05:45;06:00;0,06;0,06;-0,01;-0,01;-0,01;-0,01;-0,14;-0,14;0,0;0,0;-0,02;-0,02;-0,04;-0,04;-0,01;-0,01;-0,02;-0,02;-0,01;-0,01;-0,01;-0,01;-0,01;-0,01;0,0;0,0;-0,01;-0,01;-0,01;-0,01;-0,02;-0,02;-0,01;-0,01;-0,01;-0,01;-0,01;-0,01;-0,02;-0,02;-0,01;-0,01;-0,03;-0,03;-0,02;-0,02;-0,01;-0,01;-0,01;-0,01;-0,01;-0,01;-0,01;-0,01;0,0;0,0
14.07.2026;06:00;06:15;0,14;0,11;0,0;0,0;-0,01;-0,01;-0,09;-0,06;-0,01;-0,01;-0,01;-0,01;-0,04;-0,04;0,0;0,0;-0,01;-0,01;-0,05;-0,05;-0,02;-0,02;-0,01;-0,01;-0,01;-0,01;-0,01;-0,01;-0,01;-0,01;-0,01;-0,01;0,0;0,0;-0,02;-0,02;-0,02;-0,02;-0,02;-0,02;-0,01;-0,01;-0,03;-0,03;-0,01;-0,01;-0,03;-0,03;-0,01;-0,01;-0,01;-0,01;-0,02;-0,02;0,0;0,0
14.07.2026;06:15;06:30;0,39;0,11;0,0;0,0;-0,02;-0,01;-0,2;-0,14;0,0;0,0;-0,01;0,0;-0,05;-0,04;-0,01;0,0;-0,02;-0,01;-0,01;0,0;-0,01;0,0;-0,01;0,0;0,0;0,0;-0,02;-0,01;-0,01;0,0;-0,01;0,0;-0,02;-0,01;-0,02;-0,01;-0,03;-0,02;-0,02;-0,01;-0,04;-0,03;-0,01;0,0;-0,02;-0,01;-0,03;-0,02;-0,01;0,0;-0,03;-0,02;-0,01;0,0;0,0;0,0
14.07.2026;06:30;06:45;0,03;0,03;0,0;0,0;-0,01;-0,01;-0,11;-0,11;0,0;0,0;-0,01;-0,01;-0,03;-0,03;-0,01;-0,01;-0,02;-0,02;-0,01;-0,01;-0,01;-0,01;-0,01;-0,01;0,0;0,0;-0,02;-0,02;0,0;0,0;-0,01;-0,01;-0,01;-0,01;-0,02;-0,02;-0,02;-0,02;-0,02;-0,02;-0,05;-0,05;-0,02;-0,02;-0,01;-0,01;-0,02;-0,02;-0,01;-0,01;-0,02;-0,02;-0,01;-0,01;0,0;0,0
14.07.2026;06:45;07:00;0,0;0,0;0,0;0,0;-0,02;-0,02;-0,18;-0,18;0,0;0,0;-0,01;-0,01;-0,04;-0,04;0,0;0,0;-0,01;-0,01;-0,01;-0,01;-0,01;-0,01;-0,01;-0,01;0,0;0,0;-0,01;-0,01;-0,01;-0,01;-0,01;-0,01;0,0;0,0;-0,01;-0,01;-0,03;-0,03;-0,02;-0,02;-0,01;-0,01;-0,01;-0,01;-0,02;-0,02;-0,03;-0,03;-0,01;-0,01;0,0;0,0;-0,02;-0,02;0,0;0,0
14.07.2026;07:00;07:15;0,28;0,2;-0,01;-0,01;-0,13;-0,13;-0,19;-0,11;0,0;0,0;-0,01;-0,01;-0,04;-0,04;-0,01;-0,01;-0,06;-0,06;-0,03;-0,03;-0,01;-0,01;-0,01;-0,01;0,0;0,0;0,0;0,0;-0,02;-0,02;-0,01;-0,01;0,0;0,0;-0,01;-0,01;-0,02;-0,02;-0,02;-0,02;-0,01;-0,01;-0,02;-0,02;-0,01;-0,01;-0,01;-0,01;-0,02;-0,02;-0,01;-0,01;-0,04;-0,04;0,0;0,0
14.07.2026;07:15;07:30;0,59;0,2;0,0;0,0;-0,17;-0,15;-0,19;-0,08;0,0;0,0;0,0;0,0;-0,04;-0,02;-0,01;0,0;-0,03;-0,01;-0,03;-0,01;0,0;0,0;-0,01;0,0;0,0;0,0;-0,02;0,0;-0,01;0,0;-0,01;0,0;-0,01;0,0;0,0;0,0;-0,04;-0,02;-0,02;0,0;-0,01;0,0;-0,03;-0,01;-0,01;0,0;-0,01;0,0;-0,01;0,0;-0,02;0,0;-0,01;0,0;0,0;0,0
14.07.2026;07:30;07:45;0,73;0,29;0,0;0,0;-0,02;0,0;-0,09;0,0;0,0;0,0;-0,02;0,0;-0,04;0,0;-0,01;0,0;-0,03;0,0;-0,04;0,0;-0,01;0,0;-0,01;0,0;0,0;0,0;-0,01;0,0;-0,01;0,0;-0,01;0,0;-0,01;0,0;-0,02;0,0;-0,02;0,0;-0,02;0,0;-0,01;0,0;-0,02;0,0;-0,01;0,0;0,0;0,0;-0,01;0,0;-0,01;0,0;-0,01;0,0;0,0;0,0
14.07.2026;07:45;08:00;0,98;0,52;0,0;0,0;-0,01;0,0;-0,14;0,0;0,0;0,0;-0,01;0,0;-0,03;0,0;0,0;0,0;-0,03;0,0;-0,04;0,0;-0,01;0,0;0,0;0,0;0,0;0,0;-0,01;0,0;0,0;0,0;-0,01;0,0;-0,01;0,0;-0,02;0,0;-0,02;0,0;-0,02;0,0;-0,01;0,0;-0,01;0,0;-0,03;0,0;-0,01;0,0;-0,01;0,0;-0,01;0,0;-0,02;0,0;0,0;0,0
14.07.2026;08:00;08:15;1,26;0,73;-0,01;0,0;-0,01;0,0;-0,13;0,0;0,0;0,0;-0,01;0,0;-0,04;0,0;-0,01;0,0;-0,01;0,0;-0,02;0,0;-0,02;0,0;-0,02;0,0;0,0;0,0;-0,01;0,0;-0,02;0,0;-0,01;0,0;-0,01;0,0;-0,01;0,0;-0,04;0,0;-0,02;0,0;-0,01;0,0;-0,01;0,0;-0,05;0,0;-0,01;0,0;-0,02;0,0;-0,02;0,0;-0,01;0,0;0,0;0,0
14.07.2026;08:15;08:30;0,96;0,51;0,0;0,0;0,0;0,0;-0,11;0,0;0,0;0,0;0,0;0,0;-0,04;0,0;-0,01;0,0;-0,02;0,0;-0,02;0,0;-0,01;0,0;-0,05;0,0;0,0;0,0;-0,01;0,0;0,0;0,0;-0,01;0,0;0,0;0,0;-0,02;0,0;-0,02;0,0;-0,02;0,0;-0,01;0,0;-0,01;0,0;-0,04;0,0;-0,01;0,0;-0,01;0,0;-0,01;0,0;-0,02;0,0;0,0;0,0
14.07.2026;08:30;08:45;1,3;0,73;0,0;0,0;-0,01;0,0;-0,09;0,0;0,0;0,0;-0,02;0,0;-0,04;0,0;-0,01;0,0;-0,02;0,0;-0,01;0,0;-0,02;0,0;-0,13;-0,01;0,0;0,0;-0,01;0,0;-0,02;0,0;0,0;0,0;0,0;0,0;-0,01;0,0;-0,03;0,0;-0,02;0,0;-0,01;0,0;-0,03;0,0;-0,06;0,0;-0,01;0,0;-0,01;0,0;-0,01;0,0;-0,01;0,0;0,0;0,0
14.07.2026;08:45;09:00;2,1;1,62;0,0;0,0;-0,01;0,0;-0,11;0,0;0,0;0,0;-0,01;0,0;-0,03;0,0;-0,01;0,0;-0,01;0,0;-0,02;0,0;-0,01;0,0;-0,02;0,0;0,0;0,0;0,0;0,0;-0,01;0,0;-0,02;0,0;-0,01;0,0;-0,01;0,0;-0,03;0,0;-0,02;0,0;-0,01;0,0;-0,03;0,0;-0,05;0,0;-0,03;0,0;-0,01;0,0;-0,01;0,0;-0,01;0,0;0,0;0,0
14.07.2026;09:00;09:15;1,36;0,81;0,0;0,0;-0,01;0,0;-0,07;0,0;0,0;0,0;-0,01;0,0;-0,04;0,0;-0,05;0,0;-0,02;0,0;-0,01;0,0;-0,01;0,0;-0,02;0,0;0,0;0,0;-0,02;0,0;-0,01;0,0;-0,01;0,0;-0,02;0,0;0,0;0,0;-0,02;0,0;-0,12;0,0;-0,01;0,0;-0,01;0,0;-0,04;0,0;-0,02;0,0;-0,01;0,0;-0,01;0,0;-0,01;0,0;0,0;0,0
14.07.2026;09:15;09:30;1,3;0,79;-0,01;0,0;-0,02;0,0;-0,08;0,0;0,0;0,0;-0,01;0,0;-0,03;0,0;-0,04;0,0;-0,02;0,0;-0,02;0,0;-0,01;0,0;-0,02;0,0;0,0;0,0;-0,01;0,0;-0,01;0,0;0,0;0,0;-0,01;0,0;-0,02;0,0;-0,04;0,0;-0,02;0,0;-0,01;0,0;-0,02;0,0;-0,05;0,0;-0,02;0,0;-0,02;0,0;-0,01;0,0;-0,01;0,0;0,0;0,0
14.07.2026;09:30;09:45;2,6;2,09;0,0;0,0;0,0;0,0;-0,09;0,0;0,0;0,0;-0,02;0,0;-0,04;0,0;-0,02;0,0;-0,02;0,0;-0,02;0,0;0,0;0,0;-0,01;0,0;0,0;0,0;0,0;0,0;-0,01;0,0;-0,02;0,0;0,0;0,0;-0,01;0,0;-0,02;0,0;-0,1;0,0;-0,01;0,0;-0,01;0,0;-0,04;0,0;-0,03;0,0;-0,01;0,0;-0,01;0,0;-0,02;0,0;0,0;0,0
14.07.2026;09:45;10:00;3,28;2,85;0,0;0,0;-0,01;0,0;-0,08;0,0;0,0;0,0;0,0;0,0;-0,04;0,0;-0,02;0,0;-0,01;0,0;-0,01;0,0;0,0;0,0;-0,02;0,0;0,0;0,0;-0,01;0,0;-0,01;0,0;-0,01;0,0;0,0;0,0;-0,02;0,0;-0,02;0,0;-0,05;0,0;-0,01;0,0;-0,01;0,0;-0,04;0,0;-0,02;0,0;-0,01;0,0;-0,02;0,0;-0,01;0,0;0,0;0,0
14.07.2026;10:00;10:15;3,03;2,21;0,0;0,0;0,0;0,0;-0,07;0,0;0,0;0,0;-0,01;0,0;-0,03;0,0;-0,02;0,0;-0,02;0,0;-0,01;0,0;-0,02;0,0;0,0;0,0;0,0;0,0;-0,02;0,0;-0,01;0,0;0,0;0,0;-0,01;0,0;-0,47;-0,05;-0,04;0,0;-0,02;0,0;-0,01;0,0;-0,03;0,0;-0,05;0,0;-0,01;0,0;0,0;0,0;-0,01;0,0;-0,01;0,0;0,0;0,0
14.07.2026;10:15;10:30;3,28;2,52;-0,01;0,0;-0,01;0,0;-0,07;0,0;0,0;0,0;-0,01;0,0;-0,04;0,0;-0,01;0,0;-0,02;0,0;-0,01;0,0;-0,02;0,0;-0,01;0,0;0,0;0,0;-0,01;0,0;-0,01;0,0;-0,02;0,0;-0,01;0,0;-0,33;0,0;-0,02;0,0;-0,04;0,0;-0,01;0,0;-0,02;0,0;-0,04;0,0;-0,01;0,0;-0,01;0,0;-0,01;0,0;-0,01;0,0;0,0;0,0
14.07.2026;10:30;10:45;2,16;1,6;0,0;0,0;-0,02;0,0;-0,08;0,0;0,0;0,0;-0,02;0,0;-0,04;0,0;-0,01;0,0;-0,02;0,0;0,0;0,0;-0,01;0,0;-0,09;0,0;0,0;0,0;0,0;0,0;-0,01;0,0;0,0;0,0;-0,01;0,0;-0,09;0,0;-0,02;0,0;-0,02;0,0;-0,01;0,0;-0,02;0,0;-0,05;0,0;-0,01;0,0;-0,01;0,0;-0,01;0,0;-0,01;0,0;0,0;0,0
14.07.2026;10:45;11:00;0,49;0,23;0,0;0,0;-0,02;-0,01;-0,07;0,0;0,0;0,0;0,0;0,0;-0,03;-0,02;-0,01;0,0;-0,02;-0,01;0,0;0,0;-0,01;0,0;-0,09;-0,08;0,0;0,0;-0,01;0,0;-0,01;0,0;-0,01;0,0;-0,01;0,0;-0,19;-0,18;-0,04;-0,03;-0,02;-0,01;-0,01;0,0;-0,01;0,0;-0,05;-0,04;0,0;0,0;-0,01;0,0;-0,01;0,0;-0,02;-0,01;0,0;0,0
14.07.2026;11:00;11:15;1,99;1,43;0,0;0,0;-0,03;0,0;-0,08;0,0;-0,01;0,0;-0,01;0,0;-0,04;0,0;-0,01;0,0;-0,01;0,0;-0,01;0,0;-0,02;0,0;-0,02;0,0;-0,01;0,0;-0,02;0,0;-0,01;0,0;-0,02;0,0;0,0;0,0;-0,13;0,0;-0,02;0,0;-0,02;0,0;-0,01;0,0;-0,01;0,0;-0,04;0,0;-0,01;0,0;-0,01;0,0;-0,01;0,0;0,0;0,0;0,0;0,0
14.07.2026;11:15;11:30;3,63;3,12;0,0;0,0;0,0;0,0;-0,17;0,0;0,0;0,0;-0,02;0,0;-0,03;0,0;0,0;0,0;-0,02;0,0;0,0;0,0;-0,01;0,0;-0,01;0,0;0,0;0,0;-0,01;0,0;-0,01;0,0;0,0;0,0;-0,01;0,0;-0,04;0,0;-0,03;0,0;-0,02;0,0;-0,01;0,0;-0,02;0,0;-0,05;0,0;-0,01;0,0;-0,01;0,0;-0,01;0,0;-0,02;0,0;0,0;0,0
14.07.2026;11:30;11:45;3,99;3,19;-0,01;0,0;-0,01;0,0;-0,13;0,0;0,0;0,0;-0,01;0,0;-0,04;0,0;-0,01;0,0;-0,02;0,0;-0,02;0,0;-0,02;0,0;-0,06;0,0;0,0;0,0;0,0;0,0;-0,01;0,0;-0,01;0,0;0,0;0,0;-0,26;0,0;-0,03;0,0;-0,02;0,0;-0,01;0,0;-0,03;0,0;-0,05;0,0;-0,02;0,0;-0,01;0,0;-0,01;0,0;-0,01;0,0;0,0;0,0
14.07.2026;11:45;12:00;3,57;2,69;0,0;0,0;-0,05;0,0;-0,13;0,0;0,0;0,0;0,0;0,0;-0,03;0,0;-0,02;0,0;-0,01;0,0;-0,02;0,0;0,0;0,0;-0,06;0,0;0,0;0,0;-0,02;0,0;-0,01;0,0;-0,01;0,0;-0,02;0,0;-0,32;0,0;-0,02;0,0;-0,02;0,0;-0,01;0,0;-0,02;0,0;-0,04;0,0;-0,03;0,0;-0,01;0,0;-0,02;0,0;-0,01;0,0;0,0;0,0
14.07.2026;12:00;12:15;3,0;1,82;0,0;0,0;-0,18;0,0;-0,19;0,0;0,0;0,0;-0,01;0,0;-0,04;0,0;0,0;0,0;-0,02;0,0;-0,02;0,0;0,0;0,0;-0,17;0,0;0,0;0,0;-0,01;0,0;-0,01;0,0;-0,01;0,0;-0,01;0,0;-0,33;0,0;-0,04;0,0;-0,02;0,0;-0,01;0,0;-0,01;0,0;-0,05;0,0;-0,02;0,0;-0,01;0,0;-0,01;0,0;-0,01;0,0;0,0;0,0
14.07.2026;12:15;12:30;4,24;3,16;0,0;0,0;-0,01;0,0;-0,16;0,0;0,0;0,0;-0,02;0,0;-0,04;0,0;-0,01;0,0;-0,02;0,0;-0,01;0,0;0,0;0,0;-0,08;0,0;0,0;0,0;0,0;0,0;-0,01;0,0;-0,01;0,0;-0,01;0,0;-0,21;0,0;-0,02;0,0;-0,03;0,0;-0,01;0,0;-0,02;0,0;-0,04;0,0;-0,02;0,0;-0,05;0,0;-0,01;0,0;-0,29;0,0;0,0;0,0
14.07.2026;12:30;12:45;4,29;3,25;-0,01;0,0;-0,01;0,0;-0,13;0,0;0,0;0,0;-0,01;0,0;-0,03;0,0;-0,01;0,0;-0,02;0,0;-0,02;0,0;-0,02;0,0;-0,08;0,0;0,0;0,0;-0,01;0,0;-0,01;0,0;-0,01;0,0;0,0;0,0;-0,25;0,0;-0,02;0,0;-0,02;0,0;-0,01;0,0;-0,01;0,0;-0,11;0,0;-0,03;0,0;-0,02;0,0;-0,01;0,0;-0,19;0,0;0,0;0,0
14.07.2026;12:45;13:00;4,14;3,12;0,0;0,0;-0,02;0,0;-0,18;0,0;0,0;0,0;0,0;0,0;-0,04;0,0;-0,01;0,0;-0,02;0,0;-0,01;0,0;-0,02;0,0;-0,09;0,0;0,0;0,0;-0,02;0,0;-0,01;0,0;-0,01;0,0;0,0;0,0;-0,39;0,0;-0,04;0,0;-0,02;0,0;-0,01;0,0;-0,02;0,0;-0,04;0,0;-0,02;0,0;-0,01;0,0;-0,01;0,0;-0,03;0,0;0,0;0,0
14.07.2026;13:00;13:15;3,77;3,09;0,0;0,0;-0,02;0,0;-0,1;0,0;0,0;0,0;-0,02;0,0;-0,03;0,0;0,0;0,0;-0,02;0,0;0,0;0,0;-0,01;0,0;-0,02;0,0;0,0;0,0;-0,01;0,0;-0,02;0,0;-0,01;0,0;-0,01;0,0;-0,19;0,0;-0,02;0,0;-0,02;0,0;-0,01;0,0;-0,06;0,0;-0,04;0,0;-0,01;0,0;-0,01;0,0;-0,01;0,0;-0,04;0,0;0,0;0,0
14.07.2026;13:15;13:30;2,52;1,68;0,0;0,0;-0,01;0,0;-0,14;0,0;0,0;0,0;-0,01;0,0;-0,04;0,0;-0,02;0,0;-0,01;0,0;0,0;0,0;-0,02;0,0;-0,09;0,0;0,0;0,0;0,0;0,0;-0,01;0,0;-0,01;0,0;-0,01;0,0;-0,22;0,0;-0,03;0,0;-0,02;0,0;-0,01;0,0;-0,03;0,0;-0,05;0,0;-0,01;0,0;-0,01;0,0;-0,01;0,0;-0,08;0,0;0,0;0,0
14.07.2026;13:30;13:45;0,95;0,36;0,0;0,0;0,0;0,0;-0,15;0,0;0,0;0,0;-0,01;0,0;-0,03;0,0;0,0;0,0;-0,01;0,0;-0,01;0,0;-0,01;0,0;-0,03;0,0;0,0;0,0;-0,02;0,0;-0,01;0,0;-0,01;0,0;-0,01;0,0;-0,22;-0,15;-0,04;0,0;-0,02;0,0;-0,01;0,0;-0,01;0,0;-0,04;0,0;0,0;0,0;-0,01;0,0;-0,02;0,0;-0,32;-0,25;0,0;0,0
14.07.2026;13:45;14:00;1,37;0,65;-0,01;0,0;-0,01;0,0;-0,14;0,0;0,0;0,0;-0,01;0,0;-0,05;0,0;-0,01;0,0;-0,02;0,0;0,0;0,0;-0,01;0,0;0,0;0,0;0,0;0,0;-0,01;0,0;-0,01;0,0;-0,01;0,0;-0,01;0,0;-0,25;-0,12;-0,02;0,0;-0,02;0,0;-0,01;0,0;-0,02;0,0;-0,05;0,0;-0,01;0,0;-0,01;0,0;-0,02;0,0;-0,38;-0,25;0,0;0,0
14.07.2026;14:00;14:15;1,99;1,37;0,0;0,0;-0,01;0,0;-0,13;0,0;0,0;0,0;-0,01;0,0;-0,05;0,0;-0,01;0,0;-0,01;0,0;-0,01;0,0;-0,02;0,0;-0,02;0,0;0,0;0,0;0,0;0,0;-0,01;0,0;0,0;0,0;0,0;0,0;-0,04;0,0;-0,04;0,0;-0,02;0,0;-0,01;0,0;-0,01;0,0;-0,04;0,0;-0,01;0,0;-0,02;0,0;-0,01;0,0;-0,14;0,0;0,0;0,0
14.07.2026;14:15;14:30;2,33;1,64;0,0;0,0;-0,04;0,0;-0,1;0,0;0,0;0,0;-0,02;0,0;-0,03;0,0;-0,01;0,0;-0,02;0,0;-0,02;0,0;0,0;0,0;-0,01;0,0;0,0;0,0;-0,01;0,0;-0,01;0,0;-0,01;0,0;-0,01;0,0;-0,1;0,0;-0,03;0,0;-0,02;0,0;-0,01;0,0;-0,02;0,0;-0,04;0,0;0,0;0,0;-0,01;0,0;-0,03;0,0;-0,14;0,0;0,0;0,0
14.07.2026;14:30;14:45;1,39;0,72;0,0;0,0;-0,02;0,0;-0,07;0,0;0,0;0,0;0,0;0,0;-0,04;0,0;0,0;0,0;-0,02;0,0;-0,02;0,0;0,0;0,0;-0,01;0,0;0,0;0,0;-0,02;0,0;-0,01;0,0;-0,01;0,0;-0,01;0,0;-0,3;-0,17;-0,02;0,0;-0,02;0,0;-0,01;0,0;-0,03;0,0;-0,05;0,0;-0,03;0,0;-0,01;0,0;-0,01;0,0;-0,14;-0,01;0,0;0,0
14.07.2026;14:45;15:00;0,42;0,13;-0,01;0,0;-0,01;0,0;-0,11;-0,04;0,0;0,0;-0,01;0,0;-0,04;-0,03;-0,01;0,0;-0,02;-0,01;-0,02;-0,01;-0,01;0,0;-0,01;0,0;0,0;0,0;0,0;0,0;-0,01;0,0;-0,02;-0,01;-0,01;0,0;-0,08;-0,07;-0,04;-0,03;-0,03;-0,02;-0,01;0,0;-0,02;-0,01;-0,04;-0,03;-0,03;-0,02;-0,01;0,0;-0,1;-0,09;-0,09;-0,08;0,0;0,0
14.07.2026;15:00;15:15;2,2;1,16;0,0;0,0;-0,02;0,0;-0,21;0,0;0,0;0,0;-0,01;0,0;-0,04;0,0;-0,01;0,0;-0,05;0,0;-0,01;0,0;-0,01;0,0;-0,06;0,0;0,0;0,0;-0,01;0,0;-0,01;0,0;-0,01;0,0;-0,01;0,0;-0,06;0,0;-0,03;0,0;-0,02;0,0;-0,01;0,0;-0,01;0,0;-0,05;0,0;-0,07;0,0;-0,01;0,0;-0,27;-0,04;-0,09;0,0;0,0;0,0
14.07.2026;15:15;15:30;1,58;0,71;0,0;0,0;-0,02;0,0;-0,17;0,0;0,0;0,0;-0,02;0,0;-0,03;0,0;-0,01;0,0;-0,07;0,0;-0,02;0,0;-0,02;0,0;-0,03;0,0;0,0;0,0;-0,01;0,0;-0,01;0,0;-0,01;0,0;0,0;0,0;-0,05;0,0;-0,03;0,0;-0,02;0,0;-0,01;0,0;-0,01;0,0;-0,04;0,0;-0,02;0,0;-0,02;0,0;-0,11;0,0;-0,52;-0,38;0,0;0,0
14.07.2026;15:30;15:45;2,34;1,44;0,0;0,0;-0,01;0,0;-0,1;0,0;0,0;0,0;0,0;0,0;-0,04;0,0;-0,01;0,0;-0,02;0,0;0,0;0,0;-0,01;0,0;-0,01;0,0;0,0;0,0;-0,02;0,0;-0,01;0,0;-0,01;0,0;-0,01;0,0;-0,04;0,0;-0,04;0,0;-0,37;-0,08;-0,01;0,0;-0,02;0,0;-0,05;0,0;-0,02;0,0;-0,01;0,0;-0,01;0,0;-0,16;0,0;0,0;0,0
14.07.2026;15:45;16:00;1,2;0,58;-0,01;0,0;0,0;0,0;-0,07;0,0;0,0;0,0;-0,01;0,0;-0,04;0,0;-0,01;0,0;-0,03;0,0;-0,01;0,0;-0,02;0,0;-0,01;0,0;0,0;0,0;0,0;0,0;-0,01;0,0;-0,01;0,0;0,0;0,0;-0,04;0,0;-0,02;0,0;-0,21;-0,09;0,0;0,0;-0,02;0,0;-0,04;0,0;-0,01;0,0;-0,01;0,0;-0,01;0,0;-0,15;-0,03;0,0;0,0
14.07.2026;16:00;16:15;1,8;0,96;0,0;0,0;-0,02;0,0;-0,2;0,0;-0,01;0,0;-0,02;0,0;-0,04;0,0;0,0;0,0;-0,03;0,0;0,0;0,0;-0,01;0,0;-0,01;0,0;-0,01;0,0;0,0;0,0;-0,01;0,0;0,0;0,0;-0,02;0,0;-0,04;0,0;-0,04;0,0;-0,36;-0,18;-0,03;0,0;-0,03;0,0;-0,04;0,0;0,0;0,0;-0,01;0,0;-0,02;0,0;-0,07;0,0;0,0;0,0
14.07.2026;16:15;16:30;0,53;0,2;0,0;0,0;-0,01;0,0;-0,24;-0,13;0,0;0,0;-0,01;0,0;-0,03;-0,02;-0,01;0,0;-0,02;-0,01;-0,01;0,0;-0,02;-0,01;-0,08;-0,07;0,0;0,0;-0,02;-0,01;-0,04;-0,03;-0,02;-0,01;-0,01;0,0;-0,06;-0,05;-0,03;-0,02;-0,19;-0,18;-0,2;-0,19;-0,01;0,0;-0,04;-0,03;-0,01;0,0;-0,02;-0,01;-0,01;0,0;-0,09;-0,08;0,0;0,0
14.07.2026;16:30;16:45;1,12;0,29;0,0;0,0;-0,02;0,0;-0,24;0,0;0,0;0,0;0,0;0,0;-0,04;0,0;-0,01;0,0;-0,02;0,0;0,0;0,0;-0,01;0,0;-0,03;0,0;0,0;0,0;-0,01;0,0;-0,04;0,0;-0,01;0,0;0,0;0,0;-0,03;0,0;-0,03;0,0;-0,12;-0,04;-0,17;-0,09;-0,01;0,0;-0,04;0,0;-0,03;0,0;0,0;0,0;-0,02;0,0;-0,58;-0,5;0,0;0,0
14.07.2026;16:45;17:00;0,72;0,19;0,0;0,0;-0,01;0,0;-0,24;-0,13;0,0;0,0;-0,02;0,0;-0,04;-0,01;-0,01;0,0;-0,02;0,0;-0,01;0,0;0,0;0,0;-0,09;-0,06;0,0;0,0;-0,01;0,0;-0,17;-0,14;-0,01;0,0;-0,01;0,0;-0,02;0,0;-0,04;-0,01;-0,12;-0,09;-0,16;-0,13;-0,01;0,0;-0,05;-0,02;-0,04;-0,01;-0,01;0,0;-0,01;0,0;-0,57;-0,54;0,0;0,0
14.07.2026;17:00;17:15;0,23;0,17;-0,01;-0,01;-0,39;-0,39;-0,24;-0,18;0,0;0,0;-0,01;-0,01;-0,03;-0,03;0,0;0,0;-0,01;-0,01;-0,02;-0,02;-0,01;-0,01;-0,09;-0,09;0,0;0,0;0,0;0,0;-0,2;-0,2;-0,03;-0,03;0,0;0,0;-0,02;-0,02;-0,02;-0,02;-0,09;-0,09;-0,11;-0,11;-0,03;-0,03;-0,04;-0,04;-0,05;-0,05;0,0;0,0;-0,01;-0,01;-0,16;-0,16;0,0;0,0
14.07.2026;17:15;17:30;0,08;0,08;0,0;0,0;-0,24;-0,24;-0,19;-0,19;0,0;0,0;-0,01;-0,01;-0,04;-0,04;-0,02;-0,02;-0,01;-0,01;-0,02;-0,02;0,0;0,0;-0,08;-0,08;0,0;0,0;-0,02;-0,02;-0,03;-0,03;-0,03;-0,03;-0,01;-0,01;-0,01;-0,01;-0,03;-0,03;-0,02;-0,02;-0,05;-0,05;-0,03;-0,03;-0,1;-0,1;-0,04;-0,04;0,0;0,0;0,0;0,0;-0,16;-0,16;0,0;0,0
14.07.2026;17:30;17:45;0,16;0,11;0,0;0,0;-0,41;-0,41;-0,08;-0,03;0,0;0,0;0,0;0,0;-0,04;-0,04;0,0;0,0;-0,03;-0,03;-0,01;-0,01;-0,02;-0,02;-0,05;-0,05;0,0;0,0;-0,01;-0,01;-0,04;-0,04;-0,04;-0,04;-0,01;-0,01;0,0;0,0;-0,04;-0,04;-0,02;-0,02;-0,06;-0,06;-0,02;-0,02;-0,04;-0,04;-0,03;-0,03;0,0;0,0;-0,02;-0,02;-0,18;-0,18;0,0;0,0
14.07.2026;17:45;18:00;0,28;0,2;0,0;0,0;-0,24;-0,24;-0,11;-0,03;0,0;0,0;-0,02;-0,02;-0,03;-0,03;-0,01;-0,01;-0,03;-0,03;-0,02;-0,02;-0,01;-0,01;-0,05;-0,05;0,0;0,0;0,0;0,0;-0,04;-0,04;-0,02;-0,02;-0,01;-0,01;-0,01;-0,01;-0,03;-0,03;-0,02;-0,02;-0,06;-0,06;-0,01;-0,01;-0,04;-0,04;-0,03;-0,03;-0,02;-0,02;-0,02;-0,02;-0,15;-0,15;0,0;0,0
14.07.2026;18:00;18:15;0,46;0,15;-0,01;0,0;-0,15;-0,14;-0,09;-0,01;0,0;0,0;-0,01;0,0;-0,04;-0,03;-0,01;0,0;-0,02;-0,01;-0,02;-0,01;-0,02;-0,01;-0,1;-0,09;0,0;0,0;-0,02;-0,01;-0,04;-0,03;-0,03;-0,02;-0,01;0,0;-0,02;-0,01;-0,03;-0,02;-0,02;-0,01;-0,06;-0,05;-0,01;0,0;-0,04;-0,03;-0,02;-0,01;-0,02;-0,01;-0,01;0,0;-0,17;-0,16;0,0;0,0
14.07.2026;18:15;18:30;0,33;0,11;0,0;0,0;-0,04;-0,03;-0,09;-0,07;0,0;0,0;-0,01;0,0;-0,04;-0,03;-0,01;0,0;-0,02;-0,01;0,0;0,0;-0,01;0,0;-0,02;-0,01;0,0;0,0;-0,15;-0,14;-0,03;-0,02;-0,03;-0,02;0,0;0,0;-0,02;-0,01;-0,03;-0,02;-0,02;-0,01;-0,06;-0,05;-0,01;0,0;-0,04;-0,03;-0,09;-0,08;-0,02;-0,01;-0,01;0,0;-0,19;-0,18;0,0;0,0
14.07.2026;18:30;18:45;0,02;0,02;0,0;0,0;-0,3;-0,3;-0,09;-0,09;0,0;0,0;-0,01;-0,01;-0,03;-0,03;0,0;0,0;-0,02;-0,02;-0,01;-0,01;-0,02;-0,02;-0,03;-0,03;0,0;0,0;-0,42;-0,42;-0,04;-0,04;-0,02;-0,02;-0,01;-0,01;-0,01;-0,01;-0,02;-0,02;-0,02;-0,02;-0,04;-0,04;-0,03;-0,03;-0,05;-0,05;-0,03;-0,03;-0,02;-0,02;-0,01;-0,01;-0,17;-0,17;0,0;0,0
14.07.2026;18:45;19:00;0,0;0,0;0,0;0,0;-0,03;-0,03;-0,08;-0,08;0,0;0,0;-0,01;-0,01;-0,04;-0,04;-0,01;-0,01;-0,01;-0,01;0,0;0,0;-0,01;-0,01;-0,02;-0,02;0,0;0,0;-0,51;-0,51;-0,18;-0,18;-0,03;-0,03;-0,01;-0,01;-0,02;-0,02;-0,04;-0,04;-0,02;-0,02;-0,04;-0,04;-0,03;-0,03;-0,04;-0,04;-0,04;-0,04;-0,01;-0,01;-0,01;-0,01;-0,17;-0,17;0,0;0,0
14.07.2026;19:00;19:15;0,06;0,06;0,0;0,0;-0,06;-0,06;-0,08;-0,08;0,0;0,0;-0,01;-0,01;-0,03;-0,03;-0,01;-0,01;-0,02;-0,02;0,0;0,0;-0,01;-0,01;-0,02;-0,02;0,0;0,0;-0,03;-0,03;-0,04;-0,04;-0,03;-0,03;-0,01;-0,01;0,0;0,0;-0,02;-0,02;-0,02;-0,02;-0,03;-0,03;-0,01;-0,01;-0,04;-0,04;-0,02;-0,02;-0,02;-0,02;-0,01;-0,01;-0,17;-0,17;0,0;0,0
14.07.2026;19:15;19:30;0,27;0,19;-0,01;-0,01;-0,15;-0,15;-0,11;-0,03;0,0;0,0;-0,01;-0,01;-0,04;-0,04;0,0;0,0;-0,02;-0,02;-0,01;-0,01;0,0;0,0;-0,03;-0,03;0,0;0,0;-0,06;-0,06;-0,03;-0,03;-0,03;-0,03;-0,01;-0,01;-0,01;-0,01;-0,03;-0,03;-0,03;-0,03;-0,03;-0,03;-0,01;-0,01;-0,05;-0,05;-0,29;-0,29;-0,02;-0,02;-0,01;-0,01;-0,08;-0,08;0,0;0,0
14.07.2026;19:30;19:45;0,11;0,11;0,0;0,0;-0,09;-0,09;-0,19;-0,19;0,0;0,0;-0,01;-0,01;-0,03;-0,03;-0,01;-0,01;-0,02;-0,02;-0,01;-0,01;0,0;0,0;-0,06;-0,06;0,0;0,0;-0,03;-0,03;-0,04;-0,04;-0,04;-0,04;0,0;0,0;-0,06;-0,06;-0,03;-0,03;-0,03;-0,03;-0,03;-0,03;-0,01;-0,01;-0,05;-0,05;-0,18;-0,18;-0,02;-0,02;-0,02;-0,02;-0,17;-0,17;0,0;0,0
14.07.2026;19:45;20:00;0,03;0,03;0,0;0,0;-0,03;-0,03;-0,1;-0,1;0,0;0,0;-0,02;-0,02;-0,04;-0,04;-0,02;-0,02;-0,01;-0,01;-0,02;-0,02;-0,01;-0,01;-0,02;-0,02;0,0;0,0;-0,02;-0,02;-0,02;-0,02;-0,06;-0,06;0,0;0,0;-0,15;-0,15;-0,02;-0,02;-0,02;-0,02;-0,02;-0,02;-0,02;-0,02;-0,04;-0,04;-0,03;-0,03;-0,01;-0,01;-0,02;-0,02;-0,06;-0,06;0,0;0,0
14.07.2026;20:00;20:15;0,01;0,01;0,0;0,0;-0,04;-0,04;-0,12;-0,12;0,0;0,0;0,0;0,0;-0,04;-0,04;0,0;0,0;-0,02;-0,02;-0,01;-0,01;-0,02;-0,02;-0,02;-0,02;0,0;0,0;-0,02;-0,02;-0,03;-0,03;-0,07;-0,07;-0,01;-0,01;-0,13;-0,13;-0,04;-0,04;-0,03;-0,03;-0,03;-0,03;-0,03;-0,03;-0,04;-0,04;-0,04;-0,04;-0,02;-0,02;-0,02;-0,02;-0,05;-0,05;0,0;0,0
14.07.2026;20:15;20:30;0,01;0,01;-0,01;-0,01;-0,07;-0,07;-0,08;-0,08;0,0;0,0;-0,01;-0,01;-0,03;-0,03;-0,01;-0,01;-0,02;-0,02;-0,02;-0,02;-0,02;-0,02;-0,02;-0,02;0,0;0,0;-0,03;-0,03;-0,03;-0,03;-0,05;-0,05;-0,01;-0,01;-0,06;-0,06;-0,02;-0,02;-0,02;-0,02;-0,03;-0,03;-0,02;-0,02;-0,06;-0,06;-0,03;-0,03;-0,02;-0,02;-0,21;-0,21;-0,05;-0,05;0,0;0,0
14.07.2026;20:30;20:45;0,01;0,01;0,0;0,0;-0,04;-0,04;-0,1;-0,1;0,0;0,0;-0,01;-0,01;-0,04;-0,04;-0,01;-0,01;-0,04;-0,04;-0,02;-0,02;-0,01;-0,01;-0,07;-0,07;0,0;0,0;-0,02;-0,02;-0,04;-0,04;-0,07;-0,07;-0,01;-0,01;-0,05;-0,05;-0,03;-0,03;-0,03;-0,03;-0,02;-0,02;-0,02;-0,02;-0,05;-0,05;-0,01;-0,01;-0,01;-0,01;-0,23;-0,23;-0,05;-0,05;0,0;0,0
14.07.2026;20:45;21:00;0,0;0,0;0,0;0,0;-0,04;-0,04;-0,1;-0,1;0,0;0,0;-0,02;-0,02;-0,03;-0,03;0,0;0,0;-0,18;-0,18;-0,03;-0,03;-0,02;-0,02;-0,08;-0,08;0,0;0,0;-0,02;-0,02;-0,06;-0,06;-0,03;-0,03;-0,01;-0,01;-0,08;-0,08;-0,03;-0,03;-0,03;-0,03;-0,03;-0,03;-0,01;-0,01;-0,05;-0,05;-0,02;-0,02;-0,02;-0,02;-0,19;-0,19;-0,05;-0,05;0,0;0,0
14.07.2026;21:00;21:15;0,0;0,0;0,0;0,0;-0,05;-0,05;-0,19;-0,19;-0,01;-0,01;0,0;0,0;-0,04;-0,04;-0,01;-0,01;-0,08;-0,08;-0,02;-0,02;-0,01;-0,01;-0,07;-0,07;-0,01;-0,01;-0,02;-0,02;-0,05;-0,05;-0,03;-0,03;0,0;0,0;-0,08;-0,08;-0,03;-0,03;-0,05;-0,05;-0,03;-0,03;-0,01;-0,01;-0,04;-0,04;-0,06;-0,06;0,0;0,0;-0,03;-0,03;-0,05;-0,05;0,0;0,0
14.07.2026;21:15;21:30;0,0;0,0;0,0;0,0;-0,04;-0,04;-0,12;-0,12;0,0;0,0;-0,01;-0,01;-0,03;-0,03;-0,01;-0,01;-0,08;-0,08;-0,02;-0,02;-0,01;-0,01;-0,07;-0,07;0,0;0,0;-0,01;-0,01;-0,1;-0,1;-0,04;-0,04;-0,01;-0,01;-0,08;-0,08;-0,03;-0,03;-0,04;-0,04;-0,03;-0,03;-0,02;-0,02;-0,05;-0,05;-0,02;-0,02;0,0;0,0;-0,03;-0,03;-0,05;-0,05;0,0;0,0
14.07.2026;21:30;21:45;0,0;0,0;-0,01;-0,01;-0,04;-0,04;-0,14;-0,14;0,0;0,0;-0,02;-0,02;-0,04;-0,04;-0,01;-0,01;-0,1;-0,1;0,0;0,0;-0,01;-0,01;-0,03;-0,03;0,0;0,0;-0,03;-0,03;-0,06;-0,06;-0,03;-0,03;-0,01;-0,01;-0,07;-0,07;-0,02;-0,02;-0,04;-0,04;-0,03;-0,03;-0,04;-0,04;-0,04;-0,04;-0,03;-0,03;-0,01;-0,01;-0,03;-0,03;-0,03;-0,03;0,0;0,0
14.07.2026;21:45;22:00;0,0;0,0;0,0;0,0;-0,04;-0,04;-0,09;-0,09;0,0;0,0;-0,01;-0,01;-0,03;-0,03;0,0;0,0;-0,16;-0,16;0,0;0,0;0,0;0,0;-0,01;-0,01;0,0;0,0;-0,02;-0,02;-0,05;-0,05;-0,03;-0,03;-0,01;-0,01;-0,12;-0,12;-0,01;-0,01;-0,04;-0,04;-0,01;-0,01;-0,03;-0,03;-0,05;-0,05;-0,02;-0,02;-0,01;-0,01;-0,03;-0,03;-0,04;-0,04;0,0;0,0
14.07.2026;22:00;22:15;0,0;0,0;0,0;0,0;-0,02;-0,02;-0,08;-0,08;0,0;0,0;0,0;0,0;-0,05;-0,05;-0,01;-0,01;-0,25;-0,25;-0,01;-0,01;0,0;0,0;-0,03;-0,03;0,0;0,0;-0,06;-0,06;-0,05;-0,05;-0,02;-0,02;-0,01;-0,01;-0,13;-0,13;-0,02;-0,02;-0,04;-0,04;-0,02;-0,02;-0,01;-0,01;-0,05;-0,05;-0,02;-0,02;-0,01;-0,01;-0,02;-0,02;-0,03;-0,03;0,0;0,0
14.07.2026;22:15;22:30;0,0;0,0;0,0;0,0;-0,01;-0,01;-0,07;-0,07;0,0;0,0;-0,01;-0,01;-0,04;-0,04;-0,01;-0,01;-0,3;-0,3;-0,09;-0,09;-0,02;-0,02;-0,02;-0,02;0,0;0,0;-0,03;-0,03;-0,05;-0,05;-0,01;-0,01;0,0;0,0;-0,08;-0,08;0,0;0,0;-0,09;-0,09;-0,01;-0,01;-0,01;-0,01;-0,04;-0,04;-0,02;-0,02;-0,01;-0,01;-0,05;-0,05;-0,04;-0,04;0,0;0,0
14.07.2026;22:30;22:45;0,0;0,0;-0,01;-0,01;0,0;0,0;-0,08;-0,08;0,0;0,0;-0,02;-0,02;-0,04;-0,04;-0,01;-0,01;-0,04;-0,04;-0,02;-0,02;-0,01;-0,01;-0,01;-0,01;0,0;0,0;-0,02;-0,02;-0,04;-0,04;-0,01;-0,01;0,0;0,0;-0,07;-0,07;-0,01;-0,01;-0,04;-0,04;-0,01;-0,01;-0,01;-0,01;-0,05;-0,05;-0,02;-0,02;-0,02;-0,02;-0,04;-0,04;-0,03;-0,03;0,0;0,0
14.07.2026;22:45;23:00;0,0;0,0;0,0;0,0;0,0;0,0;-0,08;-0,08;0,0;0,0;-0,01;-0,01;-0,04;-0,04;-0,01;-0,01;-0,04;-0,04;-0,02;-0,02;-0,02;-0,02;-0,02;-0,02;0,0;0,0;-0,03;-0,03;-0,05;-0,05;-0,01;-0,01;-0,01;-0,01;-0,05;-0,05;-0,02;-0,02;-0,02;-0,02;-0,01;-0,01;-0,02;-0,02;-0,02;-0,02;-0,03;-0,03;-0,01;-0,01;-0,04;-0,04;-0,04;-0,04;0,0;0,0
14.07.2026;23:00;23:15;0,0;0,0;0,0;0,0;-0,02;-0,02;-0,07;-0,07;0,0;0,0;0,0;0,0;-0,04;-0,04;-0,01;-0,01;-0,02;-0,02;-0,02;-0,02;-0,01;-0,01;-0,02;-0,02;0,0;0,0;-0,03;-0,03;-0,01;-0,01;-0,01;-0,01;-0,02;-0,02;-0,06;-0,06;0,0;0,0;-0,03;-0,03;-0,01;-0,01;-0,03;-0,03;-0,01;-0,01;-0,03;-0,03;-0,01;-0,01;-0,02;-0,02;-0,04;-0,04;0,0;0,0
14.07.2026;23:15;23:30;0,0;0,0;0,0;0,0;-0,01;-0,01;-0,07;-0,07;0,0;0,0;-0,02;-0,02;-0,04;-0,04;0,0;0,0;-0,42;-0,42;-0,02;-0,02;-0,02;-0,02;0,0;0,0;0,0;0,0;-0,01;-0,01;-0,01;-0,01;-0,01;-0,01;-0,01;-0,01;-0,05;-0,05;-0,02;-0,02;-0,03;-0,03;-0,01;-0,01;-0,02;-0,02;-0,01;-0,01;0,0;0,0;-0,01;-0,01;-0,02;-0,02;-0,02;-0,02;0,0;0,0
14.07.2026;23:30;23:45;0,0;0,0;0,0;0,0;-0,01;-0,01;-0,08;-0,08;0,0;0,0;-0,01;-0,01;-0,03;-0,03;-0,01;-0,01;-0,03;-0,03;-0,02;-0,02;-0,01;-0,01;-0,02;-0,02;0,0;0,0;0,0;0,0;-0,01;-0,01;-0,01;-0,01;0,0;0,0;-0,05;-0,05;-0,01;-0,01;-0,02;-0,02;-0,02;-0,02;-0,01;-0,01;-0,01;-0,01;-0,01;-0,01;-0,01;-0,01;-0,01;-0,01;-0,02;-0,02;0,0;0,0
14.07.2026;23:45;00:00;0,0;0,0;-0,01;-0,01;-0,02;-0,02;-0,08;-0,08;0,0;0,0;-0,01;-0,01;-0,04;-0,04;-0,01;-0,01;-0,01;-0,01;-0,01;-0,01;-0,01;-0,01;-0,01;-0,01;0,0;0,0;-0,02;-0,02;-0,01;-0,01;-0,02;-0,02;0,0;0,0;-0,06;-0,06;-0,01;-0,01;-0,03;-0,03;0,0;0,0;-0,01;-0,01;-0,01;-0,01;-0,01;-0,01;-0,07;-0,07;-0,01;-0,01;-0,01;-0,01;0,0;0,0
15.07.2026;00:00;00:15;0,0;0,0;0,0;0,0;-0,01;-0,01;-0,07;-0,07;0,0;0,0;0,0;0,0;-0,04;-0,04;-0,01;-0,01;-0,03;-0,03;0,0;0,0;-0,01;-0,01;0,0;0,0;0,0;0,0;-0,01;-0,01;-0,01;-0,01;-0,01;-0,01;-0,01;-0,01;-0,05;-0,05;-0,02;-0,02;-0,02;-0,02;-0,02;-0,02;-0,01;-0,01;-0,01;-0,01;-0,02;-0,02;-0,01;-0,01;-0,01;-0,01;-0,01;-0,01;0,0;0,0
15.07.2026;00:15;00:30;0,0;0,0;0,0;0,0;-0,02;-0,02;-0,06;-0,06;0,0;0,0;-0,02;-0,02;-0,03;-0,03;0,0;0,0;-0,03;-0,03;-0,01;-0,01;0,0;0,0;-0,02;-0,02;0,0;0,0;-0,01;-0,01;-0,01;-0,01;-0,01;-0,01;-0,01;-0,01;-0,04;-0,04;0,0;0,0;-0,03;-0,03;-0,01;-0,01;-0,02;-0,02;-0,01;-0,01;-0,01;-0,01;-0,02;-0,02;-0,02;-0,02;-0,02;-0,02;0,0;0,0
15.07.2026;00:30;00:45;0,0;0,0;0,0;0,0;-0,01;-0,01;-0,07;-0,07;0,0;0,0;-0,01;-0,01;-0,04;-0,04;-0,02;-0,02;-0,02;-0,02;0,0;0,0;0,0;0,0;-0,01;-0,01;0,0;0,0;0,0;0,0;-0,01;-0,01;-0,01;-0,01;-0,01;-0,01;-0,05;-0,05;-0,01;-0,01;-0,02;-0,02;0,0;0,0;-0,03;-0,03;-0,01;-0,01;-0,04;-0,04;-0,01;-0,01;0,0;0,0;-0,01;-0,01;0,0;0,0
15.07.2026;00:45;01:00;0,0;0,0;-0,01;-0,01;-0,02;-0,02;-0,07;-0,07;0,0;0,0;-0,01;-0,01;-0,03;-0,03;0,0;0,0;-0,02;-0,02;0,0;0,0;-0,02;-0,02;0,0;0,0;0,0;0,0;-0,02;-0,02;-0,01;-0,01;-0,01;-0,01;-0,01;-0,01;-0,03;-0,03;-0,02;-0,02;-0,03;-0,03;-0,01;-0,01;-0,02;-0,02;-0,02;-0,02;-0,04;-0,04;-0,01;-0,01;-0,02;-0,02;-0,01;-0,01;0,0;0,0
15.07.2026;01:00;01:15;0,0;0,0;0,0;0,0;-0,02;-0,02;-0,07;-0,07;0,0;0,0;-0,01;-0,01;-0,04;-0,04;-0,01;-0,01;-0,03;-0,03;-0,01;-0,01;-0,02;-0,02;-0,02;-0,02;0,0;0,0;-0,02;-0,02;-0,01;-0,01;-0,01;-0,01;0,0;0,0;-0,01;-0,01;0,0;0,0;-0,02;-0,02;-0,01;-0,01;-0,01;-0,01;0,0;0,0;-0,02;-0,02;-0,02;-0,02;-0,01;-0,01;-0,02;-0,02;0,0;0,0
15.07.2026;01:15;01:30;0,0;0,0;0,0;0,0;-0,01;-0,01;-0,06;-0,06;0,0;0,0;-0,01;-0,01;-0,04;-0,04;-0,01;-0,01;-0,02;-0,02;-0,01;-0,01;-0,01;-0,01;0,0;0,0;0,0;0,0;0,0;0,0;-0,02;-0,02;-0,02;-0,02;0,0;0,0;-0,01;-0,01;-0,01;-0,01;-0,03;-0,03;-0,01;-0,01;-0,01;-0,01;-0,02;-0,02;-0,02;-0,02;-0,01;-0,01;-0,02;-0,02;-0,01;-0,01;0,0;0,0
15.07.2026;01:30;01:45;0,0;0,0;0,0;0,0;-0,01;-0,01;-0,07;-0,07;0,0;0,0;-0,01;-0,01;-0,03;-0,03;-0,01;-0,01;-0,01;-0,01;-0,02;-0,02;-0,01;-0,01;-0,01;-0,01;0,0;0,0;-0,01;-0,01;-0,01;-0,01;0,0;0,0;-0,02;-0,02;-0,02;-0,02;-0,02;-0,02;-0,02;-0,02;-0,01;-0,01;-0,02;-0,02;-0,01;-0,01;-0,02;-0,02;-0,02;-0,02;0,0;0,0;-0,01;-0,01;0,0;0,0
15.07.2026;01:45;02:00;0,0;0,0;-0,01;-0,01;0,0;0,0;-0,06;-0,06;0,0;0,0;-0,01;-0,01;-0,04;-0,04;0,0;0,0;-0,03;-0,03;-0,01;-0,01;-0,02;-0,02;-0,01;-0,01;0,0;0,0;-0,02;-0,02;-0,01;-0,01;-0,01;-0,01;-0,01;-0,01;-0,02;-0,02;0,0;0,0;-0,03;-0,03;-0,01;-0,01;-0,02;-0,02;-0,01;-0,01;-0,02;-0,02;-0,01;-0,01;-0,01;-0,01;-0,01;-0,01;0,0;0,0
15.07.2026;02:00;02:15;0,0;0,0;0,0;0,0;-0,01;-0,01;-0,07;-0,07;-0,01;-0,01;-0,01;-0,01;-0,03;-0,03;-0,01;-0,01;-0,03;-0,03;-0,02;-0,02;-0,01;-0,01;-0,01;-0,01;-0,01;-0,01;0,0;0,0;-0,01;-0,01;-0,02;-0,02;0,0;0,0;-0,01;-0,01;-0,02;-0,02;-0,02;-0,02;-0,01;-0,01;-0,03;-0,03;-0,01;-0,01;0,0;0,0;-0,01;-0,01;-0,02;-0,02;-0,01;-0,01;0,0;0,0
15.07.2026;02:15;02:30;0,0;0,0;0,0;0,0;0,0;0,0;-0,06;-0,06;0,0;0,0;-0,02;-0,02;-0,04;-0,04;-0,01;-0,01;-0,01;-0,01;-0,02;-0,02;-0,01;-0,01;-0,01;-0,01;0,0;0,0;-0,01;-0,01;-0,01;-0,01;0,0;0,0;-0,01;-0,01;-0,02;-0,02;-0,01;-0,01;-0,03;-0,03;-0,01;-0,01;-0,02;-0,02;-0,01;-0,01;-0,01;-0,01;-0,02;-0,02;0,0;0,0;-0,02;-0,02;0,0;0,0
15.07.2026;02:30;02:45;0,0;0,0;0,0;0,0;-0,01;-0,01;-0,06;-0,06;0,0;0,0;0,0;0,0;-0,03;-0,03;0,0;0,0;-0,03;-0,03;-0,01;-0,01;0,0;0,0;-0,01;-0,01;0,0;0,0;-0,02;-0,02;0,0;0,0;-0,02;-0,02;0,0;0,0;-0,01;-0,01;0,0;0,0;-0,02;-0,02;-0,01;-0,01;-0,01;-0,01;-0,01;-0,01;-0,02;-0,02;-0,01;-0,01;-0,02;-0,02;-0,01;-0,01;0,0;0,0
15.07.2026;02:45;03:00;0,0;0,0;0,0;0,0;-0,02;-0,02;-0,07;-0,07;0,0;0,0;-0,01;-0,01;-0,04;-0,04;-0,01;-0,01;-0,03;-0,03;-0,01;-0,01;-0,01;-0,01;0,0;0,0;0,0;0,0;-0,01;-0,01;-0,02;-0,02;-0,01;-0,01;-0,01;-0,01;0,0;0,0;-0,03;-0,03;-0,03;-0,03;-0,01;-0,01;-0,01;-0,01;-0,01;-0,01;-0,01;-0,01;-0,01;-0,01;-0,01;-0,01;-0,01;-0,01;0,0;0,0
15.07.2026;03:00;03:15;0,0;0,0;-0,01;-0,01;-0,01;-0,01;-0,06;-0,06;0,0;0,0;-0,02;-0,02;-0,03;-0,03;-0,01;-0,01;-0,01;-0,01;0,0;0,0;0,0;0,0;-0,02;-0,02;0,0;0,0;0,0;0,0;-0,01;-0,01;-0,01;-0,01;-0,01;-0,01;-0,01;-0,01;0,0;0,0;-0,02;-0,02;-0,01;-0,01;-0,01;-0,01;-0,01;-0,01;-0,01;-0,01;-0,02;-0,02;-0,02;-0,02;-0,01;-0,01;0,0;0,0
15.07.2026;03:15;03:30;0,0;0,0;0,0;0,0;-0,02;-0,02;-0,07;-0,07;0,0;0,0;-0,01;-0,01;-0,04;-0,04;-0,01;-0,01;-0,03;-0,03;-0,01;-0,01;-0,02;-0,02;0,0;0,0;0,0;0,0;-0,01;-0,01;-0,01;-0,01;-0,01;-0,01;-0,01;-0,01;-0,02;-0,02;-0,01;-0,01;-0,03;-0,03;-0,02;-0,02;-0,03;-0,03;-0,01;-0,01;-0,01;-0,01;-0,01;-0,01;-0,01;-0,01;-0,01;-0,01;0,0;0,0
15.07.2026;03:30;03:45;0,0;0,0;0,0;0,0;0,0;0,0;-0,15;-0,15;0,0;0,0;0,0;0,0;-0,03;-0,03;0,0;0,0;-0,03;-0,03;0,0;0,0;-0,02;-0,02;-0,01;-0,01;0,0;0,0;-0,02;-0,02;-0,01;-0,01;-0,01;-0,01;-0,01;-0,01;-0,01;-0,01;-0,02;-0,02;-0,02;-0,02;0,0;0,0;-0,02;-0,02;-0,01;-0,01;-0,01;-0,01;-0,01;-0,01;0,0;0,0;-0,02;-0,02;0,0;0,0
15.07.2026;03:45;04:00;0,0;0,0;0,0;0,0;-0,01;-0,01;-0,11;-0,11;0,0;0,0;-0,01;-0,01;-0,04;-0,04;-0,02;-0,02;-0,01;-0,01;0,0;0,0;-0,01;-0,01;-0,02;-0,02;0,0;0,0;0,0;0,0;-0,01;-0,01;-0,01;-0,01;0,0;0,0;-0,02;-0,02;0,0;0,0;-0,03;-0,03;-0,02;-0,02;-0,02;-0,02;-0,01;-0,01;-0,02;-0,02;-0,01;-0,01;-0,02;-0,02;-0,01;-0,01;0,0;0,0
15.07.2026;04:00;04:15;0,0;0,0;-0,01;-0,01;0,0;0,0;-0,1;-0,1;0,0;0,0;-0,02;-0,02;-0,03;-0,03;0,0;0,0;-0,02;-0,02;-0,01;-0,01;-0,02;-0,02;0,0;0,0;0,0;0,0;-0,01;-0,01;-0,01;-0,01;-0,01;-0,01;-0,01;-0,01;-0,01;-0,01;-0,01;-0,01;-0,02;-0,02;-0,01;-0,01;-0,01;-0,01;-0,02;-0,02;0,0;0,0;0,0;0,0;-0,01;-0,01;-0,01;-0,01;0,0;0,0
15.07.2026;04:15;04:30;0,0;0,0;0,0;0,0;0,0;0,0;-0,12;-0,12;0,0;0,0;-0,01;-0,01;-0,04;-0,04;-0,01;-0,01;-0,03;-0,03;-0,01;-0,01;-0,01;-0,01;-0,01;-0,01;0,0;0,0;-0,01;-0,01;-0,01;-0,01;-0,01;-0,01;-0,01;-0,01;-0,02;-0,02;-0,02;-0,02;-0,03;-0,03;0,0;0,0;-0,02;-0,02;0,0;0,0;-0,01;-0,01;-0,01;-0,01;0,0;0,0;-0,01;-0,01;0,0;0,0
15.07.2026;04:30;04:45;0,0;0,0;0,0;0,0;-0,02;-0,02;-0,11;-0,11;0,0;0,0;0,0;0,0;-0,03;-0,03;-0,01;-0,01;-0,01;-0,01;-0,02;-0,02;-0,01;-0,01;-0,01;-0,01;0,0;0,0;-0,02;-0,02;-0,01;-0,01;-0,01;-0,01;-0,01;-0,01;-0,02;-0,02;0,0;0,0;-0,02;-0,02;-0,02;-0,02;-0,01;-0,01;-0,01;-0,01;-0,02;-0,02;-0,01;-0,01;-0,02;-0,02;-0,01;-0,01;0,0;0,0
15.07.2026;04:45;05:00;0,0;0,0;0,0;0,0;-0,01;-0,01;-0,06;-0,06;0,0;0,0;-0,02;-0,02;-0,04;-0,04;-0,01;-0,01;-0,02;-0,02;-0,02;-0,02;-0,01;-0,01;-0,01;-0,01;0,0;0,0;0,0;0,0;-0,01;-0,01;-0,01;-0,01;0,0;0,0;-0,04;-0,04;-0,02;-0,02;-0,02;-0,02;-0,01;-0,01;-0,02;-0,02;-0,02;-0,02;-0,01;-0,01;-0,01;-0,01;-0,02;-0,02;-0,01;-0,01;0,0;0,0
15.07.2026;05:00;05:15;0,0;0,0;0,0;0,0;-0,02;-0,02;-0,07;-0,07;0,0;0,0;-0,01;-0,01;-0,03;-0,03;0,0;0,0;-0,03;-0,03;-0,02;-0,02;0,0;0,0;-0,01;-0,01;0,0;0,0;0,0;0,0;-0,02;-0,02;-0,08;-0,08;-0,01;-0,01;-0,03;-0,03;-0,01;-0,01;-0,03;-0,03;-0,01;-0,01;-0,03;-0,03;0,0;0,0;-0,01;-0,01;-0,01;-0,01;-0,01;-0,01;-0,02;-0,02;0,0;0,0
15.07.2026;05:15;05:30;0,0;0,0;-0,01;-0,01;-0,01;-0,01;-0,09;-0,09;0,0;0,0;0,0;0,0;-0,04;-0,04;-0,01;-0,01;-0,02;-0,02;-0,01;-0,01;0,0;0,0;-0,01;-0,01;0,0;0,0;-0,02;-0,02;-0,03;-0,03;-0,02;-0,02;0,0;0,0;-0,02;-0,02;0,0;0,0;-0,03;-0,03;-0,01;-0,01;-0,04;-0,04;-0,02;-0,02;-0,01;-0,01;-0,02;-0,02;-0,01;-0,01;-0,02;-0,02;0,0;0,0
15.07.2026;05:30;05:45;0,01;0,01;0,0;0,0;0,0;0,0;-0,2;-0,2;0,0;0,0;-0,01;-0,01;-0,03;-0,03;-0,01;-0,01;-0,01;-0,01;-0,01;-0,01;-0,02;-0,02;-0,01;-0,01;0,0;0,0;-0,01;-0,01;-0,01;-0,01;-0,01;-0,01;-0,01;-0,01;-0,02;-0,02;-0,02;-0,02;-0,03;-0,03;0,0;0,0;-0,02;-0,02;-0,01;-0,01;-0,02;-0,02;-0,01;-0,01;0,0;0,0;-0,01;-0,01;0,0;0,0
15.07.2026;05:45;06:00;0,04;0,04;0,0;0,0;-0,01;-0,01;-0,08;-0,08;0,0;0,0;-0,02;-0,02;-0,04;-0,04;-0,01;-0,01;-0,04;-0,04;-0,01;-0,01;-0,01;-0,01;-0,01;-0,01;0,0;0,0;-0,01;-0,01;-0,02;-0,02;-0,05;-0,05;-0,01;-0,01;-0,01;-0,01;-0,01;-0,01;-0,02;-0,02;-0,02;-0,02;-0,01;-0,01;-0,01;-0,01;0,0;0,0;-0,01;-0,01;-0,02;-0,02;-0,01;-0,01;0,0;0,0
15.07.2026;06:00;06:15;0,04;0,04;0,0;0,0;-0,01;-0,01;-0,17;-0,17;0,0;0,0;-0,01;-0,01;-0,05;-0,05;0,0;0,0;-0,04;-0,04;0,0;0,0;-0,02;-0,02;-0,01;-0,01;0,0;0,0;-0,01;-0,01;0,0;0,0;-0,01;-0,01;-0,01;-0,01;-0,02;-0,02;-0,01;-0,01;-0,03;-0,03;-0,01;-0,01;-0,02;-0,02;-0,02;-0,02;-0,01;-0,01;-0,01;-0,01;-0,01;-0,01;-0,01;-0,01;0,0;0,0
15.07.2026;06:15;06:30;0,0;0,0;-0,01;-0,01;-0,31;-0,31;-0,18;-0,18;0,0;0,0;0,0;0,0;-0,03;-0,03;-0,02;-0,02;-0,03;-0,03;0,0;0,0;-0,01;-0,01;-0,01;-0,01;0,0;0,0;-0,02;-0,02;-0,01;-0,01;-0,02;-0,02;0,0;0,0;-0,01;-0,01;-0,01;-0,01;-0,02;-0,02;-0,06;-0,06;-0,01;-0,01;-0,01;-0,01;-0,02;-0,02;-0,01;-0,01;-0,01;-0,01;-0,02;-0,02;0,0;0,0
15.07.2026;06:30;06:45;0,0;0,0;0,0;0,0;-0,16;-0,16;-0,15;-0,15;0,0;0,0;-0,02;-0,02;-0,04;-0,04;0,0;0,0;-0,05;-0,05;-0,05;-0,05;-0,01;-0,01;-0,01;-0,01;0,0;0,0;-0,04;-0,04;-0,01;-0,01;0,0;0,0;-0,01;-0,01;-0,02;-0,02;-0,02;-0,02;-0,02;-0,02;-0,08;-0,08;-0,03;-0,03;-0,02;-0,02;-0,01;-0,01;-0,01;-0,01;-0,01;-0,01;-0,04;-0,04;0,0;0,0
15.07.2026;06:45;07:00;0,2;0,15;0,0;0,0;-0,08;-0,08;-0,08;-0,03;0,0;0,0;-0,01;-0,01;-0,04;-0,04;-0,01;-0,01;-0,01;-0,01;-0,09;-0,09;-0,02;-0,02;-0,01;-0,01;0,0;0,0;-0,01;-0,01;-0,01;-0,01;-0,02;-0,02;-0,01;-0,01;-0,01;-0,01;-0,03;-0,03;-0,03;-0,03;-0,02;-0,02;-0,02;-0,02;-0,01;-0,01;0,0;0,0;-0,01;-0,01;-0,02;-0,02;-0,03;-0,03;0,0;0,0
15.07.2026;07:00;07:15;0,52;0,2;0,0;0,0;-0,04;-0,03;-0,18;-0,08;-0,01;0,0;-0,01;0,0;-0,04;-0,03;-0,01;0,0;-0,04;-0,03;-0,02;-0,01;-0,01;0,0;-0,01;0,0;-0,01;0,0;-0,02;-0,01;-0,01;0,0;0,0;0,0;-0,01;0,0;0,0;0,0;-0,03;-0,02;-0,03;-0,02;-0,01;0,0;-0,01;0,0;-0,01;0,0;-0,02;-0,01;-0,01;0,0;-0,01;0,0;-0,02;-0,01;0,0;0,0
15.07.2026;07:15;07:30;0,71;0,28;0,0;0,0;-0,31;-0,28;-0,08;0,0;0,0;0,0;0,0;0,0;-0,04;-0,01;0,0;0,0;-0,03;0,0;-0,02;0,0;-0,01;0,0;-0,02;0,0;0,0;0,0;-0,01;0,0;-0,01;0,0;-0,01;0,0;-0,01;0,0;-0,01;0,0;-0,02;0,0;-0,02;0,0;-0,02;0,0;-0,01;0,0;-0,02;0,0;-0,02;0,0;-0,02;0,0;-0,01;0,0;-0,02;0,0;0,0;0,0
15.07.2026;07:30;07:45;0,85;0,39;-0,01;0,0;-0,02;0,0;-0,08;0,0;0,0;0,0;-0,02;0,0;-0,04;0,0;-0,01;0,0;-0,01;0,0;-0,01;0,0;0,0;0,0;0,0;0,0;0,0;0,0;-0,04;0,0;-0,01;0,0;-0,01;0,0;0,0;0,0;-0,02;0,0;-0,03;0,0;-0,03;0,0;0,0;0,0;-0,02;0,0;-0,01;0,0;-0,05;0,0;-0,01;0,0;-0,01;0,0;-0,02;0,0;0,0;0,0
15.07.2026;07:45;08:00;1,14;0,71;0,0;0,0;-0,01;0,0;-0,09;0,0;0,0;0,0;-0,01;0,0;-0,04;0,0;-0,01;0,0;-0,02;0,0;-0,02;0,0;0,0;0,0;-0,02;0,0;0,0;0,0;-0,02;0,0;-0,01;0,0;-0,01;0,0;-0,01;0,0;-0,01;0,0;-0,04;0,0;-0,03;0,0;-0,01;0,0;-0,01;0,0;-0,01;0,0;-0,01;0,0;-0,01;0,0;-0,01;0,0;-0,02;0,0;0,0;0,0
15.07.2026;08:00;08:15;1,45;1,05;0,0;0,0;-0,02;0,0;-0,07;0,0;0,0;0,0;-0,01;0,0;-0,03;0,0;-0,01;0,0;-0,03;0,0;-0,02;0,0;-0,02;0,0;-0,01;0,0;0,0;0,0;-0,01;0,0;-0,01;0,0;0,0;0,0;0,0;0,0;-0,02;0,0;-0,02;0,0;-0,02;0,0;-0,01;0,0;-0,03;0,0;-0,01;0,0;-0,02;0,0;-0,01;0,0;-0,01;0,0;-0,01;0,0;0,0;0,0
15.07.2026;08:15;08:30;1,04;0,66;0,0;0,0;-0,01;0,0;-0,09;0,0;0,0;0,0;-0,01;0,0;-0,04;0,0;0,0;0,0;-0,01;0,0;-0,01;0,0;-0,01;0,0;-0,01;0,0;0,0;0,0;-0,02;0,0;-0,01;0,0;-0,01;0,0;-0,01;0,0;0,0;0,0;-0,03;0,0;-0,03;0,0;-0,01;0,0;-0,02;0,0;-0,01;0,0;-0,01;0,0;-0,01;0,0;-0,01;0,0;-0,01;0,0;0,0;0,0
15.07.2026;08:30;08:45;1,55;0,85;-0,01;0,0;-0,02;0,0;-0,2;0,0;0,0;0,0;-0,01;0,0;-0,04;0,0;-0,01;0,0;-0,01;0,0;-0,01;0,0;-0,02;0,0;-0,12;0,0;0,0;0,0;-0,02;0,0;-0,01;0,0;-0,02;0,0;-0,01;0,0;-0,04;0,0;-0,02;0,0;-0,03;0,0;-0,01;0,0;-0,02;0,0;-0,01;0,0;-0,01;0,0;-0,02;0,0;-0,02;0,0;-0,01;0,0;0,0;0,0
15.07.2026;08:45;09:00;1,57;0,98;0,0;0,0;-0,01;0,0;-0,17;0,0;0,0;0,0;-0,01;0,0;-0,04;0,0;-0,01;0,0;-0,03;0,0;0,0;0,0;-0,01;0,0;-0,05;0,0;0,0;0,0;-0,04;0,0;-0,01;0,0;-0,01;0,0;-0,01;0,0;-0,03;0,0;-0,04;0,0;-0,02;0,0;-0,01;0,0;-0,01;0,0;-0,01;0,0;-0,01;0,0;-0,01;0,0;-0,02;0,0;-0,02;0,0;-0,01;0,0
15.07.2026;09:00;09:15;2,34;1,86;0,0;0,0;-0,02;0,0;-0,07;0,0;0,0;0,0;-0,01;0,0;-0,03;0,0;-0,01;0,0;-0,01;0,0;0,0;0,0;-0,02;0,0;-0,07;0,0;0,0;0,0;-0,06;0,0;-0,01;0,0;-0,01;0,0;-0,01;0,0;-0,02;0,0;-0,03;0,0;-0,03;0,0;-0,01;0,0;-0,01;0,0;-0,01;0,0;-0,02;0,0;-0,01;0,0;-0,01;0,0;0,0;0,0;0,0;0,0
15.07.2026;09:15;09:30;1,06;0,45;0,0;0,0;-0,03;0,0;-0,15;0,0;0,0;0,0;-0,01;0,0;-0,04;0,0;0,0;0,0;-0,02;0,0;-0,01;0,0;-0,01;0,0;-0,04;0,0;0,0;0,0;-0,1;-0,02;-0,01;0,0;-0,01;0,0;0,0;0,0;-0,05;0,0;-0,01;0,0;-0,16;-0,08;0,0;0,0;-0,01;0,0;-0,01;0,0;-0,01;0,0;-0,01;0,0;0,0;0,0;-0,02;0,0;0,0;0,0
15.07.2026;09:30;09:45;1,14;0,56;0,0;0,0;-0,02;0,0;-0,08;0,0;0,0;0,0;-0,02;0,0;-0,04;0,0;-0,02;0,0;-0,02;0,0;0,0;0,0;-0,01;0,0;-0,01;0,0;0,0;0,0;-0,09;0,0;-0,01;0,0;-0,01;0,0;0,0;0,0;-0,1;0,0;-0,02;0,0;-0,03;0,0;-0,02;0,0;-0,02;0,0;-0,01;0,0;-0,01;0,0;-0,02;0,0;-0,01;0,0;-0,01;0,0;0,0;0,0
15.07.2026;09:45;10:00;2,08;1,64;-0,01;0,0;-0,03;0,0;-0,11;0,0;0,0;0,0;0,0;0,0;-0,03;0,0;0,0;0,0;-0,01;0,0;-0,01;0,0;0,0;0,0;-0,02;0,0;0,0;0,0;-0,02;0,0;-0,01;0,0;-0,01;0,0;-0,03;0,0;-0,03;0,0;-0,01;0,0;-0,03;0,0;0,0;0,0;-0,03;0,0;-0,01;0,0;-0,01;0,0;-0,01;0,0;-0,01;0,0;-0,01;0,0;0,0;0,0
15.07.2026;10:00;10:15;2,13;1,51;0,0;0,0;0,0;0,0;-0,17;0,0;0,0;0,0;-0,01;0,0;-0,04;0,0;-0,01;0,0;-0,02;0,0;-0,02;0,0;-0,01;0,0;-0,07;0,0;0,0;0,0;-0,03;0,0;-0,01;0,0;-0,01;0,0;-0,04;0,0;-0,03;0,0;-0,02;0,0;-0,03;0,0;-0,02;0,0;-0,02;0,0;-0,02;0,0;-0,01;0,0;-0,01;0,0;-0,01;0,0;-0,01;0,0;0,0;0,0
15.07.2026;10:15;10:30;1,71;1,09;0,0;0,0;-0,01;0,0;-0,09;0,0;0,0;0,0;-0,01;0,0;-0,03;0,0;-0,01;0,0;-0,02;0,0;-0,01;0,0;0,0;0,0;-0,26;-0,06;0,0;0,0;-0,06;0,0;-0,01;0,0;-0,01;0,0;-0,02;0,0;-0,02;0,0;-0,03;0,0;-0,02;0,0;-0,01;0,0;-0,01;0,0;0,0;0,0;-0,02;0,0;-0,01;0,0;-0,01;0,0;-0,01;0,0;0,0;0,0
15.07.2026;10:30;10:45;0,0;0,0;0,0;0,0;0,0;0,0;-0,11;-0,11;0,0;0,0;-0,01;-0,01;-0,04;-0,04;-0,01;-0,01;-0,01;-0,01;-0,02;-0,02;-0,02;-0,02;-0,16;-0,16;0,0;0,0;-0,24;-0,24;-0,01;-0,01;-0,01;-0,01;-0,04;-0,04;0,0;0,0;-0,02;-0,02;-0,02;-0,02;0,0;0,0;-0,01;-0,01;-0,02;-0,02;0,0;0,0;-0,01;-0,01;-0,02;-0,02;-0,01;-0,01;0,0;0,0
15.07.2026;10:45;11:00;1,02;0,43;-0,01;0,0;-0,01;0,0;-0,13;0,0;0,0;0,0;-0,01;0,0;-0,04;0,0;0,0;0,0;-0,02;0,0;-0,02;0,0;-0,02;0,0;-0,21;-0,14;0,0;0,0;-0,05;0,0;-0,01;0,0;-0,01;0,0;-0,01;0,0;-0,01;0,0;-0,03;0,0;-0,02;0,0;-0,02;0,0;-0,03;0,0;-0,01;0,0;-0,02;0,0;0,0;0,0;-0,02;0,0;-0,02;0,0;0,0;0,0
15.07.2026;11:00;11:15;2,81;2,03;0,0;0,0;-0,03;0,0;-0,11;0,0;0,0;0,0;-0,01;0,0;-0,03;0,0;-0,01;0,0;-0,02;0,0;-0,01;0,0;-0,01;0,0;-0,27;0,0;0,0;0,0;-0,05;0,0;-0,01;0,0;-0,01;0,0;-0,01;0,0;-0,01;0,0;-0,02;0,0;-0,02;0,0;0,0;0,0;-0,13;0,0;-0,01;0,0;-0,01;0,0;0,0;0,0;0,0;0,0;0,0;0,0;0,0;0,0
15.07.2026;11:15;11:30;1,42;0,62;0,0;0,0;-0,02;0,0;-0,19;0,0;0,0;0,0;-0,02;0,0;-0,04;0,0;-0,01;0,0;-0,02;0,0;-0,01;0,0;-0,01;0,0;-0,3;-0,17;0,0;0,0;-0,04;0,0;-0,01;0,0;-0,01;0,0;0,0;0,0;-0,02;0,0;0,0;0,0;-0,02;0,0;-0,02;0,0;-0,25;-0,12;-0,01;0,0;-0,01;0,0;-0,02;0,0;-0,04;0,0;-0,02;0,0;0,0;0,0
15.07.2026;11:30;11:45;2,17;1,22;0,0;0,0;-0,01;0,0;-0,1;0,0;0,0;0,0;0,0;0,0;-0,03;0,0;0,0;0,0;-0,02;0,0;-0,01;0,0;-0,02;0,0;-0,25;0,0;0,0;0,0;-0,2;0,0;-0,01;0,0;-0,01;0,0;0,0;0,0;-0,01;0,0;-0,02;0,0;-0,02;0,0;-0,02;0,0;-0,16;0,0;-0,01;0,0;-0,01;0,0;-0,01;0,0;-0,02;0,0;-0,01;0,0;0,0;0,0
15.07.2026;11:45;12:00;1,94;1,36;-0,01;0,0;-0,02;0,0;-0,08;0,0;0,0;0,0;-0,01;0,0;-0,04;0,0;-0,01;0,0;-0,01;0,0;0,0;0,0;-0,01;0,0;-0,04;0,0;0,0;0,0;-0,12;0,0;-0,01;0,0;-0,02;0,0;-0,01;0,0;-0,01;0,0;0,0;0,0;-0,02;0,0;-0,01;0,0;-0,03;0,0;-0,01;0,0;-0,01;0,0;-0,05;0,0;-0,04;0,0;-0,01;0,0;0,0;0,0
15.07.2026;12:00;12:15;2,11;1,61;0,0;0,0;-0,03;0,0;-0,1;0,0;-0,01;0,0;-0,02;0,0;-0,03;0,0;-0,01;0,0;-0,02;0,0;-0,01;0,0;-0,01;0,0;-0,01;0,0;-0,01;0,0;-0,04;0,0;-0,01;0,0;-0,03;0,0;-0,02;0,0;-0,01;0,0;-0,01;0,0;-0,02;0,0;-0,01;0,0;-0,02;0,0;-0,01;0,0;-0,02;0,0;-0,01;0,0;-0,02;0,0;-0,01;0,0;0,0;0,0
15.07.2026;12:15;12:30;2,98;2,14;0,0;0,0;-0,01;0,0;-0,12;0,0;0,0;0,0;-0,01;0,0;-0,04;0,0;-0,01;0,0;-0,02;0,0;0,0;0,0;0,0;0,0;-0,01;0,0;0,0;0,0;-0,04;0,0;-0,01;0,0;-0,03;0,0;-0,01;0,0;-0,01;0,0;-0,01;0,0;-0,02;0,0;-0,01;0,0;-0,46;-0,06;-0,01;0,0;-0,01;0,0;-0,02;0,0;-0,03;0,0;-0,01;0,0;0,0;0,0
15.07.2026;12:30;12:45;3,31;2,81;0,0;0,0;0,0;0,0;-0,09;0,0;0,0;0,0;0,0;0,0;-0,04;0,0;-0,01;0,0;-0,01;0,0;0,0;0,0;-0,01;0,0;-0,09;0,0;0,0;0,0;-0,02;0,0;-0,01;0,0;-0,03;0,0;-0,01;0,0;-0,01;0,0;0,0;0,0;-0,02;0,0;-0,01;0,0;-0,02;0,0;-0,01;0,0;-0,01;0,0;-0,01;0,0;-0,04;0,0;-0,02;0,0;-0,03;0,0
15.07.2026;12:45;13:00;4,72;3,99;0,0;0,0;-0,01;0,0;-0,08;0,0;0,0;0,0;-0,01;0,0;-0,03;0,0;-0,01;0,0;-0,02;0,0;-0,02;0,0;-0,01;0,0;-0,02;0,0;0,0;0,0;-0,22;0,0;-0,01;0,0;-0,03;0,0;0,0;0,0;-0,01;0,0;-0,01;0,0;-0,02;0,0;-0,01;0,0;-0,01;0,0;-0,01;0,0;-0,01;0,0;-0,01;0,0;-0,12;0,0;-0,05;0,0;0,0;0,0
15.07.2026;13:00;13:15;4,54;3,42;-0,01;0,0;-0,02;0,0;-0,08;0,0;0,0;0,0;-0,02;0,0;-0,04;0,0;-0,01;0,0;-0,02;0,0;-0,01;0,0;-0,01;0,0;-0,02;0,0;0,0;0,0;-0,46;0,0;-0,01;0,0;-0,03;0,0;-0,01;0,0;0,0;0,0;-0,01;0,0;-0,02;0,0;-0,01;0,0;-0,01;0,0;-0,01;0,0;-0,02;0,0;-0,01;0,0;-0,28;0,0;0,0;0,0;0,0;0,0
15.07.2026;13:15;13:30;4,41;3,8;0,0;0,0;-0,01;0,0;-0,07;0,0;0,0;0,0;-0,01;0,0;-0,03;0,0;-0,02;0,0;-0,01;0,0;-0,02;0,0;-0,02;0,0;-0,01;0,0;0,0;0,0;-0,05;0,0;-0,01;0,0;-0,02;0,0;0,0;0,0;-0,02;0,0;0,0;0,0;-0,02;0,0;-0,01;0,0;-0,02;0,0;-0,02;0,0;0,0;0,0;-0,01;0,0;-0,21;0,0;-0,02;0,0;0,0;0,0
15.07.2026;13:30;13:45;1,92;1,04;0,0;0,0;-0,01;0,0;-0,1;0,0;0,0;0,0;0,0;0,0;-0,04;0,0;-0,42;-0,21;-0,03;0,0;-0,02;0,0;-0,01;0,0;-0,02;0,0;0,0;0,0;-0,03;0,0;-0,01;0,0;-0,03;0,0;-0,02;0,0;-0,01;0,0;-0,02;0,0;-0,02;0,0;-0,01;0,0;-0,02;0,0;-0,01;0,0;-0,02;0,0;-0,02;0,0;-0,26;-0,05;-0,01;0,0;0,0;0,0
15.07.2026;13:45;14:00;4,32;3,63;0,0;0,0;-0,01;0,0;-0,09;0,0;0,0;0,0;-0,02;0,0;-0,03;0,0;-0,13;0,0;-0,01;0,0;-0,02;0,0;-0,02;0,0;0,0;0,0;0,0;0,0;-0,03;0,0;-0,01;0,0;-0,02;0,0;-0,01;0,0;-0,01;0,0;0,0;0,0;-0,02;0,0;-0,01;0,0;-0,02;0,0;-0,01;0,0;-0,01;0,0;-0,01;0,0;-0,19;0,0;-0,01;0,0;0,0;0,0
15.07.2026;14:00;14:15;4,33;3,68;-0,01;0,0;-0,01;0,0;-0,22;0,0;0,0;0,0;-0,01;0,0;-0,05;0,0;-0,1;0,0;-0,02;0,0;-0,02;0,0;-0,01;0,0;-0,01;0,0;0,0;0,0;-0,02;0,0;-0,01;0,0;-0,02;0,0;-0,01;0,0;-0,01;0,0;-0,01;0,0;-0,02;0,0;-0,01;0,0;-0,01;0,0;-0,01;0,0;-0,01;0,0;-0,01;0,0;-0,03;0,0;-0,01;0,0;0,0;0,0
15.07.2026;14:15;14:30;3,69;3,09;0,0;0,0;-0,01;0,0;-0,21;0,0;0,0;0,0;-0,01;0,0;-0,05;0,0;-0,05;0,0;-0,02;0,0;-0,02;0,0;-0,02;0,0;-0,01;0,0;0,0;0,0;-0,02;0,0;-0,01;0,0;-0,03;0,0;0,0;0,0;0,0;0,0;-0,01;0,0;-0,04;0,0;-0,01;0,0;-0,01;0,0;-0,02;0,0;-0,01;0,0;-0,01;0,0;-0,02;0,0;-0,01;0,0;0,0;0,0
15.07.2026;14:30;14:45;1,12;0,48;0,0;0,0;-0,17;-0,09;-0,2;0,0;0,0;0,0;0,0;0,0;-0,03;0,0;-0,06;0,0;-0,01;0,0;-0,03;0,0;0,0;0,0;-0,01;0,0;0,0;0,0;-0,01;0,0;-0,02;0,0;-0,02;0,0;-0,01;0,0;-0,01;0,0;0,0;0,0;-0,04;0,0;-0,01;0,0;-0,02;0,0;-0,03;0,0;-0,01;0,0;-0,01;0,0;-0,02;0,0;-0,01;0,0;0,0;0,0
15.07.2026;14:45;15:00;0,92;0,24;0,0;0,0;-0,47;-0,41;-0,25;-0,06;0,0;0,0;-0,13;-0,07;-0,04;0,0;-0,03;0,0;-0,01;0,0;-0,03;0,0;0,0;0,0;-0,01;0,0;0,0;0,0;-0,01;0,0;-0,01;0,0;-0,02;0,0;0,0;0,0;-0,02;0,0;-0,01;0,0;-0,03;0,0;-0,01;0,0;-0,02;0,0;-0,01;0,0;-0,02;0,0;-0,02;0,0;-0,06;0,0;-0,01;0,0;0,0;0,0
15.07.2026;15:00;15:15;4,07;2,76;0,0;0,0;-0,36;0,0;-0,18;0,0;0,0;0,0;-0,44;0,0;-0,04;0,0;-0,03;0,0;-0,02;0,0;-0,02;0,0;-0,01;0,0;-0,03;0,0;0,0;0,0;-0,02;0,0;-0,01;0,0;-0,01;0,0;-0,01;0,0;-0,01;0,0;-0,01;0,0;-0,03;0,0;-0,01;0,0;-0,01;0,0;-0,02;0,0;-0,01;0,0;-0,01;0,0;-0,01;0,0;-0,01;0,0;0,0;0,0
15.07.2026;15:15;15:30;3,81;2,96;-0,01;0,0;-0,23;0,0;-0,08;0,0;0,0;0,0;-0,2;0,0;-0,04;0,0;-0,01;0,0;-0,01;0,0;-0,02;0,0;-0,01;0,0;-0,06;0,0;0,0;0,0;-0,03;0,0;-0,01;0,0;-0,01;0,0;-0,02;0,0;-0,01;0,0;0,0;0,0;-0,03;0,0;-0,01;0,0;-0,01;0,0;-0,01;0,0;-0,01;0,0;-0,01;0,0;-0,01;0,0;-0,01;0,0;0,0;0,0
15.07.2026;15:30;15:45;3,62;3,01;0,0;0,0;-0,02;0,0;-0,11;0,0;0,0;0,0;-0,03;0,0;-0,04;0,0;-0,02;0,0;-0,02;0,0;-0,02;0,0;-0,02;0,0;-0,08;0,0;0,0;0,0;-0,04;0,0;-0,03;0,0;-0,01;0,0;-0,01;0,0;0,0;0,0;-0,02;0,0;-0,04;0,0;-0,01;0,0;-0,01;0,0;-0,02;0,0;-0,01;0,0;-0,01;0,0;-0,02;0,0;-0,02;0,0;0,0;0,0
15.07.2026;15:45;16:00;3,5;2,74;0,0;0,0;-0,02;0,0;-0,19;0,0;0,0;0,0;-0,04;0,0;-0,03;0,0;-0,01;0,0;-0,02;0,0;-0,05;0,0;-0,01;0,0;-0,08;0,0;0,0;0,0;-0,03;0,0;-0,04;0,0;-0,01;0,0;0,0;0,0;-0,01;0,0;0,0;0,0;-0,03;0,0;-0,09;0,0;-0,03;0,0;-0,01;0,0;-0,02;0,0;-0,02;0,0;-0,01;0,0;-0,01;0,0;0,0;0,0
15.07.2026;16:00;16:15;3,37;2,68;0,0;0,0;-0,02;0,0;-0,11;0,0;0,0;0,0;-0,05;0,0;-0,04;0,0;-0,02;0,0;-0,01;0,0;-0,05;0,0;-0,02;0,0;-0,08;0,0;0,0;0,0;-0,07;0,0;-0,07;0,0;-0,01;0,0;0,0;0,0;-0,02;0,0;-0,01;0,0;-0,03;0,0;-0,01;0,0;-0,02;0,0;-0,01;0,0;-0,01;0,0;-0,01;0,0;-0,01;0,0;-0,01;0,0;0,0;0,0
15.07.2026;16:15;16:30;1,19;0,57;-0,01;0,0;-0,01;0,0;-0,1;0,0;0,0;0,0;-0,03;0,0;-0,04;0,0;-0,02;0,0;-0,02;0,0;-0,33;-0,21;-0,01;0,0;-0,07;0,0;0,0;0,0;-0,02;0,0;-0,03;0,0;-0,01;0,0;-0,01;0,0;-0,01;0,0;-0,01;0,0;-0,02;0,0;-0,02;0,0;-0,01;0,0;-0,01;0,0;-0,01;0,0;-0,01;0,0;-0,01;0,0;-0,01;0,0;0,0;0,0
15.07.2026;16:30;16:45;0,71;0,21;0,0;0,0;-0,02;0,0;-0,09;0,0;0,0;0,0;-0,04;-0,01;-0,04;-0,01;-0,13;-0,1;-0,03;0,0;-0,13;-0,1;-0,01;0,0;-0,09;-0,06;0,0;0,0;-0,02;0,0;-0,02;0,0;-0,01;0,0;-0,01;0,0;-0,01;0,0;0,0;0,0;-0,02;0,0;-0,04;-0,01;-0,01;0,0;-0,01;0,0;-0,01;0,0;-0,01;0,0;-0,26;-0,23;-0,01;0,0;0,0;0,0
15.07.2026;16:45;17:00;0,67;0,21;0,0;0,0;-0,01;0,0;-0,09;0,0;0,0;0,0;-0,05;-0,03;-0,03;-0,01;-0,12;-0,1;-0,07;-0,05;-0,16;-0,14;-0,02;0,0;-0,07;-0,05;0,0;0,0;-0,02;0,0;-0,02;0,0;-0,01;0,0;-0,01;0,0;0,0;0,0;-0,01;0,0;-0,02;0,0;-0,02;0,0;-0,01;0,0;-0,02;0,0;-0,02;0,0;-0,02;0,0;-0,11;-0,09;-0,02;0,0;0,0;0,0
15.07.2026;17:00;17:15;2,36;1,33;0,0;0,0;-0,01;0,0;-0,09;0,0;-0,01;0,0;-0,05;0,0;-0,04;0,0;-0,13;0,0;-0,1;0,0;-0,49;-0,23;0,0;0,0;-0,08;0,0;-0,01;0,0;-0,04;0,0;-0,01;0,0;-0,01;0,0;-0,01;0,0;-0,01;0,0;-0,01;0,0;-0,02;0,0;-0,01;0,0;-0,03;0,0;-0,01;0,0;-0,01;0,0;-0,01;0,0;-0,07;0,0;0,0;0,0;0,0;0,0
15.07.2026;17:15;17:30;2,21;1,46;0,0;0,0;0,0;0,0;-0,09;0,0;0,0;0,0;-0,03;0,0;-0,04;0,0;-0,14;0,0;-0,05;0,0;-0,09;0,0;-0,01;0,0;-0,08;0,0;0,0;0,0;-0,02;0,0;-0,02;0,0;-0,01;0,0;-0,01;0,0;-0,02;0,0;0,0;0,0;-0,02;0,0;0,0;0,0;-0,02;0,0;-0,01;0,0;-0,01;0,0;0,0;0,0;-0,06;0,0;-0,02;0,0;0,0;0,0
15.07.2026;17:30;17:45;0,36;0,11;-0,01;0,0;-0,01;0,0;-0,11;-0,05;0,0;0,0;-0,02;-0,01;-0,04;-0,03;-0,1;-0,09;-0,04;-0,03;-0,06;-0,05;0,0;0,0;-0,02;-0,01;0,0;0,0;-0,03;-0,02;-0,01;0,0;-0,01;0,0;0,0;0,0;-0,01;0,0;-0,02;-0,01;-0,02;-0,01;-0,01;0,0;0,0;0,0;-0,01;0,0;-0,01;0,0;0,0;0,0;-0,07;-0,06;-0,01;0,0;0,0;0,0
15.07.2026;17:45;18:00;0,61;0,22;0,0;0,0;0,0;0,0;-0,09;0,0;0,0;0,0;-0,03;-0,01;-0,04;-0,02;-0,1;-0,08;-0,03;-0,01;-0,58;-0,56;-0,01;0,0;-0,02;0,0;0,0;0,0;-0,03;-0,01;-0,01;0,0;-0,01;0,0;-0,01;0,0;-0,01;0,0;0,0;0,0;-0,02;0,0;-0,01;0,0;-0,01;0,0;-0,01;0,0;-0,02;0,0;-0,01;0,0;-0,08;-0,06;-0,01;0,0;0,0;0,0
15.07.2026;18:00;18:15;1,01;0,34;0,0;0,0;-0,03;0,0;-0,14;0,0;0,0;0,0;-0,03;0,0;-0,03;0,0;-0,1;-0,03;-0,03;0,0;-0,69;-0,62;-0,02;0,0;0,0;0,0;0,0;0,0;-0,02;0,0;-0,01;0,0;-0,01;0,0;-0,01;0,0;0,0;0,0;-0,01;0,0;-0,02;0,0;-0,01;0,0;-0,02;0,0;-0,01;0,0;0,0;0,0;-0,01;0,0;-0,39;-0,32;-0,05;0,0;0,0;0,0
15.07.2026;18:15;18:30;0,41;0,12;0,0;0,0;-0,03;-0,02;-0,08;-0,01;0,0;0,0;-0,02;-0,01;-0,04;-0,03;-0,05;-0,04;-0,03;-0,02;-0,2;-0,19;-0,01;0,0;-0,02;-0,01;0,0;0,0;-0,05;-0,04;-0,01;0,0;-0,01;0,0;-0,02;-0,01;-0,01;0,0;-0,01;0,0;-0,03;-0,02;-0,01;0,0;-0,03;-0,02;-0,01;0,0;-0,02;-0,01;-0,01;0,0;-0,17;-0,16;-0,03;-0,02;0,0;0,0
15.07.2026;18:30;18:45;0,0;0,0;-0,01;-0,01;-0,2;-0,2;-0,09;-0,09;0,0;0,0;-0,03;-0,03;-0,04;-0,04;-0,02;-0,02;-0,02;-0,02;-0,14;-0,14;-0,02;-0,02;-0,01;-0,01;0,0;0,0;-0,04;-0,04;-0,02;-0,02;-0,01;-0,01;0,0;0,0;-0,02;-0,02;0,0;0,0;-0,02;-0,02;-0,01;-0,01;-0,01;-0,01;-0,01;-0,01;-0,01;-0,01;-0,01;-0,01;-0,18;-0,18;-0,01;-0,01;0,0;0,0
15.07.2026;18:45;19:00;0,55;0,12;0,0;0,0;-0,07;-0,05;-0,1;-0,01;0,0;0,0;-0,02;0,0;-0,03;-0,01;-0,04;-0,02;-0,03;-0,01;-0,06;-0,04;-0,01;0,0;-0,01;0,0;0,0;0,0;-0,03;-0,01;-0,03;-0,01;-0,01;0,0;0,0;0,0;-0,01;0,0;-0,02;0,0;-0,02;0,0;-0,01;0,0;-0,01;0,0;-0,02;0,0;-0,01;0,0;-0,01;0,0;-0,09;-0,07;-0,02;0,0;0,0;0,0
15.07.2026;19:00;19:15;1,12;0,44;0,0;0,0;-0,02;0,0;-0,11;0,0;0,0;0,0;0,0;0,0;-0,04;0,0;-0,28;-0,2;-0,02;0,0;-0,17;-0,09;-0,02;0,0;-0,2;-0,12;0,0;0,0;-0,02;0,0;-0,03;0,0;-0,01;0,0;-0,01;0,0;-0,01;0,0;0,0;0,0;-0,02;0,0;-0,01;0,0;-0,01;0,0;-0,01;0,0;-0,01;0,0;-0,01;0,0;-0,01;0,0;-0,07;0,0;0,0;0,0
15.07.2026;19:15;19:30;0,71;0,19;0,0;0,0;-0,09;-0,06;-0,16;-0,03;0,0;0,0;-0,01;0,0;-0,03;0,0;-0,11;-0,08;-0,01;0,0;-0,16;-0,13;-0,01;0,0;-0,11;-0,08;0,0;0,0;-0,03;0,0;-0,05;-0,02;-0,01;0,0;-0,01;0,0;0,0;0,0;0,0;0,0;-0,03;0,0;-0,01;0,0;-0,02;0,0;-0,01;0,0;-0,02;0,0;-0,02;0,0;-0,01;0,0;-0,01;0,0;0,0;0,0
15.07.2026;19:30;19:45;0,5;0,19;0,0;0,0;-0,03;-0,02;-0,19;-0,09;0,0;0,0;-0,01;0,0;-0,04;-0,03;-0,05;-0,04;-0,02;-0,01;-0,16;-0,15;0,0;0,0;-0,09;-0,08;0,0;0,0;-0,03;-0,02;-0,05;-0,04;-0,18;-0,17;-0,01;0,0;-0,02;-0,01;-0,02;-0,01;-0,07;-0,06;-0,01;0,0;-0,03;-0,02;-0,01;0,0;-0,02;-0,01;-0,01;0,0;-0,24;-0,23;-0,02;-0,01;0,0;0,0
15.07.2026;19:45;20:00;0,36;0,11;-0,01;0,0;-0,02;-0,01;-0,11;-0,07;0,0;0,0;-0,03;-0,02;-0,03;-0,02;-0,02;-0,01;-0,02;-0,01;-0,12;-0,11;0,0;0,0;-0,09;-0,08;0,0;0,0;-0,03;-0,02;-0,05;-0,04;-0,11;-0,1;-0,01;0,0;-0,31;-0,3;0,0;0,0;-0,02;-0,01;-0,02;-0,01;-0,01;0,0;-0,01;0,0;-0,02;-0,01;-0,01;0,0;-0,38;-0,37;-0,01;0,0;0,0;0,0
15.07.2026;20:00;20:15;0,26;0,19;0,0;0,0;-0,02;-0,02;-0,24;-0,17;0,0;0,0;-0,02;-0,02;-0,04;-0,04;-0,02;-0,02;-0,02;-0,02;-0,02;-0,02;-0,01;-0,01;-0,09;-0,09;0,0;0,0;-0,03;-0,03;-0,04;-0,04;-0,04;-0,04;0,0;0,0;-0,16;-0,16;-0,01;-0,01;-0,03;-0,03;-0,02;-0,02;-0,01;-0,01;-0,1;-0,1;-0,01;-0,01;-0,01;-0,01;-0,39;-0,39;-0,14;-0,14;0,0;0,0
15.07.2026;20:15;20:30;0,07;0,07;0,0;0,0;-0,17;-0,17;-0,25;-0,25;0,0;0,0;-0,02;-0,02;-0,03;-0,03;-0,02;-0,02;-0,02;-0,02;-0,04;-0,04;-0,02;-0,02;-0,09;-0,09;0,0;0,0;-0,04;-0,04;-0,05;-0,05;-0,05;-0,05;-0,01;-0,01;-0,25;-0,25;-0,01;-0,01;-0,04;-0,04;-0,03;-0,03;-0,01;-0,01;-0,05;-0,05;-0,02;-0,02;-0,01;-0,01;-0,22;-0,22;-0,44;-0,44;0,0;0,0
15.07.2026;20:30;20:45;0,03;0,03;0,0;0,0;-0,04;-0,04;-0,27;-0,27;0,0;0,0;-0,03;-0,03;-0,04;-0,04;-0,03;-0,03;-0,01;-0,01;-0,07;-0,07;-0,01;-0,01;-0,16;-0,16;0,0;0,0;-0,03;-0,03;-0,05;-0,05;-0,04;-0,04;-0,01;-0,01;-0,24;-0,24;0,0;0,0;-0,05;-0,05;-0,03;-0,03;-0,02;-0,02;-0,07;-0,07;-0,02;-0,02;-0,01;-0,01;-0,08;-0,08;-0,03;-0,03;0,0;0,0
15.07.2026;20:45;21:00;0,02;0,02;-0,01;-0,01;-0,03;-0,03;-0,22;-0,22;0,0;0,0;-0,03;-0,03;-0,04;-0,04;-0,03;-0,03;-0,02;-0,02;-0,08;-0,08;-0,02;-0,02;-0,04;-0,04;0,0;0,0;-0,02;-0,02;-0,04;-0,04;-0,03;-0,03;-0,01;-0,01;-0,22;-0,22;-0,02;-0,02;-0,04;-0,04;-0,02;-0,02;-0,02;-0,02;-0,05;-0,05;-0,03;-0,03;-0,01;-0,01;-0,03;-0,03;-0,04;-0,04;0,0;0,0
15.07.2026;21:00;21:15;0,01;0,01;0,0;0,0;-0,04;-0,04;-0,11;-0,11;0,0;0,0;-0,02;-0,02;-0,03;-0,03;-0,02;-0,02;-0,03;-0,03;-0,07;-0,07;-0,01;-0,01;-0,05;-0,05;0,0;0,0;-0,03;-0,03;-0,05;-0,05;-0,03;-0,03;-0,01;-0,01;-0,19;-0,19;0,0;0,0;-0,05;-0,05;-0,03;-0,03;-0,01;-0,01;-0,04;-0,04;-0,35;-0,35;-0,02;-0,02;-0,02;-0,02;-0,05;-0,05;0,0;0,0
15.07.2026;21:15;21:30;0,0;0,0;0,0;0,0;-0,04;-0,04;-0,11;-0,11;0,0;0,0;-0,02;-0,02;-0,04;-0,04;-0,02;-0,02;-0,03;-0,03;-0,07;-0,07;-0,01;-0,01;-0,06;-0,06;0,0;0,0;-0,07;-0,07;-0,04;-0,04;-0,03;-0,03;-0,01;-0,01;-0,06;-0,06;0,0;0,0;-0,04;-0,04;-0,11;-0,11;-0,01;-0,01;-0,04;-0,04;-0,09;-0,09;-0,01;-0,01;-0,03;-0,03;-0,29;-0,29;0,0;0,0
15.07.2026;21:30;21:45;0,0;0,0;0,0;0,0;-0,03;-0,03;-0,11;-0,11;0,0;0,0;-0,03;-0,03;-0,03;-0,03;-0,03;-0,03;-0,01;-0,01;-0,07;-0,07;-0,02;-0,02;-0,02;-0,02;0,0;0,0;-0,03;-0,03;-0,04;-0,04;-0,06;-0,06;-0,02;-0,02;-0,42;-0,42;-0,02;-0,02;-0,04;-0,04;-0,09;-0,09;-0,01;-0,01;-0,02;-0,02;-0,07;-0,07;-0,01;-0,01;-0,03;-0,03;-0,04;-0,04;0,0;0,0
15.07.2026;21:45;22:00;0,0;0,0;-0,01;-0,01;-0,04;-0,04;-0,08;-0,08;0,0;0,0;-0,03;-0,03;-0,04;-0,04;-0,02;-0,02;-0,02;-0,02;-0,07;-0,07;-0,01;-0,01;-0,02;-0,02;0,0;0,0;-0,02;-0,02;-0,04;-0,04;-0,02;-0,02;-0,03;-0,03;-0,31;-0,31;0,0;0,0;-0,04;-0,04;-0,07;-0,07;-0,02;-0,02;-0,01;-0,01;-0,05;-0,05;-0,01;-0,01;-0,04;-0,04;-0,03;-0,03;0,0;0,0
15.07.2026;22:00;22:15;0,0;0,0;0,0;0,0;-0,03;-0,03;-0,22;-0,22;-0,01;-0,01;-0,02;-0,02;-0,03;-0,03;-0,03;-0,03;-0,02;-0,02;-0,06;-0,06;0,0;0,0;-0,03;-0,03;-0,01;-0,01;-0,03;-0,03;-0,05;-0,05;-0,02;-0,02;-0,03;-0,03;-0,19;-0,19;-0,01;-0,01;-0,03;-0,03;-0,01;-0,01;-0,03;-0,03;-0,01;-0,01;-0,05;-0,05;-0,01;-0,01;-0,04;-0,04;-0,03;-0,03;0,0;0,0
15.07.2026;22:15;22:30;0,0;0,0;0,0;0,0;-0,02;-0,02;-0,25;-0,25;0,0;0,0;-0,02;-0,02;-0,05;-0,05;-0,03;-0,03;-0,02;-0,02;-0,03;-0,03;0,0;0,0;-0,02;-0,02;0,0;0,0;-0,03;-0,03;-0,04;-0,04;-0,01;-0,01;-0,03;-0,03;-0,49;-0,49;-0,01;-0,01;-0,03;-0,03;-0,02;-0,02;-0,01;-0,01;-0,01;-0,01;-0,04;-0,04;-0,02;-0,02;-0,04;-0,04;-0,04;-0,04;0,0;0,0
15.07.2026;22:30;22:45;0,0;0,0;0,0;0,0;-0,02;-0,02;-0,14;-0,14;0,0;0,0;-0,03;-0,03;-0,04;-0,04;-0,02;-0,02;-0,01;-0,01;-0,02;-0,02;-0,01;-0,01;-0,02;-0,02;0,0;0,0;-0,01;-0,01;-0,04;-0,04;-0,02;-0,02;-0,02;-0,02;-0,21;-0,21;0,0;0,0;-0,02;-0,02;-0,01;-0,01;-0,01;-0,01;-0,01;-0,01;-0,03;-0,03;-0,01;-0,01;-0,03;-0,03;-0,03;-0,03;0,0;0,0
15.07.2026;22:45;23:00;0,0;0,0;0,0;0,0;-0,02;-0,02;-0,07;-0,07;0,0;0,0;-0,03;-0,03;-0,04;-0,04;-0,04;-0,04;-0,03;-0,03;-0,01;-0,01;-0,02;-0,02;-0,01;-0,01;0,0;0,0;-0,01;-0,01;-0,04;-0,04;-0,01;-0,01;-0,02;-0,02;-0,06;-0,06;-0,02;-0,02;-0,03;-0,03;-0,01;-0,01;-0,01;-0,01;-0,01;-0,01;-0,04;-0,04;-0,01;-0,01;-0,03;-0,03;-0,03;-0,03;0,0;0,0
15.07.2026;23:00;23:15;0,0;0,0;-0,01;-0,01;-0,03;-0,03;-0,1;-0,1;0,0;0,0;-0,02;-0,02;-0,04;-0,04;-0,07;-0,07;-0,02;-0,02;-0,01;-0,01;-0,01;-0,01;-0,02;-0,02;0,0;0,0;-0,01;-0,01;-0,04;-0,04;-0,01;-0,01;-0,01;-0,01;-0,06;-0,06;0,0;0,0;-0,03;-0,03;-0,01;-0,01;-0,02;-0,02;-0,01;-0,01;-0,02;-0,02;-0,01;-0,01;-0,03;-0,03;-0,03;-0,03;0,0;0,0
15.07.2026;23:15;23:30;0,0;0,0;0,0;0,0;-0,02;-0,02;-0,07;-0,07;0,0;0,0;-0,02;-0,02;-0,04;-0,04;-0,05;-0,05;-0,03;-0,03;-0,01;-0,01;-0,02;-0,02;-0,02;-0,02;0,0;0,0;-0,02;-0,02;-0,01;-0,01;-0,02;-0,02;-0,03;-0,03;-0,05;-0,05;-0,01;-0,01;-0,02;-0,02;-0,01;-0,01;-0,02;-0,02;-0,01;-0,01;-0,01;-0,01;-0,01;-0,01;-0,04;-0,04;-0,01;-0,01;0,0;0,0
15.07.2026;23:30;23:45;0,0;0,0;0,0;0,0;-0,03;-0,03;-0,08;-0,08;0,0;0,0;-0,03;-0,03;-0,04;-0,04;-0,05;-0,05;-0,01;-0,01;-0,01;-0,01;-0,01;-0,01;0,0;0,0;0,0;0,0;0,0;0,0;-0,01;-0,01;-0,01;-0,01;-0,02;-0,02;-0,05;-0,05;-0,01;-0,01;-0,02;-0,02;-0,01;-0,01;-0,02;-0,02;-0,01;-0,01;-0,01;-0,01;-0,02;-0,02;-0,03;-0,03;-0,02;-0,02;0,0;0,0
15.07.2026;23:45;00:00;0,0;0,0;0,0;0,0;-0,02;-0,02;-0,07;-0,07;0,0;0,0;-0,02;-0,02;-0,03;-0,03;-0,04;-0,04;-0,02;-0,02;-0,02;-0,02;-0,01;-0,01;-0,01;-0,01;0,0;0,0;-0,01;-0,01;-0,01;-0,01;0,0;0,0;-0,03;-0,03;-0,05;-0,05;0,0;0,0;-0,03;-0,03;-0,01;-0,01;-0,01;-0,01;-0,01;-0,01;-0,02;-0,02;-0,18;-0,18;-0,3;-0,3;0,0;0,0;0,0;0,0
16.07.2026;00:00;00:15;0,0;0,0;-0,01;-0,01;-0,03;-0,03;-0,08;-0,08;0,0;0,0;0,0;0,0;-0,04;-0,04;-0,04;-0,04;-0,02;-0,02;-0,02;-0,02;-0,02;-0,02;-0,02;-0,02;0,0;0,0;-0,02;-0,02;-0,01;-0,01;-0,01;-0,01;-0,01;-0,01;-0,12;-0,12;-0,02;-0,02;-0,02;-0,02;-0,01;-0,01;-0,01;-0,01;-0,01;-0,01;-0,02;-0,02;0,0;0,0;-0,18;-0,18;-0,02;-0,02;0,0;0,0
16.07.2026;00:15;00:30;0,0;0,0;0,0;0,0;-0,02;-0,02;-0,07;-0,07;0,0;0,0;-0,01;-0,01;-0,04;-0,04;-0,03;-0,03;-0,02;-0,02;-0,02;-0,02;-0,01;-0,01;0,0;0,0;0,0;0,0;0,0;0,0;-0,01;-0,01;-0,01;-0,01;-0,02;-0,02;-0,14;-0,14;0,0;0,0;-0,02;-0,02;-0,01;-0,01;-0,01;-0,01;-0,01;-0,01;-0,01;-0,01;-0,01;-0,01;-0,3;-0,3;-0,01;-0,01;0,0;0,0
16.07.2026;00:30;00:45;0,0;0,0;0,0;0,0;-0,03;-0,03;-0,07;-0,07;0,0;0,0;-0,02;-0,02;-0,04;-0,04;-0,03;-0,03;-0,02;-0,02;-0,02;-0,02;0,0;0,0;-0,01;-0,01;0,0;0,0;-0,01;-0,01;-0,01;-0,01;-0,01;-0,01;-0,02;-0,02;-0,06;-0,06;0,0;0,0;-0,02;-0,02;-0,02;-0,02;-0,02;-0,02;-0,01;-0,01;-0,01;-0,01;-0,02;-0,02;-0,09;-0,09;-0,01;-0,01;0,0;0,0
16.07.2026;00:45;01:00;0,0;0,0;0,0;0,0;-0,02;-0,02;-0,08;-0,08;0,0;0,0;-0,01;-0,01;-0,03;-0,03;-0,02;-0,02;-0,02;-0,02;-0,01;-0,01;0,0;0,0;-0,02;-0,02;0,0;0,0;-0,01;-0,01;-0,01;-0,01;-0,02;-0,02;-0,03;-0,03;-0,02;-0,02;-0,02;-0,02;-0,02;-0,02;0,0;0,0;-0,02;-0,02;-0,01;-0,01;-0,01;-0,01;-0,01;-0,01;-0,02;-0,02;-0,02;-0,02;0,0;0,0
16.07.2026;01:00;01:15;0,0;0,0;0,0;0,0;-0,03;-0,03;-0,06;-0,06;0,0;0,0;-0,01;-0,01;-0,04;-0,04;-0,01;-0,01;-0,01;-0,01;-0,01;-0,01;-0,01;-0,01;0,0;0,0;0,0;0,0;-0,02;-0,02;-0,02;-0,02;-0,01;-0,01;-0,03;-0,03;-0,01;-0,01;0,0;0,0;-0,03;-0,03;-0,02;-0,02;-0,01;-0,01;-0,01;-0,01;-0,01;-0,01;-0,02;-0,02;-0,02;-0,02;0,0;0,0;0,0;0,0
16.07.2026;01:15;01:30;0,0;0,0;-0,01;-0,01;-0,02;-0,02;-0,09;-0,09;0,0;0,0;-0,01;-0,01;-0,03;-0,03;-0,01;-0,01;-0,03;-0,03;-0,01;-0,01;-0,02;-0,02;-0,01;-0,01;0,0;0,0;0,0;0,0;0,0;0,0;-0,01;-0,01;-0,02;-0,02;-0,02;-0,02;-0,01;-0,01;-0,02;-0,02;-0,01;-0,01;-0,01;-0,01;-0,01;-0,01;-0,02;-0,02;-0,01;-0,01;-0,01;-0,01;-0,02;-0,02;0,0;0,0
16.07.2026;01:30;01:45;0,0;0,0;0,0;0,0;-0,02;-0,02;-0,08;-0,08;0,0;0,0;-0,01;-0,01;-0,04;-0,04;-0,01;-0,01;-0,02;-0,02;0,0;0,0;-0,01;-0,01;-0,02;-0,02;0,0;0,0;0,0;0,0;-0,02;-0,02;-0,01;-0,01;-0,01;-0,01;-0,03;-0,03;-0,01;-0,01;-0,02;-0,02;0,0;0,0;-0,01;-0,01;-0,02;-0,02;0,0;0,0;-0,02;-0,02;-0,01;-0,01;-0,01;-0,01;0,0;0,0
16.07.2026;01:45;02:00;0,0;0,0;0,0;0,0;-0,02;-0,02;-0,07;-0,07;0,0;0,0;-0,02;-0,02;-0,04;-0,04;-0,01;-0,01;-0,01;-0,01;-0,01;-0,01;-0,02;-0,02;0,0;0,0;0,0;0,0;-0,02;-0,02;-0,01;-0,01;-0,01;-0,01;0,0;0,0;-0,01;-0,01;0,0;0,0;-0,02;-0,02;-0,01;-0,01;-0,03;-0,03;0,0;0,0;-0,01;-0,01;-0,01;-0,01;-0,01;-0,01;-0,01;-0,01;0,0;0,0
16.07.2026;02:00;02:15;0,0;0,0;0,0;0,0;0,0;0,0;-0,13;-0,13;0,0;0,0;-0,02;-0,02;-0,03;-0,03;-0,01;-0,01;-0,03;-0,03;0,0;0,0;-0,01;-0,01;-0,01;-0,01;0,0;0,0;-0,01;-0,01;-0,01;-0,01;-0,01;-0,01;-0,02;-0,02;0,0;0,0;-0,02;-0,02;-0,02;-0,02;-0,01;-0,01;-0,02;-0,02;-0,01;-0,01;-0,02;-0,02;-0,01;-0,01;-0,01;-0,01;-0,01;-0,01;0,0;0,0
16.07.2026;02:15;02:30;0,0;0,0;-0,01;-0,01;-0,01;-0,01;-0,06;-0,06;0,0;0,0;-0,03;-0,03;-0,04;-0,04;-0,02;-0,02;-0,01;-0,01;-0,01;-0,01;-0,02;-0,02;-0,01;-0,01;0,0;0,0;-0,01;-0,01;-0,01;-0,01;-0,01;-0,01;-0,01;-0,01;-0,02;-0,02;0,0;0,0;-0,02;-0,02;-0,01;-0,01;-0,01;-0,01;-0,01;-0,01;-0,01;-0,01;-0,02;-0,02;-0,01;-0,01;-0,02;-0,02;0,0;0,0
16.07.2026;02:30;02:45;0,0;0,0;0,0;0,0;0,0;0,0;-0,07;-0,07;0,0;0,0;-0,04;-0,04;-0,03;-0,03;0,0;0,0;-0,02;-0,02;0,0;0,0;-0,01;-0,01;-0,01;-0,01;0,0;0,0;-0,01;-0,01;-0,01;-0,01;-0,01;-0,01;-0,01;-0,01;-0,02;-0,02;0,0;0,0;-0,02;-0,02;-0,01;-0,01;-0,01;-0,01;-0,01;-0,01;-0,01;-0,01;-0,01;-0,01;-0,01;-0,01;-0,01;-0,01;0,0;0,0
16.07.2026;02:45;03:00;0,0;0,0;0,0;0,0;0,0;0,0;-0,06;-0,06;0,0;0,0;-0,02;-0,02;-0,04;-0,04;-0,02;-0,02;-0,02;-0,02;-0,01;-0,01;0,0;0,0;-0,01;-0,01;0,0;0,0;-0,01;-0,01;-0,01;-0,01;-0,01;-0,01;0,0;0,0;-0,02;-0,02;-0,02;-0,02;-0,02;-0,02;-0,01;-0,01;-0,01;-0,01;-0,02;-0,02;-0,01;-0,01;-0,01;-0,01;-0,02;-0,02;-0,01;-0,01;0,0;0,0
16.07.2026;03:00;03:15;0,0;0,0;0,0;0,0;-0,01;-0,01;-0,07;-0,07;-0,01;-0,01;-0,02;-0,02;-0,03;-0,03;-0,01;-0,01;-0,01;-0,01;-0,02;-0,02;-0,01;-0,01;-0,01;-0,01;-0,01;-0,01;-0,01;-0,01;-0,01;-0,01;-0,01;-0,01;0,0;0,0;0,0;0,0;0,0;0,0;-0,02;-0,02;-0,01;-0,01;-0,02;-0,02;0,0;0,0;-0,01;-0,01;-0,02;-0,02;-0,01;-0,01;-0,01;-0,01;0,0;0,0
16.07.2026;03:15;03:30;0,0;0,0;0,0;0,0;0,0;0,0;-0,07;-0,07;0,0;0,0;-0,03;-0,03;-0,04;-0,04;0,0;0,0;-0,02;-0,02;-0,02;-0,02;0,0;0,0;-0,01;-0,01;0,0;0,0;0,0;0,0;-0,01;-0,01;-0,01;-0,01;-0,01;-0,01;-0,02;-0,02;-0,01;-0,01;-0,02;-0,02;-0,01;-0,01;-0,02;-0,02;-0,01;-0,01;-0,02;-0,02;-0,01;-0,01;-0,01;-0,01;-0,01;-0,01;0,0;0,0
16.07.2026;03:30;03:45;0,0;0,0;-0,01;-0,01;-0,01;-0,01;-0,15;-0,15;0,0;0,0;-0,03;-0,03;-0,03;-0,03;-0,02;-0,02;-0,02;-0,02;-0,01;-0,01;-0,02;-0,02;-0,01;-0,01;0,0;0,0;-0,02;-0,02;-0,01;-0,01;-0,01;-0,01;-0,01;-0,01;-0,01;-0,01;-0,01;-0,01;-0,02;-0,02;-0,02;-0,02;-0,02;-0,02;-0,02;-0,02;-0,01;-0,01;-0,01;-0,01;-0,01;-0,01;-0,02;-0,02;0,0;0,0
16.07.2026;03:45;04:00;0,0;0,0;0,0;0,0;-0,01;-0,01;-0,1;-0,1;0,0;0,0;-0,02;-0,02;-0,04;-0,04;0,0;0,0;-0,02;-0,02;-0,02;-0,02;-0,01;-0,01;-0,01;-0,01;0,0;0,0;-0,01;-0,01;-0,01;-0,01;0,0;0,0;-0,01;-0,01;-0,01;-0,01;0,0;0,0;-0,03;-0,03;0,0;0,0;-0,01;-0,01;0,0;0,0;-0,01;-0,01;-0,02;-0,02;-0,01;-0,01;0,0;0,0;0,0;0,0
16.07.2026;04:00;04:15;0,0;0,0;0,0;0,0;-0,01;-0,01;-0,11;-0,11;0,0;0,0;-0,02;-0,02;-0,04;-0,04;-0,02;-0,02;-0,02;-0,02;-0,02;-0,02;-0,02;-0,02;0,0;0,0;0,0;0,0;0,0;0,0;-0,01;-0,01;-0,02;-0,02;0,0;0,0;-0,02;-0,02;-0,02;-0,02;-0,02;-0,02;-0,02;-0,02;0,0;0,0;-0,02;-0,02;-0,01;-0,01;-0,01;-0,01;-0,01;-0,01;-0,02;-0,02;0,0;0,0
16.07.2026;04:15;04:30;0,0;0,0;0,0;0,0;-0,02;-0,02;-0,12;-0,12;0,0;0,0;-0,03;-0,03;-0,03;-0,03;0,0;0,0;-0,02;-0,02;0,0;0,0;-0,01;-0,01;-0,02;-0,02;0,0;0,0;-0,01;-0,01;-0,01;-0,01;-0,01;-0,01;-0,01;-0,01;-0,02;-0,02;0,0;0,0;-0,02;-0,02;-0,01;-0,01;-0,02;-0,02;-0,01;-0,01;-0,01;-0,01;-0,02;-0,02;-0,01;-0,01;-0,01;-0,01;0,0;0,0
16.07.2026;04:30;04:45;0,0;0,0;-0,01;-0,01;-0,01;-0,01;-0,15;-0,15;0,0;0,0;-0,03;-0,03;-0,04;-0,04;-0,02;-0,02;-0,01;-0,01;-0,01;-0,01;-0,01;-0,01;0,0;0,0;0,0;0,0;-0,02;-0,02;-0,01;-0,01;0,0;0,0;0,0;0,0;-0,04;-0,04;0,0;0,0;-0,02;-0,02;-0,01;-0,01;-0,02;-0,02;0,0;0,0;-0,01;-0,01;-0,01;-0,01;-0,02;-0,02;-0,03;-0,03;0,0;0,0
16.07.2026;04:45;05:00;0,0;0,0;0,0;0,0;0,0;0,0;-0,19;-0,19;0,0;0,0;-0,02;-0,02;-0,03;-0,03;0,0;0,0;-0,02;-0,02;0,0;0,0;-0,02;-0,02;-0,01;-0,01;0,0;0,0;0,0;0,0;-0,02;-0,02;-0,02;-0,02;-0,02;-0,02;-0,03;-0,03;-0,02;-0,02;-0,02;-0,02;-0,01;-0,01;-0,02;-0,02;-0,02;-0,02;-0,01;-0,01;-0,01;-0,01;-0,02;-0,02;-0,02;-0,02;0,0;0,0
16.07.2026;05:00;05:15;0,0;0,0;0,0;0,0;-0,01;-0,01;-0,16;-0,16;0,0;0,0;-0,02;-0,02;-0,03;-0,03;-0,01;-0,01;-0,02;-0,02;-0,01;-0,01;-0,01;-0,01;-0,01;-0,01;0,0;0,0;-0,01;-0,01;-0,1;-0,1;-0,08;-0,08;-0,01;-0,01;-0,02;-0,02;0,0;0,0;-0,02;-0,02;-0,01;-0,01;-0,01;-0,01;-0,01;-0,01;-0,02;-0,02;-0,02;-0,02;-0,01;-0,01;-0,03;-0,03;0,0;0,0
16.07.2026;05:15;05:30;0,0;0,0;0,0;0,0;0,0;0,0;-0,16;-0,16;0,0;0,0;-0,03;-0,03;-0,04;-0,04;-0,01;-0,01;-0,01;-0,01;0,0;0,0;0,0;0,0;-0,01;-0,01;0,0;0,0;-0,01;-0,01;-0,03;-0,03;-0,05;-0,05;0,0;0,0;-0,02;-0,02;-0,01;-0,01;-0,02;-0,02;-0,01;-0,01;-0,01;-0,01;-0,01;-0,01;-0,01;-0,01;-0,01;-0,01;0,0;0,0;-0,02;-0,02;0,0;0,0
16.07.2026;05:30;05:45;0,0;0,0;0,0;0,0;-0,01;-0,01;-0,18;-0,18;0,0;0,0;-0,03;-0,03;-0,03;-0,03;-0,01;-0,01;-0,03;-0,03;0,0;0,0;0,0;0,0;-0,01;-0,01;0,0;0,0;-0,01;-0,01;-0,01;-0,01;-0,02;-0,02;-0,08;-0,08;-0,01;-0,01;-0,01;-0,01;-0,02;-0,02;-0,01;-0,01;-0,01;-0,01;-0,01;-0,01;0,0;0,0;-0,01;-0,01;-0,01;-0,01;-0,07;-0,07;0,0;0,0
16.07.2026;05:45;06:00;0,0;0,0;-0,01;-0,01;-0,01;-0,01;-0,16;-0,16;0,0;0,0;-0,12;-0,12;-0,04;-0,04;-0,01;-0,01;-0,01;-0,01;-0,01;-0,01;-0,01;-0,01;-0,01;-0,01;0,0;0,0;-0,01;-0,01;-0,02;-0,02;-0,01;-0,01;-0,01;-0,01;-0,02;-0,02;0,0;0,0;-0,02;-0,02;-0,01;-0,01;-0,02;-0,02;-0,01;-0,01;-0,02;-0,02;-0,01;-0,01;-0,01;-0,01;-0,02;-0,02;0,0;0,0
16.07.2026;06:00;06:15;0,0;0,0;0,0;0,0;-0,02;-0,02;-0,22;-0,22;0,0;0,0;-0,03;-0,03;-0,03;-0,03;-0,01;-0,01;-0,02;-0,02;-0,01;-0,01;-0,02;-0,02;-0,01;-0,01;0,0;0,0;0,0;0,0;-0,01;-0,01;-0,01;-0,01;-0,02;-0,02;-0,01;-0,01;-0,02;-0,02;-0,02;-0,02;-0,01;-0,01;-0,03;-0,03;-0,01;-0,01;-0,01;-0,01;-0,02;-0,02;-0,01;-0,01;-0,01;-0,01;0,0;0,0
16.07.2026;06:15;06:30;0,02;0,02;0,0;0,0;-0,09;-0,09;-0,18;-0,18;0,0;0,0;-0,03;-0,03;-0,05;-0,05;-0,03;-0,03;-0,02;-0,02;-0,13;-0,13;-0,01;-0,01;-0,01;-0,01;0,0;0,0;-0,05;-0,05;-0,01;-0,01;-0,02;-0,02;-0,01;-0,01;-0,02;-0,02;0,0;0,0;-0,02;-0,02;-0,01;-0,01;-0,01;-0,01;-0,01;-0,01;-0,01;-0,01;0,0;0,0;-0,02;-0,02;-0,01;-0,01;0,0;0,0
16.07.2026;06:30;06:45;0,03;0,03;0,0;0,0;-0,09;-0,09;-0,08;-0,08;0,0;0,0;-0,02;-0,02;-0,04;-0,04;-0,02;-0,02;-0,01;-0,01;-0,03;-0,03;-0,02;-0,02;-0,01;-0,01;0,0;0,0;-0,01;-0,01;-0,01;-0,01;0,0;0,0;-0,01;-0,01;0,0;0,0;0,0;0,0;-0,02;-0,02;-0,06;-0,06;-0,01;-0,01;-0,01;-0,01;-0,01;-0,01;-0,01;-0,01;-0,03;-0,03;-0,02;-0,02;0,0;0,0
16.07.2026;06:45;07:00;0,05;0,05;-0,01;-0,01;-0,03;-0,03;-0,09;-0,09;0,0;0,0;-0,02;-0,02;-0,04;-0,04;-0,02;-0,02;-0,03;-0,03;-0,06;-0,06;-0,01;-0,01;-0,01;-0,01;0,0;0,0;-0,01;-0,01;-0,01;-0,01;-0,01;-0,01;0,0;0,0;-0,03;-0,03;-0,02;-0,02;-0,02;-0,02;-0,03;-0,03;0,0;0,0;-0,01;-0,01;-0,02;-0,02;0,0;0,0;-0,01;-0,01;-0,01;-0,01;0,0;0,0
16.07.2026;07:00;07:15;0,08;0,08;0,0;0,0;-0,02;-0,02;-0,2;-0,2;0,0;0,0;-0,04;-0,04;-0,04;-0,04;-0,02;-0,02;-0,01;-0,01;-0,03;-0,03;-0,01;-0,01;-0,01;-0,01;0,0;0,0;-0,02;-0,02;-0,01;-0,01;-0,01;-0,01;-0,03;-0,03;-0,03;-0,03;0,0;0,0;-0,02;-0,02;-0,01;-0,01;-0,02;-0,02;-0,01;-0,01;-0,02;-0,02;-0,01;-0,01;-0,01;-0,01;-0,01;-0,01;0,0;0,0
16.07.2026;07:15;07:30;0,23;0,17;0,0;0,0;-0,02;-0,02;-0,2;-0,14;0,0;0,0;-0,02;-0,02;-0,04;-0,04;-0,05;-0,05;-0,01;-0,01;-0,01;-0,01;-0,02;-0,02;-0,01;-0,01;0,0;0,0;-0,31;-0,31;-0,01;-0,01;-0,01;-0,01;-0,02;-0,02;-0,02;-0,02;-0,01;-0,01;-0,03;-0,03;-0,01;-0,01;-0,03;-0,03;-0,01;-0,01;0,0;0,0;-0,01;-0,01;-0,01;-0,01;-0,01;-0,01;0,0;0,0
16.07.2026;07:30;07:45;0,26;0,19;0,0;0,0;-0,01;-0,01;-0,24;-0,17;0,0;0,0;-0,02;-0,02;-0,03;-0,03;-0,01;-0,01;-0,02;-0,02;-0,02;-0,02;0,0;0,0;0,0;0,0;0,0;0,0;-0,2;-0,2;-0,01;-0,01;0,0;0,0;-0,23;-0,23;-0,01;-0,01;-0,01;-0,01;-0,03;-0,03;-0,01;-0,01;-0,01;-0,01;-0,01;-0,01;-0,01;-0,01;-0,01;-0,01;-0,02;-0,02;-0,05;-0,05;0,0;0,0
16.07.2026;07:45;08:00;0,6;0,19;-0,01;0,0;0,0;0,0;-0,17;-0,07;0,0;0,0;-0,03;-0,01;-0,04;-0,02;-0,03;-0,01;-0,02;0,0;-0,01;0,0;-0,01;0,0;-0,02;0,0;0,0;0,0;-0,27;-0,25;-0,01;0,0;-0,01;0,0;-0,03;-0,01;-0,01;0,0;0,0;0,0;-0,03;-0,01;0,0;0,0;-0,01;0,0;-0,04;-0,02;-0,02;0,0;-0,01;0,0;-0,01;0,0;-0,02;0,0;0,0;0,0
16.07.2026;08:00;08:15;1,04;0,52;0,0;0,0;-0,01;0,0;-0,09;0,0;-0,01;0,0;-0,03;0,0;-0,04;0,0;-0,02;0,0;-0,02;0,0;-0,02;0,0;0,0;0,0;0,0;0,0;-0,01;0,0;-0,02;0,0;-0,01;0,0;-0,02;0,0;-0,05;0,0;-0,01;0,0;-0,02;0,0;-0,02;0,0;-0,02;0,0;-0,01;0,0;-0,04;0,0;-0,01;0,0;-0,01;0,0;-0,01;0,0;-0,02;0,0;0,0;0,0
16.07.2026;08:15;08:30;0,72;0,26;0,0;0,0;0,0;0,0;-0,1;0,0;0,0;0,0;-0,03;0,0;-0,04;-0,01;-0,2;-0,17;-0,02;0,0;-0,01;0,0;-0,01;0,0;-0,01;0,0;0,0;0,0;-0,01;0,0;-0,01;0,0;-0,01;0,0;-0,12;-0,09;-0,01;0,0;0,0;0,0;-0,03;0,0;-0,01;0,0;-0,02;0,0;-0,04;-0,01;-0,01;0,0;-0,01;0,0;-0,01;0,0;-0,2;-0,17;0,0;0,0
16.07.2026;08:30;08:45;0,92;0,28;0,0;0,0;-0,01;0,0;-0,09;0,0;0,0;0,0;-0,02;0,0;-0,03;0,0;-0,35;-0,28;-0,01;0,0;0,0;0,0;-0,02;0,0;-0,02;0,0;0,0;0,0;-0,01;0,0;-0,01;0,0;-0,01;0,0;-0,13;-0,06;-0,03;0,0;0,0;0,0;-0,15;-0,08;-0,01;0,0;-0,02;0,0;-0,04;0,0;-0,01;0,0;-0,01;0,0;-0,01;0,0;-0,42;-0,35;0,0;0,0
16.07.2026;08:45;09:00;0,69;0,19;0,0;0,0;-0,01;0,0;-0,14;-0,02;0,0;0,0;-0,03;0,0;-0,04;-0,01;-0,25;-0,22;-0,02;0,0;-0,01;0,0;-0,01;0,0;0,0;0,0;0,0;0,0;0,0;0,0;-0,01;0,0;-0,01;0,0;-0,15;-0,12;-0,01;0,0;-0,02;0,0;-0,02;0,0;-0,01;0,0;-0,02;0,0;-0,11;-0,08;-0,02;0,0;-0,02;0,0;-0,01;0,0;-0,24;-0,21;0,0;0,0
16.07.2026;09:00;09:15;1,08;0,43;-0,01;0,0;-0,02;0,0;-0,09;0,0;0,0;0,0;-0,03;0,0;-0,04;0,0;-0,26;-0,18;-0,02;0,0;0,0;0,0;-0,02;0,0;-0,12;-0,04;0,0;0,0;-0,01;0,0;-0,01;0,0;-0,01;0,0;-0,15;-0,07;-0,01;0,0;0,0;0,0;-0,02;0,0;-0,01;0,0;-0,01;0,0;-0,05;0,0;-0,01;0,0;-0,01;0,0;-0,01;0,0;-0,02;0,0;0,0;0,0
16.07.2026;09:15;09:30;1,16;0,53;0,0;0,0;-0,01;0,0;-0,07;0,0;0,0;0,0;-0,02;0,0;-0,03;0,0;-0,23;-0,12;-0,01;0,0;-0,01;0,0;-0,01;0,0;-0,04;0,0;0,0;0,0;-0,02;0,0;-0,02;0,0;-0,01;0,0;-0,14;-0,03;-0,01;0,0;-0,01;0,0;-0,03;0,0;-0,01;0,0;-0,01;0,0;-0,04;0,0;0,0;0,0;-0,01;0,0;-0,01;0,0;-0,03;0,0;0,0;0,0
16.07.2026;09:30;09:45;0,82;0,25;0,0;0,0;-0,01;0,0;-0,08;0,0;0,0;0,0;-0,03;0,0;-0,04;0,0;-0,23;-0,19;-0,02;0,0;-0,02;0,0;-0,01;0,0;-0,06;-0,02;0,0;0,0;0,0;0,0;-0,03;0,0;-0,01;0,0;-0,14;-0,1;-0,01;0,0;-0,01;0,0;-0,03;0,0;-0,01;0,0;-0,01;0,0;-0,05;-0,01;-0,02;0,0;-0,01;0,0;-0,02;0,0;-0,11;-0,07;0,0;0,0
16.07.2026;09:45;10:00;0,24;0,18;0,0;0,0;0,0;0,0;-0,08;-0,02;0,0;0,0;-0,03;-0,03;-0,04;-0,04;-0,1;-0,1;-0,02;-0,02;-0,02;-0,02;-0,02;-0,02;-0,07;-0,07;0,0;0,0;-0,01;-0,01;-0,04;-0,04;-0,01;-0,01;-0,05;-0,05;-0,02;-0,02;0,0;0,0;-0,03;-0,03;-0,01;-0,01;-0,02;-0,02;-0,05;-0,05;-0,01;-0,01;-0,01;-0,01;-0,01;-0,01;-0,02;-0,02;0,0;0,0
16.07.2026;10:00;10:15;0,27;0,19;-0,01;-0,01;-0,01;-0,01;-0,12;-0,04;0,0;0,0;-0,01;-0,01;-0,03;-0,03;-0,02;-0,02;-0,01;-0,01;-0,01;-0,01;0,0;0,0;-0,07;-0,07;0,0;0,0;-0,01;-0,01;-0,04;-0,04;-0,01;-0,01;-0,02;-0,02;0,0;0,0;-0,01;-0,01;-0,13;-0,13;0,0;0,0;-0,02;-0,02;-0,04;-0,04;-0,01;-0,01;-0,01;-0,01;-0,01;-0,01;-0,02;-0,02;0,0;0,0
16.07.2026;10:15;10:30;2,68;2,02;0,0;0,0;0,0;0,0;-0,23;0,0;0,0;0,0;-0,02;0,0;-0,04;0,0;-0,02;0,0;-0,02;0,0;-0,02;0,0;0,0;0,0;-0,06;0,0;0,0;0,0;-0,01;0,0;-0,04;0,0;-0,01;0,0;0,0;0,0;-0,01;0,0;-0,01;0,0;-0,05;0,0;-0,01;0,0;-0,01;0,0;-0,05;0,0;-0,01;0,0;-0,01;0,0;-0,01;0,0;-0,02;0,0;0,0;0,0
16.07.2026;10:30;10:45;2,17;1,45;0,0;0,0;-0,01;0,0;-0,21;0,0;0,0;0,0;-0,1;0,0;-0,03;0,0;-0,02;0,0;-0,05;0,0;-0,02;0,0;0,0;0,0;-0,07;0,0;0,0;0,0;-0,01;0,0;-0,03;0,0;0,0;0,0;-0,01;0,0;-0,01;0,0;0,0;0,0;-0,03;0,0;-0,01;0,0;-0,01;0,0;-0,04;0,0;-0,02;0,0;-0,02;0,0;-0,01;0,0;-0,01;0,0;0,0;0,0
16.07.2026;10:45;11:00;1,87;1,3;0,0;0,0;-0,02;0,0;-0,09;0,0;0,0;0,0;-0,03;0,0;-0,04;0,0;-0,04;0,0;-0,01;0,0;0,0;0,0;-0,02;0,0;-0,1;0,0;0,0;0,0;0,0;0,0;-0,04;0,0;-0,02;0,0;0,0;0,0;-0,01;0,0;-0,02;0,0;-0,02;0,0;-0,01;0,0;-0,01;0,0;-0,05;0,0;-0,01;0,0;-0,01;0,0;-0,01;0,0;-0,01;0,0;0,0;0,0
16.07.2026;11:00;11:15;2,06;1,42;0,0;0,0;-0,01;0,0;-0,08;0,0;0,0;0,0;-0,02;0,0;-0,04;0,0;-0,04;0,0;-0,02;0,0;-0,01;0,0;-0,02;0,0;-0,16;0,0;0,0;0,0;-0,02;0,0;-0,03;0,0;-0,01;0,0;-0,02;0,0;-0,02;0,0;0,0;0,0;-0,02;0,0;-0,01;0,0;-0,02;0,0;-0,04;0,0;-0,01;0,0;-0,01;0,0;-0,01;0,0;-0,02;0,0;0,0;0,0
16.07.2026;11:15;11:30;2,27;1,47;-0,01;0,0;-0,02;0,0;-0,1;0,0;0,0;0,0;-0,02;0,0;-0,03;0,0;-0,05;0,0;-0,02;0,0;0,0;0,0;-0,01;0,0;-0,3;-0,03;0,0;0,0;-0,01;0,0;-0,04;0,0;0,0;0,0;-0,03;0,0;-0,01;0,0;-0,01;0,0;-0,03;0,0;-0,01;0,0;-0,03;0,0;-0,05;0,0;-0,01;0,0;-0,01;0,0;-0,02;0,0;-0,01;0,0;0,0;0,0
16.07.2026;11:30;11:45;3,95;3,14;0,0;0,0;0,0;0,0;-0,09;0,0;0,0;0,0;-0,03;0,0;-0,04;0,0;-0,14;0,0;-0,02;0,0;0,0;0,0;-0,02;0,0;-0,22;0,0;0,0;0,0;0,0;0,0;-0,04;0,0;-0,02;0,0;-0,03;0,0;0,0;0,0;-0,01;0,0;-0,02;0,0;-0,01;0,0;-0,01;0,0;-0,05;0,0;-0,02;0,0;-0,02;0,0;-0,01;0,0;-0,01;0,0;0,0;0,0
16.07.2026;11:45;12:00;4,23;3,37;0,0;0,0;-0,01;0,0;-0,09;0,0;0,0;0,0;-0,03;0,0;-0,03;0,0;-0,13;0,0;-0,01;0,0;-0,01;0,0;-0,01;0,0;-0,05;0,0;0,0;0,0;-0,01;0,0;-0,34;0,0;-0,01;0,0;-0,02;0,0;-0,01;0,0;0,0;0,0;-0,02;0,0;-0,01;0,0;-0,01;0,0;-0,03;0,0;0,0;0,0;-0,01;0,0;-0,01;0,0;-0,01;0,0;0,0;0,0
16.07.2026;12:00;12:15;4,15;3,53;0,0;0,0;0,0;0,0;-0,09;0,0;0,0;0,0;-0,03;0,0;-0,04;0,0;-0,04;0,0;-0,02;0,0;0,0;0,0;-0,01;0,0;-0,07;0,0;0,0;0,0;-0,02;0,0;-0,1;0,0;0,0;0,0;-0,02;0,0;-0,01;0,0;-0,01;0,0;-0,02;0,0;-0,01;0,0;-0,01;0,0;-0,08;0,0;-0,01;0,0;-0,01;0,0;-0,01;0,0;-0,01;0,0;0,0;0,0
16.07.2026;12:15;12:30;4,17;3,49;-0,01;0,0;-0,01;0,0;-0,09;0,0;0,0;0,0;-0,02;0,0;-0,03;0,0;-0,03;0,0;-0,02;0,0;-0,01;0,0;-0,02;0,0;-0,07;0,0;0,0;0,0;-0,01;0,0;-0,06;0,0;-0,01;0,0;-0,11;0,0;-0,02;0,0;-0,01;0,0;-0,02;0,0;-0,01;0,0;-0,02;0,0;-0,04;0,0;-0,02;0,0;-0,02;0,0;-0,01;0,0;-0,01;0,0;0,0;0,0
16.07.2026;12:30;12:45;4,18;3,53;0,0;0,0;-0,01;0,0;-0,08;0,0;0,0;0,0;-0,04;0,0;-0,04;0,0;-0,03;0,0;-0,02;0,0;-0,02;0,0;0,0;0,0;-0,07;0,0;0,0;0,0;0,0;0,0;-0,05;0,0;-0,02;0,0;-0,12;0,0;-0,01;0,0;0,0;0,0;-0,02;0,0;-0,02;0,0;-0,02;0,0;-0,04;0,0;-0,01;0,0;-0,01;0,0;-0,01;0,0;-0,01;0,0;0,0;0,0
16.07.2026;12:45;13:00;4,18;3,48;0,0;0,0;-0,01;0,0;-0,09;0,0;0,0;0,0;-0,14;0,0;-0,03;0,0;-0,03;0,0;-0,01;0,0;-0,01;0,0;0,0;0,0;-0,06;0,0;0,0;0,0;-0,01;0,0;-0,05;0,0;0,0;0,0;-0,03;0,0;0,0;0,0;-0,02;0,0;-0,08;0,0;0,0;0,0;-0,02;0,0;-0,05;0,0;-0,01;0,0;-0,01;0,0;-0,01;0,0;-0,03;0,0;0,0;0,0
16.07.2026;13:00;13:15;4,23;3,09;0,0;0,0;-0,02;0,0;-0,07;0,0;-0,01;0,0;-0,06;0,0;-0,04;0,0;-0,01;0,0;-0,02;0,0;-0,02;0,0;-0,01;0,0;-0,07;0,0;-0,01;0,0;-0,02;0,0;-0,04;0,0;-0,01;0,0;-0,06;0,0;-0,01;0,0;0,0;0,0;-0,53;0,0;-0,01;0,0;-0,01;0,0;-0,04;0,0;-0,01;0,0;-0,01;0,0;-0,02;0,0;-0,03;0,0;0,0;0,0
16.07.2026;13:15;13:30;4,2;3,38;0,0;0,0;-0,01;0,0;-0,09;0,0;0,0;0,0;-0,03;0,0;-0,04;0,0;-0,03;0,0;-0,02;0,0;-0,02;0,0;-0,01;0,0;-0,06;0,0;0,0;0,0;0,0;0,0;-0,06;0,0;-0,01;0,0;-0,02;0,0;-0,01;0,0;-0,01;0,0;-0,28;0,0;-0,02;0,0;-0,01;0,0;-0,04;0,0;-0,02;0,0;0,0;0,0;-0,01;0,0;-0,02;0,0;0,0;0,0
16.07.2026;13:30;13:45;3,33;2,61;-0,01;0,0;-0,01;0,0;-0,1;0,0;0,0;0,0;-0,03;0,0;-0,03;0,0;-0,02;0,0;-0,01;0,0;-0,01;0,0;-0,02;0,0;-0,06;0,0;0,0;0,0;0,0;0,0;-0,04;0,0;-0,01;0,0;-0,03;0,0;-0,02;0,0;-0,01;0,0;-0,23;0,0;0,0;0,0;-0,01;0,0;-0,04;0,0;-0,01;0,0;0,0;0,0;-0,01;0,0;-0,01;0,0;0,0;0,0
16.07.2026;13:45;14:00;1,47;0,71;0,0;0,0;0,0;0,0;-0,23;0,0;0,0;0,0;-0,01;0,0;-0,05;0,0;-0,02;0,0;-0,02;0,0;-0,02;0,0;-0,01;0,0;-0,03;0,0;0,0;0,0;-0,01;0,0;-0,05;0,0;-0,01;0,0;-0,02;0,0;-0,01;0,0;0,0;0,0;-0,27;-0,13;-0,02;0,0;-0,03;0,0;-0,04;0,0;-0,01;0,0;-0,01;0,0;-0,01;0,0;-0,01;0,0;0,0;0,0
16.07.2026;14:00;14:15;1,98;1,14;0,0;0,0;-0,01;0,0;-0,2;0,0;0,0;0,0;-0,01;0,0;-0,05;0,0;-0,02;0,0;-0,02;0,0;0,0;0,0;-0,02;0,0;-0,01;0,0;0,0;0,0;-0,02;0,0;-0,04;0,0;-0,01;0,0;-0,03;0,0;-0,01;0,0;-0,02;0,0;-0,19;0,0;0,0;0,0;-0,01;0,0;-0,05;0,0;-0,01;0,0;-0,01;0,0;-0,09;0,0;-0,01;0,0;0,0;0,0
16.07.2026;14:15;14:30;4,01;3,04;0,0;0,0;0,0;0,0;-0,14;0,0;0,0;0,0;-0,02;0,0;-0,03;0,0;-0,02;0,0;-0,02;0,0;0,0;0,0;-0,01;0,0;-0,07;0,0;0,0;0,0;-0,01;0,0;-0,04;0,0;-0,01;0,0;-0,01;0,0;0,0;0,0;0,0;0,0;-0,22;0,0;-0,01;0,0;-0,01;0,0;-0,05;0,0;-0,02;0,0;-0,01;0,0;-0,25;0,0;-0,02;0,0;0,0;0,0
16.07.2026;14:30;14:45;3,94;3,23;-0,01;0,0;-0,02;0,0;-0,13;0,0;0,0;0,0;-0,03;0,0;-0,04;0,0;-0,05;0,0;-0,02;0,0;-0,01;0,0;-0,01;0,0;-0,03;0,0;0,0;0,0;0,0;0,0;-0,02;0,0;-0,01;0,0;-0,01;0,0;-0,01;0,0;0,0;0,0;-0,11;0,0;-0,02;0,0;-0,01;0,0;-0,04;0,0;0,0;0,0;-0,01;0,0;-0,1;0,0;-0,02;0,0;0,0;0,0
16.07.2026;14:45;15:00;3,87;3,35;0,0;0,0;-0,01;0,0;-0,09;0,0;0,0;0,0;-0,04;0,0;-0,04;0,0;-0,02;0,0;-0,01;0,0;0,0;0,0;-0,01;0,0;-0,03;0,0;0,0;0,0;-0,01;0,0;-0,01;0,0;-0,01;0,0;0,0;0,0;-0,02;0,0;-0,02;0,0;-0,05;0,0;0,0;0,0;-0,02;0,0;-0,04;0,0;-0,02;0,0;-0,01;0,0;-0,01;0,0;-0,05;0,0;0,0;0,0
16.07.2026;15:00;15:15;3,75;3,25;0,0;0,0;-0,02;0,0;-0,1;0,0;0,0;0,0;-0,01;0,0;-0,04;0,0;-0,02;0,0;-0,02;0,0;-0,01;0,0;-0,01;0,0;-0,07;0,0;0,0;0,0;-0,02;0,0;0,0;0,0;-0,01;0,0;-0,01;0,0;-0,01;0,0;0,0;0,0;-0,03;0,0;-0,01;0,0;-0,02;0,0;-0,05;0,0;-0,01;0,0;-0,01;0,0;-0,01;0,0;-0,01;0,0;0,0;0,0
16.07.2026;15:15;15:30;3,62;3,14;0,0;0,0;-0,01;0,0;-0,12;0,0;0,0;0,0;-0,02;0,0;-0,03;0,0;-0,02;0,0;-0,02;0,0;0,0;0,0;0,0;0,0;-0,05;0,0;0,0;0,0;0,0;0,0;-0,02;0,0;-0,01;0,0;0,0;0,0;-0,01;0,0;-0,01;0,0;-0,03;0,0;-0,01;0,0;-0,02;0,0;-0,05;0,0;-0,01;0,0;-0,01;0,0;-0,01;0,0;-0,02;0,0;0,0;0,0
16.07.2026;15:30;15:45;3,49;3,0;0,0;0,0;0,0;0,0;-0,07;0,0;0,0;0,0;-0,02;0,0;-0,04;0,0;-0,03;0,0;-0,02;0,0;-0,01;0,0;-0,01;0,0;-0,07;0,0;0,0;0,0;-0,01;0,0;-0,01;0,0;-0,01;0,0;-0,02;0,0;0,0;0,0;-0,01;0,0;-0,06;0,0;-0,01;0,0;-0,01;0,0;-0,04;0,0;-0,01;0,0;-0,01;0,0;-0,01;0,0;-0,01;0,0;0,0;0,0
16.07.2026;15:45;16:00;3,35;2,54;-0,01;0,0;-0,01;0,0;-0,12;0,0;0,0;0,0;-0,01;0,0;-0,04;0,0;-0,03;0,0;-0,03;0,0;-0,02;0,0;-0,02;0,0;-0,09;0,0;0,0;0,0;-0,01;0,0;-0,01;0,0;-0,01;0,0;-0,01;0,0;-0,01;0,0;0,0;0,0;-0,26;0,0;-0,02;0,0;-0,01;0,0;-0,05;0,0;-0,01;0,0;-0,01;0,0;-0,01;0,0;-0,01;0,0;0,0;0,0
16.07.2026;16:00;16:15;3,21;1,82;0,0;0,0;0,0;0,0;-0,17;0,0;0,0;0,0;-0,02;0,0;-0,04;0,0;-0,02;0,0;-0,47;-0,1;-0,02;0,0;-0,01;0,0;-0,1;0,0;0,0;0,0;-0,05;0,0;-0,01;0,0;-0,01;0,0;-0,01;0,0;-0,02;0,0;-0,02;0,0;-0,09;0,0;-0,3;0,0;-0,02;0,0;-0,06;0,0;-0,02;0,0;-0,01;0,0;-0,01;0,0;-0,01;0,0;0,0;0,0
16.07.2026;16:15;16:30;3,05;1,87;0,0;0,0;-0,01;0,0;-0,25;0,0;0,0;0,0;-0,01;0,0;-0,03;0,0;-0,03;0,0;-0,07;0,0;-0,02;0,0;-0,01;0,0;-0,06;0,0;0,0;0,0;-0,03;0,0;-0,01;0,0;-0,01;0,0;-0,01;0,0;-0,05;0,0;0,0;0,0;-0,03;0,0;-0,49;-0,13;-0,02;0,0;-0,12;0,0;-0,01;0,0;-0,01;0,0;-0,02;0,0;-0,01;0,0;0,0;0,0
16.07.2026;16:30;16:45;2,91;2,13;0,0;0,0;-0,01;0,0;-0,17;0,0;0,0;0,0;-0,02;0,0;-0,04;0,0;-0,03;0,0;-0,07;0,0;-0,01;0,0;-0,02;0,0;-0,01;0,0;0,0;0,0;-0,02;0,0;-0,02;0,0;-0,01;0,0;0,0;0,0;-0,04;0,0;0,0;0,0;-0,03;0,0;-0,18;0,0;-0,02;0,0;-0,03;0,0;-0,01;0,0;-0,01;0,0;-0,01;0,0;-0,02;0,0;0,0;0,0
16.07.2026;16:45;17:00;2,64;1,9;-0,01;0,0;-0,02;0,0;-0,21;0,0;0,0;0,0;-0,01;0,0;-0,04;0,0;-0,02;0,0;-0,05;0,0;-0,02;0,0;-0,01;0,0;-0,01;0,0;0,0;0,0;-0,05;0,0;-0,02;0,0;-0,01;0,0;0,0;0,0;-0,02;0,0;-0,02;0,0;-0,02;0,0;-0,05;0,0;-0,01;0,0;-0,05;0,0;-0,01;0,0;-0,02;0,0;-0,02;0,0;-0,04;0,0;0,0;0,0
16.07.2026;17:00;17:15;2,45;1,82;0,0;0,0;-0,01;0,0;-0,13;0,0;0,0;0,0;-0,02;0,0;-0,03;0,0;-0,03;0,0;-0,06;0,0;-0,02;0,0;-0,02;0,0;-0,01;0,0;0,0;0,0;-0,04;0,0;-0,01;0,0;-0,01;0,0;-0,01;0,0;-0,03;0,0;0,0;0,0;-0,03;0,0;-0,05;0,0;-0,01;0,0;-0,04;0,0;-0,04;0,0;-0,01;0,0;0,0;0,0;-0,02;0,0;0,0;0,0
16.07.2026;17:15;17:30;1,79;1,09;0,0;0,0;-0,02;0,0;-0,14;0,0;0,0;0,0;-0,02;0,0;-0,04;0,0;-0,02;0,0;-0,05;0,0;0,0;0,0;0,0;0,0;-0,04;0,0;0,0;0,0;-0,03;0,0;-0,05;0,0;-0,01;0,0;-0,01;0,0;-0,04;0,0;-0,01;0,0;-0,02;0,0;-0,07;0,0;-0,02;0,0;-0,04;0,0;-0,03;0,0;-0,01;0,0;-0,01;0,0;-0,02;0,0;0,0;0,0
16.07.2026;17:30;17:45;0,11;0,11;0,0;0,0;-0,07;-0,07;-0,25;-0,25;0,0;0,0;-0,01;-0,01;-0,04;-0,04;-0,02;-0,02;-0,06;-0,06;0,0;0,0;-0,01;-0,01;-0,03;-0,03;0,0;0,0;-0,03;-0,03;-0,05;-0,05;-0,01;-0,01;-0,02;-0,02;-0,03;-0,03;-0,01;-0,01;-0,03;-0,03;-0,03;-0,03;-0,02;-0,02;-0,05;-0,05;-0,04;-0,04;-0,01;-0,01;-0,02;-0,02;-0,01;-0,01;0,0;0,0
16.07.2026;17:45;18:00;0,0;0,0;-0,01;-0,01;-0,18;-0,18;-0,11;-0,11;0,0;0,0;-0,02;-0,02;-0,03;-0,03;-0,03;-0,03;-0,02;-0,02;-0,01;-0,01;0,0;0,0;-0,02;-0,02;0,0;0,0;-0,06;-0,06;-0,29;-0,29;-0,01;-0,01;0,0;0,0;-0,04;-0,04;0,0;0,0;-0,03;-0,03;-0,04;-0,04;-0,01;-0,01;-0,06;-0,06;-0,03;-0,03;-0,01;-0,01;0,0;0,0;-0,02;-0,02;0,0;0,0
16.07.2026;18:00;18:15;1,42;0,62;0,0;0,0;-0,14;-0,02;-0,09;0,0;-0,01;0,0;-0,01;0,0;-0,04;0,0;-0,03;0,0;-0,02;0,0;-0,02;0,0;-0,01;0,0;-0,02;0,0;-0,01;0,0;-0,04;0,0;-0,19;-0,07;-0,01;0,0;-0,01;0,0;-0,03;0,0;-0,02;0,0;-0,02;0,0;-0,04;0,0;-0,01;0,0;-0,05;0,0;-0,03;0,0;-0,01;0,0;-0,02;0,0;-0,01;0,0;0,0;0,0
16.07.2026;18:15;18:30;1,58;0,88;0,0;0,0;-0,12;0,0;-0,1;0,0;0,0;0,0;-0,02;0,0;-0,04;0,0;-0,03;0,0;-0,01;0,0;-0,01;0,0;-0,02;0,0;-0,01;0,0;0,0;0,0;-0,03;0,0;-0,05;0,0;-0,01;0,0;0,0;0,0;-0,02;0,0;0,0;0,0;-0,03;0,0;-0,04;0,0;-0,01;0,0;-0,04;0,0;-0,04;0,0;-0,02;0,0;-0,02;0,0;-0,03;0,0;0,0;0,0
16.07.2026;18:30;18:45;1,24;0,45;0,0;0,0;-0,08;0,0;-0,19;0,0;0,0;0,0;-0,01;0,0;-0,03;0,0;-0,03;0,0;-0,03;0,0;-0,02;0,0;-0,01;0,0;-0,02;0,0;0,0;0,0;-0,04;0,0;-0,07;0,0;-0,01;0,0;-0,01;0,0;-0,04;0,0;-0,01;0,0;-0,02;0,0;-0,04;0,0;-0,02;0,0;-0,04;0,0;-0,03;0,0;-0,01;0,0;-0,01;0,0;-0,02;0,0;0,0;0,0
16.07.2026;18:45;19:00;1,05;0,23;0,0;0,0;-0,09;-0,03;-0,21;-0,01;0,0;0,0;-0,02;0,0;-0,04;0,0;-0,02;0,0;-0,01;0,0;-0,02;0,0;-0,02;0,0;-0,01;0,0;0,0;0,0;-0,04;0,0;-0,06;0,0;-0,24;-0,18;-0,01;0,0;-0,06;0,0;-0,01;0,0;-0,02;0,0;-0,03;0,0;-0,03;0,0;-0,05;0,0;-0,01;0,0;-0,01;0,0;-0,01;0,0;-0,02;0,0;0,0;0,0
16.07.2026;19:00;19:15;0,84;0,22;-0,01;0,0;-0,12;-0,09;-0,16;0,0;0,0;0,0;-0,02;0,0;-0,03;0,0;-0,28;-0,25;-0,01;0,0;-0,03;0,0;-0,01;0,0;-0,03;0,0;0,0;0,0;-0,04;-0,01;-0,05;-0,02;-0,06;-0,03;-0,01;0,0;-0,05;-0,02;0,0;0,0;-0,02;0,0;-0,05;-0,02;-0,01;0,0;-0,08;-0,05;-0,01;0,0;-0,01;0,0;-0,01;0,0;-0,01;0,0;0,0;0,0
16.07.2026;19:15;19:30;0,6;0,12;0,0;0,0;-0,11;-0,09;-0,1;-0,01;0,0;0,0;-0,01;0,0;-0,04;-0,02;-0,08;-0,06;-0,02;0,0;-0,03;-0,01;-0,01;0,0;-0,08;-0,06;0,0;0,0;-0,03;-0,01;-0,04;-0,02;-0,05;-0,03;-0,01;0,0;-0,04;-0,02;-0,02;0,0;-0,02;0,0;-0,11;-0,09;-0,01;0,0;-0,07;-0,05;-0,02;0,0;-0,01;0,0;-0,21;-0,19;-0,14;-0,12;0,0;0,0
16.07.2026;19:30;19:45;0,44;0,17;0,0;0,0;-0,09;-0,08;-0,14;-0,07;0,0;0,0;-0,02;-0,01;-0,04;-0,03;-0,03;-0,02;-0,01;0,0;-0,02;-0,01;-0,02;-0,01;-0,04;-0,03;0,0;0,0;-0,06;-0,05;-0,05;-0,04;-0,04;-0,03;0,0;0,0;-0,05;-0,04;0,0;0,0;-0,03;-0,02;-0,03;-0,02;-0,01;0,0;-0,06;-0,05;-0,29;-0,28;-0,02;-0,01;-0,39;-0,38;-0,05;-0,04;0,0;0,0
16.07.2026;19:45;20:00;0,29;0,07;0,0;0,0;-0,28;-0,27;-0,13;-0,11;0,0;0,0;-0,01;0,0;-0,03;-0,02;-0,12;-0,11;-0,02;-0,01;-0,03;-0,02;0,0;0,0;-0,04;-0,03;0,0;0,0;-0,04;-0,03;-0,05;-0,04;-0,03;-0,02;-0,01;0,0;-0,06;-0,05;-0,01;0,0;-0,02;-0,01;-0,04;-0,03;-0,02;-0,01;-0,04;-0,03;-0,03;-0,02;0,0;0,0;-0,27;-0,26;-0,03;-0,02;0,0;0,0
16.07.2026;20:00;20:15;0,13;0,11;-0,01;-0,01;-0,04;-0,04;-0,1;-0,08;0,0;0,0;-0,02;-0,02;-0,04;-0,04;-0,27;-0,27;-0,02;-0,02;-0,02;-0,02;0,0;0,0;-0,04;-0,04;0,0;0,0;-0,03;-0,03;-0,04;-0,04;-0,04;-0,04;-0,01;-0,01;-0,33;-0,33;-0,01;-0,01;-0,02;-0,02;-0,03;-0,03;-0,03;-0,03;-0,05;-0,05;-0,07;-0,07;-0,01;-0,01;-0,17;-0,17;-0,03;-0,03;0,0;0,0
16.07.2026;20:15;20:30;0,07;0,07;0,0;0,0;-0,04;-0,04;-0,09;-0,09;0,0;0,0;-0,01;-0,01;-0,03;-0,03;-0,04;-0,04;-0,01;-0,01;-0,03;-0,03;-0,01;-0,01;-0,03;-0,03;0,0;0,0;-0,02;-0,02;-0,04;-0,04;-0,02;-0,02;-0,01;-0,01;-0,18;-0,18;0,0;0,0;-0,02;-0,02;-0,03;-0,03;-0,01;-0,01;-0,04;-0,04;-0,05;-0,05;0,0;0,0;-0,01;-0,01;-0,04;-0,04;0,0;0,0
16.07.2026;20:30;20:45;0,03;0,03;0,0;0,0;-0,03;-0,03;-0,22;-0,22;0,0;0,0;-0,02;-0,02;-0,04;-0,04;-0,03;-0,03;-0,01;-0,01;-0,02;-0,02;-0,01;-0,01;-0,02;-0,02;0,0;0,0;-0,07;-0,07;-0,04;-0,04;-0,05;-0,05;-0,01;-0,01;-0,18;-0,18;-0,02;-0,02;-0,03;-0,03;-0,06;-0,06;-0,01;-0,01;-0,04;-0,04;-0,05;-0,05;0,0;0,0;-0,01;-0,01;-0,03;-0,03;0,0;0,0
16.07.2026;20:45;21:00;0,02;0,02;0,0;0,0;-0,05;-0,05;-0,13;-0,13;0,0;0,0;-0,01;-0,01;-0,03;-0,03;-0,07;-0,07;-0,02;-0,02;-0,01;-0,01;-0,02;-0,02;-0,03;-0,03;0,0;0,0;-0,11;-0,11;-0,04;-0,04;-0,03;-0,03;0,0;0,0;-0,19;-0,19;0,0;0,0;-0,02;-0,02;-0,03;-0,03;-0,01;-0,01;-0,05;-0,05;-0,04;-0,04;0,0;0,0;-0,01;-0,01;-0,05;-0,05;0,0;0,0
16.07.2026;21:00;21:15;0,0;0,0;0,0;0,0;-0,04;-0,04;-0,07;-0,07;0,0;0,0;-0,02;-0,02;-0,04;-0,04;-0,07;-0,07;-0,01;-0,01;-0,01;-0,01;-0,01;-0,01;-0,02;-0,02;0,0;0,0;-0,08;-0,08;-0,04;-0,04;-0,02;-0,02;0,0;0,0;-0,12;-0,12;-0,01;-0,01;-0,02;-0,02;-0,07;-0,07;-0,02;-0,02;-0,05;-0,05;-0,01;-0,01;-0,01;-0,01;-0,01;-0,01;-0,34;-0,34;0,0;0,0
16.07.2026;21:15;21:30;0,0;0,0;-0,01;-0,01;-0,04;-0,04;-0,09;-0,09;0,0;0,0;-0,02;-0,02;-0,03;-0,03;-0,04;-0,04;-0,03;-0,03;-0,01;-0,01;-0,02;-0,02;-0,02;-0,02;0,0;0,0;-0,02;-0,02;-0,06;-0,06;-0,04;-0,04;-0,01;-0,01;-0,06;-0,06;-0,01;-0,01;-0,02;-0,02;-0,01;-0,01;-0,02;-0,02;-0,05;-0,05;-0,01;-0,01;-0,02;-0,02;-0,01;-0,01;-0,28;-0,28;0,0;0,0
16.07.2026;21:30;21:45;0,0;0,0;0,0;0,0;-0,05;-0,05;-0,18;-0,18;0,0;0,0;-0,01;-0,01;-0,04;-0,04;-0,04;-0,04;-0,01;-0,01;-0,02;-0,02;-0,01;-0,01;-0,02;-0,02;0,0;0,0;-0,03;-0,03;-0,09;-0,09;-0,02;-0,02;-0,01;-0,01;-0,11;-0,11;0,0;0,0;-0,03;-0,03;-0,01;-0,01;-0,01;-0,01;-0,05;-0,05;-0,01;-0,01;-0,02;-0,02;-0,01;-0,01;-0,05;-0,05;0,0;0,0
16.07.2026;21:45;22:00;0,0;0,0;0,0;0,0;-0,04;-0,04;-0,15;-0,15;0,0;0,0;-0,01;-0,01;-0,04;-0,04;-0,04;-0,04;-0,02;-0,02;-0,02;-0,02;-0,02;-0,02;-0,01;-0,01;0,0;0,0;-0,03;-0,03;-0,07;-0,07;-0,03;-0,03;-0,02;-0,02;-0,14;-0,14;-0,02;-0,02;-0,03;-0,03;-0,02;-0,02;-0,01;-0,01;-0,04;-0,04;-0,01;-0,01;-0,01;-0,01;-0,02;-0,02;-0,04;-0,04;0,0;0,0
16.07.2026;22:00;22:15;0,0;0,0;0,0;0,0;-0,03;-0,03;-0,16;-0,16;0,0;0,0;-0,01;-0,01;-0,05;-0,05;-0,04;-0,04;-0,02;-0,02;-0,02;-0,02;-0,01;-0,01;-0,01;-0,01;0,0;0,0;-0,03;-0,03;-0,06;-0,06;-0,03;-0,03;0,0;0,0;-0,17;-0,17;0,0;0,0;-0,02;-0,02;-0,01;-0,01;-0,01;-0,01;-0,05;-0,05;-0,02;-0,02;-0,02;-0,02;-0,01;-0,01;-0,27;-0,27;0,0;0,0
16.07.2026;22:15;22:30;0,0;0,0;-0,01;-0,01;-0,02;-0,02;-0,2;-0,2;0,0;0,0;0,0;0,0;-0,03;-0,03;-0,03;-0,03;-0,01;-0,01;-0,03;-0,03;0,0;0,0;-0,01;-0,01;0,0;0,0;-0,05;-0,05;-0,05;-0,05;-0,01;-0,01;-0,01;-0,01;-0,17;-0,17;-0,01;-0,01;-0,04;-0,04;-0,01;-0,01;-0,03;-0,03;-0,02;-0,02;-0,01;-0,01;-0,02;-0,02;-0,01;-0,01;-0,02;-0,02;0,0;0,0
16.07.2026;22:30;22:45;0,0;0,0;0,0;0,0;-0,02;-0,02;-0,17;-0,17;0,0;0,0;-0,02;-0,02;-0,04;-0,04;-0,03;-0,03;-0,03;-0,03;-0,03;-0,03;0,0;0,0;-0,02;-0,02;0,0;0,0;-0,03;-0,03;-0,03;-0,03;-0,02;-0,02;0,0;0,0;-0,15;-0,15;-0,01;-0,01;-0,05;-0,05;-0,01;-0,01;-0,02;-0,02;-0,01;-0,01;-0,01;-0,01;-0,02;-0,02;-0,01;-0,01;-0,02;-0,02;0,0;0,0
16.07.2026;22:45;23:00;0,0;0,0;0,0;0,0;-0,03;-0,03;-0,19;-0,19;0,0;0,0;-0,01;-0,01;-0,04;-0,04;-0,03;-0,03;-0,05;-0,05;-0,02;-0,02;-0,01;-0,01;0,0;0,0;0,0;0,0;-0,04;-0,04;-0,01;-0,01;-0,01;-0,01;-0,01;-0,01;-0,45;-0,45;0,0;0,0;-0,04;-0,04;-0,01;-0,01;-0,01;-0,01;-0,01;-0,01;-0,01;-0,01;-0,01;-0,01;-0,01;-0,01;-0,06;-0,06;0,0;0,0
16.07.2026;23:00;23:15;0,0;0,0;0,0;0,0;-0,01;-0,01;-0,16;-0,16;-0,01;-0,01;-0,02;-0,02;-0,04;-0,04;-0,03;-0,03;-0,18;-0,18;-0,02;-0,02;-0,02;-0,02;-0,01;-0,01;-0,01;-0,01;-0,01;-0,01;-0,01;-0,01;-0,01;-0,01;-0,01;-0,01;-0,15;-0,15;-0,02;-0,02;-0,05;-0,05;-0,01;-0,01;-0,01;-0,01;-0,01;-0,01;-0,02;-0,02;-0,03;-0,03;-0,01;-0,01;-0,01;-0,01;0,0;0,0
16.07.2026;23:15;23:30;0,0;0,0;0,0;0,0;0,0;0,0;-0,19;-0,19;0,0;0,0;-0,01;-0,01;-0,04;-0,04;-0,03;-0,03;-0,19;-0,19;-0,02;-0,02;-0,01;-0,01;-0,02;-0,02;0,0;0,0;0,0;0,0;-0,01;-0,01;-0,01;-0,01;-0,01;-0,01;-0,08;-0,08;0,0;0,0;-0,05;-0,05;-0,01;-0,01;-0,01;-0,01;-0,01;-0,01;-0,03;-0,03;-0,2;-0,2;-0,02;-0,02;-0,02;-0,02;0,0;0,0
16.07.2026;23:30;23:45;0,0;0,0;-0,01;-0,01;-0,01;-0,01;-0,08;-0,08;0,0;0,0;-0,02;-0,02;-0,04;-0,04;-0,03;-0,03;-0,18;-0,18;-0,03;-0,03;-0,02;-0,02;0,0;0,0;0,0;0,0;-0,02;-0,02;-0,01;-0,01;-0,01;-0,01;-0,01;-0,01;-0,41;-0,41;0,0;0,0;-0,04;-0,04;-0,01;-0,01;-0,02;-0,02;-0,01;-0,01;-0,03;-0,03;-0,02;-0,02;-0,01;-0,01;-0,01;-0,01;0,0;0,0
16.07.2026;23:45;00:00;0,0;0,0;0,0;0,0;0,0;0,0;-0,15;-0,15;0,0;0,0;-0,02;-0,02;-0,03;-0,03;-0,02;-0,02;-0,06;-0,06;-0,01;-0,01;-0,01;-0,01;-0,01;-0,01;0,0;0,0;-0,01;-0,01;-0,01;-0,01;-0,02;-0,02;0,0;0,0;-0,06;-0,06;-0,02;-0,02;-0,05;-0,05;-0,01;-0,01;-0,03;-0,03;0,0;0,0;-0,02;-0,02;-0,02;-0,02;-0,02;-0,02;-0,01;-0,01;0,0;0,0
17.07.2026;00:00;00:15;0,0;0,0;0,0;0,0;-0,01;-0,01;-0,09;-0,09;0,0;0,0;0,0;0,0;-0,04;-0,04;-0,03;-0,03;-0,02;-0,02;0,0;0,0;-0,01;-0,01;-0,01;-0,01;0,0;0,0;0,0;0,0;-0,02;-0,02;-0,01;-0,01;0,0;0,0;-0,04;-0,04;0,0;0,0;-0,04;-0,04;-0,01;-0,01;-0,01;-0,01;-0,02;-0,02;-0,01;-0,01;-0,02;-0,02;0,0;0,0;-0,02;-0,02;0,0;0,0
17.07.2026;00:15;00:30;0,0;0,0;0,0;0,0;-0,01;-0,01;-0,13;-0,13;0,0;0,0;-0,01;-0,01;-0,04;-0,04;-0,03;-0,03;-0,02;-0,02;0,0;0,0;-0,02;-0,02;-0,01;-0,01;0,0;0,0;-0,02;-0,02;-0,01;-0,01;-0,01;-0,01;-0,02;-0,02;-0,03;-0,03;-0,01;-0,01;-0,03;-0,03;-0,01;-0,01;-0,01;-0,01;-0,01;-0,01;-0,02;-0,02;-0,01;-0,01;-0,04;-0,04;-0,01;-0,01;0,0;0,0
17.07.2026;00:30;00:45;0,0;0,0;-0,01;-0,01;-0,01;-0,01;-0,09;-0,09;0,0;0,0;-0,01;-0,01;-0,03;-0,03;-0,02;-0,02;-0,02;-0,02;-0,01;-0,01;-0,01;-0,01;-0,01;-0,01;0,0;0,0;-0,01;-0,01;-0,01;-0,01;-0,02;-0,02;-0,01;-0,01;-0,03;-0,03;-0,01;-0,01;-0,03;-0,03;0,0;0,0;-0,01;-0,01;-0,01;-0,01;-0,02;-0,02;-0,02;-0,02;-0,04;-0,04;-0,01;-0,01;0,0;0,0
17.07.2026;00:45;01:00;0,0;0,0;0,0;0,0;-0,01;-0,01;-0,06;-0,06;0,0;0,0;-0,02;-0,02;-0,04;-0,04;-0,01;-0,01;-0,02;-0,02;0,0;0,0;0,0;0,0;-0,01;-0,01;0,0;0,0;-0,01;-0,01;-0,01;-0,01;-0,02;-0,02;-0,01;-0,01;-0,03;-0,03;0,0;0,0;-0,02;-0,02;-0,02;-0,02;-0,02;-0,02;-0,01;-0,01;-0,01;-0,01;-0,01;-0,01;-0,02;-0,02;-0,02;-0,02;0,0;0,0
17.07.2026;01:00;01:15;0,0;0,0;0,0;0,0;-0,02;-0,02;-0,07;-0,07;0,0;0,0;-0,01;-0,01;-0,04;-0,04;-0,01;-0,01;-0,02;-0,02;-0,01;-0,01;0,0;0,0;-0,01;-0,01;0,0;0,0;0,0;0,0;-0,01;-0,01;-0,01;-0,01;0,0;0,0;-0,02;-0,02;-0,02;-0,02;-0,02;-0,02;-0,01;-0,01;-0,02;-0,02;-0,01;-0,01;-0,01;-0,01;-0,01;-0,01;-0,03;-0,03;-0,01;-0,01;0,0;0,0
17.07.2026;01:15;01:30;0,0;0,0;0,0;0,0;-0,01;-0,01;-0,06;-0,06;0,0;0,0;-0,02;-0,02;-0,03;-0,03;-0,01;-0,01;-0,02;-0,02;-0,01;-0,01;-0,01;-0,01;-0,01;-0,01;0,0;0,0;-0,02;-0,02;-0,01;-0,01;-0,02;-0,02;0,0;0,0;-0,01;-0,01;0,0;0,0;-0,02;-0,02;-0,01;-0,01;-0,01;-0,01;-0,01;-0,01;-0,01;-0,01;0,0;0,0;-0,02;-0,02;-0,01;-0,01;0,0;0,0
17.07.2026;01:30;01:45;0,0;0,0;0,0;0,0;0,0;0,0;-0,07;-0,07;0,0;0,0;0,0;0,0;-0,04;-0,04;-0,02;-0,02;-0,02;-0,02;-0,01;-0,01;-0,02;-0,02;-0,01;-0,01;0,0;0,0;-0,01;-0,01;-0,01;-0,01;-0,01;-0,01;-0,01;-0,01;-0,01;-0,01;-0,01;-0,01;-0,02;-0,02;-0,01;-0,01;-0,01;-0,01;-0,01;-0,01;-0,01;-0,01;0,0;0,0;-0,03;-0,03;-0,02;-0,02;0,0;0,0
17.07.2026;01:45;02:00;0,0;0,0;-0,01;-0,01;0,0;0,0;-0,07;-0,07;0,0;0,0;-0,01;-0,01;-0,03;-0,03;0,0;0,0;-0,02;-0,02;-0,02;-0,02;-0,01;-0,01;-0,01;-0,01;0,0;0,0;0,0;0,0;-0,01;-0,01;0,0;0,0;-0,01;-0,01;-0,02;-0,02;-0,01;-0,01;-0,03;-0,03;-0,01;-0,01;-0,01;-0,01;-0,01;-0,01;-0,02;-0,02;-0,01;-0,01;-0,02;-0,02;-0,01;-0,01;0,0;0,0
17.07.2026;02:00;02:15;0,0;0,0;0,0;0,0;-0,01;-0,01;-0,06;-0,06;0,0;0,0;-0,01;-0,01;-0,04;-0,04;-0,02;-0,02;-0,02;-0,02;-0,02;-0,02;-0,02;-0,02;-0,01;-0,01;0,0;0,0;-0,01;-0,01;-0,01;-0,01;-0,02;-0,02;-0,01;-0,01;-0,01;-0,01;-0,01;-0,01;-0,02;-0,02;-0,01;-0,01;-0,02;-0,02;-0,01;-0,01;-0,02;-0,02;-0,02;-0,02;-0,01;-0,01;-0,01;-0,01;0,0;0,0
17.07.2026;02:15;02:30;0,0;0,0;0,0;0,0;-0,01;-0,01;-0,07;-0,07;0,0;0,0;-0,02;-0,02;-0,03;-0,03;-0,01;-0,01;-0,02;-0,02;-0,02;-0,02;-0,01;-0,01;-0,01;-0,01;0,0;0,0;-0,02;-0,02;-0,01;-0,01;0,0;0,0;-0,01;-0,01;-0,02;-0,02;-0,01;-0,01;-0,02;-0,02;-0,02;-0,02;-0,03;-0,03;-0,01;-0,01;-0,01;-0,01;-0,01;-0,01;-0,01;-0,01;-0,02;-0,02;0,0;0,0
17.07.2026;02:30;02:45;0,0;0,0;0,0;0,0;-0,01;-0,01;-0,08;-0,08;0,0;0,0;-0,02;-0,02;-0,04;-0,04;-0,01;-0,01;-0,01;-0,01;-0,02;-0,02;-0,01;-0,01;-0,01;-0,01;0,0;0,0;-0,01;-0,01;-0,01;-0,01;-0,01;-0,01;0,0;0,0;-0,01;-0,01;0,0;0,0;-0,02;-0,02;0,0;0,0;-0,01;-0,01;-0,02;-0,02;0,0;0,0;-0,01;-0,01;-0,01;-0,01;-0,01;-0,01;0,0;0,0
17.07.2026;02:45;03:00;0,0;0,0;-0,01;-0,01;-0,02;-0,02;-0,07;-0,07;0,0;0,0;-0,01;-0,01;-0,04;-0,04;-0,01;-0,01;-0,02;-0,02;-0,01;-0,01;-0,02;-0,02;-0,01;-0,01;0,0;0,0;0,0;0,0;-0,01;-0,01;-0,01;-0,01;-0,01;-0,01;0,0;0,0;-0,01;-0,01;-0,02;-0,02;-0,02;-0,02;-0,01;-0,01;-0,02;-0,02;-0,02;-0,02;-0,02;-0,02;-0,01;-0,01;-0,01;-0,01;0,0;0,0
17.07.2026;03:00;03:15;0,0;0,0;0,0;0,0;-0,01;-0,01;-0,2;-0,2;0,0;0,0;0,0;0,0;-0,03;-0,03;-0,01;-0,01;-0,03;-0,03;-0,01;-0,01;0,0;0,0;-0,01;-0,01;0,0;0,0;-0,01;-0,01;-0,01;-0,01;-0,01;-0,01;-0,01;-0,01;-0,02;-0,02;-0,01;-0,01;-0,02;-0,02;-0,01;-0,01;-0,01;-0,01;-0,02;-0,02;-0,01;-0,01;-0,01;-0,01;-0,01;-0,01;-0,02;-0,02;0,0;0,0
17.07.2026;03:15;03:30;0,0;0,0;0,0;0,0;-0,01;-0,01;-0,22;-0,22;0,0;0,0;-0,01;-0,01;-0,04;-0,04;-0,01;-0,01;-0,01;-0,01;0,0;0,0;-0,01;-0,01;-0,01;-0,01;0,0;0,0;-0,02;-0,02;-0,01;-0,01;-0,01;-0,01;-0,01;-0,01;-0,01;-0,01;-0,01;-0,01;-0,02;-0,02;-0,01;-0,01;-0,02;-0,02;-0,01;-0,01;-0,02;-0,02;-0,01;-0,01;-0,02;-0,02;-0,01;-0,01;0,0;0,0
17.07.2026;03:30;03:45;0,0;0,0;0,0;0,0;-0,01;-0,01;-0,19;-0,19;0,0;0,0;-0,02;-0,02;-0,03;-0,03;-0,01;-0,01;-0,02;-0,02;-0,01;-0,01;0,0;0,0;-0,01;-0,01;0,0;0,0;0,0;0,0;-0,01;-0,01;-0,01;-0,01;-0,01;-0,01;-0,02;-0,02;-0,01;-0,01;-0,02;-0,02;-0,01;-0,01;-0,02;-0,02;-0,02;-0,02;0,0;0,0;-0,02;-0,02;-0,02;-0,02;-0,01;-0,01;0,0;0,0
17.07.2026;03:45;04:00;0,0;0,0;-0,01;-0,01;0,0;0,0;-0,06;-0,06;0,0;0,0;-0,01;-0,01;-0,04;-0,04;-0,01;-0,01;-0,02;-0,02;0,0;0,0;-0,01;-0,01;-0,01;-0,01;0,0;0,0;-0,01;-0,01;-0,01;-0,01;-0,01;-0,01;0,0;0,0;-0,01;-0,01;0,0;0,0;-0,02;-0,02;-0,01;-0,01;-0,02;-0,02;-0,01;-0,01;-0,01;-0,01;-0,01;-0,01;-0,01;-0,01;-0,01;-0,01;0,0;0,0
17.07.2026;04:00;04:15;0,0;0,0;0,0;0,0;0,0;0,0;-0,15;-0,15;-0,01;-0,01;-0,01;-0,01;-0,03;-0,03;-0,01;-0,01;-0,01;-0,01;0,0;0,0;-0,02;-0,02;-0,01;-0,01;-0,01;-0,01;-0,01;-0,01;-0,01;-0,01;-0,01;-0,01;-0,01;-0,01;-0,03;-0,03;-0,01;-0,01;-0,02;-0,02;-0,01;-0,01;-0,01;-0,01;-0,01;-0,01;-0,02;-0,02;-0,01;-0,01;0,0;0,0;-0,02;-0,02;0,0;0,0
17.07.2026;04:15;04:30;0,0;0,0;0,0;0,0;-0,01;-0,01;-0,07;-0,07;0,0;0,0;-0,01;-0,01;-0,04;-0,04;-0,01;-0,01;-0,02;-0,02;-0,01;-0,01;-0,01;-0,01;-0,01;-0,01;0,0;0,0;-0,02;-0,02;-0,01;-0,01;-0,01;-0,01;0,0;0,0;-0,05;-0,05;-0,01;-0,01;-0,02;-0,02;-0,01;-0,01;0,0;0,0;-0,01;-0,01;-0,01;-0,01;-0,02;-0,02;-0,01;-0,01;-0,01;-0,01;0,0;0,0
17.07.2026;04:30;04:45;0,0;0,0;0,0;0,0;-0,02;-0,02;-0,06;-0,06;0,0;0,0;-0,01;-0,01;-0,03;-0,03;-0,01;-0,01;-0,02;-0,02;-0,01;-0,01;-0,02;-0,02;0,0;0,0;0,0;0,0;0,0;0,0;-0,01;-0,01;-0,01;-0,01;-0,01;-0,01;-0,01;-0,01;-0,01;-0,01;-0,02;-0,02;-0,01;-0,01;-0,02;-0,02;-0,02;-0,02;-0,01;-0,01;-0,01;-0,01;-0,02;-0,02;-0,01;-0,01;0,0;0,0
17.07.2026;04:45;05:00;0,0;0,0;0,0;0,0;-0,01;-0,01;-0,07;-0,07;0,0;0,0;-0,02;-0,02;-0,04;-0,04;-0,01;-0,01;-0,02;-0,02;-0,02;-0,02;-0,01;-0,01;-0,02;-0,02;0,0;0,0;-0,01;-0,01;-0,07;-0,07;-0,01;-0,01;-0,01;-0,01;-0,02;-0,02;-0,01;-0,01;-0,02;-0,02;-0,01;-0,01;-0,03;-0,03;0,0;0,0;-0,01;-0,01;-0,02;-0,02;-0,01;-0,01;-0,02;-0,02;0,0;0,0
17.07.2026;05:00;05:15;0,0;0,0;-0,01;-0,01;-0,01;-0,01;-0,07;-0,07;0,0;0,0;-0,01;-0,01;-0,03;-0,03;-0,01;-0,01;-0,02;-0,02;-0,02;-0,02;-0,01;-0,01;-0,01;-0,01;0,0;0,0;-0,01;-0,01;-0,09;-0,09;-0,01;-0,01;-0,01;-0,01;-0,02;-0,02;-0,01;-0,01;-0,02;-0,02;-0,01;-0,01;-0,01;-0,01;-0,02;-0,02;-0,01;-0,01;0,0;0,0;-0,01;-0,01;-0,01;-0,01;0,0;0,0
17.07.2026;05:15;05:30;0,0;0,0;0,0;0,0;-0,02;-0,02;-0,08;-0,08;0,0;0,0;-0,01;-0,01;-0,04;-0,04;0,0;0,0;-0,02;-0,02;-0,01;-0,01;-0,02;-0,02;0,0;0,0;0,0;0,0;-0,01;-0,01;-0,03;-0,03;-0,01;-0,01;-0,01;-0,01;-0,01;-0,01;0,0;0,0;-0,02;-0,02;-0,01;-0,01;-0,01;-0,01;-0,01;-0,01;-0,02;-0,02;0,0;0,0;-0,02;-0,02;-0,02;-0,02;0,0;0,0
17.07.2026;05:30;05:45;0,03;0,03;0,0;0,0;0,0;0,0;-0,18;-0,18;0,0;0,0;-0,01;-0,01;-0,03;-0,03;-0,02;-0,02;-0,01;-0,01;-0,02;-0,02;0,0;0,0;-0,02;-0,02;0,0;0,0;-0,01;-0,01;-0,01;-0,01;-0,02;-0,02;0,0;0,0;-0,02;-0,02;-0,01;-0,01;-0,02;-0,02;-0,02;-0,02;-0,01;-0,01;-0,01;-0,01;-0,01;-0,01;-0,01;-0,01;-0,01;-0,01;-0,07;-0,07;0,0;0,0
17.07.2026;05:45;06:00;0,06;0,06;0,0;0,0;-0,01;-0,01;-0,08;-0,08;0,0;0,0;-0,01;-0,01;-0,04;-0,04;0,0;0,0;-0,02;-0,02;-0,02;-0,02;0,0;0,0;-0,01;-0,01;0,0;0,0;0,0;0,0;-0,01;-0,01;-0,01;-0,01;-0,01;-0,01;-0,01;-0,01;-0,01;-0,01;-0,02;-0,02;0,0;0,0;-0,02;-0,02;-0,01;-0,01;-0,01;-0,01;0,0;0,0;-0,01;-0,01;-0,01;-0,01;0,0;0,0
17.07.2026;06:00;06:15;0,17;0,12;-0,01;-0,01;-0,01;-0,01;-0,08;-0,03;0,0;0,0;-0,01;-0,01;-0,04;-0,04;-0,02;-0,02;-0,05;-0,05;-0,01;-0,01;0,0;0,0;0,0;0,0;0,0;0,0;-0,02;-0,02;-0,02;-0,02;-0,01;-0,01;-0,01;-0,01;-0,01;-0,01;0,0;0,0;-0,02;-0,02;-0,02;-0,02;-0,02;-0,02;-0,01;-0,01;-0,01;-0,01;-0,01;-0,01;-0,01;-0,01;-0,02;-0,02;0,0;0,0
17.07.2026;06:15;06:30;0,3;0,07;0,0;0,0;-0,07;-0,06;-0,15;-0,13;0,0;0,0;-0,02;-0,01;-0,05;-0,04;-0,03;-0,02;-0,01;0,0;-0,01;0,0;-0,02;-0,01;-0,02;-0,01;0,0;0,0;-0,01;0,0;0,0;0,0;-0,01;0,0;-0,01;0,0;-0,01;0,0;-0,01;0,0;-0,02;-0,01;-0,01;0,0;-0,02;-0,01;-0,01;0,0;-0,01;0,0;-0,01;0,0;-0,01;0,0;-0,01;0,0;0,0;0,0
17.07.2026;06:30;06:45;0,46;0,2;0,0;0,0;-0,14;-0,13;-0,08;0,0;0,0;0,0;-0,01;0,0;-0,03;-0,02;-0,03;-0,02;-0,02;-0,01;0,0;0,0;-0,02;-0,01;0,0;0,0;0,0;0,0;0,0;0,0;-0,02;-0,01;-0,01;0,0;0,0;0,0;-0,02;-0,01;-0,01;0,0;-0,02;-0,01;-0,07;-0,06;-0,01;0,0;-0,01;0,0;-0,02;-0,01;-0,01;0,0;-0,01;0,0;-0,01;0,0;0,0;0,0
17.07.2026;06:45;07:00;0,29;0,07;0,0;0,0;-0,15;-0,14;-0,09;-0,07;0,0;0,0;0,0;0,0;-0,04;-0,03;-0,02;-0,01;-0,03;-0,02;0,0;0,0;-0,01;0,0;-0,01;0,0;0,0;0,0;-0,01;0,0;-0,01;0,0;-0,01;0,0;-0,01;0,0;-0,03;-0,02;-0,01;0,0;-0,02;-0,01;-0,05;-0,04;-0,01;0,0;-0,02;-0,01;-0,01;0,0;-0,02;-0,01;-0,01;0,0;-0,02;-0,01;0,0;0,0
17.07.2026;07:00;07:15;0,29;0,07;0,0;0,0;-0,42;-0,41;-0,18;-0,16;0,0;0,0;-0,01;0,0;-0,04;-0,03;-0,02;-0,01;-0,03;-0,02;-0,01;0,0;-0,02;-0,01;-0,02;-0,01;0,0;0,0;-0,05;-0,04;-0,01;0,0;-0,01;0,0;0,0;0,0;-0,02;-0,01;0,0;0,0;-0,02;-0,01;-0,02;-0,01;-0,01;0,0;-0,12;-0,11;-0,01;0,0;-0,01;0,0;-0,02;-0,01;-0,01;0,0;0,0;0,0
17.07.2026;07:15;07:30;0,41;0,12;-0,01;0,0;-0,25;-0,24;-0,13;-0,06;0,0;0,0;-0,02;-0,01;-0,04;-0,03;-0,04;-0,03;-0,02;-0,01;-0,12;-0,11;-0,01;0,0;0,0;0,0;0,0;0,0;-0,02;-0,01;-0,01;0,0;-0,01;0,0;-0,01;0,0;-0,02;-0,01;-0,01;0,0;-0,02;-0,01;-0,01;0,0;-0,02;-0,01;-0,04;-0,03;-0,01;0,0;-0,01;0,0;-0,01;0,0;-0,01;0,0;0,0;0,0
17.07.2026;07:30;07:45;0,79;0,35;0,0;0,0;-0,03;0,0;-0,07;0,0;0,0;0,0;-0,01;0,0;-0,03;0,0;-0,02;0,0;-0,01;0,0;-0,02;0,0;-0,01;0,0;-0,01;0,0;0,0;0,0;-0,01;0,0;-0,01;0,0;-0,01;0,0;-0,01;0,0;-0,02;0,0;-0,01;0,0;-0,02;0,0;-0,01;0,0;-0,02;0,0;-0,05;0,0;-0,02;0,0;-0,01;0,0;-0,02;0,0;-0,01;0,0;0,0;0,0
17.07.2026;07:45;08:00;1,19;0,71;0,0;0,0;-0,04;0,0;-0,09;0,0;0,0;0,0;-0,01;0,0;-0,04;0,0;-0,02;0,0;-0,03;0,0;-0,02;0,0;-0,01;0,0;-0,01;0,0;0,0;0,0;0,0;0,0;-0,01;0,0;-0,01;0,0;-0,01;0,0;-0,04;0,0;0,0;0,0;-0,02;0,0;-0,01;0,0;-0,01;0,0;-0,05;0,0;-0,01;0,0;-0,01;0,0;0,0;0,0;-0,03;0,0;0,0;0,0
17.07.2026;08:00;08:15;1,58;0,99;0,0;0,0;-0,03;0,0;-0,18;0,0;0,0;0,0;-0,01;0,0;-0,04;0,0;-0,03;0,0;-0,01;0,0;-0,01;0,0;-0,01;0,0;-0,01;0,0;0,0;0,0;-0,02;0,0;-0,01;0,0;-0,01;0,0;-0,01;0,0;-0,02;0,0;-0,02;0,0;-0,02;0,0;-0,01;0,0;-0,01;0,0;-0,04;0,0;-0,01;0,0;-0,02;0,0;-0,01;0,0;-0,05;0,0;0,0;0,0
17.07.2026;08:15;08:30;1,76;1,23;-0,01;0,0;0,0;0,0;-0,07;0,0;0,0;0,0;-0,01;0,0;-0,04;0,0;-0,02;0,0;-0,01;0,0;-0,02;0,0;0,0;0,0;-0,13;0,0;0,0;0,0;-0,02;0,0;-0,01;0,0;-0,01;0,0;0,0;0,0;-0,02;0,0;0,0;0,0;-0,02;0,0;-0,02;0,0;-0,01;0,0;-0,05;0,0;-0,01;0,0;-0,01;0,0;-0,02;0,0;-0,02;0,0;0,0;0,0
17.07.2026;08:30;08:45;1,56;1,05;0,0;0,0;-0,01;0,0;-0,13;0,0;0,0;0,0;-0,02;0,0;-0,03;0,0;-0,03;0,0;-0,02;0,0;-0,02;0,0;-0,01;0,0;-0,03;0,0;0,0;0,0;-0,01;0,0;-0,01;0,0;-0,01;0,0;0,0;0,0;-0,02;0,0;-0,01;0,0;-0,03;0,0;0,0;0,0;-0,03;0,0;-0,05;0,0;-0,02;0,0;-0,01;0,0;0,0;0,0;-0,01;0,0;0,0;0,0
17.07.2026;08:45;09:00;0,74;0,28;0,0;0,0;0,0;0,0;-0,08;0,0;0,0;0,0;-0,01;0,0;-0,04;0,0;-0,03;0,0;-0,02;0,0;-0,01;0,0;-0,01;0,0;-0,03;0,0;0,0;0,0;0,0;0,0;-0,01;0,0;-0,01;0,0;-0,02;0,0;-0,02;0,0;-0,01;0,0;-0,11;-0,06;0,0;0,0;-0,02;0,0;-0,03;0,0;-0,01;0,0;-0,01;0,0;-0,02;0,0;-0,02;0,0;0,0;0,0
17.07.2026;09:00;09:15;0,0;0,0;0,0;0,0;-0,02;-0,02;-0,08;-0,08;-0,01;-0,01;-0,01;-0,01;-0,04;-0,04;-0,02;-0,02;-0,01;-0,01;-0,02;-0,02;-0,02;-0,02;-0,04;-0,04;-0,01;-0,01;-0,02;-0,02;-0,01;-0,01;-0,01;-0,01;-0,01;-0,01;-0,02;-0,02;0,0;0,0;-0,03;-0,03;-0,02;-0,02;-0,01;-0,01;-0,05;-0,05;-0,01;-0,01;-0,01;-0,01;-0,02;-0,02;-0,01;-0,01;0,0;0,0
17.07.2026;09:15;09:30;1,01;0,4;0,0;0,0;-0,01;0,0;-0,14;0,0;0,0;0,0;0,0;0,0;-0,04;0,0;-0,2;-0,13;-0,03;0,0;-0,02;0,0;-0,01;0,0;-0,05;0,0;0,0;0,0;-0,05;0,0;-0,01;0,0;-0,01;0,0;-0,01;0,0;-0,02;0,0;-0,01;0,0;-0,02;0,0;-0,01;0,0;-0,01;0,0;-0,05;0,0;-0,01;0,0;0,0;0,0;-0,01;0,0;-0,02;0,0;0,0;0,0
17.07.2026;09:30;09:45;2,83;2,3;-0,01;0,0;-0,01;0,0;-0,09;0,0;0,0;0,0;-0,02;0,0;-0,03;0,0;-0,12;0,0;-0,02;0,0;0,0;0,0;-0,02;0,0;0,0;0,0;0,0;0,0;-0,01;0,0;-0,01;0,0;-0,01;0,0;0,0;0,0;-0,03;0,0;-0,01;0,0;-0,04;0,0;-0,01;0,0;-0,01;0,0;-0,04;0,0;-0,02;0,0;0,0;0,0;-0,01;0,0;-0,01;0,0;0,0;0,0
17.07.2026;09:45;10:00;3,0;2,49;0,0;0,0;-0,02;0,0;-0,08;0,0;0,0;0,0;-0,01;0,0;-0,04;0,0;-0,09;0,0;-0,01;0,0;-0,01;0,0;-0,01;0,0;-0,02;0,0;0,0;0,0;0,0;0,0;-0,01;0,0;-0,01;0,0;0,0;0,0;-0,02;0,0;0,0;0,0;-0,02;0,0;-0,01;0,0;-0,02;0,0;-0,08;0,0;-0,01;0,0;0,0;0,0;-0,01;0,0;-0,03;0,0;0,0;0,0
17.07.2026;10:00;10:15;3,15;2,64;0,0;0,0;0,0;0,0;-0,1;0,0;0,0;0,0;-0,01;0,0;-0,04;0,0;-0,04;0,0;-0,02;0,0;0,0;0,0;-0,01;0,0;-0,01;0,0;0,0;0,0;-0,02;0,0;-0,01;0,0;-0,01;0,0;-0,01;0,0;-0,02;0,0;-0,02;0,0;-0,06;0,0;-0,01;0,0;-0,03;0,0;-0,04;0,0;-0,01;0,0;-0,02;0,0;-0,01;0,0;-0,01;0,0;0,0;0,0
17.07.2026;10:15;10:30;3,36;2,87;0,0;0,0;-0,01;0,0;-0,08;0,0;0,0;0,0;-0,01;0,0;-0,03;0,0;-0,06;0,0;-0,02;0,0;-0,01;0,0;-0,01;0,0;0,0;0,0;0,0;0,0;-0,01;0,0;-0,03;0,0;-0,01;0,0;-0,01;0,0;-0,02;0,0;0,0;0,0;-0,03;0,0;-0,01;0,0;-0,01;0,0;-0,04;0,0;-0,01;0,0;-0,01;0,0;-0,01;0,0;-0,06;0,0;0,0;0,0
17.07.2026;10:30;10:45;3,53;3,07;-0,01;0,0;-0,01;0,0;-0,07;0,0;0,0;0,0;-0,01;0,0;-0,04;0,0;-0,03;0,0;-0,01;0,0;0,0;0,0;-0,01;0,0;-0,02;0,0;0,0;0,0;-0,01;0,0;-0,03;0,0;-0,01;0,0;-0,01;0,0;-0,01;0,0;-0,01;0,0;-0,03;0,0;-0,01;0,0;-0,01;0,0;-0,06;0,0;-0,01;0,0;-0,01;0,0;-0,01;0,0;-0,03;0,0;0,0;0,0
17.07.2026;10:45;11:00;3,63;3,12;0,0;0,0;-0,11;0,0;-0,08;0,0;0,0;0,0;-0,01;0,0;-0,03;0,0;-0,02;0,0;-0,02;0,0;-0,01;0,0;0,0;0,0;0,0;0,0;0,0;0,0;-0,01;0,0;-0,03;0,0;-0,01;0,0;-0,01;0,0;-0,02;0,0;-0,01;0,0;-0,02;0,0;-0,01;0,0;-0,01;0,0;-0,04;0,0;-0,02;0,0;-0,01;0,0;-0,02;0,0;-0,01;0,0;0,0;0,0
17.07.2026;11:00;11:15;3,79;2,69;0,0;0,0;-0,13;0,0;-0,08;0,0;0,0;0,0;-0,02;0,0;-0,04;0,0;-0,5;0,0;-0,02;0,0;-0,02;0,0;-0,01;0,0;-0,01;0,0;0,0;0,0;-0,02;0,0;-0,04;0,0;-0,01;0,0;-0,01;0,0;-0,02;0,0;0,0;0,0;-0,02;0,0;-0,01;0,0;-0,02;0,0;-0,05;0,0;-0,02;0,0;-0,02;0,0;-0,01;0,0;-0,02;0,0;0,0;0,0
17.07.2026;11:15;11:30;3,87;2,88;0,0;0,0;-0,09;0,0;-0,09;0,0;0,0;0,0;0,0;0,0;-0,04;0,0;-0,4;0,0;-0,01;0,0;-0,01;0,0;-0,02;0,0;-0,02;0,0;0,0;0,0;-0,02;0,0;-0,04;0,0;-0,01;0,0;0,0;0,0;-0,02;0,0;-0,02;0,0;-0,03;0,0;-0,02;0,0;-0,02;0,0;-0,04;0,0;0,0;0,0;-0,01;0,0;-0,06;0,0;-0,02;0,0;0,0;0,0
17.07.2026;11:30;11:45;2,74;1,74;0,0;0,0;-0,03;0,0;-0,1;0,0;0,0;0,0;-0,01;0,0;-0,03;0,0;-0,25;0,0;-0,03;0,0;-0,02;0,0;-0,01;0,0;0,0;0,0;0,0;0,0;-0,04;0,0;-0,02;0,0;-0,01;0,0;-0,01;0,0;-0,02;0,0;0,0;0,0;-0,03;0,0;0,0;0,0;-0,01;0,0;-0,05;0,0;-0,01;0,0;-0,01;0,0;-0,28;0,0;-0,03;0,0;0,0;0,0
17.07.2026;11:45;12:00;2,23;1,33;-0,01;0,0;-0,12;0,0;-0,11;0,0;0,0;0,0;-0,01;0,0;-0,04;0,0;-0,03;0,0;-0,02;0,0;-0,02;0,0;-0,01;0,0;-0,01;0,0;0,0;0,0;-0,02;0,0;-0,04;0,0;0,0;0,0;-0,01;0,0;-0,02;0,0;-0,01;0,0;-0,03;0,0;-0,02;0,0;-0,01;0,0;-0,05;0,0;-0,02;0,0;-0,02;0,0;-0,5;-0,25;-0,02;0,0;0,0;0,0
17.07.2026;12:00;12:15;2,39;1,49;0,0;0,0;-0,12;0,0;-0,16;0,0;0,0;0,0;-0,02;0,0;-0,03;0,0;-0,03;0,0;-0,01;0,0;-0,01;0,0;-0,02;0,0;-0,01;0,0;0,0;0,0;-0,02;0,0;-0,03;0,0;-0,02;0,0;-0,01;0,0;0,0;0,0;-0,01;0,0;-0,02;0,0;-0,01;0,0;-0,01;0,0;-0,04;0,0;-0,01;0,0;-0,01;0,0;-0,33;-0,04;-0,01;0,0;0,0;0,0
17.07.2026;12:15;12:30;2,75;1,86;0,0;0,0;-0,05;0,0;-0,1;0,0;0,0;0,0;-0,01;0,0;-0,04;0,0;-0,02;0,0;-0,02;0,0;-0,02;0,0;-0,01;0,0;-0,01;0,0;0,0;0,0;-0,03;0,0;-0,03;0,0;-0,01;0,0;-0,01;0,0;-0,01;0,0;0,0;0,0;-0,02;0,0;-0,01;0,0;-0,03;0,0;-0,04;0,0;-0,02;0,0;-0,08;0,0;-0,31;0,0;-0,01;0,0;0,0;0,0
17.07.2026;12:30;12:45;1,95;1,3;0,0;0,0;-0,01;0,0;-0,08;0,0;0,0;0,0;0,0;0,0;-0,04;0,0;-0,03;0,0;-0,02;0,0;-0,02;0,0;-0,02;0,0;-0,01;0,0;0,0;0,0;-0,02;0,0;-0,03;0,0;0,0;0,0;0,0;0,0;0,0;0,0;-0,02;0,0;-0,02;0,0;-0,01;0,0;-0,02;0,0;-0,05;0,0;0,0;0,0;-0,01;0,0;-0,26;-0,03;-0,01;0,0;0,0;0,0
17.07.2026;12:45;13:00;0,05;0,05;-0,01;-0,01;-0,02;-0,02;-0,1;-0,1;0,0;0,0;-0,01;-0,01;-0,03;-0,03;-0,01;-0,01;-0,02;-0,02;0,0;0,0;-0,01;-0,01;-0,01;-0,01;0,0;0,0;-0,02;-0,02;-0,02;-0,02;-0,02;-0,02;0,0;0,0;-0,02;-0,02;0,0;0,0;-0,02;-0,02;-0,01;-0,01;-0,01;-0,01;-0,04;-0,04;-0,02;-0,02;-0,02;-0,02;-0,19;-0,19;-0,01;-0,01;0,0;0,0
17.07.2026;13:00;13:15;0,38;0,13;0,0;0,0;-0,01;0,0;-0,11;-0,04;0,0;0,0;-0,02;-0,01;-0,04;-0,03;-0,02;-0,01;-0,03;-0,02;0,0;0,0;0,0;0,0;0,0;0,0;0,0;0,0;-0,02;-0,01;-0,01;0,0;-0,01;0,0;-0,01;0,0;-0,02;-0,01;0,0;0,0;-0,02;-0,01;-0,01;0,0;-0,01;0,0;-0,05;-0,04;-0,01;0,0;-0,01;0,0;-0,23;-0,22;-0,02;-0,01;0,0;0,0
17.07.2026;13:15;13:30;2,06;1,53;0,0;0,0;-0,01;0,0;-0,09;0,0;0,0;0,0;-0,01;0,0;-0,03;0,0;-0,02;0,0;-0,04;0,0;-0,01;0,0;0,0;0,0;-0,02;0,0;0,0;0,0;-0,03;0,0;-0,01;0,0;0,0;0,0;-0,01;0,0;-0,02;0,0;-0,02;0,0;-0,02;0,0;-0,01;0,0;-0,01;0,0;-0,05;0,0;-0,02;0,0;-0,02;0,0;-0,07;0,0;-0,01;0,0;0,0;0,0
17.07.2026;13:30;13:45;2,34;1,84;0,0;0,0;-0,01;0,0;-0,08;0,0;0,0;0,0;-0,01;0,0;-0,04;0,0;-0,01;0,0;-0,07;0,0;0,0;0,0;-0,01;0,0;-0,01;0,0;0,0;0,0;-0,03;0,0;-0,01;0,0;-0,02;0,0;-0,02;0,0;-0,02;0,0;0,0;0,0;-0,02;0,0;-0,01;0,0;-0,03;0,0;-0,04;0,0;0,0;0,0;-0,01;0,0;-0,04;0,0;-0,01;0,0;0,0;0,0
17.07.2026;13:45;14:00;2,31;1,76;-0,01;0,0;0,0;0,0;-0,07;0,0;0,0;0,0;0,0;0,0;-0,03;0,0;-0,02;0,0;-0,12;0,0;-0,01;0,0;-0,02;0,0;0,0;0,0;0,0;0,0;-0,05;0,0;-0,01;0,0;-0,01;0,0;0,0;0,0;-0,02;0,0;-0,01;0,0;-0,03;0,0;-0,01;0,0;-0,02;0,0;-0,05;0,0;-0,01;0,0;-0,01;0,0;-0,03;0,0;-0,01;0,0;0,0;0,0
17.07.2026;14:00;14:15;2,31;1,72;0,0;0,0;-0,01;0,0;-0,2;0,0;-0,01;0,0;-0,02;0,0;-0,04;0,0;-0,01;0,0;-0,02;0,0;0,0;0,0;-0,01;0,0;-0,01;0,0;-0,01;0,0;-0,02;0,0;-0,01;0,0;0,0;0,0;-0,01;0,0;-0,02;0,0;-0,01;0,0;-0,03;0,0;-0,01;0,0;-0,01;0,0;-0,04;0,0;-0,02;0,0;-0,02;0,0;-0,04;0,0;-0,01;0,0;0,0;0,0
17.07.2026;14:15;14:30;1,43;0,83;0,0;0,0;0,0;0,0;-0,16;0,0;0,0;0,0;-0,02;0,0;-0,05;0,0;-0,03;0,0;-0,03;0,0;-0,02;0,0;-0,02;0,0;-0,01;0,0;0,0;0,0;-0,03;0,0;-0,01;0,0;-0,02;0,0;0,0;0,0;-0,02;0,0;0,0;0,0;-0,03;0,0;-0,01;0,0;-0,01;0,0;-0,05;0,0;-0,02;0,0;-0,01;0,0;-0,03;0,0;-0,02;0,0;0,0;0,0
17.07.2026;14:30;14:45;0,93;0,38;0,0;0,0;-0,02;0,0;-0,09;0,0;0,0;0,0;0,0;0,0;-0,03;0,0;-0,02;0,0;-0,03;0,0;-0,02;0,0;-0,01;0,0;-0,01;0,0;0,0;0,0;-0,02;0,0;-0,29;-0,22;0,0;0,0;-0,01;0,0;0,0;0,0;-0,02;0,0;-0,07;0,0;-0,01;0,0;-0,01;0,0;-0,05;0,0;-0,01;0,0;-0,02;0,0;-0,02;0,0;-0,01;0,0;0,0;0,0
17.07.2026;14:45;15:00;0,58;0,19;0,0;0,0;-0,01;0,0;-0,15;-0,05;0,0;0,0;-0,01;0,0;-0,05;-0,03;-0,02;0,0;-0,03;-0,01;-0,02;0,0;-0,01;0,0;-0,01;0,0;0,0;0,0;-0,01;0,0;-0,4;-0,38;-0,01;0,0;-0,01;0,0;-0,01;0,0;0,0;0,0;-0,03;-0,01;-0,01;0,0;-0,03;-0,01;-0,03;-0,01;0,0;0,0;-0,01;0,0;-0,03;-0,01;-0,01;0,0;0,0;0,0
17.07.2026;15:00;15:15;0,68;0,2;-0,01;0,0;-0,02;0,0;-0,15;-0,02;0,0;0,0;-0,01;0,0;-0,04;-0,02;-0,01;0,0;-0,03;-0,01;-0,01;0,0;-0,02;0,0;-0,01;0,0;0,0;0,0;-0,03;-0,01;-0,06;-0,04;-0,02;0,0;-0,01;0,0;0,0;0,0;-0,01;0,0;-0,04;-0,02;-0,01;0,0;-0,02;0,0;-0,05;-0,03;-0,02;0,0;-0,02;0,0;-0,03;-0,01;-0,01;0,0;0,0;0,0
17.07.2026;15:15;15:30;0,96;0,32;0,0;0,0;0,0;0,0;-0,22;-0,01;0,0;0,0;-0,02;0,0;-0,04;0,0;-0,02;0,0;-0,02;0,0;-0,02;0,0;-0,01;0,0;-0,01;0,0;0,0;0,0;-0,03;0,0;-0,25;-0,18;0,0;0,0;-0,01;0,0;-0,02;0,0;-0,01;0,0;-0,02;0,0;-0,02;0,0;-0,01;0,0;-0,04;0,0;-0,01;0,0;-0,01;0,0;-0,02;0,0;-0,02;0,0;0,0;0,0
17.07.2026;15:30;15:45;1,63;0,92;0,0;0,0;-0,01;0,0;-0,23;0,0;0,0;0,0;-0,01;0,0;-0,04;0,0;-0,03;0,0;-0,02;0,0;-0,02;0,0;0,0;0,0;-0,07;0,0;0,0;0,0;-0,01;0,0;-0,05;0,0;-0,01;0,0;0,0;0,0;-0,02;0,0;0,0;0,0;-0,07;0,0;-0,01;0,0;-0,01;0,0;-0,05;0,0;-0,02;0,0;-0,01;0,0;-0,01;0,0;-0,01;0,0;0,0;0,0
17.07.2026;15:45;16:00;1,96;1,33;0,0;0,0;0,0;0,0;-0,08;0,0;0,0;0,0;0,0;0,0;-0,03;0,0;-0,04;0,0;-0,02;0,0;-0,01;0,0;-0,01;0,0;-0,12;0,0;0,0;0,0;-0,02;0,0;-0,04;0,0;-0,02;0,0;0,0;0,0;-0,02;0,0;-0,02;0,0;-0,07;0,0;-0,02;0,0;-0,01;0,0;-0,04;0,0;-0,01;0,0;-0,02;0,0;-0,02;0,0;-0,01;0,0;0,0;0,0
17.07.2026;16:00;16:15;1,92;1,42;-0,01;0,0;-0,01;0,0;-0,08;0,0;0,0;0,0;-0,01;0,0;-0,04;0,0;-0,03;0,0;-0,01;0,0;-0,01;0,0;0,0;0,0;-0,07;0,0;0,0;0,0;-0,02;0,0;-0,03;0,0;0,0;0,0;-0,01;0,0;-0,01;0,0;0,0;0,0;-0,06;0,0;-0,01;0,0;-0,03;0,0;-0,04;0,0;0,0;0,0;0,0;0,0;-0,01;0,0;-0,01;0,0;0,0;0,0
17.07.2026;16:15;16:30;2,4;1,69;0,0;0,0;-0,01;0,0;-0,25;0,0;0,0;0,0;-0,02;0,0;-0,04;0,0;-0,01;0,0;-0,02;0,0;0,0;0,0;-0,02;0,0;-0,05;0,0;0,0;0,0;-0,02;0,0;-0,04;0,0;-0,01;0,0;-0,01;0,0;-0,02;0,0;-0,01;0,0;-0,05;0,0;-0,02;0,0;-0,01;0,0;-0,05;0,0;-0,02;0,0;0,0;0,0;-0,01;0,0;-0,02;0,0;0,0;0,0
17.07.2026;16:30;16:45;0,45;0,16;0,0;0,0;-0,1;-0,09;-0,12;-0,04;0,0;0,0;-0,01;0,0;-0,04;-0,03;-0,03;-0,02;-0,02;-0,01;0,0;0,0;-0,01;0,0;-0,04;-0,03;0,0;0,0;-0,01;0,0;-0,04;-0,03;-0,01;0,0;-0,02;-0,01;-0,02;-0,01;-0,01;0,0;-0,24;-0,23;-0,22;-0,21;-0,01;0,0;-0,04;-0,03;-0,02;-0,01;-0,01;0,0;-0,01;0,0;-0,05;-0,04;0,0;0,0
17.07.2026;16:45;17:00;0,02;0,02;0,0;0,0;-0,47;-0,47;-0,07;-0,07;0,0;0,0;-0,01;-0,01;-0,03;-0,03;-0,01;-0,01;-0,01;-0,01;-0,01;-0,01;-0,02;-0,02;-0,02;-0,02;0,0;0,0;-0,02;-0,02;-0,03;-0,03;-0,01;-0,01;0,0;0,0;-0,02;-0,02;0,0;0,0;-0,33;-0,33;-0,02;-0,02;-0,01;-0,01;-0,04;-0,04;-0,01;-0,01;-0,01;-0,01;-0,01;-0,01;0,0;0,0;0,0;0,0
17.07.2026;17:00;17:15;2,51;1,44;0,0;0,0;-0,41;-0,11;-0,12;0,0;0,0;0,0;0,0;0,0;-0,04;0,0;-0,02;0,0;-0,02;0,0;0,0;0,0;-0,01;0,0;-0,04;0,0;0,0;0,0;-0,02;0,0;-0,04;0,0;-0,01;0,0;-0,01;0,0;-0,02;0,0;-0,02;0,0;-0,26;0,0;-0,02;0,0;-0,02;0,0;-0,05;0,0;-0,01;0,0;-0,01;0,0;-0,01;0,0;-0,02;0,0;0,0;0,0
17.07.2026;17:15;17:30;1,52;0,66;-0,01;0,0;-0,23;-0,1;-0,15;0,0;0,0;0,0;-0,02;0,0;-0,04;0,0;-0,02;0,0;-0,02;0,0;-0,01;0,0;-0,01;0,0;-0,02;0,0;0,0;0,0;-0,06;0,0;-0,04;0,0;-0,01;0,0;0,0;0,0;-0,03;0,0;0,0;0,0;-0,25;-0,12;-0,03;0,0;-0,03;0,0;-0,04;0,0;-0,01;0,0;-0,01;0,0;-0,02;0,0;-0,02;0,0;0,0;0,0
17.07.2026;17:30;17:45;0,76;0,19;0,0;0,0;-0,1;-0,07;-0,25;-0,14;0,0;0,0;-0,01;0,0;-0,03;0,0;-0,03;0,0;-0,02;0,0;-0,02;0,0;-0,02;0,0;-0,04;-0,01;0,0;0,0;-0,02;0,0;-0,03;0,0;-0,01;0,0;-0,01;0,0;-0,03;0,0;-0,01;0,0;-0,21;-0,18;-0,03;0,0;-0,01;0,0;-0,07;-0,04;-0,01;0,0;-0,02;0,0;-0,02;0,0;-0,01;0,0;0,0;0,0
17.07.2026;17:45;18:00;0,5;0,19;0,0;0,0;-0,25;-0,24;-0,26;-0,17;0,0;0,0;-0,01;0,0;-0,04;-0,03;-0,01;0,0;-0,01;0,0;-0,01;0,0;-0,01;0,0;-0,03;-0,02;0,0;0,0;-0,04;-0,03;-0,01;0,0;-0,01;0,0;-0,01;0,0;-0,06;-0,05;-0,01;0,0;-0,09;-0,08;-0,01;0,0;-0,01;0,0;-0,06;-0,05;-0,02;-0,01;-0,01;0,0;-0,01;0,0;-0,01;0,0;0,0;0,0
17.07.2026;18:00;18:15;0,33;0,1;0,0;0,0;-0,02;-0,01;-0,19;-0,17;0,0;0,0;-0,01;0,0;-0,04;-0,03;-0,03;-0,02;-0,02;-0,01;-0,02;-0,01;-0,01;0,0;-0,19;-0,18;0,0;0,0;-0,02;-0,01;-0,01;0,0;-0,03;-0,02;-0,01;0,0;-0,09;-0,08;0,0;0,0;-0,03;-0,02;-0,01;0,0;-0,01;0,0;-0,06;-0,05;-0,01;0,0;-0,01;0,0;-0,01;0,0;-0,01;0,0;0,0;0,0
17.07.2026;18:15;18:30;0,12;0,11;-0,01;-0,01;-0,02;-0,02;-0,1;-0,09;0,0;0,0;-0,01;-0,01;-0,03;-0,03;-0,18;-0,18;-0,01;-0,01;-0,02;-0,02;0,0;0,0;-0,22;-0,22;0,0;0,0;-0,02;-0,02;-0,01;-0,01;-0,04;-0,04;-0,01;-0,01;-0,07;-0,07;-0,02;-0,02;-0,02;-0,02;-0,02;-0,02;-0,02;-0,02;-0,07;-0,07;-0,01;-0,01;-0,01;-0,01;-0,01;-0,01;-0,02;-0,02;0,0;0,0
17.07.2026;18:30;18:45;0,02;0,02;0,0;0,0;-0,11;-0,11;-0,15;-0,15;0,0;0,0;-0,01;-0,01;-0,05;-0,05;-0,16;-0,16;-0,02;-0,02;-0,01;-0,01;0,0;0,0;-0,06;-0,06;0,0;0,0;-0,11;-0,11;-0,01;-0,01;-0,05;-0,05;0,0;0,0;-0,02;-0,02;0,0;0,0;-0,02;-0,02;-0,02;-0,02;-0,03;-0,03;-0,05;-0,05;-0,01;-0,01;-0,01;-0,01;-0,01;-0,01;-0,01;-0,01;0,0;0,0
17.07.2026;18:45;19:00;0,02;0,02;0,0;0,0;-0,02;-0,02;-0,17;-0,17;0,0;0,0;-0,02;-0,02;-0,04;-0,04;-0,04;-0,04;-0,02;-0,02;-0,02;-0,02;-0,02;-0,02;-0,02;-0,02;0,0;0,0;-0,04;-0,04;-0,01;-0,01;-0,04;-0,04;-0,01;-0,01;-0,03;-0,03;0,0;0,0;-0,02;-0,02;-0,02;-0,02;-0,01;-0,01;-0,04;-0,04;-0,02;-0,02;-0,01;-0,01;-0,01;-0,01;-0,01;-0,01;0,0;0,0
17.07.2026;19:00;19:15;0,09;0,09;0,0;0,0;-0,05;-0,05;-0,24;-0,24;-0,01;-0,01;0,0;0,0;-0,04;-0,04;-0,03;-0,03;-0,01;-0,01;-0,02;-0,02;-0,01;-0,01;-0,08;-0,08;-0,01;-0,01;-0,03;-0,03;-0,02;-0,02;-0,04;-0,04;0,0;0,0;-0,04;-0,04;-0,02;-0,02;-0,02;-0,02;-0,02;-0,02;-0,01;-0,01;-0,06;-0,06;-0,01;-0,01;-0,02;-0,02;-0,01;-0,01;-0,02;-0,02;0,0;0,0
17.07.2026;19:15;19:30;0,58;0,16;0,0;0,0;-0,15;-0,13;-0,16;-0,07;0,0;0,0;-0,01;0,0;-0,03;-0,01;-0,02;0,0;-0,02;0,0;0,0;0,0;-0,02;0,0;-0,08;-0,06;0,0;0,0;-0,02;0,0;-0,01;0,0;-0,25;-0,23;-0,01;0,0;-0,03;-0,01;0,0;0,0;-0,02;0,0;-0,04;-0,02;-0,01;0,0;-0,05;-0,03;-0,01;0,0;-0,01;0,0;-0,02;0,0;-0,01;0,0;0,0;0,0
17.07.2026;19:30;19:45;0,7;0,21;-0,01;0,0;-0,16;-0,14;-0,19;-0,06;0,0;0,0;-0,01;0,0;-0,04;-0,02;-0,04;-0,02;-0,02;0,0;-0,01;0,0;-0,01;0,0;-0,08;-0,06;0,0;0,0;-0,03;-0,01;-0,01;0,0;-0,37;-0,35;-0,01;0,0;-0,03;-0,01;-0,01;0,0;-0,02;0,0;-0,04;-0,02;-0,02;0,0;-0,04;-0,02;-0,01;0,0;-0,01;0,0;-0,02;0,0;-0,01;0,0;0,0;0,0
17.07.2026;19:45;20:00;0,35;0,11;0,0;0,0;-0,03;-0,02;-0,2;-0,17;0,0;0,0;-0,02;-0,01;-0,03;-0,02;-0,04;-0,03;-0,02;-0,01;0,0;0,0;-0,02;-0,01;-0,09;-0,08;0,0;0,0;-0,1;-0,09;-0,01;0,0;-0,08;-0,07;-0,02;-0,01;-0,02;-0,01;-0,01;0,0;-0,02;-0,01;-0,04;-0,03;-0,02;-0,01;-0,04;-0,03;-0,02;-0,01;-0,02;-0,01;-0,26;-0,25;-0,02;-0,01;0,0;0,0
17.07.2026;20:00;20:15;0,16;0,11;0,0;0,0;-0,02;-0,02;-0,09;-0,04;0,0;0,0;-0,01;-0,01;-0,04;-0,04;-0,02;-0,02;-0,02;-0,02;0,0;0,0;-0,01;-0,01;-0,1;-0,1;0,0;0,0;-0,35;-0,35;0,0;0,0;-0,21;-0,21;0,0;0,0;-0,03;-0,03;0,0;0,0;-0,02;-0,02;-0,04;-0,04;-0,01;-0,01;-0,04;-0,04;-0,01;-0,01;-0,01;-0,01;-0,22;-0,22;-0,01;-0,01;0,0;0,0
17.07.2026;20:15;20:30;0,06;0,06;0,0;0,0;-0,04;-0,04;-0,08;-0,08;0,0;0,0;0,0;0,0;-0,04;-0,04;-0,02;-0,02;-0,02;-0,02;-0,01;-0,01;-0,01;-0,01;-0,03;-0,03;0,0;0,0;-0,41;-0,41;-0,02;-0,02;-0,2;-0,2;0,0;0,0;-0,04;-0,04;-0,02;-0,02;-0,02;-0,02;-0,04;-0,04;-0,01;-0,01;-0,04;-0,04;-0,01;-0,01;-0,01;-0,01;-0,21;-0,21;-0,05;-0,05;0,0;0,0
17.07.2026;20:30;20:45;0,0;0,0;-0,01;-0,01;-0,03;-0,03;-0,13;-0,13;0,0;0,0;-0,01;-0,01;-0,03;-0,03;-0,02;-0,02;-0,01;-0,01;-0,11;-0,11;-0,01;-0,01;-0,02;-0,02;0,0;0,0;-0,06;-0,06;-0,01;-0,01;-0,03;-0,03;-0,01;-0,01;-0,02;-0,02;0,0;0,0;-0,02;-0,02;-0,03;-0,03;-0,01;-0,01;-0,05;-0,05;-0,01;-0,01;-0,02;-0,02;-0,3;-0,3;-0,05;-0,05;0,0;0,0
17.07.2026;20:45;21:00;0,0;0,0;0,0;0,0;-0,04;-0,04;-0,09;-0,09;0,0;0,0;-0,02;-0,02;-0,04;-0,04;-0,03;-0,03;-0,02;-0,02;-0,15;-0,15;0,0;0,0;-0,03;-0,03;0,0;0,0;-0,03;-0,03;-0,01;-0,01;-0,03;-0,03;-0,01;-0,01;-0,03;-0,03;-0,01;-0,01;-0,02;-0,02;-0,03;-0,03;-0,03;-0,03;-0,01;-0,01;-0,01;-0,01;-0,01;-0,01;-0,36;-0,36;-0,04;-0,04;0,0;0,0
17.07.2026;21:00;21:15;0,01;0,01;0,0;0,0;-0,02;-0,02;-0,14;-0,14;0,0;0,0;-0,01;-0,01;-0,03;-0,03;-0,04;-0,04;-0,02;-0,02;-0,04;-0,04;-0,01;-0,01;-0,01;-0,01;0,0;0,0;-0,03;-0,03;-0,02;-0,02;-0,02;-0,02;-0,01;-0,01;-0,03;-0,03;-0,01;-0,01;-0,02;-0,02;-0,19;-0,19;-0,02;-0,02;-0,01;-0,01;-0,02;-0,02;-0,02;-0,02;-0,25;-0,25;-0,04;-0,04;0,0;0,0
17.07.2026;21:15;21:30;0,0;0,0;0,0;0,0;-0,02;-0,02;-0,08;-0,08;0,0;0,0;-0,01;-0,01;-0,04;-0,04;-0,04;-0,04;-0,01;-0,01;-0,03;-0,03;-0,01;-0,01;-0,01;-0,01;0,0;0,0;-0,02;-0,02;-0,04;-0,04;-0,01;-0,01;-0,01;-0,01;-0,03;-0,03;0,0;0,0;-0,02;-0,02;-0,03;-0,03;-0,01;-0,01;-0,01;-0,01;-0,01;-0,01;-0,01;-0,01;-0,23;-0,23;-0,05;-0,05;0,0;0,0
17.07.2026;21:30;21:45;0,0;0,0;0,0;0,0;-0,02;-0,02;-0,13;-0,13;0,0;0,0;0,0;0,0;-0,03;-0,03;-0,03;-0,03;-0,02;-0,02;-0,04;-0,04;-0,02;-0,02;-0,01;-0,01;0,0;0,0;-0,03;-0,03;-0,06;-0,06;-0,02;-0,02;0,0;0,0;-0,03;-0,03;-0,02;-0,02;-0,02;-0,02;-0,02;-0,02;-0,01;-0,01;-0,01;-0,01;-0,01;-0,01;-0,01;-0,01;-0,2;-0,2;-0,03;-0,03;0,0;0,0
17.07.2026;21:45;22:00;0,0;0,0;-0,01;-0,01;-0,03;-0,03;-0,15;-0,15;0,0;0,0;-0,02;-0,02;-0,04;-0,04;-0,03;-0,03;-0,02;-0,02;-0,03;-0,03;-0,01;-0,01;-0,01;-0,01;0,0;0,0;-0,02;-0,02;-0,05;-0,05;-0,02;-0,02;-0,01;-0,01;-0,04;-0,04;0,0;0,0;-0,02;-0,02;-0,02;-0,02;-0,01;-0,01;-0,02;-0,02;-0,01;-0,01;-0,01;-0,01;-0,21;-0,21;-0,05;-0,05;0,0;0,0
17.07.2026;22:00;22:15;0,0;0,0;0,0;0,0;-0,02;-0,02;-0,07;-0,07;0,0;0,0;-0,01;-0,01;-0,03;-0,03;-0,03;-0,03;-0,01;-0,01;-0,02;-0,02;-0,02;-0,02;0,0;0,0;0,0;0,0;-0,02;-0,02;-0,08;-0,08;-0,02;-0,02;0,0;0,0;-0,05;-0,05;-0,01;-0,01;-0,02;-0,02;-0,04;-0,04;-0,02;-0,02;-0,01;-0,01;-0,01;-0,01;0,0;0,0;-0,05;-0,05;-0,04;-0,04;0,0;0,0
17.07.2026;22:15;22:30;0,0;0,0;0,0;0,0;-0,02;-0,02;-0,16;-0,16;0,0;0,0;-0,01;-0,01;-0,05;-0,05;-0,03;-0,03;-0,03;-0,03;-0,02;-0,02;-0,01;-0,01;-0,02;-0,02;0,0;0,0;-0,02;-0,02;-0,08;-0,08;-0,02;-0,02;-0,01;-0,01;-0,05;-0,05;-0,01;-0,01;-0,02;-0,02;-0,02;-0,02;-0,03;-0,03;-0,01;-0,01;-0,02;-0,02;0,0;0,0;-0,05;-0,05;-0,06;-0,06;0,0;0,0
17.07.2026;22:30;22:45;0,0;0,0;0,0;0,0;-0,01;-0,01;-0,1;-0,1;0,0;0,0;-0,01;-0,01;-0,05;-0,05;-0,03;-0,03;-0,02;-0,02;-0,01;-0,01;-0,01;-0,01;-0,01;-0,01;0,0;0,0;0,0;0,0;-0,06;-0,06;-0,02;-0,02;-0,01;-0,01;-0,05;-0,05;0,0;0,0;-0,04;-0,04;-0,01;-0,01;-0,01;-0,01;-0,01;-0,01;-0,01;-0,01;-0,01;-0,01;-0,05;-0,05;-0,02;-0,02;0,0;0,0
17.07.2026;22:45;23:00;0,0;0,0;-0,01;-0,01;-0,02;-0,02;-0,15;-0,15;0,0;0,0;0,0;0,0;-0,03;-0,03;-0,03;-0,03;-0,01;-0,01;0,0;0,0;-0,02;-0,02;0,0;0,0;0,0;0,0;-0,01;-0,01;-0,05;-0,05;-0,01;-0,01;-0,01;-0,01;-0,04;-0,04;-0,02;-0,02;-0,03;-0,03;-0,02;-0,02;-0,01;-0,01;-0,01;-0,01;-0,01;-0,01;-0,01;-0,01;-0,03;-0,03;-0,02;-0,02;0,0;0,0
17.07.2026;23:00;23:15;0,0;0,0;0,0;0,0;-0,01;-0,01;-0,07;-0,07;0,0;0,0;-0,02;-0,02;-0,04;-0,04;-0,03;-0,03;-0,03;-0,03;-0,01;-0,01;0,0;0,0;-0,02;-0,02;0,0;0,0;-0,02;-0,02;-0,07;-0,07;-0,03;-0,03;-0,01;-0,01;-0,04;-0,04;0,0;0,0;-0,02;-0,02;0,0;0,0;-0,01;-0,01;-0,01;-0,01;-0,01;-0,01;-0,01;-0,01;-0,04;-0,04;-0,01;-0,01;0,0;0,0
17.07.2026;23:15;23:30;0,0;0,0;0,0;0,0;-0,01;-0,01;-0,16;-0,16;0,0;0,0;-0,02;-0,02;-0,04;-0,04;-0,03;-0,03;-0,01;-0,01;0,0;0,0;-0,01;-0,01;0,0;0,0;0,0;0,0;-0,01;-0,01;-0,07;-0,07;-0,02;-0,02;0,0;0,0;-0,05;-0,05;-0,01;-0,01;-0,02;-0,02;-0,02;-0,02;-0,02;-0,02;-0,01;-0,01;-0,02;-0,02;-0,02;-0,02;-0,05;-0,05;-0,02;-0,02;0,0;0,0
17.07.2026;23:30;23:45;0,0;0,0;0,0;0,0;0,0;0,0;-0,08;-0,08;0,0;0,0;0,0;0,0;-0,04;-0,04;-0,03;-0,03;-0,02;-0,02;-0,01;-0,01;0,0;0,0;-0,01;-0,01;0,0;0,0;0,0;0,0;-0,03;-0,03;-0,01;-0,01;0,0;0,0;-0,06;-0,06;-0,01;-0,01;-0,03;-0,03;-0,01;-0,01;-0,02;-0,02;-0,01;-0,01;-0,01;-0,01;-0,32;-0,32;-0,05;-0,05;-0,01;-0,01;0,0;0,0
17.07.2026;23:45;00:00;0,0;0,0;-0,01;-0,01;-0,01;-0,01;-0,07;-0,07;0,0;0,0;-0,01;-0,01;-0,04;-0,04;-0,03;-0,03;-0,02;-0,02;0,0;0,0;-0,01;-0,01;-0,01;-0,01;0,0;0,0;-0,01;-0,01;-0,01;-0,01;-0,02;-0,02;-0,01;-0,01;-0,08;-0,08;0,0;0,0;-0,02;-0,02;0,0;0,0;-0,01;-0,01;-0,01;-0,01;-0,01;-0,01;-0,18;-0,18;-0,03;-0,03;-0,01;-0,01;0,0;0,0
18.07.2026;00:00;00:15;0,0;0,0;0,0;0,0;0,0;0,0;-0,08;-0,08;-0,01;-0,01;-0,01;-0,01;-0,04;-0,04;-0,01;-0,01;-0,01;-0,01;-0,01;-0,01;-0,02;-0,02;-0,01;-0,01;-0,01;-0,01;-0,02;-0,02;-0,01;-0,01;-0,02;-0,02;-0,02;-0,02;-0,04;-0,04;-0,02;-0,02;-0,02;-0,02;-0,02;-0,02;-0,01;-0,01;-0,01;-0,01;-0,01;-0,01;-0,12;-0,12;-0,28;-0,28;-0,02;-0,02;0,0;0,0
18.07.2026;00:15;00:30;0,0;0,0;0,0;0,0;-0,01;-0,01;-0,07;-0,07;0,0;0,0;-0,02;-0,02;-0,03;-0,03;-0,01;-0,01;-0,02;-0,02;-0,02;-0,02;-0,01;-0,01;-0,01;-0,01;0,0;0,0;0,0;0,0;-0,01;-0,01;-0,02;-0,02;-0,01;-0,01;-0,03;-0,03;0,0;0,0;-0,02;-0,02;-0,01;-0,01;-0,01;-0,01;-0,01;-0,01;-0,01;-0,01;-0,09;-0,09;-0,34;-0,34;-0,01;-0,01;0,0;0,0
18.07.2026;00:30;00:45;0,0;0,0;0,0;0,0;-0,01;-0,01;-0,07;-0,07;0,0;0,0;-0,01;-0,01;-0,04;-0,04;-0,01;-0,01;-0,02;-0,02;-0,01;-0,01;-0,02;-0,02;-0,01;-0,01;0,0;0,0;-0,01;-0,01;-0,02;-0,02;-0,02;-0,02;0,0;0,0;-0,04;-0,04;0,0;0,0;-0,02;-0,02;-0,01;-0,01;-0,02;-0,02;-0,02;-0,02;-0,02;-0,02;-0,05;-0,05;-0,46;-0,46;-0,01;-0,01;0,0;0,0
18.07.2026;00:45;01:00;0,0;0,0;0,0;0,0;-0,02;-0,02;-0,06;-0,06;0,0;0,0;0,0;0,0;-0,04;-0,04;-0,01;-0,01;-0,02;-0,02;-0,02;-0,02;-0,01;-0,01;-0,01;-0,01;0,0;0,0;-0,01;-0,01;-0,01;-0,01;-0,02;-0,02;-0,01;-0,01;-0,05;-0,05;-0,02;-0,02;-0,02;-0,02;-0,01;-0,01;-0,03;-0,03;0,0;0,0;-0,02;-0,02;-0,06;-0,06;-0,07;-0,07;-0,02;-0,02;0,0;0,0
18.07.2026;01:00;01:15;0,0;0,0;-0,01;-0,01;-0,01;-0,01;-0,07;-0,07;0,0;0,0;-0,01;-0,01;-0,03;-0,03;-0,01;-0,01;-0,02;-0,02;-0,02;-0,02;-0,01;-0,01;0,0;0,0;0,0;0,0;-0,02;-0,02;-0,01;-0,01;-0,01;-0,01;0,0;0,0;-0,05;-0,05;0,0;0,0;-0,02;-0,02;-0,01;-0,01;-0,01;-0,01;-0,01;-0,01;0,0;0,0;-0,05;-0,05;-0,01;-0,01;-0,01;-0,01;0,0;0,0
18.07.2026;01:15;01:30;0,0;0,0;0,0;0,0;-0,02;-0,02;-0,06;-0,06;0,0;0,0;-0,01;-0,01;-0,04;-0,04;-0,01;-0,01;-0,02;-0,02;-0,01;-0,01;-0,02;-0,02;-0,02;-0,02;0,0;0,0;0,0;0,0;-0,01;-0,01;-0,03;-0,03;-0,01;-0,01;-0,04;-0,04;-0,01;-0,01;-0,02;-0,02;0,0;0,0;-0,01;-0,01;-0,02;-0,02;-0,01;-0,01;-0,04;-0,04;-0,01;-0,01;-0,01;-0,01;0,0;0,0
18.07.2026;01:30;01:45;0,0;0,0;0,0;0,0;-0,01;-0,01;-0,07;-0,07;0,0;0,0;-0,02;-0,02;-0,04;-0,04;-0,01;-0,01;-0,01;-0,01;0,0;0,0;0,0;0,0;0,0;0,0;0,0;0,0;0,0;0,0;-0,01;-0,01;-0,01;-0,01;-0,01;-0,01;-0,04;-0,04;-0,01;-0,01;-0,02;-0,02;-0,01;-0,01;-0,01;-0,01;0,0;0,0;-0,01;-0,01;-0,03;-0,03;-0,02;-0,02;-0,02;-0,02;0,0;0,0
18.07.2026;01:45;02:00;0,0;0,0;0,0;0,0;0,0;0,0;-0,06;-0,06;0,0;0,0;-0,01;-0,01;-0,03;-0,03;-0,01;-0,01;-0,02;-0,02;-0,01;-0,01;0,0;0,0;-0,01;-0,01;0,0;0,0;-0,02;-0,02;-0,01;-0,01;-0,02;-0,02;-0,01;-0,01;-0,04;-0,04;0,0;0,0;-0,02;-0,02;-0,01;-0,01;-0,02;-0,02;-0,02;-0,02;-0,02;-0,02;-0,03;-0,03;-0,02;-0,02;-0,01;-0,01;0,0;0,0
18.07.2026;02:00;02:15;0,0;0,0;-0,01;-0,01;0,0;0,0;-0,07;-0,07;0,0;0,0;0,0;0,0;-0,04;-0,04;-0,01;-0,01;-0,02;-0,02;0,0;0,0;-0,01;-0,01;-0,02;-0,02;0,0;0,0;-0,01;-0,01;-0,01;-0,01;-0,02;-0,02;-0,01;-0,01;-0,04;-0,04;-0,02;-0,02;-0,02;-0,02;-0,01;-0,01;-0,02;-0,02;-0,01;-0,01;-0,01;-0,01;-0,03;-0,03;0,0;0,0;-0,01;-0,01;0,0;0,0
18.07.2026;02:15;02:30;0,0;0,0;0,0;0,0;-0,01;-0,01;-0,06;-0,06;0,0;0,0;-0,01;-0,01;-0,04;-0,04;-0,01;-0,01;-0,01;-0,01;0,0;0,0;-0,01;-0,01;0,0;0,0;0,0;0,0;-0,01;-0,01;-0,02;-0,02;-0,01;-0,01;0,0;0,0;-0,04;-0,04;0,0;0,0;-0,02;-0,02;-0,01;-0,01;-0,02;-0,02;-0,01;-0,01;-0,01;-0,01;-0,04;-0,04;-0,01;-0,01;-0,02;-0,02;0,0;0,0
18.07.2026;02:30;02:45;0,0;0,0;0,0;0,0;-0,01;-0,01;-0,07;-0,07;0,0;0,0;-0,02;-0,02;-0,03;-0,03;-0,01;-0,01;-0,02;-0,02;-0,01;-0,01;-0,02;-0,02;-0,01;-0,01;0,0;0,0;-0,01;-0,01;-0,01;-0,01;-0,03;-0,03;0,0;0,0;-0,04;-0,04;-0,01;-0,01;-0,02;-0,02;-0,02;-0,02;0,0;0,0;-0,01;-0,01;-0,01;-0,01;-0,03;-0,03;-0,01;-0,01;-0,01;-0,01;0,0;0,0
18.07.2026;02:45;03:00;0,0;0,0;0,0;0,0;-0,01;-0,01;-0,11;-0,11;0,0;0,0;-0,01;-0,01;-0,04;-0,04;-0,01;-0,01;-0,02;-0,02;-0,01;-0,01;-0,01;-0,01;-0,01;-0,01;0,0;0,0;-0,01;-0,01;-0,01;-0,01;-0,02;-0,02;-0,01;-0,01;-0,05;-0,05;-0,01;-0,01;-0,02;-0,02;0,0;0,0;-0,01;-0,01;-0,01;-0,01;-0,02;-0,02;-0,03;-0,03;-0,01;-0,01;-0,01;-0,01;0,0;0,0
18.07.2026;03:00;03:15;0,0;0,0;0,0;0,0;-0,02;-0,02;-0,07;-0,07;0,0;0,0;-0,01;-0,01;-0,03;-0,03;-0,01;-0,01;-0,02;-0,02;-0,02;-0,02;-0,02;-0,02;-0,01;-0,01;0,0;0,0;-0,01;-0,01;-0,01;-0,01;-0,01;-0,01;-0,01;-0,01;-0,05;-0,05;0,0;0,0;-0,02;-0,02;-0,02;-0,02;-0,02;-0,02;-0,01;-0,01;-0,01;-0,01;-0,07;-0,07;-0,02;-0,02;-0,02;-0,02;0,0;0,0
18.07.2026;03:15;03:30;0,0;0,0;-0,01;-0,01;-0,01;-0,01;-0,08;-0,08;0,0;0,0;0,0;0,0;-0,04;-0,04;-0,01;-0,01;-0,02;-0,02;-0,02;-0,02;-0,01;-0,01;0,0;0,0;0,0;0,0;0,0;0,0;-0,01;-0,01;-0,02;-0,02;-0,02;-0,02;-0,03;-0,03;-0,02;-0,02;-0,02;-0,02;-0,01;-0,01;-0,02;-0,02;-0,01;-0,01;-0,01;-0,01;-0,05;-0,05;-0,01;-0,01;-0,01;-0,01;0,0;0,0
18.07.2026;03:30;03:45;0,0;0,0;0,0;0,0;-0,01;-0,01;-0,06;-0,06;0,0;0,0;-0,02;-0,02;-0,04;-0,04;-0,01;-0,01;-0,02;-0,02;-0,01;-0,01;-0,02;-0,02;-0,02;-0,02;0,0;0,0;-0,01;-0,01;-0,01;-0,01;-0,02;-0,02;0,0;0,0;-0,02;-0,02;0,0;0,0;-0,02;-0,02;-0,01;-0,01;-0,02;-0,02;-0,01;-0,01;-0,01;-0,01;-0,06;-0,06;-0,02;-0,02;-0,01;-0,01;0,0;0,0
18.07.2026;03:45;04:00;0,0;0,0;0,0;0,0;-0,01;-0,01;-0,07;-0,07;0,0;0,0;-0,01;-0,01;-0,03;-0,03;-0,01;-0,01;-0,02;-0,02;-0,02;-0,02;-0,01;-0,01;0,0;0,0;0,0;0,0;-0,02;-0,02;-0,02;-0,02;-0,02;-0,02;0,0;0,0;-0,03;-0,03;-0,01;-0,01;-0,02;-0,02;-0,01;-0,01;-0,01;-0,01;-0,01;-0,01;-0,01;-0,01;-0,06;-0,06;-0,01;-0,01;-0,01;-0,01;0,0;0,0
18.07.2026;04:00;04:15;0,0;0,0;0,0;0,0;-0,01;-0,01;-0,06;-0,06;0,0;0,0;-0,01;-0,01;-0,04;-0,04;-0,01;-0,01;-0,02;-0,02;-0,02;-0,02;0,0;0,0;-0,01;-0,01;0,0;0,0;-0,01;-0,01;-0,01;-0,01;-0,02;-0,02;-0,01;-0,01;-0,05;-0,05;-0,01;-0,01;-0,02;-0,02;-0,01;-0,01;-0,01;-0,01;-0,01;-0,01;-0,02;-0,02;-0,02;-0,02;-0,01;-0,01;-0,02;-0,02;0,0;0,0
18.07.2026;04:15;04:30;0,0;0,0;-0,01;-0,01;0,0;0,0;-0,07;-0,07;0,0;0,0;-0,01;-0,01;-0,03;-0,03;-0,01;-0,01;-0,01;-0,01;0,0;0,0;0,0;0,0;-0,02;-0,02;0,0;0,0;0,0;0,0;0,0;0,0;-0,01;-0,01;-0,01;-0,01;-0,03;-0,03;0,0;0,0;-0,02;-0,02;-0,01;-0,01;-0,01;-0,01;-0,01;-0,01;-0,01;-0,01;-0,01;-0,01;-0,01;-0,01;-0,01;-0,01;0,0;0,0
18.07.2026;04:30;04:45;0,0;0,0;0,0;0,0;-0,01;-0,01;-0,09;-0,09;0,0;0,0;-0,01;-0,01;-0,04;-0,04;-0,01;-0,01;-0,03;-0,03;0,0;0,0;-0,01;-0,01;0,0;0,0;0,0;0,0;-0,01;-0,01;-0,01;-0,01;-0,02;-0,02;-0,01;-0,01;-0,02;-0,02;-0,02;-0,02;-0,02;-0,02;-0,01;-0,01;-0,03;-0,03;-0,02;-0,02;-0,01;-0,01;-0,01;-0,01;-0,01;-0,01;-0,01;-0,01;0,0;0,0
18.07.2026;04:45;05:00;0,0;0,0;0,0;0,0;-0,01;-0,01;-0,22;-0,22;0,0;0,0;-0,01;-0,01;-0,03;-0,03;-0,01;-0,01;-0,01;-0,01;-0,01;-0,01;-0,02;-0,02;-0,01;-0,01;0,0;0,0;-0,02;-0,02;-0,02;-0,02;-0,02;-0,02;-0,01;-0,01;-0,01;-0,01;0,0;0,0;-0,02;-0,02;0,0;0,0;-0,02;-0,02;0,0;0,0;-0,01;-0,01;0,0;0,0;-0,01;-0,01;-0,01;-0,01;0,0;0,0
18.07.2026;05:00;05:15;0,0;0,0;0,0;0,0;-0,01;-0,01;-0,07;-0,07;-0,01;-0,01;-0,02;-0,02;-0,04;-0,04;-0,01;-0,01;-0,02;-0,02;0,0;0,0;-0,01;-0,01;-0,01;-0,01;-0,01;-0,01;0,0;0,0;-0,01;-0,01;-0,02;-0,02;0,0;0,0;-0,02;-0,02;-0,01;-0,01;-0,02;-0,02;-0,02;-0,02;-0,01;-0,01;-0,01;-0,01;-0,01;-0,01;0,0;0,0;-0,01;-0,01;-0,02;-0,02;0,0;0,0
18.07.2026;05:15;05:30;0,0;0,0;0,0;0,0;-0,01;-0,01;-0,14;-0,14;0,0;0,0;0,0;0,0;-0,04;-0,04;-0,01;-0,01;-0,02;-0,02;-0,01;-0,01;-0,02;-0,02;-0,01;-0,01;0,0;0,0;-0,01;-0,01;-0,01;-0,01;-0,02;-0,02;-0,01;-0,01;-0,01;-0,01;-0,01;-0,01;-0,02;-0,02;-0,01;-0,01;-0,01;-0,01;-0,02;-0,02;-0,02;-0,02;-0,01;-0,01;-0,02;-0,02;-0,02;-0,02;0,0;0,0
18.07.2026;05:30;05:45;0,0;0,0;-0,01;-0,01;-0,02;-0,02;-0,13;-0,13;0,0;0,0;-0,01;-0,01;-0,03;-0,03;-0,01;-0,01;-0,02;-0,02;0,0;0,0;-0,01;-0,01;0,0;0,0;0,0;0,0;-0,01;-0,01;-0,01;-0,01;-0,01;-0,01;0,0;0,0;-0,01;-0,01;0,0;0,0;-0,02;-0,02;-0,01;-0,01;-0,01;-0,01;0,0;0,0;-0,01;-0,01;-0,01;-0,01;-0,02;-0,02;-0,02;-0,02;0,0;0,0
18.07.2026;05:45;06:00;0,04;0,04;0,0;0,0;-0,01;-0,01;-0,1;-0,1;0,0;0,0;-0,01;-0,01;-0,04;-0,04;-0,01;-0,01;-0,02;-0,02;-0,01;-0,01;-0,01;-0,01;-0,02;-0,02;0,0;0,0;-0,02;-0,02;0,0;0,0;-0,01;-0,01;-0,01;-0,01;-0,01;-0,01;-0,02;-0,02;-0,02;-0,02;-0,01;-0,01;-0,02;-0,02;-0,02;-0,02;-0,01;-0,01;-0,01;-0,01;0,0;0,0;-0,01;-0,01;0,0;0,0
18.07.2026;06:00;06:15;0,29;0,1;0,0;0,0;-0,01;0,0;-0,13;-0,11;0,0;0,0;-0,02;-0,01;-0,03;-0,02;-0,2;-0,19;-0,02;-0,01;-0,02;-0,01;-0,02;-0,01;0,0;0,0;0,0;0,0;0,0;0,0;-0,02;-0,01;-0,02;-0,01;-0,01;0,0;-0,01;0,0;0,0;0,0;-0,02;-0,01;0,0;0,0;-0,02;-0,01;0,0;0,0;-0,01;0,0;-0,01;0,0;-0,01;0,0;-0,02;-0,01;0,0;0,0
18.07.2026;06:15;06:30;0,54;0,17;0,0;0,0;0,0;0,0;-0,2;-0,11;0,0;0,0;-0,01;0,0;-0,04;-0,02;-0,16;-0,14;-0,01;0,0;-0,02;0,0;-0,01;0,0;-0,01;0,0;0,0;0,0;-0,01;0,0;-0,01;0,0;-0,01;0,0;-0,01;0,0;-0,01;0,0;0,0;0,0;-0,02;0,0;-0,02;0,0;-0,01;0,0;-0,02;0,0;-0,02;0,0;-0,01;0,0;-0,01;0,0;-0,02;0,0;0,0;0,0
18.07.2026;06:30;06:45;0,33;0,1;-0,01;0,0;-0,02;-0,01;-0,07;-0,05;0,0;0,0;0,0;0,0;-0,05;-0,04;-0,03;-0,02;-0,02;-0,01;-0,02;-0,01;0,0;0,0;-0,01;0,0;0,0;0,0;-0,01;0,0;-0,01;0,0;-0,01;0,0;-0,01;0,0;-0,02;-0,01;-0,02;-0,01;-0,03;-0,02;-0,01;0,0;-0,01;0,0;-0,01;0,0;-0,01;0,0;-0,02;-0,01;-0,01;0,0;-0,06;-0,05;0,0;0,0
18.07.2026;06:45;07:00;0,25;0,18;0,0;0,0;-0,04;-0,04;-0,08;-0,01;0,0;0,0;-0,01;-0,01;-0,04;-0,04;-0,05;-0,05;-0,02;-0,02;-0,01;-0,01;0,0;0,0;-0,17;-0,17;0,0;0,0;-0,01;-0,01;-0,01;-0,01;-0,02;-0,02;0,0;0,0;0,0;0,0;0,0;0,0;-0,02;-0,02;0,0;0,0;-0,01;-0,01;-0,01;-0,01;-0,01;-0,01;-0,01;-0,01;-0,01;-0,01;-0,03;-0,03;0,0;0,0
18.07.2026;07:00;07:15;0,35;0,11;0,0;0,0;-0,11;-0,1;-0,15;-0,11;0,0;0,0;-0,02;-0,01;-0,03;-0,02;-0,32;-0,31;-0,02;-0,01;-0,02;-0,01;-0,01;0,0;-0,01;0,0;0,0;0,0;-0,01;0,0;0,0;0,0;-0,13;-0,12;0,0;0,0;-0,01;0,0;-0,02;-0,01;-0,03;-0,02;-0,02;-0,01;-0,02;-0,01;-0,01;0,0;-0,01;0,0;-0,01;0,0;-0,01;0,0;-0,02;-0,01;0,0;0,0
18.07.2026;07:15;07:30;0,44;0,18;0,0;0,0;-0,03;-0,02;-0,23;-0,16;0,0;0,0;-0,01;0,0;-0,05;-0,04;-0,03;-0,02;-0,02;-0,01;0,0;0,0;-0,02;-0,01;-0,04;-0,03;0,0;0,0;0,0;0,0;-0,02;-0,01;-0,12;-0,11;-0,02;-0,01;-0,01;0,0;0,0;0,0;-0,02;-0,01;-0,01;0,0;-0,03;-0,02;-0,01;0,0;-0,01;0,0;-0,01;0,0;-0,02;-0,01;-0,02;-0,01;0,0;0,0
18.07.2026;07:30;07:45;0,63;0,21;0,0;0,0;-0,05;-0,03;-0,25;-0,13;0,0;0,0;0,0;0,0;-0,04;-0,02;-0,03;-0,01;-0,01;0,0;0,0;0,0;-0,01;0,0;-0,03;-0,01;0,0;0,0;-0,02;0,0;-0,01;0,0;-0,03;-0,01;-0,01;0,0;-0,02;0,0;0,0;0,0;-0,02;0,0;-0,01;0,0;-0,01;0,0;-0,01;0,0;-0,02;0,0;-0,01;0,0;-0,02;0,0;-0,03;-0,01;0,0;0,0
18.07.2026;07:45;08:00;0,65;0,19;-0,01;0,0;-0,07;-0,05;-0,24;-0,14;0,0;0,0;-0,01;0,0;-0,04;-0,02;-0,06;-0,04;-0,02;0,0;-0,01;0,0;-0,02;0,0;-0,16;-0,14;0,0;0,0;-0,05;-0,03;-0,01;0,0;-0,04;-0,02;-0,01;0,0;-0,01;0,0;-0,02;0,0;-0,02;0,0;-0,02;0,0;-0,01;0,0;-0,02;0,0;-0,01;0,0;-0,01;0,0;-0,01;0,0;-0,02;0,0;0,0;0,0
18.07.2026;08:00;08:15;0,54;0,19;0,0;0,0;-0,01;0,0;-0,17;-0,07;0,0;0,0;-0,02;0,0;-0,03;-0,01;-0,07;-0,05;-0,01;0,0;0,0;0,0;-0,01;0,0;-0,1;-0,08;0,0;0,0;-0,01;0,0;-0,01;0,0;-0,02;0,0;0,0;0,0;-0,01;0,0;0,0;0,0;-0,02;0,0;-0,01;0,0;-0,01;0,0;-0,01;0,0;-0,01;0,0;-0,01;0,0;0,0;0,0;-0,02;0,0;0,0;0,0
18.07.2026;08:15;08:30;0,88;0,26;0,0;0,0;0,0;0,0;-0,14;0,0;0,0;0,0;-0,01;0,0;-0,04;0,0;-0,04;0,0;-0,02;0,0;-0,01;0,0;-0,01;0,0;-0,08;-0,02;0,0;0,0;-0,01;0,0;-0,01;0,0;-0,03;0,0;0,0;0,0;-0,01;0,0;-0,01;0,0;-0,02;0,0;-0,13;-0,07;-0,02;0,0;-0,08;-0,02;-0,01;0,0;-0,02;0,0;-0,01;0,0;-0,02;0,0;0,0;0,0
18.07.2026;08:30;08:45;0,84;0,28;0,0;0,0;-0,01;0,0;-0,23;-0,05;0,0;0,0;-0,01;0,0;-0,04;0,0;-0,03;0,0;-0,02;0,0;-0,01;0,0;-0,02;0,0;-0,03;0,0;0,0;0,0;-0,02;0,0;-0,01;0,0;-0,04;0,0;-0,01;0,0;-0,01;0,0;-0,01;0,0;-0,02;0,0;-0,01;0,0;-0,02;0,0;-0,01;0,0;-0,01;0,0;-0,01;0,0;-0,02;0,0;-0,01;0,0;0,0;0,0
18.07.2026;08:45;09:00;1,31;0,57;-0,01;0,0;-0,01;0,0;-0,22;0,0;0,0;0,0;0,0;0,0;-0,04;0,0;-0,03;0,0;-0,01;0,0;-0,02;0,0;-0,01;0,0;-0,04;0,0;0,0;0,0;-0,12;0,0;-0,01;0,0;-0,03;0,0;-0,01;0,0;-0,02;0,0;0,0;0,0;-0,02;0,0;-0,04;0,0;-0,02;0,0;-0,01;0,0;-0,02;0,0;-0,02;0,0;-0,01;0,0;-0,02;0,0;0,0;0,0
18.07.2026;09:00;09:15;2,11;1,4;0,0;0,0;-0,01;0,0;-0,09;0,0;0,0;0,0;-0,02;0,0;-0,04;0,0;-0,03;0,0;-0,03;0,0;-0,01;0,0;0,0;0,0;-0,03;0,0;0,0;0,0;-0,25;0,0;-0,01;0,0;-0,04;0,0;-0,01;0,0;-0,01;0,0;-0,02;0,0;-0,02;0,0;-0,04;0,0;0,0;0,0;-0,01;0,0;-0,01;0,0;-0,01;0,0;-0,01;0,0;-0,01;0,0;0,0;0,0
18.07.2026;09:15;09:30;0,57;0,19;0,0;0,0;-0,02;0,0;-0,17;-0,06;0,0;0,0;-0,02;0,0;-0,03;-0,01;-0,07;-0,05;-0,01;0,0;-0,03;-0,01;0,0;0,0;0,0;0,0;0,0;0,0;-0,42;-0,4;-0,01;0,0;-0,01;0,0;-0,01;0,0;-0,01;0,0;0,0;0,0;-0,02;0,0;-0,12;-0,1;-0,01;0,0;-0,01;0,0;-0,01;0,0;0,0;0,0;-0,02;0,0;-0,01;0,0;0,0;0,0
18.07.2026;09:30;09:45;0,0;0,0;0,0;0,0;-0,01;-0,01;-0,18;-0,18;0,0;0,0;0,0;0,0;-0,04;-0,04;-0,03;-0,03;-0,03;-0,03;-0,02;-0,02;-0,01;-0,01;-0,06;-0,06;0,0;0,0;-0,01;-0,01;-0,01;-0,01;-0,01;-0,01;0,0;0,0;0,0;0,0;-0,01;-0,01;-0,15;-0,15;-0,09;-0,09;-0,02;-0,02;-0,01;-0,01;-0,01;-0,01;0,0;0,0;-0,01;-0,01;-0,02;-0,02;0,0;0,0
18.07.2026;09:45;10:00;1,3;0,66;-0,01;0,0;-0,02;0,0;-0,09;0,0;0,0;0,0;-0,01;0,0;-0,04;0,0;-0,02;0,0;-0,02;0,0;-0,02;0,0;-0,02;0,0;-0,34;-0,22;0,0;0,0;-0,01;0,0;-0,01;0,0;-0,02;0,0;-0,01;0,0;-0,01;0,0;-0,01;0,0;-0,03;0,0;-0,09;0,0;-0,02;0,0;-0,01;0,0;-0,02;0,0;-0,01;0,0;-0,01;0,0;-0,01;0,0;0,0;0,0
18.07.2026;10:00;10:15;1,86;1,03;0,0;0,0;-0,01;0,0;-0,08;0,0;-0,01;0,0;-0,01;0,0;-0,03;0,0;-0,03;0,0;-0,01;0,0;-0,15;0,0;-0,01;0,0;-0,29;-0,09;-0,01;0,0;-0,01;0,0;-0,01;0,0;0,0;0,0;-0,01;0,0;-0,02;0,0;0,0;0,0;-0,02;0,0;-0,14;0,0;-0,02;0,0;-0,01;0,0;-0,01;0,0;-0,01;0,0;-0,01;0,0;-0,01;0,0;0,0;0,0
18.07.2026;10:15;10:30;1,57;0,83;0,0;0,0;-0,01;0,0;-0,08;0,0;0,0;0,0;-0,02;0,0;-0,04;0,0;-0,05;0,0;-0,03;0,0;-0,04;0,0;-0,02;0,0;-0,3;-0,14;0,0;0,0;-0,04;0,0;-0,01;0,0;-0,02;0,0;-0,01;0,0;-0,01;0,0;-0,02;0,0;-0,03;0,0;-0,09;0,0;-0,01;0,0;-0,01;0,0;-0,01;0,0;-0,01;0,0;-0,01;0,0;-0,01;0,0;0,0;0,0
18.07.2026;10:30;10:45;1,61;0,6;0,0;0,0;-0,22;-0,07;-0,08;0,0;0,0;0,0;-0,01;0,0;-0,04;0,0;-0,02;0,0;-0,02;0,0;-0,17;-0,02;-0,01;0,0;-0,25;-0,1;0,0;0,0;-0,02;0,0;-0,01;0,0;-0,01;0,0;-0,01;0,0;-0,01;0,0;0,0;0,0;-0,18;-0,03;-0,1;0,0;-0,01;0,0;-0,02;0,0;-0,01;0,0;-0,01;0,0;-0,01;0,0;-0,01;0,0;0,0;0,0
18.07.2026;10:45;11:00;2,32;1,34;0,0;0,0;-0,53;-0,26;-0,12;0,0;0,0;0,0;0,0;0,0;-0,03;0,0;-0,02;0,0;-0,02;0,0;-0,19;0,0;-0,02;0,0;-0,04;0,0;0,0;0,0;-0,01;0,0;-0,01;0,0;-0,01;0,0;-0,01;0,0;0,0;0,0;-0,01;0,0;-0,04;0,0;-0,11;0,0;-0,02;0,0;0,0;0,0;-0,01;0,0;-0,01;0,0;-0,02;0,0;-0,01;0,0;0,0;0,0
18.07.2026;11:00;11:15;1,35;0,55;-0,01;0,0;-0,44;-0,32;-0,12;0,0;0,0;0,0;-0,01;0,0;-0,04;0,0;-0,31;-0,19;-0,03;0,0;-0,03;0,0;-0,01;0,0;-0,02;0,0;0,0;0,0;-0,01;0,0;-0,01;0,0;-0,01;0,0;0,0;0,0;-0,02;0,0;-0,01;0,0;-0,03;0,0;-0,06;0,0;-0,02;0,0;-0,02;0,0;-0,02;0,0;-0,01;0,0;-0,06;0,0;-0,01;0,0;0,0;0,0
18.07.2026;11:15;11:30;1,23;0,47;0,0;0,0;-0,03;0,0;-0,08;0,0;0,0;0,0;-0,02;0,0;-0,04;0,0;-0,41;-0,31;-0,01;0,0;-0,03;0,0;-0,01;0,0;-0,27;-0,17;0,0;0,0;-0,02;0,0;-0,06;0,0;-0,01;0,0;0,0;0,0;-0,01;0,0;0,0;0,0;-0,21;-0,11;-0,05;0,0;-0,02;0,0;-0,01;0,0;-0,02;0,0;-0,01;0,0;-0,02;0,0;-0,01;0,0;0,0;0,0
18.07.2026;11:30;11:45;2,84;1,43;0,0;0,0;-0,04;0,0;-0,11;0,0;0,0;0,0;-0,01;0,0;-0,03;0,0;-0,3;0,0;-0,02;0,0;-0,03;0,0;0,0;0,0;-0,32;0,0;0,0;0,0;-0,33;-0,01;-0,04;0,0;-0,01;0,0;-0,01;0,0;-0,01;0,0;-0,02;0,0;-0,04;0,0;-0,04;0,0;-0,01;0,0;-0,01;0,0;0,0;0,0;-0,01;0,0;-0,01;0,0;-0,02;0,0;0,0;0,0
18.07.2026;11:45;12:00;3,15;2,1;0,0;0,0;-0,05;0,0;-0,09;0,0;0,0;0,0;-0,01;0,0;-0,04;0,0;-0,39;0,0;-0,02;0,0;-0,03;0,0;0,0;0,0;-0,1;0,0;0,0;0,0;-0,1;0,0;-0,05;0,0;-0,01;0,0;-0,01;0,0;-0,01;0,0;0,0;0,0;-0,03;0,0;-0,06;0,0;-0,01;0,0;-0,01;0,0;-0,01;0,0;-0,01;0,0;-0,01;0,0;0,0;0,0;0,0;0,0
18.07.2026;12:00;12:15;3,5;1,89;-0,01;0,0;-0,04;0,0;-0,15;0,0;0,0;0,0;0,0;0,0;-0,04;0,0;-0,46;-0,06;-0,03;0,0;-0,23;0,0;-0,01;0,0;-0,03;0,0;0,0;0,0;-0,32;0,0;-0,05;0,0;-0,01;0,0;-0,02;0,0;0,0;0,0;-0,01;0,0;-0,03;0,0;-0,14;0,0;-0,01;0,0;-0,02;0,0;-0,02;0,0;-0,01;0,0;-0,01;0,0;-0,02;0,0;0,0;0,0
18.07.2026;12:15;12:30;4,12;3,35;0,0;0,0;-0,01;0,0;-0,09;0,0;0,0;0,0;-0,02;0,0;-0,03;0,0;-0,12;0,0;-0,02;0,0;-0,11;0,0;-0,02;0,0;-0,02;0,0;0,0;0,0;-0,03;0,0;-0,04;0,0;-0,01;0,0;0,0;0,0;-0,02;0,0;-0,01;0,0;-0,02;0,0;-0,11;0,0;-0,02;0,0;-0,03;0,0;-0,01;0,0;-0,01;0,0;-0,01;0,0;-0,01;0,0;0,0;0,0
18.07.2026;12:30;12:45;4,36;3,74;0,0;0,0;-0,02;0,0;-0,12;0,0;0,0;0,0;-0,01;0,0;-0,04;0,0;-0,01;0,0;-0,02;0,0;-0,04;0,0;-0,02;0,0;-0,04;0,0;0,0;0,0;-0,01;0,0;-0,01;0,0;-0,01;0,0;0,0;0,0;-0,02;0,0;0,0;0,0;-0,02;0,0;-0,13;0,0;-0,03;0,0;-0,01;0,0;-0,02;0,0;-0,01;0,0;-0,02;0,0;-0,01;0,0;0,0;0,0
18.07.2026;12:45;13:00;3,97;3,0;0,0;0,0;-0,02;0,0;-0,18;0,0;0,0;0,0;-0,01;0,0;-0,04;0,0;-0,02;0,0;-0,02;0,0;-0,04;0,0;-0,01;0,0;-0,02;0,0;0,0;0,0;-0,01;0,0;-0,01;0,0;-0,01;0,0;-0,01;0,0;-0,34;0,0;-0,02;0,0;-0,02;0,0;-0,14;0,0;0,0;0,0;-0,02;0,0;0,0;0,0;-0,01;0,0;-0,01;0,0;-0,01;0,0;0,0;0,0
18.07.2026;13:00;13:15;4,3;3,37;0,0;0,0;-0,01;0,0;-0,11;0,0;0,0;0,0;-0,01;0,0;-0,03;0,0;-0,01;0,0;-0,02;0,0;-0,04;0,0;-0,01;0,0;-0,01;0,0;0,0;0,0;-0,02;0,0;-0,01;0,0;-0,01;0,0;-0,01;0,0;-0,39;0,0;0,0;0,0;-0,02;0,0;-0,13;0,0;-0,01;0,0;-0,03;0,0;-0,01;0,0;-0,02;0,0;-0,01;0,0;-0,01;0,0;0,0;0,0
18.07.2026;13:15;13:30;0,04;0,04;-0,01;-0,01;-0,02;-0,02;-0,09;-0,09;0,0;0,0;-0,01;-0,01;-0,04;-0,04;-0,01;-0,01;-0,03;-0,03;-0,02;-0,02;-0,02;-0,02;0,0;0,0;0,0;0,0;-0,01;-0,01;-0,01;-0,01;-0,01;-0,01;-0,01;-0,01;-0,01;-0,01;0,0;0,0;-0,02;-0,02;-0,08;-0,08;-0,02;-0,02;-0,05;-0,05;-0,02;-0,02;-0,28;-0,28;-0,02;-0,02;-0,01;-0,01;0,0;0,0
18.07.2026;13:30;13:45;0,26;0,19;0,0;0,0;-0,02;-0,02;-0,09;-0,02;0,0;0,0;-0,02;-0,02;-0,04;-0,04;-0,01;-0,01;-0,01;-0,01;-0,01;-0,01;-0,01;-0,01;-0,01;-0,01;0,0;0,0;0,0;0,0;-0,01;-0,01;-0,01;-0,01;-0,01;-0,01;-0,02;-0,02;-0,02;-0,02;-0,25;-0,25;-0,06;-0,06;-0,02;-0,02;-0,04;-0,04;-0,02;-0,02;-0,1;-0,1;-0,02;-0,02;-0,01;-0,01;0,0;0,0
18.07.2026;13:45;14:00;3,19;2,35;0,0;0,0;-0,01;0,0;-0,1;0,0;0,0;0,0;-0,01;0,0;-0,03;0,0;-0,01;0,0;-0,02;0,0;-0,02;0,0;-0,01;0,0;-0,01;0,0;0,0;0,0;-0,01;0,0;-0,02;0,0;-0,01;0,0;0,0;0,0;-0,02;0,0;0,0;0,0;-0,26;0,0;-0,15;0,0;-0,02;0,0;-0,05;0,0;-0,01;0,0;-0,05;0,0;-0,01;0,0;-0,01;0,0;0,0;0,0
18.07.2026;14:00;14:15;4,71;3,99;0,0;0,0;0,0;0,0;-0,09;0,0;0,0;0,0;0,0;0,0;-0,04;0,0;-0,01;0,0;-0,02;0,0;-0,02;0,0;0,0;0,0;-0,01;0,0;0,0;0,0;-0,02;0,0;-0,04;0,0;-0,01;0,0;-0,01;0,0;-0,03;0,0;-0,01;0,0;-0,26;0,0;-0,04;0,0;-0,01;0,0;-0,04;0,0;0,0;0,0;-0,05;0,0;0,0;0,0;-0,01;0,0;0,0;0,0
18.07.2026;14:15;14:30;4,32;3,75;-0,01;0,0;-0,02;0,0;-0,09;0,0;0,0;0,0;-0,01;0,0;-0,03;0,0;-0,01;0,0;-0,03;0,0;-0,01;0,0;0,0;0,0;-0,01;0,0;0,0;0,0;-0,01;0,0;-0,04;0,0;-0,01;0,0;0,0;0,0;-0,04;0,0;-0,01;0,0;-0,04;0,0;-0,04;0,0;-0,01;0,0;-0,05;0,0;-0,02;0,0;-0,06;0,0;-0,01;0,0;-0,01;0,0;0,0;0,0
18.07.2026;14:30;14:45;2,18;1,44;0,0;0,0;-0,01;0,0;-0,23;0,0;0,0;0,0;-0,02;0,0;-0,05;0,0;-0,02;0,0;-0,02;0,0;-0,02;0,0;-0,02;0,0;-0,01;0,0;0,0;0,0;-0,05;0,0;-0,03;0,0;-0,01;0,0;-0,01;0,0;-0,01;0,0;0,0;0,0;-0,03;0,0;-0,04;0,0;-0,02;0,0;-0,05;0,0;-0,01;0,0;-0,05;0,0;-0,02;0,0;-0,01;0,0;0,0;0,0
18.07.2026;14:45;15:00;1,08;0,28;0,0;0,0;-0,02;0,0;-0,23;-0,01;0,0;0,0;-0,01;0,0;-0,05;0,0;-0,03;0,0;-0,02;0,0;-0,01;0,0;-0,01;0,0;-0,01;0,0;0,0;0,0;-0,03;0,0;-0,03;0,0;-0,06;0,0;-0,01;0,0;-0,01;0,0;-0,02;0,0;-0,1;-0,03;-0,03;0,0;-0,02;0,0;-0,05;0,0;-0,02;0,0;-0,05;0,0;0,0;0,0;-0,02;0,0;0,0;0,0
18.07.2026;15:00;15:15;0,67;0,18;0,0;0,0;-0,02;0,0;-0,16;-0,06;-0,01;0,0;-0,01;0,0;-0,03;-0,01;-0,02;0,0;-0,02;0,0;-0,02;0,0;-0,02;0,0;-0,01;0,0;-0,01;0,0;-0,03;-0,01;-0,03;-0,01;-0,08;-0,06;-0,02;0,0;-0,02;0,0;0,0;0,0;-0,03;-0,01;-0,05;-0,03;-0,16;-0,14;-0,05;-0,03;-0,01;0,0;-0,06;-0,04;-0,02;0,0;0,0;0,0;0,0;0,0
18.07.2026;15:15;15:30;0,38;0,12;0,0;0,0;-0,01;0,0;-0,2;-0,13;0,0;0,0;0,0;0,0;-0,04;-0,03;-0,04;-0,03;-0,02;-0,01;-0,01;0,0;-0,01;0,0;-0,02;-0,01;0,0;0,0;-0,01;0,0;-0,03;-0,02;-0,06;-0,05;0,0;0,0;-0,01;0,0;-0,01;0,0;-0,03;-0,02;-0,04;-0,03;-0,33;-0,32;-0,05;-0,04;0,0;0,0;-0,05;-0,04;-0,01;0,0;-0,01;0,0;0,0;0,0
18.07.2026;15:30;15:45;1,02;0,33;-0,01;0,0;-0,01;0,0;-0,16;0,0;0,0;0,0;-0,02;0,0;-0,04;0,0;-0,02;0,0;-0,01;0,0;0,0;0,0;-0,01;0,0;-0,04;0,0;0,0;0,0;-0,03;0,0;-0,03;0,0;-0,08;-0,01;0,0;0,0;-0,02;0,0;-0,01;0,0;-0,02;0,0;-0,04;0,0;-0,03;0,0;-0,04;0,0;-0,02;0,0;-0,02;0,0;-0,02;0,0;-0,02;0,0;0,0;0,0
18.07.2026;15:45;16:00;1,31;0,65;0,0;0,0;-0,01;0,0;-0,08;0,0;0,0;0,0;-0,01;0,0;-0,04;0,0;-0,02;0,0;-0,02;0,0;0,0;0,0;-0,02;0,0;-0,01;0,0;0,0;0,0;-0,06;0,0;-0,03;0,0;-0,06;0,0;-0,01;0,0;-0,01;0,0;-0,01;0,0;-0,03;0,0;-0,05;0,0;-0,04;0,0;-0,11;0,0;-0,02;0,0;-0,01;0,0;-0,01;0,0;0,0;0,0;0,0;0,0
18.07.2026;16:00;16:15;3,7;3,18;0,0;0,0;0,0;0,0;-0,07;0,0;0,0;0,0;-0,01;0,0;-0,04;0,0;-0,03;0,0;-0,02;0,0;-0,01;0,0;-0,01;0,0;-0,01;0,0;0,0;0,0;-0,02;0,0;-0,04;0,0;-0,06;0,0;-0,01;0,0;0,0;0,0;-0,01;0,0;-0,02;0,0;-0,04;0,0;-0,04;0,0;-0,05;0,0;-0,01;0,0;0,0;0,0;0,0;0,0;-0,02;0,0;0,0;0,0
18.07.2026;16:15;16:30;2,83;2,14;0,0;0,0;-0,01;0,0;-0,09;0,0;0,0;0,0;-0,01;0,0;-0,04;0,0;-0,05;0,0;-0,01;0,0;0,0;0,0;-0,01;0,0;-0,13;0,0;0,0;0,0;-0,01;0,0;-0,03;0,0;-0,06;0,0;-0,01;0,0;-0,01;0,0;-0,01;0,0;-0,03;0,0;-0,04;0,0;-0,07;0,0;-0,04;0,0;-0,01;0,0;0,0;0,0;-0,01;0,0;-0,01;0,0;0,0;0,0
18.07.2026;16:30;16:45;3,03;2,36;-0,01;0,0;-0,02;0,0;-0,09;0,0;0,0;0,0;-0,01;0,0;-0,04;0,0;-0,03;0,0;-0,02;0,0;-0,01;0,0;0,0;0,0;-0,01;0,0;0,0;0,0;-0,03;0,0;-0,04;0,0;-0,05;0,0;-0,02;0,0;-0,02;0,0;0,0;0,0;-0,02;0,0;-0,04;0,0;-0,13;0,0;-0,04;0,0;-0,01;0,0;-0,01;0,0;-0,02;0,0;0,0;0,0;0,0;0,0
18.07.2026;16:45;17:00;1,83;0,87;0,0;0,0;-0,01;0,0;-0,19;0,0;0,0;0,0;-0,02;0,0;-0,04;0,0;-0,01;0,0;-0,02;0,0;0,0;0,0;0,0;0,0;-0,01;0,0;0,0;0,0;-0,04;0,0;-0,04;0,0;-0,06;0,0;-0,01;0,0;-0,01;0,0;-0,01;0,0;-0,31;-0,13;-0,05;0,0;-0,31;-0,13;-0,04;0,0;-0,01;0,0;-0,01;0,0;0,0;0,0;-0,02;0,0;0,0;0,0
18.07.2026;17:00;17:15;0,23;0,17;0,0;0,0;-0,01;-0,01;-0,23;-0,17;0,0;0,0;-0,01;-0,01;-0,03;-0,03;-0,02;-0,02;-0,01;-0,01;-0,02;-0,02;-0,02;-0,02;-0,01;-0,01;0,0;0,0;-0,03;-0,03;-0,03;-0,03;-0,06;-0,06;-0,01;-0,01;-0,01;-0,01;-0,01;-0,01;-0,4;-0,4;-0,02;-0,02;-0,24;-0,24;-0,05;-0,05;-0,02;-0,02;-0,01;-0,01;-0,02;-0,02;0,0;0,0;0,0;0,0
18.07.2026;17:15;17:30;0,2;0,15;0,0;0,0;0,0;0,0;-0,18;-0,13;0,0;0,0;0,0;0,0;-0,04;-0,04;-0,02;-0,02;-0,02;-0,02;-0,03;-0,03;-0,01;-0,01;-0,02;-0,02;0,0;0,0;-0,05;-0,05;-0,03;-0,03;-0,05;-0,05;0,0;0,0;-0,01;-0,01;-0,01;-0,01;-0,39;-0,39;-0,02;-0,02;-0,16;-0,16;-0,05;-0,05;-0,01;-0,01;-0,01;-0,01;-0,02;-0,02;-0,02;-0,02;0,0;0,0
18.07.2026;17:30;17:45;0,82;0,24;0,0;0,0;-0,01;0,0;-0,15;0,0;0,0;0,0;-0,01;0,0;-0,04;0,0;-0,01;0,0;-0,02;0,0;-0,02;0,0;-0,02;0,0;0,0;0,0;0,0;0,0;-0,04;0,0;-0,04;0,0;-0,05;-0,01;-0,01;0,0;0,0;0,0;-0,01;0,0;-0,36;-0,32;0,0;0,0;-0,05;-0,01;-0,03;0,0;-0,01;0,0;-0,02;0,0;-0,01;0,0;-0,01;0,0;0,0;0,0
18.07.2026;17:45;18:00;0,39;0,11;-0,01;0,0;-0,01;0,0;-0,16;-0,09;0,0;0,0;-0,02;-0,01;-0,03;-0,02;-0,01;0,0;-0,01;0,0;-0,02;-0,01;-0,01;0,0;-0,01;0,0;0,0;0,0;-0,03;-0,02;-0,02;-0,01;-0,06;-0,05;-0,01;0,0;-0,02;-0,01;0,0;0,0;-0,25;-0,24;0,0;0,0;-0,04;-0,03;-0,05;-0,04;-0,01;0,0;-0,01;0,0;-0,01;0,0;-0,01;0,0;0,0;0,0
18.07.2026;18:00;18:15;0,37;0,11;0,0;0,0;-0,01;0,0;-0,19;-0,15;0,0;0,0;-0,01;0,0;-0,04;-0,03;-0,01;0,0;-0,02;-0,01;-0,02;-0,01;-0,02;-0,01;-0,02;-0,01;0,0;0,0;-0,02;-0,01;-0,04;-0,03;-0,03;-0,02;-0,01;0,0;-0,01;0,0;-0,01;0,0;-0,18;-0,17;-0,02;-0,01;-0,02;-0,01;-0,05;-0,04;-0,02;-0,01;-0,01;0,0;-0,01;0,0;-0,02;-0,01;0,0;0,0
18.07.2026;18:15;18:30;0,8;0,22;0,0;0,0;-0,01;0,0;-0,17;-0,01;0,0;0,0;-0,01;0,0;-0,04;0,0;-0,01;0,0;-0,03;0,0;-0,02;0,0;-0,01;0,0;0,0;0,0;0,0;0,0;-0,03;0,0;-0,03;0,0;-0,05;-0,01;-0,01;0,0;-0,02;0,0;-0,01;0,0;-0,02;0,0;-0,01;0,0;-0,04;0,0;-0,05;-0,01;-0,01;0,0;-0,01;0,0;-0,01;0,0;-0,01;0,0;0,0;0,0
18.07.2026;18:30;18:45;0,85;0,28;0,0;0,0;-0,02;0,0;-0,22;-0,04;0,0;0,0;-0,01;0,0;-0,04;0,0;-0,01;0,0;-0,01;0,0;0,0;0,0;-0,01;0,0;-0,01;0,0;0,0;0,0;-0,04;0,0;-0,02;0,0;-0,05;0,0;-0,01;0,0;-0,01;0,0;-0,01;0,0;-0,02;0,0;0,0;0,0;-0,04;0,0;-0,04;0,0;-0,01;0,0;-0,01;0,0;-0,01;0,0;-0,01;0,0;0,0;0,0
18.07.2026;18:45;19:00;0,96;0,29;-0,01;0,0;-0,03;0,0;-0,16;0,0;0,0;0,0;-0,01;0,0;-0,03;0,0;-0,01;0,0;-0,02;0,0;-0,01;0,0;-0,01;0,0;-0,01;0,0;0,0;0,0;-0,02;0,0;-0,01;0,0;-0,04;0,0;0,0;0,0;-0,02;0,0;-0,01;0,0;-0,03;0,0;-0,02;0,0;-0,32;-0,25;-0,04;0,0;-0,01;0,0;-0,07;0,0;-0,01;0,0;-0,02;0,0;0,0;0,0
18.07.2026;19:00;19:15;0,55;0,12;0,0;0,0;-0,19;-0,17;-0,22;-0,13;0,0;0,0;-0,02;0,0;-0,04;-0,02;-0,03;-0,01;-0,02;0,0;0,0;0,0;0,0;0,0;-0,03;-0,01;0,0;0,0;-0,02;0,0;-0,01;0,0;-0,03;-0,01;-0,01;0,0;-0,03;-0,01;0,0;0,0;-0,02;0,0;-0,02;0,0;-0,1;-0,08;-0,06;-0,04;-0,01;0,0;-0,13;-0,11;-0,01;0,0;-0,02;0,0;0,0;0,0
18.07.2026;19:15;19:30;0,49;0,19;0,0;0,0;-0,07;-0,06;-0,25;-0,15;0,0;0,0;0,0;0,0;-0,04;-0,03;-0,05;-0,04;-0,02;-0,01;-0,01;0,0;0,0;0,0;-0,08;-0,07;0,0;0,0;-0,04;-0,03;-0,01;0,0;-0,05;-0,04;-0,03;-0,02;-0,04;-0,03;-0,01;0,0;-0,02;-0,01;-0,11;-0,1;-0,06;-0,05;-0,05;-0,04;-0,02;-0,01;-0,13;-0,12;-0,02;-0,01;-0,02;-0,01;0,0;0,0
18.07.2026;19:30;19:45;0,35;0,11;0,0;0,0;-0,02;-0,01;-0,17;-0,14;0,0;0,0;-0,01;0,0;-0,03;-0,02;-0,03;-0,02;-0,02;-0,01;0,0;0,0;-0,02;-0,01;-0,03;-0,02;0,0;0,0;-0,02;-0,01;-0,03;-0,02;-0,04;-0,03;-0,03;-0,02;-0,04;-0,03;-0,01;0,0;-0,02;-0,01;-0,01;0,0;-0,07;-0,06;-0,04;-0,03;-0,01;0,0;-0,1;-0,09;-0,01;0,0;-0,03;-0,02;0,0;0,0
18.07.2026;19:45;20:00;0,13;0,11;-0,01;-0,01;-0,03;-0,03;-0,21;-0,19;0,0;0,0;-0,01;-0,01;-0,04;-0,04;-0,04;-0,04;-0,02;-0,02;-0,01;-0,01;-0,02;-0,02;-0,11;-0,11;0,0;0,0;-0,3;-0,3;-0,03;-0,03;-0,03;-0,03;-0,02;-0,02;-0,04;-0,04;-0,01;-0,01;-0,02;-0,02;-0,01;-0,01;-0,14;-0,14;-0,05;-0,05;-0,01;-0,01;-0,06;-0,06;-0,01;-0,01;-0,03;-0,03;0,0;0,0
18.07.2026;20:00;20:15;0,09;0,09;0,0;0,0;-0,03;-0,03;-0,2;-0,2;-0,01;-0,01;-0,02;-0,02;-0,04;-0,04;-0,04;-0,04;-0,02;-0,02;-0,02;-0,02;-0,01;-0,01;-0,04;-0,04;-0,01;-0,01;-0,07;-0,07;-0,04;-0,04;-0,04;-0,04;-0,02;-0,02;-0,03;-0,03;-0,01;-0,01;-0,02;-0,02;-0,01;-0,01;-0,47;-0,47;-0,06;-0,06;-0,01;-0,01;-0,01;-0,01;-0,01;-0,01;-0,07;-0,07;0,0;0,0
18.07.2026;20:15;20:30;0,06;0,06;0,0;0,0;-0,04;-0,04;-0,22;-0,22;0,0;0,0;-0,01;-0,01;-0,03;-0,03;-0,04;-0,04;-0,02;-0,02;-0,01;-0,01;-0,01;-0,01;-0,02;-0,02;0,0;0,0;-0,12;-0,12;-0,03;-0,03;-0,04;-0,04;-0,02;-0,02;-0,03;-0,03;0,0;0,0;-0,02;-0,02;-0,01;-0,01;-0,09;-0,09;-0,05;-0,05;-0,01;-0,01;-0,01;-0,01;-0,01;-0,01;-0,01;-0,01;0,0;0,0
18.07.2026;20:30;20:45;0,0;0,0;0,0;0,0;-0,04;-0,04;-0,18;-0,18;0,0;0,0;0,0;0,0;-0,04;-0,04;-0,2;-0,2;-0,03;-0,03;-0,02;-0,02;-0,02;-0,02;-0,03;-0,03;0,0;0,0;-0,05;-0,05;-0,03;-0,03;-0,03;-0,03;-0,02;-0,02;-0,04;-0,04;-0,02;-0,02;-0,02;-0,02;-0,01;-0,01;-0,04;-0,04;-0,06;-0,06;-0,02;-0,02;-0,02;-0,02;-0,01;-0,01;-0,04;-0,04;0,0;0,0
18.07.2026;20:45;21:00;0,0;0,0;0,0;0,0;-0,04;-0,04;-0,16;-0,16;0,0;0,0;-0,02;-0,02;-0,03;-0,03;-0,34;-0,34;-0,02;-0,02;-0,02;-0,02;-0,01;-0,01;-0,09;-0,09;0,0;0,0;-0,05;-0,05;-0,03;-0,03;-0,02;-0,02;-0,02;-0,02;-0,28;-0,28;0,0;0,0;-0,02;-0,02;-0,01;-0,01;-0,02;-0,02;-0,04;-0,04;-0,02;-0,02;-0,01;-0,01;-0,01;-0,01;-0,02;-0,02;0,0;0,0
18.07.2026;21:00;21:15;0,0;0,0;-0,01;-0,01;-0,04;-0,04;-0,18;-0,18;0,0;0,0;-0,01;-0,01;-0,04;-0,04;-0,18;-0,18;-0,04;-0,04;-0,01;-0,01;-0,02;-0,02;-0,01;-0,01;0,0;0,0;-0,06;-0,06;-0,05;-0,05;-0,04;-0,04;-0,03;-0,03;-0,05;-0,05;-0,01;-0,01;-0,02;-0,02;-0,02;-0,02;-0,02;-0,02;-0,02;-0,02;0,0;0,0;-0,01;-0,01;-0,02;-0,02;-0,02;-0,02;0,0;0,0
18.07.2026;21:15;21:30;0,0;0,0;0,0;0,0;-0,04;-0,04;-0,15;-0,15;0,0;0,0;-0,01;-0,01;-0,04;-0,04;-0,1;-0,1;-0,03;-0,03;-0,02;-0,02;0,0;0,0;-0,01;-0,01;0,0;0,0;-0,06;-0,06;-0,05;-0,05;-0,19;-0,19;-0,03;-0,03;-0,03;-0,03;-0,01;-0,01;-0,02;-0,02;-0,02;-0,02;-0,02;-0,02;-0,02;-0,02;-0,02;-0,02;-0,02;-0,02;-0,01;-0,01;-0,02;-0,02;0,0;0,0
18.07.2026;21:30;21:45;0,0;0,0;0,0;0,0;-0,04;-0,04;-0,07;-0,07;0,0;0,0;0,0;0,0;-0,03;-0,03;-0,2;-0,2;-0,01;-0,01;0,0;0,0;0,0;0,0;-0,02;-0,02;0,0;0,0;-0,03;-0,03;-0,05;-0,05;-0,03;-0,03;-0,03;-0,03;-0,04;-0,04;0,0;0,0;-0,02;-0,02;-0,03;-0,03;-0,03;-0,03;-0,01;-0,01;-0,04;-0,04;-0,01;-0,01;-0,02;-0,02;0,0;0,0;0,0;0,0
18.07.2026;21:45;22:00;0,0;0,0;0,0;0,0;-0,04;-0,04;-0,09;-0,09;0,0;0,0;-0,02;-0,02;-0,04;-0,04;-0,16;-0,16;-0,03;-0,03;0,0;0,0;0,0;0,0;0,0;0,0;0,0;0,0;-0,04;-0,04;-0,06;-0,06;-0,02;-0,02;-0,01;-0,01;-0,1;-0,1;-0,02;-0,02;-0,02;-0,02;-0,02;-0,02;-0,03;-0,03;-0,01;-0,01;-0,04;-0,04;-0,02;-0,02;0,0;0,0;-0,02;-0,02;0,0;0,0
18.07.2026;22:00;22:15;0,0;0,0;-0,01;-0,01;-0,04;-0,04;-0,08;-0,08;0,0;0,0;-0,01;-0,01;-0,03;-0,03;-0,12;-0,12;-0,04;-0,04;-0,01;-0,01;-0,02;-0,02;-0,01;-0,01;0,0;0,0;-0,04;-0,04;-0,06;-0,06;-0,03;-0,03;-0,02;-0,02;-0,06;-0,06;0,0;0,0;-0,02;-0,02;-0,02;-0,02;-0,01;-0,01;-0,02;-0,02;-0,05;-0,05;-0,01;-0,01;-0,01;-0,01;-0,02;-0,02;0,0;0,0
18.07.2026;22:15;22:30;0,0;0,0;0,0;0,0;-0,04;-0,04;-0,23;-0,23;0,0;0,0;-0,01;-0,01;-0,04;-0,04;-0,07;-0,07;-0,06;-0,06;0,0;0,0;-0,02;-0,02;-0,01;-0,01;0,0;0,0;-0,03;-0,03;-0,05;-0,05;-0,02;-0,02;-0,03;-0,03;-0,07;-0,07;-0,01;-0,01;-0,02;-0,02;-0,03;-0,03;-0,02;-0,02;0,0;0,0;-0,04;-0,04;-0,02;-0,02;-0,02;-0,02;-0,01;-0,01;0,0;0,0
18.07.2026;22:30;22:45;0,0;0,0;0,0;0,0;-0,05;-0,05;-0,26;-0,26;0,0;0,0;-0,01;-0,01;-0,03;-0,03;-0,03;-0,03;-0,04;-0,04;-0,01;-0,01;-0,01;-0,01;-0,01;-0,01;0,0;0,0;-0,02;-0,02;-0,05;-0,05;-0,02;-0,02;-0,03;-0,03;-0,07;-0,07;-0,01;-0,01;-0,02;-0,02;-0,1;-0,1;-0,01;-0,01;-0,02;-0,02;-0,02;-0,02;-0,15;-0,15;0,0;0,0;-0,02;-0,02;0,0;0,0
18.07.2026;22:45;23:00;0,0;0,0;0,0;0,0;-0,04;-0,04;-0,13;-0,13;0,0;0,0;-0,01;-0,01;-0,05;-0,05;-0,03;-0,03;-0,05;-0,05;-0,08;-0,08;-0,02;-0,02;-0,01;-0,01;0,0;0,0;-0,03;-0,03;-0,05;-0,05;-0,02;-0,02;-0,02;-0,02;-0,06;-0,06;0,0;0,0;-0,02;-0,02;-0,03;-0,03;-0,03;-0,03;-0,01;-0,01;-0,03;-0,03;-0,02;-0,02;-0,01;-0,01;-0,01;-0,01;0,0;0,0
18.07.2026;23:00;23:15;0,0;0,0;0,0;0,0;-0,04;-0,04;-0,14;-0,14;0,0;0,0;-0,02;-0,02;-0,05;-0,05;-0,03;-0,03;-0,1;-0,1;-0,21;-0,21;-0,01;-0,01;0,0;0,0;0,0;0,0;-0,01;-0,01;-0,06;-0,06;-0,02;-0,02;-0,03;-0,03;-0,06;-0,06;-0,02;-0,02;-0,02;-0,02;-0,02;-0,02;-0,02;-0,02;-0,01;-0,01;-0,01;-0,01;0,0;0,0;-0,02;-0,02;-0,01;-0,01;0,0;0,0
18.07.2026;23:15;23:30;0,0;0,0;-0,01;-0,01;-0,03;-0,03;-0,23;-0,23;0,0;0,0;-0,01;-0,01;-0,03;-0,03;-0,03;-0,03;-0,09;-0,09;-0,17;-0,17;-0,01;-0,01;-0,01;-0,01;0,0;0,0;-0,01;-0,01;-0,05;-0,05;-0,01;-0,01;-0,02;-0,02;-0,09;-0,09;0,0;0,0;-0,03;-0,03;-0,01;-0,01;-0,01;-0,01;-0,02;-0,02;-0,03;-0,03;-0,01;-0,01;-0,02;-0,02;-0,01;-0,01;0,0;0,0
18.07.2026;23:30;23:45;0,0;0,0;0,0;0,0;-0,02;-0,02;-0,13;-0,13;0,0;0,0;0,0;0,0;-0,04;-0,04;-0,03;-0,03;-0,11;-0,11;-0,16;-0,16;-0,02;-0,02;-0,02;-0,02;0,0;0,0;0,0;0,0;-0,05;-0,05;-0,01;-0,01;-0,01;-0,01;-0,09;-0,09;0,0;0,0;-0,02;-0,02;-0,02;-0,02;-0,01;-0,01;0,0;0,0;-0,26;-0,26;-0,03;-0,03;-0,01;-0,01;-0,01;-0,01;0,0;0,0
18.07.2026;23:45;00:00;0,0;0,0;0,0;0,0;-0,03;-0,03;-0,12;-0,12;0,0;0,0;-0,01;-0,01;-0,04;-0,04;-0,03;-0,03;-0,11;-0,11;-0,18;-0,18;0,0;0,0;0,0;0,0;0,0;0,0;-0,02;-0,02;-0,04;-0,04;-0,01;-0,01;-0,03;-0,03;-0,12;-0,12;-0,02;-0,02;-0,04;-0,04;0,0;0,0;-0,02;-0,02;-0,02;-0,02;-0,33;-0,33;-0,02;-0,02;0,0;0,0;-0,02;-0,02;0,0;0,0
19.07.2026;00:00;00:15;0,0;0,0;0,0;0,0;0,0;0,0;-0,13;-0,13;0,0;0,0;-0,02;-0,02;-0,04;-0,04;-0,04;-0,04;-0,11;-0,11;-0,17;-0,17;0,0;0,0;-0,01;-0,01;0,0;0,0;-0,01;-0,01;-0,02;-0,02;-0,01;-0,01;-0,03;-0,03;-0,18;-0,18;0,0;0,0;-0,03;-0,03;-0,01;-0,01;-0,02;-0,02;-0,01;-0,01;-0,06;-0,06;-0,16;-0,16;-0,01;-0,01;-0,01;-0,01;0,0;0,0
19.07.2026;00:15;00:30;0,0;0,0;-0,01;-0,01;-0,01;-0,01;-0,23;-0,23;0,0;0,0;-0,01;-0,01;-0,04;-0,04;-0,04;-0,04;-0,13;-0,13;-0,16;-0,16;0,0;0,0;-0,01;-0,01;0,0;0,0;0,0;0,0;-0,01;-0,01;-0,01;-0,01;-0,02;-0,02;-0,19;-0,19;-0,02;-0,02;-0,04;-0,04;-0,02;-0,02;-0,02;-0,02;-0,01;-0,01;-0,14;-0,14;-0,13;-0,13;-0,02;-0,02;-0,01;-0,01;0,0;0,0
19.07.2026;00:30;00:45;0,0;0,0;0,0;0,0;0,0;0,0;-0,22;-0,22;0,0;0,0;0,0;0,0;-0,04;-0,04;-0,03;-0,03;-0,12;-0,12;-0,15;-0,15;-0,02;-0,02;0,0;0,0;0,0;0,0;-0,02;-0,02;-0,01;-0,01;-0,01;-0,01;-0,02;-0,02;-0,19;-0,19;0,0;0,0;-0,02;-0,02;0,0;0,0;-0,02;-0,02;-0,02;-0,02;-0,15;-0,15;-0,12;-0,12;0,0;0,0;-0,01;-0,01;0,0;0,0
19.07.2026;00:45;01:00;0,0;0,0;0,0;0,0;-0,01;-0,01;-0,23;-0,23;0,0;0,0;-0,01;-0,01;-0,03;-0,03;-0,04;-0,04;-0,12;-0,12;-0,16;-0,16;-0,02;-0,02;-0,02;-0,02;0,0;0,0;-0,01;-0,01;-0,02;-0,02;-0,02;-0,02;-0,02;-0,02;-0,09;-0,09;0,0;0,0;-0,02;-0,02;-0,02;-0,02;-0,01;-0,01;-0,01;-0,01;-0,02;-0,02;-0,12;-0,12;-0,03;-0,03;-0,01;-0,01;0,0;0,0
19.07.2026;01:00;01:15;0,0;0,0;0,0;0,0;0,0;0,0;-0,23;-0,23;-0,01;-0,01;-0,02;-0,02;-0,04;-0,04;-0,03;-0,03;-0,07;-0,07;-0,16;-0,16;-0,01;-0,01;0,0;0,0;-0,01;-0,01;-0,01;-0,01;-0,01;-0,01;0,0;0,0;-0,02;-0,02;-0,11;-0,11;-0,02;-0,02;-0,02;-0,02;-0,01;-0,01;-0,01;-0,01;-0,01;-0,01;-0,04;-0,04;-0,13;-0,13;-0,03;-0,03;-0,01;-0,01;0,0;0,0
19.07.2026;01:15;01:30;0,0;0,0;0,0;0,0;-0,01;-0,01;-0,15;-0,15;0,0;0,0;-0,01;-0,01;-0,04;-0,04;-0,03;-0,03;-0,05;-0,05;-0,15;-0,15;-0,02;-0,02;-0,01;-0,01;0,0;0,0;0,0;0,0;-0,01;-0,01;-0,02;-0,02;-0,02;-0,02;-0,09;-0,09;0,0;0,0;-0,02;-0,02;0,0;0,0;-0,03;-0,03;-0,01;-0,01;-0,04;-0,04;-0,09;-0,09;-0,04;-0,04;-0,02;-0,02;0,0;0,0
19.07.2026;01:30;01:45;0,0;0,0;-0,01;-0,01;0,0;0,0;-0,07;-0,07;0,0;0,0;-0,01;-0,01;-0,04;-0,04;-0,03;-0,03;-0,04;-0,04;-0,16;-0,16;-0,01;-0,01;-0,01;-0,01;0,0;0,0;-0,02;-0,02;0,0;0,0;-0,01;-0,01;-0,03;-0,03;-0,08;-0,08;-0,01;-0,01;-0,02;-0,02;-0,02;-0,02;-0,02;-0,02;-0,01;-0,01;-0,04;-0,04;-0,11;-0,11;-0,01;-0,01;0,0;0,0;0,0;0,0
19.07.2026;01:45;02:00;0,0;0,0;0,0;0,0;-0,01;-0,01;-0,07;-0,07;0,0;0,0;-0,01;-0,01;-0,03;-0,03;-0,02;-0,02;-0,03;-0,03;-0,16;-0,16;-0,01;-0,01;-0,01;-0,01;0,0;0,0;-0,01;-0,01;-0,02;-0,02;0,0;0,0;-0,03;-0,03;-0,07;-0,07;-0,01;-0,01;-0,02;-0,02;-0,01;-0,01;-0,01;-0,01;-0,02;-0,02;-0,03;-0,03;-0,07;-0,07;-0,03;-0,03;-0,02;-0,02;0,0;0,0
19.07.2026;02:00;02:15;0,0;0,0;0,0;0,0;-0,01;-0,01;-0,08;-0,08;0,0;0,0;-0,01;-0,01;-0,04;-0,04;-0,02;-0,02;-0,02;-0,02;-0,07;-0,07;-0,02;-0,02;-0,01;-0,01;0,0;0,0;-0,01;-0,01;-0,01;-0,01;-0,02;-0,02;-0,01;-0,01;-0,05;-0,05;0,0;0,0;-0,02;-0,02;-0,01;-0,01;-0,01;-0,01;-0,01;-0,01;-0,02;-0,02;-0,08;-0,08;-0,02;-0,02;-0,01;-0,01;0,0;0,0
19.07.2026;02:15;02:30;0,0;0,0;0,0;0,0;-0,02;-0,02;-0,07;-0,07;0,0;0,0;-0,01;-0,01;-0,04;-0,04;-0,01;-0,01;-0,03;-0,03;-0,02;-0,02;0,0;0,0;-0,01;-0,01;0,0;0,0;0,0;0,0;-0,01;-0,01;-0,01;-0,01;-0,02;-0,02;-0,09;-0,09;-0,02;-0,02;-0,03;-0,03;-0,01;-0,01;-0,02;-0,02;-0,01;-0,01;-0,03;-0,03;-0,03;-0,03;-0,01;-0,01;-0,01;-0,01;0,0;0,0
19.07.2026;02:30;02:45;0,0;0,0;-0,01;-0,01;-0,01;-0,01;-0,07;-0,07;0,0;0,0;-0,01;-0,01;-0,03;-0,03;-0,01;-0,01;-0,02;-0,02;-0,01;-0,01;0,0;0,0;0,0;0,0;0,0;0,0;-0,02;-0,02;-0,01;-0,01;-0,01;-0,01;-0,02;-0,02;-0,02;-0,02;0,0;0,0;-0,02;-0,02;-0,01;-0,01;-0,03;-0,03;-0,02;-0,02;-0,02;-0,02;-0,02;-0,02;-0,01;-0,01;-0,01;-0,01;0,0;0,0
19.07.2026;02:45;03:00;0,0;0,0;0,0;0,0;0,0;0,0;-0,07;-0,07;0,0;0,0;-0,01;-0,01;-0,04;-0,04;-0,01;-0,01;-0,02;-0,02;-0,02;-0,02;-0,01;-0,01;-0,02;-0,02;0,0;0,0;-0,01;-0,01;-0,01;-0,01;-0,01;-0,01;-0,02;-0,02;-0,03;-0,03;-0,01;-0,01;-0,02;-0,02;-0,01;-0,01;-0,02;-0,02;-0,01;-0,01;-0,02;-0,02;-0,02;-0,02;-0,02;-0,02;-0,01;-0,01;0,0;0,0
19.07.2026;03:00;03:15;0,0;0,0;0,0;0,0;0,0;0,0;-0,06;-0,06;0,0;0,0;-0,02;-0,02;-0,04;-0,04;-0,01;-0,01;-0,02;-0,02;-0,02;-0,02;-0,01;-0,01;0,0;0,0;0,0;0,0;0,0;0,0;-0,01;-0,01;-0,01;-0,01;-0,02;-0,02;-0,02;-0,02;-0,01;-0,01;-0,02;-0,02;-0,01;-0,01;-0,01;-0,01;-0,01;-0,01;-0,01;-0,01;-0,03;-0,03;-0,01;-0,01;-0,02;-0,02;0,0;0,0
19.07.2026;03:15;03:30;0,0;0,0;0,0;0,0;-0,01;-0,01;-0,08;-0,08;0,0;0,0;-0,01;-0,01;-0,03;-0,03;-0,01;-0,01;-0,02;-0,02;0,0;0,0;-0,02;-0,02;-0,01;-0,01;0,0;0,0;-0,01;-0,01;-0,01;-0,01;-0,01;-0,01;-0,03;-0,03;-0,02;-0,02;0,0;0,0;-0,02;-0,02;-0,01;-0,01;-0,01;-0,01;-0,01;-0,01;0,0;0,0;-0,02;-0,02;-0,01;-0,01;-0,01;-0,01;0,0;0,0
19.07.2026;03:30;03:45;0,0;0,0;0,0;0,0;0,0;0,0;-0,06;-0,06;0,0;0,0;0,0;0,0;-0,04;-0,04;-0,01;-0,01;-0,02;-0,02;-0,01;-0,01;-0,01;-0,01;-0,01;-0,01;0,0;0,0;-0,02;-0,02;-0,01;-0,01;-0,01;-0,01;-0,01;-0,01;-0,03;-0,03;-0,02;-0,02;-0,02;-0,02;-0,01;-0,01;-0,02;-0,02;-0,02;-0,02;-0,01;-0,01;-0,02;-0,02;-0,01;-0,01;-0,01;-0,01;0,0;0,0
19.07.2026;03:45;04:00;0,0;0,0;-0,01;-0,01;-0,02;-0,02;-0,07;-0,07;0,0;0,0;-0,01;-0,01;-0,03;-0,03;-0,01;-0,01;-0,01;-0,01;0,0;0,0;-0,02;-0,02;0,0;0,0;0,0;0,0;-0,01;-0,01;-0,01;-0,01;-0,01;-0,01;-0,02;-0,02;-0,02;-0,02;0,0;0,0;-0,02;-0,02;-0,01;-0,01;-0,02;-0,02;-0,01;-0,01;-0,02;-0,02;-0,02;-0,02;-0,01;-0,01;-0,01;-0,01;0,0;0,0
19.07.2026;04:00;04:15;0,0;0,0;0,0;0,0;-0,01;-0,01;-0,07;-0,07;0,0;0,0;-0,02;-0,02;-0,04;-0,04;-0,01;-0,01;-0,02;-0,02;-0,01;-0,01;-0,01;-0,01;-0,02;-0,02;0,0;0,0;0,0;0,0;-0,01;-0,01;-0,01;-0,01;-0,01;-0,01;-0,03;-0,03;-0,01;-0,01;-0,02;-0,02;-0,01;-0,01;-0,02;-0,02;-0,01;-0,01;-0,01;-0,01;-0,02;-0,02;-0,01;-0,01;-0,01;-0,01;0,0;0,0
19.07.2026;04:15;04:30;0,0;0,0;0,0;0,0;-0,02;-0,02;-0,06;-0,06;0,0;0,0;-0,01;-0,01;-0,04;-0,04;-0,05;-0,05;-0,02;-0,02;0,0;0,0;-0,01;-0,01;0,0;0,0;0,0;0,0;-0,01;-0,01;-0,02;-0,02;-0,01;-0,01;-0,03;-0,03;-0,02;-0,02;-0,01;-0,01;-0,02;-0,02;-0,01;-0,01;-0,01;-0,01;-0,01;-0,01;-0,02;-0,02;-0,02;-0,02;-0,01;-0,01;-0,01;-0,01;0,0;0,0
19.07.2026;04:30;04:45;0,0;0,0;0,0;0,0;0,0;0,0;-0,07;-0,07;0,0;0,0;0,0;0,0;-0,03;-0,03;-0,05;-0,05;-0,02;-0,02;-0,01;-0,01;-0,01;-0,01;-0,01;-0,01;0,0;0,0;-0,02;-0,02;-0,01;-0,01;-0,01;-0,01;-0,02;-0,02;-0,02;-0,02;0,0;0,0;-0,02;-0,02;-0,01;-0,01;-0,02;-0,02;-0,02;-0,02;-0,01;-0,01;-0,01;-0,01;-0,02;-0,02;-0,02;-0,02;0,0;0,0
19.07.2026;04:45;05:00;0,0;0,0;-0,01;-0,01;-0,01;-0,01;-0,07;-0,07;0,0;0,0;-0,01;-0,01;-0,04;-0,04;-0,02;-0,02;-0,01;-0,01;-0,01;-0,01;0,0;0,0;-0,01;-0,01;0,0;0,0;-0,01;-0,01;-0,01;-0,01;-0,01;-0,01;-0,01;-0,01;-0,02;-0,02;-0,02;-0,02;-0,02;-0,02;-0,01;-0,01;-0,01;-0,01;-0,01;-0,01;-0,01;-0,01;0,0;0,0;-0,01;-0,01;0,0;0,0;0,0;0,0
19.07.2026;05:00;05:15;0,0;0,0;0,0;0,0;0,0;0,0;-0,06;-0,06;0,0;0,0;-0,02;-0,02;-0,03;-0,03;-0,02;-0,02;-0,03;-0,03;-0,02;-0,02;-0,01;-0,01;-0,01;-0,01;0,0;0,0;0,0;0,0;-0,01;-0,01;-0,01;-0,01;0,0;0,0;-0,02;-0,02;0,0;0,0;-0,02;-0,02;-0,01;-0,01;-0,05;-0,05;-0,01;-0,01;-0,01;-0,01;0,0;0,0;-0,02;-0,02;-0,02;-0,02;0,0;0,0
19.07.2026;05:15;05:30;0,0;0,0;0,0;0,0;0,0;0,0;-0,14;-0,14;0,0;0,0;-0,01;-0,01;-0,04;-0,04;-0,02;-0,02;-0,01;-0,01;-0,02;-0,02;-0,01;-0,01;0,0;0,0;0,0;0,0;-0,01;-0,01;-0,01;-0,01;-0,01;-0,01;-0,01;-0,01;-0,02;-0,02;-0,01;-0,01;-0,02;-0,02;-0,01;-0,01;-0,08;-0,08;-0,02;-0,02;-0,01;-0,01;-0,01;-0,01;0,0;0,0;-0,01;-0,01;0,0;0,0
19.07.2026;05:30;05:45;0,02;0,02;0,0;0,0;-0,02;-0,02;-0,14;-0,14;0,0;0,0;0,0;0,0;-0,03;-0,03;-0,02;-0,02;-0,02;-0,02;-0,01;-0,01;-0,01;-0,01;-0,02;-0,02;0,0;0,0;-0,02;-0,02;-0,01;-0,01;-0,01;-0,01;0,0;0,0;-0,02;-0,02;-0,01;-0,01;-0,02;-0,02;0,0;0,0;-0,03;-0,03;-0,01;-0,01;-0,02;-0,02;-0,01;-0,01;-0,01;-0,01;-0,01;-0,01;0,0;0,0
19.07.2026;05:45;06:00;0,08;0,08;-0,01;-0,01;-0,01;-0,01;-0,09;-0,09;0,0;0,0;-0,02;-0,02;-0,04;-0,04;0,0;0,0;-0,02;-0,02;-0,02;-0,02;-0,02;-0,02;0,0;0,0;0,0;0,0;0,0;0,0;-0,01;-0,01;-0,04;-0,04;-0,02;-0,02;-0,02;-0,02;0,0;0,0;-0,02;-0,02;-0,02;-0,02;-0,01;-0,01;-0,01;-0,01;-0,01;-0,01;-0,01;-0,01;-0,02;-0,02;-0,01;-0,01;0,0;0,0
19.07.2026;06:00;06:15;0,28;0,2;0,0;0,0;-0,02;-0,02;-0,12;-0,04;-0,01;-0,01;-0,01;-0,01;-0,03;-0,03;-0,02;-0,02;-0,01;-0,01;-0,01;-0,01;-0,01;-0,01;-0,01;-0,01;-0,01;-0,01;-0,01;-0,01;-0,01;-0,01;-0,08;-0,08;-0,01;-0,01;0,0;0,0;-0,02;-0,02;-0,02;-0,02;-0,01;-0,01;-0,02;-0,02;-0,02;-0,02;-0,01;-0,01;-0,01;-0,01;0,0;0,0;-0,01;-0,01;0,0;0,0
19.07.2026;06:15;06:30;0,35;0,12;0,0;0,0;0,0;0,0;-0,16;-0,09;0,0;0,0;-0,01;0,0;-0,04;-0,03;-0,01;0,0;-0,02;-0,01;0,0;0,0;-0,02;-0,01;-0,01;0,0;0,0;0,0;0,0;0,0;-0,01;0,0;-0,04;-0,03;0,0;0,0;-0,01;0,0;0,0;0,0;-0,02;-0,01;-0,01;0,0;-0,01;0,0;0,0;0,0;-0,01;0,0;-0,01;0,0;-0,01;0,0;-0,01;0,0;0,0;0,0
19.07.2026;06:30;06:45;0,31;0,1;0,0;0,0;-0,01;0,0;-0,18;-0,16;0,0;0,0;-0,01;0,0;-0,04;-0,03;-0,01;0,0;-0,02;-0,01;-0,01;0,0;-0,01;0,0;0,0;0,0;0,0;0,0;-0,02;-0,01;-0,01;0,0;-0,04;-0,03;0,0;0,0;0,0;0,0;-0,01;0,0;-0,02;-0,01;-0,01;0,0;-0,02;-0,01;-0,02;-0,01;-0,01;0,0;-0,01;0,0;-0,02;-0,01;-0,01;0,0;0,0;0,0
19.07.2026;06:45;07:00;0,17;0,12;0,0;0,0;-0,09;-0,09;-0,14;-0,09;0,0;0,0;-0,01;-0,01;-0,03;-0,03;0,0;0,0;-0,01;-0,01;0,0;0,0;-0,01;-0,01;-0,02;-0,02;0,0;0,0;-0,01;-0,01;-0,01;-0,01;-0,11;-0,11;-0,01;-0,01;-0,01;-0,01;-0,01;-0,01;-0,03;-0,03;-0,01;-0,01;-0,03;-0,03;-0,01;-0,01;-0,02;-0,02;-0,01;-0,01;-0,01;-0,01;-0,02;-0,02;0,0;0,0
19.07.2026;07:00;07:15;0,23;0,17;-0,01;-0,01;-0,2;-0,2;-0,12;-0,06;0,0;0,0;-0,01;-0,01;-0,06;-0,06;-0,05;-0,05;-0,03;-0,03;-0,01;-0,01;-0,01;-0,01;0,0;0,0;0,0;0,0;-0,04;-0,04;-0,01;-0,01;-0,04;-0,04;-0,01;-0,01;-0,02;-0,02;-0,01;-0,01;-0,02;-0,02;-0,01;-0,01;-0,01;-0,01;-0,01;-0,01;-0,01;-0,01;-0,02;-0,02;-0,02;-0,02;-0,01;-0,01;0,0;0,0
19.07.2026;07:15;07:30;0,35;0,11;0,0;0,0;-0,04;-0,03;-0,07;-0,01;0,0;0,0;-0,01;0,0;-0,03;-0,02;-0,02;-0,01;-0,01;0,0;0,0;0,0;0,0;0,0;-0,01;0,0;0,0;0,0;-0,02;-0,01;-0,01;0,0;-0,04;-0,03;-0,01;0,0;-0,03;-0,02;-0,01;0,0;-0,02;-0,01;-0,01;0,0;-0,01;0,0;-0,02;-0,01;0,0;0,0;-0,01;0,0;0,0;0,0;-0,01;0,0;0,0;0,0
19.07.2026;07:30;07:45;0,24;0,18;0,0;0,0;-0,01;-0,01;-0,11;-0,05;0,0;0,0;-0,01;-0,01;-0,04;-0,04;-0,05;-0,05;-0,02;-0,02;-0,01;-0,01;0,0;0,0;-0,01;-0,01;0,0;0,0;-0,01;-0,01;-0,01;-0,01;-0,04;-0,04;-0,01;-0,01;-0,02;-0,02;0,0;0,0;-0,02;-0,02;-0,01;-0,01;-0,01;-0,01;-0,09;-0,09;-0,02;-0,02;-0,01;-0,01;-0,01;-0,01;-0,01;-0,01;0,0;0,0
19.07.2026;07:45;08:00;0,85;0,3;0,0;0,0;-0,02;0,0;-0,14;0,0;0,0;0,0;-0,01;0,0;-0,04;0,0;-0,02;0,0;-0,02;0,0;-0,01;0,0;-0,02;0,0;-0,01;0,0;0,0;0,0;-0,01;0,0;-0,01;0,0;-0,29;-0,23;0,0;0,0;-0,02;0,0;-0,01;0,0;-0,02;0,0;-0,01;0,0;-0,03;0,0;-0,05;0,0;-0,01;0,0;-0,01;0,0;-0,01;0,0;-0,01;0,0;0,0;0,0
19.07.2026;08:00;08:15;0,58;0,15;-0,01;0,0;-0,01;0,0;-0,09;0,0;0,0;0,0;-0,02;0,0;-0,04;-0,02;-0,33;-0,31;-0,01;0,0;-0,02;0,0;-0,02;0,0;-0,02;0,0;0,0;0,0;-0,01;0,0;-0,01;0,0;-0,2;-0,18;0,0;0,0;-0,02;0,0;-0,01;0,0;-0,02;0,0;-0,01;0,0;-0,02;0,0;-0,05;-0,03;-0,02;0,0;-0,01;0,0;-0,01;0,0;-0,01;0,0;0,0;0,0
19.07.2026;08:15;08:30;0,26;0,19;0,0;0,0;-0,01;-0,01;-0,08;-0,01;0,0;0,0;0,0;0,0;-0,04;-0,04;-0,07;-0,07;-0,02;-0,02;-0,02;-0,02;-0,01;-0,01;-0,14;-0,14;0,0;0,0;-0,01;-0,01;-0,01;-0,01;-0,06;-0,06;-0,01;-0,01;-0,02;-0,02;-0,01;-0,01;-0,02;-0,02;-0,01;-0,01;-0,01;-0,01;-0,05;-0,05;0,0;0,0;-0,01;-0,01;-0,01;-0,01;-0,01;-0,01;0,0;0,0
19.07.2026;08:30;08:45;0,21;0,16;0,0;0,0;0,0;0,0;-0,14;-0,09;0,0;0,0;-0,01;-0,01;-0,04;-0,04;-0,05;-0,05;-0,02;-0,02;-0,04;-0,04;-0,01;-0,01;-0,05;-0,05;0,0;0,0;-0,08;-0,08;-0,01;-0,01;-0,14;-0,14;-0,01;-0,01;-0,01;-0,01;-0,01;-0,01;-0,03;-0,03;-0,03;-0,03;-0,02;-0,02;-0,05;-0,05;-0,01;-0,01;-0,01;-0,01;-0,02;-0,02;-0,01;-0,01;0,0;0,0
19.07.2026;08:45;09:00;0,38;0,11;0,0;0,0;-0,01;0,0;-0,09;-0,03;0,0;0,0;-0,01;0,0;-0,04;-0,03;-0,06;-0,05;-0,01;0,0;-0,08;-0,07;-0,02;-0,01;-0,08;-0,07;0,0;0,0;-0,29;-0,28;-0,01;0,0;-0,27;-0,26;-0,01;0,0;0,0;0,0;-0,01;0,0;-0,03;-0,02;-0,12;-0,11;-0,01;0,0;-0,05;-0,04;-0,02;-0,01;-0,01;0,0;-0,01;0,0;-0,24;-0,23;0,0;0,0
19.07.2026;09:00;09:15;0,0;0,0;0,0;0,0;-0,02;-0,02;-0,1;-0,1;0,0;0,0;-0,02;-0,02;-0,03;-0,03;-0,04;-0,04;-0,03;-0,03;-0,02;-0,02;-0,01;-0,01;-0,07;-0,07;0,0;0,0;-0,45;-0,45;-0,01;-0,01;-0,08;-0,08;-0,01;-0,01;-0,01;-0,01;0,0;0,0;-0,02;-0,02;-0,03;-0,03;-0,02;-0,02;-0,16;-0,16;-0,01;-0,01;-0,02;-0,02;-0,02;-0,02;-0,12;-0,12;0,0;0,0
19.07.2026;09:15;09:30;0,0;0,0;-0,01;-0,01;-0,01;-0,01;-0,18;-0,18;0,0;0,0;0,0;0,0;-0,04;-0,04;-0,12;-0,12;-0,01;-0,01;-0,09;-0,09;-0,01;-0,01;-0,02;-0,02;0,0;0,0;-0,02;-0,02;-0,01;-0,01;-0,04;-0,04;0,0;0,0;-0,01;-0,01;-0,02;-0,02;-0,02;-0,02;-0,05;-0,05;-0,02;-0,02;-0,53;-0,53;-0,01;-0,01;-0,01;-0,01;0,0;0,0;-0,02;-0,02;0,0;0,0
19.07.2026;09:30;09:45;1,17;0,48;0,0;0,0;-0,02;0,0;-0,08;0,0;0,0;0,0;-0,01;0,0;-0,04;0,0;-0,14;-0,04;-0,02;0,0;0,0;0,0;-0,01;0,0;-0,09;0,0;0,0;0,0;-0,01;0,0;-0,01;0,0;-0,05;0,0;0,0;0,0;-0,02;0,0;0,0;0,0;-0,02;0,0;-0,03;0,0;-0,02;0,0;-0,15;-0,05;-0,01;0,0;-0,01;0,0;-0,01;0,0;-0,03;0,0;0,0;0,0
19.07.2026;09:45;10:00;2,12;1,23;0,0;0,0;-0,01;0,0;-0,09;0,0;0,0;0,0;-0,02;0,0;-0,04;0,0;-0,13;0,0;-0,12;0,0;0,0;0,0;0,0;0,0;-0,08;0,0;0,0;0,0;-0,01;0,0;-0,03;0,0;-0,06;0,0;-0,01;0,0;-0,02;0,0;0,0;0,0;-0,02;0,0;-0,11;0,0;-0,01;0,0;-0,08;0,0;-0,01;0,0;-0,01;0,0;-0,01;0,0;-0,02;0,0;0,0;0,0
19.07.2026;10:00;10:15;2,77;1,94;0,0;0,0;-0,02;0,0;-0,09;0,0;0,0;0,0;-0,01;0,0;-0,03;0,0;-0,13;0,0;-0,05;0,0;-0,01;0,0;0,0;0,0;0,0;0,0;0,0;0,0;-0,04;0,0;-0,05;0,0;-0,06;0,0;-0,02;0,0;-0,01;0,0;-0,02;0,0;-0,02;0,0;-0,11;0,0;-0,01;0,0;-0,09;0,0;-0,02;0,0;-0,01;0,0;-0,01;0,0;-0,02;0,0;0,0;0,0
19.07.2026;10:15;10:30;2,62;1,32;-0,01;0,0;0,0;0,0;-0,21;0,0;0,0;0,0;0,0;0,0;-0,04;0,0;-0,12;0,0;-0,02;0,0;-0,03;0,0;-0,02;0,0;-0,02;0,0;0,0;0,0;-0,09;0,0;-0,04;0,0;-0,06;0,0;0,0;0,0;-0,02;0,0;0,0;0,0;-0,15;0,0;-0,1;0,0;-0,02;0,0;-0,08;0,0;-0,02;0,0;-0,02;0,0;-0,01;0,0;-0,22;0,0;0,0;0,0
19.07.2026;10:30;10:45;3,26;1,57;0,0;0,0;-0,01;0,0;-0,14;0,0;0,0;0,0;-0,01;0,0;-0,04;0,0;-0,12;0,0;-0,13;0,0;-0,52;-0,17;-0,02;0,0;-0,01;0,0;0,0;0,0;0,0;0,0;-0,05;0,0;-0,04;0,0;-0,01;0,0;-0,02;0,0;-0,01;0,0;-0,04;0,0;-0,15;0,0;-0,03;0,0;-0,13;0,0;-0,01;0,0;-0,01;0,0;-0,01;0,0;-0,49;-0,14;0,0;0,0
19.07.2026;10:45;11:00;2,28;0,99;0,0;0,0;0,0;0,0;-0,13;0,0;0,0;0,0;-0,02;0,0;-0,03;0,0;-0,13;0,0;-0,02;0,0;-0,25;-0,03;-0,01;0,0;-0,01;0,0;0,0;0,0;-0,01;0,0;-0,03;0,0;-0,03;0,0;-0,05;0,0;-0,02;0,0;-0,01;0,0;-0,02;0,0;-0,08;0,0;-0,02;0,0;-0,17;0,0;-0,03;0,0;-0,01;0,0;-0,02;0,0;-0,24;-0,02;0,0;0,0
19.07.2026;11:00;11:15;2,83;1,75;0,0;0,0;-0,01;0,0;-0,09;0,0;-0,01;0,0;-0,01;0,0;-0,04;0,0;-0,22;0,0;-0,02;0,0;-0,02;0,0;-0,01;0,0;-0,01;0,0;-0,01;0,0;-0,02;0,0;-0,03;0,0;-0,02;0,0;-0,04;0,0;0,0;0,0;0,0;0,0;-0,03;0,0;-0,04;0,0;-0,01;0,0;-0,16;0,0;-0,03;0,0;-0,01;0,0;-0,02;0,0;-0,22;0,0;0,0;0,0
19.07.2026;11:15;11:30;2,14;1,09;0,0;0,0;-0,02;0,0;-0,11;0,0;0,0;0,0;-0,01;0,0;-0,04;0,0;-0,23;-0,01;-0,02;0,0;-0,02;0,0;-0,02;0,0;-0,01;0,0;0,0;0,0;-0,02;0,0;-0,05;0,0;-0,03;0,0;-0,04;0,0;-0,01;0,0;-0,02;0,0;-0,04;0,0;-0,04;0,0;-0,01;0,0;-0,07;0,0;-0,02;0,0;-0,02;0,0;0,0;0,0;-0,21;0,0;0,0;0,0
19.07.2026;11:30;11:45;3,36;1,91;-0,01;0,0;-0,01;0,0;-0,11;0,0;0,0;0,0;0,0;0,0;-0,03;0,0;-0,35;0,0;-0,05;0,0;-0,03;0,0;-0,01;0,0;-0,01;0,0;0,0;0,0;-0,01;0,0;-0,09;0,0;-0,03;0,0;-0,04;0,0;-0,01;0,0;0,0;0,0;-0,02;0,0;-0,1;0,0;-0,02;0,0;-0,1;0,0;-0,02;0,0;0,0;0,0;-0,01;0,0;-0,61;-0,22;0,0;0,0
19.07.2026;11:45;12:00;2,91;1,22;0,0;0,0;-0,01;0,0;-0,1;0,0;0,0;0,0;-0,02;0,0;-0,04;0,0;-0,43;-0,11;-0,01;0,0;-0,02;0,0;-0,01;0,0;-0,01;0,0;0,0;0,0;-0,04;0,0;-0,24;0,0;-0,02;0,0;-0,03;0,0;-0,01;0,0;-0,01;0,0;-0,03;0,0;-0,5;-0,18;-0,02;0,0;-0,08;0,0;-0,02;0,0;0,0;0,0;-0,01;0,0;-0,38;-0,06;0,0;0,0
19.07.2026;12:00;12:15;3,04;1,57;0,0;0,0;0,0;0,0;-0,14;0,0;0,0;0,0;-0,01;0,0;-0,04;0,0;-0,6;-0,26;-0,02;0,0;-0,02;0,0;0,0;0,0;-0,01;0,0;0,0;0,0;-0,07;0,0;-0,06;0,0;-0,02;0,0;-0,02;0,0;-0,07;0,0;-0,01;0,0;-0,02;0,0;-0,16;0,0;-0,03;0,0;-0,05;0,0;-0,03;0,0;0,0;0,0;-0,01;0,0;-0,56;-0,22;0,0;0,0
19.07.2026;12:15;12:30;1,61;0,55;0,0;0,0;-0,01;0,0;-0,1;0,0;0,0;0,0;-0,01;0,0;-0,03;0,0;-0,38;-0,24;-0,03;0,0;-0,01;0,0;-0,01;0,0;-0,02;0,0;0,0;0,0;-0,3;-0,16;-0,05;0,0;-0,03;0,0;-0,02;0,0;-0,05;0,0;0,0;0,0;-0,02;0,0;-0,4;-0,26;-0,01;0,0;-0,04;0,0;-0,03;0,0;-0,02;0,0;-0,01;0,0;-0,51;-0,37;0,0;0,0
19.07.2026;12:30;12:45;2,4;1,19;-0,01;0,0;0,0;0,0;-0,16;0,0;0,0;0,0;-0,01;0,0;-0,04;0,0;-0,13;0,0;-0,03;0,0;-0,02;0,0;-0,01;0,0;-0,01;0,0;0,0;0,0;-0,05;0,0;-0,07;0,0;-0,01;0,0;-0,03;0,0;-0,04;0,0;-0,02;0,0;-0,02;0,0;-0,49;-0,24;-0,01;0,0;-0,06;0,0;-0,1;0,0;-0,01;0,0;-0,01;0,0;-0,11;0,0;0,0;0,0
19.07.2026;12:45;13:00;0,13;0,11;0,0;0,0;-0,02;-0,02;-0,25;-0,23;0,0;0,0;-0,04;-0,04;-0,03;-0,03;-0,02;-0,02;-0,02;-0,02;-0,01;-0,01;-0,01;-0,01;-0,02;-0,02;0,0;0,0;-0,05;-0,05;-0,04;-0,04;0,0;0,0;-0,02;-0,02;-0,02;-0,02;0,0;0,0;-0,02;-0,02;-0,43;-0,43;-0,01;-0,01;-0,06;-0,06;-0,03;-0,03;-0,01;-0,01;-0,02;-0,02;-0,11;-0,11;0,0;0,0
19.07.2026;13:00;13:15;0,0;0,0;0,0;0,0;-0,01;-0,01;-0,24;-0,24;0,0;0,0;-0,34;-0,34;-0,04;-0,04;-0,01;-0,01;-0,02;-0,02;0,0;0,0;-0,02;-0,02;-0,03;-0,03;0,0;0,0;-0,04;-0,04;-0,04;-0,04;-0,02;-0,02;-0,02;-0,02;-0,01;-0,01;-0,01;-0,01;-0,06;-0,06;-0,29;-0,29;-0,03;-0,03;-0,06;-0,06;-0,02;-0,02;-0,01;-0,01;-0,01;-0,01;-0,46;-0,46;0,0;0,0
19.07.2026;13:15;13:30;0,51;0,19;0,0;0,0;-0,13;-0,12;-0,11;-0,01;0,0;0,0;-0,42;-0,41;-0,04;-0,03;-0,03;-0,02;-0,03;-0,02;-0,01;0,0;-0,01;0,0;-0,02;-0,01;0,0;0,0;-0,03;-0,02;-0,05;-0,04;-0,01;0,0;-0,02;-0,01;-0,02;-0,01;-0,01;0,0;-0,02;-0,01;-0,04;-0,03;-0,02;-0,01;-0,05;-0,04;-0,37;-0,36;-0,01;0,0;-0,01;0,0;-0,39;-0,38;0,0;0,0
19.07.2026;13:30;13:45;0,92;0,24;0,0;0,0;-0,05;-0,01;-0,09;0,0;0,0;0,0;-0,19;-0,15;-0,03;0,0;-0,07;-0,03;-0,02;0,0;-0,03;0,0;-0,02;0,0;-0,04;0,0;0,0;0,0;-0,04;0,0;-0,04;0,0;-0,01;0,0;-0,01;0,0;-0,02;0,0;0,0;0,0;-0,02;0,0;-0,03;0,0;-0,02;0,0;-0,06;-0,02;-0,14;-0,1;-0,01;0,0;-0,01;0,0;-0,11;-0,07;0,0;0,0
19.07.2026;13:45;14:00;1,08;0,3;-0,01;0,0;-0,03;0,0;-0,17;0,0;0,0;0,0;-0,04;0,0;-0,04;0,0;-0,05;0,0;-0,02;0,0;-0,12;-0,05;-0,01;0,0;-0,03;0,0;0,0;0,0;-0,03;0,0;-0,05;0,0;-0,01;0,0;-0,01;0,0;-0,02;0,0;-0,02;0,0;-0,02;0,0;-0,04;0,0;-0,01;0,0;-0,04;0,0;-0,01;0,0;-0,01;0,0;-0,01;0,0;-0,03;0,0;0,0;0,0
19.07.2026;14:00;14:15;0,69;0,21;0,0;0,0;-0,03;-0,01;-0,26;-0,13;0,0;0,0;-0,04;-0,02;-0,03;-0,01;-0,04;-0,02;-0,03;-0,01;-0,22;-0,2;-0,01;0,0;-0,03;-0,01;0,0;0,0;-0,05;-0,03;-0,04;-0,02;0,0;0,0;-0,01;0,0;-0,01;0,0;0,0;0,0;-0,02;0,0;-0,04;-0,02;-0,09;-0,07;-0,05;-0,03;-0,02;0,0;-0,01;0,0;-0,01;0,0;-0,31;-0,29;0,0;0,0
19.07.2026;14:15;14:30;0,75;0,14;0,0;0,0;-0,02;0,0;-0,13;-0,02;0,0;0,0;-0,03;0,0;-0,04;-0,01;-0,04;-0,01;-0,02;0,0;-0,54;-0,51;-0,01;0,0;-0,03;0,0;0,0;0,0;-0,03;0,0;-0,04;-0,01;-0,02;0,0;-0,01;0,0;0,0;0,0;0,0;0,0;-0,03;0,0;-0,04;-0,01;-0,51;-0,48;-0,04;-0,01;-0,02;0,0;-0,01;0,0;-0,03;0,0;-0,06;-0,03;0,0;0,0
19.07.2026;14:30;14:45;0,7;0,2;0,0;0,0;-0,02;0,0;-0,12;0,0;0,0;0,0;-0,04;-0,02;-0,03;-0,01;-0,04;-0,02;-0,02;0,0;-0,24;-0,22;0,0;0,0;-0,02;0,0;0,0;0,0;-0,03;-0,01;-0,04;-0,02;-0,01;0,0;-0,02;0,0;0,0;0,0;-0,02;0,0;-0,05;-0,03;-0,04;-0,02;-0,35;-0,33;-0,06;-0,04;-0,02;0,0;-0,01;0,0;-0,03;-0,01;-0,08;-0,06;0,0;0,0
19.07.2026;14:45;15:00;1,0;0,24;-0,01;0,0;-0,02;0,0;-0,16;0,0;0,0;0,0;-0,05;-0,01;-0,04;0,0;-0,02;0,0;-0,04;0,0;-0,21;-0,17;0,0;0,0;-0,11;-0,07;0,0;0,0;-0,02;0,0;-0,03;0,0;0,0;0,0;-0,02;0,0;-0,01;0,0;0,0;0,0;-0,04;0,0;-0,04;0,0;-0,04;0,0;-0,05;-0,01;-0,03;0,0;-0,01;0,0;-0,03;0,0;-0,07;-0,03;0,0;0,0
19.07.2026;15:00;15:15;1,13;0,21;0,0;0,0;-0,02;0,0;-0,26;-0,06;0,0;0,0;-0,03;0,0;-0,04;0,0;-0,02;0,0;-0,3;-0,25;-0,66;-0,61;-0,02;0,0;-0,03;0,0;0,0;0,0;-0,04;0,0;-0,04;0,0;-0,01;0,0;-0,01;0,0;-0,03;0,0;-0,01;0,0;-0,05;0,0;-0,03;0,0;-0,03;0,0;-0,05;0,0;-0,44;-0,39;-0,01;0,0;-0,09;-0,04;-0,08;-0,03;0,0;0,0
19.07.2026;15:15;15:30;1,2;0,21;0,0;0,0;-0,04;0,0;-0,16;0,0;0,0;0,0;-0,04;0,0;-0,06;0,0;-0,02;0,0;-0,05;0,0;-0,13;-0,07;-0,01;0,0;-0,02;0,0;0,0;0,0;-0,06;0,0;-0,05;0,0;-0,01;0,0;-0,01;0,0;-0,05;0,0;-0,01;0,0;-0,05;0,0;-0,04;0,0;-0,02;0,0;-0,11;-0,05;-0,13;-0,07;-0,02;0,0;-0,03;0,0;-0,1;-0,04;0,0;0,0
19.07.2026;15:30;15:45;1,17;0,25;0,0;0,0;-0,07;-0,01;-0,15;0,0;0,0;0,0;-0,04;0,0;-0,03;0,0;-0,55;-0,49;-0,08;-0,02;-0,19;-0,13;-0,02;0,0;-0,03;0,0;0,0;0,0;-0,03;0,0;-0,03;0,0;-0,01;0,0;0,0;0,0;-0,05;0,0;0,0;0,0;-0,05;0,0;-0,07;-0,01;-0,01;0,0;-0,04;0,0;-0,06;0,0;-0,01;0,0;-0,01;0,0;-0,05;0,0;0,0;0,0
19.07.2026;15:45;16:00;2,04;0,6;-0,01;0,0;-0,03;0,0;-0,12;0,0;0,0;0,0;-0,05;0,0;-0,04;0,0;-0,35;-0,18;-0,19;-0,02;-0,27;-0,1;-0,01;0,0;-0,02;0,0;0,0;0,0;-0,02;0,0;-0,04;0,0;-0,01;0,0;-0,01;0,0;-0,04;0,0;-0,02;0,0;-0,03;0,0;-0,42;-0,25;-0,03;0,0;-0,06;0,0;-0,23;-0,06;-0,01;0,0;0,0;0,0;-0,04;0,0;0,0;0,0
19.07.2026;16:00;16:15;3,11;1,13;0,0;0,0;-0,02;0,0;-0,1;0,0;-0,01;0,0;-0,04;0,0;-0,04;0,0;-0,27;0,0;-0,34;-0,05;-0,61;-0,32;-0,02;0,0;-0,28;0,0;-0,01;0,0;-0,03;0,0;-0,04;0,0;-0,01;0,0;0,0;0,0;-0,06;0,0;0,0;0,0;-0,02;0,0;-0,14;0,0;-0,03;0,0;-0,05;0,0;-0,18;0,0;-0,01;0,0;-0,02;0,0;-0,02;0,0;0,0;0,0
19.07.2026;16:15;16:30;2,63;0,93;0,0;0,0;-0,03;0,0;-0,12;0,0;0,0;0,0;-0,04;0,0;-0,04;0,0;-0,51;-0,27;-0,35;-0,11;-0,19;0,0;-0,01;0,0;-0,32;-0,08;0,0;0,0;-0,06;0,0;-0,04;0,0;-0,01;0,0;-0,01;0,0;-0,06;0,0;-0,01;0,0;-0,03;0,0;-0,03;0,0;-0,03;0,0;-0,05;0,0;-0,16;0,0;-0,01;0,0;-0,01;0,0;-0,04;0,0;0,0;0,0
19.07.2026;16:30;16:45;0,24;0,18;0,0;0,0;-0,03;-0,03;-0,1;-0,04;0,0;0,0;-0,06;-0,06;-0,04;-0,04;-0,35;-0,35;-0,09;-0,09;-0,19;-0,19;-0,01;-0,01;-0,16;-0,16;0,0;0,0;-0,07;-0,07;-0,03;-0,03;-0,01;-0,01;-0,05;-0,05;-0,04;-0,04;-0,01;-0,01;-0,24;-0,24;-0,04;-0,04;-0,02;-0,02;-0,05;-0,05;-0,06;-0,06;-0,02;-0,02;0,0;0,0;-0,05;-0,05;0,0;0,0
19.07.2026;16:45;17:00;0,0;0,0;0,0;0,0;-0,03;-0,03;-0,09;-0,09;0,0;0,0;-0,03;-0,03;-0,03;-0,03;-0,02;-0,02;-0,03;-0,03;-0,2;-0,2;-0,01;-0,01;-0,09;-0,09;0,0;0,0;-0,01;-0,01;-0,04;-0,04;-0,01;-0,01;-0,02;-0,02;-0,05;-0,05;0,0;0,0;-0,38;-0,38;-0,05;-0,05;-0,01;-0,01;-0,04;-0,04;-0,04;-0,04;-0,01;-0,01;-0,02;-0,02;-0,15;-0,15;0,0;0,0
19.07.2026;17:00;17:15;1,78;0,76;-0,01;0,0;-0,03;0,0;-0,11;0,0;0,0;0,0;-0,02;0,0;-0,04;0,0;-0,01;0,0;-0,03;0,0;-0,18;-0,01;0,0;0,0;-0,01;0,0;0,0;0,0;-0,03;0,0;-0,04;0,0;-0,01;0,0;-0,03;0,0;-0,06;0,0;-0,02;0,0;-0,31;-0,14;-0,03;0,0;-0,02;0,0;-0,04;0,0;-0,03;0,0;-0,02;0,0;-0,02;0,0;-0,07;0,0;0,0;0,0
19.07.2026;17:15;17:30;1,93;1,05;0,0;0,0;-0,03;0,0;-0,1;0,0;0,0;0,0;-0,02;0,0;-0,04;0,0;-0,01;0,0;-0,42;-0,22;-0,09;0,0;0,0;0,0;-0,01;0,0;0,0;0,0;-0,02;0,0;-0,03;0,0;-0,01;0,0;-0,01;0,0;-0,08;0,0;0,0;0,0;-0,03;0,0;-0,04;0,0;-0,02;0,0;-0,05;0,0;-0,05;0,0;-0,01;0,0;-0,01;0,0;-0,02;0,0;0,0;0,0
19.07.2026;17:30;17:45;1,69;0,9;0,0;0,0;-0,03;0,0;-0,1;0,0;0,0;0,0;-0,03;0,0;-0,04;0,0;-0,06;0,0;-0,02;0,0;-0,04;0,0;-0,02;0,0;-0,01;0,0;0,0;0,0;-0,02;0,0;-0,04;0,0;-0,01;0,0;-0,02;0,0;-0,09;0,0;-0,01;0,0;-0,03;0,0;-0,05;0,0;-0,03;0,0;-0,04;0,0;-0,03;0,0;-0,02;0,0;-0,01;0,0;-0,04;0,0;0,0;0,0
19.07.2026;17:45;18:00;1,98;1,21;0,0;0,0;-0,1;0,0;-0,11;0,0;0,0;0,0;-0,03;0,0;-0,05;0,0;-0,01;0,0;-0,02;0,0;0,0;0,0;-0,01;0,0;-0,01;0,0;0,0;0,0;-0,03;0,0;-0,03;0,0;-0,01;0,0;-0,02;0,0;-0,08;0,0;-0,01;0,0;-0,03;0,0;-0,04;0,0;-0,01;0,0;-0,05;0,0;-0,02;0,0;-0,02;0,0;0,0;0,0;-0,08;0,0;0,0;0,0
19.07.2026;18:00;18:15;1,73;0,75;-0,01;0,0;-0,13;0,0;-0,12;0,0;0,0;0,0;-0,03;0,0;-0,04;0,0;-0,02;0,0;-0,04;0,0;-0,01;0,0;-0,02;0,0;-0,01;0,0;0,0;0,0;-0,06;0,0;-0,04;0,0;-0,01;0,0;-0,03;0,0;-0,09;0,0;0,0;0,0;-0,02;0,0;-0,04;0,0;-0,01;0,0;-0,04;0,0;-0,02;0,0;-0,02;0,0;-0,02;0,0;-0,23;-0,08;0,0;0,0
19.07.2026;18:15;18:30;1,5;0,57;0,0;0,0;-0,35;-0,22;-0,1;0,0;0,0;0,0;-0,02;0,0;-0,03;0,0;-0,01;0,0;-0,04;0,0;0,0;0,0;-0,01;0,0;-0,03;0,0;0,0;0,0;-0,02;0,0;-0,04;0,0;-0,01;0,0;-0,03;0,0;-0,1;0,0;-0,02;0,0;-0,03;0,0;-0,04;0,0;-0,01;0,0;-0,08;0,0;-0,45;-0,32;0,0;0,0;-0,01;0,0;-0,04;0,0;0,0;0,0
19.07.2026;18:30;18:45;1,27;0,38;0,0;0,0;-0,23;-0,14;-0,13;0,0;0,0;0,0;-0,02;0,0;-0,04;0,0;-0,02;0,0;-0,06;0,0;-0,01;0,0;-0,02;0,0;-0,05;0,0;0,0;0,0;-0,03;0,0;-0,04;0,0;-0,01;0,0;-0,02;0,0;-0,09;0,0;0,0;0,0;-0,02;0,0;-0,04;0,0;-0,02;0,0;-0,05;0,0;-0,71;-0,62;0,0;0,0;0,0;0,0;-0,04;0,0;0,0;0,0
19.07.2026;18:45;19:00;1,08;0,28;0,0;0,0;-0,05;0,0;-0,09;0,0;0,0;0,0;-0,03;0,0;-0,04;0,0;-0,01;0,0;-0,04;0,0;-0,16;-0,1;-0,01;0,0;-0,03;0,0;0,0;0,0;-0,03;0,0;-0,03;0,0;-0,01;0,0;-0,02;0,0;-0,07;-0,01;-0,01;0,0;-0,03;0,0;-0,04;0,0;-0,03;0,0;-0,05;0,0;-0,28;-0,22;-0,01;0,0;-0,02;0,0;-0,04;0,0;0,0;0,0
19.07.2026;19:00;19:15;0,73;0,21;0,0;0,0;-0,12;-0,1;-0,14;-0,01;0,0;0,0;-0,03;-0,01;-0,03;-0,01;-0,01;0,0;-0,04;-0,02;-0,28;-0,26;-0,01;0,0;-0,02;0,0;0,0;0,0;-0,03;-0,01;-0,03;-0,01;-0,01;0,0;-0,02;0,0;-0,07;-0,05;-0,01;0,0;-0,02;0,0;-0,03;-0,01;-0,01;0,0;-0,04;-0,02;-0,04;-0,02;-0,02;0,0;-0,02;0,0;-0,04;-0,02;0,0;0,0
19.07.2026;19:15;19:30;0,61;0,16;-0,01;0,0;-0,28;-0,26;-0,14;-0,05;0,0;0,0;0,0;0,0;-0,04;-0,02;-0,01;0,0;-0,06;-0,04;-0,2;-0,18;0,0;0,0;-0,02;0,0;0,0;0,0;-0,16;-0,14;-0,04;-0,02;-0,01;0,0;-0,02;0,0;-0,07;-0,05;0,0;0,0;-0,02;0,0;-0,04;-0,02;-0,01;0,0;-0,05;-0,03;-0,04;-0,02;-0,02;0,0;-0,08;-0,06;-0,04;-0,02;0,0;0,0
19.07.2026;19:30;19:45;0,29;0,05;0,0;0,0;-0,01;0,0;-0,15;-0,13;0,0;0,0;-0,03;-0,02;-0,04;-0,03;-0,02;-0,01;-0,06;-0,05;-0,27;-0,26;-0,01;0,0;-0,02;-0,01;0,0;0,0;-0,17;-0,16;-0,03;-0,02;-0,01;0,0;-0,01;0,0;-0,09;-0,08;-0,02;-0,01;-0,24;-0,23;-0,04;-0,03;-0,01;0,0;-0,05;-0,04;-0,05;-0,04;-0,02;-0,01;-0,09;-0,08;-0,04;-0,03;0,0;0,0
19.07.2026;19:45;20:00;0,27;0,19;0,0;0,0;-0,02;-0,02;-0,16;-0,08;0,0;0,0;-0,03;-0,03;-0,03;-0,03;-0,02;-0,02;-0,1;-0,1;-0,5;-0,5;0,0;0,0;-0,02;-0,02;0,0;0,0;-0,04;-0,04;-0,04;-0,04;-0,01;-0,01;-0,23;-0,23;-0,47;-0,47;0,0;0,0;-0,21;-0,21;-0,04;-0,04;-0,02;-0,02;-0,04;-0,04;-0,06;-0,06;-0,02;-0,02;-0,02;-0,02;-0,05;-0,05;0,0;0,0
19.07.2026;20:00;20:15;0,13;0,11;0,0;0,0;-0,02;-0,02;-0,18;-0,16;0,0;0,0;-0,03;-0,03;-0,04;-0,04;-0,07;-0,07;-0,08;-0,08;-0,57;-0,57;-0,02;-0,02;-0,01;-0,01;0,0;0,0;-0,03;-0,03;-0,04;-0,04;-0,01;-0,01;-0,37;-0,37;-0,36;-0,36;-0,01;-0,01;-0,02;-0,02;-0,03;-0,03;-0,03;-0,03;-0,05;-0,05;-0,03;-0,03;-0,05;-0,05;-0,02;-0,02;-0,04;-0,04;0,0;0,0
19.07.2026;20:15;20:30;0,0;0,0;-0,01;-0,01;-0,02;-0,02;-0,23;-0,23;0,0;0,0;-0,02;-0,02;-0,03;-0,03;-0,07;-0,07;-0,13;-0,13;-0,3;-0,3;-0,02;-0,02;-0,03;-0,03;0,0;0,0;-0,03;-0,03;-0,05;-0,05;-0,02;-0,02;-0,02;-0,02;-0,36;-0,36;-0,01;-0,01;-0,03;-0,03;-0,03;-0,03;-0,01;-0,01;-0,04;-0,04;-0,01;-0,01;-0,34;-0,34;-0,01;-0,01;-0,05;-0,05;0,0;0,0
19.07.2026;20:30;20:45;0,0;0,0;0,0;0,0;-0,04;-0,04;-0,22;-0,22;0,0;0,0;-0,02;-0,02;-0,04;-0,04;-0,07;-0,07;-0,08;-0,08;-0,1;-0,1;-0,01;-0,01;-0,05;-0,05;0,0;0,0;-0,03;-0,03;-0,05;-0,05;-0,03;-0,03;-0,01;-0,01;-0,33;-0,33;0,0;0,0;-0,02;-0,02;-0,03;-0,03;-0,01;-0,01;-0,04;-0,04;-0,01;-0,01;-0,01;-0,01;-0,02;-0,02;-0,03;-0,03;0,0;0,0
19.07.2026;20:45;21:00;0,0;0,0;0,0;0,0;-0,03;-0,03;-0,19;-0,19;0,0;0,0;-0,09;-0,09;-0,04;-0,04;-0,07;-0,07;-0,11;-0,11;-0,07;-0,07;-0,01;-0,01;-0,01;-0,01;0,0;0,0;-0,03;-0,03;-0,05;-0,05;-0,03;-0,03;-0,02;-0,02;-0,02;-0,02;-0,02;-0,02;-0,02;-0,02;-0,02;-0,02;-0,01;-0,01;-0,05;-0,05;0,0;0,0;-0,02;-0,02;-0,01;-0,01;-0,04;-0,04;0,0;0,0
19.07.2026;21:00;21:15;0,0;0,0;0,0;0,0;-0,03;-0,03;-0,08;-0,08;-0,01;-0,01;-0,02;-0,02;-0,03;-0,03;-0,08;-0,08;-0,07;-0,07;-0,05;-0,05;-0,02;-0,02;-0,01;-0,01;-0,01;-0,01;-0,03;-0,03;-0,05;-0,05;-0,02;-0,02;-0,02;-0,02;-0,02;-0,02;0,0;0,0;-0,03;-0,03;-0,03;-0,03;-0,02;-0,02;-0,05;-0,05;-0,11;-0,11;-0,02;-0,02;0,0;0,0;-0,03;-0,03;0,0;0,0
19.07.2026;21:15;21:30;0,0;0,0;0,0;0,0;-0,03;-0,03;-0,09;-0,09;0,0;0,0;-0,02;-0,02;-0,04;-0,04;-0,07;-0,07;-0,05;-0,05;-0,05;-0,05;-0,01;-0,01;-0,01;-0,01;0,0;0,0;-0,03;-0,03;-0,06;-0,06;-0,04;-0,04;-0,02;-0,02;-0,01;-0,01;-0,01;-0,01;-0,03;-0,03;-0,03;-0,03;-0,02;-0,02;-0,02;-0,02;-0,15;-0,15;-0,03;-0,03;-0,01;-0,01;-0,03;-0,03;0,0;0,0
19.07.2026;21:30;21:45;0,0;0,0;-0,01;-0,01;-0,02;-0,02;-0,08;-0,08;0,0;0,0;-0,02;-0,02;-0,03;-0,03;-0,09;-0,09;-0,05;-0,05;-0,05;-0,05;-0,01;-0,01;-0,01;-0,01;0,0;0,0;-0,02;-0,02;-0,04;-0,04;-0,06;-0,06;-0,28;-0,28;-0,01;-0,01;-0,01;-0,01;-0,02;-0,02;-0,03;-0,03;-0,02;-0,02;-0,02;-0,02;-0,03;-0,03;-0,03;-0,03;-0,01;-0,01;-0,03;-0,03;0,0;0,0
19.07.2026;21:45;22:00;0,0;0,0;0,0;0,0;-0,02;-0,02;-0,08;-0,08;0,0;0,0;-0,04;-0,04;-0,04;-0,04;-0,08;-0,08;-0,09;-0,09;-0,13;-0,13;0,0;0,0;-0,01;-0,01;0,0;0,0;-0,09;-0,09;-0,05;-0,05;-0,03;-0,03;-0,03;-0,03;-0,01;-0,01;0,0;0,0;-0,02;-0,02;-0,1;-0,1;-0,01;-0,01;-0,01;-0,01;-0,02;-0,02;-0,03;-0,03;-0,01;-0,01;-0,04;-0,04;0,0;0,0
19.07.2026;22:00;22:15;0,0;0,0;0,0;0,0;-0,01;-0,01;-0,09;-0,09;0,0;0,0;-0,02;-0,02;-0,03;-0,03;-0,09;-0,09;-0,11;-0,11;-0,2;-0,2;0,0;0,0;-0,01;-0,01;0,0;0,0;-0,05;-0,05;-0,04;-0,04;-0,03;-0,03;0,0;0,0;-0,02;-0,02;-0,02;-0,02;-0,03;-0,03;-0,02;-0,02;-0,01;-0,01;-0,01;-0,01;-0,02;-0,02;-0,02;-0,02;-0,04;-0,04;-0,03;-0,03;0,0;0,0
19.07.2026;22:15;22:30;0,0;0,0;0,0;0,0;-0,01;-0,01;-0,07;-0,07;0,0;0,0;-0,02;-0,02;-0,04;-0,04;-0,08;-0,08;-0,14;-0,14;-0,16;-0,16;-0,02;-0,02;-0,01;-0,01;0,0;0,0;-0,01;-0,01;-0,05;-0,05;-0,01;-0,01;-0,01;-0,01;-0,01;-0,01;0,0;0,0;-0,04;-0,04;-0,02;-0,02;-0,02;-0,02;-0,01;-0,01;-0,01;-0,01;-0,02;-0,02;-0,61;-0,61;-0,03;-0,03;0,0;0,0
19.07.2026;22:30;22:45;0,0;0,0;-0,01;-0,01;-0,02;-0,02;-0,08;-0,08;0,0;0,0;-0,02;-0,02;-0,03;-0,03;-0,11;-0,11;-0,22;-0,22;-0,15;-0,15;-0,01;-0,01;0,0;0,0;0,0;0,0;-0,02;-0,02;-0,05;-0,05;-0,01;-0,01;-0,01;-0,01;-0,01;-0,01;-0,01;-0,01;-0,04;-0,04;-0,02;-0,02;-0,02;-0,02;-0,01;-0,01;-0,01;-0,01;-0,02;-0,02;-0,26;-0,26;-0,03;-0,03;0,0;0,0
19.07.2026;22:45;23:00;0,0;0,0;0,0;0,0;-0,01;-0,01;-0,09;-0,09;0,0;0,0;-0,03;-0,03;-0,04;-0,04;-0,11;-0,11;-0,19;-0,19;-0,16;-0,16;-0,02;-0,02;-0,01;-0,01;0,0;0,0;-0,01;-0,01;-0,05;-0,05;-0,02;-0,02;-0,02;-0,02;-0,01;-0,01;-0,01;-0,01;-0,04;-0,04;-0,01;-0,01;-0,02;-0,02;-0,02;-0,02;-0,02;-0,02;-0,03;-0,03;-0,22;-0,22;-0,04;-0,04;0,0;0,0
19.07.2026;23:00;23:15;0,0;0,0;0,0;0,0;0,0;0,0;-0,08;-0,08;0,0;0,0;-0,02;-0,02;-0,04;-0,04;-0,09;-0,09;-0,17;-0,17;-0,04;-0,04;-0,01;-0,01;-0,02;-0,02;0,0;0,0;-0,01;-0,01;-0,04;-0,04;-0,01;-0,01;-0,01;-0,01;-0,01;-0,01;0,0;0,0;-0,02;-0,02;-0,01;-0,01;-0,02;-0,02;-0,01;-0,01;-0,02;-0,02;-0,02;-0,02;-0,21;-0,21;-0,03;-0,03;0,0;0,0
19.07.2026;23:15;23:30;0,0;0,0;0,0;0,0;-0,01;-0,01;-0,09;-0,09;0,0;0,0;-0,02;-0,02;-0,05;-0,05;-0,09;-0,09;-0,03;-0,03;0,0;0,0;-0,01;-0,01;0,0;0,0;0,0;0,0;-0,01;-0,01;-0,05;-0,05;-0,01;-0,01;-0,01;-0,01;-0,01;-0,01;-0,02;-0,02;-0,04;-0,04;-0,02;-0,02;-0,01;-0,01;-0,01;-0,01;-0,02;-0,02;-0,02;-0,02;-0,21;-0,21;-0,03;-0,03;0,0;0,0
19.07.2026;23:30;23:45;0,0;0,0;0,0;0,0;-0,01;-0,01;-0,07;-0,07;0,0;0,0;-0,01;-0,01;-0,03;-0,03;-0,09;-0,09;-0,04;-0,04;0,0;0,0;-0,02;-0,02;-0,01;-0,01;0,0;0,0;-0,01;-0,01;-0,05;-0,05;-0,01;-0,01;0,0;0,0;-0,01;-0,01;0,0;0,0;-0,03;-0,03;0,0;0,0;-0,01;-0,01;-0,01;-0,01;0,0;0,0;-0,02;-0,02;-0,09;-0,09;-0,03;-0,03;0,0;0,0
19.07.2026;23:45;00:00;0,0;0,0;-0,01;-0,01;-0,01;-0,01;-0,22;-0,22;0,0;0,0;-0,02;-0,02;-0,04;-0,04;-0,09;-0,09;-0,02;-0,02;-0,01;-0,01;-0,01;-0,01;-0,01;-0,01;0,0;0,0;-0,01;-0,01;-0,05;-0,05;0,0;0,0;-0,01;-0,01;-0,31;-0,31;-0,01;-0,01;-0,04;-0,04;-0,02;-0,02;-0,02;-0,02;-0,01;-0,01;-0,01;-0,01;-0,02;-0,02;-0,21;-0,21;-0,03;-0,03;0,0;0,0
20.07.2026;00:00;00:15;0,0;0,0;0,0;0,0;-0,01;-0,01;-0,23;-0,23;0,0;0,0;0,0;0,0;-0,04;-0,04;-0,08;-0,08;0,0;0,0;0,0;0,0;0,0;0,0;0,0;0,0;0,0;0,0;0,0;0,0;-0,05;-0,05;-0,02;-0,02;-0,01;-0,01;-0,24;-0,24;-0,01;-0,01;-0,04;-0,04;-0,01;-0,01;-0,02;-0,02;-0,01;-0,01;-0,01;-0,01;-0,02;-0,02;-0,2;-0,2;-0,03;-0,03;0,0;0,0
20.07.2026;00:15;00:30;0,0;0,0;0,0;0,0;-0,02;-0,02;-0,23;-0,23;0,0;0,0;-0,01;-0,01;-0,04;-0,04;-0,07;-0,07;-0,03;-0,03;-0,01;-0,01;-0,01;-0,01;-0,02;-0,02;0,0;0,0;-0,02;-0,02;-0,01;-0,01;-0,01;-0,01;-0,01;-0,01;-0,07;-0,07;0,0;0,0;-0,04;-0,04;-0,01;-0,01;-0,02;-0,02;-0,01;-0,01;-0,01;-0,01;-0,02;-0,02;-0,16;-0,16;-0,04;-0,04;0,0;0,0
20.07.2026;00:30;00:45;0,0;0,0;0,0;0,0;0,0;0,0;-0,08;-0,08;0,0;0,0;-0,01;-0,01;-0,04;-0,04;-0,06;-0,06;-0,02;-0,02;0,0;0,0;0,0;0,0;0,0;0,0;0,0;0,0;-0,01;-0,01;-0,01;-0,01;0,0;0,0;-0,01;-0,01;-0,04;-0,04;-0,02;-0,02;-0,03;-0,03;-0,01;-0,01;-0,01;-0,01;-0,01;-0,01;-0,01;-0,01;-0,02;-0,02;-0,17;-0,17;-0,02;-0,02;0,0;0,0
20.07.2026;00:45;01:00;0,0;0,0;-0,01;-0,01;0,0;0,0;-0,07;-0,07;0,0;0,0;-0,01;-0,01;-0,04;-0,04;-0,06;-0,06;-0,03;-0,03;-0,01;-0,01;-0,02;-0,02;-0,01;-0,01;0,0;0,0;0,0;0,0;-0,01;-0,01;-0,02;-0,02;0,0;0,0;-0,02;-0,02;0,0;0,0;-0,03;-0,03;-0,01;-0,01;-0,01;-0,01;-0,01;-0,01;-0,02;-0,02;-0,01;-0,01;-0,08;-0,08;-0,01;-0,01;0,0;0,0
20.07.2026;01:00;01:15;0,0;0,0;0,0;0,0;-0,01;-0,01;-0,18;-0,18;0,0;0,0;-0,01;-0,01;-0,03;-0,03;-0,05;-0,05;-0,04;-0,04;-0,02;-0,02;-0,01;-0,01;-0,01;-0,01;0,0;0,0;-0,01;-0,01;-0,02;-0,02;-0,01;-0,01;0,0;0,0;-0,02;-0,02;-0,01;-0,01;-0,03;-0,03;-0,01;-0,01;-0,01;-0,01;-0,01;-0,01;-0,01;-0,01;-0,01;-0,01;-0,01;-0,01;-0,02;-0,02;0,0;0,0
20.07.2026;01:15;01:30;0,0;0,0;0,0;0,0;-0,01;-0,01;-0,2;-0,2;0,0;0,0;-0,01;-0,01;-0,04;-0,04;-0,35;-0,35;-0,07;-0,07;-0,02;-0,02;-0,02;-0,02;-0,01;-0,01;0,0;0,0;-0,02;-0,02;-0,01;-0,01;0,0;0,0;-0,01;-0,01;-0,01;-0,01;-0,01;-0,01;-0,04;-0,04;-0,01;-0,01;-0,03;-0,03;-0,01;-0,01;-0,01;-0,01;0,0;0,0;-0,01;-0,01;-0,01;-0,01;0,0;0,0
20.07.2026;01:30;01:45;0,0;0,0;0,0;0,0;-0,02;-0,02;-0,22;-0,22;0,0;0,0;-0,01;-0,01;-0,04;-0,04;-0,03;-0,03;-0,04;-0,04;-0,02;-0,02;-0,01;-0,01;-0,01;-0,01;0,0;0,0;-0,01;-0,01;-0,01;-0,01;-0,02;-0,02;-0,01;-0,01;-0,01;-0,01;0,0;0,0;-0,02;-0,02;-0,01;-0,01;-0,02;-0,02;-0,02;-0,02;0,0;0,0;-0,01;-0,01;-0,01;-0,01;-0,01;-0,01;0,0;0,0
20.07.2026;01:45;02:00;0,0;0,0;-0,01;-0,01;-0,01;-0,01;-0,21;-0,21;0,0;0,0;-0,01;-0,01;-0,03;-0,03;-0,04;-0,04;-0,04;-0,04;-0,01;-0,01;-0,01;-0,01;-0,01;-0,01;0,0;0,0;0,0;0,0;-0,01;-0,01;0,0;0,0;-0,01;-0,01;-0,02;-0,02;-0,02;-0,02;-0,02;-0,02;-0,01;-0,01;-0,01;-0,01;0,0;0,0;-0,02;-0,02;-0,01;-0,01;-0,02;-0,02;-0,01;-0,01;0,0;0,0
20.07.2026;02:00;02:15;0,0;0,0;0,0;0,0;-0,01;-0,01;-0,17;-0,17;-0,01;-0,01;-0,01;-0,01;-0,04;-0,04;-0,18;-0,18;-0,04;-0,04;-0,02;-0,02;-0,02;-0,02;0,0;0,0;-0,01;-0,01;-0,01;-0,01;-0,01;-0,01;-0,01;-0,01;-0,01;-0,01;-0,02;-0,02;0,0;0,0;-0,03;-0,03;-0,01;-0,01;-0,01;-0,01;-0,02;-0,02;-0,01;-0,01;-0,02;-0,02;-0,01;-0,01;-0,01;-0,01;0,0;0,0
20.07.2026;02:15;02:30;0,0;0,0;0,0;0,0;0,0;0,0;-0,22;-0,22;0,0;0,0;0,0;0,0;-0,04;-0,04;-0,17;-0,17;-0,03;-0,03;0,0;0,0;-0,01;-0,01;-0,01;-0,01;0,0;0,0;-0,02;-0,02;-0,01;-0,01;-0,02;-0,02;0,0;0,0;-0,02;-0,02;0,0;0,0;-0,03;-0,03;-0,01;-0,01;-0,01;-0,01;-0,01;-0,01;-0,02;-0,02;-0,02;-0,02;-0,01;-0,01;-0,02;-0,02;0,0;0,0
20.07.2026;02:30;02:45;0,0;0,0;0,0;0,0;-0,01;-0,01;-0,19;-0,19;0,0;0,0;-0,02;-0,02;-0,03;-0,03;-0,02;-0,02;-0,03;-0,03;-0,01;-0,01;0,0;0,0;-0,01;-0,01;0,0;0,0;0,0;0,0;-0,01;-0,01;0,0;0,0;-0,01;-0,01;0,0;0,0;-0,02;-0,02;-0,03;-0,03;-0,01;-0,01;-0,02;-0,02;-0,01;-0,01;-0,01;-0,01;-0,02;-0,02;-0,01;-0,01;-0,01;-0,01;0,0;0,0
20.07.2026;02:45;03:00;0,0;0,0;0,0;0,0;-0,01;-0,01;-0,17;-0,17;0,0;0,0;-0,01;-0,01;-0,04;-0,04;-0,02;-0,02;-0,01;-0,01;0,0;0,0;0,0;0,0;0,0;0,0;0,0;0,0;-0,01;-0,01;-0,01;-0,01;-0,01;-0,01;0,0;0,0;-0,01;-0,01;0,0;0,0;-0,02;-0,02;-0,01;-0,01;-0,03;-0,03;-0,01;-0,01;0,0;0,0;-0,02;-0,02;-0,01;-0,01;-0,01;-0,01;0,0;0,0
20.07.2026;03:00;03:15;0,0;0,0;-0,01;-0,01;-0,01;-0,01;-0,23;-0,23;0,0;0,0;0,0;0,0;-0,03;-0,03;-0,01;-0,01;-0,01;-0,01;-0,01;-0,01;-0,01;-0,01;-0,02;-0,02;0,0;0,0;-0,01;-0,01;-0,01;-0,01;-0,01;-0,01;-0,02;-0,02;-0,01;-0,01;-0,02;-0,02;-0,02;-0,02;-0,01;-0,01;-0,01;-0,01;-0,01;-0,01;-0,01;-0,01;-0,02;-0,02;-0,01;-0,01;-0,01;-0,01;0,0;0,0
20.07.2026;03:15;03:30;0,0;0,0;0,0;0,0;-0,02;-0,02;-0,22;-0,22;0,0;0,0;-0,01;-0,01;-0,04;-0,04;-0,02;-0,02;-0,02;-0,02;0,0;0,0;-0,02;-0,02;0,0;0,0;0,0;0,0;-0,01;-0,01;-0,01;-0,01;-0,01;-0,01;-0,02;-0,02;-0,02;-0,02;0,0;0,0;-0,02;-0,02;-0,01;-0,01;-0,01;-0,01;-0,01;-0,01;-0,02;-0,02;-0,02;-0,02;-0,01;-0,01;-0,01;-0,01;0,0;0,0
20.07.2026;03:30;03:45;0,0;0,0;0,0;0,0;-0,01;-0,01;-0,09;-0,09;0,0;0,0;-0,01;-0,01;-0,04;-0,04;-0,01;-0,01;-0,02;-0,02;-0,01;-0,01;-0,01;-0,01;-0,01;-0,01;0,0;0,0;-0,01;-0,01;-0,01;-0,01;-0,01;-0,01;-0,01;-0,01;-0,01;-0,01;-0,01;-0,01;-0,02;-0,02;-0,01;-0,01;-0,01;-0,01;-0,01;-0,01;-0,01;-0,01;-0,01;-0,01;-0,01;-0,01;-0,01;-0,01;0,0;0,0
20.07.2026;03:45;04:00;0,0;0,0;0,0;0,0;0,0;0,0;-0,07;-0,07;0,0;0,0;-0,01;-0,01;-0,03;-0,03;-0,02;-0,02;-0,01;-0,01;-0,01;-0,01;-0,01;-0,01;-0,01;-0,01;0,0;0,0;0,0;0,0;-0,01;-0,01;-0,01;-0,01;0,0;0,0;-0,01;-0,01;-0,01;-0,01;-0,03;-0,03;-0,01;-0,01;-0,02;-0,02;-0,01;-0,01;-0,01;-0,01;-0,02;-0,02;-0,01;-0,01;-0,02;-0,02;0,0;0,0
20.07.2026;04:00;04:15;0,0;0,0;-0,01;-0,01;-0,01;-0,01;-0,06;-0,06;0,0;0,0;0,0;0,0;-0,04;-0,04;-0,01;-0,01;-0,02;-0,02;-0,01;-0,01;-0,02;-0,02;-0,01;-0,01;0,0;0,0;-0,02;-0,02;-0,01;-0,01;-0,01;-0,01;-0,01;-0,01;-0,01;-0,01;-0,01;-0,01;-0,02;-0,02;0,0;0,0;-0,02;-0,02;-0,01;-0,01;-0,01;-0,01;-0,02;-0,02;-0,02;-0,02;-0,01;-0,01;0,0;0,0
20.07.2026;04:15;04:30;0,0;0,0;0,0;0,0;0,0;0,0;-0,07;-0,07;0,0;0,0;-0,02;-0,02;-0,03;-0,03;-0,01;-0,01;-0,02;-0,02;-0,02;-0,02;-0,01;-0,01;0,0;0,0;0,0;0,0;-0,01;-0,01;-0,01;-0,01;-0,01;-0,01;-0,01;-0,01;-0,01;-0,01;0,0;0,0;-0,02;-0,02;-0,01;-0,01;-0,02;-0,02;-0,01;-0,01;-0,01;-0,01;-0,02;-0,02;-0,01;-0,01;-0,01;-0,01;0,0;0,0
20.07.2026;04:30;04:45;0,0;0,0;0,0;0,0;-0,02;-0,02;-0,07;-0,07;0,0;0,0;-0,01;-0,01;-0,04;-0,04;-0,01;-0,01;-0,01;-0,01;-0,01;-0,01;-0,02;-0,02;-0,02;-0,02;0,0;0,0;0,0;0,0;-0,01;-0,01;-0,01;-0,01;-0,01;-0,01;-0,02;-0,02;-0,01;-0,01;-0,02;-0,02;-0,02;-0,02;-0,01;-0,01;-0,01;-0,01;-0,01;-0,01;-0,02;-0,02;-0,01;-0,01;-0,01;-0,01;0,0;0,0
20.07.2026;04:45;05:00;0,0;0,0;0,0;0,0;-0,01;-0,01;-0,08;-0,08;0,0;0,0;0,0;0,0;-0,03;-0,03;-0,01;-0,01;-0,02;-0,02;-0,01;-0,01;0,0;0,0;0,0;0,0;0,0;0,0;-0,01;-0,01;-0,01;-0,01;-0,01;-0,01;-0,01;-0,01;-0,01;-0,01;-0,01;-0,01;-0,02;-0,02;0,0;0,0;-0,01;-0,01;-0,02;-0,02;-0,02;-0,02;-0,02;-0,02;-0,01;-0,01;-0,01;-0,01;0,0;0,0
20.07.2026;05:00;05:15;0,0;0,0;0,0;0,0;-0,01;-0,01;-0,07;-0,07;0,0;0,0;-0,01;-0,01;-0,04;-0,04;-0,02;-0,02;-0,01;-0,01;0,0;0,0;0,0;0,0;-0,01;-0,01;0,0;0,0;-0,02;-0,02;-0,03;-0,03;-0,01;-0,01;0,0;0,0;-0,01;-0,01;-0,01;-0,01;-0,02;-0,02;-0,01;-0,01;-0,01;-0,01;0,0;0,0;-0,01;-0,01;-0,02;-0,02;-0,01;-0,01;-0,01;-0,01;0,0;0,0
20.07.2026;05:15;05:30;0,0;0,0;-0,01;-0,01;-0,01;-0,01;-0,08;-0,08;0,0;0,0;-0,01;-0,01;-0,03;-0,03;-0,01;-0,01;-0,02;-0,02;-0,01;-0,01;0,0;0,0;-0,01;-0,01;0,0;0,0;-0,04;-0,04;-0,03;-0,03;-0,01;-0,01;0,0;0,0;-0,02;-0,02;-0,01;-0,01;-0,02;-0,02;-0,01;-0,01;-0,03;-0,03;-0,01;-0,01;0,0;0,0;-0,02;-0,02;-0,01;-0,01;-0,01;-0,01;0,0;0,0
20.07.2026;05:30;05:45;0,03;0,03;0,0;0,0;0,0;0,0;-0,12;-0,12;0,0;0,0;-0,01;-0,01;-0,04;-0,04;-0,01;-0,01;-0,02;-0,02;0,0;0,0;-0,02;-0,02;0,0;0,0;0,0;0,0;-0,01;-0,01;-0,01;-0,01;-0,02;-0,02;-0,01;-0,01;-0,07;-0,07;0,0;0,0;-0,02;-0,02;-0,01;-0,01;-0,02;-0,02;-0,02;-0,02;-0,01;-0,01;-0,01;-0,01;-0,01;-0,01;-0,02;-0,02;0,0;0,0
20.07.2026;05:45;06:00;0,07;0,07;0,0;0,0;-0,01;-0,01;-0,19;-0,19;0,0;0,0;0,0;0,0;-0,03;-0,03;-0,01;-0,01;-0,01;-0,01;-0,01;-0,01;-0,02;-0,02;-0,03;-0,03;0,0;0,0;0,0;0,0;-0,01;-0,01;-0,01;-0,01;-0,01;-0,01;-0,04;-0,04;-0,01;-0,01;-0,02;-0,02;-0,01;-0,01;-0,01;-0,01;0,0;0,0;-0,02;-0,02;-0,02;-0,02;-0,02;-0,02;0,0;0,0;0,0;0,0
20.07.2026;06:00;06:15;0,12;0,11;0,0;0,0;-0,01;-0,01;-0,18;-0,17;0,0;0,0;-0,01;-0,01;-0,04;-0,04;-0,01;-0,01;-0,02;-0,02;-0,13;-0,13;-0,01;-0,01;-0,01;-0,01;0,0;0,0;-0,05;-0,05;-0,01;-0,01;0,0;0,0;-0,01;-0,01;-0,02;-0,02;-0,01;-0,01;-0,02;-0,02;-0,01;-0,01;-0,01;-0,01;-0,02;-0,02;-0,02;-0,02;-0,02;-0,02;-0,01;-0,01;-0,02;-0,02;0,0;0,0
20.07.2026;06:15;06:30;0,22;0,17;-0,01;-0,01;-0,04;-0,04;-0,26;-0,21;0,0;0,0;-0,01;-0,01;-0,03;-0,03;-0,04;-0,04;-0,01;-0,01;-0,02;-0,02;-0,01;-0,01;-0,02;-0,02;0,0;0,0;-0,02;-0,02;-0,01;-0,01;-0,02;-0,02;-0,01;-0,01;-0,02;-0,02;-0,01;-0,01;-0,02;-0,02;-0,03;-0,03;-0,01;-0,01;-0,01;-0,01;-0,01;-0,01;0,0;0,0;-0,02;-0,02;-0,02;-0,02;0,0;0,0
20.07.2026;06:30;06:45;0,27;0,19;0,0;0,0;-0,02;-0,02;-0,24;-0,16;0,0;0,0;-0,01;-0,01;-0,04;-0,04;-0,29;-0,29;-0,01;-0,01;-0,02;-0,02;-0,02;-0,02;-0,01;-0,01;0,0;0,0;-0,01;-0,01;-0,01;-0,01;0,0;0,0;0,0;0,0;-0,02;-0,02;-0,01;-0,01;-0,02;-0,02;-0,05;-0,05;-0,02;-0,02;-0,01;-0,01;0,0;0,0;0,0;0,0;-0,01;-0,01;-0,02;-0,02;0,0;0,0
20.07.2026;06:45;07:00;0,27;0,19;0,0;0,0;-0,12;-0,12;-0,25;-0,17;0,0;0,0;0,0;0,0;-0,03;-0,03;-0,44;-0,44;-0,04;-0,04;-0,01;-0,01;-0,01;-0,01;-0,01;-0,01;0,0;0,0;-0,01;-0,01;-0,01;-0,01;-0,01;-0,01;0,0;0,0;-0,01;-0,01;0,0;0,0;-0,03;-0,03;-0,02;-0,02;-0,03;-0,03;-0,01;-0,01;-0,02;-0,02;-0,01;-0,01;-0,01;-0,01;-0,03;-0,03;0,0;0,0
20.07.2026;07:00;07:15;0,51;0,19;0,0;0,0;-0,05;-0,04;-0,11;-0,01;-0,01;0,0;-0,02;-0,01;-0,04;-0,03;-0,05;-0,04;-0,01;0,0;-0,02;-0,01;-0,01;0,0;0,0;0,0;-0,01;0,0;-0,02;-0,01;-0,01;0,0;-0,01;0,0;-0,01;0,0;-0,02;-0,01;-0,01;0,0;-0,02;-0,01;-0,02;-0,01;-0,01;0,0;-0,01;0,0;-0,03;-0,02;0,0;0,0;-0,01;0,0;-0,01;0,0;0,0;0,0
20.07.2026;07:15;07:30;0,73;0,29;0,0;0,0;-0,02;0,0;-0,1;0,0;0,0;0,0;-0,01;0,0;-0,05;0,0;-0,09;-0,03;-0,01;0,0;-0,01;0,0;0,0;0,0;-0,02;0,0;0,0;0,0;-0,01;0,0;-0,01;0,0;-0,01;0,0;-0,01;0,0;-0,01;0,0;-0,01;0,0;-0,03;0,0;0,0;0,0;-0,01;0,0;-0,01;0,0;-0,01;0,0;-0,01;0,0;-0,01;0,0;-0,02;0,0;0,0;0,0
20.07.2026;07:30;07:45;0,92;0,45;-0,01;0,0;-0,01;0,0;-0,2;0,0;0,0;0,0;0,0;0,0;-0,04;0,0;-0,03;0,0;-0,02;0,0;-0,01;0,0;0,0;0,0;0,0;0,0;0,0;0,0;0,0;0,0;-0,01;0,0;-0,01;0,0;-0,01;0,0;-0,01;0,0;-0,01;0,0;-0,03;0,0;-0,01;0,0;-0,01;0,0;-0,02;0,0;0,0;0,0;-0,01;0,0;-0,01;0,0;-0,01;0,0;0,0;0,0
20.07.2026;07:45;08:00;0,92;0,45;0,0;0,0;-0,01;0,0;-0,17;0,0;0,0;0,0;-0,01;0,0;-0,03;0,0;-0,02;0,0;-0,01;0,0;0,0;0,0;-0,02;0,0;-0,01;0,0;0,0;0,0;-0,01;0,0;-0,01;0,0;-0,01;0,0;-0,01;0,0;-0,02;0,0;0,0;0,0;-0,03;0,0;-0,02;0,0;-0,02;0,0;0,0;0,0;-0,01;0,0;-0,01;0,0;-0,02;0,0;-0,02;0,0;0,0;0,0
20.07.2026;08:00;08:15;0,46;0,18;0,0;0,0;-0,01;0,0;-0,1;-0,02;0,0;0,0;-0,01;0,0;-0,04;-0,03;-0,06;-0,05;-0,02;-0,01;-0,07;-0,06;-0,01;0,0;-0,01;0,0;0,0;0,0;-0,02;-0,01;-0,01;0,0;-0,01;0,0;0,0;0,0;-0,01;0,0;-0,01;0,0;-0,03;-0,02;0,0;0,0;-0,02;-0,01;-0,02;-0,01;-0,01;0,0;-0,01;0,0;-0,01;0,0;-0,01;0,0;0,0;0,0
20.07.2026;08:15;08:30;0,0;0,0;0,0;0,0;0,0;0,0;-0,08;-0,08;0,0;0,0;-0,01;-0,01;-0,04;-0,04;-0,06;-0,06;-0,01;-0,01;-0,01;-0,01;-0,02;-0,02;0,0;0,0;0,0;0,0;0,0;0,0;-0,01;-0,01;-0,01;-0,01;-0,03;-0,03;-0,01;-0,01;-0,01;-0,01;-0,02;-0,02;-0,01;-0,01;-0,02;-0,02;-0,01;-0,01;-0,02;-0,02;-0,01;-0,01;-0,01;-0,01;-0,32;-0,32;0,0;0,0
20.07.2026;08:30;08:45;0,17;0,12;-0,01;-0,01;-0,01;-0,01;-0,08;-0,03;0,0;0,0;0,0;0,0;-0,04;-0,04;-0,07;-0,07;-0,01;-0,01;0,0;0,0;-0,01;-0,01;-0,01;-0,01;0,0;0,0;-0,01;-0,01;-0,01;-0,01;-0,06;-0,06;-0,02;-0,02;-0,02;-0,02;-0,01;-0,01;-0,03;-0,03;-0,01;-0,01;-0,01;-0,01;-0,01;-0,01;-0,01;-0,01;-0,01;-0,01;-0,01;-0,01;-0,05;-0,05;0,0;0,0
20.07.2026;08:45;09:00;1,93;1,55;0,0;0,0;-0,01;0,0;-0,08;0,0;0,0;0,0;-0,01;0,0;-0,04;0,0;-0,04;0,0;-0,02;0,0;0,0;0,0;-0,01;0,0;-0,01;0,0;0,0;0,0;-0,01;0,0;-0,01;0,0;-0,01;0,0;-0,01;0,0;-0,01;0,0;-0,01;0,0;-0,02;0,0;-0,01;0,0;-0,01;0,0;-0,01;0,0;-0,01;0,0;-0,01;0,0;-0,01;0,0;-0,02;0,0;0,0;0,0
20.07.2026;09:00;09:15;2,36;1,82;0,0;0,0;-0,01;0,0;-0,1;0,0;0,0;0,0;-0,01;0,0;-0,04;0,0;-0,03;0,0;-0,01;0,0;-0,02;0,0;-0,02;0,0;0,0;0,0;0,0;0,0;-0,01;0,0;-0,01;0,0;-0,01;0,0;-0,02;0,0;0,0;0,0;-0,01;0,0;-0,02;0,0;-0,01;0,0;-0,01;0,0;-0,14;0,0;-0,01;0,0;-0,01;0,0;-0,01;0,0;-0,03;0,0;0,0;0,0
20.07.2026;09:15;09:30;2,48;1,9;0,0;0,0;-0,01;0,0;-0,18;0,0;0,0;0,0;-0,01;0,0;-0,04;0,0;-0,03;0,0;-0,02;0,0;-0,02;0,0;-0,01;0,0;-0,02;0,0;0,0;0,0;-0,01;0,0;-0,01;0,0;-0,01;0,0;-0,01;0,0;-0,01;0,0;0,0;0,0;-0,03;0,0;-0,01;0,0;-0,03;0,0;-0,08;0,0;-0,01;0,0;-0,01;0,0;-0,01;0,0;-0,01;0,0;0,0;0,0
20.07.2026;09:30;09:45;2,45;2,05;0,0;0,0;-0,02;0,0;-0,07;0,0;0,0;0,0;0,0;0,0;-0,03;0,0;-0,03;0,0;-0,01;0,0;-0,01;0,0;0,0;0,0;0,0;0,0;0,0;0,0;-0,01;0,0;-0,01;0,0;-0,01;0,0;-0,01;0,0;-0,02;0,0;-0,01;0,0;-0,02;0,0;-0,01;0,0;-0,02;0,0;-0,06;0,0;-0,02;0,0;-0,01;0,0;-0,01;0,0;-0,01;0,0;0,0;0,0
20.07.2026;09:45;10:00;2,81;2,29;-0,01;0,0;-0,01;0,0;-0,15;0,0;0,0;0,0;-0,01;0,0;-0,04;0,0;-0,04;0,0;-0,01;0,0;-0,02;0,0;0,0;0,0;-0,01;0,0;0,0;0,0;-0,01;0,0;-0,03;0,0;-0,01;0,0;-0,01;0,0;-0,01;0,0;-0,01;0,0;-0,02;0,0;-0,01;0,0;-0,01;0,0;-0,05;0,0;-0,01;0,0;-0,01;0,0;-0,02;0,0;-0,01;0,0;0,0;0,0
20.07.2026;10:00;10:15;2,23;1,71;0,0;0,0;0,0;0,0;-0,08;0,0;0,0;0,0;-0,02;0,0;-0,04;0,0;-0,03;0,0;-0,02;0,0;-0,01;0,0;-0,01;0,0;-0,01;0,0;0,0;0,0;-0,01;0,0;-0,03;0,0;-0,01;0,0;-0,02;0,0;-0,01;0,0;0,0;0,0;-0,08;0,0;0,0;0,0;-0,01;0,0;-0,08;0,0;-0,01;0,0;-0,02;0,0;-0,01;0,0;-0,01;0,0;0,0;0,0
20.07.2026;10:15;10:30;3,85;3,31;0,0;0,0;-0,12;0,0;-0,08;0,0;0,0;0,0;0,0;0,0;-0,04;0,0;-0,02;0,0;-0,01;0,0;-0,02;0,0;-0,02;0,0;-0,01;0,0;0,0;0,0;0,0;0,0;-0,04;0,0;-0,01;0,0;-0,01;0,0;0,0;0,0;-0,02;0,0;-0,02;0,0;-0,01;0,0;-0,01;0,0;-0,06;0,0;-0,01;0,0;-0,01;0,0;-0,01;0,0;-0,01;0,0;0,0;0,0
20.07.2026;10:30;10:45;3,73;3,16;0,0;0,0;-0,13;0,0;-0,09;0,0;0,0;0,0;0,0;0,0;-0,03;0,0;-0,03;0,0;-0,01;0,0;-0,01;0,0;-0,02;0,0;0,0;0,0;0,0;0,0;-0,02;0,0;-0,03;0,0;-0,01;0,0;-0,01;0,0;-0,01;0,0;0,0;0,0;-0,02;0,0;-0,02;0,0;-0,03;0,0;-0,06;0,0;-0,01;0,0;-0,01;0,0;0,0;0,0;-0,02;0,0;0,0;0,0
20.07.2026;10:45;11:00;4,03;3,48;-0,01;0,0;-0,09;0,0;-0,08;0,0;0,0;0,0;-0,02;0,0;-0,04;0,0;-0,02;0,0;-0,02;0,0;0,0;0,0;-0,01;0,0;-0,02;0,0;0,0;0,0;-0,01;0,0;-0,03;0,0;-0,01;0,0;-0,01;0,0;-0,02;0,0;-0,01;0,0;-0,02;0,0;0,0;0,0;-0,02;0,0;-0,06;0,0;-0,02;0,0;-0,01;0,0;-0,02;0,0;0,0;0,0;0,0;0,0
20.07.2026;11:00;11:15;4,05;3,65;0,0;0,0;-0,01;0,0;-0,07;0,0;0,0;0,0;-0,01;0,0;-0,04;0,0;-0,02;0,0;-0,01;0,0;-0,01;0,0;-0,01;0,0;0,0;0,0;0,0;0,0;0,0;0,0;-0,04;0,0;-0,01;0,0;0,0;0,0;-0,01;0,0;-0,01;0,0;-0,02;0,0;-0,01;0,0;-0,02;0,0;-0,05;0,0;-0,01;0,0;-0,01;0,0;-0,01;0,0;-0,02;0,0;0,0;0,0
20.07.2026;11:15;11:30;4,18;3,79;0,0;0,0;-0,02;0,0;-0,07;0,0;0,0;0,0;0,0;0,0;-0,03;0,0;-0,03;0,0;-0,03;0,0;0,0;0,0;-0,02;0,0;-0,01;0,0;0,0;0,0;-0,01;0,0;-0,04;0,0;-0,01;0,0;0,0;0,0;-0,01;0,0;0,0;0,0;-0,02;0,0;-0,01;0,0;-0,01;0,0;-0,04;0,0;-0,01;0,0;-0,01;0,0;0,0;0,0;-0,01;0,0;0,0;0,0
20.07.2026;11:30;11:45;3,7;3,24;0,0;0,0;-0,02;0,0;-0,06;0,0;0,0;0,0;-0,01;0,0;-0,04;0,0;-0,03;0,0;-0,03;0,0;-0,01;0,0;-0,01;0,0;-0,01;0,0;0,0;0,0;-0,02;0,0;-0,03;0,0;-0,01;0,0;-0,01;0,0;-0,01;0,0;-0,02;0,0;-0,02;0,0;-0,01;0,0;-0,01;0,0;-0,05;0,0;-0,01;0,0;-0,02;0,0;-0,02;0,0;0,0;0,0;0,0;0,0
20.07.2026;11:45;12:00;1,87;1,24;-0,01;0,0;-0,01;0,0;-0,19;0,0;0,0;0,0;-0,01;0,0;-0,03;0,0;-0,03;0,0;-0,01;0,0;-0,01;0,0;-0,01;0,0;0,0;0,0;0,0;0,0;-0,01;0,0;-0,13;0,0;-0,01;0,0;-0,01;0,0;-0,01;0,0;0,0;0,0;-0,03;0,0;-0,01;0,0;-0,02;0,0;-0,04;0,0;-0,01;0,0;-0,01;0,0;-0,01;0,0;-0,02;0,0;0,0;0,0
20.07.2026;12:00;12:15;0,41;0,12;0,0;0,0;-0,04;-0,03;-0,17;-0,1;-0,01;0,0;-0,01;0,0;-0,04;-0,03;-0,12;-0,11;-0,02;-0,01;-0,01;0,0;0,0;0,0;-0,01;0,0;-0,01;0,0;0,0;0,0;-0,15;-0,14;-0,01;0,0;-0,02;-0,01;-0,01;0,0;-0,01;0,0;-0,11;-0,1;-0,01;0,0;-0,04;-0,03;-0,04;-0,03;-0,02;-0,01;-0,01;0,0;-0,02;-0,01;-0,01;0,0;0,0;0,0
20.07.2026;12:15;12:30;2,16;1,37;0,0;0,0;-0,01;0,0;-0,24;0,0;0,0;0,0;-0,01;0,0;-0,04;0,0;-0,03;0,0;-0,01;0,0;-0,02;0,0;0,0;0,0;-0,01;0,0;0,0;0,0;-0,01;0,0;-0,07;0,0;-0,01;0,0;-0,01;0,0;-0,01;0,0;-0,01;0,0;-0,03;0,0;-0,01;0,0;-0,18;0,0;-0,05;0,0;-0,01;0,0;-0,01;0,0;0,0;0,0;-0,01;0,0;0,0;0,0
20.07.2026;12:30;12:45;3,09;2,46;0,0;0,0;-0,01;0,0;-0,11;0,0;0,0;0,0;0,0;0,0;-0,03;0,0;-0,03;0,0;-0,01;0,0;-0,03;0,0;-0,01;0,0;-0,01;0,0;0,0;0,0;-0,02;0,0;-0,04;0,0;-0,01;0,0;-0,05;0,0;-0,01;0,0;0,0;0,0;-0,02;0,0;-0,01;0,0;-0,15;0,0;-0,04;0,0;-0,01;0,0;-0,01;0,0;-0,01;0,0;-0,01;0,0;0,0;0,0
20.07.2026;12:45;13:00;2,07;1,55;0,0;0,0;-0,02;0,0;-0,09;0,0;0,0;0,0;-0,02;0,0;-0,04;0,0;-0,02;0,0;-0,01;0,0;-0,02;0,0;-0,02;0,0;-0,01;0,0;0,0;0,0;0,0;0,0;-0,05;0,0;0,0;0,0;-0,05;0,0;-0,01;0,0;-0,02;0,0;-0,02;0,0;0,0;0,0;-0,03;0,0;-0,05;0,0;-0,01;0,0;-0,01;0,0;-0,01;0,0;-0,01;0,0;0,0;0,0
20.07.2026;13:00;13:15;4,89;4,41;-0,01;0,0;-0,01;0,0;-0,06;0,0;0,0;0,0;-0,01;0,0;-0,03;0,0;-0,02;0,0;-0,02;0,0;-0,02;0,0;-0,02;0,0;-0,01;0,0;0,0;0,0;0,0;0,0;-0,04;0,0;-0,01;0,0;-0,03;0,0;-0,01;0,0;0,0;0,0;-0,02;0,0;-0,02;0,0;-0,05;0,0;-0,04;0,0;-0,01;0,0;-0,02;0,0;-0,01;0,0;-0,01;0,0;0,0;0,0
20.07.2026;13:15;13:30;3,48;2,68;0,0;0,0;-0,02;0,0;-0,09;0,0;0,0;0,0;0,0;0,0;-0,04;0,0;-0,02;0,0;-0,01;0,0;-0,03;0,0;-0,01;0,0;0,0;0,0;0,0;0,0;-0,02;0,0;-0,03;0,0;-0,02;0,0;-0,02;0,0;-0,01;0,0;0,0;0,0;-0,02;0,0;0,0;0,0;-0,36;0,0;-0,05;0,0;-0,02;0,0;-0,01;0,0;-0,01;0,0;-0,01;0,0;0,0;0,0
20.07.2026;13:30;13:45;2,92;1,79;0,0;0,0;-0,01;0,0;-0,12;0,0;0,0;0,0;-0,01;0,0;-0,04;0,0;-0,02;0,0;-0,02;0,0;-0,02;0,0;-0,01;0,0;-0,01;0,0;0,0;0,0;-0,01;0,0;-0,04;0,0;0,0;0,0;-0,43;-0,07;-0,02;0,0;-0,02;0,0;-0,02;0,0;-0,01;0,0;-0,31;0,0;-0,05;0,0;-0,01;0,0;0,0;0,0;-0,02;0,0;0,0;0,0;0,0;0,0
20.07.2026;13:45;14:00;3,94;3,0;0,0;0,0;-0,02;0,0;-0,1;0,0;0,0;0,0;-0,01;0,0;-0,03;0,0;-0,03;0,0;-0,01;0,0;0,0;0,0;-0,02;0,0;-0,01;0,0;0,0;0,0;-0,01;0,0;-0,02;0,0;-0,01;0,0;-0,23;0,0;-0,03;0,0;0,0;0,0;-0,02;0,0;-0,02;0,0;-0,27;0,0;-0,05;0,0;-0,01;0,0;0,0;0,0;-0,02;0,0;-0,02;0,0;0,0;0,0
20.07.2026;14:00;14:15;4,24;3,52;-0,01;0,0;-0,01;0,0;-0,14;0,0;0,0;0,0;-0,01;0,0;-0,04;0,0;-0,03;0,0;-0,01;0,0;-0,08;0,0;-0,01;0,0;0,0;0,0;0,0;0,0;0,0;0,0;-0,04;0,0;-0,02;0,0;-0,02;0,0;-0,01;0,0;-0,01;0,0;-0,03;0,0;0,0;0,0;-0,13;0,0;-0,05;0,0;-0,01;0,0;0,0;0,0;-0,05;0,0;-0,01;0,0;0,0;0,0
20.07.2026;14:15;14:30;2,72;2,19;0,0;0,0;-0,01;0,0;-0,08;0,0;0,0;0,0;0,0;0,0;-0,03;0,0;-0,03;0,0;-0,02;0,0;0,0;0,0;-0,01;0,0;-0,01;0,0;0,0;0,0;-0,02;0,0;-0,03;0,0;0,0;0,0;-0,03;0,0;0,0;0,0;-0,01;0,0;-0,02;0,0;-0,01;0,0;-0,02;0,0;-0,04;0,0;-0,01;0,0;-0,02;0,0;-0,12;0,0;-0,01;0,0;0,0;0,0
20.07.2026;14:30;14:45;2,58;1,78;0,0;0,0;-0,02;0,0;-0,08;0,0;0,0;0,0;-0,01;0,0;-0,04;0,0;-0,04;0,0;-0,01;0,0;-0,01;0,0;0,0;0,0;-0,01;0,0;0,0;0,0;-0,02;0,0;-0,03;0,0;-0,01;0,0;-0,03;0,0;-0,02;0,0;0,0;0,0;-0,02;0,0;-0,01;0,0;-0,02;0,0;-0,04;0,0;-0,02;0,0;-0,01;0,0;-0,35;-0,01;-0,01;0,0;0,0;0,0
20.07.2026;14:45;15:00;3,83;3,22;0,0;0,0;-0,01;0,0;-0,09;0,0;0,0;0,0;-0,02;0,0;-0,03;0,0;-0,03;0,0;-0,01;0,0;0,0;0,0;0,0;0,0;-0,01;0,0;0,0;0,0;0,0;0,0;-0,04;0,0;-0,01;0,0;0,0;0,0;-0,02;0,0;-0,02;0,0;-0,02;0,0;-0,01;0,0;-0,03;0,0;-0,05;0,0;-0,01;0,0;-0,01;0,0;-0,19;0,0;0,0;0,0;0,0;0,0
20.07.2026;15:00;15:15;4,26;3,51;0,0;0,0;-0,02;0,0;-0,16;0,0;0,0;0,0;0,0;0,0;-0,04;0,0;-0,03;0,0;-0,02;0,0;-0,01;0,0;-0,02;0,0;-0,01;0,0;0,0;0,0;-0,01;0,0;-0,04;0,0;-0,01;0,0;-0,01;0,0;-0,05;0,0;0,0;0,0;-0,02;0,0;-0,01;0,0;-0,01;0,0;-0,04;0,0;0,0;0,0;-0,01;0,0;-0,21;0,0;-0,02;0,0;0,0;0,0
20.07.2026;15:15;15:30;1,24;0,58;-0,01;0,0;0,0;0,0;-0,12;0,0;0,0;0,0;-0,01;0,0;-0,04;0,0;-0,03;0,0;-0,01;0,0;-0,29;-0,17;-0,01;0,0;-0,01;0,0;0,0;0,0;-0,01;0,0;-0,03;0,0;-0,01;0,0;-0,01;0,0;-0,04;0,0;-0,01;0,0;-0,03;0,0;-0,01;0,0;-0,01;0,0;-0,05;0,0;-0,02;0,0;-0,04;0,0;-0,01;0,0;-0,02;0,0;0,0;0,0
20.07.2026;15:30;15:45;2,79;1,92;0,0;0,0;-0,01;0,0;-0,26;0,0;0,0;0,0;-0,01;0,0;-0,05;0,0;-0,02;0,0;-0,02;0,0;-0,19;0,0;-0,02;0,0;-0,02;0,0;0,0;0,0;-0,02;0,0;-0,04;0,0;0,0;0,0;-0,02;0,0;-0,04;0,0;-0,01;0,0;-0,02;0,0;0,0;0,0;-0,02;0,0;-0,04;0,0;-0,02;0,0;-0,01;0,0;-0,02;0,0;-0,01;0,0;0,0;0,0
20.07.2026;15:45;16:00;1,59;0,95;0,0;0,0;-0,01;0,0;-0,19;0,0;0,0;0,0;-0,01;0,0;-0,03;0,0;-0,03;0,0;-0,01;0,0;-0,05;0,0;-0,01;0,0;-0,03;0,0;0,0;0,0;0,0;0,0;-0,04;0,0;-0,01;0,0;-0,03;0,0;-0,05;0,0;0,0;0,0;-0,02;0,0;-0,01;0,0;-0,02;0,0;-0,04;0,0;-0,01;0,0;-0,01;0,0;-0,02;0,0;-0,01;0,0;0,0;0,0
20.07.2026;16:00;16:15;0,14;0,11;0,0;0,0;-0,07;-0,07;-0,15;-0,12;0,0;0,0;-0,01;-0,01;-0,05;-0,05;-0,04;-0,04;-0,02;-0,02;-0,06;-0,06;-0,02;-0,02;-0,03;-0,03;0,0;0,0;-0,01;-0,01;-0,03;-0,03;-0,01;-0,01;-0,02;-0,02;-0,04;-0,04;-0,02;-0,02;-0,02;-0,02;-0,02;-0,02;-0,03;-0,03;-0,04;-0,04;0,0;0,0;-0,01;-0,01;-0,01;-0,01;-0,01;-0,01;0,0;0,0
20.07.2026;16:15;16:30;1,55;0,64;-0,01;0,0;-0,04;0,0;-0,23;0,0;0,0;0,0;0,0;0,0;-0,04;0,0;-0,03;0,0;-0,01;0,0;-0,27;-0,13;-0,01;0,0;-0,01;0,0;0,0;0,0;-0,01;0,0;-0,03;0,0;-0,01;0,0;-0,04;0,0;-0,03;0,0;0,0;0,0;-0,19;-0,05;-0,01;0,0;-0,01;0,0;-0,07;0,0;-0,01;0,0;-0,01;0,0;-0,01;0,0;-0,01;0,0;0,0;0,0
20.07.2026;16:30;16:45;2,12;1,32;0,0;0,0;-0,02;0,0;-0,09;0,0;0,0;0,0;-0,01;0,0;-0,04;0,0;-0,03;0,0;-0,02;0,0;-0,07;0,0;-0,01;0,0;-0,03;0,0;0,0;0,0;-0,01;0,0;-0,03;0,0;-0,02;0,0;-0,02;0,0;-0,01;0,0;-0,01;0,0;-0,14;0,0;-0,14;0,0;-0,01;0,0;-0,04;0,0;-0,02;0,0;-0,01;0,0;-0,01;0,0;-0,01;0,0;0,0;0,0
20.07.2026;16:45;17:00;1,07;0,48;0,0;0,0;-0,01;0,0;-0,09;0,0;0,0;0,0;-0,02;0,0;-0,03;0,0;-0,02;0,0;-0,02;0,0;-0,12;-0,04;-0,01;0,0;-0,02;0,0;0,0;0,0;0,0;0,0;-0,03;0,0;0,0;0,0;-0,02;0,0;-0,01;0,0;-0,01;0,0;-0,04;0,0;-0,29;-0,21;-0,01;0,0;-0,04;0,0;-0,02;0,0;-0,01;0,0;-0,01;0,0;-0,01;0,0;0,0;0,0
20.07.2026;17:00;17:15;1,08;0,29;0,0;0,0;-0,02;0,0;-0,14;0,0;-0,01;0,0;0,0;0,0;-0,04;0,0;-0,04;0,0;-0,01;0,0;-0,48;-0,41;0,0;0,0;-0,02;0,0;-0,01;0,0;-0,22;-0,15;-0,04;0,0;-0,02;0,0;-0,09;-0,02;-0,01;0,0;0,0;0,0;-0,03;0,0;-0,22;-0,15;-0,03;0,0;-0,05;0,0;0,0;0,0;-0,02;0,0;-0,01;0,0;-0,01;0,0;0,0;0,0
20.07.2026;17:15;17:30;1,3;0,47;-0,01;0,0;-0,02;0,0;-0,22;0,0;0,0;0,0;0,0;0,0;-0,04;0,0;-0,03;0,0;-0,01;0,0;-0,04;0,0;0,0;0,0;-0,02;0,0;0,0;0,0;-0,1;0,0;-0,04;0,0;-0,01;0,0;-0,02;0,0;-0,02;0,0;-0,02;0,0;-0,02;0,0;-0,1;0,0;-0,02;0,0;-0,04;0,0;-0,01;0,0;-0,01;0,0;-0,02;0,0;-0,01;0,0;0,0;0,0
20.07.2026;17:30;17:45;1,41;0,5;0,0;0,0;-0,07;0,0;-0,21;0,0;0,0;0,0;-0,02;0,0;-0,04;0,0;-0,07;0,0;-0,02;0,0;-0,05;0,0;-0,02;0,0;-0,03;0,0;0,0;0,0;-0,06;0,0;-0,02;0,0;0,0;0,0;-0,02;0,0;0,0;0,0;0,0;0,0;-0,03;0,0;-0,03;0,0;-0,02;0,0;-0,05;0,0;-0,02;0,0;-0,01;0,0;-0,02;0,0;-0,2;-0,1;0,0;0,0
20.07.2026;17:45;18:00;1,47;0,42;0,0;0,0;-0,22;-0,11;-0,26;0,0;0,0;0,0;-0,01;0,0;-0,03;0,0;-0,26;-0,15;-0,01;0,0;-0,27;-0,16;-0,02;0,0;-0,01;0,0;0,0;0,0;-0,04;0,0;-0,03;0,0;-0,02;0,0;-0,01;0,0;-0,01;0,0;0,0;0,0;-0,03;0,0;-0,04;0,0;-0,01;0,0;-0,04;0,0;-0,02;0,0;-0,01;0,0;-0,01;0,0;-0,13;-0,02;0,0;0,0
20.07.2026;18:00;18:15;1,94;0,63;0,0;0,0;-0,19;-0,03;-0,23;0,0;0,0;0,0;-0,01;0,0;-0,04;0,0;-0,42;-0,26;-0,01;0,0;-0,82;-0,66;-0,01;0,0;-0,03;0,0;0,0;0,0;-0,03;0,0;-0,04;0,0;-0,01;0,0;-0,02;0,0;-0,12;0,0;-0,02;0,0;-0,03;0,0;-0,12;0,0;-0,01;0,0;-0,04;0,0;-0,03;0,0;-0,01;0,0;-0,01;0,0;-0,01;0,0;0,0;0,0
20.07.2026;18:15;18:30;1,58;0,48;0,0;0,0;-0,24;-0,12;-0,11;0,0;0,0;0,0;0,0;0,0;-0,04;0,0;-0,15;-0,03;-0,03;0,0;-0,1;0,0;-0,01;0,0;-0,03;0,0;0,0;0,0;-0,03;0,0;-0,04;0,0;-0,01;0,0;-0,03;0,0;-0,29;-0,17;0,0;0,0;-0,02;0,0;-0,04;0,0;-0,02;0,0;-0,05;0,0;0,0;0,0;-0,02;0,0;-0,35;-0,23;-0,04;0,0;0,0;0,0
20.07.2026;18:30;18:45;1,37;0,29;-0,01;0,0;-0,04;0,0;-0,23;0,0;0,0;0,0;-0,01;0,0;-0,04;0,0;-0,34;-0,25;-0,02;0,0;-0,07;0,0;-0,02;0,0;-0,02;0,0;0,0;0,0;-0,02;0,0;-0,03;0,0;-0,03;0,0;-0,05;0,0;-0,41;-0,32;-0,01;0,0;-0,02;0,0;-0,04;0,0;-0,03;0,0;-0,06;0,0;-0,01;0,0;-0,01;0,0;-0,32;-0,23;-0,04;0,0;0,0;0,0
20.07.2026;18:45;19:00;0,92;0,17;0,0;0,0;-0,02;0,0;-0,17;-0,04;0,0;0,0;-0,02;0,0;-0,03;0,0;-0,22;-0,18;-0,02;0,0;-0,07;-0,03;-0,01;0,0;-0,03;0,0;0,0;0,0;-0,08;-0,04;-0,04;0,0;-0,2;-0,16;-0,09;-0,05;-0,51;-0,47;-0,01;0,0;-0,02;0,0;-0,03;0,0;-0,01;0,0;-0,07;-0,03;-0,01;0,0;-0,02;0,0;-0,2;-0,16;-0,03;0,0;0,0;0,0
20.07.2026;19:00;19:15;0,83;0,19;0,0;0,0;-0,03;0,0;-0,2;-0,07;0,0;0,0;0,0;0,0;-0,04;-0,01;-0,19;-0,16;-0,03;0,0;-0,07;-0,04;-0,01;0,0;-0,02;0,0;0,0;0,0;-0,04;-0,01;-0,03;0,0;-0,39;-0,36;-0,02;0,0;-0,45;-0,42;0,0;0,0;-0,02;0,0;-0,04;-0,01;-0,01;0,0;-0,06;-0,03;-0,12;-0,09;-0,01;0,0;-0,12;-0,09;-0,03;0,0;0,0;0,0
20.07.2026;19:15;19:30;0,32;0,1;0,0;0,0;-0,11;-0,1;-0,2;-0,18;0,0;0,0;0,0;0,0;-0,04;-0,03;-0,4;-0,39;-0,01;0,0;-0,05;-0,04;0,0;0,0;-0,02;-0,01;0,0;0,0;-0,01;0,0;-0,02;-0,01;-0,05;-0,04;-0,03;-0,02;-0,48;-0,47;-0,02;-0,01;-0,02;-0,01;-0,04;-0,03;-0,02;-0,01;-0,05;-0,04;-0,45;-0,44;-0,02;-0,01;-0,16;-0,15;-0,04;-0,03;0,0;0,0
20.07.2026;19:30;19:45;0,0;0,0;-0,01;-0,01;-0,11;-0,11;-0,14;-0,14;0,0;0,0;-0,02;-0,02;-0,03;-0,03;-0,19;-0,19;-0,02;-0,02;-0,15;-0,15;0,0;0,0;-0,01;-0,01;0,0;0,0;-0,01;-0,01;0,0;0,0;-0,04;-0,04;-0,02;-0,02;-0,37;-0,37;0,0;0,0;-0,02;-0,02;-0,03;-0,03;-0,02;-0,02;-0,04;-0,04;-0,24;-0,24;-0,01;-0,01;-0,53;-0,53;-0,03;-0,03;0,0;0,0
20.07.2026;19:45;20:00;0,0;0,0;0,0;0,0;-0,03;-0,03;-0,1;-0,1;0,0;0,0;-0,01;-0,01;-0,04;-0,04;-0,03;-0,03;-0,02;-0,02;-0,23;-0,23;-0,01;-0,01;-0,01;-0,01;0,0;0,0;-0,11;-0,11;-0,01;-0,01;-0,05;-0,05;-0,01;-0,01;-0,07;-0,07;-0,01;-0,01;-0,02;-0,02;-0,04;-0,04;-0,02;-0,02;-0,04;-0,04;-0,05;-0,05;-0,02;-0,02;-0,2;-0,2;-0,05;-0,05;0,0;0,0
20.07.2026;20:00;20:15;0,14;0,11;0,0;0,0;-0,02;-0,02;-0,11;-0,08;0,0;0,0;-0,01;-0,01;-0,03;-0,03;-0,04;-0,04;-0,04;-0,04;-0,21;-0,21;-0,02;-0,02;-0,03;-0,03;0,0;0,0;-0,04;-0,04;-0,01;-0,01;-0,06;-0,06;-0,03;-0,03;-0,22;-0,22;-0,01;-0,01;-0,03;-0,03;-0,04;-0,04;-0,02;-0,02;-0,05;-0,05;-0,04;-0,04;-0,01;-0,01;-0,19;-0,19;-0,03;-0,03;0,0;0,0
20.07.2026;20:15;20:30;0,14;0,11;0,0;0,0;-0,03;-0,03;-0,15;-0,12;0,0;0,0;0,0;0,0;-0,04;-0,04;-0,2;-0,2;-0,06;-0,06;-0,19;-0,19;-0,02;-0,02;-0,03;-0,03;0,0;0,0;-0,36;-0,36;-0,21;-0,21;-0,05;-0,05;-0,03;-0,03;-0,26;-0,26;0,0;0,0;-0,05;-0,05;-0,02;-0,02;-0,01;-0,01;-0,04;-0,04;-0,04;-0,04;0,0;0,0;-0,17;-0,17;-0,03;-0,03;0,0;0,0
20.07.2026;20:30;20:45;0,04;0,04;-0,01;-0,01;-0,04;-0,04;-0,13;-0,13;0,0;0,0;-0,01;-0,01;-0,04;-0,04;-0,2;-0,2;-0,06;-0,06;-0,19;-0,19;-0,01;-0,01;-0,02;-0,02;0,0;0,0;-0,22;-0,22;-0,12;-0,12;-0,04;-0,04;-0,02;-0,02;-0,06;-0,06;-0,02;-0,02;-0,05;-0,05;-0,03;-0,03;-0,01;-0,01;-0,05;-0,05;-0,04;-0,04;0,0;0,0;-0,11;-0,11;-0,03;-0,03;0,0;0,0
20.07.2026;20:45;21:00;0,02;0,02;0,0;0,0;-0,16;-0,16;-0,09;-0,09;0,0;0,0;-0,02;-0,02;-0,03;-0,03;-0,14;-0,14;-0,05;-0,05;-0,18;-0,18;-0,01;-0,01;-0,02;-0,02;0,0;0,0;-0,28;-0,28;-0,06;-0,06;-0,04;-0,04;-0,03;-0,03;-0,08;-0,08;0,0;0,0;-0,04;-0,04;-0,03;-0,03;-0,02;-0,02;-0,04;-0,04;-0,05;-0,05;-0,01;-0,01;-0,18;-0,18;-0,03;-0,03;0,0;0,0
20.07.2026;21:00;21:15;0,01;0,01;0,0;0,0;-0,03;-0,03;-0,09;-0,09;0,0;0,0;0,0;0,0;-0,04;-0,04;-0,04;-0,04;-0,05;-0,05;-0,18;-0,18;-0,02;-0,02;-0,07;-0,07;0,0;0,0;-0,03;-0,03;-0,03;-0,03;-0,03;-0,03;-0,02;-0,02;-0,05;-0,05;-0,01;-0,01;-0,03;-0,03;-0,01;-0,01;-0,02;-0,02;-0,05;-0,05;-0,06;-0,06;-0,01;-0,01;-0,27;-0,27;-0,03;-0,03;0,0;0,0
20.07.2026;21:15;21:30;0,0;0,0;0,0;0,0;-0,04;-0,04;-0,09;-0,09;0,0;0,0;-0,01;-0,01;-0,03;-0,03;-0,04;-0,04;-0,08;-0,08;-0,12;-0,12;-0,01;-0,01;0,0;0,0;0,0;0,0;-0,06;-0,06;-0,03;-0,03;-0,04;-0,04;-0,02;-0,02;-0,06;-0,06;-0,01;-0,01;-0,02;-0,02;-0,02;-0,02;-0,02;-0,02;-0,05;-0,05;-0,03;-0,03;-0,01;-0,01;-0,2;-0,2;-0,03;-0,03;0,0;0,0
20.07.2026;21:30;21:45;0,0;0,0;0,0;0,0;-0,04;-0,04;-0,11;-0,11;0,0;0,0;-0,01;-0,01;-0,04;-0,04;-0,36;-0,36;-0,18;-0,18;-0,16;-0,16;-0,01;-0,01;-0,02;-0,02;0,0;0,0;-0,04;-0,04;-0,03;-0,03;-0,04;-0,04;-0,02;-0,02;-0,07;-0,07;0,0;0,0;-0,02;-0,02;-0,02;-0,02;-0,02;-0,02;-0,04;-0,04;-0,02;-0,02;-0,01;-0,01;-0,2;-0,2;-0,03;-0,03;0,0;0,0
20.07.2026;21:45;22:00;0,0;0,0;-0,01;-0,01;-0,03;-0,03;-0,09;-0,09;0,0;0,0;-0,01;-0,01;-0,03;-0,03;-0,04;-0,04;-0,27;-0,27;-0,32;-0,32;0,0;0,0;-0,01;-0,01;0,0;0,0;-0,03;-0,03;-0,04;-0,04;-0,03;-0,03;-0,11;-0,11;-0,11;-0,11;-0,02;-0,02;-0,02;-0,02;-0,15;-0,15;-0,01;-0,01;-0,04;-0,04;-0,01;-0,01;-0,01;-0,01;-0,19;-0,19;-0,02;-0,02;0,0;0,0
20.07.2026;22:00;22:15;0,0;0,0;0,0;0,0;-0,04;-0,04;-0,11;-0,11;-0,01;-0,01;-0,01;-0,01;-0,04;-0,04;-0,03;-0,03;-0,29;-0,29;-0,16;-0,16;0,0;0,0;0,0;0,0;-0,01;-0,01;-0,02;-0,02;-0,04;-0,04;-0,03;-0,03;-0,02;-0,02;-0,09;-0,09;0,0;0,0;-0,02;-0,02;-0,02;-0,02;-0,05;-0,05;-0,02;-0,02;-0,03;-0,03;-0,01;-0,01;-0,07;-0,07;-0,02;-0,02;0,0;0,0
20.07.2026;22:15;22:30;0,0;0,0;0,0;0,0;-0,03;-0,03;-0,08;-0,08;0,0;0,0;0,0;0,0;-0,04;-0,04;-0,03;-0,03;-0,03;-0,03;-0,04;-0,04;-0,02;-0,02;-0,01;-0,01;0,0;0,0;-0,02;-0,02;-0,03;-0,03;-0,03;-0,03;-0,03;-0,03;-0,06;-0,06;-0,01;-0,01;-0,02;-0,02;-0,01;-0,01;-0,05;-0,05;-0,01;-0,01;-0,02;-0,02;-0,01;-0,01;-0,01;-0,01;-0,01;-0,01;0,0;0,0
20.07.2026;22:30;22:45;0,0;0,0;0,0;0,0;-0,02;-0,02;-0,09;-0,09;0,0;0,0;-0,01;-0,01;-0,03;-0,03;-0,03;-0,03;-0,03;-0,03;-0,02;-0,02;-0,01;-0,01;-0,01;-0,01;0,0;0,0;-0,04;-0,04;-0,01;-0,01;-0,03;-0,03;-0,02;-0,02;-0,07;-0,07;-0,01;-0,01;-0,02;-0,02;-0,02;-0,02;-0,03;-0,03;-0,01;-0,01;-0,02;-0,02;-0,01;-0,01;-0,02;-0,02;-0,01;-0,01;0,0;0,0
20.07.2026;22:45;23:00;0,0;0,0;-0,01;-0,01;-0,01;-0,01;-0,1;-0,1;0,0;0,0;-0,02;-0,02;-0,04;-0,04;-0,03;-0,03;-0,02;-0,02;-0,02;-0,02;-0,02;-0,02;0,0;0,0;0,0;0,0;-0,02;-0,02;-0,02;-0,02;-0,05;-0,05;-0,01;-0,01;-0,07;-0,07;0,0;0,0;-0,18;-0,18;-0,01;-0,01;-0,02;-0,02;-0,01;-0,01;-0,01;-0,01;-0,02;-0,02;-0,01;-0,01;-0,01;-0,01;0,0;0,0
20.07.2026;23:00;23:15;0,0;0,0;0,0;0,0;-0,03;-0,03;-0,09;-0,09;0,0;0,0;0,0;0,0;-0,03;-0,03;-0,03;-0,03;-0,29;-0,29;-0,02;-0,02;-0,01;-0,01;-0,02;-0,02;0,0;0,0;-0,02;-0,02;-0,01;-0,01;-0,02;-0,02;-0,02;-0,02;-0,07;-0,07;-0,02;-0,02;-0,03;-0,03;0,0;0,0;-0,02;-0,02;-0,02;-0,02;-0,09;-0,09;-0,02;-0,02;-0,02;-0,02;-0,01;-0,01;0,0;0,0
20.07.2026;23:15;23:30;0,0;0,0;0,0;0,0;-0,01;-0,01;-0,22;-0,22;0,0;0,0;0,0;0,0;-0,04;-0,04;-0,03;-0,03;-0,18;-0,18;-0,02;-0,02;-0,01;-0,01;0,0;0,0;0,0;0,0;-0,01;-0,01;-0,01;-0,01;-0,01;-0,01;-0,03;-0,03;-0,07;-0,07;0,0;0,0;-0,03;-0,03;-0,02;-0,02;-0,01;-0,01;-0,03;-0,03;-0,1;-0,1;-0,01;-0,01;-0,01;-0,01;-0,02;-0,02;0,0;0,0
20.07.2026;23:30;23:45;0,0;0,0;0,0;0,0;-0,01;-0,01;-0,07;-0,07;0,0;0,0;-0,02;-0,02;-0,04;-0,04;-0,02;-0,02;-0,02;-0,02;-0,01;-0,01;-0,02;-0,02;-0,01;-0,01;0,0;0,0;-0,02;-0,02;-0,01;-0,01;-0,02;-0,02;-0,01;-0,01;-0,06;-0,06;-0,01;-0,01;-0,02;-0,02;-0,01;-0,01;-0,02;-0,02;-0,01;-0,01;-0,01;-0,01;-0,01;-0,01;-0,02;-0,02;0,0;0,0;0,0;0,0
20.07.2026;23:45;00:00;0,0;0,0;0,0;0,0;0,0;0,0;-0,06;-0,06;0,0;0,0;-0,01;-0,01;-0,05;-0,05;-0,04;-0,04;-0,01;-0,01;-0,01;-0,01;-0,01;-0,01;-0,02;-0,02;0,0;0,0;0,0;0,0;-0,01;-0,01;-0,02;-0,02;-0,01;-0,01;-0,08;-0,08;-0,01;-0,01;-0,02;-0,02;-0,01;-0,01;-0,02;-0,02;-0,02;-0,02;-0,02;-0,02;-0,01;-0,01;0,0;0,0;-0,02;-0,02;0,0;0,0
21.07.2026;00:00;00:15;0,0;0,0;-0,01;-0,01;-0,01;-0,01;-0,07;-0,07;0,0;0,0;0,0;0,0;-0,03;-0,03;-0,01;-0,01;-0,02;-0,02;0,0;0,0;0,0;0,0;0,0;0,0;0,0;0,0;-0,01;-0,01;-0,01;-0,01;0,0;0,0;0,0;0,0;-0,07;-0,07;0,0;0,0;-0,02;-0,02;-0,01;-0,01;-0,02;-0,02;-0,01;-0,01;-0,02;-0,02;-0,01;-0,01;-0,01;-0,01;-0,01;-0,01;0,0;0,0
21.07.2026;00:15;00:30;0,0;0,0;0,0;0,0;-0,01;-0,01;-0,11;-0,11;0,0;0,0;-0,01;-0,01;-0,04;-0,04;-0,02;-0,02;-0,02;-0,02;-0,01;-0,01;0,0;0,0;-0,01;-0,01;0,0;0,0;-0,01;-0,01;-0,01;-0,01;-0,02;-0,02;-0,01;-0,01;-0,06;-0,06;-0,02;-0,02;-0,02;-0,02;-0,01;-0,01;-0,01;-0,01;-0,02;-0,02;0,0;0,0;-0,02;-0,02;-0,01;-0,01;-0,01;-0,01;0,0;0,0
21.07.2026;00:30;00:45;0,0;0,0;0,0;0,0;-0,02;-0,02;-0,13;-0,13;0,0;0,0;-0,01;-0,01;-0,04;-0,04;-0,01;-0,01;-0,01;-0,01;-0,01;-0,01;-0,01;-0,01;-0,01;-0,01;0,0;0,0;-0,02;-0,02;-0,01;-0,01;-0,01;-0,01;0,0;0,0;-0,02;-0,02;0,0;0,0;-0,02;-0,02;-0,01;-0,01;-0,02;-0,02;-0,01;-0,01;-0,01;-0,01;-0,01;-0,01;-0,01;-0,01;-0,01;-0,01;0,0;0,0
21.07.2026;00:45;01:00;0,0;0,0;0,0;0,0;-0,01;-0,01;-0,23;-0,23;0,0;0,0;-0,01;-0,01;-0,04;-0,04;-0,01;-0,01;-0,02;-0,02;0,0;0,0;-0,02;-0,02;0,0;0,0;0,0;0,0;0,0;0,0;-0,01;-0,01;-0,01;-0,01;-0,02;-0,02;-0,02;-0,02;-0,01;-0,01;-0,02;-0,02;-0,01;-0,01;-0,01;-0,01;-0,01;-0,01;-0,01;-0,01;-0,01;-0,01;-0,01;-0,01;-0,01;-0,01;0,0;0,0
21.07.2026;01:00;01:15;0,0;0,0;-0,01;-0,01;-0,01;-0,01;-0,12;-0,12;0,0;0,0;-0,01;-0,01;-0,04;-0,04;-0,01;-0,01;-0,01;-0,01;-0,01;-0,01;-0,01;-0,01;-0,01;-0,01;0,0;0,0;-0,01;-0,01;-0,01;-0,01;-0,01;-0,01;-0,01;-0,01;-0,03;-0,03;-0,01;-0,01;-0,02;-0,02;-0,01;-0,01;-0,03;-0,03;-0,02;-0,02;-0,02;-0,02;-0,01;-0,01;-0,02;-0,02;-0,01;-0,01;0,0;0,0
21.07.2026;01:15;01:30;0,0;0,0;0,0;0,0;0,0;0,0;-0,15;-0,15;0,0;0,0;0,0;0,0;-0,04;-0,04;-0,01;-0,01;-0,02;-0,02;0,0;0,0;-0,02;-0,02;-0,01;-0,01;0,0;0,0;-0,01;-0,01;-0,01;-0,01;-0,01;-0,01;0,0;0,0;-0,02;-0,02;0,0;0,0;-0,02;-0,02;-0,01;-0,01;-0,02;-0,02;0,0;0,0;-0,01;-0,01;-0,01;-0,01;-0,04;-0,04;-0,02;-0,02;0,0;0,0
21.07.2026;01:30;01:45;0,0;0,0;0,0;0,0;-0,01;-0,01;-0,19;-0,19;0,0;0,0;-0,02;-0,02;-0,03;-0,03;-0,01;-0,01;-0,02;-0,02;-0,02;-0,02;-0,01;-0,01;-0,01;-0,01;0,0;0,0;-0,01;-0,01;-0,02;-0,02;-0,02;-0,02;0,0;0,0;-0,01;-0,01;-0,02;-0,02;-0,02;-0,02;-0,01;-0,01;-0,01;-0,01;-0,02;-0,02;-0,01;-0,01;-0,01;-0,01;-0,02;-0,02;0,0;0,0;0,0;0,0
21.07.2026;01:45;02:00;0,0;0,0;0,0;0,0;0,0;0,0;-0,19;-0,19;0,0;0,0;0,0;0,0;-0,04;-0,04;-0,01;-0,01;-0,01;-0,01;-0,02;-0,02;-0,01;-0,01;-0,01;-0,01;0,0;0,0;-0,01;-0,01;-0,01;-0,01;0,0;0,0;-0,01;-0,01;0,0;0,0;0,0;0,0;-0,02;-0,02;0,0;0,0;-0,01;-0,01;-0,01;-0,01;0,0;0,0;-0,02;-0,02;-0,03;-0,03;-0,02;-0,02;0,0;0,0
21.07.2026;02:00;02:15;0,0;0,0;0,0;0,0;-0,02;-0,02;-0,22;-0,22;0,0;0,0;-0,01;-0,01;-0,04;-0,04;-0,01;-0,01;-0,01;-0,01;-0,01;-0,01;-0,02;-0,02;-0,01;-0,01;0,0;0,0;0,0;0,0;0,0;0,0;-0,02;-0,02;-0,01;-0,01;-0,02;-0,02;-0,01;-0,01;-0,02;-0,02;-0,02;-0,02;-0,01;-0,01;-0,01;-0,01;-0,02;-0,02;-0,01;-0,01;-0,01;-0,01;-0,01;-0,01;0,0;0,0
21.07.2026;02:15;02:30;0,0;0,0;-0,01;-0,01;-0,01;-0,01;-0,19;-0,19;0,0;0,0;-0,01;-0,01;-0,03;-0,03;-0,01;-0,01;-0,02;-0,02;-0,02;-0,02;0,0;0,0;0,0;0,0;0,0;0,0;-0,02;-0,02;-0,01;-0,01;-0,01;-0,01;-0,01;-0,01;-0,01;-0,01;-0,01;-0,01;-0,02;-0,02;-0,01;-0,01;-0,03;-0,03;-0,01;-0,01;-0,03;-0,03;-0,01;-0,01;-0,01;-0,01;-0,01;-0,01;0,0;0,0
21.07.2026;02:30;02:45;0,0;0,0;0,0;0,0;-0,01;-0,01;-0,06;-0,06;0,0;0,0;-0,01;-0,01;-0,04;-0,04;0,0;0,0;-0,01;-0,01;-0,02;-0,02;0,0;0,0;-0,01;-0,01;0,0;0,0;-0,01;-0,01;-0,01;-0,01;-0,02;-0,02;-0,01;-0,01;-0,02;-0,02;0,0;0,0;-0,02;-0,02;-0,01;-0,01;-0,02;-0,02;-0,01;-0,01;-0,04;-0,04;-0,02;-0,02;-0,01;-0,01;-0,01;-0,01;0,0;0,0
21.07.2026;02:45;03:00;0,0;0,0;0,0;0,0;-0,01;-0,01;-0,07;-0,07;0,0;0,0;-0,01;-0,01;-0,04;-0,04;-0,01;-0,01;-0,02;-0,02;-0,01;-0,01;-0,01;-0,01;-0,01;-0,01;0,0;0,0;0,0;0,0;-0,01;-0,01;-0,01;-0,01;0,0;0,0;0,0;0,0;-0,02;-0,02;-0,02;-0,02;-0,01;-0,01;-0,02;-0,02;-0,01;-0,01;-0,02;-0,02;-0,01;-0,01;-0,01;-0,01;-0,02;-0,02;0,0;0,0
21.07.2026;03:00;03:15;0,0;0,0;0,0;0,0;0,0;0,0;-0,07;-0,07;-0,01;-0,01;0,0;0,0;-0,03;-0,03;-0,01;-0,01;-0,02;-0,02;-0,01;-0,01;-0,01;-0,01;0,0;0,0;-0,01;-0,01;-0,01;-0,01;-0,01;-0,01;-0,01;-0,01;0,0;0,0;-0,01;-0,01;0,0;0,0;-0,03;-0,03;-0,01;-0,01;-0,01;-0,01;-0,02;-0,02;-0,03;-0,03;-0,01;-0,01;-0,01;-0,01;-0,03;-0,03;0,0;0,0
21.07.2026;03:15;03:30;0,0;0,0;-0,01;-0,01;-0,01;-0,01;-0,06;-0,06;0,0;0,0;-0,01;-0,01;-0,04;-0,04;-0,05;-0,05;-0,01;-0,01;0,0;0,0;-0,02;-0,02;-0,02;-0,02;0,0;0,0;-0,02;-0,02;-0,01;-0,01;-0,01;-0,01;-0,01;-0,01;-0,01;-0,01;-0,01;-0,01;-0,02;-0,02;-0,01;-0,01;-0,01;-0,01;0,0;0,0;-0,02;-0,02;0,0;0,0;-0,02;-0,02;-0,02;-0,02;0,0;0,0
21.07.2026;03:30;03:45;0,0;0,0;0,0;0,0;-0,01;-0,01;-0,07;-0,07;0,0;0,0;-0,02;-0,02;-0,04;-0,04;-0,05;-0,05;-0,02;-0,02;-0,01;-0,01;-0,01;-0,01;0,0;0,0;0,0;0,0;-0,01;-0,01;-0,02;-0,02;-0,01;-0,01;-0,01;-0,01;-0,01;-0,01;-0,01;-0,01;-0,02;-0,02;-0,01;-0,01;-0,02;-0,02;-0,02;-0,02;-0,01;-0,01;0,0;0,0;-0,02;-0,02;-0,01;-0,01;0,0;0,0
21.07.2026;03:45;04:00;0,0;0,0;0,0;0,0;-0,02;-0,02;-0,06;-0,06;0,0;0,0;0,0;0,0;-0,03;-0,03;-0,01;-0,01;-0,01;-0,01;0,0;0,0;-0,02;-0,02;-0,01;-0,01;0,0;0,0;0,0;0,0;0,0;0,0;-0,01;-0,01;-0,01;-0,01;-0,02;-0,02;-0,01;-0,01;-0,02;-0,02;-0,01;-0,01;-0,02;-0,02;-0,01;-0,01;-0,01;-0,01;-0,01;-0,01;-0,01;-0,01;-0,02;-0,02;0,0;0,0
21.07.2026;04:00;04:15;0,0;0,0;0,0;0,0;-0,01;-0,01;-0,07;-0,07;0,0;0,0;0,0;0,0;-0,04;-0,04;-0,03;-0,03;-0,01;-0,01;-0,01;-0,01;-0,01;-0,01;-0,01;-0,01;0,0;0,0;-0,01;-0,01;-0,01;-0,01;-0,01;-0,01;-0,01;-0,01;-0,01;-0,01;-0,01;-0,01;-0,02;-0,02;-0,01;-0,01;-0,03;-0,03;0,0;0,0;-0,01;-0,01;0,0;0,0;0,0;0,0;-0,01;-0,01;0,0;0,0
21.07.2026;04:15;04:30;0,0;0,0;0,0;0,0;0,0;0,0;-0,06;-0,06;0,0;0,0;-0,02;-0,02;-0,03;-0,03;-0,02;-0,02;-0,02;-0,02;0,0;0,0;-0,02;-0,02;-0,01;-0,01;0,0;0,0;-0,02;-0,02;-0,01;-0,01;-0,01;-0,01;0,0;0,0;-0,01;-0,01;-0,01;-0,01;-0,02;-0,02;-0,01;-0,01;-0,01;-0,01;-0,02;-0,02;-0,02;-0,02;0,0;0,0;-0,02;-0,02;-0,02;-0,02;0,0;0,0
21.07.2026;04:30;04:45;0,0;0,0;-0,01;-0,01;-0,01;-0,01;-0,07;-0,07;0,0;0,0;-0,01;-0,01;-0,04;-0,04;-0,01;-0,01;-0,01;-0,01;0,0;0,0;0,0;0,0;0,0;0,0;0,0;0,0;0,0;0,0;-0,01;-0,01;-0,01;-0,01;0,0;0,0;-0,02;-0,02;0,0;0,0;-0,02;-0,02;-0,01;-0,01;-0,01;-0,01;-0,01;-0,01;-0,01;-0,01;-0,01;-0,01;-0,01;-0,01;0,0;0,0;0,0;0,0
21.07.2026;04:45;05:00;0,0;0,0;0,0;0,0;0,0;0,0;-0,08;-0,08;0,0;0,0;0,0;0,0;-0,03;-0,03;-0,01;-0,01;-0,02;-0,02;-0,01;-0,01;0,0;0,0;-0,01;-0,01;0,0;0,0;0,0;0,0;-0,02;-0,02;-0,01;-0,01;-0,01;-0,01;-0,04;-0,04;-0,02;-0,02;-0,02;-0,02;-0,01;-0,01;-0,01;-0,01;-0,01;-0,01;0,0;0,0;-0,02;-0,02;0,0;0,0;-0,02;-0,02;0,0;0,0
21.07.2026;05:00;05:15;0,0;0,0;0,0;0,0;-0,02;-0,02;-0,08;-0,08;0,0;0,0;-0,01;-0,01;-0,04;-0,04;-0,01;-0,01;-0,01;-0,01;-0,01;-0,01;0,0;0,0;-0,01;-0,01;0,0;0,0;-0,02;-0,02;-0,03;-0,03;-0,01;-0,01;-0,01;-0,01;-0,03;-0,03;0,0;0,0;-0,02;-0,02;-0,01;-0,01;-0,02;-0,02;-0,01;-0,01;-0,02;-0,02;-0,02;-0,02;-0,02;-0,02;-0,02;-0,02;0,0;0,0
21.07.2026;05:15;05:30;0,0;0,0;0,0;0,0;-0,01;-0,01;-0,23;-0,23;0,0;0,0;-0,01;-0,01;-0,04;-0,04;-0,01;-0,01;-0,01;-0,01;-0,02;-0,02;-0,02;-0,02;-0,01;-0,01;0,0;0,0;-0,01;-0,01;-0,02;-0,02;-0,01;-0,01;-0,01;-0,01;-0,02;-0,02;0,0;0,0;-0,02;-0,02;-0,01;-0,01;-0,02;-0,02;-0,01;-0,01;-0,01;-0,01;-0,02;-0,02;-0,01;-0,01;-0,01;-0,01;0,0;0,0
21.07.2026;05:30;05:45;0,04;0,04;-0,01;-0,01;-0,01;-0,01;-0,1;-0,1;0,0;0,0;-0,01;-0,01;-0,03;-0,03;-0,01;-0,01;-0,02;-0,02;-0,02;-0,02;-0,02;-0,02;-0,01;-0,01;0,0;0,0;-0,01;-0,01;-0,01;-0,01;-0,06;-0,06;-0,01;-0,01;-0,02;-0,02;-0,02;-0,02;-0,02;-0,02;-0,02;-0,02;-0,02;-0,02;-0,01;-0,01;-0,01;-0,01;-0,01;-0,01;-0,02;-0,02;-0,06;-0,06;0,0;0,0
21.07.2026;05:45;06:00;0,09;0,09;0,0;0,0;-0,01;-0,01;-0,13;-0,13;0,0;0,0;0,0;0,0;-0,04;-0,04;-0,04;-0,04;-0,01;-0,01;-0,11;-0,11;-0,01;-0,01;0,0;0,0;0,0;0,0;-0,04;-0,04;-0,02;-0,02;-0,06;-0,06;0,0;0,0;-0,04;-0,04;0,0;0,0;-0,02;-0,02;0,0;0,0;-0,01;-0,01;-0,01;-0,01;-0,01;-0,01;-0,02;-0,02;0,0;0,0;-0,01;-0,01;0,0;0,0
21.07.2026;06:00;06:15;0,11;0,11;0,0;0,0;0,0;0,0;-0,09;-0,09;0,0;0,0;-0,01;-0,01;-0,03;-0,03;-0,03;-0,03;-0,01;-0,01;-0,02;-0,02;-0,01;-0,01;-0,03;-0,03;0,0;0,0;-0,02;-0,02;-0,01;-0,01;-0,01;-0,01;0,0;0,0;-0,02;-0,02;-0,01;-0,01;-0,02;-0,02;-0,01;-0,01;-0,01;-0,01;-0,01;-0,01;-0,01;-0,01;-0,01;-0,01;-0,01;-0,01;-0,02;-0,02;0,0;0,0
21.07.2026;06:15;06:30;0,15;0,11;0,0;0,0;-0,16;-0,16;-0,11;-0,07;0,0;0,0;-0,02;-0,02;-0,04;-0,04;-0,02;-0,02;-0,04;-0,04;-0,05;-0,05;-0,02;-0,02;-0,02;-0,02;0,0;0,0;-0,01;-0,01;-0,01;-0,01;0,0;0,0;-0,02;-0,02;-0,01;-0,01;-0,01;-0,01;-0,02;-0,02;-0,04;-0,04;-0,02;-0,02;-0,01;-0,01;-0,02;-0,02;0,0;0,0;-0,02;-0,02;-0,01;-0,01;0,0;0,0
21.07.2026;06:30;06:45;0,21;0,16;-0,01;-0,01;-0,01;-0,01;-0,1;-0,05;0,0;0,0;0,0;0,0;-0,03;-0,03;-0,03;-0,03;-0,03;-0,03;-0,01;-0,01;-0,01;-0,01;-0,01;-0,01;0,0;0,0;-0,01;-0,01;0,0;0,0;-0,02;-0,02;-0,01;-0,01;-0,01;-0,01;0,0;0,0;-0,02;-0,02;-0,01;-0,01;-0,02;-0,02;-0,01;-0,01;0,0;0,0;-0,01;-0,01;-0,16;-0,16;-0,01;-0,01;0,0;0,0
21.07.2026;06:45;07:00;0,27;0,19;0,0;0,0;-0,02;-0,02;-0,1;-0,02;0,0;0,0;0,0;0,0;-0,04;-0,04;-0,03;-0,03;-0,03;-0,03;0,0;0,0;-0,01;-0,01;-0,01;-0,01;0,0;0,0;0,0;0,0;-0,02;-0,02;-0,01;-0,01;0,0;0,0;-0,01;-0,01;-0,02;-0,02;-0,02;-0,02;-0,02;-0,02;-0,02;-0,02;-0,11;-0,11;-0,01;-0,01;-0,01;-0,01;-0,01;-0,01;-0,01;-0,01;0,0;0,0
21.07.2026;07:00;07:15;0,3;0,11;0,0;0,0;-0,01;0,0;-0,09;-0,07;0,0;0,0;-0,02;-0,01;-0,03;-0,02;-0,01;0,0;-0,02;-0,01;-0,01;0,0;0,0;0,0;0,0;0,0;0,0;0,0;-0,02;-0,01;-0,02;-0,01;0,0;0,0;0,0;0,0;-0,02;-0,01;0,0;0,0;-0,02;-0,01;-0,03;-0,02;-0,02;-0,01;-0,03;-0,02;-0,02;-0,01;-0,01;0,0;-0,02;-0,01;-0,01;0,0;0,0;0,0
21.07.2026;07:15;07:30;0,0;0,0;0,0;0,0;-0,02;-0,02;-0,12;-0,12;0,0;0,0;-0,01;-0,01;-0,04;-0,04;-0,02;-0,02;-0,02;-0,02;0,0;0,0;0,0;0,0;-0,01;-0,01;0,0;0,0;-0,05;-0,05;-0,02;-0,02;-0,01;-0,01;-0,01;-0,01;-0,01;-0,01;-0,01;-0,01;-0,02;-0,02;-0,01;-0,01;-0,01;-0,01;-0,04;-0,04;-0,01;-0,01;-0,01;-0,01;-0,02;-0,02;-0,01;-0,01;0,0;0,0
21.07.2026;07:30;07:45;0,0;0,0;0,0;0,0;0,0;0,0;-0,09;-0,09;0,0;0,0;0,0;0,0;-0,04;-0,04;-0,01;-0,01;-0,01;-0,01;-0,01;-0,01;-0,02;-0,02;-0,01;-0,01;0,0;0,0;-0,01;-0,01;0,0;0,0;-0,02;-0,02;-0,01;-0,01;-0,01;-0,01;-0,01;-0,01;-0,02;-0,02;-0,01;-0,01;-0,01;-0,01;-0,04;-0,04;-0,01;-0,01;-0,01;-0,01;0,0;0,0;-0,02;-0,02;0,0;0,0
21.07.2026;07:45;08:00;0,71;0,24;-0,01;0,0;-0,01;0,0;-0,11;0,0;0,0;0,0;-0,01;0,0;-0,05;-0,01;-0,02;0,0;-0,01;0,0;0,0;0,0;-0,01;0,0;0,0;0,0;0,0;0,0;-0,01;0,0;-0,01;0,0;-0,02;0,0;-0,01;0,0;-0,02;0,0;0,0;0,0;-0,02;0,0;-0,01;0,0;-0,12;-0,08;-0,05;-0,01;-0,01;0,0;-0,01;0,0;-0,01;0,0;-0,04;0,0;0,0;0,0
21.07.2026;08:00;08:15;1,44;0,95;0,0;0,0;0,0;0,0;-0,1;0,0;-0,01;0,0;-0,01;0,0;-0,03;0,0;-0,01;0,0;-0,01;0,0;0,0;0,0;-0,02;0,0;-0,02;0,0;-0,01;0,0;-0,01;0,0;-0,01;0,0;-0,04;0,0;-0,02;0,0;-0,02;0,0;-0,02;0,0;-0,02;0,0;-0,01;0,0;-0,03;0,0;-0,04;0,0;-0,02;0,0;-0,01;0,0;-0,01;0,0;-0,01;0,0;0,0;0,0
21.07.2026;08:15;08:30;1,8;1,35;0,0;0,0;-0,01;0,0;-0,11;0,0;0,0;0,0;-0,01;0,0;-0,04;0,0;-0,01;0,0;-0,02;0,0;-0,01;0,0;-0,01;0,0;0,0;0,0;0,0;0,0;-0,01;0,0;-0,01;0,0;-0,03;0,0;-0,03;0,0;-0,01;0,0;0,0;0,0;-0,03;0,0;-0,01;0,0;-0,02;0,0;-0,04;0,0;0,0;0,0;-0,01;0,0;-0,01;0,0;-0,02;0,0;0,0;0,0
21.07.2026;08:30;08:45;1,81;1,39;0,0;0,0;-0,02;0,0;-0,12;0,0;0,0;0,0;0,0;0,0;-0,04;0,0;-0,02;0,0;-0,01;0,0;-0,01;0,0;-0,01;0,0;-0,01;0,0;0,0;0,0;0,0;0,0;-0,01;0,0;-0,02;0,0;-0,01;0,0;-0,01;0,0;-0,01;0,0;-0,02;0,0;-0,01;0,0;-0,01;0,0;-0,04;0,0;-0,01;0,0;-0,01;0,0;-0,01;0,0;-0,01;0,0;0,0;0,0
21.07.2026;08:45;09:00;1,83;1,36;-0,01;0,0;-0,01;0,0;-0,07;0,0;0,0;0,0;-0,01;0,0;-0,04;0,0;-0,01;0,0;-0,02;0,0;-0,02;0,0;-0,02;0,0;-0,01;0,0;0,0;0,0;-0,02;0,0;-0,01;0,0;-0,04;0,0;-0,02;0,0;0,0;0,0;-0,01;0,0;-0,02;0,0;-0,01;0,0;-0,02;0,0;-0,05;0,0;-0,02;0,0;-0,01;0,0;-0,01;0,0;-0,01;0,0;0,0;0,0
21.07.2026;09:00;09:15;2,51;2,07;0,0;0,0;-0,01;0,0;-0,13;0,0;0,0;0,0;-0,02;0,0;-0,04;0,0;-0,02;0,0;-0,01;0,0;-0,01;0,0;-0,01;0,0;0,0;0,0;0,0;0,0;-0,01;0,0;-0,01;0,0;-0,02;0,0;-0,01;0,0;-0,01;0,0;0,0;0,0;-0,02;0,0;-0,01;0,0;-0,01;0,0;-0,05;0,0;-0,01;0,0;-0,01;0,0;-0,01;0,0;-0,01;0,0;0,0;0,0
21.07.2026;09:15;09:30;2,52;1,99;0,0;0,0;0,0;0,0;-0,11;0,0;0,0;0,0;0,0;0,0;-0,04;0,0;-0,01;0,0;-0,01;0,0;-0,02;0,0;0,0;0,0;-0,02;0,0;0,0;0,0;0,0;0,0;-0,01;0,0;-0,01;0,0;-0,01;0,0;-0,02;0,0;-0,02;0,0;-0,13;0,0;0,0;0,0;-0,02;0,0;-0,04;0,0;-0,01;0,0;-0,01;0,0;-0,02;0,0;-0,02;0,0;0,0;0,0
21.07.2026;09:30;09:45;1,61;0,93;0,0;0,0;-0,01;0,0;-0,08;0,0;0,0;0,0;-0,01;0,0;-0,03;0,0;-0,01;0,0;-0,02;0,0;-0,01;0,0;0,0;0,0;0,0;0,0;0,0;0,0;-0,01;0,0;0,0;0,0;-0,01;0,0;0,0;0,0;-0,01;0,0;0,0;0,0;-0,49;-0,31;-0,01;0,0;-0,03;0,0;-0,06;0,0;-0,01;0,0;0,0;0,0;-0,01;0,0;-0,19;-0,01;0,0;0,0
21.07.2026;09:45;10:00;3,06;2,52;0,0;0,0;-0,01;0,0;-0,1;0,0;0,0;0,0;-0,01;0,0;-0,04;0,0;-0,02;0,0;-0,01;0,0;-0,02;0,0;-0,01;0,0;-0,01;0,0;0,0;0,0;-0,02;0,0;-0,02;0,0;0,0;0,0;-0,01;0,0;-0,01;0,0;0,0;0,0;-0,11;0,0;-0,02;0,0;-0,01;0,0;-0,05;0,0;-0,02;0,0;-0,01;0,0;-0,01;0,0;-0,02;0,0;0,0;0,0
21.07.2026;10:00;10:15;3,32;2,44;-0,01;0,0;-0,3;0,0;-0,15;0,0;0,0;0,0;-0,01;0,0;-0,04;0,0;-0,01;0,0;-0,02;0,0;-0,01;0,0;-0,02;0,0;-0,01;0,0;0,0;0,0;-0,01;0,0;-0,1;0,0;-0,01;0,0;-0,01;0,0;0,0;0,0;-0,02;0,0;-0,07;0,0;0,0;0,0;-0,01;0,0;-0,04;0,0;0,0;0,0;0,0;0,0;-0,01;0,0;-0,02;0,0;0,0;0,0
21.07.2026;10:15;10:30;2,89;1,94;0,0;0,0;-0,42;-0,04;-0,11;0,0;0,0;0,0;0,0;0,0;-0,03;0,0;-0,02;0,0;-0,01;0,0;-0,01;0,0;-0,01;0,0;-0,01;0,0;0,0;0,0;0,0;0,0;-0,01;0,0;-0,01;0,0;-0,01;0,0;-0,01;0,0;0,0;0,0;-0,14;0,0;-0,02;0,0;-0,07;0,0;-0,05;0,0;-0,02;0,0;-0,01;0,0;-0,01;0,0;-0,01;0,0;0,0;0,0
21.07.2026;10:30;10:45;3,22;2,32;0,0;0,0;-0,1;0,0;-0,1;0,0;0,0;0,0;-0,01;0,0;-0,04;0,0;-0,01;0,0;-0,01;0,0;0,0;0,0;-0,02;0,0;0,0;0,0;0,0;0,0;-0,01;0,0;-0,02;0,0;-0,01;0,0;-0,02;0,0;-0,02;0,0;-0,01;0,0;-0,05;0,0;-0,01;0,0;-0,38;0,0;-0,05;0,0;-0,01;0,0;-0,01;0,0;0,0;0,0;-0,01;0,0;0,0;0,0
21.07.2026;10:45;11:00;2,58;2,02;0,0;0,0;-0,04;0,0;-0,1;0,0;0,0;0,0;-0,01;0,0;-0,04;0,0;-0,02;0,0;-0,02;0,0;0,0;0,0;-0,01;0,0;-0,02;0,0;0,0;0,0;-0,02;0,0;0,0;0,0;-0,02;0,0;0,0;0,0;-0,01;0,0;-0,01;0,0;-0,05;0,0;0,0;0,0;-0,08;0,0;-0,05;0,0;-0,01;0,0;-0,02;0,0;-0,01;0,0;-0,02;0,0;0,0;0,0
21.07.2026;11:00;11:15;2,15;1,58;-0,01;0,0;-0,07;0,0;-0,08;0,0;0,0;0,0;-0,01;0,0;-0,03;0,0;-0,02;0,0;-0,01;0,0;-0,01;0,0;-0,02;0,0;0,0;0,0;0,0;0,0;0,0;0,0;-0,01;0,0;0,0;0,0;-0,01;0,0;0,0;0,0;0,0;0,0;-0,03;0,0;-0,02;0,0;-0,14;0,0;-0,05;0,0;-0,01;0,0;-0,01;0,0;-0,02;0,0;-0,01;0,0;0,0;0,0
21.07.2026;11:15;11:30;0,06;0,06;0,0;0,0;-0,02;-0,02;-0,09;-0,09;0,0;0,0;-0,01;-0,01;-0,04;-0,04;-0,03;-0,03;-0,02;-0,02;0,0;0,0;-0,01;-0,01;-0,01;-0,01;0,0;0,0;0,0;0,0;-0,01;-0,01;-0,02;-0,02;0,0;0,0;-0,01;-0,01;-0,02;-0,02;-0,04;-0,04;-0,01;-0,01;-0,35;-0,35;-0,05;-0,05;-0,01;-0,01;-0,01;-0,01;0,0;0,0;-0,01;-0,01;0,0;0,0
21.07.2026;11:30;11:45;3,28;2,8;0,0;0,0;-0,01;0,0;-0,09;0,0;0,0;0,0;0,0;0,0;-0,04;0,0;-0,03;0,0;-0,01;0,0;-0,01;0,0;-0,01;0,0;-0,01;0,0;0,0;0,0;-0,02;0,0;-0,01;0,0;0,0;0,0;-0,01;0,0;-0,02;0,0;0,0;0,0;-0,02;0,0;0,0;0,0;-0,09;0,0;-0,04;0,0;-0,02;0,0;-0,01;0,0;-0,02;0,0;-0,01;0,0;0,0;0,0
21.07.2026;11:45;12:00;4,41;3,95;0,0;0,0;0,0;0,0;-0,07;0,0;0,0;0,0;-0,01;0,0;-0,03;0,0;-0,1;0,0;-0,01;0,0;0,0;0,0;0,0;0,0;0,0;0,0;0,0;0,0;-0,01;0,0;-0,01;0,0;-0,01;0,0;-0,01;0,0;-0,01;0,0;-0,01;0,0;-0,03;0,0;-0,02;0,0;-0,03;0,0;-0,07;0,0;0,0;0,0;-0,01;0,0;-0,01;0,0;-0,01;0,0;0,0;0,0
21.07.2026;12:00;12:15;3,46;2,84;0,0;0,0;-0,01;0,0;-0,08;0,0;0,0;0,0;-0,02;0,0;-0,04;0,0;-0,17;0,0;-0,02;0,0;-0,02;0,0;0,0;0,0;-0,01;0,0;0,0;0,0;-0,01;0,0;-0,01;0,0;-0,01;0,0;-0,01;0,0;-0,01;0,0;-0,01;0,0;-0,02;0,0;0,0;0,0;-0,03;0,0;-0,05;0,0;-0,02;0,0;-0,01;0,0;-0,02;0,0;-0,04;0,0;0,0;0,0
21.07.2026;12:15;12:30;3,81;3,15;-0,01;0,0;-0,02;0,0;-0,11;0,0;0,0;0,0;0,0;0,0;-0,04;0,0;-0,06;0,0;-0,01;0,0;-0,02;0,0;-0,01;0,0;-0,01;0,0;0,0;0,0;0,0;0,0;-0,01;0,0;-0,01;0,0;-0,01;0,0;0,0;0,0;0,0;0,0;-0,02;0,0;-0,02;0,0;-0,22;0,0;-0,05;0,0;-0,01;0,0;0,0;0,0;0,0;0,0;-0,02;0,0;0,0;0,0
21.07.2026;12:30;12:45;4,3;3,61;0,0;0,0;-0,01;0,0;-0,08;0,0;0,0;0,0;0,0;0,0;-0,03;0,0;-0,05;0,0;-0,02;0,0;-0,01;0,0;-0,02;0,0;-0,01;0,0;0,0;0,0;-0,02;0,0;-0,01;0,0;-0,01;0,0;0,0;0,0;-0,01;0,0;-0,02;0,0;-0,03;0,0;-0,01;0,0;-0,29;0,0;-0,04;0,0;-0,01;0,0;0,0;0,0;-0,01;0,0;0,0;0,0;0,0;0,0
21.07.2026;12:45;13:00;4,16;3,63;0,0;0,0;-0,01;0,0;-0,14;0,0;0,0;0,0;-0,02;0,0;-0,04;0,0;-0,03;0,0;-0,01;0,0;-0,02;0,0;-0,02;0,0;0,0;0,0;0,0;0,0;-0,01;0,0;0,0;0,0;-0,01;0,0;0,0;0,0;-0,02;0,0;0,0;0,0;-0,02;0,0;0,0;0,0;-0,03;0,0;-0,05;0,0;-0,01;0,0;-0,01;0,0;-0,01;0,0;-0,07;0,0;0,0;0,0
21.07.2026;13:00;13:15;4,34;3,28;0,0;0,0;-0,02;0,0;-0,1;0,0;-0,01;0,0;-0,01;0,0;-0,03;0,0;-0,03;0,0;-0,01;0,0;-0,02;0,0;-0,01;0,0;-0,02;0,0;-0,01;0,0;0,0;0,0;-0,02;0,0;-0,01;0,0;-0,01;0,0;-0,01;0,0;0,0;0,0;-0,02;0,0;-0,02;0,0;-0,12;0,0;-0,04;0,0;-0,02;0,0;-0,01;0,0;-0,01;0,0;-0,5;0,0;0,0;0,0
21.07.2026;13:15;13:30;4,48;3,84;-0,01;0,0;-0,01;0,0;-0,09;0,0;0,0;0,0;0,0;0,0;-0,04;0,0;-0,02;0,0;-0,02;0,0;-0,01;0,0;-0,01;0,0;0,0;0,0;0,0;0,0;-0,01;0,0;0,0;0,0;-0,01;0,0;-0,05;0,0;0,0;0,0;-0,02;0,0;-0,02;0,0;0,0;0,0;-0,2;0,0;-0,05;0,0;-0,01;0,0;-0,01;0,0;-0,01;0,0;-0,04;0,0;0,0;0,0
21.07.2026;13:30;13:45;2,21;1,48;0,0;0,0;0,0;0,0;-0,13;0,0;0,0;0,0;-0,01;0,0;-0,03;0,0;-0,02;0,0;-0,01;0,0;-0,01;0,0;-0,02;0,0;-0,01;0,0;0,0;0,0;-0,02;0,0;-0,01;0,0;-0,01;0,0;-0,04;0,0;-0,01;0,0;0,0;0,0;-0,03;0,0;-0,01;0,0;-0,29;-0,02;-0,04;0,0;0,0;0,0;-0,01;0,0;-0,01;0,0;-0,03;0,0;0,0;0,0
21.07.2026;13:45;14:00;2,38;1,6;0,0;0,0;-0,01;0,0;-0,09;0,0;0,0;0,0;-0,01;0,0;-0,04;0,0;-0,02;0,0;-0,02;0,0;0,0;0,0;-0,01;0,0;-0,01;0,0;0,0;0,0;-0,01;0,0;-0,01;0,0;-0,01;0,0;-0,03;0,0;-0,01;0,0;-0,01;0,0;-0,02;0,0;-0,02;0,0;-0,23;0,0;-0,05;0,0;-0,02;0,0;-0,01;0,0;-0,02;0,0;-0,12;0,0;0,0;0,0
21.07.2026;14:00;14:15;4,29;3,72;0,0;0,0;-0,01;0,0;-0,08;0,0;0,0;0,0;-0,01;0,0;-0,04;0,0;-0,01;0,0;-0,01;0,0;0,0;0,0;-0,01;0,0;0,0;0,0;0,0;0,0;-0,05;0,0;-0,01;0,0;-0,01;0,0;-0,02;0,0;-0,02;0,0;-0,01;0,0;-0,03;0,0;0,0;0,0;-0,02;0,0;-0,04;0,0;-0,02;0,0;-0,01;0,0;-0,01;0,0;-0,15;0,0;0,0;0,0
21.07.2026;14:15;14:30;2,88;1,99;0,0;0,0;-0,01;0,0;-0,07;0,0;0,0;0,0;0,0;0,0;-0,03;0,0;-0,02;0,0;-0,01;0,0;-0,01;0,0;0,0;0,0;-0,01;0,0;0,0;0,0;-0,01;0,0;-0,32;0,0;-0,01;0,0;-0,24;0,0;-0,01;0,0;0,0;0,0;-0,02;0,0;-0,01;0,0;-0,01;0,0;-0,05;0,0;0,0;0,0;-0,01;0,0;-0,02;0,0;-0,02;0,0;0,0;0,0
21.07.2026;14:30;14:45;4,29;3,71;-0,01;0,0;-0,02;0,0;-0,11;0,0;0,0;0,0;-0,01;0,0;-0,04;0,0;-0,01;0,0;-0,02;0,0;0,0;0,0;0,0;0,0;-0,01;0,0;0,0;0,0;-0,02;0,0;-0,04;0,0;0,0;0,0;-0,1;0,0;0,0;0,0;-0,03;0,0;-0,02;0,0;-0,01;0,0;-0,02;0,0;-0,04;0,0;-0,01;0,0;-0,01;0,0;-0,04;0,0;-0,01;0,0;0,0;0,0
21.07.2026;14:45;15:00;0,79;0,27;0,0;0,0;-0,01;0,0;-0,08;0,0;0,0;0,0;-0,02;0,0;-0,03;0,0;-0,02;0,0;-0,01;0,0;-0,01;0,0;-0,01;0,0;-0,01;0,0;0,0;0,0;0,0;0,0;-0,15;-0,09;-0,02;0,0;-0,02;0,0;-0,01;0,0;0,0;0,0;-0,06;0,0;-0,01;0,0;-0,03;0,0;-0,04;0,0;-0,02;0,0;-0,01;0,0;-0,02;0,0;-0,02;0,0;0,0;0,0
21.07.2026;15:00;15:15;0,13;0,11;0,0;0,0;-0,02;-0,02;-0,13;-0,11;0,0;0,0;-0,01;-0,01;-0,03;-0,03;-0,03;-0,03;-0,04;-0,04;0,0;0,0;-0,02;-0,02;-0,01;-0,01;0,0;0,0;-0,01;-0,01;-0,08;-0,08;-0,01;-0,01;-0,03;-0,03;-0,02;-0,02;-0,03;-0,03;-0,04;-0,04;-0,01;-0,01;-0,02;-0,02;-0,05;-0,05;-0,01;-0,01;0,0;0,0;-0,02;-0,02;-0,02;-0,02;0,0;0,0
21.07.2026;15:15;15:30;1,08;0,48;0,0;0,0;-0,01;0,0;-0,15;0,0;0,0;0,0;0,0;0,0;-0,03;0,0;-0,08;0,0;-0,03;0,0;-0,01;0,0;-0,02;0,0;-0,01;0,0;0,0;0,0;-0,02;0,0;-0,01;0,0;0,0;0,0;-0,12;-0,04;-0,01;0,0;-0,01;0,0;-0,05;0,0;-0,01;0,0;-0,01;0,0;-0,04;0,0;-0,01;0,0;-0,01;0,0;0,0;0,0;0,0;0,0;0,0;0,0
21.07.2026;15:30;15:45;1,03;0,45;-0,01;0,0;0,0;0,0;-0,1;0,0;0,0;0,0;-0,01;0,0;-0,04;0,0;-0,07;0,0;-0,01;0,0;-0,02;0,0;-0,01;0,0;0,0;0,0;0,0;0,0;-0,01;0,0;-0,01;0,0;-0,02;0,0;-0,14;-0,06;-0,01;0,0;0,0;0,0;-0,05;0,0;-0,01;0,0;-0,01;0,0;-0,06;0,0;-0,01;0,0;-0,01;0,0;-0,01;0,0;-0,02;0,0;0,0;0,0
21.07.2026;15:45;16:00;1,03;0,28;0,0;0,0;-0,01;0,0;-0,28;-0,05;-0,01;0,0;-0,01;0,0;-0,03;0,0;-0,03;0,0;-0,01;0,0;-0,02;0,0;-0,01;0,0;-0,06;0,0;0,0;0,0;-0,01;0,0;-0,01;0,0;0,0;0,0;-0,14;-0,07;0,0;0,0;0,0;0,0;-0,04;0,0;-0,01;0,0;-0,03;0,0;-0,05;0,0;-0,02;0,0;-0,18;-0,11;-0,01;0,0;-0,01;0,0;0,0;0,0
21.07.2026;16:00;16:15;1,56;0,66;0,0;0,0;-0,01;0,0;-0,24;0,0;-0,01;0,0;-0,01;0,0;-0,05;0,0;-0,04;0,0;-0,02;0,0;-0,01;0,0;-0,02;0,0;-0,02;0,0;0,0;0,0;0,0;0,0;-0,01;0,0;-0,01;0,0;-0,15;-0,01;-0,02;0,0;0,0;0,0;-0,05;0,0;-0,01;0,0;-0,02;0,0;-0,04;0,0;0,0;0,0;-0,17;-0,03;-0,02;0,0;-0,01;0,0;0,0;0,0
21.07.2026;16:15;16:30;1,91;0,97;0,0;0,0;-0,07;0,0;-0,16;0,0;0,0;0,0;0,0;0,0;-0,04;0,0;-0,03;0,0;-0,01;0,0;-0,02;0,0;-0,01;0,0;-0,02;0,0;0,0;0,0;-0,02;0,0;-0,01;0,0;-0,02;0,0;-0,17;0,0;-0,02;0,0;0,0;0,0;-0,05;0,0;-0,01;0,0;-0,01;0,0;-0,04;0,0;-0,02;0,0;-0,39;-0,2;-0,01;0,0;-0,01;0,0;0,0;0,0
21.07.2026;16:30;16:45;1,93;1,29;-0,01;0,0;-0,02;0,0;-0,1;0,0;-0,01;0,0;-0,01;0,0;-0,04;0,0;-0,09;0,0;-0,01;0,0;-0,02;0,0;-0,01;0,0;-0,02;0,0;0,0;0,0;-0,01;0,0;-0,02;0,0;0,0;0,0;-0,03;0,0;-0,01;0,0;-0,01;0,0;-0,04;0,0;-0,01;0,0;-0,02;0,0;-0,05;0,0;-0,01;0,0;-0,06;0,0;-0,02;0,0;-0,01;0,0;0,0;0,0
21.07.2026;16:45;17:00;1,96;1,07;0,0;0,0;-0,3;-0,08;-0,09;0,0;0,0;0,0;-0,01;0,0;-0,04;0,0;-0,26;-0,04;-0,02;0,0;-0,01;0,0;0,0;0,0;-0,03;0,0;0,0;0,0;-0,01;0,0;-0,03;0,0;-0,01;0,0;-0,03;0,0;-0,01;0,0;0,0;0,0;-0,03;0,0;-0,01;0,0;-0,01;0,0;-0,05;0,0;-0,01;0,0;-0,04;0,0;0,0;0,0;-0,01;0,0;0,0;0,0
21.07.2026;17:00;17:15;1,61;0,9;0,0;0,0;-0,29;-0,12;-0,09;0,0;0,0;0,0;-0,01;0,0;-0,04;0,0;-0,1;0,0;-0,01;0,0;0,0;0,0;0,0;0,0;-0,02;0,0;0,0;0,0;-0,01;0,0;-0,03;0,0;-0,01;0,0;-0,03;0,0;-0,01;0,0;0,0;0,0;-0,02;0,0;-0,01;0,0;-0,02;0,0;-0,05;0,0;-0,01;0,0;-0,04;0,0;-0,01;0,0;-0,02;0,0;0,0;0,0
21.07.2026;17:15;17:30;1,29;0,6;0,0;0,0;-0,06;0,0;-0,12;0,0;0,0;0,0;-0,01;0,0;-0,04;0,0;-0,08;0,0;-0,02;0,0;-0,01;0,0;-0,02;0,0;-0,02;0,0;0,0;0,0;-0,05;0,0;-0,04;0,0;-0,01;0,0;-0,01;0,0;-0,01;0,0;0,0;0,0;-0,02;0,0;-0,01;0,0;-0,03;0,0;-0,04;0,0;-0,02;0,0;-0,05;0,0;-0,02;0,0;0,0;0,0;0,0;0,0
21.07.2026;17:30;17:45;1,22;0,45;0,0;0,0;-0,14;-0,04;-0,2;0,0;0,0;0,0;0,0;0,0;-0,04;0,0;-0,1;0,0;-0,01;0,0;0,0;0,0;-0,01;0,0;-0,02;0,0;0,0;0,0;-0,08;0,0;-0,02;0,0;-0,01;0,0;-0,01;0,0;-0,01;0,0;0,0;0,0;-0,02;0,0;-0,01;0,0;-0,01;0,0;-0,05;0,0;-0,01;0,0;-0,04;0,0;0,0;0,0;-0,02;0,0;0,0;0,0
21.07.2026;17:45;18:00;1,15;0,42;-0,01;0,0;-0,22;-0,13;-0,22;0,0;0,0;0,0;-0,02;0,0;-0,03;0,0;-0,07;0,0;-0,01;0,0;0,0;0,0;-0,02;0,0;-0,02;0,0;0,0;0,0;-0,02;0,0;-0,01;0,0;-0,01;0,0;-0,01;0,0;-0,02;0,0;0,0;0,0;-0,02;0,0;-0,01;0,0;-0,01;0,0;-0,04;0,0;-0,01;0,0;-0,05;0,0;-0,02;0,0;-0,01;0,0;0,0;0,0
21.07.2026;18:00;18:15;0,93;0,27;0,0;0,0;-0,09;-0,02;-0,13;0,0;0,0;0,0;-0,01;0,0;-0,04;0,0;-0,08;-0,01;-0,02;0,0;-0,01;0,0;-0,01;0,0;-0,03;0,0;-0,01;0,0;-0,03;0,0;-0,01;0,0;-0,01;0,0;-0,01;0,0;-0,02;0,0;0,0;0,0;-0,02;0,0;0,0;0,0;-0,01;0,0;-0,04;0,0;-0,01;0,0;-0,09;-0,02;-0,02;0,0;-0,01;0,0;0,0;0,0
21.07.2026;18:15;18:30;0,74;0,21;0,0;0,0;-0,02;0,0;-0,27;-0,12;0,0;0,0;0,0;0,0;-0,04;0,0;-0,01;0,0;-0,01;0,0;-0,01;0,0;-0,01;0,0;-0,02;0,0;0,0;0,0;-0,03;0,0;0,0;0,0;-0,01;0,0;-0,02;0,0;-0,02;0,0;0,0;0,0;-0,02;0,0;-0,01;0,0;-0,03;0,0;-0,05;-0,01;-0,02;0,0;-0,1;-0,06;-0,01;0,0;-0,01;0,0;0,0;0,0
21.07.2026;18:30;18:45;0,22;0,17;0,0;0,0;-0,01;-0,01;-0,13;-0,08;0,0;0,0;-0,01;-0,01;-0,04;-0,04;-0,05;-0,05;-0,06;-0,06;0,0;0,0;-0,02;-0,02;-0,02;-0,02;0,0;0,0;-0,02;-0,02;-0,01;-0,01;-0,01;-0,01;-0,02;-0,02;-0,03;-0,03;0,0;0,0;-0,02;-0,02;-0,01;-0,01;-0,02;-0,02;-0,04;-0,04;-0,01;-0,01;-0,03;-0,03;0,0;0,0;-0,01;-0,01;0,0;0,0
21.07.2026;18:45;19:00;0,0;0,0;-0,01;-0,01;-0,03;-0,03;-0,23;-0,23;0,0;0,0;-0,01;-0,01;-0,04;-0,04;-0,05;-0,05;-0,03;-0,03;-0,02;-0,02;-0,01;-0,01;-0,03;-0,03;0,0;0,0;-0,05;-0,05;-0,03;-0,03;-0,01;-0,01;0,0;0,0;-0,04;-0,04;-0,01;-0,01;-0,02;-0,02;-0,01;-0,01;-0,01;-0,01;-0,05;-0,05;-0,01;-0,01;-0,01;-0,01;-0,01;-0,01;-0,01;-0,01;0,0;0,0
21.07.2026;19:00;19:15;0,01;0,01;0,0;0,0;-0,02;-0,02;-0,3;-0,3;0,0;0,0;-0,01;-0,01;-0,03;-0,03;-0,02;-0,02;-0,03;-0,03;-0,02;-0,02;0,0;0,0;-0,02;-0,02;0,0;0,0;-0,02;-0,02;-0,03;-0,03;-0,03;-0,03;-0,01;-0,01;-0,04;-0,04;0,0;0,0;-0,02;-0,02;-0,01;-0,01;-0,01;-0,01;-0,04;-0,04;-0,01;-0,01;-0,01;-0,01;-0,02;-0,02;-0,01;-0,01;0,0;0,0
21.07.2026;19:15;19:30;0,37;0,13;0,0;0,0;-0,02;-0,01;-0,2;-0,13;0,0;0,0;0,0;0,0;-0,04;-0,03;-0,38;-0,37;-0,22;-0,21;-0,02;-0,01;0,0;0,0;-0,03;-0,02;0,0;0,0;-0,03;-0,02;-0,03;-0,02;-0,03;-0,02;0,0;0,0;-0,05;-0,04;0,0;0,0;-0,04;-0,03;-0,26;-0,25;-0,02;-0,01;-0,04;-0,03;-0,02;-0,01;-0,01;0,0;0,0;0,0;-0,07;-0,06;0,0;0,0
21.07.2026;19:30;19:45;0,38;0,11;0,0;0,0;-0,06;-0,05;-0,12;-0,06;0,0;0,0;-0,01;0,0;-0,04;-0,03;-0,03;-0,02;-0,16;-0,15;-0,02;-0,01;-0,01;0,0;-0,02;-0,01;0,0;0,0;-0,02;-0,01;-0,02;-0,01;-0,03;-0,02;-0,02;-0,01;-0,02;-0,01;0,0;0,0;-0,05;-0,04;-0,33;-0,32;-0,02;-0,01;-0,05;-0,04;-0,02;-0,01;-0,02;-0,01;-0,02;-0,01;-0,05;-0,04;0,0;0,0
21.07.2026;19:45;20:00;0,24;0,18;0,0;0,0;-0,14;-0,14;-0,14;-0,08;0,0;0,0;-0,02;-0,02;-0,03;-0,03;-0,03;-0,03;-0,1;-0,1;-0,02;-0,02;-0,02;-0,02;-0,02;-0,02;0,0;0,0;-0,02;-0,02;-0,03;-0,03;-0,02;-0,02;-0,01;-0,01;-0,01;-0,01;0,0;0,0;-0,03;-0,03;-0,06;-0,06;-0,03;-0,03;-0,04;-0,04;-0,03;-0,03;-0,01;-0,01;-0,01;-0,01;-0,06;-0,06;0,0;0,0
21.07.2026;20:00;20:15;0,14;0,11;-0,01;-0,01;-0,05;-0,05;-0,13;-0,1;0,0;0,0;0,0;0,0;-0,04;-0,04;-0,27;-0,27;-0,08;-0,08;-0,15;-0,15;-0,01;-0,01;-0,03;-0,03;0,0;0,0;-0,1;-0,1;-0,03;-0,03;-0,04;-0,04;-0,03;-0,03;-0,24;-0,24;0,0;0,0;-0,04;-0,04;-0,03;-0,03;-0,01;-0,01;-0,04;-0,04;-0,04;-0,04;-0,01;-0,01;-0,02;-0,02;-0,07;-0,07;0,0;0,0
21.07.2026;20:15;20:30;0,05;0,05;0,0;0,0;-0,04;-0,04;-0,2;-0,2;0,0;0,0;-0,01;-0,01;-0,03;-0,03;-0,13;-0,13;-0,07;-0,07;-0,04;-0,04;-0,02;-0,02;-0,03;-0,03;0,0;0,0;-0,09;-0,09;-0,04;-0,04;-0,04;-0,04;-0,02;-0,02;-0,31;-0,31;0,0;0,0;-0,05;-0,05;-0,02;-0,02;-0,01;-0,01;-0,05;-0,05;-0,2;-0,2;-0,01;-0,01;-0,58;-0,58;-0,05;-0,05;0,0;0,0
21.07.2026;20:30;20:45;0,02;0,02;0,0;0,0;-0,04;-0,04;-0,12;-0,12;0,0;0,0;-0,01;-0,01;-0,04;-0,04;-0,02;-0,02;-0,11;-0,11;-0,05;-0,05;-0,01;-0,01;-0,03;-0,03;0,0;0,0;-0,08;-0,08;-0,1;-0,1;-0,02;-0,02;-0,02;-0,02;-0,34;-0,34;0,0;0,0;-0,03;-0,03;-0,08;-0,08;-0,01;-0,01;-0,04;-0,04;-0,02;-0,02;0,0;0,0;-0,36;-0,36;-0,04;-0,04;0,0;0,0
21.07.2026;20:45;21:00;0,01;0,01;0,0;0,0;-0,04;-0,04;-0,11;-0,11;0,0;0,0;-0,01;-0,01;-0,04;-0,04;-0,04;-0,04;-0,07;-0,07;-0,28;-0,28;-0,01;-0,01;-0,03;-0,03;0,0;0,0;-0,07;-0,07;-0,05;-0,05;-0,03;-0,03;-0,02;-0,02;-0,38;-0,38;0,0;0,0;-0,02;-0,02;-0,02;-0,02;-0,02;-0,02;-0,04;-0,04;-0,02;-0,02;-0,01;-0,01;-0,11;-0,11;-0,07;-0,07;0,0;0,0
21.07.2026;21:00;21:15;0,0;0,0;-0,01;-0,01;-0,05;-0,05;-0,13;-0,13;0,0;0,0;-0,01;-0,01;-0,03;-0,03;-0,03;-0,03;-0,05;-0,05;-0,03;-0,03;-0,02;-0,02;-0,02;-0,02;0,0;0,0;-0,28;-0,28;-0,04;-0,04;-0,02;-0,02;-0,07;-0,07;-0,39;-0,39;0,0;0,0;-0,02;-0,02;-0,02;-0,02;-0,03;-0,03;-0,02;-0,02;-0,01;-0,01;0,0;0,0;-0,07;-0,07;-0,05;-0,05;0,0;0,0
21.07.2026;21:15;21:30;0,0;0,0;0,0;0,0;-0,04;-0,04;-0,1;-0,1;0,0;0,0;0,0;0,0;-0,04;-0,04;-0,03;-0,03;-0,03;-0,03;-0,04;-0,04;-0,01;-0,01;-0,04;-0,04;0,0;0,0;-0,39;-0,39;-0,05;-0,05;-0,03;-0,03;-0,05;-0,05;-0,24;-0,24;-0,01;-0,01;-0,13;-0,13;-0,03;-0,03;-0,01;-0,01;-0,01;-0,01;-0,03;-0,03;-0,01;-0,01;-0,05;-0,05;-0,04;-0,04;0,0;0,0
21.07.2026;21:30;21:45;0,0;0,0;0,0;0,0;-0,04;-0,04;-0,1;-0,1;-0,01;-0,01;-0,01;-0,01;-0,03;-0,03;-0,03;-0,03;-0,05;-0,05;-0,03;-0,03;0,0;0,0;-0,03;-0,03;0,0;0,0;-0,23;-0,23;-0,05;-0,05;-0,02;-0,02;-0,06;-0,06;-0,31;-0,31;0,0;0,0;-0,1;-0,1;-0,02;-0,02;-0,01;-0,01;-0,01;-0,01;-0,01;-0,01;-0,01;-0,01;-0,04;-0,04;-0,05;-0,05;0,0;0,0
21.07.2026;21:45;22:00;0,0;0,0;0,0;0,0;-0,04;-0,04;-0,11;-0,11;0,0;0,0;-0,02;-0,02;-0,04;-0,04;-0,02;-0,02;-0,05;-0,05;-0,01;-0,01;0,0;0,0;-0,02;-0,02;0,0;0,0;-0,28;-0,28;-0,05;-0,05;-0,01;-0,01;-0,1;-0,1;-0,29;-0,29;0,0;0,0;-0,05;-0,05;-0,02;-0,02;-0,02;-0,02;-0,01;-0,01;0,0;0,0;-0,01;-0,01;-0,05;-0,05;-0,05;-0,05;0,0;0,0
21.07.2026;22:00;22:15;0,0;0,0;0,0;0,0;-0,05;-0,05;-0,13;-0,13;0,0;0,0;0,0;0,0;-0,03;-0,03;-0,04;-0,04;-0,03;-0,03;-0,01;-0,01;-0,01;-0,01;-0,04;-0,04;0,0;0,0;-0,05;-0,05;-0,05;-0,05;-0,01;-0,01;-0,08;-0,08;-0,22;-0,22;0,0;0,0;-0,02;-0,02;-0,03;-0,03;-0,08;-0,08;-0,01;-0,01;-0,01;-0,01;-0,01;-0,01;-0,03;-0,03;-0,04;-0,04;0,0;0,0
21.07.2026;22:15;22:30;0,0;0,0;-0,01;-0,01;-0,04;-0,04;-0,13;-0,13;0,0;0,0;0,0;0,0;-0,04;-0,04;-0,02;-0,02;-0,08;-0,08;-0,02;-0,02;-0,02;-0,02;-0,02;-0,02;0,0;0,0;-0,05;-0,05;-0,05;-0,05;-0,01;-0,01;-0,09;-0,09;-0,18;-0,18;0,0;0,0;-0,02;-0,02;-0,02;-0,02;-0,05;-0,05;-0,01;-0,01;-0,01;-0,01;-0,02;-0,02;-0,27;-0,27;-0,06;-0,06;0,0;0,0
21.07.2026;22:30;22:45;0,0;0,0;0,0;0,0;-0,03;-0,03;-0,12;-0,12;0,0;0,0;-0,02;-0,02;-0,03;-0,03;-0,04;-0,04;-0,06;-0,06;-0,01;-0,01;-0,01;-0,01;-0,02;-0,02;0,0;0,0;-0,03;-0,03;-0,05;-0,05;-0,01;-0,01;-0,03;-0,03;-0,08;-0,08;0,0;0,0;-0,06;-0,06;-0,02;-0,02;-0,04;-0,04;-0,01;-0,01;-0,02;-0,02;-0,01;-0,01;-0,26;-0,26;-0,04;-0,04;0,0;0,0
21.07.2026;22:45;23:00;0,0;0,0;0,0;0,0;-0,01;-0,01;-0,11;-0,11;0,0;0,0;-0,01;-0,01;-0,03;-0,03;-0,03;-0,03;-0,01;-0,01;-0,02;-0,02;-0,02;-0,02;-0,02;-0,02;0,0;0,0;-0,01;-0,01;-0,02;-0,02;-0,01;-0,01;-0,02;-0,02;-0,24;-0,24;0,0;0,0;-0,04;-0,04;-0,01;-0,01;-0,01;-0,01;-0,01;-0,01;-0,01;-0,01;-0,01;-0,01;-0,21;-0,21;-0,04;-0,04;0,0;0,0
21.07.2026;23:00;23:15;0,0;0,0;0,0;0,0;-0,01;-0,01;-0,09;-0,09;0,0;0,0;0,0;0,0;-0,03;-0,03;-0,03;-0,03;-0,02;-0,02;-0,01;-0,01;-0,01;-0,01;-0,01;-0,01;-0,01;-0,01;-0,01;-0,01;-0,02;-0,02;-0,01;-0,01;-0,01;-0,01;-0,07;-0,07;0,0;0,0;-0,03;-0,03;-0,02;-0,02;-0,02;-0,02;-0,02;-0,02;0,0;0,0;-0,02;-0,02;-0,23;-0,23;-0,04;-0,04;0,0;0,0
21.07.2026;23:15;23:30;0,0;0,0;-0,01;-0,01;-0,01;-0,01;-0,1;-0,1;0,0;0,0;-0,01;-0,01;-0,04;-0,04;-0,03;-0,03;-0,02;-0,02;-0,01;-0,01;-0,01;-0,01;-0,01;-0,01;0,0;0,0;-0,02;-0,02;-0,01;-0,01;-0,01;-0,01;-0,02;-0,02;-0,05;-0,05;0,0;0,0;-0,02;-0,02;-0,01;-0,01;-0,02;-0,02;0,0;0,0;-0,01;-0,01;-0,01;-0,01;-0,01;-0,01;-0,04;-0,04;0,0;0,0
21.07.2026;23:30;23:45;0,0;0,0;0,0;0,0;-0,01;-0,01;-0,09;-0,09;0,0;0,0;-0,01;-0,01;-0,03;-0,03;-0,03;-0,03;-0,01;-0,01;-0,03;-0,03;-0,02;-0,02;-0,01;-0,01;0,0;0,0;-0,01;-0,01;-0,01;-0,01;-0,01;-0,01;-0,02;-0,02;-0,03;-0,03;0,0;0,0;-0,03;-0,03;-0,01;-0,01;-0,03;-0,03;-0,01;-0,01;-0,02;-0,02;-0,01;-0,01;-0,02;-0,02;-0,03;-0,03;0,0;0,0
21.07.2026;23:45;00:00;0,0;0,0;0,0;0,0;-0,01;-0,01;-0,09;-0,09;0,0;0,0;-0,01;-0,01;-0,04;-0,04;-0,03;-0,03;-0,01;-0,01;-0,01;-0,01;0,0;0,0;0,0;0,0;0,0;0,0;0,0;0,0;0,0;0,0;-0,01;-0,01;-0,03;-0,03;-0,02;-0,02;-0,01;-0,01;-0,03;-0,03;-0,01;-0,01;-0,01;-0,01;-0,01;-0,01;-0,01;-0,01;0,0;0,0;-0,02;-0,02;-0,02;-0,02;0,0;0,0
22.07.2026;00:00;00:15;0,0;0,0;0,0;0,0;0,0;0,0;-0,09;-0,09;0,0;0,0;0,0;0,0;-0,05;-0,05;-0,01;-0,01;-0,02;-0,02;-0,02;-0,02;0,0;0,0;-0,02;-0,02;0,0;0,0;-0,02;-0,02;-0,01;-0,01;-0,01;-0,01;-0,02;-0,02;-0,02;-0,02;0,0;0,0;-0,02;-0,02;-0,01;-0,01;-0,01;-0,01;-0,01;-0,01;0,0;0,0;0,0;0,0;-0,01;-0,01;-0,01;-0,01;0,0;0,0
22.07.2026;00:15;00:30;0,0;0,0;0,0;0,0;-0,01;-0,01;-0,09;-0,09;0,0;0,0;-0,01;-0,01;-0,03;-0,03;-0,03;-0,03;-0,01;-0,01;-0,02;-0,02;-0,01;-0,01;0,0;0,0;0,0;0,0;-0,01;-0,01;-0,02;-0,02;-0,02;-0,02;-0,02;-0,02;-0,03;-0,03;0,0;0,0;-0,02;-0,02;-0,01;-0,01;-0,01;-0,01;-0,02;-0,02;-0,01;-0,01;-0,01;-0,01;-0,02;-0,02;-0,01;-0,01;0,0;0,0
22.07.2026;00:30;00:45;0,0;0,0;-0,01;-0,01;0,0;0,0;-0,16;-0,16;0,0;0,0;-0,02;-0,02;-0,05;-0,05;-0,05;-0,05;-0,02;-0,02;-0,01;-0,01;-0,01;-0,01;-0,01;-0,01;0,0;0,0;0,0;0,0;-0,01;-0,01;0,0;0,0;0,0;0,0;-0,01;-0,01;0,0;0,0;-0,02;-0,02;-0,01;-0,01;-0,03;-0,03;0,0;0,0;-0,01;-0,01;-0,01;-0,01;-0,02;-0,02;-0,02;-0,02;0,0;0,0
22.07.2026;00:45;01:00;0,0;0,0;0,0;0,0;-0,01;-0,01;-0,24;-0,24;0,0;0,0;0,0;0,0;-0,04;-0,04;-0,03;-0,03;-0,02;-0,02;-0,01;-0,01;-0,02;-0,02;-0,01;-0,01;0,0;0,0;-0,01;-0,01;-0,01;-0,01;-0,02;-0,02;-0,02;-0,02;-0,01;-0,01;0,0;0,0;-0,02;-0,02;-0,01;-0,01;-0,02;-0,02;-0,02;-0,02;-0,01;-0,01;-0,01;-0,01;-0,01;-0,01;0,0;0,0;0,0;0,0
22.07.2026;01:00;01:15;0,0;0,0;0,0;0,0;-0,01;-0,01;-0,24;-0,24;0,0;0,0;-0,01;-0,01;-0,03;-0,03;-0,02;-0,02;0,0;0,0;-0,01;-0,01;-0,01;-0,01;-0,01;-0,01;0,0;0,0;-0,02;-0,02;0,0;0,0;-0,01;-0,01;-0,01;-0,01;-0,01;-0,01;0,0;0,0;-0,02;-0,02;0,0;0,0;-0,02;-0,02;-0,01;-0,01;-0,01;-0,01;-0,02;-0,02;-0,01;-0,01;-0,02;-0,02;0,0;0,0
22.07.2026;01:15;01:30;0,0;0,0;0,0;0,0;-0,02;-0,02;-0,17;-0,17;0,0;0,0;-0,01;-0,01;-0,04;-0,04;-0,02;-0,02;-0,02;-0,02;0,0;0,0;-0,02;-0,02;0,0;0,0;0,0;0,0;-0,01;-0,01;-0,02;-0,02;0,0;0,0;-0,01;-0,01;-0,02;-0,02;0,0;0,0;-0,02;-0,02;-0,02;-0,02;-0,01;-0,01;0,0;0,0;-0,01;-0,01;-0,01;-0,01;-0,01;-0,01;-0,01;-0,01;0,0;0,0
22.07.2026;01:30;01:45;0,0;0,0;-0,01;-0,01;0,0;0,0;-0,19;-0,19;0,0;0,0;-0,01;-0,01;-0,04;-0,04;-0,02;-0,02;-0,02;-0,02;0,0;0,0;-0,01;-0,01;-0,02;-0,02;0,0;0,0;0,0;0,0;-0,01;-0,01;-0,01;-0,01;0,0;0,0;-0,01;-0,01;0,0;0,0;-0,02;-0,02;0,0;0,0;-0,01;-0,01;-0,02;-0,02;-0,01;-0,01;-0,01;-0,01;-0,01;-0,01;-0,01;-0,01;0,0;0,0
22.07.2026;01:45;02:00;0,0;0,0;0,0;0,0;-0,01;-0,01;-0,24;-0,24;0,0;0,0;-0,01;-0,01;-0,04;-0,04;-0,02;-0,02;-0,01;-0,01;-0,01;-0,01;-0,01;-0,01;0,0;0,0;0,0;0,0;-0,01;-0,01;0,0;0,0;-0,01;-0,01;0,0;0,0;-0,01;-0,01;-0,01;-0,01;-0,02;-0,02;-0,01;-0,01;-0,02;-0,02;-0,01;-0,01;-0,01;-0,01;0,0;0,0;-0,01;-0,01;-0,01;-0,01;0,0;0,0
22.07.2026;02:00;02:15;0,0;0,0;0,0;0,0;0,0;0,0;-0,23;-0,23;0,0;0,0;0,0;0,0;-0,03;-0,03;-0,01;-0,01;-0,02;-0,02;0,0;0,0;-0,01;-0,01;-0,01;-0,01;0,0;0,0;-0,02;-0,02;-0,02;-0,02;-0,01;-0,01;-0,01;-0,01;-0,01;-0,01;0,0;0,0;-0,02;-0,02;-0,02;-0,02;-0,03;-0,03;0,0;0,0;0,0;0,0;-0,01;-0,01;-0,01;-0,01;-0,01;-0,01;0,0;0,0
22.07.2026;02:15;02:30;0,0;0,0;0,0;0,0;-0,01;-0,01;-0,16;-0,16;0,0;0,0;-0,01;-0,01;-0,04;-0,04;-0,01;-0,01;-0,01;-0,01;-0,01;-0,01;0,0;0,0;-0,01;-0,01;0,0;0,0;0,0;0,0;-0,01;-0,01;-0,02;-0,02;-0,01;-0,01;-0,01;-0,01;0,0;0,0;-0,02;-0,02;0,0;0,0;-0,01;-0,01;-0,02;-0,02;-0,02;-0,02;0,0;0,0;-0,01;-0,01;-0,01;-0,01;0,0;0,0
22.07.2026;02:30;02:45;0,0;0,0;-0,01;-0,01;-0,01;-0,01;-0,09;-0,09;-0,01;-0,01;-0,01;-0,01;-0,04;-0,04;-0,01;-0,01;-0,01;-0,01;-0,01;-0,01;0,0;0,0;0,0;0,0;0,0;0,0;-0,01;-0,01;-0,01;-0,01;0,0;0,0;-0,02;-0,02;-0,02;-0,02;0,0;0,0;-0,03;-0,03;0,0;0,0;-0,01;-0,01;-0,01;-0,01;-0,01;-0,01;-0,01;-0,01;-0,02;-0,02;-0,02;-0,02;0,0;0,0
22.07.2026;02:45;03:00;0,0;0,0;0,0;0,0;-0,01;-0,01;-0,08;-0,08;0,0;0,0;-0,01;-0,01;-0,03;-0,03;-0,01;-0,01;-0,02;-0,02;-0,02;-0,02;-0,02;-0,02;-0,02;-0,02;0,0;0,0;-0,01;-0,01;-0,01;-0,01;-0,01;-0,01;0,0;0,0;-0,01;-0,01;0,0;0,0;-0,02;-0,02;-0,02;-0,02;-0,01;-0,01;-0,01;-0,01;-0,01;-0,01;-0,01;-0,01;-0,01;-0,01;-0,01;-0,01;0,0;0,0
22.07.2026;03:00;03:15;0,0;0,0;0,0;0,0;-0,02;-0,02;-0,08;-0,08;0,0;0,0;0,0;0,0;-0,04;-0,04;-0,01;-0,01;-0,01;-0,01;-0,02;-0,02;-0,02;-0,02;0,0;0,0;0,0;0,0;-0,01;-0,01;-0,01;-0,01;-0,02;-0,02;0,0;0,0;-0,01;-0,01;0,0;0,0;-0,02;-0,02;-0,01;-0,01;-0,02;-0,02;-0,01;-0,01;0,0;0,0;-0,01;-0,01;-0,01;-0,01;-0,01;-0,01;0,0;0,0
22.07.2026;03:15;03:30;0,0;0,0;0,0;0,0;-0,01;-0,01;-0,09;-0,09;0,0;0,0;-0,02;-0,02;-0,04;-0,04;-0,01;-0,01;-0,02;-0,02;-0,02;-0,02;-0,01;-0,01;-0,01;-0,01;0,0;0,0;-0,01;-0,01;0,0;0,0;0,0;0,0;-0,01;-0,01;0,0;0,0;0,0;0,0;-0,02;-0,02;0,0;0,0;-0,03;-0,03;-0,02;-0,02;-0,01;-0,01;-0,01;-0,01;-0,01;-0,01;-0,01;-0,01;0,0;0,0
22.07.2026;03:30;03:45;0,0;0,0;0,0;0,0;0,0;0,0;-0,08;-0,08;0,0;0,0;-0,01;-0,01;-0,03;-0,03;-0,01;-0,01;-0,04;-0,04;-0,01;-0,01;-0,02;-0,02;-0,01;-0,01;0,0;0,0;0,0;0,0;-0,01;-0,01;-0,02;-0,02;-0,01;-0,01;-0,01;-0,01;0,0;0,0;-0,02;-0,02;-0,02;-0,02;-0,02;-0,02;-0,03;-0,03;-0,02;-0,02;-0,01;-0,01;-0,01;-0,01;-0,01;-0,01;0,0;0,0
22.07.2026;03:45;04:00;0,0;0,0;-0,01;-0,01;-0,01;-0,01;-0,08;-0,08;0,0;0,0;0,0;0,0;-0,04;-0,04;-0,01;-0,01;-0,01;-0,01;-0,02;-0,02;-0,01;-0,01;0,0;0,0;0,0;0,0;-0,02;-0,02;-0,01;-0,01;-0,01;-0,01;-0,01;-0,01;-0,02;-0,02;-0,01;-0,01;-0,02;-0,02;0,0;0,0;-0,01;-0,01;-0,01;-0,01;-0,01;-0,01;-0,01;-0,01;-0,01;-0,01;-0,01;-0,01;0,0;0,0
22.07.2026;04:00;04:15;0,0;0,0;0,0;0,0;0,0;0,0;-0,08;-0,08;0,0;0,0;-0,01;-0,01;-0,03;-0,03;-0,01;-0,01;-0,02;-0,02;-0,01;-0,01;-0,01;-0,01;-0,01;-0,01;-0,01;-0,01;-0,01;-0,01;-0,01;-0,01;0,0;0,0;-0,01;-0,01;-0,01;-0,01;0,0;0,0;-0,02;-0,02;-0,01;-0,01;-0,01;-0,01;-0,02;-0,02;0,0;0,0;0,0;0,0;-0,01;-0,01;-0,01;-0,01;0,0;0,0
22.07.2026;04:15;04:30;0,0;0,0;0,0;0,0;-0,01;-0,01;-0,09;-0,09;0,0;0,0;-0,01;-0,01;-0,04;-0,04;-0,01;-0,01;-0,02;-0,02;-0,01;-0,01;0,0;0,0;-0,01;-0,01;0,0;0,0;-0,01;-0,01;-0,01;-0,01;-0,02;-0,02;0,0;0,0;-0,02;-0,02;0,0;0,0;-0,02;-0,02;-0,01;-0,01;-0,01;-0,01;-0,01;-0,01;-0,01;-0,01;-0,01;-0,01;-0,02;-0,02;-0,01;-0,01;0,0;0,0
22.07.2026;04:30;04:45;0,0;0,0;0,0;0,0;-0,02;-0,02;-0,08;-0,08;0,0;0,0;-0,01;-0,01;-0,03;-0,03;-0,01;-0,01;-0,01;-0,01;0,0;0,0;0,0;0,0;-0,01;-0,01;0,0;0,0;0,0;0,0;-0,01;-0,01;0,0;0,0;0,0;0,0;-0,01;-0,01;0,0;0,0;-0,02;-0,02;-0,01;-0,01;-0,03;-0,03;-0,02;-0,02;-0,01;-0,01;-0,01;-0,01;-0,01;-0,01;-0,02;-0,02;0,0;0,0
22.07.2026;04:45;05:00;0,0;0,0;-0,01;-0,01;-0,01;-0,01;-0,1;-0,1;0,0;0,0;0,0;0,0;-0,04;-0,04;-0,01;-0,01;-0,01;-0,01;0,0;0,0;-0,01;-0,01;-0,01;-0,01;0,0;0,0;-0,02;-0,02;-0,02;-0,02;-0,01;-0,01;-0,01;-0,01;-0,04;-0,04;0,0;0,0;-0,02;-0,02;-0,01;-0,01;-0,02;-0,02;0,0;0,0;-0,01;-0,01;-0,01;-0,01;-0,01;-0,01;0,0;0,0;0,0;0,0
22.07.2026;05:00;05:15;0,0;0,0;0,0;0,0;-0,01;-0,01;-0,08;-0,08;0,0;0,0;-0,01;-0,01;-0,04;-0,04;0,0;0,0;-0,01;-0,01;-0,01;-0,01;-0,02;-0,02;-0,01;-0,01;0,0;0,0;-0,01;-0,01;-0,02;-0,02;-0,01;-0,01;-0,01;-0,01;-0,03;-0,03;0,0;0,0;-0,02;-0,02;-0,01;-0,01;-0,01;-0,01;-0,02;-0,02;-0,01;-0,01;-0,01;-0,01;-0,01;-0,01;-0,01;-0,01;0,0;0,0
22.07.2026;05:15;05:30;0,0;0,0;0,0;0,0;-0,01;-0,01;-0,09;-0,09;0,0;0,0;-0,01;-0,01;-0,03;-0,03;-0,01;-0,01;-0,02;-0,02;0,0;0,0;-0,01;-0,01;0,0;0,0;0,0;0,0;0,0;0,0;-0,03;-0,03;-0,01;-0,01;-0,01;-0,01;-0,02;-0,02;0,0;0,0;-0,02;-0,02;-0,01;-0,01;-0,02;-0,02;-0,01;-0,01;0,0;0,0;-0,01;-0,01;-0,01;-0,01;-0,02;-0,02;0,0;0,0
22.07.2026;05:30;05:45;0,02;0,02;0,0;0,0;0,0;0,0;-0,13;-0,13;0,0;0,0;-0,01;-0,01;-0,04;-0,04;-0,04;-0,04;-0,01;-0,01;-0,01;-0,01;-0,02;-0,02;-0,02;-0,02;0,0;0,0;-0,01;-0,01;-0,03;-0,03;-0,01;-0,01;-0,01;-0,01;-0,02;-0,02;0,0;0,0;-0,02;-0,02;-0,01;-0,01;-0,01;-0,01;-0,01;-0,01;-0,02;-0,02;-0,01;-0,01;-0,01;-0,01;0,0;0,0;0,0;0,0
22.07.2026;05:45;06:00;0,04;0,04;0,0;0,0;-0,01;-0,01;-0,1;-0,1;0,0;0,0;0,0;0,0;-0,03;-0,03;-0,02;-0,02;-0,02;-0,02;0,0;0,0;-0,01;-0,01;-0,05;-0,05;0,0;0,0;-0,02;-0,02;-0,02;-0,02;0,0;0,0;0,0;0,0;-0,03;-0,03;-0,01;-0,01;-0,02;-0,02;-0,01;-0,01;-0,02;-0,02;-0,01;-0,01;-0,01;-0,01;-0,01;-0,01;0,0;0,0;-0,02;-0,02;0,0;0,0
22.07.2026;06:00;06:15;0,06;0,06;-0,01;-0,01;-0,01;-0,01;-0,13;-0,13;0,0;0,0;-0,02;-0,02;-0,04;-0,04;-0,02;-0,02;-0,01;-0,01;-0,02;-0,02;-0,02;-0,02;-0,01;-0,01;0,0;0,0;0,0;0,0;-0,02;-0,02;-0,02;-0,02;0,0;0,0;-0,04;-0,04;0,0;0,0;-0,02;-0,02;-0,05;-0,05;-0,02;-0,02;-0,02;-0,02;-0,01;-0,01;-0,01;-0,01;-0,02;-0,02;0,0;0,0;0,0;0,0
22.07.2026;06:15;06:30;0,07;0,07;0,0;0,0;-0,09;-0,09;-0,12;-0,12;0,0;0,0;0,0;0,0;-0,03;-0,03;-0,03;-0,03;-0,01;-0,01;-0,15;-0,15;-0,01;-0,01;-0,01;-0,01;0,0;0,0;-0,01;-0,01;-0,01;-0,01;-0,01;-0,01;-0,1;-0,1;-0,01;-0,01;0,0;0,0;-0,02;-0,02;-0,04;-0,04;-0,02;-0,02;-0,02;-0,02;0,0;0,0;-0,01;-0,01;-0,01;-0,01;-0,02;-0,02;0,0;0,0
22.07.2026;06:30;06:45;0,0;0,0;0,0;0,0;-0,05;-0,05;-0,12;-0,12;0,0;0,0;-0,01;-0,01;-0,03;-0,03;-0,02;-0,02;-0,05;-0,05;-0,02;-0,02;0,0;0,0;0,0;0,0;0,0;0,0;-0,04;-0,04;-0,01;-0,01;-0,01;-0,01;-0,02;-0,02;-0,01;-0,01;0,0;0,0;-0,02;-0,02;-0,04;-0,04;-0,01;-0,01;-0,01;-0,01;-0,01;-0,01;-0,01;-0,01;-0,01;-0,01;-0,01;-0,01;0,0;0,0
22.07.2026;06:45;07:00;0,0;0,0;0,0;0,0;-0,1;-0,1;-0,12;-0,12;0,0;0,0;-0,01;-0,01;-0,04;-0,04;-0,01;-0,01;-0,24;-0,24;-0,02;-0,02;0,0;0,0;-0,01;-0,01;0,0;0,0;-0,02;-0,02;-0,01;-0,01;-0,01;-0,01;-0,01;-0,01;-0,01;-0,01;0,0;0,0;-0,02;-0,02;-0,02;-0,02;-0,02;-0,02;-0,01;-0,01;-0,02;-0,02;-0,01;-0,01;-0,01;-0,01;-0,05;-0,05;0,0;0,0
22.07.2026;07:00;07:15;0,26;0,19;-0,01;-0,01;-0,02;-0,02;-0,26;-0,19;0,0;0,0;-0,01;-0,01;-0,03;-0,03;-0,01;-0,01;-0,17;-0,17;-0,02;-0,02;-0,01;-0,01;-0,01;-0,01;0,0;0,0;-0,01;-0,01;-0,01;-0,01;-0,02;-0,02;-0,01;-0,01;-0,01;-0,01;0,0;0,0;-0,02;-0,02;-0,01;-0,01;-0,01;-0,01;-0,02;-0,02;-0,01;-0,01;-0,01;-0,01;-0,02;-0,02;-0,03;-0,03;0,0;0,0
22.07.2026;07:15;07:30;0,68;0,22;0,0;0,0;-0,01;0,0;-0,25;-0,1;0,0;0,0;-0,01;0,0;-0,03;0,0;-0,02;0,0;-0,1;-0,07;-0,02;0,0;-0,01;0,0;0,0;0,0;0,0;0,0;0,0;0,0;-0,01;0,0;-0,03;0,0;-0,01;0,0;-0,02;0,0;0,0;0,0;-0,02;0,0;-0,01;0,0;-0,03;0,0;-0,01;0,0;0,0;0,0;-0,01;0,0;-0,01;0,0;-0,02;0,0;0,0;0,0
22.07.2026;07:30;07:45;0,89;0,38;0,0;0,0;0,0;0,0;-0,2;0,0;-0,01;0,0;0,0;0,0;-0,03;0,0;-0,01;0,0;-0,11;-0,04;-0,01;0,0;-0,02;0,0;-0,02;0,0;0,0;0,0;-0,01;0,0;-0,01;0,0;-0,01;0,0;-0,01;0,0;-0,01;0,0;0,0;0,0;-0,02;0,0;-0,01;0,0;-0,02;0,0;-0,01;0,0;-0,01;0,0;-0,01;0,0;0,0;0,0;-0,01;0,0;0,0;0,0
22.07.2026;07:45;08:00;1,13;0,52;0,0;0,0;-0,01;0,0;-0,14;0,0;0,0;0,0;-0,01;0,0;-0,04;0,0;-0,01;0,0;-0,13;-0,04;-0,01;0,0;-0,01;0,0;0,0;0,0;0,0;0,0;-0,05;0,0;0,0;0,0;-0,09;0,0;-0,02;0,0;-0,01;0,0;0,0;0,0;-0,02;0,0;-0,01;0,0;-0,01;0,0;-0,01;0,0;-0,02;0,0;-0,01;0,0;-0,02;0,0;-0,02;0,0;0,0;0,0
22.07.2026;08:00;08:15;1,79;1,19;0,0;0,0;0,0;0,0;-0,14;0,0;0,0;0,0;-0,01;0,0;-0,04;0,0;-0,02;0,0;-0,07;0,0;-0,01;0,0;-0,02;0,0;-0,01;0,0;0,0;0,0;-0,07;0,0;-0,01;0,0;-0,01;0,0;-0,01;0,0;-0,02;0,0;0,0;0,0;-0,02;0,0;-0,01;0,0;-0,09;0,0;-0,01;0,0;-0,01;0,0;-0,01;0,0;0,0;0,0;-0,01;0,0;0,0;0,0
22.07.2026;08:15;08:30;1,96;1,23;-0,01;0,0;-0,02;0,0;-0,11;0,0;0,0;0,0;-0,01;0,0;-0,05;0,0;0,0;0,0;-0,11;0,0;-0,07;0,0;-0,01;0,0;-0,01;0,0;0,0;0,0;-0,16;0,0;-0,02;0,0;-0,02;0,0;-0,02;0,0;-0,01;0,0;-0,01;0,0;-0,02;0,0;-0,01;0,0;-0,02;0,0;-0,01;0,0;0,0;0,0;-0,01;0,0;-0,01;0,0;-0,01;0,0;0,0;0,0
22.07.2026;08:30;08:45;1,68;1,11;0,0;0,0;-0,01;0,0;-0,17;0,0;0,0;0,0;0,0;0,0;-0,03;0,0;-0,02;0,0;-0,08;0,0;-0,07;0,0;-0,02;0,0;-0,01;0,0;0,0;0,0;-0,03;0,0;0,0;0,0;-0,01;0,0;0,0;0,0;-0,01;0,0;0,0;0,0;-0,02;0,0;0,0;0,0;-0,02;0,0;-0,02;0,0;-0,01;0,0;-0,01;0,0;-0,02;0,0;-0,01;0,0;0,0;0,0
22.07.2026;08:45;09:00;2,25;1,69;0,0;0,0;-0,01;0,0;-0,16;0,0;0,0;0,0;-0,02;0,0;-0,04;0,0;-0,03;0,0;-0,01;0,0;-0,06;0,0;0,0;0,0;0,0;0,0;0,0;0,0;-0,06;0,0;-0,01;0,0;-0,02;0,0;-0,01;0,0;-0,01;0,0;0,0;0,0;-0,02;0,0;-0,02;0,0;-0,02;0,0;0,0;0,0;-0,02;0,0;-0,01;0,0;-0,02;0,0;-0,01;0,0;0,0;0,0
22.07.2026;09:00;09:15;2,13;1,39;0,0;0,0;-0,02;0,0;-0,17;0,0;0,0;0,0;0,0;0,0;-0,04;0,0;-0,31;-0,04;-0,02;0,0;-0,07;0,0;0,0;0,0;-0,01;0,0;-0,01;0,0;-0,01;0,0;-0,01;0,0;-0,01;0,0;0,0;0,0;-0,01;0,0;0,0;0,0;-0,02;0,0;0,0;0,0;-0,01;0,0;-0,01;0,0;0,0;0,0;-0,02;0,0;-0,02;0,0;-0,01;0,0;0,0;0,0
22.07.2026;09:15;09:30;2,67;1,6;-0,01;0,0;-0,01;0,0;-0,11;0,0;0,0;0,0;-0,01;0,0;-0,04;0,0;-0,42;-0,09;0,0;0,0;-0,08;0,0;0,0;0,0;-0,01;0,0;0,0;0,0;-0,01;0,0;-0,01;0,0;-0,01;0,0;-0,01;0,0;-0,01;0,0;0,0;0,0;-0,4;-0,07;-0,01;0,0;-0,01;0,0;-0,02;0,0;-0,01;0,0;-0,01;0,0;-0,02;0,0;-0,01;0,0;0,0;0,0
22.07.2026;09:30;09:45;2,84;1,89;0,0;0,0;-0,01;0,0;-0,09;0,0;0,0;0,0;-0,01;0,0;-0,04;0,0;-0,28;0,0;-0,02;0,0;-0,06;0,0;-0,02;0,0;-0,01;0,0;0,0;0,0;-0,03;0,0;-0,01;0,0;-0,01;0,0;-0,01;0,0;-0,01;0,0;0,0;0,0;-0,25;0,0;-0,02;0,0;-0,02;0,0;0,0;0,0;-0,02;0,0;-0,01;0,0;-0,01;0,0;-0,01;0,0;0,0;0,0
22.07.2026;09:45;10:00;3,01;2,11;0,0;0,0;0,0;0,0;-0,09;0,0;0,0;0,0;-0,01;0,0;-0,04;0,0;-0,26;0,0;-0,01;0,0;-0,04;0,0;-0,02;0,0;-0,01;0,0;0,0;0,0;-0,05;0,0;-0,01;0,0;-0,01;0,0;-0,01;0,0;-0,02;0,0;0,0;0,0;-0,24;0,0;0,0;0,0;-0,02;0,0;-0,02;0,0;-0,01;0,0;-0,01;0,0;-0,01;0,0;-0,01;0,0;0,0;0,0
22.07.2026;10:00;10:15;3,25;2,51;0,0;0,0;-0,01;0,0;-0,09;0,0;0,0;0,0;-0,01;0,0;-0,04;0,0;-0,21;0,0;-0,02;0,0;-0,03;0,0;-0,01;0,0;0,0;0,0;0,0;0,0;-0,08;0,0;-0,04;0,0;-0,01;0,0;-0,01;0,0;-0,01;0,0;0,0;0,0;-0,1;0,0;-0,01;0,0;-0,03;0,0;0,0;0,0;0,0;0,0;-0,01;0,0;-0,01;0,0;-0,01;0,0;0,0;0,0
22.07.2026;10:15;10:30;2,24;1,59;0,0;0,0;0,0;0,0;-0,1;0,0;0,0;0,0;0,0;0,0;-0,03;0,0;-0,23;0,0;-0,02;0,0;-0,03;0,0;-0,02;0,0;-0,01;0,0;0,0;0,0;-0,07;0,0;-0,04;0,0;-0,01;0,0;-0,01;0,0;0,0;0,0;0,0;0,0;-0,02;0,0;-0,01;0,0;-0,01;0,0;-0,01;0,0;-0,01;0,0;-0,01;0,0;-0,01;0,0;0,0;0,0;0,0;0,0
22.07.2026;10:30;10:45;0,31;0,07;-0,01;0,0;-0,02;-0,01;-0,11;-0,09;0,0;0,0;-0,01;0,0;-0,04;-0,03;-0,31;-0,3;0,0;0,0;-0,03;-0,02;-0,01;0,0;-0,01;0,0;0,0;0,0;-0,06;-0,05;-0,03;-0,02;-0,01;0,0;-0,01;0,0;-0,01;0,0;-0,01;0,0;-0,02;-0,01;-0,01;0,0;-0,02;-0,01;-0,02;-0,01;-0,02;-0,01;-0,01;0,0;-0,02;-0,01;-0,02;-0,01;0,0;0,0
22.07.2026;10:45;11:00;1,19;0,61;0,0;0,0;-0,01;0,0;-0,21;0,0;0,0;0,0;-0,01;0,0;-0,04;0,0;-0,28;-0,16;-0,02;0,0;-0,03;0,0;-0,01;0,0;0,0;0,0;0,0;0,0;-0,01;0,0;-0,04;0,0;-0,01;0,0;0,0;0,0;-0,01;0,0;0,0;0,0;-0,02;0,0;0,0;0,0;-0,01;0,0;0,0;0,0;-0,01;0,0;0,0;0,0;-0,02;0,0;0,0;0,0;0,0;0,0
22.07.2026;11:00;11:15;4,03;3,36;0,0;0,0;-0,02;0,0;-0,1;0,0;0,0;0,0;-0,01;0,0;-0,04;0,0;-0,21;0,0;-0,01;0,0;-0,04;0,0;-0,02;0,0;-0,02;0,0;0,0;0,0;-0,01;0,0;-0,03;0,0;-0,01;0,0;-0,04;0,0;-0,02;0,0;0,0;0,0;-0,03;0,0;-0,01;0,0;-0,02;0,0;-0,02;0,0;0,0;0,0;0,0;0,0;0,0;0,0;-0,01;0,0;0,0;0,0
22.07.2026;11:15;11:30;2,95;2,3;0,0;0,0;-0,01;0,0;-0,1;0,0;0,0;0,0;0,0;0,0;-0,03;0,0;-0,28;0,0;-0,01;0,0;-0,02;0,0;0,0;0,0;0,0;0,0;0,0;0,0;-0,02;0,0;-0,03;0,0;0,0;0,0;-0,03;0,0;-0,01;0,0;0,0;0,0;-0,02;0,0;-0,01;0,0;-0,02;0,0;-0,01;0,0;-0,01;0,0;-0,01;0,0;-0,02;0,0;-0,01;0,0;0,0;0,0
22.07.2026;11:30;11:45;3,68;2,97;-0,01;0,0;0,0;0,0;-0,1;0,0;0,0;0,0;-0,02;0,0;-0,04;0,0;-0,27;0,0;-0,02;0,0;-0,02;0,0;0,0;0,0;-0,01;0,0;0,0;0,0;-0,03;0,0;-0,04;0,0;-0,02;0,0;-0,02;0,0;0,0;0,0;0,0;0,0;-0,02;0,0;-0,01;0,0;-0,02;0,0;0,0;0,0;-0,02;0,0;-0,01;0,0;-0,02;0,0;-0,01;0,0;0,0;0,0
22.07.2026;11:45;12:00;3,24;2,44;0,0;0,0;-0,01;0,0;-0,1;0,0;0,0;0,0;-0,01;0,0;-0,04;0,0;-0,36;0,0;-0,01;0,0;-0,02;0,0;-0,01;0,0;-0,01;0,0;0,0;0,0;-0,02;0,0;-0,03;0,0;-0,01;0,0;-0,03;0,0;-0,01;0,0;0,0;0,0;-0,03;0,0;-0,01;0,0;-0,02;0,0;-0,02;0,0;-0,01;0,0;-0,01;0,0;-0,01;0,0;-0,02;0,0;0,0;0,0
22.07.2026;12:00;12:15;0,95;0,45;0,0;0,0;0,0;0,0;-0,11;0,0;0,0;0,0;0,0;0,0;-0,03;0,0;-0,5;-0,42;-0,02;0,0;-0,02;0,0;-0,01;0,0;0,0;0,0;0,0;0,0;0,0;0,0;-0,04;0,0;0,0;0,0;-0,03;0,0;-0,01;0,0;0,0;0,0;-0,02;0,0;-0,01;0,0;-0,02;0,0;-0,01;0,0;0,0;0,0;-0,01;0,0;-0,25;-0,17;0,0;0,0;0,0;0,0
22.07.2026;12:15;12:30;2,29;1,26;0,0;0,0;-0,01;0,0;-0,11;0,0;0,0;0,0;-0,01;0,0;-0,04;0,0;-0,25;0,0;-0,01;0,0;-0,01;0,0;-0,02;0,0;-0,01;0,0;0,0;0,0;-0,01;0,0;-0,04;0,0;-0,02;0,0;-0,08;0,0;-0,02;0,0;0,0;0,0;-0,04;0,0;-0,01;0,0;-0,03;0,0;-0,01;0,0;-0,02;0,0;-0,01;0,0;-0,29;-0,03;-0,01;0,0;0,0;0,0
22.07.2026;12:30;12:45;3,12;2,53;-0,01;0,0;-0,01;0,0;-0,11;0,0;-0,01;0,0;-0,01;0,0;-0,03;0,0;-0,03;0,0;-0,01;0,0;0,0;0,0;-0,01;0,0;-0,01;0,0;0,0;0,0;-0,02;0,0;-0,03;0,0;-0,01;0,0;-0,01;0,0;-0,01;0,0;0,0;0,0;-0,02;0,0;-0,01;0,0;-0,18;0,0;-0,01;0,0;-0,01;0,0;-0,01;0,0;-0,02;0,0;-0,01;0,0;0,0;0,0
22.07.2026;12:45;13:00;2,64;2,04;0,0;0,0;-0,02;0,0;-0,12;0,0;0,0;0,0;-0,01;0,0;-0,04;0,0;-0,03;0,0;-0,02;0,0;-0,01;0,0;-0,02;0,0;-0,01;0,0;0,0;0,0;0,0;0,0;-0,04;0,0;0,0;0,0;0,0;0,0;-0,01;0,0;-0,01;0,0;-0,02;0,0;-0,01;0,0;-0,14;0,0;-0,01;0,0;-0,01;0,0;-0,01;0,0;-0,01;0,0;-0,05;0,0;0,0;0,0
22.07.2026;13:00;13:15;1,76;1,16;0,0;0,0;-0,01;0,0;-0,11;0,0;0,0;0,0;0,0;0,0;-0,04;0,0;-0,03;0,0;-0,01;0,0;-0,01;0,0;-0,01;0,0;-0,01;0,0;0,0;0,0;-0,01;0,0;-0,03;0,0;-0,01;0,0;-0,01;0,0;0,0;0,0;0,0;0,0;-0,02;0,0;-0,01;0,0;-0,27;-0,05;-0,01;0,0;0,0;0,0;-0,01;0,0;-0,02;0,0;-0,02;0,0;0,0;0,0
22.07.2026;13:15;13:30;2,72;2,19;0,0;0,0;-0,01;0,0;-0,06;0,0;0,0;0,0;-0,01;0,0;-0,03;0,0;-0,02;0,0;-0,01;0,0;-0,02;0,0;-0,01;0,0;0,0;0,0;0,0;0,0;-0,01;0,0;-0,01;0,0;-0,01;0,0;-0,02;0,0;-0,02;0,0;0,0;0,0;-0,02;0,0;-0,01;0,0;-0,19;0,0;-0,01;0,0;-0,02;0,0;-0,01;0,0;-0,02;0,0;-0,01;0,0;0,0;0,0
22.07.2026;13:30;13:45;3,36;2,99;0,0;0,0;0,0;0,0;-0,08;0,0;0,0;0,0;-0,02;0,0;-0,04;0,0;-0,03;0,0;-0,01;0,0;-0,02;0,0;-0,01;0,0;-0,01;0,0;0,0;0,0;-0,01;0,0;-0,01;0,0;-0,01;0,0;0,0;0,0;-0,01;0,0;0,0;0,0;-0,02;0,0;-0,01;0,0;-0,03;0,0;-0,01;0,0;-0,01;0,0;-0,01;0,0;-0,01;0,0;-0,01;0,0;0,0;0,0
22.07.2026;13:45;14:00;3,73;3,35;-0,01;0,0;-0,01;0,0;-0,09;0,0;0,0;0,0;0,0;0,0;-0,03;0,0;-0,03;0,0;-0,02;0,0;-0,01;0,0;-0,01;0,0;-0,01;0,0;0,0;0,0;-0,01;0,0;-0,01;0,0;-0,01;0,0;-0,01;0,0;-0,01;0,0;0,0;0,0;-0,02;0,0;-0,01;0,0;-0,02;0,0;-0,01;0,0;-0,01;0,0;-0,01;0,0;-0,02;0,0;-0,01;0,0;0,0;0,0
22.07.2026;14:00;14:15;2,34;1,73;0,0;0,0;-0,01;0,0;-0,08;0,0;0,0;0,0;0,0;0,0;-0,04;0,0;-0,01;0,0;-0,01;0,0;-0,02;0,0;0,0;0,0;-0,01;0,0;-0,01;0,0;0,0;0,0;-0,01;0,0;-0,01;0,0;0,0;0,0;-0,01;0,0;0,0;0,0;-0,02;0,0;0,0;0,0;-0,46;-0,14;-0,01;0,0;0,0;0,0;-0,01;0,0;-0,02;0,0;-0,01;0,0;0,0;0,0
22.07.2026;14:15;14:30;0,4;0,16;0,0;0,0;-0,01;0,0;-0,06;0,0;0,0;0,0;-0,02;-0,01;-0,03;-0,02;-0,02;-0,01;-0,01;0,0;-0,02;-0,01;-0,01;0,0;0,0;0,0;0,0;0,0;-0,02;-0,01;-0,01;0,0;-0,01;0,0;0,0;0,0;0,0;0,0;0,0;0,0;-0,02;-0,01;-0,01;0,0;-0,03;-0,02;-0,01;0,0;-0,02;-0,01;-0,01;0,0;-0,01;0,0;-0,01;0,0;0,0;0,0
22.07.2026;14:30;14:45;1,38;0,99;0,0;0,0;-0,01;0,0;-0,07;0,0;0,0;0,0;-0,01;0,0;-0,04;0,0;-0,02;0,0;-0,02;0,0;-0,01;0,0;-0,02;0,0;-0,02;0,0;0,0;0,0;-0,01;0,0;-0,01;0,0;-0,01;0,0;-0,02;0,0;-0,02;0,0;0,0;0,0;-0,02;0,0;-0,02;0,0;-0,02;0,0;-0,01;0,0;-0,01;0,0;0,0;0,0;-0,01;0,0;-0,01;0,0;0,0;0,0
22.07.2026;14:45;15:00;1,84;1,16;-0,01;0,0;-0,02;0,0;-0,09;0,0;0,0;0,0;-0,01;0,0;-0,03;0,0;-0,19;0,0;-0,01;0,0;-0,01;0,0;-0,01;0,0;0,0;0,0;0,0;0,0;0,0;0,0;-0,02;0,0;-0,01;0,0;-0,01;0,0;-0,01;0,0;0,0;0,0;-0,22;0,0;0,0;0,0;-0,01;0,0;-0,01;0,0;0,0;0,0;0,0;0,0;0,0;0,0;-0,01;0,0;0,0;0,0
22.07.2026;15:00;15:15;1,46;0,67;0,0;0,0;-0,01;0,0;-0,11;0,0;0,0;0,0;-0,35;-0,21;-0,04;0,0;-0,41;-0,27;-0,02;0,0;0,0;0,0;-0,01;0,0;-0,01;0,0;0,0;0,0;-0,01;0,0;0,0;0,0;-0,01;0,0;-0,01;0,0;-0,01;0,0;0,0;0,0;-0,21;-0,07;-0,01;0,0;-0,01;0,0;-0,01;0,0;-0,02;0,0;-0,05;0,0;-0,02;0,0;-0,01;0,0;0,0;0,0
22.07.2026;15:15;15:30;2,37;1,06;0,0;0,0;0,0;0,0;-0,19;0,0;0,0;0,0;-0,35;-0,09;-0,02;0,0;-0,28;-0,02;-0,01;0,0;-0,02;0,0;-0,02;0,0;-0,01;0,0;0,0;0,0;-0,01;0,0;-0,01;0,0;-0,01;0,0;0,0;0,0;-0,01;0,0;-0,01;0,0;-0,23;0,0;-0,01;0,0;-0,02;0,0;-0,01;0,0;-0,01;0,0;-0,17;0,0;-0,01;0,0;-0,01;0,0;0,0;0,0
22.07.2026;15:30;15:45;2,58;1,47;0,0;0,0;-0,01;0,0;-0,1;0,0;0,0;0,0;-0,04;0,0;-0,04;0,0;-0,38;-0,08;-0,01;0,0;-0,03;0,0;-0,01;0,0;-0,12;0,0;0,0;0,0;-0,02;0,0;-0,01;0,0;-0,01;0,0;0,0;0,0;0,0;0,0;0,0;0,0;-0,17;0,0;-0,01;0,0;-0,03;0,0;-0,01;0,0;-0,01;0,0;-0,17;0,0;0,0;0,0;-0,01;0,0;0,0;0,0
22.07.2026;15:45;16:00;1,9;0,99;0,0;0,0;0,0;0,0;-0,09;0,0;0,0;0,0;-0,04;0,0;-0,03;0,0;-0,29;-0,09;-0,02;0,0;-0,04;0,0;-0,02;0,0;-0,08;0,0;0,0;0,0;-0,01;0,0;-0,01;0,0;-0,01;0,0;-0,01;0,0;-0,02;0,0;0,0;0,0;-0,2;0,0;-0,01;0,0;-0,02;0,0;-0,01;0,0;0,0;0,0;-0,06;0,0;-0,02;0,0;-0,01;0,0;0,0;0,0
22.07.2026;16:00;16:15;2,68;1,63;-0,01;0,0;-0,01;0,0;-0,15;0,0;0,0;0,0;-0,03;0,0;-0,04;0,0;-0,3;0,0;-0,01;0,0;-0,03;0,0;0,0;0,0;-0,01;0,0;0,0;0,0;-0,01;0,0;-0,01;0,0;-0,01;0,0;-0,01;0,0;-0,01;0,0;0,0;0,0;-0,29;0,0;-0,03;0,0;-0,01;0,0;-0,01;0,0;-0,02;0,0;-0,02;0,0;-0,01;0,0;-0,02;0,0;0,0;0,0
22.07.2026;16:15;16:30;1,09;0,5;0,0;0,0;-0,02;0,0;-0,1;0,0;0,0;0,0;-0,03;0,0;-0,05;0,0;-0,21;-0,12;-0,02;0,0;-0,03;0,0;0,0;0,0;0,0;0,0;0,0;0,0;-0,01;0,0;-0,01;0,0;0,0;0,0;-0,01;0,0;-0,01;0,0;0,0;0,0;-0,36;-0,27;-0,04;0,0;-0,01;0,0;-0,01;0,0;-0,01;0,0;-0,02;0,0;-0,02;0,0;-0,01;0,0;0,0;0,0
22.07.2026;16:30;16:45;1,97;1,13;0,0;0,0;-0,01;0,0;-0,1;0,0;0,0;0,0;-0,03;0,0;-0,03;0,0;-0,31;-0,09;0,0;0,0;-0,04;0,0;0,0;0,0;-0,02;0,0;0,0;0,0;-0,06;0,0;-0,01;0,0;-0,02;0,0;-0,01;0,0;-0,01;0,0;0,0;0,0;-0,16;0,0;-0,04;0,0;-0,02;0,0;-0,01;0,0;-0,01;0,0;-0,02;0,0;-0,01;0,0;-0,01;0,0;0,0;0,0
22.07.2026;16:45;17:00;2,06;1,24;0,0;0,0;-0,01;0,0;-0,17;0,0;0,0;0,0;-0,03;0,0;-0,05;0,0;-0,11;0,0;-0,02;0,0;-0,05;0,0;-0,02;0,0;-0,01;0,0;0,0;0,0;-0,01;0,0;-0,01;0,0;-0,01;0,0;0,0;0,0;-0,01;0,0;0,0;0,0;-0,09;0,0;-0,03;0,0;-0,03;0,0;-0,01;0,0;-0,12;0,0;-0,01;0,0;0,0;0,0;-0,02;0,0;0,0;0,0
22.07.2026;17:00;17:15;1,94;0,98;-0,01;0,0;-0,01;0,0;-0,21;0,0;0,0;0,0;-0,03;0,0;-0,04;0,0;-0,02;0,0;-0,01;0,0;-0,04;0,0;-0,02;0,0;-0,01;0,0;0,0;0,0;0,0;0,0;-0,01;0,0;0,0;0,0;-0,01;0,0;-0,02;0,0;0,0;0,0;-0,19;0,0;-0,05;0,0;-0,01;0,0;-0,01;0,0;-0,21;-0,01;-0,01;0,0;-0,02;0,0;-0,03;0,0;0,0;0,0
22.07.2026;17:15;17:30;0,94;0,26;0,0;0,0;-0,01;0,0;-0,12;0,0;0,0;0,0;-0,01;0,0;-0,04;0,0;-0,02;0,0;-0,02;0,0;-0,04;0,0;-0,01;0,0;-0,01;0,0;0,0;0,0;-0,01;0,0;-0,01;0,0;-0,02;0,0;0,0;0,0;-0,27;-0,2;0,0;0,0;-0,36;-0,29;-0,03;0,0;-0,02;0,0;-0,01;0,0;-0,07;0,0;-0,01;0,0;-0,01;0,0;-0,29;-0,22;0,0;0,0
22.07.2026;17:30;17:45;0,18;0,13;0,0;0,0;0,0;0,0;-0,17;-0,12;-0,01;-0,01;-0,01;-0,01;-0,03;-0,03;-0,01;-0,01;-0,02;-0,02;-0,02;-0,02;-0,01;-0,01;-0,01;-0,01;0,0;0,0;-0,01;-0,01;-0,01;-0,01;0,0;0,0;-0,01;-0,01;-0,24;-0,24;0,0;0,0;-0,04;-0,04;-0,04;-0,04;-0,01;-0,01;-0,01;-0,01;-0,07;-0,07;-0,01;-0,01;0,0;0,0;-0,09;-0,09;0,0;0,0
22.07.2026;17:45;18:00;0,0;0,0;0,0;0,0;-0,01;-0,01;-0,14;-0,14;0,0;0,0;0,0;0,0;-0,04;-0,04;-0,02;-0,02;-0,34;-0,34;-0,02;-0,02;-0,02;-0,02;-0,01;-0,01;0,0;0,0;-0,04;-0,04;0,0;0,0;-0,01;-0,01;-0,01;-0,01;-0,02;-0,02;-0,01;-0,01;-0,03;-0,03;-0,03;-0,03;-0,02;-0,02;-0,01;-0,01;-0,05;-0,05;-0,01;-0,01;-0,01;-0,01;-0,03;-0,03;0,0;0,0
22.07.2026;18:00;18:15;0,07;0,07;0,0;0,0;-0,02;-0,02;-0,15;-0,15;0,0;0,0;-0,01;-0,01;-0,04;-0,04;-0,03;-0,03;-0,58;-0,58;-0,02;-0,02;-0,01;-0,01;-0,02;-0,02;0,0;0,0;-0,05;-0,05;-0,02;-0,02;-0,01;-0,01;-0,02;-0,02;-0,03;-0,03;0,0;0,0;-0,02;-0,02;-0,12;-0,12;-0,02;-0,02;-0,01;-0,01;-0,4;-0,4;-0,01;-0,01;-0,02;-0,02;-0,03;-0,03;0,0;0,0
22.07.2026;18:15;18:30;0,52;0,22;-0,01;0,0;-0,01;0,0;-0,09;0,0;0,0;0,0;-0,02;-0,01;-0,04;-0,03;-0,03;-0,02;-0,19;-0,18;-0,15;-0,14;-0,02;-0,01;-0,01;0,0;0,0;0,0;-0,13;-0,12;-0,01;0,0;-0,01;0,0;0,0;0,0;-0,05;-0,04;0,0;0,0;-0,03;-0,02;-0,04;-0,03;-0,02;-0,01;-0,01;0,0;-0,16;-0,15;-0,01;0,0;-0,02;-0,01;-0,02;-0,01;0,0;0,0
22.07.2026;18:30;18:45;0,28;0,2;0,0;0,0;-0,02;-0,02;-0,21;-0,13;0,0;0,0;0,0;0,0;-0,03;-0,03;-0,02;-0,02;-0,23;-0,23;-0,01;-0,01;0,0;0,0;-0,02;-0,02;0,0;0,0;-0,31;-0,31;0,0;0,0;-0,01;-0,01;-0,01;-0,01;-0,03;-0,03;0,0;0,0;-0,03;-0,03;-0,03;-0,03;-0,01;-0,01;-0,02;-0,02;-0,03;-0,03;-0,01;-0,01;-0,01;-0,01;-0,04;-0,04;0,0;0,0
22.07.2026;18:45;19:00;0,26;0,19;0,0;0,0;-0,02;-0,02;-0,16;-0,09;0,0;0,0;-0,01;-0,01;-0,04;-0,04;-0,08;-0,08;-0,1;-0,1;-0,01;-0,01;0,0;0,0;-0,03;-0,03;0,0;0,0;-0,11;-0,11;-0,02;-0,02;-0,02;-0,02;0,0;0,0;-0,04;-0,04;0,0;0,0;-0,02;-0,02;-0,02;-0,02;-0,01;-0,01;-0,08;-0,08;-0,21;-0,21;-0,01;-0,01;0,0;0,0;-0,05;-0,05;0,0;0,0
22.07.2026;19:00;19:15;0,3;0,08;0,0;0,0;-0,02;-0,01;-0,1;-0,08;0,0;0,0;-0,01;0,0;-0,04;-0,03;-0,3;-0,29;-0,07;-0,06;-0,01;0,0;0,0;0,0;-0,03;-0,02;-0,01;0,0;-0,03;-0,02;0,0;0,0;-0,02;-0,01;-0,01;0,0;-0,03;-0,02;0,0;0,0;-0,03;-0,02;-0,03;-0,02;-0,02;-0,01;-0,02;-0,01;-0,08;-0,07;-0,01;0,0;-0,01;0,0;-0,03;-0,02;0,0;0,0
22.07.2026;19:15;19:30;0,4;0,11;-0,01;0,0;-0,02;-0,01;-0,1;-0,03;0,0;0,0;-0,01;0,0;-0,03;-0,02;-0,02;-0,01;-0,37;-0,36;-0,11;-0,1;-0,02;-0,01;-0,03;-0,02;0,0;0,0;-0,01;0,0;-0,01;0,0;-0,04;-0,03;-0,01;0,0;-0,04;-0,03;0,0;0,0;-0,02;-0,01;-0,02;-0,01;-0,02;-0,01;-0,03;-0,02;-0,02;-0,01;-0,02;-0,01;-0,02;-0,01;-0,03;-0,02;0,0;0,0
22.07.2026;19:30;19:45;0,37;0,11;0,0;0,0;-0,02;-0,01;-0,09;-0,03;0,0;0,0;-0,01;0,0;-0,04;-0,03;-0,03;-0,02;-0,16;-0,15;-0,03;-0,02;-0,02;-0,01;-0,03;-0,02;0,0;0,0;-0,02;-0,01;-0,01;0,0;-0,03;-0,02;-0,01;0,0;-0,04;-0,03;0,0;0,0;-0,02;-0,01;-0,01;0,0;-0,02;-0,01;-0,04;-0,03;-0,01;0,0;-0,01;0,0;0,0;0,0;-0,04;-0,03;0,0;0,0
22.07.2026;19:45;20:00;0,14;0,11;0,0;0,0;-0,01;-0,01;-0,18;-0,15;0,0;0,0;0,0;0,0;-0,04;-0,04;-0,35;-0,35;-0,13;-0,13;-0,03;-0,03;-0,01;-0,01;-0,03;-0,03;0,0;0,0;-0,03;-0,03;-0,02;-0,02;-0,03;-0,03;-0,01;-0,01;-0,05;-0,05;0,0;0,0;-0,02;-0,02;-0,01;-0,01;-0,01;-0,01;-0,05;-0,05;-0,01;-0,01;-0,01;-0,01;-0,01;-0,01;-0,04;-0,04;0,0;0,0
22.07.2026;20:00;20:15;0,02;0,02;0,0;0,0;-0,1;-0,1;-0,08;-0,08;0,0;0,0;-0,01;-0,01;-0,03;-0,03;-0,02;-0,02;-0,15;-0,15;-0,04;-0,04;-0,02;-0,02;-0,03;-0,03;0,0;0,0;-0,02;-0,02;-0,03;-0,03;-0,04;-0,04;0,0;0,0;-0,03;-0,03;0,0;0,0;-0,04;-0,04;-0,01;-0,01;-0,02;-0,02;-0,04;-0,04;-0,02;-0,02;-0,01;-0,01;-0,02;-0,02;-0,05;-0,05;0,0;0,0
22.07.2026;20:15;20:30;0,02;0,02;0,0;0,0;-0,03;-0,03;-0,07;-0,07;0,0;0,0;-0,02;-0,02;-0,04;-0,04;-0,01;-0,01;-0,16;-0,16;-0,03;-0,03;-0,01;-0,01;-0,04;-0,04;0,0;0,0;-0,02;-0,02;-0,05;-0,05;-0,03;-0,03;0,0;0,0;-0,03;-0,03;-0,01;-0,01;-0,07;-0,07;-0,01;-0,01;-0,01;-0,01;-0,04;-0,04;-0,02;-0,02;-0,02;-0,02;-0,01;-0,01;-0,03;-0,03;0,0;0,0
22.07.2026;20:30;20:45;0,02;0,02;-0,01;-0,01;-0,03;-0,03;-0,09;-0,09;0,0;0,0;-0,02;-0,02;-0,04;-0,04;-0,02;-0,02;-0,11;-0,11;-0,03;-0,03;-0,01;-0,01;-0,02;-0,02;0,0;0,0;-0,01;-0,01;-0,04;-0,04;-0,04;-0,04;-0,01;-0,01;-0,05;-0,05;0,0;0,0;-0,06;-0,06;-0,01;-0,01;-0,03;-0,03;-0,02;-0,02;-0,04;-0,04;-0,01;-0,01;-0,02;-0,02;-0,03;-0,03;0,0;0,0
22.07.2026;20:45;21:00;0,01;0,01;0,0;0,0;-0,04;-0,04;-0,1;-0,1;0,0;0,0;-0,03;-0,03;-0,03;-0,03;-0,03;-0,03;-0,13;-0,13;-0,03;-0,03;-0,01;-0,01;-0,04;-0,04;0,0;0,0;-0,03;-0,03;-0,05;-0,05;-0,02;-0,02;-0,01;-0,01;-0,12;-0,12;0,0;0,0;-0,05;-0,05;-0,01;-0,01;-0,02;-0,02;-0,01;-0,01;-0,03;-0,03;-0,02;-0,02;-0,01;-0,01;-0,03;-0,03;0,0;0,0
22.07.2026;21:00;21:15;0,0;0,0;0,0;0,0;-0,03;-0,03;-0,14;-0,14;0,0;0,0;-0,03;-0,03;-0,04;-0,04;-0,04;-0,04;-0,11;-0,11;-0,02;-0,02;0,0;0,0;-0,03;-0,03;0,0;0,0;-0,06;-0,06;-0,05;-0,05;-0,02;-0,02;-0,01;-0,01;-0,14;-0,14;0,0;0,0;-0,06;-0,06;-0,01;-0,01;-0,01;-0,01;-0,01;-0,01;-0,02;-0,02;0,0;0,0;-0,03;-0,03;-0,03;-0,03;0,0;0,0
22.07.2026;21:15;21:30;0,0;0,0;0,0;0,0;-0,04;-0,04;-0,14;-0,14;0,0;0,0;-0,01;-0,01;-0,03;-0,03;-0,07;-0,07;-0,11;-0,11;-0,03;-0,03;0,0;0,0;-0,05;-0,05;0,0;0,0;-0,02;-0,02;-0,05;-0,05;-0,02;-0,02;-0,01;-0,01;-0,19;-0,19;0,0;0,0;-0,05;-0,05;-0,01;-0,01;-0,01;-0,01;-0,01;-0,01;-0,01;-0,01;-0,01;-0,01;-0,04;-0,04;-0,03;-0,03;0,0;0,0
22.07.2026;21:30;21:45;0,0;0,0;-0,01;-0,01;-0,03;-0,03;-0,13;-0,13;0,0;0,0;-0,02;-0,02;-0,04;-0,04;-0,05;-0,05;-0,08;-0,08;-0,03;-0,03;-0,02;-0,02;-0,02;-0,02;0,0;0,0;-0,03;-0,03;-0,05;-0,05;-0,01;-0,01;0,0;0,0;-0,26;-0,26;0,0;0,0;-0,05;-0,05;-0,01;-0,01;-0,03;-0,03;-0,01;-0,01;0,0;0,0;0,0;0,0;-0,03;-0,03;-0,04;-0,04;0,0;0,0
22.07.2026;21:45;22:00;0,0;0,0;0,0;0,0;-0,02;-0,02;-0,08;-0,08;0,0;0,0;-0,03;-0,03;-0,03;-0,03;-0,08;-0,08;-0,09;-0,09;-0,02;-0,02;-0,01;-0,01;-0,02;-0,02;0,0;0,0;-0,03;-0,03;-0,05;-0,05;-0,01;-0,01;0,0;0,0;-0,2;-0,2;0,0;0,0;-0,06;-0,06;-0,01;-0,01;-0,02;-0,02;-0,01;-0,01;-0,01;-0,01;-0,01;-0,01;-0,02;-0,02;-0,03;-0,03;0,0;0,0
22.07.2026;22:00;22:15;0,0;0,0;0,0;0,0;-0,03;-0,03;-0,08;-0,08;0,0;0,0;-0,03;-0,03;-0,04;-0,04;-0,07;-0,07;-0,09;-0,09;-0,01;-0,01;-0,02;-0,02;-0,03;-0,03;0,0;0,0;-0,02;-0,02;-0,04;-0,04;-0,01;-0,01;-0,01;-0,01;-0,08;-0,08;0,0;0,0;-0,09;-0,09;-0,01;-0,01;-0,02;-0,02;-0,01;-0,01;-0,02;-0,02;-0,01;-0,01;-0,04;-0,04;-0,03;-0,03;0,0;0,0
22.07.2026;22:15;22:30;0,0;0,0;0,0;0,0;-0,02;-0,02;-0,07;-0,07;0,0;0,0;-0,02;-0,02;-0,03;-0,03;-0,04;-0,04;-0,09;-0,09;0,0;0,0;-0,01;-0,01;-0,01;-0,01;0,0;0,0;-0,01;-0,01;-0,04;-0,04;-0,01;-0,01;-0,02;-0,02;-0,07;-0,07;0,0;0,0;-0,06;-0,06;-0,01;-0,01;-0,01;-0,01;-0,01;-0,01;-0,02;-0,02;-0,01;-0,01;-0,04;-0,04;-0,03;-0,03;0,0;0,0
22.07.2026;22:30;22:45;0,0;0,0;-0,01;-0,01;-0,02;-0,02;-0,07;-0,07;-0,01;-0,01;-0,02;-0,02;-0,04;-0,04;-0,04;-0,04;-0,07;-0,07;-0,01;-0,01;-0,02;-0,02;-0,01;-0,01;0,0;0,0;-0,02;-0,02;-0,04;-0,04;-0,01;-0,01;-0,01;-0,01;-0,07;-0,07;0,0;0,0;-0,06;-0,06;-0,01;-0,01;-0,01;-0,01;-0,02;-0,02;-0,01;-0,01;-0,01;-0,01;-0,04;-0,04;-0,01;-0,01;0,0;0,0
22.07.2026;22:45;23:00;0,0;0,0;0,0;0,0;-0,02;-0,02;-0,07;-0,07;0,0;0,0;-0,02;-0,02;-0,04;-0,04;-0,04;-0,04;-0,08;-0,08;-0,01;-0,01;-0,01;-0,01;-0,02;-0,02;0,0;0,0;-0,01;-0,01;0,0;0,0;-0,01;-0,01;0,0;0,0;-0,07;-0,07;-0,01;-0,01;-0,02;-0,02;-0,01;-0,01;-0,03;-0,03;0,0;0,0;0,0;0,0;0,0;0,0;-0,02;-0,02;-0,02;-0,02;0,0;0,0
22.07.2026;23:00;23:15;0,0;0,0;0,0;0,0;-0,02;-0,02;-0,06;-0,06;0,0;0,0;-0,03;-0,03;-0,03;-0,03;-0,03;-0,03;-0,08;-0,08;-0,01;-0,01;-0,01;-0,01;-0,01;-0,01;0,0;0,0;-0,01;-0,01;-0,02;-0,02;-0,01;-0,01;0,0;0,0;-0,07;-0,07;0,0;0,0;-0,02;-0,02;-0,01;-0,01;-0,02;-0,02;-0,01;-0,01;-0,01;-0,01;-0,01;-0,01;-0,01;-0,01;-0,01;-0,01;0,0;0,0
22.07.2026;23:15;23:30;0,0;0,0;0,0;0,0;-0,01;-0,01;-0,06;-0,06;0,0;0,0;-0,02;-0,02;-0,03;-0,03;-0,03;-0,03;-0,02;-0,02;0,0;0,0;0,0;0,0;-0,01;-0,01;0,0;0,0;0,0;0,0;-0,01;-0,01;-0,01;-0,01;-0,01;-0,01;-0,07;-0,07;0,0;0,0;-0,02;-0,02;-0,01;-0,01;-0,01;-0,01;-0,02;-0,02;-0,01;-0,01;-0,01;-0,01;-0,01;-0,01;-0,01;-0,01;0,0;0,0
22.07.2026;23:30;23:45;0,0;0,0;0,0;0,0;-0,01;-0,01;-0,06;-0,06;0,0;0,0;-0,02;-0,02;-0,03;-0,03;-0,03;-0,03;0,0;0,0;-0,02;-0,02;0,0;0,0;-0,01;-0,01;0,0;0,0;-0,02;-0,02;0,0;0,0;-0,01;-0,01;-0,01;-0,01;-0,06;-0,06;0,0;0,0;-0,02;-0,02;-0,01;-0,01;-0,01;-0,01;0,0;0,0;-0,01;-0,01;-0,01;-0,01;-0,01;-0,01;-0,01;-0,01;0,0;0,0
22.07.2026;23:45;00:00;0,0;0,0;-0,01;-0,01;-0,01;-0,01;-0,06;-0,06;0,0;0,0;-0,03;-0,03;-0,03;-0,03;-0,01;-0,01;-0,02;-0,02;-0,02;-0,02;-0,01;-0,01;0,0;0,0;0,0;0,0;-0,01;-0,01;-0,02;-0,02;-0,01;-0,01;-0,01;-0,01;-0,06;-0,06;0,0;0,0;-0,02;-0,02;-0,01;-0,01;-0,02;-0,02;-0,02;-0,02;-0,01;-0,01;-0,01;-0,01;-0,01;-0,01;-0,01;-0,01;0,0;0,0
23.07.2026;00:00;00:15;0,0;0,0;0,0;0,0;0,0;0,0;-0,06;-0,06;0,0;0,0;-0,02;-0,02;-0,04;-0,04;-0,01;-0,01;-0,01;-0,01;-0,01;-0,01;-0,02;-0,02;-0,01;-0,01;-0,01;-0,01;0,0;0,0;-0,01;-0,01;-0,01;-0,01;-0,01;-0,01;-0,05;-0,05;0,0;0,0;-0,02;-0,02;-0,01;-0,01;-0,03;-0,03;0,0;0,0;-0,01;-0,01;0,0;0,0;-0,01;-0,01;-0,01;-0,01;0,0;0,0
23.07.2026;00:15;00:30;0,0;0,0;0,0;0,0;-0,01;-0,01;-0,11;-0,11;0,0;0,0;-0,02;-0,02;-0,04;-0,04;-0,01;-0,01;-0,02;-0,02;-0,02;-0,02;-0,02;-0,02;-0,01;-0,01;0,0;0,0;-0,01;-0,01;0,0;0,0;0,0;0,0;0,0;0,0;-0,04;-0,04;0,0;0,0;-0,02;-0,02;0,0;0,0;-0,01;-0,01;-0,02;-0,02;-0,01;-0,01;0,0;0,0;-0,02;-0,02;-0,02;-0,02;0,0;0,0
23.07.2026;00:30;00:45;0,0;0,0;0,0;0,0;-0,02;-0,02;-0,16;-0,16;0,0;0,0;-0,02;-0,02;-0,05;-0,05;-0,02;-0,02;-0,01;-0,01;-0,02;-0,02;-0,01;-0,01;-0,01;-0,01;0,0;0,0;-0,02;-0,02;-0,01;-0,01;-0,02;-0,02;0,0;0,0;-0,05;-0,05;0,0;0,0;-0,02;-0,02;-0,02;-0,02;-0,01;-0,01;-0,01;-0,01;0,0;0,0;-0,01;-0,01;-0,01;-0,01;-0,01;-0,01;0,0;0,0
23.07.2026;00:45;01:00;0,0;0,0;-0,01;-0,01;-0,01;-0,01;-0,14;-0,14;0,0;0,0;-0,03;-0,03;-0,03;-0,03;-0,01;-0,01;-0,01;-0,01;-0,01;-0,01;-0,01;-0,01;-0,01;-0,01;0,0;0,0;-0,01;-0,01;-0,01;-0,01;-0,01;-0,01;-0,01;-0,01;-0,09;-0,09;0,0;0,0;-0,02;-0,02;-0,01;-0,01;-0,01;-0,01;0,0;0,0;-0,02;-0,02;-0,01;-0,01;-0,02;-0,02;-0,01;-0,01;0,0;0,0
23.07.2026;01:00;01:15;0,0;0,0;0,0;0,0;-0,02;-0,02;-0,08;-0,08;0,0;0,0;-0,02;-0,02;-0,04;-0,04;-0,01;-0,01;-0,02;-0,02;-0,02;-0,02;-0,02;-0,02;-0,01;-0,01;0,0;0,0;0,0;0,0;-0,01;-0,01;0,0;0,0;-0,01;-0,01;-0,1;-0,1;0,0;0,0;-0,02;-0,02;0,0;0,0;-0,03;-0,03;-0,02;-0,02;-0,02;-0,02;-0,01;-0,01;0,0;0,0;-0,01;-0,01;0,0;0,0
23.07.2026;01:15;01:30;0,0;0,0;0,0;0,0;-0,01;-0,01;-0,08;-0,08;0,0;0,0;-0,01;-0,01;-0,04;-0,04;-0,01;-0,01;-0,02;-0,02;-0,01;-0,01;-0,01;-0,01;0,0;0,0;0,0;0,0;-0,01;-0,01;-0,01;-0,01;-0,02;-0,02;-0,01;-0,01;-0,02;-0,02;-0,01;-0,01;-0,02;-0,02;-0,02;-0,02;-0,02;-0,02;-0,01;-0,01;-0,04;-0,04;-0,01;-0,01;-0,01;-0,01;-0,01;-0,01;0,0;0,0
23.07.2026;01:30;01:45;0,0;0,0;0,0;0,0;-0,01;-0,01;-0,06;-0,06;0,0;0,0;-0,02;-0,02;-0,04;-0,04;-0,01;-0,01;-0,01;-0,01;0,0;0,0;0,0;0,0;-0,02;-0,02;0,0;0,0;-0,01;-0,01;-0,01;-0,01;0,0;0,0;-0,01;-0,01;-0,01;-0,01;0,0;0,0;-0,03;-0,03;0,0;0,0;-0,02;-0,02;-0,01;-0,01;-0,03;-0,03;0,0;0,0;-0,02;-0,02;-0,02;-0,02;0,0;0,0
23.07.2026;01:45;02:00;0,0;0,0;0,0;0,0;0,0;0,0;-0,06;-0,06;0,0;0,0;-0,01;-0,01;-0,04;-0,04;-0,02;-0,02;-0,02;-0,02;-0,01;-0,01;0,0;0,0;0,0;0,0;0,0;0,0;-0,01;-0,01;-0,01;-0,01;-0,01;-0,01;0,0;0,0;-0,01;-0,01;0,0;0,0;-0,03;-0,03;-0,01;-0,01;-0,01;-0,01;-0,01;-0,01;-0,02;-0,02;0,0;0,0;0,0;0,0;0,0;0,0;0,0;0,0
23.07.2026;02:00;02:15;0,0;0,0;-0,01;-0,01;-0,01;-0,01;-0,06;-0,06;0,0;0,0;0,0;0,0;-0,03;-0,03;-0,01;-0,01;-0,06;-0,06;0,0;0,0;-0,01;-0,01;-0,01;-0,01;0,0;0,0;-0,01;-0,01;-0,01;-0,01;-0,01;-0,01;0,0;0,0;-0,01;-0,01;0,0;0,0;-0,02;-0,02;-0,02;-0,02;-0,01;-0,01;-0,01;-0,01;-0,02;-0,02;-0,01;-0,01;-0,01;-0,01;-0,02;-0,02;0,0;0,0
23.07.2026;02:15;02:30;0,0;0,0;0,0;0,0;-0,01;-0,01;-0,06;-0,06;0,0;0,0;-0,01;-0,01;-0,04;-0,04;-0,01;-0,01;-0,07;-0,07;-0,01;-0,01;-0,02;-0,02;-0,01;-0,01;0,0;0,0;0,0;0,0;-0,01;-0,01;-0,01;-0,01;-0,01;-0,01;-0,01;-0,01;0,0;0,0;-0,02;-0,02;0,0;0,0;-0,02;-0,02;-0,01;-0,01;-0,02;-0,02;-0,01;-0,01;-0,01;-0,01;-0,01;-0,01;0,0;0,0
23.07.2026;02:30;02:45;0,0;0,0;0,0;0,0;-0,02;-0,02;-0,06;-0,06;0,0;0,0;-0,01;-0,01;-0,04;-0,04;-0,01;-0,01;-0,03;-0,03;0,0;0,0;-0,01;-0,01;0,0;0,0;0,0;0,0;-0,02;-0,02;-0,01;-0,01;-0,01;-0,01;-0,01;-0,01;-0,01;-0,01;0,0;0,0;-0,02;-0,02;-0,02;-0,02;-0,02;-0,02;-0,01;-0,01;0,0;0,0;-0,01;-0,01;-0,02;-0,02;-0,01;-0,01;0,0;0,0
23.07.2026;02:45;03:00;0,0;0,0;0,0;0,0;-0,01;-0,01;-0,06;-0,06;0,0;0,0;-0,01;-0,01;-0,03;-0,03;-0,01;-0,01;-0,03;-0,03;-0,01;-0,01;-0,01;-0,01;-0,01;-0,01;0,0;0,0;-0,01;-0,01;-0,01;-0,01;0,0;0,0;-0,01;-0,01;-0,02;-0,02;0,0;0,0;-0,02;-0,02;0,0;0,0;-0,02;-0,02;0,0;0,0;-0,01;-0,01;-0,01;-0,01;-0,01;-0,01;-0,01;-0,01;0,0;0,0
23.07.2026;03:00;03:15;0,0;0,0;-0,01;-0,01;-0,02;-0,02;-0,06;-0,06;0,0;0,0;-0,01;-0,01;-0,04;-0,04;-0,01;-0,01;-0,02;-0,02;-0,01;-0,01;-0,02;-0,02;-0,01;-0,01;0,0;0,0;0,0;0,0;0,0;0,0;-0,02;-0,02;-0,01;-0,01;0,0;0,0;0,0;0,0;-0,03;-0,03;-0,01;-0,01;-0,01;-0,01;-0,02;-0,02;-0,01;-0,01;0,0;0,0;-0,02;-0,02;-0,01;-0,01;0,0;0,0
23.07.2026;03:15;03:30;0,0;0,0;0,0;0,0;-0,01;-0,01;-0,06;-0,06;0,0;0,0;0,0;0,0;-0,04;-0,04;-0,01;-0,01;-0,03;-0,03;-0,02;-0,02;-0,01;-0,01;-0,01;-0,01;0,0;0,0;-0,01;-0,01;-0,01;-0,01;0,0;0,0;0,0;0,0;-0,01;-0,01;-0,01;-0,01;-0,02;-0,02;-0,02;-0,02;-0,01;-0,01;-0,01;-0,01;-0,01;-0,01;0,0;0,0;-0,01;-0,01;-0,01;-0,01;0,0;0,0
23.07.2026;03:30;03:45;0,0;0,0;0,0;0,0;0,0;0,0;-0,06;-0,06;-0,01;-0,01;-0,02;-0,02;-0,03;-0,03;-0,04;-0,04;-0,02;-0,02;-0,01;-0,01;-0,02;-0,02;-0,01;-0,01;0,0;0,0;-0,02;-0,02;-0,01;-0,01;-0,01;-0,01;0,0;0,0;-0,02;-0,02;0,0;0,0;-0,02;-0,02;0,0;0,0;-0,02;-0,02;-0,01;-0,01;-0,02;-0,02;-0,01;-0,01;0,0;0,0;-0,02;-0,02;0,0;0,0
23.07.2026;03:45;04:00;0,0;0,0;0,0;0,0;-0,01;-0,01;-0,06;-0,06;0,0;0,0;0,0;0,0;-0,04;-0,04;-0,02;-0,02;-0,02;-0,02;-0,02;-0,02;0,0;0,0;-0,01;-0,01;0,0;0,0;-0,01;-0,01;-0,01;-0,01;-0,02;-0,02;-0,01;-0,01;-0,01;-0,01;0,0;0,0;-0,03;-0,03;0,0;0,0;-0,02;-0,02;-0,01;-0,01;0,0;0,0;-0,01;-0,01;-0,01;-0,01;-0,01;-0,01;0,0;0,0
23.07.2026;04:00;04:15;0,0;0,0;0,0;0,0;-0,01;-0,01;-0,05;-0,05;0,0;0,0;-0,01;-0,01;-0,03;-0,03;-0,03;-0,03;0,0;0,0;-0,02;-0,02;0,0;0,0;0,0;0,0;0,0;0,0;0,0;0,0;-0,01;-0,01;-0,01;-0,01;-0,02;-0,02;-0,02;-0,02;0,0;0,0;-0,02;-0,02;-0,02;-0,02;-0,02;-0,02;-0,01;-0,01;-0,01;-0,01;-0,01;-0,01;-0,01;-0,01;-0,01;-0,01;0,0;0,0
23.07.2026;04:15;04:30;0,0;0,0;-0,01;-0,01;-0,01;-0,01;-0,07;-0,07;0,0;0,0;-0,01;-0,01;-0,04;-0,04;-0,02;-0,02;-0,02;-0,02;-0,01;-0,01;0,0;0,0;-0,01;-0,01;0,0;0,0;-0,01;-0,01;-0,01;-0,01;-0,25;-0,25;-0,01;-0,01;0,0;0,0;0,0;0,0;-0,02;-0,02;-0,01;-0,01;-0,01;-0,01;-0,01;-0,01;-0,01;-0,01;-0,01;-0,01;-0,01;-0,01;-0,01;-0,01;0,0;0,0
23.07.2026;04:30;04:45;0,0;0,0;0,0;0,0;-0,02;-0,02;-0,06;-0,06;0,0;0,0;-0,01;-0,01;-0,04;-0,04;-0,02;-0,02;-0,02;-0,02;-0,02;-0,02;-0,02;-0,02;-0,01;-0,01;0,0;0,0;-0,02;-0,02;-0,01;-0,01;-0,39;-0,39;0,0;0,0;-0,01;-0,01;0,0;0,0;-0,02;-0,02;0,0;0,0;-0,01;-0,01;-0,01;-0,01;-0,01;-0,01;0,0;0,0;-0,01;-0,01;-0,01;-0,01;0,0;0,0
23.07.2026;04:45;05:00;0,0;0,0;0,0;0,0;-0,01;-0,01;-0,07;-0,07;0,0;0,0;-0,01;-0,01;-0,03;-0,03;-0,05;-0,05;-0,01;-0,01;-0,01;-0,01;-0,02;-0,02;0,0;0,0;0,0;0,0;0,0;0,0;-0,01;-0,01;-0,03;-0,03;0,0;0,0;-0,01;-0,01;0,0;0,0;-0,02;-0,02;-0,02;-0,02;-0,02;-0,02;-0,01;-0,01;-0,01;-0,01;0,0;0,0;-0,01;-0,01;-0,02;-0,02;0,0;0,0
23.07.2026;05:00;05:15;0,0;0,0;0,0;0,0;-0,02;-0,02;-0,06;-0,06;0,0;0,0;0,0;0,0;-0,04;-0,04;-0,02;-0,02;-0,02;-0,02;0,0;0,0;-0,01;-0,01;-0,02;-0,02;-0,01;-0,01;-0,01;-0,01;0,0;0,0;-0,21;-0,21;-0,01;-0,01;-0,02;-0,02;0,0;0,0;-0,02;-0,02;-0,01;-0,01;-0,02;-0,02;-0,01;-0,01;0,0;0,0;0,0;0,0;-0,02;-0,02;-0,01;-0,01;0,0;0,0
23.07.2026;05:15;05:30;0,0;0,0;-0,01;-0,01;0,0;0,0;-0,06;-0,06;0,0;0,0;-0,01;-0,01;-0,03;-0,03;-0,02;-0,02;-0,01;-0,01;0,0;0,0;-0,01;-0,01;0,0;0,0;0,0;0,0;-0,01;-0,01;-0,02;-0,02;-0,13;-0,13;-0,01;-0,01;-0,01;-0,01;0,0;0,0;-0,03;-0,03;0,0;0,0;-0,02;-0,02;-0,01;-0,01;-0,01;-0,01;-0,01;-0,01;-0,01;-0,01;-0,02;-0,02;0,0;0,0
23.07.2026;05:30;05:45;0,01;0,01;0,0;0,0;0,0;0,0;-0,09;-0,09;0,0;0,0;-0,01;-0,01;-0,04;-0,04;-0,02;-0,02;-0,01;-0,01;-0,01;-0,01;-0,02;-0,02;-0,02;-0,02;0,0;0,0;-0,02;-0,02;0,0;0,0;-0,01;-0,01;-0,01;-0,01;0,0;0,0;-0,01;-0,01;-0,02;-0,02;-0,02;-0,02;-0,01;-0,01;-0,01;-0,01;-0,02;-0,02;-0,01;-0,01;-0,01;-0,01;-0,07;-0,07;0,0;0,0
23.07.2026;05:45;06:00;0,02;0,02;0,0;0,0;-0,01;-0,01;-0,17;-0,17;0,0;0,0;-0,01;-0,01;-0,03;-0,03;-0,02;-0,02;-0,02;-0,02;0,0;0,0;-0,01;-0,01;-0,02;-0,02;0,0;0,0;-0,04;-0,04;-0,01;-0,01;-0,02;-0,02;-0,01;-0,01;-0,01;-0,01;0,0;0,0;-0,02;-0,02;0,0;0,0;-0,01;-0,01;-0,01;-0,01;-0,01;-0,01;-0,02;-0,02;-0,01;-0,01;-0,01;-0,01;0,0;0,0
23.07.2026;06:00;06:15;0,02;0,02;0,0;0,0;-0,02;-0,02;-0,09;-0,09;0,0;0,0;0,0;0,0;-0,04;-0,04;-0,02;-0,02;-0,01;-0,01;-0,16;-0,16;-0,01;-0,01;-0,04;-0,04;0,0;0,0;-0,01;-0,01;-0,01;-0,01;0,0;0,0;0,0;0,0;-0,01;-0,01;0,0;0,0;-0,02;-0,02;-0,02;-0,02;-0,02;-0,02;-0,01;-0,01;-0,01;-0,01;-0,02;-0,02;-0,01;-0,01;-0,01;-0,01;0,0;0,0
23.07.2026;06:15;06:30;0,02;0,02;0,0;0,0;-0,05;-0,05;-0,09;-0,09;0,0;0,0;-0,12;-0,12;-0,03;-0,03;-0,03;-0,03;-0,02;-0,02;-0,03;-0,03;0,0;0,0;-0,02;-0,02;0,0;0,0;-0,01;-0,01;-0,01;-0,01;-0,01;-0,01;0,0;0,0;-0,02;-0,02;0,0;0,0;-0,02;-0,02;-0,04;-0,04;-0,02;-0,02;-0,02;-0,02;-0,01;-0,01;0,0;0,0;-0,01;-0,01;-0,01;-0,01;0,0;0,0
23.07.2026;06:30;06:45;0,03;0,03;-0,01;-0,01;-0,12;-0,12;-0,13;-0,13;0,0;0,0;-0,02;-0,02;-0,04;-0,04;-0,02;-0,02;-0,01;-0,01;-0,04;-0,04;0,0;0,0;-0,01;-0,01;0,0;0,0;-0,03;-0,03;-0,01;-0,01;-0,01;-0,01;-0,01;-0,01;-0,01;-0,01;0,0;0,0;-0,07;-0,07;-0,01;-0,01;-0,03;-0,03;-0,02;-0,02;-0,01;-0,01;0,0;0,0;-0,01;-0,01;-0,01;-0,01;0,0;0,0
23.07.2026;06:45;07:00;0,05;0,05;0,0;0,0;-0,02;-0,02;-0,12;-0,12;0,0;0,0;-0,02;-0,02;-0,03;-0,03;-0,04;-0,04;-0,01;-0,01;-0,02;-0,02;-0,01;-0,01;-0,01;-0,01;0,0;0,0;-0,04;-0,04;-0,01;-0,01;-0,01;-0,01;-0,01;-0,01;-0,03;-0,03;0,0;0,0;-0,02;-0,02;-0,01;-0,01;-0,01;-0,01;-0,01;-0,01;-0,01;-0,01;0,0;0,0;-0,01;-0,01;-0,02;-0,02;0,0;0,0
23.07.2026;07:00;07:15;0,07;0,07;0,0;0,0;-0,02;-0,02;-0,1;-0,1;0,0;0,0;-0,03;-0,03;-0,04;-0,04;-0,02;-0,02;-0,02;-0,02;-0,02;-0,02;-0,02;-0,02;0,0;0,0;0,0;0,0;0,0;0,0;-0,01;-0,01;-0,01;-0,01;-0,01;-0,01;-0,02;-0,02;0,0;0,0;-0,03;-0,03;-0,01;-0,01;-0,01;-0,01;-0,02;-0,02;-0,01;-0,01;-0,01;-0,01;-0,01;-0,01;-0,01;-0,01;0,0;0,0
23.07.2026;07:15;07:30;0,22;0,17;0,0;0,0;-0,02;-0,02;-0,21;-0,16;0,0;0,0;-0,02;-0,02;-0,02;-0,02;-0,02;-0,02;-0,01;-0,01;-0,01;-0,01;-0,02;-0,02;-0,02;-0,02;0,0;0,0;-0,02;-0,02;-0,01;-0,01;-0,01;-0,01;-0,01;-0,01;-0,02;-0,02;0,0;0,0;-0,03;-0,03;-0,01;-0,01;-0,01;-0,01;-0,01;-0,01;0,0;0,0;-0,01;-0,01;-0,01;-0,01;-0,05;-0,05;0,0;0,0
23.07.2026;07:30;07:45;0,24;0,18;-0,01;-0,01;-0,02;-0,02;-0,23;-0,17;0,0;0,0;-0,02;-0,02;-0,04;-0,04;-0,02;-0,02;-0,02;-0,02;-0,02;-0,02;-0,01;-0,01;0,0;0,0;0,0;0,0;-0,01;-0,01;0,0;0,0;-0,01;-0,01;0,0;0,0;-0,01;-0,01;0,0;0,0;-0,02;-0,02;-0,01;-0,01;-0,02;-0,02;0,0;0,0;-0,02;-0,02;-0,01;-0,01;-0,02;-0,02;-0,02;-0,02;0,0;0,0
23.07.2026;07:45;08:00;0,36;0,11;0,0;0,0;-0,01;0,0;-0,15;-0,09;0,0;0,0;-0,02;-0,01;-0,03;-0,02;-0,03;-0,02;-0,01;0,0;-0,01;0,0;-0,01;0,0;-0,01;0,0;0,0;0,0;0,0;0,0;-0,01;0,0;-0,01;0,0;0,0;0,0;-0,01;0,0;0,0;0,0;-0,02;-0,01;-0,01;0,0;-0,03;-0,02;-0,02;-0,01;-0,01;0,0;-0,01;0,0;-0,01;0,0;-0,01;0,0;0,0;0,0
23.07.2026;08:00;08:15;0,53;0,18;0,0;0,0;-0,02;0,0;-0,07;0,0;0,0;0,0;-0,03;-0,01;-0,04;-0,02;-0,01;0,0;-0,04;-0,02;-0,02;0,0;-0,02;0,0;-0,01;0,0;0,0;0,0;-0,01;0,0;-0,01;0,0;-0,01;0,0;-0,01;0,0;-0,01;0,0;-0,01;0,0;-0,02;0,0;-0,01;0,0;-0,01;0,0;0,0;0,0;-0,01;0,0;0,0;0,0;-0,12;-0,1;-0,01;0,0;0,0;0,0
23.07.2026;08:15;08:30;0,73;0,31;0,0;0,0;0,0;0,0;-0,1;0,0;0,0;0,0;-0,02;0,0;-0,04;0,0;-0,03;0,0;-0,03;0,0;0,0;0,0;-0,01;0,0;0,0;0,0;0,0;0,0;-0,02;0,0;-0,01;0,0;0,0;0,0;-0,01;0,0;-0,02;0,0;0,0;0,0;-0,02;0,0;-0,01;0,0;-0,01;0,0;-0,02;0,0;0,0;0,0;0,0;0,0;-0,12;-0,06;-0,01;0,0;0,0;0,0
23.07.2026;08:30;08:45;0,75;0,32;-0,01;0,0;0,0;0,0;-0,1;0,0;-0,01;0,0;-0,02;0,0;-0,04;0,0;-0,04;0,0;-0,03;0,0;-0,01;0,0;0,0;0,0;-0,01;0,0;0,0;0,0;0,0;0,0;-0,01;0,0;-0,02;0,0;-0,01;0,0;-0,01;0,0;0,0;0,0;-0,02;0,0;-0,01;0,0;-0,01;0,0;-0,01;0,0;-0,02;0,0;-0,01;0,0;-0,02;0,0;-0,01;0,0;0,0;0,0
23.07.2026;08:45;09:00;0,0;0,0;0,0;0,0;-0,01;-0,01;-0,06;-0,06;0,0;0,0;-0,02;-0,02;-0,04;-0,04;-0,03;-0,03;-0,01;-0,01;0,0;0,0;0,0;0,0;-0,01;-0,01;0,0;0,0;-0,01;-0,01;-0,01;-0,01;0,0;0,0;-0,01;-0,01;-0,01;-0,01;0,0;0,0;-0,02;-0,02;-0,01;-0,01;-0,02;-0,02;0,0;0,0;-0,01;-0,01;-0,01;-0,01;-0,02;-0,02;-0,02;-0,02;0,0;0,0
23.07.2026;09:00;09:15;0,0;0,0;0,0;0,0;-0,01;-0,01;-0,07;-0,07;0,0;0,0;-0,03;-0,03;-0,04;-0,04;-0,02;-0,02;-0,02;-0,02;-0,01;-0,01;-0,01;-0,01;0,0;0,0;0,0;0,0;-0,01;-0,01;-0,02;-0,02;-0,01;-0,01;0,0;0,0;-0,01;-0,01;0,0;0,0;-0,02;-0,02;-0,01;-0,01;-0,02;-0,02;-0,02;-0,02;0,0;0,0;-0,01;-0,01;0,0;0,0;-0,01;-0,01;0,0;0,0
23.07.2026;09:15;09:30;0,88;0,46;0,0;0,0;-0,01;0,0;-0,11;0,0;0,0;0,0;-0,02;0,0;-0,04;0,0;-0,03;0,0;-0,02;0,0;0,0;0,0;-0,01;0,0;-0,02;0,0;0,0;0,0;-0,01;0,0;-0,03;0,0;-0,02;0,0;0,0;0,0;0,0;0,0;0,0;0,0;-0,02;0,0;-0,01;0,0;-0,02;0,0;-0,01;0,0;-0,01;0,0;-0,01;0,0;-0,01;0,0;-0,01;0,0;0,0;0,0
23.07.2026;09:30;09:45;2,47;2,09;0,0;0,0;-0,02;0,0;-0,12;0,0;0,0;0,0;-0,02;0,0;-0,04;0,0;-0,01;0,0;-0,01;0,0;0,0;0,0;-0,02;0,0;0,0;0,0;0,0;0,0;-0,01;0,0;-0,01;0,0;0,0;0,0;-0,01;0,0;-0,02;0,0;0,0;0,0;-0,02;0,0;-0,01;0,0;-0,01;0,0;-0,01;0,0;-0,02;0,0;0,0;0,0;-0,01;0,0;-0,01;0,0;0,0;0,0
23.07.2026;09:45;10:00;0,99;0,65;-0,01;0,0;0,0;0,0;-0,07;0,0;0,0;0,0;-0,02;0,0;-0,04;0,0;-0,02;0,0;-0,02;0,0;-0,01;0,0;-0,01;0,0;-0,01;0,0;0,0;0,0;0,0;0,0;-0,02;0,0;-0,01;0,0;-0,01;0,0;-0,01;0,0;0,0;0,0;-0,02;0,0;0,0;0,0;-0,02;0,0;-0,01;0,0;-0,01;0,0;0,0;0,0;-0,01;0,0;-0,01;0,0;0,0;0,0
23.07.2026;10:00;10:15;0,48;0,18;0,0;0,0;-0,01;0,0;-0,19;-0,1;0,0;0,0;-0,03;-0,02;-0,04;-0,03;-0,01;0,0;-0,02;-0,01;-0,01;0,0;-0,02;-0,01;-0,01;0,0;-0,01;0,0;-0,02;-0,01;-0,01;0,0;-0,01;0,0;-0,01;0,0;-0,01;0,0;0,0;0,0;-0,02;-0,01;-0,02;-0,01;-0,01;0,0;-0,01;0,0;0,0;0,0;-0,01;0,0;-0,03;-0,02;-0,03;-0,02;0,0;0,0
23.07.2026;10:15;10:30;0,86;0,47;0,0;0,0;0,0;0,0;-0,06;0,0;0,0;0,0;-0,02;0,0;-0,03;0,0;-0,01;0,0;-0,01;0,0;-0,01;0,0;-0,01;0,0;-0,01;0,0;0,0;0,0;-0,01;0,0;-0,01;0,0;-0,01;0,0;-0,01;0,0;-0,01;0,0;0,0;0,0;-0,02;0,0;-0,01;0,0;-0,02;0,0;-0,01;0,0;-0,01;0,0;-0,01;0,0;-0,04;0,0;-0,06;0,0;0,0;0,0
23.07.2026;10:30;10:45;3,09;2,7;0,0;0,0;-0,01;0,0;-0,14;0,0;0,0;0,0;0,0;0,0;-0,04;0,0;-0,01;0,0;-0,02;0,0;-0,02;0,0;-0,01;0,0;0,0;0,0;0,0;0,0;0,0;0,0;-0,01;0,0;-0,01;0,0;0,0;0,0;0,0;0,0;-0,01;0,0;-0,02;0,0;0,0;0,0;-0,03;0,0;-0,01;0,0;-0,01;0,0;-0,01;0,0;-0,01;0,0;-0,02;0,0;0,0;0,0
23.07.2026;10:45;11:00;1,46;0,88;-0,01;0,0;-0,02;0,0;-0,23;0,0;0,0;0,0;-0,01;0,0;-0,04;0,0;-0,02;0,0;-0,01;0,0;-0,02;0,0;-0,01;0,0;-0,02;0,0;0,0;0,0;-0,01;0,0;-0,01;0,0;-0,01;0,0;0,0;0,0;-0,02;0,0;0,0;0,0;-0,02;0,0;-0,02;0,0;-0,02;0,0;-0,01;0,0;-0,01;0,0;-0,01;0,0;-0,03;0,0;-0,02;0,0;0,0;0,0
23.07.2026;11:00;11:15;0,82;0,43;0,0;0,0;-0,01;0,0;-0,1;0,0;0,0;0,0;-0,03;0,0;-0,03;0,0;-0,03;0,0;-0,02;0,0;-0,01;0,0;0,0;0,0;0,0;0,0;0,0;0,0;-0,02;0,0;0,0;0,0;-0,01;0,0;-0,01;0,0;-0,01;0,0;0,0;0,0;-0,02;0,0;0,0;0,0;-0,02;0,0;-0,01;0,0;-0,01;0,0;0,0;0,0;-0,03;0,0;-0,02;0,0;0,0;0,0
23.07.2026;11:15;11:30;0,89;0,45;0,0;0,0;-0,01;0,0;-0,08;0,0;0,0;0,0;-0,03;0,0;-0,04;0,0;-0,16;-0,09;-0,02;0,0;-0,02;0,0;0,0;0,0;-0,01;0,0;0,0;0,0;0,0;0,0;-0,01;0,0;-0,01;0,0;-0,02;0,0;-0,01;0,0;0,0;0,0;-0,02;0,0;-0,01;0,0;-0,02;0,0;-0,01;0,0;-0,01;0,0;0,0;0,0;-0,03;0,0;-0,01;0,0;0,0;0,0
23.07.2026;11:30;11:45;0,85;0,44;0,0;0,0;-0,01;0,0;-0,06;0,0;0,0;0,0;-0,03;0,0;-0,04;0,0;-0,28;-0,22;-0,01;0,0;-0,02;0,0;-0,02;0,0;-0,01;0,0;0,0;0,0;-0,01;0,0;-0,01;0,0;-0,01;0,0;0,0;0,0;-0,01;0,0;0,0;0,0;-0,02;0,0;-0,01;0,0;-0,03;0,0;-0,01;0,0;-0,01;0,0;0,0;0,0;-0,02;0,0;-0,01;0,0;0,0;0,0
23.07.2026;11:45;12:00;1,27;0,82;0,0;0,0;0,0;0,0;-0,06;0,0;0,0;0,0;-0,04;0,0;-0,03;0,0;-0,23;-0,08;-0,02;0,0;-0,01;0,0;-0,01;0,0;0,0;0,0;0,0;0,0;-0,01;0,0;-0,01;0,0;0,0;0,0;-0,01;0,0;0,0;0,0;0,0;0,0;-0,02;0,0;-0,01;0,0;-0,03;0,0;-0,01;0,0;-0,01;0,0;-0,01;0,0;0,0;0,0;-0,01;0,0;0,0;0,0
23.07.2026;12:00;12:15;1,49;0,9;-0,01;0,0;0,0;0,0;-0,11;0,0;0,0;0,0;-0,17;0,0;-0,04;0,0;-0,04;0,0;-0,01;0,0;0,0;0,0;-0,02;0,0;-0,01;0,0;0,0;0,0;-0,01;0,0;-0,01;0,0;-0,02;0,0;0,0;0,0;-0,02;0,0;0,0;0,0;-0,02;0,0;0,0;0,0;-0,03;0,0;-0,01;0,0;-0,01;0,0;-0,02;0,0;-0,01;0,0;-0,02;0,0;0,0;0,0
23.07.2026;12:15;12:30;0,1;0,1;0,0;0,0;-0,02;-0,02;-0,07;-0,07;0,0;0,0;-0,41;-0,41;-0,03;-0,03;-0,03;-0,03;-0,01;-0,01;-0,01;-0,01;-0,01;-0,01;-0,01;-0,01;0,0;0,0;-0,01;-0,01;-0,01;-0,01;0,0;0,0;-0,01;-0,01;-0,01;-0,01;0,0;0,0;-0,02;-0,02;-0,02;-0,02;-0,07;-0,07;-0,01;-0,01;-0,01;-0,01;-0,01;-0,01;-0,01;-0,01;0,0;0,0;0,0;0,0
23.07.2026;12:30;12:45;0,0;0,0;0,0;0,0;-0,01;-0,01;-0,13;-0,13;0,0;0,0;-0,14;-0,14;-0,04;-0,04;-0,03;-0,03;-0,02;-0,02;0,0;0,0;-0,01;-0,01;-0,01;-0,01;0,0;0,0;0,0;0,0;-0,01;-0,01;-0,01;-0,01;-0,01;-0,01;-0,02;-0,02;0,0;0,0;-0,02;-0,02;0,0;0,0;-0,02;-0,02;-0,01;-0,01;-0,01;-0,01;0,0;0,0;-0,01;-0,01;-0,02;-0,02;0,0;0,0
23.07.2026;12:45;13:00;0,43;0,2;0,0;0,0;-0,01;0,0;-0,05;0,0;0,0;0,0;-0,04;-0,03;-0,04;-0,03;-0,02;-0,01;-0,01;0,0;-0,01;0,0;-0,02;-0,01;0,0;0,0;0,0;0,0;-0,01;0,0;-0,01;0,0;-0,01;0,0;-0,01;0,0;0,0;0,0;0,0;0,0;-0,02;-0,01;-0,01;0,0;-0,03;-0,02;-0,01;0,0;-0,01;0,0;0,0;0,0;-0,01;0,0;-0,01;0,0;0,0;0,0
23.07.2026;13:00;13:15;1,43;0,91;-0,01;0,0;-0,02;0,0;-0,06;0,0;0,0;0,0;-0,15;0,0;-0,03;0,0;-0,02;0,0;-0,02;0,0;0,0;0,0;-0,01;0,0;-0,02;0,0;0,0;0,0;-0,02;0,0;0,0;0,0;-0,01;0,0;0,0;0,0;-0,01;0,0;-0,01;0,0;-0,02;0,0;-0,02;0,0;-0,04;0,0;-0,01;0,0;-0,01;0,0;0,0;0,0;-0,02;0,0;-0,01;0,0;0,0;0,0
23.07.2026;13:15;13:30;2,14;1,75;0,0;0,0;-0,01;0,0;-0,06;0,0;0,0;0,0;-0,13;0,0;-0,04;0,0;-0,02;0,0;0,0;0,0;0,0;0,0;0,0;0,0;0,0;0,0;0,0;0,0;0,0;0,0;-0,01;0,0;-0,01;0,0;0,0;0,0;-0,01;0,0;0,0;0,0;-0,02;0,0;0,0;0,0;-0,02;0,0;-0,01;0,0;-0,01;0,0;-0,01;0,0;-0,01;0,0;-0,02;0,0;0,0;0,0
23.07.2026;13:30;13:45;2,04;1,7;0,0;0,0;0,0;0,0;-0,07;0,0;-0,01;0,0;-0,05;0,0;-0,03;0,0;-0,01;0,0;-0,02;0,0;-0,01;0,0;0,0;0,0;-0,01;0,0;0,0;0,0;0,0;0,0;-0,01;0,0;-0,01;0,0;-0,01;0,0;-0,01;0,0;0,0;0,0;-0,02;0,0;-0,01;0,0;-0,02;0,0;-0,01;0,0;-0,01;0,0;-0,01;0,0;-0,01;0,0;0,0;0,0;0,0;0,0
23.07.2026;13:45;14:00;2,23;1,85;0,0;0,0;0,0;0,0;-0,07;0,0;0,0;0,0;-0,04;0,0;-0,04;0,0;-0,02;0,0;-0,01;0,0;0,0;0,0;-0,01;0,0;-0,01;0,0;0,0;0,0;-0,02;0,0;-0,01;0,0;-0,01;0,0;-0,01;0,0;-0,02;0,0;0,0;0,0;-0,02;0,0;-0,01;0,0;-0,02;0,0;-0,01;0,0;-0,01;0,0;-0,01;0,0;-0,01;0,0;-0,02;0,0;0,0;0,0
23.07.2026;14:00;14:15;3,12;2,73;0,0;0,0;-0,01;0,0;-0,08;0,0;0,0;0,0;-0,04;0,0;-0,03;0,0;-0,02;0,0;-0,02;0,0;-0,02;0,0;-0,02;0,0;0,0;0,0;0,0;0,0;-0,01;0,0;-0,01;0,0;-0,01;0,0;-0,01;0,0;0,0;0,0;0,0;0,0;-0,03;0,0;-0,01;0,0;-0,02;0,0;-0,01;0,0;-0,01;0,0;-0,01;0,0;-0,01;0,0;-0,01;0,0;0,0;0,0
23.07.2026;14:15;14:30;1,6;1,21;-0,01;0,0;-0,01;0,0;-0,08;0,0;0,0;0,0;-0,04;0,0;-0,04;0,0;-0,02;0,0;-0,01;0,0;-0,02;0,0;-0,01;0,0;-0,01;0,0;0,0;0,0;0,0;0,0;-0,01;0,0;-0,01;0,0;-0,01;0,0;-0,01;0,0;0,0;0,0;-0,03;0,0;-0,01;0,0;-0,02;0,0;-0,01;0,0;-0,01;0,0;0,0;0,0;-0,01;0,0;-0,01;0,0;0,0;0,0
23.07.2026;14:30;14:45;3,39;2,93;0,0;0,0;-0,01;0,0;-0,19;0,0;0,0;0,0;-0,03;0,0;-0,03;0,0;-0,02;0,0;-0,01;0,0;-0,02;0,0;-0,02;0,0;-0,01;0,0;0,0;0,0;-0,01;0,0;-0,01;0,0;0,0;0,0;0,0;0,0;-0,01;0,0;0,0;0,0;-0,02;0,0;-0,01;0,0;-0,02;0,0;-0,01;0,0;-0,01;0,0;0,0;0,0;-0,01;0,0;-0,01;0,0;0,0;0,0
23.07.2026;14:45;15:00;0,92;0,56;0,0;0,0;-0,02;0,0;-0,07;0,0;0,0;0,0;-0,02;0,0;-0,04;0,0;-0,03;0,0;-0,02;0,0;-0,01;0,0;-0,01;0,0;0,0;0,0;0,0;0,0;-0,01;0,0;-0,01;0,0;-0,02;0,0;0,0;0,0;-0,01;0,0;0,0;0,0;-0,02;0,0;-0,01;0,0;-0,01;0,0;-0,01;0,0;-0,01;0,0;-0,01;0,0;-0,01;0,0;-0,01;0,0;0,0;0,0
23.07.2026;15:00;15:15;0,68;0,24;0,0;0,0;-0,01;0,0;-0,15;0,0;0,0;0,0;-0,01;0,0;-0,02;0,0;-0,18;-0,13;-0,01;0,0;-0,02;0,0;-0,01;0,0;-0,02;0,0;-0,01;0,0;-0,01;0,0;0,0;0,0;0,0;0,0;-0,01;0,0;-0,01;0,0;0,0;0,0;-0,03;0,0;-0,01;0,0;-0,01;0,0;-0,01;0,0;-0,01;0,0;-0,01;0,0;-0,01;0,0;-0,01;0,0;0,0;0,0
23.07.2026;15:15;15:30;1,25;0,65;-0,01;0,0;-0,01;0,0;-0,08;0,0;0,0;0,0;-0,01;0,0;-0,04;0,0;-0,18;-0,06;-0,02;0,0;-0,02;0,0;-0,01;0,0;0,0;0,0;0,0;0,0;-0,01;0,0;-0,01;0,0;-0,01;0,0;-0,01;0,0;-0,01;0,0;0,0;0,0;-0,02;0,0;-0,01;0,0;-0,02;0,0;-0,01;0,0;-0,01;0,0;-0,19;-0,07;-0,02;0,0;-0,02;0,0;0,0;0,0
23.07.2026;15:30;15:45;1,17;0,68;0,0;0,0;0,0;0,0;-0,07;0,0;0,0;0,0;-0,01;0,0;-0,03;0,0;-0,13;-0,01;-0,01;0,0;-0,01;0,0;-0,01;0,0;-0,02;0,0;0,0;0,0;0,0;0,0;-0,01;0,0;-0,01;0,0;-0,01;0,0;-0,01;0,0;-0,01;0,0;-0,03;0,0;-0,01;0,0;-0,03;0,0;-0,01;0,0;-0,01;0,0;-0,06;0,0;-0,01;0,0;0,0;0,0;0,0;0,0
23.07.2026;15:45;16:00;0,45;0,19;0,0;0,0;-0,01;0,0;-0,21;-0,12;0,0;0,0;0,0;0,0;-0,03;-0,02;-0,1;-0,09;-0,01;0,0;0,0;0,0;0,0;0,0;-0,02;-0,01;0,0;0,0;-0,02;-0,01;-0,01;0,0;-0,01;0,0;-0,01;0,0;-0,01;0,0;0,0;0,0;-0,02;-0,01;-0,01;0,0;-0,02;-0,01;-0,01;0,0;-0,01;0,0;-0,08;-0,07;0,0;0,0;-0,02;-0,01;0,0;0,0
23.07.2026;16:00;16:15;0,18;0,13;0,0;0,0;-0,01;-0,01;-0,13;-0,08;0,0;0,0;-0,02;-0,02;-0,03;-0,03;-0,34;-0,34;-0,01;-0,01;-0,01;-0,01;-0,01;-0,01;-0,04;-0,04;0,0;0,0;-0,01;-0,01;-0,01;-0,01;-0,01;-0,01;0,0;0,0;-0,01;-0,01;0,0;0,0;-0,03;-0,03;0,0;0,0;-0,01;-0,01;-0,01;-0,01;0,0;0,0;-0,1;-0,1;-0,01;-0,01;-0,01;-0,01;0,0;0,0
23.07.2026;16:15;16:30;0,04;0,04;0,0;0,0;-0,57;-0,57;-0,11;-0,11;0,0;0,0;-0,01;-0,01;-0,04;-0,04;-0,37;-0,37;-0,02;-0,02;0,0;0,0;-0,01;-0,01;-0,02;-0,02;0,0;0,0;-0,05;-0,05;-0,01;-0,01;-0,01;-0,01;0,0;0,0;-0,01;-0,01;0,0;0,0;-0,02;-0,02;-0,02;-0,02;-0,01;-0,01;-0,01;-0,01;-0,02;-0,02;-0,04;-0,04;-0,01;-0,01;-0,01;-0,01;0,0;0,0
23.07.2026;16:30;16:45;1,23;0,51;-0,01;0,0;-0,15;-0,05;-0,24;0,0;0,0;0,0;0,0;0,0;-0,04;0,0;-0,04;0,0;-0,01;0,0;-0,01;0,0;-0,02;0,0;-0,03;0,0;0,0;0,0;-0,1;0,0;0,0;0,0;0,0;0,0;-0,01;0,0;-0,01;0,0;0,0;0,0;-0,02;0,0;-0,01;0,0;-0,01;0,0;-0,01;0,0;-0,01;0,0;-0,02;0,0;-0,01;0,0;-0,01;0,0;0,0;0,0
23.07.2026;16:45;17:00;0,59;0,18;0,0;0,0;-0,4;-0,38;-0,12;-0,02;0,0;0,0;-0,01;0,0;-0,05;-0,03;-0,03;-0,01;-0,02;0,0;0,0;0,0;-0,02;0,0;-0,09;-0,07;0,0;0,0;-0,06;-0,04;-0,02;0,0;-0,02;0,0;-0,02;0,0;-0,01;0,0;0,0;0,0;-0,02;0,0;-0,01;0,0;-0,03;-0,01;-0,01;0,0;0,0;0,0;-0,01;0,0;-0,01;0,0;-0,01;0,0;0,0;0,0
23.07.2026;17:00;17:15;1,99;1,26;0,0;0,0;-0,42;-0,19;-0,12;0,0;0,0;0,0;-0,02;0,0;-0,03;0,0;-0,04;0,0;-0,02;0,0;0,0;0,0;-0,02;0,0;-0,09;0,0;0,0;0,0;-0,02;0,0;0,0;0,0;-0,01;0,0;0,0;0,0;-0,01;0,0;0,0;0,0;-0,02;0,0;-0,02;0,0;-0,02;0,0;-0,01;0,0;-0,02;0,0;-0,01;0,0;-0,01;0,0;-0,01;0,0;0,0;0,0
23.07.2026;17:15;17:30;1,07;0,4;0,0;0,0;-0,23;-0,15;-0,18;0,0;0,0;0,0;0,0;0,0;-0,04;0,0;-0,14;-0,06;-0,02;0,0;-0,01;0,0;-0,01;0,0;-0,09;-0,01;0,0;0,0;-0,03;0,0;-0,01;0,0;0,0;0,0;-0,01;0,0;-0,01;0,0;0,0;0,0;-0,02;0,0;-0,01;0,0;-0,02;0,0;-0,01;0,0;-0,01;0,0;-0,01;0,0;-0,01;0,0;-0,02;0,0;0,0;0,0
23.07.2026;17:30;17:45;1,21;0,55;-0,01;0,0;-0,02;0,0;-0,11;0,0;0,0;0,0;-0,01;0,0;-0,04;0,0;-0,47;-0,36;-0,02;0,0;0,0;0,0;-0,01;0,0;-0,05;0,0;0,0;0,0;-0,03;0,0;-0,01;0,0;-0,02;0,0;0,0;0,0;-0,01;0,0;0,0;0,0;-0,02;0,0;-0,02;0,0;-0,01;0,0;-0,01;0,0;-0,01;0,0;-0,16;-0,05;-0,02;0,0;-0,01;0,0;0,0;0,0
23.07.2026;17:45;18:00;1,04;0,39;0,0;0,0;-0,03;0,0;-0,2;0,0;0,0;0,0;-0,01;0,0;-0,04;0,0;-0,27;-0,19;-0,02;0,0;-0,02;0,0;-0,01;0,0;-0,03;0,0;0,0;0,0;-0,02;0,0;-0,01;0,0;0,0;0,0;0,0;0,0;-0,01;0,0;0,0;0,0;-0,02;0,0;-0,02;0,0;-0,01;0,0;-0,02;0,0;0,0;0,0;-0,13;-0,05;-0,01;0,0;-0,01;0,0;0,0;0,0
23.07.2026;18:00;18:15;1,52;0,63;0,0;0,0;-0,08;0,0;-0,11;0,0;0,0;0,0;-0,02;0,0;-0,04;0,0;-0,4;-0,26;-0,01;0,0;-0,02;0,0;0,0;0,0;-0,02;0,0;0,0;0,0;-0,35;-0,21;-0,01;0,0;-0,01;0,0;-0,02;0,0;-0,04;0,0;-0,01;0,0;-0,02;0,0;0,0;0,0;-0,02;0,0;0,0;0,0;-0,02;0,0;-0,14;0,0;-0,01;0,0;-0,01;0,0;0,0;0,0
23.07.2026;18:15;18:30;1,53;0,5;0,0;0,0;-0,07;0,0;-0,15;0,0;0,0;0,0;0,0;0,0;-0,04;0,0;-0,32;-0,19;-0,02;0,0;-0,02;0,0;0,0;0,0;0,0;0,0;0,0;0,0;-0,23;-0,1;-0,01;0,0;-0,01;0,0;-0,01;0,0;-0,04;0,0;0,0;0,0;-0,02;0,0;-0,01;0,0;-0,02;0,0;-0,01;0,0;-0,32;-0,19;-0,26;-0,13;-0,01;0,0;-0,07;0,0;0,0;0,0
23.07.2026;18:30;18:45;1,35;0,45;-0,01;0,0;-0,02;0,0;-0,1;0,0;-0,01;0,0;-0,01;0,0;-0,04;0,0;-0,36;-0,26;-0,01;0,0;-0,01;0,0;-0,02;0,0;-0,01;0,0;0,0;0,0;-0,16;-0,06;-0,01;0,0;-0,04;0,0;0,0;0,0;-0,05;0,0;0,0;0,0;-0,02;0,0;-0,01;0,0;-0,02;0,0;-0,02;0,0;-0,38;-0,28;-0,29;-0,19;-0,01;0,0;-0,08;0,0;0,0;0,0
23.07.2026;18:45;19:00;1,06;0,24;0,0;0,0;-0,02;0,0;-0,16;0,0;0,0;0,0;-0,01;0,0;-0,04;0,0;-0,14;-0,08;-0,02;0,0;-0,02;0,0;-0,01;0,0;-0,02;0,0;0,0;0,0;-0,18;-0,12;-0,01;0,0;-0,07;-0,01;0,0;0,0;-0,16;-0,1;0,0;0,0;-0,03;0,0;-0,08;-0,02;-0,01;0,0;-0,03;0,0;-0,35;-0,29;-0,34;-0,28;-0,01;0,0;-0,01;0,0;0,0;0,0
23.07.2026;19:00;19:15;1,08;0,21;0,0;0,0;-0,03;0,0;-0,2;-0,01;0,0;0,0;-0,01;0,0;-0,03;0,0;-0,07;-0,02;-0,06;-0,01;-0,01;0,0;-0,02;0,0;-0,07;-0,02;0,0;0,0;-0,09;-0,04;-0,01;0,0;-0,09;-0,04;-0,01;0,0;-0,39;-0,34;0,0;0,0;-0,02;0,0;-0,02;0,0;-0,02;0,0;-0,04;0,0;-0,42;-0,37;-0,41;-0,36;-0,01;0,0;-0,11;-0,06;0,0;0,0
23.07.2026;19:15;19:30;0,48;0,19;0,0;0,0;-0,02;-0,01;-0,23;-0,14;0,0;0,0;-0,01;0,0;-0,04;-0,03;-0,02;-0,01;-0,05;-0,04;-0,02;-0,01;-0,01;0,0;-0,59;-0,58;0,0;0,0;-0,02;-0,01;0,0;0,0;-0,08;-0,07;-0,01;0,0;-0,08;-0,07;0,0;0,0;-0,2;-0,19;-0,04;-0,03;-0,01;0,0;-0,05;-0,04;-0,17;-0,16;-0,21;-0,2;-0,01;0,0;-0,46;-0,45;0,0;0,0
23.07.2026;19:30;19:45;0,0;0,0;0,0;0,0;-0,04;-0,04;-0,12;-0,12;0,0;0,0;-0,01;-0,01;-0,03;-0,03;-0,02;-0,02;-0,04;-0,04;0,0;0,0;-0,01;-0,01;-0,01;-0,01;0,0;0,0;-0,02;-0,02;-0,01;-0,01;-0,09;-0,09;-0,01;-0,01;-0,46;-0,46;0,0;0,0;-0,27;-0,27;-0,04;-0,04;-0,03;-0,03;-0,05;-0,05;-0,05;-0,05;-0,19;-0,19;-0,01;-0,01;-0,02;-0,02;0,0;0,0
23.07.2026;19:45;20:00;0,0;0,0;-0,01;-0,01;-0,05;-0,05;-0,22;-0,22;0,0;0,0;-0,01;-0,01;-0,04;-0,04;-0,02;-0,02;-0,1;-0,1;0,0;0,0;-0,02;-0,02;-0,06;-0,06;0,0;0,0;-0,03;-0,03;-0,02;-0,02;-0,09;-0,09;-0,01;-0,01;-0,84;-0,84;0,0;0,0;-0,03;-0,03;-0,04;-0,04;-0,02;-0,02;-0,05;-0,05;-0,04;-0,04;-0,41;-0,41;-0,02;-0,02;-0,04;-0,04;0,0;0,0
23.07.2026;20:00;20:15;0,07;0,07;0,0;0,0;-0,05;-0,05;-0,23;-0,23;0,0;0,0;-0,01;-0,01;-0,04;-0,04;-0,02;-0,02;-0,05;-0,05;-0,01;-0,01;-0,01;-0,01;-0,09;-0,09;-0,01;-0,01;-0,04;-0,04;-0,06;-0,06;-0,09;-0,09;0,0;0,0;-0,31;-0,31;0,0;0,0;-0,05;-0,05;-0,03;-0,03;-0,02;-0,02;-0,05;-0,05;-0,02;-0,02;-0,12;-0,12;-0,01;-0,01;-0,06;-0,06;0,0;0,0
23.07.2026;20:15;20:30;0,07;0,07;0,0;0,0;-0,04;-0,04;-0,19;-0,19;0,0;0,0;0,0;0,0;-0,03;-0,03;-0,02;-0,02;-0,03;-0,03;0,0;0,0;0,0;0,0;-0,08;-0,08;0,0;0,0;-0,12;-0,12;-0,36;-0,36;-0,08;-0,08;0,0;0,0;-0,06;-0,06;0,0;0,0;-0,05;-0,05;-0,04;-0,04;-0,02;-0,02;-0,04;-0,04;-0,04;-0,04;-0,03;-0,03;0,0;0,0;-0,29;-0,29;0,0;0,0
23.07.2026;20:30;20:45;0,02;0,02;0,0;0,0;-0,05;-0,05;-0,16;-0,16;0,0;0,0;-0,01;-0,01;-0,04;-0,04;-0,06;-0,06;-0,02;-0,02;-0,01;-0,01;0,0;0,0;-0,09;-0,09;0,0;0,0;-0,29;-0,29;-0,14;-0,14;-0,08;-0,08;-0,01;-0,01;-0,06;-0,06;-0,01;-0,01;-0,05;-0,05;-0,02;-0,02;-0,04;-0,04;-0,04;-0,04;-0,03;-0,03;-0,03;-0,03;-0,01;-0,01;-0,04;-0,04;0,0;0,0
23.07.2026;20:45;21:00;0,0;0,0;-0,01;-0,01;-0,05;-0,05;-0,15;-0,15;0,0;0,0;-0,02;-0,02;-0,04;-0,04;-0,07;-0,07;-0,26;-0,26;0,0;0,0;-0,01;-0,01;-0,07;-0,07;0,0;0,0;-0,33;-0,33;-0,27;-0,27;-0,09;-0,09;-0,01;-0,01;-0,06;-0,06;0,0;0,0;-0,06;-0,06;-0,02;-0,02;-0,03;-0,03;-0,05;-0,05;-0,04;-0,04;-0,03;-0,03;-0,02;-0,02;-0,05;-0,05;0,0;0,0
23.07.2026;21:00;21:15;0,0;0,0;0,0;0,0;-0,03;-0,03;-0,25;-0,25;0,0;0,0;0,0;0,0;-0,03;-0,03;-0,04;-0,04;-0,35;-0,35;0,0;0,0;-0,02;-0,02;-0,03;-0,03;0,0;0,0;-0,24;-0,24;-0,23;-0,23;-0,08;-0,08;-0,01;-0,01;-0,14;-0,14;0,0;0,0;-0,06;-0,06;-0,03;-0,03;-0,02;-0,02;-0,05;-0,05;-0,03;-0,03;-0,11;-0,11;0,0;0,0;-0,05;-0,05;0,0;0,0
23.07.2026;21:15;21:30;0,0;0,0;0,0;0,0;-0,03;-0,03;-0,25;-0,25;0,0;0,0;-0,01;-0,01;-0,04;-0,04;-0,04;-0,04;-0,52;-0,52;-0,01;-0,01;-0,01;-0,01;-0,04;-0,04;0,0;0,0;-0,38;-0,38;-0,03;-0,03;-0,05;-0,05;-0,01;-0,01;-0,15;-0,15;0,0;0,0;-0,06;-0,06;-0,02;-0,02;-0,02;-0,02;-0,05;-0,05;-0,03;-0,03;-0,24;-0,24;-0,04;-0,04;-0,04;-0,04;0,0;0,0
23.07.2026;21:30;21:45;0,0;0,0;0,0;0,0;-0,02;-0,02;-0,12;-0,12;0,0;0,0;-0,01;-0,01;-0,03;-0,03;-0,04;-0,04;-0,53;-0,53;-0,02;-0,02;-0,01;-0,01;-0,04;-0,04;0,0;0,0;-0,04;-0,04;-0,04;-0,04;-0,05;-0,05;0,0;0,0;-0,09;-0,09;0,0;0,0;-0,06;-0,06;-0,03;-0,03;-0,09;-0,09;-0,04;-0,04;-0,03;-0,03;-0,21;-0,21;-0,04;-0,04;-0,04;-0,04;0,0;0,0
23.07.2026;21:45;22:00;0,0;0,0;0,0;0,0;-0,03;-0,03;-0,09;-0,09;0,0;0,0;-0,01;-0,01;-0,04;-0,04;-0,04;-0,04;-0,39;-0,39;-0,02;-0,02;-0,02;-0,02;-0,05;-0,05;0,0;0,0;-0,06;-0,06;-0,05;-0,05;-0,03;-0,03;0,0;0,0;-0,08;-0,08;0,0;0,0;-0,06;-0,06;-0,05;-0,05;-0,07;-0,07;-0,05;-0,05;-0,04;-0,04;-0,2;-0,2;-0,03;-0,03;-0,04;-0,04;0,0;0,0
23.07.2026;22:00;22:15;0,0;0,0;-0,01;-0,01;-0,01;-0,01;-0,1;-0,1;0,0;0,0;-0,01;-0,01;-0,03;-0,03;-0,03;-0,03;-0,09;-0,09;-0,02;-0,02;-0,01;-0,01;-0,04;-0,04;0,0;0,0;-0,02;-0,02;-0,05;-0,05;-0,04;-0,04;-0,01;-0,01;-0,09;-0,09;0,0;0,0;-0,04;-0,04;-0,02;-0,02;-0,08;-0,08;-0,05;-0,05;-0,03;-0,03;-0,1;-0,1;-0,02;-0,02;-0,04;-0,04;0,0;0,0
23.07.2026;22:15;22:30;0,0;0,0;0,0;0,0;0,0;0,0;-0,08;-0,08;0,0;0,0;0,0;0,0;-0,04;-0,04;-0,04;-0,04;-0,04;-0,04;-0,02;-0,02;-0,01;-0,01;0,0;0,0;0,0;0,0;-0,02;-0,02;-0,05;-0,05;-0,04;-0,04;-0,01;-0,01;-0,07;-0,07;0,0;0,0;-0,02;-0,02;-0,02;-0,02;-0,03;-0,03;-0,03;-0,03;-0,02;-0,02;-0,03;-0,03;-0,01;-0,01;-0,04;-0,04;0,0;0,0
23.07.2026;22:30;22:45;0,0;0,0;0,0;0,0;-0,01;-0,01;-0,09;-0,09;0,0;0,0;-0,02;-0,02;-0,03;-0,03;-0,03;-0,03;-0,4;-0,4;-0,01;-0,01;0,0;0,0;-0,01;-0,01;0,0;0,0;-0,03;-0,03;-0,05;-0,05;-0,04;-0,04;-0,01;-0,01;-0,07;-0,07;0,0;0,0;-0,02;-0,02;-0,01;-0,01;-0,04;-0,04;-0,01;-0,01;0,0;0,0;-0,11;-0,11;-0,02;-0,02;-0,04;-0,04;0,0;0,0
23.07.2026;22:45;23:00;0,0;0,0;0,0;0,0;0,0;0,0;-0,07;-0,07;0,0;0,0;-0,01;-0,01;-0,03;-0,03;-0,03;-0,03;-0,02;-0,02;-0,02;-0,02;0,0;0,0;-0,02;-0,02;0,0;0,0;-0,03;-0,03;-0,03;-0,03;-0,03;-0,03;-0,01;-0,01;-0,08;-0,08;0,0;0,0;-0,02;-0,02;0,0;0,0;-0,03;-0,03;-0,02;-0,02;-0,01;-0,01;-0,03;-0,03;-0,01;-0,01;-0,02;-0,02;0,0;0,0
23.07.2026;23:00;23:15;0,0;0,0;-0,01;-0,01;-0,01;-0,01;-0,07;-0,07;0,0;0,0;0,0;0,0;-0,03;-0,03;-0,03;-0,03;-0,02;-0,02;-0,01;-0,01;-0,01;-0,01;0,0;0,0;0,0;0,0;-0,01;-0,01;-0,02;-0,02;-0,02;-0,02;0,0;0,0;-0,08;-0,08;-0,01;-0,01;-0,02;-0,02;-0,02;-0,02;-0,03;-0,03;-0,01;-0,01;-0,01;-0,01;-0,05;-0,05;-0,01;-0,01;-0,01;-0,01;0,0;0,0
23.07.2026;23:15;23:30;0,0;0,0;0,0;0,0;-0,01;-0,01;-0,07;-0,07;0,0;0,0;-0,01;-0,01;-0,04;-0,04;-0,03;-0,03;-0,01;-0,01;-0,01;-0,01;-0,02;-0,02;-0,01;-0,01;0,0;0,0;-0,01;-0,01;-0,02;-0,02;-0,01;-0,01;0,0;0,0;-0,07;-0,07;0,0;0,0;-0,02;-0,02;-0,01;-0,01;-0,02;-0,02;-0,01;-0,01;-0,02;-0,02;-0,02;-0,02;-0,01;-0,01;-0,02;-0,02;0,0;0,0
23.07.2026;23:30;23:45;0,0;0,0;0,0;0,0;-0,02;-0,02;-0,09;-0,09;-0,01;-0,01;-0,01;-0,01;-0,02;-0,02;-0,03;-0,03;-0,02;-0,02;0,0;0,0;-0,02;-0,02;-0,01;-0,01;0,0;0,0;-0,02;-0,02;-0,01;-0,01;-0,01;-0,01;-0,01;-0,01;-0,11;-0,11;0,0;0,0;-0,02;-0,02;-0,01;-0,01;-0,02;-0,02;-0,01;-0,01;-0,03;-0,03;-0,02;-0,02;-0,02;-0,02;-0,01;-0,01;0,0;0,0
23.07.2026;23:45;00:00;0,0;0,0;0,0;0,0;-0,01;-0,01;-0,07;-0,07;0,0;0,0;-0,01;-0,01;-0,03;-0,03;-0,02;-0,02;-0,02;-0,02;-0,01;-0,01;-0,01;-0,01;-0,01;-0,01;0,0;0,0;-0,01;-0,01;0,0;0,0;-0,01;-0,01;-0,02;-0,02;-0,14;-0,14;0,0;0,0;-0,02;-0,02;-0,01;-0,01;-0,01;-0,01;-0,01;-0,01;0,0;0,0;-0,02;-0,02;-0,02;-0,02;-0,01;-0,01;0,0;0,0
24.07.2026;00:00;00:15;0,0;0,0;0,0;0,0;-0,02;-0,02;-0,07;-0,07;0,0;0,0;0,0;0,0;-0,04;-0,04;-0,01;-0,01;-0,01;-0,01;0,0;0,0;-0,01;-0,01;-0,01;-0,01;0,0;0,0;0,0;0,0;-0,01;-0,01;-0,01;-0,01;0,0;0,0;-0,15;-0,15;0,0;0,0;-0,02;-0,02;0,0;0,0;-0,01;-0,01;-0,01;-0,01;-0,01;-0,01;-0,01;-0,01;-0,01;-0,01;-0,02;-0,02;0,0;0,0
24.07.2026;00:15;00:30;0,0;0,0;-0,01;-0,01;-0,01;-0,01;-0,06;-0,06;0,0;0,0;-0,01;-0,01;-0,03;-0,03;-0,02;-0,02;-0,02;-0,02;0,0;0,0;-0,02;-0,02;-0,01;-0,01;0,0;0,0;-0,01;-0,01;-0,01;-0,01;-0,02;-0,02;0,0;0,0;-0,17;-0,17;0,0;0,0;-0,02;-0,02;-0,02;-0,02;-0,03;-0,03;-0,01;-0,01;-0,01;-0,01;-0,01;-0,01;0,0;0,0;0,0;0,0;0,0;0,0
24.07.2026;00:30;00:45;0,0;0,0;0,0;0,0;-0,02;-0,02;-0,07;-0,07;0,0;0,0;-0,02;-0,02;-0,05;-0,05;-0,01;-0,01;-0,01;-0,01;-0,01;-0,01;-0,01;-0,01;0,0;0,0;0,0;0,0;-0,02;-0,02;-0,01;-0,01;-0,01;-0,01;-0,01;-0,01;-0,06;-0,06;0,0;0,0;-0,02;-0,02;-0,01;-0,01;-0,03;-0,03;-0,01;-0,01;-0,01;-0,01;-0,02;-0,02;-0,01;-0,01;-0,02;-0,02;0,0;0,0
24.07.2026;00:45;01:00;0,0;0,0;0,0;0,0;0,0;0,0;-0,06;-0,06;0,0;0,0;0,0;0,0;-0,04;-0,04;-0,01;-0,01;-0,02;-0,02;0,0;0,0;0,0;0,0;-0,02;-0,02;0,0;0,0;0,0;0,0;-0,01;-0,01;-0,02;-0,02;-0,01;-0,01;-0,04;-0,04;0,0;0,0;-0,02;-0,02;0,0;0,0;-0,01;-0,01;-0,02;-0,02;-0,02;-0,02;-0,01;-0,01;-0,02;-0,02;-0,01;-0,01;0,0;0,0
24.07.2026;01:00;01:15;0,0;0,0;0,0;0,0;0,0;0,0;-0,1;-0,1;0,0;0,0;0,0;0,0;-0,04;-0,04;-0,01;-0,01;-0,02;-0,02;-0,01;-0,01;0,0;0,0;0,0;0,0;-0,01;-0,01;-0,01;-0,01;-0,01;-0,01;-0,01;-0,01;-0,01;-0,01;-0,04;-0,04;0,0;0,0;-0,02;-0,02;-0,02;-0,02;-0,01;-0,01;0,0;0,0;-0,01;-0,01;-0,02;-0,02;0,0;0,0;-0,01;-0,01;0,0;0,0
24.07.2026;01:15;01:30;0,0;0,0;-0,01;-0,01;-0,01;-0,01;-0,07;-0,07;0,0;0,0;-0,02;-0,02;-0,04;-0,04;-0,01;-0,01;-0,01;-0,01;-0,02;-0,02;-0,01;-0,01;-0,01;-0,01;0,0;0,0;-0,02;-0,02;0,0;0,0;-0,01;-0,01;-0,01;-0,01;-0,03;-0,03;-0,01;-0,01;-0,02;-0,02;-0,01;-0,01;-0,02;-0,02;-0,02;-0,02;-0,01;-0,01;-0,02;-0,02;-0,01;-0,01;-0,01;-0,01;0,0;0,0
24.07.2026;01:30;01:45;0,0;0,0;0,0;0,0;-0,01;-0,01;-0,07;-0,07;0,0;0,0;-0,01;-0,01;-0,04;-0,04;-0,01;-0,01;-0,01;-0,01;-0,02;-0,02;-0,01;-0,01;-0,01;-0,01;0,0;0,0;-0,01;-0,01;-0,02;-0,02;-0,01;-0,01;0,0;0,0;-0,04;-0,04;0,0;0,0;-0,02;-0,02;0,0;0,0;-0,01;-0,01;-0,01;-0,01;-0,01;-0,01;-0,02;-0,02;-0,02;-0,02;-0,01;-0,01;0,0;0,0
24.07.2026;01:45;02:00;0,0;0,0;0,0;0,0;-0,02;-0,02;-0,06;-0,06;0,0;0,0;0,0;0,0;-0,04;-0,04;-0,01;-0,01;-0,02;-0,02;-0,02;-0,02;-0,02;-0,02;-0,01;-0,01;0,0;0,0;0,0;0,0;0,0;0,0;-0,01;-0,01;0,0;0,0;-0,04;-0,04;0,0;0,0;-0,02;-0,02;-0,02;-0,02;-0,03;-0,03;-0,01;-0,01;-0,01;-0,01;-0,02;-0,02;-0,01;-0,01;-0,01;-0,01;0,0;0,0
24.07.2026;02:00;02:15;0,0;0,0;0,0;0,0;-0,01;-0,01;-0,06;-0,06;0,0;0,0;-0,01;-0,01;-0,03;-0,03;-0,01;-0,01;-0,01;-0,01;-0,01;-0,01;-0,01;-0,01;-0,01;-0,01;0,0;0,0;-0,01;-0,01;-0,01;-0,01;-0,01;-0,01;-0,01;-0,01;-0,03;-0,03;0,0;0,0;-0,02;-0,02;0,0;0,0;-0,02;-0,02;-0,01;-0,01;-0,04;-0,04;-0,02;-0,02;-0,02;-0,02;-0,01;-0,01;0,0;0,0
24.07.2026;02:15;02:30;0,0;0,0;0,0;0,0;-0,01;-0,01;-0,07;-0,07;0,0;0,0;-0,02;-0,02;-0,04;-0,04;-0,01;-0,01;-0,02;-0,02;-0,02;-0,02;-0,02;-0,02;-0,01;-0,01;0,0;0,0;-0,02;-0,02;-0,01;-0,01;-0,01;-0,01;-0,01;-0,01;-0,03;-0,03;0,0;0,0;-0,02;-0,02;-0,02;-0,02;-0,01;-0,01;-0,01;-0,01;-0,03;-0,03;-0,02;-0,02;0,0;0,0;-0,01;-0,01;0,0;0,0
24.07.2026;02:30;02:45;0,0;0,0;-0,01;-0,01;-0,01;-0,01;-0,06;-0,06;0,0;0,0;0,0;0,0;-0,04;-0,04;-0,01;-0,01;-0,01;-0,01;-0,02;-0,02;-0,01;-0,01;0,0;0,0;0,0;0,0;0,0;0,0;-0,01;-0,01;-0,01;-0,01;-0,01;-0,01;-0,04;-0,04;0,0;0,0;-0,02;-0,02;-0,01;-0,01;-0,02;-0,02;-0,01;-0,01;-0,03;-0,03;-0,02;-0,02;-0,01;-0,01;-0,01;-0,01;0,0;0,0
24.07.2026;02:45;03:00;0,0;0,0;0,0;0,0;0,0;0,0;-0,07;-0,07;0,0;0,0;-0,01;-0,01;-0,03;-0,03;-0,01;-0,01;-0,01;-0,01;0,0;0,0;-0,01;-0,01;-0,01;-0,01;0,0;0,0;-0,01;-0,01;-0,01;-0,01;-0,01;-0,01;-0,01;-0,01;-0,04;-0,04;0,0;0,0;-0,02;-0,02;0,0;0,0;-0,01;-0,01;-0,01;-0,01;-0,02;-0,02;-0,02;-0,02;-0,02;-0,02;-0,02;-0,02;0,0;0,0
24.07.2026;03:00;03:15;0,0;0,0;0,0;0,0;-0,01;-0,01;-0,08;-0,08;0,0;0,0;-0,01;-0,01;-0,04;-0,04;-0,01;-0,01;-0,02;-0,02;-0,01;-0,01;0,0;0,0;-0,01;-0,01;0,0;0,0;-0,01;-0,01;-0,01;-0,01;-0,01;-0,01;0,0;0,0;-0,03;-0,03;0,0;0,0;-0,02;-0,02;-0,02;-0,02;-0,02;-0,02;-0,01;-0,01;-0,02;-0,02;-0,02;-0,02;0,0;0,0;-0,03;-0,03;0,0;0,0
24.07.2026;03:15;03:30;0,0;0,0;0,0;0,0;-0,01;-0,01;-0,07;-0,07;0,0;0,0;-0,01;-0,01;-0,04;-0,04;-0,01;-0,01;-0,01;-0,01;0,0;0,0;0,0;0,0;0,0;0,0;0,0;0,0;-0,01;-0,01;-0,01;-0,01;0,0;0,0;0,0;0,0;-0,04;-0,04;-0,01;-0,01;-0,02;-0,02;-0,01;-0,01;-0,03;-0,03;-0,01;-0,01;-0,02;-0,02;-0,01;-0,01;-0,01;-0,01;-0,02;-0,02;0,0;0,0
24.07.2026;03:30;03:45;0,0;0,0;-0,01;-0,01;-0,01;-0,01;-0,06;-0,06;0,0;0,0;0,0;0,0;-0,03;-0,03;-0,01;-0,01;-0,02;-0,02;0,0;0,0;-0,01;-0,01;-0,02;-0,02;0,0;0,0;-0,01;-0,01;-0,01;-0,01;-0,02;-0,02;-0,01;-0,01;-0,04;-0,04;0,0;0,0;-0,02;-0,02;0,0;0,0;-0,01;-0,01;-0,01;-0,01;0,0;0,0;-0,01;-0,01;-0,02;-0,02;-0,02;-0,02;0,0;0,0
24.07.2026;03:45;04:00;0,0;0,0;0,0;0,0;-0,01;-0,01;-0,06;-0,06;0,0;0,0;-0,01;-0,01;-0,04;-0,04;-0,01;-0,01;-0,01;-0,01;-0,01;-0,01;-0,02;-0,02;0,0;0,0;0,0;0,0;0,0;0,0;-0,01;-0,01;-0,01;-0,01;-0,01;-0,01;-0,03;-0,03;0,0;0,0;-0,02;-0,02;-0,02;-0,02;-0,01;-0,01;-0,01;-0,01;-0,01;-0,01;0,0;0,0;-0,02;-0,02;-0,01;-0,01;0,0;0,0
24.07.2026;04:00;04:15;0,0;0,0;0,0;0,0;-0,02;-0,02;-0,06;-0,06;0,0;0,0;-0,01;-0,01;-0,04;-0,04;-0,01;-0,01;-0,01;-0,01;0,0;0,0;-0,01;-0,01;-0,01;-0,01;0,0;0,0;-0,02;-0,02;-0,01;-0,01;0,0;0,0;-0,01;-0,01;-0,03;-0,03;0,0;0,0;-0,02;-0,02;0,0;0,0;-0,02;-0,02;-0,01;-0,01;-0,01;-0,01;0,0;0,0;-0,01;-0,01;-0,02;-0,02;0,0;0,0
24.07.2026;04:15;04:30;0,0;0,0;0,0;0,0;-0,01;-0,01;-0,06;-0,06;0,0;0,0;-0,01;-0,01;-0,03;-0,03;-0,01;-0,01;-0,04;-0,04;-0,01;-0,01;-0,02;-0,02;-0,02;-0,02;0,0;0,0;-0,01;-0,01;0,0;0,0;-0,02;-0,02;0,0;0,0;-0,04;-0,04;0,0;0,0;-0,02;-0,02;-0,02;-0,02;-0,01;-0,01;-0,01;-0,01;-0,02;-0,02;-0,02;-0,02;0,0;0,0;-0,01;-0,01;0,0;0,0
24.07.2026;04:30;04:45;0,0;0,0;-0,01;-0,01;0,0;0,0;-0,06;-0,06;-0,01;-0,01;-0,01;-0,01;-0,04;-0,04;-0,01;-0,01;-0,02;-0,02;0,0;0,0;-0,01;-0,01;0,0;0,0;0,0;0,0;0,0;0,0;-0,01;-0,01;-0,01;-0,01;-0,01;-0,01;-0,01;-0,01;0,0;0,0;-0,02;-0,02;-0,01;-0,01;-0,03;-0,03;-0,01;-0,01;-0,01;-0,01;-0,02;-0,02;-0,01;-0,01;-0,01;-0,01;0,0;0,0
24.07.2026;04:45;05:00;0,0;0,0;0,0;0,0;-0,01;-0,01;-0,09;-0,09;0,0;0,0;0,0;0,0;-0,03;-0,03;-0,01;-0,01;-0,02;-0,02;-0,02;-0,02;-0,01;-0,01;-0,01;-0,01;0,0;0,0;-0,01;-0,01;-0,01;-0,01;0,0;0,0;0,0;0,0;-0,01;-0,01;0,0;0,0;-0,02;-0,02;0,0;0,0;-0,02;-0,02;-0,01;-0,01;-0,01;-0,01;-0,02;-0,02;-0,02;-0,02;-0,01;-0,01;0,0;0,0
24.07.2026;05:00;05:15;0,0;0,0;0,0;0,0;0,0;0,0;-0,08;-0,08;0,0;0,0;-0,02;-0,02;-0,04;-0,04;0,0;0,0;-0,01;-0,01;-0,02;-0,02;-0,01;-0,01;-0,01;-0,01;0,0;0,0;-0,01;-0,01;-0,01;-0,01;-0,02;-0,02;-0,01;-0,01;-0,01;-0,01;0,0;0,0;-0,02;-0,02;-0,02;-0,02;-0,02;-0,02;-0,01;-0,01;-0,01;-0,01;-0,02;-0,02;0,0;0,0;-0,01;-0,01;0,0;0,0
24.07.2026;05:15;05:30;0,0;0,0;0,0;0,0;-0,01;-0,01;-0,06;-0,06;0,0;0,0;0,0;0,0;-0,03;-0,03;-0,02;-0,02;-0,02;-0,02;-0,01;-0,01;0,0;0,0;0,0;0,0;0,0;0,0;-0,02;-0,02;-0,01;-0,01;0,0;0,0;-0,01;-0,01;-0,01;-0,01;-0,01;-0,01;-0,02;-0,02;0,0;0,0;-0,01;-0,01;-0,01;-0,01;-0,01;-0,01;-0,02;-0,02;-0,01;-0,01;-0,02;-0,02;0,0;0,0
24.07.2026;05:30;05:45;0,01;0,01;0,0;0,0;-0,02;-0,02;-0,06;-0,06;0,0;0,0;-0,01;-0,01;-0,04;-0,04;0,0;0,0;-0,01;-0,01;-0,02;-0,02;0,0;0,0;-0,01;-0,01;0,0;0,0;0,0;0,0;-0,01;-0,01;-0,01;-0,01;-0,01;-0,01;-0,01;-0,01;0,0;0,0;-0,02;-0,02;-0,01;-0,01;-0,01;-0,01;-0,01;-0,01;-0,02;-0,02;-0,02;-0,02;-0,02;-0,02;-0,07;-0,07;0,0;0,0
24.07.2026;05:45;06:00;0,03;0,03;-0,01;-0,01;-0,01;-0,01;-0,1;-0,1;0,0;0,0;-0,01;-0,01;-0,03;-0,03;-0,01;-0,01;-0,01;-0,01;-0,02;-0,02;-0,02;-0,02;-0,04;-0,04;0,0;0,0;0,0;0,0;-0,01;-0,01;-0,01;-0,01;0,0;0,0;-0,01;-0,01;0,0;0,0;-0,02;-0,02;-0,02;-0,02;-0,02;-0,02;-0,01;-0,01;-0,01;-0,01;-0,01;-0,01;0,0;0,0;-0,01;-0,01;0,0;0,0
24.07.2026;06:00;06:15;0,07;0,07;0,0;0,0;-0,02;-0,02;-0,1;-0,1;0,0;0,0;-0,01;-0,01;-0,04;-0,04;-0,01;-0,01;-0,03;-0,03;-0,13;-0,13;-0,01;-0,01;-0,01;-0,01;-0,01;-0,01;-0,03;-0,03;-0,01;-0,01;-0,01;-0,01;-0,01;-0,01;-0,01;-0,01;0,0;0,0;-0,02;-0,02;0,0;0,0;-0,02;-0,02;-0,01;-0,01;-0,01;-0,01;-0,02;-0,02;-0,02;-0,02;-0,01;-0,01;0,0;0,0
24.07.2026;06:15;06:30;0,14;0,11;0,0;0,0;-0,07;-0,07;-0,13;-0,1;0,0;0,0;-0,01;-0,01;-0,03;-0,03;-0,01;-0,01;-0,01;-0,01;-0,02;-0,02;-0,02;-0,02;-0,02;-0,02;0,0;0,0;-0,04;-0,04;-0,01;-0,01;-0,06;-0,06;0,0;0,0;-0,01;-0,01;0,0;0,0;-0,02;-0,02;-0,13;-0,13;-0,02;-0,02;-0,01;-0,01;-0,01;-0,01;-0,02;-0,02;-0,02;-0,02;-0,01;-0,01;0,0;0,0
24.07.2026;06:30;06:45;0,23;0,17;0,0;0,0;-0,05;-0,05;-0,08;-0,02;0,0;0,0;0,0;0,0;-0,04;-0,04;-0,01;-0,01;-0,02;-0,02;-0,01;-0,01;-0,01;-0,01;-0,01;-0,01;0,0;0,0;-0,01;-0,01;-0,01;-0,01;-0,01;-0,01;-0,01;-0,01;-0,01;-0,01;0,0;0,0;-0,02;-0,02;-0,03;-0,03;-0,02;-0,02;-0,01;-0,01;-0,02;-0,02;-0,02;-0,02;-0,01;-0,01;-0,01;-0,01;0,0;0,0
24.07.2026;06:45;07:00;0,15;0,11;-0,01;-0,01;-0,08;-0,08;-0,11;-0,07;0,0;0,0;-0,01;-0,01;-0,03;-0,03;-0,04;-0,04;-0,04;-0,04;-0,01;-0,01;-0,01;-0,01;0,0;0,0;0,0;0,0;0,0;0,0;-0,01;-0,01;-0,01;-0,01;-0,01;-0,01;-0,01;-0,01;0,0;0,0;-0,1;-0,1;-0,01;-0,01;-0,01;-0,01;-0,01;-0,01;-0,01;-0,01;-0,02;-0,02;0,0;0,0;-0,01;-0,01;0,0;0,0
24.07.2026;07:00;07:15;0,0;0,0;0,0;0,0;-0,02;-0,02;-0,08;-0,08;0,0;0,0;-0,01;-0,01;-0,03;-0,03;-0,01;-0,01;-0,01;-0,01;0,0;0,0;-0,02;-0,02;-0,01;-0,01;0,0;0,0;-0,03;-0,03;0,0;0,0;-0,01;-0,01;-0,01;-0,01;-0,02;-0,02;0,0;0,0;-0,02;-0,02;-0,01;-0,01;-0,01;-0,01;-0,01;-0,01;-0,01;-0,01;-0,02;-0,02;-0,01;-0,01;-0,02;-0,02;0,0;0,0
24.07.2026;07:15;07:30;0,0;0,0;0,0;0,0;-0,01;-0,01;-0,2;-0,2;0,0;0,0;-0,01;-0,01;-0,03;-0,03;-0,03;-0,03;-0,02;-0,02;0,0;0,0;0,0;0,0;-0,01;-0,01;0,0;0,0;-0,05;-0,05;-0,01;-0,01;-0,02;-0,02;0,0;0,0;-0,01;-0,01;0,0;0,0;-0,11;-0,11;-0,02;-0,02;-0,02;-0,02;-0,01;-0,01;-0,01;-0,01;-0,01;-0,01;-0,01;-0,01;-0,03;-0,03;0,0;0,0
24.07.2026;07:30;07:45;0,54;0,19;0,0;0,0;-0,02;0,0;-0,23;-0,14;0,0;0,0;0,0;0,0;-0,04;-0,02;-0,03;-0,01;-0,01;0,0;-0,01;0,0;0,0;0,0;0,0;0,0;0,0;0,0;-0,02;0,0;-0,01;0,0;-0,01;0,0;0,0;0,0;-0,05;-0,03;-0,01;0,0;-0,03;-0,01;0,0;0,0;-0,03;-0,01;-0,01;0,0;-0,01;0,0;-0,02;0,0;-0,01;0,0;-0,02;0,0;0,0;0,0
24.07.2026;07:45;08:00;1,08;0,5;0,0;0,0;-0,01;0,0;-0,24;0,0;0,0;0,0;-0,02;0,0;-0,02;0,0;-0,03;0,0;-0,02;0,0;0,0;0,0;-0,01;0,0;-0,02;0,0;0,0;0,0;-0,02;0,0;-0,01;0,0;-0,02;0,0;-0,01;0,0;-0,04;0,0;0,0;0,0;-0,02;0,0;-0,02;0,0;-0,02;0,0;-0,01;0,0;-0,01;0,0;-0,02;0,0;-0,01;0,0;0,0;0,0;0,0;0,0
24.07.2026;08:00;08:15;1,4;0,82;-0,01;0,0;0,0;0,0;-0,15;0,0;0,0;0,0;-0,01;0,0;-0,04;0,0;-0,01;0,0;-0,02;0,0;-0,01;0,0;-0,01;0,0;-0,01;0,0;0,0;0,0;-0,07;0,0;-0,01;0,0;-0,01;0,0;-0,02;0,0;-0,03;0,0;0,0;0,0;-0,02;0,0;-0,01;0,0;-0,01;0,0;-0,05;0,0;-0,02;0,0;-0,02;0,0;-0,02;0,0;-0,02;0,0;0,0;0,0
24.07.2026;08:15;08:30;1,7;1,25;0,0;0,0;-0,01;0,0;-0,07;0,0;0,0;0,0;0,0;0,0;-0,03;0,0;-0,02;0,0;-0,01;0,0;0,0;0,0;-0,02;0,0;0,0;0,0;0,0;0,0;-0,1;0,0;-0,01;0,0;-0,01;0,0;-0,01;0,0;-0,02;0,0;0,0;0,0;-0,03;0,0;0,0;0,0;-0,01;0,0;-0,04;0,0;-0,01;0,0;-0,02;0,0;-0,02;0,0;-0,01;0,0;0,0;0,0
24.07.2026;08:30;08:45;1,93;1,31;0,0;0,0;0,0;0,0;-0,08;0,0;0,0;0,0;-0,01;0,0;-0,05;0,0;-0,03;0,0;-0,02;0,0;-0,01;0,0;-0,01;0,0;-0,08;0,0;0,0;0,0;-0,07;0,0;-0,01;0,0;-0,02;0,0;0,0;0,0;-0,1;0,0;0,0;0,0;-0,02;0,0;-0,02;0,0;-0,02;0,0;-0,04;0,0;0,0;0,0;-0,01;0,0;-0,01;0,0;-0,01;0,0;0,0;0,0
24.07.2026;08:45;09:00;2,16;1,42;0,0;0,0;-0,02;0,0;-0,08;0,0;0,0;0,0;-0,01;0,0;-0,04;0,0;-0,02;0,0;-0,01;0,0;-0,02;0,0;-0,01;0,0;-0,08;0,0;0,0;0,0;-0,02;0,0;-0,01;0,0;-0,01;0,0;0,0;0,0;-0,83;-0,56;0,0;0,0;-0,02;0,0;-0,01;0,0;-0,02;0,0;-0,04;0,0;-0,02;0,0;-0,02;0,0;0,0;0,0;-0,01;0,0;0,0;0,0
24.07.2026;09:00;09:15;2,61;1,72;-0,01;0,0;-0,01;0,0;-0,14;0,0;0,0;0,0;-0,01;0,0;-0,04;0,0;-0,02;0,0;-0,01;0,0;-0,02;0,0;-0,02;0,0;-0,06;0,0;0,0;0,0;-0,03;0,0;-0,01;0,0;-0,01;0,0;-0,01;0,0;-1,13;-0,8;0,0;0,0;-0,02;0,0;-0,01;0,0;-0,03;0,0;-0,04;0,0;-0,01;0,0;-0,02;0,0;-0,02;0,0;-0,01;0,0;0,0;0,0
24.07.2026;09:15;09:30;2,68;1,88;0,0;0,0;-0,01;0,0;-0,1;0,0;0,0;0,0;0,0;0,0;-0,04;0,0;-0,02;0,0;-0,02;0,0;-0,02;0,0;-0,01;0,0;-0,02;0,0;0,0;0,0;-0,02;0,0;-0,01;0,0;-0,01;0,0;-0,02;0,0;-0,51;-0,15;0,0;0,0;-0,02;0,0;-0,01;0,0;-0,01;0,0;-0,05;0,0;-0,01;0,0;-0,02;0,0;-0,01;0,0;-0,01;0,0;0,0;0,0
24.07.2026;09:30;09:45;2,9;2,13;0,0;0,0;-0,02;0,0;-0,08;0,0;-0,01;0,0;-0,01;0,0;-0,04;0,0;-0,03;0,0;-0,01;0,0;-0,01;0,0;0,0;0,0;0,0;0,0;0,0;0,0;-0,02;0,0;-0,01;0,0;0,0;0,0;-0,02;0,0;-0,31;0,0;0,0;0,0;-0,02;0,0;0,0;0,0;-0,01;0,0;-0,14;0,0;-0,01;0,0;-0,01;0,0;0,0;0,0;-0,01;0,0;0,0;0,0
24.07.2026;09:45;10:00;2,46;1,77;0,0;0,0;0,0;0,0;-0,07;0,0;0,0;0,0;-0,02;0,0;-0,04;0,0;-0,01;0,0;-0,02;0,0;-0,02;0,0;0,0;0,0;-0,01;0,0;0,0;0,0;-0,06;0,0;-0,02;0,0;-0,01;0,0;0,0;0,0;-0,26;0,0;-0,01;0,0;-0,02;0,0;-0,02;0,0;-0,01;0,0;-0,03;0,0;-0,02;0,0;-0,02;0,0;-0,01;0,0;-0,01;0,0;0,0;0,0
24.07.2026;10:00;10:15;3,38;2,55;0,0;0,0;-0,01;0,0;-0,14;0,0;0,0;0,0;0,0;0,0;-0,04;0,0;-0,03;0,0;-0,01;0,0;-0,02;0,0;-0,01;0,0;-0,02;0,0;0,0;0,0;-0,03;0,0;-0,01;0,0;-0,02;0,0;-0,01;0,0;-0,2;0,0;0,0;0,0;-0,02;0,0;-0,01;0,0;-0,01;0,0;-0,19;0,0;-0,01;0,0;-0,02;0,0;-0,01;0,0;-0,01;0,0;0,0;0,0
24.07.2026;10:15;10:30;3,25;2,48;-0,01;0,0;0,0;0,0;-0,07;0,0;0,0;0,0;0,0;0,0;-0,03;0,0;-0,02;0,0;-0,01;0,0;-0,01;0,0;-0,02;0,0;0,0;0,0;0,0;0,0;-0,02;0,0;-0,01;0,0;0,0;0,0;0,0;0,0;-0,25;0,0;0,0;0,0;-0,02;0,0;-0,01;0,0;-0,03;0,0;-0,23;0,0;-0,01;0,0;0,0;0,0;-0,01;0,0;-0,01;0,0;0,0;0,0
24.07.2026;10:30;10:45;1,06;0,5;0,0;0,0;-0,01;0,0;-0,08;0,0;0,0;0,0;-0,02;0,0;-0,04;0,0;-0,02;0,0;-0,02;0,0;0,0;0,0;-0,01;0,0;-0,1;-0,02;0,0;0,0;-0,03;0,0;-0,01;0,0;-0,01;0,0;-0,01;0,0;-0,31;-0,23;0,0;0,0;-0,03;0,0;-0,01;0,0;-0,01;0,0;-0,05;0,0;-0,01;0,0;0,0;0,0;-0,02;0,0;-0,01;0,0;0,0;0,0
24.07.2026;10:45;11:00;0,05;0,05;0,0;0,0;-0,02;-0,02;-0,08;-0,08;0,0;0,0;-0,01;-0,01;-0,04;-0,04;-0,02;-0,02;-0,01;-0,01;-0,01;-0,01;-0,02;-0,02;-0,01;-0,01;0,0;0,0;-0,02;-0,02;-0,01;-0,01;-0,01;-0,01;-0,01;-0,01;-0,34;-0,34;0,0;0,0;-0,02;-0,02;-0,01;-0,01;-0,01;-0,01;-0,07;-0,07;-0,02;-0,02;-0,01;-0,01;-0,01;-0,01;-0,02;-0,02;0,0;0,0
24.07.2026;11:00;11:15;2,14;1,38;0,0;0,0;-0,01;0,0;-0,19;0,0;0,0;0,0;0,0;0,0;-0,03;0,0;-0,02;0,0;-0,02;0,0;0,0;0,0;-0,01;0,0;-0,01;0,0;-0,01;0,0;-0,03;0,0;-0,01;0,0;-0,01;0,0;-0,01;0,0;-0,51;-0,24;0,0;0,0;-0,02;0,0;-0,01;0,0;-0,02;0,0;-0,07;0,0;0,0;0,0;0,0;0,0;-0,01;0,0;0,0;0,0;0,0;0,0
24.07.2026;11:15;11:30;4,1;3,25;-0,01;0,0;-0,04;0,0;-0,26;0,0;0,0;0,0;0,0;0,0;-0,04;0,0;-0,02;0,0;0,0;0,0;-0,01;0,0;-0,01;0,0;-0,01;0,0;0,0;0,0;-0,04;0,0;0,0;0,0;-0,01;0,0;-0,04;0,0;-0,2;0,0;0,0;0,0;-0,03;0,0;-0,01;0,0;-0,01;0,0;-0,07;0,0;-0,02;0,0;0,0;0,0;-0,01;0,0;-0,01;0,0;0,0;0,0
24.07.2026;11:30;11:45;4,48;3,72;0,0;0,0;-0,01;0,0;-0,13;0,0;0,0;0,0;-0,02;0,0;-0,04;0,0;-0,07;0,0;-0,02;0,0;0,0;0,0;-0,02;0,0;-0,01;0,0;0,0;0,0;-0,02;0,0;-0,01;0,0;-0,01;0,0;-0,03;0,0;-0,22;0,0;0,0;0,0;-0,02;0,0;0,0;0,0;-0,02;0,0;-0,06;0,0;-0,01;0,0;-0,01;0,0;-0,01;0,0;-0,02;0,0;0,0;0,0
24.07.2026;11:45;12:00;4,41;3,63;0,0;0,0;-0,01;0,0;-0,09;0,0;0,0;0,0;-0,01;0,0;-0,03;0,0;-0,04;0,0;-0,01;0,0;-0,01;0,0;0,0;0,0;0,0;0,0;0,0;0,0;-0,03;0,0;-0,01;0,0;-0,01;0,0;-0,02;0,0;-0,3;0,0;-0,01;0,0;-0,02;0,0;-0,02;0,0;-0,03;0,0;-0,05;0,0;-0,01;0,0;-0,02;0,0;-0,01;0,0;-0,04;0,0;0,0;0,0
24.07.2026;12:00;12:15;3,44;2,81;0,0;0,0;-0,01;0,0;-0,09;0,0;0,0;0,0;0,0;0,0;-0,04;0,0;-0,05;0,0;-0,02;0,0;0,0;0,0;0,0;0,0;-0,02;0,0;0,0;0,0;-0,03;0,0;-0,02;0,0;-0,01;0,0;-0,02;0,0;-0,19;0,0;0,0;0,0;-0,03;0,0;-0,01;0,0;-0,01;0,0;-0,04;0,0;-0,01;0,0;-0,01;0,0;-0,01;0,0;-0,01;0,0;0,0;0,0
24.07.2026;12:15;12:30;3,83;3,2;0,0;0,0;0,0;0,0;-0,08;0,0;0,0;0,0;-0,01;0,0;-0,04;0,0;-0,04;0,0;-0,02;0,0;-0,01;0,0;0,0;0,0;0,0;0,0;0,0;0,0;-0,02;0,0;-0,01;0,0;-0,01;0,0;-0,03;0,0;-0,17;0,0;0,0;0,0;-0,02;0,0;0,0;0,0;-0,06;0,0;-0,05;0,0;-0,02;0,0;-0,01;0,0;-0,01;0,0;-0,02;0,0;0,0;0,0
24.07.2026;12:30;12:45;3,85;3,22;-0,01;0,0;-0,02;0,0;-0,07;0,0;0,0;0,0;-0,01;0,0;-0,03;0,0;-0,02;0,0;0,0;0,0;-0,02;0,0;-0,02;0,0;-0,01;0,0;0,0;0,0;-0,05;0,0;0,0;0,0;-0,01;0,0;-0,02;0,0;-0,15;0,0;0,0;0,0;-0,02;0,0;-0,02;0,0;-0,07;0,0;-0,04;0,0;-0,01;0,0;-0,01;0,0;-0,02;0,0;0,0;0,0;0,0;0,0
24.07.2026;12:45;13:00;1,86;1,12;0,0;0,0;-0,01;0,0;-0,08;0,0;0,0;0,0;-0,01;0,0;-0,04;0,0;-0,03;0,0;-0,02;0,0;-0,02;0,0;-0,02;0,0;-0,01;0,0;0,0;0,0;-0,03;0,0;-0,01;0,0;-0,01;0,0;-0,02;0,0;-0,15;0,0;0,0;0,0;-0,15;0,0;0,0;0,0;-0,03;0,0;-0,05;0,0;-0,01;0,0;-0,01;0,0;-0,01;0,0;-0,02;0,0;0,0;0,0
24.07.2026;13:00;13:15;3,62;2,66;0,0;0,0;-0,02;0,0;-0,25;0,0;0,0;0,0;-0,01;0,0;-0,03;0,0;-0,02;0,0;-0,02;0,0;-0,01;0,0;-0,01;0,0;-0,01;0,0;0,0;0,0;-0,03;0,0;-0,01;0,0;-0,01;0,0;-0,02;0,0;-0,09;0,0;0,0;0,0;-0,3;0,0;-0,01;0,0;-0,02;0,0;-0,04;0,0;-0,01;0,0;-0,02;0,0;-0,01;0,0;-0,01;0,0;0,0;0,0
24.07.2026;13:15;13:30;3,3;2,75;0,0;0,0;-0,01;0,0;-0,14;0,0;0,0;0,0;0,0;0,0;-0,04;0,0;-0,02;0,0;-0,02;0,0;-0,02;0,0;-0,02;0,0;-0,01;0,0;0,0;0,0;-0,01;0,0;-0,01;0,0;-0,01;0,0;-0,02;0,0;-0,02;0,0;0,0;0,0;-0,07;0,0;-0,01;0,0;-0,02;0,0;-0,04;0,0;-0,02;0,0;-0,01;0,0;-0,02;0,0;-0,01;0,0;0,0;0,0
24.07.2026;13:30;13:45;3,85;3,35;-0,01;0,0;-0,01;0,0;-0,14;0,0;0,0;0,0;-0,02;0,0;-0,04;0,0;-0,01;0,0;-0,02;0,0;-0,02;0,0;-0,01;0,0;-0,01;0,0;0,0;0,0;-0,01;0,0;-0,01;0,0;-0,01;0,0;-0,01;0,0;-0,02;0,0;0,0;0,0;-0,04;0,0;-0,01;0,0;-0,01;0,0;-0,04;0,0;0,0;0,0;-0,01;0,0;-0,03;0,0;-0,01;0,0;0,0;0,0
24.07.2026;13:45;14:00;4,78;4,24;0,0;0,0;-0,01;0,0;-0,09;0,0;0,0;0,0;-0,01;0,0;-0,03;0,0;-0,03;0,0;-0,08;0,0;-0,01;0,0;-0,01;0,0;0,0;0,0;0,0;0,0;-0,01;0,0;-0,01;0,0;0,0;0,0;-0,03;0,0;-0,06;0,0;0,0;0,0;-0,04;0,0;-0,01;0,0;-0,01;0,0;-0,05;0,0;-0,01;0,0;-0,02;0,0;-0,01;0,0;-0,01;0,0;0,0;0,0
24.07.2026;14:00;14:15;3,21;2,67;0,0;0,0;0,0;0,0;-0,16;0,0;0,0;0,0;0,0;0,0;-0,04;0,0;-0,02;0,0;-0,02;0,0;-0,02;0,0;-0,01;0,0;-0,01;0,0;0,0;0,0;-0,01;0,0;-0,01;0,0;-0,02;0,0;-0,01;0,0;-0,03;0,0;-0,01;0,0;-0,04;0,0;-0,01;0,0;-0,02;0,0;-0,04;0,0;-0,02;0,0;-0,02;0,0;-0,01;0,0;-0,01;0,0;0,0;0,0
24.07.2026;14:15;14:30;0,76;0,32;0,0;0,0;-0,02;0,0;-0,11;0,0;0,0;0,0;-0,01;0,0;-0,02;0,0;-0,02;0,0;-0,01;0,0;0,0;0,0;0,0;0,0;-0,01;0,0;0,0;0,0;-0,01;0,0;-0,01;0,0;-0,01;0,0;-0,01;0,0;-0,02;0,0;0,0;0,0;-0,16;-0,1;-0,01;0,0;-0,02;0,0;-0,04;0,0;-0,01;0,0;-0,02;0,0;-0,01;0,0;-0,01;0,0;0,0;0,0
24.07.2026;14:30;14:45;1,68;1,03;-0,01;0,0;-0,01;0,0;-0,11;0,0;-0,01;0,0;-0,01;0,0;-0,04;0,0;-0,06;0,0;-0,02;0,0;-0,01;0,0;0,0;0,0;-0,01;0,0;0,0;0,0;0,0;0,0;0,0;0,0;-0,01;0,0;-0,01;0,0;-0,02;0,0;0,0;0,0;-0,19;-0,01;-0,01;0,0;-0,02;0,0;-0,05;0,0;-0,01;0,0;-0,02;0,0;-0,02;0,0;-0,01;0,0;0,0;0,0
24.07.2026;14:45;15:00;3,48;2,85;0,0;0,0;-0,02;0,0;-0,25;0,0;0,0;0,0;-0,01;0,0;-0,03;0,0;-0,03;0,0;-0,01;0,0;0,0;0,0;-0,02;0,0;-0,01;0,0;0,0;0,0;-0,02;0,0;-0,01;0,0;-0,01;0,0;0,0;0,0;-0,02;0,0;0,0;0,0;-0,09;0,0;-0,01;0,0;-0,01;0,0;-0,04;0,0;-0,01;0,0;-0,01;0,0;-0,01;0,0;-0,01;0,0;0,0;0,0
24.07.2026;15:00;15:15;4,01;3,56;0,0;0,0;-0,01;0,0;-0,09;0,0;0,0;0,0;0,0;0,0;-0,04;0,0;-0,02;0,0;-0,03;0,0;0,0;0,0;-0,01;0,0;-0,03;0,0;0,0;0,0;-0,05;0,0;-0,01;0,0;-0,02;0,0;-0,01;0,0;-0,02;0,0;0,0;0,0;-0,02;0,0;0,0;0,0;0,0;0,0;-0,04;0,0;-0,01;0,0;-0,02;0,0;-0,01;0,0;-0,01;0,0;0,0;0,0
24.07.2026;15:15;15:30;1,82;1,29;0,0;0,0;-0,02;0,0;-0,16;0,0;0,0;0,0;-0,01;0,0;-0,02;0,0;-0,02;0,0;-0,02;0,0;-0,01;0,0;-0,02;0,0;-0,01;0,0;0,0;0,0;-0,03;0,0;-0,01;0,0;-0,01;0,0;0,0;0,0;-0,02;0,0;0,0;0,0;-0,02;0,0;-0,02;0,0;-0,02;0,0;-0,05;0,0;-0,01;0,0;-0,02;0,0;-0,01;0,0;-0,02;0,0;0,0;0,0
24.07.2026;15:30;15:45;2,51;1,99;0,0;0,0;-0,01;0,0;-0,09;0,0;0,0;0,0;-0,02;0,0;-0,04;0,0;-0,03;0,0;-0,01;0,0;0,0;0,0;-0,01;0,0;-0,06;0,0;0,0;0,0;-0,04;0,0;-0,01;0,0;-0,01;0,0;-0,02;0,0;-0,02;0,0;0,0;0,0;-0,03;0,0;0,0;0,0;-0,02;0,0;-0,04;0,0;-0,02;0,0;-0,02;0,0;-0,01;0,0;-0,01;0,0;0,0;0,0
24.07.2026;15:45;16:00;1,68;1,0;-0,01;0,0;-0,04;0,0;-0,26;0,0;0,0;0,0;0,0;0,0;-0,03;0,0;-0,02;0,0;-0,01;0,0;-0,01;0,0;-0,01;0,0;-0,08;0,0;0,0;0,0;-0,02;0,0;-0,01;0,0;-0,01;0,0;-0,01;0,0;-0,02;0,0;0,0;0,0;-0,02;0,0;-0,01;0,0;-0,02;0,0;-0,05;0,0;-0,01;0,0;-0,02;0,0;0,0;0,0;-0,01;0,0;0,0;0,0
24.07.2026;16:00;16:15;2,48;1,84;0,0;0,0;0,0;0,0;-0,25;0,0;0,0;0,0;-0,01;0,0;-0,03;0,0;-0,02;0,0;-0,02;0,0;0,0;0,0;-0,02;0,0;-0,05;0,0;-0,01;0,0;-0,01;0,0;-0,01;0,0;-0,01;0,0;-0,03;0,0;-0,02;0,0;-0,01;0,0;-0,02;0,0;-0,03;0,0;-0,01;0,0;-0,04;0,0;-0,01;0,0;-0,01;0,0;-0,01;0,0;-0,01;0,0;0,0;0,0
24.07.2026;16:15;16:30;2,63;1,83;0,0;0,0;-0,02;0,0;-0,2;0,0;-0,01;0,0;-0,01;0,0;-0,03;0,0;-0,05;0,0;-0,01;0,0;-0,02;0,0;0,0;0,0;-0,03;0,0;0,0;0,0;-0,03;0,0;-0,01;0,0;-0,01;0,0;-0,03;0,0;-0,02;0,0;0,0;0,0;-0,02;0,0;-0,18;0,0;-0,01;0,0;-0,04;0,0;-0,01;0,0;-0,02;0,0;-0,02;0,0;-0,02;0,0;0,0;0,0
24.07.2026;16:30;16:45;3,21;2,45;0,0;0,0;-0,01;0,0;-0,11;0,0;-0,01;0,0;-0,01;0,0;-0,04;0,0;-0,02;0,0;-0,02;0,0;-0,02;0,0;-0,01;0,0;-0,02;0,0;0,0;0,0;-0,03;0,0;0,0;0,0;-0,01;0,0;-0,02;0,0;-0,02;0,0;0,0;0,0;-0,04;0,0;-0,25;0,0;-0,01;0,0;-0,05;0,0;-0,02;0,0;-0,02;0,0;-0,01;0,0;-0,01;0,0;0,0;0,0
24.07.2026;16:45;17:00;2,74;2,11;-0,01;0,0;-0,02;0,0;-0,14;0,0;-0,01;0,0;-0,01;0,0;-0,06;0,0;-0,02;0,0;-0,01;0,0;-0,02;0,0;0,0;0,0;-0,02;0,0;0,0;0,0;-0,02;0,0;-0,02;0,0;-0,01;0,0;-0,02;0,0;-0,07;0,0;0,0;0,0;-0,02;0,0;-0,04;0,0;-0,02;0,0;-0,04;0,0;0,0;0,0;-0,02;0,0;-0,02;0,0;-0,01;0,0;0,0;0,0
24.07.2026;17:00;17:15;2,78;1,53;0,0;0,0;-0,29;0,0;-0,23;0,0;0,0;0,0;0,0;0,0;-0,03;0,0;-0,02;0,0;-0,01;0,0;-0,02;0,0;-0,01;0,0;-0,02;0,0;0,0;0,0;-0,02;0,0;0,0;0,0;-0,01;0,0;-0,03;0,0;-0,35;-0,03;0,0;0,0;-0,03;0,0;-0,04;0,0;-0,02;0,0;-0,06;0,0;-0,02;0,0;-0,01;0,0;-0,02;0,0;-0,04;0,0;0,0;0,0
24.07.2026;17:15;17:30;2,38;1,31;0,0;0,0;-0,05;0,0;-0,14;0,0;-0,01;0,0;-0,02;0,0;-0,04;0,0;-0,01;0,0;-0,02;0,0;-0,33;-0,07;-0,02;0,0;-0,01;0,0;0,0;0,0;-0,06;0,0;-0,01;0,0;0,0;0,0;-0,02;0,0;-0,14;0,0;0,0;0,0;-0,02;0,0;-0,05;0,0;-0,01;0,0;-0,12;0,0;-0,02;0,0;-0,02;0,0;-0,01;0,0;-0,01;0,0;0,0;0,0
24.07.2026;17:30;17:45;2,08;1,06;0,0;0,0;-0,02;0,0;-0,14;0,0;0,0;0,0;-0,01;0,0;-0,04;0,0;-0,01;0,0;-0,01;0,0;-0,19;0,0;-0,01;0,0;-0,04;0,0;0,0;0,0;-0,03;0,0;-0,01;0,0;-0,02;0,0;-0,03;0,0;-0,02;0,0;0,0;0,0;-0,02;0,0;-0,03;0,0;-0,01;0,0;-0,04;0,0;-0,11;0,0;0,0;0,0;-0,01;0,0;-0,4;-0,18;0,0;0,0
24.07.2026;17:45;18:00;1,11;0,51;0,0;0,0;-0,02;0,0;-0,09;0,0;0,0;0,0;0,0;0,0;-0,04;0,0;-0,01;0,0;-0,02;0,0;-0,03;0,0;-0,02;0,0;-0,08;0,0;0,0;0,0;-0,01;0,0;-0,01;0,0;-0,01;0,0;-0,02;0,0;-0,01;0,0;0,0;0,0;-0,02;0,0;-0,04;0,0;-0,01;0,0;-0,04;0,0;-0,02;0,0;-0,01;0,0;-0,01;0,0;-0,26;-0,18;0,0;0,0
24.07.2026;18:00;18:15;0,0;0,0;-0,01;-0,01;-0,02;-0,02;-0,09;-0,09;0,0;0,0;-0,01;-0,01;-0,03;-0,03;-0,02;-0,02;0,0;0,0;-0,02;-0,02;-0,01;-0,01;-0,08;-0,08;0,0;0,0;-0,03;-0,03;-0,01;-0,01;0,0;0,0;-0,03;-0,03;0,0;0,0;-0,01;-0,01;-0,02;-0,02;-0,04;-0,04;-0,02;-0,02;-0,05;-0,05;-0,02;-0,02;-0,02;-0,02;-0,01;-0,01;-0,03;-0,03;0,0;0,0
24.07.2026;18:15;18:30;0,19;0,14;0,0;0,0;-0,02;-0,02;-0,1;-0,05;0,0;0,0;-0,01;-0,01;-0,04;-0,04;-0,08;-0,08;-0,02;-0,02;-0,39;-0,39;-0,01;-0,01;-0,05;-0,05;0,0;0,0;-0,03;-0,03;-0,01;-0,01;-0,01;-0,01;-0,02;-0,02;-0,01;-0,01;0,0;0,0;-0,02;-0,02;-0,03;-0,03;-0,02;-0,02;-0,04;-0,04;-0,01;-0,01;-0,03;-0,03;-0,01;-0,01;-0,01;-0,01;0,0;0,0
24.07.2026;18:30;18:45;1,16;0,5;0,0;0,0;-0,02;0,0;-0,12;0,0;0,0;0,0;-0,01;0,0;-0,04;0,0;-0,01;0,0;-0,01;0,0;-0,25;-0,16;-0,01;0,0;-0,02;0,0;0,0;0,0;-0,02;0,0;-0,01;0,0;-0,01;0,0;-0,01;0,0;0,0;0,0;0,0;0,0;-0,03;0,0;-0,05;0,0;-0,02;0,0;-0,05;0,0;-0,03;0,0;-0,02;0,0;0,0;0,0;-0,08;0,0;0,0;0,0
24.07.2026;18:45;19:00;1,02;0,45;0,0;0,0;-0,02;0,0;-0,17;0,0;0,0;0,0;-0,01;0,0;-0,04;0,0;-0,01;0,0;-0,02;0,0;-0,02;0,0;0,0;0,0;-0,01;0,0;0,0;0,0;-0,02;0,0;-0,01;0,0;-0,01;0,0;-0,02;0,0;-0,02;0,0;0,0;0,0;-0,02;0,0;-0,03;0,0;-0,01;0,0;-0,04;0,0;-0,02;0,0;-0,02;0,0;-0,02;0,0;-0,03;0,0;0,0;0,0
24.07.2026;19:00;19:15;0,82;0,3;-0,01;0,0;-0,01;0,0;-0,1;0,0;0,0;0,0;0,0;0,0;-0,03;0,0;-0,02;0,0;-0,01;0,0;-0,01;0,0;0,0;0,0;-0,03;0,0;0,0;0,0;-0,03;0,0;-0,01;0,0;-0,01;0,0;-0,05;0,0;0,0;0,0;0,0;0,0;-0,02;0,0;-0,04;0,0;-0,01;0,0;-0,05;0,0;-0,02;0,0;-0,02;0,0;-0,02;0,0;-0,02;0,0;0,0;0,0
24.07.2026;19:15;19:30;0,59;0,18;0,0;0,0;0,0;0,0;-0,1;-0,01;-0,01;0,0;-0,02;0,0;-0,04;-0,02;-0,01;0,0;-0,01;0,0;-0,16;-0,14;-0,02;0,0;-0,02;0,0;0,0;0,0;-0,03;-0,01;-0,01;0,0;-0,01;0,0;-0,06;-0,04;0,0;0,0;0,0;0,0;-0,02;0,0;-0,04;-0,02;-0,01;0,0;-0,04;-0,02;-0,01;0,0;-0,02;0,0;-0,01;0,0;-0,02;0,0;0,0;0,0
24.07.2026;19:30;19:45;0,39;0,11;0,0;0,0;-0,01;0,0;-0,09;-0,02;0,0;0,0;-0,01;0,0;-0,04;-0,03;-0,02;-0,01;-0,02;-0,01;-0,33;-0,32;-0,01;0,0;-0,01;0,0;0,0;0,0;-0,02;-0,01;-0,01;0,0;-0,01;0,0;-0,02;-0,01;-0,02;-0,01;0,0;0,0;-0,03;-0,02;-0,03;-0,02;-0,02;-0,01;-0,05;-0,04;-0,01;0,0;-0,02;-0,01;-0,01;0,0;-0,02;-0,01;0,0;0,0
24.07.2026;19:45;20:00;0,23;0,17;0,0;0,0;-0,01;-0,01;-0,16;-0,1;0,0;0,0;0,0;0,0;-0,03;-0,03;-0,01;-0,01;-0,01;-0,01;-0,02;-0,02;-0,02;-0,02;-0,03;-0,03;0,0;0,0;-0,06;-0,06;0,0;0,0;-0,01;-0,01;-0,03;-0,03;-0,06;-0,06;0,0;0,0;-0,02;-0,02;-0,03;-0,03;-0,02;-0,02;-0,04;-0,04;-0,01;-0,01;-0,02;-0,02;-0,02;-0,02;-0,02;-0,02;0,0;0,0
24.07.2026;20:00;20:15;0,11;0,11;0,0;0,0;-0,07;-0,07;-0,17;-0,17;0,0;0,0;-0,01;-0,01;-0,04;-0,04;-0,01;-0,01;-0,02;-0,02;-0,01;-0,01;-0,01;-0,01;-0,02;-0,02;0,0;0,0;-0,01;-0,01;-0,01;-0,01;-0,01;-0,01;-0,01;-0,01;-0,1;-0,1;0,0;0,0;-0,02;-0,02;-0,03;-0,03;-0,01;-0,01;-0,05;-0,05;-0,02;-0,02;-0,02;-0,02;-0,03;-0,03;-0,02;-0,02;0,0;0,0
24.07.2026;20:15;20:30;0,03;0,03;-0,01;-0,01;-0,04;-0,04;-0,08;-0,08;0,0;0,0;-0,01;-0,01;-0,04;-0,04;-0,02;-0,02;-0,02;-0,02;-0,03;-0,03;-0,01;-0,01;-0,02;-0,02;0,0;0,0;-0,02;-0,02;-0,01;-0,01;-0,01;-0,01;0,0;0,0;-0,13;-0,13;0,0;0,0;-0,02;-0,02;-0,02;-0,02;-0,01;-0,01;-0,04;-0,04;0,0;0,0;-0,02;-0,02;-0,01;-0,01;-0,01;-0,01;0,0;0,0
24.07.2026;20:30;20:45;0,01;0,01;0,0;0,0;-0,04;-0,04;-0,17;-0,17;0,0;0,0;-0,01;-0,01;-0,03;-0,03;-0,03;-0,03;-0,02;-0,02;-0,04;-0,04;-0,02;-0,02;-0,03;-0,03;0,0;0,0;-0,03;-0,03;-0,01;-0,01;-0,01;-0,01;0,0;0,0;-0,15;-0,15;-0,01;-0,01;-0,02;-0,02;-0,03;-0,03;-0,01;-0,01;-0,05;-0,05;-0,01;-0,01;-0,02;-0,02;-0,02;-0,02;-0,02;-0,02;0,0;0,0
24.07.2026;20:45;21:00;0,01;0,01;0,0;0,0;-0,03;-0,03;-0,2;-0,2;0,0;0,0;-0,01;-0,01;-0,04;-0,04;-0,03;-0,03;-0,03;-0,03;-0,03;-0,03;-0,01;-0,01;-0,02;-0,02;0,0;0,0;-0,03;-0,03;-0,01;-0,01;-0,01;-0,01;-0,01;-0,01;-0,11;-0,11;0,0;0,0;-0,03;-0,03;-0,02;-0,02;-0,02;-0,02;-0,05;-0,05;-0,02;-0,02;-0,02;-0,02;-0,01;-0,01;-0,02;-0,02;0,0;0,0
24.07.2026;21:00;21:15;0,0;0,0;0,0;0,0;-0,03;-0,03;-0,2;-0,2;0,0;0,0;0,0;0,0;-0,03;-0,03;-0,06;-0,06;-0,02;-0,02;-0,03;-0,03;0,0;0,0;-0,03;-0,03;-0,01;-0,01;-0,02;-0,02;-0,01;-0,01;-0,01;-0,01;-0,01;-0,01;-0,04;-0,04;0,0;0,0;-0,02;-0,02;-0,02;-0,02;-0,02;-0,02;-0,04;-0,04;-0,02;-0,02;-0,02;-0,02;-0,01;-0,01;-0,02;-0,02;0,0;0,0
24.07.2026;21:15;21:30;0,0;0,0;-0,01;-0,01;-0,03;-0,03;-0,09;-0,09;0,0;0,0;-0,02;-0,02;-0,04;-0,04;-0,06;-0,06;-0,03;-0,03;-0,02;-0,02;0,0;0,0;-0,03;-0,03;0,0;0,0;-0,03;-0,03;-0,01;-0,01;-0,01;-0,01;-0,02;-0,02;-0,03;-0,03;0,0;0,0;-0,02;-0,02;-0,03;-0,03;-0,02;-0,02;-0,05;-0,05;-0,01;-0,01;-0,02;-0,02;-0,01;-0,01;-0,05;-0,05;0,0;0,0
24.07.2026;21:30;21:45;0,0;0,0;0,0;0,0;-0,03;-0,03;-0,09;-0,09;0,0;0,0;-0,01;-0,01;-0,04;-0,04;-0,04;-0,04;-0,02;-0,02;-0,03;-0,03;-0,01;-0,01;-0,02;-0,02;0,0;0,0;-0,04;-0,04;-0,01;-0,01;-0,01;-0,01;0,0;0,0;-0,04;-0,04;0,0;0,0;-0,02;-0,02;-0,02;-0,02;-0,01;-0,01;-0,05;-0,05;-0,02;-0,02;-0,03;-0,03;-0,01;-0,01;-0,11;-0,11;0,0;0,0
24.07.2026;21:45;22:00;0,0;0,0;0,0;0,0;-0,03;-0,03;-0,08;-0,08;0,0;0,0;0,0;0,0;-0,03;-0,03;-0,04;-0,04;-0,03;-0,03;-0,03;-0,03;-0,02;-0,02;-0,01;-0,01;0,0;0,0;-0,02;-0,02;-0,01;-0,01;-0,02;-0,02;-0,01;-0,01;-0,05;-0,05;0,0;0,0;-0,02;-0,02;-0,02;-0,02;0,0;0,0;-0,05;-0,05;-0,03;-0,03;-0,02;-0,02;-0,01;-0,01;-0,04;-0,04;0,0;0,0
24.07.2026;22:00;22:15;0,0;0,0;0,0;0,0;-0,04;-0,04;-0,11;-0,11;0,0;0,0;-0,01;-0,01;-0,04;-0,04;-0,04;-0,04;-0,05;-0,05;-0,02;-0,02;-0,01;-0,01;-0,02;-0,02;0,0;0,0;-0,02;-0,02;-0,01;-0,01;-0,01;-0,01;0,0;0,0;-0,06;-0,06;0,0;0,0;-0,03;-0,03;-0,01;-0,01;-0,02;-0,02;-0,02;-0,02;-0,03;-0,03;-0,02;-0,02;-0,01;-0,01;-0,05;-0,05;0,0;0,0
24.07.2026;22:15;22:30;0,0;0,0;0,0;0,0;-0,04;-0,04;-0,2;-0,2;0,0;0,0;-0,01;-0,01;-0,03;-0,03;-0,04;-0,04;-0,04;-0,04;-0,01;-0,01;-0,01;-0,01;0,0;0,0;0,0;0,0;-0,03;-0,03;-0,01;-0,01;-0,01;-0,01;-0,01;-0,01;-0,06;-0,06;0,0;0,0;-0,03;-0,03;-0,01;-0,01;-0,03;-0,03;-0,01;-0,01;-0,02;-0,02;-0,02;-0,02;-0,02;-0,02;-0,04;-0,04;0,0;0,0
24.07.2026;22:30;22:45;0,0;0,0;-0,01;-0,01;-0,04;-0,04;-0,14;-0,14;0,0;0,0;-0,01;-0,01;-0,04;-0,04;-0,04;-0,04;-0,04;-0,04;-0,02;-0,02;-0,02;-0,02;-0,01;-0,01;0,0;0,0;-0,04;-0,04;0,0;0,0;-0,03;-0,03;-0,01;-0,01;-0,06;-0,06;0,0;0,0;-0,03;-0,03;-0,01;-0,01;-0,02;-0,02;-0,01;-0,01;0,0;0,0;-0,02;-0,02;-0,01;-0,01;-0,03;-0,03;0,0;0,0
24.07.2026;22:45;23:00;0,0;0,0;0,0;0,0;-0,02;-0,02;-0,09;-0,09;0,0;0,0;-0,01;-0,01;-0,03;-0,03;-0,04;-0,04;-0,1;-0,1;0,0;0,0;-0,01;-0,01;-0,01;-0,01;0,0;0,0;0,0;0,0;-0,02;-0,02;-0,02;-0,02;-0,01;-0,01;-0,07;-0,07;-0,01;-0,01;-0,03;-0,03;-0,01;-0,01;-0,02;-0,02;-0,01;-0,01;-0,01;-0,01;-0,03;-0,03;-0,03;-0,03;-0,02;-0,02;0,0;0,0
24.07.2026;23:00;23:15;0,0;0,0;0,0;0,0;-0,01;-0,01;-0,06;-0,06;0,0;0,0;0,0;0,0;-0,03;-0,03;-0,04;-0,04;-0,09;-0,09;-0,01;-0,01;-0,01;-0,01;-0,01;-0,01;0,0;0,0;-0,01;-0,01;0,0;0,0;-0,02;-0,02;0,0;0,0;-0,07;-0,07;0,0;0,0;-0,05;-0,05;0,0;0,0;-0,01;-0,01;-0,01;-0,01;-0,02;-0,02;-0,02;-0,02;-0,04;-0,04;-0,01;-0,01;0,0;0,0
24.07.2026;23:15;23:30;0,0;0,0;0,0;0,0;-0,02;-0,02;-0,06;-0,06;0,0;0,0;-0,02;-0,02;-0,03;-0,03;-0,03;-0,03;-0,08;-0,08;-0,01;-0,01;0,0;0,0;-0,01;-0,01;0,0;0,0;-0,02;-0,02;-0,01;-0,01;-0,03;-0,03;-0,01;-0,01;-0,06;-0,06;0,0;0,0;-0,03;-0,03;-0,01;-0,01;-0,01;-0,01;-0,01;-0,01;-0,02;-0,02;-0,02;-0,02;-0,02;-0,02;-0,01;-0,01;0,0;0,0
24.07.2026;23:30;23:45;0,0;0,0;-0,01;-0,01;-0,01;-0,01;-0,18;-0,18;0,0;0,0;-0,01;-0,01;-0,04;-0,04;-0,03;-0,03;-0,13;-0,13;0,0;0,0;0,0;0,0;-0,01;-0,01;0,0;0,0;0,0;0,0;-0,03;-0,03;-0,02;-0,02;-0,01;-0,01;-0,05;-0,05;0,0;0,0;-0,03;-0,03;-0,02;-0,02;-0,02;-0,02;-0,01;-0,01;-0,01;-0,01;-0,02;-0,02;-0,02;-0,02;-0,01;-0,01;0,0;0,0
24.07.2026;23:45;00:00;0,0;0,0;0,0;0,0;-0,02;-0,02;-0,06;-0,06;0,0;0,0;0,0;0,0;-0,03;-0,03;-0,03;-0,03;-0,09;-0,09;-0,01;-0,01;-0,01;-0,01;0,0;0,0;0,0;0,0;-0,01;-0,01;-0,04;-0,04;-0,03;-0,03;-0,01;-0,01;-0,06;-0,06;0,0;0,0;-0,02;-0,02;0,0;0,0;-0,02;-0,02;-0,01;-0,01;-0,01;-0,01;-0,02;-0,02;-0,02;-0,02;-0,02;-0,02;0,0;0,0
25.07.2026;00:00;00:15;0,0;0,0;0,0;0,0;-0,02;-0,02;-0,07;-0,07;0,0;0,0;-0,01;-0,01;-0,02;-0,02;-0,02;-0,02;-0,07;-0,07;0,0;0,0;-0,02;-0,02;-0,02;-0,02;0,0;0,0;-0,01;-0,01;-0,04;-0,04;-0,02;-0,02;-0,01;-0,01;-0,07;-0,07;0,0;0,0;-0,03;-0,03;-0,01;-0,01;-0,01;-0,01;-0,01;-0,01;0,0;0,0;0,0;0,0;-0,01;-0,01;-0,01;-0,01;0,0;0,0
25.07.2026;00:15;00:30;0,0;0,0;0,0;0,0;-0,02;-0,02;-0,06;-0,06;-0,01;-0,01;-0,01;-0,01;-0,04;-0,04;-0,02;-0,02;-0,09;-0,09;-0,01;-0,01;-0,01;-0,01;0,0;0,0;0,0;0,0;-0,01;-0,01;-0,05;-0,05;0,0;0,0;-0,01;-0,01;-0,07;-0,07;0,0;0,0;-0,02;-0,02;-0,01;-0,01;-0,01;-0,01;-0,01;-0,01;-0,01;-0,01;0,0;0,0;-0,02;-0,02;-0,01;-0,01;0,0;0,0
25.07.2026;00:30;00:45;0,0;0,0;-0,01;-0,01;-0,01;-0,01;-0,06;-0,06;0,0;0,0;-0,01;-0,01;-0,03;-0,03;-0,01;-0,01;-0,08;-0,08;-0,01;-0,01;-0,02;-0,02;-0,01;-0,01;0,0;0,0;-0,01;-0,01;-0,01;-0,01;-0,02;-0,02;-0,02;-0,02;-0,06;-0,06;0,0;0,0;-0,03;-0,03;-0,01;-0,01;-0,01;-0,01;-0,01;-0,01;-0,02;-0,02;-0,01;-0,01;-0,01;-0,01;-0,01;-0,01;0,0;0,0
25.07.2026;00:45;01:00;0,0;0,0;0,0;0,0;-0,02;-0,02;-0,07;-0,07;0,0;0,0;0,0;0,0;-0,04;-0,04;-0,01;-0,01;-0,03;-0,03;-0,02;-0,02;-0,01;-0,01;-0,01;-0,01;0,0;0,0;0,0;0,0;-0,02;-0,02;-0,01;-0,01;-0,03;-0,03;-0,06;-0,06;0,0;0,0;-0,02;-0,02;-0,01;-0,01;-0,01;-0,01;-0,01;-0,01;-0,01;-0,01;0,0;0,0;-0,02;-0,02;-0,02;-0,02;0,0;0,0
25.07.2026;01:00;01:15;0,0;0,0;0,0;0,0;-0,01;-0,01;-0,06;-0,06;0,0;0,0;-0,02;-0,02;-0,06;-0,06;-0,01;-0,01;-0,02;-0,02;-0,02;-0,02;-0,01;-0,01;-0,01;-0,01;0,0;0,0;-0,01;-0,01;0,0;0,0;0,0;0,0;-0,02;-0,02;-0,07;-0,07;-0,01;-0,01;-0,02;-0,02;-0,01;-0,01;-0,02;-0,02;-0,01;-0,01;-0,02;-0,02;-0,03;-0,03;0,0;0,0;-0,01;-0,01;0,0;0,0
25.07.2026;01:15;01:30;0,0;0,0;0,0;0,0;-0,01;-0,01;-0,07;-0,07;0,0;0,0;-0,01;-0,01;-0,03;-0,03;-0,01;-0,01;-0,02;-0,02;-0,01;-0,01;-0,02;-0,02;-0,01;-0,01;0,0;0,0;-0,02;-0,02;-0,01;-0,01;-0,02;-0,02;-0,02;-0,02;-0,05;-0,05;0,0;0,0;-0,02;-0,02;-0,01;-0,01;-0,02;-0,02;-0,02;-0,02;0,0;0,0;-0,02;-0,02;-0,02;-0,02;-0,01;-0,01;0,0;0,0
25.07.2026;01:30;01:45;0,0;0,0;0,0;0,0;-0,02;-0,02;-0,15;-0,15;0,0;0,0;0,0;0,0;-0,04;-0,04;-0,01;-0,01;-0,01;-0,01;-0,02;-0,02;0,0;0,0;-0,01;-0,01;0,0;0,0;0,0;0,0;-0,01;-0,01;0,0;0,0;-0,02;-0,02;-0,04;-0,04;0,0;0,0;-0,02;-0,02;-0,01;-0,01;-0,02;-0,02;0,0;0,0;-0,01;-0,01;-0,02;-0,02;-0,03;-0,03;-0,01;-0,01;0,0;0,0
25.07.2026;01:45;02:00;0,0;0,0;-0,01;-0,01;-0,01;-0,01;-0,08;-0,08;0,0;0,0;-0,01;-0,01;-0,04;-0,04;-0,01;-0,01;-0,02;-0,02;-0,02;-0,02;0,0;0,0;0,0;0,0;0,0;0,0;-0,01;-0,01;-0,01;-0,01;-0,01;-0,01;-0,02;-0,02;-0,03;-0,03;0,0;0,0;-0,03;-0,03;-0,01;-0,01;-0,01;-0,01;-0,01;-0,01;-0,01;-0,01;-0,02;-0,02;-0,02;-0,02;-0,01;-0,01;0,0;0,0
25.07.2026;02:00;02:15;0,0;0,0;0,0;0,0;-0,02;-0,02;-0,16;-0,16;0,0;0,0;-0,01;-0,01;-0,04;-0,04;-0,01;-0,01;-0,01;-0,01;-0,01;-0,01;0,0;0,0;-0,01;-0,01;-0,01;-0,01;-0,01;-0,01;-0,01;-0,01;-0,02;-0,02;-0,02;-0,02;-0,03;-0,03;0,0;0,0;-0,02;-0,02;-0,01;-0,01;-0,01;-0,01;-0,02;-0,02;-0,02;-0,02;-0,02;-0,02;-0,02;-0,02;-0,02;-0,02;0,0;0,0
25.07.2026;02:15;02:30;0,0;0,0;0,0;0,0;-0,01;-0,01;-0,11;-0,11;0,0;0,0;-0,01;-0,01;-0,03;-0,03;-0,01;-0,01;-0,02;-0,02;0,0;0,0;-0,02;-0,02;-0,01;-0,01;0,0;0,0;-0,02;-0,02;-0,01;-0,01;0,0;0,0;-0,03;-0,03;-0,04;-0,04;0,0;0,0;-0,02;-0,02;-0,01;-0,01;-0,01;-0,01;0,0;0,0;-0,01;-0,01;-0,01;-0,01;-0,02;-0,02;-0,01;-0,01;0,0;0,0
25.07.2026;02:30;02:45;0,0;0,0;0,0;0,0;0,0;0,0;-0,06;-0,06;0,0;0,0;-0,01;-0,01;-0,04;-0,04;-0,01;-0,01;-0,02;-0,02;-0,01;-0,01;-0,02;-0,02;-0,01;-0,01;0,0;0,0;0,0;0,0;-0,01;-0,01;-0,01;-0,01;-0,03;-0,03;-0,04;-0,04;0,0;0,0;-0,02;-0,02;0,0;0,0;-0,01;-0,01;-0,02;-0,02;0,0;0,0;-0,02;-0,02;-0,01;-0,01;-0,01;-0,01;0,0;0,0
25.07.2026;02:45;03:00;0,0;0,0;-0,01;-0,01;-0,01;-0,01;-0,2;-0,2;0,0;0,0;0,0;0,0;-0,04;-0,04;-0,01;-0,01;-0,01;-0,01;0,0;0,0;-0,01;-0,01;-0,01;-0,01;0,0;0,0;0,0;0,0;-0,01;-0,01;-0,01;-0,01;-0,01;-0,01;-0,03;-0,03;0,0;0,0;-0,02;-0,02;-0,02;-0,02;-0,02;-0,02;-0,01;-0,01;-0,01;-0,01;-0,02;-0,02;-0,01;-0,01;-0,01;-0,01;0,0;0,0
25.07.2026;03:00;03:15;0,0;0,0;0,0;0,0;0,0;0,0;-0,22;-0,22;0,0;0,0;-0,02;-0,02;-0,04;-0,04;-0,01;-0,01;-0,02;-0,02;-0,01;-0,01;-0,01;-0,01;-0,01;-0,01;0,0;0,0;-0,02;-0,02;-0,01;-0,01;-0,01;-0,01;-0,02;-0,02;-0,03;-0,03;-0,01;-0,01;-0,02;-0,02;-0,01;-0,01;-0,02;-0,02;-0,01;-0,01;-0,01;-0,01;-0,02;-0,02;-0,01;-0,01;-0,01;-0,01;0,0;0,0
25.07.2026;03:15;03:30;0,0;0,0;0,0;0,0;0,0;0,0;-0,21;-0,21;0,0;0,0;0,0;0,0;-0,03;-0,03;-0,01;-0,01;-0,01;-0,01;0,0;0,0;-0,02;-0,02;0,0;0,0;0,0;0,0;-0,01;-0,01;-0,01;-0,01;-0,01;-0,01;-0,02;-0,02;-0,04;-0,04;0,0;0,0;-0,03;-0,03;0,0;0,0;-0,01;-0,01;-0,01;-0,01;-0,02;-0,02;-0,02;-0,02;-0,01;-0,01;-0,02;-0,02;0,0;0,0
25.07.2026;03:30;03:45;0,0;0,0;0,0;0,0;-0,01;-0,01;-0,22;-0,22;0,0;0,0;-0,01;-0,01;-0,04;-0,04;-0,01;-0,01;-0,02;-0,02;-0,01;-0,01;-0,01;-0,01;-0,01;-0,01;0,0;0,0;-0,01;-0,01;-0,01;-0,01;-0,01;-0,01;-0,03;-0,03;-0,06;-0,06;0,0;0,0;-0,02;-0,02;-0,02;-0,02;-0,01;-0,01;-0,01;-0,01;-0,01;-0,01;-0,02;-0,02;-0,01;-0,01;0,0;0,0;0,0;0,0
25.07.2026;03:45;04:00;0,0;0,0;0,0;0,0;0,0;0,0;-0,19;-0,19;0,0;0,0;-0,01;-0,01;-0,04;-0,04;-0,01;-0,01;-0,01;-0,01;0,0;0,0;0,0;0,0;-0,01;-0,01;0,0;0,0;0,0;0,0;0,0;0,0;-0,01;-0,01;-0,03;-0,03;-0,11;-0,11;0,0;0,0;-0,02;-0,02;0,0;0,0;-0,01;-0,01;-0,01;-0,01;-0,01;-0,01;-0,02;-0,02;-0,02;-0,02;-0,02;-0,02;0,0;0,0
25.07.2026;04:00;04:15;0,0;0,0;-0,01;-0,01;-0,01;-0,01;-0,1;-0,1;0,0;0,0;-0,01;-0,01;-0,03;-0,03;-0,01;-0,01;-0,02;-0,02;0,0;0,0;0,0;0,0;0,0;0,0;0,0;0,0;-0,01;-0,01;-0,02;-0,02;-0,01;-0,01;-0,02;-0,02;-0,06;-0,06;0,0;0,0;-0,02;-0,02;-0,01;-0,01;-0,01;-0,01;-0,01;-0,01;0,0;0,0;-0,02;-0,02;-0,01;-0,01;-0,01;-0,01;0,0;0,0
25.07.2026;04:15;04:30;0,0;0,0;0,0;0,0;-0,01;-0,01;-0,21;-0,21;0,0;0,0;-0,01;-0,01;-0,04;-0,04;-0,01;-0,01;-0,01;-0,01;-0,01;-0,01;-0,01;-0,01;-0,02;-0,02;0,0;0,0;-0,02;-0,02;-0,01;-0,01;0,0;0,0;-0,01;-0,01;-0,01;-0,01;0,0;0,0;-0,02;-0,02;-0,02;-0,02;-0,01;-0,01;-0,02;-0,02;-0,02;-0,02;-0,02;-0,02;-0,02;-0,02;-0,01;-0,01;0,0;0,0
25.07.2026;04:30;04:45;0,0;0,0;0,0;0,0;-0,01;-0,01;-0,21;-0,21;0,0;0,0;0,0;0,0;-0,03;-0,03;-0,01;-0,01;-0,01;-0,01;-0,02;-0,02;-0,01;-0,01;-0,01;-0,01;0,0;0,0;0,0;0,0;0,0;0,0;-0,02;-0,02;-0,01;-0,01;-0,01;-0,01;0,0;0,0;-0,02;-0,02;0,0;0,0;-0,03;-0,03;-0,03;-0,03;-0,01;-0,01;-0,02;-0,02;0,0;0,0;-0,01;-0,01;0,0;0,0
25.07.2026;04:45;05:00;0,0;0,0;0,0;0,0;-0,01;-0,01;-0,22;-0,22;0,0;0,0;-0,01;-0,01;-0,04;-0,04;-0,01;-0,01;-0,02;-0,02;-0,02;-0,02;-0,02;-0,02;0,0;0,0;0,0;0,0;0,0;0,0;-0,02;-0,02;-0,01;-0,01;-0,01;-0,01;-0,02;-0,02;0,0;0,0;-0,02;-0,02;-0,01;-0,01;-0,02;-0,02;-0,01;-0,01;-0,01;-0,01;-0,01;-0,01;-0,01;-0,01;-0,01;-0,01;0,0;0,0
25.07.2026;05:00;05:15;0,0;0,0;-0,01;-0,01;-0,02;-0,02;-0,21;-0,21;0,0;0,0;-0,02;-0,02;-0,03;-0,03;-0,03;-0,03;-0,01;-0,01;-0,01;-0,01;-0,01;-0,01;-0,01;-0,01;0,0;0,0;-0,02;-0,02;0,0;0,0;-0,01;-0,01;-0,01;-0,01;-0,01;-0,01;-0,01;-0,01;-0,02;-0,02;-0,01;-0,01;-0,01;-0,01;-0,02;-0,02;0,0;0,0;-0,02;-0,02;-0,02;-0,02;-0,01;-0,01;0,0;0,0
25.07.2026;05:15;05:30;0,0;0,0;0,0;0,0;-0,01;-0,01;-0,16;-0,16;-0,01;-0,01;0,0;0,0;-0,04;-0,04;-0,27;-0,27;-0,02;-0,02;-0,02;-0,02;-0,02;-0,02;-0,01;-0,01;0,0;0,0;-0,01;-0,01;-0,01;-0,01;-0,02;-0,02;-0,01;-0,01;-0,01;-0,01;0,0;0,0;-0,03;-0,03;-0,01;-0,01;-0,01;-0,01;-0,01;-0,01;-0,01;-0,01;-0,02;-0,02;0,0;0,0;-0,02;-0,02;0,0;0,0
25.07.2026;05:30;05:45;0,01;0,01;0,0;0,0;0,0;0,0;-0,22;-0,22;0,0;0,0;0,0;0,0;-0,04;-0,04;-0,09;-0,09;-0,01;-0,01;-0,02;-0,02;-0,01;-0,01;0,0;0,0;0,0;0,0;-0,01;-0,01;-0,01;-0,01;-0,01;-0,01;0,0;0,0;0,0;0,0;0,0;0,0;-0,02;-0,02;-0,01;-0,01;-0,01;-0,01;-0,02;-0,02;-0,02;-0,02;-0,02;-0,02;-0,02;-0,02;-0,01;-0,01;0,0;0,0
25.07.2026;05:45;06:00;0,03;0,03;0,0;0,0;-0,01;-0,01;-0,23;-0,23;0,0;0,0;-0,02;-0,02;-0,03;-0,03;-0,03;-0,03;-0,01;-0,01;-0,01;-0,01;-0,01;-0,01;-0,02;-0,02;0,0;0,0;0,0;0,0;-0,01;-0,01;-0,01;-0,01;-0,01;-0,01;-0,02;-0,02;0,0;0,0;-0,02;-0,02;-0,01;-0,01;-0,01;-0,01;-0,01;-0,01;-0,01;-0,01;-0,02;-0,02;-0,01;-0,01;-0,01;-0,01;0,0;0,0
25.07.2026;06:00;06:15;0,07;0,07;0,0;0,0;0,0;0,0;-0,13;-0,13;0,0;0,0;-0,01;-0,01;-0,04;-0,04;-0,1;-0,1;-0,02;-0,02;0,0;0,0;0,0;0,0;0,0;0,0;0,0;0,0;-0,02;-0,02;-0,01;-0,01;-0,01;-0,01;-0,04;-0,04;-0,01;-0,01;0,0;0,0;-0,02;-0,02;-0,01;-0,01;-0,01;-0,01;-0,01;-0,01;0,0;0,0;-0,02;-0,02;-0,02;-0,02;-0,01;-0,01;0,0;0,0
25.07.2026;06:15;06:30;0,13;0,11;-0,01;-0,01;-0,01;-0,01;-0,23;-0,21;0,0;0,0;0,0;0,0;-0,03;-0,03;-0,27;-0,27;-0,01;-0,01;-0,01;-0,01;0,0;0,0;-0,01;-0,01;0,0;0,0;-0,03;-0,03;-0,01;-0,01;-0,01;-0,01;-0,01;-0,01;-0,01;-0,01;0,0;0,0;-0,02;-0,02;-0,02;-0,02;-0,02;-0,02;-0,01;-0,01;-0,01;-0,01;-0,02;-0,02;-0,01;-0,01;-0,01;-0,01;0,0;0,0
25.07.2026;06:30;06:45;0,18;0,13;0,0;0,0;-0,01;-0,01;-0,2;-0,15;0,0;0,0;-0,01;-0,01;-0,04;-0,04;-0,03;-0,03;-0,02;-0,02;0,0;0,0;-0,01;-0,01;-0,02;-0,02;0,0;0,0;-0,03;-0,03;-0,01;-0,01;-0,01;-0,01;-0,01;-0,01;0,0;0,0;0,0;0,0;-0,02;-0,02;0,0;0,0;-0,03;-0,03;-0,01;-0,01;-0,02;-0,02;-0,02;-0,02;0,0;0,0;-0,02;-0,02;0,0;0,0
25.07.2026;06:45;07:00;0,24;0,18;0,0;0,0;-0,01;-0,01;-0,19;-0,13;0,0;0,0;-0,01;-0,01;-0,03;-0,03;-0,02;-0,02;-0,01;-0,01;-0,01;-0,01;-0,02;-0,02;0,0;0,0;0,0;0,0;0,0;0,0;-0,01;-0,01;0,0;0,0;0,0;0,0;-0,01;-0,01;0,0;0,0;-0,02;-0,02;-0,1;-0,1;0,0;0,0;-0,02;-0,02;-0,01;-0,01;-0,01;-0,01;-0,01;-0,01;-0,01;-0,01;0,0;0,0
25.07.2026;07:00;07:15;0,41;0,14;0,0;0,0;-0,02;-0,01;-0,23;-0,16;0,0;0,0;-0,01;0,0;-0,02;-0,01;-0,03;-0,02;-0,04;-0,03;0,0;0,0;-0,01;0,0;-0,01;0,0;-0,01;0,0;-0,02;-0,01;0,0;0,0;-0,11;-0,1;-0,01;0,0;-0,02;-0,01;-0,01;0,0;-0,02;-0,01;-0,04;-0,03;-0,01;0,0;-0,01;0,0;-0,01;0,0;0,0;0,0;-0,01;0,0;-0,02;-0,01;0,0;0,0
25.07.2026;07:15;07:30;0,62;0,21;-0,01;0,0;-0,21;-0,18;-0,24;-0,12;0,0;0,0;0,0;0,0;-0,04;-0,01;-0,02;0,0;-0,02;0,0;0,0;0,0;-0,02;0,0;-0,01;0,0;0,0;0,0;-0,01;0,0;-0,01;0,0;-0,01;0,0;0,0;0,0;-0,01;0,0;0,0;0,0;-0,04;-0,01;-0,03;0,0;-0,01;0,0;-0,01;0,0;0,0;0,0;0,0;0,0;-0,01;0,0;-0,02;0,0;0,0;0,0
25.07.2026;07:30;07:45;0,88;0,3;0,0;0,0;-0,2;-0,13;-0,24;-0,04;0,0;0,0;-0,01;0,0;-0,04;0,0;-0,04;0,0;-0,01;0,0;-0,01;0,0;-0,01;0,0;-0,01;0,0;0,0;0,0;-0,01;0,0;-0,01;0,0;-0,02;0,0;-0,01;0,0;-0,01;0,0;0,0;0,0;-0,02;0,0;-0,04;0,0;-0,01;0,0;-0,01;0,0;-0,02;0,0;-0,01;0,0;-0,01;0,0;0,0;0,0;0,0;0,0
25.07.2026;07:45;08:00;1,09;0,58;0,0;0,0;-0,05;0,0;-0,07;0,0;0,0;0,0;-0,02;0,0;-0,03;0,0;-0,03;0,0;-0,02;0,0;0,0;0,0;-0,01;0,0;-0,02;0,0;0,0;0,0;-0,01;0,0;-0,01;0,0;-0,07;0,0;-0,01;0,0;0,0;0,0;0,0;0,0;-0,02;0,0;-0,06;0,0;-0,02;0,0;-0,01;0,0;-0,01;0,0;0,0;0,0;-0,02;0,0;-0,02;0,0;0,0;0,0
25.07.2026;08:00;08:15;1,39;0,66;0,0;0,0;-0,03;0,0;-0,08;0,0;0,0;0,0;0,0;0,0;-0,02;0,0;-0,02;0,0;-0,01;0,0;-0,11;0,0;-0,01;0,0;-0,04;0,0;0,0;0,0;-0,02;0,0;-0,01;0,0;-0,1;0,0;-0,02;0,0;-0,01;0,0;0,0;0,0;-0,02;0,0;-0,08;0,0;-0,02;0,0;-0,03;0,0;-0,01;0,0;0,0;0,0;-0,02;0,0;-0,07;0,0;0,0;0,0
25.07.2026;08:15;08:30;1,68;0,97;0,0;0,0;-0,07;0,0;-0,1;0,0;0,0;0,0;0,0;0,0;-0,04;0,0;-0,02;0,0;-0,01;0,0;-0,02;0,0;-0,01;0,0;-0,01;0,0;0,0;0,0;0,0;0,0;-0,01;0,0;-0,11;0,0;0,0;0,0;-0,02;0,0;0,0;0,0;-0,02;0,0;-0,04;0,0;-0,02;0,0;-0,02;0,0;-0,01;0,0;0,0;0,0;0,0;0,0;-0,29;-0,11;0,0;0,0
25.07.2026;08:30;08:45;2,01;1,36;-0,01;0,0;-0,05;0,0;-0,09;0,0;0,0;0,0;-0,02;0,0;-0,04;0,0;-0,02;0,0;-0,02;0,0;-0,01;0,0;0,0;0,0;-0,09;0,0;0,0;0,0;0,0;0,0;-0,02;0,0;-0,12;0,0;-0,01;0,0;-0,01;0,0;0,0;0,0;-0,02;0,0;-0,03;0,0;-0,01;0,0;-0,01;0,0;-0,01;0,0;-0,01;0,0;-0,01;0,0;-0,04;0,0;0,0;0,0
25.07.2026;08:45;09:00;2,25;1,39;0,0;0,0;-0,04;0,0;-0,12;0,0;0,0;0,0;-0,01;0,0;-0,05;0,0;-0,02;0,0;-0,01;0,0;0,0;0,0;0,0;0,0;-0,06;0,0;0,0;0,0;-0,37;-0,1;-0,01;0,0;-0,06;0,0;-0,01;0,0;-0,01;0,0;0,0;0,0;-0,02;0,0;-0,04;0,0;-0,01;0,0;-0,02;0,0;-0,01;0,0;-0,03;0,0;-0,01;0,0;-0,05;0,0;0,0;0,0
25.07.2026;09:00;09:15;2,09;1,28;0,0;0,0;-0,02;0,0;-0,11;0,0;0,0;0,0;0,0;0,0;-0,03;0,0;-0,02;0,0;-0,02;0,0;-0,02;0,0;-0,02;0,0;-0,09;0,0;0,0;0,0;-0,15;0,0;-0,01;0,0;-0,07;0,0;-0,01;0,0;0,0;0,0;-0,01;0,0;-0,04;0,0;-0,05;0,0;-0,01;0,0;-0,01;0,0;-0,02;0,0;-0,01;0,0;-0,02;0,0;-0,07;0,0;0,0;0,0
25.07.2026;09:15;09:30;0,58;0,14;0,0;0,0;-0,02;0,0;-0,23;-0,14;0,0;0,0;-0,01;0,0;-0,04;-0,02;-0,04;-0,02;-0,01;0,0;-0,17;-0,15;-0,02;0,0;-0,08;-0,06;0,0;0,0;-0,05;-0,03;-0,01;0,0;-0,03;-0,01;-0,01;0,0;-0,02;0,0;0,0;0,0;-0,16;-0,14;-0,03;-0,01;-0,01;0,0;-0,01;0,0;-0,04;-0,02;-0,02;0,0;-0,01;0,0;-0,43;-0,41;0,0;0,0
25.07.2026;09:30;09:45;0,0;0,0;-0,01;-0,01;-0,01;-0,01;-0,24;-0,24;0,0;0,0;-0,01;-0,01;-0,04;-0,04;-0,02;-0,02;-0,01;-0,01;-0,05;-0,05;-0,01;-0,01;-0,09;-0,09;0,0;0,0;-0,33;-0,33;-0,01;-0,01;-0,03;-0,03;-0,01;-0,01;-0,01;-0,01;0,0;0,0;-0,26;-0,26;-0,04;-0,04;-0,02;-0,02;-0,01;-0,01;0,0;0,0;-0,02;-0,02;-0,37;-0,37;-0,46;-0,46;0,0;0,0
25.07.2026;09:45;10:00;2,29;0,94;0,0;0,0;-0,02;0,0;-0,25;0,0;0,0;0,0;-0,01;0,0;-0,04;0,0;-0,03;0,0;-0,02;0,0;-0,07;0,0;-0,02;0,0;-0,06;0,0;0,0;0,0;-0,39;-0,17;0,0;0,0;-0,04;0,0;0,0;0,0;-0,01;0,0;0,0;0,0;-0,09;0,0;-0,04;0,0;-0,02;0,0;-0,01;0,0;-0,02;0,0;-0,02;0,0;-0,14;0,0;-0,44;-0,22;0,0;0,0
25.07.2026;10:00;10:15;3,17;1,88;0,0;0,0;-0,01;0,0;-0,21;0,0;0,0;0,0;0,0;0,0;-0,04;0,0;-0,02;0,0;-0,01;0,0;-0,02;0,0;-0,01;0,0;-0,06;0,0;0,0;0,0;-0,05;0,0;-0,01;0,0;-0,03;0,0;-0,01;0,0;-0,01;0,0;0,0;0,0;-0,05;0,0;-0,03;0,0;-0,01;0,0;-0,01;0,0;-0,04;0,0;-0,02;0,0;-0,36;0,0;-0,28;0,0;0,0;0,0
25.07.2026;10:15;10:30;3,4;1,77;0,0;0,0;-0,37;0,0;-0,23;0,0;-0,01;0,0;-0,01;0,0;-0,04;0,0;-0,11;0,0;-0,02;0,0;-0,01;0,0;-0,01;0,0;-0,07;0,0;0,0;0,0;-0,01;0,0;-0,01;0,0;-0,03;0,0;0,0;0,0;-0,01;0,0;0,0;0,0;-0,04;0,0;-0,12;0,0;-0,01;0,0;-0,01;0,0;-0,07;0,0;-0,02;0,0;-0,03;0,0;-0,57;-0,18;0,0;0,0
25.07.2026;10:30;10:45;3,58;1,93;-0,01;0,0;-0,53;-0,1;-0,14;0,0;0,0;0,0;-0,02;0,0;-0,04;0,0;-0,25;0,0;-0,01;0,0;-0,03;0,0;0,0;0,0;-0,05;0,0;0,0;0,0;-0,02;0,0;-0,01;0,0;-0,03;0,0;-0,05;0,0;-0,01;0,0;0,0;0,0;-0,04;0,0;-0,04;0,0;-0,01;0,0;-0,01;0,0;0,0;0,0;-0,02;0,0;0,0;0,0;-0,56;-0,13;0,0;0,0
25.07.2026;10:45;11:00;3,68;2,29;0,0;0,0;-0,49;-0,02;-0,1;0,0;0,0;0,0;0,0;0,0;-0,03;0,0;-0,11;0,0;-0,02;0,0;-0,02;0,0;-0,01;0,0;-0,03;0,0;0,0;0,0;-0,04;0,0;-0,01;0,0;-0,03;0,0;-0,03;0,0;-0,01;0,0;0,0;0,0;-0,04;0,0;-0,03;0,0;-0,01;0,0;-0,01;0,0;-0,01;0,0;-0,01;0,0;-0,02;0,0;-0,35;0,0;0,0;0,0
25.07.2026;11:00;11:15;3,76;2,42;0,0;0,0;-0,29;0,0;-0,19;0,0;0,0;0,0;-0,01;0,0;-0,04;0,0;-0,12;0,0;-0,02;0,0;-0,03;0,0;0,0;0,0;-0,01;0,0;0,0;0,0;-0,04;0,0;-0,01;0,0;-0,04;0,0;-0,02;0,0;-0,01;0,0;0,0;0,0;-0,04;0,0;-0,05;0,0;-0,01;0,0;-0,01;0,0;-0,01;0,0;-0,02;0,0;-0,01;0,0;-0,36;0,0;0,0;0,0
25.07.2026;11:15;11:30;3,93;2,47;0,0;0,0;-0,34;0,0;-0,09;0,0;0,0;0,0;-0,01;0,0;-0,04;0,0;-0,16;0,0;-0,01;0,0;-0,03;0,0;-0,02;0,0;0,0;0,0;0,0;0,0;-0,04;0,0;-0,01;0,0;-0,06;0,0;-0,03;0,0;-0,01;0,0;-0,01;0,0;-0,02;0,0;-0,01;0,0;-0,03;0,0;-0,01;0,0;-0,02;0,0;-0,02;0,0;0,0;0,0;-0,57;-0,08;0,0;0,0
25.07.2026;11:30;11:45;4,07;2,76;0,0;0,0;-0,19;0,0;-0,08;0,0;0,0;0,0;-0,01;0,0;-0,04;0,0;-0,13;0,0;-0,02;0,0;-0,02;0,0;-0,01;0,0;-0,02;0,0;0,0;0,0;-0,06;0,0;-0,01;0,0;-0,04;0,0;-0,02;0,0;-0,01;0,0;0,0;0,0;-0,02;0,0;-0,01;0,0;-0,02;0,0;-0,01;0,0;-0,01;0,0;-0,02;0,0;-0,02;0,0;-0,85;-0,31;0,0;0,0
25.07.2026;11:45;12:00;4,12;3,34;-0,01;0,0;-0,03;0,0;-0,1;0,0;0,0;0,0;-0,01;0,0;-0,03;0,0;-0,02;0,0;-0,01;0,0;-0,03;0,0;-0,02;0,0;0,0;0,0;0,0;0,0;-0,02;0,0;-0,01;0,0;-0,03;0,0;-0,03;0,0;-0,01;0,0;0,0;0,0;-0,02;0,0;-0,01;0,0;-0,01;0,0;-0,01;0,0;-0,01;0,0;-0,04;0,0;-0,02;0,0;-0,3;0,0;0,0;0,0
25.07.2026;12:00;12:15;4,15;3,52;0,0;0,0;-0,08;0,0;-0,1;0,0;0,0;0,0;0,0;0,0;-0,04;0,0;-0,02;0,0;-0,01;0,0;-0,02;0,0;-0,01;0,0;-0,01;0,0;-0,01;0,0;0,0;0,0;-0,01;0,0;-0,02;0,0;-0,03;0,0;-0,01;0,0;0,0;0,0;-0,03;0,0;-0,01;0,0;-0,01;0,0;-0,01;0,0;0,0;0,0;-0,02;0,0;-0,01;0,0;-0,17;0,0;0,0;0,0
25.07.2026;12:15;12:30;4,2;3,22;0,0;0,0;-0,3;0,0;-0,11;0,0;0,0;0,0;-0,01;0,0;-0,03;0,0;-0,02;0,0;-0,02;0,0;-0,02;0,0;-0,01;0,0;-0,01;0,0;0,0;0,0;-0,01;0,0;0,0;0,0;-0,01;0,0;-0,02;0,0;-0,01;0,0;0,0;0,0;-0,02;0,0;-0,01;0,0;-0,01;0,0;-0,01;0,0;-0,02;0,0;-0,02;0,0;0,0;0,0;-0,31;0,0;0,0;0,0
25.07.2026;12:30;12:45;4,03;2,99;0,0;0,0;-0,03;0,0;-0,09;0,0;0,0;0,0;-0,02;0,0;-0,04;0,0;-0,01;0,0;-0,01;0,0;-0,01;0,0;-0,02;0,0;0,0;0,0;0,0;0,0;-0,11;0,0;-0,01;0,0;-0,01;0,0;-0,01;0,0;0,0;0,0;0,0;0,0;-0,03;0,0;-0,01;0,0;-0,01;0,0;-0,01;0,0;-0,01;0,0;-0,02;0,0;-0,01;0,0;-0,85;-0,28;0,0;0,0
25.07.2026;12:45;13:00;2,53;1,73;-0,01;0,0;-0,02;0,0;-0,06;0,0;0,0;0,0;0,0;0,0;-0,04;0,0;-0,02;0,0;-0,02;0,0;-0,01;0,0;-0,01;0,0;-0,01;0,0;0,0;0,0;-0,03;0,0;-0,01;0,0;-0,01;0,0;-0,02;0,0;-0,02;0,0;0,0;0,0;-0,1;0,0;-0,01;0,0;-0,02;0,0;-0,01;0,0;-0,01;0,0;-0,02;0,0;-0,02;0,0;-0,83;-0,51;0,0;0,0
25.07.2026;13:00;13:15;0,34;0,11;0,0;0,0;-0,03;-0,02;-0,21;-0,16;0,0;0,0;0,0;0,0;-0,03;-0,02;-0,01;0,0;-0,01;0,0;-0,01;0,0;0,0;0,0;-0,01;0,0;0,0;0,0;-0,01;0,0;-0,01;0,0;-0,01;0,0;-0,05;-0,04;-0,01;0,0;0,0;0,0;-0,02;-0,01;-0,01;0,0;-0,02;-0,01;-0,01;0,0;-0,01;0,0;-0,02;-0,01;0,0;0,0;-0,23;-0,22;0,0;0,0
25.07.2026;13:15;13:30;2,19;1,32;0,0;0,0;-0,02;0,0;-0,15;0,0;0,0;0,0;-0,02;0,0;-0,04;0,0;-0,02;0,0;-0,01;0,0;-0,01;0,0;0,0;0,0;0,0;0,0;0,0;0,0;-0,28;-0,03;-0,01;0,0;-0,01;0,0;-0,02;0,0;-0,02;0,0;-0,01;0,0;-0,02;0,0;-0,01;0,0;-0,02;0,0;-0,01;0,0;-0,01;0,0;-0,02;0,0;-0,01;0,0;-0,18;0,0;0,0;0,0
25.07.2026;13:30;13:45;4,16;3,3;0,0;0,0;-0,02;0,0;-0,08;0,0;0,0;0,0;-0,01;0,0;-0,03;0,0;-0,02;0,0;-0,03;0,0;-0,01;0,0;-0,01;0,0;-0,02;0,0;0,0;0,0;-0,04;0,0;-0,01;0,0;-0,01;0,0;-0,04;0,0;-0,19;0,0;0,0;0,0;-0,02;0,0;-0,01;0,0;-0,01;0,0;-0,1;0,0;-0,02;0,0;-0,03;0,0;-0,01;0,0;-0,14;0,0;0,0;0,0
25.07.2026;13:45;14:00;4,17;3,43;0,0;0,0;-0,02;0,0;-0,1;0,0;0,0;0,0;0,0;0,0;-0,04;0,0;-0,04;0,0;-0,01;0,0;-0,01;0,0;-0,02;0,0;0,0;0,0;0,0;0,0;-0,03;0,0;-0,01;0,0;-0,01;0,0;-0,02;0,0;-0,27;0,0;0,0;0,0;-0,03;0,0;-0,01;0,0;0,0;0,0;-0,04;0,0;-0,01;0,0;-0,02;0,0;-0,01;0,0;-0,04;0,0;0,0;0,0
25.07.2026;14:00;14:15;4,09;3,48;-0,01;0,0;0,0;0,0;-0,17;0,0;0,0;0,0;-0,01;0,0;-0,04;0,0;-0,03;0,0;-0,02;0,0;-0,01;0,0;-0,01;0,0;0,0;0,0;0,0;0,0;-0,05;0,0;-0,01;0,0;-0,01;0,0;-0,01;0,0;-0,05;0,0;0,0;0,0;-0,02;0,0;0,0;0,0;-0,02;0,0;-0,05;0,0;-0,01;0,0;-0,02;0,0;-0,02;0,0;-0,04;0,0;0,0;0,0
25.07.2026;14:15;14:30;4,01;2,93;0,0;0,0;-0,02;0,0;-0,1;0,0;0,0;0,0;-0,01;0,0;-0,03;0,0;-0,03;0,0;-0,02;0,0;-0,02;0,0;-0,02;0,0;-0,02;0,0;0,0;0,0;-0,05;0,0;-0,01;0,0;-0,01;0,0;-0,01;0,0;-0,06;0,0;0,0;0,0;-0,03;0,0;-0,02;0,0;-0,02;0,0;-0,05;0,0;0,0;0,0;-0,01;0,0;-0,01;0,0;-0,53;0,0;0,0;0,0
25.07.2026;14:30;14:45;3,91;2,68;0,0;0,0;-0,01;0,0;-0,07;0,0;0,0;0,0;-0,01;0,0;-0,04;0,0;-0,02;0,0;-0,02;0,0;-0,02;0,0;-0,01;0,0;0,0;0,0;0,0;0,0;-0,3;0,0;-0,01;0,0;-0,01;0,0;-0,01;0,0;-0,06;0,0;0,0;0,0;-0,3;0,0;0,0;0,0;-0,02;0,0;-0,04;0,0;-0,02;0,0;-0,02;0,0;-0,02;0,0;-0,22;0,0;0,0;0,0
25.07.2026;14:45;15:00;3,83;2,84;0,0;0,0;-0,02;0,0;-0,08;0,0;0,0;0,0;-0,01;0,0;-0,03;0,0;-0,02;0,0;-0,02;0,0;-0,02;0,0;-0,01;0,0;-0,01;0,0;0,0;0,0;-0,02;0,0;-0,01;0,0;-0,01;0,0;-0,02;0,0;-0,1;0,0;0,0;0,0;-0,47;0,0;-0,01;0,0;-0,01;0,0;-0,05;0,0;-0,01;0,0;0,0;0,0;0,0;0,0;-0,06;0,0;0,0;0,0
25.07.2026;15:00;15:15;3,71;2,81;-0,01;0,0;0,0;0,0;-0,08;0,0;0,0;0,0;0,0;0,0;-0,03;0,0;-0,01;0,0;-0,01;0,0;-0,01;0,0;-0,02;0,0;-0,01;0,0;0,0;0,0;-0,04;0,0;0,0;0,0;0,0;0,0;-0,01;0,0;-0,13;0,0;0,0;0,0;-0,4;0,0;-0,02;0,0;-0,01;0,0;-0,04;0,0;-0,01;0,0;-0,01;0,0;-0,01;0,0;-0,04;0,0;0,0;0,0
25.07.2026;15:15;15:30;3,6;2,38;0,0;0,0;-0,01;0,0;-0,07;0,0;-0,01;0,0;-0,02;0,0;-0,14;0,0;-0,02;0,0;-0,01;0,0;-0,02;0,0;0,0;0,0;0,0;0,0;0,0;0,0;-0,02;0,0;-0,02;0,0;-0,02;0,0;-0,01;0,0;-0,08;0,0;-0,01;0,0;-0,41;0,0;0,0;0,0;-0,01;0,0;-0,04;0,0;-0,01;0,0;0,0;0,0;-0,02;0,0;-0,27;0,0;0,0;0,0
25.07.2026;15:30;15:45;3,46;2,58;0,0;0,0;0,0;0,0;-0,08;0,0;0,0;0,0;-0,01;0,0;-0,07;0,0;-0,05;0,0;-0,02;0,0;-0,01;0,0;0,0;0,0;-0,01;0,0;0,0;0,0;-0,02;0,0;0,0;0,0;-0,01;0,0;-0,01;0,0;-0,06;0,0;0,0;0,0;-0,4;0,0;-0,01;0,0;-0,02;0,0;-0,04;0,0;-0,01;0,0;-0,02;0,0;0,0;0,0;-0,03;0,0;0,0;0,0
25.07.2026;15:45;16:00;3,31;2,46;0,0;0,0;-0,01;0,0;-0,08;0,0;0,0;0,0;0,0;0,0;-0,09;0,0;-0,02;0,0;-0,02;0,0;-0,02;0,0;-0,01;0,0;-0,01;0,0;0,0;0,0;-0,05;0,0;-0,01;0,0;0,0;0,0;0,0;0,0;-0,14;0,0;0,0;0,0;-0,13;0,0;-0,1;0,0;-0,03;0,0;-0,04;0,0;-0,02;0,0;-0,02;0,0;-0,02;0,0;-0,03;0,0;0,0;0,0
25.07.2026;16:00;16:15;3,11;2,12;0,0;0,0;-0,02;0,0;-0,18;0,0;0,0;0,0;-0,01;0,0;-0,27;0,0;-0,01;0,0;0,0;0,0;-0,01;0,0;-0,01;0,0;-0,01;0,0;0,0;0,0;-0,04;0,0;-0,01;0,0;-0,02;0,0;0,0;0,0;-0,13;0,0;0,0;0,0;-0,12;0,0;-0,03;0,0;-0,01;0,0;-0,04;0,0;-0,01;0,0;-0,02;0,0;-0,02;0,0;-0,02;0,0;0,0;0,0
25.07.2026;16:15;16:30;2,43;1,72;-0,01;0,0;-0,01;0,0;-0,23;0,0;0,0;0,0;-0,01;0,0;-0,13;0,0;-0,02;0,0;-0,02;0,0;0,0;0,0;-0,02;0,0;0,0;0,0;0,0;0,0;-0,03;0,0;-0,01;0,0;-0,01;0,0;-0,01;0,0;-0,01;0,0;0,0;0,0;-0,05;0,0;-0,04;0,0;-0,01;0,0;-0,05;0,0;0,0;0,0;-0,02;0,0;-0,01;0,0;-0,01;0,0;0,0;0,0
25.07.2026;16:30;16:45;0,6;0,2;0,0;0,0;-0,01;0,0;-0,19;-0,08;0,0;0,0;-0,01;0,0;-0,14;-0,12;-0,02;0,0;-0,02;0,0;-0,01;0,0;-0,01;0,0;-0,02;0,0;0,0;0,0;-0,02;0,0;-0,01;0,0;-0,01;0,0;-0,01;0,0;0,0;0,0;0,0;0,0;-0,05;-0,03;-0,04;-0,02;-0,01;0,0;-0,04;-0,02;-0,01;0,0;-0,02;0,0;-0,01;0,0;-0,01;0,0;0,0;0,0
25.07.2026;16:45;17:00;0,22;0,17;0,0;0,0;-0,01;-0,01;-0,18;-0,13;0,0;0,0;-0,01;-0,01;-0,23;-0,23;-0,02;-0,02;0,0;0,0;0,0;0,0;-0,02;-0,02;0,0;0,0;0,0;0,0;-0,03;-0,03;-0,01;-0,01;-0,02;-0,02;-0,01;-0,01;-0,01;-0,01;0,0;0,0;-0,05;-0,05;-0,03;-0,03;-0,01;-0,01;-0,04;-0,04;-0,02;-0,02;-0,02;-0,02;-0,01;-0,01;-0,02;-0,02;0,0;0,0
25.07.2026;17:00;17:15;2,43;1,54;0,0;0,0;0,0;0,0;-0,15;0,0;0,0;0,0;0,0;0,0;-0,4;-0,11;-0,02;0,0;-0,02;0,0;0,0;0,0;-0,01;0,0;-0,01;0,0;-0,01;0,0;-0,03;0,0;-0,01;0,0;-0,01;0,0;-0,01;0,0;-0,02;0,0;0,0;0,0;-0,05;0,0;-0,12;0,0;-0,03;0,0;-0,04;0,0;-0,01;0,0;-0,03;0,0;-0,01;0,0;-0,01;0,0;0,0;0,0
25.07.2026;17:15;17:30;2,21;1,32;-0,01;0,0;-0,54;-0,29;-0,14;0,0;0,0;0,0;-0,02;0,0;-0,11;0,0;-0,02;0,0;-0,01;0,0;-0,01;0,0;-0,01;0,0;-0,01;0,0;0,0;0,0;-0,03;0,0;-0,01;0,0;-0,02;0,0;-0,02;0,0;-0,02;0,0;-0,01;0,0;-0,04;0,0;-0,03;0,0;-0,02;0,0;-0,05;0,0;-0,01;0,0;-0,02;0,0;-0,01;0,0;-0,01;0,0;0,0;0,0
25.07.2026;17:30;17:45;1,98;1,23;0,0;0,0;-0,48;-0,26;-0,14;0,0;0,0;0,0;-0,01;0,0;-0,09;0,0;-0,01;0,0;-0,02;0,0;0,0;0,0;-0,01;0,0;0,0;0,0;0,0;0,0;-0,01;0,0;-0,01;0,0;-0,03;0,0;-0,01;0,0;0,0;0,0;0,0;0,0;-0,05;0,0;-0,04;0,0;-0,01;0,0;-0,04;0,0;-0,01;0,0;-0,02;0,0;-0,01;0,0;-0,01;0,0;0,0;0,0
25.07.2026;17:45;18:00;1,45;0,89;0,0;0,0;-0,07;0,0;-0,1;0,0;0,0;0,0;0,0;0,0;-0,06;0,0;-0,02;0,0;-0,01;0,0;-0,01;0,0;0,0;0,0;-0,01;0,0;0,0;0,0;-0,03;0,0;-0,01;0,0;-0,03;0,0;0,0;0,0;-0,01;0,0;0,0;0,0;-0,04;0,0;-0,04;0,0;-0,01;0,0;-0,04;0,0;-0,01;0,0;-0,02;0,0;-0,02;0,0;-0,02;0,0;0,0;0,0
25.07.2026;18:00;18:15;1,56;0,98;0,0;0,0;-0,01;0,0;-0,07;0,0;0,0;0,0;-0,01;0,0;-0,06;0,0;-0,02;0,0;-0,01;0,0;-0,02;0,0;0,0;0,0;-0,01;0,0;0,0;0,0;-0,04;0,0;-0,01;0,0;-0,04;0,0;-0,01;0,0;-0,01;0,0;0,0;0,0;-0,05;0,0;-0,03;0,0;-0,01;0,0;-0,05;0,0;-0,02;0,0;-0,02;0,0;-0,07;0,0;-0,01;0,0;0,0;0,0
25.07.2026;18:15;18:30;1,27;0,49;0,0;0,0;-0,03;0,0;-0,17;0,0;0,0;0,0;-0,01;0,0;-0,06;0,0;-0,01;0,0;-0,02;0,0;-0,02;0,0;-0,02;0,0;0,0;0,0;0,0;0,0;-0,05;0,0;-0,01;0,0;-0,04;0,0;0,0;0,0;-0,02;0,0;0,0;0,0;-0,05;0,0;-0,03;0,0;-0,02;0,0;-0,04;0,0;-0,01;0,0;-0,07;0,0;-0,09;0,0;-0,01;0,0;0,0;0,0
25.07.2026;18:30;18:45;1,1;0,4;-0,01;0,0;-0,03;0,0;-0,11;0,0;0,0;0,0;-0,01;0,0;-0,05;0,0;-0,02;0,0;-0,01;0,0;-0,02;0,0;-0,02;0,0;-0,01;0,0;0,0;0,0;-0,02;0,0;-0,01;0,0;-0,32;-0,24;-0,01;0,0;-0,28;-0,2;0,0;0,0;-0,05;0,0;-0,04;0,0;-0,02;0,0;-0,05;0,0;0,0;0,0;-0,03;0,0;-0,01;0,0;-0,01;0,0;0,0;0,0
25.07.2026;18:45;19:00;0,94;0,25;0,0;0,0;-0,02;0,0;-0,14;0,0;0,0;0,0;-0,01;0,0;-0,06;-0,01;-0,02;0,0;-0,01;0,0;-0,03;0,0;-0,01;0,0;-0,01;0,0;0,0;0,0;-0,03;0,0;-0,01;0,0;-0,06;-0,01;-0,01;0,0;-0,09;-0,04;0,0;0,0;-0,05;0,0;-0,05;0,0;-0,02;0,0;-0,05;0,0;-0,01;0,0;-0,02;0,0;-0,02;0,0;-0,02;0,0;0,0;0,0
25.07.2026;19:00;19:15;0,77;0,21;0,0;0,0;-0,02;0,0;-0,23;-0,09;0,0;0,0;0,0;0,0;-0,06;-0,03;-0,01;0,0;-0,02;0,0;-0,13;-0,1;-0,01;0,0;-0,01;0,0;0,0;0,0;-0,04;-0,01;0,0;0,0;-0,03;0,0;-0,08;-0,05;-0,09;-0,06;0,0;0,0;-0,05;-0,02;-0,04;-0,01;-0,01;0,0;-0,04;-0,01;-0,03;0,0;-0,02;0,0;-0,01;0,0;-0,01;0,0;0,0;0,0
25.07.2026;19:15;19:30;0,55;0,09;0,0;0,0;-0,05;-0,03;-0,19;-0,13;0,0;0,0;-0,02;0,0;-0,05;-0,03;-0,02;0,0;-0,01;0,0;-0,02;0,0;-0,02;0,0;-0,01;0,0;0,0;0,0;-0,09;-0,07;-0,02;0,0;-0,05;-0,03;-0,02;0,0;-0,07;-0,05;-0,01;0,0;-0,03;-0,01;-0,03;-0,01;-0,01;0,0;-0,04;-0,02;-0,03;-0,01;-0,02;0,0;-0,02;0,0;-0,03;-0,01;0,0;0,0
25.07.2026;19:30;19:45;0,36;0,11;-0,01;0,0;-0,03;-0,02;-0,16;-0,11;0,0;0,0;-0,01;0,0;-0,06;-0,05;-0,38;-0,37;-0,02;-0,01;-0,02;-0,01;-0,01;0,0;0,0;0,0;0,0;0,0;-0,15;-0,14;0,0;0,0;-0,03;-0,02;-0,01;0,0;-0,07;-0,06;0,0;0,0;-0,03;-0,02;-0,03;-0,02;-0,01;0,0;-0,05;-0,04;-0,01;0,0;-0,02;-0,01;-0,01;0,0;-0,04;-0,03;0,0;0,0
25.07.2026;19:45;20:00;0,22;0,17;0,0;0,0;-0,03;-0,03;-0,25;-0,2;0,0;0,0;-0,01;-0,01;-0,05;-0,05;-0,25;-0,25;-0,01;-0,01;-0,05;-0,05;0,0;0,0;-0,01;-0,01;0,0;0,0;-0,02;-0,02;-0,01;-0,01;-0,01;-0,01;-0,02;-0,02;-0,05;-0,05;0,0;0,0;-0,02;-0,02;-0,04;-0,04;-0,02;-0,02;-0,05;-0,05;-0,01;-0,01;-0,02;-0,02;-0,01;-0,01;-0,04;-0,04;0,0;0,0
25.07.2026;20:00;20:15;0,12;0,11;0,0;0,0;-0,03;-0,03;-0,19;-0,18;0,0;0,0;0,0;0,0;-0,06;-0,06;-0,18;-0,18;-0,01;-0,01;-0,09;-0,09;-0,01;-0,01;-0,01;-0,01;0,0;0,0;-0,04;-0,04;-0,04;-0,04;-0,02;-0,02;-0,03;-0,03;-0,02;-0,02;0,0;0,0;-0,02;-0,02;-0,03;-0,03;-0,02;-0,02;-0,05;-0,05;-0,02;-0,02;-0,02;-0,02;-0,03;-0,03;-0,04;-0,04;0,0;0,0
25.07.2026;20:15;20:30;0,0;0,0;0,0;0,0;-0,04;-0,04;-0,13;-0,13;-0,01;-0,01;-0,01;-0,01;-0,05;-0,05;-0,27;-0,27;-0,02;-0,02;-0,08;-0,08;0,0;0,0;-0,01;-0,01;0,0;0,0;-0,03;-0,03;-0,04;-0,04;-0,04;-0,04;-0,03;-0,03;0,0;0,0;0,0;0,0;-0,03;-0,03;-0,03;-0,03;-0,02;-0,02;-0,04;-0,04;-0,03;-0,03;-0,03;-0,03;-0,03;-0,03;-0,03;-0,03;0,0;0,0
25.07.2026;20:30;20:45;0,0;0,0;-0,01;-0,01;-0,04;-0,04;-0,1;-0,1;0,0;0,0;-0,02;-0,02;-0,06;-0,06;-0,19;-0,19;-0,01;-0,01;-0,09;-0,09;-0,02;-0,02;0,0;0,0;0,0;0,0;-0,02;-0,02;-0,03;-0,03;-0,03;-0,03;-0,06;-0,06;-0,01;-0,01;0,0;0,0;-0,06;-0,06;-0,03;-0,03;0,0;0,0;-0,04;-0,04;-0,14;-0,14;-0,02;-0,02;-0,02;-0,02;-0,04;-0,04;0,0;0,0
25.07.2026;20:45;21:00;0,0;0,0;0,0;0,0;-0,04;-0,04;-0,19;-0,19;0,0;0,0;0,0;0,0;-0,05;-0,05;-0,17;-0,17;-0,02;-0,02;-0,09;-0,09;-0,01;-0,01;-0,01;-0,01;0,0;0,0;-0,03;-0,03;-0,03;-0,03;-0,05;-0,05;-0,01;-0,01;-0,02;-0,02;0,0;0,0;-0,02;-0,02;-0,01;-0,01;-0,01;-0,01;-0,05;-0,05;-0,47;-0,47;-0,03;-0,03;-0,03;-0,03;-0,03;-0,03;0,0;0,0
25.07.2026;21:00;21:15;0,0;0,0;0,0;0,0;-0,02;-0,02;-0,23;-0,23;0,0;0,0;-0,01;-0,01;-0,05;-0,05;-0,03;-0,03;-0,01;-0,01;-0,09;-0,09;-0,02;-0,02;-0,01;-0,01;0,0;0,0;-0,04;-0,04;-0,03;-0,03;-0,15;-0,15;-0,02;-0,02;-0,08;-0,08;0,0;0,0;-0,02;-0,02;-0,01;-0,01;-0,01;-0,01;-0,04;-0,04;-0,32;-0,32;-0,07;-0,07;-0,4;-0,4;-0,03;-0,03;0,0;0,0
25.07.2026;21:15;21:30;0,0;0,0;0,0;0,0;-0,02;-0,02;-0,19;-0,19;0,0;0,0;-0,01;-0,01;-0,06;-0,06;-0,04;-0,04;-0,01;-0,01;-0,08;-0,08;-0,01;-0,01;0,0;0,0;0,0;0,0;-0,03;-0,03;-0,03;-0,03;-0,02;-0,02;-0,03;-0,03;-0,09;-0,09;0,0;0,0;-0,02;-0,02;-0,01;-0,01;-0,02;-0,02;-0,05;-0,05;-0,08;-0,08;-0,02;-0,02;-0,06;-0,06;-0,02;-0,02;0,0;0,0
25.07.2026;21:30;21:45;0,0;0,0;0,0;0,0;-0,03;-0,03;-0,1;-0,1;0,0;0,0;-0,01;-0,01;-0,05;-0,05;-0,03;-0,03;-0,02;-0,02;-0,1;-0,1;-0,01;-0,01;-0,01;-0,01;0,0;0,0;-0,02;-0,02;-0,04;-0,04;-0,02;-0,02;-0,03;-0,03;-0,1;-0,1;-0,01;-0,01;-0,02;-0,02;-0,01;-0,01;-0,03;-0,03;-0,03;-0,03;-0,06;-0,06;0,0;0,0;-0,05;-0,05;-0,03;-0,03;0,0;0,0
25.07.2026;21:45;22:00;0,0;0,0;-0,01;-0,01;-0,03;-0,03;-0,14;-0,14;0,0;0,0;-0,01;-0,01;-0,06;-0,06;-0,05;-0,05;-0,01;-0,01;-0,09;-0,09;-0,02;-0,02;-0,01;-0,01;0,0;0,0;-0,04;-0,04;-0,04;-0,04;-0,03;-0,03;-0,02;-0,02;-0,09;-0,09;0,0;0,0;-0,02;-0,02;-0,01;-0,01;-0,01;-0,01;-0,01;-0,01;-0,05;-0,05;-0,01;-0,01;-0,06;-0,06;-0,03;-0,03;0,0;0,0
25.07.2026;22:00;22:15;0,0;0,0;0,0;0,0;-0,03;-0,03;-0,23;-0,23;0,0;0,0;0,0;0,0;-0,05;-0,05;-0,1;-0,1;-0,02;-0,02;-0,09;-0,09;0,0;0,0;-0,01;-0,01;-0,01;-0,01;-0,03;-0,03;-0,06;-0,06;-0,01;-0,01;-0,03;-0,03;-0,07;-0,07;0,0;0,0;-0,02;-0,02;-0,01;-0,01;-0,01;-0,01;-0,01;-0,01;-0,04;-0,04;0,0;0,0;-0,07;-0,07;-0,02;-0,02;0,0;0,0
25.07.2026;22:15;22:30;0,0;0,0;0,0;0,0;-0,03;-0,03;-0,23;-0,23;0,0;0,0;-0,01;-0,01;-0,05;-0,05;-0,05;-0,05;-0,01;-0,01;-0,09;-0,09;0,0;0,0;0,0;0,0;0,0;0,0;-0,02;-0,02;-0,05;-0,05;-0,01;-0,01;-0,03;-0,03;-0,08;-0,08;0,0;0,0;-0,02;-0,02;-0,01;-0,01;-0,01;-0,01;-0,01;-0,01;-0,03;-0,03;0,0;0,0;-0,05;-0,05;-0,03;-0,03;0,0;0,0
25.07.2026;22:30;22:45;0,0;0,0;0,0;0,0;-0,03;-0,03;-0,15;-0,15;0,0;0,0;-0,02;-0,02;-0,05;-0,05;-0,05;-0,05;-0,01;-0,01;-0,02;-0,02;0,0;0,0;-0,02;-0,02;0,0;0,0;-0,02;-0,02;-0,04;-0,04;-0,01;-0,01;-0,02;-0,02;-0,08;-0,08;0,0;0,0;-0,02;-0,02;-0,01;-0,01;-0,01;-0,01;-0,01;-0,01;-0,03;-0,03;-0,01;-0,01;-0,05;-0,05;-0,03;-0,03;0,0;0,0
25.07.2026;22:45;23:00;0,0;0,0;-0,01;-0,01;-0,04;-0,04;-0,08;-0,08;0,0;0,0;-0,01;-0,01;-0,04;-0,04;-0,04;-0,04;-0,02;-0,02;-0,02;-0,02;-0,02;-0,02;0,0;0,0;0,0;0,0;-0,04;-0,04;-0,04;-0,04;-0,02;-0,02;-0,02;-0,02;-0,08;-0,08;0,0;0,0;-0,02;-0,02;-0,01;-0,01;-0,02;-0,02;-0,02;-0,02;-0,04;-0,04;-0,03;-0,03;-0,04;-0,04;-0,04;-0,04;0,0;0,0
25.07.2026;23:00;23:15;0,0;0,0;0,0;0,0;-0,03;-0,03;-0,08;-0,08;0,0;0,0;0,0;0,0;-0,03;-0,03;-0,04;-0,04;-0,01;-0,01;-0,01;-0,01;-0,02;-0,02;-0,01;-0,01;0,0;0,0;-0,01;-0,01;-0,05;-0,05;-0,01;-0,01;-0,02;-0,02;-0,07;-0,07;0,0;0,0;-0,03;-0,03;-0,01;-0,01;-0,02;-0,02;0,0;0,0;-0,03;-0,03;-0,02;-0,02;-0,01;-0,01;-0,02;-0,02;0,0;0,0
25.07.2026;23:15;23:30;0,0;0,0;0,0;0,0;-0,03;-0,03;-0,1;-0,1;0,0;0,0;-0,01;-0,01;-0,04;-0,04;-0,05;-0,05;-0,02;-0,02;-0,03;-0,03;-0,01;-0,01;-0,01;-0,01;0,0;0,0;-0,01;-0,01;-0,01;-0,01;-0,01;-0,01;-0,03;-0,03;-0,07;-0,07;0,0;0,0;-0,02;-0,02;-0,01;-0,01;-0,02;-0,02;-0,01;-0,01;-0,03;-0,03;-0,02;-0,02;-0,01;-0,01;-0,02;-0,02;0,0;0,0
25.07.2026;23:30;23:45;0,0;0,0;0,0;0,0;-0,01;-0,01;-0,1;-0,1;0,0;0,0;-0,01;-0,01;-0,04;-0,04;-0,03;-0,03;0,0;0,0;-0,01;-0,01;-0,01;-0,01;0,0;0,0;0,0;0,0;-0,01;-0,01;-0,01;-0,01;-0,01;-0,01;-0,03;-0,03;-0,08;-0,08;-0,01;-0,01;-0,02;-0,02;0,0;0,0;-0,01;-0,01;-0,02;-0,02;-0,03;-0,03;-0,02;-0,02;-0,01;-0,01;-0,01;-0,01;0,0;0,0
25.07.2026;23:45;00:00;0,0;0,0;0,0;0,0;-0,01;-0,01;-0,12;-0,12;0,0;0,0;-0,01;-0,01;-0,03;-0,03;-0,04;-0,04;-0,02;-0,02;-0,02;-0,02;-0,02;-0,02;-0,01;-0,01;0,0;0,0;-0,02;-0,02;-0,01;-0,01;-0,01;-0,01;-0,03;-0,03;-0,08;-0,08;0,0;0,0;-0,02;-0,02;-0,02;-0,02;-0,01;-0,01;0,0;0,0;-0,02;-0,02;-0,02;-0,02;-0,02;-0,02;-0,02;-0,02;0,0;0,0
26.07.2026;00:00;00:15;0,0;0,0;-0,01;-0,01;-0,01;-0,01;-0,1;-0,1;0,0;0,0;0,0;0,0;-0,04;-0,04;-0,03;-0,03;-0,02;-0,02;-0,02;-0,02;-0,01;-0,01;-0,01;-0,01;0,0;0,0;0,0;0,0;-0,01;-0,01;-0,02;-0,02;-0,02;-0,02;-0,08;-0,08;0,0;0,0;-0,02;-0,02;-0,01;-0,01;-0,01;-0,01;-0,02;-0,02;-0,01;-0,01;-0,02;-0,02;-0,01;-0,01;-0,01;-0,01;0,0;0,0
26.07.2026;00:15;00:30;0,0;0,0;0,0;0,0;-0,01;-0,01;-0,07;-0,07;0,0;0,0;-0,01;-0,01;-0,04;-0,04;-0,03;-0,03;-0,01;-0,01;0,0;0,0;-0,01;-0,01;0,0;0,0;0,0;0,0;-0,01;-0,01;0,0;0,0;-0,01;-0,01;-0,01;-0,01;-0,08;-0,08;0,0;0,0;-0,02;-0,02;0,0;0,0;-0,01;-0,01;-0,01;-0,01;-0,03;-0,03;-0,02;-0,02;-0,01;-0,01;-0,01;-0,01;0,0;0,0
26.07.2026;00:30;00:45;0,0;0,0;0,0;0,0;-0,01;-0,01;-0,06;-0,06;0,0;0,0;-0,02;-0,02;-0,03;-0,03;-0,03;-0,03;-0,01;-0,01;-0,01;-0,01;0,0;0,0;-0,01;-0,01;0,0;0,0;-0,01;-0,01;-0,02;-0,02;-0,01;-0,01;0,0;0,0;-0,08;-0,08;0,0;0,0;-0,02;-0,02;-0,01;-0,01;-0,03;-0,03;0,0;0,0;-0,02;-0,02;-0,02;-0,02;-0,02;-0,02;-0,01;-0,01;0,0;0,0
26.07.2026;00:45;01:00;0,0;0,0;0,0;0,0;-0,01;-0,01;-0,12;-0,12;0,0;0,0;0,0;0,0;-0,04;-0,04;-0,02;-0,02;-0,01;-0,01;0,0;0,0;0,0;0,0;-0,01;-0,01;0,0;0,0;-0,02;-0,02;0,0;0,0;-0,01;-0,01;-0,02;-0,02;-0,08;-0,08;0,0;0,0;-0,02;-0,02;-0,01;-0,01;-0,02;-0,02;-0,02;-0,02;-0,02;-0,02;-0,02;-0,02;-0,01;-0,01;-0,02;-0,02;0,0;0,0
26.07.2026;01:00;01:15;0,0;0,0;-0,01;-0,01;-0,02;-0,02;-0,1;-0,1;0,0;0,0;-0,01;-0,01;-0,04;-0,04;-0,03;-0,03;-0,02;-0,02;-0,01;-0,01;-0,01;-0,01;-0,01;-0,01;0,0;0,0;0,0;0,0;-0,01;-0,01;-0,01;-0,01;-0,01;-0,01;-0,06;-0,06;0,0;0,0;-0,04;-0,04;-0,01;-0,01;-0,01;-0,01;-0,01;-0,01;-0,01;-0,01;-0,02;-0,02;0,0;0,0;-0,01;-0,01;0,0;0,0
26.07.2026;01:15;01:30;0,0;0,0;0,0;0,0;0,0;0,0;-0,16;-0,16;-0,01;-0,01;-0,01;-0,01;-0,05;-0,05;-0,02;-0,02;-0,01;-0,01;0,0;0,0;-0,02;-0,02;0,0;0,0;0,0;0,0;-0,01;-0,01;-0,01;-0,01;-0,01;-0,01;-0,01;-0,01;-0,07;-0,07;0,0;0,0;-0,03;-0,03;-0,01;-0,01;-0,01;-0,01;-0,01;-0,01;-0,01;-0,01;-0,03;-0,03;-0,02;-0,02;-0,01;-0,01;0,0;0,0
26.07.2026;01:30;01:45;0,0;0,0;0,0;0,0;0,0;0,0;-0,13;-0,13;0,0;0,0;-0,01;-0,01;-0,03;-0,03;-0,01;-0,01;-0,01;-0,01;0,0;0,0;-0,01;-0,01;-0,02;-0,02;0,0;0,0;-0,01;-0,01;-0,01;-0,01;-0,02;-0,02;0,0;0,0;-0,07;-0,07;-0,01;-0,01;-0,03;-0,03;-0,01;-0,01;-0,01;-0,01;-0,01;-0,01;-0,01;-0,01;-0,02;-0,02;-0,01;-0,01;-0,02;-0,02;0,0;0,0
26.07.2026;01:45;02:00;0,0;0,0;0,0;0,0;-0,01;-0,01;-0,07;-0,07;0,0;0,0;-0,01;-0,01;-0,05;-0,05;-0,02;-0,02;-0,02;-0,02;-0,01;-0,01;-0,02;-0,02;0,0;0,0;0,0;0,0;-0,02;-0,02;-0,01;-0,01;0,0;0,0;-0,01;-0,01;-0,07;-0,07;0,0;0,0;-0,02;-0,02;-0,01;-0,01;-0,01;-0,01;-0,01;-0,01;-0,02;-0,02;-0,03;-0,03;-0,01;-0,01;-0,01;-0,01;0,0;0,0
26.07.2026;02:00;02:15;0,0;0,0;0,0;0,0;-0,02;-0,02;-0,06;-0,06;0,0;0,0;0,0;0,0;-0,04;-0,04;-0,01;-0,01;-0,01;-0,01;0,0;0,0;-0,01;-0,01;0,0;0,0;0,0;0,0;0,0;0,0;-0,01;-0,01;-0,02;-0,02;0,0;0,0;-0,05;-0,05;0,0;0,0;-0,03;-0,03;-0,01;-0,01;-0,02;-0,02;-0,01;-0,01;-0,04;-0,04;-0,02;-0,02;-0,01;-0,01;-0,01;-0,01;0,0;0,0
26.07.2026;02:15;02:30;0,0;0,0;-0,01;-0,01;-0,01;-0,01;-0,07;-0,07;0,0;0,0;-0,01;-0,01;-0,04;-0,04;-0,02;-0,02;-0,02;-0,02;-0,01;-0,01;-0,01;-0,01;-0,02;-0,02;0,0;0,0;0,0;0,0;-0,01;-0,01;-0,01;-0,01;-0,02;-0,02;-0,05;-0,05;0,0;0,0;-0,03;-0,03;-0,01;-0,01;-0,02;-0,02;-0,01;-0,01;-0,04;-0,04;-0,02;-0,02;-0,02;-0,02;-0,01;-0,01;0,0;0,0
26.07.2026;02:30;02:45;0,0;0,0;0,0;0,0;-0,01;-0,01;-0,06;-0,06;0,0;0,0;-0,02;-0,02;-0,04;-0,04;-0,01;-0,01;-0,01;-0,01;-0,01;-0,01;-0,01;-0,01;0,0;0,0;0,0;0,0;-0,02;-0,02;-0,01;-0,01;-0,01;-0,01;-0,01;-0,01;-0,03;-0,03;0,0;0,0;-0,03;-0,03;-0,01;-0,01;-0,01;-0,01;-0,01;-0,01;-0,02;-0,02;-0,02;-0,02;0,0;0,0;-0,01;-0,01;0,0;0,0
26.07.2026;02:45;03:00;0,0;0,0;0,0;0,0;-0,01;-0,01;-0,05;-0,05;0,0;0,0;0,0;0,0;-0,03;-0,03;-0,02;-0,02;-0,01;-0,01;-0,02;-0,02;-0,01;-0,01;-0,01;-0,01;0,0;0,0;-0,01;-0,01;-0,01;-0,01;-0,01;-0,01;-0,01;-0,01;-0,04;-0,04;0,0;0,0;-0,02;-0,02;-0,01;-0,01;-0,01;-0,01;-0,02;-0,02;-0,02;-0,02;-0,02;-0,02;-0,01;-0,01;-0,02;-0,02;0,0;0,0
26.07.2026;03:00;03:15;0,0;0,0;0,0;0,0;0,0;0,0;-0,06;-0,06;0,0;0,0;-0,01;-0,01;-0,04;-0,04;-0,01;-0,01;-0,02;-0,02;-0,02;-0,02;0,0;0,0;-0,01;-0,01;-0,01;-0,01;-0,01;-0,01;-0,01;-0,01;-0,01;-0,01;0,0;0,0;-0,04;-0,04;0,0;0,0;-0,03;-0,03;-0,01;-0,01;-0,01;-0,01;-0,01;-0,01;-0,03;-0,03;-0,02;-0,02;-0,02;-0,02;-0,01;-0,01;0,0;0,0
26.07.2026;03:15;03:30;0,0;0,0;-0,01;-0,01;-0,01;-0,01;-0,06;-0,06;0,0;0,0;-0,01;-0,01;-0,04;-0,04;-0,02;-0,02;-0,01;-0,01;-0,02;-0,02;-0,01;-0,01;-0,01;-0,01;0,0;0,0;0,0;0,0;-0,01;-0,01;-0,01;-0,01;0,0;0,0;-0,04;-0,04;0,0;0,0;-0,03;-0,03;-0,01;-0,01;-0,01;-0,01;-0,01;-0,01;-0,01;-0,01;-0,02;-0,02;0,0;0,0;-0,01;-0,01;0,0;0,0
26.07.2026;03:30;03:45;0,0;0,0;0,0;0,0;-0,01;-0,01;-0,06;-0,06;0,0;0,0;-0,01;-0,01;-0,04;-0,04;-0,01;-0,01;-0,02;-0,02;-0,02;-0,02;-0,01;-0,01;0,0;0,0;0,0;0,0;-0,02;-0,02;-0,01;-0,01;-0,01;-0,01;-0,01;-0,01;-0,04;-0,04;-0,01;-0,01;-0,02;-0,02;-0,01;-0,01;-0,02;-0,02;-0,01;-0,01;0,0;0,0;-0,02;-0,02;-0,02;-0,02;-0,01;-0,01;0,0;0,0
26.07.2026;03:45;04:00;0,0;0,0;0,0;0,0;-0,01;-0,01;-0,06;-0,06;0,0;0,0;0,0;0,0;-0,04;-0,04;-0,02;-0,02;-0,01;-0,01;-0,01;-0,01;-0,02;-0,02;-0,01;-0,01;0,0;0,0;-0,01;-0,01;-0,01;-0,01;-0,01;-0,01;-0,01;-0,01;-0,04;-0,04;0,0;0,0;-0,03;-0,03;0,0;0,0;-0,02;-0,02;-0,01;-0,01;-0,01;-0,01;-0,02;-0,02;-0,01;-0,01;-0,01;-0,01;0,0;0,0
26.07.2026;04:00;04:15;0,0;0,0;0,0;0,0;-0,02;-0,02;-0,06;-0,06;0,0;0,0;-0,01;-0,01;-0,04;-0,04;-0,01;-0,01;-0,01;-0,01;-0,02;-0,02;-0,01;-0,01;-0,01;-0,01;0,0;0,0;-0,01;-0,01;-0,01;-0,01;-0,01;-0,01;-0,01;-0,01;-0,03;-0,03;0,0;0,0;-0,03;-0,03;-0,02;-0,02;-0,02;-0,02;-0,02;-0,02;-0,02;-0,02;-0,02;-0,02;-0,01;-0,01;-0,02;-0,02;0,0;0,0
26.07.2026;04:15;04:30;0,0;0,0;0,0;0,0;-0,01;-0,01;-0,06;-0,06;0,0;0,0;-0,01;-0,01;-0,03;-0,03;-0,01;-0,01;-0,02;-0,02;0,0;0,0;-0,02;-0,02;0,0;0,0;0,0;0,0;0,0;0,0;0,0;0,0;-0,02;-0,02;-0,01;-0,01;-0,04;-0,04;0,0;0,0;-0,02;-0,02;0,0;0,0;-0,01;-0,01;-0,01;-0,01;-0,01;-0,01;-0,02;-0,02;-0,01;-0,01;0,0;0,0;0,0;0,0
26.07.2026;04:30;04:45;0,0;0,0;-0,01;-0,01;0,0;0,0;-0,05;-0,05;0,0;0,0;-0,01;-0,01;-0,04;-0,04;-0,01;-0,01;-0,01;-0,01;-0,01;-0,01;-0,01;-0,01;-0,02;-0,02;0,0;0,0;-0,02;-0,02;-0,02;-0,02;0,0;0,0;0,0;0,0;-0,03;-0,03;0,0;0,0;-0,03;-0,03;-0,01;-0,01;-0,01;-0,01;-0,01;-0,01;0,0;0,0;-0,01;-0,01;-0,01;-0,01;-0,02;-0,02;0,0;0,0
26.07.2026;04:45;05:00;0,0;0,0;0,0;0,0;0,0;0,0;-0,06;-0,06;0,0;0,0;-0,01;-0,01;-0,03;-0,03;-0,02;-0,02;-0,02;-0,02;0,0;0,0;-0,01;-0,01;0,0;0,0;0,0;0,0;-0,01;-0,01;0,0;0,0;-0,02;-0,02;-0,01;-0,01;-0,04;-0,04;0,0;0,0;-0,02;-0,02;-0,02;-0,02;-0,01;-0,01;-0,01;-0,01;-0,02;-0,02;-0,01;-0,01;-0,01;-0,01;-0,01;-0,01;0,0;0,0
26.07.2026;05:00;05:15;0,0;0,0;0,0;0,0;-0,02;-0,02;-0,06;-0,06;0,0;0,0;0,0;0,0;-0,04;-0,04;-0,01;-0,01;0,0;0,0;-0,01;-0,01;0,0;0,0;0,0;0,0;0,0;0,0;0,0;0,0;-0,01;-0,01;-0,01;-0,01;0,0;0,0;-0,06;-0,06;0,0;0,0;-0,03;-0,03;0,0;0,0;-0,01;-0,01;-0,01;-0,01;-0,01;-0,01;0,0;0,0;-0,01;-0,01;-0,01;-0,01;0,0;0,0
26.07.2026;05:15;05:30;0,0;0,0;0,0;0,0;-0,01;-0,01;-0,06;-0,06;0,0;0,0;-0,02;-0,02;-0,04;-0,04;-0,02;-0,02;-0,02;-0,02;0,0;0,0;0,0;0,0;-0,02;-0,02;0,0;0,0;-0,01;-0,01;-0,01;-0,01;-0,01;-0,01;-0,01;-0,01;-0,06;-0,06;0,0;0,0;-0,03;-0,03;-0,01;-0,01;-0,02;-0,02;-0,01;-0,01;-0,01;-0,01;0,0;0,0;-0,01;-0,01;-0,01;-0,01;0,0;0,0
26.07.2026;05:30;05:45;0,01;0,01;-0,01;-0,01;-0,01;-0,01;-0,07;-0,07;0,0;0,0;-0,01;-0,01;-0,03;-0,03;-0,01;-0,01;-0,01;-0,01;0,0;0,0;-0,01;-0,01;-0,01;-0,01;0,0;0,0;-0,02;-0,02;-0,01;-0,01;-0,01;-0,01;-0,02;-0,02;-0,04;-0,04;-0,01;-0,01;-0,02;-0,02;-0,01;-0,01;-0,02;-0,02;-0,02;-0,02;-0,01;-0,01;0,0;0,0;-0,02;-0,02;-0,01;-0,01;0,0;0,0
26.07.2026;05:45;06:00;0,03;0,03;0,0;0,0;-0,01;-0,01;-0,07;-0,07;0,0;0,0;0,0;0,0;-0,03;-0,03;-0,01;-0,01;-0,02;-0,02;-0,01;-0,01;-0,02;-0,02;0,0;0,0;0,0;0,0;-0,01;-0,01;-0,01;-0,01;-0,01;-0,01;0,0;0,0;-0,04;-0,04;0,0;0,0;-0,03;-0,03;-0,01;-0,01;-0,02;-0,02;0,0;0,0;-0,01;-0,01;-0,03;-0,03;-0,01;-0,01;-0,01;-0,01;0,0;0,0
26.07.2026;06:00;06:15;0,11;0,11;0,0;0,0;-0,01;-0,01;-0,07;-0,07;0,0;0,0;-0,01;-0,01;-0,03;-0,03;-0,05;-0,05;-0,01;-0,01;-0,01;-0,01;-0,01;-0,01;-0,01;-0,01;0,0;0,0;-0,04;-0,04;-0,01;-0,01;-0,01;-0,01;-0,01;-0,01;-0,04;-0,04;0,0;0,0;-0,02;-0,02;-0,01;-0,01;-0,01;-0,01;-0,02;-0,02;-0,01;-0,01;-0,02;-0,02;-0,01;-0,01;-0,01;-0,01;0,0;0,0
26.07.2026;06:15;06:30;0,19;0,14;0,0;0,0;0,0;0,0;-0,06;-0,01;-0,01;-0,01;-0,01;-0,01;-0,03;-0,03;-0,02;-0,02;-0,01;-0,01;-0,01;-0,01;-0,01;-0,01;-0,01;-0,01;0,0;0,0;-0,01;-0,01;-0,01;-0,01;-0,02;-0,02;0,0;0,0;-0,04;-0,04;0,0;0,0;-0,03;-0,03;-0,01;-0,01;0,0;0,0;-0,01;-0,01;-0,01;-0,01;-0,02;-0,02;-0,01;-0,01;-0,01;-0,01;0,0;0,0
26.07.2026;06:30;06:45;0,2;0,15;-0,01;-0,01;-0,01;-0,01;-0,07;-0,02;0,0;0,0;-0,01;-0,01;-0,03;-0,03;-0,02;-0,02;-0,02;-0,02;0,0;0,0;-0,02;-0,02;0,0;0,0;0,0;0,0;-0,02;-0,02;-0,01;-0,01;-0,01;-0,01;0,0;0,0;-0,04;-0,04;0,0;0,0;-0,02;-0,02;-0,01;-0,01;-0,01;-0,01;-0,01;-0,01;-0,01;-0,01;-0,02;-0,02;-0,01;-0,01;-0,02;-0,02;0,0;0,0
26.07.2026;06:45;07:00;0,21;0,16;0,0;0,0;-0,02;-0,02;-0,07;-0,02;0,0;0,0;0,0;0,0;-0,03;-0,03;-0,02;-0,02;-0,04;-0,04;-0,02;-0,02;-0,01;-0,01;-0,01;-0,01;0,0;0,0;-0,02;-0,02;-0,01;-0,01;-0,01;-0,01;-0,02;-0,02;-0,03;-0,03;0,0;0,0;-0,02;-0,02;-0,01;-0,01;-0,02;-0,02;-0,02;-0,02;-0,01;-0,01;-0,02;-0,02;-0,01;-0,01;-0,01;-0,01;0,0;0,0
26.07.2026;07:00;07:15;0,26;0,19;0,0;0,0;-0,05;-0,05;-0,07;0,0;0,0;0,0;-0,01;-0,01;-0,03;-0,03;-0,02;-0,02;-0,07;-0,07;-0,02;-0,02;-0,01;-0,01;-0,01;-0,01;0,0;0,0;-0,03;-0,03;-0,01;-0,01;-0,01;-0,01;-0,01;-0,01;-0,04;-0,04;0,0;0,0;-0,02;-0,02;-0,01;-0,01;-0,02;-0,02;-0,01;-0,01;-0,01;-0,01;-0,02;-0,02;-0,01;-0,01;-0,01;-0,01;0,0;0,0
26.07.2026;07:15;07:30;0,38;0,13;0,0;0,0;-0,27;-0,26;-0,07;0,0;0,0;0,0;-0,02;-0,01;-0,02;-0,01;-0,02;-0,01;-0,05;-0,04;-0,02;-0,01;0,0;0,0;0,0;0,0;0,0;0,0;-0,02;-0,01;-0,01;0,0;-0,08;-0,07;0,0;0,0;-0,03;-0,02;0,0;0,0;-0,02;-0,01;-0,01;0,0;-0,02;-0,01;-0,01;0,0;-0,02;-0,01;-0,02;-0,01;-0,02;-0,01;-0,01;0,0;0,0;0,0
26.07.2026;07:30;07:45;0,62;0,2;0,0;0,0;-0,05;-0,02;-0,07;0,0;0,0;0,0;0,0;0,0;-0,14;-0,11;-0,04;-0,01;-0,03;0,0;-0,01;0,0;-0,01;0,0;-0,02;0,0;0,0;0,0;-0,01;0,0;0,0;0,0;-0,03;0,0;-0,01;0,0;-0,03;0,0;0,0;0,0;-0,03;0,0;-0,01;0,0;-0,01;0,0;-0,02;0,0;0,0;0,0;-0,02;0,0;-0,01;0,0;-0,01;0,0;0,0;0,0
26.07.2026;07:45;08:00;0,85;0,38;-0,01;0,0;-0,02;0,0;-0,07;0,0;0,0;0,0;-0,01;0,0;-0,06;0,0;-0,02;0,0;-0,02;0,0;-0,02;0,0;0,0;0,0;0,0;0,0;0,0;0,0;-0,01;0,0;-0,01;0,0;-0,03;0,0;0,0;0,0;-0,04;0,0;-0,01;0,0;-0,02;0,0;0,0;0,0;-0,01;0,0;-0,08;-0,02;-0,01;0,0;-0,02;0,0;-0,01;0,0;-0,01;0,0;0,0;0,0
26.07.2026;08:00;08:15;1,12;0,54;0,0;0,0;-0,03;0,0;-0,07;0,0;0,0;0,0;-0,01;0,0;-0,05;0,0;-0,03;0,0;-0,03;0,0;-0,01;0,0;-0,02;0,0;-0,01;0,0;-0,01;0,0;-0,01;0,0;-0,01;0,0;-0,04;0,0;-0,01;0,0;-0,04;0,0;0,0;0,0;-0,02;0,0;-0,12;-0,03;-0,01;0,0;-0,03;0,0;-0,02;0,0;-0,02;0,0;0,0;0,0;-0,01;0,0;0,0;0,0
26.07.2026;08:15;08:30;1,28;0,7;0,0;0,0;-0,05;0,0;-0,08;0,0;0,0;0,0;-0,01;0,0;-0,08;0,0;-0,02;0,0;-0,02;0,0;-0,01;0,0;-0,01;0,0;-0,01;0,0;0,0;0,0;-0,05;0,0;-0,01;0,0;-0,03;0,0;-0,02;0,0;-0,03;0,0;0,0;0,0;-0,02;0,0;-0,02;0,0;-0,01;0,0;-0,05;0,0;0,0;0,0;-0,02;0,0;-0,02;0,0;-0,01;0,0;0,0;0,0
26.07.2026;08:30;08:45;0,39;0,13;0,0;0,0;-0,01;0,0;-0,1;-0,03;0,0;0,0;-0,01;0,0;-0,09;-0,08;-0,02;-0,01;-0,02;-0,01;-0,01;0,0;-0,02;-0,01;-0,01;0,0;0,0;0,0;0,0;0,0;-0,01;0,0;-0,04;-0,03;-0,06;-0,05;-0,04;-0,03;0,0;0,0;-0,04;-0,03;-0,03;-0,02;-0,02;-0,01;-0,04;-0,03;-0,02;-0,01;-0,02;-0,01;0,0;0,0;-0,07;-0,06;0,0;0,0
26.07.2026;08:45;09:00;0,0;0,0;-0,01;-0,01;-0,01;-0,01;-0,09;-0,09;0,0;0,0;0,0;0,0;-0,1;-0,1;-0,04;-0,04;-0,01;-0,01;0,0;0,0;-0,01;-0,01;0,0;0,0;0,0;0,0;-0,01;-0,01;-0,01;-0,01;-0,08;-0,08;-0,02;-0,02;-0,03;-0,03;0,0;0,0;-0,02;-0,02;-0,08;-0,08;-0,03;-0,03;-0,05;-0,05;-0,01;-0,01;-0,02;-0,02;-0,02;-0,02;-0,02;-0,02;0,0;0,0
26.07.2026;09:00;09:15;0,94;0,36;0,0;0,0;0,0;0,0;-0,09;0,0;0,0;0,0;-0,01;0,0;-0,06;0,0;-0,03;0,0;-0,01;0,0;-0,01;0,0;-0,01;0,0;-0,01;0,0;0,0;0,0;-0,01;0,0;-0,01;0,0;-0,03;0,0;0,0;0,0;-0,03;0,0;0,0;0,0;-0,02;0,0;-0,04;0,0;-0,01;0,0;-0,05;0,0;-0,37;-0,3;-0,02;0,0;-0,05;0,0;-0,01;0,0;0,0;0,0
26.07.2026;09:15;09:30;2,29;1,2;0,0;0,0;-0,02;0,0;-0,08;0,0;0,0;0,0;-0,02;0,0;-0,05;0,0;-0,02;0,0;-0,02;0,0;0,0;0,0;-0,02;0,0;-0,01;0,0;0,0;0,0;-0,01;0,0;-0,01;0,0;-0,13;0,0;-0,01;0,0;-0,03;0,0;0,0;0,0;-0,02;0,0;-0,09;0,0;-0,01;0,0;-0,26;-0,01;-0,22;0,0;-0,02;0,0;-0,03;0,0;-0,02;0,0;0,0;0,0
26.07.2026;09:30;09:45;2,49;1,62;0,0;0,0;-0,01;0,0;-0,1;0,0;0,0;0,0;0,0;0,0;-0,05;0,0;-0,02;0,0;-0,02;0,0;-0,01;0,0;0,0;0,0;0,0;0,0;0,0;0,0;-0,01;0,0;-0,01;0,0;-0,04;0,0;-0,01;0,0;-0,04;0,0;0,0;0,0;-0,02;0,0;-0,04;0,0;-0,01;0,0;-0,32;-0,01;-0,06;0,0;-0,02;0,0;-0,02;0,0;-0,07;0,0;0,0;0,0
26.07.2026;09:45;10:00;2,63;1,63;0,0;0,0;-0,01;0,0;-0,14;0,0;0,0;0,0;0,0;0,0;-0,04;0,0;-0,04;0,0;-0,01;0,0;-0,02;0,0;0,0;0,0;-0,01;0,0;0,0;0,0;0,0;0,0;-0,01;0,0;-0,03;0,0;0,0;0,0;-0,04;0,0;-0,01;0,0;-0,02;0,0;-0,04;0,0;-0,01;0,0;-0,11;0,0;-0,24;0,0;-0,02;0,0;0,0;0,0;-0,2;0,0;0,0;0,0
26.07.2026;10:00;10:15;2,86;1,78;-0,01;0,0;-0,17;0,0;-0,1;0,0;0,0;0,0;-0,02;0,0;-0,05;0,0;-0,03;0,0;-0,02;0,0;-0,12;0,0;0,0;0,0;-0,01;0,0;0,0;0,0;-0,07;0,0;-0,01;0,0;-0,04;0,0;-0,02;0,0;-0,02;0,0;0,0;0,0;-0,02;0,0;-0,03;0,0;-0,02;0,0;-0,08;0,0;-0,09;0,0;-0,02;0,0;-0,02;0,0;-0,11;0,0;0,0;0,0
26.07.2026;10:15;10:30;3,11;1,82;0,0;0,0;-0,27;0,0;-0,13;0,0;0,0;0,0;-0,01;0,0;-0,03;0,0;-0,03;0,0;-0,01;0,0;-0,04;0,0;-0,02;0,0;-0,01;0,0;0,0;0,0;-0,25;0,0;-0,02;0,0;-0,05;0,0;-0,01;0,0;-0,03;0,0;0,0;0,0;-0,02;0,0;-0,05;0,0;-0,02;0,0;-0,08;0,0;-0,02;0,0;-0,02;0,0;-0,01;0,0;-0,16;0,0;0,0;0,0
26.07.2026;10:30;10:45;3,27;2,05;0,0;0,0;-0,16;0,0;-0,07;0,0;0,0;0,0;0,0;0,0;-0,05;0,0;0,0;0,0;-0,02;0,0;-0,02;0,0;-0,02;0,0;-0,01;0,0;0,0;0,0;-0,81;-0,41;-0,01;0,0;-0,04;0,0;-0,01;0,0;-0,04;0,0;0,0;0,0;-0,02;0,0;-0,04;0,0;-0,02;0,0;-0,07;0,0;-0,02;0,0;-0,02;0,0;-0,02;0,0;-0,16;0,0;0,0;0,0
26.07.2026;10:45;11:00;3,42;1,83;0,0;0,0;-0,3;0,0;-0,1;0,0;0,0;0,0;-0,01;0,0;-0,04;0,0;-0,02;0,0;-0,01;0,0;-0,02;0,0;-0,01;0,0;-0,01;0,0;0,0;0,0;-0,52;-0,14;-0,02;0,0;-0,04;0,0;-0,01;0,0;-0,04;0,0;0,0;0,0;-0,02;0,0;-0,26;0,0;-0,01;0,0;-0,08;0,0;0,0;0,0;-0,02;0,0;-0,01;0,0;-0,18;0,0;0,0;0,0
26.07.2026;11:00;11:15;3,57;2,25;-0,01;0,0;-0,07;0,0;-0,17;0,0;0,0;0,0;-0,01;0,0;-0,04;0,0;0,0;0,0;-0,01;0,0;-0,02;0,0;-0,02;0,0;0,0;0,0;0,0;0,0;-0,09;0,0;-0,02;0,0;-0,05;0,0;-0,01;0,0;-0,04;0,0;0,0;0,0;-0,1;0,0;-0,57;-0,12;0,0;0,0;-0,07;0,0;-0,02;0,0;-0,02;0,0;0,0;0,0;-0,1;0,0;0,0;0,0
26.07.2026;11:15;11:30;4,11;2,93;0,0;0,0;-0,02;0,0;-0,2;0,0;-0,01;0,0;-0,01;0,0;-0,04;0,0;-0,01;0,0;-0,02;0,0;-0,01;0,0;-0,01;0,0;-0,01;0,0;0,0;0,0;-0,02;0,0;-0,01;0,0;-0,05;0,0;0,0;0,0;-0,07;0,0;0,0;0,0;-0,05;0,0;-0,42;0,0;-0,01;0,0;-0,09;0,0;-0,04;0,0;-0,02;0,0;-0,01;0,0;-0,05;0,0;0,0;0,0
26.07.2026;11:30;11:45;3,41;2,31;0,0;0,0;-0,01;0,0;-0,14;0,0;0,0;0,0;-0,01;0,0;-0,04;0,0;-0,01;0,0;-0,01;0,0;-0,02;0,0;-0,01;0,0;-0,01;0,0;0,0;0,0;-0,01;0,0;-0,01;0,0;-0,01;0,0;-0,01;0,0;-0,06;0,0;0,0;0,0;-0,34;0,0;-0,06;0,0;-0,03;0,0;-0,08;0,0;0,0;0,0;-0,01;0,0;-0,03;0,0;-0,19;0,0;0,0;0,0
26.07.2026;11:45;12:00;3,58;2,77;0,0;0,0;-0,01;0,0;-0,14;0,0;0,0;0,0;0,0;0,0;-0,04;0,0;-0,01;0,0;-0,02;0,0;-0,01;0,0;-0,01;0,0;0,0;0,0;0,0;0,0;-0,02;0,0;-0,01;0,0;-0,01;0,0;-0,01;0,0;-0,04;0,0;-0,01;0,0;-0,15;0,0;-0,05;0,0;-0,02;0,0;-0,05;0,0;-0,01;0,0;-0,01;0,0;-0,03;0,0;-0,15;0,0;0,0;0,0
26.07.2026;12:00;12:15;3,2;2,31;0,0;0,0;-0,01;0,0;-0,1;0,0;0,0;0,0;-0,02;0,0;-0,03;0,0;-0,01;0,0;-0,01;0,0;-0,01;0,0;0,0;0,0;-0,01;0,0;0,0;0,0;-0,24;0,0;-0,01;0,0;-0,01;0,0;-0,01;0,0;-0,03;0,0;0,0;0,0;-0,06;0,0;-0,06;0,0;-0,01;0,0;-0,05;0,0;-0,02;0,0;0,0;0,0;-0,04;0,0;-0,15;0,0;0,0;0,0
26.07.2026;12:15;12:30;0,37;0,11;-0,01;0,0;-0,03;-0,02;-0,08;-0,01;0,0;0,0;-0,02;-0,01;-0,09;-0,08;-0,01;0,0;-0,01;0,0;0,0;0,0;0,0;0,0;-0,01;0,0;0,0;0,0;-0,25;-0,24;-0,01;0,0;-0,01;0,0;-0,01;0,0;-0,04;-0,03;0,0;0,0;-0,06;-0,05;-0,04;-0,03;-0,01;0,0;-0,06;-0,05;-0,02;-0,01;0,0;0,0;-0,02;-0,01;-0,06;-0,05;0,0;0,0
26.07.2026;12:30;12:45;0,41;0,14;0,0;0,0;-0,03;-0,02;-0,1;-0,03;0,0;0,0;-0,13;-0,12;-0,21;-0,2;-0,01;0,0;-0,02;-0,01;-0,01;0,0;-0,02;-0,01;-0,01;0,0;0,0;0,0;-0,35;-0,34;-0,01;0,0;-0,01;0,0;-0,01;0,0;-0,04;-0,03;0,0;0,0;-0,07;-0,06;-0,1;-0,09;-0,01;0,0;-0,09;-0,08;-0,01;0,0;0,0;0,0;-0,03;-0,02;-0,15;-0,14;0,0;0,0
26.07.2026;12:45;13:00;2,37;1,24;0,0;0,0;-0,03;0,0;-0,2;0,0;0,0;0,0;-0,03;0,0;-0,16;0,0;0,0;0,0;-0,01;0,0;-0,32;-0,06;-0,01;0,0;-0,01;0,0;0,0;0,0;0,0;0,0;-0,01;0,0;-0,01;0,0;0,0;0,0;-0,04;0,0;0,0;0,0;-0,07;0,0;-0,04;0,0;-0,02;0,0;-0,04;0,0;-0,01;0,0;0,0;0,0;0,0;0,0;-0,18;0,0;0,0;0,0
26.07.2026;13:00;13:15;3,79;2,84;0,0;0,0;-0,02;0,0;-0,23;0,0;0,0;0,0;-0,02;0,0;-0,07;0,0;-0,01;0,0;-0,02;0,0;-0,1;0,0;-0,02;0,0;-0,01;0,0;-0,01;0,0;-0,05;0,0;-0,01;0,0;-0,01;0,0;-0,01;0,0;-0,03;0,0;0,0;0,0;-0,07;0,0;-0,04;0,0;-0,02;0,0;-0,06;0,0;-0,02;0,0;-0,01;0,0;-0,01;0,0;-0,1;0,0;0,0;0,0
26.07.2026;13:15;13:30;4,32;3,08;-0,01;0,0;-0,02;0,0;-0,08;0,0;0,0;0,0;-0,02;0,0;-0,05;0,0;-0,01;0,0;-0,01;0,0;-0,04;0,0;-0,01;0,0;0,0;0,0;0,0;0,0;-0,01;0,0;-0,01;0,0;0,0;0,0;-0,01;0,0;-0,03;0,0;0,0;0,0;-0,05;0,0;-0,03;0,0;-0,02;0,0;-0,34;0,0;-0,01;0,0;-0,02;0,0;-0,4;0,0;-0,06;0,0;0,0;0,0
26.07.2026;13:30;13:45;4,38;3,47;0,0;0,0;-0,02;0,0;-0,08;0,0;0,0;0,0;-0,02;0,0;-0,06;0,0;-0,01;0,0;-0,01;0,0;-0,04;0,0;-0,01;0,0;-0,01;0,0;0,0;0,0;-0,03;0,0;-0,01;0,0;-0,02;0,0;-0,02;0,0;-0,03;0,0;0,0;0,0;-0,04;0,0;-0,04;0,0;-0,01;0,0;-0,08;0,0;-0,01;0,0;-0,03;0,0;-0,3;0,0;-0,03;0,0;0,0;0,0
26.07.2026;13:45;14:00;4,18;3,22;0,0;0,0;-0,03;0,0;-0,1;0,0;0,0;0,0;-0,03;0,0;-0,05;0,0;-0,01;0,0;-0,02;0,0;-0,05;0,0;-0,02;0,0;-0,01;0,0;0,0;0,0;0,0;0,0;-0,01;0,0;-0,01;0,0;-0,01;0,0;-0,04;0,0;0,0;0,0;-0,15;0,0;-0,03;0,0;-0,01;0,0;-0,08;0,0;-0,01;0,0;-0,02;0,0;-0,23;0,0;-0,04;0,0;0,0;0,0
26.07.2026;14:00;14:15;3,75;2,77;0,0;0,0;-0,03;0,0;-0,09;0,0;0,0;0,0;-0,03;0,0;-0,05;0,0;-0,01;0,0;-0,01;0,0;-0,02;0,0;-0,01;0,0;0,0;0,0;0,0;0,0;-0,03;0,0;-0,01;0,0;0,0;0,0;-0,01;0,0;-0,03;0,0;-0,01;0,0;-0,06;0,0;-0,04;0,0;-0,01;0,0;-0,06;0,0;-0,02;0,0;-0,2;0,0;-0,15;0,0;-0,1;0,0;0,0;0,0
26.07.2026;14:15;14:30;2,85;1,93;0,0;0,0;-0,03;0,0;-0,09;0,0;0,0;0,0;-0,02;0,0;-0,06;0,0;0,0;0,0;-0,02;0,0;-0,02;0,0;0,0;0,0;-0,01;0,0;0,0;0,0;-0,03;0,0;-0,01;0,0;-0,02;0,0;0,0;0,0;-0,04;0,0;0,0;0,0;-0,03;0,0;-0,17;0,0;-0,02;0,0;-0,06;0,0;-0,01;0,0;-0,07;0,0;-0,13;0,0;-0,08;0,0;0,0;0,0
26.07.2026;14:30;14:45;1,73;0,68;-0,01;0,0;-0,03;0,0;-0,1;0,0;0,0;0,0;-0,02;0,0;-0,05;0,0;-0,02;0,0;-0,01;0,0;-0,05;0,0;0,0;0,0;-0,01;0,0;0,0;0,0;-0,03;0,0;-0,01;0,0;0,0;0,0;0,0;0,0;-0,05;0,0;0,0;0,0;-0,02;0,0;-0,36;-0,21;-0,03;0,0;-0,09;0,0;-0,08;0,0;-0,05;0,0;-0,53;-0,38;-0,09;0,0;0,0;0,0
26.07.2026;14:45;15:00;2,71;1,31;0,0;0,0;-0,01;0,0;-0,09;0,0;0,0;0,0;-0,03;0,0;-0,13;0,0;-0,01;0,0;-0,01;0,0;-0,61;-0,32;-0,01;0,0;-0,01;0,0;0,0;0,0;-0,03;0,0;-0,01;0,0;-0,01;0,0;-0,01;0,0;-0,04;0,0;0,0;0,0;-0,03;0,0;-0,05;0,0;-0,01;0,0;-0,14;0,0;-0,08;0,0;-0,06;0,0;-0,43;-0,14;-0,05;0,0;0,0;0,0
26.07.2026;15:00;15:15;2,12;0,9;0,0;0,0;-0,02;0,0;-0,08;0,0;0,0;0,0;-0,03;0,0;-0,05;0,0;-0,01;0,0;-0,01;0,0;-0,74;-0,54;-0,02;0,0;-0,01;0,0;0,0;0,0;-0,03;0,0;-0,01;0,0;-0,02;0,0;-0,01;0,0;-0,05;0,0;0,0;0,0;-0,02;0,0;-0,1;0,0;-0,01;0,0;-0,15;0,0;-0,02;0,0;-0,08;0,0;-0,34;-0,14;-0,09;0,0;0,0;0,0
26.07.2026;15:15;15:30;2,23;1,02;0,0;0,0;-0,02;0,0;-0,16;0,0;0,0;0,0;-0,01;0,0;-0,06;0,0;-0,01;0,0;-0,02;0,0;-0,48;-0,26;-0,01;0,0;-0,01;0,0;0,0;0,0;-0,03;0,0;-0,01;0,0;-0,01;0,0;-0,02;0,0;-0,04;0,0;0,0;0,0;-0,02;0,0;-0,09;0,0;-0,01;0,0;-0,16;0,0;-0,02;0,0;-0,02;0,0;-0,34;-0,12;-0,04;0,0;0,0;0,0
26.07.2026;15:30;15:45;2,62;1,64;-0,01;0,0;-0,02;0,0;-0,18;0,0;0,0;0,0;-0,01;0,0;-0,05;0,0;0,0;0,0;-0,02;0,0;-0,16;0,0;-0,02;0,0;0,0;0,0;0,0;0,0;-0,03;0,0;-0,01;0,0;0,0;0,0;0,0;0,0;-0,04;0,0;0,0;0,0;-0,02;0,0;-0,04;0,0;-0,02;0,0;-0,17;0,0;-0,03;0,0;-0,05;0,0;-0,07;0,0;-0,03;0,0;0,0;0,0
26.07.2026;15:45;16:00;1,39;0,65;0,0;0,0;-0,02;0,0;-0,08;0,0;0,0;0,0;-0,01;0,0;-0,05;0,0;-0,01;0,0;-0,01;0,0;-0,16;-0,04;-0,01;0,0;-0,01;0,0;0,0;0,0;-0,03;0,0;-0,01;0,0;-0,02;0,0;-0,01;0,0;-0,05;0,0;0,0;0,0;-0,02;0,0;-0,04;0,0;-0,02;0,0;-0,08;0,0;-0,03;0,0;-0,04;0,0;-0,01;0,0;-0,06;0,0;0,0;0,0
26.07.2026;16:00;16:15;0,2;0,15;0,0;0,0;-0,27;-0,27;-0,1;-0,05;0,0;0,0;-0,02;-0,02;-0,06;-0,06;-0,01;-0,01;-0,02;-0,02;-0,41;-0,41;-0,01;-0,01;-0,01;-0,01;0,0;0,0;-0,03;-0,03;-0,01;-0,01;-0,02;-0,02;0,0;0,0;-0,04;-0,04;-0,01;-0,01;-0,02;-0,02;-0,03;-0,03;-0,02;-0,02;-0,05;-0,05;-0,02;-0,02;-0,06;-0,06;-0,03;-0,03;-0,05;-0,05;0,0;0,0
26.07.2026;16:15;16:30;1,28;0,4;0,0;0,0;-0,19;-0,1;-0,08;0,0;-0,01;0,0;0,0;0,0;-0,05;0,0;-0,01;0,0;-0,01;0,0;-0,45;-0,36;-0,02;0,0;0,0;0,0;0,0;0,0;-0,03;0,0;-0,01;0,0;-0,03;0,0;-0,01;0,0;-0,04;0,0;0,0;0,0;-0,02;0,0;-0,05;0,0;-0,02;0,0;-0,06;0,0;-0,04;0,0;-0,08;0,0;-0,16;-0,07;-0,04;0,0;0,0;0,0
26.07.2026;16:30;16:45;2,58;1,26;-0,01;0,0;-0,53;-0,26;-0,09;0,0;0,0;0,0;-0,01;0,0;-0,05;0,0;-0,04;0,0;-0,02;0,0;-0,14;0,0;0,0;0,0;-0,01;0,0;0,0;0,0;-0,05;0,0;-0,01;0,0;-0,03;0,0;-0,01;0,0;-0,04;0,0;0,0;0,0;-0,02;0,0;-0,03;0,0;0,0;0,0;-0,05;0,0;-0,02;0,0;-0,25;0,0;-0,12;0,0;-0,05;0,0;0,0;0,0
26.07.2026;16:45;17:00;2,68;1,23;0,0;0,0;-0,41;-0,13;-0,08;0,0;0,0;0,0;-0,02;0,0;-0,21;0,0;-0,02;0,0;-0,01;0,0;-0,19;0,0;0,0;0,0;-0,01;0,0;0,0;0,0;-0,04;0,0;0,0;0,0;-0,03;0,0;-0,01;0,0;-0,04;0,0;0,0;0,0;-0,03;0,0;-0,03;0,0;-0,01;0,0;-0,04;0,0;-0,06;0,0;-0,3;-0,02;-0,02;0,0;-0,04;0,0;0,0;0,0
26.07.2026;17:00;17:15;1,63;0,46;0,0;0,0;-0,17;-0,05;-0,12;0,0;0,0;0,0;-0,03;0,0;-0,22;-0,1;-0,06;0,0;-0,02;0,0;-0,19;-0,07;-0,01;0,0;-0,01;0,0;0,0;0,0;-0,02;0,0;-0,01;0,0;-0,03;0,0;-0,02;0,0;-0,05;0,0;0,0;0,0;-0,02;0,0;-0,17;-0,05;-0,03;0,0;-0,05;0,0;-0,15;-0,03;-0,06;0,0;0,0;0,0;-0,03;0,0;0,0;0,0
26.07.2026;17:15;17:30;1,71;0,6;0,0;0,0;-0,04;0,0;-0,11;0,0;0,0;0,0;-0,02;0,0;-0,18;-0,04;-0,05;0,0;-0,04;0,0;-0,11;0,0;-0,01;0,0;0,0;0,0;0,0;0,0;-0,02;0,0;-0,01;0,0;-0,02;0,0;-0,01;0,0;-0,04;0,0;0,0;0,0;-0,02;0,0;-0,5;-0,36;-0,02;0,0;-0,04;0,0;-0,14;0,0;-0,09;0,0;-0,01;0,0;-0,03;0,0;0,0;0,0
26.07.2026;17:30;17:45;1,79;0,42;0,0;0,0;-0,02;0,0;-0,12;0,0;0,0;0,0;-0,02;0,0;-0,21;-0,07;-0,04;0,0;-0,36;-0,22;-0,16;-0,02;-0,02;0,0;-0,02;0,0;0,0;0,0;-0,03;0,0;-0,01;0,0;-0,02;0,0;-0,4;-0,26;-0,05;0,0;0,0;0,0;-0,02;0,0;-0,4;-0,26;-0,02;0,0;-0,05;0,0;-0,18;-0,04;-0,04;0,0;-0,02;0,0;-0,03;0,0;0,0;0,0
26.07.2026;17:45;18:00;1,27;0,31;-0,01;0,0;-0,03;0,0;-0,17;0,0;0,0;0,0;-0,03;0,0;-0,06;0,0;-0,26;-0,17;-0,05;0,0;-0,16;-0,07;-0,01;0,0;0,0;0,0;0,0;0,0;-0,03;0,0;-0,02;0,0;-0,02;0,0;-0,01;0,0;-0,02;0,0;0,0;0,0;-0,02;0,0;-0,06;0,0;-0,01;0,0;-0,05;0,0;-0,03;0,0;-0,05;0,0;-0,01;0,0;-0,12;-0,03;0,0;0,0
26.07.2026;18:00;18:15;0,8;0,2;0,0;0,0;-0,02;0,0;-0,12;0,0;0,0;0,0;-0,03;0,0;-0,06;-0,03;-0,18;-0,15;-0,05;-0,02;-0,17;-0,14;-0,01;0,0;-0,01;0,0;-0,01;0,0;-0,02;0,0;0,0;0,0;-0,03;0,0;-0,01;0,0;-0,03;0,0;0,0;0,0;-0,02;0,0;-0,04;-0,01;-0,01;0,0;-0,07;-0,04;-0,14;-0,11;-0,06;-0,03;-0,01;0,0;-0,34;-0,31;0,0;0,0
26.07.2026;18:15;18:30;0,71;0,23;0,0;0,0;-0,01;0,0;-0,1;0,0;0,0;0,0;-0,02;0,0;-0,07;-0,05;-0,03;-0,01;-0,05;-0,03;-0,19;-0,17;-0,02;0,0;-0,01;0,0;0,0;0,0;-0,02;0,0;-0,01;0,0;-0,04;-0,02;-0,02;0,0;-0,03;-0,01;0,0;0,0;-0,02;0,0;-0,06;-0,04;-0,01;0,0;-0,08;-0,06;-0,03;-0,01;-0,06;-0,04;-0,02;0,0;-0,32;-0,3;0,0;0,0
26.07.2026;18:30;18:45;0,52;0,2;0,0;0,0;-0,08;-0,07;-0,11;0,0;0,0;0,0;-0,02;-0,01;-0,04;-0,03;-0,02;-0,01;-0,05;-0,04;-0,1;-0,09;-0,01;0,0;0,0;0,0;0,0;0,0;-0,03;-0,02;-0,01;0,0;-0,16;-0,15;-0,02;-0,01;-0,02;-0,01;-0,01;0,0;-0,02;-0,01;-0,05;-0,04;-0,03;-0,02;-0,06;-0,05;-0,43;-0,42;-0,03;-0,02;-0,01;0,0;-0,23;-0,22;0,0;0,0
26.07.2026;18:45;19:00;0,44;0,16;-0,01;0,0;-0,03;-0,02;-0,1;-0,03;0,0;0,0;-0,02;-0,01;-0,07;-0,06;-0,02;-0,01;-0,04;-0,03;-0,03;-0,02;-0,01;0,0;-0,01;0,0;0,0;0,0;-0,03;-0,02;-0,01;0,0;-0,29;-0,28;-0,02;-0,01;-0,04;-0,03;0,0;0,0;-0,02;-0,01;-0,02;-0,01;-0,22;-0,21;-0,07;-0,06;-0,41;-0,4;-0,02;-0,01;0,0;0,0;-0,44;-0,43;0,0;0,0
26.07.2026;19:00;19:15;0,33;0,11;0,0;0,0;-0,1;-0,09;-0,21;-0,19;0,0;0,0;-0,03;-0,02;-0,13;-0,12;-0,02;-0,01;-0,05;-0,04;-0,02;-0,01;0,0;0,0;-0,01;0,0;0,0;0,0;-0,02;-0,01;-0,01;0,0;-0,29;-0,28;-0,16;-0,15;-0,03;-0,02;0,0;0,0;-0,02;-0,01;-0,04;-0,03;-0,28;-0,27;-0,08;-0,07;-0,23;-0,22;-0,02;-0,01;-0,02;-0,01;-0,2;-0,19;0,0;0,0
26.07.2026;19:15;19:30;0,15;0,11;0,0;0,0;-0,11;-0,11;-0,23;-0,19;0,0;0,0;-0,03;-0,03;-0,07;-0,07;-0,01;-0,01;-0,04;-0,04;-0,02;-0,02;0,0;0,0;-0,01;-0,01;0,0;0,0;-0,03;-0,03;-0,01;-0,01;-0,05;-0,05;-0,13;-0,13;-0,03;-0,03;0,0;0,0;-0,02;-0,02;-0,02;-0,02;-0,11;-0,11;-0,07;-0,07;-0,16;-0,16;0,0;0,0;-0,01;-0,01;-0,09;-0,09;0,0;0,0
26.07.2026;19:30;19:45;0,0;0,0;0,0;0,0;-0,03;-0,03;-0,19;-0,19;0,0;0,0;-0,02;-0,02;-0,06;-0,06;-0,02;-0,02;-0,04;-0,04;0,0;0,0;-0,02;-0,02;0,0;0,0;0,0;0,0;-0,03;-0,03;-0,01;-0,01;-0,38;-0,38;0,0;0,0;-0,03;-0,03;0,0;0,0;-0,02;-0,02;-0,03;-0,03;-0,05;-0,05;-0,07;-0,07;-0,19;-0,19;-0,01;-0,01;-0,02;-0,02;-0,08;-0,08;0,0;0,0
26.07.2026;19:45;20:00;0,0;0,0;0,0;0,0;-0,02;-0,02;-0,25;-0,25;0,0;0,0;-0,02;-0,02;-0,05;-0,05;-0,01;-0,01;-0,08;-0,08;-0,12;-0,12;-0,01;-0,01;-0,02;-0,02;0,0;0,0;-0,01;-0,01;-0,01;-0,01;-0,03;-0,03;-0,01;-0,01;-0,06;-0,06;0,0;0,0;-0,02;-0,02;-0,02;-0,02;-0,03;-0,03;-0,05;-0,05;-0,19;-0,19;0,0;0,0;-0,13;-0,13;-0,32;-0,32;0,0;0,0
26.07.2026;20:00;20:15;0,02;0,02;-0,01;-0,01;-0,03;-0,03;-0,18;-0,18;0,0;0,0;-0,01;-0,01;-0,06;-0,06;-0,02;-0,02;-0,04;-0,04;-0,22;-0,22;-0,02;-0,02;0,0;0,0;0,0;0,0;-0,03;-0,03;-0,01;-0,01;-0,02;-0,02;-0,01;-0,01;-0,47;-0,47;0,0;0,0;-0,02;-0,02;-0,02;-0,02;-0,03;-0,03;-0,04;-0,04;-0,17;-0,17;-0,04;-0,04;-0,06;-0,06;-0,04;-0,04;0,0;0,0
26.07.2026;20:15;20:30;0,02;0,02;0,0;0,0;-0,02;-0,02;-0,2;-0,2;0,0;0,0;-0,01;-0,01;-0,06;-0,06;-0,03;-0,03;-0,02;-0,02;-0,03;-0,03;-0,01;-0,01;-0,01;-0,01;0,0;0,0;-0,03;-0,03;-0,01;-0,01;-0,03;-0,03;-0,02;-0,02;-0,55;-0,55;0,0;0,0;-0,02;-0,02;-0,02;-0,02;-0,02;-0,02;-0,05;-0,05;-0,05;-0,05;-0,02;-0,02;-0,01;-0,01;-0,08;-0,08;0,0;0,0
26.07.2026;20:30;20:45;0,01;0,01;0,0;0,0;-0,03;-0,03;-0,23;-0,23;0,0;0,0;-0,01;-0,01;-0,05;-0,05;-0,28;-0,28;-0,01;-0,01;-0,01;-0,01;-0,01;-0,01;-0,01;-0,01;0,0;0,0;-0,02;-0,02;-0,01;-0,01;-0,03;-0,03;0,0;0,0;-0,05;-0,05;0,0;0,0;-0,02;-0,02;-0,01;-0,01;-0,03;-0,03;-0,04;-0,04;-0,03;-0,03;-0,02;-0,02;-0,01;-0,01;-0,03;-0,03;0,0;0,0
26.07.2026;20:45;21:00;0,01;0,01;0,0;0,0;-0,03;-0,03;-0,15;-0,15;0,0;0,0;-0,02;-0,02;-0,11;-0,11;-0,12;-0,12;-0,04;-0,04;0,0;0,0;-0,02;-0,02;0,0;0,0;0,0;0,0;-0,02;-0,02;-0,01;-0,01;-0,02;-0,02;-0,01;-0,01;-0,06;-0,06;0,0;0,0;-0,02;-0,02;-0,01;-0,01;-0,03;-0,03;-0,02;-0,02;-0,04;-0,04;-0,04;-0,04;-0,01;-0,01;-0,03;-0,03;0,0;0,0
26.07.2026;21:00;21:15;0,01;0,01;-0,01;-0,01;-0,04;-0,04;-0,07;-0,07;0,0;0,0;-0,03;-0,03;-0,06;-0,06;-0,05;-0,05;-0,19;-0,19;0,0;0,0;0,0;0,0;-0,01;-0,01;0,0;0,0;-0,03;-0,03;-0,01;-0,01;-0,03;-0,03;0,0;0,0;-0,2;-0,2;-0,01;-0,01;-0,02;-0,02;-0,02;-0,02;-0,04;-0,04;-0,01;-0,01;-0,05;-0,05;-0,03;-0,03;-0,02;-0,02;-0,04;-0,04;0,0;0,0
26.07.2026;21:15;21:30;0,0;0,0;0,0;0,0;-0,04;-0,04;-0,1;-0,1;-0,01;-0,01;-0,01;-0,01;-0,05;-0,05;-0,1;-0,1;-0,39;-0,39;-0,02;-0,02;0,0;0,0;-0,01;-0,01;0,0;0,0;-0,04;-0,04;-0,01;-0,01;-0,03;-0,03;-0,01;-0,01;-0,11;-0,11;0,0;0,0;-0,02;-0,02;-0,01;-0,01;-0,02;-0,02;-0,02;-0,02;-0,05;-0,05;-0,03;-0,03;-0,02;-0,02;-0,03;-0,03;0,0;0,0
26.07.2026;21:30;21:45;0,0;0,0;0,0;0,0;-0,06;-0,06;-0,12;-0,12;0,0;0,0;0,0;0,0;-0,05;-0,05;-0,29;-0,29;-0,22;-0,22;-0,02;-0,02;-0,01;-0,01;-0,01;-0,01;0,0;0,0;-0,02;-0,02;-0,01;-0,01;-0,03;-0,03;-0,02;-0,02;-0,08;-0,08;0,0;0,0;-0,03;-0,03;-0,01;-0,01;-0,02;-0,02;-0,02;-0,02;-0,04;-0,04;-0,02;-0,02;-0,11;-0,11;-0,04;-0,04;0,0;0,0
26.07.2026;21:45;22:00;0,0;0,0;0,0;0,0;-0,03;-0,03;-0,1;-0,1;0,0;0,0;-0,01;-0,01;-0,05;-0,05;-0,03;-0,03;-0,15;-0,15;-0,03;-0,03;-0,01;-0,01;0,0;0,0;0,0;0,0;-0,03;-0,03;-0,01;-0,01;-0,04;-0,04;-0,01;-0,01;-0,16;-0,16;0,0;0,0;-0,04;-0,04;-0,01;-0,01;-0,02;-0,02;-0,01;-0,01;-0,02;-0,02;-0,04;-0,04;-0,04;-0,04;-0,05;-0,05;0,0;0,0
26.07.2026;22:00;22:15;0,0;0,0;0,0;0,0;-0,03;-0,03;-0,09;-0,09;0,0;0,0;-0,02;-0,02;-0,04;-0,04;-0,03;-0,03;-0,12;-0,12;-0,11;-0,11;-0,02;-0,02;-0,02;-0,02;0,0;0,0;-0,03;-0,03;-0,01;-0,01;-0,03;-0,03;-0,02;-0,02;-0,17;-0,17;0,0;0,0;-0,04;-0,04;-0,01;-0,01;-0,02;-0,02;-0,01;-0,01;-0,02;-0,02;-0,03;-0,03;-0,04;-0,04;-0,03;-0,03;0,0;0,0
26.07.2026;22:15;22:30;0,0;0,0;-0,01;-0,01;-0,02;-0,02;-0,08;-0,08;0,0;0,0;0,0;0,0;-0,04;-0,04;-0,03;-0,03;-0,12;-0,12;-0,01;-0,01;-0,01;-0,01;0,0;0,0;0,0;0,0;-0,03;-0,03;-0,01;-0,01;-0,04;-0,04;0,0;0,0;-0,14;-0,14;0,0;0,0;-0,04;-0,04;-0,01;-0,01;-0,03;-0,03;-0,01;-0,01;-0,01;-0,01;-0,04;-0,04;-0,04;-0,04;-0,04;-0,04;0,0;0,0
26.07.2026;22:30;22:45;0,0;0,0;0,0;0,0;-0,02;-0,02;-0,13;-0,13;0,0;0,0;-0,01;-0,01;-0,04;-0,04;-0,04;-0,04;-0,09;-0,09;0,0;0,0;-0,01;-0,01;0,0;0,0;0,0;0,0;0,0;0,0;-0,02;-0,02;-0,04;-0,04;-0,01;-0,01;-0,07;-0,07;0,0;0,0;-0,03;-0,03;-0,01;-0,01;-0,01;-0,01;-0,01;-0,01;-0,02;-0,02;-0,02;-0,02;-0,47;-0,47;-0,02;-0,02;0,0;0,0
26.07.2026;22:45;23:00;0,0;0,0;0,0;0,0;0,0;0,0;-0,07;-0,07;0,0;0,0;-0,01;-0,01;-0,04;-0,04;-0,02;-0,02;-0,34;-0,34;-0,02;-0,02;-0,02;-0,02;-0,02;-0,02;0,0;0,0;-0,02;-0,02;-0,08;-0,08;-0,03;-0,03;0,0;0,0;-0,04;-0,04;0,0;0,0;-0,04;-0,04;-0,01;-0,01;-0,01;-0,01;-0,01;-0,01;-0,01;-0,01;-0,03;-0,03;-0,33;-0,33;-0,02;-0,02;0,0;0,0
26.07.2026;23:00;23:15;0,0;0,0;0,0;0,0;-0,01;-0,01;-0,17;-0,17;0,0;0,0;-0,01;-0,01;-0,04;-0,04;-0,03;-0,03;-0,1;-0,1;-0,02;-0,02;-0,01;-0,01;0,0;0,0;-0,01;-0,01;-0,01;-0,01;-0,04;-0,04;-0,05;-0,05;-0,02;-0,02;-0,04;-0,04;0,0;0,0;-0,03;-0,03;-0,01;-0,01;-0,01;-0,01;-0,01;-0,01;-0,01;-0,01;-0,02;-0,02;-0,05;-0,05;-0,02;-0,02;0,0;0,0
26.07.2026;23:15;23:30;0,0;0,0;-0,01;-0,01;-0,01;-0,01;-0,06;-0,06;0,0;0,0;-0,01;-0,01;-0,04;-0,04;-0,03;-0,03;-0,09;-0,09;-0,01;-0,01;-0,01;-0,01;-0,01;-0,01;0,0;0,0;-0,01;-0,01;-0,04;-0,04;-0,02;-0,02;-0,01;-0,01;-0,05;-0,05;0,0;0,0;-0,03;-0,03;-0,01;-0,01;-0,02;-0,02;-0,01;-0,01;-0,01;-0,01;-0,03;-0,03;-0,03;-0,03;0,0;0,0;0,0;0,0
26.07.2026;23:30;23:45;0,0;0,0;0,0;0,0;-0,01;-0,01;-0,07;-0,07;0,0;0,0;-0,01;-0,01;-0,04;-0,04;-0,03;-0,03;-0,09;-0,09;-0,02;-0,02;0,0;0,0;-0,01;-0,01;0,0;0,0;0,0;0,0;-0,05;-0,05;-0,01;-0,01;-0,02;-0,02;-0,03;-0,03;-0,01;-0,01;-0,03;-0,03;-0,01;-0,01;-0,03;-0,03;-0,01;-0,01;-0,02;-0,02;-0,02;-0,02;-0,01;-0,01;-0,02;-0,02;0,0;0,0
26.07.2026;23:45;00:00;0,0;0,0;0,0;0,0;-0,01;-0,01;-0,06;-0,06;0,0;0,0;0,0;0,0;-0,03;-0,03;-0,02;-0,02;-0,09;-0,09;0,0;0,0;0,0;0,0;-0,01;-0,01;0,0;0,0;-0,02;-0,02;-0,04;-0,04;-0,02;-0,02;0,0;0,0;-0,01;-0,01;0,0;0,0;-0,03;-0,03;-0,01;-0,01;-0,02;-0,02;-0,02;-0,02;-0,01;-0,01;-0,03;-0,03;-0,01;-0,01;-0,01;-0,01;0,0;0,0
27.07.2026;00:00;00:15;0,0;0,0;0,0;0,0;-0,01;-0,01;-0,06;-0,06;0,0;0,0;-0,02;-0,02;-0,04;-0,04;-0,03;-0,03;-0,08;-0,08;-0,01;-0,01;-0,01;-0,01;0,0;0,0;0,0;0,0;-0,01;-0,01;-0,02;-0,02;-0,01;-0,01;-0,01;-0,01;-0,03;-0,03;0,0;0,0;-0,03;-0,03;-0,01;-0,01;-0,01;-0,01;0,0;0,0;-0,01;-0,01;-0,03;-0,03;-0,01;-0,01;-0,01;-0,01;0,0;0,0
27.07.2026;00:15;00:30;0,0;0,0;0,0;0,0;-0,01;-0,01;-0,06;-0,06;0,0;0,0;-0,01;-0,01;-0,04;-0,04;-0,03;-0,03;-0,08;-0,08;-0,02;-0,02;-0,02;-0,02;-0,01;-0,01;0,0;0,0;0,0;0,0;-0,02;-0,02;-0,02;-0,02;-0,01;-0,01;-0,02;-0,02;0,0;0,0;-0,03;-0,03;-0,01;-0,01;-0,01;-0,01;-0,02;-0,02;-0,01;-0,01;-0,02;-0,02;-0,02;-0,02;-0,02;-0,02;0,0;0,0
27.07.2026;00:30;00:45;0,0;0,0;-0,01;-0,01;0,0;0,0;-0,07;-0,07;0,0;0,0;0,0;0,0;-0,03;-0,03;-0,03;-0,03;-0,08;-0,08;-0,02;-0,02;-0,01;-0,01;-0,01;-0,01;0,0;0,0;-0,01;-0,01;-0,01;-0,01;-0,03;-0,03;-0,01;-0,01;-0,03;-0,03;0,0;0,0;-0,02;-0,02;-0,01;-0,01;-0,01;-0,01;-0,01;-0,01;-0,02;-0,02;-0,02;-0,02;-0,02;-0,02;0,0;0,0;0,0;0,0
27.07.2026;00:45;01:00;0,0;0,0;0,0;0,0;-0,02;-0,02;-0,06;-0,06;0,0;0,0;-0,01;-0,01;-0,04;-0,04;-0,02;-0,02;-0,08;-0,08;-0,01;-0,01;-0,02;-0,02;0,0;0,0;0,0;0,0;-0,02;-0,02;-0,01;-0,01;-0,02;-0,02;-0,01;-0,01;-0,01;-0,01;0,0;0,0;-0,03;-0,03;0,0;0,0;-0,03;-0,03;-0,01;-0,01;-0,01;-0,01;-0,02;-0,02;-0,01;-0,01;-0,02;-0,02;0,0;0,0
27.07.2026;01:00;01:15;0,0;0,0;0,0;0,0;-0,01;-0,01;-0,06;-0,06;0,0;0,0;-0,01;-0,01;-0,04;-0,04;-0,01;-0,01;-0,09;-0,09;-0,02;-0,02;-0,01;-0,01;-0,02;-0,02;0,0;0,0;-0,01;-0,01;-0,01;-0,01;-0,03;-0,03;-0,02;-0,02;-0,01;-0,01;0,0;0,0;-0,03;-0,03;-0,02;-0,02;-0,03;-0,03;-0,01;-0,01;0,0;0,0;-0,02;-0,02;-0,01;-0,01;-0,01;-0,01;0,0;0,0
27.07.2026;01:15;01:30;0,0;0,0;0,0;0,0;-0,01;-0,01;-0,06;-0,06;0,0;0,0;-0,01;-0,01;-0,03;-0,03;-0,01;-0,01;-0,09;-0,09;0,0;0,0;-0,01;-0,01;0,0;0,0;0,0;0,0;0,0;0,0;-0,01;-0,01;-0,03;-0,03;-0,01;-0,01;-0,01;-0,01;0,0;0,0;-0,03;-0,03;-0,01;-0,01;-0,01;-0,01;0,0;0,0;-0,02;-0,02;-0,02;-0,02;-0,01;-0,01;-0,01;-0,01;0,0;0,0
27.07.2026;01:30;01:45;0,0;0,0;-0,01;-0,01;-0,01;-0,01;-0,06;-0,06;0,0;0,0;-0,01;-0,01;-0,04;-0,04;-0,01;-0,01;-0,08;-0,08;0,0;0,0;-0,01;-0,01;-0,01;-0,01;0,0;0,0;-0,01;-0,01;-0,01;-0,01;-0,03;-0,03;0,0;0,0;-0,01;-0,01;0,0;0,0;-0,03;-0,03;-0,01;-0,01;-0,02;-0,02;-0,02;-0,02;-0,01;-0,01;-0,02;-0,02;-0,01;-0,01;-0,01;-0,01;0,0;0,0
27.07.2026;01:45;02:00;0,0;0,0;0,0;0,0;0,0;0,0;-0,06;-0,06;0,0;0,0;0,0;0,0;-0,03;-0,03;0,0;0,0;-0,1;-0,1;-0,02;-0,02;0,0;0,0;-0,01;-0,01;0,0;0,0;-0,02;-0,02;-0,01;-0,01;-0,02;-0,02;-0,01;-0,01;-0,01;-0,01;0,0;0,0;-0,03;-0,03;-0,01;-0,01;-0,01;-0,01;-0,01;-0,01;-0,01;-0,01;-0,02;-0,02;-0,01;-0,01;-0,02;-0,02;0,0;0,0
27.07.2026;02:00;02:15;0,0;0,0;0,0;0,0;-0,01;-0,01;-0,06;-0,06;0,0;0,0;-0,02;-0,02;-0,04;-0,04;-0,01;-0,01;-0,07;-0,07;-0,01;-0,01;-0,01;-0,01;-0,01;-0,01;0,0;0,0;-0,01;-0,01;-0,01;-0,01;-0,01;-0,01;-0,01;-0,01;-0,02;-0,02;-0,01;-0,01;-0,02;-0,02;-0,01;-0,01;-0,01;-0,01;-0,01;-0,01;-0,01;-0,01;0,0;0,0;-0,02;-0,02;-0,01;-0,01;0,0;0,0
27.07.2026;02:15;02:30;0,0;0,0;0,0;0,0;-0,02;-0,02;-0,06;-0,06;-0,01;-0,01;-0,01;-0,01;-0,05;-0,05;-0,01;-0,01;-0,08;-0,08;-0,02;-0,02;-0,01;-0,01;0,0;0,0;0,0;0,0;0,0;0,0;-0,01;-0,01;-0,02;-0,02;-0,01;-0,01;-0,02;-0,02;0,0;0,0;-0,03;-0,03;-0,01;-0,01;-0,03;-0,03;-0,01;-0,01;-0,01;-0,01;0,0;0,0;-0,01;-0,01;-0,01;-0,01;0,0;0,0
27.07.2026;02:30;02:45;0,0;0,0;-0,01;-0,01;-0,01;-0,01;-0,06;-0,06;0,0;0,0;0,0;0,0;-0,05;-0,05;-0,01;-0,01;-0,05;-0,05;-0,01;-0,01;-0,01;-0,01;-0,01;-0,01;0,0;0,0;-0,01;-0,01;-0,01;-0,01;-0,01;-0,01;-0,01;-0,01;-0,01;-0,01;0,0;0,0;-0,03;-0,03;-0,01;-0,01;-0,02;-0,02;-0,01;-0,01;-0,02;-0,02;-0,01;-0,01;-0,01;-0,01;-0,01;-0,01;0,0;0,0
27.07.2026;02:45;03:00;0,0;0,0;0,0;0,0;0,0;0,0;-0,06;-0,06;0,0;0,0;-0,01;-0,01;-0,03;-0,03;-0,01;-0,01;-0,01;-0,01;-0,01;-0,01;-0,02;-0,02;-0,01;-0,01;0,0;0,0;-0,02;-0,02;0,0;0,0;0,0;0,0;-0,01;-0,01;0,0;0,0;0,0;0,0;-0,03;-0,03;0,0;0,0;-0,02;-0,02;-0,01;-0,01;-0,01;-0,01;0,0;0,0;-0,01;-0,01;-0,01;-0,01;0,0;0,0
27.07.2026;03:00;03:15;0,0;0,0;0,0;0,0;-0,01;-0,01;-0,06;-0,06;0,0;0,0;-0,02;-0,02;-0,04;-0,04;-0,01;-0,01;-0,02;-0,02;0,0;0,0;-0,01;-0,01;0,0;0,0;0,0;0,0;0,0;0,0;-0,02;-0,02;-0,02;-0,02;0,0;0,0;-0,01;-0,01;0,0;0,0;-0,03;-0,03;-0,02;-0,02;-0,01;-0,01;-0,01;-0,01;-0,01;-0,01;0,0;0,0;-0,01;-0,01;-0,01;-0,01;0,0;0,0
27.07.2026;03:15;03:30;0,0;0,0;0,0;0,0;-0,01;-0,01;-0,06;-0,06;0,0;0,0;-0,01;-0,01;-0,04;-0,04;-0,01;-0,01;-0,01;-0,01;-0,02;-0,02;-0,01;-0,01;-0,01;-0,01;0,0;0,0;-0,01;-0,01;0,0;0,0;-0,01;-0,01;-0,01;-0,01;-0,02;-0,02;0,0;0,0;-0,02;-0,02;-0,01;-0,01;-0,01;-0,01;-0,01;-0,01;-0,01;-0,01;-0,02;-0,02;-0,01;-0,01;-0,01;-0,01;0,0;0,0
27.07.2026;03:30;03:45;0,0;0,0;0,0;0,0;-0,01;-0,01;-0,06;-0,06;0,0;0,0;0,0;0,0;-0,04;-0,04;-0,01;-0,01;-0,02;-0,02;-0,02;-0,02;-0,02;-0,02;-0,01;-0,01;0,0;0,0;-0,01;-0,01;-0,01;-0,01;0,0;0,0;0,0;0,0;-0,01;-0,01;0,0;0,0;-0,02;-0,02;0,0;0,0;-0,01;-0,01;-0,01;-0,01;-0,01;-0,01;-0,02;-0,02;-0,02;-0,02;-0,01;-0,01;0,0;0,0
27.07.2026;03:45;04:00;0,0;0,0;-0,01;-0,01;-0,02;-0,02;-0,06;-0,06;0,0;0,0;-0,01;-0,01;-0,04;-0,04;-0,01;-0,01;-0,02;-0,02;-0,01;-0,01;-0,01;-0,01;-0,01;-0,01;0,0;0,0;-0,02;-0,02;-0,01;-0,01;-0,02;-0,02;-0,02;-0,02;-0,01;-0,01;0,0;0,0;-0,02;-0,02;-0,01;-0,01;-0,03;-0,03;-0,01;-0,01;-0,02;-0,02;-0,03;-0,03;-0,01;-0,01;-0,01;-0,01;0,0;0,0
27.07.2026;04:00;04:15;0,0;0,0;0,0;0,0;0,0;0,0;-0,05;-0,05;0,0;0,0;-0,01;-0,01;-0,04;-0,04;0,0;0,0;-0,01;-0,01;-0,01;-0,01;0,0;0,0;0,0;0,0;-0,01;-0,01;0,0;0,0;-0,01;-0,01;-0,01;-0,01;-0,01;-0,01;-0,01;-0,01;-0,01;-0,01;-0,02;-0,02;-0,01;-0,01;-0,03;-0,03;-0,01;-0,01;0,0;0,0;-0,02;-0,02;-0,02;-0,02;-0,01;-0,01;0,0;0,0
27.07.2026;04:15;04:30;0,0;0,0;0,0;0,0;0,0;0,0;-0,06;-0,06;0,0;0,0;-0,01;-0,01;-0,04;-0,04;-0,02;-0,02;-0,01;-0,01;-0,01;-0,01;0,0;0,0;-0,02;-0,02;0,0;0,0;-0,01;-0,01;-0,01;-0,01;0,0;0,0;0,0;0,0;-0,01;-0,01;0,0;0,0;-0,02;-0,02;-0,01;-0,01;-0,01;-0,01;-0,02;-0,02;-0,01;-0,01;-0,02;-0,02;-0,01;-0,01;-0,02;-0,02;0,0;0,0
27.07.2026;04:30;04:45;0,0;0,0;0,0;0,0;-0,01;-0,01;-0,11;-0,11;0,0;0,0;-0,01;-0,01;-0,03;-0,03;0,0;0,0;-0,02;-0,02;0,0;0,0;-0,01;-0,01;0,0;0,0;0,0;0,0;-0,01;-0,01;-0,01;-0,01;-0,02;-0,02;-0,01;-0,01;-0,04;-0,04;0,0;0,0;-0,13;-0,13;-0,01;-0,01;-0,01;-0,01;0,0;0,0;-0,02;-0,02;-0,02;-0,02;0,0;0,0;0,0;0,0;0,0;0,0
27.07.2026;04:45;05:00;0,0;0,0;-0,01;-0,01;-0,01;-0,01;-0,23;-0,23;0,0;0,0;0,0;0,0;-0,04;-0,04;-0,01;-0,01;-0,01;-0,01;-0,01;-0,01;-0,02;-0,02;-0,01;-0,01;0,0;0,0;-0,01;-0,01;-0,01;-0,01;0,0;0,0;0,0;0,0;-0,03;-0,03;0,0;0,0;-0,02;-0,02;-0,01;-0,01;-0,02;-0,02;-0,01;-0,01;-0,01;-0,01;-0,02;-0,02;-0,02;-0,02;-0,02;-0,02;0,0;0,0
27.07.2026;05:00;05:15;0,0;0,0;0,0;0,0;-0,02;-0,02;-0,22;-0,22;0,0;0,0;-0,02;-0,02;-0,04;-0,04;-0,01;-0,01;-0,02;-0,02;-0,02;-0,02;-0,01;-0,01;-0,01;-0,01;0,0;0,0;-0,01;-0,01;-0,01;-0,01;-0,01;-0,01;-0,01;-0,01;-0,01;-0,01;0,0;0,0;-0,02;-0,02;0,0;0,0;-0,07;-0,07;-0,02;-0,02;-0,01;-0,01;-0,02;-0,02;-0,01;-0,01;-0,01;-0,01;0,0;0,0
27.07.2026;05:15;05:30;0,0;0,0;0,0;0,0;-0,01;-0,01;-0,23;-0,23;0,0;0,0;-0,01;-0,01;-0,03;-0,03;-0,03;-0,03;-0,01;-0,01;-0,02;-0,02;-0,01;-0,01;0,0;0,0;0,0;0,0;-0,01;-0,01;-0,01;-0,01;-0,02;-0,02;-0,01;-0,01;0,0;0,0;0,0;0,0;-0,02;-0,02;-0,02;-0,02;-0,07;-0,07;0,0;0,0;-0,01;-0,01;-0,02;-0,02;-0,01;-0,01;-0,06;-0,06;0,0;0,0
27.07.2026;05:30;05:45;0,0;0,0;0,0;0,0;0,0;0,0;-0,1;-0,1;0,0;0,0;0,0;0,0;-0,04;-0,04;-0,03;-0,03;-0,02;-0,02;0,0;0,0;-0,02;-0,02;-0,01;-0,01;0,0;0,0;-0,05;-0,05;-0,01;-0,01;-0,08;-0,08;-0,01;-0,01;-0,02;-0,02;0,0;0,0;-0,02;-0,02;-0,01;-0,01;-0,04;-0,04;-0,02;-0,02;-0,02;-0,02;-0,03;-0,03;-0,02;-0,02;-0,03;-0,03;0,0;0,0
27.07.2026;05:45;06:00;0,0;0,0;0,0;0,0;-0,01;-0,01;-0,07;-0,07;0,0;0,0;-0,01;-0,01;-0,04;-0,04;-0,01;-0,01;-0,01;-0,01;-0,01;-0,01;-0,01;-0,01;-0,01;-0,01;0,0;0,0;-0,02;-0,02;-0,01;-0,01;-0,01;-0,01;-0,01;-0,01;-0,01;-0,01;0,0;0,0;-0,02;-0,02;-0,01;-0,01;-0,01;-0,01;-0,01;-0,01;-0,01;-0,01;-0,02;-0,02;-0,01;-0,01;-0,03;-0,03;0,0;0,0
27.07.2026;06:00;06:15;0,0;0,0;-0,01;-0,01;-0,01;-0,01;-0,09;-0,09;0,0;0,0;-0,01;-0,01;-0,03;-0,03;-0,03;-0,03;-0,01;-0,01;-0,02;-0,02;-0,01;-0,01;-0,01;-0,01;0,0;0,0;-0,01;-0,01;-0,01;-0,01;-0,01;-0,01;0,0;0,0;-0,02;-0,02;0,0;0,0;-0,03;-0,03;-0,06;-0,06;-0,02;-0,02;-0,01;-0,01;-0,01;-0,01;-0,02;-0,02;-0,01;-0,01;-0,05;-0,05;0,0;0,0
27.07.2026;06:15;06:30;0,03;0,03;0,0;0,0;-0,08;-0,08;-0,13;-0,13;0,0;0,0;-0,02;-0,02;-0,04;-0,04;-0,06;-0,06;-0,02;-0,02;-0,06;-0,06;0,0;0,0;0,0;0,0;0,0;0,0;-0,01;-0,01;-0,01;-0,01;-0,01;-0,01;0,0;0,0;0,0;0,0;-0,01;-0,01;-0,02;-0,02;-0,07;-0,07;-0,01;-0,01;-0,01;-0,01;-0,01;-0,01;-0,02;-0,02;-0,01;-0,01;-0,03;-0,03;0,0;0,0
27.07.2026;06:30;06:45;0,05;0,05;0,0;0,0;-0,03;-0,03;-0,19;-0,19;0,0;0,0;0,0;0,0;-0,04;-0,04;-0,06;-0,06;-0,01;-0,01;-0,03;-0,03;-0,01;-0,01;-0,02;-0,02;0,0;0,0;-0,05;-0,05;-0,01;-0,01;-0,01;-0,01;-0,01;-0,01;-0,01;-0,01;0,0;0,0;-0,03;-0,03;-0,01;-0,01;-0,01;-0,01;-0,01;-0,01;-0,02;-0,02;-0,02;-0,02;-0,01;-0,01;-0,02;-0,02;0,0;0,0
27.07.2026;06:45;07:00;0,25;0,18;0,0;0,0;-0,1;-0,1;-0,1;-0,03;0,0;0,0;0,0;0,0;-0,11;-0,11;-0,04;-0,04;-0,05;-0,05;-0,02;-0,02;0,0;0,0;0,0;0,0;0,0;0,0;-0,04;-0,04;-0,01;-0,01;-0,01;-0,01;-0,01;-0,01;-0,01;-0,01;0,0;0,0;-0,03;-0,03;-0,03;-0,03;-0,02;-0,02;-0,01;-0,01;-0,01;-0,01;-0,08;-0,08;-0,02;-0,02;-0,02;-0,02;0,0;0,0
27.07.2026;07:00;07:15;0,37;0,11;-0,01;0,0;-0,02;-0,01;-0,13;-0,06;0,0;0,0;-0,02;-0,01;-0,05;-0,04;-0,03;-0,02;-0,03;-0,02;-0,01;0,0;-0,02;-0,01;0,0;0,0;0,0;0,0;0,0;0,0;-0,01;0,0;-0,01;0,0;-0,02;-0,01;-0,02;-0,01;0,0;0,0;-0,04;-0,03;0,0;0,0;-0,03;-0,02;-0,01;0,0;-0,01;0,0;-0,03;-0,02;-0,01;0,0;-0,01;0,0;0,0;0,0
27.07.2026;07:15;07:30;0,18;0,13;0,0;0,0;-0,02;-0,02;-0,06;-0,01;-0,01;-0,01;-0,01;-0,01;-0,08;-0,08;-0,04;-0,04;-0,01;-0,01;-0,01;-0,01;-0,01;-0,01;-0,02;-0,02;0,0;0,0;-0,02;-0,02;-0,01;-0,01;-0,01;-0,01;0,0;0,0;-0,01;-0,01;0,0;0,0;-0,03;-0,03;-0,01;-0,01;-0,01;-0,01;-0,1;-0,1;-0,02;-0,02;-0,02;-0,02;-0,02;-0,02;-0,01;-0,01;0,0;0,0
27.07.2026;07:30;07:45;0,0;0,0;0,0;0,0;-0,01;-0,01;-0,09;-0,09;0,0;0,0;0,0;0,0;-0,12;-0,12;-0,04;-0,04;-0,02;-0,02;0,0;0,0;-0,02;-0,02;0,0;0,0;0,0;0,0;-0,01;-0,01;-0,01;-0,01;-0,01;-0,01;0,0;0,0;-0,01;-0,01;0,0;0,0;-0,03;-0,03;-0,01;-0,01;-0,02;-0,02;-0,02;-0,02;-0,01;-0,01;-0,02;-0,02;0,0;0,0;-0,01;-0,01;0,0;0,0
27.07.2026;07:45;08:00;0,0;0,0;0,0;0,0;-0,01;-0,01;-0,21;-0,21;0,0;0,0;-0,01;-0,01;-0,12;-0,12;-0,02;-0,02;-0,02;-0,02;-0,01;-0,01;-0,01;-0,01;-0,01;-0,01;0,0;0,0;0,0;0,0;-0,01;-0,01;-0,01;-0,01;0,0;0,0;0,0;0,0;0,0;0,0;-0,04;-0,04;-0,01;-0,01;-0,01;-0,01;-0,01;-0,01;-0,02;-0,02;-0,02;-0,02;-0,01;-0,01;-0,01;-0,01;0,0;0,0
27.07.2026;08:00;08:15;0,41;0,14;0,0;0,0;-0,01;0,0;-0,22;-0,15;0,0;0,0;-0,01;0,0;-0,09;-0,08;-0,02;-0,01;-0,01;0,0;-0,01;0,0;-0,01;0,0;-0,01;0,0;0,0;0,0;-0,01;0,0;-0,01;0,0;-0,01;0,0;-0,01;0,0;-0,02;-0,01;0,0;0,0;-0,04;-0,03;-0,01;0,0;-0,01;0,0;-0,04;-0,03;0,0;0,0;-0,02;-0,01;-0,01;0,0;-0,01;0,0;0,0;0,0
27.07.2026;08:15;08:30;1,19;0,53;-0,01;0,0;-0,01;0,0;-0,23;0,0;0,0;0,0;-0,02;0,0;-0,02;0,0;-0,03;0,0;-0,02;0,0;-0,02;0,0;-0,02;0,0;-0,01;0,0;0,0;0,0;-0,02;0,0;-0,01;0,0;-0,01;0,0;-0,02;0,0;-0,01;0,0;0,0;0,0;-0,04;0,0;-0,01;0,0;-0,03;0,0;-0,05;0,0;-0,02;0,0;-0,03;0,0;-0,01;0,0;-0,01;0,0;0,0;0,0
27.07.2026;08:30;08:45;1,09;0,55;0,0;0,0;-0,01;0,0;-0,21;0,0;0,0;0,0;0,0;0,0;-0,03;0,0;-0,02;0,0;-0,02;0,0;-0,02;0,0;0,0;0,0;0,0;0,0;0,0;0,0;0,0;0,0;-0,01;0,0;-0,01;0,0;-0,01;0,0;-0,02;0,0;0,0;0,0;-0,05;0,0;-0,01;0,0;-0,02;0,0;-0,04;0,0;-0,01;0,0;-0,02;0,0;-0,01;0,0;-0,02;0,0;0,0;0,0
27.07.2026;08:45;09:00;0,91;0,42;0,0;0,0;-0,01;0,0;-0,09;0,0;0,0;0,0;-0,01;0,0;-0,04;0,0;-0,04;0,0;-0,01;0,0;0,0;0,0;0,0;0,0;-0,01;0,0;0,0;0,0;-0,01;0,0;-0,01;0,0;-0,01;0,0;-0,13;-0,06;-0,01;0,0;-0,01;0,0;-0,04;0,0;-0,01;0,0;-0,01;0,0;-0,04;0,0;-0,01;0,0;-0,02;0,0;-0,02;0,0;-0,01;0,0;0,0;0,0
27.07.2026;09:00;09:15;1,03;0,47;0,0;0,0;-0,01;0,0;-0,18;0,0;0,0;0,0;-0,01;0,0;-0,04;0,0;-0,03;0,0;-0,02;0,0;0,0;0,0;-0,01;0,0;-0,01;0,0;-0,01;0,0;0,0;0,0;-0,01;0,0;0,0;0,0;-0,15;-0,07;-0,01;0,0;0,0;0,0;-0,03;0,0;-0,01;0,0;-0,01;0,0;-0,04;0,0;-0,01;0,0;-0,02;0,0;-0,01;0,0;-0,01;0,0;0,0;0,0
27.07.2026;09:15;09:30;1,61;0,91;-0,01;0,0;0,0;0,0;-0,23;0,0;0,0;0,0;-0,01;0,0;-0,02;0,0;-0,02;0,0;-0,01;0,0;-0,01;0,0;-0,01;0,0;0,0;0,0;0,0;0,0;-0,02;0,0;-0,01;0,0;-0,02;0,0;-0,15;0,0;-0,05;0,0;0,0;0,0;-0,03;0,0;-0,01;0,0;-0,02;0,0;-0,04;0,0;-0,01;0,0;0,0;0,0;-0,01;0,0;-0,01;0,0;0,0;0,0
27.07.2026;09:30;09:45;2,88;2,37;0,0;0,0;-0,01;0,0;-0,1;0,0;0,0;0,0;-0,01;0,0;-0,03;0,0;-0,03;0,0;-0,02;0,0;-0,01;0,0;-0,02;0,0;-0,01;0,0;0,0;0,0;-0,01;0,0;-0,02;0,0;-0,01;0,0;-0,05;0,0;-0,02;0,0;0,0;0,0;-0,04;0,0;-0,01;0,0;-0,01;0,0;-0,05;0,0;-0,02;0,0;-0,01;0,0;-0,01;0,0;-0,01;0,0;0,0;0,0
27.07.2026;09:45;10:00;1,65;1,19;0,0;0,0;-0,02;0,0;-0,13;0,0;0,0;0,0;0,0;0,0;-0,04;0,0;-0,04;0,0;-0,02;0,0;-0,02;0,0;-0,01;0,0;-0,01;0,0;0,0;0,0;0,0;0,0;0,0;0,0;0,0;0,0;-0,01;0,0;-0,02;0,0;0,0;0,0;-0,03;0,0;-0,01;0,0;-0,03;0,0;-0,04;0,0;-0,01;0,0;0,0;0,0;-0,01;0,0;-0,01;0,0;0,0;0,0
27.07.2026;10:00;10:15;1,59;1,17;0,0;0,0;-0,01;0,0;-0,07;0,0;0,0;0,0;-0,02;0,0;-0,04;0,0;-0,02;0,0;-0,01;0,0;-0,02;0,0;-0,02;0,0;-0,01;0,0;0,0;0,0;-0,01;0,0;-0,01;0,0;-0,02;0,0;-0,01;0,0;-0,02;0,0;0,0;0,0;-0,03;0,0;-0,01;0,0;-0,02;0,0;-0,04;0,0;-0,01;0,0;0,0;0,0;-0,01;0,0;-0,01;0,0;0,0;0,0
27.07.2026;10:15;10:30;3,54;2,88;0,0;0,0;-0,07;0,0;-0,12;0,0;0,0;0,0;-0,01;0,0;-0,05;0,0;-0,15;0,0;-0,03;0,0;0,0;0,0;-0,01;0,0;-0,01;0,0;0,0;0,0;-0,02;0,0;-0,02;0,0;0,0;0,0;0,0;0,0;-0,01;0,0;0,0;0,0;-0,05;0,0;-0,01;0,0;-0,01;0,0;-0,06;0,0;-0,01;0,0;0,0;0,0;-0,01;0,0;-0,01;0,0;0,0;0,0
27.07.2026;10:30;10:45;0,92;0,29;-0,01;0,0;0,0;0,0;-0,22;-0,01;0,0;0,0;0,0;0,0;-0,03;0,0;-0,43;-0,36;-0,01;0,0;-0,14;-0,07;-0,01;0,0;-0,01;0,0;0,0;0,0;0,0;0,0;-0,01;0,0;-0,01;0,0;-0,01;0,0;-0,02;0,0;0,0;0,0;-0,03;0,0;-0,01;0,0;-0,02;0,0;-0,04;0,0;-0,02;0,0;-0,01;0,0;-0,02;0,0;-0,01;0,0;0,0;0,0
27.07.2026;10:45;11:00;2,27;1,44;0,0;0,0;-0,07;0,0;-0,2;0,0;0,0;0,0;-0,01;0,0;-0,04;0,0;-0,26;0,0;-0,02;0,0;-0,03;0,0;0,0;0,0;0,0;0,0;0,0;0,0;-0,01;0,0;-0,01;0,0;-0,01;0,0;-0,01;0,0;-0,03;0,0;0,0;0,0;-0,03;0,0;-0,01;0,0;-0,01;0,0;-0,05;0,0;-0,01;0,0;0,0;0,0;-0,01;0,0;-0,01;0,0;0,0;0,0
27.07.2026;11:00;11:15;3,28;2,49;0,0;0,0;-0,01;0,0;-0,17;0,0;0,0;0,0;-0,01;0,0;-0,04;0,0;-0,24;0,0;-0,02;0,0;-0,09;0,0;0,0;0,0;-0,01;0,0;0,0;0,0;-0,01;0,0;-0,01;0,0;-0,01;0,0;-0,01;0,0;-0,01;0,0;-0,01;0,0;-0,02;0,0;0,0;0,0;-0,02;0,0;-0,05;0,0;-0,01;0,0;-0,02;0,0;-0,01;0,0;-0,01;0,0;0,0;0,0
27.07.2026;11:15;11:30;1,98;1,3;0,0;0,0;-0,02;0,0;-0,14;0,0;0,0;0,0;-0,01;0,0;-0,04;0,0;-0,2;0,0;-0,01;0,0;-0,04;0,0;-0,01;0,0;-0,01;0,0;0,0;0,0;-0,01;0,0;0,0;0,0;-0,01;0,0;-0,01;0,0;0,0;0,0;0,0;0,0;-0,03;0,0;-0,02;0,0;-0,02;0,0;-0,05;0,0;-0,01;0,0;-0,02;0,0;-0,01;0,0;-0,01;0,0;0,0;0,0
27.07.2026;11:30;11:45;0,22;0,17;-0,01;-0,01;-0,02;-0,02;-0,18;-0,13;0,0;0,0;-0,01;-0,01;-0,04;-0,04;-0,39;-0,39;-0,02;-0,02;-0,04;-0,04;-0,02;-0,02;0,0;0,0;0,0;0,0;-0,01;-0,01;-0,01;-0,01;-0,01;-0,01;-0,01;-0,01;-0,02;-0,02;0,0;0,0;-0,02;-0,02;-0,01;-0,01;-0,02;-0,02;-0,07;-0,07;-0,01;-0,01;-0,02;-0,02;-0,01;-0,01;-0,01;-0,01;0,0;0,0
27.07.2026;11:45;12:00;3,83;3,19;0,0;0,0;-0,02;0,0;-0,07;0,0;0,0;0,0;0,0;0,0;-0,04;0,0;-0,25;0,0;-0,01;0,0;-0,03;0,0;-0,01;0,0;-0,01;0,0;0,0;0,0;0,0;0,0;-0,02;0,0;-0,01;0,0;0,0;0,0;-0,01;0,0;0,0;0,0;-0,02;0,0;0,0;0,0;-0,01;0,0;-0,07;0,0;-0,02;0,0;-0,02;0,0;-0,01;0,0;-0,01;0,0;0,0;0,0
27.07.2026;12:00;12:15;4,12;3,49;0,0;0,0;-0,01;0,0;-0,07;0,0;0,0;0,0;-0,02;0,0;-0,04;0,0;-0,23;0,0;-0,02;0,0;-0,04;0,0;-0,02;0,0;-0,01;0,0;0,0;0,0;-0,02;0,0;0,0;0,0;-0,01;0,0;0,0;0,0;-0,01;0,0;0,0;0,0;-0,02;0,0;-0,01;0,0;-0,02;0,0;-0,04;0,0;0,0;0,0;-0,02;0,0;-0,01;0,0;-0,01;0,0;0,0;0,0
27.07.2026;12:15;12:30;1,92;1,3;0,0;0,0;-0,01;0,0;-0,07;0,0;-0,01;0,0;-0,01;0,0;-0,03;0,0;-0,41;-0,18;-0,02;0,0;-0,02;0,0;-0,01;0,0;-0,01;0,0;0,0;0,0;-0,01;0,0;-0,01;0,0;-0,01;0,0;-0,01;0,0;-0,01;0,0;0,0;0,0;-0,02;0,0;-0,01;0,0;-0,01;0,0;-0,05;0,0;-0,01;0,0;-0,03;0,0;-0,01;0,0;-0,01;0,0;0,0;0,0
27.07.2026;12:30;12:45;2,62;1,95;-0,01;0,0;-0,02;0,0;-0,14;0,0;0,0;0,0;0,0;0,0;-0,04;0,0;-0,21;0,0;-0,01;0,0;-0,02;0,0;-0,01;0,0;0,0;0,0;0,0;0,0;0,0;0,0;-0,01;0,0;-0,01;0,0;-0,01;0,0;-0,01;0,0;0,0;0,0;-0,02;0,0;-0,01;0,0;-0,02;0,0;-0,04;0,0;-0,02;0,0;-0,02;0,0;-0,02;0,0;-0,02;0,0;0,0;0,0
27.07.2026;12:45;13:00;1,26;0,7;0,0;0,0;-0,01;0,0;-0,22;0,0;0,0;0,0;-0,01;0,0;-0,04;0,0;-0,02;0,0;-0,02;0,0;-0,02;0,0;-0,01;0,0;-0,02;0,0;0,0;0,0;-0,01;0,0;-0,01;0,0;-0,01;0,0;-0,02;0,0;-0,01;0,0;0,0;0,0;-0,02;0,0;0,0;0,0;-0,02;0,0;-0,04;0,0;-0,02;0,0;-0,02;0,0;-0,01;0,0;0,0;0,0;0,0;0,0
27.07.2026;13:00;13:15;1,05;0,67;0,0;0,0;0,0;0,0;-0,06;0,0;0,0;0,0;-0,01;0,0;-0,03;0,0;-0,02;0,0;-0,01;0,0;-0,02;0,0;0,0;0,0;0,0;0,0;0,0;0,0;-0,01;0,0;-0,01;0,0;-0,01;0,0;0,0;0,0;-0,01;0,0;0,0;0,0;-0,02;0,0;-0,02;0,0;-0,02;0,0;-0,05;0,0;0,0;0,0;-0,02;0,0;-0,05;0,0;-0,01;0,0;0,0;0,0
27.07.2026;13:15;13:30;0,79;0,35;0,0;0,0;-0,01;0,0;-0,08;0,0;0,0;0,0;-0,01;0,0;-0,04;0,0;-0,03;0,0;-0,01;0,0;-0,02;0,0;0,0;0,0;-0,01;0,0;0,0;0,0;-0,01;0,0;-0,01;0,0;0,0;0,0;-0,01;0,0;-0,02;0,0;0,0;0,0;-0,03;0,0;-0,01;0,0;-0,02;0,0;-0,04;0,0;-0,01;0,0;-0,02;0,0;-0,03;0,0;-0,02;0,0;0,0;0,0
27.07.2026;13:30;13:45;0,91;0,46;0,0;0,0;-0,01;0,0;-0,11;0,0;0,0;0,0;-0,01;0,0;-0,04;0,0;-0,02;0,0;-0,02;0,0;-0,01;0,0;-0,02;0,0;-0,01;0,0;0,0;0,0;-0,01;0,0;-0,01;0,0;-0,02;0,0;0,0;0,0;-0,01;0,0;-0,01;0,0;-0,03;0,0;0,0;0,0;-0,01;0,0;-0,05;0,0;-0,02;0,0;-0,02;0,0;-0,01;0,0;0,0;0,0;0,0;0,0
27.07.2026;13:45;14:00;1,37;1,0;-0,01;0,0;-0,01;0,0;-0,07;0,0;0,0;0,0;0,0;0,0;-0,03;0,0;-0,01;0,0;-0,01;0,0;-0,04;0,0;-0,01;0,0;0,0;0,0;0,0;0,0;0,0;0,0;-0,01;0,0;0,0;0,0;-0,01;0,0;0,0;0,0;0,0;0,0;-0,03;0,0;-0,02;0,0;-0,01;0,0;-0,05;0,0;-0,01;0,0;-0,02;0,0;-0,01;0,0;-0,01;0,0;0,0;0,0
27.07.2026;14:00;14:15;1,86;1,14;0,0;0,0;-0,01;0,0;-0,21;0,0;0,0;0,0;-0,02;0,0;-0,04;0,0;-0,02;0,0;-0,02;0,0;-0,04;0,0;-0,02;0,0;-0,01;0,0;-0,01;0,0;-0,05;0,0;-0,01;0,0;-0,01;0,0;-0,01;0,0;-0,01;0,0;0,0;0,0;-0,02;0,0;0,0;0,0;-0,02;0,0;-0,13;0,0;-0,01;0,0;-0,02;0,0;-0,02;0,0;-0,01;0,0;0,0;0,0
27.07.2026;14:15;14:30;2,87;1,66;0,0;0,0;-0,01;0,0;-0,24;0,0;0,0;0,0;-0,01;0,0;-0,03;0,0;-0,02;0,0;-0,01;0,0;-0,03;0,0;-0,01;0,0;-0,01;0,0;0,0;0,0;-0,38;-0,03;-0,01;0,0;-0,02;0,0;-0,01;0,0;-0,01;0,0;0,0;0,0;-0,02;0,0;-0,01;0,0;-0,03;0,0;-0,05;0,0;-0,01;0,0;-0,02;0,0;-0,28;0,0;-0,02;0,0;0,0;0,0
27.07.2026;14:30;14:45;2,19;1,16;0,0;0,0;0,0;0,0;-0,23;0,0;0,0;0,0;0,0;0,0;-0,04;0,0;-0,02;0,0;-0,01;0,0;-0,03;0,0;-0,01;0,0;0,0;0,0;0,0;0,0;-0,25;-0,01;-0,01;0,0;0,0;0,0;-0,01;0,0;-0,02;0,0;0,0;0,0;-0,02;0,0;-0,02;0,0;-0,02;0,0;-0,05;0,0;-0,02;0,0;-0,02;0,0;-0,48;-0,24;-0,02;0,0;0,0;0,0
27.07.2026;14:45;15:00;1,35;0,51;-0,01;0,0;-0,01;0,0;-0,26;0,0;0,0;0,0;-0,01;0,0;-0,03;0,0;-0,04;0,0;-0,02;0,0;-0,02;0,0;-0,02;0,0;-0,01;0,0;0,0;0,0;-0,17;-0,06;-0,01;0,0;-0,01;0,0;0,0;0,0;-0,01;0,0;-0,02;0,0;-0,02;0,0;0,0;0,0;-0,01;0,0;-0,05;0,0;-0,01;0,0;-0,02;0,0;-0,17;-0,06;-0,03;0,0;0,0;0,0
27.07.2026;15:00;15:15;0,39;0,12;0,0;0,0;-0,01;0,0;-0,23;-0,16;0,0;0,0;-0,01;0,0;-0,04;-0,03;-0,02;-0,01;-0,01;0,0;-0,04;-0,03;0,0;0,0;-0,01;0,0;0,0;0,0;-0,01;0,0;-0,01;0,0;-0,01;0,0;-0,01;0,0;0,0;0,0;-0,03;-0,02;-0,02;-0,01;-0,01;0,0;-0,01;0,0;-0,05;-0,04;-0,01;0,0;-0,02;-0,01;-0,35;-0,34;-0,02;-0,01;0,0;0,0
27.07.2026;15:15;15:30;0,01;0,01;0,0;0,0;-0,02;-0,02;-0,09;-0,09;0,0;0,0;-0,01;-0,01;-0,04;-0,04;-0,03;-0,03;-0,03;-0,03;-0,05;-0,05;-0,01;-0,01;-0,01;-0,01;0,0;0,0;-0,01;-0,01;-0,01;-0,01;-0,01;-0,01;0,0;0,0;-0,01;-0,01;-0,02;-0,02;-0,02;-0,02;-0,01;-0,01;-0,01;-0,01;-0,05;-0,05;-0,01;-0,01;-0,02;-0,02;-0,04;-0,04;-0,01;-0,01;0,0;0,0
27.07.2026;15:30;15:45;2,64;2,12;0,0;0,0;-0,01;0,0;-0,06;0,0;0,0;0,0;-0,01;0,0;-0,03;0,0;-0,06;0,0;-0,01;0,0;-0,08;0,0;0,0;0,0;0,0;0,0;0,0;0,0;-0,01;0,0;-0,01;0,0;0,0;0,0;-0,01;0,0;-0,02;0,0;-0,02;0,0;-0,02;0,0;-0,01;0,0;-0,03;0,0;-0,05;0,0;-0,01;0,0;-0,02;0,0;-0,04;0,0;-0,01;0,0;0,0;0,0
27.07.2026;15:45;16:00;2,6;2,08;0,0;0,0;0,0;0,0;-0,06;0,0;0,0;0,0;-0,01;0,0;-0,03;0,0;-0,05;0,0;-0,02;0,0;-0,08;0,0;-0,01;0,0;-0,02;0,0;0,0;0,0;0,0;0,0;0,0;0,0;-0,01;0,0;-0,01;0,0;-0,01;0,0;-0,05;0,0;-0,02;0,0;-0,01;0,0;-0,02;0,0;-0,06;0,0;-0,02;0,0;-0,02;0,0;0,0;0,0;-0,01;0,0;0,0;0,0
27.07.2026;16:00;16:15;3,45;2,86;-0,01;0,0;-0,01;0,0;-0,11;0,0;0,0;0,0;-0,01;0,0;-0,03;0,0;-0,04;0,0;-0,01;0,0;-0,07;0,0;-0,02;0,0;0,0;0,0;0,0;0,0;-0,02;0,0;-0,01;0,0;-0,02;0,0;-0,01;0,0;-0,01;0,0;-0,05;0,0;-0,02;0,0;-0,01;0,0;-0,02;0,0;-0,05;0,0;-0,01;0,0;-0,02;0,0;-0,01;0,0;-0,02;0,0;0,0;0,0
27.07.2026;16:15;16:30;1,73;1,04;0,0;0,0;-0,01;0,0;-0,09;0,0;0,0;0,0;-0,01;0,0;-0,03;0,0;-0,03;0,0;-0,02;0,0;-0,06;0,0;-0,01;0,0;-0,01;0,0;0,0;0,0;-0,57;-0,38;-0,01;0,0;-0,01;0,0;-0,01;0,0;-0,01;0,0;-0,05;0,0;-0,02;0,0;-0,01;0,0;-0,02;0,0;-0,05;0,0;0,0;0,0;-0,01;0,0;-0,02;0,0;-0,01;0,0;0,0;0,0
27.07.2026;16:30;16:45;2,35;1,6;0,0;0,0;-0,01;0,0;-0,08;0,0;0,0;0,0;0,0;0,0;-0,04;0,0;-0,07;0,0;-0,02;0,0;-0,01;0,0;-0,01;0,0;-0,01;0,0;0,0;0,0;-0,27;0,0;-0,01;0,0;0,0;0,0;0,0;0,0;0,0;0,0;-0,05;0,0;-0,03;0,0;-0,01;0,0;-0,02;0,0;-0,05;0,0;-0,02;0,0;-0,03;0,0;0,0;0,0;-0,01;0,0;0,0;0,0
27.07.2026;16:45;17:00;2,09;1,4;0,0;0,0;-0,01;0,0;-0,13;0,0;0,0;0,0;-0,01;0,0;-0,02;0,0;-0,03;0,0;0,0;0,0;-0,02;0,0;-0,02;0,0;0,0;0,0;0,0;0,0;-0,1;0,0;-0,04;0,0;-0,02;0,0;-0,01;0,0;-0,02;0,0;-0,05;0,0;-0,02;0,0;-0,01;0,0;-0,03;0,0;-0,05;0,0;-0,05;0,0;-0,02;0,0;-0,02;0,0;-0,01;0,0;0,0;0,0
27.07.2026;17:00;17:15;0,84;0,19;-0,01;0,0;-0,1;-0,06;-0,16;-0,02;-0,01;0,0;-0,02;0,0;-0,04;0,0;-0,02;0,0;-0,02;0,0;-0,01;0,0;-0,01;0,0;-0,01;0,0;0,0;0,0;-0,05;-0,01;-0,04;0,0;-0,01;0,0;0,0;0,0;-0,01;0,0;-0,04;0,0;-0,09;-0,05;-0,01;0,0;-0,03;0,0;-0,05;-0,01;-0,06;-0,02;0,0;0,0;-0,01;0,0;-0,01;0,0;0,0;0,0
27.07.2026;17:15;17:30;2,33;1,71;0,0;0,0;-0,04;0,0;-0,08;0,0;0,0;0,0;-0,01;0,0;-0,11;0,0;-0,03;0,0;-0,01;0,0;-0,02;0,0;-0,01;0,0;-0,01;0,0;0,0;0,0;-0,02;0,0;-0,03;0,0;0,0;0,0;-0,01;0,0;-0,01;0,0;-0,04;0,0;-0,03;0,0;-0,01;0,0;-0,03;0,0;-0,05;0,0;-0,02;0,0;0,0;0,0;-0,02;0,0;-0,03;0,0;0,0;0,0
27.07.2026;17:30;17:45;2,07;1,37;0,0;0,0;-0,11;0,0;-0,16;0,0;0,0;0,0;0,0;0,0;-0,05;0,0;-0,02;0,0;-0,02;0,0;-0,02;0,0;0,0;0,0;-0,01;0,0;0,0;0,0;-0,02;0,0;-0,01;0,0;-0,02;0,0;-0,02;0,0;-0,01;0,0;-0,03;0,0;-0,04;0,0;-0,01;0,0;-0,02;0,0;-0,04;0,0;-0,02;0,0;0,0;0,0;0,0;0,0;-0,07;0,0;0,0;0,0
27.07.2026;17:45;18:00;1,83;1,18;0,0;0,0;-0,09;0,0;-0,1;0,0;0,0;0,0;-0,01;0,0;-0,05;0,0;-0,03;0,0;-0,02;0,0;0,0;0,0;0,0;0,0;0,0;0,0;0,0;0,0;-0,03;0,0;-0,01;0,0;0,0;0,0;-0,01;0,0;-0,01;0,0;-0,05;0,0;-0,11;0,0;-0,02;0,0;-0,01;0,0;-0,04;0,0;-0,02;0,0;-0,01;0,0;-0,01;0,0;-0,02;0,0;0,0;0,0
27.07.2026;18:00;18:15;1,34;0,76;0,0;0,0;-0,26;-0,13;-0,09;0,0;0,0;0,0;-0,01;0,0;-0,05;0,0;-0,03;0,0;0,0;0,0;0,0;0,0;-0,01;0,0;-0,02;0,0;0,0;0,0;-0,03;0,0;-0,01;0,0;-0,01;0,0;0,0;0,0;-0,01;0,0;-0,02;0,0;-0,03;0,0;0,0;0,0;-0,01;0,0;-0,05;0,0;-0,02;0,0;-0,01;0,0;-0,03;0,0;-0,01;0,0;0,0;0,0
27.07.2026;18:15;18:30;1,31;0,54;-0,01;0,0;-0,16;-0,04;-0,09;0,0;0,0;0,0;-0,01;0,0;-0,05;0,0;-0,12;0,0;-0,02;0,0;-0,01;0,0;-0,02;0,0;0,0;0,0;0,0;0,0;-0,05;0,0;-0,01;0,0;-0,01;0,0;0,0;0,0;-0,01;0,0;-0,05;0,0;-0,03;0,0;-0,05;0,0;-0,03;0,0;-0,04;0,0;0,0;0,0;-0,02;0,0;-0,01;0,0;-0,01;0,0;0,0;0,0
27.07.2026;18:30;18:45;0,5;0,19;0,0;0,0;-0,02;-0,01;-0,13;-0,03;0,0;0,0;-0,01;0,0;-0,06;-0,05;-0,02;-0,01;-0,17;-0,16;-0,01;0,0;-0,01;0,0;0,0;0,0;0,0;0,0;-0,03;-0,02;-0,01;0,0;-0,01;0,0;-0,01;0,0;-0,02;-0,01;-0,02;-0,01;-0,03;-0,02;-0,08;-0,07;-0,04;-0,03;-0,05;-0,04;-0,01;0,0;-0,02;-0,01;-0,02;-0,01;-0,01;0,0;0,0;0,0
27.07.2026;18:45;19:00;0,0;0,0;0,0;0,0;-0,06;-0,06;-0,25;-0,25;0,0;0,0;0,0;0,0;-0,07;-0,07;-0,03;-0,03;-0,13;-0,13;-0,02;-0,02;-0,02;-0,02;-0,02;-0,02;0,0;0,0;-0,03;-0,03;-0,01;-0,01;-0,03;-0,03;-0,01;-0,01;-0,02;-0,02;-0,05;-0,05;-0,03;-0,03;-0,01;-0,01;-0,02;-0,02;-0,04;-0,04;-0,02;-0,02;-0,02;-0,02;-0,01;-0,01;-0,02;-0,02;0,0;0,0
27.07.2026;19:00;19:15;0,0;0,0;0,0;0,0;-0,11;-0,11;-0,24;-0,24;0,0;0,0;-0,02;-0,02;-0,04;-0,04;-0,01;-0,01;-0,12;-0,12;-0,02;-0,02;-0,01;-0,01;0,0;0,0;-0,01;-0,01;-0,01;-0,01;-0,01;-0,01;-0,03;-0,03;-0,01;-0,01;-0,18;-0,18;-0,02;-0,02;-0,02;-0,02;-0,01;-0,01;-0,02;-0,02;-0,04;-0,04;-0,01;-0,01;-0,02;-0,02;-0,01;-0,01;-0,02;-0,02;0,0;0,0
27.07.2026;19:15;19:30;0,39;0,11;-0,01;0,0;-0,02;-0,01;-0,11;-0,05;0,0;0,0;-0,01;0,0;-0,06;-0,05;-0,01;0,0;-0,1;-0,09;-0,03;-0,02;-0,02;-0,01;-0,01;0,0;0,0;0,0;-0,03;-0,02;-0,01;0,0;-0,03;-0,02;-0,01;0,0;-0,21;-0,2;-0,04;-0,03;-0,02;-0,01;-0,02;-0,01;-0,2;-0,19;-0,05;-0,04;0,0;0,0;-0,02;-0,01;-0,01;0,0;-0,03;-0,02;0,0;0,0
27.07.2026;19:30;19:45;0,41;0,15;0,0;0,0;-0,03;-0,02;-0,17;-0,1;0,0;0,0;0,0;0,0;-0,05;-0,04;-0,02;-0,01;-0,11;-0,1;-0,52;-0,51;0,0;0,0;-0,01;0,0;0,0;0,0;-0,05;-0,04;0,0;0,0;-0,04;-0,03;-0,01;0,0;-0,41;-0,4;-0,03;-0,02;-0,02;-0,01;-0,03;-0,02;-0,14;-0,13;-0,04;-0,03;-0,02;-0,01;-0,02;-0,01;-0,01;0,0;-0,04;-0,03;0,0;0,0
27.07.2026;19:45;20:00;0,24;0,18;0,0;0,0;-0,03;-0,03;-0,11;-0,05;0,0;0,0;-0,01;-0,01;-0,06;-0,06;-0,01;-0,01;-0,3;-0,3;-0,52;-0,52;0,0;0,0;0,0;0,0;0,0;0,0;-0,03;-0,03;-0,01;-0,01;-0,04;-0,04;0,0;0,0;-0,25;-0,25;-0,04;-0,04;-0,02;-0,02;-0,05;-0,05;-0,05;-0,05;-0,05;-0,05;-0,01;-0,01;-0,02;-0,02;-0,01;-0,01;-0,04;-0,04;0,0;0,0
27.07.2026;20:00;20:15;0,06;0,06;0,0;0,0;-0,03;-0,03;-0,1;-0,1;0,0;0,0;-0,02;-0,02;-0,05;-0,05;-0,02;-0,02;-0,2;-0,2;-0,25;-0,25;0,0;0,0;-0,01;-0,01;0,0;0,0;-0,02;-0,02;-0,02;-0,02;-0,03;-0,03;0,0;0,0;-0,32;-0,32;-0,02;-0,02;-0,02;-0,02;-0,02;-0,02;-0,04;-0,04;-0,04;-0,04;-0,01;-0,01;-0,02;-0,02;-0,01;-0,01;-0,04;-0,04;0,0;0,0
27.07.2026;20:15;20:30;0,04;0,04;0,0;0,0;-0,03;-0,03;-0,15;-0,15;0,0;0,0;-0,01;-0,01;-0,06;-0,06;-0,02;-0,02;-0,16;-0,16;-0,04;-0,04;-0,02;-0,02;-0,01;-0,01;0,0;0,0;-0,11;-0,11;-0,03;-0,03;-0,03;-0,03;-0,01;-0,01;-0,17;-0,17;-0,03;-0,03;-0,03;-0,03;-0,02;-0,02;-0,03;-0,03;-0,04;-0,04;-0,01;-0,01;-0,02;-0,02;-0,02;-0,02;-0,03;-0,03;0,0;0,0
27.07.2026;20:30;20:45;0,01;0,01;-0,01;-0,01;-0,03;-0,03;-0,25;-0,25;0,0;0,0;0,0;0,0;-0,05;-0,05;-0,02;-0,02;-0,15;-0,15;-0,03;-0,03;-0,01;-0,01;-0,01;-0,01;0,0;0,0;-0,23;-0,23;-0,01;-0,01;-0,02;-0,02;-0,01;-0,01;-0,08;-0,08;-0,03;-0,03;-0,04;-0,04;-0,02;-0,02;-0,04;-0,04;-0,05;-0,05;-0,02;-0,02;-0,02;-0,02;-0,01;-0,01;-0,04;-0,04;0,0;0,0
27.07.2026;20:45;21:00;0,01;0,01;0,0;0,0;-0,16;-0,16;-0,24;-0,24;0,0;0,0;-0,01;-0,01;-0,05;-0,05;-0,02;-0,02;-0,13;-0,13;-0,03;-0,03;-0,02;-0,02;0,0;0,0;0,0;0,0;-0,04;-0,04;-0,02;-0,02;-0,02;-0,02;-0,01;-0,01;-0,08;-0,08;-0,03;-0,03;-0,02;-0,02;-0,01;-0,01;-0,02;-0,02;-0,02;-0,02;-0,02;-0,02;-0,01;-0,01;-0,01;-0,01;-0,03;-0,03;0,0;0,0
27.07.2026;21:00;21:15;0,0;0,0;0,0;0,0;-0,04;-0,04;-0,24;-0,24;-0,01;-0,01;-0,01;-0,01;-0,12;-0,12;-0,03;-0,03;-0,09;-0,09;-0,03;-0,03;-0,01;-0,01;-0,02;-0,02;0,0;0,0;-0,03;-0,03;-0,01;-0,01;-0,03;-0,03;-0,01;-0,01;-0,06;-0,06;-0,04;-0,04;-0,02;-0,02;-0,01;-0,01;-0,02;-0,02;-0,01;-0,01;-0,03;-0,03;-0,03;-0,03;-0,01;-0,01;-0,06;-0,06;0,0;0,0
27.07.2026;21:15;21:30;0,0;0,0;0,0;0,0;-0,05;-0,05;-0,25;-0,25;0,0;0,0;-0,01;-0,01;-0,05;-0,05;-0,04;-0,04;-0,08;-0,08;-0,02;-0,02;-0,02;-0,02;0,0;0,0;0,0;0,0;-0,03;-0,03;-0,01;-0,01;-0,03;-0,03;0,0;0,0;-0,07;-0,07;-0,02;-0,02;-0,05;-0,05;-0,01;-0,01;-0,01;-0,01;-0,02;-0,02;-0,03;-0,03;-0,02;-0,02;-0,01;-0,01;-0,03;-0,03;0,0;0,0
27.07.2026;21:30;21:45;0,0;0,0;-0,01;-0,01;-0,04;-0,04;-0,23;-0,23;0,0;0,0;-0,01;-0,01;-0,04;-0,04;-0,03;-0,03;-0,11;-0,11;-0,02;-0,02;-0,01;-0,01;0,0;0,0;0,0;0,0;-0,04;-0,04;-0,01;-0,01;-0,03;-0,03;-0,01;-0,01;-0,07;-0,07;-0,04;-0,04;-0,03;-0,03;-0,01;-0,01;-0,02;-0,02;0,0;0,0;-0,04;-0,04;-0,03;-0,03;-0,01;-0,01;-0,03;-0,03;0,0;0,0
27.07.2026;21:45;22:00;0,0;0,0;0,0;0,0;-0,04;-0,04;-0,11;-0,11;0,0;0,0;0,0;0,0;-0,04;-0,04;-0,04;-0,04;-0,1;-0,1;0,0;0,0;0,0;0,0;-0,02;-0,02;0,0;0,0;-0,02;-0,02;-0,01;-0,01;-0,02;-0,02;0,0;0,0;-0,09;-0,09;-0,03;-0,03;-0,04;-0,04;-0,01;-0,01;-0,03;-0,03;-0,01;-0,01;-0,01;-0,01;-0,03;-0,03;-0,01;-0,01;-0,05;-0,05;0,0;0,0
27.07.2026;22:00;22:15;0,0;0,0;0,0;0,0;-0,04;-0,04;-0,13;-0,13;0,0;0,0;-0,02;-0,02;-0,03;-0,03;-0,03;-0,03;-0,12;-0,12;-0,01;-0,01;0,0;0,0;0,0;0,0;0,0;0,0;-0,02;-0,02;-0,01;-0,01;-0,01;-0,01;-0,02;-0,02;-0,07;-0,07;-0,01;-0,01;-0,02;-0,02;-0,01;-0,01;-0,02;-0,02;-0,02;-0,02;-0,01;-0,01;-0,02;-0,02;-0,02;-0,02;-0,03;-0,03;0,0;0,0
27.07.2026;22:15;22:30;0,0;0,0;0,0;0,0;-0,04;-0,04;-0,17;-0,17;0,0;0,0;-0,01;-0,01;-0,04;-0,04;-0,03;-0,03;-0,13;-0,13;-0,02;-0,02;0,0;0,0;-0,01;-0,01;0,0;0,0;-0,03;-0,03;-0,01;-0,01;-0,01;-0,01;-0,01;-0,01;-0,08;-0,08;-0,02;-0,02;-0,03;-0,03;-0,01;-0,01;-0,02;-0,02;0,0;0,0;-0,02;-0,02;-0,02;-0,02;-0,01;-0,01;-0,04;-0,04;0,0;0,0
27.07.2026;22:30;22:45;0,0;0,0;-0,01;-0,01;-0,03;-0,03;-0,09;-0,09;0,0;0,0;0,0;0,0;-0,03;-0,03;-0,03;-0,03;-0,14;-0,14;-0,02;-0,02;-0,02;-0,02;-0,01;-0,01;0,0;0,0;-0,02;-0,02;-0,01;-0,01;-0,02;-0,02;0,0;0,0;-0,09;-0,09;-0,01;-0,01;-0,03;-0,03;-0,01;-0,01;-0,01;-0,01;-0,02;-0,02;-0,01;-0,01;-0,03;-0,03;-0,01;-0,01;-0,01;-0,01;0,0;0,0
27.07.2026;22:45;23:00;0,0;0,0;0,0;0,0;-0,03;-0,03;-0,07;-0,07;0,0;0,0;-0,01;-0,01;-0,04;-0,04;-0,03;-0,03;-0,13;-0,13;-0,01;-0,01;-0,02;-0,02;-0,01;-0,01;0,0;0,0;0,0;0,0;0,0;0,0;-0,01;-0,01;-0,01;-0,01;-0,09;-0,09;-0,03;-0,03;-0,02;-0,02;-0,01;-0,01;-0,01;-0,01;0,0;0,0;-0,01;-0,01;-0,02;-0,02;-0,01;-0,01;-0,02;-0,02;0,0;0,0
27.07.2026;23:00;23:15;0,0;0,0;0,0;0,0;-0,02;-0,02;-0,06;-0,06;0,0;0,0;-0,01;-0,01;-0,04;-0,04;-0,02;-0,02;-0,12;-0,12;-0,01;-0,01;-0,01;-0,01;0,0;0,0;0,0;0,0;-0,01;-0,01;-0,02;-0,02;-0,01;-0,01;0,0;0,0;-0,06;-0,06;0,0;0,0;-0,02;-0,02;-0,01;-0,01;-0,02;-0,02;-0,01;-0,01;-0,01;-0,01;-0,03;-0,03;-0,01;-0,01;-0,01;-0,01;0,0;0,0
27.07.2026;23:15;23:30;0,0;0,0;0,0;0,0;0,0;0,0;-0,06;-0,06;0,0;0,0;-0,01;-0,01;-0,03;-0,03;-0,03;-0,03;-0,02;-0,02;-0,01;-0,01;-0,02;-0,02;-0,01;-0,01;0,0;0,0;-0,02;-0,02;0,0;0,0;-0,01;-0,01;0,0;0,0;-0,05;-0,05;-0,02;-0,02;-0,02;-0,02;-0,01;-0,01;-0,03;-0,03;-0,02;-0,02;-0,02;-0,02;-0,02;-0,02;-0,01;-0,01;-0,01;-0,01;0,0;0,0
27.07.2026;23:30;23:45;0,0;0,0;0,0;0,0;-0,01;-0,01;-0,12;-0,12;0,0;0,0;-0,01;-0,01;-0,04;-0,04;-0,03;-0,03;-0,02;-0,02;-0,01;-0,01;-0,01;-0,01;-0,01;-0,01;0,0;0,0;-0,01;-0,01;-0,01;-0,01;-0,01;-0,01;-0,02;-0,02;-0,04;-0,04;-0,01;-0,01;-0,02;-0,02;-0,01;-0,01;-0,01;-0,01;0,0;0,0;0,0;0,0;-0,02;-0,02;-0,01;-0,01;-0,01;-0,01;0,0;0,0
27.07.2026;23:45;00:00;0,0;0,0;-0,01;-0,01;0,0;0,0;-0,1;-0,1;0,0;0,0;-0,01;-0,01;-0,03;-0,03;-0,02;-0,02;-0,03;-0,03;-0,01;-0,01;-0,01;-0,01;0,0;0,0;0,0;0,0;0,0;0,0;-0,05;-0,05;-0,01;-0,01;-0,01;-0,01;-0,07;-0,07;-0,01;-0,01;-0,02;-0,02;-0,01;-0,01;-0,01;-0,01;-0,02;-0,02;-0,01;-0,01;-0,02;-0,02;-0,02;-0,02;-0,01;-0,01;0,0;0,0
28.07.2026;00:00;00:15;0,0;0,0;0,0;0,0;-0,01;-0,01;-0,05;-0,05;0,0;0,0;-0,01;-0,01;-0,04;-0,04;-0,01;-0,01;-0,02;-0,02;-0,02;-0,02;0,0;0,0;-0,01;-0,01;-0,01;-0,01;-0,01;-0,01;-0,05;-0,05;-0,01;-0,01;-0,01;-0,01;-0,06;-0,06;-0,02;-0,02;-0,02;-0,02;-0,01;-0,01;-0,01;-0,01;-0,01;-0,01;-0,02;-0,02;-0,01;-0,01;-0,01;-0,01;-0,01;-0,01;0,0;0,0
28.07.2026;00:15;00:30;0,0;0,0;0,0;0,0;-0,01;-0,01;-0,07;-0,07;0,0;0,0;-0,01;-0,01;-0,03;-0,03;-0,01;-0,01;-0,02;-0,02;-0,02;-0,02;0,0;0,0;-0,01;-0,01;0,0;0,0;-0,02;-0,02;-0,06;-0,06;-0,01;-0,01;0,0;0,0;-0,05;-0,05;-0,01;-0,01;-0,02;-0,02;-0,01;-0,01;-0,02;-0,02;-0,01;-0,01;-0,01;-0,01;-0,01;-0,01;-0,02;-0,02;-0,02;-0,02;0,0;0,0
28.07.2026;00:30;00:45;0,0;0,0;0,0;0,0;0,0;0,0;-0,07;-0,07;0,0;0,0;0,0;0,0;-0,04;-0,04;-0,03;-0,03;-0,01;-0,01;0,0;0,0;-0,01;-0,01;-0,01;-0,01;0,0;0,0;0,0;0,0;-0,06;-0,06;-0,01;-0,01;0,0;0,0;-0,05;-0,05;-0,02;-0,02;-0,03;-0,03;-0,01;-0,01;-0,03;-0,03;-0,01;-0,01;0,0;0,0;0,0;0,0;-0,03;-0,03;0,0;0,0;0,0;0,0
28.07.2026;00:45;01:00;0,0;0,0;-0,01;-0,01;-0,02;-0,02;-0,06;-0,06;0,0;0,0;-0,01;-0,01;-0,03;-0,03;-0,06;-0,06;-0,02;-0,02;-0,01;-0,01;-0,02;-0,02;-0,01;-0,01;0,0;0,0;-0,01;-0,01;-0,05;-0,05;-0,01;-0,01;-0,01;-0,01;-0,04;-0,04;-0,01;-0,01;-0,02;-0,02;-0,01;-0,01;-0,02;-0,02;-0,01;-0,01;-0,02;-0,02;0,0;0,0;-0,03;-0,03;-0,02;-0,02;0,0;0,0
28.07.2026;01:00;01:15;0,0;0,0;0,0;0,0;-0,01;-0,01;-0,06;-0,06;0,0;0,0;-0,02;-0,02;-0,04;-0,04;-0,02;-0,02;-0,03;-0,03;0,0;0,0;-0,01;-0,01;-0,01;-0,01;0,0;0,0;-0,01;-0,01;-0,04;-0,04;-0,01;-0,01;-0,01;-0,01;-0,02;-0,02;0,0;0,0;-0,02;-0,02;-0,01;-0,01;-0,01;-0,01;-0,01;-0,01;-0,01;-0,01;-0,01;-0,01;-0,02;-0,02;-0,01;-0,01;0,0;0,0
28.07.2026;01:15;01:30;0,0;0,0;0,0;0,0;0,0;0,0;-0,06;-0,06;0,0;0,0;0,0;0,0;-0,03;-0,03;-0,02;-0,02;-0,02;-0,02;-0,01;-0,01;-0,02;-0,02;0,0;0,0;0,0;0,0;-0,01;-0,01;-0,05;-0,05;-0,01;-0,01;-0,01;-0,01;-0,01;-0,01;-0,02;-0,02;-0,02;-0,02;-0,01;-0,01;-0,01;-0,01;-0,01;-0,01;-0,01;-0,01;0,0;0,0;-0,03;-0,03;-0,01;-0,01;0,0;0,0
28.07.2026;01:30;01:45;0,0;0,0;0,0;0,0;-0,01;-0,01;-0,06;-0,06;0,0;0,0;-0,01;-0,01;-0,02;-0,02;-0,02;-0,02;-0,01;-0,01;-0,02;-0,02;-0,01;-0,01;-0,01;-0,01;0,0;0,0;-0,01;-0,01;-0,01;-0,01;-0,01;-0,01;-0,01;-0,01;0,0;0,0;-0,01;-0,01;-0,02;-0,02;-0,01;-0,01;-0,02;-0,02;-0,01;-0,01;-0,01;-0,01;-0,02;-0,02;-0,01;-0,01;-0,01;-0,01;0,0;0,0
28.07.2026;01:45;02:00;0,0;0,0;0,0;0,0;0,0;0,0;-0,06;-0,06;0,0;0,0;-0,01;-0,01;-0,03;-0,03;-0,02;-0,02;-0,02;-0,02;-0,01;-0,01;-0,01;-0,01;-0,01;-0,01;0,0;0,0;0,0;0,0;0,0;0,0;-0,01;-0,01;0,0;0,0;-0,02;-0,02;-0,02;-0,02;-0,02;-0,02;-0,01;-0,01;-0,02;-0,02;-0,01;-0,01;-0,01;-0,01;-0,02;-0,02;-0,01;-0,01;-0,01;-0,01;0,0;0,0
28.07.2026;02:00;02:15;0,0;0,0;-0,01;-0,01;-0,02;-0,02;-0,06;-0,06;-0,01;-0,01;-0,01;-0,01;-0,04;-0,04;-0,01;-0,01;-0,02;-0,02;-0,01;-0,01;-0,01;-0,01;0,0;0,0;0,0;0,0;-0,02;-0,02;-0,02;-0,02;-0,01;-0,01;-0,01;-0,01;-0,02;-0,02;-0,01;-0,01;-0,02;-0,02;-0,01;-0,01;-0,02;-0,02;-0,01;-0,01;-0,01;-0,01;-0,02;-0,02;-0,01;-0,01;-0,01;-0,01;0,0;0,0
28.07.2026;02:15;02:30;0,0;0,0;0,0;0,0;-0,01;-0,01;-0,13;-0,13;0,0;0,0;-0,01;-0,01;-0,03;-0,03;-0,02;-0,02;-0,02;-0,02;-0,01;-0,01;0,0;0,0;-0,01;-0,01;0,0;0,0;-0,01;-0,01;-0,01;-0,01;-0,01;-0,01;0,0;0,0;-0,02;-0,02;0,0;0,0;-0,02;-0,02;-0,01;-0,01;-0,02;-0,02;-0,01;-0,01;-0,01;-0,01;0,0;0,0;-0,02;-0,02;-0,02;-0,02;0,0;0,0
28.07.2026;02:30;02:45;0,0;0,0;0,0;0,0;-0,01;-0,01;-0,17;-0,17;0,0;0,0;0,0;0,0;-0,04;-0,04;-0,01;-0,01;-0,02;-0,02;0,0;0,0;0,0;0,0;-0,01;-0,01;0,0;0,0;0,0;0,0;-0,01;-0,01;-0,01;-0,01;-0,01;-0,01;-0,01;-0,01;-0,02;-0,02;-0,02;-0,02;-0,01;-0,01;-0,01;-0,01;-0,01;-0,01;-0,01;-0,01;0,0;0,0;-0,01;-0,01;0,0;0,0;0,0;0,0
28.07.2026;02:45;03:00;0,0;0,0;0,0;0,0;0,0;0,0;-0,08;-0,08;0,0;0,0;-0,02;-0,02;-0,04;-0,04;-0,01;-0,01;-0,01;-0,01;-0,01;-0,01;-0,02;-0,02;-0,01;-0,01;0,0;0,0;-0,02;-0,02;-0,01;-0,01;-0,01;-0,01;-0,01;-0,01;-0,01;-0,01;-0,01;-0,01;-0,02;-0,02;-0,01;-0,01;-0,01;-0,01;-0,01;-0,01;-0,01;-0,01;-0,01;-0,01;0,0;0,0;-0,02;-0,02;0,0;0,0
28.07.2026;03:00;03:15;0,0;0,0;-0,01;-0,01;-0,01;-0,01;-0,06;-0,06;0,0;0,0;-0,01;-0,01;-0,06;-0,06;-0,01;-0,01;-0,01;-0,01;-0,01;-0,01;-0,01;-0,01;0,0;0,0;0,0;0,0;-0,02;-0,02;-0,01;-0,01;0,0;0,0;-0,01;-0,01;-0,01;-0,01;-0,02;-0,02;-0,02;-0,02;0,0;0,0;-0,02;-0,02;-0,01;-0,01;-0,01;-0,01;-0,02;-0,02;-0,02;-0,02;-0,01;-0,01;0,0;0,0
28.07.2026;03:15;03:30;0,0;0,0;0,0;0,0;-0,01;-0,01;-0,06;-0,06;0,0;0,0;0,0;0,0;-0,02;-0,02;-0,01;-0,01;-0,02;-0,02;-0,02;-0,02;-0,02;-0,02;-0,02;-0,02;0,0;0,0;0,0;0,0;-0,01;-0,01;-0,02;-0,02;0,0;0,0;-0,02;-0,02;-0,01;-0,01;-0,02;-0,02;-0,02;-0,02;-0,02;-0,02;-0,01;-0,01;-0,02;-0,02;-0,01;-0,01;-0,01;-0,01;-0,01;-0,01;0,0;0,0
28.07.2026;03:30;03:45;0,0;0,0;0,0;0,0;-0,01;-0,01;-0,06;-0,06;0,0;0,0;-0,01;-0,01;-0,05;-0,05;-0,01;-0,01;-0,03;-0,03;-0,02;-0,02;-0,01;-0,01;0,0;0,0;0,0;0,0;-0,01;-0,01;-0,01;-0,01;-0,01;-0,01;-0,01;-0,01;-0,01;-0,01;0,0;0,0;-0,02;-0,02;-0,01;-0,01;-0,03;-0,03;-0,01;-0,01;0,0;0,0;-0,01;-0,01;-0,02;-0,02;-0,01;-0,01;0,0;0,0
28.07.2026;03:45;04:00;0,0;0,0;0,0;0,0;-0,01;-0,01;-0,05;-0,05;0,0;0,0;-0,01;-0,01;-0,03;-0,03;-0,01;-0,01;-0,02;-0,02;0,0;0,0;-0,02;-0,02;0,0;0,0;0,0;0,0;-0,01;-0,01;-0,01;-0,01;0,0;0,0;0,0;0,0;-0,01;-0,01;-0,02;-0,02;-0,02;-0,02;-0,01;-0,01;-0,01;-0,01;-0,01;-0,01;-0,01;-0,01;-0,01;-0,01;0,0;0,0;-0,01;-0,01;0,0;0,0
28.07.2026;04:00;04:15;0,0;0,0;0,0;0,0;-0,01;-0,01;-0,06;-0,06;0,0;0,0;-0,01;-0,01;-0,04;-0,04;-0,01;-0,01;-0,01;-0,01;-0,01;-0,01;-0,01;-0,01;-0,02;-0,02;0,0;0,0;-0,02;-0,02;-0,01;-0,01;-0,02;-0,02;-0,01;-0,01;-0,01;-0,01;-0,01;-0,01;-0,02;-0,02;-0,01;-0,01;-0,01;-0,01;-0,01;-0,01;-0,02;-0,02;-0,01;-0,01;-0,01;-0,01;-0,01;-0,01;0,0;0,0
28.07.2026;04:15;04:30;0,0;0,0;-0,01;-0,01;0,0;0,0;-0,06;-0,06;0,0;0,0;-0,01;-0,01;-0,04;-0,04;-0,01;-0,01;-0,02;-0,02;0,0;0,0;0,0;0,0;0,0;0,0;0,0;0,0;0,0;0,0;-0,01;-0,01;0,0;0,0;-0,02;-0,02;-0,01;-0,01;-0,01;-0,01;-0,02;-0,02;-0,01;-0,01;-0,01;-0,01;-0,01;-0,01;-0,01;-0,01;-0,02;-0,02;-0,01;-0,01;-0,01;-0,01;0,0;0,0
28.07.2026;04:30;04:45;0,0;0,0;0,0;0,0;-0,01;-0,01;-0,12;-0,12;0,0;0,0;-0,01;-0,01;-0,04;-0,04;-0,01;-0,01;-0,02;-0,02;0,0;0,0;0,0;0,0;-0,01;-0,01;0,0;0,0;-0,01;-0,01;-0,01;-0,01;-0,01;-0,01;0,0;0,0;-0,02;-0,02;-0,02;-0,02;-0,1;-0,1;0,0;0,0;-0,02;-0,02;-0,01;-0,01;0,0;0,0;-0,01;-0,01;-0,01;-0,01;-0,01;-0,01;0,0;0,0
28.07.2026;04:45;05:00;0,0;0,0;0,0;0,0;-0,02;-0,02;-0,16;-0,16;0,0;0,0;-0,01;-0,01;-0,03;-0,03;-0,01;-0,01;-0,02;-0,02;-0,02;-0,02;-0,01;-0,01;-0,01;-0,01;0,0;0,0;-0,01;-0,01;-0,01;-0,01;-0,02;-0,02;-0,01;-0,01;-0,01;-0,01;0,0;0,0;-0,02;-0,02;-0,01;-0,01;-0,03;-0,03;-0,01;-0,01;-0,01;-0,01;-0,01;-0,01;-0,01;-0,01;-0,01;-0,01;0,0;0,0
28.07.2026;05:00;05:15;0,0;0,0;0,0;0,0;-0,01;-0,01;-0,22;-0,22;0,0;0,0;-0,01;-0,01;-0,04;-0,04;-0,01;-0,01;-0,02;-0,02;-0,02;-0,02;-0,01;-0,01;-0,01;-0,01;-0,01;-0,01;-0,02;-0,02;0,0;0,0;0,0;0,0;0,0;0,0;-0,01;-0,01;-0,02;-0,02;-0,02;-0,02;-0,01;-0,01;-0,03;-0,03;-0,01;-0,01;-0,02;-0,02;-0,01;-0,01;-0,02;-0,02;-0,02;-0,02;0,0;0,0
28.07.2026;05:15;05:30;0,0;0,0;-0,01;-0,01;0,0;0,0;-0,24;-0,24;0,0;0,0;0,0;0,0;-0,04;-0,04;-0,01;-0,01;-0,02;-0,02;-0,01;-0,01;-0,02;-0,02;0,0;0,0;0,0;0,0;0,0;0,0;-0,01;-0,01;-0,07;-0,07;0,0;0,0;-0,01;-0,01;-0,01;-0,01;-0,02;-0,02;-0,01;-0,01;-0,12;-0,12;-0,02;-0,02;0,0;0,0;-0,02;-0,02;-0,01;-0,01;-0,02;-0,02;0,0;0,0
28.07.2026;05:30;05:45;0,0;0,0;0,0;0,0;-0,01;-0,01;-0,19;-0,19;0,0;0,0;-0,01;-0,01;-0,03;-0,03;-0,01;-0,01;-0,02;-0,02;-0,01;-0,01;-0,01;-0,01;-0,01;-0,01;0,0;0,0;-0,04;-0,04;-0,02;-0,02;-0,01;-0,01;-0,02;-0,02;-0,03;-0,03;0,0;0,0;-0,02;-0,02;-0,01;-0,01;-0,04;-0,04;0,0;0,0;-0,01;-0,01;-0,02;-0,02;-0,01;-0,01;-0,06;-0,06;0,0;0,0
28.07.2026;05:45;06:00;0,03;0,03;0,0;0,0;-0,01;-0,01;-0,2;-0,2;0,0;0,0;-0,02;-0,02;-0,04;-0,04;-0,01;-0,01;-0,02;-0,02;0,0;0,0;-0,02;-0,02;-0,01;-0,01;0,0;0,0;-0,02;-0,02;0,0;0,0;-0,01;-0,01;-0,01;-0,01;-0,03;-0,03;-0,02;-0,02;-0,03;-0,03;-0,01;-0,01;-0,03;-0,03;-0,02;-0,02;-0,02;-0,02;-0,02;-0,02;-0,01;-0,01;-0,02;-0,02;0,0;0,0
28.07.2026;06:00;06:15;0,0;0,0;0,0;0,0;-0,03;-0,03;-0,1;-0,1;0,0;0,0;0,0;0,0;-0,03;-0,03;-0,01;-0,01;-0,03;-0,03;-0,13;-0,13;-0,01;-0,01;0,0;0,0;0,0;0,0;-0,02;-0,02;-0,02;-0,02;-0,01;-0,01;-0,01;-0,01;-0,02;-0,02;-0,01;-0,01;-0,02;-0,02;-0,01;-0,01;-0,04;-0,04;-0,01;-0,01;-0,01;-0,01;-0,01;-0,01;-0,01;-0,01;-0,01;-0,01;0,0;0,0
28.07.2026;06:15;06:30;0,0;0,0;0,0;0,0;-0,09;-0,09;-0,13;-0,13;0,0;0,0;0,0;0,0;-0,04;-0,04;-0,01;-0,01;-0,01;-0,01;-0,03;-0,03;0,0;0,0;-0,01;-0,01;0,0;0,0;-0,01;-0,01;0,0;0,0;-0,01;-0,01;0,0;0,0;-0,01;-0,01;-0,03;-0,03;-0,05;-0,05;-0,07;-0,07;-0,02;-0,02;0,0;0,0;-0,01;-0,01;-0,02;-0,02;-0,01;-0,01;-0,01;-0,01;0,0;0,0
28.07.2026;06:30;06:45;0,04;0,04;-0,01;-0,01;-0,02;-0,02;-0,09;-0,09;0,0;0,0;-0,02;-0,02;-0,03;-0,03;0,0;0,0;-0,01;-0,01;-0,02;-0,02;0,0;0,0;-0,01;-0,01;0,0;0,0;-0,01;-0,01;-0,01;-0,01;-0,01;-0,01;0,0;0,0;-0,01;-0,01;-0,03;-0,03;-0,03;-0,03;-0,04;-0,04;-0,02;-0,02;-0,02;-0,02;-0,01;-0,01;-0,01;-0,01;-0,03;-0,03;-0,01;-0,01;0,0;0,0
28.07.2026;06:45;07:00;0,28;0,2;0,0;0,0;-0,01;-0,01;-0,08;0,0;0,0;0,0;-0,01;-0,01;-0,13;-0,13;-0,01;-0,01;-0,04;-0,04;-0,02;-0,02;-0,01;-0,01;-0,01;-0,01;0,0;0,0;-0,06;-0,06;-0,01;-0,01;-0,01;-0,01;-0,01;-0,01;-0,01;-0,01;-0,02;-0,02;-0,02;-0,02;-0,04;-0,04;-0,03;-0,03;-0,11;-0,11;-0,02;-0,02;-0,02;-0,02;-0,02;-0,02;-0,01;-0,01;0,0;0,0
28.07.2026;07:00;07:15;0,4;0,11;0,0;0,0;-0,08;-0,07;-0,12;-0,05;-0,01;0,0;0,0;0,0;-0,06;-0,05;-0,04;-0,03;-0,11;-0,1;-0,01;0,0;-0,01;0,0;-0,01;0,0;0,0;0,0;-0,01;0,0;-0,01;0,0;-0,01;0,0;-0,01;0,0;-0,01;0,0;-0,03;-0,02;-0,02;-0,01;-0,02;-0,01;-0,02;-0,01;-0,04;-0,03;-0,01;0,0;-0,06;-0,05;-0,05;-0,04;-0,01;0,0;0,0;0,0
28.07.2026;07:15;07:30;0,6;0,22;0,0;0,0;-0,01;0,0;-0,11;0,0;0,0;0,0;-0,01;0,0;-0,05;-0,03;-0,32;-0,3;-0,29;-0,27;0,0;0,0;-0,02;0,0;-0,01;0,0;0,0;0,0;-0,01;0,0;-0,01;0,0;-0,01;0,0;-0,01;0,0;0,0;0,0;-0,03;-0,01;-0,02;0,0;0,0;0,0;-0,03;-0,01;-0,05;-0,03;0,0;0,0;-0,01;0,0;-0,04;-0,02;-0,01;0,0;0,0;0,0
28.07.2026;07:30;07:45;0,77;0,27;-0,01;0,0;-0,02;0,0;-0,06;0,0;0,0;0,0;-0,01;0,0;-0,09;-0,04;-0,03;0,0;-0,35;-0,3;-0,01;0,0;-0,01;0,0;0,0;0,0;0,0;0,0;-0,01;0,0;-0,01;0,0;-0,01;0,0;-0,01;0,0;-0,01;0,0;-0,02;0,0;-0,02;0,0;-0,02;0,0;-0,04;0,0;-0,03;0,0;-0,01;0,0;-0,02;0,0;-0,03;0,0;-0,01;0,0;0,0;0,0
28.07.2026;07:45;08:00;1,0;0,46;0,0;0,0;-0,01;0,0;-0,07;0,0;0,0;0,0;-0,01;0,0;-0,05;0,0;-0,03;0,0;-0,44;-0,37;0,0;0,0;-0,01;0,0;-0,01;0,0;0,0;0,0;-0,02;0,0;-0,01;0,0;-0,01;0,0;0,0;0,0;-0,03;0,0;-0,04;0,0;-0,02;0,0;-0,01;0,0;-0,02;0,0;-0,05;0,0;-0,02;0,0;-0,01;0,0;-0,03;0,0;-0,01;0,0;0,0;0,0
28.07.2026;08:00;08:15;1,28;0,69;0,0;0,0;0,0;0,0;-0,07;0,0;0,0;0,0;-0,01;0,0;-0,03;0,0;-0,29;-0,17;-0,08;0,0;-0,01;0,0;-0,02;0,0;-0,01;0,0;0,0;0,0;0,0;0,0;-0,01;0,0;-0,01;0,0;-0,01;0,0;-0,02;0,0;-0,02;0,0;-0,02;0,0;0,0;0,0;-0,02;0,0;-0,06;0,0;-0,01;0,0;-0,02;0,0;-0,03;0,0;-0,01;0,0;0,0;0,0
28.07.2026;08:15;08:30;1,57;1,04;0,0;0,0;-0,01;0,0;-0,08;0,0;0,0;0,0;0,0;0,0;-0,04;0,0;-0,1;0,0;-0,03;0,0;-0,02;0,0;-0,01;0,0;0,0;0,0;0,0;0,0;-0,01;0,0;-0,01;0,0;-0,01;0,0;0,0;0,0;-0,02;0,0;-0,02;0,0;-0,02;0,0;-0,02;0,0;-0,02;0,0;-0,04;0,0;-0,01;0,0;-0,01;0,0;-0,04;0,0;-0,01;0,0;0,0;0,0
28.07.2026;08:30;08:45;1,82;1,31;-0,01;0,0;-0,01;0,0;-0,13;0,0;0,0;0,0;-0,02;0,0;-0,03;0,0;-0,02;0,0;-0,01;0,0;-0,02;0,0;0,0;0,0;-0,01;0,0;0,0;0,0;-0,01;0,0;-0,04;0,0;0,0;0,0;-0,01;0,0;-0,01;0,0;-0,03;0,0;-0,02;0,0;-0,01;0,0;-0,03;0,0;-0,04;0,0;-0,01;0,0;-0,02;0,0;-0,01;0,0;-0,01;0,0;0,0;0,0
28.07.2026;08:45;09:00;2,06;1,38;0,0;0,0;-0,02;0,0;-0,07;0,0;0,0;0,0;-0,01;0,0;-0,02;0,0;-0,03;0,0;-0,36;-0,1;-0,01;0,0;0,0;0,0;-0,01;0,0;0,0;0,0;-0,01;0,0;-0,03;0,0;-0,02;0,0;-0,01;0,0;-0,01;0,0;-0,02;0,0;-0,02;0,0;-0,01;0,0;-0,04;0,0;-0,05;0,0;-0,01;0,0;0,0;0,0;-0,01;0,0;-0,01;0,0;0,0;0,0
28.07.2026;09:00;09:15;2,3;1,84;0,0;0,0;-0,01;0,0;-0,07;0,0;0,0;0,0;0,0;0,0;-0,03;0,0;-0,02;0,0;-0,09;0,0;0,0;0,0;-0,01;0,0;-0,01;0,0;0,0;0,0;-0,01;0,0;-0,04;0,0;-0,01;0,0;-0,01;0,0;0,0;0,0;-0,03;0,0;-0,02;0,0;-0,01;0,0;-0,03;0,0;-0,04;0,0;-0,01;0,0;0,0;0,0;0,0;0,0;-0,01;0,0;0,0;0,0
28.07.2026;09:15;09:30;2,51;2,01;0,0;0,0;-0,01;0,0;-0,07;0,0;0,0;0,0;-0,01;0,0;-0,03;0,0;-0,09;0,0;-0,01;0,0;0,0;0,0;-0,02;0,0;-0,01;0,0;0,0;0,0;0,0;0,0;-0,04;0,0;0,0;0,0;-0,01;0,0;-0,02;0,0;-0,03;0,0;-0,02;0,0;-0,01;0,0;-0,02;0,0;-0,04;0,0;-0,02;0,0;-0,01;0,0;-0,02;0,0;-0,01;0,0;0,0;0,0
28.07.2026;09:30;09:45;2,2;1,56;0,0;0,0;0,0;0,0;-0,06;0,0;0,0;0,0;-0,02;0,0;-0,04;0,0;-0,59;-0,31;-0,01;0,0;-0,01;0,0;-0,01;0,0;-0,01;0,0;0,0;0,0;-0,02;0,0;-0,02;0,0;-0,01;0,0;0,0;0,0;-0,01;0,0;-0,02;0,0;-0,02;0,0;-0,01;0,0;-0,02;0,0;-0,04;0,0;-0,01;0,0;0,0;0,0;-0,01;0,0;-0,01;0,0;0,0;0,0
28.07.2026;09:45;10:00;0,58;0,2;-0,01;0,0;-0,01;0,0;-0,19;-0,08;0,0;0,0;0,0;0,0;-0,03;-0,01;-0,26;-0,24;-0,02;0,0;-0,01;0,0;-0,02;0,0;0,0;0,0;0,0;0,0;-0,01;0,0;0,0;0,0;-0,01;0,0;-0,01;0,0;-0,01;0,0;-0,04;-0,02;-0,02;0,0;-0,01;0,0;-0,02;0,0;-0,05;-0,03;-0,01;0,0;-0,01;0,0;0,0;0,0;-0,01;0,0;0,0;0,0
28.07.2026;10:00;10:15;0,0;0,0;0,0;0,0;-0,01;-0,01;-0,22;-0,22;0,0;0,0;0,0;0,0;-0,02;-0,02;-0,25;-0,25;-0,01;-0,01;-0,02;-0,02;-0,01;-0,01;-0,01;-0,01;-0,01;-0,01;0,0;0,0;-0,02;-0,02;-0,01;-0,01;0,0;0,0;-0,01;-0,01;-0,02;-0,02;-0,02;-0,02;-0,01;-0,01;-0,04;-0,04;-0,04;-0,04;-0,01;-0,01;-0,02;-0,02;-0,02;-0,02;-0,01;-0,01;0,0;0,0
28.07.2026;10:15;10:30;2,89;2,07;0,0;0,0;-0,02;0,0;-0,19;0,0;0,0;0,0;-0,02;0,0;-0,03;0,0;-0,3;0,0;-0,02;0,0;-0,02;0,0;-0,01;0,0;-0,01;0,0;0,0;0,0;-0,01;0,0;0,0;0,0;-0,01;0,0;-0,01;0,0;-0,01;0,0;-0,02;0,0;-0,02;0,0;-0,01;0,0;-0,03;0,0;-0,04;0,0;-0,01;0,0;-0,01;0,0;-0,01;0,0;-0,01;0,0;0,0;0,0
28.07.2026;10:30;10:45;2,98;2,22;0,0;0,0;0,0;0,0;-0,17;0,0;0,0;0,0;-0,01;0,0;-0,04;0,0;-0,28;0,0;0,0;0,0;0,0;0,0;-0,01;0,0;0,0;0,0;0,0;0,0;-0,01;0,0;-0,01;0,0;-0,01;0,0;-0,02;0,0;-0,01;0,0;-0,04;0,0;-0,02;0,0;-0,01;0,0;-0,03;0,0;-0,05;0,0;-0,01;0,0;-0,01;0,0;-0,01;0,0;-0,01;0,0;0,0;0,0
28.07.2026;10:45;11:00;3,39;2,67;-0,01;0,0;-0,01;0,0;-0,22;0,0;0,0;0,0;0,0;0,0;-0,03;0,0;-0,22;0,0;-0,02;0,0;0,0;0,0;0,0;0,0;-0,01;0,0;0,0;0,0;-0,01;0,0;-0,01;0,0;-0,01;0,0;-0,01;0,0;-0,01;0,0;-0,02;0,0;-0,02;0,0;-0,01;0,0;-0,02;0,0;-0,04;0,0;-0,01;0,0;-0,01;0,0;-0,01;0,0;-0,01;0,0;0,0;0,0
28.07.2026;11:00;11:15;2,46;1,69;0,0;0,0;-0,01;0,0;-0,2;0,0;0,0;0,0;-0,01;0,0;-0,04;0,0;-0,26;0,0;-0,01;0,0;-0,01;0,0;0,0;0,0;-0,01;0,0;0,0;0,0;-0,01;0,0;-0,01;0,0;-0,01;0,0;0,0;0,0;-0,02;0,0;-0,03;0,0;-0,02;0,0;-0,01;0,0;-0,02;0,0;-0,04;0,0;-0,02;0,0;-0,01;0,0;-0,01;0,0;-0,01;0,0;0,0;0,0
28.07.2026;11:15;11:30;2,07;1,34;0,0;0,0;-0,01;0,0;-0,13;0,0;0,0;0,0;-0,01;0,0;-0,05;0,0;-0,27;-0,01;-0,02;0,0;-0,01;0,0;-0,02;0,0;-0,01;0,0;0,0;0,0;0,0;0,0;-0,01;0,0;-0,01;0,0;0,0;0,0;0,0;0,0;-0,02;0,0;-0,02;0,0;-0,01;0,0;-0,03;0,0;-0,05;0,0;-0,01;0,0;-0,02;0,0;-0,02;0,0;-0,01;0,0;0,0;0,0
28.07.2026;11:30;11:45;1,97;0,98;0,0;0,0;-0,24;-0,04;-0,25;0,0;0,0;0,0;-0,02;0,0;-0,03;0,0;-0,25;-0,05;-0,02;0,0;-0,01;0,0;-0,01;0,0;0,0;0,0;0,0;0,0;-0,02;0,0;-0,01;0,0;-0,01;0,0;-0,01;0,0;-0,01;0,0;-0,02;0,0;-0,02;0,0;-0,01;0,0;-0,03;0,0;-0,07;0,0;-0,01;0,0;-0,01;0,0;-0,01;0,0;-0,01;0,0;0,0;0,0
28.07.2026;11:45;12:00;3,84;3,0;0,0;0,0;-0,17;0,0;-0,14;0,0;0,0;0,0;0,0;0,0;-0,05;0,0;-0,21;0,0;0,0;0,0;-0,02;0,0;-0,02;0,0;-0,01;0,0;0,0;0,0;-0,01;0,0;-0,01;0,0;-0,01;0,0;-0,01;0,0;-0,01;0,0;-0,04;0,0;-0,02;0,0;-0,01;0,0;-0,03;0,0;-0,04;0,0;-0,01;0,0;-0,01;0,0;-0,01;0,0;0,0;0,0;0,0;0,0
28.07.2026;12:00;12:15;2,24;1,55;-0,01;0,0;-0,14;0,0;-0,13;0,0;-0,01;0,0;0,0;0,0;-0,04;0,0;-0,03;0,0;-0,02;0,0;-0,01;0,0;-0,01;0,0;-0,01;0,0;0,0;0,0;-0,05;0,0;-0,01;0,0;-0,01;0,0;-0,01;0,0;-0,01;0,0;-0,02;0,0;-0,02;0,0;-0,01;0,0;-0,02;0,0;-0,05;0,0;-0,01;0,0;-0,01;0,0;-0,03;0,0;-0,02;0,0;0,0;0,0
28.07.2026;12:15;12:30;3,84;2,93;0,0;0,0;-0,03;0,0;-0,11;0,0;0,0;0,0;-0,02;0,0;-0,03;0,0;-0,04;0,0;-0,01;0,0;-0,01;0,0;-0,01;0,0;-0,01;0,0;0,0;0,0;-0,39;0,0;-0,01;0,0;-0,01;0,0;-0,01;0,0;-0,02;0,0;-0,03;0,0;-0,02;0,0;-0,01;0,0;-0,03;0,0;-0,05;0,0;-0,02;0,0;-0,01;0,0;-0,02;0,0;-0,01;0,0;0,0;0,0
28.07.2026;12:30;12:45;3,67;2,54;0,0;0,0;-0,31;0,0;-0,1;0,0;0,0;0,0;-0,01;0,0;-0,04;0,0;-0,06;0,0;-0,02;0,0;0,0;0,0;-0,02;0,0;-0,01;0,0;0,0;0,0;-0,38;0,0;-0,01;0,0;-0,01;0,0;-0,01;0,0;0,0;0,0;-0,03;0,0;-0,02;0,0;-0,01;0,0;-0,02;0,0;-0,04;0,0;0,0;0,0;-0,02;0,0;-0,01;0,0;0,0;0,0;0,0;0,0
28.07.2026;12:45;13:00;3,23;2,72;0,0;0,0;-0,02;0,0;-0,09;0,0;0,0;0,0;0,0;0,0;-0,04;0,0;-0,04;0,0;-0,02;0,0;0,0;0,0;-0,01;0,0;0,0;0,0;0,0;0,0;-0,08;0,0;-0,01;0,0;0,0;0,0;0,0;0,0;-0,01;0,0;-0,02;0,0;-0,01;0,0;-0,01;0,0;-0,04;0,0;-0,05;0,0;-0,02;0,0;-0,01;0,0;-0,01;0,0;-0,02;0,0;0,0;0,0
28.07.2026;13:00;13:15;3,57;3,15;-0,01;0,0;-0,01;0,0;-0,06;0,0;0,0;0,0;-0,01;0,0;-0,04;0,0;-0,03;0,0;0,0;0,0;-0,02;0,0;0,0;0,0;-0,01;0,0;0,0;0,0;-0,03;0,0;-0,01;0,0;-0,02;0,0;0,0;0,0;-0,01;0,0;-0,04;0,0;-0,02;0,0;0,0;0,0;-0,03;0,0;-0,04;0,0;-0,01;0,0;-0,02;0,0;0,0;0,0;0,0;0,0;0,0;0,0
28.07.2026;13:15;13:30;3,62;3,14;0,0;0,0;-0,01;0,0;-0,09;0,0;0,0;0,0;-0,01;0,0;-0,03;0,0;-0,02;0,0;-0,02;0,0;-0,01;0,0;0,0;0,0;-0,01;0,0;0,0;0,0;-0,06;0,0;-0,01;0,0;-0,01;0,0;-0,01;0,0;-0,02;0,0;-0,02;0,0;-0,02;0,0;-0,01;0,0;-0,02;0,0;-0,05;0,0;-0,01;0,0;-0,01;0,0;-0,02;0,0;-0,01;0,0;0,0;0,0
28.07.2026;13:30;13:45;0,76;0,28;0,0;0,0;-0,01;0,0;-0,13;0,0;0,0;0,0;-0,02;0,0;-0,04;0,0;-0,03;0,0;-0,01;0,0;-0,02;0,0;-0,01;0,0;0,0;0,0;0,0;0,0;-0,02;0,0;-0,01;0,0;0,0;0,0;-0,01;0,0;-0,01;0,0;-0,03;0,0;-0,02;0,0;-0,01;0,0;-0,02;0,0;-0,04;0,0;-0,01;0,0;-0,01;0,0;-0,01;0,0;-0,01;0,0;0,0;0,0
28.07.2026;13:45;14:00;0,58;0,15;0,0;0,0;-0,02;0,0;-0,2;-0,11;0,0;0,0;0,0;0,0;-0,04;-0,02;-0,02;0,0;-0,02;0,0;-0,01;0,0;-0,02;0,0;-0,01;0,0;0,0;0,0;-0,02;0,0;-0,01;0,0;-0,02;0,0;-0,01;0,0;-0,01;0,0;-0,02;0,0;-0,02;0,0;-0,01;0,0;-0,02;0,0;-0,04;-0,02;-0,01;0,0;-0,02;0,0;-0,02;0,0;-0,01;0,0;0,0;0,0
28.07.2026;14:00;14:15;3,06;2,53;0,0;0,0;-0,02;0,0;-0,15;0,0;0,0;0,0;-0,01;0,0;-0,03;0,0;-0,03;0,0;-0,02;0,0;0,0;0,0;-0,01;0,0;-0,01;0,0;0,0;0,0;-0,04;0,0;0,0;0,0;0,0;0,0;-0,01;0,0;0,0;0,0;-0,03;0,0;-0,02;0,0;-0,01;0,0;-0,04;0,0;-0,05;0,0;-0,02;0,0;-0,01;0,0;-0,01;0,0;-0,01;0,0;0,0;0,0
28.07.2026;14:15;14:30;3,32;2,66;-0,01;0,0;-0,01;0,0;-0,23;0,0;0,0;0,0;-0,01;0,0;-0,04;0,0;-0,05;0,0;0,0;0,0;-0,01;0,0;-0,02;0,0;-0,01;0,0;0,0;0,0;-0,03;0,0;-0,02;0,0;-0,01;0,0;0,0;0,0;-0,01;0,0;-0,03;0,0;-0,02;0,0;-0,02;0,0;-0,04;0,0;-0,04;0,0;-0,01;0,0;-0,02;0,0;-0,01;0,0;-0,01;0,0;0,0;0,0
28.07.2026;14:30;14:45;3,43;2,91;0,0;0,0;0,0;0,0;-0,21;0,0;0,0;0,0;-0,01;0,0;-0,03;0,0;-0,02;0,0;-0,02;0,0;0,0;0,0;-0,01;0,0;-0,01;0,0;0,0;0,0;-0,02;0,0;-0,01;0,0;-0,01;0,0;-0,01;0,0;-0,02;0,0;-0,02;0,0;-0,02;0,0;0,0;0,0;-0,02;0,0;-0,04;0,0;-0,01;0,0;-0,01;0,0;-0,01;0,0;-0,01;0,0;0,0;0,0
28.07.2026;14:45;15:00;4,2;3,62;0,0;0,0;-0,01;0,0;-0,22;0,0;0,0;0,0;0,0;0,0;-0,04;0,0;-0,02;0,0;-0,01;0,0;-0,02;0,0;-0,01;0,0;-0,01;0,0;0,0;0,0;-0,03;0,0;-0,01;0,0;-0,01;0,0;0,0;0,0;-0,01;0,0;-0,03;0,0;-0,02;0,0;-0,02;0,0;-0,02;0,0;-0,05;0,0;-0,01;0,0;-0,01;0,0;-0,01;0,0;-0,01;0,0;0,0;0,0
28.07.2026;15:00;15:15;4,05;3,43;0,0;0,0;-0,01;0,0;-0,22;0,0;0,0;0,0;-0,01;0,0;-0,04;0,0;-0,02;0,0;-0,02;0,0;-0,01;0,0;-0,01;0,0;0,0;0,0;-0,01;0,0;-0,04;0,0;-0,01;0,0;-0,01;0,0;-0,02;0,0;-0,01;0,0;-0,03;0,0;-0,02;0,0;0,0;0,0;-0,02;0,0;-0,04;0,0;-0,02;0,0;-0,02;0,0;-0,01;0,0;-0,02;0,0;0,0;0,0
28.07.2026;15:15;15:30;2,88;2,39;-0,01;0,0;-0,02;0,0;-0,08;0,0;0,0;0,0;-0,02;0,0;-0,03;0,0;-0,02;0,0;-0,02;0,0;-0,02;0,0;0,0;0,0;-0,01;0,0;0,0;0,0;-0,02;0,0;-0,01;0,0;-0,01;0,0;-0,01;0,0;-0,01;0,0;-0,03;0,0;-0,02;0,0;-0,02;0,0;-0,02;0,0;-0,05;0,0;0,0;0,0;-0,01;0,0;-0,01;0,0;-0,04;0,0;0,0;0,0
28.07.2026;15:30;15:45;3,69;3,16;0,0;0,0;0,0;0,0;-0,08;0,0;0,0;0,0;-0,01;0,0;-0,04;0,0;-0,03;0,0;-0,01;0,0;0,0;0,0;0,0;0,0;-0,01;0,0;0,0;0,0;-0,04;0,0;-0,12;0,0;0,0;0,0;-0,01;0,0;0,0;0,0;-0,03;0,0;-0,02;0,0;-0,01;0,0;-0,02;0,0;-0,04;0,0;-0,01;0,0;-0,02;0,0;-0,01;0,0;-0,02;0,0;0,0;0,0
28.07.2026;15:45;16:00;2,61;2,18;0,0;0,0;-0,01;0,0;-0,08;0,0;0,0;0,0;0,0;0,0;-0,03;0,0;-0,02;0,0;-0,01;0,0;-0,01;0,0;-0,02;0,0;0,0;0,0;0,0;0,0;-0,05;0,0;-0,01;0,0;-0,01;0,0;0,0;0,0;-0,02;0,0;-0,02;0,0;-0,02;0,0;-0,01;0,0;-0,02;0,0;-0,04;0,0;-0,02;0,0;0,0;0,0;-0,02;0,0;-0,01;0,0;0,0;0,0
28.07.2026;16:00;16:15;2,83;2,35;0,0;0,0;-0,01;0,0;-0,09;0,0;0,0;0,0;-0,01;0,0;-0,04;0,0;-0,02;0,0;-0,02;0,0;0,0;0,0;-0,01;0,0;-0,01;0,0;0,0;0,0;-0,02;0,0;-0,06;0,0;-0,01;0,0;0,0;0,0;-0,01;0,0;-0,03;0,0;-0,02;0,0;-0,01;0,0;-0,01;0,0;-0,05;0,0;-0,01;0,0;0,0;0,0;-0,01;0,0;-0,03;0,0;0,0;0,0
28.07.2026;16:15;16:30;2,96;1,89;0,0;0,0;-0,02;0,0;-0,16;0,0;0,0;0,0;-0,01;0,0;-0,03;0,0;-0,03;0,0;-0,01;0,0;-0,01;0,0;-0,02;0,0;-0,01;0,0;0,0;0,0;-0,02;0,0;-0,12;0,0;-0,04;0,0;-0,01;0,0;-0,01;0,0;-0,03;0,0;-0,02;0,0;-0,33;0,0;-0,01;0,0;-0,04;0,0;-0,01;0,0;-0,1;0,0;-0,01;0,0;-0,02;0,0;0,0;0,0
28.07.2026;16:30;16:45;2,39;1,41;-0,01;0,0;-0,09;0,0;-0,09;0,0;0,0;0,0;-0,01;0,0;-0,04;0,0;-0,02;0,0;-0,03;0,0;-0,02;0,0;-0,01;0,0;-0,01;0,0;0,0;0,0;-0,03;0,0;-0,02;0,0;-0,06;0,0;-0,01;0,0;-0,01;0,0;-0,03;0,0;-0,02;0,0;-0,22;0,0;-0,02;0,0;-0,05;0,0;-0,01;0,0;-0,14;0,0;-0,01;0,0;-0,02;0,0;0,0;0,0
28.07.2026;16:45;17:00;2,58;1,49;0,0;0,0;-0,12;0,0;-0,08;0,0;0,0;0,0;0,0;0,0;-0,03;0,0;-0,03;0,0;-0,02;0,0;-0,01;0,0;-0,01;0,0;-0,01;0,0;0,0;0,0;-0,04;0,0;-0,02;0,0;-0,06;0,0;-0,01;0,0;-0,01;0,0;-0,02;0,0;-0,02;0,0;-0,58;-0,28;-0,03;0,0;-0,04;0,0;-0,02;0,0;-0,17;0,0;-0,01;0,0;-0,03;0,0;0,0;0,0
28.07.2026;17:00;17:15;2,24;1,26;0,0;0,0;-0,03;0,0;-0,08;0,0;-0,01;0,0;-0,01;0,0;-0,04;0,0;-0,03;0,0;-0,03;0,0;-0,02;0,0;-0,02;0,0;-0,01;0,0;0,0;0,0;-0,02;0,0;-0,02;0,0;-0,05;0,0;-0,01;0,0;-0,01;0,0;-0,02;0,0;-0,02;0,0;-0,31;-0,06;-0,03;0,0;-0,04;0,0;-0,01;0,0;-0,19;0,0;-0,01;0,0;-0,02;0,0;0,0;0,0
28.07.2026;17:15;17:30;0,61;0,2;0,0;0,0;-0,01;0,0;-0,13;-0,02;0,0;0,0;-0,02;0,0;-0,19;-0,17;-0,03;-0,01;-0,02;0,0;0,0;0,0;0,0;0,0;0,0;0,0;0,0;0,0;-0,05;-0,03;-0,01;0,0;-0,06;-0,04;-0,01;0,0;-0,01;0,0;-0,04;-0,02;-0,02;0,0;-0,17;-0,15;-0,02;0,0;-0,13;-0,11;0,0;0,0;-0,18;-0,16;-0,01;0,0;-0,01;0,0;0,0;0,0
28.07.2026;17:30;17:45;0,0;0,0;-0,01;-0,01;-0,01;-0,01;-0,12;-0,12;0,0;0,0;-0,01;-0,01;-0,09;-0,09;-0,07;-0,07;-0,01;-0,01;0,0;0,0;-0,01;-0,01;-0,01;-0,01;0,0;0,0;-0,03;-0,03;-0,01;-0,01;-0,05;-0,05;0,0;0,0;-0,02;-0,02;-0,02;-0,02;-0,02;-0,02;-0,13;-0,13;-0,02;-0,02;-0,05;-0,05;-0,02;-0,02;-0,32;-0,32;-0,02;-0,02;-0,02;-0,02;0,0;0,0
28.07.2026;17:45;18:00;1,12;0,34;0,0;0,0;-0,02;0,0;-0,15;0,0;0,0;0,0;0,0;0,0;-0,52;-0,44;-0,21;-0,13;-0,01;0,0;-0,01;0,0;0,0;0,0;-0,01;0,0;0,0;0,0;-0,03;0,0;-0,04;0,0;-0,03;0,0;0,0;0,0;0,0;0,0;-0,03;0,0;-0,07;0,0;-0,04;0,0;-0,02;0,0;-0,05;0,0;-0,01;0,0;-0,43;-0,35;-0,01;0,0;-0,01;0,0;0,0;0,0
28.07.2026;18:00;18:15;1,47;0,5;0,0;0,0;-0,02;0,0;-0,09;0,0;0,0;0,0;-0,01;0,0;-0,28;-0,15;-0,13;0,0;-0,02;0,0;-0,01;0,0;-0,01;0,0;0,0;0,0;0,0;0,0;-0,03;0,0;-0,04;0,0;-0,03;0,0;-0,01;0,0;-0,01;0,0;-0,03;0,0;-0,56;-0,43;-0,04;0,0;-0,03;0,0;-0,04;0,0;-0,01;0,0;-0,35;-0,22;-0,01;0,0;-0,01;0,0;0,0;0,0
28.07.2026;18:15;18:30;1,25;0,38;0,0;0,0;-0,01;0,0;-0,09;0,0;0,0;0,0;-0,02;0,0;-0,17;-0,08;-0,03;0,0;-0,01;0,0;-0,02;0,0;-0,02;0,0;-0,01;0,0;0,0;0,0;-0,05;0,0;-0,03;0,0;-0,14;-0,05;-0,01;0,0;-0,01;0,0;-0,02;0,0;-0,06;0,0;-0,05;0,0;-0,02;0,0;-0,05;0,0;-0,01;0,0;-0,23;-0,14;-0,01;0,0;-0,07;0,0;0,0;0,0
28.07.2026;18:30;18:45;1,08;0,27;-0,01;0,0;0,0;0,0;-0,09;0,0;0,0;0,0;0,0;0,0;-0,28;-0,21;-0,02;0,0;-0,02;0,0;-0,01;0,0;-0,01;0,0;-0,01;0,0;0,0;0,0;-0,15;-0,08;-0,04;0,0;-0,07;0,0;-0,01;0,0;-0,02;0,0;-0,03;0,0;-0,07;0,0;-0,03;0,0;-0,01;0,0;-0,04;0,0;-0,4;-0,33;-0,1;-0,03;-0,01;0,0;-0,03;0,0;0,0;0,0
28.07.2026;18:45;19:00;0,93;0,24;0,0;0,0;-0,07;-0,03;-0,09;0,0;0,0;0,0;-0,01;0,0;-0,25;-0,21;-0,61;-0,57;-0,01;0,0;-0,01;0,0;-0,02;0,0;-0,01;0,0;0,0;0,0;-0,46;-0,42;-0,02;0,0;-0,06;-0,02;-0,01;0,0;-0,01;0,0;-0,02;0,0;-0,06;-0,02;-0,05;-0,01;-0,01;0,0;-0,04;0,0;-0,27;-0,23;-0,03;0,0;-0,12;-0,08;-0,08;-0,04;0,0;0,0
28.07.2026;19:00;19:15;0,74;0,13;0,0;0,0;-0,08;-0,05;-0,18;-0,07;0,0;0,0;-0,01;0,0;-0,23;-0,2;-0,07;-0,04;-0,01;0,0;-0,01;0,0;-0,01;0,0;-0,01;0,0;0,0;0,0;-0,41;-0,38;0,0;0,0;-0,06;-0,03;-0,01;0,0;-0,02;0,0;-0,03;0,0;-0,06;-0,03;-0,03;0,0;-0,03;0,0;-0,05;-0,02;-0,03;0,0;-0,04;-0,01;-0,18;-0,15;-0,12;-0,09;0,0;0,0
28.07.2026;19:15;19:30;0,52;0,21;0,0;0,0;-0,07;-0,06;-0,11;0,0;0,0;0,0;-0,01;0,0;-0,15;-0,14;-0,02;-0,01;-0,04;-0,03;0,0;0,0;-0,01;0,0;-0,01;0,0;0,0;0,0;-0,05;-0,04;-0,02;-0,01;-0,05;-0,04;0,0;0,0;-0,12;-0,11;-0,03;-0,02;-0,08;-0,07;-0,04;-0,03;-0,02;-0,01;-0,05;-0,04;-0,2;-0,19;-0,04;-0,03;-0,21;-0,2;-0,06;-0,05;0,0;0,0
28.07.2026;19:30;19:45;0,33;0,11;0,0;0,0;-0,01;0,0;-0,27;-0,24;0,0;0,0;-0,01;0,0;-0,06;-0,05;-0,03;-0,02;-0,06;-0,05;0,0;0,0;-0,01;0,0;0,0;0,0;0,0;0,0;-0,04;-0,03;-0,06;-0,05;-0,06;-0,05;0,0;0,0;-0,52;-0,51;-0,02;-0,01;-0,09;-0,08;-0,04;-0,03;-0,22;-0,21;-0,05;-0,04;-0,11;-0,1;-0,05;-0,04;-0,2;-0,19;-0,1;-0,09;0,0;0,0
28.07.2026;19:45;20:00;0,19;0,14;-0,01;-0,01;-0,02;-0,02;-0,22;-0,17;0,0;0,0;-0,01;-0,01;-0,06;-0,06;-0,01;-0,01;-0,02;-0,02;-0,02;-0,02;0,0;0,0;-0,01;-0,01;0,0;0,0;-0,03;-0,03;-0,03;-0,03;-0,05;-0,05;-0,02;-0,02;-0,64;-0,64;-0,04;-0,04;-0,21;-0,21;-0,03;-0,03;-0,1;-0,1;-0,05;-0,05;-0,03;-0,03;-0,05;-0,05;-0,19;-0,19;-0,04;-0,04;0,0;0,0
28.07.2026;20:00;20:15;0,09;0,09;0,0;0,0;-0,06;-0,06;-0,24;-0,24;0,0;0,0;0,0;0,0;-0,05;-0,05;-0,02;-0,02;-0,02;-0,02;-0,02;-0,02;0,0;0,0;-0,01;-0,01;-0,01;-0,01;-0,04;-0,04;-0,13;-0,13;-0,04;-0,04;-0,01;-0,01;-0,31;-0,31;-0,02;-0,02;-0,09;-0,09;-0,03;-0,03;-0,02;-0,02;-0,05;-0,05;-0,06;-0,06;-0,06;-0,06;-0,18;-0,18;-0,07;-0,07;0,0;0,0
28.07.2026;20:15;20:30;0,03;0,03;0,0;0,0;-0,08;-0,08;-0,15;-0,15;0,0;0,0;-0,02;-0,02;-0,06;-0,06;-0,04;-0,04;-0,06;-0,06;-0,01;-0,01;-0,02;-0,02;0,0;0,0;0,0;0,0;-0,05;-0,05;-0,03;-0,03;-0,04;-0,04;-0,02;-0,02;-0,26;-0,26;-0,03;-0,03;-0,18;-0,18;-0,03;-0,03;-0,03;-0,03;-0,04;-0,04;-0,02;-0,02;-0,09;-0,09;-0,18;-0,18;-0,08;-0,08;0,0;0,0
28.07.2026;20:30;20:45;0,01;0,01;0,0;0,0;-0,03;-0,03;-0,13;-0,13;0,0;0,0;-0,01;-0,01;-0,05;-0,05;-0,03;-0,03;-0,03;-0,03;-0,01;-0,01;-0,01;-0,01;-0,02;-0,02;0,0;0,0;-0,03;-0,03;-0,04;-0,04;-0,06;-0,06;-0,01;-0,01;-0,28;-0,28;-0,02;-0,02;-0,1;-0,1;-0,02;-0,02;-0,04;-0,04;-0,03;-0,03;-0,03;-0,03;-0,08;-0,08;-0,16;-0,16;-0,03;-0,03;0,0;0,0
28.07.2026;20:45;21:00;0,0;0,0;-0,01;-0,01;-0,03;-0,03;-0,16;-0,16;0,0;0,0;0,0;0,0;-0,06;-0,06;-0,02;-0,02;-0,03;-0,03;0,0;0,0;-0,02;-0,02;0,0;0,0;0,0;0,0;-0,02;-0,02;-0,06;-0,06;-0,05;-0,05;-0,02;-0,02;-0,3;-0,3;-0,03;-0,03;-0,06;-0,06;-0,03;-0,03;-0,02;-0,02;-0,01;-0,01;-0,33;-0,33;-0,04;-0,04;-0,13;-0,13;-0,04;-0,04;0,0;0,0
28.07.2026;21:00;21:15;0,0;0,0;0,0;0,0;-0,04;-0,04;-0,19;-0,19;0,0;0,0;-0,01;-0,01;-0,07;-0,07;-0,04;-0,04;-0,04;-0,04;-0,01;-0,01;-0,01;-0,01;-0,01;-0,01;0,0;0,0;-0,03;-0,03;-0,08;-0,08;-0,05;-0,05;0,0;0,0;-0,26;-0,26;-0,03;-0,03;-0,02;-0,02;-0,03;-0,03;-0,02;-0,02;-0,02;-0,02;-0,45;-0,45;-0,02;-0,02;-0,6;-0,6;-0,04;-0,04;0,0;0,0
28.07.2026;21:15;21:30;0,0;0,0;0,0;0,0;-0,03;-0,03;-0,25;-0,25;0,0;0,0;-0,02;-0,02;-0,09;-0,09;-0,02;-0,02;-0,03;-0,03;0,0;0,0;-0,01;-0,01;-0,01;-0,01;0,0;0,0;-0,03;-0,03;-0,07;-0,07;-0,03;-0,03;-0,03;-0,03;-0,06;-0,06;-0,02;-0,02;-0,04;-0,04;-0,02;-0,02;-0,02;-0,02;-0,01;-0,01;-0,42;-0,42;-0,02;-0,02;-0,27;-0,27;-0,04;-0,04;0,0;0,0
28.07.2026;21:30;21:45;0,0;0,0;0,0;0,0;-0,02;-0,02;-0,26;-0,26;0,0;0,0;-0,01;-0,01;-0,08;-0,08;-0,07;-0,07;-0,04;-0,04;-0,03;-0,03;-0,02;-0,02;-0,01;-0,01;0,0;0,0;-0,02;-0,02;-0,05;-0,05;-0,02;-0,02;-0,02;-0,02;-0,07;-0,07;-0,03;-0,03;-0,04;-0,04;-0,01;-0,01;-0,03;-0,03;-0,01;-0,01;-0,3;-0,3;-0,02;-0,02;-0,07;-0,07;-0,04;-0,04;0,0;0,0
28.07.2026;21:45;22:00;0,0;0,0;0,0;0,0;-0,03;-0,03;-0,14;-0,14;0,0;0,0;0,0;0,0;-0,04;-0,04;-0,05;-0,05;-0,02;-0,02;-0,02;-0,02;0,0;0,0;0,0;0,0;0,0;0,0;-0,03;-0,03;-0,05;-0,05;-0,01;-0,01;-0,03;-0,03;-0,07;-0,07;-0,03;-0,03;-0,02;-0,02;-0,02;-0,02;-0,03;-0,03;-0,01;-0,01;-0,48;-0,48;-0,03;-0,03;-0,06;-0,06;-0,03;-0,03;0,0;0,0
28.07.2026;22:00;22:15;0,0;0,0;-0,01;-0,01;-0,02;-0,02;-0,06;-0,06;-0,01;-0,01;-0,01;-0,01;-0,04;-0,04;-0,04;-0,04;-0,02;-0,02;-0,03;-0,03;0,0;0,0;-0,01;-0,01;0,0;0,0;-0,04;-0,04;-0,04;-0,04;0,0;0,0;-0,03;-0,03;-0,07;-0,07;-0,03;-0,03;-0,03;-0,03;0,0;0,0;-0,02;-0,02;-0,01;-0,01;-0,32;-0,32;-0,04;-0,04;-0,07;-0,07;-0,04;-0,04;0,0;0,0
28.07.2026;22:15;22:30;0,0;0,0;0,0;0,0;-0,03;-0,03;-0,07;-0,07;0,0;0,0;-0,01;-0,01;-0,03;-0,03;-0,04;-0,04;-0,03;-0,03;-0,01;-0,01;-0,01;-0,01;-0,01;-0,01;0,0;0,0;-0,01;-0,01;-0,05;-0,05;-0,02;-0,02;-0,03;-0,03;-0,08;-0,08;-0,03;-0,03;-0,02;-0,02;-0,02;-0,02;-0,02;-0,02;-0,01;-0,01;-0,17;-0,17;-0,01;-0,01;-0,06;-0,06;-0,03;-0,03;0,0;0,0
28.07.2026;22:30;22:45;0,0;0,0;0,0;0,0;-0,01;-0,01;-0,07;-0,07;0,0;0,0;-0,01;-0,01;-0,04;-0,04;-0,03;-0,03;-0,02;-0,02;-0,01;-0,01;-0,01;-0,01;0,0;0,0;0,0;0,0;-0,01;-0,01;-0,04;-0,04;-0,01;-0,01;-0,02;-0,02;-0,08;-0,08;-0,03;-0,03;-0,03;-0,03;-0,01;-0,01;-0,01;-0,01;-0,02;-0,02;-0,12;-0,12;0,0;0,0;-0,06;-0,06;-0,03;-0,03;0,0;0,0
28.07.2026;22:45;23:00;0,0;0,0;0,0;0,0;-0,01;-0,01;-0,08;-0,08;0,0;0,0;-0,01;-0,01;-0,04;-0,04;-0,04;-0,04;-0,01;-0,01;0,0;0,0;-0,02;-0,02;-0,02;-0,02;0,0;0,0;-0,02;-0,02;-0,04;-0,04;-0,01;-0,01;-0,01;-0,01;-0,06;-0,06;0,0;0,0;-0,03;-0,03;-0,01;-0,01;-0,02;-0,02;0,0;0,0;-0,02;-0,02;0,0;0,0;-0,04;-0,04;-0,02;-0,02;0,0;0,0
28.07.2026;23:00;23:15;0,0;0,0;-0,01;-0,01;-0,01;-0,01;-0,22;-0,22;0,0;0,0;0,0;0,0;-0,04;-0,04;-0,02;-0,02;-0,02;-0,02;-0,01;-0,01;-0,01;-0,01;0,0;0,0;0,0;0,0;-0,01;-0,01;-0,1;-0,1;-0,01;-0,01;-0,02;-0,02;-0,07;-0,07;-0,02;-0,02;-0,04;-0,04;-0,01;-0,01;-0,02;-0,02;-0,02;-0,02;-0,02;-0,02;-0,03;-0,03;-0,09;-0,09;-0,02;-0,02;0,0;0,0
28.07.2026;23:15;23:30;0,0;0,0;0,0;0,0;0,0;0,0;-0,13;-0,13;0,0;0,0;-0,02;-0,02;-0,03;-0,03;-0,03;-0,03;-0,02;-0,02;-0,02;-0,02;-0,02;-0,02;-0,01;-0,01;0,0;0,0;0,0;0,0;-0,05;-0,05;-0,01;-0,01;-0,01;-0,01;-0,08;-0,08;-0,01;-0,01;-0,04;-0,04;-0,01;-0,01;-0,02;-0,02;-0,01;-0,01;0,0;0,0;-0,02;-0,02;-0,02;-0,02;-0,01;-0,01;0,0;0,0
28.07.2026;23:30;23:45;0,0;0,0;0,0;0,0;-0,01;-0,01;-0,06;-0,06;0,0;0,0;-0,01;-0,01;-0,04;-0,04;-0,03;-0,03;-0,01;-0,01;-0,02;-0,02;-0,01;-0,01;-0,01;-0,01;0,0;0,0;-0,01;-0,01;-0,05;-0,05;-0,01;-0,01;-0,02;-0,02;-0,06;-0,06;-0,01;-0,01;-0,03;-0,03;-0,01;-0,01;-0,01;-0,01;-0,02;-0,02;-0,01;-0,01;-0,02;-0,02;-0,02;-0,02;-0,02;-0,02;0,0;0,0
28.07.2026;23:45;00:00;0,0;0,0;0,0;0,0;-0,01;-0,01;-0,08;-0,08;0,0;0,0;0,0;0,0;-0,04;-0,04;-0,03;-0,03;-0,01;-0,01;-0,01;-0,01;-0,01;-0,01;-0,01;-0,01;0,0;0,0;-0,02;-0,02;-0,05;-0,05;-0,02;-0,02;-0,01;-0,01;-0,09;-0,09;-0,01;-0,01;-0,02;-0,02;-0,01;-0,01;-0,02;-0,02;-0,02;-0,02;-0,01;-0,01;-0,02;-0,02;-0,02;-0,02;-0,01;-0,01;0,0;0,0
29.07.2026;00:00;00:15;0,0;0,0;0,0;0,0;-0,02;-0,02;-0,06;-0,06;0,0;0,0;-0,01;-0,01;-0,04;-0,04;-0,03;-0,03;-0,02;-0,02;0,0;0,0;0,0;0,0;0,0;0,0;0,0;0,0;-0,01;-0,01;-0,08;-0,08;0,0;0,0;0,0;0,0;-0,05;-0,05;-0,01;-0,01;-0,02;-0,02;-0,01;-0,01;-0,01;-0,01;-0,02;-0,02;-0,02;-0,02;-0,02;-0,02;-0,01;-0,01;-0,01;-0,01;0,0;0,0
29.07.2026;00:15;00:30;0,0;0,0;-0,01;-0,01;-0,01;-0,01;-0,06;-0,06;0,0;0,0;-0,02;-0,02;-0,03;-0,03;-0,02;-0,02;-0,01;-0,01;-0,01;-0,01;-0,01;-0,01;-0,01;-0,01;0,0;0,0;0,0;0,0;-0,05;-0,05;-0,02;-0,02;-0,01;-0,01;-0,06;-0,06;-0,02;-0,02;-0,03;-0,03;-0,01;-0,01;-0,03;-0,03;-0,02;-0,02;-0,01;-0,01;-0,02;-0,02;0,0;0,0;-0,01;-0,01;0,0;0,0
29.07.2026;00:30;00:45;0,0;0,0;0,0;0,0;-0,01;-0,01;-0,1;-0,1;0,0;0,0;0,0;0,0;-0,04;-0,04;-0,01;-0,01;-0,02;-0,02;0,0;0,0;0,0;0,0;-0,01;-0,01;0,0;0,0;-0,02;-0,02;-0,05;-0,05;-0,01;-0,01;0,0;0,0;-0,05;-0,05;0,0;0,0;-0,02;-0,02;-0,01;-0,01;-0,02;-0,02;-0,01;-0,01;-0,02;-0,02;-0,03;-0,03;-0,02;-0,02;-0,01;-0,01;0,0;0,0
29.07.2026;00:45;01:00;0,0;0,0;0,0;0,0;0,0;0,0;-0,08;-0,08;0,0;0,0;-0,01;-0,01;-0,04;-0,04;-0,02;-0,02;-0,02;-0,02;-0,02;-0,02;-0,02;-0,02;0,0;0,0;0,0;0,0;-0,01;-0,01;-0,05;-0,05;-0,01;-0,01;-0,01;-0,01;-0,04;-0,04;-0,01;-0,01;-0,02;-0,02;-0,01;-0,01;-0,01;-0,01;-0,02;-0,02;-0,01;-0,01;-0,02;-0,02;-0,02;-0,02;-0,01;-0,01;0,0;0,0
29.07.2026;01:00;01:15;0,0;0,0;0,0;0,0;-0,01;-0,01;-0,11;-0,11;0,0;0,0;-0,01;-0,01;-0,03;-0,03;-0,01;-0,01;-0,01;-0,01;-0,02;-0,02;-0,01;-0,01;-0,01;-0,01;-0,01;-0,01;-0,01;-0,01;-0,04;-0,04;-0,01;-0,01;-0,01;-0,01;-0,04;-0,04;-0,02;-0,02;-0,02;-0,02;-0,01;-0,01;-0,01;-0,01;0,0;0,0;0,0;0,0;-0,03;-0,03;-0,01;-0,01;-0,02;-0,02;0,0;0,0
29.07.2026;01:15;01:30;0,0;0,0;-0,01;-0,01;-0,01;-0,01;-0,09;-0,09;0,0;0,0;-0,01;-0,01;-0,04;-0,04;-0,01;-0,01;-0,01;-0,01;-0,01;-0,01;-0,02;-0,02;-0,01;-0,01;0,0;0,0;0,0;0,0;-0,05;-0,05;-0,01;-0,01;-0,01;-0,01;-0,04;-0,04;0,0;0,0;-0,02;-0,02;-0,01;-0,01;-0,01;-0,01;-0,02;-0,02;-0,01;-0,01;-0,02;-0,02;-0,01;-0,01;-0,01;-0,01;0,0;0,0
29.07.2026;01:30;01:45;0,0;0,0;0,0;0,0;-0,02;-0,02;-0,08;-0,08;0,0;0,0;-0,01;-0,01;-0,03;-0,03;-0,01;-0,01;-0,02;-0,02;-0,01;-0,01;-0,01;-0,01;0,0;0,0;0,0;0,0;-0,02;-0,02;-0,04;-0,04;-0,01;-0,01;-0,01;-0,01;-0,02;-0,02;-0,02;-0,02;-0,02;-0,02;-0,01;-0,01;-0,03;-0,03;-0,01;-0,01;-0,01;-0,01;-0,02;-0,02;0,0;0,0;-0,01;-0,01;0,0;0,0
29.07.2026;01:45;02:00;0,0;0,0;0,0;0,0;-0,01;-0,01;-0,09;-0,09;0,0;0,0;-0,01;-0,01;-0,04;-0,04;-0,01;-0,01;-0,01;-0,01;0,0;0,0;-0,02;-0,02;-0,02;-0,02;0,0;0,0;-0,01;-0,01;-0,04;-0,04;-0,01;-0,01;0,0;0,0;-0,02;-0,02;-0,01;-0,01;-0,02;-0,02;-0,02;-0,02;-0,03;-0,03;-0,01;-0,01;-0,02;-0,02;-0,02;-0,02;-0,02;-0,02;-0,01;-0,01;0,0;0,0
29.07.2026;02:00;02:15;0,0;0,0;0,0;0,0;-0,01;-0,01;-0,11;-0,11;0,0;0,0;-0,01;-0,01;-0,03;-0,03;-0,01;-0,01;-0,02;-0,02;0,0;0,0;0,0;0,0;0,0;0,0;0,0;0,0;-0,01;-0,01;-0,05;-0,05;-0,01;-0,01;-0,01;-0,01;-0,01;-0,01;0,0;0,0;-0,02;-0,02;0,0;0,0;-0,01;-0,01;-0,01;-0,01;-0,04;-0,04;-0,02;-0,02;-0,06;-0,06;-0,01;-0,01;0,0;0,0
29.07.2026;02:15;02:30;0,0;0,0;0,0;0,0;0,0;0,0;-0,11;-0,11;0,0;0,0;-0,01;-0,01;-0,04;-0,04;-0,01;-0,01;-0,01;-0,01;-0,01;-0,01;0,0;0,0;-0,01;-0,01;0,0;0,0;0,0;0,0;-0,05;-0,05;-0,01;-0,01;0,0;0,0;-0,01;-0,01;-0,02;-0,02;-0,02;-0,02;-0,02;-0,02;-0,01;-0,01;-0,01;-0,01;-0,04;-0,04;0,0;0,0;-0,11;-0,11;-0,01;-0,01;0,0;0,0
29.07.2026;02:30;02:45;0,0;0,0;-0,01;-0,01;0,0;0,0;-0,14;-0,14;0,0;0,0;-0,01;-0,01;-0,03;-0,03;-0,01;-0,01;-0,01;-0,01;-0,02;-0,02;0,0;0,0;-0,01;-0,01;0,0;0,0;-0,02;-0,02;-0,04;-0,04;-0,02;-0,02;-0,01;-0,01;-0,01;-0,01;-0,01;-0,01;-0,02;-0,02;-0,01;-0,01;-0,01;-0,01;-0,01;-0,01;-0,02;-0,02;0,0;0,0;-0,05;-0,05;-0,01;-0,01;0,0;0,0
29.07.2026;02:45;03:00;0,0;0,0;0,0;0,0;-0,02;-0,02;-0,14;-0,14;0,0;0,0;0,0;0,0;-0,04;-0,04;-0,01;-0,01;-0,02;-0,02;-0,01;-0,01;-0,02;-0,02;-0,01;-0,01;0,0;0,0;-0,01;-0,01;-0,04;-0,04;0,0;0,0;-0,02;-0,02;-0,02;-0,02;-0,01;-0,01;-0,02;-0,02;0,0;0,0;-0,02;-0,02;-0,02;-0,02;-0,03;-0,03;-0,01;-0,01;-0,07;-0,07;-0,01;-0,01;0,0;0,0
29.07.2026;03:00;03:15;0,0;0,0;0,0;0,0;-0,01;-0,01;-0,12;-0,12;-0,01;-0,01;-0,02;-0,02;-0,04;-0,04;-0,01;-0,01;-0,01;-0,01;-0,02;-0,02;-0,01;-0,01;0,0;0,0;0,0;0,0;0,0;0,0;-0,09;-0,09;-0,01;-0,01;0,0;0,0;-0,01;-0,01;-0,01;-0,01;-0,02;-0,02;-0,02;-0,02;-0,03;-0,03;0,0;0,0;-0,02;-0,02;-0,01;-0,01;-0,03;-0,03;-0,02;-0,02;0,0;0,0
29.07.2026;03:15;03:30;0,0;0,0;0,0;0,0;-0,01;-0,01;-0,11;-0,11;0,0;0,0;-0,01;-0,01;-0,05;-0,05;-0,01;-0,01;-0,02;-0,02;0,0;0,0;-0,02;-0,02;-0,01;-0,01;0,0;0,0;-0,02;-0,02;-0,03;-0,03;-0,02;-0,02;-0,01;-0,01;-0,01;-0,01;-0,01;-0,01;-0,02;-0,02;-0,01;-0,01;-0,02;-0,02;-0,02;-0,02;-0,02;-0,02;-0,02;-0,02;-0,06;-0,06;-0,01;-0,01;0,0;0,0
29.07.2026;03:30;03:45;0,0;0,0;-0,01;-0,01;-0,01;-0,01;-0,18;-0,18;0,0;0,0;0,0;0,0;-0,03;-0,03;0,0;0,0;-0,01;-0,01;-0,01;-0,01;-0,01;-0,01;-0,01;-0,01;0,0;0,0;-0,02;-0,02;-0,03;-0,03;-0,01;-0,01;0,0;0,0;-0,01;-0,01;-0,01;-0,01;-0,02;-0,02;-0,01;-0,01;-0,01;-0,01;-0,01;-0,01;0,0;0,0;-0,01;-0,01;-0,04;-0,04;-0,01;-0,01;0,0;0,0
29.07.2026;03:45;04:00;0,0;0,0;0,0;0,0;-0,01;-0,01;-0,16;-0,16;0,0;0,0;-0,01;-0,01;-0,04;-0,04;-0,02;-0,02;-0,01;-0,01;0,0;0,0;-0,02;-0,02;0,0;0,0;0,0;0,0;0,0;0,0;-0,1;-0,1;-0,02;-0,02;0,0;0,0;-0,01;-0,01;-0,01;-0,01;-0,02;-0,02;-0,01;-0,01;-0,01;-0,01;-0,01;-0,01;-0,01;-0,01;-0,01;-0,01;-0,03;-0,03;-0,01;-0,01;0,0;0,0
29.07.2026;04:00;04:15;0,0;0,0;0,0;0,0;0,0;0,0;-0,17;-0,17;0,0;0,0;-0,01;-0,01;-0,04;-0,04;0,0;0,0;-0,02;-0,02;-0,01;-0,01;-0,01;-0,01;-0,02;-0,02;0,0;0,0;-0,01;-0,01;-0,03;-0,03;-0,02;-0,02;-0,02;-0,02;-0,02;-0,02;-0,01;-0,01;-0,02;-0,02;0,0;0,0;-0,01;-0,01;-0,01;-0,01;-0,01;-0,01;-0,01;-0,01;-0,05;-0,05;-0,02;-0,02;0,0;0,0
29.07.2026;04:15;04:30;0,0;0,0;0,0;0,0;-0,01;-0,01;-0,06;-0,06;0,0;0,0;-0,01;-0,01;-0,04;-0,04;-0,02;-0,02;-0,01;-0,01;-0,01;-0,01;0,0;0,0;0,0;0,0;0,0;0,0;-0,01;-0,01;-0,01;-0,01;0,0;0,0;-0,01;-0,01;-0,01;-0,01;-0,02;-0,02;-0,02;-0,02;-0,02;-0,02;-0,03;-0,03;-0,01;-0,01;-0,02;-0,02;-0,02;-0,02;-0,04;-0,04;-0,05;-0,05;0,0;0,0
29.07.2026;04:30;04:45;0,0;0,0;-0,01;-0,01;-0,02;-0,02;-0,08;-0,08;0,0;0,0;-0,01;-0,01;-0,04;-0,04;0,0;0,0;-0,02;-0,02;-0,02;-0,02;0,0;0,0;-0,01;-0,01;0,0;0,0;-0,02;-0,02;-0,02;-0,02;-0,02;-0,02;-0,01;-0,01;-0,02;-0,02;0,0;0,0;-0,13;-0,13;-0,01;-0,01;-0,02;-0,02;-0,01;-0,01;-0,01;-0,01;-0,01;-0,01;-0,01;-0,01;-0,06;-0,06;0,0;0,0
29.07.2026;04:45;05:00;0,0;0,0;0,0;0,0;-0,01;-0,01;-0,13;-0,13;0,0;0,0;-0,01;-0,01;-0,04;-0,04;-0,01;-0,01;-0,02;-0,02;-0,01;-0,01;-0,01;-0,01;-0,01;-0,01;0,0;0,0;0,0;0,0;-0,01;-0,01;-0,01;-0,01;0,0;0,0;-0,02;-0,02;-0,01;-0,01;-0,03;-0,03;0,0;0,0;-0,02;-0,02;-0,01;-0,01;0,0;0,0;-0,01;-0,01;-0,02;-0,02;-0,01;-0,01;0,0;0,0
29.07.2026;05:00;05:15;0,0;0,0;0,0;0,0;-0,01;-0,01;-0,06;-0,06;0,0;0,0;-0,01;-0,01;-0,03;-0,03;-0,01;-0,01;-0,04;-0,04;-0,01;-0,01;-0,01;-0,01;-0,01;-0,01;0,0;0,0;-0,01;-0,01;-0,01;-0,01;0,0;0,0;0,0;0,0;-0,04;-0,04;-0,03;-0,03;-0,02;-0,02;-0,02;-0,02;-0,02;-0,02;-0,01;-0,01;-0,02;-0,02;-0,01;-0,01;-0,01;-0,01;-0,01;-0,01;0,0;0,0
29.07.2026;05:15;05:30;0,0;0,0;0,0;0,0;-0,01;-0,01;-0,07;-0,07;0,0;0,0;-0,01;-0,01;-0,04;-0,04;-0,01;-0,01;-0,07;-0,07;0,0;0,0;-0,02;-0,02;0,0;0,0;0,0;0,0;-0,01;-0,01;-0,02;-0,02;-0,02;-0,02;-0,01;-0,01;-0,03;-0,03;-0,02;-0,02;-0,02;-0,02;0,0;0,0;-0,14;-0,14;-0,01;-0,01;-0,01;-0,01;-0,02;-0,02;0,0;0,0;-0,01;-0,01;0,0;0,0
29.07.2026;05:30;05:45;0,01;0,01;0,0;0,0;0,0;0,0;-0,07;-0,07;0,0;0,0;0,0;0,0;-0,03;-0,03;-0,01;-0,01;-0,04;-0,04;-0,01;-0,01;-0,01;-0,01;-0,01;-0,01;0,0;0,0;-0,01;-0,01;-0,01;-0,01;0,0;0,0;-0,01;-0,01;-0,02;-0,02;-0,02;-0,02;-0,02;-0,02;-0,01;-0,01;-0,06;-0,06;-0,02;-0,02;-0,01;-0,01;-0,02;-0,02;-0,02;-0,02;-0,01;-0,01;0,0;0,0
29.07.2026;05:45;06:00;0,02;0,02;-0,01;-0,01;-0,01;-0,01;-0,08;-0,08;0,0;0,0;-0,01;-0,01;-0,04;-0,04;-0,01;-0,01;-0,03;-0,03;0,0;0,0;-0,02;-0,02;-0,01;-0,01;0,0;0,0;-0,01;-0,01;-0,02;-0,02;-0,01;-0,01;-0,01;-0,01;-0,04;-0,04;-0,01;-0,01;-0,02;-0,02;-0,02;-0,02;-0,03;-0,03;0,0;0,0;-0,01;-0,01;-0,01;-0,01;-0,02;-0,02;-0,02;-0,02;0,0;0,0
29.07.2026;06:00;06:15;0,04;0,04;0,0;0,0;-0,05;-0,05;-0,12;-0,12;0,0;0,0;-0,02;-0,02;-0,03;-0,03;-0,01;-0,01;-0,03;-0,03;-0,02;-0,02;-0,01;-0,01;0,0;0,0;-0,01;-0,01;0,0;0,0;-0,01;-0,01;-0,02;-0,02;-0,01;-0,01;-0,03;-0,03;-0,01;-0,01;-0,03;-0,03;-0,04;-0,04;-0,01;-0,01;-0,02;-0,02;-0,01;-0,01;-0,02;-0,02;-0,01;-0,01;0,0;0,0;0,0;0,0
29.07.2026;06:15;06:30;0,1;0,1;0,0;0,0;-0,05;-0,05;-0,1;-0,1;0,0;0,0;0,0;0,0;-0,04;-0,04;-0,01;-0,01;-0,02;-0,02;-0,09;-0,09;-0,01;-0,01;-0,01;-0,01;0,0;0,0;-0,02;-0,02;-0,02;-0,02;-0,01;-0,01;0,0;0,0;-0,02;-0,02;-0,04;-0,04;-0,05;-0,05;-0,02;-0,02;-0,01;-0,01;-0,01;-0,01;-0,01;-0,01;-0,01;-0,01;0,0;0,0;-0,02;-0,02;0,0;0,0
29.07.2026;06:30;06:45;0,14;0,11;0,0;0,0;-0,01;-0,01;-0,08;-0,05;0,0;0,0;0,0;0,0;-0,02;-0,02;-0,03;-0,03;-0,03;-0,03;-0,02;-0,02;0,0;0,0;-0,01;-0,01;0,0;0,0;-0,05;-0,05;-0,01;-0,01;-0,01;-0,01;0,0;0,0;-0,01;-0,01;-0,02;-0,02;-0,05;-0,05;-0,02;-0,02;-0,01;-0,01;-0,02;-0,02;-0,01;-0,01;-0,02;-0,02;-0,01;-0,01;-0,01;-0,01;0,0;0,0
29.07.2026;06:45;07:00;0,22;0,17;-0,01;-0,01;-0,04;-0,04;-0,09;-0,04;0,0;0,0;-0,02;-0,02;-0,03;-0,03;-0,35;-0,35;-0,04;-0,04;0,0;0,0;0,0;0,0;-0,01;-0,01;0,0;0,0;0,0;0,0;-0,01;-0,01;0,0;0,0;-0,01;-0,01;-0,01;-0,01;-0,02;-0,02;-0,04;-0,04;-0,03;-0,03;-0,02;-0,02;-0,01;-0,01;-0,01;-0,01;-0,01;-0,01;-0,02;-0,02;-0,01;-0,01;0,0;0,0
29.07.2026;07:00;07:15;0,33;0,1;0,0;0,0;-0,02;-0,01;-0,15;-0,13;0,0;0,0;-0,01;0,0;-0,14;-0,13;-0,03;-0,02;-0,02;-0,01;-0,01;0,0;-0,01;0,0;-0,01;0,0;0,0;0,0;-0,01;0,0;-0,08;-0,07;-0,01;0,0;-0,01;0,0;-0,01;0,0;-0,04;-0,03;-0,04;-0,03;-0,02;-0,01;-0,02;-0,01;-0,01;0,0;-0,01;0,0;-0,02;-0,01;0,0;0,0;-0,01;0,0;0,0;0,0
29.07.2026;07:15;07:30;0,57;0,16;0,0;0,0;-0,01;0,0;-0,16;-0,06;0,0;0,0;0,0;0,0;-0,09;-0,07;-0,03;-0,01;-0,01;0,0;0,0;0,0;-0,02;0,0;-0,01;0,0;0,0;0,0;-0,02;0,0;-0,01;0,0;-0,01;0,0;-0,02;0,0;-0,02;0,0;-0,02;0,0;-0,03;-0,01;-0,02;0,0;-0,02;0,0;-0,01;0,0;-0,01;0,0;-0,01;0,0;-0,04;-0,02;-0,01;0,0;0,0;0,0
29.07.2026;07:30;07:45;0,74;0,21;0,0;0,0;-0,02;0,0;-0,16;-0,01;0,0;0,0;-0,01;0,0;-0,11;-0,07;-0,23;-0,19;-0,02;0,0;0,0;0,0;-0,01;0,0;0,0;0,0;0,0;0,0;-0,02;0,0;-0,01;0,0;-0,01;0,0;-0,04;0,0;-0,01;0,0;-0,03;0,0;-0,03;0,0;0,0;0,0;-0,02;0,0;-0,01;0,0;-0,02;0,0;-0,02;0,0;-0,01;0,0;-0,01;0,0;0,0;0,0
29.07.2026;07:45;08:00;0,96;0,28;0,0;0,0;-0,02;0,0;-0,25;-0,05;0,0;0,0;-0,01;0,0;-0,11;-0,04;-0,17;-0,1;-0,02;0,0;-0,02;0,0;-0,02;0,0;-0,01;0,0;0,0;0,0;-0,04;0,0;-0,01;0,0;-0,01;0,0;-0,02;0,0;-0,01;0,0;-0,04;0,0;-0,03;0,0;-0,02;0,0;-0,01;0,0;-0,01;0,0;-0,01;0,0;-0,01;0,0;-0,01;0,0;-0,01;0,0;0,0;0,0
29.07.2026;08:00;08:15;0,13;0,11;-0,01;-0,01;-0,01;-0,01;-0,23;-0,21;-0,01;-0,01;-0,01;-0,01;-0,11;-0,11;-0,02;-0,02;-0,02;-0,02;-0,02;-0,02;-0,01;-0,01;-0,01;-0,01;0,0;0,0;-0,01;-0,01;-0,01;-0,01;-0,01;-0,01;-0,01;-0,01;-0,01;-0,01;-0,02;-0,02;-0,03;-0,03;-0,01;-0,01;-0,01;-0,01;-0,01;-0,01;-0,03;-0,03;-0,02;-0,02;-0,01;-0,01;-0,01;-0,01;0,0;0,0
29.07.2026;08:15;08:30;0,0;0,0;0,0;0,0;-0,01;-0,01;-0,22;-0,22;0,0;0,0;-0,01;-0,01;-0,03;-0,03;-0,02;-0,02;-0,02;-0,02;-0,01;-0,01;-0,01;-0,01;0,0;0,0;0,0;0,0;-0,01;-0,01;-0,01;-0,01;-0,01;-0,01;-0,01;-0,01;-0,02;-0,02;-0,03;-0,03;-0,02;-0,02;0,0;0,0;-0,02;-0,02;-0,01;-0,01;-0,02;-0,02;-0,01;-0,01;-0,01;-0,01;-0,01;-0,01;0,0;0,0
29.07.2026;08:30;08:45;0,57;0,14;0,0;0,0;0,0;0,0;-0,13;-0,03;0,0;0,0;-0,01;0,0;-0,03;-0,01;-0,02;0,0;-0,02;0,0;0,0;0,0;-0,01;0,0;-0,01;0,0;0,0;0,0;-0,04;-0,02;-0,01;0,0;-0,02;0,0;-0,01;0,0;-0,04;-0,02;-0,02;0,0;-0,02;0,0;-0,02;0,0;-0,03;-0,01;-0,01;0,0;-0,02;0,0;-0,02;0,0;-0,01;0,0;-0,02;0,0;0,0;0,0
29.07.2026;08:45;09:00;2,03;1,59;0,0;0,0;-0,02;0,0;-0,17;0,0;0,0;0,0;-0,01;0,0;-0,03;0,0;-0,02;0,0;-0,01;0,0;-0,01;0,0;0,0;0,0;-0,01;0,0;0,0;0,0;-0,01;0,0;-0,01;0,0;0,0;0,0;-0,01;0,0;-0,01;0,0;-0,03;0,0;-0,02;0,0;0,0;0,0;-0,01;0,0;-0,01;0,0;-0,03;0,0;-0,01;0,0;-0,01;0,0;0,0;0,0;0,0;0,0
29.07.2026;09:00;09:15;2,25;1,84;-0,01;0,0;-0,01;0,0;-0,08;0,0;0,0;0,0;-0,01;0,0;-0,02;0,0;-0,02;0,0;-0,01;0,0;0,0;0,0;-0,01;0,0;-0,01;0,0;0,0;0,0;-0,01;0,0;-0,01;0,0;-0,01;0,0;-0,06;0,0;-0,01;0,0;-0,03;0,0;-0,02;0,0;-0,01;0,0;-0,01;0,0;-0,01;0,0;-0,02;0,0;0,0;0,0;-0,01;0,0;-0,02;0,0;0,0;0,0
29.07.2026;09:15;09:30;2,47;2,01;0,0;0,0;-0,02;0,0;-0,09;0,0;0,0;0,0;0,0;0,0;-0,04;0,0;-0,03;0,0;-0,02;0,0;-0,01;0,0;-0,01;0,0;0,0;0,0;0,0;0,0;-0,04;0,0;-0,01;0,0;-0,01;0,0;-0,02;0,0;-0,01;0,0;-0,02;0,0;-0,02;0,0;-0,02;0,0;-0,01;0,0;-0,01;0,0;-0,03;0,0;-0,01;0,0;-0,02;0,0;-0,01;0,0;0,0;0,0
29.07.2026;09:30;09:45;2,69;2,26;0,0;0,0;-0,01;0,0;-0,08;0,0;0,0;0,0;-0,01;0,0;-0,03;0,0;-0,01;0,0;-0,01;0,0;-0,02;0,0;-0,01;0,0;-0,02;0,0;0,0;0,0;-0,01;0,0;-0,06;0,0;-0,01;0,0;-0,01;0,0;-0,01;0,0;-0,03;0,0;-0,02;0,0;0,0;0,0;-0,02;0,0;-0,01;0,0;-0,03;0,0;0,0;0,0;-0,01;0,0;-0,01;0,0;0,0;0,0
29.07.2026;09:45;10:00;2,88;2,3;0,0;0,0;0,0;0,0;-0,1;0,0;0,0;0,0;-0,02;0,0;-0,02;0,0;-0,04;0,0;-0,02;0,0;-0,13;0,0;-0,02;0,0;0,0;0,0;0,0;0,0;-0,01;0,0;-0,02;0,0;-0,01;0,0;-0,02;0,0;-0,01;0,0;-0,03;0,0;-0,02;0,0;-0,01;0,0;-0,03;0,0;-0,01;0,0;-0,02;0,0;-0,02;0,0;-0,01;0,0;-0,01;0,0;0,0;0,0
29.07.2026;10:00;10:15;3,07;2,23;0,0;0,0;-0,01;0,0;-0,08;0,0;0,0;0,0;0,0;0,0;-0,04;0,0;-0,08;0,0;-0,01;0,0;-0,5;-0,08;-0,01;0,0;-0,01;0,0;0,0;0,0;0,0;0,0;-0,01;0,0;-0,01;0,0;-0,01;0,0;-0,02;0,0;-0,02;0,0;-0,02;0,0;-0,01;0,0;-0,02;0,0;-0,01;0,0;-0,03;0,0;-0,01;0,0;-0,01;0,0;0,0;0,0;0,0;0,0
29.07.2026;10:15;10:30;3,33;2,58;-0,01;0,0;0,0;0,0;-0,08;0,0;0,0;0,0;0,0;0,0;-0,03;0,0;-0,32;0,0;-0,01;0,0;-0,03;0,0;-0,02;0,0;-0,01;0,0;0,0;0,0;-0,02;0,0;-0,05;0,0;-0,01;0,0;-0,02;0,0;-0,01;0,0;-0,03;0,0;-0,02;0,0;-0,01;0,0;-0,01;0,0;-0,01;0,0;-0,01;0,0;-0,01;0,0;-0,01;0,0;-0,02;0,0;0,0;0,0
29.07.2026;10:30;10:45;3,46;2,97;0,0;0,0;-0,02;0,0;-0,09;0,0;0,0;0,0;-0,02;0,0;-0,02;0,0;-0,02;0,0;-0,02;0,0;-0,06;0,0;-0,01;0,0;0,0;0,0;0,0;0,0;-0,01;0,0;-0,06;0,0;-0,02;0,0;-0,02;0,0;0,0;0,0;-0,03;0,0;-0,02;0,0;-0,01;0,0;-0,01;0,0;-0,01;0,0;0,0;0,0;-0,02;0,0;-0,01;0,0;-0,01;0,0;0,0;0,0
29.07.2026;10:45;11:00;3,57;2,97;0,0;0,0;-0,01;0,0;-0,17;0,0;0,0;0,0;-0,01;0,0;-0,03;0,0;-0,01;0,0;-0,01;0,0;-0,12;0,0;-0,01;0,0;-0,01;0,0;0,0;0,0;0,0;0,0;-0,01;0,0;-0,02;0,0;-0,03;0,0;-0,01;0,0;-0,04;0,0;-0,02;0,0;-0,01;0,0;-0,02;0,0;-0,02;0,0;-0,01;0,0;-0,01;0,0;-0,01;0,0;-0,01;0,0;0,0;0,0
29.07.2026;11:00;11:15;3,65;2,74;0,0;0,0;-0,01;0,0;-0,08;0,0;0,0;0,0;-0,01;0,0;-0,04;0,0;-0,02;0,0;-0,02;0,0;-0,58;-0,07;0,0;0,0;-0,01;0,0;-0,01;0,0;-0,01;0,0;-0,01;0,0;-0,01;0,0;-0,03;0,0;-0,02;0,0;-0,02;0,0;-0,02;0,0;-0,01;0,0;-0,03;0,0;0,0;0,0;-0,01;0,0;-0,01;0,0;-0,01;0,0;-0,01;0,0;0,0;0,0
29.07.2026;11:15;11:30;3,83;3,27;-0,01;0,0;-0,01;0,0;-0,11;0,0;0,0;0,0;0,0;0,0;-0,02;0,0;-0,01;0,0;-0,01;0,0;-0,1;0,0;0,0;0,0;-0,01;0,0;0,0;0,0;-0,02;0,0;-0,04;0,0;-0,01;0,0;-0,03;0,0;-0,01;0,0;-0,03;0,0;-0,02;0,0;-0,01;0,0;-0,03;0,0;-0,01;0,0;-0,03;0,0;-0,01;0,0;-0,02;0,0;-0,01;0,0;0,0;0,0
29.07.2026;11:30;11:45;3,91;2,96;0,0;0,0;0,0;0,0;-0,13;0,0;0,0;0,0;-0,01;0,0;-0,03;0,0;-0,02;0,0;-0,01;0,0;-0,08;0,0;-0,01;0,0;0,0;0,0;0,0;0,0;-0,03;0,0;-0,19;0,0;-0,01;0,0;-0,02;0,0;-0,01;0,0;-0,03;0,0;-0,02;0,0;-0,01;0,0;-0,01;0,0;-0,02;0,0;-0,03;0,0;-0,02;0,0;-0,25;0,0;-0,01;0,0;0,0;0,0
29.07.2026;11:45;12:00;2,69;1,76;0,0;0,0;-0,01;0,0;-0,1;0,0;0,0;0,0;-0,02;0,0;-0,04;0,0;-0,26;0,0;-0,02;0,0;-0,07;0,0;-0,02;0,0;-0,02;0,0;0,0;0,0;-0,02;0,0;-0,06;0,0;-0,01;0,0;-0,02;0,0;0,0;0,0;-0,02;0,0;-0,02;0,0;-0,01;0,0;-0,02;0,0;0,0;0,0;-0,02;0,0;-0,01;0,0;-0,15;0,0;-0,01;0,0;0,0;0,0
29.07.2026;12:00;12:15;0,63;0,22;0,0;0,0;-0,01;0,0;-0,11;0,0;0,0;0,0;0,0;0,0;-0,05;-0,03;-0,01;0,0;-0,01;0,0;-0,04;-0,02;-0,02;0,0;0,0;0,0;0,0;0,0;-0,02;0,0;-0,04;-0,02;-0,01;0,0;-0,01;0,0;-0,02;0,0;-0,03;-0,01;-0,02;0,0;-0,01;0,0;-0,01;0,0;-0,02;0,0;-0,02;0,0;-0,01;0,0;-0,02;0,0;0,0;0,0;0,0;0,0
29.07.2026;12:15;12:30;2,75;2,0;0,0;0,0;-0,02;0,0;-0,11;0,0;0,0;0,0;-0,11;0,0;-0,03;0,0;-0,01;0,0;-0,02;0,0;-0,01;0,0;-0,01;0,0;0,0;0,0;0,0;0,0;-0,22;0,0;-0,04;0,0;-0,01;0,0;-0,01;0,0;-0,01;0,0;-0,03;0,0;-0,02;0,0;-0,01;0,0;-0,03;0,0;0,0;0,0;0,0;0,0;-0,01;0,0;-0,02;0,0;-0,02;0,0;0,0;0,0
29.07.2026;12:30;12:45;4,13;3,34;-0,01;0,0;-0,01;0,0;-0,1;0,0;-0,01;0,0;-0,22;0,0;-0,05;0,0;-0,01;0,0;-0,01;0,0;-0,01;0,0;-0,01;0,0;-0,02;0,0;0,0;0,0;-0,1;0,0;-0,04;0,0;-0,01;0,0;-0,01;0,0;-0,01;0,0;-0,04;0,0;-0,02;0,0;-0,01;0,0;-0,03;0,0;-0,01;0,0;-0,01;0,0;-0,02;0,0;-0,01;0,0;-0,01;0,0;0,0;0,0
29.07.2026;12:45;13:00;4,17;3,37;0,0;0,0;0,0;0,0;-0,07;0,0;0,0;0,0;-0,44;0,0;-0,04;0,0;-0,01;0,0;-0,01;0,0;-0,01;0,0;-0,02;0,0;0,0;0,0;0,0;0,0;-0,03;0,0;-0,04;0,0;-0,01;0,0;0,0;0,0;-0,01;0,0;-0,02;0,0;-0,02;0,0;-0,01;0,0;-0,01;0,0;-0,02;0,0;-0,01;0,0;-0,01;0,0;-0,01;0,0;0,0;0,0;0,0;0,0
29.07.2026;13:00;13:15;4,15;3,46;0,0;0,0;-0,01;0,0;-0,06;0,0;0,0;0,0;-0,26;0,0;-0,04;0,0;-0,01;0,0;-0,02;0,0;-0,03;0,0;-0,01;0,0;-0,01;0,0;0,0;0,0;-0,04;0,0;-0,04;0,0;-0,01;0,0;-0,01;0,0;0,0;0,0;-0,04;0,0;-0,02;0,0;-0,01;0,0;-0,01;0,0;0,0;0,0;-0,01;0,0;-0,02;0,0;-0,01;0,0;-0,02;0,0;0,0;0,0
29.07.2026;13:15;13:30;4,14;3,63;0,0;0,0;-0,01;0,0;-0,07;0,0;0,0;0,0;-0,04;0,0;-0,03;0,0;-0,01;0,0;-0,01;0,0;-0,04;0,0;0,0;0,0;-0,01;0,0;0,0;0,0;-0,04;0,0;-0,09;0,0;-0,01;0,0;0,0;0,0;-0,02;0,0;-0,02;0,0;-0,02;0,0;-0,01;0,0;-0,01;0,0;-0,02;0,0;-0,03;0,0;-0,01;0,0;-0,01;0,0;0,0;0,0;0,0;0,0
29.07.2026;13:30;13:45;4,13;3,53;-0,01;0,0;-0,01;0,0;-0,14;0,0;0,0;0,0;-0,04;0,0;-0,04;0,0;-0,01;0,0;-0,02;0,0;-0,07;0,0;0,0;0,0;-0,01;0,0;0,0;0,0;-0,03;0,0;-0,04;0,0;-0,01;0,0;-0,01;0,0;-0,01;0,0;-0,03;0,0;-0,02;0,0;0,0;0,0;-0,03;0,0;-0,01;0,0;-0,02;0,0;-0,02;0,0;-0,01;0,0;-0,01;0,0;0,0;0,0
29.07.2026;13:45;14:00;4,06;3,47;0,0;0,0;-0,01;0,0;-0,12;0,0;0,0;0,0;-0,04;0,0;-0,04;0,0;0,0;0,0;-0,01;0,0;-0,09;0,0;-0,01;0,0;0,0;0,0;0,0;0,0;-0,03;0,0;-0,04;0,0;-0,01;0,0;-0,01;0,0;-0,02;0,0;-0,02;0,0;-0,02;0,0;-0,02;0,0;-0,02;0,0;-0,01;0,0;-0,03;0,0;-0,01;0,0;-0,01;0,0;-0,02;0,0;0,0;0,0
29.07.2026;14:00;14:15;4,02;3,47;0,0;0,0;-0,01;0,0;-0,09;0,0;0,0;0,0;-0,04;0,0;-0,04;0,0;-0,01;0,0;-0,01;0,0;-0,07;0,0;-0,02;0,0;-0,02;0,0;0,0;0,0;-0,02;0,0;-0,04;0,0;-0,01;0,0;-0,02;0,0;0,0;0,0;-0,03;0,0;-0,02;0,0;-0,01;0,0;-0,02;0,0;-0,01;0,0;-0,02;0,0;-0,02;0,0;-0,02;0,0;0,0;0,0;0,0;0,0
29.07.2026;14:15;14:30;3,93;3,23;0,0;0,0;-0,01;0,0;-0,1;0,0;0,0;0,0;-0,27;0,0;-0,03;0,0;-0,01;0,0;-0,02;0,0;-0,05;0,0;-0,01;0,0;0,0;0,0;0,0;0,0;-0,02;0,0;-0,04;0,0;-0,01;0,0;-0,01;0,0;-0,01;0,0;-0,03;0,0;-0,02;0,0;0,0;0,0;-0,01;0,0;-0,01;0,0;-0,01;0,0;-0,01;0,0;-0,01;0,0;-0,01;0,0;0,0;0,0
29.07.2026;14:30;14:45;3,84;3,09;-0,01;0,0;0,0;0,0;-0,1;0,0;0,0;0,0;-0,3;0,0;-0,04;0,0;-0,01;0,0;-0,01;0,0;-0,02;0,0;-0,01;0,0;0,0;0,0;0,0;0,0;-0,06;0,0;-0,04;0,0;-0,01;0,0;-0,01;0,0;-0,01;0,0;-0,02;0,0;-0,02;0,0;-0,01;0,0;-0,02;0,0;-0,01;0,0;0,0;0,0;-0,02;0,0;-0,01;0,0;-0,01;0,0;0,0;0,0
29.07.2026;14:45;15:00;3,75;3,12;0,0;0,0;-0,02;0,0;-0,08;0,0;0,0;0,0;-0,19;0,0;-0,03;0,0;-0,01;0,0;-0,02;0,0;-0,01;0,0;-0,02;0,0;-0,02;0,0;0,0;0,0;-0,01;0,0;-0,05;0,0;-0,03;0,0;0,0;0,0;-0,01;0,0;-0,03;0,0;-0,01;0,0;-0,01;0,0;-0,03;0,0;-0,01;0,0;-0,01;0,0;-0,01;0,0;-0,01;0,0;-0,01;0,0;0,0;0,0
29.07.2026;15:00;15:15;3,63;3,08;0,0;0,0;-0,01;0,0;-0,2;0,0;0,0;0,0;-0,04;0,0;-0,04;0,0;0,0;0,0;-0,01;0,0;-0,02;0,0;-0,01;0,0;0,0;0,0;0,0;0,0;0,0;0,0;-0,04;0,0;-0,01;0,0;0,0;0,0;-0,02;0,0;-0,03;0,0;-0,02;0,0;-0,01;0,0;-0,03;0,0;-0,01;0,0;-0,01;0,0;-0,02;0,0;-0,01;0,0;-0,01;0,0;0,0;0,0
29.07.2026;15:15;15:30;3,52;2,98;-0,01;0,0;-0,01;0,0;-0,12;0,0;0,0;0,0;-0,04;0,0;-0,04;0,0;-0,01;0,0;-0,01;0,0;-0,02;0,0;-0,02;0,0;-0,01;0,0;0,0;0,0;-0,02;0,0;-0,09;0,0;-0,01;0,0;-0,01;0,0;0,0;0,0;-0,03;0,0;-0,02;0,0;-0,01;0,0;-0,01;0,0;-0,01;0,0;-0,01;0,0;-0,01;0,0;-0,01;0,0;-0,01;0,0;0,0;0,0
29.07.2026;15:30;15:45;3,13;2,61;0,0;0,0;-0,01;0,0;-0,12;0,0;0,0;0,0;-0,04;0,0;-0,03;0,0;-0,01;0,0;-0,02;0,0;-0,02;0,0;0,0;0,0;-0,01;0,0;0,0;0,0;-0,01;0,0;-0,04;0,0;-0,03;0,0;-0,02;0,0;-0,01;0,0;-0,02;0,0;-0,02;0,0;-0,02;0,0;-0,01;0,0;-0,01;0,0;-0,03;0,0;-0,01;0,0;-0,02;0,0;-0,01;0,0;0,0;0,0
29.07.2026;15:45;16:00;1,61;1,17;0,0;0,0;0,0;0,0;-0,08;0,0;0,0;0,0;-0,04;0,0;-0,04;0,0;-0,01;0,0;-0,01;0,0;-0,01;0,0;0,0;0,0;-0,01;0,0;0,0;0,0;0,0;0,0;-0,05;0,0;-0,03;0,0;-0,01;0,0;-0,01;0,0;-0,03;0,0;-0,02;0,0;0,0;0,0;-0,02;0,0;-0,01;0,0;-0,03;0,0;-0,01;0,0;-0,01;0,0;-0,01;0,0;0,0;0,0
29.07.2026;16:00;16:15;0,08;0,08;0,0;0,0;-0,01;-0,01;-0,11;-0,11;0,0;0,0;-0,04;-0,04;-0,03;-0,03;-0,01;-0,01;-0,02;-0,02;0,0;0,0;0,0;0,0;0,0;0,0;-0,01;-0,01;-0,01;-0,01;-0,03;-0,03;-0,03;-0,03;0,0;0,0;-0,02;-0,02;-0,03;-0,03;-0,02;-0,02;-0,01;-0,01;-0,03;-0,03;-0,01;-0,01;-0,02;-0,02;0,0;0,0;-0,01;-0,01;-0,01;-0,01;0,0;0,0
29.07.2026;16:15;16:30;2,33;1,74;0,0;0,0;-0,01;0,0;-0,21;0,0;0,0;0,0;-0,04;0,0;-0,04;0,0;0,0;0,0;-0,01;0,0;-0,01;0,0;-0,02;0,0;-0,01;0,0;0,0;0,0;-0,02;0,0;-0,04;0,0;-0,03;0,0;0,0;0,0;-0,01;0,0;-0,02;0,0;-0,02;0,0;-0,02;0,0;-0,02;0,0;-0,01;0,0;-0,03;0,0;0,0;0,0;-0,01;0,0;-0,01;0,0;0,0;0,0
29.07.2026;16:30;16:45;2,71;2,18;-0,01;0,0;-0,02;0,0;-0,18;0,0;0,0;0,0;-0,02;0,0;-0,04;0,0;-0,01;0,0;-0,01;0,0;0,0;0,0;-0,02;0,0;-0,01;0,0;0,0;0,0;-0,01;0,0;-0,04;0,0;-0,03;0,0;-0,01;0,0;0,0;0,0;-0,04;0,0;-0,02;0,0;0,0;0,0;-0,01;0,0;-0,01;0,0;0,0;0,0;-0,01;0,0;-0,01;0,0;-0,02;0,0;0,0;0,0
29.07.2026;16:45;17:00;2,54;1,86;0,0;0,0;-0,13;0,0;-0,2;0,0;0,0;0,0;-0,01;0,0;-0,03;0,0;-0,01;0,0;-0,02;0,0;-0,02;0,0;-0,01;0,0;0,0;0,0;0,0;0,0;0,0;0,0;-0,05;0,0;-0,03;0,0;-0,01;0,0;-0,01;0,0;-0,02;0,0;-0,02;0,0;-0,02;0,0;-0,02;0,0;-0,02;0,0;-0,01;0,0;-0,03;0,0;-0,01;0,0;0,0;0,0;0,0;0,0
29.07.2026;17:00;17:15;2,34;1,46;0,0;0,0;-0,07;0,0;-0,15;0,0;0,0;0,0;-0,03;0,0;-0,03;0,0;-0,01;0,0;-0,01;0,0;-0,02;0,0;-0,01;0,0;-0,02;0,0;0,0;0,0;-0,02;0,0;-0,05;0,0;-0,07;0,0;-0,02;0,0;-0,02;0,0;-0,04;0,0;-0,2;0,0;0,0;0,0;-0,03;0,0;0,0;0,0;0,0;0,0;-0,03;0,0;-0,03;0,0;-0,02;0,0;0,0;0,0
29.07.2026;17:15;17:30;2,14;1,1;0,0;0,0;-0,2;0,0;-0,1;0,0;0,0;0,0;-0,03;0,0;-0,03;0,0;-0,01;0,0;-0,03;0,0;-0,02;0,0;-0,02;0,0;0,0;0,0;0,0;0,0;-0,01;0,0;-0,04;0,0;-0,08;0,0;0,0;0,0;-0,01;0,0;-0,03;0,0;-0,29;-0,07;-0,01;0,0;-0,03;0,0;-0,01;0,0;-0,1;0,0;-0,02;0,0;-0,02;0,0;-0,02;0,0;0,0;0,0
29.07.2026;17:30;17:45;1,88;1,1;-0,01;0,0;-0,11;0,0;-0,09;0,0;-0,01;0,0;-0,02;0,0;-0,06;0,0;-0,02;0,0;-0,04;0,0;-0,01;0,0;-0,01;0,0;-0,01;0,0;0,0;0,0;0,0;0,0;-0,04;0,0;-0,07;0,0;0,0;0,0;-0,01;0,0;-0,03;0,0;-0,06;0,0;-0,02;0,0;-0,03;0,0;-0,02;0,0;-0,04;0,0;-0,02;0,0;-0,02;0,0;-0,03;0,0;0,0;0,0
29.07.2026;17:45;18:00;1,66;0,66;0,0;0,0;-0,03;0,0;-0,11;0,0;0,0;0,0;-0,02;0,0;-0,1;0,0;-0,06;0,0;-0,19;-0,05;0,0;0,0;-0,01;0,0;-0,01;0,0;0,0;0,0;-0,01;0,0;-0,03;0,0;-0,09;0,0;-0,01;0,0;-0,01;0,0;-0,03;0,0;-0,09;0,0;0,0;0,0;-0,02;0,0;0,0;0,0;-0,03;0,0;-0,02;0,0;-0,39;-0,25;-0,04;0,0;0,0;0,0
29.07.2026;18:00;18:15;1,4;0,36;0,0;0,0;-0,03;0,0;-0,21;0,0;0,0;0,0;-0,02;0,0;-0,28;-0,19;-0,03;0,0;-0,12;-0,03;0,0;0,0;0,0;0,0;-0,01;0,0;0,0;0,0;-0,02;0,0;-0,05;0,0;-0,08;0,0;-0,01;0,0;-0,03;0,0;-0,03;0,0;-0,07;0,0;-0,02;0,0;-0,02;0,0;-0,02;0,0;-0,04;0,0;-0,02;0,0;-0,11;-0,02;-0,06;0,0;0,0;0,0
29.07.2026;18:15;18:30;1,21;0,26;0,0;0,0;-0,03;0,0;-0,1;0,0;0,0;0,0;-0,04;0,0;-0,32;-0,25;-0,24;-0,17;-0,06;0,0;-0,01;0,0;0,0;0,0;0,0;0,0;0,0;0,0;-0,01;0,0;-0,05;0,0;-0,08;-0,01;-0,02;0,0;-0,05;0,0;-0,04;0,0;-0,07;0,0;-0,01;0,0;-0,03;0,0;-0,01;0,0;-0,04;0,0;-0,03;0,0;-0,37;-0,3;-0,08;-0,01;0,0;0,0
29.07.2026;18:30;18:45;1,02;0,26;0,0;0,0;-0,03;0,0;-0,14;0,0;0,0;0,0;-0,03;0,0;-0,2;-0,15;-0,04;0,0;-0,08;-0,03;-0,01;0,0;-0,01;0,0;-0,01;0,0;0,0;0,0;-0,01;0,0;-0,05;0,0;-0,07;-0,02;0,0;0,0;-0,05;0,0;-0,03;0,0;-0,07;-0,02;0,0;0,0;-0,03;0,0;-0,01;0,0;-0,02;0,0;-0,02;0,0;-0,04;0,0;-0,03;0,0;0,0;0,0
29.07.2026;18:45;19:00;0,88;0,2;-0,01;0,0;-0,07;-0,04;-0,2;-0,07;0,0;0,0;-0,02;0,0;-0,27;-0,24;-0,03;0,0;-0,08;-0,05;-0,02;0,0;-0,02;0,0;-0,01;0,0;0,0;0,0;-0,04;-0,01;-0,11;-0,08;-0,07;-0,04;-0,04;-0,01;-0,06;-0,03;-0,03;0,0;-0,19;-0,16;-0,02;0,0;-0,13;-0,1;-0,01;0,0;-0,01;0,0;-0,02;0,0;-0,02;0,0;-0,04;-0,01;0,0;0,0
29.07.2026;19:00;19:15;0,7;0,22;0,0;0,0;-0,14;-0,12;-0,1;0,0;0,0;0,0;-0,02;0,0;-0,44;-0,42;-0,03;-0,01;-0,07;-0,05;-0,02;0,0;-0,01;0,0;0,0;0,0;0,0;0,0;-0,03;-0,01;-0,07;-0,05;-0,06;-0,04;-0,03;-0,01;-0,04;-0,02;-0,03;-0,01;-0,31;-0,29;-0,02;0,0;-0,59;-0,57;-0,01;0,0;-0,01;0,0;-0,02;0,0;-0,01;0,0;-0,03;-0,01;0,0;0,0
29.07.2026;19:15;19:30;0,26;0,19;0,0;0,0;-0,05;-0,05;-0,14;-0,07;0,0;0,0;-0,02;-0,02;-0,29;-0,29;-0,02;-0,02;-0,08;-0,08;-0,01;-0,01;-0,02;-0,02;-0,02;-0,02;0,0;0,0;-0,02;-0,02;-0,04;-0,04;-0,01;-0,01;-0,03;-0,03;-0,05;-0,05;-0,03;-0,03;-0,21;-0,21;-0,01;-0,01;-0,04;-0,04;-0,04;-0,04;-0,01;-0,01;-0,02;-0,02;-0,01;-0,01;-0,04;-0,04;0,0;0,0
29.07.2026;19:30;19:45;0,0;0,0;0,0;0,0;-0,03;-0,03;-0,11;-0,11;0,0;0,0;-0,03;-0,03;-0,27;-0,27;-0,02;-0,02;-0,07;-0,07;0,0;0,0;-0,01;-0,01;0,0;0,0;0,0;0,0;-0,02;-0,02;-0,07;-0,07;-0,01;-0,01;-0,03;-0,03;-0,06;-0,06;-0,04;-0,04;-0,21;-0,21;-0,18;-0,18;-0,04;-0,04;-0,04;-0,04;-0,01;-0,01;-0,03;-0,03;-0,01;-0,01;-0,03;-0,03;0,0;0,0
29.07.2026;19:45;20:00;0,0;0,0;-0,01;-0,01;-0,03;-0,03;-0,12;-0,12;0,0;0,0;-0,03;-0,03;-0,09;-0,09;-0,01;-0,01;-0,07;-0,07;0,0;0,0;-0,02;-0,02;0,0;0,0;0,0;0,0;-0,03;-0,03;-0,05;-0,05;-0,02;-0,02;-0,02;-0,02;-0,05;-0,05;-0,02;-0,02;-0,2;-0,2;0,0;0,0;-0,04;-0,04;-0,04;-0,04;-0,02;-0,02;-0,02;-0,02;-0,02;-0,02;-0,04;-0,04;0,0;0,0
29.07.2026;20:00;20:15;0,07;0,07;0,0;0,0;-0,05;-0,05;-0,22;-0,22;0,0;0,0;-0,03;-0,03;-0,07;-0,07;-0,02;-0,02;-0,11;-0,11;-0,01;-0,01;-0,01;-0,01;-0,02;-0,02;0,0;0,0;-0,04;-0,04;-0,04;-0,04;-0,01;-0,01;-0,03;-0,03;-0,04;-0,04;-0,04;-0,04;-0,16;-0,16;-0,02;-0,02;-0,03;-0,03;-0,05;-0,05;-0,03;-0,03;-0,02;-0,02;-0,01;-0,01;-0,04;-0,04;0,0;0,0
29.07.2026;20:15;20:30;0,03;0,03;0,0;0,0;-0,05;-0,05;-0,15;-0,15;0,0;0,0;-0,01;-0,01;-0,06;-0,06;-0,06;-0,06;-0,06;-0,06;-0,03;-0,03;0,0;0,0;-0,01;-0,01;0,0;0,0;-0,4;-0,4;-0,03;-0,03;-0,26;-0,26;-0,04;-0,04;-0,04;-0,04;-0,02;-0,02;-0,03;-0,03;-0,02;-0,02;-0,08;-0,08;-0,03;-0,03;-0,01;-0,01;-0,02;-0,02;-0,01;-0,01;-0,17;-0,17;0,0;0,0
29.07.2026;20:30;20:45;0,01;0,01;0,0;0,0;-0,05;-0,05;-0,11;-0,11;0,0;0,0;-0,03;-0,03;-0,06;-0,06;-0,03;-0,03;-0,04;-0,04;-0,02;-0,02;0,0;0,0;0,0;0,0;0,0;0,0;-0,37;-0,37;-0,07;-0,07;-0,42;-0,42;-0,03;-0,03;-0,06;-0,06;-0,03;-0,03;-0,02;-0,02;-0,01;-0,01;-0,13;-0,13;-0,02;-0,02;-0,02;-0,02;-0,03;-0,03;-0,01;-0,01;-0,34;-0,34;0,0;0,0
29.07.2026;20:45;21:00;0,01;0,01;0,0;0,0;-0,04;-0,04;-0,09;-0,09;0,0;0,0;-0,03;-0,03;-0,06;-0,06;-0,04;-0,04;-0,18;-0,18;-0,01;-0,01;-0,01;-0,01;-0,01;-0,01;0,0;0,0;-0,12;-0,12;-0,05;-0,05;-0,05;-0,05;-0,03;-0,03;-0,07;-0,07;-0,04;-0,04;-0,02;-0,02;-0,01;-0,01;-0,35;-0,35;-0,02;-0,02;-0,02;-0,02;-0,02;-0,02;-0,01;-0,01;-0,28;-0,28;0,0;0,0
29.07.2026;21:00;21:15;0,0;0,0;-0,01;-0,01;-0,05;-0,05;-0,16;-0,16;0,0;0,0;-0,03;-0,03;-0,06;-0,06;-0,03;-0,03;-0,21;-0,21;-0,02;-0,02;-0,02;-0,02;-0,01;-0,01;-0,01;-0,01;-0,03;-0,03;-0,05;-0,05;-0,27;-0,27;-0,03;-0,03;-0,1;-0,1;-0,02;-0,02;-0,03;-0,03;-0,02;-0,02;-0,26;-0,26;-0,01;-0,01;-0,02;-0,02;-0,02;-0,02;-0,01;-0,01;-0,04;-0,04;0,0;0,0
29.07.2026;21:15;21:30;0,0;0,0;0,0;0,0;-0,03;-0,03;-0,16;-0,16;0,0;0,0;-0,01;-0,01;-0,06;-0,06;-0,04;-0,04;-0,16;-0,16;-0,01;-0,01;-0,01;-0,01;0,0;0,0;0,0;0,0;-0,03;-0,03;-0,06;-0,06;-0,14;-0,14;-0,02;-0,02;-0,08;-0,08;-0,04;-0,04;-0,02;-0,02;-0,02;-0,02;-0,2;-0,2;-0,01;-0,01;-0,03;-0,03;-0,02;-0,02;-0,02;-0,02;-0,03;-0,03;0,0;0,0
29.07.2026;21:30;21:45;0,0;0,0;0,0;0,0;-0,03;-0,03;-0,17;-0,17;0,0;0,0;-0,02;-0,02;-0,05;-0,05;-0,03;-0,03;-0,14;-0,14;-0,02;-0,02;-0,01;-0,01;-0,02;-0,02;0,0;0,0;-0,04;-0,04;-0,12;-0,12;-0,02;-0,02;-0,03;-0,03;-0,09;-0,09;-0,02;-0,02;-0,03;-0,03;-0,04;-0,04;-0,05;-0,05;-0,02;-0,02;-0,03;-0,03;-0,02;-0,02;-0,01;-0,01;-0,03;-0,03;0,0;0,0
29.07.2026;21:45;22:00;0,0;0,0;0,0;0,0;-0,03;-0,03;-0,19;-0,19;0,0;0,0;-0,03;-0,03;-0,04;-0,04;-0,04;-0,04;-0,1;-0,1;-0,01;-0,01;-0,02;-0,02;0,0;0,0;0,0;0,0;-0,04;-0,04;-0,06;-0,06;-0,01;-0,01;-0,04;-0,04;-0,08;-0,08;-0,02;-0,02;-0,03;-0,03;-0,01;-0,01;-0,03;-0,03;0,0;0,0;-0,02;-0,02;-0,03;-0,03;-0,02;-0,02;-0,04;-0,04;0,0;0,0
29.07.2026;22:00;22:15;0,0;0,0;-0,01;-0,01;-0,03;-0,03;-0,15;-0,15;0,0;0,0;-0,03;-0,03;-0,03;-0,03;-0,02;-0,02;-0,1;-0,1;-0,02;-0,02;-0,01;-0,01;-0,01;-0,01;0,0;0,0;-0,02;-0,02;-0,05;-0,05;-0,02;-0,02;-0,03;-0,03;-0,09;-0,09;-0,04;-0,04;-0,03;-0,03;-0,01;-0,01;-0,01;-0,01;-0,02;-0,02;-0,03;-0,03;-0,02;-0,02;-0,01;-0,01;-0,03;-0,03;0,0;0,0
29.07.2026;22:15;22:30;0,0;0,0;0,0;0,0;-0,04;-0,04;-0,19;-0,19;0,0;0,0;-0,03;-0,03;-0,04;-0,04;-0,03;-0,03;-0,03;-0,03;-0,03;-0,03;-0,01;-0,01;-0,01;-0,01;0,0;0,0;-0,03;-0,03;-0,05;-0,05;-0,01;-0,01;-0,02;-0,02;-0,1;-0,1;-0,01;-0,01;-0,04;-0,04;-0,01;-0,01;-0,01;-0,01;-0,01;-0,01;-0,03;-0,03;-0,02;-0,02;0,0;0,0;-0,03;-0,03;0,0;0,0
29.07.2026;22:30;22:45;0,0;0,0;0,0;0,0;-0,04;-0,04;-0,2;-0,2;-0,01;-0,01;-0,01;-0,01;-0,04;-0,04;-0,04;-0,04;-0,04;-0,04;-0,02;-0,02;0,0;0,0;0,0;0,0;0,0;0,0;-0,03;-0,03;-0,04;-0,04;-0,01;-0,01;-0,03;-0,03;-0,09;-0,09;-0,02;-0,02;-0,03;-0,03;-0,01;-0,01;-0,02;-0,02;-0,01;-0,01;-0,02;-0,02;-0,02;-0,02;-0,02;-0,02;-0,02;-0,02;0,0;0,0
29.07.2026;22:45;23:00;0,0;0,0;0,0;0,0;-0,03;-0,03;-0,18;-0,18;0,0;0,0;0,0;0,0;-0,04;-0,04;-0,02;-0,02;-0,03;-0,03;-0,02;-0,02;-0,01;-0,01;-0,01;-0,01;0,0;0,0;-0,01;-0,01;-0,05;-0,05;0,0;0,0;-0,02;-0,02;-0,07;-0,07;-0,01;-0,01;-0,03;-0,03;-0,01;-0,01;-0,03;-0,03;-0,01;-0,01;-0,02;-0,02;0,0;0,0;-0,01;-0,01;-0,01;-0,01;0,0;0,0
29.07.2026;23:00;23:15;0,0;0,0;-0,01;-0,01;-0,02;-0,02;-0,23;-0,23;0,0;0,0;-0,02;-0,02;-0,03;-0,03;-0,03;-0,03;-0,06;-0,06;0,0;0,0;0,0;0,0;-0,01;-0,01;0,0;0,0;0,0;0,0;-0,04;-0,04;-0,02;-0,02;-0,02;-0,02;-0,06;-0,06;-0,01;-0,01;-0,03;-0,03;-0,01;-0,01;-0,02;-0,02;-0,01;-0,01;-0,04;-0,04;-0,01;-0,01;-0,02;-0,02;-0,01;-0,01;0,0;0,0
29.07.2026;23:15;23:30;0,0;0,0;0,0;0,0;-0,01;-0,01;-0,21;-0,21;0,0;0,0;-0,03;-0,03;-0,04;-0,04;-0,03;-0,03;-0,19;-0,19;-0,01;-0,01;-0,02;-0,02;-0,01;-0,01;0,0;0,0;-0,02;-0,02;-0,05;-0,05;-0,02;-0,02;-0,02;-0,02;-0,08;-0,08;-0,01;-0,01;-0,04;-0,04;-0,01;-0,01;-0,01;-0,01;-0,01;-0,01;-0,03;-0,03;0,0;0,0;-0,01;-0,01;-0,01;-0,01;0,0;0,0
29.07.2026;23:30;23:45;0,0;0,0;0,0;0,0;-0,02;-0,02;-0,2;-0,2;0,0;0,0;-0,02;-0,02;-0,04;-0,04;-0,02;-0,02;-0,13;-0,13;0,0;0,0;-0,01;-0,01;0,0;0,0;0,0;0,0;-0,01;-0,01;-0,12;-0,12;-0,01;-0,01;-0,03;-0,03;-0,07;-0,07;-0,01;-0,01;-0,02;-0,02;-0,02;-0,02;-0,01;-0,01;-0,02;-0,02;-0,02;-0,02;-0,02;-0,02;-0,01;-0,01;-0,01;-0,01;0,0;0,0
29.07.2026;23:45;00:00;0,0;0,0;0,0;0,0;0,0;0,0;-0,18;-0,18;0,0;0,0;-0,02;-0,02;-0,04;-0,04;-0,04;-0,04;-0,02;-0,02;-0,01;-0,01;-0,02;-0,02;-0,02;-0,02;0,0;0,0;-0,01;-0,01;-0,05;-0,05;-0,01;-0,01;-0,03;-0,03;-0,08;-0,08;-0,02;-0,02;-0,03;-0,03;0,0;0,0;-0,02;-0,02;0,0;0,0;-0,02;-0,02;-0,02;-0,02;-0,01;-0,01;-0,01;-0,01;0,0;0,0
30.07.2026;00:00;00:15;0,0;0,0;0,0;0,0;0,0;0,0;-0,21;-0,21;0,0;0,0;-0,02;-0,02;-0,03;-0,03;-0,02;-0,02;-0,02;-0,02;-0,02;-0,02;-0,01;-0,01;0,0;0,0;0,0;0,0;-0,01;-0,01;-0,04;-0,04;-0,02;-0,02;-0,03;-0,03;-0,06;-0,06;0,0;0,0;-0,02;-0,02;-0,02;-0,02;-0,02;-0,02;-0,02;-0,02;-0,03;-0,03;-0,02;-0,02;-0,01;-0,01;-0,01;-0,01;0,0;0,0
30.07.2026;00:15;00:30;0,0;0,0;-0,01;-0,01;-0,01;-0,01;-0,06;-0,06;0,0;0,0;-0,03;-0,03;-0,04;-0,04;-0,04;-0,04;-0,01;-0,01;-0,02;-0,02;-0,02;-0,02;-0,01;-0,01;0,0;0,0;-0,02;-0,02;-0,04;-0,04;-0,01;-0,01;-0,02;-0,02;-0,05;-0,05;-0,01;-0,01;-0,03;-0,03;-0,01;-0,01;-0,01;-0,01;-0,01;-0,01;-0,03;-0,03;-0,02;-0,02;-0,01;-0,01;-0,01;-0,01;0,0;0,0
30.07.2026;00:30;00:45;0,0;0,0;0,0;0,0;-0,02;-0,02;-0,08;-0,08;0,0;0,0;-0,03;-0,03;-0,03;-0,03;-0,03;-0,03;-0,01;-0,01;-0,01;-0,01;-0,01;-0,01;-0,01;-0,01;0,0;0,0;0,0;0,0;-0,05;-0,05;-0,01;-0,01;-0,02;-0,02;-0,03;-0,03;-0,02;-0,02;-0,02;-0,02;0,0;0,0;-0,01;-0,01;-0,01;-0,01;-0,02;-0,02;-0,02;-0,02;-0,02;-0,02;-0,02;-0,02;0,0;0,0
30.07.2026;00:45;01:00;0,0;0,0;0,0;0,0;-0,01;-0,01;-0,07;-0,07;0,0;0,0;-0,02;-0,02;-0,04;-0,04;-0,03;-0,03;-0,02;-0,02;-0,01;-0,01;0,0;0,0;0,0;0,0;0,0;0,0;-0,01;-0,01;-0,04;-0,04;-0,02;-0,02;-0,01;-0,01;-0,02;-0,02;0,0;0,0;-0,02;-0,02;-0,02;-0,02;-0,01;-0,01;-0,01;-0,01;-0,03;-0,03;-0,02;-0,02;-0,01;-0,01;0,0;0,0;0,0;0,0
30.07.2026;01:00;01:15;0,0;0,0;0,0;0,0;-0,01;-0,01;-0,07;-0,07;0,0;0,0;-0,02;-0,02;-0,04;-0,04;-0,03;-0,03;-0,01;-0,01;0,0;0,0;0,0;0,0;-0,01;-0,01;0,0;0,0;-0,01;-0,01;-0,05;-0,05;-0,01;-0,01;-0,01;-0,01;-0,02;-0,02;-0,02;-0,02;-0,02;-0,02;-0,01;-0,01;-0,02;-0,02;-0,01;-0,01;-0,01;-0,01;-0,02;-0,02;-0,01;-0,01;-0,02;-0,02;0,0;0,0
30.07.2026;01:15;01:30;0,0;0,0;-0,01;-0,01;-0,02;-0,02;-0,08;-0,08;0,0;0,0;-0,13;-0,13;-0,03;-0,03;-0,01;-0,01;-0,02;-0,02;-0,01;-0,01;-0,01;-0,01;-0,01;-0,01;0,0;0,0;-0,02;-0,02;-0,05;-0,05;-0,02;-0,02;-0,01;-0,01;-0,02;-0,02;-0,01;-0,01;-0,03;-0,03;-0,01;-0,01;-0,03;-0,03;-0,01;-0,01;0,0;0,0;-0,01;-0,01;-0,01;-0,01;-0,01;-0,01;0,0;0,0
30.07.2026;01:30;01:45;0,0;0,0;0,0;0,0;-0,01;-0,01;-0,06;-0,06;0,0;0,0;-0,03;-0,03;-0,04;-0,04;-0,01;-0,01;-0,02;-0,02;0,0;0,0;-0,01;-0,01;-0,01;-0,01;0,0;0,0;0,0;0,0;-0,04;-0,04;-0,02;-0,02;-0,02;-0,02;-0,02;-0,02;0,0;0,0;-0,02;-0,02;-0,01;-0,01;-0,01;-0,01;-0,01;-0,01;-0,02;-0,02;-0,02;-0,02;-0,01;-0,01;-0,01;-0,01;0,0;0,0
30.07.2026;01:45;02:00;0,0;0,0;0,0;0,0;0,0;0,0;-0,06;-0,06;0,0;0,0;-0,02;-0,02;-0,04;-0,04;-0,01;-0,01;-0,01;-0,01;-0,02;-0,02;-0,02;-0,02;0,0;0,0;0,0;0,0;-0,01;-0,01;-0,04;-0,04;-0,01;-0,01;-0,03;-0,03;-0,01;-0,01;-0,02;-0,02;-0,02;-0,02;-0,01;-0,01;-0,01;-0,01;-0,01;-0,01;-0,01;-0,01;-0,02;-0,02;-0,01;-0,01;-0,01;-0,01;0,0;0,0
30.07.2026;02:00;02:15;0,0;0,0;0,0;0,0;-0,01;-0,01;-0,06;-0,06;0,0;0,0;-0,02;-0,02;-0,03;-0,03;-0,01;-0,01;-0,02;-0,02;-0,02;-0,02;-0,01;-0,01;-0,02;-0,02;-0,01;-0,01;-0,02;-0,02;-0,05;-0,05;-0,01;-0,01;-0,03;-0,03;0,0;0,0;-0,01;-0,01;-0,02;-0,02;-0,01;-0,01;-0,01;-0,01;-0,01;-0,01;-0,01;-0,01;-0,02;-0,02;-0,02;-0,02;-0,01;-0,01;0,0;0,0
30.07.2026;02:15;02:30;0,0;0,0;0,0;0,0;0,0;0,0;-0,06;-0,06;0,0;0,0;-0,02;-0,02;-0,04;-0,04;-0,01;-0,01;-0,02;-0,02;-0,02;-0,02;-0,02;-0,02;0,0;0,0;0,0;0,0;-0,01;-0,01;-0,05;-0,05;-0,01;-0,01;-0,03;-0,03;-0,02;-0,02;-0,01;-0,01;-0,03;-0,03;-0,01;-0,01;-0,02;-0,02;-0,01;-0,01;-0,01;-0,01;-0,02;-0,02;-0,01;-0,01;-0,01;-0,01;0,0;0,0
30.07.2026;02:30;02:45;0,0;0,0;-0,01;-0,01;-0,01;-0,01;-0,1;-0,1;0,0;0,0;-0,04;-0,04;-0,03;-0,03;0,0;0,0;-0,01;-0,01;0,0;0,0;-0,01;-0,01;0,0;0,0;0,0;0,0;0,0;0,0;-0,04;-0,04;-0,01;-0,01;-0,01;-0,01;-0,01;-0,01;-0,01;-0,01;-0,02;-0,02;-0,01;-0,01;-0,02;-0,02;-0,01;-0,01;-0,02;-0,02;-0,02;-0,02;-0,02;-0,02;-0,01;-0,01;0,0;0,0
30.07.2026;02:45;03:00;0,0;0,0;0,0;0,0;-0,02;-0,02;-0,12;-0,12;0,0;0,0;-0,02;-0,02;-0,04;-0,04;-0,05;-0,05;-0,02;-0,02;0,0;0,0;-0,01;-0,01;-0,02;-0,02;0,0;0,0;-0,01;-0,01;-0,03;-0,03;-0,01;-0,01;-0,02;-0,02;-0,02;-0,02;-0,01;-0,01;-0,02;-0,02;-0,01;-0,01;-0,01;-0,01;-0,02;-0,02;0,0;0,0;-0,02;-0,02;0,0;0,0;-0,01;-0,01;0,0;0,0
30.07.2026;03:00;03:15;0,0;0,0;0,0;0,0;-0,01;-0,01;-0,06;-0,06;0,0;0,0;-0,02;-0,02;-0,03;-0,03;-0,05;-0,05;-0,01;-0,01;-0,01;-0,01;0,0;0,0;0,0;0,0;0,0;0,0;-0,02;-0,02;-0,03;-0,03;-0,01;-0,01;-0,02;-0,02;-0,01;-0,01;-0,02;-0,02;-0,02;-0,02;-0,01;-0,01;-0,01;-0,01;0,0;0,0;-0,01;-0,01;-0,02;-0,02;-0,01;-0,01;-0,01;-0,01;0,0;0,0
30.07.2026;03:15;03:30;0,0;0,0;0,0;0,0;-0,02;-0,02;-0,07;-0,07;0,0;0,0;-0,01;-0,01;-0,04;-0,04;-0,02;-0,02;-0,02;-0,02;0,0;0,0;-0,01;-0,01;-0,01;-0,01;0,0;0,0;-0,01;-0,01;-0,09;-0,09;-0,01;-0,01;-0,01;-0,01;-0,01;-0,01;0,0;0,0;-0,03;-0,03;-0,01;-0,01;-0,01;-0,01;-0,02;-0,02;-0,02;-0,02;-0,02;-0,02;-0,01;-0,01;-0,01;-0,01;0,0;0,0
30.07.2026;03:30;03:45;0,0;0,0;-0,01;-0,01;0,0;0,0;-0,06;-0,06;-0,01;-0,01;-0,01;-0,01;-0,04;-0,04;-0,02;-0,02;-0,02;-0,02;-0,02;-0,02;0,0;0,0;-0,01;-0,01;0,0;0,0;0,0;0,0;-0,02;-0,02;-0,01;-0,01;-0,02;-0,02;0,0;0,0;-0,02;-0,02;-0,02;-0,02;-0,02;-0,02;-0,02;-0,02;-0,01;-0,01;-0,01;-0,01;-0,02;-0,02;-0,01;-0,01;-0,01;-0,01;0,0;0,0
30.07.2026;03:45;04:00;0,0;0,0;0,0;0,0;-0,01;-0,01;-0,06;-0,06;0,0;0,0;-0,01;-0,01;-0,03;-0,03;-0,02;-0,02;-0,01;-0,01;-0,02;-0,02;-0,02;-0,02;-0,01;-0,01;0,0;0,0;-0,01;-0,01;-0,02;-0,02;-0,01;-0,01;-0,01;-0,01;-0,02;-0,02;-0,01;-0,01;-0,02;-0,02;0,0;0,0;-0,03;-0,03;-0,01;-0,01;-0,01;-0,01;-0,02;-0,02;-0,02;-0,02;-0,01;-0,01;0,0;0,0
30.07.2026;04:00;04:15;0,0;0,0;0,0;0,0;0,0;0,0;-0,06;-0,06;0,0;0,0;0,0;0,0;-0,04;-0,04;-0,01;-0,01;-0,02;-0,02;-0,02;-0,02;-0,01;-0,01;0,0;0,0;0,0;0,0;-0,02;-0,02;-0,02;-0,02;-0,01;-0,01;-0,01;-0,01;-0,01;-0,01;0,0;0,0;-0,02;-0,02;-0,02;-0,02;-0,01;-0,01;-0,01;-0,01;-0,01;-0,01;-0,03;-0,03;-0,02;-0,02;-0,01;-0,01;0,0;0,0
30.07.2026;04:15;04:30;0,0;0,0;0,0;0,0;-0,01;-0,01;-0,05;-0,05;0,0;0,0;-0,01;-0,01;-0,05;-0,05;-0,01;-0,01;-0,01;-0,01;-0,01;-0,01;-0,02;-0,02;-0,01;-0,01;0,0;0,0;-0,01;-0,01;-0,02;-0,02;-0,01;-0,01;-0,02;-0,02;-0,02;-0,02;-0,03;-0,03;-0,02;-0,02;-0,01;-0,01;-0,01;-0,01;-0,01;-0,01;-0,01;-0,01;-0,02;-0,02;-0,01;-0,01;-0,01;-0,01;0,0;0,0
30.07.2026;04:30;04:45;0,0;0,0;0,0;0,0;-0,01;-0,01;-0,07;-0,07;0,0;0,0;-0,02;-0,02;-0,03;-0,03;-0,02;-0,02;-0,02;-0,02;0,0;0,0;-0,01;-0,01;-0,01;-0,01;0,0;0,0;0,0;0,0;-0,03;-0,03;-0,01;-0,01;-0,03;-0,03;-0,01;-0,01;0,0;0,0;-0,03;-0,03;0,0;0,0;-0,01;-0,01;-0,01;-0,01;-0,01;-0,01;-0,02;-0,02;0,0;0,0;-0,01;-0,01;0,0;0,0
30.07.2026;04:45;05:00;0,0;0,0;-0,01;-0,01;-0,01;-0,01;-0,06;-0,06;0,0;0,0;-0,02;-0,02;-0,04;-0,04;-0,01;-0,01;-0,02;-0,02;0,0;0,0;-0,02;-0,02;0,0;0,0;0,0;0,0;-0,01;-0,01;-0,02;-0,02;-0,01;-0,01;-0,03;-0,03;0,0;0,0;-0,01;-0,01;-0,02;-0,02;-0,02;-0,02;-0,02;-0,02;-0,01;-0,01;-0,02;-0,02;-0,02;-0,02;-0,02;-0,02;-0,03;-0,03;0,0;0,0
30.07.2026;05:00;05:15;0,0;0,0;0,0;0,0;-0,02;-0,02;-0,06;-0,06;0,0;0,0;-0,02;-0,02;-0,04;-0,04;-0,01;-0,01;0,0;0,0;-0,01;-0,01;-0,01;-0,01;-0,02;-0,02;0,0;0,0;-0,02;-0,02;-0,03;-0,03;-0,01;-0,01;-0,02;-0,02;-0,01;-0,01;-0,01;-0,01;-0,02;-0,02;-0,01;-0,01;-0,02;-0,02;-0,01;-0,01;0,0;0,0;-0,02;-0,02;-0,01;-0,01;-0,03;-0,03;0,0;0,0
30.07.2026;05:15;05:30;0,0;0,0;0,0;0,0;-0,01;-0,01;-0,09;-0,09;0,0;0,0;-0,02;-0,02;-0,04;-0,04;-0,01;-0,01;-0,02;-0,02;-0,02;-0,02;0,0;0,0;0,0;0,0;0,0;0,0;-0,01;-0,01;-0,01;-0,01;-0,01;-0,01;-0,01;-0,01;-0,02;-0,02;-0,01;-0,01;-0,02;-0,02;-0,01;-0,01;-0,01;-0,01;-0,01;-0,01;-0,01;-0,01;-0,02;-0,02;-0,01;-0,01;-0,03;-0,03;0,0;0,0
30.07.2026;05:30;05:45;0,0;0,0;0,0;0,0;-0,01;-0,01;-0,15;-0,15;0,0;0,0;-0,03;-0,03;-0,04;-0,04;-0,01;-0,01;-0,02;-0,02;-0,01;-0,01;0,0;0,0;-0,01;-0,01;0,0;0,0;-0,04;-0,04;-0,03;-0,03;-0,01;-0,01;-0,03;-0,03;-0,01;-0,01;-0,02;-0,02;-0,03;-0,03;-0,02;-0,02;-0,01;-0,01;-0,02;-0,02;-0,02;-0,02;-0,01;-0,01;-0,01;-0,01;-0,08;-0,08;0,0;0,0
30.07.2026;05:45;06:00;0,03;0,03;-0,01;-0,01;-0,01;-0,01;-0,17;-0,17;0,0;0,0;-0,03;-0,03;-0,05;-0,05;-0,01;-0,01;-0,01;-0,01;-0,02;-0,02;-0,01;-0,01;-0,01;-0,01;0,0;0,0;-0,01;-0,01;-0,02;-0,02;-0,01;-0,01;-0,02;-0,02;-0,01;-0,01;0,0;0,0;-0,02;-0,02;-0,01;-0,01;-0,01;-0,01;-0,01;-0,01;-0,01;-0,01;0,0;0,0;-0,02;-0,02;-0,01;-0,01;0,0;0,0
30.07.2026;06:00;06:15;0,06;0,06;0,0;0,0;-0,01;-0,01;-0,09;-0,09;0,0;0,0;-0,02;-0,02;-0,39;-0,39;-0,01;-0,01;-0,02;-0,02;-0,01;-0,01;-0,01;-0,01;-0,01;-0,01;0,0;0,0;-0,03;-0,03;-0,03;-0,03;-0,01;-0,01;-0,03;-0,03;-0,01;-0,01;-0,01;-0,01;-0,03;-0,03;-0,03;-0,03;-0,02;-0,02;-0,02;-0,02;0,0;0,0;-0,02;-0,02;-0,01;-0,01;-0,02;-0,02;0,0;0,0
30.07.2026;06:15;06:30;0,13;0,11;0,0;0,0;-0,05;-0,05;-0,12;-0,1;0,0;0,0;-0,01;-0,01;-0,06;-0,06;-0,01;-0,01;-0,01;-0,01;0,0;0,0;-0,02;-0,02;0,0;0,0;0,0;0,0;0,0;0,0;-0,01;-0,01;-0,02;-0,02;-0,03;-0,03;-0,01;-0,01;-0,04;-0,04;-0,02;-0,02;-0,03;-0,03;-0,03;-0,03;-0,01;-0,01;-0,02;-0,02;-0,02;-0,02;-0,03;-0,03;-0,01;-0,01;0,0;0,0
30.07.2026;06:30;06:45;0,21;0,16;0,0;0,0;-0,04;-0,04;-0,11;-0,06;0,0;0,0;-0,03;-0,03;-0,07;-0,07;-0,05;-0,05;-0,01;-0,01;0,0;0,0;-0,01;-0,01;-0,01;-0,01;0,0;0,0;-0,02;-0,02;0,0;0,0;-0,02;-0,02;-0,02;-0,02;-0,01;-0,01;-0,02;-0,02;-0,02;-0,02;-0,04;-0,04;-0,01;-0,01;-0,01;-0,01;-0,02;-0,02;-0,02;-0,02;-0,01;-0,01;-0,02;-0,02;0,0;0,0
30.07.2026;06:45;07:00;0,16;0,11;0,0;0,0;-0,03;-0,03;-0,18;-0,13;0,0;0,0;-0,03;-0,03;-0,06;-0,06;-0,02;-0,02;-0,04;-0,04;-0,01;-0,01;-0,02;-0,02;-0,01;-0,01;0,0;0,0;-0,02;-0,02;-0,11;-0,11;-0,15;-0,15;-0,02;-0,02;-0,05;-0,05;-0,03;-0,03;-0,09;-0,09;-0,02;-0,02;-0,01;-0,01;-0,02;-0,02;-0,01;-0,01;-0,01;-0,01;-0,02;-0,02;-0,01;-0,01;0,0;0,0
30.07.2026;07:00;07:15;0,0;0,0;-0,01;-0,01;-0,02;-0,02;-0,1;-0,1;0,0;0,0;-0,02;-0,02;-0,13;-0,13;-0,02;-0,02;0,0;0,0;-0,01;-0,01;-0,01;-0,01;-0,01;-0,01;-0,01;-0,01;0,0;0,0;-0,01;-0,01;-0,05;-0,05;-0,02;-0,02;-0,03;-0,03;-0,03;-0,03;-0,03;-0,03;-0,01;-0,01;-0,08;-0,08;-0,01;-0,01;-0,01;-0,01;-0,01;-0,01;-0,01;-0,01;-0,01;-0,01;0,0;0,0
30.07.2026;07:15;07:30;0,0;0,0;0,0;0,0;-0,02;-0,02;-0,1;-0,1;0,0;0,0;-0,02;-0,02;-0,07;-0,07;-0,03;-0,03;-0,02;-0,02;-0,02;-0,02;-0,01;-0,01;0,0;0,0;0,0;0,0;-0,01;-0,01;-0,01;-0,01;-0,04;-0,04;-0,03;-0,03;-0,01;-0,01;-0,02;-0,02;-0,03;-0,03;-0,01;-0,01;-0,04;-0,04;-0,01;-0,01;-0,01;-0,01;-0,05;-0,05;-0,01;-0,01;-0,01;-0,01;0,0;0,0
30.07.2026;07:30;07:45;0,51;0,2;0,0;0,0;-0,01;0,0;-0,12;-0,01;0,0;0,0;-0,03;-0,02;-0,07;-0,06;-0,01;0,0;-0,02;-0,01;-0,1;-0,09;0,0;0,0;-0,02;-0,01;0,0;0,0;-0,01;0,0;-0,01;0,0;-0,05;-0,04;-0,03;-0,02;0,0;0,0;-0,03;-0,02;-0,03;-0,02;-0,01;0,0;-0,02;-0,01;-0,01;0,0;-0,01;0,0;-0,01;0,0;-0,01;0,0;-0,01;0,0;0,0;0,0
30.07.2026;07:45;08:00;0,88;0,33;0,0;0,0;-0,02;0,0;-0,09;0,0;0,0;0,0;-0,03;0,0;-0,09;-0,02;-0,02;0,0;-0,01;0,0;-0,02;0,0;0,0;0,0;0,0;0,0;0,0;0,0;-0,02;0,0;-0,01;0,0;-0,04;0,0;-0,02;0,0;-0,01;0,0;-0,02;0,0;-0,02;0,0;-0,01;0,0;-0,16;-0,09;-0,01;0,0;-0,02;0,0;-0,02;0,0;-0,01;0,0;-0,01;0,0;0,0;0,0
30.07.2026;08:00;08:15;1,06;0,51;-0,01;0,0;0,0;0,0;-0,11;0,0;0,0;0,0;-0,03;0,0;-0,14;-0,06;-0,03;0,0;-0,01;0,0;0,0;0,0;-0,01;0,0;-0,01;0,0;0,0;0,0;-0,01;0,0;-0,01;0,0;-0,04;0,0;-0,01;0,0;-0,02;0,0;-0,04;0,0;-0,02;0,0;-0,01;0,0;-0,05;0,0;-0,01;0,0;-0,01;0,0;-0,01;0,0;-0,01;0,0;-0,01;0,0;0,0;0,0
30.07.2026;08:15;08:30;1,5;0,77;0,0;0,0;-0,01;0,0;-0,14;0,0;0,0;0,0;-0,02;0,0;-0,06;0,0;-0,03;0,0;-0,02;0,0;-0,07;0,0;-0,02;0,0;-0,01;0,0;0,0;0,0;0,0;0,0;-0,01;0,0;-0,02;0,0;0,0;0,0;-0,03;0,0;-0,04;0,0;-0,07;0,0;-0,01;0,0;-0,12;0,0;-0,01;0,0;-0,01;0,0;-0,01;0,0;-0,01;0,0;-0,01;0,0;0,0;0,0
30.07.2026;08:30;08:45;1,7;1,1;0,0;0,0;0,0;0,0;-0,07;0,0;-0,01;0,0;-0,03;0,0;-0,03;0,0;-0,03;0,0;-0,01;0,0;-0,01;0,0;-0,01;0,0;0,0;0,0;0,0;0,0;-0,01;0,0;-0,02;0,0;-0,01;0,0;-0,02;0,0;-0,02;0,0;-0,02;0,0;-0,02;0,0;-0,01;0,0;-0,33;-0,13;-0,01;0,0;-0,01;0,0;-0,02;0,0;-0,02;0,0;-0,01;0,0;0,0;0,0
30.07.2026;08:45;09:00;1,72;0,93;0,0;0,0;-0,01;0,0;-0,13;0,0;0,0;0,0;-0,08;0,0;-0,04;0,0;-0,02;0,0;-0,02;0,0;-0,02;0,0;-0,02;0,0;-0,01;0,0;0,0;0,0;-0,02;0,0;-0,03;0,0;-0,01;0,0;-0,01;0,0;-0,01;0,0;-0,19;-0,01;-0,02;0,0;-0,02;0,0;-0,09;0,0;-0,01;0,0;-0,01;0,0;-0,01;0,0;-0,01;0,0;-0,01;0,0;0,0;0,0
30.07.2026;09:00;09:15;2,09;1,57;-0,01;0,0;-0,01;0,0;-0,07;0,0;0,0;0,0;-0,01;0,0;-0,03;0,0;-0,02;0,0;-0,01;0,0;-0,01;0,0;-0,01;0,0;-0,02;0,0;0,0;0,0;-0,01;0,0;-0,16;0,0;-0,01;0,0;-0,01;0,0;-0,02;0,0;-0,02;0,0;-0,02;0,0;0,0;0,0;-0,02;0,0;-0,01;0,0;-0,01;0,0;-0,01;0,0;-0,01;0,0;-0,01;0,0;0,0;0,0
30.07.2026;09:15;09:30;2,34;1,72;0,0;0,0;-0,02;0,0;-0,06;0,0;0,0;0,0;-0,01;0,0;-0,04;0,0;-0,03;0,0;-0,01;0,0;-0,02;0,0;-0,02;0,0;0,0;0,0;0,0;0,0;0,0;0,0;-0,25;0,0;-0,01;0,0;0,0;0,0;-0,01;0,0;-0,02;0,0;-0,03;0,0;-0,02;0,0;-0,01;0,0;-0,01;0,0;-0,01;0,0;-0,02;0,0;-0,01;0,0;-0,01;0,0;0,0;0,0
30.07.2026;09:30;09:45;2,27;1,65;0,0;0,0;-0,01;0,0;-0,14;0,0;0,0;0,0;-0,01;0,0;-0,04;0,0;-0,04;0,0;-0,02;0,0;-0,01;0,0;-0,01;0,0;0,0;0,0;0,0;0,0;-0,01;0,0;-0,16;0,0;-0,01;0,0;0,0;0,0;-0,02;0,0;-0,04;0,0;-0,02;0,0;-0,01;0,0;-0,01;0,0;-0,01;0,0;-0,02;0,0;-0,01;0,0;-0,01;0,0;-0,01;0,0;0,0;0,0
30.07.2026;09:45;10:00;2,28;1,8;0,0;0,0;-0,01;0,0;-0,17;0,0;0,0;0,0;-0,01;0,0;-0,03;0,0;-0,02;0,0;-0,01;0,0;-0,02;0,0;0,0;0,0;-0,02;0,0;0,0;0,0;-0,02;0,0;-0,02;0,0;-0,01;0,0;-0,01;0,0;-0,01;0,0;-0,02;0,0;-0,02;0,0;-0,01;0,0;-0,02;0,0;-0,01;0,0;0,0;0,0;-0,02;0,0;-0,01;0,0;-0,01;0,0;0,0;0,0
30.07.2026;10:00;10:15;2,53;1,94;0,0;0,0;0,0;0,0;-0,19;0,0;0,0;0,0;-0,02;0,0;-0,02;0,0;-0,03;0,0;-0,02;0,0;-0,08;0,0;0,0;0,0;0,0;0,0;0,0;0,0;0,0;0,0;-0,02;0,0;-0,01;0,0;-0,01;0,0;0,0;0,0;-0,04;0,0;-0,02;0,0;-0,01;0,0;-0,03;0,0;-0,01;0,0;-0,02;0,0;-0,01;0,0;-0,03;0,0;-0,02;0,0;0,0;0,0
30.07.2026;10:15;10:30;3,0;2,39;-0,01;0,0;-0,01;0,0;-0,2;0,0;0,0;0,0;0,0;0,0;-0,04;0,0;-0,03;0,0;-0,02;0,0;-0,02;0,0;-0,01;0,0;-0,01;0,0;0,0;0,0;-0,01;0,0;-0,02;0,0;-0,01;0,0;-0,06;0,0;-0,01;0,0;-0,02;0,0;-0,03;0,0;-0,01;0,0;-0,01;0,0;-0,01;0,0;-0,01;0,0;-0,02;0,0;-0,04;0,0;0,0;0,0;0,0;0,0
30.07.2026;10:30;10:45;2,73;2,22;0,0;0,0;0,0;0,0;-0,16;0,0;0,0;0,0;-0,01;0,0;-0,03;0,0;0,0;0,0;0,0;0,0;-0,1;0,0;-0,02;0,0;-0,01;0,0;0,0;0,0;-0,01;0,0;-0,01;0,0;-0,01;0,0;-0,01;0,0;-0,01;0,0;-0,02;0,0;-0,02;0,0;-0,01;0,0;-0,01;0,0;-0,01;0,0;-0,01;0,0;-0,01;0,0;-0,02;0,0;-0,02;0,0;0,0;0,0
30.07.2026;10:45;11:00;0,98;0,49;0,0;0,0;-0,02;0,0;-0,13;0,0;0,0;0,0;-0,01;0,0;-0,04;0,0;-0,01;0,0;-0,02;0,0;-0,01;0,0;-0,01;0,0;-0,01;0,0;0,0;0,0;-0,02;0,0;-0,01;0,0;-0,01;0,0;-0,01;0,0;-0,02;0,0;-0,03;0,0;-0,02;0,0;-0,01;0,0;-0,01;0,0;-0,02;0,0;-0,01;0,0;-0,02;0,0;-0,03;0,0;-0,01;0,0;0,0;0,0
30.07.2026;11:00;11:15;0,57;0,17;0,0;0,0;-0,01;0,0;-0,12;-0,01;0,0;0,0;-0,02;0,0;-0,02;0,0;-0,01;0,0;-0,02;0,0;-0,03;-0,01;-0,02;0,0;0,0;0,0;0,0;0,0;0,0;0,0;-0,01;0,0;-0,01;0,0;-0,02;0,0;-0,01;0,0;-0,03;-0,01;-0,03;-0,01;-0,01;0,0;-0,02;0,0;0,0;0,0;-0,02;0,0;-0,02;0,0;-0,01;0,0;0,0;0,0;0,0;0,0
30.07.2026;11:15;11:30;2,76;2,26;-0,01;0,0;-0,02;0,0;-0,1;0,0;0,0;0,0;0,0;0,0;-0,03;0,0;-0,01;0,0;-0,01;0,0;-0,03;0,0;-0,01;0,0;-0,02;0,0;0,0;0,0;-0,01;0,0;-0,01;0,0;-0,01;0,0;-0,01;0,0;-0,01;0,0;-0,03;0,0;-0,07;0,0;-0,01;0,0;-0,02;0,0;-0,02;0,0;-0,01;0,0;-0,01;0,0;-0,02;0,0;-0,02;0,0;0,0;0,0
30.07.2026;11:30;11:45;3,75;3,31;0,0;0,0;0,0;0,0;-0,16;0,0;0,0;0,0;-0,01;0,0;-0,04;0,0;-0,01;0,0;-0,02;0,0;-0,03;0,0;-0,01;0,0;0,0;0,0;0,0;0,0;-0,01;0,0;-0,01;0,0;-0,01;0,0;-0,02;0,0;0,0;0,0;-0,02;0,0;-0,03;0,0;-0,01;0,0;-0,01;0,0;-0,01;0,0;0,0;0,0;-0,02;0,0;-0,01;0,0;0,0;0,0;0,0;0,0
30.07.2026;11:45;12:00;3,85;3,37;0,0;0,0;-0,01;0,0;-0,14;0,0;0,0;0,0;-0,01;0,0;-0,04;0,0;-0,01;0,0;-0,01;0,0;-0,03;0,0;-0,02;0,0;0,0;0,0;0,0;0,0;-0,01;0,0;-0,01;0,0;-0,02;0,0;-0,01;0,0;-0,02;0,0;-0,03;0,0;-0,02;0,0;-0,01;0,0;-0,01;0,0;-0,01;0,0;-0,02;0,0;-0,01;0,0;-0,02;0,0;-0,01;0,0;0,0;0,0
30.07.2026;12:00;12:15;3,89;3,12;0,0;0,0;0,0;0,0;-0,07;0,0;0,0;0,0;-0,38;0,0;-0,04;0,0;-0,01;0,0;-0,01;0,0;-0,03;0,0;0,0;0,0;-0,02;0,0;-0,01;0,0;-0,01;0,0;-0,01;0,0;-0,01;0,0;0,0;0,0;-0,01;0,0;-0,03;0,0;-0,03;0,0;-0,01;0,0;-0,02;0,0;-0,01;0,0;-0,01;0,0;-0,02;0,0;-0,01;0,0;-0,02;0,0;0,0;0,0
30.07.2026;12:15;12:30;3,92;3,44;0,0;0,0;-0,01;0,0;-0,08;0,0;0,0;0,0;-0,14;0,0;-0,05;0,0;0,0;0,0;-0,02;0,0;-0,02;0,0;0,0;0,0;0,0;0,0;0,0;0,0;-0,01;0,0;-0,01;0,0;-0,02;0,0;-0,01;0,0;-0,01;0,0;-0,02;0,0;-0,02;0,0;-0,01;0,0;-0,02;0,0;-0,01;0,0;-0,01;0,0;-0,01;0,0;0,0;0,0;0,0;0,0;0,0;0,0
30.07.2026;12:30;12:45;3,94;3,3;-0,01;0,0;-0,01;0,0;-0,18;0,0;0,0;0,0;-0,13;0,0;-0,03;0,0;-0,01;0,0;-0,01;0,0;-0,01;0,0;0,0;0,0;-0,01;0,0;0,0;0,0;-0,01;0,0;-0,01;0,0;-0,01;0,0;-0,01;0,0;-0,02;0,0;-0,04;0,0;-0,03;0,0;-0,01;0,0;-0,02;0,0;-0,01;0,0;-0,01;0,0;-0,02;0,0;-0,02;0,0;-0,02;0,0;0,0;0,0
30.07.2026;12:45;13:00;3,98;3,41;0,0;0,0;-0,02;0,0;-0,26;0,0;0,0;0,0;0,0;0,0;-0,04;0,0;-0,01;0,0;-0,02;0,0;-0,01;0,0;-0,02;0,0;-0,01;0,0;0,0;0,0;-0,01;0,0;-0,02;0,0;-0,01;0,0;-0,01;0,0;-0,01;0,0;-0,02;0,0;-0,02;0,0;-0,01;0,0;-0,01;0,0;-0,01;0,0;-0,02;0,0;-0,01;0,0;-0,01;0,0;-0,01;0,0;0,0;0,0
30.07.2026;13:00;13:15;4,03;3,3;0,0;0,0;-0,01;0,0;-0,15;0,0;0,0;0,0;-0,28;0,0;-0,04;0,0;-0,01;0,0;-0,01;0,0;0,0;0,0;-0,02;0,0;-0,01;0,0;0,0;0,0;0,0;0,0;-0,01;0,0;-0,01;0,0;-0,01;0,0;-0,04;0,0;-0,04;0,0;-0,02;0,0;-0,01;0,0;-0,01;0,0;-0,01;0,0;0,0;0,0;-0,02;0,0;-0,02;0,0;0,0;0,0;0,0;0,0
30.07.2026;13:15;13:30;4,07;3,53;0,0;0,0;-0,01;0,0;-0,08;0,0;0,0;0,0;-0,15;0,0;-0,04;0,0;-0,01;0,0;-0,01;0,0;-0,01;0,0;-0,01;0,0;0,0;0,0;0,0;0,0;-0,01;0,0;-0,02;0,0;-0,01;0,0;-0,01;0,0;-0,03;0,0;-0,02;0,0;-0,02;0,0;-0,01;0,0;-0,02;0,0;-0,01;0,0;-0,02;0,0;-0,01;0,0;-0,01;0,0;-0,02;0,0;0,0;0,0
30.07.2026;13:30;13:45;4,09;3,33;-0,01;0,0;-0,01;0,0;-0,09;0,0;-0,01;0,0;-0,32;0,0;-0,04;0,0;0,0;0,0;-0,02;0,0;-0,02;0,0;-0,02;0,0;-0,02;0,0;0,0;0,0;-0,02;0,0;-0,01;0,0;-0,01;0,0;-0,02;0,0;-0,02;0,0;-0,03;0,0;-0,03;0,0;-0,01;0,0;-0,02;0,0;-0,01;0,0;-0,01;0,0;0,0;0,0;-0,01;0,0;0,0;0,0;0,0;0,0
30.07.2026;13:45;14:00;4,04;3,36;0,0;0,0;0,0;0,0;-0,13;0,0;0,0;0,0;-0,27;0,0;-0,04;0,0;-0,02;0,0;-0,04;0,0;-0,02;0,0;-0,01;0,0;0,0;0,0;0,0;0,0;-0,01;0,0;0,0;0,0;-0,01;0,0;0,0;0,0;-0,02;0,0;-0,03;0,0;-0,02;0,0;-0,01;0,0;-0,01;0,0;-0,01;0,0;-0,01;0,0;0,0;0,0;-0,01;0,0;-0,01;0,0;0,0;0,0
30.07.2026;14:00;14:15;4,03;3,55;0,0;0,0;-0,01;0,0;-0,09;0,0;0,0;0,0;-0,1;0,0;-0,04;0,0;0,0;0,0;-0,02;0,0;-0,02;0,0;-0,01;0,0;0,0;0,0;0,0;0,0;0,0;0,0;-0,03;0,0;-0,01;0,0;-0,01;0,0;-0,02;0,0;-0,02;0,0;-0,02;0,0;-0,01;0,0;-0,01;0,0;-0,01;0,0;-0,01;0,0;-0,01;0,0;-0,01;0,0;-0,02;0,0;0,0;0,0
30.07.2026;14:15;14:30;2,89;1,97;0,0;0,0;-0,01;0,0;-0,13;0,0;0,0;0,0;-0,03;0,0;-0,03;0,0;-0,01;0,0;-0,02;0,0;0,0;0,0;-0,01;0,0;-0,02;0,0;0,0;0,0;-0,01;0,0;-0,44;-0,06;-0,01;0,0;0,0;0,0;-0,01;0,0;-0,04;0,0;-0,02;0,0;0,0;0,0;-0,03;0,0;-0,01;0,0;-0,02;0,0;-0,01;0,0;-0,12;0,0;0,0;0,0;0,0;0,0
30.07.2026;14:30;14:45;1,44;0,73;0,0;0,0;-0,01;0,0;-0,13;0,0;0,0;0,0;-0,03;0,0;-0,04;0,0;-0,01;0,0;-0,02;0,0;0,0;0,0;0,0;0,0;0,0;0,0;0,0;0,0;-0,02;0,0;-0,16;-0,02;-0,01;0,0;-0,02;0,0;-0,02;0,0;-0,02;0,0;-0,02;0,0;-0,01;0,0;-0,04;0,0;-0,01;0,0;0,0;0,0;-0,01;0,0;-0,2;-0,06;-0,01;0,0;0,0;0,0
30.07.2026;14:45;15:00;0,0;0,0;-0,01;-0,01;-0,02;-0,02;-0,1;-0,1;0,0;0,0;-0,03;-0,03;-0,04;-0,04;-0,01;-0,01;-0,02;-0,02;-0,01;-0,01;0,0;0,0;-0,01;-0,01;0,0;0,0;0,0;0,0;-0,02;-0,02;-0,01;-0,01;-0,01;-0,01;0,0;0,0;-0,04;-0,04;-0,04;-0,04;-0,01;-0,01;-0,02;-0,02;-0,01;-0,01;-0,01;-0,01;-0,02;-0,02;-0,21;-0,21;-0,01;-0,01;0,0;0,0
30.07.2026;15:00;15:15;1,93;1,21;0,0;0,0;-0,01;0,0;-0,2;0,0;0,0;0,0;0,0;0,0;-0,04;0,0;-0,01;0,0;-0,03;0,0;-0,01;0,0;-0,02;0,0;-0,01;0,0;0,0;0,0;-0,01;0,0;-0,02;0,0;-0,01;0,0;-0,01;0,0;-0,01;0,0;-0,03;0,0;-0,03;0,0;-0,02;0,0;-0,01;0,0;-0,01;0,0;-0,02;0,0;-0,01;0,0;-0,19;0,0;-0,01;0,0;0,0;0,0
30.07.2026;15:15;15:30;3,47;2,8;0,0;0,0;0,0;0,0;-0,11;0,0;0,0;0,0;-0,01;0,0;-0,03;0,0;-0,01;0,0;-0,07;0,0;-0,02;0,0;-0,01;0,0;-0,01;0,0;0,0;0,0;-0,02;0,0;-0,03;0,0;-0,01;0,0;-0,01;0,0;-0,01;0,0;-0,04;0,0;-0,02;0,0;-0,01;0,0;-0,02;0,0;-0,01;0,0;-0,01;0,0;-0,01;0,0;-0,18;0,0;-0,02;0,0;0,0;0,0
30.07.2026;15:30;15:45;3,29;2,44;0,0;0,0;-0,01;0,0;-0,13;0,0;0,0;0,0;-0,02;0,0;-0,04;0,0;0,0;0,0;-0,03;0,0;-0,02;0,0;-0,02;0,0;0,0;0,0;0,0;0,0;-0,23;0,0;-0,01;0,0;-0,01;0,0;-0,01;0,0;-0,02;0,0;-0,02;0,0;-0,02;0,0;-0,01;0,0;-0,03;0,0;-0,01;0,0;-0,01;0,0;-0,01;0,0;-0,18;0,0;-0,01;0,0;0,0;0,0
30.07.2026;15:45;16:00;3,13;2,17;-0,01;0,0;0,0;0,0;-0,11;0,0;0,0;0,0;-0,01;0,0;-0,04;0,0;-0,01;0,0;-0,05;0,0;-0,01;0,0;-0,01;0,0;-0,02;0,0;0,0;0,0;-0,26;0,0;-0,02;0,0;-0,02;0,0;-0,01;0,0;-0,01;0,0;-0,03;0,0;-0,02;0,0;-0,01;0,0;-0,01;0,0;-0,01;0,0;-0,09;0,0;-0,02;0,0;-0,17;0,0;-0,01;0,0;0,0;0,0
30.07.2026;16:00;16:15;2,97;2,15;0,0;0,0;-0,01;0,0;-0,1;0,0;0,0;0,0;0,0;0,0;-0,03;0,0;-0,01;0,0;-0,05;0,0;-0,01;0,0;-0,02;0,0;0,0;0,0;0,0;0,0;-0,02;0,0;-0,03;0,0;-0,01;0,0;-0,01;0,0;-0,01;0,0;-0,13;0,0;-0,04;0,0;-0,01;0,0;-0,01;0,0;-0,02;0,0;-0,09;0,0;-0,01;0,0;-0,18;0,0;-0,02;0,0;0,0;0,0
30.07.2026;16:15;16:30;2,82;2,01;0,0;0,0;-0,02;0,0;-0,11;0,0;0,0;0,0;-0,01;0,0;-0,04;0,0;0,0;0,0;-0,09;0,0;0,0;0,0;-0,01;0,0;-0,01;0,0;0,0;0,0;-0,02;0,0;-0,05;0,0;-0,02;0,0;-0,01;0,0;-0,01;0,0;-0,04;0,0;-0,02;0,0;-0,01;0,0;-0,04;0,0;0,0;0,0;-0,04;0,0;-0,01;0,0;-0,25;0,0;0,0;0,0;0,0;0,0
30.07.2026;16:30;16:45;2,63;1,51;0,0;0,0;-0,01;0,0;-0,16;0,0;0,0;0,0;-0,02;0,0;-0,04;0,0;-0,02;0,0;-0,04;0,0;0,0;0,0;-0,01;0,0;-0,01;0,0;0,0;0,0;-0,03;0,0;-0,02;0,0;-0,12;0,0;0,0;0,0;-0,01;0,0;-0,04;0,0;-0,05;0,0;-0,01;0,0;-0,37;-0,07;-0,02;0,0;-0,02;0,0;-0,01;0,0;-0,17;0,0;-0,01;0,0;0,0;0,0
30.07.2026;16:45;17:00;2,47;1,5;0,0;0,0;-0,02;0,0;-0,1;0,0;0,0;0,0;-0,01;0,0;-0,03;0,0;0,0;0,0;-0,04;0,0;-0,02;0,0;0,0;0,0;-0,01;0,0;0,0;0,0;-0,03;0,0;-0,01;0,0;-0,31;-0,02;-0,01;0,0;-0,01;0,0;-0,03;0,0;-0,06;0,0;-0,01;0,0;-0,05;0,0;-0,01;0,0;-0,03;0,0;-0,01;0,0;-0,18;0,0;-0,01;0,0;0,0;0,0
30.07.2026;17:00;17:15;2,26;1,3;-0,01;0,0;0,0;0,0;-0,23;0,0;0,0;0,0;-0,01;0,0;-0,04;0,0;-0,01;0,0;-0,17;0,0;-0,02;0,0;-0,01;0,0;0,0;0,0;-0,01;0,0;-0,02;0,0;-0,03;0,0;-0,06;0,0;-0,01;0,0;-0,02;0,0;-0,03;0,0;-0,06;0,0;-0,01;0,0;-0,04;0,0;0,0;0,0;-0,02;0,0;-0,02;0,0;-0,12;0,0;-0,01;0,0;0,0;0,0
30.07.2026;17:15;17:30;2,05;0,99;0,0;0,0;0,0;0,0;-0,19;0,0;0,0;0,0;0,0;0,0;-0,03;0,0;-0,01;0,0;-0,32;-0,11;-0,01;0,0;0,0;0,0;-0,01;0,0;0,0;0,0;-0,32;-0,11;-0,03;0,0;-0,06;0,0;-0,02;0,0;-0,01;0,0;-0,03;0,0;-0,05;0,0;-0,01;0,0;-0,09;0,0;-0,02;0,0;-0,02;0,0;-0,02;0,0;-0,01;0,0;-0,02;0,0;0,0;0,0
30.07.2026;17:30;17:45;1,78;0,84;0,0;0,0;-0,01;0,0;-0,27;0,0;0,0;0,0;-0,01;0,0;-0,04;0,0;-0,01;0,0;-0,05;0,0;-0,02;0,0;-0,02;0,0;-0,01;0,0;0,0;0,0;-0,04;0,0;-0,05;0,0;-0,07;0,0;-0,01;0,0;-0,01;0,0;-0,03;0,0;-0,05;0,0;-0,01;0,0;-0,23;-0,05;-0,01;0,0;-0,02;0,0;-0,01;0,0;-0,01;0,0;0,0;0,0;0,0;0,0
30.07.2026;17:45;18:00;1,59;0,52;0,0;0,0;-0,1;0,0;-0,28;0,0;0,0;0,0;-0,02;0,0;-0,04;0,0;-0,01;0,0;-0,33;-0,2;0,0;0,0;-0,02;0,0;0,0;0,0;0,0;0,0;-0,04;0,0;-0,04;0,0;-0,04;0,0;-0,01;0,0;0,0;0,0;-0,06;0,0;-0,05;0,0;-0,01;0,0;-0,36;-0,23;-0,01;0,0;-0,03;0,0;-0,02;0,0;-0,02;0,0;-0,01;0,0;0,0;0,0
30.07.2026;18:00;18:15;1,12;0,41;-0,01;0,0;-0,24;-0,16;-0,17;0,0;0,0;0,0;-0,01;0,0;-0,03;0,0;0,0;0,0;-0,04;0,0;0,0;0,0;-0,01;0,0;-0,02;0,0;0,0;0,0;-0,07;0,0;-0,04;0,0;-0,03;0,0;0,0;0,0;-0,01;0,0;-0,03;0,0;-0,05;0,0;-0,01;0,0;-0,02;0,0;-0,01;0,0;-0,02;0,0;-0,01;0,0;-0,02;0,0;-0,02;0,0;0,0;0,0
30.07.2026;18:15;18:30;0,08;0,08;0,0;0,0;-0,23;-0,23;-0,18;-0,18;0,0;0,0;-0,01;-0,01;-0,04;-0,04;-0,01;-0,01;-0,03;-0,03;-0,01;-0,01;-0,01;-0,01;0,0;0,0;0,0;0,0;-0,05;-0,05;-0,04;-0,04;-0,04;-0,04;0,0;0,0;-0,03;-0,03;-0,02;-0,02;-0,05;-0,05;-0,01;-0,01;-0,02;-0,02;-0,01;-0,01;-0,02;-0,02;-0,02;-0,02;-0,27;-0,27;0,0;0,0;0,0;0,0
30.07.2026;18:30;18:45;0,0;0,0;0,0;0,0;-0,21;-0,21;-0,15;-0,15;-0,01;-0,01;0,0;0,0;-0,03;-0,03;-0,24;-0,24;-0,23;-0,23;-0,01;-0,01;-0,02;-0,02;-0,01;-0,01;0,0;0,0;-0,05;-0,05;-0,04;-0,04;-0,03;-0,03;-0,02;-0,02;-0,03;-0,03;-0,03;-0,03;-0,06;-0,06;-0,02;-0,02;-0,04;-0,04;-0,01;-0,01;-0,02;-0,02;-0,02;-0,02;-0,24;-0,24;-0,02;-0,02;0,0;0,0
30.07.2026;18:45;19:00;0,0;0,0;0,0;0,0;-0,32;-0,32;-0,11;-0,11;0,0;0,0;-0,02;-0,02;-0,04;-0,04;-0,12;-0,12;-0,19;-0,19;-0,02;-0,02;-0,01;-0,01;-0,01;-0,01;0,0;0,0;-0,27;-0,27;-0,04;-0,04;-0,24;-0,24;-0,01;-0,01;-0,07;-0,07;-0,03;-0,03;-0,04;-0,04;-0,37;-0,37;-0,18;-0,18;-0,01;-0,01;-0,01;-0,01;-0,02;-0,02;-0,53;-0,53;-0,01;-0,01;0,0;0,0
30.07.2026;19:00;19:15;0,6;0,15;-0,01;0,0;-0,27;-0,25;-0,18;-0,09;0,0;0,0;-0,01;0,0;-0,03;-0,01;-0,06;-0,04;-0,04;-0,02;-0,02;0,0;-0,01;0,0;-0,01;0,0;0,0;0,0;-0,04;-0,02;-0,04;-0,02;-0,37;-0,35;-0,01;0,0;-0,07;-0,05;-0,03;-0,01;-0,04;-0,02;-0,03;-0,01;-0,4;-0,38;-0,01;0,0;-0,01;0,0;-0,01;0,0;-0,3;-0,28;0,0;0,0;0,0;0,0
30.07.2026;19:15;19:30;0,42;0,15;0,0;0,0;-0,2;-0,19;-0,11;-0,04;0,0;0,0;-0,01;0,0;-0,02;-0,01;-0,22;-0,21;-0,3;-0,29;-0,01;0,0;0,0;0,0;0,0;0,0;0,0;0,0;-0,04;-0,03;-0,09;-0,08;-0,03;-0,02;-0,01;0,0;-0,06;-0,05;-0,02;-0,01;-0,05;-0,04;-0,03;-0,02;-0,19;-0,18;-0,01;0,0;-0,01;0,0;-0,02;-0,01;-0,27;-0,26;-0,02;-0,01;0,0;0,0
30.07.2026;19:30;19:45;0,29;0,09;0,0;0,0;-0,09;-0,08;-0,1;-0,08;0,0;0,0;-0,01;0,0;-0,04;-0,03;-0,34;-0,33;-0,05;-0,04;0,0;0,0;0,0;0,0;-0,01;0,0;0,0;0,0;-0,04;-0,03;-0,04;-0,03;-0,04;-0,03;0,0;0,0;-0,06;-0,05;-0,03;-0,02;-0,07;-0,06;-0,03;-0,02;-0,06;-0,05;-0,01;0,0;-0,02;-0,01;-0,01;0,0;-0,23;-0,22;0,0;0,0;0,0;0,0
30.07.2026;19:45;20:00;0,15;0,11;0,0;0,0;-0,03;-0,03;-0,23;-0,19;0,0;0,0;0,0;0,0;-0,03;-0,03;-0,26;-0,26;-0,03;-0,03;-0,01;-0,01;-0,01;-0,01;-0,01;-0,01;0,0;0,0;-0,07;-0,07;-0,03;-0,03;-0,04;-0,04;-0,01;-0,01;-0,1;-0,1;-0,03;-0,03;-0,07;-0,07;-0,02;-0,02;-0,05;-0,05;-0,02;-0,02;-0,01;-0,01;-0,03;-0,03;-0,21;-0,21;-0,02;-0,02;0,0;0,0
30.07.2026;20:00;20:15;0,07;0,07;0,0;0,0;-0,02;-0,02;-0,23;-0,23;0,0;0,0;-0,02;-0,02;-0,04;-0,04;-0,5;-0,5;-0,02;-0,02;0,0;0,0;-0,02;-0,02;0,0;0,0;0,0;0,0;-0,04;-0,04;-0,03;-0,03;-0,03;-0,03;-0,01;-0,01;-0,08;-0,08;-0,03;-0,03;-0,05;-0,05;-0,04;-0,04;-0,04;-0,04;-0,04;-0,04;-0,01;-0,01;-0,01;-0,01;-0,22;-0,22;-0,01;-0,01;0,0;0,0
30.07.2026;20:15;20:30;0,02;0,02;-0,01;-0,01;-0,06;-0,06;-0,12;-0,12;0,0;0,0;-0,01;-0,01;-0,04;-0,04;-0,08;-0,08;-0,02;-0,02;-0,02;-0,02;-0,02;-0,02;-0,02;-0,02;0,0;0,0;-0,03;-0,03;-0,04;-0,04;-0,05;-0,05;-0,01;-0,01;-0,08;-0,08;-0,03;-0,03;-0,06;-0,06;-0,43;-0,43;-0,04;-0,04;-0,04;-0,04;-0,02;-0,02;-0,01;-0,01;-0,38;-0,38;0,0;0,0;0,0;0,0
30.07.2026;20:30;20:45;0,01;0,01;0,0;0,0;-0,03;-0,03;-0,12;-0,12;0,0;0,0;-0,01;-0,01;-0,05;-0,05;-0,11;-0,11;-0,03;-0,03;-0,01;-0,01;-0,01;-0,01;-0,01;-0,01;0,0;0,0;-0,02;-0,02;-0,03;-0,03;-0,04;-0,04;-0,01;-0,01;-0,1;-0,1;-0,03;-0,03;-0,05;-0,05;-0,72;-0,72;-0,06;-0,06;-0,07;-0,07;-0,01;-0,01;-0,01;-0,01;-0,26;-0,26;-0,02;-0,02;0,0;0,0
30.07.2026;20:45;21:00;0,01;0,01;0,0;0,0;-0,03;-0,03;-0,14;-0,14;0,0;0,0;0,0;0,0;-0,03;-0,03;-0,3;-0,3;-0,02;-0,02;-0,02;-0,02;-0,01;-0,01;0,0;0,0;0,0;0,0;-0,13;-0,13;-0,03;-0,03;-0,01;-0,01;0,0;0,0;-0,1;-0,1;-0,04;-0,04;-0,03;-0,03;-0,62;-0,62;-0,05;-0,05;-0,04;-0,04;-0,02;-0,02;-0,02;-0,02;-0,16;-0,16;-0,02;-0,02;0,0;0,0
30.07.2026;21:00;21:15;0,0;0,0;0,0;0,0;-0,03;-0,03;-0,13;-0,13;0,0;0,0;-0,02;-0,02;-0,05;-0,05;-0,27;-0,27;-0,02;-0,02;-0,01;-0,01;-0,02;-0,02;-0,01;-0,01;0,0;0,0;-0,3;-0,3;-0,04;-0,04;-0,01;-0,01;-0,01;-0,01;-0,09;-0,09;-0,03;-0,03;-0,04;-0,04;-0,43;-0,43;-0,03;-0,03;-0,05;-0,05;-0,02;-0,02;-0,13;-0,13;-0,17;-0,17;-0,02;-0,02;0,0;0,0
30.07.2026;21:15;21:30;0,0;0,0;-0,01;-0,01;-0,03;-0,03;-0,12;-0,12;0,0;0,0;-0,01;-0,01;-0,04;-0,04;-0,1;-0,1;-0,02;-0,02;-0,01;-0,01;-0,01;-0,01;-0,01;-0,01;0,0;0,0;-0,44;-0,44;-0,04;-0,04;-0,01;-0,01;-0,01;-0,01;-0,09;-0,09;-0,03;-0,03;-0,04;-0,04;-0,11;-0,11;-0,04;-0,04;-0,02;-0,02;-0,02;-0,02;-0,17;-0,17;-0,03;-0,03;-0,12;-0,12;0,0;0,0
30.07.2026;21:30;21:45;0,0;0,0;0,0;0,0;-0,03;-0,03;-0,11;-0,11;0,0;0,0;-0,01;-0,01;-0,04;-0,04;-0,14;-0,14;-0,02;-0,02;0,0;0,0;0,0;0,0;0,0;0,0;0,0;0,0;-0,03;-0,03;-0,09;-0,09;-0,02;-0,02;-0,01;-0,01;-0,1;-0,1;-0,03;-0,03;-0,05;-0,05;-0,11;-0,11;-0,03;-0,03;-0,01;-0,01;-0,03;-0,03;-0,14;-0,14;-0,04;-0,04;-0,03;-0,03;0,0;0,0
30.07.2026;21:45;22:00;0,0;0,0;0,0;0,0;-0,03;-0,03;-0,25;-0,25;0,0;0,0;-0,01;-0,01;-0,04;-0,04;-0,11;-0,11;-0,02;-0,02;0,0;0,0;0,0;0,0;-0,01;-0,01;0,0;0,0;-0,03;-0,03;-0,05;-0,05;-0,05;-0,05;-0,01;-0,01;-0,09;-0,09;-0,03;-0,03;-0,04;-0,04;-0,06;-0,06;-0,02;-0,02;-0,01;-0,01;-0,01;-0,01;-0,1;-0,1;-0,04;-0,04;-0,04;-0,04;0,0;0,0
30.07.2026;22:00;22:15;0,0;0,0;0,0;0,0;-0,02;-0,02;-0,18;-0,18;0,0;0,0;0,0;0,0;-0,04;-0,04;-0,1;-0,1;-0,02;-0,02;-0,02;-0,02;-0,01;-0,01;-0,01;-0,01;-0,01;-0,01;-0,04;-0,04;-0,05;-0,05;-0,29;-0,29;-0,01;-0,01;-0,09;-0,09;-0,03;-0,03;-0,05;-0,05;-0,06;-0,06;-0,02;-0,02;-0,01;-0,01;-0,02;-0,02;-0,06;-0,06;-0,05;-0,05;-0,01;-0,01;0,0;0,0
30.07.2026;22:15;22:30;0,0;0,0;0,0;0,0;-0,01;-0,01;-0,18;-0,18;0,0;0,0;-0,02;-0,02;-0,04;-0,04;-0,09;-0,09;-0,02;-0,02;-0,02;-0,02;-0,02;-0,02;-0,01;-0,01;0,0;0,0;-0,02;-0,02;-0,15;-0,15;-0,06;-0,06;-0,01;-0,01;-0,09;-0,09;0,0;0,0;-0,09;-0,09;-0,03;-0,03;-0,02;-0,02;-0,02;-0,02;-0,02;-0,02;-0,07;-0,07;-0,04;-0,04;-0,01;-0,01;0,0;0,0
30.07.2026;22:30;22:45;0,0;0,0;-0,01;-0,01;-0,02;-0,02;-0,12;-0,12;0,0;0,0;-0,01;-0,01;-0,04;-0,04;-0,04;-0,04;-0,01;-0,01;-0,02;-0,02;-0,01;-0,01;-0,01;-0,01;0,0;0,0;-0,02;-0,02;-0,05;-0,05;-0,06;-0,06;-0,03;-0,03;-0,09;-0,09;-0,02;-0,02;-0,04;-0,04;0,0;0,0;-0,02;-0,02;-0,01;-0,01;-0,02;-0,02;-0,07;-0,07;-0,11;-0,11;-0,01;-0,01;0,0;0,0
30.07.2026;22:45;23:00;0,0;0,0;0,0;0,0;-0,02;-0,02;-0,11;-0,11;0,0;0,0;-0,01;-0,01;-0,04;-0,04;-0,03;-0,03;-0,01;-0,01;-0,01;-0,01;-0,02;-0,02;-0,01;-0,01;0,0;0,0;-0,02;-0,02;-0,05;-0,05;-0,25;-0,25;-0,02;-0,02;-0,1;-0,1;-0,01;-0,01;-0,05;-0,05;-0,02;-0,02;-0,03;-0,03;-0,01;-0,01;-0,01;-0,01;-0,06;-0,06;-0,14;-0,14;-0,02;-0,02;0,0;0,0
30.07.2026;23:00;23:15;0,0;0,0;0,0;0,0;-0,01;-0,01;-0,12;-0,12;0,0;0,0;0,0;0,0;-0,04;-0,04;-0,03;-0,03;-0,02;-0,02;0,0;0,0;-0,01;-0,01;0,0;0,0;0,0;0,0;-0,02;-0,02;-0,04;-0,04;-0,09;-0,09;-0,03;-0,03;-0,08;-0,08;-0,02;-0,02;-0,03;-0,03;-0,01;-0,01;-0,01;-0,01;-0,01;-0,01;-0,15;-0,15;-0,07;-0,07;-0,12;-0,12;0,0;0,0;0,0;0,0
30.07.2026;23:15;23:30;0,0;0,0;0,0;0,0;-0,02;-0,02;-0,08;-0,08;0,0;0,0;-0,01;-0,01;-0,03;-0,03;-0,04;-0,04;-0,02;-0,02;0,0;0,0;-0,01;-0,01;-0,01;-0,01;0,0;0,0;-0,01;-0,01;-0,05;-0,05;-0,2;-0,2;-0,01;-0,01;-0,08;-0,08;-0,01;-0,01;-0,03;-0,03;0,0;0,0;-0,01;-0,01;-0,01;-0,01;-0,35;-0,35;-0,06;-0,06;-0,11;-0,11;-0,02;-0,02;0,0;0,0
30.07.2026;23:30;23:45;0,0;0,0;-0,01;-0,01;-0,01;-0,01;-0,09;-0,09;-0,01;-0,01;-0,02;-0,02;-0,04;-0,04;-0,03;-0,03;-0,01;-0,01;-0,01;-0,01;-0,02;-0,02;-0,01;-0,01;0,0;0,0;0,0;0,0;-0,04;-0,04;-0,03;-0,03;-0,02;-0,02;-0,08;-0,08;0,0;0,0;-0,02;-0,02;-0,01;-0,01;-0,03;-0,03;-0,01;-0,01;-0,04;-0,04;-0,06;-0,06;-0,02;-0,02;-0,01;-0,01;0,0;0,0
30.07.2026;23:45;00:00;0,0;0,0;0,0;0,0;-0,02;-0,02;-0,08;-0,08;0,0;0,0;-0,01;-0,01;-0,04;-0,04;-0,04;-0,04;-0,02;-0,02;-0,01;-0,01;0,0;0,0;0,0;0,0;0,0;0,0;-0,02;-0,02;-0,05;-0,05;-0,02;-0,02;-0,03;-0,03;-0,09;-0,09;-0,02;-0,02;-0,02;-0,02;-0,01;-0,01;-0,02;-0,02;-0,01;-0,01;-0,09;-0,09;-0,06;-0,06;-0,02;-0,02;-0,01;-0,01;0,0;0,0
31.07.2026;00:00;00:15;0,0;0,0;0,0;0,0;-0,03;-0,03;-0,15;-0,15;0,0;0,0;0,0;0,0;-0,03;-0,03;-0,04;-0,04;-0,02;-0,02;-0,02;-0,02;0,0;0,0;-0,01;-0,01;0,0;0,0;-0,01;-0,01;-0,03;-0,03;-0,01;-0,01;-0,03;-0,03;-0,1;-0,1;-0,01;-0,01;-0,02;-0,02;-0,01;-0,01;-0,02;-0,02;-0,01;-0,01;-0,19;-0,19;-0,06;-0,06;-0,01;-0,01;-0,01;-0,01;0,0;0,0
31.07.2026;00:15;00:30;0,0;0,0;0,0;0,0;-0,02;-0,02;-0,17;-0,17;0,0;0,0;-0,01;-0,01;-0,04;-0,04;-0,04;-0,04;-0,02;-0,02;-0,02;-0,02;-0,01;-0,01;-0,01;-0,01;0,0;0,0;0,0;0,0;-0,02;-0,02;-0,02;-0,02;-0,02;-0,02;-0,08;-0,08;-0,02;-0,02;-0,03;-0,03;-0,01;-0,01;-0,01;-0,01;-0,01;-0,01;-0,02;-0,02;-0,05;-0,05;-0,01;-0,01;-0,01;-0,01;0,0;0,0
31.07.2026;00:30;00:45;0,0;0,0;0,0;0,0;-0,03;-0,03;-0,11;-0,11;0,0;0,0;-0,01;-0,01;-0,04;-0,04;-0,02;-0,02;-0,01;-0,01;-0,01;-0,01;-0,01;-0,01;-0,01;-0,01;0,0;0,0;-0,01;-0,01;-0,01;-0,01;-0,01;-0,01;-0,02;-0,02;-0,09;-0,09;-0,01;-0,01;-0,02;-0,02;-0,01;-0,01;-0,03;-0,03;-0,01;-0,01;-0,01;-0,01;-0,06;-0,06;-0,01;-0,01;-0,01;-0,01;0,0;0,0
31.07.2026;00:45;01:00;0,0;0,0;-0,01;-0,01;-0,02;-0,02;-0,15;-0,15;0,0;0,0;-0,02;-0,02;-0,03;-0,03;-0,01;-0,01;-0,02;-0,02;0,0;0,0;-0,02;-0,02;-0,01;-0,01;0,0;0,0;-0,02;-0,02;-0,02;-0,02;-0,01;-0,01;-0,02;-0,02;-0,06;-0,06;0,0;0,0;-0,02;-0,02;-0,01;-0,01;-0,02;-0,02;-0,01;-0,01;-0,01;-0,01;-0,06;-0,06;-0,01;-0,01;-0,01;-0,01;0,0;0,0
31.07.2026;01:00;01:15;0,0;0,0;0,0;0,0;-0,03;-0,03;-0,14;-0,14;0,0;0,0;-0,01;-0,01;-0,04;-0,04;-0,02;-0,02;-0,02;-0,02;-0,01;-0,01;-0,01;-0,01;-0,01;-0,01;0,0;0,0;-0,01;-0,01;-0,02;-0,02;-0,02;-0,02;-0,03;-0,03;-0,07;-0,07;-0,02;-0,02;-0,02;-0,02;-0,01;-0,01;-0,01;-0,01;-0,01;-0,01;-0,02;-0,02;-0,06;-0,06;-0,01;-0,01;-0,01;-0,01;0,0;0,0
31.07.2026;01:15;01:30;0,0;0,0;0,0;0,0;-0,01;-0,01;-0,13;-0,13;0,0;0,0;0,0;0,0;-0,03;-0,03;-0,01;-0,01;-0,02;-0,02;0,0;0,0;-0,02;-0,02;0,0;0,0;0,0;0,0;0,0;0,0;-0,03;-0,03;-0,01;-0,01;-0,02;-0,02;-0,06;-0,06;-0,01;-0,01;-0,02;-0,02;-0,01;-0,01;-0,01;-0,01;-0,01;-0,01;-0,01;-0,01;-0,06;-0,06;-0,02;-0,02;-0,01;-0,01;0,0;0,0
31.07.2026;01:30;01:45;0,0;0,0;0,0;0,0;0,0;0,0;-0,14;-0,14;0,0;0,0;-0,01;-0,01;-0,04;-0,04;-0,02;-0,02;-0,01;-0,01;-0,02;-0,02;-0,01;-0,01;-0,01;-0,01;0,0;0,0;-0,01;-0,01;-0,09;-0,09;-0,01;-0,01;-0,03;-0,03;-0,04;-0,04;-0,02;-0,02;-0,02;-0,02;-0,01;-0,01;-0,03;-0,03;-0,01;-0,01;0,0;0,0;-0,06;-0,06;-0,01;-0,01;-0,01;-0,01;0,0;0,0
31.07.2026;01:45;02:00;0,0;0,0;-0,01;-0,01;-0,01;-0,01;-0,23;-0,23;0,0;0,0;-0,02;-0,02;-0,04;-0,04;-0,01;-0,01;-0,02;-0,02;-0,02;-0,02;-0,02;-0,02;-0,01;-0,01;0,0;0,0;-0,02;-0,02;-0,09;-0,09;-0,02;-0,02;-0,02;-0,02;-0,03;-0,03;-0,01;-0,01;-0,02;-0,02;-0,02;-0,02;-0,03;-0,03;-0,01;-0,01;-0,02;-0,02;-0,04;-0,04;-0,01;-0,01;-0,01;-0,01;0,0;0,0
31.07.2026;02:00;02:15;0,0;0,0;0,0;0,0;0,0;0,0;-0,14;-0,14;0,0;0,0;-0,01;-0,01;-0,03;-0,03;-0,01;-0,01;-0,02;-0,02;-0,01;-0,01;0,0;0,0;0,0;0,0;0,0;0,0;-0,01;-0,01;-0,05;-0,05;-0,01;-0,01;-0,03;-0,03;-0,02;-0,02;-0,01;-0,01;-0,02;-0,02;0,0;0,0;-0,01;-0,01;-0,01;-0,01;-0,01;-0,01;-0,04;-0,04;-0,01;-0,01;-0,01;-0,01;0,0;0,0
31.07.2026;02:15;02:30;0,0;0,0;0,0;0,0;-0,01;-0,01;-0,15;-0,15;0,0;0,0;0,0;0,0;-0,04;-0,04;-0,02;-0,02;-0,01;-0,01;-0,01;-0,01;0,0;0,0;-0,01;-0,01;0,0;0,0;0,0;0,0;-0,05;-0,05;-0,02;-0,02;-0,02;-0,02;-0,02;-0,02;-0,02;-0,02;-0,02;-0,02;-0,01;-0,01;-0,01;-0,01;-0,02;-0,02;-0,01;-0,01;-0,04;-0,04;-0,01;-0,01;-0,01;-0,01;0,0;0,0
31.07.2026;02:30;02:45;0,0;0,0;0,0;0,0;0,0;0,0;-0,21;-0,21;0,0;0,0;-0,01;-0,01;-0,03;-0,03;-0,01;-0,01;-0,02;-0,02;-0,01;-0,01;0,0;0,0;-0,02;-0,02;0,0;0,0;-0,01;-0,01;-0,1;-0,1;-0,02;-0,02;-0,01;-0,01;-0,01;-0,01;0,0;0,0;-0,02;-0,02;-0,02;-0,02;-0,03;-0,03;0,0;0,0;-0,01;-0,01;-0,05;-0,05;-0,01;-0,01;-0,01;-0,01;0,0;0,0
31.07.2026;02:45;03:00;0,0;0,0;0,0;0,0;-0,01;-0,01;-0,15;-0,15;0,0;0,0;-0,01;-0,01;-0,04;-0,04;-0,02;-0,02;-0,02;-0,02;0,0;0,0;-0,02;-0,02;0,0;0,0;0,0;0,0;-0,01;-0,01;-0,1;-0,1;-0,01;-0,01;-0,01;-0,01;-0,01;-0,01;-0,03;-0,03;-0,03;-0,03;0,0;0,0;-0,02;-0,02;-0,01;-0,01;-0,02;-0,02;-0,01;-0,01;-0,02;-0,02;-0,01;-0,01;0,0;0,0
31.07.2026;03:00;03:15;0,0;0,0;-0,01;-0,01;-0,01;-0,01;-0,1;-0,1;0,0;0,0;-0,02;-0,02;-0,03;-0,03;-0,01;-0,01;0,0;0,0;0,0;0,0;-0,02;-0,02;0,0;0,0;-0,01;-0,01;-0,02;-0,02;-0,03;-0,03;-0,01;-0,01;-0,02;-0,02;-0,01;-0,01;-0,01;-0,01;-0,02;-0,02;-0,02;-0,02;-0,02;-0,02;-0,02;-0,02;-0,01;-0,01;-0,02;-0,02;-0,02;-0,02;-0,01;-0,01;0,0;0,0
31.07.2026;03:15;03:30;0,0;0,0;0,0;0,0;-0,01;-0,01;-0,12;-0,12;0,0;0,0;0,0;0,0;-0,04;-0,04;-0,02;-0,02;-0,02;-0,02;-0,02;-0,02;-0,01;-0,01;-0,02;-0,02;0,0;0,0;0,0;0,0;-0,01;-0,01;-0,01;-0,01;-0,01;-0,01;-0,02;-0,02;-0,01;-0,01;-0,02;-0,02;-0,01;-0,01;-0,01;-0,01;0,0;0,0;-0,01;-0,01;-0,01;-0,01;-0,01;-0,01;-0,01;-0,01;0,0;0,0
31.07.2026;03:30;03:45;0,0;0,0;0,0;0,0;-0,01;-0,01;-0,15;-0,15;0,0;0,0;0,0;0,0;-0,03;-0,03;-0,01;-0,01;-0,02;-0,02;-0,02;-0,02;-0,01;-0,01;0,0;0,0;0,0;0,0;0,0;0,0;-0,01;-0,01;-0,02;-0,02;-0,01;-0,01;-0,01;-0,01;-0,02;-0,02;-0,02;-0,02;-0,01;-0,01;-0,02;-0,02;-0,02;-0,02;-0,01;-0,01;-0,01;-0,01;-0,01;-0,01;-0,01;-0,01;0,0;0,0
31.07.2026;03:45;04:00;0,0;0,0;0,0;0,0;-0,02;-0,02;-0,17;-0,17;0,0;0,0;-0,02;-0,02;-0,04;-0,04;-0,02;-0,02;-0,01;-0,01;-0,02;-0,02;-0,02;-0,02;-0,01;-0,01;0,0;0,0;-0,02;-0,02;-0,01;-0,01;-0,01;-0,01;-0,02;-0,02;-0,01;-0,01;0,0;0,0;-0,02;-0,02;-0,01;-0,01;-0,02;-0,02;-0,01;-0,01;-0,01;-0,01;-0,02;-0,02;-0,01;-0,01;-0,01;-0,01;0,0;0,0
31.07.2026;04:00;04:15;0,0;0,0;-0,01;-0,01;-0,01;-0,01;-0,17;-0,17;0,0;0,0;-0,01;-0,01;-0,03;-0,03;-0,01;-0,01;-0,02;-0,02;-0,01;-0,01;-0,01;-0,01;-0,01;-0,01;0,0;0,0;-0,01;-0,01;-0,02;-0,02;-0,01;-0,01;0,0;0,0;0,0;0,0;-0,02;-0,02;-0,02;-0,02;-0,01;-0,01;-0,02;-0,02;-0,01;-0,01;-0,02;-0,02;-0,01;-0,01;-0,01;-0,01;-0,02;-0,02;0,0;0,0
31.07.2026;04:15;04:30;0,0;0,0;0,0;0,0;-0,01;-0,01;-0,18;-0,18;0,0;0,0;-0,01;-0,01;-0,05;-0,05;-0,01;-0,01;-0,02;-0,02;0,0;0,0;0,0;0,0;-0,01;-0,01;0,0;0,0;-0,01;-0,01;-0,02;-0,02;-0,01;-0,01;-0,01;-0,01;-0,02;-0,02;-0,01;-0,01;-0,02;-0,02;-0,01;-0,01;-0,01;-0,01;-0,01;-0,01;0,0;0,0;-0,02;-0,02;-0,01;-0,01;0,0;0,0;0,0;0,0
31.07.2026;04:30;04:45;0,0;0,0;0,0;0,0;0,0;0,0;-0,18;-0,18;-0,01;-0,01;0,0;0,0;-0,04;-0,04;-0,02;-0,02;-0,01;-0,01;0,0;0,0;0,0;0,0;0,0;0,0;0,0;0,0;0,0;0,0;-0,02;-0,02;-0,01;-0,01;0,0;0,0;-0,01;-0,01;-0,01;-0,01;-0,02;-0,02;-0,01;-0,01;-0,02;-0,02;0,0;0,0;-0,02;-0,02;-0,01;-0,01;-0,01;-0,01;-0,02;-0,02;0,0;0,0
31.07.2026;04:45;05:00;0,0;0,0;0,0;0,0;-0,01;-0,01;-0,17;-0,17;0,0;0,0;-0,02;-0,02;-0,04;-0,04;-0,01;-0,01;-0,01;-0,01;-0,01;-0,01;-0,01;-0,01;-0,01;-0,01;0,0;0,0;-0,02;-0,02;-0,03;-0,03;-0,01;-0,01;-0,01;-0,01;-0,02;-0,02;-0,02;-0,02;-0,02;-0,02;-0,01;-0,01;-0,02;-0,02;-0,02;-0,02;-0,01;-0,01;-0,01;-0,01;-0,02;-0,02;-0,01;-0,01;0,0;0,0
31.07.2026;05:00;05:15;0,0;0,0;-0,01;-0,01;0,0;0,0;-0,2;-0,2;0,0;0,0;-0,01;-0,01;-0,04;-0,04;-0,01;-0,01;-0,02;-0,02;-0,02;-0,02;-0,02;-0,02;-0,01;-0,01;0,0;0,0;-0,01;-0,01;-0,09;-0,09;-0,01;-0,01;-0,02;-0,02;-0,01;-0,01;0,0;0,0;-0,03;-0,03;-0,01;-0,01;-0,04;-0,04;-0,01;-0,01;-0,01;-0,01;-0,02;-0,02;-0,01;-0,01;-0,02;-0,02;0,0;0,0
31.07.2026;05:15;05:30;0,0;0,0;0,0;0,0;-0,01;-0,01;-0,23;-0,23;0,0;0,0;-0,01;-0,01;-0,04;-0,04;-0,02;-0,02;-0,02;-0,02;-0,01;-0,01;-0,01;-0,01;0,0;0,0;0,0;0,0;0,0;0,0;-0,01;-0,01;-0,08;-0,08;-0,01;-0,01;0,0;0,0;-0,02;-0,02;-0,04;-0,04;-0,01;-0,01;-0,11;-0,11;-0,01;-0,01;-0,01;-0,01;-0,01;-0,01;-0,01;-0,01;-0,03;-0,03;0,0;0,0
31.07.2026;05:30;05:45;0,0;0,0;0,0;0,0;-0,02;-0,02;-0,14;-0,14;0,0;0,0;0,0;0,0;-0,04;-0,04;-0,01;-0,01;-0,01;-0,01;-0,02;-0,02;-0,02;-0,02;-0,02;-0,02;0,0;0,0;-0,01;-0,01;-0,01;-0,01;-0,01;-0,01;-0,01;-0,01;-0,02;-0,02;-0,08;-0,08;-0,03;-0,03;-0,01;-0,01;-0,11;-0,11;-0,01;-0,01;-0,01;-0,01;-0,03;-0,03;-0,01;-0,01;-0,02;-0,02;0,0;0,0
31.07.2026;05:45;06:00;0,02;0,02;0,0;0,0;-0,01;-0,01;-0,27;-0,27;0,0;0,0;-0,01;-0,01;-0,04;-0,04;-0,01;-0,01;-0,02;-0,02;-0,01;-0,01;-0,01;-0,01;0,0;0,0;0,0;0,0;-0,01;-0,01;-0,01;-0,01;-0,01;-0,01;-0,05;-0,05;-0,01;-0,01;-0,18;-0,18;-0,02;-0,02;-0,02;-0,02;-0,27;-0,27;-0,01;-0,01;-0,02;-0,02;-0,01;-0,01;-0,01;-0,01;-0,06;-0,06;0,0;0,0
31.07.2026;06:00;06:15;0,03;0,03;0,0;0,0;-0,02;-0,02;-0,13;-0,13;0,0;0,0;-0,02;-0,02;-0,04;-0,04;-0,02;-0,02;-0,01;-0,01;0,0;0,0;-0,01;-0,01;-0,01;-0,01;0,0;0,0;-0,02;-0,02;-0,01;-0,01;-0,02;-0,02;-0,02;-0,02;-0,01;-0,01;-0,04;-0,04;-0,02;-0,02;-0,33;-0,33;-0,15;-0,15;-0,01;-0,01;-0,01;-0,01;-0,02;-0,02;-0,01;-0,01;-0,01;-0,01;0,0;0,0
31.07.2026;06:15;06:30;0,0;0,0;-0,01;-0,01;-0,08;-0,08;-0,21;-0,21;0,0;0,0;-0,01;-0,01;-0,03;-0,03;-0,03;-0,03;-0,01;-0,01;0,0;0,0;-0,02;-0,02;-0,01;-0,01;0,0;0,0;0,0;0,0;-0,01;-0,01;0,0;0,0;-0,02;-0,02;-0,02;-0,02;-0,13;-0,13;-0,02;-0,02;-0,55;-0,55;-0,03;-0,03;-0,01;-0,01;-0,01;-0,01;-0,02;-0,02;-0,02;-0,02;-0,01;-0,01;0,0;0,0
31.07.2026;06:30;06:45;0,0;0,0;0,0;0,0;-0,02;-0,02;-0,27;-0,27;0,0;0,0;0,0;0,0;-0,04;-0,04;-0,03;-0,03;-0,02;-0,02;-0,01;-0,01;0,0;0,0;-0,01;-0,01;0,0;0,0;-0,04;-0,04;-0,01;-0,01;-0,02;-0,02;-0,01;-0,01;0,0;0,0;-0,04;-0,04;-0,02;-0,02;-0,11;-0,11;-0,02;-0,02;-0,01;-0,01;-0,01;-0,01;-0,01;-0,01;-0,02;-0,02;-0,01;-0,01;0,0;0,0
31.07.2026;06:45;07:00;0,19;0,14;0,0;0,0;-0,14;-0,14;-0,17;-0,12;0,0;0,0;-0,01;-0,01;-0,04;-0,04;-0,01;-0,01;-0,04;-0,04;-0,02;-0,02;0,0;0,0;0,0;0,0;0,0;0,0;-0,01;-0,01;-0,01;-0,01;0,0;0,0;-0,01;-0,01;-0,03;-0,03;-0,02;-0,02;-0,02;-0,02;-0,02;-0,02;-0,46;-0,46;-0,02;-0,02;-0,01;-0,01;-0,02;-0,02;0,0;0,0;-0,01;-0,01;0,0;0,0
31.07.2026;07:00;07:15;0,34;0,1;0,0;0,0;-0,02;-0,01;-0,1;-0,07;0,0;0,0;-0,01;0,0;-0,04;-0,03;-0,03;-0,02;-0,05;-0,04;-0,02;-0,01;0,0;0,0;-0,01;0,0;0,0;0,0;-0,02;-0,01;-0,01;0,0;-0,02;-0,01;-0,01;0,0;-0,03;-0,02;-0,03;-0,02;-0,11;-0,1;-0,02;-0,01;-0,02;-0,01;-0,01;0,0;-0,02;-0,01;-0,02;-0,01;-0,01;0,0;-0,01;0,0;0,0;0,0
31.07.2026;07:15;07:30;0,53;0,2;-0,01;0,0;-0,01;0,0;-0,1;0,0;0,0;0,0;-0,02;-0,01;-0,04;-0,03;-0,01;0,0;-0,08;-0,07;-0,01;0,0;-0,02;-0,01;-0,01;0,0;0,0;0,0;-0,01;0,0;-0,01;0,0;-0,01;0,0;-0,01;0,0;-0,02;-0,01;-0,01;0,0;-0,02;-0,01;-0,01;0,0;-0,02;-0,01;-0,01;0,0;-0,01;0,0;-0,17;-0,16;-0,01;0,0;-0,01;0,0;0,0;0,0
31.07.2026;07:30;07:45;0,66;0,21;0,0;0,0;-0,02;0,0;-0,17;-0,05;0,0;0,0;0,0;0,0;-0,1;-0,07;-0,03;0,0;-0,06;-0,03;-0,01;0,0;-0,02;0,0;0,0;0,0;0,0;0,0;-0,01;0,0;-0,01;0,0;-0,01;0,0;-0,02;0,0;-0,01;0,0;-0,01;0,0;-0,02;0,0;-0,01;0,0;-0,01;0,0;-0,01;0,0;-0,01;0,0;-0,05;-0,02;-0,01;0,0;-0,02;0,0;0,0;0,0
31.07.2026;07:45;08:00;0,79;0,32;0,0;0,0;-0,02;0,0;-0,08;0,0;0,0;0,0;-0,01;0,0;-0,05;0,0;-0,04;0,0;-0,08;-0,02;0,0;0,0;-0,01;0,0;-0,01;0,0;0,0;0,0;-0,02;0,0;-0,01;0,0;-0,01;0,0;0,0;0,0;0,0;0,0;-0,02;0,0;-0,02;0,0;0,0;0,0;-0,02;0,0;-0,01;0,0;-0,03;0,0;-0,01;0,0;-0,01;0,0;-0,03;0,0;0,0;0,0
31.07.2026;08:00;08:15;1,02;0,45;0,0;0,0;-0,01;0,0;-0,08;0,0;0,0;0,0;-0,01;0,0;-0,14;-0,06;-0,02;0,0;-0,06;0,0;-0,01;0,0;-0,01;0,0;-0,02;0,0;-0,01;0,0;-0,01;0,0;-0,01;0,0;-0,01;0,0;0,0;0,0;-0,02;0,0;0,0;0,0;-0,02;0,0;-0,02;0,0;-0,03;0,0;-0,09;-0,01;-0,01;0,0;-0,02;0,0;-0,02;0,0;-0,01;0,0;0,0;0,0
31.07.2026;08:15;08:30;1,33;0,84;0,0;0,0;-0,02;0,0;-0,07;0,0;0,0;0,0;-0,01;0,0;-0,08;0,0;-0,02;0,0;-0,06;0,0;0,0;0,0;-0,02;0,0;0,0;0,0;0,0;0,0;0,0;0,0;-0,02;0,0;-0,01;0,0;-0,01;0,0;-0,01;0,0;-0,02;0,0;-0,02;0,0;0,0;0,0;-0,01;0,0;-0,04;0,0;-0,01;0,0;-0,02;0,0;-0,02;0,0;-0,02;0,0;0,0;0,0
31.07.2026;08:30;08:45;1,59;1,1;-0,01;0,0;-0,03;0,0;-0,08;0,0;0,0;0,0;-0,01;0,0;-0,04;0,0;-0,03;0,0;-0,06;0,0;-0,02;0,0;-0,01;0,0;-0,01;0,0;0,0;0,0;-0,01;0,0;-0,01;0,0;-0,01;0,0;-0,01;0,0;-0,01;0,0;-0,01;0,0;-0,02;0,0;-0,01;0,0;-0,01;0,0;-0,04;0,0;-0,01;0,0;0,0;0,0;-0,02;0,0;-0,02;0,0;0,0;0,0
31.07.2026;08:45;09:00;1,78;1,19;0,0;0,0;-0,04;0,0;-0,11;0,0;0,0;0,0;-0,01;0,0;-0,03;0,0;-0,03;0,0;-0,07;0,0;-0,02;0,0;-0,01;0,0;-0,01;0,0;0,0;0,0;-0,05;0,0;-0,02;0,0;-0,01;0,0;-0,01;0,0;-0,01;0,0;-0,01;0,0;-0,02;0,0;-0,01;0,0;-0,02;0,0;-0,05;0,0;-0,01;0,0;0,0;0,0;-0,03;0,0;-0,01;0,0;0,0;0,0
31.07.2026;09:00;09:15;2,0;1,09;0,0;0,0;-0,39;-0,17;-0,2;0,0;0,0;0,0;0,0;0,0;-0,04;0,0;-0,02;0,0;-0,06;0,0;-0,02;0,0;0,0;0,0;0,0;0,0;0,0;0,0;-0,01;0,0;-0,13;0,0;-0,02;0,0;-0,01;0,0;-0,01;0,0;-0,02;0,0;-0,02;0,0;0,0;0,0;-0,02;0,0;-0,04;0,0;-0,01;0,0;-0,01;0,0;-0,03;0,0;-0,02;0,0;0,0;0,0
31.07.2026;09:15;09:30;2,19;1,38;0,0;0,0;-0,34;-0,07;-0,17;0,0;0,0;0,0;-0,02;0,0;-0,03;0,0;-0,04;0,0;-0,08;0,0;0,0;0,0;0,0;0,0;-0,01;0,0;0,0;0,0;0,0;0,0;0,0;0,0;0,0;0,0;-0,02;0,0;-0,02;0,0;0,0;0,0;-0,02;0,0;-0,02;0,0;-0,02;0,0;-0,04;0,0;-0,02;0,0;-0,02;0,0;-0,01;0,0;0,0;0,0;0,0;0,0
31.07.2026;09:30;09:45;2,42;1,5;-0,01;0,0;-0,45;-0,17;-0,16;0,0;-0,01;0,0;-0,01;0,0;-0,04;0,0;-0,07;0,0;-0,06;0,0;0,0;0,0;-0,02;0,0;-0,01;0,0;0,0;0,0;-0,02;0,0;-0,02;0,0;-0,02;0,0;-0,01;0,0;-0,01;0,0;-0,04;0,0;-0,02;0,0;0,0;0,0;-0,01;0,0;-0,04;0,0;-0,01;0,0;-0,01;0,0;-0,02;0,0;-0,02;0,0;0,0;0,0
31.07.2026;09:45;10:00;2,5;1,9;0,0;0,0;-0,11;0,0;-0,09;0,0;0,0;0,0;-0,01;0,0;-0,02;0,0;-0,04;0,0;-0,05;0,0;-0,01;0,0;-0,01;0,0;-0,01;0,0;0,0;0,0;-0,02;0,0;-0,01;0,0;-0,01;0,0;-0,01;0,0;-0,02;0,0;-0,03;0,0;-0,03;0,0;-0,01;0,0;-0,02;0,0;-0,05;0,0;0,0;0,0;-0,01;0,0;-0,02;0,0;-0,01;0,0;0,0;0,0
31.07.2026;10:00;10:15;1,48;0,8;0,0;0,0;-0,51;-0,36;-0,12;0,0;0,0;0,0;0,0;0,0;-0,03;0,0;-0,04;0,0;-0,05;0,0;-0,01;0,0;-0,02;0,0;0,0;0,0;0,0;0,0;-0,01;0,0;-0,01;0,0;-0,01;0,0;-0,01;0,0;-0,01;0,0;-0,03;0,0;-0,03;0,0;-0,01;0,0;-0,02;0,0;-0,04;0,0;-0,02;0,0;-0,01;0,0;-0,03;0,0;-0,01;0,0;-0,01;0,0
31.07.2026;10:15;10:30;0,41;0,12;0,0;0,0;-0,37;-0,36;-0,12;-0,05;0,0;0,0;-0,01;0,0;-0,04;-0,03;-0,03;-0,02;-0,05;-0,04;-0,02;-0,01;-0,01;0,0;-0,02;-0,01;0,0;0,0;-0,04;-0,03;-0,02;-0,01;-0,01;0,0;-0,01;0,0;0,0;0,0;-0,02;-0,01;-0,02;-0,01;-0,01;0,0;-0,02;-0,01;-0,05;-0,04;-0,02;-0,01;-0,02;-0,01;-0,03;-0,02;-0,01;0,0;-0,01;0,0
31.07.2026;10:30;10:45;1,82;1,05;0,0;0,0;-0,09;0,0;-0,1;0,0;0,0;0,0;-0,02;0,0;-0,03;0,0;-0,04;0,0;-0,08;0,0;-0,01;0,0;-0,01;0,0;0,0;0,0;0,0;0,0;-0,02;0,0;-0,02;0,0;-0,01;0,0;-0,01;0,0;-0,01;0,0;-0,17;0,0;-0,03;0,0;0,0;0,0;-0,01;0,0;-0,03;0,0;-0,01;0,0;-0,01;0,0;-0,04;0,0;-0,01;0,0;-0,01;0,0
31.07.2026;10:45;11:00;3,3;2,33;-0,01;0,0;-0,14;0,0;-0,17;0,0;0,0;0,0;-0,01;0,0;-0,02;0,0;-0,02;0,0;-0,08;0,0;-0,02;0,0;-0,02;0,0;0,0;0,0;0,0;0,0;-0,03;0,0;-0,02;0,0;-0,01;0,0;-0,04;0,0;-0,02;0,0;-0,19;0,0;-0,02;0,0;-0,02;0,0;-0,02;0,0;-0,05;0,0;0,0;0,0;-0,01;0,0;-0,04;0,0;-0,01;0,0;0,0;0,0
31.07.2026;11:00;11:15;3,44;2,42;0,0;0,0;-0,21;0,0;-0,1;0,0;0,0;0,0;0,0;0,0;-0,04;0,0;-0,02;0,0;-0,31;0,0;0,0;0,0;-0,01;0,0;-0,02;0,0;0,0;0,0;-0,01;0,0;-0,03;0,0;-0,01;0,0;-0,02;0,0;-0,01;0,0;-0,03;0,0;-0,02;0,0;0,0;0,0;-0,03;0,0;-0,07;0,0;-0,01;0,0;-0,01;0,0;-0,04;0,0;-0,02;0,0;0,0;0,0
31.07.2026;11:15;11:30;3,61;2,4;0,0;0,0;-0,01;0,0;-0,08;0,0;0,0;0,0;-0,01;0,0;-0,04;0,0;-0,02;0,0;-0,21;0,0;-0,01;0,0;0,0;0,0;-0,01;0,0;0,0;0,0;-0,03;0,0;-0,1;0,0;-0,01;0,0;-0,37;0,0;-0,01;0,0;-0,04;0,0;-0,03;0,0;-0,01;0,0;-0,02;0,0;-0,04;0,0;-0,02;0,0;-0,02;0,0;-0,12;0,0;0,0;0,0;0,0;0,0
31.07.2026;11:30;11:45;3,7;2,71;0,0;0,0;-0,01;0,0;-0,08;0,0;0,0;0,0;-0,01;0,0;-0,02;0,0;-0,02;0,0;-0,06;0,0;0,0;0,0;-0,01;0,0;0,0;0,0;0,0;0,0;-0,03;0,0;-0,02;0,0;-0,01;0,0;-0,29;0,0;-0,01;0,0;-0,02;0,0;-0,02;0,0;-0,01;0,0;-0,01;0,0;-0,05;0,0;-0,02;0,0;-0,01;0,0;-0,26;0,0;-0,02;0,0;0,0;0,0
31.07.2026;11:45;12:00;3,75;2,7;-0,01;0,0;-0,18;0,0;-0,08;0,0;0,0;0,0;-0,02;0,0;-0,03;0,0;-0,36;0,0;-0,05;0,0;-0,01;0,0;0,0;0,0;-0,01;0,0;0,0;0,0;-0,03;0,0;-0,01;0,0;-0,01;0,0;-0,05;0,0;0,0;0,0;-0,04;0,0;-0,02;0,0;0,0;0,0;-0,01;0,0;-0,04;0,0;0,0;0,0;-0,01;0,0;-0,07;0,0;-0,01;0,0;0,0;0,0
31.07.2026;12:00;12:15;3,76;2,97;0,0;0,0;-0,09;0,0;-0,11;0,0;0,0;0,0;0,0;0,0;-0,04;0,0;-0,13;0,0;-0,05;0,0;-0,02;0,0;-0,02;0,0;-0,01;0,0;0,0;0,0;-0,03;0,0;-0,01;0,0;-0,02;0,0;-0,03;0,0;-0,02;0,0;-0,03;0,0;-0,03;0,0;-0,02;0,0;-0,03;0,0;-0,04;0,0;-0,01;0,0;-0,02;0,0;-0,02;0,0;-0,01;0,0;0,0;0,0
31.07.2026;12:15;12:30;3,8;2,85;0,0;0,0;-0,02;0,0;-0,1;0,0;0,0;0,0;0,0;0,0;-0,03;0,0;-0,03;0,0;-0,43;0,0;-0,02;0,0;-0,01;0,0;0,0;0,0;0,0;0,0;-0,03;0,0;-0,06;0,0;-0,01;0,0;-0,01;0,0;-0,01;0,0;-0,04;0,0;-0,03;0,0;0,0;0,0;-0,02;0,0;-0,05;0,0;-0,02;0,0;-0,01;0,0;-0,01;0,0;-0,01;0,0;0,0;0,0
31.07.2026;12:30;12:45;3,84;3,02;0,0;0,0;-0,01;0,0;-0,08;0,0;0,0;0,0;-0,02;0,0;-0,05;0,0;-0,02;0,0;-0,15;0,0;-0,01;0,0;-0,02;0,0;-0,01;0,0;0,0;0,0;-0,04;0,0;-0,21;0,0;-0,02;0,0;-0,01;0,0;-0,02;0,0;-0,02;0,0;-0,02;0,0;-0,01;0,0;-0,01;0,0;-0,04;0,0;-0,01;0,0;-0,02;0,0;-0,01;0,0;-0,01;0,0;0,0;0,0
31.07.2026;12:45;13:00;3,87;3,31;0,0;0,0;-0,01;0,0;-0,07;0,0;0,0;0,0;-0,01;0,0;-0,04;0,0;-0,02;0,0;-0,11;0,0;-0,01;0,0;-0,01;0,0;-0,01;0,0;0,0;0,0;-0,03;0,0;-0,04;0,0;-0,02;0,0;0,0;0,0;0,0;0,0;-0,03;0,0;-0,03;0,0;-0,02;0,0;-0,01;0,0;-0,05;0,0;-0,01;0,0;-0,01;0,0;-0,01;0,0;-0,01;0,0;0,0;0,0
31.07.2026;13:00;13:15;3,83;3,26;-0,01;0,0;-0,01;0,0;-0,08;0,0;0,0;0,0;-0,01;0,0;-0,04;0,0;-0,01;0,0;-0,09;0,0;0,0;0,0;-0,02;0,0;-0,01;0,0;-0,01;0,0;-0,02;0,0;-0,04;0,0;-0,01;0,0;-0,01;0,0;-0,01;0,0;-0,03;0,0;-0,03;0,0;0,0;0,0;-0,03;0,0;-0,04;0,0;-0,01;0,0;-0,02;0,0;-0,02;0,0;-0,01;0,0;0,0;0,0
31.07.2026;13:15;13:30;3,76;3,24;0,0;0,0;0,0;0,0;-0,1;0,0;0,0;0,0;0,0;0,0;-0,04;0,0;-0,02;0,0;-0,05;0,0;0,0;0,0;-0,01;0,0;-0,01;0,0;0,0;0,0;-0,03;0,0;-0,07;0,0;-0,01;0,0;-0,01;0,0;-0,01;0,0;-0,02;0,0;-0,02;0,0;-0,01;0,0;-0,02;0,0;-0,05;0,0;-0,01;0,0;-0,01;0,0;-0,01;0,0;-0,01;0,0;0,0;0,0
31.07.2026;13:30;13:45;2,31;1,58;0,0;0,0;-0,04;0,0;-0,21;0,0;0,0;0,0;-0,02;0,0;-0,04;0,0;-0,01;0,0;-0,05;0,0;-0,02;0,0;-0,01;0,0;-0,01;0,0;0,0;0,0;-0,02;0,0;-0,04;0,0;-0,01;0,0;-0,01;0,0;-0,01;0,0;-0,04;0,0;-0,04;0,0;-0,02;0,0;-0,01;0,0;-0,05;0,0;-0,02;0,0;-0,02;0,0;-0,01;0,0;-0,01;0,0;-0,01;0,0
31.07.2026;13:45;14:00;0,77;0,25;0,0;0,0;-0,16;-0,13;-0,09;0,0;0,0;0,0;-0,01;0,0;-0,04;-0,01;-0,02;0,0;-0,05;-0,02;-0,02;0,0;0,0;0,0;0,0;0,0;0,0;0,0;-0,05;-0,02;-0,09;-0,06;-0,02;0,0;-0,01;0,0;-0,02;0,0;-0,02;0,0;-0,05;-0,02;-0,41;-0,38;-0,02;0,0;-0,1;-0,07;-0,01;0,0;-0,01;0,0;-0,02;0,0;-0,01;0,0;0,0;0,0
31.07.2026;14:00;14:15;0,01;0,01;-0,01;-0,01;-0,23;-0,23;-0,07;-0,07;0,0;0,0;-0,01;-0,01;-0,04;-0,04;-0,02;-0,02;-0,05;-0,05;-0,01;-0,01;0,0;0,0;-0,01;-0,01;0,0;0,0;-0,04;-0,04;-0,04;-0,04;-0,03;-0,03;-0,02;-0,02;0,0;0,0;-0,04;-0,04;-0,05;-0,05;-0,09;-0,09;-0,02;-0,02;-0,06;-0,06;-0,01;-0,01;-0,02;-0,02;-0,01;-0,01;-0,01;-0,01;0,0;0,0
31.07.2026;14:15;14:30;3,43;2,7;0,0;0,0;-0,02;0,0;-0,1;0,0;0,0;0,0;0,0;0,0;-0,03;0,0;-0,02;0,0;-0,01;0,0;-0,01;0,0;-0,02;0,0;-0,01;0,0;0,0;0,0;-0,04;0,0;-0,04;0,0;-0,03;0,0;-0,01;0,0;-0,01;0,0;-0,02;0,0;-0,05;0,0;-0,02;0,0;-0,1;0,0;-0,12;0,0;-0,01;0,0;-0,01;0,0;-0,01;0,0;-0,01;0,0;-0,03;0,0
31.07.2026;14:30;14:45;3,89;2,99;0,0;0,0;-0,12;0,0;-0,08;0,0;-0,01;0,0;-0,01;0,0;-0,04;0,0;-0,02;0,0;-0,02;0,0;-0,01;0,0;-0,01;0,0;-0,01;0,0;0,0;0,0;-0,02;0,0;-0,04;0,0;-0,03;0,0;-0,01;0,0;-0,01;0,0;-0,03;0,0;-0,04;0,0;-0,01;0,0;-0,03;0,0;-0,25;0,0;-0,01;0,0;-0,02;0,0;-0,01;0,0;-0,01;0,0;-0,05;0,0
31.07.2026;14:45;15:00;2,05;1,2;0,0;0,0;-0,07;0,0;-0,07;0,0;0,0;0,0;-0,02;0,0;-0,04;0,0;-0,03;0,0;-0,03;0,0;0,0;0,0;-0,02;0,0;0,0;0,0;0,0;0,0;-0,04;0,0;-0,01;0,0;-0,03;0,0;-0,01;0,0;-0,02;0,0;-0,03;0,0;-0,05;0,0;-0,02;0,0;-0,02;0,0;-0,49;-0,26;-0,02;0,0;-0,01;0,0;-0,01;0,0;-0,01;0,0;-0,06;0,0
31.07.2026;15:00;15:15;3,28;2,15;-0,01;0,0;-0,02;0,0;-0,13;0,0;0,0;0,0;-0,01;0,0;-0,03;0,0;-0,01;0,0;-0,03;0,0;-0,01;0,0;-0,01;0,0;-0,02;0,0;0,0;0,0;-0,05;0,0;-0,01;0,0;-0,03;0,0;-0,01;0,0;-0,01;0,0;-0,03;0,0;-0,03;0,0;-0,34;0,0;-0,02;0,0;-0,23;0,0;-0,01;0,0;-0,02;0,0;-0,01;0,0;-0,01;0,0;-0,04;0,0
31.07.2026;15:15;15:30;3,22;2,1;0,0;0,0;-0,01;0,0;-0,13;0,0;0,0;0,0;-0,01;0,0;-0,04;0,0;-0,03;0,0;-0,05;0,0;-0,01;0,0;-0,02;0,0;0,0;0,0;0,0;0,0;-0,04;0,0;-0,02;0,0;-0,02;0,0;-0,01;0,0;-0,01;0,0;-0,03;0,0;-0,04;0,0;-0,72;-0,31;-0,02;0,0;-0,15;0,0;-0,01;0,0;0,0;0,0;-0,02;0,0;-0,01;0,0;-0,03;0,0
31.07.2026;15:30;15:45;3,08;2,1;0,0;0,0;-0,11;0,0;-0,17;0,0;0,0;0,0;0,0;0,0;-0,04;0,0;-0,01;0,0;-0,05;0,0;-0,02;0,0;-0,01;0,0;-0,01;0,0;0,0;0,0;-0,04;0,0;-0,01;0,0;-0,03;0,0;0,0;0,0;0,0;0,0;-0,03;0,0;-0,03;0,0;-0,21;0,0;-0,02;0,0;-0,12;0,0;-0,01;0,0;0,0;0,0;-0,01;0,0;-0,02;0,0;-0,03;0,0
31.07.2026;15:45;16:00;2,97;1,64;0,0;0,0;-0,39;-0,05;-0,19;0,0;0,0;0,0;-0,01;0,0;-0,04;0,0;-0,02;0,0;-0,04;0,0;-0,02;0,0;-0,01;0,0;-0,01;0,0;0,0;0,0;-0,07;0,0;-0,01;0,0;-0,02;0,0;0,0;0,0;-0,03;0,0;-0,04;0,0;-0,06;0,0;-0,27;0,0;-0,01;0,0;-0,07;0,0;-0,02;0,0;-0,01;0,0;-0,02;0,0;0,0;0,0;-0,02;0,0
31.07.2026;16:00;16:15;2,74;1,56;0,0;0,0;-0,43;-0,13;-0,24;0,0;0,0;0,0;-0,02;0,0;-0,03;0,0;-0,01;0,0;-0,06;0,0;-0,01;0,0;-0,01;0,0;0,0;0,0;0,0;0,0;-0,03;0,0;-0,01;0,0;-0,03;0,0;-0,02;0,0;-0,06;0,0;-0,02;0,0;-0,05;0,0;-0,14;0,0;-0,01;0,0;-0,07;0,0;-0,01;0,0;-0,01;0,0;0,0;0,0;-0,01;0,0;-0,03;0,0
31.07.2026;16:15;16:30;2,59;1,1;-0,01;0,0;-0,18;0,0;-0,27;0,0;0,0;0,0;-0,01;0,0;-0,04;0,0;-0,02;0,0;-0,07;0,0;0,0;0,0;0,0;0,0;-0,01;0,0;0,0;0,0;-0,02;0,0;-0,04;0,0;-0,03;0,0;-0,1;0,0;-0,06;0,0;-0,04;0,0;-0,04;0,0;-0,14;0,0;-0,03;0,0;-0,08;0,0;0,0;0,0;-0,46;-0,21;-0,01;0,0;-0,02;0,0;-0,02;0,0
31.07.2026;16:30;16:45;2,06;0,53;0,0;0,0;-0,18;-0,02;-0,25;0,0;0,0;0,0;0,0;0,0;-0,03;0,0;-0,01;0,0;-0,25;-0,09;0,0;0,0;0,0;0,0;-0,01;0,0;0,0;0,0;-0,04;0,0;-0,05;0,0;-0,02;0,0;-0,3;-0,14;-0,07;0,0;-0,03;0,0;-0,05;0,0;-0,19;-0,03;-0,02;0,0;-0,07;0,0;-0,02;0,0;-0,27;-0,11;-0,02;0,0;0,0;0,0;-0,04;0,0
31.07.2026;16:45;17:00;1,96;0,48;0,0;0,0;-0,17;-0,04;-0,29;0,0;0,0;0,0;-0,01;0,0;-0,04;0,0;-0,05;0,0;-0,22;-0,09;-0,01;0,0;-0,02;0,0;-0,01;0,0;0,0;0,0;-0,03;0,0;-0,06;0,0;-0,03;0,0;-0,28;-0,15;-0,06;0,0;-0,02;0,0;-0,05;0,0;-0,06;0,0;-0,01;0,0;-0,05;0,0;-0,01;0,0;-0,18;-0,05;-0,01;0,0;-0,1;0,0;-0,04;0,0
31.07.2026;17:00;17:15;2,25;0,63;0,0;0,0;-0,18;0,0;-0,15;0,0;0,0;0,0;-0,01;0,0;-0,04;0,0;-0,04;0,0;-0,21;-0,03;-0,02;0,0;-0,02;0,0;0,0;0,0;0,0;0,0;-0,03;0,0;-0,05;0,0;-0,02;0,0;-0,17;0,0;-0,1;0,0;-0,03;0,0;-0,05;0,0;-0,04;0,0;-0,01;0,0;-0,05;0,0;-0,02;0,0;-0,49;-0,31;-0,02;0,0;-0,41;-0,23;-0,03;0,0
31.07.2026;17:15;17:30;1,39;0,28;-0,01;0,0;-0,11;-0,04;-0,17;0,0;0,0;0,0;-0,02;0,0;-0,04;0,0;-0,02;0,0;-0,27;-0,2;-0,01;0,0;-0,01;0,0;-0,02;0,0;0,0;0,0;-0,03;0,0;-0,05;0,0;-0,08;-0,01;-0,14;-0,07;-0,09;-0,02;-0,02;0,0;-0,05;0,0;-0,22;-0,15;-0,02;0,0;-0,04;0,0;0,0;0,0;-0,4;-0,33;-0,01;0,0;-0,38;-0,31;-0,03;0,0
31.07.2026;17:30;17:45;0,02;0,02;0,0;0,0;-0,18;-0,18;-0,12;-0,12;0,0;0,0;-0,01;-0,01;-0,05;-0,05;-0,03;-0,03;-0,39;-0,39;-0,02;-0,02;-0,01;-0,01;0,0;0,0;0,0;0,0;-0,14;-0,14;-0,05;-0,05;-0,24;-0,24;-0,05;-0,05;-0,09;-0,09;-0,04;-0,04;-0,04;-0,04;-0,11;-0,11;-0,03;-0,03;-0,05;-0,05;-0,01;-0,01;-0,22;-0,22;-0,01;-0,01;-0,12;-0,12;-0,03;-0,03
31.07.2026;17:45;18:00;0,0;0,0;0,0;0,0;-0,19;-0,19;-0,14;-0,14;0,0;0,0;0,0;0,0;-0,06;-0,06;-0,02;-0,02;-0,06;-0,06;-0,01;-0,01;-0,02;-0,02;-0,01;-0,01;0,0;0,0;-0,07;-0,07;-0,05;-0,05;-0,08;-0,08;-0,01;-0,01;-0,11;-0,11;-0,01;-0,01;-0,11;-0,11;-0,09;-0,09;-0,01;-0,01;-0,05;-0,05;-0,02;-0,02;-0,17;-0,17;-0,01;-0,01;-0,05;-0,05;-0,03;-0,03
31.07.2026;18:00;18:15;0,28;0,2;0,0;0,0;-0,17;-0,17;-0,09;-0,01;0,0;0,0;-0,01;-0,01;-0,05;-0,05;-0,03;-0,03;-0,31;-0,31;0,0;0,0;-0,01;-0,01;-0,01;-0,01;-0,01;-0,01;-0,03;-0,03;-0,16;-0,16;-0,08;-0,08;-0,01;-0,01;-0,1;-0,1;-0,03;-0,03;-0,07;-0,07;-0,09;-0,09;-0,01;-0,01;-0,07;-0,07;-0,01;-0,01;-0,01;-0,01;-0,01;-0,01;-0,04;-0,04;-0,02;-0,02
31.07.2026;18:15;18:30;1,28;0,26;0,0;0,0;-0,07;0,0;-0,15;0,0;0,0;0,0;-0,01;0,0;-0,1;-0,02;-0,03;0,0;-0,06;0,0;-0,01;0,0;-0,02;0,0;-0,01;0,0;0,0;0,0;-0,03;0,0;-0,05;0,0;-0,06;0,0;-0,02;0,0;-0,08;0,0;-0,03;0,0;-0,05;0,0;-0,09;-0,01;-0,02;0,0;-0,05;0,0;-0,01;0,0;-0,02;0,0;-0,01;0,0;-0,04;0,0;-0,03;0,0
31.07.2026;18:30;18:45;1,02;0,25;-0,01;0,0;-0,01;0,0;-0,08;0,0;0,0;0,0;-0,02;0,0;-0,12;-0,06;-0,02;0,0;-0,03;0,0;0,0;0,0;0,0;0,0;0,0;0,0;0,0;0,0;-0,03;0,0;-0,04;0,0;-0,06;0,0;-0,01;0,0;-0,11;-0,05;-0,02;0,0;-0,04;0,0;-0,1;-0,04;-0,02;0,0;-0,05;0,0;-0,01;0,0;-0,1;-0,04;-0,02;0,0;-0,03;0,0;-0,03;0,0
31.07.2026;18:45;19:00;0,62;0,14;0,0;0,0;-0,06;-0,04;-0,1;-0,01;0,0;0,0;-0,01;0,0;-0,17;-0,15;-0,03;-0,01;-0,27;-0,25;-0,02;0,0;0,0;0,0;-0,01;0,0;0,0;0,0;-0,04;-0,02;-0,06;-0,04;-0,07;-0,05;-0,01;0,0;-0,11;-0,09;-0,04;-0,02;-0,03;-0,01;-0,12;-0,1;-0,02;0,0;-0,05;-0,03;-0,01;0,0;-0,35;-0,33;-0,01;0,0;-0,03;-0,01;-0,03;-0,01
31.07.2026;19:00;19:15;0,33;0,1;0,0;0,0;-0,13;-0,12;-0,16;-0,14;0,0;0,0;0,0;0,0;-0,08;-0,07;-0,03;-0,02;-0,67;-0,66;-0,02;-0,01;0,0;0,0;-0,01;0,0;0,0;0,0;-0,02;-0,01;-0,05;-0,04;-0,25;-0,24;-0,02;-0,01;-0,1;-0,09;-0,02;-0,01;-0,03;-0,02;-0,2;-0,19;-0,01;0,0;-0,06;-0,05;-0,02;-0,01;-0,2;-0,19;-0,02;-0,01;-0,04;-0,03;-0,03;-0,02
31.07.2026;19:15;19:30;0,61;0,13;0,0;0,0;-0,02;0,0;-0,08;0,0;0,0;0,0;-0,01;0,0;-0,07;-0,05;-0,02;0,0;-0,09;-0,07;-0,02;0,0;-0,02;0,0;0,0;0,0;0,0;0,0;-0,03;-0,01;-0,03;-0,01;-0,46;-0,44;-0,02;0,0;-0,09;-0,07;-0,04;-0,02;-0,03;-0,01;-0,14;-0,12;-0,01;0,0;-0,04;-0,02;-0,01;0,0;-0,16;-0,14;-0,01;0,0;-0,03;-0,01;-0,04;-0,02
31.07.2026;19:30;19:45;0,69;0,18;-0,01;0,0;-0,01;0,0;-0,22;-0,12;-0,01;0,0;-0,01;0,0;-0,05;-0,03;-0,03;-0,01;-0,11;-0,09;0,0;0,0;-0,02;0,0;-0,02;0,0;0,0;0,0;-0,04;-0,02;-0,04;-0,02;-0,06;-0,04;-0,03;-0,01;-0,1;-0,08;-0,03;-0,01;-0,03;-0,01;-0,18;-0,16;-0,02;0,0;-0,05;-0,03;-0,01;0,0;-0,01;0,0;-0,01;0,0;-0,04;-0,02;-0,05;-0,03
31.07.2026;19:45;20:00;0,25;0,18;0,0;0,0;-0,01;-0,01;-0,22;-0,15;0,0;0,0;-0,02;-0,02;-0,06;-0,06;-0,06;-0,06;-0,12;-0,12;0,0;0,0;-0,01;-0,01;-0,01;-0,01;0,0;0,0;-0,04;-0,04;-0,07;-0,07;-0,06;-0,06;-0,03;-0,03;-0,09;-0,09;-0,03;-0,03;-0,03;-0,03;-0,12;-0,12;-0,03;-0,03;-0,05;-0,05;-0,01;-0,01;-0,02;-0,02;-0,01;-0,01;-0,03;-0,03;-0,04;-0,04
31.07.2026;20:00;20:15;0,03;0,03;0,0;0,0;-0,02;-0,02;-0,13;-0,13;0,0;0,0;0,0;0,0;-0,06;-0,06;-0,06;-0,06;-0,29;-0,29;-0,01;-0,01;-0,02;-0,02;0,0;0,0;0,0;0,0;-0,03;-0,03;-0,03;-0,03;-0,06;-0,06;-0,02;-0,02;-0,09;-0,09;-0,03;-0,03;-0,02;-0,02;-0,14;-0,14;-0,01;-0,01;-0,04;-0,04;-0,02;-0,02;-0,02;-0,02;-0,01;-0,01;-0,04;-0,04;-0,05;-0,05
31.07.2026;20:15;20:30;0,01;0,01;0,0;0,0;-0,03;-0,03;-0,14;-0,14;0,0;0,0;-0,01;-0,01;-0,05;-0,05;-0,03;-0,03;-0,33;-0,33;-0,01;-0,01;-0,01;-0,01;-0,01;-0,01;0,0;0,0;-0,14;-0,14;-0,04;-0,04;-0,07;-0,07;-0,03;-0,03;-0,08;-0,08;-0,03;-0,03;-0,04;-0,04;-0,08;-0,08;-0,01;-0,01;-0,05;-0,05;-0,01;-0,01;-0,02;-0,02;-0,02;-0,02;-0,04;-0,04;-0,04;-0,04
31.07.2026;20:30;20:45;0,0;0,0;0,0;0,0;-0,05;-0,05;-0,08;-0,08;0,0;0,0;-0,01;-0,01;-0,06;-0,06;-0,03;-0,03;-0,22;-0,22;-0,02;-0,02;-0,01;-0,01;-0,01;-0,01;0,0;0,0;-0,15;-0,15;-0,03;-0,03;-0,05;-0,05;-0,01;-0,01;-0,08;-0,08;-0,04;-0,04;-0,07;-0,07;-0,06;-0,06;-0,02;-0,02;-0,05;-0,05;-0,01;-0,01;-0,02;-0,02;-0,01;-0,01;-0,03;-0,03;-0,04;-0,04
31.07.2026;20:45;21:00;0,0;0,0;-0,01;-0,01;-0,03;-0,03;-0,22;-0,22;0,0;0,0;-0,02;-0,02;-0,07;-0,07;-0,04;-0,04;-0,13;-0,13;-0,01;-0,01;-0,01;-0,01;0,0;0,0;0,0;0,0;-0,06;-0,06;-0,03;-0,03;-0,02;-0,02;-0,03;-0,03;-0,09;-0,09;-0,02;-0,02;-0,06;-0,06;-0,05;-0,05;-0,02;-0,02;-0,05;-0,05;-0,01;-0,01;-0,02;-0,02;-0,02;-0,02;-0,05;-0,05;-0,04;-0,04
31.07.2026;21:00;21:15;0,0;0,0;0,0;0,0;-0,03;-0,03;-0,24;-0,24;0,0;0,0;-0,01;-0,01;-0,05;-0,05;-0,05;-0,05;-0,07;-0,07;-0,02;-0,02;-0,01;-0,01;-0,01;-0,01;0,0;0,0;-0,04;-0,04;-0,03;-0,03;-0,02;-0,02;-0,02;-0,02;-0,12;-0,12;-0,04;-0,04;-0,06;-0,06;-0,06;-0,06;-0,01;-0,01;-0,05;-0,05;-0,01;-0,01;-0,02;-0,02;0,0;0,0;-0,04;-0,04;-0,02;-0,02
31.07.2026;21:15;21:30;0,0;0,0;0,0;0,0;-0,02;-0,02;-0,11;-0,11;0,0;0,0;0,0;0,0;-0,07;-0,07;-0,04;-0,04;-0,05;-0,05;0,0;0,0;0,0;0,0;-0,02;-0,02;0,0;0,0;-0,04;-0,04;-0,04;-0,04;-0,02;-0,02;-0,02;-0,02;-0,09;-0,09;-0,02;-0,02;-0,06;-0,06;-0,05;-0,05;-0,01;-0,01;-0,01;-0,01;-0,02;-0,02;-0,02;-0,02;-0,01;-0,01;-0,03;-0,03;-0,03;-0,03
31.07.2026;21:30;21:45;0,0;0,0;0,0;0,0;-0,03;-0,03;-0,07;-0,07;0,0;0,0;-0,01;-0,01;-0,06;-0,06;-0,03;-0,03;-0,05;-0,05;-0,01;-0,01;-0,01;-0,01;0,0;0,0;0,0;0,0;-0,04;-0,04;-0,04;-0,04;-0,01;-0,01;-0,02;-0,02;-0,12;-0,12;-0,04;-0,04;-0,08;-0,08;-0,07;-0,07;-0,01;-0,01;-0,02;-0,02;-0,01;-0,01;-0,02;-0,02;-0,01;-0,01;-0,03;-0,03;-0,05;-0,05
31.07.2026;21:45;22:00;0,0;0,0;-0,01;-0,01;-0,03;-0,03;-0,1;-0,1;0,0;0,0;-0,01;-0,01;-0,06;-0,06;-0,03;-0,03;-0,06;-0,06;0,0;0,0;-0,01;-0,01;0,0;0,0;0,0;0,0;-0,03;-0,03;-0,04;-0,04;-0,02;-0,02;-0,02;-0,02;-0,09;-0,09;-0,02;-0,02;-0,07;-0,07;-0,03;-0,03;-0,03;-0,03;-0,01;-0,01;-0,01;-0,01;-0,01;-0,01;-0,01;-0,01;-0,04;-0,04;-0,04;-0,04
31.07.2026;22:00;22:15;0,0;0,0;0,0;0,0;-0,04;-0,04;-0,07;-0,07;0,0;0,0;-0,02;-0,02;-0,05;-0,05;-0,03;-0,03;-0,11;-0,11;-0,01;-0,01;-0,02;-0,02;-0,02;-0,02;0,0;0,0;-0,03;-0,03;-0,06;-0,06;-0,01;-0,01;-0,03;-0,03;-0,07;-0,07;-0,03;-0,03;-0,06;-0,06;-0,07;-0,07;-0,02;-0,02;-0,01;-0,01;-0,01;-0,01;-0,01;-0,01;-0,02;-0,02;-0,03;-0,03;-0,04;-0,04
31.07.2026;22:15;22:30;0,0;0,0;0,0;0,0;-0,02;-0,02;-0,13;-0,13;0,0;0,0;0,0;0,0;-0,05;-0,05;-0,02;-0,02;-0,12;-0,12;-0,02;-0,02;-0,01;-0,01;0,0;0,0;0,0;0,0;-0,04;-0,04;-0,26;-0,26;-0,01;-0,01;-0,02;-0,02;-0,08;-0,08;-0,03;-0,03;-0,11;-0,11;-0,04;-0,04;-0,01;-0,01;-0,01;-0,01;-0,01;-0,01;-0,01;-0,01;-0,02;-0,02;-0,04;-0,04;-0,04;-0,04
31.07.2026;22:30;22:45;0,0;0,0;0,0;0,0;-0,03;-0,03;-0,06;-0,06;0,0;0,0;-0,01;-0,01;-0,04;-0,04;-0,03;-0,03;-0,14;-0,14;-0,02;-0,02;-0,02;-0,02;-0,01;-0,01;0,0;0,0;-0,04;-0,04;-0,34;-0,34;-0,02;-0,02;-0,02;-0,02;-0,08;-0,08;-0,02;-0,02;-0,05;-0,05;-0,06;-0,06;-0,01;-0,01;-0,01;-0,01;-0,02;-0,02;0,0;0,0;-0,01;-0,01;-0,03;-0,03;-0,05;-0,05
31.07.2026;22:45;23:00;0,0;0,0;0,0;0,0;-0,04;-0,04;-0,07;-0,07;0,0;0,0;-0,01;-0,01;-0,04;-0,04;-0,03;-0,03;-0,15;-0,15;-0,01;-0,01;-0,01;-0,01;-0,01;-0,01;0,0;0,0;0,0;0,0;-0,27;-0,27;-0,01;-0,01;-0,04;-0,04;-0,08;-0,08;-0,03;-0,03;-0,05;-0,05;-0,05;-0,05;-0,02;-0,02;-0,01;-0,01;-0,01;-0,01;-0,03;-0,03;-0,02;-0,02;-0,04;-0,04;-0,05;-0,05
31.07.2026;23:00;23:15;0,0;0,0;-0,01;-0,01;-0,03;-0,03;-0,07;-0,07;0,0;0,0;-0,01;-0,01;-0,04;-0,04;-0,02;-0,02;-0,09;-0,09;-0,01;-0,01;-0,01;-0,01;-0,01;-0,01;-0,01;-0,01;-0,01;-0,01;-0,29;-0,29;-0,01;-0,01;-0,03;-0,03;-0,07;-0,07;-0,01;-0,01;-0,06;-0,06;-0,03;-0,03;-0,02;-0,02;-0,02;-0,02;-0,01;-0,01;-0,03;-0,03;-0,04;-0,04;-0,04;-0,04;-0,04;-0,04
31.07.2026;23:15;23:30;0,0;0,0;0,0;0,0;-0,03;-0,03;-0,07;-0,07;0,0;0,0;-0,02;-0,02;-0,04;-0,04;-0,03;-0,03;-0,11;-0,11;0,0;0,0;-0,01;-0,01;0,0;0,0;0,0;0,0;-0,02;-0,02;-0,11;-0,11;-0,02;-0,02;-0,01;-0,01;-0,08;-0,08;-0,03;-0,03;-0,04;-0,04;-0,03;-0,03;-0,02;-0,02;0,0;0,0;-0,01;-0,01;-0,02;-0,02;-0,03;-0,03;-0,03;-0,03;-0,04;-0,04
31.07.2026;23:30;23:45;0,0;0,0;0,0;0,0;-0,03;-0,03;-0,07;-0,07;0,0;0,0;0,0;0,0;-0,04;-0,04;-0,03;-0,03;-0,08;-0,08;0,0;0,0;0,0;0,0;-0,01;-0,01;0,0;0,0;-0,01;-0,01;-0,06;-0,06;-0,01;-0,01;-0,01;-0,01;-0,26;-0,26;-0,02;-0,02;-0,04;-0,04;-0,03;-0,03;-0,01;-0,01;-0,02;-0,02;-0,02;-0,02;-0,03;-0,03;-0,02;-0,02;-0,04;-0,04;-0,03;-0,03
31.07.2026;23:45;00:00;0,0;0,0;0,0;0,0;0,0;0,0;-0,07;-0,07;0,0;0,0;0,0;0,0;-0,04;-0,04;-0,03;-0,03;-0,11;-0,11;-0,02;-0,02;0,0;0,0;-0,01;-0,01;0,0;0,0;0,0;0,0;-0,1;-0,1;-0,02;-0,02;0,0;0,0;-0,36;-0,36;-0,02;-0,02;-0,03;-0,03;-0,03;-0,03;-0,01;-0,01;-0,01;-0,01;-0,01;-0,01;-0,02;-0,02;-0,03;-0,03;-0,04;-0,04;-0,02;-0,02
