Datum;Cas od;Cas do;IN-859182400611454266-D;OUT-859182400611454266-D;IN-859182400611943234-O;OUT-859182400611943234-O;IN-859182400611943241-O;OUT-859182400611943241-O;IN-859182400611943258-O;OUT-859182400611943258-O;IN-859182400611943265-O;OUT-859182400611943265-O;IN-859182400611943272-O;OUT-859182400611943272-O;IN-859182400611943470-O;OUT-859182400611943470-O;IN-859182400611943487-O;OUT-859182400611943487-O;IN-859182400611943500-O;OUT-859182400611943500-O;IN-859182400611944118-O;OUT-859182400611944118-O;IN-859182400611944149-O;OUT-859182400611944149-O;IN-859182400611944156-O;OUT-859182400611944156-O;IN-859182400611944163-O;OUT-859182400611944163-O;IN-859182400611944170-O;OUT-859182400611944170-O;IN-859182400611944187-O;OUT-859182400611944187-O;IN-859182400611944194-O;OUT-859182400611944194-O;IN-859182400611944200-O;OUT-859182400611944200-O;IN-859182400611944316-O;OUT-859182400611944316-O;IN-859182400611944323-O;OUT-859182400611944323-O;IN-859182400611944347-O;OUT-859182400611944347-O;IN-859182400611944354-O;OUT-859182400611944354-O;IN-859182400611944361-O;OUT-859182400611944361-O;IN-859182400611944378-O;OUT-859182400611944378-O;IN-859182400611944385-O;OUT-859182400611944385-O;IN-859182400611944392-O;OUT-859182400611944392-O;IN-859182400611944620-O;OUT-859182400611944620-O;IN-859182400611944637-O;OUT-859182400611944637-O;IN-859182400611944644-O;OUT-859182400611944644-O
01.07.2026;00:00;00:15;0,0;0,0;-0,16;-0,16;-0,02;-0,02;0,0;0,0;-0,01;-0,01;0,0;0,0;-0,22;-0,22;-0,03;-0,03;0,0;0,0;0,0;0,0;0,0;0,0;0,0;0,0;0,0;0,0;0,0;0,0;-0,06;-0,06;0,0;0,0;-0,05;-0,05;-0,05;-0,05;0,0;0,0;-0,01;-0,01;-0,01;-0,01;-0,04;-0,04;-0,01;-0,01;-0,02;-0,02;0,0;0,0;0,0;0,0;0,0;0,0;-0,02;-0,02
01.07.2026;00:15;00:30;0,0;0,0;-0,16;-0,16;-0,02;-0,02;0,0;0,0;-0,02;-0,02;0,0;0,0;-0,02;-0,02;-0,03;-0,03;0,0;0,0;0,0;0,0;0,0;0,0;0,0;0,0;-0,02;-0,02;0,0;0,0;-0,2;-0,2;0,0;0,0;-0,05;-0,05;-0,05;-0,05;0,0;0,0;-0,02;-0,02;-0,01;-0,01;-0,03;-0,03;-0,02;-0,02;-0,02;-0,02;0,0;0,0;0,0;0,0;-0,01;-0,01;-0,01;-0,01
01.07.2026;00:30;00:45;0,0;0,0;-0,15;-0,15;-0,02;-0,02;0,0;0,0;-0,01;-0,01;0,0;0,0;-0,01;-0,01;-0,02;-0,02;0,0;0,0;0,0;0,0;0,0;0,0;0,0;0,0;-0,02;-0,02;0,0;0,0;-0,2;-0,2;0,0;0,0;-0,04;-0,04;-0,04;-0,04;0,0;0,0;-0,01;-0,01;-0,01;-0,01;-0,02;-0,02;-0,01;-0,01;-0,01;-0,01;0,0;0,0;0,0;0,0;-0,01;-0,01;-0,02;-0,02
01.07.2026;00:45;01:00;0,0;0,0;-0,16;-0,16;-0,03;-0,03;0,0;0,0;-0,01;-0,01;0,0;0,0;-0,01;-0,01;-0,03;-0,03;0,0;0,0;0,0;0,0;0,0;0,0;0,0;0,0;-0,01;-0,01;0,0;0,0;-0,1;-0,1;0,0;0,0;-0,06;-0,06;-0,05;-0,05;0,0;0,0;-0,01;-0,01;-0,02;-0,02;-0,03;-0,03;-0,01;-0,01;-0,02;-0,02;0,0;0,0;0,0;0,0;0,0;0,0;-0,02;-0,02
01.07.2026;01:00;01:15;0,0;0,0;-0,15;-0,15;-0,03;-0,03;0,0;0,0;-0,02;-0,02;0,0;0,0;-0,01;-0,01;-0,03;-0,03;0,0;0,0;0,0;0,0;0,0;0,0;0,0;0,0;0,0;0,0;0,0;0,0;-0,12;-0,12;0,0;0,0;-0,05;-0,05;-0,02;-0,02;0,0;0,0;0,0;0,0;0,0;0,0;-0,02;-0,02;-0,01;-0,01;-0,01;-0,01;0,0;0,0;0,0;0,0;-0,01;-0,01;-0,03;-0,03
01.07.2026;01:15;01:30;0,0;0,0;-0,16;-0,16;-0,02;-0,02;0,0;0,0;-0,01;-0,01;0,0;0,0;-0,01;-0,01;-0,02;-0,02;0,0;0,0;0,0;0,0;0,0;0,0;0,0;0,0;-0,01;-0,01;0,0;0,0;-0,13;-0,13;0,0;0,0;-0,06;-0,06;-0,03;-0,03;0,0;0,0;-0,02;-0,02;-0,01;-0,01;-0,04;-0,04;-0,01;-0,01;-0,02;-0,02;0,0;0,0;0,0;0,0;-0,01;-0,01;-0,02;-0,02
01.07.2026;01:30;01:45;0,0;0,0;-0,17;-0,17;-0,01;-0,01;0,0;0,0;-0,02;-0,02;0,0;0,0;-0,01;-0,01;-0,03;-0,03;0,0;0,0;0,0;0,0;0,0;0,0;0,0;0,0;-0,02;-0,02;0,0;0,0;-0,07;-0,07;0,0;0,0;-0,05;-0,05;-0,02;-0,02;0,0;0,0;0,0;0,0;-0,02;-0,02;-0,07;-0,07;-0,01;-0,01;-0,02;-0,02;-0,01;-0,01;0,0;0,0;0,0;0,0;-0,02;-0,02
01.07.2026;01:45;02:00;0,0;0,0;-0,18;-0,18;-0,02;-0,02;0,0;0,0;-0,03;-0,03;-0,01;-0,01;-0,01;-0,01;-0,03;-0,03;-0,01;-0,01;0,0;0,0;-0,01;-0,01;0,0;0,0;-0,01;-0,01;0,0;0,0;-0,05;-0,05;-0,01;-0,01;-0,06;-0,06;-0,02;-0,02;0,0;0,0;-0,01;-0,01;0,0;0,0;-0,03;-0,03;-0,01;-0,01;-0,01;-0,01;0,0;0,0;0,0;0,0;0,0;0,0;-0,03;-0,03
01.07.2026;02:00;02:15;0,0;0,0;-0,15;-0,15;-0,03;-0,03;0,0;0,0;0,0;0,0;0,0;0,0;-0,01;-0,01;-0,02;-0,02;0,0;0,0;0,0;0,0;0,0;0,0;0,0;0,0;0,0;0,0;0,0;0,0;-0,05;-0,05;0,0;0,0;-0,06;-0,06;-0,02;-0,02;0,0;0,0;-0,02;-0,02;-0,01;-0,01;-0,03;-0,03;-0,01;-0,01;-0,02;-0,02;0,0;0,0;0,0;0,0;-0,01;-0,01;-0,02;-0,02
01.07.2026;02:15;02:30;0,0;0,0;-0,15;-0,15;-0,02;-0,02;-0,01;-0,01;-0,01;-0,01;0,0;0,0;-0,01;-0,01;-0,03;-0,03;0,0;0,0;0,0;0,0;0,0;0,0;0,0;0,0;-0,01;-0,01;-0,01;-0,01;-0,07;-0,07;0,0;0,0;-0,06;-0,06;-0,02;-0,02;0,0;0,0;-0,01;-0,01;-0,01;-0,01;-0,03;-0,03;-0,01;-0,01;-0,02;-0,02;0,0;0,0;-0,01;-0,01;-0,01;-0,01;-0,01;-0,01
01.07.2026;02:30;02:45;0,0;0,0;-0,16;-0,16;-0,02;-0,02;0,0;0,0;0,0;0,0;0,0;0,0;-0,01;-0,01;-0,02;-0,02;0,0;0,0;0,0;0,0;0,0;0,0;0,0;0,0;-0,01;-0,01;0,0;0,0;-0,06;-0,06;0,0;0,0;-0,05;-0,05;-0,03;-0,03;0,0;0,0;-0,01;-0,01;-0,01;-0,01;-0,02;-0,02;-0,01;-0,01;-0,01;-0,01;0,0;0,0;0,0;0,0;0,0;0,0;-0,01;-0,01
01.07.2026;02:45;03:00;0,0;0,0;-0,16;-0,16;-0,02;-0,02;0,0;0,0;-0,01;-0,01;0,0;0,0;-0,02;-0,02;-0,03;-0,03;0,0;0,0;0,0;0,0;0,0;0,0;0,0;0,0;-0,02;-0,02;0,0;0,0;-0,04;-0,04;0,0;0,0;-0,02;-0,02;-0,02;-0,02;0,0;0,0;0,0;0,0;-0,01;-0,01;-0,03;-0,03;-0,01;-0,01;-0,02;-0,02;0,0;0,0;0,0;0,0;0,0;0,0;-0,03;-0,03
01.07.2026;03:00;03:15;0,0;0,0;-0,18;-0,18;-0,02;-0,02;0,0;0,0;-0,02;-0,02;0,0;0,0;0,0;0,0;-0,03;-0,03;0,0;0,0;-0,01;-0,01;0,0;0,0;-0,01;-0,01;-0,01;-0,01;0,0;0,0;-0,03;-0,03;0,0;0,0;-0,01;-0,01;-0,02;-0,02;-0,01;-0,01;-0,01;-0,01;-0,01;-0,01;-0,01;-0,01;0,0;0,0;-0,02;-0,02;0,0;0,0;0,0;0,0;-0,01;-0,01;-0,02;-0,02
01.07.2026;03:15;03:30;0,0;0,0;-0,17;-0,17;-0,02;-0,02;0,0;0,0;-0,02;-0,02;0,0;0,0;-0,01;-0,01;-0,02;-0,02;0,0;0,0;0,0;0,0;0,0;0,0;0,0;0,0;0,0;0,0;0,0;0,0;-0,04;-0,04;0,0;0,0;-0,01;-0,01;-0,02;-0,02;0,0;0,0;-0,02;-0,02;-0,01;-0,01;-0,02;-0,02;-0,01;-0,01;-0,01;-0,01;0,0;0,0;0,0;0,0;-0,01;-0,01;-0,02;-0,02
01.07.2026;03:30;03:45;0,0;0,0;-0,17;-0,17;-0,02;-0,02;0,0;0,0;-0,01;-0,01;0,0;0,0;-0,01;-0,01;-0,02;-0,02;0,0;0,0;0,0;0,0;0,0;0,0;0,0;0,0;0,0;0,0;0,0;0,0;-0,07;-0,07;0,0;0,0;-0,02;-0,02;-0,02;-0,02;0,0;0,0;0,0;0,0;-0,01;-0,01;-0,01;-0,01;-0,01;-0,01;-0,02;-0,02;-0,01;-0,01;0,0;0,0;0,0;0,0;-0,03;-0,03
01.07.2026;03:45;04:00;0,0;0,0;-0,24;-0,24;-0,02;-0,02;0,0;0,0;-0,01;-0,01;0,0;0,0;-0,01;-0,01;-0,03;-0,03;0,0;0,0;0,0;0,0;0,0;0,0;0,0;0,0;-0,02;-0,02;0,0;0,0;-0,02;-0,02;0,0;0,0;-0,01;-0,01;-0,03;-0,03;0,0;0,0;-0,02;-0,02;-0,01;-0,01;-0,01;-0,01;-0,01;-0,01;-0,02;-0,02;0,0;0,0;0,0;0,0;-0,01;-0,01;-0,03;-0,03
01.07.2026;04:00;04:15;0,0;0,0;-0,37;-0,37;-0,02;-0,02;0,0;0,0;-0,02;-0,02;0,0;0,0;-0,01;-0,01;-0,03;-0,03;0,0;0,0;0,0;0,0;0,0;0,0;0,0;0,0;-0,02;-0,02;0,0;0,0;-0,01;-0,01;0,0;0,0;-0,01;-0,01;-0,02;-0,02;0,0;0,0;-0,01;-0,01;-0,01;-0,01;-0,01;-0,01;-0,01;-0,01;-0,01;-0,01;0,0;0,0;0,0;0,0;0,0;0,0;-0,01;-0,01
01.07.2026;04:15;04:30;0,0;0,0;-0,18;-0,18;-0,03;-0,03;0,0;0,0;-0,01;-0,01;-0,01;-0,01;-0,01;-0,01;-0,03;-0,03;-0,01;-0,01;0,0;0,0;-0,01;-0,01;0,0;0,0;0,0;0,0;0,0;0,0;-0,02;-0,02;-0,01;-0,01;-0,02;-0,02;-0,01;-0,01;0,0;0,0;-0,01;-0,01;-0,01;-0,01;-0,01;-0,01;-0,08;-0,08;-0,02;-0,02;0,0;0,0;0,0;0,0;-0,01;-0,01;-0,01;-0,01
01.07.2026;04:30;04:45;0,0;0,0;-0,17;-0,17;-0,01;-0,01;0,0;0,0;-0,02;-0,02;0,0;0,0;-0,01;-0,01;-0,01;-0,01;0,0;0,0;0,0;0,0;0,0;0,0;0,0;0,0;-0,01;-0,01;0,0;0,0;-0,01;-0,01;0,0;0,0;-0,01;-0,01;-0,01;-0,01;0,0;0,0;-0,01;-0,01;0,0;0,0;-0,01;-0,01;-0,16;-0,16;-0,02;-0,02;0,0;0,0;0,0;0,0;0,0;0,0;-0,02;-0,02
01.07.2026;04:45;05:00;0,0;0,0;-0,18;-0,18;-0,04;-0,04;0,0;0,0;-0,01;-0,01;0,0;0,0;-0,01;-0,01;-0,03;-0,03;0,0;0,0;0,0;0,0;0,0;0,0;0,0;0,0;0,0;0,0;0,0;0,0;-0,02;-0,02;0,0;0,0;-0,02;-0,02;-0,01;-0,01;0,0;0,0;0,0;0,0;-0,02;-0,02;-0,01;-0,01;-0,19;-0,19;-0,01;-0,01;0,0;0,0;0,0;0,0;-0,01;-0,01;-0,02;-0,02
01.07.2026;05:00;05:15;0,0;0,0;-0,17;-0,17;-0,05;-0,05;0,0;0,0;-0,01;-0,01;0,0;0,0;-0,01;-0,01;-0,03;-0,03;0,0;0,0;0,0;0,0;0,0;0,0;0,0;0,0;-0,02;-0,02;0,0;0,0;-0,01;-0,01;0,0;0,0;-0,02;-0,02;-0,02;-0,02;0,0;0,0;-0,01;-0,01;-0,01;-0,01;-0,02;-0,02;-0,14;-0,14;-0,02;-0,02;0,0;0,0;0,0;0,0;0,0;0,0;-0,03;-0,03
01.07.2026;05:15;05:30;0,0;0,0;-0,18;-0,18;-0,06;-0,06;0,0;0,0;-0,01;-0,01;0,0;0,0;-0,01;-0,01;-0,02;-0,02;0,0;0,0;0,0;0,0;0,0;0,0;0,0;0,0;-0,01;-0,01;0,0;0,0;-0,02;-0,02;0,0;0,0;-0,02;-0,02;-0,1;-0,1;0,0;0,0;-0,01;-0,01;0,0;0,0;-0,01;-0,01;-0,02;-0,02;-0,01;-0,01;0,0;0,0;0,0;0,0;-0,01;-0,01;-0,02;-0,02
01.07.2026;05:30;05:45;0,0;0,0;-0,16;-0,16;-0,03;-0,03;-0,01;-0,01;-0,01;-0,01;0,0;0,0;-0,01;-0,01;-0,03;-0,03;0,0;0,0;0,0;0,0;0,0;0,0;0,0;0,0;-0,01;-0,01;-0,01;-0,01;-0,01;-0,01;0,0;0,0;-0,02;-0,02;-0,11;-0,11;0,0;0,0;-0,01;-0,01;-0,02;-0,02;0,0;0,0;0,0;0,0;-0,02;-0,02;-0,01;-0,01;-0,01;-0,01;-0,01;-0,01;-0,02;-0,02
01.07.2026;05:45;06:00;0,0;0,0;-0,22;-0,22;-0,03;-0,03;0,0;0,0;-0,01;-0,01;0,0;0,0;-0,01;-0,01;-0,03;-0,03;0,0;0,0;0,0;0,0;0,0;0,0;0,0;0,0;0,0;0,0;0,0;0,0;-0,01;-0,01;0,0;0,0;-0,02;-0,02;-0,13;-0,13;0,0;0,0;-0,01;-0,01;0,0;0,0;-0,01;-0,01;-0,01;-0,01;-0,01;-0,01;0,0;0,0;0,0;0,0;0,0;0,0;-0,02;-0,02
01.07.2026;06:00;06:15;0,01;0,01;-0,18;-0,18;-0,02;-0,02;0,0;0,0;-0,02;-0,02;0,0;0,0;-0,01;-0,01;-0,03;-0,03;0,0;0,0;0,0;0,0;0,0;0,0;0,0;0,0;-0,01;-0,01;0,0;0,0;-0,02;-0,02;0,0;0,0;-0,02;-0,02;-0,03;-0,03;0,0;0,0;-0,02;-0,02;-0,01;-0,01;-0,02;-0,02;-0,01;-0,01;-0,02;-0,02;0,0;0,0;0,0;0,0;0,0;0,0;-0,01;-0,01
01.07.2026;06:15;06:30;0,02;0,02;-0,17;-0,17;-0,02;-0,02;0,0;0,0;-0,01;-0,01;0,0;0,0;-0,01;-0,01;-0,02;-0,02;0,0;0,0;0,0;0,0;0,0;0,0;0,0;0,0;-0,02;-0,02;0,0;0,0;-0,01;-0,01;0,0;0,0;-0,02;-0,02;-0,02;-0,02;0,0;0,0;-0,01;-0,01;-0,02;-0,02;-0,01;-0,01;-0,01;-0,01;-0,02;-0,02;0,0;0,0;0,0;0,0;-0,01;-0,01;-0,01;-0,01
01.07.2026;06:30;06:45;0,1;0,1;-0,18;-0,18;-0,1;-0,1;0,0;0,0;-0,02;-0,02;0,0;0,0;-0,01;-0,01;-0,03;-0,03;0,0;0,0;0,0;0,0;0,0;0,0;0,0;0,0;-0,01;-0,01;0,0;0,0;-0,01;-0,01;0,0;0,0;-0,02;-0,02;-0,02;-0,02;0,0;0,0;-0,01;-0,01;0,0;0,0;-0,01;-0,01;-0,01;-0,01;-0,01;-0,01;0,0;0,0;0,0;0,0;-0,01;-0,01;-0,02;-0,02
01.07.2026;06:45;07:00;0,12;0,11;-0,17;-0,16;-0,13;-0,13;0,0;0,0;-0,02;-0,02;-0,01;-0,01;-0,01;-0,01;-0,03;-0,03;-0,01;-0,01;0,0;0,0;-0,01;-0,01;0,0;0,0;0,0;0,0;0,0;0,0;-0,02;-0,02;-0,01;-0,01;-0,02;-0,02;-0,02;-0,02;0,0;0,0;-0,01;-0,01;-0,01;-0,01;-0,01;-0,01;-0,01;-0,01;-0,02;-0,02;0,0;0,0;0,0;0,0;0,0;0,0;-0,03;-0,03
01.07.2026;07:00;07:15;0,22;0,17;-0,16;-0,11;-0,04;-0,04;0,0;0,0;-0,02;-0,02;0,0;0,0;-0,02;-0,02;-0,02;-0,02;0,0;0,0;0,0;0,0;0,0;0,0;0,0;0,0;-0,01;-0,01;0,0;0,0;-0,01;-0,01;0,0;0,0;-0,02;-0,02;-0,03;-0,03;0,0;0,0;-0,03;-0,03;-0,01;-0,01;-0,01;-0,01;-0,01;-0,01;-0,02;-0,02;0,0;0,0;0,0;0,0;-0,01;-0,01;-0,02;-0,02
01.07.2026;07:15;07:30;0,07;0,07;-0,2;-0,2;-0,06;-0,06;0,0;0,0;-0,03;-0,03;0,0;0,0;-0,01;-0,01;-0,03;-0,03;0,0;0,0;0,0;0,0;0,0;0,0;0,0;0,0;-0,02;-0,02;0,0;0,0;-0,06;-0,06;0,0;0,0;-0,02;-0,02;-0,02;-0,02;0,0;0,0;-0,03;-0,03;-0,01;-0,01;-0,02;-0,02;0,0;0,0;-0,18;-0,18;0,0;0,0;0,0;0,0;0,0;0,0;-0,02;-0,02
01.07.2026;07:30;07:45;0,0;0,0;-0,26;-0,26;-0,02;-0,02;0,0;0,0;-0,03;-0,03;0,0;0,0;-0,02;-0,02;-0,03;-0,03;0,0;0,0;0,0;0,0;0,0;0,0;0,0;0,0;-0,01;-0,01;0,0;0,0;-0,11;-0,11;0,0;0,0;-0,02;-0,02;-0,02;-0,02;0,0;0,0;-0,03;-0,03;-0,01;-0,01;-0,01;-0,01;-0,01;-0,01;-0,1;-0,1;-0,01;-0,01;0,0;0,0;-0,01;-0,01;-0,02;-0,02
01.07.2026;07:45;08:00;0,0;0,0;-0,17;-0,17;-0,02;-0,02;0,0;0,0;-0,1;-0,1;0,0;0,0;-0,01;-0,01;-0,03;-0,03;0,0;0,0;0,0;0,0;0,0;0,0;0,0;0,0;-0,01;-0,01;0,0;0,0;-0,12;-0,12;0,0;0,0;-0,02;-0,02;-0,02;-0,02;0,0;0,0;-0,02;-0,02;-0,01;-0,01;-0,01;-0,01;-0,01;-0,01;-0,25;-0,25;0,0;0,0;0,0;0,0;0,0;0,0;-0,02;-0,02
01.07.2026;08:00;08:15;0,21;0,16;-0,17;-0,12;-0,03;-0,03;0,0;0,0;-0,05;-0,05;0,0;0,0;0,0;0,0;-0,02;-0,02;0,0;0,0;-0,01;-0,01;0,0;0,0;-0,01;-0,01;-0,01;-0,01;0,0;0,0;-0,13;-0,13;0,0;0,0;-0,02;-0,02;-0,03;-0,03;-0,01;-0,01;-0,03;-0,03;-0,01;-0,01;-0,01;-0,01;-0,01;-0,01;-0,27;-0,27;0,0;0,0;0,0;0,0;-0,01;-0,01;-0,01;-0,01
01.07.2026;08:15;08:30;0,37;0,17;-0,18;-0,11;-0,02;-0,01;0,0;0,0;-0,04;-0,03;0,0;0,0;-0,02;-0,01;-0,03;-0,02;0,0;0,0;0,0;0,0;0,0;0,0;0,0;0,0;-0,04;-0,03;0,0;0,0;-0,11;-0,1;0,0;0,0;-0,02;-0,01;-0,02;-0,01;0,0;0,0;0,0;0,0;-0,01;0,0;-0,01;0,0;-0,01;0,0;-0,12;-0,11;0,0;0,0;0,0;0,0;0,0;0,0;-0,02;-0,01
01.07.2026;08:30;08:45;0,23;0,17;-0,18;-0,12;-0,01;-0,01;0,0;0,0;-0,03;-0,03;0,0;0,0;0,0;0,0;-0,14;-0,14;0,0;0,0;0,0;0,0;0,0;0,0;0,0;0,0;-0,08;-0,08;0,0;0,0;-0,03;-0,03;0,0;0,0;-0,02;-0,02;-0,02;-0,02;0,0;0,0;0,0;0,0;0,0;0,0;-0,01;-0,01;-0,01;-0,01;-0,1;-0,1;0,0;0,0;0,0;0,0;-0,01;-0,01;-0,02;-0,02
01.07.2026;08:45;09:00;0,34;0,13;-0,18;-0,11;-0,02;-0,01;0,0;0,0;-0,03;-0,02;0,0;0,0;-0,02;-0,01;-0,07;-0,06;0,0;0,0;0,0;0,0;0,0;0,0;0,0;0,0;-0,27;-0,26;0,0;0,0;-0,01;0,0;0,0;0,0;-0,02;-0,01;-0,02;-0,01;0,0;0,0;-0,01;0,0;-0,02;-0,01;-0,01;0,0;-0,01;0,0;-0,11;-0,1;0,0;0,0;0,0;0,0;0,0;0,0;-0,02;-0,01
01.07.2026;09:00;09:15;0,31;0,11;-0,22;-0,18;-0,02;-0,01;0,0;0,0;-0,05;-0,04;0,0;0,0;0,0;0,0;-0,07;-0,06;0,0;0,0;0,0;0,0;0,0;0,0;0,0;0,0;-0,03;-0,02;-0,01;0,0;-0,02;-0,01;0,0;0,0;-0,02;-0,01;-0,03;-0,02;0,0;0,0;-0,01;0,0;-0,01;0,0;-0,01;0,0;-0,01;0,0;-0,15;-0,14;0,0;0,0;-0,01;0,0;-0,01;0,0;-0,02;-0,01
01.07.2026;09:15;09:30;0,5;0,14;-0,18;-0,09;-0,03;-0,01;0,0;0,0;-0,03;-0,01;-0,01;0,0;-0,01;0,0;-0,07;-0,05;-0,01;0,0;0,0;0,0;0,0;0,0;0,0;0,0;-0,03;-0,01;0,0;0,0;-0,02;0,0;-0,01;0,0;-0,02;0,0;-0,02;0,0;0,0;0,0;-0,02;0,0;0,0;0,0;-0,01;0,0;-0,01;0,0;-0,13;-0,11;0,0;0,0;0,0;0,0;-0,01;0,0;-0,03;-0,01
01.07.2026;09:30;09:45;0,66;0,21;-0,17;-0,03;-0,02;0,0;-0,01;0,0;-0,01;0,0;0,0;0,0;-0,01;0,0;-0,07;-0,03;0,0;0,0;0,0;0,0;-0,01;0,0;0,0;0,0;-0,07;-0,03;0,0;0,0;-0,01;0,0;0,0;0,0;-0,02;0,0;-0,02;0,0;0,0;0,0;-0,01;0,0;-0,02;0,0;-0,01;0,0;-0,01;0,0;-0,13;-0,09;-0,01;0,0;0,0;0,0;0,0;0,0;-0,02;0,0
01.07.2026;09:45;10:00;0,26;0,19;-0,17;-0,1;-0,02;-0,02;0,0;0,0;-0,01;-0,01;0,0;0,0;-0,01;-0,01;-0,07;-0,07;0,0;0,0;0,0;0,0;0,0;0,0;0,0;0,0;-0,09;-0,09;0,0;0,0;-0,01;-0,01;0,0;0,0;-0,02;-0,02;-0,03;-0,03;0,0;0,0;-0,01;-0,01;0,0;0,0;-0,02;-0,02;-0,01;-0,01;-0,13;-0,13;0,0;0,0;0,0;0,0;0,0;0,0;-0,02;-0,02
01.07.2026;10:00;10:15;0,04;0,04;-0,18;-0,18;-0,01;-0,01;0,0;0,0;-0,02;-0,02;0,0;0,0;-0,02;-0,02;-0,07;-0,07;0,0;0,0;0,0;0,0;0,0;0,0;0,0;0,0;-0,04;-0,04;0,0;0,0;-0,01;-0,01;0,0;0,0;-0,02;-0,02;-0,03;-0,03;0,0;0,0;-0,01;-0,01;-0,01;-0,01;-0,02;-0,02;0,0;0,0;-0,03;-0,03;0,0;0,0;0,0;0,0;-0,01;-0,01;-0,01;-0,01
01.07.2026;10:15;10:30;0,16;0,11;-0,18;-0,13;-0,03;-0,03;0,0;0,0;-0,02;-0,02;0,0;0,0;0,0;0,0;-0,07;-0,07;0,0;0,0;0,0;0,0;0,0;0,0;0,0;0,0;-0,03;-0,03;0,0;0,0;-0,02;-0,02;0,0;0,0;-0,02;-0,02;-0,02;-0,02;0,0;0,0;-0,01;-0,01;-0,02;-0,02;-0,09;-0,09;-0,05;-0,05;-0,03;-0,03;0,0;0,0;0,0;0,0;-0,01;-0,01;-0,02;-0,02
01.07.2026;10:30;10:45;0,48;0,17;-0,19;-0,1;-0,02;0,0;0,0;0,0;-0,02;0,0;0,0;0,0;-0,02;0,0;-0,07;-0,05;0,0;0,0;0,0;0,0;0,0;0,0;0,0;0,0;-0,03;-0,01;0,0;0,0;-0,01;0,0;0,0;0,0;-0,02;0,0;-0,04;-0,02;0,0;0,0;0,0;0,0;0,0;0,0;-0,02;0,0;-0,2;-0,18;-0,03;-0,01;0,0;0,0;0,0;0,0;0,0;0,0;-0,01;0,0
01.07.2026;10:45;11:00;0,53;0,19;-0,17;-0,06;-0,01;0,0;0,0;0,0;-0,02;0,0;0,0;0,0;-0,01;0,0;-0,31;-0,29;0,0;0,0;0,0;0,0;0,0;0,0;0,0;0,0;-0,06;-0,04;0,0;0,0;-0,01;0,0;0,0;0,0;-0,02;0,0;-0,03;-0,01;0,0;0,0;-0,01;0,0;-0,01;0,0;-0,02;0,0;-0,2;-0,18;-0,03;-0,01;0,0;0,0;0,0;0,0;0,0;0,0;-0,03;-0,01
01.07.2026;11:00;11:15;0,79;0,25;-0,24;-0,06;-0,03;0,0;0,0;0,0;0,0;0,0;0,0;0,0;-0,01;0,0;-0,24;-0,19;0,0;0,0;0,0;0,0;0,0;0,0;0,0;0,0;-0,12;-0,07;0,0;0,0;-0,02;0,0;0,0;0,0;-0,02;0,0;-0,04;0,0;0,0;0,0;-0,01;0,0;-0,01;0,0;-0,02;0,0;-0,07;-0,02;-0,02;0,0;0,0;0,0;0,0;0,0;-0,01;0,0;-0,02;0,0
01.07.2026;11:15;11:30;0,72;0,24;-0,18;-0,02;-0,01;0,0;0,0;0,0;-0,01;0,0;-0,01;0,0;-0,01;0,0;-0,07;-0,03;0,0;0,0;0,0;0,0;0,0;0,0;0,0;0,0;-0,25;-0,21;0,0;0,0;-0,01;0,0;0,0;0,0;-0,02;0,0;-0,04;0,0;0,0;0,0;-0,02;0,0;-0,01;0,0;-0,03;0,0;-0,02;0,0;-0,02;0,0;0,0;0,0;0,0;0,0;-0,01;0,0;-0,02;0,0
01.07.2026;11:30;11:45;0,4;0,18;-0,2;-0,13;-0,03;-0,02;0,0;0,0;-0,02;-0,01;0,0;0,0;-0,01;0,0;-0,07;-0,06;0,0;0,0;0,0;0,0;0,0;0,0;0,0;0,0;-0,32;-0,31;0,0;0,0;-0,01;0,0;0,0;0,0;-0,02;-0,01;-0,03;-0,02;0,0;0,0;-0,01;0,0;-0,01;0,0;-0,01;0,0;-0,02;-0,01;-0,02;-0,01;-0,01;0,0;0,0;0,0;0,0;0,0;-0,02;-0,01
01.07.2026;11:45;12:00;0,48;0,21;-0,22;-0,11;-0,02;-0,01;0,0;0,0;-0,01;0,0;0,0;0,0;-0,01;0,0;-0,07;-0,06;-0,01;0,0;0,0;0,0;0,0;0,0;0,0;0,0;-0,05;-0,04;0,0;0,0;-0,02;-0,01;-0,01;0,0;-0,03;-0,02;-0,03;-0,02;0,0;0,0;-0,02;-0,01;-0,01;0,0;-0,03;-0,02;-0,01;0,0;-0,03;-0,02;0,0;0,0;0,0;0,0;0,0;0,0;-0,03;-0,02
01.07.2026;12:00;12:15;0,08;0,08;-0,22;-0,22;-0,02;-0,02;0,0;0,0;-0,02;-0,02;0,0;0,0;-0,01;-0,01;-0,1;-0,1;0,0;0,0;0,0;0,0;-0,01;-0,01;0,0;0,0;-0,03;-0,03;0,0;0,0;-0,01;-0,01;0,0;0,0;-0,03;-0,03;-0,03;-0,03;0,0;0,0;-0,01;-0,01;-0,01;-0,01;-0,03;-0,03;-0,07;-0,07;-0,02;-0,02;0,0;0,0;0,0;0,0;-0,01;-0,01;-0,01;-0,01
01.07.2026;12:15;12:30;0,17;0,12;-0,28;-0,23;-0,03;-0,03;0,0;0,0;0,0;0,0;0,0;0,0;-0,01;-0,01;-0,08;-0,08;0,0;0,0;0,0;0,0;0,0;0,0;0,0;0,0;-0,03;-0,03;-0,01;-0,01;-0,01;-0,01;0,0;0,0;-0,02;-0,02;-0,02;-0,02;0,0;0,0;-0,03;-0,03;-0,01;-0,01;-0,29;-0,29;-0,02;-0,02;-0,03;-0,03;0,0;0,0;-0,01;-0,01;-0,01;-0,01;-0,01;-0,01
01.07.2026;12:30;12:45;0,59;0,19;-0,2;-0,1;-0,02;0,0;0,0;0,0;-0,01;0,0;0,0;0,0;-0,01;0,0;-0,09;-0,06;0,0;0,0;0,0;0,0;0,0;0,0;0,0;0,0;-0,03;0,0;0,0;0,0;-0,02;0,0;0,0;0,0;-0,06;-0,03;-0,04;-0,01;0,0;0,0;-0,04;-0,01;0,0;0,0;-0,79;-0,76;-0,01;0,0;-0,03;0,0;0,0;0,0;0,0;0,0;0,0;0,0;-0,02;0,0
01.07.2026;12:45;13:00;0,7;0,2;-0,2;-0,06;-0,02;0,0;0,0;0,0;-0,01;0,0;0,0;0,0;0,0;0,0;-0,06;-0,02;0,0;0,0;0,0;0,0;0,0;0,0;0,0;0,0;-0,01;0,0;0,0;0,0;-0,01;0,0;0,0;0,0;-0,18;-0,14;-0,04;0,0;0,0;0,0;-0,16;-0,12;-0,02;0,0;-0,15;-0,11;-0,1;-0,06;-0,02;0,0;0,0;0,0;0,0;0,0;-0,01;0,0;-0,02;0,0
01.07.2026;13:00;13:15;0,54;0,18;-0,19;-0,1;-0,03;-0,01;-0,01;0,0;-0,02;0,0;0,0;0,0;-0,01;0,0;-0,06;-0,04;0,0;0,0;-0,01;0,0;0,0;0,0;-0,01;0,0;-0,01;0,0;0,0;0,0;-0,01;0,0;0,0;0,0;-0,09;-0,07;-0,04;-0,02;-0,01;0,0;-0,16;-0,14;-0,01;0,0;-0,04;-0,02;-0,01;0,0;-0,03;-0,01;0,0;0,0;0,0;0,0;0,0;0,0;-0,02;0,0
01.07.2026;13:15;13:30;0,44;0,2;-0,19;-0,09;-0,02;-0,01;0,0;0,0;-0,01;0,0;-0,01;0,0;-0,01;0,0;-0,43;-0,42;0,0;0,0;0,0;0,0;0,0;0,0;0,0;0,0;0,0;0,0;0,0;0,0;-0,02;-0,01;0,0;0,0;-0,01;0,0;-0,04;-0,03;0,0;0,0;-0,15;-0,14;0,0;0,0;-0,35;-0,34;-0,01;0,0;-0,02;-0,01;0,0;0,0;0,0;0,0;-0,01;0,0;-0,03;-0,02
01.07.2026;13:30;13:45;0,21;0,16;-0,17;-0,12;-0,02;-0,02;0,0;0,0;-0,02;-0,02;0,0;0,0;-0,01;-0,01;-0,58;-0,58;0,0;0,0;0,0;0,0;0,0;0,0;0,0;0,0;-0,02;-0,02;0,0;0,0;-0,01;-0,01;0,0;0,0;-0,02;-0,02;-0,04;-0,04;0,0;0,0;-0,15;-0,15;-0,02;-0,02;-0,04;-0,04;-0,06;-0,06;-0,03;-0,03;-0,01;-0,01;0,0;0,0;0,0;0,0;-0,02;-0,02
01.07.2026;13:45;14:00;0,17;0,12;-0,17;-0,12;-0,03;-0,03;0,0;0,0;-0,01;-0,01;0,0;0,0;-0,02;-0,02;-0,18;-0,18;0,0;0,0;0,0;0,0;0,0;0,0;0,0;0,0;-0,01;-0,01;0,0;0,0;-0,01;-0,01;0,0;0,0;-0,04;-0,04;-0,03;-0,03;0,0;0,0;-0,17;-0,17;0,0;0,0;-0,02;-0,02;0,0;0,0;-0,02;-0,02;0,0;0,0;0,0;0,0;-0,01;-0,01;-0,02;-0,02
01.07.2026;14:00;14:15;0,12;0,11;-0,3;-0,29;-0,01;-0,01;0,0;0,0;-0,02;-0,02;0,0;0,0;-0,01;-0,01;-0,15;-0,15;0,0;0,0;0,0;0,0;0,0;0,0;0,0;0,0;-0,01;-0,01;0,0;0,0;-0,01;-0,01;0,0;0,0;-0,05;-0,05;-0,04;-0,04;0,0;0,0;-0,11;-0,11;-0,01;-0,01;-0,02;-0,02;-0,01;-0,01;-0,03;-0,03;0,0;0,0;0,0;0,0;-0,01;-0,01;-0,02;-0,02
01.07.2026;14:15;14:30;0,12;0,11;-0,24;-0,23;-0,01;-0,01;0,0;0,0;-0,01;-0,01;0,0;0,0;-0,01;-0,01;-0,15;-0,15;-0,01;-0,01;0,0;0,0;0,0;0,0;0,0;0,0;-0,02;-0,02;0,0;0,0;-0,02;-0,02;-0,01;-0,01;-0,04;-0,04;-0,04;-0,04;0,0;0,0;-0,07;-0,07;-0,02;-0,02;-0,03;-0,03;-0,02;-0,02;-0,03;-0,03;0,0;0,0;0,0;0,0;0,0;0,0;-0,01;-0,01
01.07.2026;14:30;14:45;0,12;0,11;-0,18;-0,17;-0,03;-0,03;0,0;0,0;-0,04;-0,04;0,0;0,0;-0,01;-0,01;-0,16;-0,16;0,0;0,0;0,0;0,0;-0,01;-0,01;0,0;0,0;-0,03;-0,03;0,0;0,0;-0,01;-0,01;0,0;0,0;-0,04;-0,04;-0,04;-0,04;0,0;0,0;-0,07;-0,07;0,0;0,0;-0,02;-0,02;0,0;0,0;-0,01;-0,01;0,0;0,0;0,0;0,0;0,0;0,0;-0,02;-0,02
01.07.2026;14:45;15:00;0,47;0,21;-0,17;-0,06;-0,02;-0,01;0,0;0,0;-0,05;-0,04;0,0;0,0;-0,01;0,0;-0,15;-0,14;0,0;0,0;0,0;0,0;0,0;0,0;0,0;0,0;-0,03;-0,02;0,0;0,0;-0,01;0,0;0,0;0,0;-0,05;-0,04;-0,03;-0,02;0,0;0,0;-0,13;-0,12;-0,02;-0,01;-0,02;-0,01;-0,12;-0,11;-0,02;-0,01;0,0;0,0;0,0;0,0;-0,01;0,0;-0,01;0,0
01.07.2026;15:00;15:15;0,53;0,19;-0,27;-0,17;-0,02;0,0;0,0;0,0;-0,04;-0,02;0,0;0,0;-0,01;0,0;-0,15;-0,13;0,0;0,0;0,0;0,0;0,0;0,0;0,0;0,0;-0,03;-0,01;0,0;0,0;-0,01;0,0;0,0;0,0;-0,04;-0,02;-0,04;-0,02;0,0;0,0;-0,42;-0,4;0,0;0,0;-0,04;-0,02;-0,11;-0,09;-0,01;0,0;0,0;0,0;0,0;0,0;-0,01;0,0;-0,03;-0,01
01.07.2026;15:15;15:30;0,44;0,2;-0,28;-0,18;-0,02;-0,01;0,0;0,0;-0,05;-0,04;-0,01;0,0;0,0;0,0;-0,16;-0,15;0,0;0,0;0,0;0,0;0,0;0,0;0,0;0,0;-0,02;-0,01;0,0;0,0;-0,01;0,0;0,0;0,0;-0,05;-0,04;-0,02;-0,01;0,0;0,0;-0,36;-0,35;-0,01;0,0;-0,13;-0,12;-0,18;-0,17;-0,02;-0,01;0,0;0,0;0,0;0,0;0,0;0,0;-0,03;-0,02
01.07.2026;15:30;15:45;0,49;0,15;-0,22;-0,13;-0,02;0,0;0,0;0,0;-0,03;-0,01;0,0;0,0;-0,01;0,0;-0,14;-0,12;0,0;0,0;0,0;0,0;0,0;0,0;0,0;0,0;0,0;0,0;0,0;0,0;-0,02;0,0;0,0;0,0;-0,04;-0,02;-0,02;0,0;0,0;0,0;-0,07;-0,05;-0,01;0,0;-0,12;-0,1;-0,01;0,0;-0,03;-0,01;-0,01;0,0;-0,01;0,0;0,0;0,0;-0,04;-0,02
01.07.2026;15:45;16:00;0,12;0,11;-0,25;-0,24;-0,02;-0,02;0,0;0,0;-0,04;-0,04;0,0;0,0;-0,01;-0,01;-0,15;-0,15;0,0;0,0;0,0;0,0;0,0;0,0;0,0;0,0;-0,01;-0,01;-0,01;-0,01;-0,01;-0,01;0,0;0,0;-0,05;-0,05;-0,03;-0,03;0,0;0,0;-0,1;-0,1;-0,01;-0,01;-0,14;-0,14;-0,01;-0,01;-0,02;-0,02;0,0;0,0;0,0;0,0;-0,01;-0,01;-0,03;-0,03
01.07.2026;16:00;16:15;0,0;0,0;-0,19;-0,19;-0,15;-0,15;0,0;0,0;-0,04;-0,04;0,0;0,0;-0,01;-0,01;-0,08;-0,08;0,0;0,0;0,0;0,0;0,0;0,0;0,0;0,0;-0,01;-0,01;0,0;0,0;-0,01;-0,01;0,0;0,0;-0,05;-0,05;-0,01;-0,01;0,0;0,0;-0,12;-0,12;-0,01;-0,01;-0,18;-0,18;-0,01;-0,01;-0,01;-0,01;0,0;0,0;0,0;0,0;-0,01;-0,01;-0,03;-0,03
01.07.2026;16:15;16:30;0,0;0,0;-0,18;-0,18;-0,09;-0,09;-0,01;-0,01;-0,02;-0,02;0,0;0,0;-0,01;-0,01;-0,07;-0,07;0,0;0,0;0,0;0,0;0,0;0,0;0,0;0,0;-0,02;-0,02;0,0;0,0;-0,01;-0,01;0,0;0,0;-0,04;-0,04;-0,01;-0,01;0,0;0,0;-0,07;-0,07;-0,01;-0,01;-0,18;-0,18;-0,01;-0,01;-0,02;-0,02;0,0;0,0;0,0;0,0;0,0;0,0;-0,02;-0,02
01.07.2026;16:30;16:45;0,36;0,17;-0,18;-0,11;-0,08;-0,07;0,0;0,0;-0,09;-0,08;0,0;0,0;-0,01;0,0;-0,08;-0,07;0,0;0,0;0,0;0,0;0,0;0,0;0,0;0,0;0,0;0,0;0,0;0,0;-0,02;-0,01;0,0;0,0;-0,05;-0,04;-0,01;0,0;0,0;0,0;-0,07;-0,06;-0,01;0,0;-0,11;-0,1;0,0;0,0;-0,01;0,0;0,0;0,0;0,0;0,0;0,0;0,0;-0,02;-0,01
01.07.2026;16:45;17:00;0,3;0,11;-0,26;-0,24;-0,03;-0,02;0,0;0,0;-0,33;-0,32;0,0;0,0;-0,01;0,0;-0,18;-0,17;-0,01;0,0;0,0;0,0;0,0;0,0;0,0;0,0;-0,01;0,0;0,0;0,0;-0,03;-0,02;-0,01;0,0;-0,04;-0,03;-0,02;-0,01;0,0;0,0;-0,07;-0,06;-0,01;0,0;-0,05;-0,04;-0,02;-0,01;-0,02;-0,01;0,0;0,0;0,0;0,0;-0,01;0,0;-0,04;-0,03
01.07.2026;17:00;17:15;0,31;0,11;-0,24;-0,19;-0,04;-0,03;0,0;0,0;-0,29;-0,28;0,0;0,0;-0,01;0,0;-0,1;-0,09;0,0;0,0;0,0;0,0;-0,01;0,0;0,0;0,0;0,0;0,0;0,0;0,0;-0,03;-0,02;0,0;0,0;-0,04;-0,03;-0,01;0,0;0,0;0,0;-0,09;-0,08;-0,01;0,0;-0,04;-0,03;-0,03;-0,02;-0,01;0,0;0,0;0,0;0,0;0,0;-0,01;0,0;-0,05;-0,04
01.07.2026;17:15;17:30;0,25;0,18;-0,22;-0,15;-0,05;-0,05;0,0;0,0;-0,18;-0,18;-0,01;-0,01;-0,01;-0,01;-0,25;-0,25;0,0;0,0;0,0;0,0;0,0;0,0;0,0;0,0;-0,02;-0,02;0,0;0,0;-0,02;-0,02;0,0;0,0;-0,03;-0,03;-0,03;-0,03;0,0;0,0;-0,08;-0,08;-0,01;-0,01;-0,18;-0,18;-0,02;-0,02;-0,02;-0,02;0,0;0,0;0,0;0,0;0,0;0,0;-0,04;-0,04
01.07.2026;17:30;17:45;0,28;0,2;-0,26;-0,18;-0,25;-0,25;0,0;0,0;-0,35;-0,35;0,0;0,0;-0,16;-0,16;-0,04;-0,04;0,0;0,0;0,0;0,0;0,0;0,0;0,0;0,0;-0,02;-0,02;0,0;0,0;-0,01;-0,01;0,0;0,0;-0,02;-0,02;-0,02;-0,02;0,0;0,0;-0,07;-0,07;-0,01;-0,01;-0,11;-0,11;-0,01;-0,01;-0,04;-0,04;-0,01;-0,01;0,0;0,0;-0,01;-0,01;-0,04;-0,04
01.07.2026;17:45;18:00;0,23;0,17;-0,19;-0,13;-0,1;-0,1;0,0;0,0;-0,23;-0,23;0,0;0,0;-0,18;-0,18;-0,04;-0,04;0,0;0,0;0,0;0,0;0,0;0,0;0,0;0,0;0,0;0,0;0,0;0,0;-0,02;-0,02;0,0;0,0;-0,02;-0,02;-0,02;-0,02;0,0;0,0;-0,06;-0,06;-0,01;-0,01;-0,11;-0,11;-0,01;-0,01;-0,04;-0,04;0,0;0,0;0,0;0,0;0,0;0,0;-0,05;-0,05
01.07.2026;18:00;18:15;0,09;0,09;-0,18;-0,18;-0,04;-0,04;0,0;0,0;-0,26;-0,26;0,0;0,0;-0,15;-0,15;-0,04;-0,04;0,0;0,0;-0,01;-0,01;0,0;0,0;-0,01;-0,01;0,0;0,0;0,0;0,0;-0,01;-0,01;0,0;0,0;-0,02;-0,02;-0,03;-0,03;-0,01;-0,01;-0,09;-0,09;-0,01;-0,01;-0,11;-0,11;-0,01;-0,01;-0,08;-0,08;0,0;0,0;0,0;0,0;-0,01;-0,01;-0,03;-0,03
01.07.2026;18:15;18:30;0,19;0,14;-0,19;-0,14;-0,04;-0,04;0,0;0,0;-0,04;-0,04;0,0;0,0;-0,04;-0,04;-0,04;-0,04;0,0;0,0;0,0;0,0;0,0;0,0;0,0;0,0;-0,01;-0,01;0,0;0,0;-0,01;-0,01;0,0;0,0;-0,02;-0,02;-0,02;-0,02;0,0;0,0;-0,08;-0,08;-0,01;-0,01;-0,05;-0,05;-0,07;-0,07;-0,09;-0,09;0,0;0,0;0,0;0,0;0,0;0,0;-0,03;-0,03
01.07.2026;18:30;18:45;0,24;0,18;-0,19;-0,13;-0,19;-0,19;0,0;0,0;-0,03;-0,03;0,0;0,0;-0,04;-0,04;-0,25;-0,25;0,0;0,0;0,0;0,0;0,0;0,0;0,0;0,0;-0,02;-0,02;0,0;0,0;-0,03;-0,03;0,0;0,0;-0,01;-0,01;-0,02;-0,02;0,0;0,0;-0,08;-0,08;0,0;0,0;-0,04;-0,04;0,0;0,0;-0,08;-0,08;0,0;0,0;0,0;0,0;-0,01;-0,01;-0,03;-0,03
01.07.2026;18:45;19:00;0,09;0,09;-0,22;-0,22;-0,04;-0,04;0,0;0,0;-0,04;-0,04;0,0;0,0;-0,04;-0,04;-0,12;-0,12;0,0;0,0;0,0;0,0;0,0;0,0;0,0;0,0;-0,01;-0,01;0,0;0,0;-0,02;-0,02;0,0;0,0;-0,03;-0,03;-0,02;-0,02;0,0;0,0;-0,07;-0,07;-0,02;-0,02;-0,11;-0,11;-0,02;-0,02;-0,09;-0,09;0,0;0,0;0,0;0,0;0,0;0,0;-0,05;-0,05
01.07.2026;19:00;19:15;0,09;0,09;-0,27;-0,27;-0,01;-0,01;0,0;0,0;-0,03;-0,03;0,0;0,0;-0,03;-0,03;-0,01;-0,01;0,0;0,0;0,0;0,0;0,0;0,0;0,0;0,0;-0,03;-0,03;-0,01;-0,01;-0,01;-0,01;0,0;0,0;-0,03;-0,03;-0,09;-0,09;0,0;0,0;-0,07;-0,07;-0,01;-0,01;-0,08;-0,08;-0,01;-0,01;-0,09;-0,09;0,0;0,0;-0,01;-0,01;-0,01;-0,01;-0,05;-0,05
01.07.2026;19:15;19:30;0,13;0,11;-0,26;-0,24;-0,02;-0,02;0,0;0,0;-0,03;-0,03;-0,01;-0,01;-0,05;-0,05;-0,01;-0,01;-0,01;-0,01;0,0;0,0;0,0;0,0;0,0;0,0;-0,49;-0,49;0,0;0,0;-0,01;-0,01;-0,01;-0,01;-0,03;-0,03;-0,1;-0,1;0,0;0,0;-0,08;-0,08;0,0;0,0;-0,18;-0,18;0,0;0,0;-0,13;-0,13;0,0;0,0;0,0;0,0;0,0;0,0;-0,03;-0,03
01.07.2026;19:30;19:45;0,12;0,11;-0,19;-0,18;-0,03;-0,03;-0,01;-0,01;-0,04;-0,04;0,0;0,0;-0,04;-0,04;-0,02;-0,02;0,0;0,0;0,0;0,0;-0,01;-0,01;0,0;0,0;-0,69;-0,69;0,0;0,0;-0,01;-0,01;0,0;0,0;-0,03;-0,03;-0,19;-0,19;0,0;0,0;-0,08;-0,08;-0,02;-0,02;-0,07;-0,07;-0,02;-0,02;-0,09;-0,09;-0,01;-0,01;0,0;0,0;-0,01;-0,01;-0,02;-0,02
01.07.2026;19:45;20:00;0,05;0,05;-0,26;-0,26;-0,04;-0,04;0,0;0,0;-0,04;-0,04;0,0;0,0;-0,03;-0,03;-0,02;-0,02;0,0;0,0;0,0;0,0;0,0;0,0;0,0;0,0;-0,11;-0,11;0,0;0,0;-0,02;-0,02;0,0;0,0;-0,03;-0,03;-0,08;-0,08;0,0;0,0;-0,07;-0,07;0,0;0,0;-0,19;-0,19;-0,01;-0,01;-0,08;-0,08;0,0;0,0;0,0;0,0;-0,01;-0,01;-0,03;-0,03
01.07.2026;20:00;20:15;0,02;0,02;-0,21;-0,21;-0,02;-0,02;0,0;0,0;-0,04;-0,04;0,0;0,0;-0,03;-0,03;-0,02;-0,02;0,0;0,0;0,0;0,0;0,0;0,0;0,0;0,0;-0,04;-0,04;0,0;0,0;-0,01;-0,01;0,0;0,0;-0,03;-0,03;-0,07;-0,07;0,0;0,0;-0,13;-0,13;-0,01;-0,01;-0,66;-0,66;-0,02;-0,02;-0,09;-0,09;0,0;0,0;0,0;0,0;0,0;0,0;-0,02;-0,02
01.07.2026;20:15;20:30;0,0;0,0;-0,19;-0,19;-0,03;-0,03;0,0;0,0;-0,03;-0,03;0,0;0,0;-0,03;-0,03;-0,02;-0,02;0,0;0,0;0,0;0,0;0,0;0,0;0,0;0,0;-0,04;-0,04;0,0;0,0;-0,01;-0,01;0,0;0,0;-0,03;-0,03;-0,06;-0,06;0,0;0,0;-0,64;-0,64;-0,02;-0,02;-0,06;-0,06;-0,01;-0,01;-0,07;-0,07;0,0;0,0;0,0;0,0;0,0;0,0;-0,03;-0,03
01.07.2026;20:30;20:45;0,0;0,0;-0,2;-0,2;-0,04;-0,04;0,0;0,0;-0,04;-0,04;0,0;0,0;-0,04;-0,04;-0,01;-0,01;0,0;0,0;0,0;0,0;0,0;0,0;0,0;0,0;-0,03;-0,03;0,0;0,0;-0,01;-0,01;0,0;0,0;-0,07;-0,07;-0,04;-0,04;0,0;0,0;-0,21;-0,21;0,0;0,0;-0,06;-0,06;-0,02;-0,02;-0,01;-0,01;0,0;0,0;0,0;0,0;-0,01;-0,01;-0,04;-0,04
01.07.2026;20:45;21:00;0,0;0,0;-0,2;-0,2;-0,04;-0,04;0,0;0,0;-0,03;-0,03;0,0;0,0;-0,03;-0,03;-0,02;-0,02;0,0;0,0;0,0;0,0;0,0;0,0;0,0;0,0;-0,04;-0,04;0,0;0,0;-0,01;-0,01;0,0;0,0;-0,08;-0,08;-0,04;-0,04;0,0;0,0;-0,45;-0,45;-0,01;-0,01;-0,08;-0,08;-0,01;-0,01;-0,02;-0,02;0,0;0,0;0,0;0,0;-0,01;-0,01;-0,04;-0,04
01.07.2026;21:00;21:15;0,0;0,0;-0,27;-0,27;-0,03;-0,03;0,0;0,0;-0,03;-0,03;0,0;0,0;-0,03;-0,03;-0,02;-0,02;0,0;0,0;0,0;0,0;0,0;0,0;0,0;0,0;-0,03;-0,03;0,0;0,0;-0,02;-0,02;0,0;0,0;-0,07;-0,07;-0,05;-0,05;0,0;0,0;-0,1;-0,1;-0,01;-0,01;-0,12;-0,12;-0,02;-0,02;-0,01;-0,01;0,0;0,0;0,0;0,0;0,0;0,0;-0,02;-0,02
01.07.2026;21:15;21:30;0,0;0,0;-0,27;-0,27;-0,04;-0,04;0,0;0,0;-0,04;-0,04;-0,01;-0,01;-0,03;-0,03;-0,02;-0,02;0,0;0,0;0,0;0,0;0,0;0,0;0,0;0,0;-0,08;-0,08;0,0;0,0;-0,01;-0,01;0,0;0,0;-0,07;-0,07;-0,05;-0,05;0,0;0,0;-0,04;-0,04;-0,01;-0,01;-0,18;-0,18;-0,01;-0,01;-0,02;-0,02;0,0;0,0;0,0;0,0;0,0;0,0;-0,04;-0,04
01.07.2026;21:30;21:45;0,0;0,0;-0,31;-0,31;-0,04;-0,04;0,0;0,0;-0,04;-0,04;0,0;0,0;-0,03;-0,03;-0,02;-0,02;0,0;0,0;0,0;0,0;0,0;0,0;0,0;0,0;-0,12;-0,12;0,0;0,0;-0,03;-0,03;0,0;0,0;-0,08;-0,08;-0,06;-0,06;0,0;0,0;-0,03;-0,03;-0,01;-0,01;-0,21;-0,21;-0,01;-0,01;-0,01;-0,01;-0,01;-0,01;0,0;0,0;-0,01;-0,01;-0,02;-0,02
01.07.2026;21:45;22:00;0,0;0,0;-0,2;-0,2;-0,03;-0,03;0,0;0,0;-0,03;-0,03;0,0;0,0;-0,04;-0,04;-0,02;-0,02;-0,01;-0,01;0,0;0,0;0,0;0,0;0,0;0,0;-0,14;-0,14;0,0;0,0;-0,02;-0,02;-0,01;-0,01;-0,07;-0,07;-0,51;-0,51;0,0;0,0;-0,02;-0,02;-0,01;-0,01;-0,11;-0,11;-0,02;-0,02;-0,02;-0,02;0,0;0,0;0,0;0,0;-0,01;-0,01;-0,01;-0,01
01.07.2026;22:00;22:15;0,0;0,0;-0,18;-0,18;-0,03;-0,03;0,0;0,0;-0,03;-0,03;0,0;0,0;-0,04;-0,04;-0,01;-0,01;0,0;0,0;0,0;0,0;-0,01;-0,01;0,0;0,0;-0,14;-0,14;0,0;0,0;-0,03;-0,03;0,0;0,0;-0,08;-0,08;-0,12;-0,12;0,0;0,0;-0,02;-0,02;-0,01;-0,01;-0,1;-0,1;0,0;0,0;-0,06;-0,06;0,0;0,0;0,0;0,0;0,0;0,0;-0,02;-0,02
01.07.2026;22:15;22:30;0,0;0,0;-0,19;-0,19;-0,03;-0,03;0,0;0,0;-0,03;-0,03;0,0;0,0;-0,02;-0,02;-0,02;-0,02;0,0;0,0;0,0;0,0;0,0;0,0;0,0;0,0;-0,13;-0,13;-0,01;-0,01;-0,28;-0,28;0,0;0,0;-0,04;-0,04;-0,07;-0,07;0,0;0,0;-0,01;-0,01;-0,01;-0,01;-0,1;-0,1;-0,02;-0,02;-0,06;-0,06;0,0;0,0;-0,01;-0,01;0,0;0,0;-0,01;-0,01
01.07.2026;22:30;22:45;0,0;0,0;-0,17;-0,17;-0,02;-0,02;0,0;0,0;-0,02;-0,02;0,0;0,0;-0,03;-0,03;-0,02;-0,02;0,0;0,0;0,0;0,0;0,0;0,0;0,0;0,0;-0,02;-0,02;0,0;0,0;-0,37;-0,37;0,0;0,0;0,0;0,0;-0,19;-0,19;0,0;0,0;0,0;0,0;-0,01;-0,01;-0,09;-0,09;-0,01;-0,01;-0,03;-0,03;0,0;0,0;0,0;0,0;-0,01;-0,01;-0,03;-0,03
01.07.2026;22:45;23:00;0,0;0,0;-0,19;-0,19;-0,03;-0,03;0,0;0,0;-0,03;-0,03;0,0;0,0;-0,05;-0,05;-0,01;-0,01;0,0;0,0;0,0;0,0;0,0;0,0;0,0;0,0;-0,01;-0,01;0,0;0,0;-0,35;-0,35;0,0;0,0;0,0;0,0;-0,06;-0,06;0,0;0,0;-0,01;-0,01;-0,01;-0,01;-0,1;-0,1;0,0;0,0;-0,01;-0,01;0,0;0,0;0,0;0,0;-0,01;-0,01;-0,02;-0,02
01.07.2026;23:00;23:15;0,0;0,0;-0,21;-0,21;-0,02;-0,02;-0,01;-0,01;-0,01;-0,01;0,0;0,0;-0,02;-0,02;-0,03;-0,03;0,0;0,0;-0,01;-0,01;0,0;0,0;-0,01;-0,01;-0,02;-0,02;0,0;0,0;-0,19;-0,19;0,0;0,0;-0,01;-0,01;-0,44;-0,44;-0,01;-0,01;-0,01;-0,01;-0,01;-0,01;-0,09;-0,09;-0,01;-0,01;-0,02;-0,02;0,0;0,0;0,0;0,0;0,0;0,0;-0,11;-0,11
01.07.2026;23:15;23:30;0,0;0,0;-0,17;-0,17;-0,02;-0,02;0,0;0,0;-0,02;-0,02;-0,01;-0,01;-0,02;-0,02;-0,03;-0,03;0,0;0,0;0,0;0,0;0,0;0,0;0,0;0,0;-0,01;-0,01;0,0;0,0;-0,18;-0,18;0,0;0,0;0,0;0,0;-0,12;-0,12;0,0;0,0;-0,01;-0,01;0,0;0,0;-0,1;-0,1;-0,02;-0,02;-0,01;-0,01;0,0;0,0;0,0;0,0;0,0;0,0;-0,1;-0,1
01.07.2026;23:30;23:45;0,0;0,0;-0,2;-0,2;-0,02;-0,02;0,0;0,0;-0,01;-0,01;0,0;0,0;-0,01;-0,01;-0,03;-0,03;0,0;0,0;0,0;0,0;0,0;0,0;0,0;0,0;-0,01;-0,01;0,0;0,0;-0,17;-0,17;0,0;0,0;-0,02;-0,02;-0,05;-0,05;0,0;0,0;-0,01;-0,01;-0,02;-0,02;-0,09;-0,09;0,0;0,0;-0,02;-0,02;-0,01;-0,01;0,0;0,0;-0,01;-0,01;-0,06;-0,06
01.07.2026;23:45;00:00;0,0;0,0;-0,2;-0,2;-0,02;-0,02;0,0;0,0;-0,02;-0,02;0,0;0,0;-0,01;-0,01;-0,03;-0,03;0,0;0,0;0,0;0,0;0,0;0,0;0,0;0,0;0,0;0,0;0,0;0,0;-0,13;-0,13;0,0;0,0;-0,01;-0,01;-0,04;-0,04;0,0;0,0;-0,01;-0,01;-0,01;-0,01;-0,09;-0,09;-0,01;-0,01;-0,01;-0,01;0,0;0,0;0,0;0,0;-0,01;-0,01;-0,06;-0,06
02.07.2026;00:00;00:15;0,0;0,0;-0,2;-0,2;-0,03;-0,03;0,0;0,0;-0,01;-0,01;0,0;0,0;-0,02;-0,02;-0,05;-0,05;0,0;0,0;0,0;0,0;0,0;0,0;0,0;0,0;-0,01;-0,01;0,0;0,0;-0,2;-0,2;0,0;0,0;-0,02;-0,02;-0,05;-0,05;0,0;0,0;-0,01;-0,01;0,0;0,0;-0,1;-0,1;-0,01;-0,01;-0,03;-0,03;0,0;0,0;0,0;0,0;0,0;0,0;-0,01;-0,01
02.07.2026;00:15;00:30;0,0;0,0;-0,16;-0,16;-0,01;-0,01;0,0;0,0;-0,01;-0,01;0,0;0,0;-0,01;-0,01;-0,05;-0,05;-0,01;-0,01;0,0;0,0;0,0;0,0;0,0;0,0;-0,02;-0,02;0,0;0,0;-0,09;-0,09;-0,01;-0,01;-0,01;-0,01;-0,04;-0,04;0,0;0,0;-0,01;-0,01;-0,02;-0,02;-0,1;-0,1;-0,01;-0,01;-0,01;-0,01;0,0;0,0;0,0;0,0;-0,01;-0,01;-0,02;-0,02
02.07.2026;00:30;00:45;0,0;0,0;-0,17;-0,17;-0,02;-0,02;0,0;0,0;-0,01;-0,01;0,0;0,0;-0,01;-0,01;-0,04;-0,04;0,0;0,0;0,0;0,0;-0,01;-0,01;0,0;0,0;-0,01;-0,01;0,0;0,0;-0,02;-0,02;0,0;0,0;-0,01;-0,01;-0,05;-0,05;0,0;0,0;0,0;0,0;0,0;0,0;-0,09;-0,09;-0,01;-0,01;-0,02;-0,02;0,0;0,0;0,0;0,0;0,0;0,0;-0,03;-0,03
02.07.2026;00:45;01:00;0,0;0,0;-0,16;-0,16;-0,02;-0,02;0,0;0,0;-0,01;-0,01;0,0;0,0;-0,01;-0,01;-0,05;-0,05;0,0;0,0;0,0;0,0;0,0;0,0;0,0;0,0;-0,01;-0,01;0,0;0,0;-0,01;-0,01;0,0;0,0;-0,02;-0,02;-0,05;-0,05;0,0;0,0;-0,01;-0,01;-0,02;-0,02;-0,08;-0,08;-0,01;-0,01;-0,01;-0,01;0,0;0,0;0,0;0,0;0,0;0,0;-0,02;-0,02
02.07.2026;01:00;01:15;0,0;0,0;-0,17;-0,17;-0,02;-0,02;0,0;0,0;-0,01;-0,01;0,0;0,0;-0,01;-0,01;-0,02;-0,02;0,0;0,0;0,0;0,0;0,0;0,0;0,0;0,0;0,0;0,0;0,0;0,0;-0,02;-0,02;0,0;0,0;0,0;0,0;-0,05;-0,05;0,0;0,0;-0,01;-0,01;-0,01;-0,01;-0,1;-0,1;0,0;0,0;-0,02;-0,02;0,0;0,0;0,0;0,0;-0,01;-0,01;-0,03;-0,03
02.07.2026;01:15;01:30;0,0;0,0;-0,17;-0,17;-0,02;-0,02;0,0;0,0;-0,02;-0,02;-0,01;-0,01;-0,01;-0,01;-0,02;-0,02;0,0;0,0;0,0;0,0;0,0;0,0;0,0;0,0;-0,02;-0,02;0,0;0,0;-0,01;-0,01;0,0;0,0;0,0;0,0;-0,03;-0,03;0,0;0,0;-0,01;-0,01;0,0;0,0;-0,09;-0,09;-0,01;-0,01;-0,01;-0,01;0,0;0,0;0,0;0,0;-0,01;-0,01;-0,02;-0,02
02.07.2026;01:30;01:45;0,0;0,0;-0,17;-0,17;-0,02;-0,02;0,0;0,0;-0,01;-0,01;0,0;0,0;-0,01;-0,01;-0,02;-0,02;0,0;0,0;0,0;0,0;0,0;0,0;0,0;0,0;-0,02;-0,02;0,0;0,0;-0,03;-0,03;0,0;0,0;-0,01;-0,01;-0,02;-0,02;0,0;0,0;-0,01;-0,01;-0,02;-0,02;-0,07;-0,07;-0,01;-0,01;-0,02;-0,02;-0,01;-0,01;-0,01;-0,01;0,0;0,0;-0,01;-0,01
02.07.2026;01:45;02:00;0,0;0,0;-0,17;-0,17;-0,02;-0,02;0,0;0,0;-0,02;-0,02;0,0;0,0;-0,01;-0,01;-0,02;-0,02;0,0;0,0;0,0;0,0;0,0;0,0;0,0;0,0;-0,01;-0,01;-0,01;-0,01;-0,02;-0,02;0,0;0,0;0,0;0,0;-0,02;-0,02;0,0;0,0;-0,01;-0,01;0,0;0,0;-0,04;-0,04;-0,01;-0,01;-0,01;-0,01;0,0;0,0;0,0;0,0;0,0;0,0;-0,02;-0,02
02.07.2026;02:00;02:15;0,0;0,0;-0,17;-0,17;-0,02;-0,02;0,0;0,0;0,0;0,0;0,0;0,0;-0,01;-0,01;-0,02;-0,02;0,0;0,0;0,0;0,0;0,0;0,0;0,0;0,0;0,0;0,0;0,0;0,0;-0,02;-0,02;0,0;0,0;-0,01;-0,01;-0,01;-0,01;0,0;0,0;-0,02;-0,02;-0,01;-0,01;0,0;0,0;-0,01;-0,01;-0,01;-0,01;0,0;0,0;0,0;0,0;-0,01;-0,01;-0,02;-0,02
02.07.2026;02:15;02:30;0,0;0,0;-0,17;-0,17;-0,02;-0,02;-0,01;-0,01;-0,01;-0,01;0,0;0,0;-0,01;-0,01;-0,02;-0,02;0,0;0,0;0,0;0,0;0,0;0,0;0,0;0,0;-0,01;-0,01;0,0;0,0;-0,02;-0,02;0,0;0,0;-0,02;-0,02;-0,01;-0,01;0,0;0,0;0,0;0,0;-0,01;-0,01;-0,01;-0,01;-0,01;-0,01;-0,02;-0,02;0,0;0,0;0,0;0,0;-0,01;-0,01;-0,02;-0,02
02.07.2026;02:30;02:45;0,0;0,0;-0,17;-0,17;-0,02;-0,02;0,0;0,0;-0,01;-0,01;0,0;0,0;-0,01;-0,01;0,0;0,0;0,0;0,0;0,0;0,0;0,0;0,0;0,0;0,0;-0,01;-0,01;0,0;0,0;-0,02;-0,02;0,0;0,0;-0,01;-0,01;-0,02;-0,02;0,0;0,0;-0,01;-0,01;-0,01;-0,01;-0,01;-0,01;-0,01;-0,01;-0,01;-0,01;0,0;0,0;0,0;0,0;0,0;0,0;-0,02;-0,02
02.07.2026;02:45;03:00;0,0;0,0;-0,17;-0,17;-0,02;-0,02;0,0;0,0;-0,02;-0,02;0,0;0,0;-0,01;-0,01;-0,02;-0,02;-0,01;-0,01;0,0;0,0;0,0;0,0;0,0;0,0;-0,02;-0,02;0,0;0,0;-0,02;-0,02;-0,01;-0,01;-0,02;-0,02;-0,01;-0,01;0,0;0,0;-0,01;-0,01;-0,01;-0,01;-0,02;-0,02;0,0;0,0;-0,01;-0,01;0,0;0,0;0,0;0,0;0,0;0,0;-0,03;-0,03
02.07.2026;03:00;03:15;0,0;0,0;-0,17;-0,17;-0,02;-0,02;0,0;0,0;-0,01;-0,01;0,0;0,0;-0,01;-0,01;-0,02;-0,02;0,0;0,0;0,0;0,0;-0,01;-0,01;0,0;0,0;-0,01;-0,01;0,0;0,0;0,0;0,0;0,0;0,0;-0,01;-0,01;-0,02;-0,02;0,0;0,0;-0,01;-0,01;-0,01;-0,01;-0,01;-0,01;-0,01;-0,01;-0,01;-0,01;0,0;0,0;0,0;0,0;-0,01;-0,01;-0,02;-0,02
02.07.2026;03:15;03:30;0,0;0,0;-0,17;-0,17;-0,01;-0,01;0,0;0,0;-0,02;-0,02;-0,01;-0,01;-0,01;-0,01;-0,02;-0,02;0,0;0,0;0,0;0,0;0,0;0,0;0,0;0,0;0,0;0,0;0,0;0,0;-0,02;-0,02;0,0;0,0;-0,01;-0,01;-0,02;-0,02;0,0;0,0;-0,01;-0,01;0,0;0,0;-0,02;-0,02;-0,01;-0,01;-0,02;-0,02;0,0;0,0;0,0;0,0;-0,01;-0,01;-0,02;-0,02
02.07.2026;03:30;03:45;0,0;0,0;-0,17;-0,17;-0,03;-0,03;0,0;0,0;0,0;0,0;0,0;0,0;0,0;0,0;-0,02;-0,02;0,0;0,0;0,0;0,0;0,0;0,0;0,0;0,0;-0,01;-0,01;0,0;0,0;-0,01;-0,01;0,0;0,0;-0,02;-0,02;-0,03;-0,03;0,0;0,0;0,0;0,0;-0,02;-0,02;-0,01;-0,01;-0,01;-0,01;-0,02;-0,02;-0,01;-0,01;0,0;0,0;0,0;0,0;-0,01;-0,01
02.07.2026;03:45;04:00;0,0;0,0;-0,18;-0,18;-0,02;-0,02;0,0;0,0;-0,01;-0,01;0,0;0,0;-0,01;-0,01;-0,02;-0,02;0,0;0,0;0,0;0,0;0,0;0,0;0,0;0,0;-0,01;-0,01;0,0;0,0;-0,02;-0,02;0,0;0,0;-0,01;-0,01;-0,02;-0,02;0,0;0,0;-0,01;-0,01;-0,01;-0,01;-0,01;-0,01;-0,01;-0,01;-0,01;-0,01;0,0;0,0;0,0;0,0;0,0;0,0;-0,02;-0,02
02.07.2026;04:00;04:15;0,0;0,0;-0,24;-0,24;-0,01;-0,01;0,0;0,0;-0,02;-0,02;0,0;0,0;-0,01;-0,01;-0,01;-0,01;0,0;0,0;-0,01;-0,01;0,0;0,0;-0,01;-0,01;-0,02;-0,02;0,0;0,0;-0,01;-0,01;0,0;0,0;-0,02;-0,02;-0,02;-0,02;-0,01;-0,01;-0,02;-0,02;0,0;0,0;-0,02;-0,02;-0,01;-0,01;-0,02;-0,02;0,0;0,0;0,0;0,0;-0,01;-0,01;-0,02;-0,02
02.07.2026;04:15;04:30;0,0;0,0;-0,17;-0,17;-0,02;-0,02;0,0;0,0;-0,01;-0,01;0,0;0,0;-0,01;-0,01;-0,02;-0,02;0,0;0,0;0,0;0,0;0,0;0,0;0,0;0,0;-0,01;-0,01;0,0;0,0;-0,01;-0,01;0,0;0,0;-0,01;-0,01;-0,01;-0,01;0,0;0,0;-0,01;-0,01;-0,02;-0,02;-0,01;-0,01;0,0;0,0;-0,01;-0,01;0,0;0,0;0,0;0,0;-0,01;-0,01;-0,02;-0,02
02.07.2026;04:30;04:45;0,0;0,0;-0,17;-0,17;-0,03;-0,03;0,0;0,0;-0,02;-0,02;0,0;0,0;-0,02;-0,02;-0,02;-0,02;0,0;0,0;0,0;0,0;0,0;0,0;0,0;0,0;-0,01;-0,01;0,0;0,0;-0,02;-0,02;0,0;0,0;0,0;0,0;-0,02;-0,02;0,0;0,0;-0,01;-0,01;0,0;0,0;-0,01;-0,01;-0,01;-0,01;-0,02;-0,02;0,0;0,0;0,0;0,0;0,0;0,0;-0,03;-0,03
02.07.2026;04:45;05:00;0,0;0,0;-0,17;-0,17;-0,02;-0,02;0,0;0,0;-0,01;-0,01;0,0;0,0;0,0;0,0;-0,02;-0,02;0,0;0,0;0,0;0,0;0,0;0,0;0,0;0,0;0,0;0,0;0,0;0,0;-0,01;-0,01;0,0;0,0;0,0;0,0;-0,01;-0,01;0,0;0,0;0,0;0,0;-0,01;-0,01;-0,01;-0,01;-0,01;-0,01;-0,01;-0,01;0,0;0,0;0,0;0,0;-0,01;-0,01;-0,02;-0,02
02.07.2026;05:00;05:15;0,0;0,0;-0,17;-0,17;-0,17;-0,17;0,0;0,0;0,0;0,0;0,0;0,0;-0,01;-0,01;-0,02;-0,02;0,0;0,0;0,0;0,0;0,0;0,0;0,0;0,0;-0,02;-0,02;-0,01;-0,01;-0,01;-0,01;0,0;0,0;-0,01;-0,01;-0,01;-0,01;0,0;0,0;-0,01;-0,01;-0,02;-0,02;-0,01;-0,01;-0,01;-0,01;-0,02;-0,02;0,0;0,0;-0,01;-0,01;0,0;0,0;-0,02;-0,02
02.07.2026;05:15;05:30;0,01;0,01;-0,18;-0,18;-0,03;-0,03;0,0;0,0;-0,02;-0,02;-0,01;-0,01;-0,01;-0,01;-0,02;-0,02;-0,01;-0,01;0,0;0,0;0,0;0,0;0,0;0,0;-0,01;-0,01;0,0;0,0;-0,02;-0,02;-0,01;-0,01;0,0;0,0;-0,12;-0,12;0,0;0,0;-0,01;-0,01;0,0;0,0;-0,02;-0,02;-0,01;-0,01;-0,01;-0,01;0,0;0,0;0,0;0,0;-0,01;-0,01;-0,01;-0,01
02.07.2026;05:30;05:45;0,02;0,02;-0,23;-0,23;-0,03;-0,03;-0,01;-0,01;-0,01;-0,01;0,0;0,0;-0,01;-0,01;-0,02;-0,02;0,0;0,0;0,0;0,0;-0,01;-0,01;0,0;0,0;-0,01;-0,01;0,0;0,0;-0,02;-0,02;0,0;0,0;-0,02;-0,02;-0,03;-0,03;0,0;0,0;-0,01;-0,01;-0,01;-0,01;-0,01;-0,01;-0,01;-0,01;-0,02;-0,02;-0,01;-0,01;0,0;0,0;0,0;0,0;-0,01;-0,01
02.07.2026;05:45;06:00;0,05;0,05;-0,21;-0,21;-0,02;-0,02;0,0;0,0;-0,03;-0,03;0,0;0,0;-0,01;-0,01;-0,01;-0,01;0,0;0,0;0,0;0,0;0,0;0,0;0,0;0,0;-0,01;-0,01;0,0;0,0;-0,01;-0,01;0,0;0,0;-0,01;-0,01;-0,08;-0,08;0,0;0,0;0,0;0,0;-0,01;-0,01;-0,01;-0,01;-0,01;-0,01;-0,01;-0,01;0,0;0,0;0,0;0,0;-0,01;-0,01;-0,02;-0,02
02.07.2026;06:00;06:15;0,11;0,11;-0,18;-0,18;-0,26;-0,26;0,0;0,0;-0,03;-0,03;0,0;0,0;-0,01;-0,01;-0,02;-0,02;0,0;0,0;0,0;0,0;0,0;0,0;0,0;0,0;-0,01;-0,01;0,0;0,0;-0,01;-0,01;0,0;0,0;-0,02;-0,02;-0,03;-0,03;0,0;0,0;-0,02;-0,02;-0,01;-0,01;-0,01;-0,01;0,0;0,0;-0,02;-0,02;0,0;0,0;0,0;0,0;0,0;0,0;-0,02;-0,02
02.07.2026;06:15;06:30;0,17;0,12;-0,25;-0,2;-0,05;-0,05;0,0;0,0;-0,02;-0,02;0,0;0,0;0,0;0,0;0,0;0,0;0,0;0,0;0,0;0,0;0,0;0,0;0,0;0,0;-0,01;-0,01;0,0;0,0;-0,02;-0,02;0,0;0,0;-0,01;-0,01;-0,02;-0,02;0,0;0,0;-0,01;-0,01;-0,01;-0,01;-0,01;-0,01;-0,02;-0,02;-0,01;-0,01;0,0;0,0;0,0;0,0;0,0;0,0;-0,03;-0,03
02.07.2026;06:30;06:45;0,24;0,18;-0,18;-0,12;-0,04;-0,04;0,0;0,0;-0,01;-0,01;0,0;0,0;-0,01;-0,01;-0,02;-0,02;0,0;0,0;0,0;0,0;0,0;0,0;0,0;0,0;-0,01;-0,01;0,0;0,0;-0,01;-0,01;0,0;0,0;-0,01;-0,01;-0,02;-0,02;0,0;0,0;-0,01;-0,01;-0,01;-0,01;-0,01;-0,01;-0,01;-0,01;-0,02;-0,02;0,0;0,0;0,0;0,0;-0,01;-0,01;-0,02;-0,02
02.07.2026;06:45;07:00;0,37;0,17;-0,19;-0,12;-0,06;-0,05;0,0;0,0;-0,03;-0,02;0,0;0,0;-0,01;0,0;-0,02;-0,01;0,0;0,0;0,0;0,0;0,0;0,0;0,0;0,0;-0,03;-0,02;0,0;0,0;-0,01;0,0;0,0;0,0;-0,02;-0,01;-0,01;0,0;0,0;0,0;0,0;0,0;-0,01;0,0;-0,01;0,0;0,0;0,0;-0,02;-0,01;0,0;0,0;0,0;0,0;-0,01;0,0;-0,02;-0,01
02.07.2026;07:00;07:15;0,48;0,17;-0,2;-0,11;-0,04;-0,02;0,0;0,0;-0,03;-0,01;0,0;0,0;-0,01;0,0;-0,02;0,0;0,0;0,0;0,0;0,0;0,0;0,0;0,0;0,0;-0,02;0,0;0,0;0,0;-0,02;0,0;0,0;0,0;-0,02;0,0;-0,01;0,0;0,0;0,0;-0,01;0,0;-0,01;0,0;-0,02;0,0;-0,01;0,0;-0,01;0,0;0,0;0,0;0,0;0,0;0,0;0,0;-0,02;0,0
02.07.2026;07:15;07:30;0,61;0,21;-0,22;-0,08;-0,11;-0,07;0,0;0,0;-0,1;-0,06;-0,01;0,0;-0,01;0,0;-0,03;0,0;0,0;0,0;0,0;0,0;0,0;0,0;0,0;0,0;-0,03;0,0;0,0;0,0;-0,01;0,0;0,0;0,0;-0,02;0,0;-0,01;0,0;0,0;0,0;-0,01;0,0;0,0;0,0;-0,01;0,0;-0,01;0,0;-0,02;0,0;0,0;0,0;0,0;0,0;0,0;0,0;-0,01;0,0
02.07.2026;07:30;07:45;0,72;0,26;-0,22;-0,06;-0,06;-0,01;0,0;0,0;-0,04;0,0;0,0;0,0;0,0;0,0;-0,02;0,0;0,0;0,0;0,0;0,0;0,0;0,0;0,0;0,0;-0,17;-0,12;0,0;0,0;-0,02;0,0;0,0;0,0;-0,01;0,0;-0,02;0,0;0,0;0,0;-0,01;0,0;-0,02;0,0;-0,01;0,0;-0,01;0,0;-0,01;0,0;-0,01;0,0;0,0;0,0;-0,01;0,0;-0,01;0,0
02.07.2026;07:45;08:00;0,84;0,33;-0,17;0,0;-0,05;0,0;0,0;0,0;-0,05;0,0;0,0;0,0;-0,03;0,0;-0,02;0,0;-0,01;0,0;0,0;0,0;0,0;0,0;0,0;0,0;-0,05;0,0;0,0;0,0;-0,01;0,0;-0,01;0,0;-0,02;0,0;-0,02;0,0;0,0;0,0;0,0;0,0;-0,01;0,0;-0,01;0,0;0,0;0,0;-0,02;0,0;0,0;0,0;0,0;0,0;-0,01;0,0;-0,02;0,0
02.07.2026;08:00;08:15;0,94;0,44;-0,18;0,0;-0,03;0,0;0,0;0,0;-0,05;0,0;0,0;0,0;-0,01;0,0;-0,02;0,0;0,0;0,0;0,0;0,0;-0,01;0,0;0,0;0,0;-0,08;0,0;0,0;0,0;-0,01;0,0;0,0;0,0;-0,01;0,0;-0,02;0,0;0,0;0,0;-0,01;0,0;0,0;0,0;-0,01;0,0;-0,02;0,0;-0,01;0,0;0,0;0,0;0,0;0,0;0,0;0,0;-0,03;0,0
02.07.2026;08:15;08:30;1,06;0,58;-0,19;0,0;-0,05;0,0;0,0;0,0;-0,04;0,0;0,0;0,0;-0,01;0,0;-0,02;0,0;0,0;0,0;0,0;0,0;0,0;0,0;0,0;0,0;-0,02;0,0;-0,01;0,0;-0,01;0,0;0,0;0,0;-0,01;0,0;-0,03;0,0;0,0;0,0;-0,01;0,0;-0,02;0,0;-0,01;0,0;0,0;0,0;-0,02;0,0;0,0;0,0;-0,01;0,0;0,0;0,0;-0,02;0,0
02.07.2026;08:30;08:45;0,87;0,39;-0,19;0,0;-0,05;0,0;0,0;0,0;-0,05;0,0;0,0;0,0;-0,01;0,0;-0,02;0,0;0,0;0,0;0,0;0,0;0,0;0,0;0,0;0,0;-0,02;0,0;0,0;0,0;-0,02;0,0;0,0;0,0;-0,02;0,0;-0,02;0,0;0,0;0,0;-0,01;0,0;0,0;0,0;-0,02;0,0;-0,01;0,0;-0,01;0,0;0,0;0,0;0,0;0,0;-0,01;0,0;-0,02;0,0
02.07.2026;08:45;09:00;0,49;0,16;-0,17;-0,08;-0,05;-0,03;0,0;0,0;-0,05;-0,03;0,0;0,0;-0,03;-0,01;-0,02;0,0;0,0;0,0;0,0;0,0;0,0;0,0;0,0;0,0;-0,04;-0,02;0,0;0,0;-0,02;0,0;0,0;0,0;-0,01;0,0;-0,02;0,0;0,0;0,0;-0,01;0,0;-0,01;0,0;-0,01;0,0;-0,01;0,0;-0,06;-0,04;0,0;0,0;0,0;0,0;-0,01;0,0;-0,02;0,0
02.07.2026;09:00;09:15;0,1;0,1;-0,21;-0,21;-0,04;-0,04;-0,01;-0,01;-0,02;-0,02;0,0;0,0;-0,03;-0,03;-0,03;-0,03;0,0;0,0;-0,01;-0,01;0,0;0,0;-0,01;-0,01;-0,04;-0,04;0,0;0,0;-0,01;-0,01;0,0;0,0;0,0;0,0;-0,02;-0,02;-0,01;-0,01;0,0;0,0;-0,02;-0,02;-0,01;-0,01;-0,02;-0,02;-0,11;-0,11;0,0;0,0;0,0;0,0;0,0;0,0;-0,01;-0,01
02.07.2026;09:15;09:30;0,0;0,0;-0,22;-0,22;-0,16;-0,16;0,0;0,0;-0,02;-0,02;-0,01;-0,01;-0,02;-0,02;-0,02;-0,02;0,0;0,0;0,0;0,0;0,0;0,0;0,0;0,0;-0,05;-0,05;0,0;0,0;-0,13;-0,13;0,0;0,0;0,0;0,0;-0,02;-0,02;0,0;0,0;-0,01;-0,01;0,0;0,0;-0,04;-0,04;-0,01;-0,01;-0,1;-0,1;0,0;0,0;0,0;0,0;0,0;0,0;-0,02;-0,02
02.07.2026;09:30;09:45;1,04;0,4;-0,23;0,0;-0,2;-0,12;0,0;0,0;-0,02;0,0;0,0;0,0;-0,01;0,0;-0,03;0,0;0,0;0,0;0,0;0,0;0,0;0,0;0,0;0,0;-0,07;0,0;0,0;0,0;-0,03;0,0;0,0;0,0;-0,01;0,0;-0,01;0,0;0,0;0,0;-0,01;0,0;-0,01;0,0;-0,03;0,0;-0,01;0,0;-0,06;0,0;-0,01;0,0;0,0;0,0;-0,01;0,0;-0,01;0,0
02.07.2026;09:45;10:00;1,59;0,96;-0,21;0,0;-0,07;0,0;0,0;0,0;-0,02;0,0;0,0;0,0;-0,02;0,0;-0,02;0,0;0,0;0,0;0,0;0,0;0,0;0,0;0,0;0,0;-0,07;0,0;0,0;0,0;-0,03;0,0;0,0;0,0;0,0;0,0;-0,02;0,0;0,0;0,0;0,0;0,0;-0,01;0,0;-0,1;0,0;-0,01;0,0;-0,02;0,0;0,0;0,0;0,0;0,0;-0,01;0,0;-0,02;0,0
02.07.2026;10:00;10:15;1,7;1,01;-0,24;0,0;-0,16;0,0;0,0;0,0;-0,02;0,0;0,0;0,0;0,0;0,0;-0,01;0,0;0,0;0,0;0,0;0,0;0,0;0,0;0,0;0,0;-0,09;0,0;0,0;0,0;-0,03;0,0;0,0;0,0;-0,02;0,0;-0,02;0,0;0,0;0,0;-0,01;0,0;-0,01;0,0;-0,02;0,0;-0,02;0,0;-0,01;0,0;0,0;0,0;0,0;0,0;0,0;0,0;-0,03;0,0
02.07.2026;10:15;10:30;1,65;0,96;-0,24;0,0;-0,16;0,0;0,0;0,0;-0,01;0,0;0,0;0,0;-0,01;0,0;-0,03;0,0;-0,01;0,0;0,0;0,0;0,0;0,0;0,0;0,0;-0,02;0,0;0,0;0,0;-0,03;0,0;-0,01;0,0;-0,01;0,0;-0,04;0,0;0,0;0,0;-0,01;0,0;-0,01;0,0;-0,01;0,0;-0,02;0,0;-0,04;0,0;0,0;0,0;0,0;0,0;-0,01;0,0;-0,02;0,0
02.07.2026;10:30;10:45;1,66;1,02;-0,18;0,0;-0,1;0,0;0,0;0,0;-0,02;0,0;0,0;0,0;-0,01;0,0;-0,03;0,0;0,0;0,0;0,0;0,0;-0,01;0,0;0,0;0,0;-0,01;0,0;0,0;0,0;-0,03;0,0;0,0;0,0;-0,01;0,0;-0,04;0,0;0,0;0,0;-0,01;0,0;-0,01;0,0;-0,02;0,0;-0,05;0,0;-0,09;0,0;0,0;0,0;0,0;0,0;0,0;0,0;-0,02;0,0
02.07.2026;10:45;11:00;1,6;0,85;-0,19;0,0;-0,37;-0,2;0,0;0,0;-0,01;0,0;0,0;0,0;0,0;0,0;-0,02;0,0;0,0;0,0;0,0;0,0;0,0;0,0;0,0;0,0;-0,09;0,0;0,0;0,0;-0,04;0,0;0,0;0,0;-0,02;0,0;-0,04;0,0;0,0;0,0;-0,01;0,0;-0,01;0,0;-0,02;0,0;-0,01;0,0;-0,09;0,0;0,0;0,0;0,0;0,0;-0,01;0,0;-0,02;0,0
02.07.2026;11:00;11:15;2,11;1,02;-0,2;0,0;-0,22;0,0;0,0;0,0;-0,02;0,0;0,0;0,0;-0,02;0,0;-0,03;0,0;0,0;0,0;0,0;0,0;0,0;0,0;0,0;0,0;-0,12;0,0;0,0;0,0;-0,23;-0,01;0,0;0,0;-0,01;0,0;-0,03;0,0;0,0;0,0;-0,01;0,0;-0,01;0,0;-0,01;0,0;-0,09;0,0;-0,09;0,0;0,0;0,0;0,0;0,0;0,0;0,0;-0,01;0,0
02.07.2026;11:15;11:30;1,83;1,07;-0,25;0,0;-0,05;0,0;0,0;0,0;-0,01;0,0;-0,01;0,0;0,0;0,0;-0,02;0,0;0,0;0,0;0,0;0,0;0,0;0,0;0,0;0,0;-0,1;0,0;0,0;0,0;-0,06;0,0;0,0;0,0;-0,01;0,0;-0,04;0,0;0,0;0,0;-0,06;0,0;0,0;0,0;-0,02;0,0;-0,02;0,0;-0,09;0,0;0,0;0,0;0,0;0,0;-0,01;0,0;-0,01;0,0
02.07.2026;11:30;11:45;1,78;1,09;-0,18;0,0;-0,04;0,0;0,0;0,0;-0,02;0,0;0,0;0,0;-0,01;0,0;-0,04;0,0;0,0;0,0;0,0;0,0;0,0;0,0;0,0;0,0;-0,05;0,0;0,0;0,0;-0,04;0,0;0,0;0,0;-0,02;0,0;-0,04;0,0;0,0;0,0;-0,02;0,0;-0,02;0,0;-0,02;0,0;-0,01;0,0;-0,14;0,0;-0,01;0,0;-0,01;0,0;0,0;0,0;-0,02;0,0
02.07.2026;11:45;12:00;1,69;1,0;-0,18;0,0;-0,05;0,0;0,0;0,0;0,0;0,0;0,0;0,0;-0,01;0,0;-0,06;0,0;0,0;0,0;0,0;0,0;0,0;0,0;0,0;0,0;-0,09;0,0;-0,01;0,0;-0,03;0,0;0,0;0,0;-0,01;0,0;-0,04;0,0;0,0;0,0;-0,03;0,0;-0,01;0,0;-0,01;0,0;-0,02;0,0;-0,11;0,0;0,0;0,0;0,0;0,0;0,0;0,0;-0,03;0,0
02.07.2026;12:00;12:15;1,96;1,23;-0,25;0,0;-0,08;0,0;0,0;0,0;-0,01;0,0;0,0;0,0;-0,01;0,0;-0,06;0,0;0,0;0,0;0,0;0,0;0,0;0,0;0,0;0,0;-0,05;0,0;0,0;0,0;-0,03;0,0;0,0;0,0;-0,01;0,0;-0,03;0,0;0,0;0,0;-0,01;0,0;0,0;0,0;-0,01;0,0;-0,07;0,0;-0,08;0,0;0,0;0,0;0,0;0,0;-0,01;0,0;-0,02;0,0
02.07.2026;12:15;12:30;2,36;1,51;-0,17;0,0;-0,43;-0,14;-0,01;0,0;-0,01;0,0;0,0;0,0;0,0;0,0;-0,06;0,0;0,0;0,0;0,0;0,0;0,0;0,0;0,0;0,0;-0,04;0,0;0,0;0,0;-0,04;0,0;0,0;0,0;-0,02;0,0;-0,02;0,0;0,0;0,0;-0,01;0,0;-0,02;0,0;-0,02;0,0;-0,01;0,0;-0,1;0,0;0,0;0,0;0,0;0,0;-0,01;0,0;-0,02;0,0
02.07.2026;12:30;12:45;2,16;1,61;-0,18;0,0;-0,02;0,0;0,0;0,0;-0,02;0,0;0,0;0,0;-0,02;0,0;-0,06;0,0;0,0;0,0;0,0;0,0;0,0;0,0;0,0;0,0;-0,03;0,0;0,0;0,0;-0,03;0,0;0,0;0,0;-0,01;0,0;-0,02;0,0;0,0;0,0;-0,01;0,0;0,0;0,0;-0,02;0,0;-0,01;0,0;-0,1;0,0;0,0;0,0;0,0;0,0;0,0;0,0;-0,02;0,0
02.07.2026;12:45;13:00;1,79;1,29;-0,18;0,0;-0,02;0,0;0,0;0,0;-0,01;0,0;0,0;0,0;0,0;0,0;-0,06;0,0;-0,01;0,0;0,0;0,0;0,0;0,0;0,0;0,0;-0,03;0,0;0,0;0,0;-0,03;0,0;-0,01;0,0;-0,01;0,0;-0,01;0,0;0,0;0,0;-0,01;0,0;-0,01;0,0;-0,01;0,0;-0,01;0,0;-0,08;0,0;0,0;0,0;0,0;0,0;0,0;0,0;-0,01;0,0
02.07.2026;13:00;13:15;1,02;0,35;-0,2;0,0;-0,03;0,0;0,0;0,0;-0,02;0,0;0,0;0,0;-0,01;0,0;-0,08;0,0;0,0;0,0;0,0;0,0;-0,01;0,0;0,0;0,0;-0,1;-0,02;0,0;0,0;-0,03;0,0;0,0;0,0;-0,02;0,0;-0,01;0,0;0,0;0,0;-0,01;0,0;-0,02;0,0;-0,02;0,0;-0,07;0,0;-0,03;0,0;0,0;0,0;0,0;0,0;-0,01;0,0;-0,02;0,0
02.07.2026;13:15;13:30;0,13;0,11;-0,2;-0,18;-0,03;-0,03;0,0;0,0;-0,01;-0,01;-0,01;-0,01;-0,01;-0,01;-0,07;-0,07;0,0;0,0;0,0;0,0;0,0;0,0;0,0;0,0;-0,05;-0,05;0,0;0,0;-0,03;-0,03;0,0;0,0;-0,01;-0,01;-0,02;-0,02;0,0;0,0;0,0;0,0;0,0;0,0;-0,04;-0,04;-0,1;-0,1;-0,04;-0,04;0,0;0,0;0,0;0,0;-0,01;-0,01;-0,01;-0,01
02.07.2026;13:30;13:45;0,42;0,19;-0,18;-0,1;-0,03;-0,02;0,0;0,0;-0,02;-0,01;0,0;0,0;-0,01;0,0;-0,07;-0,06;0,0;0,0;0,0;0,0;0,0;0,0;0,0;0,0;-0,17;-0,16;0,0;0,0;-0,06;-0,05;0,0;0,0;-0,02;-0,01;-0,02;-0,01;0,0;0,0;-0,01;0,0;-0,01;0,0;-0,04;-0,03;-0,02;-0,01;-0,02;-0,01;-0,01;0,0;0,0;0,0;0,0;0,0;-0,03;-0,02
02.07.2026;13:45;14:00;2,22;1,53;-0,19;0,0;-0,04;0,0;0,0;0,0;-0,01;0,0;0,0;0,0;-0,01;0,0;-0,06;0,0;0,0;0,0;0,0;0,0;0,0;0,0;0,0;0,0;-0,23;0,0;0,0;0,0;-0,01;0,0;0,0;0,0;-0,01;0,0;-0,03;0,0;0,0;0,0;-0,01;0,0;-0,01;0,0;-0,02;0,0;-0,01;0,0;-0,03;0,0;0,0;0,0;0,0;0,0;0,0;0,0;-0,02;0,0
02.07.2026;14:00;14:15;2,15;1,58;-0,16;0,0;-0,03;0,0;0,0;0,0;-0,02;0,0;0,0;0,0;0,0;0,0;-0,07;0,0;0,0;0,0;-0,01;0,0;0,0;0,0;-0,01;0,0;-0,13;0,0;0,0;0,0;-0,02;0,0;0,0;0,0;-0,01;0,0;-0,02;0,0;-0,01;0,0;0,0;0,0;-0,01;0,0;-0,01;0,0;0,0;0,0;-0,03;0,0;0,0;0,0;0,0;0,0;-0,01;0,0;-0,02;0,0
02.07.2026;14:15;14:30;1,79;1,01;-0,33;0,0;-0,04;0,0;0,0;0,0;-0,01;0,0;0,0;0,0;-0,01;0,0;-0,25;-0,05;0,0;0,0;0,0;0,0;0,0;0,0;0,0;0,0;-0,03;0,0;0,0;0,0;-0,02;0,0;0,0;0,0;-0,02;0,0;-0,02;0,0;0,0;0,0;-0,01;0,0;-0,01;0,0;-0,02;0,0;-0,01;0,0;-0,02;0,0;0,0;0,0;0,0;0,0;-0,01;0,0;-0,02;0,0
02.07.2026;14:30;14:45;1,86;1,27;-0,17;0,0;-0,02;0,0;0,0;0,0;0,0;0,0;0,0;0,0;-0,01;0,0;-0,54;-0,31;0,0;0,0;0,0;0,0;0,0;0,0;0,0;0,0;-0,04;0,0;0,0;0,0;-0,01;0,0;0,0;0,0;-0,01;0,0;-0,02;0,0;0,0;0,0;-0,01;0,0;-0,01;0,0;-0,01;0,0;-0,01;0,0;-0,02;0,0;0,0;0,0;0,0;0,0;0,0;0,0;-0,02;0,0
02.07.2026;14:45;15:00;1,43;0,87;-0,2;0,0;-0,03;0,0;0,0;0,0;-0,01;0,0;0,0;0,0;-0,01;0,0;-0,13;0,0;0,0;0,0;0,0;0,0;0,0;0,0;0,0;0,0;-0,03;0,0;0,0;0,0;-0,01;0,0;0,0;0,0;-0,01;0,0;-0,03;0,0;0,0;0,0;-0,01;0,0;-0,01;0,0;-0,02;0,0;-0,01;0,0;-0,02;0,0;0,0;0,0;0,0;0,0;-0,01;0,0;-0,02;0,0
02.07.2026;15:00;15:15;1,34;0,74;-0,24;0,0;-0,02;0,0;0,0;0,0;-0,02;0,0;0,0;0,0;-0,01;0,0;-0,08;0,0;0,0;0,0;0,0;0,0;0,0;0,0;0,0;0,0;-0,03;0,0;-0,01;0,0;-0,02;0,0;0,0;0,0;-0,02;0,0;-0,02;0,0;0,0;0,0;-0,02;0,0;-0,01;0,0;-0,01;0,0;-0,01;0,0;-0,06;0,0;0,0;0,0;-0,01;0,0;0,0;0,0;-0,01;0,0
02.07.2026;15:15;15:30;1,72;1,05;-0,24;0,0;-0,02;0,0;0,0;0,0;-0,01;0,0;-0,01;0,0;-0,01;0,0;-0,14;0,0;-0,01;0,0;0,0;0,0;0,0;0,0;0,0;0,0;-0,01;0,0;0,0;0,0;-0,01;0,0;-0,01;0,0;-0,01;0,0;-0,01;0,0;0,0;0,0;-0,04;0,0;0,0;0,0;-0,02;0,0;-0,01;0,0;-0,08;0,0;0,0;0,0;0,0;0,0;-0,01;0,0;-0,02;0,0
02.07.2026;15:30;15:45;1,69;1,11;-0,18;0,0;-0,02;0,0;-0,01;0,0;-0,01;0,0;0,0;0,0;0,0;0,0;-0,11;0,0;0,0;0,0;0,0;0,0;-0,01;0,0;0,0;0,0;-0,01;0,0;0,0;0,0;-0,02;0,0;0,0;0,0;-0,01;0,0;-0,01;0,0;0,0;0,0;-0,03;0,0;-0,02;0,0;-0,02;0,0;0,0;0,0;-0,08;0,0;-0,01;0,0;0,0;0,0;0,0;0,0;-0,03;0,0
02.07.2026;15:45;16:00;1,74;1,25;-0,16;0,0;-0,02;0,0;0,0;0,0;-0,02;0,0;0,0;0,0;-0,01;0,0;-0,06;0,0;0,0;0,0;0,0;0,0;0,0;0,0;0,0;0,0;-0,02;0,0;0,0;0,0;-0,02;0,0;0,0;0,0;-0,02;0,0;-0,01;0,0;0,0;0,0;-0,03;0,0;-0,01;0,0;-0,01;0,0;-0,01;0,0;-0,06;0,0;0,0;0,0;0,0;0,0;-0,01;0,0;-0,02;0,0
02.07.2026;16:00;16:15;1,1;0,51;-0,18;0,0;-0,02;0,0;0,0;0,0;-0,01;0,0;0,0;0,0;-0,01;0,0;-0,05;0,0;0,0;0,0;0,0;0,0;0,0;0,0;0,0;0,0;0,0;0,0;0,0;0,0;-0,03;0,0;0,0;0,0;-0,01;0,0;-0,02;0,0;0,0;0,0;-0,05;0,0;0,0;0,0;-0,32;-0,23;-0,01;0,0;-0,06;0,0;0,0;0,0;0,0;0,0;0,0;0,0;-0,05;0,0
02.07.2026;16:15;16:30;1,47;0,78;-0,22;0,0;-0,02;0,0;0,0;0,0;0,0;0,0;0,0;0,0;-0,01;0,0;-0,05;0,0;0,0;0,0;0,0;0,0;0,0;0,0;0,0;0,0;-0,02;0,0;0,0;0,0;-0,01;0,0;0,0;0,0;-0,01;0,0;-0,01;0,0;0,0;0,0;-0,05;0,0;-0,02;0,0;-0,2;-0,06;-0,01;0,0;-0,07;0,0;0,0;0,0;0,0;0,0;-0,01;0,0;-0,04;0,0
02.07.2026;16:30;16:45;1,05;0,44;-0,21;0,0;-0,02;0,0;0,0;0,0;-0,02;0,0;0,0;0,0;-0,01;0,0;-0,04;0,0;0,0;0,0;0,0;0,0;0,0;0,0;0,0;0,0;-0,02;0,0;0,0;0,0;-0,02;0,0;0,0;0,0;-0,02;0,0;-0,03;0,0;0,0;0,0;-0,07;0,0;0,0;0,0;-0,28;-0,2;-0,01;0,0;-0,02;0,0;0,0;0,0;0,0;0,0;0,0;0,0;-0,04;0,0
02.07.2026;16:45;17:00;0,94;0,33;-0,18;0,0;-0,03;0,0;0,0;0,0;-0,03;0,0;0,0;0,0;-0,01;0,0;-0,04;0,0;0,0;0,0;0,0;0,0;0,0;0,0;0,0;0,0;-0,04;0,0;0,0;0,0;-0,02;0,0;0,0;0,0;-0,01;0,0;-0,02;0,0;0,0;0,0;-0,07;0,0;-0,01;0,0;-0,14;-0,07;-0,01;0,0;-0,02;0,0;0,0;0,0;0,0;0,0;-0,01;0,0;-0,04;0,0
02.07.2026;17:00;17:15;1,18;0,59;-0,25;0,0;-0,02;0,0;0,0;0,0;-0,03;0,0;0,0;0,0;0,0;0,0;-0,02;0,0;0,0;0,0;0,0;0,0;0,0;0,0;0,0;0,0;-0,03;0,0;0,0;0,0;-0,04;0,0;0,0;0,0;-0,01;0,0;-0,02;0,0;0,0;0,0;-0,06;0,0;-0,02;0,0;-0,02;0,0;-0,01;0,0;-0,01;0,0;0,0;0,0;0,0;0,0;0,0;0,0;-0,05;0,0
02.07.2026;17:15;17:30;0,17;0,12;-0,29;-0,24;-0,01;-0,01;0,0;0,0;-0,04;-0,04;-0,01;-0,01;-0,02;-0,02;-0,01;-0,01;0,0;0,0;0,0;0,0;0,0;0,0;0,0;0,0;-0,02;-0,02;0,0;0,0;-0,04;-0,04;0,0;0,0;-0,02;-0,02;-0,02;-0,02;0,0;0,0;-0,01;-0,01;0,0;0,0;-0,02;-0,02;-0,01;-0,01;-0,02;-0,02;0,0;0,0;0,0;0,0;-0,01;-0,01;-0,05;-0,05
02.07.2026;17:30;17:45;0,0;0,0;-0,29;-0,29;-0,02;-0,02;0,0;0,0;-0,05;-0,05;0,0;0,0;-0,01;-0,01;-0,01;-0,01;0,0;0,0;0,0;0,0;0,0;0,0;0,0;0,0;-0,03;-0,03;0,0;0,0;-0,16;-0,16;0,0;0,0;-0,01;-0,01;-0,04;-0,04;0,0;0,0;-0,01;-0,01;-0,01;-0,01;-0,01;-0,01;-0,01;-0,01;-0,01;-0,01;-0,01;-0,01;0,0;0,0;0,0;0,0;-0,04;-0,04
02.07.2026;17:45;18:00;0,0;0,0;-0,22;-0,22;-0,06;-0,06;0,0;0,0;-0,06;-0,06;0,0;0,0;-0,01;-0,01;0,0;0,0;-0,01;-0,01;0,0;0,0;0,0;0,0;0,0;0,0;-0,03;-0,03;0,0;0,0;-0,17;-0,17;-0,01;-0,01;-0,01;-0,01;-0,08;-0,08;0,0;0,0;-0,01;-0,01;-0,01;-0,01;0,0;0,0;-0,01;-0,01;-0,02;-0,02;0,0;0,0;0,0;0,0;-0,01;-0,01;-0,04;-0,04
02.07.2026;18:00;18:15;0,65;0,21;-0,26;-0,12;-0,03;0,0;0,0;0,0;-0,05;-0,02;0,0;0,0;-0,01;0,0;-0,02;0,0;0,0;0,0;0,0;0,0;-0,01;0,0;0,0;0,0;-0,03;0,0;0,0;0,0;-0,18;-0,15;0,0;0,0;-0,03;0,0;-0,21;-0,18;0,0;0,0;-0,01;0,0;-0,01;0,0;-0,02;0,0;-0,01;0,0;-0,01;0,0;0,0;0,0;0,0;0,0;0,0;0,0;-0,02;0,0
02.07.2026;18:15;18:30;0,58;0,2;-0,23;-0,12;-0,01;0,0;0,0;0,0;-0,04;-0,02;0,0;0,0;-0,01;0,0;-0,02;0,0;0,0;0,0;0,0;0,0;0,0;0,0;0,0;0,0;-0,01;0,0;-0,01;0,0;-0,21;-0,19;0,0;0,0;-0,03;-0,01;-0,1;-0,08;-0,01;0,0;-0,02;0,0;-0,01;0,0;-0,01;0,0;-0,06;-0,04;-0,02;0,0;0,0;0,0;-0,01;0,0;-0,01;0,0;-0,03;-0,01
02.07.2026;18:30;18:45;0,44;0,2;-0,18;-0,08;-0,03;-0,02;0,0;0,0;-0,04;-0,03;0,0;0,0;-0,03;-0,02;-0,02;-0,01;0,0;0,0;0,0;0,0;0,0;0,0;0,0;0,0;-0,01;0,0;0,0;0,0;-0,11;-0,1;0,0;0,0;-0,03;-0,02;-0,09;-0,08;0,0;0,0;-0,01;0,0;-0,01;0,0;-0,01;0,0;-0,02;-0,01;-0,01;0,0;0,0;0,0;0,0;0,0;0,0;0,0;-0,02;-0,01
02.07.2026;18:45;19:00;0,28;0,2;-0,17;-0,09;-0,04;-0,04;0,0;0,0;-0,03;-0,03;0,0;0,0;-0,05;-0,05;-0,02;-0,02;0,0;0,0;0,0;0,0;0,0;0,0;0,0;0,0;-0,01;-0,01;0,0;0,0;-0,07;-0,07;0,0;0,0;-0,15;-0,15;-0,1;-0,1;0,0;0,0;-0,02;-0,02;-0,01;-0,01;-0,01;-0,01;-0,01;-0,01;-0,02;-0,02;0,0;0,0;0,0;0,0;-0,01;-0,01;-0,02;-0,02
02.07.2026;19:00;19:15;0,27;0,19;-0,16;-0,08;-0,04;-0,04;-0,01;-0,01;-0,04;-0,04;0,0;0,0;-0,02;-0,02;-0,02;-0,02;0,0;0,0;-0,01;-0,01;0,0;0,0;-0,01;-0,01;-0,02;-0,02;0,0;0,0;-0,02;-0,02;0,0;0,0;-0,12;-0,12;-0,08;-0,08;0,0;0,0;-0,01;-0,01;-0,01;-0,01;-0,02;-0,02;0,0;0,0;-0,01;-0,01;0,0;0,0;0,0;0,0;0,0;0,0;-0,02;-0,02
02.07.2026;19:15;19:30;0,25;0,18;-0,18;-0,11;-0,03;-0,03;0,0;0,0;-0,03;-0,03;-0,01;-0,01;-0,09;-0,09;-0,02;-0,02;0,0;0,0;0,0;0,0;0,0;0,0;0,0;0,0;-0,01;-0,01;0,0;0,0;-0,02;-0,02;0,0;0,0;-0,09;-0,09;-0,09;-0,09;0,0;0,0;0,0;0,0;0,0;0,0;-0,01;-0,01;-0,01;-0,01;-0,02;-0,02;0,0;0,0;0,0;0,0;-0,01;-0,01;-0,03;-0,03
02.07.2026;19:30;19:45;0,18;0,13;-0,16;-0,11;-0,03;-0,03;0,0;0,0;-0,04;-0,04;0,0;0,0;-0,09;-0,09;-0,02;-0,02;0,0;0,0;0,0;0,0;0,0;0,0;0,0;0,0;-0,01;-0,01;0,0;0,0;-0,02;-0,02;0,0;0,0;-0,07;-0,07;-0,09;-0,09;0,0;0,0;-0,02;-0,02;-0,02;-0,02;-0,01;-0,01;-0,02;-0,02;-0,01;-0,01;-0,01;-0,01;0,0;0,0;0,0;0,0;-0,01;-0,01
02.07.2026;19:45;20:00;0,12;0,11;-0,19;-0,18;-0,04;-0,04;0,0;0,0;-0,04;-0,04;0,0;0,0;-0,04;-0,04;-0,02;-0,02;0,0;0,0;0,0;0,0;0,0;0,0;0,0;0,0;-0,01;-0,01;0,0;0,0;-0,03;-0,03;0,0;0,0;-0,03;-0,03;-0,09;-0,09;0,0;0,0;-0,04;-0,04;-0,01;-0,01;0,0;0,0;-0,01;-0,01;-0,02;-0,02;0,0;0,0;0,0;0,0;-0,01;-0,01;-0,01;-0,01
02.07.2026;20:00;20:15;0,08;0,08;-0,19;-0,19;-0,06;-0,06;0,0;0,0;-0,04;-0,04;0,0;0,0;-0,04;-0,04;-0,02;-0,02;0,0;0,0;0,0;0,0;0,0;0,0;0,0;0,0;0,0;0,0;0,0;0,0;-0,03;-0,03;0,0;0,0;-0,03;-0,03;-0,08;-0,08;0,0;0,0;-0,02;-0,02;-0,01;-0,01;-0,01;-0,01;-0,03;-0,03;-0,01;-0,01;0,0;0,0;0,0;0,0;0,0;0,0;-0,02;-0,02
02.07.2026;20:15;20:30;0,06;0,06;-0,16;-0,16;-0,03;-0,03;0,0;0,0;-0,04;-0,04;0,0;0,0;-0,03;-0,03;-0,01;-0,01;-0,01;-0,01;0,0;0,0;0,0;0,0;0,0;0,0;-0,02;-0,02;0,0;0,0;-0,03;-0,03;-0,01;-0,01;-0,07;-0,07;-0,07;-0,07;0,0;0,0;-0,05;-0,05;-0,01;-0,01;-0,02;-0,02;-0,02;-0,02;-0,04;-0,04;0,0;0,0;0,0;0,0;-0,01;-0,01;-0,02;-0,02
02.07.2026;20:30;20:45;0,03;0,03;-0,24;-0,24;-0,04;-0,04;0,0;0,0;-0,04;-0,04;0,0;0,0;-0,02;-0,02;-0,02;-0,02;0,0;0,0;0,0;0,0;-0,01;-0,01;0,0;0,0;-0,02;-0,02;0,0;0,0;-0,03;-0,03;0,0;0,0;-0,08;-0,08;-0,07;-0,07;0,0;0,0;-0,05;-0,05;0,0;0,0;-0,01;-0,01;-0,02;-0,02;-0,21;-0,21;0,0;0,0;0,0;0,0;-0,01;-0,01;-0,04;-0,04
02.07.2026;20:45;21:00;0,01;0,01;-0,18;-0,18;-0,02;-0,02;0,0;0,0;-0,04;-0,04;0,0;0,0;-0,03;-0,03;-0,02;-0,02;0,0;0,0;0,0;0,0;0,0;0,0;0,0;0,0;0,0;0,0;0,0;0,0;-0,02;-0,02;0,0;0,0;-0,08;-0,08;-0,08;-0,08;0,0;0,0;-0,27;-0,27;-0,02;-0,02;-0,01;-0,01;-0,01;-0,01;-0,25;-0,25;0,0;0,0;0,0;0,0;0,0;0,0;-0,04;-0,04
02.07.2026;21:00;21:15;0,01;0,01;-0,17;-0,17;-0,02;-0,02;0,0;0,0;-0,04;-0,04;0,0;0,0;-0,04;-0,04;-0,02;-0,02;0,0;0,0;0,0;0,0;0,0;0,0;0,0;0,0;-0,01;-0,01;0,0;0,0;-0,03;-0,03;0,0;0,0;-0,09;-0,09;-0,06;-0,06;-0,01;-0,01;-0,42;-0,42;-0,01;-0,01;-0,01;-0,01;-0,01;-0,01;-0,23;-0,23;0,0;0,0;0,0;0,0;0,0;0,0;-0,04;-0,04
02.07.2026;21:15;21:30;0,0;0,0;-0,18;-0,18;-0,07;-0,07;0,0;0,0;-0,05;-0,05;-0,01;-0,01;-0,03;-0,03;-0,01;-0,01;0,0;0,0;0,0;0,0;0,0;0,0;0,0;0,0;-0,01;-0,01;0,0;0,0;-0,02;-0,02;0,0;0,0;-0,07;-0,07;-0,06;-0,06;0,0;0,0;-0,44;-0,44;0,0;0,0;-0,01;-0,01;-0,01;-0,01;-0,28;-0,28;0,0;0,0;0,0;0,0;-0,01;-0,01;-0,02;-0,02
02.07.2026;21:30;21:45;0,0;0,0;-0,22;-0,22;-0,04;-0,04;0,0;0,0;-0,06;-0,06;0,0;0,0;-0,04;-0,04;-0,01;-0,01;0,0;0,0;0,0;0,0;0,0;0,0;0,0;0,0;-0,03;-0,03;0,0;0,0;-0,03;-0,03;0,0;0,0;-0,06;-0,06;-0,06;-0,06;0,0;0,0;-0,1;-0,1;-0,02;-0,02;-0,01;-0,01;-0,01;-0,01;-0,26;-0,26;-0,01;-0,01;-0,01;-0,01;-0,01;-0,01;-0,03;-0,03
02.07.2026;21:45;22:00;0,0;0,0;-0,18;-0,18;-0,02;-0,02;0,0;0,0;-0,04;-0,04;0,0;0,0;-0,05;-0,05;-0,02;-0,02;0,0;0,0;0,0;0,0;0,0;0,0;0,0;0,0;-0,01;-0,01;-0,01;-0,01;-0,03;-0,03;0,0;0,0;-0,01;-0,01;-0,05;-0,05;0,0;0,0;-0,09;-0,09;0,0;0,0;-0,01;-0,01;-0,02;-0,02;-0,25;-0,25;0,0;0,0;0,0;0,0;0,0;0,0;-0,03;-0,03
02.07.2026;22:00;22:15;0,0;0,0;-0,16;-0,16;-0,02;-0,02;0,0;0,0;-0,04;-0,04;0,0;0,0;-0,08;-0,08;-0,02;-0,02;0,0;0,0;0,0;0,0;0,0;0,0;0,0;0,0;-0,01;-0,01;0,0;0,0;-0,03;-0,03;0,0;0,0;-0,02;-0,02;-0,05;-0,05;0,0;0,0;-0,01;-0,01;-0,01;-0,01;-0,01;-0,01;-0,01;-0,01;-0,23;-0,23;0,0;0,0;0,0;0,0;0,0;0,0;-0,02;-0,02
02.07.2026;22:15;22:30;0,0;0,0;-0,22;-0,22;-0,04;-0,04;-0,01;-0,01;-0,05;-0,05;0,0;0,0;-0,04;-0,04;-0,02;-0,02;0,0;0,0;0,0;0,0;0,0;0,0;0,0;0,0;-0,01;-0,01;0,0;0,0;-0,03;-0,03;0,0;0,0;-0,01;-0,01;-0,06;-0,06;0,0;0,0;-0,01;-0,01;-0,01;-0,01;-0,01;-0,01;-0,01;-0,01;-0,3;-0,3;0,0;0,0;0,0;0,0;-0,01;-0,01;-0,03;-0,03
02.07.2026;22:30;22:45;0,0;0,0;-0,24;-0,24;-0,02;-0,02;0,0;0,0;-0,04;-0,04;0,0;0,0;-0,03;-0,03;-0,01;-0,01;0,0;0,0;0,0;0,0;0,0;0,0;0,0;0,0;0,0;0,0;0,0;0,0;-0,03;-0,03;0,0;0,0;-0,01;-0,01;-0,05;-0,05;0,0;0,0;-0,02;-0,02;-0,01;-0,01;-0,03;-0,03;-0,01;-0,01;-0,25;-0,25;0,0;0,0;0,0;0,0;-0,01;-0,01;-0,02;-0,02
02.07.2026;22:45;23:00;0,0;0,0;-0,16;-0,16;-0,03;-0,03;0,0;0,0;-0,02;-0,02;0,0;0,0;-0,04;-0,04;-0,02;-0,02;-0,01;-0,01;0,0;0,0;0,0;0,0;0,0;0,0;-0,02;-0,02;0,0;0,0;-0,02;-0,02;-0,01;-0,01;-0,01;-0,01;-0,06;-0,06;0,0;0,0;-0,05;-0,05;-0,01;-0,01;-0,02;-0,02;-0,02;-0,02;-0,26;-0,26;0,0;0,0;0,0;0,0;0,0;0,0;-0,02;-0,02
02.07.2026;23:00;23:15;0,0;0,0;-0,19;-0,19;-0,02;-0,02;0,0;0,0;-0,02;-0,02;0,0;0,0;-0,01;-0,01;-0,03;-0,03;0,0;0,0;0,0;0,0;-0,01;-0,01;0,0;0,0;-0,02;-0,02;0,0;0,0;-0,02;-0,02;0,0;0,0;-0,01;-0,01;-0,05;-0,05;0,0;0,0;-0,03;-0,03;-0,01;-0,01;-0,03;-0,03;0,0;0,0;-0,22;-0,22;0,0;0,0;0,0;0,0;0,0;0,0;-0,11;-0,11
02.07.2026;23:15;23:30;0,0;0,0;-0,18;-0,18;-0,02;-0,02;0,0;0,0;-0,03;-0,03;-0,01;-0,01;-0,02;-0,02;-0,04;-0,04;0,0;0,0;0,0;0,0;0,0;0,0;0,0;0,0;-0,01;-0,01;0,0;0,0;-0,02;-0,02;0,0;0,0;-0,02;-0,02;-0,05;-0,05;0,0;0,0;-0,03;-0,03;0,0;0,0;-0,04;-0,04;-0,01;-0,01;-0,13;-0,13;0,0;0,0;0,0;0,0;-0,01;-0,01;-0,1;-0,1
02.07.2026;23:30;23:45;0,0;0,0;-0,17;-0,17;-0,02;-0,02;0,0;0,0;-0,02;-0,02;0,0;0,0;-0,01;-0,01;-0,04;-0,04;0,0;0,0;0,0;0,0;0,0;0,0;0,0;0,0;-0,01;-0,01;0,0;0,0;-0,02;-0,02;0,0;0,0;-0,28;-0,28;-0,05;-0,05;0,0;0,0;-0,02;-0,02;-0,02;-0,02;-0,04;-0,04;-0,01;-0,01;-0,1;-0,1;-0,01;-0,01;0,0;0,0;-0,01;-0,01;-0,07;-0,07
02.07.2026;23:45;00:00;0,0;0,0;-0,18;-0,18;-0,03;-0,03;0,0;0,0;-0,02;-0,02;0,0;0,0;-0,01;-0,01;-0,03;-0,03;0,0;0,0;0,0;0,0;0,0;0,0;0,0;0,0;-0,02;-0,02;0,0;0,0;-0,02;-0,02;0,0;0,0;-0,33;-0,33;-0,05;-0,05;0,0;0,0;-0,02;-0,02;-0,01;-0,01;-0,03;-0,03;-0,01;-0,01;-0,01;-0,01;0,0;0,0;0,0;0,0;0,0;0,0;-0,06;-0,06
03.07.2026;00:00;00:15;0,0;0,0;-0,16;-0,16;-0,03;-0,03;0,0;0,0;-0,01;-0,01;0,0;0,0;-0,01;-0,01;-0,04;-0,04;0,0;0,0;-0,01;-0,01;0,0;0,0;-0,01;-0,01;-0,02;-0,02;0,0;0,0;-0,01;-0,01;0,0;0,0;-0,22;-0,22;-0,05;-0,05;0,0;0,0;-0,01;-0,01;0,0;0,0;-0,04;-0,04;-0,01;-0,01;-0,02;-0,02;0,0;0,0;0,0;0,0;0,0;0,0;-0,02;-0,02
03.07.2026;00:15;00:30;0,0;0,0;-0,16;-0,16;-0,01;-0,01;0,0;0,0;-0,01;-0,01;0,0;0,0;-0,02;-0,02;-0,03;-0,03;0,0;0,0;0,0;0,0;0,0;0,0;0,0;0,0;-0,01;-0,01;0,0;0,0;-0,01;-0,01;0,0;0,0;-0,25;-0,25;-0,05;-0,05;0,0;0,0;-0,01;-0,01;-0,02;-0,02;-0,04;-0,04;-0,01;-0,01;-0,01;-0,01;0,0;0,0;0,0;0,0;-0,01;-0,01;-0,02;-0,02
03.07.2026;00:30;00:45;0,0;0,0;-0,22;-0,22;-0,02;-0,02;0,0;0,0;-0,01;-0,01;0,0;0,0;-0,01;-0,01;-0,05;-0,05;0,0;0,0;0,0;0,0;0,0;0,0;0,0;0,0;-0,01;-0,01;0,0;0,0;-0,02;-0,02;0,0;0,0;-0,24;-0,24;-0,05;-0,05;0,0;0,0;-0,01;-0,01;0,0;0,0;-0,03;-0,03;-0,01;-0,01;-0,02;-0,02;0,0;0,0;0,0;0,0;-0,01;-0,01;-0,01;-0,01
03.07.2026;00:45;01:00;0,0;0,0;-0,18;-0,18;-0,03;-0,03;0,0;0,0;-0,02;-0,02;0,0;0,0;-0,01;-0,01;-0,04;-0,04;0,0;0,0;0,0;0,0;0,0;0,0;0,0;0,0;0,0;0,0;0,0;0,0;-0,21;-0,21;0,0;0,0;-0,03;-0,03;-0,04;-0,04;0,0;0,0;-0,01;-0,01;-0,01;-0,01;-0,04;-0,04;-0,01;-0,01;-0,01;-0,01;0,0;0,0;0,0;0,0;0,0;0,0;-0,02;-0,02
03.07.2026;01:00;01:15;0,0;0,0;-0,16;-0,16;-0,02;-0,02;0,0;0,0;-0,01;-0,01;0,0;0,0;-0,01;-0,01;-0,02;-0,02;0,0;0,0;0,0;0,0;0,0;0,0;0,0;0,0;-0,02;-0,02;-0,01;-0,01;-0,03;-0,03;0,0;0,0;-0,03;-0,03;-0,03;-0,03;0,0;0,0;-0,01;-0,01;-0,02;-0,02;-0,03;-0,03;-0,01;-0,01;-0,02;-0,02;0,0;0,0;-0,01;-0,01;-0,01;-0,01;-0,02;-0,02
03.07.2026;01:15;01:30;0,0;0,0;-0,17;-0,17;-0,02;-0,02;0,0;0,0;-0,02;-0,02;-0,01;-0,01;-0,01;-0,01;-0,06;-0,06;-0,01;-0,01;0,0;0,0;0,0;0,0;0,0;0,0;-0,02;-0,02;0,0;0,0;-0,04;-0,04;-0,01;-0,01;-0,03;-0,03;-0,02;-0,02;0,0;0,0;0,0;0,0;0,0;0,0;-0,04;-0,04;-0,01;-0,01;-0,01;-0,01;0,0;0,0;0,0;0,0;0,0;0,0;-0,03;-0,03
03.07.2026;01:30;01:45;0,0;0,0;-0,18;-0,18;-0,01;-0,01;-0,01;-0,01;-0,01;-0,01;0,0;0,0;-0,01;-0,01;-0,05;-0,05;0,0;0,0;0,0;0,0;-0,01;-0,01;0,0;0,0;0,0;0,0;0,0;0,0;-0,02;-0,02;0,0;0,0;-0,02;-0,02;-0,02;-0,02;0,0;0,0;-0,02;-0,02;-0,01;-0,01;-0,03;-0,03;0,0;0,0;-0,02;-0,02;-0,01;-0,01;0,0;0,0;-0,01;-0,01;-0,02;-0,02
03.07.2026;01:45;02:00;0,0;0,0;-0,17;-0,17;-0,02;-0,02;0,0;0,0;0,0;0,0;0,0;0,0;-0,01;-0,01;-0,04;-0,04;0,0;0,0;0,0;0,0;0,0;0,0;0,0;0,0;-0,01;-0,01;0,0;0,0;-0,02;-0,02;0,0;0,0;-0,03;-0,03;-0,02;-0,02;0,0;0,0;-0,01;-0,01;-0,01;-0,01;-0,02;-0,02;-0,01;-0,01;-0,01;-0,01;0,0;0,0;0,0;0,0;0,0;0,0;-0,03;-0,03
03.07.2026;02:00;02:15;0,0;0,0;-0,16;-0,16;-0,03;-0,03;0,0;0,0;-0,01;-0,01;0,0;0,0;-0,02;-0,02;-0,05;-0,05;0,0;0,0;0,0;0,0;0,0;0,0;0,0;0,0;0,0;0,0;0,0;0,0;-0,01;-0,01;0,0;0,0;-0,01;-0,01;-0,02;-0,02;-0,01;-0,01;-0,01;-0,01;-0,01;-0,01;-0,02;-0,02;-0,01;-0,01;-0,02;-0,02;0,0;0,0;0,0;0,0;-0,01;-0,01;-0,02;-0,02
03.07.2026;02:15;02:30;0,0;0,0;-0,16;-0,16;-0,02;-0,02;0,0;0,0;-0,02;-0,02;0,0;0,0;-0,01;-0,01;-0,04;-0,04;0,0;0,0;0,0;0,0;0,0;0,0;0,0;0,0;-0,02;-0,02;0,0;0,0;-0,02;-0,02;0,0;0,0;-0,02;-0,02;-0,02;-0,02;0,0;0,0;-0,01;-0,01;-0,01;-0,01;-0,03;-0,03;-0,01;-0,01;-0,01;-0,01;0,0;0,0;0,0;0,0;0,0;0,0;-0,03;-0,03
03.07.2026;02:30;02:45;0,0;0,0;-0,17;-0,17;-0,01;-0,01;0,0;0,0;-0,01;-0,01;0,0;0,0;0,0;0,0;-0,04;-0,04;0,0;0,0;0,0;0,0;0,0;0,0;0,0;0,0;-0,02;-0,02;0,0;0,0;-0,01;-0,01;0,0;0,0;-0,01;-0,01;-0,03;-0,03;0,0;0,0;-0,01;-0,01;-0,01;-0,01;-0,05;-0,05;-0,01;-0,01;-0,01;-0,01;0,0;0,0;0,0;0,0;-0,01;-0,01;-0,02;-0,02
03.07.2026;02:45;03:00;0,0;0,0;-0,17;-0,17;-0,02;-0,02;0,0;0,0;-0,02;-0,02;0,0;0,0;-0,01;-0,01;-0,02;-0,02;0,0;0,0;0,0;0,0;0,0;0,0;0,0;0,0;0,0;0,0;0,0;0,0;-0,02;-0,02;0,0;0,0;-0,01;-0,01;-0,02;-0,02;0,0;0,0;0,0;0,0;-0,01;-0,01;-0,05;-0,05;-0,01;-0,01;-0,02;-0,02;0,0;0,0;0,0;0,0;0,0;0,0;-0,02;-0,02
03.07.2026;03:00;03:15;0,0;0,0;-0,17;-0,17;-0,02;-0,02;0,0;0,0;0,0;0,0;0,0;0,0;-0,01;-0,01;-0,02;-0,02;0,0;0,0;0,0;0,0;0,0;0,0;0,0;0,0;-0,01;-0,01;0,0;0,0;-0,01;-0,01;0,0;0,0;0,0;0,0;-0,01;-0,01;0,0;0,0;-0,02;-0,02;-0,01;-0,01;-0,02;-0,02;-0,01;-0,01;-0,01;-0,01;0,0;0,0;0,0;0,0;-0,01;-0,01;-0,03;-0,03
03.07.2026;03:15;03:30;0,0;0,0;-0,19;-0,19;-0,03;-0,03;0,0;0,0;-0,01;-0,01;-0,01;-0,01;-0,01;-0,01;-0,02;-0,02;0,0;0,0;0,0;0,0;0,0;0,0;0,0;0,0;-0,01;-0,01;0,0;0,0;-0,02;-0,02;0,0;0,0;-0,01;-0,01;-0,01;-0,01;0,0;0,0;-0,01;-0,01;-0,01;-0,01;-0,02;-0,02;0,0;0,0;-0,02;-0,02;0,0;0,0;0,0;0,0;0,0;0,0;-0,01;-0,01
03.07.2026;03:30;03:45;0,0;0,0;-0,16;-0,16;-0,01;-0,01;0,0;0,0;-0,02;-0,02;0,0;0,0;-0,01;-0,01;-0,02;-0,02;0,0;0,0;0,0;0,0;0,0;0,0;0,0;0,0;-0,01;-0,01;0,0;0,0;-0,01;-0,01;0,0;0,0;0,0;0,0;-0,01;-0,01;0,0;0,0;-0,01;-0,01;-0,01;-0,01;-0,03;-0,03;-0,01;-0,01;-0,01;-0,01;-0,01;-0,01;0,0;0,0;-0,01;-0,01;-0,02;-0,02
03.07.2026;03:45;04:00;0,0;0,0;-0,19;-0,19;-0,01;-0,01;0,0;0,0;-0,01;-0,01;0,0;0,0;-0,01;-0,01;-0,02;-0,02;-0,01;-0,01;0,0;0,0;0,0;0,0;0,0;0,0;-0,02;-0,02;0,0;0,0;-0,02;-0,02;-0,01;-0,01;-0,01;-0,01;-0,01;-0,01;0,0;0,0;-0,01;-0,01;-0,01;-0,01;-0,02;-0,02;-0,01;-0,01;-0,02;-0,02;0,0;0,0;0,0;0,0;0,0;0,0;-0,02;-0,02
03.07.2026;04:00;04:15;0,0;0,0;-0,25;-0,25;-0,03;-0,03;0,0;0,0;-0,02;-0,02;0,0;0,0;-0,01;-0,01;-0,02;-0,02;0,0;0,0;0,0;0,0;-0,01;-0,01;0,0;0,0;0,0;0,0;0,0;0,0;-0,01;-0,01;0,0;0,0;-0,02;-0,02;-0,02;-0,02;0,0;0,0;-0,01;-0,01;-0,01;-0,01;-0,02;-0,02;-0,01;-0,01;-0,01;-0,01;0,0;0,0;0,0;0,0;-0,01;-0,01;-0,03;-0,03
03.07.2026;04:15;04:30;0,0;0,0;-0,18;-0,18;-0,03;-0,03;0,0;0,0;0,0;0,0;0,0;0,0;-0,01;-0,01;-0,03;-0,03;0,0;0,0;0,0;0,0;0,0;0,0;0,0;0,0;-0,01;-0,01;-0,01;-0,01;-0,02;-0,02;0,0;0,0;-0,01;-0,01;-0,03;-0,03;0,0;0,0;-0,01;-0,01;-0,01;-0,01;-0,03;-0,03;-0,01;-0,01;-0,01;-0,01;0,0;0,0;-0,01;-0,01;0,0;0,0;-0,02;-0,02
03.07.2026;04:30;04:45;0,0;0,0;-0,17;-0,17;-0,01;-0,01;0,0;0,0;-0,01;-0,01;0,0;0,0;-0,01;-0,01;-0,01;-0,01;0,0;0,0;0,0;0,0;0,0;0,0;0,0;0,0;0,0;0,0;0,0;0,0;-0,02;-0,02;0,0;0,0;-0,01;-0,01;-0,02;-0,02;0,0;0,0;0,0;0,0;0,0;0,0;-0,02;-0,02;-0,01;-0,01;-0,02;-0,02;0,0;0,0;0,0;0,0;-0,01;-0,01;-0,02;-0,02
03.07.2026;04:45;05:00;0,0;0,0;-0,17;-0,17;-0,01;-0,01;0,0;0,0;-0,02;-0,02;0,0;0,0;-0,01;-0,01;0,0;0,0;0,0;0,0;0,0;0,0;0,0;0,0;0,0;0,0;-0,02;-0,02;0,0;0,0;-0,01;-0,01;0,0;0,0;-0,02;-0,02;-0,02;-0,02;0,0;0,0;-0,01;-0,01;-0,02;-0,02;-0,02;-0,02;-0,01;-0,01;-0,01;-0,01;0,0;0,0;0,0;0,0;0,0;0,0;-0,03;-0,03
03.07.2026;05:00;05:15;0,0;0,0;-0,17;-0,17;-0,02;-0,02;-0,01;-0,01;-0,01;-0,01;0,0;0,0;-0,01;-0,01;-0,01;-0,01;0,0;0,0;-0,01;-0,01;0,0;0,0;-0,01;-0,01;-0,01;-0,01;0,0;0,0;-0,01;-0,01;0,0;0,0;-0,01;-0,01;-0,02;-0,02;0,0;0,0;-0,01;-0,01;-0,01;-0,01;-0,02;-0,02;0,0;0,0;-0,02;-0,02;0,0;0,0;0,0;0,0;-0,01;-0,01;-0,02;-0,02
03.07.2026;05:15;05:30;0,01;0,01;-0,17;-0,17;-0,03;-0,03;0,0;0,0;-0,02;-0,02;-0,01;-0,01;-0,01;-0,01;-0,01;-0,01;0,0;0,0;0,0;0,0;0,0;0,0;0,0;0,0;-0,01;-0,01;0,0;0,0;-0,02;-0,02;0,0;0,0;-0,02;-0,02;-0,11;-0,11;0,0;0,0;-0,01;-0,01;0,0;0,0;-0,02;-0,02;-0,02;-0,02;-0,06;-0,06;0,0;0,0;0,0;0,0;0,0;0,0;-0,01;-0,01
03.07.2026;05:30;05:45;0,03;0,03;-0,18;-0,18;-0,02;-0,02;0,0;0,0;0,0;0,0;0,0;0,0;-0,01;-0,01;-0,02;-0,02;0,0;0,0;0,0;0,0;0,0;0,0;0,0;0,0;0,0;0,0;0,0;0,0;-0,02;-0,02;0,0;0,0;-0,02;-0,02;-0,07;-0,07;0,0;0,0;-0,01;-0,01;-0,01;-0,01;-0,01;-0,01;-0,01;-0,01;-0,02;-0,02;-0,01;-0,01;0,0;0,0;-0,01;-0,01;-0,02;-0,02
03.07.2026;05:45;06:00;0,08;0,08;-0,18;-0,18;-0,01;-0,01;0,0;0,0;-0,01;-0,01;0,0;0,0;-0,01;-0,01;-0,02;-0,02;0,0;0,0;0,0;0,0;0,0;0,0;0,0;0,0;-0,01;-0,01;0,0;0,0;-0,03;-0,03;0,0;0,0;-0,02;-0,02;-0,01;-0,01;0,0;0,0;-0,02;-0,02;-0,01;-0,01;0,0;0,0;0,0;0,0;-0,03;-0,03;0,0;0,0;0,0;0,0;0,0;0,0;-0,01;-0,01
03.07.2026;06:00;06:15;0,09;0,09;-0,19;-0,19;-0,24;-0,24;0,0;0,0;-0,01;-0,01;0,0;0,0;-0,01;-0,01;-0,02;-0,02;0,0;0,0;0,0;0,0;0,0;0,0;0,0;0,0;-0,02;-0,02;0,0;0,0;-0,01;-0,01;0,0;0,0;-0,02;-0,02;-0,02;-0,02;0,0;0,0;-0,01;-0,01;-0,01;-0,01;-0,01;-0,01;-0,01;-0,01;-0,05;-0,05;0,0;0,0;0,0;0,0;-0,01;-0,01;-0,02;-0,02
03.07.2026;06:15;06:30;0,0;0,0;-0,2;-0,2;-0,03;-0,03;0,0;0,0;-0,02;-0,02;0,0;0,0;0,0;0,0;-0,02;-0,02;-0,01;-0,01;0,0;0,0;0,0;0,0;0,0;0,0;-0,01;-0,01;0,0;0,0;-0,02;-0,02;-0,01;-0,01;-0,02;-0,02;-0,02;-0,02;0,0;0,0;-0,01;-0,01;-0,01;-0,01;-0,01;-0,01;-0,01;-0,01;-0,03;-0,03;0,0;0,0;0,0;0,0;0,0;0,0;-0,03;-0,03
03.07.2026;06:30;06:45;0,0;0,0;-0,22;-0,22;-0,02;-0,02;0,0;0,0;-0,02;-0,02;0,0;0,0;-0,01;-0,01;-0,02;-0,02;0,0;0,0;0,0;0,0;-0,01;-0,01;0,0;0,0;-0,11;-0,11;0,0;0,0;-0,02;-0,02;0,0;0,0;-0,02;-0,02;-0,03;-0,03;0,0;0,0;0,0;0,0;-0,01;-0,01;-0,02;-0,02;-0,01;-0,01;-0,05;-0,05;0,0;0,0;0,0;0,0;-0,01;-0,01;-0,02;-0,02
03.07.2026;06:45;07:00;0,02;0,02;-0,26;-0,26;-0,07;-0,07;0,0;0,0;-0,02;-0,02;0,0;0,0;-0,02;-0,02;-0,02;-0,02;0,0;0,0;0,0;0,0;0,0;0,0;0,0;0,0;-0,06;-0,06;0,0;0,0;-0,02;-0,02;0,0;0,0;-0,02;-0,02;-0,02;-0,02;0,0;0,0;-0,01;-0,01;-0,01;-0,01;-0,02;-0,02;-0,01;-0,01;-0,01;-0,01;0,0;0,0;0,0;0,0;0,0;0,0;-0,02;-0,02
03.07.2026;07:00;07:15;0,52;0,19;-0,34;-0,25;-0,04;-0,02;0,0;0,0;-0,02;0,0;0,0;0,0;-0,01;0,0;-0,02;0,0;0,0;0,0;0,0;0,0;0,0;0,0;0,0;0,0;-0,05;-0,03;0,0;0,0;-0,01;0,0;0,0;0,0;-0,02;0,0;-0,02;0,0;-0,01;0,0;-0,02;0,0;-0,01;0,0;-0,01;0,0;-0,01;0,0;-0,03;-0,01;0,0;0,0;0,0;0,0;-0,01;0,0;-0,01;0,0
03.07.2026;07:15;07:30;0,69;0,25;-0,32;-0,17;-0,04;0,0;0,0;0,0;-0,03;0,0;-0,01;0,0;-0,02;0,0;-0,03;0,0;0,0;0,0;0,0;0,0;0,0;0,0;0,0;0,0;-0,02;0,0;0,0;0,0;-0,02;0,0;0,0;0,0;-0,02;0,0;-0,02;0,0;0,0;0,0;-0,03;0,0;0,0;0,0;-0,02;0,0;-0,01;0,0;-0,01;0,0;0,0;0,0;0,0;0,0;0,0;0,0;-0,01;0,0
03.07.2026;07:30;07:45;0,51;0,17;-0,21;-0,12;-0,03;-0,01;0,0;0,0;-0,03;-0,01;0,0;0,0;-0,01;0,0;-0,03;-0,01;0,0;0,0;0,0;0,0;0,0;0,0;0,0;0,0;-0,01;0,0;0,0;0,0;-0,02;0,0;0,0;0,0;-0,02;0,0;-0,02;0,0;0,0;0,0;-0,01;0,0;-0,02;0,0;-0,01;0,0;0,0;0,0;-0,02;0,0;-0,01;0,0;-0,01;0,0;-0,01;0,0;-0,02;0,0
03.07.2026;07:45;08:00;0,45;0,2;-0,17;-0,06;-0,03;-0,02;0,0;0,0;-0,1;-0,09;0,0;0,0;-0,01;0,0;-0,03;-0,02;0,0;0,0;0,0;0,0;0,0;0,0;0,0;0,0;-0,01;0,0;-0,01;0,0;-0,02;-0,01;0,0;0,0;-0,02;-0,01;-0,01;0,0;0,0;0,0;-0,01;0,0;0,0;0,0;-0,01;0,0;-0,01;0,0;-0,02;-0,01;0,0;0,0;0,0;0,0;0,0;0,0;-0,02;-0,01
03.07.2026;08:00;08:15;0,74;0,26;-0,18;-0,01;-0,04;0,0;0,0;0,0;-0,04;0,0;0,0;0,0;-0,01;0,0;-0,03;0,0;0,0;0,0;0,0;0,0;0,0;0,0;0,0;0,0;-0,02;0,0;0,0;0,0;-0,02;0,0;0,0;0,0;-0,03;0,0;-0,01;0,0;0,0;0,0;-0,01;0,0;-0,01;0,0;-0,02;0,0;-0,01;0,0;-0,03;0,0;0,0;0,0;0,0;0,0;0,0;0,0;-0,03;0,0
03.07.2026;08:15;08:30;1,02;0,52;-0,19;0,0;-0,03;0,0;-0,01;0,0;-0,04;0,0;0,0;0,0;-0,02;0,0;-0,03;0,0;0,0;0,0;0,0;0,0;0,0;0,0;0,0;0,0;0,0;0,0;0,0;0,0;-0,03;0,0;0,0;0,0;-0,02;0,0;-0,01;0,0;0,0;0,0;-0,01;0,0;-0,02;0,0;-0,02;0,0;-0,01;0,0;-0,03;0,0;0,0;0,0;0,0;0,0;-0,01;0,0;-0,02;0,0
03.07.2026;08:30;08:45;1,27;0,76;-0,19;0,0;-0,03;0,0;0,0;0,0;-0,05;0,0;0,0;0,0;-0,02;0,0;-0,03;0,0;0,0;0,0;0,0;0,0;0,0;0,0;0,0;0,0;-0,01;0,0;0,0;0,0;-0,02;0,0;0,0;0,0;-0,02;0,0;-0,02;0,0;0,0;0,0;-0,01;0,0;0,0;0,0;-0,03;0,0;-0,01;0,0;-0,04;0,0;0,0;0,0;0,0;0,0;-0,01;0,0;-0,02;0,0
03.07.2026;08:45;09:00;1,39;0,85;-0,21;0,0;-0,07;0,0;0,0;0,0;-0,04;0,0;0,0;0,0;0,0;0,0;-0,02;0,0;-0,01;0,0;0,0;0,0;0,0;0,0;0,0;0,0;-0,01;0,0;0,0;0,0;-0,02;0,0;-0,01;0,0;-0,02;0,0;-0,02;0,0;0,0;0,0;0,0;0,0;-0,01;0,0;-0,01;0,0;-0,01;0,0;-0,07;0,0;0,0;0,0;0,0;0,0;0,0;0,0;-0,01;0,0
03.07.2026;09:00;09:15;0,62;0,21;-0,19;-0,05;-0,09;-0,06;0,0;0,0;-0,05;-0,02;0,0;0,0;-0,01;0,0;-0,02;0,0;0,0;0,0;0,0;0,0;-0,01;0,0;0,0;0,0;-0,01;0,0;0,0;0,0;-0,02;0,0;0,0;0,0;-0,02;0,0;-0,03;0,0;0,0;0,0;-0,01;0,0;-0,01;0,0;-0,01;0,0;-0,02;0,0;-0,08;-0,05;0,0;0,0;0,0;0,0;0,0;0,0;-0,01;0,0
03.07.2026;09:15;09:30;1,01;0,44;-0,19;0,0;-0,05;0,0;0,0;0,0;-0,05;0,0;-0,01;0,0;-0,01;0,0;-0,03;0,0;0,0;0,0;0,0;0,0;0,0;0,0;0,0;0,0;-0,02;0,0;0,0;0,0;-0,03;0,0;0,0;0,0;-0,02;0,0;-0,02;0,0;0,0;0,0;-0,01;0,0;-0,01;0,0;-0,02;0,0;0,0;0,0;-0,07;0,0;0,0;0,0;0,0;0,0;-0,01;0,0;-0,02;0,0
03.07.2026;09:30;09:45;1,0;0,45;-0,19;0,0;-0,06;0,0;0,0;0,0;-0,03;0,0;0,0;0,0;-0,01;0,0;-0,03;0,0;0,0;0,0;0,0;0,0;0,0;0,0;0,0;0,0;0,0;0,0;0,0;0,0;-0,03;0,0;0,0;0,0;-0,02;0,0;-0,02;0,0;0,0;0,0;0,0;0,0;-0,01;0,0;-0,01;0,0;-0,02;0,0;-0,08;0,0;-0,01;0,0;0,0;0,0;-0,01;0,0;-0,02;0,0
03.07.2026;09:45;10:00;1,65;1,15;-0,17;0,0;-0,04;0,0;0,0;0,0;-0,05;0,0;0,0;0,0;0,0;0,0;-0,03;0,0;0,0;0,0;0,0;0,0;0,0;0,0;0,0;0,0;-0,01;0,0;0,0;0,0;-0,03;0,0;0,0;0,0;-0,02;0,0;-0,03;0,0;0,0;0,0;-0,01;0,0;-0,01;0,0;-0,02;0,0;-0,01;0,0;-0,04;0,0;0,0;0,0;0,0;0,0;0,0;0,0;-0,03;0,0
03.07.2026;10:00;10:15;1,44;0,82;-0,18;0,0;-0,05;0,0;0,0;0,0;-0,04;0,0;0,0;0,0;-0,01;0,0;-0,03;0,0;0,0;0,0;-0,01;0,0;0,0;0,0;-0,01;0,0;0,0;0,0;0,0;0,0;-0,15;0,0;0,0;0,0;-0,02;0,0;-0,03;0,0;0,0;0,0;-0,01;0,0;-0,01;0,0;-0,02;0,0;0,0;0,0;-0,03;0,0;0,0;0,0;0,0;0,0;0,0;0,0;-0,02;0,0
03.07.2026;10:15;10:30;1,17;0,56;-0,18;0,0;-0,04;0,0;0,0;0,0;-0,04;0,0;0,0;0,0;-0,01;0,0;-0,06;0,0;0,0;0,0;0,0;0,0;0,0;0,0;0,0;0,0;-0,02;0,0;0,0;0,0;-0,27;-0,16;0,0;0,0;-0,03;0,0;-0,02;0,0;0,0;0,0;-0,02;0,0;-0,01;0,0;0,0;0,0;-0,01;0,0;-0,04;0,0;0,0;0,0;0,0;0,0;-0,01;0,0;-0,01;0,0
03.07.2026;10:30;10:45;0,36;0,16;-0,17;-0,1;-0,05;-0,04;0,0;0,0;-0,02;-0,01;0,0;0,0;-0,01;0,0;-0,05;-0,04;0,0;0,0;0,0;0,0;0,0;0,0;0,0;0,0;-0,01;0,0;0,0;0,0;-0,03;-0,02;0,0;0,0;-0,03;-0,02;-0,02;-0,01;0,0;0,0;0,0;0,0;-0,01;0,0;-0,02;-0,01;-0,01;0,0;-0,1;-0,09;0,0;0,0;0,0;0,0;0,0;0,0;-0,01;0,0
03.07.2026;10:45;11:00;0,0;0,0;-0,18;-0,18;-0,05;-0,05;0,0;0,0;0,0;0,0;0,0;0,0;-0,01;-0,01;-0,06;-0,06;0,0;0,0;0,0;0,0;0,0;0,0;0,0;0,0;-0,01;-0,01;0,0;0,0;-0,02;-0,02;0,0;0,0;-0,02;-0,02;-0,02;-0,02;0,0;0,0;-0,01;-0,01;-0,01;-0,01;-0,02;-0,02;-0,01;-0,01;-0,03;-0,03;0,0;0,0;0,0;0,0;-0,01;-0,01;-0,02;-0,02
03.07.2026;11:00;11:15;0,12;0,11;-0,17;-0,16;-0,04;-0,04;0,0;0,0;-0,01;-0,01;0,0;0,0;-0,03;-0,03;-0,05;-0,05;0,0;0,0;0,0;0,0;0,0;0,0;0,0;0,0;0,0;0,0;-0,01;-0,01;-0,16;-0,16;0,0;0,0;-0,03;-0,03;-0,03;-0,03;0,0;0,0;0,0;0,0;-0,01;-0,01;0,0;0,0;-0,01;-0,01;-0,03;-0,03;0,0;0,0;-0,01;-0,01;-0,01;-0,01;-0,02;-0,02
03.07.2026;11:15;11:30;0,9;0,29;-0,17;0,0;-0,05;0,0;0,0;0,0;-0,02;0,0;-0,01;0,0;-0,23;-0,16;-0,05;0,0;-0,01;0,0;0,0;0,0;0,0;0,0;0,0;0,0;-0,01;0,0;0,0;0,0;-0,32;-0,25;-0,01;0,0;-0,03;0,0;-0,03;0,0;0,0;0,0;-0,01;0,0;0,0;0,0;-0,01;0,0;-0,01;0,0;-0,03;0,0;0,0;0,0;0,0;0,0;0,0;0,0;-0,02;0,0
03.07.2026;11:30;11:45;1,78;1,06;-0,19;0,0;-0,02;0,0;-0,01;0,0;-0,01;0,0;0,0;0,0;-0,17;0,0;-0,07;0,0;0,0;0,0;0,0;0,0;-0,01;0,0;0,0;0,0;-0,02;0,0;0,0;0,0;-0,04;0,0;0,0;0,0;-0,04;0,0;-0,04;0,0;0,0;0,0;-0,01;0,0;-0,02;0,0;0,0;0,0;-0,01;0,0;-0,02;0,0;-0,01;0,0;0,0;0,0;0,0;0,0;-0,03;0,0
03.07.2026;11:45;12:00;1,97;1,22;-0,21;0,0;-0,03;0,0;0,0;0,0;-0,02;0,0;0,0;0,0;-0,03;0,0;-0,25;-0,02;0,0;0,0;0,0;0,0;0,0;0,0;0,0;0,0;-0,01;0,0;0,0;0,0;-0,03;0,0;0,0;0,0;-0,03;0,0;-0,04;0,0;0,0;0,0;0,0;0,0;0,0;0,0;-0,01;0,0;0,0;0,0;-0,09;0,0;0,0;0,0;0,0;0,0;-0,01;0,0;-0,01;0,0
03.07.2026;12:00;12:15;1,24;0,44;-0,21;0,0;-0,02;0,0;0,0;0,0;-0,11;-0,01;0,0;0,0;-0,03;0,0;-0,23;-0,13;0,0;0,0;0,0;0,0;0,0;0,0;0,0;0,0;0,0;0,0;0,0;0,0;-0,09;0,0;0,0;0,0;-0,03;0,0;-0,04;0,0;-0,01;0,0;-0,01;0,0;-0,01;0,0;-0,01;0,0;-0,02;0,0;-0,12;-0,02;0,0;0,0;0,0;0,0;-0,01;0,0;-0,01;0,0
03.07.2026;12:15;12:30;1,01;0,36;-0,19;0,0;-0,02;0,0;0,0;0,0;-0,04;0,0;0,0;0,0;-0,09;-0,01;-0,1;-0,02;0,0;0,0;0,0;0,0;0,0;0,0;0,0;0,0;-0,01;0,0;0,0;0,0;-0,08;0,0;0,0;0,0;-0,02;0,0;-0,04;0,0;0,0;0,0;-0,01;0,0;-0,02;0,0;-0,01;0,0;-0,01;0,0;-0,02;0,0;0,0;0,0;0,0;0,0;0,0;0,0;-0,02;0,0
03.07.2026;12:30;12:45;1,29;0,56;-0,19;0,0;-0,03;0,0;0,0;0,0;-0,07;0,0;0,0;0,0;-0,09;0,0;-0,06;0,0;0,0;0,0;0,0;0,0;0,0;0,0;0,0;0,0;0,0;0,0;0,0;0,0;-0,02;0,0;0,0;0,0;-0,35;-0,23;-0,04;0,0;0,0;0,0;-0,02;0,0;0,0;0,0;-0,01;0,0;0,0;0,0;-0,04;0,0;0,0;0,0;-0,01;0,0;-0,01;0,0;-0,02;0,0
03.07.2026;12:45;13:00;1,85;0,79;-0,22;0,0;-0,05;0,0;0,0;0,0;-0,16;0,0;0,0;0,0;-0,07;0,0;-0,07;0,0;0,0;0,0;0,0;0,0;0,0;0,0;0,0;0,0;-0,02;0,0;0,0;0,0;-0,02;0,0;0,0;0,0;-0,24;-0,06;-0,03;0,0;0,0;0,0;-0,01;0,0;-0,01;0,0;-0,01;0,0;-0,01;0,0;-0,42;-0,24;0,0;0,0;0,0;0,0;0,0;0,0;-0,02;0,0
03.07.2026;13:00;13:15;2,01;1,06;-0,23;0,0;-0,06;0,0;0,0;0,0;-0,15;0,0;0,0;0,0;-0,03;0,0;-0,06;0,0;0,0;0,0;0,0;0,0;0,0;0,0;0,0;0,0;-0,01;0,0;0,0;0,0;-0,03;0,0;0,0;0,0;-0,2;0,0;-0,04;0,0;0,0;0,0;0,0;0,0;-0,01;0,0;-0,01;0,0;-0,01;0,0;-0,05;0,0;0,0;0,0;0,0;0,0;-0,04;0,0;-0,02;0,0
03.07.2026;13:15;13:30;1,51;0,63;-0,19;0,0;-0,04;0,0;0,0;0,0;-0,13;0,0;-0,01;0,0;-0,04;0,0;-0,24;-0,1;0,0;0,0;-0,01;0,0;0,0;0,0;0,0;0,0;-0,01;0,0;0,0;0,0;-0,01;0,0;0,0;0,0;-0,35;-0,21;-0,04;0,0;0,0;0,0;0,0;0,0;-0,01;0,0;-0,01;0,0;-0,01;0,0;-0,04;0,0;0,0;0,0;-0,01;0,0;-0,02;0,0;-0,02;0,0
03.07.2026;13:30;13:45;1,61;0,71;-0,18;0,0;-0,09;0,0;0,0;0,0;-0,14;0,0;0,0;0,0;-0,03;0,0;-0,18;-0,03;0,0;0,0;0,0;0,0;0,0;0,0;0,0;0,0;0,0;0,0;0,0;0,0;-0,03;0,0;0,0;0,0;-0,1;0,0;-0,03;0,0;0,0;0,0;-0,02;0,0;-0,01;0,0;-0,01;0,0;-0,01;0,0;-0,06;0,0;-0,01;0,0;0,0;0,0;-0,01;0,0;-0,02;0,0
03.07.2026;13:45;14:00;1,41;0,63;-0,19;0,0;-0,07;0,0;0,0;0,0;-0,14;-0,01;0,0;0,0;-0,03;0,0;-0,72;-0,59;-0,01;0,0;0,0;0,0;0,0;0,0;0,0;0,0;-0,01;0,0;0,0;0,0;-0,02;0,0;-0,01;0,0;-0,05;0,0;-0,02;0,0;0,0;0,0;0,0;0,0;-0,01;0,0;-0,01;0,0;-0,01;0,0;-0,07;0,0;0,0;0,0;0,0;0,0;0,0;0,0;-0,01;0,0
03.07.2026;14:00;14:15;1,43;0,54;-0,18;0,0;-0,05;0,0;0,0;0,0;-0,14;-0,01;0,0;0,0;-0,03;0,0;-0,32;-0,19;0,0;0,0;0,0;0,0;-0,01;0,0;0,0;0,0;-0,02;0,0;0,0;0,0;-0,02;0,0;0,0;0,0;-0,1;0,0;-0,03;0,0;0,0;0,0;-0,01;0,0;-0,01;0,0;-0,01;0,0;-0,01;0,0;-0,16;-0,03;0,0;0,0;0,0;0,0;-0,01;0,0;-0,01;0,0
03.07.2026;14:15;14:30;0,2;0,15;-0,18;-0,13;-0,14;-0,14;0,0;0,0;-0,15;-0,15;0,0;0,0;-0,03;-0,03;-0,15;-0,15;0,0;0,0;0,0;0,0;0,0;0,0;0,0;0,0;-0,01;-0,01;-0,01;-0,01;-0,03;-0,03;0,0;0,0;-0,1;-0,1;-0,03;-0,03;0,0;0,0;-0,01;-0,01;-0,01;-0,01;-0,01;-0,01;0,0;0,0;-0,15;-0,15;0,0;0,0;-0,01;-0,01;-0,01;-0,01;-0,03;-0,03
03.07.2026;14:30;14:45;0,0;0,0;-0,19;-0,19;-0,09;-0,09;0,0;0,0;-0,04;-0,04;0,0;0,0;-0,04;-0,04;-0,06;-0,06;0,0;0,0;0,0;0,0;0,0;0,0;0,0;0,0;0,0;0,0;0,0;0,0;-0,02;-0,02;0,0;0,0;-0,1;-0,1;-0,03;-0,03;0,0;0,0;-0,05;-0,05;0,0;0,0;-0,01;-0,01;-0,01;-0,01;-0,14;-0,14;0,0;0,0;0,0;0,0;0,0;0,0;-0,02;-0,02
03.07.2026;14:45;15:00;0,32;0,11;-0,2;-0,14;-0,03;-0,02;0,0;0,0;-0,01;0,0;0,0;0,0;-0,01;0,0;-0,04;-0,03;0,0;0,0;0,0;0,0;0,0;0,0;0,0;0,0;-0,01;0,0;0,0;0,0;-0,03;-0,02;0,0;0,0;-0,11;-0,1;-0,04;-0,03;0,0;0,0;-0,03;-0,02;-0,02;-0,01;-0,01;0,0;-0,01;0,0;-0,14;-0,13;0,0;0,0;0,0;0,0;-0,01;0,0;-0,02;-0,01
03.07.2026;15:00;15:15;1,64;0,92;-0,26;0,0;-0,02;0,0;-0,01;0,0;-0,02;0,0;0,0;0,0;0,0;0,0;-0,05;0,0;0,0;0,0;0,0;0,0;0,0;0,0;-0,01;0,0;-0,01;0,0;0,0;0,0;-0,02;0,0;0,0;0,0;-0,1;0,0;-0,04;0,0;0,0;0,0;-0,04;0,0;-0,01;0,0;0,0;0,0;-0,01;0,0;-0,09;0,0;0,0;0,0;-0,01;0,0;0,0;0,0;-0,02;0,0
03.07.2026;15:15;15:30;1,71;0,99;-0,3;0,0;-0,05;0,0;0,0;0,0;-0,01;0,0;-0,01;0,0;-0,01;0,0;-0,05;0,0;0,0;0,0;0,0;0,0;0,0;0,0;0,0;0,0;-0,01;0,0;0,0;0,0;-0,03;0,0;0,0;0,0;-0,09;0,0;-0,02;0,0;0,0;0,0;-0,07;0,0;0,0;0,0;-0,01;0,0;-0,01;0,0;-0,03;0,0;0,0;0,0;0,0;0,0;0,0;0,0;-0,02;0,0
03.07.2026;15:30;15:45;1,28;0,67;-0,26;0,0;-0,05;0,0;0,0;0,0;-0,02;0,0;0,0;0,0;-0,01;0,0;-0,04;0,0;0,0;0,0;0,0;0,0;0,0;0,0;0,0;0,0;-0,02;0,0;0,0;0,0;-0,03;0,0;0,0;0,0;-0,05;0,0;-0,02;0,0;0,0;0,0;-0,02;0,0;-0,01;0,0;-0,02;0,0;-0,01;0,0;-0,02;0,0;-0,01;0,0;0,0;0,0;-0,01;0,0;-0,01;0,0
03.07.2026;15:45;16:00;1,56;0,9;-0,19;0,0;-0,04;0,0;0,0;0,0;-0,01;0,0;0,0;0,0;-0,01;0,0;-0,04;0,0;0,0;0,0;0,0;0,0;0,0;0,0;0,0;0,0;0,0;0,0;0,0;0,0;-0,03;0,0;0,0;0,0;-0,04;0,0;-0,03;0,0;0,0;0,0;-0,03;0,0;-0,01;0,0;-0,01;0,0;0,0;0,0;-0,04;0,0;0,0;0,0;0,0;0,0;-0,01;0,0;-0,27;-0,1
03.07.2026;16:00;16:15;1,24;0,68;-0,18;0,0;-0,04;0,0;0,0;0,0;-0,01;0,0;0,0;0,0;-0,01;0,0;-0,02;0,0;0,0;0,0;0,0;0,0;0,0;0,0;0,0;0,0;0,0;0,0;0,0;0,0;-0,04;0,0;0,0;0,0;-0,04;0,0;-0,02;0,0;0,0;0,0;-0,03;0,0;-0,01;0,0;0,0;0,0;-0,01;0,0;-0,02;0,0;0,0;0,0;-0,01;0,0;0,0;0,0;-0,13;-0,01
03.07.2026;16:15;16:30;1,5;0,93;-0,19;0,0;-0,05;0,0;0,0;0,0;-0,01;0,0;0,0;0,0;-0,01;0,0;0,0;0,0;-0,01;0,0;0,0;0,0;0,0;0,0;0,0;0,0;-0,01;0,0;0,0;0,0;-0,03;0,0;-0,01;0,0;-0,03;0,0;-0,02;0,0;0,0;0,0;-0,02;0,0;-0,01;0,0;-0,01;0,0;-0,01;0,0;-0,07;0,0;0,0;0,0;0,0;0,0;-0,01;0,0;-0,07;0,0
03.07.2026;16:30;16:45;1,61;1,03;-0,26;0,0;-0,06;0,0;0,0;0,0;-0,01;0,0;0,0;0,0;0,0;0,0;-0,02;0,0;0,0;0,0;0,0;0,0;-0,01;0,0;0,0;0,0;-0,02;0,0;0,0;0,0;-0,03;0,0;0,0;0,0;-0,02;0,0;-0,01;0,0;0,0;0,0;-0,03;0,0;-0,01;0,0;-0,02;0,0;-0,01;0,0;-0,01;0,0;0,0;0,0;0,0;0,0;0,0;0,0;-0,06;0,0
03.07.2026;16:45;17:00;1,45;0,92;-0,21;0,0;-0,05;0,0;0,0;0,0;-0,01;0,0;0,0;0,0;-0,01;0,0;-0,02;0,0;0,0;0,0;0,0;0,0;0,0;0,0;0,0;0,0;-0,01;0,0;0,0;0,0;-0,03;0,0;0,0;0,0;-0,03;0,0;-0,02;0,0;0,0;0,0;-0,03;0,0;-0,01;0,0;-0,01;0,0;-0,01;0,0;-0,02;0,0;0,0;0,0;0,0;0,0;-0,01;0,0;-0,05;0,0
03.07.2026;17:00;17:15;1,0;0,46;-0,17;0,0;-0,03;0,0;0,0;0,0;-0,02;0,0;0,0;0,0;-0,01;0,0;-0,02;0,0;0,0;0,0;0,0;0,0;0,0;0,0;0,0;0,0;-0,01;0,0;0,0;0,0;-0,03;0,0;0,0;0,0;-0,03;0,0;-0,01;0,0;-0,01;0,0;-0,03;0,0;-0,01;0,0;0,0;0,0;-0,01;0,0;-0,06;0,0;0,0;0,0;-0,01;0,0;0,0;0,0;-0,41;-0,33
03.07.2026;17:15;17:30;1,01;0,38;-0,24;0,0;-0,05;0,0;0,0;0,0;-0,01;0,0;-0,01;0,0;-0,01;0,0;-0,02;0,0;0,0;0,0;-0,01;0,0;0,0;0,0;0,0;0,0;0,0;0,0;0,0;0,0;-0,02;0,0;0,0;0,0;-0,03;0,0;-0,01;0,0;0,0;0,0;-0,03;0,0;0,0;0,0;-0,01;0,0;-0,01;0,0;-0,09;-0,01;0,0;0,0;0,0;0,0;-0,01;0,0;-0,29;-0,21
03.07.2026;17:30;17:45;0,75;0,22;-0,16;0,0;-0,06;-0,01;0,0;0,0;-0,01;0,0;0,0;0,0;-0,01;0,0;-0,13;-0,08;0,0;0,0;0,0;0,0;0,0;0,0;0,0;0,0;-0,01;0,0;0,0;0,0;-0,03;0,0;0,0;0,0;-0,02;0,0;-0,02;0,0;0,0;0,0;-0,03;0,0;-0,02;0,0;-0,01;0,0;0,0;0,0;-0,09;-0,04;-0,01;0,0;0,0;0,0;0,0;0,0;-0,24;-0,19
03.07.2026;17:45;18:00;0,29;0,11;-0,17;-0,15;-0,04;-0,03;0,0;0,0;-0,01;0,0;0,0;0,0;-0,01;0,0;-0,07;-0,06;0,0;0,0;0,0;0,0;0,0;0,0;0,0;0,0;-0,02;-0,01;-0,01;0,0;-0,02;-0,01;0,0;0,0;-0,03;-0,02;-0,02;-0,01;0,0;0,0;-0,02;-0,01;-0,01;0,0;-0,02;-0,01;-0,02;-0,01;-0,1;-0,09;0,0;0,0;-0,01;0,0;0,0;0,0;-0,04;-0,03
03.07.2026;18:00;18:15;0,0;0,0;-0,26;-0,26;-0,04;-0,04;0,0;0,0;-0,05;-0,05;0,0;0,0;-0,01;-0,01;-0,04;-0,04;0,0;0,0;0,0;0,0;0,0;0,0;0,0;0,0;-0,01;-0,01;0,0;0,0;-0,02;-0,02;0,0;0,0;-0,03;-0,03;-0,02;-0,02;0,0;0,0;-0,03;-0,03;0,0;0,0;0,0;0,0;-0,01;-0,01;-0,09;-0,09;0,0;0,0;0,0;0,0;-0,01;-0,01;-0,03;-0,03
03.07.2026;18:15;18:30;0,0;0,0;-0,3;-0,3;-0,05;-0,05;-0,01;-0,01;-0,28;-0,28;0,0;0,0;0,0;0,0;-0,04;-0,04;0,0;0,0;0,0;0,0;0,0;0,0;0,0;0,0;0,0;0,0;0,0;0,0;-0,03;-0,03;0,0;0,0;-0,03;-0,03;-0,03;-0,03;0,0;0,0;-0,03;-0,03;-0,02;-0,02;-0,01;-0,01;0,0;0,0;-0,09;-0,09;0,0;0,0;0,0;0,0;-0,01;-0,01;-0,02;-0,02
03.07.2026;18:30;18:45;0,0;0,0;-0,26;-0,26;-0,09;-0,09;0,0;0,0;-0,06;-0,06;0,0;0,0;-0,01;-0,01;-0,04;-0,04;0,0;0,0;0,0;0,0;0,0;0,0;0,0;0,0;-0,01;-0,01;0,0;0,0;-0,06;-0,06;0,0;0,0;-0,02;-0,02;-0,03;-0,03;0,0;0,0;-0,08;-0,08;0,0;0,0;-0,01;-0,01;-0,01;-0,01;-0,12;-0,12;0,0;0,0;0,0;0,0;0,0;0,0;-0,01;-0,01
03.07.2026;18:45;19:00;0,23;0,17;-0,19;-0,13;-0,07;-0,07;0,0;0,0;-0,06;-0,06;0,0;0,0;-0,01;-0,01;-0,07;-0,07;-0,01;-0,01;0,0;0,0;0,0;0,0;0,0;0,0;-0,01;-0,01;0,0;0,0;-0,31;-0,31;-0,01;-0,01;-0,03;-0,03;-0,07;-0,07;0,0;0,0;-0,03;-0,03;-0,01;-0,01;-0,02;-0,02;-0,01;-0,01;-0,09;-0,09;0,0;0,0;-0,01;-0,01;0,0;0,0;-0,03;-0,03
03.07.2026;19:00;19:15;0,3;0,11;-0,19;-0,16;-0,06;-0,05;0,0;0,0;-0,05;-0,04;0,0;0,0;-0,01;0,0;-0,07;-0,06;0,0;0,0;0,0;0,0;-0,01;0,0;0,0;0,0;-0,02;-0,01;0,0;0,0;-0,06;-0,05;0,0;0,0;-0,03;-0,02;-0,08;-0,07;0,0;0,0;-0,02;-0,01;-0,01;0,0;-0,01;0,0;-0,01;0,0;-0,08;-0,07;0,0;0,0;0,0;0,0;-0,01;0,0;-0,02;-0,01
03.07.2026;19:15;19:30;0,28;0,2;-0,17;-0,09;-0,05;-0,05;0,0;0,0;-0,05;-0,05;-0,01;-0,01;-0,01;-0,01;-0,07;-0,07;0,0;0,0;0,0;0,0;0,0;0,0;0,0;0,0;0,0;0,0;0,0;0,0;-0,08;-0,08;0,0;0,0;-0,03;-0,03;-0,08;-0,08;0,0;0,0;-0,03;-0,03;-0,01;-0,01;0,0;0,0;-0,01;-0,01;-0,09;-0,09;0,0;0,0;0,0;0,0;-0,01;-0,01;-0,02;-0,02
03.07.2026;19:30;19:45;0,22;0,17;-0,29;-0,24;-0,05;-0,05;0,0;0,0;-0,07;-0,07;0,0;0,0;-0,01;-0,01;-0,07;-0,07;0,0;0,0;0,0;0,0;0,0;0,0;0,0;0,0;-0,01;-0,01;0,0;0,0;-0,08;-0,08;0,0;0,0;-0,03;-0,03;-0,08;-0,08;0,0;0,0;-0,03;-0,03;-0,01;-0,01;-0,01;-0,01;-0,01;-0,01;-0,09;-0,09;-0,01;-0,01;0,0;0,0;0,0;0,0;-0,02;-0,02
03.07.2026;19:45;20:00;0,12;0,11;-0,23;-0,22;-0,05;-0,05;0,0;0,0;-0,07;-0,07;0,0;0,0;0,0;0,0;-0,06;-0,06;0,0;0,0;0,0;0,0;0,0;0,0;0,0;0,0;0,0;0,0;0,0;0,0;-0,07;-0,07;0,0;0,0;-0,03;-0,03;-0,07;-0,07;0,0;0,0;-0,05;-0,05;-0,01;-0,01;-0,01;-0,01;-0,01;-0,01;-0,08;-0,08;0,0;0,0;-0,01;-0,01;0,0;0,0;-0,02;-0,02
03.07.2026;20:00;20:15;0,13;0,11;-0,18;-0,16;-0,05;-0,05;0,0;0,0;-0,04;-0,04;0,0;0,0;-0,01;-0,01;-0,06;-0,06;0,0;0,0;0,0;0,0;0,0;0,0;-0,01;-0,01;-0,01;-0,01;0,0;0,0;-0,07;-0,07;0,0;0,0;-0,1;-0,1;-0,07;-0,07;0,0;0,0;-0,05;-0,05;-0,01;-0,01;-0,02;-0,02;0,0;0,0;-0,09;-0,09;0,0;0,0;0,0;0,0;-0,01;-0,01;-0,02;-0,02
03.07.2026;20:15;20:30;0,06;0,06;-0,18;-0,18;-0,05;-0,05;0,0;0,0;-0,05;-0,05;0,0;0,0;-0,01;-0,01;-0,06;-0,06;0,0;0,0;0,0;0,0;0,0;0,0;0,0;0,0;-0,02;-0,02;0,0;0,0;-0,07;-0,07;0,0;0,0;-0,07;-0,07;-0,04;-0,04;0,0;0,0;-0,07;-0,07;-0,01;-0,01;0,0;0,0;-0,01;-0,01;-0,08;-0,08;0,0;0,0;0,0;0,0;-0,01;-0,01;-0,01;-0,01
03.07.2026;20:30;20:45;0,03;0,03;-0,17;-0,17;-0,02;-0,02;0,0;0,0;-0,04;-0,04;0,0;0,0;-0,01;-0,01;-0,05;-0,05;0,0;0,0;0,0;0,0;0,0;0,0;0,0;0,0;-0,01;-0,01;0,0;0,0;-0,07;-0,07;0,0;0,0;-0,08;-0,08;-0,04;-0,04;0,0;0,0;-0,04;-0,04;-0,01;-0,01;-0,01;-0,01;-0,01;-0,01;-0,08;-0,08;0,0;0,0;-0,01;-0,01;0,0;0,0;-0,02;-0,02
03.07.2026;20:45;21:00;0,01;0,01;-0,16;-0,16;-0,02;-0,02;0,0;0,0;-0,03;-0,03;0,0;0,0;-0,01;-0,01;-0,04;-0,04;0,0;0,0;0,0;0,0;0,0;0,0;0,0;0,0;0,0;0,0;0,0;0,0;-0,07;-0,07;0,0;0,0;-0,01;-0,01;-0,05;-0,05;0,0;0,0;0,0;0,0;-0,01;-0,01;-0,01;-0,01;-0,01;-0,01;-0,08;-0,08;0,0;0,0;0,0;0,0;0,0;0,0;-0,02;-0,02
03.07.2026;21:00;21:15;0,01;0,01;-0,25;-0,25;-0,02;-0,02;0,0;0,0;-0,05;-0,05;0,0;0,0;-0,01;-0,01;-0,13;-0,13;0,0;0,0;0,0;0,0;0,0;0,0;0,0;0,0;-0,01;-0,01;-0,01;-0,01;-0,07;-0,07;0,0;0,0;-0,01;-0,01;-0,06;-0,06;0,0;0,0;-0,01;-0,01;-0,01;-0,01;-0,02;-0,02;-0,01;-0,01;-0,14;-0,14;0,0;0,0;0,0;0,0;-0,01;-0,01;-0,02;-0,02
03.07.2026;21:15;21:30;0,0;0,0;-0,17;-0,17;-0,04;-0,04;0,0;0,0;-0,04;-0,04;-0,01;-0,01;-0,04;-0,04;-0,08;-0,08;-0,01;-0,01;0,0;0,0;0,0;0,0;0,0;0,0;-0,01;-0,01;0,0;0,0;-0,07;-0,07;-0,01;-0,01;-0,02;-0,02;-0,05;-0,05;0,0;0,0;-0,01;-0,01;0,0;0,0;-0,01;-0,01;-0,02;-0,02;-0,14;-0,14;0,0;0,0;0,0;0,0;-0,01;-0,01;-0,03;-0,03
03.07.2026;21:30;21:45;0,0;0,0;-0,25;-0,25;-0,02;-0,02;-0,01;-0,01;-0,04;-0,04;0,0;0,0;-0,04;-0,04;-0,06;-0,06;0,0;0,0;0,0;0,0;-0,01;-0,01;0,0;0,0;-0,02;-0,02;0,0;0,0;-0,07;-0,07;0,0;0,0;-0,02;-0,02;-0,05;-0,05;0,0;0,0;-0,01;-0,01;-0,02;-0,02;-0,01;-0,01;-0,03;-0,03;-0,15;-0,15;-0,01;-0,01;-0,01;-0,01;0,0;0,0;-0,04;-0,04
03.07.2026;21:45;22:00;0,0;0,0;-0,19;-0,19;-0,01;-0,01;0,0;0,0;-0,04;-0,04;0,0;0,0;-0,04;-0,04;-0,07;-0,07;0,0;0,0;0,0;0,0;0,0;0,0;0,0;0,0;-0,01;-0,01;0,0;0,0;-0,07;-0,07;0,0;0,0;-0,02;-0,02;-0,05;-0,05;0,0;0,0;-0,01;-0,01;0,0;0,0;-0,02;-0,02;-0,04;-0,04;-0,07;-0,07;0,0;0,0;0,0;0,0;-0,01;-0,01;-0,04;-0,04
03.07.2026;22:00;22:15;0,0;0,0;-0,17;-0,17;-0,03;-0,03;0,0;0,0;-0,01;-0,01;0,0;0,0;-0,04;-0,04;-0,05;-0,05;0,0;0,0;0,0;0,0;0,0;0,0;0,0;0,0;0,0;0,0;0,0;0,0;-0,07;-0,07;0,0;0,0;-0,02;-0,02;-0,05;-0,05;-0,01;-0,01;-0,01;-0,01;-0,01;-0,01;-0,03;-0,03;-0,01;-0,01;-0,02;-0,02;0,0;0,0;0,0;0,0;0,0;0,0;-0,04;-0,04
03.07.2026;22:15;22:30;0,0;0,0;-0,17;-0,17;-0,03;-0,03;0,0;0,0;-0,01;-0,01;0,0;0,0;-0,04;-0,04;-0,06;-0,06;0,0;0,0;-0,01;-0,01;0,0;0,0;0,0;0,0;0,0;0,0;0,0;0,0;-0,08;-0,08;0,0;0,0;-0,01;-0,01;-0,04;-0,04;0,0;0,0;-0,01;-0,01;-0,02;-0,02;-0,02;-0,02;-0,01;-0,01;-0,01;-0,01;0,0;0,0;0,0;0,0;0,0;0,0;-0,04;-0,04
03.07.2026;22:30;22:45;0,0;0,0;-0,16;-0,16;-0,02;-0,02;0,0;0,0;-0,01;-0,01;0,0;0,0;-0,03;-0,03;-0,06;-0,06;0,0;0,0;0,0;0,0;0,0;0,0;0,0;0,0;-0,01;-0,01;0,0;0,0;-0,08;-0,08;0,0;0,0;-0,02;-0,02;-0,04;-0,04;0,0;0,0;-0,01;-0,01;0,0;0,0;-0,34;-0,34;-0,01;-0,01;-0,02;-0,02;0,0;0,0;-0,01;-0,01;-0,01;-0,01;-0,03;-0,03
03.07.2026;22:45;23:00;0,0;0,0;-0,19;-0,19;-0,01;-0,01;0,0;0,0;-0,02;-0,02;0,0;0,0;-0,04;-0,04;-0,05;-0,05;0,0;0,0;0,0;0,0;0,0;0,0;0,0;0,0;-0,02;-0,02;0,0;0,0;-0,07;-0,07;0,0;0,0;-0,02;-0,02;-0,04;-0,04;0,0;0,0;-0,01;-0,01;-0,01;-0,01;-0,05;-0,05;-0,02;-0,02;-0,02;-0,02;0,0;0,0;0,0;0,0;-0,01;-0,01;-0,05;-0,05
03.07.2026;23:00;23:15;0,0;0,0;-0,2;-0,2;-0,03;-0,03;0,0;0,0;-0,01;-0,01;0,0;0,0;-0,04;-0,04;-0,06;-0,06;0,0;0,0;0,0;0,0;0,0;0,0;0,0;0,0;-0,01;-0,01;0,0;0,0;-0,04;-0,04;0,0;0,0;-0,01;-0,01;-0,04;-0,04;0,0;0,0;-0,02;-0,02;-0,01;-0,01;-0,3;-0,3;-0,02;-0,02;-0,01;-0,01;0,0;0,0;0,0;0,0;0,0;0,0;-0,11;-0,11
03.07.2026;23:15;23:30;0,0;0,0;-0,19;-0,19;-0,03;-0,03;0,0;0,0;-0,02;-0,02;-0,01;-0,01;-0,05;-0,05;-0,07;-0,07;0,0;0,0;0,0;0,0;0,0;0,0;0,0;0,0;-0,01;-0,01;0,0;0,0;-0,02;-0,02;0,0;0,0;0,0;0,0;-0,04;-0,04;0,0;0,0;0,0;0,0;0,0;0,0;-0,05;-0,05;-0,01;-0,01;-0,02;-0,02;0,0;0,0;-0,01;-0,01;0,0;0,0;-0,12;-0,12
03.07.2026;23:30;23:45;0,0;0,0;-0,17;-0,17;-0,02;-0,02;0,0;0,0;0,0;0,0;0,0;0,0;-0,08;-0,08;-0,01;-0,01;0,0;0,0;0,0;0,0;0,0;0,0;0,0;0,0;0,0;0,0;0,0;0,0;-0,02;-0,02;0,0;0,0;-0,01;-0,01;-0,06;-0,06;0,0;0,0;-0,01;-0,01;-0,02;-0,02;-0,03;-0,03;-0,02;-0,02;-0,02;-0,02;-0,01;-0,01;0,0;0,0;-0,01;-0,01;-0,07;-0,07
03.07.2026;23:45;00:00;0,0;0,0;-0,17;-0,17;-0,01;-0,01;0,0;0,0;-0,01;-0,01;0,0;0,0;-0,07;-0,07;-0,02;-0,02;-0,01;-0,01;0,0;0,0;0,0;0,0;0,0;0,0;-0,01;-0,01;0,0;0,0;-0,02;-0,02;-0,01;-0,01;-0,02;-0,02;-0,05;-0,05;0,0;0,0;-0,01;-0,01;-0,01;-0,01;-0,05;-0,05;-0,01;-0,01;-0,01;-0,01;0,0;0,0;0,0;0,0;0,0;0,0;-0,07;-0,07
04.07.2026;00:00;00:15;0,0;0,0;-0,17;-0,17;-0,02;-0,02;0,0;0,0;-0,02;-0,02;0,0;0,0;-0,03;-0,03;-0,02;-0,02;0,0;0,0;0,0;0,0;-0,01;-0,01;0,0;0,0;-0,02;-0,02;0,0;0,0;-0,02;-0,02;0,0;0,0;-0,01;-0,01;-0,04;-0,04;0,0;0,0;0,0;0,0;0,0;0,0;-0,28;-0,28;-0,01;-0,01;-0,02;-0,02;0,0;0,0;0,0;0,0;-0,01;-0,01;-0,03;-0,03
04.07.2026;00:15;00:30;0,0;0,0;-0,33;-0,33;-0,03;-0,03;0,0;0,0;-0,01;-0,01;0,0;0,0;-0,04;-0,04;-0,02;-0,02;0,0;0,0;0,0;0,0;0,0;0,0;0,0;0,0;-0,01;-0,01;-0,01;-0,01;-0,02;-0,02;0,0;0,0;-0,02;-0,02;-0,05;-0,05;0,0;0,0;-0,01;-0,01;-0,02;-0,02;-0,03;-0,03;-0,01;-0,01;-0,02;-0,02;0,0;0,0;-0,01;-0,01;0,0;0,0;-0,02;-0,02
04.07.2026;00:30;00:45;0,0;0,0;-0,17;-0,17;-0,02;-0,02;0,0;0,0;-0,01;-0,01;0,0;0,0;-0,03;-0,03;-0,02;-0,02;0,0;0,0;0,0;0,0;0,0;0,0;0,0;0,0;0,0;0,0;0,0;0,0;-0,02;-0,02;0,0;0,0;-0,02;-0,02;-0,04;-0,04;0,0;0,0;-0,01;-0,01;0,0;0,0;-0,02;-0,02;-0,01;-0,01;-0,01;-0,01;0,0;0,0;0,0;0,0;-0,01;-0,01;-0,03;-0,03
04.07.2026;00:45;01:00;0,0;0,0;-0,18;-0,18;0,0;0,0;0,0;0,0;-0,01;-0,01;0,0;0,0;-0,02;-0,02;-0,02;-0,02;0,0;0,0;0,0;0,0;0,0;0,0;0,0;0,0;-0,01;-0,01;0,0;0,0;-0,01;-0,01;0,0;0,0;-0,02;-0,02;-0,04;-0,04;0,0;0,0;-0,01;-0,01;-0,01;-0,01;-0,03;-0,03;-0,01;-0,01;-0,02;-0,02;0,0;0,0;0,0;0,0;0,0;0,0;-0,02;-0,02
04.07.2026;01:00;01:15;0,0;0,0;-0,18;-0,18;-0,03;-0,03;-0,01;-0,01;-0,01;-0,01;0,0;0,0;-0,45;-0,45;-0,02;-0,02;0,0;0,0;0,0;0,0;0,0;0,0;-0,01;-0,01;0,0;0,0;0,0;0,0;-0,02;-0,02;0,0;0,0;-0,02;-0,02;-0,04;-0,04;0,0;0,0;-0,02;-0,02;-0,02;-0,02;-0,01;-0,01;-0,01;-0,01;-0,02;-0,02;0,0;0,0;-0,01;-0,01;-0,01;-0,01;-0,01;-0,01
04.07.2026;01:15;01:30;0,0;0,0;-0,19;-0,19;-0,02;-0,02;0,0;0,0;-0,01;-0,01;-0,01;-0,01;-0,03;-0,03;-0,02;-0,02;0,0;0,0;0,0;0,0;0,0;0,0;0,0;0,0;-0,02;-0,02;0,0;0,0;-0,02;-0,02;0,0;0,0;-0,02;-0,02;-0,05;-0,05;0,0;0,0;0,0;0,0;0,0;0,0;-0,02;-0,02;-0,01;-0,01;-0,01;-0,01;0,0;0,0;0,0;0,0;0,0;0,0;-0,01;-0,01
04.07.2026;01:30;01:45;0,0;0,0;-0,17;-0,17;-0,02;-0,02;0,0;0,0;-0,02;-0,02;0,0;0,0;-0,22;-0,22;-0,01;-0,01;0,0;0,0;0,0;0,0;0,0;0,0;0,0;0,0;-0,01;-0,01;0,0;0,0;-0,01;-0,01;0,0;0,0;-0,03;-0,03;-0,02;-0,02;0,0;0,0;0,0;0,0;-0,01;-0,01;-0,01;-0,01;-0,01;-0,01;-0,02;-0,02;-0,01;-0,01;0,0;0,0;-0,01;-0,01;-0,03;-0,03
04.07.2026;01:45;02:00;0,0;0,0;-0,17;-0,17;-0,01;-0,01;0,0;0,0;-0,01;-0,01;0,0;0,0;-0,01;-0,01;-0,02;-0,02;0,0;0,0;0,0;0,0;0,0;0,0;0,0;0,0;-0,01;-0,01;0,0;0,0;-0,02;-0,02;0,0;0,0;-0,02;-0,02;-0,03;-0,03;0,0;0,0;-0,01;-0,01;-0,01;-0,01;-0,01;-0,01;-0,01;-0,01;-0,01;-0,01;0,0;0,0;0,0;0,0;0,0;0,0;-0,02;-0,02
04.07.2026;02:00;02:15;0,0;0,0;-0,18;-0,18;-0,02;-0,02;0,0;0,0;-0,01;-0,01;0,0;0,0;-0,02;-0,02;-0,02;-0,02;0,0;0,0;0,0;0,0;0,0;0,0;0,0;0,0;0,0;0,0;0,0;0,0;-0,01;-0,01;0,0;0,0;-0,02;-0,02;-0,02;-0,02;0,0;0,0;-0,04;-0,04;-0,01;-0,01;-0,02;-0,02;-0,01;-0,01;-0,02;-0,02;0,0;0,0;-0,01;-0,01;-0,01;-0,01;-0,02;-0,02
04.07.2026;02:15;02:30;0,0;0,0;-0,17;-0,17;-0,03;-0,03;0,0;0,0;-0,01;-0,01;0,0;0,0;0,0;0,0;-0,02;-0,02;-0,01;-0,01;0,0;0,0;0,0;0,0;0,0;0,0;-0,01;-0,01;0,0;0,0;-0,02;-0,02;-0,01;-0,01;-0,01;-0,01;-0,02;-0,02;0,0;0,0;-0,01;-0,01;-0,01;-0,01;-0,01;-0,01;-0,01;-0,01;-0,02;-0,02;0,0;0,0;0,0;0,0;0,0;0,0;-0,03;-0,03
04.07.2026;02:30;02:45;0,0;0,0;-0,18;-0,18;-0,01;-0,01;0,0;0,0;-0,01;-0,01;0,0;0,0;-0,01;-0,01;-0,02;-0,02;0,0;0,0;0,0;0,0;-0,01;-0,01;0,0;0,0;-0,02;-0,02;0,0;0,0;-0,02;-0,02;0,0;0,0;-0,01;-0,01;-0,02;-0,02;0,0;0,0;-0,01;-0,01;-0,01;-0,01;-0,02;-0,02;0,0;0,0;-0,02;-0,02;0,0;0,0;0,0;0,0;-0,01;-0,01;-0,02;-0,02
04.07.2026;02:45;03:00;0,0;0,0;-0,17;-0,17;-0,02;-0,02;0,0;0,0;-0,02;-0,02;0,0;0,0;-0,01;-0,01;-0,02;-0,02;0,0;0,0;0,0;0,0;0,0;0,0;0,0;0,0;-0,01;-0,01;0,0;0,0;-0,01;-0,01;0,0;0,0;-0,02;-0,02;-0,01;-0,01;0,0;0,0;-0,01;-0,01;-0,01;-0,01;-0,05;-0,05;-0,01;-0,01;-0,01;-0,01;0,0;0,0;0,0;0,0;0,0;0,0;-0,02;-0,02
04.07.2026;03:00;03:15;0,0;0,0;-0,17;-0,17;-0,01;-0,01;0,0;0,0;0,0;0,0;0,0;0,0;-0,01;-0,01;-0,01;-0,01;0,0;0,0;0,0;0,0;0,0;0,0;0,0;0,0;0,0;0,0;0,0;0,0;-0,02;-0,02;0,0;0,0;-0,03;-0,03;-0,02;-0,02;-0,01;-0,01;-0,02;-0,02;-0,01;-0,01;-0,03;-0,03;-0,02;-0,02;-0,02;-0,02;0,0;0,0;-0,01;-0,01;-0,01;-0,01;-0,03;-0,03
04.07.2026;03:15;03:30;0,0;0,0;-0,17;-0,17;-0,03;-0,03;0,0;0,0;-0,01;-0,01;-0,01;-0,01;-0,01;-0,01;-0,01;-0,01;0,0;0,0;-0,01;-0,01;0,0;0,0;0,0;0,0;-0,01;-0,01;0,0;0,0;-0,01;-0,01;0,0;0,0;-0,02;-0,02;-0,01;-0,01;0,0;0,0;-0,01;-0,01;0,0;0,0;-0,02;-0,02;0,0;0,0;-0,01;-0,01;0,0;0,0;0,0;0,0;0,0;0,0;-0,02;-0,02
04.07.2026;03:30;03:45;0,0;0,0;-0,19;-0,19;-0,01;-0,01;0,0;0,0;-0,01;-0,01;0,0;0,0;-0,01;-0,01;-0,02;-0,02;0,0;0,0;0,0;0,0;0,0;0,0;0,0;0,0;0,0;0,0;0,0;0,0;-0,02;-0,02;0,0;0,0;-0,03;-0,03;-0,01;-0,01;0,0;0,0;-0,01;-0,01;-0,02;-0,02;-0,01;-0,01;-0,01;-0,01;-0,02;-0,02;-0,01;-0,01;0,0;0,0;0,0;0,0;-0,02;-0,02
04.07.2026;03:45;04:00;0,0;0,0;-0,17;-0,17;-0,02;-0,02;0,0;0,0;-0,02;-0,02;0,0;0,0;0,0;0,0;-0,02;-0,02;0,0;0,0;0,0;0,0;0,0;0,0;0,0;0,0;-0,02;-0,02;-0,01;-0,01;-0,02;-0,02;0,0;0,0;-0,02;-0,02;-0,01;-0,01;0,0;0,0;0,0;0,0;-0,01;-0,01;-0,02;-0,02;-0,01;-0,01;-0,01;-0,01;0,0;0,0;-0,01;-0,01;-0,01;-0,01;-0,03;-0,03
04.07.2026;04:00;04:15;0,0;0,0;-0,17;-0,17;-0,02;-0,02;0,0;0,0;-0,01;-0,01;0,0;0,0;-0,01;-0,01;-0,01;-0,01;0,0;0,0;0,0;0,0;0,0;0,0;0,0;0,0;-0,02;-0,02;0,0;0,0;-0,02;-0,02;0,0;0,0;-0,03;-0,03;-0,03;-0,03;0,0;0,0;-0,01;-0,01;0,0;0,0;-0,02;-0,02;-0,01;-0,01;-0,02;-0,02;0,0;0,0;0,0;0,0;-0,01;-0,01;-0,02;-0,02
04.07.2026;04:15;04:30;0,0;0,0;-0,16;-0,16;-0,02;-0,02;-0,01;-0,01;-0,01;-0,01;0,0;0,0;-0,01;-0,01;-0,02;-0,02;0,0;0,0;0,0;0,0;0,0;0,0;0,0;0,0;0,0;0,0;0,0;0,0;-0,39;-0,39;0,0;0,0;-0,02;-0,02;-0,02;-0,02;0,0;0,0;-0,01;-0,01;-0,02;-0,02;-0,01;-0,01;-0,01;-0,01;-0,01;-0,01;0,0;0,0;0,0;0,0;0,0;0,0;-0,02;-0,02
04.07.2026;04:30;04:45;0,0;0,0;-0,17;-0,17;-0,05;-0,05;0,0;0,0;-0,01;-0,01;0,0;0,0;-0,01;-0,01;-0,02;-0,02;0,0;0,0;0,0;0,0;0,0;0,0;0,0;0,0;0,0;0,0;0,0;0,0;-0,02;-0,02;0,0;0,0;-0,02;-0,02;-0,02;-0,02;0,0;0,0;0,0;0,0;0,0;0,0;-0,02;-0,02;-0,01;-0,01;-0,02;-0,02;0,0;0,0;0,0;0,0;0,0;0,0;-0,02;-0,02
04.07.2026;04:45;05:00;0,0;0,0;-0,18;-0,18;-0,05;-0,05;0,0;0,0;-0,01;-0,01;0,0;0,0;-0,01;-0,01;-0,02;-0,02;-0,01;-0,01;0,0;0,0;0,0;0,0;0,0;0,0;-0,01;-0,01;0,0;0,0;-0,02;-0,02;-0,01;-0,01;-0,01;-0,01;-0,02;-0,02;0,0;0,0;-0,01;-0,01;-0,01;-0,01;-0,01;-0,01;-0,01;-0,01;-0,01;-0,01;0,0;0,0;-0,01;-0,01;-0,01;-0,01;-0,03;-0,03
04.07.2026;05:00;05:15;0,0;0,0;-0,18;-0,18;-0,01;-0,01;0,0;0,0;-0,02;-0,02;0,0;0,0;-0,01;-0,01;-0,02;-0,02;0,0;0,0;0,0;0,0;-0,01;-0,01;0,0;0,0;-0,02;-0,02;0,0;0,0;-0,03;-0,03;0,0;0,0;-0,02;-0,02;-0,01;-0,01;0,0;0,0;-0,01;-0,01;-0,01;-0,01;-0,02;-0,02;0,0;0,0;-0,02;-0,02;0,0;0,0;0,0;0,0;-0,01;-0,01;-0,02;-0,02
04.07.2026;05:15;05:30;0,02;0,02;-0,18;-0,18;-0,03;-0,03;0,0;0,0;-0,01;-0,01;-0,01;-0,01;0,0;0,0;-0,02;-0,02;0,0;0,0;0,0;0,0;0,0;0,0;0,0;0,0;-0,01;-0,01;0,0;0,0;-0,27;-0,27;0,0;0,0;-0,01;-0,01;-0,01;-0,01;0,0;0,0;-0,01;-0,01;-0,01;-0,01;0,0;0,0;-0,01;-0,01;-0,01;-0,01;0,0;0,0;0,0;0,0;0,0;0,0;-0,02;-0,02
04.07.2026;05:30;05:45;0,05;0,05;-0,16;-0,16;-0,03;-0,03;0,0;0,0;0,0;0,0;0,0;0,0;-0,01;-0,01;-0,02;-0,02;0,0;0,0;0,0;0,0;0,0;0,0;0,0;0,0;-0,01;-0,01;0,0;0,0;-0,02;-0,02;0,0;0,0;-0,03;-0,03;-0,01;-0,01;0,0;0,0;-0,02;-0,02;-0,01;-0,01;-0,01;-0,01;-0,01;-0,01;-0,02;-0,02;-0,01;-0,01;0,0;0,0;0,0;0,0;-0,02;-0,02
04.07.2026;05:45;06:00;0,08;0,08;-0,18;-0,18;-0,02;-0,02;0,0;0,0;-0,02;-0,02;0,0;0,0;-0,01;-0,01;-0,02;-0,02;0,0;0,0;0,0;0,0;0,0;0,0;0,0;0,0;0,0;0,0;0,0;0,0;-0,02;-0,02;0,0;0,0;-0,02;-0,02;-0,02;-0,02;0,0;0,0;-0,01;-0,01;-0,01;-0,01;-0,01;-0,01;-0,01;-0,01;-0,01;-0,01;0,0;0,0;-0,01;-0,01;-0,01;-0,01;-0,01;-0,01
04.07.2026;06:00;06:15;0,12;0,11;-0,17;-0,16;-0,17;-0,17;0,0;0,0;-0,01;-0,01;0,0;0,0;-0,01;-0,01;-0,02;-0,02;0,0;0,0;0,0;0,0;0,0;0,0;-0,01;-0,01;0,0;0,0;0,0;0,0;-0,01;-0,01;0,0;0,0;-0,03;-0,03;-0,04;-0,04;0,0;0,0;-0,01;-0,01;0,0;0,0;-0,02;-0,02;-0,01;-0,01;-0,02;-0,02;0,0;0,0;0,0;0,0;0,0;0,0;-0,02;-0,02
04.07.2026;06:15;06:30;0,18;0,13;-0,19;-0,14;-0,03;-0,03;0,0;0,0;-0,02;-0,02;0,0;0,0;-0,01;-0,01;-0,02;-0,02;0,0;0,0;0,0;0,0;0,0;0,0;0,0;0,0;-0,02;-0,02;0,0;0,0;-0,02;-0,02;0,0;0,0;-0,02;-0,02;-0,38;-0,38;0,0;0,0;0,0;0,0;-0,02;-0,02;-0,01;-0,01;-0,01;-0,01;-0,01;-0,01;0,0;0,0;0,0;0,0;-0,01;-0,01;-0,02;-0,02
04.07.2026;06:30;06:45;0,25;0,18;-0,18;-0,11;-0,03;-0,03;0,0;0,0;0,0;0,0;0,0;0,0;-0,01;-0,01;-0,02;-0,02;0,0;0,0;0,0;0,0;0,0;0,0;0,0;0,0;-0,02;-0,02;0,0;0,0;-0,01;-0,01;0,0;0,0;-0,02;-0,02;-0,43;-0,43;0,0;0,0;-0,01;-0,01;0,0;0,0;-0,02;-0,02;-0,01;-0,01;-0,03;-0,03;0,0;0,0;-0,01;-0,01;0,0;0,0;-0,03;-0,03
04.07.2026;06:45;07:00;0,16;0,11;-0,17;-0,12;-0,02;-0,02;0,0;0,0;-0,01;-0,01;0,0;0,0;-0,01;-0,01;-0,01;-0,01;0,0;0,0;0,0;0,0;0,0;0,0;0,0;0,0;0,0;0,0;0,0;0,0;-0,01;-0,01;0,0;0,0;-0,01;-0,01;-0,32;-0,32;0,0;0,0;-0,01;-0,01;-0,01;-0,01;0,0;0,0;-0,03;-0,03;-0,01;-0,01;0,0;0,0;0,0;0,0;-0,01;-0,01;-0,02;-0,02
04.07.2026;07:00;07:15;0,0;0,0;-0,18;-0,18;-0,1;-0,1;0,0;0,0;-0,02;-0,02;0,0;0,0;0,0;0,0;0,0;0,0;0,0;0,0;0,0;0,0;0,0;0,0;0,0;0,0;-0,01;-0,01;-0,01;-0,01;-0,02;-0,02;0,0;0,0;-0,02;-0,02;-0,18;-0,18;0,0;0,0;-0,01;-0,01;-0,02;-0,02;-0,02;-0,02;-0,01;-0,01;-0,02;-0,02;0,0;0,0;0,0;0,0;0,0;0,0;-0,02;-0,02
04.07.2026;07:15;07:30;0,0;0,0;-0,17;-0,17;-0,03;-0,03;0,0;0,0;-0,01;-0,01;-0,01;-0,01;-0,01;-0,01;-0,02;-0,02;-0,01;-0,01;0,0;0,0;0,0;0,0;0,0;0,0;0,0;0,0;0,0;0,0;-0,01;-0,01;-0,01;-0,01;-0,01;-0,01;-0,21;-0,21;0,0;0,0;0,0;0,0;0,0;0,0;-0,01;-0,01;-0,01;-0,01;-0,01;-0,01;0,0;0,0;0,0;0,0;-0,01;-0,01;-0,03;-0,03
04.07.2026;07:30;07:45;0,42;0,17;-0,22;-0,15;-0,03;-0,02;-0,01;0,0;-0,01;0,0;0,0;0,0;-0,01;0,0;-0,02;-0,01;0,0;0,0;0,0;0,0;-0,01;0,0;0,0;0,0;-0,01;0,0;0,0;0,0;-0,02;-0,01;0,0;0,0;-0,03;-0,02;-0,13;-0,12;0,0;0,0;-0,02;-0,01;-0,01;0,0;-0,02;-0,01;-0,01;0,0;-0,02;-0,01;-0,01;0,0;-0,01;0,0;0,0;0,0;-0,02;-0,01
04.07.2026;07:45;08:00;0,84;0,34;-0,27;-0,05;-0,03;0,0;0,0;0,0;-0,01;0,0;0,0;0,0;-0,01;0,0;-0,02;0,0;0,0;0,0;0,0;0,0;0,0;0,0;0,0;0,0;-0,02;0,0;0,0;0,0;-0,01;0,0;0,0;0,0;-0,02;0,0;-0,09;-0,03;0,0;0,0;-0,01;0,0;-0,01;0,0;-0,01;0,0;-0,01;0,0;-0,01;0,0;0,0;0,0;0,0;0,0;-0,01;0,0;-0,04;0,0
04.07.2026;08:00;08:15;0,97;0,39;-0,18;0,0;-0,07;0,0;0,0;0,0;-0,01;0,0;0,0;0,0;-0,01;0,0;-0,02;0,0;0,0;0,0;0,0;0,0;0,0;0,0;0,0;0,0;-0,01;0,0;0,0;0,0;-0,01;0,0;0,0;0,0;-0,03;0,0;-0,08;0,0;-0,01;0,0;-0,01;0,0;-0,01;0,0;-0,01;0,0;-0,06;0,0;-0,03;0,0;0,0;0,0;0,0;0,0;0,0;0,0;-0,03;0,0
04.07.2026;08:15;08:30;0,93;0,29;-0,19;0,0;-0,05;0,0;0,0;0,0;-0,09;-0,02;0,0;0,0;-0,01;0,0;-0,02;0,0;0,0;0,0;-0,01;0,0;0,0;0,0;0,0;0,0;0,0;0,0;0,0;0,0;-0,02;0,0;0,0;0,0;-0,02;0,0;-0,07;0,0;0,0;0,0;-0,04;0,0;-0,01;0,0;-0,01;0,0;-0,01;0,0;-0,08;-0,01;0,0;0,0;0,0;0,0;-0,01;0,0;-0,03;0,0
04.07.2026;08:30;08:45;1,22;0,59;-0,24;0,0;-0,05;0,0;0,0;0,0;-0,04;0,0;0,0;0,0;0,0;0,0;-0,02;0,0;0,0;0,0;0,0;0,0;0,0;0,0;0,0;0,0;-0,01;0,0;0,0;0,0;-0,01;0,0;0,0;0,0;-0,02;0,0;-0,03;0,0;0,0;0,0;-0,04;0,0;-0,01;0,0;-0,01;0,0;-0,01;0,0;-0,09;0,0;0,0;0,0;-0,01;0,0;0,0;0,0;-0,04;0,0
04.07.2026;08:45;09:00;0,76;0,26;-0,21;-0,03;-0,06;-0,01;0,0;0,0;-0,04;0,0;0,0;0,0;-0,02;0,0;-0,01;0,0;0,0;0,0;0,0;0,0;0,0;0,0;0,0;0,0;-0,01;0,0;0,0;0,0;-0,01;0,0;0,0;0,0;-0,01;0,0;-0,02;0,0;0,0;0,0;-0,01;0,0;-0,01;0,0;-0,02;0,0;-0,01;0,0;-0,1;-0,05;0,0;0,0;0,0;0,0;0,0;0,0;-0,23;-0,18
04.07.2026;09:00;09:15;0,89;0,31;-0,2;0,0;-0,03;0,0;0,0;0,0;-0,03;0,0;0,0;0,0;-0,02;0,0;-0,02;0,0;0,0;0,0;0,0;0,0;0,0;0,0;0,0;0,0;-0,01;0,0;0,0;0,0;-0,02;0,0;0,0;0,0;-0,01;0,0;-0,02;0,0;0,0;0,0;-0,03;0,0;-0,01;0,0;-0,01;0,0;-0,02;0,0;-0,09;-0,02;0,0;0,0;0,0;0,0;-0,01;0,0;-0,07;0,0
04.07.2026;09:15;09:30;1,24;0,46;-0,21;0,0;-0,04;0,0;0,0;0,0;-0,08;0,0;-0,01;0,0;-0,01;0,0;-0,07;0,0;0,0;0,0;0,0;0,0;0,0;0,0;0,0;0,0;-0,01;0,0;0,0;0,0;-0,01;0,0;0,0;0,0;-0,03;0,0;-0,01;0,0;0,0;0,0;-0,03;0,0;0,0;0,0;-0,02;0,0;-0,07;0,0;-0,47;-0,37;0,0;0,0;-0,01;0,0;-0,01;0,0;-0,06;0,0
04.07.2026;09:30;09:45;0,95;0,26;-0,19;0,0;-0,06;0,0;0,0;0,0;-0,05;0,0;0,0;0,0;-0,01;0,0;-0,07;0,0;0,0;0,0;0,0;0,0;0,0;0,0;0,0;0,0;-0,01;0,0;0,0;0,0;-0,01;0,0;0,0;0,0;-0,02;0,0;-0,02;0,0;0,0;0,0;-0,01;0,0;-0,01;0,0;-0,19;-0,12;-0,02;0,0;-0,12;-0,05;-0,01;0,0;0,0;0,0;0,0;0,0;-0,06;0,0
04.07.2026;09:45;10:00;1,02;0,25;-0,22;0,0;-0,04;0,0;0,0;0,0;-0,04;0,0;0,0;0,0;-0,01;0,0;-0,07;0,0;-0,01;0,0;0,0;0,0;0,0;0,0;0,0;0,0;0,0;0,0;0,0;0,0;-0,02;0,0;-0,01;0,0;-0,03;0,0;-0,01;0,0;0,0;0,0;0,0;0,0;-0,01;0,0;-0,16;-0,08;-0,01;0,0;-0,11;-0,03;0,0;0,0;-0,05;0,0;0,0;0,0;-0,08;0,0
04.07.2026;10:00;10:15;1,1;0,37;-0,23;0,0;-0,04;0,0;0,0;0,0;-0,04;0,0;0,0;0,0;-0,02;0,0;-0,08;0,0;0,0;0,0;0,0;0,0;-0,01;0,0;0,0;0,0;-0,01;0,0;0,0;0,0;-0,01;0,0;0,0;0,0;-0,02;0,0;-0,01;0,0;0,0;0,0;-0,01;0,0;-0,01;0,0;-0,22;-0,14;-0,02;0,0;-0,12;-0,04;0,0;0,0;-0,03;0,0;-0,01;0,0;-0,02;0,0
04.07.2026;10:15;10:30;1,34;0,45;-0,2;0,0;-0,09;0,0;0,0;0,0;-0,04;0,0;0,0;0,0;-0,01;0,0;-0,31;-0,21;0,0;0,0;0,0;0,0;0,0;0,0;0,0;0,0;-0,02;0,0;-0,01;0,0;-0,02;0,0;0,0;0,0;-0,01;0,0;-0,01;0,0;0,0;0,0;-0,01;0,0;-0,01;0,0;-0,51;-0,41;-0,23;-0,13;-0,31;-0,21;0,0;0,0;-0,04;0,0;0,0;0,0;-0,02;0,0
04.07.2026;10:30;10:45;1,65;0,51;-0,19;0,0;-0,05;0,0;0,0;0,0;-0,03;0,0;0,0;0,0;-0,09;0,0;-0,24;-0,1;0,0;0,0;0,0;0,0;0,0;0,0;0,0;0,0;-0,01;0,0;0,0;0,0;-0,02;0,0;0,0;0,0;-0,02;0,0;-0,03;0,0;0,0;0,0;-0,02;0,0;-0,01;0,0;-0,49;-0,35;-0,44;-0,3;-0,36;-0,22;0,0;0,0;-0,08;0,0;-0,01;0,0;-0,02;0,0
04.07.2026;10:45;11:00;1,75;0,62;-0,25;0,0;-0,05;0,0;0,0;0,0;-0,05;0,0;0,0;0,0;-0,29;-0,14;-0,13;0,0;0,0;0,0;0,0;0,0;0,0;0,0;0,0;0,0;0,0;0,0;0,0;0,0;-0,01;0,0;0,0;0,0;-0,01;0,0;-0,02;0,0;0,0;0,0;-0,03;0,0;-0,01;0,0;-0,07;0,0;-0,16;-0,01;-0,24;-0,09;0,0;0,0;-0,03;0,0;0,0;0,0;-0,02;0,0
04.07.2026;11:00;11:15;0,4;0,15;-0,35;-0,28;-0,04;-0,03;-0,01;0,0;-0,05;-0,04;0,0;0,0;-0,12;-0,11;-0,08;-0,07;0,0;0,0;0,0;0,0;0,0;0,0;-0,01;0,0;-0,01;0,0;0,0;0,0;-0,01;0,0;0,0;0,0;-0,03;-0,02;-0,02;-0,01;0,0;0,0;-0,09;-0,08;-0,01;0,0;-0,21;-0,2;-0,07;-0,06;-0,22;-0,21;0,0;0,0;-0,03;-0,02;-0,01;0,0;-0,01;0,0
04.07.2026;11:15;11:30;0,0;0,0;-0,25;-0,25;-0,01;-0,01;0,0;0,0;-0,04;-0,04;-0,01;-0,01;-0,16;-0,16;-0,09;-0,09;0,0;0,0;0,0;0,0;0,0;0,0;0,0;0,0;0,0;0,0;0,0;0,0;-0,02;-0,02;0,0;0,0;-0,03;-0,03;-0,03;-0,03;0,0;0,0;-0,22;-0,22;0,0;0,0;-0,07;-0,07;-0,02;-0,02;-0,25;-0,25;0,0;0,0;-0,02;-0,02;0,0;0,0;-0,02;-0,02
04.07.2026;11:30;11:45;0,14;0,11;-0,21;-0,18;-0,02;-0,02;0,0;0,0;-0,04;-0,04;0,0;0,0;-0,37;-0,37;-0,08;-0,08;0,0;0,0;0,0;0,0;0,0;0,0;0,0;0,0;-0,02;-0,02;0,0;0,0;-0,01;-0,01;0,0;0,0;-0,03;-0,03;-0,02;-0,02;0,0;0,0;-0,04;-0,04;-0,02;-0,02;-0,08;-0,08;-0,24;-0,24;-0,21;-0,21;-0,01;-0,01;-0,03;-0,03;-0,01;-0,01;-0,02;-0,02
04.07.2026;11:45;12:00;1,37;0,52;-0,22;0,0;-0,03;0,0;0,0;0,0;-0,03;0,0;0,0;0,0;-0,14;-0,02;-0,26;-0,14;0,0;0,0;0,0;0,0;0,0;0,0;0,0;0,0;-0,01;0,0;0,0;0,0;-0,02;0,0;0,0;0,0;-0,01;0,0;-0,01;0,0;0,0;0,0;-0,03;0,0;-0,01;0,0;-0,04;0,0;-0,41;-0,29;-0,04;0,0;0,0;0,0;-0,02;0,0;0,0;0,0;-0,02;0,0
04.07.2026;12:00;12:15;1,5;0,51;-0,35;0,0;-0,02;0,0;0,0;0,0;-0,04;0,0;0,0;0,0;-0,37;-0,24;-0,23;-0,1;0,0;0,0;0,0;0,0;0,0;0,0;0,0;0,0;-0,01;0,0;0,0;0,0;-0,01;0,0;0,0;0,0;-0,02;0,0;-0,01;0,0;0,0;0,0;-0,03;0,0;0,0;0,0;-0,04;0,0;-0,22;-0,09;-0,02;0,0;0,0;0,0;-0,02;0,0;-0,01;0,0;-0,02;0,0
04.07.2026;12:15;12:30;1,39;0,47;-0,22;0,0;-0,01;0,0;0,0;0,0;-0,22;-0,12;0,0;0,0;-0,19;-0,09;-0,06;0,0;-0,01;0,0;0,0;0,0;0,0;0,0;0,0;0,0;0,0;0,0;0,0;0,0;-0,02;0,0;-0,01;0,0;-0,09;0,0;-0,25;-0,15;0,0;0,0;-0,01;0,0;-0,02;0,0;-0,06;0,0;-0,04;0,0;-0,02;0,0;0,0;0,0;-0,03;0,0;0,0;0,0;-0,02;0,0
04.07.2026;12:30;12:45;1,44;0,52;-0,19;0,0;-0,02;0,0;0,0;0,0;-0,1;0,0;0,0;0,0;-0,25;-0,12;-0,08;0,0;0,0;0,0;0,0;0,0;-0,01;0,0;0,0;0,0;-0,01;0,0;0,0;0,0;-0,02;0,0;0,0;0,0;-0,44;-0,31;-0,58;-0,45;0,0;0,0;-0,01;0,0;0,0;0,0;-0,01;0,0;-0,02;0,0;-0,02;0,0;0,0;0,0;-0,02;0,0;-0,01;0,0;-0,01;0,0
04.07.2026;12:45;13:00;1,54;0,76;-0,2;0,0;-0,02;0,0;0,0;0,0;-0,02;0,0;0,0;0,0;-0,21;-0,06;-0,16;-0,01;0,0;0,0;0,0;0,0;0,0;0,0;0,0;0,0;-0,01;0,0;0,0;0,0;-0,01;0,0;0,0;0,0;-0,02;0,0;-0,04;0,0;0,0;0,0;-0,01;0,0;-0,01;0,0;-0,01;0,0;-0,03;0,0;-0,05;0,0;0,0;0,0;-0,02;0,0;0,0;0,0;-0,03;0,0
04.07.2026;13:00;13:15;1,33;0,47;-0,19;0,0;-0,02;0,0;0,0;0,0;-0,02;0,0;0,0;0,0;-0,12;-0,02;-0,42;-0,32;0,0;0,0;0,0;0,0;0,0;0,0;0,0;0,0;-0,02;0,0;0,0;0,0;-0,02;0,0;0,0;0,0;-0,02;0,0;-0,08;0,0;-0,01;0,0;-0,01;0,0;-0,01;0,0;-0,01;0,0;-0,22;-0,12;-0,15;-0,05;0,0;0,0;-0,02;0,0;0,0;0,0;-0,03;0,0
04.07.2026;13:15;13:30;2,16;0,7;-0,26;0,0;-0,02;0,0;0,0;0,0;-0,45;-0,27;-0,01;0,0;-0,07;0,0;-0,33;-0,15;0,0;0,0;-0,01;0,0;0,0;0,0;0,0;0,0;0,0;0,0;0,0;0,0;-0,11;0,0;0,0;0,0;-0,06;0,0;-0,29;-0,11;0,0;0,0;-0,01;0,0;-0,01;0,0;-0,01;0,0;-0,14;0,0;-0,16;0,0;0,0;0,0;-0,02;0,0;-0,01;0,0;-0,02;0,0
04.07.2026;13:30;13:45;1,93;0,77;-0,18;0,0;-0,02;0,0;0,0;0,0;-0,14;0,0;0,0;0,0;-0,16;0,0;-0,08;0,0;0,0;0,0;0,0;0,0;0,0;0,0;0,0;0,0;-0,01;0,0;0,0;0,0;-0,04;0,0;0,0;0,0;-0,08;0,0;-0,28;-0,1;0,0;0,0;0,0;0,0;-0,01;0,0;-0,01;0,0;-0,03;0,0;-0,16;0,0;-0,01;0,0;-0,02;0,0;-0,01;0,0;-0,02;0,0
04.07.2026;13:45;14:00;1,34;0,54;-0,18;0,0;-0,02;0,0;0,0;0,0;-0,39;-0,27;0,0;0,0;-0,03;0,0;-0,06;0,0;0,0;0,0;0,0;0,0;0,0;0,0;0,0;0,0;0,0;0,0;-0,01;0,0;-0,03;0,0;0,0;0,0;-0,08;0,0;-0,04;0,0;0,0;0,0;-0,01;0,0;-0,01;0,0;-0,01;0,0;-0,04;0,0;-0,14;-0,02;0,0;0,0;-0,02;0,0;0,0;0,0;-0,02;0,0
04.07.2026;14:00;14:15;1,66;0,92;-0,19;0,0;-0,02;0,0;0,0;0,0;-0,06;0,0;0,0;0,0;-0,01;0,0;-0,06;0,0;0,0;0,0;0,0;0,0;0,0;0,0;0,0;0,0;-0,02;0,0;0,0;0,0;-0,02;0,0;0,0;0,0;-0,07;0,0;-0,04;0,0;0,0;0,0;-0,01;0,0;-0,01;0,0;-0,01;0,0;-0,08;0,0;-0,1;0,0;0,0;0,0;-0,02;0,0;0,0;0,0;-0,02;0,0
04.07.2026;14:15;14:30;1,93;1,32;-0,19;0,0;-0,02;0,0;-0,01;0,0;-0,05;0,0;0,0;0,0;-0,02;0,0;-0,1;0,0;0,0;0,0;0,0;0,0;0,0;0,0;0,0;0,0;-0,01;0,0;0,0;0,0;-0,01;0,0;0,0;0,0;-0,06;0,0;-0,04;0,0;0,0;0,0;0,0;0,0;-0,01;0,0;-0,01;0,0;-0,02;0,0;-0,02;0,0;0,0;0,0;-0,02;0,0;-0,01;0,0;-0,01;0,0
04.07.2026;14:30;14:45;1,79;1,17;-0,21;0,0;-0,01;0,0;0,0;0,0;-0,05;0,0;0,0;0,0;0,0;0,0;-0,09;0,0;0,0;0,0;0,0;0,0;0,0;0,0;0,0;0,0;-0,01;0,0;0,0;0,0;-0,02;0,0;0,0;0,0;-0,07;0,0;-0,04;0,0;0,0;0,0;-0,01;0,0;0,0;0,0;-0,01;0,0;-0,03;0,0;-0,03;0,0;0,0;0,0;-0,03;0,0;0,0;0,0;-0,01;0,0
04.07.2026;14:45;15:00;0,17;0,12;-0,17;-0,12;-0,02;-0,02;0,0;0,0;-0,02;-0,02;0,0;0,0;-0,02;-0,02;-0,1;-0,1;-0,01;-0,01;0,0;0,0;0,0;0,0;0,0;0,0;0,0;0,0;0,0;0,0;-0,01;-0,01;-0,01;-0,01;-0,08;-0,08;-0,04;-0,04;0,0;0,0;-0,01;-0,01;-0,01;-0,01;-0,01;-0,01;-0,02;-0,02;-0,01;-0,01;0,0;0,0;-0,03;-0,03;-0,01;-0,01;-0,03;-0,03
04.07.2026;15:00;15:15;0,0;0,0;-0,17;-0,17;-0,02;-0,02;0,0;0,0;-0,03;-0,03;0,0;0,0;-0,01;-0,01;-0,09;-0,09;0,0;0,0;0,0;0,0;-0,01;-0,01;0,0;0,0;-0,01;-0,01;0,0;0,0;-0,01;-0,01;0,0;0,0;-0,09;-0,09;-0,02;-0,02;0,0;0,0;-0,01;-0,01;-0,02;-0,02;-0,01;-0,01;-0,01;-0,01;-0,03;-0,03;0,0;0,0;-0,04;-0,04;0,0;0,0;-0,02;-0,02
04.07.2026;15:15;15:30;0,34;0,12;-0,26;-0,19;-0,02;-0,01;0,0;0,0;-0,02;-0,01;-0,01;0,0;0,0;0,0;-0,1;-0,09;0,0;0,0;0,0;0,0;0,0;0,0;0,0;0,0;-0,01;0,0;0,0;0,0;-0,01;0,0;0,0;0,0;-0,08;-0,07;-0,02;-0,01;0,0;0,0;-0,02;-0,01;0,0;0,0;-0,01;0,0;-0,02;-0,01;-0,03;-0,02;0,0;0,0;-0,04;-0,03;-0,01;0,0;-0,02;-0,01
04.07.2026;15:30;15:45;1,7;0,97;-0,26;0,0;-0,02;0,0;0,0;0,0;-0,02;0,0;0,0;0,0;-0,02;0,0;-0,1;0,0;0,0;0,0;0,0;0,0;0,0;0,0;0,0;0,0;-0,02;0,0;0,0;0,0;-0,02;0,0;0,0;0,0;-0,08;0,0;-0,04;0,0;0,0;0,0;0,0;0,0;-0,01;0,0;-0,01;0,0;-0,05;0,0;-0,03;0,0;-0,01;0,0;-0,02;0,0;0,0;0,0;-0,02;0,0
04.07.2026;15:45;16:00;0,87;0,3;-0,16;0,0;-0,02;0,0;0,0;0,0;0,0;0,0;0,0;0,0;-0,01;0,0;-0,1;-0,03;0,0;0,0;0,0;0,0;0,0;0,0;0,0;0,0;0,0;0,0;0,0;0,0;-0,01;0,0;0,0;0,0;-0,08;-0,01;-0,03;0,0;0,0;0,0;0,0;0,0;-0,01;0,0;-0,01;0,0;-0,04;0,0;-0,08;-0,01;0,0;0,0;-0,04;0,0;-0,01;0,0;-0,02;0,0
04.07.2026;16:00;16:15;0,68;0,21;-0,18;-0,04;-0,01;0,0;0,0;0,0;-0,01;0,0;0,0;0,0;-0,01;0,0;-0,11;-0,07;0,0;0,0;0,0;0,0;0,0;0,0;-0,01;0,0;-0,01;0,0;0,0;0,0;-0,01;0,0;0,0;0,0;-0,07;-0,03;-0,04;0,0;0,0;0,0;-0,01;0,0;-0,01;0,0;-0,01;0,0;-0,02;0,0;-0,04;0,0;0,0;0,0;-0,05;-0,01;0,0;0,0;-0,02;0,0
04.07.2026;16:15;16:30;0,71;0,23;-0,18;-0,03;-0,03;0,0;0,0;0,0;-0,02;0,0;0,0;0,0;0,0;0,0;-0,07;-0,03;0,0;0,0;0,0;0,0;0,0;0,0;0,0;0,0;0,0;0,0;0,0;0,0;-0,01;0,0;0,0;0,0;-0,07;-0,03;-0,04;0,0;0,0;0,0;-0,01;0,0;-0,01;0,0;-0,01;0,0;-0,23;-0,19;-0,03;0,0;0,0;0,0;-0,03;0,0;-0,01;0,0;-0,01;0,0
04.07.2026;16:30;16:45;0,57;0,19;-0,18;-0,06;-0,02;0,0;0,0;0,0;-0,01;0,0;0,0;0,0;-0,02;0,0;-0,08;-0,06;0,0;0,0;0,0;0,0;0,0;0,0;0,0;0,0;-0,02;0,0;0,0;0,0;-0,02;0,0;0,0;0,0;-0,07;-0,05;-0,03;-0,01;0,0;0,0;-0,01;0,0;-0,01;0,0;-0,01;0,0;-0,25;-0,23;-0,03;-0,01;0,0;0,0;-0,05;-0,03;0,0;0,0;-0,02;0,0
04.07.2026;16:45;17:00;0,53;0,19;-0,18;-0,07;-0,02;0,0;0,0;0,0;-0,02;0,0;0,0;0,0;0,0;0,0;-0,07;-0,05;0,0;0,0;0,0;0,0;0,0;0,0;0,0;0,0;-0,01;0,0;0,0;0,0;-0,01;0,0;0,0;0,0;-0,08;-0,06;-0,06;-0,04;0,0;0,0;0,0;0,0;-0,01;0,0;-0,01;0,0;-0,04;-0,02;-0,08;-0,06;0,0;0,0;-0,04;-0,02;-0,01;0,0;-0,02;0,0
04.07.2026;17:00;17:15;0,39;0,16;-0,19;-0,12;-0,01;0,0;0,0;0,0;-0,01;0,0;0,0;0,0;-0,03;-0,02;-0,06;-0,05;0,0;0,0;0,0;0,0;0,0;0,0;0,0;0,0;-0,01;0,0;-0,01;0,0;-0,01;0,0;0,0;0,0;-0,08;-0,07;-0,02;-0,01;0,0;0,0;-0,01;0,0;-0,01;0,0;-0,01;0,0;-0,02;-0,01;-0,05;-0,04;0,0;0,0;-0,04;-0,03;0,0;0,0;-0,02;-0,01
04.07.2026;17:15;17:30;0,37;0,14;-0,34;-0,27;-0,02;-0,01;0,0;0,0;-0,01;0,0;-0,01;0,0;-0,02;-0,01;-0,08;-0,07;-0,01;0,0;0,0;0,0;0,0;0,0;0,0;0,0;0,0;0,0;0,0;0,0;-0,02;-0,01;-0,01;0,0;-0,12;-0,11;-0,03;-0,02;0,0;0,0;-0,02;-0,01;0,0;0,0;-0,01;0,0;-0,02;-0,01;-0,11;-0,1;0,0;0,0;-0,05;-0,04;0,0;0,0;-0,02;-0,01
04.07.2026;17:30;17:45;0,28;0,2;-0,24;-0,16;-0,03;-0,03;-0,01;-0,01;-0,01;-0,01;0,0;0,0;-0,16;-0,16;-0,08;-0,08;0,0;0,0;0,0;0,0;-0,01;-0,01;0,0;0,0;-0,01;-0,01;0,0;0,0;-0,01;-0,01;0,0;0,0;-0,05;-0,05;-0,02;-0,02;0,0;0,0;-0,01;-0,01;-0,02;-0,02;-0,01;-0,01;-0,11;-0,11;-0,09;-0,09;-0,01;-0,01;-0,02;-0,02;-0,01;-0,01;-0,02;-0,02
04.07.2026;17:45;18:00;0,31;0,11;-0,21;-0,15;-0,04;-0,03;0,0;0,0;-0,01;0,0;0,0;0,0;-0,03;-0,02;-0,07;-0,06;0,0;0,0;0,0;0,0;0,0;0,0;0,0;0,0;-0,01;0,0;0,0;0,0;-0,01;0,0;0,0;0,0;-0,03;-0,02;-0,02;-0,01;0,0;0,0;0,0;0,0;0,0;0,0;-0,01;0,0;-0,12;-0,11;-0,09;-0,08;0,0;0,0;-0,01;0,0;-0,01;0,0;-0,02;-0,01
04.07.2026;18:00;18:15;0,28;0,2;-0,24;-0,16;-0,04;-0,04;0,0;0,0;-0,02;-0,02;0,0;0,0;-0,06;-0,06;-0,06;-0,06;0,0;0,0;0,0;0,0;0,0;0,0;0,0;0,0;-0,02;-0,02;0,0;0,0;-0,02;-0,02;0,0;0,0;0,0;0,0;-0,01;-0,01;-0,01;-0,01;0,0;0,0;-0,01;-0,01;-0,01;-0,01;-0,04;-0,04;-0,09;-0,09;0,0;0,0;-0,02;-0,02;0,0;0,0;-0,01;-0,01
04.07.2026;18:15;18:30;0,23;0,17;-0,26;-0,2;-0,05;-0,05;0,0;0,0;-0,03;-0,03;0,0;0,0;-0,09;-0,09;-0,07;-0,07;0,0;0,0;-0,01;-0,01;0,0;0,0;0,0;0,0;0,0;0,0;0,0;0,0;-0,01;-0,01;0,0;0,0;-0,01;-0,01;-0,01;-0,01;0,0;0,0;-0,01;-0,01;-0,01;-0,01;-0,01;-0,01;-0,03;-0,03;-0,08;-0,08;0,0;0,0;-0,01;-0,01;0,0;0,0;-0,01;-0,01
04.07.2026;18:30;18:45;0,16;0,11;-0,3;-0,25;-0,08;-0,08;0,0;0,0;-0,03;-0,03;0,0;0,0;-0,1;-0,1;-0,07;-0,07;0,0;0,0;0,0;0,0;0,0;0,0;0,0;0,0;-0,01;-0,01;0,0;0,0;-0,01;-0,01;0,0;0,0;-0,01;-0,01;-0,05;-0,05;0,0;0,0;-0,01;-0,01;-0,01;-0,01;-0,01;-0,01;-0,03;-0,03;-0,09;-0,09;0,0;0,0;-0,01;-0,01;-0,01;-0,01;-0,03;-0,03
04.07.2026;18:45;19:00;0,1;0,1;-0,22;-0,22;-0,19;-0,19;0,0;0,0;-0,12;-0,12;0,0;0,0;-0,05;-0,05;-0,07;-0,07;0,0;0,0;0,0;0,0;0,0;0,0;0,0;0,0;0,0;0,0;0,0;0,0;-0,02;-0,02;0,0;0,0;-0,02;-0,02;-0,07;-0,07;0,0;0,0;-0,01;-0,01;-0,01;-0,01;-0,01;-0,01;-0,02;-0,02;-0,1;-0,1;0,0;0,0;-0,02;-0,02;-0,01;-0,01;-0,02;-0,02
04.07.2026;19:00;19:15;0,0;0,0;-0,18;-0,18;-0,05;-0,05;0,0;0,0;-0,05;-0,05;0,0;0,0;-0,03;-0,03;-0,08;-0,08;0,0;0,0;0,0;0,0;0,0;0,0;0,0;0,0;-0,02;-0,02;0,0;0,0;-0,01;-0,01;0,0;0,0;-0,02;-0,02;-0,07;-0,07;0,0;0,0;0,0;0,0;-0,01;-0,01;-0,03;-0,03;-0,02;-0,02;-0,1;-0,1;0,0;0,0;-0,01;-0,01;0,0;0,0;-0,02;-0,02
04.07.2026;19:15;19:30;0,0;0,0;-0,18;-0,18;-0,09;-0,09;0,0;0,0;-0,05;-0,05;-0,01;-0,01;-0,03;-0,03;-0,23;-0,23;0,0;0,0;0,0;0,0;0,0;0,0;0,0;0,0;-0,01;-0,01;0,0;0,0;-0,01;-0,01;0,0;0,0;-0,01;-0,01;-0,08;-0,08;0,0;0,0;-0,01;-0,01;0,0;0,0;-0,05;-0,05;-0,09;-0,09;-0,09;-0,09;0,0;0,0;-0,02;-0,02;0,0;0,0;-0,02;-0,02
04.07.2026;19:30;19:45;0,01;0,01;-0,21;-0,21;-0,06;-0,06;0,0;0,0;-0,05;-0,05;0,0;0,0;-0,04;-0,04;-0,2;-0,2;0,0;0,0;0,0;0,0;0,0;0,0;0,0;0,0;-0,01;-0,01;0,0;0,0;-0,02;-0,02;0,0;0,0;0,0;0,0;-0,08;-0,08;0,0;0,0;-0,02;-0,02;-0,02;-0,02;-0,02;-0,02;-0,05;-0,05;-0,12;-0,12;-0,01;-0,01;-0,01;-0,01;-0,01;-0,01;-0,02;-0,02
04.07.2026;19:45;20:00;0,1;0,1;-0,22;-0,22;-0,05;-0,05;0,0;0,0;-0,04;-0,04;0,0;0,0;-0,03;-0,03;-0,17;-0,17;-0,01;-0,01;0,0;0,0;0,0;0,0;0,0;0,0;0,0;0,0;0,0;0,0;-0,01;-0,01;-0,01;-0,01;-0,01;-0,01;-0,08;-0,08;0,0;0,0;-0,01;-0,01;-0,01;-0,01;-0,01;-0,01;-0,03;-0,03;-0,09;-0,09;0,0;0,0;-0,01;-0,01;0,0;0,0;-0,02;-0,02
04.07.2026;20:00;20:15;0,05;0,05;-0,26;-0,26;-0,04;-0,04;0,0;0,0;-0,03;-0,03;0,0;0,0;-0,03;-0,03;-0,12;-0,12;0,0;0,0;0,0;0,0;-0,01;-0,01;0,0;0,0;-0,01;-0,01;0,0;0,0;-0,05;-0,05;0,0;0,0;-0,01;-0,01;-0,07;-0,07;0,0;0,0;0,0;0,0;0,0;0,0;-0,02;-0,02;-0,03;-0,03;-0,08;-0,08;0,0;0,0;-0,01;-0,01;-0,01;-0,01;-0,01;-0,01
04.07.2026;20:15;20:30;0,02;0,02;-0,2;-0,2;-0,05;-0,05;0,0;0,0;-0,04;-0,04;0,0;0,0;-0,04;-0,04;-0,2;-0,2;0,0;0,0;0,0;0,0;0,0;0,0;0,0;0,0;-0,01;-0,01;-0,01;-0,01;-0,13;-0,13;0,0;0,0;-0,02;-0,02;-0,05;-0,05;0,0;0,0;-0,01;-0,01;-0,02;-0,02;-0,04;-0,04;-0,02;-0,02;-0,08;-0,08;0,0;0,0;-0,01;-0,01;0,0;0,0;-0,01;-0,01
04.07.2026;20:30;20:45;0,02;0,02;-0,19;-0,19;-0,06;-0,06;0,0;0,0;-0,02;-0,02;0,0;0,0;-0,04;-0,04;-0,17;-0,17;0,0;0,0;0,0;0,0;0,0;0,0;0,0;0,0;-0,01;-0,01;0,0;0,0;-0,08;-0,08;0,0;0,0;-0,01;-0,01;-0,05;-0,05;0,0;0,0;0,0;0,0;0,0;0,0;-0,11;-0,11;-0,03;-0,03;-0,09;-0,09;0,0;0,0;-0,02;-0,02;-0,01;-0,01;-0,03;-0,03
04.07.2026;20:45;21:00;0,01;0,01;-0,19;-0,19;-0,05;-0,05;0,0;0,0;-0,04;-0,04;0,0;0,0;-0,05;-0,05;-0,12;-0,12;0,0;0,0;0,0;0,0;0,0;0,0;0,0;0,0;-0,01;-0,01;0,0;0,0;-0,02;-0,02;0,0;0,0;-0,02;-0,02;-0,04;-0,04;0,0;0,0;-0,01;-0,01;-0,01;-0,01;-0,16;-0,16;-0,03;-0,03;-0,09;-0,09;0,0;0,0;-0,01;-0,01;0,0;0,0;-0,02;-0,02
04.07.2026;21:00;21:15;0,0;0,0;-0,19;-0,19;-0,04;-0,04;-0,01;-0,01;-0,04;-0,04;0,0;0,0;-0,03;-0,03;-0,14;-0,14;0,0;0,0;0,0;0,0;0,0;0,0;-0,01;-0,01;-0,01;-0,01;0,0;0,0;-0,03;-0,03;0,0;0,0;0,0;0,0;-0,05;-0,05;0,0;0,0;-0,01;-0,01;-0,01;-0,01;-0,15;-0,15;-0,03;-0,03;-0,02;-0,02;0,0;0,0;-0,01;-0,01;-0,01;-0,01;-0,02;-0,02
04.07.2026;21:15;21:30;0,0;0,0;-0,17;-0,17;-0,05;-0,05;0,0;0,0;-0,04;-0,04;-0,01;-0,01;-0,07;-0,07;-0,19;-0,19;0,0;0,0;0,0;0,0;0,0;0,0;0,0;0,0;0,0;0,0;0,0;0,0;-0,02;-0,02;0,0;0,0;-0,01;-0,01;-0,04;-0,04;0,0;0,0;0,0;0,0;-0,01;-0,01;-0,17;-0,17;-0,02;-0,02;-0,03;-0,03;0,0;0,0;-0,01;-0,01;0,0;0,0;-0,02;-0,02
04.07.2026;21:30;21:45;0,0;0,0;-0,17;-0,17;-0,06;-0,06;0,0;0,0;-0,03;-0,03;0,0;0,0;-0,1;-0,1;-0,14;-0,14;0,0;0,0;0,0;0,0;0,0;0,0;0,0;0,0;-0,01;-0,01;0,0;0,0;-0,03;-0,03;0,0;0,0;-0,01;-0,01;-0,04;-0,04;0,0;0,0;-0,01;-0,01;-0,01;-0,01;-0,17;-0,17;-0,01;-0,01;-0,03;-0,03;-0,01;-0,01;-0,02;-0,02;-0,01;-0,01;-0,02;-0,02
04.07.2026;21:45;22:00;0,0;0,0;-0,17;-0,17;-0,04;-0,04;0,0;0,0;-0,03;-0,03;0,0;0,0;-0,1;-0,1;-0,12;-0,12;0,0;0,0;0,0;0,0;0,0;0,0;0,0;0,0;-0,02;-0,02;0,0;0,0;-0,02;-0,02;0,0;0,0;-0,02;-0,02;-0,05;-0,05;0,0;0,0;-0,02;-0,02;-0,01;-0,01;-0,14;-0,14;-0,02;-0,02;-0,02;-0,02;0,0;0,0;-0,01;-0,01;0,0;0,0;-0,01;-0,01
04.07.2026;22:00;22:15;0,0;0,0;-0,18;-0,18;-0,05;-0,05;0,0;0,0;-0,03;-0,03;0,0;0,0;-0,06;-0,06;-0,13;-0,13;0,0;0,0;0,0;0,0;0,0;0,0;0,0;0,0;-0,01;-0,01;0,0;0,0;-0,03;-0,03;0,0;0,0;-0,01;-0,01;-0,05;-0,05;0,0;0,0;-0,01;-0,01;0,0;0,0;-0,04;-0,04;-0,02;-0,02;-0,02;-0,02;0,0;0,0;-0,01;-0,01;-0,01;-0,01;-0,01;-0,01
04.07.2026;22:15;22:30;0,0;0,0;-0,17;-0,17;-0,06;-0,06;0,0;0,0;-0,04;-0,04;0,0;0,0;-0,06;-0,06;-0,11;-0,11;-0,01;-0,01;0,0;0,0;0,0;0,0;0,0;0,0;0,0;0,0;0,0;0,0;-0,03;-0,03;-0,01;-0,01;-0,01;-0,01;-0,05;-0,05;0,0;0,0;0,0;0,0;-0,02;-0,02;-0,04;-0,04;-0,15;-0,15;-0,02;-0,02;0,0;0,0;-0,01;-0,01;0,0;0,0;-0,02;-0,02
04.07.2026;22:30;22:45;0,0;0,0;-0,24;-0,24;-0,05;-0,05;0,0;0,0;-0,04;-0,04;0,0;0,0;-0,08;-0,08;-0,07;-0,07;0,0;0,0;0,0;0,0;-0,01;-0,01;0,0;0,0;-0,01;-0,01;0,0;0,0;-0,03;-0,03;0,0;0,0;-0,01;-0,01;-0,05;-0,05;0,0;0,0;-0,01;-0,01;0,0;0,0;-0,03;-0,03;-0,02;-0,02;-0,02;-0,02;0,0;0,0;-0,02;-0,02;0,0;0,0;-0,03;-0,03
04.07.2026;22:45;23:00;0,0;0,0;-0,19;-0,19;-0,04;-0,04;0,0;0,0;-0,03;-0,03;0,0;0,0;-0,05;-0,05;-0,07;-0,07;0,0;0,0;0,0;0,0;0,0;0,0;0,0;0,0;0,0;0,0;0,0;0,0;-0,04;-0,04;0,0;0,0;0,0;0,0;-0,05;-0,05;0,0;0,0;0,0;0,0;-0,01;-0,01;-0,06;-0,06;-0,01;-0,01;-0,01;-0,01;0,0;0,0;0,0;0,0;-0,01;-0,01;-0,02;-0,02
04.07.2026;23:00;23:15;0,0;0,0;-0,17;-0,17;-0,05;-0,05;0,0;0,0;-0,04;-0,04;0,0;0,0;-0,04;-0,04;-0,06;-0,06;0,0;0,0;0,0;0,0;0,0;0,0;0,0;0,0;-0,02;-0,02;0,0;0,0;-0,03;-0,03;0,0;0,0;-0,02;-0,02;-0,04;-0,04;-0,01;-0,01;-0,01;-0,01;-0,02;-0,02;-0,13;-0,13;-0,02;-0,02;-0,02;-0,02;0,0;0,0;-0,02;-0,02;-0,01;-0,01;-0,11;-0,11
04.07.2026;23:15;23:30;0,0;0,0;-0,17;-0,17;-0,07;-0,07;0,0;0,0;-0,01;-0,01;-0,01;-0,01;-0,03;-0,03;-0,07;-0,07;0,0;0,0;-0,01;-0,01;0,0;0,0;0,0;0,0;-0,01;-0,01;0,0;0,0;-0,02;-0,02;0,0;0,0;-0,01;-0,01;-0,02;-0,02;0,0;0,0;-0,01;-0,01;0,0;0,0;-0,14;-0,14;-0,01;-0,01;-0,01;-0,01;0,0;0,0;-0,01;-0,01;0,0;0,0;-0,1;-0,1
04.07.2026;23:30;23:45;0,0;0,0;-0,25;-0,25;-0,03;-0,03;0,0;0,0;-0,01;-0,01;0,0;0,0;-0,04;-0,04;-0,07;-0,07;0,0;0,0;0,0;0,0;0,0;0,0;0,0;0,0;-0,01;-0,01;0,0;0,0;-0,02;-0,02;0,0;0,0;-0,02;-0,02;-0,01;-0,01;0,0;0,0;0,0;0,0;-0,01;-0,01;-0,13;-0,13;-0,01;-0,01;-0,02;-0,02;-0,01;-0,01;-0,02;-0,02;0,0;0,0;-0,06;-0,06
04.07.2026;23:45;00:00;0,0;0,0;-0,18;-0,18;-0,02;-0,02;0,0;0,0;-0,02;-0,02;0,0;0,0;-0,03;-0,03;-0,04;-0,04;0,0;0,0;0,0;0,0;0,0;0,0;0,0;0,0;0,0;0,0;-0,01;-0,01;-0,01;-0,01;0,0;0,0;-0,01;-0,01;-0,02;-0,02;0,0;0,0;-0,01;-0,01;-0,01;-0,01;-0,1;-0,1;-0,01;-0,01;-0,01;-0,01;0,0;0,0;0,0;0,0;-0,01;-0,01;-0,06;-0,06
05.07.2026;00:00;00:15;0,0;0,0;-0,18;-0,18;-0,02;-0,02;0,0;0,0;-0,01;-0,01;0,0;0,0;-0,04;-0,04;-0,02;-0,02;0,0;0,0;0,0;0,0;0,0;0,0;0,0;0,0;-0,01;-0,01;0,0;0,0;-0,02;-0,02;0,0;0,0;0,0;0,0;-0,01;-0,01;0,0;0,0;-0,02;-0,02;-0,01;-0,01;-0,1;-0,1;-0,01;-0,01;-0,02;-0,02;0,0;0,0;-0,02;-0,02;0,0;0,0;-0,02;-0,02
05.07.2026;00:15;00:30;0,0;0,0;-0,16;-0,16;-0,03;-0,03;-0,01;-0,01;-0,02;-0,02;0,0;0,0;-0,02;-0,02;-0,03;-0,03;0,0;0,0;0,0;0,0;0,0;0,0;0,0;0,0;-0,01;-0,01;0,0;0,0;-0,01;-0,01;0,0;0,0;-0,01;-0,01;-0,02;-0,02;0,0;0,0;-0,01;-0,01;-0,01;-0,01;-0,08;-0,08;-0,01;-0,01;-0,01;-0,01;0,0;0,0;-0,01;-0,01;-0,01;-0,01;-0,02;-0,02
05.07.2026;00:30;00:45;0,0;0,0;-0,17;-0,17;-0,03;-0,03;0,0;0,0;-0,01;-0,01;0,0;0,0;-0,02;-0,02;-0,02;-0,02;0,0;0,0;0,0;0,0;0,0;0,0;0,0;0,0;-0,02;-0,02;0,0;0,0;-0,01;-0,01;0,0;0,0;-0,01;-0,01;-0,03;-0,03;0,0;0,0;0,0;0,0;0,0;0,0;-0,09;-0,09;-0,01;-0,01;-0,02;-0,02;0,0;0,0;-0,02;-0,02;0,0;0,0;-0,02;-0,02
05.07.2026;00:45;01:00;0,0;0,0;-0,17;-0,17;-0,01;-0,01;0,0;0,0;0,0;0,0;0,0;0,0;-0,01;-0,01;-0,02;-0,02;-0,01;-0,01;0,0;0,0;0,0;0,0;0,0;0,0;0,0;0,0;0,0;0,0;-0,01;-0,01;-0,01;-0,01;-0,02;-0,02;-0,02;-0,02;0,0;0,0;-0,01;-0,01;-0,01;-0,01;-0,09;-0,09;-0,02;-0,02;-0,01;-0,01;0,0;0,0;0,0;0,0;-0,01;-0,01;-0,02;-0,02
05.07.2026;01:00;01:15;0,0;0,0;-0,17;-0,17;-0,01;-0,01;0,0;0,0;-0,01;-0,01;0,0;0,0;-0,02;-0,02;-0,02;-0,02;0,0;0,0;0,0;0,0;-0,01;-0,01;0,0;0,0;-0,01;-0,01;0,0;0,0;-0,01;-0,01;0,0;0,0;-0,01;-0,01;-0,02;-0,02;0,0;0,0;-0,01;-0,01;-0,02;-0,02;-0,09;-0,09;-0,01;-0,01;-0,02;-0,02;0,0;0,0;-0,02;-0,02;0,0;0,0;-0,03;-0,03
05.07.2026;01:15;01:30;0,0;0,0;-0,17;-0,17;-0,03;-0,03;0,0;0,0;-0,02;-0,02;-0,01;-0,01;-0,01;-0,01;-0,01;-0,01;0,0;0,0;0,0;0,0;0,0;0,0;0,0;0,0;0,0;0,0;0,0;0,0;-0,02;-0,02;0,0;0,0;-0,01;-0,01;-0,02;-0,02;0,0;0,0;-0,01;-0,01;0,0;0,0;-0,09;-0,09;-0,01;-0,01;-0,02;-0,02;0,0;0,0;0,0;0,0;-0,01;-0,01;-0,01;-0,01
05.07.2026;01:30;01:45;0,0;0,0;-0,17;-0,17;-0,03;-0,03;0,0;0,0;-0,01;-0,01;0,0;0,0;-0,01;-0,01;-0,01;-0,01;0,0;0,0;0,0;0,0;0,0;0,0;0,0;0,0;-0,01;-0,01;0,0;0,0;-0,01;-0,01;0,0;0,0;-0,01;-0,01;-0,01;-0,01;0,0;0,0;0,0;0,0;-0,01;-0,01;-0,09;-0,09;-0,01;-0,01;-0,02;-0,02;-0,01;-0,01;-0,02;-0,02;0,0;0,0;-0,01;-0,01
05.07.2026;01:45;02:00;0,0;0,0;-0,17;-0,17;-0,03;-0,03;0,0;0,0;-0,02;-0,02;0,0;0,0;-0,01;-0,01;-0,02;-0,02;0,0;0,0;0,0;0,0;0,0;0,0;0,0;0,0;-0,02;-0,02;0,0;0,0;-0,01;-0,01;0,0;0,0;0,0;0,0;-0,01;-0,01;0,0;0,0;0,0;0,0;-0,01;-0,01;-0,1;-0,1;-0,02;-0,02;-0,01;-0,01;0,0;0,0;-0,01;-0,01;-0,01;-0,01;-0,02;-0,02
05.07.2026;02:00;02:15;0,0;0,0;-0,16;-0,16;-0,05;-0,05;0,0;0,0;0,0;0,0;0,0;0,0;-0,01;-0,01;-0,02;-0,02;0,0;0,0;0,0;0,0;0,0;0,0;-0,01;-0,01;-0,01;-0,01;0,0;0,0;-0,02;-0,02;0,0;0,0;-0,02;-0,02;-0,01;-0,01;0,0;0,0;-0,01;-0,01;-0,01;-0,01;-0,09;-0,09;0,0;0,0;-0,02;-0,02;0,0;0,0;-0,02;-0,02;0,0;0,0;-0,02;-0,02
05.07.2026;02:15;02:30;0,0;0,0;-0,17;-0,17;-0,03;-0,03;0,0;0,0;-0,01;-0,01;0,0;0,0;-0,01;-0,01;-0,02;-0,02;0,0;0,0;0,0;0,0;0,0;0,0;0,0;0,0;0,0;0,0;0,0;0,0;0,0;0,0;0,0;0,0;-0,02;-0,02;-0,02;-0,02;0,0;0,0;-0,02;-0,02;-0,01;-0,01;-0,08;-0,08;-0,02;-0,02;-0,01;-0,01;0,0;0,0;0,0;0,0;-0,01;-0,01;-0,02;-0,02
05.07.2026;02:30;02:45;0,0;0,0;-0,18;-0,18;-0,03;-0,03;0,0;0,0;-0,02;-0,02;0,0;0,0;-0,01;-0,01;-0,02;-0,02;0,0;0,0;0,0;0,0;0,0;0,0;0,0;0,0;-0,01;-0,01;0,0;0,0;-0,02;-0,02;0,0;0,0;-0,01;-0,01;-0,02;-0,02;0,0;0,0;-0,01;-0,01;-0,01;-0,01;-0,04;-0,04;-0,01;-0,01;-0,02;-0,02;0,0;0,0;-0,02;-0,02;0,0;0,0;-0,02;-0,02
05.07.2026;02:45;03:00;0,0;0,0;-0,17;-0,17;-0,03;-0,03;0,0;0,0;-0,01;-0,01;0,0;0,0;-0,01;-0,01;-0,02;-0,02;0,0;0,0;0,0;0,0;0,0;0,0;0,0;0,0;-0,01;-0,01;0,0;0,0;-0,01;-0,01;0,0;0,0;0,0;0,0;-0,03;-0,03;0,0;0,0;-0,01;-0,01;0,0;0,0;-0,01;-0,01;-0,01;-0,01;-0,02;-0,02;0,0;0,0;-0,03;-0,03;0,0;0,0;-0,02;-0,02
05.07.2026;03:00;03:15;0,0;0,0;-0,17;-0,17;-0,02;-0,02;0,0;0,0;-0,02;-0,02;0,0;0,0;-0,01;-0,01;-0,02;-0,02;0,0;0,0;0,0;0,0;0,0;0,0;0,0;0,0;-0,01;-0,01;-0,01;-0,01;-0,01;-0,01;0,0;0,0;-0,01;-0,01;-0,02;-0,02;0,0;0,0;0,0;0,0;-0,02;-0,02;-0,01;-0,01;0,0;0,0;-0,01;-0,01;0,0;0,0;-0,02;-0,02;-0,01;-0,01;-0,03;-0,03
05.07.2026;03:15;03:30;0,0;0,0;-0,22;-0,22;-0,13;-0,13;0,0;0,0;0,0;0,0;-0,01;-0,01;-0,01;-0,01;-0,02;-0,02;-0,01;-0,01;0,0;0,0;0,0;0,0;0,0;0,0;-0,01;-0,01;0,0;0,0;-0,03;-0,03;-0,01;-0,01;-0,01;-0,01;-0,02;-0,02;0,0;0,0;-0,01;-0,01;0,0;0,0;-0,02;-0,02;-0,02;-0,02;-0,02;-0,02;0,0;0,0;-0,02;-0,02;-0,01;-0,01;-0,01;-0,01
05.07.2026;03:30;03:45;0,0;0,0;-0,21;-0,21;-0,02;-0,02;-0,01;-0,01;-0,01;-0,01;0,0;0,0;-0,01;-0,01;-0,02;-0,02;0,0;0,0;0,0;0,0;-0,01;-0,01;0,0;0,0;-0,01;-0,01;0,0;0,0;-0,02;-0,02;0,0;0,0;-0,03;-0,03;-0,01;-0,01;0,0;0,0;-0,01;-0,01;-0,01;-0,01;-0,02;-0,02;-0,01;-0,01;-0,01;-0,01;-0,01;-0,01;-0,01;-0,01;0,0;0,0;-0,01;-0,01
05.07.2026;03:45;04:00;0,0;0,0;-0,17;-0,17;-0,03;-0,03;0,0;0,0;-0,01;-0,01;0,0;0,0;-0,01;-0,01;-0,02;-0,02;0,0;0,0;0,0;0,0;0,0;0,0;0,0;0,0;0,0;0,0;0,0;0,0;-0,03;-0,03;0,0;0,0;-0,08;-0,08;-0,01;-0,01;0,0;0,0;0,0;0,0;-0,01;-0,01;-0,01;-0,01;-0,01;-0,01;-0,02;-0,02;0,0;0,0;-0,02;-0,02;0,0;0,0;-0,01;-0,01
05.07.2026;04:00;04:15;0,0;0,0;-0,17;-0,17;-0,02;-0,02;0,0;0,0;-0,02;-0,02;0,0;0,0;-0,01;-0,01;-0,02;-0,02;0,0;0,0;0,0;0,0;0,0;0,0;0,0;0,0;-0,01;-0,01;0,0;0,0;-0,02;-0,02;0,0;0,0;-0,07;-0,07;-0,01;-0,01;-0,01;-0,01;-0,01;-0,01;-0,01;-0,01;-0,01;-0,01;-0,01;-0,01;-0,01;-0,01;0,0;0,0;-0,01;-0,01;-0,01;-0,01;-0,03;-0,03
05.07.2026;04:15;04:30;0,0;0,0;-0,17;-0,17;-0,02;-0,02;0,0;0,0;-0,01;-0,01;0,0;0,0;-0,01;-0,01;-0,02;-0,02;0,0;0,0;-0,01;-0,01;0,0;0,0;0,0;0,0;-0,02;-0,02;0,0;0,0;-0,01;-0,01;0,0;0,0;-0,07;-0,07;-0,02;-0,02;0,0;0,0;0,0;0,0;-0,01;-0,01;-0,02;-0,02;-0,01;-0,01;-0,02;-0,02;0,0;0,0;-0,01;-0,01;0,0;0,0;-0,02;-0,02
05.07.2026;04:30;04:45;0,0;0,0;-0,17;-0,17;-0,03;-0,03;0,0;0,0;-0,01;-0,01;0,0;0,0;0,0;0,0;-0,02;-0,02;0,0;0,0;0,0;0,0;0,0;0,0;0,0;0,0;-0,01;-0,01;0,0;0,0;-0,01;-0,01;0,0;0,0;-0,07;-0,07;-0,02;-0,02;0,0;0,0;-0,02;-0,02;-0,01;-0,01;-0,02;-0,02;-0,01;-0,01;-0,02;-0,02;0,0;0,0;-0,01;-0,01;-0,01;-0,01;-0,02;-0,02
05.07.2026;04:45;05:00;0,0;0,0;-0,17;-0,17;-0,03;-0,03;0,0;0,0;-0,01;-0,01;0,0;0,0;-0,02;-0,02;-0,01;-0,01;0,0;0,0;0,0;0,0;0,0;0,0;0,0;0,0;0,0;0,0;0,0;0,0;-0,02;-0,02;0,0;0,0;-0,07;-0,07;-0,02;-0,02;0,0;0,0;-0,01;-0,01;-0,01;-0,01;-0,01;-0,01;-0,01;-0,01;-0,01;-0,01;0,0;0,0;-0,02;-0,02;0,0;0,0;-0,02;-0,02
05.07.2026;05:00;05:15;0,0;0,0;-0,17;-0,17;-0,02;-0,02;0,0;0,0;-0,01;-0,01;0,0;0,0;-0,01;-0,01;-0,02;-0,02;0,0;0,0;0,0;0,0;0,0;0,0;0,0;0,0;-0,01;-0,01;0,0;0,0;-0,01;-0,01;0,0;0,0;-0,07;-0,07;-0,02;-0,02;0,0;0,0;-0,01;-0,01;-0,01;-0,01;-0,01;-0,01;-0,01;-0,01;-0,02;-0,02;0,0;0,0;-0,01;-0,01;-0,01;-0,01;-0,02;-0,02
05.07.2026;05:15;05:30;0,0;0,0;-0,17;-0,17;-0,01;-0,01;0,0;0,0;-0,02;-0,02;-0,01;-0,01;0,0;0,0;0,0;0,0;0,0;0,0;0,0;0,0;0,0;0,0;0,0;0,0;0,0;0,0;0,0;0,0;-0,02;-0,02;0,0;0,0;-0,02;-0,02;-0,02;-0,02;0,0;0,0;0,0;0,0;0,0;0,0;-0,02;-0,02;-0,01;-0,01;-0,01;-0,01;0,0;0,0;-0,01;-0,01;0,0;0,0;-0,02;-0,02
05.07.2026;05:30;05:45;0,01;0,01;-0,18;-0,18;-0,02;-0,02;0,0;0,0;-0,01;-0,01;0,0;0,0;-0,02;-0,02;-0,02;-0,02;0,0;0,0;0,0;0,0;0,0;0,0;0,0;0,0;-0,02;-0,02;0,0;0,0;-0,01;-0,01;0,0;0,0;-0,02;-0,02;-0,02;-0,02;0,0;0,0;-0,01;-0,01;-0,02;-0,02;-0,01;-0,01;-0,01;-0,01;-0,02;-0,02;-0,01;-0,01;-0,01;-0,01;-0,01;-0,01;-0,01;-0,01
05.07.2026;05:45;06:00;0,02;0,02;-0,17;-0,17;-0,03;-0,03;0,0;0,0;-0,01;-0,01;0,0;0,0;0,0;0,0;-0,02;-0,02;-0,01;-0,01;0,0;0,0;0,0;0,0;0,0;0,0;-0,01;-0,01;0,0;0,0;-0,01;-0,01;0,0;0,0;-0,02;-0,02;-0,01;-0,01;0,0;0,0;-0,01;-0,01;-0,01;-0,01;-0,01;-0,01;0,0;0,0;-0,01;-0,01;0,0;0,0;-0,01;-0,01;0,0;0,0;-0,01;-0,01
05.07.2026;06:00;06:15;0,02;0,02;-0,17;-0,17;-0,01;-0,01;0,0;0,0;-0,01;-0,01;0,0;0,0;-0,01;-0,01;-0,02;-0,02;0,0;0,0;0,0;0,0;-0,01;-0,01;0,0;0,0;-0,01;-0,01;0,0;0,0;-0,01;-0,01;-0,01;-0,01;0,0;0,0;-0,01;-0,01;0,0;0,0;0,0;0,0;0,0;0,0;-0,02;-0,02;-0,02;-0,02;-0,02;-0,02;0,0;0,0;-0,02;-0,02;-0,01;-0,01;-0,03;-0,03
05.07.2026;06:15;06:30;0,02;0,02;-0,17;-0,17;-0,01;-0,01;0,0;0,0;-0,01;-0,01;0,0;0,0;-0,01;-0,01;-0,02;-0,02;0,0;0,0;0,0;0,0;0,0;0,0;0,0;0,0;0,0;0,0;-0,01;-0,01;-0,01;-0,01;0,0;0,0;-0,01;-0,01;-0,01;-0,01;0,0;0,0;-0,01;-0,01;-0,01;-0,01;-0,01;-0,01;-0,01;-0,01;-0,01;-0,01;0,0;0,0;-0,01;-0,01;0,0;0,0;-0,02;-0,02
05.07.2026;06:30;06:45;0,04;0,04;-0,17;-0,17;-0,02;-0,02;0,0;0,0;-0,01;-0,01;0,0;0,0;-0,01;-0,01;-0,01;-0,01;0,0;0,0;0,0;0,0;0,0;0,0;0,0;0,0;-0,01;-0,01;0,0;0,0;-0,02;-0,02;0,0;0,0;-0,01;-0,01;-0,02;-0,02;0,0;0,0;-0,01;-0,01;-0,01;-0,01;-0,01;-0,01;0,0;0,0;-0,02;-0,02;0,0;0,0;-0,01;-0,01;-0,01;-0,01;-0,02;-0,02
05.07.2026;06:45;07:00;0,04;0,04;-0,18;-0,18;-0,03;-0,03;0,0;0,0;-0,02;-0,02;0,0;0,0;-0,01;-0,01;-0,02;-0,02;0,0;0,0;0,0;0,0;0,0;0,0;0,0;0,0;-0,01;-0,01;0,0;0,0;-0,01;-0,01;0,0;0,0;-0,02;-0,02;-0,02;-0,02;0,0;0,0;-0,01;-0,01;-0,01;-0,01;-0,01;-0,01;-0,02;-0,02;-0,01;-0,01;0,0;0,0;-0,01;-0,01;0,0;0,0;-0,02;-0,02
05.07.2026;07:00;07:15;0,09;0,09;-0,18;-0,18;-0,01;-0,01;-0,01;-0,01;-0,01;-0,01;0,0;0,0;-0,01;-0,01;-0,02;-0,02;0,0;0,0;0,0;0,0;0,0;0,0;-0,01;-0,01;-0,02;-0,02;0,0;0,0;-0,01;-0,01;0,0;0,0;-0,02;-0,02;-0,12;-0,12;0,0;0,0;-0,01;-0,01;-0,01;-0,01;-0,01;-0,01;-0,1;-0,1;-0,02;-0,02;0,0;0,0;-0,01;-0,01;0,0;0,0;-0,02;-0,02
05.07.2026;07:15;07:30;0,21;0,16;-0,18;-0,13;-0,09;-0,09;0,0;0,0;-0,01;-0,01;-0,01;-0,01;0,0;0,0;-0,02;-0,02;0,0;0,0;0,0;0,0;0,0;0,0;0,0;0,0;0,0;0,0;0,0;0,0;-0,02;-0,02;0,0;0,0;-0,01;-0,01;-0,02;-0,02;0,0;0,0;-0,01;-0,01;-0,01;-0,01;-0,01;-0,01;-0,01;-0,01;-0,02;-0,02;0,0;0,0;-0,02;-0,02;-0,01;-0,01;-0,01;-0,01
05.07.2026;07:30;07:45;0,58;0,22;-0,18;-0,05;-0,03;0,0;0,0;0,0;-0,01;0,0;0,0;0,0;-0,01;0,0;-0,02;0,0;0,0;0,0;0,0;0,0;0,0;0,0;0,0;0,0;-0,01;0,0;0,0;0,0;-0,01;0,0;0,0;0,0;-0,02;0,0;-0,02;0,0;0,0;0,0;0,0;0,0;-0,01;0,0;-0,01;0,0;-0,05;-0,02;-0,01;0,0;-0,01;0,0;-0,01;0,0;-0,01;0,0;-0,01;0,0
05.07.2026;07:45;08:00;0,05;0,05;-0,19;-0,19;-0,03;-0,03;0,0;0,0;-0,01;-0,01;0,0;0,0;-0,01;-0,01;-0,02;-0,02;0,0;0,0;0,0;0,0;0,0;0,0;0,0;0,0;0,0;0,0;0,0;0,0;-0,01;-0,01;0,0;0,0;-0,01;-0,01;-0,02;-0,02;0,0;0,0;-0,01;-0,01;-0,01;-0,01;-0,01;-0,01;-0,09;-0,09;-0,01;-0,01;0,0;0,0;-0,01;-0,01;0,0;0,0;-0,02;-0,02
05.07.2026;08:00;08:15;0,0;0,0;-0,27;-0,27;-0,03;-0,03;0,0;0,0;-0,03;-0,03;0,0;0,0;-0,01;-0,01;-0,01;-0,01;0,0;0,0;0,0;0,0;0,0;0,0;0,0;0,0;-0,01;-0,01;0,0;0,0;-0,01;-0,01;0,0;0,0;0,0;0,0;-0,03;-0,03;0,0;0,0;-0,01;-0,01;0,0;0,0;-0,01;-0,01;-0,03;-0,03;-0,02;-0,02;0,0;0,0;-0,01;-0,01;0,0;0,0;-0,03;-0,03
05.07.2026;08:15;08:30;0,0;0,0;-0,25;-0,25;-0,01;-0,01;0,0;0,0;-0,22;-0,22;0,0;0,0;-0,01;-0,01;-0,02;-0,02;-0,01;-0,01;0,0;0,0;0,0;0,0;0,0;0,0;-0,02;-0,02;0,0;0,0;-0,01;-0,01;0,0;0,0;-0,01;-0,01;-0,04;-0,04;0,0;0,0;-0,01;-0,01;-0,02;-0,02;-0,01;-0,01;-0,02;-0,02;-0,02;-0,02;0,0;0,0;-0,01;-0,01;-0,01;-0,01;-0,02;-0,02
05.07.2026;08:30;08:45;0,26;0,19;-0,19;-0,12;-0,03;-0,03;0,0;0,0;-0,04;-0,04;0,0;0,0;0,0;0,0;-0,03;-0,03;0,0;0,0;0,0;0,0;-0,01;-0,01;0,0;0,0;-0,01;-0,01;0,0;0,0;-0,02;-0,02;-0,01;-0,01;-0,02;-0,02;-0,05;-0,05;0,0;0,0;0,0;0,0;0,0;0,0;-0,01;-0,01;-0,01;-0,01;-0,05;-0,05;0,0;0,0;-0,02;-0,02;0,0;0,0;-0,02;-0,02
05.07.2026;08:45;09:00;0,58;0,2;-0,19;-0,08;-0,03;0,0;0,0;0,0;-0,04;-0,01;0,0;0,0;-0,01;0,0;-0,06;-0,03;0,0;0,0;0,0;0,0;0,0;0,0;0,0;0,0;0,0;0,0;0,0;0,0;-0,01;0,0;0,0;0,0;-0,02;0,0;-0,04;-0,01;0,0;0,0;-0,01;0,0;-0,01;0,0;-0,01;0,0;-0,01;0,0;-0,05;-0,02;0,0;0,0;-0,01;0,0;-0,01;0,0;-0,02;0,0
05.07.2026;09:00;09:15;1,21;0,63;-0,19;0,0;-0,01;0,0;0,0;0,0;-0,05;0,0;0,0;0,0;-0,01;0,0;-0,05;0,0;0,0;0,0;0,0;0,0;0,0;0,0;0,0;0,0;-0,01;0,0;0,0;0,0;-0,01;0,0;0,0;0,0;-0,02;0,0;-0,07;0,0;-0,01;0,0;-0,01;0,0;-0,01;0,0;-0,01;0,0;-0,01;0,0;-0,09;0,0;0,0;0,0;-0,01;0,0;0,0;0,0;-0,01;0,0
05.07.2026;09:15;09:30;1,08;0,41;-0,19;0,0;-0,02;0,0;0,0;0,0;-0,06;0,0;-0,01;0,0;-0,02;0,0;-0,06;0,0;0,0;0,0;-0,01;0,0;0,0;0,0;0,0;0,0;0,0;0,0;0,0;0,0;-0,01;0,0;0,0;0,0;-0,01;0,0;-0,06;0,0;0,0;0,0;-0,01;0,0;-0,01;0,0;-0,01;0,0;-0,07;0,0;-0,1;-0,02;0,0;0,0;-0,01;0,0;-0,01;0,0;-0,02;0,0
05.07.2026;09:30;09:45;0,89;0,31;-0,19;0,0;-0,03;0,0;0,0;0,0;-0,06;0,0;0,0;0,0;-0,01;0,0;-0,05;0,0;0,0;0,0;0,0;0,0;0,0;0,0;0,0;0,0;-0,02;0,0;0,0;0,0;-0,01;0,0;0,0;0,0;-0,01;0,0;-0,05;0,0;0,0;0,0;-0,01;0,0;-0,01;0,0;-0,01;0,0;-0,02;0,0;-0,24;-0,17;-0,01;0,0;-0,01;0,0;0,0;0,0;-0,01;0,0
05.07.2026;09:45;10:00;1,1;0,47;-0,19;0,0;-0,01;0,0;0,0;0,0;-0,07;0,0;0,0;0,0;-0,03;0,0;-0,06;0,0;0,0;0,0;0,0;0,0;0,0;0,0;0,0;0,0;-0,01;0,0;-0,01;0,0;-0,01;0,0;0,0;0,0;-0,01;0,0;-0,05;0,0;0,0;0,0;-0,01;0,0;-0,01;0,0;-0,01;0,0;-0,01;0,0;-0,36;-0,27;0,0;0,0;-0,01;0,0;-0,01;0,0;-0,03;0,0
05.07.2026;10:00;10:15;0,89;0,29;-0,22;-0,01;-0,02;0,0;0,0;0,0;-0,05;0,0;0,0;0,0;-0,01;0,0;-0,3;-0,23;0,0;0,0;0,0;0,0;0,0;0,0;0,0;0,0;-0,01;0,0;0,0;0,0;-0,02;0,0;0,0;0,0;-0,02;0,0;-0,04;0,0;0,0;0,0;0,0;0,0;0,0;0,0;-0,02;0,0;-0,02;0,0;-0,13;-0,06;0,0;0,0;-0,02;0,0;0,0;0,0;-0,02;0,0
05.07.2026;10:15;10:30;0,71;0,23;-0,29;-0,13;-0,02;0,0;-0,01;0,0;-0,04;0,0;0,0;0,0;-0,01;0,0;-0,14;-0,1;0,0;0,0;0,0;0,0;0,0;0,0;0,0;0,0;0,0;0,0;0,0;0,0;-0,01;0,0;0,0;0,0;-0,02;0,0;-0,04;0,0;0,0;0,0;-0,01;0,0;-0,02;0,0;-0,02;0,0;-0,01;0,0;-0,12;-0,08;0,0;0,0;-0,01;0,0;0,0;0,0;-0,02;0,0
05.07.2026;10:30;10:45;0,76;0,26;-0,33;-0,16;-0,02;0,0;0,0;0,0;-0,04;0,0;0,0;0,0;-0,01;0,0;-0,24;-0,19;0,0;0,0;0,0;0,0;0,0;0,0;0,0;0,0;-0,01;0,0;0,0;0,0;-0,01;0,0;0,0;0,0;-0,02;0,0;-0,05;0,0;0,0;0,0;-0,01;0,0;0,0;0,0;-0,01;0,0;-0,01;0,0;-0,17;-0,12;0,0;0,0;-0,01;0,0;-0,01;0,0;-0,02;0,0
05.07.2026;10:45;11:00;0,85;0,28;-0,22;-0,01;-0,01;0,0;0,0;0,0;-0,05;0,0;0,0;0,0;-0,01;0,0;-0,09;-0,03;-0,01;0,0;0,0;0,0;0,0;0,0;0,0;0,0;-0,01;0,0;0,0;0,0;-0,01;0,0;0,0;0,0;-0,02;0,0;-0,05;0,0;0,0;0,0;0,0;0,0;-0,01;0,0;-0,01;0,0;-0,01;0,0;-0,21;-0,15;0,0;0,0;-0,01;0,0;-0,01;0,0;-0,02;0,0
05.07.2026;11:00;11:15;1,46;0,6;-0,22;0,0;-0,03;0,0;0,0;0,0;-0,04;0,0;0,0;0,0;-0,12;0,0;-0,37;-0,23;0,0;0,0;0,0;0,0;-0,01;0,0;0,0;0,0;-0,02;0,0;0,0;0,0;-0,01;0,0;-0,01;0,0;0,0;0,0;-0,05;0,0;0,0;0,0;-0,01;0,0;-0,01;0,0;-0,01;0,0;-0,01;0,0;-0,23;-0,09;0,0;0,0;-0,02;0,0;0,0;0,0;-0,01;0,0
05.07.2026;11:15;11:30;1,54;0,5;-0,21;0,0;-0,02;0,0;0,0;0,0;-0,03;0,0;-0,01;0,0;-0,16;-0,02;-0,29;-0,15;0,0;0,0;0,0;0,0;0,0;0,0;0,0;0,0;0,0;0,0;0,0;0,0;-0,02;0,0;0,0;0,0;-0,2;-0,06;-0,34;-0,2;0,0;0,0;-0,01;0,0;-0,01;0,0;-0,01;0,0;0,0;0,0;-0,21;-0,07;0,0;0,0;-0,01;0,0;0,0;0,0;-0,01;0,0
05.07.2026;11:30;11:45;0,92;0,24;-0,19;0,0;-0,01;0,0;0,0;0,0;-0,08;-0,02;0,0;0,0;-0,29;-0,23;-0,18;-0,12;0,0;0,0;0,0;0,0;0,0;0,0;0,0;0,0;-0,01;0,0;0,0;0,0;-0,01;0,0;0,0;0,0;-0,08;-0,02;-0,41;-0,35;0,0;0,0;-0,01;0,0;-0,01;0,0;-0,01;0,0;-0,01;0,0;-0,16;-0,1;-0,01;0,0;-0,01;0,0;-0,01;0,0;-0,03;0,0
05.07.2026;11:45;12:00;0,01;0,01;-0,21;-0,21;-0,02;-0,02;0,0;0,0;-0,16;-0,16;0,0;0,0;-0,18;-0,18;-0,48;-0,48;0,0;0,0;0,0;0,0;0,0;0,0;0,0;0,0;0,0;0,0;0,0;0,0;-0,01;-0,01;0,0;0,0;-0,09;-0,09;-0,12;-0,12;0,0;0,0;-0,01;-0,01;-0,01;-0,01;-0,01;-0,01;-0,01;-0,01;-0,06;-0,06;0,0;0,0;-0,01;-0,01;-0,01;-0,01;-0,02;-0,02
05.07.2026;12:00;12:15;0,0;0,0;-0,2;-0,2;-0,02;-0,02;0,0;0,0;-0,19;-0,19;0,0;0,0;-0,09;-0,09;-0,1;-0,1;0,0;0,0;0,0;0,0;0,0;0,0;-0,01;-0,01;-0,02;-0,02;0,0;0,0;-0,02;-0,02;0,0;0,0;-0,09;-0,09;-0,07;-0,07;0,0;0,0;-0,01;-0,01;0,0;0,0;-0,01;-0,01;-0,01;-0,01;-0,01;-0,01;0,0;0,0;-0,01;-0,01;0,0;0,0;-0,02;-0,02
05.07.2026;12:15;12:30;0,23;0,17;-0,19;-0,13;-0,02;-0,02;0,0;0,0;-0,33;-0,33;0,0;0,0;-0,11;-0,11;-0,08;-0,08;0,0;0,0;0,0;0,0;0,0;0,0;0,0;0,0;-0,01;-0,01;0,0;0,0;-0,01;-0,01;0,0;0,0;-0,06;-0,06;-0,06;-0,06;0,0;0,0;0,0;0,0;-0,02;-0,02;-0,01;-0,01;-0,01;-0,01;-0,01;-0,01;0,0;0,0;-0,01;-0,01;0,0;0,0;-0,02;-0,02
05.07.2026;12:30;12:45;1,59;0,76;-0,21;0,0;-0,02;0,0;0,0;0,0;-0,17;-0,02;0,0;0,0;-0,09;0,0;-0,12;0,0;0,0;0,0;0,0;0,0;0,0;0,0;0,0;0,0;-0,01;0,0;0,0;0,0;-0,04;0,0;0,0;0,0;-0,02;0,0;-0,07;0,0;0,0;0,0;-0,01;0,0;0,0;0,0;-0,01;0,0;-0,01;0,0;-0,02;0,0;0,0;0,0;-0,02;0,0;-0,01;0,0;-0,02;0,0
05.07.2026;12:45;13:00;0,75;0,26;-0,19;-0,01;-0,01;0,0;0,0;0,0;-0,13;-0,07;0,0;0,0;-0,02;0,0;-0,26;-0,2;0,0;0,0;0,0;0,0;0,0;0,0;0,0;0,0;0,0;0,0;0,0;0,0;-0,01;0,0;0,0;0,0;-0,02;0,0;-0,05;0,0;0,0;0,0;-0,01;0,0;-0,01;0,0;0,0;0,0;-0,01;0,0;-0,02;0,0;0,0;0,0;-0,01;0,0;0,0;0,0;-0,02;0,0
05.07.2026;13:00;13:15;1,47;0,77;-0,19;0,0;-0,03;0,0;0,0;0,0;-0,27;-0,12;0,0;0,0;0,0;0,0;-0,34;-0,19;0,0;0,0;0,0;0,0;0,0;0,0;0,0;0,0;-0,01;0,0;-0,01;0,0;-0,03;0,0;0,0;0,0;-0,01;0,0;-0,06;0,0;0,0;0,0;0,0;0,0;-0,01;0,0;-0,01;0,0;0,0;0,0;-0,01;0,0;0,0;0,0;-0,01;0,0;-0,01;0,0;-0,01;0,0
05.07.2026;13:15;13:30;1,21;0,57;-0,19;0,0;-0,02;0,0;0,0;0,0;-0,13;-0,01;-0,01;0,0;-0,02;0,0;-0,07;0,0;-0,01;0,0;0,0;0,0;0,0;0,0;0,0;0,0;-0,01;0,0;0,0;0,0;-0,02;0,0;0,0;0,0;-0,01;0,0;-0,05;0,0;0,0;0,0;-0,01;0,0;-0,01;0,0;-0,02;0,0;-0,01;0,0;-0,03;0,0;0,0;0,0;-0,01;0,0;0,0;0,0;-0,02;0,0
05.07.2026;13:30;13:45;0,97;0,37;-0,19;0,0;-0,01;0,0;-0,01;0,0;-0,06;0,0;0,0;0,0;-0,01;0,0;-0,07;0,0;0,0;0,0;0,0;0,0;-0,01;0,0;0,0;0,0;-0,02;0,0;0,0;0,0;-0,02;0,0;-0,01;0,0;-0,02;0,0;-0,05;0,0;0,0;0,0;-0,01;0,0;-0,01;0,0;-0,01;0,0;-0,01;0,0;-0,02;0,0;-0,01;0,0;-0,02;0,0;-0,01;0,0;-0,02;0,0
05.07.2026;13:45;14:00;1,42;0,85;-0,18;0,0;-0,02;0,0;0,0;0,0;-0,06;0,0;0,0;0,0;-0,02;0,0;-0,06;0,0;0,0;0,0;0,0;0,0;0,0;0,0;0,0;0,0;0,0;0,0;0,0;0,0;-0,01;0,0;0,0;0,0;-0,07;0,0;-0,07;0,0;0,0;0,0;-0,01;0,0;-0,01;0,0;0,0;0,0;-0,01;0,0;-0,03;0,0;0,0;0,0;0,0;0,0;0,0;0,0;-0,02;0,0
05.07.2026;14:00;14:15;2,03;1,43;-0,2;0,0;-0,02;0,0;0,0;0,0;-0,05;0,0;0,0;0,0;0,0;0,0;-0,05;0,0;0,0;0,0;0,0;0,0;0,0;0,0;0,0;0,0;-0,01;0,0;0,0;0,0;-0,01;0,0;0,0;0,0;-0,08;0,0;-0,07;0,0;-0,01;0,0;-0,01;0,0;0,0;0,0;-0,01;0,0;-0,01;0,0;-0,02;0,0;0,0;0,0;-0,02;0,0;-0,01;0,0;-0,02;0,0
05.07.2026;14:15;14:30;0,79;0,23;-0,19;-0,01;-0,03;0,0;0,0;0,0;-0,03;0,0;0,0;0,0;-0,01;0,0;-0,05;0,0;0,0;0,0;-0,01;0,0;0,0;0,0;0,0;0,0;0,0;0,0;0,0;0,0;-0,02;0,0;0,0;0,0;-0,08;-0,03;-0,08;-0,03;0,0;0,0;-0,01;0,0;-0,02;0,0;-0,01;0,0;-0,01;0,0;-0,03;0,0;0,0;0,0;-0,02;0,0;0,0;0,0;-0,03;0,0
05.07.2026;14:30;14:45;0,44;0,21;-0,18;-0,08;-0,01;0,0;0,0;0,0;-0,02;-0,01;0,0;0,0;-0,01;0,0;-0,06;-0,05;0,0;0,0;0,0;0,0;0,0;0,0;0,0;0,0;-0,02;-0,01;0,0;0,0;-0,03;-0,02;0,0;0,0;-0,08;-0,07;-0,08;-0,07;0,0;0,0;0,0;0,0;0,0;0,0;-0,02;-0,01;0,0;0,0;-0,02;-0,01;0,0;0,0;-0,01;0,0;-0,01;0,0;-0,02;-0,01
05.07.2026;14:45;15:00;0,27;0,19;-0,26;-0,18;-0,01;-0,01;0,0;0,0;-0,04;-0,04;0,0;0,0;-0,01;-0,01;-0,06;-0,06;0,0;0,0;0,0;0,0;0,0;0,0;0,0;0,0;-0,02;-0,02;0,0;0,0;-0,02;-0,02;0,0;0,0;-0,06;-0,06;-0,07;-0,07;0,0;0,0;-0,01;-0,01;-0,01;-0,01;0,0;0,0;-0,02;-0,02;-0,03;-0,03;0,0;0,0;-0,02;-0,02;0,0;0,0;-0,01;-0,01
05.07.2026;15:00;15:15;0,56;0,21;-0,2;-0,06;-0,03;-0,01;0,0;0,0;-0,06;-0,04;0,0;0,0;0,0;0,0;-0,15;-0,13;0,0;0,0;0,0;0,0;0,0;0,0;0,0;0,0;0,0;0,0;0,0;0,0;-0,02;0,0;0,0;0,0;-0,03;-0,01;-0,08;-0,06;0,0;0,0;-0,01;0,0;-0,02;0,0;-0,01;0,0;0,0;0,0;-0,03;-0,01;0,0;0,0;0,0;0,0;-0,01;0,0;-0,03;-0,01
05.07.2026;15:15;15:30;0,16;0,11;-0,25;-0,2;-0,02;-0,02;0,0;0,0;-0,06;-0,06;-0,01;-0,01;-0,01;-0,01;-0,19;-0,19;0,0;0,0;0,0;0,0;0,0;0,0;0,0;0,0;0,0;0,0;0,0;0,0;-0,01;-0,01;0,0;0,0;-0,04;-0,04;-0,07;-0,07;0,0;0,0;-0,01;-0,01;0,0;0,0;-0,01;-0,01;-0,01;-0,01;-0,03;-0,03;0,0;0,0;-0,02;-0,02;0,0;0,0;-0,05;-0,05
05.07.2026;15:30;15:45;0,0;0,0;-0,18;-0,18;-0,02;-0,02;0,0;0,0;-0,05;-0,05;0,0;0,0;-0,01;-0,01;-0,18;-0,18;0,0;0,0;0,0;0,0;0,0;0,0;0,0;0,0;-0,01;-0,01;0,0;0,0;-0,01;-0,01;0,0;0,0;-0,04;-0,04;-0,07;-0,07;0,0;0,0;0,0;0,0;-0,01;-0,01;-0,01;-0,01;-0,01;-0,01;-0,03;-0,03;-0,01;-0,01;-0,01;-0,01;0,0;0,0;-0,04;-0,04
05.07.2026;15:45;16:00;0,0;0,0;-0,21;-0,21;-0,01;-0,01;0,0;0,0;-0,09;-0,09;0,0;0,0;-0,01;-0,01;-0,16;-0,16;-0,01;-0,01;0,0;0,0;0,0;0,0;0,0;0,0;-0,01;-0,01;0,0;0,0;-0,01;-0,01;0,0;0,0;-0,05;-0,05;-0,09;-0,09;0,0;0,0;-0,01;-0,01;-0,01;-0,01;-0,01;-0,01;-0,01;-0,01;-0,04;-0,04;0,0;0,0;-0,01;-0,01;-0,01;-0,01;-0,03;-0,03
05.07.2026;16:00;16:15;0,57;0,19;-0,34;-0,22;-0,06;-0,04;0,0;0,0;-0,04;-0,02;0,0;0,0;-0,01;0,0;-0,16;-0,14;0,0;0,0;0,0;0,0;-0,01;0,0;0,0;0,0;-0,02;0,0;0,0;0,0;-0,02;0,0;-0,01;0,0;-0,06;-0,04;-0,1;-0,08;0,0;0,0;-0,01;0,0;-0,01;0,0;-0,01;0,0;0,0;0,0;-0,03;-0,01;0,0;0,0;-0,01;0,0;-0,01;0,0;-0,02;0,0
05.07.2026;16:15;16:30;0,88;0,27;-0,36;-0,17;-0,03;0,0;0,0;0,0;-0,03;0,0;0,0;0,0;0,0;0,0;-0,18;-0,11;0,0;0,0;0,0;0,0;0,0;0,0;0,0;0,0;-0,01;0,0;-0,01;0,0;-0,01;0,0;0,0;0,0;-0,07;0,0;-0,1;-0,03;0,0;0,0;-0,01;0,0;-0,01;0,0;-0,01;0,0;-0,02;0,0;-0,03;0,0;0,0;0,0;-0,02;0,0;0,0;0,0;-0,02;0,0
05.07.2026;16:30;16:45;0,59;0,21;-0,25;-0,12;-0,02;0,0;0,0;0,0;-0,02;0,0;0,0;0,0;-0,01;0,0;-0,17;-0,14;0,0;0,0;0,0;0,0;0,0;0,0;0,0;0,0;0,0;0,0;0,0;0,0;-0,01;0,0;0,0;0,0;-0,07;-0,04;-0,09;-0,06;0,0;0,0;-0,01;0,0;0,0;0,0;-0,05;-0,02;-0,01;0,0;-0,04;-0,01;0,0;0,0;0,0;0,0;0,0;0,0;-0,02;0,0
05.07.2026;16:45;17:00;0,62;0,22;-0,18;-0,04;-0,01;0,0;0,0;0,0;-0,03;0,0;0,0;0,0;-0,01;0,0;-0,18;-0,15;0,0;0,0;0,0;0,0;0,0;0,0;0,0;0,0;0,0;0,0;0,0;0,0;-0,01;0,0;0,0;0,0;-0,07;-0,04;-0,09;-0,06;0,0;0,0;-0,01;0,0;-0,01;0,0;-0,29;-0,26;0,0;0,0;-0,02;0,0;0,0;0,0;-0,02;0,0;-0,01;0,0;-0,01;0,0
05.07.2026;17:00;17:15;0,77;0,24;-0,19;-0,03;-0,03;0,0;-0,01;0,0;-0,02;0,0;0,0;0,0;-0,01;0,0;-0,21;-0,17;0,0;0,0;0,0;0,0;0,0;0,0;-0,01;0,0;-0,02;0,0;0,0;0,0;-0,02;0,0;0,0;0,0;-0,09;-0,05;-0,08;-0,04;0,0;0,0;0,0;0,0;-0,02;0,0;-0,24;-0,2;-0,01;0,0;-0,03;0,0;0,0;0,0;-0,01;0,0;0,0;0,0;-0,02;0,0
05.07.2026;17:15;17:30;1,03;0,28;-0,2;0,0;-0,03;0,0;0,0;0,0;-0,03;0,0;-0,01;0,0;-0,01;0,0;-0,2;-0,12;0,0;0,0;0,0;0,0;0,0;0,0;0,0;0,0;-0,01;0,0;0,0;0,0;-0,01;0,0;0,0;0,0;-0,09;-0,01;-0,09;-0,01;0,0;0,0;-0,01;0,0;0,0;0,0;-0,1;-0,02;-0,01;0,0;-0,04;0,0;0,0;0,0;-0,02;0,0;-0,01;0,0;-0,04;0,0
05.07.2026;17:30;17:45;0,59;0,2;-0,2;-0,08;-0,01;0,0;0,0;0,0;-0,03;0,0;0,0;0,0;0,0;0,0;-0,14;-0,11;0,0;0,0;0,0;0,0;0,0;0,0;0,0;0,0;-0,01;0,0;0,0;0,0;-0,01;0,0;0,0;0,0;-0,08;-0,05;-0,12;-0,09;0,0;0,0;-0,01;0,0;-0,01;0,0;-0,05;-0,02;0,0;0,0;-0,04;-0,01;-0,01;0,0;0,0;0,0;0,0;0,0;-0,04;-0,01
05.07.2026;17:45;18:00;0,65;0,21;-0,27;-0,14;-0,11;-0,08;0,0;0,0;-0,02;0,0;0,0;0,0;-0,01;0,0;-0,06;-0,03;0,0;0,0;0,0;0,0;0,0;0,0;0,0;0,0;-0,01;0,0;0,0;0,0;-0,01;0,0;0,0;0,0;-0,07;-0,04;-0,1;-0,07;0,0;0,0;0,0;0,0;-0,01;0,0;-0,03;0,0;-0,01;0,0;-0,03;0,0;0,0;0,0;-0,02;0,0;-0,01;0,0;-0,05;-0,02
05.07.2026;18:00;18:15;0,37;0,18;-0,18;-0,11;-0,12;-0,11;0,0;0,0;-0,01;0,0;0,0;0,0;-0,01;0,0;-0,07;-0,06;0,0;0,0;0,0;0,0;0,0;0,0;0,0;0,0;0,0;0,0;0,0;0,0;-0,02;-0,01;0,0;0,0;-0,03;-0,02;-0,08;-0,07;0,0;0,0;-0,01;0,0;0,0;0,0;-0,08;-0,07;-0,02;-0,01;-0,02;-0,01;0,0;0,0;0,0;0,0;0,0;0,0;-0,04;-0,03
05.07.2026;18:15;18:30;0,2;0,15;-0,2;-0,15;-0,06;-0,06;0,0;0,0;-0,02;-0,02;0,0;0,0;-0,01;-0,01;-0,06;-0,06;-0,01;-0,01;0,0;0,0;0,0;0,0;0,0;0,0;-0,01;-0,01;0,0;0,0;-0,01;-0,01;0,0;0,0;-0,04;-0,04;-0,07;-0,07;0,0;0,0;-0,01;-0,01;-0,02;-0,02;-0,06;-0,06;0,0;0,0;-0,07;-0,07;0,0;0,0;-0,02;-0,02;0,0;0,0;-0,05;-0,05
05.07.2026;18:30;18:45;0,17;0,12;-0,24;-0,19;-0,11;-0,11;0,0;0,0;-0,02;-0,02;0,0;0,0;-0,01;-0,01;-0,07;-0,07;0,0;0,0;0,0;0,0;-0,01;-0,01;0,0;0,0;-0,02;-0,02;0,0;0,0;-0,01;-0,01;-0,01;-0,01;-0,04;-0,04;-0,09;-0,09;0,0;0,0;-0,01;-0,01;0,0;0,0;-0,05;-0,05;-0,01;-0,01;-0,03;-0,03;0,0;0,0;-0,01;-0,01;-0,01;-0,01;-0,03;-0,03
05.07.2026;18:45;19:00;0,16;0,11;-0,18;-0,13;-0,04;-0,04;0,0;0,0;-0,01;-0,01;0,0;0,0;-0,01;-0,01;-0,09;-0,09;0,0;0,0;0,0;0,0;0,0;0,0;0,0;0,0;-0,01;-0,01;0,0;0,0;-0,01;-0,01;0,0;0,0;-0,04;-0,04;-0,08;-0,08;0,0;0,0;-0,01;-0,01;-0,01;-0,01;-0,03;-0,03;-0,01;-0,01;-0,02;-0,02;0,0;0,0;-0,02;-0,02;-0,01;-0,01;-0,03;-0,03
05.07.2026;19:00;19:15;0,08;0,08;-0,23;-0,23;-0,35;-0,35;0,0;0,0;-0,02;-0,02;0,0;0,0;0,0;0,0;-0,08;-0,08;0,0;0,0;0,0;0,0;0,0;0,0;0,0;0,0;0,0;0,0;0,0;0,0;-0,02;-0,02;0,0;0,0;-0,04;-0,04;-0,07;-0,07;-0,01;-0,01;-0,01;-0,01;-0,02;-0,02;-0,01;-0,01;-0,01;-0,01;-0,02;-0,02;0,0;0,0;0,0;0,0;0,0;0,0;-0,26;-0,26
05.07.2026;19:15;19:30;0,03;0,03;-0,18;-0,18;-0,27;-0,27;0,0;0,0;-0,02;-0,02;-0,01;-0,01;-0,01;-0,01;-0,05;-0,05;0,0;0,0;-0,01;-0,01;0,0;0,0;0,0;0,0;0,0;0,0;0,0;0,0;-0,01;-0,01;0,0;0,0;-0,03;-0,03;-0,07;-0,07;0,0;0,0;0,0;0,0;0,0;0,0;-0,02;-0,02;0,0;0,0;-0,09;-0,09;0,0;0,0;-0,02;-0,02;-0,01;-0,01;-0,28;-0,28
05.07.2026;19:30;19:45;0,0;0,0;-0,27;-0,27;-0,05;-0,05;0,0;0,0;-0,22;-0,22;0,0;0,0;-0,01;-0,01;-0,04;-0,04;0,0;0,0;0,0;0,0;0,0;0,0;0,0;0,0;-0,02;-0,02;0,0;0,0;-0,01;-0,01;0,0;0,0;-0,03;-0,03;-0,06;-0,06;0,0;0,0;-0,01;-0,01;-0,01;-0,01;-0,02;-0,02;-0,01;-0,01;-0,35;-0,35;-0,01;-0,01;-0,01;-0,01;0,0;0,0;-0,06;-0,06
05.07.2026;19:45;20:00;0,0;0,0;-0,19;-0,19;-0,08;-0,08;0,0;0,0;-0,28;-0,28;0,0;0,0;0,0;0,0;-0,02;-0,02;0,0;0,0;0,0;0,0;0,0;0,0;0,0;0,0;-0,01;-0,01;-0,01;-0,01;-0,01;-0,01;0,0;0,0;-0,03;-0,03;-0,06;-0,06;0,0;0,0;-0,01;-0,01;-0,01;-0,01;-0,02;-0,02;-0,01;-0,01;-0,09;-0,09;0,0;0,0;-0,01;-0,01;0,0;0,0;-0,04;-0,04
05.07.2026;20:00;20:15;0,08;0,08;-0,19;-0,19;-0,05;-0,05;0,0;0,0;-0,24;-0,24;0,0;0,0;-0,02;-0,02;-0,02;-0,02;0,0;0,0;0,0;0,0;0,0;0,0;0,0;0,0;-0,01;-0,01;0,0;0,0;-0,02;-0,02;0,0;0,0;-0,04;-0,04;-0,07;-0,07;0,0;0,0;0,0;0,0;0,0;0,0;-0,02;-0,02;-0,01;-0,01;-0,1;-0,1;0,0;0,0;-0,01;-0,01;-0,01;-0,01;-0,04;-0,04
05.07.2026;20:15;20:30;0,04;0,04;-0,2;-0,2;-0,04;-0,04;-0,01;-0,01;-0,3;-0,3;0,0;0,0;0,0;0,0;0,0;0,0;0,0;0,0;0,0;0,0;0,0;0,0;0,0;0,0;-0,01;-0,01;0,0;0,0;-0,01;-0,01;0,0;0,0;-0,08;-0,08;-0,05;-0,05;0,0;0,0;-0,01;-0,01;-0,02;-0,02;-0,01;-0,01;-0,01;-0,01;-0,09;-0,09;0,0;0,0;-0,04;-0,04;-0,01;-0,01;-0,05;-0,05
05.07.2026;20:30;20:45;0,03;0,03;-0,2;-0,2;-0,33;-0,33;0,0;0,0;-0,04;-0,04;0,0;0,0;-0,01;-0,01;-0,02;-0,02;0,0;0,0;0,0;0,0;0,0;0,0;0,0;0,0;0,0;0,0;0,0;0,0;-0,01;-0,01;0,0;0,0;-0,09;-0,09;-0,05;-0,05;0,0;0,0;-0,01;-0,01;-0,01;-0,01;-0,01;-0,01;-0,01;-0,01;-0,09;-0,09;0,0;0,0;-0,04;-0,04;0,0;0,0;-0,05;-0,05
05.07.2026;20:45;21:00;0,01;0,01;-0,2;-0,2;-0,16;-0,16;0,0;0,0;-0,04;-0,04;0,0;0,0;-0,02;-0,02;-0,02;-0,02;-0,01;-0,01;0,0;0,0;0,0;0,0;0,0;0,0;-0,01;-0,01;0,0;0,0;-0,01;-0,01;0,0;0,0;-0,08;-0,08;-0,06;-0,06;0,0;0,0;-0,01;-0,01;0,0;0,0;-0,01;-0,01;0,0;0,0;-0,1;-0,1;0,0;0,0;-0,02;-0,02;0,0;0,0;-0,04;-0,04
05.07.2026;21:00;21:15;0,0;0,0;-0,19;-0,19;-0,03;-0,03;0,0;0,0;-0,05;-0,05;0,0;0,0;-0,06;-0,06;-0,02;-0,02;0,0;0,0;0,0;0,0;-0,01;-0,01;0,0;0,0;-0,02;-0,02;0,0;0,0;-0,02;-0,02;-0,01;-0,01;-0,08;-0,08;-0,04;-0,04;0,0;0,0;-0,03;-0,03;-0,02;-0,02;-0,01;-0,01;-0,01;-0,01;-0,1;-0,1;0,0;0,0;-0,03;-0,03;-0,01;-0,01;-0,04;-0,04
05.07.2026;21:15;21:30;0,0;0,0;-0,19;-0,19;-0,06;-0,06;0,0;0,0;-0,05;-0,05;-0,01;-0,01;-0,1;-0,1;-0,02;-0,02;0,0;0,0;0,0;0,0;0,0;0,0;0,0;0,0;-0,01;-0,01;0,0;0,0;-0,01;-0,01;0,0;0,0;-0,08;-0,08;-0,05;-0,05;0,0;0,0;-0,04;-0,04;0,0;0,0;-0,02;-0,02;-0,01;-0,01;-0,11;-0,11;0,0;0,0;-0,02;-0,02;0,0;0,0;-0,05;-0,05
05.07.2026;21:30;21:45;0,0;0,0;-0,2;-0,2;-0,05;-0,05;0,0;0,0;-0,04;-0,04;0,0;0,0;-0,11;-0,11;-0,03;-0,03;0,0;0,0;0,0;0,0;0,0;0,0;0,0;0,0;0,0;0,0;0,0;0,0;-0,01;-0,01;0,0;0,0;-0,08;-0,08;-0,05;-0,05;0,0;0,0;-0,01;-0,01;-0,01;-0,01;-0,02;-0,02;-0,01;-0,01;-0,13;-0,13;-0,01;-0,01;-0,03;-0,03;-0,01;-0,01;-0,06;-0,06
05.07.2026;21:45;22:00;0,0;0,0;-0,22;-0,22;-0,05;-0,05;0,0;0,0;-0,04;-0,04;0,0;0,0;-0,08;-0,08;-0,11;-0,11;0,0;0,0;0,0;0,0;0,0;0,0;0,0;0,0;-0,01;-0,01;0,0;0,0;-0,01;-0,01;0,0;0,0;-0,09;-0,09;-0,05;-0,05;0,0;0,0;-0,03;-0,03;-0,01;-0,01;-0,03;-0,03;-0,01;-0,01;-0,11;-0,11;0,0;0,0;-0,03;-0,03;0,0;0,0;-0,05;-0,05
05.07.2026;22:00;22:15;0,0;0,0;-0,19;-0,19;-0,05;-0,05;0,0;0,0;-0,03;-0,03;0,0;0,0;-0,05;-0,05;-0,02;-0,02;0,0;0,0;0,0;0,0;0,0;0,0;-0,01;-0,01;-0,01;-0,01;0,0;0,0;-0,02;-0,02;0,0;0,0;-0,04;-0,04;-0,04;-0,04;0,0;0,0;-0,08;-0,08;0,0;0,0;-0,03;-0,03;-0,01;-0,01;-0,12;-0,12;0,0;0,0;-0,02;-0,02;-0,01;-0,01;-0,05;-0,05
05.07.2026;22:15;22:30;0,0;0,0;-0,19;-0,19;-0,06;-0,06;0,0;0,0;-0,02;-0,02;0,0;0,0;-0,05;-0,05;-0,02;-0,02;0,0;0,0;0,0;0,0;0,0;0,0;0,0;0,0;-0,01;-0,01;0,0;0,0;-0,02;-0,02;0,0;0,0;-0,06;-0,06;-0,04;-0,04;0,0;0,0;-0,49;-0,49;-0,02;-0,02;-0,02;-0,02;0,0;0,0;-0,12;-0,12;0,0;0,0;-0,03;-0,03;0,0;0,0;-0,05;-0,05
05.07.2026;22:30;22:45;0,0;0,0;-0,18;-0,18;-0,08;-0,08;0,0;0,0;-0,02;-0,02;0,0;0,0;-0,04;-0,04;-0,02;-0,02;0,0;0,0;0,0;0,0;0,0;0,0;0,0;0,0;-0,01;-0,01;0,0;0,0;-0,01;-0,01;0,0;0,0;-0,04;-0,04;-0,02;-0,02;0,0;0,0;-0,24;-0,24;-0,01;-0,01;-0,08;-0,08;-0,01;-0,01;-0,1;-0,1;0,0;0,0;-0,02;-0,02;0,0;0,0;-0,04;-0,04
05.07.2026;22:45;23:00;0,0;0,0;-0,19;-0,19;-0,07;-0,07;0,0;0,0;-0,01;-0,01;0,0;0,0;-0,04;-0,04;-0,02;-0,02;0,0;0,0;0,0;0,0;0,0;0,0;0,0;0,0;-0,01;-0,01;0,0;0,0;-0,02;-0,02;0,0;0,0;-0,04;-0,04;-0,02;-0,02;0,0;0,0;-0,44;-0,44;0,0;0,0;-0,09;-0,09;-0,01;-0,01;-0,02;-0,02;0,0;0,0;-0,04;-0,04;-0,01;-0,01;-0,01;-0,01
05.07.2026;23:00;23:15;0,0;0,0;-0,18;-0,18;-0,02;-0,02;0,0;0,0;-0,02;-0,02;0,0;0,0;-0,05;-0,05;-0,02;-0,02;0,0;0,0;0,0;0,0;0,0;0,0;0,0;0,0;0,0;0,0;-0,01;-0,01;-0,01;-0,01;0,0;0,0;-0,03;-0,03;-0,02;-0,02;0,0;0,0;-0,13;-0,13;-0,02;-0,02;-0,1;-0,1;-0,01;-0,01;-0,02;-0,02;0,0;0,0;-0,04;-0,04;-0,01;-0,01;-0,11;-0,11
05.07.2026;23:15;23:30;0,0;0,0;-0,25;-0,25;-0,03;-0,03;0,0;0,0;-0,02;-0,02;-0,01;-0,01;-0,03;-0,03;-0,02;-0,02;-0,01;-0,01;0,0;0,0;0,0;0,0;0,0;0,0;-0,01;-0,01;0,0;0,0;-0,01;-0,01;0,0;0,0;-0,02;-0,02;-0,02;-0,02;0,0;0,0;-0,08;-0,08;0,0;0,0;-0,09;-0,09;-0,01;-0,01;-0,02;-0,02;0,0;0,0;-0,04;-0,04;0,0;0,0;-0,11;-0,11
05.07.2026;23:30;23:45;0,0;0,0;-0,2;-0,2;-0,04;-0,04;-0,01;-0,01;0,0;0,0;0,0;0,0;-0,03;-0,03;-0,02;-0,02;0,0;0,0;0,0;0,0;-0,01;-0,01;0,0;0,0;-0,02;-0,02;0,0;0,0;-0,02;-0,02;-0,01;-0,01;-0,03;-0,03;-0,03;-0,03;0,0;0,0;-0,08;-0,08;-0,01;-0,01;-0,1;-0,1;-0,01;-0,01;-0,02;-0,02;-0,01;-0,01;-0,03;-0,03;0,0;0,0;-0,08;-0,08
05.07.2026;23:45;00:00;0,0;0,0;-0,24;-0,24;-0,04;-0,04;0,0;0,0;-0,01;-0,01;0,0;0,0;-0,04;-0,04;-0,02;-0,02;0,0;0,0;0,0;0,0;0,0;0,0;0,0;0,0;-0,01;-0,01;0,0;0,0;-0,01;-0,01;0,0;0,0;-0,03;-0,03;-0,02;-0,02;0,0;0,0;-0,08;-0,08;-0,01;-0,01;-0,09;-0,09;-0,01;-0,01;-0,01;-0,01;0,0;0,0;-0,02;-0,02;-0,01;-0,01;-0,07;-0,07
06.07.2026;00:00;00:15;0,0;0,0;-0,17;-0,17;-0,03;-0,03;0,0;0,0;-0,01;-0,01;0,0;0,0;-0,04;-0,04;0,0;0,0;0,0;0,0;0,0;0,0;0,0;0,0;0,0;0,0;0,0;0,0;0,0;0,0;-0,01;-0,01;0,0;0,0;-0,02;-0,02;-0,02;-0,02;-0,01;-0,01;-0,08;-0,08;-0,01;-0,01;-0,09;-0,09;0,0;0,0;-0,03;-0,03;0,0;0,0;-0,02;-0,02;0,0;0,0;-0,03;-0,03
06.07.2026;00:15;00:30;0,0;0,0;-0,22;-0,22;-0,02;-0,02;0,0;0,0;-0,02;-0,02;0,0;0,0;-0,03;-0,03;-0,01;-0,01;0,0;0,0;-0,01;-0,01;0,0;0,0;0,0;0,0;-0,01;-0,01;0,0;0,0;-0,03;-0,03;0,0;0,0;-0,01;-0,01;-0,02;-0,02;0,0;0,0;-0,08;-0,08;-0,01;-0,01;-0,1;-0,1;-0,01;-0,01;-0,01;-0,01;0,0;0,0;-0,02;-0,02;-0,01;-0,01;-0,01;-0,01
06.07.2026;00:30;00:45;0,0;0,0;-0,19;-0,19;-0,05;-0,05;0,0;0,0;-0,01;-0,01;0,0;0,0;-0,05;-0,05;-0,02;-0,02;0,0;0,0;0,0;0,0;0,0;0,0;0,0;0,0;-0,01;-0,01;0,0;0,0;-0,01;-0,01;0,0;0,0;-0,01;-0,01;-0,01;-0,01;0,0;0,0;-0,07;-0,07;-0,01;-0,01;-0,11;-0,11;-0,01;-0,01;-0,02;-0,02;0,0;0,0;-0,02;-0,02;0,0;0,0;-0,01;-0,01
06.07.2026;00:45;01:00;0,0;0,0;-0,17;-0,17;-0,05;-0,05;0,0;0,0;-0,02;-0,02;0,0;0,0;-0,04;-0,04;-0,02;-0,02;0,0;0,0;0,0;0,0;0,0;0,0;0,0;0,0;-0,01;-0,01;0,0;0,0;-0,03;-0,03;0,0;0,0;-0,01;-0,01;-0,01;-0,01;0,0;0,0;-0,09;-0,09;-0,01;-0,01;-0,11;-0,11;-0,01;-0,01;-0,01;-0,01;0,0;0,0;-0,02;-0,02;-0,01;-0,01;-0,02;-0,02
06.07.2026;01:00;01:15;0,0;0,0;-0,18;-0,18;-0,03;-0,03;0,0;0,0;-0,01;-0,01;0,0;0,0;-0,04;-0,04;-0,02;-0,02;0,0;0,0;0,0;0,0;0,0;0,0;0,0;0,0;-0,02;-0,02;0,0;0,0;-0,01;-0,01;0,0;0,0;0,0;0,0;-0,01;-0,01;0,0;0,0;-0,09;-0,09;-0,01;-0,01;-0,09;-0,09;-0,01;-0,01;-0,02;-0,02;0,0;0,0;-0,03;-0,03;0,0;0,0;-0,03;-0,03
06.07.2026;01:15;01:30;0,0;0,0;-0,19;-0,19;-0,03;-0,03;0,0;0,0;0,0;0,0;-0,01;-0,01;-0,04;-0,04;-0,02;-0,02;0,0;0,0;0,0;0,0;0,0;0,0;0,0;0,0;0,0;0,0;0,0;0,0;-0,03;-0,03;0,0;0,0;-0,01;-0,01;-0,03;-0,03;0,0;0,0;-0,08;-0,08;0,0;0,0;-0,09;-0,09;-0,01;-0,01;-0,01;-0,01;0,0;0,0;-0,01;-0,01;-0,01;-0,01;-0,02;-0,02
06.07.2026;01:30;01:45;0,0;0,0;-0,17;-0,17;-0,03;-0,03;0,0;0,0;-0,01;-0,01;0,0;0,0;-0,03;-0,03;-0,02;-0,02;0,0;0,0;0,0;0,0;0,0;0,0;0,0;0,0;0,0;0,0;0,0;0,0;-0,48;-0,48;0,0;0,0;-0,01;-0,01;-0,02;-0,02;0,0;0,0;-0,09;-0,09;-0,01;-0,01;-0,08;-0,08;0,0;0,0;-0,02;-0,02;-0,01;-0,01;-0,03;-0,03;0,0;0,0;-0,02;-0,02
06.07.2026;01:45;02:00;0,0;0,0;-0,17;-0,17;-0,03;-0,03;0,0;0,0;-0,02;-0,02;0,0;0,0;-0,03;-0,03;-0,02;-0,02;-0,01;-0,01;0,0;0,0;0,0;0,0;0,0;0,0;-0,01;-0,01;0,0;0,0;-0,03;-0,03;0,0;0,0;-0,01;-0,01;-0,02;-0,02;0,0;0,0;-0,08;-0,08;-0,01;-0,01;-0,08;-0,08;-0,01;-0,01;-0,02;-0,02;0,0;0,0;-0,01;-0,01;-0,01;-0,01;-0,03;-0,03
06.07.2026;02:00;02:15;0,0;0,0;-0,18;-0,18;-0,02;-0,02;0,0;0,0;-0,01;-0,01;0,0;0,0;-0,04;-0,04;-0,02;-0,02;0,0;0,0;0,0;0,0;-0,01;-0,01;0,0;0,0;-0,02;-0,02;0,0;0,0;-0,03;-0,03;-0,01;-0,01;-0,02;-0,02;-0,02;-0,02;0,0;0,0;-0,06;-0,06;-0,01;-0,01;-0,07;-0,07;-0,01;-0,01;-0,01;-0,01;0,0;0,0;-0,03;-0,03;0,0;0,0;-0,01;-0,01
06.07.2026;02:15;02:30;0,0;0,0;-0,17;-0,17;-0,02;-0,02;0,0;0,0;-0,02;-0,02;0,0;0,0;-0,02;-0,02;-0,02;-0,02;0,0;0,0;0,0;0,0;0,0;0,0;0,0;0,0;-0,01;-0,01;-0,01;-0,01;-0,04;-0,04;0,0;0,0;0,0;0,0;-0,03;-0,03;0,0;0,0;-0,04;-0,04;-0,01;-0,01;-0,01;-0,01;-0,01;-0,01;-0,02;-0,02;0,0;0,0;-0,01;-0,01;-0,01;-0,01;-0,01;-0,01
06.07.2026;02:30;02:45;0,0;0,0;-0,21;-0,21;-0,03;-0,03;0,0;0,0;-0,01;-0,01;0,0;0,0;-0,03;-0,03;-0,02;-0,02;0,0;0,0;0,0;0,0;0,0;0,0;0,0;0,0;-0,01;-0,01;0,0;0,0;-0,02;-0,02;0,0;0,0;-0,01;-0,01;-0,01;-0,01;0,0;0,0;-0,04;-0,04;-0,01;-0,01;-0,03;-0,03;-0,01;-0,01;-0,01;-0,01;0,0;0,0;-0,03;-0,03;0,0;0,0;-0,02;-0,02
06.07.2026;02:45;03:00;0,0;0,0;-0,24;-0,24;-0,02;-0,02;0,0;0,0;-0,01;-0,01;0,0;0,0;-0,03;-0,03;-0,01;-0,01;0,0;0,0;0,0;0,0;0,0;0,0;0,0;0,0;0,0;0,0;0,0;0,0;-0,04;-0,04;0,0;0,0;0,0;0,0;-0,01;-0,01;0,0;0,0;-0,05;-0,05;-0,01;-0,01;-0,01;-0,01;-0,01;-0,01;-0,02;-0,02;0,0;0,0;-0,02;-0,02;0,0;0,0;-0,02;-0,02
06.07.2026;03:00;03:15;0,0;0,0;-0,18;-0,18;-0,02;-0,02;-0,01;-0,01;-0,12;-0,12;0,0;0,0;-0,03;-0,03;-0,02;-0,02;0,0;0,0;0,0;0,0;0,0;0,0;-0,01;-0,01;-0,01;-0,01;0,0;0,0;-0,03;-0,03;0,0;0,0;-0,01;-0,01;-0,01;-0,01;0,0;0,0;-0,06;-0,06;-0,01;-0,01;-0,01;-0,01;0,0;0,0;-0,02;-0,02;0,0;0,0;-0,03;-0,03;-0,01;-0,01;-0,03;-0,03
06.07.2026;03:15;03:30;0,0;0,0;-0,33;-0,33;-0,02;-0,02;0,0;0,0;-0,08;-0,08;-0,01;-0,01;-0,04;-0,04;-0,02;-0,02;0,0;0,0;0,0;0,0;0,0;0,0;0,0;0,0;-0,01;-0,01;0,0;0,0;-0,02;-0,02;0,0;0,0;-0,01;-0,01;-0,02;-0,02;0,0;0,0;-0,03;-0,03;0,0;0,0;-0,02;-0,02;-0,01;-0,01;-0,02;-0,02;0,0;0,0;-0,02;-0,02;-0,01;-0,01;-0,02;-0,02
06.07.2026;03:30;03:45;0,0;0,0;-0,18;-0,18;-0,02;-0,02;0,0;0,0;-0,04;-0,04;0,0;0,0;-0,02;-0,02;-0,02;-0,02;0,0;0,0;0,0;0,0;0,0;0,0;0,0;0,0;-0,02;-0,02;0,0;0,0;-0,03;-0,03;0,0;0,0;-0,02;-0,02;-0,02;-0,02;0,0;0,0;0,0;0,0;-0,01;-0,01;-0,01;-0,01;-0,01;-0,01;-0,01;-0,01;-0,01;-0,01;-0,02;-0,02;0,0;0,0;-0,03;-0,03
06.07.2026;03:45;04:00;0,0;0,0;-0,18;-0,18;-0,02;-0,02;0,0;0,0;-0,04;-0,04;0,0;0,0;-0,03;-0,03;0,0;0,0;0,0;0,0;0,0;0,0;0,0;0,0;0,0;0,0;0,0;0,0;0,0;0,0;-0,03;-0,03;0,0;0,0;0,0;0,0;-0,02;-0,02;0,0;0,0;0,0;0,0;-0,01;-0,01;-0,01;-0,01;-0,01;-0,01;-0,02;-0,02;0,0;0,0;-0,01;-0,01;0,0;0,0;-0,01;-0,01
06.07.2026;04:00;04:15;0,0;0,0;-0,21;-0,21;-0,03;-0,03;0,0;0,0;-0,02;-0,02;0,0;0,0;-0,04;-0,04;-0,01;-0,01;0,0;0,0;0,0;0,0;0,0;0,0;0,0;0,0;-0,01;-0,01;0,0;0,0;-0,03;-0,03;0,0;0,0;-0,01;-0,01;-0,03;-0,03;0,0;0,0;-0,01;-0,01;-0,01;-0,01;-0,02;-0,02;-0,01;-0,01;-0,01;-0,01;0,0;0,0;-0,02;-0,02;-0,01;-0,01;-0,01;-0,01
06.07.2026;04:15;04:30;0,0;0,0;-0,19;-0,19;-0,01;-0,01;0,0;0,0;-0,02;-0,02;0,0;0,0;-0,01;-0,01;-0,02;-0,02;-0,01;-0,01;0,0;0,0;0,0;0,0;0,0;0,0;0,0;0,0;0,0;0,0;-0,04;-0,04;0,0;0,0;0,0;0,0;-0,02;-0,02;0,0;0,0;-0,01;-0,01;-0,01;-0,01;-0,02;-0,02;-0,01;-0,01;-0,02;-0,02;0,0;0,0;-0,01;-0,01;0,0;0,0;-0,02;-0,02
06.07.2026;04:30;04:45;0,0;0,0;-0,19;-0,19;-0,03;-0,03;0,0;0,0;-0,02;-0,02;0,0;0,0;-0,02;-0,02;-0,02;-0,02;0,0;0,0;0,0;0,0;-0,01;-0,01;0,0;0,0;-0,02;-0,02;0,0;0,0;-0,06;-0,06;-0,01;-0,01;-0,01;-0,01;-0,01;-0,01;0,0;0,0;-0,01;-0,01;-0,01;-0,01;-0,01;-0,01;0,0;0,0;-0,02;-0,02;0,0;0,0;-0,01;-0,01;-0,01;-0,01;-0,03;-0,03
06.07.2026;04:45;05:00;0,0;0,0;-0,17;-0,17;-0,01;-0,01;0,0;0,0;-0,01;-0,01;0,0;0,0;0,0;0,0;-0,02;-0,02;0,0;0,0;0,0;0,0;0,0;0,0;0,0;0,0;-0,01;-0,01;0,0;0,0;-0,01;-0,01;0,0;0,0;-0,01;-0,01;-0,01;-0,01;0,0;0,0;0,0;0,0;-0,01;-0,01;-0,02;-0,02;-0,01;-0,01;-0,01;-0,01;0,0;0,0;0,0;0,0;0,0;0,0;-0,02;-0,02
06.07.2026;05:00;05:15;0,0;0,0;-0,26;-0,26;-0,03;-0,03;0,0;0,0;-0,01;-0,01;0,0;0,0;-0,01;-0,01;-0,02;-0,02;0,0;0,0;0,0;0,0;0,0;0,0;0,0;0,0;-0,01;-0,01;0,0;0,0;-0,02;-0,02;0,0;0,0;-0,02;-0,02;-0,01;-0,01;-0,01;-0,01;-0,02;-0,02;-0,01;-0,01;-0,01;-0,01;-0,01;-0,01;-0,02;-0,02;0,0;0,0;-0,02;-0,02;-0,01;-0,01;-0,02;-0,02
06.07.2026;05:15;05:30;0,01;0,01;-0,21;-0,21;-0,02;-0,02;0,0;0,0;-0,01;-0,01;-0,01;-0,01;-0,01;-0,01;-0,02;-0,02;0,0;0,0;-0,01;-0,01;0,0;0,0;0,0;0,0;0,0;0,0;0,0;0,0;-0,01;-0,01;0,0;0,0;0,0;0,0;-0,02;-0,02;0,0;0,0;-0,01;-0,01;0,0;0,0;-0,01;-0,01;-0,01;-0,01;-0,01;-0,01;0,0;0,0;0,0;0,0;0,0;0,0;-0,03;-0,03
06.07.2026;05:30;05:45;0,02;0,02;-0,18;-0,18;-0,02;-0,02;0,0;0,0;-0,02;-0,02;0,0;0,0;-0,01;-0,01;-0,02;-0,02;0,0;0,0;0,0;0,0;0,0;0,0;0,0;0,0;-0,01;-0,01;0,0;0,0;-0,01;-0,01;0,0;0,0;-0,01;-0,01;-0,02;-0,02;0,0;0,0;-0,01;-0,01;-0,01;-0,01;-0,02;-0,02;-0,01;-0,01;-0,02;-0,02;-0,01;-0,01;-0,02;-0,02;-0,01;-0,01;-0,01;-0,01
06.07.2026;05:45;06:00;0,03;0,03;-0,18;-0,18;-0,02;-0,02;0,0;0,0;-0,01;-0,01;0,0;0,0;-0,02;-0,02;-0,01;-0,01;0,0;0,0;0,0;0,0;0,0;0,0;0,0;0,0;-0,01;-0,01;-0,01;-0,01;-0,01;-0,01;0,0;0,0;0,0;0,0;-0,02;-0,02;0,0;0,0;-0,01;-0,01;-0,01;-0,01;-0,01;-0,01;-0,01;-0,01;-0,01;-0,01;0,0;0,0;-0,01;-0,01;0,0;0,0;-0,01;-0,01
06.07.2026;06:00;06:15;0,08;0,08;-0,18;-0,18;-0,02;-0,02;0,0;0,0;-0,02;-0,02;0,0;0,0;0,0;0,0;-0,02;-0,02;0,0;0,0;0,0;0,0;0,0;0,0;0,0;0,0;-0,02;-0,02;0,0;0,0;-0,02;-0,02;0,0;0,0;-0,01;-0,01;-0,02;-0,02;0,0;0,0;0,0;0,0;-0,01;-0,01;-0,01;-0,01;-0,01;-0,01;-0,02;-0,02;0,0;0,0;-0,01;-0,01;-0,01;-0,01;-0,02;-0,02
06.07.2026;06:15;06:30;0,09;0,09;-0,18;-0,18;-0,03;-0,03;-0,01;-0,01;0,0;0,0;0,0;0,0;-0,01;-0,01;-0,02;-0,02;0,0;0,0;0,0;0,0;0,0;0,0;0,0;0,0;0,0;0,0;0,0;0,0;-0,01;-0,01;0,0;0,0;-0,01;-0,01;-0,03;-0,03;0,0;0,0;-0,01;-0,01;-0,01;-0,01;-0,02;-0,02;0,0;0,0;-0,01;-0,01;0,0;0,0;0,0;0,0;0,0;0,0;-0,02;-0,02
06.07.2026;06:30;06:45;0,07;0,07;-0,17;-0,17;-0,08;-0,08;0,0;0,0;-0,01;-0,01;0,0;0,0;-0,01;-0,01;-0,02;-0,02;0,0;0,0;0,0;0,0;0,0;0,0;0,0;0,0;-0,01;-0,01;0,0;0,0;-0,01;-0,01;0,0;0,0;-0,02;-0,02;-0,01;-0,01;0,0;0,0;-0,01;-0,01;-0,01;-0,01;-0,01;-0,01;-0,01;-0,01;-0,02;-0,02;0,0;0,0;-0,02;-0,02;-0,01;-0,01;-0,03;-0,03
06.07.2026;06:45;07:00;0,2;0,15;-0,18;-0,13;-0,03;-0,03;0,0;0,0;-0,02;-0,02;0,0;0,0;-0,01;-0,01;-0,02;-0,02;-0,01;-0,01;0,0;0,0;0,0;0,0;0,0;0,0;0,0;0,0;0,0;0,0;-0,02;-0,02;0,0;0,0;0,0;0,0;-0,02;-0,02;0,0;0,0;0,0;0,0;-0,01;-0,01;-0,01;-0,01;-0,01;-0,01;-0,02;-0,02;0,0;0,0;0,0;0,0;0,0;0,0;-0,03;-0,03
06.07.2026;07:00;07:15;0,2;0,15;-0,2;-0,15;-0,15;-0,15;0,0;0,0;-0,01;-0,01;0,0;0,0;-0,01;-0,01;-0,02;-0,02;0,0;0,0;0,0;0,0;-0,01;-0,01;0,0;0,0;-0,02;-0,02;0,0;0,0;-0,01;-0,01;-0,01;-0,01;0,0;0,0;-0,11;-0,11;0,0;0,0;-0,01;-0,01;-0,01;-0,01;-0,02;-0,02;-0,01;-0,01;-0,01;-0,01;0,0;0,0;-0,02;-0,02;0,0;0,0;-0,02;-0,02
06.07.2026;07:15;07:30;0,21;0,16;-0,18;-0,13;-0,07;-0,07;0,0;0,0;-0,01;-0,01;-0,01;-0,01;-0,01;-0,01;-0,01;-0,01;0,0;0,0;0,0;0,0;0,0;0,0;0,0;0,0;-0,01;-0,01;0,0;0,0;-0,01;-0,01;0,0;0,0;-0,01;-0,01;-0,09;-0,09;0,0;0,0;-0,01;-0,01;0,0;0,0;-0,01;-0,01;-0,01;-0,01;-0,02;-0,02;0,0;0,0;0,0;0,0;-0,01;-0,01;-0,02;-0,02
06.07.2026;07:30;07:45;0,28;0,2;-0,19;-0,11;-0,04;-0,04;0,0;0,0;-0,01;-0,01;0,0;0,0;0,0;0,0;-0,01;-0,01;0,0;0,0;0,0;0,0;0,0;0,0;0,0;0,0;-0,01;-0,01;0,0;0,0;-0,01;-0,01;0,0;0,0;-0,01;-0,01;-0,08;-0,08;0,0;0,0;-0,01;-0,01;-0,01;-0,01;-0,01;-0,01;-0,01;-0,01;-0,09;-0,09;-0,01;-0,01;-0,02;-0,02;-0,01;-0,01;-0,01;-0,01
06.07.2026;07:45;08:00;0,4;0,19;-0,25;-0,17;-0,02;-0,01;0,0;0,0;-0,01;0,0;0,0;0,0;-0,01;0,0;-0,01;0,0;0,0;0,0;0,0;0,0;0,0;0,0;0,0;0,0;0,0;0,0;0,0;0,0;-0,01;0,0;0,0;0,0;-0,01;0,0;-0,04;-0,03;0,0;0,0;-0,01;0,0;-0,01;0,0;-0,02;-0,01;0,0;0,0;-0,03;-0,02;0,0;0,0;-0,01;0,0;0,0;0,0;-0,01;0,0
06.07.2026;08:00;08:15;0,22;0,17;-0,25;-0,2;-0,05;-0,05;0,0;0,0;-0,01;-0,01;0,0;0,0;-0,01;-0,01;-0,01;-0,01;0,0;0,0;0,0;0,0;0,0;0,0;-0,01;-0,01;-0,01;-0,01;0,0;0,0;-0,02;-0,02;0,0;0,0;-0,02;-0,02;-0,03;-0,03;0,0;0,0;-0,01;-0,01;-0,01;-0,01;-0,01;-0,01;-0,01;-0,01;-0,11;-0,11;0,0;0,0;-0,03;-0,03;0,0;0,0;-0,02;-0,02
06.07.2026;08:15;08:30;0,0;0,0;-0,19;-0,19;-0,06;-0,06;0,0;0,0;-0,02;-0,02;0,0;0,0;-0,01;-0,01;-0,03;-0,03;0,0;0,0;0,0;0,0;0,0;0,0;0,0;0,0;-0,01;-0,01;0,0;0,0;-0,01;-0,01;0,0;0,0;0,0;0,0;-0,03;-0,03;0,0;0,0;0,0;0,0;-0,01;-0,01;-0,01;-0,01;-0,01;-0,01;-0,23;-0,23;0,0;0,0;-0,01;-0,01;-0,01;-0,01;-0,03;-0,03
06.07.2026;08:30;08:45;0,0;0,0;-0,19;-0,19;-0,03;-0,03;0,0;0,0;-0,01;-0,01;0,0;0,0;-0,01;-0,01;-0,08;-0,08;0,0;0,0;0,0;0,0;0,0;0,0;0,0;0,0;-0,02;-0,02;0,0;0,0;-0,01;-0,01;0,0;0,0;0,0;0,0;-0,03;-0,03;0,0;0,0;-0,01;-0,01;-0,01;-0,01;-0,02;-0,02;-0,01;-0,01;-0,28;-0,28;0,0;0,0;-0,01;-0,01;0,0;0,0;-0,39;-0,39
06.07.2026;08:45;09:00;0,26;0,19;-0,19;-0,12;-0,04;-0,04;0,0;0,0;-0,01;-0,01;0,0;0,0;-0,01;-0,01;-0,02;-0,02;0,0;0,0;0,0;0,0;0,0;0,0;0,0;0,0;0,0;0,0;0,0;0,0;-0,01;-0,01;0,0;0,0;0,0;0,0;-0,03;-0,03;0,0;0,0;-0,01;-0,01;-0,01;-0,01;-0,01;-0,01;0,0;0,0;-0,05;-0,05;0,0;0,0;-0,01;-0,01;-0,01;-0,01;-0,08;-0,08
06.07.2026;09:00;09:15;0,92;0,39;-0,19;0,0;-0,05;0,0;0,0;0,0;0,0;0,0;0,0;0,0;-0,01;0,0;-0,02;0,0;0,0;0,0;0,0;0,0;0,0;0,0;0,0;0,0;-0,01;0,0;-0,01;0,0;-0,02;0,0;0,0;0,0;-0,02;0,0;-0,02;0,0;0,0;0,0;0,0;0,0;-0,01;0,0;-0,01;0,0;-0,02;0,0;-0,04;0,0;0,0;0,0;-0,01;0,0;-0,01;0,0;-0,21;-0,13
06.07.2026;09:15;09:30;0,88;0,37;-0,18;0,0;-0,05;0,0;0,0;0,0;-0,02;0,0;-0,01;0,0;-0,01;0,0;-0,02;0,0;-0,01;0,0;0,0;0,0;0,0;0,0;0,0;0,0;0,0;0,0;0,0;0,0;-0,01;0,0;0,0;0,0;-0,01;0,0;-0,02;0,0;0,0;0,0;-0,01;0,0;0,0;0,0;-0,03;0,0;-0,01;0,0;-0,04;0,0;0,0;0,0;-0,01;0,0;0,0;0,0;-0,07;0,0
06.07.2026;09:30;09:45;0,67;0,23;-0,18;-0,03;-0,14;-0,1;-0,01;0,0;-0,01;0,0;0,0;0,0;-0,01;0,0;-0,02;0,0;0,0;0,0;0,0;0,0;-0,01;0,0;0,0;0,0;-0,02;0,0;0,0;0,0;-0,01;0,0;-0,01;0,0;-0,01;0,0;-0,02;0,0;0,0;0,0;-0,01;0,0;-0,02;0,0;0,0;0,0;-0,01;0,0;-0,02;0,0;-0,01;0,0;-0,01;0,0;0,0;0,0;-0,08;-0,04
06.07.2026;09:45;10:00;0,64;0,2;-0,18;-0,06;-0,05;-0,01;0,0;0,0;-0,02;0,0;0,0;0,0;-0,01;0,0;-0,01;0,0;0,0;0,0;0,0;0,0;0,0;0,0;0,0;0,0;-0,01;0,0;0,0;0,0;-0,01;0,0;0,0;0,0;-0,01;0,0;-0,04;0,0;0,0;0,0;-0,01;0,0;0,0;0,0;-0,18;-0,14;-0,04;0,0;-0,02;0,0;0,0;0,0;-0,01;0,0;-0,01;0,0;-0,05;-0,01
06.07.2026;10:00;10:15;0,46;0,2;-0,18;-0,07;-0,06;-0,05;0,0;0,0;0,0;0,0;0,0;0,0;-0,01;0,0;-0,02;-0,01;0,0;0,0;0,0;0,0;0,0;0,0;0,0;0,0;-0,01;0,0;0,0;0,0;-0,01;0,0;0,0;0,0;0,0;0,0;-0,04;-0,03;-0,01;0,0;-0,01;0,0;-0,01;0,0;-0,05;-0,04;-0,02;-0,01;-0,02;-0,01;0,0;0,0;-0,01;0,0;-0,01;0,0;-0,05;-0,04
06.07.2026;10:15;10:30;0,57;0,22;-0,19;-0,05;-0,04;-0,02;0,0;0,0;-0,01;0,0;0,0;0,0;-0,01;0,0;-0,02;0,0;0,0;0,0;-0,01;0,0;0,0;0,0;0,0;0,0;0,0;0,0;0,0;0,0;-0,02;0,0;0,0;0,0;0,0;0,0;-0,04;-0,02;0,0;0,0;-0,01;0,0;-0,01;0,0;-0,2;-0,18;-0,01;0,0;-0,02;0,0;0,0;0,0;-0,01;0,0;0,0;0,0;-0,04;-0,02
06.07.2026;10:30;10:45;0,57;0,21;-0,25;-0,11;-0,05;-0,03;0,0;0,0;-0,02;0,0;0,0;0,0;-0,01;0,0;-0,02;0,0;0,0;0,0;0,0;0,0;0,0;0,0;0,0;0,0;-0,01;0,0;0,0;0,0;0,0;0,0;0,0;0,0;-0,03;-0,01;-0,03;-0,01;0,0;0,0;0,0;0,0;-0,01;0,0;-0,17;-0,15;-0,02;0,0;-0,03;-0,01;0,0;0,0;-0,01;0,0;0,0;0,0;-0,06;-0,04
06.07.2026;10:45;11:00;1,5;0,87;-0,2;0,0;-0,05;0,0;0,0;0,0;-0,01;0,0;0,0;0,0;-0,02;0,0;-0,02;0,0;0,0;0,0;0,0;0,0;0,0;0,0;0,0;0,0;-0,01;0,0;0,0;0,0;-0,02;0,0;0,0;0,0;-0,01;0,0;-0,03;0,0;0,0;0,0;-0,01;0,0;-0,01;0,0;-0,13;0,0;-0,01;0,0;-0,04;0,0;0,0;0,0;0,0;0,0;-0,01;0,0;-0,05;0,0
06.07.2026;11:00;11:15;1,65;0,82;-0,21;0,0;-0,05;0,0;0,0;0,0;-0,01;0,0;0,0;0,0;-0,02;0,0;-0,02;0,0;0,0;0,0;0,0;0,0;0,0;0,0;0,0;0,0;-0,02;0,0;0,0;0,0;-0,03;0,0;0,0;0,0;-0,02;0,0;-0,03;0,0;0,0;0,0;-0,01;0,0;-0,01;0,0;-0,21;-0,05;-0,01;0,0;-0,14;0,0;0,0;0,0;-0,02;0,0;-0,01;0,0;-0,06;0,0
06.07.2026;11:15;11:30;1,13;0,45;-0,21;0,0;-0,05;0,0;0,0;0,0;-0,01;0,0;-0,01;0,0;-0,02;0,0;-0,01;0,0;0,0;0,0;0,0;0,0;0,0;0,0;0,0;0,0;0,0;0,0;0,0;0,0;-0,11;-0,02;0,0;0,0;-0,17;-0,08;-0,03;0,0;0,0;0,0;-0,01;0,0;0,0;0,0;-0,01;0,0;-0,01;0,0;-0,15;-0,06;0,0;0,0;0,0;0,0;0,0;0,0;-0,04;0,0
06.07.2026;11:30;11:45;1,63;0,86;-0,2;0,0;-0,03;0,0;0,0;0,0;-0,01;0,0;0,0;0,0;-0,01;0,0;0,0;0,0;0,0;0,0;0,0;0,0;0,0;0,0;0,0;0,0;-0,01;0,0;0,0;0,0;-0,6;-0,43;0,0;0,0;-0,05;0,0;-0,03;0,0;0,0;0,0;-0,01;0,0;-0,02;0,0;-0,01;0,0;-0,01;0,0;-0,15;0,0;-0,01;0,0;-0,02;0,0;-0,01;0,0;-0,02;0,0
06.07.2026;11:45;12:00;0,86;0,26;-0,18;0,0;-0,05;0,0;0,0;0,0;-0,01;0,0;0,0;0,0;-0,02;0,0;-0,01;0,0;-0,01;0,0;0,0;0,0;0,0;0,0;0,0;0,0;0,0;0,0;0,0;0,0;-0,56;-0,49;0,0;0,0;-0,02;0,0;-0,04;0,0;0,0;0,0;-0,19;-0,12;0,0;0,0;-0,01;0,0;-0,01;0,0;-0,14;-0,07;0,0;0,0;0,0;0,0;0,0;0,0;-0,03;0,0
06.07.2026;12:00;12:15;0,13;0,11;-0,19;-0,17;-0,05;-0,05;0,0;0,0;-0,02;-0,02;0,0;0,0;-0,01;-0,01;-0,02;-0,02;0,0;0,0;0,0;0,0;-0,01;-0,01;0,0;0,0;-0,01;-0,01;0,0;0,0;-0,35;-0,35;-0,01;-0,01;-0,02;-0,02;-0,04;-0,04;0,0;0,0;-0,1;-0,1;-0,01;-0,01;-0,01;-0,01;0,0;0,0;-0,15;-0,15;0,0;0,0;-0,02;-0,02;-0,01;-0,01;-0,02;-0,02
06.07.2026;12:15;12:30;0,0;0,0;-0,29;-0,29;-0,04;-0,04;0,0;0,0;-0,01;-0,01;0,0;0,0;-0,14;-0,14;-0,02;-0,02;0,0;0,0;0,0;0,0;0,0;0,0;0,0;0,0;-0,02;-0,02;-0,01;-0,01;-0,19;-0,19;0,0;0,0;-0,03;-0,03;-0,05;-0,05;0,0;0,0;-0,07;-0,07;-0,01;-0,01;-0,01;-0,01;-0,02;-0,02;-0,04;-0,04;0,0;0,0;0,0;0,0;0,0;0,0;-0,02;-0,02
06.07.2026;12:30;12:45;0,0;0,0;-0,2;-0,2;-0,05;-0,05;0,0;0,0;0,0;0,0;0,0;0,0;-0,15;-0,15;-0,02;-0,02;0,0;0,0;0,0;0,0;0,0;0,0;0,0;0,0;-0,01;-0,01;0,0;0,0;-0,16;-0,16;0,0;0,0;-0,02;-0,02;-0,04;-0,04;0,0;0,0;-0,09;-0,09;-0,01;-0,01;-0,02;-0,02;-0,01;-0,01;-0,04;-0,04;0,0;0,0;-0,02;-0,02;-0,01;-0,01;-0,02;-0,02
06.07.2026;12:45;13:00;1,21;0,47;-0,21;0,0;-0,04;0,0;0,0;0,0;-0,02;0,0;0,0;0,0;-0,2;-0,1;-0,02;0,0;0,0;0,0;0,0;0,0;0,0;0,0;0,0;0,0;0,0;0,0;0,0;0,0;-0,15;-0,05;0,0;0,0;-0,02;0,0;-0,05;0,0;0,0;0,0;-0,16;-0,06;-0,01;0,0;-0,01;0,0;0,0;0,0;-0,04;0,0;0,0;0,0;0,0;0,0;0,0;0,0;-0,02;0,0
06.07.2026;13:00;13:15;1,41;0,59;-0,2;0,0;-0,05;0,0;-0,01;0,0;-0,01;0,0;0,0;0,0;-0,17;-0,04;-0,02;0,0;0,0;0,0;0,0;0,0;0,0;0,0;-0,01;0,0;-0,01;0,0;0,0;0,0;-0,33;-0,2;0,0;0,0;-0,02;0,0;-0,05;0,0;0,0;0,0;-0,08;0,0;-0,01;0,0;-0,01;0,0;-0,01;0,0;-0,02;0,0;0,0;0,0;-0,02;0,0;0,0;0,0;-0,03;0,0
06.07.2026;13:15;13:30;1,15;0,31;-0,2;0,0;-0,04;0,0;0,0;0,0;-0,02;0,0;-0,01;0,0;-0,11;-0,02;-0,02;0,0;0,0;0,0;0,0;0,0;0,0;0,0;0,0;0,0;-0,01;0,0;0,0;0,0;-0,28;-0,19;0,0;0,0;-0,05;0,0;-0,04;0,0;0,0;0,0;-0,1;-0,01;0,0;0,0;-0,08;0,0;-0,01;0,0;-0,04;0,0;0,0;0,0;0,0;0,0;-0,01;0,0;-0,04;0,0
06.07.2026;13:30;13:45;1,17;0,34;-0,17;0,0;-0,23;-0,14;0,0;0,0;0,0;0,0;0,0;0,0;-0,23;-0,14;-0,01;0,0;0,0;0,0;0,0;0,0;0,0;0,0;0,0;0,0;-0,02;0,0;0,0;0,0;-0,09;0,0;0,0;0,0;-0,09;0,0;-0,04;0,0;0,0;0,0;-0,14;-0,05;-0,01;0,0;-0,01;0,0;0,0;0,0;-0,03;0,0;-0,01;0,0;-0,02;0,0;-0,01;0,0;-0,05;0,0
06.07.2026;13:45;14:00;1,24;0,37;-0,18;0,0;-0,23;-0,14;0,0;0,0;-0,01;0,0;0,0;0,0;-0,27;-0,18;-0,02;0,0;0,0;0,0;0,0;0,0;0,0;0,0;0,0;0,0;-0,01;0,0;0,0;0,0;-0,09;0,0;0,0;0,0;-0,08;0,0;-0,04;0,0;0,0;0,0;-0,09;0,0;-0,01;0,0;-0,03;0,0;-0,02;0,0;-0,02;0,0;0,0;0,0;0,0;0,0;0,0;0,0;-0,36;-0,27
06.07.2026;14:00;14:15;1,47;0,49;-0,18;0,0;-0,19;-0,07;0,0;0,0;-0,01;0,0;0,0;0,0;-0,1;0,0;-0,02;0,0;0,0;0,0;0,0;0,0;0,0;0,0;0,0;0,0;0,0;0,0;0,0;0,0;-0,27;-0,15;0,0;0,0;-0,05;0,0;-0,03;0,0;0,0;0,0;-0,1;0,0;-0,01;0,0;-0,05;0,0;-0,01;0,0;-0,03;0,0;0,0;0,0;-0,02;0,0;-0,01;0,0;-0,24;-0,12
06.07.2026;14:15;14:30;1,28;0,47;-0,19;0,0;-0,1;0,0;0,0;0,0;-0,02;0,0;0,0;0,0;-0,1;0,0;-0,02;0,0;-0,01;0,0;0,0;0,0;0,0;0,0;0,0;0,0;0,0;0,0;0,0;0,0;-0,05;0,0;0,0;0,0;-0,02;0,0;-0,04;0,0;0,0;0,0;-0,11;-0,01;-0,01;0,0;-0,02;0,0;0,0;0,0;-0,03;0,0;0,0;0,0;0,0;0,0;0,0;0,0;-0,28;-0,18
06.07.2026;14:30;14:45;0,32;0,11;-0,21;-0,18;-0,05;-0,04;0,0;0,0;-0,01;0,0;0,0;0,0;-0,1;-0,09;-0,02;-0,01;0,0;0,0;0,0;0,0;-0,01;0,0;0,0;0,0;-0,02;-0,01;0,0;0,0;-0,08;-0,07;-0,01;0,0;-0,03;-0,02;-0,04;-0,03;0,0;0,0;-0,3;-0,29;-0,01;0,0;-0,02;-0,01;-0,01;0,0;-0,02;-0,01;0,0;0,0;-0,02;-0,01;-0,01;0,0;-0,01;0,0
06.07.2026;14:45;15:00;0,81;0,24;-0,2;-0,01;-0,06;-0,01;0,0;0,0;0,0;0,0;0,0;0,0;-0,09;-0,04;-0,02;0,0;0,0;0,0;0,0;0,0;0,0;0,0;0,0;0,0;-0,01;0,0;0,0;0,0;-0,25;-0,2;0,0;0,0;-0,03;0,0;-0,05;0,0;0,0;0,0;-0,21;-0,16;-0,01;0,0;-0,02;0,0;-0,01;0,0;-0,01;0,0;0,0;0,0;0,0;0,0;0,0;0,0;-0,02;0,0
06.07.2026;15:00;15:15;0,67;0,2;-0,18;-0,06;-0,03;0,0;0,0;0,0;-0,02;0,0;0,0;0,0;-0,09;-0,06;-0,01;0,0;0,0;0,0;0,0;0,0;0,0;0,0;0,0;0,0;-0,01;0,0;0,0;0,0;-0,6;-0,57;0,0;0,0;-0,03;0,0;-0,05;-0,02;-0,01;0,0;-0,53;-0,5;-0,01;0,0;-0,02;0,0;-0,01;0,0;-0,07;-0,04;0,0;0,0;-0,02;0,0;-0,01;0,0;-0,02;0,0
06.07.2026;15:15;15:30;0,49;0,18;-0,19;-0,1;-0,04;-0,02;0,0;0,0;-0,01;0,0;-0,01;0,0;-0,12;-0,1;-0,01;0,0;0,0;0,0;-0,01;0,0;0,0;0,0;0,0;0,0;0,0;0,0;0,0;0,0;-0,39;-0,37;0,0;0,0;-0,04;-0,02;-0,04;-0,02;0,0;0,0;-0,12;-0,1;0,0;0,0;-0,02;0,0;0,0;0,0;-0,09;-0,07;0,0;0,0;0,0;0,0;0,0;0,0;-0,02;0,0
06.07.2026;15:30;15:45;0,82;0,2;-0,2;-0,03;-0,05;0,0;0,0;0,0;-0,02;0,0;0,0;0,0;-0,13;-0,08;0,0;0,0;0,0;0,0;0,0;0,0;0,0;0,0;0,0;0,0;-0,01;0,0;0,0;0,0;-0,3;-0,25;0,0;0,0;-0,36;-0,31;-0,03;0,0;0,0;0,0;-0,32;-0,27;-0,01;0,0;-0,01;0,0;-0,02;0,0;-0,09;-0,04;-0,01;0,0;-0,01;0,0;0,0;0,0;-0,03;0,0
06.07.2026;15:45;16:00;0,25;0,18;-0,27;-0,2;-0,09;-0,09;0,0;0,0;0,0;0,0;0,0;0,0;-0,06;-0,06;-0,02;-0,02;0,0;0,0;0,0;0,0;0,0;0,0;0,0;0,0;-0,01;-0,01;-0,01;-0,01;-0,26;-0,26;0,0;0,0;-0,22;-0,22;-0,03;-0,03;0,0;0,0;-0,19;-0,19;-0,01;-0,01;-0,01;-0,01;0,0;0,0;-0,08;-0,08;0,0;0,0;-0,01;-0,01;-0,01;-0,01;-0,02;-0,02
06.07.2026;16:00;16:15;0,0;0,0;-0,2;-0,2;-0,05;-0,05;0,0;0,0;-0,01;-0,01;0,0;0,0;-0,09;-0,09;-0,02;-0,02;0,0;0,0;0,0;0,0;0,0;0,0;0,0;0,0;-0,02;-0,02;0,0;0,0;-0,14;-0,14;0,0;0,0;-0,08;-0,08;-0,02;-0,02;0,0;0,0;-0,08;-0,08;-0,01;-0,01;-0,01;-0,01;-0,01;-0,01;-0,02;-0,02;0,0;0,0;-0,01;-0,01;-0,01;-0,01;-0,13;-0,13
06.07.2026;16:15;16:30;0,0;0,0;-0,18;-0,18;-0,02;-0,02;-0,01;-0,01;-0,01;-0,01;0,0;0,0;-0,23;-0,23;-0,02;-0,02;0,0;0,0;0,0;0,0;0,0;0,0;0,0;0,0;-0,01;-0,01;0,0;0,0;-0,29;-0,29;0,0;0,0;-0,09;-0,09;-0,02;-0,02;0,0;0,0;-0,29;-0,29;-0,01;-0,01;-0,01;-0,01;-0,01;-0,01;-0,01;-0,01;0,0;0,0;-0,01;-0,01;0,0;0,0;-0,41;-0,41
06.07.2026;16:30;16:45;0,3;0,11;-0,2;-0,15;-0,03;-0,02;0,0;0,0;-0,02;-0,01;0,0;0,0;-0,29;-0,28;-0,02;-0,01;0,0;0,0;0,0;0,0;0,0;0,0;0,0;0,0;0,0;0,0;0,0;0,0;-0,2;-0,19;0,0;0,0;-0,08;-0,07;-0,02;-0,01;0,0;0,0;-0,45;-0,44;-0,01;0,0;-0,02;-0,01;-0,01;0,0;-0,02;-0,01;0,0;0,0;-0,01;0,0;0,0;0,0;-0,42;-0,41
06.07.2026;16:45;17:00;0,67;0,2;-0,22;-0,08;-0,05;-0,02;0,0;0,0;-0,01;0,0;0,0;0,0;-0,03;0,0;-0,02;0,0;-0,01;0,0;0,0;0,0;0,0;0,0;0,0;0,0;0,0;0,0;0,0;0,0;-0,2;-0,17;0,0;0,0;-0,09;-0,06;-0,02;0,0;0,0;0,0;-0,3;-0,27;-0,01;0,0;-0,03;0,0;0,0;0,0;-0,01;0,0;0,0;0,0;-0,03;0,0;-0,01;0,0;-0,07;-0,04
06.07.2026;17:00;17:15;0,5;0,13;-0,18;-0,09;-0,06;-0,04;0,0;0,0;-0,01;0,0;0,0;0,0;-0,01;0,0;-0,02;0,0;0,0;0,0;0,0;0,0;-0,01;0,0;0,0;0,0;-0,02;0,0;0,0;0,0;-0,08;-0,06;-0,01;0,0;-0,08;-0,06;-0,03;-0,01;0,0;0,0;-0,13;-0,11;-0,01;0,0;-0,02;0,0;-0,01;0,0;-0,02;0,0;0,0;0,0;-0,03;-0,01;0,0;0,0;-0,06;-0,04
06.07.2026;17:15;17:30;0,35;0,12;-0,22;-0,15;-0,05;-0,04;0,0;0,0;-0,01;0,0;-0,01;0,0;-0,02;-0,01;-0,02;-0,01;0,0;0,0;0,0;0,0;0,0;0,0;0,0;0,0;-0,02;-0,01;0,0;0,0;-0,08;-0,07;0,0;0,0;-0,07;-0,06;-0,04;-0,03;0,0;0,0;-0,44;-0,43;0,0;0,0;-0,03;-0,02;-0,02;-0,01;-0,02;-0,01;0,0;0,0;-0,02;-0,01;-0,01;0,0;-0,05;-0,04
06.07.2026;17:30;17:45;0,3;0,11;-0,18;-0,14;-0,06;-0,05;0,0;0,0;-0,01;0,0;0,0;0,0;-0,61;-0,6;-0,01;0,0;0,0;0,0;0,0;0,0;0,0;0,0;0,0;0,0;-0,02;-0,01;0,0;0,0;-0,08;-0,07;0,0;0,0;-0,07;-0,06;-0,03;-0,02;0,0;0,0;-0,2;-0,19;-0,01;0,0;-0,02;-0,01;0,0;0,0;-0,02;-0,01;-0,01;0,0;-0,03;-0,02;0,0;0,0;-0,05;-0,04
06.07.2026;17:45;18:00;0,22;0,17;-0,26;-0,21;-0,06;-0,06;0,0;0,0;-0,02;-0,02;0,0;0,0;-0,61;-0,61;-0,02;-0,02;0,0;0,0;0,0;0,0;0,0;0,0;0,0;0,0;-0,08;-0,08;0,0;0,0;-0,08;-0,08;0,0;0,0;-0,07;-0,07;-0,03;-0,03;0,0;0,0;-0,09;-0,09;-0,01;-0,01;-0,01;-0,01;-0,01;-0,01;-0,02;-0,02;0,0;0,0;-0,03;-0,03;-0,01;-0,01;-0,04;-0,04
06.07.2026;18:00;18:15;0,26;0,19;-0,25;-0,18;-0,06;-0,06;0,0;0,0;-0,01;-0,01;0,0;0,0;-0,62;-0,62;-0,02;-0,02;0,0;0,0;0,0;0,0;0,0;0,0;-0,01;-0,01;-0,23;-0,23;0,0;0,0;-0,08;-0,08;0,0;0,0;-0,09;-0,09;-0,13;-0,13;0,0;0,0;-0,11;-0,11;-0,01;-0,01;-0,01;-0,01;-0,01;-0,01;-0,09;-0,09;0,0;0,0;-0,01;-0,01;0,0;0,0;-0,05;-0,05
06.07.2026;18:15;18:30;0,07;0,07;-0,24;-0,24;-0,05;-0,05;0,0;0,0;0,0;0,0;0,0;0,0;-0,13;-0,13;-0,05;-0,05;0,0;0,0;0,0;0,0;0,0;0,0;0,0;0,0;-0,04;-0,04;0,0;0,0;-0,07;-0,07;0,0;0,0;-0,07;-0,07;-0,19;-0,19;0,0;0,0;-0,11;-0,11;-0,01;-0,01;-0,01;-0,01;0,0;0,0;-0,09;-0,09;0,0;0,0;-0,01;-0,01;0,0;0,0;-0,05;-0,05
06.07.2026;18:30;18:45;0,07;0,07;-0,21;-0,21;-0,03;-0,03;0,0;0,0;-0,01;-0,01;0,0;0,0;-0,16;-0,16;-0,05;-0,05;0,0;0,0;0,0;0,0;0,0;0,0;0,0;0,0;-0,39;-0,39;0,0;0,0;-0,08;-0,08;0,0;0,0;-0,04;-0,04;-0,09;-0,09;0,0;0,0;-0,08;-0,08;-0,01;-0,01;-0,01;-0,01;-0,01;-0,01;-0,1;-0,1;0,0;0,0;-0,01;-0,01;-0,01;-0,01;-0,04;-0,04
06.07.2026;18:45;19:00;0,03;0,03;-0,18;-0,18;-0,06;-0,06;0,0;0,0;-0,02;-0,02;0,0;0,0;-0,1;-0,1;-0,06;-0,06;0,0;0,0;0,0;0,0;0,0;0,0;0,0;0,0;-0,22;-0,22;0,0;0,0;-0,07;-0,07;0,0;0,0;-0,03;-0,03;-0,06;-0,06;0,0;0,0;-0,08;-0,08;-0,01;-0,01;-0,16;-0,16;-0,01;-0,01;-0,09;-0,09;0,0;0,0;-0,02;-0,02;-0,01;-0,01;-0,05;-0,05
06.07.2026;19:00;19:15;0,02;0,02;-0,2;-0,2;-0,05;-0,05;0,0;0,0;-0,01;-0,01;0,0;0,0;-0,09;-0,09;-0,04;-0,04;0,0;0,0;0,0;0,0;0,0;0,0;0,0;0,0;-0,38;-0,38;-0,01;-0,01;-0,08;-0,08;0,0;0,0;-0,03;-0,03;-0,04;-0,04;0,0;0,0;-0,09;-0,09;-0,01;-0,01;-0,48;-0,48;-0,01;-0,01;-0,1;-0,1;0,0;0,0;0,0;0,0;0,0;0,0;-0,04;-0,04
06.07.2026;19:15;19:30;0,03;0,03;-0,2;-0,2;-0,05;-0,05;0,0;0,0;-0,01;-0,01;-0,01;-0,01;-0,09;-0,09;-0,35;-0,35;-0,01;-0,01;0,0;0,0;0,0;0,0;0,0;0,0;-0,13;-0,13;0,0;0,0;-0,08;-0,08;0,0;0,0;-0,03;-0,03;-0,04;-0,04;0,0;0,0;-0,1;-0,1;0,0;0,0;-0,34;-0,34;-0,01;-0,01;-0,09;-0,09;0,0;0,0;-0,02;-0,02;0,0;0,0;-0,04;-0,04
06.07.2026;19:30;19:45;0,01;0,01;-0,2;-0,2;-0,06;-0,06;-0,01;-0,01;-0,01;-0,01;0,0;0,0;-0,1;-0,1;-0,7;-0,7;0,0;0,0;0,0;0,0;-0,01;-0,01;0,0;0,0;-0,14;-0,14;0,0;0,0;-0,06;-0,06;-0,01;-0,01;-0,03;-0,03;-0,04;-0,04;0,0;0,0;-0,1;-0,1;-0,02;-0,02;-0,5;-0,5;-0,01;-0,01;-0,09;-0,09;-0,01;-0,01;-0,01;-0,01;-0,01;-0,01;-0,04;-0,04
06.07.2026;19:45;20:00;0,0;0,0;-0,29;-0,29;-0,03;-0,03;0,0;0,0;-0,01;-0,01;0,0;0,0;-0,07;-0,07;-0,3;-0,3;0,0;0,0;0,0;0,0;0,0;0,0;0,0;0,0;-0,13;-0,13;0,0;0,0;-0,07;-0,07;0,0;0,0;-0,05;-0,05;-0,05;-0,05;-0,01;-0,01;-0,09;-0,09;0,0;0,0;-0,44;-0,44;-0,01;-0,01;-0,07;-0,07;0,0;0,0;-0,04;-0,04;0,0;0,0;-0,03;-0,03
06.07.2026;20:00;20:15;0,0;0,0;-0,44;-0,44;-0,05;-0,05;0,0;0,0;-0,02;-0,02;0,0;0,0;-0,08;-0,08;-0,3;-0,3;0,0;0,0;0,0;0,0;0,0;0,0;0,0;0,0;-0,12;-0,12;0,0;0,0;-0,07;-0,07;0,0;0,0;-0,07;-0,07;-0,07;-0,07;0,0;0,0;-0,06;-0,06;-0,01;-0,01;-0,39;-0,39;0,0;0,0;-0,08;-0,08;0,0;0,0;-0,02;-0,02;-0,01;-0,01;-0,03;-0,03
06.07.2026;20:15;20:30;0,0;0,0;-0,25;-0,25;-0,06;-0,06;0,0;0,0;-0,01;-0,01;0,0;0,0;-0,07;-0,07;-0,08;-0,08;0,0;0,0;-0,01;-0,01;0,0;0,0;0,0;0,0;-0,11;-0,11;0,0;0,0;-0,07;-0,07;0,0;0,0;-0,05;-0,05;-0,06;-0,06;0,0;0,0;-0,04;-0,04;-0,01;-0,01;-0,21;-0,21;-0,01;-0,01;-0,06;-0,06;0,0;0,0;-0,03;-0,03;0,0;0,0;-0,02;-0,02
06.07.2026;20:30;20:45;0,0;0,0;-0,2;-0,2;-0,05;-0,05;0,0;0,0;-0,01;-0,01;0,0;0,0;-0,07;-0,07;-0,09;-0,09;0,0;0,0;0,0;0,0;0,0;0,0;0,0;0,0;-0,03;-0,03;0,0;0,0;-0,31;-0,31;0,0;0,0;-0,06;-0,06;-0,05;-0,05;0,0;0,0;-0,06;-0,06;-0,01;-0,01;-0,05;-0,05;-0,01;-0,01;-0,05;-0,05;0,0;0,0;-0,02;-0,02;-0,01;-0,01;-0,02;-0,02
06.07.2026;20:45;21:00;0,0;0,0;-0,2;-0,2;-0,05;-0,05;0,0;0,0;0,0;0,0;0,0;0,0;-0,05;-0,05;-0,08;-0,08;0,0;0,0;0,0;0,0;0,0;0,0;0,0;0,0;-0,02;-0,02;0,0;0,0;-0,21;-0,21;0,0;0,0;-0,05;-0,05;-0,06;-0,06;0,0;0,0;-0,05;-0,05;-0,01;-0,01;-0,07;-0,07;-0,01;-0,01;-0,02;-0,02;0,0;0,0;-0,02;-0,02;0,0;0,0;-0,02;-0,02
06.07.2026;21:00;21:15;0,0;0,0;-0,21;-0,21;-0,04;-0,04;0,0;0,0;-0,02;-0,02;0,0;0,0;-0,05;-0,05;-0,09;-0,09;0,0;0,0;0,0;0,0;0,0;0,0;0,0;0,0;-0,02;-0,02;0,0;0,0;-0,08;-0,08;0,0;0,0;-0,05;-0,05;-0,07;-0,07;0,0;0,0;-0,06;-0,06;-0,01;-0,01;-0,07;-0,07;-0,01;-0,01;-0,01;-0,01;0,0;0,0;-0,04;-0,04;-0,01;-0,01;-0,02;-0,02
06.07.2026;21:15;21:30;0,0;0,0;-0,25;-0,25;-0,05;-0,05;0,0;0,0;-0,01;-0,01;-0,01;-0,01;-0,03;-0,03;-0,35;-0,35;0,0;0,0;0,0;0,0;0,0;0,0;0,0;0,0;-0,01;-0,01;0,0;0,0;-0,27;-0,27;0,0;0,0;-0,03;-0,03;-0,06;-0,06;0,0;0,0;-0,06;-0,06;0,0;0,0;-0,06;-0,06;-0,01;-0,01;-0,01;-0,01;0,0;0,0;-0,02;-0,02;0,0;0,0;-0,02;-0,02
06.07.2026;21:30;21:45;0,0;0,0;-0,23;-0,23;-0,05;-0,05;0,0;0,0;-0,02;-0,02;0,0;0,0;-0,07;-0,07;-0,15;-0,15;0,0;0,0;0,0;0,0;0,0;0,0;0,0;0,0;0,0;0,0;0,0;0,0;-0,08;-0,08;0,0;0,0;-0,03;-0,03;-0,05;-0,05;0,0;0,0;-0,05;-0,05;-0,01;-0,01;-0,05;-0,05;0,0;0,0;-0,01;-0,01;-0,01;-0,01;-0,03;-0,03;-0,01;-0,01;-0,02;-0,02
06.07.2026;21:45;22:00;0,0;0,0;-0,19;-0,19;-0,05;-0,05;0,0;0,0;0,0;0,0;0,0;0,0;-0,1;-0,1;-0,07;-0,07;-0,01;-0,01;0,0;0,0;0,0;0,0;0,0;0,0;-0,01;-0,01;0,0;0,0;-0,09;-0,09;0,0;0,0;-0,2;-0,2;-0,05;-0,05;0,0;0,0;-0,08;-0,08;-0,01;-0,01;-0,04;-0,04;-0,01;-0,01;-0,02;-0,02;0,0;0,0;-0,02;-0,02;0,0;0,0;-0,01;-0,01
06.07.2026;22:00;22:15;0,0;0,0;-0,19;-0,19;-0,04;-0,04;0,0;0,0;-0,01;-0,01;0,0;0,0;-0,09;-0,09;-0,03;-0,03;0,0;0,0;0,0;0,0;-0,01;-0,01;0,0;0,0;-0,02;-0,02;0,0;0,0;-0,1;-0,1;-0,01;-0,01;-0,12;-0,12;-0,03;-0,03;0,0;0,0;-0,18;-0,18;-0,01;-0,01;-0,04;-0,04;-0,01;-0,01;-0,02;-0,02;0,0;0,0;-0,03;-0,03;-0,01;-0,01;-0,01;-0,01
06.07.2026;22:15;22:30;0,0;0,0;-0,19;-0,19;-0,04;-0,04;0,0;0,0;-0,02;-0,02;0,0;0,0;-0,08;-0,08;-0,03;-0,03;0,0;0,0;0,0;0,0;0,0;0,0;0,0;0,0;-0,01;-0,01;-0,01;-0,01;-0,08;-0,08;0,0;0,0;-0,15;-0,15;-0,04;-0,04;0,0;0,0;-0,04;-0,04;-0,01;-0,01;-0,04;-0,04;-0,01;-0,01;-0,01;-0,01;0,0;0,0;-0,02;-0,02;0,0;0,0;-0,03;-0,03
06.07.2026;22:30;22:45;0,0;0,0;-0,19;-0,19;-0,06;-0,06;0,0;0,0;-0,01;-0,01;0,0;0,0;-0,04;-0,04;-0,02;-0,02;0,0;0,0;0,0;0,0;0,0;0,0;0,0;0,0;0,0;0,0;0,0;0,0;-0,09;-0,09;0,0;0,0;-0,16;-0,16;-0,04;-0,04;0,0;0,0;-0,04;-0,04;0,0;0,0;-0,07;-0,07;-0,01;-0,01;-0,02;-0,02;0,0;0,0;-0,02;-0,02;0,0;0,0;-0,02;-0,02
06.07.2026;22:45;23:00;0,0;0,0;-0,23;-0,23;-0,05;-0,05;0,0;0,0;-0,01;-0,01;0,0;0,0;-0,03;-0,03;-0,02;-0,02;0,0;0,0;0,0;0,0;0,0;0,0;0,0;0,0;-0,01;-0,01;0,0;0,0;-0,08;-0,08;0,0;0,0;-0,02;-0,02;-0,05;-0,05;0,0;0,0;-0,01;-0,01;-0,02;-0,02;-0,04;-0,04;-0,01;-0,01;-0,02;-0,02;0,0;0,0;-0,02;-0,02;-0,01;-0,01;-0,02;-0,02
06.07.2026;23:00;23:15;0,0;0,0;-0,21;-0,21;-0,04;-0,04;-0,01;-0,01;-0,01;-0,01;0,0;0,0;-0,04;-0,04;-0,02;-0,02;0,0;0,0;0,0;0,0;0,0;0,0;-0,01;-0,01;-0,01;-0,01;0,0;0,0;-0,09;-0,09;0,0;0,0;-0,01;-0,01;-0,05;-0,05;0,0;0,0;-0,02;-0,02;-0,01;-0,01;-0,05;-0,05;-0,01;-0,01;-0,05;-0,05;0,0;0,0;-0,04;-0,04;-0,01;-0,01;-0,11;-0,11
06.07.2026;23:15;23:30;0,0;0,0;-0,21;-0,21;-0,04;-0,04;0,0;0,0;-0,01;-0,01;-0,01;-0,01;-0,09;-0,09;-0,02;-0,02;0,0;0,0;0,0;0,0;0,0;0,0;0,0;0,0;-0,02;-0,02;0,0;0,0;-0,09;-0,09;0,0;0,0;-0,03;-0,03;-0,02;-0,02;0,0;0,0;0,0;0,0;0,0;0,0;-0,05;-0,05;0,0;0,0;-0,02;-0,02;0,0;0,0;-0,01;-0,01;0,0;0,0;-0,1;-0,1
06.07.2026;23:30;23:45;0,0;0,0;-0,17;-0,17;-0,06;-0,06;0,0;0,0;-0,01;-0,01;0,0;0,0;-0,08;-0,08;-0,02;-0,02;0,0;0,0;0,0;0,0;0,0;0,0;0,0;0,0;-0,01;-0,01;0,0;0,0;-0,11;-0,11;0,0;0,0;-0,02;-0,02;-0,02;-0,02;0,0;0,0;-0,02;-0,02;-0,01;-0,01;-0,04;-0,04;-0,01;-0,01;-0,02;-0,02;-0,01;-0,01;-0,03;-0,03;0,0;0,0;-0,07;-0,07
06.07.2026;23:45;00:00;0,0;0,0;-0,21;-0,21;-0,05;-0,05;0,0;0,0;-0,02;-0,02;0,0;0,0;-0,05;-0,05;-0,02;-0,02;0,0;0,0;0,0;0,0;0,0;0,0;0,0;0,0;0,0;0,0;0,0;0,0;-0,07;-0,07;0,0;0,0;-0,02;-0,02;-0,03;-0,03;0,0;0,0;-0,01;-0,01;-0,01;-0,01;-0,03;-0,03;-0,01;-0,01;-0,02;-0,02;0,0;0,0;-0,02;-0,02;-0,01;-0,01;-0,06;-0,06
07.07.2026;00:00;00:15;0,0;0,0;-0,17;-0,17;-0,05;-0,05;0,0;0,0;-0,01;-0,01;0,0;0,0;-0,04;-0,04;-0,02;-0,02;0,0;0,0;0,0;0,0;0,0;0,0;0,0;0,0;-0,01;-0,01;0,0;0,0;-0,07;-0,07;0,0;0,0;-0,02;-0,02;-0,02;-0,02;0,0;0,0;-0,01;-0,01;-0,01;-0,01;-0,02;-0,02;-0,01;-0,01;-0,01;-0,01;0,0;0,0;-0,02;-0,02;0,0;0,0;-0,01;-0,01
07.07.2026;00:15;00:30;0,0;0,0;-0,18;-0,18;-0,04;-0,04;0,0;0,0;0,0;0,0;0,0;0,0;-0,04;-0,04;-0,04;-0,04;-0,01;-0,01;0,0;0,0;0,0;0,0;0,0;0,0;-0,02;-0,02;0,0;0,0;-0,06;-0,06;0,0;0,0;-0,02;-0,02;-0,02;-0,02;0,0;0,0;-0,01;-0,01;-0,01;-0,01;-0,03;-0,03;-0,01;-0,01;-0,02;-0,02;0,0;0,0;-0,01;-0,01;-0,01;-0,01;-0,03;-0,03
07.07.2026;00:30;00:45;0,0;0,0;-0,17;-0,17;-0,05;-0,05;0,0;0,0;-0,02;-0,02;0,0;0,0;-0,03;-0,03;-0,02;-0,02;0,0;0,0;0,0;0,0;-0,01;-0,01;0,0;0,0;-0,01;-0,01;0,0;0,0;-0,07;-0,07;-0,01;-0,01;-0,02;-0,02;-0,01;-0,01;0,0;0,0;-0,01;-0,01;0,0;0,0;-0,02;-0,02;-0,01;-0,01;-0,02;-0,02;0,0;0,0;-0,01;-0,01;0,0;0,0;-0,02;-0,02
07.07.2026;00:45;01:00;0,0;0,0;-0,17;-0,17;-0,06;-0,06;0,0;0,0;-0,01;-0,01;0,0;0,0;-0,03;-0,03;-0,02;-0,02;0,0;0,0;0,0;0,0;0,0;0,0;0,0;0,0;0,0;0,0;0,0;0,0;-0,08;-0,08;0,0;0,0;-0,01;-0,01;-0,01;-0,01;-0,01;-0,01;-0,01;-0,01;-0,02;-0,02;-0,02;-0,02;0,0;0,0;-0,02;-0,02;0,0;0,0;-0,01;-0,01;-0,01;-0,01;-0,02;-0,02
07.07.2026;01:00;01:15;0,0;0,0;-0,18;-0,18;-0,03;-0,03;0,0;0,0;-0,02;-0,02;0,0;0,0;-0,04;-0,04;-0,02;-0,02;0,0;0,0;0,0;0,0;0,0;0,0;0,0;0,0;-0,01;-0,01;0,0;0,0;-0,09;-0,09;0,0;0,0;-0,02;-0,02;-0,01;-0,01;0,0;0,0;-0,02;-0,02;-0,01;-0,01;-0,03;-0,03;-0,01;-0,01;-0,02;-0,02;0,0;0,0;-0,01;-0,01;0,0;0,0;-0,02;-0,02
07.07.2026;01:15;01:30;0,0;0,0;-0,17;-0,17;-0,01;-0,01;0,0;0,0;0,0;0,0;-0,01;-0,01;-0,03;-0,03;-0,02;-0,02;0,0;0,0;-0,01;-0,01;0,0;0,0;0,0;0,0;-0,01;-0,01;0,0;0,0;-0,07;-0,07;0,0;0,0;-0,01;-0,01;-0,02;-0,02;0,0;0,0;0,0;0,0;0,0;0,0;-0,02;-0,02;-0,01;-0,01;-0,01;-0,01;0,0;0,0;-0,01;-0,01;-0,01;-0,01;-0,01;-0,01
07.07.2026;01:30;01:45;0,0;0,0;-0,17;-0,17;-0,02;-0,02;0,0;0,0;-0,01;-0,01;0,0;0,0;-0,03;-0,03;-0,02;-0,02;0,0;0,0;0,0;0,0;0,0;0,0;0,0;0,0;-0,02;-0,02;0,0;0,0;-0,07;-0,07;0,0;0,0;-0,02;-0,02;-0,02;-0,02;0,0;0,0;-0,01;-0,01;-0,01;-0,01;-0,02;-0,02;-0,01;-0,01;-0,02;-0,02;-0,01;-0,01;0,0;0,0;0,0;0,0;-0,02;-0,02
07.07.2026;01:45;02:00;0,0;0,0;-0,18;-0,18;-0,02;-0,02;0,0;0,0;-0,01;-0,01;0,0;0,0;-0,01;-0,01;-0,01;-0,01;0,0;0,0;0,0;0,0;0,0;0,0;0,0;0,0;-0,01;-0,01;-0,01;-0,01;-0,07;-0,07;0,0;0,0;0,0;0,0;-0,02;-0,02;0,0;0,0;-0,01;-0,01;-0,01;-0,01;-0,02;-0,02;-0,01;-0,01;-0,02;-0,02;0,0;0,0;-0,02;-0,02;0,0;0,0;-0,01;-0,01
07.07.2026;02:00;02:15;0,0;0,0;-0,18;-0,18;-0,03;-0,03;0,0;0,0;-0,02;-0,02;0,0;0,0;-0,01;-0,01;-0,02;-0,02;0,0;0,0;0,0;0,0;0,0;0,0;0,0;0,0;0,0;0,0;0,0;0,0;-0,14;-0,14;0,0;0,0;-0,01;-0,01;-0,03;-0,03;0,0;0,0;-0,01;-0,01;-0,01;-0,01;-0,01;-0,01;-0,01;-0,01;-0,01;-0,01;0,0;0,0;0,0;0,0;-0,01;-0,01;-0,03;-0,03
07.07.2026;02:15;02:30;0,0;0,0;-0,18;-0,18;-0,03;-0,03;-0,01;-0,01;-0,01;-0,01;0,0;0,0;-0,01;-0,01;-0,02;-0,02;0,0;0,0;0,0;0,0;0,0;0,0;0,0;0,0;0,0;0,0;0,0;0,0;-0,12;-0,12;0,0;0,0;0,0;0,0;-0,02;-0,02;0,0;0,0;0,0;0,0;-0,01;-0,01;-0,01;-0,01;0,0;0,0;-0,02;-0,02;0,0;0,0;-0,02;-0,02;-0,01;-0,01;-0,02;-0,02
07.07.2026;02:30;02:45;0,0;0,0;-0,17;-0,17;0,0;0,0;0,0;0,0;0,0;0,0;0,0;0,0;-0,01;-0,01;-0,01;-0,01;0,0;0,0;0,0;0,0;0,0;0,0;0,0;0,0;-0,01;-0,01;0,0;0,0;-0,14;-0,14;0,0;0,0;-0,01;-0,01;-0,02;-0,02;0,0;0,0;-0,01;-0,01;-0,01;-0,01;0,0;0,0;-0,01;-0,01;-0,01;-0,01;0,0;0,0;0,0;0,0;0,0;0,0;-0,02;-0,02
07.07.2026;02:45;03:00;0,0;0,0;-0,19;-0,19;-0,02;-0,02;0,0;0,0;-0,02;-0,02;0,0;0,0;-0,01;-0,01;-0,01;-0,01;-0,01;-0,01;0,0;0,0;0,0;0,0;0,0;0,0;-0,02;-0,02;0,0;0,0;-0,14;-0,14;0,0;0,0;-0,01;-0,01;-0,02;-0,02;0,0;0,0;-0,01;-0,01;-0,01;-0,01;-0,01;-0,01;-0,01;-0,01;-0,02;-0,02;0,0;0,0;-0,02;-0,02;0,0;0,0;-0,02;-0,02
07.07.2026;03:00;03:15;0,0;0,0;-0,17;-0,17;-0,03;-0,03;0,0;0,0;-0,01;-0,01;0,0;0,0;-0,01;-0,01;-0,02;-0,02;0,0;0,0;0,0;0,0;-0,01;-0,01;0,0;0,0;-0,01;-0,01;0,0;0,0;-0,45;-0,45;-0,01;-0,01;-0,02;-0,02;-0,01;-0,01;0,0;0,0;-0,01;-0,01;-0,01;-0,01;-0,03;-0,03;-0,01;-0,01;-0,01;-0,01;0,0;0,0;0,0;0,0;-0,01;-0,01;-0,01;-0,01
07.07.2026;03:15;03:30;0,0;0,0;-0,18;-0,18;-0,03;-0,03;0,0;0,0;-0,02;-0,02;-0,01;-0,01;-0,01;-0,01;-0,02;-0,02;0,0;0,0;0,0;0,0;0,0;0,0;0,0;0,0;-0,01;-0,01;0,0;0,0;-0,06;-0,06;0,0;0,0;-0,01;-0,01;-0,01;-0,01;0,0;0,0;-0,02;-0,02;0,0;0,0;-0,02;-0,02;-0,01;-0,01;-0,02;-0,02;0,0;0,0;-0,02;-0,02;0,0;0,0;-0,01;-0,01
07.07.2026;03:30;03:45;0,0;0,0;-0,18;-0,18;-0,01;-0,01;0,0;0,0;0,0;0,0;0,0;0,0;-0,01;-0,01;-0,02;-0,02;0,0;0,0;0,0;0,0;0,0;0,0;0,0;0,0;0,0;0,0;0,0;0,0;-0,03;-0,03;0,0;0,0;0,0;0,0;-0,01;-0,01;0,0;0,0;0,0;0,0;-0,01;-0,01;-0,01;-0,01;-0,01;-0,01;-0,02;-0,02;-0,01;-0,01;0,0;0,0;-0,01;-0,01;-0,03;-0,03
07.07.2026;03:45;04:00;0,0;0,0;-0,17;-0,17;-0,01;-0,01;0,0;0,0;-0,01;-0,01;0,0;0,0;0,0;0,0;-0,02;-0,02;0,0;0,0;0,0;0,0;0,0;0,0;0,0;0,0;-0,01;-0,01;0,0;0,0;-0,02;-0,02;0,0;0,0;0,0;0,0;-0,02;-0,02;0,0;0,0;-0,01;-0,01;-0,01;-0,01;-0,02;-0,02;-0,01;-0,01;-0,01;-0,01;0,0;0,0;-0,02;-0,02;0,0;0,0;-0,02;-0,02
07.07.2026;04:00;04:15;0,0;0,0;-0,17;-0,17;-0,02;-0,02;0,0;0,0;-0,01;-0,01;0,0;0,0;-0,01;-0,01;-0,01;-0,01;0,0;0,0;0,0;0,0;0,0;0,0;-0,01;-0,01;-0,02;-0,02;0,0;0,0;-0,27;-0,27;0,0;0,0;-0,01;-0,01;-0,02;-0,02;0,0;0,0;0,0;0,0;-0,01;-0,01;-0,03;-0,03;0,0;0,0;-0,01;-0,01;0,0;0,0;0,0;0,0;-0,01;-0,01;-0,02;-0,02
07.07.2026;04:15;04:30;0,0;0,0;-0,18;-0,18;-0,03;-0,03;0,0;0,0;-0,02;-0,02;0,0;0,0;-0,01;-0,01;-0,02;-0,02;0,0;0,0;0,0;0,0;0,0;0,0;0,0;0,0;-0,01;-0,01;0,0;0,0;-0,02;-0,02;0,0;0,0;-0,01;-0,01;-0,03;-0,03;0,0;0,0;-0,01;-0,01;-0,01;-0,01;-0,01;-0,01;-0,01;-0,01;-0,02;-0,02;0,0;0,0;-0,01;-0,01;0,0;0,0;-0,02;-0,02
07.07.2026;04:30;04:45;0,0;0,0;-0,16;-0,16;-0,02;-0,02;0,0;0,0;-0,01;-0,01;0,0;0,0;-0,01;-0,01;-0,02;-0,02;0,0;0,0;0,0;0,0;0,0;0,0;0,0;0,0;0,0;0,0;0,0;0,0;-0,01;-0,01;0,0;0,0;-0,02;-0,02;-0,02;-0,02;0,0;0,0;-0,01;-0,01;0,0;0,0;-0,02;-0,02;-0,01;-0,01;-0,02;-0,02;0,0;0,0;-0,01;-0,01;0,0;0,0;-0,02;-0,02
07.07.2026;04:45;05:00;0,0;0,0;-0,17;-0,17;-0,02;-0,02;0,0;0,0;-0,01;-0,01;0,0;0,0;-0,02;-0,02;-0,02;-0,02;0,0;0,0;0,0;0,0;0,0;0,0;0,0;0,0;-0,01;-0,01;0,0;0,0;-0,02;-0,02;0,0;0,0;-0,01;-0,01;-0,02;-0,02;0,0;0,0;0,0;0,0;-0,02;-0,02;-0,02;-0,02;-0,01;-0,01;-0,01;-0,01;0,0;0,0;-0,01;-0,01;-0,01;-0,01;-0,01;-0,01
07.07.2026;05:00;05:15;0,0;0,0;-0,17;-0,17;-0,01;-0,01;0,0;0,0;-0,01;-0,01;0,0;0,0;0,0;0,0;-0,02;-0,02;0,0;0,0;0,0;0,0;0,0;0,0;0,0;0,0;-0,01;-0,01;-0,01;-0,01;-0,03;-0,03;0,0;0,0;0,0;0,0;-0,02;-0,02;0,0;0,0;-0,01;-0,01;0,0;0,0;-0,02;-0,02;-0,01;-0,01;-0,02;-0,02;0,0;0,0;-0,01;-0,01;-0,01;-0,01;-0,01;-0,01
07.07.2026;05:15;05:30;0,0;0,0;-0,33;-0,33;-0,02;-0,02;0,0;0,0;-0,01;-0,01;-0,01;-0,01;-0,01;-0,01;-0,02;-0,02;-0,01;-0,01;0,0;0,0;0,0;0,0;0,0;0,0;-0,02;-0,02;0,0;0,0;-0,02;-0,02;0,0;0,0;0,0;0,0;-0,02;-0,02;0,0;0,0;-0,02;-0,02;-0,01;-0,01;-0,01;-0,01;-0,01;-0,01;-0,01;-0,01;0,0;0,0;-0,01;-0,01;0,0;0,0;-0,03;-0,03
07.07.2026;05:30;05:45;0,02;0,02;-0,34;-0,34;-0,02;-0,02;-0,01;-0,01;-0,02;-0,02;0,0;0,0;-0,01;-0,01;-0,02;-0,02;0,0;0,0;0,0;0,0;-0,01;-0,01;0,0;0,0;-0,01;-0,01;0,0;0,0;-0,01;-0,01;-0,01;-0,01;-0,01;-0,01;-0,11;-0,11;0,0;0,0;-0,01;-0,01;-0,01;-0,01;-0,03;-0,03;0,0;0,0;-0,02;-0,02;-0,01;-0,01;-0,02;-0,02;-0,01;-0,01;-0,02;-0,02
07.07.2026;05:45;06:00;0,03;0,03;-0,22;-0,22;-0,02;-0,02;0,0;0,0;-0,01;-0,01;0,0;0,0;-0,01;-0,01;-0,01;-0,01;0,0;0,0;0,0;0,0;0,0;0,0;0,0;0,0;0,0;0,0;0,0;0,0;-0,02;-0,02;0,0;0,0;-0,01;-0,01;-0,08;-0,08;-0,01;-0,01;-0,02;-0,02;-0,01;-0,01;-0,01;-0,01;-0,01;-0,01;-0,01;-0,01;0,0;0,0;-0,03;-0,03;0,0;0,0;-0,02;-0,02
07.07.2026;06:00;06:15;0,08;0,08;-0,17;-0,17;-0,02;-0,02;0,0;0,0;0,0;0,0;0,0;0,0;-0,01;-0,01;-0,02;-0,02;0,0;0,0;0,0;0,0;0,0;0,0;0,0;0,0;-0,01;-0,01;0,0;0,0;-0,01;-0,01;0,0;0,0;-0,02;-0,02;-0,02;-0,02;0,0;0,0;0,0;0,0;-0,01;-0,01;-0,02;-0,02;-0,01;-0,01;-0,01;-0,01;0,0;0,0;-0,02;-0,02;0,0;0,0;-0,02;-0,02
07.07.2026;06:15;06:30;0,15;0,11;-0,18;-0,14;-0,02;-0,02;0,0;0,0;-0,02;-0,02;0,0;0,0;-0,01;-0,01;-0,01;-0,01;0,0;0,0;-0,01;-0,01;0,0;0,0;0,0;0,0;0,0;0,0;0,0;0,0;-0,02;-0,02;0,0;0,0;-0,01;-0,01;-0,03;-0,03;0,0;0,0;-0,01;-0,01;-0,01;-0,01;-0,02;-0,02;-0,01;-0,01;-0,02;-0,02;0,0;0,0;-0,01;-0,01;-0,01;-0,01;-0,01;-0,01
07.07.2026;06:30;06:45;0,18;0,13;-0,17;-0,12;-0,02;-0,02;0,0;0,0;-0,01;-0,01;0,0;0,0;0,0;0,0;-0,01;-0,01;0,0;0,0;0,0;0,0;0,0;0,0;0,0;0,0;-0,02;-0,02;0,0;0,0;-0,01;-0,01;0,0;0,0;0,0;0,0;-0,02;-0,02;0,0;0,0;-0,01;-0,01;0,0;0,0;-0,02;-0,02;-0,01;-0,01;-0,01;-0,01;0,0;0,0;-0,02;-0,02;-0,01;-0,01;-0,02;-0,02
07.07.2026;06:45;07:00;0,19;0,14;-0,23;-0,18;-0,12;-0,12;0,0;0,0;-0,01;-0,01;0,0;0,0;-0,03;-0,03;-0,02;-0,02;0,0;0,0;0,0;0,0;0,0;0,0;0,0;0,0;-0,01;-0,01;0,0;0,0;-0,02;-0,02;0,0;0,0;-0,01;-0,01;-0,02;-0,02;0,0;0,0;0,0;0,0;-0,01;-0,01;-0,01;-0,01;-0,01;-0,01;-0,02;-0,02;0,0;0,0;-0,01;-0,01;0,0;0,0;-0,02;-0,02
07.07.2026;07:00;07:15;0,26;0,19;-0,18;-0,11;-0,03;-0,03;0,0;0,0;-0,01;-0,01;0,0;0,0;-0,01;-0,01;-0,02;-0,02;0,0;0,0;0,0;0,0;0,0;0,0;0,0;0,0;-0,01;-0,01;0,0;0,0;-0,01;-0,01;0,0;0,0;0,0;0,0;-0,02;-0,02;0,0;0,0;-0,08;-0,08;-0,01;-0,01;-0,01;-0,01;0,0;0,0;-0,01;-0,01;0,0;0,0;0,0;0,0;0,0;0,0;-0,02;-0,02
07.07.2026;07:15;07:30;0,28;0,2;-0,19;-0,11;-0,02;-0,02;0,0;0,0;-0,01;-0,01;-0,01;-0,01;-0,02;-0,02;-0,01;-0,01;0,0;0,0;0,0;0,0;0,0;0,0;0,0;0,0;0,0;0,0;0,0;0,0;-0,01;-0,01;0,0;0,0;-0,01;-0,01;-0,03;-0,03;0,0;0,0;-0,03;-0,03;-0,01;-0,01;-0,02;-0,02;-0,01;-0,01;-0,02;-0,02;0,0;0,0;-0,02;-0,02;-0,01;-0,01;-0,02;-0,02
07.07.2026;07:30;07:45;0,39;0,16;-0,18;-0,11;-0,19;-0,18;0,0;0,0;-0,01;0,0;-0,01;0,0;-0,02;-0,01;-0,02;-0,01;0,0;0,0;0,0;0,0;0,0;0,0;0,0;0,0;-0,03;-0,02;0,0;0,0;-0,02;-0,01;0,0;0,0;-0,01;0,0;-0,01;0,0;0,0;0,0;-0,03;-0,02;-0,01;0,0;-0,02;-0,01;-0,01;0,0;-0,01;0,0;-0,01;0,0;0,0;0,0;0,0;0,0;-0,03;-0,02
07.07.2026;07:45;08:00;0,4;0,18;-0,2;-0,13;-0,03;-0,02;0,0;0,0;-0,02;-0,01;0,0;0,0;0,0;0,0;-0,02;-0,01;-0,01;0,0;0,0;0,0;0,0;0,0;0,0;0,0;-0,03;-0,02;0,0;0,0;-0,01;0,0;0,0;0,0;-0,02;-0,01;-0,01;0,0;0,0;0,0;-0,04;-0,03;-0,01;0,0;-0,02;-0,01;-0,01;0,0;-0,02;-0,01;0,0;0,0;-0,02;-0,01;0,0;0,0;-0,01;0,0
07.07.2026;08:00;08:15;0,02;0,02;-0,19;-0,19;-0,11;-0,11;0,0;0,0;-0,01;-0,01;0,0;0,0;-0,01;-0,01;-0,02;-0,02;0,0;0,0;0,0;0,0;-0,01;-0,01;0,0;0,0;-0,02;-0,02;0,0;0,0;-0,01;-0,01;-0,01;-0,01;-0,01;-0,01;-0,02;-0,02;0,0;0,0;-0,22;-0,22;-0,01;-0,01;0,0;0,0;0,0;0,0;-0,1;-0,1;0,0;0,0;0,0;0,0;-0,01;-0,01;-0,02;-0,02
07.07.2026;08:15;08:30;0,0;0,0;-0,18;-0,18;-0,03;-0,03;0,0;0,0;-0,01;-0,01;-0,08;-0,08;-0,01;-0,01;-0,02;-0,02;0,0;0,0;0,0;0,0;0,0;0,0;0,0;0,0;0,0;0,0;-0,01;-0,01;-0,03;-0,03;0,0;0,0;0,0;0,0;-0,01;-0,01;0,0;0,0;-0,02;-0,02;-0,01;-0,01;-0,01;-0,01;-0,02;-0,02;-0,1;-0,1;0,0;0,0;-0,02;-0,02;-0,01;-0,01;-0,01;-0,01
07.07.2026;08:30;08:45;0,06;0,06;-0,2;-0,2;-0,08;-0,08;0,0;0,0;0,0;0,0;-0,07;-0,07;-0,01;-0,01;-0,02;-0,02;0,0;0,0;0,0;0,0;0,0;0,0;0,0;0,0;0,0;0,0;0,0;0,0;-0,03;-0,03;0,0;0,0;0,0;0,0;-0,01;-0,01;0,0;0,0;-0,02;-0,02;0,0;0,0;-0,02;-0,02;-0,01;-0,01;-0,11;-0,11;0,0;0,0;0,0;0,0;0,0;0,0;-0,02;-0,02
07.07.2026;08:45;09:00;1,13;0,6;-0,17;0,0;-0,02;0,0;0,0;0,0;-0,02;0,0;-0,01;0,0;-0,01;0,0;-0,02;0,0;0,0;0,0;0,0;0,0;0,0;0,0;0,0;0,0;-0,01;0,0;0,0;0,0;-0,03;0,0;0,0;0,0;-0,01;0,0;-0,02;0,0;0,0;0,0;-0,01;0,0;-0,01;0,0;-0,04;0,0;0,0;0,0;-0,15;-0,04;0,0;0,0;-0,02;0,0;0,0;0,0;-0,02;0,0
07.07.2026;09:00;09:15;1,36;0,67;-0,19;0,0;-0,02;0,0;-0,01;0,0;-0,01;0,0;-0,11;0,0;-0,01;0,0;-0,01;0,0;0,0;0,0;0,0;0,0;0,0;0,0;-0,01;0,0;-0,02;0,0;0,0;0,0;-0,04;0,0;0,0;0,0;-0,01;0,0;-0,03;0,0;0,0;0,0;0,0;0,0;-0,01;0,0;-0,03;0,0;-0,01;0,0;-0,13;0,0;0,0;0,0;0,0;0,0;-0,01;0,0;-0,03;0,0
07.07.2026;09:15;09:30;1,51;0,9;-0,19;0,0;-0,02;0,0;0,0;0,0;-0,02;0,0;-0,11;0,0;0,0;0,0;-0,02;0,0;0,0;0,0;0,0;0,0;0,0;0,0;0,0;0,0;-0,01;0,0;0,0;0,0;-0,03;0,0;0,0;0,0;-0,02;0,0;-0,02;0,0;0,0;0,0;-0,01;0,0;-0,01;0,0;-0,03;0,0;-0,01;0,0;-0,07;0,0;0,0;0,0;-0,02;0,0;0,0;0,0;-0,02;0,0
07.07.2026;09:30;09:45;0,9;0,37;-0,21;0,0;-0,03;0,0;0,0;0,0;0,0;0,0;-0,02;0,0;-0,01;0,0;-0,02;0,0;0,0;0,0;0,0;0,0;0,0;0,0;0,0;0,0;-0,01;0,0;0,0;0,0;-0,03;0,0;0,0;0,0;-0,01;0,0;-0,02;0,0;0,0;0,0;-0,01;0,0;-0,01;0,0;-0,04;0,0;-0,01;0,0;-0,08;-0,01;-0,01;0,0;0,0;0,0;-0,01;0,0;-0,01;0,0
07.07.2026;09:45;10:00;1,33;0,74;-0,18;0,0;-0,05;0,0;0,0;0,0;-0,01;0,0;-0,08;0,0;-0,01;0,0;-0,02;0,0;0,0;0,0;0,0;0,0;0,0;0,0;0,0;0,0;0,0;0,0;0,0;0,0;-0,03;0,0;0,0;0,0;-0,01;0,0;-0,04;0,0;0,0;0,0;-0,01;0,0;-0,01;0,0;-0,03;0,0;-0,01;0,0;-0,06;0,0;0,0;0,0;-0,02;0,0;0,0;0,0;-0,02;0,0
07.07.2026;10:00;10:15;0,78;0,27;-0,26;-0,07;-0,05;0,0;0,0;0,0;-0,02;0,0;-0,06;0,0;-0,01;0,0;0,0;0,0;0,0;0,0;0,0;0,0;0,0;0,0;0,0;0,0;-0,01;0,0;0,0;0,0;-0,02;0,0;0,0;0,0;0,0;0,0;-0,02;0,0;0,0;0,0;-0,02;0,0;0,0;0,0;-0,02;0,0;-0,01;0,0;-0,06;0,0;0,0;0,0;0,0;0,0;-0,01;0,0;-0,01;0,0
07.07.2026;10:15;10:30;1,22;0,6;-0,25;0,0;-0,11;0,0;0,0;0,0;-0,01;0,0;-0,01;0,0;-0,01;0,0;-0,01;0,0;-0,01;0,0;0,0;0,0;0,0;0,0;0,0;0,0;-0,01;0,0;0,0;0,0;-0,02;0,0;0,0;0,0;0,0;0,0;-0,03;0,0;0,0;0,0;-0,01;0,0;-0,02;0,0;-0,03;0,0;0,0;0,0;-0,05;0,0;0,0;0,0;-0,02;0,0;0,0;0,0;-0,02;0,0
07.07.2026;10:30;10:45;1,61;0,99;-0,18;0,0;-0,06;0,0;0,0;0,0;-0,01;0,0;-0,08;0,0;-0,01;0,0;-0,02;0,0;0,0;0,0;0,0;0,0;-0,01;0,0;0,0;0,0;-0,02;0,0;0,0;0,0;-0,03;0,0;-0,01;0,0;-0,01;0,0;-0,03;0,0;0,0;0,0;-0,02;0,0;0,0;0,0;-0,01;0,0;-0,01;0,0;-0,08;0,0;0,0;0,0;0,0;0,0;-0,01;0,0;-0,02;0,0
07.07.2026;10:45;11:00;1,1;0,55;-0,21;0,0;-0,04;0,0;0,0;0,0;-0,01;0,0;-0,02;0,0;0,0;0,0;-0,02;0,0;0,0;0,0;0,0;0,0;0,0;0,0;0,0;0,0;0,0;0,0;0,0;0,0;-0,03;0,0;0,0;0,0;-0,02;0,0;-0,03;0,0;-0,01;0,0;0,0;0,0;-0,01;0,0;-0,02;0,0;-0,01;0,0;-0,08;0,0;0,0;0,0;-0,01;0,0;0,0;0,0;-0,03;0,0
07.07.2026;11:00;11:15;0,64;0,21;-0,2;-0,06;-0,04;-0,01;0,0;0,0;-0,01;0,0;0,0;0,0;-0,01;0,0;-0,02;0,0;0,0;0,0;0,0;0,0;0,0;0,0;0,0;0,0;-0,01;0,0;0,0;0,0;-0,12;-0,09;0,0;0,0;-0,02;0,0;-0,03;0,0;0,0;0,0;-0,02;0,0;-0,01;0,0;-0,02;0,0;-0,01;0,0;-0,32;-0,29;0,0;0,0;-0,01;0,0;-0,01;0,0;-0,02;0,0
07.07.2026;11:15;11:30;0,6;0,19;-0,21;-0,11;-0,05;-0,02;0,0;0,0;-0,01;0,0;-0,07;-0,04;-0,01;0,0;-0,02;0,0;0,0;0,0;-0,01;0,0;0,0;0,0;0,0;0,0;0,0;0,0;0,0;0,0;-0,13;-0,1;0,0;0,0;-0,02;0,0;-0,04;-0,01;0,0;0,0;-0,01;0,0;-0,01;0,0;-0,03;0,0;0,0;0,0;-0,05;-0,02;0,0;0,0;-0,01;0,0;0,0;0,0;-0,03;0,0
07.07.2026;11:30;11:45;0,72;0,22;-0,19;-0,04;-0,04;0,0;0,0;0,0;-0,02;0,0;0,0;0,0;-0,01;0,0;-0,02;0,0;0,0;0,0;0,0;0,0;0,0;0,0;0,0;0,0;-0,02;0,0;0,0;0,0;-0,04;0,0;0,0;0,0;-0,02;0,0;-0,03;0,0;0,0;0,0;-0,01;0,0;-0,01;0,0;-0,02;0,0;-0,02;0,0;-0,04;0,0;-0,01;0,0;-0,01;0,0;-0,01;0,0;-0,02;0,0
07.07.2026;11:45;12:00;0,89;0,41;-0,18;0,0;-0,02;0,0;0,0;0,0;0,0;0,0;0,0;0,0;-0,01;0,0;-0,02;0,0;0,0;0,0;0,0;0,0;0,0;0,0;0,0;0,0;-0,02;0,0;-0,01;0,0;-0,04;0,0;0,0;0,0;-0,01;0,0;-0,04;0,0;0,0;0,0;0,0;0,0;-0,01;0,0;-0,02;0,0;-0,01;0,0;-0,06;0,0;0,0;0,0;-0,01;0,0;0,0;0,0;-0,02;0,0
07.07.2026;12:00;12:15;0,07;0,07;-0,17;-0,17;-0,02;-0,02;0,0;0,0;-0,01;-0,01;0,0;0,0;0,0;0,0;-0,01;-0,01;0,0;0,0;0,0;0,0;0,0;0,0;0,0;0,0;0,0;0,0;0,0;0,0;-0,03;-0,03;0,0;0,0;-0,02;-0,02;-0,04;-0,04;0,0;0,0;-0,01;-0,01;-0,01;-0,01;-0,02;-0,02;0,0;0,0;-0,01;-0,01;0,0;0,0;-0,01;-0,01;0,0;0,0;-0,03;-0,03
07.07.2026;12:15;12:30;0,0;0,0;-0,16;-0,16;-0,01;-0,01;-0,01;-0,01;-0,02;-0,02;-0,01;-0,01;-0,01;-0,01;-0,02;-0,02;0,0;0,0;0,0;0,0;0,0;0,0;0,0;0,0;-0,01;-0,01;0,0;0,0;-0,03;-0,03;0,0;0,0;-0,02;-0,02;-0,03;-0,03;0,0;0,0;-0,01;-0,01;-0,01;-0,01;-0,01;-0,01;-0,01;-0,01;-0,02;-0,02;0,0;0,0;-0,01;-0,01;-0,01;-0,01;-0,03;-0,03
07.07.2026;12:30;12:45;0,55;0,22;-0,16;-0,03;-0,03;-0,01;0,0;0,0;-0,01;0,0;0,0;0,0;-0,01;0,0;-0,02;0,0;0,0;0,0;0,0;0,0;0,0;0,0;0,0;0,0;0,0;0,0;0,0;0,0;-0,01;0,0;0,0;0,0;-0,03;-0,01;-0,01;0,0;0,0;0,0;-0,01;0,0;0,0;0,0;-0,02;0,0;-0,01;0,0;-0,02;0,0;0,0;0,0;-0,01;0,0;-0,01;0,0;-0,02;0,0
07.07.2026;12:45;13:00;1,23;0,79;-0,16;0,0;-0,03;0,0;0,0;0,0;-0,01;0,0;0,0;0,0;-0,01;0,0;-0,02;0,0;-0,01;0,0;0,0;0,0;0,0;0,0;0,0;0,0;-0,02;0,0;0,0;0,0;-0,03;0,0;0,0;0,0;-0,03;0,0;-0,02;0,0;0,0;0,0;0,0;0,0;-0,01;0,0;-0,03;0,0;0,0;0,0;-0,02;0,0;0,0;0,0;-0,01;0,0;0,0;0,0;-0,03;0,0
07.07.2026;13:00;13:15;1,04;0,46;-0,32;-0,04;-0,02;0,0;0,0;0,0;-0,01;0,0;0,0;0,0;-0,01;0,0;-0,02;0,0;0,0;0,0;0,0;0,0;-0,01;0,0;0,0;0,0;-0,01;0,0;0,0;0,0;-0,04;0,0;-0,01;0,0;-0,03;0,0;-0,01;0,0;0,0;0,0;0,0;0,0;-0,01;0,0;-0,02;0,0;-0,01;0,0;-0,03;0,0;0,0;0,0;-0,01;0,0;-0,01;0,0;-0,04;0,0
07.07.2026;13:15;13:30;0,45;0,2;-0,21;-0,1;-0,01;0,0;0,0;0,0;-0,01;0,0;0,0;0,0;-0,01;0,0;-0,02;-0,01;0,0;0,0;0,0;0,0;0,0;0,0;0,0;0,0;-0,01;0,0;0,0;0,0;-0,03;-0,02;0,0;0,0;-0,03;-0,02;-0,01;0,0;0,0;0,0;-0,02;-0,01;0,0;0,0;-0,01;0,0;-0,02;-0,01;-0,1;-0,09;0,0;0,0;-0,01;0,0;0,0;0,0;-0,05;-0,04
07.07.2026;13:30;13:45;0,57;0,21;-0,19;-0,05;-0,02;0,0;0,0;0,0;-0,01;0,0;0,0;0,0;0,0;0,0;-0,01;0,0;0,0;0,0;0,0;0,0;0,0;0,0;0,0;0,0;0,0;0,0;0,0;0,0;-0,03;-0,01;0,0;0,0;-0,02;0,0;-0,01;0,0;0,0;0,0;-0,01;0,0;-0,02;0,0;-0,02;0,0;0,0;0,0;-0,15;-0,13;-0,01;0,0;-0,01;0,0;-0,04;-0,02;-0,05;-0,03
07.07.2026;13:45;14:00;0,56;0,2;-0,18;-0,06;-0,03;-0,01;0,0;0,0;-0,02;0,0;0,0;0,0;-0,01;0,0;-0,01;0,0;0,0;0,0;0,0;0,0;0,0;0,0;0,0;0,0;-0,01;0,0;0,0;0,0;-0,03;-0,01;0,0;0,0;-0,01;0,0;-0,03;-0,01;0,0;0,0;-0,01;0,0;0,0;0,0;-0,02;0,0;-0,01;0,0;-0,16;-0,14;0,0;0,0;-0,02;0,0;-0,02;0,0;-0,13;-0,11
07.07.2026;14:00;14:15;0,94;0,44;-0,16;0,0;-0,03;0,0;0,0;0,0;-0,01;0,0;0,0;0,0;-0,01;0,0;-0,01;0,0;0,0;0,0;0,0;0,0;0,0;0,0;-0,01;0,0;-0,01;0,0;0,0;0,0;-0,03;0,0;0,0;0,0;-0,02;0,0;-0,02;0,0;0,0;0,0;0,0;0,0;-0,01;0,0;-0,02;0,0;-0,01;0,0;-0,15;-0,07;0,0;0,0;-0,01;0,0;-0,01;0,0;-0,05;0,0
07.07.2026;14:15;14:30;0,61;0,2;-0,17;-0,06;-0,02;0,0;0,0;0,0;0,0;0,0;-0,01;0,0;-0,01;0,0;-0,02;0,0;0,0;0,0;0,0;0,0;0,0;0,0;0,0;0,0;-0,02;0,0;0,0;0,0;-0,06;-0,03;0,0;0,0;-0,03;0,0;-0,02;0,0;0,0;0,0;-0,01;0,0;-0,01;0,0;-0,03;0,0;-0,01;0,0;-0,13;-0,1;0,0;0,0;-0,02;0,0;0,0;0,0;-0,04;-0,01
07.07.2026;14:30;14:45;0,64;0,21;-0,18;-0,05;-0,01;0,0;0,0;0,0;-0,02;0,0;0,0;0,0;-0,01;0,0;-0,02;0,0;0,0;0,0;0,0;0,0;0,0;0,0;0,0;0,0;-0,01;0,0;0,0;0,0;-0,11;-0,07;0,0;0,0;-0,17;-0,13;-0,03;0,0;0,0;0,0;-0,01;0,0;-0,01;0,0;-0,01;0,0;0,0;0,0;-0,03;0,0;0,0;0,0;-0,01;0,0;-0,01;0,0;-0,04;0,0
07.07.2026;14:45;15:00;0,95;0,35;-0,21;0,0;-0,03;0,0;0,0;0,0;-0,01;0,0;-0,01;0,0;-0,01;0,0;-0,02;0,0;0,0;0,0;0,0;0,0;0,0;0,0;0,0;0,0;0,0;0,0;0,0;0,0;-0,05;0,0;0,0;0,0;-0,09;-0,02;-0,02;0,0;0,0;0,0;-0,01;0,0;-0,01;0,0;-0,02;0,0;-0,02;0,0;-0,03;0,0;0,0;0,0;-0,02;0,0;-0,01;0,0;-0,05;0,0
07.07.2026;15:00;15:15;1,06;0,58;-0,21;0,0;-0,02;0,0;0,0;0,0;-0,01;0,0;0,0;0,0;0,0;0,0;-0,01;0,0;0,0;0,0;0,0;0,0;0,0;0,0;0,0;0,0;0,0;0,0;-0,01;0,0;-0,04;0,0;0,0;0,0;-0,02;0,0;-0,01;0,0;0,0;0,0;-0,03;0,0;-0,01;0,0;-0,02;0,0;0,0;0,0;-0,03;0,0;0,0;0,0;-0,01;0,0;0,0;0,0;-0,05;0,0
07.07.2026;15:15;15:30;0,83;0,27;-0,19;0,0;-0,03;0,0;0,0;0,0;-0,01;0,0;0,0;0,0;-0,01;0,0;-0,02;0,0;-0,01;0,0;0,0;0,0;0,0;0,0;0,0;0,0;-0,02;0,0;0,0;0,0;-0,03;0,0;0,0;0,0;-0,01;0,0;-0,02;0,0;0,0;0,0;-0,26;-0,2;0,0;0,0;-0,02;0,0;-0,01;0,0;-0,05;0,0;0,0;0,0;-0,02;0,0;-0,01;0,0;-0,04;0,0
07.07.2026;15:30;15:45;0,84;0,26;-0,19;0,0;-0,02;0,0;-0,01;0,0;-0,01;0,0;0,0;0,0;-0,01;0,0;-0,02;0,0;0,0;0,0;0,0;0,0;-0,01;0,0;0,0;0,0;-0,02;0,0;0,0;0,0;-0,03;0,0;-0,01;0,0;-0,01;0,0;-0,01;0,0;0,0;0,0;-0,46;-0,4;-0,02;0,0;-0,02;0,0;-0,01;0,0;-0,09;-0,03;-0,01;0,0;-0,02;0,0;0,0;0,0;-0,03;0,0
07.07.2026;15:45;16:00;0,8;0,28;-0,18;0,0;-0,02;0,0;0,0;0,0;-0,01;0,0;0,0;0,0;-0,03;0,0;-0,02;0,0;0,0;0,0;0,0;0,0;0,0;0,0;0,0;0,0;0,0;0,0;0,0;0,0;-0,04;0,0;0,0;0,0;0,0;0,0;-0,01;0,0;-0,01;0,0;-0,25;-0,19;0,0;0,0;-0,01;0,0;-0,01;0,0;-0,16;-0,1;0,0;0,0;-0,03;0,0;-0,01;0,0;-0,02;0,0
07.07.2026;16:00;16:15;0,31;0,11;-0,21;-0,16;-0,02;-0,01;0,0;0,0;-0,02;-0,01;-0,01;0,0;-0,1;-0,09;-0,02;-0,01;0,0;0,0;0,0;0,0;0,0;0,0;0,0;0,0;-0,01;0,0;0,0;0,0;-0,05;-0,04;0,0;0,0;-0,03;-0,02;-0,02;-0,01;0,0;0,0;-0,05;-0,04;-0,01;0,0;-0,01;0,0;0,0;0,0;-0,13;-0,12;0,0;0,0;-0,03;-0,02;0,0;0,0;-0,03;-0,02
07.07.2026;16:15;16:30;0,0;0,0;-0,17;-0,17;-0,02;-0,02;0,0;0,0;-0,01;-0,01;0,0;0,0;-0,02;-0,02;-0,02;-0,02;0,0;0,0;-0,01;-0,01;0,0;0,0;0,0;0,0;0,0;0,0;0,0;0,0;-0,05;-0,05;0,0;0,0;-0,03;-0,03;-0,02;-0,02;0,0;0,0;-0,03;-0,03;-0,01;-0,01;-0,01;-0,01;-0,01;-0,01;-0,14;-0,14;0,0;0,0;-0,03;-0,03;-0,01;-0,01;-0,02;-0,02
07.07.2026;16:30;16:45;0,0;0,0;-0,17;-0,17;-0,02;-0,02;0,0;0,0;-0,01;-0,01;0,0;0,0;-0,01;-0,01;-0,01;-0,01;0,0;0,0;0,0;0,0;0,0;0,0;0,0;0,0;-0,02;-0,02;0,0;0,0;-0,04;-0,04;0,0;0,0;-0,03;-0,03;-0,02;-0,02;0,0;0,0;-0,04;-0,04;-0,01;-0,01;-0,01;-0,01;-0,01;-0,01;-0,11;-0,11;0,0;0,0;-0,03;-0,03;0,0;0,0;-0,02;-0,02
07.07.2026;16:45;17:00;0,27;0,19;-0,21;-0,13;-0,02;-0,02;0,0;0,0;0,0;0,0;0,0;0,0;-0,01;-0,01;-0,02;-0,02;0,0;0,0;0,0;0,0;0,0;0,0;0,0;0,0;-0,02;-0,02;0,0;0,0;-0,08;-0,08;0,0;0,0;-0,02;-0,02;-0,03;-0,03;0,0;0,0;-0,07;-0,07;-0,01;-0,01;-0,01;-0,01;-0,01;-0,01;-0,11;-0,11;0,0;0,0;-0,02;-0,02;-0,01;-0,01;-0,02;-0,02
07.07.2026;17:00;17:15;0,89;0,31;-0,16;0,0;-0,03;0,0;0,0;0,0;-0,02;0,0;0,0;0,0;0,0;0,0;-0,02;0,0;0,0;0,0;0,0;0,0;0,0;0,0;0,0;0,0;0,0;0,0;0,0;0,0;-0,09;-0,02;0,0;0,0;0,0;0,0;-0,02;0,0;0,0;0,0;-0,06;0,0;-0,01;0,0;-0,01;0,0;-0,01;0,0;-0,09;-0,02;0,0;0,0;-0,08;-0,01;0,0;0,0;-0,03;0,0
07.07.2026;17:15;17:30;0,56;0,21;-0,17;-0,04;-0,02;0,0;0,0;0,0;-0,01;0,0;0,0;0,0;-0,03;-0,01;-0,02;0,0;0,0;0,0;0,0;0,0;0,0;0,0;0,0;0,0;0,0;0,0;0,0;0,0;-0,08;-0,06;0,0;0,0;-0,01;0,0;-0,02;0,0;0,0;0,0;-0,06;-0,04;0,0;0,0;-0,01;0,0;-0,01;0,0;-0,09;-0,07;0,0;0,0;-0,03;-0,01;0,0;0,0;-0,02;0,0
07.07.2026;17:30;17:45;0,49;0,17;-0,17;-0,08;-0,01;0,0;0,0;0,0;-0,02;0,0;0,0;0,0;-0,09;-0,07;0,0;0,0;0,0;0,0;0,0;0,0;0,0;0,0;0,0;0,0;-0,01;0,0;0,0;0,0;-0,08;-0,06;0,0;0,0;0,0;0,0;-0,02;0,0;0,0;0,0;-0,07;-0,05;-0,02;0,0;-0,01;0,0;-0,01;0,0;-0,08;-0,06;-0,01;0,0;-0,02;0,0;-0,01;0,0;-0,01;0,0
07.07.2026;17:45;18:00;0,56;0,21;-0,18;-0,05;-0,02;0,0;0,0;0,0;0,0;0,0;0,0;0,0;-0,06;-0,04;-0,01;0,0;-0,01;0,0;0,0;0,0;0,0;0,0;0,0;0,0;-0,02;0,0;0,0;0,0;-0,07;-0,05;0,0;0,0;-0,01;0,0;-0,01;0,0;0,0;0,0;-0,07;-0,05;0,0;0,0;-0,01;0,0;0,0;0,0;-0,08;-0,06;0,0;0,0;-0,03;-0,01;-0,01;0,0;-0,02;0,0
07.07.2026;18:00;18:15;0,47;0,19;-0,17;-0,07;-0,02;-0,01;0,0;0,0;-0,01;0,0;-0,01;0,0;-0,03;-0,02;-0,02;-0,01;0,0;0,0;0,0;0,0;-0,01;0,0;0,0;0,0;-0,01;0,0;0,0;0,0;-0,06;-0,05;-0,01;0,0;-0,01;0,0;-0,08;-0,07;0,0;0,0;-0,06;-0,05;-0,01;0,0;-0,01;0,0;-0,01;0,0;-0,08;-0,07;0,0;0,0;-0,02;-0,01;0,0;0,0;-0,03;-0,02
07.07.2026;18:15;18:30;0,23;0,17;-0,22;-0,16;-0,03;-0,03;0,0;0,0;-0,02;-0,02;0,0;0,0;-0,03;-0,03;-0,03;-0,03;0,0;0,0;0,0;0,0;0,0;0,0;0,0;0,0;-0,01;-0,01;-0,01;-0,01;-0,03;-0,03;0,0;0,0;-0,03;-0,03;-0,07;-0,07;0,0;0,0;-0,04;-0,04;-0,01;-0,01;-0,01;-0,01;-0,01;-0,01;-0,08;-0,08;0,0;0,0;-0,04;-0,04;0,0;0,0;-0,04;-0,04
07.07.2026;18:30;18:45;0,26;0,19;-0,28;-0,21;-0,02;-0,02;0,0;0,0;-0,01;-0,01;0,0;0,0;-0,04;-0,04;-0,05;-0,05;0,0;0,0;0,0;0,0;0,0;0,0;0,0;0,0;0,0;0,0;0,0;0,0;-0,03;-0,03;0,0;0,0;-0,02;-0,02;-0,06;-0,06;0,0;0,0;-0,01;-0,01;-0,01;-0,01;-0,01;-0,01;-0,01;-0,01;-0,08;-0,08;0,0;0,0;-0,02;-0,02;-0,01;-0,01;-0,03;-0,03
07.07.2026;18:45;19:00;0,28;0,2;-0,16;-0,08;-0,01;-0,01;0,0;0,0;-0,02;-0,02;0,0;0,0;-0,03;-0,03;-0,21;-0,21;0,0;0,0;0,0;0,0;0,0;0,0;0,0;0,0;0,0;0,0;0,0;0,0;-0,02;-0,02;0,0;0,0;-0,03;-0,03;-0,06;-0,06;0,0;0,0;-0,01;-0,01;-0,01;-0,01;-0,08;-0,08;-0,01;-0,01;-0,07;-0,07;0,0;0,0;-0,03;-0,03;-0,01;-0,01;-0,02;-0,02
07.07.2026;19:00;19:15;0,15;0,11;-0,18;-0,14;-0,02;-0,02;-0,01;-0,01;0,0;0,0;0,0;0,0;-0,03;-0,03;-0,06;-0,06;0,0;0,0;0,0;0,0;0,0;0,0;-0,01;-0,01;-0,02;-0,02;0,0;0,0;-0,1;-0,1;0,0;0,0;-0,03;-0,03;-0,07;-0,07;0,0;0,0;-0,01;-0,01;-0,01;-0,01;-0,04;-0,04;-0,01;-0,01;-0,07;-0,07;0,0;0,0;-0,02;-0,02;0,0;0,0;-0,02;-0,02
07.07.2026;19:15;19:30;0,1;0,1;-0,34;-0,34;-0,02;-0,02;0,0;0,0;-0,01;-0,01;0,0;0,0;-0,04;-0,04;-0,07;-0,07;0,0;0,0;0,0;0,0;0,0;0,0;0,0;0,0;-0,02;-0,02;0,0;0,0;-0,08;-0,08;0,0;0,0;-0,02;-0,02;-0,06;-0,06;0,0;0,0;0,0;0,0;0,0;0,0;-0,27;-0,27;0,0;0,0;-0,08;-0,08;0,0;0,0;-0,03;-0,03;0,0;0,0;-0,04;-0,04
07.07.2026;19:30;19:45;0,09;0,09;-0,21;-0,21;-0,08;-0,08;0,0;0,0;-0,01;-0,01;0,0;0,0;-0,03;-0,03;-0,06;-0,06;0,0;0,0;0,0;0,0;0,0;0,0;0,0;0,0;0,0;0,0;0,0;0,0;-0,01;-0,01;0,0;0,0;-0,02;-0,02;-0,06;-0,06;0,0;0,0;-0,01;-0,01;-0,01;-0,01;-0,32;-0,32;-0,01;-0,01;-0,08;-0,08;-0,01;-0,01;-0,02;-0,02;-0,01;-0,01;-0,04;-0,04
07.07.2026;19:45;20:00;0,03;0,03;-0,18;-0,18;-0,05;-0,05;0,0;0,0;-0,02;-0,02;0,0;0,0;-0,03;-0,03;-0,07;-0,07;0,0;0,0;0,0;0,0;0,0;0,0;0,0;0,0;-0,01;-0,01;0,0;0,0;-0,02;-0,02;0,0;0,0;-0,01;-0,01;-0,06;-0,06;0,0;0,0;-0,01;-0,01;-0,01;-0,01;-0,21;-0,21;-0,01;-0,01;-0,08;-0,08;0,0;0,0;-0,03;-0,03;-0,01;-0,01;-0,04;-0,04
07.07.2026;20:00;20:15;0,0;0,0;-0,26;-0,26;-0,02;-0,02;0,0;0,0;-0,01;-0,01;-0,01;-0,01;-0,03;-0,03;-0,07;-0,07;0,0;0,0;0,0;0,0;0,0;0,0;0,0;0,0;-0,01;-0,01;0,0;0,0;-0,02;-0,02;0,0;0,0;-0,01;-0,01;-0,06;-0,06;0,0;0,0;-0,02;-0,02;-0,01;-0,01;-0,06;-0,06;-0,01;-0,01;-0,1;-0,1;0,0;0,0;-0,01;-0,01;0,0;0,0;-0,03;-0,03
07.07.2026;20:15;20:30;0,0;0,0;-0,19;-0,19;-0,03;-0,03;0,0;0,0;-0,01;-0,01;0,0;0,0;-0,04;-0,04;-0,07;-0,07;-0,01;-0,01;0,0;0,0;0,0;0,0;0,0;0,0;-0,04;-0,04;0,0;0,0;-0,02;-0,02;0,0;0,0;-0,02;-0,02;-0,05;-0,05;0,0;0,0;0,0;0,0;-0,01;-0,01;-0,06;-0,06;-0,01;-0,01;-0,08;-0,08;0,0;0,0;-0,04;-0,04;0,0;0,0;-0,02;-0,02
07.07.2026;20:30;20:45;0,0;0,0;-0,18;-0,18;-0,05;-0,05;0,0;0,0;-0,01;-0,01;0,0;0,0;-0,08;-0,08;-0,07;-0,07;0,0;0,0;0,0;0,0;-0,01;-0,01;0,0;0,0;-0,03;-0,03;0,0;0,0;-0,08;-0,08;-0,01;-0,01;-0,03;-0,03;-0,05;-0,05;0,0;0,0;-0,01;-0,01;0,0;0,0;-0,09;-0,09;-0,01;-0,01;-0,06;-0,06;0,0;0,0;-0,01;-0,01;-0,01;-0,01;-0,02;-0,02
07.07.2026;20:45;21:00;0,0;0,0;-0,17;-0,17;-0,02;-0,02;0,0;0,0;-0,01;-0,01;0,0;0,0;-0,1;-0,1;-0,07;-0,07;0,0;0,0;0,0;0,0;0,0;0,0;0,0;0,0;-0,02;-0,02;0,0;0,0;-0,08;-0,08;0,0;0,0;-0,03;-0,03;-0,04;-0,04;-0,01;-0,01;-0,01;-0,01;-0,02;-0,02;-0,64;-0,64;-0,01;-0,01;-0,05;-0,05;0,0;0,0;-0,04;-0,04;0,0;0,0;-0,02;-0,02
07.07.2026;21:00;21:15;0,0;0,0;-0,19;-0,19;-0,03;-0,03;0,0;0,0;-0,02;-0,02;0,0;0,0;-0,08;-0,08;-0,06;-0,06;0,0;0,0;0,0;0,0;0,0;0,0;0,0;0,0;-0,01;-0,01;0,0;0,0;-0,07;-0,07;0,0;0,0;-0,02;-0,02;-0,04;-0,04;0,0;0,0;-0,08;-0,08;-0,01;-0,01;-0,22;-0,22;0,0;0,0;-0,14;-0,14;0,0;0,0;-0,04;-0,04;-0,01;-0,01;-0,03;-0,03
07.07.2026;21:15;21:30;0,0;0,0;-0,19;-0,19;-0,02;-0,02;0,0;0,0;-0,01;-0,01;0,0;0,0;-0,07;-0,07;-0,06;-0,06;0,0;0,0;-0,01;-0,01;0,0;0,0;0,0;0,0;-0,02;-0,02;0,0;0,0;-0,09;-0,09;0,0;0,0;-0,03;-0,03;-0,04;-0,04;0,0;0,0;-0,29;-0,29;0,0;0,0;-0,14;-0,14;-0,01;-0,01;-0,13;-0,13;0,0;0,0;-0,04;-0,04;-0,01;-0,01;-0,02;-0,02
07.07.2026;21:30;21:45;0,0;0,0;-0,18;-0,18;-0,04;-0,04;0,0;0,0;0,0;0,0;0,0;0,0;-0,07;-0,07;-0,06;-0,06;0,0;0,0;0,0;0,0;0,0;0,0;0,0;0,0;-0,03;-0,03;0,0;0,0;-0,07;-0,07;0,0;0,0;-0,03;-0,03;-0,05;-0,05;0,0;0,0;-0,92;-0,92;-0,02;-0,02;-0,17;-0,17;-0,01;-0,01;-0,14;-0,14;-0,01;-0,01;-0,04;-0,04;0,0;0,0;-0,02;-0,02
07.07.2026;21:45;22:00;0,0;0,0;-0,21;-0,21;-0,03;-0,03;0,0;0,0;-0,01;-0,01;0,0;0,0;-0,06;-0,06;-0,05;-0,05;0,0;0,0;0,0;0,0;0,0;0,0;0,0;0,0;-0,02;-0,02;-0,01;-0,01;-0,07;-0,07;0,0;0,0;-0,08;-0,08;-0,05;-0,05;0,0;0,0;-0,72;-0,72;0,0;0,0;-0,08;-0,08;-0,01;-0,01;-0,16;-0,16;0,0;0,0;-0,01;-0,01;0,0;0,0;-0,01;-0,01
07.07.2026;22:00;22:15;0,0;0,0;-0,19;-0,19;-0,03;-0,03;0,0;0,0;-0,02;-0,02;-0,01;-0,01;-0,04;-0,04;-0,05;-0,05;0,0;0,0;0,0;0,0;0,0;0,0;0,0;0,0;-0,01;-0,01;0,0;0,0;-0,07;-0,07;0,0;0,0;-0,33;-0,33;-0,05;-0,05;0,0;0,0;-0,15;-0,15;-0,01;-0,01;-0,35;-0,35;-0,01;-0,01;-0,2;-0,2;0,0;0,0;-0,04;-0,04;-0,01;-0,01;-0,01;-0,01
07.07.2026;22:15;22:30;0,0;0,0;-0,16;-0,16;-0,02;-0,02;-0,01;-0,01;-0,01;-0,01;0,0;0,0;-0,03;-0,03;-0,02;-0,02;0,0;0,0;0,0;0,0;0,0;0,0;0,0;0,0;-0,01;-0,01;0,0;0,0;-0,07;-0,07;0,0;0,0;-0,22;-0,22;-0,05;-0,05;0,0;0,0;-0,05;-0,05;-0,01;-0,01;-0,46;-0,46;-0,01;-0,01;-0,19;-0,19;0,0;0,0;-0,02;-0,02;-0,01;-0,01;-0,02;-0,02
07.07.2026;22:30;22:45;0,0;0,0;-0,17;-0,17;-0,03;-0,03;0,0;0,0;-0,01;-0,01;0,0;0,0;-0,02;-0,02;-0,02;-0,02;0,0;0,0;0,0;0,0;0,0;0,0;0,0;0,0;-0,02;-0,02;0,0;0,0;-0,07;-0,07;0,0;0,0;-0,04;-0,04;-0,05;-0,05;0,0;0,0;-0,03;-0,03;0,0;0,0;-0,26;-0,26;0,0;0,0;-0,11;-0,11;0,0;0,0;-0,03;-0,03;0,0;0,0;-0,02;-0,02
07.07.2026;22:45;23:00;0,0;0,0;-0,18;-0,18;-0,03;-0,03;0,0;0,0;-0,01;-0,01;0,0;0,0;-0,04;-0,04;-0,02;-0,02;-0,01;-0,01;0,0;0,0;0,0;0,0;0,0;0,0;-0,01;-0,01;0,0;0,0;-0,07;-0,07;0,0;0,0;-0,05;-0,05;-0,04;-0,04;0,0;0,0;-0,07;-0,07;-0,02;-0,02;-0,24;-0,24;-0,01;-0,01;-0,02;-0,02;0,0;0,0;-0,02;-0,02;0,0;0,0;-0,03;-0,03
07.07.2026;23:00;23:15;0,0;0,0;-0,16;-0,16;-0,04;-0,04;0,0;0,0;-0,01;-0,01;0,0;0,0;-0,01;-0,01;-0,02;-0,02;0,0;0,0;0,0;0,0;-0,01;-0,01;0,0;0,0;-0,01;-0,01;0,0;0,0;-0,07;-0,07;-0,01;-0,01;-0,03;-0,03;-0,02;-0,02;0,0;0,0;-0,43;-0,43;0,0;0,0;-0,24;-0,24;-0,01;-0,01;-0,02;-0,02;0,0;0,0;-0,02;-0,02;-0,01;-0,01;-0,1;-0,1
07.07.2026;23:15;23:30;0,0;0,0;-0,2;-0,2;-0,04;-0,04;0,0;0,0;-0,02;-0,02;0,0;0,0;-0,02;-0,02;-0,02;-0,02;0,0;0,0;0,0;0,0;0,0;0,0;0,0;0,0;0,0;0,0;0,0;0,0;-0,07;-0,07;0,0;0,0;-0,04;-0,04;-0,02;-0,02;0,0;0,0;-0,02;-0,02;-0,01;-0,01;-0,15;-0,15;-0,01;-0,01;-0,01;-0,01;0,0;0,0;-0,03;-0,03;0,0;0,0;-0,1;-0,1
07.07.2026;23:30;23:45;0,0;0,0;-0,22;-0,22;-0,05;-0,05;0,0;0,0;-0,01;-0,01;0,0;0,0;-0,01;-0,01;-0,03;-0,03;0,0;0,0;0,0;0,0;0,0;0,0;0,0;0,0;-0,01;-0,01;0,0;0,0;-0,03;-0,03;0,0;0,0;-0,02;-0,02;-0,02;-0,02;0,0;0,0;-0,03;-0,03;-0,01;-0,01;-0,16;-0,16;-0,01;-0,01;-0,02;-0,02;-0,01;-0,01;-0,02;-0,02;-0,01;-0,01;-0,07;-0,07
07.07.2026;23:45;00:00;0,0;0,0;-0,19;-0,19;-0,05;-0,05;0,0;0,0;-0,01;-0,01;0,0;0,0;-0,01;-0,01;-0,02;-0,02;0,0;0,0;0,0;0,0;0,0;0,0;0,0;0,0;-0,02;-0,02;0,0;0,0;-0,07;-0,07;0,0;0,0;-0,01;-0,01;-0,02;-0,02;0,0;0,0;-0,04;-0,04;-0,01;-0,01;-0,22;-0,22;-0,01;-0,01;-0,02;-0,02;0,0;0,0;-0,03;-0,03;0,0;0,0;-0,06;-0,06
08.07.2026;00:00;00:15;0,0;0,0;-0,16;-0,16;-0,03;-0,03;0,0;0,0;0,0;0,0;-0,01;-0,01;-0,01;-0,01;-0,02;-0,02;0,0;0,0;0,0;0,0;0,0;0,0;-0,01;-0,01;-0,01;-0,01;0,0;0,0;-0,07;-0,07;0,0;0,0;-0,03;-0,03;-0,01;-0,01;0,0;0,0;-0,01;-0,01;-0,01;-0,01;-0,2;-0,2;0,0;0,0;-0,01;-0,01;0,0;0,0;-0,02;-0,02;-0,01;-0,01;-0,01;-0,01
08.07.2026;00:15;00:30;0,0;0,0;-0,17;-0,17;-0,03;-0,03;0,0;0,0;-0,02;-0,02;0,0;0,0;-0,01;-0,01;-0,02;-0,02;0,0;0,0;0,0;0,0;0,0;0,0;0,0;0,0;0,0;0,0;0,0;0,0;-0,07;-0,07;0,0;0,0;-0,03;-0,03;-0,01;-0,01;0,0;0,0;-0,01;-0,01;-0,01;-0,01;-0,24;-0,24;-0,01;-0,01;-0,02;-0,02;0,0;0,0;-0,02;-0,02;0,0;0,0;-0,01;-0,01
08.07.2026;00:30;00:45;0,0;0,0;-0,17;-0,17;-0,03;-0,03;0,0;0,0;-0,01;-0,01;0,0;0,0;-0,01;-0,01;-0,02;-0,02;0,0;0,0;0,0;0,0;0,0;0,0;0,0;0,0;-0,01;-0,01;0,0;0,0;-0,06;-0,06;0,0;0,0;-0,02;-0,02;-0,01;-0,01;0,0;0,0;0,0;0,0;0,0;0,0;-0,23;-0,23;-0,01;-0,01;-0,01;-0,01;0,0;0,0;-0,02;-0,02;0,0;0,0;-0,03;-0,03
08.07.2026;00:45;01:00;0,0;0,0;-0,17;-0,17;-0,02;-0,02;0,0;0,0;-0,02;-0,02;0,0;0,0;-0,01;-0,01;-0,02;-0,02;0,0;0,0;0,0;0,0;0,0;0,0;0,0;0,0;-0,01;-0,01;0,0;0,0;-0,07;-0,07;0,0;0,0;-0,02;-0,02;-0,03;-0,03;0,0;0,0;-0,01;-0,01;-0,01;-0,01;-0,17;-0,17;-0,01;-0,01;-0,02;-0,02;0,0;0,0;-0,02;-0,02;-0,01;-0,01;-0,02;-0,02
08.07.2026;01:00;01:15;0,0;0,0;-0,17;-0,17;-0,03;-0,03;0,0;0,0;0,0;0,0;0,0;0,0;0,0;0,0;-0,01;-0,01;0,0;0,0;0,0;0,0;0,0;0,0;0,0;0,0;-0,01;-0,01;-0,01;-0,01;-0,07;-0,07;0,0;0,0;-0,02;-0,02;-0,02;-0,02;0,0;0,0;-0,01;-0,01;-0,01;-0,01;-0,1;-0,1;-0,01;-0,01;-0,01;-0,01;0,0;0,0;-0,02;-0,02;-0,01;-0,01;-0,02;-0,02
08.07.2026;01:15;01:30;0,0;0,0;-0,18;-0,18;-0,02;-0,02;0,0;0,0;-0,01;-0,01;0,0;0,0;-0,01;-0,01;-0,01;-0,01;-0,01;-0,01;0,0;0,0;0,0;0,0;0,0;0,0;-0,02;-0,02;0,0;0,0;-0,08;-0,08;0,0;0,0;-0,01;-0,01;-0,02;-0,02;0,0;0,0;0,0;0,0;0,0;0,0;-0,09;-0,09;-0,01;-0,01;-0,02;-0,02;0,0;0,0;-0,02;-0,02;0,0;0,0;-0,02;-0,02
08.07.2026;01:30;01:45;0,0;0,0;-0,16;-0,16;-0,02;-0,02;-0,01;-0,01;-0,01;-0,01;0,0;0,0;-0,01;-0,01;-0,02;-0,02;0,0;0,0;0,0;0,0;-0,01;-0,01;0,0;0,0;0,0;0,0;0,0;0,0;-0,07;-0,07;-0,01;-0,01;-0,01;-0,01;-0,03;-0,03;0,0;0,0;-0,01;-0,01;-0,02;-0,02;-0,08;-0,08;-0,01;-0,01;-0,01;-0,01;-0,01;-0,01;-0,01;-0,01;-0,01;-0,01;-0,02;-0,02
08.07.2026;01:45;02:00;0,0;0,0;-0,17;-0,17;-0,02;-0,02;0,0;0,0;-0,02;-0,02;0,0;0,0;-0,01;-0,01;-0,02;-0,02;0,0;0,0;0,0;0,0;0,0;0,0;0,0;0,0;0,0;0,0;0,0;0,0;-0,02;-0,02;0,0;0,0;-0,01;-0,01;-0,02;-0,02;-0,01;-0,01;-0,01;-0,01;-0,01;-0,01;-0,08;-0,08;0,0;0,0;-0,02;-0,02;0,0;0,0;-0,02;-0,02;0,0;0,0;-0,02;-0,02
08.07.2026;02:00;02:15;0,0;0,0;-0,18;-0,18;-0,02;-0,02;0,0;0,0;-0,01;-0,01;-0,01;-0,01;-0,01;-0,01;-0,02;-0,02;0,0;0,0;0,0;0,0;0,0;0,0;0,0;0,0;-0,01;-0,01;0,0;0,0;-0,02;-0,02;0,0;0,0;-0,03;-0,03;-0,02;-0,02;0,0;0,0;-0,01;-0,01;0,0;0,0;-0,05;-0,05;-0,01;-0,01;-0,02;-0,02;0,0;0,0;0,0;0,0;0,0;0,0;-0,01;-0,01
08.07.2026;02:15;02:30;0,0;0,0;-0,17;-0,17;-0,03;-0,03;0,0;0,0;-0,01;-0,01;0,0;0,0;-0,01;-0,01;-0,02;-0,02;0,0;0,0;-0,01;-0,01;0,0;0,0;0,0;0,0;-0,02;-0,02;0,0;0,0;-0,02;-0,02;0,0;0,0;-0,02;-0,02;-0,01;-0,01;0,0;0,0;-0,01;-0,01;-0,02;-0,02;-0,01;-0,01;-0,01;-0,01;-0,01;-0,01;0,0;0,0;-0,02;-0,02;-0,01;-0,01;-0,02;-0,02
08.07.2026;02:30;02:45;0,0;0,0;-0,17;-0,17;-0,02;-0,02;0,0;0,0;-0,01;-0,01;0,0;0,0;0,0;0,0;-0,02;-0,02;0,0;0,0;0,0;0,0;0,0;0,0;0,0;0,0;-0,01;-0,01;0,0;0,0;-0,02;-0,02;0,0;0,0;-0,03;-0,03;-0,02;-0,02;0,0;0,0;-0,01;-0,01;0,0;0,0;-0,02;-0,02;-0,01;-0,01;-0,02;-0,02;0,0;0,0;0,0;0,0;-0,01;-0,01;-0,02;-0,02
08.07.2026;02:45;03:00;0,0;0,0;-0,17;-0,17;-0,01;-0,01;0,0;0,0;-0,01;-0,01;0,0;0,0;-0,02;-0,02;-0,02;-0,02;0,0;0,0;0,0;0,0;0,0;0,0;0,0;0,0;-0,01;-0,01;0,0;0,0;-0,02;-0,02;0,0;0,0;-0,02;-0,02;-0,01;-0,01;0,0;0,0;0,0;0,0;-0,01;-0,01;0,0;0,0;-0,01;-0,01;-0,02;-0,02;0,0;0,0;-0,02;-0,02;0,0;0,0;-0,02;-0,02
08.07.2026;03:00;03:15;0,0;0,0;-0,17;-0,17;-0,02;-0,02;0,0;0,0;-0,02;-0,02;0,0;0,0;-0,01;-0,01;-0,02;-0,02;0,0;0,0;0,0;0,0;0,0;0,0;0,0;0,0;0,0;0,0;0,0;0,0;-0,01;-0,01;0,0;0,0;-0,01;-0,01;-0,01;-0,01;0,0;0,0;-0,01;-0,01;-0,01;-0,01;-0,02;-0,02;-0,01;-0,01;-0,01;-0,01;0,0;0,0;0,0;0,0;0,0;0,0;-0,02;-0,02
08.07.2026;03:15;03:30;0,0;0,0;-0,18;-0,18;-0,03;-0,03;0,0;0,0;-0,01;-0,01;0,0;0,0;0,0;0,0;-0,02;-0,02;0,0;0,0;0,0;0,0;0,0;0,0;0,0;0,0;-0,01;-0,01;0,0;0,0;-0,02;-0,02;0,0;0,0;-0,01;-0,01;-0,02;-0,02;0,0;0,0;-0,01;-0,01;0,0;0,0;-0,01;-0,01;-0,01;-0,01;-0,02;-0,02;0,0;0,0;-0,02;-0,02;-0,01;-0,01;-0,03;-0,03
08.07.2026;03:30;03:45;0,0;0,0;-0,17;-0,17;-0,02;-0,02;0,0;0,0;-0,01;-0,01;0,0;0,0;-0,02;-0,02;-0,02;-0,02;0,0;0,0;0,0;0,0;0,0;0,0;0,0;0,0;-0,02;-0,02;0,0;0,0;-0,01;-0,01;0,0;0,0;-0,01;-0,01;-0,02;-0,02;0,0;0,0;-0,01;-0,01;-0,02;-0,02;-0,02;-0,02;0,0;0,0;-0,01;-0,01;-0,01;-0,01;0,0;0,0;-0,01;-0,01;-0,01;-0,01
08.07.2026;03:45;04:00;0,0;0,0;-0,17;-0,17;-0,02;-0,02;0,0;0,0;-0,01;-0,01;0,0;0,0;0,0;0,0;-0,02;-0,02;-0,01;-0,01;0,0;0,0;0,0;0,0;0,0;0,0;-0,01;-0,01;0,0;0,0;-0,02;-0,02;0,0;0,0;-0,03;-0,03;-0,03;-0,03;0,0;0,0;0,0;0,0;0,0;0,0;-0,01;-0,01;-0,01;-0,01;-0,02;-0,02;0,0;0,0;-0,02;-0,02;0,0;0,0;-0,01;-0,01
08.07.2026;04:00;04:15;0,0;0,0;-0,17;-0,17;-0,01;-0,01;0,0;0,0;-0,01;-0,01;-0,01;-0,01;-0,01;-0,01;-0,02;-0,02;0,0;0,0;0,0;0,0;-0,01;-0,01;0,0;0,0;0,0;0,0;0,0;0,0;-0,01;-0,01;-0,01;-0,01;-0,02;-0,02;-0,02;-0,02;0,0;0,0;-0,02;-0,02;-0,01;-0,01;0,0;0,0;-0,01;-0,01;-0,01;-0,01;0,0;0,0;0,0;0,0;0,0;0,0;-0,02;-0,02
08.07.2026;04:15;04:30;0,0;0,0;-0,18;-0,18;-0,03;-0,03;0,0;0,0;-0,01;-0,01;0,0;0,0;-0,01;-0,01;-0,01;-0,01;0,0;0,0;0,0;0,0;0,0;0,0;0,0;0,0;-0,01;-0,01;-0,01;-0,01;-0,02;-0,02;0,0;0,0;-0,02;-0,02;-0,02;-0,02;0,0;0,0;-0,01;-0,01;-0,02;-0,02;-0,02;-0,02;-0,01;-0,01;-0,02;-0,02;0,0;0,0;-0,03;-0,03;-0,01;-0,01;-0,02;-0,02
08.07.2026;04:30;04:45;0,0;0,0;-0,17;-0,17;-0,02;-0,02;0,0;0,0;-0,01;-0,01;0,0;0,0;-0,01;-0,01;-0,02;-0,02;0,0;0,0;0,0;0,0;0,0;0,0;0,0;0,0;0,0;0,0;0,0;0,0;-0,01;-0,01;0,0;0,0;-0,03;-0,03;-0,01;-0,01;0,0;0,0;-0,01;-0,01;0,0;0,0;-0,01;-0,01;-0,01;-0,01;-0,01;-0,01;0,0;0,0;0,0;0,0;0,0;0,0;-0,02;-0,02
08.07.2026;04:45;05:00;0,0;0,0;-0,17;-0,17;-0,01;-0,01;0,0;0,0;-0,01;-0,01;0,0;0,0;-0,01;-0,01;-0,01;-0,01;0,0;0,0;0,0;0,0;0,0;0,0;0,0;0,0;-0,02;-0,02;0,0;0,0;-0,01;-0,01;0,0;0,0;-0,01;-0,01;-0,01;-0,01;0,0;0,0;0,0;0,0;-0,01;-0,01;-0,01;-0,01;-0,01;-0,01;-0,02;-0,02;0,0;0,0;-0,02;-0,02;-0,01;-0,01;-0,02;-0,02
08.07.2026;05:00;05:15;0,0;0,0;-0,17;-0,17;-0,02;-0,02;-0,01;-0,01;-0,01;-0,01;0,0;0,0;-0,01;-0,01;-0,01;-0,01;0,0;0,0;0,0;0,0;0,0;0,0;-0,01;-0,01;-0,02;-0,02;0,0;0,0;-0,02;-0,02;0,0;0,0;-0,01;-0,01;-0,02;-0,02;0,0;0,0;-0,01;-0,01;-0,01;-0,01;-0,01;-0,01;0,0;0,0;-0,01;-0,01;0,0;0,0;0,0;0,0;0,0;0,0;-0,02;-0,02
08.07.2026;05:15;05:30;0,0;0,0;-0,18;-0,18;-0,02;-0,02;0,0;0,0;-0,02;-0,02;0,0;0,0;0,0;0,0;-0,02;-0,02;0,0;0,0;0,0;0,0;0,0;0,0;0,0;0,0;0,0;0,0;0,0;0,0;-0,01;-0,01;0,0;0,0;-0,01;-0,01;-0,11;-0,11;0,0;0,0;-0,01;-0,01;0,0;0,0;-0,01;-0,01;-0,01;-0,01;-0,02;-0,02;0,0;0,0;-0,02;-0,02;-0,01;-0,01;-0,02;-0,02
08.07.2026;05:30;05:45;0,02;0,02;-0,18;-0,18;-0,02;-0,02;0,0;0,0;-0,01;-0,01;0,0;0,0;-0,01;-0,01;-0,02;-0,02;0,0;0,0;0,0;0,0;0,0;0,0;0,0;0,0;0,0;0,0;0,0;0,0;-0,01;-0,01;0,0;0,0;-0,02;-0,02;-0,02;-0,02;0,0;0,0;-0,05;-0,05;-0,02;-0,02;-0,01;-0,01;-0,01;-0,01;-0,03;-0,03;-0,01;-0,01;0,0;0,0;0,0;0,0;-0,01;-0,01
08.07.2026;05:45;06:00;0,09;0,09;-0,27;-0,27;-0,02;-0,02;0,0;0,0;-0,01;-0,01;0,0;0,0;-0,01;-0,01;-0,01;-0,01;0,0;0,0;0,0;0,0;0,0;0,0;0,0;0,0;-0,01;-0,01;0,0;0,0;-0,02;-0,02;0,0;0,0;-0,02;-0,02;-0,08;-0,08;0,0;0,0;-0,02;-0,02;0,0;0,0;-0,02;-0,02;-0,01;-0,01;-0,05;-0,05;0,0;0,0;-0,01;-0,01;-0,01;-0,01;-0,02;-0,02
08.07.2026;06:00;06:15;0,19;0,14;-0,29;-0,24;-0,02;-0,02;0,0;0,0;-0,01;-0,01;-0,01;-0,01;-0,01;-0,01;-0,02;-0,02;0,0;0,0;0,0;0,0;0,0;0,0;0,0;0,0;-0,02;-0,02;0,0;0,0;-0,01;-0,01;0,0;0,0;-0,03;-0,03;-0,03;-0,03;0,0;0,0;-0,02;-0,02;-0,01;-0,01;-0,01;-0,01;-0,01;-0,01;-0,01;-0,01;0,0;0,0;-0,01;-0,01;0,0;0,0;-0,02;-0,02
08.07.2026;06:15;06:30;0,3;0,11;-0,19;-0,16;-0,02;-0,01;0,0;0,0;-0,01;0,0;0,0;0,0;-0,01;0,0;-0,02;-0,01;-0,01;0,0;0,0;0,0;0,0;0,0;0,0;0,0;-0,2;-0,19;0,0;0,0;-0,02;-0,01;0,0;0,0;-0,02;-0,01;-0,02;-0,01;0,0;0,0;-0,03;-0,02;-0,01;0,0;0,0;0,0;-0,01;0,0;-0,02;-0,01;0,0;0,0;-0,01;0,0;-0,01;0,0;-0,02;-0,01
08.07.2026;06:30;06:45;0,31;0,11;-0,23;-0,18;-0,02;-0,01;0,0;0,0;-0,02;-0,01;0,0;0,0;-0,01;0,0;-0,02;-0,01;0,0;0,0;0,0;0,0;-0,01;0,0;0,0;0,0;-0,07;-0,06;0,0;0,0;-0,01;0,0;-0,01;0,0;-0,01;0,0;-0,02;-0,01;0,0;0,0;-0,01;0,0;0,0;0,0;-0,01;0,0;-0,01;0,0;-0,02;-0,01;0,0;0,0;0,0;0,0;0,0;0,0;-0,02;-0,01
08.07.2026;06:45;07:00;0,45;0,2;-0,22;-0,12;-0,08;-0,07;0,0;0,0;-0,01;0,0;0,0;0,0;0,0;0,0;-0,02;-0,01;0,0;0,0;0,0;0,0;0,0;0,0;0,0;0,0;-0,01;0,0;0,0;0,0;-0,02;-0,01;0,0;0,0;-0,01;0,0;-0,01;0,0;-0,01;0,0;-0,01;0,0;-0,03;-0,02;-0,02;-0,01;0,0;0,0;-0,03;-0,02;0,0;0,0;-0,02;-0,01;-0,01;0,0;-0,02;-0,01
08.07.2026;07:00;07:15;0,32;0,12;-0,19;-0,13;-0,03;-0,02;0,0;0,0;-0,01;0,0;0,0;0,0;-0,01;0,0;-0,02;-0,01;0,0;0,0;0,0;0,0;0,0;0,0;0,0;0,0;-0,01;0,0;0,0;0,0;-0,03;-0,02;0,0;0,0;-0,01;0,0;-0,02;-0,01;0,0;0,0;0,0;0,0;-0,01;0,0;-0,01;0,0;-0,01;0,0;-0,02;-0,01;0,0;0,0;-0,01;0,0;0,0;0,0;-0,01;0,0
08.07.2026;07:15;07:30;0,68;0,31;-0,19;-0,01;-0,01;0,0;0,0;0,0;0,0;0,0;0,0;0,0;-0,02;0,0;-0,01;0,0;0,0;0,0;-0,01;0,0;0,0;0,0;0,0;0,0;-0,01;0,0;0,0;0,0;-0,02;0,0;0,0;0,0;-0,02;0,0;-0,01;0,0;0,0;0,0;-0,01;0,0;0,0;0,0;-0,01;0,0;-0,01;0,0;-0,02;0,0;0,0;0,0;-0,01;0,0;0,0;0,0;-0,02;0,0
08.07.2026;07:30;07:45;0,99;0,42;-0,21;0,0;-0,23;-0,15;0,0;0,0;-0,02;0,0;0,0;0,0;-0,01;0,0;-0,02;0,0;0,0;0,0;0,0;0,0;0,0;0,0;0,0;0,0;-0,02;0,0;0,0;0,0;-0,02;0,0;0,0;0,0;-0,02;0,0;-0,01;0,0;0,0;0,0;-0,01;0,0;-0,02;0,0;0,0;0,0;-0,01;0,0;-0,07;0,0;-0,01;0,0;0,0;0,0;-0,01;0,0;-0,03;0,0
08.07.2026;07:45;08:00;0,88;0,32;-0,19;0,0;-0,04;0,0;0,0;0,0;-0,01;0,0;0,0;0,0;-0,01;0,0;-0,02;0,0;0,0;0,0;0,0;0,0;0,0;0,0;0,0;0,0;0,0;0,0;-0,01;0,0;-0,02;0,0;0,0;0,0;-0,02;0,0;-0,02;0,0;0,0;0,0;-0,07;0,0;0,0;0,0;-0,02;0,0;-0,01;0,0;-0,12;-0,05;0,0;0,0;-0,02;0,0;-0,01;0,0;-0,02;0,0
08.07.2026;08:00;08:15;1,2;0,5;-0,18;0,0;-0,1;0,0;0,0;0,0;-0,02;0,0;-0,01;0,0;-0,01;0,0;-0,04;0,0;0,0;0,0;0,0;0,0;0,0;0,0;0,0;0,0;-0,01;0,0;0,0;0,0;-0,02;0,0;0,0;0,0;-0,03;0,0;-0,02;0,0;0,0;0,0;-0,1;0,0;-0,01;0,0;-0,01;0,0;-0,01;0,0;-0,11;-0,01;0,0;0,0;-0,01;0,0;0,0;0,0;-0,02;0,0
08.07.2026;08:15;08:30;1,15;0,48;-0,21;0,0;-0,09;0,0;-0,01;0,0;0,0;0,0;0,0;0,0;-0,01;0,0;-0,07;0,0;0,0;0,0;0,0;0,0;0,0;0,0;0,0;0,0;0,0;0,0;0,0;0,0;-0,02;0,0;0,0;0,0;-0,01;0,0;-0,02;0,0;0,0;0,0;-0,04;0,0;-0,01;0,0;-0,04;0,0;0,0;0,0;-0,1;0,0;0,0;0,0;-0,01;0,0;-0,01;0,0;-0,02;0,0
08.07.2026;08:30;08:45;0,41;0,18;-0,27;-0,19;-0,03;-0,02;0,0;0,0;-0,01;0,0;0,0;0,0;-0,01;0,0;-0,06;-0,05;0,0;0,0;0,0;0,0;0,0;0,0;0,0;0,0;-0,01;0,0;0,0;0,0;-0,01;0,0;0,0;0,0;-0,02;-0,01;-0,03;-0,02;0,0;0,0;-0,03;-0,02;-0,01;0,0;-0,18;-0,17;-0,01;0,0;-0,1;-0,09;0,0;0,0;-0,01;0,0;0,0;0,0;-0,01;0,0
08.07.2026;08:45;09:00;0,0;0,0;-0,19;-0,19;-0,08;-0,08;0,0;0,0;-0,01;-0,01;0,0;0,0;-0,01;-0,01;-0,06;-0,06;-0,01;-0,01;0,0;0,0;0,0;0,0;0,0;0,0;-0,02;-0,02;0,0;0,0;-0,01;-0,01;0,0;0,0;-0,01;-0,01;-0,02;-0,02;0,0;0,0;-0,02;-0,02;-0,01;-0,01;-0,19;-0,19;-0,01;-0,01;-0,12;-0,12;0,0;0,0;-0,01;-0,01;-0,01;-0,01;-0,01;-0,01
08.07.2026;09:00;09:15;0,0;0,0;-0,19;-0,19;-0,07;-0,07;0,0;0,0;-0,02;-0,02;0,0;0,0;0,0;0,0;-0,06;-0,06;0,0;0,0;0,0;0,0;-0,01;-0,01;0,0;0,0;-0,01;-0,01;0,0;0,0;-0,02;-0,02;-0,01;-0,01;-0,02;-0,02;-0,02;-0,02;0,0;0,0;-0,02;-0,02;-0,01;-0,01;-0,07;-0,07;-0,01;-0,01;-0,06;-0,06;0,0;0,0;-0,01;-0,01;0,0;0,0;-0,02;-0,02
08.07.2026;09:15;09:30;1,44;0,92;-0,2;0,0;-0,07;0,0;0,0;0,0;-0,01;0,0;0,0;0,0;-0,01;0,0;-0,05;0,0;0,0;0,0;0,0;0,0;0,0;0,0;0,0;0,0;0,0;0,0;0,0;0,0;-0,01;0,0;0,0;0,0;-0,02;0,0;-0,01;0,0;0,0;0,0;-0,03;0,0;0,0;0,0;-0,02;0,0;-0,01;0,0;-0,04;0,0;0,0;0,0;-0,01;0,0;-0,01;0,0;-0,02;0,0
08.07.2026;09:30;09:45;1,52;0,99;-0,19;0,0;-0,07;0,0;0,0;0,0;-0,01;0,0;0,0;0,0;-0,01;0,0;-0,07;0,0;0,0;0,0;0,0;0,0;0,0;0,0;0,0;0,0;-0,01;0,0;0,0;0,0;-0,01;0,0;0,0;0,0;-0,01;0,0;-0,01;0,0;0,0;0,0;-0,02;0,0;-0,02;0,0;-0,02;0,0;-0,01;0,0;-0,03;0,0;-0,01;0,0;0,0;0,0;0,0;0,0;-0,03;0,0
08.07.2026;09:45;10:00;1,62;0,94;-0,21;0,0;-0,35;-0,17;0,0;0,0;-0,01;0,0;0,0;0,0;-0,01;0,0;-0,08;0,0;0,0;0,0;0,0;0,0;0,0;0,0;0,0;0,0;-0,01;0,0;0,0;0,0;-0,02;0,0;0,0;0,0;-0,02;0,0;-0,02;0,0;0,0;0,0;-0,03;0,0;0,0;0,0;-0,02;0,0;0,0;0,0;-0,02;0,0;0,0;0,0;-0,02;0,0;-0,01;0,0;-0,02;0,0
08.07.2026;10:00;10:15;1,82;0,97;-0,19;0,0;-0,55;-0,35;0,0;0,0;-0,01;0,0;-0,01;0,0;-0,02;0,0;-0,07;0,0;0,0;0,0;0,0;0,0;0,0;0,0;-0,01;0,0;-0,02;0,0;0,0;0,0;-0,01;0,0;0,0;0,0;-0,01;0,0;-0,02;0,0;0,0;0,0;-0,03;0,0;-0,01;0,0;-0,02;0,0;-0,01;0,0;-0,34;-0,14;0,0;0,0;0,0;0,0;0,0;0,0;-0,01;0,0
08.07.2026;10:15;10:30;1,88;0,98;-0,18;0,0;-0,34;-0,14;0,0;0,0;-0,02;0,0;0,0;0,0;-0,03;0,0;-0,08;0,0;0,0;0,0;0,0;0,0;0,0;0,0;0,0;0,0;-0,01;0,0;0,0;0,0;-0,02;0,0;0,0;0,0;0,0;0,0;-0,02;0,0;0,0;0,0;-0,03;0,0;-0,01;0,0;-0,4;-0,2;-0,01;0,0;-0,05;0,0;0,0;0,0;-0,02;0,0;-0,01;0,0;-0,01;0,0
08.07.2026;10:30;10:45;1,98;1,05;-0,2;0,0;-0,35;-0,14;0,0;0,0;-0,01;0,0;0,0;0,0;-0,03;0,0;-0,07;0,0;0,0;0,0;0,0;0,0;0,0;0,0;0,0;0,0;0,0;0,0;0,0;0,0;-0,01;0,0;0,0;0,0;-0,01;0,0;-0,04;0,0;0,0;0,0;-0,03;0,0;0,0;0,0;-0,57;-0,36;-0,01;0,0;-0,08;0,0;0,0;0,0;0,0;0,0;0,0;0,0;-0,02;0,0
08.07.2026;10:45;11:00;2,01;1,19;-0,19;0,0;-0,14;0,0;0,0;0,0;0,0;0,0;0,0;0,0;-0,03;0,0;-0,03;0,0;0,0;0,0;0,0;0,0;0,0;0,0;0,0;0,0;0,0;0,0;0,0;0,0;-0,02;0,0;0,0;0,0;0,0;0,0;-0,03;0,0;0,0;0,0;0,0;0,0;-0,02;0,0;-0,23;0,0;0,0;0,0;-0,08;0,0;0,0;0,0;-0,02;0,0;-0,01;0,0;-0,02;0,0
08.07.2026;11:00;11:15;2,14;1,42;-0,18;0,0;-0,03;0,0;0,0;0,0;-0,01;0,0;0,0;0,0;-0,03;0,0;-0,03;0,0;0,0;0,0;0,0;0,0;0,0;0,0;0,0;0,0;-0,01;0,0;-0,01;0,0;-0,04;0,0;0,0;0,0;-0,01;0,0;-0,04;0,0;0,0;0,0;-0,01;0,0;-0,09;0,0;-0,07;0,0;-0,02;0,0;-0,12;0,0;0,0;0,0;0,0;0,0;0,0;0,0;-0,02;0,0
08.07.2026;11:15;11:30;2,32;1,64;-0,18;0,0;-0,05;0,0;0,0;0,0;-0,02;0,0;0,0;0,0;-0,03;0,0;-0,01;0,0;-0,01;0,0;0,0;0,0;0,0;0,0;0,0;0,0;-0,02;0,0;0,0;0,0;-0,04;0,0;0,0;0,0;-0,01;0,0;-0,05;0,0;0,0;0,0;-0,01;0,0;-0,02;0,0;-0,03;0,0;-0,01;0,0;-0,15;0,0;0,0;0,0;-0,01;0,0;-0,01;0,0;-0,02;0,0
08.07.2026;11:30;11:45;1,8;0,93;-0,18;0,0;-0,05;0,0;-0,01;0,0;-0,01;0,0;0,0;0,0;-0,03;0,0;-0,02;0,0;0,0;0,0;0,0;0,0;-0,01;0,0;0,0;0,0;-0,01;0,0;0,0;0,0;-0,01;0,0;-0,01;0,0;-0,02;0,0;-0,03;0,0;0,0;0,0;-0,01;0,0;-0,05;0,0;-0,38;-0,19;0,0;0,0;-0,18;0,0;-0,01;0,0;-0,01;0,0;0,0;0,0;-0,03;0,0
08.07.2026;11:45;12:00;2,25;1,05;-0,2;0,0;-0,05;0,0;0,0;0,0;-0,01;0,0;0,0;0,0;-0,09;0,0;-0,02;0,0;0,0;0,0;0,0;0,0;0,0;0,0;0,0;0,0;-0,01;0,0;0,0;0,0;-0,02;0,0;0,0;0,0;-0,01;0,0;-0,03;0,0;-0,01;0,0;-0,01;0,0;-0,35;-0,11;-0,32;-0,08;-0,01;0,0;-0,22;0,0;0,0;0,0;-0,01;0,0;-0,01;0,0;-0,01;0,0
08.07.2026;12:00;12:15;2,18;1,06;-0,19;0,0;-0,04;0,0;0,0;0,0;-0,01;0,0;-0,01;0,0;-0,2;0,0;-0,02;0,0;0,0;0,0;0,0;0,0;0,0;0,0;0,0;0,0;0,0;0,0;0,0;0,0;-0,01;0,0;0,0;0,0;-0,01;0,0;-0,03;0,0;0,0;0,0;-0,01;0,0;-0,26;-0,03;-0,2;0,0;-0,01;0,0;-0,13;0,0;0,0;0,0;-0,01;0,0;0,0;0,0;-0,01;0,0
08.07.2026;12:15;12:30;2,22;1,45;-0,2;0,0;-0,04;0,0;0,0;0,0;-0,01;0,0;0,0;0,0;-0,07;0,0;-0,01;0,0;0,0;0,0;-0,01;0,0;0,0;0,0;0,0;0,0;0,0;0,0;0,0;0,0;-0,01;0,0;0,0;0,0;-0,01;0,0;-0,02;0,0;0,0;0,0;-0,01;0,0;-0,34;-0,07;-0,04;0,0;-0,01;0,0;-0,03;0,0;0,0;0,0;-0,01;0,0;-0,01;0,0;-0,01;0,0
08.07.2026;12:30;12:45;1,9;1,18;-0,18;0,0;-0,05;0,0;0,0;0,0;-0,01;0,0;0,0;0,0;-0,03;0,0;0,0;0,0;0,0;0,0;0,0;0,0;0,0;0,0;0,0;0,0;-0,02;0,0;0,0;0,0;-0,01;0,0;0,0;0,0;0,0;0,0;-0,03;0,0;0,0;0,0;0,0;0,0;-0,27;-0,05;-0,1;0,0;0,0;0,0;-0,03;0,0;0,0;0,0;-0,01;0,0;0,0;0,0;-0,03;0,0
08.07.2026;12:45;13:00;0,92;0,34;-0,19;0,0;-0,03;0,0;0,0;0,0;-0,02;0,0;0,0;0,0;-0,03;0,0;-0,02;0,0;0,0;0,0;0,0;0,0;0,0;0,0;0,0;0,0;-0,02;0,0;0,0;0,0;-0,02;0,0;0,0;0,0;0,0;0,0;-0,04;0,0;0,0;0,0;0,0;0,0;-0,05;0,0;-0,06;0,0;-0,02;0,0;-0,03;0,0;0,0;0,0;-0,01;0,0;-0,01;0,0;-0,03;0,0
08.07.2026;13:00;13:15;0,0;0,0;-0,17;-0,17;-0,02;-0,02;0,0;0,0;-0,01;-0,01;0,0;0,0;-0,03;-0,03;-0,02;-0,02;0,0;0,0;0,0;0,0;0,0;0,0;0,0;0,0;0,0;0,0;0,0;0,0;-0,01;-0,01;0,0;0,0;-0,02;-0,02;-0,04;-0,04;0,0;0,0;-0,02;-0,02;-0,07;-0,07;-0,15;-0,15;0,0;0,0;-0,03;-0,03;0,0;0,0;-0,01;-0,01;0,0;0,0;-0,04;-0,04
08.07.2026;13:15;13:30;0,11;0,11;-0,18;-0,18;-0,02;-0,02;0,0;0,0;-0,01;-0,01;0,0;0,0;-0,04;-0,04;-0,02;-0,02;0,0;0,0;0,0;0,0;0,0;0,0;0,0;0,0;-0,01;-0,01;0,0;0,0;-0,01;-0,01;0,0;0,0;-0,01;-0,01;-0,04;-0,04;0,0;0,0;0,0;0,0;-0,03;-0,03;-0,15;-0,15;-0,01;-0,01;-0,02;-0,02;0,0;0,0;-0,01;-0,01;-0,01;-0,01;-0,04;-0,04
08.07.2026;13:30;13:45;2,13;1,48;-0,18;0,0;-0,02;0,0;0,0;0,0;-0,01;0,0;0,0;0,0;-0,04;0,0;-0,02;0,0;0,0;0,0;0,0;0,0;0,0;0,0;0,0;0,0;0,0;0,0;0,0;0,0;-0,02;0,0;0,0;0,0;-0,02;0,0;-0,04;0,0;0,0;0,0;-0,01;0,0;-0,06;0,0;-0,17;0,0;-0,01;0,0;-0,01;0,0;-0,01;0,0;-0,01;0,0;0,0;0,0;-0,02;0,0
08.07.2026;13:45;14:00;2,1;1,39;-0,18;0,0;-0,02;0,0;0,0;0,0;-0,01;0,0;0,0;0,0;-0,08;0,0;-0,02;0,0;-0,01;0,0;0,0;0,0;0,0;0,0;0,0;0,0;-0,02;0,0;0,0;0,0;-0,01;0,0;0,0;0,0;-0,01;0,0;-0,04;0,0;0,0;0,0;-0,01;0,0;-0,04;0,0;-0,18;0,0;-0,01;0,0;-0,02;0,0;0,0;0,0;-0,01;0,0;-0,01;0,0;-0,03;0,0
08.07.2026;14:00;14:15;2,07;1,34;-0,23;0,0;-0,02;0,0;0,0;0,0;-0,02;0,0;-0,01;0,0;-0,09;0,0;-0,01;0,0;0,0;0,0;0,0;0,0;-0,01;0,0;0,0;0,0;-0,01;0,0;0,0;0,0;-0,01;0,0;-0,01;0,0;-0,02;0,0;-0,03;0,0;0,0;0,0;-0,01;0,0;-0,04;0,0;-0,18;0,0;0,0;0,0;-0,01;0,0;0,0;0,0;-0,01;0,0;0,0;0,0;-0,01;0,0
08.07.2026;14:15;14:30;2,03;1,41;-0,16;0,0;-0,02;0,0;0,0;0,0;-0,01;0,0;0,0;0,0;-0,09;0,0;-0,02;0,0;0,0;0,0;0,0;0,0;0,0;0,0;0,0;0,0;-0,01;0,0;-0,01;0,0;-0,01;0,0;0,0;0,0;-0,01;0,0;-0,02;0,0;0,0;0,0;-0,01;0,0;-0,05;0,0;-0,13;0,0;-0,02;0,0;-0,02;0,0;0,0;0,0;0,0;0,0;-0,01;0,0;-0,02;0,0
08.07.2026;14:30;14:45;1,98;1,5;-0,19;0,0;-0,01;0,0;0,0;0,0;0,0;0,0;0,0;0,0;-0,01;0,0;-0,02;0,0;0,0;0,0;0,0;0,0;0,0;0,0;0,0;0,0;0,0;0,0;0,0;0,0;-0,01;0,0;0,0;0,0;-0,03;0,0;-0,03;0,0;0,0;0,0;0,0;0,0;-0,04;0,0;-0,06;0,0;-0,01;0,0;-0,01;0,0;0,0;0,0;-0,02;0,0;-0,01;0,0;-0,03;0,0
08.07.2026;14:45;15:00;1,91;1,41;-0,21;0,0;-0,03;0,0;0,0;0,0;-0,01;0,0;0,0;0,0;-0,01;0,0;-0,02;0,0;0,0;0,0;0,0;0,0;0,0;0,0;0,0;0,0;-0,01;0,0;0,0;0,0;-0,02;0,0;0,0;0,0;-0,03;0,0;-0,03;0,0;0,0;0,0;-0,01;0,0;-0,02;0,0;-0,06;0,0;0,0;0,0;-0,02;0,0;0,0;0,0;0,0;0,0;0,0;0,0;-0,02;0,0
08.07.2026;15:00;15:15;1,85;1,35;-0,19;0,0;-0,02;0,0;-0,01;0,0;-0,02;0,0;0,0;0,0;-0,03;0,0;-0,02;0,0;0,0;0,0;0,0;0,0;0,0;0,0;-0,01;0,0;-0,01;0,0;0,0;0,0;-0,01;0,0;0,0;0,0;-0,02;0,0;-0,03;0,0;0,0;0,0;-0,01;0,0;-0,01;0,0;-0,05;0,0;-0,01;0,0;-0,01;0,0;0,0;0,0;-0,02;0,0;0,0;0,0;-0,02;0,0
08.07.2026;15:15;15:30;1,79;1,28;-0,18;0,0;-0,02;0,0;0,0;0,0;-0,01;0,0;0,0;0,0;-0,03;0,0;-0,02;0,0;0,0;0,0;0,0;0,0;0,0;0,0;0,0;0,0;-0,02;0,0;0,0;0,0;-0,01;0,0;0,0;0,0;-0,02;0,0;-0,02;0,0;0,0;0,0;-0,01;0,0;0,0;0,0;-0,06;0,0;-0,01;0,0;-0,07;0,0;0,0;0,0;0,0;0,0;-0,01;0,0;-0,02;0,0
08.07.2026;15:30;15:45;1,71;1,27;-0,18;0,0;-0,02;0,0;0,0;0,0;-0,01;0,0;0,0;0,0;-0,03;0,0;-0,01;0,0;0,0;0,0;0,0;0,0;0,0;0,0;0,0;0,0;0,0;0,0;0,0;0,0;-0,01;0,0;0,0;0,0;-0,02;0,0;-0,02;0,0;0,0;0,0;-0,01;0,0;-0,01;0,0;-0,06;0,0;-0,01;0,0;-0,02;0,0;-0,01;0,0;-0,01;0,0;0,0;0,0;-0,01;0,0
08.07.2026;15:45;16:00;1,61;1,16;-0,17;0,0;-0,02;0,0;0,0;0,0;-0,01;0,0;0,0;0,0;-0,03;0,0;-0,02;0,0;0,0;0,0;0,0;0,0;0,0;0,0;0,0;0,0;-0,01;0,0;0,0;0,0;-0,01;0,0;0,0;0,0;-0,02;0,0;-0,03;0,0;0,0;0,0;-0,01;0,0;-0,01;0,0;-0,05;0,0;0,0;0,0;-0,03;0,0;0,0;0,0;-0,01;0,0;-0,01;0,0;-0,01;0,0
08.07.2026;16:00;16:15;1,54;0,95;-0,21;0,0;-0,04;0,0;0,0;0,0;-0,01;0,0;-0,01;0,0;-0,04;0,0;-0,01;0,0;0,0;0,0;0,0;0,0;0,0;0,0;0,0;0,0;0,0;0,0;0,0;0,0;-0,02;0,0;0,0;0,0;-0,02;0,0;-0,02;0,0;0,0;0,0;-0,01;0,0;-0,01;0,0;-0,05;0,0;-0,02;0,0;-0,09;0,0;0,0;0,0;-0,01;0,0;0,0;0,0;-0,02;0,0
08.07.2026;16:15;16:30;1,44;0,76;-0,29;0,0;-0,05;0,0;0,0;0,0;-0,02;0,0;0,0;0,0;-0,03;0,0;-0,01;0,0;-0,01;0,0;0,0;0,0;0,0;0,0;0,0;0,0;-0,02;0,0;0,0;0,0;-0,01;0,0;0,0;0,0;-0,08;0,0;-0,02;0,0;0,0;0,0;-0,02;0,0;-0,01;0,0;-0,06;0,0;0,0;0,0;-0,02;0,0;0,0;0,0;0,0;0,0;-0,01;0,0;-0,02;0,0
08.07.2026;16:30;16:45;1,34;0,73;-0,19;0,0;-0,06;0,0;0,0;0,0;-0,01;0,0;0,0;0,0;-0,04;0,0;-0,02;0,0;0,0;0,0;0,0;0,0;-0,01;0,0;0,0;0,0;-0,02;0,0;0,0;0,0;-0,01;0,0;-0,01;0,0;-0,08;0,0;-0,02;0,0;0,0;0,0;0,0;0,0;-0,01;0,0;-0,06;0,0;-0,01;0,0;-0,02;0,0;0,0;0,0;-0,02;0,0;0,0;0,0;-0,02;0,0
08.07.2026;16:45;17:00;1,24;0,63;-0,17;0,0;-0,04;0,0;0,0;0,0;-0,01;0,0;0,0;0,0;-0,09;0,0;-0,02;0,0;0,0;0,0;0,0;0,0;0,0;0,0;0,0;0,0;0,0;0,0;0,0;0,0;-0,01;0,0;0,0;0,0;-0,08;0,0;-0,01;0,0;-0,01;0,0;0,0;0,0;-0,01;0,0;-0,09;0,0;-0,01;0,0;-0,02;0,0;0,0;0,0;0,0;0,0;-0,01;0,0;-0,03;0,0
08.07.2026;17:00;17:15;0,76;0,25;-0,17;0,0;-0,05;0,0;0,0;0,0;0,0;0,0;0,0;0,0;-0,09;-0,04;-0,02;0,0;0,0;0,0;0,0;0,0;0,0;0,0;0,0;0,0;-0,01;0,0;0,0;0,0;-0,01;0,0;0,0;0,0;-0,07;-0,02;-0,01;0,0;0,0;0,0;-0,01;0,0;-0,01;0,0;-0,06;-0,01;-0,01;0,0;-0,02;0,0;0,0;0,0;-0,02;0,0;0,0;0,0;-0,02;0,0
08.07.2026;17:15;17:30;0,01;0,01;-0,29;-0,29;-0,06;-0,06;0,0;0,0;-0,02;-0,02;0,0;0,0;-0,06;-0,06;-0,02;-0,02;0,0;0,0;-0,01;-0,01;0,0;0,0;0,0;0,0;0,0;0,0;0,0;0,0;-0,01;-0,01;0,0;0,0;-0,07;-0,07;-0,02;-0,02;0,0;0,0;-0,01;-0,01;0,0;0,0;-0,05;-0,05;0,0;0,0;-0,01;-0,01;0,0;0,0;0,0;0,0;-0,01;-0,01;-0,03;-0,03
08.07.2026;17:30;17:45;0,0;0,0;-0,19;-0,19;-0,05;-0,05;0,0;0,0;-0,01;-0,01;0,0;0,0;-0,02;-0,02;-0,02;-0,02;0,0;0,0;0,0;0,0;0,0;0,0;0,0;0,0;-0,01;-0,01;0,0;0,0;-0,02;-0,02;0,0;0,0;-0,07;-0,07;-0,06;-0,06;0,0;0,0;-0,02;-0,02;-0,02;-0,02;-0,06;-0,06;-0,01;-0,01;-0,01;-0,01;-0,01;-0,01;-0,02;-0,02;0,0;0,0;-0,03;-0,03
08.07.2026;17:45;18:00;0,65;0,2;-0,2;-0,08;-0,04;-0,01;0,0;0,0;-0,02;0,0;0,0;0,0;-0,01;0,0;-0,1;-0,07;0,0;0,0;0,0;0,0;0,0;0,0;0,0;0,0;-0,02;0,0;-0,01;0,0;-0,05;-0,02;0,0;0,0;-0,08;-0,05;-0,08;-0,05;0,0;0,0;-0,03;0,0;0,0;0,0;-0,05;-0,02;-0,01;0,0;-0,01;0,0;0,0;0,0;0,0;0,0;-0,01;0,0;-0,04;-0,01
08.07.2026;18:00;18:15;0,7;0,22;-0,18;-0,03;-0,04;-0,01;0,0;0,0;-0,01;0,0;-0,01;0,0;-0,01;0,0;-0,26;-0,23;0,0;0,0;0,0;0,0;0,0;0,0;0,0;0,0;-0,01;0,0;0,0;0,0;-0,06;-0,03;0,0;0,0;-0,09;-0,06;-0,07;-0,04;0,0;0,0;-0,05;-0,02;-0,01;0,0;-0,06;-0,03;-0,01;0,0;-0,01;0,0;0,0;0,0;-0,02;0,0;0,0;0,0;-0,06;-0,03
08.07.2026;18:15;18:30;0,59;0,2;-0,25;-0,14;-0,11;-0,08;-0,01;0,0;0,0;0,0;0,0;0,0;-0,01;0,0;-0,02;0,0;0,0;0,0;0,0;0,0;0,0;0,0;0,0;0,0;0,0;0,0;0,0;0,0;-0,1;-0,07;0,0;0,0;-0,09;-0,06;-0,07;-0,04;0,0;0,0;-0,13;-0,1;-0,01;0,0;-0,05;-0,02;-0,01;0,0;-0,01;0,0;0,0;0,0;0,0;0,0;0,0;0,0;-0,05;-0,02
08.07.2026;18:30;18:45;0,42;0,18;-0,2;-0,12;-0,06;-0,05;0,0;0,0;-0,02;-0,01;0,0;0,0;-0,01;0,0;-0,02;-0,01;0,0;0,0;0,0;0,0;0,0;0,0;0,0;0,0;-0,01;0,0;0,0;0,0;-0,01;0,0;0,0;0,0;-0,07;-0,06;-0,07;-0,06;0,0;0,0;-0,02;-0,01;-0,01;0,0;-0,05;-0,04;-0,01;0,0;-0,02;-0,01;0,0;0,0;-0,02;-0,01;-0,01;0,0;-0,02;-0,01
08.07.2026;18:45;19:00;0,18;0,13;-0,23;-0,18;-0,07;-0,07;0,0;0,0;-0,01;-0,01;0,0;0,0;-0,02;-0,02;-0,02;-0,02;-0,01;-0,01;0,0;0,0;0,0;0,0;0,0;0,0;-0,01;-0,01;0,0;0,0;-0,01;-0,01;0,0;0,0;-0,03;-0,03;-0,07;-0,07;0,0;0,0;-0,02;-0,02;-0,01;-0,01;-0,05;-0,05;0,0;0,0;-0,09;-0,09;0,0;0,0;0,0;0,0;-0,01;-0,01;-0,02;-0,02
08.07.2026;19:00;19:15;0,11;0,11;-0,32;-0,32;-0,04;-0,04;0,0;0,0;-0,02;-0,02;0,0;0,0;-0,03;-0,03;-0,04;-0,04;0,0;0,0;0,0;0,0;-0,01;-0,01;0,0;0,0;-0,02;-0,02;0,0;0,0;-0,02;-0,02;-0,01;-0,01;-0,03;-0,03;-0,08;-0,08;0,0;0,0;-0,03;-0,03;-0,01;-0,01;-0,05;-0,05;-0,01;-0,01;-0,09;-0,09;0,0;0,0;-0,02;-0,02;0,0;0,0;-0,03;-0,03
08.07.2026;19:15;19:30;0,09;0,09;-0,19;-0,19;-0,06;-0,06;0,0;0,0;0,0;0,0;0,0;0,0;-0,08;-0,08;-0,04;-0,04;0,0;0,0;0,0;0,0;0,0;0,0;0,0;0,0;0,0;0,0;0,0;0,0;-0,01;-0,01;0,0;0,0;-0,01;-0,01;-0,09;-0,09;0,0;0,0;-0,02;-0,02;0,0;0,0;-0,04;-0,04;-0,01;-0,01;-0,51;-0,51;0,0;0,0;0,0;0,0;0,0;0,0;-0,04;-0,04
08.07.2026;19:30;19:45;0,13;0,11;-0,22;-0,2;-0,05;-0,05;0,0;0,0;-0,01;-0,01;0,0;0,0;-0,27;-0,27;-0,04;-0,04;0,0;0,0;0,0;0,0;0,0;0,0;0,0;0,0;-0,01;-0,01;0,0;0,0;-0,03;-0,03;0,0;0,0;-0,02;-0,02;-0,09;-0,09;0,0;0,0;-0,03;-0,03;-0,02;-0,02;-0,03;-0,03;-0,01;-0,01;-0,22;-0,22;-0,01;-0,01;-0,02;-0,02;-0,01;-0,01;-0,04;-0,04
08.07.2026;19:45;20:00;0,17;0,12;-0,27;-0,22;-0,04;-0,04;0,0;0,0;-0,01;-0,01;0,0;0,0;-0,24;-0,24;-0,03;-0,03;0,0;0,0;0,0;0,0;0,0;0,0;0,0;0,0;-0,01;-0,01;0,0;0,0;-0,01;-0,01;0,0;0,0;-0,02;-0,02;-0,09;-0,09;0,0;0,0;-0,03;-0,03;0,0;0,0;-0,25;-0,25;-0,01;-0,01;-0,09;-0,09;0,0;0,0;-0,01;-0,01;0,0;0,0;-0,02;-0,02
08.07.2026;20:00;20:15;0,14;0,11;-0,18;-0,15;-0,04;-0,04;0,0;0,0;-0,02;-0,02;-0,01;-0,01;-0,17;-0,17;-0,03;-0,03;0,0;0,0;0,0;0,0;0,0;0,0;-0,01;-0,01;-0,35;-0,35;0,0;0,0;-0,02;-0,02;0,0;0,0;-0,03;-0,03;-0,08;-0,08;0,0;0,0;-0,04;-0,04;-0,01;-0,01;-0,22;-0,22;-0,01;-0,01;-0,1;-0,1;0,0;0,0;-0,02;-0,02;0,0;0,0;-0,03;-0,03
08.07.2026;20:15;20:30;0,06;0,06;-0,18;-0,18;-0,05;-0,05;0,0;0,0;-0,01;-0,01;0,0;0,0;-0,1;-0,1;-0,04;-0,04;0,0;0,0;0,0;0,0;0,0;0,0;0,0;0,0;-0,55;-0,55;0,0;0,0;-0,01;-0,01;0,0;0,0;-0,03;-0,03;-0,05;-0,05;0,0;0,0;-0,02;-0,02;-0,01;-0,01;-0,02;-0,02;-0,01;-0,01;-0,09;-0,09;0,0;0,0;-0,04;-0,04;-0,01;-0,01;-0,02;-0,02
08.07.2026;20:30;20:45;0,03;0,03;-0,18;-0,18;-0,05;-0,05;0,0;0,0;-0,01;-0,01;0,0;0,0;-0,06;-0,06;-0,04;-0,04;0,0;0,0;0,0;0,0;0,0;0,0;0,0;0,0;-0,28;-0,28;0,0;0,0;-0,01;-0,01;0,0;0,0;-0,04;-0,04;-0,05;-0,05;0,0;0,0;-0,05;-0,05;-0,01;-0,01;-0,01;-0,01;0,0;0,0;-0,09;-0,09;0,0;0,0;-0,03;-0,03;-0,01;-0,01;-0,02;-0,02
08.07.2026;20:45;21:00;0,02;0,02;-0,17;-0,17;-0,04;-0,04;0,0;0,0;-0,01;-0,01;0,0;0,0;-0,09;-0,09;-0,04;-0,04;0,0;0,0;0,0;0,0;0,0;0,0;0,0;0,0;-0,03;-0,03;0,0;0,0;-0,01;-0,01;0,0;0,0;-0,04;-0,04;-0,05;-0,05;0,0;0,0;-0,04;-0,04;-0,01;-0,01;-0,02;-0,02;-0,01;-0,01;-0,12;-0,12;0,0;0,0;-0,03;-0,03;0,0;0,0;-0,02;-0,02
08.07.2026;21:00;21:15;0,0;0,0;-0,18;-0,18;-0,06;-0,06;0,0;0,0;-0,01;-0,01;0,0;0,0;-0,08;-0,08;-0,04;-0,04;0,0;0,0;0,0;0,0;0,0;0,0;0,0;0,0;-0,04;-0,04;-0,01;-0,01;-0,02;-0,02;0,0;0,0;-0,02;-0,02;-0,04;-0,04;0,0;0,0;-0,05;-0,05;-0,01;-0,01;-0,02;-0,02;-0,01;-0,01;-0,08;-0,08;0,0;0,0;-0,06;-0,06;0,0;0,0;-0,01;-0,01
08.07.2026;21:15;21:30;0,0;0,0;-0,16;-0,16;-0,05;-0,05;0,0;0,0;-0,02;-0,02;0,0;0,0;-0,05;-0,05;-0,04;-0,04;-0,01;-0,01;0,0;0,0;0,0;0,0;0,0;0,0;-0,04;-0,04;0,0;0,0;-0,01;-0,01;0,0;0,0;0,0;0,0;-0,06;-0,06;0,0;0,0;-0,04;-0,04;0,0;0,0;-0,01;-0,01;-0,01;-0,01;-0,11;-0,11;0,0;0,0;-0,03;-0,03;-0,01;-0,01;-0,01;-0,01
08.07.2026;21:30;21:45;0,0;0,0;-0,19;-0,19;-0,05;-0,05;-0,01;-0,01;-0,01;-0,01;0,0;0,0;-0,03;-0,03;-0,04;-0,04;0,0;0,0;0,0;0,0;-0,01;-0,01;0,0;0,0;-0,07;-0,07;0,0;0,0;-0,01;-0,01;-0,01;-0,01;-0,01;-0,01;-0,05;-0,05;0,0;0,0;-0,04;-0,04;-0,02;-0,02;-0,02;-0,02;-0,01;-0,01;-0,08;-0,08;-0,01;-0,01;-0,04;-0,04;0,0;0,0;-0,02;-0,02
08.07.2026;21:45;22:00;0,0;0,0;-0,19;-0,19;-0,05;-0,05;0,0;0,0;-0,01;-0,01;0,0;0,0;-0,03;-0,03;-0,05;-0,05;0,0;0,0;0,0;0,0;0,0;0,0;0,0;0,0;-0,1;-0,1;0,0;0,0;-0,01;-0,01;0,0;0,0;-0,01;-0,01;-0,04;-0,04;-0,01;-0,01;-0,03;-0,03;0,0;0,0;-0,02;-0,02;-0,01;-0,01;-0,02;-0,02;0,0;0,0;-0,03;-0,03;-0,01;-0,01;-0,03;-0,03
08.07.2026;22:00;22:15;0,0;0,0;-0,2;-0,2;-0,06;-0,06;0,0;0,0;0,0;0,0;-0,01;-0,01;-0,03;-0,03;-0,04;-0,04;0,0;0,0;0,0;0,0;0,0;0,0;0,0;0,0;-0,1;-0,1;0,0;0,0;-0,02;-0,02;0,0;0,0;-0,02;-0,02;-0,06;-0,06;0,0;0,0;-0,04;-0,04;-0,01;-0,01;-0,02;-0,02;0,0;0,0;-0,01;-0,01;0,0;0,0;-0,03;-0,03;0,0;0,0;-0,02;-0,02
08.07.2026;22:15;22:30;0,0;0,0;-0,18;-0,18;-0,05;-0,05;0,0;0,0;-0,02;-0,02;0,0;0,0;-0,02;-0,02;-0,04;-0,04;0,0;0,0;-0,01;-0,01;0,0;0,0;0,0;0,0;-0,12;-0,12;0,0;0,0;-0,03;-0,03;0,0;0,0;-0,02;-0,02;-0,05;-0,05;0,0;0,0;-0,03;-0,03;-0,01;-0,01;-0,02;-0,02;-0,01;-0,01;-0,02;-0,02;0,0;0,0;-0,02;-0,02;-0,01;-0,01;-0,02;-0,02
08.07.2026;22:30;22:45;0,0;0,0;-0,23;-0,23;-0,04;-0,04;0,0;0,0;-0,01;-0,01;0,0;0,0;-0,26;-0,26;-0,04;-0,04;0,0;0,0;0,0;0,0;0,0;0,0;0,0;0,0;-0,12;-0,12;0,0;0,0;-0,02;-0,02;0,0;0,0;-0,07;-0,07;-0,04;-0,04;0,0;0,0;-0,01;-0,01;-0,01;-0,01;-0,03;-0,03;-0,01;-0,01;-0,01;-0,01;0,0;0,0;-0,04;-0,04;0,0;0,0;-0,01;-0,01
08.07.2026;22:45;23:00;0,0;0,0;-0,33;-0,33;-0,06;-0,06;0,0;0,0;-0,02;-0,02;0,0;0,0;-0,42;-0,42;-0,03;-0,03;0,0;0,0;0,0;0,0;0,0;0,0;0,0;0,0;-0,04;-0,04;0,0;0,0;-0,12;-0,12;0,0;0,0;-0,14;-0,14;-0,04;-0,04;0,0;0,0;-0,02;-0,02;-0,01;-0,01;-0,03;-0,03;-0,01;-0,01;-0,02;-0,02;0,0;0,0;-0,02;-0,02;-0,01;-0,01;-0,01;-0,01
08.07.2026;23:00;23:15;0,0;0,0;-0,22;-0,22;-0,05;-0,05;0,0;0,0;0,0;0,0;0,0;0,0;-0,02;-0,02;-0,02;-0,02;0,0;0,0;0,0;0,0;0,0;0,0;0,0;0,0;-0,01;-0,01;0,0;0,0;-0,07;-0,07;0,0;0,0;-0,03;-0,03;-0,05;-0,05;0,0;0,0;-0,01;-0,01;-0,01;-0,01;-0,03;-0,03;-0,01;-0,01;-0,01;-0,01;0,0;0,0;-0,03;-0,03;0,0;0,0;-0,1;-0,1
08.07.2026;23:15;23:30;0,0;0,0;-0,18;-0,18;-0,04;-0,04;0,0;0,0;-0,01;-0,01;0,0;0,0;-0,2;-0,2;-0,02;-0,02;0,0;0,0;0,0;0,0;0,0;0,0;0,0;0,0;0,0;0,0;0,0;0,0;-0,07;-0,07;0,0;0,0;-0,01;-0,01;-0,04;-0,04;0,0;0,0;-0,02;-0,02;0,0;0,0;-0,03;-0,03;-0,01;-0,01;-0,02;-0,02;0,0;0,0;-0,02;-0,02;-0,01;-0,01;-0,11;-0,11
08.07.2026;23:30;23:45;0,0;0,0;-0,17;-0,17;-0,04;-0,04;0,0;0,0;-0,01;-0,01;0,0;0,0;-0,01;-0,01;-0,01;-0,01;0,0;0,0;0,0;0,0;0,0;0,0;0,0;0,0;0,0;0,0;0,0;0,0;-0,07;-0,07;0,0;0,0;-0,01;-0,01;-0,03;-0,03;0,0;0,0;-0,02;-0,02;-0,01;-0,01;-0,03;-0,03;-0,02;-0,02;-0,01;-0,01;-0,01;-0,01;-0,03;-0,03;0,0;0,0;-0,08;-0,08
08.07.2026;23:45;00:00;0,0;0,0;-0,18;-0,18;-0,06;-0,06;0,0;0,0;-0,02;-0,02;0,0;0,0;-0,01;-0,01;-0,01;-0,01;-0,01;-0,01;0,0;0,0;0,0;0,0;0,0;0,0;-0,02;-0,02;0,0;0,0;-0,07;-0,07;0,0;0,0;-0,01;-0,01;-0,02;-0,02;0,0;0,0;-0,02;-0,02;-0,01;-0,01;-0,03;-0,03;-0,02;-0,02;-0,02;-0,02;0,0;0,0;-0,02;-0,02;-0,01;-0,01;-0,07;-0,07
09.07.2026;00:00;00:15;0,0;0,0;-0,18;-0,18;-0,06;-0,06;0,0;0,0;-0,01;-0,01;-0,01;-0,01;-0,02;-0,02;-0,02;-0,02;0,0;0,0;0,0;0,0;-0,01;-0,01;0,0;0,0;-0,02;-0,02;0,0;0,0;-0,07;-0,07;-0,01;-0,01;-0,04;-0,04;-0,01;-0,01;0,0;0,0;-0,01;-0,01;-0,01;-0,01;-0,02;-0,02;-0,02;-0,02;-0,01;-0,01;0,0;0,0;-0,03;-0,03;0,0;0,0;-0,02;-0,02
09.07.2026;00:15;00:30;0,0;0,0;-0,19;-0,19;-0,04;-0,04;0,0;0,0;-0,02;-0,02;0,0;0,0;-0,01;-0,01;-0,02;-0,02;0,0;0,0;0,0;0,0;0,0;0,0;0,0;0,0;0,0;0,0;-0,01;-0,01;-0,02;-0,02;0,0;0,0;-0,07;-0,07;-0,02;-0,02;0,0;0,0;-0,01;-0,01;-0,01;-0,01;-0,03;-0,03;-0,01;-0,01;-0,02;-0,02;0,0;0,0;-0,03;-0,03;0,0;0,0;-0,01;-0,01
09.07.2026;00:30;00:45;0,0;0,0;-0,2;-0,2;-0,04;-0,04;0,0;0,0;-0,02;-0,02;0,0;0,0;-0,01;-0,01;-0,02;-0,02;0,0;0,0;0,0;0,0;0,0;0,0;0,0;0,0;-0,01;-0,01;0,0;0,0;-0,02;-0,02;0,0;0,0;-0,04;-0,04;-0,02;-0,02;0,0;0,0;0,0;0,0;-0,01;-0,01;-0,03;-0,03;-0,02;-0,02;-0,01;-0,01;0,0;0,0;-0,02;-0,02;-0,01;-0,01;-0,01;-0,01
09.07.2026;00:45;01:00;0,0;0,0;-0,16;-0,16;-0,05;-0,05;0,0;0,0;-0,04;-0,04;0,0;0,0;-0,01;-0,01;-0,02;-0,02;0,0;0,0;0,0;0,0;0,0;0,0;0,0;0,0;0,0;0,0;0,0;0,0;-0,02;-0,02;0,0;0,0;-0,07;-0,07;-0,02;-0,02;0,0;0,0;-0,01;-0,01;-0,01;-0,01;-0,01;-0,01;-0,01;-0,01;-0,02;-0,02;0,0;0,0;-0,01;-0,01;-0,01;-0,01;-0,02;-0,02
09.07.2026;01:00;01:15;0,0;0,0;-0,18;-0,18;-0,03;-0,03;-0,01;-0,01;-0,02;-0,02;0,0;0,0;0,0;0,0;-0,02;-0,02;0,0;0,0;0,0;0,0;0,0;0,0;-0,01;-0,01;-0,02;-0,02;0,0;0,0;-0,01;-0,01;0,0;0,0;-0,07;-0,07;-0,03;-0,03;0,0;0,0;-0,01;-0,01;-0,01;-0,01;-0,01;-0,01;-0,01;-0,01;-0,01;-0,01;0,0;0,0;-0,02;-0,02;0,0;0,0;-0,02;-0,02
09.07.2026;01:15;01:30;0,0;0,0;-0,17;-0,17;-0,03;-0,03;0,0;0,0;-0,02;-0,02;0,0;0,0;-0,01;-0,01;-0,02;-0,02;0,0;0,0;0,0;0,0;0,0;0,0;0,0;0,0;-0,01;-0,01;0,0;0,0;-0,02;-0,02;0,0;0,0;-0,08;-0,08;-0,02;-0,02;0,0;0,0;-0,01;-0,01;0,0;0,0;-0,02;-0,02;-0,02;-0,02;-0,02;-0,02;0,0;0,0;-0,01;-0,01;0,0;0,0;-0,03;-0,03
09.07.2026;01:30;01:45;0,0;0,0;-0,17;-0,17;-0,02;-0,02;0,0;0,0;-0,02;-0,02;0,0;0,0;-0,02;-0,02;-0,02;-0,02;0,0;0,0;0,0;0,0;0,0;0,0;0,0;0,0;-0,01;-0,01;0,0;0,0;-0,02;-0,02;0,0;0,0;-0,1;-0,1;-0,01;-0,01;0,0;0,0;-0,01;-0,01;-0,02;-0,02;0,0;0,0;-0,01;-0,01;-0,01;-0,01;-0,01;-0,01;-0,01;-0,01;-0,01;-0,01;-0,02;-0,02
09.07.2026;01:45;02:00;0,0;0,0;-0,17;-0,17;-0,03;-0,03;0,0;0,0;-0,01;-0,01;0,0;0,0;0,0;0,0;-0,02;-0,02;0,0;0,0;0,0;0,0;0,0;0,0;0,0;0,0;0,0;0,0;0,0;0,0;-0,01;-0,01;0,0;0,0;-0,1;-0,1;-0,02;-0,02;0,0;0,0;-0,01;-0,01;0,0;0,0;-0,02;-0,02;-0,01;-0,01;-0,02;-0,02;0,0;0,0;-0,01;-0,01;-0,01;-0,01;-0,01;-0,01
09.07.2026;02:00;02:15;0,0;0,0;-0,16;-0,16;-0,02;-0,02;0,0;0,0;-0,02;-0,02;-0,01;-0,01;-0,01;-0,01;-0,01;-0,01;0,0;0,0;0,0;0,0;0,0;0,0;0,0;0,0;-0,01;-0,01;0,0;0,0;-0,02;-0,02;0,0;0,0;-0,1;-0,1;-0,01;-0,01;0,0;0,0;-0,01;-0,01;-0,01;-0,01;-0,01;-0,01;-0,01;-0,01;-0,01;-0,01;0,0;0,0;-0,02;-0,02;0,0;0,0;-0,01;-0,01
09.07.2026;02:15;02:30;0,0;0,0;-0,17;-0,17;-0,02;-0,02;0,0;0,0;-0,01;-0,01;0,0;0,0;-0,01;-0,01;-0,02;-0,02;-0,01;-0,01;0,0;0,0;0,0;0,0;0,0;0,0;-0,01;-0,01;0,0;0,0;-0,01;-0,01;0,0;0,0;-0,1;-0,1;-0,01;-0,01;0,0;0,0;0,0;0,0;-0,01;-0,01;-0,01;-0,01;-0,01;-0,01;-0,02;-0,02;0,0;0,0;0,0;0,0;-0,01;-0,01;-0,02;-0,02
09.07.2026;02:30;02:45;0,0;0,0;-0,17;-0,17;-0,02;-0,02;0,0;0,0;-0,01;-0,01;0,0;0,0;-0,01;-0,01;-0,02;-0,02;0,0;0,0;0,0;0,0;-0,01;-0,01;0,0;0,0;-0,02;-0,02;0,0;0,0;-0,02;-0,02;-0,01;-0,01;-0,1;-0,1;-0,02;-0,02;0,0;0,0;-0,02;-0,02;0,0;0,0;-0,02;-0,02;-0,01;-0,01;-0,01;-0,01;0,0;0,0;-0,02;-0,02;0,0;0,0;-0,02;-0,02
09.07.2026;02:45;03:00;0,0;0,0;-0,18;-0,18;-0,02;-0,02;0,0;0,0;-0,01;-0,01;0,0;0,0;-0,01;-0,01;-0,02;-0,02;0,0;0,0;0,0;0,0;0,0;0,0;0,0;0,0;-0,01;-0,01;0,0;0,0;-0,01;-0,01;0,0;0,0;-0,1;-0,1;-0,02;-0,02;-0,01;-0,01;0,0;0,0;-0,01;-0,01;-0,01;-0,01;0,0;0,0;-0,02;-0,02;0,0;0,0;0,0;0,0;0,0;0,0;-0,02;-0,02
09.07.2026;03:00;03:15;0,0;0,0;-0,17;-0,17;-0,03;-0,03;0,0;0,0;-0,02;-0,02;0,0;0,0;-0,01;-0,01;-0,01;-0,01;0,0;0,0;0,0;0,0;0,0;0,0;0,0;0,0;0,0;0,0;0,0;0,0;-0,01;-0,01;0,0;0,0;-0,09;-0,09;-0,02;-0,02;0,0;0,0;-0,01;-0,01;-0,01;-0,01;-0,02;-0,02;-0,01;-0,01;-0,01;-0,01;0,0;0,0;-0,02;-0,02;-0,01;-0,01;-0,02;-0,02
09.07.2026;03:15;03:30;0,0;0,0;-0,16;-0,16;-0,01;-0,01;0,0;0,0;-0,01;-0,01;0,0;0,0;0,0;0,0;-0,01;-0,01;0,0;0,0;-0,01;-0,01;0,0;0,0;0,0;0,0;-0,01;-0,01;0,0;0,0;-0,02;-0,02;0,0;0,0;-0,09;-0,09;-0,02;-0,02;0,0;0,0;-0,01;-0,01;0,0;0,0;-0,01;-0,01;-0,02;-0,02;-0,02;-0,02;0,0;0,0;0,0;0,0;-0,01;-0,01;-0,02;-0,02
09.07.2026;03:30;03:45;0,0;0,0;-0,17;-0,17;-0,02;-0,02;0,0;0,0;-0,01;-0,01;0,0;0,0;-0,01;-0,01;-0,01;-0,01;0,0;0,0;0,0;0,0;0,0;0,0;0,0;0,0;0,0;0,0;0,0;0,0;-0,01;-0,01;0,0;0,0;-0,1;-0,1;-0,02;-0,02;0,0;0,0;-0,01;-0,01;-0,02;-0,02;-0,02;-0,02;0,0;0,0;-0,01;-0,01;-0,01;-0,01;-0,02;-0,02;0,0;0,0;-0,01;-0,01
09.07.2026;03:45;04:00;0,0;0,0;-0,17;-0,17;-0,02;-0,02;0,0;0,0;0,0;0,0;0,0;0,0;-0,01;-0,01;-0,02;-0,02;0,0;0,0;0,0;0,0;0,0;0,0;0,0;0,0;-0,02;-0,02;-0,01;-0,01;-0,01;-0,01;0,0;0,0;-0,1;-0,1;-0,02;-0,02;0,0;0,0;-0,01;-0,01;0,0;0,0;-0,02;-0,02;-0,01;-0,01;-0,01;-0,01;0,0;0,0;0,0;0,0;-0,01;-0,01;-0,01;-0,01
09.07.2026;04:00;04:15;0,0;0,0;-0,16;-0,16;-0,02;-0,02;0,0;0,0;-0,02;-0,02;-0,01;-0,01;-0,01;-0,01;-0,02;-0,02;0,0;0,0;0,0;0,0;0,0;0,0;0,0;0,0;-0,01;-0,01;0,0;0,0;-0,02;-0,02;0,0;0,0;-0,06;-0,06;-0,01;-0,01;0,0;0,0;0,0;0,0;-0,01;-0,01;-0,01;-0,01;-0,01;-0,01;-0,02;-0,02;0,0;0,0;-0,01;-0,01;0,0;0,0;-0,03;-0,03
09.07.2026;04:15;04:30;0,0;0,0;-0,17;-0,17;-0,02;-0,02;-0,01;-0,01;-0,01;-0,01;0,0;0,0;-0,01;-0,01;-0,02;-0,02;0,0;0,0;0,0;0,0;0,0;0,0;0,0;0,0;-0,01;-0,01;0,0;0,0;-0,01;-0,01;0,0;0,0;-0,02;-0,02;-0,01;-0,01;0,0;0,0;-0,01;-0,01;-0,01;-0,01;-0,01;-0,01;-0,01;-0,01;-0,01;-0,01;0,0;0,0;-0,01;-0,01;-0,01;-0,01;-0,02;-0,02
09.07.2026;04:30;04:45;0,0;0,0;-0,17;-0,17;-0,02;-0,02;0,0;0,0;-0,02;-0,02;0,0;0,0;-0,01;-0,01;-0,02;-0,02;0,0;0,0;0,0;0,0;0,0;0,0;0,0;0,0;0,0;0,0;0,0;0,0;-0,01;-0,01;0,0;0,0;-0,01;-0,01;-0,01;-0,01;0,0;0,0;-0,01;-0,01;-0,01;-0,01;-0,02;-0,02;-0,01;-0,01;0,0;0,0;0,0;0,0;-0,01;-0,01;0,0;0,0;-0,02;-0,02
09.07.2026;04:45;05:00;0,0;0,0;-0,17;-0,17;-0,02;-0,02;0,0;0,0;0,0;0,0;0,0;0,0;0,0;0,0;-0,02;-0,02;-0,01;-0,01;0,0;0,0;0,0;0,0;0,0;0,0;-0,01;-0,01;0,0;0,0;-0,02;-0,02;0,0;0,0;-0,01;-0,01;-0,02;-0,02;0,0;0,0;-0,01;-0,01;-0,01;-0,01;-0,02;-0,02;-0,01;-0,01;-0,02;-0,02;0,0;0,0;-0,01;-0,01;-0,01;-0,01;-0,02;-0,02
09.07.2026;05:00;05:15;0,0;0,0;-0,18;-0,18;-0,01;-0,01;0,0;0,0;-0,01;-0,01;0,0;0,0;-0,01;-0,01;-0,02;-0,02;0,0;0,0;0,0;0,0;-0,01;-0,01;0,0;0,0;-0,01;-0,01;0,0;0,0;-0,01;-0,01;-0,01;-0,01;0,0;0,0;-0,03;-0,03;0,0;0,0;0,0;0,0;-0,01;-0,01;-0,01;-0,01;0,0;0,0;-0,02;-0,02;0,0;0,0;-0,01;-0,01;0,0;0,0;-0,01;-0,01
09.07.2026;05:15;05:30;0,0;0,0;-0,18;-0,18;-0,02;-0,02;0,0;0,0;-0,02;-0,02;0,0;0,0;-0,01;-0,01;-0,02;-0,02;0,0;0,0;0,0;0,0;0,0;0,0;0,0;0,0;-0,01;-0,01;0,0;0,0;-0,02;-0,02;0,0;0,0;-0,01;-0,01;-0,13;-0,13;0,0;0,0;-0,01;-0,01;0,0;0,0;-0,01;-0,01;-0,01;-0,01;-0,01;-0,01;0,0;0,0;-0,01;-0,01;-0,01;-0,01;-0,01;-0,01
09.07.2026;05:30;05:45;0,0;0,0;-0,18;-0,18;-0,02;-0,02;0,0;0,0;-0,01;-0,01;0,0;0,0;-0,01;-0,01;-0,02;-0,02;0,0;0,0;0,0;0,0;0,0;0,0;0,0;0,0;-0,01;-0,01;0,0;0,0;-0,01;-0,01;0,0;0,0;-0,02;-0,02;-0,05;-0,05;0,0;0,0;-0,02;-0,02;-0,01;-0,01;-0,02;-0,02;-0,01;-0,01;-0,02;-0,02;-0,01;-0,01;-0,01;-0,01;0,0;0,0;-0,02;-0,02
09.07.2026;05:45;06:00;0,02;0,02;-0,18;-0,18;-0,02;-0,02;0,0;0,0;-0,02;-0,02;0,0;0,0;0,0;0,0;-0,01;-0,01;0,0;0,0;0,0;0,0;0,0;0,0;0,0;0,0;-0,01;-0,01;0,0;0,0;-0,01;-0,01;0,0;0,0;-0,02;-0,02;-0,02;-0,02;0,0;0,0;-0,01;-0,01;-0,01;-0,01;-0,01;-0,01;-0,01;-0,01;-0,01;-0,01;0,0;0,0;-0,01;-0,01;-0,01;-0,01;-0,02;-0,02
09.07.2026;06:00;06:15;0,02;0,02;-0,18;-0,18;-0,02;-0,02;0,0;0,0;0,0;0,0;-0,01;-0,01;-0,02;-0,02;-0,02;-0,02;0,0;0,0;0,0;0,0;0,0;0,0;-0,01;-0,01;-0,04;-0,04;0,0;0,0;-0,02;-0,02;0,0;0,0;-0,02;-0,02;-0,01;-0,01;0,0;0,0;-0,01;-0,01;-0,01;-0,01;-0,01;-0,01;-0,01;-0,01;-0,02;-0,02;0,0;0,0;-0,01;-0,01;0,0;0,0;-0,03;-0,03
09.07.2026;06:15;06:30;0,05;0,05;-0,17;-0,17;-0,11;-0,11;0,0;0,0;-0,01;-0,01;0,0;0,0;0,0;0,0;-0,02;-0,02;0,0;0,0;0,0;0,0;0,0;0,0;0,0;0,0;-0,02;-0,02;0,0;0,0;-0,01;-0,01;0,0;0,0;-0,01;-0,01;-0,01;-0,01;0,0;0,0;0,0;0,0;-0,01;-0,01;-0,01;-0,01;-0,01;-0,01;-0,01;-0,01;0,0;0,0;0,0;0,0;0,0;0,0;-0,01;-0,01
09.07.2026;06:30;06:45;0,11;0,11;-0,17;-0,17;-0,04;-0,04;0,0;0,0;-0,01;-0,01;0,0;0,0;-0,01;-0,01;-0,02;-0,02;0,0;0,0;0,0;0,0;0,0;0,0;0,0;0,0;-0,04;-0,04;0,0;0,0;-0,01;-0,01;0,0;0,0;0,0;0,0;-0,01;-0,01;0,0;0,0;-0,01;-0,01;0,0;0,0;-0,01;-0,01;-0,01;-0,01;-0,02;-0,02;0,0;0,0;-0,02;-0,02;-0,01;-0,01;-0,01;-0,01
09.07.2026;06:45;07:00;0,33;0,13;-0,21;-0,15;-0,07;-0,06;0,0;0,0;-0,02;-0,01;0,0;0,0;-0,01;0,0;-0,01;0,0;0,0;0,0;0,0;0,0;0,0;0,0;0,0;0,0;-0,06;-0,05;0,0;0,0;-0,02;-0,01;0,0;0,0;-0,01;0,0;-0,02;-0,01;0,0;0,0;-0,01;0,0;-0,01;0,0;-0,02;-0,01;0,0;0,0;-0,01;0,0;0,0;0,0;0,0;0,0;-0,01;0,0;-0,02;-0,01
09.07.2026;07:00;07:15;0,69;0,31;-0,21;-0,02;-0,02;0,0;0,0;0,0;-0,01;0,0;0,0;0,0;0,0;0,0;-0,01;0,0;0,0;0,0;0,0;0,0;0,0;0,0;0,0;0,0;-0,02;0,0;-0,01;0,0;-0,01;0,0;0,0;0,0;-0,01;0,0;-0,03;0,0;0,0;0,0;0,0;0,0;-0,01;0,0;0,0;0,0;-0,01;0,0;-0,01;0,0;0,0;0,0;-0,02;0,0;0,0;0,0;-0,02;0,0
09.07.2026;07:15;07:30;0,73;0,32;-0,2;-0,01;-0,03;0,0;0,0;0,0;-0,01;0,0;0,0;0,0;-0,01;0,0;-0,01;0,0;-0,01;0,0;0,0;0,0;0,0;0,0;0,0;0,0;0,0;0,0;0,0;0,0;-0,02;0,0;0,0;0,0;-0,02;0,0;-0,02;0,0;0,0;0,0;-0,01;0,0;-0,01;0,0;-0,01;0,0;-0,01;0,0;-0,02;0,0;0,0;0,0;0,0;0,0;-0,01;0,0;-0,02;0,0
09.07.2026;07:30;07:45;0,65;0,22;-0,23;-0,1;-0,02;0,0;-0,01;0,0;-0,01;0,0;0,0;0,0;-0,02;0,0;-0,02;0,0;0,0;0,0;0,0;0,0;-0,01;0,0;0,0;0,0;0,0;0,0;0,0;0,0;-0,02;0,0;-0,01;0,0;-0,02;0,0;-0,02;0,0;0,0;0,0;-0,02;0,0;-0,01;0,0;-0,01;0,0;-0,01;0,0;-0,03;0,0;-0,01;0,0;-0,02;0,0;0,0;0,0;-0,03;0,0
09.07.2026;07:45;08:00;0,62;0,23;-0,18;-0,04;-0,02;0,0;0,0;0,0;-0,01;0,0;0,0;0,0;-0,02;0,0;-0,02;0,0;0,0;0,0;0,0;0,0;0,0;0,0;0,0;0,0;-0,01;0,0;0,0;0,0;-0,02;0,0;0,0;0,0;-0,02;0,0;-0,02;0,0;-0,01;0,0;-0,01;0,0;-0,01;0,0;-0,01;0,0;-0,01;0,0;-0,06;-0,02;0,0;0,0;0,0;0,0;-0,01;0,0;-0,01;0,0
09.07.2026;08:00;08:15;0,96;0,51;-0,19;0,0;-0,02;0,0;0,0;0,0;-0,02;0,0;-0,01;0,0;0,0;0,0;-0,02;0,0;0,0;0,0;0,0;0,0;0,0;0,0;0,0;0,0;-0,02;0,0;0,0;0,0;-0,01;0,0;0,0;0,0;0,0;0,0;-0,01;0,0;0,0;0,0;-0,01;0,0;0,0;0,0;-0,01;0,0;-0,01;0,0;-0,1;-0,01;0,0;0,0;-0,01;0,0;0,0;0,0;-0,02;0,0
09.07.2026;08:15;08:30;1,07;0,52;-0,26;0,0;-0,02;0,0;0,0;0,0;-0,01;0,0;0,0;0,0;-0,01;0,0;-0,01;0,0;0,0;0,0;-0,01;0,0;0,0;0,0;0,0;0,0;-0,01;0,0;0,0;0,0;-0,02;0,0;0,0;0,0;-0,01;0,0;-0,02;0,0;0,0;0,0;-0,01;0,0;-0,02;0,0;-0,01;0,0;0,0;0,0;-0,12;-0,02;0,0;0,0;-0,01;0,0;-0,01;0,0;-0,01;0,0
09.07.2026;08:30;08:45;1,16;0,65;-0,22;0,0;-0,02;0,0;0,0;0,0;-0,01;0,0;0,0;0,0;-0,01;0,0;-0,02;0,0;0,0;0,0;0,0;0,0;0,0;0,0;0,0;0,0;-0,01;0,0;0,0;0,0;-0,01;0,0;0,0;0,0;0,0;0,0;-0,01;0,0;0,0;0,0;0,0;0,0;0,0;0,0;-0,02;0,0;-0,01;0,0;-0,42;-0,29;0,0;0,0;-0,02;0,0;0,0;0,0;-0,02;0,0
09.07.2026;08:45;09:00;1,14;0,65;-0,19;0,0;-0,03;0,0;0,0;0,0;0,0;0,0;0,0;0,0;-0,01;0,0;-0,02;0,0;0,0;0,0;0,0;0,0;0,0;0,0;0,0;0,0;0,0;0,0;0,0;0,0;-0,01;0,0;0,0;0,0;-0,02;0,0;-0,01;0,0;0,0;0,0;-0,01;0,0;-0,01;0,0;-0,02;0,0;-0,02;0,0;-0,15;-0,04;0,0;0,0;-0,01;0,0;0,0;0,0;-0,02;0,0
09.07.2026;09:00;09:15;0,7;0,24;-0,3;-0,15;-0,18;-0,14;0,0;0,0;-0,02;0,0;0,0;0,0;-0,01;0,0;-0,02;0,0;0,0;0,0;0,0;0,0;0,0;0,0;0,0;0,0;-0,01;0,0;0,0;0,0;-0,01;0,0;0,0;0,0;-0,02;0,0;-0,03;0,0;0,0;0,0;-0,01;0,0;-0,01;0,0;-0,03;0,0;-0,01;0,0;-0,17;-0,13;0,0;0,0;-0,01;0,0;-0,01;0,0;-0,03;0,0
09.07.2026;09:15;09:30;0,0;0,0;-0,19;-0,19;-0,03;-0,03;0,0;0,0;-0,01;-0,01;0,0;0,0;-0,01;-0,01;-0,17;-0,17;0,0;0,0;0,0;0,0;0,0;0,0;0,0;0,0;-0,01;-0,01;0,0;0,0;-0,02;-0,02;0,0;0,0;-0,01;-0,01;-0,02;-0,02;0,0;0,0;0,0;0,0;0,0;0,0;-0,06;-0,06;-0,03;-0,03;-0,12;-0,12;0,0;0,0;-0,01;-0,01;-0,01;-0,01;-0,01;-0,01
09.07.2026;09:30;09:45;0,0;0,0;-0,18;-0,18;-0,01;-0,01;0,0;0,0;-0,02;-0,02;0,0;0,0;-0,1;-0,1;-0,2;-0,2;0,0;0,0;0,0;0,0;0,0;0,0;0,0;0,0;-0,02;-0,02;0,0;0,0;-0,01;-0,01;0,0;0,0;-0,02;-0,02;-0,02;-0,02;0,0;0,0;-0,01;-0,01;-0,02;-0,02;-0,04;-0,04;-0,01;-0,01;-0,16;-0,16;-0,01;-0,01;0,0;0,0;0,0;0,0;-0,02;-0,02
09.07.2026;09:45;10:00;1,19;0,49;-0,18;0,0;-0,04;0,0;0,0;0,0;0,0;0,0;0,0;0,0;-0,38;-0,27;-0,32;-0,21;-0,01;0,0;0,0;0,0;0,0;0,0;0,0;0,0;0,0;0,0;0,0;0,0;-0,01;0,0;0,0;0,0;-0,01;0,0;-0,03;0,0;0,0;0,0;-0,01;0,0;-0,01;0,0;-0,02;0,0;-0,01;0,0;-0,2;-0,09;0,0;0,0;-0,02;0,0;-0,01;0,0;-0,01;0,0
09.07.2026;10:00;10:15;1,72;0,93;-0,18;0,0;-0,06;0,0;0,0;0,0;-0,01;0,0;-0,01;0,0;-0,07;0,0;-0,09;0,0;0,0;0,0;0,0;0,0;-0,01;0,0;0,0;0,0;-0,01;0,0;0,0;0,0;-0,02;0,0;-0,01;0,0;0,0;0,0;-0,03;0,0;0,0;0,0;-0,01;0,0;-0,01;0,0;-0,02;0,0;-0,05;0,0;-0,21;-0,03;0,0;0,0;0,0;0,0;0,0;0,0;-0,02;0,0
09.07.2026;10:15;10:30;1,8;0,94;-0,2;0,0;-0,07;0,0;0,0;0,0;-0,02;0,0;0,0;0,0;-0,05;0,0;-0,16;0,0;0,0;0,0;0,0;0,0;0,0;0,0;0,0;0,0;0,0;0,0;-0,01;0,0;-0,01;0,0;0,0;0,0;-0,01;0,0;-0,03;0,0;0,0;0,0;-0,01;0,0;-0,01;0,0;-0,02;0,0;-0,02;0,0;-0,22;-0,03;0,0;0,0;-0,02;0,0;-0,01;0,0;-0,02;0,0
09.07.2026;10:30;10:45;1,89;1,13;-0,21;0,0;-0,06;0,0;0,0;0,0;-0,01;0,0;0,0;0,0;-0,06;0,0;-0,11;0,0;0,0;0,0;0,0;0,0;0,0;0,0;0,0;0,0;-0,01;0,0;0,0;0,0;-0,02;0,0;0,0;0,0;-0,01;0,0;-0,03;0,0;0,0;0,0;0,0;0,0;0,0;0,0;-0,03;0,0;-0,01;0,0;-0,18;0,0;0,0;0,0;0,0;0,0;0,0;0,0;-0,02;0,0
09.07.2026;10:45;11:00;1,94;1,0;-0,26;0,0;-0,04;0,0;0,0;0,0;-0,01;0,0;0,0;0,0;-0,06;0,0;-0,58;-0,39;0,0;0,0;0,0;0,0;0,0;0,0;0,0;0,0;-0,02;0,0;0,0;0,0;-0,1;0,0;0,0;0,0;-0,02;0,0;-0,03;0,0;0,0;0,0;-0,01;0,0;-0,02;0,0;-0,02;0,0;-0,02;0,0;-0,09;0,0;0,0;0,0;-0,02;0,0;-0,01;0,0;-0,02;0,0
09.07.2026;11:00;11:15;2,02;0,97;-0,27;0,0;-0,04;0,0;-0,01;0,0;-0,01;0,0;0,0;0,0;-0,42;-0,2;-0,48;-0,26;0,0;0,0;0,0;0,0;0,0;0,0;-0,01;0,0;-0,01;0,0;0,0;0,0;-0,15;0,0;0,0;0,0;-0,02;0,0;-0,03;0,0;0,0;0,0;-0,01;0,0;0,0;0,0;-0,01;0,0;-0,01;0,0;-0,01;0,0;0,0;0,0;0,0;0,0;0,0;0,0;-0,02;0,0
09.07.2026;11:15;11:30;2,12;1,24;-0,18;0,0;-0,06;0,0;0,0;0,0;-0,01;0,0;0,0;0,0;-0,3;-0,05;-0,21;0,0;0,0;0,0;0,0;0,0;0,0;0,0;0,0;0,0;0,0;0,0;0,0;0,0;-0,05;0,0;0,0;0,0;-0,02;0,0;-0,03;0,0;0,0;0,0;0,0;0,0;-0,01;0,0;0,0;0,0;-0,01;0,0;-0,02;0,0;0,0;0,0;-0,02;0,0;0,0;0,0;-0,01;0,0
09.07.2026;11:30;11:45;2,12;1,07;-0,18;0,0;-0,09;0,0;0,0;0,0;-0,01;0,0;0,0;0,0;-0,58;-0,34;-0,11;0,0;0,0;0,0;0,0;0,0;0,0;0,0;0,0;0,0;-0,01;0,0;0,0;0,0;-0,04;0,0;0,0;0,0;-0,01;0,0;-0,04;0,0;0,0;0,0;-0,01;0,0;-0,01;0,0;-0,01;0,0;-0,01;0,0;-0,02;0,0;-0,01;0,0;0,0;0,0;-0,01;0,0;-0,36;-0,12
09.07.2026;11:45;12:00;2,16;1,18;-0,18;0,0;-0,28;-0,04;0,0;0,0;-0,02;0,0;0,0;0,0;-0,17;0,0;-0,11;0,0;0,0;0,0;0,0;0,0;0,0;0,0;0,0;0,0;-0,01;0,0;0,0;0,0;-0,02;0,0;0,0;0,0;-0,01;0,0;-0,04;0,0;0,0;0,0;0,0;0,0;-0,01;0,0;-0,01;0,0;-0,01;0,0;-0,02;0,0;0,0;0,0;-0,01;0,0;-0,01;0,0;-0,11;0,0
09.07.2026;12:00;12:15;2,16;1,3;-0,18;0,0;-0,17;0,0;0,0;0,0;-0,01;0,0;-0,01;0,0;-0,06;0,0;-0,12;0,0;0,0;0,0;0,0;0,0;0,0;0,0;0,0;0,0;-0,02;0,0;0,0;0,0;-0,03;0,0;0,0;0,0;-0,08;0,0;-0,04;0,0;0,0;0,0;-0,02;0,0;-0,01;0,0;-0,02;0,0;-0,01;0,0;-0,01;0,0;0,0;0,0;-0,01;0,0;0,0;0,0;-0,06;0,0
09.07.2026;12:15;12:30;2,16;1,3;-0,27;0,0;-0,1;0,0;0,0;0,0;0,0;0,0;0,0;0,0;-0,05;0,0;-0,12;0,0;-0,01;0,0;0,0;0,0;0,0;0,0;0,0;0,0;-0,01;0,0;0,0;0,0;-0,03;0,0;0,0;0,0;-0,1;0,0;-0,03;0,0;0,0;0,0;-0,01;0,0;-0,01;0,0;-0,01;0,0;-0,01;0,0;-0,02;0,0;0,0;0,0;-0,01;0,0;-0,01;0,0;-0,06;0,0
09.07.2026;12:30;12:45;2,08;1,18;-0,34;0,0;-0,11;0,0;0,0;0,0;-0,01;0,0;0,0;0,0;-0,06;0,0;-0,14;0,0;0,0;0,0;0,0;0,0;-0,01;0,0;0,0;0,0;0,0;0,0;0,0;0,0;-0,03;0,0;-0,01;0,0;-0,11;0,0;-0,01;0,0;0,0;0,0;-0,01;0,0;0,0;0,0;0,0;0,0;-0,01;0,0;-0,02;0,0;0,0;0,0;-0,01;0,0;0,0;0,0;-0,02;0,0
09.07.2026;12:45;13:00;2,21;1,37;-0,33;0,0;-0,06;0,0;0,0;0,0;-0,02;0,0;0,0;0,0;-0,03;0,0;-0,1;0,0;0,0;0,0;0,0;0,0;0,0;0,0;0,0;0,0;-0,01;0,0;0,0;0,0;-0,03;0,0;0,0;0,0;-0,1;0,0;-0,02;0,0;-0,01;0,0;0,0;0,0;-0,02;0,0;-0,01;0,0;-0,01;0,0;-0,04;0,0;0,0;0,0;-0,01;0,0;-0,01;0,0;-0,03;0,0
09.07.2026;13:00;13:15;1,11;0,4;-0,34;-0,06;-0,05;0,0;0,0;0,0;-0,01;0,0;0,0;0,0;-0,04;0,0;-0,11;-0,02;0,0;0,0;0,0;0,0;0,0;0,0;0,0;0,0;-0,01;0,0;0,0;0,0;-0,03;0,0;0,0;0,0;-0,08;0,0;-0,01;0,0;0,0;0,0;0,0;0,0;0,0;0,0;-0,02;0,0;0,0;0,0;-0,04;0,0;0,0;0,0;-0,01;0,0;0,0;0,0;-0,04;0,0
09.07.2026;13:15;13:30;0,03;0,03;-0,24;-0,24;-0,15;-0,15;0,0;0,0;-0,01;-0,01;0,0;0,0;-0,09;-0,09;-0,1;-0,1;0,0;0,0;-0,01;-0,01;0,0;0,0;0,0;0,0;-0,01;-0,01;0,0;0,0;-0,06;-0,06;0,0;0,0;-0,02;-0,02;-0,01;-0,01;0,0;0,0;-0,02;-0,02;-0,01;-0,01;-0,01;-0,01;-0,01;-0,01;-0,03;-0,03;0,0;0,0;-0,01;-0,01;-0,01;-0,01;-0,04;-0,04
09.07.2026;13:30;13:45;0,33;0,12;-0,18;-0,12;-0,19;-0,18;0,0;0,0;-0,01;0,0;0,0;0,0;-0,09;-0,08;-0,45;-0,44;0,0;0,0;0,0;0,0;0,0;0,0;0,0;0,0;-0,01;0,0;0,0;0,0;-0,02;-0,01;0,0;0,0;-0,01;0,0;-0,01;0,0;0,0;0,0;-0,16;-0,15;-0,01;0,0;0,0;0,0;-0,01;0,0;-0,02;-0,01;-0,01;0,0;-0,01;0,0;0,0;0,0;-0,03;-0,02
09.07.2026;13:45;14:00;2,09;1,07;-0,31;0,0;-0,28;-0,05;0,0;0,0;-0,01;0,0;0,0;0,0;-0,09;0,0;-0,39;-0,16;0,0;0,0;0,0;0,0;0,0;0,0;0,0;0,0;-0,01;0,0;-0,01;0,0;-0,02;0,0;0,0;0,0;-0,01;0,0;-0,03;0,0;0,0;0,0;0,0;0,0;-0,01;0,0;-0,01;0,0;-0,01;0,0;-0,02;0,0;0,0;0,0;0,0;0,0;0,0;0,0;-0,02;0,0
09.07.2026;14:00;14:15;2,05;1,11;-0,18;0,0;-0,28;-0,04;0,0;0,0;-0,02;0,0;-0,01;0,0;-0,09;0,0;-0,49;-0,25;0,0;0,0;0,0;0,0;0,0;0,0;0,0;0,0;0,0;0,0;0,0;0,0;-0,03;0,0;0,0;0,0;0,0;0,0;-0,02;0,0;0,0;0,0;-0,02;0,0;-0,01;0,0;-0,02;0,0;-0,01;0,0;-0,02;0,0;0,0;0,0;-0,01;0,0;-0,01;0,0;-0,01;0,0
09.07.2026;14:15;14:30;2,0;1,39;-0,19;0,0;-0,08;0,0;-0,01;0,0;-0,01;0,0;0,0;0,0;-0,09;0,0;-0,06;0,0;0,0;0,0;0,0;0,0;0,0;0,0;0,0;0,0;-0,01;0,0;0,0;0,0;-0,02;0,0;0,0;0,0;-0,02;0,0;-0,02;0,0;0,0;0,0;-0,01;0,0;-0,01;0,0;-0,01;0,0;-0,01;0,0;-0,02;0,0;0,0;0,0;-0,01;0,0;-0,01;0,0;-0,02;0,0
09.07.2026;14:30;14:45;1,95;1,4;-0,17;0,0;-0,08;0,0;0,0;0,0;-0,01;0,0;0,0;0,0;-0,08;0,0;-0,04;0,0;0,0;0,0;0,0;0,0;0,0;0,0;0,0;0,0;-0,02;0,0;0,0;0,0;-0,02;0,0;0,0;0,0;-0,02;0,0;-0,03;0,0;0,0;0,0;-0,02;0,0;0,0;0,0;0,0;0,0;0,0;0,0;-0,02;0,0;0,0;0,0;-0,03;0,0;0,0;0,0;-0,01;0,0
09.07.2026;14:45;15:00;1,89;1,33;-0,21;0,0;-0,08;0,0;0,0;0,0;-0,01;0,0;0,0;0,0;-0,02;0,0;-0,03;0,0;-0,01;0,0;0,0;0,0;0,0;0,0;0,0;0,0;-0,01;0,0;0,0;0,0;-0,02;0,0;0,0;0,0;-0,03;0,0;-0,02;0,0;0,0;0,0;0,0;0,0;-0,02;0,0;-0,01;0,0;-0,01;0,0;-0,03;0,0;0,0;0,0;-0,02;0,0;-0,01;0,0;-0,02;0,0
09.07.2026;15:00;15:15;1,84;1,12;-0,26;0,0;-0,07;0,0;0,0;0,0;-0,01;0,0;0,0;0,0;-0,03;0,0;-0,12;0,0;0,0;0,0;0,0;0,0;-0,01;0,0;0,0;0,0;-0,01;0,0;0,0;0,0;-0,01;0,0;-0,01;0,0;-0,02;0,0;-0,01;0,0;0,0;0,0;-0,01;0,0;-0,01;0,0;-0,01;0,0;-0,01;0,0;-0,07;0,0;0,0;0,0;-0,03;0,0;0,0;0,0;-0,02;0,0
09.07.2026;15:15;15:30;1,76;0,89;-0,27;0,0;-0,27;-0,08;0,0;0,0;-0,01;0,0;0,0;0,0;-0,02;0,0;-0,42;-0,23;0,0;0,0;0,0;0,0;0,0;0,0;0,0;0,0;0,0;0,0;0,0;0,0;-0,03;0,0;0,0;0,0;-0,01;0,0;-0,01;0,0;0,0;0,0;-0,02;0,0;0,0;0,0;-0,01;0,0;-0,01;0,0;-0,05;0,0;0,0;0,0;-0,02;0,0;-0,01;0,0;-0,02;0,0
09.07.2026;15:30;15:45;1,69;0,89;-0,18;0,0;-0,29;-0,11;0,0;0,0;-0,02;0,0;0,0;0,0;-0,02;0,0;-0,2;-0,02;0,0;0,0;0,0;0,0;0,0;0,0;0,0;0,0;-0,01;0,0;0,0;0,0;-0,04;0,0;0,0;0,0;0,0;0,0;-0,02;0,0;0,0;0,0;-0,02;0,0;-0,02;0,0;-0,01;0,0;0,0;0,0;-0,03;0,0;-0,01;0,0;-0,03;0,0;0,0;0,0;-0,03;0,0
09.07.2026;15:45;16:00;1,6;0,78;-0,37;0,0;-0,06;0,0;0,0;0,0;-0,01;0,0;0,0;0,0;-0,04;0,0;-0,13;0,0;0,0;0,0;0,0;0,0;0,0;0,0;0,0;0,0;-0,02;0,0;0,0;0,0;-0,03;0,0;0,0;0,0;-0,01;0,0;-0,01;0,0;0,0;0,0;-0,03;0,0;0,0;0,0;-0,01;0,0;-0,02;0,0;-0,03;0,0;0,0;0,0;-0,03;0,0;-0,01;0,0;-0,01;0,0
09.07.2026;16:00;16:15;1,52;0,76;-0,26;0,0;-0,06;0,0;0,0;0,0;0,0;0,0;-0,01;0,0;-0,02;0,0;-0,13;0,0;0,0;0,0;0,0;0,0;0,0;0,0;-0,01;0,0;-0,01;0,0;0,0;0,0;-0,07;0,0;0,0;0,0;-0,02;0,0;-0,02;0,0;0,0;0,0;-0,05;0,0;-0,01;0,0;-0,01;0,0;-0,01;0,0;-0,03;0,0;0,0;0,0;-0,03;0,0;0,0;0,0;-0,01;0,0
09.07.2026;16:15;16:30;1,42;0,69;-0,22;0,0;-0,04;0,0;0,0;0,0;-0,02;0,0;0,0;0,0;-0,03;0,0;-0,13;0,0;0,0;0,0;0,0;0,0;0,0;0,0;0,0;0,0;0,0;0,0;0,0;0,0;-0,12;0,0;0,0;0,0;-0,02;0,0;-0,02;0,0;0,0;0,0;-0,05;0,0;-0,01;0,0;-0,01;0,0;0,0;0,0;-0,03;0,0;0,0;0,0;-0,01;0,0;0,0;0,0;-0,02;0,0
09.07.2026;16:30;16:45;1,34;0,52;-0,19;0,0;-0,07;0,0;0,0;0,0;-0,01;0,0;0,0;0,0;-0,01;0,0;-0,15;-0,03;0,0;0,0;0,0;0,0;0,0;0,0;0,0;0,0;-0,01;0,0;0,0;0,0;-0,21;-0,09;0,0;0,0;-0,02;0,0;-0,02;0,0;0,0;0,0;-0,06;0,0;0,0;0,0;-0,01;0,0;-0,01;0,0;-0,21;-0,09;0,0;0,0;-0,02;0,0;-0,01;0,0;-0,02;0,0
09.07.2026;16:45;17:00;1,24;0,33;-0,3;-0,01;-0,21;-0,11;0,0;0,0;-0,02;0,0;0,0;0,0;-0,01;0,0;-0,13;-0,03;0,0;0,0;0,0;0,0;0,0;0,0;0,0;0,0;0,0;0,0;0,0;0,0;-0,18;-0,08;0,0;0,0;-0,02;0,0;-0,03;0,0;0,0;0,0;-0,06;0,0;-0,02;0,0;-0,01;0,0;-0,01;0,0;-0,15;-0,05;0,0;0,0;-0,01;0,0;-0,01;0,0;-0,02;0,0
09.07.2026;17:00;17:15;1,1;0,41;-0,22;0,0;-0,36;-0,27;0,0;0,0;0,0;0,0;0,0;0,0;-0,01;0,0;-0,14;-0,05;0,0;0,0;0,0;0,0;0,0;0,0;0,0;0,0;-0,02;0,0;-0,01;0,0;-0,21;-0,12;0,0;0,0;-0,02;0,0;-0,02;0,0;0,0;0,0;-0,03;0,0;-0,01;0,0;-0,02;0,0;0,0;0,0;-0,02;0,0;0,0;0,0;-0,01;0,0;0,0;0,0;-0,03;0,0
09.07.2026;17:15;17:30;0,07;0,07;-0,17;-0,17;-0,09;-0,09;0,0;0,0;-0,01;-0,01;0,0;0,0;-0,01;-0,01;-0,12;-0,12;-0,01;-0,01;0,0;0,0;0,0;0,0;0,0;0,0;-0,02;-0,02;0,0;0,0;-0,15;-0,15;0,0;0,0;-0,01;-0,01;-0,02;-0,02;0,0;0,0;-0,01;-0,01;0,0;0,0;-0,01;-0,01;-0,02;-0,02;-0,03;-0,03;0,0;0,0;-0,01;-0,01;0,0;0,0;-0,01;-0,01
09.07.2026;17:30;17:45;0,0;0,0;-0,18;-0,18;-0,05;-0,05;-0,01;-0,01;-0,01;-0,01;0,0;0,0;0,0;0,0;-0,12;-0,12;0,0;0,0;0,0;0,0;-0,01;-0,01;0,0;0,0;0,0;0,0;0,0;0,0;-0,08;-0,08;-0,01;-0,01;-0,16;-0,16;-0,01;-0,01;0,0;0,0;0,0;0,0;-0,02;-0,02;-0,02;-0,02;-0,01;-0,01;-0,08;-0,08;-0,01;-0,01;-0,01;-0,01;-0,01;-0,01;-0,02;-0,02
09.07.2026;17:45;18:00;0,14;0,11;-0,26;-0,23;-0,09;-0,09;0,0;0,0;-0,02;-0,02;0,0;0,0;-0,02;-0,02;-0,13;-0,13;0,0;0,0;0,0;0,0;0,0;0,0;0,0;0,0;0,0;0,0;0,0;0,0;-0,08;-0,08;0,0;0,0;-0,12;-0,12;-0,1;-0,1;-0,01;-0,01;-0,01;-0,01;0,0;0,0;-0,02;-0,02;0,0;0,0;-0,08;-0,08;0,0;0,0;-0,03;-0,03;0,0;0,0;-0,01;-0,01
09.07.2026;18:00;18:15;0,69;0,21;-0,26;-0,11;-0,08;-0,05;0,0;0,0;-0,01;0,0;-0,01;0,0;0,0;0,0;-0,07;-0,04;0,0;0,0;0,0;0,0;0,0;0,0;0,0;0,0;-0,01;0,0;0,0;0,0;-0,08;-0,05;0,0;0,0;-0,09;-0,06;-0,07;-0,04;0,0;0,0;-0,14;-0,11;-0,01;0,0;-0,01;0,0;-0,01;0,0;-0,08;-0,05;0,0;0,0;-0,03;0,0;0,0;0,0;-0,03;0,0
09.07.2026;18:15;18:30;0,58;0,2;-0,31;-0,19;-0,07;-0,05;0,0;0,0;-0,01;0,0;0,0;0,0;-0,02;0,0;-0,01;0,0;0,0;0,0;-0,01;0,0;0,0;0,0;0,0;0,0;-0,02;0,0;0,0;0,0;-0,07;-0,05;0,0;0,0;-0,04;-0,02;-0,07;-0,05;0,0;0,0;-0,13;-0,11;-0,01;0,0;0,0;0,0;-0,01;0,0;-0,08;-0,06;0,0;0,0;-0,02;0,0;-0,01;0,0;-0,02;0,0
09.07.2026;18:30;18:45;0,48;0,15;-0,21;-0,12;-0,44;-0,42;0,0;0,0;-0,01;0,0;0,0;0,0;0,0;0,0;-0,03;-0,01;0,0;0,0;0,0;0,0;0,0;0,0;0,0;0,0;-0,01;0,0;0,0;0,0;-0,08;-0,06;0,0;0,0;-0,04;-0,02;-0,07;-0,05;0,0;0,0;-0,03;-0,01;-0,01;0,0;-0,02;0,0;-0,01;0,0;-0,08;-0,06;0,0;0,0;-0,01;0,0;-0,01;0,0;-0,03;-0,01
09.07.2026;18:45;19:00;0,39;0,18;-0,26;-0,19;-0,1;-0,09;0,0;0,0;-0,01;0,0;0,0;0,0;-0,01;0,0;-0,02;-0,01;0,0;0,0;0,0;0,0;0,0;0,0;0,0;0,0;-0,01;0,0;0,0;0,0;-0,08;-0,07;0,0;0,0;-0,1;-0,09;-0,06;-0,05;0,0;0,0;-0,05;-0,04;-0,01;0,0;-0,01;0,0;0,0;0,0;-0,07;-0,06;0,0;0,0;-0,02;-0,01;0,0;0,0;-0,05;-0,04
09.07.2026;19:00;19:15;0,3;0,12;-0,17;-0,11;-0,06;-0,05;0,0;0,0;-0,02;-0,01;0,0;0,0;-0,01;0,0;-0,02;-0,01;0,0;0,0;0,0;0,0;0,0;0,0;0,0;0,0;0,0;0,0;0,0;0,0;-0,07;-0,06;0,0;0,0;-0,1;-0,09;-0,07;-0,06;0,0;0,0;-0,04;-0,03;-0,01;0,0;0,0;0,0;-0,02;-0,01;-0,08;-0,07;0,0;0,0;0,0;0,0;0,0;0,0;-0,34;-0,33
09.07.2026;19:15;19:30;0,22;0,17;-0,18;-0,13;-0,04;-0,04;0,0;0,0;-0,01;-0,01;0,0;0,0;-0,01;-0,01;-0,02;-0,02;0,0;0,0;0,0;0,0;0,0;0,0;0,0;0,0;-0,01;-0,01;0,0;0,0;-0,08;-0,08;0,0;0,0;-0,1;-0,1;-0,09;-0,09;0,0;0,0;-0,02;-0,02;-0,01;-0,01;-0,01;-0,01;0,0;0,0;-0,08;-0,08;0,0;0,0;-0,02;-0,02;-0,01;-0,01;-0,26;-0,26
09.07.2026;19:30;19:45;0,17;0,12;-0,17;-0,12;-0,04;-0,04;0,0;0,0;-0,01;-0,01;0,0;0,0;0,0;0,0;-0,02;-0,02;0,0;0,0;0,0;0,0;0,0;0,0;0,0;0,0;-0,02;-0,02;0,0;0,0;-0,07;-0,07;0,0;0,0;-0,1;-0,1;-0,08;-0,08;0,0;0,0;-0,03;-0,03;-0,01;-0,01;-0,02;-0,02;-0,01;-0,01;-0,55;-0,55;-0,01;-0,01;-0,01;-0,01;-0,01;-0,01;-0,34;-0,34
09.07.2026;19:45;20:00;0,12;0,11;-0,21;-0,2;-0,05;-0,05;0,0;0,0;-0,01;-0,01;0,0;0,0;-0,01;-0,01;-0,02;-0,02;-0,01;-0,01;0,0;0,0;0,0;0,0;0,0;0,0;-0,01;-0,01;0,0;0,0;-0,07;-0,07;0,0;0,0;-0,09;-0,09;-0,08;-0,08;0,0;0,0;-0,01;-0,01;0,0;0,0;-0,02;-0,02;-0,01;-0,01;-0,19;-0,19;0,0;0,0;-0,02;-0,02;0,0;0,0;-0,04;-0,04
09.07.2026;20:00;20:15;0,08;0,08;-0,28;-0,28;-0,05;-0,05;0,0;0,0;-0,01;-0,01;-0,01;-0,01;-0,04;-0,04;-0,01;-0,01;0,0;0,0;0,0;0,0;-0,01;-0,01;0,0;0,0;0,0;0,0;0,0;0,0;-0,06;-0,06;-0,01;-0,01;-0,09;-0,09;-0,08;-0,08;0,0;0,0;-0,01;-0,01;-0,02;-0,02;-0,03;-0,03;-0,01;-0,01;-0,1;-0,1;0,0;0,0;0,0;0,0;0,0;0,0;-0,02;-0,02
09.07.2026;20:15;20:30;0,05;0,05;-0,2;-0,2;-0,12;-0,12;0,0;0,0;-0,02;-0,02;0,0;0,0;-0,02;-0,02;-0,02;-0,02;0,0;0,0;0,0;0,0;0,0;0,0;0,0;0,0;-0,01;-0,01;-0,01;-0,01;-0,06;-0,06;0,0;0,0;-0,08;-0,08;-0,07;-0,07;0,0;0,0;-0,02;-0,02;0,0;0,0;-0,12;-0,12;0,0;0,0;-0,19;-0,19;0,0;0,0;-0,15;-0,15;-0,01;-0,01;-0,03;-0,03
09.07.2026;20:30;20:45;0,02;0,02;-0,19;-0,19;-0,05;-0,05;0,0;0,0;-0,01;-0,01;0,0;0,0;-0,03;-0,03;-0,05;-0,05;0,0;0,0;0,0;0,0;0,0;0,0;0,0;0,0;-0,01;-0,01;0,0;0,0;-0,01;-0,01;0,0;0,0;-0,1;-0,1;-0,06;-0,06;0,0;0,0;-0,44;-0,44;-0,01;-0,01;-0,04;-0,04;-0,01;-0,01;-0,17;-0,17;0,0;0,0;-0,04;-0,04;0,0;0,0;-0,01;-0,01
09.07.2026;20:45;21:00;0,0;0,0;-0,18;-0,18;-0,04;-0,04;0,0;0,0;0,0;0,0;0,0;0,0;-0,03;-0,03;-0,04;-0,04;0,0;0,0;0,0;0,0;0,0;0,0;0,0;0,0;-0,01;-0,01;0,0;0,0;-0,02;-0,02;0,0;0,0;-0,11;-0,11;-0,06;-0,06;0,0;0,0;-0,2;-0,2;-0,01;-0,01;-0,03;-0,03;-0,01;-0,01;-0,22;-0,22;0,0;0,0;-0,04;-0,04;-0,01;-0,01;-0,02;-0,02
09.07.2026;21:00;21:15;0,0;0,0;-0,24;-0,24;-0,06;-0,06;-0,01;-0,01;-0,01;-0,01;0,0;0,0;-0,03;-0,03;-0,05;-0,05;0,0;0,0;0,0;0,0;0,0;0,0;-0,01;-0,01;-0,02;-0,02;0,0;0,0;-0,01;-0,01;0,0;0,0;-0,1;-0,1;-0,05;-0,05;0,0;0,0;-0,37;-0,37;-0,01;-0,01;-0,33;-0,33;-0,01;-0,01;-0,08;-0,08;0,0;0,0;-0,04;-0,04;0,0;0,0;-0,01;-0,01
09.07.2026;21:15;21:30;0,0;0,0;-0,25;-0,25;-0,06;-0,06;0,0;0,0;-0,02;-0,02;0,0;0,0;-0,04;-0,04;-0,58;-0,58;0,0;0,0;0,0;0,0;0,0;0,0;0,0;0,0;0,0;0,0;0,0;0,0;-0,02;-0,02;0,0;0,0;-0,1;-0,1;-0,06;-0,06;0,0;0,0;-0,11;-0,11;-0,01;-0,01;-0,3;-0,3;-0,01;-0,01;-0,1;-0,1;0,0;0,0;-0,03;-0,03;-0,01;-0,01;-0,02;-0,02
09.07.2026;21:30;21:45;0,0;0,0;-0,18;-0,18;-0,06;-0,06;0,0;0,0;-0,01;-0,01;0,0;0,0;-0,05;-0,05;-0,34;-0,34;0,0;0,0;0,0;0,0;0,0;0,0;0,0;0,0;-0,01;-0,01;0,0;0,0;-0,27;-0,27;0,0;0,0;-0,1;-0,1;-0,05;-0,05;0,0;0,0;-0,06;-0,06;-0,01;-0,01;-0,59;-0,59;-0,01;-0,01;-0,07;-0,07;-0,01;-0,01;-0,2;-0,2;0,0;0,0;-0,02;-0,02
09.07.2026;21:45;22:00;0,0;0,0;-0,2;-0,2;-0,06;-0,06;0,0;0,0;-0,02;-0,02;0,0;0,0;-0,05;-0,05;-0,07;-0,07;0,0;0,0;0,0;0,0;0,0;0,0;0,0;0,0;0,0;0,0;0,0;0,0;-0,12;-0,12;0,0;0,0;-0,09;-0,09;-0,04;-0,04;0,0;0,0;-0,06;-0,06;0,0;0,0;-0,24;-0,24;0,0;0,0;-0,01;-0,01;0,0;0,0;-0,04;-0,04;-0,01;-0,01;-0,02;-0,02
09.07.2026;22:00;22:15;0,0;0,0;-0,18;-0,18;-0,06;-0,06;0,0;0,0;0,0;0,0;-0,01;-0,01;-0,03;-0,03;-0,24;-0,24;0,0;0,0;0,0;0,0;0,0;0,0;0,0;0,0;-0,02;-0,02;0,0;0,0;-0,02;-0,02;0,0;0,0;-0,09;-0,09;-0,05;-0,05;0,0;0,0;-0,13;-0,13;-0,02;-0,02;-0,1;-0,1;-0,01;-0,01;-0,08;-0,08;0,0;0,0;-0,04;-0,04;0,0;0,0;-0,03;-0,03
09.07.2026;22:15;22:30;0,0;0,0;-0,19;-0,19;-0,06;-0,06;0,0;0,0;-0,01;-0,01;0,0;0,0;-0,02;-0,02;-0,16;-0,16;-0,01;-0,01;0,0;0,0;0,0;0,0;0,0;0,0;-0,01;-0,01;0,0;0,0;-0,03;-0,03;0,0;0,0;-0,19;-0,19;-0,03;-0,03;0,0;0,0;-0,04;-0,04;0,0;0,0;-0,02;-0,02;-0,01;-0,01;-0,01;-0,01;0,0;0,0;-0,03;-0,03;-0,01;-0,01;-0,01;-0,01
09.07.2026;22:30;22:45;0,0;0,0;-0,23;-0,23;-0,05;-0,05;0,0;0,0;-0,02;-0,02;0,0;0,0;-0,02;-0,02;-0,14;-0,14;0,0;0,0;0,0;0,0;-0,01;-0,01;0,0;0,0;-0,01;-0,01;0,0;0,0;-0,26;-0,26;-0,01;-0,01;-0,44;-0,44;-0,04;-0,04;-0,01;-0,01;-0,02;-0,02;-0,01;-0,01;-0,05;-0,05;-0,01;-0,01;-0,01;-0,01;0,0;0,0;-0,03;-0,03;-0,01;-0,01;-0,01;-0,01
09.07.2026;22:45;23:00;0,0;0,0;-0,18;-0,18;-0,03;-0,03;0,0;0,0;-0,01;-0,01;0,0;0,0;-0,07;-0,07;-0,13;-0,13;0,0;0,0;0,0;0,0;0,0;0,0;0,0;0,0;0,0;0,0;0,0;0,0;-0,02;-0,02;0,0;0,0;-0,42;-0,42;-0,03;-0,03;0,0;0,0;-0,01;-0,01;-0,01;-0,01;-0,11;-0,11;-0,01;-0,01;-0,01;-0,01;0,0;0,0;-0,03;-0,03;-0,01;-0,01;-0,02;-0,02
09.07.2026;23:00;23:15;0,0;0,0;-0,17;-0,17;-0,03;-0,03;0,0;0,0;-0,01;-0,01;0,0;0,0;-0,08;-0,08;-0,04;-0,04;0,0;0,0;0,0;0,0;0,0;0,0;0,0;0,0;-0,01;-0,01;0,0;0,0;-0,02;-0,02;0,0;0,0;-0,29;-0,29;-0,06;-0,06;0,0;0,0;-0,01;-0,01;-0,01;-0,01;-0,18;-0,18;-0,01;-0,01;-0,01;-0,01;0,0;0,0;-0,02;-0,02;0,0;0,0;-0,1;-0,1
09.07.2026;23:15;23:30;0,0;0,0;-0,19;-0,19;-0,03;-0,03;0,0;0,0;-0,01;-0,01;0,0;0,0;-0,04;-0,04;-0,03;-0,03;0,0;0,0;-0,01;-0,01;0,0;0,0;0,0;0,0;-0,02;-0,02;0,0;0,0;-0,01;-0,01;0,0;0,0;-0,27;-0,27;-0,05;-0,05;0,0;0,0;0,0;0,0;-0,01;-0,01;-0,1;-0,1;-0,01;-0,01;-0,01;-0,01;0,0;0,0;-0,03;-0,03;0,0;0,0;-0,11;-0,11
09.07.2026;23:30;23:45;0,0;0,0;-0,18;-0,18;-0,03;-0,03;0,0;0,0;-0,01;-0,01;0,0;0,0;-0,02;-0,02;-0,02;-0,02;0,0;0,0;0,0;0,0;0,0;0,0;0,0;0,0;-0,01;-0,01;0,0;0,0;-0,01;-0,01;0,0;0,0;-0,01;-0,01;-0,05;-0,05;0,0;0,0;-0,01;-0,01;-0,01;-0,01;-0,09;-0,09;-0,01;-0,01;-0,02;-0,02;-0,01;-0,01;-0,02;-0,02;-0,01;-0,01;-0,08;-0,08
09.07.2026;23:45;00:00;0,0;0,0;-0,16;-0,16;-0,02;-0,02;0,0;0,0;-0,01;-0,01;0,0;0,0;-0,02;-0,02;-0,02;-0,02;0,0;0,0;0,0;0,0;0,0;0,0;0,0;0,0;0,0;0,0;-0,01;-0,01;-0,01;-0,01;0,0;0,0;-0,02;-0,02;-0,03;-0,03;0,0;0,0;-0,02;-0,02;0,0;0,0;-0,08;-0,08;-0,02;-0,02;-0,01;-0,01;0,0;0,0;-0,02;-0,02;0,0;0,0;-0,06;-0,06
10.07.2026;00:00;00:15;0,0;0,0;-0,17;-0,17;-0,02;-0,02;0,0;0,0;-0,02;-0,02;-0,01;-0,01;-0,01;-0,01;-0,02;-0,02;0,0;0,0;0,0;0,0;0,0;0,0;0,0;0,0;-0,01;-0,01;0,0;0,0;-0,01;-0,01;0,0;0,0;0,0;0,0;-0,02;-0,02;0,0;0,0;-0,01;-0,01;-0,02;-0,02;-0,09;-0,09;-0,01;-0,01;-0,02;-0,02;0,0;0,0;0,0;0,0;0,0;0,0;-0,01;-0,01
10.07.2026;00:15;00:30;0,0;0,0;-0,17;-0,17;-0,02;-0,02;-0,01;-0,01;-0,01;-0,01;0,0;0,0;-0,01;-0,01;-0,02;-0,02;0,0;0,0;0,0;0,0;0,0;0,0;0,0;0,0;-0,01;-0,01;0,0;0,0;-0,02;-0,02;0,0;0,0;-0,01;-0,01;-0,02;-0,02;0,0;0,0;-0,01;-0,01;0,0;0,0;-0,08;-0,08;-0,01;-0,01;-0,02;-0,02;0,0;0,0;-0,02;-0,02;-0,01;-0,01;-0,02;-0,02
10.07.2026;00:30;00:45;0,0;0,0;-0,26;-0,26;-0,03;-0,03;0,0;0,0;-0,01;-0,01;0,0;0,0;-0,01;-0,01;-0,04;-0,04;0,0;0,0;0,0;0,0;0,0;0,0;0,0;0,0;-0,02;-0,02;0,0;0,0;-0,02;-0,02;0,0;0,0;-0,01;-0,01;-0,01;-0,01;0,0;0,0;0,0;0,0;-0,01;-0,01;-0,09;-0,09;-0,01;-0,01;-0,02;-0,02;0,0;0,0;0,0;0,0;0,0;0,0;-0,02;-0,02
10.07.2026;00:45;01:00;0,0;0,0;-0,16;-0,16;-0,03;-0,03;0,0;0,0;0,0;0,0;0,0;0,0;-0,01;-0,01;-0,1;-0,1;-0,01;-0,01;0,0;0,0;0,0;0,0;0,0;0,0;-0,01;-0,01;0,0;0,0;-0,06;-0,06;0,0;0,0;-0,01;-0,01;-0,01;-0,01;0,0;0,0;-0,01;-0,01;-0,01;-0,01;-0,09;-0,09;-0,02;-0,02;-0,01;-0,01;0,0;0,0;-0,02;-0,02;0,0;0,0;-0,02;-0,02
10.07.2026;01:00;01:15;0,0;0,0;-0,17;-0,17;-0,05;-0,05;0,0;0,0;-0,02;-0,02;0,0;0,0;-0,01;-0,01;-0,03;-0,03;0,0;0,0;0,0;0,0;-0,01;-0,01;0,0;0,0;0,0;0,0;0,0;0,0;-0,04;-0,04;-0,01;-0,01;-0,02;-0,02;-0,01;-0,01;0,0;0,0;-0,01;-0,01;-0,01;-0,01;-0,09;-0,09;0,0;0,0;-0,01;-0,01;0,0;0,0;0,0;0,0;-0,01;-0,01;-0,03;-0,03
10.07.2026;01:15;01:30;0,0;0,0;-0,18;-0,18;-0,04;-0,04;0,0;0,0;-0,01;-0,01;0,0;0,0;-0,01;-0,01;-0,01;-0,01;0,0;0,0;0,0;0,0;0,0;0,0;0,0;0,0;-0,01;-0,01;0,0;0,0;-0,01;-0,01;0,0;0,0;-0,01;-0,01;-0,02;-0,02;0,0;0,0;-0,01;-0,01;-0,01;-0,01;-0,08;-0,08;-0,01;-0,01;-0,02;-0,02;0,0;0,0;-0,02;-0,02;-0,01;-0,01;-0,01;-0,01
10.07.2026;01:30;01:45;0,0;0,0;-0,21;-0,21;-0,03;-0,03;0,0;0,0;-0,02;-0,02;0,0;0,0;-0,01;-0,01;-0,02;-0,02;0,0;0,0;0,0;0,0;0,0;0,0;0,0;0,0;0,0;0,0;0,0;0,0;-0,12;-0,12;0,0;0,0;0,0;0,0;-0,01;-0,01;0,0;0,0;-0,02;-0,02;-0,01;-0,01;-0,08;-0,08;-0,01;-0,01;-0,02;-0,02;-0,01;-0,01;0,0;0,0;0,0;0,0;-0,01;-0,01
10.07.2026;01:45;02:00;0,0;0,0;-0,17;-0,17;-0,03;-0,03;0,0;0,0;0,0;0,0;0,0;0,0;-0,01;-0,01;-0,02;-0,02;0,0;0,0;0,0;0,0;0,0;0,0;0,0;0,0;-0,02;-0,02;0,0;0,0;-0,13;-0,13;0,0;0,0;0,0;0,0;-0,03;-0,03;0,0;0,0;0,0;0,0;0,0;0,0;-0,09;-0,09;-0,01;-0,01;-0,01;-0,01;0,0;0,0;-0,02;-0,02;0,0;0,0;-0,02;-0,02
10.07.2026;02:00;02:15;0,0;0,0;-0,16;-0,16;-0,03;-0,03;0,0;0,0;-0,01;-0,01;-0,01;-0,01;0,0;0,0;-0,02;-0,02;0,0;0,0;0,0;0,0;0,0;0,0;-0,01;-0,01;-0,01;-0,01;0,0;0,0;-0,02;-0,02;0,0;0,0;-0,01;-0,01;-0,02;-0,02;0,0;0,0;-0,01;-0,01;-0,01;-0,01;-0,09;-0,09;-0,01;-0,01;-0,01;-0,01;0,0;0,0;0,0;0,0;-0,01;-0,01;-0,02;-0,02
10.07.2026;02:15;02:30;0,0;0,0;-0,16;-0,16;-0,02;-0,02;0,0;0,0;-0,02;-0,02;0,0;0,0;-0,02;-0,02;-0,02;-0,02;0,0;0,0;0,0;0,0;0,0;0,0;0,0;0,0;-0,01;-0,01;0,0;0,0;-0,04;-0,04;0,0;0,0;-0,02;-0,02;-0,02;-0,02;0,0;0,0;0,0;0,0;-0,01;-0,01;-0,07;-0,07;-0,01;-0,01;-0,02;-0,02;0,0;0,0;-0,02;-0,02;0,0;0,0;-0,02;-0,02
10.07.2026;02:30;02:45;0,0;0,0;-0,16;-0,16;-0,02;-0,02;0,0;0,0;-0,01;-0,01;0,0;0,0;0,0;0,0;-0,02;-0,02;0,0;0,0;0,0;0,0;0,0;0,0;0,0;0,0;0,0;0,0;0,0;0,0;-0,03;-0,03;0,0;0,0;-0,01;-0,01;-0,02;-0,02;0,0;0,0;-0,01;-0,01;-0,01;-0,01;-0,06;-0,06;0,0;0,0;-0,03;-0,03;0,0;0,0;0,0;0,0;0,0;0,0;-0,02;-0,02
10.07.2026;02:45;03:00;0,0;0,0;-0,17;-0,17;-0,03;-0,03;0,0;0,0;-0,02;-0,02;0,0;0,0;-0,01;-0,01;-0,02;-0,02;0,0;0,0;0,0;0,0;0,0;0,0;0,0;0,0;-0,01;-0,01;0,0;0,0;-0,02;-0,02;0,0;0,0;0,0;0,0;-0,02;-0,02;0,0;0,0;-0,01;-0,01;-0,01;-0,01;-0,03;-0,03;-0,01;-0,01;-0,04;-0,04;0,0;0,0;-0,02;-0,02;-0,01;-0,01;-0,02;-0,02
10.07.2026;03:00;03:15;0,0;0,0;-0,16;-0,16;-0,01;-0,01;0,0;0,0;0,0;0,0;0,0;0,0;-0,01;-0,01;-0,02;-0,02;0,0;0,0;0,0;0,0;0,0;0,0;0,0;0,0;-0,02;-0,02;-0,01;-0,01;-0,04;-0,04;0,0;0,0;-0,01;-0,01;-0,01;-0,01;0,0;0,0;-0,01;-0,01;-0,01;-0,01;-0,02;-0,02;-0,01;-0,01;-0,02;-0,02;0,0;0,0;0,0;0,0;0,0;0,0;-0,01;-0,01
10.07.2026;03:15;03:30;0,0;0,0;-0,17;-0,17;-0,02;-0,02;0,0;0,0;-0,01;-0,01;0,0;0,0;-0,01;-0,01;-0,03;-0,03;-0,01;-0,01;0,0;0,0;0,0;0,0;0,0;0,0;-0,01;-0,01;0,0;0,0;-0,02;-0,02;0,0;0,0;0,0;0,0;-0,01;-0,01;0,0;0,0;-0,01;-0,01;-0,01;-0,01;-0,01;-0,01;-0,01;-0,01;-0,01;-0,01;0,0;0,0;-0,01;-0,01;-0,01;-0,01;-0,01;-0,01
10.07.2026;03:30;03:45;0,0;0,0;-0,17;-0,17;-0,02;-0,02;-0,01;-0,01;-0,02;-0,02;0,0;0,0;-0,01;-0,01;-0,02;-0,02;0,0;0,0;0,0;0,0;-0,01;-0,01;0,0;0,0;0,0;0,0;0,0;0,0;-0,03;-0,03;-0,01;-0,01;-0,01;-0,01;-0,01;-0,01;-0,01;-0,01;-0,02;-0,02;-0,01;-0,01;-0,02;-0,02;-0,01;-0,01;-0,02;-0,02;-0,01;-0,01;-0,01;-0,01;0,0;0,0;-0,03;-0,03
10.07.2026;03:45;04:00;0,0;0,0;-0,18;-0,18;-0,03;-0,03;0,0;0,0;-0,01;-0,01;0,0;0,0;-0,01;-0,01;-0,02;-0,02;0,0;0,0;0,0;0,0;0,0;0,0;0,0;0,0;-0,01;-0,01;0,0;0,0;-0,04;-0,04;0,0;0,0;-0,02;-0,02;-0,02;-0,02;0,0;0,0;0,0;0,0;0,0;0,0;-0,02;-0,02;-0,01;-0,01;-0,02;-0,02;0,0;0,0;-0,01;-0,01;-0,01;-0,01;-0,02;-0,02
10.07.2026;04:00;04:15;0,0;0,0;-0,16;-0,16;-0,02;-0,02;0,0;0,0;-0,01;-0,01;-0,01;-0,01;0,0;0,0;-0,01;-0,01;0,0;0,0;0,0;0,0;0,0;0,0;0,0;0,0;-0,01;-0,01;0,0;0,0;-0,05;-0,05;0,0;0,0;-0,01;-0,01;-0,02;-0,02;0,0;0,0;-0,01;-0,01;-0,02;-0,02;-0,01;-0,01;-0,01;-0,01;-0,02;-0,02;0,0;0,0;-0,01;-0,01;0,0;0,0;-0,02;-0,02
10.07.2026;04:15;04:30;0,0;0,0;-0,17;-0,17;-0,01;-0,01;0,0;0,0;-0,01;-0,01;0,0;0,0;-0,01;-0,01;-0,02;-0,02;0,0;0,0;-0,01;-0,01;0,0;0,0;0,0;0,0;-0,02;-0,02;0,0;0,0;-0,02;-0,02;0,0;0,0;0,0;0,0;-0,02;-0,02;0,0;0,0;-0,01;-0,01;0,0;0,0;-0,02;-0,02;0,0;0,0;-0,01;-0,01;0,0;0,0;-0,01;-0,01;-0,01;-0,01;-0,02;-0,02
10.07.2026;04:30;04:45;0,0;0,0;-0,17;-0,17;-0,02;-0,02;0,0;0,0;-0,01;-0,01;0,0;0,0;-0,01;-0,01;-0,02;-0,02;0,0;0,0;0,0;0,0;0,0;0,0;0,0;0,0;-0,01;-0,01;0,0;0,0;-0,01;-0,01;0,0;0,0;0,0;0,0;-0,02;-0,02;0,0;0,0;-0,04;-0,04;-0,01;-0,01;0,0;0,0;-0,01;-0,01;-0,02;-0,02;0,0;0,0;-0,03;-0,03;0,0;0,0;-0,01;-0,01
10.07.2026;04:45;05:00;0,0;0,0;-0,16;-0,16;-0,03;-0,03;0,0;0,0;-0,01;-0,01;0,0;0,0;-0,01;-0,01;-0,02;-0,02;0,0;0,0;0,0;0,0;0,0;0,0;0,0;0,0;0,0;0,0;0,0;0,0;-0,01;-0,01;0,0;0,0;-0,01;-0,01;-0,03;-0,03;0,0;0,0;-0,01;-0,01;-0,01;-0,01;-0,01;-0,01;-0,01;-0,01;-0,02;-0,02;0,0;0,0;-0,03;-0,03;0,0;0,0;-0,01;-0,01
10.07.2026;05:00;05:15;0,0;0,0;-0,17;-0,17;-0,02;-0,02;0,0;0,0;-0,02;-0,02;0,0;0,0;0,0;0,0;-0,01;-0,01;0,0;0,0;0,0;0,0;0,0;0,0;0,0;0,0;0,0;0,0;0,0;0,0;-0,04;-0,04;0,0;0,0;-0,01;-0,01;-0,01;-0,01;0,0;0,0;-0,03;-0,03;0,0;0,0;-0,02;-0,02;-0,01;-0,01;-0,01;-0,01;0,0;0,0;-0,02;-0,02;-0,01;-0,01;-0,02;-0,02
10.07.2026;05:15;05:30;0,0;0,0;-0,16;-0,16;-0,01;-0,01;0,0;0,0;-0,01;-0,01;0,0;0,0;-0,02;-0,02;-0,01;-0,01;0,0;0,0;0,0;0,0;0,0;0,0;0,0;0,0;-0,01;-0,01;0,0;0,0;-0,02;-0,02;0,0;0,0;-0,02;-0,02;-0,02;-0,02;0,0;0,0;-0,01;-0,01;-0,02;-0,02;-0,01;-0,01;-0,01;-0,01;-0,02;-0,02;0,0;0,0;-0,01;-0,01;0,0;0,0;-0,03;-0,03
10.07.2026;05:30;05:45;0,0;0,0;-0,18;-0,18;-0,02;-0,02;0,0;0,0;0,0;0,0;0,0;0,0;0,0;0,0;-0,02;-0,02;0,0;0,0;0,0;0,0;0,0;0,0;0,0;0,0;-0,02;-0,02;0,0;0,0;-0,02;-0,02;0,0;0,0;0,0;0,0;-0,01;-0,01;0,0;0,0;-0,01;-0,01;-0,01;-0,01;-0,01;-0,01;-0,01;-0,01;-0,01;-0,01;-0,01;-0,01;-0,01;-0,01;-0,01;-0,01;-0,02;-0,02
10.07.2026;05:45;06:00;0,0;0,0;-0,18;-0,18;-0,17;-0,17;0,0;0,0;-0,02;-0,02;0,0;0,0;-0,01;-0,01;-0,02;-0,02;-0,01;-0,01;0,0;0,0;0,0;0,0;0,0;0,0;-0,01;-0,01;0,0;0,0;-0,01;-0,01;0,0;0,0;0,0;0,0;-0,01;-0,01;0,0;0,0;-0,01;-0,01;0,0;0,0;-0,02;-0,02;0,0;0,0;-0,02;-0,02;0,0;0,0;0,0;0,0;0,0;0,0;-0,01;-0,01
10.07.2026;06:00;06:15;0,01;0,01;-0,17;-0,17;-0,02;-0,02;0,0;0,0;-0,01;-0,01;-0,01;-0,01;-0,01;-0,01;-0,02;-0,02;0,0;0,0;0,0;0,0;-0,01;-0,01;0,0;0,0;-0,01;-0,01;0,0;0,0;-0,01;-0,01;-0,01;-0,01;-0,01;-0,01;-0,02;-0,02;0,0;0,0;-0,01;-0,01;-0,01;-0,01;0,0;0,0;-0,01;-0,01;-0,01;-0,01;0,0;0,0;-0,02;-0,02;-0,01;-0,01;-0,02;-0,02
10.07.2026;06:15;06:30;0,06;0,06;-0,25;-0,25;-0,16;-0,16;0,0;0,0;-0,02;-0,02;0,0;0,0;-0,01;-0,01;-0,02;-0,02;0,0;0,0;0,0;0,0;0,0;0,0;0,0;0,0;0,0;0,0;-0,01;-0,01;-0,04;-0,04;0,0;0,0;0,0;0,0;-0,11;-0,11;0,0;0,0;-0,02;-0,02;-0,01;-0,01;-0,01;-0,01;-0,01;-0,01;-0,02;-0,02;0,0;0,0;0,0;0,0;0,0;0,0;-0,01;-0,01
10.07.2026;06:30;06:45;0,2;0,15;-0,18;-0,13;-0,04;-0,04;0,0;0,0;-0,01;-0,01;0,0;0,0;0,0;0,0;-0,03;-0,03;0,0;0,0;0,0;0,0;0,0;0,0;0,0;0,0;-0,01;-0,01;0,0;0,0;-0,01;-0,01;0,0;0,0;-0,02;-0,02;-0,03;-0,03;0,0;0,0;0,0;0,0;-0,01;-0,01;-0,02;-0,02;-0,01;-0,01;-0,01;-0,01;0,0;0,0;-0,02;-0,02;0,0;0,0;-0,02;-0,02
10.07.2026;06:45;07:00;0,35;0,14;-0,17;-0,1;-0,03;-0,02;0,0;0,0;0,0;0,0;0,0;0,0;-0,02;-0,01;-0,02;-0,01;0,0;0,0;0,0;0,0;0,0;0,0;0,0;0,0;-0,02;-0,01;0,0;0,0;-0,01;0,0;0,0;0,0;-0,01;0,0;-0,07;-0,06;0,0;0,0;-0,02;-0,01;-0,01;0,0;-0,01;0,0;-0,01;0,0;-0,02;-0,01;0,0;0,0;0,0;0,0;-0,01;0,0;-0,02;-0,01
10.07.2026;07:00;07:15;0,46;0,2;-0,19;-0,09;-0,03;-0,02;-0,01;0,0;-0,01;0,0;0,0;0,0;-0,02;-0,01;-0,02;-0,01;0,0;0,0;0,0;0,0;0,0;0,0;-0,01;0,0;-0,01;0,0;0,0;0,0;-0,02;-0,01;0,0;0,0;0,0;0,0;-0,04;-0,03;0,0;0,0;-0,03;-0,02;0,0;0,0;-0,01;0,0;-0,01;0,0;-0,01;0,0;0,0;0,0;-0,02;-0,01;-0,01;0,0;-0,02;-0,01
10.07.2026;07:15;07:30;0,61;0,24;-0,32;-0,18;-0,02;0,0;0,0;0,0;-0,02;0,0;0,0;0,0;0,0;0,0;-0,02;0,0;0,0;0,0;0,0;0,0;0,0;0,0;0,0;0,0;0,0;0,0;0,0;0,0;-0,04;0,0;0,0;0,0;-0,01;0,0;-0,03;0,0;0,0;0,0;-0,02;0,0;-0,01;0,0;0,0;0,0;0,0;0,0;-0,02;0,0;0,0;0,0;-0,01;0,0;0,0;0,0;-0,03;0,0
10.07.2026;07:30;07:45;0,69;0,31;-0,21;-0,03;-0,01;0,0;0,0;0,0;-0,01;0,0;0,0;0,0;-0,01;0,0;-0,02;0,0;0,0;0,0;0,0;0,0;0,0;0,0;0,0;0,0;-0,01;0,0;0,0;0,0;-0,03;0,0;0,0;0,0;0,0;0,0;-0,01;0,0;0,0;0,0;-0,01;0,0;-0,01;0,0;-0,01;0,0;-0,01;0,0;-0,01;0,0;-0,01;0,0;-0,02;0,0;0,0;0,0;-0,02;0,0
10.07.2026;07:45;08:00;0,82;0,36;-0,18;0,0;-0,03;0,0;0,0;0,0;-0,01;0,0;0,0;0,0;-0,01;0,0;-0,02;0,0;0,0;0,0;0,0;0,0;0,0;0,0;0,0;0,0;-0,01;0,0;0,0;0,0;-0,1;-0,04;0,0;0,0;-0,01;0,0;-0,01;0,0;0,0;0,0;-0,01;0,0;-0,01;0,0;-0,02;0,0;-0,02;0,0;-0,02;0,0;0,0;0,0;0,0;0,0;-0,01;0,0;-0,03;0,0
10.07.2026;08:00;08:15;0,92;0,38;-0,19;0,0;-0,02;0,0;0,0;0,0;-0,01;0,0;-0,01;0,0;0,0;0,0;-0,02;0,0;0,0;0,0;0,0;0,0;0,0;0,0;0,0;0,0;-0,01;0,0;0,0;0,0;-0,13;-0,05;0,0;0,0;-0,02;0,0;-0,02;0,0;0,0;0,0;-0,01;0,0;-0,01;0,0;-0,01;0,0;-0,01;0,0;-0,08;0,0;0,0;0,0;-0,02;0,0;0,0;0,0;-0,02;0,0
10.07.2026;08:15;08:30;1,02;0,39;-0,28;-0,01;-0,02;0,0;0,0;0,0;-0,01;0,0;0,0;0,0;-0,01;0,0;-0,02;0,0;-0,01;0,0;0,0;0,0;0,0;0,0;0,0;0,0;-0,01;0,0;0,0;0,0;-0,14;-0,05;0,0;0,0;-0,01;0,0;-0,01;0,0;-0,01;0,0;-0,02;0,0;-0,01;0,0;-0,01;0,0;-0,01;0,0;-0,16;-0,07;0,0;0,0;0,0;0,0;-0,01;0,0;-0,01;0,0
10.07.2026;08:30;08:45;1,1;0,55;-0,18;0,0;-0,01;0,0;0,0;0,0;-0,02;0,0;0,0;0,0;-0,01;0,0;-0,02;0,0;0,0;0,0;0,0;0,0;-0,01;0,0;0,0;0,0;-0,01;0,0;0,0;0,0;-0,15;-0,05;-0,01;0,0;-0,01;0,0;-0,01;0,0;0,0;0,0;-0,01;0,0;0,0;0,0;-0,02;0,0;-0,01;0,0;-0,1;0,0;0,0;0,0;-0,01;0,0;0,0;0,0;-0,01;0,0
10.07.2026;08:45;09:00;1,18;0,41;-0,34;-0,03;-0,03;0,0;0,0;0,0;-0,01;0,0;0,0;0,0;-0,01;0,0;0,0;0,0;0,0;0,0;0,0;0,0;0,0;0,0;0,0;0,0;0,0;0,0;0,0;0,0;-0,14;-0,04;0,0;0,0;0,0;0,0;-0,02;0,0;-0,15;-0,05;-0,01;0,0;-0,02;0,0;-0,02;0,0;0,0;0,0;-0,11;-0,01;0,0;0,0;-0,01;0,0;-0,01;0,0;-0,02;0,0
10.07.2026;09:00;09:15;1,39;0,75;-0,18;0,0;-0,01;0,0;0,0;0,0;-0,01;0,0;0,0;0,0;-0,01;0,0;-0,08;0,0;0,0;0,0;0,0;0,0;0,0;0,0;0,0;0,0;-0,01;0,0;0,0;0,0;-0,09;0,0;0,0;0,0;0,0;0,0;-0,03;0,0;0,0;0,0;-0,01;0,0;0,0;0,0;-0,03;0,0;-0,01;0,0;-0,36;-0,23;0,0;0,0;-0,01;0,0;0,0;0,0;-0,03;0,0
10.07.2026;09:15;09:30;1,44;0,73;-0,17;0,0;-0,03;0,0;0,0;0,0;0,0;0,0;0,0;0,0;-0,01;0,0;-0,14;0,0;0,0;0,0;-0,01;0,0;0,0;0,0;0,0;0,0;-0,02;0,0;0,0;0,0;-0,03;0,0;0,0;0,0;-0,01;0,0;-0,02;0,0;-0,05;0,0;-0,02;0,0;-0,01;0,0;-0,02;0,0;-0,01;0,0;-0,13;0,0;0,0;0,0;-0,01;0,0;0,0;0,0;-0,02;0,0
10.07.2026;09:30;09:45;1,1;0,49;-0,2;0,0;-0,02;0,0;0,0;0,0;-0,02;0,0;0,0;0,0;-0,01;0,0;-0,16;-0,07;0,0;0,0;0,0;0,0;0,0;0,0;0,0;0,0;-0,01;0,0;0,0;0,0;-0,01;0,0;0,0;0,0;-0,02;0,0;-0,02;0,0;-0,03;0,0;-0,01;0,0;-0,01;0,0;-0,01;0,0;-0,01;0,0;-0,12;-0,03;-0,01;0,0;-0,01;0,0;-0,01;0,0;-0,02;0,0
10.07.2026;09:45;10:00;0,0;0,0;-0,2;-0,2;-0,02;-0,02;0,0;0,0;-0,01;-0,01;0,0;0,0;-0,03;-0,03;-0,12;-0,12;0,0;0,0;0,0;0,0;0,0;0,0;0,0;0,0;0,0;0,0;-0,01;-0,01;-0,02;-0,02;0,0;0,0;-0,03;-0,03;-0,03;-0,03;-0,1;-0,1;-0,01;-0,01;-0,01;-0,01;-0,06;-0,06;0,0;0,0;-0,07;-0,07;0,0;0,0;-0,01;-0,01;-0,01;-0,01;-0,02;-0,02
10.07.2026;10:00;10:15;0,0;0,0;-0,19;-0,19;-0,02;-0,02;0,0;0,0;-0,02;-0,02;-0,01;-0,01;-0,03;-0,03;-0,14;-0,14;0,0;0,0;0,0;0,0;0,0;0,0;0,0;0,0;-0,01;-0,01;0,0;0,0;-0,01;-0,01;0,0;0,0;-0,01;-0,01;-0,01;-0,01;-0,06;-0,06;-0,01;-0,01;-0,01;-0,01;-0,22;-0,22;-0,01;-0,01;-0,12;-0,12;0,0;0,0;-0,01;-0,01;0,0;0,0;-0,01;-0,01
10.07.2026;10:15;10:30;0,92;0,32;-0,17;0,0;-0,03;0,0;-0,01;0,0;0,0;0,0;0,0;0,0;-0,03;0,0;-0,11;-0,04;0,0;0,0;0,0;0,0;0,0;0,0;0,0;0,0;-0,01;0,0;0,0;0,0;-0,04;0,0;0,0;0,0;-0,01;0,0;-0,02;0,0;-0,12;-0,05;-0,01;0,0;-0,01;0,0;-0,02;0,0;-0,01;0,0;-0,14;-0,07;0,0;0,0;-0,01;0,0;0,0;0,0;-0,01;0,0
10.07.2026;10:30;10:45;1,88;1,15;-0,3;0,0;-0,02;0,0;0,0;0,0;-0,01;0,0;0,0;0,0;-0,02;0,0;-0,06;0,0;0,0;0,0;0,0;0,0;0,0;0,0;0,0;0,0;-0,02;0,0;0,0;0,0;-0,02;0,0;0,0;0,0;0,0;0,0;-0,02;0,0;-0,02;0,0;-0,02;0,0;0,0;0,0;-0,02;0,0;-0,01;0,0;-0,15;0,0;0,0;0,0;-0,01;0,0;-0,01;0,0;-0,02;0,0
10.07.2026;10:45;11:00;1,91;1,34;-0,19;0,0;-0,02;0,0;0,0;0,0;-0,01;0,0;0,0;0,0;-0,03;0,0;-0,03;0,0;-0,01;0,0;0,0;0,0;0,0;0,0;0,0;0,0;-0,01;0,0;0,0;0,0;-0,01;0,0;0,0;0,0;0,0;0,0;-0,03;0,0;0,0;0,0;-0,01;0,0;-0,02;0,0;-0,01;0,0;-0,01;0,0;-0,14;0,0;0,0;0,0;-0,01;0,0;0,0;0,0;-0,03;0,0
10.07.2026;11:00;11:15;2,03;1,35;-0,19;0,0;-0,02;0,0;0,0;0,0;-0,02;0,0;0,0;0,0;-0,01;0,0;-0,02;0,0;0,0;0,0;0,0;0,0;-0,01;0,0;0,0;0,0;0,0;0,0;0,0;0,0;-0,03;0,0;-0,01;0,0;-0,08;0,0;-0,02;0,0;-0,13;0,0;-0,01;0,0;0,0;0,0;0,0;0,0;-0,01;0,0;-0,08;0,0;0,0;0,0;-0,01;0,0;-0,01;0,0;-0,02;0,0
10.07.2026;11:15;11:30;1,75;1,2;-0,21;0,0;-0,02;0,0;0,0;0,0;-0,01;0,0;0,0;0,0;-0,01;0,0;-0,02;0,0;0,0;0,0;0,0;0,0;0,0;0,0;0,0;0,0;0,0;0,0;0,0;0,0;-0,04;0,0;0,0;0,0;-0,1;0,0;-0,05;0,0;-0,01;0,0;-0,01;0,0;-0,01;0,0;-0,01;0,0;0,0;0,0;-0,02;0,0;0,0;0,0;-0,01;0,0;0,0;0,0;-0,02;0,0
10.07.2026;11:30;11:45;1,73;1,11;-0,22;0,0;-0,03;0,0;0,0;0,0;-0,01;0,0;0,0;0,0;-0,01;0,0;-0,02;0,0;0,0;0,0;0,0;0,0;0,0;0,0;0,0;0,0;-0,02;0,0;0,0;0,0;-0,07;0,0;0,0;0,0;-0,09;0,0;-0,04;0,0;-0,01;0,0;-0,01;0,0;-0,02;0,0;-0,01;0,0;-0,01;0,0;-0,01;0,0;-0,01;0,0;0,0;0,0;-0,01;0,0;-0,02;0,0
10.07.2026;11:45;12:00;1,84;1,25;-0,17;0,0;-0,02;0,0;0,0;0,0;-0,01;0,0;0,0;0,0;-0,01;0,0;-0,06;0,0;0,0;0,0;0,0;0,0;0,0;0,0;0,0;0,0;-0,02;0,0;0,0;0,0;-0,06;0,0;0,0;0,0;-0,1;0,0;-0,04;0,0;0,0;0,0;-0,01;0,0;0,0;0,0;-0,02;0,0;-0,01;0,0;-0,03;0,0;0,0;0,0;-0,01;0,0;0,0;0,0;-0,02;0,0
10.07.2026;12:00;12:15;1,14;0,57;-0,16;0,0;-0,02;0,0;0,0;0,0;-0,01;0,0;-0,01;0,0;0,0;0,0;-0,05;0,0;0,0;0,0;0,0;0,0;0,0;0,0;-0,01;0,0;0,0;0,0;0,0;0,0;-0,07;0,0;0,0;0,0;-0,09;0,0;-0,04;0,0;0,0;0,0;-0,01;0,0;-0,02;0,0;-0,01;0,0;-0,01;0,0;-0,03;0,0;0,0;0,0;-0,01;0,0;0,0;0,0;-0,02;0,0
10.07.2026;12:15;12:30;1,53;0,95;-0,17;0,0;-0,02;0,0;0,0;0,0;-0,02;0,0;0,0;0,0;-0,01;0,0;-0,05;0,0;0,0;0,0;0,0;0,0;0,0;0,0;0,0;0,0;-0,01;0,0;0,0;0,0;-0,07;0,0;0,0;0,0;-0,08;0,0;-0,04;0,0;0,0;0,0;-0,02;0,0;0,0;0,0;0,0;0,0;-0,01;0,0;-0,03;0,0;0,0;0,0;-0,02;0,0;-0,01;0,0;-0,02;0,0
10.07.2026;12:30;12:45;2,35;1,7;-0,18;0,0;-0,02;0,0;0,0;0,0;-0,01;0,0;0,0;0,0;-0,01;0,0;-0,09;0,0;0,0;0,0;0,0;0,0;0,0;0,0;0,0;0,0;0,0;0,0;0,0;0,0;-0,07;0,0;0,0;0,0;-0,08;0,0;-0,03;0,0;0,0;0,0;-0,01;0,0;-0,01;0,0;-0,01;0,0;-0,01;0,0;-0,09;0,0;0,0;0,0;0,0;0,0;-0,01;0,0;-0,02;0,0
10.07.2026;12:45;13:00;2,26;1,45;-0,17;0,0;-0,02;0,0;0,0;0,0;-0,01;0,0;0,0;0,0;-0,04;0,0;-0,35;-0,08;0,0;0,0;0,0;0,0;0,0;0,0;0,0;0,0;-0,02;0,0;0,0;0,0;-0,07;0,0;0,0;0,0;-0,09;0,0;-0,03;0,0;0,0;0,0;-0,01;0,0;-0,01;0,0;-0,02;0,0;0,0;0,0;-0,02;0,0;0,0;0,0;-0,01;0,0;0,0;0,0;-0,02;0,0
10.07.2026;13:00;13:15;1,91;1,32;-0,16;0,0;-0,01;0,0;0,0;0,0;0,0;0,0;0,0;0,0;-0,02;0,0;-0,1;0,0;0,0;0,0;0,0;0,0;0,0;0,0;0,0;0,0;-0,01;0,0;-0,01;0,0;-0,07;0,0;0,0;0,0;-0,1;0,0;-0,03;0,0;0,0;0,0;-0,01;0,0;-0,01;0,0;-0,01;0,0;-0,01;0,0;-0,02;0,0;0,0;0,0;-0,01;0,0;0,0;0,0;-0,01;0,0
10.07.2026;13:15;13:30;2,12;1,5;-0,18;0,0;-0,02;0,0;0,0;0,0;-0,02;0,0;0,0;0,0;-0,03;0,0;-0,07;0,0;-0,01;0,0;0,0;0,0;0,0;0,0;0,0;0,0;-0,01;0,0;0,0;0,0;-0,07;0,0;0,0;0,0;-0,1;0,0;-0,03;0,0;0,0;0,0;-0,01;0,0;-0,01;0,0;0,0;0,0;-0,01;0,0;-0,02;0,0;0,0;0,0;-0,01;0,0;-0,01;0,0;-0,01;0,0
10.07.2026;13:30;13:45;0,88;0,27;-0,17;0,0;-0,03;0,0;-0,01;0,0;-0,01;0,0;0,0;0,0;-0,03;0,0;-0,07;0,0;0,0;0,0;0,0;0,0;-0,01;0,0;0,0;0,0;0,0;0,0;0,0;0,0;-0,07;0,0;-0,01;0,0;-0,09;-0,02;-0,03;0,0;0,0;0,0;-0,01;0,0;-0,01;0,0;-0,01;0,0;-0,01;0,0;-0,01;0,0;-0,01;0,0;-0,01;0,0;0,0;0,0;-0,03;0,0
10.07.2026;13:45;14:00;0,0;0,0;-0,18;-0,18;-0,02;-0,02;0,0;0,0;-0,02;-0,02;0,0;0,0;-0,03;-0,03;-0,08;-0,08;0,0;0,0;0,0;0,0;0,0;0,0;0,0;0,0;-0,01;-0,01;0,0;0,0;-0,06;-0,06;0,0;0,0;-0,1;-0,1;-0,02;-0,02;0,0;0,0;-0,01;-0,01;-0,01;-0,01;-0,01;-0,01;-0,01;-0,01;-0,02;-0,02;0,0;0,0;-0,03;-0,03;-0,01;-0,01;-0,02;-0,02
10.07.2026;14:00;14:15;0,0;0,0;-0,17;-0,17;-0,01;-0,01;0,0;0,0;0,0;0,0;-0,01;-0,01;-0,09;-0,09;-0,08;-0,08;0,0;0,0;0,0;0,0;0,0;0,0;0,0;0,0;-0,01;-0,01;0,0;0,0;-0,06;-0,06;0,0;0,0;-0,08;-0,08;-0,04;-0,04;0,0;0,0;-0,01;-0,01;-0,01;-0,01;-0,02;-0,02;-0,01;-0,01;-0,02;-0,02;0,0;0,0;-0,04;-0,04;0,0;0,0;-0,02;-0,02
10.07.2026;14:15;14:30;1,21;0,48;-0,17;0,0;-0,02;0,0;0,0;0,0;-0,01;0,0;0,0;0,0;-0,09;0,0;-0,08;0,0;0,0;0,0;-0,01;0,0;0,0;0,0;0,0;0,0;-0,02;0,0;0,0;0,0;-0,09;0,0;0,0;0,0;-0,09;0,0;-0,04;0,0;-0,01;0,0;-0,02;0,0;-0,01;0,0;0,0;0,0;-0,01;0,0;-0,01;0,0;0,0;0,0;-0,03;0,0;0,0;0,0;-0,02;0,0
10.07.2026;14:30;14:45;1,61;0,85;-0,22;0,0;-0,03;0,0;0,0;0,0;-0,02;0,0;0,0;0,0;-0,09;0,0;-0,08;0,0;0,0;0,0;0,0;0,0;0,0;0,0;0,0;0,0;0,0;0,0;0,0;0,0;-0,08;0,0;0,0;0,0;-0,09;0,0;-0,04;0,0;-0,03;0,0;-0,01;0,0;0,0;0,0;-0,01;0,0;0,0;0,0;-0,02;0,0;0,0;0,0;-0,02;0,0;-0,01;0,0;-0,01;0,0
10.07.2026;14:45;15:00;1,61;0,83;-0,3;0,0;-0,05;0,0;0,0;0,0;-0,01;0,0;0,0;0,0;-0,04;0,0;-0,06;0,0;0,0;0,0;0,0;0,0;0,0;0,0;0,0;0,0;-0,01;0,0;0,0;0,0;-0,07;0,0;0,0;0,0;-0,1;0,0;-0,04;0,0;0,0;0,0;-0,01;0,0;-0,02;0,0;-0,01;0,0;-0,01;0,0;-0,03;0,0;0,0;0,0;-0,01;0,0;0,0;0,0;-0,01;0,0
10.07.2026;15:00;15:15;1,91;1,2;-0,18;0,0;-0,01;0,0;0,0;0,0;-0,01;0,0;0,0;0,0;-0,02;0,0;-0,05;0,0;0,0;0,0;0,0;0,0;0,0;0,0;0,0;0,0;0,0;0,0;0,0;0,0;-0,08;0,0;0,0;0,0;-0,1;0,0;-0,03;0,0;-0,11;0,0;-0,02;0,0;0,0;0,0;-0,01;0,0;-0,01;0,0;-0,05;0,0;0,0;0,0;-0,01;0,0;0,0;0,0;-0,02;0,0
10.07.2026;15:15;15:30;1,78;0,97;-0,26;0,0;-0,02;0,0;0,0;0,0;-0,01;0,0;0,0;0,0;-0,02;0,0;-0,06;0,0;0,0;0,0;0,0;0,0;0,0;0,0;0,0;0,0;-0,02;0,0;0,0;0,0;-0,17;0,0;0,0;0,0;-0,06;0,0;-0,03;0,0;0,0;0,0;-0,05;0,0;-0,01;0,0;-0,01;0,0;-0,01;0,0;-0,03;0,0;0,0;0,0;-0,01;0,0;-0,01;0,0;-0,03;0,0
10.07.2026;15:30;15:45;1,19;0,46;-0,26;0,0;-0,03;0,0;0,0;0,0;-0,01;0,0;0,0;0,0;-0,01;0,0;-0,28;-0,18;0,0;0,0;0,0;0,0;0,0;0,0;0,0;0,0;-0,02;0,0;0,0;0,0;-0,08;0,0;0,0;0,0;-0,02;0,0;-0,01;0,0;-0,01;0,0;-0,06;0,0;-0,01;0,0;-0,02;0,0;-0,01;0,0;-0,03;0,0;-0,01;0,0;-0,01;0,0;-0,01;0,0;-0,02;0,0
10.07.2026;15:45;16:00;1,35;0,66;-0,27;0,0;-0,03;0,0;0,0;0,0;-0,01;0,0;0,0;0,0;-0,01;0,0;-0,25;-0,12;-0,01;0,0;0,0;0,0;0,0;0,0;0,0;0,0;0,0;0,0;0,0;0,0;-0,05;0,0;0,0;0,0;0,0;0,0;-0,01;0,0;0,0;0,0;-0,08;0,0;-0,01;0,0;-0,02;0,0;-0,01;0,0;-0,02;0,0;0,0;0,0;-0,01;0,0;0,0;0,0;-0,02;0,0
10.07.2026;16:00;16:15;1,31;0,69;-0,23;0,0;0,0;0,0;0,0;0,0;-0,02;0,0;-0,01;0,0;-0,01;0,0;-0,48;-0,35;0,0;0,0;0,0;0,0;-0,01;0,0;0,0;0,0;-0,01;0,0;0,0;0,0;-0,05;0,0;-0,01;0,0;-0,01;0,0;-0,01;0,0;0,0;0,0;-0,05;0,0;-0,01;0,0;-0,02;0,0;0,0;0,0;-0,01;0,0;0,0;0,0;-0,01;0,0;0,0;0,0;-0,02;0,0
10.07.2026;16:15;16:30;1,55;0,83;-0,2;0,0;-0,03;0,0;0,0;0,0;-0,01;0,0;0,0;0,0;-0,01;0,0;-0,2;-0,03;0,0;0,0;0,0;0,0;0,0;0,0;0,0;0,0;0,0;0,0;-0,01;0,0;-0,04;0,0;0,0;0,0;-0,06;0,0;-0,02;0,0;0,0;0,0;-0,08;0,0;-0,01;0,0;-0,01;0,0;-0,01;0,0;-0,02;0,0;0,0;0,0;-0,01;0,0;-0,01;0,0;-0,02;0,0
10.07.2026;16:30;16:45;1,29;0,45;-0,29;0,0;-0,02;0,0;0,0;0,0;-0,01;0,0;0,0;0,0;-0,02;0,0;-0,18;-0,07;0,0;0,0;0,0;0,0;0,0;0,0;0,0;0,0;-0,02;0,0;0,0;0,0;-0,05;0,0;0,0;0,0;-0,1;0,0;-0,01;0,0;0,0;0,0;-0,04;0,0;-0,01;0,0;-0,01;0,0;-0,01;0,0;-0,12;-0,01;0,0;0,0;0,0;0,0;0,0;0,0;-0,03;0,0
10.07.2026;16:45;17:00;1,18;0,43;-0,25;0,0;-0,03;0,0;0,0;0,0;0,0;0,0;0,0;0,0;-0,02;0,0;-0,13;-0,03;0,0;0,0;0,0;0,0;0,0;0,0;0,0;0,0;-0,01;0,0;0,0;0,0;-0,03;0,0;0,0;0,0;-0,05;0,0;-0,03;0,0;-0,01;0,0;-0,03;0,0;-0,01;0,0;-0,01;0,0;0,0;0,0;-0,09;0,0;0,0;0,0;-0,02;0,0;0,0;0,0;-0,06;0,0
10.07.2026;17:00;17:15;0,72;0,22;-0,25;-0,1;-0,01;0,0;-0,01;0,0;-0,02;0,0;0,0;0,0;-0,13;-0,09;-0,12;-0,08;0,0;0,0;0,0;0,0;0,0;0,0;-0,01;0,0;-0,01;0,0;0,0;0,0;-0,02;0,0;0,0;0,0;-0,03;0,0;-0,02;0,0;0,0;0,0;-0,02;0,0;0,0;0,0;-0,01;0,0;-0,02;0,0;-0,08;-0,04;0,0;0,0;0,0;0,0;-0,01;0,0;-0,06;-0,02
10.07.2026;17:15;17:30;0,73;0,24;-0,22;-0,06;-0,01;0,0;0,0;0,0;-0,01;0,0;0,0;0,0;-0,01;0,0;-0,4;-0,36;0,0;0,0;0,0;0,0;0,0;0,0;0,0;0,0;0,0;0,0;0,0;0,0;-0,05;-0,01;0,0;0,0;-0,02;0,0;-0,02;0,0;0,0;0,0;-0,03;0,0;-0,02;0,0;-0,02;0,0;-0,01;0,0;-0,07;-0,03;0,0;0,0;-0,02;0,0;0,0;0,0;-0,05;-0,01
10.07.2026;17:30;17:45;0,56;0,2;-0,26;-0,14;-0,06;-0,04;0,0;0,0;-0,02;0,0;0,0;0,0;-0,01;0,0;-0,21;-0,19;0,0;0,0;0,0;0,0;0,0;0,0;0,0;0,0;-0,01;0,0;0,0;0,0;-0,03;-0,01;0,0;0,0;-0,03;-0,01;-0,03;-0,01;0,0;0,0;-0,03;-0,01;-0,01;0,0;-0,01;0,0;0,0;0,0;-0,06;-0,04;-0,01;0,0;0,0;0,0;-0,01;0,0;-0,02;0,0
10.07.2026;17:45;18:00;0,69;0,21;-0,19;-0,05;-0,31;-0,27;0,0;0,0;0,0;0,0;0,0;0,0;0,0;0,0;-0,03;0,0;0,0;0,0;0,0;0,0;0,0;0,0;0,0;0,0;-0,02;0,0;0,0;0,0;-0,08;-0,04;0,0;0,0;-0,06;-0,02;-0,03;0,0;0,0;0,0;-0,03;0,0;0,0;0,0;-0,02;0,0;-0,01;0,0;-0,03;0,0;0,0;0,0;-0,02;0,0;0,0;0,0;-0,03;0,0
10.07.2026;18:00;18:15;0,01;0,01;-0,26;-0,26;-0,06;-0,06;0,0;0,0;-0,01;-0,01;-0,01;-0,01;-0,01;-0,01;-0,02;-0,02;0,0;0,0;0,0;0,0;0,0;0,0;0,0;0,0;-0,01;-0,01;0,0;0,0;-0,09;-0,09;0,0;0,0;-0,06;-0,06;-0,04;-0,04;0,0;0,0;-0,03;-0,03;-0,02;-0,02;-0,02;-0,02;-0,01;-0,01;-0,09;-0,09;0,0;0,0;-0,01;-0,01;0,0;0,0;-0,01;-0,01
10.07.2026;18:15;18:30;0,0;0,0;-0,18;-0,18;-0,04;-0,04;0,0;0,0;-0,02;-0,02;0,0;0,0;-0,01;-0,01;-0,02;-0,02;-0,01;-0,01;0,0;0,0;0,0;0,0;0,0;0,0;0,0;0,0;0,0;0,0;-0,07;-0,07;0,0;0,0;-0,05;-0,05;-0,09;-0,09;0,0;0,0;-0,03;-0,03;0,0;0,0;-0,01;-0,01;-0,01;-0,01;-0,09;-0,09;0,0;0,0;-0,02;-0,02;-0,01;-0,01;-0,01;-0,01
10.07.2026;18:30;18:45;0,19;0,14;-0,17;-0,12;-0,15;-0,15;0,0;0,0;-0,01;-0,01;0,0;0,0;-0,01;-0,01;-0,02;-0,02;0,0;0,0;0,0;0,0;-0,01;-0,01;0,0;0,0;-0,01;-0,01;0,0;0,0;-0,08;-0,08;-0,01;-0,01;-0,07;-0,07;-0,08;-0,08;0,0;0,0;-0,03;-0,03;-0,01;-0,01;-0,01;-0,01;0,0;0,0;-0,1;-0,1;0,0;0,0;0,0;0,0;-0,01;-0,01;-0,02;-0,02
10.07.2026;18:45;19:00;0,36;0,15;-0,17;-0,1;-0,05;-0,04;0,0;0,0;-0,02;-0,01;0,0;0,0;-0,02;-0,01;-0,02;-0,01;0,0;0,0;0,0;0,0;0,0;0,0;0,0;0,0;0,0;0,0;0,0;0,0;-0,07;-0,06;0,0;0,0;-0,07;-0,06;-0,09;-0,08;0,0;0,0;-0,03;-0,02;-0,02;-0,01;-0,01;0,0;-0,02;-0,01;-0,08;-0,07;0,0;0,0;-0,02;-0,01;0,0;0,0;-0,02;-0,01
10.07.2026;19:00;19:15;0,3;0,14;-0,19;-0,13;-0,06;-0,05;0,0;0,0;0,0;0,0;0,0;0,0;0,0;0,0;-0,02;-0,01;0,0;0,0;0,0;0,0;0,0;0,0;0,0;0,0;-0,02;-0,01;0,0;0,0;-0,06;-0,05;0,0;0,0;-0,06;-0,05;-0,09;-0,08;0,0;0,0;-0,02;-0,01;0,0;0,0;-0,02;-0,01;0,0;0,0;-0,09;-0,08;0,0;0,0;0,0;0,0;0,0;0,0;-0,02;-0,01
10.07.2026;19:15;19:30;0,22;0,17;-0,19;-0,14;-0,04;-0,04;0,0;0,0;-0,01;-0,01;0,0;0,0;0,0;0,0;-0,02;-0,02;0,0;0,0;-0,01;-0,01;0,0;0,0;0,0;0,0;-0,02;-0,02;0,0;0,0;-0,07;-0,07;0,0;0,0;-0,07;-0,07;-0,1;-0,1;0,0;0,0;-0,03;-0,03;-0,01;-0,01;-0,02;-0,02;-0,01;-0,01;-0,09;-0,09;0,0;0,0;-0,02;-0,02;-0,01;-0,01;-0,03;-0,03
10.07.2026;19:30;19:45;0,18;0,13;-0,18;-0,13;-0,04;-0,04;0,0;0,0;-0,02;-0,02;0,0;0,0;-0,02;-0,02;-0,01;-0,01;0,0;0,0;0,0;0,0;0,0;0,0;0,0;0,0;0,0;0,0;0,0;0,0;-0,06;-0,06;0,0;0,0;-0,07;-0,07;-0,06;-0,06;0,0;0,0;-0,03;-0,03;-0,01;-0,01;-0,04;-0,04;-0,01;-0,01;-0,07;-0,07;-0,01;-0,01;0,0;0,0;0,0;0,0;-0,02;-0,02
10.07.2026;19:45;20:00;0,11;0,11;-0,18;-0,18;-0,09;-0,09;0,0;0,0;-0,01;-0,01;0,0;0,0;0,0;0,0;-0,01;-0,01;0,0;0,0;0,0;0,0;0,0;0,0;0,0;0,0;0,0;0,0;-0,01;-0,01;-0,06;-0,06;0,0;0,0;-0,06;-0,06;-0,05;-0,05;0,0;0,0;-0,01;-0,01;0,0;0,0;-0,04;-0,04;-0,01;-0,01;-0,09;-0,09;0,0;0,0;-0,02;-0,02;0,0;0,0;-0,02;-0,02
10.07.2026;20:00;20:15;0,06;0,06;-0,19;-0,19;-0,05;-0,05;0,0;0,0;-0,01;-0,01;-0,01;-0,01;-0,01;-0,01;-0,01;-0,01;0,0;0,0;0,0;0,0;0,0;0,0;0,0;0,0;-0,01;-0,01;0,0;0,0;-0,07;-0,07;0,0;0,0;-0,06;-0,06;-0,04;-0,04;0,0;0,0;-0,02;-0,02;-0,02;-0,02;-0,02;-0,02;0,0;0,0;-0,23;-0,23;0,0;0,0;-0,01;-0,01;-0,01;-0,01;-0,01;-0,01
10.07.2026;20:15;20:30;0,03;0,03;-0,16;-0,16;-0,05;-0,05;-0,01;-0,01;-0,01;-0,01;0,0;0,0;-0,01;-0,01;-0,02;-0,02;0,0;0,0;0,0;0,0;0,0;0,0;0,0;0,0;-0,02;-0,02;0,0;0,0;-0,05;-0,05;0,0;0,0;-0,05;-0,05;-0,05;-0,05;0,0;0,0;-0,02;-0,02;-0,01;-0,01;-0,02;-0,02;-0,01;-0,01;-0,17;-0,17;0,0;0,0;-0,01;-0,01;-0,01;-0,01;-0,01;-0,01
10.07.2026;20:30;20:45;0,02;0,02;-0,17;-0,17;-0,04;-0,04;0,0;0,0;-0,01;-0,01;0,0;0,0;-0,01;-0,01;-0,02;-0,02;0,0;0,0;0,0;0,0;0,0;0,0;0,0;0,0;-0,01;-0,01;0,0;0,0;-0,07;-0,07;0,0;0,0;-0,03;-0,03;-0,05;-0,05;0,0;0,0;-0,03;-0,03;0,0;0,0;-0,02;-0,02;-0,01;-0,01;-0,16;-0,16;0,0;0,0;-0,01;-0,01;0,0;0,0;-0,02;-0,02
10.07.2026;20:45;21:00;0,01;0,01;-0,17;-0,17;-0,04;-0,04;0,0;0,0;-0,01;-0,01;0,0;0,0;-0,11;-0,11;-0,02;-0,02;-0,01;-0,01;0,0;0,0;0,0;0,0;0,0;0,0;-0,01;-0,01;0,0;0,0;-0,04;-0,04;0,0;0,0;-0,02;-0,02;-0,07;-0,07;0,0;0,0;-0,03;-0,03;-0,02;-0,02;-0,02;-0,02;-0,01;-0,01;-0,13;-0,13;0,0;0,0;-0,01;-0,01;0,0;0,0;-0,02;-0,02
10.07.2026;21:00;21:15;0,01;0,01;-0,16;-0,16;-0,06;-0,06;0,0;0,0;-0,02;-0,02;0,0;0,0;-0,57;-0,57;-0,02;-0,02;0,0;0,0;0,0;0,0;-0,01;-0,01;0,0;0,0;0,0;0,0;0,0;0,0;-0,02;-0,02;-0,01;-0,01;-0,08;-0,08;-0,05;-0,05;0,0;0,0;-0,04;-0,04;0,0;0,0;-0,04;-0,04;-0,01;-0,01;-0,13;-0,13;0,0;0,0;-0,01;-0,01;-0,01;-0,01;-0,03;-0,03
10.07.2026;21:15;21:30;0,0;0,0;-0,17;-0,17;-0,05;-0,05;0,0;0,0;-0,01;-0,01;0,0;0,0;-0,3;-0,3;-0,02;-0,02;0,0;0,0;0,0;0,0;0,0;0,0;0,0;0,0;-0,01;-0,01;0,0;0,0;-0,04;-0,04;0,0;0,0;-0,43;-0,43;-0,05;-0,05;0,0;0,0;-0,04;-0,04;-0,01;-0,01;-0,04;-0,04;-0,01;-0,01;-0,13;-0,13;0,0;0,0;-0,01;-0,01;0,0;0,0;-0,02;-0,02
10.07.2026;21:30;21:45;0,0;0,0;-0,22;-0,22;-0,05;-0,05;0,0;0,0;-0,01;-0,01;0,0;0,0;-0,04;-0,04;-0,02;-0,02;0,0;0,0;0,0;0,0;0,0;0,0;0,0;0,0;-0,02;-0,02;0,0;0,0;-0,03;-0,03;0,0;0,0;-0,24;-0,24;-0,06;-0,06;0,0;0,0;-0,28;-0,28;-0,01;-0,01;-0,03;-0,03;0,0;0,0;-0,13;-0,13;-0,01;-0,01;-0,01;-0,01;-0,01;-0,01;-0,02;-0,02
10.07.2026;21:45;22:00;0,0;0,0;-0,17;-0,17;-0,04;-0,04;0,0;0,0;0,0;0,0;0,0;0,0;-0,06;-0,06;-0,02;-0,02;0,0;0,0;0,0;0,0;0,0;0,0;0,0;0,0;-0,01;-0,01;0,0;0,0;-0,03;-0,03;0,0;0,0;-0,28;-0,28;-0,04;-0,04;-0,01;-0,01;-0,19;-0,19;-0,01;-0,01;-0,03;-0,03;-0,01;-0,01;-0,13;-0,13;0,0;0,0;0,0;0,0;0,0;0,0;-0,01;-0,01
10.07.2026;22:00;22:15;0,0;0,0;-0,17;-0,17;-0,05;-0,05;0,0;0,0;-0,02;-0,02;-0,01;-0,01;-0,12;-0,12;-0,01;-0,01;0,0;0,0;0,0;0,0;0,0;0,0;-0,01;-0,01;0,0;0,0;0,0;0,0;-0,04;-0,04;0,0;0,0;-0,11;-0,11;-0,05;-0,05;0,0;0,0;-0,22;-0,22;-0,01;-0,01;-0,03;-0,03;-0,02;-0,02;-0,14;-0,14;0,0;0,0;-0,02;-0,02;0,0;0,0;-0,01;-0,01
10.07.2026;22:15;22:30;0,0;0,0;-0,16;-0,16;-0,05;-0,05;0,0;0,0;-0,01;-0,01;0,0;0,0;-0,04;-0,04;-0,02;-0,02;0,0;0,0;0,0;0,0;0,0;0,0;0,0;0,0;-0,01;-0,01;0,0;0,0;-0,04;-0,04;0,0;0,0;-0,02;-0,02;-0,06;-0,06;0,0;0,0;-0,26;-0,26;-0,01;-0,01;-0,09;-0,09;-0,01;-0,01;-0,09;-0,09;0,0;0,0;0,0;0,0;-0,01;-0,01;-0,02;-0,02
10.07.2026;22:30;22:45;0,0;0,0;-0,18;-0,18;-0,05;-0,05;0,0;0,0;-0,02;-0,02;0,0;0,0;-0,03;-0,03;-0,02;-0,02;0,0;0,0;0,0;0,0;0,0;0,0;0,0;0,0;-0,01;-0,01;0,0;0,0;-0,03;-0,03;0,0;0,0;-0,02;-0,02;-0,05;-0,05;0,0;0,0;-0,22;-0,22;-0,01;-0,01;-0,09;-0,09;-0,02;-0,02;-0,08;-0,08;0,0;0,0;-0,02;-0,02;0,0;0,0;-0,03;-0,03
10.07.2026;22:45;23:00;0,0;0,0;-0,18;-0,18;-0,05;-0,05;0,0;0,0;0,0;0,0;0,0;0,0;-0,03;-0,03;-0,02;-0,02;0,0;0,0;0,0;0,0;0,0;0,0;0,0;0,0;-0,02;-0,02;0,0;0,0;-0,04;-0,04;0,0;0,0;-0,07;-0,07;-0,04;-0,04;0,0;0,0;-0,1;-0,1;-0,01;-0,01;-0,09;-0,09;-0,02;-0,02;-0,01;-0,01;0,0;0,0;-0,02;-0,02;-0,01;-0,01;-0,02;-0,02
10.07.2026;23:00;23:15;0,0;0,0;-0,21;-0,21;-0,05;-0,05;0,0;0,0;-0,02;-0,02;0,0;0,0;-0,05;-0,05;-0,02;-0,02;0,0;0,0;0,0;0,0;0,0;0,0;0,0;0,0;-0,01;-0,01;-0,01;-0,01;-0,03;-0,03;0,0;0,0;-0,06;-0,06;-0,04;-0,04;0,0;0,0;-0,04;-0,04;0,0;0,0;-0,1;-0,1;-0,01;-0,01;-0,02;-0,02;0,0;0,0;-0,03;-0,03;0,0;0,0;-0,1;-0,1
10.07.2026;23:15;23:30;0,0;0,0;-0,19;-0,19;-0,04;-0,04;0,0;0,0;-0,06;-0,06;0,0;0,0;-0,03;-0,03;-0,02;-0,02;-0,01;-0,01;0,0;0,0;0,0;0,0;0,0;0,0;0,0;0,0;0,0;0,0;-0,03;-0,03;0,0;0,0;-0,07;-0,07;-0,05;-0,05;0,0;0,0;-0,04;-0,04;-0,02;-0,02;-0,09;-0,09;-0,01;-0,01;-0,01;-0,01;0,0;0,0;-0,01;-0,01;-0,01;-0,01;-0,1;-0,1
10.07.2026;23:30;23:45;0,0;0,0;-0,17;-0,17;-0,04;-0,04;-0,01;-0,01;-0,05;-0,05;0,0;0,0;-0,01;-0,01;0,0;0,0;0,0;0,0;0,0;0,0;-0,01;-0,01;0,0;0,0;0,0;0,0;0,0;0,0;-0,03;-0,03;-0,01;-0,01;-0,06;-0,06;-0,04;-0,04;0,0;0,0;-0,04;-0,04;0,0;0,0;-0,1;-0,1;-0,02;-0,02;-0,02;-0,02;-0,01;-0,01;-0,04;-0,04;0,0;0,0;-0,07;-0,07
10.07.2026;23:45;00:00;0,0;0,0;-0,17;-0,17;-0,06;-0,06;0,0;0,0;-0,05;-0,05;0,0;0,0;-0,02;-0,02;-0,01;-0,01;0,0;0,0;0,0;0,0;0,0;0,0;0,0;0,0;-0,02;-0,02;0,0;0,0;-0,03;-0,03;0,0;0,0;-0,06;-0,06;-0,04;-0,04;0,0;0,0;-0,04;-0,04;-0,01;-0,01;-0,09;-0,09;-0,02;-0,02;-0,01;-0,01;0,0;0,0;-0,01;-0,01;0,0;0,0;-0,05;-0,05
11.07.2026;00:00;00:15;0,0;0,0;-0,19;-0,19;-0,04;-0,04;0,0;0,0;-0,03;-0,03;-0,01;-0,01;-0,01;-0,01;-0,02;-0,02;0,0;0,0;0,0;0,0;0,0;0,0;0,0;0,0;-0,01;-0,01;0,0;0,0;-0,03;-0,03;0,0;0,0;-0,06;-0,06;-0,05;-0,05;0,0;0,0;-0,03;-0,03;-0,01;-0,01;-0,09;-0,09;0,0;0,0;-0,02;-0,02;0,0;0,0;-0,03;-0,03;-0,01;-0,01;-0,02;-0,02
11.07.2026;00:15;00:30;0,0;0,0;-0,21;-0,21;-0,03;-0,03;0,0;0,0;-0,02;-0,02;0,0;0,0;-0,01;-0,01;-0,15;-0,15;0,0;0,0;-0,01;-0,01;0,0;0,0;0,0;0,0;-0,01;-0,01;0,0;0,0;-0,03;-0,03;0,0;0,0;-0,05;-0,05;-0,05;-0,05;0,0;0,0;-0,02;-0,02;-0,01;-0,01;-0,1;-0,1;-0,01;-0,01;-0,01;-0,01;0,0;0,0;-0,02;-0,02;-0,01;-0,01;-0,03;-0,03
11.07.2026;00:30;00:45;0,0;0,0;-0,25;-0,25;-0,02;-0,02;0,0;0,0;-0,01;-0,01;0,0;0,0;-0,01;-0,01;-0,29;-0,29;0,0;0,0;0,0;0,0;0,0;0,0;0,0;0,0;-0,01;-0,01;0,0;0,0;-0,03;-0,03;0,0;0,0;-0,06;-0,06;-0,05;-0,05;0,0;0,0;-0,02;-0,02;-0,01;-0,01;-0,08;-0,08;-0,01;-0,01;-0,02;-0,02;0,0;0,0;-0,03;-0,03;0,0;0,0;-0,02;-0,02
11.07.2026;00:45;01:00;0,0;0,0;-0,16;-0,16;-0,03;-0,03;0,0;0,0;-0,01;-0,01;0,0;0,0;-0,01;-0,01;-0,04;-0,04;0,0;0,0;0,0;0,0;0,0;0,0;0,0;0,0;0,0;0,0;0,0;0,0;-0,04;-0,04;0,0;0,0;-0,07;-0,07;-0,05;-0,05;0,0;0,0;-0,03;-0,03;-0,01;-0,01;-0,09;-0,09;-0,01;-0,01;-0,01;-0,01;0,0;0,0;-0,02;-0,02;0,0;0,0;-0,02;-0,02
11.07.2026;01:00;01:15;0,0;0,0;-0,18;-0,18;-0,03;-0,03;0,0;0,0;-0,01;-0,01;0,0;0,0;-0,01;-0,01;-0,03;-0,03;0,0;0,0;0,0;0,0;0,0;0,0;0,0;0,0;-0,01;-0,01;0,0;0,0;-0,02;-0,02;0,0;0,0;-0,06;-0,06;-0,04;-0,04;0,0;0,0;-0,03;-0,03;0,0;0,0;-0,08;-0,08;-0,01;-0,01;-0,02;-0,02;0,0;0,0;-0,03;-0,03;-0,01;-0,01;-0,02;-0,02
11.07.2026;01:15;01:30;0,0;0,0;-0,2;-0,2;-0,02;-0,02;0,0;0,0;-0,01;-0,01;0,0;0,0;-0,02;-0,02;-0,04;-0,04;0,0;0,0;0,0;0,0;0,0;0,0;0,0;0,0;-0,02;-0,02;0,0;0,0;-0,04;-0,04;0,0;0,0;-0,05;-0,05;-0,05;-0,05;0,0;0,0;-0,02;-0,02;-0,02;-0,02;-0,09;-0,09;-0,01;-0,01;-0,01;-0,01;0,0;0,0;-0,02;-0,02;0,0;0,0;-0,01;-0,01
11.07.2026;01:30;01:45;0,0;0,0;-0,21;-0,21;-0,02;-0,02;0,0;0,0;-0,02;-0,02;0,0;0,0;-0,01;-0,01;-0,04;-0,04;0,0;0,0;0,0;0,0;0,0;0,0;0,0;0,0;-0,01;-0,01;0,0;0,0;-0,03;-0,03;0,0;0,0;-0,02;-0,02;-0,05;-0,05;0,0;0,0;-0,03;-0,03;0,0;0,0;-0,09;-0,09;-0,01;-0,01;-0,02;-0,02;-0,01;-0,01;-0,02;-0,02;0,0;0,0;-0,02;-0,02
11.07.2026;01:45;02:00;0,0;0,0;-0,3;-0,3;-0,03;-0,03;0,0;0,0;-0,01;-0,01;0,0;0,0;0,0;0,0;-0,02;-0,02;-0,01;-0,01;0,0;0,0;0,0;0,0;0,0;0,0;0,0;0,0;0,0;0,0;-0,03;-0,03;0,0;0,0;-0,01;-0,01;-0,03;-0,03;0,0;0,0;-0,01;-0,01;-0,01;-0,01;-0,09;-0,09;0,0;0,0;-0,01;-0,01;0,0;0,0;-0,02;-0,02;-0,01;-0,01;-0,03;-0,03
11.07.2026;02:00;02:15;0,0;0,0;-0,2;-0,2;-0,03;-0,03;0,0;0,0;-0,02;-0,02;-0,01;-0,01;-0,02;-0,02;-0,04;-0,04;0,0;0,0;0,0;0,0;-0,01;-0,01;0,0;0,0;-0,01;-0,01;0,0;0,0;-0,03;-0,03;-0,01;-0,01;0,0;0,0;-0,03;-0,03;0,0;0,0;-0,01;-0,01;-0,01;-0,01;-0,08;-0,08;-0,01;-0,01;-0,02;-0,02;0,0;0,0;-0,03;-0,03;0,0;0,0;-0,02;-0,02
11.07.2026;02:15;02:30;0,0;0,0;-0,17;-0,17;-0,02;-0,02;0,0;0,0;-0,01;-0,01;0,0;0,0;0,0;0,0;-0,02;-0,02;0,0;0,0;0,0;0,0;0,0;0,0;0,0;0,0;-0,01;-0,01;-0,01;-0,01;-0,03;-0,03;0,0;0,0;-0,01;-0,01;-0,03;-0,03;0,0;0,0;-0,01;-0,01;-0,01;-0,01;-0,09;-0,09;-0,01;-0,01;-0,01;-0,01;0,0;0,0;-0,01;-0,01;-0,01;-0,01;-0,02;-0,02
11.07.2026;02:30;02:45;0,0;0,0;-0,2;-0,2;-0,01;-0,01;0,0;0,0;0,0;0,0;0,0;0,0;-0,01;-0,01;-0,01;-0,01;0,0;0,0;0,0;0,0;0,0;0,0;0,0;0,0;-0,02;-0,02;0,0;0,0;-0,03;-0,03;0,0;0,0;-0,01;-0,01;-0,02;-0,02;0,0;0,0;-0,01;-0,01;-0,01;-0,01;-0,08;-0,08;-0,01;-0,01;-0,02;-0,02;0,0;0,0;-0,04;-0,04;0,0;0,0;-0,02;-0,02
11.07.2026;02:45;03:00;0,0;0,0;-0,24;-0,24;-0,02;-0,02;0,0;0,0;-0,02;-0,02;0,0;0,0;-0,01;-0,01;-0,02;-0,02;0,0;0,0;0,0;0,0;0,0;0,0;0,0;0,0;-0,01;-0,01;0,0;0,0;-0,03;-0,03;0,0;0,0;-0,02;-0,02;-0,01;-0,01;-0,01;-0,01;-0,01;-0,01;-0,01;-0,01;-0,09;-0,09;-0,01;-0,01;-0,01;-0,01;0,0;0,0;-0,01;-0,01;0,0;0,0;-0,01;-0,01
11.07.2026;03:00;03:15;0,0;0,0;-0,18;-0,18;-0,03;-0,03;-0,01;-0,01;-0,01;-0,01;0,0;0,0;-0,01;-0,01;-0,02;-0,02;0,0;0,0;0,0;0,0;0,0;0,0;-0,01;-0,01;0,0;0,0;0,0;0,0;-0,03;-0,03;0,0;0,0;-0,01;-0,01;-0,03;-0,03;0,0;0,0;0,0;0,0;0,0;0,0;-0,08;-0,08;-0,01;-0,01;-0,02;-0,02;0,0;0,0;-0,03;-0,03;-0,01;-0,01;-0,02;-0,02
11.07.2026;03:15;03:30;0,0;0,0;-0,19;-0,19;-0,07;-0,07;0,0;0,0;-0,01;-0,01;0,0;0,0;-0,01;-0,01;-0,01;-0,01;0,0;0,0;0,0;0,0;0,0;0,0;0,0;0,0;0,0;0,0;0,0;0,0;-0,03;-0,03;0,0;0,0;-0,02;-0,02;-0,02;-0,02;0,0;0,0;-0,01;-0,01;-0,02;-0,02;-0,04;-0,04;0,0;0,0;-0,01;-0,01;0,0;0,0;-0,01;-0,01;-0,01;-0,01;-0,02;-0,02
11.07.2026;03:30;03:45;0,0;0,0;-0,18;-0,18;-0,02;-0,02;0,0;0,0;-0,02;-0,02;0,0;0,0;-0,01;-0,01;-0,01;-0,01;0,0;0,0;0,0;0,0;0,0;0,0;0,0;0,0;-0,02;-0,02;0,0;0,0;-0,02;-0,02;0,0;0,0;0,0;0,0;-0,02;-0,02;0,0;0,0;-0,01;-0,01;0,0;0,0;-0,02;-0,02;-0,01;-0,01;-0,02;-0,02;-0,01;-0,01;-0,03;-0,03;0,0;0,0;-0,03;-0,03
11.07.2026;03:45;04:00;0,0;0,0;-0,16;-0,16;-0,02;-0,02;0,0;0,0;-0,01;-0,01;0,0;0,0;-0,01;-0,01;-0,02;-0,02;0,0;0,0;0,0;0,0;0,0;0,0;0,0;0,0;-0,02;-0,02;0,0;0,0;-0,01;-0,01;0,0;0,0;-0,01;-0,01;-0,03;-0,03;0,0;0,0;-0,01;-0,01;-0,01;-0,01;-0,01;-0,01;-0,02;-0,02;-0,01;-0,01;0,0;0,0;-0,02;-0,02;0,0;0,0;-0,02;-0,02
11.07.2026;04:00;04:15;0,0;0,0;-0,17;-0,17;-0,04;-0,04;0,0;0,0;0,0;0,0;-0,01;-0,01;0,0;0,0;-0,02;-0,02;0,0;0,0;0,0;0,0;0,0;0,0;0,0;0,0;0,0;0,0;0,0;0,0;-0,02;-0,02;0,0;0,0;-0,01;-0,01;-0,02;-0,02;0,0;0,0;-0,01;-0,01;-0,01;-0,01;-0,02;-0,02;-0,01;-0,01;-0,02;-0,02;0,0;0,0;-0,01;-0,01;-0,01;-0,01;-0,02;-0,02
11.07.2026;04:15;04:30;0,0;0,0;-0,17;-0,17;-0,03;-0,03;0,0;0,0;-0,02;-0,02;0,0;0,0;-0,01;-0,01;-0,02;-0,02;-0,01;-0,01;0,0;0,0;0,0;0,0;0,0;0,0;-0,01;-0,01;0,0;0,0;0,0;0,0;0,0;0,0;-0,01;-0,01;-0,02;-0,02;0,0;0,0;0,0;0,0;-0,01;-0,01;-0,01;-0,01;-0,01;-0,01;-0,01;-0,01;0,0;0,0;-0,01;-0,01;0,0;0,0;-0,02;-0,02
11.07.2026;04:30;04:45;0,0;0,0;-0,16;-0,16;-0,02;-0,02;0,0;0,0;-0,01;-0,01;0,0;0,0;-0,01;-0,01;-0,02;-0,02;0,0;0,0;0,0;0,0;-0,01;-0,01;0,0;0,0;0,0;0,0;0,0;0,0;-0,02;-0,02;-0,01;-0,01;-0,02;-0,02;-0,01;-0,01;0,0;0,0;-0,01;-0,01;-0,01;-0,01;-0,01;-0,01;-0,01;-0,01;-0,02;-0,02;0,0;0,0;-0,01;-0,01;0,0;0,0;-0,01;-0,01
11.07.2026;04:45;05:00;0,0;0,0;-0,17;-0,17;-0,01;-0,01;0,0;0,0;-0,02;-0,02;0,0;0,0;-0,01;-0,01;-0,02;-0,02;0,0;0,0;0,0;0,0;0,0;0,0;0,0;0,0;-0,02;-0,02;0,0;0,0;-0,01;-0,01;0,0;0,0;-0,01;-0,01;-0,01;-0,01;0,0;0,0;-0,01;-0,01;-0,01;-0,01;-0,02;-0,02;-0,01;-0,01;-0,01;-0,01;0,0;0,0;-0,01;-0,01;-0,01;-0,01;-0,02;-0,02
11.07.2026;05:00;05:15;0,0;0,0;-0,16;-0,16;-0,03;-0,03;0,0;0,0;-0,01;-0,01;0,0;0,0;-0,01;-0,01;-0,02;-0,02;0,0;0,0;0,0;0,0;0,0;0,0;0,0;0,0;-0,02;-0,02;0,0;0,0;-0,01;-0,01;0,0;0,0;-0,01;-0,01;-0,01;-0,01;0,0;0,0;0,0;0,0;0,0;0,0;-0,02;-0,02;-0,01;-0,01;-0,02;-0,02;0,0;0,0;-0,01;-0,01;0,0;0,0;-0,03;-0,03
11.07.2026;05:15;05:30;0,02;0,02;-0,16;-0,16;-0,02;-0,02;0,0;0,0;0,0;0,0;0,0;0,0;-0,01;-0,01;-0,02;-0,02;0,0;0,0;-0,01;-0,01;0,0;0,0;0,0;0,0;0,0;0,0;0,0;0,0;-0,02;-0,02;0,0;0,0;-0,01;-0,01;-0,02;-0,02;0,0;0,0;-0,01;-0,01;-0,02;-0,02;-0,01;-0,01;-0,01;-0,01;-0,01;-0,01;0,0;0,0;-0,01;-0,01;-0,01;-0,01;-0,02;-0,02
11.07.2026;05:30;05:45;0,04;0,04;-0,17;-0,17;-0,02;-0,02;0,0;0,0;-0,01;-0,01;0,0;0,0;-0,01;-0,01;-0,02;-0,02;0,0;0,0;0,0;0,0;0,0;0,0;0,0;0,0;0,0;0,0;0,0;0,0;0,0;0,0;0,0;0,0;0,0;0,0;-0,02;-0,02;0,0;0,0;-0,01;-0,01;-0,01;-0,01;-0,02;-0,02;-0,01;-0,01;-0,02;-0,02;-0,01;-0,01;-0,02;-0,02;0,0;0,0;-0,02;-0,02
11.07.2026;05:45;06:00;0,06;0,06;-0,16;-0,16;-0,02;-0,02;0,0;0,0;-0,02;-0,02;0,0;0,0;0,0;0,0;-0,02;-0,02;0,0;0,0;0,0;0,0;0,0;0,0;0,0;0,0;-0,01;-0,01;-0,01;-0,01;-0,02;-0,02;0,0;0,0;-0,02;-0,02;-0,02;-0,02;0,0;0,0;-0,01;-0,01;0,0;0,0;0,0;0,0;0,0;0,0;-0,01;-0,01;0,0;0,0;0,0;0,0;0,0;0,0;-0,02;-0,02
11.07.2026;06:00;06:15;0,0;0,0;-0,21;-0,21;-0,01;-0,01;0,0;0,0;-0,02;-0,02;-0,01;-0,01;-0,01;-0,01;-0,02;-0,02;0,0;0,0;0,0;0,0;0,0;0,0;0,0;0,0;-0,02;-0,02;0,0;0,0;-0,01;-0,01;0,0;0,0;-0,01;-0,01;-0,02;-0,02;0,0;0,0;-0,01;-0,01;-0,01;-0,01;-0,02;-0,02;-0,01;-0,01;-0,02;-0,02;0,0;0,0;-0,01;-0,01;-0,01;-0,01;-0,01;-0,01
11.07.2026;06:15;06:30;0,0;0,0;-0,19;-0,19;-0,03;-0,03;-0,01;-0,01;-0,01;-0,01;0,0;0,0;-0,01;-0,01;-0,02;-0,02;0,0;0,0;0,0;0,0;0,0;0,0;0,0;0,0;-0,01;-0,01;0,0;0,0;-0,01;-0,01;0,0;0,0;-0,02;-0,02;-0,02;-0,02;0,0;0,0;-0,01;-0,01;-0,01;-0,01;-0,01;-0,01;-0,01;-0,01;-0,01;-0,01;0,0;0,0;-0,04;-0,04;-0,01;-0,01;-0,02;-0,02
11.07.2026;06:30;06:45;0,02;0,02;-0,18;-0,18;-0,02;-0,02;0,0;0,0;0,0;0,0;0,0;0,0;-0,01;-0,01;-0,02;-0,02;0,0;0,0;0,0;0,0;0,0;0,0;0,0;0,0;-0,01;-0,01;0,0;0,0;-0,01;-0,01;0,0;0,0;-0,01;-0,01;-0,07;-0,07;0,0;0,0;0,0;0,0;-0,01;-0,01;-0,02;-0,02;-0,01;-0,01;-0,02;-0,02;0,0;0,0;-0,02;-0,02;0,0;0,0;-0,03;-0,03
11.07.2026;06:45;07:00;0,33;0,13;-0,18;-0,12;-0,43;-0,42;0,0;0,0;-0,01;0,0;0,0;0,0;-0,01;0,0;-0,02;-0,01;-0,01;0,0;0,0;0,0;0,0;0,0;0,0;0,0;0,0;0,0;0,0;0,0;-0,02;-0,01;0,0;0,0;0,0;0,0;-0,11;-0,1;0,0;0,0;-0,01;0,0;-0,01;0,0;-0,01;0,0;-0,01;0,0;-0,01;0,0;0,0;0,0;-0,02;-0,01;0,0;0,0;-0,02;-0,01
11.07.2026;07:00;07:15;0,45;0,19;-0,17;-0,07;-0,04;-0,03;0,0;0,0;-0,02;-0,01;0,0;0,0;-0,01;0,0;-0,01;0,0;0,0;0,0;0,0;0,0;-0,01;0,0;0,0;0,0;-0,01;0,0;0,0;0,0;-0,01;0,0;-0,01;0,0;-0,01;0,0;-0,4;-0,39;0,0;0,0;-0,01;0,0;0,0;0,0;0,0;0,0;-0,01;0,0;-0,02;-0,01;0,0;0,0;-0,01;0,0;-0,01;0,0;-0,02;-0,01
11.07.2026;07:15;07:30;0,6;0,21;-0,23;-0,09;-0,07;-0,03;0,0;0,0;-0,02;0,0;0,0;0,0;0,0;0,0;-0,02;0,0;0,0;0,0;0,0;0,0;0,0;0,0;0,0;0,0;-0,02;0,0;0,0;0,0;-0,01;0,0;0,0;0,0;-0,01;0,0;-0,24;-0,2;0,0;0,0;0,0;0,0;-0,02;0,0;-0,02;0,0;0,0;0,0;-0,01;0,0;0,0;0,0;-0,02;0,0;0,0;0,0;-0,02;0,0
11.07.2026;07:30;07:45;0,71;0,25;-0,17;-0,01;-0,08;-0,03;0,0;0,0;-0,04;0,0;0,0;0,0;-0,01;0,0;-0,02;0,0;0,0;0,0;0,0;0,0;0,0;0,0;0,0;0,0;-0,01;0,0;0,0;0,0;-0,01;0,0;0,0;0,0;-0,02;0,0;-0,06;-0,01;0,0;0,0;-0,01;0,0;-0,01;0,0;-0,01;0,0;-0,01;0,0;-0,02;0,0;-0,01;0,0;0,0;0,0;0,0;0,0;-0,02;0,0
11.07.2026;07:45;08:00;0,86;0,32;-0,19;0,0;-0,2;-0,13;0,0;0,0;-0,04;0,0;0,0;0,0;-0,01;0,0;-0,02;0,0;0,0;0,0;0,0;0,0;0,0;0,0;0,0;0,0;0,0;0,0;0,0;0,0;-0,02;0,0;0,0;0,0;-0,01;0,0;-0,08;-0,01;-0,01;0,0;-0,01;0,0;0,0;0,0;-0,01;0,0;-0,02;0,0;-0,02;0,0;0,0;0,0;-0,02;0,0;-0,01;0,0;-0,01;0,0
11.07.2026;08:00;08:15;0,97;0,36;-0,2;0,0;-0,28;-0,2;0,0;0,0;-0,12;-0,04;-0,01;0,0;-0,01;0,0;-0,02;0,0;0,0;0,0;0,0;0,0;0,0;0,0;-0,01;0,0;-0,01;0,0;0,0;0,0;-0,01;0,0;0,0;0,0;-0,02;0,0;-0,07;0,0;0,0;0,0;-0,01;0,0;-0,02;0,0;-0,01;0,0;-0,01;0,0;-0,02;0,0;0,0;0,0;0,0;0,0;0,0;0,0;-0,02;0,0
11.07.2026;08:15;08:30;1,06;0,4;-0,19;0,0;-0,06;0,0;0,0;0,0;-0,04;0,0;0,0;0,0;-0,01;0,0;-0,02;0,0;0,0;0,0;0,0;0,0;0,0;0,0;0,0;0,0;-0,01;0,0;0,0;0,0;-0,01;0,0;0,0;0,0;0,0;0,0;-0,08;0,0;0,0;0,0;-0,01;0,0;0,0;0,0;-0,01;0,0;-0,11;-0,03;-0,1;-0,02;0,0;0,0;-0,02;0,0;-0,01;0,0;-0,03;0,0
11.07.2026;08:30;08:45;1,16;0,55;-0,18;0,0;-0,06;0,0;0,0;0,0;-0,04;0,0;0,0;0,0;-0,01;0,0;-0,02;0,0;0,0;0,0;0,0;0,0;0,0;0,0;0,0;0,0;-0,01;0,0;0,0;0,0;-0,01;0,0;0,0;0,0;-0,01;0,0;-0,08;0,0;0,0;0,0;-0,01;0,0;-0,01;0,0;-0,01;0,0;-0,03;0,0;-0,41;-0,3;0,0;0,0;0,0;0,0;0,0;0,0;-0,02;0,0
11.07.2026;08:45;09:00;1,23;0,52;-0,25;0,0;-0,06;0,0;0,0;0,0;-0,06;0,0;0,0;0,0;-0,02;0,0;-0,02;0,0;0,0;0,0;0,0;0,0;0,0;0,0;0,0;0,0;-0,02;0,0;0,0;0,0;-0,02;0,0;0,0;0,0;0,0;0,0;-0,07;0,0;0,0;0,0;0,0;0,0;-0,01;0,0;-0,02;0,0;-0,02;0,0;-0,21;-0,11;0,0;0,0;-0,02;0,0;0,0;0,0;-0,02;0,0
11.07.2026;09:00;09:15;1,35;0,52;-0,35;0,0;-0,07;0,0;0,0;0,0;-0,03;0,0;0,0;0,0;-0,01;0,0;-0,03;0,0;0,0;0,0;0,0;0,0;0,0;0,0;0,0;0,0;0,0;0,0;-0,01;0,0;-0,01;0,0;0,0;0,0;-0,02;0,0;-0,08;0,0;-0,01;0,0;-0,01;0,0;-0,01;0,0;-0,04;0,0;-0,01;0,0;-0,12;0,0;0,0;0,0;0,0;0,0;-0,01;0,0;-0,01;0,0
11.07.2026;09:15;09:30;1,43;0,47;-0,32;0,0;-0,05;0,0;0,0;0,0;-0,03;0,0;0,0;0,0;-0,01;0,0;-0,03;0,0;-0,01;0,0;0,0;0,0;0,0;0,0;0,0;0,0;0,0;0,0;0,0;0,0;-0,01;0,0;0,0;0,0;-0,03;0,0;-0,02;0,0;-0,11;0,0;-0,01;0,0;-0,01;0,0;-0,04;0,0;-0,09;0,0;-0,14;-0,02;0,0;0,0;-0,05;0,0;0,0;0,0;-0,02;0,0
11.07.2026;09:30;09:45;1,49;0,47;-0,34;0,0;-0,05;0,0;-0,01;0,0;-0,05;0,0;0,0;0,0;-0,01;0,0;-0,08;0,0;0,0;0,0;0,0;0,0;-0,01;0,0;0,0;0,0;-0,02;0,0;0,0;0,0;-0,02;0,0;-0,01;0,0;-0,02;0,0;-0,01;0,0;-0,02;0,0;-0,01;0,0;-0,01;0,0;-0,15;-0,03;-0,04;0,0;-0,2;-0,08;-0,01;0,0;-0,03;0,0;-0,01;0,0;-0,02;0,0
11.07.2026;09:45;10:00;1,58;0,77;-0,21;0,0;-0,1;0,0;0,0;0,0;-0,05;0,0;0,0;0,0;-0,01;0,0;-0,04;0,0;0,0;0,0;0,0;0,0;0,0;0,0;0,0;0,0;-0,01;0,0;0,0;0,0;-0,03;0,0;0,0;0,0;-0,02;0,0;-0,01;0,0;0,0;0,0;-0,03;0,0;0,0;0,0;-0,07;0,0;-0,03;0,0;-0,22;-0,07;0,0;0,0;-0,03;0,0;0,0;0,0;-0,02;0,0
11.07.2026;10:00;10:15;1,19;0,39;-0,28;0,0;-0,05;0,0;0,0;0,0;-0,05;0,0;-0,01;0,0;-0,01;0,0;-0,02;0,0;0,0;0,0;0,0;0,0;0,0;0,0;0,0;0,0;-0,01;0,0;0,0;0,0;-0,02;0,0;0,0;0,0;-0,01;0,0;-0,01;0,0;-0,09;0,0;-0,03;0,0;-0,02;0,0;-0,02;0,0;-0,02;0,0;-0,2;-0,1;0,0;0,0;-0,02;0,0;-0,01;0,0;-0,02;0,0
11.07.2026;10:15;10:30;0,08;0,08;-0,19;-0,19;-0,04;-0,04;0,0;0,0;-0,04;-0,04;0,0;0,0;-0,01;-0,01;-0,02;-0,02;0,0;0,0;-0,01;-0,01;0,0;0,0;0,0;0,0;-0,01;-0,01;0,0;0,0;-0,01;-0,01;0,0;0,0;-0,01;-0,01;-0,03;-0,03;-0,04;-0,04;-0,03;-0,03;0,0;0,0;-0,05;-0,05;-0,01;-0,01;-0,22;-0,22;0,0;0,0;-0,03;-0,03;0,0;0,0;-0,03;-0,03
11.07.2026;10:30;10:45;0,0;0,0;-0,2;-0,2;-0,05;-0,05;0,0;0,0;-0,03;-0,03;0,0;0,0;-0,01;-0,01;-0,06;-0,06;0,0;0,0;0,0;0,0;0,0;0,0;0,0;0,0;0,0;0,0;0,0;0,0;-0,02;-0,02;0,0;0,0;0,0;0,0;-0,02;-0,02;-0,01;-0,01;-0,02;-0,02;-0,01;-0,01;-0,36;-0,36;-0,01;-0,01;-0,11;-0,11;0,0;0,0;-0,03;-0,03;-0,01;-0,01;-0,01;-0,01
11.07.2026;10:45;11:00;1,24;0,58;-0,19;0,0;-0,05;0,0;0,0;0,0;-0,02;0,0;0,0;0,0;0,0;0,0;-0,04;0,0;0,0;0,0;0,0;0,0;0,0;0,0;0,0;0,0;-0,01;0,0;0,0;0,0;-0,01;0,0;0,0;0,0;-0,02;0,0;-0,02;0,0;-0,02;0,0;-0,03;0,0;-0,02;0,0;-0,06;0,0;-0,01;0,0;-0,07;0,0;0,0;0,0;-0,04;0,0;-0,03;0,0;-0,02;0,0
11.07.2026;11:00;11:15;2,02;1,3;-0,29;0,0;-0,04;0,0;0,0;0,0;-0,02;0,0;0,0;0,0;-0,01;0,0;-0,05;0,0;0,0;0,0;0,0;0,0;0,0;0,0;0,0;0,0;-0,02;0,0;0,0;0,0;-0,02;0,0;0,0;0,0;-0,02;0,0;-0,03;0,0;0,0;0,0;-0,02;0,0;0,0;0,0;-0,03;0,0;-0,01;0,0;-0,05;0,0;0,0;0,0;-0,08;0,0;-0,02;0,0;-0,01;0,0
11.07.2026;11:15;11:30;2,08;1,39;-0,19;0,0;-0,02;0,0;0,0;0,0;-0,01;0,0;0,0;0,0;-0,01;0,0;-0,06;0,0;0,0;0,0;0,0;0,0;0,0;0,0;0,0;0,0;-0,01;0,0;0,0;0,0;-0,01;0,0;0,0;0,0;-0,03;0,0;-0,02;0,0;-0,08;0,0;-0,03;0,0;-0,01;0,0;-0,05;0,0;-0,06;0,0;-0,01;0,0;0,0;0,0;-0,05;0,0;-0,01;0,0;-0,03;0,0
11.07.2026;11:30;11:45;2,09;1,49;-0,25;0,0;-0,02;0,0;0,0;0,0;-0,03;0,0;0,0;0,0;-0,01;0,0;-0,05;0,0;0,0;0,0;0,0;0,0;0,0;0,0;0,0;0,0;0,0;0,0;0,0;0,0;-0,02;0,0;0,0;0,0;-0,02;0,0;-0,02;0,0;-0,03;0,0;-0,02;0,0;-0,01;0,0;-0,02;0,0;-0,01;0,0;-0,02;0,0;-0,01;0,0;-0,03;0,0;-0,01;0,0;-0,02;0,0
11.07.2026;11:45;12:00;2,11;1,62;-0,18;0,0;-0,02;0,0;0,0;0,0;-0,01;0,0;0,0;0,0;0,0;0,0;-0,06;0,0;-0,01;0,0;0,0;0,0;0,0;0,0;0,0;0,0;-0,01;0,0;0,0;0,0;-0,02;0,0;0,0;0,0;-0,02;0,0;-0,01;0,0;0,0;0,0;-0,02;0,0;-0,01;0,0;-0,01;0,0;-0,04;0,0;-0,02;0,0;0,0;0,0;-0,03;0,0;0,0;0,0;-0,02;0,0
11.07.2026;12:00;12:15;2,13;1,37;-0,19;0,0;-0,02;0,0;0,0;0,0;0,0;0,0;-0,01;0,0;-0,02;0,0;-0,05;0,0;0,0;0,0;0,0;0,0;-0,01;0,0;0,0;0,0;-0,01;0,0;0,0;0,0;-0,12;0,0;-0,01;0,0;-0,02;0,0;-0,02;0,0;0,0;0,0;-0,04;0,0;-0,01;0,0;-0,06;0,0;-0,09;0,0;-0,03;0,0;0,0;0,0;-0,03;0,0;0,0;0,0;-0,02;0,0
11.07.2026;12:15;12:30;2,13;1,56;-0,18;0,0;-0,03;0,0;0,0;0,0;-0,02;0,0;0,0;0,0;0,0;0,0;-0,06;0,0;0,0;0,0;0,0;0,0;0,0;0,0;0,0;0,0;-0,02;0,0;-0,01;0,0;-0,02;0,0;0,0;0,0;-0,02;0,0;-0,01;0,0;0,0;0,0;-0,02;0,0;-0,01;0,0;-0,02;0,0;-0,07;0,0;-0,04;0,0;0,0;0,0;-0,02;0,0;-0,01;0,0;-0,01;0,0
11.07.2026;12:30;12:45;2,14;1,49;-0,26;0,0;-0,01;0,0;0,0;0,0;-0,02;0,0;0,0;0,0;-0,01;0,0;-0,05;0,0;0,0;0,0;0,0;0,0;0,0;0,0;0,0;0,0;-0,01;0,0;0,0;0,0;-0,03;0,0;0,0;0,0;-0,02;0,0;-0,01;0,0;0,0;0,0;-0,01;0,0;-0,01;0,0;-0,02;0,0;-0,15;0,0;-0,01;0,0;0,0;0,0;-0,01;0,0;-0,01;0,0;-0,01;0,0
11.07.2026;12:45;13:00;2,14;1,44;-0,23;0,0;-0,02;0,0;0,0;0,0;-0,02;0,0;0,0;0,0;0,0;0,0;-0,06;0,0;0,0;0,0;0,0;0,0;0,0;0,0;0,0;0,0;0,0;0,0;0,0;0,0;-0,02;0,0;0,0;0,0;-0,1;0,0;-0,13;0,0;0,0;0,0;-0,01;0,0;-0,01;0,0;-0,01;0,0;-0,02;0,0;-0,03;0,0;0,0;0,0;-0,01;0,0;0,0;0,0;-0,03;0,0
11.07.2026;13:00;13:15;2,12;1,18;-0,19;0,0;-0,02;0,0;-0,01;0,0;-0,02;0,0;0,0;0,0;-0,01;0,0;-0,05;0,0;0,0;0,0;0,0;0,0;0,0;0,0;-0,01;0,0;0,0;0,0;0,0;0,0;-0,03;0,0;0,0;0,0;-0,35;-0,1;-0,69;-0,44;0,0;0,0;0,0;0,0;0,0;0,0;-0,01;0,0;-0,02;0,0;-0,03;0,0;0,0;0,0;-0,01;0,0;0,0;0,0;-0,03;0,0
11.07.2026;13:15;13:30;2,09;1,29;-0,17;0,0;-0,02;0,0;0,0;0,0;-0,02;0,0;0,0;0,0;-0,02;0,0;-0,05;0,0;0,0;0,0;0,0;0,0;0,0;0,0;0,0;0,0;-0,02;0,0;0,0;0,0;-0,06;0,0;0,0;0,0;-0,21;0,0;-0,1;0,0;0,0;0,0;-0,01;0,0;-0,02;0,0;-0,02;0,0;-0,01;0,0;-0,03;0,0;0,0;0,0;-0,01;0,0;-0,01;0,0;-0,02;0,0
11.07.2026;13:30;13:45;2,08;1,32;-0,19;0,0;-0,03;0,0;0,0;0,0;-0,15;0,0;0,0;0,0;-0,01;0,0;-0,13;0,0;0,0;0,0;0,0;0,0;0,0;0,0;0,0;0,0;-0,02;0,0;0,0;0,0;-0,06;0,0;0,0;0,0;-0,04;0,0;-0,02;0,0;0,0;0,0;-0,01;0,0;-0,01;0,0;-0,01;0,0;-0,01;0,0;-0,03;0,0;-0,01;0,0;-0,01;0,0;0,0;0,0;-0,02;0,0
11.07.2026;13:45;14:00;1,11;0,46;-0,25;0,0;-0,02;0,0;0,0;0,0;-0,26;-0,17;0,0;0,0;0,0;0,0;-0,07;0,0;0,0;0,0;0,0;0,0;0,0;0,0;0,0;0,0;0,0;0,0;0,0;0,0;-0,07;0,0;0,0;0,0;-0,02;0,0;-0,03;0,0;0,0;0,0;0,0;0,0;0,0;0,0;-0,02;0,0;-0,01;0,0;-0,03;0,0;0,0;0,0;-0,01;0,0;-0,01;0,0;-0,02;0,0
11.07.2026;14:00;14:15;0,04;0,04;-0,21;-0,21;-0,01;-0,01;0,0;0,0;-0,02;-0,02;-0,01;-0,01;-0,01;-0,01;-0,05;-0,05;0,0;0,0;0,0;0,0;0,0;0,0;0,0;0,0;-0,01;-0,01;0,0;0,0;-0,07;-0,07;0,0;0,0;-0,04;-0,04;-0,05;-0,05;-0,14;-0,14;-0,01;-0,01;-0,02;-0,02;-0,01;-0,01;0,0;0,0;-0,02;-0,02;0,0;0,0;-0,01;-0,01;0,0;0,0;-0,01;-0,01
11.07.2026;14:15;14:30;0,0;0,0;-0,18;-0,18;-0,03;-0,03;0,0;0,0;-0,02;-0,02;0,0;0,0;0,0;0,0;-0,05;-0,05;-0,01;-0,01;0,0;0,0;0,0;0,0;0,0;0,0;0,0;0,0;0,0;0,0;-0,07;-0,07;0,0;0,0;-0,06;-0,06;-0,04;-0,04;-0,09;-0,09;-0,01;-0,01;0,0;0,0;-0,01;-0,01;-0,01;-0,01;-0,02;-0,02;0,0;0,0;-0,01;-0,01;-0,01;-0,01;-0,01;-0,01
11.07.2026;14:30;14:45;1,88;1,24;-0,18;0,0;-0,03;0,0;0,0;0,0;-0,02;0,0;-0,01;0,0;-0,01;0,0;-0,04;0,0;0,0;0,0;0,0;0,0;-0,01;0,0;0,0;0,0;-0,02;0,0;0,0;0,0;-0,06;0,0;-0,01;0,0;-0,05;0,0;-0,03;0,0;-0,06;0,0;0,0;0,0;-0,01;0,0;-0,01;0,0;-0,02;0,0;-0,03;0,0;0,0;0,0;-0,01;0,0;0,0;0,0;-0,03;0,0
11.07.2026;14:45;15:00;1,88;1,11;-0,19;0,0;-0,03;0,0;0,0;0,0;-0,02;0,0;-0,01;0,0;-0,01;0,0;-0,05;0,0;0,0;0,0;0,0;0,0;0,0;0,0;0,0;0,0;-0,02;0,0;0,0;0,0;-0,07;0,0;0,0;0,0;-0,07;0,0;-0,03;0,0;-0,14;0,0;-0,02;0,0;-0,02;0,0;-0,01;0,0;-0,02;0,0;-0,03;0,0;0,0;0,0;-0,01;0,0;0,0;0,0;-0,02;0,0
11.07.2026;15:00;15:15;1,56;0,99;-0,19;0,0;-0,01;0,0;0,0;0,0;-0,03;0,0;-0,02;0,0;-0,01;0,0;-0,04;0,0;0,0;0,0;0,0;0,0;0,0;0,0;0,0;0,0;0,0;0,0;0,0;0,0;-0,07;0,0;0,0;0,0;-0,07;0,0;-0,03;0,0;-0,02;0,0;-0,01;0,0;0,0;0,0;-0,01;0,0;-0,01;0,0;-0,02;0,0;0,0;0,0;0,0;0,0;-0,01;0,0;-0,02;0,0
11.07.2026;15:15;15:30;1,72;1,15;-0,19;0,0;-0,02;0,0;0,0;0,0;-0,04;0,0;0,0;0,0;-0,01;0,0;-0,04;0,0;0,0;0,0;-0,01;0,0;0,0;0,0;0,0;0,0;0,0;0,0;0,0;0,0;-0,06;0,0;0,0;0,0;-0,06;0,0;-0,01;0,0;0,0;0,0;-0,03;0,0;-0,01;0,0;-0,01;0,0;-0,01;0,0;-0,03;0,0;0,0;0,0;-0,02;0,0;0,0;0,0;-0,02;0,0
11.07.2026;15:30;15:45;1,77;1,2;-0,18;0,0;-0,03;0,0;0,0;0,0;-0,03;0,0;-0,01;0,0;-0,01;0,0;-0,05;0,0;0,0;0,0;0,0;0,0;0,0;0,0;0,0;0,0;-0,01;0,0;0,0;0,0;-0,01;0,0;0,0;0,0;-0,07;0,0;-0,02;0,0;0,0;0,0;-0,04;0,0;-0,01;0,0;-0,01;0,0;-0,01;0,0;-0,04;0,0;-0,01;0,0;0,0;0,0;-0,01;0,0;-0,02;0,0
11.07.2026;15:45;16:00;0,97;0,37;-0,17;0,0;-0,03;0,0;0,0;0,0;-0,03;0,0;0,0;0,0;-0,01;0,0;-0,06;0,0;0,0;0,0;0,0;0,0;0,0;0,0;0,0;0,0;-0,02;0,0;-0,01;0,0;-0,02;0,0;0,0;0,0;-0,07;0,0;-0,01;0,0;0,0;0,0;-0,14;-0,06;-0,01;0,0;-0,01;0,0;-0,01;0,0;-0,03;0,0;0,0;0,0;-0,02;0,0;0,0;0,0;-0,01;0,0
11.07.2026;16:00;16:15;1,12;0,61;-0,17;0,0;-0,01;0,0;0,0;0,0;-0,05;0,0;0,0;0,0;0,0;0,0;-0,06;0,0;0,0;0,0;0,0;0,0;0,0;0,0;0,0;0,0;-0,01;0,0;0,0;0,0;-0,01;0,0;0,0;0,0;-0,06;0,0;-0,02;0,0;0,0;0,0;-0,06;0,0;-0,01;0,0;-0,01;0,0;-0,01;0,0;-0,02;0,0;0,0;0,0;0,0;0,0;0,0;0,0;-0,01;0,0
11.07.2026;16:15;16:30;1,13;0,48;-0,21;0,0;-0,01;0,0;-0,01;0,0;-0,06;0,0;-0,01;0,0;-0,01;0,0;-0,05;0,0;0,0;0,0;0,0;0,0;0,0;0,0;0,0;0,0;-0,01;0,0;0,0;0,0;-0,01;0,0;0,0;0,0;-0,07;0,0;-0,02;0,0;0,0;0,0;-0,06;0,0;-0,01;0,0;-0,01;0,0;-0,01;0,0;-0,03;0,0;0,0;0,0;-0,02;0,0;-0,01;0,0;-0,03;0,0
11.07.2026;16:30;16:45;1,24;0,64;-0,22;0,0;-0,03;0,0;0,0;0,0;-0,04;0,0;0,0;0,0;-0,02;0,0;-0,05;0,0;0,0;0,0;0,0;0,0;0,0;0,0;0,0;0,0;0,0;0,0;0,0;0,0;-0,01;0,0;0,0;0,0;-0,06;0,0;-0,03;0,0;-0,01;0,0;-0,04;0,0;-0,01;0,0;-0,01;0,0;-0,01;0,0;-0,03;0,0;0,0;0,0;0,0;0,0;-0,01;0,0;-0,02;0,0
11.07.2026;16:45;17:00;0,92;0,35;-0,27;-0,05;-0,02;0,0;0,0;0,0;-0,03;0,0;0,0;0,0;-0,01;0,0;-0,02;0,0;-0,01;0,0;0,0;0,0;0,0;0,0;0,0;0,0;-0,01;0,0;0,0;0,0;-0,03;0,0;0,0;0,0;-0,02;0,0;-0,02;0,0;0,0;0,0;-0,06;0,0;-0,01;0,0;-0,01;0,0;-0,01;0,0;-0,05;0,0;0,0;0,0;-0,02;0,0;0,0;0,0;-0,02;0,0
11.07.2026;17:00;17:15;0,62;0,2;-0,33;-0,22;-0,03;0,0;0,0;0,0;-0,04;-0,01;0,0;0,0;-0,02;0,0;-0,02;0,0;0,0;0,0;0,0;0,0;-0,01;0,0;0,0;0,0;-0,02;0,0;0,0;0,0;-0,03;0,0;-0,01;0,0;-0,01;0,0;-0,03;0,0;0,0;0,0;-0,07;-0,04;0,0;0,0;-0,01;0,0;-0,01;0,0;-0,13;-0,1;0,0;0,0;0,0;0,0;0,0;0,0;-0,02;0,0
11.07.2026;17:15;17:30;1,18;0,47;-0,31;-0,01;-0,01;0,0;0,0;0,0;-0,04;0,0;0,0;0,0;-0,04;0,0;-0,02;0,0;0,0;0,0;0,0;0,0;0,0;0,0;0,0;0,0;-0,01;0,0;0,0;0,0;-0,02;0,0;0,0;0,0;0,0;0,0;-0,03;0,0;0,0;0,0;-0,06;0,0;-0,02;0,0;-0,01;0,0;-0,01;0,0;-0,09;0,0;0,0;0,0;-0,02;0,0;-0,01;0,0;-0,02;0,0
11.07.2026;17:30;17:45;0,45;0,2;-0,2;-0,1;-0,02;-0,01;0,0;0,0;-0,04;-0,03;0,0;0,0;-0,03;-0,02;-0,02;-0,01;0,0;0,0;0,0;0,0;0,0;0,0;0,0;0,0;0,0;0,0;0,0;0,0;-0,02;-0,01;0,0;0,0;-0,02;-0,01;-0,03;-0,02;-0,01;0,0;-0,08;-0,07;-0,01;0,0;-0,01;0,0;-0,01;0,0;-0,1;-0,09;-0,01;0,0;0,0;0,0;0,0;0,0;-0,01;0,0
11.07.2026;17:45;18:00;0,0;0,0;-0,25;-0,25;-0,04;-0,04;0,0;0,0;-0,45;-0,45;0,0;0,0;-0,07;-0,07;-0,02;-0,02;0,0;0,0;0,0;0,0;0,0;0,0;0,0;0,0;-0,01;-0,01;0,0;0,0;-0,03;-0,03;0,0;0,0;-0,03;-0,03;-0,03;-0,03;0,0;0,0;-0,1;-0,1;0,0;0,0;-0,01;-0,01;-0,02;-0,02;-0,09;-0,09;0,0;0,0;-0,08;-0,08;-0,01;-0,01;-0,02;-0,02
11.07.2026;18:00;18:15;0,0;0,0;-0,21;-0,21;-0,06;-0,06;0,0;0,0;-0,16;-0,16;0,0;0,0;-0,09;-0,09;-0,01;-0,01;0,0;0,0;0,0;0,0;0,0;0,0;-0,01;-0,01;-0,01;-0,01;0,0;0,0;-0,02;-0,02;0,0;0,0;-0,02;-0,02;-0,06;-0,06;0,0;0,0;-0,1;-0,1;-0,02;-0,02;-0,01;-0,01;-0,01;-0,01;-0,09;-0,09;0,0;0,0;-0,03;-0,03;0,0;0,0;-0,02;-0,02
11.07.2026;18:15;18:30;0,41;0,18;-0,25;-0,18;-0,1;-0,09;0,0;0,0;-0,35;-0,34;-0,01;0,0;-0,08;-0,07;-0,01;0,0;0,0;0,0;0,0;0,0;0,0;0,0;0,0;0,0;-0,02;-0,01;0,0;0,0;-0,03;-0,02;0,0;0,0;-0,01;0,0;-0,07;-0,06;0,0;0,0;-0,07;-0,06;0,0;0,0;-0,01;0,0;-0,06;-0,05;-0,09;-0,08;0,0;0,0;-0,04;-0,03;-0,01;0,0;-0,02;-0,01
11.07.2026;18:30;18:45;0,46;0,2;-0,3;-0,19;-0,11;-0,1;0,0;0,0;-0,04;-0,03;0,0;0,0;-0,08;-0,07;-0,02;-0,01;0,0;0,0;0,0;0,0;0,0;0,0;0,0;0,0;-0,01;0,0;0,0;0,0;-0,02;-0,01;0,0;0,0;-0,02;-0,01;-0,06;-0,05;-0,01;0,0;-0,07;-0,06;-0,01;0,0;-0,01;0,0;-0,18;-0,17;-0,08;-0,07;0,0;0,0;0,0;0,0;0,0;0,0;-0,02;-0,01
11.07.2026;18:45;19:00;0,38;0,17;-0,23;-0,16;-0,06;-0,05;0,0;0,0;-0,04;-0,03;0,0;0,0;-0,08;-0,07;-0,01;0,0;0,0;0,0;0,0;0,0;0,0;0,0;0,0;0,0;0,0;0,0;0,0;0,0;-0,02;-0,01;0,0;0,0;-0,02;-0,01;-0,06;-0,05;0,0;0,0;-0,07;-0,06;-0,01;0,0;-0,02;-0,01;-0,03;-0,02;-0,09;-0,08;0,0;0,0;-0,02;-0,01;0,0;0,0;-0,02;-0,01
11.07.2026;19:00;19:15;0,27;0,19;-0,19;-0,11;-0,05;-0,05;0,0;0,0;-0,04;-0,04;0,0;0,0;-0,05;-0,05;-0,02;-0,02;0,0;0,0;0,0;0,0;0,0;0,0;0,0;0,0;-0,01;-0,01;-0,01;-0,01;-0,03;-0,03;0,0;0,0;-0,03;-0,03;-0,07;-0,07;0,0;0,0;-0,09;-0,09;-0,01;-0,01;-0,01;-0,01;-0,06;-0,06;-0,08;-0,08;0,0;0,0;0,0;0,0;-0,01;-0,01;-0,02;-0,02
11.07.2026;19:15;19:30;0,2;0,15;-0,21;-0,16;-0,06;-0,06;0,0;0,0;-0,04;-0,04;0,0;0,0;-0,04;-0,04;-0,02;-0,02;-0,01;-0,01;0,0;0,0;0,0;0,0;0,0;0,0;-0,01;-0,01;0,0;0,0;-0,02;-0,02;0,0;0,0;-0,03;-0,03;-0,07;-0,07;-0,01;-0,01;-0,13;-0,13;-0,01;-0,01;0,0;0,0;-0,17;-0,17;-0,12;-0,12;0,0;0,0;-0,01;-0,01;0,0;0,0;-0,02;-0,02
11.07.2026;19:30;19:45;0,2;0,15;-0,17;-0,12;-0,04;-0,04;-0,01;-0,01;-0,04;-0,04;0,0;0,0;-0,03;-0,03;-0,02;-0,02;0,0;0,0;0,0;0,0;-0,01;-0,01;0,0;0,0;-0,02;-0,02;0,0;0,0;-0,02;-0,02;-0,01;-0,01;-0,01;-0,01;-0,07;-0,07;0,0;0,0;-0,55;-0,55;-0,01;-0,01;-0,01;-0,01;-0,21;-0,21;-0,18;-0,18;-0,01;-0,01;-0,01;-0,01;-0,01;-0,01;-0,01;-0,01
11.07.2026;19:45;20:00;0,12;0,11;-0,27;-0,26;-0,07;-0,07;0,0;0,0;-0,03;-0,03;0,0;0,0;-0,03;-0,03;-0,02;-0,02;0,0;0,0;0,0;0,0;0,0;0,0;0,0;0,0;0,0;0,0;0,0;0,0;-0,02;-0,02;0,0;0,0;-0,01;-0,01;-0,06;-0,06;0,0;0,0;-0,65;-0,65;0,0;0,0;-0,02;-0,02;-0,05;-0,05;-0,17;-0,17;0,0;0,0;-0,01;-0,01;0,0;0,0;-0,02;-0,02
11.07.2026;20:00;20:15;0,08;0,08;-0,18;-0,18;-0,06;-0,06;0,0;0,0;-0,03;-0,03;0,0;0,0;-0,03;-0,03;-0,02;-0,02;0,0;0,0;0,0;0,0;0,0;0,0;0,0;0,0;-0,01;-0,01;0,0;0,0;-0,01;-0,01;0,0;0,0;-0,02;-0,02;-0,06;-0,06;0,0;0,0;-0,46;-0,46;-0,02;-0,02;-0,02;-0,02;-0,01;-0,01;-0,19;-0,19;0,0;0,0;-0,01;-0,01;0,0;0,0;-0,02;-0,02
11.07.2026;20:15;20:30;0,05;0,05;-0,17;-0,17;-0,05;-0,05;0,0;0,0;-0,02;-0,02;-0,01;-0,01;-0,03;-0,03;-0,02;-0,02;0,0;0,0;-0,01;-0,01;0,0;0,0;0,0;0,0;0,0;0,0;0,0;0,0;-0,01;-0,01;0,0;0,0;-0,45;-0,45;-0,07;-0,07;-0,01;-0,01;-0,36;-0,36;-0,01;-0,01;-0,01;-0,01;-0,02;-0,02;-0,14;-0,14;0,0;0,0;-0,01;-0,01;-0,01;-0,01;-0,02;-0,02
11.07.2026;20:30;20:45;0,01;0,01;-0,18;-0,18;-0,05;-0,05;0,0;0,0;-0,02;-0,02;0,0;0,0;-0,03;-0,03;-0,01;-0,01;0,0;0,0;0,0;0,0;0,0;0,0;0,0;0,0;-0,02;-0,02;0,0;0,0;-0,01;-0,01;0,0;0,0;-0,27;-0,27;-0,08;-0,08;0,0;0,0;-0,27;-0,27;0,0;0,0;-0,19;-0,19;-0,01;-0,01;-0,08;-0,08;0,0;0,0;-0,01;-0,01;-0,01;-0,01;-0,02;-0,02
11.07.2026;20:45;21:00;0,02;0,02;-0,18;-0,18;-0,09;-0,09;0,0;0,0;-0,01;-0,01;0,0;0,0;-0,03;-0,03;-0,02;-0,02;0,0;0,0;0,0;0,0;0,0;0,0;0,0;0,0;-0,02;-0,02;0,0;0,0;-0,02;-0,02;0,0;0,0;-0,06;-0,06;-0,08;-0,08;0,0;0,0;-0,08;-0,08;-0,02;-0,02;-0,56;-0,56;-0,01;-0,01;-0,2;-0,2;0,0;0,0;-0,01;-0,01;0,0;0,0;-0,03;-0,03
11.07.2026;21:00;21:15;0,01;0,01;-0,2;-0,2;-0,06;-0,06;0,0;0,0;-0,02;-0,02;0,0;0,0;-0,03;-0,03;-0,02;-0,02;0,0;0,0;0,0;0,0;0,0;0,0;0,0;0,0;0,0;0,0;0,0;0,0;-0,01;-0,01;0,0;0,0;-0,05;-0,05;-0,07;-0,07;0,0;0,0;-0,09;-0,09;0,0;0,0;-0,6;-0,6;0,0;0,0;-0,17;-0,17;0,0;0,0;-0,01;-0,01;0,0;0,0;-0,01;-0,01
11.07.2026;21:15;21:30;0,0;0,0;-0,26;-0,26;-0,07;-0,07;0,0;0,0;-0,01;-0,01;0,0;0,0;-0,03;-0,03;-0,02;-0,02;0,0;0,0;0,0;0,0;0,0;0,0;0,0;0,0;-0,01;-0,01;0,0;0,0;-0,01;-0,01;0,0;0,0;-0,05;-0,05;-0,06;-0,06;-0,01;-0,01;-0,09;-0,09;-0,01;-0,01;-0,14;-0,14;-0,02;-0,02;-0,15;-0,15;0,0;0,0;-0,01;-0,01;-0,01;-0,01;-0,02;-0,02
11.07.2026;21:30;21:45;0,0;0,0;-0,16;-0,16;-0,06;-0,06;0,0;0,0;-0,01;-0,01;0,0;0,0;-0,03;-0,03;-0,02;-0,02;0,0;0,0;0,0;0,0;0,0;0,0;0,0;0,0;0,0;0,0;0,0;0,0;-0,01;-0,01;0,0;0,0;-0,04;-0,04;-0,04;-0,04;0,0;0,0;-0,1;-0,1;-0,01;-0,01;-0,13;-0,13;-0,01;-0,01;-0,14;-0,14;-0,01;-0,01;-0,01;-0,01;0,0;0,0;-0,04;-0,04
11.07.2026;21:45;22:00;0,0;0,0;-0,16;-0,16;-0,05;-0,05;0,0;0,0;-0,02;-0,02;0,0;0,0;-0,09;-0,09;0,0;0,0;-0,01;-0,01;0,0;0,0;0,0;0,0;0,0;0,0;-0,02;-0,02;0,0;0,0;-0,01;-0,01;0,0;0,0;-0,03;-0,03;-0,06;-0,06;0,0;0,0;-0,07;-0,07;-0,01;-0,01;-0,15;-0,15;-0,02;-0,02;-0,14;-0,14;0,0;0,0;-0,01;-0,01;-0,01;-0,01;-0,03;-0,03
11.07.2026;22:00;22:15;0,0;0,0;-0,19;-0,19;-0,05;-0,05;0,0;0,0;-0,01;-0,01;0,0;0,0;-0,09;-0,09;-0,02;-0,02;0,0;0,0;0,0;0,0;-0,01;-0,01;0,0;0,0;-0,01;-0,01;0,0;0,0;-0,02;-0,02;-0,01;-0,01;-0,03;-0,03;-0,05;-0,05;-0,01;-0,01;-0,06;-0,06;-0,01;-0,01;-0,07;-0,07;-0,01;-0,01;-0,1;-0,1;0,0;0,0;-0,01;-0,01;0,0;0,0;-0,04;-0,04
11.07.2026;22:15;22:30;0,0;0,0;-0,19;-0,19;-0,06;-0,06;0,0;0,0;-0,04;-0,04;-0,01;-0,01;-0,09;-0,09;-0,01;-0,01;0,0;0,0;0,0;0,0;0,0;0,0;0,0;0,0;-0,01;-0,01;-0,01;-0,01;-0,02;-0,02;0,0;0,0;-0,03;-0,03;-0,05;-0,05;0,0;0,0;-0,04;-0,04;-0,01;-0,01;-0,06;-0,06;-0,02;-0,02;-0,02;-0,02;0,0;0,0;-0,01;-0,01;-0,01;-0,01;-0,02;-0,02
11.07.2026;22:30;22:45;0,0;0,0;-0,2;-0,2;-0,02;-0,02;0,0;0,0;-0,03;-0,03;0,0;0,0;-0,03;-0,03;-0,02;-0,02;0,0;0,0;0,0;0,0;0,0;0,0;0,0;0,0;0,0;0,0;0,0;0,0;-0,02;-0,02;0,0;0,0;-0,14;-0,14;-0,05;-0,05;0,0;0,0;-0,04;-0,04;-0,01;-0,01;-0,07;-0,07;0,0;0,0;-0,02;-0,02;0,0;0,0;-0,01;-0,01;0,0;0,0;-0,02;-0,02
11.07.2026;22:45;23:00;0,0;0,0;-0,17;-0,17;-0,02;-0,02;0,0;0,0;-0,02;-0,02;0,0;0,0;-0,04;-0,04;-0,02;-0,02;0,0;0,0;0,0;0,0;0,0;0,0;0,0;0,0;-0,01;-0,01;0,0;0,0;-0,02;-0,02;0,0;0,0;-0,11;-0,11;-0,06;-0,06;0,0;0,0;-0,03;-0,03;-0,01;-0,01;-0,1;-0,1;-0,01;-0,01;-0,01;-0,01;0,0;0,0;-0,01;-0,01;0,0;0,0;-0,02;-0,02
11.07.2026;23:00;23:15;0,0;0,0;-0,22;-0,22;-0,03;-0,03;-0,01;-0,01;-0,01;-0,01;0,0;0,0;-0,03;-0,03;-0,02;-0,02;0,0;0,0;0,0;0,0;0,0;0,0;-0,01;-0,01;-0,02;-0,02;0,0;0,0;-0,03;-0,03;0,0;0,0;-0,3;-0,3;-0,05;-0,05;-0,01;-0,01;-0,03;-0,03;0,0;0,0;-0,09;-0,09;-0,01;-0,01;-0,02;-0,02;0,0;0,0;-0,01;-0,01;-0,01;-0,01;-0,1;-0,1
11.07.2026;23:15;23:30;0,0;0,0;-0,18;-0,18;-0,01;-0,01;0,0;0,0;-0,02;-0,02;0,0;0,0;-0,04;-0,04;-0,02;-0,02;0,0;0,0;0,0;0,0;0,0;0,0;0,0;0,0;-0,01;-0,01;0,0;0,0;-0,02;-0,02;0,0;0,0;-0,1;-0,1;-0,05;-0,05;0,0;0,0;-0,03;-0,03;-0,02;-0,02;-0,16;-0,16;-0,01;-0,01;-0,01;-0,01;0,0;0,0;-0,01;-0,01;0,0;0,0;-0,1;-0,1
11.07.2026;23:30;23:45;0,0;0,0;-0,17;-0,17;-0,03;-0,03;0,0;0,0;-0,01;-0,01;0,0;0,0;-0,25;-0,25;-0,02;-0,02;0,0;0,0;0,0;0,0;0,0;0,0;0,0;0,0;-0,01;-0,01;0,0;0,0;-0,03;-0,03;0,0;0,0;-0,07;-0,07;-0,05;-0,05;0,0;0,0;-0,01;-0,01;-0,01;-0,01;-0,16;-0,16;-0,01;-0,01;-0,02;-0,02;-0,01;-0,01;-0,01;-0,01;-0,01;-0,01;-0,07;-0,07
11.07.2026;23:45;00:00;0,0;0,0;-0,22;-0,22;-0,03;-0,03;0,0;0,0;-0,02;-0,02;0,0;0,0;-0,21;-0,21;-0,02;-0,02;0,0;0,0;0,0;0,0;0,0;0,0;0,0;0,0;0,0;0,0;0,0;0,0;-0,02;-0,02;0,0;0,0;-0,03;-0,03;-0,03;-0,03;-0,01;-0,01;-0,03;-0,03;0,0;0,0;-0,2;-0,2;-0,01;-0,01;-0,01;-0,01;0,0;0,0;-0,01;-0,01;0,0;0,0;-0,07;-0,07
12.07.2026;00:00;00:15;0,0;0,0;-0,17;-0,17;-0,05;-0,05;0,0;0,0;-0,03;-0,03;0,0;0,0;-0,25;-0,25;-0,42;-0,42;0,0;0,0;0,0;0,0;0,0;0,0;0,0;0,0;-0,01;-0,01;0,0;0,0;-0,23;-0,23;0,0;0,0;-0,02;-0,02;-0,02;-0,02;0,0;0,0;-0,04;-0,04;-0,02;-0,02;-0,2;-0,2;-0,01;-0,01;-0,02;-0,02;0,0;0,0;-0,01;-0,01;0,0;0,0;-0,02;-0,02
12.07.2026;00:15;00:30;0,0;0,0;-0,16;-0,16;-0,05;-0,05;0,0;0,0;-0,04;-0,04;-0,01;-0,01;-0,01;-0,01;-0,4;-0,4;-0,01;-0,01;0,0;0,0;0,0;0,0;0,0;0,0;-0,02;-0,02;0,0;0,0;-0,07;-0,07;0,0;0,0;0,0;0,0;-0,03;-0,03;0,0;0,0;-0,03;-0,03;0,0;0,0;-0,09;-0,09;-0,01;-0,01;-0,01;-0,01;0,0;0,0;0,0;0,0;-0,01;-0,01;-0,02;-0,02
12.07.2026;00:30;00:45;0,0;0,0;-0,16;-0,16;-0,02;-0,02;0,0;0,0;-0,02;-0,02;0,0;0,0;-0,02;-0,02;-0,28;-0,28;0,0;0,0;0,0;0,0;-0,01;-0,01;0,0;0,0;-0,01;-0,01;0,0;0,0;-0,06;-0,06;-0,01;-0,01;-0,01;-0,01;-0,02;-0,02;0,0;0,0;-0,01;-0,01;-0,01;-0,01;-0,03;-0,03;-0,01;-0,01;-0,02;-0,02;0,0;0,0;-0,02;-0,02;-0,01;-0,01;-0,01;-0,01
12.07.2026;00:45;01:00;0,0;0,0;-0,16;-0,16;-0,03;-0,03;0,0;0,0;-0,02;-0,02;0,0;0,0;-0,01;-0,01;-0,37;-0,37;0,0;0,0;0,0;0,0;0,0;0,0;0,0;0,0;0,0;0,0;0,0;0,0;-0,07;-0,07;0,0;0,0;-0,01;-0,01;-0,03;-0,03;-0,01;-0,01;0,0;0,0;-0,01;-0,01;-0,03;-0,03;-0,01;-0,01;-0,01;-0,01;0,0;0,0;0,0;0,0;0,0;0,0;-0,02;-0,02
12.07.2026;01:00;01:15;0,0;0,0;-0,2;-0,2;-0,03;-0,03;0,0;0,0;-0,02;-0,02;0,0;0,0;-0,01;-0,01;-0,18;-0,18;0,0;0,0;0,0;0,0;0,0;0,0;0,0;0,0;-0,01;-0,01;0,0;0,0;-0,07;-0,07;0,0;0,0;-0,01;-0,01;-0,02;-0,02;0,0;0,0;-0,01;-0,01;-0,01;-0,01;-0,02;-0,02;-0,01;-0,01;-0,02;-0,02;0,0;0,0;-0,02;-0,02;0,0;0,0;-0,01;-0,01
12.07.2026;01:15;01:30;0,0;0,0;-0,18;-0,18;-0,02;-0,02;0,0;0,0;-0,01;-0,01;0,0;0,0;-0,01;-0,01;-0,3;-0,3;0,0;0,0;-0,01;-0,01;0,0;0,0;0,0;0,0;-0,01;-0,01;0,0;0,0;-0,26;-0,26;0,0;0,0;-0,02;-0,02;-0,03;-0,03;0,0;0,0;-0,01;-0,01;-0,01;-0,01;-0,02;-0,02;-0,05;-0,05;-0,01;-0,01;0,0;0,0;0,0;0,0;-0,01;-0,01;-0,03;-0,03
12.07.2026;01:30;01:45;0,0;0,0;-0,2;-0,2;-0,02;-0,02;0,0;0,0;-0,02;-0,02;0,0;0,0;-0,01;-0,01;-0,09;-0,09;0,0;0,0;0,0;0,0;0,0;0,0;0,0;0,0;-0,02;-0,02;0,0;0,0;-0,2;-0,2;0,0;0,0;-0,02;-0,02;-0,02;-0,02;0,0;0,0;-0,01;-0,01;-0,01;-0,01;-0,05;-0,05;-0,06;-0,06;-0,02;-0,02;-0,01;-0,01;-0,02;-0,02;0,0;0,0;-0,02;-0,02
12.07.2026;01:45;02:00;0,0;0,0;-0,16;-0,16;-0,02;-0,02;0,0;0,0;-0,02;-0,02;0,0;0,0;-0,01;-0,01;-0,03;-0,03;0,0;0,0;0,0;0,0;0,0;0,0;0,0;0,0;0,0;0,0;-0,01;-0,01;-0,09;-0,09;0,0;0,0;-0,01;-0,01;-0,03;-0,03;-0,01;-0,01;-0,01;-0,01;0,0;0,0;-0,05;-0,05;-0,19;-0,19;-0,01;-0,01;0,0;0,0;0,0;0,0;-0,01;-0,01;-0,02;-0,02
12.07.2026;02:00;02:15;0,0;0,0;-0,16;-0,16;-0,02;-0,02;0,0;0,0;-0,02;-0,02;0,0;0,0;-0,01;-0,01;-0,03;-0,03;0,0;0,0;0,0;0,0;0,0;0,0;0,0;0,0;-0,01;-0,01;0,0;0,0;-0,11;-0,11;0,0;0,0;-0,01;-0,01;-0,02;-0,02;0,0;0,0;-0,01;-0,01;-0,02;-0,02;-0,02;-0,02;-0,15;-0,15;-0,02;-0,02;0,0;0,0;-0,02;-0,02;0,0;0,0;-0,02;-0,02
12.07.2026;02:15;02:30;0,0;0,0;-0,17;-0,17;-0,03;-0,03;-0,01;-0,01;-0,01;-0,01;-0,01;-0,01;-0,01;-0,01;-0,03;-0,03;0,0;0,0;0,0;0,0;0,0;0,0;0,0;0,0;0,0;0,0;0,0;0,0;-0,08;-0,08;0,0;0,0;0,0;0,0;-0,02;-0,02;0,0;0,0;-0,01;-0,01;0,0;0,0;-0,04;-0,04;-0,02;-0,02;-0,01;-0,01;0,0;0,0;0,0;0,0;-0,01;-0,01;-0,01;-0,01
12.07.2026;02:30;02:45;0,0;0,0;-0,16;-0,16;-0,01;-0,01;0,0;0,0;-0,01;-0,01;0,0;0,0;-0,01;-0,01;-0,01;-0,01;0,0;0,0;0,0;0,0;0,0;0,0;0,0;0,0;-0,02;-0,02;0,0;0,0;-0,09;-0,09;0,0;0,0;-0,01;-0,01;-0,01;-0,01;-0,01;-0,01;-0,01;-0,01;-0,01;-0,01;-0,02;-0,02;-0,01;-0,01;-0,02;-0,02;0,0;0,0;-0,02;-0,02;0,0;0,0;-0,01;-0,01
12.07.2026;02:45;03:00;0,0;0,0;-0,16;-0,16;-0,02;-0,02;0,0;0,0;-0,01;-0,01;0,0;0,0;0,0;0,0;-0,02;-0,02;-0,01;-0,01;0,0;0,0;0,0;0,0;0,0;0,0;-0,02;-0,02;0,0;0,0;-0,09;-0,09;0,0;0,0;-0,01;-0,01;-0,02;-0,02;0,0;0,0;-0,01;-0,01;-0,01;-0,01;-0,02;-0,02;-0,02;-0,02;-0,01;-0,01;0,0;0,0;0,0;0,0;0,0;0,0;-0,03;-0,03
12.07.2026;03:00;03:15;0,0;0,0;-0,17;-0,17;-0,02;-0,02;0,0;0,0;-0,01;-0,01;0,0;0,0;-0,02;-0,02;-0,03;-0,03;0,0;0,0;0,0;0,0;-0,01;-0,01;0,0;0,0;0,0;0,0;0,0;0,0;-0,08;-0,08;-0,01;-0,01;-0,02;-0,02;-0,01;-0,01;0,0;0,0;-0,01;-0,01;-0,01;-0,01;-0,03;-0,03;-0,01;-0,01;-0,02;-0,02;0,0;0,0;-0,02;-0,02;-0,01;-0,01;-0,02;-0,02
12.07.2026;03:15;03:30;0,0;0,0;-0,22;-0,22;-0,02;-0,02;0,0;0,0;-0,02;-0,02;0,0;0,0;0,0;0,0;-0,02;-0,02;0,0;0,0;0,0;0,0;0,0;0,0;0,0;0,0;-0,01;-0,01;0,0;0,0;-0,07;-0,07;0,0;0,0;-0,02;-0,02;-0,02;-0,02;0,0;0,0;-0,01;-0,01;-0,01;-0,01;-0,02;-0,02;-0,02;-0,02;-0,01;-0,01;0,0;0,0;0,0;0,0;0,0;0,0;-0,02;-0,02
12.07.2026;03:30;03:45;0,0;0,0;-0,2;-0,2;-0,03;-0,03;0,0;0,0;-0,01;-0,01;0,0;0,0;-0,01;-0,01;-0,02;-0,02;0,0;0,0;0,0;0,0;0,0;0,0;0,0;0,0;0,0;0,0;0,0;0,0;-0,06;-0,06;0,0;0,0;-0,01;-0,01;-0,02;-0,02;-0,01;-0,01;0,0;0,0;-0,01;-0,01;-0,02;-0,02;0,0;0,0;-0,02;-0,02;-0,01;-0,01;-0,02;-0,02;-0,01;-0,01;-0,02;-0,02
12.07.2026;03:45;04:00;0,0;0,0;-0,16;-0,16;-0,01;-0,01;0,0;0,0;-0,02;-0,02;0,0;0,0;-0,01;-0,01;-0,02;-0,02;0,0;0,0;0,0;0,0;0,0;0,0;0,0;0,0;-0,02;-0,02;0,0;0,0;-0,07;-0,07;0,0;0,0;0,0;0,0;-0,03;-0,03;0,0;0,0;-0,01;-0,01;0,0;0,0;-0,02;-0,02;-0,01;-0,01;-0,01;-0,01;0,0;0,0;0,0;0,0;0,0;0,0;-0,02;-0,02
12.07.2026;04:00;04:15;0,0;0,0;-0,16;-0,16;-0,02;-0,02;0,0;0,0;0,0;0,0;0,0;0,0;-0,01;-0,01;-0,02;-0,02;0,0;0,0;0,0;0,0;0,0;0,0;-0,01;-0,01;-0,01;-0,01;0,0;0,0;-0,1;-0,1;0,0;0,0;-0,01;-0,01;-0,02;-0,02;0,0;0,0;-0,01;-0,01;-0,02;-0,02;-0,02;-0,02;-0,01;-0,01;-0,02;-0,02;0,0;0,0;-0,01;-0,01;0,0;0,0;-0,01;-0,01
12.07.2026;04:15;04:30;0,0;0,0;-0,16;-0,16;-0,02;-0,02;0,0;0,0;-0,01;-0,01;-0,01;-0,01;-0,01;-0,01;-0,02;-0,02;0,0;0,0;0,0;0,0;0,0;0,0;0,0;0,0;-0,01;-0,01;0,0;0,0;-0,12;-0,12;0,0;0,0;-0,01;-0,01;-0,03;-0,03;0,0;0,0;-0,02;-0,02;0,0;0,0;-0,02;-0,02;-0,01;-0,01;-0,01;-0,01;0,0;0,0;-0,01;-0,01;-0,01;-0,01;-0,02;-0,02
12.07.2026;04:30;04:45;0,0;0,0;-0,17;-0,17;-0,02;-0,02;0,0;0,0;-0,01;-0,01;0,0;0,0;-0,01;-0,01;-0,01;-0,01;0,0;0,0;0,0;0,0;0,0;0,0;0,0;0,0;0,0;0,0;0,0;0,0;-0,13;-0,13;0,0;0,0;-0,02;-0,02;-0,02;-0,02;-0,01;-0,01;-0,03;-0,03;-0,01;-0,01;-0,02;-0,02;-0,01;-0,01;-0,02;-0,02;0,0;0,0;-0,01;-0,01;0,0;0,0;-0,02;-0,02
12.07.2026;04:45;05:00;0,0;0,0;-0,17;-0,17;-0,02;-0,02;0,0;0,0;-0,02;-0,02;0,0;0,0;-0,01;-0,01;-0,02;-0,02;0,0;0,0;0,0;0,0;0,0;0,0;0,0;0,0;-0,01;-0,01;0,0;0,0;-0,12;-0,12;0,0;0,0;-0,02;-0,02;-0,02;-0,02;0,0;0,0;-0,04;-0,04;-0,01;-0,01;-0,02;-0,02;-0,01;-0,01;-0,01;-0,01;0,0;0,0;-0,01;-0,01;-0,01;-0,01;-0,02;-0,02
12.07.2026;05:00;05:15;0,0;0,0;-0,16;-0,16;-0,02;-0,02;0,0;0,0;-0,01;-0,01;0,0;0,0;-0,01;-0,01;-0,02;-0,02;0,0;0,0;0,0;0,0;0,0;0,0;0,0;0,0;-0,02;-0,02;-0,01;-0,01;-0,03;-0,03;0,0;0,0;-0,02;-0,02;-0,02;-0,02;0,0;0,0;-0,02;-0,02;-0,01;-0,01;-0,02;-0,02;-0,01;-0,01;-0,02;-0,02;0,0;0,0;-0,01;-0,01;0,0;0,0;-0,02;-0,02
12.07.2026;05:15;05:30;0,0;0,0;-0,18;-0,18;-0,02;-0,02;0,0;0,0;-0,02;-0,02;0,0;0,0;-0,01;-0,01;0,0;0,0;-0,01;-0,01;0,0;0,0;0,0;0,0;0,0;0,0;-0,01;-0,01;0,0;0,0;-0,02;-0,02;0,0;0,0;0,0;0,0;-0,01;-0,01;-0,01;-0,01;-0,03;-0,03;-0,01;-0,01;-0,02;-0,02;0,0;0,0;-0,01;-0,01;0,0;0,0;-0,01;-0,01;-0,01;-0,01;-0,01;-0,01
12.07.2026;05:30;05:45;0,02;0,02;-0,16;-0,16;-0,02;-0,02;-0,01;-0,01;0,0;0,0;0,0;0,0;-0,01;-0,01;-0,02;-0,02;0,0;0,0;0,0;0,0;-0,01;-0,01;0,0;0,0;-0,01;-0,01;0,0;0,0;-0,01;-0,01;-0,01;-0,01;-0,01;-0,01;-0,02;-0,02;0,0;0,0;-0,02;-0,02;-0,01;-0,01;-0,02;-0,02;-0,01;-0,01;-0,02;-0,02;-0,01;-0,01;-0,01;-0,01;0,0;0,0;-0,01;-0,01
12.07.2026;05:45;06:00;0,04;0,04;-0,17;-0,17;-0,02;-0,02;0,0;0,0;-0,01;-0,01;0,0;0,0;-0,01;-0,01;-0,02;-0,02;0,0;0,0;0,0;0,0;0,0;0,0;0,0;0,0;0,0;0,0;0,0;0,0;-0,01;-0,01;0,0;0,0;-0,01;-0,01;-0,01;-0,01;0,0;0,0;-0,01;-0,01;0,0;0,0;-0,01;-0,01;-0,01;-0,01;-0,01;-0,01;0,0;0,0;-0,01;-0,01;0,0;0,0;-0,03;-0,03
12.07.2026;06:00;06:15;0,0;0,0;-0,23;-0,23;-0,01;-0,01;0,0;0,0;-0,02;-0,02;0,0;0,0;-0,01;-0,01;-0,02;-0,02;0,0;0,0;0,0;0,0;0,0;0,0;0,0;0,0;-0,01;-0,01;0,0;0,0;-0,02;-0,02;0,0;0,0;-0,03;-0,03;-0,03;-0,03;0,0;0,0;-0,01;-0,01;-0,02;-0,02;-0,01;-0,01;-0,01;-0,01;-0,02;-0,02;0,0;0,0;-0,01;-0,01;-0,01;-0,01;-0,02;-0,02
12.07.2026;06:15;06:30;0,0;0,0;-0,18;-0,18;-0,02;-0,02;0,0;0,0;-0,01;-0,01;-0,01;-0,01;-0,01;-0,01;-0,02;-0,02;0,0;0,0;-0,01;-0,01;0,0;0,0;0,0;0,0;-0,02;-0,02;0,0;0,0;-0,01;-0,01;0,0;0,0;-0,03;-0,03;-0,13;-0,13;-0,01;-0,01;0,0;0,0;0,0;0,0;-0,01;-0,01;-0,01;-0,01;-0,01;-0,01;0,0;0,0;-0,01;-0,01;-0,01;-0,01;-0,02;-0,02
12.07.2026;06:30;06:45;0,0;0,0;-0,17;-0,17;-0,03;-0,03;0,0;0,0;-0,02;-0,02;0,0;0,0;-0,01;-0,01;-0,02;-0,02;0,0;0,0;0,0;0,0;0,0;0,0;0,0;0,0;-0,01;-0,01;0,0;0,0;-0,01;-0,01;0,0;0,0;-0,03;-0,03;-0,02;-0,02;0,0;0,0;-0,02;-0,02;-0,01;-0,01;0,0;0,0;-0,01;-0,01;-0,02;-0,02;0,0;0,0;-0,01;-0,01;0,0;0,0;-0,02;-0,02
12.07.2026;06:45;07:00;0,19;0,14;-0,17;-0,12;-0,03;-0,03;0,0;0,0;0,0;0,0;0,0;0,0;-0,02;-0,02;-0,02;-0,02;0,0;0,0;0,0;0,0;0,0;0,0;0,0;0,0;0,0;0,0;0,0;0,0;-0,01;-0,01;0,0;0,0;-0,03;-0,03;-0,03;-0,03;0,0;0,0;0,0;0,0;-0,01;-0,01;-0,01;-0,01;0,0;0,0;-0,01;-0,01;0,0;0,0;-0,01;-0,01;0,0;0,0;-0,01;-0,01
12.07.2026;07:00;07:15;0,56;0,21;-0,19;-0,05;-0,17;-0,15;0,0;0,0;-0,01;0,0;0,0;0,0;0,0;0,0;-0,02;0,0;0,0;0,0;0,0;0,0;0,0;0,0;0,0;0,0;-0,01;0,0;0,0;0,0;-0,02;0,0;0,0;0,0;-0,02;0,0;-0,03;-0,01;0,0;0,0;-0,01;0,0;-0,01;0,0;-0,02;0,0;-0,01;0,0;-0,02;0,0;0,0;0,0;0,0;0,0;0,0;0,0;-0,02;0,0
12.07.2026;07:15;07:30;0,67;0,23;-0,18;-0,03;-0,05;-0,01;0,0;0,0;-0,02;0,0;0,0;0,0;-0,01;0,0;-0,02;0,0;0,0;0,0;0,0;0,0;0,0;0,0;0,0;0,0;-0,01;0,0;0,0;0,0;-0,01;0,0;0,0;0,0;-0,01;0,0;-0,31;-0,27;-0,01;0,0;0,0;0,0;-0,01;0,0;-0,02;0,0;-0,01;0,0;-0,01;0,0;0,0;0,0;-0,02;0,0;-0,01;0,0;-0,57;-0,53
12.07.2026;07:30;07:45;0,59;0,21;-0,17;-0,05;-0,1;-0,07;0,0;0,0;-0,01;0,0;0,0;0,0;-0,01;0,0;-0,02;0,0;0,0;0,0;0,0;0,0;0,0;0,0;0,0;0,0;-0,02;0,0;0,0;0,0;-0,01;0,0;0,0;0,0;-0,01;0,0;-0,04;-0,01;0,0;0,0;-0,02;0,0;-0,01;0,0;-0,01;0,0;-0,01;0,0;-0,02;0,0;-0,01;0,0;0,0;0,0;-0,01;0,0;-0,08;-0,05
12.07.2026;07:45;08:00;0,26;0,19;-0,18;-0,11;-0,05;-0,05;0,0;0,0;-0,02;-0,02;0,0;0,0;-0,01;-0,01;-0,01;-0,01;-0,01;-0,01;0,0;0,0;0,0;0,0;0,0;0,0;-0,01;-0,01;0,0;0,0;-0,01;-0,01;0,0;0,0;-0,01;-0,01;-0,03;-0,03;0,0;0,0;-0,01;-0,01;0,0;0,0;-0,01;-0,01;-0,01;-0,01;-0,04;-0,04;0,0;0,0;-0,02;-0,02;0,0;0,0;-0,06;-0,06
12.07.2026;08:00;08:15;0,34;0,11;-0,19;-0,12;-0,04;-0,03;0,0;0,0;-0,01;0,0;0,0;0,0;-0,01;0,0;-0,02;-0,01;0,0;0,0;0,0;0,0;-0,01;0,0;0,0;0,0;0,0;0,0;0,0;0,0;-0,02;-0,01;-0,01;0,0;-0,02;-0,01;-0,02;-0,01;-0,01;0,0;-0,01;0,0;-0,02;-0,01;-0,03;-0,02;-0,01;0,0;-0,12;-0,11;0,0;0,0;0,0;0,0;0,0;0,0;-0,07;-0,06
12.07.2026;08:15;08:30;0,18;0,13;-0,18;-0,13;-0,05;-0,05;0,0;0,0;-0,11;-0,11;-0,01;-0,01;-0,01;-0,01;-0,02;-0,02;0,0;0,0;0,0;0,0;0,0;0,0;0,0;0,0;0,0;0,0;-0,01;-0,01;-0,01;-0,01;0,0;0,0;-0,01;-0,01;-0,03;-0,03;0,0;0,0;-0,01;-0,01;0,0;0,0;-0,12;-0,12;-0,01;-0,01;-0,1;-0,1;0,0;0,0;-0,02;-0,02;-0,01;-0,01;-0,04;-0,04
12.07.2026;08:30;08:45;0,4;0,19;-0,21;-0,12;-0,06;-0,05;0,0;0,0;-0,05;-0,04;0,0;0,0;-0,01;0,0;-0,02;-0,01;0,0;0,0;0,0;0,0;0,0;0,0;0,0;0,0;-0,02;-0,01;0,0;0,0;-0,01;0,0;0,0;0,0;-0,02;-0,01;-0,04;-0,03;0,0;0,0;0,0;0,0;-0,01;0,0;-0,17;-0,16;0,0;0,0;-0,15;-0,14;0,0;0,0;0,0;0,0;0,0;0,0;-0,04;-0,03
12.07.2026;08:45;09:00;1,06;0,4;-0,21;0,0;-0,04;0,0;0,0;0,0;-0,06;0,0;0,0;0,0;-0,01;0,0;-0,01;0,0;0,0;0,0;0,0;0,0;0,0;0,0;0,0;0,0;-0,02;0,0;0,0;0,0;-0,01;0,0;0,0;0,0;-0,01;0,0;-0,07;0,0;0,0;0,0;-0,01;0,0;-0,02;0,0;-0,04;0,0;-0,01;0,0;-0,12;-0,04;0,0;0,0;-0,02;0,0;0,0;0,0;-0,04;0,0
12.07.2026;09:00;09:15;0,6;0,2;-0,2;-0,08;-0,18;-0,15;-0,01;0,0;-0,09;-0,06;0,0;0,0;-0,01;0,0;-0,01;0,0;0,0;0,0;0,0;0,0;0,0;0,0;-0,01;0,0;0,0;0,0;0,0;0,0;-0,01;0,0;0,0;0,0;-0,01;0,0;-0,05;-0,02;-0,01;0,0;-0,01;0,0;0,0;0,0;-0,03;0,0;-0,01;0,0;-0,11;-0,08;0,0;0,0;0,0;0,0;-0,01;0,0;-0,05;-0,02
12.07.2026;09:15;09:30;0,46;0,2;-0,18;-0,07;-0,11;-0,1;0,0;0,0;-0,11;-0,1;0,0;0,0;-0,01;0,0;-0,01;0,0;0,0;0,0;0,0;0,0;0,0;0,0;0,0;0,0;-0,01;0,0;0,0;0,0;-0,02;-0,01;0,0;0,0;0,0;0,0;-0,06;-0,05;0,0;0,0;-0,01;0,0;-0,01;0,0;-0,01;0,0;-0,01;0,0;-0,24;-0,23;0,0;0,0;-0,01;0,0;-0,01;0,0;-0,05;-0,04
12.07.2026;09:30;09:45;0,45;0,2;-0,27;-0,17;-0,17;-0,16;0,0;0,0;-0,07;-0,06;0,0;0,0;-0,02;-0,01;-0,03;-0,02;0,0;0,0;0,0;0,0;0,0;0,0;0,0;0,0;0,0;0,0;0,0;0,0;-0,01;0,0;0,0;0,0;-0,01;0,0;-0,07;-0,06;0,0;0,0;-0,01;0,0;-0,01;0,0;-0,03;-0,02;-0,01;0,0;-0,37;-0,36;-0,01;0,0;-0,01;0,0;0,0;0,0;-0,03;-0,02
12.07.2026;09:45;10:00;0,46;0,2;-0,29;-0,19;-0,03;-0,02;0,0;0,0;-0,09;-0,08;0,0;0,0;-0,02;-0,01;-0,06;-0,05;0,0;0,0;0,0;0,0;0,0;0,0;0,0;0,0;-0,02;-0,01;0,0;0,0;-0,01;0,0;0,0;0,0;-0,02;-0,01;-0,06;-0,05;-0,01;0,0;-0,01;0,0;-0,01;0,0;-0,03;-0,02;-0,01;0,0;-0,1;-0,09;0,0;0,0;-0,01;0,0;0,0;0,0;-0,02;-0,01
12.07.2026;10:00;10:15;1,15;0,43;-0,2;0,0;-0,36;-0,27;0,0;0,0;-0,46;-0,37;0,0;0,0;-0,01;0,0;-0,05;0,0;0,0;0,0;0,0;0,0;0,0;0,0;0,0;0,0;-0,01;0,0;0,0;0,0;-0,02;0,0;0,0;0,0;-0,02;0,0;-0,06;0,0;0,0;0,0;-0,01;0,0;-0,01;0,0;-0,01;0,0;-0,03;0,0;-0,08;0,0;0,0;0,0;-0,01;0,0;-0,01;0,0;-0,01;0,0
12.07.2026;10:15;10:30;0,01;0,01;-0,19;-0,19;-0,2;-0,2;0,0;0,0;-0,26;-0,26;-0,01;-0,01;-0,01;-0,01;-0,06;-0,06;-0,01;-0,01;0,0;0,0;0,0;0,0;0,0;0,0;-0,01;-0,01;0,0;0,0;-0,07;-0,07;0,0;0,0;-0,02;-0,02;-0,05;-0,05;0,0;0,0;-0,01;-0,01;0,0;0,0;-0,01;-0,01;-0,07;-0,07;-0,09;-0,09;0,0;0,0;-0,01;-0,01;0,0;0,0;-0,02;-0,02
12.07.2026;10:30;10:45;0,0;0,0;-0,18;-0,18;-0,04;-0,04;0,0;0,0;-0,29;-0,29;0,0;0,0;-0,01;-0,01;-0,06;-0,06;0,0;0,0;0,0;0,0;-0,01;-0,01;0,0;0,0;0,0;0,0;0,0;0,0;-0,07;-0,07;-0,01;-0,01;-0,01;-0,01;-0,04;-0,04;0,0;0,0;-0,01;-0,01;-0,02;-0,02;-0,02;-0,02;-0,02;-0,02;-0,13;-0,13;0,0;0,0;-0,01;-0,01;-0,01;-0,01;-0,02;-0,02
12.07.2026;10:45;11:00;0,01;0,01;-0,18;-0,18;-0,04;-0,04;0,0;0,0;-0,07;-0,07;0,0;0,0;-0,16;-0,16;-0,05;-0,05;0,0;0,0;0,0;0,0;0,0;0,0;0,0;0,0;-0,01;-0,01;0,0;0,0;-0,06;-0,06;0,0;0,0;-0,01;-0,01;-0,05;-0,05;-0,01;-0,01;-0,01;-0,01;-0,01;-0,01;-0,01;-0,01;-0,01;-0,01;-0,17;-0,17;0,0;0,0;-0,01;-0,01;0,0;0,0;-0,02;-0,02
12.07.2026;11:00;11:15;0,57;0,22;-0,19;-0,05;-0,04;-0,02;0,0;0,0;-0,04;-0,02;0,0;0,0;-0,27;-0,25;-0,06;-0,04;0,0;0,0;0,0;0,0;0,0;0,0;0,0;0,0;-0,02;0,0;0,0;0,0;-0,13;-0,11;0,0;0,0;0,0;0,0;-0,05;-0,03;0,0;0,0;0,0;0,0;0,0;0,0;-0,01;0,0;-0,01;0,0;-0,2;-0,18;0,0;0,0;-0,01;0,0;0,0;0,0;-0,02;0,0
12.07.2026;11:15;11:30;0,78;0,22;-0,32;-0,14;-0,05;-0,01;0,0;0,0;-0,04;0,0;0,0;0,0;-0,09;-0,05;-0,05;-0,01;0,0;0,0;-0,01;0,0;0,0;0,0;0,0;0,0;-0,01;0,0;0,0;0,0;-0,08;-0,04;0,0;0,0;-0,01;0,0;-0,05;-0,01;0,0;0,0;-0,01;0,0;-0,01;0,0;0,0;0,0;-0,01;0,0;-0,16;-0,12;0,0;0,0;-0,01;0,0;-0,01;0,0;-0,02;0,0
12.07.2026;11:30;11:45;0,61;0,16;-0,23;-0,13;-0,45;-0,42;0,0;0,0;-0,05;-0,02;0,0;0,0;-0,12;-0,09;-0,06;-0,03;0,0;0,0;0,0;0,0;0,0;0,0;0,0;0,0;-0,01;0,0;0,0;0,0;-0,06;-0,03;0,0;0,0;-0,02;0,0;-0,05;-0,02;0,0;0,0;-0,02;0,0;-0,01;0,0;-0,01;0,0;-0,07;-0,04;-0,13;-0,1;-0,01;0,0;-0,01;0,0;0,0;0,0;-0,02;0,0
12.07.2026;11:45;12:00;0,4;0,18;-0,2;-0,13;-0,06;-0,05;0,0;0,0;-0,03;-0,02;0,0;0,0;-0,24;-0,23;-0,05;-0,04;0,0;0,0;0,0;0,0;0,0;0,0;0,0;0,0;0,0;0,0;-0,01;0,0;-0,06;-0,05;0,0;0,0;-0,02;-0,01;-0,06;-0,05;-0,01;0,0;-0,01;0,0;-0,01;0,0;-0,01;0,0;-0,02;-0,01;-0,06;-0,05;0,0;0,0;0,0;0,0;0,0;0,0;-0,01;0,0
12.07.2026;12:00;12:15;0,4;0,18;-0,3;-0,23;-0,03;-0,02;0,0;0,0;-0,01;0,0;0,0;0,0;-0,55;-0,54;-0,06;-0,05;0,0;0,0;0,0;0,0;0,0;0,0;0,0;0,0;-0,01;0,0;0,0;0,0;-0,06;-0,05;0,0;0,0;-0,07;-0,06;-0,06;-0,05;0,0;0,0;-0,01;0,0;-0,01;0,0;-0,01;0,0;0,0;0,0;-0,02;-0,01;0,0;0,0;-0,02;-0,01;-0,01;0,0;-0,14;-0,13
12.07.2026;12:15;12:30;0,26;0,19;-0,21;-0,14;-0,03;-0,03;-0,01;-0,01;0,0;0,0;-0,01;-0,01;-0,71;-0,71;-0,05;-0,05;0,0;0,0;0,0;0,0;0,0;0,0;0,0;0,0;-0,02;-0,02;0,0;0,0;-0,06;-0,06;0,0;0,0;-0,03;-0,03;-0,05;-0,05;0,0;0,0;0,0;0,0;-0,01;-0,01;-0,01;-0,01;-0,02;-0,02;-0,02;-0,02;0,0;0,0;0,0;0,0;-0,01;-0,01;-0,66;-0,66
12.07.2026;12:30;12:45;0,26;0,19;-0,22;-0,15;-0,02;-0,02;0,0;0,0;-0,02;-0,02;0,0;0,0;-0,66;-0,66;-0,05;-0,05;0,0;0,0;0,0;0,0;0,0;0,0;0,0;0,0;-0,01;-0,01;0,0;0,0;-0,17;-0,17;0,0;0,0;-0,01;-0,01;-0,06;-0,06;-0,01;-0,01;-0,25;-0,25;-0,01;-0,01;-0,01;-0,01;-0,01;-0,01;-0,03;-0,03;0,0;0,0;-0,02;-0,02;0,0;0,0;-0,42;-0,42
12.07.2026;12:45;13:00;0,44;0,2;-0,21;-0,11;-0,01;0,0;0,0;0,0;-0,02;-0,01;0,0;0,0;-0,53;-0,52;-0,04;-0,03;-0,01;0,0;0,0;0,0;0,0;0,0;0,0;0,0;0,0;0,0;0,0;0,0;-0,06;-0,05;0,0;0,0;-0,01;0,0;-0,06;-0,05;0,0;0,0;-0,05;-0,04;-0,01;0,0;-0,01;0,0;-0,01;0,0;-0,05;-0,04;0,0;0,0;0,0;0,0;0,0;0,0;-0,35;-0,34
12.07.2026;13:00;13:15;0,69;0,2;-0,21;-0,08;-0,02;0,0;0,0;0,0;-0,48;-0,45;0,0;0,0;-0,36;-0,33;-0,05;-0,02;0,0;0,0;0,0;0,0;-0,01;0,0;0,0;0,0;-0,01;0,0;0,0;0,0;-0,07;-0,04;-0,01;0,0;-0,02;0,0;-0,06;-0,03;0,0;0,0;-0,04;-0,01;0,0;0,0;-0,01;0,0;-0,01;0,0;-0,03;0,0;0,0;0,0;-0,02;0,0;-0,01;0,0;-0,33;-0,3
12.07.2026;13:15;13:30;0,81;0,21;-0,23;-0,05;-0,03;0,0;0,0;0,0;-0,21;-0,17;0,0;0,0;-0,19;-0,15;-0,06;-0,02;0,0;0,0;0,0;0,0;0,0;0,0;0,0;0,0;-0,01;0,0;0,0;0,0;-0,07;-0,03;0,0;0,0;-0,02;0,0;-0,07;-0,03;0,0;0,0;-0,07;-0,03;-0,02;0,0;-0,01;0,0;-0,01;0,0;-0,04;0,0;0,0;0,0;0,0;0,0;0,0;0,0;-0,09;-0,05
12.07.2026;13:30;13:45;0,8;0,21;-0,24;-0,07;-0,03;0,0;0,0;0,0;-0,02;0,0;0,0;0,0;-0,12;-0,08;-0,05;-0,01;0,0;0,0;0,0;0,0;0,0;0,0;0,0;0,0;-0,02;0,0;0,0;0,0;-0,06;-0,02;0,0;0,0;-0,02;0,0;-0,2;-0,16;-0,01;0,0;-0,16;-0,12;0,0;0,0;-0,01;0,0;-0,01;0,0;-0,02;0,0;-0,01;0,0;-0,02;0,0;-0,01;0,0;-0,05;-0,01
12.07.2026;13:45;14:00;0,47;0,15;-0,24;-0,15;-0,01;0,0;0,0;0,0;-0,01;0,0;0,0;0,0;-0,1;-0,08;-0,14;-0,12;0,0;0,0;0,0;0,0;0,0;0,0;0,0;0,0;-0,01;0,0;0,0;0,0;-0,07;-0,05;0,0;0,0;-0,02;0,0;-0,08;-0,06;0,0;0,0;-0,16;-0,14;-0,01;0,0;-0,18;-0,16;-0,01;0,0;-0,03;-0,01;0,0;0,0;0,0;0,0;0,0;0,0;-0,04;-0,02
12.07.2026;14:00;14:15;0,08;0,08;-0,19;-0,19;-0,02;-0,02;0,0;0,0;-0,02;-0,02;0,0;0,0;-0,09;-0,09;-0,07;-0,07;0,0;0,0;0,0;0,0;0,0;0,0;-0,01;-0,01;0,0;0,0;0,0;0,0;-0,07;-0,07;0,0;0,0;-0,03;-0,03;-0,06;-0,06;0,0;0,0;-0,16;-0,16;-0,01;-0,01;-0,12;-0,12;-0,01;-0,01;-0,02;-0,02;0,0;0,0;-0,02;-0,02;0,0;0,0;-0,19;-0,19
12.07.2026;14:15;14:30;0,0;0,0;-0,21;-0,21;-0,03;-0,03;0,0;0,0;-0,02;-0,02;-0,01;-0,01;-0,1;-0,1;-0,05;-0,05;0,0;0,0;0,0;0,0;0,0;0,0;0,0;0,0;-0,01;-0,01;0,0;0,0;-0,1;-0,1;0,0;0,0;-0,03;-0,03;-0,07;-0,07;0,0;0,0;-0,41;-0,41;-0,01;-0,01;-0,03;-0,03;-0,01;-0,01;-0,02;-0,02;0,0;0,0;-0,02;-0,02;-0,01;-0,01;-0,28;-0,28
12.07.2026;14:30;14:45;0,0;0,0;-0,18;-0,18;-0,02;-0,02;0,0;0,0;-0,03;-0,03;0,0;0,0;-0,01;-0,01;-0,06;-0,06;0,0;0,0;0,0;0,0;0,0;0,0;0,0;0,0;-0,01;-0,01;0,0;0,0;-0,26;-0,26;0,0;0,0;-0,38;-0,38;-0,07;-0,07;-0,01;-0,01;-0,31;-0,31;-0,01;-0,01;-0,08;-0,08;0,0;0,0;-0,03;-0,03;0,0;0,0;-0,02;-0,02;0,0;0,0;-0,48;-0,48
12.07.2026;14:45;15:00;0,57;0,2;-0,2;-0,08;-0,01;0,0;0,0;0,0;-0,01;0,0;0,0;0,0;-0,01;0,0;-0,05;-0,03;0,0;0,0;0,0;0,0;0,0;0,0;0,0;0,0;-0,01;0,0;0,0;0,0;-0,09;-0,07;0,0;0,0;-0,26;-0,24;-0,06;-0,04;0,0;0,0;-0,18;-0,16;-0,01;0,0;-0,28;-0,26;-0,02;0,0;-0,03;-0,01;0,0;0,0;-0,02;0,0;0,0;0,0;-0,04;-0,02
12.07.2026;15:00;15:15;0,88;0,23;-0,2;-0,02;-0,02;0,0;0,0;0,0;-0,02;0,0;0,0;0,0;-0,01;0,0;-0,06;-0,01;0,0;0,0;0,0;0,0;0,0;0,0;0,0;0,0;-0,01;0,0;-0,01;0,0;-0,12;-0,07;0,0;0,0;-0,09;-0,04;-0,07;-0,02;0,0;0,0;-0,1;-0,05;0,0;0,0;-0,04;0,0;-0,01;0,0;-0,02;0,0;0,0;0,0;-0,03;0,0;-0,01;0,0;-0,04;0,0
12.07.2026;15:15;15:30;0,77;0,18;-0,17;-0,04;-0,02;0,0;0,0;0,0;-0,02;0,0;0,0;0,0;-0,01;0,0;-0,05;-0,01;-0,01;0,0;0,0;0,0;0,0;0,0;0,0;0,0;-0,01;0,0;0,0;0,0;-0,46;-0,42;0,0;0,0;-0,17;-0,13;-0,07;-0,03;-0,01;0,0;-0,04;0,0;-0,02;0,0;-0,05;-0,01;-0,01;0,0;-0,03;0,0;0,0;0,0;-0,05;-0,01;-0,01;0,0;-0,03;0,0
12.07.2026;15:30;15:45;0,7;0,19;-0,18;-0,06;-0,02;0,0;-0,01;0,0;-0,02;0,0;0,0;0,0;-0,01;0,0;-0,05;-0,02;0,0;0,0;0,0;0,0;-0,01;0,0;0,0;0,0;0,0;0,0;0,0;0,0;-0,1;-0,07;-0,01;0,0;-0,1;-0,07;-0,06;-0,03;0,0;0,0;-0,04;-0,01;-0,01;0,0;-0,04;-0,01;-0,11;-0,08;-0,04;-0,01;-0,01;0,0;-0,04;-0,01;0,0;0,0;-0,02;0,0
12.07.2026;15:45;16:00;0,47;0,13;-0,18;-0,09;-0,02;0,0;0,0;0,0;0,0;0,0;0,0;0,0;-0,01;0,0;-0,05;-0,03;0,0;0,0;0,0;0,0;0,0;0,0;0,0;0,0;-0,02;0,0;0,0;0,0;-0,1;-0,08;0,0;0,0;-0,11;-0,09;-0,06;-0,04;0,0;0,0;-0,12;-0,1;0,0;0,0;-0,05;-0,03;-0,02;0,0;-0,03;-0,01;0,0;0,0;-0,02;0,0;0,0;0,0;-0,02;0,0
12.07.2026;16:00;16:15;0,32;0,11;-0,2;-0,15;-0,02;-0,01;0,0;0,0;-0,02;-0,01;0,0;0,0;-0,01;0,0;-0,13;-0,12;0,0;0,0;0,0;0,0;0,0;0,0;0,0;0,0;-0,01;0,0;0,0;0,0;-0,1;-0,09;0,0;0,0;-0,1;-0,09;-0,06;-0,05;0,0;0,0;-0,08;-0,07;-0,02;-0,01;-0,03;-0,02;-0,05;-0,04;-0,08;-0,07;0,0;0,0;-0,02;-0,01;-0,01;0,0;-0,01;0,0
12.07.2026;16:15;16:30;0,58;0,18;-0,24;-0,14;-0,02;0,0;0,0;0,0;-0,04;-0,02;-0,01;0,0;-0,01;0,0;-0,07;-0,05;0,0;0,0;-0,01;0,0;0,0;0,0;0,0;0,0;-0,01;0,0;0,0;0,0;-0,36;-0,34;0,0;0,0;-0,1;-0,08;-0,07;-0,05;-0,01;0,0;-0,06;-0,04;0,0;0,0;-0,1;-0,08;-0,02;0,0;-0,12;-0,1;0,0;0,0;-0,03;-0,01;-0,01;0,0;-0,02;0,0
12.07.2026;16:30;16:45;0,6;0,17;-0,19;-0,09;-0,02;0,0;0,0;0,0;-0,04;-0,01;0,0;0,0;-0,08;-0,05;-0,05;-0,02;0,0;0,0;0,0;0,0;0,0;0,0;0,0;0,0;0,0;0,0;0,0;0,0;-0,05;-0,02;0,0;0,0;-0,11;-0,08;-0,06;-0,03;0,0;0,0;-0,11;-0,08;-0,01;0,0;-0,02;0,0;-0,01;0,0;-0,12;-0,09;0,0;0,0;-0,02;0,0;0,0;0,0;-0,01;0,0
12.07.2026;16:45;17:00;0,52;0,16;-0,19;-0,09;-0,02;0,0;0,0;0,0;-0,04;-0,02;0,0;0,0;-0,07;-0,05;-0,05;-0,03;0,0;0,0;0,0;0,0;0,0;0,0;0,0;0,0;-0,01;0,0;0,0;0,0;-0,07;-0,05;0,0;0,0;-0,1;-0,08;-0,07;-0,05;0,0;0,0;-0,11;-0,09;-0,01;0,0;0,0;0,0;-0,02;0,0;-0,09;-0,07;0,0;0,0;-0,02;0,0;0,0;0,0;-0,03;-0,01
12.07.2026;17:00;17:15;0,41;0,18;-0,22;-0,15;-0,02;-0,01;0,0;0,0;-0,01;0,0;0,0;0,0;-0,08;-0,07;-0,02;-0,01;0,0;0,0;0,0;0,0;0,0;0,0;0,0;0,0;-0,02;-0,01;0,0;0,0;-0,02;-0,01;0,0;0,0;-0,05;-0,04;-0,07;-0,06;0,0;0,0;-0,09;-0,08;-0,01;0,0;-0,01;0,0;-0,01;0,0;-0,08;-0,07;0,0;0,0;-0,01;0,0;-0,01;0,0;-0,02;-0,01
12.07.2026;17:15;17:30;0,53;0,2;-0,18;-0,07;-0,01;0,0;0,0;0,0;-0,01;0,0;0,0;0,0;-0,08;-0,06;-0,01;0,0;0,0;0,0;0,0;0,0;0,0;0,0;0,0;0,0;-0,01;0,0;0,0;0,0;-0,01;0,0;0,0;0,0;-0,08;-0,06;-0,08;-0,06;-0,01;0,0;-0,06;-0,04;-0,01;0,0;-0,01;0,0;-0,01;0,0;-0,09;-0,07;0,0;0,0;-0,01;0,0;0,0;0,0;-0,02;0,0
12.07.2026;17:30;17:45;0,79;0,23;-0,18;0,0;-0,03;0,0;0,0;0,0;-0,01;0,0;0,0;0,0;-0,07;-0,03;-0,02;0,0;0,0;0,0;0,0;0,0;0,0;0,0;0,0;0,0;-0,01;0,0;0,0;0,0;-0,02;0,0;0,0;0,0;-0,12;-0,08;-0,08;-0,04;0,0;0,0;-0,05;-0,01;-0,01;0,0;-0,02;0,0;-0,01;0,0;-0,08;-0,04;-0,01;0,0;-0,01;0,0;0,0;0,0;-0,03;0,0
12.07.2026;17:45;18:00;0,62;0,2;-0,17;-0,04;-0,01;0,0;0,0;0,0;-0,01;0,0;0,0;0,0;-0,07;-0,04;-0,02;0,0;-0,01;0,0;0,0;0,0;0,0;0,0;0,0;0,0;0,0;0,0;0,0;0,0;-0,01;0,0;0,0;0,0;-0,18;-0,15;-0,07;-0,04;0,0;0,0;-0,03;0,0;-0,01;0,0;-0,01;0,0;-0,01;0,0;-0,08;-0,05;0,0;0,0;-0,01;0,0;-0,01;0,0;-0,05;-0,02
12.07.2026;18:00;18:15;0,33;0,11;-0,24;-0,19;-0,03;-0,02;0,0;0,0;-0,02;-0,01;0,0;0,0;-0,1;-0,09;-0,02;-0,01;0,0;0,0;0,0;0,0;-0,01;0,0;0,0;0,0;-0,01;0,0;0,0;0,0;-0,01;0,0;-0,01;0,0;-0,09;-0,08;-0,12;-0,11;-0,01;0,0;-0,15;-0,14;-0,01;0,0;-0,01;0,0;-0,07;-0,06;-0,08;-0,07;0,0;0,0;0,0;0,0;0,0;0,0;-0,04;-0,03
12.07.2026;18:15;18:30;0,0;0,0;-0,2;-0,2;-0,02;-0,02;0,0;0,0;-0,01;-0,01;-0,01;-0,01;-0,09;-0,09;-0,02;-0,02;0,0;0,0;0,0;0,0;0,0;0,0;0,0;0,0;-0,02;-0,02;-0,01;-0,01;-0,02;-0,02;0,0;0,0;-0,05;-0,05;-0,19;-0,19;0,0;0,0;-0,55;-0,55;0,0;0,0;-0,01;-0,01;-0,02;-0,02;-0,08;-0,08;0,0;0,0;-0,02;-0,02;-0,01;-0,01;-0,03;-0,03
12.07.2026;18:30;18:45;0,0;0,0;-0,18;-0,18;-0,01;-0,01;0,0;0,0;-0,02;-0,02;0,0;0,0;-0,14;-0,14;-0,02;-0,02;0,0;0,0;0,0;0,0;0,0;0,0;0,0;0,0;-0,01;-0,01;0,0;0,0;-0,01;-0,01;0,0;0,0;-0,05;-0,05;-0,19;-0,19;0,0;0,0;-0,59;-0,59;-0,02;-0,02;-0,01;-0,01;-0,01;-0,01;-0,08;-0,08;0,0;0,0;0,0;0,0;0,0;0,0;-0,04;-0,04
12.07.2026;18:45;19:00;0,02;0,02;-0,22;-0,22;-0,02;-0,02;0,0;0,0;0,0;0,0;0,0;0,0;-0,18;-0,18;-0,01;-0,01;0,0;0,0;0,0;0,0;0,0;0,0;0,0;0,0;0,0;0,0;0,0;0,0;-0,01;-0,01;0,0;0,0;-0,06;-0,06;-0,16;-0,16;0,0;0,0;-0,13;-0,13;-0,01;-0,01;-0,01;-0,01;-0,01;-0,01;-0,11;-0,11;0,0;0,0;-0,02;-0,02;0,0;0,0;-0,02;-0,02
12.07.2026;19:00;19:15;0,3;0,1;-0,2;-0,18;-0,02;-0,01;-0,01;0,0;-0,01;0,0;0,0;0,0;-0,08;-0,07;-0,02;-0,01;0,0;0,0;0,0;0,0;0,0;0,0;-0,01;0,0;-0,01;0,0;0,0;0,0;-0,01;0,0;0,0;0,0;-0,06;-0,05;-0,19;-0,18;-0,01;0,0;-0,06;-0,05;0,0;0,0;-0,01;0,0;-0,02;-0,01;-0,22;-0,21;0,0;0,0;-0,01;0,0;-0,01;0,0;-0,02;-0,01
12.07.2026;19:15;19:30;0,17;0,12;-0,18;-0,13;-0,03;-0,03;0,0;0,0;-0,01;-0,01;0,0;0,0;-0,1;-0,1;-0,02;-0,02;0,0;0,0;0,0;0,0;0,0;0,0;0,0;0,0;-0,01;-0,01;0,0;0,0;-0,02;-0,02;0,0;0,0;-0,05;-0,05;-0,11;-0,11;0,0;0,0;-0,06;-0,06;-0,01;-0,01;-0,01;-0,01;-0,01;-0,01;-0,21;-0,21;0,0;0,0;-0,01;-0,01;-0,01;-0,01;-0,02;-0,02
12.07.2026;19:30;19:45;0,18;0,13;-0,24;-0,19;-0,01;-0,01;0,0;0,0;-0,02;-0,02;0,0;0,0;-0,05;-0,05;-0,02;-0,02;0,0;0,0;0,0;0,0;0,0;0,0;0,0;0,0;-0,02;-0,02;0,0;0,0;-0,01;-0,01;0,0;0,0;-0,02;-0,02;-0,08;-0,08;0,0;0,0;-0,03;-0,03;-0,01;-0,01;-0,01;-0,01;-0,01;-0,01;-0,21;-0,21;-0,01;-0,01;0,0;0,0;0,0;0,0;-0,03;-0,03
12.07.2026;19:45;20:00;0,1;0,1;-0,21;-0,21;-0,02;-0,02;0,0;0,0;-0,01;-0,01;0,0;0,0;-0,03;-0,03;-0,02;-0,02;0,0;0,0;0,0;0,0;0,0;0,0;0,0;0,0;-0,01;-0,01;0,0;0,0;-0,01;-0,01;0,0;0,0;-0,02;-0,02;-0,07;-0,07;0,0;0,0;-0,13;-0,13;-0,01;-0,01;-0,01;-0,01;0,0;0,0;-0,21;-0,21;0,0;0,0;-0,01;-0,01;0,0;0,0;-0,02;-0,02
12.07.2026;20:00;20:15;0,04;0,04;-0,16;-0,16;-0,02;-0,02;0,0;0,0;-0,02;-0,02;0,0;0,0;-0,04;-0,04;0,0;0,0;0,0;0,0;0,0;0,0;0,0;0,0;0,0;0,0;0,0;0,0;0,0;0,0;-0,02;-0,02;0,0;0,0;-0,03;-0,03;-0,06;-0,06;-0,01;-0,01;-0,39;-0,39;-0,01;-0,01;-0,02;-0,02;-0,01;-0,01;-0,18;-0,18;0,0;0,0;-0,01;-0,01;-0,01;-0,01;-0,02;-0,02
12.07.2026;20:15;20:30;0,03;0,03;-0,25;-0,25;-0,04;-0,04;0,0;0,0;0,0;0,0;-0,01;-0,01;-0,03;-0,03;-0,01;-0,01;-0,01;-0,01;0,0;0,0;0,0;0,0;0,0;0,0;-0,01;-0,01;0,0;0,0;-0,01;-0,01;0,0;0,0;-0,02;-0,02;-0,06;-0,06;0,0;0,0;-0,04;-0,04;0,0;0,0;-0,03;-0,03;-0,01;-0,01;-0,19;-0,19;0,0;0,0;-0,01;-0,01;0,0;0,0;-0,01;-0,01
12.07.2026;20:30;20:45;0,01;0,01;-0,2;-0,2;-0,07;-0,07;0,0;0,0;-0,01;-0,01;0,0;0,0;-0,05;-0,05;-0,02;-0,02;0,0;0,0;0,0;0,0;-0,01;-0,01;0,0;0,0;-0,01;-0,01;0,0;0,0;-0,01;-0,01;-0,01;-0,01;-0,02;-0,02;-0,06;-0,06;0,0;0,0;-0,03;-0,03;-0,02;-0,02;-0,13;-0,13;-0,02;-0,02;-0,21;-0,21;0,0;0,0;-0,01;-0,01;-0,01;-0,01;-0,01;-0,01
12.07.2026;20:45;21:00;0,01;0,01;-0,2;-0,2;-0,04;-0,04;0,0;0,0;-0,01;-0,01;0,0;0,0;-0,04;-0,04;-0,02;-0,02;0,0;0,0;0,0;0,0;0,0;0,0;0,0;0,0;-0,02;-0,02;0,0;0,0;-0,02;-0,02;0,0;0,0;-0,03;-0,03;-0,05;-0,05;0,0;0,0;-0,01;-0,01;-0,01;-0,01;-0,16;-0,16;-0,01;-0,01;-0,29;-0,29;0,0;0,0;-0,01;-0,01;0,0;0,0;-0,03;-0,03
12.07.2026;21:00;21:15;0,0;0,0;-0,16;-0,16;-0,06;-0,06;0,0;0,0;-0,02;-0,02;0,0;0,0;-0,03;-0,03;-0,02;-0,02;0,0;0,0;0,0;0,0;0,0;0,0;0,0;0,0;0,0;0,0;0,0;0,0;-0,01;-0,01;0,0;0,0;-0,04;-0,04;-0,05;-0,05;-0,01;-0,01;-0,01;-0,01;0,0;0,0;-0,07;-0,07;0,0;0,0;-0,11;-0,11;0,0;0,0;-0,01;-0,01;-0,01;-0,01;-0,02;-0,02
12.07.2026;21:15;21:30;0,0;0,0;-0,19;-0,19;-0,05;-0,05;0,0;0,0;-0,01;-0,01;0,0;0,0;-0,04;-0,04;-0,02;-0,02;0,0;0,0;-0,01;-0,01;0,0;0,0;0,0;0,0;-0,01;-0,01;0,0;0,0;-0,01;-0,01;0,0;0,0;-0,03;-0,03;-0,06;-0,06;0,0;0,0;-0,03;-0,03;-0,02;-0,02;-0,03;-0,03;-0,02;-0,02;-0,15;-0,15;0,0;0,0;-0,01;-0,01;0,0;0,0;-0,02;-0,02
12.07.2026;21:30;21:45;0,0;0,0;-0,19;-0,19;-0,06;-0,06;0,0;0,0;-0,02;-0,02;0,0;0,0;-0,03;-0,03;-0,02;-0,02;0,0;0,0;0,0;0,0;0,0;0,0;0,0;0,0;0,0;0,0;0,0;0,0;-0,02;-0,02;0,0;0,0;-0,03;-0,03;-0,05;-0,05;0,0;0,0;-0,37;-0,37;0,0;0,0;-0,02;-0,02;-0,01;-0,01;-0,12;-0,12;-0,01;-0,01;-0,01;-0,01;0,0;0,0;-0,02;-0,02
12.07.2026;21:45;22:00;0,0;0,0;-0,2;-0,2;-0,05;-0,05;0,0;0,0;-0,01;-0,01;0,0;0,0;-0,03;-0,03;-0,02;-0,02;0,0;0,0;0,0;0,0;0,0;0,0;0,0;0,0;-0,02;-0,02;-0,01;-0,01;-0,01;-0,01;0,0;0,0;-0,03;-0,03;-0,05;-0,05;-0,01;-0,01;-0,45;-0,45;-0,01;-0,01;-0,02;-0,02;-0,01;-0,01;-0,15;-0,15;0,0;0,0;-0,01;-0,01;-0,01;-0,01;-0,02;-0,02
12.07.2026;22:00;22:15;0,0;0,0;-0,19;-0,19;-0,04;-0,04;0,0;0,0;-0,03;-0,03;0,0;0,0;-0,05;-0,05;-0,01;-0,01;0,0;0,0;0,0;0,0;0,0;0,0;0,0;0,0;-0,02;-0,02;0,0;0,0;-0,02;-0,02;0,0;0,0;-0,02;-0,02;-0,05;-0,05;0,0;0,0;-0,14;-0,14;-0,01;-0,01;-0,02;-0,02;-0,01;-0,01;-0,17;-0,17;0,0;0,0;-0,01;-0,01;0,0;0,0;-0,01;-0,01
12.07.2026;22:15;22:30;0,0;0,0;-0,16;-0,16;-0,06;-0,06;-0,01;-0,01;-0,05;-0,05;-0,01;-0,01;-0,07;-0,07;-0,02;-0,02;0,0;0,0;0,0;0,0;0,0;0,0;0,0;0,0;0,0;0,0;0,0;0,0;-0,02;-0,02;0,0;0,0;-0,03;-0,03;-0,04;-0,04;0,0;0,0;-0,02;-0,02;-0,01;-0,01;-0,02;-0,02;-0,09;-0,09;-0,03;-0,03;0,0;0,0;-0,01;-0,01;-0,01;-0,01;-0,02;-0,02
12.07.2026;22:30;22:45;0,0;0,0;-0,24;-0,24;-0,05;-0,05;0,0;0,0;-0,04;-0,04;0,0;0,0;-0,09;-0,09;-0,02;-0,02;0,0;0,0;0,0;0,0;0,0;0,0;0,0;0,0;-0,01;-0,01;0,0;0,0;-0,02;-0,02;0,0;0,0;-0,04;-0,04;-0,02;-0,02;0,0;0,0;-0,04;-0,04;-0,01;-0,01;-0,02;-0,02;-0,01;-0,01;-0,02;-0,02;0,0;0,0;-0,01;-0,01;0,0;0,0;-0,02;-0,02
12.07.2026;22:45;23:00;0,0;0,0;-0,18;-0,18;-0,06;-0,06;0,0;0,0;-0,05;-0,05;0,0;0,0;-0,09;-0,09;-0,02;-0,02;-0,01;-0,01;0,0;0,0;0,0;0,0;0,0;0,0;0,0;0,0;0,0;0,0;-0,02;-0,02;0,0;0,0;-0,03;-0,03;-0,03;-0,03;-0,01;-0,01;-0,04;-0,04;-0,01;-0,01;-0,02;-0,02;-0,01;-0,01;-0,01;-0,01;0,0;0,0;-0,01;-0,01;0,0;0,0;-0,02;-0,02
12.07.2026;23:00;23:15;0,0;0,0;-0,21;-0,21;-0,04;-0,04;0,0;0,0;-0,03;-0,03;0,0;0,0;-0,09;-0,09;-0,02;-0,02;0,0;0,0;0,0;0,0;-0,01;-0,01;0,0;0,0;-0,02;-0,02;0,0;0,0;-0,05;-0,05;-0,01;-0,01;-0,03;-0,03;-0,02;-0,02;0,0;0,0;-0,05;-0,05;0,0;0,0;-0,01;-0,01;-0,01;-0,01;-0,02;-0,02;0,0;0,0;-0,01;-0,01;-0,01;-0,01;-0,11;-0,11
12.07.2026;23:15;23:30;0,0;0,0;-0,16;-0,16;-0,04;-0,04;0,0;0,0;-0,01;-0,01;0,0;0,0;-0,09;-0,09;-0,02;-0,02;0,0;0,0;0,0;0,0;0,0;0,0;0,0;0,0;-0,01;-0,01;0,0;0,0;-0,31;-0,31;0,0;0,0;-0,04;-0,04;-0,02;-0,02;0,0;0,0;-0,03;-0,03;-0,02;-0,02;-0,01;-0,01;0,0;0,0;-0,01;-0,01;0,0;0,0;-0,01;-0,01;-0,01;-0,01;-0,1;-0,1
12.07.2026;23:30;23:45;0,0;0,0;-0,17;-0,17;-0,06;-0,06;0,0;0,0;-0,02;-0,02;0,0;0,0;-0,05;-0,05;-0,01;-0,01;0,0;0,0;0,0;0,0;0,0;0,0;0,0;0,0;-0,01;-0,01;0,0;0,0;-0,44;-0,44;0,0;0,0;-0,22;-0,22;-0,03;-0,03;0,0;0,0;-0,01;-0,01;0,0;0,0;-0,01;-0,01;-0,01;-0,01;-0,02;-0,02;-0,01;-0,01;-0,01;-0,01;0,0;0,0;-0,07;-0,07
12.07.2026;23:45;00:00;0,0;0,0;-0,26;-0,26;-0,05;-0,05;0,0;0,0;-0,01;-0,01;0,0;0,0;-0,03;-0,03;-0,02;-0,02;0,0;0,0;0,0;0,0;0,0;0,0;0,0;0,0;0,0;0,0;0,0;0,0;-0,2;-0,2;0,0;0,0;-0,13;-0,13;-0,02;-0,02;-0,01;-0,01;-0,01;-0,01;-0,01;-0,01;-0,01;-0,01;-0,01;-0,01;-0,02;-0,02;0,0;0,0;-0,01;-0,01;0,0;0,0;-0,06;-0,06
13.07.2026;00:00;00:15;0,0;0,0;-0,2;-0,2;-0,05;-0,05;0,0;0,0;-0,02;-0,02;0,0;0,0;-0,44;-0,44;-0,03;-0,03;0,0;0,0;0,0;0,0;0,0;0,0;-0,01;-0,01;-0,01;-0,01;0,0;0,0;-0,21;-0,21;0,0;0,0;-0,17;-0,17;-0,02;-0,02;0,0;0,0;-0,01;-0,01;-0,01;-0,01;-0,01;-0,01;-0,01;-0,01;-0,01;-0,01;0,0;0,0;-0,01;-0,01;-0,01;-0,01;-0,03;-0,03
13.07.2026;00:15;00:30;0,0;0,0;-0,16;-0,16;-0,04;-0,04;0,0;0,0;-0,01;-0,01;-0,01;-0,01;-0,22;-0,22;-0,03;-0,03;0,0;0,0;0,0;0,0;0,0;0,0;0,0;0,0;-0,02;-0,02;0,0;0,0;-0,21;-0,21;0,0;0,0;-0,07;-0,07;-0,01;-0,01;0,0;0,0;-0,02;-0,02;-0,01;-0,01;-0,02;-0,02;-0,01;-0,01;-0,02;-0,02;0,0;0,0;0,0;0,0;0,0;0,0;-0,03;-0,03
13.07.2026;00:30;00:45;0,0;0,0;-0,2;-0,2;-0,06;-0,06;0,0;0,0;-0,01;-0,01;0,0;0,0;-0,02;-0,02;-0,02;-0,02;0,0;0,0;0,0;0,0;0,0;0,0;0,0;0,0;-0,01;-0,01;0,0;0,0;-0,15;-0,15;0,0;0,0;-0,02;-0,02;-0,02;-0,02;-0,01;-0,01;-0,01;-0,01;-0,01;-0,01;-0,01;-0,01;-0,01;-0,01;-0,01;-0,01;0,0;0,0;-0,02;-0,02;0,0;0,0;-0,02;-0,02
13.07.2026;00:45;01:00;0,0;0,0;-0,18;-0,18;-0,05;-0,05;0,0;0,0;-0,01;-0,01;0,0;0,0;-0,19;-0,19;-0,03;-0,03;0,0;0,0;0,0;0,0;0,0;0,0;0,0;0,0;-0,01;-0,01;0,0;0,0;-0,09;-0,09;0,0;0,0;-0,02;-0,02;-0,01;-0,01;0,0;0,0;-0,01;-0,01;-0,01;-0,01;-0,02;-0,02;-0,01;-0,01;-0,02;-0,02;0,0;0,0;0,0;0,0;-0,01;-0,01;-0,03;-0,03
13.07.2026;01:00;01:15;0,0;0,0;-0,15;-0,15;-0,04;-0,04;0,0;0,0;-0,01;-0,01;0,0;0,0;0,0;0,0;-0,03;-0,03;0,0;0,0;0,0;0,0;0,0;0,0;0,0;0,0;0,0;0,0;-0,01;-0,01;-0,08;-0,08;0,0;0,0;-0,02;-0,02;-0,01;-0,01;0,0;0,0;0,0;0,0;0,0;0,0;-0,02;-0,02;0,0;0,0;-0,01;-0,01;0,0;0,0;-0,02;-0,02;0,0;0,0;-0,03;-0,03
13.07.2026;01:15;01:30;0,0;0,0;-0,18;-0,18;-0,05;-0,05;0,0;0,0;-0,02;-0,02;0,0;0,0;-0,01;-0,01;-0,02;-0,02;-0,01;-0,01;0,0;0,0;0,0;0,0;0,0;0,0;-0,01;-0,01;0,0;0,0;-0,08;-0,08;0,0;0,0;-0,01;-0,01;-0,01;-0,01;0,0;0,0;-0,01;-0,01;-0,02;-0,02;-0,01;-0,01;-0,01;-0,01;-0,02;-0,02;0,0;0,0;0,0;0,0;-0,01;-0,01;-0,01;-0,01
13.07.2026;01:30;01:45;0,0;0,0;-0,16;-0,16;-0,05;-0,05;-0,01;-0,01;-0,01;-0,01;0,0;0,0;-0,01;-0,01;-0,02;-0,02;0,0;0,0;0,0;0,0;-0,01;-0,01;0,0;0,0;-0,02;-0,02;0,0;0,0;-0,03;-0,03;-0,01;-0,01;-0,01;-0,01;-0,03;-0,03;-0,01;-0,01;-0,01;-0,01;0,0;0,0;-0,02;-0,02;-0,02;-0,02;-0,02;-0,02;-0,01;-0,01;-0,02;-0,02;0,0;0,0;-0,02;-0,02
13.07.2026;01:45;02:00;0,0;0,0;-0,16;-0,16;-0,06;-0,06;0,0;0,0;-0,01;-0,01;0,0;0,0;-0,01;-0,01;-0,02;-0,02;0,0;0,0;0,0;0,0;0,0;0,0;0,0;0,0;-0,01;-0,01;0,0;0,0;-0,03;-0,03;0,0;0,0;-0,02;-0,02;-0,02;-0,02;0,0;0,0;-0,01;-0,01;-0,01;-0,01;-0,03;-0,03;-0,01;-0,01;-0,05;-0,05;0,0;0,0;0,0;0,0;0,0;0,0;-0,02;-0,02
13.07.2026;02:00;02:15;0,0;0,0;-0,18;-0,18;-0,03;-0,03;0,0;0,0;0,0;0,0;0,0;0,0;-0,01;-0,01;-0,02;-0,02;0,0;0,0;0,0;0,0;0,0;0,0;0,0;0,0;0,0;0,0;0,0;0,0;-0,03;-0,03;0,0;0,0;-0,02;-0,02;-0,03;-0,03;0,0;0,0;-0,01;-0,01;-0,01;-0,01;-0,01;-0,01;-0,03;-0,03;-0,02;-0,02;0,0;0,0;-0,02;-0,02;-0,01;-0,01;-0,02;-0,02
13.07.2026;02:15;02:30;0,0;0,0;-0,16;-0,16;-0,02;-0,02;0,0;0,0;-0,02;-0,02;-0,01;-0,01;-0,01;-0,01;-0,02;-0,02;0,0;0,0;-0,01;-0,01;0,0;0,0;0,0;0,0;-0,01;-0,01;0,0;0,0;-0,05;-0,05;0,0;0,0;-0,02;-0,02;-0,02;-0,02;0,0;0,0;-0,01;-0,01;-0,01;-0,01;-0,02;-0,02;-0,02;-0,02;-0,02;-0,02;0,0;0,0;0,0;0,0;-0,01;-0,01;-0,02;-0,02
13.07.2026;02:30;02:45;0,0;0,0;-0,16;-0,16;-0,02;-0,02;0,0;0,0;-0,01;-0,01;0,0;0,0;-0,01;-0,01;-0,02;-0,02;0,0;0,0;0,0;0,0;0,0;0,0;0,0;0,0;-0,01;-0,01;0,0;0,0;-0,04;-0,04;0,0;0,0;-0,02;-0,02;-0,02;-0,02;-0,01;-0,01;-0,02;-0,02;-0,01;-0,01;-0,01;-0,01;-0,01;-0,01;-0,01;-0,01;0,0;0,0;-0,02;-0,02;0,0;0,0;-0,03;-0,03
13.07.2026;02:45;03:00;0,0;0,0;-0,16;-0,16;-0,02;-0,02;0,0;0,0;-0,02;-0,02;0,0;0,0;0,0;0,0;-0,02;-0,02;0,0;0,0;0,0;0,0;0,0;0,0;0,0;0,0;-0,02;-0,02;0,0;0,0;-0,02;-0,02;0,0;0,0;-0,02;-0,02;-0,02;-0,02;0,0;0,0;0,0;0,0;-0,01;-0,01;-0,02;-0,02;-0,02;-0,02;-0,02;-0,02;0,0;0,0;0,0;0,0;0,0;0,0;-0,02;-0,02
13.07.2026;03:00;03:15;0,0;0,0;-0,16;-0,16;-0,02;-0,02;0,0;0,0;0,0;0,0;0,0;0,0;-0,02;-0,02;-0,02;-0,02;0,0;0,0;0,0;0,0;0,0;0,0;0,0;0,0;-0,01;-0,01;0,0;0,0;-0,01;-0,01;0,0;0,0;-0,01;-0,01;-0,01;-0,01;0,0;0,0;-0,01;-0,01;-0,01;-0,01;-0,01;-0,01;-0,01;-0,01;-0,02;-0,02;0,0;0,0;-0,01;-0,01;-0,01;-0,01;-0,01;-0,01
13.07.2026;03:15;03:30;0,0;0,0;-0,16;-0,16;-0,02;-0,02;0,0;0,0;-0,01;-0,01;0,0;0,0;0,0;0,0;-0,02;-0,02;0,0;0,0;0,0;0,0;0,0;0,0;0,0;0,0;0,0;0,0;0,0;0,0;-0,02;-0,02;0,0;0,0;-0,01;-0,01;-0,01;-0,01;-0,01;-0,01;-0,01;-0,01;-0,01;-0,01;-0,02;-0,02;-0,01;-0,01;-0,02;-0,02;0,0;0,0;-0,01;-0,01;0,0;0,0;-0,01;-0,01
13.07.2026;03:30;03:45;0,0;0,0;-0,16;-0,16;-0,02;-0,02;0,0;0,0;-0,01;-0,01;0,0;0,0;-0,02;-0,02;0,0;0,0;0,0;0,0;0,0;0,0;0,0;0,0;0,0;0,0;0,0;0,0;0,0;0,0;-0,01;-0,01;0,0;0,0;-0,01;-0,01;-0,02;-0,02;0,0;0,0;-0,01;-0,01;0,0;0,0;-0,02;-0,02;-0,01;-0,01;-0,02;-0,02;-0,01;-0,01;-0,01;-0,01;-0,01;-0,01;-0,03;-0,03
13.07.2026;03:45;04:00;0,0;0,0;-0,16;-0,16;-0,02;-0,02;0,0;0,0;-0,02;-0,02;0,0;0,0;0,0;0,0;-0,01;-0,01;-0,01;-0,01;0,0;0,0;0,0;0,0;0,0;0,0;-0,02;-0,02;0,0;0,0;-0,01;-0,01;0,0;0,0;-0,03;-0,03;-0,01;-0,01;0,0;0,0;-0,01;-0,01;-0,01;-0,01;-0,01;-0,01;-0,01;-0,01;0,0;0,0;0,0;0,0;-0,01;-0,01;0,0;0,0;-0,02;-0,02
13.07.2026;04:00;04:15;0,0;0,0;-0,2;-0,2;-0,02;-0,02;0,0;0,0;-0,01;-0,01;0,0;0,0;-0,01;-0,01;-0,02;-0,02;0,0;0,0;0,0;0,0;-0,01;-0,01;0,0;0,0;-0,02;-0,02;0,0;0,0;-0,01;-0,01;-0,01;-0,01;-0,02;-0,02;-0,03;-0,03;0,0;0,0;-0,01;-0,01;-0,02;-0,02;-0,01;-0,01;-0,01;-0,01;-0,03;-0,03;0,0;0,0;-0,01;-0,01;-0,01;-0,01;-0,03;-0,03
13.07.2026;04:15;04:30;0,0;0,0;-0,28;-0,28;-0,02;-0,02;0,0;0,0;-0,01;-0,01;-0,01;-0,01;0,0;0,0;-0,02;-0,02;0,0;0,0;0,0;0,0;0,0;0,0;0,0;0,0;0,0;0,0;-0,01;-0,01;-0,02;-0,02;0,0;0,0;-0,02;-0,02;-0,02;-0,02;-0,01;-0,01;-0,01;-0,01;0,0;0,0;-0,02;-0,02;-0,01;-0,01;-0,01;-0,01;0,0;0,0;-0,01;-0,01;0,0;0,0;-0,02;-0,02
13.07.2026;04:30;04:45;0,0;0,0;-0,17;-0,17;-0,02;-0,02;0,0;0,0;-0,01;-0,01;0,0;0,0;-0,01;-0,01;-0,02;-0,02;0,0;0,0;0,0;0,0;0,0;0,0;0,0;0,0;-0,01;-0,01;0,0;0,0;-0,01;-0,01;0,0;0,0;-0,02;-0,02;-0,02;-0,02;0,0;0,0;-0,02;-0,02;-0,01;-0,01;-0,01;-0,01;-0,01;-0,01;-0,02;-0,02;0,0;0,0;-0,01;-0,01;0,0;0,0;-0,01;-0,01
13.07.2026;04:45;05:00;0,0;0,0;-0,16;-0,16;-0,01;-0,01;0,0;0,0;-0,01;-0,01;0,0;0,0;-0,02;-0,02;-0,02;-0,02;0,0;0,0;0,0;0,0;0,0;0,0;0,0;0,0;0,0;0,0;0,0;0,0;-0,01;-0,01;0,0;0,0;-0,01;-0,01;-0,02;-0,02;0,0;0,0;0,0;0,0;-0,01;-0,01;-0,01;-0,01;-0,01;-0,01;-0,01;-0,01;0,0;0,0;-0,01;-0,01;-0,01;-0,01;-0,02;-0,02
13.07.2026;05:00;05:15;0,0;0,0;-0,17;-0,17;-0,02;-0,02;-0,01;-0,01;-0,01;-0,01;0,0;0,0;-0,01;-0,01;-0,02;-0,02;0,0;0,0;0,0;0,0;0,0;0,0;-0,01;-0,01;-0,02;-0,02;0,0;0,0;-0,02;-0,02;0,0;0,0;-0,01;-0,01;-0,03;-0,03;-0,01;-0,01;-0,01;-0,01;0,0;0,0;-0,01;-0,01;0,0;0,0;-0,02;-0,02;0,0;0,0;-0,01;-0,01;0,0;0,0;-0,01;-0,01
13.07.2026;05:15;05:30;0,0;0,0;-0,17;-0,17;-0,02;-0,02;0,0;0,0;-0,02;-0,02;0,0;0,0;0,0;0,0;-0,02;-0,02;0,0;0,0;0,0;0,0;0,0;0,0;0,0;0,0;-0,02;-0,02;0,0;0,0;-0,01;-0,01;0,0;0,0;-0,01;-0,01;-0,1;-0,1;0,0;0,0;-0,01;-0,01;-0,02;-0,02;-0,01;-0,01;-0,01;-0,01;-0,01;-0,01;0,0;0,0;-0,01;-0,01;-0,01;-0,01;-0,03;-0,03
13.07.2026;05:30;05:45;0,03;0,03;-0,27;-0,27;-0,02;-0,02;0,0;0,0;0,0;0,0;0,0;0,0;-0,01;-0,01;-0,01;-0,01;0,0;0,0;0,0;0,0;0,0;0,0;0,0;0,0;0,0;0,0;0,0;0,0;-0,01;-0,01;0,0;0,0;-0,02;-0,02;-0,01;-0,01;0,0;0,0;-0,01;-0,01;0,0;0,0;-0,01;-0,01;-0,01;-0,01;-0,02;-0,02;-0,01;-0,01;-0,01;-0,01;0,0;0,0;-0,02;-0,02
13.07.2026;05:45;06:00;0,05;0,05;-0,18;-0,18;-0,02;-0,02;0,0;0,0;-0,01;-0,01;0,0;0,0;-0,01;-0,01;-0,02;-0,02;0,0;0,0;0,0;0,0;0,0;0,0;0,0;0,0;0,0;0,0;0,0;0,0;-0,01;-0,01;0,0;0,0;-0,02;-0,02;-0,02;-0,02;0,0;0,0;0,0;0,0;-0,01;-0,01;-0,01;-0,01;-0,01;-0,01;-0,01;-0,01;0,0;0,0;-0,01;-0,01;0,0;0,0;-0,02;-0,02
13.07.2026;06:00;06:15;0,08;0,08;-0,17;-0,17;-0,02;-0,02;0,0;0,0;-0,02;-0,02;0,0;0,0;-0,01;-0,01;-0,02;-0,02;0,0;0,0;0,0;0,0;0,0;0,0;0,0;0,0;-0,01;-0,01;0,0;0,0;-0,02;-0,02;0,0;0,0;-0,03;-0,03;-0,02;-0,02;-0,01;-0,01;-0,01;-0,01;-0,02;-0,02;-0,01;-0,01;-0,01;-0,01;-0,02;-0,02;0,0;0,0;0,0;0,0;-0,01;-0,01;-0,03;-0,03
13.07.2026;06:15;06:30;0,1;0,1;-0,24;-0,24;-0,01;-0,01;0,0;0,0;-0,01;-0,01;-0,01;-0,01;-0,01;-0,01;-0,02;-0,02;-0,01;-0,01;0,0;0,0;0,0;0,0;0,0;0,0;-0,02;-0,02;0,0;0,0;-0,01;-0,01;0,0;0,0;-0,01;-0,01;-0,02;-0,02;0,0;0,0;-0,02;-0,02;0,0;0,0;-0,01;-0,01;-0,01;-0,01;-0,01;-0,01;0,0;0,0;-0,02;-0,02;-0,01;-0,01;-0,01;-0,01
13.07.2026;06:30;06:45;0,12;0,11;-0,17;-0,16;-0,03;-0,03;0,0;0,0;-0,01;-0,01;0,0;0,0;0,0;0,0;-0,02;-0,02;0,0;0,0;0,0;0,0;-0,01;-0,01;0,0;0,0;-0,01;-0,01;0,0;0,0;-0,01;-0,01;-0,01;-0,01;-0,01;-0,01;-0,02;-0,02;0,0;0,0;-0,01;-0,01;-0,01;-0,01;-0,01;-0,01;-0,01;-0,01;-0,02;-0,02;0,0;0,0;0,0;0,0;0,0;0,0;-0,02;-0,02
13.07.2026;06:45;07:00;0,0;0,0;-0,17;-0,17;-0,02;-0,02;0,0;0,0;-0,01;-0,01;0,0;0,0;-0,01;-0,01;-0,02;-0,02;0,0;0,0;0,0;0,0;0,0;0,0;0,0;0,0;-0,01;-0,01;0,0;0,0;-0,02;-0,02;0,0;0,0;-0,01;-0,01;-0,02;-0,02;0,0;0,0;0,0;0,0;-0,01;-0,01;-0,01;-0,01;0,0;0,0;-0,01;-0,01;0,0;0,0;-0,02;-0,02;0,0;0,0;-0,04;-0,04
13.07.2026;07:00;07:15;0,0;0,0;-0,17;-0,17;-0,01;-0,01;0,0;0,0;-0,01;-0,01;0,0;0,0;-0,01;-0,01;-0,02;-0,02;0,0;0,0;0,0;0,0;0,0;0,0;0,0;0,0;0,0;0,0;0,0;0,0;-0,01;-0,01;0,0;0,0;-0,01;-0,01;-0,03;-0,03;-0,01;-0,01;-0,01;-0,01;0,0;0,0;-0,01;-0,01;-0,01;-0,01;-0,02;-0,02;0,0;0,0;0,0;0,0;-0,01;-0,01;-0,04;-0,04
13.07.2026;07:15;07:30;0,09;0,09;-0,16;-0,16;-0,02;-0,02;0,0;0,0;-0,04;-0,04;0,0;0,0;-0,01;-0,01;-0,01;-0,01;0,0;0,0;-0,01;-0,01;0,0;0,0;0,0;0,0;-0,01;-0,01;0,0;0,0;-0,01;-0,01;0,0;0,0;-0,03;-0,03;-0,02;-0,02;0,0;0,0;-0,01;-0,01;-0,02;-0,02;-0,01;-0,01;-0,01;-0,01;-0,01;-0,01;0,0;0,0;-0,02;-0,02;0,0;0,0;-0,04;-0,04
13.07.2026;07:30;07:45;0,65;0,24;-0,18;-0,04;-0,17;-0,13;0,0;0,0;-0,05;-0,01;0,0;0,0;0,0;0,0;-0,01;0,0;0,0;0,0;0,0;0,0;0,0;0,0;0,0;0,0;-0,02;0,0;0,0;0,0;-0,02;0,0;0,0;0,0;-0,02;0,0;-0,02;0,0;0,0;0,0;-0,01;0,0;0,0;0,0;-0,01;0,0;-0,01;0,0;-0,02;0,0;-0,01;0,0;0,0;0,0;0,0;0,0;-0,04;0,0
13.07.2026;07:45;08:00;0,78;0,36;-0,16;0,0;-0,03;0,0;0,0;0,0;-0,5;-0,44;0,0;0,0;-0,02;0,0;-0,02;0,0;0,0;0,0;0,0;0,0;0,0;0,0;0,0;0,0;-0,01;0,0;-0,01;0,0;0,0;0,0;0,0;0,0;-0,01;0,0;-0,01;0,0;0,0;0,0;0,0;0,0;-0,01;0,0;-0,01;0,0;0,0;0,0;-0,01;0,0;0,0;0,0;-0,02;0,0;-0,01;0,0;-0,03;0,0
13.07.2026;08:00;08:15;0,88;0,39;-0,19;0,0;-0,01;0,0;0,0;0,0;-0,15;-0,08;0,0;0,0;0,0;0,0;-0,02;0,0;0,0;0,0;0,0;0,0;0,0;0,0;0,0;0,0;0,0;0,0;0,0;0,0;-0,02;0,0;0,0;0,0;-0,02;0,0;-0,01;0,0;-0,01;0,0;-0,01;0,0;-0,02;0,0;-0,01;0,0;-0,03;0,0;-0,02;0,0;0,0;0,0;0,0;0,0;-0,01;0,0;-0,04;0,0
13.07.2026;08:15;08:30;0,97;0,37;-0,21;0,0;-0,18;-0,1;-0,01;0,0;-0,33;-0,25;-0,01;0,0;-0,01;0,0;-0,02;0,0;0,0;0,0;0,0;0,0;0,0;0,0;0,0;0,0;-0,01;0,0;0,0;0,0;-0,01;0,0;0,0;0,0;-0,01;0,0;-0,02;0,0;0,0;0,0;-0,02;0,0;0,0;0,0;-0,01;0,0;-0,02;0,0;-0,03;0,0;0,0;0,0;-0,02;0,0;0,0;0,0;-0,03;0,0
13.07.2026;08:30;08:45;1,07;0,46;-0,31;-0,02;-0,03;0,0;0,0;0,0;-0,04;0,0;0,0;0,0;-0,01;0,0;-0,02;0,0;0,0;0,0;0,0;0,0;0,0;0,0;0,0;0,0;-0,01;0,0;0,0;0,0;-0,01;0,0;0,0;0,0;-0,01;0,0;-0,01;0,0;0,0;0,0;-0,01;0,0;-0,01;0,0;-0,02;0,0;-0,01;0,0;-0,11;-0,01;0,0;0,0;0,0;0,0;0,0;0,0;-0,03;0,0
13.07.2026;08:45;09:00;1,13;0,56;-0,19;0,0;-0,03;0,0;0,0;0,0;-0,07;0,0;0,0;0,0;-0,02;0,0;-0,02;0,0;-0,01;0,0;0,0;0,0;0,0;0,0;0,0;0,0;-0,02;0,0;0,0;0,0;-0,01;0,0;0,0;0,0;0,0;0,0;-0,02;0,0;0,0;0,0;0,0;0,0;-0,01;0,0;-0,02;0,0;-0,01;0,0;-0,16;-0,05;0,0;0,0;-0,01;0,0;0,0;0,0;-0,02;0,0
13.07.2026;09:00;09:15;1,25;0,6;-0,19;0,0;-0,01;0,0;0,0;0,0;-0,21;-0,09;0,0;0,0;-0,02;0,0;-0,02;0,0;0,0;0,0;0,0;0,0;-0,01;0,0;0,0;0,0;-0,01;0,0;0,0;0,0;-0,01;0,0;-0,01;0,0;-0,01;0,0;-0,02;0,0;-0,01;0,0;-0,01;0,0;0,0;0,0;-0,02;0,0;-0,02;0,0;-0,15;-0,03;0,0;0,0;-0,01;0,0;-0,01;0,0;-0,02;0,0
13.07.2026;09:15;09:30;1,35;0,66;-0,19;0,0;-0,02;0,0;0,0;0,0;-0,11;0,0;0,0;0,0;-0,07;0,0;-0,02;0,0;0,0;0,0;0,0;0,0;0,0;0,0;0,0;0,0;0,0;0,0;0,0;0,0;-0,02;0,0;0,0;0,0;-0,01;0,0;-0,03;0,0;0,0;0,0;-0,01;0,0;-0,02;0,0;-0,02;0,0;0,0;0,0;-0,4;-0,27;0,0;0,0;-0,01;0,0;-0,01;0,0;-0,02;0,0
13.07.2026;09:30;09:45;1,43;0,8;-0,22;0,0;-0,05;0,0;0,0;0,0;-0,08;0,0;0,0;0,0;-0,04;0,0;-0,02;0,0;0,0;0,0;0,0;0,0;0,0;0,0;0,0;0,0;0,0;0,0;0,0;0,0;-0,01;0,0;0,0;0,0;-0,02;0,0;-0,02;0,0;0,0;0,0;0,0;0,0;-0,01;0,0;-0,01;0,0;-0,01;0,0;-0,1;0,0;-0,01;0,0;-0,01;0,0;0,0;0,0;-0,02;0,0
13.07.2026;09:45;10:00;1,5;0,76;-0,26;0,0;-0,34;-0,19;0,0;0,0;-0,07;0,0;0,0;0,0;-0,07;0,0;-0,01;0,0;0,0;0,0;0,0;0,0;0,0;0,0;0,0;0,0;-0,02;0,0;0,0;0,0;-0,01;0,0;0,0;0,0;-0,01;0,0;-0,02;0,0;0,0;0,0;-0,01;0,0;0,0;0,0;-0,01;0,0;-0,01;0,0;-0,06;0,0;0,0;0,0;-0,01;0,0;0,0;0,0;-0,02;0,0
13.07.2026;10:00;10:15;1,69;1,06;-0,17;0,0;-0,07;0,0;0,0;0,0;-0,13;0,0;0,0;0,0;-0,01;0,0;-0,02;0,0;0,0;0,0;0,0;0,0;0,0;0,0;-0,01;0,0;-0,02;0,0;0,0;0,0;-0,01;0,0;0,0;0,0;-0,01;0,0;-0,03;0,0;-0,01;0,0;0,0;0,0;-0,02;0,0;-0,01;0,0;-0,01;0,0;-0,07;0,0;0,0;0,0;-0,01;0,0;-0,01;0,0;-0,01;0,0
13.07.2026;10:15;10:30;1,85;1,18;-0,28;0,0;-0,05;0,0;0,0;0,0;-0,06;0,0;-0,01;0,0;-0,01;0,0;-0,02;0,0;0,0;0,0;0,0;0,0;0,0;0,0;0,0;0,0;0,0;0,0;0,0;0,0;-0,01;0,0;0,0;0,0;-0,01;0,0;-0,03;0,0;0,0;0,0;-0,02;0,0;0,0;0,0;-0,01;0,0;0,0;0,0;-0,13;0,0;0,0;0,0;-0,01;0,0;0,0;0,0;-0,02;0,0
13.07.2026;10:30;10:45;1,04;0,48;-0,18;0,0;-0,26;-0,17;0,0;0,0;-0,02;0,0;0,0;0,0;-0,01;0,0;-0,02;0,0;0,0;0,0;0,0;0,0;0,0;0,0;0,0;0,0;-0,01;0,0;0,0;0,0;-0,02;0,0;0,0;0,0;-0,01;0,0;-0,02;0,0;0,0;0,0;-0,01;0,0;-0,02;0,0;-0,01;0,0;-0,02;0,0;-0,16;-0,07;0,0;0,0;-0,01;0,0;0,0;0,0;-0,02;0,0
13.07.2026;10:45;11:00;1,13;0,57;-0,17;0,0;-0,19;-0,08;0,0;0,0;-0,02;0,0;0,0;0,0;0,0;0,0;-0,02;0,0;0,0;0,0;0,0;0,0;0,0;0,0;0,0;0,0;0,0;0,0;0,0;0,0;-0,03;0,0;0,0;0,0;0,0;0,0;-0,02;0,0;0,0;0,0;-0,01;0,0;-0,01;0,0;-0,01;0,0;-0,01;0,0;-0,15;-0,04;0,0;0,0;-0,01;0,0;-0,01;0,0;-0,02;0,0
13.07.2026;11:00;11:15;0,63;0,24;-0,16;-0,02;-0,16;-0,12;0,0;0,0;-0,01;0,0;0,0;0,0;0,0;0,0;0,0;0,0;0,0;0,0;0,0;0,0;0,0;0,0;0,0;0,0;-0,02;0,0;-0,01;0,0;-0,11;-0,07;0,0;0,0;0,0;0,0;-0,03;0,0;-0,01;0,0;0,0;0,0;0,0;0,0;-0,01;0,0;0,0;0,0;-0,14;-0,1;0,0;0,0;-0,01;0,0;-0,01;0,0;-0,02;0,0
13.07.2026;11:15;11:30;1,26;0,63;-0,15;0,0;-0,12;0,0;0,0;0,0;-0,01;0,0;0,0;0,0;-0,01;0,0;-0,01;0,0;-0,01;0,0;0,0;0,0;0,0;0,0;0,0;0,0;-0,02;0,0;0,0;0,0;-0,12;0,0;0,0;0,0;-0,02;0,0;-0,03;0,0;0,0;0,0;-0,01;0,0;-0,02;0,0;-0,01;0,0;-0,01;0,0;-0,05;0,0;0,0;0,0;-0,01;0,0;0,0;0,0;-0,02;0,0
13.07.2026;11:30;11:45;0,17;0,12;-0,17;-0,12;-0,05;-0,05;-0,01;-0,01;-0,01;-0,01;0,0;0,0;0,0;0,0;-0,02;-0,02;0,0;0,0;0,0;0,0;-0,01;-0,01;0,0;0,0;0,0;0,0;0,0;0,0;-0,15;-0,15;-0,01;-0,01;-0,01;-0,01;-0,03;-0,03;0,0;0,0;-0,01;-0,01;0,0;0,0;-0,01;-0,01;-0,01;-0,01;-0,03;-0,03;-0,01;-0,01;-0,01;-0,01;0,0;0,0;-0,02;-0,02
13.07.2026;11:45;12:00;0,0;0,0;-0,17;-0,17;-0,05;-0,05;0,0;0,0;-0,01;-0,01;0,0;0,0;-0,01;-0,01;-0,02;-0,02;0,0;0,0;0,0;0,0;0,0;0,0;0,0;0,0;0,0;0,0;0,0;0,0;-0,26;-0,26;0,0;0,0;-0,02;-0,02;-0,04;-0,04;0,0;0,0;-0,01;-0,01;-0,01;-0,01;-0,01;-0,01;-0,01;-0,01;-0,13;-0,13;0,0;0,0;0,0;0,0;-0,01;-0,01;-0,01;-0,01
13.07.2026;12:00;12:15;1,53;0,97;-0,16;0,0;-0,06;0,0;0,0;0,0;-0,01;0,0;0,0;0,0;-0,01;0,0;-0,02;0,0;0,0;0,0;0,0;0,0;0,0;0,0;0,0;0,0;-0,01;0,0;0,0;0,0;-0,14;0,0;0,0;0,0;-0,01;0,0;-0,04;0,0;-0,01;0,0;0,0;0,0;-0,01;0,0;-0,01;0,0;0,0;0,0;-0,03;0,0;0,0;0,0;-0,02;0,0;0,0;0,0;-0,02;0,0
13.07.2026;12:15;12:30;1,84;1,24;-0,17;0,0;-0,05;0,0;0,0;0,0;-0,02;0,0;-0,01;0,0;0,0;0,0;-0,02;0,0;0,0;0,0;-0,01;0,0;0,0;0,0;0,0;0,0;-0,02;0,0;0,0;0,0;-0,14;0,0;0,0;0,0;-0,01;0,0;-0,03;0,0;0,0;0,0;0,0;0,0;-0,01;0,0;-0,02;0,0;-0,02;0,0;-0,04;0,0;0,0;0,0;0,0;0,0;-0,01;0,0;-0,02;0,0
13.07.2026;12:30;12:45;2,06;1,63;-0,17;0,0;-0,03;0,0;0,0;0,0;-0,01;0,0;0,0;0,0;0,0;0,0;-0,02;0,0;0,0;0,0;0,0;0,0;0,0;0,0;0,0;0,0;-0,01;0,0;0,0;0,0;-0,02;0,0;0,0;0,0;0,0;0,0;-0,04;0,0;0,0;0,0;-0,02;0,0;-0,01;0,0;-0,01;0,0;0,0;0,0;-0,05;0,0;0,0;0,0;-0,02;0,0;0,0;0,0;-0,02;0,0
13.07.2026;12:45;13:00;2,01;1,54;-0,16;0,0;-0,06;0,0;0,0;0,0;-0,02;0,0;0,0;0,0;-0,01;0,0;-0,01;0,0;0,0;0,0;0,0;0,0;0,0;0,0;0,0;0,0;-0,01;0,0;0,0;0,0;-0,02;0,0;0,0;0,0;-0,01;0,0;-0,04;0,0;0,0;0,0;-0,01;0,0;-0,01;0,0;-0,05;0,0;-0,01;0,0;-0,03;0,0;0,0;0,0;0,0;0,0;0,0;0,0;-0,02;0,0
13.07.2026;13:00;13:15;1,97;1,29;-0,23;0,0;-0,08;0,0;0,0;0,0;-0,01;0,0;0,0;0,0;-0,01;0,0;-0,08;0,0;0,0;0,0;0,0;0,0;0,0;0,0;0,0;0,0;0,0;0,0;0,0;0,0;-0,09;0,0;0,0;0,0;0,0;0,0;-0,04;0,0;-0,01;0,0;-0,01;0,0;0,0;0,0;-0,03;0,0;-0,01;0,0;-0,03;0,0;0,0;0,0;-0,01;0,0;-0,01;0,0;-0,03;0,0
13.07.2026;13:15;13:30;2,03;1,23;-0,19;0,0;-0,07;0,0;0,0;0,0;-0,01;0,0;0,0;0,0;0,0;0,0;-0,25;-0,01;0,0;0,0;0,0;0,0;0,0;0,0;0,0;0,0;-0,02;0,0;0,0;0,0;-0,11;0,0;0,0;0,0;-0,02;0,0;-0,04;0,0;0,0;0,0;0,0;0,0;-0,02;0,0;-0,01;0,0;-0,01;0,0;-0,03;0,0;0,0;0,0;-0,01;0,0;-0,01;0,0;-0,01;0,0
13.07.2026;13:30;13:45;1,98;1,22;-0,16;0,0;-0,07;0,0;0,0;0,0;-0,01;0,0;0,0;0,0;-0,01;0,0;-0,29;-0,06;0,0;0,0;0,0;0,0;0,0;0,0;0,0;0,0;-0,01;0,0;0,0;0,0;-0,12;0,0;0,0;0,0;-0,01;0,0;-0,04;0,0;0,0;0,0;-0,01;0,0;-0,01;0,0;-0,02;0,0;0,0;0,0;-0,02;0,0;-0,01;0,0;-0,01;0,0;0,0;0,0;-0,02;0,0
13.07.2026;13:45;14:00;1,95;1,39;-0,17;0,0;-0,07;0,0;0,0;0,0;-0,02;0,0;0,0;0,0;0,0;0,0;-0,11;0,0;-0,01;0,0;0,0;0,0;0,0;0,0;0,0;0,0;-0,01;0,0;0,0;0,0;-0,03;0,0;0,0;0,0;-0,02;0,0;-0,03;0,0;0,0;0,0;-0,01;0,0;0,0;0,0;-0,01;0,0;-0,02;0,0;-0,03;0,0;0,0;0,0;-0,01;0,0;0,0;0,0;-0,01;0,0
13.07.2026;14:00;14:15;1,91;1,19;-0,19;0,0;-0,06;0,0;0,0;0,0;-0,04;0,0;0,0;0,0;0,0;0,0;-0,08;0,0;0,0;0,0;0,0;0,0;-0,01;0,0;0,0;0,0;0,0;0,0;0,0;0,0;-0,02;0,0;-0,01;0,0;-0,01;0,0;-0,03;0,0;-0,01;0,0;-0,01;0,0;-0,02;0,0;-0,02;0,0;-0,01;0,0;-0,04;0,0;0,0;0,0;-0,13;0,0;-0,01;0,0;-0,02;0,0
13.07.2026;14:15;14:30;1,87;1,31;-0,18;0,0;-0,07;0,0;0,0;0,0;-0,02;0,0;-0,01;0,0;-0,01;0,0;-0,07;0,0;0,0;0,0;0,0;0,0;0,0;0,0;0,0;0,0;-0,01;0,0;-0,01;0,0;-0,02;0,0;0,0;0,0;-0,01;0,0;-0,02;0,0;0,0;0,0;0,0;0,0;0,0;0,0;-0,01;0,0;0,0;0,0;-0,04;0,0;0,0;0,0;-0,06;0,0;0,0;0,0;-0,02;0,0
13.07.2026;14:30;14:45;1,84;1,29;-0,19;0,0;-0,05;0,0;0,0;0,0;-0,02;0,0;0,0;0,0;-0,01;0,0;-0,06;0,0;0,0;0,0;0,0;0,0;0,0;0,0;0,0;0,0;-0,02;0,0;0,0;0,0;-0,01;0,0;0,0;0,0;0,0;0,0;-0,03;0,0;0,0;0,0;0,0;0,0;-0,01;0,0;-0,02;0,0;-0,01;0,0;-0,03;0,0;0,0;0,0;-0,06;0,0;0,0;0,0;-0,03;0,0
13.07.2026;14:45;15:00;1,8;0,91;-0,25;0,0;-0,4;-0,21;0,0;0,0;-0,05;0,0;0,0;0,0;0,0;0,0;-0,24;-0,05;0,0;0,0;0,0;0,0;0,0;0,0;0,0;0,0;-0,01;0,0;0,0;0,0;-0,02;0,0;0,0;0,0;0,0;0,0;-0,03;0,0;-0,01;0,0;-0,02;0,0;-0,01;0,0;-0,01;0,0;-0,01;0,0;-0,02;0,0;0,0;0,0;-0,04;0,0;-0,01;0,0;-0,02;0,0
13.07.2026;15:00;15:15;1,72;0,9;-0,18;0,0;-0,5;-0,32;-0,01;0,0;-0,04;0,0;0,0;0,0;-0,01;0,0;-0,14;0,0;0,0;0,0;0,0;0,0;0,0;0,0;-0,01;0,0;-0,01;0,0;0,0;0,0;-0,01;0,0;0,0;0,0;-0,01;0,0;-0,04;0,0;0,0;0,0;-0,02;0,0;-0,01;0,0;-0,02;0,0;-0,01;0,0;-0,04;0,0;0,0;0,0;-0,05;0,0;-0,01;0,0;-0,02;0,0
13.07.2026;15:15;15:30;0,96;0,37;-0,19;0,0;-0,37;-0,29;0,0;0,0;-0,04;0,0;0,0;0,0;0,0;0,0;-0,04;0,0;0,0;0,0;0,0;0,0;0,0;0,0;0,0;0,0;0,0;0,0;0,0;0,0;-0,01;0,0;0,0;0,0;-0,01;0,0;-0,03;0,0;0,0;0,0;-0,03;0,0;-0,01;0,0;-0,02;0,0;0,0;0,0;-0,04;0,0;0,0;0,0;-0,19;-0,11;0,0;0,0;-0,01;0,0
13.07.2026;15:30;15:45;0,25;0,18;-0,2;-0,13;-0,18;-0,18;0,0;0,0;-0,08;-0,08;0,0;0,0;-0,01;-0,01;-0,04;-0,04;0,0;0,0;0,0;0,0;0,0;0,0;0,0;0,0;-0,01;-0,01;0,0;0,0;-0,02;-0,02;0,0;0,0;-0,02;-0,02;-0,02;-0,02;0,0;0,0;-0,03;-0,03;-0,01;-0,01;-0,02;-0,02;-0,02;-0,02;-0,05;-0,05;-0,01;-0,01;-0,05;-0,05;0,0;0,0;-0,01;-0,01
13.07.2026;15:45;16:00;0,0;0,0;-0,24;-0,24;-0,06;-0,06;0,0;0,0;-0,06;-0,06;0,0;0,0;0,0;0,0;-0,07;-0,07;0,0;0,0;0,0;0,0;0,0;0,0;0,0;0,0;-0,02;-0,02;0,0;0,0;-0,05;-0,05;0,0;0,0;-0,01;-0,01;-0,02;-0,02;-0,01;-0,01;-0,02;-0,02;-0,01;-0,01;-0,02;-0,02;0,0;0,0;-0,04;-0,04;0,0;0,0;-0,05;-0,05;-0,01;-0,01;-0,02;-0,02
13.07.2026;16:00;16:15;1,07;0,39;-0,19;0,0;-0,04;0,0;0,0;0,0;-0,12;-0,04;0,0;0,0;-0,01;0,0;-0,06;0,0;0,0;0,0;0,0;0,0;0,0;0,0;0,0;0,0;-0,01;0,0;0,0;0,0;-0,06;0,0;0,0;0,0;-0,01;0,0;-0,03;0,0;0,0;0,0;-0,03;0,0;-0,01;0,0;-0,02;0,0;-0,01;0,0;-0,03;0,0;0,0;0,0;-0,06;0,0;0,0;0,0;-0,03;0,0
13.07.2026;16:15;16:30;1,33;0,53;-0,16;0,0;-0,05;0,0;0,0;0,0;-0,17;-0,07;-0,01;0,0;0,0;0,0;-0,06;0,0;-0,01;0,0;0,0;0,0;0,0;0,0;0,0;0,0;0,0;0,0;-0,08;0,0;-0,07;0,0;0,0;0,0;-0,01;0,0;-0,02;0,0;0,0;0,0;-0,03;0,0;-0,01;0,0;-0,03;0,0;-0,01;0,0;-0,02;0,0;0,0;0,0;-0,28;-0,18;-0,01;0,0;-0,02;0,0
13.07.2026;16:30;16:45;1,26;0,45;-0,24;0,0;-0,04;0,0;0,0;0,0;-0,05;0,0;0,0;0,0;-0,01;0,0;-0,06;0,0;0,0;0,0;0,0;0,0;-0,01;0,0;0,0;0,0;-0,01;0,0;-0,1;0,0;-0,17;-0,07;-0,01;0,0;-0,01;0,0;-0,02;0,0;0,0;0,0;-0,03;0,0;-0,01;0,0;-0,02;0,0;-0,01;0,0;-0,02;0,0;0,0;0,0;-0,04;0,0;0,0;0,0;-0,02;0,0
13.07.2026;16:45;17:00;1,17;0,46;-0,17;0,0;-0,05;0,0;0,0;0,0;-0,05;0,0;0,0;0,0;0,0;0,0;-0,06;0,0;0,0;0,0;0,0;0,0;0,0;0,0;0,0;0,0;-0,01;0,0;-0,07;0,0;-0,16;-0,07;0,0;0,0;0,0;0,0;-0,02;0,0;-0,01;0,0;-0,06;0,0;-0,01;0,0;-0,02;0,0;0,0;0,0;-0,02;0,0;0,0;0,0;-0,05;0,0;0,0;0,0;-0,02;0,0
13.07.2026;17:00;17:15;1,05;0,28;-0,17;0,0;-0,05;0,0;0,0;0,0;-0,05;0,0;0,0;0,0;-0,01;0,0;-0,06;0,0;0,0;0,0;0,0;0,0;0,0;0,0;0,0;0,0;-0,02;0,0;-0,1;-0,02;-0,06;0,0;0,0;0,0;0,0;0,0;-0,03;0,0;-0,01;0,0;-0,05;0,0;0,0;0,0;-0,04;0,0;-0,02;0,0;-0,01;0,0;0,0;0,0;-0,15;-0,07;-0,01;0,0;-0,02;0,0
13.07.2026;17:15;17:30;0,96;0,26;-0,17;0,0;-0,04;0,0;0,0;0,0;-0,04;0,0;0,0;0,0;-0,01;0,0;-0,07;-0,02;0,0;0,0;-0,01;0,0;0,0;0,0;0,0;0,0;-0,01;0,0;-0,1;-0,05;-0,05;0,0;0,0;0,0;-0,02;0,0;-0,02;0,0;-0,01;0,0;-0,06;-0,01;-0,02;0,0;-0,08;-0,03;-0,01;0,0;-0,02;0,0;0,0;0,0;-0,11;-0,06;-0,01;0,0;-0,01;0,0
13.07.2026;17:30;17:45;0,82;0,21;-0,19;-0,02;-0,06;-0,01;0,0;0,0;-0,03;0,0;0,0;0,0;0,0;0,0;-0,06;-0,01;0,0;0,0;0,0;0,0;0,0;0,0;0,0;0,0;0,0;0,0;-0,08;-0,03;-0,06;-0,01;0,0;0,0;-0,01;0,0;-0,06;-0,01;0,0;0,0;-0,05;0,0;-0,01;0,0;-0,08;-0,03;0,0;0,0;-0,01;0,0;-0,01;0,0;0,0;0,0;0,0;0,0;-0,02;0,0
13.07.2026;17:45;18:00;0,74;0,21;-0,23;-0,08;-0,09;-0,06;0,0;0,0;-0,03;0,0;0,0;0,0;0,0;0,0;-0,07;-0,04;0,0;0,0;0,0;0,0;0,0;0,0;0,0;0,0;0,0;0,0;-0,05;-0,02;-0,05;-0,02;0,0;0,0;-0,02;0,0;-0,06;-0,03;-0,1;-0,07;-0,05;-0,02;0,0;0,0;-0,09;-0,06;-0,01;0,0;-0,03;0,0;0,0;0,0;-0,04;-0,01;0,0;0,0;-0,02;0,0
13.07.2026;18:00;18:15;0,65;0,18;-0,23;-0,13;-0,04;-0,01;0,0;0,0;-0,04;-0,01;0,0;0,0;-0,01;0,0;-0,06;-0,03;0,0;0,0;0,0;0,0;0,0;0,0;0,0;0,0;-0,02;0,0;0,0;0,0;-0,03;0,0;0,0;0,0;-0,01;0,0;-0,06;-0,03;-0,02;0,0;-0,04;-0,01;-0,02;0,0;-0,09;-0,06;-0,01;0,0;-0,15;-0,12;0,0;0,0;-0,01;0,0;-0,01;0,0;-0,02;0,0
13.07.2026;18:15;18:30;0,55;0,18;-0,18;-0,08;-0,06;-0,04;-0,01;0,0;-0,02;0,0;-0,01;0,0;0,0;0,0;-0,06;-0,04;0,0;0,0;0,0;0,0;0,0;0,0;0,0;0,0;-0,02;0,0;0,0;0,0;-0,03;-0,01;0,0;0,0;-0,02;0,0;-0,06;-0,04;0,0;0,0;-0,03;-0,01;0,0;0,0;-0,09;-0,07;-0,01;0,0;-0,11;-0,09;0,0;0,0;-0,02;0,0;0,0;0,0;-0,02;0,0
13.07.2026;18:30;18:45;0,46;0,2;-0,18;-0,07;-0,04;-0,03;0,0;0,0;-0,02;-0,01;0,0;0,0;-0,01;0,0;-0,07;-0,06;0,0;0,0;0,0;0,0;0,0;0,0;0,0;0,0;0,0;0,0;0,0;0,0;-0,03;-0,02;0,0;0,0;-0,03;-0,02;-0,07;-0,06;0,0;0,0;-0,01;0,0;-0,01;0,0;-0,09;-0,08;-0,01;0,0;-0,1;-0,09;0,0;0,0;-0,01;0,0;-0,01;0,0;-0,03;-0,02
13.07.2026;18:45;19:00;0,39;0,17;-0,17;-0,1;-0,05;-0,04;0,0;0,0;-0,01;0,0;0,0;0,0;-0,01;0,0;-0,25;-0,24;-0,01;0,0;0,0;0,0;0,0;0,0;0,0;0,0;-0,01;0,0;0,0;0,0;-0,03;-0,02;0,0;0,0;-0,3;-0,29;-0,07;-0,06;0,0;0,0;0,0;0,0;-0,01;0,0;-0,1;-0,09;-0,01;0,0;-0,15;-0,14;0,0;0,0;-0,02;-0,01;0,0;0,0;-0,01;0,0
13.07.2026;19:00;19:15;0,23;0,17;-0,17;-0,11;-0,06;-0,06;0,0;0,0;-0,02;-0,02;0,0;0,0;0,0;0,0;-0,25;-0,25;0,0;0,0;0,0;0,0;-0,01;-0,01;0,0;0,0;0,0;0,0;0,0;0,0;-0,07;-0,07;-0,01;-0,01;-0,34;-0,34;-0,07;-0,07;-0,01;-0,01;-0,02;-0,02;-0,01;-0,01;-0,1;-0,1;0,0;0,0;-0,18;-0,18;0,0;0,0;-0,02;-0,02;-0,01;-0,01;-0,02;-0,02
13.07.2026;19:15;19:30;0,0;0,0;-0,22;-0,22;-0,04;-0,04;0,0;0,0;-0,01;-0,01;0,0;0,0;-0,01;-0,01;-0,11;-0,11;0,0;0,0;0,0;0,0;0,0;0,0;0,0;0,0;-0,02;-0,02;0,0;0,0;-0,06;-0,06;0,0;0,0;-0,05;-0,05;-0,07;-0,07;0,0;0,0;-0,01;-0,01;-0,01;-0,01;-0,09;-0,09;-0,01;-0,01;-0,28;-0,28;0,0;0,0;-0,03;-0,03;0,0;0,0;-0,01;-0,01
13.07.2026;19:30;19:45;0,0;0,0;-0,33;-0,33;-0,05;-0,05;0,0;0,0;-0,01;-0,01;0,0;0,0;0,0;0,0;-0,08;-0,08;0,0;0,0;0,0;0,0;0,0;0,0;0,0;0,0;-0,02;-0,02;0,0;0,0;-0,08;-0,08;0,0;0,0;-0,05;-0,05;-0,08;-0,08;0,0;0,0;-0,01;-0,01;-0,01;-0,01;-0,09;-0,09;-0,01;-0,01;-0,33;-0,33;-0,01;-0,01;-0,02;-0,02;0,0;0,0;-0,02;-0,02
13.07.2026;19:45;20:00;0,0;0,0;-0,23;-0,23;-0,08;-0,08;0,0;0,0;-0,01;-0,01;0,0;0,0;0,0;0,0;-0,08;-0,08;0,0;0,0;0,0;0,0;0,0;0,0;0,0;0,0;0,0;0,0;0,0;0,0;-0,06;-0,06;0,0;0,0;-0,03;-0,03;-0,07;-0,07;0,0;0,0;-0,02;-0,02;-0,01;-0,01;-0,09;-0,09;-0,01;-0,01;-0,32;-0,32;0,0;0,0;-0,03;-0,03;-0,01;-0,01;-0,02;-0,02
13.07.2026;20:00;20:15;0,03;0,03;-0,25;-0,25;-0,08;-0,08;0,0;0,0;-0,01;-0,01;0,0;0,0;-0,01;-0,01;-0,14;-0,14;0,0;0,0;0,0;0,0;0,0;0,0;-0,01;-0,01;0,0;0,0;0,0;0,0;-0,07;-0,07;0,0;0,0;-0,04;-0,04;-0,07;-0,07;-0,01;-0,01;-0,01;-0,01;-0,01;-0,01;-0,08;-0,08;0,0;0,0;-0,37;-0,37;0,0;0,0;-0,02;-0,02;0,0;0,0;-0,03;-0,03
13.07.2026;20:15;20:30;0,02;0,02;-0,17;-0,17;-0,06;-0,06;0,0;0,0;-0,02;-0,02;-0,01;-0,01;-0,01;-0,01;-0,09;-0,09;0,0;0,0;0,0;0,0;0,0;0,0;0,0;0,0;-0,01;-0,01;0,0;0,0;-0,09;-0,09;0,0;0,0;-0,02;-0,02;-0,05;-0,05;0,0;0,0;-0,01;-0,01;0,0;0,0;-0,08;-0,08;-0,02;-0,02;-0,39;-0,39;0,0;0,0;-0,03;-0,03;-0,01;-0,01;-0,02;-0,02
13.07.2026;20:30;20:45;0,02;0,02;-0,18;-0,18;-0,07;-0,07;0,0;0,0;-0,02;-0,02;0,0;0,0;0,0;0,0;-0,09;-0,09;0,0;0,0;0,0;0,0;0,0;0,0;0,0;0,0;-0,02;-0,02;-0,01;-0,01;-0,09;-0,09;0,0;0,0;-0,03;-0,03;-0,05;-0,05;0,0;0,0;-0,23;-0,23;-0,02;-0,02;-0,08;-0,08;-0,01;-0,01;-0,33;-0,33;0,0;0,0;-0,04;-0,04;0,0;0,0;-0,02;-0,02
13.07.2026;20:45;21:00;0,0;0,0;-0,22;-0,22;-0,05;-0,05;0,0;0,0;-0,23;-0,23;0,0;0,0;-0,01;-0,01;-0,13;-0,13;0,0;0,0;0,0;0,0;0,0;0,0;0,0;0,0;-0,01;-0,01;0,0;0,0;-0,08;-0,08;0,0;0,0;-0,02;-0,02;-0,05;-0,05;0,0;0,0;-0,08;-0,08;-0,01;-0,01;-0,18;-0,18;0,0;0,0;-0,23;-0,23;0,0;0,0;-0,01;-0,01;0,0;0,0;-0,01;-0,01
13.07.2026;21:00;21:15;0,01;0,01;-0,21;-0,21;-0,05;-0,05;0,0;0,0;-0,25;-0,25;0,0;0,0;0,0;0,0;-0,17;-0,17;0,0;0,0;0,0;0,0;0,0;0,0;0,0;0,0;-0,01;-0,01;0,0;0,0;-0,1;-0,1;0,0;0,0;-0,02;-0,02;-0,04;-0,04;-0,01;-0,01;-0,04;-0,04;0,0;0,0;-0,18;-0,18;-0,01;-0,01;-0,14;-0,14;0,0;0,0;-0,04;-0,04;-0,01;-0,01;-0,02;-0,02
13.07.2026;21:15;21:30;0,0;0,0;-0,29;-0,29;-0,05;-0,05;0,0;0,0;-0,03;-0,03;0,0;0,0;-0,01;-0,01;-0,16;-0,16;-0,01;-0,01;0,0;0,0;0,0;0,0;0,0;0,0;0,0;0,0;0,0;0,0;-0,09;-0,09;0,0;0,0;-0,03;-0,03;-0,05;-0,05;0,0;0,0;-0,05;-0,05;-0,02;-0,02;-0,1;-0,1;-0,01;-0,01;-0,12;-0,12;0,0;0,0;-0,03;-0,03;-0,01;-0,01;-0,01;-0,01
13.07.2026;21:30;21:45;0,0;0,0;-0,18;-0,18;-0,05;-0,05;-0,01;-0,01;-0,11;-0,11;0,0;0,0;0,0;0,0;-0,14;-0,14;0,0;0,0;0,0;0,0;-0,01;-0,01;0,0;0,0;-0,01;-0,01;0,0;0,0;-0,07;-0,07;-0,01;-0,01;-0,03;-0,03;-0,05;-0,05;0,0;0,0;-0,03;-0,03;0,0;0,0;-0,07;-0,07;-0,01;-0,01;-0,13;-0,13;-0,01;-0,01;-0,06;-0,06;0,0;0,0;-0,03;-0,03
13.07.2026;21:45;22:00;0,0;0,0;-0,19;-0,19;-0,05;-0,05;0,0;0,0;-0,08;-0,08;0,0;0,0;-0,01;-0,01;-0,14;-0,14;0,0;0,0;0,0;0,0;0,0;0,0;0,0;0,0;-0,02;-0,02;0,0;0,0;-0,04;-0,04;0,0;0,0;-0,03;-0,03;-0,04;-0,04;0,0;0,0;-0,05;-0,05;-0,01;-0,01;-0,03;-0,03;-0,01;-0,01;-0,12;-0,12;0,0;0,0;-0,03;-0,03;0,0;0,0;-0,02;-0,02
13.07.2026;22:00;22:15;0,0;0,0;-0,28;-0,28;-0,06;-0,06;0,0;0,0;-0,05;-0,05;0,0;0,0;0,0;0,0;-0,14;-0,14;0,0;0,0;0,0;0,0;0,0;0,0;0,0;0,0;-0,01;-0,01;0,0;0,0;-0,04;-0,04;0,0;0,0;-0,02;-0,02;-0,04;-0,04;-0,01;-0,01;-0,08;-0,08;-0,01;-0,01;-0,1;-0,1;-0,01;-0,01;-0,12;-0,12;0,0;0,0;-0,04;-0,04;-0,01;-0,01;-0,02;-0,02
13.07.2026;22:15;22:30;0,0;0,0;-0,33;-0,33;-0,04;-0,04;0,0;0,0;-0,05;-0,05;-0,01;-0,01;-0,01;-0,01;-0,13;-0,13;0,0;0,0;-0,01;-0,01;0,0;0,0;0,0;0,0;0,0;0,0;0,0;0,0;-0,03;-0,03;0,0;0,0;-0,01;-0,01;-0,06;-0,06;0,0;0,0;-0,07;-0,07;-0,01;-0,01;-0,1;-0,1;-0,02;-0,02;-0,13;-0,13;0,0;0,0;-0,03;-0,03;-0,01;-0,01;-0,02;-0,02
13.07.2026;22:30;22:45;0,0;0,0;-0,19;-0,19;-0,05;-0,05;0,0;0,0;-0,02;-0,02;0,0;0,0;0,0;0,0;-0,16;-0,16;0,0;0,0;0,0;0,0;0,0;0,0;0,0;0,0;-0,01;-0,01;0,0;0,0;-0,04;-0,04;0,0;0,0;-0,01;-0,01;-0,04;-0,04;0,0;0,0;-0,07;-0,07;-0,01;-0,01;-0,1;-0,1;-0,19;-0,19;-0,13;-0,13;0,0;0,0;-0,02;-0,02;0,0;0,0;-0,02;-0,02
13.07.2026;22:45;23:00;0,0;0,0;-0,19;-0,19;-0,05;-0,05;0,0;0,0;0,0;0,0;0,0;0,0;-0,01;-0,01;-0,1;-0,1;0,0;0,0;0,0;0,0;0,0;0,0;0,0;0,0;-0,01;-0,01;0,0;0,0;-0,07;-0,07;0,0;0,0;-0,01;-0,01;-0,05;-0,05;0,0;0,0;-0,04;-0,04;-0,01;-0,01;-0,08;-0,08;-0,06;-0,06;-0,07;-0,07;0,0;0,0;-0,04;-0,04;0,0;0,0;-0,01;-0,01
13.07.2026;23:00;23:15;0,0;0,0;-0,28;-0,28;-0,06;-0,06;0,0;0,0;-0,02;-0,02;0,0;0,0;-0,01;-0,01;-0,04;-0,04;0,0;0,0;0,0;0,0;0,0;0,0;0,0;0,0;-0,01;-0,01;0,0;0,0;-0,09;-0,09;0,0;0,0;-0,02;-0,02;-0,03;-0,03;-0,01;-0,01;-0,03;-0,03;0,0;0,0;-0,1;-0,1;0,0;0,0;-0,02;-0,02;0,0;0,0;-0,02;-0,02;-0,01;-0,01;-0,05;-0,05
13.07.2026;23:15;23:30;0,0;0,0;-0,2;-0,2;-0,04;-0,04;0,0;0,0;-0,02;-0,02;0,0;0,0;0,0;0,0;-0,03;-0,03;0,0;0,0;0,0;0,0;0,0;0,0;0,0;0,0;-0,01;-0,01;0,0;0,0;-0,06;-0,06;0,0;0,0;-0,02;-0,02;-0,03;-0,03;0,0;0,0;-0,03;-0,03;-0,02;-0,02;-0,1;-0,1;-0,02;-0,02;-0,01;-0,01;0,0;0,0;-0,02;-0,02;0,0;0,0;-0,04;-0,04
13.07.2026;23:30;23:45;0,0;0,0;-0,17;-0,17;-0,04;-0,04;0,0;0,0;-0,02;-0,02;0,0;0,0;0,0;0,0;-0,02;-0,02;0,0;0,0;0,0;0,0;0,0;0,0;0,0;0,0;-0,02;-0,02;0,0;0,0;-0,04;-0,04;0,0;0,0;-0,03;-0,03;-0,02;-0,02;0,0;0,0;-0,02;-0,02;0,0;0,0;-0,08;-0,08;-0,01;-0,01;-0,02;-0,02;-0,01;-0,01;-0,03;-0,03;-0,01;-0,01;-0,04;-0,04
13.07.2026;23:45;00:00;0,0;0,0;-0,21;-0,21;-0,03;-0,03;0,0;0,0;-0,01;-0,01;0,0;0,0;-0,01;-0,01;-0,03;-0,03;-0,01;-0,01;0,0;0,0;0,0;0,0;0,0;0,0;0,0;0,0;0,0;0,0;-0,02;-0,02;0,0;0,0;-0,02;-0,02;-0,02;-0,02;0,0;0,0;-0,03;-0,03;-0,01;-0,01;-0,09;-0,09;-0,01;-0,01;-0,02;-0,02;0,0;0,0;-0,02;-0,02;0,0;0,0;-0,04;-0,04
14.07.2026;00:00;00:15;0,0;0,0;-0,19;-0,19;-0,03;-0,03;0,0;0,0;-0,02;-0,02;0,0;0,0;0,0;0,0;-0,02;-0,02;0,0;0,0;0,0;0,0;-0,01;-0,01;0,0;0,0;-0,01;-0,01;-0,01;-0,01;-0,02;-0,02;-0,01;-0,01;-0,01;-0,01;-0,02;-0,02;-0,01;-0,01;-0,02;-0,02;-0,02;-0,02;-0,1;-0,1;-0,01;-0,01;-0,01;-0,01;0,0;0,0;-0,03;-0,03;0,0;0,0;-0,02;-0,02
14.07.2026;00:15;00:30;0,0;0,0;-0,17;-0,17;-0,02;-0,02;0,0;0,0;-0,01;-0,01;-0,01;-0,01;-0,01;-0,01;-0,03;-0,03;0,0;0,0;0,0;0,0;0,0;0,0;0,0;0,0;-0,01;-0,01;0,0;0,0;-0,03;-0,03;0,0;0,0;-0,01;-0,01;-0,03;-0,03;0,0;0,0;-0,01;-0,01;0,0;0,0;-0,09;-0,09;-0,01;-0,01;-0,02;-0,02;0,0;0,0;-0,02;-0,02;-0,01;-0,01;-0,02;-0,02
14.07.2026;00:30;00:45;0,0;0,0;-0,16;-0,16;-0,04;-0,04;0,0;0,0;-0,01;-0,01;0,0;0,0;-0,01;-0,01;-0,02;-0,02;0,0;0,0;0,0;0,0;0,0;0,0;0,0;0,0;-0,02;-0,02;0,0;0,0;-0,02;-0,02;0,0;0,0;-0,01;-0,01;-0,02;-0,02;0,0;0,0;-0,02;-0,02;-0,01;-0,01;-0,09;-0,09;-0,01;-0,01;-0,01;-0,01;0,0;0,0;-0,02;-0,02;0,0;0,0;-0,01;-0,01
14.07.2026;00:45;01:00;0,0;0,0;-0,16;-0,16;-0,05;-0,05;0,0;0,0;-0,01;-0,01;0,0;0,0;0,0;0,0;-0,02;-0,02;0,0;0,0;0,0;0,0;0,0;0,0;0,0;0,0;-0,01;-0,01;0,0;0,0;-0,02;-0,02;0,0;0,0;-0,01;-0,01;-0,02;-0,02;-0,01;-0,01;-0,01;-0,01;-0,01;-0,01;-0,09;-0,09;-0,01;-0,01;-0,02;-0,02;0,0;0,0;-0,02;-0,02;-0,01;-0,01;-0,02;-0,02
14.07.2026;01:00;01:15;0,0;0,0;-0,16;-0,16;-0,04;-0,04;-0,01;-0,01;-0,02;-0,02;0,0;0,0;-0,01;-0,01;-0,09;-0,09;0,0;0,0;0,0;0,0;0,0;0,0;-0,01;-0,01;0,0;0,0;0,0;0,0;-0,03;-0,03;0,0;0,0;-0,03;-0,03;-0,02;-0,02;0,0;0,0;-0,01;-0,01;-0,01;-0,01;-0,09;-0,09;-0,01;-0,01;-0,01;-0,01;0,0;0,0;-0,03;-0,03;0,0;0,0;-0,03;-0,03
14.07.2026;01:15;01:30;0,0;0,0;-0,17;-0,17;-0,03;-0,03;0,0;0,0;-0,01;-0,01;0,0;0,0;0,0;0,0;-0,02;-0,02;0,0;0,0;0,0;0,0;0,0;0,0;0,0;0,0;0,0;0,0;0,0;0,0;-0,02;-0,02;0,0;0,0;-0,02;-0,02;-0,01;-0,01;0,0;0,0;-0,01;-0,01;-0,01;-0,01;-0,08;-0,08;-0,01;-0,01;-0,02;-0,02;0,0;0,0;-0,02;-0,02;-0,01;-0,01;-0,02;-0,02
14.07.2026;01:30;01:45;0,0;0,0;-0,19;-0,19;-0,03;-0,03;0,0;0,0;-0,02;-0,02;0,0;0,0;-0,01;-0,01;-0,02;-0,02;0,0;0,0;0,0;0,0;0,0;0,0;0,0;0,0;-0,02;-0,02;0,0;0,0;-0,03;-0,03;0,0;0,0;-0,02;-0,02;-0,01;-0,01;0,0;0,0;0,0;0,0;-0,01;-0,01;-0,03;-0,03;0,0;0,0;-0,01;-0,01;-0,01;-0,01;-0,02;-0,02;0,0;0,0;-0,02;-0,02
14.07.2026;01:45;02:00;0,0;0,0;-0,18;-0,18;-0,02;-0,02;0,0;0,0;-0,01;-0,01;0,0;0,0;0,0;0,0;-0,01;-0,01;0,0;0,0;0,0;0,0;0,0;0,0;0,0;0,0;-0,02;-0,02;0,0;0,0;-0,03;-0,03;0,0;0,0;-0,02;-0,02;-0,02;-0,02;-0,01;-0,01;-0,01;-0,01;0,0;0,0;-0,03;-0,03;-0,01;-0,01;-0,02;-0,02;0,0;0,0;-0,02;-0,02;0,0;0,0;-0,03;-0,03
14.07.2026;02:00;02:15;0,0;0,0;-0,16;-0,16;-0,03;-0,03;0,0;0,0;-0,02;-0,02;0,0;0,0;-0,01;-0,01;-0,01;-0,01;0,0;0,0;0,0;0,0;0,0;0,0;0,0;0,0;0,0;0,0;0,0;0,0;-0,02;-0,02;0,0;0,0;-0,01;-0,01;-0,01;-0,01;0,0;0,0;-0,01;-0,01;-0,02;-0,02;-0,01;-0,01;-0,02;-0,02;-0,01;-0,01;0,0;0,0;-0,03;-0,03;-0,01;-0,01;-0,01;-0,01
14.07.2026;02:15;02:30;0,0;0,0;-0,17;-0,17;-0,03;-0,03;0,0;0,0;-0,01;-0,01;-0,01;-0,01;0,0;0,0;-0,01;-0,01;-0,01;-0,01;0,0;0,0;0,0;0,0;0,0;0,0;-0,01;-0,01;0,0;0,0;-0,03;-0,03;0,0;0,0;-0,01;-0,01;-0,01;-0,01;0,0;0,0;-0,01;-0,01;0,0;0,0;-0,01;-0,01;0,0;0,0;-0,02;-0,02;0,0;0,0;-0,02;-0,02;-0,01;-0,01;-0,01;-0,01
14.07.2026;02:30;02:45;0,0;0,0;-0,16;-0,16;-0,02;-0,02;0,0;0,0;-0,02;-0,02;0,0;0,0;-0,01;-0,01;-0,02;-0,02;0,0;0,0;0,0;0,0;-0,01;-0,01;0,0;0,0;0,0;0,0;0,0;0,0;-0,09;-0,09;-0,01;-0,01;-0,01;-0,01;-0,02;-0,02;0,0;0,0;0,0;0,0;-0,01;-0,01;-0,02;-0,02;-0,01;-0,01;-0,01;-0,01;0,0;0,0;-0,02;-0,02;0,0;0,0;-0,02;-0,02
14.07.2026;02:45;03:00;0,0;0,0;-0,16;-0,16;-0,01;-0,01;0,0;0,0;-0,04;-0,04;0,0;0,0;-0,01;-0,01;-0,02;-0,02;0,0;0,0;0,0;0,0;0,0;0,0;0,0;0,0;-0,02;-0,02;0,0;0,0;-0,37;-0,37;0,0;0,0;-0,02;-0,02;-0,03;-0,03;-0,01;-0,01;-0,01;-0,01;-0,02;-0,02;-0,02;-0,02;-0,01;-0,01;-0,02;-0,02;0,0;0,0;-0,02;-0,02;0,0;0,0;-0,03;-0,03
14.07.2026;03:00;03:15;0,0;0,0;-0,16;-0,16;-0,02;-0,02;0,0;0,0;-0,03;-0,03;0,0;0,0;0,0;0,0;-0,02;-0,02;0,0;0,0;0,0;0,0;0,0;0,0;0,0;0,0;-0,02;-0,02;0,0;0,0;-0,03;-0,03;0,0;0,0;-0,02;-0,02;-0,02;-0,02;0,0;0,0;-0,02;-0,02;0,0;0,0;-0,01;-0,01;-0,01;-0,01;-0,01;-0,01;0,0;0,0;-0,02;-0,02;-0,01;-0,01;-0,02;-0,02
14.07.2026;03:15;03:30;0,0;0,0;-0,16;-0,16;-0,03;-0,03;0,0;0,0;-0,02;-0,02;0,0;0,0;-0,01;-0,01;-0,02;-0,02;0,0;0,0;-0,01;-0,01;0,0;0,0;0,0;0,0;0,0;0,0;-0,01;-0,01;-0,02;-0,02;0,0;0,0;-0,02;-0,02;-0,02;-0,02;0,0;0,0;-0,01;-0,01;-0,01;-0,01;-0,02;-0,02;0,0;0,0;-0,01;-0,01;0,0;0,0;-0,03;-0,03;0,0;0,0;-0,02;-0,02
14.07.2026;03:30;03:45;0,0;0,0;-0,17;-0,17;-0,03;-0,03;0,0;0,0;-0,02;-0,02;0,0;0,0;0,0;0,0;-0,02;-0,02;0,0;0,0;0,0;0,0;0,0;0,0;0,0;0,0;-0,01;-0,01;0,0;0,0;-0,11;-0,11;0,0;0,0;-0,02;-0,02;-0,03;-0,03;-0,01;-0,01;-0,01;-0,01;-0,01;-0,01;-0,02;-0,02;-0,02;-0,02;-0,02;-0,02;-0,01;-0,01;-0,01;-0,01;-0,01;-0,01;-0,03;-0,03
14.07.2026;03:45;04:00;0,0;0,0;-0,17;-0,17;-0,02;-0,02;0,0;0,0;-0,02;-0,02;0,0;0,0;0,0;0,0;-0,02;-0,02;0,0;0,0;0,0;0,0;0,0;0,0;0,0;0,0;0,0;0,0;0,0;0,0;-0,21;-0,21;0,0;0,0;-0,01;-0,01;-0,02;-0,02;0,0;0,0;0,0;0,0;-0,01;-0,01;-0,01;-0,01;-0,01;-0,01;-0,02;-0,02;0,0;0,0;-0,02;-0,02;0,0;0,0;-0,01;-0,01
14.07.2026;04:00;04:15;0,0;0,0;-0,16;-0,16;-0,01;-0,01;0,0;0,0;-0,01;-0,01;0,0;0,0;-0,01;-0,01;-0,02;-0,02;0,0;0,0;0,0;0,0;0,0;0,0;0,0;0,0;-0,02;-0,02;0,0;0,0;-0,01;-0,01;0,0;0,0;-0,01;-0,01;-0,02;-0,02;0,0;0,0;-0,01;-0,01;-0,01;-0,01;-0,01;-0,01;0,0;0,0;-0,01;-0,01;0,0;0,0;0,0;0,0;0,0;0,0;-0,01;-0,01
14.07.2026;04:15;04:30;0,0;0,0;-0,16;-0,16;-0,02;-0,02;-0,01;-0,01;-0,02;-0,02;-0,01;-0,01;-0,01;-0,01;-0,02;-0,02;0,0;0,0;0,0;0,0;0,0;0,0;0,0;0,0;-0,01;-0,01;0,0;0,0;-0,01;-0,01;0,0;0,0;-0,01;-0,01;-0,02;-0,02;0,0;0,0;-0,01;-0,01;-0,01;-0,01;-0,03;-0,03;-0,01;-0,01;-0,02;-0,02;0,0;0,0;-0,02;-0,02;-0,01;-0,01;-0,02;-0,02
14.07.2026;04:30;04:45;0,0;0,0;-0,16;-0,16;-0,03;-0,03;0,0;0,0;-0,01;-0,01;0,0;0,0;0,0;0,0;-0,02;-0,02;0,0;0,0;0,0;0,0;0,0;0,0;0,0;0,0;-0,01;-0,01;0,0;0,0;-0,02;-0,02;0,0;0,0;-0,02;-0,02;-0,01;-0,01;-0,01;-0,01;0,0;0,0;-0,01;-0,01;0,0;0,0;-0,01;-0,01;-0,01;-0,01;0,0;0,0;0,0;0,0;0,0;0,0;-0,03;-0,03
14.07.2026;04:45;05:00;0,0;0,0;-0,16;-0,16;-0,02;-0,02;0,0;0,0;-0,01;-0,01;0,0;0,0;-0,01;-0,01;-0,01;-0,01;-0,01;-0,01;0,0;0,0;0,0;0,0;0,0;0,0;0,0;0,0;0,0;0,0;-0,02;-0,02;0,0;0,0;-0,02;-0,02;-0,01;-0,01;0,0;0,0;-0,01;-0,01;-0,01;-0,01;-0,02;-0,02;-0,01;-0,01;-0,02;-0,02;0,0;0,0;-0,02;-0,02;-0,01;-0,01;-0,02;-0,02
14.07.2026;05:00;05:15;0,0;0,0;-0,17;-0,17;-0,01;-0,01;0,0;0,0;-0,01;-0,01;0,0;0,0;0,0;0,0;-0,03;-0,03;0,0;0,0;0,0;0,0;-0,01;-0,01;0,0;0,0;-0,02;-0,02;0,0;0,0;-0,01;-0,01;-0,01;-0,01;-0,02;-0,02;-0,01;-0,01;0,0;0,0;0,0;0,0;0,0;0,0;-0,02;-0,02;-0,01;-0,01;-0,01;-0,01;0,0;0,0;0,0;0,0;0,0;0,0;-0,02;-0,02
14.07.2026;05:15;05:30;0,0;0,0;-0,21;-0,21;-0,02;-0,02;0,0;0,0;-0,02;-0,02;0,0;0,0;-0,01;-0,01;-0,01;-0,01;0,0;0,0;0,0;0,0;0,0;0,0;0,0;0,0;-0,01;-0,01;0,0;0,0;-0,02;-0,02;0,0;0,0;-0,02;-0,02;-0,12;-0,12;-0,01;-0,01;-0,02;-0,02;-0,01;-0,01;-0,01;-0,01;-0,01;-0,01;-0,02;-0,02;0,0;0,0;-0,02;-0,02;-0,01;-0,01;-0,02;-0,02
14.07.2026;05:30;05:45;0,0;0,0;-0,17;-0,17;-0,03;-0,03;0,0;0,0;-0,01;-0,01;0,0;0,0;-0,01;-0,01;-0,02;-0,02;0,0;0,0;0,0;0,0;0,0;0,0;0,0;0,0;-0,01;-0,01;0,0;0,0;-0,01;-0,01;0,0;0,0;-0,01;-0,01;-0,07;-0,07;0,0;0,0;-0,01;-0,01;-0,01;-0,01;-0,01;-0,01;0,0;0,0;-0,01;-0,01;-0,01;-0,01;-0,01;-0,01;0,0;0,0;-0,01;-0,01
14.07.2026;05:45;06:00;0,03;0,03;-0,26;-0,26;-0,02;-0,02;0,0;0,0;-0,02;-0,02;0,0;0,0;0,0;0,0;0,0;0,0;0,0;0,0;0,0;0,0;0,0;0,0;0,0;0,0;-0,01;-0,01;0,0;0,0;-0,01;-0,01;0,0;0,0;0,0;0,0;-0,04;-0,04;0,0;0,0;-0,02;-0,02;-0,01;-0,01;-0,02;-0,02;-0,01;-0,01;-0,02;-0,02;0,0;0,0;-0,01;-0,01;0,0;0,0;-0,02;-0,02
14.07.2026;06:00;06:15;0,07;0,07;-0,18;-0,18;-0,02;-0,02;0,0;0,0;-0,03;-0,03;0,0;0,0;0,0;0,0;-0,02;-0,02;0,0;0,0;0,0;0,0;0,0;0,0;-0,01;-0,01;0,0;0,0;0,0;0,0;-0,02;-0,02;0,0;0,0;-0,01;-0,01;-0,03;-0,03;0,0;0,0;0,0;0,0;-0,01;-0,01;-0,01;-0,01;-0,01;-0,01;-0,01;-0,01;0,0;0,0;-0,01;-0,01;-0,01;-0,01;-0,02;-0,02
14.07.2026;06:15;06:30;0,16;0,11;-0,18;-0,13;-0,01;-0,01;0,0;0,0;-0,13;-0,13;-0,01;-0,01;-0,01;-0,01;-0,02;-0,02;0,0;0,0;0,0;0,0;0,0;0,0;0,0;0,0;-0,02;-0,02;0,0;0,0;-0,01;-0,01;0,0;0,0;-0,01;-0,01;-0,02;-0,02;-0,01;-0,01;-0,01;-0,01;0,0;0,0;-0,02;-0,02;-0,01;-0,01;-0,01;-0,01;0,0;0,0;-0,01;-0,01;-0,01;-0,01;-0,03;-0,03
14.07.2026;06:30;06:45;0,27;0,19;-0,18;-0,1;-0,02;-0,02;0,0;0,0;-0,05;-0,05;0,0;0,0;0,0;0,0;-0,02;-0,02;0,0;0,0;0,0;0,0;0,0;0,0;0,0;0,0;-0,01;-0,01;-0,01;-0,01;-0,01;-0,01;0,0;0,0;-0,02;-0,02;-0,02;-0,02;0,0;0,0;-0,01;-0,01;-0,02;-0,02;-0,05;-0,05;0,0;0,0;-0,02;-0,02;0,0;0,0;-0,01;-0,01;0,0;0,0;-0,02;-0,02
14.07.2026;06:45;07:00;0,25;0,18;-0,18;-0,11;-0,03;-0,03;0,0;0,0;-0,05;-0,05;0,0;0,0;-0,01;-0,01;-0,02;-0,02;0,0;0,0;0,0;0,0;0,0;0,0;0,0;0,0;-0,01;-0,01;0,0;0,0;-0,02;-0,02;0,0;0,0;-0,02;-0,02;-0,02;-0,02;0,0;0,0;-0,01;-0,01;-0,01;-0,01;-0,03;-0,03;-0,02;-0,02;-0,01;-0,01;0,0;0,0;-0,01;-0,01;0,0;0,0;-0,02;-0,02
14.07.2026;07:00;07:15;0,25;0,18;-0,18;-0,11;-0,18;-0,18;0,0;0,0;-0,04;-0,04;0,0;0,0;-0,01;-0,01;-0,02;-0,02;0,0;0,0;0,0;0,0;0,0;0,0;0,0;0,0;0,0;0,0;0,0;0,0;-0,01;-0,01;0,0;0,0;-0,01;-0,01;-0,02;-0,02;0,0;0,0;0,0;0,0;0,0;0,0;-0,01;-0,01;-0,01;-0,01;-0,02;-0,02;0,0;0,0;-0,02;-0,02;-0,01;-0,01;-0,01;-0,01
14.07.2026;07:15;07:30;0,15;0,11;-0,23;-0,19;-0,01;-0,01;0,0;0,0;-0,05;-0,05;0,0;0,0;0,0;0,0;-0,02;-0,02;-0,01;-0,01;0,0;0,0;0,0;0,0;0,0;0,0;-0,01;-0,01;0,0;0,0;-0,03;-0,03;0,0;0,0;0,0;0,0;-0,01;-0,01;-0,01;-0,01;-0,01;-0,01;-0,01;-0,01;-0,02;-0,02;0,0;0,0;-0,01;-0,01;0,0;0,0;-0,03;-0,03;0,0;0,0;-0,01;-0,01
14.07.2026;07:30;07:45;0,0;0,0;-0,21;-0,21;-0,03;-0,03;-0,01;-0,01;-0,07;-0,07;0,0;0,0;-0,01;-0,01;-0,02;-0,02;0,0;0,0;0,0;0,0;-0,01;-0,01;0,0;0,0;-0,02;-0,02;0,0;0,0;-0,02;-0,02;-0,01;-0,01;-0,01;-0,01;-0,01;-0,01;0,0;0,0;-0,01;-0,01;-0,01;-0,01;-0,01;-0,01;-0,01;-0,01;-0,02;-0,02;-0,01;-0,01;-0,02;-0,02;0,0;0,0;-0,02;-0,02
14.07.2026;07:45;08:00;0,0;0,0;-0,19;-0,19;-0,09;-0,09;0,0;0,0;-0,05;-0,05;0,0;0,0;0,0;0,0;-0,01;-0,01;0,0;0,0;0,0;0,0;0,0;0,0;0,0;0,0;-0,01;-0,01;0,0;0,0;-0,02;-0,02;0,0;0,0;0,0;0,0;-0,01;-0,01;0,0;0,0;-0,01;-0,01;-0,01;-0,01;-0,01;-0,01;-0,01;-0,01;-0,02;-0,02;0,0;0,0;-0,01;-0,01;-0,01;-0,01;-0,03;-0,03
14.07.2026;08:00;08:15;0,28;0,2;-0,19;-0,11;-0,03;-0,03;0,0;0,0;-0,03;-0,03;0,0;0,0;-0,01;-0,01;-0,02;-0,02;0,0;0,0;0,0;0,0;0,0;0,0;0,0;0,0;-0,01;-0,01;0,0;0,0;-0,01;-0,01;0,0;0,0;-0,01;-0,01;-0,02;-0,02;0,0;0,0;-0,02;-0,02;-0,01;-0,01;-0,02;-0,02;-0,02;-0,02;-0,1;-0,1;0,0;0,0;-0,01;-0,01;0,0;0,0;-0,02;-0,02
14.07.2026;08:15;08:30;0,43;0,19;-0,26;-0,18;-0,02;-0,01;0,0;0,0;-0,01;0,0;-0,01;0,0;0,0;0,0;-0,02;-0,01;0,0;0,0;-0,01;0,0;0,0;0,0;0,0;0,0;0,0;0,0;0,0;0,0;-0,01;0,0;0,0;0,0;-0,01;0,0;-0,02;-0,01;-0,01;0,0;0,0;0,0;-0,01;0,0;-0,02;-0,01;-0,01;0,0;-0,09;-0,08;0,0;0,0;-0,01;0,0;-0,01;0,0;-0,02;-0,01
14.07.2026;08:30;08:45;0,58;0,21;-0,19;-0,07;-0,03;0,0;0,0;0,0;-0,02;0,0;0,0;0,0;-0,01;0,0;-0,02;0,0;0,0;0,0;0,0;0,0;0,0;0,0;0,0;0,0;-0,01;0,0;0,0;0,0;-0,02;0,0;0,0;0,0;-0,02;0,0;-0,02;0,0;0,0;0,0;-0,01;0,0;-0,01;0,0;-0,01;0,0;-0,01;0,0;-0,15;-0,12;0,0;0,0;-0,01;0,0;0,0;0,0;-0,02;0,0
14.07.2026;08:45;09:00;1,0;0,47;-0,19;0,0;-0,32;-0,23;0,0;0,0;-0,02;0,0;0,0;0,0;0,0;0,0;-0,02;0,0;0,0;0,0;0,0;0,0;0,0;0,0;0,0;0,0;-0,02;0,0;0,0;0,0;-0,01;0,0;0,0;0,0;-0,01;0,0;-0,03;0,0;0,0;0,0;0,0;0,0;-0,01;0,0;-0,01;0,0;-0,01;0,0;-0,09;0,0;0,0;0,0;-0,01;0,0;0,0;0,0;-0,01;0,0
14.07.2026;09:00;09:15;0,62;0,23;-0,19;-0,05;-0,07;-0,03;0,0;0,0;-0,01;0,0;0,0;0,0;-0,01;0,0;-0,02;0,0;0,0;0,0;0,0;0,0;0,0;0,0;0,0;0,0;-0,01;0,0;0,0;0,0;-0,01;0,0;0,0;0,0;-0,01;0,0;-0,02;0,0;0,0;0,0;-0,01;0,0;0,0;0,0;-0,02;0,0;-0,01;0,0;-0,15;-0,11;0,0;0,0;-0,01;0,0;-0,01;0,0;-0,02;0,0
14.07.2026;09:15;09:30;0,59;0,21;-0,17;-0,05;-0,06;-0,03;0,0;0,0;-0,02;0,0;0,0;0,0;0,0;0,0;-0,01;0,0;0,0;0,0;0,0;0,0;0,0;0,0;0,0;0,0;0,0;0,0;0,0;0,0;-0,01;0,0;0,0;0,0;-0,01;0,0;-0,02;0,0;-0,01;0,0;-0,01;0,0;-0,02;0,0;-0,08;-0,05;-0,02;0,0;-0,3;-0,27;0,0;0,0;-0,01;0,0;-0,01;0,0;-0,02;0,0
14.07.2026;09:30;09:45;1,28;0,71;-0,19;0,0;-0,06;0,0;0,0;0,0;-0,02;0,0;0,0;0,0;-0,01;0,0;-0,01;0,0;0,0;0,0;0,0;0,0;0,0;0,0;0,0;0,0;-0,01;0,0;0,0;0,0;-0,02;0,0;0,0;0,0;0,0;0,0;-0,03;0,0;0,0;0,0;0,0;0,0;0,0;0,0;-0,02;0,0;-0,07;0,0;-0,09;0,0;-0,01;0,0;-0,01;0,0;0,0;0,0;-0,02;0,0
14.07.2026;09:45;10:00;1,61;1,13;-0,19;0,0;-0,07;0,0;0,0;0,0;-0,03;0,0;0,0;0,0;-0,01;0,0;-0,01;0,0;-0,01;0,0;0,0;0,0;0,0;0,0;0,0;0,0;-0,01;0,0;0,0;0,0;-0,01;0,0;0,0;0,0;0,0;0,0;-0,03;0,0;0,0;0,0;-0,01;0,0;-0,01;0,0;-0,02;0,0;-0,01;0,0;-0,03;0,0;0,0;0,0;-0,01;0,0;0,0;0,0;-0,02;0,0
14.07.2026;10:00;10:15;1,5;0,8;-0,33;0,0;-0,06;0,0;0,0;0,0;-0,02;0,0;0,0;0,0;0,0;0,0;-0,02;0,0;0,0;0,0;0,0;0,0;-0,01;0,0;0,0;0,0;-0,02;0,0;-0,01;0,0;-0,01;0,0;-0,01;0,0;-0,01;0,0;-0,03;0,0;0,0;0,0;-0,01;0,0;-0,01;0,0;-0,02;0,0;-0,02;0,0;-0,07;0,0;0,0;0,0;0,0;0,0;-0,01;0,0;-0,03;0,0
14.07.2026;10:15;10:30;1,67;0,96;-0,26;0,0;-0,05;0,0;0,0;0,0;-0,03;0,0;-0,01;0,0;0,0;0,0;-0,02;0,0;0,0;0,0;0,0;0,0;0,0;0,0;0,0;0,0;-0,01;0,0;0,0;0,0;-0,01;0,0;0,0;0,0;-0,02;0,0;-0,03;0,0;-0,01;0,0;-0,02;0,0;-0,01;0,0;-0,02;0,0;0,0;0,0;-0,13;0,0;0,0;0,0;-0,02;0,0;-0,01;0,0;-0,05;0,0
14.07.2026;10:30;10:45;1,72;1,05;-0,18;0,0;-0,07;0,0;0,0;0,0;0,0;0,0;0,0;0,0;-0,01;0,0;-0,02;0,0;0,0;0,0;0,0;0,0;0,0;0,0;0,0;0,0;0,0;0,0;0,0;0,0;-0,02;0,0;0,0;0,0;-0,01;0,0;-0,02;0,0;0,0;0,0;-0,01;0,0;-0,01;0,0;-0,02;0,0;-0,09;0,0;-0,15;0,0;0,0;0,0;0,0;0,0;0,0;0,0;-0,06;0,0
14.07.2026;10:45;11:00;1,92;1,36;-0,15;0,0;-0,06;0,0;0,0;0,0;-0,01;0,0;0,0;0,0;-0,01;0,0;-0,02;0,0;0,0;0,0;0,0;0,0;0,0;0,0;0,0;0,0;0,0;0,0;0,0;0,0;-0,01;0,0;0,0;0,0;-0,01;0,0;-0,03;0,0;0,0;0,0;0,0;0,0;-0,01;0,0;-0,02;0,0;-0,03;0,0;-0,14;0,0;0,0;0,0;-0,01;0,0;0,0;0,0;-0,05;0,0
14.07.2026;11:00;11:15;1,97;1,36;-0,17;0,0;-0,06;0,0;-0,01;0,0;0,0;0,0;0,0;0,0;0,0;0,0;-0,02;0,0;0,0;0,0;0,0;0,0;0,0;0,0;-0,01;0,0;-0,02;0,0;0,0;0,0;-0,01;0,0;0,0;0,0;-0,02;0,0;-0,03;0,0;-0,01;0,0;-0,01;0,0;0,0;0,0;-0,02;0,0;-0,02;0,0;-0,14;0,0;0,0;0,0;-0,01;0,0;-0,01;0,0;-0,04;0,0
14.07.2026;11:15;11:30;1,88;1,28;-0,2;0,0;-0,04;0,0;0,0;0,0;-0,02;0,0;0,0;0,0;-0,01;0,0;-0,02;0,0;0,0;0,0;0,0;0,0;0,0;0,0;0,0;0,0;-0,02;0,0;0,0;0,0;-0,02;0,0;0,0;0,0;0,0;0,0;-0,03;0,0;0,0;0,0;-0,02;0,0;-0,02;0,0;-0,02;0,0;0,0;0,0;-0,14;0,0;0,0;0,0;-0,01;0,0;0,0;0,0;-0,03;0,0
14.07.2026;11:30;11:45;1,13;0,66;-0,17;0,0;-0,02;0,0;0,0;0,0;-0,01;0,0;0,0;0,0;0,0;0,0;-0,06;0,0;0,0;0,0;0,0;0,0;0,0;0,0;0,0;0,0;0,0;0,0;0,0;0,0;-0,01;0,0;0,0;0,0;0,0;0,0;-0,04;0,0;0,0;0,0;-0,01;0,0;-0,01;0,0;-0,02;0,0;-0,01;0,0;-0,04;0,0;-0,01;0,0;-0,01;0,0;0,0;0,0;-0,05;0,0
14.07.2026;11:45;12:00;0,13;0,11;-0,17;-0,15;-0,01;-0,01;0,0;0,0;-0,02;-0,02;0,0;0,0;-0,01;-0,01;-0,09;-0,09;0,0;0,0;0,0;0,0;0,0;0,0;0,0;0,0;-0,01;-0,01;0,0;0,0;-0,01;-0,01;0,0;0,0;-0,01;-0,01;-0,04;-0,04;0,0;0,0;0,0;0,0;0,0;0,0;-0,02;-0,02;-0,02;-0,02;-0,04;-0,04;0,0;0,0;-0,01;-0,01;-0,01;-0,01;-0,04;-0,04
14.07.2026;12:00;12:15;0,03;0,03;-0,28;-0,28;-0,03;-0,03;0,0;0,0;-0,02;-0,02;0,0;0,0;-0,01;-0,01;-0,05;-0,05;0,0;0,0;0,0;0,0;0,0;0,0;0,0;0,0;-0,01;-0,01;0,0;0,0;-0,01;-0,01;0,0;0,0;-0,01;-0,01;-0,04;-0,04;-0,01;-0,01;-0,01;-0,01;-0,02;-0,02;-0,01;-0,01;-0,02;-0,02;-0,05;-0,05;0,0;0,0;-0,01;-0,01;0,0;0,0;-0,02;-0,02
14.07.2026;12:15;12:30;1,86;1,23;-0,18;0,0;-0,02;0,0;0,0;0,0;-0,01;0,0;-0,01;0,0;0,0;0,0;-0,04;0,0;-0,01;0,0;0,0;0,0;0,0;0,0;0,0;0,0;-0,01;0,0;0,0;0,0;-0,01;0,0;0,0;0,0;-0,01;0,0;-0,03;0,0;0,0;0,0;0,0;0,0;0,0;0,0;-0,01;0,0;-0,38;-0,16;-0,04;0,0;0,0;0,0;0,0;0,0;-0,01;0,0;-0,02;0,0
14.07.2026;12:30;12:45;2,1;1,46;-0,17;0,0;-0,02;0,0;0,0;0,0;0,0;0,0;0,0;0,0;0,0;0,0;-0,04;0,0;0,0;0,0;0,0;0,0;-0,01;0,0;0,0;0,0;-0,02;0,0;0,0;0,0;-0,02;0,0;-0,01;0,0;-0,01;0,0;-0,02;0,0;0,0;0,0;-0,02;0,0;-0,01;0,0;0,0;0,0;-0,18;0,0;-0,06;0,0;0,0;0,0;-0,02;0,0;0,0;0,0;-0,03;0,0
14.07.2026;12:45;13:00;2,06;1,3;-0,16;0,0;-0,02;0,0;0,0;0,0;-0,01;0,0;0,0;0,0;-0,01;0,0;-0,02;0,0;0,0;0,0;0,0;0,0;0,0;0,0;0,0;0,0;0,0;0,0;0,0;0,0;-0,01;0,0;0,0;0,0;-0,02;0,0;-0,02;0,0;0,0;0,0;-0,01;0,0;-0,02;0,0;-0,01;0,0;-0,23;0,0;-0,21;0,0;0,0;0,0;0,0;0,0;0,0;0,0;-0,01;0,0
14.07.2026;13:00;13:15;1,73;1,1;-0,19;0,0;-0,02;0,0;0,0;0,0;-0,02;0,0;0,0;0,0;0,0;0,0;-0,01;0,0;0,0;0,0;0,0;0,0;0,0;0,0;0,0;0,0;-0,01;0,0;0,0;0,0;-0,01;0,0;0,0;0,0;-0,01;0,0;-0,03;0,0;-0,01;0,0;-0,01;0,0;0,0;0,0;-0,02;0,0;-0,03;0,0;-0,23;-0,02;0,0;0,0;-0,02;0,0;-0,01;0,0;-0,02;0,0
14.07.2026;13:15;13:30;1,18;0,61;-0,18;0,0;-0,02;0,0;0,0;0,0;-0,01;0,0;0,0;0,0;-0,01;0,0;-0,03;0,0;0,0;0,0;-0,01;0,0;0,0;0,0;0,0;0,0;-0,01;0,0;-0,01;0,0;-0,01;0,0;0,0;0,0;-0,01;0,0;-0,02;0,0;0,0;0,0;-0,06;0,0;-0,02;0,0;-0,02;0,0;-0,01;0,0;-0,2;-0,08;0,0;0,0;0,0;0,0;-0,01;0,0;-0,01;0,0
14.07.2026;13:30;13:45;0,42;0,19;-0,16;-0,07;-0,03;-0,02;0,0;0,0;-0,01;0,0;0,0;0,0;-0,01;0,0;-0,04;-0,03;0,0;0,0;0,0;0,0;0,0;0,0;0,0;0,0;-0,02;-0,01;0,0;0,0;-0,02;-0,01;0,0;0,0;0,0;0,0;-0,01;0,0;0,0;0,0;-0,03;-0,02;0,0;0,0;-0,01;0,0;-0,37;-0,36;-0,14;-0,13;-0,01;0,0;-0,02;-0,01;0,0;0,0;-0,02;-0,01
14.07.2026;13:45;14:00;0,61;0,21;-0,19;-0,05;-0,02;0,0;0,0;0,0;-0,02;0,0;0,0;0,0;0,0;0,0;-0,05;-0,02;0,0;0,0;0,0;0,0;0,0;0,0;0,0;0,0;0,0;0,0;0,0;0,0;-0,01;0,0;0,0;0,0;-0,01;0,0;-0,01;0,0;-0,01;0,0;-0,03;0,0;-0,01;0,0;-0,01;0,0;-0,3;-0,27;-0,16;-0,13;0,0;0,0;-0,01;0,0;0,0;0,0;-0,03;0,0
14.07.2026;14:00;14:15;0,89;0,32;-0,26;-0,04;-0,01;0,0;0,0;0,0;-0,01;0,0;0,0;0,0;-0,01;0,0;-0,04;0,0;0,0;0,0;0,0;0,0;0,0;0,0;0,0;0,0;-0,01;0,0;0,0;0,0;-0,01;0,0;0,0;0,0;0,0;0,0;-0,02;0,0;0,0;0,0;-0,03;0,0;-0,01;0,0;-0,02;0,0;-0,15;-0,08;-0,18;-0,11;0,0;0,0;-0,01;0,0;-0,01;0,0;-0,02;0,0
14.07.2026;14:15;14:30;1,15;0,53;-0,25;0,0;-0,02;0,0;-0,01;0,0;-0,02;0,0;-0,01;0,0;0,0;0,0;-0,04;0,0;0,0;0,0;0,0;0,0;0,0;0,0;0,0;0,0;0,0;0,0;0,0;0,0;-0,01;0,0;0,0;0,0;-0,01;0,0;-0,01;0,0;0,0;0,0;-0,04;0,0;-0,01;0,0;-0,01;0,0;-0,03;0,0;-0,18;-0,07;0,0;0,0;-0,01;0,0;-0,01;0,0;-0,02;0,0
14.07.2026;14:30;14:45;1,4;0,82;-0,17;0,0;-0,03;0,0;0,0;0,0;-0,01;0,0;0,0;0,0;0,0;0,0;-0,05;0,0;0,0;0,0;0,0;0,0;0,0;0,0;0,0;0,0;-0,02;0,0;0,0;0,0;-0,01;0,0;0,0;0,0;-0,02;0,0;-0,01;0,0;0,0;0,0;-0,04;0,0;-0,01;0,0;-0,01;0,0;-0,02;0,0;-0,17;-0,02;0,0;0,0;-0,01;0,0;0,0;0,0;-0,02;0,0
14.07.2026;14:45;15:00;1,46;0,78;-0,23;0,0;-0,02;0,0;0,0;0,0;-0,02;0,0;0,0;0,0;-0,01;0,0;-0,03;0,0;-0,01;0,0;0,0;0,0;0,0;0,0;0,0;0,0;-0,02;0,0;0,0;0,0;-0,02;0,0;0,0;0,0;-0,01;0,0;-0,02;0,0;-0,01;0,0;-0,06;0,0;-0,01;0,0;-0,02;0,0;-0,02;0,0;-0,17;-0,02;0,0;0,0;-0,01;0,0;0,0;0,0;-0,01;0,0
14.07.2026;15:00;15:15;1,03;0,49;-0,18;0,0;-0,02;0,0;0,0;0,0;0,0;0,0;0,0;0,0;-0,01;0,0;-0,02;0,0;0,0;0,0;0,0;0,0;-0,01;0,0;0,0;0,0;0,0;0,0;0,0;0,0;0,0;0,0;-0,01;0,0;-0,02;0,0;-0,03;0,0;0,0;0,0;-0,22;-0,13;0,0;0,0;-0,02;0,0;-0,02;0,0;-0,07;0,0;0,0;0,0;-0,02;0,0;-0,01;0,0;-0,01;0,0
14.07.2026;15:15;15:30;0,69;0,26;-0,17;-0,01;-0,01;0,0;0,0;0,0;-0,01;0,0;0,0;0,0;0,0;0,0;-0,02;0,0;0,0;0,0;0,0;0,0;0,0;0,0;0,0;0,0;-0,01;0,0;0,0;0,0;-0,02;0,0;0,0;0,0;-0,01;0,0;-0,02;0,0;0,0;0,0;-0,41;-0,36;-0,02;0,0;0,0;0,0;-0,03;0,0;-0,04;0,0;0,0;0,0;0,0;0,0;0,0;0,0;-0,03;0,0
14.07.2026;15:30;15:45;0,59;0,2;-0,18;-0,06;-0,03;0,0;0,0;0,0;-0,01;0,0;0,0;0,0;-0,01;0,0;-0,02;0,0;0,0;0,0;0,0;0,0;0,0;0,0;0,0;0,0;0,0;0,0;0,0;0,0;-0,01;0,0;0,0;0,0;0,0;0,0;-0,03;0,0;0,0;0,0;-0,17;-0,14;-0,01;0,0;-0,02;0,0;-0,01;0,0;-0,04;-0,01;-0,01;0,0;-0,02;0,0;-0,01;0,0;-0,02;0,0
14.07.2026;15:45;16:00;0,0;0,0;-0,19;-0,19;-0,02;-0,02;0,0;0,0;-0,01;-0,01;0,0;0,0;0,0;0,0;-0,02;-0,02;0,0;0,0;0,0;0,0;0,0;0,0;0,0;0,0;-0,02;-0,02;0,0;0,0;-0,01;-0,01;0,0;0,0;0,0;0,0;-0,02;-0,02;-0,01;-0,01;-0,31;-0,31;0,0;0,0;-0,02;-0,02;-0,1;-0,1;-0,02;-0,02;0,0;0,0;0,0;0,0;0,0;0,0;-0,02;-0,02
14.07.2026;16:00;16:15;0,0;0,0;-0,21;-0,21;-0,03;-0,03;0,0;0,0;-0,02;-0,02;0,0;0,0;-0,01;-0,01;-0,02;-0,02;0,0;0,0;0,0;0,0;0,0;0,0;-0,01;-0,01;-0,02;-0,02;-0,01;-0,01;-0,03;-0,03;0,0;0,0;0,0;0,0;-0,02;-0,02;0,0;0,0;-0,06;-0,06;-0,02;-0,02;-0,01;-0,01;-0,04;-0,04;-0,08;-0,08;0,0;0,0;-0,02;-0,02;0,0;0,0;-0,02;-0,02
14.07.2026;16:15;16:30;0,17;0,12;-0,22;-0,17;-0,01;-0,01;0,0;0,0;-0,01;-0,01;-0,01;-0,01;-0,01;-0,01;-0,02;-0,02;0,0;0,0;0,0;0,0;0,0;0,0;-0,03;-0,03;-0,02;-0,02;0,0;0,0;0,0;0,0;0,0;0,0;-0,02;-0,02;-0,02;-0,02;0,0;0,0;-0,04;-0,04;0,0;0,0;-0,01;-0,01;-0,03;-0,03;-0,08;-0,08;0,0;0,0;0,0;0,0;-0,01;-0,01;-0,03;-0,03
14.07.2026;16:30;16:45;0,48;0,2;-0,28;-0,17;-0,02;-0,01;0,0;0,0;-0,02;-0,01;0,0;0,0;0,0;0,0;-0,03;-0,02;0,0;0,0;0,0;0,0;0,0;0,0;-0,12;-0,11;-0,02;-0,01;0,0;0,0;-0,02;-0,01;0,0;0,0;-0,01;0,0;-0,03;-0,02;-0,01;0,0;-0,02;-0,01;-0,01;0,0;-0,03;-0,02;-0,05;-0,04;-0,11;-0,1;0,0;0,0;-0,02;-0,01;-0,01;0,0;-0,01;0,0
14.07.2026;16:45;17:00;0,32;0,11;-0,35;-0,29;-0,03;-0,02;0,0;0,0;-0,01;0,0;0,0;0,0;-0,01;0,0;-0,02;-0,01;0,0;0,0;0,0;0,0;0,0;0,0;-0,16;-0,15;-0,04;-0,03;0,0;0,0;-0,01;0,0;0,0;0,0;-0,02;-0,01;-0,02;-0,01;0,0;0,0;-0,01;0,0;-0,01;0,0;-0,02;-0,01;-0,01;0,0;-0,06;-0,05;0,0;0,0;0,0;0,0;0,0;0,0;-0,02;-0,01
14.07.2026;17:00;17:15;0,09;0,09;-0,2;-0,2;-0,05;-0,05;0,0;0,0;-0,01;-0,01;0,0;0,0;0,0;0,0;-0,18;-0,18;0,0;0,0;0,0;0,0;0,0;0,0;-0,14;-0,14;-0,53;-0,53;0,0;0,0;-0,01;-0,01;0,0;0,0;-0,01;-0,01;-0,01;-0,01;0,0;0,0;-0,01;-0,01;-0,01;-0,01;-0,03;-0,03;-0,02;-0,02;-0,07;-0,07;0,0;0,0;-0,02;-0,02;0,0;0,0;-0,01;-0,01
14.07.2026;17:15;17:30;0,03;0,03;-0,22;-0,22;-0,04;-0,04;0,0;0,0;-0,01;-0,01;0,0;0,0;0,0;0,0;-0,13;-0,13;-0,01;-0,01;0,0;0,0;0,0;0,0;-0,06;-0,06;-0,3;-0,3;0,0;0,0;-0,02;-0,02;0,0;0,0;-0,01;-0,01;-0,02;-0,02;0,0;0,0;-0,01;-0,01;-0,01;-0,01;-0,04;-0,04;-0,01;-0,01;-0,09;-0,09;0,0;0,0;0,0;0,0;-0,01;-0,01;-0,02;-0,02
14.07.2026;17:30;17:45;0,07;0,07;-0,18;-0,18;-0,03;-0,03;-0,01;-0,01;0,0;0,0;0,0;0,0;-0,01;-0,01;-0,06;-0,06;0,0;0,0;0,0;0,0;0,0;0,0;-0,03;-0,03;-0,85;-0,85;-0,01;-0,01;-0,06;-0,06;-0,01;-0,01;0,0;0,0;-0,01;-0,01;-0,01;-0,01;-0,01;-0,01;-0,01;-0,01;-0,02;-0,02;-0,01;-0,01;-0,1;-0,1;-0,01;-0,01;-0,04;-0,04;0,0;0,0;-0,03;-0,03
14.07.2026;17:45;18:00;0,11;0,11;-0,19;-0,19;-0,05;-0,05;0,0;0,0;-0,02;-0,02;0,0;0,0;-0,01;-0,01;-0,05;-0,05;0,0;0,0;0,0;0,0;-0,06;-0,06;0,0;0,0;-0,28;-0,28;0,0;0,0;-0,03;-0,03;0,0;0,0;-0,01;-0,01;-0,01;-0,01;0,0;0,0;0,0;0,0;-0,01;-0,01;-0,14;-0,14;-0,02;-0,02;-0,09;-0,09;0,0;0,0;-0,02;-0,02;-0,01;-0,01;-0,02;-0,02
14.07.2026;18:00;18:15;0,18;0,13;-0,23;-0,18;-0,06;-0,06;0,0;0,0;-0,01;-0,01;0,0;0,0;0,0;0,0;-0,05;-0,05;0,0;0,0;0,0;0,0;-0,1;-0,1;0,0;0,0;-0,04;-0,04;0,0;0,0;-0,03;-0,03;0,0;0,0;0,0;0,0;-0,01;-0,01;0,0;0,0;-0,01;-0,01;-0,01;-0,01;-0,21;-0,21;-0,01;-0,01;-0,08;-0,08;0,0;0,0;-0,03;-0,03;0,0;0,0;-0,02;-0,02
14.07.2026;18:15;18:30;0,13;0,11;-0,25;-0,23;-0,05;-0,05;0,0;0,0;-0,02;-0,02;-0,01;-0,01;-0,01;-0,01;-0,1;-0,1;0,0;0,0;-0,01;-0,01;-0,09;-0,09;0,0;0,0;-0,03;-0,03;0,0;0,0;-0,03;-0,03;0,0;0,0;-0,08;-0,08;-0,02;-0,02;0,0;0,0;-0,03;-0,03;0,0;0,0;-0,22;-0,22;-0,01;-0,01;-0,09;-0,09;0,0;0,0;-0,05;-0,05;-0,01;-0,01;-0,02;-0,02
14.07.2026;18:30;18:45;0,08;0,08;-0,35;-0,35;-0,07;-0,07;0,0;0,0;-0,01;-0,01;0,0;0,0;0,0;0,0;-0,13;-0,13;0,0;0,0;0,0;0,0;-0,08;-0,08;0,0;0,0;-0,06;-0,06;0,0;0,0;-0,03;-0,03;0,0;0,0;-0,22;-0,22;-0,03;-0,03;-0,01;-0,01;0,0;0,0;-0,02;-0,02;-0,06;-0,06;-0,01;-0,01;-0,09;-0,09;0,0;0,0;-0,05;-0,05;0,0;0,0;-0,01;-0,01
14.07.2026;18:45;19:00;0,15;0,11;-0,22;-0,18;-0,05;-0,05;0,0;0,0;-0,02;-0,02;0,0;0,0;-0,01;-0,01;-0,05;-0,05;0,0;0,0;0,0;0,0;-0,08;-0,08;0,0;0,0;-0,11;-0,11;0,0;0,0;-0,03;-0,03;0,0;0,0;-0,08;-0,08;-0,09;-0,09;0,0;0,0;-0,01;-0,01;-0,01;-0,01;-0,03;-0,03;-0,01;-0,01;-0,07;-0,07;0,0;0,0;-0,03;-0,03;0,0;0,0;-0,01;-0,01
14.07.2026;19:00;19:15;0,14;0,11;-0,19;-0,16;-0,06;-0,06;0,0;0,0;0,0;0,0;0,0;0,0;-0,01;-0,01;-0,06;-0,06;0,0;0,0;0,0;0,0;-0,11;-0,11;0,0;0,0;-0,11;-0,11;0,0;0,0;-0,06;-0,06;0,0;0,0;-0,07;-0,07;-0,06;-0,06;0,0;0,0;-0,01;-0,01;0,0;0,0;-0,03;-0,03;-0,01;-0,01;-0,08;-0,08;0,0;0,0;-0,02;-0,02;-0,01;-0,01;-0,03;-0,03
14.07.2026;19:15;19:30;0,11;0,11;-0,2;-0,2;-0,05;-0,05;0,0;0,0;0,0;0,0;0,0;0,0;0,0;0,0;-0,05;-0,05;0,0;0,0;0,0;0,0;-0,09;-0,09;0,0;0,0;-0,11;-0,11;0,0;0,0;-0,06;-0,06;0,0;0,0;-0,05;-0,05;-0,07;-0,07;-0,01;-0,01;-0,01;-0,01;-0,02;-0,02;-0,03;-0,03;-0,02;-0,02;-0,09;-0,09;0,0;0,0;-0,03;-0,03;-0,01;-0,01;-0,02;-0,02
14.07.2026;19:30;19:45;0,05;0,05;-0,2;-0,2;-0,04;-0,04;0,0;0,0;-0,02;-0,02;0,0;0,0;0,0;0,0;-0,05;-0,05;0,0;0,0;0,0;0,0;-0,02;-0,02;0,0;0,0;-0,13;-0,13;-0,01;-0,01;-0,03;-0,03;0,0;0,0;-0,05;-0,05;-0,07;-0,07;0,0;0,0;-0,01;-0,01;0,0;0,0;0,0;0,0;-0,02;-0,02;-0,09;-0,09;-0,01;-0,01;-0,04;-0,04;0,0;0,0;-0,02;-0,02
14.07.2026;19:45;20:00;0,01;0,01;-0,18;-0,18;-0,1;-0,1;0,0;0,0;-0,01;-0,01;0,0;0,0;-0,01;-0,01;-0,06;-0,06;-0,01;-0,01;0,0;0,0;-0,01;-0,01;0,0;0,0;-0,14;-0,14;0,0;0,0;-0,02;-0,02;0,0;0,0;-0,05;-0,05;-0,06;-0,06;0,0;0,0;-0,02;-0,02;-0,01;-0,01;-0,02;-0,02;-0,01;-0,01;-0,09;-0,09;0,0;0,0;-0,03;-0,03;0,0;0,0;-0,02;-0,02
14.07.2026;20:00;20:15;0,0;0,0;-0,18;-0,18;-0,06;-0,06;0,0;0,0;-0,02;-0,02;0,0;0,0;-0,01;-0,01;-0,05;-0,05;0,0;0,0;0,0;0,0;0,0;0,0;0,0;0,0;-0,13;-0,13;0,0;0,0;-0,03;-0,03;-0,01;-0,01;-0,07;-0,07;-0,08;-0,08;0,0;0,0;0,0;0,0;-0,02;-0,02;-0,02;-0,02;-0,01;-0,01;-0,18;-0,18;0,0;0,0;-0,04;-0,04;-0,01;-0,01;-0,02;-0,02
14.07.2026;20:15;20:30;0,0;0,0;-0,17;-0,17;-0,05;-0,05;0,0;0,0;-0,01;-0,01;-0,01;-0,01;0,0;0,0;-0,05;-0,05;0,0;0,0;0,0;0,0;0,0;0,0;-0,01;-0,01;-0,13;-0,13;0,0;0,0;-0,02;-0,02;0,0;0,0;-0,06;-0,06;-0,07;-0,07;-0,01;-0,01;0,0;0,0;0,0;0,0;-0,02;-0,02;-0,02;-0,02;-0,17;-0,17;0,0;0,0;-0,02;-0,02;0,0;0,0;-0,01;-0,01
14.07.2026;20:30;20:45;0,0;0,0;-0,19;-0,19;-0,06;-0,06;0,0;0,0;-0,01;-0,01;0,0;0,0;-0,01;-0,01;-0,06;-0,06;0,0;0,0;0,0;0,0;0,0;0,0;0,0;0,0;-0,04;-0,04;0,0;0,0;-0,01;-0,01;0,0;0,0;-0,01;-0,01;-0,06;-0,06;0,0;0,0;-0,01;-0,01;-0,01;-0,01;-0,01;-0,01;-0,01;-0,01;-0,17;-0,17;0,0;0,0;-0,03;-0,03;-0,01;-0,01;-0,02;-0,02
14.07.2026;20:45;21:00;0,0;0,0;-0,21;-0,21;-0,06;-0,06;0,0;0,0;-0,01;-0,01;0,0;0,0;0,0;0,0;-0,06;-0,06;0,0;0,0;0,0;0,0;0,0;0,0;0,0;0,0;-0,04;-0,04;0,0;0,0;-0,02;-0,02;0,0;0,0;-0,02;-0,02;-0,05;-0,05;0,0;0,0;-0,01;-0,01;-0,01;-0,01;-0,02;-0,02;-0,01;-0,01;-0,21;-0,21;0,0;0,0;-0,02;-0,02;0,0;0,0;-0,02;-0,02
14.07.2026;21:00;21:15;0,0;0,0;-0,27;-0,27;-0,05;-0,05;-0,01;-0,01;-0,01;-0,01;0,0;0,0;-0,01;-0,01;-0,08;-0,08;0,0;0,0;0,0;0,0;0,0;0,0;0,0;0,0;-0,02;-0,02;0,0;0,0;-0,41;-0,41;0,0;0,0;-0,01;-0,01;-0,05;-0,05;0,0;0,0;-0,03;-0,03;0,0;0,0;-0,02;-0,02;-0,03;-0,03;-0,15;-0,15;0,0;0,0;-0,04;-0,04;0,0;0,0;-0,02;-0,02
14.07.2026;21:15;21:30;0,0;0,0;-0,23;-0,23;-0,05;-0,05;0,0;0,0;-0,01;-0,01;0,0;0,0;-0,01;-0,01;-0,08;-0,08;0,0;0,0;0,0;0,0;0,0;0,0;0,0;0,0;-0,01;-0,01;0,0;0,0;-0,09;-0,09;0,0;0,0;-0,01;-0,01;-0,04;-0,04;-0,01;-0,01;-0,05;-0,05;-0,02;-0,02;-0,02;-0,02;-0,02;-0,02;-0,16;-0,16;0,0;0,0;-0,02;-0,02;-0,01;-0,01;-0,02;-0,02
14.07.2026;21:30;21:45;0,0;0,0;-0,18;-0,18;-0,05;-0,05;0,0;0,0;-0,01;-0,01;0,0;0,0;0,0;0,0;-0,07;-0,07;0,0;0,0;0,0;0,0;0,0;0,0;0,0;0,0;-0,01;-0,01;-0,01;-0,01;-0,02;-0,02;0,0;0,0;0,0;0,0;-0,05;-0,05;0,0;0,0;-0,11;-0,11;-0,01;-0,01;-0,01;-0,01;-0,01;-0,01;-0,18;-0,18;-0,01;-0,01;-0,03;-0,03;-0,01;-0,01;-0,03;-0,03
14.07.2026;21:45;22:00;0,0;0,0;-0,17;-0,17;-0,06;-0,06;0,0;0,0;-0,02;-0,02;0,0;0,0;0,0;0,0;-0,06;-0,06;0,0;0,0;0,0;0,0;0,0;0,0;0,0;0,0;-0,02;-0,02;0,0;0,0;-0,01;-0,01;0,0;0,0;-0,01;-0,01;-0,05;-0,05;0,0;0,0;-0,17;-0,17;-0,01;-0,01;-0,02;-0,02;-0,01;-0,01;-0,16;-0,16;0,0;0,0;-0,02;-0,02;0,0;0,0;-0,01;-0,01
14.07.2026;22:00;22:15;0,0;0,0;-0,2;-0,2;-0,04;-0,04;0,0;0,0;-0,01;-0,01;0,0;0,0;-0,01;-0,01;-0,24;-0,24;0,0;0,0;0,0;0,0;0,0;0,0;0,0;0,0;-0,01;-0,01;0,0;0,0;-0,04;-0,04;0,0;0,0;-0,02;-0,02;-0,05;-0,05;0,0;0,0;-0,05;-0,05;-0,01;-0,01;-0,02;-0,02;-0,01;-0,01;-0,16;-0,16;0,0;0,0;-0,04;-0,04;0,0;0,0;-0,02;-0,02
14.07.2026;22:15;22:30;0,0;0,0;-0,19;-0,19;-0,05;-0,05;0,0;0,0;-0,01;-0,01;-0,01;-0,01;0,0;0,0;-0,44;-0,44;-0,01;-0,01;0,0;0,0;-0,01;-0,01;0,0;0,0;-0,01;-0,01;0,0;0,0;-0,03;-0,03;0,0;0,0;-0,01;-0,01;-0,05;-0,05;-0,01;-0,01;-0,04;-0,04;0,0;0,0;-0,02;-0,02;-0,01;-0,01;-0,15;-0,15;0,0;0,0;-0,03;-0,03;-0,01;-0,01;-0,01;-0,01
14.07.2026;22:30;22:45;0,0;0,0;-0,18;-0,18;-0,06;-0,06;0,0;0,0;-0,01;-0,01;0,0;0,0;-0,01;-0,01;-0,33;-0,33;0,0;0,0;0,0;0,0;0,0;0,0;0,0;0,0;0,0;0,0;0,0;0,0;-0,04;-0,04;-0,01;-0,01;-0,02;-0,02;-0,06;-0,06;0,0;0,0;-0,03;-0,03;-0,02;-0,02;-0,38;-0,38;-0,01;-0,01;-0,02;-0,02;0,0;0,0;-0,03;-0,03;0,0;0,0;-0,02;-0,02
14.07.2026;22:45;23:00;0,0;0,0;-0,18;-0,18;-0,04;-0,04;0,0;0,0;-0,01;-0,01;0,0;0,0;-0,01;-0,01;-0,33;-0,33;0,0;0,0;0,0;0,0;0,0;0,0;0,0;0,0;-0,01;-0,01;0,0;0,0;-0,03;-0,03;0,0;0,0;-0,01;-0,01;-0,05;-0,05;0,0;0,0;-0,02;-0,02;0,0;0,0;-0,15;-0,15;0,0;0,0;-0,01;-0,01;0,0;0,0;-0,02;-0,02;-0,01;-0,01;-0,03;-0,03
14.07.2026;23:00;23:15;0,0;0,0;-0,29;-0,29;-0,02;-0,02;0,0;0,0;-0,01;-0,01;0,0;0,0;0,0;0,0;-0,3;-0,3;0,0;0,0;0,0;0,0;0,0;0,0;0,0;0,0;-0,02;-0,02;0,0;0,0;-0,04;-0,04;0,0;0,0;-0,01;-0,01;-0,05;-0,05;0,0;0,0;-0,02;-0,02;-0,01;-0,01;-0,04;-0,04;-0,02;-0,02;-0,02;-0,02;0,0;0,0;-0,03;-0,03;0,0;0,0;-0,03;-0,03
14.07.2026;23:15;23:30;0,0;0,0;-0,18;-0,18;-0,02;-0,02;0,0;0,0;-0,02;-0,02;0,0;0,0;-0,01;-0,01;-0,2;-0,2;0,0;0,0;-0,01;-0,01;0,0;0,0;0,0;0,0;-0,01;-0,01;0,0;0,0;-0,03;-0,03;0,0;0,0;-0,01;-0,01;-0,06;-0,06;-0,01;-0,01;-0,01;-0,01;-0,01;-0,01;-0,04;-0,04;-0,01;-0,01;-0,01;-0,01;0,0;0,0;-0,02;-0,02;-0,01;-0,01;-0,04;-0,04
14.07.2026;23:30;23:45;0,0;0,0;-0,18;-0,18;-0,01;-0,01;0,0;0,0;-0,01;-0,01;0,0;0,0;0,0;0,0;-0,19;-0,19;0,0;0,0;0,0;0,0;0,0;0,0;0,0;0,0;0,0;0,0;0,0;0,0;-0,03;-0,03;0,0;0,0;-0,01;-0,01;-0,05;-0,05;0,0;0,0;0,0;0,0;-0,01;-0,01;-0,08;-0,08;0,0;0,0;-0,02;-0,02;-0,01;-0,01;-0,03;-0,03;0,0;0,0;-0,04;-0,04
14.07.2026;23:45;00:00;0,0;0,0;-0,2;-0,2;-0,03;-0,03;0,0;0,0;-0,01;-0,01;0,0;0,0;-0,01;-0,01;-0,04;-0,04;0,0;0,0;0,0;0,0;0,0;0,0;0,0;0,0;-0,01;-0,01;-0,01;-0,01;-0,02;-0,02;0,0;0,0;-0,02;-0,02;-0,05;-0,05;0,0;0,0;-0,01;-0,01;-0,01;-0,01;-0,12;-0,12;-0,02;-0,02;-0,01;-0,01;0,0;0,0;-0,03;-0,03;0,0;0,0;-0,01;-0,01
15.07.2026;00:00;00:15;0,0;0,0;-0,17;-0,17;-0,02;-0,02;0,0;0,0;0,0;0,0;0,0;0,0;-0,01;-0,01;-0,02;-0,02;0,0;0,0;0,0;0,0;0,0;0,0;0,0;0,0;-0,01;-0,01;0,0;0,0;-0,02;-0,02;0,0;0,0;-0,02;-0,02;-0,01;-0,01;0,0;0,0;-0,01;-0,01;-0,01;-0,01;-0,11;-0,11;-0,02;-0,02;-0,02;-0,02;0,0;0,0;-0,03;-0,03;-0,01;-0,01;-0,01;-0,01
15.07.2026;00:15;00:30;0,0;0,0;-0,18;-0,18;-0,02;-0,02;-0,01;-0,01;-0,01;-0,01;-0,01;-0,01;0,0;0,0;-0,03;-0,03;0,0;0,0;0,0;0,0;0,0;0,0;0,0;0,0;-0,02;-0,02;0,0;0,0;-0,02;-0,02;0,0;0,0;-0,02;-0,02;-0,02;-0,02;-0,01;-0,01;-0,01;-0,01;0,0;0,0;-0,14;-0,14;-0,01;-0,01;-0,02;-0,02;0,0;0,0;-0,02;-0,02;0,0;0,0;-0,02;-0,02
15.07.2026;00:30;00:45;0,0;0,0;-0,17;-0,17;-0,01;-0,01;0,0;0,0;-0,02;-0,02;0,0;0,0;0,0;0,0;-0,04;-0,04;0,0;0,0;0,0;0,0;0,0;0,0;0,0;0,0;-0,01;-0,01;0,0;0,0;-0,02;-0,02;0,0;0,0;-0,02;-0,02;-0,01;-0,01;0,0;0,0;0,0;0,0;-0,02;-0,02;-0,12;-0,12;-0,02;-0,02;-0,01;-0,01;0,0;0,0;-0,03;-0,03;-0,01;-0,01;-0,03;-0,03
15.07.2026;00:45;01:00;0,0;0,0;-0,17;-0,17;-0,02;-0,02;0,0;0,0;-0,01;-0,01;0,0;0,0;-0,01;-0,01;-0,04;-0,04;-0,01;-0,01;0,0;0,0;-0,01;-0,01;0,0;0,0;0,0;0,0;0,0;0,0;-0,02;-0,02;0,0;0,0;-0,02;-0,02;-0,01;-0,01;0,0;0,0;-0,02;-0,02;-0,01;-0,01;-0,03;-0,03;0,0;0,0;-0,02;-0,02;0,0;0,0;-0,03;-0,03;0,0;0,0;-0,03;-0,03
15.07.2026;01:00;01:15;0,0;0,0;-0,16;-0,16;-0,03;-0,03;0,0;0,0;-0,02;-0,02;0,0;0,0;0,0;0,0;-0,03;-0,03;0,0;0,0;0,0;0,0;0,0;0,0;0,0;0,0;-0,01;-0,01;0,0;0,0;-0,02;-0,02;-0,01;-0,01;-0,01;-0,01;-0,02;-0,02;0,0;0,0;-0,01;-0,01;0,0;0,0;-0,01;-0,01;-0,01;-0,01;-0,01;-0,01;0,0;0,0;-0,03;-0,03;0,0;0,0;-0,03;-0,03
15.07.2026;01:15;01:30;0,0;0,0;-0,17;-0,17;-0,02;-0,02;0,0;0,0;-0,01;-0,01;0,0;0,0;-0,01;-0,01;-0,02;-0,02;0,0;0,0;0,0;0,0;0,0;0,0;-0,01;-0,01;-0,01;-0,01;0,0;0,0;-0,01;-0,01;0,0;0,0;-0,01;-0,01;-0,03;-0,03;-0,01;-0,01;-0,01;-0,01;-0,02;-0,02;-0,02;-0,02;-0,02;-0,02;-0,02;-0,02;0,0;0,0;-0,02;-0,02;-0,01;-0,01;-0,02;-0,02
15.07.2026;01:30;01:45;0,0;0,0;-0,16;-0,16;-0,01;-0,01;0,0;0,0;0,0;0,0;0,0;0,0;-0,01;-0,01;-0,03;-0,03;0,0;0,0;0,0;0,0;0,0;0,0;0,0;0,0;-0,02;-0,02;0,0;0,0;-0,02;-0,02;0,0;0,0;-0,01;-0,01;-0,02;-0,02;0,0;0,0;0,0;0,0;0,0;0,0;-0,02;-0,02;0,0;0,0;-0,01;-0,01;-0,01;-0,01;-0,02;-0,02;-0,01;-0,01;-0,01;-0,01
15.07.2026;01:45;02:00;0,0;0,0;-0,18;-0,18;-0,02;-0,02;0,0;0,0;-0,01;-0,01;0,0;0,0;0,0;0,0;-0,02;-0,02;0,0;0,0;0,0;0,0;0,0;0,0;0,0;0,0;0,0;0,0;-0,01;-0,01;-0,02;-0,02;0,0;0,0;-0,02;-0,02;-0,02;-0,02;0,0;0,0;-0,01;-0,01;-0,01;-0,01;-0,01;-0,01;-0,02;-0,02;-0,02;-0,02;0,0;0,0;-0,01;-0,01;0,0;0,0;-0,01;-0,01
15.07.2026;02:00;02:15;0,0;0,0;-0,16;-0,16;-0,03;-0,03;0,0;0,0;-0,02;-0,02;0,0;0,0;-0,01;-0,01;-0,02;-0,02;0,0;0,0;0,0;0,0;0,0;0,0;0,0;0,0;-0,01;-0,01;0,0;0,0;-0,02;-0,02;0,0;0,0;-0,02;-0,02;-0,02;-0,02;-0,01;-0,01;-0,01;-0,01;-0,01;-0,01;-0,05;-0,05;-0,01;-0,01;-0,01;-0,01;0,0;0,0;-0,01;-0,01;0,0;0,0;-0,02;-0,02
15.07.2026;02:15;02:30;0,0;0,0;-0,17;-0,17;-0,02;-0,02;0,0;0,0;-0,01;-0,01;-0,01;-0,01;0,0;0,0;-0,02;-0,02;0,0;0,0;0,0;0,0;0,0;0,0;0,0;0,0;-0,01;-0,01;0,0;0,0;-0,02;-0,02;0,0;0,0;-0,02;-0,02;-0,03;-0,03;0,0;0,0;-0,01;-0,01;-0,01;-0,01;-0,04;-0,04;-0,01;-0,01;-0,02;-0,02;0,0;0,0;-0,01;-0,01;-0,01;-0,01;-0,03;-0,03
15.07.2026;02:30;02:45;0,0;0,0;-0,16;-0,16;-0,01;-0,01;0,0;0,0;-0,01;-0,01;0,0;0,0;-0,01;-0,01;-0,02;-0,02;0,0;0,0;0,0;0,0;0,0;0,0;0,0;0,0;-0,01;-0,01;0,0;0,0;-0,01;-0,01;0,0;0,0;-0,03;-0,03;-0,02;-0,02;0,0;0,0;0,0;0,0;-0,01;-0,01;-0,02;-0,02;-0,01;-0,01;-0,02;-0,02;0,0;0,0;-0,02;-0,02;-0,01;-0,01;-0,02;-0,02
15.07.2026;02:45;03:00;0,0;0,0;-0,17;-0,17;-0,02;-0,02;0,0;0,0;-0,01;-0,01;0,0;0,0;0,0;0,0;-0,03;-0,03;0,0;0,0;0,0;0,0;0,0;0,0;0,0;0,0;-0,01;-0,01;0,0;0,0;-0,01;-0,01;0,0;0,0;-0,01;-0,01;-0,02;-0,02;0,0;0,0;-0,01;-0,01;-0,01;-0,01;-0,03;-0,03;-0,01;-0,01;-0,02;-0,02;0,0;0,0;0,0;0,0;0,0;0,0;-0,02;-0,02
15.07.2026;03:00;03:15;0,0;0,0;-0,17;-0,17;-0,02;-0,02;0,0;0,0;-0,01;-0,01;0,0;0,0;-0,01;-0,01;-0,02;-0,02;0,0;0,0;0,0;0,0;0,0;0,0;0,0;0,0;-0,01;-0,01;0,0;0,0;-0,02;-0,02;0,0;0,0;-0,01;-0,01;-0,01;-0,01;-0,01;-0,01;-0,02;-0,02;0,0;0,0;-0,02;-0,02;-0,01;-0,01;-0,02;-0,02;0,0;0,0;-0,02;-0,02;0,0;0,0;-0,02;-0,02
15.07.2026;03:15;03:30;0,0;0,0;-0,16;-0,16;-0,03;-0,03;0,0;0,0;-0,01;-0,01;0,0;0,0;0,0;0,0;-0,02;-0,02;-0,01;-0,01;0,0;0,0;-0,01;-0,01;0,0;0,0;0,0;0,0;0,0;0,0;-0,01;-0,01;0,0;0,0;-0,01;-0,01;-0,01;-0,01;0,0;0,0;-0,01;-0,01;-0,02;-0,02;-0,02;-0,02;0,0;0,0;-0,02;-0,02;0,0;0,0;0,0;0,0;-0,01;-0,01;-0,02;-0,02
15.07.2026;03:30;03:45;0,0;0,0;-0,17;-0,17;-0,01;-0,01;-0,01;-0,01;-0,01;-0,01;0,0;0,0;-0,01;-0,01;-0,02;-0,02;0,0;0,0;0,0;0,0;0,0;0,0;0,0;0,0;-0,02;-0,02;0,0;0,0;-0,02;-0,02;-0,01;-0,01;-0,01;-0,01;-0,01;-0,01;0,0;0,0;-0,01;-0,01;0,0;0,0;-0,01;-0,01;-0,01;-0,01;-0,01;-0,01;-0,01;-0,01;-0,02;-0,02;0,0;0,0;-0,01;-0,01
15.07.2026;03:45;04:00;0,0;0,0;-0,16;-0,16;-0,01;-0,01;0,0;0,0;-0,02;-0,02;0,0;0,0;-0,01;-0,01;0,0;0,0;0,0;0,0;0,0;0,0;0,0;0,0;0,0;0,0;-0,01;-0,01;-0,01;-0,01;-0,01;-0,01;0,0;0,0;-0,03;-0,03;-0,02;-0,02;0,0;0,0;0,0;0,0;-0,01;-0,01;-0,02;-0,02;-0,01;-0,01;-0,02;-0,02;0,0;0,0;0,0;0,0;-0,01;-0,01;-0,03;-0,03
15.07.2026;04:00;04:15;0,0;0,0;-0,17;-0,17;-0,03;-0,03;0,0;0,0;-0,01;-0,01;0,0;0,0;0,0;0,0;-0,02;-0,02;0,0;0,0;0,0;0,0;0,0;0,0;0,0;0,0;-0,01;-0,01;0,0;0,0;-0,02;-0,02;0,0;0,0;-0,02;-0,02;-0,01;-0,01;-0,01;-0,01;-0,01;-0,01;-0,01;-0,01;-0,01;-0,01;-0,01;-0,01;-0,01;-0,01;0,0;0,0;-0,02;-0,02;0,0;0,0;-0,02;-0,02
15.07.2026;04:15;04:30;0,0;0,0;-0,17;-0,17;-0,11;-0,11;0,0;0,0;-0,01;-0,01;-0,01;-0,01;-0,01;-0,01;-0,02;-0,02;0,0;0,0;-0,01;-0,01;0,0;0,0;0,0;0,0;-0,01;-0,01;0,0;0,0;-0,01;-0,01;0,0;0,0;-0,02;-0,02;-0,02;-0,02;0,0;0,0;-0,01;-0,01;-0,01;-0,01;-0,02;-0,02;-0,01;-0,01;-0,02;-0,02;0,0;0,0;0,0;0,0;0,0;0,0;-0,02;-0,02
15.07.2026;04:30;04:45;0,0;0,0;-0,16;-0,16;-0,03;-0,03;0,0;0,0;0,0;0,0;0,0;0,0;0,0;0,0;-0,02;-0,02;0,0;0,0;0,0;0,0;0,0;0,0;0,0;0,0;0,0;0,0;0,0;0,0;-0,02;-0,02;0,0;0,0;-0,02;-0,02;-0,02;-0,02;0,0;0,0;-0,01;-0,01;-0,01;-0,01;-0,01;-0,01;-0,01;-0,01;-0,01;-0,01;0,0;0,0;-0,02;-0,02;-0,01;-0,01;-0,03;-0,03
15.07.2026;04:45;05:00;0,0;0,0;-0,16;-0,16;-0,04;-0,04;0,0;0,0;-0,02;-0,02;0,0;0,0;-0,01;-0,01;-0,02;-0,02;0,0;0,0;0,0;0,0;0,0;0,0;0,0;0,0;-0,02;-0,02;0,0;0,0;-0,01;-0,01;0,0;0,0;-0,02;-0,02;-0,03;-0,03;-0,01;-0,01;0,0;0,0;-0,01;-0,01;-0,02;-0,02;0,0;0,0;-0,02;-0,02;0,0;0,0;0,0;0,0;0,0;0,0;-0,01;-0,01
15.07.2026;05:00;05:15;0,0;0,0;-0,18;-0,18;-0,05;-0,05;0,0;0,0;-0,01;-0,01;0,0;0,0;0,0;0,0;-0,02;-0,02;0,0;0,0;0,0;0,0;0,0;0,0;0,0;0,0;-0,01;-0,01;0,0;0,0;-0,02;-0,02;0,0;0,0;-0,01;-0,01;-0,12;-0,12;0,0;0,0;-0,01;-0,01;0,0;0,0;-0,02;-0,02;-0,01;-0,01;-0,01;-0,01;0,0;0,0;-0,02;-0,02;0,0;0,0;-0,01;-0,01
15.07.2026;05:15;05:30;0,0;0,0;-0,3;-0,3;-0,03;-0,03;0,0;0,0;-0,02;-0,02;0,0;0,0;-0,01;-0,01;-0,02;-0,02;0,0;0,0;0,0;0,0;0,0;0,0;0,0;0,0;-0,01;-0,01;0,0;0,0;-0,01;-0,01;0,0;0,0;-0,01;-0,01;-0,05;-0,05;0,0;0,0;-0,02;-0,02;-0,02;-0,02;-0,01;-0,01;-0,01;-0,01;-0,02;-0,02;0,0;0,0;0,0;0,0;-0,01;-0,01;-0,02;-0,02
15.07.2026;05:30;05:45;0,01;0,01;-0,19;-0,19;-0,03;-0,03;0,0;0,0;-0,01;-0,01;0,0;0,0;0,0;0,0;-0,02;-0,02;0,0;0,0;0,0;0,0;0,0;0,0;0,0;0,0;0,0;0,0;0,0;0,0;-0,02;-0,02;0,0;0,0;-0,09;-0,09;-0,03;-0,03;0,0;0,0;-0,02;-0,02;0,0;0,0;-0,01;-0,01;-0,01;-0,01;-0,01;-0,01;-0,01;-0,01;-0,02;-0,02;-0,01;-0,01;-0,03;-0,03
15.07.2026;05:45;06:00;0,02;0,02;-0,31;-0,31;-0,02;-0,02;0,0;0,0;0,0;0,0;0,0;0,0;-0,01;-0,01;-0,02;-0,02;-0,01;-0,01;0,0;0,0;-0,01;-0,01;0,0;0,0;-0,01;-0,01;-0,01;-0,01;-0,01;-0,01;0,0;0,0;-0,46;-0,46;-0,02;-0,02;-0,01;-0,01;-0,03;-0,03;-0,01;-0,01;-0,03;-0,03;-0,01;-0,01;-0,02;-0,02;0,0;0,0;0,0;0,0;0,0;0,0;-0,02;-0,02
15.07.2026;06:00;06:15;0,01;0,01;-0,25;-0,25;-0,03;-0,03;0,0;0,0;-0,01;-0,01;0,0;0,0;0,0;0,0;-0,02;-0,02;0,0;0,0;0,0;0,0;0,0;0,0;0,0;0,0;-0,02;-0,02;0,0;0,0;-0,01;-0,01;-0,01;-0,01;-0,25;-0,25;-0,02;-0,02;0,0;0,0;-0,03;-0,03;-0,02;-0,02;-0,03;-0,03;-0,01;-0,01;-0,01;-0,01;0,0;0,0;-0,02;-0,02;0,0;0,0;-0,02;-0,02
15.07.2026;06:15;06:30;0,03;0,03;-0,18;-0,18;-0,02;-0,02;0,0;0,0;-0,02;-0,02;-0,01;-0,01;-0,01;-0,01;-0,02;-0,02;0,0;0,0;0,0;0,0;0,0;0,0;-0,01;-0,01;-0,04;-0,04;0,0;0,0;-0,02;-0,02;0,0;0,0;-0,06;-0,06;-0,01;-0,01;0,0;0,0;-0,02;-0,02;0,0;0,0;-0,03;-0,03;-0,01;-0,01;-0,02;-0,02;0,0;0,0;0,0;0,0;-0,01;-0,01;-0,02;-0,02
15.07.2026;06:30;06:45;0,1;0,1;-0,26;-0,26;-0,02;-0,02;0,0;0,0;-0,01;-0,01;0,0;0,0;-0,01;-0,01;-0,02;-0,02;0,0;0,0;0,0;0,0;0,0;0,0;0,0;0,0;-0,03;-0,03;0,0;0,0;-0,02;-0,02;0,0;0,0;-0,02;-0,02;-0,01;-0,01;0,0;0,0;-0,03;-0,03;-0,01;-0,01;-0,01;-0,01;-0,01;-0,01;-0,01;-0,01;0,0;0,0;-0,02;-0,02;-0,01;-0,01;-0,01;-0,01
15.07.2026;06:45;07:00;0,25;0,18;-0,21;-0,14;-0,02;-0,02;0,0;0,0;-0,02;-0,02;0,0;0,0;0,0;0,0;-0,02;-0,02;0,0;0,0;0,0;0,0;0,0;0,0;0,0;0,0;-0,04;-0,04;0,0;0,0;-0,01;-0,01;0,0;0,0;-0,01;-0,01;-0,01;-0,01;-0,01;-0,01;-0,02;-0,02;-0,01;-0,01;-0,03;-0,03;-0,01;-0,01;-0,02;-0,02;0,0;0,0;0,0;0,0;0,0;0,0;-0,02;-0,02
15.07.2026;07:00;07:15;0,36;0,14;-0,35;-0,28;-0,19;-0,18;-0,01;0,0;0,0;0,0;0,0;0,0;-0,01;0,0;-0,02;-0,01;0,0;0,0;0,0;0,0;0,0;0,0;0,0;0,0;-0,02;-0,01;0,0;0,0;-0,01;0,0;0,0;0,0;-0,01;0,0;-0,02;-0,01;0,0;0,0;-0,01;0,0;-0,01;0,0;-0,01;0,0;-0,01;0,0;-0,01;0,0;0,0;0,0;-0,01;0,0;0,0;0,0;-0,23;-0,22
15.07.2026;07:15;07:30;0,5;0,21;-0,19;-0,08;-0,2;-0,18;0,0;0,0;-0,01;0,0;0,0;0,0;0,0;0,0;-0,01;0,0;0,0;0,0;0,0;0,0;0,0;0,0;0,0;0,0;-0,02;0,0;0,0;0,0;-0,01;0,0;0,0;0,0;-0,01;0,0;-0,02;0,0;0,0;0,0;0,0;0,0;-0,01;0,0;-0,01;0,0;0,0;0,0;-0,02;0,0;0,0;0,0;-0,01;0,0;-0,01;0,0;-0,23;-0,21
15.07.2026;07:30;07:45;0,53;0,22;-0,25;-0,12;-0,16;-0,14;0,0;0,0;-0,01;0,0;0,0;0,0;0,0;0,0;-0,01;0,0;0,0;0,0;0,0;0,0;0,0;0,0;0,0;0,0;-0,01;0,0;0,0;0,0;-0,03;-0,01;0,0;0,0;0,0;0,0;-0,03;-0,01;0,0;0,0;-0,01;0,0;0,0;0,0;-0,01;0,0;-0,02;0,0;-0,01;0,0;-0,01;0,0;-0,01;0,0;0,0;0,0;-0,09;-0,07
15.07.2026;07:45;08:00;0,67;0,24;-0,19;-0,04;-0,04;0,0;0,0;0,0;-0,02;0,0;0,0;0,0;-0,01;0,0;-0,02;0,0;0,0;0,0;0,0;0,0;0,0;0,0;0,0;0,0;-0,01;0,0;-0,01;0,0;-0,02;0,0;0,0;0,0;0,0;0,0;-0,02;0,0;-0,01;0,0;-0,01;0,0;-0,01;0,0;-0,01;0,0;-0,01;0,0;-0,02;0,0;0,0;0,0;-0,01;0,0;0,0;0,0;-0,06;-0,01
15.07.2026;08:00;08:15;0,78;0,29;-0,18;0,0;-0,05;0,0;0,0;0,0;-0,01;0,0;0,0;0,0;-0,01;0,0;-0,01;0,0;0,0;0,0;0,0;0,0;0,0;0,0;0,0;0,0;0,0;0,0;0,0;0,0;-0,01;0,0;0,0;0,0;-0,02;0,0;-0,02;0,0;0,0;0,0;-0,01;0,0;-0,02;0,0;-0,01;0,0;0,0;0,0;-0,06;0,0;0,0;0,0;-0,01;0,0;-0,01;0,0;-0,07;-0,01
15.07.2026;08:15;08:30;0,52;0,2;-0,19;-0,08;-0,18;-0,16;0,0;0,0;-0,01;0,0;-0,01;0,0;0,0;0,0;-0,02;0,0;-0,01;0,0;0,0;0,0;-0,01;0,0;0,0;0,0;-0,01;0,0;0,0;0,0;-0,02;0,0;0,0;0,0;-0,01;0,0;-0,03;-0,01;0,0;0,0;0,0;0,0;0,0;0,0;-0,01;0,0;-0,01;0,0;-0,11;-0,09;0,0;0,0;-0,01;0,0;0,0;0,0;-0,03;-0,01
15.07.2026;08:30;08:45;0,37;0,12;-0,18;-0,11;-0,16;-0,15;0,0;0,0;-0,01;0,0;0,0;0,0;-0,01;0,0;-0,03;-0,02;0,0;0,0;0,0;0,0;0,0;0,0;0,0;0,0;-0,02;-0,01;0,0;0,0;-0,01;0,0;-0,01;0,0;-0,02;-0,01;-0,02;-0,01;-0,01;0,0;-0,01;0,0;-0,01;0,0;-0,01;0,0;-0,01;0,0;-0,1;-0,09;0,0;0,0;-0,01;0,0;-0,01;0,0;-0,01;0,0
15.07.2026;08:45;09:00;0,01;0,01;-0,19;-0,19;-0,04;-0,04;0,0;0,0;-0,01;-0,01;0,0;0,0;0,0;0,0;-0,02;-0,02;0,0;0,0;0,0;0,0;0,0;0,0;0,0;0,0;-0,01;-0,01;0,0;0,0;-0,02;-0,02;0,0;0,0;-0,01;-0,01;-0,02;-0,02;0,0;0,0;-0,02;-0,02;-0,01;-0,01;-0,07;-0,07;-0,01;-0,01;-0,21;-0,21;0,0;0,0;-0,01;-0,01;0,0;0,0;-0,02;-0,02
15.07.2026;09:00;09:15;0,0;0,0;-0,2;-0,2;-0,03;-0,03;0,0;0,0;-0,01;-0,01;0,0;0,0;-0,01;-0,01;-0,02;-0,02;0,0;0,0;0,0;0,0;0,0;0,0;0,0;0,0;0,0;0,0;0,0;0,0;-0,01;-0,01;0,0;0,0;-0,02;-0,02;-0,01;-0,01;0,0;0,0;-0,01;-0,01;-0,01;-0,01;-0,29;-0,29;0,0;0,0;-0,36;-0,36;0,0;0,0;-0,02;-0,02;0,0;0,0;-0,03;-0,03
15.07.2026;09:15;09:30;0,18;0,13;-0,18;-0,13;-0,06;-0,06;0,0;0,0;-0,02;-0,02;0,0;0,0;-0,01;-0,01;-0,02;-0,02;0,0;0,0;-0,01;-0,01;0,0;0,0;0,0;0,0;-0,01;-0,01;0,0;0,0;-0,02;-0,02;0,0;0,0;-0,01;-0,01;-0,01;-0,01;0,0;0,0;-0,01;-0,01;-0,01;-0,01;-0,47;-0,47;-0,01;-0,01;-0,13;-0,13;0,0;0,0;-0,26;-0,26;-0,01;-0,01;-0,02;-0,02
15.07.2026;09:30;09:45;0,51;0,19;-0,18;-0,09;-0,05;-0,03;0,0;0,0;-0,01;0,0;0,0;0,0;0,0;0,0;-0,02;0,0;0,0;0,0;0,0;0,0;0,0;0,0;0,0;0,0;-0,01;0,0;0,0;0,0;-0,01;0,0;0,0;0,0;0,0;0,0;-0,02;0,0;-0,01;0,0;-0,01;0,0;-0,01;0,0;-0,44;-0,42;-0,01;0,0;-0,04;-0,02;-0,01;0,0;-0,03;-0,01;-0,01;0,0;-0,02;0,0
15.07.2026;09:45;10:00;0,99;0,47;-0,19;0,0;-0,03;0,0;0,0;0,0;-0,01;0,0;0,0;0,0;-0,01;0,0;-0,02;0,0;0,0;0,0;0,0;0,0;0,0;0,0;0,0;0,0;-0,02;0,0;-0,01;0,0;-0,02;0,0;0,0;0,0;-0,01;0,0;-0,01;0,0;0,0;0,0;-0,01;0,0;-0,01;0,0;-0,05;0,0;-0,01;0,0;-0,05;0,0;0,0;0,0;-0,04;0,0;0,0;0,0;-0,02;0,0
15.07.2026;10:00;10:15;1,03;0,52;-0,18;0,0;-0,01;0,0;0,0;0,0;0,0;0,0;0,0;0,0;0,0;0,0;-0,02;0,0;0,0;0,0;0,0;0,0;0,0;0,0;0,0;0,0;-0,01;0,0;0,0;0,0;-0,01;0,0;0,0;0,0;0,0;0,0;-0,02;0,0;0,0;0,0;0,0;0,0;-0,01;0,0;-0,18;-0,08;-0,01;0,0;-0,11;-0,01;0,0;0,0;-0,03;0,0;0,0;0,0;-0,01;0,0
15.07.2026;10:15;10:30;1,17;0,51;-0,18;0,0;-0,02;0,0;-0,01;0,0;-0,02;0,0;-0,01;0,0;0,0;0,0;-0,02;0,0;0,0;0,0;0,0;0,0;0,0;0,0;0,0;0,0;0,0;0,0;0,0;0,0;-0,02;0,0;0,0;0,0;-0,01;0,0;-0,03;0,0;0,0;0,0;-0,01;0,0;0,0;0,0;-0,09;0,0;-0,01;0,0;-0,17;-0,07;0,0;0,0;-0,21;-0,11;-0,01;0,0;-0,02;0,0
15.07.2026;10:30;10:45;0,58;0,2;-0,19;-0,07;-0,03;0,0;0,0;0,0;-0,01;0,0;0,0;0,0;-0,01;0,0;-0,02;0,0;0,0;0,0;0,0;0,0;0,0;0,0;0,0;0,0;0,0;0,0;0,0;0,0;-0,01;0,0;0,0;0,0;-0,01;0,0;-0,03;0,0;-0,01;0,0;-0,01;0,0;-0,02;0,0;-0,06;-0,03;0,0;0,0;-0,17;-0,14;0,0;0,0;0,0;0,0;-0,01;0,0;-0,03;0,0
15.07.2026;10:45;11:00;1,14;0,48;-0,23;0,0;-0,03;0,0;0,0;0,0;-0,02;0,0;0,0;0,0;-0,01;0,0;-0,01;0,0;-0,01;0,0;0,0;0,0;-0,01;0,0;0,0;0,0;-0,02;0,0;0,0;0,0;-0,01;0,0;0,0;0,0;-0,02;0,0;-0,04;0,0;0,0;0,0;-0,01;0,0;0,0;0,0;-0,15;-0,06;-0,01;0,0;-0,15;-0,06;0,0;0,0;-0,02;0,0;0,0;0,0;-0,03;0,0
15.07.2026;11:00;11:15;1,29;0,69;-0,17;0,0;-0,01;0,0;0,0;0,0;-0,01;0,0;0,0;0,0;0,0;0,0;-0,01;0,0;0,0;0,0;0,0;0,0;0,0;0,0;0,0;0,0;-0,02;0,0;0,0;0,0;-0,02;0,0;-0,01;0,0;-0,01;0,0;-0,03;0,0;0,0;0,0;-0,01;0,0;-0,01;0,0;-0,2;-0,07;-0,01;0,0;-0,13;0,0;0,0;0,0;0,0;0,0;0,0;0,0;-0,02;0,0
15.07.2026;11:15;11:30;0,71;0,25;-0,18;-0,02;-0,02;0,0;0,0;0,0;0,0;0,0;0,0;0,0;-0,01;0,0;-0,01;0,0;0,0;0,0;0,0;0,0;0,0;0,0;-0,01;0,0;0,0;0,0;0,0;0,0;-0,02;0,0;0,0;0,0;-0,01;0,0;-0,05;0,0;0,0;0,0;-0,02;0,0;-0,01;0,0;-0,09;-0,04;-0,01;0,0;-0,04;0,0;0,0;0,0;-0,01;0,0;-0,01;0,0;-0,02;0,0
15.07.2026;11:30;11:45;1,07;0,55;-0,17;0,0;-0,05;0,0;0,0;0,0;-0,01;0,0;0,0;0,0;0,0;0,0;-0,02;0,0;0,0;0,0;0,0;0,0;0,0;0,0;0,0;0,0;-0,01;0,0;0,0;0,0;-0,01;0,0;0,0;0,0;-0,01;0,0;-0,04;0,0;-0,01;0,0;-0,01;0,0;-0,01;0,0;-0,24;-0,15;-0,01;0,0;-0,03;0,0;-0,01;0,0;-0,01;0,0;0,0;0,0;-0,02;0,0
15.07.2026;11:45;12:00;0,98;0,45;-0,18;0,0;-0,06;0,0;0,0;0,0;-0,02;0,0;0,0;0,0;-0,01;0,0;-0,02;0,0;0,0;0,0;0,0;0,0;0,0;0,0;0,0;0,0;0,0;0,0;-0,01;0,0;-0,02;0,0;0,0;0,0;0,0;0,0;-0,04;0,0;0,0;0,0;-0,01;0,0;-0,01;0,0;-0,33;-0,25;-0,01;0,0;-0,04;0,0;0,0;0,0;-0,01;0,0;0,0;0,0;-0,01;0,0
15.07.2026;12:00;12:15;1,02;0,38;-0,18;0,0;-0,18;-0,1;0,0;0,0;-0,01;0,0;0,0;0,0;-0,01;0,0;-0,02;0,0;0,0;0,0;0,0;0,0;0,0;0,0;0,0;0,0;-0,02;0,0;0,0;0,0;-0,2;-0,12;0,0;0,0;-0,01;0,0;-0,04;0,0;0,0;0,0;-0,02;0,0;-0,01;0,0;-0,16;-0,08;-0,01;0,0;-0,03;0,0;0,0;0,0;-0,01;0,0;-0,01;0,0;-0,02;0,0
15.07.2026;12:15;12:30;1,31;0,58;-0,18;0,0;-0,08;0,0;0,0;0,0;-0,01;0,0;-0,01;0,0;0,0;0,0;-0,02;0,0;0,0;0,0;0,0;0,0;0,0;0,0;0,0;0,0;-0,02;0,0;0,0;0,0;-0,03;0,0;0,0;0,0;0,0;0,0;-0,04;0,0;-0,01;0,0;-0,03;0,0;-0,01;0,0;-0,28;-0,15;0,0;0,0;-0,24;-0,11;0,0;0,0;-0,01;0,0;0,0;0,0;-0,02;0,0
15.07.2026;12:30;12:45;1,67;0,83;-0,19;0,0;-0,1;0,0;0,0;0,0;-0,01;0,0;0,0;0,0;0,0;0,0;-0,02;0,0;0,0;0,0;0,0;0,0;0,0;0,0;0,0;0,0;0,0;0,0;0,0;0,0;-0,09;0,0;0,0;0,0;-0,02;0,0;-0,03;0,0;0,0;0,0;0,0;0,0;-0,01;0,0;-0,23;-0,05;-0,01;0,0;-0,14;0,0;0,0;0,0;-0,01;0,0;-0,01;0,0;-0,02;0,0
15.07.2026;12:45;13:00;1,47;0,71;-0,19;0,0;-0,33;-0,18;0,0;0,0;-0,01;0,0;0,0;0,0;-0,01;0,0;-0,02;0,0;0,0;0,0;0,0;0,0;0,0;0,0;0,0;0,0;0,0;0,0;0,0;0,0;-0,02;0,0;0,0;0,0;-0,01;0,0;-0,03;0,0;0,0;0,0;-0,01;0,0;-0,01;0,0;-0,12;0,0;-0,01;0,0;-0,14;0,0;0,0;0,0;-0,01;0,0;0,0;0,0;-0,02;0,0
15.07.2026;13:00;13:15;0,48;0,15;-0,29;-0,2;-0,3;-0,28;0,0;0,0;-0,01;0,0;0,0;0,0;-0,01;0,0;-0,02;0,0;0,0;0,0;0,0;0,0;0,0;0,0;0,0;0,0;-0,02;0,0;0,0;0,0;-0,06;-0,04;0,0;0,0;-0,02;0,0;-0,03;-0,01;0,0;0,0;-0,02;0,0;0,0;0,0;-0,15;-0,13;-0,01;0,0;-0,17;-0,15;0,0;0,0;-0,01;0,0;0,0;0,0;-0,03;-0,01
15.07.2026;13:15;13:30;0,0;0,0;-0,16;-0,16;-0,05;-0,05;0,0;0,0;-0,02;-0,02;0,0;0,0;0,0;0,0;-0,02;-0,02;-0,01;-0,01;0,0;0,0;-0,01;-0,01;0,0;0,0;-0,01;-0,01;0,0;0,0;-0,34;-0,34;0,0;0,0;-0,01;-0,01;-0,02;-0,02;-0,01;-0,01;-0,01;-0,01;-0,02;-0,02;-0,12;-0,12;-0,01;-0,01;-0,1;-0,1;0,0;0,0;-0,01;-0,01;-0,01;-0,01;-0,01;-0,01
15.07.2026;13:30;13:45;0,49;0,2;-0,17;-0,07;-0,03;-0,02;-0,01;0,0;-0,01;0,0;0,0;0,0;-0,01;0,0;-0,01;0,0;0,0;0,0;0,0;0,0;0,0;0,0;0,0;0,0;-0,01;0,0;0,0;0,0;-0,04;-0,03;-0,01;0,0;-0,01;0,0;-0,03;-0,02;0,0;0,0;-0,01;0,0;-0,01;0,0;-0,02;-0,01;-0,01;0,0;-0,07;-0,06;-0,01;0,0;-0,02;-0,01;-0,01;0,0;-0,01;0,0
15.07.2026;13:45;14:00;2,02;1,56;-0,18;0,0;-0,04;0,0;0,0;0,0;-0,01;0,0;0,0;0,0;-0,01;0,0;-0,02;0,0;0,0;0,0;0,0;0,0;0,0;0,0;0,0;0,0;-0,01;0,0;-0,01;0,0;-0,02;0,0;0,0;0,0;0,0;0,0;-0,03;0,0;0,0;0,0;0,0;0,0;0,0;0,0;-0,02;0,0;0,0;0,0;-0,09;0,0;0,0;0,0;0,0;0,0;0,0;0,0;-0,02;0,0
15.07.2026;14:00;14:15;2,04;1,48;-0,19;0,0;-0,05;0,0;0,0;0,0;0,0;0,0;0,0;0,0;0,0;0,0;-0,02;0,0;0,0;0,0;0,0;0,0;0,0;0,0;0,0;0,0;0,0;0,0;0,0;0,0;-0,02;0,0;0,0;0,0;-0,01;0,0;-0,04;0,0;0,0;0,0;-0,02;0,0;-0,02;0,0;-0,06;0,0;-0,01;0,0;-0,08;0,0;0,0;0,0;-0,02;0,0;0,0;0,0;-0,02;0,0
15.07.2026;14:15;14:30;1,87;0,96;-0,18;0,0;-0,06;0,0;0,0;0,0;-0,02;0,0;-0,01;0,0;-0,01;0,0;-0,02;0,0;0,0;0,0;-0,01;0,0;0,0;0,0;0,0;0,0;-0,02;0,0;0,0;0,0;-0,28;-0,09;0,0;0,0;0,0;0,0;-0,04;0,0;-0,01;0,0;-0,25;-0,06;0,0;0,0;-0,03;0,0;-0,01;0,0;-0,08;0,0;0,0;0,0;0,0;0,0;-0,01;0,0;-0,02;0,0
15.07.2026;14:30;14:45;1,15;0,5;-0,16;0,0;-0,42;-0,32;0,0;0,0;-0,01;0,0;0,0;0,0;0,0;0,0;-0,02;0,0;0,0;0,0;0,0;0,0;0,0;0,0;0,0;0,0;-0,01;0,0;0,0;0,0;-0,02;0,0;0,0;0,0;-0,01;0,0;-0,04;0,0;0,0;0,0;-0,14;-0,04;-0,01;0,0;-0,03;0,0;-0,01;0,0;-0,07;0,0;0,0;0,0;-0,02;0,0;-0,01;0,0;-0,03;0,0
15.07.2026;14:45;15:00;1,96;1,15;-0,27;0,0;-0,03;0,0;0,0;0,0;-0,02;0,0;0,0;0,0;-0,01;0,0;0,0;0,0;0,0;0,0;0,0;0,0;0,0;0,0;0,0;0,0;-0,01;0,0;0,0;0,0;-0,02;0,0;0,0;0,0;-0,02;0,0;-0,03;0,0;0,0;0,0;-0,41;-0,18;-0,01;0,0;-0,02;0,0;-0,04;0,0;-0,08;0,0;0,0;0,0;0,0;0,0;0,0;0,0;-0,02;0,0
15.07.2026;15:00;15:15;1,88;1,1;-0,19;0,0;-0,07;0,0;0,0;0,0;-0,01;0,0;0,0;0,0;-0,01;0,0;-0,02;0,0;0,0;0,0;0,0;0,0;0,0;0,0;0,0;0,0;0,0;0,0;0,0;0,0;-0,01;0,0;0,0;0,0;-0,01;0,0;-0,04;0,0;-0,01;0,0;-0,43;-0,22;-0,01;0,0;-0,02;0,0;-0,02;0,0;-0,12;0,0;0,0;0,0;-0,01;0,0;-0,01;0,0;-0,01;0,0
15.07.2026;15:15;15:30;1,73;1,11;-0,16;0,0;-0,03;0,0;0,0;0,0;0,0;0,0;0,0;0,0;0,0;0,0;-0,02;0,0;0,0;0,0;0,0;0,0;0,0;0,0;0,0;0,0;-0,01;0,0;0,0;0,0;-0,01;0,0;0,0;0,0;-0,01;0,0;-0,03;0,0;0,0;0,0;-0,22;-0,01;-0,02;0,0;-0,02;0,0;-0,02;0,0;-0,02;0,0;0,0;0,0;-0,01;0,0;-0,04;0,0;-0,01;0,0
15.07.2026;15:30;15:45;1,63;1,18;-0,17;0,0;-0,02;0,0;0,0;0,0;-0,01;0,0;0,0;0,0;-0,01;0,0;-0,02;0,0;0,0;0,0;0,0;0,0;0,0;0,0;0,0;0,0;-0,02;0,0;0,0;0,0;-0,02;0,0;0,0;0,0;-0,02;0,0;-0,02;0,0;0,0;0,0;-0,04;0,0;0,0;0,0;-0,02;0,0;-0,01;0,0;-0,02;0,0;-0,01;0,0;-0,01;0,0;-0,01;0,0;-0,02;0,0
15.07.2026;15:45;16:00;1,56;1,12;-0,19;0,0;-0,01;0,0;0,0;0,0;-0,02;0,0;0,0;0,0;0,0;0,0;-0,02;0,0;-0,01;0,0;0,0;0,0;-0,01;0,0;0,0;0,0;-0,01;0,0;-0,01;0,0;-0,01;0,0;0,0;0,0;0,0;0,0;-0,02;0,0;0,0;0,0;-0,02;0,0;-0,01;0,0;-0,03;0,0;-0,01;0,0;-0,02;0,0;0,0;0,0;-0,01;0,0;-0,01;0,0;-0,02;0,0
15.07.2026;16:00;16:15;1,49;0,94;-0,17;0,0;-0,03;0,0;0,0;0,0;-0,01;0,0;0,0;0,0;-0,01;0,0;-0,01;0,0;0,0;0,0;0,0;0,0;0,0;0,0;0,0;0,0;-0,02;0,0;0,0;0,0;-0,02;0,0;-0,01;0,0;-0,01;0,0;-0,01;0,0;-0,01;0,0;-0,03;0,0;-0,01;0,0;-0,02;0,0;-0,01;0,0;-0,13;0,0;0,0;0,0;-0,01;0,0;0,0;0,0;-0,03;0,0
15.07.2026;16:15;16:30;0,5;0,19;-0,19;-0,1;-0,03;-0,01;0,0;0,0;-0,01;0,0;-0,01;0,0;0,0;0,0;-0,02;0,0;0,0;0,0;0,0;0,0;0,0;0,0;-0,01;0,0;-0,01;0,0;0,0;0,0;-0,01;0,0;0,0;0,0;0,0;0,0;-0,01;0,0;0,0;0,0;-0,03;-0,01;-0,01;0,0;-0,02;0,0;-0,01;0,0;-0,08;-0,06;0,0;0,0;-0,01;0,0;-0,01;0,0;-0,02;0,0
15.07.2026;16:30;16:45;0,3;0,11;-0,25;-0,22;-0,03;-0,02;0,0;0,0;-0,01;0,0;0,0;0,0;-0,01;0,0;-0,02;-0,01;0,0;0,0;0,0;0,0;0,0;0,0;0,0;0,0;-0,02;-0,01;0,0;0,0;-0,03;-0,02;0,0;0,0;0,0;0,0;-0,02;-0,01;-0,01;0,0;-0,03;-0,02;-0,01;0,0;-0,03;-0,02;-0,01;0,0;-0,05;-0,04;0,0;0,0;-0,01;0,0;-0,01;0,0;-0,02;-0,01
15.07.2026;16:45;17:00;0,1;0,1;-0,15;-0,15;-0,01;-0,01;0,0;0,0;-0,01;-0,01;0,0;0,0;0,0;0,0;-0,02;-0,02;0,0;0,0;0,0;0,0;0,0;0,0;0,0;0,0;-0,01;-0,01;0,0;0,0;-0,03;-0,03;0,0;0,0;-0,02;-0,02;-0,01;-0,01;0,0;0,0;-0,04;-0,04;-0,01;-0,01;-0,03;-0,03;-0,01;-0,01;-0,05;-0,05;0,0;0,0;-0,01;-0,01;0,0;0,0;-0,01;-0,01
15.07.2026;17:00;17:15;0,02;0,02;-0,18;-0,18;-0,02;-0,02;-0,01;-0,01;-0,01;-0,01;0,0;0,0;-0,01;-0,01;-0,02;-0,02;0,0;0,0;0,0;0,0;0,0;0,0;0,0;0,0;0,0;0,0;0,0;0,0;-0,02;-0,02;0,0;0,0;-0,01;-0,01;-0,01;-0,01;-0,01;-0,01;-0,06;-0,06;0,0;0,0;-0,03;-0,03;-0,01;-0,01;-0,02;-0,02;0,0;0,0;-0,01;-0,01;-0,01;-0,01;-0,01;-0,01
15.07.2026;17:15;17:30;0,0;0,0;-0,17;-0,17;-0,03;-0,03;0,0;0,0;-0,02;-0,02;0,0;0,0;0,0;0,0;-0,02;-0,02;0,0;0,0;0,0;0,0;0,0;0,0;0,0;0,0;-0,01;-0,01;0,0;0,0;-0,03;-0,03;0,0;0,0;-0,02;-0,02;-0,03;-0,03;0,0;0,0;-0,04;-0,04;-0,02;-0,02;-0,01;-0,01;-0,01;-0,01;-0,07;-0,07;0,0;0,0;-0,01;-0,01;0,0;0,0;-0,02;-0,02
15.07.2026;17:30;17:45;0,05;0,05;-0,26;-0,26;-0,04;-0,04;0,0;0,0;-0,01;-0,01;0,0;0,0;-0,01;-0,01;-0,02;-0,02;0,0;0,0;0,0;0,0;0,0;0,0;0,0;0,0;-0,02;-0,02;0,0;0,0;-0,02;-0,02;0,0;0,0;-0,01;-0,01;-0,02;-0,02;-0,01;-0,01;-0,07;-0,07;0,0;0,0;-0,02;-0,02;-0,01;-0,01;-0,03;-0,03;-0,01;-0,01;-0,01;-0,01;-0,01;-0,01;-0,03;-0,03
15.07.2026;17:45;18:00;0,24;0,18;-0,17;-0,11;-0,03;-0,03;0,0;0,0;-0,01;-0,01;0,0;0,0;-0,01;-0,01;-0,02;-0,02;0,0;0,0;0,0;0,0;0,0;0,0;0,0;0,0;-0,01;-0,01;-0,01;-0,01;-0,03;-0,03;0,0;0,0;-0,01;-0,01;-0,03;-0,03;0,0;0,0;-0,09;-0,09;-0,01;-0,01;-0,02;-0,02;-0,01;-0,01;-0,04;-0,04;0,0;0,0;-0,03;-0,03;0,0;0,0;-0,02;-0,02
15.07.2026;18:00;18:15;0,4;0,19;-0,19;-0,11;-0,02;-0,01;0,0;0,0;0,0;0,0;0,0;0,0;0,0;0,0;-0,02;-0,01;0,0;0,0;0,0;0,0;0,0;0,0;0,0;0,0;-0,01;0,0;0,0;0,0;-0,02;-0,01;0,0;0,0;-0,01;0,0;-0,05;-0,04;-0,08;-0,07;-0,08;-0,07;-0,02;-0,01;-0,03;-0,02;0,0;0,0;-0,09;-0,08;0,0;0,0;-0,02;-0,01;0,0;0,0;-0,02;-0,01
15.07.2026;18:15;18:30;0,57;0,16;-0,34;-0,23;-0,02;0,0;0,0;0,0;-0,02;0,0;-0,01;0,0;-0,01;0,0;-0,02;0,0;-0,01;0,0;0,0;0,0;-0,01;0,0;0,0;0,0;-0,22;-0,2;0,0;0,0;-0,02;0,0;0,0;0,0;-0,2;-0,18;-0,08;-0,06;0,0;0,0;-0,07;-0,05;0,0;0,0;-0,03;-0,01;-0,01;0,0;-0,09;-0,07;0,0;0,0;-0,04;-0,02;-0,01;0,0;-0,02;0,0
15.07.2026;18:30;18:45;0,21;0,16;-0,2;-0,15;-0,03;-0,03;0,0;0,0;-0,01;-0,01;0,0;0,0;0,0;0,0;-0,04;-0,04;0,0;0,0;0,0;0,0;0,0;0,0;0,0;0,0;-0,14;-0,14;0,0;0,0;-0,03;-0,03;-0,01;-0,01;-0,4;-0,4;-0,1;-0,1;0,0;0,0;-0,09;-0,09;-0,01;-0,01;-0,06;-0,06;-0,01;-0,01;-0,07;-0,07;0,0;0,0;-0,04;-0,04;0,0;0,0;-0,02;-0,02
15.07.2026;18:45;19:00;0,3;0,11;-0,27;-0,24;-0,04;-0,03;0,0;0,0;-0,02;-0,01;0,0;0,0;0,0;0,0;-0,04;-0,03;0,0;0,0;0,0;0,0;0,0;0,0;0,0;0,0;-0,04;-0,03;0,0;0,0;-0,03;-0,02;0,0;0,0;-0,18;-0,17;-0,08;-0,07;-0,01;0,0;-0,06;-0,05;-0,01;0,0;-0,03;-0,02;-0,01;0,0;-0,09;-0,08;0,0;0,0;-0,03;-0,02;-0,01;0,0;-0,01;0,0
15.07.2026;19:00;19:15;0,4;0,18;-0,27;-0,2;-0,01;0,0;0,0;0,0;-0,01;0,0;0,0;0,0;-0,01;0,0;-0,21;-0,2;0,0;0,0;0,0;0,0;0,0;0,0;0,0;0,0;-0,03;-0,02;0,0;0,0;-0,02;-0,01;0,0;0,0;-0,07;-0,06;-0,08;-0,07;0,0;0,0;-0,04;-0,03;-0,01;0,0;-0,02;-0,01;-0,01;0,0;-0,09;-0,08;0,0;0,0;-0,03;-0,02;0,0;0,0;-0,02;-0,01
15.07.2026;19:15;19:30;0,25;0,18;-0,18;-0,11;-0,02;-0,02;0,0;0,0;0,0;0,0;0,0;0,0;-0,01;-0,01;-0,15;-0,15;0,0;0,0;-0,01;-0,01;0,0;0,0;0,0;0,0;-0,02;-0,02;0,0;0,0;-0,02;-0,02;0,0;0,0;-0,07;-0,07;-0,06;-0,06;0,0;0,0;-0,03;-0,03;-0,01;-0,01;-0,03;-0,03;-0,01;-0,01;-0,2;-0,2;0,0;0,0;-0,04;-0,04;-0,01;-0,01;-0,02;-0,02
15.07.2026;19:30;19:45;0,17;0,12;-0,2;-0,15;-0,03;-0,03;0,0;0,0;-0,01;-0,01;0,0;0,0;0,0;0,0;-0,35;-0,35;0,0;0,0;0,0;0,0;0,0;0,0;0,0;0,0;0,0;0,0;0,0;0,0;-0,02;-0,02;0,0;0,0;-0,07;-0,07;-0,07;-0,07;0,0;0,0;-0,02;-0,02;-0,01;-0,01;-0,03;-0,03;0,0;0,0;-0,21;-0,21;-0,01;-0,01;-0,02;-0,02;0,0;0,0;-0,02;-0,02
15.07.2026;19:45;20:00;0,13;0,11;-0,18;-0,16;-0,05;-0,05;0,0;0,0;-0,02;-0,02;0,0;0,0;-0,01;-0,01;-0,1;-0,1;0,0;0,0;0,0;0,0;0,0;0,0;0,0;0,0;-0,01;-0,01;-0,01;-0,01;-0,01;-0,01;0,0;0,0;-0,07;-0,07;-0,06;-0,06;-0,01;-0,01;-0,02;-0,02;-0,01;-0,01;-0,02;-0,02;-0,01;-0,01;-0,22;-0,22;0,0;0,0;-0,04;-0,04;-0,01;-0,01;-0,02;-0,02
15.07.2026;20:00;20:15;0,11;0,11;-0,17;-0,17;-0,05;-0,05;0,0;0,0;-0,01;-0,01;0,0;0,0;0,0;0,0;-0,09;-0,09;0,0;0,0;0,0;0,0;0,0;0,0;0,0;0,0;-0,01;-0,01;0,0;0,0;-0,01;-0,01;0,0;0,0;-0,08;-0,08;-0,06;-0,06;0,0;0,0;0,0;0,0;-0,01;-0,01;-0,03;-0,03;-0,01;-0,01;-0,19;-0,19;0,0;0,0;-0,04;-0,04;0,0;0,0;-0,03;-0,03
15.07.2026;20:15;20:30;0,03;0,03;-0,18;-0,18;-0,06;-0,06;-0,01;-0,01;-0,02;-0,02;-0,01;-0,01;-0,01;-0,01;-0,08;-0,08;0,0;0,0;0,0;0,0;0,0;0,0;0,0;0,0;-0,02;-0,02;0,0;0,0;-0,01;-0,01;0,0;0,0;-0,07;-0,07;-0,05;-0,05;0,0;0,0;-0,01;-0,01;0,0;0,0;-0,02;-0,02;-0,01;-0,01;-0,21;-0,21;0,0;0,0;-0,05;-0,05;0,0;0,0;-0,01;-0,01
15.07.2026;20:30;20:45;0,02;0,02;-0,16;-0,16;-0,04;-0,04;0,0;0,0;0,0;0,0;0,0;0,0;-0,01;-0,01;-0,08;-0,08;0,0;0,0;0,0;0,0;0,0;0,0;0,0;0,0;-0,02;-0,02;0,0;0,0;-0,02;-0,02;0,0;0,0;-0,07;-0,07;-0,05;-0,05;0,0;0,0;-0,01;-0,01;-0,02;-0,02;-0,02;-0,02;-0,01;-0,01;-0,22;-0,22;0,0;0,0;-0,03;-0,03;-0,01;-0,01;-0,01;-0,01
15.07.2026;20:45;21:00;0,01;0,01;-0,17;-0,17;-0,06;-0,06;0,0;0,0;-0,01;-0,01;0,0;0,0;0,0;0,0;-0,29;-0,29;-0,01;-0,01;0,0;0,0;-0,01;-0,01;0,0;0,0;-0,01;-0,01;0,0;0,0;-0,01;-0,01;0,0;0,0;-0,08;-0,08;-0,05;-0,05;-0,01;-0,01;-0,02;-0,02;-0,01;-0,01;-0,02;-0,02;-0,01;-0,01;-0,24;-0,24;0,0;0,0;-0,04;-0,04;-0,01;-0,01;-0,02;-0,02
15.07.2026;21:00;21:15;0,0;0,0;-0,18;-0,18;-0,06;-0,06;0,0;0,0;-0,01;-0,01;0,0;0,0;-0,01;-0,01;-0,17;-0,17;0,0;0,0;0,0;0,0;0,0;0,0;0,0;0,0;-0,01;-0,01;0,0;0,0;-0,01;-0,01;-0,01;-0,01;-0,06;-0,06;-0,05;-0,05;0,0;0,0;-0,01;-0,01;0,0;0,0;-0,02;-0,02;-0,02;-0,02;-0,13;-0,13;0,0;0,0;-0,03;-0,03;0,0;0,0;-0,02;-0,02
15.07.2026;21:15;21:30;0,0;0,0;-0,18;-0,18;-0,05;-0,05;0,0;0,0;-0,02;-0,02;0,0;0,0;0,0;0,0;-0,07;-0,07;0,0;0,0;0,0;0,0;0,0;0,0;-0,01;-0,01;-0,02;-0,02;0,0;0,0;-0,02;-0,02;0,0;0,0;-0,03;-0,03;-0,05;-0,05;0,0;0,0;-0,01;-0,01;-0,02;-0,02;-0,02;-0,02;-0,01;-0,01;-0,03;-0,03;0,0;0,0;-0,02;-0,02;0,0;0,0;-0,02;-0,02
15.07.2026;21:30;21:45;0,0;0,0;-0,16;-0,16;-0,04;-0,04;0,0;0,0;-0,01;-0,01;0,0;0,0;-0,01;-0,01;-0,08;-0,08;0,0;0,0;0,0;0,0;0,0;0,0;0,0;0,0;-0,03;-0,03;0,0;0,0;-0,01;-0,01;0,0;0,0;-0,02;-0,02;-0,05;-0,05;0,0;0,0;-0,02;-0,02;0,0;0,0;-0,02;-0,02;-0,01;-0,01;-0,04;-0,04;-0,01;-0,01;-0,03;-0,03;-0,01;-0,01;-0,03;-0,03
15.07.2026;21:45;22:00;0,0;0,0;-0,17;-0,17;-0,04;-0,04;0,0;0,0;-0,01;-0,01;0,0;0,0;0,0;0,0;-0,07;-0,07;0,0;0,0;0,0;0,0;0,0;0,0;0,0;0,0;-0,02;-0,02;-0,01;-0,01;-0,01;-0,01;0,0;0,0;-0,01;-0,01;-0,05;-0,05;-0,01;-0,01;-0,02;-0,02;-0,01;-0,01;-0,01;-0,01;-0,02;-0,02;-0,04;-0,04;0,0;0,0;-0,03;-0,03;0,0;0,0;-0,02;-0,02
15.07.2026;22:00;22:15;0,0;0,0;-0,16;-0,16;-0,03;-0,03;0,0;0,0;-0,01;-0,01;0,0;0,0;-0,01;-0,01;-0,06;-0,06;0,0;0,0;0,0;0,0;0,0;0,0;0,0;0,0;-0,02;-0,02;0,0;0,0;-0,03;-0,03;0,0;0,0;-0,01;-0,01;-0,05;-0,05;0,0;0,0;-0,01;-0,01;-0,01;-0,01;-0,01;-0,01;0,0;0,0;-0,04;-0,04;0,0;0,0;-0,03;-0,03;-0,01;-0,01;-0,01;-0,01
15.07.2026;22:15;22:30;0,0;0,0;-0,19;-0,19;-0,03;-0,03;0,0;0,0;-0,01;-0,01;-0,01;-0,01;0,0;0,0;-0,05;-0,05;0,0;0,0;0,0;0,0;0,0;0,0;0,0;0,0;-0,01;-0,01;0,0;0,0;-0,01;-0,01;0,0;0,0;-0,02;-0,02;-0,05;-0,05;0,0;0,0;-0,02;-0,02;-0,01;-0,01;-0,03;-0,03;-0,01;-0,01;-0,03;-0,03;0,0;0,0;-0,02;-0,02;0,0;0,0;-0,01;-0,01
15.07.2026;22:30;22:45;0,0;0,0;-0,19;-0,19;-0,01;-0,01;0,0;0,0;-0,01;-0,01;0,0;0,0;-0,01;-0,01;-0,04;-0,04;0,0;0,0;0,0;0,0;0,0;0,0;0,0;0,0;-0,01;-0,01;0,0;0,0;-0,03;-0,03;0,0;0,0;-0,02;-0,02;-0,04;-0,04;-0,01;-0,01;-0,01;-0,01;-0,01;-0,01;-0,04;-0,04;-0,02;-0,02;-0,04;-0,04;0,0;0,0;-0,04;-0,04;0,0;0,0;-0,02;-0,02
15.07.2026;22:45;23:00;0,0;0,0;-0,24;-0,24;-0,02;-0,02;0,0;0,0;-0,02;-0,02;0,0;0,0;-0,01;-0,01;-0,04;-0,04;0,0;0,0;0,0;0,0;0,0;0,0;0,0;0,0;-0,02;-0,02;0,0;0,0;-0,02;-0,02;0,0;0,0;-0,02;-0,02;-0,02;-0,02;0,0;0,0;0,0;0,0;-0,01;-0,01;-0,04;-0,04;0,0;0,0;-0,02;-0,02;0,0;0,0;-0,02;-0,02;-0,01;-0,01;-0,03;-0,03
15.07.2026;23:00;23:15;0,0;0,0;-0,17;-0,17;-0,03;-0,03;0,0;0,0;-0,01;-0,01;0,0;0,0;0,0;0,0;-0,02;-0,02;0,0;0,0;0,0;0,0;0,0;0,0;0,0;0,0;-0,01;-0,01;0,0;0,0;-0,01;-0,01;0,0;0,0;-0,03;-0,03;-0,03;-0,03;0,0;0,0;-0,01;-0,01;0,0;0,0;-0,02;-0,02;-0,01;-0,01;-0,02;-0,02;0,0;0,0;-0,04;-0,04;-0,01;-0,01;-0,04;-0,04
15.07.2026;23:15;23:30;0,0;0,0;-0,26;-0,26;-0,02;-0,02;0,0;0,0;-0,01;-0,01;0,0;0,0;-0,01;-0,01;-0,03;-0,03;-0,01;-0,01;0,0;0,0;-0,01;-0,01;0,0;0,0;0,0;0,0;0,0;0,0;-0,02;-0,02;0,0;0,0;-0,02;-0,02;-0,02;-0,02;0,0;0,0;-0,03;-0,03;-0,02;-0,02;-0,04;-0,04;-0,01;-0,01;-0,01;-0,01;0,0;0,0;-0,02;-0,02;0,0;0,0;-0,04;-0,04
15.07.2026;23:30;23:45;0,0;0,0;-0,22;-0,22;-0,02;-0,02;-0,01;-0,01;-0,01;-0,01;0,0;0,0;0,0;0,0;-0,02;-0,02;0,0;0,0;0,0;0,0;0,0;0,0;0,0;0,0;-0,01;-0,01;0,0;0,0;-0,02;-0,02;-0,01;-0,01;-0,02;-0,02;-0,03;-0,03;-0,01;-0,01;-0,03;-0,03;-0,01;-0,01;-0,04;-0,04;-0,01;-0,01;-0,02;-0,02;-0,01;-0,01;-0,03;-0,03;0,0;0,0;-0,04;-0,04
15.07.2026;23:45;00:00;0,0;0,0;-0,24;-0,24;-0,01;-0,01;0,0;0,0;-0,01;-0,01;0,0;0,0;-0,01;-0,01;-0,02;-0,02;0,0;0,0;0,0;0,0;0,0;0,0;0,0;0,0;-0,02;-0,02;-0,01;-0,01;-0,03;-0,03;0,0;0,0;-0,01;-0,01;-0,02;-0,02;0,0;0,0;-0,01;-0,01;-0,01;-0,01;-0,04;-0,04;0,0;0,0;-0,01;-0,01;0,0;0,0;-0,02;-0,02;-0,01;-0,01;-0,03;-0,03
16.07.2026;00:00;00:15;0,0;0,0;-0,29;-0,29;-0,02;-0,02;0,0;0,0;-0,02;-0,02;0,0;0,0;-0,01;-0,01;-0,03;-0,03;0,0;0,0;0,0;0,0;0,0;0,0;0,0;0,0;-0,01;-0,01;0,0;0,0;-0,03;-0,03;0,0;0,0;-0,01;-0,01;-0,01;-0,01;0,0;0,0;-0,01;-0,01;-0,01;-0,01;-0,03;-0,03;-0,02;-0,02;-0,02;-0,02;0,0;0,0;-0,02;-0,02;0,0;0,0;-0,02;-0,02
16.07.2026;00:15;00:30;0,0;0,0;-0,21;-0,21;-0,03;-0,03;0,0;0,0;-0,01;-0,01;-0,01;-0,01;0,0;0,0;-0,02;-0,02;0,0;0,0;-0,01;-0,01;0,0;0,0;0,0;0,0;0,0;0,0;0,0;0,0;-0,03;-0,03;0,0;0,0;-0,01;-0,01;-0,02;-0,02;0,0;0,0;0,0;0,0;0,0;0,0;-0,02;-0,02;-0,01;-0,01;-0,02;-0,02;0,0;0,0;-0,01;-0,01;-0,01;-0,01;-0,01;-0,01
16.07.2026;00:30;00:45;0,0;0,0;-0,21;-0,21;-0,02;-0,02;0,0;0,0;-0,01;-0,01;0,0;0,0;0,0;0,0;-0,03;-0,03;0,0;0,0;0,0;0,0;0,0;0,0;0,0;0,0;-0,01;-0,01;0,0;0,0;-0,03;-0,03;0,0;0,0;-0,02;-0,02;-0,02;-0,02;-0,01;-0,01;-0,01;-0,01;-0,01;-0,01;-0,02;-0,02;0,0;0,0;-0,02;-0,02;0,0;0,0;-0,01;-0,01;0,0;0,0;-0,03;-0,03
16.07.2026;00:45;01:00;0,0;0,0;-0,17;-0,17;-0,02;-0,02;0,0;0,0;-0,02;-0,02;0,0;0,0;-0,01;-0,01;-0,03;-0,03;0,0;0,0;0,0;0,0;0,0;0,0;0,0;0,0;-0,01;-0,01;0,0;0,0;-0,22;-0,22;0,0;0,0;-0,02;-0,02;-0,02;-0,02;0,0;0,0;-0,01;-0,01;-0,01;-0,01;-0,03;-0,03;-0,01;-0,01;-0,02;-0,02;0,0;0,0;-0,01;-0,01;-0,01;-0,01;-0,03;-0,03
16.07.2026;01:00;01:15;0,0;0,0;-0,16;-0,16;-0,03;-0,03;0,0;0,0;-0,04;-0,04;0,0;0,0;0,0;0,0;-0,07;-0,07;0,0;0,0;0,0;0,0;0,0;0,0;0,0;0,0;-0,01;-0,01;0,0;0,0;-0,03;-0,03;0,0;0,0;-0,03;-0,03;-0,02;-0,02;0,0;0,0;-0,01;-0,01;-0,01;-0,01;-0,02;-0,02;-0,01;-0,01;-0,05;-0,05;0,0;0,0;-0,02;-0,02;0,0;0,0;-0,02;-0,02
16.07.2026;01:15;01:30;0,0;0,0;-0,17;-0,17;-0,05;-0,05;0,0;0,0;-0,02;-0,02;0,0;0,0;-0,01;-0,01;-0,02;-0,02;0,0;0,0;0,0;0,0;0,0;0,0;0,0;0,0;-0,01;-0,01;0,0;0,0;-0,03;-0,03;0,0;0,0;-0,02;-0,02;-0,02;-0,02;-0,01;-0,01;-0,01;-0,01;-0,01;-0,01;-0,02;-0,02;-0,01;-0,01;-0,02;-0,02;0,0;0,0;0,0;0,0;0,0;0,0;-0,02;-0,02
16.07.2026;01:30;01:45;0,0;0,0;-0,16;-0,16;-0,04;-0,04;0,0;0,0;-0,02;-0,02;0,0;0,0;-0,01;-0,01;-0,02;-0,02;0,0;0,0;0,0;0,0;0,0;0,0;0,0;0,0;-0,01;-0,01;0,0;0,0;-0,03;-0,03;0,0;0,0;-0,02;-0,02;-0,02;-0,02;0,0;0,0;-0,01;-0,01;-0,01;-0,01;-0,01;-0,01;-0,01;-0,01;-0,02;-0,02;-0,01;-0,01;-0,02;-0,02;-0,01;-0,01;-0,02;-0,02
16.07.2026;01:45;02:00;0,0;0,0;-0,17;-0,17;-0,02;-0,02;0,0;0,0;-0,02;-0,02;0,0;0,0;0,0;0,0;-0,02;-0,02;-0,01;-0,01;0,0;0,0;-0,01;-0,01;0,0;0,0;0,0;0,0;-0,01;-0,01;-0,03;-0,03;0,0;0,0;-0,02;-0,02;-0,02;-0,02;0,0;0,0;-0,01;-0,01;-0,01;-0,01;-0,01;-0,01;-0,01;-0,01;-0,01;-0,01;0,0;0,0;0,0;0,0;-0,01;-0,01;-0,01;-0,01
16.07.2026;02:00;02:15;0,0;0,0;-0,2;-0,2;-0,03;-0,03;0,0;0,0;-0,02;-0,02;0,0;0,0;-0,01;-0,01;-0,01;-0,01;0,0;0,0;0,0;0,0;0,0;0,0;0,0;0,0;-0,01;-0,01;0,0;0,0;-0,03;-0,03;-0,01;-0,01;-0,01;-0,01;-0,03;-0,03;0,0;0,0;-0,01;-0,01;-0,01;-0,01;0,0;0,0;0,0;0,0;-0,02;-0,02;0,0;0,0;-0,02;-0,02;0,0;0,0;-0,02;-0,02
16.07.2026;02:15;02:30;0,0;0,0;-0,2;-0,2;-0,03;-0,03;0,0;0,0;-0,02;-0,02;-0,01;-0,01;0,0;0,0;-0,02;-0,02;0,0;0,0;0,0;0,0;0,0;0,0;-0,01;-0,01;-0,02;-0,02;0,0;0,0;-0,02;-0,02;0,0;0,0;-0,01;-0,01;-0,02;-0,02;-0,01;-0,01;0,0;0,0;0,0;0,0;-0,01;-0,01;-0,01;-0,01;-0,02;-0,02;0,0;0,0;0,0;0,0;0,0;0,0;-0,02;-0,02
16.07.2026;02:30;02:45;0,0;0,0;-0,17;-0,17;-0,02;-0,02;0,0;0,0;-0,01;-0,01;0,0;0,0;-0,01;-0,01;-0,02;-0,02;0,0;0,0;0,0;0,0;0,0;0,0;0,0;0,0;-0,01;-0,01;0,0;0,0;-0,04;-0,04;0,0;0,0;-0,01;-0,01;-0,02;-0,02;0,0;0,0;-0,01;-0,01;-0,01;-0,01;-0,01;-0,01;-0,01;-0,01;-0,02;-0,02;0,0;0,0;-0,02;-0,02;-0,01;-0,01;-0,03;-0,03
16.07.2026;02:45;03:00;0,0;0,0;-0,18;-0,18;-0,01;-0,01;0,0;0,0;-0,01;-0,01;0,0;0,0;-0,01;-0,01;-0,02;-0,02;0,0;0,0;0,0;0,0;0,0;0,0;0,0;0,0;-0,01;-0,01;0,0;0,0;-0,03;-0,03;0,0;0,0;-0,03;-0,03;-0,02;-0,02;0,0;0,0;-0,02;-0,02;-0,01;-0,01;0,0;0,0;-0,01;-0,01;-0,02;-0,02;0,0;0,0;-0,01;-0,01;0,0;0,0;-0,02;-0,02
16.07.2026;03:00;03:15;0,0;0,0;-0,17;-0,17;-0,02;-0,02;-0,01;-0,01;-0,01;-0,01;0,0;0,0;0,0;0,0;-0,02;-0,02;0,0;0,0;0,0;0,0;0,0;0,0;0,0;0,0;0,0;0,0;0,0;0,0;-0,06;-0,06;0,0;0,0;-0,02;-0,02;-0,02;-0,02;0,0;0,0;0,0;0,0;-0,01;-0,01;-0,02;-0,02;-0,01;-0,01;0,0;0,0;0,0;0,0;-0,01;-0,01;-0,01;-0,01;-0,02;-0,02
16.07.2026;03:15;03:30;0,0;0,0;-0,17;-0,17;-0,03;-0,03;0,0;0,0;-0,01;-0,01;0,0;0,0;-0,01;-0,01;-0,02;-0,02;0,0;0,0;0,0;0,0;0,0;0,0;0,0;0,0;-0,01;-0,01;0,0;0,0;-0,01;-0,01;0,0;0,0;-0,02;-0,02;-0,01;-0,01;-0,01;-0,01;-0,01;-0,01;-0,01;-0,01;-0,01;-0,01;-0,01;-0,01;-0,02;-0,02;0,0;0,0;-0,01;-0,01;0,0;0,0;-0,01;-0,01
16.07.2026;03:30;03:45;0,0;0,0;-0,18;-0,18;-0,02;-0,02;0,0;0,0;-0,02;-0,02;0,0;0,0;0,0;0,0;-0,02;-0,02;0,0;0,0;0,0;0,0;0,0;0,0;0,0;0,0;-0,02;-0,02;0,0;0,0;-0,02;-0,02;0,0;0,0;-0,03;-0,03;-0,01;-0,01;0,0;0,0;-0,01;-0,01;-0,01;-0,01;-0,01;-0,01;-0,01;-0,01;-0,01;-0,01;-0,01;-0,01;-0,01;-0,01;0,0;0,0;-0,02;-0,02
16.07.2026;03:45;04:00;0,0;0,0;-0,17;-0,17;-0,02;-0,02;0,0;0,0;-0,01;-0,01;0,0;0,0;-0,01;-0,01;-0,02;-0,02;0,0;0,0;0,0;0,0;0,0;0,0;0,0;0,0;-0,01;-0,01;-0,01;-0,01;-0,01;-0,01;0,0;0,0;-0,01;-0,01;-0,01;-0,01;0,0;0,0;-0,01;-0,01;-0,01;-0,01;-0,01;-0,01;0,0;0,0;-0,01;-0,01;0,0;0,0;-0,01;-0,01;-0,01;-0,01;-0,02;-0,02
16.07.2026;04:00;04:15;0,0;0,0;-0,17;-0,17;-0,01;-0,01;0,0;0,0;-0,01;-0,01;0,0;0,0;0,0;0,0;-0,02;-0,02;0,0;0,0;0,0;0,0;0,0;0,0;0,0;0,0;0,0;0,0;0,0;0,0;-0,01;-0,01;0,0;0,0;-0,01;-0,01;-0,02;-0,02;-0,01;-0,01;-0,01;-0,01;-0,01;-0,01;-0,01;-0,01;-0,01;-0,01;-0,02;-0,02;0,0;0,0;-0,01;-0,01;0,0;0,0;-0,03;-0,03
16.07.2026;04:15;04:30;0,0;0,0;-0,17;-0,17;-0,02;-0,02;0,0;0,0;0,0;0,0;-0,01;-0,01;-0,01;-0,01;-0,02;-0,02;-0,01;-0,01;0,0;0,0;-0,01;-0,01;0,0;0,0;-0,01;-0,01;0,0;0,0;-0,01;-0,01;0,0;0,0;-0,01;-0,01;-0,02;-0,02;0,0;0,0;-0,01;-0,01;0,0;0,0;-0,01;-0,01;-0,01;-0,01;-0,01;-0,01;0,0;0,0;-0,01;-0,01;-0,01;-0,01;-0,02;-0,02
16.07.2026;04:30;04:45;0,0;0,0;-0,18;-0,18;-0,03;-0,03;0,0;0,0;-0,02;-0,02;0,0;0,0;0,0;0,0;-0,02;-0,02;0,0;0,0;0,0;0,0;0,0;0,0;0,0;0,0;-0,01;-0,01;0,0;0,0;-0,07;-0,07;-0,01;-0,01;-0,01;-0,01;-0,02;-0,02;0,0;0,0;0,0;0,0;-0,02;-0,02;-0,01;-0,01;-0,01;-0,01;-0,02;-0,02;0,0;0,0;-0,01;-0,01;0,0;0,0;-0,02;-0,02
16.07.2026;04:45;05:00;0,0;0,0;-0,17;-0,17;-0,01;-0,01;0,0;0,0;-0,01;-0,01;0,0;0,0;-0,01;-0,01;-0,02;-0,02;0,0;0,0;0,0;0,0;0,0;0,0;0,0;0,0;-0,02;-0,02;0,0;0,0;-0,11;-0,11;0,0;0,0;-0,03;-0,03;-0,03;-0,03;0,0;0,0;-0,01;-0,01;-0,01;-0,01;-0,01;-0,01;-0,01;-0,01;-0,02;-0,02;0,0;0,0;-0,01;-0,01;-0,01;-0,01;-0,02;-0,02
16.07.2026;05:00;05:15;0,0;0,0;-0,18;-0,18;-0,02;-0,02;0,0;0,0;-0,02;-0,02;0,0;0,0;-0,01;-0,01;-0,02;-0,02;0,0;0,0;0,0;0,0;0,0;0,0;0,0;0,0;0,0;0,0;0,0;0,0;-0,12;-0,12;0,0;0,0;-0,02;-0,02;-0,02;-0,02;-0,01;-0,01;-0,01;-0,01;0,0;0,0;-0,01;-0,01;-0,01;-0,01;-0,01;-0,01;0,0;0,0;-0,01;-0,01;0,0;0,0;-0,01;-0,01
16.07.2026;05:15;05:30;0,0;0,0;-0,23;-0,23;-0,02;-0,02;0,0;0,0;-0,01;-0,01;0,0;0,0;0,0;0,0;-0,02;-0,02;0,0;0,0;-0,01;-0,01;0,0;0,0;0,0;0,0;-0,01;-0,01;0,0;0,0;-0,12;-0,12;0,0;0,0;-0,02;-0,02;-0,12;-0,12;0,0;0,0;-0,01;-0,01;-0,01;-0,01;-0,01;-0,01;-0,02;-0,02;-0,02;-0,02;0,0;0,0;-0,01;-0,01;0,0;0,0;-0,02;-0,02
16.07.2026;05:30;05:45;0,0;0,0;-0,22;-0,22;-0,02;-0,02;0,0;0,0;0,0;0,0;0,0;0,0;-0,01;-0,01;-0,01;-0,01;0,0;0,0;0,0;0,0;0,0;0,0;0,0;0,0;0,0;0,0;0,0;0,0;-0,11;-0,11;0,0;0,0;-0,02;-0,02;-0,03;-0,03;0,0;0,0;-0,01;-0,01;-0,01;-0,01;-0,01;-0,01;-0,01;-0,01;-0,02;-0,02;-0,01;-0,01;-0,01;-0,01;-0,01;-0,01;-0,02;-0,02
16.07.2026;05:45;06:00;0,0;0,0;-0,24;-0,24;-0,02;-0,02;0,0;0,0;-0,01;-0,01;0,0;0,0;0,0;0,0;0,0;0,0;0,0;0,0;0,0;0,0;0,0;0,0;0,0;0,0;-0,02;-0,02;-0,01;-0,01;-0,01;-0,01;0,0;0,0;-0,02;-0,02;-0,02;-0,02;0,0;0,0;-0,01;-0,01;-0,01;-0,01;-0,01;-0,01;-0,02;-0,02;-0,01;-0,01;0,0;0,0;-0,01;-0,01;0,0;0,0;-0,02;-0,02
16.07.2026;06:00;06:15;0,0;0,0;-0,24;-0,24;-0,01;-0,01;0,0;0,0;-0,02;-0,02;0,0;0,0;-0,01;-0,01;-0,02;-0,02;0,0;0,0;0,0;0,0;0,0;0,0;0,0;0,0;-0,01;-0,01;0,0;0,0;-0,02;-0,02;0,0;0,0;-0,01;-0,01;-0,01;-0,01;-0,01;-0,01;-0,02;-0,02;-0,01;-0,01;-0,01;-0,01;-0,01;-0,01;-0,02;-0,02;0,0;0,0;-0,01;-0,01;-0,01;-0,01;-0,03;-0,03
16.07.2026;06:15;06:30;0,0;0,0;-0,18;-0,18;-0,02;-0,02;-0,01;-0,01;-0,01;-0,01;-0,01;-0,01;0,0;0,0;-0,02;-0,02;0,0;0,0;0,0;0,0;0,0;0,0;0,0;0,0;-0,01;-0,01;0,0;0,0;0,0;0,0;0,0;0,0;-0,01;-0,01;-0,01;-0,01;0,0;0,0;-0,01;-0,01;0,0;0,0;-0,01;-0,01;-0,01;-0,01;-0,01;-0,01;0,0;0,0;-0,01;-0,01;0,0;0,0;-0,02;-0,02
16.07.2026;06:30;06:45;0,01;0,01;-0,18;-0,18;-0,03;-0,03;0,0;0,0;-0,02;-0,02;0,0;0,0;-0,01;-0,01;-0,02;-0,02;0,0;0,0;0,0;0,0;0,0;0,0;0,0;0,0;0,0;0,0;0,0;0,0;-0,02;-0,02;0,0;0,0;-0,01;-0,01;-0,02;-0,02;0,0;0,0;0,0;0,0;-0,02;-0,02;0,0;0,0;-0,01;-0,01;-0,02;-0,02;0,0;0,0;-0,01;-0,01;0,0;0,0;-0,01;-0,01
16.07.2026;06:45;07:00;0,02;0,02;-0,19;-0,19;-0,02;-0,02;0,0;0,0;0,0;0,0;0,0;0,0;0,0;0,0;-0,02;-0,02;-0,01;-0,01;0,0;0,0;-0,01;-0,01;0,0;0,0;-0,01;-0,01;0,0;0,0;-0,02;-0,02;0,0;0,0;-0,02;-0,02;-0,01;-0,01;-0,01;-0,01;-0,01;-0,01;-0,01;-0,01;-0,02;-0,02;-0,01;-0,01;-0,01;-0,01;0,0;0,0;-0,01;-0,01;-0,01;-0,01;-0,01;-0,01
16.07.2026;07:00;07:15;0,03;0,03;-0,18;-0,18;-0,02;-0,02;0,0;0,0;-0,01;-0,01;0,0;0,0;-0,01;-0,01;-0,02;-0,02;0,0;0,0;0,0;0,0;0,0;0,0;0,0;0,0;-0,01;-0,01;0,0;0,0;-0,02;-0,02;-0,01;-0,01;-0,01;-0,01;-0,02;-0,02;0,0;0,0;-0,01;-0,01;0,0;0,0;-0,01;-0,01;-0,01;-0,01;-0,02;-0,02;0,0;0,0;-0,01;-0,01;-0,01;-0,01;-0,03;-0,03
16.07.2026;07:15;07:30;0,1;0,1;-0,18;-0,18;-0,11;-0,11;0,0;0,0;-0,02;-0,02;0,0;0,0;0,0;0,0;-0,02;-0,02;0,0;0,0;0,0;0,0;0,0;0,0;-0,01;-0,01;-0,02;-0,02;0,0;0,0;-0,01;-0,01;0,0;0,0;-0,02;-0,02;-0,02;-0,02;0,0;0,0;-0,01;-0,01;-0,01;-0,01;0,0;0,0;0,0;0,0;-0,01;-0,01;0,0;0,0;-0,01;-0,01;0,0;0,0;-0,02;-0,02
16.07.2026;07:30;07:45;0,09;0,09;-0,19;-0,19;-0,02;-0,02;0,0;0,0;-0,01;-0,01;0,0;0,0;-0,01;-0,01;-0,01;-0,01;0,0;0,0;0,0;0,0;0,0;0,0;0,0;0,0;-0,01;-0,01;0,0;0,0;-0,01;-0,01;0,0;0,0;-0,01;-0,01;-0,03;-0,03;0,0;0,0;-0,01;-0,01;-0,01;-0,01;-0,01;-0,01;-0,01;-0,01;-0,02;-0,02;-0,01;-0,01;-0,01;-0,01;0,0;0,0;-0,03;-0,03
16.07.2026;07:45;08:00;0,27;0,19;-0,19;-0,11;-0,15;-0,15;0,0;0,0;-0,01;-0,01;0,0;0,0;-0,01;-0,01;-0,02;-0,02;0,0;0,0;0,0;0,0;0,0;0,0;0,0;0,0;-0,28;-0,28;-0,01;-0,01;-0,02;-0,02;0,0;0,0;-0,01;-0,01;-0,02;-0,02;-0,01;-0,01;-0,01;-0,01;-0,01;-0,01;-0,02;-0,02;-0,02;-0,02;-0,02;-0,02;0,0;0,0;-0,02;-0,02;-0,01;-0,01;-0,02;-0,02
16.07.2026;08:00;08:15;0,47;0,2;-0,2;-0,09;-0,08;-0,06;0,0;0,0;-0,01;0,0;0,0;0,0;0,0;0,0;-0,02;0,0;0,0;0,0;0,0;0,0;0,0;0,0;0,0;0,0;-0,16;-0,14;0,0;0,0;-0,01;0,0;0,0;0,0;0,0;0,0;-0,02;0,0;0,0;0,0;-0,02;0,0;-0,01;0,0;0,0;0,0;0,0;0,0;-0,08;-0,06;0,0;0,0;0,0;0,0;0,0;0,0;-0,01;0,0
16.07.2026;08:15;08:30;0,29;0,11;-0,19;-0,16;-0,03;-0,02;0,0;0,0;-0,01;0,0;-0,01;0,0;-0,01;0,0;-0,02;-0,01;0,0;0,0;0,0;0,0;0,0;0,0;0,0;0,0;-0,05;-0,04;0,0;0,0;-0,01;0,0;0,0;0,0;-0,01;0,0;-0,02;-0,01;0,0;0,0;0,0;0,0;-0,01;0,0;-0,01;0,0;-0,01;0,0;-0,04;-0,03;0,0;0,0;-0,02;-0,01;0,0;0,0;-0,02;-0,01
16.07.2026;08:30;08:45;0,39;0,19;-0,27;-0,19;-0,06;-0,05;0,0;0,0;-0,01;0,0;0,0;0,0;0,0;0,0;-0,06;-0,05;0,0;0,0;0,0;0,0;0,0;0,0;0,0;0,0;-0,13;-0,12;0,0;0,0;-0,02;-0,01;0,0;0,0;0,0;0,0;-0,02;-0,01;0,0;0,0;0,0;0,0;-0,01;0,0;-0,01;0,0;-0,01;0,0;-0,1;-0,09;0,0;0,0;0,0;0,0;-0,01;0,0;-0,02;-0,01
16.07.2026;08:45;09:00;0,29;0,1;-0,21;-0,19;-0,07;-0,06;0,0;0,0;-0,02;-0,01;0,0;0,0;-0,01;0,0;-0,02;-0,01;0,0;0,0;0,0;0,0;0,0;0,0;0,0;0,0;-0,13;-0,12;0,0;0,0;-0,01;0,0;0,0;0,0;-0,01;0,0;-0,02;-0,01;-0,01;0,0;-0,01;0,0;-0,01;0,0;-0,02;-0,01;-0,01;0,0;-0,05;-0,04;0,0;0,0;-0,05;-0,04;-0,01;0,0;-0,02;-0,01
16.07.2026;09:00;09:15;0,47;0,18;-0,24;-0,15;-0,06;-0,04;0,0;0,0;-0,01;0,0;0,0;0,0;0,0;0,0;-0,02;0,0;0,0;0,0;0,0;0,0;-0,01;0,0;0,0;0,0;-0,13;-0,11;0,0;0,0;-0,01;0,0;0,0;0,0;-0,02;0,0;-0,01;0,0;0,0;0,0;-0,01;0,0;0,0;0,0;-0,01;0,0;0,0;0,0;-0,02;0,0;0,0;0,0;-0,02;0,0;0,0;0,0;-0,02;0,0
16.07.2026;09:15;09:30;0,5;0,19;-0,2;-0,11;-0,06;-0,04;0,0;0,0;-0,01;0,0;0,0;0,0;-0,01;0,0;-0,01;0,0;-0,01;0,0;0,0;0,0;0,0;0,0;0,0;0,0;-0,15;-0,13;0,0;0,0;-0,01;0,0;0,0;0,0;-0,01;0,0;-0,01;0,0;0,0;0,0;0,0;0,0;-0,02;0,0;-0,02;0,0;-0,02;0,0;-0,07;-0,05;0,0;0,0;-0,01;0,0;0,0;0,0;-0,03;-0,01
16.07.2026;09:30;09:45;0,74;0,26;-0,18;-0,01;-0,05;0,0;-0,01;0,0;0,0;0,0;0,0;0,0;0,0;0,0;-0,01;0,0;0,0;0,0;0,0;0,0;0,0;0,0;0,0;0,0;-0,15;-0,1;0,0;0,0;-0,01;0,0;-0,01;0,0;-0,02;0,0;-0,02;0,0;-0,01;0,0;-0,01;0,0;0,0;0,0;-0,12;-0,07;0,0;0,0;-0,02;0,0;-0,01;0,0;-0,01;0,0;-0,01;0,0;-0,01;0,0
16.07.2026;09:45;10:00;1,14;0,54;-0,17;0,0;-0,05;0,0;0,0;0,0;-0,02;0,0;0,0;0,0;-0,01;0,0;-0,01;0,0;0,0;0,0;0,0;0,0;0,0;0,0;0,0;0,0;-0,14;-0,03;-0,01;0,0;-0,02;0,0;0,0;0,0;-0,01;0,0;-0,01;0,0;0,0;0,0;-0,01;0,0;-0,01;0,0;-0,14;-0,03;-0,01;0,0;-0,02;0,0;0,0;0,0;-0,01;0,0;0,0;0,0;-0,01;0,0
16.07.2026;10:00;10:15;0,18;0,13;-0,19;-0,14;-0,06;-0,06;0,0;0,0;-0,01;-0,01;0,0;0,0;0,0;0,0;-0,02;-0,02;0,0;0,0;0,0;0,0;0,0;0,0;0,0;0,0;-0,04;-0,04;0,0;0,0;-0,01;-0,01;0,0;0,0;-0,01;-0,01;-0,04;-0,04;0,0;0,0;-0,01;-0,01;-0,01;-0,01;-0,03;-0,03;-0,01;-0,01;-0,15;-0,15;0,0;0,0;-0,01;-0,01;-0,01;-0,01;-0,02;-0,02
16.07.2026;10:15;10:30;0,0;0,0;-0,27;-0,27;-0,05;-0,05;0,0;0,0;-0,02;-0,02;-0,01;-0,01;-0,01;-0,01;-0,02;-0,02;0,0;0,0;-0,01;-0,01;0,0;0,0;0,0;0,0;-0,03;-0,03;0,0;0,0;-0,01;-0,01;0,0;0,0;0,0;0,0;-0,04;-0,04;0,0;0,0;-0,01;-0,01;-0,01;-0,01;-0,01;-0,01;-0,01;-0,01;-0,25;-0,25;0,0;0,0;-0,01;-0,01;0,0;0,0;-0,02;-0,02
16.07.2026;10:30;10:45;0,41;0,19;-0,18;-0,09;-0,05;-0,04;0,0;0,0;0,0;0,0;0,0;0,0;-0,01;0,0;-0,02;-0,01;0,0;0,0;0,0;0,0;0,0;0,0;0,0;0,0;-0,02;-0,01;0,0;0,0;-0,01;0,0;0,0;0,0;0,0;0,0;-0,04;-0,03;-0,01;0,0;-0,01;0,0;-0,01;0,0;-0,01;0,0;0,0;0,0;-0,04;-0,03;0,0;0,0;-0,01;0,0;0,0;0,0;-0,02;-0,01
16.07.2026;10:45;11:00;0,85;0,36;-0,22;0,0;-0,04;0,0;0,0;0,0;-0,01;0,0;0,0;0,0;0,0;0,0;-0,02;0,0;0,0;0,0;0,0;0,0;0,0;0,0;0,0;0,0;-0,01;0,0;0,0;0,0;-0,02;0,0;0,0;0,0;-0,01;0,0;-0,04;0,0;0,0;0,0;0,0;0,0;-0,01;0,0;-0,01;0,0;-0,01;0,0;-0,04;0,0;0,0;0,0;-0,01;0,0;-0,01;0,0;-0,03;0,0
16.07.2026;11:00;11:15;0,94;0,44;-0,17;0,0;-0,05;0,0;0,0;0,0;-0,02;0,0;0,0;0,0;-0,01;0,0;-0,02;0,0;0,0;0,0;0,0;0,0;0,0;0,0;0,0;0,0;-0,02;0,0;0,0;0,0;-0,01;0,0;0,0;0,0;-0,01;0,0;-0,03;0,0;0,0;0,0;-0,01;0,0;0,0;0,0;-0,02;0,0;-0,02;0,0;-0,07;0,0;0,0;0,0;-0,01;0,0;-0,01;0,0;-0,02;0,0
16.07.2026;11:15;11:30;1,06;0,6;-0,2;0,0;-0,05;0,0;0,0;0,0;-0,01;0,0;0,0;0,0;0,0;0,0;-0,02;0,0;0,0;0,0;0,0;0,0;0,0;0,0;0,0;0,0;-0,03;0,0;0,0;0,0;-0,01;0,0;0,0;0,0;-0,02;0,0;-0,04;0,0;0,0;0,0;-0,01;0,0;-0,02;0,0;0,0;0,0;0,0;0,0;-0,03;0,0;0,0;0,0;-0,01;0,0;0,0;0,0;-0,01;0,0
16.07.2026;11:30;11:45;1,92;1,29;-0,25;0,0;-0,05;0,0;0,0;0,0;-0,01;0,0;0,0;0,0;-0,01;0,0;-0,02;0,0;0,0;0,0;0,0;0,0;-0,01;0,0;0,0;0,0;-0,05;0,0;0,0;0,0;-0,01;0,0;0,0;0,0;-0,01;0,0;-0,03;0,0;-0,01;0,0;0,0;0,0;0,0;0,0;-0,01;0,0;-0,01;0,0;-0,12;0,0;-0,01;0,0;-0,01;0,0;0,0;0,0;-0,01;0,0
16.07.2026;11:45;12:00;2,06;1,4;-0,21;0,0;-0,05;0,0;0,0;0,0;-0,01;0,0;0,0;0,0;-0,01;0,0;-0,01;0,0;-0,01;0,0;0,0;0,0;0,0;0,0;0,0;0,0;-0,05;0,0;-0,01;0,0;-0,01;0,0;0,0;0,0;-0,02;0,0;-0,03;0,0;0,0;0,0;-0,01;0,0;-0,01;0,0;-0,01;0,0;-0,01;0,0;-0,16;0,0;0,0;0,0;-0,01;0,0;-0,01;0,0;-0,02;0,0
16.07.2026;12:00;12:15;2,0;1,32;-0,2;0,0;-0,05;0,0;0,0;0,0;-0,01;0,0;0,0;0,0;0,0;0,0;-0,02;0,0;0,0;0,0;0,0;0,0;0,0;0,0;0,0;0,0;-0,02;0,0;0,0;0,0;-0,02;0,0;-0,01;0,0;-0,01;0,0;-0,03;0,0;0,0;0,0;-0,08;0,0;-0,02;0,0;-0,01;0,0;-0,01;0,0;-0,16;0,0;0,0;0,0;-0,01;0,0;0,0;0,0;-0,02;0,0
16.07.2026;12:15;12:30;2,01;1,33;-0,22;0,0;-0,04;0,0;0,0;0,0;-0,01;0,0;-0,01;0,0;0,0;0,0;-0,02;0,0;0,0;0,0;0,0;0,0;0,0;0,0;-0,01;0,0;-0,01;0,0;0,0;0,0;-0,01;0,0;0,0;0,0;-0,01;0,0;-0,02;0,0;-0,01;0,0;-0,11;0,0;0,0;0,0;-0,01;0,0;0,0;0,0;-0,15;0,0;0,0;0,0;-0,01;0,0;0,0;0,0;-0,03;0,0
16.07.2026;12:30;12:45;2,0;1,16;-0,26;0,0;-0,06;0,0;0,0;0,0;-0,02;0,0;0,0;0,0;-0,01;0,0;-0,02;0,0;0,0;0,0;0,0;0,0;0,0;0,0;0,0;0,0;-0,01;0,0;0,0;0,0;-0,01;0,0;0,0;0,0;0,0;0,0;-0,01;0,0;0,0;0,0;-0,27;-0,03;-0,01;0,0;-0,01;0,0;-0,02;0,0;-0,12;0,0;0,0;0,0;-0,01;0,0;-0,01;0,0;-0,02;0,0
16.07.2026;12:45;13:00;1,99;1,15;-0,32;0,0;-0,21;0,0;0,0;0,0;-0,01;0,0;0,0;0,0;0,0;0,0;-0,02;0,0;0,0;0,0;0,0;0,0;0,0;0,0;0,0;0,0;-0,02;0,0;0,0;0,0;-0,01;0,0;0,0;0,0;0,0;0,0;-0,03;0,0;0,0;0,0;-0,13;0,0;-0,01;0,0;-0,01;0,0;-0,01;0,0;-0,03;0,0;0,0;0,0;-0,01;0,0;-0,01;0,0;-0,01;0,0
16.07.2026;13:00;13:15;2,0;1,42;-0,29;0,0;-0,09;0,0;-0,01;0,0;-0,01;0,0;0,0;0,0;-0,02;0,0;-0,01;0,0;0,0;0,0;0,0;0,0;0,0;0,0;0,0;0,0;-0,02;0,0;0,0;0,0;-0,01;0,0;0,0;0,0;-0,01;0,0;-0,02;0,0;0,0;0,0;-0,02;0,0;-0,01;0,0;-0,01;0,0;0,0;0,0;-0,02;0,0;0,0;0,0;-0,01;0,0;0,0;0,0;-0,02;0,0
16.07.2026;13:15;13:30;1,97;1,15;-0,17;0,0;-0,21;0,0;0,0;0,0;0,0;0,0;0,0;0,0;-0,38;-0,15;-0,01;0,0;0,0;0,0;0,0;0,0;0,0;0,0;0,0;0,0;-0,02;0,0;0,0;0,0;-0,02;0,0;0,0;0,0;-0,01;0,0;-0,02;0,0;-0,01;0,0;-0,03;0,0;-0,01;0,0;-0,01;0,0;-0,01;0,0;-0,03;0,0;0,0;0,0;-0,01;0,0;-0,01;0,0;-0,01;0,0
16.07.2026;13:30;13:45;1,95;1,16;-0,2;0,0;-0,28;-0,06;0,0;0,0;-0,02;0,0;0,0;0,0;-0,04;0,0;-0,01;0,0;0,0;0,0;0,0;0,0;0,0;0,0;0,0;0,0;-0,01;0,0;0,0;0,0;-0,01;0,0;0,0;0,0;-0,02;0,0;-0,03;0,0;0,0;0,0;-0,12;0,0;-0,01;0,0;-0,01;0,0;-0,01;0,0;-0,02;0,0;-0,01;0,0;-0,01;0,0;-0,02;0,0;-0,02;0,0
16.07.2026;13:45;14:00;1,93;1,02;-0,18;0,0;-0,22;-0,01;0,0;0,0;-0,01;0,0;0,0;0,0;-0,09;0,0;-0,02;0,0;0,0;0,0;0,0;0,0;0,0;0,0;0,0;0,0;-0,01;0,0;-0,01;0,0;-0,04;0,0;0,0;0,0;-0,01;0,0;-0,02;0,0;0,0;0,0;-0,22;-0,01;0,0;0,0;-0,01;0,0;-0,01;0,0;-0,03;0,0;0,0;0,0;-0,01;0,0;-0,01;0,0;-0,03;0,0
16.07.2026;14:00;14:15;1,49;0,64;-0,17;0,0;-0,27;-0,13;0,0;0,0;-0,02;0,0;0,0;0,0;-0,12;0,0;-0,02;0,0;0,0;0,0;0,0;0,0;-0,01;0,0;0,0;0,0;-0,03;0,0;0,0;0,0;-0,07;0,0;0,0;0,0;-0,01;0,0;-0,02;0,0;0,0;0,0;-0,42;-0,28;-0,02;0,0;-0,01;0,0;-0,01;0,0;-0,03;0,0;0,0;0,0;0,0;0,0;-0,01;0,0;-0,02;0,0
16.07.2026;14:15;14:30;0,21;0,16;-0,18;-0,13;-0,11;-0,11;0,0;0,0;-0,01;-0,01;-0,01;-0,01;-0,16;-0,16;-0,02;-0,02;-0,01;-0,01;0,0;0,0;0,0;0,0;0,0;0,0;-0,07;-0,07;0,0;0,0;-0,06;-0,06;0,0;0,0;-0,02;-0,02;-0,02;-0,02;-0,01;-0,01;-0,21;-0,21;0,0;0,0;-0,01;-0,01;-0,01;-0,01;-0,03;-0,03;0,0;0,0;-0,02;-0,02;0,0;0,0;-0,02;-0,02
16.07.2026;14:30;14:45;0,0;0,0;-0,19;-0,19;-0,09;-0,09;0,0;0,0;0,0;0,0;0,0;0,0;-0,03;-0,03;-0,02;-0,02;0,0;0,0;0,0;0,0;0,0;0,0;0,0;0,0;-0,04;-0,04;0,0;0,0;-0,08;-0,08;-0,01;-0,01;0,0;0,0;-0,01;-0,01;0,0;0,0;-0,06;-0,06;-0,01;-0,01;-0,01;-0,01;-0,01;-0,01;-0,03;-0,03;0,0;0,0;0,0;0,0;-0,01;-0,01;-0,01;-0,01
16.07.2026;14:45;15:00;1,01;0,41;-0,17;0,0;-0,08;0,0;0,0;0,0;-0,01;0,0;0,0;0,0;-0,3;-0,22;-0,02;0,0;0,0;0,0;0,0;0,0;0,0;0,0;0,0;0,0;0,0;0,0;0,0;0,0;-0,06;0,0;0,0;0,0;0,0;0,0;-0,02;0,0;0,0;0,0;-0,05;0,0;-0,01;0,0;-0,01;0,0;0,0;0,0;-0,04;0,0;0,0;0,0;-0,02;0,0;-0,01;0,0;-0,02;0,0
16.07.2026;15:00;15:15;1,7;1,06;-0,24;0,0;-0,06;0,0;0,0;0,0;-0,02;0,0;0,0;0,0;-0,04;0,0;-0,01;0,0;0,0;0,0;0,0;0,0;0,0;0,0;0,0;0,0;-0,01;0,0;0,0;0,0;-0,07;0,0;0,0;0,0;-0,01;0,0;-0,01;0,0;-0,01;0,0;-0,06;0,0;-0,01;0,0;-0,01;0,0;-0,01;0,0;-0,05;0,0;0,0;0,0;0,0;0,0;-0,01;0,0;-0,01;0,0
16.07.2026;15:15;15:30;1,64;1,01;-0,18;0,0;-0,07;0,0;0,0;0,0;-0,01;0,0;0,0;0,0;-0,04;0,0;-0,02;0,0;0,0;0,0;-0,01;0,0;0,0;0,0;0,0;0,0;-0,01;0,0;0,0;0,0;-0,06;0,0;0,0;0,0;0,0;0,0;-0,01;0,0;0,0;0,0;-0,12;0,0;-0,01;0,0;-0,01;0,0;-0,01;0,0;-0,03;0,0;0,0;0,0;-0,02;0,0;0,0;0,0;-0,02;0,0
16.07.2026;15:30;15:45;1,56;0,85;-0,2;0,0;-0,06;0,0;0,0;0,0;-0,01;0,0;0,0;0,0;-0,04;0,0;-0,02;0,0;0,0;0,0;0,0;0,0;0,0;0,0;0,0;0,0;-0,01;0,0;0,0;0,0;-0,06;0,0;0,0;0,0;-0,02;0,0;-0,02;0,0;0,0;0,0;-0,39;-0,22;-0,01;0,0;-0,01;0,0;-0,01;0,0;-0,02;0,0;-0,01;0,0;-0,01;0,0;0,0;0,0;-0,03;0,0
16.07.2026;15:45;16:00;1,48;0,86;-0,19;0,0;-0,05;0,0;0,0;0,0;-0,01;0,0;0,0;0,0;-0,04;0,0;-0,02;0,0;0,0;0,0;0,0;0,0;0,0;0,0;0,0;0,0;-0,02;0,0;-0,01;0,0;-0,04;0,0;0,0;0,0;-0,01;0,0;-0,02;0,0;0,0;0,0;-0,06;0,0;-0,01;0,0;-0,01;0,0;-0,01;0,0;-0,06;0,0;0,0;0,0;-0,03;0,0;-0,01;0,0;-0,02;0,0
16.07.2026;16:00;16:15;1,41;0,85;-0,18;0,0;-0,07;0,0;0,0;0,0;-0,01;0,0;0,0;0,0;-0,02;0,0;-0,02;0,0;0,0;0,0;0,0;0,0;0,0;0,0;0,0;0,0;-0,01;0,0;0,0;0,0;-0,04;0,0;0,0;0,0;-0,02;0,0;-0,02;0,0;-0,01;0,0;-0,05;0,0;-0,01;0,0;-0,01;0,0;-0,01;0,0;-0,03;0,0;0,0;0,0;-0,02;0,0;-0,01;0,0;-0,02;0,0
16.07.2026;16:15;16:30;1,32;0,73;-0,19;0,0;-0,06;0,0;-0,01;0,0;-0,02;0,0;-0,01;0,0;-0,01;0,0;-0,02;0,0;0,0;0,0;0,0;0,0;0,0;0,0;0,0;0,0;0,0;0,0;0,0;0,0;-0,17;-0,04;0,0;0,0;-0,01;0,0;-0,03;0,0;0,0;0,0;-0,02;0,0;0,0;0,0;-0,01;0,0;0,0;0,0;-0,02;0,0;0,0;0,0;-0,03;0,0;0,0;0,0;-0,02;0,0
16.07.2026;16:30;16:45;1,25;0,58;-0,17;0,0;-0,04;0,0;0,0;0,0;-0,01;0,0;0,0;0,0;-0,04;0,0;-0,02;0,0;0,0;0,0;0,0;0,0;-0,01;0,0;0,0;0,0;-0,01;0,0;0,0;0,0;-0,18;-0,06;0,0;0,0;-0,02;0,0;-0,02;0,0;0,0;0,0;-0,02;0,0;-0,02;0,0;-0,01;0,0;-0,01;0,0;-0,02;0,0;0,0;0,0;-0,16;-0,04;0,0;0,0;-0,01;0,0
16.07.2026;16:45;17:00;1,11;0,53;-0,19;0,0;-0,05;0,0;0,0;0,0;-0,01;0,0;0,0;0,0;-0,04;0,0;-0,01;0,0;-0,01;0,0;0,0;0,0;0,0;0,0;0,0;0,0;-0,02;0,0;0,0;0,0;-0,05;0,0;0,0;0,0;0,0;0,0;-0,02;0,0;0,0;0,0;-0,02;0,0;-0,01;0,0;-0,01;0,0;-0,01;0,0;-0,02;0,0;0,0;0,0;-0,18;-0,09;-0,01;0,0;-0,01;0,0
16.07.2026;17:00;17:15;1,02;0,4;-0,33;-0,06;-0,05;0,0;0,0;0,0;-0,01;0,0;0,0;0,0;-0,01;0,0;0,0;0,0;0,0;0,0;0,0;0,0;0,0;0,0;0,0;0,0;-0,01;0,0;0,0;0,0;-0,04;0,0;-0,01;0,0;0,0;0,0;-0,03;0,0;-0,01;0,0;-0,03;0,0;0,0;0,0;-0,01;0,0;-0,01;0,0;-0,02;0,0;0,0;0,0;-0,11;-0,03;0,0;0,0;-0,03;0,0
16.07.2026;17:15;17:30;0,9;0,29;-0,24;-0,03;-0,04;0,0;0,0;0,0;-0,01;0,0;0,0;0,0;-0,01;0,0;-0,02;0,0;0,0;0,0;0,0;0,0;0,0;0,0;-0,01;0,0;-0,01;0,0;0,0;0,0;-0,04;0,0;0,0;0,0;-0,01;0,0;-0,02;0,0;0,0;0,0;-0,1;-0,03;-0,02;0,0;-0,01;0,0;-0,01;0,0;-0,02;0,0;0,0;0,0;-0,07;0,0;-0,01;0,0;-0,02;0,0
16.07.2026;17:30;17:45;0,67;0,23;-0,18;-0,03;-0,06;-0,02;0,0;0,0;-0,01;0,0;0,0;0,0;-0,02;0,0;-0,02;0,0;0,0;0,0;0,0;0,0;0,0;0,0;0,0;0,0;-0,01;0,0;0,0;0,0;-0,05;-0,01;0,0;0,0;0,0;0,0;-0,01;0,0;0,0;0,0;-0,2;-0,16;0,0;0,0;-0,01;0,0;-0,01;0,0;-0,02;0,0;-0,01;0,0;-0,03;0,0;0,0;0,0;-0,02;0,0
16.07.2026;17:45;18:00;0,79;0,21;-0,19;-0,01;-0,05;0,0;0,0;0,0;-0,02;0,0;0,0;0,0;-0,01;0,0;-0,02;0,0;0,0;0,0;0,0;0,0;0,0;0,0;0,0;0,0;0,0;0,0;-0,01;0,0;-0,05;0,0;0,0;0,0;-0,02;0,0;-0,01;0,0;-0,01;0,0;-0,05;0,0;-0,01;0,0;-0,01;0,0;-0,01;0,0;-0,17;-0,12;0,0;0,0;-0,17;-0,12;0,0;0,0;-0,02;0,0
16.07.2026;18:00;18:15;0,01;0,01;-0,19;-0,19;-0,23;-0,23;0,0;0,0;-0,01;-0,01;0,0;0,0;-0,01;-0,01;-0,02;-0,02;0,0;0,0;0,0;0,0;0,0;0,0;0,0;0,0;-0,02;-0,02;0,0;0,0;-0,04;-0,04;0,0;0,0;-0,01;-0,01;-0,01;-0,01;0,0;0,0;-0,04;-0,04;-0,01;-0,01;-0,01;-0,01;-0,01;-0,01;-0,28;-0,28;0,0;0,0;-0,04;-0,04;-0,01;-0,01;-0,02;-0,02
16.07.2026;18:15;18:30;0,0;0,0;-0,29;-0,29;-0,05;-0,05;0,0;0,0;-0,01;-0,01;-0,01;-0,01;0,0;0,0;-0,02;-0,02;0,0;0,0;0,0;0,0;0,0;0,0;0,0;0,0;-0,02;-0,02;0,0;0,0;-0,05;-0,05;0,0;0,0;-0,02;-0,02;-0,03;-0,03;0,0;0,0;-0,04;-0,04;-0,01;-0,01;-0,01;-0,01;0,0;0,0;-0,28;-0,28;0,0;0,0;-0,04;-0,04;-0,01;-0,01;-0,01;-0,01
16.07.2026;18:30;18:45;0,0;0,0;-0,3;-0,3;-0,08;-0,08;0,0;0,0;0,0;0,0;0,0;0,0;-0,04;-0,04;-0,01;-0,01;0,0;0,0;0,0;0,0;0,0;0,0;0,0;0,0;-0,02;-0,02;0,0;0,0;-0,04;-0,04;0,0;0,0;-0,01;-0,01;-0,04;-0,04;0,0;0,0;-0,01;-0,01;-0,01;-0,01;-0,01;-0,01;-0,01;-0,01;-0,28;-0,28;0,0;0,0;-0,05;-0,05;0,0;0,0;-0,02;-0,02
16.07.2026;18:45;19:00;0,24;0,18;-0,27;-0,21;-0,06;-0,06;0,0;0,0;-0,02;-0,02;0,0;0,0;-0,09;-0,09;-0,02;-0,02;0,0;0,0;0,0;0,0;0,0;0,0;0,0;0,0;-0,08;-0,08;0,0;0,0;-0,07;-0,07;0,0;0,0;-0,01;-0,01;-0,06;-0,06;-0,01;-0,01;-0,01;-0,01;-0,01;-0,01;-0,01;-0,01;-0,02;-0,02;-0,23;-0,23;0,0;0,0;-0,02;-0,02;0,0;0,0;-0,02;-0,02
16.07.2026;19:00;19:15;0,27;0,19;-0,18;-0,1;-0,04;-0,04;0,0;0,0;-0,01;-0,01;0,0;0,0;-0,09;-0,09;-0,02;-0,02;0,0;0,0;0,0;0,0;-0,01;-0,01;0,0;0,0;-0,14;-0,14;0,0;0,0;-0,07;-0,07;0,0;0,0;-0,02;-0,02;-0,4;-0,4;0,0;0,0;-0,02;-0,02;0,0;0,0;-0,02;-0,02;-0,01;-0,01;-0,13;-0,13;0,0;0,0;-0,01;-0,01;-0,01;-0,01;-0,02;-0,02
16.07.2026;19:15;19:30;0,2;0,15;-0,23;-0,18;-0,31;-0,31;0,0;0,0;-0,02;-0,02;0,0;0,0;-0,07;-0,07;-0,09;-0,09;-0,01;-0,01;0,0;0,0;0,0;0,0;0,0;0,0;-0,2;-0,2;0,0;0,0;-0,02;-0,02;0,0;0,0;0,0;0,0;-0,26;-0,26;0,0;0,0;-0,01;-0,01;-0,02;-0,02;-0,02;-0,02;-0,01;-0,01;-0,1;-0,1;0,0;0,0;-0,03;-0,03;-0,01;-0,01;-0,02;-0,02
16.07.2026;19:30;19:45;0,16;0,11;-0,2;-0,15;-0,5;-0,5;-0,01;-0,01;-0,01;-0,01;0,0;0,0;-0,06;-0,06;-0,02;-0,02;0,0;0,0;0,0;0,0;0,0;0,0;0,0;0,0;-0,02;-0,02;0,0;0,0;-0,04;-0,04;-0,01;-0,01;-0,01;-0,01;-0,1;-0,1;-0,01;-0,01;-0,01;-0,01;0,0;0,0;-0,11;-0,11;0,0;0,0;-0,26;-0,26;-0,01;-0,01;-0,02;-0,02;0,0;0,0;-0,03;-0,03
16.07.2026;19:45;20:00;0,1;0,1;-0,17;-0,17;-0,37;-0,37;0,0;0,0;0,0;0,0;0,0;0,0;-0,02;-0,02;-0,01;-0,01;0,0;0,0;0,0;0,0;0,0;0,0;0,0;0,0;-0,01;-0,01;-0,01;-0,01;-0,03;-0,03;0,0;0,0;-0,03;-0,03;-0,1;-0,1;0,0;0,0;0,0;0,0;-0,01;-0,01;-0,79;-0,79;-0,01;-0,01;-0,21;-0,21;0,0;0,0;-0,03;-0,03;0,0;0,0;-0,01;-0,01
16.07.2026;20:00;20:15;0,04;0,04;-0,19;-0,19;-0,36;-0,36;0,0;0,0;-0,02;-0,02;0,0;0,0;-0,01;-0,01;-0,02;-0,02;0,0;0,0;0,0;0,0;0,0;0,0;0,0;0,0;-0,01;-0,01;0,0;0,0;-0,03;-0,03;0,0;0,0;-0,46;-0,46;-0,1;-0,1;0,0;0,0;-0,01;-0,01;-0,01;-0,01;-0,62;-0,62;-0,01;-0,01;-0,21;-0,21;0,0;0,0;-0,03;-0,03;-0,01;-0,01;-0,01;-0,01
16.07.2026;20:15;20:30;0,03;0,03;-0,15;-0,15;-0,42;-0,42;0,0;0,0;-0,01;-0,01;-0,01;-0,01;-0,01;-0,01;-0,02;-0,02;0,0;0,0;-0,01;-0,01;0,0;0,0;0,0;0,0;-0,02;-0,02;0,0;0,0;-0,03;-0,03;0,0;0,0;-0,2;-0,2;-0,14;-0,14;0,0;0,0;-0,01;-0,01;-0,01;-0,01;-0,25;-0,25;-0,01;-0,01;-0,2;-0,2;0,0;0,0;-0,03;-0,03;-0,01;-0,01;-0,02;-0,02
16.07.2026;20:30;20:45;0,02;0,02;-0,18;-0,18;-0,26;-0,26;0,0;0,0;-0,01;-0,01;0,0;0,0;-0,05;-0,05;-0,03;-0,03;0,0;0,0;0,0;0,0;0,0;0,0;0,0;0,0;-0,03;-0,03;0,0;0,0;-0,03;-0,03;0,0;0,0;-0,05;-0,05;-0,22;-0,22;-0,01;-0,01;-0,09;-0,09;-0,01;-0,01;-0,03;-0,03;-0,01;-0,01;-0,2;-0,2;0,0;0,0;-0,03;-0,03;0,0;0,0;-0,02;-0,02
16.07.2026;20:45;21:00;0,01;0,01;-0,18;-0,18;-0,16;-0,16;0,0;0,0;-0,02;-0,02;0,0;0,0;-0,01;-0,01;-0,04;-0,04;0,0;0,0;0,0;0,0;0,0;0,0;0,0;0,0;-0,03;-0,03;0,0;0,0;-0,03;-0,03;0,0;0,0;-0,04;-0,04;-0,26;-0,26;0,0;0,0;-0,46;-0,46;-0,01;-0,01;-0,04;-0,04;-0,01;-0,01;-0,19;-0,19;0,0;0,0;-0,03;-0,03;0,0;0,0;-0,02;-0,02
16.07.2026;21:00;21:15;0,0;0,0;-0,18;-0,18;-0,05;-0,05;0,0;0,0;0,0;0,0;0,0;0,0;-0,01;-0,01;-0,05;-0,05;0,0;0,0;0,0;0,0;0,0;0,0;0,0;0,0;-0,02;-0,02;0,0;0,0;-0,03;-0,03;0,0;0,0;-0,04;-0,04;-0,29;-0,29;0,0;0,0;-0,44;-0,44;0,0;0,0;-0,07;-0,07;-0,01;-0,01;-0,24;-0,24;0,0;0,0;-0,02;-0,02;-0,01;-0,01;-0,03;-0,03
16.07.2026;21:15;21:30;0,0;0,0;-0,18;-0,18;-0,05;-0,05;0,0;0,0;-0,01;-0,01;0,0;0,0;-0,01;-0,01;-0,04;-0,04;0,0;0,0;0,0;0,0;0,0;0,0;0,0;0,0;-0,03;-0,03;0,0;0,0;-0,02;-0,02;0,0;0,0;-0,04;-0,04;-0,06;-0,06;0,0;0,0;-0,07;-0,07;-0,02;-0,02;-0,32;-0,32;-0,01;-0,01;-0,11;-0,11;0,0;0,0;-0,03;-0,03;0,0;0,0;-0,02;-0,02
16.07.2026;21:30;21:45;0,0;0,0;-0,22;-0,22;-0,06;-0,06;0,0;0,0;-0,02;-0,02;0,0;0,0;-0,02;-0,02;-0,07;-0,07;0,0;0,0;0,0;0,0;-0,01;-0,01;0,0;0,0;-0,03;-0,03;0,0;0,0;-0,03;-0,03;0,0;0,0;-0,02;-0,02;-0,04;-0,04;-0,01;-0,01;-0,04;-0,04;0,0;0,0;-0,05;-0,05;-0,01;-0,01;-0,07;-0,07;-0,01;-0,01;-0,02;-0,02;-0,01;-0,01;-0,02;-0,02
16.07.2026;21:45;22:00;0,0;0,0;-0,21;-0,21;-0,06;-0,06;0,0;0,0;-0,01;-0,01;0,0;0,0;-0,03;-0,03;-0,07;-0,07;-0,01;-0,01;0,0;0,0;0,0;0,0;0,0;0,0;-0,03;-0,03;-0,01;-0,01;-0,01;-0,01;0,0;0,0;-0,03;-0,03;-0,03;-0,03;0,0;0,0;-0,05;-0,05;-0,01;-0,01;-0,05;-0,05;-0,01;-0,01;-0,08;-0,08;0,0;0,0;-0,03;-0,03;0,0;0,0;-0,01;-0,01
16.07.2026;22:00;22:15;0,0;0,0;-0,18;-0,18;-0,05;-0,05;0,0;0,0;-0,01;-0,01;0,0;0,0;-0,03;-0,03;-0,08;-0,08;0,0;0,0;0,0;0,0;0,0;0,0;0,0;0,0;-0,03;-0,03;0,0;0,0;-0,01;-0,01;-0,01;-0,01;-0,02;-0,02;-0,03;-0,03;0,0;0,0;-0,05;-0,05;-0,02;-0,02;-0,04;-0,04;0,0;0,0;-0,08;-0,08;0,0;0,0;-0,01;-0,01;0,0;0,0;-0,01;-0,01
16.07.2026;22:15;22:30;0,0;0,0;-0,19;-0,19;-0,06;-0,06;0,0;0,0;-0,01;-0,01;-0,01;-0,01;-0,03;-0,03;-0,08;-0,08;0,0;0,0;0,0;0,0;0,0;0,0;-0,01;-0,01;-0,03;-0,03;0,0;0,0;-0,02;-0,02;0,0;0,0;-0,02;-0,02;-0,04;-0,04;0,0;0,0;-0,02;-0,02;0,0;0,0;-0,04;-0,04;-0,02;-0,02;-0,07;-0,07;0,0;0,0;-0,04;-0,04;-0,01;-0,01;-0,02;-0,02
16.07.2026;22:30;22:45;0,0;0,0;-0,21;-0,21;-0,05;-0,05;0,0;0,0;-0,01;-0,01;0,0;0,0;-0,02;-0,02;-0,07;-0,07;0,0;0,0;0,0;0,0;0,0;0,0;0,0;0,0;-0,02;-0,02;0,0;0,0;-0,02;-0,02;0,0;0,0;-0,01;-0,01;-0,05;-0,05;-0,01;-0,01;-0,02;-0,02;-0,01;-0,01;-0,03;-0,03;-0,12;-0,12;-0,07;-0,07;0,0;0,0;-0,02;-0,02;0,0;0,0;-0,03;-0,03
16.07.2026;22:45;23:00;0,0;0,0;-0,27;-0,27;-0,04;-0,04;0,0;0,0;-0,01;-0,01;0,0;0,0;-0,02;-0,02;-0,07;-0,07;0,0;0,0;0,0;0,0;0,0;0,0;0,0;0,0;-0,01;-0,01;0,0;0,0;-0,06;-0,06;0,0;0,0;-0,01;-0,01;-0,05;-0,05;0,0;0,0;-0,01;-0,01;-0,01;-0,01;-0,07;-0,07;-0,23;-0,23;-0,05;-0,05;0,0;0,0;-0,03;-0,03;-0,01;-0,01;-0,03;-0,03
16.07.2026;23:00;23:15;0,0;0,0;-0,18;-0,18;-0,05;-0,05;-0,01;-0,01;-0,02;-0,02;0,0;0,0;-0,03;-0,03;-0,07;-0,07;0,0;0,0;0,0;0,0;0,0;0,0;0,0;0,0;-0,01;-0,01;0,0;0,0;-0,11;-0,11;0,0;0,0;-0,01;-0,01;-0,05;-0,05;0,0;0,0;-0,02;-0,02;-0,01;-0,01;-0,1;-0,1;-0,02;-0,02;-0,02;-0,02;0,0;0,0;-0,02;-0,02;0,0;0,0;-0,04;-0,04
16.07.2026;23:15;23:30;0,0;0,0;-0,19;-0,19;-0,06;-0,06;0,0;0,0;-0,01;-0,01;0,0;0,0;-0,02;-0,02;-0,06;-0,06;0,0;0,0;0,0;0,0;0,0;0,0;0,0;0,0;-0,01;-0,01;0,0;0,0;-0,18;-0,18;0,0;0,0;-0,03;-0,03;-0,05;-0,05;0,0;0,0;-0,01;-0,01;-0,01;-0,01;-0,1;-0,1;0,0;0,0;-0,01;-0,01;0,0;0,0;-0,03;-0,03;-0,01;-0,01;-0,04;-0,04
16.07.2026;23:30;23:45;0,0;0,0;-0,17;-0,17;-0,04;-0,04;0,0;0,0;-0,01;-0,01;0,0;0,0;-0,02;-0,02;-0,03;-0,03;0,0;0,0;0,0;0,0;0,0;0,0;0,0;0,0;-0,02;-0,02;0,0;0,0;-0,2;-0,2;0,0;0,0;-0,02;-0,02;-0,04;-0,04;-0,01;-0,01;-0,02;-0,02;-0,01;-0,01;-0,1;-0,1;-0,01;-0,01;-0,01;-0,01;-0,01;-0,01;-0,01;-0,01;0,0;0,0;-0,04;-0,04
16.07.2026;23:45;00:00;0,0;0,0;-0,16;-0,16;-0,04;-0,04;0,0;0,0;-0,01;-0,01;0,0;0,0;-0,02;-0,02;-0,03;-0,03;0,0;0,0;0,0;0,0;0,0;0,0;0,0;0,0;-0,01;-0,01;-0,01;-0,01;-0,2;-0,2;0,0;0,0;-0,02;-0,02;-0,05;-0,05;0,0;0,0;0,0;0,0;-0,01;-0,01;-0,09;-0,09;-0,01;-0,01;-0,01;-0,01;0,0;0,0;-0,03;-0,03;0,0;0,0;-0,04;-0,04
17.07.2026;00:00;00:15;0,0;0,0;-0,17;-0,17;-0,04;-0,04;0,0;0,0;-0,01;-0,01;0,0;0,0;-0,02;-0,02;-0,03;-0,03;0,0;0,0;0,0;0,0;-0,01;-0,01;0,0;0,0;-0,01;-0,01;0,0;0,0;-0,16;-0,16;0,0;0,0;-0,03;-0,03;-0,03;-0,03;0,0;0,0;-0,01;-0,01;-0,01;-0,01;-0,1;-0,1;-0,01;-0,01;-0,01;-0,01;0,0;0,0;-0,02;-0,02;-0,01;-0,01;-0,02;-0,02
17.07.2026;00:15;00:30;0,0;0,0;-0,16;-0,16;-0,02;-0,02;0,0;0,0;-0,01;-0,01;-0,01;-0,01;-0,02;-0,02;-0,02;-0,02;-0,01;-0,01;0,0;0,0;0,0;0,0;0,0;0,0;0,0;0,0;0,0;0,0;-0,09;-0,09;0,0;0,0;-0,02;-0,02;-0,02;-0,02;-0,01;-0,01;0,0;0,0;0,0;0,0;-0,1;-0,1;-0,01;-0,01;-0,01;-0,01;0,0;0,0;-0,03;-0,03;-0,01;-0,01;-0,03;-0,03
17.07.2026;00:30;00:45;0,0;0,0;-0,16;-0,16;-0,02;-0,02;0,0;0,0;-0,02;-0,02;0,0;0,0;-0,02;-0,02;-0,01;-0,01;0,0;0,0;0,0;0,0;0,0;0,0;0,0;0,0;-0,02;-0,02;0,0;0,0;-0,08;-0,08;-0,01;-0,01;-0,02;-0,02;-0,03;-0,03;0,0;0,0;-0,02;-0,02;-0,01;-0,01;-0,1;-0,1;-0,01;-0,01;-0,02;-0,02;0,0;0,0;-0,03;-0,03;0,0;0,0;-0,02;-0,02
17.07.2026;00:45;01:00;0,0;0,0;-0,2;-0,2;-0,02;-0,02;0,0;0,0;-0,01;-0,01;0,0;0,0;-0,02;-0,02;-0,04;-0,04;0,0;0,0;0,0;0,0;0,0;0,0;0,0;0,0;-0,02;-0,02;0,0;0,0;-0,09;-0,09;0,0;0,0;-0,01;-0,01;-0,02;-0,02;0,0;0,0;0,0;0,0;-0,01;-0,01;-0,09;-0,09;-0,01;-0,01;-0,02;-0,02;0,0;0,0;-0,02;-0,02;0,0;0,0;-0,01;-0,01
17.07.2026;01:00;01:15;0,0;0,0;-0,18;-0,18;-0,02;-0,02;0,0;0,0;0,0;0,0;0,0;0,0;-0,02;-0,02;-0,04;-0,04;0,0;0,0;0,0;0,0;0,0;0,0;0,0;0,0;-0,01;-0,01;0,0;0,0;-0,08;-0,08;0,0;0,0;-0,01;-0,01;-0,02;-0,02;0,0;0,0;-0,02;-0,02;-0,01;-0,01;-0,09;-0,09;0,0;0,0;-0,01;-0,01;0,0;0,0;-0,02;-0,02;-0,01;-0,01;-0,02;-0,02
17.07.2026;01:15;01:30;0,0;0,0;-0,16;-0,16;-0,03;-0,03;0,0;0,0;-0,01;-0,01;0,0;0,0;-0,01;-0,01;-0,04;-0,04;0,0;0,0;-0,01;-0,01;0,0;0,0;0,0;0,0;0,0;0,0;0,0;0,0;-0,07;-0,07;0,0;0,0;-0,01;-0,01;-0,02;-0,02;-0,01;-0,01;-0,01;-0,01;-0,01;-0,01;-0,1;-0,1;-0,01;-0,01;-0,02;-0,02;0,0;0,0;-0,02;-0,02;0,0;0,0;-0,02;-0,02
17.07.2026;01:30;01:45;0,0;0,0;-0,18;-0,18;-0,05;-0,05;0,0;0,0;-0,02;-0,02;0,0;0,0;-0,03;-0,03;-0,02;-0,02;0,0;0,0;0,0;0,0;0,0;0,0;0,0;0,0;-0,01;-0,01;0,0;0,0;-0,06;-0,06;0,0;0,0;-0,02;-0,02;-0,02;-0,02;0,0;0,0;-0,01;-0,01;-0,01;-0,01;-0,09;-0,09;-0,01;-0,01;-0,02;-0,02;-0,01;-0,01;-0,01;-0,01;-0,01;-0,01;-0,03;-0,03
17.07.2026;01:45;02:00;0,0;0,0;-0,18;-0,18;-0,05;-0,05;0,0;0,0;-0,01;-0,01;0,0;0,0;-0,01;-0,01;-0,02;-0,02;0,0;0,0;0,0;0,0;0,0;0,0;0,0;0,0;-0,02;-0,02;-0,01;-0,01;-0,06;-0,06;0,0;0,0;-0,03;-0,03;-0,02;-0,02;0,0;0,0;0,0;0,0;-0,01;-0,01;-0,1;-0,1;-0,01;-0,01;-0,01;-0,01;0,0;0,0;-0,01;-0,01;0,0;0,0;-0,02;-0,02
17.07.2026;02:00;02:15;0,0;0,0;-0,21;-0,21;-0,03;-0,03;0,0;0,0;-0,02;-0,02;0,0;0,0;-0,02;-0,02;-0,02;-0,02;0,0;0,0;0,0;0,0;0,0;0,0;0,0;0,0;-0,01;-0,01;0,0;0,0;-0,03;-0,03;0,0;0,0;-0,02;-0,02;-0,01;-0,01;-0,01;-0,01;-0,01;-0,01;-0,01;-0,01;-0,09;-0,09;-0,01;-0,01;-0,02;-0,02;0,0;0,0;-0,01;-0,01;0,0;0,0;-0,02;-0,02
17.07.2026;02:15;02:30;0,0;0,0;-0,16;-0,16;-0,03;-0,03;-0,01;-0,01;0,0;0,0;-0,01;-0,01;-0,02;-0,02;-0,02;-0,02;0,0;0,0;0,0;0,0;0,0;0,0;0,0;0,0;-0,01;-0,01;0,0;0,0;-0,02;-0,02;0,0;0,0;-0,03;-0,03;-0,01;-0,01;0,0;0,0;-0,01;-0,01;0,0;0,0;-0,11;-0,11;-0,01;-0,01;-0,08;-0,08;0,0;0,0;-0,01;-0,01;-0,01;-0,01;-0,02;-0,02
17.07.2026;02:30;02:45;0,0;0,0;-0,17;-0,17;-0,03;-0,03;0,0;0,0;-0,01;-0,01;0,0;0,0;-0,01;-0,01;-0,02;-0,02;0,0;0,0;0,0;0,0;-0,01;-0,01;0,0;0,0;0,0;0,0;0,0;0,0;-0,02;-0,02;0,0;0,0;-0,02;-0,02;-0,01;-0,01;0,0;0,0;-0,01;-0,01;-0,02;-0,02;-0,06;-0,06;-0,01;-0,01;-0,03;-0,03;0,0;0,0;-0,01;-0,01;-0,01;-0,01;-0,01;-0,01
17.07.2026;02:45;03:00;0,0;0,0;-0,17;-0,17;-0,03;-0,03;0,0;0,0;-0,01;-0,01;0,0;0,0;-0,02;-0,02;-0,02;-0,02;-0,01;-0,01;0,0;0,0;0,0;0,0;0,0;0,0;-0,02;-0,02;0,0;0,0;-0,02;-0,02;0,0;0,0;-0,02;-0,02;-0,02;-0,02;0,0;0,0;-0,01;-0,01;0,0;0,0;-0,02;-0,02;0,0;0,0;-0,01;-0,01;0,0;0,0;-0,01;-0,01;0,0;0,0;-0,02;-0,02
17.07.2026;03:00;03:15;0,0;0,0;-0,2;-0,2;-0,02;-0,02;0,0;0,0;-0,02;-0,02;0,0;0,0;-0,02;-0,02;-0,02;-0,02;0,0;0,0;0,0;0,0;0,0;0,0;0,0;0,0;-0,01;-0,01;0,0;0,0;-0,03;-0,03;0,0;0,0;-0,01;-0,01;-0,02;-0,02;-0,01;-0,01;-0,01;-0,01;-0,01;-0,01;-0,02;-0,02;-0,01;-0,01;-0,02;-0,02;0,0;0,0;-0,01;-0,01;0,0;0,0;-0,03;-0,03
17.07.2026;03:15;03:30;0,0;0,0;-0,17;-0,17;-0,01;-0,01;0,0;0,0;-0,01;-0,01;0,0;0,0;-0,02;-0,02;-0,02;-0,02;0,0;0,0;0,0;0,0;0,0;0,0;-0,01;-0,01;-0,02;-0,02;0,0;0,0;-0,01;-0,01;-0,01;-0,01;-0,01;-0,01;-0,02;-0,02;0,0;0,0;-0,01;-0,01;-0,01;-0,01;-0,01;-0,01;-0,01;-0,01;-0,02;-0,02;0,0;0,0;-0,01;-0,01;-0,01;-0,01;-0,02;-0,02
17.07.2026;03:30;03:45;0,0;0,0;-0,16;-0,16;-0,02;-0,02;0,0;0,0;-0,01;-0,01;0,0;0,0;-0,02;-0,02;-0,02;-0,02;0,0;0,0;0,0;0,0;0,0;0,0;0,0;0,0;0,0;0,0;0,0;0,0;-0,02;-0,02;0,0;0,0;-0,02;-0,02;-0,03;-0,03;0,0;0,0;-0,02;-0,02;-0,01;-0,01;-0,01;-0,01;-0,01;-0,01;-0,01;-0,01;-0,01;-0,01;-0,01;-0,01;0,0;0,0;-0,02;-0,02
17.07.2026;03:45;04:00;0,0;0,0;-0,17;-0,17;-0,03;-0,03;0,0;0,0;-0,01;-0,01;0,0;0,0;-0,01;-0,01;-0,02;-0,02;0,0;0,0;0,0;0,0;0,0;0,0;0,0;0,0;-0,01;-0,01;-0,01;-0,01;-0,01;-0,01;0,0;0,0;-0,02;-0,02;-0,02;-0,02;0,0;0,0;0,0;0,0;-0,01;-0,01;-0,01;-0,01;-0,01;-0,01;-0,02;-0,02;0,0;0,0;-0,01;-0,01;-0,01;-0,01;-0,03;-0,03
17.07.2026;04:00;04:15;0,0;0,0;-0,16;-0,16;-0,02;-0,02;0,0;0,0;-0,01;-0,01;0,0;0,0;-0,02;-0,02;-0,01;-0,01;0,0;0,0;0,0;0,0;0,0;0,0;0,0;0,0;-0,01;-0,01;0,0;0,0;-0,02;-0,02;0,0;0,0;-0,02;-0,02;-0,02;-0,02;-0,01;-0,01;-0,01;-0,01;-0,01;-0,01;-0,02;-0,02;-0,01;-0,01;-0,01;-0,01;0,0;0,0;-0,02;-0,02;0,0;0,0;-0,01;-0,01
17.07.2026;04:15;04:30;0,0;0,0;-0,16;-0,16;-0,01;-0,01;0,0;0,0;-0,02;-0,02;-0,01;-0,01;-0,02;-0,02;-0,01;-0,01;0,0;0,0;0,0;0,0;0,0;0,0;0,0;0,0;-0,02;-0,02;0,0;0,0;-0,03;-0,03;0,0;0,0;-0,02;-0,02;-0,02;-0,02;0,0;0,0;-0,01;-0,01;0,0;0,0;-0,02;-0,02;-0,01;-0,01;-0,02;-0,02;0,0;0,0;0,0;0,0;-0,01;-0,01;-0,01;-0,01
17.07.2026;04:30;04:45;0,0;0,0;-0,16;-0,16;-0,02;-0,02;0,0;0,0;-0,01;-0,01;0,0;0,0;-0,02;-0,02;-0,02;-0,02;0,0;0,0;0,0;0,0;0,0;0,0;0,0;0,0;-0,01;-0,01;0,0;0,0;-0,02;-0,02;0,0;0,0;-0,03;-0,03;-0,02;-0,02;0,0;0,0;-0,01;-0,01;-0,02;-0,02;-0,01;-0,01;0,0;0,0;-0,01;-0,01;0,0;0,0;-0,02;-0,02;0,0;0,0;-0,03;-0,03
17.07.2026;04:45;05:00;0,0;0,0;-0,17;-0,17;-0,03;-0,03;0,0;0,0;-0,01;-0,01;0,0;0,0;-0,01;-0,01;-0,02;-0,02;0,0;0,0;0,0;0,0;0,0;0,0;0,0;0,0;0,0;0,0;0,0;0,0;-0,02;-0,02;0,0;0,0;-0,02;-0,02;-0,03;-0,03;-0,01;-0,01;0,0;0,0;0,0;0,0;-0,02;-0,02;-0,01;-0,01;-0,02;-0,02;0,0;0,0;0,0;0,0;0,0;0,0;-0,02;-0,02
17.07.2026;05:00;05:15;0,0;0,0;-0,15;-0,15;-0,02;-0,02;0,0;0,0;-0,01;-0,01;0,0;0,0;-0,02;-0,02;-0,02;-0,02;0,0;0,0;0,0;0,0;-0,01;-0,01;0,0;0,0;-0,01;-0,01;0,0;0,0;-0,02;-0,02;0,0;0,0;-0,02;-0,02;-0,01;-0,01;0,0;0,0;-0,01;-0,01;-0,01;-0,01;-0,02;-0,02;-0,01;-0,01;-0,01;-0,01;0,0;0,0;-0,02;-0,02;-0,01;-0,01;-0,02;-0,02
17.07.2026;05:15;05:30;0,0;0,0;-0,17;-0,17;-0,02;-0,02;0,0;0,0;-0,01;-0,01;0,0;0,0;-0,02;-0,02;-0,02;-0,02;-0,01;-0,01;0,0;0,0;0,0;0,0;0,0;0,0;-0,01;-0,01;0,0;0,0;-0,03;-0,03;0,0;0,0;-0,01;-0,01;-0,11;-0,11;0,0;0,0;-0,02;-0,02;-0,01;-0,01;-0,01;-0,01;-0,01;-0,01;-0,02;-0,02;0,0;0,0;0,0;0,0;0,0;0,0;-0,03;-0,03
17.07.2026;05:30;05:45;0,02;0,02;-0,17;-0,17;-0,01;-0,01;-0,01;-0,01;-0,01;-0,01;0,0;0,0;-0,02;-0,02;-0,02;-0,02;0,0;0,0;0,0;0,0;0,0;0,0;0,0;0,0;-0,02;-0,02;0,0;0,0;-0,03;-0,03;0,0;0,0;-0,01;-0,01;-0,01;-0,01;0,0;0,0;-0,03;-0,03;-0,01;-0,01;-0,02;-0,02;-0,01;-0,01;-0,02;-0,02;-0,01;-0,01;-0,02;-0,02;-0,01;-0,01;-0,01;-0,01
17.07.2026;05:45;06:00;0,03;0,03;-0,17;-0,17;-0,03;-0,03;0,0;0,0;-0,02;-0,02;0,0;0,0;-0,02;-0,02;-0,02;-0,02;0,0;0,0;0,0;0,0;0,0;0,0;0,0;0,0;-0,01;-0,01;-0,01;-0,01;-0,03;-0,03;-0,01;-0,01;-0,01;-0,01;-0,02;-0,02;-0,01;-0,01;-0,04;-0,04;-0,01;-0,01;-0,02;-0,02;-0,02;-0,02;-0,01;-0,01;0,0;0,0;0,0;0,0;0,0;0,0;-0,02;-0,02
17.07.2026;06:00;06:15;0,1;0,1;-0,19;-0,19;-0,03;-0,03;0,0;0,0;-0,01;-0,01;0,0;0,0;-0,02;-0,02;-0,02;-0,02;0,0;0,0;0,0;0,0;0,0;0,0;0,0;0,0;-0,01;-0,01;0,0;0,0;-0,04;-0,04;0,0;0,0;-0,02;-0,02;-0,02;-0,02;0,0;0,0;-0,01;-0,01;-0,01;-0,01;-0,01;-0,01;-0,01;-0,01;-0,02;-0,02;0,0;0,0;-0,02;-0,02;0,0;0,0;-0,01;-0,01
17.07.2026;06:15;06:30;0,14;0,11;-0,25;-0,22;-0,01;-0,01;0,0;0,0;-0,01;-0,01;-0,01;-0,01;-0,01;-0,01;-0,02;-0,02;0,0;0,0;-0,01;-0,01;0,0;0,0;0,0;0,0;0,0;0,0;0,0;0,0;-0,03;-0,03;0,0;0,0;-0,03;-0,03;-0,02;-0,02;0,0;0,0;-0,04;-0,04;0,0;0,0;-0,02;-0,02;0,0;0,0;-0,01;-0,01;0,0;0,0;0,0;0,0;-0,01;-0,01;-0,03;-0,03
17.07.2026;06:30;06:45;0,27;0,19;-0,19;-0,11;-0,01;-0,01;0,0;0,0;0,0;0,0;0,0;0,0;-0,02;-0,02;-0,02;-0,02;0,0;0,0;0,0;0,0;0,0;0,0;0,0;0,0;-0,01;-0,01;0,0;0,0;-0,03;-0,03;0,0;0,0;-0,02;-0,02;-0,02;-0,02;0,0;0,0;-0,02;-0,02;-0,02;-0,02;-0,01;-0,01;-0,01;-0,01;-0,02;-0,02;0,0;0,0;-0,04;-0,04;-0,01;-0,01;-0,02;-0,02
17.07.2026;06:45;07:00;0,13;0,11;-0,18;-0,16;-0,21;-0,21;0,0;0,0;-0,02;-0,02;0,0;0,0;0,0;0,0;-0,02;-0,02;0,0;0,0;0,0;0,0;0,0;0,0;0,0;0,0;-0,05;-0,05;0,0;0,0;-0,04;-0,04;0,0;0,0;-0,01;-0,01;-0,03;-0,03;-0,01;-0,01;-0,01;-0,01;0,0;0,0;-0,02;-0,02;-0,01;-0,01;-0,01;-0,01;0,0;0,0;-0,02;-0,02;0,0;0,0;-0,02;-0,02
17.07.2026;07:00;07:15;0,04;0,04;-0,17;-0,17;-0,14;-0,14;0,0;0,0;-0,01;-0,01;0,0;0,0;-0,01;-0,01;-0,02;-0,02;0,0;0,0;0,0;0,0;0,0;0,0;0,0;0,0;-0,05;-0,05;0,0;0,0;-0,03;-0,03;0,0;0,0;-0,01;-0,01;-0,02;-0,02;0,0;0,0;-0,01;-0,01;-0,01;-0,01;-0,01;-0,01;-0,01;-0,01;-0,02;-0,02;0,0;0,0;-0,02;-0,02;0,0;0,0;-0,03;-0,03
17.07.2026;07:15;07:30;0,0;0,0;-0,18;-0,18;-0,3;-0,3;0,0;0,0;-0,02;-0,02;0,0;0,0;0,0;0,0;-0,01;-0,01;0,0;0,0;0,0;0,0;0,0;0,0;0,0;0,0;-0,03;-0,03;0,0;0,0;-0,04;-0,04;0,0;0,0;-0,02;-0,02;-0,02;-0,02;0,0;0,0;-0,01;-0,01;-0,01;-0,01;-0,02;-0,02;-0,17;-0,17;-0,01;-0,01;0,0;0,0;-0,03;-0,03;-0,01;-0,01;-0,02;-0,02
17.07.2026;07:30;07:45;0,0;0,0;-0,2;-0,2;-0,31;-0,31;0,0;0,0;-0,01;-0,01;0,0;0,0;-0,01;-0,01;-0,02;-0,02;0,0;0,0;0,0;0,0;-0,01;-0,01;0,0;0,0;-0,04;-0,04;0,0;0,0;-0,04;-0,04;0,0;0,0;0,0;0,0;-0,02;-0,02;0,0;0,0;-0,02;-0,02;-0,01;-0,01;-0,02;-0,02;-0,09;-0,09;-0,01;-0,01;-0,01;-0,01;-0,03;-0,03;-0,01;-0,01;-0,04;-0,04
17.07.2026;07:45;08:00;0,57;0,21;-0,28;-0,15;-0,06;-0,04;0,0;0,0;0,0;0,0;0,0;0,0;-0,01;0,0;-0,01;0,0;-0,01;0,0;0,0;0,0;0,0;0,0;0,0;0,0;-0,03;-0,01;-0,01;0,0;-0,07;-0,05;0,0;0,0;0,0;0,0;-0,03;-0,01;-0,01;0,0;-0,01;0,0;-0,01;0,0;0,0;0,0;-0,03;-0,01;-0,03;-0,01;0,0;0,0;-0,02;0,0;0,0;0,0;-0,05;-0,03
17.07.2026;08:00;08:15;0,89;0,28;-0,26;-0,05;-0,07;0,0;0,0;0,0;-0,02;0,0;0,0;0,0;0,0;0,0;-0,01;0,0;0,0;0,0;0,0;0,0;0,0;0,0;0,0;0,0;-0,11;-0,04;0,0;0,0;-0,03;0,0;0,0;0,0;0,0;0,0;-0,02;0,0;0,0;0,0;-0,02;0,0;-0,01;0,0;-0,01;0,0;0,0;0,0;-0,07;0,0;0,0;0,0;-0,02;0,0;0,0;0,0;-0,05;0,0
17.07.2026;08:15;08:30;0,95;0,32;-0,18;0,0;-0,09;-0,02;0,0;0,0;-0,01;0,0;-0,01;0,0;-0,01;0,0;-0,02;0,0;0,0;0,0;0,0;0,0;0,0;0,0;-0,01;0,0;-0,12;-0,05;0,0;0,0;-0,03;0,0;-0,01;0,0;-0,01;0,0;-0,02;0,0;0,0;0,0;-0,01;0,0;0,0;0,0;-0,01;0,0;-0,02;0,0;-0,09;-0,02;0,0;0,0;-0,01;0,0;-0,01;0,0;-0,05;0,0
17.07.2026;08:30;08:45;0,81;0,23;-0,23;-0,05;-0,11;-0,06;0,0;0,0;-0,01;0,0;0,0;0,0;0,0;0,0;-0,02;0,0;0,0;0,0;0,0;0,0;0,0;0,0;0,0;0,0;-0,18;-0,13;0,0;0,0;-0,04;0,0;0,0;0,0;-0,02;0,0;-0,02;0,0;-0,01;0,0;0,0;0,0;-0,02;0,0;-0,02;0,0;-0,06;-0,01;-0,44;-0,39;0,0;0,0;-0,01;0,0;0,0;0,0;-0,03;0,0
17.07.2026;08:45;09:00;1,04;0,42;-0,19;0,0;-0,37;-0,29;0,0;0,0;-0,01;0,0;0,0;0,0;-0,01;0,0;-0,02;0,0;0,0;0,0;0,0;0,0;0,0;0,0;0,0;0,0;-0,23;-0,15;0,0;0,0;-0,03;0,0;0,0;0,0;-0,01;0,0;-0,02;0,0;0,0;0,0;0,0;0,0;0,0;0,0;-0,03;0,0;-0,03;0,0;-0,14;-0,06;0,0;0,0;-0,01;0,0;-0,01;0,0;-0,01;0,0
17.07.2026;09:00;09:15;0,93;0,38;-0,17;0,0;-0,24;-0,16;-0,01;0,0;-0,01;0,0;0,0;0,0;-0,01;0,0;-0,02;0,0;0,0;0,0;0,0;0,0;0,0;0,0;0,0;0,0;-0,04;0,0;0,0;0,0;-0,03;0,0;0,0;0,0;-0,02;0,0;-0,01;0,0;0,0;0,0;-0,02;0,0;-0,01;0,0;-0,02;0,0;0,0;0,0;-0,14;-0,06;0,0;0,0;-0,01;0,0;0,0;0,0;-0,01;0,0
17.07.2026;09:15;09:30;0,94;0,37;-0,18;0,0;-0,08;0,0;0,0;0,0;-0,01;0,0;0,0;0,0;0,0;0,0;-0,03;0,0;0,0;0,0;0,0;0,0;0,0;0,0;0,0;0,0;-0,03;0,0;0,0;0,0;-0,04;0,0;0,0;0,0;-0,01;0,0;-0,02;0,0;0,0;0,0;-0,01;0,0;-0,01;0,0;-0,03;0,0;-0,01;0,0;-0,11;-0,03;0,0;0,0;-0,01;0,0;0,0;0,0;-0,02;0,0
17.07.2026;09:30;09:45;1,46;0,83;-0,17;0,0;-0,07;0,0;0,0;0,0;-0,02;0,0;0,0;0,0;-0,01;0,0;-0,02;0,0;0,0;0,0;0,0;0,0;0,0;0,0;0,0;0,0;-0,02;0,0;0,0;0,0;-0,03;0,0;0,0;0,0;-0,01;0,0;-0,01;0,0;-0,01;0,0;-0,01;0,0;-0,01;0,0;-0,01;0,0;-0,02;0,0;-0,18;-0,02;-0,01;0,0;-0,01;0,0;-0,01;0,0;-0,02;0,0
17.07.2026;09:45;10:00;1,52;0,6;-0,31;0,0;-0,07;0,0;0,0;0,0;-0,01;0,0;0,0;0,0;0,0;0,0;-0,02;0,0;0,0;0,0;0,0;0,0;0,0;0,0;0,0;0,0;-0,02;0,0;-0,01;0,0;-0,03;0,0;0,0;0,0;0,0;0,0;-0,01;0,0;0,0;0,0;-0,01;0,0;-0,01;0,0;-0,3;-0,16;-0,1;0,0;-0,21;-0,07;0,0;0,0;-0,01;0,0;0,0;0,0;-0,03;0,0
17.07.2026;10:00;10:15;1,62;0,8;-0,19;0,0;-0,07;0,0;0,0;0,0;-0,01;0,0;0,0;0,0;-0,01;0,0;-0,03;0,0;0,0;0,0;0,0;0,0;-0,01;0,0;0,0;0,0;-0,04;0,0;0,0;0,0;-0,04;0,0;0,0;0,0;-0,01;0,0;-0,02;0,0;0,0;0,0;-0,01;0,0;-0,01;0,0;-0,18;-0,02;-0,01;0,0;-0,21;-0,05;0,0;0,0;-0,01;0,0;-0,01;0,0;-0,02;0,0
17.07.2026;10:15;10:30;1,7;0,85;-0,35;0,0;-0,04;0,0;0,0;0,0;-0,01;0,0;-0,01;0,0;0,0;0,0;-0,05;0,0;-0,01;0,0;0,0;0,0;0,0;0,0;0,0;0,0;-0,04;0,0;0,0;0,0;-0,03;0,0;0,0;0,0;0,0;0,0;-0,03;0,0;0,0;0,0;0,0;0,0;-0,01;0,0;-0,04;0,0;-0,02;0,0;-0,18;0,0;0,0;0,0;-0,01;0,0;0,0;0,0;-0,02;0,0
17.07.2026;10:30;10:45;1,78;0,93;-0,2;0,0;-0,07;0,0;0,0;0,0;-0,01;0,0;0,0;0,0;-0,01;0,0;-0,04;0,0;0,0;0,0;0,0;0,0;0,0;0,0;0,0;0,0;-0,02;0,0;0,0;0,0;-0,03;0,0;0,0;0,0;-0,01;0,0;-0,04;0,0;-0,01;0,0;-0,01;0,0;-0,01;0,0;-0,26;-0,07;-0,01;0,0;-0,15;0,0;0,0;0,0;-0,01;0,0;-0,01;0,0;-0,02;0,0
17.07.2026;10:45;11:00;1,82;1,18;-0,19;0,0;-0,11;0,0;0,0;0,0;-0,01;0,0;0,0;0,0;0,0;0,0;-0,04;0,0;0,0;0,0;0,0;0,0;0,0;0,0;0,0;0,0;-0,02;0,0;0,0;0,0;-0,04;0,0;-0,01;0,0;-0,01;0,0;-0,03;0,0;0,0;0,0;-0,01;0,0;-0,01;0,0;-0,04;0,0;-0,01;0,0;-0,09;0,0;0,0;0,0;-0,01;0,0;0,0;0,0;-0,01;0,0
17.07.2026;11:00;11:15;1,88;1,28;-0,24;0,0;-0,04;0,0;0,0;0,0;-0,02;0,0;0,0;0,0;-0,01;0,0;-0,04;0,0;0,0;0,0;0,0;0,0;0,0;0,0;0,0;0,0;-0,02;0,0;0,0;0,0;-0,03;0,0;0,0;0,0;-0,02;0,0;-0,03;0,0;0,0;0,0;-0,01;0,0;0,0;0,0;-0,02;0,0;-0,01;0,0;-0,08;0,0;0,0;0,0;-0,01;0,0;0,0;0,0;-0,02;0,0
17.07.2026;11:15;11:30;1,9;1,24;-0,25;0,0;-0,04;0,0;0,0;0,0;-0,01;0,0;0,0;0,0;-0,01;0,0;-0,04;0,0;0,0;0,0;-0,01;0,0;0,0;0,0;0,0;0,0;-0,03;0,0;0,0;0,0;-0,03;0,0;0,0;0,0;-0,01;0,0;-0,02;0,0;-0,01;0,0;0,0;0,0;-0,02;0,0;-0,03;0,0;-0,01;0,0;-0,1;0,0;0,0;0,0;-0,01;0,0;-0,01;0,0;-0,02;0,0
17.07.2026;11:30;11:45;0,76;0,24;-0,24;-0,07;-0,1;-0,06;0,0;0,0;-0,01;0,0;0,0;0,0;0,0;0,0;-0,06;-0,02;0,0;0,0;0,0;0,0;0,0;0,0;0,0;0,0;-0,02;0,0;0,0;0,0;-0,04;0,0;0,0;0,0;-0,02;0,0;-0,03;0,0;0,0;0,0;-0,01;0,0;0,0;0,0;-0,02;0,0;-0,01;0,0;-0,08;-0,04;-0,01;0,0;-0,01;0,0;-0,01;0,0;-0,12;-0,08
17.07.2026;11:45;12:00;0,0;0,0;-0,28;-0,28;-0,12;-0,12;0,0;0,0;0,0;0,0;0,0;0,0;-0,01;-0,01;-0,08;-0,08;0,0;0,0;0,0;0,0;0,0;0,0;0,0;0,0;-0,03;-0,03;-0,01;-0,01;-0,03;-0,03;0,0;0,0;-0,01;-0,01;-0,03;-0,03;0,0;0,0;-0,02;-0,02;-0,01;-0,01;-0,01;-0,01;-0,01;-0,01;-0,02;-0,02;0,0;0,0;-0,01;-0,01;0,0;0,0;-0,79;-0,79
17.07.2026;12:00;12:15;0,0;0,0;-0,16;-0,16;-0,04;-0,04;0,0;0,0;-0,02;-0,02;0,0;0,0;0,0;0,0;-0,1;-0,1;0,0;0,0;0,0;0,0;0,0;0,0;0,0;0,0;-0,01;-0,01;0,0;0,0;-0,04;-0,04;0,0;0,0;0,0;0,0;-0,03;-0,03;0,0;0,0;-0,01;-0,01;-0,02;-0,02;-0,01;-0,01;-0,01;-0,01;-0,16;-0,16;0,0;0,0;-0,01;-0,01;0,0;0,0;-0,45;-0,45
17.07.2026;12:15;12:30;1,15;0,46;-0,18;0,0;-0,04;0,0;-0,01;0,0;-0,01;0,0;-0,01;0,0;-0,01;0,0;-0,09;0,0;0,0;0,0;0,0;0,0;0,0;0,0;0,0;0,0;-0,02;0,0;0,0;0,0;-0,03;0,0;0,0;0,0;-0,01;0,0;-0,04;0,0;-0,01;0,0;0,0;0,0;0,0;0,0;-0,02;0,0;-0,01;0,0;-0,28;-0,19;0,0;0,0;-0,01;0,0;-0,01;0,0;-0,18;-0,09
17.07.2026;12:30;12:45;1,19;0,51;-0,18;0,0;-0,03;0,0;0,0;0,0;-0,02;0,0;0,0;0,0;-0,01;0,0;-0,09;0,0;0,0;0,0;0,0;0,0;-0,01;0,0;0,0;0,0;-0,02;0,0;0,0;0,0;-0,03;0,0;0,0;0,0;0,0;0,0;-0,04;0,0;0,0;0,0;0,0;0,0;-0,01;0,0;-0,02;0,0;0,0;0,0;-0,25;-0,15;0,0;0,0;-0,02;0,0;0,0;0,0;-0,1;0,0
17.07.2026;12:45;13:00;0,8;0,25;-0,19;0,0;-0,02;0,0;0,0;0,0;-0,01;0,0;0,0;0,0;0,0;0,0;-0,09;-0,04;-0,01;0,0;0,0;0,0;0,0;0,0;0,0;0,0;0,0;0,0;0,0;0,0;-0,04;0,0;0,0;0,0;-0,01;0,0;-0,03;0,0;0,0;0,0;-0,01;0,0;-0,01;0,0;-0,07;-0,02;-0,01;0,0;-0,22;-0,17;0,0;0,0;0,0;0,0;-0,01;0,0;-0,05;0,0
17.07.2026;13:00;13:15;0,87;0,33;-0,16;0,0;-0,03;0,0;0,0;0,0;0,0;0,0;0,0;0,0;-0,01;0,0;-0,08;-0,01;0,0;0,0;0,0;0,0;0,0;0,0;0,0;0,0;-0,01;0,0;0,0;0,0;-0,03;0,0;0,0;0,0;-0,01;0,0;-0,03;0,0;0,0;0,0;-0,01;0,0;-0,01;0,0;-0,01;0,0;-0,01;0,0;-0,24;-0,17;0,0;0,0;-0,03;0,0;0,0;0,0;-0,05;0,0
17.07.2026;13:15;13:30;0,93;0,27;-0,18;0,0;-0,04;0,0;0,0;0,0;-0,01;0,0;0,0;0,0;0,0;0,0;-0,06;0,0;0,0;0,0;0,0;0,0;0,0;0,0;-0,01;0,0;-0,09;-0,02;0,0;0,0;-0,03;0,0;-0,01;0,0;-0,02;0,0;-0,03;0,0;-0,01;0,0;-0,01;0,0;-0,01;0,0;-0,02;0,0;-0,01;0,0;-0,23;-0,16;0,0;0,0;-0,02;0,0;0,0;0,0;-0,05;0,0
17.07.2026;13:30;13:45;1,08;0,45;-0,18;0,0;-0,03;0,0;0,0;0,0;-0,02;0,0;0,0;0,0;-0,01;0,0;-0,06;0,0;0,0;0,0;0,0;0,0;0,0;0,0;0,0;0,0;-0,03;0,0;0,0;0,0;-0,03;0,0;0,0;0,0;-0,01;0,0;-0,02;0,0;0,0;0,0;0,0;0,0;-0,01;0,0;-0,01;0,0;-0,01;0,0;-0,25;-0,17;-0,01;0,0;-0,07;0,0;-0,01;0,0;-0,04;0,0
17.07.2026;13:45;14:00;1,05;0,3;-0,18;0,0;-0,04;0,0;0,0;0,0;-0,01;0,0;0,0;0,0;-0,01;0,0;-0,05;0,0;0,0;0,0;0,0;0,0;0,0;0,0;0,0;0,0;-0,04;0,0;-0,01;0,0;-0,03;0,0;0,0;0,0;-0,01;0,0;-0,03;0,0;0,0;0,0;-0,02;0,0;-0,01;0,0;-0,02;0,0;-0,1;-0,02;-0,18;-0,1;0,0;0,0;-0,11;-0,03;-0,01;0,0;-0,04;0,0
17.07.2026;14:00;14:15;1,06;0,4;-0,18;0,0;-0,03;0,0;0,0;0,0;-0,02;0,0;0,0;0,0;0,0;0,0;-0,5;-0,42;0,0;0,0;0,0;0,0;0,0;0,0;0,0;0,0;-0,03;0,0;0,0;0,0;-0,04;0,0;0,0;0,0;-0,02;0,0;-0,03;0,0;-0,01;0,0;-0,01;0,0;-0,01;0,0;-0,02;0,0;-0,02;0,0;-0,16;-0,08;0,0;0,0;-0,04;0,0;0,0;0,0;-0,04;0,0
17.07.2026;14:15;14:30;0,65;0,2;-0,17;-0,05;-0,03;0,0;0,0;0,0;0,0;0,0;-0,01;0,0;-0,01;0,0;-0,37;-0,33;0,0;0,0;0,0;0,0;0,0;0,0;0,0;0,0;-0,02;0,0;0,0;0,0;-0,03;0,0;0,0;0,0;0,0;0,0;-0,04;0,0;0,0;0,0;-0,01;0,0;0,0;0,0;-0,02;0,0;0,0;0,0;-0,16;-0,12;0,0;0,0;-0,04;0,0;0,0;0,0;-0,04;0,0
17.07.2026;14:30;14:45;0,42;0,19;-0,18;-0,09;-0,02;-0,01;0,0;0,0;-0,01;0,0;0,0;0,0;0,0;0,0;-0,06;-0,05;0,0;0,0;0,0;0,0;0,0;0,0;0,0;0,0;-0,02;-0,01;0,0;0,0;-0,03;-0,02;0,0;0,0;-0,01;0,0;-0,04;-0,03;0,0;0,0;0,0;0,0;-0,02;-0,01;-0,03;-0,02;-0,05;-0,04;-0,03;-0,02;0,0;0,0;-0,05;-0,04;-0,01;0,0;-0,03;-0,02
17.07.2026;14:45;15:00;0,25;0,18;-0,23;-0,16;-0,04;-0,04;0,0;0,0;-0,01;-0,01;0,0;0,0;-0,01;-0,01;-0,11;-0,11;0,0;0,0;0,0;0,0;0,0;0,0;0,0;0,0;-0,03;-0,03;0,0;0,0;-0,03;-0,03;0,0;0,0;0,0;0,0;-0,04;-0,04;0,0;0,0;-0,01;-0,01;-0,01;-0,01;-0,04;-0,04;-0,01;-0,01;-0,03;-0,03;0,0;0,0;-0,01;-0,01;-0,01;-0,01;-0,05;-0,05
17.07.2026;15:00;15:15;0,3;0,11;-0,18;-0,14;-0,06;-0,05;0,0;0,0;-0,02;-0,01;0,0;0,0;-0,01;0,0;-0,07;-0,06;0,0;0,0;0,0;0,0;-0,01;0,0;0,0;0,0;-0,05;-0,04;0,0;0,0;-0,03;-0,02;0,0;0,0;0,0;0,0;-0,04;-0,03;-0,01;0,0;-0,03;-0,02;0,0;0,0;-0,04;-0,03;-0,01;0,0;-0,03;-0,02;0,0;0,0;-0,02;-0,01;0,0;0,0;-0,05;-0,04
17.07.2026;15:15;15:30;0,4;0,18;-0,21;-0,14;-0,04;-0,03;0,0;0,0;-0,01;0,0;0,0;0,0;0,0;0,0;-0,05;-0,04;-0,01;0,0;0,0;0,0;0,0;0,0;0,0;0,0;-0,03;-0,02;0,0;0,0;-0,04;-0,03;0,0;0,0;-0,02;-0,01;-0,03;-0,02;0,0;0,0;-0,04;-0,03;-0,02;-0,01;-0,04;-0,03;-0,02;-0,01;-0,03;-0,02;0,0;0,0;-0,01;0,0;0,0;0,0;-0,04;-0,03
17.07.2026;15:30;15:45;0,17;0,12;-0,24;-0,19;-0,05;-0,05;-0,01;-0,01;-0,01;-0,01;0,0;0,0;0,0;0,0;-0,05;-0,05;0,0;0,0;0,0;0,0;0,0;0,0;0,0;0,0;-0,02;-0,02;0,0;0,0;-0,03;-0,03;0,0;0,0;-0,01;-0,01;-0,04;-0,04;0,0;0,0;-0,03;-0,03;0,0;0,0;-0,05;-0,05;-0,01;-0,01;-0,03;-0,03;-0,01;-0,01;-0,01;-0,01;-0,01;-0,01;-0,02;-0,02
17.07.2026;15:45;16:00;0,0;0,0;-0,18;-0,18;-0,06;-0,06;0,0;0,0;-0,01;-0,01;0,0;0,0;-0,01;-0,01;-0,06;-0,06;0,0;0,0;0,0;0,0;0,0;0,0;0,0;0,0;-0,02;-0,02;-0,01;-0,01;-0,03;-0,03;-0,01;-0,01;-0,02;-0,02;-0,03;-0,03;-0,01;-0,01;-0,07;-0,07;-0,01;-0,01;-0,04;-0,04;-0,04;-0,04;-0,03;-0,03;0,0;0,0;-0,01;-0,01;-0,01;-0,01;-0,02;-0,02
17.07.2026;16:00;16:15;0,0;0,0;-0,17;-0,17;-0,04;-0,04;0,0;0,0;-0,01;-0,01;0,0;0,0;0,0;0,0;-0,07;-0,07;0,0;0,0;0,0;0,0;0,0;0,0;0,0;0,0;0,0;0,0;0,0;0,0;-0,03;-0,03;0,0;0,0;-0,01;-0,01;-0,03;-0,03;0,0;0,0;-0,71;-0,71;-0,02;-0,02;-0,03;-0,03;-0,01;-0,01;-0,02;-0,02;0,0;0,0;-0,01;-0,01;0,0;0,0;-0,02;-0,02
17.07.2026;16:15;16:30;1,12;0,53;-0,16;0,0;-0,07;0,0;0,0;0,0;-0,01;0,0;-0,01;0,0;-0,01;0,0;-0,06;0,0;0,0;0,0;-0,01;0,0;0,0;0,0;0,0;0,0;-0,01;0,0;0,0;0,0;-0,03;0,0;0,0;0,0;-0,01;0,0;-0,02;0,0;0,0;0,0;-0,42;-0,33;0,0;0,0;-0,04;0,0;-0,02;0,0;-0,01;0,0;0,0;0,0;-0,01;0,0;0,0;0,0;-0,02;0,0
17.07.2026;16:30;16:45;0,98;0,27;-0,17;0,0;-0,07;0,0;0,0;0,0;-0,02;0,0;0,0;0,0;-0,01;0,0;-0,09;-0,01;0,0;0,0;0,0;0,0;0,0;0,0;0,0;0,0;-0,02;0,0;0,0;0,0;-0,04;0,0;0,0;0,0;-0,01;0,0;-0,01;0,0;0,0;0,0;-0,27;-0,19;-0,01;0,0;-0,09;-0,01;-0,01;0,0;-0,07;0,0;0,0;0,0;-0,01;0,0;-0,01;0,0;-0,01;0,0
17.07.2026;16:45;17:00;1,21;0,42;-0,21;0,0;-0,06;0,0;0,0;0,0;-0,01;0,0;0,0;0,0;0,0;0,0;-0,08;0,0;0,0;0,0;0,0;0,0;0,0;0,0;0,0;0,0;-0,02;0,0;0,0;0,0;-0,03;0,0;0,0;0,0;-0,01;0,0;-0,02;0,0;-0,01;0,0;-0,28;-0,18;-0,01;0,0;-0,09;0,0;-0,01;0,0;-0,25;-0,15;0,0;0,0;-0,01;0,0;0,0;0,0;-0,02;0,0
17.07.2026;17:00;17:15;1,06;0,33;-0,2;0,0;-0,07;0,0;0,0;0,0;-0,01;0,0;0,0;0,0;-0,01;0,0;-0,08;0,0;0,0;0,0;0,0;0,0;0,0;0,0;0,0;0,0;0,0;0,0;0,0;0,0;-0,03;0,0;0,0;0,0;-0,01;0,0;-0,03;0,0;0,0;0,0;-0,07;0,0;-0,01;0,0;-0,09;-0,01;-0,01;0,0;-0,33;-0,25;0,0;0,0;-0,01;0,0;-0,01;0,0;-0,02;0,0
17.07.2026;17:15;17:30;0,63;0,19;-0,17;-0,06;-0,12;-0,09;0,0;0,0;-0,01;0,0;0,0;0,0;-0,01;0,0;-0,05;-0,02;0,0;0,0;0,0;0,0;0,0;0,0;0,0;0,0;-0,01;0,0;0,0;0,0;-0,04;-0,01;0,0;0,0;-0,06;-0,03;-0,05;-0,02;0,0;0,0;-0,06;-0,03;-0,01;0,0;-0,13;-0,1;-0,02;0,0;-0,34;-0,31;0,0;0,0;-0,01;0,0;0,0;0,0;-0,02;0,0
17.07.2026;17:30;17:45;0,32;0,11;-0,18;-0,14;-0,06;-0,05;0,0;0,0;-0,01;0,0;0,0;0,0;0,0;0,0;-0,06;-0,05;0,0;0,0;0,0;0,0;-0,01;0,0;0,0;0,0;-0,01;0,0;0,0;0,0;-0,08;-0,07;0,0;0,0;-0,07;-0,06;-0,07;-0,06;0,0;0,0;-0,13;-0,12;-0,01;0,0;-0,09;-0,08;-0,01;0,0;-0,3;-0,29;-0,01;0,0;-0,01;0,0;-0,01;0,0;-0,03;-0,02
17.07.2026;17:45;18:00;0,21;0,16;-0,17;-0,12;-0,04;-0,04;0,0;0,0;-0,02;-0,02;0,0;0,0;-0,01;-0,01;-0,05;-0,05;-0,01;-0,01;0,0;0,0;0,0;0,0;0,0;0,0;-0,02;-0,02;-0,01;-0,01;-0,08;-0,08;0,0;0,0;-0,07;-0,07;-0,07;-0,07;-0,01;-0,01;-0,16;-0,16;-0,01;-0,01;-0,01;-0,01;-0,03;-0,03;-0,24;-0,24;0,0;0,0;-0,01;-0,01;0,0;0,0;-0,02;-0,02
17.07.2026;18:00;18:15;0,13;0,11;-0,16;-0,14;-0,06;-0,06;0,0;0,0;-0,01;-0,01;0,0;0,0;0,0;0,0;-0,05;-0,05;0,0;0,0;0,0;0,0;0,0;0,0;0,0;0,0;-0,01;-0,01;0,0;0,0;-0,07;-0,07;0,0;0,0;-0,07;-0,07;-0,06;-0,06;0,0;0,0;-0,17;-0,17;-0,01;-0,01;-0,02;-0,02;-0,09;-0,09;-0,1;-0,1;0,0;0,0;-0,01;-0,01;0,0;0,0;-0,02;-0,02
17.07.2026;18:15;18:30;0,05;0,05;-0,18;-0,18;-0,04;-0,04;0,0;0,0;-0,01;-0,01;-0,01;-0,01;-0,01;-0,01;-0,06;-0,06;0,0;0,0;0,0;0,0;0,0;0,0;-0,01;-0,01;-0,01;-0,01;0,0;0,0;-0,07;-0,07;-0,01;-0,01;-0,08;-0,08;-0,06;-0,06;0,0;0,0;-0,06;-0,06;0,0;0,0;-0,02;-0,02;-0,08;-0,08;-0,07;-0,07;0,0;0,0;-0,01;-0,01;-0,01;-0,01;-0,02;-0,02
17.07.2026;18:30;18:45;0,01;0,01;-0,17;-0,17;-0,06;-0,06;0,0;0,0;-0,01;-0,01;0,0;0,0;-0,01;-0,01;-0,05;-0,05;0,0;0,0;0,0;0,0;0,0;0,0;0,0;0,0;-0,4;-0,4;0,0;0,0;-0,07;-0,07;0,0;0,0;-0,07;-0,07;-0,05;-0,05;0,0;0,0;-0,03;-0,03;-0,02;-0,02;-0,01;-0,01;-0,11;-0,11;-0,08;-0,08;0,0;0,0;-0,01;-0,01;0,0;0,0;-0,01;-0,01
17.07.2026;18:45;19:00;0,01;0,01;-0,17;-0,17;-0,04;-0,04;0,0;0,0;-0,01;-0,01;0,0;0,0;0,0;0,0;-0,06;-0,06;0,0;0,0;0,0;0,0;0,0;0,0;0,0;0,0;-0,48;-0,48;0,0;0,0;-0,06;-0,06;0,0;0,0;-0,07;-0,07;-0,06;-0,06;-0,01;-0,01;-0,16;-0,16;-0,01;-0,01;-0,02;-0,02;-0,01;-0,01;-0,1;-0,1;0,0;0,0;-0,01;-0,01;-0,01;-0,01;-0,02;-0,02
17.07.2026;19:00;19:15;0,03;0,03;-0,18;-0,18;-0,02;-0,02;-0,01;-0,01;-0,01;-0,01;0,0;0,0;-0,01;-0,01;-0,05;-0,05;0,0;0,0;0,0;0,0;0,0;0,0;0,0;0,0;-0,2;-0,2;0,0;0,0;-0,1;-0,1;0,0;0,0;-0,05;-0,05;-0,07;-0,07;0,0;0,0;-0,14;-0,14;0,0;0,0;-0,01;-0,01;-0,02;-0,02;-0,08;-0,08;0,0;0,0;-0,01;-0,01;0,0;0,0;-0,02;-0,02
17.07.2026;19:15;19:30;0,22;0,17;-0,22;-0,17;-0,02;-0,02;0,0;0,0;-0,02;-0,02;0,0;0,0;0,0;0,0;-0,04;-0,04;0,0;0,0;0,0;0,0;0,0;0,0;0,0;0,0;-0,05;-0,05;0,0;0,0;-0,19;-0,19;0,0;0,0;-0,02;-0,02;-0,09;-0,09;0,0;0,0;-0,07;-0,07;-0,02;-0,02;-0,02;-0,02;-0,01;-0,01;-0,09;-0,09;0,0;0,0;-0,01;-0,01;0,0;0,0;-0,02;-0,02
17.07.2026;19:30;19:45;0,13;0,11;-0,28;-0,26;-0,02;-0,02;0,0;0,0;-0,01;-0,01;0,0;0,0;0,0;0,0;-0,04;-0,04;0,0;0,0;0,0;0,0;0,0;0,0;0,0;0,0;-0,03;-0,03;0,0;0,0;-0,08;-0,08;0,0;0,0;-0,02;-0,02;-0,09;-0,09;0,0;0,0;-0,03;-0,03;0,0;0,0;-0,01;-0,01;-0,02;-0,02;-0,09;-0,09;-0,01;-0,01;-0,01;-0,01;-0,01;-0,01;-0,02;-0,02
17.07.2026;19:45;20:00;0,0;0,0;-0,16;-0,16;-0,03;-0,03;0,0;0,0;-0,01;-0,01;0,0;0,0;-0,01;-0,01;-0,05;-0,05;0,0;0,0;0,0;0,0;0,0;0,0;0,0;0,0;-0,02;-0,02;-0,01;-0,01;-0,07;-0,07;0,0;0,0;-0,35;-0,35;-0,1;-0,1;-0,01;-0,01;-0,04;-0,04;-0,01;-0,01;-0,01;-0,01;-0,01;-0,01;-0,09;-0,09;0,0;0,0;-0,01;-0,01;-0,01;-0,01;-0,03;-0,03
17.07.2026;20:00;20:15;0,0;0,0;-0,18;-0,18;-0,05;-0,05;0,0;0,0;0,0;0,0;0,0;0,0;-0,01;-0,01;-0,05;-0,05;0,0;0,0;0,0;0,0;-0,01;-0,01;0,0;0,0;0,0;0,0;0,0;0,0;-0,07;-0,07;0,0;0,0;-0,29;-0,29;-0,1;-0,1;0,0;0,0;-0,02;-0,02;-0,01;-0,01;-0,01;-0,01;-0,01;-0,01;-0,11;-0,11;0,0;0,0;-0,01;-0,01;0,0;0,0;-0,02;-0,02
17.07.2026;20:15;20:30;0,02;0,02;-0,17;-0,17;-0,04;-0,04;0,0;0,0;-0,02;-0,02;-0,01;-0,01;0,0;0,0;-0,06;-0,06;-0,01;-0,01;0,0;0,0;0,0;0,0;0,0;0,0;-0,01;-0,01;0,0;0,0;-0,07;-0,07;0,0;0,0;-0,04;-0,04;-0,08;-0,08;0,0;0,0;-0,03;-0,03;0,0;0,0;-0,01;-0,01;-0,01;-0,01;-0,1;-0,1;0,0;0,0;-0,01;-0,01;0,0;0,0;-0,01;-0,01
17.07.2026;20:30;20:45;0,01;0,01;-0,16;-0,16;-0,06;-0,06;0,0;0,0;-0,01;-0,01;0,0;0,0;-0,01;-0,01;-0,04;-0,04;0,0;0,0;0,0;0,0;0,0;0,0;0,0;0,0;-0,01;-0,01;0,0;0,0;-0,08;-0,08;0,0;0,0;-0,04;-0,04;-0,07;-0,07;0,0;0,0;-0,01;-0,01;-0,02;-0,02;-0,02;-0,02;-0,01;-0,01;-0,11;-0,11;0,0;0,0;-0,01;-0,01;-0,01;-0,01;-0,01;-0,01
17.07.2026;20:45;21:00;0,01;0,01;-0,22;-0,22;-0,04;-0,04;0,0;0,0;-0,02;-0,02;0,0;0,0;0,0;0,0;-0,03;-0,03;0,0;0,0;0,0;0,0;0,0;0,0;0,0;0,0;-0,02;-0,02;0,0;0,0;-0,07;-0,07;-0,01;-0,01;-0,03;-0,03;-0,05;-0,05;-0,01;-0,01;-0,01;-0,01;-0,01;-0,01;-0,01;-0,01;-0,01;-0,01;-0,08;-0,08;0,0;0,0;-0,01;-0,01;-0,01;-0,01;-0,04;-0,04
17.07.2026;21:00;21:15;0,01;0,01;-0,17;-0,17;-0,06;-0,06;0,0;0,0;-0,01;-0,01;0,0;0,0;-0,01;-0,01;-0,04;-0,04;0,0;0,0;0,0;0,0;0,0;0,0;0,0;0,0;-0,04;-0,04;0,0;0,0;-0,07;-0,07;0,0;0,0;-0,05;-0,05;-0,06;-0,06;0,0;0,0;0,0;0,0;0,0;0,0;-0,01;-0,01;-0,01;-0,01;-0,08;-0,08;0,0;0,0;-0,01;-0,01;0,0;0,0;-0,06;-0,06
17.07.2026;21:15;21:30;0,0;0,0;-0,15;-0,15;-0,04;-0,04;0,0;0,0;0,0;0,0;0,0;0,0;-0,01;-0,01;-0,03;-0,03;0,0;0,0;-0,01;-0,01;0,0;0,0;0,0;0,0;-0,02;-0,02;0,0;0,0;-0,06;-0,06;0,0;0,0;-0,06;-0,06;-0,06;-0,06;0,0;0,0;-0,01;-0,01;-0,02;-0,02;-0,02;-0,02;-0,01;-0,01;-0,3;-0,3;0,0;0,0;-0,01;-0,01;0,0;0,0;-0,05;-0,05
17.07.2026;21:30;21:45;0,0;0,0;-0,18;-0,18;-0,04;-0,04;0,0;0,0;-0,01;-0,01;0,0;0,0;0,0;0,0;-0,03;-0,03;0,0;0,0;0,0;0,0;0,0;0,0;0,0;0,0;-0,02;-0,02;0,0;0,0;-0,07;-0,07;0,0;0,0;-0,06;-0,06;-0,04;-0,04;-0,01;-0,01;-0,01;-0,01;0,0;0,0;-0,01;-0,01;-0,02;-0,02;-0,23;-0,23;-0,01;-0,01;-0,01;-0,01;-0,01;-0,01;-0,05;-0,05
17.07.2026;21:45;22:00;0,0;0,0;-0,17;-0,17;-0,05;-0,05;0,0;0,0;-0,02;-0,02;0,0;0,0;-0,01;-0,01;-0,03;-0,03;0,0;0,0;0,0;0,0;0,0;0,0;0,0;0,0;-0,01;-0,01;-0,01;-0,01;-0,07;-0,07;0,0;0,0;-0,05;-0,05;-0,06;-0,06;0,0;0,0;0,0;0,0;-0,01;-0,01;0,0;0,0;-0,09;-0,09;-0,21;-0,21;0,0;0,0;-0,01;-0,01;0,0;0,0;-0,04;-0,04
17.07.2026;22:00;22:15;0,0;0,0;-0,2;-0,2;-0,04;-0,04;0,0;0,0;-0,01;-0,01;0,0;0,0;0,0;0,0;-0,04;-0,04;0,0;0,0;0,0;0,0;0,0;0,0;0,0;0,0;-0,03;-0,03;0,0;0,0;-0,08;-0,08;0,0;0,0;-0,05;-0,05;-0,03;-0,03;0,0;0,0;-0,01;-0,01;-0,01;-0,01;-0,01;-0,01;-0,04;-0,04;-0,26;-0,26;0,0;0,0;-0,01;-0,01;-0,01;-0,01;-0,03;-0,03
17.07.2026;22:15;22:30;0,0;0,0;-0,16;-0,16;-0,05;-0,05;-0,01;-0,01;-0,02;-0,02;-0,01;-0,01;-0,01;-0,01;-0,03;-0,03;0,0;0,0;0,0;0,0;0,0;0,0;0,0;0,0;-0,03;-0,03;0,0;0,0;-0,08;-0,08;0,0;0,0;-0,06;-0,06;-0,04;-0,04;0,0;0,0;-0,02;-0,02;-0,01;-0,01;-0,02;-0,02;-0,01;-0,01;-0,28;-0,28;0,0;0,0;-0,01;-0,01;0,0;0,0;-0,02;-0,02
17.07.2026;22:30;22:45;0,0;0,0;-0,16;-0,16;-0,05;-0,05;0,0;0,0;0,0;0,0;0,0;0,0;-0,01;-0,01;-0,04;-0,04;0,0;0,0;0,0;0,0;-0,01;-0,01;0,0;0,0;-0,02;-0,02;0,0;0,0;-0,08;-0,08;0,0;0,0;-0,06;-0,06;-0,04;-0,04;-0,01;-0,01;-0,01;-0,01;-0,01;-0,01;-0,01;-0,01;-0,02;-0,02;-0,28;-0,28;0,0;0,0;-0,01;-0,01;0,0;0,0;-0,01;-0,01
17.07.2026;22:45;23:00;0,0;0,0;-0,17;-0,17;-0,04;-0,04;0,0;0,0;-0,01;-0,01;0,0;0,0;0,0;0,0;-0,04;-0,04;-0,01;-0,01;0,0;0,0;0,0;0,0;0,0;0,0;-0,02;-0,02;0,0;0,0;-0,07;-0,07;0,0;0,0;-0,07;-0,07;-0,04;-0,04;0,0;0,0;0,0;0,0;-0,01;-0,01;-0,01;-0,01;-0,01;-0,01;-0,14;-0,14;0,0;0,0;-0,01;-0,01;-0,01;-0,01;-0,02;-0,02
17.07.2026;23:00;23:15;0,0;0,0;-0,18;-0,18;-0,04;-0,04;0,0;0,0;-0,02;-0,02;0,0;0,0;-0,01;-0,01;-0,03;-0,03;0,0;0,0;0,0;0,0;0,0;0,0;0,0;0,0;-0,01;-0,01;0,0;0,0;-0,08;-0,08;0,0;0,0;-0,06;-0,06;-0,05;-0,05;0,0;0,0;-0,01;-0,01;0,0;0,0;-0,02;-0,02;-0,01;-0,01;-0,01;-0,01;0,0;0,0;-0,01;-0,01;-0,01;-0,01;-0,02;-0,02
17.07.2026;23:15;23:30;0,0;0,0;-0,29;-0,29;-0,05;-0,05;0,0;0,0;-0,01;-0,01;0,0;0,0;0,0;0,0;-0,03;-0,03;0,0;0,0;0,0;0,0;0,0;0,0;-0,01;-0,01;-0,01;-0,01;0,0;0,0;-0,07;-0,07;-0,01;-0,01;-0,02;-0,02;-0,05;-0,05;0,0;0,0;-0,06;-0,06;-0,02;-0,02;0,0;0,0;-0,01;-0,01;-0,02;-0,02;0,0;0,0;-0,01;-0,01;0,0;0,0;-0,02;-0,02
17.07.2026;23:30;23:45;0,0;0,0;-0,16;-0,16;-0,05;-0,05;0,0;0,0;-0,01;-0,01;0,0;0,0;-0,01;-0,01;-0,02;-0,02;0,0;0,0;0,0;0,0;0,0;0,0;0,0;0,0;-0,02;-0,02;0,0;0,0;-0,07;-0,07;0,0;0,0;-0,02;-0,02;-0,05;-0,05;-0,01;-0,01;-0,16;-0,16;-0,01;-0,01;-0,01;-0,01;-0,01;-0,01;-0,01;-0,01;-0,01;-0,01;-0,01;-0,01;0,0;0,0;-0,03;-0,03
17.07.2026;23:45;00:00;0,0;0,0;-0,16;-0,16;-0,04;-0,04;0,0;0,0;-0,02;-0,02;0,0;0,0;-0,01;-0,01;-0,04;-0,04;0,0;0,0;0,0;0,0;0,0;0,0;0,0;0,0;-0,02;-0,02;-0,01;-0,01;-0,07;-0,07;0,0;0,0;-0,01;-0,01;-0,05;-0,05;0,0;0,0;-0,03;-0,03;0,0;0,0;-0,02;-0,02;-0,01;-0,01;-0,02;-0,02;0,0;0,0;-0,01;-0,01;-0,01;-0,01;-0,02;-0,02
18.07.2026;00:00;00:15;0,0;0,0;-0,16;-0,16;-0,04;-0,04;0,0;0,0;0,0;0,0;0,0;0,0;0,0;0,0;-0,02;-0,02;0,0;0,0;0,0;0,0;0,0;0,0;0,0;0,0;-0,01;-0,01;0,0;0,0;-0,07;-0,07;0,0;0,0;-0,01;-0,01;-0,05;-0,05;0,0;0,0;-0,02;-0,02;-0,02;-0,02;-0,01;-0,01;-0,01;-0,01;-0,02;-0,02;0,0;0,0;-0,01;-0,01;-0,01;-0,01;-0,02;-0,02
18.07.2026;00:15;00:30;0,0;0,0;-0,16;-0,16;-0,05;-0,05;0,0;0,0;-0,01;-0,01;-0,01;-0,01;-0,01;-0,01;-0,02;-0,02;0,0;0,0;0,0;0,0;0,0;0,0;0,0;0,0;0,0;0,0;0,0;0,0;-0,08;-0,08;0,0;0,0;-0,01;-0,01;-0,05;-0,05;-0,01;-0,01;-0,01;-0,01;0,0;0,0;-0,01;-0,01;-0,01;-0,01;-0,01;-0,01;0,0;0,0;-0,01;-0,01;0,0;0,0;-0,01;-0,01
18.07.2026;00:30;00:45;0,0;0,0;-0,17;-0,17;-0,05;-0,05;0,0;0,0;-0,02;-0,02;0,0;0,0;0,0;0,0;-0,02;-0,02;0,0;0,0;0,0;0,0;0,0;0,0;0,0;0,0;-0,01;-0,01;0,0;0,0;-0,07;-0,07;0,0;0,0;-0,01;-0,01;-0,05;-0,05;0,0;0,0;0,0;0,0;-0,01;-0,01;-0,01;-0,01;-0,01;-0,01;-0,02;-0,02;0,0;0,0;-0,01;-0,01;0,0;0,0;-0,01;-0,01
18.07.2026;00:45;01:00;0,0;0,0;-0,17;-0,17;-0,04;-0,04;0,0;0,0;-0,01;-0,01;0,0;0,0;-0,01;-0,01;-0,02;-0,02;0,0;0,0;0,0;0,0;0,0;0,0;0,0;0,0;-0,02;-0,02;0,0;0,0;-0,07;-0,07;0,0;0,0;-0,02;-0,02;-0,05;-0,05;0,0;0,0;-0,01;-0,01;-0,01;-0,01;-0,01;-0,01;-0,01;-0,01;-0,01;-0,01;0,0;0,0;-0,01;-0,01;-0,01;-0,01;-0,03;-0,03
18.07.2026;01:00;01:15;0,0;0,0;-0,16;-0,16;-0,02;-0,02;0,0;0,0;-0,01;-0,01;0,0;0,0;0,0;0,0;-0,02;-0,02;0,0;0,0;0,0;0,0;-0,01;-0,01;0,0;0,0;-0,01;-0,01;0,0;0,0;-0,08;-0,08;0,0;0,0;-0,03;-0,03;-0,04;-0,04;0,0;0,0;-0,01;-0,01;-0,01;-0,01;-0,02;-0,02;-0,01;-0,01;-0,02;-0,02;0,0;0,0;-0,01;-0,01;0,0;0,0;-0,02;-0,02
18.07.2026;01:15;01:30;0,0;0,0;-0,16;-0,16;-0,01;-0,01;0,0;0,0;-0,01;-0,01;0,0;0,0;-0,01;-0,01;-0,02;-0,02;-0,01;-0,01;0,0;0,0;0,0;0,0;0,0;0,0;-0,01;-0,01;0,0;0,0;-0,06;-0,06;0,0;0,0;-0,02;-0,02;-0,05;-0,05;-0,01;-0,01;0,0;0,0;-0,01;-0,01;-0,01;-0,01;-0,01;-0,01;-0,01;-0,01;0,0;0,0;-0,01;-0,01;-0,01;-0,01;-0,02;-0,02
18.07.2026;01:30;01:45;0,0;0,0;-0,16;-0,16;-0,03;-0,03;-0,01;-0,01;-0,01;-0,01;0,0;0,0;0,0;0,0;-0,02;-0,02;0,0;0,0;0,0;0,0;0,0;0,0;0,0;0,0;0,0;0,0;0,0;0,0;-0,04;-0,04;0,0;0,0;-0,02;-0,02;-0,05;-0,05;0,0;0,0;-0,01;-0,01;-0,01;-0,01;-0,01;-0,01;-0,01;-0,01;-0,03;-0,03;-0,01;-0,01;-0,01;-0,01;0,0;0,0;-0,02;-0,02
18.07.2026;01:45;02:00;0,0;0,0;-0,16;-0,16;-0,03;-0,03;0,0;0,0;-0,01;-0,01;0,0;0,0;-0,01;-0,01;-0,02;-0,02;0,0;0,0;0,0;0,0;0,0;0,0;0,0;0,0;-0,01;-0,01;-0,01;-0,01;-0,08;-0,08;-0,01;-0,01;-0,02;-0,02;-0,05;-0,05;0,0;0,0;-0,02;-0,02;-0,01;-0,01;-0,01;-0,01;0,0;0,0;-0,12;-0,12;0,0;0,0;-0,01;-0,01;-0,01;-0,01;-0,02;-0,02
18.07.2026;02:00;02:15;0,0;0,0;-0,17;-0,17;-0,01;-0,01;0,0;0,0;-0,02;-0,02;0,0;0,0;-0,01;-0,01;-0,02;-0,02;0,0;0,0;0,0;0,0;0,0;0,0;0,0;0,0;-0,02;-0,02;0,0;0,0;-0,01;-0,01;0,0;0,0;-0,02;-0,02;-0,04;-0,04;0,0;0,0;-0,01;-0,01;-0,01;-0,01;-0,01;-0,01;-0,02;-0,02;-0,13;-0,13;0,0;0,0;-0,01;-0,01;0,0;0,0;-0,01;-0,01
18.07.2026;02:15;02:30;0,0;0,0;-0,16;-0,16;-0,04;-0,04;0,0;0,0;-0,01;-0,01;-0,01;-0,01;0,0;0,0;-0,02;-0,02;0,0;0,0;-0,01;-0,01;0,0;0,0;0,0;0,0;-0,02;-0,02;0,0;0,0;-0,03;-0,03;0,0;0,0;-0,01;-0,01;-0,05;-0,05;-0,01;-0,01;-0,01;-0,01;0,0;0,0;-0,01;-0,01;-0,01;-0,01;-0,11;-0,11;0,0;0,0;-0,01;-0,01;0,0;0,0;-0,02;-0,02
18.07.2026;02:30;02:45;0,0;0,0;-0,16;-0,16;-0,06;-0,06;0,0;0,0;-0,01;-0,01;0,0;0,0;-0,01;-0,01;-0,02;-0,02;0,0;0,0;0,0;0,0;0,0;0,0;0,0;0,0;0,0;0,0;0,0;0,0;-0,02;-0,02;0,0;0,0;-0,01;-0,01;-0,02;-0,02;0,0;0,0;0,0;0,0;-0,02;-0,02;-0,02;-0,02;0,0;0,0;-0,12;-0,12;0,0;0,0;-0,01;-0,01;-0,01;-0,01;-0,02;-0,02
18.07.2026;02:45;03:00;0,0;0,0;-0,29;-0,29;-0,02;-0,02;0,0;0,0;-0,01;-0,01;0,0;0,0;0,0;0,0;-0,01;-0,01;0,0;0,0;0,0;0,0;0,0;0,0;0,0;0,0;-0,01;-0,01;0,0;0,0;-0,02;-0,02;0,0;0,0;-0,01;-0,01;-0,01;-0,01;0,0;0,0;-0,01;-0,01;-0,01;-0,01;0,0;0,0;-0,02;-0,02;-0,09;-0,09;0,0;0,0;-0,01;-0,01;0,0;0,0;-0,03;-0,03
18.07.2026;03:00;03:15;0,0;0,0;-0,2;-0,2;-0,03;-0,03;0,0;0,0;-0,02;-0,02;0,0;0,0;-0,01;-0,01;-0,01;-0,01;0,0;0,0;0,0;0,0;0,0;0,0;0,0;0,0;0,0;0,0;0,0;0,0;-0,01;-0,01;0,0;0,0;-0,02;-0,02;-0,01;-0,01;-0,01;-0,01;-0,01;-0,01;0,0;0,0;-0,01;-0,01;-0,01;-0,01;-0,08;-0,08;0,0;0,0;-0,01;-0,01;-0,01;-0,01;-0,02;-0,02
18.07.2026;03:15;03:30;0,0;0,0;-0,17;-0,17;-0,02;-0,02;0,0;0,0;-0,01;-0,01;0,0;0,0;-0,01;-0,01;-0,01;-0,01;0,0;0,0;0,0;0,0;0,0;0,0;0,0;0,0;-0,02;-0,02;0,0;0,0;-0,02;-0,02;0,0;0,0;-0,02;-0,02;-0,02;-0,02;0,0;0,0;-0,01;-0,01;-0,01;-0,01;-0,02;-0,02;0,0;0,0;-0,07;-0,07;0,0;0,0;-0,01;-0,01;0,0;0,0;-0,02;-0,02
18.07.2026;03:30;03:45;0,0;0,0;-0,17;-0,17;-0,03;-0,03;0,0;0,0;-0,02;-0,02;0,0;0,0;0,0;0,0;-0,02;-0,02;0,0;0,0;0,0;0,0;-0,01;-0,01;0,0;0,0;-0,02;-0,02;0,0;0,0;-0,02;-0,02;0,0;0,0;-0,02;-0,02;-0,02;-0,02;0,0;0,0;0,0;0,0;-0,01;-0,01;-0,01;-0,01;-0,01;-0,01;-0,11;-0,11;-0,01;-0,01;-0,01;-0,01;-0,01;-0,01;-0,01;-0,01
18.07.2026;03:45;04:00;0,0;0,0;-0,18;-0,18;-0,02;-0,02;0,0;0,0;-0,04;-0,04;0,0;0,0;-0,01;-0,01;-0,02;-0,02;-0,01;-0,01;0,0;0,0;0,0;0,0;0,0;0,0;-0,01;-0,01;-0,01;-0,01;-0,02;-0,02;0,0;0,0;-0,03;-0,03;-0,02;-0,02;0,0;0,0;-0,02;-0,02;-0,01;-0,01;-0,01;-0,01;-0,01;-0,01;-0,09;-0,09;0,0;0,0;-0,01;-0,01;0,0;0,0;-0,01;-0,01
18.07.2026;04:00;04:15;0,0;0,0;-0,2;-0,2;-0,02;-0,02;0,0;0,0;-0,02;-0,02;0,0;0,0;0,0;0,0;-0,02;-0,02;0,0;0,0;0,0;0,0;0,0;0,0;0,0;0,0;0,0;0,0;0,0;0,0;-0,02;-0,02;0,0;0,0;-0,03;-0,03;-0,02;-0,02;-0,01;-0,01;-0,01;-0,01;-0,01;-0,01;-0,01;-0,01;-0,01;-0,01;-0,1;-0,1;0,0;0,0;-0,01;-0,01;-0,01;-0,01;-0,03;-0,03
18.07.2026;04:15;04:30;0,0;0,0;-0,17;-0,17;-0,02;-0,02;0,0;0,0;-0,02;-0,02;-0,01;-0,01;-0,01;-0,01;-0,02;-0,02;0,0;0,0;0,0;0,0;0,0;0,0;-0,01;-0,01;-0,01;-0,01;0,0;0,0;-0,03;-0,03;-0,01;-0,01;-0,01;-0,01;-0,02;-0,02;0,0;0,0;-0,01;-0,01;-0,01;-0,01;-0,01;-0,01;-0,01;-0,01;-0,03;-0,03;0,0;0,0;-0,01;-0,01;0,0;0,0;-0,02;-0,02
18.07.2026;04:30;04:45;0,0;0,0;-0,18;-0,18;-0,01;-0,01;0,0;0,0;-0,02;-0,02;0,0;0,0;-0,01;-0,01;-0,02;-0,02;0,0;0,0;0,0;0,0;0,0;0,0;0,0;0,0;-0,01;-0,01;0,0;0,0;-0,02;-0,02;0,0;0,0;-0,01;-0,01;-0,03;-0,03;0,0;0,0;-0,01;-0,01;-0,01;-0,01;-0,02;-0,02;-0,01;-0,01;-0,02;-0,02;0,0;0,0;0,0;0,0;0,0;0,0;-0,02;-0,02
18.07.2026;04:45;05:00;0,0;0,0;-0,17;-0,17;-0,03;-0,03;0,0;0,0;-0,02;-0,02;0,0;0,0;0,0;0,0;-0,02;-0,02;0,0;0,0;0,0;0,0;0,0;0,0;0,0;0,0;-0,02;-0,02;0,0;0,0;-0,01;-0,01;0,0;0,0;-0,01;-0,01;-0,02;-0,02;-0,01;-0,01;0,0;0,0;-0,01;-0,01;-0,01;-0,01;0,0;0,0;-0,07;-0,07;0,0;0,0;-0,02;-0,02;-0,01;-0,01;-0,03;-0,03
18.07.2026;05:00;05:15;0,0;0,0;-0,17;-0,17;-0,02;-0,02;-0,01;-0,01;-0,01;-0,01;0,0;0,0;-0,01;-0,01;-0,02;-0,02;0,0;0,0;0,0;0,0;0,0;0,0;0,0;0,0;-0,01;-0,01;0,0;0,0;-0,02;-0,02;0,0;0,0;-0,01;-0,01;-0,02;-0,02;0,0;0,0;-0,01;-0,01;0,0;0,0;0,0;0,0;-0,01;-0,01;-0,02;-0,02;0,0;0,0;0,0;0,0;-0,01;-0,01;-0,01;-0,01
18.07.2026;05:15;05:30;0,0;0,0;-0,19;-0,19;-0,03;-0,03;0,0;0,0;0,0;0,0;0,0;0,0;0,0;0,0;-0,02;-0,02;0,0;0,0;0,0;0,0;0,0;0,0;0,0;0,0;0,0;0,0;0,0;0,0;-0,02;-0,02;0,0;0,0;-0,02;-0,02;-0,12;-0,12;0,0;0,0;-0,01;-0,01;-0,02;-0,02;-0,02;-0,02;-0,02;-0,02;-0,03;-0,03;0,0;0,0;-0,02;-0,02;0,0;0,0;-0,01;-0,01
18.07.2026;05:30;05:45;0,01;0,01;-0,18;-0,18;-0,01;-0,01;0,0;0,0;-0,02;-0,02;0,0;0,0;-0,01;-0,01;-0,02;-0,02;0,0;0,0;0,0;0,0;0,0;0,0;0,0;0,0;-0,01;-0,01;0,0;0,0;-0,02;-0,02;0,0;0,0;-0,02;-0,02;-0,03;-0,03;0,0;0,0;-0,01;-0,01;0,0;0,0;-0,01;-0,01;0,0;0,0;-0,03;-0,03;-0,01;-0,01;0,0;0,0;0,0;0,0;-0,02;-0,02
18.07.2026;05:45;06:00;0,04;0,04;-0,18;-0,18;-0,02;-0,02;0,0;0,0;-0,01;-0,01;0,0;0,0;-0,01;-0,01;-0,02;-0,02;0,0;0,0;0,0;0,0;0,0;0,0;0,0;0,0;-0,01;-0,01;-0,01;-0,01;-0,02;-0,02;0,0;0,0;-0,02;-0,02;-0,01;-0,01;-0,01;-0,01;-0,03;-0,03;-0,01;-0,01;-0,01;-0,01;-0,01;-0,01;-0,04;-0,04;0,0;0,0;-0,01;-0,01;-0,01;-0,01;-0,02;-0,02
18.07.2026;06:00;06:15;0,16;0,11;-0,18;-0,13;-0,02;-0,02;0,0;0,0;-0,02;-0,02;0,0;0,0;0,0;0,0;-0,01;-0,01;0,0;0,0;0,0;0,0;-0,01;-0,01;0,0;0,0;-0,02;-0,02;0,0;0,0;-0,01;-0,01;0,0;0,0;-0,03;-0,03;-0,04;-0,04;0,0;0,0;-0,03;-0,03;-0,01;-0,01;-0,01;-0,01;-0,01;-0,01;-0,02;-0,02;0,0;0,0;-0,02;-0,02;0,0;0,0;-0,02;-0,02
18.07.2026;06:15;06:30;0,26;0,19;-0,19;-0,12;-0,03;-0,03;0,0;0,0;-0,01;-0,01;-0,01;-0,01;0,0;0,0;-0,02;-0,02;-0,01;-0,01;0,0;0,0;0,0;0,0;0,0;0,0;-0,01;-0,01;0,0;0,0;-0,02;-0,02;0,0;0,0;-0,02;-0,02;-0,36;-0,36;0,0;0,0;-0,02;-0,02;-0,01;-0,01;-0,01;-0,01;-0,01;-0,01;-0,02;-0,02;0,0;0,0;-0,01;-0,01;-0,01;-0,01;-0,03;-0,03
18.07.2026;06:30;06:45;0,15;0,11;-0,19;-0,15;-0,02;-0,02;0,0;0,0;0,0;0,0;0,0;0,0;-0,01;-0,01;-0,02;-0,02;0,0;0,0;0,0;0,0;0,0;0,0;0,0;0,0;-0,01;-0,01;0,0;0,0;-0,01;-0,01;0,0;0,0;-0,01;-0,01;-0,13;-0,13;0,0;0,0;0,0;0,0;-0,01;-0,01;-0,01;-0,01;0,0;0,0;-0,01;-0,01;0,0;0,0;0,0;0,0;0,0;0,0;-0,02;-0,02
18.07.2026;06:45;07:00;0,1;0,1;-0,17;-0,17;-0,01;-0,01;0,0;0,0;-0,01;-0,01;0,0;0,0;0,0;0,0;0,0;0,0;0,0;0,0;0,0;0,0;0,0;0,0;0,0;0,0;0,0;0,0;0,0;0,0;-0,01;-0,01;-0,01;-0,01;-0,01;-0,01;-0,04;-0,04;-0,01;-0,01;0,0;0,0;-0,01;-0,01;-0,02;-0,02;-0,02;-0,02;-0,02;-0,02;0,0;0,0;-0,02;-0,02;0,0;0,0;-0,01;-0,01
18.07.2026;07:00;07:15;0,14;0,11;-0,18;-0,15;-0,02;-0,02;0,0;0,0;-0,02;-0,02;0,0;0,0;-0,01;-0,01;-0,02;-0,02;0,0;0,0;0,0;0,0;0,0;0,0;0,0;0,0;-0,01;-0,01;0,0;0,0;-0,02;-0,02;0,0;0,0;-0,01;-0,01;-0,04;-0,04;0,0;0,0;-0,01;-0,01;0,0;0,0;-0,01;-0,01;-0,01;-0,01;-0,01;-0,01;0,0;0,0;0,0;0,0;-0,01;-0,01;-0,02;-0,02
18.07.2026;07:15;07:30;0,18;0,13;-0,18;-0,13;-0,03;-0,03;0,0;0,0;-0,01;-0,01;0,0;0,0;-0,01;-0,01;-0,02;-0,02;0,0;0,0;-0,01;-0,01;0,0;0,0;0,0;0,0;-0,02;-0,02;0,0;0,0;0,0;0,0;0,0;0,0;-0,01;-0,01;-0,04;-0,04;0,0;0,0;-0,01;-0,01;-0,02;-0,02;0,0;0,0;0,0;0,0;-0,01;-0,01;0,0;0,0;-0,01;-0,01;-0,01;-0,01;-0,02;-0,02
18.07.2026;07:30;07:45;0,28;0,2;-0,2;-0,12;-0,02;-0,02;0,0;0,0;-0,02;-0,02;0,0;0,0;0,0;0,0;-0,02;-0,02;0,0;0,0;0,0;0,0;0,0;0,0;0,0;0,0;-0,04;-0,04;0,0;0,0;-0,02;-0,02;0,0;0,0;-0,02;-0,02;-0,06;-0,06;-0,01;-0,01;-0,01;-0,01;0,0;0,0;-0,02;-0,02;-0,01;-0,01;-0,02;-0,02;-0,01;-0,01;-0,01;-0,01;0,0;0,0;-0,02;-0,02
18.07.2026;07:45;08:00;0,29;0,11;-0,18;-0,15;-0,03;-0,02;0,0;0,0;-0,01;0,0;0,0;0,0;-0,01;0,0;-0,02;-0,01;0,0;0,0;0,0;0,0;0,0;0,0;0,0;0,0;-0,01;0,0;-0,01;0,0;-0,01;0,0;0,0;0,0;-0,02;-0,01;-0,07;-0,06;0,0;0,0;0,0;0,0;-0,01;0,0;-0,01;0,0;-0,01;0,0;-0,06;-0,05;0,0;0,0;-0,01;0,0;0,0;0,0;-0,02;-0,01
18.07.2026;08:00;08:15;0,22;0,17;-0,18;-0,13;-0,07;-0,07;0,0;0,0;0,0;0,0;0,0;0,0;-0,01;-0,01;-0,01;-0,01;0,0;0,0;0,0;0,0;0,0;0,0;0,0;0,0;-0,03;-0,03;0,0;0,0;-0,01;-0,01;0,0;0,0;-0,03;-0,03;-0,05;-0,05;0,0;0,0;-0,02;-0,02;-0,02;-0,02;-0,01;-0,01;-0,03;-0,03;-0,1;-0,1;0,0;0,0;-0,01;-0,01;-0,01;-0,01;-0,03;-0,03
18.07.2026;08:15;08:30;0,4;0,18;-0,19;-0,12;-0,06;-0,05;-0,01;0,0;-0,01;0,0;-0,01;0,0;0,0;0,0;-0,02;-0,01;-0,02;-0,01;0,0;0,0;0,0;0,0;0,0;0,0;-0,09;-0,08;0,0;0,0;-0,02;-0,01;0,0;0,0;-0,02;-0,01;-0,06;-0,05;0,0;0,0;-0,01;0,0;0,0;0,0;-0,01;0,0;0,0;0,0;-0,19;-0,18;0,0;0,0;-0,01;0,0;0,0;0,0;-0,01;0,0
18.07.2026;08:30;08:45;0,38;0,13;-0,22;-0,15;-0,05;-0,04;0,0;0,0;-0,02;-0,01;0,0;0,0;-0,01;0,0;-0,02;-0,01;0,0;0,0;0,0;0,0;-0,01;0,0;0,0;0,0;-0,24;-0,23;0,0;0,0;-0,01;0,0;0,0;0,0;-0,02;-0,01;-0,03;-0,02;-0,01;0,0;-0,01;0,0;-0,01;0,0;-0,01;0,0;-0,02;-0,01;-0,09;-0,08;0,0;0,0;-0,01;0,0;-0,01;0,0;-0,01;0,0
18.07.2026;08:45;09:00;0,61;0,22;-0,19;-0,05;-0,04;-0,01;0,0;0,0;-0,01;0,0;0,0;0,0;0,0;0,0;-0,02;0,0;0,0;0,0;0,0;0,0;0,0;0,0;0,0;0,0;-0,04;-0,01;0,0;0,0;-0,01;0,0;0,0;0,0;-0,01;0,0;-0,05;-0,02;0,0;0,0;-0,01;0,0;-0,01;0,0;-0,02;0,0;-0,01;0,0;-0,08;-0,05;0,0;0,0;-0,01;0,0;0,0;0,0;-0,02;0,0
18.07.2026;09:00;09:15;1,07;0,54;-0,17;0,0;-0,04;0,0;0,0;0,0;-0,02;0,0;0,0;0,0;-0,01;0,0;-0,02;0,0;0,0;0,0;0,0;0,0;0,0;0,0;0,0;0,0;-0,02;0,0;0,0;0,0;-0,02;0,0;0,0;0,0;-0,01;0,0;-0,05;0,0;0,0;0,0;-0,01;0,0;-0,01;0,0;-0,01;0,0;-0,01;0,0;-0,09;0,0;0,0;0,0;-0,01;0,0;-0,01;0,0;-0,02;0,0
18.07.2026;09:15;09:30;0,09;0,09;-0,24;-0,24;-0,06;-0,06;0,0;0,0;0,0;0,0;0,0;0,0;-0,01;-0,01;-0,02;-0,02;0,0;0,0;0,0;0,0;0,0;0,0;-0,01;-0,01;-0,05;-0,05;0,0;0,0;-0,01;-0,01;-0,01;-0,01;-0,01;-0,01;-0,03;-0,03;0,0;0,0;0,0;0,0;-0,01;-0,01;-0,01;-0,01;-0,01;-0,01;-0,15;-0,15;0,0;0,0;-0,01;-0,01;0,0;0,0;-0,02;-0,02
18.07.2026;09:30;09:45;0,0;0,0;-0,24;-0,24;-0,04;-0,04;0,0;0,0;-0,01;-0,01;0,0;0,0;0,0;0,0;-0,03;-0,03;0,0;0,0;0,0;0,0;0,0;0,0;0,0;0,0;-0,02;-0,02;0,0;0,0;-0,01;-0,01;0,0;0,0;-0,01;-0,01;-0,02;-0,02;-0,01;-0,01;-0,01;-0,01;-0,01;-0,01;-0,01;-0,01;-0,01;-0,01;-0,08;-0,08;-0,01;-0,01;-0,01;-0,01;0,0;0,0;-0,03;-0,03
18.07.2026;09:45;10:00;0,26;0,19;-0,2;-0,13;-0,04;-0,04;0,0;0,0;-0,01;-0,01;0,0;0,0;-0,01;-0,01;-0,02;-0,02;-0,01;-0,01;0,0;0,0;0,0;0,0;0,0;0,0;-0,01;-0,01;-0,01;-0,01;-0,02;-0,02;0,0;0,0;-0,02;-0,02;-0,02;-0,02;0,0;0,0;-0,01;-0,01;-0,01;-0,01;-0,01;-0,01;-0,01;-0,01;-0,09;-0,09;0,0;0,0;-0,01;-0,01;-0,01;-0,01;-0,02;-0,02
18.07.2026;10:00;10:15;0,86;0,38;-0,18;0,0;-0,05;0,0;0,0;0,0;-0,02;0,0;0,0;0,0;0,0;0,0;-0,02;0,0;0,0;0,0;0,0;0,0;0,0;0,0;0,0;0,0;-0,01;0,0;0,0;0,0;-0,01;0,0;0,0;0,0;-0,03;0,0;-0,02;0,0;-0,01;0,0;0,0;0,0;-0,01;0,0;-0,01;0,0;-0,01;0,0;-0,08;-0,01;0,0;0,0;-0,01;0,0;-0,01;0,0;-0,01;0,0
18.07.2026;10:15;10:30;0,7;0,24;-0,17;-0,01;-0,11;-0,06;0,0;0,0;-0,01;0,0;-0,01;0,0;-0,01;0,0;-0,01;0,0;0,0;0,0;0,0;0,0;0,0;0,0;0,0;0,0;0,0;0,0;0,0;0,0;-0,01;0,0;0,0;0,0;-0,02;0,0;-0,03;0,0;-0,1;-0,05;-0,01;0,0;0,0;0,0;-0,01;0,0;-0,01;0,0;-0,09;-0,04;0,0;0,0;-0,01;0,0;0,0;0,0;-0,01;0,0
18.07.2026;10:30;10:45;0,72;0,26;-0,18;0,0;-0,05;0,0;0,0;0,0;-0,01;0,0;0,0;0,0;0,0;0,0;0,0;0,0;0,0;0,0;0,0;0,0;0,0;0,0;0,0;0,0;-0,01;0,0;0,0;0,0;-0,01;0,0;0,0;0,0;-0,02;0,0;-0,02;0,0;-0,11;-0,06;-0,01;0,0;-0,01;0,0;-0,01;0,0;0,0;0,0;-0,3;-0,25;0,0;0,0;-0,01;0,0;0,0;0,0;-0,02;0,0
18.07.2026;10:45;11:00;1,08;0,51;-0,21;0,0;-0,05;0,0;0,0;0,0;-0,01;0,0;0,0;0,0;-0,01;0,0;-0,02;0,0;0,0;0,0;0,0;0,0;0,0;0,0;0,0;0,0;-0,02;0,0;0,0;0,0;-0,01;0,0;0,0;0,0;-0,03;0,0;-0,02;0,0;-0,02;0,0;-0,01;0,0;-0,01;0,0;-0,01;0,0;-0,02;0,0;-0,11;-0,02;0,0;0,0;-0,01;0,0;0,0;0,0;-0,02;0,0
18.07.2026;11:00;11:15;0,6;0,2;-0,2;-0,09;-0,02;0,0;0,0;0,0;-0,01;0,0;0,0;0,0;-0,01;0,0;-0,03;0,0;0,0;0,0;0,0;0,0;-0,01;0,0;0,0;0,0;-0,01;0,0;0,0;0,0;-0,02;0,0;0,0;0,0;-0,01;0,0;-0,02;0,0;-0,05;-0,02;-0,01;0,0;-0,01;0,0;-0,02;0,0;-0,01;0,0;-0,09;-0,06;0,0;0,0;-0,01;0,0;-0,01;0,0;-0,02;0,0
18.07.2026;11:15;11:30;0,56;0,22;-0,18;-0,04;-0,01;0,0;0,0;0,0;-0,01;0,0;0,0;0,0;0,0;0,0;-0,06;-0,04;0,0;0,0;0,0;0,0;0,0;0,0;0,0;0,0;-0,01;0,0;0,0;0,0;-0,01;0,0;0,0;0,0;-0,01;0,0;-0,02;0,0;-0,03;-0,01;-0,01;0,0;-0,01;0,0;-0,01;0,0;0,0;0,0;-0,09;-0,07;0,0;0,0;-0,01;0,0;-0,01;0,0;-0,03;-0,01
18.07.2026;11:30;11:45;1,36;0,85;-0,19;0,0;-0,03;0,0;-0,01;0,0;-0,02;0,0;0,0;0,0;0,0;0,0;-0,05;0,0;0,0;0,0;0,0;0,0;0,0;0,0;0,0;0,0;-0,06;0,0;0,0;0,0;-0,01;0,0;0,0;0,0;-0,01;0,0;-0,02;0,0;-0,01;0,0;0,0;0,0;-0,01;0,0;-0,01;0,0;-0,01;0,0;-0,04;0,0;-0,01;0,0;-0,01;0,0;0,0;0,0;-0,01;0,0
18.07.2026;11:45;12:00;1,5;0,83;-0,18;0,0;-0,03;0,0;0,0;0,0;-0,01;0,0;0,0;0,0;-0,01;0,0;-0,06;0,0;0,0;0,0;0,0;0,0;0,0;0,0;0,0;0,0;-0,09;0,0;-0,01;0,0;-0,02;0,0;-0,01;0,0;-0,14;0,0;-0,01;0,0;-0,01;0,0;-0,01;0,0;-0,01;0,0;-0,01;0,0;-0,01;0,0;-0,02;0,0;0,0;0,0;-0,01;0,0;0,0;0,0;-0,02;0,0
18.07.2026;12:00;12:15;1,68;0,89;-0,19;0,0;-0,02;0,0;0,0;0,0;-0,01;0,0;0,0;0,0;-0,01;0,0;-0,05;0,0;0,0;0,0;0,0;0,0;0,0;0,0;0,0;0,0;-0,24;-0,06;0,0;0,0;-0,01;0,0;0,0;0,0;-0,65;-0,47;-0,01;0,0;-0,01;0,0;-0,01;0,0;-0,01;0,0;-0,01;0,0;-0,01;0,0;-0,05;0,0;0,0;0,0;-0,01;0,0;-0,01;0,0;-0,01;0,0
18.07.2026;12:15;12:30;1,98;1,33;-0,17;0,0;0,0;0,0;0,0;0,0;-0,01;0,0;-0,01;0,0;0,0;0,0;-0,05;0,0;-0,01;0,0;-0,01;0,0;0,0;0,0;0,0;0,0;-0,1;0,0;0,0;0,0;-0,01;0,0;0,0;0,0;-0,06;0,0;-0,02;0,0;0,0;0,0;0,0;0,0;0,0;0,0;-0,01;0,0;-0,01;0,0;-0,14;0,0;0,0;0,0;-0,01;0,0;-0,01;0,0;-0,02;0,0
18.07.2026;12:30;12:45;2,13;1,57;-0,17;0,0;-0,03;0,0;0,0;0,0;-0,01;0,0;0,0;0,0;-0,01;0,0;-0,02;0,0;0,0;0,0;0,0;0,0;0,0;0,0;0,0;0,0;0,0;0,0;0,0;0,0;-0,01;0,0;0,0;0,0;-0,04;0,0;-0,01;0,0;-0,01;0,0;-0,01;0,0;-0,02;0,0;-0,01;0,0;-0,01;0,0;-0,16;0,0;0,0;0,0;-0,01;0,0;0,0;0,0;-0,03;0,0
18.07.2026;12:45;13:00;1,93;1,3;-0,18;0,0;-0,02;0,0;0,0;0,0;-0,02;0,0;0,0;0,0;0,0;0,0;-0,02;0,0;0,0;0,0;0,0;0,0;0,0;0,0;0,0;0,0;-0,01;0,0;0,0;0,0;-0,01;0,0;0,0;0,0;-0,1;0,0;-0,02;0,0;-0,01;0,0;-0,01;0,0;-0,01;0,0;-0,01;0,0;-0,01;0,0;-0,17;0,0;0,0;0,0;-0,01;0,0;0,0;0,0;-0,02;0,0
18.07.2026;13:00;13:15;1,11;0,51;-0,24;0,0;-0,03;0,0;0,0;0,0;-0,04;0,0;0,0;0,0;-0,01;0,0;-0,02;0,0;0,0;0,0;0,0;0,0;0,0;0,0;0,0;0,0;-0,02;0,0;0,0;0,0;-0,02;0,0;0,0;0,0;-0,03;0,0;-0,02;0,0;0,0;0,0;-0,01;0,0;0,0;0,0;-0,02;0,0;0,0;0,0;-0,17;-0,07;0,0;0,0;-0,01;0,0;-0,01;0,0;-0,02;0,0
18.07.2026;13:15;13:30;0,0;0,0;-0,17;-0,17;-0,04;-0,04;0,0;0,0;-0,02;-0,02;0,0;0,0;-0,01;-0,01;-0,11;-0,11;0,0;0,0;0,0;0,0;0,0;0,0;0,0;0,0;-0,02;-0,02;0,0;0,0;-0,01;-0,01;0,0;0,0;-0,03;-0,03;-0,03;-0,03;-0,01;-0,01;-0,01;-0,01;-0,02;-0,02;-0,01;-0,01;-0,01;-0,01;-0,08;-0,08;0,0;0,0;-0,01;-0,01;-0,01;-0,01;-0,02;-0,02
18.07.2026;13:30;13:45;0,0;0,0;-0,2;-0,2;-0,02;-0,02;0,0;0,0;-0,27;-0,27;0,0;0,0;0,0;0,0;-0,12;-0,12;0,0;0,0;0,0;0,0;-0,01;-0,01;0,0;0,0;0,0;0,0;0,0;0,0;-0,02;-0,02;0,0;0,0;-0,02;-0,02;-0,02;-0,02;0,0;0,0;-0,02;-0,02;0,0;0,0;-0,01;-0,01;-0,01;-0,01;-0,02;-0,02;-0,01;-0,01;-0,01;-0,01;0,0;0,0;-0,01;-0,01
18.07.2026;13:45;14:00;1,48;0,73;-0,2;0,0;-0,05;0,0;0,0;0,0;-0,11;0,0;0,0;0,0;-0,01;0,0;-0,13;0,0;0,0;0,0;0,0;0,0;0,0;0,0;0,0;0,0;-0,01;0,0;-0,01;0,0;-0,09;0,0;0,0;0,0;-0,03;0,0;-0,02;0,0;0,0;0,0;-0,01;0,0;-0,01;0,0;-0,01;0,0;-0,01;0,0;-0,03;0,0;0,0;0,0;-0,01;0,0;0,0;0,0;-0,01;0,0
18.07.2026;14:00;14:15;2,16;1,42;-0,24;0,0;-0,06;0,0;0,0;0,0;-0,02;0,0;0,0;0,0;0,0;0,0;-0,1;0,0;0,0;0,0;0,0;0,0;0,0;0,0;0,0;0,0;0,0;0,0;0,0;0,0;-0,08;0,0;0,0;0,0;-0,04;0,0;-0,02;0,0;-0,01;0,0;-0,06;0,0;-0,01;0,0;-0,01;0,0;-0,01;0,0;-0,03;0,0;0,0;0,0;-0,01;0,0;-0,01;0,0;-0,03;0,0
18.07.2026;14:15;14:30;1,99;1,07;-0,2;0,0;-0,02;0,0;0,0;0,0;-0,02;0,0;-0,01;0,0;-0,01;0,0;-0,24;-0,01;0,0;0,0;0,0;0,0;0,0;0,0;-0,01;0,0;-0,02;0,0;0,0;0,0;-0,01;0,0;-0,01;0,0;-0,02;0,0;-0,03;0,0;0,0;0,0;-0,34;-0,11;-0,01;0,0;-0,01;0,0;-0,01;0,0;-0,03;0,0;0,0;0,0;-0,02;0,0;0,0;0,0;-0,02;0,0
18.07.2026;14:30;14:45;1,01;0,4;-0,2;0,0;-0,01;0,0;0,0;0,0;-0,02;0,0;0,0;0,0;-0,01;0,0;-0,43;-0,35;0,0;0,0;0,0;0,0;0,0;0,0;0,0;0,0;-0,02;0,0;0,0;0,0;-0,03;0,0;0,0;0,0;-0,04;0,0;-0,01;0,0;0,0;0,0;-0,36;-0,28;-0,01;0,0;-0,01;0,0;-0,01;0,0;-0,03;0,0;0,0;0,0;-0,02;0,0;-0,01;0,0;-0,02;0,0
18.07.2026;14:45;15:00;0,49;0,18;-0,21;-0,12;-0,03;-0,01;0,0;0,0;-0,02;0,0;0,0;0,0;0,0;0,0;-0,5;-0,48;-0,01;0,0;0,0;0,0;0,0;0,0;0,0;0,0;-0,01;0,0;0,0;0,0;-0,05;-0,03;0,0;0,0;-0,08;-0,06;-0,01;0,0;0,0;0,0;-0,08;-0,06;-0,01;0,0;-0,01;0,0;0,0;0,0;-0,03;-0,01;0,0;0,0;-0,01;0,0;0,0;0,0;-0,02;0,0
18.07.2026;15:00;15:15;0,29;0,11;-0,2;-0,18;-0,02;-0,01;-0,01;0,0;-0,04;-0,03;0,0;0,0;-0,01;0,0;-0,12;-0,11;0,0;0,0;0,0;0,0;0,0;0,0;0,0;0,0;0,0;0,0;0,0;0,0;-0,05;-0,04;0,0;0,0;-0,09;-0,08;-0,01;0,0;-0,01;0,0;-0,04;-0,03;-0,01;0,0;-0,01;0,0;-0,01;0,0;-0,04;-0,03;0,0;0,0;-0,01;0,0;0,0;0,0;-0,01;0,0
18.07.2026;15:15;15:30;0,16;0,11;-0,19;-0,14;-0,02;-0,02;0,0;0,0;-0,04;-0,04;0,0;0,0;0,0;0,0;-0,11;-0,11;0,0;0,0;0,0;0,0;0,0;0,0;0,0;0,0;-0,01;-0,01;0,0;0,0;-0,04;-0,04;0,0;0,0;-0,08;-0,08;-0,01;-0,01;0,0;0,0;-0,03;-0,03;-0,01;-0,01;-0,02;-0,02;-0,01;-0,01;-0,09;-0,09;0,0;0,0;-0,01;-0,01;-0,01;-0,01;-0,01;-0,01
18.07.2026;15:30;15:45;0,44;0,19;-0,21;-0,12;-0,09;-0,08;0,0;0,0;-0,11;-0,1;0,0;0,0;-0,01;0,0;-0,36;-0,35;0,0;0,0;0,0;0,0;0,0;0,0;0,0;0,0;-0,04;-0,03;0,0;0,0;-0,06;-0,05;0,0;0,0;-0,07;-0,06;-0,02;-0,01;0,0;0,0;-0,03;-0,02;-0,01;0,0;-0,01;0,0;-0,01;0,0;-0,09;-0,08;-0,01;0,0;-0,01;0,0;0,0;0,0;-0,03;-0,02
18.07.2026;15:45;16:00;0,56;0,17;-0,2;-0,09;-0,03;-0,01;0,0;0,0;-0,05;-0,03;0,0;0,0;0,0;0,0;-0,3;-0,28;0,0;0,0;0,0;0,0;0,0;0,0;0,0;0,0;-0,05;-0,03;-0,01;0,0;-0,05;-0,03;0,0;0,0;-0,08;-0,06;-0,02;0,0;-0,05;-0,03;-0,04;-0,02;-0,01;0,0;-0,01;0,0;-0,01;0,0;-0,03;-0,01;0,0;0,0;-0,01;0,0;-0,01;0,0;-0,02;0,0
18.07.2026;16:00;16:15;1,61;0,78;-0,28;0,0;-0,03;0,0;0,0;0,0;-0,04;0,0;0,0;0,0;-0,01;0,0;-0,12;0,0;0,0;0,0;0,0;0,0;-0,01;0,0;0,0;0,0;-0,04;0,0;0,0;0,0;-0,09;0,0;0,0;0,0;-0,07;0,0;-0,03;0,0;-0,01;0,0;-0,02;0,0;-0,01;0,0;-0,01;0,0;-0,01;0,0;-0,02;0,0;0,0;0,0;-0,01;0,0;0,0;0,0;-0,02;0,0
18.07.2026;16:15;16:30;1,21;0,54;-0,19;0,0;-0,02;0,0;0,0;0,0;-0,05;0,0;-0,01;0,0;-0,01;0,0;-0,14;-0,04;0,0;0,0;0,0;0,0;0,0;0,0;0,0;0,0;-0,01;0,0;0,0;0,0;-0,08;0,0;0,0;0,0;-0,07;0,0;-0,02;0,0;0,0;0,0;-0,03;0,0;0,0;0,0;-0,01;0,0;-0,01;0,0;-0,02;0,0;0,0;0,0;-0,01;0,0;-0,01;0,0;-0,02;0,0
18.07.2026;16:30;16:45;1,27;0,62;-0,19;0,0;-0,03;0,0;0,0;0,0;-0,05;0,0;0,0;0,0;0,0;0,0;-0,2;-0,08;0,0;0,0;0,0;0,0;0,0;0,0;0,0;0,0;-0,02;0,0;0,0;0,0;-0,08;0,0;0,0;0,0;-0,02;0,0;-0,02;0,0;-0,02;0,0;-0,02;0,0;-0,02;0,0;-0,01;0,0;0,0;0,0;-0,02;0,0;0,0;0,0;-0,01;0,0;0,0;0,0;-0,02;0,0
18.07.2026;16:45;17:00;0,56;0,19;-0,2;-0,08;-0,01;0,0;0,0;0,0;-0,03;-0,01;0,0;0,0;-0,01;0,0;-0,26;-0,24;0,0;0,0;0,0;0,0;0,0;0,0;0,0;0,0;-0,02;0,0;0,0;0,0;-0,1;-0,08;-0,01;0,0;-0,01;0,0;-0,02;0,0;-0,15;-0,13;-0,02;0,0;0,0;0,0;-0,01;0,0;-0,02;0,0;-0,02;0,0;0,0;0,0;-0,01;0,0;0,0;0,0;-0,01;0,0
18.07.2026;17:00;17:15;0,0;0,0;-0,2;-0,2;-0,02;-0,02;0,0;0,0;-0,04;-0,04;0,0;0,0;0,0;0,0;-0,69;-0,69;0,0;0,0;0,0;0,0;0,0;0,0;0,0;0,0;-0,01;-0,01;0,0;0,0;-0,03;-0,03;0,0;0,0;-0,02;-0,02;-0,03;-0,03;-0,02;-0,02;-0,03;-0,03;-0,01;-0,01;-0,01;-0,01;-0,01;-0,01;-0,01;-0,01;0,0;0,0;-0,01;-0,01;-0,01;-0,01;-0,02;-0,02
18.07.2026;17:15;17:30;0,0;0,0;-0,16;-0,16;-0,02;-0,02;0,0;0,0;-0,04;-0,04;0,0;0,0;-0,01;-0,01;-0,53;-0,53;-0,01;-0,01;-0,01;-0,01;0,0;0,0;0,0;0,0;0,0;0,0;0,0;0,0;-0,02;-0,02;0,0;0,0;-0,01;-0,01;-0,02;-0,02;0,0;0,0;-0,03;-0,03;-0,01;-0,01;-0,02;-0,02;0,0;0,0;-0,01;-0,01;0,0;0,0;-0,01;-0,01;-0,01;-0,01;-0,02;-0,02
18.07.2026;17:30;17:45;0,26;0,19;-0,24;-0,17;-0,12;-0,12;0,0;0,0;-0,04;-0,04;0,0;0,0;0,0;0,0;-0,21;-0,21;0,0;0,0;0,0;0,0;0,0;0,0;0,0;0,0;-0,01;-0,01;0,0;0,0;-0,02;-0,02;0,0;0,0;-0,01;-0,01;-0,01;-0,01;0,0;0,0;-0,03;-0,03;-0,01;-0,01;-0,01;-0,01;-0,01;-0,01;-0,01;-0,01;-0,01;-0,01;-0,01;-0,01;0,0;0,0;-0,02;-0,02
18.07.2026;17:45;18:00;0,17;0,12;-0,19;-0,14;-0,06;-0,06;0,0;0,0;-0,02;-0,02;0,0;0,0;-0,01;-0,01;-0,15;-0,15;0,0;0,0;0,0;0,0;0,0;0,0;0,0;0,0;-0,01;-0,01;-0,01;-0,01;-0,01;-0,01;0,0;0,0;-0,02;-0,02;-0,02;-0,02;0,0;0,0;-0,03;-0,03;-0,01;-0,01;-0,01;-0,01;-0,01;-0,01;-0,02;-0,02;0,0;0,0;-0,01;-0,01;0,0;0,0;-0,02;-0,02
18.07.2026;18:00;18:15;0,16;0,11;-0,21;-0,16;-0,02;-0,02;0,0;0,0;-0,02;-0,02;0,0;0,0;-0,01;-0,01;-0,16;-0,16;0,0;0,0;0,0;0,0;0,0;0,0;0,0;0,0;-0,02;-0,02;0,0;0,0;-0,02;-0,02;0,0;0,0;-0,02;-0,02;-0,01;-0,01;-0,01;-0,01;-0,27;-0,27;-0,01;-0,01;-0,01;-0,01;-0,01;-0,01;-0,01;-0,01;0,0;0,0;-0,01;-0,01;-0,01;-0,01;-0,03;-0,03
18.07.2026;18:15;18:30;0,31;0,11;-0,2;-0,15;-0,05;-0,04;-0,01;0,0;-0,01;0,0;-0,01;0,0;0,0;0,0;-0,19;-0,18;0,0;0,0;0,0;0,0;0,0;0,0;0,0;0,0;-0,01;0,0;0,0;0,0;-0,02;-0,01;0,0;0,0;-0,03;-0,02;-0,01;0,0;0,0;0,0;-0,11;-0,1;0,0;0,0;-0,01;0,0;-0,01;0,0;-0,02;-0,01;0,0;0,0;-0,01;0,0;0,0;0,0;-0,01;0,0
18.07.2026;18:30;18:45;0,33;0,13;-0,2;-0,14;-0,04;-0,03;0,0;0,0;0,0;0,0;0,0;0,0;-0,01;0,0;-0,2;-0,19;0,0;0,0;0,0;0,0;-0,01;0,0;0,0;0,0;0,0;0,0;0,0;0,0;-0,03;-0,02;0,0;0,0;-0,22;-0,21;-0,01;0,0;0,0;0,0;-0,34;-0,33;-0,02;-0,01;-0,01;0,0;-0,01;0,0;-0,02;-0,01;0,0;0,0;0,0;0,0;-0,01;0,0;-0,01;0,0
18.07.2026;18:45;19:00;0,36;0,14;-0,31;-0,24;-0,04;-0,03;0,0;0,0;-0,01;0,0;0,0;0,0;0,0;0,0;-0,11;-0,1;0,0;0,0;0,0;0,0;0,0;0,0;0,0;0,0;-0,01;0,0;0,0;0,0;-0,03;-0,02;0,0;0,0;-0,08;-0,07;-0,03;-0,02;-0,01;0,0;-0,35;-0,34;-0,01;0,0;-0,01;0,0;-0,01;0,0;-0,05;-0,04;0,0;0,0;-0,02;-0,01;0,0;0,0;-0,02;-0,01
18.07.2026;19:00;19:15;0,19;0,14;-0,27;-0,22;-0,04;-0,04;0,0;0,0;-0,02;-0,02;0,0;0,0;-0,01;-0,01;-0,06;-0,06;0,0;0,0;0,0;0,0;0,0;0,0;0,0;0,0;-0,02;-0,02;0,0;0,0;-0,02;-0,02;0,0;0,0;-0,29;-0,29;-0,07;-0,07;0,0;0,0;-0,19;-0,19;0,0;0,0;-0,03;-0,03;-0,01;-0,01;-0,15;-0,15;0,0;0,0;-0,01;-0,01;0,0;0,0;-0,02;-0,02
18.07.2026;19:15;19:30;0,17;0,12;-0,28;-0,23;-0,05;-0,05;0,0;0,0;-0,01;-0,01;0,0;0,0;-0,01;-0,01;-0,05;-0,05;0,0;0,0;0,0;0,0;0,0;0,0;-0,01;-0,01;-0,03;-0,03;0,0;0,0;-0,02;-0,02;-0,01;-0,01;-0,09;-0,09;-0,07;-0,07;0,0;0,0;-0,03;-0,03;-0,02;-0,02;-0,05;-0,05;0,0;0,0;-0,2;-0,2;0,0;0,0;-0,04;-0,04;-0,01;-0,01;-0,02;-0,02
18.07.2026;19:30;19:45;0,12;0,11;-0,2;-0,19;-0,05;-0,05;0,0;0,0;-0,02;-0,02;0,0;0,0;0,0;0,0;-0,15;-0,15;0,0;0,0;0,0;0,0;0,0;0,0;0,0;0,0;-0,08;-0,08;0,0;0,0;-0,03;-0,03;0,0;0,0;-0,04;-0,04;-0,07;-0,07;0,0;0,0;-0,03;-0,03;0,0;0,0;-0,05;-0,05;-0,02;-0,02;-0,18;-0,18;-0,01;-0,01;-0,02;-0,02;-0,01;-0,01;-0,04;-0,04
18.07.2026;19:45;20:00;0,04;0,04;-0,22;-0,22;-0,04;-0,04;0,0;0,0;-0,03;-0,03;0,0;0,0;-0,01;-0,01;-0,05;-0,05;-0,01;-0,01;0,0;0,0;0,0;0,0;0,0;0,0;-0,01;-0,01;-0,01;-0,01;-0,02;-0,02;0,0;0,0;-0,03;-0,03;-0,06;-0,06;-0,01;-0,01;-0,07;-0,07;-0,01;-0,01;-0,04;-0,04;-0,01;-0,01;-0,17;-0,17;0,0;0,0;-0,03;-0,03;0,0;0,0;-0,04;-0,04
18.07.2026;20:00;20:15;0,04;0,04;-0,4;-0,4;-0,04;-0,04;0,0;0,0;-0,03;-0,03;0,0;0,0;0,0;0,0;-0,02;-0,02;0,0;0,0;0,0;0,0;0,0;0,0;0,0;0,0;-0,01;-0,01;0,0;0,0;-0,03;-0,03;0,0;0,0;-0,02;-0,02;-0,02;-0,02;0,0;0,0;-0,01;-0,01;-0,02;-0,02;-0,35;-0,35;0,0;0,0;-0,15;-0,15;0,0;0,0;-0,03;-0,03;0,0;0,0;-0,03;-0,03
18.07.2026;20:15;20:30;0,03;0,03;-0,18;-0,18;-0,04;-0,04;0,0;0,0;-0,04;-0,04;-0,01;-0,01;-0,01;-0,01;-0,02;-0,02;0,0;0,0;0,0;0,0;0,0;0,0;0,0;0,0;-0,01;-0,01;0,0;0,0;-0,02;-0,02;0,0;0,0;-0,03;-0,03;-0,02;-0,02;0,0;0,0;-0,01;-0,01;0,0;0,0;-0,19;-0,19;-0,01;-0,01;-0,15;-0,15;0,0;0,0;-0,06;-0,06;-0,01;-0,01;-0,03;-0,03
18.07.2026;20:30;20:45;0,0;0,0;-0,17;-0,17;-0,06;-0,06;0,0;0,0;-0,03;-0,03;0,0;0,0;-0,01;-0,01;-0,02;-0,02;0,0;0,0;0,0;0,0;0,0;0,0;0,0;0,0;-0,01;-0,01;0,0;0,0;-0,03;-0,03;0,0;0,0;-0,02;-0,02;-0,03;-0,03;0,0;0,0;-0,02;-0,02;-0,01;-0,01;-0,04;-0,04;-0,01;-0,01;-0,16;-0,16;0,0;0,0;-0,03;-0,03;-0,01;-0,01;-0,04;-0,04
18.07.2026;20:45;21:00;0,0;0,0;-0,19;-0,19;-0,06;-0,06;0,0;0,0;-0,04;-0,04;0,0;0,0;0,0;0,0;-0,02;-0,02;0,0;0,0;0,0;0,0;0,0;0,0;0,0;0,0;-0,02;-0,02;0,0;0,0;-0,02;-0,02;0,0;0,0;-0,02;-0,02;-0,02;-0,02;-0,01;-0,01;-0,01;-0,01;-0,01;-0,01;-0,03;-0,03;-0,01;-0,01;-0,22;-0,22;0,0;0,0;-0,04;-0,04;0,0;0,0;-0,03;-0,03
18.07.2026;21:00;21:15;0,0;0,0;-0,2;-0,2;-0,05;-0,05;0,0;0,0;-0,04;-0,04;0,0;0,0;-0,01;-0,01;-0,02;-0,02;0,0;0,0;0,0;0,0;-0,01;-0,01;0,0;0,0;0,0;0,0;0,0;0,0;-0,01;-0,01;0,0;0,0;-0,01;-0,01;-0,05;-0,05;0,0;0,0;-0,01;-0,01;-0,01;-0,01;-0,04;-0,04;-0,01;-0,01;-0,13;-0,13;0,0;0,0;-0,02;-0,02;0,0;0,0;-0,04;-0,04
18.07.2026;21:15;21:30;0,0;0,0;-0,18;-0,18;-0,07;-0,07;0,0;0,0;-0,04;-0,04;0,0;0,0;0,0;0,0;-0,02;-0,02;0,0;0,0;0,0;0,0;0,0;0,0;0,0;0,0;-0,03;-0,03;0,0;0,0;-0,02;-0,02;0,0;0,0;-0,03;-0,03;-0,07;-0,07;0,0;0,0;-0,02;-0,02;-0,01;-0,01;-0,01;-0,01;-0,01;-0,01;-0,07;-0,07;0,0;0,0;-0,03;-0,03;-0,01;-0,01;-0,04;-0,04
18.07.2026;21:30;21:45;0,0;0,0;-0,17;-0,17;-0,05;-0,05;-0,01;-0,01;-0,02;-0,02;0,0;0,0;-0,01;-0,01;-0,01;-0,01;0,0;0,0;0,0;0,0;0,0;0,0;0,0;0,0;-0,02;-0,02;0,0;0,0;-0,01;-0,01;0,0;0,0;-0,07;-0,07;-0,05;-0,05;-0,01;-0,01;-0,01;-0,01;-0,01;-0,01;-0,01;-0,01;-0,01;-0,01;-0,06;-0,06;-0,01;-0,01;-0,02;-0,02;0,0;0,0;-0,04;-0,04
18.07.2026;21:45;22:00;0,0;0,0;-0,17;-0,17;-0,05;-0,05;0,0;0,0;-0,04;-0,04;0,0;0,0;-0,01;-0,01;-0,01;-0,01;0,0;0,0;0,0;0,0;0,0;0,0;0,0;0,0;-0,04;-0,04;-0,01;-0,01;-0,01;-0,01;-0,01;-0,01;-0,07;-0,07;-0,05;-0,05;0,0;0,0;-0,02;-0,02;-0,01;-0,01;-0,02;-0,02;0,0;0,0;-0,06;-0,06;0,0;0,0;-0,03;-0,03;-0,01;-0,01;-0,04;-0,04
18.07.2026;22:00;22:15;0,0;0,0;-0,25;-0,25;-0,05;-0,05;0,0;0,0;-0,03;-0,03;0,0;0,0;0,0;0,0;-0,02;-0,02;0,0;0,0;0,0;0,0;0,0;0,0;0,0;0,0;-0,02;-0,02;0,0;0,0;-0,03;-0,03;0,0;0,0;-0,07;-0,07;-0,05;-0,05;0,0;0,0;-0,02;-0,02;-0,01;-0,01;-0,01;-0,01;-0,02;-0,02;-0,08;-0,08;0,0;0,0;-0,03;-0,03;0,0;0,0;-0,03;-0,03
18.07.2026;22:15;22:30;0,0;0,0;-0,32;-0,32;-0,06;-0,06;0,0;0,0;-0,04;-0,04;-0,01;-0,01;0,0;0,0;-0,02;-0,02;-0,01;-0,01;-0,01;-0,01;0,0;0,0;0,0;0,0;-0,02;-0,02;0,0;0,0;-0,02;-0,02;0,0;0,0;-0,08;-0,08;-0,05;-0,05;0,0;0,0;-0,01;-0,01;0,0;0,0;0,0;0,0;-0,15;-0,15;-0,05;-0,05;0,0;0,0;-0,02;-0,02;-0,01;-0,01;-0,05;-0,05
18.07.2026;22:30;22:45;0,0;0,0;-0,37;-0,37;-0,09;-0,09;0,0;0,0;-0,04;-0,04;0,0;0,0;-0,01;-0,01;-0,02;-0,02;0,0;0,0;0,0;0,0;0,0;0,0;0,0;0,0;-0,02;-0,02;0,0;0,0;-0,02;-0,02;0,0;0,0;-0,07;-0,07;-0,05;-0,05;-0,01;-0,01;-0,01;-0,01;-0,02;-0,02;-0,02;-0,02;-0,2;-0,2;-0,01;-0,01;0,0;0,0;-0,02;-0,02;0,0;0,0;-0,04;-0,04
18.07.2026;22:45;23:00;0,0;0,0;-0,38;-0,38;-0,05;-0,05;0,0;0,0;0,0;0,0;0,0;0,0;-0,01;-0,01;-0,02;-0,02;0,0;0,0;0,0;0,0;0,0;0,0;0,0;0,0;-0,03;-0,03;0,0;0,0;-0,03;-0,03;0,0;0,0;-0,06;-0,06;-0,06;-0,06;0,0;0,0;0,0;0,0;0,0;0,0;-0,01;-0,01;-0,01;-0,01;-0,02;-0,02;0,0;0,0;-0,03;-0,03;0,0;0,0;-0,05;-0,05
18.07.2026;23:00;23:15;0,0;0,0;-0,36;-0,36;-0,06;-0,06;0,0;0,0;-0,01;-0,01;0,0;0,0;0,0;0,0;-0,02;-0,02;0,0;0,0;0,0;0,0;0,0;0,0;0,0;0,0;-0,02;-0,02;0,0;0,0;-0,05;-0,05;0,0;0,0;-0,05;-0,05;-0,06;-0,06;0,0;0,0;-0,01;-0,01;-0,01;-0,01;-0,02;-0,02;-0,01;-0,01;-0,01;-0,01;0,0;0,0;-0,02;-0,02;-0,01;-0,01;-0,05;-0,05
18.07.2026;23:15;23:30;0,0;0,0;-0,3;-0,3;-0,05;-0,05;0,0;0,0;-0,01;-0,01;0,0;0,0;-0,01;-0,01;-0,02;-0,02;0,0;0,0;0,0;0,0;0,0;0,0;0,0;0,0;-0,01;-0,01;0,0;0,0;-0,08;-0,08;0,0;0,0;-0,05;-0,05;-0,06;-0,06;0,0;0,0;-0,02;-0,02;-0,01;-0,01;-0,13;-0,13;-0,02;-0,02;-0,02;-0,02;0,0;0,0;-0,02;-0,02;0,0;0,0;-0,02;-0,02
18.07.2026;23:30;23:45;0,0;0,0;-0,18;-0,18;-0,05;-0,05;0,0;0,0;-0,02;-0,02;0,0;0,0;0,0;0,0;-0,02;-0,02;0,0;0,0;0,0;0,0;-0,01;-0,01;0,0;0,0;0,0;0,0;0,0;0,0;-0,09;-0,09;0,0;0,0;-0,05;-0,05;-0,06;-0,06;-0,01;-0,01;-0,04;-0,04;-0,01;-0,01;-0,14;-0,14;-0,01;-0,01;-0,01;-0,01;-0,01;-0,01;-0,03;-0,03;-0,01;-0,01;-0,01;-0,01
18.07.2026;23:45;00:00;0,0;0,0;-0,17;-0,17;-0,04;-0,04;0,0;0,0;-0,01;-0,01;0,0;0,0;-0,01;-0,01;-0,02;-0,02;0,0;0,0;0,0;0,0;0,0;0,0;0,0;0,0;-0,01;-0,01;-0,01;-0,01;-0,09;-0,09;0,0;0,0;-0,07;-0,07;-0,06;-0,06;0,0;0,0;-0,04;-0,04;-0,01;-0,01;-0,13;-0,13;-0,01;-0,01;-0,04;-0,04;0,0;0,0;-0,02;-0,02;0,0;0,0;-0,02;-0,02
19.07.2026;00:00;00:15;0,0;0,0;-0,17;-0,17;-0,01;-0,01;0,0;0,0;-0,01;-0,01;0,0;0,0;-0,01;-0,01;-0,02;-0,02;0,0;0,0;0,0;0,0;0,0;0,0;0,0;0,0;-0,02;-0,02;0,0;0,0;-0,09;-0,09;0,0;0,0;-0,07;-0,07;-0,06;-0,06;0,0;0,0;-0,04;-0,04;-0,01;-0,01;-0,17;-0,17;-0,01;-0,01;-0,13;-0,13;0,0;0,0;-0,02;-0,02;0,0;0,0;-0,03;-0,03
19.07.2026;00:15;00:30;0,0;0,0;-0,17;-0,17;-0,02;-0,02;0,0;0,0;-0,01;-0,01;-0,01;-0,01;0,0;0,0;-0,02;-0,02;0,0;0,0;0,0;0,0;0,0;0,0;-0,01;-0,01;-0,02;-0,02;0,0;0,0;-0,09;-0,09;-0,01;-0,01;-0,06;-0,06;-0,06;-0,06;-0,01;-0,01;-0,05;-0,05;0,0;0,0;-0,21;-0,21;-0,01;-0,01;-0,11;-0,11;0,0;0,0;-0,02;-0,02;-0,01;-0,01;-0,02;-0,02
19.07.2026;00:30;00:45;0,0;0,0;-0,28;-0,28;-0,02;-0,02;0,0;0,0;-0,01;-0,01;0,0;0,0;-0,01;-0,01;-0,02;-0,02;0,0;0,0;0,0;0,0;0,0;0,0;0,0;0,0;0,0;0,0;0,0;0,0;-0,09;-0,09;0,0;0,0;-0,06;-0,06;-0,06;-0,06;0,0;0,0;-0,03;-0,03;-0,02;-0,02;-0,18;-0,18;-0,01;-0,01;-0,03;-0,03;0,0;0,0;-0,02;-0,02;-0,01;-0,01;-0,02;-0,02
19.07.2026;00:45;01:00;0,0;0,0;-0,17;-0,17;-0,03;-0,03;0,0;0,0;-0,01;-0,01;0,0;0,0;0,0;0,0;-0,02;-0,02;-0,01;-0,01;0,0;0,0;0,0;0,0;0,0;0,0;-0,01;-0,01;0,0;0,0;-0,09;-0,09;0,0;0,0;0,0;0,0;-0,06;-0,06;0,0;0,0;-0,04;-0,04;0,0;0,0;-0,11;-0,11;-0,01;-0,01;-0,02;-0,02;0,0;0,0;-0,02;-0,02;0,0;0,0;-0,03;-0,03
19.07.2026;01:00;01:15;0,0;0,0;-0,2;-0,2;-0,03;-0,03;-0,01;-0,01;-0,02;-0,02;0,0;0,0;-0,01;-0,01;-0,04;-0,04;0,0;0,0;0,0;0,0;0,0;0,0;0,0;0,0;0,0;0,0;0,0;0,0;-0,07;-0,07;0,0;0,0;-0,01;-0,01;-0,06;-0,06;0,0;0,0;-0,02;-0,02;-0,01;-0,01;-0,08;-0,08;-0,01;-0,01;-0,01;-0,01;0,0;0,0;-0,03;-0,03;0,0;0,0;-0,01;-0,01
19.07.2026;01:15;01:30;0,0;0,0;-0,17;-0,17;-0,01;-0,01;0,0;0,0;-0,01;-0,01;0,0;0,0;-0,01;-0,01;-0,03;-0,03;0,0;0,0;0,0;0,0;0,0;0,0;0,0;0,0;-0,02;-0,02;0,0;0,0;-0,09;-0,09;0,0;0,0;-0,01;-0,01;-0,02;-0,02;-0,01;-0,01;-0,02;-0,02;-0,01;-0,01;-0,1;-0,1;-0,01;-0,01;-0,02;-0,02;0,0;0,0;-0,02;-0,02;-0,01;-0,01;-0,01;-0,01
19.07.2026;01:30;01:45;0,0;0,0;-0,21;-0,21;-0,02;-0,02;0,0;0,0;-0,01;-0,01;0,0;0,0;0,0;0,0;-0,03;-0,03;0,0;0,0;0,0;0,0;0,0;0,0;0,0;0,0;-0,02;-0,02;0,0;0,0;-0,07;-0,07;0,0;0,0;-0,01;-0,01;-0,02;-0,02;0,0;0,0;-0,01;-0,01;-0,01;-0,01;-0,08;-0,08;0,0;0,0;-0,01;-0,01;-0,01;-0,01;-0,02;-0,02;-0,01;-0,01;-0,02;-0,02
19.07.2026;01:45;02:00;0,0;0,0;-0,19;-0,19;-0,02;-0,02;0,0;0,0;0,0;0,0;0,0;0,0;-0,01;-0,01;-0,05;-0,05;0,0;0,0;0,0;0,0;0,0;0,0;0,0;0,0;-0,01;-0,01;-0,01;-0,01;-0,09;-0,09;0,0;0,0;-0,02;-0,02;-0,02;-0,02;0,0;0,0;0,0;0,0;-0,01;-0,01;-0,08;-0,08;-0,01;-0,01;-0,02;-0,02;0,0;0,0;-0,02;-0,02;0,0;0,0;-0,03;-0,03
19.07.2026;02:00;02:15;0,0;0,0;-0,2;-0,2;-0,02;-0,02;0,0;0,0;-0,02;-0,02;0,0;0,0;0,0;0,0;-0,02;-0,02;0,0;0,0;0,0;0,0;-0,01;-0,01;0,0;0,0;0,0;0,0;0,0;0,0;-0,31;-0,31;0,0;0,0;-0,01;-0,01;-0,01;-0,01;0,0;0,0;-0,01;-0,01;-0,01;-0,01;-0,09;-0,09;-0,02;-0,02;-0,01;-0,01;0,0;0,0;-0,02;-0,02;0,0;0,0;-0,02;-0,02
19.07.2026;02:15;02:30;0,0;0,0;-0,17;-0,17;-0,02;-0,02;0,0;0,0;-0,01;-0,01;-0,01;-0,01;-0,01;-0,01;-0,02;-0,02;0,0;0,0;0,0;0,0;0,0;0,0;0,0;0,0;-0,01;-0,01;0,0;0,0;-0,1;-0,1;0,0;0,0;-0,02;-0,02;-0,01;-0,01;-0,01;-0,01;-0,01;-0,01;0,0;0,0;-0,09;-0,09;0,0;0,0;-0,02;-0,02;0,0;0,0;-0,02;-0,02;-0,01;-0,01;-0,02;-0,02
19.07.2026;02:30;02:45;0,0;0,0;-0,17;-0,17;-0,02;-0,02;0,0;0,0;-0,01;-0,01;0,0;0,0;-0,01;-0,01;-0,02;-0,02;0,0;0,0;0,0;0,0;0,0;0,0;0,0;0,0;0,0;0,0;0,0;0,0;-0,1;-0,1;0,0;0,0;-0,01;-0,01;-0,01;-0,01;0,0;0,0;-0,01;-0,01;-0,02;-0,02;-0,08;-0,08;-0,01;-0,01;-0,01;-0,01;0,0;0,0;-0,02;-0,02;0,0;0,0;-0,02;-0,02
19.07.2026;02:45;03:00;0,0;0,0;-0,17;-0,17;-0,02;-0,02;0,0;0,0;-0,01;-0,01;0,0;0,0;0,0;0,0;-0,02;-0,02;0,0;0,0;0,0;0,0;0,0;0,0;0,0;0,0;-0,02;-0,02;0,0;0,0;-0,1;-0,1;-0,01;-0,01;-0,01;-0,01;-0,02;-0,02;0,0;0,0;-0,01;-0,01;-0,01;-0,01;-0,08;-0,08;-0,01;-0,01;-0,02;-0,02;0,0;0,0;-0,02;-0,02;-0,01;-0,01;-0,01;-0,01
19.07.2026;03:00;03:15;0,0;0,0;-0,16;-0,16;-0,02;-0,02;0,0;0,0;-0,01;-0,01;0,0;0,0;-0,01;-0,01;-0,01;-0,01;0,0;0,0;0,0;0,0;0,0;0,0;0,0;0,0;-0,02;-0,02;0,0;0,0;-0,45;-0,45;0,0;0,0;0,0;0,0;-0,03;-0,03;-0,01;-0,01;-0,01;-0,01;0,0;0,0;-0,09;-0,09;-0,01;-0,01;-0,01;-0,01;0,0;0,0;-0,01;-0,01;0,0;0,0;-0,02;-0,02
19.07.2026;03:15;03:30;0,0;0,0;-0,17;-0,17;-0,02;-0,02;0,0;0,0;-0,01;-0,01;0,0;0,0;0,0;0,0;-0,02;-0,02;-0,01;-0,01;-0,01;-0,01;0,0;0,0;0,0;0,0;0,0;0,0;0,0;0,0;-0,07;-0,07;0,0;0,0;-0,01;-0,01;-0,02;-0,02;0,0;0,0;-0,01;-0,01;-0,02;-0,02;-0,09;-0,09;0,0;0,0;-0,02;-0,02;0,0;0,0;-0,02;-0,02;0,0;0,0;-0,02;-0,02
19.07.2026;03:30;03:45;0,0;0,0;-0,17;-0,17;-0,02;-0,02;0,0;0,0;-0,01;-0,01;0,0;0,0;-0,01;-0,01;-0,02;-0,02;0,0;0,0;0,0;0,0;0,0;0,0;0,0;0,0;-0,01;-0,01;0,0;0,0;-0,05;-0,05;0,0;0,0;0,0;0,0;-0,02;-0,02;0,0;0,0;-0,01;-0,01;0,0;0,0;-0,08;-0,08;-0,01;-0,01;-0,01;-0,01;-0,01;-0,01;0,0;0,0;-0,01;-0,01;-0,03;-0,03
19.07.2026;03:45;04:00;0,0;0,0;-0,17;-0,17;-0,02;-0,02;0,0;0,0;-0,02;-0,02;0,0;0,0;0,0;0,0;-0,02;-0,02;0,0;0,0;0,0;0,0;0,0;0,0;0,0;0,0;0,0;0,0;-0,01;-0,01;-0,03;-0,03;0,0;0,0;-0,02;-0,02;-0,02;-0,02;0,0;0,0;0,0;0,0;-0,01;-0,01;-0,09;-0,09;-0,02;-0,02;-0,02;-0,02;0,0;0,0;-0,02;-0,02;0,0;0,0;-0,02;-0,02
19.07.2026;04:00;04:15;0,0;0,0;-0,23;-0,23;-0,01;-0,01;0,0;0,0;-0,01;-0,01;0,0;0,0;-0,01;-0,01;-0,02;-0,02;0,0;0,0;0,0;0,0;0,0;0,0;0,0;0,0;-0,02;-0,02;0,0;0,0;-0,3;-0,3;0,0;0,0;-0,01;-0,01;-0,03;-0,03;-0,01;-0,01;-0,01;-0,01;-0,01;-0,01;-0,08;-0,08;-0,01;-0,01;-0,01;-0,01;0,0;0,0;0,0;0,0;-0,01;-0,01;-0,02;-0,02
19.07.2026;04:15;04:30;0,0;0,0;-0,19;-0,19;-0,02;-0,02;-0,01;-0,01;-0,01;-0,01;-0,01;-0,01;-0,01;-0,01;-0,02;-0,02;0,0;0,0;0,0;0,0;0,0;0,0;0,0;0,0;-0,01;-0,01;0,0;0,0;-0,08;-0,08;0,0;0,0;-0,02;-0,02;-0,01;-0,01;0,0;0,0;-0,01;-0,01;-0,01;-0,01;-0,05;-0,05;-0,01;-0,01;-0,02;-0,02;0,0;0,0;-0,02;-0,02;0,0;0,0;-0,02;-0,02
19.07.2026;04:30;04:45;0,0;0,0;-0,17;-0,17;-0,03;-0,03;0,0;0,0;-0,01;-0,01;0,0;0,0;0,0;0,0;-0,01;-0,01;0,0;0,0;0,0;0,0;-0,01;-0,01;0,0;0,0;-0,01;-0,01;0,0;0,0;-0,08;-0,08;0,0;0,0;-0,01;-0,01;-0,02;-0,02;0,0;0,0;0,0;0,0;-0,01;-0,01;-0,01;-0,01;-0,02;-0,02;-0,01;-0,01;0,0;0,0;0,0;0,0;-0,01;-0,01;-0,01;-0,01
19.07.2026;04:45;05:00;0,0;0,0;-0,16;-0,16;-0,01;-0,01;0,0;0,0;-0,02;-0,02;0,0;0,0;0,0;0,0;-0,02;-0,02;0,0;0,0;0,0;0,0;0,0;0,0;0,0;0,0;-0,01;-0,01;0,0;0,0;-0,11;-0,11;0,0;0,0;-0,01;-0,01;-0,01;-0,01;0,0;0,0;-0,01;-0,01;-0,01;-0,01;-0,01;-0,01;-0,04;-0,04;-0,02;-0,02;0,0;0,0;-0,02;-0,02;0,0;0,0;-0,02;-0,02
19.07.2026;05:00;05:15;0,0;0,0;-0,16;-0,16;-0,02;-0,02;0,0;0,0;-0,02;-0,02;0,0;0,0;-0,01;-0,01;-0,01;-0,01;0,0;0,0;0,0;0,0;0,0;0,0;0,0;0,0;0,0;0,0;0,0;0,0;-0,12;-0,12;0,0;0,0;-0,01;-0,01;-0,01;-0,01;-0,01;-0,01;-0,01;-0,01;0,0;0,0;-0,02;-0,02;-0,01;-0,01;-0,01;-0,01;0,0;0,0;0,0;0,0;0,0;0,0;-0,02;-0,02
19.07.2026;05:15;05:30;0,0;0,0;-0,17;-0,17;-0,02;-0,02;0,0;0,0;-0,01;-0,01;0,0;0,0;-0,01;-0,01;-0,01;-0,01;0,0;0,0;0,0;0,0;0,0;0,0;-0,01;-0,01;-0,01;-0,01;0,0;0,0;-0,03;-0,03;-0,01;-0,01;-0,01;-0,01;-0,01;-0,01;0,0;0,0;-0,01;-0,01;-0,02;-0,02;-0,01;-0,01;-0,01;-0,01;-0,02;-0,02;0,0;0,0;-0,02;-0,02;-0,01;-0,01;-0,03;-0,03
19.07.2026;05:30;05:45;0,01;0,01;-0,18;-0,18;-0,03;-0,03;0,0;0,0;0,0;0,0;0,0;0,0;0,0;0,0;-0,02;-0,02;0,0;0,0;0,0;0,0;0,0;0,0;0,0;0,0;-0,02;-0,02;0,0;0,0;-0,02;-0,02;0,0;0,0;0,0;0,0;-0,12;-0,12;0,0;0,0;-0,01;-0,01;0,0;0,0;-0,01;-0,01;-0,01;-0,01;-0,02;-0,02;-0,01;-0,01;0,0;0,0;-0,01;-0,01;-0,02;-0,02
19.07.2026;05:45;06:00;0,05;0,05;-0,17;-0,17;-0,01;-0,01;0,0;0,0;-0,01;-0,01;0,0;0,0;-0,01;-0,01;-0,01;-0,01;-0,01;-0,01;0,0;0,0;0,0;0,0;0,0;0,0;-0,01;-0,01;-0,01;-0,01;-0,01;-0,01;0,0;0,0;-0,01;-0,01;-0,02;-0,02;-0,01;-0,01;0,0;0,0;-0,02;-0,02;-0,01;-0,01;-0,01;-0,01;-0,01;-0,01;0,0;0,0;-0,02;-0,02;0,0;0,0;-0,02;-0,02
19.07.2026;06:00;06:15;0,12;0,11;-0,24;-0,23;-0,01;-0,01;0,0;0,0;-0,01;-0,01;0,0;0,0;0,0;0,0;-0,02;-0,02;0,0;0,0;0,0;0,0;0,0;0,0;0,0;0,0;-0,01;-0,01;0,0;0,0;-0,02;-0,02;0,0;0,0;-0,02;-0,02;-0,03;-0,03;0,0;0,0;-0,01;-0,01;0,0;0,0;-0,02;-0,02;-0,02;-0,02;-0,02;-0,02;0,0;0,0;0,0;0,0;0,0;0,0;-0,01;-0,01
19.07.2026;06:15;06:30;0,17;0,12;-0,21;-0,16;-0,03;-0,03;0,0;0,0;-0,02;-0,02;-0,01;-0,01;-0,01;-0,01;-0,13;-0,13;0,0;0,0;0,0;0,0;0,0;0,0;0,0;0,0;-0,01;-0,01;0,0;0,0;-0,01;-0,01;0,0;0,0;-0,01;-0,01;-0,21;-0,21;0,0;0,0;-0,02;-0,02;-0,01;-0,01;-0,01;-0,01;-0,01;-0,01;-0,01;-0,01;0,0;0,0;-0,02;-0,02;-0,01;-0,01;-0,02;-0,02
19.07.2026;06:30;06:45;0,14;0,11;-0,18;-0,15;-0,31;-0,31;0,0;0,0;-0,01;-0,01;0,0;0,0;-0,01;-0,01;-0,44;-0,44;0,0;0,0;0,0;0,0;0,0;0,0;0,0;0,0;-0,01;-0,01;0,0;0,0;-0,03;-0,03;0,0;0,0;-0,02;-0,02;-0,31;-0,31;0,0;0,0;-0,01;-0,01;-0,01;-0,01;-0,01;-0,01;-0,01;-0,01;-0,02;-0,02;0,0;0,0;0,0;0,0;0,0;0,0;-0,02;-0,02
19.07.2026;06:45;07:00;0,07;0,07;-0,17;-0,17;-0,03;-0,03;0,0;0,0;-0,01;-0,01;0,0;0,0;0,0;0,0;-0,23;-0,23;0,0;0,0;0,0;0,0;0,0;0,0;0,0;0,0;-0,03;-0,03;0,0;0,0;-0,03;-0,03;0,0;0,0;-0,01;-0,01;-0,07;-0,07;-0,01;-0,01;0,0;0,0;-0,01;-0,01;-0,01;-0,01;0,0;0,0;-0,01;-0,01;0,0;0,0;-0,02;-0,02;-0,01;-0,01;-0,02;-0,02
19.07.2026;07:00;07:15;0,09;0,09;-0,2;-0,2;-0,03;-0,03;0,0;0,0;-0,01;-0,01;0,0;0,0;-0,01;-0,01;-0,15;-0,15;0,0;0,0;0,0;0,0;-0,01;-0,01;0,0;0,0;-0,03;-0,03;0,0;0,0;-0,02;-0,02;0,0;0,0;-0,01;-0,01;-0,05;-0,05;0,0;0,0;-0,01;-0,01;-0,01;-0,01;-0,02;-0,02;-0,01;-0,01;-0,01;-0,01;0,0;0,0;0,0;0,0;0,0;0,0;-0,03;-0,03
19.07.2026;07:15;07:30;0,13;0,11;-0,19;-0,17;-0,05;-0,05;0,0;0,0;-0,01;-0,01;0,0;0,0;0,0;0,0;-0,18;-0,18;0,0;0,0;0,0;0,0;0,0;0,0;0,0;0,0;-0,08;-0,08;0,0;0,0;-0,02;-0,02;0,0;0,0;0,0;0,0;-0,05;-0,05;0,0;0,0;-0,01;-0,01;-0,01;-0,01;0,0;0,0;-0,01;-0,01;-0,01;-0,01;0,0;0,0;-0,02;-0,02;0,0;0,0;-0,03;-0,03
19.07.2026;07:30;07:45;0,08;0,08;-0,2;-0,2;-0,22;-0,22;-0,01;-0,01;-0,01;-0,01;0,0;0,0;-0,01;-0,01;-0,15;-0,15;0,0;0,0;0,0;0,0;0,0;0,0;0,0;0,0;-0,05;-0,05;0,0;0,0;-0,01;-0,01;0,0;0,0;-0,01;-0,01;-0,06;-0,06;-0,01;-0,01;-0,01;-0,01;0,0;0,0;-0,02;-0,02;-0,02;-0,02;-0,01;-0,01;-0,01;-0,01;0,0;0,0;-0,01;-0,01;-0,01;-0,01
19.07.2026;07:45;08:00;0,36;0,13;-0,18;-0,11;-0,02;-0,01;0,0;0,0;-0,02;-0,01;0,0;0,0;-0,01;0,0;-0,05;-0,04;0,0;0,0;0,0;0,0;0,0;0,0;0,0;0,0;-0,02;-0,01;-0,01;0,0;-0,02;-0,01;-0,01;0,0;0,0;0,0;-0,06;-0,05;0,0;0,0;-0,04;-0,03;-0,01;0,0;-0,01;0,0;0,0;0,0;-0,01;0,0;0,0;0,0;-0,02;-0,01;-0,01;0,0;-0,01;0,0
19.07.2026;08:00;08:15;0,25;0,18;-0,19;-0,12;-0,04;-0,04;0,0;0,0;-0,02;-0,02;0,0;0,0;0,0;0,0;-0,06;-0,06;0,0;0,0;0,0;0,0;0,0;0,0;0,0;0,0;-0,02;-0,02;0,0;0,0;-0,01;-0,01;0,0;0,0;-0,02;-0,02;-0,05;-0,05;0,0;0,0;-0,04;-0,04;-0,02;-0,02;-0,01;-0,01;-0,02;-0,02;-0,02;-0,02;0,0;0,0;0,0;0,0;0,0;0,0;-0,03;-0,03
19.07.2026;08:15;08:30;0,09;0,09;-0,22;-0,22;-0,1;-0,1;0,0;0,0;-0,03;-0,03;-0,01;-0,01;-0,01;-0,01;-0,05;-0,05;-0,01;-0,01;-0,01;-0,01;0,0;0,0;0,0;0,0;-0,08;-0,08;0,0;0,0;-0,02;-0,02;0,0;0,0;-0,01;-0,01;-0,04;-0,04;0,0;0,0;-0,01;-0,01;0,0;0,0;-0,01;-0,01;-0,01;-0,01;-0,06;-0,06;0,0;0,0;-0,02;-0,02;0,0;0,0;-0,46;-0,46
19.07.2026;08:30;08:45;0,09;0,09;-0,23;-0,23;-0,03;-0,03;0,0;0,0;-0,1;-0,1;0,0;0,0;0,0;0,0;-0,03;-0,03;0,0;0,0;0,0;0,0;0,0;0,0;0,0;0,0;-0,57;-0,57;0,0;0,0;-0,01;-0,01;0,0;0,0;-0,02;-0,02;-0,06;-0,06;-0,01;-0,01;-0,03;-0,03;-0,01;-0,01;-0,01;-0,01;-0,01;-0,01;-0,1;-0,1;0,0;0,0;0,0;0,0;-0,01;-0,01;-0,09;-0,09
19.07.2026;08:45;09:00;0,18;0,13;-0,21;-0,16;-0,05;-0,05;0,0;0,0;-0,04;-0,04;0,0;0,0;-0,01;-0,01;-0,01;-0,01;0,0;0,0;0,0;0,0;0,0;0,0;0,0;0,0;-0,56;-0,56;0,0;0,0;-0,02;-0,02;0,0;0,0;-0,01;-0,01;-0,05;-0,05;0,0;0,0;-0,02;-0,02;-0,01;-0,01;-0,01;-0,01;0,0;0,0;-0,09;-0,09;0,0;0,0;-0,02;-0,02;0,0;0,0;-0,05;-0,05
19.07.2026;09:00;09:15;0,08;0,08;-0,19;-0,19;-0,04;-0,04;0,0;0,0;-0,06;-0,06;0,0;0,0;-0,01;-0,01;0,0;0,0;0,0;0,0;0,0;0,0;0,0;0,0;0,0;0,0;-0,04;-0,04;0,0;0,0;-0,09;-0,09;0,0;0,0;-0,01;-0,01;-0,05;-0,05;0,0;0,0;0,0;0,0;-0,01;-0,01;-0,01;-0,01;-0,01;-0,01;-0,44;-0,44;0,0;0,0;0,0;0,0;-0,01;-0,01;-0,05;-0,05
19.07.2026;09:15;09:30;0,13;0,11;-0,21;-0,19;-0,05;-0,05;0,0;0,0;-0,04;-0,04;0,0;0,0;0,0;0,0;-0,02;-0,02;0,0;0,0;0,0;0,0;0,0;0,0;0,0;0,0;-0,03;-0,03;0,0;0,0;-0,11;-0,11;0,0;0,0;-0,01;-0,01;-0,03;-0,03;0,0;0,0;-0,01;-0,01;-0,01;-0,01;-0,01;-0,01;-0,01;-0,01;-0,13;-0,13;0,0;0,0;-0,02;-0,02;0,0;0,0;-0,03;-0,03
19.07.2026;09:30;09:45;0,6;0,18;-0,19;-0,09;-0,05;-0,02;0,0;0,0;-0,06;-0,03;0,0;0,0;-0,01;0,0;-0,02;0,0;0,0;0,0;0,0;0,0;-0,01;0,0;0,0;0,0;-0,06;-0,03;0,0;0,0;-0,11;-0,08;0,0;0,0;0,0;0,0;-0,05;-0,02;-0,01;0,0;-0,02;0,0;0,0;0,0;-0,02;0,0;-0,01;0,0;-0,09;-0,06;-0,01;0,0;0,0;0,0;-0,01;0,0;-0,02;0,0
19.07.2026;09:45;10:00;0,27;0,19;-0,25;-0,17;-0,05;-0,05;0,0;0,0;-0,04;-0,04;0,0;0,0;-0,01;-0,01;-0,02;-0,02;0,0;0,0;0,0;0,0;0,0;0,0;0,0;0,0;-0,04;-0,04;-0,01;-0,01;-0,11;-0,11;0,0;0,0;0,0;0,0;-0,01;-0,01;0,0;0,0;-0,03;-0,03;-0,02;-0,02;-0,04;-0,04;-0,01;-0,01;-0,13;-0,13;0,0;0,0;-0,02;-0,02;0,0;0,0;-0,05;-0,05
19.07.2026;10:00;10:15;0,1;0,1;-0,19;-0,19;-0,05;-0,05;0,0;0,0;-0,04;-0,04;0,0;0,0;0,0;0,0;-0,02;-0,02;0,0;0,0;0,0;0,0;0,0;0,0;0,0;0,0;-0,06;-0,06;0,0;0,0;-0,12;-0,12;0,0;0,0;-0,02;-0,02;-0,02;-0,02;0,0;0,0;-0,02;-0,02;-0,01;-0,01;-0,04;-0,04;-0,01;-0,01;-0,17;-0,17;0,0;0,0;0,0;0,0;0,0;0,0;-0,05;-0,05
19.07.2026;10:15;10:30;0,0;0,0;-0,18;-0,18;-0,05;-0,05;0,0;0,0;-0,04;-0,04;-0,01;-0,01;0,0;0,0;-0,02;-0,02;0,0;0,0;0,0;0,0;0,0;0,0;-0,01;-0,01;-0,02;-0,02;0,0;0,0;-0,01;-0,01;-0,01;-0,01;-0,01;-0,01;-0,03;-0,03;-0,01;-0,01;-0,03;-0,03;0,0;0,0;-0,06;-0,06;0,0;0,0;-0,22;-0,22;0,0;0,0;-0,01;-0,01;-0,01;-0,01;-0,05;-0,05
19.07.2026;10:30;10:45;0,9;0,26;-0,21;-0,02;-0,05;0,0;0,0;0,0;-0,05;0,0;0,0;0,0;-0,01;0,0;-0,02;0,0;0,0;0,0;0,0;0,0;0,0;0,0;0,0;0,0;-0,04;0,0;0,0;0,0;-0,02;0,0;0,0;0,0;-0,02;0,0;-0,02;0,0;0,0;0,0;-0,04;0,0;-0,01;0,0;-0,2;-0,14;-0,01;0,0;-0,22;-0,16;0,0;0,0;-0,01;0,0;0,0;0,0;-0,03;0,0
19.07.2026;10:45;11:00;1,08;0,45;-0,2;0,0;-0,09;0,0;0,0;0,0;-0,04;0,0;0,0;0,0;0,0;0,0;-0,02;0,0;-0,01;0,0;0,0;0,0;0,0;0,0;0,0;0,0;-0,01;0,0;0,0;0,0;-0,01;0,0;0,0;0,0;-0,01;0,0;-0,02;0,0;0,0;0,0;-0,02;0,0;-0,01;0,0;-0,05;0,0;-0,01;0,0;-0,21;-0,12;0,0;0,0;-0,01;0,0;-0,01;0,0;-0,02;0,0
19.07.2026;11:00;11:15;1,33;0,6;-0,22;0,0;-0,34;-0,22;-0,01;0,0;-0,04;0,0;0,0;0,0;-0,02;0,0;-0,02;0,0;0,0;0,0;0,0;0,0;0,0;0,0;0,0;0,0;-0,03;0,0;0,0;0,0;-0,02;0,0;0,0;0,0;-0,02;0,0;-0,03;0,0;0,0;0,0;-0,02;0,0;-0,01;0,0;-0,06;0,0;-0,01;0,0;-0,08;0,0;0,0;0,0;-0,01;0,0;0,0;0,0;-0,01;0,0
19.07.2026;11:15;11:30;1,01;0,44;-0,21;0,0;-0,12;-0,04;0,0;0,0;-0,04;0,0;0,0;0,0;0,0;0,0;-0,02;0,0;0,0;0,0;0,0;0,0;0,0;0,0;0,0;0,0;-0,04;0,0;0,0;0,0;-0,01;0,0;0,0;0,0;0,0;0,0;-0,02;0,0;-0,01;0,0;-0,03;0,0;-0,01;0,0;-0,03;0,0;-0,01;0,0;-0,02;0,0;0,0;0,0;-0,01;0,0;0,0;0,0;-0,03;0,0
19.07.2026;11:30;11:45;1,53;0,89;-0,19;0,0;-0,05;0,0;0,0;0,0;-0,04;0,0;0,0;0,0;0,0;0,0;-0,02;0,0;0,0;0,0;0,0;0,0;0,0;0,0;0,0;0,0;-0,01;0,0;0,0;0,0;-0,01;0,0;0,0;0,0;-0,01;0,0;-0,02;0,0;0,0;0,0;-0,29;-0,12;-0,01;0,0;-0,03;0,0;-0,01;0,0;-0,02;0,0;-0,01;0,0;-0,01;0,0;-0,01;0,0;-0,02;0,0
19.07.2026;11:45;12:00;1,41;0,75;-0,18;0,0;-0,05;0,0;0,0;0,0;-0,03;0,0;0,0;0,0;-0,01;0,0;-0,02;0,0;0,0;0,0;0,0;0,0;0,0;0,0;0,0;0,0;-0,09;0,0;-0,01;0,0;-0,02;0,0;0,0;0,0;0,0;0,0;-0,01;0,0;0,0;0,0;-0,82;-0,69;-0,01;0,0;-0,03;0,0;-0,01;0,0;-0,02;0,0;0,0;0,0;-0,01;0,0;-0,01;0,0;-0,02;0,0
19.07.2026;12:00;12:15;1,44;0,69;-0,27;0,0;-0,06;0,0;0,0;0,0;-0,02;0,0;0,0;0,0;0,0;0,0;-0,01;0,0;-0,05;0,0;0,0;0,0;-0,01;0,0;0,0;0,0;-0,27;-0,13;0,0;0,0;-0,01;0,0;0,0;0,0;-0,01;0,0;-0,01;0,0;0,0;0,0;-0,07;0,0;-0,01;0,0;-0,03;0,0;0,0;0,0;-0,02;0,0;0,0;0,0;-0,01;0,0;0,0;0,0;-0,02;0,0
19.07.2026;12:15;12:30;0,73;0,23;-0,27;-0,11;-0,12;-0,08;0,0;0,0;-0,02;0,0;-0,01;0,0;-0,01;0,0;-0,02;0,0;-0,01;0,0;0,0;0,0;0,0;0,0;0,0;0,0;-0,33;-0,29;0,0;0,0;-0,01;0,0;0,0;0,0;-0,02;0,0;-0,01;0,0;-0,01;0,0;-0,39;-0,35;0,0;0,0;-0,06;-0,02;-0,01;0,0;-0,02;0,0;0,0;0,0;-0,01;0,0;0,0;0,0;-0,02;0,0
19.07.2026;12:30;12:45;1,11;0,42;-0,21;0,0;-0,09;-0,01;0,0;0,0;-0,01;0,0;0,0;0,0;-0,01;0,0;-0,03;0,0;0,0;0,0;0,0;0,0;0,0;0,0;0,0;0,0;-0,16;-0,08;0,0;0,0;-0,02;0,0;0,0;0,0;-0,03;0,0;-0,02;0,0;0,0;0,0;-0,24;-0,16;-0,02;0,0;-0,03;0,0;-0,02;0,0;-0,02;0,0;0,0;0,0;-0,01;0,0;-0,01;0,0;-0,01;0,0
19.07.2026;12:45;13:00;0,21;0,16;-0,26;-0,21;-0,23;-0,23;0,0;0,0;-0,05;-0,05;0,0;0,0;-0,01;-0,01;-0,61;-0,61;0,0;0,0;0,0;0,0;0,0;0,0;0,0;0,0;-0,03;-0,03;0,0;0,0;-0,01;-0,01;-0,01;-0,01;-0,06;-0,06;-0,01;-0,01;0,0;0,0;-0,08;-0,08;0,0;0,0;-0,02;-0,02;0,0;0,0;-0,04;-0,04;0,0;0,0;-0,01;-0,01;0,0;0,0;-0,03;-0,03
19.07.2026;13:00;13:15;0,22;0,17;-0,33;-0,28;-0,24;-0,24;0,0;0,0;-0,17;-0,17;0,0;0,0;-0,02;-0,02;-0,59;-0,59;-0,01;-0,01;0,0;0,0;0,0;0,0;0,0;0,0;-0,03;-0,03;0,0;0,0;-0,01;-0,01;0,0;0,0;-0,1;-0,1;-0,03;-0,03;-0,01;-0,01;-0,09;-0,09;-0,01;-0,01;-0,02;-0,02;-0,01;-0,01;-0,03;-0,03;0,0;0,0;-0,01;-0,01;-0,01;-0,01;-0,05;-0,05
19.07.2026;13:15;13:30;0,01;0,01;-0,19;-0,19;-0,06;-0,06;0,0;0,0;-0,13;-0,13;0,0;0,0;-0,16;-0,16;-0,32;-0,32;0,0;0,0;-0,01;-0,01;0,0;0,0;0,0;0,0;-0,02;-0,02;0,0;0,0;-0,01;-0,01;0,0;0,0;-0,12;-0,12;-0,02;-0,02;0,0;0,0;-0,07;-0,07;-0,01;-0,01;-0,03;-0,03;-0,01;-0,01;-0,03;-0,03;0,0;0,0;-0,01;-0,01;0,0;0,0;-0,05;-0,05
19.07.2026;13:30;13:45;0,0;0,0;-0,27;-0,27;-0,06;-0,06;0,0;0,0;-0,04;-0,04;0,0;0,0;-0,02;-0,02;-0,24;-0,24;0,0;0,0;0,0;0,0;0,0;0,0;0,0;0,0;-0,02;-0,02;0,0;0,0;-0,02;-0,02;0,0;0,0;-0,02;-0,02;-0,02;-0,02;0,0;0,0;-0,04;-0,04;-0,01;-0,01;-0,02;-0,02;-0,01;-0,01;-0,02;-0,02;-0,01;-0,01;-0,01;-0,01;-0,01;-0,01;-0,05;-0,05
19.07.2026;13:45;14:00;0,0;0,0;-0,19;-0,19;-0,06;-0,06;0,0;0,0;-0,05;-0,05;0,0;0,0;-0,01;-0,01;-0,25;-0,25;0,0;0,0;0,0;0,0;0,0;0,0;0,0;0,0;0,0;0,0;-0,01;-0,01;-0,01;-0,01;0,0;0,0;-0,02;-0,02;-0,02;-0,02;0,0;0,0;-0,05;-0,05;-0,01;-0,01;0,0;0,0;0,0;0,0;-0,01;-0,01;0,0;0,0;-0,01;-0,01;0,0;0,0;-0,02;-0,02
19.07.2026;14:00;14:15;0,21;0,16;-0,22;-0,17;-0,06;-0,06;0,0;0,0;-0,14;-0,14;0,0;0,0;0,0;0,0;-0,28;-0,28;0,0;0,0;0,0;0,0;0,0;0,0;0,0;0,0;0,0;0,0;0,0;0,0;-0,01;-0,01;0,0;0,0;-0,03;-0,03;-0,03;-0,03;-0,01;-0,01;-0,04;-0,04;-0,01;-0,01;-0,02;-0,02;-0,02;-0,02;-0,03;-0,03;0,0;0,0;-0,01;-0,01;0,0;0,0;-0,01;-0,01
19.07.2026;14:15;14:30;0,33;0,11;-0,19;-0,13;-0,04;-0,03;-0,01;0,0;-0,23;-0,22;-0,01;0,0;-0,01;0,0;-0,63;-0,62;0,0;0,0;0,0;0,0;0,0;0,0;0,0;0,0;-0,02;-0,01;0,0;0,0;-0,01;0,0;0,0;0,0;-0,02;-0,01;-0,02;-0,01;0,0;0,0;-0,02;-0,01;0,0;0,0;-0,02;-0,01;-0,01;0,0;-0,02;-0,01;0,0;0,0;0,0;0,0;-0,01;0,0;-0,01;0,0
19.07.2026;14:30;14:45;0,28;0,2;-0,18;-0,1;-0,04;-0,04;0,0;0,0;-0,23;-0,23;0,0;0,0;-0,01;-0,01;-0,24;-0,24;0,0;0,0;0,0;0,0;-0,01;-0,01;0,0;0,0;-0,01;-0,01;0,0;0,0;-0,02;-0,02;0,0;0,0;-0,04;-0,04;-0,01;-0,01;0,0;0,0;-0,02;-0,02;-0,02;-0,02;-0,01;-0,01;0,0;0,0;-0,03;-0,03;0,0;0,0;-0,02;-0,02;0,0;0,0;-0,02;-0,02
19.07.2026;14:45;15:00;0,42;0,19;-0,19;-0,11;-0,05;-0,04;0,0;0,0;-0,15;-0,14;0,0;0,0;-0,01;0,0;-0,39;-0,38;0,0;0,0;0,0;0,0;0,0;0,0;0,0;0,0;-0,01;0,0;0,0;0,0;-0,01;0,0;0,0;0,0;-0,07;-0,06;-0,01;0,0;0,0;0,0;-0,01;0,0;-0,01;0,0;-0,01;0,0;-0,01;0,0;-0,05;-0,04;0,0;0,0;0,0;0,0;-0,01;0,0;-0,03;-0,02
19.07.2026;15:00;15:15;0,47;0,21;-0,22;-0,11;-0,05;-0,04;0,0;0,0;-0,04;-0,03;0,0;0,0;-0,01;0,0;-0,22;-0,21;0,0;0,0;0,0;0,0;0,0;0,0;0,0;0,0;0,0;0,0;0,0;0,0;-0,01;0,0;0,0;0,0;-0,08;-0,07;-0,01;0,0;-0,01;0,0;-0,02;-0,01;0,0;0,0;-0,02;-0,01;-0,01;0,0;-0,02;-0,01;0,0;0,0;-0,02;-0,01;-0,01;0,0;-0,02;-0,01
19.07.2026;15:15;15:30;0,52;0,12;-0,21;-0,12;-0,1;-0,08;0,0;0,0;-0,03;-0,01;0,0;0,0;-0,21;-0,19;-0,22;-0,2;0,0;0,0;0,0;0,0;0,0;0,0;-0,01;0,0;-0,02;0,0;0,0;0,0;-0,02;0,0;-0,01;0,0;-0,08;-0,06;-0,01;0,0;0,0;0,0;-0,01;0,0;-0,02;0,0;-0,02;0,0;-0,01;0,0;-0,03;-0,01;0,0;0,0;-0,02;0,0;-0,02;0,0;-0,02;0,0
19.07.2026;15:30;15:45;0,49;0,15;-0,28;-0,19;-0,18;-0,16;0,0;0,0;-0,11;-0,09;0,0;0,0;-0,85;-0,83;-0,11;-0,09;-0,01;0,0;0,0;0,0;0,0;0,0;0,0;0,0;-0,01;0,0;0,0;0,0;-0,01;0,0;0,0;0,0;-0,07;-0,05;-0,04;-0,02;0,0;0,0;-0,01;0,0;0,0;0,0;0,0;0,0;-0,01;0,0;-0,03;-0,01;-0,01;0,0;-0,03;-0,01;-0,03;-0,01;-0,01;0,0
19.07.2026;15:45;16:00;0,88;0,21;-0,28;-0,11;-0,11;-0,05;0,0;0,0;-0,39;-0,33;0,0;0,0;-0,29;-0,23;-0,13;-0,07;0,0;0,0;0,0;0,0;0,0;0,0;0,0;0,0;-0,01;0,0;-0,01;0,0;-0,01;0,0;0,0;0,0;-0,06;0,0;-0,06;0,0;-0,01;0,0;-0,01;0,0;-0,01;0,0;-0,02;0,0;-0,01;0,0;-0,03;0,0;0,0;0,0;0,0;0,0;-0,01;0,0;-0,01;0,0
19.07.2026;16:00;16:15;1,35;0,38;-0,33;0,0;-0,05;0,0;0,0;0,0;-0,17;-0,07;0,0;0,0;-0,15;-0,05;-0,37;-0,27;0,0;0,0;0,0;0,0;0,0;0,0;0,0;0,0;-0,01;0,0;0,0;0,0;-0,01;0,0;0,0;0,0;-0,07;0,0;-0,08;0,0;0,0;0,0;-0,02;0,0;-0,01;0,0;0,0;0,0;-0,01;0,0;-0,04;0,0;0,0;0,0;-0,02;0,0;0,0;0,0;-0,02;0,0
19.07.2026;16:15;16:30;1,32;0,42;-0,22;0,0;-0,08;0,0;0,0;0,0;-0,38;-0,28;-0,01;0,0;-0,12;-0,02;-0,06;0,0;0,0;0,0;0,0;0,0;0,0;0,0;0,0;0,0;-0,01;0,0;0,0;0,0;-0,06;0,0;0,0;0,0;-0,07;0,0;-0,08;0,0;0,0;0,0;-0,01;0,0;-0,01;0,0;-0,02;0,0;0,0;0,0;-0,03;0,0;0,0;0,0;0,0;0,0;-0,01;0,0;-0,03;0,0
19.07.2026;16:30;16:45;0,65;0,19;-0,19;-0,08;-0,56;-0,53;0,0;0,0;-0,13;-0,1;0,0;0,0;-0,07;-0,04;-0,17;-0,14;0,0;0,0;0,0;0,0;0,0;0,0;0,0;0,0;-0,02;0,0;0,0;0,0;-0,07;-0,04;0,0;0,0;-0,06;-0,03;-0,07;-0,04;0,0;0,0;-0,02;0,0;-0,01;0,0;-0,02;0,0;-0,01;0,0;-0,02;0,0;0,0;0,0;-0,02;0,0;0,0;0,0;-0,02;0,0
19.07.2026;16:45;17:00;0,93;0,26;-0,23;-0,01;-0,55;-0,49;0,0;0,0;-0,04;0,0;0,0;0,0;-0,37;-0,31;-0,47;-0,41;0,0;0,0;0,0;0,0;0,0;0,0;0,0;0,0;-0,01;0,0;0,0;0,0;-0,07;-0,01;0,0;0,0;-0,02;0,0;-0,09;-0,03;-0,01;0,0;0,0;0,0;-0,01;0,0;-0,01;0,0;-0,01;0,0;-0,01;0,0;0,0;0,0;0,0;0,0;-0,01;0,0;-0,02;0,0
19.07.2026;17:00;17:15;0,06;0,06;-0,2;-0,2;-0,32;-0,32;0,0;0,0;-0,03;-0,03;0,0;0,0;-0,37;-0,37;-0,24;-0,24;0,0;0,0;0,0;0,0;-0,01;-0,01;0,0;0,0;0,0;0,0;0,0;0,0;-0,07;-0,07;0,0;0,0;-0,04;-0,04;-0,08;-0,08;0,0;0,0;-0,01;-0,01;-0,01;-0,01;-0,01;-0,01;-0,01;-0,01;-0,02;-0,02;0,0;0,0;-0,01;-0,01;-0,01;-0,01;-0,02;-0,02
19.07.2026;17:15;17:30;0,0;0,0;-0,31;-0,31;-0,31;-0,31;0,0;0,0;-0,04;-0,04;0,0;0,0;-0,24;-0,24;-0,19;-0,19;0,0;0,0;0,0;0,0;0,0;0,0;0,0;0,0;-0,01;-0,01;0,0;0,0;-0,07;-0,07;0,0;0,0;-0,18;-0,18;-0,08;-0,08;0,0;0,0;0,0;0,0;-0,01;-0,01;-0,01;-0,01;-0,01;-0,01;-0,01;-0,01;0,0;0,0;-0,01;-0,01;0,0;0,0;-0,01;-0,01
19.07.2026;17:30;17:45;0,0;0,0;-0,32;-0,32;-0,28;-0,28;-0,01;-0,01;-0,05;-0,05;0,0;0,0;-0,44;-0,44;-0,06;-0,06;0,0;0,0;0,0;0,0;0,0;0,0;0,0;0,0;-0,01;-0,01;0,0;0,0;-0,03;-0,03;0,0;0,0;-0,09;-0,09;-0,09;-0,09;0,0;0,0;-0,02;-0,02;0,0;0,0;-0,02;-0,02;-0,01;-0,01;-0,02;-0,02;-0,01;-0,01;-0,01;-0,01;0,0;0,0;-0,01;-0,01
19.07.2026;17:45;18:00;0,66;0,19;-0,19;-0,09;-0,36;-0,33;0,0;0,0;-0,04;-0,01;0,0;0,0;-0,43;-0,4;-0,06;-0,03;0,0;0,0;0,0;0,0;0,0;0,0;0,0;0,0;-0,02;0,0;-0,01;0,0;-0,04;-0,01;-0,01;0,0;-0,08;-0,05;-0,08;-0,05;-0,01;0,0;0,0;0,0;-0,02;0,0;-0,01;0,0;-0,01;0,0;-0,09;-0,06;0,0;0,0;-0,01;0,0;-0,01;0,0;-0,02;0,0
19.07.2026;18:00;18:15;0,65;0,2;-0,19;-0,06;-0,29;-0,26;0,0;0,0;-0,05;-0,02;0,0;0,0;-0,39;-0,36;-0,05;-0,02;-0,01;0,0;0,0;0,0;0,0;0,0;0,0;0,0;0,0;0,0;0,0;0,0;-0,03;0,0;0,0;0,0;-0,07;-0,04;-0,06;-0,03;0,0;0,0;-0,01;0,0;-0,01;0,0;-0,01;0,0;0,0;0,0;-0,09;-0,06;0,0;0,0;-0,01;0,0;0,0;0,0;-0,03;0,0
19.07.2026;18:15;18:30;0,54;0,18;-0,25;-0,15;-0,31;-0,29;0,0;0,0;-0,04;-0,02;-0,01;0,0;-0,67;-0,65;-0,06;-0,04;0,0;0,0;-0,01;0,0;0,0;0,0;0,0;0,0;-0,01;0,0;0,0;0,0;-0,03;-0,01;0,0;0,0;-0,05;-0,03;-0,07;-0,05;0,0;0,0;-0,12;-0,1;0,0;0,0;-0,01;0,0;-0,01;0,0;-0,1;-0,08;0,0;0,0;-0,01;0,0;0,0;0,0;-0,02;0,0
19.07.2026;18:30;18:45;0,44;0,19;-0,18;-0,1;-0,06;-0,05;0,0;0,0;-0,04;-0,03;0,0;0,0;-0,63;-0,62;-0,05;-0,04;0,0;0,0;0,0;0,0;0,0;0,0;0,0;0,0;-0,04;-0,03;0,0;0,0;-0,03;-0,02;0,0;0,0;-0,04;-0,03;-0,06;-0,05;-0,01;0,0;-0,14;-0,13;-0,01;0,0;-0,01;0,0;-0,02;-0,01;-0,09;-0,08;0,0;0,0;-0,01;0,0;-0,01;0,0;-0,02;-0,01
19.07.2026;18:45;19:00;0,34;0,13;-0,18;-0,11;-0,05;-0,04;0,0;0,0;-0,07;-0,06;0,0;0,0;-0,78;-0,77;-0,06;-0,05;0,0;0,0;0,0;0,0;0,0;0,0;0,0;0,0;-0,03;-0,02;0,0;0,0;-0,03;-0,02;0,0;0,0;-0,02;-0,01;-0,06;-0,05;0,0;0,0;-0,03;-0,02;-0,01;0,0;-0,02;-0,01;0,0;0,0;-0,06;-0,05;0,0;0,0;-0,01;0,0;0,0;0,0;-0,01;0,0
19.07.2026;19:00;19:15;0,25;0,18;-0,21;-0,14;-0,19;-0,19;0,0;0,0;-0,41;-0,41;0,0;0,0;-0,45;-0,45;-0,05;-0,05;0,0;0,0;0,0;0,0;0,0;0,0;0,0;0,0;-0,03;-0,03;0,0;0,0;-0,04;-0,04;0,0;0,0;-0,02;-0,02;-0,09;-0,09;0,0;0,0;0,0;0,0;-0,01;-0,01;-0,02;-0,02;-0,01;-0,01;-0,07;-0,07;0,0;0,0;-0,01;-0,01;-0,01;-0,01;-0,02;-0,02
19.07.2026;19:15;19:30;0,2;0,15;-0,21;-0,16;-0,09;-0,09;0,0;0,0;-0,27;-0,27;0,0;0,0;-0,12;-0,12;-0,06;-0,06;0,0;0,0;0,0;0,0;0,0;0,0;0,0;0,0;-0,02;-0,02;0,0;0,0;-0,03;-0,03;0,0;0,0;-0,02;-0,02;-0,08;-0,08;0,0;0,0;-0,01;-0,01;-0,01;-0,01;0,0;0,0;-0,01;-0,01;-0,39;-0,39;0,0;0,0;-0,01;-0,01;0,0;0,0;-0,01;-0,01
19.07.2026;19:30;19:45;0,1;0,1;-0,22;-0,22;-0,05;-0,05;0,0;0,0;-0,26;-0,26;0,0;0,0;-0,04;-0,04;-0,07;-0,07;0,0;0,0;0,0;0,0;-0,01;-0,01;0,0;0,0;-0,01;-0,01;0,0;0,0;-0,03;-0,03;0,0;0,0;-0,03;-0,03;-0,08;-0,08;-0,01;-0,01;-0,38;-0,38;-0,01;-0,01;-0,01;-0,01;-0,01;-0,01;-0,18;-0,18;-0,01;-0,01;-0,01;-0,01;-0,01;-0,01;-0,02;-0,02
19.07.2026;19:45;20:00;0,1;0,1;-0,2;-0,2;-0,06;-0,06;0,0;0,0;-0,08;-0,08;0,0;0,0;-0,04;-0,04;-0,07;-0,07;0,0;0,0;0,0;0,0;0,0;0,0;0,0;0,0;-0,02;-0,02;-0,01;-0,01;-0,03;-0,03;0,0;0,0;-0,04;-0,04;-0,13;-0,13;0,0;0,0;-0,17;-0,17;-0,01;-0,01;-0,01;-0,01;-0,02;-0,02;-0,08;-0,08;0,0;0,0;-0,01;-0,01;0,0;0,0;-0,03;-0,03
19.07.2026;20:00;20:15;0,05;0,05;-0,31;-0,31;-0,07;-0,07;0,0;0,0;-0,04;-0,04;0,0;0,0;-0,03;-0,03;-0,03;-0,03;0,0;0,0;0,0;0,0;0,0;0,0;0,0;0,0;-0,02;-0,02;0,0;0,0;-0,03;-0,03;0,0;0,0;-0,03;-0,03;-0,08;-0,08;0,0;0,0;-0,07;-0,07;-0,01;-0,01;-0,02;-0,02;0,0;0,0;-0,09;-0,09;0,0;0,0;-0,02;-0,02;-0,01;-0,01;-0,02;-0,02
19.07.2026;20:15;20:30;0,02;0,02;-0,19;-0,19;-0,04;-0,04;0,0;0,0;-0,04;-0,04;-0,01;-0,01;-0,07;-0,07;-0,03;-0,03;0,0;0,0;0,0;0,0;0,0;0,0;-0,01;-0,01;-0,01;-0,01;0,0;0,0;-0,05;-0,05;-0,01;-0,01;-0,04;-0,04;-0,06;-0,06;0,0;0,0;-0,08;-0,08;0,0;0,0;-0,02;-0,02;-0,01;-0,01;-0,08;-0,08;0,0;0,0;-0,2;-0,2;0,0;0,0;-0,02;-0,02
19.07.2026;20:30;20:45;0,01;0,01;-0,18;-0,18;-0,05;-0,05;0,0;0,0;-0,06;-0,06;0,0;0,0;-0,06;-0,06;-0,04;-0,04;-0,01;-0,01;0,0;0,0;0,0;0,0;0,0;0,0;0,0;0,0;0,0;0,0;-0,04;-0,04;0,0;0,0;-0,03;-0,03;-0,07;-0,07;-0,01;-0,01;-0,08;-0,08;-0,02;-0,02;0,0;0,0;-0,01;-0,01;-0,06;-0,06;0,0;0,0;-0,13;-0,13;0,0;0,0;-0,01;-0,01
19.07.2026;20:45;21:00;0,0;0,0;-0,3;-0,3;-0,07;-0,07;0,0;0,0;-0,05;-0,05;0,0;0,0;-0,05;-0,05;-0,05;-0,05;0,0;0,0;0,0;0,0;0,0;0,0;0,0;0,0;-0,01;-0,01;0,0;0,0;-0,24;-0,24;0,0;0,0;-0,03;-0,03;-0,06;-0,06;0,0;0,0;-0,08;-0,08;-0,01;-0,01;-0,03;-0,03;-0,01;-0,01;-0,07;-0,07;0,0;0,0;-0,05;-0,05;-0,01;-0,01;-0,02;-0,02
19.07.2026;21:00;21:15;0,0;0,0;-0,21;-0,21;-0,05;-0,05;-0,01;-0,01;-0,05;-0,05;0,0;0,0;-0,05;-0,05;-0,05;-0,05;0,0;0,0;0,0;0,0;0,0;0,0;0,0;0,0;-0,02;-0,02;0,0;0,0;-0,15;-0,15;0,0;0,0;-0,03;-0,03;-0,05;-0,05;0,0;0,0;-0,07;-0,07;0,0;0,0;-0,03;-0,03;-0,01;-0,01;-0,07;-0,07;0,0;0,0;-0,05;-0,05;0,0;0,0;-0,03;-0,03
19.07.2026;21:15;21:30;0,0;0,0;-0,2;-0,2;-0,04;-0,04;0,0;0,0;-0,05;-0,05;0,0;0,0;-0,05;-0,05;-0,06;-0,06;0,0;0,0;0,0;0,0;0,0;0,0;0,0;0,0;-0,03;-0,03;0,0;0,0;-0,07;-0,07;0,0;0,0;-0,03;-0,03;-0,05;-0,05;0,0;0,0;-0,05;-0,05;-0,02;-0,02;-0,04;-0,04;-0,01;-0,01;-0,19;-0,19;0,0;0,0;-0,25;-0,25;-0,01;-0,01;-0,04;-0,04
19.07.2026;21:30;21:45;0,0;0,0;-0,21;-0,21;-0,1;-0,1;0,0;0,0;-0,04;-0,04;0,0;0,0;-0,03;-0,03;-0,18;-0,18;0,0;0,0;0,0;0,0;0,0;0,0;0,0;0,0;-0,02;-0,02;0,0;0,0;-0,1;-0,1;0,0;0,0;-0,02;-0,02;-0,06;-0,06;-0,01;-0,01;-0,05;-0,05;0,0;0,0;-0,02;-0,02;-0,01;-0,01;-0,06;-0,06;-0,01;-0,01;-0,02;-0,02;0,0;0,0;-0,04;-0,04
19.07.2026;21:45;22:00;0,0;0,0;-0,22;-0,22;-0,05;-0,05;0,0;0,0;-0,03;-0,03;0,0;0,0;-0,04;-0,04;-0,1;-0,1;0,0;0,0;0,0;0,0;0,0;0,0;0,0;0,0;-0,01;-0,01;-0,01;-0,01;-0,09;-0,09;0,0;0,0;-0,03;-0,03;-0,04;-0,04;0,0;0,0;-0,05;-0,05;-0,01;-0,01;-0,04;-0,04;0,0;0,0;-0,11;-0,11;0,0;0,0;-0,03;-0,03;-0,01;-0,01;-0,04;-0,04
19.07.2026;22:00;22:15;0,0;0,0;-0,19;-0,19;-0,14;-0,14;0,0;0,0;-0,04;-0,04;0,0;0,0;-0,05;-0,05;-0,37;-0,37;0,0;0,0;0,0;0,0;-0,01;-0,01;0,0;0,0;-0,01;-0,01;0,0;0,0;-0,09;-0,09;0,0;0,0;-0,03;-0,03;-0,06;-0,06;0,0;0,0;-0,01;-0,01;-0,01;-0,01;-0,01;-0,01;-0,05;-0,05;-0,05;-0,05;0,0;0,0;-0,04;-0,04;0,0;0,0;-0,03;-0,03
19.07.2026;22:15;22:30;0,0;0,0;-0,19;-0,19;-0,17;-0,17;0,0;0,0;-0,05;-0,05;-0,01;-0,01;-0,04;-0,04;-0,32;-0,32;0,0;0,0;0,0;0,0;0,0;0,0;0,0;0,0;-0,02;-0,02;0,0;0,0;-0,09;-0,09;0,0;0,0;-0,03;-0,03;-0,06;-0,06;-0,01;-0,01;0,0;0,0;-0,01;-0,01;-0,02;-0,02;-0,25;-0,25;-0,03;-0,03;0,0;0,0;-0,06;-0,06;0,0;0,0;-0,03;-0,03
19.07.2026;22:30;22:45;0,0;0,0;-0,18;-0,18;-0,33;-0,33;0,0;0,0;-0,04;-0,04;0,0;0,0;-0,04;-0,04;-0,25;-0,25;0,0;0,0;0,0;0,0;0,0;0,0;0,0;0,0;-0,01;-0,01;0,0;0,0;-0,08;-0,08;0,0;0,0;-0,18;-0,18;-0,06;-0,06;0,0;0,0;-0,01;-0,01;-0,01;-0,01;-0,02;-0,02;-0,03;-0,03;-0,06;-0,06;0,0;0,0;-0,04;-0,04;-0,01;-0,01;-0,03;-0,03
19.07.2026;22:45;23:00;0,0;0,0;-0,2;-0,2;-0,17;-0,17;0,0;0,0;-0,04;-0,04;0,0;0,0;-0,04;-0,04;-0,07;-0,07;0,0;0,0;0,0;0,0;0,0;0,0;0,0;0,0;-0,01;-0,01;0,0;0,0;-0,08;-0,08;-0,01;-0,01;-0,33;-0,33;-0,06;-0,06;0,0;0,0;-0,02;-0,02;-0,01;-0,01;-0,02;-0,02;-0,02;-0,02;-0,04;-0,04;0,0;0,0;-0,04;-0,04;-0,01;-0,01;-0,02;-0,02
19.07.2026;23:00;23:15;0,0;0,0;-0,17;-0,17;-0,06;-0,06;0,0;0,0;-0,04;-0,04;0,0;0,0;-0,04;-0,04;-0,16;-0,16;-0,01;-0,01;0,0;0,0;0,0;0,0;0,0;0,0;0,0;0,0;0,0;0,0;-0,1;-0,1;0,0;0,0;-0,33;-0,33;-0,06;-0,06;0,0;0,0;-0,01;-0,01;-0,01;-0,01;-0,02;-0,02;-0,01;-0,01;-0,04;-0,04;0,0;0,0;-0,02;-0,02;0,0;0,0;-0,03;-0,03
19.07.2026;23:15;23:30;0,0;0,0;-0,17;-0,17;-0,05;-0,05;0,0;0,0;-0,03;-0,03;0,0;0,0;-0,04;-0,04;-0,19;-0,19;0,0;0,0;-0,01;-0,01;0,0;0,0;0,0;0,0;-0,01;-0,01;0,0;0,0;-0,08;-0,08;0,0;0,0;-0,21;-0,21;-0,05;-0,05;-0,01;-0,01;-0,01;-0,01;-0,01;-0,01;-0,02;-0,02;-0,02;-0,02;-0,02;-0,02;0,0;0,0;-0,03;-0,03;0,0;0,0;-0,02;-0,02
19.07.2026;23:30;23:45;0,0;0,0;-0,18;-0,18;-0,04;-0,04;0,0;0,0;-0,05;-0,05;0,0;0,0;-0,03;-0,03;-0,17;-0,17;0,0;0,0;0,0;0,0;0,0;0,0;0,0;0,0;-0,01;-0,01;0,0;0,0;-0,06;-0,06;0,0;0,0;-0,24;-0,24;-0,04;-0,04;0,0;0,0;0,0;0,0;0,0;0,0;-0,02;-0,02;-0,03;-0,03;-0,01;-0,01;-0,01;-0,01;-0,02;-0,02;-0,01;-0,01;-0,02;-0,02
19.07.2026;23:45;00:00;0,0;0,0;-0,17;-0,17;-0,03;-0,03;0,0;0,0;-0,04;-0,04;0,0;0,0;-0,03;-0,03;-0,16;-0,16;0,0;0,0;0,0;0,0;0,0;0,0;0,0;0,0;-0,02;-0,02;-0,01;-0,01;-0,07;-0,07;0,0;0,0;-0,08;-0,08;-0,05;-0,05;0,0;0,0;-0,01;-0,01;-0,01;-0,01;-0,01;-0,01;-0,02;-0,02;-0,01;-0,01;0,0;0,0;-0,03;-0,03;0,0;0,0;-0,02;-0,02
20.07.2026;00:00;00:15;0,0;0,0;-0,18;-0,18;-0,3;-0,3;0,0;0,0;-0,04;-0,04;0,0;0,0;-0,04;-0,04;-0,14;-0,14;0,0;0,0;0,0;0,0;0,0;0,0;0,0;0,0;-0,01;-0,01;0,0;0,0;-0,06;-0,06;0,0;0,0;-0,03;-0,03;-0,05;-0,05;-0,01;-0,01;-0,01;-0,01;-0,01;-0,01;-0,01;-0,01;-0,01;-0,01;-0,02;-0,02;0,0;0,0;-0,02;-0,02;-0,01;-0,01;-0,01;-0,01
20.07.2026;00:15;00:30;0,0;0,0;-0,19;-0,19;-0,23;-0,23;-0,01;-0,01;-0,04;-0,04;-0,01;-0,01;-0,05;-0,05;-0,09;-0,09;0,0;0,0;0,0;0,0;0,0;0,0;0,0;0,0;0,0;0,0;0,0;0,0;-0,08;-0,08;0,0;0,0;-0,03;-0,03;-0,05;-0,05;0,0;0,0;-0,01;-0,01;-0,01;-0,01;-0,01;-0,01;-0,08;-0,08;-0,01;-0,01;0,0;0,0;-0,02;-0,02;0,0;0,0;-0,02;-0,02
20.07.2026;00:30;00:45;0,0;0,0;-0,16;-0,16;-0,03;-0,03;0,0;0,0;-0,03;-0,03;0,0;0,0;-0,05;-0,05;-0,05;-0,05;0,0;0,0;0,0;0,0;-0,01;-0,01;0,0;0,0;-0,01;-0,01;0,0;0,0;-0,11;-0,11;0,0;0,0;-0,02;-0,02;-0,06;-0,06;0,0;0,0;-0,02;-0,02;-0,01;-0,01;-0,02;-0,02;-0,05;-0,05;-0,02;-0,02;0,0;0,0;-0,02;-0,02;0,0;0,0;-0,02;-0,02
20.07.2026;00:45;01:00;0,0;0,0;-0,2;-0,2;-0,02;-0,02;0,0;0,0;-0,04;-0,04;0,0;0,0;-0,05;-0,05;-0,03;-0,03;0,0;0,0;0,0;0,0;0,0;0,0;0,0;0,0;-0,01;-0,01;0,0;0,0;-0,12;-0,12;0,0;0,0;-0,02;-0,02;-0,07;-0,07;0,0;0,0;-0,01;-0,01;-0,01;-0,01;-0,02;-0,02;-0,01;-0,01;-0,02;-0,02;0,0;0,0;-0,03;-0,03;-0,01;-0,01;-0,02;-0,02
20.07.2026;01:00;01:15;0,0;0,0;-0,19;-0,19;-0,03;-0,03;0,0;0,0;-0,05;-0,05;0,0;0,0;-0,05;-0,05;-0,02;-0,02;0,0;0,0;0,0;0,0;0,0;0,0;0,0;0,0;-0,02;-0,02;0,0;0,0;-0,13;-0,13;0,0;0,0;-0,03;-0,03;-0,05;-0,05;-0,01;-0,01;0,0;0,0;0,0;0,0;-0,01;-0,01;-0,01;-0,01;-0,01;-0,01;0,0;0,0;0,0;0,0;0,0;0,0;-0,02;-0,02
20.07.2026;01:15;01:30;0,0;0,0;-0,18;-0,18;-0,03;-0,03;0,0;0,0;-0,04;-0,04;0,0;0,0;-0,45;-0,45;-0,02;-0,02;0,0;0,0;0,0;0,0;0,0;0,0;-0,01;-0,01;0,0;0,0;0,0;0,0;-0,14;-0,14;-0,01;-0,01;-0,02;-0,02;-0,06;-0,06;0,0;0,0;0,0;0,0;-0,02;-0,02;-0,02;-0,02;-0,02;-0,02;-0,02;-0,02;0,0;0,0;-0,02;-0,02;0,0;0,0;-0,02;-0,02
20.07.2026;01:30;01:45;0,0;0,0;-0,18;-0,18;-0,06;-0,06;0,0;0,0;-0,02;-0,02;0,0;0,0;-0,09;-0,09;-0,03;-0,03;-0,01;-0,01;0,0;0,0;0,0;0,0;0,0;0,0;-0,01;-0,01;0,0;0,0;-0,13;-0,13;0,0;0,0;-0,02;-0,02;-0,04;-0,04;0,0;0,0;-0,02;-0,02;0,0;0,0;-0,01;-0,01;-0,01;-0,01;-0,01;-0,01;-0,01;-0,01;0,0;0,0;-0,01;-0,01;-0,02;-0,02
20.07.2026;01:45;02:00;0,0;0,0;-0,17;-0,17;-0,04;-0,04;0,0;0,0;-0,03;-0,03;0,0;0,0;-0,24;-0,24;-0,02;-0,02;0,0;0,0;0,0;0,0;0,0;0,0;0,0;0,0;0,0;0,0;-0,01;-0,01;-0,06;-0,06;0,0;0,0;-0,02;-0,02;-0,02;-0,02;0,0;0,0;0,0;0,0;-0,01;-0,01;-0,01;-0,01;0,0;0,0;-0,03;-0,03;0,0;0,0;-0,02;-0,02;-0,01;-0,01;-0,01;-0,01
20.07.2026;02:00;02:15;0,0;0,0;-0,17;-0,17;-0,03;-0,03;0,0;0,0;-0,04;-0,04;0,0;0,0;-0,02;-0,02;-0,02;-0,02;0,0;0,0;0,0;0,0;0,0;0,0;0,0;0,0;-0,02;-0,02;0,0;0,0;-0,02;-0,02;0,0;0,0;-0,01;-0,01;-0,02;-0,02;-0,01;-0,01;-0,01;-0,01;-0,01;-0,01;-0,01;-0,01;-0,01;-0,01;-0,04;-0,04;0,0;0,0;0,0;0,0;0,0;0,0;-0,02;-0,02
20.07.2026;02:15;02:30;0,0;0,0;-0,17;-0,17;-0,02;-0,02;0,0;0,0;-0,02;-0,02;-0,01;-0,01;-0,02;-0,02;-0,02;-0,02;0,0;0,0;0,0;0,0;0,0;0,0;0,0;0,0;-0,01;-0,01;0,0;0,0;-0,01;-0,01;0,0;0,0;-0,01;-0,01;-0,03;-0,03;0,0;0,0;-0,01;-0,01;-0,01;-0,01;0,0;0,0;-0,01;-0,01;-0,02;-0,02;0,0;0,0;-0,02;-0,02;0,0;0,0;-0,02;-0,02
20.07.2026;02:30;02:45;0,0;0,0;-0,17;-0,17;-0,03;-0,03;0,0;0,0;-0,02;-0,02;0,0;0,0;-0,01;-0,01;-0,02;-0,02;0,0;0,0;0,0;0,0;0,0;0,0;0,0;0,0;-0,01;-0,01;0,0;0,0;-0,01;-0,01;0,0;0,0;-0,01;-0,01;-0,03;-0,03;0,0;0,0;-0,02;-0,02;-0,01;-0,01;-0,02;-0,02;-0,01;-0,01;-0,02;-0,02;0,0;0,0;-0,01;-0,01;-0,01;-0,01;-0,02;-0,02
20.07.2026;02:45;03:00;0,0;0,0;-0,17;-0,17;-0,03;-0,03;0,0;0,0;-0,02;-0,02;0,0;0,0;-0,02;-0,02;-0,02;-0,02;0,0;0,0;0,0;0,0;0,0;0,0;0,0;0,0;0,0;0,0;0,0;0,0;-0,02;-0,02;0,0;0,0;-0,02;-0,02;-0,02;-0,02;-0,01;-0,01;-0,01;-0,01;-0,01;-0,01;0,0;0,0;-0,01;-0,01;-0,01;-0,01;0,0;0,0;-0,01;-0,01;0,0;0,0;-0,03;-0,03
20.07.2026;03:00;03:15;0,0;0,0;-0,17;-0,17;-0,02;-0,02;0,0;0,0;-0,02;-0,02;0,0;0,0;-0,01;-0,01;-0,03;-0,03;0,0;0,0;0,0;0,0;-0,01;-0,01;0,0;0,0;-0,01;-0,01;0,0;0,0;-0,01;-0,01;0,0;0,0;-0,02;-0,02;-0,04;-0,04;0,0;0,0;0,0;0,0;0,0;0,0;-0,02;-0,02;-0,01;-0,01;-0,02;-0,02;0,0;0,0;-0,01;-0,01;-0,01;-0,01;-0,01;-0,01
20.07.2026;03:15;03:30;0,0;0,0;-0,17;-0,17;-0,02;-0,02;0,0;0,0;-0,01;-0,01;0,0;0,0;-0,01;-0,01;-0,01;-0,01;0,0;0,0;0,0;0,0;0,0;0,0;0,0;0,0;-0,01;-0,01;0,0;0,0;-0,01;-0,01;0,0;0,0;-0,02;-0,02;-0,03;-0,03;0,0;0,0;-0,01;-0,01;-0,02;-0,02;-0,01;-0,01;-0,01;-0,01;-0,02;-0,02;0,0;0,0;-0,02;-0,02;0,0;0,0;-0,01;-0,01
20.07.2026;03:30;03:45;0,0;0,0;-0,17;-0,17;-0,01;-0,01;-0,01;-0,01;-0,01;-0,01;0,0;0,0;-0,01;-0,01;-0,01;-0,01;0,0;0,0;0,0;0,0;0,0;0,0;0,0;0,0;-0,02;-0,02;0,0;0,0;-0,02;-0,02;0,0;0,0;-0,02;-0,02;-0,03;-0,03;0,0;0,0;-0,01;-0,01;0,0;0,0;-0,01;-0,01;0,0;0,0;-0,02;-0,02;-0,01;-0,01;0,0;0,0;0,0;0,0;-0,02;-0,02
20.07.2026;03:45;04:00;0,0;0,0;-0,17;-0,17;-0,03;-0,03;0,0;0,0;-0,01;-0,01;0,0;0,0;-0,02;-0,02;-0,02;-0,02;0,0;0,0;0,0;0,0;0,0;0,0;0,0;0,0;-0,01;-0,01;-0,01;-0,01;-0,01;-0,01;-0,01;-0,01;-0,03;-0,03;-0,04;-0,04;-0,01;-0,01;-0,01;-0,01;-0,01;-0,01;-0,02;-0,02;-0,01;-0,01;-0,02;-0,02;0,0;0,0;-0,01;-0,01;-0,01;-0,01;-0,02;-0,02
20.07.2026;04:00;04:15;0,0;0,0;-0,16;-0,16;-0,02;-0,02;0,0;0,0;-0,01;-0,01;0,0;0,0;-0,01;-0,01;-0,02;-0,02;-0,01;-0,01;0,0;0,0;0,0;0,0;0,0;0,0;0,0;0,0;0,0;0,0;-0,01;-0,01;0,0;0,0;-0,01;-0,01;-0,03;-0,03;0,0;0,0;-0,01;-0,01;-0,02;-0,02;0,0;0,0;-0,02;-0,02;-0,01;-0,01;0,0;0,0;-0,01;-0,01;0,0;0,0;-0,02;-0,02
20.07.2026;04:15;04:30;0,0;0,0;-0,17;-0,17;-0,02;-0,02;0,0;0,0;-0,02;-0,02;-0,01;-0,01;-0,01;-0,01;-0,02;-0,02;0,0;0,0;-0,01;-0,01;0,0;0,0;0,0;0,0;0,0;0,0;0,0;0,0;-0,01;-0,01;0,0;0,0;-0,01;-0,01;-0,01;-0,01;0,0;0,0;-0,01;-0,01;0,0;0,0;-0,01;-0,01;0,0;0,0;-0,01;-0,01;0,0;0,0;-0,01;-0,01;-0,01;-0,01;-0,03;-0,03
20.07.2026;04:30;04:45;0,0;0,0;-0,22;-0,22;-0,02;-0,02;0,0;0,0;-0,01;-0,01;0,0;0,0;-0,01;-0,01;-0,02;-0,02;0,0;0,0;0,0;0,0;0,0;0,0;0,0;0,0;-0,02;-0,02;0,0;0,0;-0,01;-0,01;0,0;0,0;-0,02;-0,02;-0,02;-0,02;0,0;0,0;-0,01;-0,01;-0,01;-0,01;-0,02;-0,02;-0,01;-0,01;-0,02;-0,02;0,0;0,0;-0,01;-0,01;0,0;0,0;-0,01;-0,01
20.07.2026;04:45;05:00;0,0;0,0;-0,17;-0,17;-0,02;-0,02;0,0;0,0;-0,01;-0,01;0,0;0,0;-0,01;-0,01;-0,01;-0,01;0,0;0,0;0,0;0,0;0,0;0,0;0,0;0,0;-0,02;-0,02;0,0;0,0;-0,02;-0,02;0,0;0,0;-0,01;-0,01;-0,01;-0,01;-0,01;-0,01;-0,01;-0,01;-0,01;-0,01;-0,01;-0,01;-0,01;-0,01;-0,02;-0,02;0,0;0,0;-0,01;-0,01;-0,01;-0,01;-0,01;-0,01
20.07.2026;05:00;05:15;0,0;0,0;-0,16;-0,16;-0,02;-0,02;0,0;0,0;0,0;0,0;0,0;0,0;-0,01;-0,01;-0,02;-0,02;0,0;0,0;0,0;0,0;0,0;0,0;0,0;0,0;0,0;0,0;0,0;0,0;0,0;0,0;0,0;0,0;-0,01;-0,01;-0,01;-0,01;0,0;0,0;0,0;0,0;0,0;0,0;-0,01;-0,01;-0,01;-0,01;-0,01;-0,01;0,0;0,0;-0,01;-0,01;0,0;0,0;-0,02;-0,02
20.07.2026;05:15;05:30;0,0;0,0;-0,18;-0,18;-0,02;-0,02;0,0;0,0;-0,02;-0,02;0,0;0,0;-0,01;-0,01;-0,02;-0,02;0,0;0,0;0,0;0,0;0,0;0,0;0,0;0,0;-0,01;-0,01;0,0;0,0;-0,03;-0,03;0,0;0,0;-0,03;-0,03;-0,02;-0,02;0,0;0,0;-0,01;-0,01;-0,02;-0,02;-0,01;-0,01;0,0;0,0;-0,02;-0,02;0,0;0,0;-0,01;-0,01;0,0;0,0;-0,02;-0,02
20.07.2026;05:30;05:45;0,0;0,0;-0,23;-0,23;-0,02;-0,02;0,0;0,0;-0,01;-0,01;0,0;0,0;-0,01;-0,01;-0,02;-0,02;0,0;0,0;0,0;0,0;-0,01;-0,01;0,0;0,0;0,0;0,0;0,0;0,0;-0,03;-0,03;0,0;0,0;-0,02;-0,02;-0,02;-0,02;-0,01;-0,01;-0,02;-0,02;0,0;0,0;-0,01;-0,01;-0,02;-0,02;-0,01;-0,01;-0,01;-0,01;-0,01;-0,01;-0,01;-0,01;-0,02;-0,02
20.07.2026;05:45;06:00;0,0;0,0;-0,35;-0,35;-0,02;-0,02;0,0;0,0;-0,02;-0,02;0,0;0,0;-0,01;-0,01;-0,02;-0,02;0,0;0,0;0,0;0,0;0,0;0,0;0,0;0,0;-0,01;-0,01;-0,01;-0,01;-0,03;-0,03;0,0;0,0;-0,02;-0,02;-0,02;-0,02;0,0;0,0;-0,01;-0,01;-0,01;-0,01;-0,01;-0,01;0,0;0,0;-0,02;-0,02;0,0;0,0;-0,01;-0,01;0,0;0,0;-0,03;-0,03
20.07.2026;06:00;06:15;0,0;0,0;-0,46;-0,46;-0,02;-0,02;0,0;0,0;0,0;0,0;0,0;0,0;-0,01;-0,01;-0,02;-0,02;0,0;0,0;0,0;0,0;0,0;0,0;0,0;0,0;-0,02;-0,02;0,0;0,0;-0,03;-0,03;0,0;0,0;-0,2;-0,2;-0,03;-0,03;0,0;0,0;-0,01;-0,01;-0,02;-0,02;-0,01;-0,01;-0,01;-0,01;-0,01;-0,01;0,0;0,0;-0,01;-0,01;-0,01;-0,01;-0,01;-0,01
20.07.2026;06:15;06:30;0,1;0,1;-0,33;-0,33;-0,12;-0,12;0,0;0,0;-0,01;-0,01;-0,01;-0,01;-0,01;-0,01;-0,02;-0,02;0,0;0,0;0,0;0,0;0,0;0,0;-0,01;-0,01;-0,01;-0,01;0,0;0,0;-0,03;-0,03;-0,01;-0,01;-0,03;-0,03;-0,02;-0,02;0,0;0,0;-0,01;-0,01;0,0;0,0;-0,01;-0,01;-0,01;-0,01;-0,02;-0,02;0,0;0,0;-0,01;-0,01;0,0;0,0;-0,01;-0,01
20.07.2026;06:30;06:45;0,13;0,11;-0,19;-0,17;-0,02;-0,02;0,0;0,0;-0,01;-0,01;0,0;0,0;-0,01;-0,01;-0,02;-0,02;-0,01;-0,01;0,0;0,0;0,0;0,0;0,0;0,0;0,0;0,0;0,0;0,0;-0,03;-0,03;0,0;0,0;-0,01;-0,01;-0,11;-0,11;-0,01;-0,01;-0,02;-0,02;-0,01;-0,01;-0,01;-0,01;-0,01;-0,01;-0,01;-0,01;0,0;0,0;0,0;0,0;0,0;0,0;-0,02;-0,02
20.07.2026;06:45;07:00;0,19;0,14;-0,19;-0,14;-0,03;-0,03;0,0;0,0;-0,01;-0,01;0,0;0,0;0,0;0,0;-0,02;-0,02;0,0;0,0;0,0;0,0;0,0;0,0;0,0;0,0;-0,01;-0,01;0,0;0,0;-0,04;-0,04;0,0;0,0;0,0;0,0;-0,02;-0,02;0,0;0,0;0,0;0,0;-0,01;-0,01;-0,01;-0,01;0,0;0,0;-0,02;-0,02;0,0;0,0;-0,02;-0,02;-0,01;-0,01;-0,02;-0,02
20.07.2026;07:00;07:15;0,39;0,19;-0,25;-0,17;-0,17;-0,16;-0,01;0,0;-0,02;-0,01;0,0;0,0;-0,02;-0,01;-0,01;0,0;0,0;0,0;0,0;0,0;0,0;0,0;0,0;0,0;-0,07;-0,06;0,0;0,0;-0,03;-0,02;0,0;0,0;0,0;0,0;-0,07;-0,06;0,0;0,0;0,0;0,0;0,0;0,0;-0,01;0,0;-0,01;0,0;-0,01;0,0;0,0;0,0;0,0;0,0;0,0;0,0;-0,03;-0,02
20.07.2026;07:15;07:30;0,52;0,2;-0,26;-0,15;-0,03;-0,01;0,0;0,0;-0,01;0,0;0,0;0,0;0,0;0,0;-0,01;0,0;0,0;0,0;0,0;0,0;0,0;0,0;0,0;0,0;-0,27;-0,25;0,0;0,0;-0,04;-0,02;0,0;0,0;-0,01;0,0;-0,01;0,0;0,0;0,0;-0,01;0,0;-0,02;0,0;-0,02;0,0;-0,01;0,0;-0,02;0,0;0,0;0,0;-0,01;0,0;0,0;0,0;-0,04;-0,02
20.07.2026;07:30;07:45;0,62;0,21;-0,25;-0,13;-0,02;0,0;0,0;0,0;0,0;0,0;0,0;0,0;-0,02;0,0;-0,02;0,0;0,0;0,0;0,0;0,0;0,0;0,0;0,0;0,0;-0,19;-0,16;0,0;0,0;-0,04;-0,01;0,0;0,0;-0,01;0,0;-0,02;0,0;-0,01;0,0;-0,03;0,0;0,0;0,0;0,0;0,0;-0,03;0,0;-0,01;0,0;-0,01;0,0;-0,01;0,0;-0,01;0,0;-0,04;-0,01
20.07.2026;07:45;08:00;0,56;0,18;-0,19;-0,08;-0,02;0,0;0,0;0,0;-0,01;0,0;0,0;0,0;-0,01;0,0;-0,02;0,0;0,0;0,0;0,0;0,0;0,0;0,0;0,0;0,0;-0,08;-0,06;-0,01;0,0;-0,02;0,0;0,0;0,0;-0,02;0,0;-0,02;0,0;0,0;0,0;-0,02;0,0;-0,02;0,0;-0,01;0,0;-0,01;0,0;-0,02;0,0;0,0;0,0;-0,01;0,0;-0,01;0,0;-0,03;-0,01
20.07.2026;08:00;08:15;0,84;0,27;-0,19;0,0;-0,04;0,0;0,0;0,0;-0,12;-0,06;0,0;0,0;0,0;0,0;-0,02;0,0;0,0;0,0;0,0;0,0;-0,01;0,0;0,0;0,0;-0,04;0,0;0,0;0,0;-0,04;0,0;0,0;0,0;-0,01;0,0;-0,02;0,0;0,0;0,0;-0,03;0,0;-0,01;0,0;-0,02;0,0;-0,01;0,0;-0,04;0,0;0,0;0,0;-0,01;0,0;0,0;0,0;-0,02;0,0
20.07.2026;08:15;08:30;1,08;0,44;-0,2;0,0;-0,05;0,0;0,0;0,0;-0,05;0,0;-0,01;0,0;-0,02;0,0;-0,02;0,0;0,0;0,0;0,0;0,0;0,0;0,0;0,0;0,0;-0,03;0,0;0,0;0,0;-0,03;0,0;0,0;0,0;-0,01;0,0;-0,03;0,0;0,0;0,0;-0,04;0,0;0,0;0,0;-0,01;0,0;-0,01;0,0;-0,19;-0,11;0,0;0,0;-0,01;0,0;0,0;0,0;-0,04;0,0
20.07.2026;08:30;08:45;0,77;0,24;-0,22;-0,05;-0,05;0,0;0,0;0,0;-0,05;0,0;0,0;0,0;0,0;0,0;-0,02;0,0;0,0;0,0;0,0;0,0;0,0;0,0;0,0;0,0;-0,02;0,0;0,0;0,0;-0,03;0,0;0,0;0,0;-0,01;0,0;-0,02;0,0;-0,01;0,0;0,0;0,0;-0,01;0,0;-0,02;0,0;-0,01;0,0;-0,1;-0,05;0,0;0,0;-0,01;0,0;-0,01;0,0;-0,04;0,0
20.07.2026;08:45;09:00;1,03;0,45;-0,2;0,0;-0,04;0,0;0,0;0,0;-0,05;0,0;0,0;0,0;-0,01;0,0;-0,02;0,0;0,0;0,0;0,0;0,0;0,0;0,0;0,0;0,0;-0,02;0,0;0,0;0,0;-0,03;0,0;-0,01;0,0;0,0;0,0;-0,03;0,0;0,0;0,0;-0,01;0,0;-0,01;0,0;-0,01;0,0;-0,01;0,0;-0,15;-0,07;0,0;0,0;0,0;0,0;-0,01;0,0;-0,04;0,0
20.07.2026;09:00;09:15;1,21;0,54;-0,19;0,0;-0,05;0,0;0,0;0,0;-0,04;0,0;0,0;0,0;-0,02;0,0;-0,02;0,0;-0,01;0,0;0,0;0,0;0,0;0,0;0,0;0,0;-0,04;0,0;0,0;0,0;-0,03;0,0;0,0;0,0;-0,01;0,0;-0,03;0,0;0,0;0,0;0,0;0,0;-0,01;0,0;-0,04;0,0;-0,01;0,0;-0,39;-0,29;0,0;0,0;-0,03;0,0;0,0;0,0;-0,04;0,0
20.07.2026;09:15;09:30;1,26;0,47;-0,27;0,0;-0,05;0,0;0,0;0,0;-0,13;-0,03;0,0;0,0;0,0;0,0;-0,01;0,0;0,0;0,0;-0,01;0,0;0,0;0,0;0,0;0,0;-0,03;0,0;0,0;0,0;-0,03;0,0;0,0;0,0;0,0;0,0;-0,01;0,0;-0,01;0,0;-0,02;0,0;-0,01;0,0;-0,16;-0,06;-0,01;0,0;-0,11;-0,01;0,0;0,0;0,0;0,0;0,0;0,0;-0,03;0,0
20.07.2026;09:30;09:45;0,9;0,25;-0,3;-0,11;-0,05;0,0;0,0;0,0;-0,05;0,0;0,0;0,0;-0,01;0,0;-0,02;0,0;0,0;0,0;0,0;0,0;0,0;0,0;0,0;0,0;-0,03;0,0;0,0;0,0;-0,03;0,0;0,0;0,0;-0,01;0,0;-0,02;0,0;0,0;0,0;0,0;0,0;0,0;0,0;-0,46;-0,39;-0,04;0,0;-0,09;-0,02;-0,01;0,0;-0,02;0,0;-0,01;0,0;-0,02;0,0
20.07.2026;09:45;10:00;0,1;0,1;-0,19;-0,19;-0,04;-0,04;0,0;0,0;-0,05;-0,05;0,0;0,0;-0,01;-0,01;-0,02;-0,02;0,0;0,0;0,0;0,0;0,0;0,0;0,0;0,0;-0,02;-0,02;0,0;0,0;-0,03;-0,03;0,0;0,0;-0,01;-0,01;-0,03;-0,03;0,0;0,0;-0,01;-0,01;-0,02;-0,02;-0,17;-0,17;-0,05;-0,05;-0,16;-0,16;0,0;0,0;0,0;0,0;0,0;0,0;-0,02;-0,02
20.07.2026;10:00;10:15;0,0;0,0;-0,22;-0,22;-0,03;-0,03;0,0;0,0;-0,02;-0,02;0,0;0,0;-0,01;-0,01;-0,02;-0,02;0,0;0,0;0,0;0,0;0,0;0,0;0,0;0,0;-0,04;-0,04;-0,01;-0,01;-0,03;-0,03;0,0;0,0;-0,02;-0,02;-0,02;-0,02;0,0;0,0;-0,09;-0,09;-0,01;-0,01;-0,06;-0,06;-0,01;-0,01;-0,21;-0,21;0,0;0,0;-0,01;-0,01;-0,01;-0,01;-0,02;-0,02
20.07.2026;10:15;10:30;0,72;0,22;-0,19;-0,04;-0,03;0,0;-0,01;0,0;-0,02;0,0;-0,01;0,0;-0,01;0,0;-0,02;0,0;0,0;0,0;0,0;0,0;0,0;0,0;0,0;0,0;-0,03;0,0;0,0;0,0;-0,03;0,0;0,0;0,0;-0,01;0,0;-0,07;-0,04;-0,01;0,0;-0,14;-0,11;0,0;0,0;-0,07;-0,04;-0,01;0,0;-0,22;-0,19;0,0;0,0;-0,01;0,0;0,0;0,0;-0,03;0,0
20.07.2026;10:30;10:45;1,86;1,16;-0,2;0,0;-0,01;0,0;0,0;0,0;0,0;0,0;0,0;0,0;-0,01;0,0;-0,02;0,0;0,0;0,0;0,0;0,0;-0,01;0,0;0,0;0,0;-0,03;0,0;0,0;0,0;-0,03;0,0;0,0;0,0;-0,01;0,0;-0,03;0,0;0,0;0,0;-0,03;0,0;-0,02;0,0;-0,05;0,0;-0,01;0,0;-0,2;0,0;0,0;0,0;-0,01;0,0;-0,01;0,0;-0,02;0,0
20.07.2026;10:45;11:00;1,97;1,42;-0,19;0,0;-0,02;0,0;0,0;0,0;-0,01;0,0;0,0;0,0;-0,01;0,0;0,0;0,0;0,0;0,0;0,0;0,0;0,0;0,0;0,0;0,0;-0,02;0,0;0,0;0,0;-0,03;0,0;0,0;0,0;-0,01;0,0;-0,04;0,0;0,0;0,0;-0,01;0,0;0,0;0,0;-0,05;0,0;0,0;0,0;-0,14;0,0;0,0;0,0;-0,01;0,0;0,0;0,0;-0,01;0,0
20.07.2026;11:00;11:15;1,97;1,31;-0,24;0,0;-0,03;0,0;0,0;0,0;-0,01;0,0;0,0;0,0;-0,06;0,0;-0,02;0,0;-0,01;0,0;0,0;0,0;0,0;0,0;0,0;0,0;-0,02;0,0;0,0;0,0;-0,03;0,0;0,0;0,0;0,0;0,0;-0,04;0,0;-0,01;0,0;0,0;0,0;-0,01;0,0;-0,09;0,0;-0,01;0,0;-0,06;0,0;0,0;0,0;-0,01;0,0;0,0;0,0;-0,01;0,0
20.07.2026;11:15;11:30;2,04;1,24;-0,2;0,0;-0,01;0,0;0,0;0,0;-0,02;0,0;0,0;0,0;-0,01;0,0;-0,06;0,0;0,0;0,0;0,0;0,0;0,0;0,0;-0,01;0,0;-0,02;0,0;0,0;0,0;-0,03;0,0;-0,01;0,0;0,0;0,0;-0,05;0,0;0,0;0,0;-0,01;0,0;-0,01;0,0;-0,49;-0,25;-0,01;0,0;-0,04;0,0;0,0;0,0;-0,01;0,0;-0,01;0,0;-0,05;0,0
20.07.2026;11:30;11:45;1,84;1,06;-0,17;0,0;-0,03;0,0;0,0;0,0;-0,01;0,0;0,0;0,0;-0,08;0,0;-0,08;0,0;0,0;0,0;0,0;0,0;0,0;0,0;0,0;0,0;-0,01;0,0;0,0;0,0;-0,03;0,0;0,0;0,0;0,0;0,0;-0,04;0,0;0,0;0,0;-0,01;0,0;-0,01;0,0;-1,19;-0,99;-0,01;0,0;-0,02;0,0;-0,01;0,0;-0,01;0,0;0,0;0,0;-0,06;0,0
20.07.2026;11:45;12:00;1,58;0,82;-0,18;0,0;-0,01;0,0;0,0;0,0;-0,01;0,0;0,0;0,0;-0,1;0,0;-0,09;0,0;0,0;0,0;0,0;0,0;0,0;0,0;0,0;0,0;0,0;0,0;0,0;0,0;-0,03;0,0;0,0;0,0;-0,02;0,0;-0,04;0,0;0,0;0,0;-0,01;0,0;-0,01;0,0;-0,9;-0,74;-0,01;0,0;-0,03;0,0;0,0;0,0;0,0;0,0;-0,01;0,0;-0,05;0,0
20.07.2026;12:00;12:15;1,45;0,65;-0,16;0,0;-0,03;0,0;0,0;0,0;0,0;0,0;0,0;0,0;-0,06;0,0;-0,08;0,0;-0,01;0,0;0,0;0,0;0,0;0,0;0,0;0,0;-0,01;0,0;-0,01;0,0;-0,03;0,0;0,0;0,0;-0,01;0,0;-0,04;0,0;-0,01;0,0;-0,01;0,0;-0,01;0,0;-0,64;-0,5;-0,01;0,0;-0,11;0,0;0,0;0,0;-0,02;0,0;0,0;0,0;-0,05;0,0
20.07.2026;12:15;12:30;2,13;1,16;-0,19;0,0;-0,02;0,0;0,0;0,0;-0,02;0,0;-0,01;0,0;-0,22;0,0;-0,08;0,0;0,0;0,0;0,0;0,0;0,0;0,0;0,0;0,0;-0,01;0,0;0,0;0,0;-0,03;0,0;0,0;0,0;-0,02;0,0;-0,03;0,0;0,0;0,0;-0,01;0,0;0,0;0,0;-0,36;-0,12;0,0;0,0;-0,04;0,0;0,0;0,0;0,0;0,0;-0,01;0,0;-0,04;0,0
20.07.2026;12:30;12:45;1,45;0,59;-0,22;0,0;-0,05;0,0;0,0;0,0;-0,01;0,0;0,0;0,0;-0,1;0,0;-0,09;0,0;0,0;0,0;0,0;0,0;0,0;0,0;0,0;0,0;-0,04;0,0;0,0;0,0;-0,03;0,0;0,0;0,0;-0,01;0,0;-0,03;0,0;0,0;0,0;-0,01;0,0;-0,02;0,0;-0,16;-0,02;-0,01;0,0;-0,05;0,0;0,0;0,0;-0,01;0,0;0,0;0,0;-0,04;0,0
20.07.2026;12:45;13:00;0,97;0,26;-0,2;0,0;-0,02;0,0;0,0;0,0;-0,02;0,0;0,0;0,0;-0,09;-0,02;-0,09;-0,02;0,0;0,0;0,0;0,0;0,0;0,0;0,0;0,0;-0,16;-0,09;0,0;0,0;-0,04;0,0;0,0;0,0;-0,01;0,0;-0,03;0,0;0,0;0,0;0,0;0,0;-0,01;0,0;-0,06;0,0;-0,01;0,0;-0,05;0,0;0,0;0,0;-0,01;0,0;-0,01;0,0;-0,03;0,0
20.07.2026;13:00;13:15;2,27;1,23;-0,28;0,0;-0,09;0,0;0,0;0,0;-0,01;0,0;0,0;0,0;-0,1;0,0;-0,08;0,0;-0,01;0,0;0,0;0,0;-0,01;0,0;0,0;0,0;-0,02;0,0;0,0;0,0;-0,02;0,0;0,0;0,0;0,0;0,0;-0,06;0,0;-0,01;0,0;-0,01;0,0;0,0;0,0;-0,26;-0,02;-0,01;0,0;-0,03;0,0;0,0;0,0;-0,01;0,0;0,0;0,0;-0,05;0,0
20.07.2026;13:15;13:30;1,59;0,81;-0,22;0,0;-0,03;0,0;0,0;0,0;0,0;0,0;0,0;0,0;-0,1;0,0;-0,16;0,0;-0,01;0,0;0,0;0,0;0,0;0,0;0,0;0,0;-0,01;0,0;0,0;0,0;-0,03;0,0;0,0;0,0;-0,01;0,0;-0,03;0,0;0,0;0,0;-0,01;0,0;-0,02;0,0;-0,05;0,0;-0,01;0,0;-0,04;0,0;0,0;0,0;-0,01;0,0;0,0;0,0;-0,04;0,0
20.07.2026;13:30;13:45;1,38;0,63;-0,22;0,0;-0,02;0,0;-0,01;0,0;-0,01;0,0;0,0;0,0;-0,07;0,0;-0,44;-0,31;0,0;0,0;0,0;0,0;0,0;0,0;0,0;0,0;-0,02;0,0;0,0;0,0;-0,03;0,0;0,0;0,0;0,0;0,0;-0,05;0,0;0,0;0,0;-0,01;0,0;0,0;0,0;-0,08;0,0;-0,01;0,0;-0,03;0,0;-0,01;0,0;-0,01;0,0;-0,01;0,0;-0,03;0,0
20.07.2026;13:45;14:00;1,73;0,93;-0,21;0,0;-0,02;0,0;0,0;0,0;-0,02;0,0;0,0;0,0;-0,02;0,0;-0,41;-0,22;0,0;0,0;0,0;0,0;0,0;0,0;0,0;0,0;-0,02;0,0;0,0;0,0;-0,03;0,0;-0,01;0,0;0,0;0,0;-0,04;0,0;-0,01;0,0;0,0;0,0;-0,01;0,0;-0,12;0,0;-0,01;0,0;-0,04;0,0;0,0;0,0;-0,01;0,0;-0,01;0,0;-0,03;0,0
20.07.2026;14:00;14:15;0,45;0,2;-0,27;-0,17;-0,03;-0,02;0,0;0,0;-0,01;0,0;0,0;0,0;-0,03;-0,02;-0,33;-0,32;0,0;0,0;0,0;0,0;0,0;0,0;0,0;0,0;-0,01;0,0;-0,01;0,0;-0,04;-0,03;0,0;0,0;-0,02;-0,01;-0,04;-0,03;0,0;0,0;-0,01;0,0;-0,02;-0,01;-0,17;-0,16;0,0;0,0;-0,04;-0,03;0,0;0,0;-0,01;0,0;0,0;0,0;-0,02;-0,01
20.07.2026;14:15;14:30;0,0;0,0;-0,26;-0,26;-0,01;-0,01;0,0;0,0;-0,01;-0,01;-0,01;-0,01;-0,03;-0,03;-0,12;-0,12;0,0;0,0;-0,01;-0,01;0,0;0,0;0,0;0,0;-0,04;-0,04;0,0;0,0;-0,02;-0,02;0,0;0,0;-0,01;-0,01;-0,04;-0,04;0,0;0,0;-0,01;-0,01;0,0;0,0;-0,17;-0,17;-0,01;-0,01;-0,04;-0,04;0,0;0,0;-0,02;-0,02;0,0;0,0;-0,01;-0,01
20.07.2026;14:30;14:45;0,45;0,19;-0,2;-0,1;-0,02;-0,01;0,0;0,0;-0,01;0,0;0,0;0,0;-0,03;-0,02;-0,11;-0,1;0,0;0,0;0,0;0,0;0,0;0,0;0,0;0,0;-0,03;-0,02;0,0;0,0;-0,04;-0,03;0,0;0,0;-0,02;-0,01;-0,04;-0,03;0,0;0,0;-0,01;0,0;-0,01;0,0;-0,15;-0,14;-0,01;0,0;-0,04;-0,03;0,0;0,0;-0,02;-0,01;-0,01;0,0;-0,02;-0,01
20.07.2026;14:45;15:00;1,69;0,8;-0,26;0,0;-0,03;0,0;0,0;0,0;-0,01;0,0;0,0;0,0;-0,04;0,0;-0,13;0,0;0,0;0,0;0,0;0,0;0,0;0,0;0,0;0,0;-0,04;0,0;0,0;0,0;-0,03;0,0;0,0;0,0;-0,01;0,0;-0,04;0,0;-0,01;0,0;-0,01;0,0;-0,01;0,0;-0,44;-0,28;-0,01;0,0;-0,04;0,0;0,0;0,0;-0,03;0,0;-0,01;0,0;-0,02;0,0
20.07.2026;15:00;15:15;1,91;1,16;-0,22;0,0;-0,02;0,0;0,0;0,0;-0,01;0,0;0,0;0,0;-0,04;0,0;-0,18;0,0;-0,02;0,0;0,0;0,0;0,0;0,0;0,0;0,0;-0,04;0,0;0,0;0,0;-0,03;0,0;0,0;0,0;-0,01;0,0;-0,03;0,0;0,0;0,0;-0,02;0,0;-0,01;0,0;-0,05;0,0;-0,01;0,0;-0,03;0,0;0,0;0,0;-0,01;0,0;0,0;0,0;-0,02;0,0
20.07.2026;15:15;15:30;0,54;0,19;-0,23;-0,13;-0,01;0,0;0,0;0,0;-0,02;0,0;0,0;0,0;-0,02;0,0;-0,4;-0,38;-0,01;0,0;0,0;0,0;0,0;0,0;0,0;0,0;-0,02;0,0;0,0;0,0;-0,04;-0,02;0,0;0,0;0,0;0,0;-0,01;0,0;0,0;0,0;-0,04;-0,02;-0,01;0,0;-0,03;-0,01;-0,01;0,0;-0,04;-0,02;0,0;0,0;-0,03;-0,01;0,0;0,0;-0,04;-0,02
20.07.2026;15:30;15:45;1,35;0,6;-0,22;0,0;-0,02;0,0;0,0;0,0;-0,01;0,0;0,0;0,0;-0,03;0,0;-0,1;0,0;0,0;0,0;0,0;0,0;-0,01;0,0;0,0;0,0;-0,02;0,0;0,0;0,0;-0,03;0,0;0,0;0,0;-0,01;0,0;-0,02;0,0;0,0;0,0;-0,02;0,0;-0,01;0,0;-0,15;-0,02;0,0;0,0;-0,03;0,0;-0,01;0,0;-0,01;0,0;-0,01;0,0;-0,06;0,0
20.07.2026;15:45;16:00;1,54;0,81;-0,19;0,0;-0,03;0,0;0,0;0,0;0,0;0,0;0,0;0,0;-0,04;0,0;-0,11;0,0;0,0;0,0;0,0;0,0;0,0;0,0;0,0;0,0;-0,03;0,0;0,0;0,0;-0,04;0,0;0,0;0,0;0,0;0,0;-0,01;0,0;-0,01;0,0;-0,01;0,0;-0,01;0,0;-0,2;-0,05;-0,01;0,0;-0,03;0,0;0,0;0,0;-0,01;0,0;0,0;0,0;-0,05;0,0
20.07.2026;16:00;16:15;1,6;0,99;-0,2;0,0;-0,02;0,0;0,0;0,0;-0,01;0,0;0,0;0,0;-0,03;0,0;-0,08;0,0;0,0;0,0;0,0;0,0;0,0;0,0;0,0;0,0;-0,03;0,0;-0,01;0,0;-0,04;0,0;0,0;0,0;0,0;0,0;-0,02;0,0;0,0;0,0;-0,01;0,0;-0,01;0,0;-0,05;0,0;-0,01;0,0;-0,02;0,0;0,0;0,0;-0,01;0,0;-0,01;0,0;-0,05;0,0
20.07.2026;16:15;16:30;0,73;0,22;-0,21;-0,06;-0,02;0,0;0,0;0,0;-0,02;0,0;-0,01;0,0;-0,03;0,0;-0,09;-0,06;0,0;0,0;0,0;0,0;0,0;0,0;-0,01;0,0;-0,03;0,0;0,0;0,0;-0,05;-0,02;-0,01;0,0;-0,02;0,0;-0,02;0,0;0,0;0,0;-0,03;0,0;0,0;0,0;-0,25;-0,22;-0,01;0,0;-0,02;0,0;0,0;0,0;-0,01;0,0;0,0;0,0;-0,04;-0,01
20.07.2026;16:30;16:45;0,92;0,27;-0,22;-0,02;-0,01;0,0;0,0;0,0;-0,01;0,0;0,0;0,0;-0,09;-0,02;-0,13;-0,06;0,0;0,0;0,0;0,0;0,0;0,0;0,0;0,0;-0,02;0,0;0,0;0,0;-0,04;0,0;0,0;0,0;-0,01;0,0;-0,03;0,0;-0,01;0,0;-0,01;0,0;-0,02;0,0;-0,05;0,0;-0,01;0,0;-0,01;0,0;0,0;0,0;-0,01;0,0;-0,01;0,0;-0,06;0,0
20.07.2026;16:45;17:00;0,47;0,2;-0,35;-0,24;-0,02;-0,01;0,0;0,0;-0,01;0,0;0,0;0,0;-0,1;-0,09;-0,15;-0,14;-0,01;0,0;0,0;0,0;0,0;0,0;0,0;0,0;-0,01;0,0;0,0;0,0;-0,03;-0,02;0,0;0,0;-0,02;-0,01;-0,02;-0,01;0,0;0,0;-0,06;-0,05;-0,01;0,0;-0,03;-0,02;-0,01;0,0;-0,02;-0,01;0,0;0,0;-0,01;0,0;0,0;0,0;-0,06;-0,05
20.07.2026;17:00;17:15;0,46;0,2;-0,26;-0,15;-0,03;-0,02;-0,01;0,0;-0,05;-0,04;0,0;0,0;-0,1;-0,09;-0,14;-0,13;0,0;0,0;0,0;0,0;0,0;0,0;0,0;0,0;-0,02;-0,01;0,0;0,0;-0,02;-0,01;0,0;0,0;-0,01;0,0;-0,03;-0,02;0,0;0,0;-0,15;-0,14;0,0;0,0;-0,05;-0,04;-0,01;0,0;-0,09;-0,08;0,0;0,0;-0,03;-0,02;0,0;0,0;-0,05;-0,04
20.07.2026;17:15;17:30;0,54;0,17;-0,2;-0,1;-0,02;0,0;0,0;0,0;-0,03;-0,01;0,0;0,0;-0,05;-0,03;-0,12;-0,1;0,0;0,0;0,0;0,0;0,0;0,0;0,0;0,0;-0,01;0,0;0,0;0,0;-0,04;-0,02;0,0;0,0;-0,01;0,0;-0,02;0,0;0,0;0,0;-0,17;-0,15;-0,02;0,0;-0,2;-0,18;0,0;0,0;-0,04;-0,02;0,0;0,0;-0,16;-0,14;-0,01;0,0;-0,06;-0,04
20.07.2026;17:30;17:45;0,59;0,15;-0,23;-0,13;-0,01;0,0;0,0;0,0;-0,04;-0,01;0,0;0,0;-0,02;0,0;-0,12;-0,09;0,0;0,0;0,0;0,0;0,0;0,0;0,0;0,0;0,0;0,0;0,0;0,0;-0,04;-0,01;0,0;0,0;-0,01;0,0;-0,06;-0,03;-0,01;0,0;-0,05;-0,02;0,0;0,0;-0,19;-0,16;-0,01;0,0;-0,06;-0,03;-0,01;0,0;-0,03;0,0;0,0;0,0;-0,05;-0,02
20.07.2026;17:45;18:00;0,28;0,2;-0,3;-0,22;-0,06;-0,06;0,0;0,0;-0,04;-0,04;0,0;0,0;-0,01;-0,01;-0,14;-0,14;0,0;0,0;0,0;0,0;0,0;0,0;0,0;0,0;-0,01;-0,01;0,0;0,0;-0,03;-0,03;0,0;0,0;0,0;0,0;-0,08;-0,08;0,0;0,0;-0,03;-0,03;-0,01;-0,01;-0,17;-0,17;-0,01;-0,01;-0,1;-0,1;0,0;0,0;-0,01;-0,01;-0,01;-0,01;-0,04;-0,04
20.07.2026;18:00;18:15;0,0;0,0;-0,3;-0,3;-0,03;-0,03;0,0;0,0;-0,04;-0,04;0,0;0,0;0,0;0,0;-0,11;-0,11;0,0;0,0;0,0;0,0;-0,01;-0,01;0,0;0,0;-0,05;-0,05;-0,01;-0,01;-0,03;-0,03;0,0;0,0;0,0;0,0;-0,04;-0,04;0,0;0,0;-0,04;-0,04;-0,01;-0,01;-0,08;-0,08;-0,01;-0,01;-0,09;-0,09;0,0;0,0;-0,01;-0,01;0,0;0,0;-0,05;-0,05
20.07.2026;18:15;18:30;0,0;0,0;-0,2;-0,2;-0,03;-0,03;0,0;0,0;-0,03;-0,03;-0,01;-0,01;-0,01;-0,01;-0,12;-0,12;0,0;0,0;0,0;0,0;0,0;0,0;0,0;0,0;-0,13;-0,13;0,0;0,0;-0,03;-0,03;0,0;0,0;0,0;0,0;-0,04;-0,04;0,0;0,0;-0,02;-0,02;-0,01;-0,01;-0,04;-0,04;-0,01;-0,01;-0,09;-0,09;0,0;0,0;0,0;0,0;0,0;0,0;-0,06;-0,06
20.07.2026;18:30;18:45;0,24;0,18;-0,22;-0,16;-0,04;-0,04;0,0;0,0;-0,03;-0,03;0,0;0,0;-0,01;-0,01;-0,07;-0,07;0,0;0,0;0,0;0,0;0,0;0,0;0,0;0,0;-0,03;-0,03;0,0;0,0;-0,03;-0,03;0,0;0,0;-0,06;-0,06;-0,03;-0,03;-0,01;-0,01;-0,02;-0,02;-0,01;-0,01;-0,03;-0,03;-0,01;-0,01;-0,06;-0,06;0,0;0,0;-0,02;-0,02;-0,01;-0,01;-0,06;-0,06
20.07.2026;18:45;19:00;0,31;0,11;-0,19;-0,14;-0,03;-0,02;0,0;0,0;-0,04;-0,03;0,0;0,0;-0,01;0,0;-0,02;-0,01;0,0;0,0;0,0;0,0;0,0;0,0;0,0;0,0;-0,12;-0,11;0,0;0,0;-0,03;-0,02;-0,01;0,0;-0,15;-0,14;-0,02;-0,01;0,0;0,0;-0,03;-0,02;-0,01;0,0;-0,02;-0,01;-0,01;0,0;-0,05;-0,04;0,0;0,0;0,0;0,0;0,0;0,0;-0,06;-0,05
20.07.2026;19:00;19:15;0,26;0,19;-0,3;-0,23;-0,06;-0,06;0,0;0,0;-0,03;-0,03;0,0;0,0;-0,01;-0,01;-0,02;-0,02;0,0;0,0;0,0;0,0;0,0;0,0;0,0;0,0;-0,09;-0,09;0,0;0,0;-0,03;-0,03;0,0;0,0;-0,02;-0,02;-0,02;-0,02;0,0;0,0;-0,02;-0,02;-0,01;-0,01;-0,03;-0,03;0,0;0,0;-0,07;-0,07;0,0;0,0;-0,02;-0,02;-0,01;-0,01;-0,05;-0,05
20.07.2026;19:15;19:30;0,19;0,14;-0,19;-0,14;-0,06;-0,06;0,0;0,0;-0,09;-0,09;0,0;0,0;-0,01;-0,01;-0,03;-0,03;-0,01;-0,01;-0,01;-0,01;0,0;0,0;0,0;0,0;-0,02;-0,02;0,0;0,0;-0,03;-0,03;0,0;0,0;-0,01;-0,01;-0,02;-0,02;-0,01;-0,01;-0,01;-0,01;-0,01;-0,01;-0,01;-0,01;-0,01;-0,01;-0,37;-0,37;0,0;0,0;0,0;0,0;0,0;0,0;-0,05;-0,05
20.07.2026;19:30;19:45;0,19;0,14;-0,2;-0,15;-0,04;-0,04;0,0;0,0;-0,04;-0,04;0,0;0,0;0,0;0,0;-0,02;-0,02;0,0;0,0;0,0;0,0;0,0;0,0;0,0;0,0;-0,01;-0,01;0,0;0,0;-0,03;-0,03;0,0;0,0;-0,01;-0,01;-0,04;-0,04;0,0;0,0;-0,01;-0,01;0,0;0,0;-0,02;-0,02;-0,01;-0,01;-0,14;-0,14;-0,01;-0,01;-0,02;-0,02;-0,01;-0,01;-0,28;-0,28
20.07.2026;19:45;20:00;0,05;0,05;-0,21;-0,21;-0,04;-0,04;0,0;0,0;-0,07;-0,07;0,0;0,0;-0,01;-0,01;-0,2;-0,2;0,0;0,0;0,0;0,0;0,0;0,0;0,0;0,0;-0,01;-0,01;0,0;0,0;-0,03;-0,03;0,0;0,0;-0,01;-0,01;-0,06;-0,06;0,0;0,0;-0,04;-0,04;-0,02;-0,02;-0,02;-0,02;-0,01;-0,01;-0,09;-0,09;0,0;0,0;0,0;0,0;0,0;0,0;-0,42;-0,42
20.07.2026;20:00;20:15;0,07;0,07;-0,25;-0,25;-0,05;-0,05;0,0;0,0;-0,04;-0,04;0,0;0,0;-0,01;-0,01;-0,18;-0,18;0,0;0,0;0,0;0,0;0,0;0,0;0,0;0,0;-0,01;-0,01;-0,01;-0,01;-0,03;-0,03;0,0;0,0;-0,01;-0,01;-0,07;-0,07;0,0;0,0;-0,04;-0,04;-0,01;-0,01;-0,17;-0,17;-0,01;-0,01;-0,08;-0,08;0,0;0,0;-0,02;-0,02;0,0;0,0;-0,19;-0,19
20.07.2026;20:15;20:30;0,05;0,05;-0,22;-0,22;-0,06;-0,06;-0,01;-0,01;-0,04;-0,04;-0,01;-0,01;-0,02;-0,02;-0,07;-0,07;0,0;0,0;0,0;0,0;0,0;0,0;0,0;0,0;-0,1;-0,1;0,0;0,0;-0,03;-0,03;0,0;0,0;-0,01;-0,01;-0,05;-0,05;-0,01;-0,01;-0,29;-0,29;0,0;0,0;-0,67;-0,67;-0,01;-0,01;-0,08;-0,08;0,0;0,0;0,0;0,0;-0,01;-0,01;-0,04;-0,04
20.07.2026;20:30;20:45;0,02;0,02;-0,2;-0,2;-0,05;-0,05;0,0;0,0;-0,04;-0,04;0,0;0,0;-0,03;-0,03;-0,03;-0,03;0,0;0,0;0,0;0,0;-0,01;-0,01;0,0;0,0;-0,3;-0,3;0,0;0,0;-0,02;-0,02;0,0;0,0;0,0;0,0;-0,06;-0,06;0,0;0,0;-0,32;-0,32;-0,01;-0,01;-0,17;-0,17;-0,01;-0,01;-0,09;-0,09;0,0;0,0;-0,02;-0,02;-0,01;-0,01;-0,04;-0,04
20.07.2026;20:45;21:00;0,0;0,0;-0,22;-0,22;-0,04;-0,04;0,0;0,0;-0,03;-0,03;0,0;0,0;-0,04;-0,04;-0,04;-0,04;0,0;0,0;0,0;0,0;0,0;0,0;0,0;0,0;-0,11;-0,11;0,0;0,0;-0,03;-0,03;0,0;0,0;-0,01;-0,01;-0,05;-0,05;0,0;0,0;-0,43;-0,43;-0,01;-0,01;-0,04;-0,04;-0,01;-0,01;-0,07;-0,07;0,0;0,0;0,0;0,0;0,0;0,0;-0,03;-0,03
20.07.2026;21:00;21:15;0,01;0,01;-0,21;-0,21;-0,1;-0,1;0,0;0,0;-0,03;-0,03;0,0;0,0;-0,03;-0,03;-0,04;-0,04;0,0;0,0;0,0;0,0;0,0;0,0;0,0;0,0;-0,03;-0,03;0,0;0,0;-0,02;-0,02;0,0;0,0;-0,02;-0,02;-0,05;-0,05;0,0;0,0;-0,44;-0,44;-0,01;-0,01;-0,2;-0,2;-0,01;-0,01;-0,11;-0,11;0,0;0,0;-0,02;-0,02;0,0;0,0;-0,03;-0,03
20.07.2026;21:15;21:30;0,0;0,0;-0,29;-0,29;-0,06;-0,06;0,0;0,0;-0,03;-0,03;0,0;0,0;-0,03;-0,03;-0,05;-0,05;0,0;0,0;0,0;0,0;0,0;0,0;-0,01;-0,01;-0,02;-0,02;0,0;0,0;-0,02;-0,02;-0,01;-0,01;-0,01;-0,01;-0,04;-0,04;-0,01;-0,01;-0,17;-0,17;-0,01;-0,01;-0,26;-0,26;-0,01;-0,01;-0,02;-0,02;0,0;0,0;0,0;0,0;0,0;0,0;-0,03;-0,03
20.07.2026;21:30;21:45;0,0;0,0;-0,2;-0,2;-0,05;-0,05;0,0;0,0;-0,04;-0,04;0,0;0,0;-0,02;-0,02;-0,04;-0,04;0,0;0,0;0,0;0,0;0,0;0,0;0,0;0,0;-0,03;-0,03;0,0;0,0;-0,02;-0,02;0,0;0,0;-0,02;-0,02;-0,04;-0,04;0,0;0,0;-0,5;-0,5;-0,01;-0,01;-0,1;-0,1;0,0;0,0;-0,02;-0,02;-0,01;-0,01;-0,02;-0,02;-0,01;-0,01;-0,04;-0,04
20.07.2026;21:45;22:00;0,0;0,0;-0,21;-0,21;-0,04;-0,04;0,0;0,0;-0,04;-0,04;0,0;0,0;-0,04;-0,04;-0,03;-0,03;-0,01;-0,01;0,0;0,0;0,0;0,0;0,0;0,0;-0,03;-0,03;0,0;0,0;-0,01;-0,01;0,0;0,0;-0,01;-0,01;-0,05;-0,05;0,0;0,0;-0,2;-0,2;-0,01;-0,01;-0,29;-0,29;-0,01;-0,01;-0,02;-0,02;0,0;0,0;0,0;0,0;0,0;0,0;-0,04;-0,04
20.07.2026;22:00;22:15;0,0;0,0;-0,2;-0,2;-0,04;-0,04;0,0;0,0;-0,03;-0,03;0,0;0,0;-0,04;-0,04;0,0;0,0;0,0;0,0;0,0;0,0;0,0;0,0;0,0;0,0;-0,01;-0,01;-0,01;-0,01;-0,02;-0,02;0,0;0,0;-0,01;-0,01;-0,04;-0,04;0,0;0,0;-0,38;-0,38;-0,01;-0,01;-0,09;-0,09;-0,01;-0,01;-0,02;-0,02;0,0;0,0;-0,02;-0,02;-0,01;-0,01;-0,04;-0,04
20.07.2026;22:15;22:30;0,0;0,0;-0,22;-0,22;-0,05;-0,05;0,0;0,0;-0,03;-0,03;-0,01;-0,01;-0,06;-0,06;-0,02;-0,02;0,0;0,0;0,0;0,0;0,0;0,0;0,0;0,0;0,0;0,0;0,0;0,0;-0,01;-0,01;0,0;0,0;0,0;0,0;-0,05;-0,05;-0,01;-0,01;-0,1;-0,1;0,0;0,0;-0,08;-0,08;-0,01;-0,01;-0,02;-0,02;0,0;0,0;0,0;0,0;0,0;0,0;-0,03;-0,03
20.07.2026;22:30;22:45;0,0;0,0;-0,21;-0,21;-0,06;-0,06;0,0;0,0;-0,01;-0,01;0,0;0,0;-0,09;-0,09;-0,02;-0,02;0,0;0,0;0,0;0,0;0,0;0,0;0,0;0,0;-0,02;-0,02;0,0;0,0;-0,02;-0,02;0,0;0,0;0,0;0,0;-0,06;-0,06;0,0;0,0;0,0;0,0;-0,02;-0,02;-0,08;-0,08;-0,01;-0,01;-0,01;-0,01;0,0;0,0;-0,01;-0,01;-0,01;-0,01;-0,01;-0,01
20.07.2026;22:45;23:00;0,0;0,0;-0,18;-0,18;-0,04;-0,04;0,0;0,0;-0,01;-0,01;0,0;0,0;-0,08;-0,08;-0,02;-0,02;0,0;0,0;0,0;0,0;0,0;0,0;0,0;0,0;-0,01;-0,01;0,0;0,0;-0,02;-0,02;0,0;0,0;-0,01;-0,01;-0,05;-0,05;0,0;0,0;-0,02;-0,02;0,0;0,0;-0,08;-0,08;-0,01;-0,01;-0,02;-0,02;0,0;0,0;-0,01;-0,01;0,0;0,0;-0,01;-0,01
20.07.2026;23:00;23:15;0,0;0,0;-0,4;-0,4;-0,05;-0,05;0,0;0,0;-0,01;-0,01;0,0;0,0;-0,04;-0,04;-0,03;-0,03;0,0;0,0;0,0;0,0;-0,01;-0,01;0,0;0,0;-0,02;-0,02;0,0;0,0;-0,01;-0,01;0,0;0,0;-0,01;-0,01;-0,04;-0,04;0,0;0,0;0,0;0,0;-0,01;-0,01;-0,09;-0,09;-0,01;-0,01;-0,01;-0,01;0,0;0,0;-0,01;-0,01;0,0;0,0;-0,02;-0,02
20.07.2026;23:15;23:30;0,0;0,0;-0,19;-0,19;-0,03;-0,03;0,0;0,0;-0,01;-0,01;0,0;0,0;-0,04;-0,04;-0,14;-0,14;0,0;0,0;0,0;0,0;0,0;0,0;0,0;0,0;0,0;0,0;0,0;0,0;-0,02;-0,02;0,0;0,0;-0,01;-0,01;-0,05;-0,05;-0,01;-0,01;-0,01;-0,01;-0,02;-0,02;-0,09;-0,09;-0,01;-0,01;-0,02;-0,02;0,0;0,0;-0,01;-0,01;-0,01;-0,01;-0,03;-0,03
20.07.2026;23:30;23:45;0,0;0,0;-0,19;-0,19;-0,03;-0,03;-0,01;-0,01;-0,02;-0,02;0,0;0,0;-0,03;-0,03;-0,05;-0,05;0,0;0,0;0,0;0,0;0,0;0,0;0,0;0,0;-0,01;-0,01;0,0;0,0;-0,03;-0,03;0,0;0,0;-0,02;-0,02;-0,05;-0,05;0,0;0,0;-0,02;-0,02;0,0;0,0;-0,1;-0,1;0,0;0,0;-0,01;-0,01;-0,01;-0,01;-0,01;-0,01;-0,01;-0,01;-0,02;-0,02
20.07.2026;23:45;00:00;0,0;0,0;-0,2;-0,2;-0,03;-0,03;0,0;0,0;-0,01;-0,01;0,0;0,0;-0,02;-0,02;-0,05;-0,05;0,0;0,0;0,0;0,0;0,0;0,0;0,0;0,0;-0,01;-0,01;0,0;0,0;-0,03;-0,03;-0,01;-0,01;-0,01;-0,01;-0,04;-0,04;0,0;0,0;-0,01;-0,01;-0,01;-0,01;-0,09;-0,09;-0,01;-0,01;-0,02;-0,02;0,0;0,0;-0,01;-0,01;0,0;0,0;-0,03;-0,03
21.07.2026;00:00;00:15;0,0;0,0;-0,18;-0,18;-0,02;-0,02;0,0;0,0;-0,01;-0,01;0,0;0,0;-0,02;-0,02;-0,04;-0,04;0,0;0,0;0,0;0,0;0,0;0,0;0,0;0,0;-0,02;-0,02;-0,01;-0,01;-0,03;-0,03;0,0;0,0;-0,01;-0,01;-0,02;-0,02;-0,01;-0,01;-0,01;-0,01;-0,01;-0,01;-0,07;-0,07;-0,02;-0,02;-0,01;-0,01;0,0;0,0;-0,01;-0,01;0,0;0,0;-0,01;-0,01
21.07.2026;00:15;00:30;0,0;0,0;-0,18;-0,18;-0,02;-0,02;0,0;0,0;-0,01;-0,01;-0,01;-0,01;-0,02;-0,02;-0,05;-0,05;-0,01;-0,01;-0,01;-0,01;0,0;0,0;0,0;0,0;-0,01;-0,01;0,0;0,0;-0,03;-0,03;0,0;0,0;-0,01;-0,01;-0,02;-0,02;0,0;0,0;0,0;0,0;0,0;0,0;-0,01;-0,01;0,0;0,0;-0,02;-0,02;0,0;0,0;-0,01;-0,01;-0,01;-0,01;-0,01;-0,01
21.07.2026;00:30;00:45;0,0;0,0;-0,18;-0,18;-0,02;-0,02;0,0;0,0;-0,01;-0,01;0,0;0,0;-0,01;-0,01;-0,06;-0,06;0,0;0,0;0,0;0,0;0,0;0,0;0,0;0,0;0,0;0,0;0,0;0,0;-0,12;-0,12;0,0;0,0;0,0;0,0;-0,01;-0,01;0,0;0,0;-0,01;-0,01;-0,02;-0,02;-0,02;-0,02;-0,01;-0,01;-0,01;-0,01;0,0;0,0;-0,01;-0,01;0,0;0,0;-0,02;-0,02
21.07.2026;00:45;01:00;0,0;0,0;-0,17;-0,17;-0,03;-0,03;0,0;0,0;-0,01;-0,01;0,0;0,0;-0,01;-0,01;-0,04;-0,04;0,0;0,0;0,0;0,0;0,0;0,0;0,0;0,0;-0,01;-0,01;0,0;0,0;-0,07;-0,07;0,0;0,0;0,0;0,0;-0,02;-0,02;0,0;0,0;-0,01;-0,01;-0,01;-0,01;-0,02;-0,02;-0,01;-0,01;-0,02;-0,02;0,0;0,0;-0,01;-0,01;0,0;0,0;-0,02;-0,02
21.07.2026;01:00;01:15;0,0;0,0;-0,18;-0,18;-0,02;-0,02;0,0;0,0;-0,02;-0,02;0,0;0,0;-0,01;-0,01;-0,05;-0,05;0,0;0,0;0,0;0,0;0,0;0,0;0,0;0,0;-0,02;-0,02;0,0;0,0;-0,06;-0,06;0,0;0,0;-0,01;-0,01;-0,01;-0,01;-0,01;-0,01;-0,01;-0,01;0,0;0,0;-0,01;-0,01;-0,01;-0,01;-0,02;-0,02;0,0;0,0;0,0;0,0;-0,01;-0,01;-0,03;-0,03
21.07.2026;01:15;01:30;0,0;0,0;-0,17;-0,17;-0,02;-0,02;0,0;0,0;-0,01;-0,01;0,0;0,0;-0,02;-0,02;-0,05;-0,05;0,0;0,0;0,0;0,0;0,0;0,0;0,0;0,0;-0,01;-0,01;0,0;0,0;-0,06;-0,06;0,0;0,0;-0,01;-0,01;-0,03;-0,03;0,0;0,0;0,0;0,0;-0,02;-0,02;-0,02;-0,02;-0,01;-0,01;-0,01;-0,01;0,0;0,0;-0,02;-0,02;0,0;0,0;-0,02;-0,02
21.07.2026;01:30;01:45;0,0;0,0;-0,17;-0,17;-0,02;-0,02;0,0;0,0;0,0;0,0;0,0;0,0;0,0;0,0;-0,04;-0,04;0,0;0,0;0,0;0,0;-0,01;-0,01;0,0;0,0;-0,01;-0,01;0,0;0,0;-0,07;-0,07;0,0;0,0;-0,01;-0,01;-0,02;-0,02;0,0;0,0;-0,01;-0,01;0,0;0,0;-0,02;-0,02;-0,01;-0,01;-0,02;-0,02;-0,01;-0,01;0,0;0,0;-0,01;-0,01;-0,02;-0,02
21.07.2026;01:45;02:00;0,0;0,0;-0,2;-0,2;-0,05;-0,05;0,0;0,0;-0,01;-0,01;0,0;0,0;-0,01;-0,01;-0,02;-0,02;0,0;0,0;0,0;0,0;0,0;0,0;0,0;0,0;0,0;0,0;0,0;0,0;-0,02;-0,02;0,0;0,0;-0,02;-0,02;-0,03;-0,03;-0,01;-0,01;-0,02;-0,02;-0,01;-0,01;-0,01;-0,01;-0,01;-0,01;-0,01;-0,01;0,0;0,0;-0,02;-0,02;0,0;0,0;-0,01;-0,01
21.07.2026;02:00;02:15;0,0;0,0;-0,18;-0,18;-0,06;-0,06;0,0;0,0;-0,01;-0,01;0,0;0,0;-0,01;-0,01;-0,02;-0,02;0,0;0,0;0,0;0,0;0,0;0,0;0,0;0,0;-0,01;-0,01;-0,01;-0,01;-0,02;-0,02;0,0;0,0;-0,01;-0,01;-0,02;-0,02;0,0;0,0;-0,01;-0,01;-0,01;-0,01;-0,02;-0,02;0,0;0,0;-0,02;-0,02;0,0;0,0;0,0;0,0;-0,01;-0,01;-0,02;-0,02
21.07.2026;02:15;02:30;0,0;0,0;-0,17;-0,17;-0,02;-0,02;0,0;0,0;-0,02;-0,02;-0,01;-0,01;-0,02;-0,02;-0,02;-0,02;0,0;0,0;0,0;0,0;0,0;0,0;-0,01;-0,01;-0,02;-0,02;0,0;0,0;-0,03;-0,03;-0,01;-0,01;-0,02;-0,02;-0,02;-0,02;0,0;0,0;0,0;0,0;0,0;0,0;-0,02;-0,02;-0,01;-0,01;-0,01;-0,01;0,0;0,0;-0,02;-0,02;0,0;0,0;-0,02;-0,02
21.07.2026;02:30;02:45;0,0;0,0;-0,17;-0,17;-0,02;-0,02;0,0;0,0;-0,01;-0,01;0,0;0,0;-0,01;-0,01;-0,02;-0,02;0,0;0,0;0,0;0,0;0,0;0,0;0,0;0,0;-0,01;-0,01;0,0;0,0;-0,01;-0,01;0,0;0,0;0,0;0,0;-0,02;-0,02;0,0;0,0;-0,01;-0,01;-0,02;-0,02;-0,01;-0,01;-0,01;-0,01;-0,02;-0,02;0,0;0,0;0,0;0,0;-0,01;-0,01;-0,02;-0,02
21.07.2026;02:45;03:00;0,0;0,0;-0,17;-0,17;-0,03;-0,03;0,0;0,0;0,0;0,0;0,0;0,0;0,0;0,0;-0,03;-0,03;-0,01;-0,01;0,0;0,0;0,0;0,0;0,0;0,0;0,0;0,0;0,0;0,0;-0,02;-0,02;0,0;0,0;0,0;0,0;-0,01;-0,01;-0,01;-0,01;-0,01;-0,01;-0,01;-0,01;-0,02;-0,02;-0,01;-0,01;-0,01;-0,01;0,0;0,0;-0,02;-0,02;0,0;0,0;-0,03;-0,03
21.07.2026;03:00;03:15;0,0;0,0;-0,17;-0,17;-0,03;-0,03;-0,01;-0,01;-0,01;-0,01;0,0;0,0;-0,01;-0,01;-0,02;-0,02;0,0;0,0;0,0;0,0;0,0;0,0;0,0;0,0;-0,01;-0,01;0,0;0,0;-0,02;-0,02;0,0;0,0;-0,01;-0,01;-0,01;-0,01;0,0;0,0;-0,01;-0,01;0,0;0,0;-0,01;-0,01;-0,01;-0,01;-0,02;-0,02;0,0;0,0;0,0;0,0;0,0;0,0;-0,01;-0,01
21.07.2026;03:15;03:30;0,0;0,0;-0,17;-0,17;-0,02;-0,02;0,0;0,0;-0,02;-0,02;0,0;0,0;-0,01;-0,01;-0,02;-0,02;0,0;0,0;0,0;0,0;0,0;0,0;0,0;0,0;-0,01;-0,01;0,0;0,0;-0,01;-0,01;0,0;0,0;0,0;0,0;-0,02;-0,02;0,0;0,0;-0,01;-0,01;-0,02;-0,02;-0,01;-0,01;-0,01;-0,01;-0,01;-0,01;0,0;0,0;-0,01;-0,01;-0,01;-0,01;-0,02;-0,02
21.07.2026;03:30;03:45;0,0;0,0;-0,17;-0,17;-0,01;-0,01;0,0;0,0;-0,01;-0,01;0,0;0,0;-0,01;-0,01;-0,02;-0,02;0,0;0,0;0,0;0,0;0,0;0,0;0,0;0,0;-0,02;-0,02;0,0;0,0;-0,02;-0,02;0,0;0,0;-0,01;-0,01;-0,02;-0,02;0,0;0,0;0,0;0,0;0,0;0,0;-0,02;-0,02;-0,01;-0,01;-0,02;-0,02;-0,01;-0,01;-0,01;-0,01;-0,01;-0,01;-0,01;-0,01
21.07.2026;03:45;04:00;0,0;0,0;-0,17;-0,17;-0,02;-0,02;0,0;0,0;-0,01;-0,01;0,0;0,0;-0,01;-0,01;-0,02;-0,02;0,0;0,0;0,0;0,0;0,0;0,0;0,0;0,0;-0,01;-0,01;0,0;0,0;-0,02;-0,02;0,0;0,0;-0,02;-0,02;-0,02;-0,02;-0,01;-0,01;-0,01;-0,01;-0,01;-0,01;-0,01;-0,01;0,0;0,0;-0,01;-0,01;0,0;0,0;-0,01;-0,01;0,0;0,0;-0,03;-0,03
21.07.2026;04:00;04:15;0,0;0,0;-0,17;-0,17;-0,03;-0,03;0,0;0,0;-0,01;-0,01;0,0;0,0;-0,01;-0,01;-0,02;-0,02;0,0;0,0;0,0;0,0;-0,01;-0,01;0,0;0,0;0,0;0,0;-0,01;-0,01;-0,01;-0,01;0,0;0,0;-0,01;-0,01;-0,03;-0,03;0,0;0,0;-0,02;-0,02;-0,01;-0,01;-0,02;-0,02;-0,01;-0,01;-0,02;-0,02;0,0;0,0;-0,01;-0,01;0,0;0,0;-0,02;-0,02
21.07.2026;04:15;04:30;0,0;0,0;-0,17;-0,17;-0,02;-0,02;0,0;0,0;-0,01;-0,01;-0,01;-0,01;-0,01;-0,01;-0,01;-0,01;0,0;0,0;0,0;0,0;0,0;0,0;0,0;0,0;-0,01;-0,01;0,0;0,0;-0,02;-0,02;0,0;0,0;-0,02;-0,02;-0,02;-0,02;0,0;0,0;-0,01;-0,01;0,0;0,0;-0,01;-0,01;-0,01;-0,01;-0,01;-0,01;0,0;0,0;-0,01;-0,01;-0,01;-0,01;-0,02;-0,02
21.07.2026;04:30;04:45;0,0;0,0;-0,17;-0,17;-0,02;-0,02;0,0;0,0;-0,01;-0,01;0,0;0,0;-0,01;-0,01;-0,02;-0,02;0,0;0,0;0,0;0,0;0,0;0,0;0,0;0,0;-0,01;-0,01;0,0;0,0;-0,01;-0,01;0,0;0,0;-0,01;-0,01;-0,03;-0,03;-0,01;-0,01;-0,01;-0,01;-0,02;-0,02;-0,02;-0,02;-0,01;-0,01;-0,02;-0,02;0,0;0,0;-0,01;-0,01;-0,01;-0,01;-0,02;-0,02
21.07.2026;04:45;05:00;0,0;0,0;-0,16;-0,16;-0,01;-0,01;0,0;0,0;-0,02;-0,02;0,0;0,0;-0,01;-0,01;-0,02;-0,02;0,0;0,0;0,0;0,0;0,0;0,0;0,0;0,0;-0,02;-0,02;0,0;0,0;-0,02;-0,02;-0,01;-0,01;0,0;0,0;-0,01;-0,01;0,0;0,0;0,0;0,0;-0,01;-0,01;-0,02;-0,02;-0,01;-0,01;-0,01;-0,01;0,0;0,0;-0,01;-0,01;0,0;0,0;-0,02;-0,02
21.07.2026;05:00;05:15;0,0;0,0;-0,18;-0,18;-0,03;-0,03;0,0;0,0;0,0;0,0;0,0;0,0;-0,01;-0,01;-0,02;-0,02;0,0;0,0;0,0;0,0;0,0;0,0;0,0;0,0;-0,01;-0,01;0,0;0,0;-0,01;-0,01;0,0;0,0;0,0;0,0;-0,01;-0,01;0,0;0,0;-0,01;-0,01;0,0;0,0;-0,01;-0,01;-0,01;-0,01;-0,02;-0,02;0,0;0,0;0,0;0,0;0,0;0,0;-0,01;-0,01
21.07.2026;05:15;05:30;0,0;0,0;-0,16;-0,16;-0,02;-0,02;0,0;0,0;-0,01;-0,01;0,0;0,0;-0,01;-0,01;-0,01;-0,01;-0,01;-0,01;-0,01;-0,01;0,0;0,0;0,0;0,0;0,0;0,0;0,0;0,0;-0,01;-0,01;0,0;0,0;-0,01;-0,01;-0,02;-0,02;0,0;0,0;-0,01;-0,01;-0,02;-0,02;-0,02;-0,02;-0,01;-0,01;-0,01;-0,01;0,0;0,0;-0,01;-0,01;-0,01;-0,01;-0,02;-0,02
21.07.2026;05:30;05:45;0,02;0,02;-0,19;-0,19;-0,11;-0,11;0,0;0,0;-0,02;-0,02;0,0;0,0;-0,01;-0,01;-0,01;-0,01;0,0;0,0;0,0;0,0;0,0;0,0;0,0;0,0;-0,02;-0,02;0,0;0,0;-0,02;-0,02;0,0;0,0;0,0;0,0;-0,02;-0,02;-0,01;-0,01;-0,02;-0,02;0,0;0,0;-0,01;-0,01;-0,03;-0,03;-0,02;-0,02;-0,01;-0,01;-0,01;-0,01;-0,01;-0,01;-0,03;-0,03
21.07.2026;05:45;06:00;0,0;0,0;-0,33;-0,33;-0,02;-0,02;0,0;0,0;-0,01;-0,01;0,0;0,0;-0,01;-0,01;-0,02;-0,02;0,0;0,0;0,0;0,0;0,0;0,0;0,0;0,0;-0,03;-0,03;0,0;0,0;-0,01;-0,01;0,0;0,0;-0,01;-0,01;-0,1;-0,1;0,0;0,0;0,0;0,0;-0,01;-0,01;-0,02;-0,02;-0,03;-0,03;-0,01;-0,01;0,0;0,0;-0,01;-0,01;0,0;0,0;-0,02;-0,02
21.07.2026;06:00;06:15;0,0;0,0;-0,33;-0,33;-0,02;-0,02;0,0;0,0;-0,01;-0,01;0,0;0,0;-0,01;-0,01;-0,02;-0,02;0,0;0,0;0,0;0,0;0,0;0,0;0,0;0,0;-0,22;-0,22;-0,01;-0,01;-0,01;-0,01;0,0;0,0;-0,02;-0,02;-0,03;-0,03;0,0;0,0;-0,01;-0,01;-0,01;-0,01;-0,01;-0,01;-0,01;-0,01;-0,01;-0,01;0,0;0,0;-0,01;-0,01;0,0;0,0;-0,02;-0,02
21.07.2026;06:15;06:30;0,0;0,0;-0,28;-0,28;-0,03;-0,03;-0,01;-0,01;-0,01;-0,01;-0,01;-0,01;-0,01;-0,01;-0,02;-0,02;0,0;0,0;0,0;0,0;0,0;0,0;0,0;0,0;-0,07;-0,07;0,0;0,0;-0,02;-0,02;0,0;0,0;-0,01;-0,01;-0,02;-0,02;0,0;0,0;-0,01;-0,01;0,0;0,0;-0,02;-0,02;-0,01;-0,01;-0,02;-0,02;0,0;0,0;-0,01;-0,01;-0,01;-0,01;-0,02;-0,02
21.07.2026;06:30;06:45;0,14;0,11;-0,19;-0,16;-0,18;-0,18;0,0;0,0;-0,01;-0,01;0,0;0,0;-0,01;-0,01;-0,11;-0,11;0,0;0,0;0,0;0,0;-0,01;-0,01;0,0;0,0;-0,04;-0,04;0,0;0,0;-0,01;-0,01;0,0;0,0;-0,02;-0,02;-0,08;-0,08;-0,01;-0,01;-0,01;-0,01;-0,02;-0,02;-0,02;-0,02;-0,02;-0,02;-0,01;-0,01;0,0;0,0;-0,01;-0,01;0,0;0,0;-0,01;-0,01
21.07.2026;06:45;07:00;0,27;0,19;-0,18;-0,1;-0,03;-0,03;0,0;0,0;-0,01;-0,01;0,0;0,0;-0,01;-0,01;-0,47;-0,47;0,0;0,0;0,0;0,0;0,0;0,0;0,0;0,0;-0,03;-0,03;0,0;0,0;-0,01;-0,01;0,0;0,0;-0,17;-0,17;-0,02;-0,02;0,0;0,0;0,0;0,0;-0,01;-0,01;-0,01;-0,01;-0,01;-0,01;-0,02;-0,02;0,0;0,0;-0,01;-0,01;-0,01;-0,01;-0,02;-0,02
21.07.2026;07:00;07:15;0,39;0,18;-0,2;-0,13;-0,07;-0,06;0,0;0,0;-0,02;-0,01;0,0;0,0;-0,01;0,0;-0,3;-0,29;0,0;0,0;0,0;0,0;0,0;0,0;0,0;0,0;-0,01;0,0;0,0;0,0;-0,02;-0,01;0,0;0,0;-0,07;-0,06;-0,02;-0,01;0,0;0,0;-0,01;0,0;0,0;0,0;-0,02;-0,01;-0,01;0,0;-0,01;0,0;0,0;0,0;-0,01;0,0;0,0;0,0;-0,03;-0,02
21.07.2026;07:15;07:30;0,52;0,18;-0,18;-0,09;-0,05;-0,03;0,0;0,0;0,0;0,0;0,0;0,0;0,0;0,0;-0,14;-0,12;0,0;0,0;0,0;0,0;0,0;0,0;-0,01;0,0;-0,02;0,0;0,0;0,0;-0,02;0,0;-0,01;0,0;-0,02;0,0;-0,14;-0,12;-0,01;0,0;-0,01;0,0;-0,02;0,0;-0,01;0,0;-0,01;0,0;-0,02;0,0;0,0;0,0;0,0;0,0;-0,01;0,0;-0,02;0,0
21.07.2026;07:30;07:45;0,62;0,21;-0,19;-0,06;-0,04;-0,01;0,0;0,0;-0,01;0,0;0,0;0,0;-0,02;0,0;-0,13;-0,1;0,0;0,0;0,0;0,0;0,0;0,0;0,0;0,0;-0,01;0,0;0,0;0,0;-0,03;0,0;0,0;0,0;0,0;0,0;-0,01;0,0;0,0;0,0;-0,02;0,0;0,0;0,0;-0,05;-0,02;-0,01;0,0;-0,04;-0,01;-0,01;0,0;-0,02;0,0;0,0;0,0;-0,02;0,0
21.07.2026;07:45;08:00;0,76;0,26;-0,18;0,0;-0,04;0,0;0,0;0,0;-0,01;0,0;0,0;0,0;0,0;0,0;-0,14;-0,08;-0,01;0,0;0,0;0,0;0,0;0,0;0,0;0,0;0,0;0,0;0,0;0,0;-0,03;0,0;0,0;0,0;-0,01;0,0;-0,02;0,0;0,0;0,0;-0,02;0,0;-0,01;0,0;-0,03;0,0;-0,01;0,0;-0,15;-0,09;0,0;0,0;0,0;0,0;0,0;0,0;-0,01;0,0
21.07.2026;08:00;08:15;0,87;0,34;-0,19;0,0;-0,04;0,0;0,0;0,0;-0,04;0,0;0,0;0,0;-0,01;0,0;-0,14;-0,07;0,0;0,0;0,0;0,0;0,0;0,0;0,0;0,0;-0,01;0,0;-0,01;0,0;-0,02;0,0;0,0;0,0;0,0;0,0;-0,02;0,0;0,0;0,0;-0,03;0,0;-0,01;0,0;-0,02;0,0;0,0;0,0;-0,02;0,0;0,0;0,0;-0,02;0,0;-0,01;0,0;-0,01;0,0
21.07.2026;08:15;08:30;1,02;0,35;-0,2;0,0;-0,05;0,0;0,0;0,0;-0,14;-0,06;-0,01;0,0;-0,01;0,0;-0,15;-0,07;0,0;0,0;0,0;0,0;0,0;0,0;0,0;0,0;-0,01;0,0;0,0;0,0;-0,03;0,0;0,0;0,0;-0,01;0,0;-0,03;0,0;-0,01;0,0;-0,02;0,0;-0,01;0,0;-0,03;0,0;-0,02;0,0;-0,03;0,0;0,0;0,0;0,0;0,0;-0,01;0,0;-0,03;0,0
21.07.2026;08:30;08:45;0,97;0,29;-0,28;-0,06;-0,04;0,0;0,0;0,0;-0,07;0,0;0,0;0,0;-0,01;0,0;-0,16;-0,08;0,0;0,0;0,0;0,0;0,0;0,0;0,0;0,0;-0,02;0,0;0,0;0,0;-0,02;0,0;0,0;0,0;-0,01;0,0;-0,02;0,0;0,0;0,0;-0,03;0,0;-0,01;0,0;-0,02;0,0;-0,01;0,0;-0,4;-0,32;0,0;0,0;-0,02;0,0;0,0;0,0;-0,02;0,0
21.07.2026;08:45;09:00;0,91;0,29;-0,19;0,0;-0,04;0,0;0,0;0,0;-0,07;0,0;0,0;0,0;-0,01;0,0;-0,09;-0,02;0,0;0,0;0,0;0,0;0,0;0,0;0,0;0,0;0,0;0,0;0,0;0,0;-0,02;0,0;0,0;0,0;-0,02;0,0;-0,05;0,0;0,0;0,0;-0,03;0,0;-0,01;0,0;-0,02;0,0;0,0;0,0;-0,11;-0,04;0,0;0,0;0,0;0,0;0,0;0,0;-0,02;0,0
21.07.2026;09:00;09:15;1,3;0,67;-0,2;0,0;-0,06;0,0;0,0;0,0;-0,06;0,0;0,0;0,0;0,0;0,0;-0,01;0,0;0,0;0,0;0,0;0,0;-0,01;0,0;0,0;0,0;0,0;0,0;0,0;0,0;-0,03;0,0;0,0;0,0;-0,01;0,0;-0,08;0,0;0,0;0,0;-0,01;0,0;0,0;0,0;-0,01;0,0;-0,01;0,0;-0,1;0,0;0,0;0,0;-0,01;0,0;-0,01;0,0;-0,02;0,0
21.07.2026;09:15;09:30;1,25;0,62;-0,17;0,0;-0,08;0,0;0,0;0,0;-0,05;0,0;0,0;0,0;-0,01;0,0;-0,02;0,0;0,0;0,0;0,0;0,0;0,0;0,0;0,0;0,0;-0,01;0,0;0,0;0,0;-0,06;0,0;0,0;0,0;-0,02;0,0;-0,02;0,0;-0,01;0,0;-0,01;0,0;-0,02;0,0;-0,02;0,0;-0,01;0,0;-0,1;0,0;0,0;0,0;-0,01;0,0;0,0;0,0;-0,01;0,0
21.07.2026;09:30;09:45;0,23;0,17;-0,18;-0,12;-0,16;-0,16;-0,01;-0,01;-0,06;-0,06;0,0;0,0;-0,01;-0,01;-0,02;-0,02;0,0;0,0;0,0;0,0;0,0;0,0;0,0;0,0;-0,02;-0,02;0,0;0,0;-0,01;-0,01;0,0;0,0;0,0;0,0;-0,01;-0,01;0,0;0,0;-0,02;-0,02;0,0;0,0;-0,01;-0,01;-0,01;-0,01;-0,08;-0,08;-0,01;-0,01;-0,01;-0,01;-0,01;-0,01;-0,02;-0,02
21.07.2026;09:45;10:00;0,11;0,11;-0,19;-0,19;-0,27;-0,27;0,0;0,0;-0,04;-0,04;0,0;0,0;-0,01;-0,01;-0,02;-0,02;0,0;0,0;0,0;0,0;0,0;0,0;0,0;0,0;0,0;0,0;0,0;0,0;-0,02;-0,02;-0,01;-0,01;0,0;0,0;-0,02;-0,02;0,0;0,0;-0,01;-0,01;-0,02;-0,02;-0,02;-0,02;-0,01;-0,01;-0,11;-0,11;0,0;0,0;-0,01;-0,01;0,0;0,0;-0,02;-0,02
21.07.2026;10:00;10:15;0,0;0,0;-0,18;-0,18;-0,2;-0,2;0,0;0,0;-0,03;-0,03;0,0;0,0;0,0;0,0;-0,02;-0,02;0,0;0,0;0,0;0,0;0,0;0,0;0,0;0,0;-0,01;-0,01;0,0;0,0;-0,01;-0,01;0,0;0,0;-0,01;-0,01;-0,02;-0,02;0,0;0,0;0,0;0,0;-0,01;-0,01;-0,08;-0,08;-0,01;-0,01;-0,14;-0,14;0,0;0,0;-0,01;-0,01;-0,01;-0,01;-0,06;-0,06
21.07.2026;10:15;10:30;0,3;0,11;-0,19;-0,17;-0,16;-0,15;0,0;0,0;-0,03;-0,02;-0,01;0,0;-0,03;-0,02;-0,02;-0,01;-0,01;0,0;-0,01;0,0;0,0;0,0;0,0;0,0;0,0;0,0;-0,01;0,0;-0,01;0,0;0,0;0,0;0,0;0,0;-0,04;-0,03;-0,01;0,0;-0,01;0,0;0,0;0,0;-0,19;-0,18;-0,01;0,0;-0,14;-0,13;0,0;0,0;-0,01;0,0;0,0;0,0;-0,05;-0,04
21.07.2026;10:30;10:45;1,55;0,77;-0,19;0,0;-0,06;0,0;0,0;0,0;-0,04;0,0;0,0;0,0;0,0;0,0;-0,02;0,0;0,0;0,0;0,0;0,0;0,0;0,0;0,0;0,0;-0,02;0,0;0,0;0,0;-0,01;0,0;0,0;0,0;-0,01;0,0;-0,04;0,0;0,0;0,0;-0,01;0,0;-0,02;0,0;-0,16;-0,01;0,0;0,0;-0,15;0,0;0,0;0,0;0,0;0,0;-0,01;0,0;-0,05;0,0
21.07.2026;10:45;11:00;1,39;0,7;-0,19;0,0;-0,06;0,0;0,0;0,0;-0,04;0,0;0,0;0,0;-0,02;0,0;-0,02;0,0;0,0;0,0;0,0;0,0;0,0;0,0;0,0;0,0;-0,01;0,0;0,0;0,0;-0,01;0,0;0,0;0,0;-0,02;0,0;-0,04;0,0;0,0;0,0;0,0;0,0;0,0;0,0;-0,13;0,0;-0,01;0,0;-0,09;0,0;0,0;0,0;-0,02;0,0;0,0;0,0;-0,03;0,0
21.07.2026;11:00;11:15;1,97;1,26;-0,2;0,0;-0,05;0,0;0,0;0,0;-0,03;0,0;0,0;0,0;-0,02;0,0;-0,06;0,0;0,0;0,0;0,0;0,0;0,0;0,0;0,0;0,0;0,0;0,0;0,0;0,0;-0,02;0,0;0,0;0,0;-0,01;0,0;-0,04;0,0;-0,01;0,0;-0,01;0,0;-0,01;0,0;-0,13;0,0;-0,01;0,0;-0,03;0,0;0,0;0,0;-0,04;0,0;0,0;0,0;-0,04;0,0
21.07.2026;11:15;11:30;0,99;0,33;-0,19;0,0;-0,01;0,0;0,0;0,0;-0,03;0,0;0,0;0,0;-0,13;-0,05;-0,08;0,0;0,0;0,0;0,0;0,0;0,0;0,0;0,0;0,0;-0,01;0,0;0,0;0,0;0,0;0,0;0,0;0,0;-0,02;0,0;-0,04;0,0;0,0;0,0;-0,01;0,0;-0,01;0,0;-0,19;-0,11;-0,01;0,0;-0,01;0,0;0,0;0,0;-0,02;0,0;-0,01;0,0;-0,05;0,0
21.07.2026;11:30;11:45;2,22;1,19;-0,19;0,0;-0,02;0,0;0,0;0,0;-0,04;0,0;0,0;0,0;-0,38;-0,13;-0,08;0,0;0,0;0,0;0,0;0,0;-0,01;0,0;0,0;0,0;-0,01;0,0;0,0;0,0;-0,02;0,0;0,0;0,0;0,0;0,0;-0,04;0,0;0,0;0,0;-0,01;0,0;-0,01;0,0;-0,53;-0,28;-0,01;0,0;-0,02;0,0;-0,01;0,0;-0,02;0,0;0,0;0,0;-0,04;0,0
21.07.2026;11:45;12:00;2,13;1,14;-0,2;0,0;-0,03;0,0;0,0;0,0;-0,02;0,0;0,0;0,0;-0,39;-0,15;-0,08;0,0;0,0;0,0;0,0;0,0;0,0;0,0;0,0;0,0;-0,02;0,0;0,0;0,0;-0,01;0,0;0,0;0,0;-0,01;0,0;-0,03;0,0;0,0;0,0;0,0;0,0;-0,01;0,0;-0,33;-0,09;-0,01;0,0;-0,03;0,0;0,0;0,0;-0,01;0,0;-0,01;0,0;-0,04;0,0
21.07.2026;12:00;12:15;1,64;0,81;-0,19;0,0;-0,02;0,0;0,0;0,0;-0,01;0,0;0,0;0,0;-0,54;-0,36;-0,09;0,0;0,0;0,0;0,0;0,0;0,0;0,0;0,0;0,0;0,0;0,0;0,0;0,0;-0,01;0,0;0,0;0,0;0,0;0,0;-0,03;0,0;-0,01;0,0;-0,01;0,0;-0,01;0,0;-0,33;-0,15;-0,01;0,0;-0,03;0,0;0,0;0,0;-0,01;0,0;0,0;0,0;-0,04;0,0
21.07.2026;12:15;12:30;1,81;1,08;-0,18;0,0;-0,01;0,0;0,0;0,0;-0,02;0,0;-0,01;0,0;-0,25;-0,05;-0,08;0,0;0,0;0,0;0,0;0,0;0,0;0,0;-0,01;0,0;0,0;0,0;-0,01;0,0;-0,02;0,0;-0,01;0,0;0,0;0,0;-0,02;0,0;0,0;0,0;-0,01;0,0;0,0;0,0;-0,07;0,0;0,0;0,0;-0,03;0,0;0,0;0,0;-0,01;0,0;-0,01;0,0;-0,03;0,0
21.07.2026;12:30;12:45;2,03;1,46;-0,21;0,0;-0,02;0,0;0,0;0,0;-0,01;0,0;0,0;0,0;-0,05;0,0;-0,11;0,0;0,0;0,0;0,0;0,0;0,0;0,0;0,0;0,0;-0,01;0,0;0,0;0,0;-0,01;0,0;0,0;0,0;-0,01;0,0;-0,01;0,0;0,0;0,0;-0,01;0,0;-0,02;0,0;-0,02;0,0;-0,01;0,0;-0,02;0,0;0,0;0,0;-0,01;0,0;0,0;0,0;-0,04;0,0
21.07.2026;12:45;13:00;1,93;1,01;-0,19;0,0;-0,03;0,0;0,0;0,0;-0,59;-0,39;0,0;0,0;-0,09;0,0;-0,23;-0,03;-0,01;0,0;0,0;0,0;0,0;0,0;0,0;0,0;-0,02;0,0;0,0;0,0;-0,01;0,0;0,0;0,0;-0,02;0,0;-0,02;0,0;0,0;0,0;-0,02;0,0;-0,01;0,0;-0,02;0,0;-0,01;0,0;-0,03;0,0;0,0;0,0;-0,01;0,0;0,0;0,0;-0,03;0,0
21.07.2026;13:00;13:15;2,09;1,15;-0,18;0,0;-0,02;0,0;-0,01;0,0;-0,23;0,0;0,0;0,0;-0,09;0,0;-0,23;0,0;0,0;0,0;0,0;0,0;0,0;0,0;0,0;0,0;-0,01;0,0;0,0;0,0;-0,02;0,0;0,0;0,0;-0,01;0,0;-0,03;0,0;-0,01;0,0;0,0;0,0;0,0;0,0;-0,02;0,0;-0,01;0,0;-0,02;0,0;0,0;0,0;-0,01;0,0;-0,01;0,0;-0,03;0,0
21.07.2026;13:15;13:30;1,42;0,71;-0,18;0,0;-0,01;0,0;0,0;0,0;-0,35;-0,22;0,0;0,0;-0,09;0,0;-0,13;0,0;0,0;0,0;0,0;0,0;0,0;0,0;0,0;0,0;0,0;0,0;0,0;0,0;0,0;0,0;0,0;0,0;-0,02;0,0;-0,02;0,0;0,0;0,0;0,0;0,0;-0,02;0,0;-0,02;0,0;-0,01;0,0;-0,04;0,0;0,0;0,0;0,0;0,0;-0,01;0,0;-0,03;0,0
21.07.2026;13:30;13:45;0,26;0,19;-0,17;-0,1;-0,02;-0,02;0,0;0,0;-0,38;-0,38;0,0;0,0;-0,09;-0,09;-0,17;-0,17;0,0;0,0;0,0;0,0;0,0;0,0;0,0;0,0;0,0;0,0;0,0;0,0;-0,02;-0,02;0,0;0,0;-0,01;-0,01;-0,03;-0,03;0,0;0,0;-0,01;-0,01;0,0;0,0;-0,01;-0,01;-0,01;-0,01;-0,05;-0,05;-0,01;-0,01;-0,02;-0,02;0,0;0,0;-0,04;-0,04
21.07.2026;13:45;14:00;0,0;0,0;-0,26;-0,26;-0,02;-0,02;0,0;0,0;-0,11;-0,11;0,0;0,0;-0,09;-0,09;-0,11;-0,11;0,0;0,0;0,0;0,0;0,0;0,0;0,0;0,0;-0,01;-0,01;0,0;0,0;-0,01;-0,01;0,0;0,0;0,0;0,0;-0,02;-0,02;-0,01;-0,01;-0,01;-0,01;-0,02;-0,02;-0,02;-0,02;-0,01;-0,01;-0,05;-0,05;0,0;0,0;-0,01;-0,01;0,0;0,0;-0,04;-0,04
21.07.2026;14:00;14:15;1,19;0,45;-0,19;0,0;-0,02;0,0;0,0;0,0;-0,04;0,0;0,0;0,0;-0,1;0,0;-0,1;0,0;0,0;0,0;0,0;0,0;-0,01;0,0;0,0;0,0;-0,02;0,0;0,0;0,0;-0,01;0,0;0,0;0,0;-0,01;0,0;-0,02;0,0;0,0;0,0;-0,01;0,0;-0,01;0,0;-0,02;0,0;0,0;0,0;-0,03;0,0;0,0;0,0;-0,16;-0,06;-0,01;0,0;-0,04;0,0
21.07.2026;14:15;14:30;1,32;0,59;-0,19;0,0;-0,02;0,0;0,0;0,0;-0,31;-0,19;-0,01;0,0;-0,06;0,0;-0,11;0,0;0,0;0,0;0,0;0,0;0,0;0,0;0,0;0,0;-0,01;0,0;-0,01;0,0;-0,02;0,0;0,0;0,0;0,0;0,0;-0,02;0,0;0,0;0,0;0,0;0,0;0,0;0,0;-0,01;0,0;-0,01;0,0;-0,04;0,0;0,0;0,0;-0,05;0,0;-0,01;0,0;-0,04;0,0
21.07.2026;14:30;14:45;2,0;1,18;-0,19;0,0;-0,02;0,0;0,0;0,0;-0,26;-0,03;0,0;0,0;-0,06;0,0;-0,1;0,0;0,0;0,0;0,0;0,0;0,0;0,0;0,0;0,0;0,0;0,0;0,0;0,0;0,0;0,0;0,0;0,0;0,0;0,0;-0,02;0,0;0,0;0,0;-0,03;0,0;-0,01;0,0;-0,02;0,0;-0,01;0,0;-0,04;0,0;0,0;0,0;-0,04;0,0;0,0;0,0;-0,05;0,0
21.07.2026;14:45;15:00;0,76;0,21;-0,25;-0,1;-0,02;0,0;0,0;0,0;-0,22;-0,18;0,0;0,0;-0,08;-0,04;-0,11;-0,07;0,0;0,0;0,0;0,0;0,0;0,0;0,0;0,0;0,0;0,0;0,0;0,0;-0,02;0,0;-0,01;0,0;-0,02;0,0;-0,01;0,0;-0,01;0,0;-0,13;-0,09;-0,01;0,0;-0,01;0,0;-0,01;0,0;-0,04;0,0;0,0;0,0;-0,04;0,0;0,0;0,0;-0,06;-0,02
21.07.2026;15:00;15:15;1,05;0,31;-0,2;0,0;-0,01;0,0;0,0;0,0;-0,25;-0,17;0,0;0,0;-0,02;0,0;-0,14;-0,06;0,0;0,0;0,0;0,0;0,0;0,0;0,0;0,0;-0,02;0,0;0,0;0,0;-0,01;0,0;0,0;0,0;-0,01;0,0;-0,01;0,0;0,0;0,0;-0,25;-0,17;-0,01;0,0;-0,02;0,0;-0,01;0,0;-0,09;-0,01;0,0;0,0;-0,03;0,0;-0,01;0,0;-0,06;0,0
21.07.2026;15:15;15:30;1,5;0,74;-0,19;0,0;-0,03;0,0;0,0;0,0;-0,03;0,0;0,0;0,0;-0,01;0,0;-0,21;-0,06;-0,01;0,0;-0,01;0,0;0,0;0,0;0,0;0,0;-0,01;0,0;0,0;0,0;-0,01;0,0;0,0;0,0;-0,01;0,0;-0,02;0,0;0,0;0,0;-0,15;0,0;-0,01;0,0;-0,02;0,0;-0,01;0,0;-0,04;0,0;0,0;0,0;-0,01;0,0;-0,01;0,0;-0,03;0,0
21.07.2026;15:30;15:45;0,45;0,19;-0,17;-0,07;-0,02;-0,01;0,0;0,0;-0,03;-0,02;0,0;0,0;-0,01;0,0;-0,2;-0,19;0,0;0,0;0,0;0,0;0,0;0,0;0,0;0,0;-0,01;0,0;0,0;0,0;-0,03;-0,02;0,0;0,0;-0,02;-0,01;-0,02;-0,01;0,0;0,0;-0,06;-0,05;-0,01;0,0;-0,02;-0,01;-0,01;0,0;-0,04;-0,03;-0,01;0,0;-0,01;0,0;0,0;0,0;-0,02;-0,01
21.07.2026;15:45;16:00;0,45;0,2;-0,17;-0,06;-0,01;0,0;0,0;0,0;-0,02;-0,01;0,0;0,0;0,0;0,0;-0,09;-0,08;0,0;0,0;0,0;0,0;0,0;0,0;0,0;0,0;-0,01;0,0;0,0;0,0;-0,02;-0,01;0,0;0,0;-0,01;0,0;-0,03;-0,02;-0,01;0,0;-0,07;-0,06;-0,01;0,0;-0,01;0,0;0,0;0,0;-0,04;-0,03;0,0;0,0;-0,01;0,0;0,0;0,0;-0,01;0,0
21.07.2026;16:00;16:15;0,68;0,25;-0,32;-0,17;-0,02;0,0;0,0;0,0;-0,01;0,0;0,0;0,0;-0,01;0,0;-0,03;0,0;0,0;0,0;0,0;0,0;0,0;0,0;0,0;0,0;-0,01;0,0;0,0;0,0;-0,02;0,0;0,0;0,0;0,0;0,0;-0,02;0,0;0,0;0,0;-0,07;-0,02;-0,01;0,0;-0,03;0,0;-0,02;0,0;-0,01;0,0;0,0;0,0;-0,01;0,0;-0,01;0,0;-0,02;0,0
21.07.2026;16:15;16:30;0,84;0,3;-0,19;0,0;-0,03;0,0;-0,01;0,0;-0,01;0,0;-0,01;0,0;-0,01;0,0;-0,02;0,0;0,0;0,0;0,0;0,0;0,0;0,0;0,0;0,0;-0,01;0,0;-0,01;0,0;-0,03;0,0;0,0;0,0;-0,01;0,0;-0,03;0,0;0,0;0,0;-0,07;-0,01;0,0;0,0;-0,29;-0,23;0,0;0,0;-0,02;0,0;0,0;0,0;-0,01;0,0;0,0;0,0;-0,02;0,0
21.07.2026;16:30;16:45;0,84;0,28;-0,23;-0,04;-0,04;0,0;0,0;0,0;-0,02;0,0;0,0;0,0;0,0;0,0;-0,04;0,0;0,0;0,0;0,0;0,0;-0,01;0,0;0,0;0,0;-0,01;0,0;0,0;0,0;-0,02;0,0;0,0;0,0;0,0;0,0;-0,02;0,0;-0,01;0,0;-0,08;-0,02;-0,02;0,0;-0,23;-0,17;-0,01;0,0;-0,02;0,0;0,0;0,0;0,0;0,0;-0,01;0,0;-0,02;0,0
21.07.2026;16:45;17:00;0,83;0,28;-0,21;-0,01;-0,05;0,0;0,0;0,0;-0,01;0,0;0,0;0,0;-0,02;0,0;-0,15;-0,09;0,0;0,0;0,0;0,0;0,0;0,0;0,0;0,0;0,0;0,0;0,0;0,0;-0,02;0,0;0,0;0,0;0,0;0,0;-0,03;0,0;0,0;0,0;-0,07;-0,01;-0,01;0,0;-0,02;0,0;-0,01;0,0;-0,02;0,0;0,0;0,0;-0,02;0,0;0,0;0,0;-0,02;0,0
21.07.2026;17:00;17:15;0,69;0,24;-0,3;-0,14;-0,02;0,0;0,0;0,0;-0,02;0,0;0,0;0,0;0,0;0,0;-0,14;-0,09;0,0;0,0;0,0;0,0;0,0;0,0;0,0;0,0;-0,01;0,0;0,0;0,0;-0,03;0,0;0,0;0,0;-0,02;0,0;-0,01;0,0;0,0;0,0;-0,06;-0,01;0,0;0,0;-0,02;0,0;-0,01;0,0;-0,02;0,0;0,0;0,0;0,0;0,0;-0,01;0,0;-0,02;0,0
21.07.2026;17:15;17:30;0,56;0,19;-0,18;-0,06;-0,03;-0,01;0,0;0,0;-0,01;0,0;0,0;0,0;-0,01;0,0;-0,14;-0,12;0,0;0,0;0,0;0,0;0,0;0,0;-0,01;0,0;-0,01;0,0;0,0;0,0;-0,04;-0,02;-0,01;0,0;-0,01;0,0;-0,02;0,0;0,0;0,0;-0,03;-0,01;-0,02;0,0;-0,03;-0,01;-0,01;0,0;-0,02;0,0;0,0;0,0;-0,01;0,0;0,0;0,0;-0,01;0,0
21.07.2026;17:30;17:45;0,02;0,02;-0,27;-0,27;-0,04;-0,04;0,0;0,0;-0,02;-0,02;0,0;0,0;-0,01;-0,01;-0,12;-0,12;0,0;0,0;0,0;0,0;0,0;0,0;0,0;0,0;-0,02;-0,02;0,0;0,0;-0,04;-0,04;0,0;0,0;-0,02;-0,02;-0,07;-0,07;-0,01;-0,01;-0,03;-0,03;0,0;0,0;-0,02;-0,02;-0,01;-0,01;-0,01;-0,01;-0,01;-0,01;-0,01;-0,01;0,0;0,0;-0,01;-0,01
21.07.2026;17:45;18:00;0,0;0,0;-0,23;-0,23;-0,15;-0,15;0,0;0,0;-0,02;-0,02;0,0;0,0;-0,01;-0,01;-0,14;-0,14;-0,01;-0,01;0,0;0,0;0,0;0,0;0,0;0,0;-0,01;-0,01;0,0;0,0;-0,04;-0,04;0,0;0,0;-0,01;-0,01;-0,06;-0,06;0,0;0,0;-0,09;-0,09;-0,01;-0,01;-0,03;-0,03;-0,01;-0,01;-0,02;-0,02;0,0;0,0;-0,01;-0,01;-0,01;-0,01;-0,03;-0,03
21.07.2026;18:00;18:15;0,0;0,0;-0,2;-0,2;-0,06;-0,06;0,0;0,0;-0,01;-0,01;0,0;0,0;-0,01;-0,01;-0,14;-0,14;0,0;0,0;0,0;0,0;0,0;0,0;0,0;0,0;-0,11;-0,11;0,0;0,0;-0,03;-0,03;0,0;0,0;-0,01;-0,01;-0,25;-0,25;0,0;0,0;-0,03;-0,03;-0,01;-0,01;-0,13;-0,13;-0,01;-0,01;-0,01;-0,01;0,0;0,0;-0,01;-0,01;-0,01;-0,01;-0,02;-0,02
21.07.2026;18:15;18:30;0,23;0,17;-0,19;-0,13;-0,04;-0,04;0,0;0,0;-0,01;-0,01;-0,01;-0,01;-0,01;-0,01;-0,05;-0,05;0,0;0,0;0,0;0,0;0,0;0,0;0,0;0,0;-0,15;-0,15;-0,01;-0,01;-0,06;-0,06;0,0;0,0;-0,01;-0,01;-0,28;-0,28;-0,01;-0,01;-0,03;-0,03;-0,01;-0,01;-0,42;-0,42;0,0;0,0;-0,07;-0,07;0,0;0,0;-0,01;-0,01;0,0;0,0;-0,02;-0,02
21.07.2026;18:30;18:45;0,21;0,16;-0,18;-0,13;-0,09;-0,09;0,0;0,0;-0,01;-0,01;0,0;0,0;0,0;0,0;-0,02;-0,02;0,0;0,0;0,0;0,0;0,0;0,0;0,0;0,0;-0,1;-0,1;0,0;0,0;-0,01;-0,01;0,0;0,0;0,0;0,0;-0,14;-0,14;0,0;0,0;-0,02;-0,02;-0,01;-0,01;-0,6;-0,6;-0,01;-0,01;-0,07;-0,07;0,0;0,0;-0,01;-0,01;0,0;0,0;-0,02;-0,02
21.07.2026;18:45;19:00;0,19;0,14;-0,2;-0,15;-0,06;-0,06;0,0;0,0;-0,02;-0,02;0,0;0,0;-0,01;-0,01;-0,02;-0,02;0,0;0,0;0,0;0,0;0,0;0,0;0,0;0,0;-0,05;-0,05;0,0;0,0;-0,01;-0,01;0,0;0,0;0,0;0,0;-0,07;-0,07;0,0;0,0;-0,03;-0,03;-0,01;-0,01;-0,24;-0,24;-0,01;-0,01;-0,09;-0,09;0,0;0,0;-0,01;-0,01;-0,01;-0,01;-0,01;-0,01
21.07.2026;19:00;19:15;0,18;0,13;-0,2;-0,15;-0,06;-0,06;0,0;0,0;-0,01;-0,01;0,0;0,0;-0,01;-0,01;-0,03;-0,03;0,0;0,0;0,0;0,0;-0,01;-0,01;0,0;0,0;-0,05;-0,05;0,0;0,0;-0,01;-0,01;0,0;0,0;-0,09;-0,09;-0,08;-0,08;0,0;0,0;-0,02;-0,02;-0,01;-0,01;-0,07;-0,07;-0,01;-0,01;-0,09;-0,09;0,0;0,0;0,0;0,0;-0,01;-0,01;-0,01;-0,01
21.07.2026;19:15;19:30;0,15;0,11;-0,24;-0,2;-0,07;-0,07;0,0;0,0;-0,01;-0,01;0,0;0,0;0,0;0,0;-0,16;-0,16;0,0;0,0;0,0;0,0;0,0;0,0;0,0;0,0;-0,03;-0,03;0,0;0,0;-0,01;-0,01;0,0;0,0;-0,19;-0,19;-0,09;-0,09;-0,01;-0,01;-0,02;-0,02;-0,01;-0,01;-0,24;-0,24;-0,01;-0,01;-0,08;-0,08;0,0;0,0;-0,02;-0,02;0,0;0,0;-0,02;-0,02
21.07.2026;19:30;19:45;0,14;0,11;-0,17;-0,14;-0,06;-0,06;-0,01;-0,01;0,0;0,0;0,0;0,0;-0,02;-0,02;-0,21;-0,21;0,0;0,0;0,0;0,0;0,0;0,0;0,0;0,0;-0,02;-0,02;0,0;0,0;-0,02;-0,02;0,0;0,0;-0,43;-0,43;-0,08;-0,08;0,0;0,0;-0,03;-0,03;0,0;0,0;-0,34;-0,34;-0,01;-0,01;-0,09;-0,09;-0,01;-0,01;0,0;0,0;0,0;0,0;-0,02;-0,02
21.07.2026;19:45;20:00;0,09;0,09;-0,2;-0,2;-0,06;-0,06;0,0;0,0;-0,02;-0,02;0,0;0,0;0,0;0,0;-0,06;-0,06;0,0;0,0;0,0;0,0;0,0;0,0;0,0;0,0;-0,01;-0,01;0,0;0,0;-0,01;-0,01;-0,01;-0,01;-0,12;-0,12;-0,06;-0,06;0,0;0,0;-0,03;-0,03;-0,02;-0,02;-0,03;-0,03;-0,01;-0,01;-0,08;-0,08;0,0;0,0;-0,02;-0,02;-0,01;-0,01;-0,03;-0,03
21.07.2026;20:00;20:15;0,05;0,05;-0,24;-0,24;-0,06;-0,06;0,0;0,0;-0,01;-0,01;0,0;0,0;-0,01;-0,01;-0,03;-0,03;0,0;0,0;0,0;0,0;0,0;0,0;0,0;0,0;-0,01;-0,01;0,0;0,0;-0,01;-0,01;0,0;0,0;-0,02;-0,02;-0,05;-0,05;0,0;0,0;-0,03;-0,03;-0,01;-0,01;-0,06;-0,06;0,0;0,0;-0,08;-0,08;0,0;0,0;0,0;0,0;0,0;0,0;-0,01;-0,01
21.07.2026;20:15;20:30;0,03;0,03;-0,2;-0,2;-0,06;-0,06;0,0;0,0;-0,02;-0,02;-0,01;-0,01;-0,09;-0,09;-0,02;-0,02;-0,01;-0,01;-0,01;-0,01;0,0;0,0;0,0;0,0;0,0;0,0;0,0;0,0;-0,01;-0,01;0,0;0,0;-0,01;-0,01;-0,04;-0,04;-0,01;-0,01;-0,02;-0,02;0,0;0,0;-0,06;-0,06;-0,01;-0,01;-0,09;-0,09;0,0;0,0;-0,02;-0,02;-0,01;-0,01;-0,01;-0,01
21.07.2026;20:30;20:45;0,0;0,0;-0,26;-0,26;-0,06;-0,06;0,0;0,0;-0,04;-0,04;0,0;0,0;-0,07;-0,07;-0,04;-0,04;0,0;0,0;0,0;0,0;0,0;0,0;0,0;0,0;-0,02;-0,02;-0,01;-0,01;-0,01;-0,01;0,0;0,0;-0,02;-0,02;-0,04;-0,04;0,0;0,0;-0,03;-0,03;-0,02;-0,02;-0,07;-0,07;-0,01;-0,01;-0,08;-0,08;0,0;0,0;0,0;0,0;0,0;0,0;-0,02;-0,02
21.07.2026;20:45;21:00;0,0;0,0;-0,18;-0,18;-0,05;-0,05;0,0;0,0;-0,04;-0,04;0,0;0,0;-0,05;-0,05;-0,04;-0,04;0,0;0,0;0,0;0,0;0,0;0,0;0,0;0,0;-0,02;-0,02;0,0;0,0;-0,02;-0,02;0,0;0,0;-0,01;-0,01;-0,05;-0,05;0,0;0,0;-0,02;-0,02;0,0;0,0;-0,09;-0,09;-0,01;-0,01;-0,08;-0,08;0,0;0,0;-0,02;-0,02;-0,01;-0,01;-0,02;-0,02
21.07.2026;21:00;21:15;0,0;0,0;-0,2;-0,2;-0,06;-0,06;0,0;0,0;-0,05;-0,05;0,0;0,0;-0,08;-0,08;-0,04;-0,04;0,0;0,0;0,0;0,0;0,0;0,0;0,0;0,0;-0,02;-0,02;0,0;0,0;-0,01;-0,01;0,0;0,0;0,0;0,0;-0,06;-0,06;0,0;0,0;-0,02;-0,02;-0,01;-0,01;-0,11;-0,11;-0,01;-0,01;-0,06;-0,06;0,0;0,0;0,0;0,0;0,0;0,0;-0,02;-0,02
21.07.2026;21:15;21:30;0,0;0,0;-0,29;-0,29;-0,05;-0,05;0,0;0,0;-0,06;-0,06;0,0;0,0;-0,17;-0,17;-0,05;-0,05;0,0;0,0;0,0;0,0;0,0;0,0;0,0;0,0;0,0;0,0;0,0;0,0;-0,03;-0,03;0,0;0,0;-0,01;-0,01;-0,05;-0,05;-0,01;-0,01;-0,01;-0,01;-0,01;-0,01;-0,15;-0,15;-0,01;-0,01;-0,01;-0,01;0,0;0,0;-0,01;-0,01;-0,01;-0,01;-0,06;-0,06
21.07.2026;21:30;21:45;0,0;0,0;-0,27;-0,27;-0,1;-0,1;0,0;0,0;-0,04;-0,04;0,0;0,0;-0,1;-0,1;-0,01;-0,01;0,0;0,0;0,0;0,0;-0,01;-0,01;0,0;0,0;-0,02;-0,02;0,0;0,0;-0,32;-0,32;0,0;0,0;0,0;0,0;-0,06;-0,06;0,0;0,0;-0,02;-0,02;-0,01;-0,01;-0,15;-0,15;-0,01;-0,01;-0,01;-0,01;-0,01;-0,01;-0,01;-0,01;0,0;0,0;-0,05;-0,05
21.07.2026;21:45;22:00;0,0;0,0;-0,23;-0,23;-0,04;-0,04;0,0;0,0;-0,04;-0,04;0,0;0,0;-0,11;-0,11;-0,02;-0,02;0,0;0,0;0,0;0,0;0,0;0,0;0,0;0,0;-0,02;-0,02;0,0;0,0;-0,73;-0,73;0,0;0,0;-0,01;-0,01;-0,05;-0,05;0,0;0,0;-0,02;-0,02;-0,01;-0,01;-0,16;-0,16;0,0;0,0;-0,01;-0,01;0,0;0,0;-0,01;-0,01;-0,01;-0,01;-0,04;-0,04
21.07.2026;22:00;22:15;0,0;0,0;-0,27;-0,27;-0,03;-0,03;0,0;0,0;-0,03;-0,03;0,0;0,0;-0,1;-0,1;-0,02;-0,02;0,0;0,0;0,0;0,0;0,0;0,0;0,0;0,0;0,0;0,0;0,0;0,0;-0,44;-0,44;0,0;0,0;-0,01;-0,01;-0,05;-0,05;0,0;0,0;-0,03;-0,03;-0,01;-0,01;-0,12;-0,12;-0,02;-0,02;-0,01;-0,01;0,0;0,0;-0,01;-0,01;0,0;0,0;-0,04;-0,04
21.07.2026;22:15;22:30;0,0;0,0;-0,19;-0,19;-0,06;-0,06;0,0;0,0;-0,04;-0,04;-0,01;-0,01;-0,08;-0,08;-0,02;-0,02;0,0;0,0;0,0;0,0;0,0;0,0;-0,01;-0,01;-0,01;-0,01;0,0;0,0;-0,31;-0,31;-0,01;-0,01;-0,02;-0,02;-0,05;-0,05;-0,01;-0,01;-0,04;-0,04;0,0;0,0;-0,05;-0,05;-0,01;-0,01;-0,01;-0,01;0,0;0,0;-0,01;-0,01;0,0;0,0;-0,06;-0,06
21.07.2026;22:30;22:45;0,0;0,0;-0,2;-0,2;-0,05;-0,05;0,0;0,0;-0,04;-0,04;0,0;0,0;-0,06;-0,06;-0,02;-0,02;0,0;0,0;0,0;0,0;0,0;0,0;0,0;0,0;-0,01;-0,01;-0,01;-0,01;-0,14;-0,14;0,0;0,0;-0,02;-0,02;-0,02;-0,02;0,0;0,0;-0,05;-0,05;-0,02;-0,02;-0,04;-0,04;0,0;0,0;-0,02;-0,02;0,0;0,0;-0,01;-0,01;-0,01;-0,01;-0,05;-0,05
21.07.2026;22:45;23:00;0,0;0,0;-0,2;-0,2;-0,05;-0,05;0,0;0,0;-0,05;-0,05;0,0;0,0;-0,04;-0,04;-0,02;-0,02;-0,01;-0,01;0,0;0,0;0,0;0,0;0,0;0,0;-0,02;-0,02;0,0;0,0;-0,08;-0,08;0,0;0,0;-0,01;-0,01;-0,01;-0,01;0,0;0,0;-0,03;-0,03;-0,01;-0,01;-0,06;-0,06;-0,01;-0,01;-0,01;-0,01;0,0;0,0;-0,01;-0,01;0,0;0,0;-0,05;-0,05
21.07.2026;23:00;23:15;0,0;0,0;-0,24;-0,24;-0,03;-0,03;-0,01;-0,01;-0,04;-0,04;0,0;0,0;-0,03;-0,03;-0,02;-0,02;0,0;0,0;0,0;0,0;0,0;0,0;0,0;0,0;0,0;0,0;0,0;0,0;-0,1;-0,1;0,0;0,0;-0,01;-0,01;-0,01;-0,01;-0,01;-0,01;-0,03;-0,03;0,0;0,0;-0,03;-0,03;-0,01;-0,01;-0,01;-0,01;0,0;0,0;-0,01;-0,01;-0,01;-0,01;-0,03;-0,03
21.07.2026;23:15;23:30;0,0;0,0;-0,21;-0,21;-0,05;-0,05;0,0;0,0;-0,03;-0,03;0,0;0,0;-0,15;-0,15;-0,02;-0,02;0,0;0,0;0,0;0,0;0,0;0,0;0,0;0,0;-0,01;-0,01;0,0;0,0;-0,09;-0,09;0,0;0,0;-0,02;-0,02;-0,02;-0,02;0,0;0,0;-0,01;-0,01;-0,02;-0,02;-0,03;-0,03;-0,01;-0,01;-0,01;-0,01;0,0;0,0;-0,01;-0,01;0,0;0,0;-0,01;-0,01
21.07.2026;23:30;23:45;0,0;0,0;-0,22;-0,22;-0,05;-0,05;0,0;0,0;-0,01;-0,01;0,0;0,0;-0,5;-0,5;-0,03;-0,03;0,0;0,0;0,0;0,0;0,0;0,0;0,0;0,0;0,0;0,0;0,0;0,0;-0,06;-0,06;0,0;0,0;0,0;0,0;-0,01;-0,01;0,0;0,0;-0,02;-0,02;0,0;0,0;-0,03;-0,03;-0,01;-0,01;-0,02;-0,02;-0,01;-0,01;0,0;0,0;0,0;0,0;-0,02;-0,02
21.07.2026;23:45;00:00;0,0;0,0;-0,2;-0,2;-0,04;-0,04;0,0;0,0;-0,02;-0,02;0,0;0,0;-0,05;-0,05;-0,01;-0,01;0,0;0,0;0,0;0,0;0,0;0,0;0,0;0,0;-0,02;-0,02;0,0;0,0;-0,06;-0,06;0,0;0,0;0,0;0,0;-0,03;-0,03;0,0;0,0;-0,01;-0,01;-0,01;-0,01;-0,12;-0,12;-0,01;-0,01;-0,02;-0,02;0,0;0,0;-0,01;-0,01;-0,01;-0,01;-0,02;-0,02
22.07.2026;00:00;00:15;0,0;0,0;-0,21;-0,21;-0,05;-0,05;0,0;0,0;-0,01;-0,01;0,0;0,0;-0,21;-0,21;-0,01;-0,01;0,0;0,0;0,0;0,0;-0,01;-0,01;0,0;0,0;-0,02;-0,02;0,0;0,0;-0,06;-0,06;0,0;0,0;-0,01;-0,01;-0,02;-0,02;-0,01;-0,01;0,0;0,0;-0,01;-0,01;-0,03;-0,03;-0,01;-0,01;-0,01;-0,01;0,0;0,0;-0,01;-0,01;-0,01;-0,01;-0,02;-0,02
22.07.2026;00:15;00:30;0,0;0,0;-0,21;-0,21;-0,05;-0,05;0,0;0,0;-0,02;-0,02;-0,01;-0,01;-0,02;-0,02;-0,02;-0,02;0,0;0,0;0,0;0,0;0,0;0,0;0,0;0,0;0,0;0,0;0,0;0,0;-0,03;-0,03;0,0;0,0;0,0;0,0;-0,03;-0,03;0,0;0,0;-0,01;-0,01;-0,01;-0,01;-0,03;-0,03;0,0;0,0;-0,02;-0,02;0,0;0,0;-0,01;-0,01;0,0;0,0;-0,03;-0,03
22.07.2026;00:30;00:45;0,0;0,0;-0,2;-0,2;-0,05;-0,05;0,0;0,0;0,0;0,0;0,0;0,0;-0,01;-0,01;-0,02;-0,02;0,0;0,0;0,0;0,0;0,0;0,0;0,0;0,0;-0,01;-0,01;-0,01;-0,01;-0,04;-0,04;0,0;0,0;-0,01;-0,01;-0,02;-0,02;0,0;0,0;-0,01;-0,01;-0,01;-0,01;-0,02;-0,02;-0,01;-0,01;-0,02;-0,02;0,0;0,0;-0,01;-0,01;0,0;0,0;-0,01;-0,01
22.07.2026;00:45;01:00;0,0;0,0;-0,19;-0,19;-0,05;-0,05;0,0;0,0;-0,01;-0,01;0,0;0,0;0,0;0,0;-0,02;-0,02;0,0;0,0;0,0;0,0;0,0;0,0;0,0;0,0;0,0;0,0;0,0;0,0;-0,04;-0,04;-0,01;-0,01;-0,01;-0,01;-0,03;-0,03;0,0;0,0;-0,02;-0,02;-0,01;-0,01;-0,03;-0,03;-0,01;-0,01;-0,01;-0,01;0,0;0,0;-0,01;-0,01;-0,01;-0,01;-0,02;-0,02
22.07.2026;01:00;01:15;0,0;0,0;-0,19;-0,19;-0,05;-0,05;0,0;0,0;-0,01;-0,01;0,0;0,0;-0,02;-0,02;-0,02;-0,02;0,0;0,0;0,0;0,0;0,0;0,0;0,0;0,0;-0,02;-0,02;0,0;0,0;-0,03;-0,03;0,0;0,0;-0,02;-0,02;-0,01;-0,01;-0,01;-0,01;-0,01;-0,01;0,0;0,0;-0,03;-0,03;-0,01;-0,01;-0,02;-0,02;0,0;0,0;-0,01;-0,01;-0,01;-0,01;-0,01;-0,01
22.07.2026;01:15;01:30;0,0;0,0;-0,19;-0,19;-0,04;-0,04;0,0;0,0;-0,02;-0,02;0,0;0,0;-0,02;-0,02;-0,02;-0,02;-0,01;-0,01;-0,01;-0,01;0,0;0,0;0,0;0,0;-0,01;-0,01;0,0;0,0;-0,41;-0,41;0,0;0,0;-0,01;-0,01;-0,01;-0,01;0,0;0,0;0,0;0,0;-0,02;-0,02;-0,02;-0,02;-0,01;-0,01;-0,01;-0,01;0,0;0,0;-0,01;-0,01;0,0;0,0;-0,02;-0,02
22.07.2026;01:30;01:45;0,0;0,0;-0,2;-0,2;-0,02;-0,02;0,0;0,0;-0,01;-0,01;0,0;0,0;-0,02;-0,02;-0,02;-0,02;0,0;0,0;0,0;0,0;0,0;0,0;0,0;0,0;-0,01;-0,01;0,0;0,0;-0,03;-0,03;0,0;0,0;-0,01;-0,01;-0,02;-0,02;0,0;0,0;-0,01;-0,01;0,0;0,0;-0,03;-0,03;-0,01;-0,01;-0,02;-0,02;-0,01;-0,01;-0,01;-0,01;0,0;0,0;-0,03;-0,03
22.07.2026;01:45;02:00;0,0;0,0;-0,19;-0,19;-0,02;-0,02;0,0;0,0;-0,02;-0,02;0,0;0,0;0,0;0,0;-0,02;-0,02;0,0;0,0;0,0;0,0;0,0;0,0;0,0;0,0;0,0;0,0;0,0;0,0;-0,02;-0,02;0,0;0,0;-0,02;-0,02;-0,01;-0,01;-0,01;-0,01;-0,01;-0,01;-0,01;-0,01;-0,02;-0,02;-0,01;-0,01;-0,01;-0,01;0,0;0,0;0,0;0,0;-0,01;-0,01;-0,02;-0,02
22.07.2026;02:00;02:15;0,0;0,0;-0,2;-0,2;-0,03;-0,03;0,0;0,0;-0,03;-0,03;0,0;0,0;-0,01;-0,01;-0,02;-0,02;0,0;0,0;0,0;0,0;0,0;0,0;0,0;0,0;-0,01;-0,01;0,0;0,0;-0,03;-0,03;0,0;0,0;0,0;0,0;-0,02;-0,02;0,0;0,0;-0,01;-0,01;-0,01;-0,01;-0,03;-0,03;0,0;0,0;-0,02;-0,02;0,0;0,0;-0,02;-0,02;0,0;0,0;-0,02;-0,02
22.07.2026;02:15;02:30;0,0;0,0;-0,19;-0,19;-0,02;-0,02;-0,01;-0,01;-0,04;-0,04;-0,01;-0,01;-0,01;-0,01;-0,02;-0,02;0,0;0,0;0,0;0,0;0,0;0,0;0,0;0,0;-0,02;-0,02;0,0;0,0;-0,26;-0,26;0,0;0,0;0,0;0,0;-0,02;-0,02;0,0;0,0;0,0;0,0;-0,01;-0,01;-0,01;-0,01;-0,01;-0,01;-0,01;-0,01;0,0;0,0;0,0;0,0;-0,01;-0,01;-0,01;-0,01
22.07.2026;02:30;02:45;0,0;0,0;-0,2;-0,2;-0,02;-0,02;0,0;0,0;-0,02;-0,02;0,0;0,0;-0,01;-0,01;-0,02;-0,02;0,0;0,0;0,0;0,0;-0,01;-0,01;0,0;0,0;-0,01;-0,01;-0,01;-0,01;-0,02;-0,02;0,0;0,0;-0,01;-0,01;-0,03;-0,03;0,0;0,0;-0,01;-0,01;-0,01;-0,01;-0,01;-0,01;-0,01;-0,01;-0,02;-0,02;0,0;0,0;-0,02;-0,02;0,0;0,0;-0,01;-0,01
22.07.2026;02:45;03:00;0,0;0,0;-0,19;-0,19;-0,02;-0,02;0,0;0,0;-0,02;-0,02;0,0;0,0;0,0;0,0;-0,01;-0,01;0,0;0,0;0,0;0,0;0,0;0,0;0,0;0,0;-0,01;-0,01;0,0;0,0;-0,01;-0,01;0,0;0,0;0,0;0,0;-0,02;-0,02;-0,01;-0,01;-0,01;-0,01;-0,01;-0,01;-0,01;-0,01;-0,01;-0,01;-0,01;-0,01;0,0;0,0;0,0;0,0;-0,01;-0,01;-0,03;-0,03
22.07.2026;03:00;03:15;0,0;0,0;-0,19;-0,19;-0,02;-0,02;0,0;0,0;-0,01;-0,01;0,0;0,0;-0,02;-0,02;-0,02;-0,02;0,0;0,0;0,0;0,0;0,0;0,0;0,0;0,0;0,0;0,0;0,0;0,0;-0,02;-0,02;0,0;0,0;0,0;0,0;-0,03;-0,03;0,0;0,0;-0,01;-0,01;-0,01;-0,01;-0,01;-0,01;-0,01;-0,01;-0,02;-0,02;0,0;0,0;-0,02;-0,02;0,0;0,0;-0,02;-0,02
22.07.2026;03:15;03:30;0,0;0,0;-0,2;-0,2;-0,02;-0,02;0,0;0,0;-0,02;-0,02;0,0;0,0;0,0;0,0;-0,02;-0,02;0,0;0,0;0,0;0,0;0,0;0,0;-0,01;-0,01;-0,01;-0,01;0,0;0,0;-0,01;-0,01;-0,01;-0,01;-0,02;-0,02;-0,02;-0,02;0,0;0,0;-0,02;-0,02;-0,01;-0,01;-0,02;-0,02;-0,01;-0,01;-0,01;-0,01;0,0;0,0;0,0;0,0;-0,01;-0,01;-0,02;-0,02
22.07.2026;03:30;03:45;0,0;0,0;-0,19;-0,19;-0,02;-0,02;0,0;0,0;-0,01;-0,01;0,0;0,0;-0,02;-0,02;-0,01;-0,01;0,0;0,0;0,0;0,0;0,0;0,0;0,0;0,0;-0,02;-0,02;0,0;0,0;-0,02;-0,02;0,0;0,0;-0,02;-0,02;-0,01;-0,01;0,0;0,0;0,0;0,0;0,0;0,0;-0,02;-0,02;-0,01;-0,01;-0,02;-0,02;-0,01;-0,01;-0,02;-0,02;0,0;0,0;-0,02;-0,02
22.07.2026;03:45;04:00;0,0;0,0;-0,2;-0,2;-0,03;-0,03;0,0;0,0;-0,01;-0,01;0,0;0,0;0,0;0,0;-0,01;-0,01;-0,01;-0,01;0,0;0,0;0,0;0,0;0,0;0,0;-0,01;-0,01;0,0;0,0;-0,01;-0,01;0,0;0,0;-0,01;-0,01;-0,02;-0,02;-0,01;-0,01;-0,01;-0,01;-0,02;-0,02;-0,01;-0,01;0,0;0,0;-0,01;-0,01;0,0;0,0;0,0;0,0;-0,01;-0,01;-0,01;-0,01
22.07.2026;04:00;04:15;0,0;0,0;-0,19;-0,19;-0,02;-0,02;0,0;0,0;-0,01;-0,01;0,0;0,0;-0,01;-0,01;-0,02;-0,02;0,0;0,0;0,0;0,0;0,0;0,0;0,0;0,0;0,0;0,0;0,0;0,0;-0,02;-0,02;0,0;0,0;-0,01;-0,01;-0,01;-0,01;0,0;0,0;-0,01;-0,01;0,0;0,0;-0,02;-0,02;-0,01;-0,01;-0,02;-0,02;0,0;0,0;-0,01;-0,01;0,0;0,0;-0,02;-0,02
22.07.2026;04:15;04:30;0,0;0,0;-0,2;-0,2;-0,02;-0,02;0,0;0,0;-0,02;-0,02;-0,01;-0,01;-0,01;-0,01;-0,01;-0,01;0,0;0,0;0,0;0,0;0,0;0,0;0,0;0,0;-0,01;-0,01;0,0;0,0;-0,01;-0,01;0,0;0,0;-0,02;-0,02;-0,02;-0,02;0,0;0,0;-0,01;-0,01;-0,01;-0,01;-0,02;-0,02;-0,01;-0,01;-0,01;-0,01;0,0;0,0;-0,01;-0,01;-0,01;-0,01;-0,02;-0,02
22.07.2026;04:30;04:45;0,0;0,0;-0,19;-0,19;-0,02;-0,02;0,0;0,0;-0,01;-0,01;0,0;0,0;-0,01;-0,01;-0,02;-0,02;0,0;0,0;0,0;0,0;0,0;0,0;0,0;0,0;-0,01;-0,01;-0,01;-0,01;-0,01;-0,01;0,0;0,0;0,0;0,0;-0,01;-0,01;-0,01;-0,01;0,0;0,0;-0,01;-0,01;-0,01;-0,01;-0,01;-0,01;-0,01;-0,01;0,0;0,0;-0,01;-0,01;0,0;0,0;-0,02;-0,02
22.07.2026;04:45;05:00;0,0;0,0;-0,2;-0,2;-0,02;-0,02;0,0;0,0;-0,01;-0,01;0,0;0,0;-0,01;-0,01;-0,02;-0,02;0,0;0,0;0,0;0,0;0,0;0,0;0,0;0,0;-0,02;-0,02;0,0;0,0;-0,02;-0,02;0,0;0,0;0,0;0,0;-0,02;-0,02;0,0;0,0;-0,01;-0,01;-0,01;-0,01;-0,02;-0,02;-0,01;-0,01;-0,02;-0,02;0,0;0,0;-0,01;-0,01;-0,01;-0,01;-0,03;-0,03
22.07.2026;05:00;05:15;0,0;0,0;-0,19;-0,19;-0,01;-0,01;0,0;0,0;0,0;0,0;0,0;0,0;-0,01;-0,01;-0,02;-0,02;0,0;0,0;0,0;0,0;-0,01;-0,01;0,0;0,0;-0,01;-0,01;0,0;0,0;-0,01;-0,01;0,0;0,0;-0,01;-0,01;-0,03;-0,03;0,0;0,0;-0,01;-0,01;-0,01;-0,01;-0,01;-0,01;-0,01;-0,01;-0,01;-0,01;0,0;0,0;0,0;0,0;0,0;0,0;-0,01;-0,01
22.07.2026;05:15;05:30;0,0;0,0;-0,19;-0,19;-0,03;-0,03;0,0;0,0;-0,02;-0,02;0,0;0,0;0,0;0,0;-0,02;-0,02;0,0;0,0;0,0;0,0;0,0;0,0;0,0;0,0;0,0;0,0;0,0;0,0;-0,01;-0,01;0,0;0,0;0,0;0,0;-0,02;-0,02;0,0;0,0;-0,01;-0,01;-0,01;-0,01;-0,01;-0,01;-0,01;-0,01;-0,02;-0,02;0,0;0,0;-0,02;-0,02;0,0;0,0;-0,02;-0,02
22.07.2026;05:30;05:45;0,0;0,0;-0,2;-0,2;-0,02;-0,02;-0,01;-0,01;-0,01;-0,01;0,0;0,0;-0,01;-0,01;-0,02;-0,02;0,0;0,0;0,0;0,0;0,0;0,0;0,0;0,0;-0,01;-0,01;0,0;0,0;-0,02;-0,02;0,0;0,0;0,0;0,0;-0,03;-0,03;-0,01;-0,01;-0,02;-0,02;0,0;0,0;-0,02;-0,02;0,0;0,0;-0,01;-0,01;-0,01;-0,01;0,0;0,0;-0,01;-0,01;-0,01;-0,01
22.07.2026;05:45;06:00;0,0;0,0;-0,27;-0,27;-0,01;-0,01;0,0;0,0;-0,02;-0,02;0,0;0,0;-0,01;-0,01;-0,02;-0,02;0,0;0,0;0,0;0,0;0,0;0,0;0,0;0,0;-0,03;-0,03;0,0;0,0;-0,01;-0,01;-0,01;-0,01;-0,02;-0,02;-0,1;-0,1;0,0;0,0;-0,01;-0,01;-0,01;-0,01;-0,01;-0,01;-0,02;-0,02;-0,02;-0,02;0,0;0,0;-0,02;-0,02;-0,01;-0,01;-0,03;-0,03
22.07.2026;06:00;06:15;0,03;0,03;-0,2;-0,2;-0,02;-0,02;0,0;0,0;0,0;0,0;0,0;0,0;-0,01;-0,01;-0,01;-0,01;0,0;0,0;0,0;0,0;0,0;0,0;0,0;0,0;-0,06;-0,06;0,0;0,0;-0,02;-0,02;0,0;0,0;-0,01;-0,01;-0,02;-0,02;0,0;0,0;-0,01;-0,01;-0,01;-0,01;-0,01;-0,01;-0,01;-0,01;-0,01;-0,01;0,0;0,0;0,0;0,0;0,0;0,0;-0,02;-0,02
22.07.2026;06:15;06:30;0,07;0,07;-0,27;-0,27;-0,02;-0,02;0,0;0,0;-0,01;-0,01;-0,01;-0,01;-0,01;-0,01;-0,03;-0,03;-0,01;-0,01;-0,01;-0,01;0,0;0,0;0,0;0,0;-0,06;-0,06;0,0;0,0;-0,01;-0,01;0,0;0,0;-0,02;-0,02;-0,01;-0,01;-0,01;-0,01;-0,01;-0,01;-0,01;-0,01;-0,02;-0,02;0,0;0,0;-0,02;-0,02;0,0;0,0;-0,01;-0,01;0,0;0,0;-0,03;-0,03
22.07.2026;06:30;06:45;0,16;0,11;-0,26;-0,21;-0,03;-0,03;0,0;0,0;-0,01;-0,01;0,0;0,0;-0,01;-0,01;-0,1;-0,1;0,0;0,0;0,0;0,0;0,0;0,0;0,0;0,0;-0,02;-0,02;-0,01;-0,01;-0,01;-0,01;0,0;0,0;-0,01;-0,01;-0,02;-0,02;0,0;0,0;0,0;0,0;-0,01;-0,01;-0,01;-0,01;-0,01;-0,01;-0,01;-0,01;0,0;0,0;-0,01;-0,01;-0,01;-0,01;-0,01;-0,01
22.07.2026;06:45;07:00;0,23;0,17;-0,21;-0,15;-0,02;-0,02;0,0;0,0;-0,02;-0,02;0,0;0,0;0,0;0,0;-0,15;-0,15;0,0;0,0;0,0;0,0;0,0;0,0;0,0;0,0;-0,03;-0,03;0,0;0,0;-0,02;-0,02;0,0;0,0;-0,01;-0,01;-0,01;-0,01;0,0;0,0;-0,01;-0,01;-0,01;-0,01;-0,02;-0,02;-0,01;-0,01;-0,01;-0,01;0,0;0,0;-0,01;-0,01;0,0;0,0;-0,02;-0,02
22.07.2026;07:00;07:15;0,37;0,17;-0,22;-0,15;-0,02;-0,01;0,0;0,0;-0,01;0,0;0,0;0,0;-0,01;0,0;-0,13;-0,12;0,0;0,0;0,0;0,0;0,0;0,0;0,0;0,0;-0,02;-0,01;0,0;0,0;-0,02;-0,01;0,0;0,0;0,0;0,0;-0,04;-0,03;0,0;0,0;-0,01;0,0;-0,01;0,0;0,0;0,0;-0,01;0,0;-0,02;-0,01;0,0;0,0;0,0;0,0;-0,01;0,0;-0,01;0,0
22.07.2026;07:15;07:30;0,53;0,21;-0,21;-0,08;-0,03;-0,01;0,0;0,0;-0,01;0,0;0,0;0,0;-0,01;0,0;-0,12;-0,1;0,0;0,0;0,0;0,0;0,0;0,0;0,0;0,0;-0,01;0,0;0,0;0,0;-0,01;0,0;0,0;0,0;0,0;0,0;-0,04;-0,02;-0,01;0,0;0,0;0,0;-0,01;0,0;-0,02;0,0;0,0;0,0;-0,01;0,0;0,0;0,0;-0,02;0,0;0,0;0,0;-0,03;-0,01
22.07.2026;07:30;07:45;0,63;0,21;-0,2;-0,07;-0,13;-0,09;0,0;0,0;-0,01;0,0;0,0;0,0;-0,01;0,0;-0,11;-0,07;0,0;0,0;0,0;0,0;-0,01;0,0;0,0;0,0;-0,01;0,0;0,0;0,0;-0,01;0,0;0,0;0,0;-0,01;0,0;-0,04;0,0;0,0;0,0;-0,02;0,0;0,0;0,0;-0,01;0,0;-0,02;0,0;-0,02;0,0;-0,01;0,0;0,0;0,0;-0,01;0,0;-0,02;0,0
22.07.2026;07:45;08:00;0,77;0,29;-0,2;-0,02;-0,04;0,0;0,0;0,0;-0,03;0,0;0,0;0,0;-0,01;0,0;-0,11;-0,05;0,0;0,0;0,0;0,0;0,0;0,0;0,0;0,0;0,0;0,0;0,0;0,0;-0,02;0,0;0,0;0,0;0,0;0,0;-0,04;0,0;0,0;0,0;-0,03;0,0;-0,01;0,0;-0,01;0,0;0,0;0,0;-0,01;0,0;0,0;0,0;-0,02;0,0;0,0;0,0;-0,02;0,0
22.07.2026;08:00;08:15;1,04;0,48;-0,22;0,0;-0,01;0,0;0,0;0,0;-0,03;0,0;0,0;0,0;-0,01;0,0;-0,13;-0,04;0,0;0,0;0,0;0,0;0,0;0,0;0,0;0,0;-0,01;0,0;0,0;0,0;-0,01;0,0;0,0;0,0;-0,02;0,0;-0,05;0,0;0,0;0,0;-0,03;0,0;-0,01;0,0;-0,02;0,0;-0,01;0,0;-0,03;0,0;0,0;0,0;0,0;0,0;0,0;0,0;-0,01;0,0
22.07.2026;08:15;08:30;1,07;0,41;-0,22;0,0;-0,05;0,0;0,0;0,0;-0,01;0,0;-0,01;0,0;0,0;0,0;-0,11;-0,03;0,0;0,0;0,0;0,0;0,0;0,0;-0,01;0,0;-0,02;0,0;0,0;0,0;-0,01;0,0;-0,01;0,0;-0,02;0,0;-0,03;0,0;-0,01;0,0;-0,03;0,0;-0,01;0,0;-0,01;0,0;-0,01;0,0;-0,09;-0,01;0,0;0,0;-0,01;0,0;-0,01;0,0;-0,02;0,0
22.07.2026;08:30;08:45;0,91;0,28;-0,21;0,0;-0,14;-0,07;0,0;0,0;-0,1;-0,03;0,0;0,0;-0,01;0,0;-0,03;0,0;0,0;0,0;0,0;0,0;0,0;0,0;0,0;0,0;-0,01;0,0;-0,01;0,0;-0,02;0,0;0,0;0,0;-0,02;0,0;-0,02;0,0;0,0;0,0;-0,01;0,0;-0,01;0,0;-0,03;0,0;-0,01;0,0;-0,1;-0,03;0,0;0,0;-0,01;0,0;-0,01;0,0;-0,01;0,0
22.07.2026;08:45;09:00;1,2;0,64;-0,23;0,0;-0,01;0,0;0,0;0,0;-0,03;0,0;0,0;0,0;-0,01;0,0;-0,02;0,0;-0,01;0,0;0,0;0,0;0,0;0,0;0,0;0,0;0,0;0,0;0,0;0,0;-0,01;0,0;0,0;0,0;-0,01;0,0;-0,02;0,0;0,0;0,0;-0,02;0,0;-0,01;0,0;-0,02;0,0;0,0;0,0;-0,19;-0,06;0,0;0,0;-0,01;0,0;0,0;0,0;-0,02;0,0
22.07.2026;09:00;09:15;0,9;0,28;-0,29;-0,09;-0,02;0,0;-0,01;0,0;-0,05;0,0;0,0;0,0;-0,01;0,0;-0,02;0,0;0,0;0,0;0,0;0,0;0,0;0,0;0,0;0,0;0,0;0,0;0,0;0,0;-0,01;0,0;0,0;0,0;-0,01;0,0;-0,03;0,0;-0,01;0,0;-0,02;0,0;-0,01;0,0;-0,3;-0,23;-0,02;0,0;-0,1;-0,03;0,0;0,0;-0,01;0,0;0,0;0,0;-0,05;0,0
22.07.2026;09:15;09:30;0,09;0,09;-0,37;-0,37;-0,03;-0,03;0,0;0,0;-0,04;-0,04;0,0;0,0;-0,01;-0,01;-0,03;-0,03;0,0;0,0;0,0;0,0;0,0;0,0;0,0;0,0;-0,02;-0,02;0,0;0,0;-0,02;-0,02;0,0;0,0;0,0;0,0;-0,02;-0,02;0,0;0,0;-0,04;-0,04;-0,01;-0,01;-0,44;-0,44;-0,01;-0,01;-0,1;-0,1;0,0;0,0;0,0;0,0;-0,01;-0,01;-0,04;-0,04
22.07.2026;09:30;09:45;0,0;0,0;-0,24;-0,24;-0,02;-0,02;0,0;0,0;-0,06;-0,06;0,0;0,0;-0,01;-0,01;-0,01;-0,01;0,0;0,0;0,0;0,0;0,0;0,0;0,0;0,0;-0,01;-0,01;0,0;0,0;-0,01;-0,01;0,0;0,0;-0,01;-0,01;-0,03;-0,03;0,0;0,0;-0,02;-0,02;0,0;0,0;-0,11;-0,11;0,0;0,0;-0,36;-0,36;-0,01;-0,01;-0,02;-0,02;-0,01;-0,01;-0,04;-0,04
22.07.2026;09:45;10:00;0,39;0,19;-0,35;-0,27;-0,01;0,0;0,0;0,0;-0,06;-0,05;0,0;0,0;0,0;0,0;-0,02;-0,01;0,0;0,0;0,0;0,0;0,0;0,0;0,0;0,0;-0,01;0,0;0,0;0,0;-0,01;0,0;0,0;0,0;0,0;0,0;-0,02;-0,01;0,0;0,0;-0,02;-0,01;-0,02;-0,01;-0,1;-0,09;-0,01;0,0;-0,32;-0,31;0,0;0,0;0,0;0,0;0,0;0,0;-0,04;-0,03
22.07.2026;10:00;10:15;1,62;0,96;-0,29;0,0;-0,02;0,0;0,0;0,0;0,0;0,0;0,0;0,0;-0,02;0,0;-0,02;0,0;0,0;0,0;0,0;0,0;-0,01;0,0;0,0;0,0;0,0;0,0;0,0;0,0;-0,02;0,0;0,0;0,0;0,0;0,0;-0,03;0,0;-0,01;0,0;-0,03;0,0;-0,01;0,0;-0,08;0,0;-0,01;0,0;-0,03;0,0;0,0;0,0;-0,03;0,0;0,0;0,0;-0,05;0,0
22.07.2026;10:15;10:30;1,73;1,13;-0,29;0,0;-0,03;0,0;0,0;0,0;-0,02;0,0;-0,01;0,0;-0,02;0,0;-0,02;0,0;0,0;0,0;0,0;0,0;0,0;0,0;0,0;0,0;-0,01;0,0;0,0;0,0;-0,01;0,0;0,0;0,0;-0,01;0,0;-0,02;0,0;0,0;0,0;0,0;0,0;0,0;0,0;-0,05;0,0;-0,01;0,0;-0,03;0,0;0,0;0,0;-0,01;0,0;-0,01;0,0;-0,05;0,0
22.07.2026;10:30;10:45;1,82;1,08;-0,23;0,0;-0,02;0,0;0,0;0,0;-0,02;0,0;0,0;0,0;-0,01;0,0;-0,02;0,0;0,0;0,0;0,0;0,0;0,0;0,0;0,0;0,0;-0,01;0,0;-0,01;0,0;-0,01;0,0;0,0;0,0;-0,02;0,0;-0,02;0,0;0,0;0,0;-0,01;0,0;-0,02;0,0;-0,45;-0,25;-0,01;0,0;-0,06;0,0;0,0;0,0;-0,02;0,0;0,0;0,0;-0,05;0,0
22.07.2026;10:45;11:00;1,88;1,04;-0,23;0,0;-0,02;0,0;0,0;0,0;-0,01;0,0;0,0;0,0;-0,01;0,0;-0,02;0,0;0,0;0,0;0,0;0,0;0,0;0,0;0,0;0,0;-0,02;0,0;0,0;0,0;-0,06;0,0;-0,01;0,0;-0,01;0,0;-0,03;0,0;-0,01;0,0;0,0;0,0;0,0;0,0;-0,28;-0,08;-0,01;0,0;-0,12;0,0;0,0;0,0;-0,01;0,0;-0,01;0,0;-0,06;0,0
22.07.2026;11:00;11:15;1,98;1,09;-0,23;0,0;-0,14;0,0;0,0;0,0;-0,01;0,0;0,0;0,0;-0,01;0,0;-0,01;0,0;0,0;0,0;0,0;0,0;0,0;0,0;0,0;0,0;0,0;0,0;0,0;0,0;-0,04;0,0;0,0;0,0;-0,02;0,0;-0,03;0,0;0,0;0,0;-0,02;0,0;-0,01;0,0;-0,13;0,0;-0,01;0,0;-0,16;0,0;0,0;0,0;-0,02;0,0;0,0;0,0;-0,05;0,0
22.07.2026;11:15;11:30;1,44;0,66;-0,21;0,0;-0,07;0,0;0,0;0,0;0,0;0,0;0,0;0,0;0,0;0,0;-0,01;0,0;-0,01;0,0;-0,01;0,0;0,0;0,0;0,0;0,0;0,0;0,0;0,0;0,0;-0,02;0,0;0,0;0,0;-0,01;0,0;-0,05;0,0;-0,02;0,0;0,0;0,0;-0,01;0,0;-0,26;-0,12;0,0;0,0;-0,17;-0,03;0,0;0,0;-0,01;0,0;-0,01;0,0;-0,06;0,0
22.07.2026;11:30;11:45;1,78;0,8;-0,22;0,0;-0,36;-0,18;0,0;0,0;-0,02;0,0;0,0;0,0;-0,01;0,0;-0,01;0,0;0,0;0,0;0,0;0,0;0,0;0,0;0,0;0,0;-0,01;0,0;0,0;0,0;-0,02;0,0;0,0;0,0;0,0;0,0;-0,21;-0,03;-0,01;0,0;-0,01;0,0;-0,01;0,0;-0,06;0,0;-0,01;0,0;-0,16;0,0;-0,01;0,0;-0,01;0,0;0,0;0,0;-0,05;0,0
22.07.2026;11:45;12:00;1,63;0,73;-0,21;0,0;-0,29;-0,14;0,0;0,0;-0,01;0,0;0,0;0,0;-0,01;0,0;-0,08;0,0;0,0;0,0;0,0;0,0;0,0;0,0;0,0;0,0;-0,02;0,0;0,0;0,0;-0,01;0,0;0,0;0,0;0,0;0,0;-0,04;0,0;-0,01;0,0;0,0;0,0;-0,01;0,0;-0,14;0,0;-0,01;0,0;-0,29;-0,14;0,0;0,0;-0,01;0,0;0,0;0,0;-0,04;0,0
22.07.2026;12:00;12:15;0,42;0,18;-0,22;-0,14;-0,07;-0,06;0,0;0,0;-0,01;0,0;0,0;0,0;0,0;0,0;-0,2;-0,19;0,0;0,0;0,0;0,0;0,0;0,0;0,0;0,0;-0,01;0,0;0,0;0,0;-0,02;-0,01;0,0;0,0;-0,01;0,0;-0,35;-0,34;-0,02;-0,01;-0,02;-0,01;-0,01;0,0;-0,13;-0,12;-0,01;0,0;-0,37;-0,36;0,0;0,0;-0,01;0,0;-0,01;0,0;-0,06;-0,05
22.07.2026;12:15;12:30;1,05;0,3;-0,2;0,0;-0,09;-0,01;-0,01;0,0;-0,01;0,0;-0,01;0,0;-0,01;0,0;-0,34;-0,26;0,0;0,0;0,0;0,0;0,0;0,0;0,0;0,0;0,0;0,0;0,0;0,0;-0,01;0,0;0,0;0,0;0,0;0,0;-0,29;-0,21;-0,01;0,0;-0,01;0,0;-0,01;0,0;-0,44;-0,36;-0,01;0,0;-0,22;-0,14;0,0;0,0;-0,02;0,0;0,0;0,0;-0,04;0,0
22.07.2026;12:30;12:45;1,46;0,67;-0,21;0,0;-0,04;0,0;0,0;0,0;-0,01;0,0;0,0;0,0;-0,01;0,0;-0,1;0,0;0,0;0,0;0,0;0,0;-0,01;0,0;0,0;0,0;-0,01;0,0;-0,01;0,0;-0,01;0,0;0,0;0,0;-0,01;0,0;-0,06;0,0;-0,02;0,0;-0,01;0,0;-0,01;0,0;-0,08;0,0;-0,01;0,0;-0,12;0,0;0,0;0,0;0,0;0,0;-0,01;0,0;-0,05;0,0
22.07.2026;12:45;13:00;1,26;0,61;-0,18;0,0;-0,05;0,0;0,0;0,0;-0,01;0,0;0,0;0,0;-0,01;0,0;-0,05;0,0;0,0;0,0;0,0;0,0;0,0;0,0;0,0;0,0;-0,01;0,0;0,0;0,0;-0,02;0,0;0,0;0,0;-0,01;0,0;-0,08;0,0;-0,01;0,0;-0,01;0,0;-0,01;0,0;-0,02;0,0;-0,01;0,0;-0,1;0,0;0,0;0,0;-0,02;0,0;0,0;0,0;-0,05;0,0
22.07.2026;13:00;13:15;0,23;0,17;-0,19;-0,13;-0,15;-0,15;0,0;0,0;-0,01;-0,01;0,0;0,0;-0,01;-0,01;-0,06;-0,06;0,0;0,0;0,0;0,0;0,0;0,0;0,0;0,0;-0,02;-0,02;0,0;0,0;-0,01;-0,01;0,0;0,0;-0,02;-0,02;-0,27;-0,27;-0,01;-0,01;0,0;0,0;-0,01;-0,01;-0,01;-0,01;0,0;0,0;-0,05;-0,05;0,0;0,0;-0,01;-0,01;-0,01;-0,01;-0,03;-0,03
22.07.2026;13:15;13:30;0,02;0,02;-0,17;-0,17;-0,33;-0,33;0,0;0,0;-0,02;-0,02;0,0;0,0;-0,01;-0,01;-0,07;-0,07;0,0;0,0;0,0;0,0;0,0;0,0;-0,01;-0,01;0,0;0,0;0,0;0,0;-0,01;-0,01;-0,01;-0,01;-0,01;-0,01;-0,04;-0,04;-0,02;-0,02;-0,01;-0,01;-0,01;-0,01;-0,02;-0,02;-0,01;-0,01;-0,04;-0,04;0,0;0,0;-0,01;-0,01;0,0;0,0;-0,01;-0,01
22.07.2026;13:30;13:45;0,0;0,0;-0,18;-0,18;-0,03;-0,03;0,0;0,0;0,0;0,0;0,0;0,0;0,0;0,0;-0,07;-0,07;0,0;0,0;0,0;0,0;0,0;0,0;0,0;0,0;-0,01;-0,01;0,0;0,0;-0,01;-0,01;0,0;0,0;-0,02;-0,02;-0,04;-0,04;-0,04;-0,04;-0,01;-0,01;0,0;0,0;-0,01;-0,01;-0,01;-0,01;-0,03;-0,03;-0,01;-0,01;-0,01;-0,01;-0,01;-0,01;-0,02;-0,02
22.07.2026;13:45;14:00;0,86;0,35;-0,19;0,0;-0,03;0,0;0,0;0,0;-0,01;0,0;0,0;0,0;-0,01;0,0;-0,31;-0,24;-0,01;0,0;0,0;0,0;0,0;0,0;0,0;0,0;0,0;0,0;0,0;0,0;-0,02;0,0;0,0;0,0;0,0;0,0;-0,04;0,0;-0,02;0,0;-0,01;0,0;-0,02;0,0;-0,02;0,0;-0,01;0,0;-0,02;0,0;0,0;0,0;-0,01;0,0;0,0;0,0;-0,02;0,0
22.07.2026;14:00;14:15;1,76;1,19;-0,19;0,0;-0,02;0,0;0,0;0,0;-0,01;0,0;0,0;0,0;-0,01;0,0;-0,15;0,0;0,0;0,0;0,0;0,0;0,0;0,0;0,0;0,0;-0,01;0,0;0,0;0,0;-0,01;0,0;0,0;0,0;0,0;0,0;-0,04;0,0;-0,02;0,0;-0,01;0,0;-0,01;0,0;-0,01;0,0;-0,01;0,0;-0,04;0,0;0,0;0,0;-0,01;0,0;0,0;0,0;-0,02;0,0
22.07.2026;14:15;14:30;1,4;0,81;-0,22;0,0;0,0;0,0;0,0;0,0;-0,02;0,0;-0,01;0,0;0,0;0,0;-0,37;-0,23;0,0;0,0;0,0;0,0;0,0;0,0;0,0;0,0;-0,02;0,0;0,0;0,0;-0,01;0,0;0,0;0,0;0,0;0,0;-0,04;0,0;-0,02;0,0;-0,01;0,0;0,0;0,0;-0,01;0,0;-0,01;0,0;-0,04;0,0;0,0;0,0;-0,01;0,0;-0,01;0,0;-0,02;0,0
22.07.2026;14:30;14:45;0,74;0,25;-0,23;-0,07;-0,02;0,0;0,0;0,0;-0,01;0,0;0,0;0,0;-0,01;0,0;-0,21;-0,16;0,0;0,0;0,0;0,0;0,0;0,0;0,0;0,0;0,0;0,0;-0,01;0,0;-0,01;0,0;0,0;0,0;-0,01;0,0;-0,04;0,0;-0,01;0,0;-0,01;0,0;-0,02;0,0;-0,02;0,0;-0,01;0,0;-0,04;0,0;0,0;0,0;-0,03;0,0;-0,01;0,0;-0,02;0,0
22.07.2026;14:45;15:00;0,83;0,34;-0,23;-0,01;-0,03;0,0;0,0;0,0;0,0;0,0;0,0;0,0;-0,01;0,0;-0,16;-0,09;0,0;0,0;0,0;0,0;0,0;0,0;0,0;0,0;-0,01;0,0;0,0;0,0;-0,01;0,0;0,0;0,0;0,0;0,0;-0,04;0,0;-0,01;0,0;-0,01;0,0;0,0;0,0;-0,01;0,0;0,0;0,0;-0,04;0,0;0,0;0,0;-0,02;0,0;0,0;0,0;-0,01;0,0
22.07.2026;15:00;15:15;0,64;0,21;-0,21;-0,07;-0,02;0,0;0,0;0,0;-0,01;0,0;0,0;0,0;-0,01;0,0;-0,15;-0,12;0,0;0,0;0,0;0,0;-0,01;0,0;0,0;0,0;0,0;0,0;0,0;0,0;-0,01;0,0;0,0;0,0;-0,02;0,0;-0,04;-0,01;-0,02;0,0;-0,03;0,0;-0,01;0,0;-0,01;0,0;-0,01;0,0;-0,03;0,0;0,0;0,0;-0,04;-0,01;0,0;0,0;-0,01;0,0
22.07.2026;15:15;15:30;1,07;0,47;-0,19;0,0;-0,01;0,0;0,0;0,0;-0,02;0,0;0,0;0,0;-0,01;0,0;-0,21;-0,12;0,0;0,0;0,0;0,0;0,0;0,0;0,0;0,0;-0,02;0,0;0,0;0,0;-0,02;0,0;0,0;0,0;-0,01;0,0;-0,01;0,0;-0,01;0,0;-0,02;0,0;-0,01;0,0;-0,01;0,0;-0,01;0,0;-0,03;0,0;0,0;0,0;-0,11;-0,02;-0,01;0,0;-0,03;0,0
22.07.2026;15:30;15:45;1,15;0,56;-0,18;0,0;-0,02;0,0;-0,01;0,0;-0,01;0,0;0,0;0,0;-0,01;0,0;-0,47;-0,35;0,0;0,0;0,0;0,0;0,0;0,0;0,0;0,0;-0,01;0,0;0,0;0,0;-0,01;0,0;0,0;0,0;-0,02;0,0;-0,01;0,0;-0,02;0,0;-0,03;0,0;-0,01;0,0;-0,01;0,0;-0,01;0,0;-0,04;0,0;-0,01;0,0;-0,04;0,0;0,0;0,0;-0,02;0,0
22.07.2026;15:45;16:00;0,83;0,26;-0,21;-0,02;-0,03;0,0;0,0;0,0;-0,01;0,0;0,0;0,0;0,0;0,0;-0,08;-0,03;0,0;0,0;0,0;0,0;0,0;0,0;0,0;0,0;-0,1;-0,05;0,0;0,0;-0,01;0,0;-0,01;0,0;-0,01;0,0;-0,02;0,0;-0,01;0,0;-0,05;0,0;-0,01;0,0;-0,01;0,0;-0,01;0,0;-0,03;0,0;0,0;0,0;-0,03;0,0;-0,01;0,0;-0,03;0,0
22.07.2026;16:00;16:15;1,17;0,54;-0,19;0,0;-0,03;0,0;0,0;0,0;-0,01;0,0;0,0;0,0;-0,01;0,0;-0,03;0,0;0,0;0,0;0,0;0,0;0,0;0,0;0,0;0,0;-0,18;-0,07;0,0;0,0;-0,01;0,0;0,0;0,0;-0,01;0,0;-0,02;0,0;-0,01;0,0;-0,17;-0,06;-0,01;0,0;-0,01;0,0;-0,01;0,0;-0,03;0,0;0,0;0,0;-0,01;0,0;0,0;0,0;-0,02;0,0
22.07.2026;16:15;16:30;0,48;0,2;-0,18;-0,08;-0,01;0,0;0,0;0,0;-0,01;0,0;-0,01;0,0;-0,06;-0,05;-0,02;-0,01;-0,01;0,0;-0,01;0,0;0,0;0,0;0,0;0,0;-0,03;-0,02;0,0;0,0;-0,01;0,0;0,0;0,0;0,0;0,0;-0,1;-0,09;-0,02;-0,01;-0,26;-0,25;0,0;0,0;-0,02;-0,01;-0,01;0,0;-0,03;-0,02;0,0;0,0;-0,02;-0,01;-0,01;0,0;-0,01;0,0
22.07.2026;16:30;16:45;0,85;0,29;-0,19;0,0;-0,01;0,0;0,0;0,0;-0,01;0,0;0,0;0,0;-0,08;-0,02;-0,03;0,0;0,0;0,0;0,0;0,0;0,0;0,0;0,0;0,0;0,0;0,0;-0,01;0,0;-0,01;0,0;0,0;0,0;0,0;0,0;-0,03;0,0;-0,05;0,0;-0,07;-0,01;-0,02;0,0;-0,01;0,0;0,0;0,0;-0,04;0,0;0,0;0,0;-0,01;0,0;0,0;0,0;-0,02;0,0
22.07.2026;16:45;17:00;0,89;0,26;-0,24;-0,04;-0,03;0,0;0,0;0,0;-0,02;0,0;0,0;0,0;-0,1;-0,03;-0,04;0,0;0,0;0,0;0,0;0,0;0,0;0,0;0,0;0,0;-0,01;0,0;0,0;0,0;-0,02;0,0;0,0;0,0;-0,01;0,0;-0,02;0,0;-0,01;0,0;-0,42;-0,35;-0,01;0,0;-0,24;-0,17;-0,01;0,0;-0,02;0,0;0,0;0,0;-0,01;0,0;0,0;0,0;-0,01;0,0
22.07.2026;17:00;17:15;0,58;0,19;-0,19;-0,09;-0,09;-0,06;0,0;0,0;0,0;0,0;0,0;0,0;-0,09;-0,06;-0,06;-0,03;0,0;0,0;0,0;0,0;0,0;0,0;0,0;0,0;0,0;0,0;0,0;0,0;-0,01;0,0;0,0;0,0;0,0;0,0;-0,03;0,0;-0,01;0,0;-0,35;-0,32;0,0;0,0;-0,26;-0,23;-0,02;0,0;-0,02;0,0;0,0;0,0;-0,01;0,0;-0,01;0,0;-0,03;0,0
22.07.2026;17:15;17:30;0,0;0,0;-0,19;-0,19;-0,01;-0,01;0,0;0,0;-0,01;-0,01;0,0;0,0;-0,04;-0,04;-0,3;-0,3;0,0;0,0;0,0;0,0;0,0;0,0;0,0;0,0;-0,02;-0,02;0,0;0,0;-0,01;-0,01;0,0;0,0;-0,01;-0,01;-0,03;-0,03;-0,01;-0,01;-0,07;-0,07;-0,02;-0,02;-0,2;-0,2;0,0;0,0;-0,01;-0,01;0,0;0,0;-0,01;-0,01;-0,01;-0,01;-0,02;-0,02
22.07.2026;17:30;17:45;0,0;0,0;-0,18;-0,18;-0,02;-0,02;0,0;0,0;-0,01;-0,01;0,0;0,0;-0,01;-0,01;-0,14;-0,14;0,0;0,0;0,0;0,0;-0,01;-0,01;0,0;0,0;-0,01;-0,01;0,0;0,0;-0,01;-0,01;0,0;0,0;-0,02;-0,02;-0,02;-0,02;-0,01;-0,01;-0,09;-0,09;0,0;0,0;-0,06;-0,06;-0,01;-0,01;-0,02;-0,02;-0,01;-0,01;-0,01;-0,01;0,0;0,0;-0,02;-0,02
22.07.2026;17:45;18:00;0,01;0,01;-0,19;-0,19;-0,03;-0,03;0,0;0,0;-0,02;-0,02;0,0;0,0;-0,01;-0,01;-0,1;-0,1;-0,01;-0,01;0,0;0,0;0,0;0,0;0,0;0,0;-0,01;-0,01;0,0;0,0;-0,02;-0,02;0,0;0,0;-0,01;-0,01;-0,08;-0,08;-0,01;-0,01;-0,09;-0,09;-0,01;-0,01;-0,03;-0,03;-0,01;-0,01;-0,01;-0,01;0,0;0,0;-0,02;-0,02;0,0;0,0;-0,02;-0,02
22.07.2026;18:00;18:15;0,18;0,13;-0,29;-0,24;-0,03;-0,03;0,0;0,0;-0,01;-0,01;0,0;0,0;-0,01;-0,01;-0,1;-0,1;0,0;0,0;0,0;0,0;0,0;0,0;0,0;0,0;0,0;0,0;0,0;0,0;-0,01;-0,01;0,0;0,0;-0,02;-0,02;-0,02;-0,02;0,0;0,0;-0,05;-0,05;-0,01;-0,01;-0,24;-0,24;-0,01;-0,01;-0,07;-0,07;0,0;0,0;-0,04;-0,04;-0,01;-0,01;-0,02;-0,02
22.07.2026;18:15;18:30;0,22;0,17;-0,32;-0,27;-0,03;-0,03;0,0;0,0;-0,01;-0,01;-0,01;-0,01;-0,32;-0,32;-0,11;-0,11;0,0;0,0;0,0;0,0;0,0;0,0;-0,01;-0,01;-0,11;-0,11;0,0;0,0;-0,01;-0,01;-0,01;-0,01;-0,01;-0,01;-0,03;-0,03;0,0;0,0;-0,03;-0,03;-0,01;-0,01;-0,03;-0,03;0,0;0,0;-0,02;-0,02;0,0;0,0;-0,02;-0,02;-0,01;-0,01;-0,01;-0,01
22.07.2026;18:30;18:45;0,11;0,11;-0,29;-0,29;-0,16;-0,16;0,0;0,0;0,0;0,0;0,0;0,0;-0,01;-0,01;-0,11;-0,11;0,0;0,0;0,0;0,0;0,0;0,0;0,0;0,0;-0,11;-0,11;-0,01;-0,01;-0,08;-0,08;0,0;0,0;0,0;0,0;-0,06;-0,06;-0,01;-0,01;-0,02;-0,02;-0,01;-0,01;-0,04;-0,04;-0,02;-0,02;-0,03;-0,03;0,0;0,0;-0,02;-0,02;0,0;0,0;-0,02;-0,02
22.07.2026;18:45;19:00;0,1;0,1;-0,2;-0,2;-0,41;-0,41;0,0;0,0;-0,02;-0,02;0,0;0,0;-0,01;-0,01;-0,09;-0,09;-0,01;-0,01;0,0;0,0;0,0;0,0;0,0;0,0;-0,13;-0,13;0,0;0,0;-0,09;-0,09;0,0;0,0;-0,01;-0,01;-0,07;-0,07;0,0;0,0;-0,02;-0,02;-0,01;-0,01;-0,05;-0,05;-0,01;-0,01;-0,09;-0,09;0,0;0,0;-0,01;-0,01;0,0;0,0;-0,02;-0,02
22.07.2026;19:00;19:15;0,12;0,11;-0,18;-0,17;-0,07;-0,07;-0,01;-0,01;-0,01;-0,01;0,0;0,0;-0,04;-0,04;-0,12;-0,12;-0,01;-0,01;0,0;0,0;0,0;0,0;0,0;0,0;-0,12;-0,12;0,0;0,0;-0,08;-0,08;0,0;0,0;-0,03;-0,03;-0,07;-0,07;0,0;0,0;0,0;0,0;-0,01;-0,01;-0,08;-0,08;0,0;0,0;-0,08;-0,08;0,0;0,0;-0,01;-0,01;-0,01;-0,01;-0,03;-0,03
22.07.2026;19:15;19:30;0,16;0,11;-0,2;-0,15;-0,1;-0,1;0,0;0,0;-0,01;-0,01;0,0;0,0;-0,04;-0,04;-0,09;-0,09;0,0;0,0;0,0;0,0;0,0;0,0;0,0;0,0;-0,13;-0,13;0,0;0,0;-0,07;-0,07;0,0;0,0;-0,02;-0,02;-0,08;-0,08;-0,01;-0,01;-0,01;-0,01;-0,01;-0,01;-0,04;-0,04;-0,01;-0,01;-0,08;-0,08;0,0;0,0;-0,01;-0,01;-0,01;-0,01;-0,02;-0,02
22.07.2026;19:30;19:45;0,15;0,11;-0,23;-0,19;-0,04;-0,04;0,0;0,0;-0,01;-0,01;0,0;0,0;-0,04;-0,04;-0,36;-0,36;0,0;0,0;0,0;0,0;0,0;0,0;0,0;0,0;-0,13;-0,13;0,0;0,0;-0,07;-0,07;0,0;0,0;-0,03;-0,03;-0,07;-0,07;0,0;0,0;-0,01;-0,01;-0,01;-0,01;-0,03;-0,03;-0,01;-0,01;-0,1;-0,1;-0,01;-0,01;-0,01;-0,01;0,0;0,0;-0,02;-0,02
22.07.2026;19:45;20:00;0,05;0,05;-0,23;-0,23;-0,05;-0,05;0,0;0,0;-0,01;-0,01;0,0;0,0;-0,04;-0,04;-0,39;-0,39;0,0;0,0;0,0;0,0;0,0;0,0;0,0;0,0;-0,11;-0,11;0,0;0,0;-0,09;-0,09;0,0;0,0;-0,03;-0,03;-0,06;-0,06;0,0;0,0;-0,02;-0,02;-0,01;-0,01;-0,02;-0,02;-0,01;-0,01;-0,07;-0,07;0,0;0,0;-0,01;-0,01;0,0;0,0;-0,01;-0,01
22.07.2026;20:00;20:15;0,01;0,01;-0,18;-0,18;-0,06;-0,06;0,0;0,0;-0,01;-0,01;0,0;0,0;-0,04;-0,04;-0,4;-0,4;0,0;0,0;0,0;0,0;-0,01;-0,01;0,0;0,0;-0,04;-0,04;0,0;0,0;-0,07;-0,07;0,0;0,0;-0,04;-0,04;-0,06;-0,06;0,0;0,0;0,0;0,0;-0,01;-0,01;-0,01;-0,01;-0,01;-0,01;-0,08;-0,08;0,0;0,0;-0,02;-0,02;-0,01;-0,01;-0,02;-0,02
22.07.2026;20:15;20:30;0,02;0,02;-0,2;-0,2;-0,06;-0,06;0,0;0,0;-0,02;-0,02;-0,01;-0,01;-0,03;-0,03;-0,19;-0,19;0,0;0,0;0,0;0,0;0,0;0,0;0,0;0,0;-0,07;-0,07;0,0;0,0;-0,05;-0,05;0,0;0,0;-0,03;-0,03;-0,06;-0,06;-0,01;-0,01;-0,01;-0,01;0,0;0,0;-0,02;-0,02;-0,01;-0,01;-0,09;-0,09;0,0;0,0;0,0;0,0;0,0;0,0;-0,04;-0,04
22.07.2026;20:30;20:45;0,01;0,01;-0,27;-0,27;-0,05;-0,05;0,0;0,0;-0,01;-0,01;0,0;0,0;-0,04;-0,04;-0,39;-0,39;0,0;0,0;0,0;0,0;0,0;0,0;0,0;0,0;-0,03;-0,03;-0,01;-0,01;-0,03;-0,03;0,0;0,0;-0,03;-0,03;-0,05;-0,05;0,0;0,0;-0,03;-0,03;-0,02;-0,02;-0,01;-0,01;-0,01;-0,01;-0,08;-0,08;0,0;0,0;-0,01;-0,01;-0,01;-0,01;-0,04;-0,04
22.07.2026;20:45;21:00;0,0;0,0;-0,18;-0,18;-0,04;-0,04;0,0;0,0;0,0;0,0;0,0;0,0;-0,03;-0,03;-0,32;-0,32;-0,01;-0,01;0,0;0,0;0,0;0,0;0,0;0,0;-0,03;-0,03;0,0;0,0;-0,02;-0,02;-0,01;-0,01;-0,03;-0,03;-0,05;-0,05;0,0;0,0;-0,02;-0,02;0,0;0,0;-0,01;-0,01;0,0;0,0;-0,1;-0,1;0,0;0,0;-0,02;-0,02;0,0;0,0;-0,06;-0,06
22.07.2026;21:00;21:15;0,0;0,0;-0,18;-0,18;-0,05;-0,05;0,0;0,0;-0,01;-0,01;0,0;0,0;-0,03;-0,03;-0,23;-0,23;0,0;0,0;0,0;0,0;0,0;0,0;0,0;0,0;-0,03;-0,03;0,0;0,0;-0,03;-0,03;0,0;0,0;-0,02;-0,02;-0,05;-0,05;0,0;0,0;-0,02;-0,02;-0,01;-0,01;-0,01;-0,01;-0,01;-0,01;-0,02;-0,02;0,0;0,0;0,0;0,0;-0,01;-0,01;-0,05;-0,05
22.07.2026;21:15;21:30;0,0;0,0;-0,28;-0,28;-0,06;-0,06;0,0;0,0;-0,05;-0,05;0,0;0,0;-0,03;-0,03;-0,2;-0,2;0,0;0,0;-0,01;-0,01;0,0;0,0;0,0;0,0;-0,01;-0,01;0,0;0,0;-0,02;-0,02;0,0;0,0;-0,02;-0,02;-0,05;-0,05;0,0;0,0;-0,02;-0,02;-0,01;-0,01;-0,01;-0,01;-0,01;-0,01;-0,01;-0,01;0,0;0,0;-0,01;-0,01;0,0;0,0;-0,06;-0,06
22.07.2026;21:30;21:45;0,0;0,0;-0,17;-0,17;-0,06;-0,06;0,0;0,0;-0,04;-0,04;0,0;0,0;-0,03;-0,03;-0,19;-0,19;0,0;0,0;0,0;0,0;0,0;0,0;0,0;0,0;-0,02;-0,02;0,0;0,0;-0,02;-0,02;0,0;0,0;-0,24;-0,24;-0,04;-0,04;0,0;0,0;-0,01;-0,01;-0,01;-0,01;-0,01;-0,01;-0,01;-0,01;-0,02;-0,02;-0,01;-0,01;-0,01;-0,01;0,0;0,0;-0,04;-0,04
22.07.2026;21:45;22:00;0,0;0,0;-0,17;-0,17;-0,04;-0,04;0,0;0,0;-0,04;-0,04;0,0;0,0;-0,06;-0,06;-0,23;-0,23;0,0;0,0;0,0;0,0;0,0;0,0;0,0;0,0;-0,03;-0,03;0,0;0,0;-0,03;-0,03;0,0;0,0;-0,27;-0,27;-0,02;-0,02;0,0;0,0;-0,02;-0,02;-0,01;-0,01;-0,01;-0,01;-0,01;-0,01;-0,02;-0,02;0,0;0,0;-0,01;-0,01;-0,01;-0,01;-0,03;-0,03
22.07.2026;22:00;22:15;0,0;0,0;-0,19;-0,19;-0,04;-0,04;0,0;0,0;-0,04;-0,04;0,0;0,0;-0,09;-0,09;-0,17;-0,17;0,0;0,0;0,0;0,0;0,0;0,0;0,0;0,0;-0,02;-0,02;0,0;0,0;-0,03;-0,03;0,0;0,0;-0,16;-0,16;-0,02;-0,02;0,0;0,0;-0,01;-0,01;-0,01;-0,01;-0,01;-0,01;-0,01;-0,01;-0,02;-0,02;0,0;0,0;-0,02;-0,02;-0,01;-0,01;-0,02;-0,02
22.07.2026;22:15;22:30;0,0;0,0;-0,19;-0,19;-0,06;-0,06;-0,01;-0,01;-0,02;-0,02;-0,01;-0,01;-0,09;-0,09;-0,09;-0,09;0,0;0,0;0,0;0,0;0,0;0,0;0,0;0,0;0,0;0,0;0,0;0,0;-0,04;-0,04;0,0;0,0;-0,1;-0,1;-0,01;-0,01;0,0;0,0;0,0;0,0;0,0;0,0;-0,01;-0,01;-0,01;-0,01;-0,02;-0,02;0,0;0,0;-0,01;-0,01;0,0;0,0;-0,03;-0,03
22.07.2026;22:30;22:45;0,0;0,0;-0,18;-0,18;-0,06;-0,06;0,0;0,0;-0,04;-0,04;0,0;0,0;-0,06;-0,06;-0,09;-0,09;0,0;0,0;0,0;0,0;-0,01;-0,01;0,0;0,0;0,0;0,0;-0,01;-0,01;-0,03;-0,03;0,0;0,0;-0,04;-0,04;-0,02;-0,02;0,0;0,0;-0,01;-0,01;-0,02;-0,02;-0,02;-0,02;0,0;0,0;-0,01;-0,01;0,0;0,0;-0,04;-0,04;0,0;0,0;-0,03;-0,03
22.07.2026;22:45;23:00;0,0;0,0;-0,17;-0,17;-0,05;-0,05;0,0;0,0;-0,03;-0,03;0,0;0,0;-0,01;-0,01;-0,09;-0,09;0,0;0,0;0,0;0,0;0,0;0,0;0,0;0,0;-0,01;-0,01;0,0;0,0;-0,03;-0,03;0,0;0,0;-0,02;-0,02;-0,01;-0,01;-0,01;-0,01;-0,01;-0,01;0,0;0,0;-0,01;-0,01;-0,01;-0,01;-0,02;-0,02;0,0;0,0;-0,02;-0,02;-0,01;-0,01;-0,02;-0,02
22.07.2026;23:00;23:15;0,0;0,0;-0,17;-0,17;-0,04;-0,04;0,0;0,0;-0,04;-0,04;0,0;0,0;-0,02;-0,02;-0,08;-0,08;0,0;0,0;0,0;0,0;0,0;0,0;0,0;0,0;-0,01;-0,01;0,0;0,0;-0,05;-0,05;0,0;0,0;-0,02;-0,02;-0,01;-0,01;0,0;0,0;0,0;0,0;-0,01;-0,01;0,0;0,0;-0,06;-0,06;-0,02;-0,02;0,0;0,0;-0,03;-0,03;0,0;0,0;-0,1;-0,1
22.07.2026;23:15;23:30;0,0;0,0;-0,23;-0,23;-0,06;-0,06;0,0;0,0;-0,03;-0,03;0,0;0,0;-0,01;-0,01;-0,08;-0,08;-0,01;-0,01;0,0;0,0;0,0;0,0;-0,01;-0,01;-0,02;-0,02;0,0;0,0;-0,08;-0,08;-0,01;-0,01;-0,01;-0,01;-0,02;-0,02;0,0;0,0;-0,02;-0,02;-0,02;-0,02;-0,02;-0,02;-0,21;-0,21;-0,01;-0,01;0,0;0,0;-0,03;-0,03;-0,01;-0,01;-0,09;-0,09
22.07.2026;23:30;23:45;0,0;0,0;-0,21;-0,21;-0,05;-0,05;0,0;0,0;-0,03;-0,03;0,0;0,0;-0,02;-0,02;-0,06;-0,06;0,0;0,0;0,0;0,0;0,0;0,0;0,0;0,0;-0,01;-0,01;0,0;0,0;-0,08;-0,08;0,0;0,0;-0,01;-0,01;-0,02;-0,02;0,0;0,0;-0,01;-0,01;0,0;0,0;-0,03;-0,03;-0,02;-0,02;-0,02;-0,02;-0,01;-0,01;-0,02;-0,02;0,0;0,0;-0,08;-0,08
22.07.2026;23:45;00:00;0,0;0,0;-0,2;-0,2;-0,03;-0,03;0,0;0,0;-0,03;-0,03;0,0;0,0;-0,01;-0,01;-0,07;-0,07;0,0;0,0;0,0;0,0;0,0;0,0;0,0;0,0;0,0;0,0;0,0;0,0;-0,03;-0,03;0,0;0,0;0,0;0,0;-0,02;-0,02;0,0;0,0;-0,01;-0,01;-0,01;-0,01;-0,16;-0,16;-0,01;-0,01;-0,02;-0,02;0,0;0,0;-0,04;-0,04;-0,01;-0,01;-0,06;-0,06
23.07.2026;00:00;00:15;0,0;0,0;-0,17;-0,17;-0,02;-0,02;0,0;0,0;-0,03;-0,03;0,0;0,0;0,0;0,0;-0,15;-0,15;0,0;0,0;0,0;0,0;0,0;0,0;0,0;0,0;0,0;0,0;0,0;0,0;-0,02;-0,02;0,0;0,0;-0,02;-0,02;-0,03;-0,03;0,0;0,0;-0,01;-0,01;-0,01;-0,01;-0,12;-0,12;-0,02;-0,02;-0,01;-0,01;0,0;0,0;-0,02;-0,02;0,0;0,0;-0,03;-0,03
23.07.2026;00:15;00:30;0,0;0,0;-0,16;-0,16;-0,04;-0,04;0,0;0,0;-0,04;-0,04;-0,01;-0,01;-0,02;-0,02;-0,16;-0,16;0,0;0,0;0,0;0,0;0,0;0,0;0,0;0,0;-0,01;-0,01;0,0;0,0;-0,01;-0,01;0,0;0,0;-0,01;-0,01;-0,02;-0,02;0,0;0,0;0,0;0,0;0,0;0,0;-0,06;-0,06;-0,01;-0,01;-0,02;-0,02;0,0;0,0;-0,02;-0,02;-0,01;-0,01;-0,02;-0,02
23.07.2026;00:30;00:45;0,0;0,0;-0,17;-0,17;-0,06;-0,06;0,0;0,0;-0,03;-0,03;0,0;0,0;-0,01;-0,01;-0,14;-0,14;0,0;0,0;0,0;0,0;0,0;0,0;0,0;0,0;-0,02;-0,02;-0,01;-0,01;-0,02;-0,02;0,0;0,0;-0,02;-0,02;-0,02;-0,02;0,0;0,0;-0,01;-0,01;-0,02;-0,02;-0,02;-0,02;0,0;0,0;-0,01;-0,01;0,0;0,0;-0,02;-0,02;0,0;0,0;-0,02;-0,02
23.07.2026;00:45;01:00;0,0;0,0;-0,2;-0,2;-0,03;-0,03;0,0;0,0;-0,02;-0,02;0,0;0,0;-0,01;-0,01;-0,15;-0,15;0,0;0,0;0,0;0,0;0,0;0,0;0,0;0,0;-0,01;-0,01;0,0;0,0;-0,01;-0,01;0,0;0,0;-0,01;-0,01;-0,01;-0,01;0,0;0,0;-0,01;-0,01;0,0;0,0;-0,02;-0,02;-0,01;-0,01;-0,02;-0,02;0,0;0,0;-0,02;-0,02;0,0;0,0;-0,01;-0,01
23.07.2026;01:00;01:15;0,0;0,0;-0,17;-0,17;-0,03;-0,03;0,0;0,0;-0,03;-0,03;0,0;0,0;-0,01;-0,01;-0,07;-0,07;0,0;0,0;0,0;0,0;-0,01;-0,01;0,0;0,0;-0,01;-0,01;0,0;0,0;-0,02;-0,02;0,0;0,0;0,0;0,0;-0,01;-0,01;0,0;0,0;-0,01;-0,01;-0,01;-0,01;-0,02;-0,02;-0,01;-0,01;-0,01;-0,01;0,0;0,0;-0,03;-0,03;-0,01;-0,01;-0,01;-0,01
23.07.2026;01:15;01:30;0,0;0,0;-0,21;-0,21;-0,02;-0,02;0,0;0,0;-0,02;-0,02;0,0;0,0;-0,01;-0,01;-0,02;-0,02;0,0;0,0;0,0;0,0;0,0;0,0;0,0;0,0;0,0;0,0;0,0;0,0;-0,01;-0,01;0,0;0,0;-0,01;-0,01;-0,02;-0,02;-0,01;-0,01;0,0;0,0;-0,02;-0,02;-0,02;-0,02;-0,01;-0,01;-0,02;-0,02;0,0;0,0;-0,01;-0,01;-0,01;-0,01;-0,03;-0,03
23.07.2026;01:30;01:45;0,0;0,0;-0,16;-0,16;-0,03;-0,03;-0,01;-0,01;-0,01;-0,01;0,0;0,0;-0,01;-0,01;-0,02;-0,02;0,0;0,0;0,0;0,0;0,0;0,0;0,0;0,0;-0,01;-0,01;0,0;0,0;-0,01;-0,01;0,0;0,0;0,0;0,0;-0,01;-0,01;0,0;0,0;-0,02;-0,02;0,0;0,0;-0,02;-0,02;-0,01;-0,01;-0,01;-0,01;-0,01;-0,01;-0,01;-0,01;0,0;0,0;-0,02;-0,02
23.07.2026;01:45;02:00;0,0;0,0;-0,17;-0,17;-0,03;-0,03;0,0;0,0;0,0;0,0;0,0;0,0;-0,01;-0,01;-0,03;-0,03;-0,01;-0,01;0,0;0,0;0,0;0,0;0,0;0,0;-0,01;-0,01;0,0;0,0;-0,02;-0,02;-0,01;-0,01;0,0;0,0;-0,01;-0,01;0,0;0,0;-0,01;-0,01;-0,01;-0,01;-0,01;-0,01;-0,01;-0,01;-0,02;-0,02;0,0;0,0;-0,01;-0,01;0,0;0,0;-0,02;-0,02
23.07.2026;02:00;02:15;0,0;0,0;-0,29;-0,29;-0,03;-0,03;0,0;0,0;-0,01;-0,01;0,0;0,0;-0,01;-0,01;-0,01;-0,01;0,0;0,0;0,0;0,0;0,0;0,0;0,0;0,0;-0,02;-0,02;0,0;0,0;-0,01;-0,01;0,0;0,0;-0,01;-0,01;-0,03;-0,03;0,0;0,0;-0,01;-0,01;-0,01;-0,01;-0,03;-0,03;-0,01;-0,01;-0,02;-0,02;0,0;0,0;-0,03;-0,03;-0,01;-0,01;-0,02;-0,02
23.07.2026;02:15;02:30;0,0;0,0;-0,21;-0,21;0,0;0,0;0,0;0,0;-0,02;-0,02;-0,01;-0,01;-0,01;-0,01;0,0;0,0;0,0;0,0;-0,01;-0,01;0,0;0,0;0,0;0,0;-0,01;-0,01;0,0;0,0;-0,02;-0,02;0,0;0,0;-0,02;-0,02;-0,02;-0,02;0,0;0,0;0,0;0,0;0,0;0,0;-0,01;-0,01;0,0;0,0;-0,04;-0,04;0,0;0,0;-0,01;-0,01;-0,01;-0,01;-0,02;-0,02
23.07.2026;02:30;02:45;0,0;0,0;-0,17;-0,17;-0,02;-0,02;0,0;0,0;-0,01;-0,01;0,0;0,0;-0,01;-0,01;-0,02;-0,02;0,0;0,0;0,0;0,0;0,0;0,0;0,0;0,0;0,0;0,0;-0,01;-0,01;-0,01;-0,01;0,0;0,0;-0,02;-0,02;-0,02;-0,02;0,0;0,0;-0,01;-0,01;-0,02;-0,02;-0,02;-0,02;-0,02;-0,02;-0,02;-0,02;0,0;0,0;-0,02;-0,02;0,0;0,0;-0,01;-0,01
23.07.2026;02:45;03:00;0,0;0,0;-0,17;-0,17;-0,03;-0,03;0,0;0,0;-0,01;-0,01;0,0;0,0;0,0;0,0;-0,02;-0,02;0,0;0,0;0,0;0,0;0,0;0,0;0,0;0,0;0,0;0,0;0,0;0,0;-0,02;-0,02;0,0;0,0;-0,01;-0,01;-0,02;-0,02;0,0;0,0;-0,01;-0,01;-0,01;-0,01;-0,01;-0,01;0,0;0,0;-0,02;-0,02;0,0;0,0;-0,03;-0,03;0,0;0,0;-0,03;-0,03
23.07.2026;03:00;03:15;0,0;0,0;-0,17;-0,17;-0,03;-0,03;0,0;0,0;0,0;0,0;0,0;0,0;-0,01;-0,01;-0,02;-0,02;0,0;0,0;0,0;0,0;0,0;0,0;0,0;0,0;-0,01;-0,01;0,0;0,0;-0,01;-0,01;0,0;0,0;-0,01;-0,01;-0,03;-0,03;0,0;0,0;-0,01;-0,01;0,0;0,0;-0,01;-0,01;-0,01;-0,01;-0,01;-0,01;0,0;0,0;0,0;0,0;-0,01;-0,01;-0,02;-0,02
23.07.2026;03:15;03:30;0,0;0,0;-0,17;-0,17;-0,02;-0,02;0,0;0,0;-0,02;-0,02;0,0;0,0;-0,01;-0,01;-0,02;-0,02;0,0;0,0;0,0;0,0;0,0;0,0;0,0;0,0;-0,02;-0,02;0,0;0,0;-0,01;-0,01;0,0;0,0;-0,01;-0,01;-0,01;-0,01;0,0;0,0;-0,01;-0,01;-0,02;-0,02;-0,02;-0,02;-0,01;-0,01;-0,02;-0,02;0,0;0,0;-0,02;-0,02;-0,01;-0,01;-0,02;-0,02
23.07.2026;03:30;03:45;0,0;0,0;-0,17;-0,17;-0,01;-0,01;0,0;0,0;-0,01;-0,01;0,0;0,0;-0,01;-0,01;-0,02;-0,02;0,0;0,0;0,0;0,0;-0,01;-0,01;0,0;0,0;-0,01;-0,01;0,0;0,0;-0,02;-0,02;0,0;0,0;0,0;0,0;-0,01;-0,01;0,0;0,0;-0,01;-0,01;0,0;0,0;-0,02;-0,02;-0,01;-0,01;-0,02;-0,02;-0,01;-0,01;0,0;0,0;0,0;0,0;-0,02;-0,02
23.07.2026;03:45;04:00;0,0;0,0;-0,18;-0,18;-0,02;-0,02;0,0;0,0;-0,01;-0,01;0,0;0,0;-0,01;-0,01;-0,02;-0,02;0,0;0,0;0,0;0,0;0,0;0,0;0,0;0,0;-0,01;-0,01;0,0;0,0;-0,01;-0,01;0,0;0,0;-0,01;-0,01;-0,01;-0,01;-0,01;-0,01;-0,01;-0,01;-0,01;-0,01;-0,01;-0,01;0,0;0,0;-0,02;-0,02;0,0;0,0;-0,02;-0,02;0,0;0,0;-0,02;-0,02
23.07.2026;04:00;04:15;0,0;0,0;-0,17;-0,17;-0,03;-0,03;0,0;0,0;-0,01;-0,01;0,0;0,0;-0,01;-0,01;-0,02;-0,02;0,0;0,0;0,0;0,0;0,0;0,0;0,0;0,0;0,0;0,0;0,0;0,0;-0,01;-0,01;0,0;0,0;0,0;0,0;-0,01;-0,01;0,0;0,0;-0,01;-0,01;-0,01;-0,01;-0,01;-0,01;-0,02;-0,02;-0,01;-0,01;0,0;0,0;0,0;0,0;-0,01;-0,01;-0,01;-0,01
23.07.2026;04:15;04:30;0,0;0,0;-0,17;-0,17;-0,02;-0,02;0,0;0,0;-0,01;-0,01;-0,01;-0,01;0,0;0,0;-0,02;-0,02;-0,01;-0,01;0,0;0,0;0,0;0,0;-0,01;-0,01;-0,01;-0,01;0,0;0,0;-0,01;-0,01;-0,01;-0,01;-0,01;-0,01;-0,02;-0,02;0,0;0,0;-0,01;-0,01;-0,01;-0,01;-0,01;-0,01;-0,01;-0,01;-0,02;-0,02;0,0;0,0;-0,02;-0,02;0,0;0,0;-0,02;-0,02
23.07.2026;04:30;04:45;0,0;0,0;-0,17;-0,17;-0,01;-0,01;0,0;0,0;-0,01;-0,01;0,0;0,0;-0,02;-0,02;-0,02;-0,02;0,0;0,0;0,0;0,0;0,0;0,0;0,0;0,0;-0,01;-0,01;-0,01;-0,01;-0,01;-0,01;0,0;0,0;-0,02;-0,02;-0,02;-0,02;0,0;0,0;-0,01;-0,01;-0,01;-0,01;-0,01;-0,01;0,0;0,0;-0,01;-0,01;0,0;0,0;-0,01;-0,01;-0,01;-0,01;-0,02;-0,02
23.07.2026;04:45;05:00;0,0;0,0;-0,18;-0,18;-0,02;-0,02;0,0;0,0;-0,01;-0,01;0,0;0,0;0,0;0,0;-0,02;-0,02;0,0;0,0;0,0;0,0;0,0;0,0;0,0;0,0;-0,01;-0,01;0,0;0,0;-0,02;-0,02;0,0;0,0;-0,01;-0,01;-0,02;-0,02;0,0;0,0;0,0;0,0;-0,01;-0,01;-0,01;-0,01;-0,01;-0,01;-0,02;-0,02;0,0;0,0;-0,02;-0,02;0,0;0,0;-0,03;-0,03
23.07.2026;05:00;05:15;0,0;0,0;-0,17;-0,17;-0,02;-0,02;-0,01;-0,01;-0,01;-0,01;0,0;0,0;-0,01;-0,01;-0,01;-0,01;0,0;0,0;0,0;0,0;0,0;0,0;0,0;0,0;-0,02;-0,02;0,0;0,0;-0,01;-0,01;0,0;0,0;-0,02;-0,02;-0,02;-0,02;0,0;0,0;-0,01;-0,01;-0,01;-0,01;-0,01;-0,01;-0,01;-0,01;-0,01;-0,01;0,0;0,0;-0,02;-0,02;-0,01;-0,01;-0,02;-0,02
23.07.2026;05:15;05:30;0,0;0,0;-0,2;-0,2;-0,03;-0,03;0,0;0,0;-0,01;-0,01;0,0;0,0;-0,01;-0,01;-0,02;-0,02;0,0;0,0;0,0;0,0;0,0;0,0;0,0;0,0;0,0;0,0;0,0;0,0;-0,01;-0,01;0,0;0,0;0,0;0,0;-0,03;-0,03;0,0;0,0;-0,01;-0,01;-0,01;-0,01;-0,01;-0,01;-0,01;-0,01;-0,02;-0,02;0,0;0,0;-0,01;-0,01;0,0;0,0;-0,01;-0,01
23.07.2026;05:30;05:45;0,0;0,0;-0,17;-0,17;-0,01;-0,01;0,0;0,0;-0,01;-0,01;0,0;0,0;-0,01;-0,01;-0,02;-0,02;0,0;0,0;0,0;0,0;0,0;0,0;0,0;0,0;-0,19;-0,19;0,0;0,0;-0,02;-0,02;0,0;0,0;-0,01;-0,01;-0,02;-0,02;0,0;0,0;-0,01;-0,01;0,0;0,0;-0,01;-0,01;-0,01;-0,01;-0,01;-0,01;-0,01;-0,01;-0,01;-0,01;0,0;0,0;-0,02;-0,02
23.07.2026;05:45;06:00;0,0;0,0;-0,27;-0,27;-0,02;-0,02;0,0;0,0;-0,02;-0,02;0,0;0,0;-0,01;-0,01;-0,01;-0,01;0,0;0,0;0,0;0,0;0,0;0,0;0,0;0,0;-0,03;-0,03;0,0;0,0;-0,01;-0,01;0,0;0,0;0,0;0,0;-0,1;-0,1;0,0;0,0;-0,01;-0,01;-0,01;-0,01;-0,01;-0,01;-0,01;-0,01;-0,02;-0,02;0,0;0,0;-0,01;-0,01;-0,01;-0,01;-0,01;-0,01
23.07.2026;06:00;06:15;0,0;0,0;-0,33;-0,33;-0,02;-0,02;0,0;0,0;-0,01;-0,01;0,0;0,0;-0,01;-0,01;-0,01;-0,01;0,0;0,0;0,0;0,0;-0,01;-0,01;0,0;0,0;-0,05;-0,05;0,0;0,0;-0,01;-0,01;0,0;0,0;0,0;0,0;-0,01;-0,01;0,0;0,0;-0,01;-0,01;-0,01;-0,01;-0,01;-0,01;-0,01;-0,01;-0,01;-0,01;0,0;0,0;-0,01;-0,01;-0,01;-0,01;-0,03;-0,03
23.07.2026;06:15;06:30;0,01;0,01;-0,33;-0,33;-0,03;-0,03;0,0;0,0;-0,01;-0,01;-0,01;-0,01;0,0;0,0;-0,02;-0,02;0,0;0,0;0,0;0,0;0,0;0,0;0,0;0,0;-0,1;-0,1;0,0;0,0;-0,01;-0,01;0,0;0,0;-0,01;-0,01;-0,01;-0,01;-0,01;-0,01;-0,03;-0,03;-0,01;-0,01;-0,01;-0,01;0,0;0,0;-0,02;-0,02;0,0;0,0;-0,01;-0,01;0,0;0,0;-0,02;-0,02
23.07.2026;06:30;06:45;0,02;0,02;-0,3;-0,3;-0,01;-0,01;0,0;0,0;0,0;0,0;0,0;0,0;-0,03;-0,03;-0,02;-0,02;0,0;0,0;0,0;0,0;0,0;0,0;0,0;0,0;-0,04;-0,04;-0,01;-0,01;-0,01;-0,01;0,0;0,0;-0,02;-0,02;-0,02;-0,02;0,0;0,0;-0,03;-0,03;-0,01;-0,01;-0,01;-0,01;-0,01;-0,01;-0,01;-0,01;0,0;0,0;-0,01;-0,01;0,0;0,0;-0,02;-0,02
23.07.2026;06:45;07:00;0,03;0,03;-0,2;-0,2;-0,02;-0,02;0,0;0,0;-0,02;-0,02;0,0;0,0;-0,01;-0,01;-0,01;-0,01;-0,01;-0,01;0,0;0,0;0,0;0,0;0,0;0,0;-0,01;-0,01;0,0;0,0;-0,02;-0,02;-0,01;-0,01;-0,01;-0,01;-0,01;-0,01;0,0;0,0;-0,02;-0,02;-0,01;-0,01;-0,01;-0,01;-0,01;-0,01;-0,02;-0,02;0,0;0,0;-0,01;-0,01;-0,01;-0,01;-0,02;-0,02
23.07.2026;07:00;07:15;0,04;0,04;-0,2;-0,2;-0,13;-0,13;0,0;0,0;-0,01;-0,01;0,0;0,0;-0,01;-0,01;-0,02;-0,02;0,0;0,0;0,0;0,0;0,0;0,0;0,0;0,0;-0,01;-0,01;0,0;0,0;-0,01;-0,01;0,0;0,0;-0,02;-0,02;-0,02;-0,02;0,0;0,0;-0,02;-0,02;0,0;0,0;-0,01;-0,01;-0,01;-0,01;-0,01;-0,01;0,0;0,0;-0,01;-0,01;-0,01;-0,01;-0,01;-0,01
23.07.2026;07:15;07:30;0,09;0,09;-0,2;-0,2;-0,04;-0,04;0,0;0,0;-0,01;-0,01;0,0;0,0;-0,01;-0,01;-0,02;-0,02;0,0;0,0;-0,01;-0,01;0,0;0,0;0,0;0,0;0,0;0,0;0,0;0,0;-0,01;-0,01;0,0;0,0;-0,02;-0,02;-0,02;-0,02;0,0;0,0;-0,03;-0,03;-0,02;-0,02;-0,01;-0,01;-0,01;-0,01;-0,02;-0,02;0,0;0,0;-0,01;-0,01;0,0;0,0;-0,02;-0,02
23.07.2026;07:30;07:45;0,08;0,08;-0,19;-0,19;-0,03;-0,03;0,0;0,0;-0,01;-0,01;0,0;0,0;-0,01;-0,01;-0,02;-0,02;0,0;0,0;0,0;0,0;0,0;0,0;0,0;0,0;-0,02;-0,02;0,0;0,0;-0,01;-0,01;0,0;0,0;0,0;0,0;-0,02;-0,02;0,0;0,0;-0,02;-0,02;0,0;0,0;-0,01;-0,01;-0,02;-0,02;-0,01;-0,01;-0,01;-0,01;-0,01;-0,01;0,0;0,0;-0,02;-0,02
23.07.2026;07:45;08:00;0,14;0,11;-0,19;-0,16;-0,07;-0,07;0,0;0,0;-0,01;-0,01;0,0;0,0;-0,01;-0,01;-0,02;-0,02;0,0;0,0;0,0;0,0;0,0;0,0;0,0;0,0;-0,01;-0,01;0,0;0,0;-0,01;-0,01;0,0;0,0;0,0;0,0;-0,03;-0,03;0,0;0,0;-0,03;-0,03;-0,01;-0,01;0,0;0,0;-0,1;-0,1;-0,02;-0,02;0,0;0,0;0,0;0,0;-0,01;-0,01;-0,03;-0,03
23.07.2026;08:00;08:15;0,21;0,16;-0,19;-0,14;-0,02;-0,02;0,0;0,0;-0,01;-0,01;0,0;0,0;-0,01;-0,01;-0,02;-0,02;0,0;0,0;0,0;0,0;0,0;0,0;0,0;0,0;-0,01;-0,01;0,0;0,0;-0,02;-0,02;0,0;0,0;-0,01;-0,01;-0,01;-0,01;0,0;0,0;-0,02;-0,02;-0,01;-0,01;-0,01;-0,01;-0,01;-0,01;-0,06;-0,06;0,0;0,0;-0,02;-0,02;0,0;0,0;-0,02;-0,02
23.07.2026;08:15;08:30;0,29;0,11;-0,2;-0,16;-0,15;-0,14;-0,01;0,0;-0,04;-0,03;-0,01;0,0;0,0;0,0;-0,02;-0,01;0,0;0,0;0,0;0,0;0,0;0,0;0,0;0,0;0,0;0,0;0,0;0,0;-0,01;0,0;0,0;0,0;0,0;0,0;-0,01;0,0;0,0;0,0;-0,03;-0,02;-0,01;0,0;-0,02;-0,01;-0,01;0,0;-0,11;-0,1;0,0;0,0;0,0;0,0;-0,01;0,0;-0,2;-0,19
23.07.2026;08:30;08:45;0,47;0,2;-0,21;-0,11;-0,05;-0,04;0,0;0,0;-0,14;-0,13;0,0;0,0;-0,01;0,0;-0,01;0,0;0,0;0,0;0,0;0,0;-0,01;0,0;0,0;0,0;-0,01;0,0;-0,01;0,0;-0,01;0,0;0,0;0,0;-0,01;0,0;-0,02;-0,01;0,0;0,0;-0,03;-0,02;-0,02;-0,01;-0,01;0,0;-0,01;0,0;-0,13;-0,12;0,0;0,0;-0,01;0,0;0,0;0,0;-0,19;-0,18
23.07.2026;08:45;09:00;0,24;0,18;-0,29;-0,23;-0,02;-0,02;0,0;0,0;-0,04;-0,04;0,0;0,0;-0,01;-0,01;-0,02;-0,02;0,0;0,0;0,0;0,0;0,0;0,0;0,0;0,0;-0,01;-0,01;0,0;0,0;-0,01;-0,01;0,0;0,0;-0,02;-0,02;-0,01;-0,01;-0,01;-0,01;-0,03;-0,03;0,0;0,0;-0,01;-0,01;0,0;0,0;-0,13;-0,13;0,0;0,0;-0,01;-0,01;-0,01;-0,01;-0,08;-0,08
23.07.2026;09:00;09:15;0,21;0,16;-0,2;-0,15;-0,01;-0,01;0,0;0,0;-0,03;-0,03;0,0;0,0;-0,01;-0,01;-0,02;-0,02;0,0;0,0;0,0;0,0;0,0;0,0;0,0;0,0;-0,02;-0,02;0,0;0,0;-0,02;-0,02;0,0;0,0;-0,01;-0,01;-0,01;-0,01;0,0;0,0;-0,02;-0,02;-0,01;-0,01;-0,01;-0,01;-0,02;-0,02;-0,1;-0,1;0,0;0,0;-0,01;-0,01;0,0;0,0;-0,07;-0,07
23.07.2026;09:15;09:30;0,32;0,11;-0,2;-0,15;-0,02;-0,01;0,0;0,0;-0,06;-0,05;0,0;0,0;-0,01;0,0;-0,02;-0,01;-0,01;0,0;0,0;0,0;0,0;0,0;-0,01;0,0;0,0;0,0;0,0;0,0;-0,02;-0,01;-0,01;0,0;-0,02;-0,01;-0,07;-0,06;0,0;0,0;-0,02;-0,01;-0,01;0,0;-0,02;-0,01;0,0;0,0;-0,36;-0,35;0,0;0,0;-0,02;-0,01;0,0;0,0;-0,06;-0,05
23.07.2026;09:30;09:45;0,14;0,11;-0,26;-0,23;-0,03;-0,03;0,0;0,0;-0,05;-0,05;0,0;0,0;-0,01;-0,01;-0,02;-0,02;0,0;0,0;0,0;0,0;0,0;0,0;0,0;0,0;-0,01;-0,01;0,0;0,0;-0,08;-0,08;0,0;0,0;0,0;0,0;-0,02;-0,02;0,0;0,0;-0,03;-0,03;0,0;0,0;-0,01;-0,01;-0,01;-0,01;-0,16;-0,16;-0,01;-0,01;-0,02;-0,02;-0,01;-0,01;-0,06;-0,06
23.07.2026;09:45;10:00;0,0;0,0;-0,24;-0,24;-0,01;-0,01;0,0;0,0;-0,04;-0,04;0,0;0,0;-0,01;-0,01;-0,01;-0,01;0,0;0,0;0,0;0,0;0,0;0,0;0,0;0,0;0,0;0,0;0,0;0,0;-0,02;-0,02;0,0;0,0;0,0;0,0;-0,03;-0,03;0,0;0,0;-0,04;-0,04;-0,02;-0,02;-0,01;-0,01;-0,01;-0,01;-0,1;-0,1;0,0;0,0;0,0;0,0;-0,01;-0,01;-0,05;-0,05
23.07.2026;10:00;10:15;0,03;0,03;-0,2;-0,2;-0,01;-0,01;0,0;0,0;-0,05;-0,05;0,0;0,0;-0,01;-0,01;-0,03;-0,03;0,0;0,0;0,0;0,0;0,0;0,0;0,0;0,0;-0,01;-0,01;0,0;0,0;-0,02;-0,02;0,0;0,0;0,0;0,0;-0,03;-0,03;0,0;0,0;-0,1;-0,1;-0,01;-0,01;-0,07;-0,07;-0,01;-0,01;-0,13;-0,13;0,0;0,0;-0,02;-0,02;0,0;0,0;-0,04;-0,04
23.07.2026;10:15;10:30;0,35;0,15;-0,19;-0,12;-0,03;-0,02;0,0;0,0;-0,05;-0,04;-0,01;0,0;-0,01;0,0;-0,05;-0,04;0,0;0,0;0,0;0,0;0,0;0,0;0,0;0,0;-0,02;-0,01;0,0;0,0;-0,03;-0,02;0,0;0,0;-0,01;0,0;-0,04;-0,03;0,0;0,0;-0,11;-0,1;0,0;0,0;-0,04;-0,03;0,0;0,0;-0,2;-0,19;0,0;0,0;0,0;0,0;0,0;0,0;-0,04;-0,03
23.07.2026;10:30;10:45;1,45;0,63;-0,21;0,0;-0,02;0,0;0,0;0,0;-0,03;0,0;0,0;0,0;-0,01;0,0;-0,04;0,0;0,0;0,0;0,0;0,0;0,0;0,0;0,0;0,0;-0,01;0,0;0,0;0,0;-0,12;0,0;0,0;0,0;-0,01;0,0;-0,04;0,0;0,0;0,0;-0,08;0,0;-0,01;0,0;-0,03;0,0;-0,01;0,0;-0,22;-0,08;0,0;0,0;-0,01;0,0;-0,01;0,0;-0,04;0,0
23.07.2026;10:45;11:00;0,64;0,2;-0,21;-0,09;-0,02;0,0;0,0;0,0;-0,04;-0,01;0,0;0,0;-0,01;0,0;-0,06;-0,03;0,0;0,0;0,0;0,0;0,0;0,0;0,0;0,0;0,0;0,0;0,0;0,0;-0,04;-0,01;0,0;0,0;-0,01;0,0;-0,03;0,0;0,0;0,0;-0,03;0,0;-0,01;0,0;-0,03;0,0;-0,02;0,0;-0,19;-0,16;0,0;0,0;-0,01;0,0;0,0;0,0;-0,05;-0,02
23.07.2026;11:00;11:15;0,34;0,12;-0,2;-0,13;-0,01;0,0;0,0;0,0;-0,03;-0,02;0,0;0,0;0,0;0,0;-0,07;-0,06;0,0;0,0;0,0;0,0;-0,01;0,0;0,0;0,0;0,0;0,0;-0,01;0,0;-0,04;-0,03;0,0;0,0;-0,02;-0,01;-0,03;-0,02;0,0;0,0;-0,03;-0,02;-0,01;0,0;-0,03;-0,02;0,0;0,0;-0,15;-0,14;0,0;0,0;-0,01;0,0;-0,01;0,0;-0,05;-0,04
23.07.2026;11:15;11:30;0,37;0,14;-0,22;-0,15;-0,03;-0,02;0,0;0,0;-0,03;-0,02;0,0;0,0;-0,01;0,0;-0,12;-0,11;0,0;0,0;0,0;0,0;0,0;0,0;0,0;0,0;-0,01;0,0;0,0;0,0;-0,05;-0,04;0,0;0,0;-0,01;0,0;-0,03;-0,02;-0,01;0,0;-0,02;-0,01;-0,01;0,0;-0,03;-0,02;-0,01;0,0;-0,08;-0,07;0,0;0,0;-0,01;0,0;0,0;0,0;-0,02;-0,01
23.07.2026;11:30;11:45;0,35;0,11;-0,21;-0,14;-0,03;-0,02;-0,01;0,0;-0,12;-0,11;0,0;0,0;-0,01;0,0;-0,24;-0,23;0,0;0,0;0,0;0,0;0,0;0,0;0,0;0,0;-0,02;-0,01;0,0;0,0;-0,02;-0,01;0,0;0,0;-0,01;0,0;-0,17;-0,16;0,0;0,0;-0,01;0,0;0,0;0,0;-0,04;-0,03;-0,01;0,0;-0,03;-0,02;-0,01;0,0;-0,01;0,0;-0,01;0,0;-0,01;0,0
23.07.2026;11:45;12:00;0,53;0,19;-0,2;-0,11;-0,02;0,0;0,0;0,0;-0,06;-0,04;0,0;0,0;-0,01;0,0;-0,1;-0,08;-0,01;0,0;0,0;0,0;0,0;0,0;0,0;0,0;-0,01;0,0;0,0;0,0;-0,02;0,0;-0,01;0,0;0,0;0,0;-0,14;-0,12;0,0;0,0;-0,02;0,0;-0,02;0,0;-0,22;-0,2;-0,01;0,0;-0,01;0,0;0,0;0,0;-0,01;0,0;0,0;0,0;-0,02;0,0
23.07.2026;12:00;12:15;0,72;0,3;-0,22;-0,03;-0,01;0,0;0,0;0,0;-0,03;0,0;0,0;0,0;0,0;0,0;-0,11;-0,05;0,0;0,0;0,0;0,0;0,0;0,0;0,0;0,0;0,0;0,0;0,0;0,0;-0,02;0,0;0,0;0,0;0,0;0,0;-0,04;0,0;0,0;0,0;0,0;0,0;-0,01;0,0;-0,02;0,0;0,0;0,0;-0,01;0,0;0,0;0,0;0,0;0,0;0,0;0,0;-0,03;0,0
23.07.2026;12:15;12:30;0,58;0,19;-0,21;-0,1;-0,03;-0,01;0,0;0,0;-0,02;0,0;-0,01;0,0;-0,02;0,0;-0,1;-0,08;0,0;0,0;-0,01;0,0;0,0;0,0;0,0;0,0;-0,01;0,0;0,0;0,0;-0,04;-0,02;0,0;0,0;-0,01;0,0;-0,07;-0,05;0,0;0,0;0,0;0,0;-0,05;-0,03;-0,02;0,0;-0,01;0,0;-0,02;0,0;0,0;0,0;-0,02;0,0;-0,01;0,0;-0,02;0,0
23.07.2026;12:30;12:45;0,73;0,23;-0,2;-0,03;-0,03;0,0;0,0;0,0;-0,08;-0,03;0,0;0,0;0,0;0,0;-0,11;-0,06;0,0;0,0;0,0;0,0;0,0;0,0;0,0;0,0;0,0;0,0;0,0;0,0;-0,03;0,0;0,0;0,0;0,0;0,0;-0,03;0,0;0,0;0,0;-0,01;0,0;-0,26;-0,21;-0,01;0,0;-0,01;0,0;-0,04;0,0;0,0;0,0;0,0;0,0;-0,01;0,0;-0,01;0,0
23.07.2026;12:45;13:00;0,6;0,19;-0,23;-0,12;-0,02;0,0;0,0;0,0;-0,13;-0,1;0,0;0,0;-0,01;0,0;-0,1;-0,07;0,0;0,0;0,0;0,0;0,0;0,0;0,0;0,0;-0,01;0,0;0,0;0,0;-0,03;0,0;0,0;0,0;-0,01;0,0;-0,02;0,0;0,0;0,0;-0,02;0,0;-0,09;-0,06;-0,01;0,0;-0,01;0,0;-0,04;-0,01;0,0;0,0;-0,02;0,0;0,0;0,0;-0,02;0,0
23.07.2026;13:00;13:15;0,61;0,21;-0,19;-0,05;-0,01;0,0;0,0;0,0;-0,18;-0,15;0,0;0,0;-0,01;0,0;-0,11;-0,08;0,0;0,0;0,0;0,0;0,0;0,0;0,0;0,0;-0,02;0,0;0,0;0,0;-0,04;-0,01;0,0;0,0;-0,02;0,0;-0,02;0,0;0,0;0,0;-0,01;0,0;0,0;0,0;-0,01;0,0;-0,01;0,0;-0,03;0,0;0,0;0,0;0,0;0,0;0,0;0,0;-0,04;-0,01
23.07.2026;13:15;13:30;0,94;0,37;-0,29;-0,05;-0,03;0,0;0,0;0,0;-0,02;0,0;0,0;0,0;-0,01;0,0;-0,53;-0,45;0,0;0,0;0,0;0,0;0,0;0,0;0,0;0,0;-0,01;0,0;-0,01;0,0;-0,02;0,0;0,0;0,0;-0,01;0,0;-0,01;0,0;0,0;0,0;0,0;0,0;-0,02;0,0;-0,01;0,0;-0,01;0,0;-0,05;0,0;0,0;0,0;-0,01;0,0;-0,01;0,0;-0,02;0,0
23.07.2026;13:30;13:45;0,54;0,21;-0,29;-0,17;-0,02;0,0;0,0;0,0;-0,02;0,0;0,0;0,0;0,0;0,0;-0,39;-0,37;0,0;0,0;0,0;0,0;-0,01;0,0;0,0;0,0;0,0;0,0;0,0;0,0;-0,04;-0,02;0,0;0,0;-0,01;0,0;-0,01;0,0;0,0;0,0;-0,01;0,0;-0,01;0,0;-0,01;0,0;0,0;0,0;-0,02;0,0;-0,01;0,0;-0,01;0,0;-0,01;0,0;-0,02;0,0
23.07.2026;13:45;14:00;0,0;0,0;-0,24;-0,24;-0,02;-0,02;0,0;0,0;-0,38;-0,38;0,0;0,0;-0,01;-0,01;-0,2;-0,2;0,0;0,0;0,0;0,0;0,0;0,0;0,0;0,0;-0,01;-0,01;0,0;0,0;-0,02;-0,02;0,0;0,0;-0,01;-0,01;-0,02;-0,02;-0,01;-0,01;0,0;0,0;-0,01;-0,01;-0,01;-0,01;-0,01;-0,01;-0,02;-0,02;0,0;0,0;-0,02;-0,02;0,0;0,0;-0,02;-0,02
23.07.2026;14:00;14:15;0,0;0,0;-0,2;-0,2;-0,01;-0,01;0,0;0,0;-0,15;-0,15;0,0;0,0;-0,01;-0,01;-0,12;-0,12;0,0;0,0;0,0;0,0;0,0;0,0;0,0;0,0;0,0;0,0;0,0;0,0;-0,07;-0,07;0,0;0,0;0,0;0,0;-0,01;-0,01;0,0;0,0;-0,01;-0,01;-0,02;-0,02;-0,01;-0,01;-0,02;-0,02;-0,03;-0,03;0,0;0,0;0,0;0,0;0,0;0,0;-0,02;-0,02
23.07.2026;14:15;14:30;0,49;0,21;-0,21;-0,1;-0,02;-0,01;0,0;0,0;-0,22;-0,21;-0,01;0,0;-0,01;0,0;-0,11;-0,1;-0,01;0,0;0,0;0,0;0,0;0,0;-0,01;0,0;-0,02;-0,01;0,0;0,0;-0,01;0,0;-0,01;0,0;0,0;0,0;-0,03;-0,02;0,0;0,0;-0,01;0,0;0,0;0,0;-0,01;0,0;0,0;0,0;-0,03;-0,02;0,0;0,0;-0,02;-0,01;-0,01;0,0;-0,01;0,0
23.07.2026;14:30;14:45;1,54;0,88;-0,2;0,0;-0,03;0,0;0,0;0,0;-0,22;-0,05;0,0;0,0;-0,01;0,0;-0,1;0,0;0,0;0,0;0,0;0,0;0,0;0,0;0,0;0,0;-0,01;0,0;0,0;0,0;-0,01;0,0;0,0;0,0;0,0;0,0;-0,02;0,0;0,0;0,0;0,0;0,0;-0,02;0,0;-0,01;0,0;-0,01;0,0;-0,05;0,0;0,0;0,0;0,0;0,0;0,0;0,0;-0,02;0,0
23.07.2026;14:45;15:00;0,39;0,18;-0,33;-0,26;-0,01;0,0;0,0;0,0;-0,22;-0,21;0,0;0,0;0,0;0,0;-0,1;-0,09;0,0;0,0;0,0;0,0;0,0;0,0;0,0;0,0;0,0;0,0;0,0;0,0;-0,02;-0,01;0,0;0,0;-0,02;-0,01;-0,03;-0,02;0,0;0,0;-0,01;0,0;-0,01;0,0;-0,01;0,0;-0,01;0,0;-0,04;-0,03;0,0;0,0;-0,01;0,0;-0,01;0,0;-0,02;-0,01
23.07.2026;15:00;15:15;0,27;0,19;-0,19;-0,11;-0,02;-0,02;-0,01;-0,01;-0,31;-0,31;0,0;0,0;-0,01;-0,01;-0,11;-0,11;0,0;0,0;0,0;0,0;0,0;0,0;0,0;0,0;-0,01;-0,01;0,0;0,0;-0,01;-0,01;0,0;0,0;-0,01;-0,01;-0,04;-0,04;-0,01;-0,01;-0,04;-0,04;-0,01;-0,01;-0,04;-0,04;-0,01;-0,01;-0,05;-0,05;0,0;0,0;-0,01;-0,01;0,0;0,0;-0,02;-0,02
23.07.2026;15:15;15:30;0,53;0,18;-0,21;-0,11;-0,02;0,0;0,0;0,0;-0,17;-0,15;0,0;0,0;-0,02;0,0;-0,07;-0,05;0,0;0,0;0,0;0,0;0,0;0,0;0,0;0,0;0,0;0,0;0,0;0,0;-0,06;-0,04;0,0;0,0;-0,01;0,0;-0,03;-0,01;0,0;0,0;-0,04;-0,02;-0,02;0,0;-0,13;-0,11;0,0;0,0;-0,02;0,0;0,0;0,0;-0,01;0,0;-0,01;0,0;-0,02;0,0
23.07.2026;15:30;15:45;0,5;0,15;-0,21;-0,12;-0,02;0,0;0,0;0,0;-0,04;-0,02;-0,01;0,0;0,0;0,0;-0,08;-0,06;0,0;0,0;0,0;0,0;0,0;0,0;0,0;0,0;-0,02;0,0;0,0;0,0;-0,03;-0,01;0,0;0,0;-0,02;0,0;-0,02;0,0;0,0;0,0;-0,11;-0,09;0,0;0,0;-0,14;-0,12;-0,02;0,0;-0,04;-0,02;-0,01;0,0;-0,01;0,0;0,0;0,0;-0,01;0,0
23.07.2026;15:45;16:00;0,51;0,15;-0,28;-0,19;-0,02;0,0;0,0;0,0;-0,04;-0,02;-0,04;-0,02;-0,01;0,0;-0,05;-0,03;0,0;0,0;0,0;0,0;0,0;0,0;0,0;0,0;-0,04;-0,02;-0,01;0,0;-0,04;-0,02;0,0;0,0;0,0;0,0;-0,02;0,0;-0,01;0,0;-0,04;-0,02;-0,01;0,0;-0,02;0,0;0,0;0,0;-0,09;-0,07;0,0;0,0;-0,01;0,0;-0,01;0,0;-0,01;0,0
23.07.2026;16:00;16:15;1,26;0,48;-0,37;-0,04;-0,01;0,0;0,0;0,0;-0,05;0,0;-0,04;0,0;-0,01;0,0;-0,02;0,0;0,0;0,0;0,0;0,0;-0,01;0,0;0,0;0,0;-0,02;0,0;0,0;0,0;-0,05;0,0;0,0;0,0;-0,01;0,0;-0,02;0,0;-0,01;0,0;-0,1;0,0;-0,01;0,0;-0,02;0,0;-0,01;0,0;-0,03;0,0;0,0;0,0;0,0;0,0;0,0;0,0;-0,03;0,0
23.07.2026;16:15;16:30;1,36;0,61;-0,23;0,0;-0,02;0,0;0,0;0,0;-0,01;0,0;-0,03;0,0;-0,02;0,0;-0,02;0,0;0,0;0,0;0,0;0,0;0,0;0,0;0,0;0,0;-0,03;0,0;0,0;0,0;-0,03;0,0;0,0;0,0;0,0;0,0;-0,2;-0,07;0,0;0,0;-0,19;-0,06;-0,01;0,0;-0,01;0,0;-0,01;0,0;-0,03;0,0;0,0;0,0;-0,02;0,0;0,0;0,0;-0,02;0,0
23.07.2026;16:30;16:45;0,52;0,19;-0,23;-0,14;-0,02;0,0;0,0;0,0;-0,02;0,0;-0,01;0,0;-0,01;0,0;-0,01;0,0;0,0;0,0;0,0;0,0;0,0;0,0;0,0;0,0;-0,04;-0,02;0,0;0,0;-0,04;-0,02;0,0;0,0;0,0;0,0;-0,14;-0,12;0,0;0,0;-0,18;-0,16;-0,01;0,0;-0,02;0,0;-0,01;0,0;-0,02;0,0;0,0;0,0;0,0;0,0;-0,01;0,0;-0,02;0,0
23.07.2026;16:45;17:00;0,22;0,17;-0,18;-0,13;-0,02;-0,02;0,0;0,0;-0,01;-0,01;0,0;0,0;-0,01;-0,01;-0,02;-0,02;-0,01;-0,01;0,0;0,0;0,0;0,0;0,0;0,0;-0,03;-0,03;0,0;0,0;-0,11;-0,11;-0,01;-0,01;-0,01;-0,01;-0,13;-0,13;-0,01;-0,01;-0,08;-0,08;-0,01;-0,01;-0,02;-0,02;0,0;0,0;-0,01;-0,01;0,0;0,0;-0,01;-0,01;0,0;0,0;-0,01;-0,01
23.07.2026;17:00;17:15;0,83;0,27;-0,17;0,0;-0,02;0,0;0,0;0,0;-0,02;0,0;0,0;0,0;-0,05;0,0;-0,01;0,0;0,0;0,0;0,0;0,0;0,0;0,0;0,0;0,0;-0,04;0,0;0,0;0,0;-0,12;-0,07;0,0;0,0;-0,01;0,0;-0,14;-0,09;0,0;0,0;-0,08;-0,03;0,0;0,0;-0,03;0,0;-0,01;0,0;-0,02;0,0;0,0;0,0;-0,01;0,0;-0,01;0,0;-0,01;0,0
23.07.2026;17:15;17:30;0,41;0,18;-0,2;-0,13;-0,02;-0,01;0,0;0,0;-0,02;-0,01;-0,01;0,0;-0,05;-0,04;0,0;0,0;0,0;0,0;-0,01;0,0;0,0;0,0;0,0;0,0;-0,06;-0,05;0,0;0,0;-0,14;-0,13;0,0;0,0;-0,02;-0,01;-0,08;-0,07;0,0;0,0;-0,06;-0,05;-0,02;-0,01;-0,03;-0,02;-0,02;-0,01;-0,01;0,0;0,0;0,0;-0,01;0,0;0,0;0,0;-0,02;-0,01
23.07.2026;17:30;17:45;0,0;0,0;-0,18;-0,18;-0,02;-0,02;0,0;0,0;0,0;0,0;0,0;0,0;-0,01;-0,01;-0,02;-0,02;0,0;0,0;0,0;0,0;0,0;0,0;0,0;0,0;-0,02;-0,02;0,0;0,0;-0,19;-0,19;0,0;0,0;-0,01;-0,01;-0,03;-0,03;0,0;0,0;-0,04;-0,04;0,0;0,0;-0,03;-0,03;0,0;0,0;-0,01;-0,01;-0,01;-0,01;-0,01;-0,01;-0,01;-0,01;-0,02;-0,02
23.07.2026;17:45;18:00;0,0;0,0;-0,21;-0,21;-0,01;-0,01;0,0;0,0;-0,02;-0,02;0,0;0,0;-0,01;-0,01;-0,02;-0,02;0,0;0,0;0,0;0,0;0,0;0,0;0,0;0,0;-0,08;-0,08;-0,01;-0,01;-0,17;-0,17;0,0;0,0;-0,01;-0,01;-0,09;-0,09;0,0;0,0;-0,02;-0,02;-0,01;-0,01;-0,03;-0,03;-0,01;-0,01;-0,08;-0,08;0,0;0,0;-0,01;-0,01;0,0;0,0;-0,03;-0,03
23.07.2026;18:00;18:15;0,03;0,03;-0,31;-0,31;-0,03;-0,03;0,0;0,0;-0,35;-0,35;0,0;0,0;0,0;0,0;-0,02;-0,02;0,0;0,0;0,0;0,0;0,0;0,0;0,0;0,0;-0,35;-0,35;0,0;0,0;-0,1;-0,1;0,0;0,0;0,0;0,0;-0,02;-0,02;0,0;0,0;-0,01;-0,01;-0,01;-0,01;-0,06;-0,06;-0,01;-0,01;-0,03;-0,03;0,0;0,0;0,0;0,0;0,0;0,0;-0,01;-0,01
23.07.2026;18:15;18:30;0,57;0,19;-0,22;-0,1;-0,05;-0,03;-0,01;0,0;-0,19;-0,17;0,0;0,0;-0,01;0,0;-0,02;0,0;0,0;0,0;0,0;0,0;0,0;0,0;0,0;0,0;-0,09;-0,07;0,0;0,0;-0,09;-0,07;0,0;0,0;-0,01;0,0;-0,02;0,0;0,0;0,0;0,0;0,0;-0,01;0,0;-0,1;-0,08;-0,01;0,0;-0,08;-0,06;0,0;0,0;-0,02;0,0;-0,01;0,0;-0,03;-0,01
23.07.2026;18:30;18:45;0,49;0,14;-0,18;-0,09;-0,03;-0,01;0,0;0,0;-0,34;-0,32;0,0;0,0;-0,02;0,0;-0,02;0,0;0,0;0,0;0,0;0,0;-0,01;0,0;0,0;0,0;-0,02;0,0;0,0;0,0;-0,1;-0,08;0,0;0,0;0,0;0,0;-0,02;0,0;-0,03;-0,01;-0,01;0,0;-0,01;0,0;-0,49;-0,47;0,0;0,0;-0,09;-0,07;0,0;0,0;0,0;0,0;-0,01;0,0;-0,04;-0,02
23.07.2026;18:45;19:00;0,34;0,13;-0,37;-0,3;-0,04;-0,03;0,0;0,0;-0,14;-0,13;0,0;0,0;0,0;0,0;-0,01;0,0;0,0;0,0;0,0;0,0;0,0;0,0;0,0;0,0;-0,02;-0,01;0,0;0,0;-0,02;-0,01;0,0;0,0;-0,01;0,0;-0,01;0,0;0,0;0,0;-0,02;-0,01;-0,01;0,0;-0,14;-0,13;-0,02;-0,01;-0,1;-0,09;0,0;0,0;-0,02;-0,01;0,0;0,0;-0,04;-0,03
23.07.2026;19:00;19:15;0,33;0,12;-0,34;-0,28;-0,05;-0,04;0,0;0,0;-0,05;-0,04;0,0;0,0;-0,01;0,0;-0,02;-0,01;0,0;0,0;0,0;0,0;0,0;0,0;0,0;0,0;-0,04;-0,03;0,0;0,0;-0,03;-0,02;0,0;0,0;-0,03;-0,02;-0,07;-0,06;-0,02;-0,01;-0,02;-0,01;0,0;0,0;-0,04;-0,03;-0,01;0,0;-0,08;-0,07;0,0;0,0;-0,12;-0,11;0,0;0,0;-0,04;-0,03
23.07.2026;19:15;19:30;0,2;0,15;-0,2;-0,15;-0,05;-0,05;0,0;0,0;-0,04;-0,04;-0,01;-0,01;-0,01;-0,01;-0,02;-0,02;-0,01;-0,01;0,0;0,0;0,0;0,0;-0,01;-0,01;-0,03;-0,03;0,0;0,0;-0,02;-0,02;-0,01;-0,01;-0,03;-0,03;-0,08;-0,08;0,0;0,0;-0,03;-0,03;-0,02;-0,02;-0,05;-0,05;0,0;0,0;-0,08;-0,08;0,0;0,0;-0,23;-0,23;-0,01;-0,01;-0,05;-0,05
23.07.2026;19:30;19:45;0,12;0,11;-0,19;-0,18;-0,03;-0,03;0,0;0,0;-0,04;-0,04;0,0;0,0;-0,01;-0,01;-0,02;-0,02;0,0;0,0;0,0;0,0;0,0;0,0;0,0;0,0;-0,02;-0,02;0,0;0,0;-0,03;-0,03;0,0;0,0;-0,04;-0,04;-0,08;-0,08;-0,01;-0,01;-0,18;-0,18;0,0;0,0;-0,06;-0,06;-0,01;-0,01;-0,09;-0,09;-0,01;-0,01;-0,17;-0,17;-0,02;-0,02;-0,04;-0,04
23.07.2026;19:45;20:00;0,08;0,08;-0,21;-0,21;-0,05;-0,05;0,0;0,0;-0,02;-0,02;0,0;0,0;-0,01;-0,01;-0,02;-0,02;0,0;0,0;0,0;0,0;0,0;0,0;0,0;0,0;-0,01;-0,01;0,0;0,0;-0,02;-0,02;0,0;0,0;-0,03;-0,03;-0,09;-0,09;-0,01;-0,01;-0,68;-0,68;-0,01;-0,01;-0,04;-0,04;-0,01;-0,01;-0,09;-0,09;0,0;0,0;-0,16;-0,16;-0,03;-0,03;-0,04;-0,04
23.07.2026;20:00;20:15;0,07;0,07;-0,21;-0,21;-0,13;-0,13;0,0;0,0;-0,02;-0,02;0,0;0,0;-0,01;-0,01;-0,01;-0,01;0,0;0,0;0,0;0,0;0,0;0,0;0,0;0,0;-0,01;-0,01;-0,01;-0,01;-0,03;-0,03;0,0;0,0;-0,02;-0,02;-0,07;-0,07;-0,03;-0,03;-0,39;-0,39;-0,01;-0,01;-0,13;-0,13;-0,01;-0,01;-0,09;-0,09;0,0;0,0;-0,29;-0,29;-0,01;-0,01;-0,04;-0,04
23.07.2026;20:15;20:30;0,02;0,02;-0,2;-0,2;-0,05;-0,05;0,0;0,0;0,0;0,0;0,0;0,0;-0,38;-0,38;-0,02;-0,02;0,0;0,0;0,0;0,0;0,0;0,0;0,0;0,0;-0,01;-0,01;0,0;0,0;-0,02;-0,02;0,0;0,0;-0,02;-0,02;-0,05;-0,05;-0,01;-0,01;-0,43;-0,43;-0,01;-0,01;-0,03;-0,03;-0,01;-0,01;-0,08;-0,08;0,0;0,0;-0,14;-0,14;-0,01;-0,01;-0,03;-0,03
23.07.2026;20:30;20:45;0,01;0,01;-0,2;-0,2;-0,03;-0,03;0,0;0,0;-0,01;-0,01;0,0;0,0;-0,36;-0,36;-0,02;-0,02;0,0;0,0;0,0;0,0;0,0;0,0;0,0;0,0;-0,02;-0,02;0,0;0,0;-0,01;-0,01;0,0;0,0;-0,02;-0,02;-0,06;-0,06;-0,03;-0,03;-0,06;-0,06;-0,01;-0,01;-0,33;-0,33;-0,01;-0,01;-0,04;-0,04;0,0;0,0;-0,04;-0,04;0,0;0,0;-0,04;-0,04
23.07.2026;20:45;21:00;0,01;0,01;-0,23;-0,23;-0,06;-0,06;0,0;0,0;-0,02;-0,02;0,0;0,0;-0,1;-0,1;-0,01;-0,01;0,0;0,0;0,0;0,0;0,0;0,0;0,0;0,0;-0,02;-0,02;0,0;0,0;-0,01;-0,01;0,0;0,0;-0,02;-0,02;-0,05;-0,05;-0,02;-0,02;-0,07;-0,07;-0,01;-0,01;-0,25;-0,25;-0,01;-0,01;-0,06;-0,06;0,0;0,0;-0,05;-0,05;-0,01;-0,01;-0,04;-0,04
23.07.2026;21:00;21:15;0,0;0,0;-0,2;-0,2;-0,05;-0,05;0,0;0,0;-0,01;-0,01;0,0;0,0;-0,04;-0,04;-0,01;-0,01;0,0;0,0;0,0;0,0;-0,01;-0,01;0,0;0,0;-0,01;-0,01;0,0;0,0;-0,02;-0,02;0,0;0,0;-0,06;-0,06;-0,04;-0,04;-0,03;-0,03;-0,07;-0,07;0,0;0,0;-0,29;-0,29;-0,01;-0,01;-0,04;-0,04;0,0;0,0;-0,08;-0,08;0,0;0,0;-0,04;-0,04
23.07.2026;21:15;21:30;0,0;0,0;-0,25;-0,25;-0,05;-0,05;0,0;0,0;-0,04;-0,04;-0,01;-0,01;-0,04;-0,04;-0,01;-0,01;0,0;0,0;0,0;0,0;0,0;0,0;0,0;0,0;-0,02;-0,02;0,0;0,0;-0,01;-0,01;0,0;0,0;-0,06;-0,06;-0,04;-0,04;-0,03;-0,03;-0,07;-0,07;-0,02;-0,02;-0,43;-0,43;-0,01;-0,01;-0,03;-0,03;0,0;0,0;-0,03;-0,03;0,0;0,0;-0,04;-0,04
23.07.2026;21:30;21:45;0,0;0,0;-0,19;-0,19;-0,04;-0,04;-0,01;-0,01;-0,05;-0,05;0,0;0,0;-0,06;-0,06;-0,02;-0,02;0,0;0,0;0,0;0,0;0,0;0,0;0,0;0,0;-0,01;-0,01;0,0;0,0;-0,01;-0,01;0,0;0,0;-0,03;-0,03;-0,04;-0,04;-0,06;-0,06;-0,05;-0,05;0,0;0,0;-0,18;-0,18;-0,07;-0,07;-0,02;-0,02;-0,01;-0,01;-0,02;-0,02;-0,01;-0,01;-0,04;-0,04
23.07.2026;21:45;22:00;0,0;0,0;-0,21;-0,21;-0,05;-0,05;0,0;0,0;-0,03;-0,03;0,0;0,0;-0,1;-0,1;-0,02;-0,02;-0,01;-0,01;0,0;0,0;0,0;0,0;0,0;0,0;-0,03;-0,03;0,0;0,0;-0,01;-0,01;-0,01;-0,01;-0,02;-0,02;-0,05;-0,05;-0,02;-0,02;-0,08;-0,08;-0,01;-0,01;-0,1;-0,1;-0,02;-0,02;-0,02;-0,02;0,0;0,0;-0,01;-0,01;-0,01;-0,01;-0,04;-0,04
23.07.2026;22:00;22:15;0,0;0,0;-0,26;-0,26;-0,06;-0,06;0,0;0,0;-0,03;-0,03;0,0;0,0;-0,07;-0,07;-0,01;-0,01;0,0;0,0;0,0;0,0;0,0;0,0;0,0;0,0;-0,01;-0,01;-0,01;-0,01;-0,03;-0,03;0,0;0,0;-0,02;-0,02;-0,05;-0,05;-0,02;-0,02;-0,06;-0,06;-0,01;-0,01;-0,1;-0,1;-0,02;-0,02;-0,02;-0,02;0,0;0,0;-0,01;-0,01;0,0;0,0;-0,03;-0,03
23.07.2026;22:15;22:30;0,0;0,0;-0,34;-0,34;-0,05;-0,05;0,0;0,0;-0,04;-0,04;0,0;0,0;-0,06;-0,06;-0,03;-0,03;0,0;0,0;-0,01;-0,01;0,0;0,0;0,0;0,0;-0,01;-0,01;0,0;0,0;-0,03;-0,03;0,0;0,0;-0,02;-0,02;-0,05;-0,05;-0,03;-0,03;-0,07;-0,07;-0,01;-0,01;-0,11;-0,11;-0,01;-0,01;-0,01;-0,01;0,0;0,0;-0,01;-0,01;-0,01;-0,01;-0,03;-0,03
23.07.2026;22:30;22:45;0,0;0,0;-0,21;-0,21;-0,05;-0,05;0,0;0,0;-0,04;-0,04;0,0;0,0;-0,02;-0,02;-0,03;-0,03;0,0;0,0;0,0;0,0;0,0;0,0;0,0;0,0;-0,01;-0,01;0,0;0,0;-0,05;-0,05;0,0;0,0;-0,02;-0,02;-0,04;-0,04;-0,02;-0,02;-0,06;-0,06;-0,01;-0,01;-0,13;-0,13;-0,01;-0,01;-0,02;-0,02;0,0;0,0;-0,09;-0,09;0,0;0,0;-0,03;-0,03
23.07.2026;22:45;23:00;0,0;0,0;-0,17;-0,17;-0,05;-0,05;0,0;0,0;-0,05;-0,05;0,0;0,0;-0,01;-0,01;-0,03;-0,03;0,0;0,0;0,0;0,0;0,0;0,0;0,0;0,0;0,0;0,0;0,0;0,0;-0,05;-0,05;0,0;0,0;0,0;0,0;-0,05;-0,05;-0,03;-0,03;-0,06;-0,06;-0,01;-0,01;-0,11;-0,11;-0,02;-0,02;-0,02;-0,02;0,0;0,0;-0,26;-0,26;-0,01;-0,01;-0,02;-0,02
23.07.2026;23:00;23:15;0,0;0,0;-0,19;-0,19;-0,06;-0,06;0,0;0,0;-0,02;-0,02;0,0;0,0;-0,03;-0,03;-0,03;-0,03;0,0;0,0;0,0;0,0;0,0;0,0;0,0;0,0;-0,01;-0,01;0,0;0,0;-0,05;-0,05;0,0;0,0;0,0;0,0;-0,03;-0,03;-0,03;-0,03;-0,05;-0,05;0,0;0,0;-0,1;-0,1;-0,01;-0,01;-0,01;-0,01;0,0;0,0;-0,05;-0,05;0,0;0,0;-0,11;-0,11
23.07.2026;23:15;23:30;0,0;0,0;-0,21;-0,21;-0,04;-0,04;0,0;0,0;-0,01;-0,01;-0,01;-0,01;-0,02;-0,02;-0,02;-0,02;0,0;0,0;0,0;0,0;0,0;0,0;0,0;0,0;-0,02;-0,02;0,0;0,0;-0,04;-0,04;0,0;0,0;-0,01;-0,01;-0,02;-0,02;-0,02;-0,02;-0,02;-0,02;-0,02;-0,02;-0,11;-0,11;0,0;0,0;-0,02;-0,02;0,0;0,0;-0,04;-0,04;0,0;0,0;-0,11;-0,11
23.07.2026;23:30;23:45;0,0;0,0;-0,18;-0,18;-0,05;-0,05;0,0;0,0;0,0;0,0;0,0;0,0;-0,01;-0,01;-0,02;-0,02;0,0;0,0;0,0;0,0;-0,01;-0,01;0,0;0,0;-0,01;-0,01;0,0;0,0;-0,04;-0,04;0,0;0,0;0,0;0,0;-0,02;-0,02;-0,01;-0,01;-0,03;-0,03;0,0;0,0;-0,1;-0,1;-0,02;-0,02;-0,01;-0,01;-0,01;-0,01;-0,26;-0,26;-0,01;-0,01;-0,09;-0,09
23.07.2026;23:45;00:00;0,0;0,0;-0,17;-0,17;-0,05;-0,05;0,0;0,0;-0,02;-0,02;0,0;0,0;-0,01;-0,01;-0,02;-0,02;0,0;0,0;0,0;0,0;0,0;0,0;0,0;0,0;-0,01;-0,01;0,0;0,0;-0,03;-0,03;0,0;0,0;-0,02;-0,02;-0,02;-0,02;0,0;0,0;-0,03;-0,03;-0,01;-0,01;-0,1;-0,1;-0,01;-0,01;-0,02;-0,02;0,0;0,0;-0,02;-0,02;-0,01;-0,01;-0,07;-0,07
24.07.2026;00:00;00:15;0,0;0,0;-0,19;-0,19;-0,05;-0,05;0,0;0,0;-0,01;-0,01;0,0;0,0;-0,01;-0,01;-0,02;-0,02;0,0;0,0;0,0;0,0;0,0;0,0;0,0;0,0;0,0;0,0;-0,01;-0,01;-0,02;-0,02;0,0;0,0;-0,02;-0,02;-0,03;-0,03;0,0;0,0;-0,03;-0,03;-0,01;-0,01;-0,1;-0,1;-0,01;-0,01;-0,01;-0,01;0,0;0,0;-0,02;-0,02;0,0;0,0;-0,02;-0,02
24.07.2026;00:15;00:30;0,0;0,0;-0,18;-0,18;-0,05;-0,05;0,0;0,0;-0,02;-0,02;0,0;0,0;0,0;0,0;-0,02;-0,02;-0,01;-0,01;0,0;0,0;0,0;0,0;-0,01;-0,01;-0,01;-0,01;0,0;0,0;-0,03;-0,03;-0,01;-0,01;-0,01;-0,01;-0,02;-0,02;0,0;0,0;-0,02;-0,02;-0,01;-0,01;-0,11;-0,11;-0,01;-0,01;-0,02;-0,02;0,0;0,0;-0,03;-0,03;0,0;0,0;-0,01;-0,01
24.07.2026;00:30;00:45;0,0;0,0;-0,18;-0,18;-0,03;-0,03;0,0;0,0;-0,01;-0,01;0,0;0,0;-0,02;-0,02;-0,01;-0,01;0,0;0,0;0,0;0,0;0,0;0,0;0,0;0,0;-0,01;-0,01;0,0;0,0;-0,03;-0,03;0,0;0,0;-0,02;-0,02;-0,02;-0,02;0,0;0,0;-0,03;-0,03;0,0;0,0;-0,06;-0,06;-0,01;-0,01;-0,01;-0,01;0,0;0,0;-0,02;-0,02;-0,01;-0,01;-0,02;-0,02
24.07.2026;00:45;01:00;0,0;0,0;-0,18;-0,18;-0,02;-0,02;0,0;0,0;0,0;0,0;0,0;0,0;0,0;0,0;-0,01;-0,01;0,0;0,0;0,0;0,0;0,0;0,0;0,0;0,0;-0,02;-0,02;0,0;0,0;-0,02;-0,02;0,0;0,0;-0,01;-0,01;-0,02;-0,02;0,0;0,0;-0,02;-0,02;-0,02;-0,02;-0,02;-0,02;-0,01;-0,01;-0,02;-0,02;0,0;0,0;-0,02;-0,02;-0,01;-0,01;-0,02;-0,02
24.07.2026;01:00;01:15;0,0;0,0;-0,18;-0,18;-0,02;-0,02;-0,01;-0,01;-0,01;-0,01;0,0;0,0;-0,01;-0,01;-0,01;-0,01;0,0;0,0;0,0;0,0;0,0;0,0;0,0;0,0;0,0;0,0;0,0;0,0;-0,03;-0,03;0,0;0,0;0,0;0,0;-0,02;-0,02;0,0;0,0;-0,03;-0,03;0,0;0,0;-0,02;-0,02;-0,01;-0,01;-0,01;-0,01;0,0;0,0;-0,01;-0,01;0,0;0,0;-0,02;-0,02
24.07.2026;01:15;01:30;0,0;0,0;-0,18;-0,18;-0,02;-0,02;0,0;0,0;-0,02;-0,02;-0,01;-0,01;-0,01;-0,01;-0,02;-0,02;0,0;0,0;0,0;0,0;0,0;0,0;0,0;0,0;-0,01;-0,01;0,0;0,0;-0,02;-0,02;0,0;0,0;-0,01;-0,01;-0,02;-0,02;0,0;0,0;-0,03;-0,03;-0,01;-0,01;-0,03;-0,03;-0,01;-0,01;-0,02;-0,02;0,0;0,0;-0,01;-0,01;-0,01;-0,01;-0,02;-0,02
24.07.2026;01:30;01:45;0,0;0,0;-0,18;-0,18;-0,02;-0,02;0,0;0,0;-0,01;-0,01;0,0;0,0;-0,01;-0,01;-0,02;-0,02;0,0;0,0;0,0;0,0;0,0;0,0;0,0;0,0;0,0;0,0;0,0;0,0;-0,02;-0,02;0,0;0,0;0,0;0,0;-0,01;-0,01;0,0;0,0;-0,02;-0,02;-0,01;-0,01;-0,02;-0,02;-0,01;-0,01;-0,01;-0,01;-0,01;-0,01;-0,01;-0,01;0,0;0,0;-0,03;-0,03
24.07.2026;01:45;02:00;0,0;0,0;-0,17;-0,17;-0,02;-0,02;0,0;0,0;-0,02;-0,02;0,0;0,0;-0,01;-0,01;-0,02;-0,02;0,0;0,0;0,0;0,0;0,0;0,0;0,0;0,0;-0,02;-0,02;0,0;0,0;-0,02;-0,02;0,0;0,0;-0,01;-0,01;-0,01;-0,01;-0,01;-0,01;-0,01;-0,01;0,0;0,0;-0,02;-0,02;0,0;0,0;-0,02;-0,02;0,0;0,0;-0,01;-0,01;-0,01;-0,01;-0,01;-0,01
24.07.2026;02:00;02:15;0,0;0,0;-0,18;-0,18;-0,02;-0,02;0,0;0,0;-0,01;-0,01;0,0;0,0;-0,01;-0,01;-0,01;-0,01;0,0;0,0;0,0;0,0;-0,01;-0,01;0,0;0,0;-0,02;-0,02;-0,01;-0,01;-0,02;-0,02;0,0;0,0;-0,01;-0,01;-0,01;-0,01;0,0;0,0;0,0;0,0;-0,02;-0,02;-0,03;-0,03;-0,01;-0,01;-0,01;-0,01;0,0;0,0;-0,01;-0,01;0,0;0,0;-0,01;-0,01
24.07.2026;02:15;02:30;0,0;0,0;-0,17;-0,17;-0,02;-0,02;0,0;0,0;-0,04;-0,04;0,0;0,0;0,0;0,0;-0,02;-0,02;0,0;0,0;0,0;0,0;0,0;0,0;0,0;0,0;0,0;0,0;0,0;0,0;-0,02;-0,02;0,0;0,0;-0,02;-0,02;-0,02;-0,02;0,0;0,0;-0,01;-0,01;0,0;0,0;-0,02;-0,02;-0,01;-0,01;-0,01;-0,01;0,0;0,0;-0,01;-0,01;-0,01;-0,01;-0,02;-0,02
24.07.2026;02:30;02:45;0,0;0,0;-0,18;-0,18;-0,02;-0,02;0,0;0,0;-0,03;-0,03;0,0;0,0;-0,01;-0,01;-0,02;-0,02;0,0;0,0;0,0;0,0;0,0;0,0;0,0;0,0;-0,01;-0,01;0,0;0,0;-0,02;-0,02;0,0;0,0;-0,01;-0,01;-0,03;-0,03;0,0;0,0;-0,01;-0,01;-0,01;-0,01;-0,02;-0,02;-0,01;-0,01;-0,02;-0,02;0,0;0,0;-0,01;-0,01;0,0;0,0;-0,03;-0,03
24.07.2026;02:45;03:00;0,0;0,0;-0,17;-0,17;-0,02;-0,02;0,0;0,0;-0,02;-0,02;0,0;0,0;-0,01;-0,01;-0,02;-0,02;-0,01;-0,01;0,0;0,0;0,0;0,0;0,0;0,0;0,0;0,0;0,0;0,0;-0,02;-0,02;-0,01;-0,01;-0,02;-0,02;-0,02;-0,02;0,0;0,0;0,0;0,0;-0,01;-0,01;-0,02;-0,02;-0,01;-0,01;-0,01;-0,01;0,0;0,0;-0,01;-0,01;-0,01;-0,01;-0,02;-0,02
24.07.2026;03:00;03:15;0,0;0,0;-0,18;-0,18;-0,01;-0,01;0,0;0,0;-0,02;-0,02;0,0;0,0;-0,01;-0,01;-0,02;-0,02;0,0;0,0;0,0;0,0;0,0;0,0;0,0;0,0;-0,01;-0,01;0,0;0,0;-0,02;-0,02;0,0;0,0;-0,01;-0,01;-0,02;-0,02;0,0;0,0;-0,01;-0,01;-0,01;-0,01;-0,02;-0,02;-0,01;-0,01;-0,02;-0,02;0,0;0,0;-0,01;-0,01;0,0;0,0;-0,03;-0,03
24.07.2026;03:15;03:30;0,0;0,0;-0,17;-0,17;-0,02;-0,02;0,0;0,0;-0,02;-0,02;-0,01;-0,01;-0,01;-0,01;-0,02;-0,02;0,0;0,0;-0,01;-0,01;0,0;0,0;0,0;0,0;-0,02;-0,02;0,0;0,0;-0,02;-0,02;0,0;0,0;0,0;0,0;-0,03;-0,03;0,0;0,0;-0,01;-0,01;-0,01;-0,01;-0,01;-0,01;-0,01;-0,01;-0,01;-0,01;0,0;0,0;-0,01;-0,01;-0,01;-0,01;-0,01;-0,01
24.07.2026;03:30;03:45;0,0;0,0;-0,18;-0,18;-0,03;-0,03;0,0;0,0;-0,01;-0,01;0,0;0,0;-0,01;-0,01;-0,01;-0,01;0,0;0,0;0,0;0,0;0,0;0,0;0,0;0,0;-0,01;-0,01;0,0;0,0;-0,02;-0,02;0,0;0,0;-0,01;-0,01;-0,02;-0,02;0,0;0,0;-0,01;-0,01;-0,01;-0,01;-0,01;-0,01;0,0;0,0;-0,02;-0,02;-0,01;-0,01;-0,01;-0,01;0,0;0,0;-0,02;-0,02
24.07.2026;03:45;04:00;0,0;0,0;-0,17;-0,17;-0,02;-0,02;0,0;0,0;-0,01;-0,01;0,0;0,0;-0,01;-0,01;-0,02;-0,02;0,0;0,0;0,0;0,0;0,0;0,0;0,0;0,0;-0,01;-0,01;0,0;0,0;-0,02;-0,02;0,0;0,0;0,0;0,0;-0,01;-0,01;-0,01;-0,01;-0,02;-0,02;0,0;0,0;-0,01;-0,01;-0,01;-0,01;-0,01;-0,01;0,0;0,0;-0,01;-0,01;0,0;0,0;-0,02;-0,02
24.07.2026;04:00;04:15;0,0;0,0;-0,18;-0,18;-0,01;-0,01;0,0;0,0;-0,01;-0,01;0,0;0,0;-0,01;-0,01;-0,02;-0,02;0,0;0,0;0,0;0,0;0,0;0,0;0,0;0,0;0,0;0,0;-0,01;-0,01;-0,01;-0,01;0,0;0,0;-0,01;-0,01;-0,01;-0,01;0,0;0,0;0,0;0,0;-0,01;-0,01;-0,02;-0,02;-0,01;-0,01;-0,01;-0,01;0,0;0,0;-0,01;-0,01;-0,01;-0,01;-0,02;-0,02
24.07.2026;04:15;04:30;0,0;0,0;-0,18;-0,18;-0,02;-0,02;-0,01;-0,01;-0,01;-0,01;0,0;0,0;-0,01;-0,01;-0,02;-0,02;0,0;0,0;0,0;0,0;0,0;0,0;0,0;0,0;-0,01;-0,01;0,0;0,0;-0,02;-0,02;0,0;0,0;-0,02;-0,02;-0,01;-0,01;0,0;0,0;-0,01;-0,01;-0,01;-0,01;-0,01;-0,01;-0,01;-0,01;-0,02;-0,02;0,0;0,0;-0,01;-0,01;-0,01;-0,01;-0,02;-0,02
24.07.2026;04:30;04:45;0,0;0,0;-0,17;-0,17;-0,03;-0,03;0,0;0,0;-0,02;-0,02;0,0;0,0;0,0;0,0;-0,01;-0,01;0,0;0,0;0,0;0,0;-0,01;-0,01;0,0;0,0;-0,02;-0,02;0,0;0,0;-0,02;-0,02;0,0;0,0;-0,01;-0,01;-0,02;-0,02;0,0;0,0;0,0;0,0;-0,01;-0,01;-0,02;-0,02;-0,01;-0,01;-0,01;-0,01;0,0;0,0;0,0;0,0;0,0;0,0;-0,03;-0,03
24.07.2026;04:45;05:00;0,0;0,0;-0,18;-0,18;-0,02;-0,02;0,0;0,0;-0,01;-0,01;0,0;0,0;-0,02;-0,02;0,0;0,0;0,0;0,0;0,0;0,0;0,0;0,0;0,0;0,0;-0,01;-0,01;0,0;0,0;-0,01;-0,01;0,0;0,0;-0,02;-0,02;-0,02;-0,02;0,0;0,0;-0,01;-0,01;-0,01;-0,01;-0,01;-0,01;-0,01;-0,01;-0,02;-0,02;0,0;0,0;-0,02;-0,02;0,0;0,0;-0,01;-0,01
24.07.2026;05:00;05:15;0,0;0,0;-0,18;-0,18;-0,01;-0,01;0,0;0,0;-0,01;-0,01;0,0;0,0;0,0;0,0;-0,02;-0,02;0,0;0,0;0,0;0,0;0,0;0,0;0,0;0,0;-0,01;-0,01;0,0;0,0;-0,02;-0,02;0,0;0,0;-0,01;-0,01;-0,02;-0,02;0,0;0,0;-0,01;-0,01;0,0;0,0;-0,02;-0,02;0,0;0,0;-0,01;-0,01;0,0;0,0;-0,01;-0,01;-0,01;-0,01;-0,01;-0,01
24.07.2026;05:15;05:30;0,0;0,0;-0,18;-0,18;-0,02;-0,02;0,0;0,0;-0,01;-0,01;-0,01;-0,01;-0,01;-0,01;-0,02;-0,02;-0,01;-0,01;0,0;0,0;0,0;0,0;-0,01;-0,01;0,0;0,0;0,0;0,0;-0,01;-0,01;-0,01;-0,01;-0,01;-0,01;-0,02;-0,02;0,0;0,0;0,0;0,0;-0,01;-0,01;-0,01;-0,01;-0,01;-0,01;-0,02;-0,02;0,0;0,0;0,0;0,0;0,0;0,0;-0,02;-0,02
24.07.2026;05:30;05:45;0,01;0,01;-0,18;-0,18;-0,03;-0,03;0,0;0,0;-0,01;-0,01;0,0;0,0;-0,01;-0,01;-0,02;-0,02;0,0;0,0;0,0;0,0;0,0;0,0;0,0;0,0;-0,01;-0,01;0,0;0,0;-0,02;-0,02;0,0;0,0;0,0;0,0;-0,02;-0,02;0,0;0,0;-0,01;-0,01;-0,01;-0,01;0,0;0,0;-0,01;-0,01;-0,01;-0,01;-0,01;-0,01;-0,01;-0,01;-0,01;-0,01;-0,03;-0,03
24.07.2026;05:45;06:00;0,01;0,01;-0,2;-0,2;-0,02;-0,02;0,0;0,0;-0,01;-0,01;0,0;0,0;-0,01;-0,01;-0,02;-0,02;0,0;0,0;0,0;0,0;0,0;0,0;0,0;0,0;-0,01;-0,01;0,0;0,0;-0,02;-0,02;0,0;0,0;-0,01;-0,01;-0,12;-0,12;0,0;0,0;-0,02;-0,02;0,0;0,0;0,0;0,0;-0,01;-0,01;-0,02;-0,02;0,0;0,0;-0,01;-0,01;0,0;0,0;-0,02;-0,02
24.07.2026;06:00;06:15;0,05;0,05;-0,18;-0,18;0,0;0,0;0,0;0,0;-0,02;-0,02;0,0;0,0;0,0;0,0;-0,02;-0,02;0,0;0,0;0,0;0,0;0,0;0,0;0,0;0,0;-0,02;-0,02;-0,01;-0,01;-0,02;-0,02;0,0;0,0;0,0;0,0;-0,02;-0,02;-0,01;-0,01;0,0;0,0;-0,02;-0,02;-0,02;-0,02;-0,01;-0,01;-0,01;-0,01;0,0;0,0;-0,01;-0,01;-0,01;-0,01;-0,02;-0,02
24.07.2026;06:15;06:30;0,08;0,08;-0,18;-0,18;-0,03;-0,03;0,0;0,0;0,0;0,0;0,0;0,0;-0,02;-0,02;-0,01;-0,01;0,0;0,0;0,0;0,0;0,0;0,0;0,0;0,0;0,0;0,0;0,0;0,0;-0,03;-0,03;0,0;0,0;-0,01;-0,01;-0,02;-0,02;0,0;0,0;-0,02;-0,02;0,0;0,0;0,0;0,0;-0,01;-0,01;-0,01;-0,01;0,0;0,0;-0,01;-0,01;0,0;0,0;-0,02;-0,02
24.07.2026;06:30;06:45;0,16;0,11;-0,21;-0,16;-0,02;-0,02;0,0;0,0;-0,01;-0,01;0,0;0,0;0,0;0,0;-0,02;-0,02;0,0;0,0;0,0;0,0;0,0;0,0;0,0;0,0;-0,01;-0,01;0,0;0,0;-0,02;-0,02;0,0;0,0;-0,04;-0,04;-0,01;-0,01;0,0;0,0;-0,01;-0,01;-0,01;-0,01;-0,01;-0,01;-0,01;-0,01;-0,02;-0,02;0,0;0,0;-0,01;-0,01;0,0;0,0;-0,02;-0,02
24.07.2026;06:45;07:00;0,22;0,17;-0,19;-0,14;-0,13;-0,13;0,0;0,0;-0,01;-0,01;0,0;0,0;-0,01;-0,01;-0,02;-0,02;0,0;0,0;0,0;0,0;0,0;0,0;0,0;0,0;-0,01;-0,01;0,0;0,0;-0,02;-0,02;0,0;0,0;-0,34;-0,34;-0,01;-0,01;0,0;0,0;0,0;0,0;-0,01;-0,01;-0,01;-0,01;0,0;0,0;-0,01;-0,01;0,0;0,0;-0,01;-0,01;-0,01;-0,01;-0,04;-0,04
24.07.2026;07:00;07:15;0,31;0,11;-0,19;-0,14;0,0;0,0;0,0;0,0;-0,02;-0,01;0,0;0,0;-0,01;0,0;-0,02;-0,01;0,0;0,0;0,0;0,0;-0,01;0,0;0,0;0,0;-0,01;0,0;0,0;0,0;-0,02;-0,01;0,0;0,0;-0,26;-0,25;-0,02;-0,01;0,0;0,0;-0,01;0,0;-0,01;0,0;-0,02;-0,01;-0,06;-0,05;-0,02;-0,01;0,0;0,0;-0,01;0,0;0,0;0,0;-0,05;-0,04
24.07.2026;07:15;07:30;0,47;0,2;-0,21;-0,11;-0,02;-0,01;0,0;0,0;-0,01;0,0;-0,01;0,0;-0,01;0,0;-0,02;-0,01;0,0;0,0;0,0;0,0;0,0;0,0;0,0;0,0;-0,12;-0,11;0,0;0,0;-0,03;-0,02;0,0;0,0;-0,01;0,0;-0,02;-0,01;-0,01;0,0;-0,01;0,0;-0,01;0,0;0,0;0,0;-0,05;-0,04;-0,01;0,0;0,0;0,0;-0,01;0,0;-0,01;0,0;-0,04;-0,03
24.07.2026;07:30;07:45;0,58;0,21;-0,27;-0,15;-0,04;-0,02;-0,01;0,0;-0,01;0,0;0,0;0,0;0,0;0,0;-0,02;0,0;0,0;0,0;0,0;0,0;0,0;0,0;0,0;0,0;-0,09;-0,07;0,0;0,0;-0,2;-0,18;0,0;0,0;-0,02;0,0;-0,03;-0,01;-0,01;0,0;-0,01;0,0;-0,01;0,0;-0,02;0,0;-0,01;0,0;-0,02;0,0;-0,01;0,0;0,0;0,0;0,0;0,0;-0,05;-0,03
24.07.2026;07:45;08:00;0,72;0,24;-0,21;-0,05;-0,02;0,0;0,0;0,0;-0,03;0,0;0,0;0,0;-0,02;0,0;-0,01;0,0;-0,01;0,0;0,0;0,0;0,0;0,0;0,0;0,0;-0,23;-0,18;0,0;0,0;-0,03;0,0;-0,01;0,0;0,0;0,0;-0,03;0,0;-0,02;0,0;0,0;0,0;0,0;0,0;-0,02;0,0;-0,01;0,0;-0,01;0,0;0,0;0,0;-0,01;0,0;0,0;0,0;-0,04;0,0
24.07.2026;08:00;08:15;0,86;0,39;-0,19;0,0;-0,01;0,0;0,0;0,0;-0,02;0,0;0,0;0,0;0,0;0,0;-0,02;0,0;0,0;0,0;0,0;0,0;0,0;0,0;0,0;0,0;-0,04;0,0;-0,01;0,0;-0,04;0,0;0,0;0,0;0,0;0,0;-0,02;0,0;-0,01;0,0;0,0;0,0;-0,02;0,0;-0,01;0,0;-0,01;0,0;-0,02;0,0;0,0;0,0;-0,01;0,0;-0,01;0,0;-0,03;0,0
24.07.2026;08:15;08:30;0,97;0,46;-0,19;0,0;-0,03;0,0;0,0;0,0;-0,02;0,0;0,0;0,0;-0,01;0,0;-0,03;0,0;0,0;0,0;-0,01;0,0;0,0;0,0;0,0;0,0;-0,02;0,0;0,0;0,0;-0,02;0,0;0,0;0,0;0,0;0,0;-0,02;0,0;-0,02;0,0;-0,01;0,0;0,0;0,0;0,0;0,0;0,0;0,0;-0,1;-0,02;0,0;0,0;-0,01;0,0;-0,01;0,0;-0,03;0,0
24.07.2026;08:30;08:45;0,86;0,23;-0,27;-0,09;-0,09;-0,03;0,0;0,0;-0,1;-0,04;0,0;0,0;-0,01;0,0;-0,03;0,0;0,0;0,0;0,0;0,0;0,0;0,0;0,0;0,0;-0,04;0,0;0,0;0,0;-0,03;0,0;0,0;0,0;-0,01;0,0;-0,02;0,0;-0,01;0,0;-0,02;0,0;-0,01;0,0;-0,01;0,0;-0,01;0,0;-0,12;-0,06;0,0;0,0;-0,01;0,0;0,0;0,0;-0,08;-0,02
24.07.2026;08:45;09:00;0,0;0,0;-0,24;-0,24;-0,18;-0,18;0,0;0,0;-0,19;-0,19;0,0;0,0;-0,01;-0,01;-0,07;-0,07;0,0;0,0;0,0;0,0;0,0;0,0;0,0;0,0;-0,02;-0,02;0,0;0,0;-0,03;-0,03;0,0;0,0;-0,02;-0,02;-0,01;-0,01;-0,05;-0,05;-0,01;-0,01;-0,01;-0,01;-0,02;-0,02;-0,01;-0,01;-0,11;-0,11;0,0;0,0;-0,01;-0,01;0,0;0,0;-0,42;-0,42
24.07.2026;09:00;09:15;0,0;0,0;-0,26;-0,26;-0,02;-0,02;0,0;0,0;-0,04;-0,04;0,0;0,0;0,0;0,0;-0,08;-0,08;0,0;0,0;0,0;0,0;0,0;0,0;0,0;0,0;-0,02;-0,02;0,0;0,0;-0,03;-0,03;0,0;0,0;-0,01;-0,01;-0,01;-0,01;0,0;0,0;0,0;0,0;0,0;0,0;-0,02;-0,02;-0,01;-0,01;-0,17;-0,17;0,0;0,0;-0,01;-0,01;-0,01;-0,01;-0,34;-0,34
24.07.2026;09:15;09:30;0,13;0,11;-0,19;-0,17;-0,04;-0,04;0,0;0,0;-0,08;-0,08;-0,01;-0,01;-0,01;-0,01;-0,09;-0,09;0,0;0,0;0,0;0,0;0,0;0,0;0,0;0,0;-0,03;-0,03;0,0;0,0;-0,03;-0,03;0,0;0,0;-0,02;-0,02;-0,02;-0,02;-0,01;-0,01;-0,01;-0,01;-0,02;-0,02;-0,02;-0,02;-0,01;-0,01;-0,1;-0,1;0,0;0,0;-0,01;-0,01;0,0;0,0;-0,22;-0,22
24.07.2026;09:30;09:45;1,43;0,66;-0,2;0,0;-0,06;0,0;0,0;0,0;-0,06;0,0;0,0;0,0;-0,01;0,0;-0,08;0,0;0,0;0,0;0,0;0,0;-0,01;0,0;0,0;0,0;-0,03;0,0;0,0;0,0;-0,03;0,0;0,0;0,0;-0,01;0,0;-0,02;0,0;0,0;0,0;0,0;0,0;0,0;0,0;-0,03;0,0;-0,01;0,0;-0,2;-0,06;-0,01;0,0;-0,01;0,0;-0,01;0,0;-0,05;0,0
24.07.2026;09:45;10:00;1,22;0,51;-0,24;0,0;-0,05;0,0;0,0;0,0;-0,02;0,0;0,0;0,0;-0,01;0,0;-0,08;0,0;0,0;0,0;0,0;0,0;0,0;0,0;0,0;0,0;-0,04;0,0;0,0;0,0;-0,04;0,0;0,0;0,0;0,0;0,0;-0,02;0,0;0,0;0,0;-0,01;0,0;-0,01;0,0;-0,03;0,0;0,0;0,0;-0,18;-0,08;0,0;0,0;-0,01;0,0;0,0;0,0;-0,05;0,0
24.07.2026;10:00;10:15;1,66;0,86;-0,21;0,0;-0,03;0,0;0,0;0,0;-0,01;0,0;0,0;0,0;-0,02;0,0;-0,08;0,0;0,0;0,0;0,0;0,0;0,0;0,0;0,0;0,0;-0,02;0,0;-0,01;0,0;-0,07;0,0;0,0;0,0;0,0;0,0;-0,04;0,0;-0,01;0,0;-0,01;0,0;-0,02;0,0;-0,3;-0,13;-0,01;0,0;-0,04;0,0;0,0;0,0;0,0;0,0;-0,01;0,0;-0,04;0,0
24.07.2026;10:15;10:30;1,75;0,88;-0,22;0,0;-0,03;0,0;0,0;0,0;0,0;0,0;0,0;0,0;-0,06;0,0;-0,08;0,0;-0,01;0,0;0,0;0,0;0,0;0,0;-0,01;0,0;-0,02;0,0;0,0;0,0;-0,01;0,0;-0,01;0,0;-0,01;0,0;-0,1;0,0;-0,01;0,0;0,0;0,0;0,0;0,0;-0,17;0,0;-0,01;0,0;-0,04;0,0;0,0;0,0;-0,02;0,0;0,0;0,0;-0,06;0,0
24.07.2026;10:30;10:45;1,47;0,75;-0,21;0,0;-0,01;0,0;0,0;0,0;-0,01;0,0;0,0;0,0;-0,72;-0,58;-0,08;0,0;0,0;0,0;0,0;0,0;0,0;0,0;0,0;0,0;-0,03;0,0;0,0;0,0;-0,01;0,0;0,0;0,0;0,0;0,0;-0,02;0,0;-0,01;0,0;-0,01;0,0;-0,01;0,0;-0,05;0,0;-0,01;0,0;-0,1;0,0;0,0;0,0;0,0;0,0;0,0;0,0;-0,02;0,0
24.07.2026;10:45;11:00;1,93;0,99;-0,27;0,0;-0,03;0,0;0,0;0,0;-0,02;0,0;0,0;0,0;-0,15;0,0;-0,09;0,0;0,0;0,0;0,0;0,0;0,0;0,0;0,0;0,0;-0,03;0,0;0,0;0,0;-0,02;0,0;0,0;0,0;-0,02;0,0;-0,03;0,0;0,0;0,0;-0,01;0,0;-0,01;0,0;-0,03;0,0;-0,01;0,0;-0,18;0,0;0,0;0,0;-0,01;0,0;-0,01;0,0;-0,02;0,0
24.07.2026;11:00;11:15;1,97;1,12;-0,27;0,0;-0,02;0,0;-0,01;0,0;-0,01;0,0;0,0;0,0;-0,1;0,0;-0,08;0,0;0,0;0,0;0,0;0,0;0,0;0,0;0,0;0,0;-0,05;0,0;0,0;0,0;-0,01;0,0;0,0;0,0;-0,01;0,0;-0,03;0,0;-0,01;0,0;-0,01;0,0;0,0;0,0;-0,04;0,0;-0,01;0,0;-0,14;0,0;0,0;0,0;-0,01;0,0;-0,01;0,0;-0,03;0,0
24.07.2026;11:15;11:30;1,98;1,21;-0,25;0,0;-0,01;0,0;0,0;0,0;-0,01;0,0;-0,01;0,0;-0,11;0,0;-0,08;0,0;0,0;0,0;0,0;0,0;0,0;0,0;0,0;0,0;-0,02;0,0;0,0;0,0;-0,03;0,0;0,0;0,0;-0,02;0,0;-0,02;0,0;-0,01;0,0;-0,01;0,0;-0,02;0,0;-0,01;0,0;0,0;0,0;-0,14;0,0;0,0;0,0;-0,01;0,0;0,0;0,0;-0,01;0,0
24.07.2026;11:30;11:45;2,15;1,32;-0,2;0,0;-0,02;0,0;0,0;0,0;-0,01;0,0;0,0;0,0;-0,1;0,0;-0,09;0,0;0,0;0,0;0,0;0,0;0,0;0,0;0,0;0,0;-0,05;0,0;0,0;0,0;-0,11;0,0;0,0;0,0;-0,01;0,0;-0,03;0,0;-0,01;0,0;-0,01;0,0;0,0;0,0;-0,01;0,0;-0,01;0,0;-0,14;0,0;-0,01;0,0;-0,01;0,0;0,0;0,0;-0,01;0,0
24.07.2026;11:45;12:00;2,1;1,21;-0,34;0,0;-0,02;0,0;0,0;0,0;-0,01;0,0;0,0;0,0;-0,04;0,0;-0,08;0,0;0,0;0,0;0,0;0,0;0,0;0,0;0,0;0,0;-0,15;0,0;0,0;0,0;-0,1;0,0;0,0;0,0;0,0;0,0;-0,03;0,0;-0,01;0,0;0,0;0,0;-0,01;0,0;-0,01;0,0;-0,01;0,0;-0,04;0,0;0,0;0,0;-0,01;0,0;-0,01;0,0;-0,02;0,0
24.07.2026;12:00;12:15;1,6;0,68;-0,19;0,0;-0,03;0,0;0,0;0,0;-0,01;0,0;0,0;0,0;-0,15;0,0;-0,08;0,0;0,0;0,0;0,0;0,0;-0,01;0,0;0,0;0,0;-0,07;0,0;-0,01;0,0;-0,12;0,0;0,0;0,0;0,0;0,0;-0,35;-0,2;-0,02;0,0;-0,01;0,0;-0,01;0,0;-0,01;0,0;-0,01;0,0;-0,02;0,0;0,0;0,0;0,0;0,0;0,0;0,0;-0,02;0,0
24.07.2026;12:15;12:30;1,32;0,51;-0,22;0,0;-0,01;0,0;0,0;0,0;-0,02;0,0;0,0;0,0;-0,24;-0,13;-0,07;0,0;0,0;0,0;0,0;0,0;0,0;0,0;0,0;0,0;-0,03;0,0;0,0;0,0;-0,11;0,0;0,0;0,0;-0,01;0,0;-0,26;-0,15;-0,02;0,0;0,0;0,0;-0,01;0,0;-0,01;0,0;0,0;0,0;-0,03;0,0;0,0;0,0;-0,02;0,0;-0,01;0,0;-0,02;0,0
24.07.2026;12:30;12:45;0,32;0,14;-0,22;-0,16;-0,01;0,0;0,0;0,0;0,0;0,0;0,0;0,0;-0,03;-0,02;-0,09;-0,08;0,0;0,0;0,0;0,0;0,0;0,0;0,0;0,0;0,0;0,0;0,0;0,0;-0,12;-0,11;0,0;0,0;0,0;0,0;-0,15;-0,14;-0,03;-0,02;-0,01;0,0;-0,01;0,0;-0,01;0,0;-0,02;-0,01;-0,04;-0,03;0,0;0,0;0,0;0,0;0,0;0,0;-0,03;-0,02
24.07.2026;12:45;13:00;0,0;0,0;-0,2;-0,2;-0,03;-0,03;0,0;0,0;-0,01;-0,01;0,0;0,0;-0,03;-0,03;-0,08;-0,08;-0,01;-0,01;0,0;0,0;0,0;0,0;0,0;0,0;-0,01;-0,01;0,0;0,0;-0,04;-0,04;-0,01;-0,01;-0,01;-0,01;-0,04;-0,04;-0,02;-0,02;-0,01;-0,01;-0,01;-0,01;-0,01;-0,01;-0,01;-0,01;-0,05;-0,05;0,0;0,0;-0,01;-0,01;-0,01;-0,01;-0,01;-0,01
24.07.2026;13:00;13:15;1,14;0,56;-0,22;0,0;-0,02;0,0;0,0;0,0;-0,01;0,0;0,0;0,0;-0,05;0,0;-0,08;0,0;0,0;0,0;0,0;0,0;0,0;0,0;0,0;0,0;-0,01;0,0;0,0;0,0;-0,01;0,0;0,0;0,0;-0,02;0,0;-0,04;0,0;-0,03;0,0;0,0;0,0;0,0;0,0;-0,01;0,0;0,0;0,0;-0,06;0,0;0,0;0,0;-0,01;0,0;0,0;0,0;-0,01;0,0
24.07.2026;13:15;13:30;1,51;0,9;-0,21;0,0;-0,01;0,0;0,0;0,0;-0,02;0,0;-0,01;0,0;-0,05;0,0;-0,08;0,0;0,0;0,0;-0,01;0,0;0,0;0,0;0,0;0,0;-0,02;0,0;0,0;0,0;-0,01;0,0;0,0;0,0;-0,01;0,0;-0,04;0,0;-0,01;0,0;-0,01;0,0;-0,02;0,0;-0,01;0,0;-0,01;0,0;-0,04;0,0;0,0;0,0;-0,01;0,0;-0,01;0,0;-0,02;0,0
24.07.2026;13:30;13:45;1,78;1,08;-0,22;0,0;-0,01;0,0;0,0;0,0;-0,01;0,0;0,0;0,0;-0,16;0,0;-0,08;0,0;0,0;0,0;0,0;0,0;0,0;0,0;0,0;0,0;-0,02;0,0;0,0;0,0;-0,01;0,0;0,0;0,0;-0,02;0,0;-0,04;0,0;-0,04;0,0;-0,01;0,0;0,0;0,0;-0,01;0,0;-0,01;0,0;-0,03;0,0;-0,01;0,0;0,0;0,0;0,0;0,0;-0,02;0,0
24.07.2026;13:45;14:00;2,19;1,64;-0,18;0,0;-0,03;0,0;0,0;0,0;-0,01;0,0;0,0;0,0;-0,01;0,0;-0,08;0,0;0,0;0,0;0,0;0,0;0,0;0,0;0,0;0,0;0,0;0,0;0,0;0,0;-0,01;0,0;0,0;0,0;0,0;0,0;-0,04;0,0;-0,07;0,0;-0,01;0,0;-0,01;0,0;-0,01;0,0;-0,01;0,0;-0,03;0,0;0,0;0,0;-0,02;0,0;-0,01;0,0;-0,02;0,0
24.07.2026;14:00;14:15;1,97;1,22;-0,21;0,0;-0,03;0,0;0,0;0,0;0,0;0,0;0,0;0,0;-0,32;-0,09;-0,08;0,0;0,0;0,0;0,0;0,0;0,0;0,0;0,0;0,0;-0,01;0,0;-0,01;0,0;-0,02;0,0;0,0;0,0;-0,01;0,0;-0,04;0,0;0,0;0,0;-0,01;0,0;-0,01;0,0;-0,01;0,0;-0,01;0,0;-0,04;0,0;0,0;0,0;0,0;0,0;0,0;0,0;-0,03;0,0
24.07.2026;14:15;14:30;1,1;0,51;-0,19;0,0;-0,01;0,0;-0,01;0,0;-0,02;0,0;0,0;0,0;-0,25;-0,16;-0,08;0,0;0,0;0,0;0,0;0,0;0,0;0,0;0,0;0,0;-0,01;0,0;0,0;0,0;-0,04;0,0;0,0;0,0;0,0;0,0;-0,03;0,0;-0,01;0,0;0,0;0,0;-0,01;0,0;-0,01;0,0;-0,01;0,0;-0,03;0,0;0,0;0,0;-0,02;0,0;0,0;0,0;-0,02;0,0
24.07.2026;14:30;14:45;2,03;1,33;-0,19;0,0;-0,02;0,0;0,0;0,0;-0,01;0,0;0,0;0,0;-0,5;-0,25;-0,07;0,0;0,0;0,0;0,0;0,0;-0,01;0,0;0,0;0,0;-0,02;0,0;0,0;0,0;-0,01;0,0;0,0;0,0;0,0;0,0;-0,03;0,0;0,0;0,0;-0,01;0,0;-0,01;0,0;-0,01;0,0;0,0;0,0;-0,04;0,0;0,0;0,0;0,0;0,0;-0,01;0,0;-0,01;0,0
24.07.2026;14:45;15:00;1,58;0,98;-0,25;0,0;-0,02;0,0;0,0;0,0;-0,01;0,0;0,0;0,0;-0,05;0,0;-0,08;0,0;0,0;0,0;0,0;0,0;0,0;0,0;0,0;0,0;-0,03;0,0;0,0;0,0;-0,02;0,0;0,0;0,0;-0,01;0,0;-0,03;0,0;0,0;0,0;-0,01;0,0;-0,01;0,0;-0,01;0,0;-0,01;0,0;-0,03;0,0;0,0;0,0;-0,01;0,0;-0,01;0,0;-0,01;0,0
24.07.2026;15:00;15:15;1,78;1,29;-0,19;0,0;-0,03;0,0;0,0;0,0;-0,01;0,0;0,0;0,0;-0,01;0,0;-0,08;0,0;0,0;0,0;0,0;0,0;0,0;0,0;0,0;0,0;-0,01;0,0;0,0;0,0;-0,01;0,0;0,0;0,0;-0,01;0,0;-0,03;0,0;0,0;0,0;-0,02;0,0;0,0;0,0;0,0;0,0;-0,01;0,0;-0,03;0,0;0,0;0,0;-0,01;0,0;0,0;0,0;-0,04;0,0
24.07.2026;15:15;15:30;0,78;0,21;-0,25;-0,07;-0,02;0,0;0,0;0,0;-0,01;0,0;-0,01;0,0;-0,01;0,0;-0,08;-0,03;-0,01;0,0;0,0;0,0;0,0;0,0;-0,01;0,0;-0,01;0,0;0,0;0,0;-0,01;0,0;-0,01;0,0;-0,01;0,0;-0,05;0,0;0,0;0,0;-0,48;-0,43;-0,02;0,0;-0,01;0,0;-0,01;0,0;-0,03;0,0;0,0;0,0;-0,01;0,0;0,0;0,0;-0,06;-0,01
24.07.2026;15:30;15:45;1,16;0,34;-0,32;-0,05;-0,01;0,0;-0,1;-0,01;-0,01;0,0;0,0;0,0;-0,02;0,0;-0,08;0,0;0,0;0,0;0,0;0,0;0,0;0,0;0,0;0,0;0,0;0,0;0,0;0,0;-0,02;0,0;0,0;0,0;-0,02;0,0;-0,06;0,0;-0,04;0,0;-0,72;-0,63;0,0;0,0;-0,02;0,0;0,0;0,0;-0,03;0,0;-0,01;0,0;0,0;0,0;-0,01;0,0;-0,04;0,0
24.07.2026;15:45;16:00;0,35;0,13;-0,17;-0,1;-0,03;-0,02;-0,14;-0,13;-0,02;-0,01;0,0;0,0;0,0;0,0;-0,08;-0,07;0,0;0,0;0,0;0,0;0,0;0,0;0,0;0,0;-0,01;0,0;0,0;0,0;-0,01;0,0;0,0;0,0;-0,01;0,0;-0,03;-0,02;-0,11;-0,1;-0,84;-0,83;-0,01;0,0;0,0;0,0;-0,02;-0,01;-0,04;-0,03;0,0;0,0;-0,02;-0,01;0,0;0,0;-0,04;-0,03
24.07.2026;16:00;16:15;0,02;0,02;-0,21;-0,21;-0,03;-0,03;-0,08;-0,08;0,0;0,0;0,0;0,0;-0,01;-0,01;-0,06;-0,06;0,0;0,0;0,0;0,0;0,0;0,0;0,0;0,0;-0,02;-0,02;-0,01;-0,01;-0,01;-0,01;0,0;0,0;-0,01;-0,01;-0,02;-0,02;-0,02;-0,02;-0,09;-0,09;-0,01;-0,01;-0,01;-0,01;-0,01;-0,01;-0,08;-0,08;0,0;0,0;0,0;0,0;-0,01;-0,01;-0,04;-0,04
24.07.2026;16:15;16:30;0,0;0,0;-0,18;-0,18;-0,01;-0,01;-0,1;-0,1;-0,01;-0,01;0,0;0,0;-0,01;-0,01;-0,07;-0,07;0,0;0,0;0,0;0,0;0,0;0,0;0,0;0,0;-0,01;-0,01;0,0;0,0;-0,01;-0,01;0,0;0,0;0,0;0,0;-0,03;-0,03;-0,01;-0,01;-0,4;-0,4;-0,01;-0,01;-0,01;-0,01;0,0;0,0;-0,03;-0,03;0,0;0,0;-0,02;-0,02;0,0;0,0;-0,02;-0,02
24.07.2026;16:30;16:45;0,4;0,17;-0,26;-0,19;-0,02;-0,01;-0,08;-0,07;-0,01;0,0;0,0;0,0;-0,01;0,0;-0,29;-0,28;0,0;0,0;0,0;0,0;0,0;0,0;0,0;0,0;-0,01;0,0;0,0;0,0;-0,02;-0,01;0,0;0,0;0,0;0,0;-0,02;-0,01;0,0;0,0;-0,1;-0,09;-0,01;0,0;-0,01;0,0;-0,01;0,0;-0,01;0,0;0,0;0,0;-0,01;0,0;-0,01;0,0;-0,02;-0,01
24.07.2026;16:45;17:00;1,16;0,56;-0,2;0,0;-0,02;0,0;-0,13;-0,02;-0,02;0,0;0,0;0,0;-0,01;0,0;-0,08;0,0;0,0;0,0;0,0;0,0;0,0;0,0;0,0;0,0;0,0;0,0;0,0;0,0;-0,01;0,0;0,0;0,0;-0,01;0,0;-0,03;0,0;0,0;0,0;-0,01;0,0;-0,01;0,0;-0,01;0,0;-0,01;0,0;-0,03;0,0;0,0;0,0;-0,03;0,0;0,0;0,0;-0,01;0,0
24.07.2026;17:00;17:15;1,17;0,61;-0,19;0,0;-0,02;0,0;-0,01;0,0;-0,01;0,0;0,0;0,0;-0,01;0,0;-0,07;0,0;0,0;0,0;0,0;0,0;-0,01;0,0;0,0;0,0;-0,01;0,0;0,0;0,0;-0,01;0,0;0,0;0,0;0,0;0,0;-0,02;0,0;-0,01;0,0;-0,02;0,0;0,0;0,0;-0,01;0,0;-0,01;0,0;-0,01;0,0;0,0;0,0;-0,17;-0,05;0,0;0,0;-0,02;0,0
24.07.2026;17:15;17:30;0,97;0,36;-0,29;-0,06;-0,02;0,0;0,0;0,0;-0,01;0,0;-0,01;0,0;0,0;0,0;-0,08;0,0;0,0;0,0;0,0;0,0;0,0;0,0;0,0;0,0;-0,02;0,0;0,0;0,0;-0,01;0,0;0,0;0,0;-0,02;0,0;-0,05;0,0;0,0;0,0;-0,02;0,0;-0,02;0,0;-0,01;0,0;-0,01;0,0;-0,02;0,0;0,0;0,0;-0,04;0,0;-0,01;0,0;-0,03;0,0
24.07.2026;17:30;17:45;0,83;0,26;-0,2;-0,01;-0,03;0,0;-0,01;0,0;0,0;0,0;0,0;0,0;-0,01;0,0;-0,08;-0,03;0,0;0,0;0,0;0,0;0,0;0,0;0,0;0,0;-0,01;0,0;0,0;0,0;-0,02;0,0;-0,1;-0,05;-0,01;0,0;-0,06;-0,01;0,0;0,0;-0,03;0,0;0,0;0,0;-0,01;0,0;-0,01;0,0;-0,01;0,0;-0,01;0,0;-0,04;0,0;-0,01;0,0;-0,02;0,0
24.07.2026;17:45;18:00;0,74;0,22;-0,26;-0,11;-0,06;-0,02;0,0;0,0;-0,02;0,0;0,0;0,0;-0,01;0,0;-0,08;-0,04;-0,01;0,0;0,0;0,0;0,0;0,0;0,0;0,0;0,0;0,0;0,0;0,0;-0,01;0,0;-0,1;-0,06;-0,07;-0,03;-0,09;-0,05;0,0;0,0;-0,03;0,0;-0,01;0,0;-0,01;0,0;0,0;0,0;-0,02;0,0;0,0;0,0;-0,03;0,0;0,0;0,0;-0,02;0,0
24.07.2026;18:00;18:15;0,61;0,17;-0,22;-0,12;-0,04;-0,01;0,0;0,0;-0,01;0,0;0,0;0,0;-0,01;0,0;-0,08;-0,05;0,0;0,0;0,0;0,0;0,0;0,0;0,0;0,0;-0,01;0,0;-0,01;0,0;-0,01;0,0;-0,03;0,0;-0,06;-0,03;-0,09;-0,06;-0,01;0,0;-0,03;0,0;-0,01;0,0;-0,02;0,0;-0,01;0,0;-0,02;0,0;0,0;0,0;-0,04;-0,01;0,0;0,0;-0,01;0,0
24.07.2026;18:15;18:30;0,5;0,21;-0,22;-0,11;-0,05;-0,04;0,0;0,0;-0,01;0,0;0,0;0,0;-0,01;0,0;-0,08;-0,07;0,0;0,0;-0,01;0,0;0,0;0,0;0,0;0,0;-0,01;0,0;0,0;0,0;-0,01;0,0;-0,06;-0,05;-0,07;-0,06;-0,09;-0,08;0,0;0,0;-0,04;-0,03;-0,01;0,0;-0,04;-0,03;-0,01;0,0;-0,06;-0,05;0,0;0,0;-0,02;-0,01;-0,01;0,0;-0,01;0,0
24.07.2026;18:30;18:45;0,41;0,18;-0,28;-0,2;-0,06;-0,05;0,0;0,0;-0,01;0,0;0,0;0,0;0,0;0,0;-0,45;-0,44;0,0;0,0;0,0;0,0;0,0;0,0;0,0;0,0;-0,03;-0,02;0,0;0,0;-0,01;0,0;-0,12;-0,11;-0,06;-0,05;-0,07;-0,06;0,0;0,0;-0,03;-0,02;-0,01;0,0;-0,04;-0,03;-0,01;0,0;-0,08;-0,07;0,0;0,0;-0,03;-0,02;0,0;0,0;-0,02;-0,01
24.07.2026;18:45;19:00;0,32;0,11;-0,26;-0,23;-0,07;-0,06;0,0;0,0;-0,01;0,0;0,0;0,0;-0,01;0,0;-0,43;-0,42;0,0;0,0;0,0;0,0;0,0;0,0;0,0;0,0;-0,07;-0,06;0,0;0,0;-0,02;-0,01;-0,08;-0,07;-0,06;-0,05;-0,09;-0,08;-0,01;0,0;-0,02;-0,01;-0,01;0,0;-0,14;-0,13;-0,01;0,0;-0,09;-0,08;0,0;0,0;-0,02;-0,01;-0,01;0,0;-0,03;-0,02
24.07.2026;19:00;19:15;0,24;0,18;-0,2;-0,14;-0,05;-0,05;0,0;0,0;-0,01;-0,01;0,0;0,0;-0,01;-0,01;-0,08;-0,08;0,0;0,0;0,0;0,0;0,0;0,0;0,0;0,0;-0,27;-0,27;0,0;0,0;-0,01;-0,01;-0,04;-0,04;-0,05;-0,05;-0,1;-0,1;0,0;0,0;-0,03;-0,03;0,0;0,0;-0,46;-0,46;-0,01;-0,01;-0,11;-0,11;0,0;0,0;-0,03;-0,03;0,0;0,0;-0,02;-0,02
24.07.2026;19:15;19:30;0,18;0,13;-0,25;-0,2;-0,04;-0,04;0,0;0,0;-0,02;-0,02;-0,01;-0,01;-0,01;-0,01;-0,08;-0,08;0,0;0,0;0,0;0,0;0,0;0,0;0,0;0,0;-0,08;-0,08;0,0;0,0;-0,01;-0,01;0,0;0,0;-0,06;-0,06;-0,09;-0,09;0,0;0,0;-0,03;-0,03;-0,02;-0,02;-0,61;-0,61;-0,01;-0,01;-0,22;-0,22;0,0;0,0;-0,02;-0,02;0,0;0,0;-0,02;-0,02
24.07.2026;19:30;19:45;0,04;0,04;-0,2;-0,2;-0,04;-0,04;0,0;0,0;-0,01;-0,01;0,0;0,0;-0,01;-0,01;-0,08;-0,08;0,0;0,0;0,0;0,0;-0,01;-0,01;0,0;0,0;-0,04;-0,04;0,0;0,0;-0,01;-0,01;0,0;0,0;-0,05;-0,05;-0,07;-0,07;0,0;0,0;-0,03;-0,03;0,0;0,0;-0,45;-0,45;-0,01;-0,01;-0,36;-0,36;-0,01;-0,01;-0,03;-0,03;-0,01;-0,01;-0,01;-0,01
24.07.2026;19:45;20:00;0,0;0,0;-0,18;-0,18;-0,06;-0,06;0,0;0,0;0,0;0,0;0,0;0,0;-0,01;-0,01;-0,07;-0,07;0,0;0,0;0,0;0,0;0,0;0,0;0,0;0,0;-0,02;-0,02;0,0;0,0;-0,01;-0,01;0,0;0,0;-0,05;-0,05;-0,07;-0,07;-0,01;-0,01;-0,02;-0,02;-0,01;-0,01;-0,09;-0,09;-0,01;-0,01;-0,09;-0,09;0,0;0,0;-0,02;-0,02;-0,01;-0,01;-0,02;-0,02
24.07.2026;20:00;20:15;0,0;0,0;-0,26;-0,26;-0,05;-0,05;0,0;0,0;-0,02;-0,02;0,0;0,0;0,0;0,0;-0,06;-0,06;0,0;0,0;0,0;0,0;0,0;0,0;0,0;0,0;-0,01;-0,01;-0,01;-0,01;-0,02;-0,02;0,0;0,0;-0,06;-0,06;-0,06;-0,06;0,0;0,0;-0,02;-0,02;-0,01;-0,01;-0,17;-0,17;-0,01;-0,01;-0,07;-0,07;0,0;0,0;-0,03;-0,03;0,0;0,0;-0,01;-0,01
24.07.2026;20:15;20:30;0,01;0,01;-0,18;-0,18;-0,05;-0,05;0,0;0,0;-0,03;-0,03;0,0;0,0;-0,01;-0,01;-0,08;-0,08;-0,01;-0,01;0,0;0,0;0,0;0,0;-0,01;-0,01;0,0;0,0;0,0;0,0;0,0;0,0;0,0;0,0;-0,07;-0,07;-0,04;-0,04;0,0;0,0;-0,03;-0,03;-0,01;-0,01;-0,09;-0,09;-0,01;-0,01;-0,08;-0,08;0,0;0,0;-0,05;-0,05;0,0;0,0;-0,02;-0,02
24.07.2026;20:30;20:45;0,01;0,01;-0,18;-0,18;-0,05;-0,05;0,0;0,0;-0,05;-0,05;0,0;0,0;-0,01;-0,01;-0,08;-0,08;0,0;0,0;0,0;0,0;0,0;0,0;0,0;0,0;-0,01;-0,01;0,0;0,0;-0,02;-0,02;0,0;0,0;-0,07;-0,07;-0,05;-0,05;0,0;0,0;-0,03;-0,03;-0,01;-0,01;-0,06;-0,06;-0,01;-0,01;-0,08;-0,08;0,0;0,0;-0,03;-0,03;-0,01;-0,01;-0,03;-0,03
24.07.2026;20:45;21:00;0,01;0,01;-0,19;-0,19;-0,04;-0,04;0,0;0,0;-0,03;-0,03;0,0;0,0;-0,01;-0,01;-0,08;-0,08;0,0;0,0;0,0;0,0;0,0;0,0;0,0;0,0;-0,02;-0,02;0,0;0,0;-0,01;-0,01;0,0;0,0;-0,06;-0,06;-0,07;-0,07;0,0;0,0;-0,02;-0,02;-0,01;-0,01;-0,06;-0,06;0,0;0,0;-0,07;-0,07;0,0;0,0;-0,04;-0,04;0,0;0,0;-0,02;-0,02
24.07.2026;21:00;21:15;0,0;0,0;-0,19;-0,19;-0,05;-0,05;-0,01;-0,01;-0,04;-0,04;0,0;0,0;-0,01;-0,01;-0,07;-0,07;0,0;0,0;0,0;0,0;0,0;0,0;0,0;0,0;-0,03;-0,03;0,0;0,0;-0,01;-0,01;0,0;0,0;-0,06;-0,06;-0,05;-0,05;0,0;0,0;-0,04;-0,04;0,0;0,0;-0,05;-0,05;-0,02;-0,02;-0,03;-0,03;0,0;0,0;-0,03;-0,03;-0,01;-0,01;-0,02;-0,02
24.07.2026;21:15;21:30;0,0;0,0;-0,19;-0,19;-0,04;-0,04;0,0;0,0;-0,04;-0,04;-0,01;-0,01;0,0;0,0;-0,08;-0,08;0,0;0,0;0,0;0,0;0,0;0,0;0,0;0,0;-0,02;-0,02;0,0;0,0;-0,01;-0,01;-0,01;-0,01;-0,07;-0,07;-0,06;-0,06;0,0;0,0;-0,16;-0,16;-0,02;-0,02;-0,05;-0,05;-0,02;-0,02;-0,03;-0,03;0,0;0,0;-0,03;-0,03;0,0;0,0;-0,01;-0,01
24.07.2026;21:30;21:45;0,0;0,0;-0,19;-0,19;-0,05;-0,05;0,0;0,0;-0,04;-0,04;0,0;0,0;-0,01;-0,01;-0,08;-0,08;0,0;0,0;0,0;0,0;0,0;0,0;0,0;0,0;-0,01;-0,01;0,0;0,0;-0,01;-0,01;0,0;0,0;-0,02;-0,02;-0,06;-0,06;0,0;0,0;-0,51;-0,51;0,0;0,0;-0,04;-0,04;-0,02;-0,02;-0,02;-0,02;-0,01;-0,01;-0,03;-0,03;-0,01;-0,01;-0,01;-0,01
24.07.2026;21:45;22:00;0,0;0,0;-0,18;-0,18;-0,04;-0,04;0,0;0,0;-0,03;-0,03;0,0;0,0;-0,01;-0,01;-0,08;-0,08;0,0;0,0;0,0;0,0;0,0;0,0;0,0;0,0;-0,02;-0,02;0,0;0,0;-0,01;-0,01;0,0;0,0;-0,01;-0,01;-0,05;-0,05;0,0;0,0;-0,12;-0,12;-0,01;-0,01;-0,05;-0,05;-0,09;-0,09;-0,02;-0,02;0,0;0,0;-0,01;-0,01;0,0;0,0;-0,02;-0,02
24.07.2026;22:00;22:15;0,0;0,0;-0,18;-0,18;-0,05;-0,05;0,0;0,0;-0,04;-0,04;0,0;0,0;-0,01;-0,01;-0,07;-0,07;0,0;0,0;0,0;0,0;-0,01;-0,01;0,0;0,0;-0,02;-0,02;-0,01;-0,01;-0,02;-0,02;0,0;0,0;0,0;0,0;-0,06;-0,06;0,0;0,0;-0,11;-0,11;-0,01;-0,01;-0,07;-0,07;-0,03;-0,03;-0,02;-0,02;0,0;0,0;-0,03;-0,03;0,0;0,0;-0,03;-0,03
24.07.2026;22:15;22:30;0,0;0,0;-0,19;-0,19;-0,04;-0,04;0,0;0,0;-0,04;-0,04;0,0;0,0;-0,01;-0,01;-0,08;-0,08;0,0;0,0;0,0;0,0;0,0;0,0;0,0;0,0;-0,02;-0,02;0,0;0,0;-0,02;-0,02;0,0;0,0;0,0;0,0;-0,05;-0,05;-0,01;-0,01;-0,05;-0,05;0,0;0,0;-0,1;-0,1;-0,03;-0,03;-0,02;-0,02;0,0;0,0;-0,02;-0,02;-0,01;-0,01;-0,02;-0,02
24.07.2026;22:30;22:45;0,0;0,0;-0,25;-0,25;-0,05;-0,05;0,0;0,0;-0,02;-0,02;0,0;0,0;0,0;0,0;-0,08;-0,08;0,0;0,0;0,0;0,0;0,0;0,0;0,0;0,0;-0,01;-0,01;0,0;0,0;-0,02;-0,02;0,0;0,0;-0,01;-0,01;-0,05;-0,05;0,0;0,0;-0,03;-0,03;-0,02;-0,02;-0,11;-0,11;-0,02;-0,02;-0,01;-0,01;0,0;0,0;-0,03;-0,03;-0,01;-0,01;-0,02;-0,02
24.07.2026;22:45;23:00;0,0;0,0;-0,18;-0,18;-0,05;-0,05;0,0;0,0;-0,02;-0,02;0,0;0,0;-0,01;-0,01;-0,08;-0,08;-0,01;-0,01;0,0;0,0;0,0;0,0;0,0;0,0;0,0;0,0;0,0;0,0;-0,01;-0,01;0,0;0,0;-0,01;-0,01;-0,06;-0,06;0,0;0,0;-0,07;-0,07;-0,01;-0,01;-0,13;-0,13;-0,02;-0,02;-0,02;-0,02;0,0;0,0;-0,02;-0,02;0,0;0,0;-0,01;-0,01
24.07.2026;23:00;23:15;0,0;0,0;-0,22;-0,22;-0,03;-0,03;0,0;0,0;-0,01;-0,01;0,0;0,0;-0,01;-0,01;-0,08;-0,08;0,0;0,0;0,0;0,0;0,0;0,0;0,0;0,0;-0,01;-0,01;0,0;0,0;-0,01;-0,01;0,0;0,0;-0,02;-0,02;-0,06;-0,06;0,0;0,0;-0,2;-0,2;0,0;0,0;-0,1;-0,1;-0,02;-0,02;-0,02;-0,02;0,0;0,0;-0,03;-0,03;0,0;0,0;-0,1;-0,1
24.07.2026;23:15;23:30;0,0;0,0;-0,2;-0,2;-0,05;-0,05;0,0;0,0;-0,01;-0,01;-0,01;-0,01;-0,03;-0,03;-0,08;-0,08;0,0;0,0;-0,01;-0,01;0,0;0,0;0,0;0,0;0,0;0,0;0,0;0,0;-0,02;-0,02;0,0;0,0;-0,01;-0,01;-0,05;-0,05;0,0;0,0;-0,06;-0,06;-0,01;-0,01;-0,09;-0,09;-0,02;-0,02;-0,01;-0,01;0,0;0,0;-0,02;-0,02;-0,01;-0,01;-0,1;-0,1
24.07.2026;23:30;23:45;0,0;0,0;-0,18;-0,18;-0,05;-0,05;0,0;0,0;-0,01;-0,01;0,0;0,0;-0,02;-0,02;-0,07;-0,07;0,0;0,0;0,0;0,0;0,0;0,0;0,0;0,0;-0,02;-0,02;0,0;0,0;-0,01;-0,01;0,0;0,0;-0,02;-0,02;-0,03;-0,03;0,0;0,0;-0,02;-0,02;-0,01;-0,01;-0,1;-0,1;-0,01;-0,01;-0,02;-0,02;-0,01;-0,01;-0,03;-0,03;-0,01;-0,01;-0,08;-0,08
24.07.2026;23:45;00:00;0,0;0,0;-0,22;-0,22;-0,05;-0,05;0,0;0,0;-0,01;-0,01;0,0;0,0;-0,02;-0,02;-0,08;-0,08;0,0;0,0;0,0;0,0;0,0;0,0;0,0;0,0;-0,02;-0,02;0,0;0,0;-0,01;-0,01;-0,01;-0,01;-0,02;-0,02;-0,03;-0,03;0,0;0,0;0,0;0,0;-0,01;-0,01;-0,09;-0,09;-0,01;-0,01;-0,01;-0,01;0,0;0,0;-0,01;-0,01;0,0;0,0;-0,06;-0,06
25.07.2026;00:00;00:15;0,0;0,0;-0,19;-0,19;-0,04;-0,04;0,0;0,0;-0,02;-0,02;0,0;0,0;-0,01;-0,01;-0,08;-0,08;0,0;0,0;0,0;0,0;0,0;0,0;0,0;0,0;0,0;0,0;-0,01;-0,01;-0,02;-0,02;0,0;0,0;0,0;0,0;-0,01;-0,01;0,0;0,0;-0,01;-0,01;-0,01;-0,01;-0,09;-0,09;-0,02;-0,02;-0,02;-0,02;0,0;0,0;-0,03;-0,03;0,0;0,0;-0,02;-0,02
25.07.2026;00:15;00:30;0,0;0,0;-0,19;-0,19;-0,06;-0,06;-0,01;-0,01;-0,01;-0,01;0,0;0,0;-0,01;-0,01;-0,48;-0,48;0,0;0,0;0,0;0,0;0,0;0,0;0,0;0,0;-0,01;-0,01;0,0;0,0;-0,01;-0,01;0,0;0,0;-0,01;-0,01;-0,03;-0,03;0,0;0,0;-0,01;-0,01;0,0;0,0;-0,1;-0,1;-0,01;-0,01;-0,01;-0,01;0,0;0,0;-0,02;-0,02;-0,01;-0,01;-0,02;-0,02
25.07.2026;00:30;00:45;0,0;0,0;-0,18;-0,18;-0,08;-0,08;0,0;0,0;-0,01;-0,01;0,0;0,0;-0,01;-0,01;-0,33;-0,33;0,0;0,0;0,0;0,0;-0,01;-0,01;0,0;0,0;0,0;0,0;0,0;0,0;-0,05;-0,05;0,0;0,0;0,0;0,0;-0,02;-0,02;0,0;0,0;-0,01;-0,01;-0,01;-0,01;-0,09;-0,09;-0,01;-0,01;-0,02;-0,02;0,0;0,0;-0,03;-0,03;0,0;0,0;-0,01;-0,01
25.07.2026;00:45;01:00;0,0;0,0;-0,19;-0,19;-0,07;-0,07;0,0;0,0;0,0;0,0;0,0;0,0;-0,02;-0,02;-0,29;-0,29;0,0;0,0;0,0;0,0;0,0;0,0;0,0;0,0;-0,02;-0,02;0,0;0,0;-0,07;-0,07;0,0;0,0;0,0;0,0;-0,03;-0,03;-0,01;-0,01;-0,01;-0,01;-0,01;-0,01;-0,09;-0,09;-0,01;-0,01;-0,01;-0,01;0,0;0,0;-0,01;-0,01;-0,01;-0,01;-0,02;-0,02
25.07.2026;01:00;01:15;0,0;0,0;-0,18;-0,18;-0,03;-0,03;0,0;0,0;-0,02;-0,02;0,0;0,0;0,0;0,0;-0,27;-0,27;0,0;0,0;0,0;0,0;0,0;0,0;0,0;0,0;-0,02;-0,02;0,0;0,0;-0,14;-0,14;0,0;0,0;-0,01;-0,01;-0,02;-0,02;0,0;0,0;0,0;0,0;-0,01;-0,01;-0,09;-0,09;-0,01;-0,01;-0,02;-0,02;0,0;0,0;-0,03;-0,03;0,0;0,0;-0,02;-0,02
25.07.2026;01:15;01:30;0,0;0,0;-0,18;-0,18;-0,02;-0,02;0,0;0,0;-0,01;-0,01;-0,01;-0,01;-0,02;-0,02;-0,47;-0,47;-0,01;-0,01;0,0;0,0;0,0;0,0;-0,01;-0,01;0,0;0,0;0,0;0,0;-0,1;-0,1;0,0;0,0;-0,02;-0,02;-0,02;-0,02;0,0;0,0;-0,02;-0,02;-0,01;-0,01;-0,1;-0,1;-0,01;-0,01;-0,01;-0,01;0,0;0,0;-0,01;-0,01;-0,01;-0,01;-0,02;-0,02
25.07.2026;01:30;01:45;0,0;0,0;-0,18;-0,18;-0,03;-0,03;0,0;0,0;-0,02;-0,02;0,0;0,0;0,0;0,0;-0,37;-0,37;0,0;0,0;0,0;0,0;0,0;0,0;0,0;0,0;-0,01;-0,01;0,0;0,0;-0,09;-0,09;0,0;0,0;-0,02;-0,02;-0,03;-0,03;0,0;0,0;-0,01;-0,01;-0,01;-0,01;-0,2;-0,2;0,0;0,0;-0,02;-0,02;-0,01;-0,01;-0,03;-0,03;0,0;0,0;-0,02;-0,02
25.07.2026;01:45;02:00;0,0;0,0;-0,18;-0,18;-0,03;-0,03;0,0;0,0;0,0;0,0;0,0;0,0;-0,01;-0,01;-0,28;-0,28;0,0;0,0;0,0;0,0;0,0;0,0;0,0;0,0;0,0;0,0;0,0;0,0;-0,07;-0,07;0,0;0,0;-0,01;-0,01;-0,02;-0,02;0,0;0,0;-0,01;-0,01;-0,01;-0,01;-0,19;-0,19;-0,02;-0,02;-0,01;-0,01;0,0;0,0;-0,01;-0,01;0,0;0,0;-0,02;-0,02
25.07.2026;02:00;02:15;0,0;0,0;-0,19;-0,19;-0,01;-0,01;0,0;0,0;-0,01;-0,01;0,0;0,0;-0,01;-0,01;-0,13;-0,13;0,0;0,0;0,0;0,0;0,0;0,0;0,0;0,0;-0,02;-0,02;-0,01;-0,01;-0,08;-0,08;0,0;0,0;-0,01;-0,01;-0,03;-0,03;0,0;0,0;-0,01;-0,01;-0,01;-0,01;-0,21;-0,21;-0,01;-0,01;-0,02;-0,02;0,0;0,0;-0,02;-0,02;-0,01;-0,01;-0,01;-0,01
25.07.2026;02:15;02:30;0,0;0,0;-0,18;-0,18;-0,01;-0,01;0,0;0,0;-0,01;-0,01;0,0;0,0;-0,01;-0,01;-0,03;-0,03;0,0;0,0;0,0;0,0;0,0;0,0;0,0;0,0;-0,02;-0,02;0,0;0,0;-0,08;-0,08;-0,01;-0,01;-0,01;-0,01;-0,01;-0,01;0,0;0,0;0,0;0,0;0,0;0,0;-0,22;-0,22;0,0;0,0;-0,01;-0,01;0,0;0,0;-0,02;-0,02;-0,01;-0,01;-0,02;-0,02
25.07.2026;02:30;02:45;0,0;0,0;-0,18;-0,18;-0,03;-0,03;0,0;0,0;-0,01;-0,01;0,0;0,0;-0,01;-0,01;-0,05;-0,05;0,0;0,0;0,0;0,0;0,0;0,0;0,0;0,0;0,0;0,0;0,0;0,0;-0,08;-0,08;0,0;0,0;0,0;0,0;-0,02;-0,02;0,0;0,0;-0,02;-0,02;-0,02;-0,02;-0,22;-0,22;-0,01;-0,01;-0,02;-0,02;0,0;0,0;-0,02;-0,02;0,0;0,0;-0,02;-0,02
25.07.2026;02:45;03:00;0,0;0,0;-0,19;-0,19;-0,03;-0,03;0,0;0,0;-0,02;-0,02;0,0;0,0;-0,01;-0,01;-0,11;-0,11;0,0;0,0;0,0;0,0;0,0;0,0;0,0;0,0;-0,01;-0,01;0,0;0,0;-0,07;-0,07;0,0;0,0;0,0;0,0;-0,01;-0,01;0,0;0,0;-0,01;-0,01;0,0;0,0;-0,15;-0,15;-0,01;-0,01;-0,01;-0,01;0,0;0,0;-0,02;-0,02;0,0;0,0;-0,02;-0,02
25.07.2026;03:00;03:15;0,0;0,0;-0,18;-0,18;-0,01;-0,01;0,0;0,0;-0,01;-0,01;0,0;0,0;0,0;0,0;-0,03;-0,03;0,0;0,0;0,0;0,0;-0,01;-0,01;0,0;0,0;0,0;0,0;0,0;0,0;-0,07;-0,07;0,0;0,0;0,0;0,0;-0,02;-0,02;0,0;0,0;0,0;0,0;-0,01;-0,01;-0,11;-0,11;-0,01;-0,01;-0,02;-0,02;0,0;0,0;-0,02;-0,02;-0,01;-0,01;-0,02;-0,02
25.07.2026;03:15;03:30;0,0;0,0;-0,22;-0,22;-0,01;-0,01;0,0;0,0;0,0;0,0;-0,01;-0,01;-0,01;-0,01;-0,02;-0,02;0,0;0,0;0,0;0,0;0,0;0,0;0,0;0,0;-0,01;-0,01;0,0;0,0;-0,04;-0,04;0,0;0,0;-0,01;-0,01;-0,01;-0,01;-0,01;-0,01;-0,01;-0,01;-0,01;-0,01;-0,09;-0,09;0,0;0,0;-0,01;-0,01;0,0;0,0;-0,02;-0,02;0,0;0,0;-0,02;-0,02
25.07.2026;03:30;03:45;0,0;0,0;-0,18;-0,18;-0,03;-0,03;-0,01;-0,01;-0,01;-0,01;0,0;0,0;-0,01;-0,01;-0,02;-0,02;0,0;0,0;0,0;0,0;0,0;0,0;0,0;0,0;-0,02;-0,02;0,0;0,0;-0,04;-0,04;0,0;0,0;-0,02;-0,02;-0,03;-0,03;0,0;0,0;-0,01;-0,01;-0,01;-0,01;-0,04;-0,04;-0,02;-0,02;-0,02;-0,02;-0,01;-0,01;-0,02;-0,02;-0,01;-0,01;-0,01;-0,01
25.07.2026;03:45;04:00;0,0;0,0;-0,19;-0,19;-0,02;-0,02;0,0;0,0;-0,02;-0,02;0,0;0,0;-0,01;-0,01;-0,02;-0,02;-0,01;-0,01;0,0;0,0;0,0;0,0;0,0;0,0;-0,01;-0,01;0,0;0,0;-0,03;-0,03;0,0;0,0;-0,02;-0,02;-0,02;-0,02;0,0;0,0;-0,02;-0,02;-0,01;-0,01;-0,02;-0,02;0,0;0,0;-0,01;-0,01;0,0;0,0;-0,02;-0,02;0,0;0,0;-0,01;-0,01
25.07.2026;04:00;04:15;0,0;0,0;-0,17;-0,17;-0,02;-0,02;0,0;0,0;-0,01;-0,01;0,0;0,0;-0,01;-0,01;-0,02;-0,02;0,0;0,0;0,0;0,0;0,0;0,0;0,0;0,0;-0,01;-0,01;-0,01;-0,01;-0,01;-0,01;0,0;0,0;-0,01;-0,01;-0,03;-0,03;0,0;0,0;0,0;0,0;-0,01;-0,01;-0,02;-0,02;-0,01;-0,01;-0,01;-0,01;0,0;0,0;-0,02;-0,02;0,0;0,0;-0,03;-0,03
25.07.2026;04:15;04:30;0,0;0,0;-0,18;-0,18;-0,01;-0,01;0,0;0,0;-0,01;-0,01;0,0;0,0;-0,01;-0,01;-0,02;-0,02;0,0;0,0;-0,01;-0,01;0,0;0,0;0,0;0,0;0,0;0,0;0,0;0,0;-0,02;-0,02;0,0;0,0;-0,01;-0,01;-0,02;-0,02;0,0;0,0;-0,01;-0,01;0,0;0,0;-0,02;-0,02;-0,01;-0,01;-0,02;-0,02;0,0;0,0;-0,01;-0,01;-0,01;-0,01;-0,02;-0,02
25.07.2026;04:30;04:45;0,0;0,0;-0,26;-0,26;-0,02;-0,02;0,0;0,0;-0,01;-0,01;0,0;0,0;0,0;0,0;-0,02;-0,02;0,0;0,0;0,0;0,0;0,0;0,0;0,0;0,0;-0,01;-0,01;0,0;0,0;-0,02;-0,02;0,0;0,0;-0,01;-0,01;-0,03;-0,03;0,0;0,0;-0,01;-0,01;0,0;0,0;-0,01;-0,01;-0,01;-0,01;-0,01;-0,01;0,0;0,0;-0,02;-0,02;0,0;0,0;-0,02;-0,02
25.07.2026;04:45;05:00;0,0;0,0;-0,25;-0,25;-0,02;-0,02;0,0;0,0;-0,01;-0,01;0,0;0,0;-0,02;-0,02;-0,02;-0,02;0,0;0,0;0,0;0,0;0,0;0,0;0,0;0,0;-0,02;-0,02;0,0;0,0;-0,01;-0,01;-0,01;-0,01;0,0;0,0;-0,02;-0,02;0,0;0,0;-0,01;-0,01;0,0;0,0;-0,01;-0,01;0,0;0,0;-0,01;-0,01;0,0;0,0;-0,01;-0,01;-0,01;-0,01;-0,02;-0,02
25.07.2026;05:00;05:15;0,0;0,0;-0,18;-0,18;-0,02;-0,02;0,0;0,0;-0,01;-0,01;0,0;0,0;0,0;0,0;-0,03;-0,03;0,0;0,0;0,0;0,0;0,0;0,0;0,0;0,0;-0,01;-0,01;0,0;0,0;-0,02;-0,02;0,0;0,0;0,0;0,0;-0,01;-0,01;0,0;0,0;0,0;0,0;0,0;0,0;-0,02;-0,02;-0,01;-0,01;-0,02;-0,02;0,0;0,0;-0,01;-0,01;0,0;0,0;-0,01;-0,01
25.07.2026;05:15;05:30;0,0;0,0;-0,17;-0,17;-0,02;-0,02;0,0;0,0;-0,02;-0,02;-0,01;-0,01;-0,01;-0,01;-0,02;-0,02;0,0;0,0;0,0;0,0;0,0;0,0;0,0;0,0;-0,01;-0,01;0,0;0,0;-0,01;-0,01;0,0;0,0;-0,01;-0,01;-0,02;-0,02;0,0;0,0;-0,01;-0,01;0,0;0,0;-0,01;-0,01;-0,02;-0,02;-0,01;-0,01;0,0;0,0;0,0;0,0;-0,01;-0,01;-0,01;-0,01
25.07.2026;05:30;05:45;0,0;0,0;-0,18;-0,18;-0,02;-0,02;0,0;0,0;0,0;0,0;0,0;0,0;-0,01;-0,01;-0,02;-0,02;0,0;0,0;0,0;0,0;-0,01;-0,01;0,0;0,0;0,0;0,0;0,0;0,0;-0,02;-0,02;0,0;0,0;-0,01;-0,01;-0,01;-0,01;0,0;0,0;-0,01;-0,01;0,0;0,0;-0,01;-0,01;0,0;0,0;-0,02;-0,02;-0,01;-0,01;-0,02;-0,02;0,0;0,0;-0,02;-0,02
25.07.2026;05:45;06:00;0,02;0,02;-0,19;-0,19;-0,02;-0,02;0,0;0,0;-0,01;-0,01;0,0;0,0;-0,01;-0,01;-0,02;-0,02;0,0;0,0;0,0;0,0;0,0;0,0;0,0;0,0;-0,01;-0,01;0,0;0,0;-0,01;-0,01;0,0;0,0;-0,01;-0,01;-0,11;-0,11;-0,01;-0,01;-0,01;-0,01;0,0;0,0;-0,01;-0,01;-0,01;-0,01;-0,01;-0,01;0,0;0,0;0,0;0,0;0,0;0,0;-0,03;-0,03
25.07.2026;06:00;06:15;0,06;0,06;-0,19;-0,19;-0,02;-0,02;0,0;0,0;-0,02;-0,02;0,0;0,0;-0,01;-0,01;-0,02;-0,02;0,0;0,0;0,0;0,0;0,0;0,0;0,0;0,0;-0,01;-0,01;-0,01;-0,01;-0,01;-0,01;0,0;0,0;-0,02;-0,02;-0,03;-0,03;0,0;0,0;-0,02;-0,02;0,0;0,0;-0,01;-0,01;-0,01;-0,01;-0,02;-0,02;0,0;0,0;-0,01;-0,01;-0,01;-0,01;-0,02;-0,02
25.07.2026;06:15;06:30;0,09;0,09;-0,2;-0,2;-0,01;-0,01;0,0;0,0;-0,01;-0,01;0,0;0,0;-0,01;-0,01;-0,01;-0,01;-0,01;-0,01;0,0;0,0;0,0;0,0;-0,01;-0,01;-0,02;-0,02;0,0;0,0;-0,02;-0,02;0,0;0,0;-0,01;-0,01;-0,06;-0,06;0,0;0,0;-0,01;-0,01;0,0;0,0;-0,01;-0,01;-0,01;-0,01;-0,01;-0,01;0,0;0,0;-0,01;-0,01;-0,01;-0,01;-0,02;-0,02
25.07.2026;06:30;06:45;0,15;0,11;-0,19;-0,15;-0,02;-0,02;0,0;0,0;-0,01;-0,01;0,0;0,0;0,0;0,0;-0,02;-0,02;0,0;0,0;0,0;0,0;0,0;0,0;0,0;0,0;-0,01;-0,01;0,0;0,0;-0,01;-0,01;0,0;0,0;-0,01;-0,01;-0,06;-0,06;0,0;0,0;0,0;0,0;0,0;0,0;-0,01;-0,01;0,0;0,0;-0,02;-0,02;0,0;0,0;-0,01;-0,01;0,0;0,0;-0,01;-0,01
25.07.2026;06:45;07:00;0,24;0,18;-0,19;-0,13;-0,02;-0,02;0,0;0,0;0,0;0,0;0,0;0,0;-0,01;-0,01;-0,02;-0,02;0,0;0,0;0,0;0,0;0,0;0,0;0,0;0,0;0,0;0,0;0,0;0,0;-0,01;-0,01;0,0;0,0;0,0;0,0;-0,05;-0,05;-0,01;-0,01;-0,01;-0,01;0,0;0,0;-0,02;-0,02;-0,01;-0,01;-0,01;-0,01;0,0;0,0;-0,01;-0,01;0,0;0,0;-0,01;-0,01
25.07.2026;07:00;07:15;0,35;0,12;-0,19;-0,12;-0,02;-0,01;-0,01;0,0;-0,02;-0,01;0,0;0,0;-0,01;0,0;-0,01;0,0;0,0;0,0;0,0;0,0;0,0;0,0;0,0;0,0;-0,02;-0,01;0,0;0,0;-0,02;-0,01;0,0;0,0;-0,01;0,0;-0,05;-0,04;0,0;0,0;-0,01;0,0;0,0;0,0;-0,04;-0,03;-0,01;0,0;-0,02;-0,01;0,0;0,0;-0,01;0,0;-0,01;0,0;-0,02;-0,01
25.07.2026;07:15;07:30;0,48;0,19;-0,2;-0,11;-0,02;0,0;0,0;0,0;-0,01;0,0;-0,01;0,0;-0,01;0,0;-0,01;0,0;0,0;0,0;0,0;0,0;0,0;0,0;0,0;0,0;-0,46;-0,44;0,0;0,0;-0,01;0,0;-0,01;0,0;0,0;0,0;-0,05;-0,03;0,0;0,0;-0,01;0,0;0,0;0,0;-0,03;-0,01;-0,01;0,0;-0,01;0,0;0,0;0,0;-0,01;0,0;0,0;0,0;-0,02;0,0
25.07.2026;07:30;07:45;0,61;0,22;-0,19;-0,05;-0,02;0,0;0,0;0,0;-0,01;0,0;0,0;0,0;-0,01;0,0;-0,02;0,0;0,0;0,0;0,0;0,0;0,0;0,0;0,0;0,0;-0,53;-0,49;0,0;0,0;-0,01;0,0;0,0;0,0;0,0;0,0;-0,41;-0,37;0,0;0,0;0,0;0,0;0,0;0,0;-0,03;0,0;-0,01;0,0;-0,01;0,0;-0,01;0,0;-0,01;0,0;0,0;0,0;-0,03;0,0
25.07.2026;07:45;08:00;0,74;0,27;-0,24;-0,06;-0,01;0,0;0,0;0,0;-0,01;0,0;0,0;0,0;-0,01;0,0;-0,01;0,0;0,0;0,0;0,0;0,0;0,0;0,0;0,0;0,0;-0,05;0,0;0,0;0,0;-0,02;0,0;0,0;0,0;-0,02;0,0;-0,15;-0,09;0,0;0,0;-0,01;0,0;0,0;0,0;-0,03;0,0;-0,01;0,0;-0,02;0,0;0,0;0,0;0,0;0,0;-0,01;0,0;-0,02;0,0
25.07.2026;08:00;08:15;0,86;0,39;-0,2;0,0;-0,03;0,0;0,0;0,0;-0,02;0,0;0,0;0,0;0,0;0,0;-0,02;0,0;0,0;0,0;0,0;0,0;-0,01;0,0;0,0;0,0;-0,03;0,0;-0,01;0,0;-0,01;0,0;0,0;0,0;-0,01;0,0;-0,03;0,0;0,0;0,0;-0,01;0,0;0,0;0,0;-0,03;0,0;0,0;0,0;-0,02;0,0;0,0;0,0;-0,02;0,0;-0,01;0,0;-0,01;0,0
25.07.2026;08:15;08:30;0,98;0,46;-0,21;0,0;-0,02;0,0;0,0;0,0;-0,04;0,0;0,0;0,0;-0,01;0,0;-0,02;0,0;0,0;0,0;0,0;0,0;0,0;0,0;0,0;0,0;-0,04;0,0;0,0;0,0;-0,01;0,0;0,0;0,0;-0,02;0,0;-0,03;0,0;0,0;0,0;-0,02;0,0;0,0;0,0;-0,04;0,0;-0,01;0,0;-0,04;0,0;0,0;0,0;0,0;0,0;0,0;0,0;-0,01;0,0
25.07.2026;08:30;08:45;0,6;0,18;-0,23;-0,13;-0,03;0,0;0,0;0,0;-0,12;-0,09;0,0;0,0;-0,01;0,0;-0,04;-0,01;0,0;0,0;0,0;0,0;0,0;0,0;0,0;0,0;-0,05;-0,02;0,0;0,0;-0,02;0,0;0,0;0,0;-0,01;0,0;-0,04;-0,01;0,0;0,0;-0,06;-0,03;0,0;0,0;-0,03;0,0;-0,01;0,0;-0,12;-0,09;0,0;0,0;-0,01;0,0;0,0;0,0;-0,02;0,0
25.07.2026;08:45;09:00;0,0;0,0;-0,25;-0,25;-0,04;-0,04;0,0;0,0;-0,03;-0,03;0,0;0,0;0,0;0,0;-0,02;-0,02;-0,01;-0,01;0,0;0,0;0,0;0,0;0,0;0,0;-0,54;-0,54;0,0;0,0;-0,01;-0,01;0,0;0,0;-0,01;-0,01;-0,04;-0,04;0,0;0,0;-0,07;-0,07;0,0;0,0;-0,04;-0,04;-0,01;-0,01;-0,09;-0,09;0,0;0,0;-0,01;-0,01;-0,01;-0,01;-0,02;-0,02
25.07.2026;09:00;09:15;0,0;0,0;-0,2;-0,2;-0,13;-0,13;0,0;0,0;-0,03;-0,03;0,0;0,0;-0,01;-0,01;-0,02;-0,02;0,0;0,0;0,0;0,0;0,0;0,0;0,0;0,0;-0,36;-0,36;0,0;0,0;-0,02;-0,02;0,0;0,0;0,0;0,0;-0,05;-0,05;-0,01;-0,01;-0,29;-0,29;0,0;0,0;-0,05;-0,05;-0,04;-0,04;-0,09;-0,09;0,0;0,0;-0,01;-0,01;0,0;0,0;-0,02;-0,02
25.07.2026;09:15;09:30;0,38;0,14;-0,19;-0,12;-0,05;-0,04;0,0;0,0;-0,03;-0,02;-0,01;0,0;-0,01;0,0;-0,02;-0,01;0,0;0,0;-0,01;0,0;0,0;0,0;0,0;0,0;-0,04;-0,03;0,0;0,0;-0,01;0,0;0,0;0,0;-0,01;0,0;-0,37;-0,36;0,0;0,0;-0,04;-0,03;0,0;0,0;-0,04;-0,03;-0,01;0,0;-0,14;-0,13;0,0;0,0;-0,01;0,0;-0,01;0,0;-0,03;-0,02
25.07.2026;09:30;09:45;1,42;0,72;-0,22;0,0;-0,05;0,0;0,0;0,0;-0,04;0,0;0,0;0,0;-0,01;0,0;-0,02;0,0;0,0;0,0;0,0;0,0;0,0;0,0;0,0;0,0;-0,06;0,0;0,0;0,0;-0,02;0,0;0,0;0,0;0,0;0,0;-0,03;0,0;0,0;0,0;-0,05;0,0;0,0;0,0;-0,05;0,0;-0,01;0,0;-0,11;0,0;-0,01;0,0;-0,01;0,0;0,0;0,0;-0,01;0,0
25.07.2026;09:45;10:00;1,47;0,6;-0,22;0,0;-0,05;0,0;0,0;0,0;-0,01;0,0;0,0;0,0;-0,01;0,0;-0,02;0,0;0,0;0,0;0,0;0,0;0,0;0,0;0,0;0,0;-0,05;0,0;0,0;0,0;-0,02;0,0;-0,01;0,0;0,0;0,0;-0,36;-0,22;0,0;0,0;-0,03;0,0;0,0;0,0;-0,04;0,0;-0,2;-0,06;-0,1;0,0;0,0;0,0;-0,01;0,0;-0,01;0,0;-0,01;0,0
25.07.2026;10:00;10:15;1,62;0,82;-0,23;0,0;-0,05;0,0;0,0;0,0;-0,02;0,0;0,0;0,0;-0,01;0,0;-0,02;0,0;0,0;0,0;0,0;0,0;0,0;0,0;0,0;0,0;-0,03;0,0;-0,01;0,0;-0,02;0,0;0,0;0,0;-0,02;0,0;-0,03;0,0;0,0;0,0;-0,04;0,0;0,0;0,0;-0,05;0,0;-0,3;-0,14;-0,07;0,0;0,0;0,0;-0,02;0,0;0,0;0,0;-0,02;0,0
25.07.2026;10:15;10:30;1,72;0,86;-0,22;0,0;-0,04;0,0;-0,01;0,0;-0,02;0,0;0,0;0,0;-0,01;0,0;-0,02;0,0;0,0;0,0;0,0;0,0;0,0;0,0;0,0;0,0;-0,03;0,0;0,0;0,0;-0,03;0,0;0,0;0,0;-0,01;0,0;-0,08;0,0;-0,01;0,0;-0,06;0,0;0,0;0,0;-0,18;0,0;-0,03;0,0;-0,07;0,0;0,0;0,0;-0,02;0,0;0,0;0,0;-0,02;0,0
25.07.2026;10:30;10:45;1,8;0,77;-0,23;0,0;-0,13;0,0;0,0;0,0;-0,03;0,0;0,0;0,0;-0,02;0,0;-0,01;0,0;0,0;0,0;0,0;0,0;-0,01;0,0;0,0;0,0;-0,03;0,0;0,0;0,0;-0,05;0,0;0,0;0,0;-0,02;0,0;-0,01;0,0;-0,01;0,0;-0,06;0,0;0,0;0,0;-0,24;-0,07;-0,03;0,0;-0,39;-0,22;0,0;0,0;-0,02;0,0;-0,01;0,0;-0,02;0,0
25.07.2026;10:45;11:00;1,85;0,93;-0,21;0,0;-0,13;0,0;0,0;0,0;-0,01;0,0;0,0;0,0;-0,01;0,0;-0,01;0,0;0,0;0,0;0,0;0,0;0,0;0,0;0,0;0,0;-0,04;0,0;0,0;0,0;-0,02;0,0;0,0;0,0;-0,01;0,0;-0,02;0,0;0,0;0,0;-0,04;0,0;0,0;0,0;-0,13;0,0;-0,1;0,0;-0,06;0,0;0,0;0,0;-0,1;0,0;-0,01;0,0;-0,02;0,0
25.07.2026;11:00;11:15;1,88;1,1;-0,23;0,0;-0,06;0,0;0,0;0,0;-0,02;0,0;0,0;0,0;-0,02;0,0;-0,01;0,0;0,0;0,0;0,0;0,0;0,0;0,0;0,0;0,0;-0,04;0,0;0,0;0,0;-0,02;0,0;0,0;0,0;-0,01;0,0;-0,01;0,0;0,0;0,0;-0,05;0,0;0,0;0,0;-0,04;0,0;-0,14;0,0;-0,04;0,0;0,0;0,0;-0,07;0,0;0,0;0,0;-0,02;0,0
25.07.2026;11:15;11:30;1,95;1,15;-0,23;0,0;-0,04;0,0;0,0;0,0;-0,01;0,0;-0,01;0,0;-0,01;0,0;-0,02;0,0;-0,01;0,0;0,0;0,0;0,0;0,0;-0,01;0,0;-0,02;0,0;0,0;0,0;-0,03;0,0;0,0;0,0;0,0;0,0;-0,03;0,0;0,0;0,0;-0,04;0,0;0,0;0,0;-0,07;0,0;-0,19;0,0;-0,05;0,0;0,0;0,0;-0,02;0,0;0,0;0,0;-0,01;0,0
25.07.2026;11:30;11:45;1,99;1,09;-0,31;0,0;-0,03;0,0;0,0;0,0;-0,02;0,0;0,0;0,0;0,0;0,0;-0,02;0,0;0,0;0,0;0,0;0,0;0,0;0,0;0,0;0,0;-0,01;0,0;0,0;0,0;-0,39;-0,17;0,0;0,0;-0,01;0,0;-0,03;0,0;0,0;0,0;-0,03;0,0;0,0;0,0;-0,03;0,0;-0,12;0,0;-0,01;0,0;-0,01;0,0;-0,03;0,0;-0,01;0,0;-0,01;0,0
25.07.2026;11:45;12:00;2,01;1,23;-0,19;0,0;-0,04;0,0;0,0;0,0;-0,02;0,0;0,0;0,0;-0,02;0,0;-0,01;0,0;0,0;0,0;0,0;0,0;0,0;0,0;0,0;0,0;-0,01;0,0;0,0;0,0;-0,06;0,0;0,0;0,0;-0,02;0,0;-0,02;0,0;0,0;0,0;-0,02;0,0;0,0;0,0;-0,2;0,0;-0,13;0,0;-0,01;0,0;0,0;0,0;0,0;0,0;0,0;0,0;-0,03;0,0
25.07.2026;12:00;12:15;2,0;1,03;-0,26;0,0;-0,02;0,0;0,0;0,0;-0,02;0,0;0,0;0,0;-0,25;-0,04;-0,02;0,0;0,0;0,0;0,0;0,0;0,0;0,0;0,0;0,0;-0,01;0,0;-0,01;0,0;-0,02;0,0;0,0;0,0;-0,01;0,0;-0,03;0,0;0,0;0,0;-0,02;0,0;0,0;0,0;-0,17;0,0;-0,1;0,0;-0,02;0,0;0,0;0,0;-0,02;0,0;-0,01;0,0;-0,02;0,0
25.07.2026;12:15;12:30;1,36;0,54;-0,22;0,0;-0,02;0,0;0,0;0,0;-0,02;0,0;0,0;0,0;-0,29;-0,16;-0,02;0,0;0,0;0,0;0,0;0,0;0,0;0,0;0,0;0,0;-0,02;0,0;0,0;0,0;-0,02;0,0;-0,01;0,0;-0,04;0,0;-0,09;0,0;-0,01;0,0;-0,03;0,0;0,0;0,0;-0,22;-0,09;-0,02;0,0;-0,02;0,0;0,0;0,0;0,0;0,0;0,0;0,0;-0,02;0,0
25.07.2026;12:30;12:45;0,02;0,02;-0,24;-0,24;-0,01;-0,01;0,0;0,0;-0,01;-0,01;-0,01;-0,01;-0,04;-0,04;-0,02;-0,02;0,0;0,0;0,0;0,0;0,0;0,0;0,0;0,0;-0,01;-0,01;0,0;0,0;-0,28;-0,28;0,0;0,0;-0,01;-0,01;-0,51;-0,51;0,0;0,0;-0,03;-0,03;0,0;0,0;-0,11;-0,11;-0,03;-0,03;-0,03;-0,03;0,0;0,0;-0,02;-0,02;0,0;0,0;-0,02;-0,02
25.07.2026;12:45;13:00;0,0;0,0;-0,22;-0,22;-0,02;-0,02;0,0;0,0;0,0;0,0;-0,02;-0,02;-0,22;-0,22;-0,02;-0,02;0,0;0,0;0,0;0,0;0,0;0,0;0,0;0,0;-0,01;-0,01;0,0;0,0;-0,01;-0,01;0,0;0,0;-0,02;-0,02;-0,11;-0,11;-0,01;-0,01;-0,06;-0,06;0,0;0,0;-0,02;-0,02;-0,02;-0,02;-0,14;-0,14;0,0;0,0;0,0;0,0;-0,01;-0,01;-0,01;-0,01
25.07.2026;13:00;13:15;1,47;0,52;-0,22;0,0;-0,03;0,0;0,0;0,0;-0,02;0,0;0,0;0,0;-0,1;0,0;-0,02;0,0;0,0;0,0;0,0;0,0;-0,01;0,0;0,0;0,0;0,0;0,0;0,0;0,0;-0,02;0,0;0,0;0,0;-0,01;0,0;-0,03;0,0;-0,04;0,0;-0,32;-0,19;-0,25;-0,12;-0,01;0,0;-0,02;0,0;-0,15;-0,02;0,0;0,0;-0,01;0,0;0,0;0,0;-0,02;0,0
25.07.2026;13:15;13:30;1,99;1,14;-0,21;0,0;-0,01;0,0;0,0;0,0;-0,01;0,0;0,0;0,0;-0,04;0,0;-0,01;0,0;0,0;0,0;0,0;0,0;0,0;0,0;0,0;0,0;-0,02;0,0;0,0;0,0;-0,01;0,0;0,0;0,0;-0,02;0,0;-0,03;0,0;-0,01;0,0;-0,18;0,0;0,0;0,0;-0,1;0,0;0,0;0,0;-0,16;0,0;0,0;0,0;-0,01;0,0;-0,01;0,0;-0,02;0,0
25.07.2026;13:30;13:45;1,94;0,91;-0,22;0,0;-0,02;0,0;-0,01;0,0;-0,02;0,0;0,0;0,0;-0,01;0,0;-0,02;0,0;0,0;0,0;0,0;0,0;0,0;0,0;0,0;0,0;-0,02;0,0;0,0;0,0;-0,01;0,0;0,0;0,0;-0,27;-0,07;-0,04;0,0;-0,02;0,0;-0,05;0,0;0,0;0,0;-0,64;-0,44;-0,01;0,0;-0,14;0,0;-0,01;0,0;-0,01;0,0;0,0;0,0;-0,02;0,0
25.07.2026;13:45;14:00;1,95;1,21;-0,2;0,0;-0,02;0,0;0,0;0,0;-0,01;0,0;-0,01;0,0;-0,11;0,0;-0,02;0,0;-0,01;0,0;0,0;0,0;0,0;0,0;0,0;0,0;0,0;0,0;0,0;0,0;-0,02;0,0;0,0;0,0;-0,09;0,0;-0,04;0,0;-0,02;0,0;-0,03;0,0;0,0;0,0;-0,01;0,0;-0,01;0,0;-0,1;0,0;0,0;0,0;-0,01;0,0;-0,01;0,0;-0,02;0,0
25.07.2026;14:00;14:15;1,9;1,03;-0,19;0,0;-0,02;0,0;0,0;0,0;-0,02;0,0;0,0;0,0;-0,01;0,0;-0,02;0,0;0,0;0,0;0,0;0,0;0,0;0,0;0,0;0,0;-0,01;0,0;-0,01;0,0;-0,01;0,0;0,0;0,0;-0,2;0,0;-0,07;0,0;-0,02;0,0;-0,01;0,0;0,0;0,0;-0,23;-0,02;-0,01;0,0;-0,03;0,0;0,0;0,0;-0,01;0,0;0,0;0,0;-0,02;0,0
25.07.2026;14:15;14:30;1,85;0,84;-0,29;0,0;-0,02;0,0;0,0;0,0;-0,12;0,0;0,0;0,0;0,0;0,0;-0,02;0,0;0,0;0,0;-0,01;0,0;0,0;0,0;0,0;0,0;-0,01;0,0;0,0;0,0;-0,02;0,0;0,0;0,0;-0,37;-0,18;-0,04;0,0;-0,01;0,0;-0,02;0,0;0,0;0,0;-0,27;-0,08;-0,01;0,0;-0,02;0,0;0,0;0,0;-0,01;0,0;-0,01;0,0;-0,02;0,0
25.07.2026;14:30;14:45;1,79;1,01;-0,24;0,0;-0,02;0,0;0,0;0,0;-0,26;-0,07;0,0;0,0;-0,01;0,0;-0,01;0,0;0,0;0,0;0,0;0,0;0,0;0,0;0,0;0,0;-0,14;0,0;0,0;0,0;-0,01;0,0;0,0;0,0;-0,02;0,0;-0,04;0,0;-0,01;0,0;-0,01;0,0;0,0;0,0;-0,01;0,0;-0,01;0,0;-0,04;0,0;0,0;0,0;-0,01;0,0;0,0;0,0;-0,01;0,0
25.07.2026;14:45;15:00;1,76;1,1;-0,18;0,0;-0,02;0,0;0,0;0,0;-0,03;0,0;0,0;0,0;-0,02;0,0;0,0;0,0;0,0;0,0;0,0;0,0;0,0;0,0;0,0;0,0;-0,29;-0,08;0,0;0,0;-0,01;0,0;-0,01;0,0;-0,02;0,0;-0,04;0,0;-0,01;0,0;-0,02;0,0;0,0;0,0;-0,03;0,0;0,0;0,0;-0,03;0,0;0,0;0,0;-0,01;0,0;-0,01;0,0;-0,01;0,0
25.07.2026;15:00;15:15;1,7;1,23;-0,18;0,0;-0,01;0,0;0,0;0,0;-0,04;0,0;0,0;0,0;-0,01;0,0;-0,02;0,0;0,0;0,0;0,0;0,0;0,0;0,0;0,0;0,0;-0,04;0,0;0,0;0,0;-0,01;0,0;0,0;0,0;-0,02;0,0;-0,03;0,0;-0,01;0,0;0,0;0,0;0,0;0,0;-0,02;0,0;-0,01;0,0;-0,03;0,0;0,0;0,0;-0,01;0,0;0,0;0,0;-0,03;0,0
25.07.2026;15:15;15:30;1,63;1,0;-0,16;0,0;-0,02;0,0;0,0;0,0;-0,42;-0,24;0,0;0,0;0,0;0,0;-0,02;0,0;0,0;0,0;0,0;0,0;0,0;0,0;0,0;0,0;-0,02;0,0;0,0;0,0;-0,02;0,0;0,0;0,0;-0,06;0,0;-0,03;0,0;-0,01;0,0;-0,01;0,0;0,0;0,0;-0,03;0,0;-0,01;0,0;-0,04;0,0;0,0;0,0;0,0;0,0;0,0;0,0;-0,02;0,0
25.07.2026;15:30;15:45;1,57;0,87;-0,24;0,0;-0,03;0,0;0,0;0,0;-0,17;0,0;0,0;0,0;-0,01;0,0;-0,02;0,0;0,0;0,0;0,0;0,0;-0,01;0,0;0,0;0,0;-0,01;0,0;0,0;0,0;-0,02;0,0;0,0;0,0;-0,05;0,0;-0,02;0,0;0,0;0,0;0,0;0,0;0,0;0,0;-0,03;0,0;-0,01;0,0;-0,02;0,0;-0,01;0,0;-0,02;0,0;-0,01;0,0;-0,02;0,0
25.07.2026;15:45;16:00;1,47;0,72;-0,18;0,0;-0,02;0,0;0,0;0,0;-0,4;-0,26;-0,01;0,0;-0,02;0,0;-0,02;0,0;0,0;0,0;0,0;0,0;0,0;0,0;0,0;0,0;-0,04;0,0;0,0;0,0;-0,03;0,0;0,0;0,0;-0,05;0,0;-0,02;0,0;-0,01;0,0;-0,01;0,0;0,0;0,0;-0,12;0,0;-0,01;0,0;-0,03;0,0;0,0;0,0;-0,01;0,0;-0,01;0,0;-0,02;0,0
25.07.2026;16:00;16:15;1,34;0,68;-0,17;0,0;-0,01;0,0;0,0;0,0;-0,08;0,0;0,0;0,0;-0,7;-0,57;-0,02;0,0;0,0;0,0;0,0;0,0;0,0;0,0;0,0;0,0;-0,03;0,0;-0,01;0,0;-0,02;0,0;0,0;0,0;-0,05;0,0;-0,02;0,0;0,0;0,0;-0,01;0,0;0,0;0,0;-0,05;0,0;-0,01;0,0;-0,03;0,0;0,0;0,0;-0,01;0,0;0,0;0,0;-0,01;0,0
25.07.2026;16:15;16:30;0,28;0,2;-0,17;-0,09;-0,02;-0,02;0,0;0,0;-0,05;-0,05;0,0;0,0;-0,52;-0,52;-0,01;-0,01;-0,01;-0,01;0,0;0,0;0,0;0,0;-0,01;-0,01;-0,01;-0,01;0,0;0,0;-0,02;-0,02;0,0;0,0;-0,07;-0,07;-0,02;-0,02;0,0;0,0;-0,01;-0,01;0,0;0,0;-0,03;-0,03;-0,01;-0,01;-0,03;-0,03;0,0;0,0;0,0;0,0;0,0;0,0;-0,02;-0,02
25.07.2026;16:30;16:45;0,0;0,0;-0,18;-0,18;-0,03;-0,03;0,0;0,0;-0,05;-0,05;0,0;0,0;-0,36;-0,36;-0,02;-0,02;0,0;0,0;0,0;0,0;0,0;0,0;0,0;0,0;-0,01;-0,01;0,0;0,0;-0,02;-0,02;0,0;0,0;-0,06;-0,06;-0,01;-0,01;0,0;0,0;-0,01;-0,01;0,0;0,0;-0,03;-0,03;0,0;0,0;-0,01;-0,01;0,0;0,0;-0,01;-0,01;-0,01;-0,01;-0,02;-0,02
25.07.2026;16:45;17:00;0,15;0,11;-0,17;-0,13;-0,05;-0,05;0,0;0,0;-0,03;-0,03;0,0;0,0;-0,25;-0,25;-0,02;-0,02;0,0;0,0;0,0;0,0;0,0;0,0;0,0;0,0;0,0;0,0;0,0;0,0;-0,03;-0,03;0,0;0,0;-0,07;-0,07;-0,02;-0,02;0,0;0,0;-0,03;-0,03;0,0;0,0;-0,03;-0,03;-0,01;-0,01;-0,02;-0,02;0,0;0,0;-0,01;-0,01;0,0;0,0;-0,02;-0,02
25.07.2026;17:00;17:15;1,01;0,36;-0,19;0,0;-0,03;0,0;-0,01;0,0;-0,04;0,0;0,0;0,0;-0,33;-0,25;-0,02;0,0;0,0;0,0;0,0;0,0;0,0;0,0;0,0;0,0;-0,02;0,0;0,0;0,0;-0,02;0,0;0,0;0,0;-0,01;0,0;-0,02;0,0;-0,03;0,0;-0,35;-0,27;0,0;0,0;-0,04;0,0;-0,01;0,0;-0,01;0,0;0,0;0,0;-0,01;0,0;-0,01;0,0;-0,02;0,0
25.07.2026;17:15;17:30;0,89;0,26;-0,18;0,0;-0,05;0,0;0,0;0,0;-0,04;0,0;0,0;0,0;-0,29;-0,23;-0,02;0,0;0,0;0,0;0,0;0,0;0,0;0,0;0,0;0,0;-0,02;0,0;0,0;0,0;-0,02;0,0;-0,01;0,0;-0,02;0,0;-0,03;0,0;-0,02;0,0;-0,53;-0,47;0,0;0,0;-0,04;0,0;-0,01;0,0;-0,02;0,0;0,0;0,0;-0,01;0,0;0,0;0,0;-0,02;0,0
25.07.2026;17:30;17:45;0,79;0,21;-0,17;0,0;-0,06;-0,02;0,0;0,0;-0,04;0,0;0,0;0,0;-0,33;-0,29;-0,02;0,0;0,0;0,0;0,0;0,0;0,0;0,0;0,0;0,0;-0,02;0,0;0,0;0,0;-0,04;0,0;0,0;0,0;-0,03;0,0;-0,02;0,0;-0,01;0,0;-0,21;-0,17;0,0;0,0;-0,04;0,0;-0,01;0,0;-0,01;0,0;-0,01;0,0;-0,01;0,0;-0,01;0,0;-0,02;0,0
25.07.2026;17:45;18:00;0,57;0,2;-0,18;-0,06;-0,05;-0,03;0,0;0,0;-0,04;-0,02;-0,01;0,0;-0,36;-0,34;-0,01;0,0;0,0;0,0;0,0;0,0;0,0;0,0;0,0;0,0;-0,02;0,0;0,0;0,0;-0,03;-0,01;0,0;0,0;-0,03;-0,01;-0,09;-0,07;0,0;0,0;-0,07;-0,05;0,0;0,0;-0,04;-0,02;-0,01;0,0;-0,02;0,0;0,0;0,0;-0,01;0,0;0,0;0,0;-0,01;0,0
25.07.2026;18:00;18:15;0,6;0,2;-0,19;-0,07;-0,04;-0,02;0,0;0,0;-0,05;-0,03;0,0;0,0;-0,45;-0,43;-0,02;0,0;0,0;0,0;0,0;0,0;-0,01;0,0;0,0;0,0;-0,03;-0,01;-0,01;0,0;-0,03;-0,01;0,0;0,0;-0,03;-0,01;-0,03;-0,01;-0,01;0,0;-0,08;-0,06;0,0;0,0;-0,12;-0,1;0,0;0,0;-0,01;0,0;0,0;0,0;-0,01;0,0;-0,01;0,0;-0,02;0,0
25.07.2026;18:15;18:30;0,48;0,14;-0,17;-0,08;-0,04;-0,02;0,0;0,0;-0,05;-0,03;0,0;0,0;-0,53;-0,51;-0,01;0,0;0,0;0,0;0,0;0,0;0,0;0,0;0,0;0,0;-0,03;-0,01;0,0;0,0;-0,02;0,0;0,0;0,0;-0,02;0,0;-0,03;-0,01;-0,01;0,0;-0,04;-0,02;0,0;0,0;-0,03;-0,01;-0,01;0,0;-0,04;-0,02;0,0;0,0;0,0;0,0;0,0;0,0;-0,02;0,0
25.07.2026;18:30;18:45;0,4;0,17;-0,26;-0,19;-0,05;-0,04;0,0;0,0;-0,05;-0,04;0,0;0,0;-0,29;-0,28;-0,01;0,0;0,0;0,0;0,0;0,0;0,0;0,0;0,0;0,0;-0,03;-0,02;0,0;0,0;-0,01;0,0;0,0;0,0;-0,01;0,0;-0,02;-0,01;-0,01;0,0;-0,05;-0,04;0,0;0,0;-0,04;-0,03;-0,01;0,0;-0,06;-0,05;0,0;0,0;-0,02;-0,01;-0,01;0,0;-0,02;-0,01
25.07.2026;18:45;19:00;0,3;0,11;-0,17;-0,14;-0,1;-0,09;0,0;0,0;-0,05;-0,04;0,0;0,0;-0,04;-0,03;-0,01;0,0;-0,01;0,0;0,0;0,0;0,0;0,0;0,0;0,0;-0,01;0,0;0,0;0,0;-0,01;0,0;0,0;0,0;-0,01;0,0;-0,03;-0,02;-0,01;0,0;-0,03;-0,02;0,0;0,0;-0,02;-0,01;-0,01;0,0;-0,06;-0,05;0,0;0,0;-0,04;-0,03;0,0;0,0;-0,02;-0,01
25.07.2026;19:00;19:15;0,24;0,18;-0,25;-0,19;-0,07;-0,07;0,0;0,0;-0,05;-0,05;0,0;0,0;-0,04;-0,04;-0,02;-0,02;0,0;0,0;0,0;0,0;0,0;0,0;0,0;0,0;-0,02;-0,02;0,0;0,0;-0,02;-0,02;0,0;0,0;-0,01;-0,01;-0,02;-0,02;-0,02;-0,02;-0,1;-0,1;0,0;0,0;-0,02;-0,02;-0,01;-0,01;-0,05;-0,05;0,0;0,0;-0,02;-0,02;0,0;0,0;-0,03;-0,03
25.07.2026;19:15;19:30;0,17;0,12;-0,18;-0,13;-0,05;-0,05;0,0;0,0;-0,04;-0,04;0,0;0,0;-0,03;-0,03;-0,02;-0,02;0,0;0,0;-0,01;-0,01;0,0;0,0;0,0;0,0;-0,03;-0,03;0,0;0,0;0,0;0,0;0,0;0,0;-0,02;-0,02;-0,05;-0,05;-0,01;-0,01;-0,29;-0,29;0,0;0,0;-0,03;-0,03;-0,01;-0,01;-0,07;-0,07;0,0;0,0;-0,02;-0,02;-0,01;-0,01;-0,01;-0,01
25.07.2026;19:30;19:45;0,12;0,11;-0,17;-0,16;-0,23;-0,23;0,0;0,0;-0,01;-0,01;0,0;0,0;-0,05;-0,05;-0,02;-0,02;0,0;0,0;0,0;0,0;0,0;0,0;0,0;0,0;-0,03;-0,03;0,0;0,0;-0,02;-0,02;0,0;0,0;-0,03;-0,03;-0,07;-0,07;-0,02;-0,02;-0,33;-0,33;0,0;0,0;-0,02;-0,02;-0,01;-0,01;-0,12;-0,12;-0,01;-0,01;-0,01;-0,01;-0,01;-0,01;-0,01;-0,01
25.07.2026;19:45;20:00;0,08;0,08;-0,17;-0,17;-0,06;-0,06;0,0;0,0;0,0;0,0;-0,01;-0,01;-0,04;-0,04;-0,02;-0,02;0,0;0,0;0,0;0,0;0,0;0,0;0,0;0,0;-0,02;-0,02;0,0;0,0;-0,01;-0,01;-0,01;-0,01;-0,09;-0,09;-0,08;-0,08;-0,03;-0,03;-0,21;-0,21;0,0;0,0;-0,02;-0,02;-0,01;-0,01;-0,12;-0,12;0,0;0,0;-0,02;-0,02;0,0;0,0;-0,02;-0,02
25.07.2026;20:00;20:15;0,0;0,0;-0,2;-0,2;-0,05;-0,05;0,0;0,0;-0,27;-0,27;0,0;0,0;-0,05;-0,05;-0,02;-0,02;0,0;0,0;0,0;0,0;0,0;0,0;0,0;0,0;-0,02;-0,02;-0,01;-0,01;-0,01;-0,01;0,0;0,0;-0,07;-0,07;-0,07;-0,07;-0,04;-0,04;-0,07;-0,07;0,0;0,0;-0,03;-0,03;-0,01;-0,01;-0,19;-0,19;0,0;0,0;0,0;0,0;0,0;0,0;-0,02;-0,02
25.07.2026;20:15;20:30;0,0;0,0;-0,17;-0,17;-0,06;-0,06;-0,01;-0,01;-0,34;-0,34;0,0;0,0;-0,05;-0,05;-0,02;-0,02;0,0;0,0;0,0;0,0;0,0;0,0;0,0;0,0;-0,02;-0,02;0,0;0,0;-0,01;-0,01;0,0;0,0;-0,03;-0,03;-0,05;-0,05;0,0;0,0;-0,03;-0,03;0,0;0,0;-0,03;-0,03;-0,01;-0,01;-0,2;-0,2;0,0;0,0;-0,02;-0,02;-0,01;-0,01;-0,02;-0,02
25.07.2026;20:30;20:45;0,0;0,0;-0,18;-0,18;-0,03;-0,03;0,0;0,0;-0,06;-0,06;0,0;0,0;-0,04;-0,04;-0,01;-0,01;0,0;0,0;0,0;0,0;-0,01;-0,01;0,0;0,0;-0,04;-0,04;0,0;0,0;-0,01;-0,01;0,0;0,0;-0,03;-0,03;-0,05;-0,05;0,0;0,0;-0,19;-0,19;0,0;0,0;-0,05;-0,05;-0,01;-0,01;-0,18;-0,18;0,0;0,0;0,0;0,0;0,0;0,0;-0,03;-0,03
25.07.2026;20:45;21:00;0,0;0,0;-0,18;-0,18;-0,05;-0,05;0,0;0,0;-0,03;-0,03;0,0;0,0;-0,05;-0,05;-0,02;-0,02;0,0;0,0;0,0;0,0;0,0;0,0;0,0;0,0;-0,02;-0,02;0,0;0,0;-0,02;-0,02;0,0;0,0;-0,03;-0,03;-0,05;-0,05;0,0;0,0;-0,13;-0,13;0,0;0,0;-0,02;-0,02;-0,01;-0,01;-0,18;-0,18;0,0;0,0;-0,01;-0,01;-0,01;-0,01;-0,01;-0,01
25.07.2026;21:00;21:15;0,0;0,0;-0,17;-0,17;-0,05;-0,05;0,0;0,0;-0,01;-0,01;0,0;0,0;-0,05;-0,05;-0,02;-0,02;0,0;0,0;0,0;0,0;0,0;0,0;0,0;0,0;-0,02;-0,02;0,0;0,0;-0,01;-0,01;0,0;0,0;-0,03;-0,03;-0,06;-0,06;-0,01;-0,01;-0,04;-0,04;0,0;0,0;-0,01;-0,01;0,0;0,0;-0,12;-0,12;0,0;0,0;-0,01;-0,01;0,0;0,0;-0,01;-0,01
25.07.2026;21:15;21:30;0,0;0,0;-0,16;-0,16;-0,06;-0,06;0,0;0,0;-0,02;-0,02;0,0;0,0;-0,05;-0,05;-0,02;-0,02;-0,01;-0,01;0,0;0,0;0,0;0,0;-0,01;-0,01;-0,01;-0,01;0,0;0,0;-0,01;-0,01;0,0;0,0;-0,03;-0,03;-0,05;-0,05;0,0;0,0;-0,04;-0,04;0,0;0,0;-0,02;-0,02;-0,01;-0,01;-0,11;-0,11;0,0;0,0;-0,01;-0,01;-0,01;-0,01;-0,02;-0,02
25.07.2026;21:30;21:45;0,0;0,0;-0,29;-0,29;-0,04;-0,04;0,0;0,0;-0,01;-0,01;0,0;0,0;-0,04;-0,04;-0,02;-0,02;0,0;0,0;0,0;0,0;0,0;0,0;0,0;0,0;-0,02;-0,02;0,0;0,0;-0,01;-0,01;0,0;0,0;-0,03;-0,03;-0,05;-0,05;0,0;0,0;-0,04;-0,04;-0,25;-0,25;-0,01;-0,01;-0,02;-0,02;-0,17;-0,17;-0,01;-0,01;-0,01;-0,01;0,0;0,0;-0,02;-0,02
25.07.2026;21:45;22:00;0,0;0,0;-0,25;-0,25;-0,04;-0,04;0,0;0,0;-0,04;-0,04;-0,01;-0,01;-0,03;-0,03;-0,01;-0,01;0,0;0,0;0,0;0,0;0,0;0,0;0,0;0,0;-0,02;-0,02;0,0;0,0;-0,01;-0,01;0,0;0,0;-0,01;-0,01;-0,04;-0,04;0,0;0,0;-0,03;-0,03;0,0;0,0;-0,02;-0,02;0,0;0,0;-0,12;-0,12;0,0;0,0;-0,01;-0,01;-0,01;-0,01;-0,02;-0,02
25.07.2026;22:00;22:15;0,0;0,0;-0,21;-0,21;-0,05;-0,05;0,0;0,0;-0,04;-0,04;0,0;0,0;-0,02;-0,02;-0,02;-0,02;0,0;0,0;0,0;0,0;0,0;0,0;0,0;0,0;-0,02;-0,02;-0,01;-0,01;-0,02;-0,02;0,0;0,0;-0,02;-0,02;-0,04;-0,04;0,0;0,0;-0,03;-0,03;0,0;0,0;-0,01;-0,01;-0,01;-0,01;-0,12;-0,12;0,0;0,0;-0,01;-0,01;0,0;0,0;-0,03;-0,03
25.07.2026;22:15;22:30;0,0;0,0;-0,18;-0,18;-0,04;-0,04;0,0;0,0;-0,04;-0,04;0,0;0,0;-0,04;-0,04;0,0;0,0;0,0;0,0;0,0;0,0;0,0;0,0;0,0;0,0;0,0;0,0;0,0;0,0;-0,02;-0,02;-0,01;-0,01;-0,02;-0,02;-0,03;-0,03;-0,01;-0,01;-0,02;-0,02;0,0;0,0;-0,02;-0,02;-0,01;-0,01;-0,07;-0,07;0,0;0,0;-0,01;-0,01;0,0;0,0;-0,02;-0,02
25.07.2026;22:30;22:45;0,0;0,0;-0,21;-0,21;-0,03;-0,03;0,0;0,0;-0,04;-0,04;0,0;0,0;-0,02;-0,02;-0,01;-0,01;0,0;0,0;0,0;0,0;0,0;0,0;0,0;0,0;-0,01;-0,01;0,0;0,0;-0,02;-0,02;0,0;0,0;-0,01;-0,01;-0,04;-0,04;0,0;0,0;-0,04;-0,04;0,0;0,0;-0,02;-0,02;-0,01;-0,01;-0,06;-0,06;0,0;0,0;-0,01;-0,01;-0,01;-0,01;-0,01;-0,01
25.07.2026;22:45;23:00;0,0;0,0;-0,19;-0,19;0,0;0,0;0,0;0,0;-0,03;-0,03;0,0;0,0;-0,03;-0,03;-0,02;-0,02;0,0;0,0;0,0;0,0;0,0;0,0;0,0;0,0;-0,01;-0,01;0,0;0,0;-0,02;-0,02;0,0;0,0;-0,02;-0,02;-0,05;-0,05;0,0;0,0;-0,02;-0,02;0,0;0,0;-0,04;-0,04;-0,01;-0,01;-0,05;-0,05;0,0;0,0;-0,01;-0,01;0,0;0,0;-0,01;-0,01
25.07.2026;23:00;23:15;0,0;0,0;-0,18;-0,18;-0,03;-0,03;0,0;0,0;-0,01;-0,01;0,0;0,0;-0,02;-0,02;-0,02;-0,02;0,0;0,0;0,0;0,0;-0,01;-0,01;0,0;0,0;-0,02;-0,02;0,0;0,0;-0,01;-0,01;0,0;0,0;-0,02;-0,02;-0,05;-0,05;0,0;0,0;-0,03;-0,03;0,0;0,0;-0,03;-0,03;-0,01;-0,01;-0,05;-0,05;0,0;0,0;0,0;0,0;-0,01;-0,01;-0,11;-0,11
25.07.2026;23:15;23:30;0,0;0,0;-0,17;-0,17;-0,03;-0,03;0,0;0,0;-0,01;-0,01;0,0;0,0;-0,01;-0,01;-0,02;-0,02;0,0;0,0;0,0;0,0;0,0;0,0;0,0;0,0;-0,01;-0,01;0,0;0,0;-0,01;-0,01;0,0;0,0;-0,02;-0,02;-0,05;-0,05;0,0;0,0;-0,03;-0,03;0,0;0,0;-0,03;-0,03;-0,01;-0,01;-0,04;-0,04;0,0;0,0;-0,01;-0,01;0,0;0,0;-0,11;-0,11
25.07.2026;23:30;23:45;0,0;0,0;-0,21;-0,21;-0,01;-0,01;-0,01;-0,01;-0,01;-0,01;0,0;0,0;-0,02;-0,02;-0,03;-0,03;0,0;0,0;0,0;0,0;0,0;0,0;0,0;0,0;0,0;0,0;0,0;0,0;-0,02;-0,02;0,0;0,0;-0,02;-0,02;-0,05;-0,05;0,0;0,0;-0,03;-0,03;0,0;0,0;-0,02;-0,02;-0,01;-0,01;-0,02;-0,02;-0,01;-0,01;-0,01;-0,01;-0,01;-0,01;-0,07;-0,07
25.07.2026;23:45;00:00;0,0;0,0;-0,17;-0,17;-0,01;-0,01;0,0;0,0;-0,01;-0,01;-0,01;-0,01;-0,01;-0,01;-0,03;-0,03;-0,01;-0,01;0,0;0,0;0,0;0,0;0,0;0,0;-0,01;-0,01;0,0;0,0;-0,01;-0,01;0,0;0,0;-0,03;-0,03;-0,04;-0,04;-0,01;-0,01;-0,03;-0,03;0,0;0,0;-0,02;-0,02;0,0;0,0;-0,02;-0,02;0,0;0,0;-0,01;-0,01;0,0;0,0;-0,06;-0,06
26.07.2026;00:00;00:15;0,0;0,0;-0,17;-0,17;-0,03;-0,03;0,0;0,0;-0,02;-0,02;0,0;0,0;-0,02;-0,02;-0,02;-0,02;0,0;0,0;0,0;0,0;0,0;0,0;0,0;0,0;-0,01;-0,01;-0,01;-0,01;-0,01;-0,01;0,0;0,0;-0,02;-0,02;-0,05;-0,05;0,0;0,0;-0,03;-0,03;0,0;0,0;-0,01;-0,01;-0,01;-0,01;-0,01;-0,01;0,0;0,0;-0,01;-0,01;-0,01;-0,01;-0,02;-0,02
26.07.2026;00:15;00:30;0,0;0,0;-0,17;-0,17;-0,03;-0,03;0,0;0,0;-0,01;-0,01;0,0;0,0;-0,01;-0,01;-0,02;-0,02;0,0;0,0;-0,01;-0,01;0,0;0,0;0,0;0,0;-0,02;-0,02;0,0;0,0;-0,01;-0,01;0,0;0,0;-0,01;-0,01;-0,05;-0,05;0,0;0,0;-0,01;-0,01;0,0;0,0;-0,02;-0,02;-0,02;-0,02;-0,02;-0,02;0,0;0,0;-0,01;-0,01;0,0;0,0;-0,01;-0,01
26.07.2026;00:30;00:45;0,0;0,0;-0,2;-0,2;-0,02;-0,02;0,0;0,0;-0,02;-0,02;0,0;0,0;-0,01;-0,01;-0,02;-0,02;0,0;0,0;0,0;0,0;0,0;0,0;0,0;0,0;-0,01;-0,01;0,0;0,0;-0,01;-0,01;0,0;0,0;-0,01;-0,01;-0,04;-0,04;0,0;0,0;-0,02;-0,02;0,0;0,0;-0,01;-0,01;0,0;0,0;-0,01;-0,01;0,0;0,0;-0,01;-0,01;-0,01;-0,01;-0,01;-0,01
26.07.2026;00:45;01:00;0,0;0,0;-0,2;-0,2;-0,04;-0,04;0,0;0,0;-0,01;-0,01;0,0;0,0;-0,01;-0,01;-0,02;-0,02;0,0;0,0;0,0;0,0;0,0;0,0;0,0;0,0;0,0;0,0;0,0;0,0;-0,01;-0,01;-0,01;-0,01;-0,01;-0,01;-0,02;-0,02;0,0;0,0;-0,01;-0,01;0,0;0,0;-0,02;-0,02;-0,01;-0,01;-0,02;-0,02;0,0;0,0;-0,01;-0,01;0,0;0,0;-0,03;-0,03
26.07.2026;01:00;01:15;0,0;0,0;-0,16;-0,16;-0,05;-0,05;0,0;0,0;-0,01;-0,01;0,0;0,0;-0,01;-0,01;-0,02;-0,02;0,0;0,0;0,0;0,0;0,0;0,0;0,0;0,0;-0,01;-0,01;0,0;0,0;-0,02;-0,02;0,0;0,0;-0,01;-0,01;-0,01;-0,01;0,0;0,0;-0,01;-0,01;0,0;0,0;-0,01;-0,01;-0,01;-0,01;-0,01;-0,01;0,0;0,0;-0,01;-0,01;0,0;0,0;-0,02;-0,02
26.07.2026;01:15;01:30;0,0;0,0;-0,2;-0,2;-0,03;-0,03;0,0;0,0;0,0;0,0;0,0;0,0;-0,01;-0,01;-0,02;-0,02;0,0;0,0;0,0;0,0;0,0;0,0;0,0;0,0;-0,01;-0,01;0,0;0,0;0,0;0,0;0,0;0,0;-0,02;-0,02;-0,01;-0,01;-0,01;-0,01;0,0;0,0;0,0;0,0;-0,01;-0,01;-0,01;-0,01;-0,02;-0,02;0,0;0,0;-0,01;-0,01;-0,01;-0,01;-0,02;-0,02
26.07.2026;01:30;01:45;0,0;0,0;-0,19;-0,19;-0,03;-0,03;0,0;0,0;-0,02;-0,02;0,0;0,0;-0,01;-0,01;-0,02;-0,02;0,0;0,0;0,0;0,0;-0,01;-0,01;0,0;0,0;-0,02;-0,02;0,0;0,0;-0,02;-0,02;0,0;0,0;-0,02;-0,02;-0,02;-0,02;0,0;0,0;-0,02;-0,02;0,0;0,0;-0,02;-0,02;-0,01;-0,01;-0,01;-0,01;-0,01;-0,01;-0,01;-0,01;-0,01;-0,01;-0,02;-0,02
26.07.2026;01:45;02:00;0,0;0,0;-0,16;-0,16;-0,02;-0,02;0,0;0,0;-0,01;-0,01;-0,01;-0,01;-0,01;-0,01;-0,02;-0,02;0,0;0,0;0,0;0,0;0,0;0,0;0,0;0,0;-0,01;-0,01;0,0;0,0;-0,01;-0,01;0,0;0,0;-0,02;-0,02;-0,02;-0,02;0,0;0,0;-0,01;-0,01;0,0;0,0;-0,01;-0,01;-0,01;-0,01;-0,02;-0,02;0,0;0,0;-0,01;-0,01;0,0;0,0;-0,01;-0,01
26.07.2026;02:00;02:15;0,0;0,0;-0,17;-0,17;-0,02;-0,02;0,0;0,0;-0,02;-0,02;0,0;0,0;-0,01;-0,01;0,0;0,0;0,0;0,0;0,0;0,0;0,0;0,0;0,0;0,0;0,0;0,0;-0,01;-0,01;-0,01;-0,01;0,0;0,0;-0,03;-0,03;-0,03;-0,03;0,0;0,0;-0,01;-0,01;0,0;0,0;-0,01;-0,01;-0,01;-0,01;-0,01;-0,01;0,0;0,0;-0,01;-0,01;0,0;0,0;-0,02;-0,02
26.07.2026;02:15;02:30;0,0;0,0;-0,16;-0,16;-0,02;-0,02;0,0;0,0;-0,01;-0,01;0,0;0,0;-0,01;-0,01;-0,01;-0,01;-0,01;-0,01;0,0;0,0;0,0;0,0;-0,01;-0,01;-0,01;-0,01;0,0;0,0;-0,01;-0,01;0,0;0,0;-0,02;-0,02;-0,02;-0,02;0,0;0,0;-0,01;-0,01;0,0;0,0;-0,01;-0,01;0,0;0,0;-0,02;-0,02;0,0;0,0;0,0;0,0;-0,01;-0,01;-0,02;-0,02
26.07.2026;02:30;02:45;0,0;0,0;-0,17;-0,17;-0,02;-0,02;0,0;0,0;-0,01;-0,01;0,0;0,0;-0,01;-0,01;-0,02;-0,02;0,0;0,0;0,0;0,0;0,0;0,0;0,0;0,0;-0,01;-0,01;0,0;0,0;-0,01;-0,01;0,0;0,0;-0,02;-0,02;-0,02;-0,02;0,0;0,0;0,0;0,0;0,0;0,0;-0,02;-0,02;-0,01;-0,01;-0,01;-0,01;0,0;0,0;-0,02;-0,02;0,0;0,0;-0,02;-0,02
26.07.2026;02:45;03:00;0,0;0,0;-0,16;-0,16;-0,03;-0,03;0,0;0,0;-0,02;-0,02;0,0;0,0;-0,01;-0,01;-0,01;-0,01;0,0;0,0;0,0;0,0;0,0;0,0;0,0;0,0;-0,02;-0,02;0,0;0,0;-0,01;-0,01;0,0;0,0;-0,01;-0,01;-0,02;-0,02;-0,01;-0,01;-0,01;-0,01;0,0;0,0;-0,01;-0,01;-0,01;-0,01;-0,02;-0,02;0,0;0,0;0,0;0,0;-0,01;-0,01;-0,02;-0,02
26.07.2026;03:00;03:15;0,0;0,0;-0,17;-0,17;-0,01;-0,01;-0,01;-0,01;-0,01;-0,01;0,0;0,0;-0,01;-0,01;-0,02;-0,02;0,0;0,0;0,0;0,0;0,0;0,0;0,0;0,0;-0,01;-0,01;0,0;0,0;-0,02;-0,02;0,0;0,0;-0,01;-0,01;-0,01;-0,01;0,0;0,0;-0,01;-0,01;0,0;0,0;-0,01;-0,01;-0,01;-0,01;-0,01;-0,01;0,0;0,0;-0,01;-0,01;0,0;0,0;-0,02;-0,02
26.07.2026;03:15;03:30;0,0;0,0;-0,16;-0,16;-0,02;-0,02;0,0;0,0;-0,04;-0,04;0,0;0,0;-0,01;-0,01;-0,02;-0,02;0,0;0,0;0,0;0,0;0,0;0,0;0,0;0,0;0,0;0,0;0,0;0,0;-0,01;-0,01;-0,01;-0,01;-0,02;-0,02;-0,01;-0,01;0,0;0,0;0,0;0,0;0,0;0,0;-0,01;-0,01;-0,01;-0,01;-0,02;-0,02;0,0;0,0;-0,01;-0,01;-0,01;-0,01;-0,02;-0,02
26.07.2026;03:30;03:45;0,0;0,0;-0,17;-0,17;-0,02;-0,02;0,0;0,0;-0,04;-0,04;0,0;0,0;-0,01;-0,01;-0,02;-0,02;0,0;0,0;0,0;0,0;0,0;0,0;0,0;0,0;-0,01;-0,01;0,0;0,0;-0,01;-0,01;0,0;0,0;-0,01;-0,01;-0,01;-0,01;0,0;0,0;-0,01;-0,01;0,0;0,0;-0,01;-0,01;-0,01;-0,01;-0,01;-0,01;-0,01;-0,01;-0,01;-0,01;0,0;0,0;-0,01;-0,01
26.07.2026;03:45;04:00;0,0;0,0;-0,16;-0,16;-0,02;-0,02;0,0;0,0;-0,01;-0,01;-0,01;-0,01;-0,01;-0,01;-0,02;-0,02;0,0;0,0;0,0;0,0;0,0;0,0;0,0;0,0;-0,01;-0,01;0,0;0,0;-0,01;-0,01;0,0;0,0;-0,01;-0,01;-0,02;-0,02;0,0;0,0;-0,01;-0,01;0,0;0,0;-0,01;-0,01;-0,01;-0,01;-0,01;-0,01;0,0;0,0;-0,01;-0,01;0,0;0,0;-0,01;-0,01
26.07.2026;04:00;04:15;0,0;0,0;-0,17;-0,17;-0,02;-0,02;0,0;0,0;-0,02;-0,02;0,0;0,0;-0,01;-0,01;-0,02;-0,02;0,0;0,0;0,0;0,0;-0,01;-0,01;0,0;0,0;-0,01;-0,01;-0,01;-0,01;-0,01;-0,01;0,0;0,0;-0,03;-0,03;-0,01;-0,01;-0,01;-0,01;-0,02;-0,02;0,0;0,0;-0,01;-0,01;0,0;0,0;-0,02;-0,02;0,0;0,0;-0,01;-0,01;-0,01;-0,01;-0,03;-0,03
26.07.2026;04:15;04:30;0,0;0,0;-0,16;-0,16;-0,02;-0,02;0,0;0,0;-0,02;-0,02;0,0;0,0;-0,01;-0,01;-0,02;-0,02;0,0;0,0;0,0;0,0;0,0;0,0;0,0;0,0;-0,01;-0,01;0,0;0,0;-0,02;-0,02;0,0;0,0;-0,02;-0,02;-0,03;-0,03;0,0;0,0;0,0;0,0;0,0;0,0;-0,01;-0,01;-0,01;-0,01;-0,01;-0,01;0,0;0,0;-0,01;-0,01;-0,01;-0,01;-0,02;-0,02
26.07.2026;04:30;04:45;0,0;0,0;-0,17;-0,17;-0,02;-0,02;0,0;0,0;-0,02;-0,02;0,0;0,0;-0,01;-0,01;-0,02;-0,02;0,0;0,0;0,0;0,0;0,0;0,0;0,0;0,0;-0,02;-0,02;0,0;0,0;-0,01;-0,01;0,0;0,0;-0,02;-0,02;-0,02;-0,02;0,0;0,0;-0,02;-0,02;0,0;0,0;-0,01;-0,01;-0,01;-0,01;-0,02;-0,02;0,0;0,0;-0,01;-0,01;0,0;0,0;-0,02;-0,02
26.07.2026;04:45;05:00;0,0;0,0;-0,17;-0,17;-0,02;-0,02;0,0;0,0;-0,02;-0,02;0,0;0,0;-0,01;-0,01;-0,02;-0,02;-0,01;-0,01;0,0;0,0;0,0;0,0;0,0;0,0;-0,01;-0,01;0,0;0,0;-0,03;-0,03;0,0;0,0;-0,02;-0,02;-0,02;-0,02;0,0;0,0;-0,01;-0,01;0,0;0,0;-0,01;-0,01;-0,01;-0,01;-0,01;-0,01;0,0;0,0;-0,01;-0,01;0,0;0,0;-0,02;-0,02
26.07.2026;05:00;05:15;0,0;0,0;-0,18;-0,18;-0,01;-0,01;0,0;0,0;0,0;0,0;0,0;0,0;0,0;0,0;-0,02;-0,02;0,0;0,0;0,0;0,0;0,0;0,0;0,0;0,0;0,0;0,0;0,0;0,0;-0,03;-0,03;0,0;0,0;-0,03;-0,03;-0,02;-0,02;0,0;0,0;0,0;0,0;0,0;0,0;-0,01;-0,01;-0,01;-0,01;-0,02;-0,02;0,0;0,0;-0,01;-0,01;-0,01;-0,01;-0,01;-0,01
26.07.2026;05:15;05:30;0,0;0,0;-0,17;-0,17;-0,01;-0,01;0,0;0,0;-0,01;-0,01;0,0;0,0;-0,02;-0,02;-0,01;-0,01;0,0;0,0;-0,01;-0,01;0,0;0,0;0,0;0,0;-0,01;-0,01;0,0;0,0;-0,03;-0,03;0,0;0,0;-0,01;-0,01;-0,02;-0,02;0,0;0,0;-0,01;-0,01;0,0;0,0;-0,01;-0,01;-0,01;-0,01;-0,01;-0,01;0,0;0,0;0,0;0,0;0,0;0,0;-0,01;-0,01
26.07.2026;05:30;05:45;0,01;0,01;-0,17;-0,17;-0,03;-0,03;0,0;0,0;-0,01;-0,01;0,0;0,0;0,0;0,0;-0,02;-0,02;0,0;0,0;0,0;0,0;0,0;0,0;0,0;0,0;-0,01;-0,01;0,0;0,0;-0,01;-0,01;0,0;0,0;-0,01;-0,01;-0,02;-0,02;-0,01;-0,01;-0,01;-0,01;0,0;0,0;-0,02;-0,02;-0,01;-0,01;-0,02;-0,02;-0,01;-0,01;-0,01;-0,01;-0,01;-0,01;-0,03;-0,03
26.07.2026;05:45;06:00;0,02;0,02;-0,17;-0,17;-0,02;-0,02;0,0;0,0;-0,02;-0,02;-0,01;-0,01;-0,01;-0,01;-0,01;-0,01;0,0;0,0;0,0;0,0;0,0;0,0;0,0;0,0;-0,02;-0,02;0,0;0,0;-0,02;-0,02;-0,01;-0,01;-0,01;-0,01;-0,09;-0,09;0,0;0,0;-0,01;-0,01;0,0;0,0;0,0;0,0;0,0;0,0;-0,01;-0,01;0,0;0,0;-0,01;-0,01;0,0;0,0;-0,02;-0,02
26.07.2026;06:00;06:15;0,06;0,06;-0,18;-0,18;-0,01;-0,01;0,0;0,0;-0,02;-0,02;0,0;0,0;-0,01;-0,01;-0,01;-0,01;0,0;0,0;0,0;0,0;0,0;0,0;0,0;0,0;-0,01;-0,01;-0,01;-0,01;-0,02;-0,02;0,0;0,0;0,0;0,0;-0,02;-0,02;0,0;0,0;0,0;0,0;0,0;0,0;-0,01;-0,01;-0,02;-0,02;-0,01;-0,01;0,0;0,0;-0,01;-0,01;-0,01;-0,01;-0,02;-0,02
26.07.2026;06:15;06:30;0,09;0,09;-0,16;-0,16;-0,02;-0,02;-0,01;-0,01;-0,2;-0,2;0,0;0,0;-0,01;-0,01;-0,01;-0,01;0,0;0,0;0,0;0,0;0,0;0,0;0,0;0,0;0,0;0,0;0,0;0,0;-0,01;-0,01;0,0;0,0;-0,01;-0,01;-0,01;-0,01;0,0;0,0;-0,01;-0,01;-0,25;-0,25;-0,01;-0,01;-0,01;-0,01;-0,02;-0,02;0,0;0,0;-0,01;-0,01;0,0;0,0;-0,02;-0,02
26.07.2026;06:30;06:45;0,09;0,09;-0,18;-0,18;-0,03;-0,03;0,0;0,0;-0,02;-0,02;0,0;0,0;-0,01;-0,01;-0,02;-0,02;0,0;0,0;0,0;0,0;-0,01;-0,01;0,0;0,0;-0,01;-0,01;0,0;0,0;-0,02;-0,02;0,0;0,0;-0,02;-0,02;-0,02;-0,02;0,0;0,0;-0,01;-0,01;0,0;0,0;-0,02;-0,02;0,0;0,0;-0,01;-0,01;0,0;0,0;-0,01;-0,01;-0,01;-0,01;-0,01;-0,01
26.07.2026;06:45;07:00;0,09;0,09;-0,17;-0,17;-0,02;-0,02;0,0;0,0;-0,03;-0,03;0,0;0,0;-0,01;-0,01;-0,02;-0,02;0,0;0,0;0,0;0,0;0,0;0,0;0,0;0,0;-0,02;-0,02;0,0;0,0;-0,01;-0,01;0,0;0,0;-0,01;-0,01;-0,03;-0,03;0,0;0,0;-0,02;-0,02;0,0;0,0;0,0;0,0;-0,01;-0,01;-0,02;-0,02;0,0;0,0;-0,01;-0,01;0,0;0,0;-0,01;-0,01
26.07.2026;07:00;07:15;0,1;0,1;-0,17;-0,17;-0,02;-0,02;0,0;0,0;-0,05;-0,05;0,0;0,0;0,0;0,0;-0,01;-0,01;0,0;0,0;0,0;0,0;0,0;0,0;0,0;0,0;-0,01;-0,01;0,0;0,0;-0,01;-0,01;0,0;0,0;-0,02;-0,02;-0,02;-0,02;-0,01;-0,01;-0,01;-0,01;0,0;0,0;-0,01;-0,01;-0,01;-0,01;-0,01;-0,01;0,0;0,0;-0,01;-0,01;0,0;0,0;-0,02;-0,02
26.07.2026;07:15;07:30;0,15;0,11;-0,18;-0,14;-0,02;-0,02;0,0;0,0;-0,09;-0,09;0,0;0,0;-0,01;-0,01;-0,02;-0,02;-0,01;-0,01;0,0;0,0;0,0;0,0;-0,01;-0,01;-0,01;-0,01;0,0;0,0;-0,02;-0,02;0,0;0,0;-0,01;-0,01;-0,05;-0,05;0,0;0,0;0,0;0,0;0,0;0,0;-0,01;-0,01;-0,01;-0,01;-0,02;-0,02;0,0;0,0;-0,01;-0,01;-0,01;-0,01;-0,03;-0,03
26.07.2026;07:30;07:45;0,35;0,14;-0,18;-0,11;-0,09;-0,08;0,0;0,0;-0,02;-0,01;0,0;0,0;-0,02;-0,01;-0,02;-0,01;0,0;0,0;0,0;0,0;0,0;0,0;0,0;0,0;0,0;0,0;0,0;0,0;-0,01;0,0;0,0;0,0;-0,02;-0,01;-0,05;-0,04;0,0;0,0;-0,01;0,0;0,0;0,0;-0,02;-0,01;-0,01;0,0;-0,01;0,0;-0,01;0,0;-0,01;0,0;0,0;0,0;-0,02;-0,01
26.07.2026;07:45;08:00;0,56;0,24;-0,18;-0,04;-0,01;0,0;0,0;0,0;-0,01;0,0;-0,01;0,0;0,0;0,0;-0,02;0,0;0,0;0,0;0,0;0,0;0,0;0,0;0,0;0,0;-0,01;0,0;0,0;0,0;-0,01;0,0;0,0;0,0;0,0;0,0;-0,06;-0,02;0,0;0,0;-0,01;0,0;0,0;0,0;0,0;0,0;-0,01;0,0;-0,02;0,0;0,0;0,0;0,0;0,0;-0,01;0,0;-0,02;0,0
26.07.2026;08:00;08:15;0,66;0,3;-0,17;-0,01;-0,02;0,0;0,0;0,0;-0,02;0,0;0,0;0,0;-0,01;0,0;-0,02;0,0;0,0;0,0;0,0;0,0;0,0;0,0;0,0;0,0;-0,02;0,0;-0,01;0,0;-0,01;0,0;0,0;0,0;-0,01;0,0;-0,03;0,0;0,0;0,0;0,0;0,0;0,0;0,0;-0,01;0,0;-0,01;0,0;-0,01;0,0;0,0;0,0;-0,01;0,0;0,0;0,0;-0,01;0,0
26.07.2026;08:15;08:30;0,75;0,35;-0,3;-0,11;-0,02;0,0;0,0;0,0;-0,02;0,0;0,0;0,0;-0,02;0,0;-0,02;0,0;0,0;0,0;0,0;0,0;0,0;0,0;0,0;0,0;-0,01;0,0;0,0;0,0;-0,01;0,0;-0,01;0,0;0,0;0,0;-0,02;0,0;-0,01;0,0;-0,01;0,0;0,0;0,0;-0,01;0,0;0,0;0,0;-0,02;0,0;0,0;0,0;-0,01;0,0;-0,01;0,0;-0,01;0,0
26.07.2026;08:30;08:45;0,89;0,36;-0,21;0,0;-0,2;-0,12;0,0;0,0;-0,01;0,0;0,0;0,0;-0,02;0,0;-0,02;0,0;0,0;0,0;0,0;0,0;0,0;0,0;0,0;0,0;-0,01;0,0;0,0;0,0;-0,02;0,0;0,0;0,0;-0,01;0,0;-0,01;0,0;0,0;0,0;0,0;0,0;0,0;0,0;-0,02;0,0;-0,01;0,0;-0,32;-0,24;0,0;0,0;-0,01;0,0;0,0;0,0;-0,02;0,0
26.07.2026;08:45;09:00;0,99;0,4;-0,31;-0,04;-0,12;-0,03;0,0;0,0;-0,02;0,0;0,0;0,0;-0,01;0,0;-0,01;0,0;0,0;0,0;0,0;0,0;0,0;0,0;0,0;0,0;0,0;0,0;0,0;0,0;-0,01;0,0;0,0;0,0;0,0;0,0;-0,02;0,0;0,0;0,0;-0,02;0,0;0,0;0,0;0,0;0,0;-0,01;0,0;-0,21;-0,12;0,0;0,0;-0,01;0,0;0,0;0,0;-0,03;0,0
26.07.2026;09:00;09:15;0,26;0,19;-0,18;-0,11;-0,27;-0,27;0,0;0,0;-0,01;-0,01;0,0;0,0;-0,01;-0,01;-0,02;-0,02;0,0;0,0;0,0;0,0;-0,01;-0,01;0,0;0,0;-0,01;-0,01;0,0;0,0;-0,01;-0,01;0,0;0,0;-0,02;-0,02;-0,01;-0,01;0,0;0,0;0,0;0,0;0,0;0,0;-0,01;-0,01;-0,01;-0,01;-0,03;-0,03;0,0;0,0;-0,01;-0,01;-0,01;-0,01;-0,02;-0,02
26.07.2026;09:15;09:30;0,0;0,0;-0,19;-0,19;-0,32;-0,32;0,0;0,0;-0,02;-0,02;0,0;0,0;-0,01;-0,01;-0,02;-0,02;0,0;0,0;0,0;0,0;0,0;0,0;0,0;0,0;-0,02;-0,02;0,0;0,0;-0,01;-0,01;0,0;0,0;-0,01;-0,01;-0,03;-0,03;0,0;0,0;-0,02;-0,02;0,0;0,0;-0,02;-0,02;-0,01;-0,01;-0,04;-0,04;0,0;0,0;-0,01;-0,01;-0,01;-0,01;-0,02;-0,02
26.07.2026;09:30;09:45;0,0;0,0;-0,19;-0,19;-0,04;-0,04;-0,01;-0,01;-0,01;-0,01;0,0;0,0;-0,01;-0,01;-0,02;-0,02;0,0;0,0;0,0;0,0;0,0;0,0;0,0;0,0;-0,05;-0,05;0,0;0,0;-0,01;-0,01;0,0;0,0;-0,02;-0,02;-0,06;-0,06;0,0;0,0;-0,01;-0,01;0,0;0,0;-0,02;-0,02;-0,01;-0,01;-0,06;-0,06;-0,01;-0,01;-0,01;-0,01;0,0;0,0;-0,01;-0,01
26.07.2026;09:45;10:00;1,13;0,51;-0,19;0,0;-0,04;0,0;0,0;0,0;-0,02;0,0;-0,01;0,0;0,0;0,0;0,0;0,0;-0,01;0,0;0,0;0,0;0,0;0,0;0,0;0,0;-0,03;0,0;0,0;0,0;-0,02;0,0;0,0;0,0;-0,02;0,0;-0,04;0,0;-0,01;0,0;-0,03;0,0;0,0;0,0;-0,12;-0,03;0,0;0,0;-0,45;-0,36;0,0;0,0;-0,01;0,0;0,0;0,0;-0,01;0,0
26.07.2026;10:00;10:15;1,44;0,67;-0,21;0,0;-0,05;0,0;0,0;0,0;-0,01;0,0;0,0;0,0;-0,01;0,0;-0,01;0,0;0,0;0,0;0,0;0,0;0,0;0,0;0,0;0,0;-0,02;0,0;-0,01;0,0;-0,01;0,0;0,0;0,0;-0,01;0,0;-0,07;0,0;0,0;0,0;-0,03;0,0;0,0;0,0;-0,22;-0,08;-0,01;0,0;-0,25;-0,11;0,0;0,0;-0,01;0,0;-0,01;0,0;-0,02;0,0
26.07.2026;10:15;10:30;1,56;0,87;-0,2;0,0;-0,03;0,0;0,0;0,0;-0,01;0,0;0,0;0,0;-0,01;0,0;-0,02;0,0;0,0;0,0;-0,01;0,0;0,0;0,0;0,0;0,0;-0,04;0,0;0,0;0,0;-0,01;0,0;0,0;0,0;-0,02;0,0;-0,07;0,0;0,0;0,0;-0,02;0,0;0,0;0,0;-0,04;0,0;-0,01;0,0;-0,24;-0,07;0,0;0,0;-0,01;0,0;0,0;0,0;-0,02;0,0
26.07.2026;10:30;10:45;1,63;0,82;-0,18;0,0;-0,25;-0,08;0,0;0,0;0,0;0,0;0,0;0,0;-0,01;0,0;-0,03;0,0;0,0;0,0;0,0;0,0;0,0;0,0;0,0;0,0;-0,05;0,0;0,0;0,0;-0,01;0,0;0,0;0,0;0,0;0,0;-0,07;0,0;-0,04;0,0;-0,02;0,0;0,0;0,0;-0,01;0,0;-0,01;0,0;-0,24;-0,07;0,0;0,0;0,0;0,0;-0,01;0,0;-0,03;0,0
26.07.2026;10:45;11:00;1,7;0,82;-0,18;0,0;-0,19;-0,02;0,0;0,0;-0,02;0,0;0,0;0,0;-0,01;0,0;-0,03;0,0;0,0;0,0;0,0;0,0;0,0;0,0;0,0;0,0;-0,05;0,0;0,0;0,0;-0,01;0,0;-0,01;0,0;-0,01;0,0;-0,06;0,0;-0,03;0,0;-0,04;0,0;0,0;0,0;-0,05;0,0;-0,01;0,0;-0,2;-0,03;0,0;0,0;-0,01;0,0;0,0;0,0;-0,02;0,0
26.07.2026;11:00;11:15;1,78;1,12;-0,2;0,0;-0,03;0,0;0,0;0,0;-0,01;0,0;0,0;0,0;-0,01;0,0;-0,02;0,0;0,0;0,0;0,0;0,0;0,0;0,0;0,0;0,0;-0,06;0,0;0,0;0,0;-0,02;0,0;0,0;0,0;-0,01;0,0;-0,06;0,0;-0,01;0,0;-0,02;0,0;0,0;0,0;-0,07;0,0;-0,01;0,0;-0,1;0,0;0,0;0,0;-0,01;0,0;-0,01;0,0;-0,01;0,0
26.07.2026;11:15;11:30;2,04;1,41;-0,21;0,0;-0,01;0,0;0,0;0,0;-0,02;0,0;0,0;0,0;0,0;0,0;-0,03;0,0;0,0;0,0;0,0;0,0;0,0;0,0;0,0;0,0;-0,03;0,0;0,0;0,0;-0,01;0,0;0,0;0,0;-0,01;0,0;-0,05;0,0;-0,01;0,0;-0,02;0,0;0,0;0,0;-0,09;0,0;-0,01;0,0;-0,1;0,0;0,0;0,0;-0,01;0,0;0,0;0,0;-0,02;0,0
26.07.2026;11:30;11:45;1,65;1,04;-0,19;0,0;-0,02;0,0;0,0;0,0;-0,01;0,0;0,0;0,0;-0,01;0,0;-0,02;0,0;-0,01;0,0;0,0;0,0;-0,01;0,0;0,0;0,0;-0,04;0,0;0,0;0,0;-0,01;0,0;0,0;0,0;-0,04;0,0;-0,06;0,0;-0,01;0,0;-0,04;0,0;0,0;0,0;-0,08;0,0;0,0;0,0;-0,03;0,0;-0,01;0,0;-0,01;0,0;0,0;0,0;-0,01;0,0
26.07.2026;11:45;12:00;1,75;1,1;-0,19;0,0;-0,03;0,0;0,0;0,0;-0,01;0,0;-0,01;0,0;-0,01;0,0;-0,02;0,0;-0,01;0,0;0,0;0,0;0,0;0,0;0,0;0,0;-0,05;0,0;0,0;0,0;-0,01;0,0;0,0;0,0;-0,04;0,0;-0,08;0,0;0,0;0,0;-0,05;0,0;0,0;0,0;-0,08;0,0;-0,01;0,0;-0,01;0,0;0,0;0,0;-0,01;0,0;-0,01;0,0;-0,02;0,0
26.07.2026;12:00;12:15;1,95;1,13;-0,23;0,0;-0,03;0,0;0,0;0,0;-0,02;0,0;0,0;0,0;-0,01;0,0;-0,02;0,0;-0,02;0,0;0,0;0,0;0,0;0,0;0,0;0,0;-0,03;0,0;-0,01;0,0;-0,01;0,0;0,0;0,0;-0,04;0,0;-0,07;0,0;0,0;0,0;-0,16;0,0;0,0;0,0;-0,09;0,0;-0,01;0,0;-0,02;0,0;0,0;0,0;-0,01;0,0;-0,01;0,0;-0,03;0,0
26.07.2026;12:15;12:30;1,34;0,61;-0,19;0,0;-0,01;0,0;0,0;0,0;-0,01;0,0;0,0;0,0;-0,01;0,0;-0,02;0,0;-0,02;0,0;0,0;0,0;0,0;0,0;-0,01;0,0;-0,02;0,0;0,0;0,0;-0,01;0,0;0,0;0,0;-0,04;0,0;-0,06;0,0;-0,01;0,0;-0,24;-0,11;0,0;0,0;-0,17;-0,04;-0,01;0,0;-0,02;0,0;0,0;0,0;-0,01;0,0;0,0;0,0;-0,02;0,0
26.07.2026;12:30;12:45;0,75;0,21;-0,26;-0,12;-0,02;0,0;0,0;0,0;-0,02;0,0;0,0;0,0;-0,01;0,0;-0,02;0,0;-0,02;0,0;0,0;0,0;0,0;0,0;0,0;0,0;-0,04;0,0;0,0;0,0;-0,02;0,0;0,0;0,0;-0,04;0,0;-0,07;-0,03;-0,03;0,0;-0,76;-0,72;0,0;0,0;-0,21;-0,17;-0,01;0,0;-0,01;0,0;0,0;0,0;0,0;0,0;0,0;0,0;-0,04;0,0
26.07.2026;12:45;13:00;0,03;0,03;-0,2;-0,2;-0,03;-0,03;0,0;0,0;-0,01;-0,01;0,0;0,0;0,0;0,0;-0,02;-0,02;-0,03;-0,03;0,0;0,0;0,0;0,0;0,0;0,0;-0,03;-0,03;0,0;0,0;-0,02;-0,02;0,0;0,0;-0,04;-0,04;-0,08;-0,08;-0,01;-0,01;-0,14;-0,14;0,0;0,0;-0,08;-0,08;-0,01;-0,01;-0,03;-0,03;0,0;0,0;-0,01;-0,01;-0,01;-0,01;-0,38;-0,38
26.07.2026;13:00;13:15;0,0;0,0;-0,19;-0,19;-0,02;-0,02;-0,01;-0,01;-0,01;-0,01;0,0;0,0;-0,02;-0,02;-0,02;-0,02;-0,02;-0,02;0,0;0,0;0,0;0,0;0,0;0,0;-0,01;-0,01;0,0;0,0;-0,01;-0,01;0,0;0,0;-0,05;-0,05;-0,09;-0,09;-0,03;-0,03;-0,46;-0,46;0,0;0,0;-0,06;-0,06;-0,01;-0,01;-0,01;-0,01;0,0;0,0;-0,01;-0,01;0,0;0,0;-0,1;-0,1
26.07.2026;13:15;13:30;0,56;0,17;-0,17;-0,06;-0,01;0,0;0,0;0,0;-0,02;0,0;0,0;0,0;-0,01;0,0;-0,02;0,0;-0,02;0,0;0,0;0,0;0,0;0,0;0,0;0,0;-0,01;0,0;0,0;0,0;-0,02;0,0;-0,01;0,0;-0,05;-0,03;-0,1;-0,08;-0,03;-0,01;-0,08;-0,06;0,0;0,0;-0,08;-0,06;0,0;0,0;-0,03;-0,01;0,0;0,0;-0,01;0,0;-0,01;0,0;-0,06;-0,04
26.07.2026;13:30;13:45;2,09;1,3;-0,17;0,0;-0,02;0,0;0,0;0,0;-0,01;0,0;0,0;0,0;0,0;0,0;-0,01;0,0;-0,02;0,0;0,0;0,0;0,0;0,0;0,0;0,0;0,0;0,0;0,0;0,0;-0,01;0,0;0,0;0,0;-0,04;0,0;-0,08;0,0;0,0;0,0;-0,16;0,0;0,0;0,0;-0,13;0,0;-0,01;0,0;-0,03;0,0;-0,01;0,0;-0,01;0,0;0,0;0,0;-0,08;0,0
26.07.2026;13:45;14:00;1,95;1,17;-0,25;0,0;-0,02;0,0;0,0;0,0;-0,02;0,0;-0,01;0,0;-0,01;0,0;0,0;0,0;-0,01;0,0;0,0;0,0;0,0;0,0;0,0;0,0;-0,01;0,0;0,0;0,0;-0,01;0,0;0,0;0,0;-0,04;0,0;-0,04;0,0;0,0;0,0;-0,16;0,0;0,0;0,0;-0,09;0,0;-0,02;0,0;-0,02;0,0;0,0;0,0;-0,01;0,0;-0,01;0,0;-0,05;0,0
26.07.2026;14:00;14:15;1,72;0,9;-0,22;0,0;-0,02;0,0;0,0;0,0;-0,01;0,0;0,0;0,0;-0,01;0,0;-0,02;0,0;-0,02;0,0;0,0;0,0;-0,01;0,0;0,0;0,0;-0,18;0,0;-0,01;0,0;-0,01;0,0;0,0;0,0;-0,07;0,0;-0,01;0,0;0,0;0,0;-0,09;0,0;0,0;0,0;-0,07;0,0;0,0;0,0;-0,02;0,0;0,0;0,0;-0,01;0,0;0,0;0,0;-0,04;0,0
26.07.2026;14:15;14:30;1,29;0,65;-0,22;0,0;-0,02;0,0;0,0;0,0;0,0;0,0;0,0;0,0;-0,06;0,0;-0,01;0,0;-0,02;0,0;0,0;0,0;0,0;0,0;0,0;0,0;-0,04;0,0;0,0;0,0;-0,01;0,0;0,0;0,0;-0,07;0,0;-0,02;0,0;-0,01;0,0;-0,05;0,0;0,0;0,0;-0,03;0,0;-0,01;0,0;-0,03;0,0;0,0;0,0;-0,01;0,0;-0,01;0,0;-0,02;0,0
26.07.2026;14:30;14:45;0,78;0,25;-0,33;-0,15;-0,01;0,0;0,0;0,0;-0,01;0,0;0,0;0,0;-0,09;-0,04;-0,02;0,0;-0,02;0,0;0,0;0,0;0,0;0,0;0,0;0,0;-0,03;0,0;0,0;0,0;-0,02;0,0;0,0;0,0;-0,08;-0,03;-0,01;0,0;0,0;0,0;-0,07;-0,02;0,0;0,0;-0,03;0,0;-0,01;0,0;-0,02;0,0;0,0;0,0;-0,01;0,0;0,0;0,0;-0,01;0,0
26.07.2026;14:45;15:00;1,23;0,56;-0,17;0,0;-0,03;0,0;0,0;0,0;-0,01;0,0;0,0;0,0;-0,03;0,0;-0,02;0,0;-0,02;0,0;0,0;0,0;0,0;0,0;0,0;0,0;-0,02;0,0;0,0;0,0;0,0;0,0;0,0;0,0;-0,08;0,0;-0,02;0,0;0,0;0,0;-0,08;0,0;-0,25;-0,14;-0,01;0,0;-0,01;0,0;-0,03;0,0;0,0;0,0;-0,02;0,0;0,0;0,0;-0,01;0,0
26.07.2026;15:00;15:15;0,95;0,36;-0,18;0,0;-0,02;0,0;0,0;0,0;-0,01;0,0;0,0;0,0;-0,03;0,0;-0,02;0,0;-0,02;0,0;0,0;0,0;0,0;0,0;0,0;0,0;-0,01;0,0;0,0;0,0;-0,02;0,0;0,0;0,0;-0,07;0,0;-0,02;0,0;0,0;0,0;-0,08;-0,01;0,0;0,0;-0,02;0,0;0,0;0,0;-0,05;0,0;0,0;0,0;-0,01;0,0;-0,01;0,0;-0,03;0,0
26.07.2026;15:15;15:30;1,01;0,44;-0,17;0,0;-0,01;0,0;0,0;0,0;-0,02;0,0;0,0;0,0;-0,03;0,0;-0,02;0,0;-0,02;0,0;-0,01;0,0;0,0;0,0;0,0;0,0;-0,02;0,0;0,0;0,0;-0,01;0,0;0,0;0,0;-0,08;0,0;-0,02;0,0;0,0;0,0;-0,13;-0,05;0,0;0,0;-0,01;0,0;-0,02;0,0;-0,03;0,0;0,0;0,0;0,0;0,0;0,0;0,0;-0,02;0,0
26.07.2026;15:30;15:45;1,17;0,43;-0,19;0,0;-0,02;0,0;0,0;0,0;-0,01;0,0;0,0;0,0;-0,08;0,0;-0,02;0,0;-0,01;0,0;0,0;0,0;0,0;0,0;0,0;0,0;-0,02;0,0;0,0;0,0;-0,01;0,0;0,0;0,0;-0,08;0,0;-0,02;0,0;-0,01;0,0;-0,1;-0,01;0,0;0,0;-0,12;-0,03;-0,01;0,0;-0,04;0,0;-0,01;0,0;-0,01;0,0;0,0;0,0;-0,02;0,0
26.07.2026;15:45;16:00;1,14;0,46;-0,17;0,0;-0,02;0,0;0,0;0,0;-0,01;0,0;-0,01;0,0;-0,04;0,0;-0,02;0,0;-0,01;0,0;0,0;0,0;0,0;0,0;0,0;0,0;-0,01;0,0;0,0;0,0;-0,01;0,0;-0,01;0,0;-0,08;0,0;-0,03;0,0;0,0;0,0;-0,1;-0,01;0,0;0,0;-0,17;-0,08;0,0;0,0;-0,04;0,0;0,0;0,0;-0,01;0,0;-0,01;0,0;-0,02;0,0
26.07.2026;16:00;16:15;1,32;0,66;-0,17;0,0;-0,02;0,0;0,0;0,0;-0,02;0,0;0,0;0,0;-0,03;0,0;-0,01;0,0;-0,02;0,0;0,0;0,0;0,0;0,0;0,0;0,0;0,0;0,0;-0,01;0,0;-0,01;0,0;0,0;0,0;-0,08;0,0;-0,02;0,0;0,0;0,0;-0,06;0,0;0,0;0,0;-0,26;-0,13;-0,01;0,0;-0,03;0,0;0,0;0,0;-0,01;0,0;-0,01;0,0;-0,02;0,0
26.07.2026;16:15;16:30;1,26;0,54;-0,24;0,0;-0,02;0,0;-0,01;0,0;-0,01;0,0;0,0;0,0;-0,04;0,0;-0,02;0,0;-0,01;0,0;0,0;0,0;0,0;0,0;0,0;0,0;-0,01;0,0;0,0;0,0;-0,01;0,0;0,0;0,0;-0,07;0,0;-0,03;0,0;-0,01;0,0;-0,07;0,0;0,0;0,0;-0,22;-0,12;-0,01;0,0;-0,03;0,0;0,0;0,0;-0,01;0,0;0,0;0,0;-0,02;0,0
26.07.2026;16:30;16:45;0,36;0,12;-0,16;-0,09;-0,02;-0,01;0,0;0,0;-0,01;0,0;0,0;0,0;-0,03;-0,02;-0,02;-0,01;-0,01;0,0;0,0;0,0;-0,01;0,0;0,0;0,0;-0,02;-0,01;0,0;0,0;-0,02;-0,01;0,0;0,0;-0,08;-0,07;-0,06;-0,05;-0,01;0,0;-0,06;-0,05;0,0;0,0;-0,08;-0,07;-0,01;0,0;-0,03;-0,02;0,0;0,0;-0,01;0,0;0,0;0,0;-0,01;0,0
26.07.2026;16:45;17:00;0,0;0,0;-0,26;-0,26;-0,01;-0,01;0,0;0,0;-0,01;-0,01;0,0;0,0;-0,03;-0,03;-0,02;-0,02;-0,01;-0,01;0,0;0,0;0,0;0,0;0,0;0,0;-0,02;-0,02;0,0;0,0;0,0;0,0;0,0;0,0;-0,06;-0,06;-0,05;-0,05;0,0;0,0;-0,07;-0,07;0,0;0,0;-0,03;-0,03;-0,01;-0,01;-0,03;-0,03;0,0;0,0;-0,01;-0,01;-0,01;-0,01;-0,16;-0,16
26.07.2026;17:00;17:15;0,0;0,0;-0,19;-0,19;-0,02;-0,02;0,0;0,0;0,0;0,0;0,0;0,0;-0,02;-0,02;-0,02;-0,02;-0,01;-0,01;0,0;0,0;0,0;0,0;0,0;0,0;0,0;0,0;0,0;0,0;-0,02;-0,02;0,0;0,0;-0,02;-0,02;-0,07;-0,07;-0,03;-0,03;-0,06;-0,06;0,0;0,0;-0,02;-0,02;-0,01;-0,01;-0,02;-0,02;0,0;0,0;-0,01;-0,01;0,0;0,0;-0,25;-0,25
26.07.2026;17:15;17:30;0,52;0,15;-0,23;-0,14;-0,03;-0,01;0,0;0,0;-0,02;0,0;0,0;0,0;-0,03;-0,01;-0,01;0,0;-0,01;0,0;0,0;0,0;0,0;0,0;-0,01;0,0;-0,03;-0,01;0,0;0,0;-0,01;0,0;0,0;0,0;-0,01;0,0;-0,06;-0,04;-0,03;-0,01;-0,07;-0,05;0,0;0,0;-0,09;-0,07;-0,01;0,0;-0,02;0,0;0,0;0,0;-0,01;0,0;-0,01;0,0;-0,06;-0,04
26.07.2026;17:30;17:45;0,74;0,21;-0,19;-0,04;-0,02;0,0;0,0;0,0;-0,01;0,0;0,0;0,0;-0,08;-0,04;-0,01;0,0;-0,01;0,0;0,0;0,0;0,0;0,0;0,0;0,0;-0,18;-0,14;0,0;0,0;-0,01;0,0;0,0;0,0;-0,56;-0,52;-0,07;-0,03;-0,03;0,0;-0,02;0,0;0,0;0,0;-0,48;-0,44;0,0;0,0;-0,01;0,0;-0,01;0,0;-0,01;0,0;0,0;0,0;-0,07;-0,03
26.07.2026;17:45;18:00;0,53;0,19;-0,21;-0,11;-0,01;0,0;0,0;0,0;-0,01;0,0;-0,01;0,0;-0,04;-0,02;0,0;0,0;-0,02;0,0;0,0;0,0;0,0;0,0;0,0;0,0;-0,15;-0,13;0,0;0,0;-0,01;0,0;0,0;0,0;-0,36;-0,34;-0,11;-0,09;-0,01;0,0;-0,02;0,0;0,0;0,0;-0,44;-0,42;-0,01;0,0;-0,1;-0,08;0,0;0,0;0,0;0,0;0,0;0,0;-0,06;-0,04
26.07.2026;18:00;18:15;0,33;0,11;-0,26;-0,22;-0,02;-0,01;0,0;0,0;-0,02;-0,01;0,0;0,0;-0,04;-0,03;-0,02;-0,01;-0,01;0,0;0,0;0,0;0,0;0,0;0,0;0,0;-0,04;-0,03;-0,01;0,0;-0,01;0,0;0,0;0,0;-0,02;-0,01;-0,06;-0,05;-0,01;0,0;-0,02;-0,01;0,0;0,0;-0,12;-0,11;-0,01;0,0;-0,2;-0,19;0,0;0,0;-0,02;-0,01;-0,01;0,0;-0,05;-0,04
26.07.2026;18:15;18:30;0,29;0,11;-0,2;-0,16;-0,02;-0,01;0,0;0,0;-0,01;0,0;0,0;0,0;-0,03;-0,02;-0,02;-0,01;-0,01;0,0;0,0;0,0;0,0;0,0;0,0;0,0;-0,04;-0,03;0,0;0,0;-0,01;0,0;-0,01;0,0;-0,01;0,0;-0,07;-0,06;0,0;0,0;0,0;0,0;0,0;0,0;-0,07;-0,06;-0,01;0,0;-0,16;-0,15;0,0;0,0;0,0;0,0;0,0;0,0;-0,04;-0,03
26.07.2026;18:30;18:45;0,22;0,17;-0,25;-0,2;-0,03;-0,03;0,0;0,0;-0,02;-0,02;0,0;0,0;-0,05;-0,05;-0,02;-0,02;-0,02;-0,02;0,0;0,0;0,0;0,0;0,0;0,0;-0,03;-0,03;0,0;0,0;-0,01;-0,01;0,0;0,0;-0,01;-0,01;-0,06;-0,06;-0,01;-0,01;0,0;0,0;0,0;0,0;-0,15;-0,15;-0,01;-0,01;-0,16;-0,16;0,0;0,0;-0,02;-0,02;0,0;0,0;-0,04;-0,04
26.07.2026;18:45;19:00;0,19;0,14;-0,2;-0,15;-0,06;-0,06;0,0;0,0;0,0;0,0;0,0;0,0;-0,04;-0,04;-0,02;-0,02;-0,01;-0,01;0,0;0,0;0,0;0,0;0,0;0,0;-0,03;-0,03;0,0;0,0;-0,01;-0,01;0,0;0,0;-0,05;-0,05;-0,06;-0,06;0,0;0,0;-0,01;-0,01;0,0;0,0;-0,07;-0,07;-0,01;-0,01;-0,16;-0,16;0,0;0,0;0,0;0,0;-0,01;-0,01;-0,04;-0,04
26.07.2026;19:00;19:15;0,14;0,11;-0,28;-0,25;-0,24;-0,24;0,0;0,0;-0,01;-0,01;0,0;0,0;-0,04;-0,04;-0,02;-0,02;-0,01;-0,01;0,0;0,0;-0,01;-0,01;0,0;0,0;-0,04;-0,04;0,0;0,0;-0,01;-0,01;0,0;0,0;-0,34;-0,34;-0,06;-0,06;0,0;0,0;-0,03;-0,03;0,0;0,0;-0,05;-0,05;-0,01;-0,01;-0,14;-0,14;0,0;0,0;-0,02;-0,02;-0,01;-0,01;-0,04;-0,04
26.07.2026;19:15;19:30;0,07;0,07;-0,2;-0,2;-0,05;-0,05;0,0;0,0;-0,01;-0,01;0,0;0,0;-0,03;-0,03;-0,28;-0,28;-0,01;-0,01;0,0;0,0;0,0;0,0;0,0;0,0;-0,06;-0,06;0,0;0,0;-0,02;-0,02;0,0;0,0;-0,22;-0,22;-0,06;-0,06;0,0;0,0;-0,03;-0,03;0,0;0,0;-0,05;-0,05;-0,01;-0,01;-0,15;-0,15;0,0;0,0;0,0;0,0;0,0;0,0;-0,05;-0,05
26.07.2026;19:30;19:45;0,04;0,04;-0,19;-0,19;-0,05;-0,05;-0,01;-0,01;-0,01;-0,01;0,0;0,0;-0,04;-0,04;-0,04;-0,04;-0,01;-0,01;0,0;0,0;0,0;0,0;0,0;0,0;-0,02;-0,02;0,0;0,0;0,0;0,0;0,0;0,0;-0,1;-0,1;-0,06;-0,06;0,0;0,0;-0,01;-0,01;0,0;0,0;-0,04;-0,04;-0,01;-0,01;-0,2;-0,2;-0,01;-0,01;-0,02;-0,02;0,0;0,0;-0,03;-0,03
26.07.2026;19:45;20:00;0,03;0,03;-0,21;-0,21;-0,1;-0,1;0,0;0,0;-0,02;-0,02;-0,01;-0,01;-0,03;-0,03;-0,42;-0,42;-0,01;-0,01;0,0;0,0;0,0;0,0;0,0;0,0;-0,02;-0,02;0,0;0,0;-0,02;-0,02;0,0;0,0;-0,1;-0,1;-0,06;-0,06;-0,01;-0,01;-0,04;-0,04;0,0;0,0;-0,05;-0,05;-0,01;-0,01;-0,23;-0,23;0,0;0,0;0,0;0,0;-0,01;-0,01;-0,04;-0,04
26.07.2026;20:00;20:15;0,0;0,0;-0,18;-0,18;-0,02;-0,02;0,0;0,0;-0,01;-0,01;0,0;0,0;-0,03;-0,03;-0,15;-0,15;-0,02;-0,02;0,0;0,0;0,0;0,0;0,0;0,0;-0,03;-0,03;0,0;0,0;-0,01;-0,01;0,0;0,0;-0,11;-0,11;-0,06;-0,06;0,0;0,0;-0,34;-0,34;0,0;0,0;-0,02;-0,02;-0,01;-0,01;-0,15;-0,15;0,0;0,0;-0,01;-0,01;0,0;0,0;-0,05;-0,05
26.07.2026;20:15;20:30;0,0;0,0;-0,26;-0,26;-0,03;-0,03;0,0;0,0;-0,01;-0,01;0,0;0,0;-0,04;-0,04;-0,11;-0,11;0,0;0,0;-0,01;-0,01;0,0;0,0;0,0;0,0;-0,03;-0,03;-0,01;-0,01;-0,01;-0,01;0,0;0,0;-0,1;-0,1;-0,05;-0,05;0,0;0,0;-0,26;-0,26;0,0;0,0;-0,02;-0,02;0,0;0,0;-0,15;-0,15;0,0;0,0;-0,16;-0,16;-0,01;-0,01;-0,04;-0,04
26.07.2026;20:30;20:45;0,0;0,0;-0,28;-0,28;-0,04;-0,04;0,0;0,0;-0,01;-0,01;0,0;0,0;-0,03;-0,03;-0,07;-0,07;-0,02;-0,02;0,0;0,0;0,0;0,0;0,0;0,0;-0,01;-0,01;0,0;0,0;-0,01;-0,01;0,0;0,0;-0,11;-0,11;-0,07;-0,07;0,0;0,0;-0,43;-0,43;0,0;0,0;-0,18;-0,18;-0,01;-0,01;-0,27;-0,27;0,0;0,0;-0,05;-0,05;0,0;0,0;-0,04;-0,04
26.07.2026;20:45;21:00;0,01;0,01;-0,2;-0,2;-0,03;-0,03;0,0;0,0;-0,01;-0,01;0,0;0,0;-0,08;-0,08;-0,08;-0,08;-0,01;-0,01;0,0;0,0;0,0;0,0;0,0;0,0;-0,02;-0,02;0,0;0,0;-0,01;-0,01;-0,01;-0,01;-0,11;-0,11;-0,06;-0,06;0,0;0,0;-0,09;-0,09;0,0;0,0;-0,62;-0,62;-0,01;-0,01;-0,18;-0,18;0,0;0,0;-0,05;-0,05;0,0;0,0;-0,04;-0,04
26.07.2026;21:00;21:15;0,0;0,0;-0,22;-0,22;-0,03;-0,03;0,0;0,0;0,0;0,0;0,0;0,0;-0,1;-0,1;-0,4;-0,4;0,0;0,0;0,0;0,0;0,0;0,0;0,0;0,0;-0,03;-0,03;0,0;0,0;-0,02;-0,02;0,0;0,0;-0,1;-0,1;-0,03;-0,03;0,0;0,0;-0,03;-0,03;0,0;0,0;-0,52;-0,52;-0,01;-0,01;-0,2;-0,2;0,0;0,0;-0,03;-0,03;-0,01;-0,01;-0,03;-0,03
26.07.2026;21:15;21:30;0,0;0,0;-0,18;-0,18;-0,04;-0,04;0,0;0,0;-0,02;-0,02;0,0;0,0;-0,04;-0,04;-0,06;-0,06;-0,01;-0,01;0,0;0,0;0,0;0,0;0,0;0,0;-0,02;-0,02;0,0;0,0;-0,06;-0,06;0,0;0,0;-0,08;-0,08;-0,04;-0,04;-0,01;-0,01;-0,03;-0,03;0,0;0,0;-0,27;-0,27;-0,01;-0,01;-0,13;-0,13;0,0;0,0;-0,04;-0,04;0,0;0,0;-0,03;-0,03
26.07.2026;21:30;21:45;0,0;0,0;-0,18;-0,18;-0,04;-0,04;0,0;0,0;-0,01;-0,01;0,0;0,0;-0,03;-0,03;-0,06;-0,06;-0,01;-0,01;0,0;0,0;-0,01;-0,01;0,0;0,0;-0,01;-0,01;0,0;0,0;-0,05;-0,05;0,0;0,0;-0,05;-0,05;-0,04;-0,04;0,0;0,0;-0,02;-0,02;0,0;0,0;-0,22;-0,22;-0,01;-0,01;-0,12;-0,12;-0,01;-0,01;-0,03;-0,03;-0,01;-0,01;-0,04;-0,04
26.07.2026;21:45;22:00;0,0;0,0;-0,17;-0,17;-0,03;-0,03;0,0;0,0;-0,02;-0,02;-0,01;-0,01;-0,04;-0,04;-0,02;-0,02;0,0;0,0;0,0;0,0;0,0;0,0;0,0;0,0;0,0;0,0;0,0;0,0;-0,04;-0,04;0,0;0,0;-0,43;-0,43;-0,03;-0,03;0,0;0,0;-0,02;-0,02;0,0;0,0;-0,39;-0,39;-0,01;-0,01;-0,12;-0,12;0,0;0,0;-0,38;-0,38;0,0;0,0;-0,03;-0,03
26.07.2026;22:00;22:15;0,0;0,0;-0,2;-0,2;-0,04;-0,04;0,0;0,0;-0,01;-0,01;0,0;0,0;-0,15;-0,15;-0,03;-0,03;-0,01;-0,01;0,0;0,0;0,0;0,0;0,0;0,0;-0,01;-0,01;0,0;0,0;-0,04;-0,04;0,0;0,0;-0,06;-0,06;-0,06;-0,06;0,0;0,0;-0,03;-0,03;0,0;0,0;-0,08;-0,08;0,0;0,0;-0,11;-0,11;0,0;0,0;-0,52;-0,52;-0,01;-0,01;-0,02;-0,02
26.07.2026;22:15;22:30;0,0;0,0;-0,17;-0,17;-0,03;-0,03;0,0;0,0;-0,01;-0,01;0,0;0,0;-0,49;-0,49;-0,02;-0,02;0,0;0,0;0,0;0,0;0,0;0,0;-0,01;-0,01;-0,02;-0,02;-0,01;-0,01;-0,07;-0,07;0,0;0,0;-0,04;-0,04;-0,04;-0,04;0,0;0,0;-0,03;-0,03;0,0;0,0;-0,07;-0,07;-0,02;-0,02;-0,04;-0,04;0,0;0,0;-0,43;-0,43;0,0;0,0;-0,03;-0,03
26.07.2026;22:30;22:45;0,0;0,0;-0,17;-0,17;-0,04;-0,04;0,0;0,0;0,0;0,0;0,0;0,0;-0,13;-0,13;-0,02;-0,02;0,0;0,0;0,0;0,0;0,0;0,0;0,0;0,0;-0,01;-0,01;0,0;0,0;-0,07;-0,07;0,0;0,0;-0,05;-0,05;-0,06;-0,06;0,0;0,0;-0,03;-0,03;0,0;0,0;-0,08;-0,08;-0,01;-0,01;-0,06;-0,06;0,0;0,0;-0,15;-0,15;0,0;0,0;-0,02;-0,02
26.07.2026;22:45;23:00;0,0;0,0;-0,18;-0,18;-0,04;-0,04;0,0;0,0;-0,01;-0,01;0,0;0,0;-0,2;-0,2;-0,02;-0,02;-0,01;-0,01;0,0;0,0;0,0;0,0;0,0;0,0;-0,01;-0,01;0,0;0,0;-0,02;-0,02;0,0;0,0;-0,19;-0,19;-0,04;-0,04;-0,01;-0,01;-0,01;-0,01;0,0;0,0;-0,08;-0,08;0,0;0,0;-0,02;-0,02;0,0;0,0;-0,04;-0,04;-0,01;-0,01;-0,02;-0,02
26.07.2026;23:00;23:15;0,0;0,0;-0,18;-0,18;-0,02;-0,02;-0,01;-0,01;-0,02;-0,02;0,0;0,0;-0,01;-0,01;-0,03;-0,03;0,0;0,0;0,0;0,0;0,0;0,0;0,0;0,0;0,0;0,0;0,0;0,0;-0,02;-0,02;0,0;0,0;-0,21;-0,21;-0,05;-0,05;0,0;0,0;-0,01;-0,01;0,0;0,0;-0,35;-0,35;-0,01;-0,01;-0,01;-0,01;0,0;0,0;-0,04;-0,04;-0,01;-0,01;-0,11;-0,11
26.07.2026;23:15;23:30;0,0;0,0;-0,17;-0,17;-0,03;-0,03;0,0;0,0;-0,01;-0,01;0,0;0,0;-0,01;-0,01;-0,03;-0,03;0,0;0,0;0,0;0,0;0,0;0,0;0,0;0,0;-0,02;-0,02;0,0;0,0;-0,02;-0,02;-0,01;-0,01;-0,16;-0,16;-0,04;-0,04;0,0;0,0;-0,01;-0,01;0,0;0,0;-0,12;-0,12;-0,01;-0,01;-0,02;-0,02;0,0;0,0;-0,04;-0,04;0,0;0,0;-0,11;-0,11
26.07.2026;23:30;23:45;0,0;0,0;-0,16;-0,16;-0,04;-0,04;0,0;0,0;-0,02;-0,02;0,0;0,0;-0,01;-0,01;-0,03;-0,03;-0,01;-0,01;0,0;0,0;0,0;0,0;0,0;0,0;-0,02;-0,02;0,0;0,0;-0,01;-0,01;0,0;0,0;-0,04;-0,04;-0,05;-0,05;0,0;0,0;-0,04;-0,04;-0,25;-0,25;-0,04;-0,04;-0,01;-0,01;-0,02;-0,02;-0,01;-0,01;-0,04;-0,04;0,0;0,0;-0,07;-0,07
26.07.2026;23:45;00:00;0,0;0,0;-0,18;-0,18;-0,03;-0,03;0,0;0,0;-0,01;-0,01;-0,01;-0,01;-0,01;-0,01;-0,03;-0,03;-0,01;-0,01;0,0;0,0;0,0;0,0;0,0;0,0;0,0;0,0;0,0;0,0;-0,01;-0,01;0,0;0,0;-0,03;-0,03;-0,05;-0,05;0,0;0,0;-0,03;-0,03;0,0;0,0;-0,03;-0,03;-0,01;-0,01;-0,01;-0,01;0,0;0,0;-0,02;-0,02;-0,01;-0,01;-0,06;-0,06
27.07.2026;00:00;00:15;0,0;0,0;-0,17;-0,17;-0,03;-0,03;0,0;0,0;0,0;0,0;0,0;0,0;-0,01;-0,01;-0,02;-0,02;-0,01;-0,01;0,0;0,0;-0,01;-0,01;0,0;0,0;-0,01;-0,01;0,0;0,0;-0,02;-0,02;0,0;0,0;-0,02;-0,02;-0,04;-0,04;-0,01;-0,01;-0,02;-0,02;0,0;0,0;-0,03;-0,03;-0,01;-0,01;-0,02;-0,02;0,0;0,0;-0,03;-0,03;0,0;0,0;-0,03;-0,03
27.07.2026;00:15;00:30;0,0;0,0;-0,17;-0,17;-0,03;-0,03;0,0;0,0;-0,01;-0,01;0,0;0,0;-0,01;-0,01;-0,02;-0,02;0,0;0,0;0,0;0,0;0,0;0,0;0,0;0,0;-0,01;-0,01;-0,01;-0,01;-0,01;-0,01;0,0;0,0;-0,03;-0,03;-0,05;-0,05;0,0;0,0;-0,03;-0,03;0,0;0,0;-0,38;-0,38;-0,01;-0,01;-0,02;-0,02;0,0;0,0;-0,02;-0,02;0,0;0,0;-0,02;-0,02
27.07.2026;00:30;00:45;0,0;0,0;-0,16;-0,16;-0,03;-0,03;0,0;0,0;-0,01;-0,01;0,0;0,0;-0,01;-0,01;-0,02;-0,02;-0,01;-0,01;0,0;0,0;0,0;0,0;0,0;0,0;-0,02;-0,02;0,0;0,0;-0,01;-0,01;0,0;0,0;-0,02;-0,02;-0,04;-0,04;0,0;0,0;-0,02;-0,02;0,0;0,0;-0,3;-0,3;0,0;0,0;-0,01;-0,01;0,0;0,0;-0,02;-0,02;-0,01;-0,01;-0,02;-0,02
27.07.2026;00:45;01:00;0,0;0,0;-0,17;-0,17;-0,04;-0,04;0,0;0,0;-0,02;-0,02;0,0;0,0;-0,01;-0,01;-0,02;-0,02;0,0;0,0;0,0;0,0;0,0;0,0;0,0;0,0;-0,01;-0,01;0,0;0,0;-0,01;-0,01;0,0;0,0;-0,01;-0,01;-0,04;-0,04;0,0;0,0;-0,02;-0,02;0,0;0,0;-0,16;-0,16;-0,01;-0,01;-0,02;-0,02;0,0;0,0;-0,02;-0,02;0,0;0,0;-0,02;-0,02
27.07.2026;01:00;01:15;0,0;0,0;-0,17;-0,17;-0,03;-0,03;0,0;0,0;-0,01;-0,01;0,0;0,0;-0,01;-0,01;-0,02;-0,02;-0,01;-0,01;0,0;0,0;0,0;0,0;0,0;0,0;0,0;0,0;0,0;0,0;-0,02;-0,02;0,0;0,0;-0,01;-0,01;-0,04;-0,04;0,0;0,0;-0,01;-0,01;0,0;0,0;-0,19;-0,19;-0,01;-0,01;-0,01;-0,01;0,0;0,0;-0,02;-0,02;-0,01;-0,01;-0,02;-0,02
27.07.2026;01:15;01:30;0,0;0,0;-0,16;-0,16;-0,02;-0,02;0,0;0,0;-0,01;-0,01;0,0;0,0;-0,01;-0,01;-0,01;-0,01;-0,01;-0,01;-0,01;-0,01;0,0;0,0;0,0;0,0;-0,01;-0,01;0,0;0,0;-0,01;-0,01;0,0;0,0;-0,01;-0,01;-0,03;-0,03;0,0;0,0;-0,01;-0,01;0,0;0,0;-0,18;-0,18;-0,01;-0,01;-0,02;-0,02;0,0;0,0;-0,02;-0,02;0,0;0,0;-0,01;-0,01
27.07.2026;01:30;01:45;0,0;0,0;-0,16;-0,16;-0,03;-0,03;0,0;0,0;-0,01;-0,01;0,0;0,0;-0,01;-0,01;-0,01;-0,01;-0,01;-0,01;0,0;0,0;0,0;0,0;0,0;0,0;-0,02;-0,02;0,0;0,0;-0,01;-0,01;0,0;0,0;-0,01;-0,01;-0,03;-0,03;-0,01;-0,01;0,0;0,0;0,0;0,0;-0,04;-0,04;-0,01;-0,01;-0,01;-0,01;-0,01;-0,01;-0,02;-0,02;0,0;0,0;-0,02;-0,02
27.07.2026;01:45;02:00;0,0;0,0;-0,15;-0,15;-0,04;-0,04;0,0;0,0;-0,01;-0,01;-0,01;-0,01;0,0;0,0;-0,02;-0,02;0,0;0,0;0,0;0,0;0,0;0,0;0,0;0,0;-0,01;-0,01;0,0;0,0;-0,01;-0,01;-0,01;-0,01;-0,02;-0,02;-0,03;-0,03;0,0;0,0;-0,02;-0,02;0,0;0,0;-0,04;-0,04;-0,01;-0,01;-0,02;-0,02;0,0;0,0;0,0;0,0;-0,01;-0,01;-0,02;-0,02
27.07.2026;02:00;02:15;0,0;0,0;-0,16;-0,16;-0,02;-0,02;0,0;0,0;-0,01;-0,01;0,0;0,0;-0,01;-0,01;-0,02;-0,02;-0,01;-0,01;0,0;0,0;0,0;0,0;0,0;0,0;-0,01;-0,01;0,0;0,0;-0,01;-0,01;0,0;0,0;-0,02;-0,02;-0,02;-0,02;0,0;0,0;0,0;0,0;0,0;0,0;-0,06;-0,06;-0,01;-0,01;-0,01;-0,01;0,0;0,0;-0,01;-0,01;0,0;0,0;-0,03;-0,03
27.07.2026;02:15;02:30;0,0;0,0;-0,17;-0,17;0,0;0,0;-0,01;-0,01;-0,01;-0,01;0,0;0,0;-0,01;-0,01;-0,02;-0,02;0,0;0,0;0,0;0,0;0,0;0,0;0,0;0,0;0,0;0,0;-0,01;-0,01;-0,01;-0,01;0,0;0,0;-0,02;-0,02;-0,04;-0,04;0,0;0,0;-0,01;-0,01;0,0;0,0;-0,02;-0,02;0,0;0,0;-0,02;-0,02;0,0;0,0;-0,01;-0,01;-0,01;-0,01;-0,02;-0,02
27.07.2026;02:30;02:45;0,0;0,0;-0,16;-0,16;-0,01;-0,01;0,0;0,0;-0,02;-0,02;0,0;0,0;-0,01;-0,01;-0,02;-0,02;-0,01;-0,01;0,0;0,0;-0,01;-0,01;0,0;0,0;-0,01;-0,01;0,0;0,0;-0,02;-0,02;0,0;0,0;-0,03;-0,03;-0,03;-0,03;0,0;0,0;-0,01;-0,01;0,0;0,0;-0,1;-0,1;-0,01;-0,01;-0,01;-0,01;0,0;0,0;-0,01;-0,01;0,0;0,0;-0,02;-0,02
27.07.2026;02:45;03:00;0,0;0,0;-0,16;-0,16;-0,03;-0,03;0,0;0,0;-0,01;-0,01;0,0;0,0;-0,01;-0,01;-0,02;-0,02;0,0;0,0;0,0;0,0;0,0;0,0;0,0;0,0;-0,02;-0,02;0,0;0,0;-0,01;-0,01;0,0;0,0;-0,02;-0,02;-0,04;-0,04;0,0;0,0;-0,02;-0,02;0,0;0,0;-0,14;-0,14;-0,02;-0,02;-0,02;-0,02;0,0;0,0;-0,01;-0,01;-0,01;-0,01;-0,03;-0,03
27.07.2026;03:00;03:15;0,0;0,0;-0,16;-0,16;-0,04;-0,04;0,0;0,0;0,0;0,0;0,0;0,0;-0,01;-0,01;-0,02;-0,02;-0,01;-0,01;0,0;0,0;0,0;0,0;0,0;0,0;-0,01;-0,01;0,0;0,0;-0,01;-0,01;0,0;0,0;-0,02;-0,02;-0,03;-0,03;-0,01;-0,01;-0,01;-0,01;0,0;0,0;-0,16;-0,16;0,0;0,0;-0,01;-0,01;0,0;0,0;-0,01;-0,01;0,0;0,0;-0,02;-0,02
27.07.2026;03:15;03:30;0,0;0,0;-0,17;-0,17;-0,03;-0,03;0,0;0,0;-0,01;-0,01;0,0;0,0;-0,01;-0,01;-0,02;-0,02;-0,01;-0,01;0,0;0,0;0,0;0,0;-0,01;-0,01;-0,01;-0,01;0,0;0,0;-0,01;-0,01;0,0;0,0;-0,02;-0,02;-0,03;-0,03;0,0;0,0;0,0;0,0;0,0;0,0;-0,16;-0,16;-0,01;-0,01;-0,01;-0,01;0,0;0,0;-0,01;-0,01;0,0;0,0;-0,01;-0,01
27.07.2026;03:30;03:45;0,0;0,0;-0,16;-0,16;-0,02;-0,02;0,0;0,0;-0,02;-0,02;0,0;0,0;-0,01;-0,01;-0,02;-0,02;0,0;0,0;0,0;0,0;0,0;0,0;0,0;0,0;0,0;0,0;0,0;0,0;-0,01;-0,01;0,0;0,0;-0,02;-0,02;-0,04;-0,04;0,0;0,0;-0,01;-0,01;0,0;0,0;-0,04;-0,04;-0,01;-0,01;-0,02;-0,02;-0,01;-0,01;-0,01;-0,01;-0,01;-0,01;-0,02;-0,02
27.07.2026;03:45;04:00;0,0;0,0;-0,17;-0,17;-0,03;-0,03;0,0;0,0;-0,01;-0,01;-0,01;-0,01;-0,01;-0,01;-0,02;-0,02;-0,01;-0,01;0,0;0,0;0,0;0,0;0,0;0,0;-0,02;-0,02;0,0;0,0;-0,02;-0,02;0,0;0,0;-0,01;-0,01;-0,03;-0,03;0,0;0,0;-0,01;-0,01;0,0;0,0;-0,03;-0,03;-0,01;-0,01;-0,01;-0,01;0,0;0,0;-0,01;-0,01;-0,01;-0,01;-0,02;-0,02
27.07.2026;04:00;04:15;0,0;0,0;-0,16;-0,16;-0,03;-0,03;0,0;0,0;-0,01;-0,01;0,0;0,0;-0,01;-0,01;-0,02;-0,02;0,0;0,0;0,0;0,0;0,0;0,0;0,0;0,0;-0,01;-0,01;0,0;0,0;-0,01;-0,01;0,0;0,0;-0,01;-0,01;-0,02;-0,02;0,0;0,0;-0,01;-0,01;0,0;0,0;-0,02;-0,02;-0,01;-0,01;-0,02;-0,02;0,0;0,0;-0,01;-0,01;0,0;0,0;-0,03;-0,03
27.07.2026;04:15;04:30;0,0;0,0;-0,16;-0,16;-0,02;-0,02;0,0;0,0;-0,01;-0,01;0,0;0,0;-0,01;-0,01;-0,02;-0,02;-0,01;-0,01;0,0;0,0;0,0;0,0;0,0;0,0;-0,01;-0,01;-0,01;-0,01;-0,01;-0,01;-0,01;-0,01;-0,01;-0,01;-0,01;-0,01;0,0;0,0;-0,01;-0,01;0,0;0,0;-0,01;-0,01;-0,01;-0,01;-0,01;-0,01;0,0;0,0;-0,01;-0,01;0,0;0,0;-0,02;-0,02
27.07.2026;04:30;04:45;0,0;0,0;-0,17;-0,17;0,0;0,0;0,0;0,0;-0,01;-0,01;0,0;0,0;-0,01;-0,01;-0,02;-0,02;-0,01;-0,01;0,0;0,0;0,0;0,0;0,0;0,0;-0,01;-0,01;0,0;0,0;-0,01;-0,01;0,0;0,0;-0,01;-0,01;-0,01;-0,01;-0,01;-0,01;-0,01;-0,01;0,0;0,0;-0,02;-0,02;-0,01;-0,01;-0,02;-0,02;0,0;0,0;-0,01;-0,01;0,0;0,0;-0,02;-0,02
27.07.2026;04:45;05:00;0,0;0,0;-0,17;-0,17;-0,02;-0,02;0,0;0,0;-0,01;-0,01;0,0;0,0;-0,01;-0,01;-0,02;-0,02;0,0;0,0;0,0;0,0;0,0;0,0;0,0;0,0;0,0;0,0;0,0;0,0;-0,01;-0,01;0,0;0,0;-0,02;-0,02;-0,01;-0,01;0,0;0,0;-0,01;-0,01;0,0;0,0;-0,03;-0,03;0,0;0,0;-0,01;-0,01;0,0;0,0;-0,01;-0,01;-0,01;-0,01;-0,02;-0,02
27.07.2026;05:00;05:15;0,0;0,0;-0,17;-0,17;-0,03;-0,03;0,0;0,0;-0,01;-0,01;0,0;0,0;-0,01;-0,01;-0,01;-0,01;-0,01;-0,01;0,0;0,0;-0,01;-0,01;0,0;0,0;-0,02;-0,02;0,0;0,0;-0,01;-0,01;0,0;0,0;-0,03;-0,03;-0,02;-0,02;0,0;0,0;-0,01;-0,01;0,0;0,0;-0,03;-0,03;-0,01;-0,01;-0,02;-0,02;0,0;0,0;0,0;0,0;0,0;0,0;-0,02;-0,02
27.07.2026;05:15;05:30;0,0;0,0;-0,18;-0,18;-0,04;-0,04;0,0;0,0;-0,02;-0,02;0,0;0,0;-0,01;-0,01;0,0;0,0;-0,01;-0,01;0,0;0,0;0,0;0,0;0,0;0,0;-0,02;-0,02;0,0;0,0;-0,02;-0,02;0,0;0,0;-0,02;-0,02;-0,01;-0,01;0,0;0,0;-0,01;-0,01;0,0;0,0;0,0;0,0;-0,01;-0,01;-0,01;-0,01;0,0;0,0;-0,02;-0,02;-0,01;-0,01;-0,02;-0,02
27.07.2026;05:30;05:45;0,0;0,0;-0,19;-0,19;-0,12;-0,12;-0,01;-0,01;-0,01;-0,01;0,0;0,0;0,0;0,0;-0,13;-0,13;0,0;0,0;0,0;0,0;0,0;0,0;0,0;0,0;0,0;0,0;0,0;0,0;0,0;0,0;0,0;0,0;-0,02;-0,02;-0,03;-0,03;0,0;0,0;-0,02;-0,02;0,0;0,0;-0,03;-0,03;-0,01;-0,01;-0,03;-0,03;-0,01;-0,01;0,0;0,0;0,0;0,0;-0,02;-0,02
27.07.2026;05:45;06:00;0,0;0,0;-0,2;-0,2;-0,01;-0,01;0,0;0,0;-0,01;-0,01;-0,01;-0,01;-0,01;-0,01;-0,15;-0,15;-0,01;-0,01;0,0;0,0;0,0;0,0;0,0;0,0;-0,01;-0,01;0,0;0,0;-0,02;-0,02;0,0;0,0;-0,01;-0,01;-0,12;-0,12;-0,01;-0,01;-0,01;-0,01;0,0;0,0;-0,02;-0,02;-0,01;-0,01;-0,04;-0,04;0,0;0,0;-0,02;-0,02;-0,01;-0,01;-0,02;-0,02
27.07.2026;06:00;06:15;0,0;0,0;-0,18;-0,18;-0,14;-0,14;0,0;0,0;0,0;0,0;0,0;0,0;-0,01;-0,01;-0,13;-0,13;0,0;0,0;0,0;0,0;0,0;0,0;0,0;0,0;-0,05;-0,05;0,0;0,0;-0,01;-0,01;0,0;0,0;-0,02;-0,02;-0,03;-0,03;0,0;0,0;-0,01;-0,01;0,0;0,0;-0,01;-0,01;-0,01;-0,01;-0,01;-0,01;0,0;0,0;-0,04;-0,04;0,0;0,0;-0,06;-0,06
27.07.2026;06:15;06:30;0,02;0,02;-0,18;-0,18;-0,01;-0,01;0,0;0,0;-0,02;-0,02;0,0;0,0;-0,01;-0,01;-0,04;-0,04;-0,01;-0,01;-0,01;-0,01;0,0;0,0;0,0;0,0;-0,04;-0,04;-0,01;-0,01;-0,01;-0,01;0,0;0,0;-0,01;-0,01;-0,03;-0,03;0,0;0,0;0,0;0,0;0,0;0,0;0,0;0,0;-0,01;-0,01;-0,02;-0,02;0,0;0,0;-0,02;-0,02;0,0;0,0;-0,03;-0,03
27.07.2026;06:30;06:45;0,02;0,02;-0,18;-0,18;-0,02;-0,02;0,0;0,0;-0,01;-0,01;0,0;0,0;-0,01;-0,01;-0,02;-0,02;0,0;0,0;0,0;0,0;0,0;0,0;0,0;0,0;-0,02;-0,02;0,0;0,0;-0,02;-0,02;0,0;0,0;0,0;0,0;-0,02;-0,02;0,0;0,0;-0,01;-0,01;0,0;0,0;-0,01;-0,01;0,0;0,0;-0,02;-0,02;0,0;0,0;-0,02;-0,02;-0,01;-0,01;-0,04;-0,04
27.07.2026;06:45;07:00;0,09;0,09;-0,19;-0,19;-0,05;-0,05;0,0;0,0;-0,02;-0,02;0,0;0,0;-0,01;-0,01;-0,02;-0,02;-0,01;-0,01;0,0;0,0;0,0;0,0;0,0;0,0;-0,02;-0,02;0,0;0,0;-0,01;-0,01;-0,01;-0,01;-0,01;-0,01;-0,01;-0,01;0,0;0,0;-0,01;-0,01;0,0;0,0;-0,01;-0,01;-0,01;-0,01;-0,01;-0,01;0,0;0,0;-0,01;-0,01;-0,01;-0,01;-0,03;-0,03
27.07.2026;07:00;07:15;0,14;0,11;-0,21;-0,18;-0,04;-0,04;0,0;0,0;0,0;0,0;0,0;0,0;0,0;0,0;-0,03;-0,03;-0,01;-0,01;0,0;0,0;0,0;0,0;0,0;0,0;0,0;0,0;0,0;0,0;-0,01;-0,01;0,0;0,0;-0,01;-0,01;-0,01;-0,01;0,0;0,0;-0,02;-0,02;0,0;0,0;-0,01;-0,01;-0,01;-0,01;-0,02;-0,02;0,0;0,0;-0,02;-0,02;0,0;0,0;-0,04;-0,04
27.07.2026;07:15;07:30;0,16;0,11;-0,25;-0,2;-0,03;-0,03;0,0;0,0;-0,01;-0,01;0,0;0,0;-0,02;-0,02;-0,02;-0,02;-0,01;-0,01;0,0;0,0;0,0;0,0;0,0;0,0;-0,01;-0,01;0,0;0,0;-0,01;-0,01;0,0;0,0;-0,02;-0,02;-0,01;-0,01;-0,01;-0,01;-0,02;-0,02;0,0;0,0;-0,01;-0,01;-0,01;-0,01;-0,01;-0,01;0,0;0,0;0,0;0,0;0,0;0,0;-0,03;-0,03
27.07.2026;07:30;07:45;0,11;0,11;-0,32;-0,32;-0,04;-0,04;0,0;0,0;-0,01;-0,01;0,0;0,0;-0,02;-0,02;-0,01;-0,01;0,0;0,0;0,0;0,0;-0,01;-0,01;0,0;0,0;-0,02;-0,02;0,0;0,0;-0,01;-0,01;0,0;0,0;-0,01;-0,01;-0,02;-0,02;0,0;0,0;0,0;0,0;0,0;0,0;-0,01;-0,01;-0,01;-0,01;-0,02;-0,02;-0,01;-0,01;-0,01;-0,01;-0,01;-0,01;-0,02;-0,02
27.07.2026;07:45;08:00;0,14;0,11;-0,17;-0,14;-0,03;-0,03;0,0;0,0;-0,02;-0,02;-0,01;-0,01;-0,01;-0,01;-0,02;-0,02;0,0;0,0;0,0;0,0;0,0;0,0;0,0;0,0;-0,01;-0,01;0,0;0,0;-0,01;-0,01;0,0;0,0;-0,01;-0,01;-0,02;-0,02;0,0;0,0;-0,01;-0,01;0,0;0,0;-0,01;-0,01;-0,01;-0,01;-0,02;-0,02;0,0;0,0;-0,01;-0,01;-0,01;-0,01;-0,02;-0,02
27.07.2026;08:00;08:15;0,17;0,12;-0,19;-0,14;-0,05;-0,05;0,0;0,0;-0,01;-0,01;0,0;0,0;-0,01;-0,01;-0,02;-0,02;-0,01;-0,01;0,0;0,0;0,0;0,0;0,0;0,0;0,0;0,0;0,0;0,0;-0,02;-0,02;0,0;0,0;-0,02;-0,02;-0,02;-0,02;0,0;0,0;-0,01;-0,01;-0,25;-0,25;-0,02;-0,02;-0,01;-0,01;-0,03;-0,03;0,0;0,0;-0,02;-0,02;0,0;0,0;-0,03;-0,03
27.07.2026;08:15;08:30;0,37;0,14;-0,26;-0,19;-0,05;-0,04;0,0;0,0;-0,01;0,0;0,0;0,0;-0,01;0,0;-0,03;-0,02;-0,04;-0,03;0,0;0,0;0,0;0,0;-0,01;0,0;-0,01;0,0;-0,01;0,0;-0,01;0,0;0,0;0,0;-0,01;0,0;-0,02;-0,01;0,0;0,0;-0,01;0,0;0,0;0,0;-0,01;0,0;0,0;0,0;-0,02;-0,01;0,0;0,0;-0,26;-0,25;0,0;0,0;-0,01;0,0
27.07.2026;08:30;08:45;0,0;0,0;-0,21;-0,21;-0,05;-0,05;0,0;0,0;0,0;0,0;0,0;0,0;-0,33;-0,33;-0,05;-0,05;-0,01;-0,01;0,0;0,0;0,0;0,0;0,0;0,0;-0,01;-0,01;0,0;0,0;-0,01;-0,01;0,0;0,0;-0,02;-0,02;-0,03;-0,03;0,0;0,0;-0,01;-0,01;0,0;0,0;-0,02;-0,02;-0,01;-0,01;-0,03;-0,03;0,0;0,0;-0,03;-0,03;-0,01;-0,01;-0,01;-0,01
27.07.2026;08:45;09:00;0,0;0,0;-0,2;-0,2;-0,03;-0,03;0,0;0,0;-0,01;-0,01;0,0;0,0;-0,05;-0,05;-0,05;-0,05;-0,01;-0,01;0,0;0,0;0,0;0,0;0,0;0,0;-0,02;-0,02;0,0;0,0;-0,02;-0,02;0,0;0,0;-0,01;-0,01;-0,07;-0,07;-0,01;-0,01;-0,01;-0,01;0,0;0,0;-0,02;-0,02;-0,02;-0,02;-0,05;-0,05;0,0;0,0;-0,04;-0,04;-0,01;-0,01;-0,02;-0,02
27.07.2026;09:00;09:15;0,26;0,19;-0,2;-0,13;-0,05;-0,05;-0,01;-0,01;-0,02;-0,02;0,0;0,0;-0,02;-0,02;-0,07;-0,07;-0,01;-0,01;0,0;0,0;0,0;0,0;0,0;0,0;0,0;0,0;0,0;0,0;-0,02;-0,02;0,0;0,0;-0,01;-0,01;-0,01;-0,01;0,0;0,0;-0,01;-0,01;0,0;0,0;-0,15;-0,15;0,0;0,0;-0,07;-0,07;0,0;0,0;-0,03;-0,03;0,0;0,0;-0,02;-0,02
27.07.2026;09:15;09:30;0,76;0,23;-0,19;-0,02;-0,05;-0,01;0,0;0,0;-0,01;0,0;0,0;0,0;-0,07;-0,03;-0,06;-0,02;-0,01;0,0;0,0;0,0;0,0;0,0;0,0;0,0;-0,01;0,0;0,0;0,0;-0,01;0,0;-0,01;0,0;-0,02;0,0;-0,01;0,0;0,0;0,0;0,0;0,0;0,0;0,0;-0,05;-0,01;-0,01;0,0;-0,11;-0,07;0,0;0,0;-0,21;-0,17;0,0;0,0;-0,03;0,0
27.07.2026;09:30;09:45;1,42;0,66;-0,2;0,0;-0,04;0,0;0,0;0,0;-0,01;0,0;0,0;0,0;-0,08;0,0;-0,08;0,0;-0,01;0,0;0,0;0,0;0,0;0,0;0,0;0,0;0,0;0,0;0,0;0,0;-0,01;0,0;0,0;0,0;-0,01;0,0;-0,04;0,0;0,0;0,0;-0,01;0,0;0,0;0,0;-0,08;0,0;-0,01;0,0;-0,24;-0,11;-0,01;0,0;-0,01;0,0;-0,01;0,0;-0,02;0,0
27.07.2026;09:45;10:00;0,77;0,24;-0,25;-0,08;-0,04;0,0;0,0;0,0;-0,01;0,0;-0,01;0,0;-0,13;-0,08;-0,08;-0,03;-0,01;0,0;0,0;0,0;0,0;0,0;0,0;0,0;-0,02;0,0;0,0;0,0;-0,02;0,0;0,0;0,0;-0,01;0,0;-0,02;0,0;0,0;0,0;-0,01;0,0;0,0;0,0;-0,04;0,0;-0,01;0,0;-0,04;0,0;0,0;0,0;-0,01;0,0;0,0;0,0;-0,01;0,0
27.07.2026;10:00;10:15;0,73;0,24;-0,2;-0,04;-0,04;0,0;0,0;0,0;-0,01;0,0;0,0;0,0;-0,26;-0,22;-0,08;-0,04;-0,01;0,0;0,0;0,0;-0,01;0,0;0,0;0,0;-0,01;0,0;0,0;0,0;-0,01;0,0;0,0;0,0;-0,02;0,0;-0,02;0,0;-0,01;0,0;0,0;0,0;0,0;0,0;-0,04;0,0;0,0;0,0;-0,04;0,0;0,0;0,0;-0,01;0,0;-0,01;0,0;-0,01;0,0
27.07.2026;10:15;10:30;1,76;0,98;-0,2;0,0;-0,05;0,0;0,0;0,0;-0,01;0,0;0,0;0,0;-0,33;-0,14;-0,08;0,0;0,0;0,0;0,0;0,0;0,0;0,0;0,0;0,0;-0,01;0,0;0,0;0,0;-0,01;0,0;0,0;0,0;-0,01;0,0;-0,03;0,0;0,0;0,0;-0,01;0,0;0,0;0,0;-0,05;0,0;-0,02;0,0;-0,08;0,0;0,0;0,0;-0,01;0,0;0,0;0,0;-0,02;0,0
27.07.2026;10:30;10:45;0,42;0,19;-0,18;-0,1;-0,04;-0,03;0,0;0,0;-0,02;-0,01;0,0;0,0;-0,17;-0,16;-0,08;-0,07;-0,01;0,0;0,0;0,0;0,0;0,0;0,0;0,0;0,0;0,0;-0,01;0,0;-0,01;0,0;0,0;0,0;0,0;0,0;-0,02;-0,01;0,0;0,0;-0,01;0,0;0,0;0,0;-0,03;-0,02;-0,01;0,0;-0,14;-0,13;0,0;0,0;-0,01;0,0;-0,01;0,0;-0,03;-0,02
27.07.2026;10:45;11:00;1,08;0,41;-0,23;0,0;-0,05;0,0;0,0;0,0;-0,01;0,0;0,0;0,0;-0,16;-0,07;-0,08;0,0;0,0;0,0;0,0;0,0;0,0;0,0;0,0;0,0;0,0;0,0;0,0;0,0;-0,01;0,0;0,0;0,0;0,0;0,0;-0,02;0,0;0,0;0,0;-0,01;0,0;0,0;0,0;-0,02;0,0;-0,03;0,0;-0,15;-0,06;0,0;0,0;-0,01;0,0;0,0;0,0;-0,02;0,0
27.07.2026;11:00;11:15;1,79;1,05;-0,22;0,0;-0,04;0,0;0,0;0,0;0,0;0,0;0,0;0,0;-0,1;0,0;-0,08;0,0;-0,01;0,0;0,0;0,0;0,0;0,0;0,0;0,0;-0,02;0,0;0,0;0,0;-0,01;0,0;0,0;0,0;0,0;0,0;-0,03;0,0;0,0;0,0;-0,01;0,0;0,0;0,0;-0,01;0,0;-0,02;0,0;-0,16;0,0;0,0;0,0;-0,01;0,0;0,0;0,0;-0,02;0,0
27.07.2026;11:15;11:30;2,04;1,24;-0,18;0,0;-0,04;0,0;0,0;0,0;-0,01;0,0;0,0;0,0;-0,16;0,0;-0,08;0,0;-0,01;0,0;-0,01;0,0;0,0;0,0;0,0;0,0;-0,02;0,0;0,0;0,0;-0,02;0,0;0,0;0,0;-0,01;0,0;-0,04;0,0;0,0;0,0;-0,01;0,0;0,0;0,0;-0,01;0,0;-0,02;0,0;-0,15;0,0;0,0;0,0;-0,01;0,0;-0,01;0,0;-0,01;0,0
27.07.2026;11:30;11:45;2,11;1,46;-0,21;0,0;-0,05;0,0;0,0;0,0;-0,02;0,0;0,0;0,0;-0,13;0,0;-0,08;0,0;0,0;0,0;0,0;0,0;0,0;0,0;0,0;0,0;0,0;0,0;0,0;0,0;0,0;0,0;0,0;0,0;-0,02;0,0;-0,02;0,0;-0,01;0,0;0,0;0,0;0,0;0,0;-0,01;0,0;-0,01;0,0;-0,04;0,0;-0,01;0,0;-0,01;0,0;-0,01;0,0;-0,02;0,0
27.07.2026;11:45;12:00;2,14;1,27;-0,25;0,0;-0,04;0,0;0,0;0,0;-0,01;0,0;-0,01;0,0;-0,15;0,0;-0,59;-0,34;-0,01;0,0;0,0;0,0;0,0;0,0;0,0;0,0;0,0;0,0;0,0;0,0;-0,02;0,0;-0,01;0,0;-0,01;0,0;-0,03;0,0;0,0;0,0;-0,01;0,0;0,0;0,0;-0,01;0,0;-0,01;0,0;-0,03;0,0;0,0;0,0;-0,01;0,0;0,0;0,0;-0,01;0,0
27.07.2026;12:00;12:15;1,98;0,94;-0,24;0,0;-0,03;0,0;0,0;0,0;-0,01;0,0;0,0;0,0;-0,19;0,0;-0,31;-0,1;0,0;0,0;0,0;0,0;0,0;0,0;0,0;0,0;-0,01;0,0;0,0;0,0;-0,01;0,0;0,0;0,0;-0,01;0,0;-0,03;0,0;-0,01;0,0;-0,01;0,0;0,0;0,0;-0,02;0,0;-0,01;0,0;-0,24;-0,03;0,0;0,0;0,0;0,0;0,0;0,0;-0,04;0,0
27.07.2026;12:15;12:30;0,31;0,11;-0,26;-0,22;-0,04;-0,03;-0,01;0,0;-0,01;0,0;0,0;0,0;-0,19;-0,18;-0,09;-0,08;-0,01;0,0;0,0;0,0;0,0;0,0;0,0;0,0;-0,02;-0,01;0,0;0,0;-0,01;0,0;0,0;0,0;-0,02;-0,01;-0,07;-0,06;-0,02;-0,01;0,0;0,0;0,0;0,0;0,0;0,0;-0,01;0,0;-0,08;-0,07;0,0;0,0;-0,02;-0,01;-0,01;0,0;-0,02;-0,01
27.07.2026;12:30;12:45;0,01;0,01;-0,19;-0,19;-0,03;-0,03;0,0;0,0;-0,01;-0,01;0,0;0,0;-0,17;-0,17;-0,08;-0,08;-0,01;-0,01;0,0;0,0;-0,01;-0,01;0,0;0,0;-0,01;-0,01;-0,01;-0,01;-0,01;-0,01;0,0;0,0;-0,01;-0,01;-0,03;-0,03;-0,01;-0,01;-0,01;-0,01;0,0;0,0;-0,12;-0,12;-0,01;-0,01;-0,09;-0,09;0,0;0,0;0,0;0,0;0,0;0,0;-0,02;-0,02
27.07.2026;12:45;13:00;0,0;0,0;-0,19;-0,19;-0,04;-0,04;0,0;0,0;-0,01;-0,01;0,0;0,0;-0,12;-0,12;-0,07;-0,07;-0,01;-0,01;0,0;0,0;0,0;0,0;0,0;0,0;0,0;0,0;0,0;0,0;-0,01;-0,01;0,0;0,0;-0,02;-0,02;-0,04;-0,04;0,0;0,0;-0,01;-0,01;0,0;0,0;-0,01;-0,01;-0,01;-0,01;-0,04;-0,04;0,0;0,0;-0,02;-0,02;-0,01;-0,01;-0,02;-0,02
27.07.2026;13:00;13:15;0,37;0,17;-0,19;-0,12;-0,08;-0,07;0,0;0,0;-0,02;-0,01;0,0;0,0;-0,12;-0,11;-0,06;-0,05;0,0;0,0;0,0;0,0;0,0;0,0;0,0;0,0;-0,01;0,0;0,0;0,0;-0,01;0,0;0,0;0,0;0,0;0,0;-0,04;-0,03;-0,01;0,0;-0,01;0,0;0,0;0,0;-0,03;-0,02;-0,01;0,0;-0,04;-0,03;0,0;0,0;0,0;0,0;0,0;0,0;-0,01;0,0
27.07.2026;13:15;13:30;0,35;0,11;-0,23;-0,16;-0,03;-0,02;0,0;0,0;-0,01;0,0;0,0;0,0;-0,1;-0,09;-0,07;-0,06;-0,01;0,0;0,0;0,0;0,0;0,0;-0,01;0,0;-0,01;0,0;0,0;0,0;-0,02;-0,01;0,0;0,0;0,0;0,0;-0,03;-0,02;-0,01;0,0;-0,03;-0,02;0,0;0,0;-0,01;0,0;-0,01;0,0;-0,03;-0,02;0,0;0,0;-0,01;0,0;-0,01;0,0;-0,02;-0,01
27.07.2026;13:30;13:45;0,41;0,19;-0,24;-0,15;-0,02;-0,01;0,0;0,0;0,0;0,0;0,0;0,0;-0,14;-0,13;-0,08;-0,07;0,0;0,0;0,0;0,0;0,0;0,0;0,0;0,0;-0,02;-0,01;0,0;0,0;0,0;0,0;0,0;0,0;-0,01;0,0;-0,35;-0,34;0,0;0,0;-0,09;-0,08;0,0;0,0;-0,01;0,0;-0,01;0,0;-0,04;-0,03;-0,01;0,0;-0,01;0,0;0,0;0,0;-0,02;-0,01
27.07.2026;13:45;14:00;0,62;0,2;-0,18;-0,07;-0,04;-0,01;0,0;0,0;-0,01;0,0;-0,01;0,0;-0,07;-0,04;-0,08;-0,05;-0,01;0,0;0,0;0,0;0,0;0,0;0,0;0,0;0,0;0,0;0,0;0,0;-0,02;0,0;0,0;0,0;0,0;0,0;-0,32;-0,29;-0,01;0,0;-0,3;-0,27;0,0;0,0;-0,01;0,0;-0,01;0,0;-0,03;0,0;0,0;0,0;-0,01;0,0;-0,01;0,0;-0,03;0,0
27.07.2026;14:00;14:15;0,83;0,27;-0,17;0,0;-0,03;0,0;0,0;0,0;-0,01;0,0;0,0;0,0;-0,27;-0,21;-0,07;-0,01;0,0;0,0;0,0;0,0;0,0;0,0;0,0;0,0;-0,01;0,0;0,0;0,0;-0,01;0,0;0,0;0,0;0,0;0,0;-0,18;-0,12;-0,01;0,0;-0,28;-0,22;0,0;0,0;-0,02;0,0;-0,01;0,0;-0,02;0,0;0,0;0,0;-0,01;0,0;0,0;0,0;-0,02;0,0
27.07.2026;14:15;14:30;1,3;0,53;-0,2;0,0;-0,03;0,0;0,0;0,0;-0,02;0,0;0,0;0,0;-0,22;-0,11;-0,08;0,0;-0,01;0,0;0,0;0,0;0,0;0,0;0,0;0,0;0,0;0,0;0,0;0,0;-0,01;0,0;-0,01;0,0;-0,02;0,0;-0,06;0,0;0,0;0,0;-0,18;-0,07;0,0;0,0;-0,01;0,0;-0,01;0,0;-0,03;0,0;0,0;0,0;-0,01;0,0;0,0;0,0;-0,05;0,0
27.07.2026;14:30;14:45;1,0;0,4;-0,18;0,0;-0,03;0,0;0,0;0,0;-0,01;0,0;0,0;0,0;-0,03;0,0;-0,08;-0,01;-0,01;0,0;0,0;0,0;0,0;0,0;0,0;0,0;-0,02;0,0;0,0;0,0;-0,02;0,0;0,0;0,0;-0,01;0,0;-0,03;0,0;-0,01;0,0;-0,07;0,0;0,0;0,0;-0,02;0,0;-0,01;0,0;-0,03;0,0;0,0;0,0;-0,01;0,0;-0,01;0,0;-0,03;0,0
27.07.2026;14:45;15:00;0,79;0,25;-0,26;-0,07;-0,05;0,0;0,0;0,0;0,0;0,0;0,0;0,0;-0,03;0,0;-0,06;-0,01;0,0;0,0;0,0;0,0;0,0;0,0;0,0;0,0;-0,01;0,0;0,0;0,0;0,0;0,0;0,0;0,0;-0,02;0,0;-0,05;0,0;-0,02;0,0;-0,06;-0,01;0,0;0,0;0,0;0,0;0,0;0,0;-0,03;0,0;0,0;0,0;0,0;0,0;-0,01;0,0;-0,03;0,0
27.07.2026;15:00;15:15;1,06;0,4;-0,22;0,0;-0,04;0,0;0,0;0,0;-0,01;0,0;0,0;0,0;-0,24;-0,16;-0,03;0,0;-0,01;0,0;0,0;0,0;-0,01;0,0;0,0;0,0;-0,01;0,0;-0,01;0,0;-0,02;0,0;0,0;0,0;-0,01;0,0;-0,04;0,0;-0,01;0,0;-0,19;-0,11;0,0;0,0;-0,02;0,0;-0,01;0,0;-0,02;0,0;0,0;0,0;-0,02;0,0;0,0;0,0;-0,01;0,0
27.07.2026;15:15;15:30;1,25;0,48;-0,23;0,0;-0,05;0,0;0,0;0,0;-0,02;0,0;0,0;0,0;-0,58;-0,48;-0,03;0,0;-0,01;0,0;0,0;0,0;0,0;0,0;0,0;0,0;0,0;0,0;0,0;0,0;-0,01;0,0;0,0;0,0;-0,02;0,0;-0,03;0,0;-0,08;0,0;-0,52;-0,42;0,0;0,0;-0,02;0,0;-0,01;0,0;-0,03;0,0;0,0;0,0;0,0;0,0;0,0;0,0;-0,03;0,0
27.07.2026;15:30;15:45;1,33;0,52;-0,19;0,0;-0,05;0,0;-0,01;0,0;-0,01;0,0;0,0;0,0;-0,6;-0,49;-0,03;0,0;0,0;0,0;0,0;0,0;0,0;0,0;0,0;0,0;-0,01;0,0;0,0;0,0;-0,01;0,0;0,0;0,0;-0,01;0,0;-0,04;0,0;-0,12;-0,01;-0,17;-0,06;0,0;0,0;-0,01;0,0;-0,01;0,0;-0,04;0,0;-0,01;0,0;-0,02;0,0;-0,01;0,0;-0,02;0,0
27.07.2026;15:45;16:00;1,11;0,41;-0,19;0,0;-0,05;0,0;0,0;0,0;-0,01;0,0;-0,01;0,0;-0,43;-0,35;-0,03;0,0;-0,01;0,0;0,0;0,0;0,0;0,0;0,0;0,0;-0,02;0,0;0,0;0,0;-0,01;0,0;0,0;0,0;0,0;0,0;-0,03;0,0;-0,1;-0,02;-0,06;0,0;0,0;0,0;-0,02;0,0;-0,01;0,0;-0,07;0,0;0,0;0,0;0,0;0,0;0,0;0,0;-0,02;0,0
27.07.2026;16:00;16:15;1,5;0,64;-0,24;0,0;-0,03;0,0;0,0;0,0;-0,09;0,0;0,0;0,0;-0,18;-0,04;-0,04;0,0;0,0;0,0;0,0;0,0;0,0;0,0;0,0;0,0;-0,01;0,0;0,0;0,0;-0,01;0,0;0,0;0,0;0,0;0,0;-0,03;0,0;-0,09;0,0;-0,05;0,0;0,0;0,0;-0,02;0,0;-0,01;0,0;-0,05;0,0;0,0;0,0;-0,02;0,0;-0,01;0,0;-0,02;0,0
27.07.2026;16:15;16:30;0,77;0,2;-0,2;-0,05;-0,05;-0,01;0,0;0,0;-0,3;-0,26;0,0;0,0;-0,11;-0,07;-0,06;-0,02;-0,01;0,0;-0,01;0,0;0,0;0,0;0,0;0,0;0,0;0,0;0,0;0,0;-0,01;0,0;0,0;0,0;-0,01;0,0;-0,02;0,0;-0,07;-0,03;-0,06;-0,02;0,0;0,0;-0,03;0,0;-0,01;0,0;-0,03;0,0;0,0;0,0;-0,16;-0,12;0,0;0,0;-0,01;0,0
27.07.2026;16:30;16:45;0,97;0,26;-0,21;0,0;-0,05;0,0;0,0;0,0;-0,02;0,0;0,0;0,0;-0,07;0,0;-0,05;0,0;-0,01;0,0;0,0;0,0;0,0;0,0;0,0;0,0;0,0;0,0;0,0;0,0;-0,02;0,0;0,0;0,0;0,0;0,0;-0,03;0,0;-0,05;0,0;-0,06;0,0;0,0;0,0;-0,03;0,0;0,0;0,0;-0,03;0,0;0,0;0,0;-0,06;0,0;-0,01;0,0;-0,01;0,0
27.07.2026;16:45;17:00;0,69;0,21;-0,19;-0,04;-0,05;-0,02;0,0;0,0;-0,02;0,0;0,0;0,0;0,0;0,0;-0,03;0,0;0,0;0,0;0,0;0,0;0,0;0,0;0,0;0,0;-0,02;0,0;0,0;0,0;-0,01;0,0;-0,01;0,0;-0,01;0,0;-0,02;0,0;-0,01;0,0;-0,04;-0,01;-0,25;-0,22;-0,08;-0,05;-0,01;0,0;-0,01;0,0;0,0;0,0;-0,05;-0,02;0,0;0,0;-0,03;0,0
27.07.2026;17:00;17:15;0,0;0,0;-0,19;-0,19;-0,04;-0,04;0,0;0,0;-0,01;-0,01;0,0;0,0;-0,01;-0,01;-0,04;-0,04;-0,01;-0,01;0,0;0,0;0,0;0,0;0,0;0,0;-0,01;-0,01;-0,01;-0,01;-0,01;-0,01;0,0;0,0;-0,01;-0,01;-0,02;-0,02;-0,02;-0,02;-0,46;-0,46;0,0;0,0;-0,02;-0,02;-0,01;-0,01;-0,02;-0,02;0,0;0,0;-0,04;-0,04;0,0;0,0;-0,02;-0,02
27.07.2026;17:15;17:30;0,0;0,0;-0,19;-0,19;-0,03;-0,03;0,0;0,0;-0,02;-0,02;0,0;0,0;-0,01;-0,01;-0,05;-0,05;0,0;0,0;0,0;0,0;0,0;0,0;0,0;0,0;-0,01;-0,01;0,0;0,0;-0,01;-0,01;0,0;0,0;-0,02;-0,02;-0,02;-0,02;-0,01;-0,01;-0,15;-0,15;0,0;0,0;-0,01;-0,01;-0,01;-0,01;-0,01;-0,01;0,0;0,0;-0,04;-0,04;-0,01;-0,01;-0,02;-0,02
27.07.2026;17:30;17:45;0,47;0,19;-0,18;-0,08;-0,05;-0,04;0,0;0,0;-0,02;-0,01;0,0;0,0;-0,02;-0,01;-0,05;-0,04;-0,01;0,0;0,0;0,0;-0,01;0,0;0,0;0,0;0,0;0,0;0,0;0,0;-0,01;0,0;0,0;0,0;-0,01;0,0;-0,02;-0,01;-0,02;-0,01;-0,41;-0,4;0,0;0,0;-0,01;0,0;-0,01;0,0;-0,02;-0,01;-0,01;0,0;-0,03;-0,02;-0,01;0,0;-0,02;-0,01
27.07.2026;17:45;18:00;0,7;0,21;-0,26;-0,12;-0,06;-0,02;0,0;0,0;-0,04;0,0;-0,01;0,0;0,0;0,0;-0,05;-0,01;0,0;0,0;0,0;0,0;0,0;0,0;0,0;0,0;-0,01;0,0;0,0;0,0;-0,02;0,0;0,0;0,0;-0,05;-0,01;-0,01;0,0;-0,02;0,0;-0,12;-0,08;0,0;0,0;-0,01;0,0;-0,01;0,0;-0,01;0,0;0,0;0,0;-0,31;-0,27;0,0;0,0;-0,01;0,0
27.07.2026;18:00;18:15;0,51;0,15;-0,19;-0,1;-0,04;-0,02;0,0;0,0;-0,03;-0,01;0,0;0,0;-0,01;0,0;-0,06;-0,04;-0,01;0,0;0,0;0,0;0,0;0,0;0,0;0,0;-0,02;0,0;0,0;0,0;-0,01;0,0;0,0;0,0;-0,06;-0,04;-0,03;-0,01;-0,02;0,0;-0,03;-0,01;0,0;0,0;-0,01;0,0;-0,01;0,0;-0,02;0,0;0,0;0,0;-0,24;-0,22;0,0;0,0;-0,02;0,0
27.07.2026;18:15;18:30;0,51;0,16;-0,23;-0,14;-0,04;-0,02;0,0;0,0;-0,04;-0,02;0,0;0,0;-0,01;0,0;-0,04;-0,02;-0,01;0,0;0,0;0,0;0,0;0,0;-0,01;0,0;-0,01;0,0;0,0;0,0;-0,01;0,0;0,0;0,0;-0,07;-0,05;-0,19;-0,17;-0,02;0,0;-0,02;0,0;0,0;0,0;-0,01;0,0;-0,01;0,0;-0,01;0,0;0,0;0,0;-0,06;-0,04;-0,01;0,0;-0,01;0,0
27.07.2026;18:30;18:45;0,28;0,2;-0,22;-0,14;-0,04;-0,04;0,0;0,0;-0,04;-0,04;0,0;0,0;-0,39;-0,39;-0,05;-0,05;-0,01;-0,01;0,0;0,0;0,0;0,0;0,0;0,0;0,0;0,0;0,0;0,0;-0,01;-0,01;0,0;0,0;-0,07;-0,07;-0,18;-0,18;-0,03;-0,03;-0,02;-0,02;0,0;0,0;-0,01;-0,01;-0,01;-0,01;-0,05;-0,05;0,0;0,0;-0,08;-0,08;-0,01;-0,01;-0,03;-0,03
27.07.2026;18:45;19:00;0,18;0,13;-0,22;-0,17;-0,06;-0,06;0,0;0,0;-0,03;-0,03;0,0;0,0;-0,35;-0,35;-0,07;-0,07;0,0;0,0;0,0;0,0;0,0;0,0;0,0;0,0;-0,01;-0,01;0,0;0,0;-0,01;-0,01;0,0;0,0;-0,06;-0,06;-0,18;-0,18;-0,02;-0,02;-0,04;-0,04;0,0;0,0;-0,02;-0,02;-0,01;-0,01;-0,09;-0,09;0,0;0,0;-0,24;-0,24;0,0;0,0;-0,02;-0,02
27.07.2026;19:00;19:15;0,24;0,18;-0,19;-0,13;-0,05;-0,05;-0,01;-0,01;-0,03;-0,03;0,0;0,0;-0,31;-0,31;-0,06;-0,06;-0,01;-0,01;0,0;0,0;0,0;0,0;0,0;0,0;-0,02;-0,02;-0,01;-0,01;-0,01;-0,01;0,0;0,0;-0,07;-0,07;-0,19;-0,19;-0,02;-0,02;-0,04;-0,04;0,0;0,0;-0,04;-0,04;-0,01;-0,01;-0,09;-0,09;0,0;0,0;-0,38;-0,38;0,0;0,0;-0,02;-0,02
27.07.2026;19:15;19:30;0,17;0,12;-0,22;-0,17;-0,04;-0,04;0,0;0,0;-0,03;-0,03;0,0;0,0;-0,03;-0,03;-0,05;-0,05;0,0;0,0;0,0;0,0;0,0;0,0;0,0;0,0;-0,02;-0,02;0,0;0,0;-0,01;-0,01;-0,01;-0,01;-0,05;-0,05;-0,08;-0,08;-0,02;-0,02;-0,04;-0,04;0,0;0,0;-0,18;-0,18;-0,01;-0,01;-0,08;-0,08;0,0;0,0;-0,23;-0,23;-0,01;-0,01;-0,02;-0,02
27.07.2026;19:30;19:45;0,14;0,11;-0,21;-0,18;-0,03;-0,03;0,0;0,0;-0,24;-0,24;0,0;0,0;-0,05;-0,05;-0,08;-0,08;-0,01;-0,01;0,0;0,0;0,0;0,0;0,0;0,0;-0,01;-0,01;0,0;0,0;-0,09;-0,09;0,0;0,0;-0,05;-0,05;-0,07;-0,07;-0,02;-0,02;-0,11;-0,11;0,0;0,0;-0,02;-0,02;0,0;0,0;-0,14;-0,14;-0,01;-0,01;-0,11;-0,11;0,0;0,0;-0,01;-0,01
27.07.2026;19:45;20:00;0,08;0,08;-0,2;-0,2;-0,05;-0,05;0,0;0,0;-0,21;-0,21;-0,01;-0,01;-0,05;-0,05;-0,08;-0,08;-0,01;-0,01;0,0;0,0;0,0;0,0;0,0;0,0;-0,01;-0,01;0,0;0,0;-0,18;-0,18;0,0;0,0;-0,05;-0,05;-0,06;-0,06;-0,04;-0,04;-0,1;-0,1;0,0;0,0;-0,01;-0,01;-0,02;-0,02;-0,07;-0,07;0,0;0,0;-0,02;-0,02;0,0;0,0;-0,01;-0,01
27.07.2026;20:00;20:15;0,03;0,03;-0,28;-0,28;-0,06;-0,06;0,0;0,0;-0,06;-0,06;0,0;0,0;-0,13;-0,13;-0,07;-0,07;0,0;0,0;0,0;0,0;-0,01;-0,01;0,0;0,0;0,0;0,0;0,0;0,0;-0,08;-0,08;0,0;0,0;-0,04;-0,04;-0,07;-0,07;-0,06;-0,06;-0,04;-0,04;0,0;0,0;-0,08;-0,08;-0,01;-0,01;-0,09;-0,09;0,0;0,0;-0,03;-0,03;-0,01;-0,01;-0,03;-0,03
27.07.2026;20:15;20:30;0,01;0,01;-0,19;-0,19;-0,09;-0,09;0,0;0,0;-0,04;-0,04;0,0;0,0;-0,03;-0,03;-0,05;-0,05;-0,01;-0,01;0,0;0,0;0,0;0,0;0,0;0,0;-0,01;-0,01;0,0;0,0;-0,08;-0,08;0,0;0,0;-0,01;-0,01;-0,05;-0,05;-0,05;-0,05;-0,03;-0,03;0,0;0,0;-0,07;-0,07;0,0;0,0;-0,09;-0,09;0,0;0,0;-0,02;-0,02;0,0;0,0;-0,02;-0,02
27.07.2026;20:30;20:45;0,0;0,0;-0,2;-0,2;-0,26;-0,26;0,0;0,0;-0,04;-0,04;0,0;0,0;-0,03;-0,03;-0,06;-0,06;0,0;0,0;0,0;0,0;0,0;0,0;0,0;0,0;-0,02;-0,02;0,0;0,0;-0,08;-0,08;0,0;0,0;-0,02;-0,02;-0,05;-0,05;-0,06;-0,06;-0,04;-0,04;0,0;0,0;-0,01;-0,01;-0,01;-0,01;-0,08;-0,08;0,0;0,0;-0,03;-0,03;-0,01;-0,01;-0,02;-0,02
27.07.2026;20:45;21:00;0,0;0,0;-0,2;-0,2;-0,05;-0,05;0,0;0,0;-0,04;-0,04;0,0;0,0;-0,04;-0,04;-0,04;-0,04;-0,01;-0,01;0,0;0,0;0,0;0,0;0,0;0,0;-0,01;-0,01;0,0;0,0;-0,08;-0,08;0,0;0,0;-0,02;-0,02;-0,05;-0,05;-0,06;-0,06;-0,04;-0,04;0,0;0,0;-0,02;-0,02;-0,01;-0,01;-0,05;-0,05;0,0;0,0;-0,02;-0,02;0,0;0,0;-0,02;-0,02
27.07.2026;21:00;21:15;0,0;0,0;-0,25;-0,25;-0,04;-0,04;0,0;0,0;-0,05;-0,05;0,0;0,0;-0,03;-0,03;-0,04;-0,04;-0,01;-0,01;0,0;0,0;0,0;0,0;0,0;0,0;-0,02;-0,02;0,0;0,0;-0,08;-0,08;0,0;0,0;-0,01;-0,01;-0,05;-0,05;-0,06;-0,06;-0,04;-0,04;0,0;0,0;-0,02;-0,02;-0,02;-0,02;-0,13;-0,13;0,0;0,0;-0,02;-0,02;0,0;0,0;-0,03;-0,03
27.07.2026;21:15;21:30;0,0;0,0;-0,2;-0,2;-0,03;-0,03;0,0;0,0;-0,05;-0,05;0,0;0,0;-0,03;-0,03;-0,05;-0,05;0,0;0,0;-0,01;-0,01;0,0;0,0;0,0;0,0;-0,04;-0,04;-0,01;-0,01;-0,08;-0,08;0,0;0,0;-0,02;-0,02;-0,04;-0,04;-0,05;-0,05;-0,05;-0,05;0,0;0,0;-0,01;-0,01;-0,01;-0,01;-0,08;-0,08;0,0;0,0;-0,02;-0,02;-0,01;-0,01;-0,04;-0,04
27.07.2026;21:30;21:45;0,0;0,0;-0,2;-0,2;-0,02;-0,02;0,0;0,0;-0,04;-0,04;0,0;0,0;-0,04;-0,04;-0,05;-0,05;-0,01;-0,01;0,0;0,0;0,0;0,0;0,0;0,0;-0,04;-0,04;0,0;0,0;-0,08;-0,08;0,0;0,0;-0,01;-0,01;-0,06;-0,06;-0,03;-0,03;-0,05;-0,05;0,0;0,0;-0,02;-0,02;-0,01;-0,01;-0,06;-0,06;-0,01;-0,01;-0,02;-0,02;-0,01;-0,01;-0,03;-0,03
27.07.2026;21:45;22:00;0,0;0,0;-0,19;-0,19;-0,02;-0,02;0,0;0,0;-0,04;-0,04;-0,01;-0,01;-0,08;-0,08;-0,05;-0,05;-0,01;-0,01;0,0;0,0;0,0;0,0;0,0;0,0;-0,01;-0,01;0,0;0,0;-0,07;-0,07;-0,01;-0,01;-0,01;-0,01;-0,06;-0,06;-0,05;-0,05;-0,01;-0,01;0,0;0,0;-0,02;-0,02;-0,02;-0,02;-0,08;-0,08;0,0;0,0;-0,04;-0,04;0,0;0,0;-0,04;-0,04
27.07.2026;22:00;22:15;0,0;0,0;-0,19;-0,19;-0,03;-0,03;0,0;0,0;-0,04;-0,04;0,0;0,0;-0,08;-0,08;-0,04;-0,04;0,0;0,0;0,0;0,0;0,0;0,0;0,0;0,0;-0,02;-0,02;0,0;0,0;-0,13;-0,13;0,0;0,0;-0,01;-0,01;-0,04;-0,04;-0,06;-0,06;-0,01;-0,01;0,0;0,0;-0,02;-0,02;-0,01;-0,01;-0,04;-0,04;0,0;0,0;-0,28;-0,28;0,0;0,0;-0,04;-0,04
27.07.2026;22:15;22:30;0,0;0,0;-0,23;-0,23;-0,03;-0,03;-0,01;-0,01;-0,04;-0,04;0,0;0,0;-0,02;-0,02;-0,05;-0,05;-0,01;-0,01;0,0;0,0;0,0;0,0;0,0;0,0;-0,01;-0,01;0,0;0,0;-0,07;-0,07;0,0;0,0;0,0;0,0;-0,05;-0,05;-0,06;-0,06;-0,01;-0,01;0,0;0,0;-0,01;-0,01;-0,01;-0,01;-0,05;-0,05;0,0;0,0;-0,05;-0,05;-0,01;-0,01;-0,04;-0,04
27.07.2026;22:30;22:45;0,0;0,0;-0,18;-0,18;-0,02;-0,02;0,0;0,0;-0,04;-0,04;0,0;0,0;-0,02;-0,02;-0,05;-0,05;0,0;0,0;0,0;0,0;-0,01;-0,01;0,0;0,0;-0,02;-0,02;0,0;0,0;-0,16;-0,16;0,0;0,0;0,0;0,0;-0,05;-0,05;-0,06;-0,06;-0,02;-0,02;0,0;0,0;-0,01;-0,01;-0,01;-0,01;-0,04;-0,04;0,0;0,0;-0,06;-0,06;0,0;0,0;-0,02;-0,02
27.07.2026;22:45;23:00;0,0;0,0;-0,19;-0,19;-0,02;-0,02;0,0;0,0;-0,03;-0,03;0,0;0,0;-0,02;-0,02;-0,04;-0,04;-0,01;-0,01;0,0;0,0;0,0;0,0;0,0;0,0;-0,02;-0,02;0,0;0,0;-0,35;-0,35;0,0;0,0;-0,01;-0,01;-0,05;-0,05;-0,04;-0,04;-0,01;-0,01;0,0;0,0;-0,02;-0,02;-0,01;-0,01;-0,04;-0,04;0,0;0,0;-0,19;-0,19;0,0;0,0;-0,01;-0,01
27.07.2026;23:00;23:15;0,0;0,0;-0,2;-0,2;-0,03;-0,03;0,0;0,0;-0,03;-0,03;0,0;0,0;-0,01;-0,01;-0,05;-0,05;0,0;0,0;0,0;0,0;0,0;0,0;0,0;0,0;0,0;0,0;0,0;0,0;-0,16;-0,16;0,0;0,0;-0,01;-0,01;-0,05;-0,05;-0,03;-0,03;-0,01;-0,01;0,0;0,0;-0,01;-0,01;-0,01;-0,01;-0,02;-0,02;0,0;0,0;-0,09;-0,09;-0,01;-0,01;-0,1;-0,1
27.07.2026;23:15;23:30;0,0;0,0;-0,17;-0,17;-0,03;-0,03;0,0;0,0;-0,03;-0,03;0,0;0,0;-0,01;-0,01;-0,04;-0,04;-0,01;-0,01;0,0;0,0;0,0;0,0;-0,01;-0,01;-0,01;-0,01;-0,01;-0,01;-0,16;-0,16;0,0;0,0;-0,01;-0,01;-0,05;-0,05;-0,03;-0,03;-0,01;-0,01;0,0;0,0;-0,01;-0,01;0,0;0,0;-0,02;-0,02;0,0;0,0;-0,02;-0,02;0,0;0,0;-0,11;-0,11
27.07.2026;23:30;23:45;0,0;0,0;-0,18;-0,18;-0,03;-0,03;0,0;0,0;-0,03;-0,03;0,0;0,0;-0,01;-0,01;-0,03;-0,03;-0,01;-0,01;0,0;0,0;0,0;0,0;0,0;0,0;0,0;0,0;0,0;0,0;-0,17;-0,17;0,0;0,0;-0,02;-0,02;-0,03;-0,03;-0,01;-0,01;-0,01;-0,01;0,0;0,0;-0,01;-0,01;-0,01;-0,01;-0,01;-0,01;-0,01;-0,01;-0,03;-0,03;-0,01;-0,01;-0,08;-0,08
27.07.2026;23:45;00:00;0,0;0,0;-0,21;-0,21;-0,03;-0,03;0,0;0,0;-0,04;-0,04;-0,01;-0,01;-0,01;-0,01;-0,02;-0,02;0,0;0,0;0,0;0,0;0,0;0,0;0,0;0,0;-0,02;-0,02;0,0;0,0;-0,19;-0,19;0,0;0,0;-0,01;-0,01;-0,04;-0,04;-0,01;-0,01;0,0;0,0;0,0;0,0;-0,01;-0,01;-0,01;-0,01;-0,02;-0,02;0,0;0,0;-0,02;-0,02;-0,01;-0,01;-0,06;-0,06
28.07.2026;00:00;00:15;0,0;0,0;-0,16;-0,16;-0,06;-0,06;0,0;0,0;-0,03;-0,03;0,0;0,0;-0,01;-0,01;-0,02;-0,02;-0,01;-0,01;0,0;0,0;0,0;0,0;0,0;0,0;-0,01;-0,01;0,0;0,0;-0,08;-0,08;0,0;0,0;-0,02;-0,02;-0,04;-0,04;-0,02;-0,02;-0,01;-0,01;0,0;0,0;-0,02;-0,02;-0,01;-0,01;-0,01;-0,01;0,0;0,0;-0,02;-0,02;-0,02;-0,02;-0,03;-0,03
28.07.2026;00:15;00:30;0,0;0,0;-0,34;-0,34;-0,05;-0,05;0,0;0,0;-0,04;-0,04;0,0;0,0;-0,01;-0,01;-0,02;-0,02;-0,01;-0,01;0,0;0,0;0,0;0,0;0,0;0,0;-0,01;-0,01;0,0;0,0;-0,04;-0,04;-0,01;-0,01;-0,01;-0,01;-0,03;-0,03;-0,01;-0,01;-0,01;-0,01;0,0;0,0;-0,02;-0,02;-0,01;-0,01;-0,02;-0,02;0,0;0,0;-0,03;-0,03;-0,03;-0,03;-0,01;-0,01
28.07.2026;00:30;00:45;0,0;0,0;-0,2;-0,2;-0,02;-0,02;0,0;0,0;-0,03;-0,03;0,0;0,0;-0,01;-0,01;-0,01;-0,01;0,0;0,0;0,0;0,0;0,0;0,0;0,0;0,0;0,0;0,0;0,0;0,0;-0,04;-0,04;0,0;0,0;-0,01;-0,01;-0,03;-0,03;-0,03;-0,03;-0,01;-0,01;0,0;0,0;-0,01;-0,01;-0,01;-0,01;-0,01;-0,01;0,0;0,0;-0,02;-0,02;-0,01;-0,01;-0,02;-0,02
28.07.2026;00:45;01:00;0,0;0,0;-0,18;-0,18;-0,02;-0,02;0,0;0,0;-0,04;-0,04;0,0;0,0;-0,01;-0,01;-0,01;-0,01;-0,01;-0,01;0,0;0,0;0,0;0,0;0,0;0,0;-0,01;-0,01;0,0;0,0;-0,03;-0,03;0,0;0,0;0,0;0,0;-0,02;-0,02;-0,02;-0,02;0,0;0,0;0,0;0,0;-0,02;-0,02;-0,01;-0,01;-0,02;-0,02;0,0;0,0;-0,02;-0,02;-0,01;-0,01;-0,01;-0,01
28.07.2026;01:00;01:15;0,0;0,0;-0,18;-0,18;-0,03;-0,03;0,0;0,0;-0,03;-0,03;0,0;0,0;-0,01;-0,01;-0,01;-0,01;-0,01;-0,01;0,0;0,0;-0,01;-0,01;0,0;0,0;-0,02;-0,02;0,0;0,0;-0,04;-0,04;0,0;0,0;-0,01;-0,01;-0,02;-0,02;-0,03;-0,03;0,0;0,0;-0,02;-0,02;-0,02;-0,02;-0,01;-0,01;-0,01;-0,01;0,0;0,0;-0,02;-0,02;0,0;0,0;-0,03;-0,03
28.07.2026;01:15;01:30;0,0;0,0;-0,17;-0,17;-0,03;-0,03;0,0;0,0;-0,04;-0,04;0,0;0,0;-0,01;-0,01;-0,02;-0,02;0,0;0,0;0,0;0,0;0,0;0,0;0,0;0,0;-0,01;-0,01;-0,01;-0,01;-0,05;-0,05;0,0;0,0;0,0;0,0;-0,02;-0,02;-0,02;-0,02;-0,02;-0,02;0,0;0,0;0,0;0,0;-0,01;-0,01;-0,02;-0,02;0,0;0,0;-0,03;-0,03;0,0;0,0;-0,02;-0,02
28.07.2026;01:30;01:45;0,0;0,0;-0,17;-0,17;-0,02;-0,02;-0,01;-0,01;-0,03;-0,03;0,0;0,0;0,0;0,0;-0,03;-0,03;-0,01;-0,01;0,0;0,0;0,0;0,0;0,0;0,0;0,0;0,0;0,0;0,0;-0,02;-0,02;0,0;0,0;0,0;0,0;-0,03;-0,03;-0,03;-0,03;-0,01;-0,01;-0,01;-0,01;-0,02;-0,02;-0,01;-0,01;-0,01;-0,01;-0,01;-0,01;0,0;0,0;-0,01;-0,01;-0,02;-0,02
28.07.2026;01:45;02:00;0,0;0,0;-0,17;-0,17;-0,01;-0,01;0,0;0,0;-0,05;-0,05;-0,01;-0,01;-0,01;-0,01;-0,02;-0,02;0,0;0,0;0,0;0,0;0,0;0,0;0,0;0,0;0,0;0,0;0,0;0,0;-0,01;-0,01;0,0;0,0;-0,01;-0,01;-0,01;-0,01;-0,02;-0,02;-0,01;-0,01;-0,01;-0,01;-0,01;-0,01;0,0;0,0;-0,02;-0,02;0,0;0,0;-0,02;-0,02;-0,01;-0,01;-0,02;-0,02
28.07.2026;02:00;02:15;0,0;0,0;-0,17;-0,17;-0,02;-0,02;0,0;0,0;-0,03;-0,03;0,0;0,0;-0,01;-0,01;-0,02;-0,02;-0,01;-0,01;0,0;0,0;0,0;0,0;0,0;0,0;-0,01;-0,01;0,0;0,0;-0,01;-0,01;0,0;0,0;-0,02;-0,02;-0,01;-0,01;-0,02;-0,02;-0,01;-0,01;-0,01;-0,01;-0,02;-0,02;-0,01;-0,01;-0,01;-0,01;0,0;0,0;0,0;0,0;0,0;0,0;-0,01;-0,01
28.07.2026;02:15;02:30;0,0;0,0;-0,17;-0,17;-0,03;-0,03;0,0;0,0;-0,02;-0,02;0,0;0,0;-0,01;-0,01;-0,01;-0,01;0,0;0,0;-0,01;-0,01;0,0;0,0;0,0;0,0;-0,02;-0,02;0,0;0,0;-0,02;-0,02;0,0;0,0;-0,01;-0,01;-0,01;-0,01;-0,02;-0,02;0,0;0,0;-0,01;-0,01;-0,01;-0,01;-0,01;-0,01;-0,02;-0,02;0,0;0,0;-0,01;-0,01;-0,01;-0,01;-0,02;-0,02
28.07.2026;02:30;02:45;0,0;0,0;-0,17;-0,17;-0,02;-0,02;0,0;0,0;-0,01;-0,01;0,0;0,0;-0,01;-0,01;-0,02;-0,02;-0,01;-0,01;0,0;0,0;0,0;0,0;0,0;0,0;-0,01;-0,01;0,0;0,0;-0,01;-0,01;0,0;0,0;-0,02;-0,02;-0,01;-0,01;-0,03;-0,03;-0,01;-0,01;-0,01;-0,01;-0,01;-0,01;-0,01;-0,01;-0,01;-0,01;0,0;0,0;-0,01;-0,01;0,0;0,0;-0,02;-0,02
28.07.2026;02:45;03:00;0,0;0,0;-0,19;-0,19;-0,01;-0,01;0,0;0,0;-0,02;-0,02;0,0;0,0;-0,01;-0,01;-0,02;-0,02;-0,01;-0,01;0,0;0,0;0,0;0,0;0,0;0,0;0,0;0,0;0,0;0,0;-0,11;-0,11;-0,01;-0,01;-0,01;-0,01;-0,02;-0,02;-0,02;-0,02;-0,01;-0,01;0,0;0,0;-0,01;-0,01;-0,01;-0,01;-0,01;-0,01;0,0;0,0;-0,01;-0,01;0,0;0,0;-0,03;-0,03
28.07.2026;03:00;03:15;0,0;0,0;-0,16;-0,16;-0,02;-0,02;0,0;0,0;-0,02;-0,02;0,0;0,0;0,0;0,0;-0,02;-0,02;-0,01;-0,01;0,0;0,0;0,0;0,0;0,0;0,0;-0,01;-0,01;0,0;0,0;-0,25;-0,25;0,0;0,0;-0,02;-0,02;-0,02;-0,02;-0,01;-0,01;-0,01;-0,01;-0,01;-0,01;-0,01;-0,01;-0,01;-0,01;-0,02;-0,02;0,0;0,0;-0,01;-0,01;-0,01;-0,01;-0,02;-0,02
28.07.2026;03:15;03:30;0,0;0,0;-0,17;-0,17;-0,03;-0,03;0,0;0,0;-0,01;-0,01;0,0;0,0;-0,01;-0,01;-0,02;-0,02;0,0;0,0;0,0;0,0;0,0;0,0;0,0;0,0;-0,01;-0,01;-0,01;-0,01;-0,14;-0,14;0,0;0,0;0,0;0,0;-0,02;-0,02;-0,01;-0,01;0,0;0,0;-0,01;-0,01;-0,02;-0,02;-0,01;-0,01;-0,01;-0,01;0,0;0,0;-0,01;-0,01;-0,01;-0,01;-0,02;-0,02
28.07.2026;03:30;03:45;0,0;0,0;-0,17;-0,17;-0,02;-0,02;0,0;0,0;-0,01;-0,01;0,0;0,0;-0,01;-0,01;-0,02;-0,02;-0,01;-0,01;0,0;0,0;-0,01;-0,01;0,0;0,0;-0,02;-0,02;0,0;0,0;-0,15;-0,15;0,0;0,0;-0,01;-0,01;-0,02;-0,02;0,0;0,0;-0,01;-0,01;-0,01;-0,01;-0,01;-0,01;0,0;0,0;-0,01;-0,01;-0,01;-0,01;-0,01;-0,01;0,0;0,0;-0,02;-0,02
28.07.2026;03:45;04:00;0,0;0,0;-0,16;-0,16;0,0;0,0;0,0;0,0;-0,01;-0,01;-0,01;-0,01;-0,01;-0,01;-0,02;-0,02;0,0;0,0;0,0;0,0;0,0;0,0;0,0;0,0;0,0;0,0;0,0;0,0;-0,15;-0,15;0,0;0,0;0,0;0,0;-0,02;-0,02;-0,01;-0,01;-0,01;-0,01;-0,01;-0,01;0,0;0,0;-0,01;-0,01;-0,02;-0,02;0,0;0,0;-0,01;-0,01;0,0;0,0;-0,01;-0,01
28.07.2026;04:00;04:15;0,0;0,0;-0,16;-0,16;-0,02;-0,02;0,0;0,0;-0,01;-0,01;0,0;0,0;-0,01;-0,01;-0,02;-0,02;-0,01;-0,01;0,0;0,0;0,0;0,0;0,0;0,0;-0,01;-0,01;0,0;0,0;-0,06;-0,06;0,0;0,0;0,0;0,0;-0,02;-0,02;-0,01;-0,01;-0,02;-0,02;0,0;0,0;-0,02;-0,02;-0,01;-0,01;-0,01;-0,01;0,0;0,0;-0,01;-0,01;-0,01;-0,01;-0,02;-0,02
28.07.2026;04:15;04:30;0,0;0,0;-0,17;-0,17;-0,03;-0,03;0,0;0,0;-0,02;-0,02;0,0;0,0;-0,01;-0,01;-0,02;-0,02;0,0;0,0;0,0;0,0;0,0;0,0;-0,01;-0,01;0,0;0,0;0,0;0,0;-0,03;-0,03;0,0;0,0;-0,01;-0,01;-0,01;-0,01;-0,01;-0,01;0,0;0,0;-0,01;-0,01;-0,01;-0,01;-0,01;-0,01;-0,02;-0,02;0,0;0,0;-0,01;-0,01;0,0;0,0;-0,03;-0,03
28.07.2026;04:30;04:45;0,0;0,0;-0,16;-0,16;-0,02;-0,02;0,0;0,0;-0,01;-0,01;0,0;0,0;-0,01;-0,01;-0,01;-0,01;-0,01;-0,01;0,0;0,0;0,0;0,0;0,0;0,0;-0,01;-0,01;0,0;0,0;-0,03;-0,03;0,0;0,0;-0,01;-0,01;-0,01;-0,01;0,0;0,0;-0,01;-0,01;-0,02;-0,02;-0,01;-0,01;-0,01;-0,01;-0,01;-0,01;0,0;0,0;-0,01;-0,01;-0,01;-0,01;-0,02;-0,02
28.07.2026;04:45;05:00;0,0;0,0;-0,17;-0,17;-0,01;-0,01;0,0;0,0;-0,01;-0,01;0,0;0,0;-0,01;-0,01;0,0;0,0;-0,01;-0,01;0,0;0,0;0,0;0,0;0,0;0,0;-0,02;-0,02;0,0;0,0;-0,03;-0,03;0,0;0,0;-0,01;-0,01;-0,01;-0,01;-0,02;-0,02;0,0;0,0;0,0;0,0;-0,01;-0,01;-0,01;-0,01;-0,02;-0,02;0,0;0,0;-0,01;-0,01;0,0;0,0;-0,02;-0,02
28.07.2026;05:00;05:15;0,0;0,0;-0,17;-0,17;-0,02;-0,02;-0,01;-0,01;0,0;0,0;0,0;0,0;0,0;0,0;-0,01;-0,01;0,0;0,0;0,0;0,0;0,0;0,0;0,0;0,0;-0,01;-0,01;0,0;0,0;-0,02;-0,02;0,0;0,0;-0,02;-0,02;-0,02;-0,02;-0,01;-0,01;-0,01;-0,01;-0,01;-0,01;-0,01;-0,01;-0,01;-0,01;-0,01;-0,01;0,0;0,0;-0,01;-0,01;-0,01;-0,01;-0,01;-0,01
28.07.2026;05:15;05:30;0,0;0,0;-0,19;-0,19;-0,02;-0,02;0,0;0,0;-0,02;-0,02;0,0;0,0;-0,02;-0,02;-0,02;-0,02;-0,01;-0,01;0,0;0,0;0,0;0,0;0,0;0,0;0,0;0,0;-0,01;-0,01;-0,07;-0,07;-0,01;-0,01;-0,01;-0,01;-0,12;-0,12;-0,01;-0,01;-0,01;-0,01;-0,01;-0,01;-0,01;-0,01;0,0;0,0;-0,02;-0,02;0,0;0,0;-0,03;-0,03;0,0;0,0;-0,02;-0,02
28.07.2026;05:30;05:45;0,01;0,01;-0,19;-0,19;-0,02;-0,02;0,0;0,0;-0,01;-0,01;0,0;0,0;0,0;0,0;-0,02;-0,02;-0,01;-0,01;0,0;0,0;0,0;0,0;0,0;0,0;-0,01;-0,01;0,0;0,0;-0,02;-0,02;0,0;0,0;-0,02;-0,02;-0,03;-0,03;-0,02;-0,02;-0,03;-0,03;0,0;0,0;-0,02;-0,02;-0,02;-0,02;-0,01;-0,01;-0,01;-0,01;-0,01;-0,01;0,0;0,0;-0,02;-0,02
28.07.2026;05:45;06:00;0,01;0,01;-0,3;-0,3;-0,01;-0,01;0,0;0,0;-0,02;-0,02;-0,01;-0,01;-0,01;-0,01;-0,02;-0,02;0,0;0,0;0,0;0,0;0,0;0,0;0,0;0,0;-0,01;-0,01;0,0;0,0;-0,01;-0,01;0,0;0,0;0,0;0,0;-0,02;-0,02;-0,01;-0,01;-0,01;-0,01;-0,02;-0,02;-0,01;-0,01;-0,01;-0,01;-0,02;-0,02;0,0;0,0;-0,01;-0,01;-0,01;-0,01;-0,02;-0,02
28.07.2026;06:00;06:15;0,02;0,02;-0,24;-0,24;-0,03;-0,03;0,0;0,0;0,0;0,0;0,0;0,0;-0,01;-0,01;-0,02;-0,02;0,0;0,0;0,0;0,0;-0,01;-0,01;0,0;0,0;-0,22;-0,22;0,0;0,0;-0,02;-0,02;0,0;0,0;-0,01;-0,01;-0,02;-0,02;0,0;0,0;-0,01;-0,01;0,0;0,0;0,0;0,0;-0,01;-0,01;-0,01;-0,01;0,0;0,0;-0,04;-0,04;-0,01;-0,01;-0,03;-0,03
28.07.2026;06:15;06:30;0,06;0,06;-0,16;-0,16;-0,02;-0,02;0,0;0,0;-0,01;-0,01;0,0;0,0;-0,01;-0,01;-0,02;-0,02;-0,01;-0,01;0,0;0,0;0,0;0,0;0,0;0,0;-0,06;-0,06;0,0;0,0;-0,02;-0,02;0,0;0,0;0,0;0,0;-0,02;-0,02;-0,02;-0,02;-0,01;-0,01;-0,01;-0,01;-0,01;-0,01;-0,01;-0,01;-0,02;-0,02;0,0;0,0;-0,03;-0,03;0,0;0,0;-0,04;-0,04
28.07.2026;06:30;06:45;0,13;0,11;-0,18;-0,16;-0,03;-0,03;0,0;0,0;-0,01;-0,01;0,0;0,0;0,0;0,0;-0,02;-0,02;0,0;0,0;0,0;0,0;0,0;0,0;0,0;0,0;-0,05;-0,05;0,0;0,0;-0,01;-0,01;0,0;0,0;-0,01;-0,01;-0,01;-0,01;-0,01;-0,01;-0,01;-0,01;-0,01;-0,01;-0,02;-0,02;-0,01;-0,01;-0,01;-0,01;0,0;0,0;-0,01;-0,01;0,0;0,0;-0,04;-0,04
28.07.2026;06:45;07:00;0,21;0,16;-0,17;-0,12;-0,09;-0,09;0,0;0,0;-0,01;-0,01;0,0;0,0;-0,01;-0,01;-0,01;-0,01;-0,01;-0,01;0,0;0,0;0,0;0,0;0,0;0,0;-0,06;-0,06;0,0;0,0;-0,01;-0,01;0,0;0,0;-0,01;-0,01;-0,01;-0,01;-0,01;-0,01;-0,01;-0,01;-0,01;-0,01;-0,01;-0,01;0,0;0,0;-0,02;-0,02;0,0;0,0;-0,01;-0,01;-0,01;-0,01;-0,04;-0,04
28.07.2026;07:00;07:15;0,31;0,11;-0,19;-0,15;-0,03;-0,02;0,0;0,0;-0,02;-0,01;0,0;0,0;-0,01;0,0;-0,02;-0,01;-0,01;0,0;0,0;0,0;0,0;0,0;0,0;0,0;-0,02;-0,01;0,0;0,0;-0,01;0,0;0,0;0,0;-0,01;0,0;-0,01;0,0;-0,01;0,0;-0,02;-0,01;-0,01;0,0;0,0;0,0;-0,01;0,0;-0,01;0,0;0,0;0,0;-0,02;-0,01;0,0;0,0;-0,02;-0,01
28.07.2026;07:15;07:30;0,44;0,17;-0,2;-0,13;-0,15;-0,14;0,0;0,0;-0,01;0,0;0,0;0,0;-0,01;0,0;-0,02;-0,01;-0,01;0,0;-0,01;0,0;0,0;0,0;0,0;0,0;-0,01;0,0;-0,01;0,0;-0,02;-0,01;0,0;0,0;-0,02;-0,01;-0,02;-0,01;-0,01;0,0;-0,02;-0,01;-0,01;0,0;-0,01;0,0;-0,01;0,0;-0,02;-0,01;0,0;0,0;-0,01;0,0;-0,01;0,0;-0,03;-0,02
28.07.2026;07:30;07:45;0,52;0,19;-0,26;-0,16;-0,05;-0,03;0,0;0,0;-0,03;-0,01;0,0;0,0;-0,01;0,0;-0,02;0,0;0,0;0,0;0,0;0,0;0,0;0,0;0,0;0,0;-0,01;0,0;0,0;0,0;-0,04;-0,02;0,0;0,0;-0,01;0,0;-0,02;0,0;-0,01;0,0;-0,01;0,0;0,0;0,0;-0,02;0,0;-0,01;0,0;-0,01;0,0;-0,01;0,0;-0,01;0,0;0,0;0,0;-0,02;0,0
28.07.2026;07:45;08:00;0,68;0,23;-0,17;-0,02;-0,28;-0,24;0,0;0,0;-0,09;-0,05;-0,01;0,0;0,0;0,0;-0,02;0,0;-0,01;0,0;0,0;0,0;0,0;0,0;0,0;0,0;0,0;0,0;0,0;0,0;-0,01;0,0;-0,01;0,0;-0,02;0,0;-0,02;0,0;-0,01;0,0;0,0;0,0;-0,02;0,0;-0,02;0,0;-0,01;0,0;-0,01;0,0;0,0;0,0;-0,01;0,0;-0,01;0,0;-0,03;0,0
28.07.2026;08:00;08:15;0,8;0,26;-0,19;0,0;-0,07;-0,01;0,0;0,0;-0,07;-0,01;0,0;0,0;-0,03;0,0;-0,02;0,0;-0,01;0,0;0,0;0,0;0,0;0,0;0,0;0,0;-0,01;0,0;0,0;0,0;-0,02;0,0;0,0;0,0;-0,01;0,0;-0,02;0,0;-0,02;0,0;-0,01;0,0;0,0;0,0;-0,01;0,0;-0,01;0,0;-0,04;0,0;0,0;0,0;0,0;0,0;0,0;0,0;-0,02;0,0
28.07.2026;08:15;08:30;0,84;0,25;-0,19;0,0;-0,04;0,0;-0,01;0,0;-0,05;0,0;0,0;0,0;-0,01;0,0;-0,02;0,0;0,0;0,0;0,0;0,0;0,0;0,0;0,0;0,0;-0,02;0,0;0,0;0,0;-0,01;0,0;0,0;0,0;-0,01;0,0;-0,02;0,0;-0,12;-0,06;-0,01;0,0;-0,01;0,0;-0,01;0,0;-0,01;0,0;-0,18;-0,12;0,0;0,0;-0,02;0,0;-0,01;0,0;-0,02;0,0
28.07.2026;08:30;08:45;0,03;0,03;-0,18;-0,18;-0,06;-0,06;0,0;0,0;-0,05;-0,05;0,0;0,0;-0,01;-0,01;-0,04;-0,04;-0,01;-0,01;0,0;0,0;-0,01;-0,01;0,0;0,0;-0,01;-0,01;0,0;0,0;-0,01;-0,01;0,0;0,0;-0,01;-0,01;-0,02;-0,02;-0,12;-0,12;-0,01;-0,01;-0,01;-0,01;-0,01;-0,01;0,0;0,0;-0,09;-0,09;0,0;0,0;0,0;0,0;0,0;0,0;-0,01;-0,01
28.07.2026;08:45;09:00;0,0;0,0;-0,21;-0,21;-0,04;-0,04;0,0;0,0;-0,32;-0,32;0,0;0,0;-0,01;-0,01;-0,06;-0,06;0,0;0,0;0,0;0,0;0,0;0,0;0,0;0,0;0,0;0,0;0,0;0,0;-0,02;-0,02;0,0;0,0;0,0;0,0;-0,02;-0,02;-0,06;-0,06;-0,01;-0,01;-0,01;-0,01;-0,03;-0,03;-0,02;-0,02;-0,14;-0,14;0,0;0,0;-0,01;-0,01;0,0;0,0;-0,01;-0,01
28.07.2026;09:00;09:15;0,25;0,18;-0,25;-0,18;-0,03;-0,03;0,0;0,0;-0,52;-0,52;0,0;0,0;-0,02;-0,02;-0,07;-0,07;-0,01;-0,01;0,0;0,0;0,0;0,0;0,0;0,0;-0,01;-0,01;0,0;0,0;-0,01;-0,01;0,0;0,0;0,0;0,0;-0,01;-0,01;-0,05;-0,05;-0,01;-0,01;-0,01;-0,01;-0,06;-0,06;-0,01;-0,01;-0,1;-0,1;0,0;0,0;-0,01;-0,01;-0,01;-0,01;-0,02;-0,02
28.07.2026;09:15;09:30;1,3;0,52;-0,19;0,0;-0,02;0,0;0,0;0,0;-0,18;-0,06;0,0;0,0;-0,01;0,0;-0,08;0,0;-0,01;0,0;0,0;0,0;0,0;0,0;-0,01;0,0;0,0;0,0;0,0;0,0;-0,01;0,0;0,0;0,0;-0,01;0,0;-0,02;0,0;-0,12;0,0;0,0;0,0;-0,01;0,0;-0,02;0,0;0,0;0,0;-0,16;-0,04;0,0;0,0;-0,01;0,0;0,0;0,0;-0,02;0,0
28.07.2026;09:30;09:45;1,37;0,64;-0,18;0,0;-0,04;0,0;0,0;0,0;-0,03;0,0;0,0;0,0;-0,06;0,0;-0,08;0,0;-0,01;0,0;0,0;0,0;0,0;0,0;0,0;0,0;-0,02;0,0;-0,01;0,0;-0,01;0,0;0,0;0,0;0,0;0,0;-0,01;0,0;-0,06;0,0;-0,01;0,0;0,0;0,0;-0,01;0,0;-0,01;0,0;-0,42;-0,29;-0,01;0,0;-0,01;0,0;-0,01;0,0;-0,03;0,0
28.07.2026;09:45;10:00;1,49;0,87;-0,2;0,0;-0,03;0,0;0,0;0,0;-0,04;0,0;-0,01;0,0;-0,01;0,0;-0,07;0,0;0,0;0,0;0,0;0,0;0,0;0,0;0,0;0,0;-0,01;0,0;0,0;0,0;-0,01;0,0;0,0;0,0;-0,01;0,0;-0,02;0,0;-0,07;0,0;-0,01;0,0;-0,02;0,0;-0,02;0,0;-0,01;0,0;-0,05;0,0;0,0;0,0;-0,01;0,0;0,0;0,0;-0,02;0,0
28.07.2026;10:00;10:15;1,56;0,92;-0,23;0,0;-0,04;0,0;0,0;0,0;-0,04;0,0;0,0;0,0;-0,02;0,0;-0,05;0,0;-0,01;0,0;0,0;0,0;0,0;0,0;0,0;0,0;-0,01;0,0;0,0;0,0;-0,02;0,0;0,0;0,0;-0,01;0,0;-0,03;0,0;-0,07;0,0;0,0;0,0;0,0;0,0;-0,02;0,0;-0,01;0,0;-0,04;0,0;0,0;0,0;-0,01;0,0;-0,01;0,0;-0,02;0,0
28.07.2026;10:15;10:30;1,61;0,86;-0,28;0,0;-0,05;0,0;0,0;0,0;-0,06;0,0;0,0;0,0;-0,02;0,0;-0,05;0,0;0,0;0,0;0,0;0,0;0,0;0,0;0,0;0,0;0,0;0,0;0,0;0,0;-0,01;0,0;-0,01;0,0;-0,02;0,0;-0,04;0,0;-0,08;0,0;-0,01;0,0;-0,01;0,0;-0,03;0,0;-0,01;0,0;-0,05;0,0;0,0;0,0;-0,01;0,0;0,0;0,0;-0,01;0,0
28.07.2026;10:30;10:45;1,52;0,51;-0,34;0,0;-0,09;0,0;0,0;0,0;-0,15;-0,02;0,0;0,0;-0,01;0,0;-0,16;-0,03;-0,01;0,0;0,0;0,0;0,0;0,0;0,0;0,0;0,0;0,0;0,0;0,0;-0,01;0,0;0,0;0,0;-0,01;0,0;-0,04;0,0;-0,09;0,0;-0,01;0,0;-0,01;0,0;-0,07;0,0;-0,01;0,0;-0,01;0,0;0,0;0,0;-0,01;0,0;-0,01;0,0;-0,02;0,0
28.07.2026;10:45;11:00;1,75;0,77;-0,26;0,0;-0,06;0,0;0,0;0,0;-0,17;0,0;0,0;0,0;-0,01;0,0;-0,05;0,0;0,0;0,0;0,0;0,0;0,0;0,0;0,0;0,0;-0,02;0,0;0,0;0,0;-0,02;0,0;0,0;0,0;-0,02;0,0;-0,03;0,0;-0,05;0,0;-0,01;0,0;-0,01;0,0;-0,37;-0,2;-0,01;0,0;-0,05;0,0;0,0;0,0;-0,01;0,0;0,0;0,0;-0,03;0,0
28.07.2026;11:00;11:15;1,23;0,44;-0,19;0,0;-0,05;0,0;0,0;0,0;-0,1;0,0;0,0;0,0;-0,02;0,0;-0,06;0,0;-0,01;0,0;0,0;0,0;-0,01;0,0;0,0;0,0;-0,02;0,0;0,0;0,0;-0,01;0,0;0,0;0,0;-0,01;0,0;-0,04;0,0;-0,02;0,0;-0,01;0,0;-0,01;0,0;-0,33;-0,23;0,0;0,0;-0,12;-0,02;0,0;0,0;0,0;0,0;-0,01;0,0;-0,02;0,0
28.07.2026;11:15;11:30;1,05;0,39;-0,17;0,0;-0,03;0,0;0,0;0,0;-0,34;-0,26;0,0;0,0;0,0;0,0;-0,07;0,0;-0,01;0,0;0,0;0,0;0,0;0,0;0,0;0,0;0,0;0,0;0,0;0,0;-0,01;0,0;0,0;0,0;0,0;0,0;-0,04;0,0;-0,02;0,0;-0,01;0,0;-0,01;0,0;-0,43;-0,35;-0,01;0,0;-0,15;-0,07;0,0;0,0;-0,02;0,0;0,0;0,0;-0,02;0,0
28.07.2026;11:30;11:45;0,93;0,28;-0,17;0,0;-0,05;0,0;-0,01;0,0;-0,24;-0,17;0,0;0,0;-0,01;0,0;-0,2;-0,13;0,0;0,0;0,0;0,0;0,0;0,0;0,0;0,0;-0,01;0,0;-0,01;0,0;-0,02;0,0;0,0;0,0;-0,01;0,0;-0,03;0,0;-0,02;0,0;0,0;0,0;0,0;0,0;-0,59;-0,52;-0,01;0,0;-0,15;-0,08;-0,01;0,0;0,0;0,0;0,0;0,0;-0,01;0,0
28.07.2026;11:45;12:00;1,82;0,98;-0,18;0,0;-0,03;0,0;0,0;0,0;-0,1;0,0;-0,01;0,0;-0,01;0,0;-0,23;-0,04;-0,01;0,0;0,0;0,0;0,0;0,0;0,0;0,0;0,0;0,0;0,0;0,0;0,0;0,0;0,0;0,0;0,0;0,0;-0,02;0,0;-0,02;0,0;-0,01;0,0;-0,02;0,0;-0,06;0,0;-0,01;0,0;-0,14;0,0;0,0;0,0;-0,01;0,0;-0,01;0,0;-0,01;0,0
28.07.2026;12:00;12:15;1,16;0,53;-0,17;0,0;-0,01;0,0;0,0;0,0;-0,04;0,0;0,0;0,0;-0,01;0,0;-0,22;-0,12;-0,01;0,0;0,0;0,0;0,0;0,0;0,0;0,0;-0,02;0,0;0,0;0,0;-0,02;0,0;0,0;0,0;0,0;0,0;-0,03;0,0;-0,02;0,0;-0,01;0,0;0,0;0,0;-0,04;0,0;-0,01;0,0;-0,13;-0,03;0,0;0,0;-0,01;0,0;-0,01;0,0;-0,02;0,0
28.07.2026;12:15;12:30;1,77;1,19;-0,18;0,0;-0,01;0,0;0,0;0,0;-0,02;0,0;0,0;0,0;-0,01;0,0;-0,17;0,0;0,0;0,0;-0,01;0,0;0,0;0,0;0,0;0,0;-0,01;0,0;0,0;0,0;-0,01;0,0;0,0;0,0;0,0;0,0;-0,01;0,0;-0,02;0,0;0,0;0,0;-0,01;0,0;-0,03;0,0;-0,01;0,0;-0,05;0,0;0,0;0,0;-0,01;0,0;0,0;0,0;-0,02;0,0
28.07.2026;12:30;12:45;1,44;0,77;-0,25;0,0;-0,03;0,0;0,0;0,0;-0,02;0,0;0,0;0,0;0,0;0,0;-0,14;0,0;-0,01;0,0;0,0;0,0;0,0;0,0;0,0;0,0;-0,01;0,0;0,0;0,0;-0,01;0,0;0,0;0,0;-0,01;0,0;-0,02;0,0;-0,02;0,0;-0,01;0,0;-0,01;0,0;-0,02;0,0;-0,01;0,0;-0,06;0,0;0,0;0,0;-0,01;0,0;0,0;0,0;-0,03;0,0
28.07.2026;12:45;13:00;0,43;0,18;-0,19;-0,11;-0,02;-0,01;0,0;0,0;-0,02;-0,01;-0,02;-0,01;-0,02;-0,01;-0,12;-0,11;-0,01;0,0;0,0;0,0;0,0;0,0;0,0;0,0;0,0;0,0;0,0;0,0;-0,02;-0,01;-0,01;0,0;-0,02;-0,01;-0,02;-0,01;-0,03;-0,02;0,0;0,0;-0,01;0,0;-0,05;-0,04;0,0;0,0;-0,04;-0,03;0,0;0,0;-0,02;-0,01;-0,01;0,0;-0,02;-0,01
28.07.2026;13:00;13:15;0,0;0,0;-0,18;-0,18;-0,01;-0,01;0,0;0,0;-0,19;-0,19;-0,02;-0,02;-0,01;-0,01;-0,41;-0,41;0,0;0,0;0,0;0,0;0,0;0,0;0,0;0,0;-0,01;-0,01;0,0;0,0;0,0;0,0;0,0;0,0;-0,01;-0,01;-0,02;-0,02;-0,03;-0,03;-0,04;-0,04;-0,01;-0,01;-0,03;-0,03;-0,01;-0,01;-0,05;-0,05;0,0;0,0;0,0;0,0;-0,01;-0,01;-0,02;-0,02
28.07.2026;13:15;13:30;0,83;0,26;-0,18;0,0;-0,02;0,0;0,0;0,0;-0,02;0,0;-0,01;0,0;-0,01;0,0;-0,34;-0,28;-0,01;0,0;0,0;0,0;0,0;0,0;0,0;0,0;-0,01;0,0;0,0;0,0;-0,02;0,0;0,0;0,0;-0,02;0,0;-0,02;0,0;-0,02;0,0;-0,14;-0,08;-0,01;0,0;-0,03;0,0;-0,01;0,0;-0,04;0,0;0,0;0,0;-0,01;0,0;0,0;0,0;-0,01;0,0
28.07.2026;13:30;13:45;0,83;0,24;-0,17;0,0;-0,02;0,0;0,0;0,0;-0,03;0,0;-0,02;0,0;-0,07;-0,02;-0,41;-0,36;0,0;0,0;0,0;0,0;-0,01;0,0;0,0;0,0;-0,02;0,0;-0,01;0,0;-0,01;0,0;0,0;0,0;-0,01;0,0;-0,02;0,0;-0,02;0,0;-0,18;-0,13;-0,01;0,0;-0,02;0,0;-0,01;0,0;-0,03;0,0;-0,01;0,0;-0,01;0,0;0,0;0,0;-0,01;0,0
28.07.2026;13:45;14:00;1,63;0,91;-0,21;0,0;-0,02;0,0;0,0;0,0;-0,03;0,0;0,0;0,0;-0,03;0,0;-0,27;-0,1;-0,01;0,0;0,0;0,0;0,0;0,0;0,0;0,0;0,0;0,0;0,0;0,0;-0,01;0,0;0,0;0,0;-0,01;0,0;-0,03;0,0;-0,02;0,0;-0,05;0,0;-0,01;0,0;-0,03;0,0;-0,01;0,0;-0,04;0,0;0,0;0,0;-0,01;0,0;-0,01;0,0;-0,02;0,0
28.07.2026;14:00;14:15;1,72;1,1;-0,22;0,0;-0,02;0,0;0,0;0,0;-0,05;0,0;-0,01;0,0;-0,03;0,0;-0,09;0,0;0,0;0,0;0,0;0,0;0,0;0,0;0,0;0,0;-0,01;0,0;0,0;0,0;-0,01;0,0;0,0;0,0;-0,01;0,0;-0,01;0,0;-0,02;0,0;-0,02;0,0;0,0;0,0;-0,03;0,0;-0,01;0,0;-0,03;0,0;0,0;0,0;-0,01;0,0;0,0;0,0;-0,04;0,0
28.07.2026;14:15;14:30;1,52;0,79;-0,2;0,0;-0,02;0,0;0,0;0,0;-0,35;-0,2;0,0;0,0;-0,04;0,0;-0,08;0,0;-0,01;0,0;0,0;0,0;0,0;0,0;-0,01;0,0;0,0;0,0;0,0;0,0;-0,01;0,0;0,0;0,0;-0,01;0,0;-0,01;0,0;-0,02;0,0;-0,03;0,0;-0,02;0,0;-0,02;0,0;-0,01;0,0;-0,03;0,0;0,0;0,0;-0,01;0,0;-0,01;0,0;-0,04;0,0
28.07.2026;14:30;14:45;1,53;0,73;-0,17;0,0;-0,02;0,0;0,0;0,0;-0,12;0,0;0,0;0,0;-0,03;0,0;-0,08;0,0;-0,01;0,0;0,0;0,0;0,0;0,0;0,0;0,0;-0,02;0,0;0,0;0,0;-0,01;0,0;0,0;0,0;0,0;0,0;-0,02;0,0;-0,02;0,0;-0,06;0,0;-0,01;0,0;-0,48;-0,34;0,0;0,0;-0,03;0,0;0,0;0,0;-0,01;0,0;0,0;0,0;-0,05;0,0
28.07.2026;14:45;15:00;1,91;0,85;-0,17;0,0;-0,02;0,0;0,0;0,0;-0,36;-0,16;0,0;0,0;-0,03;0,0;-0,08;0,0;0,0;0,0;0,0;0,0;0,0;0,0;0,0;0,0;-0,01;0,0;0,0;0,0;-0,02;0,0;0,0;0,0;0,0;0,0;-0,01;0,0;-0,02;0,0;-0,26;-0,06;0,0;0,0;-0,36;-0,16;-0,02;0,0;-0,03;0,0;0,0;0,0;-0,01;0,0;-0,01;0,0;-0,03;0,0
28.07.2026;15:00;15:15;1,83;0,88;-0,25;0,0;-0,02;0,0;-0,01;0,0;-0,07;0,0;-0,01;0,0;-0,03;0,0;-0,11;0,0;-0,01;0,0;0,0;0,0;0,0;0,0;0,0;0,0;-0,01;0,0;0,0;0,0;-0,01;0,0;0,0;0,0;0,0;0,0;-0,01;0,0;-0,01;0,0;-0,35;-0,16;-0,01;0,0;-0,13;0,0;-0,01;0,0;-0,03;0,0;0,0;0,0;-0,01;0,0;0,0;0,0;-0,02;0,0
28.07.2026;15:15;15:30;1,3;0,45;-0,2;0,0;-0,01;0,0;0,0;0,0;-0,03;0,0;0,0;0,0;-0,05;0,0;-0,26;-0,16;-0,01;0,0;0,0;0,0;0,0;0,0;0,0;0,0;0,0;0,0;0,0;0,0;-0,02;0,0;-0,01;0,0;-0,01;0,0;-0,02;0,0;-0,11;-0,01;-0,17;-0,07;-0,01;0,0;-0,13;-0,03;0,0;0,0;-0,05;0,0;0,0;0,0;0,0;0,0;0,0;0,0;-0,03;0,0
28.07.2026;15:30;15:45;1,64;0,75;-0,18;0,0;-0,02;0,0;0,0;0,0;-0,02;0,0;0,0;0,0;-0,09;0,0;-0,27;-0,12;0,0;0,0;0,0;0,0;0,0;0,0;0,0;0,0;-0,01;0,0;-0,01;0,0;-0,03;0,0;0,0;0,0;-0,01;0,0;-0,02;0,0;-0,29;-0,14;-0,07;0,0;-0,01;0,0;-0,02;0,0;-0,01;0,0;-0,03;0,0;-0,01;0,0;-0,02;0,0;-0,01;0,0;-0,02;0,0
28.07.2026;15:45;16:00;1,11;0,41;-0,2;0,0;-0,02;0,0;0,0;0,0;-0,03;0,0;0,0;0,0;-0,05;0,0;-0,11;-0,03;-0,01;0,0;0,0;0,0;0,0;0,0;0,0;0,0;-0,01;0,0;0,0;0,0;-0,03;0,0;0,0;0,0;-0,02;0,0;-0,02;0,0;-0,28;-0,2;-0,05;0,0;-0,01;0,0;-0,02;0,0;-0,01;0,0;-0,04;0,0;0,0;0,0;0,0;0,0;0,0;0,0;-0,02;0,0
28.07.2026;16:00;16:15;1,21;0,43;-0,24;0,0;-0,03;0,0;0,0;0,0;-0,01;0,0;0,0;0,0;-0,03;0,0;-0,08;0,0;-0,01;0,0;0,0;0,0;-0,01;0,0;0,0;0,0;-0,02;0,0;0,0;0,0;-0,04;0,0;0,0;0,0;-0,01;0,0;-0,02;0,0;-0,55;-0,46;-0,06;0,0;-0,01;0,0;-0,02;0,0;-0,01;0,0;-0,03;0,0;0,0;0,0;-0,02;0,0;-0,01;0,0;-0,03;0,0
28.07.2026;16:15;16:30;1,26;0,59;-0,17;0,0;-0,04;0,0;0,0;0,0;-0,01;0,0;0,0;0,0;-0,03;0,0;-0,07;0,0;0,0;0,0;0,0;0,0;0,0;0,0;0,0;0,0;0,0;0,0;0,0;0,0;-0,03;0,0;0,0;0,0;-0,02;0,0;-0,03;0,0;-0,18;-0,06;-0,06;0,0;-0,01;0,0;-0,02;0,0;-0,01;0,0;-0,01;0,0;0,0;0,0;0,0;0,0;0,0;0,0;-0,04;0,0
28.07.2026;16:30;16:45;1,01;0,36;-0,2;0,0;-0,04;0,0;0,0;0,0;-0,01;0,0;0,0;0,0;-0,01;0,0;-0,07;0,0;-0,01;0,0;0,0;0,0;0,0;0,0;0,0;0,0;-0,01;0,0;0,0;0,0;-0,02;0,0;0,0;0,0;-0,01;0,0;-0,02;0,0;-0,14;-0,06;-0,05;0,0;-0,01;0,0;-0,02;0,0;-0,01;0,0;-0,02;0,0;0,0;0,0;-0,01;0,0;0,0;0,0;-0,05;0,0
28.07.2026;16:45;17:00;1,07;0,52;-0,16;0,0;-0,04;0,0;0,0;0,0;-0,02;0,0;0,0;0,0;-0,02;0,0;-0,27;-0,19;0,0;0,0;0,0;0,0;0,0;0,0;0,0;0,0;0,0;0,0;0,0;0,0;-0,03;0,0;0,0;0,0;-0,01;0,0;-0,01;0,0;-0,03;0,0;-0,05;0,0;0,0;0,0;-0,01;0,0;-0,01;0,0;-0,02;0,0;0,0;0,0;-0,01;0,0;-0,01;0,0;-0,04;0,0
28.07.2026;17:00;17:15;1,02;0,37;-0,24;0,0;-0,05;0,0;0,0;0,0;-0,03;0,0;-0,01;0,0;-0,01;0,0;-0,21;-0,13;-0,01;0,0;0,0;0,0;0,0;0,0;0,0;0,0;-0,02;0,0;0,0;0,0;-0,02;0,0;0,0;0,0;-0,01;0,0;-0,01;0,0;-0,02;0,0;-0,04;0,0;-0,02;0,0;-0,01;0,0;0,0;0,0;-0,01;0,0;0,0;0,0;-0,01;0,0;0,0;0,0;-0,05;0,0
28.07.2026;17:15;17:30;0,26;0,19;-0,31;-0,24;-0,05;-0,05;0,0;0,0;-0,02;-0,02;0,0;0,0;-0,02;-0,02;-0,06;-0,06;0,0;0,0;-0,01;-0,01;0,0;0,0;0,0;0,0;-0,02;-0,02;0,0;0,0;-0,02;-0,02;0,0;0,0;0,0;0,0;-0,01;-0,01;-0,09;-0,09;-0,03;-0,03;0,0;0,0;-0,01;-0,01;-0,01;-0,01;-0,01;-0,01;0,0;0,0;-0,01;-0,01;-0,01;-0,01;-0,04;-0,04
28.07.2026;17:30;17:45;0,0;0,0;-0,29;-0,29;-0,04;-0,04;0,0;0,0;-0,07;-0,07;0,0;0,0;-0,01;-0,01;-0,06;-0,06;-0,01;-0,01;0,0;0,0;0,0;0,0;0,0;0,0;0,0;0,0;0,0;0,0;-0,03;-0,03;0,0;0,0;-0,01;-0,01;-0,18;-0,18;-0,11;-0,11;-0,04;-0,04;-0,01;-0,01;-0,03;-0,03;-0,01;-0,01;-0,02;-0,02;-0,01;-0,01;-0,02;-0,02;0,0;0,0;-0,04;-0,04
28.07.2026;17:45;18:00;0,0;0,0;-0,22;-0,22;-0,04;-0,04;0,0;0,0;-0,02;-0,02;0,0;0,0;0,0;0,0;-0,07;-0,07;-0,01;-0,01;0,0;0,0;0,0;0,0;0,0;0,0;0,0;0,0;-0,01;-0,01;-0,02;-0,02;-0,01;-0,01;-0,01;-0,01;-0,14;-0,14;-0,31;-0,31;-0,17;-0,17;-0,01;-0,01;-0,03;-0,03;-0,01;-0,01;-0,05;-0,05;0,0;0,0;-0,01;-0,01;-0,01;-0,01;-0,04;-0,04
28.07.2026;18:00;18:15;0,55;0,19;-0,21;-0,1;-0,06;-0,04;0,0;0,0;-0,02;0,0;0,0;0,0;-0,01;0,0;-0,46;-0,44;0,0;0,0;0,0;0,0;0,0;0,0;0,0;0,0;-0,01;0,0;0,0;0,0;-0,02;0,0;0,0;0,0;-0,01;0,0;-0,08;-0,06;-0,08;-0,06;-0,09;-0,07;-0,01;0,0;0,0;0,0;-0,01;0,0;-0,03;-0,01;0,0;0,0;-0,03;-0,01;0,0;0,0;-0,04;-0,02
28.07.2026;18:15;18:30;0,46;0,19;-0,18;-0,09;-0,05;-0,04;-0,01;0,0;-0,01;0,0;0,0;0,0;-0,01;0,0;-0,45;-0,44;-0,01;0,0;0,0;0,0;0,0;0,0;0,0;0,0;-0,02;-0,01;0,0;0,0;-0,02;-0,01;0,0;0,0;-0,02;-0,01;-0,07;-0,06;-0,14;-0,13;-0,04;-0,03;-0,01;0,0;-0,03;-0,02;-0,01;0,0;-0,02;-0,01;0,0;0,0;-0,02;-0,01;0,0;0,0;-0,3;-0,29
28.07.2026;18:30;18:45;0,38;0,13;-0,3;-0,23;-0,04;-0,03;0,0;0,0;-0,1;-0,09;0,0;0,0;-0,01;0,0;-0,05;-0,04;-0,01;0,0;0,0;0,0;-0,01;0,0;0,0;0,0;-0,01;0,0;0,0;0,0;-0,01;0,0;0,0;0,0;-0,01;0,0;-0,08;-0,07;-0,09;-0,08;-0,03;-0,02;-0,01;0,0;0,0;0,0;-0,01;0,0;-0,08;-0,07;0,0;0,0;-0,02;-0,01;-0,01;0,0;-0,17;-0,16
28.07.2026;18:45;19:00;0,28;0,2;-0,18;-0,1;-0,04;-0,04;0,0;0,0;-0,04;-0,04;0,0;0,0;-0,01;-0,01;-0,03;-0,03;0,0;0,0;0,0;0,0;0,0;0,0;0,0;0,0;-0,01;-0,01;0,0;0,0;-0,02;-0,02;0,0;0,0;-0,02;-0,02;-0,06;-0,06;-0,08;-0,08;-0,03;-0,03;0,0;0,0;-0,02;-0,02;-0,01;-0,01;-0,08;-0,08;0,0;0,0;-0,01;-0,01;0,0;0,0;-0,07;-0,07
28.07.2026;19:00;19:15;0,22;0,17;-0,17;-0,12;-0,05;-0,05;0,0;0,0;-0,04;-0,04;-0,01;-0,01;0,0;0,0;-0,03;-0,03;-0,01;-0,01;0,0;0,0;0,0;0,0;0,0;0,0;0,0;0,0;0,0;0,0;0,0;0,0;0,0;0,0;-0,01;-0,01;-0,07;-0,07;-0,08;-0,08;-0,04;-0,04;-0,02;-0,02;-0,02;-0,02;-0,01;-0,01;-0,08;-0,08;0,0;0,0;-0,01;-0,01;-0,01;-0,01;-0,04;-0,04
28.07.2026;19:15;19:30;0,17;0,12;-0,29;-0,24;-0,09;-0,09;0,0;0,0;-0,04;-0,04;0,0;0,0;-0,01;-0,01;-0,03;-0,03;-0,01;-0,01;0,0;0,0;0,0;0,0;-0,01;-0,01;0,0;0,0;0,0;0,0;-0,02;-0,02;0,0;0,0;-0,02;-0,02;-0,08;-0,08;-0,09;-0,09;-0,06;-0,06;-0,01;-0,01;-0,01;-0,01;-0,01;-0,01;-0,19;-0,19;0,0;0,0;-0,01;-0,01;0,0;0,0;-0,05;-0,05
28.07.2026;19:30;19:45;0,11;0,11;-0,17;-0,17;-0,03;-0,03;0,0;0,0;-0,04;-0,04;0,0;0,0;-0,01;-0,01;-0,03;-0,03;0,0;0,0;0,0;0,0;0,0;0,0;0,0;0,0;-0,02;-0,02;0,0;0,0;-0,01;-0,01;0,0;0,0;-0,01;-0,01;-0,08;-0,08;-0,08;-0,08;-0,05;-0,05;0,0;0,0;-0,1;-0,1;-0,01;-0,01;-0,16;-0,16;-0,01;-0,01;-0,02;-0,02;0,0;0,0;-0,04;-0,04
28.07.2026;19:45;20:00;0,06;0,06;-0,19;-0,19;-0,05;-0,05;0,0;0,0;-0,04;-0,04;0,0;0,0;-0,01;-0,01;-0,04;-0,04;-0,01;-0,01;0,0;0,0;0,0;0,0;0,0;0,0;-0,03;-0,03;-0,01;-0,01;-0,01;-0,01;0,0;0,0;-0,03;-0,03;-0,08;-0,08;-0,09;-0,09;-0,05;-0,05;-0,02;-0,02;-0,38;-0,38;-0,01;-0,01;-0,18;-0,18;0,0;0,0;0,0;0,0;-0,01;-0,01;-0,04;-0,04
28.07.2026;20:00;20:15;0,04;0,04;-0,19;-0,19;-0,1;-0,1;0,0;0,0;-0,03;-0,03;0,0;0,0;-0,01;-0,01;-0,02;-0,02;0,0;0,0;0,0;0,0;0,0;0,0;0,0;0,0;-0,02;-0,02;0,0;0,0;-0,01;-0,01;0,0;0,0;-0,01;-0,01;-0,09;-0,09;-0,11;-0,11;-0,01;-0,01;0,0;0,0;-0,08;-0,08;-0,01;-0,01;-0,21;-0,21;0,0;0,0;-0,02;-0,02;-0,01;-0,01;-0,05;-0,05
28.07.2026;20:15;20:30;0,02;0,02;-0,19;-0,19;-0,05;-0,05;0,0;0,0;-0,03;-0,03;0,0;0,0;-0,09;-0,09;-0,02;-0,02;-0,01;-0,01;0,0;0,0;0,0;0,0;0,0;0,0;-0,02;-0,02;0,0;0,0;-0,01;-0,01;-0,01;-0,01;-0,01;-0,01;-0,07;-0,07;-0,1;-0,1;-0,01;-0,01;-0,01;-0,01;-0,03;-0,03;-0,01;-0,01;-0,19;-0,19;0,0;0,0;0,0;0,0;0,0;0,0;-0,04;-0,04
28.07.2026;20:30;20:45;0,01;0,01;-0,16;-0,16;-0,04;-0,04;0,0;0,0;-0,03;-0,03;0,0;0,0;-0,05;-0,05;-0,04;-0,04;0,0;0,0;0,0;0,0;0,0;0,0;0,0;0,0;-0,02;-0,02;0,0;0,0;-0,01;-0,01;0,0;0,0;0,0;0,0;-0,06;-0,06;-0,22;-0,22;-0,02;-0,02;-0,01;-0,01;-0,03;-0,03;-0,01;-0,01;-0,18;-0,18;0,0;0,0;-0,02;-0,02;0,0;0,0;-0,05;-0,05
28.07.2026;20:45;21:00;0,0;0,0;-0,21;-0,21;-0,04;-0,04;0,0;0,0;-0,04;-0,04;0,0;0,0;-0,04;-0,04;-0,03;-0,03;-0,01;-0,01;0,0;0,0;0,0;0,0;0,0;0,0;-0,03;-0,03;0,0;0,0;-0,02;-0,02;0,0;0,0;-0,01;-0,01;-0,06;-0,06;-0,04;-0,04;0,0;0,0;0,0;0,0;-0,03;-0,03;-0,01;-0,01;-0,12;-0,12;0,0;0,0;0,0;0,0;-0,01;-0,01;-0,04;-0,04
28.07.2026;21:00;21:15;0,0;0,0;-0,19;-0,19;-0,06;-0,06;0,0;0,0;-0,04;-0,04;-0,01;-0,01;-0,05;-0,05;-0,03;-0,03;-0,01;-0,01;0,0;0,0;-0,01;-0,01;0,0;0,0;-0,02;-0,02;0,0;0,0;-0,01;-0,01;0,0;0,0;0,0;0,0;-0,06;-0,06;-0,07;-0,07;-0,01;-0,01;-0,02;-0,02;-0,04;-0,04;-0,01;-0,01;-0,12;-0,12;0,0;0,0;-0,02;-0,02;0,0;0,0;-0,04;-0,04
28.07.2026;21:15;21:30;0,0;0,0;-0,29;-0,29;-0,06;-0,06;0,0;0,0;-0,04;-0,04;0,0;0,0;-0,07;-0,07;-0,03;-0,03;-0,01;-0,01;0,0;0,0;0,0;0,0;0,0;0,0;-0,02;-0,02;0,0;0,0;-0,02;-0,02;0,0;0,0;-0,02;-0,02;-0,05;-0,05;-0,06;-0,06;-0,01;-0,01;-0,01;-0,01;-0,02;-0,02;-0,01;-0,01;-0,15;-0,15;0,0;0,0;0,0;0,0;0,0;0,0;-0,04;-0,04
28.07.2026;21:30;21:45;0,0;0,0;-0,3;-0,3;-0,2;-0,2;-0,01;-0,01;-0,04;-0,04;0,0;0,0;-0,09;-0,09;-0,03;-0,03;0,0;0,0;0,0;0,0;0,0;0,0;0,0;0,0;-0,01;-0,01;0,0;0,0;-0,02;-0,02;0,0;0,0;-0,11;-0,11;-0,04;-0,04;-0,03;-0,03;-0,03;-0,03;0,0;0,0;-0,02;-0,02;0,0;0,0;-0,07;-0,07;-0,01;-0,01;-0,02;-0,02;-0,01;-0,01;-0,04;-0,04
28.07.2026;21:45;22:00;0,0;0,0;-0,23;-0,23;-0,24;-0,24;0,0;0,0;-0,02;-0,02;0,0;0,0;-0,07;-0,07;-0,03;-0,03;-0,01;-0,01;0,0;0,0;0,0;0,0;0,0;0,0;-0,02;-0,02;-0,01;-0,01;-0,01;-0,01;0,0;0,0;-0,09;-0,09;-0,05;-0,05;0,0;0,0;-0,03;-0,03;-0,02;-0,02;-0,06;-0,06;-0,02;-0,02;-0,09;-0,09;0,0;0,0;0,0;0,0;-0,01;-0,01;-0,04;-0,04
28.07.2026;22:00;22:15;0,0;0,0;-0,21;-0,21;-0,12;-0,12;0,0;0,0;-0,03;-0,03;0,0;0,0;-0,02;-0,02;-0,05;-0,05;0,0;0,0;0,0;0,0;0,0;0,0;0,0;0,0;-0,03;-0,03;0,0;0,0;-0,03;-0,03;0,0;0,0;-0,18;-0,18;-0,05;-0,05;-0,02;-0,02;-0,13;-0,13;0,0;0,0;-0,09;-0,09;-0,01;-0,01;-0,05;-0,05;0,0;0,0;-0,02;-0,02;0,0;0,0;-0,03;-0,03
28.07.2026;22:15;22:30;0,0;0,0;-0,21;-0,21;-0,06;-0,06;0,0;0,0;-0,04;-0,04;0,0;0,0;-0,46;-0,46;-0,05;-0,05;-0,01;-0,01;-0,01;-0,01;0,0;0,0;0,0;0,0;-0,02;-0,02;0,0;0,0;-0,04;-0,04;0,0;0,0;-0,38;-0,38;-0,05;-0,05;-0,02;-0,02;-0,08;-0,08;-0,01;-0,01;-0,11;-0,11;-0,01;-0,01;-0,05;-0,05;0,0;0,0;0,0;0,0;0,0;0,0;-0,02;-0,02
28.07.2026;22:30;22:45;0,0;0,0;-0,18;-0,18;-0,04;-0,04;0,0;0,0;-0,04;-0,04;0,0;0,0;-0,22;-0,22;-0,06;-0,06;-0,01;-0,01;0,0;0,0;0,0;0,0;0,0;0,0;0,0;0,0;0,0;0,0;-0,54;-0,54;0,0;0,0;-0,17;-0,17;-0,04;-0,04;-0,01;-0,01;-0,04;-0,04;-0,01;-0,01;-0,11;-0,11;-0,01;-0,01;-0,06;-0,06;0,0;0,0;-0,01;-0,01;-0,01;-0,01;-0,02;-0,02
28.07.2026;22:45;23:00;0,0;0,0;-0,18;-0,18;-0,02;-0,02;0,0;0,0;-0,04;-0,04;0,0;0,0;-0,06;-0,06;-0,06;-0,06;0,0;0,0;0,0;0,0;0,0;0,0;0,0;0,0;-0,01;-0,01;0,0;0,0;-0,17;-0,17;-0,01;-0,01;-0,04;-0,04;-0,02;-0,02;-0,02;-0,02;-0,03;-0,03;-0,01;-0,01;-0,1;-0,1;0,0;0,0;-0,04;-0,04;0,0;0,0;-0,01;-0,01;0,0;0,0;-0,01;-0,01
28.07.2026;23:00;23:15;0,0;0,0;-0,18;-0,18;-0,03;-0,03;0,0;0,0;-0,03;-0,03;-0,01;-0,01;-0,17;-0,17;-0,05;-0,05;-0,01;-0,01;0,0;0,0;0,0;0,0;0,0;0,0;-0,01;-0,01;0,0;0,0;-0,35;-0,35;0,0;0,0;-0,02;-0,02;-0,01;-0,01;0,0;0,0;-0,01;-0,01;-0,01;-0,01;-0,11;-0,11;-0,02;-0,02;-0,04;-0,04;0,0;0,0;-0,01;-0,01;-0,01;-0,01;-0,12;-0,12
28.07.2026;23:15;23:30;0,0;0,0;-0,18;-0,18;-0,03;-0,03;0,0;0,0;-0,03;-0,03;0,0;0,0;-0,02;-0,02;-0,06;-0,06;0,0;0,0;0,0;0,0;0,0;0,0;0,0;0,0;-0,02;-0,02;0,0;0,0;-0,24;-0,24;0,0;0,0;-0,01;-0,01;-0,02;-0,02;-0,02;-0,02;-0,01;-0,01;-0,01;-0,01;-0,09;-0,09;-0,01;-0,01;-0,03;-0,03;0,0;0,0;-0,01;-0,01;0,0;0,0;-0,1;-0,1
28.07.2026;23:30;23:45;0,0;0,0;-0,17;-0,17;-0,04;-0,04;0,0;0,0;-0,03;-0,03;0,0;0,0;-0,01;-0,01;-0,06;-0,06;-0,01;-0,01;0,0;0,0;-0,01;-0,01;0,0;0,0;-0,01;-0,01;0,0;0,0;-0,2;-0,2;0,0;0,0;-0,01;-0,01;-0,02;-0,02;-0,02;-0,02;-0,01;-0,01;0,0;0,0;-0,1;-0,1;-0,01;-0,01;-0,01;-0,01;-0,01;-0,01;-0,01;-0,01;0,0;0,0;-0,08;-0,08
28.07.2026;23:45;00:00;0,0;0,0;-0,16;-0,16;-0,05;-0,05;0,0;0,0;-0,03;-0,03;0,0;0,0;-0,01;-0,01;-0,05;-0,05;0,0;0,0;0,0;0,0;0,0;0,0;0,0;0,0;0,0;0,0;-0,01;-0,01;-0,16;-0,16;0,0;0,0;-0,01;-0,01;-0,02;-0,02;-0,02;-0,02;0,0;0,0;-0,02;-0,02;-0,1;-0,1;-0,01;-0,01;-0,02;-0,02;0,0;0,0;-0,01;-0,01;-0,01;-0,01;-0,06;-0,06
29.07.2026;00:00;00:15;0,0;0,0;-0,18;-0,18;-0,02;-0,02;0,0;0,0;-0,04;-0,04;0,0;0,0;0,0;0,0;-0,04;-0,04;-0,01;-0,01;0,0;0,0;0,0;0,0;0,0;0,0;0,0;0,0;0,0;0,0;-0,16;-0,16;0,0;0,0;-0,01;-0,01;-0,02;-0,02;-0,02;-0,02;-0,01;-0,01;0,0;0,0;-0,08;-0,08;-0,01;-0,01;-0,01;-0,01;0,0;0,0;-0,01;-0,01;0,0;0,0;-0,01;-0,01
29.07.2026;00:15;00:30;0,0;0,0;-0,19;-0,19;-0,04;-0,04;0,0;0,0;-0,04;-0,04;0,0;0,0;-0,02;-0,02;-0,06;-0,06;-0,01;-0,01;0,0;0,0;0,0;0,0;-0,01;-0,01;-0,02;-0,02;0,0;0,0;-0,16;-0,16;0,0;0,0;-0,02;-0,02;-0,02;-0,02;0,0;0,0;-0,01;-0,01;-0,01;-0,01;-0,09;-0,09;-0,01;-0,01;-0,02;-0,02;0,0;0,0;-0,01;-0,01;0,0;0,0;-0,02;-0,02
29.07.2026;00:30;00:45;0,0;0,0;-0,22;-0,22;-0,03;-0,03;0,0;0,0;-0,02;-0,02;0,0;0,0;0,0;0,0;-0,06;-0,06;-0,01;-0,01;0,0;0,0;0,0;0,0;0,0;0,0;-0,02;-0,02;0,0;0,0;-0,15;-0,15;0,0;0,0;-0,03;-0,03;-0,03;-0,03;-0,01;-0,01;-0,01;-0,01;-0,02;-0,02;-0,09;-0,09;0,0;0,0;-0,01;-0,01;0,0;0,0;-0,01;-0,01;-0,01;-0,01;-0,03;-0,03
29.07.2026;00:45;01:00;0,0;0,0;-0,16;-0,16;-0,02;-0,02;0,0;0,0;-0,03;-0,03;0,0;0,0;-0,02;-0,02;-0,05;-0,05;0,0;0,0;0,0;0,0;0,0;0,0;0,0;0,0;0,0;0,0;0,0;0,0;-0,04;-0,04;0,0;0,0;-0,02;-0,02;-0,02;-0,02;-0,01;-0,01;-0,02;-0,02;0,0;0,0;-0,1;-0,1;-0,02;-0,02;-0,02;-0,02;0,0;0,0;-0,01;-0,01;-0,01;-0,01;-0,02;-0,02
29.07.2026;01:00;01:15;0,0;0,0;-0,18;-0,18;-0,02;-0,02;-0,01;-0,01;-0,04;-0,04;-0,01;-0,01;-0,01;-0,01;-0,03;-0,03;-0,01;-0,01;0,0;0,0;0,0;0,0;0,0;0,0;-0,01;-0,01;0,0;0,0;-0,02;-0,02;0,0;0,0;-0,02;-0,02;-0,02;-0,02;-0,01;-0,01;0,0;0,0;-0,01;-0,01;-0,08;-0,08;-0,01;-0,01;-0,01;-0,01;0,0;0,0;-0,01;-0,01;0,0;0,0;-0,02;-0,02
29.07.2026;01:15;01:30;0,0;0,0;-0,17;-0,17;-0,03;-0,03;0,0;0,0;-0,03;-0,03;0,0;0,0;0,0;0,0;-0,03;-0,03;0,0;0,0;0,0;0,0;0,0;0,0;0,0;0,0;0,0;0,0;0,0;0,0;-0,17;-0,17;-0,01;-0,01;-0,02;-0,02;-0,02;-0,02;-0,01;-0,01;-0,01;-0,01;-0,01;-0,01;-0,07;-0,07;0,0;0,0;-0,02;-0,02;0,0;0,0;-0,01;-0,01;0,0;0,0;-0,03;-0,03
29.07.2026;01:30;01:45;0,0;0,0;-0,18;-0,18;-0,01;-0,01;0,0;0,0;-0,01;-0,01;0,0;0,0;-0,01;-0,01;-0,03;-0,03;-0,01;-0,01;0,0;0,0;0,0;0,0;0,0;0,0;-0,01;-0,01;0,0;0,0;-0,1;-0,1;0,0;0,0;-0,03;-0,03;-0,01;-0,01;-0,01;-0,01;-0,01;-0,01;-0,01;-0,01;-0,03;-0,03;-0,02;-0,02;-0,01;-0,01;-0,01;-0,01;-0,01;-0,01;-0,01;-0,01;-0,01;-0,01
29.07.2026;01:45;02:00;0,0;0,0;-0,17;-0,17;-0,03;-0,03;0,0;0,0;-0,01;-0,01;0,0;0,0;-0,01;-0,01;-0,02;-0,02;0,0;0,0;0,0;0,0;0,0;0,0;0,0;0,0;-0,02;-0,02;-0,01;-0,01;-0,03;-0,03;0,0;0,0;-0,01;-0,01;-0,01;-0,01;-0,01;-0,01;-0,01;-0,01;-0,01;-0,01;-0,02;-0,02;-0,01;-0,01;-0,02;-0,02;0,0;0,0;-0,01;-0,01;0,0;0,0;-0,01;-0,01
29.07.2026;02:00;02:15;0,0;0,0;-0,16;-0,16;-0,01;-0,01;0,0;0,0;-0,01;-0,01;0,0;0,0;-0,01;-0,01;-0,03;-0,03;-0,01;-0,01;0,0;0,0;-0,01;-0,01;0,0;0,0;-0,01;-0,01;0,0;0,0;-0,02;-0,02;0,0;0,0;-0,01;-0,01;-0,01;-0,01;-0,01;-0,01;0,0;0,0;0,0;0,0;-0,01;-0,01;-0,01;-0,01;-0,01;-0,01;0,0;0,0;-0,01;-0,01;0,0;0,0;-0,03;-0,03
29.07.2026;02:15;02:30;0,0;0,0;-0,16;-0,16;-0,03;-0,03;0,0;0,0;-0,01;-0,01;0,0;0,0;-0,01;-0,01;-0,03;-0,03;-0,01;-0,01;0,0;0,0;0,0;0,0;0,0;0,0;0,0;0,0;0,0;0,0;-0,02;-0,02;0,0;0,0;-0,02;-0,02;-0,02;-0,02;-0,02;-0,02;-0,01;-0,01;-0,02;-0,02;-0,02;-0,02;-0,01;-0,01;-0,02;-0,02;0,0;0,0;-0,01;-0,01;-0,01;-0,01;-0,02;-0,02
29.07.2026;02:30;02:45;0,0;0,0;-0,16;-0,16;-0,02;-0,02;0,0;0,0;-0,02;-0,02;0,0;0,0;-0,01;-0,01;-0,02;-0,02;0,0;0,0;0,0;0,0;0,0;0,0;0,0;0,0;-0,01;-0,01;0,0;0,0;-0,24;-0,24;0,0;0,0;-0,01;-0,01;-0,02;-0,02;-0,01;-0,01;-0,01;-0,01;0,0;0,0;-0,01;-0,01;-0,01;-0,01;-0,01;-0,01;0,0;0,0;-0,01;-0,01;0,0;0,0;-0,03;-0,03
29.07.2026;02:45;03:00;0,0;0,0;-0,17;-0,17;-0,02;-0,02;0,0;0,0;-0,01;-0,01;0,0;0,0;0,0;0,0;-0,03;-0,03;-0,01;-0,01;0,0;0,0;0,0;0,0;0,0;0,0;-0,01;-0,01;0,0;0,0;-0,2;-0,2;0,0;0,0;-0,01;-0,01;-0,02;-0,02;-0,02;-0,02;-0,02;-0,02;-0,01;-0,01;-0,02;-0,02;-0,01;-0,01;-0,02;-0,02;0,0;0,0;-0,01;-0,01;-0,01;-0,01;-0,02;-0,02
29.07.2026;03:00;03:15;0,0;0,0;-0,17;-0,17;-0,02;-0,02;0,0;0,0;0,0;0,0;-0,01;-0,01;-0,02;-0,02;-0,03;-0,03;-0,01;-0,01;0,0;0,0;0,0;0,0;0,0;0,0;-0,02;-0,02;0,0;0,0;-0,03;-0,03;0,0;0,0;-0,02;-0,02;-0,02;-0,02;0,0;0,0;-0,01;-0,01;-0,01;-0,01;-0,02;-0,02;0,0;0,0;-0,01;-0,01;0,0;0,0;0,0;0,0;0,0;0,0;-0,02;-0,02
29.07.2026;03:15;03:30;0,0;0,0;-0,17;-0,17;-0,03;-0,03;0,0;0,0;-0,01;-0,01;0,0;0,0;-0,01;-0,01;-0,02;-0,02;0,0;0,0;-0,01;-0,01;0,0;0,0;0,0;0,0;-0,01;-0,01;0,0;0,0;-0,02;-0,02;0,0;0,0;-0,03;-0,03;-0,02;-0,02;-0,02;-0,02;-0,01;-0,01;-0,01;-0,01;-0,02;-0,02;-0,01;-0,01;-0,02;-0,02;0,0;0,0;-0,02;-0,02;0,0;0,0;-0,01;-0,01
29.07.2026;03:30;03:45;0,0;0,0;-0,16;-0,16;-0,02;-0,02;0,0;0,0;-0,02;-0,02;0,0;0,0;-0,01;-0,01;-0,01;-0,01;-0,01;-0,01;0,0;0,0;0,0;0,0;0,0;0,0;0,0;0,0;0,0;0,0;-0,26;-0,26;0,0;0,0;-0,02;-0,02;-0,02;-0,02;0,0;0,0;0,0;0,0;0,0;0,0;-0,01;-0,01;-0,01;-0,01;-0,01;-0,01;-0,01;-0,01;0,0;0,0;-0,01;-0,01;-0,02;-0,02
29.07.2026;03:45;04:00;0,0;0,0;-0,16;-0,16;-0,01;-0,01;0,0;0,0;-0,01;-0,01;0,0;0,0;-0,01;-0,01;-0,01;-0,01;0,0;0,0;0,0;0,0;0,0;0,0;0,0;0,0;-0,01;-0,01;-0,01;-0,01;-0,04;-0,04;-0,01;-0,01;-0,02;-0,02;-0,01;-0,01;-0,01;-0,01;-0,01;-0,01;-0,02;-0,02;-0,01;-0,01;-0,01;-0,01;-0,02;-0,02;0,0;0,0;-0,01;-0,01;-0,01;-0,01;-0,02;-0,02
29.07.2026;04:00;04:15;0,0;0,0;-0,17;-0,17;-0,02;-0,02;0,0;0,0;-0,01;-0,01;0,0;0,0;0,0;0,0;-0,02;-0,02;-0,01;-0,01;0,0;0,0;0,0;0,0;0,0;0,0;0,0;0,0;0,0;0,0;-0,01;-0,01;0,0;0,0;-0,03;-0,03;-0,02;-0,02;-0,01;-0,01;-0,01;-0,01;0,0;0,0;-0,02;-0,02;-0,01;-0,01;-0,01;-0,01;0,0;0,0;-0,01;-0,01;0,0;0,0;-0,03;-0,03
29.07.2026;04:15;04:30;0,0;0,0;-0,16;-0,16;-0,02;-0,02;-0,01;-0,01;-0,01;-0,01;0,0;0,0;-0,01;-0,01;-0,02;-0,02;-0,01;-0,01;0,0;0,0;0,0;0,0;0,0;0,0;-0,02;-0,02;0,0;0,0;-0,02;-0,02;0,0;0,0;-0,02;-0,02;-0,01;-0,01;-0,01;-0,01;-0,01;-0,01;-0,01;-0,01;-0,01;-0,01;-0,01;-0,01;-0,02;-0,02;0,0;0,0;-0,01;-0,01;0,0;0,0;-0,02;-0,02
29.07.2026;04:30;04:45;0,0;0,0;-0,16;-0,16;-0,02;-0,02;0,0;0,0;-0,01;-0,01;0,0;0,0;-0,01;-0,01;-0,02;-0,02;0,0;0,0;0,0;0,0;-0,01;-0,01;0,0;0,0;-0,01;-0,01;0,0;0,0;-0,02;-0,02;0,0;0,0;-0,01;-0,01;-0,01;-0,01;-0,01;-0,01;0,0;0,0;-0,01;-0,01;-0,02;-0,02;-0,01;-0,01;-0,01;-0,01;0,0;0,0;-0,01;-0,01;-0,01;-0,01;-0,02;-0,02
29.07.2026;04:45;05:00;0,0;0,0;-0,16;-0,16;-0,02;-0,02;0,0;0,0;-0,02;-0,02;0,0;0,0;-0,01;-0,01;-0,02;-0,02;-0,01;-0,01;0,0;0,0;0,0;0,0;0,0;0,0;-0,01;-0,01;0,0;0,0;-0,02;-0,02;0,0;0,0;-0,01;-0,01;-0,02;-0,02;-0,01;-0,01;-0,01;-0,01;0,0;0,0;-0,01;-0,01;0,0;0,0;-0,02;-0,02;0,0;0,0;-0,01;-0,01;-0,01;-0,01;-0,01;-0,01
29.07.2026;05:00;05:15;0,0;0,0;-0,17;-0,17;-0,01;-0,01;0,0;0,0;0,0;0,0;-0,01;-0,01;-0,01;-0,01;-0,01;-0,01;0,0;0,0;0,0;0,0;0,0;0,0;0,0;0,0;0,0;0,0;0,0;0,0;-0,02;-0,02;0,0;0,0;-0,02;-0,02;-0,02;-0,02;-0,01;-0,01;-0,01;-0,01;-0,02;-0,02;-0,02;-0,02;-0,01;-0,01;-0,01;-0,01;0,0;0,0;-0,01;-0,01;0,0;0,0;-0,02;-0,02
29.07.2026;05:15;05:30;0,0;0,0;-0,18;-0,18;-0,03;-0,03;0,0;0,0;-0,01;-0,01;0,0;0,0;-0,01;-0,01;-0,02;-0,02;-0,01;-0,01;0,0;0,0;0,0;0,0;-0,01;-0,01;-0,01;-0,01;0,0;0,0;-0,02;-0,02;0,0;0,0;-0,01;-0,01;-0,11;-0,11;-0,02;-0,02;-0,02;-0,02;0,0;0,0;-0,01;-0,01;-0,01;-0,01;-0,02;-0,02;0,0;0,0;-0,01;-0,01;0,0;0,0;-0,02;-0,02
29.07.2026;05:30;05:45;0,0;0,0;-0,18;-0,18;-0,01;-0,01;0,0;0,0;-0,01;-0,01;0,0;0,0;0,0;0,0;-0,02;-0,02;-0,01;-0,01;0,0;0,0;0,0;0,0;0,0;0,0;-0,02;-0,02;0,0;0,0;-0,01;-0,01;0,0;0,0;-0,01;-0,01;-0,05;-0,05;-0,02;-0,02;-0,03;-0,03;-0,01;-0,01;-0,02;-0,02;-0,01;-0,01;-0,01;-0,01;-0,01;-0,01;-0,01;-0,01;-0,01;-0,01;-0,02;-0,02
29.07.2026;05:45;06:00;0,02;0,02;-0,25;-0,25;-0,02;-0,02;0,0;0,0;-0,02;-0,02;0,0;0,0;-0,01;-0,01;-0,02;-0,02;0,0;0,0;0,0;0,0;0,0;0,0;0,0;0,0;-0,01;-0,01;-0,01;-0,01;-0,02;-0,02;0,0;0,0;-0,02;-0,02;-0,03;-0,03;-0,01;-0,01;-0,02;-0,02;-0,01;-0,01;-0,05;-0,05;-0,01;-0,01;-0,02;-0,02;0,0;0,0;-0,01;-0,01;0,0;0,0;-0,03;-0,03
29.07.2026;06:00;06:15;0,04;0,04;-0,18;-0,18;-0,02;-0,02;0,0;0,0;-0,01;-0,01;0,0;0,0;-0,01;-0,01;-0,02;-0,02;-0,01;-0,01;0,0;0,0;0,0;0,0;0,0;0,0;-0,01;-0,01;0,0;0,0;-0,01;-0,01;0,0;0,0;-0,03;-0,03;-0,02;-0,02;0,0;0,0;0,0;0,0;-0,01;-0,01;-0,03;-0,03;-0,01;-0,01;-0,01;-0,01;0,0;0,0;-0,01;-0,01;-0,01;-0,01;-0,02;-0,02
29.07.2026;06:15;06:30;0,06;0,06;-0,2;-0,2;-0,12;-0,12;0,0;0,0;0,0;0,0;0,0;0,0;-0,01;-0,01;-0,02;-0,02;-0,01;-0,01;0,0;0,0;0,0;0,0;0,0;0,0;-0,02;-0,02;0,0;0,0;-0,02;-0,02;-0,01;-0,01;-0,02;-0,02;-0,01;-0,01;-0,02;-0,02;-0,01;-0,01;-0,01;-0,01;-0,02;-0,02;-0,01;-0,01;-0,01;-0,01;0,0;0,0;-0,01;-0,01;0,0;0,0;-0,01;-0,01
29.07.2026;06:30;06:45;0,14;0,11;-0,18;-0,15;-0,3;-0,3;0,0;0,0;-0,01;-0,01;0,0;0,0;0,0;0,0;-0,02;-0,02;0,0;0,0;0,0;0,0;0,0;0,0;0,0;0,0;-0,01;-0,01;0,0;0,0;-0,02;-0,02;0,0;0,0;-0,02;-0,02;-0,01;-0,01;0,0;0,0;-0,01;-0,01;-0,01;-0,01;-0,02;-0,02;0,0;0,0;-0,02;-0,02;0,0;0,0;0,0;0,0;-0,01;-0,01;-0,02;-0,02
29.07.2026;06:45;07:00;0,22;0,17;-0,18;-0,13;-0,18;-0,18;0,0;0,0;-0,02;-0,02;0,0;0,0;-0,02;-0,02;-0,02;-0,02;-0,01;-0,01;0,0;0,0;0,0;0,0;0,0;0,0;-0,06;-0,06;0,0;0,0;-0,02;-0,02;0,0;0,0;-0,02;-0,02;-0,02;-0,02;-0,01;-0,01;-0,01;-0,01;0,0;0,0;-0,01;-0,01;-0,01;-0,01;-0,01;-0,01;0,0;0,0;-0,02;-0,02;0,0;0,0;-0,04;-0,04
29.07.2026;07:00;07:15;0,31;0,11;-0,19;-0,14;-0,04;-0,03;0,0;0,0;-0,01;0,0;-0,01;0,0;0,0;0,0;-0,01;0,0;0,0;0,0;0,0;0,0;-0,01;0,0;0,0;0,0;-0,03;-0,02;0,0;0,0;-0,02;-0,01;0,0;0,0;-0,02;-0,01;-0,03;-0,02;-0,01;0,0;0,0;0,0;-0,02;-0,01;-0,02;-0,01;-0,02;-0,01;-0,02;-0,01;0,0;0,0;0,0;0,0;0,0;0,0;-0,03;-0,02
29.07.2026;07:15;07:30;0,44;0,2;-0,25;-0,15;-0,03;-0,02;0,0;0,0;0,0;0,0;0,0;0,0;-0,01;0,0;-0,02;-0,01;-0,01;0,0;0,0;0,0;0,0;0,0;0,0;0,0;0,0;0,0;0,0;0,0;-0,02;-0,01;0,0;0,0;-0,01;0,0;-0,02;-0,01;-0,01;0,0;-0,01;0,0;0,0;0,0;-0,01;0,0;0,0;0,0;-0,01;0,0;0,0;0,0;-0,02;-0,01;-0,01;0,0;-0,03;-0,02
29.07.2026;07:30;07:45;0,52;0,17;-0,19;-0,1;-0,06;-0,04;-0,01;0,0;-0,01;0,0;0,0;0,0;-0,02;0,0;-0,01;0,0;-0,01;0,0;0,0;0,0;0,0;0,0;0,0;0,0;-0,01;0,0;0,0;0,0;-0,02;0,0;0,0;0,0;-0,02;0,0;-0,02;0,0;-0,01;0,0;-0,02;0,0;-0,01;0,0;-0,01;0,0;-0,01;0,0;-0,01;0,0;-0,01;0,0;0,0;0,0;-0,01;0,0;-0,03;-0,01
29.07.2026;07:45;08:00;0,68;0,26;-0,16;0,0;-0,05;0,0;0,0;0,0;-0,02;0,0;0,0;0,0;-0,01;0,0;0,0;0,0;0,0;0,0;0,0;0,0;0,0;0,0;0,0;0,0;0,0;0,0;-0,01;0,0;-0,02;0,0;0,0;0,0;-0,01;0,0;-0,02;0,0;-0,01;0,0;-0,02;0,0;-0,01;0,0;-0,01;0,0;-0,01;0,0;-0,02;0,0;0,0;0,0;-0,02;0,0;0,0;0,0;-0,02;0,0
29.07.2026;08:00;08:15;0,8;0,38;-0,18;0,0;-0,05;0,0;0,0;0,0;-0,01;0,0;0,0;0,0;0,0;0,0;-0,02;0,0;-0,01;0,0;0,0;0,0;0,0;0,0;0,0;0,0;-0,01;0,0;0,0;0,0;-0,01;0,0;0,0;0,0;-0,01;0,0;-0,01;0,0;-0,02;0,0;-0,01;0,0;-0,01;0,0;-0,01;0,0;-0,01;0,0;-0,02;0,0;0,0;0,0;-0,01;0,0;0,0;0,0;-0,02;0,0
29.07.2026;08:15;08:30;0,91;0,34;-0,18;0,0;-0,04;0,0;0,0;0,0;-0,05;0,0;0,0;0,0;-0,02;0,0;-0,02;0,0;-0,01;0,0;-0,01;0,0;0,0;0,0;0,0;0,0;-0,02;0,0;0,0;0,0;-0,02;0,0;0,0;0,0;-0,02;0,0;-0,01;0,0;-0,01;0,0;0,0;0,0;-0,01;0,0;-0,01;0,0;0,0;0,0;-0,08;-0,01;0,0;0,0;-0,04;0,0;-0,01;0,0;-0,02;0,0
29.07.2026;08:30;08:45;1,02;0,34;-0,2;0,0;-0,04;0,0;0,0;0,0;-0,2;-0,12;0,0;0,0;0,0;0,0;-0,04;0,0;0,0;0,0;0,0;0,0;0,0;0,0;0,0;0,0;-0,01;0,0;0,0;0,0;-0,01;0,0;0,0;0,0;-0,01;0,0;-0,01;0,0;-0,04;0,0;-0,01;0,0;-0,01;0,0;-0,03;0,0;-0,02;0,0;-0,11;-0,03;0,0;0,0;-0,05;0,0;-0,01;0,0;-0,03;0,0
29.07.2026;08:45;09:00;1,12;0,37;-0,19;0,0;-0,06;0,0;0,0;0,0;-0,14;-0,06;0,0;0,0;-0,01;0,0;-0,06;0,0;-0,01;0,0;0,0;0,0;0,0;0,0;0,0;0,0;0,0;0,0;0,0;0,0;-0,01;0,0;-0,01;0,0;-0,01;0,0;-0,01;0,0;-0,21;-0,13;-0,01;0,0;0,0;0,0;-0,02;0,0;-0,01;0,0;-0,07;0,0;0,0;0,0;-0,11;-0,03;0,0;0,0;-0,03;0,0
29.07.2026;09:00;09:15;1,16;0,51;-0,18;0,0;-0,04;0,0;0,0;0,0;-0,07;0,0;-0,01;0,0;-0,01;0,0;-0,06;0,0;-0,01;0,0;0,0;0,0;0,0;0,0;0,0;0,0;-0,01;0,0;0,0;0,0;-0,01;0,0;0,0;0,0;-0,01;0,0;-0,03;0,0;-0,15;-0,05;0,0;0,0;-0,02;0,0;-0,02;0,0;-0,01;0,0;-0,01;0,0;0,0;0,0;-0,03;0,0;0,0;0,0;-0,02;0,0
29.07.2026;09:15;09:30;0,3;0,11;-0,21;-0,18;-0,04;-0,03;0,0;0,0;-0,04;-0,03;0,0;0,0;-0,01;0,0;-0,07;-0,06;0,0;0,0;0,0;0,0;0,0;0,0;0,0;0,0;-0,01;0,0;0,0;0,0;-0,01;0,0;0,0;0,0;0,0;0,0;-0,02;-0,01;-0,32;-0,31;-0,01;0,0;-0,01;0,0;-0,18;-0,17;-0,01;0,0;-0,29;-0,28;0,0;0,0;-0,02;-0,01;-0,01;0,0;-0,03;-0,02
29.07.2026;09:30;09:45;0,0;0,0;-0,19;-0,19;-0,05;-0,05;0,0;0,0;-0,05;-0,05;0,0;0,0;0,0;0,0;-0,08;-0,08;-0,01;-0,01;0,0;0,0;-0,01;-0,01;0,0;0,0;-0,01;-0,01;0,0;0,0;-0,01;-0,01;0,0;0,0;0,0;0,0;-0,02;-0,02;-0,08;-0,08;-0,01;-0,01;0,0;0,0;-0,07;-0,07;-0,02;-0,02;-0,1;-0,1;-0,01;-0,01;0,0;0,0;0,0;0,0;-0,26;-0,26
29.07.2026;09:45;10:00;0,25;0,18;-0,19;-0,12;-0,05;-0,05;0,0;0,0;-0,06;-0,06;0,0;0,0;-0,01;-0,01;-0,09;-0,09;0,0;0,0;0,0;0,0;0,0;0,0;0,0;0,0;-0,01;-0,01;0,0;0,0;-0,01;-0,01;0,0;0,0;0,0;0,0;-0,03;-0,03;-0,07;-0,07;-0,01;-0,01;-0,02;-0,02;-0,04;-0,04;0,0;0,0;-0,08;-0,08;0,0;0,0;-0,02;-0,02;-0,01;-0,01;-0,2;-0,2
29.07.2026;10:00;10:15;1,55;0,66;-0,23;0,0;-0,05;0,0;0,0;0,0;-0,17;-0,03;0,0;0,0;-0,02;0,0;-0,08;0,0;-0,01;0,0;0,0;0,0;0,0;0,0;0,0;0,0;-0,01;0,0;-0,01;0,0;-0,01;0,0;0,0;0,0;-0,02;0,0;-0,02;0,0;-0,08;0,0;-0,01;0,0;0,0;0,0;-0,04;0,0;-0,01;0,0;-0,09;0,0;0,0;0,0;0,0;0,0;0,0;0,0;-0,06;0,0
29.07.2026;10:15;10:30;1,68;0,45;-0,36;0,0;-0,06;0,0;0,0;0,0;-0,15;-0,02;0,0;0,0;-0,01;0,0;-0,08;0,0;-0,01;0,0;0,0;0,0;0,0;0,0;-0,01;0,0;0,0;0,0;0,0;0,0;-0,01;0,0;0,0;0,0;-0,01;0,0;-0,02;0,0;-0,21;-0,08;-0,01;0,0;-0,01;0,0;-0,19;-0,06;-0,04;0,0;-0,17;-0,04;0,0;0,0;-0,02;0,0;0,0;0,0;-0,06;0,0
29.07.2026;10:30;10:45;1,72;0,59;-0,22;0,0;-0,06;0,0;0,0;0,0;-0,14;0,0;0,0;0,0;-0,01;0,0;-0,08;0,0;0,0;0,0;0,0;0,0;0,0;0,0;0,0;0,0;-0,01;0,0;0,0;0,0;-0,01;0,0;0,0;0,0;-0,02;0,0;-0,02;0,0;-0,62;-0,47;-0,01;0,0;-0,01;0,0;-0,51;-0,36;-0,01;0,0;-0,16;-0,01;0,0;0,0;0,0;0,0;-0,01;0,0;-0,07;0,0
29.07.2026;10:45;11:00;1,78;0,7;-0,19;0,0;-0,05;0,0;0,0;0,0;-0,16;0,0;0,0;0,0;-0,01;0,0;-0,08;0,0;-0,01;0,0;0,0;0,0;0,0;0,0;0,0;0,0;-0,02;0,0;0,0;0,0;-0,01;0,0;0,0;0,0;-0,01;0,0;-0,02;0,0;-0,13;0,0;-0,01;0,0;-0,01;0,0;-0,36;-0,2;-0,01;0,0;-0,14;0,0;0,0;0,0;-0,02;0,0;0,0;0,0;-0,04;0,0
29.07.2026;11:00;11:15;1,82;0,82;-0,17;0,0;-0,05;0,0;-0,01;0,0;-0,14;0,0;-0,01;0,0;-0,01;0,0;-0,07;0,0;-0,01;0,0;0,0;0,0;0,0;0,0;0,0;0,0;-0,01;0,0;0,0;0,0;-0,02;0,0;0,0;0,0;-0,01;0,0;-0,03;0,0;-0,12;0,0;0,0;0,0;-0,01;0,0;-0,11;0,0;-0,01;0,0;-0,16;0,0;0,0;0,0;0,0;0,0;-0,01;0,0;-0,04;0,0
29.07.2026;11:15;11:30;1,91;1,02;-0,18;0,0;-0,24;-0,05;0,0;0,0;-0,11;0,0;0,0;0,0;-0,01;0,0;-0,07;0,0;0,0;0,0;0,0;0,0;0,0;0,0;0,0;0,0;0,0;0,0;0,0;0,0;0,0;0,0;-0,01;0,0;-0,02;0,0;-0,05;0,0;-0,02;0,0;-0,02;0,0;-0,01;0,0;-0,05;0,0;-0,01;0,0;-0,11;0,0;0,0;0,0;-0,01;0,0;0,0;0,0;-0,02;0,0
29.07.2026;11:30;11:45;1,97;1,16;-0,19;0,0;-0,45;-0,23;0,0;0,0;-0,06;0,0;0,0;0,0;0,0;0,0;-0,06;0,0;-0,01;0,0;0,0;0,0;0,0;0,0;0,0;0,0;-0,01;0,0;0,0;0,0;-0,03;0,0;0,0;0,0;-0,01;0,0;-0,04;0,0;-0,02;0,0;-0,02;0,0;-0,01;0,0;-0,04;0,0;-0,01;0,0;-0,03;0,0;-0,01;0,0;-0,01;0,0;-0,01;0,0;-0,02;0,0
29.07.2026;11:45;12:00;1,98;1,25;-0,17;0,0;-0,39;-0,17;0,0;0,0;-0,03;0,0;0,0;0,0;-0,01;0,0;-0,07;0,0;0,0;0,0;0,0;0,0;0,0;0,0;0,0;0,0;-0,01;0,0;0,0;0,0;-0,02;0,0;0,0;0,0;-0,01;0,0;-0,03;0,0;-0,02;0,0;-0,02;0,0;-0,01;0,0;-0,05;0,0;-0,01;0,0;-0,03;0,0;0,0;0,0;-0,01;0,0;0,0;0,0;-0,01;0,0
29.07.2026;12:00;12:15;1,99;1,26;-0,19;0,0;-0,31;-0,08;0,0;0,0;-0,02;0,0;0,0;0,0;-0,01;0,0;-0,07;0,0;0,0;0,0;0,0;0,0;-0,01;0,0;0,0;0,0;-0,01;0,0;-0,01;0,0;-0,01;0,0;0,0;0,0;0,0;0,0;-0,04;0,0;-0,02;0,0;-0,01;0,0;0,0;0,0;-0,05;0,0;-0,01;0,0;-0,02;0,0;0,0;0,0;-0,01;0,0;0,0;0,0;-0,01;0,0
29.07.2026;12:15;12:30;2,0;1,22;-0,18;0,0;-0,12;0,0;0,0;0,0;-0,02;0,0;0,0;0,0;-0,01;0,0;-0,08;0,0;-0,01;0,0;0,0;0,0;0,0;0,0;0,0;0,0;-0,01;0,0;0,0;0,0;-0,01;0,0;0,0;0,0;-0,01;0,0;-0,04;0,0;-0,02;0,0;-0,07;0,0;-0,02;0,0;-0,05;0,0;0,0;0,0;-0,09;0,0;0,0;0,0;-0,01;0,0;-0,01;0,0;-0,02;0,0
29.07.2026;12:30;12:45;1,97;0,87;-0,19;0,0;-0,13;0,0;0,0;0,0;-0,01;0,0;0,0;0,0;0,0;0,0;-0,39;-0,19;-0,01;0,0;0,0;0,0;0,0;0,0;0,0;0,0;0,0;0,0;0,0;0,0;-0,01;0,0;0,0;0,0;0,0;0,0;-0,02;0,0;-0,04;0,0;-0,04;0,0;-0,01;0,0;-0,48;-0,28;-0,01;0,0;-0,18;0,0;0,0;0,0;-0,01;0,0;-0,01;0,0;-0,03;0,0
29.07.2026;12:45;13:00;2,01;0,92;-0,19;0,0;-0,09;0,0;0,0;0,0;-0,01;0,0;0,0;0,0;-0,01;0,0;-0,35;-0,14;-0,01;0,0;0,0;0,0;0,0;0,0;0,0;0,0;-0,01;0,0;0,0;0,0;-0,01;0,0;0,0;0,0;0,0;0,0;-0,03;0,0;-0,03;0,0;-0,03;0,0;0,0;0,0;-0,34;-0,13;-0,01;0,0;-0,22;-0,01;0,0;0,0;-0,01;0,0;0,0;0,0;-0,02;0,0
29.07.2026;13:00;13:15;1,88;1,16;-0,19;0,0;-0,07;0,0;0,0;0,0;-0,02;0,0;-0,01;0,0;-0,01;0,0;-0,08;0,0;-0,01;0,0;0,0;0,0;0,0;0,0;0,0;0,0;-0,02;0,0;0,0;0,0;-0,01;0,0;0,0;0,0;-0,01;0,0;-0,03;0,0;-0,03;0,0;-0,03;0,0;-0,02;0,0;-0,04;0,0;-0,01;0,0;-0,1;0,0;0,0;0,0;-0,01;0,0;0,0;0,0;-0,02;0,0
29.07.2026;13:15;13:30;0,41;0,17;-0,18;-0,11;-0,07;-0,06;0,0;0,0;-0,03;-0,02;0,0;0,0;-0,01;0,0;-0,08;-0,07;0,0;0,0;-0,01;0,0;0,0;0,0;0,0;0,0;-0,01;0,0;0,0;0,0;-0,01;0,0;0,0;0,0;-0,02;-0,01;-0,03;-0,02;-0,04;-0,03;-0,02;-0,01;0,0;0,0;-0,09;-0,08;-0,01;0,0;-0,06;-0,05;0,0;0,0;-0,01;0,0;-0,01;0,0;-0,02;-0,01
29.07.2026;13:30;13:45;0,0;0,0;-0,16;-0,16;-0,08;-0,08;0,0;0,0;-0,02;-0,02;0,0;0,0;-0,01;-0,01;-0,08;-0,08;-0,01;-0,01;0,0;0,0;0,0;0,0;0,0;0,0;-0,01;-0,01;0,0;0,0;-0,01;-0,01;0,0;0,0;-0,01;-0,01;-0,03;-0,03;-0,04;-0,04;-0,03;-0,03;-0,01;-0,01;-0,56;-0,56;-0,01;-0,01;-0,07;-0,07;-0,01;-0,01;-0,01;-0,01;0,0;0,0;-0,02;-0,02
29.07.2026;13:45;14:00;0,48;0,16;-0,16;-0,07;-0,08;-0,06;0,0;0,0;-0,02;0,0;0,0;0,0;-0,01;0,0;-0,08;-0,06;0,0;0,0;0,0;0,0;0,0;0,0;0,0;0,0;0,0;0,0;0,0;0,0;-0,01;0,0;-0,01;0,0;-0,01;0,0;-0,04;-0,02;-0,01;0,0;-0,03;-0,01;-0,01;0,0;-0,2;-0,18;-0,01;0,0;-0,06;-0,04;0,0;0,0;0,0;0,0;0,0;0,0;-0,02;0,0
29.07.2026;14:00;14:15;1,88;1,12;-0,17;0,0;-0,04;0,0;0,0;0,0;-0,01;0,0;0,0;0,0;0,0;0,0;-0,08;0,0;-0,01;0,0;0,0;0,0;0,0;0,0;0,0;0,0;-0,01;0,0;-0,01;0,0;-0,01;0,0;0,0;0,0;-0,02;0,0;-0,04;0,0;-0,01;0,0;-0,03;0,0;-0,01;0,0;-0,17;0,0;0,0;0,0;-0,07;0,0;0,0;0,0;-0,01;0,0;-0,01;0,0;-0,05;0,0
29.07.2026;14:15;14:30;1,82;0,74;-0,23;0,0;-0,05;0,0;-0,01;0,0;-0,01;0,0;0,0;0,0;-0,01;0,0;-0,08;0,0;-0,01;0,0;0,0;0,0;0,0;0,0;0,0;0,0;-0,02;0,0;0,0;0,0;-0,01;0,0;0,0;0,0;-0,01;0,0;-0,04;0,0;-0,35;-0,19;-0,1;0,0;-0,01;0,0;-0,4;-0,24;-0,02;0,0;-0,08;0,0;0,0;0,0;-0,01;0,0;-0,01;0,0;-0,05;0,0
29.07.2026;14:30;14:45;1,78;0,66;-0,22;0,0;-0,06;0,0;0,0;0,0;-0,01;0,0;0,0;0,0;-0,05;0,0;-0,07;0,0;-0,01;0,0;0,0;0,0;-0,01;0,0;0,0;0,0;-0,01;0,0;0,0;0,0;-0,02;0,0;0,0;0,0;-0,02;0,0;-0,03;0,0;-0,41;-0,25;-0,53;-0,37;-0,01;0,0;-0,43;-0,27;-0,01;0,0;-0,08;0,0;0,0;0,0;-0,01;0,0;0,0;0,0;-0,02;0,0
29.07.2026;14:45;15:00;1,71;0,76;-0,23;0,0;-0,04;0,0;0,0;0,0;-0,02;0,0;0,0;0,0;-0,45;-0,28;-0,08;0,0;0,0;0,0;0,0;0,0;0,0;0,0;0,0;0,0;0,0;0,0;0,0;0,0;-0,01;0,0;0,0;0,0;0,0;0,0;-0,03;0,0;-0,01;0,0;-0,08;0,0;0,0;0,0;-0,35;-0,18;0,0;0,0;-0,07;0,0;0,0;0,0;-0,01;0,0;0,0;0,0;-0,03;0,0
29.07.2026;15:00;15:15;1,66;0,77;-0,2;0,0;-0,02;0,0;0,0;0,0;-0,02;0,0;-0,01;0,0;-0,05;0,0;-0,07;0,0;-0,01;0,0;0,0;0,0;0,0;0,0;0,0;0,0;-0,01;0,0;0,0;0,0;-0,01;0,0;0,0;0,0;0,0;0,0;-0,02;0,0;-0,03;0,0;-0,18;-0,02;-0,02;0,0;-0,61;-0,45;-0,01;0,0;-0,07;0,0;0,0;0,0;-0,01;0,0;0,0;0,0;-0,01;0,0
29.07.2026;15:15;15:30;1,58;0,78;-0,18;0,0;-0,02;0,0;0,0;0,0;-0,01;0,0;0,0;0,0;-0,05;0,0;-0,07;0,0;0,0;0,0;0,0;0,0;0,0;0,0;-0,01;0,0;0,0;0,0;0,0;0,0;-0,01;0,0;0,0;0,0;-0,01;0,0;-0,02;0,0;-0,02;0,0;-0,36;-0,2;-0,01;0,0;-0,61;-0,45;-0,01;0,0;-0,03;0,0;0,0;0,0;-0,01;0,0;-0,01;0,0;-0,01;0,0
29.07.2026;15:30;15:45;1,51;0,8;-0,2;0,0;-0,02;0,0;0,0;0,0;-0,01;0,0;0,0;0,0;-0,06;0,0;-0,06;0,0;-0,01;0,0;0,0;0,0;0,0;0,0;0,0;0,0;-0,02;0,0;0,0;0,0;-0,01;0,0;0,0;0,0;0,0;0,0;-0,01;0,0;-0,02;0,0;-0,05;0,0;0,0;0,0;-0,2;-0,05;-0,01;0,0;-0,03;0,0;-0,01;0,0;-0,01;0,0;-0,01;0,0;-0,02;0,0
29.07.2026;15:45;16:00;1,43;0,68;-0,18;0,0;-0,02;0,0;0,0;0,0;-0,01;0,0;0,0;0,0;-0,05;0,0;-0,07;0,0;0,0;0,0;0,0;0,0;0,0;0,0;0,0;0,0;-0,01;0,0;0,0;0,0;-0,01;0,0;0,0;0,0;0,0;0,0;-0,02;0,0;-0,01;0,0;-0,03;0,0;-0,02;0,0;-0,27;-0,13;-0,01;0,0;-0,23;-0,09;0,0;0,0;0,0;0,0;0,0;0,0;-0,03;0,0
29.07.2026;16:00;16:15;1,35;0,54;-0,18;0,0;-0,03;0,0;0,0;0,0;-0,02;0,0;0,0;0,0;-0,03;0,0;-0,07;0,0;-0,01;0,0;0,0;0,0;0,0;0,0;0,0;0,0;-0,01;0,0;-0,01;0,0;-0,01;0,0;0,0;0,0;-0,01;0,0;-0,02;0,0;0,0;0,0;-0,16;-0,04;0,0;0,0;-0,11;0,0;-0,01;0,0;-0,19;-0,07;0,0;0,0;-0,02;0,0;0,0;0,0;-0,03;0,0
29.07.2026;16:15;16:30;1,26;0,54;-0,16;0,0;-0,02;0,0;0,0;0,0;-0,01;0,0;0,0;0,0;-0,03;0,0;-0,08;0,0;-0,01;0,0;0,0;0,0;0,0;0,0;0,0;0,0;0,0;0,0;0,0;0,0;-0,02;0,0;-0,01;0,0;-0,02;0,0;-0,02;0,0;-0,01;0,0;-0,54;-0,43;-0,01;0,0;-0,05;0,0;-0,01;0,0;-0,17;-0,06;0,0;0,0;0,0;0,0;-0,01;0,0;-0,03;0,0
29.07.2026;16:30;16:45;1,15;0,49;-0,17;0,0;-0,02;0,0;0,0;0,0;-0,01;0,0;0,0;0,0;-0,03;0,0;-0,06;0,0;0,0;0,0;0,0;0,0;0,0;0,0;0,0;0,0;-0,01;0,0;0,0;0,0;-0,01;0,0;0,0;0,0;-0,01;0,0;-0,02;0,0;-0,01;0,0;-0,38;-0,29;-0,01;0,0;-0,06;0,0;0,0;0,0;-0,17;-0,08;0,0;0,0;-0,02;0,0;0,0;0,0;-0,04;0,0
29.07.2026;16:45;17:00;1,06;0,43;-0,19;0,0;-0,03;0,0;0,0;0,0;-0,01;0,0;0,0;0,0;-0,03;0,0;-0,02;0,0;-0,01;0,0;0,0;0,0;0,0;0,0;0,0;0,0;-0,02;0,0;0,0;0,0;-0,03;0,0;0,0;0,0;-0,02;0,0;-0,02;0,0;-0,01;0,0;-0,05;0,0;-0,01;0,0;-0,06;0,0;-0,01;0,0;-0,16;-0,08;0,0;0,0;0,0;0,0;0,0;0,0;-0,03;0,0
29.07.2026;17:00;17:15;0,97;0,32;-0,25;-0,03;-0,03;0,0;0,0;0,0;-0,01;0,0;-0,01;0,0;-0,03;0,0;-0,02;0,0;0,0;0,0;0,0;0,0;-0,01;0,0;0,0;0,0;-0,01;0,0;0,0;0,0;-0,01;0,0;0,0;0,0;-0,01;0,0;-0,03;0,0;0,0;0,0;-0,03;0,0;-0,01;0,0;-0,07;0,0;-0,01;0,0;-0,11;-0,04;0,0;0,0;-0,02;0,0;-0,01;0,0;-0,04;0,0
29.07.2026;17:15;17:30;0,82;0,29;-0,17;0,0;-0,05;0,0;0,0;0,0;-0,01;0,0;0,0;0,0;-0,01;0,0;-0,02;0,0;-0,01;0,0;0,0;0,0;0,0;0,0;0,0;0,0;0,0;0,0;0,0;0,0;-0,02;0,0;0,0;0,0;-0,01;0,0;-0,01;0,0;-0,01;0,0;-0,04;0,0;-0,01;0,0;-0,09;-0,03;-0,01;0,0;-0,19;-0,13;0,0;0,0;0,0;0,0;-0,01;0,0;-0,02;0,0
29.07.2026;17:30;17:45;0,08;0,08;-0,19;-0,19;-0,04;-0,04;-0,01;-0,01;-0,02;-0,02;0,0;0,0;0,0;0,0;-0,02;-0,02;-0,01;-0,01;0,0;0,0;0,0;0,0;0,0;0,0;-0,01;-0,01;0,0;0,0;-0,01;-0,01;0,0;0,0;-0,02;-0,02;-0,01;-0,01;-0,01;-0,01;-0,02;-0,02;-0,01;-0,01;-0,06;-0,06;-0,01;-0,01;-0,17;-0,17;-0,01;-0,01;-0,02;-0,02;0,0;0,0;-0,03;-0,03
29.07.2026;17:45;18:00;0,0;0,0;-0,16;-0,16;-0,05;-0,05;0,0;0,0;-0,01;-0,01;0,0;0,0;-0,01;-0,01;-0,02;-0,02;-0,01;-0,01;0,0;0,0;0,0;0,0;0,0;0,0;0,0;0,0;0,0;0,0;-0,02;-0,02;0,0;0,0;-0,01;-0,01;-0,02;-0,02;0,0;0,0;-0,03;-0,03;-0,01;-0,01;-0,08;-0,08;-0,01;-0,01;-0,13;-0,13;0,0;0,0;-0,03;-0,03;0,0;0,0;-0,04;-0,04
29.07.2026;18:00;18:15;0,09;0,09;-0,18;-0,18;-0,04;-0,04;0,0;0,0;0,0;0,0;0,0;0,0;-0,01;-0,01;-0,01;-0,01;0,0;0,0;0,0;0,0;0,0;0,0;0,0;0,0;-0,02;-0,02;-0,01;-0,01;-0,01;-0,01;0,0;0,0;-0,02;-0,02;-0,01;-0,01;-0,01;-0,01;-0,04;-0,04;0,0;0,0;-0,16;-0,16;-0,01;-0,01;-0,18;-0,18;0,0;0,0;-0,03;-0,03;-0,01;-0,01;-0,04;-0,04
29.07.2026;18:15;18:30;0,45;0,18;-0,25;-0,16;-0,07;-0,06;0,0;0,0;-0,01;0,0;0,0;0,0;-0,01;0,0;-0,02;-0,01;-0,01;0,0;-0,01;0,0;0,0;0,0;0,0;0,0;-0,01;0,0;0,0;0,0;-0,01;0,0;0,0;0,0;-0,01;0,0;-0,06;-0,05;-0,02;-0,01;-0,06;-0,05;-0,02;-0,01;-0,15;-0,14;-0,01;0,0;-0,17;-0,16;0,0;0,0;-0,02;-0,01;0,0;0,0;-0,03;-0,02
29.07.2026;18:30;18:45;0,35;0,11;-0,16;-0,09;-0,14;-0,13;0,0;0,0;-0,02;-0,01;0,0;0,0;-0,01;0,0;-0,02;-0,01;0,0;0,0;0,0;0,0;0,0;0,0;0,0;0,0;-0,01;0,0;0,0;0,0;-0,02;-0,01;0,0;0,0;-0,01;0,0;-0,04;-0,03;-0,01;0,0;-0,07;-0,06;-0,01;0,0;-0,16;-0,15;-0,01;0,0;-0,09;-0,08;0,0;0,0;-0,01;0,0;-0,01;0,0;-0,03;-0,02
29.07.2026;18:45;19:00;0,28;0,2;-0,16;-0,08;-0,16;-0,16;0,0;0,0;-0,01;-0,01;0,0;0,0;-0,01;-0,01;-0,02;-0,02;-0,01;-0,01;0,0;0,0;0,0;0,0;0,0;0,0;0,0;0,0;0,0;0,0;-0,01;-0,01;-0,01;-0,01;-0,01;-0,01;-0,04;-0,04;-0,01;-0,01;-0,06;-0,06;0,0;0,0;-0,16;-0,16;-0,01;-0,01;-0,07;-0,07;0,0;0,0;-0,01;-0,01;0,0;0,0;-0,01;-0,01
29.07.2026;19:00;19:15;0,21;0,16;-0,17;-0,12;-0,14;-0,14;0,0;0,0;-0,05;-0,05;-0,01;-0,01;0,0;0,0;-0,01;-0,01;0,0;0,0;0,0;0,0;0,0;0,0;0,0;0,0;-0,01;-0,01;0,0;0,0;-0,01;-0,01;0,0;0,0;-0,01;-0,01;-0,04;-0,04;0,0;0,0;-0,06;-0,06;-0,02;-0,02;-0,1;-0,1;-0,01;-0,01;-0,07;-0,07;0,0;0,0;-0,01;-0,01;0,0;0,0;-0,02;-0,02
29.07.2026;19:15;19:30;0,15;0,11;-0,19;-0,15;-0,05;-0,05;0,0;0,0;-0,05;-0,05;0,0;0,0;-0,01;-0,01;0,0;0,0;-0,01;-0,01;0,0;0,0;0,0;0,0;0,0;0,0;-0,03;-0,03;0,0;0,0;-0,01;-0,01;0,0;0,0;-0,02;-0,02;-0,03;-0,03;-0,01;-0,01;-0,06;-0,06;0,0;0,0;-0,04;-0,04;-0,01;-0,01;-0,06;-0,06;0,0;0,0;-0,01;-0,01;-0,01;-0,01;-0,04;-0,04
29.07.2026;19:30;19:45;0,1;0,1;-0,18;-0,18;-0,05;-0,05;0,0;0,0;-0,05;-0,05;0,0;0,0;-0,01;-0,01;-0,02;-0,02;-0,01;-0,01;0,0;0,0;-0,01;-0,01;0,0;0,0;-0,03;-0,03;0,0;0,0;-0,01;-0,01;0,0;0,0;-0,03;-0,03;-0,02;-0,02;-0,01;-0,01;-0,06;-0,06;-0,01;-0,01;-0,03;-0,03;-0,01;-0,01;-0,24;-0,24;-0,01;-0,01;-0,01;-0,01;0,0;0,0;-0,05;-0,05
29.07.2026;19:45;20:00;0,07;0,07;-0,17;-0,17;-0,04;-0,04;0,0;0,0;-0,03;-0,03;0,0;0,0;-0,01;-0,01;-0,02;-0,02;0,0;0,0;0,0;0,0;0,0;0,0;0,0;0,0;-0,13;-0,13;0,0;0,0;-0,02;-0,02;0,0;0,0;-0,02;-0,02;-0,02;-0,02;-0,01;-0,01;-0,06;-0,06;-0,02;-0,02;-0,02;-0,02;-0,01;-0,01;-0,18;-0,18;0,0;0,0;-0,02;-0,02;-0,01;-0,01;-0,06;-0,06
29.07.2026;20:00;20:15;0,04;0,04;-0,18;-0,18;-0,05;-0,05;0,0;0,0;-0,03;-0,03;0,0;0,0;-0,01;-0,01;-0,02;-0,02;-0,01;-0,01;0,0;0,0;0,0;0,0;0,0;0,0;-0,09;-0,09;-0,01;-0,01;-0,01;-0,01;0,0;0,0;-0,02;-0,02;-0,02;-0,02;-0,01;-0,01;-0,14;-0,14;0,0;0,0;-0,02;-0,02;-0,01;-0,01;-0,19;-0,19;0,0;0,0;0,0;0,0;0,0;0,0;-0,54;-0,54
29.07.2026;20:15;20:30;0,01;0,01;-0,16;-0,16;-0,05;-0,05;0,0;0,0;-0,03;-0,03;0,0;0,0;-0,01;-0,01;-0,02;-0,02;-0,01;-0,01;0,0;0,0;0,0;0,0;-0,01;-0,01;-0,03;-0,03;0,0;0,0;-0,01;-0,01;0,0;0,0;-0,02;-0,02;-0,03;-0,03;-0,01;-0,01;-0,09;-0,09;-0,01;-0,01;-0,02;-0,02;-0,01;-0,01;-0,31;-0,31;0,0;0,0;-0,02;-0,02;-0,01;-0,01;-0,2;-0,2
29.07.2026;20:30;20:45;0,01;0,01;-0,17;-0,17;-0,06;-0,06;0,0;0,0;-0,04;-0,04;0,0;0,0;-0,1;-0,1;-0,01;-0,01;0,0;0,0;0,0;0,0;0,0;0,0;0,0;0,0;-0,03;-0,03;0,0;0,0;-0,02;-0,02;0,0;0,0;-0,03;-0,03;-0,02;-0,02;-0,02;-0,02;-0,08;-0,08;-0,01;-0,01;-0,02;-0,02;-0,01;-0,01;-0,28;-0,28;0,0;0,0;0,0;0,0;0,0;0,0;-0,12;-0,12
29.07.2026;20:45;21:00;0,0;0,0;-0,18;-0,18;-0,09;-0,09;0,0;0,0;-0,04;-0,04;0,0;0,0;-0,09;-0,09;-0,02;-0,02;-0,01;-0,01;0,0;0,0;0,0;0,0;0,0;0,0;-0,01;-0,01;0,0;0,0;-0,01;-0,01;0,0;0,0;-0,02;-0,02;-0,02;-0,02;-0,05;-0,05;-0,04;-0,04;0,0;0,0;-0,02;-0,02;-0,01;-0,01;-0,23;-0,23;0,0;0,0;-0,01;-0,01;0,0;0,0;-0,1;-0,1
29.07.2026;21:00;21:15;0,0;0,0;-0,26;-0,26;-0,06;-0,06;-0,01;-0,01;-0,04;-0,04;-0,01;-0,01;-0,05;-0,05;-0,02;-0,02;-0,01;-0,01;0,0;0,0;0,0;0,0;0,0;0,0;-0,02;-0,02;0,0;0,0;-0,03;-0,03;0,0;0,0;-0,02;-0,02;-0,01;-0,01;-0,07;-0,07;-0,03;-0,03;-0,02;-0,02;-0,02;-0,02;-0,01;-0,01;-0,15;-0,15;0,0;0,0;-0,01;-0,01;-0,01;-0,01;-0,05;-0,05
29.07.2026;21:15;21:30;0,0;0,0;-0,19;-0,19;-0,05;-0,05;0,0;0,0;-0,04;-0,04;0,0;0,0;-0,05;-0,05;-0,02;-0,02;0,0;0,0;0,0;0,0;0,0;0,0;0,0;0,0;-0,02;-0,02;0,0;0,0;-0,01;-0,01;-0,01;-0,01;-0,01;-0,01;-0,02;-0,02;-0,07;-0,07;-0,02;-0,02;-0,01;-0,01;-0,05;-0,05;0,0;0,0;-0,14;-0,14;0,0;0,0;-0,01;-0,01;-0,01;-0,01;-0,06;-0,06
29.07.2026;21:30;21:45;0,0;0,0;-0,18;-0,18;-0,07;-0,07;0,0;0,0;-0,03;-0,03;0,0;0,0;-0,1;-0,1;-0,02;-0,02;-0,01;-0,01;0,0;0,0;0,0;0,0;0,0;0,0;-0,03;-0,03;0,0;0,0;-0,01;-0,01;0,0;0,0;-0,02;-0,02;-0,01;-0,01;-0,01;-0,01;-0,02;-0,02;0,0;0,0;-0,07;-0,07;-0,02;-0,02;-0,15;-0,15;-0,01;-0,01;-0,01;-0,01;0,0;0,0;-0,06;-0,06
29.07.2026;21:45;22:00;0,0;0,0;-0,2;-0,2;-0,07;-0,07;0,0;0,0;-0,03;-0,03;0,0;0,0;-0,07;-0,07;-0,02;-0,02;0,0;0,0;0,0;0,0;0,0;0,0;0,0;0,0;-0,02;-0,02;0,0;0,0;-0,03;-0,03;0,0;0,0;-0,01;-0,01;-0,01;-0,01;-0,02;-0,02;-0,02;-0,02;-0,02;-0,02;-0,24;-0,24;-0,01;-0,01;-0,13;-0,13;0,0;0,0;-0,01;-0,01;0,0;0,0;-0,04;-0,04
29.07.2026;22:00;22:15;0,0;0,0;-0,21;-0,21;-0,05;-0,05;0,0;0,0;-0,04;-0,04;0,0;0,0;-0,05;-0,05;-0,02;-0,02;-0,01;-0,01;0,0;0,0;-0,01;-0,01;0,0;0,0;-0,02;-0,02;-0,01;-0,01;-0,19;-0,19;0,0;0,0;0,0;0,0;-0,02;-0,02;-0,01;-0,01;-0,02;-0,02;0,0;0,0;-0,05;-0,05;-0,19;-0,19;-0,15;-0,15;0,0;0,0;0,0;0,0;-0,01;-0,01;-0,03;-0,03
29.07.2026;22:15;22:30;0,0;0,0;-0,19;-0,19;-0,05;-0,05;0,0;0,0;-0,04;-0,04;0,0;0,0;-0,02;-0,02;-0,01;-0,01;0,0;0,0;0,0;0,0;0,0;0,0;0,0;0,0;-0,01;-0,01;0,0;0,0;-0,04;-0,04;0,0;0,0;-0,01;-0,01;-0,03;-0,03;-0,03;-0,03;-0,01;-0,01;-0,01;-0,01;-0,05;-0,05;-0,26;-0,26;-0,09;-0,09;0,0;0,0;-0,02;-0,02;0,0;0,0;-0,02;-0,02
29.07.2026;22:30;22:45;0,0;0,0;-0,17;-0,17;-0,02;-0,02;0,0;0,0;-0,03;-0,03;0,0;0,0;-0,02;-0,02;-0,02;-0,02;-0,01;-0,01;0,0;0,0;0,0;0,0;0,0;0,0;-0,01;-0,01;0,0;0,0;-0,04;-0,04;0,0;0,0;0,0;0,0;-0,02;-0,02;-0,02;-0,02;-0,01;-0,01;-0,01;-0,01;-0,04;-0,04;-0,05;-0,05;-0,05;-0,05;0,0;0,0;0,0;0,0;-0,01;-0,01;-0,02;-0,02
29.07.2026;22:45;23:00;0,0;0,0;-0,16;-0,16;-0,03;-0,03;0,0;0,0;-0,04;-0,04;0,0;0,0;-0,01;-0,01;-0,02;-0,02;-0,01;-0,01;0,0;0,0;0,0;0,0;0,0;0,0;-0,02;-0,02;0,0;0,0;-0,02;-0,02;0,0;0,0;0,0;0,0;-0,02;-0,02;-0,02;-0,02;-0,01;-0,01;0,0;0,0;-0,25;-0,25;-0,08;-0,08;-0,05;-0,05;0,0;0,0;-0,02;-0,02;0,0;0,0;-0,01;-0,01
29.07.2026;23:00;23:15;0,0;0,0;-0,16;-0,16;-0,02;-0,02;0,0;0,0;-0,03;-0,03;-0,01;-0,01;-0,02;-0,02;0,0;0,0;0,0;0,0;0,0;0,0;0,0;0,0;0,0;0,0;-0,01;-0,01;0,0;0,0;-0,03;-0,03;0,0;0,0;-0,01;-0,01;-0,02;-0,02;-0,01;-0,01;0,0;0,0;-0,02;-0,02;-0,02;-0,02;-0,05;-0,05;-0,03;-0,03;0,0;0,0;0,0;0,0;0,0;0,0;-0,11;-0,11
29.07.2026;23:15;23:30;0,0;0,0;-0,16;-0,16;-0,02;-0,02;0,0;0,0;-0,03;-0,03;0,0;0,0;-0,01;-0,01;-0,01;-0,01;-0,01;-0,01;-0,01;-0,01;0,0;0,0;0,0;0,0;0,0;0,0;0,0;0,0;-0,02;-0,02;0,0;0,0;-0,01;-0,01;-0,02;-0,02;-0,02;-0,02;-0,01;-0,01;-0,01;-0,01;-0,03;-0,03;-0,02;-0,02;-0,02;-0,02;0,0;0,0;-0,02;-0,02;-0,01;-0,01;-0,1;-0,1
29.07.2026;23:30;23:45;0,0;0,0;-0,2;-0,2;-0,03;-0,03;0,0;0,0;-0,03;-0,03;0,0;0,0;-0,01;-0,01;-0,02;-0,02;-0,01;-0,01;0,0;0,0;0,0;0,0;0,0;0,0;-0,01;-0,01;0,0;0,0;-0,03;-0,03;0,0;0,0;-0,01;-0,01;-0,02;-0,02;-0,01;-0,01;-0,01;-0,01;0,0;0,0;-0,02;-0,02;-0,02;-0,02;-0,02;-0,02;-0,01;-0,01;0,0;0,0;0,0;0,0;-0,07;-0,07
29.07.2026;23:45;00:00;0,0;0,0;-0,19;-0,19;-0,02;-0,02;0,0;0,0;-0,04;-0,04;0,0;0,0;-0,01;-0,01;-0,03;-0,03;0,0;0,0;0,0;0,0;0,0;0,0;0,0;0,0;-0,01;-0,01;0,0;0,0;-0,03;-0,03;-0,01;-0,01;-0,02;-0,02;-0,02;-0,02;-0,02;-0,02;-0,01;-0,01;-0,02;-0,02;-0,03;-0,03;-0,05;-0,05;-0,01;-0,01;0,0;0,0;-0,02;-0,02;-0,01;-0,01;-0,06;-0,06
30.07.2026;00:00;00:15;0,0;0,0;-0,17;-0,17;-0,03;-0,03;0,0;0,0;-0,04;-0,04;0,0;0,0;0,0;0,0;-0,03;-0,03;-0,01;-0,01;0,0;0,0;0,0;0,0;0,0;0,0;-0,02;-0,02;-0,01;-0,01;-0,02;-0,02;0,0;0,0;-0,01;-0,01;-0,01;-0,01;0,0;0,0;-0,01;-0,01;0,0;0,0;-0,02;-0,02;-0,02;-0,02;-0,02;-0,02;0,0;0,0;0,0;0,0;0,0;0,0;-0,02;-0,02
30.07.2026;00:15;00:30;0,0;0,0;-0,2;-0,2;-0,05;-0,05;-0,01;-0,01;-0,02;-0,02;0,0;0,0;-0,02;-0,02;-0,03;-0,03;-0,01;-0,01;0,0;0,0;0,0;0,0;0,0;0,0;0,0;0,0;0,0;0,0;-0,03;-0,03;0,0;0,0;-0,02;-0,02;-0,01;-0,01;-0,01;-0,01;-0,02;-0,02;-0,01;-0,01;-0,09;-0,09;-0,02;-0,02;-0,01;-0,01;0,0;0,0;-0,02;-0,02;-0,01;-0,01;-0,02;-0,02
30.07.2026;00:30;00:45;0,0;0,0;-0,17;-0,17;-0,04;-0,04;0,0;0,0;-0,01;-0,01;0,0;0,0;-0,01;-0,01;-0,04;-0,04;0,0;0,0;0,0;0,0;-0,01;-0,01;0,0;0,0;-0,01;-0,01;0,0;0,0;-0,02;-0,02;0,0;0,0;-0,01;-0,01;-0,01;-0,01;-0,02;-0,02;-0,01;-0,01;-0,01;-0,01;-0,02;-0,02;-0,02;-0,02;-0,02;-0,02;0,0;0,0;0,0;0,0;0,0;0,0;-0,01;-0,01
30.07.2026;00:45;01:00;0,0;0,0;-0,17;-0,17;-0,03;-0,03;0,0;0,0;-0,04;-0,04;0,0;0,0;-0,01;-0,01;-0,02;-0,02;-0,01;-0,01;0,0;0,0;0,0;0,0;0,0;0,0;0,0;0,0;0,0;0,0;-0,03;-0,03;0,0;0,0;-0,02;-0,02;-0,02;-0,02;-0,01;-0,01;0,0;0,0;-0,01;-0,01;-0,01;-0,01;-0,01;-0,01;-0,01;-0,01;0,0;0,0;-0,02;-0,02;0,0;0,0;-0,02;-0,02
30.07.2026;01:00;01:15;0,0;0,0;-0,17;-0,17;-0,02;-0,02;0,0;0,0;-0,04;-0,04;-0,01;-0,01;-0,01;-0,01;-0,01;-0,01;0,0;0,0;0,0;0,0;0,0;0,0;0,0;0,0;-0,02;-0,02;0,0;0,0;-0,04;-0,04;0,0;0,0;-0,01;-0,01;-0,02;-0,02;-0,01;-0,01;-0,01;-0,01;-0,01;-0,01;-0,02;-0,02;-0,01;-0,01;-0,02;-0,02;0,0;0,0;0,0;0,0;-0,01;-0,01;-0,03;-0,03
30.07.2026;01:15;01:30;0,0;0,0;-0,16;-0,16;-0,03;-0,03;0,0;0,0;-0,01;-0,01;0,0;0,0;0,0;0,0;-0,02;-0,02;-0,01;-0,01;0,0;0,0;0,0;0,0;-0,01;-0,01;-0,02;-0,02;0,0;0,0;-0,02;-0,02;0,0;0,0;-0,01;-0,01;-0,03;-0,03;-0,01;-0,01;-0,01;-0,01;-0,01;-0,01;-0,01;-0,01;-0,02;-0,02;-0,05;-0,05;0,0;0,0;-0,02;-0,02;-0,01;-0,01;-0,02;-0,02
30.07.2026;01:30;01:45;0,0;0,0;-0,16;-0,16;-0,03;-0,03;0,0;0,0;-0,02;-0,02;0,0;0,0;-0,01;-0,01;-0,02;-0,02;0,0;0,0;0,0;0,0;0,0;0,0;0,0;0,0;0,0;0,0;0,0;0,0;-0,02;-0,02;0,0;0,0;0,0;0,0;-0,02;-0,02;-0,01;-0,01;-0,01;-0,01;0,0;0,0;-0,01;-0,01;-0,01;-0,01;-0,02;-0,02;-0,01;-0,01;0,0;0,0;0,0;0,0;-0,02;-0,02
30.07.2026;01:45;02:00;0,0;0,0;-0,16;-0,16;-0,02;-0,02;0,0;0,0;-0,02;-0,02;0,0;0,0;-0,01;-0,01;-0,02;-0,02;-0,01;-0,01;0,0;0,0;0,0;0,0;0,0;0,0;0,0;0,0;0,0;0,0;-0,02;-0,02;0,0;0,0;-0,01;-0,01;-0,02;-0,02;-0,01;-0,01;0,0;0,0;-0,02;-0,02;-0,02;-0,02;-0,01;-0,01;-0,02;-0,02;0,0;0,0;-0,01;-0,01;0,0;0,0;-0,03;-0,03
30.07.2026;02:00;02:15;0,0;0,0;-0,16;-0,16;-0,01;-0,01;0,0;0,0;-0,02;-0,02;0,0;0,0;-0,01;-0,01;-0,02;-0,02;-0,01;-0,01;0,0;0,0;0,0;0,0;0,0;0,0;-0,01;-0,01;-0,01;-0,01;-0,01;-0,01;0,0;0,0;0,0;0,0;-0,02;-0,02;-0,01;-0,01;-0,02;-0,02;0,0;0,0;-0,01;-0,01;-0,01;-0,01;-0,02;-0,02;0,0;0,0;-0,01;-0,01;0,0;0,0;-0,01;-0,01
30.07.2026;02:15;02:30;0,0;0,0;-0,16;-0,16;-0,02;-0,02;0,0;0,0;-0,01;-0,01;0,0;0,0;-0,01;-0,01;-0,02;-0,02;-0,01;-0,01;0,0;0,0;0,0;0,0;0,0;0,0;-0,02;-0,02;0,0;0,0;-0,02;-0,02;-0,01;-0,01;-0,01;-0,01;-0,02;-0,02;-0,01;-0,01;-0,01;-0,01;-0,01;-0,01;-0,02;-0,02;-0,01;-0,01;-0,05;-0,05;0,0;0,0;-0,01;-0,01;-0,01;-0,01;-0,02;-0,02
30.07.2026;02:30;02:45;0,0;0,0;-0,16;-0,16;-0,03;-0,03;0,0;0,0;-0,01;-0,01;0,0;0,0;-0,01;-0,01;-0,02;-0,02;0,0;0,0;0,0;0,0;0,0;0,0;0,0;0,0;-0,01;-0,01;0,0;0,0;-0,01;-0,01;0,0;0,0;0,0;0,0;-0,02;-0,02;-0,01;-0,01;-0,01;-0,01;-0,01;-0,01;-0,01;-0,01;-0,01;-0,01;-0,06;-0,06;0,0;0,0;-0,01;-0,01;0,0;0,0;-0,02;-0,02
30.07.2026;02:45;03:00;0,0;0,0;-0,16;-0,16;-0,03;-0,03;0,0;0,0;-0,01;-0,01;0,0;0,0;0,0;0,0;-0,01;-0,01;-0,01;-0,01;0,0;0,0;0,0;0,0;0,0;0,0;0,0;0,0;0,0;0,0;-0,02;-0,02;0,0;0,0;-0,02;-0,02;-0,01;-0,01;-0,01;-0,01;-0,01;-0,01;-0,01;-0,01;-0,02;-0,02;-0,01;-0,01;-0,03;-0,03;0,0;0,0;-0,01;-0,01;-0,01;-0,01;-0,02;-0,02
30.07.2026;03:00;03:15;0,0;0,0;-0,32;-0,32;-0,01;-0,01;0,0;0,0;-0,01;-0,01;-0,01;-0,01;-0,01;-0,01;-0,01;-0,01;0,0;0,0;0,0;0,0;-0,01;-0,01;0,0;0,0;-0,01;-0,01;0,0;0,0;-0,02;-0,02;0,0;0,0;-0,01;-0,01;-0,01;-0,01;-0,01;-0,01;0,0;0,0;-0,01;-0,01;-0,01;-0,01;-0,02;-0,02;-0,03;-0,03;0,0;0,0;-0,01;-0,01;0,0;0,0;-0,03;-0,03
30.07.2026;03:15;03:30;0,0;0,0;-0,17;-0,17;-0,01;-0,01;0,0;0,0;-0,02;-0,02;0,0;0,0;-0,01;-0,01;-0,02;-0,02;-0,01;-0,01;0,0;0,0;0,0;0,0;0,0;0,0;0,0;0,0;0,0;0,0;-0,01;-0,01;0,0;0,0;-0,02;-0,02;-0,01;-0,01;-0,01;-0,01;-0,01;-0,01;-0,01;-0,01;-0,02;-0,02;0,0;0,0;-0,02;-0,02;0,0;0,0;-0,01;-0,01;-0,01;-0,01;-0,02;-0,02
30.07.2026;03:30;03:45;0,0;0,0;-0,16;-0,16;-0,03;-0,03;-0,01;-0,01;-0,01;-0,01;0,0;0,0;-0,01;-0,01;-0,02;-0,02;-0,01;-0,01;0,0;0,0;0,0;0,0;0,0;0,0;-0,02;-0,02;0,0;0,0;-0,01;-0,01;0,0;0,0;-0,02;-0,02;-0,01;-0,01;-0,01;-0,01;-0,01;-0,01;-0,01;-0,01;-0,01;-0,01;-0,01;-0,01;-0,02;-0,02;-0,01;-0,01;-0,01;-0,01;0,0;0,0;-0,02;-0,02
30.07.2026;03:45;04:00;0,0;0,0;-0,17;-0,17;-0,02;-0,02;0,0;0,0;-0,01;-0,01;0,0;0,0;-0,01;-0,01;-0,01;-0,01;0,0;0,0;0,0;0,0;0,0;0,0;0,0;0,0;-0,02;-0,02;0,0;0,0;-0,02;-0,02;0,0;0,0;-0,02;-0,02;-0,03;-0,03;-0,01;-0,01;-0,01;-0,01;-0,01;-0,01;-0,02;-0,02;-0,01;-0,01;-0,01;-0,01;0,0;0,0;-0,01;-0,01;0,0;0,0;-0,02;-0,02
30.07.2026;04:00;04:15;0,0;0,0;-0,16;-0,16;-0,03;-0,03;0,0;0,0;0,0;0,0;0,0;0,0;-0,01;-0,01;-0,02;-0,02;-0,01;-0,01;0,0;0,0;0,0;0,0;0,0;0,0;0,0;0,0;-0,01;-0,01;-0,01;-0,01;0,0;0,0;-0,03;-0,03;-0,02;-0,02;-0,01;-0,01;-0,04;-0,04;0,0;0,0;-0,01;-0,01;-0,01;-0,01;-0,02;-0,02;0,0;0,0;-0,01;-0,01;-0,01;-0,01;-0,01;-0,01
30.07.2026;04:15;04:30;0,0;0,0;-0,17;-0,17;-0,01;-0,01;0,0;0,0;-0,02;-0,02;0,0;0,0;-0,01;-0,01;-0,02;-0,02;0,0;0,0;-0,01;-0,01;0,0;0,0;0,0;0,0;0,0;0,0;0,0;0,0;-0,02;-0,02;0,0;0,0;-0,02;-0,02;-0,02;-0,02;-0,01;-0,01;-0,03;-0,03;-0,01;-0,01;-0,02;-0,02;-0,01;-0,01;-0,02;-0,02;0,0;0,0;-0,01;-0,01;-0,01;-0,01;-0,02;-0,02
30.07.2026;04:30;04:45;0,0;0,0;-0,17;-0,17;-0,02;-0,02;0,0;0,0;-0,01;-0,01;0,0;0,0;-0,01;-0,01;-0,02;-0,02;-0,01;-0,01;0,0;0,0;0,0;0,0;0,0;0,0;-0,01;-0,01;0,0;0,0;-0,01;-0,01;0,0;0,0;-0,01;-0,01;-0,02;-0,02;-0,01;-0,01;-0,02;-0,02;-0,01;-0,01;-0,02;-0,02;-0,01;-0,01;-0,01;-0,01;0,0;0,0;-0,01;-0,01;0,0;0,0;-0,03;-0,03
30.07.2026;04:45;05:00;0,0;0,0;-0,16;-0,16;-0,02;-0,02;0,0;0,0;-0,02;-0,02;0,0;0,0;-0,01;-0,01;-0,02;-0,02;0,0;0,0;0,0;0,0;0,0;0,0;0,0;0,0;-0,02;-0,02;0,0;0,0;-0,01;-0,01;-0,01;-0,01;-0,01;-0,01;-0,02;-0,02;-0,01;-0,01;-0,02;-0,02;-0,01;-0,01;-0,01;-0,01;-0,01;-0,01;-0,02;-0,02;0,0;0,0;0,0;0,0;0,0;0,0;-0,02;-0,02
30.07.2026;05:00;05:15;0,0;0,0;-0,16;-0,16;-0,03;-0,03;0,0;0,0;-0,01;-0,01;-0,01;-0,01;-0,01;-0,01;-0,02;-0,02;-0,01;-0,01;0,0;0,0;0,0;0,0;0,0;0,0;-0,01;-0,01;0,0;0,0;-0,02;-0,02;0,0;0,0;-0,01;-0,01;-0,08;-0,08;-0,01;-0,01;-0,03;-0,03;-0,01;-0,01;-0,01;-0,01;-0,01;-0,01;-0,02;-0,02;0,0;0,0;-0,02;-0,02;-0,01;-0,01;-0,02;-0,02
30.07.2026;05:15;05:30;0,0;0,0;-0,18;-0,18;-0,01;-0,01;0,0;0,0;0,0;0,0;0,0;0,0;-0,01;-0,01;-0,02;-0,02;-0,01;-0,01;0,0;0,0;0,0;0,0;0,0;0,0;0,0;0,0;0,0;0,0;-0,02;-0,02;0,0;0,0;-0,01;-0,01;-0,04;-0,04;-0,02;-0,02;-0,02;-0,02;-0,01;-0,01;-0,02;-0,02;-0,02;-0,02;-0,01;-0,01;0,0;0,0;0,0;0,0;0,0;0,0;-0,02;-0,02
30.07.2026;05:30;05:45;0,01;0,01;-0,21;-0,21;-0,01;-0,01;0,0;0,0;-0,02;-0,02;0,0;0,0;0,0;0,0;-0,02;-0,02;-0,01;-0,01;0,0;0,0;-0,01;-0,01;0,0;0,0;-0,01;-0,01;0,0;0,0;-0,01;-0,01;0,0;0,0;-0,01;-0,01;-0,02;-0,02;-0,01;-0,01;-0,02;-0,02;-0,01;-0,01;-0,02;-0,02;-0,01;-0,01;-0,02;-0,02;-0,01;-0,01;-0,02;-0,02;0,0;0,0;-0,01;-0,01
30.07.2026;05:45;06:00;0,01;0,01;-0,25;-0,25;-0,03;-0,03;0,0;0,0;-0,01;-0,01;0,0;0,0;-0,01;-0,01;-0,02;-0,02;0,0;0,0;0,0;0,0;0,0;0,0;0,0;0,0;-0,18;-0,18;0,0;0,0;-0,01;-0,01;0,0;0,0;-0,01;-0,01;-0,01;-0,01;-0,01;-0,01;-0,01;-0,01;-0,01;-0,01;-0,01;-0,01;-0,02;-0,02;-0,02;-0,02;0,0;0,0;0,0;0,0;-0,01;-0,01;-0,02;-0,02
30.07.2026;06:00;06:15;0,0;0,0;-0,19;-0,19;-0,03;-0,03;0,0;0,0;-0,01;-0,01;0,0;0,0;-0,01;-0,01;-0,01;-0,01;-0,01;-0,01;0,0;0,0;0,0;0,0;0,0;0,0;-0,04;-0,04;-0,01;-0,01;-0,02;-0,02;0,0;0,0;-0,03;-0,03;-0,02;-0,02;-0,01;-0,01;0,0;0,0;0,0;0,0;-0,02;-0,02;-0,01;-0,01;-0,02;-0,02;0,0;0,0;-0,02;-0,02;0,0;0,0;-0,02;-0,02
30.07.2026;06:15;06:30;0,0;0,0;-0,26;-0,26;-0,12;-0,12;0,0;0,0;-0,01;-0,01;0,0;0,0;-0,01;-0,01;-0,03;-0,03;0,0;0,0;0,0;0,0;0,0;0,0;-0,01;-0,01;-0,03;-0,03;0,0;0,0;-0,02;-0,02;0,0;0,0;-0,02;-0,02;-0,02;-0,02;-0,01;-0,01;-0,02;-0,02;-0,01;-0,01;0,0;0,0;-0,02;-0,02;-0,01;-0,01;0,0;0,0;0,0;0,0;-0,01;-0,01;-0,03;-0,03
30.07.2026;06:30;06:45;0,07;0,07;-0,16;-0,16;-0,04;-0,04;0,0;0,0;-0,01;-0,01;0,0;0,0;-0,01;-0,01;-0,01;-0,01;-0,01;-0,01;0,0;0,0;0,0;0,0;0,0;0,0;-0,05;-0,05;0,0;0,0;-0,02;-0,02;0,0;0,0;-0,02;-0,02;-0,03;-0,03;-0,01;-0,01;-0,01;-0,01;-0,01;-0,01;-0,01;-0,01;-0,01;-0,01;-0,02;-0,02;0,0;0,0;-0,02;-0,02;0,0;0,0;-0,02;-0,02
30.07.2026;06:45;07:00;0,2;0,15;-0,18;-0,13;-0,05;-0,05;0,0;0,0;-0,01;-0,01;0,0;0,0;-0,01;-0,01;-0,01;-0,01;0,0;0,0;0,0;0,0;0,0;0,0;0,0;0,0;-0,02;-0,02;0,0;0,0;-0,01;-0,01;0,0;0,0;-0,02;-0,02;-0,02;-0,02;-0,01;-0,01;0,0;0,0;-0,01;-0,01;-0,01;-0,01;-0,02;-0,02;-0,01;-0,01;0,0;0,0;0,0;0,0;0,0;0,0;-0,02;-0,02
30.07.2026;07:00;07:15;0,26;0,19;-0,18;-0,11;-0,05;-0,05;-0,01;-0,01;-0,02;-0,02;-0,01;-0,01;0,0;0,0;-0,01;-0,01;-0,01;-0,01;0,0;0,0;0,0;0,0;0,0;0,0;-0,02;-0,02;0,0;0,0;-0,02;-0,02;0,0;0,0;-0,01;-0,01;-0,02;-0,02;-0,01;-0,01;-0,01;-0,01;-0,01;-0,01;-0,01;-0,01;-0,01;-0,01;-0,02;-0,02;0,0;0,0;-0,01;-0,01;-0,01;-0,01;-0,03;-0,03
30.07.2026;07:15;07:30;0,39;0,13;-0,17;-0,1;-0,16;-0,15;0,0;0,0;-0,01;0,0;0,0;0,0;-0,02;-0,01;-0,02;-0,01;-0,01;0,0;0,0;0,0;0,0;0,0;0,0;0,0;-0,02;-0,01;0,0;0,0;-0,01;0,0;-0,01;0,0;-0,02;-0,01;-0,01;0,0;-0,01;0,0;-0,02;-0,01;-0,01;0,0;-0,02;-0,01;-0,12;-0,11;-0,02;-0,01;0,0;0,0;-0,01;0,0;-0,01;0,0;-0,05;-0,04
30.07.2026;07:30;07:45;0,49;0,17;-0,19;-0,1;-0,05;-0,03;0,0;0,0;-0,01;0,0;0,0;0,0;0,0;0,0;-0,02;0,0;0,0;0,0;0,0;0,0;0,0;0,0;0,0;0,0;-0,01;0,0;0,0;0,0;-0,02;0,0;0,0;0,0;-0,01;0,0;-0,01;0,0;-0,01;0,0;-0,01;0,0;-0,01;0,0;-0,14;-0,12;-0,05;-0,03;-0,02;0,0;-0,01;0,0;-0,01;0,0;0,0;0,0;-0,04;-0,02
30.07.2026;07:45;08:00;0,63;0,21;-0,23;-0,1;-0,05;-0,02;0,0;0,0;-0,12;-0,09;0,0;0,0;-0,01;0,0;-0,02;0,0;-0,01;0,0;0,0;0,0;0,0;0,0;0,0;0,0;-0,01;0,0;0,0;0,0;-0,01;0,0;0,0;0,0;-0,02;0,0;-0,02;0,0;-0,01;0,0;-0,01;0,0;-0,01;0,0;-0,08;-0,05;-0,02;0,0;-0,01;0,0;0,0;0,0;-0,01;0,0;0,0;0,0;-0,04;-0,01
30.07.2026;08:00;08:15;0,74;0,23;-0,19;-0,03;-0,14;-0,09;0,0;0,0;-0,07;-0,02;0,0;0,0;-0,01;0,0;-0,02;0,0;-0,01;0,0;0,0;0,0;-0,01;0,0;0,0;0,0;0,0;0,0;-0,01;0,0;-0,01;0,0;0,0;0,0;-0,01;0,0;-0,01;0,0;-0,01;0,0;-0,01;0,0;0,0;0,0;-0,17;-0,12;-0,01;0,0;-0,03;0,0;0,0;0,0;-0,01;0,0;-0,01;0,0;-0,03;0,0
30.07.2026;08:15;08:30;0,9;0,35;-0,18;0,0;-0,26;-0,19;0,0;0,0;-0,05;0,0;0,0;0,0;-0,02;0,0;-0,02;0,0;0,0;0,0;0,0;0,0;0,0;0,0;0,0;0,0;-0,01;0,0;0,0;0,0;-0,02;0,0;0,0;0,0;0,0;0,0;-0,01;0,0;-0,03;0,0;0,0;0,0;-0,01;0,0;-0,01;0,0;-0,02;0,0;-0,05;0,0;0,0;0,0;0,0;0,0;0,0;0,0;-0,05;0,0
30.07.2026;08:30;08:45;0,95;0,24;-0,19;0,0;-0,37;-0,31;0,0;0,0;-0,06;0,0;0,0;0,0;-0,02;0,0;-0,03;0,0;-0,01;0,0;0,0;0,0;0,0;0,0;0,0;0,0;-0,02;0,0;0,0;0,0;-0,01;0,0;0,0;0,0;-0,01;0,0;-0,02;0,0;-0,1;-0,04;-0,01;0,0;-0,01;0,0;-0,02;0,0;-0,05;0,0;-0,13;-0,07;0,0;0,0;-0,02;0,0;0,0;0,0;-0,05;0,0
30.07.2026;08:45;09:00;0,92;0,38;-0,18;0,0;-0,12;-0,05;0,0;0,0;-0,02;0,0;0,0;0,0;-0,02;0,0;-0,02;0,0;-0,01;0,0;0,0;0,0;0,0;0,0;0,0;0,0;-0,01;0,0;0,0;0,0;-0,01;0,0;0,0;0,0;0,0;0,0;-0,03;0,0;-0,04;0,0;-0,01;0,0;-0,01;0,0;-0,01;0,0;-0,01;0,0;-0,05;0,0;0,0;0,0;0,0;0,0;-0,01;0,0;-0,03;0,0
30.07.2026;09:00;09:15;1,11;0,58;-0,2;0,0;-0,07;0,0;0,0;0,0;-0,01;0,0;-0,01;0,0;-0,01;0,0;-0,02;0,0;0,0;0,0;0,0;0,0;0,0;0,0;0,0;0,0;-0,01;0,0;0,0;0,0;-0,02;0,0;0,0;0,0;0,0;0,0;-0,02;0,0;-0,05;0,0;0,0;0,0;-0,01;0,0;-0,01;0,0;-0,01;0,0;-0,03;0,0;0,0;0,0;-0,02;0,0;-0,01;0,0;-0,02;0,0
30.07.2026;09:15;09:30;1,23;0,55;-0,3;0,0;-0,06;0,0;0,0;0,0;-0,02;0,0;0,0;0,0;-0,02;0,0;-0,01;0,0;-0,01;0,0;-0,01;0,0;0,0;0,0;0,0;0,0;0,0;0,0;0,0;0,0;-0,01;0,0;0,0;0,0;0,0;0,0;-0,02;0,0;-0,06;0,0;-0,01;0,0;-0,01;0,0;-0,02;0,0;-0,02;0,0;-0,07;0,0;0,0;0,0;0,0;0,0;0,0;0,0;-0,03;0,0
30.07.2026;09:30;09:45;1,18;0,54;-0,21;0,0;-0,07;0,0;0,0;0,0;-0,01;0,0;0,0;0,0;-0,01;0,0;-0,02;0,0;0,0;0,0;0,0;0,0;0,0;0,0;0,0;0,0;-0,01;0,0;0,0;0,0;-0,01;0,0;0,0;0,0;-0,01;0,0;-0,02;0,0;-0,08;0,0;-0,01;0,0;-0,01;0,0;-0,02;0,0;0,0;0,0;-0,39;-0,29;-0,01;0,0;-0,01;0,0;0,0;0,0;-0,03;0,0
30.07.2026;09:45;10:00;0,52;0,12;-0,17;-0,08;-0,21;-0,19;0,0;0,0;-0,02;0,0;0,0;0,0;-0,03;-0,01;-0,02;0,0;-0,01;0,0;0,0;0,0;0,0;0,0;0,0;0,0;-0,01;0,0;0,0;0,0;-0,02;0,0;-0,01;0,0;-0,02;0,0;-0,03;-0,01;-0,08;-0,06;-0,01;0,0;-0,01;0,0;-0,17;-0,15;-0,02;0,0;-0,1;-0,08;0,0;0,0;-0,01;0,0;-0,01;0,0;-0,02;0,0
30.07.2026;10:00;10:15;0,01;0,01;-0,2;-0,2;-0,41;-0,41;0,0;0,0;-0,01;-0,01;0,0;0,0;-0,03;-0,03;-0,02;-0,02;-0,01;-0,01;0,0;0,0;0,0;0,0;0,0;0,0;-0,02;-0,02;-0,01;-0,01;-0,01;-0,01;0,0;0,0;-0,01;-0,01;-0,03;-0,03;-0,02;-0,02;-0,01;-0,01;0,0;0,0;-0,07;-0,07;-0,05;-0,05;-0,13;-0,13;0,0;0,0;-0,01;-0,01;0,0;0,0;-0,03;-0,03
30.07.2026;10:15;10:30;0,0;0,0;-0,16;-0,16;-0,06;-0,06;-0,01;-0,01;-0,02;-0,02;0,0;0,0;-0,02;-0,02;-0,02;-0,02;0,0;0,0;0,0;0,0;0,0;0,0;0,0;0,0;0,0;0,0;0,0;0,0;-0,04;-0,04;0,0;0,0;-0,02;-0,02;-0,03;-0,03;-0,02;-0,02;-0,01;-0,01;-0,02;-0,02;-0,03;-0,03;-0,02;-0,02;-0,19;-0,19;0,0;0,0;-0,01;-0,01;-0,01;-0,01;-0,02;-0,02
30.07.2026;10:30;10:45;1,1;0,52;-0,18;0,0;-0,05;0,0;0,0;0,0;0,0;0,0;0,0;0,0;-0,04;0,0;-0,01;0,0;-0,01;0,0;0,0;0,0;-0,01;0,0;0,0;0,0;-0,01;0,0;0,0;0,0;-0,03;0,0;0,0;0,0;-0,01;0,0;-0,02;0,0;-0,01;0,0;0,0;0,0;-0,01;0,0;-0,03;0,0;-0,04;0,0;-0,18;-0,09;0,0;0,0;-0,01;0,0;0,0;0,0;-0,02;0,0
30.07.2026;10:45;11:00;1,69;1,06;-0,18;0,0;-0,03;0,0;0,0;0,0;-0,03;0,0;0,0;0,0;-0,03;0,0;-0,01;0,0;-0,01;0,0;0,0;0,0;0,0;0,0;0,0;0,0;0,0;0,0;0,0;0,0;-0,02;0,0;0,0;0,0;-0,01;0,0;-0,03;0,0;0,0;0,0;-0,01;0,0;0,0;0,0;-0,02;0,0;-0,03;0,0;-0,2;-0,01;0,0;0,0;-0,01;0,0;0,0;0,0;-0,02;0,0
30.07.2026;11:00;11:15;1,72;1,01;-0,2;0,0;-0,03;0,0;0,0;0,0;-0,03;0,0;-0,01;0,0;-0,02;0,0;-0,01;0,0;0,0;0,0;0,0;0,0;0,0;0,0;0,0;0,0;-0,02;0,0;0,0;0,0;-0,01;0,0;0,0;0,0;-0,02;0,0;-0,03;0,0;-0,01;0,0;-0,01;0,0;-0,01;0,0;-0,03;0,0;-0,04;0,0;-0,31;-0,12;0,0;0,0;-0,01;0,0;-0,01;0,0;-0,02;0,0
30.07.2026;11:15;11:30;1,81;0,71;-0,23;0,0;-0,02;0,0;0,0;0,0;-0,04;0,0;0,0;0,0;-0,51;-0,34;-0,07;0,0;-0,01;0,0;0,0;0,0;0,0;0,0;-0,01;0,0;-0,01;0,0;0,0;0,0;-0,02;0,0;0,0;0,0;-0,01;0,0;-0,03;0,0;-0,01;0,0;-0,01;0,0;-0,01;0,0;-0,36;-0,19;-0,06;0,0;-0,2;-0,03;0,0;0,0;-0,01;0,0;0,0;0,0;-0,04;0,0
30.07.2026;11:30;11:45;1,86;0,77;-0,18;0,0;-0,02;0,0;0,0;0,0;-0,05;0,0;0,0;0,0;-0,22;-0,04;-0,28;-0,1;-0,01;0,0;0,0;0,0;0,0;0,0;0,0;0,0;-0,01;0,0;0,0;0,0;-0,02;0,0;0,0;0,0;0,0;0,0;-0,04;0,0;-0,02;0,0;-0,01;0,0;-0,01;0,0;-0,12;0,0;-0,01;0,0;-0,15;0,0;-0,01;0,0;-0,01;0,0;-0,01;0,0;-0,05;0,0
30.07.2026;11:45;12:00;1,89;0,9;-0,18;0,0;-0,02;0,0;0,0;0,0;-0,06;0,0;0,0;0,0;-0,27;-0,08;-0,24;-0,05;0,0;0,0;0,0;0,0;0,0;0,0;0,0;0,0;0,0;0,0;0,0;0,0;-0,01;0,0;0,0;0,0;-0,01;0,0;-0,04;0,0;-0,01;0,0;-0,03;0,0;-0,01;0,0;-0,05;0,0;-0,01;0,0;-0,13;0,0;0,0;0,0;-0,01;0,0;0,0;0,0;-0,04;0,0
30.07.2026;12:00;12:15;1,91;0,86;-0,18;0,0;-0,01;0,0;0,0;0,0;-0,3;-0,11;0,0;0,0;-0,2;-0,01;-0,12;0,0;-0,01;0,0;0,0;0,0;0,0;0,0;0,0;0,0;0,0;0,0;-0,01;0,0;-0,01;0,0;0,0;0,0;0,0;0,0;-0,04;0,0;-0,05;0,0;-0,03;0,0;-0,01;0,0;-0,05;0,0;-0,01;0,0;-0,09;0,0;0,0;0,0;0,0;0,0;-0,01;0,0;-0,04;0,0
30.07.2026;12:15;12:30;1,91;0,92;-0,19;0,0;-0,02;0,0;0,0;0,0;-0,3;-0,11;0,0;0,0;-0,28;-0,09;-0,08;0,0;0,0;0,0;0,0;0,0;0,0;0,0;0,0;0,0;-0,02;0,0;0,0;0,0;-0,02;0,0;-0,01;0,0;0,0;0,0;-0,03;0,0;-0,06;0,0;-0,01;0,0;-0,01;0,0;-0,05;0,0;-0,01;0,0;-0,04;0,0;0,0;0,0;-0,02;0,0;0,0;0,0;-0,04;0,0
30.07.2026;12:30;12:45;1,91;0,79;-0,28;0,0;-0,03;0,0;0,0;0,0;-0,03;0,0;0,0;0,0;-0,22;-0,03;-0,09;0,0;-0,01;0,0;0,0;0,0;0,0;0,0;0,0;0,0;-0,02;0,0;0,0;0,0;-0,01;0,0;0,0;0,0;0,0;0,0;-0,02;0,0;-0,01;0,0;0,0;0,0;-0,01;0,0;-0,28;-0,09;-0,01;0,0;-0,29;-0,1;0,0;0,0;0,0;0,0;0,0;0,0;-0,03;0,0
30.07.2026;12:45;13:00;1,93;1,21;-0,18;0,0;-0,02;0,0;0,0;0,0;-0,04;0,0;0,0;0,0;-0,03;0,0;-0,08;0,0;-0,01;0,0;0,0;0,0;0,0;0,0;0,0;0,0;0,0;0,0;0,0;0,0;-0,01;0,0;0,0;0,0;-0,01;0,0;-0,02;0,0;0,0;0,0;-0,01;0,0;-0,01;0,0;-0,02;0,0;-0,01;0,0;-0,29;-0,07;0,0;0,0;-0,02;0,0;-0,01;0,0;-0,02;0,0
30.07.2026;13:00;13:15;1,93;0,78;-0,25;0,0;-0,01;0,0;0,0;0,0;-0,36;-0,17;-0,01;0,0;-0,03;0,0;-0,19;0,0;-0,01;0,0;0,0;0,0;-0,01;0,0;0,0;0,0;-0,01;0,0;0,0;0,0;-0,02;0,0;0,0;0,0;-0,02;0,0;-0,02;0,0;-0,02;0,0;0,0;0,0;-0,01;0,0;-0,06;0,0;-0,07;0,0;-0,28;-0,09;0,0;0,0;0,0;0,0;0,0;0,0;-0,03;0,0
30.07.2026;13:15;13:30;1,94;0,89;-0,18;0,0;-0,02;0,0;0,0;0,0;-0,21;-0,01;0,0;0,0;-0,03;0,0;-0,11;0,0;0,0;0,0;0,0;0,0;0,0;0,0;0,0;0,0;0,0;0,0;0,0;0,0;-0,01;0,0;0,0;0,0;-0,01;0,0;-0,01;0,0;-0,01;0,0;-0,01;0,0;-0,01;0,0;-0,01;0,0;-0,19;0,0;-0,43;-0,23;0,0;0,0;-0,02;0,0;-0,01;0,0;-0,02;0,0
30.07.2026;13:30;13:45;1,73;0,72;-0,19;0,0;-0,03;0,0;-0,01;0,0;-0,34;-0,18;0,0;0,0;-0,03;0,0;-0,13;0,0;-0,01;0,0;0,0;0,0;0,0;0,0;0,0;0,0;-0,02;0,0;0,0;0,0;-0,01;0,0;0,0;0,0;-0,02;0,0;-0,01;0,0;-0,01;0,0;-0,01;0,0;-0,01;0,0;-0,03;0,0;-0,13;0,0;-0,3;-0,14;-0,01;0,0;0,0;0,0;0,0;0,0;-0,03;0,0
30.07.2026;13:45;14:00;0,77;0,24;-0,27;-0,1;-0,02;0,0;0,0;0,0;-0,16;-0,11;0,0;0,0;-0,08;-0,03;-0,36;-0,31;0,0;0,0;0,0;0,0;0,0;0,0;0,0;0,0;-0,01;0,0;0,0;0,0;-0,01;0,0;0,0;0,0;-0,01;0,0;-0,01;0,0;-0,01;0,0;0,0;0,0;-0,01;0,0;-0,03;0,0;-0,02;0,0;-0,18;-0,13;0,0;0,0;-0,02;0,0;0,0;0,0;-0,01;0,0
30.07.2026;14:00;14:15;0,0;0,0;-0,17;-0,17;-0,01;-0,01;0,0;0,0;-0,03;-0,03;0,0;0,0;-0,09;-0,09;-0,41;-0,41;-0,01;-0,01;0,0;0,0;0,0;0,0;0,0;0,0;-0,01;-0,01;-0,01;-0,01;-0,02;-0,02;0,0;0,0;-0,02;-0,02;-0,01;-0,01;-0,02;-0,02;-0,01;-0,01;0,0;0,0;-0,02;-0,02;-0,01;-0,01;-0,09;-0,09;0,0;0,0;0,0;0,0;-0,01;-0,01;-0,01;-0,01
30.07.2026;14:15;14:30;0,0;0,0;-0,15;-0,15;-0,02;-0,02;0,0;0,0;-0,02;-0,02;0,0;0,0;-0,09;-0,09;-0,18;-0,18;-0,01;-0,01;-0,01;-0,01;0,0;0,0;0,0;0,0;0,0;0,0;0,0;0,0;-0,01;-0,01;0,0;0,0;-0,01;-0,01;-0,02;-0,02;-0,01;-0,01;-0,01;-0,01;-0,02;-0,02;-0,02;-0,02;-0,01;-0,01;-0,14;-0,14;0,0;0,0;-0,02;-0,02;-0,01;-0,01;-0,03;-0,03
30.07.2026;14:30;14:45;1,24;0,64;-0,15;0,0;-0,02;0,0;0,0;0,0;-0,02;0,0;0,0;0,0;-0,06;0,0;-0,13;-0,01;0,0;0,0;0,0;0,0;0,0;0,0;0,0;0,0;-0,01;0,0;0,0;0,0;-0,01;0,0;0,0;0,0;-0,01;0,0;-0,02;0,0;-0,01;0,0;-0,02;0,0;0,0;0,0;-0,03;0,0;0,0;0,0;-0,1;0,0;0,0;0,0;0,0;0,0;0,0;0,0;-0,02;0,0
30.07.2026;14:45;15:00;1,72;0,93;-0,26;0,0;-0,03;0,0;0,0;0,0;-0,04;0,0;0,0;0,0;-0,03;0,0;-0,13;0,0;-0,01;0,0;0,0;0,0;0,0;0,0;0,0;0,0;-0,01;0,0;0,0;0,0;-0,02;0,0;-0,01;0,0;0,0;0,0;-0,02;0,0;-0,02;0,0;-0,01;0,0;-0,01;0,0;-0,02;0,0;-0,02;0,0;-0,1;0,0;0,0;0,0;-0,02;0,0;0,0;0,0;-0,03;0,0
30.07.2026;15:00;15:15;1,65;0,92;-0,19;0,0;-0,01;0,0;0,0;0,0;-0,04;0,0;-0,01;0,0;-0,03;0,0;-0,26;-0,08;0,0;0,0;0,0;0,0;0,0;0,0;0,0;0,0;-0,02;0,0;0,0;0,0;-0,01;0,0;0,0;0,0;-0,01;0,0;-0,03;0,0;-0,01;0,0;-0,02;0,0;-0,01;0,0;-0,02;0,0;-0,01;0,0;-0,1;0,0;0,0;0,0;0,0;0,0;-0,01;0,0;-0,02;0,0
30.07.2026;15:15;15:30;1,55;0,92;-0,18;0,0;-0,01;0,0;0,0;0,0;-0,04;0,0;0,0;0,0;-0,03;0,0;-0,18;-0,01;-0,01;0,0;0,0;0,0;0,0;0,0;0,0;0,0;0,0;0,0;0,0;0,0;-0,02;0,0;0,0;0,0;0,0;0,0;-0,02;0,0;0,0;0,0;-0,02;0,0;-0,01;0,0;-0,02;0,0;-0,01;0,0;-0,04;0,0;0,0;0,0;-0,02;0,0;0,0;0,0;-0,03;0,0
30.07.2026;15:30;15:45;1,47;0,65;-0,18;0,0;-0,03;0,0;0,0;0,0;-0,04;0,0;0,0;0,0;-0,03;0,0;-0,17;-0,03;0,0;0,0;0,0;0,0;-0,01;0,0;0,0;0,0;-0,01;0,0;0,0;0,0;-0,03;0,0;0,0;0,0;0,0;0,0;-0,02;0,0;-0,02;0,0;-0,03;0,0;-0,01;0,0;-0,02;0,0;-0,22;-0,08;-0,07;0,0;-0,01;0,0;0,0;0,0;-0,01;0,0;-0,02;0,0
30.07.2026;15:45;16:00;1,4;0,6;-0,17;0,0;-0,03;0,0;0,0;0,0;-0,04;0,0;0,0;0,0;-0,03;0,0;-0,18;-0,05;-0,01;0,0;0,0;0,0;0,0;0,0;0,0;0,0;0,0;0,0;0,0;0,0;-0,04;0,0;0,0;0,0;-0,01;0,0;-0,02;0,0;-0,01;0,0;-0,04;0,0;-0,01;0,0;-0,02;0,0;-0,15;-0,02;-0,07;0,0;0,0;0,0;-0,01;0,0;0,0;0,0;-0,03;0,0
30.07.2026;16:00;16:15;1,31;0,57;-0,16;0,0;-0,01;0,0;0,0;0,0;-0,02;0,0;0,0;0,0;-0,03;0,0;-0,04;0,0;-0,01;0,0;0,0;0,0;0,0;0,0;0,0;0,0;-0,01;0,0;0,0;0,0;-0,15;-0,03;0,0;0,0;-0,01;0,0;-0,02;0,0;0,0;0,0;-0,04;0,0;-0,01;0,0;-0,02;0,0;-0,11;0,0;-0,09;0,0;0,0;0,0;-0,01;0,0;-0,01;0,0;-0,02;0,0
30.07.2026;16:15;16:30;1,23;0,54;-0,23;0,0;-0,01;0,0;0,0;0,0;-0,03;0,0;0,0;0,0;-0,03;0,0;-0,09;0,0;-0,01;0,0;0,0;0,0;0,0;0,0;-0,01;0,0;-0,02;0,0;-0,01;0,0;-0,03;0,0;0,0;0,0;-0,01;0,0;-0,01;0,0;-0,01;0,0;-0,02;0,0;-0,01;0,0;-0,02;0,0;-0,01;0,0;-0,14;-0,04;0,0;0,0;-0,01;0,0;0,0;0,0;-0,02;0,0
30.07.2026;16:30;16:45;1,13;0,38;-0,32;-0,04;-0,03;0,0;0,0;0,0;-0,04;0,0;0,0;0,0;-0,03;0,0;-0,25;-0,16;0,0;0,0;0,0;0,0;0,0;0,0;0,0;0,0;-0,01;0,0;0,0;0,0;-0,03;0,0;0,0;0,0;-0,02;0,0;-0,01;0,0;-0,01;0,0;-0,03;0,0;-0,01;0,0;-0,04;0,0;-0,01;0,0;-0,15;-0,06;0,0;0,0;-0,01;0,0;0,0;0,0;-0,01;0,0
30.07.2026;16:45;17:00;1,04;0,3;-0,22;0,0;-0,02;0,0;0,0;0,0;-0,04;0,0;0,0;0,0;-0,03;0,0;-0,13;-0,05;-0,01;0,0;0,0;0,0;0,0;0,0;0,0;0,0;0,0;0,0;0,0;0,0;-0,07;0,0;0,0;0,0;-0,01;0,0;-0,01;0,0;-0,06;0,0;-0,03;0,0;0,0;0,0;-0,05;0,0;-0,01;0,0;-0,06;0,0;0,0;0,0;-0,01;0,0;-0,01;0,0;-0,02;0,0
30.07.2026;17:00;17:15;0,94;0,25;-0,26;-0,07;-0,02;0,0;-0,01;0,0;-0,03;0,0;-0,01;0,0;-0,04;0,0;-0,11;-0,05;-0,01;0,0;0,0;0,0;0,0;0,0;0,0;0,0;-0,01;0,0;0,0;0,0;-0,07;-0,01;0,0;0,0;-0,01;0,0;-0,01;0,0;-0,05;0,0;-0,03;0,0;-0,02;0,0;-0,02;0,0;-0,01;0,0;-0,08;-0,02;0,0;0,0;-0,01;0,0;-0,01;0,0;-0,02;0,0
30.07.2026;17:15;17:30;0,75;0,21;-0,24;-0,09;-0,01;0,0;0,0;0,0;-0,03;0,0;0,0;0,0;-0,02;0,0;-0,12;-0,08;0,0;0,0;0,0;0,0;0,0;0,0;0,0;0,0;-0,01;0,0;0,0;0,0;-0,05;-0,01;-0,01;0,0;-0,02;0,0;-0,02;0,0;-0,06;-0,02;-0,03;0,0;0,0;0,0;-0,03;0,0;-0,01;0,0;-0,11;-0,07;0,0;0,0;-0,01;0,0;0,0;0,0;-0,03;0,0
30.07.2026;17:30;17:45;0,01;0,01;-0,23;-0,23;-0,02;-0,02;0,0;0,0;-0,01;-0,01;0,0;0,0;-0,01;-0,01;-0,1;-0,1;0,0;0,0;0,0;0,0;0,0;0,0;0,0;0,0;-0,02;-0,02;0,0;0,0;-0,03;-0,03;0,0;0,0;-0,01;-0,01;-0,03;-0,03;-0,06;-0,06;-0,03;-0,03;-0,01;-0,01;-0,02;-0,02;-0,01;-0,01;-0,11;-0,11;-0,01;-0,01;-0,01;-0,01;0,0;0,0;-0,02;-0,02
30.07.2026;17:45;18:00;0,0;0,0;-0,24;-0,24;-0,04;-0,04;0,0;0,0;-0,04;-0,04;0,0;0,0;-0,01;-0,01;-0,11;-0,11;-0,01;-0,01;0,0;0,0;0,0;0,0;0,0;0,0;-0,01;-0,01;0,0;0,0;-0,02;-0,02;0,0;0,0;-0,02;-0,02;-0,02;-0,02;-0,07;-0,07;-0,05;-0,05;-0,02;-0,02;-0,02;-0,02;-0,02;-0,02;-0,08;-0,08;0,0;0,0;-0,01;-0,01;-0,01;-0,01;-0,03;-0,03
30.07.2026;18:00;18:15;0,0;0,0;-0,2;-0,2;-0,04;-0,04;0,0;0,0;-0,03;-0,03;0,0;0,0;-0,02;-0,02;-0,11;-0,11;0,0;0,0;0,0;0,0;-0,01;-0,01;0,0;0,0;0,0;0,0;0,0;0,0;-0,03;-0,03;0,0;0,0;-0,01;-0,01;-0,02;-0,02;-0,08;-0,08;-0,13;-0,13;0,0;0,0;-0,02;-0,02;-0,01;-0,01;-0,08;-0,08;0,0;0,0;-0,01;-0,01;0,0;0,0;-0,02;-0,02
30.07.2026;18:15;18:30;0,06;0,06;-0,21;-0,21;-0,01;-0,01;0,0;0,0;-0,02;-0,02;0,0;0,0;0,0;0,0;-0,09;-0,09;-0,01;-0,01;0,0;0,0;0,0;0,0;0,0;0,0;0,0;0,0;-0,01;-0,01;-0,03;-0,03;0,0;0,0;-0,01;-0,01;-0,02;-0,02;-0,08;-0,08;-0,03;-0,03;-0,01;-0,01;-0,02;-0,02;-0,01;-0,01;-0,16;-0,16;0,0;0,0;-0,01;-0,01;-0,01;-0,01;-0,02;-0,02
30.07.2026;18:30;18:45;0,35;0,12;-0,18;-0,11;-0,06;-0,05;0,0;0,0;-0,02;-0,01;0,0;0,0;-0,01;0,0;-0,1;-0,09;-0,01;0,0;0,0;0,0;0,0;0,0;0,0;0,0;-0,01;0,0;0,0;0,0;-0,01;0,0;0,0;0,0;-0,01;0,0;-0,03;-0,02;-0,07;-0,06;0,0;0,0;-0,01;0,0;-0,02;-0,01;-0,01;0,0;-0,14;-0,13;0,0;0,0;-0,01;0,0;0,0;0,0;-0,05;-0,04
30.07.2026;18:45;19:00;0,27;0,19;-0,18;-0,1;-0,03;-0,03;0,0;0,0;-0,02;-0,02;0,0;0,0;-0,01;-0,01;-0,12;-0,12;-0,01;-0,01;0,0;0,0;0,0;0,0;0,0;0,0;-0,02;-0,02;0,0;0,0;-0,02;-0,02;0,0;0,0;0,0;0,0;-0,06;-0,06;-0,02;-0,02;-0,01;-0,01;-0,01;-0,01;-0,02;-0,02;-0,01;-0,01;-0,13;-0,13;0,0;0,0;-0,01;-0,01;0,0;0,0;-0,04;-0,04
30.07.2026;19:00;19:15;0,2;0,15;-0,29;-0,24;-0,04;-0,04;0,0;0,0;-0,01;-0,01;-0,01;-0,01;-0,01;-0,01;-0,1;-0,1;0,0;0,0;0,0;0,0;0,0;0,0;0,0;0,0;-0,01;-0,01;0,0;0,0;-0,01;-0,01;0,0;0,0;-0,02;-0,02;-0,07;-0,07;-0,04;-0,04;-0,02;-0,02;-0,01;-0,01;-0,02;-0,02;-0,01;-0,01;-0,21;-0,21;0,0;0,0;-0,01;-0,01;-0,01;-0,01;-0,05;-0,05
30.07.2026;19:15;19:30;0,15;0,11;-0,26;-0,22;-0,04;-0,04;0,0;0,0;0,0;0,0;0,0;0,0;-0,01;-0,01;-0,01;-0,01;-0,01;-0,01;-0,01;-0,01;0,0;0,0;0,0;0,0;-0,01;-0,01;0,0;0,0;-0,02;-0,02;0,0;0,0;-0,05;-0,05;-0,07;-0,07;-0,07;-0,07;-0,05;-0,05;-0,01;-0,01;-0,05;-0,05;-0,01;-0,01;-0,19;-0,19;0,0;0,0;-0,01;-0,01;-0,01;-0,01;-0,05;-0,05
30.07.2026;19:30;19:45;0,11;0,11;-0,15;-0,15;-0,31;-0,31;0,0;0,0;-0,01;-0,01;0,0;0,0;-0,01;-0,01;-0,02;-0,02;0,0;0,0;0,0;0,0;0,0;0,0;0,0;0,0;0,0;0,0;0,0;0,0;-0,01;-0,01;0,0;0,0;-0,05;-0,05;-0,08;-0,08;-0,32;-0,32;-0,06;-0,06;-0,01;-0,01;-0,06;-0,06;-0,09;-0,09;-0,23;-0,23;-0,01;-0,01;-0,01;-0,01;0,0;0,0;-0,14;-0,14
30.07.2026;19:45;20:00;0,06;0,06;-0,17;-0,17;-0,28;-0,28;0,0;0,0;-0,02;-0,02;0,0;0,0;-0,01;-0,01;-0,02;-0,02;-0,01;-0,01;0,0;0,0;0,0;0,0;0,0;0,0;-0,01;-0,01;0,0;0,0;-0,02;-0,02;-0,01;-0,01;-0,05;-0,05;-0,07;-0,07;-0,47;-0,47;-0,04;-0,04;-0,01;-0,01;-0,04;-0,04;-0,28;-0,28;-0,26;-0,26;0,0;0,0;-0,01;-0,01;0,0;0,0;-0,29;-0,29
30.07.2026;20:00;20:15;0,03;0,03;-0,38;-0,38;-0,18;-0,18;0,0;0,0;-0,01;-0,01;0,0;0,0;-0,11;-0,11;-0,02;-0,02;-0,01;-0,01;0,0;0,0;0,0;0,0;0,0;0,0;-0,02;-0,02;0,0;0,0;-0,01;-0,01;0,0;0,0;-0,04;-0,04;-0,06;-0,06;-0,29;-0,29;-0,04;-0,04;0,0;0,0;-0,04;-0,04;-0,27;-0,27;-0,25;-0,25;0,0;0,0;-0,01;-0,01;-0,01;-0,01;-0,48;-0,48
30.07.2026;20:15;20:30;0,02;0,02;-0,32;-0,32;-0,16;-0,16;-0,01;-0,01;-0,03;-0,03;0,0;0,0;-0,11;-0,11;-0,02;-0,02;-0,01;-0,01;0,0;0,0;0,0;0,0;0,0;0,0;-0,01;-0,01;-0,01;-0,01;-0,02;-0,02;0,0;0,0;-0,04;-0,04;-0,06;-0,06;-0,38;-0,38;-0,07;-0,07;-0,02;-0,02;-0,05;-0,05;-0,07;-0,07;-0,2;-0,2;0,0;0,0;-0,01;-0,01;0,0;0,0;-0,04;-0,04
30.07.2026;20:30;20:45;0,01;0,01;-0,18;-0,18;-0,08;-0,08;0,0;0,0;-0,04;-0,04;0,0;0,0;-0,23;-0,23;-0,02;-0,02;0,0;0,0;0,0;0,0;-0,01;-0,01;0,0;0,0;0,0;0,0;0,0;0,0;-0,01;-0,01;0,0;0,0;-0,04;-0,04;-0,05;-0,05;-0,32;-0,32;-0,39;-0,39;-0,01;-0,01;-0,05;-0,05;-0,25;-0,25;-0,16;-0,16;0,0;0,0;-0,01;-0,01;-0,01;-0,01;-0,04;-0,04
30.07.2026;20:45;21:00;0,0;0,0;-0,23;-0,23;-0,06;-0,06;0,0;0,0;-0,04;-0,04;0,0;0,0;-0,13;-0,13;-0,02;-0,02;-0,01;-0,01;0,0;0,0;0,0;0,0;0,0;0,0;-0,02;-0,02;0,0;0,0;-0,02;-0,02;0,0;0,0;-0,04;-0,04;-0,05;-0,05;-0,34;-0,34;-0,35;-0,35;0,0;0,0;-0,05;-0,05;-0,21;-0,21;-0,15;-0,15;0,0;0,0;-0,01;-0,01;0,0;0,0;-0,05;-0,05
30.07.2026;21:00;21:15;0,0;0,0;-0,17;-0,17;-0,07;-0,07;0,0;0,0;-0,05;-0,05;-0,01;-0,01;-0,03;-0,03;-0,02;-0,02;0,0;0,0;0,0;0,0;0,0;0,0;0,0;0,0;-0,02;-0,02;0,0;0,0;-0,02;-0,02;0,0;0,0;-0,03;-0,03;-0,05;-0,05;-0,2;-0,2;-0,2;-0,2;-0,02;-0,02;-0,04;-0,04;-0,2;-0,2;-0,19;-0,19;0,0;0,0;-0,01;-0,01;-0,01;-0,01;-0,03;-0,03
30.07.2026;21:15;21:30;0,0;0,0;-0,17;-0,17;-0,05;-0,05;0,0;0,0;-0,05;-0,05;0,0;0,0;-0,03;-0,03;-0,02;-0,02;-0,01;-0,01;0,0;0,0;0,0;0,0;-0,01;-0,01;-0,04;-0,04;0,0;0,0;-0,01;-0,01;0,0;0,0;-0,04;-0,04;-0,04;-0,04;-0,02;-0,02;-0,04;-0,04;0,0;0,0;-0,06;-0,06;-0,18;-0,18;-0,16;-0,16;0,0;0,0;-0,01;-0,01;0,0;0,0;-0,04;-0,04
30.07.2026;21:30;21:45;0,0;0,0;-0,21;-0,21;-0,04;-0,04;0,0;0,0;-0,04;-0,04;0,0;0,0;-0,08;-0,08;-0,02;-0,02;-0,01;-0,01;0,0;0,0;0,0;0,0;0,0;0,0;-0,04;-0,04;0,0;0,0;-0,02;-0,02;0,0;0,0;-0,03;-0,03;-0,04;-0,04;-0,01;-0,01;-0,05;-0,05;-0,01;-0,01;-0,03;-0,03;-0,18;-0,18;-0,15;-0,15;-0,01;-0,01;-0,01;-0,01;0,0;0,0;-0,05;-0,05
30.07.2026;21:45;22:00;0,0;0,0;-0,19;-0,19;-0,06;-0,06;0,0;0,0;-0,04;-0,04;0,0;0,0;-0,09;-0,09;-0,01;-0,01;0,0;0,0;0,0;0,0;0,0;0,0;0,0;0,0;-0,02;-0,02;0,0;0,0;-0,01;-0,01;0,0;0,0;-0,05;-0,05;-0,04;-0,04;-0,05;-0,05;-0,09;-0,09;-0,01;-0,01;-0,03;-0,03;-0,18;-0,18;-0,13;-0,13;0,0;0,0;-0,01;-0,01;-0,01;-0,01;-0,05;-0,05
30.07.2026;22:00;22:15;0,0;0,0;-0,2;-0,2;-0,06;-0,06;0,0;0,0;-0,05;-0,05;0,0;0,0;-0,04;-0,04;-0,02;-0,02;-0,01;-0,01;0,0;0,0;0,0;0,0;0,0;0,0;-0,03;-0,03;0,0;0,0;-0,02;-0,02;0,0;0,0;-0,05;-0,05;-0,05;-0,05;-0,05;-0,05;-0,02;-0,02;-0,01;-0,01;-0,03;-0,03;-0,1;-0,1;-0,11;-0,11;0,0;0,0;-0,01;-0,01;0,0;0,0;-0,05;-0,05
30.07.2026;22:15;22:30;0,0;0,0;-0,18;-0,18;-0,04;-0,04;0,0;0,0;-0,02;-0,02;0,0;0,0;-0,04;-0,04;0,0;0,0;-0,01;-0,01;0,0;0,0;0,0;0,0;0,0;0,0;-0,01;-0,01;-0,01;-0,01;-0,03;-0,03;-0,01;-0,01;-0,48;-0,48;-0,05;-0,05;-0,05;-0,05;-0,04;-0,04;-0,01;-0,01;-0,02;-0,02;0,0;0,0;-0,13;-0,13;0,0;0,0;-0,01;-0,01;-0,01;-0,01;-0,05;-0,05
30.07.2026;22:30;22:45;0,0;0,0;-0,17;-0,17;-0,05;-0,05;0,0;0,0;-0,01;-0,01;0,0;0,0;-0,03;-0,03;-0,01;-0,01;0,0;0,0;0,0;0,0;0,0;0,0;0,0;0,0;-0,02;-0,02;0,0;0,0;-0,02;-0,02;0,0;0,0;-0,09;-0,09;-0,04;-0,04;-0,03;-0,03;-0,03;-0,03;-0,01;-0,01;-0,09;-0,09;-0,01;-0,01;-0,12;-0,12;0,0;0,0;-0,01;-0,01;0,0;0,0;-0,04;-0,04
30.07.2026;22:45;23:00;0,0;0,0;-0,17;-0,17;-0,05;-0,05;0,0;0,0;-0,01;-0,01;0,0;0,0;-0,02;-0,02;-0,02;-0,02;-0,01;-0,01;0,0;0,0;0,0;0,0;0,0;0,0;-0,01;-0,01;0,0;0,0;-0,02;-0,02;0,0;0,0;-0,05;-0,05;-0,05;-0,05;-0,01;-0,01;-0,03;-0,03;0,0;0,0;-0,1;-0,1;-0,01;-0,01;-0,1;-0,1;0,0;0,0;-0,01;-0,01;0,0;0,0;-0,02;-0,02
30.07.2026;23:00;23:15;0,0;0,0;-0,17;-0,17;-0,05;-0,05;0,0;0,0;-0,02;-0,02;-0,01;-0,01;-0,01;-0,01;-0,02;-0,02;-0,01;-0,01;0,0;0,0;-0,01;-0,01;0,0;0,0;-0,01;-0,01;0,0;0,0;-0,02;-0,02;0,0;0,0;-0,02;-0,02;-0,05;-0,05;-0,01;-0,01;-0,02;-0,02;-0,02;-0,02;-0,09;-0,09;-0,01;-0,01;-0,1;-0,1;0,0;0,0;-0,01;-0,01;-0,01;-0,01;-0,11;-0,11
30.07.2026;23:15;23:30;0,0;0,0;-0,17;-0,17;-0,03;-0,03;0,0;0,0;-0,01;-0,01;0,0;0,0;-0,01;-0,01;-0,02;-0,02;0,0;0,0;0,0;0,0;0,0;0,0;0,0;0,0;0,0;0,0;0,0;0,0;-0,02;-0,02;0,0;0,0;-0,02;-0,02;-0,05;-0,05;-0,02;-0,02;-0,02;-0,02;0,0;0,0;-0,12;-0,12;-0,01;-0,01;-0,11;-0,11;0,0;0,0;-0,01;-0,01;-0,01;-0,01;-0,1;-0,1
30.07.2026;23:30;23:45;0,0;0,0;-0,19;-0,19;-0,03;-0,03;-0,01;-0,01;0,0;0,0;0,0;0,0;-0,01;-0,01;-0,02;-0,02;-0,01;-0,01;0,0;0,0;0,0;0,0;0,0;0,0;0,0;0,0;0,0;0,0;-0,01;-0,01;0,0;0,0;-0,01;-0,01;-0,05;-0,05;-0,01;-0,01;-0,01;-0,01;-0,01;-0,01;-0,09;-0,09;-0,01;-0,01;-0,08;-0,08;-0,01;-0,01;-0,01;-0,01;0,0;0,0;-0,06;-0,06
30.07.2026;23:45;00:00;0,0;0,0;-0,16;-0,16;-0,02;-0,02;0,0;0,0;-0,02;-0,02;0,0;0,0;-0,01;-0,01;-0,12;-0,12;0,0;0,0;0,0;0,0;0,0;0,0;0,0;0,0;-0,02;-0,02;0,0;0,0;-0,01;-0,01;0,0;0,0;-0,01;-0,01;-0,04;-0,04;-0,01;-0,01;-0,03;-0,03;-0,02;-0,02;-0,09;-0,09;-0,01;-0,01;-0,09;-0,09;0,0;0,0;-0,01;-0,01;0,0;0,0;-0,07;-0,07
31.07.2026;00:00;00:15;0,0;0,0;-0,17;-0,17;-0,02;-0,02;0,0;0,0;-0,01;-0,01;0,0;0,0;-0,02;-0,02;-0,04;-0,04;-0,01;-0,01;0,0;0,0;0,0;0,0;0,0;0,0;-0,02;-0,02;0,0;0,0;-0,02;-0,02;0,0;0,0;-0,01;-0,01;-0,02;-0,02;-0,01;-0,01;-0,04;-0,04;0,0;0,0;-0,11;-0,11;0,0;0,0;-0,08;-0,08;0,0;0,0;-0,01;-0,01;-0,01;-0,01;-0,03;-0,03
31.07.2026;00:15;00:30;0,0;0,0;-0,24;-0,24;-0,06;-0,06;0,0;0,0;-0,02;-0,02;0,0;0,0;-0,01;-0,01;-0,05;-0,05;0,0;0,0;-0,01;-0,01;0,0;0,0;0,0;0,0;0,0;0,0;-0,01;-0,01;-0,03;-0,03;0,0;0,0;-0,02;-0,02;-0,03;-0,03;-0,01;-0,01;-0,05;-0,05;-0,01;-0,01;-0,08;-0,08;-0,01;-0,01;-0,07;-0,07;0,0;0,0;-0,01;-0,01;-0,01;-0,01;-0,03;-0,03
31.07.2026;00:30;00:45;0,0;0,0;-0,17;-0,17;-0,04;-0,04;0,0;0,0;-0,01;-0,01;0,0;0,0;0,0;0,0;-0,04;-0,04;-0,01;-0,01;0,0;0,0;0,0;0,0;0,0;0,0;-0,01;-0,01;0,0;0,0;-0,24;-0,24;0,0;0,0;-0,02;-0,02;-0,02;-0,02;-0,01;-0,01;-0,02;-0,02;-0,01;-0,01;-0,08;-0,08;-0,01;-0,01;-0,08;-0,08;0,0;0,0;-0,01;-0,01;0,0;0,0;-0,03;-0,03
31.07.2026;00:45;01:00;0,0;0,0;-0,15;-0,15;-0,03;-0,03;0,0;0,0;0,0;0,0;0,0;0,0;-0,02;-0,02;-0,05;-0,05;-0,01;-0,01;0,0;0,0;0,0;0,0;0,0;0,0;0,0;0,0;0,0;0,0;-0,26;-0,26;-0,01;-0,01;-0,03;-0,03;-0,02;-0,02;-0,01;-0,01;-0,02;-0,02;-0,01;-0,01;-0,1;-0,1;-0,01;-0,01;-0,1;-0,1;0,0;0,0;-0,01;-0,01;0,0;0,0;-0,03;-0,03
31.07.2026;01:00;01:15;0,0;0,0;-0,21;-0,21;-0,02;-0,02;0,0;0,0;-0,01;-0,01;-0,01;-0,01;0,0;0,0;-0,04;-0,04;0,0;0,0;0,0;0,0;0,0;0,0;0,0;0,0;-0,02;-0,02;0,0;0,0;-0,03;-0,03;0,0;0,0;-0,02;-0,02;-0,01;-0,01;-0,01;-0,01;-0,01;-0,01;-0,01;-0,01;-0,08;-0,08;-0,01;-0,01;-0,08;-0,08;0,0;0,0;-0,01;-0,01;-0,01;-0,01;-0,02;-0,02
31.07.2026;01:15;01:30;0,0;0,0;-0,17;-0,17;-0,03;-0,03;0,0;0,0;-0,02;-0,02;0,0;0,0;-0,01;-0,01;-0,05;-0,05;-0,01;-0,01;0,0;0,0;0,0;0,0;0,0;0,0;-0,02;-0,02;0,0;0,0;-0,04;-0,04;0,0;0,0;-0,02;-0,02;-0,01;-0,01;-0,01;-0,01;-0,01;-0,01;-0,01;-0,01;-0,09;-0,09;-0,01;-0,01;-0,08;-0,08;0,0;0,0;0,0;0,0;0,0;0,0;-0,03;-0,03
31.07.2026;01:30;01:45;0,0;0,0;-0,16;-0,16;-0,03;-0,03;0,0;0,0;-0,01;-0,01;0,0;0,0;-0,01;-0,01;-0,04;-0,04;-0,01;-0,01;0,0;0,0;-0,01;-0,01;0,0;0,0;0,0;0,0;0,0;0,0;-0,05;-0,05;0,0;0,0;-0,03;-0,03;-0,01;-0,01;-0,01;-0,01;-0,01;-0,01;-0,01;-0,01;-0,08;-0,08;-0,01;-0,01;-0,09;-0,09;-0,01;-0,01;-0,02;-0,02;-0,01;-0,01;-0,01;-0,01
31.07.2026;01:45;02:00;0,0;0,0;-0,16;-0,16;-0,03;-0,03;0,0;0,0;-0,01;-0,01;0,0;0,0;-0,01;-0,01;-0,04;-0,04;0,0;0,0;0,0;0,0;0,0;0,0;0,0;0,0;0,0;0,0;0,0;0,0;-0,03;-0,03;0,0;0,0;-0,02;-0,02;-0,02;-0,02;-0,01;-0,01;0,0;0,0;-0,01;-0,01;-0,09;-0,09;0,0;0,0;-0,12;-0,12;0,0;0,0;0,0;0,0;0,0;0,0;-0,02;-0,02
31.07.2026;02:00;02:15;0,0;0,0;-0,15;-0,15;-0,02;-0,02;0,0;0,0;-0,01;-0,01;0,0;0,0;-0,01;-0,01;-0,03;-0,03;-0,01;-0,01;0,0;0,0;0,0;0,0;0,0;0,0;-0,01;-0,01;0,0;0,0;-0,04;-0,04;0,0;0,0;-0,02;-0,02;-0,01;-0,01;-0,02;-0,02;-0,01;-0,01;0,0;0,0;-0,08;-0,08;-0,02;-0,02;-0,09;-0,09;0,0;0,0;-0,02;-0,02;0,0;0,0;-0,03;-0,03
31.07.2026;02:15;02:30;0,0;0,0;-0,16;-0,16;-0,01;-0,01;0,0;0,0;-0,01;-0,01;0,0;0,0;-0,01;-0,01;-0,03;-0,03;-0,01;-0,01;0,0;0,0;0,0;0,0;-0,01;-0,01;-0,02;-0,02;-0,01;-0,01;-0,04;-0,04;0,0;0,0;-0,02;-0,02;-0,02;-0,02;-0,01;-0,01;-0,01;-0,01;-0,01;-0,01;-0,1;-0,1;-0,01;-0,01;-0,08;-0,08;0,0;0,0;0,0;0,0;-0,01;-0,01;-0,03;-0,03
31.07.2026;02:30;02:45;0,0;0,0;-0,15;-0,15;-0,02;-0,02;0,0;0,0;-0,01;-0,01;0,0;0,0;0,0;0,0;-0,02;-0,02;0,0;0,0;0,0;0,0;0,0;0,0;0,0;0,0;-0,01;-0,01;0,0;0,0;-0,04;-0,04;0,0;0,0;-0,02;-0,02;-0,02;-0,02;-0,01;-0,01;-0,01;-0,01;-0,01;-0,01;-0,08;-0,08;0,0;0,0;-0,07;-0,07;0,0;0,0;-0,02;-0,02;0,0;0,0;-0,03;-0,03
31.07.2026;02:45;03:00;0,0;0,0;-0,15;-0,15;-0,03;-0,03;0,0;0,0;-0,02;-0,02;0,0;0,0;-0,01;-0,01;-0,02;-0,02;-0,01;-0,01;0,0;0,0;0,0;0,0;0,0;0,0;-0,01;-0,01;0,0;0,0;-0,04;-0,04;0,0;0,0;-0,01;-0,01;-0,03;-0,03;-0,01;-0,01;-0,02;-0,02;-0,01;-0,01;-0,09;-0,09;-0,01;-0,01;-0,08;-0,08;0,0;0,0;0,0;0,0;-0,01;-0,01;-0,03;-0,03
31.07.2026;03:00;03:15;0,0;0,0;-0,16;-0,16;-0,02;-0,02;-0,01;-0,01;-0,01;-0,01;-0,01;-0,01;-0,02;-0,02;-0,02;-0,02;0,0;0,0;0,0;0,0;0,0;0,0;0,0;0,0;0,0;0,0;0,0;0,0;-0,03;-0,03;0,0;0,0;-0,01;-0,01;-0,02;-0,02;-0,02;-0,02;-0,01;-0,01;-0,01;-0,01;-0,07;-0,07;-0,01;-0,01;-0,13;-0,13;0,0;0,0;-0,02;-0,02;0,0;0,0;-0,02;-0,02
31.07.2026;03:15;03:30;0,0;0,0;-0,17;-0,17;-0,02;-0,02;0,0;0,0;-0,01;-0,01;0,0;0,0;-0,01;-0,01;-0,03;-0,03;-0,01;-0,01;0,0;0,0;0,0;0,0;0,0;0,0;-0,01;-0,01;0,0;0,0;-0,03;-0,03;-0,01;-0,01;-0,01;-0,01;-0,02;-0,02;-0,01;-0,01;-0,01;-0,01;-0,01;-0,01;-0,03;-0,03;-0,01;-0,01;-0,13;-0,13;0,0;0,0;0,0;0,0;-0,01;-0,01;-0,03;-0,03
31.07.2026;03:30;03:45;0,0;0,0;-0,16;-0,16;-0,01;-0,01;0,0;0,0;-0,01;-0,01;0,0;0,0;-0,01;-0,01;-0,02;-0,02;-0,01;-0,01;0,0;0,0;0,0;0,0;0,0;0,0;-0,01;-0,01;0,0;0,0;-0,05;-0,05;0,0;0,0;-0,02;-0,02;-0,02;-0,02;-0,01;-0,01;-0,01;-0,01;-0,01;-0,01;-0,02;-0,02;-0,11;-0,11;-0,1;-0,1;-0,01;-0,01;-0,02;-0,02;0,0;0,0;-0,03;-0,03
31.07.2026;03:45;04:00;0,0;0,0;-0,15;-0,15;-0,03;-0,03;0,0;0,0;-0,01;-0,01;0,0;0,0;0,0;0,0;-0,02;-0,02;0,0;0,0;0,0;0,0;0,0;0,0;0,0;0,0;-0,02;-0,02;0,0;0,0;-0,04;-0,04;0,0;0,0;-0,01;-0,01;-0,02;-0,02;-0,01;-0,01;0,0;0,0;-0,01;-0,01;-0,01;-0,01;-0,22;-0,22;-0,02;-0,02;0,0;0,0;0,0;0,0;0,0;0,0;-0,03;-0,03
31.07.2026;04:00;04:15;0,0;0,0;-0,16;-0,16;-0,03;-0,03;0,0;0,0;-0,01;-0,01;0,0;0,0;-0,01;-0,01;-0,02;-0,02;-0,01;-0,01;0,0;0,0;-0,01;-0,01;0,0;0,0;0,0;0,0;0,0;0,0;-0,02;-0,02;0,0;0,0;-0,03;-0,03;-0,03;-0,03;-0,04;-0,04;-0,01;-0,01;0,0;0,0;-0,01;-0,01;-0,13;-0,13;-0,02;-0,02;0,0;0,0;-0,02;-0,02;-0,01;-0,01;-0,02;-0,02
31.07.2026;04:15;04:30;0,0;0,0;-0,16;-0,16;-0,02;-0,02;0,0;0,0;-0,01;-0,01;0,0;0,0;-0,02;-0,02;-0,02;-0,02;-0,01;-0,01;0,0;0,0;0,0;0,0;0,0;0,0;-0,01;-0,01;-0,01;-0,01;-0,02;-0,02;0,0;0,0;-0,02;-0,02;-0,01;-0,01;-0,03;-0,03;-0,01;-0,01;-0,02;-0,02;-0,01;-0,01;0,0;0,0;-0,01;-0,01;0,0;0,0;0,0;0,0;-0,01;-0,01;-0,02;-0,02
31.07.2026;04:30;04:45;0,0;0,0;-0,15;-0,15;-0,02;-0,02;0,0;0,0;-0,02;-0,02;0,0;0,0;0,0;0,0;-0,02;-0,02;0,0;0,0;0,0;0,0;0,0;0,0;0,0;0,0;0,0;0,0;0,0;0,0;-0,01;-0,01;0,0;0,0;-0,03;-0,03;-0,01;-0,01;-0,02;-0,02;-0,01;-0,01;-0,01;-0,01;-0,02;-0,02;-0,01;-0,01;-0,02;-0,02;0,0;0,0;-0,02;-0,02;0,0;0,0;-0,02;-0,02
31.07.2026;04:45;05:00;0,0;0,0;-0,16;-0,16;-0,02;-0,02;0,0;0,0;-0,01;-0,01;0,0;0,0;-0,02;-0,02;-0,02;-0,02;-0,01;-0,01;0,0;0,0;0,0;0,0;0,0;0,0;-0,02;-0,02;0,0;0,0;-0,02;-0,02;0,0;0,0;-0,02;-0,02;-0,01;-0,01;-0,01;-0,01;-0,01;-0,01;0,0;0,0;-0,01;-0,01;-0,01;-0,01;-0,02;-0,02;0,0;0,0;0,0;0,0;0,0;0,0;-0,03;-0,03
31.07.2026;05:00;05:15;0,0;0,0;-0,16;-0,16;-0,02;-0,02;0,0;0,0;0,0;0,0;-0,01;-0,01;0,0;0,0;-0,02;-0,02;-0,01;-0,01;0,0;0,0;0,0;0,0;0,0;0,0;-0,02;-0,02;0,0;0,0;-0,02;-0,02;0,0;0,0;-0,02;-0,02;-0,01;-0,01;-0,02;-0,02;-0,01;-0,01;-0,02;-0,02;-0,01;-0,01;-0,01;-0,01;-0,02;-0,02;0,0;0,0;-0,01;-0,01;-0,01;-0,01;-0,02;-0,02
31.07.2026;05:15;05:30;0,0;0,0;-0,17;-0,17;-0,02;-0,02;0,0;0,0;-0,02;-0,02;0,0;0,0;-0,01;-0,01;-0,02;-0,02;0,0;0,0;-0,01;-0,01;0,0;0,0;0,0;0,0;0,0;0,0;0,0;0,0;-0,01;-0,01;0,0;0,0;-0,03;-0,03;-0,12;-0,12;-0,02;-0,02;-0,02;-0,02;0,0;0,0;-0,01;-0,01;-0,01;-0,01;-0,01;-0,01;0,0;0,0;-0,01;-0,01;-0,01;-0,01;-0,03;-0,03
31.07.2026;05:30;05:45;0,0;0,0;-0,2;-0,2;-0,02;-0,02;0,0;0,0;-0,01;-0,01;0,0;0,0;-0,01;-0,01;-0,01;-0,01;-0,01;-0,01;0,0;0,0;0,0;0,0;0,0;0,0;-0,02;-0,02;0,0;0,0;-0,02;-0,02;0,0;0,0;-0,02;-0,02;-0,02;-0,02;-0,01;-0,01;-0,02;-0,02;-0,01;-0,01;-0,01;-0,01;-0,01;-0,01;-0,02;-0,02;-0,01;-0,01;-0,01;-0,01;0,0;0,0;-0,03;-0,03
31.07.2026;05:45;06:00;0,01;0,01;-0,19;-0,19;-0,02;-0,02;0,0;0,0;-0,02;-0,02;0,0;0,0;-0,01;-0,01;-0,01;-0,01;0,0;0,0;0,0;0,0;0,0;0,0;0,0;0,0;-0,03;-0,03;0,0;0,0;-0,02;-0,02;-0,01;-0,01;-0,01;-0,01;-0,03;-0,03;-0,01;-0,01;0,0;0,0;-0,01;-0,01;-0,02;-0,02;-0,01;-0,01;-0,02;-0,02;0,0;0,0;-0,01;-0,01;0,0;0,0;-0,03;-0,03
31.07.2026;06:00;06:15;0,01;0,01;-0,19;-0,19;-0,02;-0,02;0,0;0,0;-0,01;-0,01;0,0;0,0;-0,01;-0,01;-0,01;-0,01;-0,01;-0,01;0,0;0,0;0,0;0,0;0,0;0,0;-0,07;-0,07;0,0;0,0;-0,29;-0,29;0,0;0,0;-0,01;-0,01;-0,03;-0,03;-0,01;-0,01;-0,01;-0,01;-0,01;-0,01;-0,01;-0,01;-0,01;-0,01;-0,02;-0,02;0,0;0,0;-0,01;-0,01;-0,01;-0,01;-0,01;-0,01
31.07.2026;06:15;06:30;0,0;0,0;-0,26;-0,26;-0,02;-0,02;-0,01;-0,01;0,0;0,0;0,0;0,0;-0,01;-0,01;-0,02;-0,02;0,0;0,0;0,0;0,0;0,0;0,0;0,0;0,0;-0,03;-0,03;-0,01;-0,01;-0,15;-0,15;0,0;0,0;-0,01;-0,01;-0,03;-0,03;-0,01;-0,01;-0,01;-0,01;-0,01;-0,01;-0,01;-0,01;-0,07;-0,07;-0,01;-0,01;0,0;0,0;-0,01;-0,01;0,0;0,0;-0,03;-0,03
31.07.2026;06:30;06:45;0,0;0,0;-0,19;-0,19;-0,02;-0,02;0,0;0,0;-0,01;-0,01;0,0;0,0;0,0;0,0;-0,02;-0,02;-0,01;-0,01;0,0;0,0;-0,01;-0,01;0,0;0,0;-0,01;-0,01;0,0;0,0;-0,16;-0,16;0,0;0,0;-0,02;-0,02;-0,02;-0,02;-0,05;-0,05;-0,01;-0,01;-0,01;-0,01;-0,01;-0,01;0,0;0,0;-0,02;-0,02;0,0;0,0;-0,01;-0,01;-0,01;-0,01;-0,03;-0,03
31.07.2026;06:45;07:00;0,06;0,06;-0,18;-0,18;-0,14;-0,14;0,0;0,0;-0,02;-0,02;0,0;0,0;-0,01;-0,01;-0,02;-0,02;-0,01;-0,01;0,0;0,0;0,0;0,0;0,0;0,0;-0,01;-0,01;0,0;0,0;-0,18;-0,18;0,0;0,0;-0,01;-0,01;-0,03;-0,03;-0,07;-0,07;-0,01;-0,01;0,0;0,0;-0,01;-0,01;-0,01;-0,01;-0,01;-0,01;0,0;0,0;-0,01;-0,01;0,0;0,0;-0,03;-0,03
31.07.2026;07:00;07:15;0,23;0,17;-0,18;-0,12;-0,21;-0,21;0,0;0,0;-0,02;-0,02;-0,01;-0,01;-0,02;-0,02;-0,02;-0,02;0,0;0,0;0,0;0,0;0,0;0,0;0,0;0,0;0,0;0,0;0,0;0,0;-0,19;-0,19;0,0;0,0;-0,02;-0,02;-0,02;-0,02;-0,25;-0,25;-0,02;-0,02;-0,02;-0,02;-0,02;-0,02;-0,01;-0,01;-0,02;-0,02;0,0;0,0;-0,01;-0,01;0,0;0,0;-0,04;-0,04
31.07.2026;07:15;07:30;0,36;0,13;-0,18;-0,11;-0,06;-0,05;0,0;0,0;-0,03;-0,02;0,0;0,0;-0,01;0,0;-0,02;-0,01;-0,01;0,0;0,0;0,0;0,0;0,0;-0,01;0,0;-0,01;0,0;0,0;0,0;-0,19;-0,18;0,0;0,0;-0,02;-0,01;-0,02;-0,01;-0,09;-0,08;-0,01;0,0;0,0;0,0;0,0;0,0;-0,01;0,0;-0,04;-0,03;0,0;0,0;0,0;0,0;-0,01;0,0;-0,03;-0,02
31.07.2026;07:30;07:45;0,45;0,19;-0,19;-0,1;-0,16;-0,15;0,0;0,0;-0,12;-0,11;0,0;0,0;-0,02;-0,01;-0,02;-0,01;-0,01;0,0;0,0;0,0;0,0;0,0;0,0;0,0;-0,02;-0,01;0,0;0,0;-0,12;-0,11;0,0;0,0;-0,01;0,0;-0,03;-0,02;-0,08;-0,07;0,0;0,0;-0,01;0,0;-0,01;0,0;-0,01;0,0;-0,05;-0,04;-0,01;0,0;-0,02;-0,01;0,0;0,0;-0,02;-0,01
31.07.2026;07:45;08:00;0,58;0,19;-0,22;-0,11;-0,01;0,0;0,0;0,0;-0,04;-0,01;0,0;0,0;-0,01;0,0;-0,03;0,0;0,0;0,0;0,0;0,0;0,0;0,0;0,0;0,0;-0,01;0,0;0,0;0,0;-0,05;-0,02;0,0;0,0;-0,02;0,0;-0,01;0,0;-0,08;-0,05;-0,01;0,0;-0,01;0,0;-0,02;0,0;-0,01;0,0;-0,01;0,0;0,0;0,0;0,0;0,0;-0,01;0,0;-0,03;0,0
31.07.2026;08:00;08:15;0,69;0,22;-0,22;-0,07;-0,02;0,0;0,0;0,0;-0,05;-0,01;0,0;0,0;-0,01;0,0;-0,02;0,0;-0,01;0,0;0,0;0,0;0,0;0,0;0,0;0,0;0,0;0,0;0,0;0,0;-0,04;0,0;0,0;0,0;-0,01;0,0;-0,02;0,0;-0,08;-0,04;-0,01;0,0;0,0;0,0;-0,01;0,0;-0,01;0,0;-0,02;0,0;0,0;0,0;-0,02;0,0;0,0;0,0;-0,05;-0,01
31.07.2026;08:15;08:30;0,79;0,24;-0,18;0,0;-0,26;-0,22;0,0;0,0;-0,07;-0,03;0,0;0,0;-0,01;0,0;-0,02;0,0;-0,01;0,0;0,0;0,0;0,0;0,0;0,0;0,0;-0,01;0,0;-0,01;0,0;-0,06;-0,02;-0,01;0,0;-0,01;0,0;-0,01;0,0;-0,11;-0,07;-0,01;0,0;-0,02;0,0;-0,02;0,0;0,0;0,0;-0,02;0,0;0,0;0,0;0,0;0,0;-0,01;0,0;-0,05;-0,01
31.07.2026;08:30;08:45;0,88;0,25;-0,16;0,0;-0,11;-0,04;0,0;0,0;-0,07;0,0;0,0;0,0;-0,01;0,0;-0,02;0,0;0,0;0,0;0,0;0,0;0,0;0,0;0,0;0,0;-0,01;0,0;0,0;0,0;-0,04;0,0;0,0;0,0;-0,02;0,0;-0,01;0,0;-0,07;0,0;0,0;0,0;-0,01;0,0;0,0;0,0;-0,01;0,0;-0,13;-0,06;0,0;0,0;-0,02;0,0;0,0;0,0;-0,04;0,0
31.07.2026;08:45;09:00;0,96;0,41;-0,17;0,0;-0,05;0,0;0,0;0,0;-0,06;0,0;0,0;0,0;-0,01;0,0;-0,02;0,0;-0,01;0,0;0,0;0,0;0,0;0,0;0,0;0,0;-0,01;0,0;0,0;0,0;-0,02;0,0;0,0;0,0;-0,01;0,0;-0,02;0,0;-0,08;0,0;-0,01;0,0;0,0;0,0;-0,02;0,0;-0,01;0,0;-0,03;0,0;0,0;0,0;0,0;0,0;0,0;0,0;-0,02;0,0
31.07.2026;09:00;09:15;1,04;0,34;-0,23;0,0;-0,06;0,0;0,0;0,0;-0,08;0,0;-0,01;0,0;-0,01;0,0;-0,01;0,0;0,0;0,0;0,0;0,0;-0,01;0,0;0,0;0,0;-0,01;0,0;0,0;0,0;-0,02;0,0;0,0;0,0;-0,01;0,0;-0,02;0,0;-0,08;0,0;-0,02;0,0;-0,02;0,0;-0,01;0,0;-0,01;0,0;-0,04;0,0;0,0;0,0;-0,02;0,0;-0,01;0,0;-0,02;0,0
31.07.2026;09:15;09:30;1,14;0,56;-0,17;0,0;-0,07;0,0;0,0;0,0;-0,03;0,0;0,0;0,0;0,0;0,0;-0,02;0,0;-0,01;0,0;0,0;0,0;0,0;0,0;0,0;0,0;-0,01;0,0;0,0;0,0;-0,01;0,0;0,0;0,0;-0,02;0,0;-0,02;0,0;-0,08;0,0;-0,03;0,0;0,0;0,0;-0,01;0,0;-0,01;0,0;-0,06;0,0;0,0;0,0;0,0;0,0;-0,01;0,0;-0,02;0,0
31.07.2026;09:30;09:45;1,24;0,62;-0,17;0,0;-0,05;0,0;-0,01;0,0;-0,01;0,0;0,0;0,0;-0,01;0,0;-0,01;0,0;0,0;0,0;0,0;0,0;0,0;0,0;0,0;0,0;0,0;0,0;0,0;0,0;-0,02;0,0;0,0;0,0;-0,01;0,0;-0,03;0,0;-0,06;0,0;-0,03;0,0;-0,01;0,0;-0,01;0,0;-0,01;0,0;-0,25;-0,13;-0,01;0,0;-0,02;0,0;0,0;0,0;-0,03;0,0
31.07.2026;09:45;10:00;1,35;0,74;-0,16;0,0;-0,06;0,0;0,0;0,0;-0,07;0,0;0,0;0,0;-0,01;0,0;-0,01;0,0;-0,01;0,0;0,0;0,0;0,0;0,0;0,0;0,0;-0,01;0,0;0,0;0,0;-0,02;0,0;0,0;0,0;0,0;0,0;-0,03;0,0;-0,14;-0,01;-0,02;0,0;-0,01;0,0;-0,01;0,0;-0,01;0,0;-0,03;0,0;0,0;0,0;0,0;0,0;0,0;0,0;-0,02;0,0
31.07.2026;10:00;10:15;1,43;0,81;-0,2;0,0;-0,05;0,0;0,0;0,0;-0,03;0,0;0,0;0,0;-0,01;0,0;-0,03;0,0;-0,01;0,0;0,0;0,0;0,0;0,0;0,0;0,0;-0,02;0,0;0,0;0,0;-0,02;0,0;0,0;0,0;0,0;0,0;-0,02;0,0;-0,05;0,0;-0,02;0,0;-0,01;0,0;-0,03;0,0;0,0;0,0;-0,06;0,0;0,0;0,0;-0,02;0,0;-0,01;0,0;-0,03;0,0
31.07.2026;10:15;10:30;0,99;0,33;-0,19;0,0;-0,04;0,0;0,0;0,0;-0,2;-0,12;0,0;0,0;-0,01;0,0;-0,02;0,0;-0,01;0,0;-0,01;0,0;0,0;0,0;0,0;0,0;-0,01;0,0;0,0;0,0;-0,02;0,0;0,0;0,0;-0,01;0,0;-0,03;0,0;-0,06;0,0;-0,04;0,0;-0,01;0,0;-0,04;0,0;-0,01;0,0;-0,06;0,0;0,0;0,0;0,0;0,0;0,0;0,0;-0,01;0,0
31.07.2026;10:30;10:45;0,41;0,18;-0,21;-0,13;-0,12;-0,11;0,0;0,0;-0,06;-0,05;0,0;0,0;-0,01;0,0;-0,03;-0,02;0,0;0,0;0,0;0,0;0,0;0,0;0,0;0,0;0,0;0,0;0,0;0,0;-0,01;0,0;0,0;0,0;0,0;0,0;-0,03;-0,02;-0,02;-0,01;-0,04;-0,03;-0,01;0,0;-0,24;-0,23;-0,01;0,0;-0,13;-0,12;0,0;0,0;-0,02;-0,01;-0,01;0,0;-0,01;0,0
31.07.2026;10:45;11:00;0,0;0,0;-0,18;-0,18;-0,22;-0,22;0,0;0,0;-0,02;-0,02;0,0;0,0;-0,01;-0,01;-0,03;-0,03;-0,01;-0,01;0,0;0,0;0,0;0,0;0,0;0,0;-0,01;-0,01;-0,01;-0,01;-0,02;-0,02;-0,01;-0,01;-0,01;-0,01;-0,04;-0,04;-0,02;-0,02;-0,31;-0,31;0,0;0,0;-0,19;-0,19;-0,01;-0,01;-0,14;-0,14;0,0;0,0;0,0;0,0;0,0;0,0;-0,02;-0,02
31.07.2026;11:00;11:15;0,75;0,22;-0,24;-0,09;-0,37;-0,34;0,0;0,0;-0,01;0,0;-0,01;0,0;-0,03;0,0;-0,03;0,0;-0,01;0,0;0,0;0,0;0,0;0,0;0,0;0,0;-0,01;0,0;0,0;0,0;-0,04;-0,01;0,0;0,0;-0,02;0,0;-0,04;-0,01;0,0;0,0;-0,33;-0,3;-0,02;0,0;-0,13;-0,1;-0,01;0,0;-0,2;-0,17;0,0;0,0;-0,01;0,0;-0,01;0,0;-0,03;0,0
31.07.2026;11:15;11:30;1,8;0,7;-0,27;0,0;-0,1;0,0;0,0;0,0;-0,01;0,0;0,0;0,0;-0,03;0,0;-0,03;0,0;0,0;0,0;0,0;0,0;0,0;0,0;0,0;0,0;-0,02;0,0;0,0;0,0;-0,15;0,0;0,0;0,0;-0,01;0,0;-0,04;0,0;-0,01;0,0;-0,04;0,0;-0,01;0,0;-0,21;-0,04;-0,01;0,0;-0,29;-0,12;0,0;0,0;-0,01;0,0;0,0;0,0;-0,02;0,0
31.07.2026;11:30;11:45;1,83;0,77;-0,26;0,0;-0,07;0,0;0,0;0,0;-0,02;0,0;0,0;0,0;-0,04;0,0;-0,03;0,0;-0,01;0,0;0,0;0,0;-0,01;0,0;0,0;0,0;-0,01;0,0;0,0;0,0;-0,17;0,0;0,0;0,0;-0,02;0,0;-0,03;0,0;-0,02;0,0;-0,03;0,0;0,0;0,0;-0,11;0,0;-0,01;0,0;-0,25;-0,08;-0,01;0,0;-0,01;0,0;0,0;0,0;-0,03;0,0
31.07.2026;11:45;12:00;1,84;0,93;-0,16;0,0;-0,13;0,0;0,0;0,0;-0,02;0,0;0,0;0,0;-0,09;0,0;-0,03;0,0;0,0;0,0;0,0;0,0;0,0;0,0;0,0;0,0;0,0;0,0;0,0;0,0;-0,14;0,0;0,0;0,0;-0,01;0,0;-0,03;0,0;-0,01;0,0;-0,03;0,0;-0,02;0,0;-0,01;0,0;0,0;0,0;-0,42;-0,23;0,0;0,0;-0,01;0,0;-0,01;0,0;-0,02;0,0
31.07.2026;12:00;12:15;1,85;0,94;-0,16;0,0;-0,08;0,0;0,0;0,0;-0,02;0,0;0,0;0,0;-0,03;0,0;-0,09;0,0;-0,01;0,0;0,0;0,0;0,0;0,0;0,0;0,0;-0,01;0,0;0,0;0,0;-0,19;0,0;0,0;0,0;-0,01;0,0;-0,03;0,0;-0,01;0,0;-0,03;0,0;0,0;0,0;-0,02;0,0;-0,01;0,0;-0,47;-0,28;0,0;0,0;-0,01;0,0;0,0;0,0;-0,01;0,0
31.07.2026;12:15;12:30;1,86;0,84;-0,18;0,0;-0,07;0,0;0,0;0,0;-0,03;0,0;0,0;0,0;-0,08;0,0;-0,19;0,0;-0,01;0,0;0,0;0,0;0,0;0,0;-0,01;0,0;0,0;0,0;0,0;0,0;-0,44;-0,25;0,0;0,0;-0,02;0,0;-0,02;0,0;-0,01;0,0;-0,03;0,0;-0,01;0,0;-0,01;0,0;-0,01;0,0;-0,11;0,0;0,0;0,0;-0,01;0,0;-0,01;0,0;-0,02;0,0
31.07.2026;12:30;12:45;1,87;0,77;-0,17;0,0;-0,44;-0,25;0,0;0,0;-0,02;0,0;0,0;0,0;-0,1;0,0;-0,04;0,0;-0,01;0,0;0,0;0,0;0,0;0,0;0,0;0,0;-0,02;0,0;0,0;0,0;-0,28;-0,09;0,0;0,0;-0,01;0,0;-0,04;0,0;-0,01;0,0;-0,04;0,0;-0,01;0,0;0,0;0,0;-0,03;0,0;-0,24;-0,05;0,0;0,0;-0,01;0,0;0,0;0,0;-0,02;0,0
31.07.2026;12:45;13:00;1,87;0,91;-0,19;0,0;-0,07;0,0;0,0;0,0;-0,01;0,0;0,0;0,0;-0,09;0,0;-0,02;0,0;0,0;0,0;0,0;0,0;0,0;0,0;0,0;0,0;-0,01;0,0;0,0;0,0;-0,09;0,0;0,0;0,0;-0,02;0,0;-0,04;0,0;0,0;0,0;-0,13;0,0;-0,01;0,0;-0,02;0,0;-0,03;0,0;-0,27;-0,08;0,0;0,0;-0,01;0,0;0,0;0,0;-0,03;0,0
31.07.2026;13:00;13:15;1,85;0,88;-0,32;0,0;-0,06;0,0;-0,01;0,0;-0,02;0,0;-0,01;0,0;-0,05;0,0;-0,03;0,0;-0,01;0,0;0,0;0,0;0,0;0,0;0,0;0,0;-0,01;0,0;-0,01;0,0;-0,07;0,0;0,0;0,0;0,0;0,0;-0,04;0,0;-0,02;0,0;-0,05;0,0;-0,01;0,0;-0,01;0,0;-0,01;0,0;-0,19;0,0;0,0;0,0;-0,01;0,0;-0,01;0,0;-0,02;0,0
31.07.2026;13:15;13:30;1,82;0,93;-0,16;0,0;-0,05;0,0;0,0;0,0;-0,12;0,0;0,0;0,0;-0,02;0,0;-0,02;0,0;0,0;0,0;0,0;0,0;0,0;0,0;0,0;0,0;0,0;0,0;0,0;0,0;-0,31;-0,12;-0,01;0,0;-0,01;0,0;-0,04;0,0;0,0;0,0;-0,04;0,0;-0,01;0,0;-0,01;0,0;-0,02;0,0;-0,14;0,0;0,0;0,0;-0,01;0,0;-0,01;0,0;-0,03;0,0
31.07.2026;13:30;13:45;1,8;1,14;-0,15;0,0;-0,05;0,0;0,0;0,0;-0,02;0,0;0,0;0,0;-0,03;0,0;-0,02;0,0;-0,01;0,0;0,0;0,0;0,0;0,0;0,0;0,0;-0,01;0,0;0,0;0,0;-0,03;0,0;0,0;0,0;0,0;0,0;-0,03;0,0;-0,01;0,0;-0,11;0,0;-0,01;0,0;0,0;0,0;-0,01;0,0;-0,13;0,0;-0,01;0,0;-0,01;0,0;0,0;0,0;-0,02;0,0
31.07.2026;13:45;14:00;1,78;0,99;-0,17;0,0;-0,05;0,0;0,0;0,0;-0,02;0,0;0,0;0,0;-0,04;0,0;-0,02;0,0;-0,01;0,0;0,0;0,0;0,0;0,0;0,0;0,0;-0,02;0,0;0,0;0,0;-0,03;0,0;0,0;0,0;0,0;0,0;-0,04;0,0;-0,01;0,0;-0,32;-0,13;-0,01;0,0;-0,01;0,0;-0,01;0,0;-0,14;0,0;0,0;0,0;-0,01;0,0;0,0;0,0;-0,01;0,0
31.07.2026;14:00;14:15;1,76;0,97;-0,16;0,0;-0,05;0,0;0,0;0,0;-0,03;0,0;0,0;0,0;-0,03;0,0;-0,03;0,0;0,0;0,0;0,0;0,0;-0,01;0,0;0,0;0,0;-0,01;0,0;0,0;0,0;-0,02;0,0;0,0;0,0;0,0;0,0;-0,04;0,0;-0,01;0,0;-0,77;-0,58;-0,01;0,0;-0,02;0,0;-0,01;0,0;-0,14;0,0;0,0;0,0;-0,01;0,0;-0,01;0,0;-0,01;0,0
31.07.2026;14:15;14:30;1,24;0,5;-0,22;0,0;-0,05;0,0;0,0;0,0;-0,06;0,0;0,0;0,0;-0,01;0,0;-0,03;0,0;-0,01;0,0;0,0;0,0;0,0;0,0;0,0;0,0;-0,01;0,0;0,0;0,0;-0,02;0,0;0,0;0,0;-0,01;0,0;-0,04;0,0;-0,01;0,0;-0,42;-0,32;-0,01;0,0;0,0;0,0;-0,01;0,0;-0,16;-0,06;0,0;0,0;-0,01;0,0;-0,01;0,0;-0,03;0,0
31.07.2026;14:30;14:45;0,4;0,18;-0,17;-0,1;-0,06;-0,05;0,0;0,0;-0,06;-0,05;0,0;0,0;-0,01;0,0;-0,03;-0,02;0,0;0,0;0,0;0,0;0,0;0,0;0,0;0,0;0,0;0,0;0,0;0,0;-0,03;-0,02;0,0;0,0;-0,02;-0,01;-0,04;-0,03;-0,01;0,0;-0,5;-0,49;-0,01;0,0;-0,01;0,0;-0,01;0,0;-0,16;-0,15;0,0;0,0;-0,01;0,0;0,0;0,0;-0,02;-0,01
31.07.2026;14:45;15:00;0,03;0,03;-0,23;-0,23;-0,06;-0,06;0,0;0,0;-0,06;-0,06;0,0;0,0;0,0;0,0;-0,03;-0,03;-0,02;-0,02;0,0;0,0;0,0;0,0;0,0;0,0;-0,01;-0,01;0,0;0,0;-0,02;-0,02;0,0;0,0;-0,01;-0,01;-0,03;-0,03;-0,01;-0,01;-0,08;-0,08;-0,01;-0,01;-0,01;-0,01;-0,01;-0,01;-0,16;-0,16;0,0;0,0;-0,01;-0,01;0,0;0,0;-0,03;-0,03
31.07.2026;15:00;15:15;0,05;0,05;-0,19;-0,19;-0,05;-0,05;0,0;0,0;-0,05;-0,05;-0,01;-0,01;-0,01;-0,01;-0,03;-0,03;-0,06;-0,06;0,0;0,0;-0,02;-0,02;0,0;0,0;-0,02;-0,02;0,0;0,0;-0,03;-0,03;0,0;0,0;-0,02;-0,02;-0,02;-0,02;-0,01;-0,01;-0,16;-0,16;-0,01;-0,01;-0,01;-0,01;-0,01;-0,01;-0,17;-0,17;0,0;0,0;-0,01;-0,01;-0,01;-0,01;-0,02;-0,02
31.07.2026;15:15;15:30;1,47;0,56;-0,2;0,0;-0,04;0,0;0,0;0,0;-0,03;0,0;0,0;0,0;-0,01;0,0;-0,24;-0,1;-0,09;0,0;-0,01;0,0;-0,01;0,0;0,0;0,0;-0,01;0,0;-0,01;0,0;-0,07;0,0;0,0;0,0;-0,01;0,0;-0,01;0,0;-0,01;0,0;-0,33;-0,19;-0,01;0,0;0,0;0,0;-0,01;0,0;-0,07;0,0;0,0;0,0;-0,01;0,0;0,0;0,0;-0,02;0,0
31.07.2026;15:30;15:45;1,4;0,56;-0,31;0,0;-0,05;0,0;0,0;0,0;-0,03;0,0;0,0;0,0;-0,01;0,0;-0,05;0,0;0,0;0,0;0,0;0,0;-0,01;0,0;0,0;0,0;0,0;0,0;0,0;0,0;-0,08;0,0;0,0;0,0;-0,02;0,0;-0,03;0,0;0,0;0,0;-0,27;-0,15;-0,01;0,0;-0,02;0,0;-0,01;0,0;-0,04;0,0;-0,01;0,0;-0,01;0,0;-0,01;0,0;-0,02;0,0
31.07.2026;15:45;16:00;1,33;0,56;-0,18;0,0;-0,06;0,0;0,0;0,0;-0,03;0,0;0,0;0,0;-0,01;0,0;-0,26;-0,15;-0,01;0,0;0,0;0,0;0,0;0,0;0,0;0,0;-0,01;0,0;0,0;0,0;-0,08;0,0;-0,01;0,0;-0,01;0,0;-0,06;0,0;-0,02;0,0;-0,05;0,0;-0,01;0,0;-0,01;0,0;-0,01;0,0;-0,07;0,0;0,0;0,0;-0,01;0,0;0,0;0,0;-0,02;0,0
31.07.2026;16:00;16:15;1,23;0,5;-0,17;0,0;-0,05;0,0;0,0;0,0;-0,04;0,0;0,0;0,0;-0,01;0,0;-0,06;0,0;-0,01;0,0;0,0;0,0;0,0;0,0;0,0;0,0;0,0;0,0;0,0;0,0;-0,07;0,0;0,0;0,0;-0,01;0,0;-0,05;0,0;-0,01;0,0;-0,05;0,0;0,0;0,0;0,0;0,0;0,0;0,0;-0,09;0,0;0,0;0,0;-0,01;0,0;0,0;0,0;-0,1;0,0
31.07.2026;16:15;16:30;1,14;0,38;-0,16;0,0;-0,07;0,0;-0,01;0,0;-0,04;0,0;0,0;0,0;0,0;0,0;-0,07;0,0;0,0;0,0;0,0;0,0;0,0;0,0;0,0;0,0;-0,02;0,0;0,0;0,0;-0,08;0,0;0,0;0,0;-0,02;0,0;-0,06;0,0;0,0;0,0;-0,05;0,0;-0,02;0,0;-0,01;0,0;-0,02;0,0;-0,03;0,0;0,0;0,0;-0,01;0,0;-0,01;0,0;-0,14;-0,06
31.07.2026;16:30;16:45;0,87;0,21;-0,16;0,0;-0,06;-0,01;0,0;0,0;-0,06;-0,01;0,0;0,0;-0,01;0,0;-0,06;-0,01;-0,01;0,0;0,0;0,0;0,0;0,0;0,0;0,0;-0,02;0,0;0,0;0,0;-0,17;-0,12;0,0;0,0;-0,01;0,0;-0,06;-0,01;-0,02;0,0;-0,08;-0,03;-0,01;0,0;-0,01;0,0;-0,01;0,0;-0,03;0,0;0,0;0,0;-0,01;0,0;-0,01;0,0;-0,07;-0,02
31.07.2026;16:45;17:00;0,84;0,25;-0,3;-0,11;-0,05;0,0;0,0;0,0;-0,04;0,0;0,0;0,0;-0,01;0,0;-0,07;-0,02;0,0;0,0;0,0;0,0;0,0;0,0;0,0;0,0;0,0;0,0;0,0;0,0;-0,04;0,0;0,0;0,0;0,0;0,0;-0,05;0,0;-0,03;0,0;-0,06;-0,01;0,0;0,0;-0,01;0,0;0,0;0,0;-0,03;0,0;0,0;0,0;-0,01;0,0;0,0;0,0;-0,03;0,0
31.07.2026;17:00;17:15;0,96;0,31;-0,27;-0,05;-0,06;0,0;0,0;0,0;-0,04;0,0;-0,01;0,0;-0,01;0,0;-0,44;-0,37;-0,01;0,0;0,0;0,0;0,0;0,0;0,0;0,0;0,0;0,0;0,0;0,0;-0,03;0,0;0,0;0,0;0,0;0,0;-0,05;0,0;-0,03;0,0;-0,02;0,0;-0,02;0,0;-0,01;0,0;-0,01;0,0;-0,03;0,0;0,0;0,0;-0,01;0,0;0,0;0,0;-0,02;0,0
31.07.2026;17:15;17:30;0,85;0,25;-0,32;-0,14;-0,06;-0,01;0,0;0,0;-0,03;0,0;0,0;0,0;-0,01;0,0;-0,03;0,0;-0,01;0,0;0,0;0,0;-0,01;0,0;-0,01;0,0;-0,01;0,0;0,0;0,0;-0,02;0,0;0,0;0,0;0,0;0,0;-0,05;0,0;-0,06;-0,01;-0,02;0,0;0,0;0,0;-0,01;0,0;-0,01;0,0;-0,18;-0,13;0,0;0,0;-0,01;0,0;-0,01;0,0;-0,03;0,0
31.07.2026;17:30;17:45;0,61;0,2;-0,34;-0,22;-0,05;-0,03;0,0;0,0;-0,04;-0,02;0,0;0,0;0,0;0,0;-0,02;0,0;-0,01;0,0;0,0;0,0;0,0;0,0;0,0;0,0;-0,02;0,0;-0,01;0,0;-0,03;-0,01;0,0;0,0;-0,04;-0,02;-0,29;-0,27;-0,07;-0,05;-0,03;-0,01;-0,01;0,0;-0,01;0,0;-0,01;0,0;-0,18;-0,16;-0,01;0,0;-0,01;0,0;0,0;0,0;-0,02;0,0
31.07.2026;17:45;18:00;0,61;0,19;-0,33;-0,22;-0,09;-0,06;0,0;0,0;-0,02;0,0;0,0;0,0;-0,01;0,0;-0,02;0,0;0,0;0,0;0,0;0,0;0,0;0,0;0,0;0,0;-0,01;0,0;0,0;0,0;-0,02;0,0;0,0;0,0;-0,03;0,0;-0,34;-0,31;-0,06;-0,03;-0,01;0,0;-0,02;0,0;-0,01;0,0;-0,01;0,0;-0,2;-0,17;0,0;0,0;-0,01;0,0;-0,01;0,0;-0,01;0,0
31.07.2026;18:00;18:15;0,52;0,2;-0,33;-0,23;-0,35;-0,33;0,0;0,0;-0,01;0,0;0,0;0,0;-0,01;0,0;-0,02;0,0;-0,01;0,0;0,0;0,0;0,0;0,0;0,0;0,0;-0,01;0,0;0,0;0,0;-0,02;0,0;0,0;0,0;-0,04;-0,02;-0,06;-0,04;-0,06;-0,04;-0,01;0,0;0,0;0,0;0,0;0,0;-0,01;0,0;-0,21;-0,19;0,0;0,0;-0,01;0,0;0,0;0,0;-0,01;0,0
31.07.2026;18:15;18:30;0,51;0,17;-0,32;-0,23;-0,29;-0,27;0,0;0,0;-0,02;0,0;0,0;0,0;-0,01;0,0;-0,02;0,0;0,0;0,0;0,0;0,0;0,0;0,0;0,0;0,0;0,0;0,0;0,0;0,0;-0,03;-0,01;-0,01;0,0;-0,04;-0,02;-0,09;-0,07;-0,05;-0,03;0,0;0,0;-0,01;0,0;-0,01;0,0;-0,01;0,0;-0,22;-0,2;0,0;0,0;-0,01;0,0;-0,01;0,0;-0,03;-0,01
31.07.2026;18:30;18:45;0,0;0,0;-0,33;-0,33;-0,21;-0,21;0,0;0,0;-0,02;-0,02;0,0;0,0;-0,01;-0,01;-0,02;-0,02;-0,01;-0,01;0,0;0,0;0,0;0,0;0,0;0,0;-0,01;-0,01;0,0;0,0;-0,03;-0,03;0,0;0,0;-0,04;-0,04;-0,08;-0,08;-0,05;-0,05;-0,01;-0,01;-0,01;-0,01;-0,02;-0,02;-0,01;-0,01;-0,21;-0,21;0,0;0,0;-0,01;-0,01;0,0;0,0;-0,02;-0,02
31.07.2026;18:45;19:00;0,0;0,0;-0,29;-0,29;-0,17;-0,17;0,0;0,0;-0,02;-0,02;0,0;0,0;-0,01;-0,01;-0,02;-0,02;-0,01;-0,01;0,0;0,0;0,0;0,0;0,0;0,0;-0,02;-0,02;0,0;0,0;-0,02;-0,02;0,0;0,0;-0,04;-0,04;-0,05;-0,05;-0,05;-0,05;-0,02;-0,02;-0,01;-0,01;0,0;0,0;-0,01;-0,01;-0,22;-0,22;0,0;0,0;-0,01;-0,01;-0,01;-0,01;-0,03;-0,03
31.07.2026;19:00;19:15;0,0;0,0;-0,28;-0,28;-0,15;-0,15;0,0;0,0;-0,01;-0,01;-0,01;-0,01;-0,01;-0,01;-0,01;-0,01;0,0;0,0;0,0;0,0;0,0;0,0;0,0;0,0;-0,01;-0,01;0,0;0,0;-0,02;-0,02;0,0;0,0;-0,03;-0,03;-0,26;-0,26;-0,05;-0,05;-0,01;-0,01;-0,01;-0,01;-0,01;-0,01;-0,01;-0,01;-0,21;-0,21;0,0;0,0;-0,01;-0,01;0,0;0,0;-0,02;-0,02
31.07.2026;19:15;19:30;0,0;0,0;-0,21;-0,21;-0,09;-0,09;0,0;0,0;-0,01;-0,01;0,0;0,0;-0,01;-0,01;-0,02;-0,02;-0,01;-0,01;0,0;0,0;0,0;0,0;0,0;0,0;0,0;0,0;0,0;0,0;-0,02;-0,02;0,0;0,0;-0,04;-0,04;-0,07;-0,07;-0,04;-0,04;-0,01;-0,01;-0,01;-0,01;-0,01;-0,01;-0,01;-0,01;-0,22;-0,22;0,0;0,0;-0,01;-0,01;-0,01;-0,01;-0,03;-0,03
31.07.2026;19:30;19:45;0,27;0,19;-0,17;-0,09;-0,05;-0,05;-0,01;-0,01;-0,01;-0,01;0,0;0,0;0,0;0,0;-0,02;-0,02;0,0;0,0;0,0;0,0;0,0;0,0;0,0;0,0;-0,01;-0,01;0,0;0,0;-0,02;-0,02;0,0;0,0;-0,04;-0,04;-0,47;-0,47;-0,05;-0,05;-0,01;-0,01;-0,01;-0,01;-0,01;-0,01;-0,01;-0,01;-0,22;-0,22;-0,01;-0,01;-0,01;-0,01;0,0;0,0;-0,04;-0,04
31.07.2026;19:45;20:00;0,1;0,1;-0,18;-0,18;-0,1;-0,1;0,0;0,0;-0,01;-0,01;0,0;0,0;-0,02;-0,02;-0,02;-0,02;-0,01;-0,01;0,0;0,0;-0,01;-0,01;0,0;0,0;-0,01;-0,01;-0,01;-0,01;-0,02;-0,02;0,0;0,0;-0,03;-0,03;-0,07;-0,07;-0,05;-0,05;0,0;0,0;-0,01;-0,01;-0,01;-0,01;-0,01;-0,01;-0,22;-0,22;0,0;0,0;-0,01;-0,01;0,0;0,0;-0,04;-0,04
31.07.2026;20:00;20:15;0,02;0,02;-0,21;-0,21;-0,07;-0,07;0,0;0,0;-0,02;-0,02;0,0;0,0;0,0;0,0;-0,02;-0,02;0,0;0,0;0,0;0,0;0,0;0,0;0,0;0,0;-0,01;-0,01;0,0;0,0;-0,02;-0,02;0,0;0,0;-0,03;-0,03;-0,06;-0,06;-0,05;-0,05;-0,01;-0,01;0,0;0,0;-0,01;-0,01;-0,01;-0,01;-0,34;-0,34;0,0;0,0;-0,01;-0,01;-0,01;-0,01;-0,05;-0,05
31.07.2026;20:15;20:30;0,0;0,0;-0,22;-0,22;-0,05;-0,05;0,0;0,0;-0,04;-0,04;0,0;0,0;-0,03;-0,03;-0,02;-0,02;-0,01;-0,01;-0,01;-0,01;0,0;0,0;0,0;0,0;-0,02;-0,02;0,0;0,0;-0,02;-0,02;0,0;0,0;-0,03;-0,03;-0,06;-0,06;-0,05;-0,05;-0,01;-0,01;-0,02;-0,02;-0,01;-0,01;-0,01;-0,01;-0,3;-0,3;0,0;0,0;-0,01;-0,01;0,0;0,0;-0,02;-0,02
31.07.2026;20:30;20:45;0,0;0,0;-0,17;-0,17;-0,03;-0,03;0,0;0,0;-0,46;-0,46;0,0;0,0;-0,04;-0,04;-0,02;-0,02;-0,01;-0,01;0,0;0,0;0,0;0,0;0,0;0,0;0,0;0,0;0,0;0,0;-0,02;-0,02;0,0;0,0;-0,02;-0,02;-0,07;-0,07;-0,06;-0,06;-0,01;-0,01;-0,01;-0,01;-0,01;-0,01;-0,01;-0,01;-0,16;-0,16;0,0;0,0;-0,01;-0,01;-0,01;-0,01;-0,04;-0,04
31.07.2026;20:45;21:00;0,0;0,0;-0,17;-0,17;-0,03;-0,03;0,0;0,0;-0,16;-0,16;0,0;0,0;-0,03;-0,03;0,0;0,0;-0,01;-0,01;0,0;0,0;0,0;0,0;0,0;0,0;-0,01;-0,01;0,0;0,0;-0,02;-0,02;-0,01;-0,01;-0,03;-0,03;-0,05;-0,05;-0,04;-0,04;-0,01;-0,01;0,0;0,0;-0,01;-0,01;-0,01;-0,01;-0,22;-0,22;0,0;0,0;-0,01;-0,01;0,0;0,0;-0,04;-0,04
31.07.2026;21:00;21:15;0,0;0,0;-0,17;-0,17;-0,01;-0,01;0,0;0,0;-0,32;-0,32;-0,01;-0,01;-0,04;-0,04;-0,01;-0,01;-0,01;-0,01;0,0;0,0;0,0;0,0;0,0;0,0;0,0;0,0;0,0;0,0;-0,03;-0,03;0,0;0,0;-0,02;-0,02;-0,05;-0,05;-0,25;-0,25;-0,01;-0,01;-0,02;-0,02;0,0;0,0;-0,01;-0,01;-0,24;-0,24;0,0;0,0;-0,01;-0,01;0,0;0,0;-0,05;-0,05
31.07.2026;21:15;21:30;0,0;0,0;-0,16;-0,16;-0,04;-0,04;0,0;0,0;-0,05;-0,05;0,0;0,0;-0,03;-0,03;-0,02;-0,02;0,0;0,0;0,0;0,0;0,0;0,0;0,0;0,0;-0,02;-0,02;0,0;0,0;-0,02;-0,02;0,0;0,0;-0,04;-0,04;-0,05;-0,05;-0,04;-0,04;-0,01;-0,01;0,0;0,0;-0,02;-0,02;-0,01;-0,01;-0,1;-0,1;0,0;0,0;-0,01;-0,01;-0,01;-0,01;-0,04;-0,04
31.07.2026;21:30;21:45;0,0;0,0;-0,18;-0,18;-0,04;-0,04;0,0;0,0;-0,04;-0,04;0,0;0,0;-0,03;-0,03;-0,02;-0,02;-0,01;-0,01;0,0;0,0;0,0;0,0;0,0;0,0;-0,02;-0,02;0,0;0,0;-0,04;-0,04;0,0;0,0;-0,04;-0,04;-0,05;-0,05;-0,24;-0,24;-0,01;-0,01;-0,01;-0,01;-0,01;-0,01;-0,01;-0,01;-0,12;-0,12;-0,01;-0,01;-0,01;-0,01;-0,01;-0,01;-0,05;-0,05
31.07.2026;21:45;22:00;0,0;0,0;-0,17;-0,17;-0,03;-0,03;0,0;0,0;-0,03;-0,03;0,0;0,0;-0,03;-0,03;-0,02;-0,02;0,0;0,0;0,0;0,0;0,0;0,0;0,0;0,0;0,0;0,0;-0,01;-0,01;-0,02;-0,02;0,0;0,0;-0,04;-0,04;-0,05;-0,05;-0,06;-0,06;0,0;0,0;-0,02;-0,02;0,0;0,0;0,0;0,0;-0,13;-0,13;0,0;0,0;-0,01;-0,01;0,0;0,0;-0,04;-0,04
31.07.2026;22:00;22:15;0,0;0,0;-0,19;-0,19;-0,03;-0,03;0,0;0,0;-0,03;-0,03;0,0;0,0;-0,02;-0,02;-0,02;-0,02;-0,01;-0,01;0,0;0,0;0,0;0,0;0,0;0,0;-0,02;-0,02;0,0;0,0;-0,06;-0,06;0,0;0,0;-0,03;-0,03;-0,06;-0,06;-0,05;-0,05;-0,01;-0,01;0,0;0,0;-0,01;-0,01;-0,02;-0,02;-0,14;-0,14;0,0;0,0;-0,01;-0,01;0,0;0,0;-0,03;-0,03
31.07.2026;22:15;22:30;0,0;0,0;-0,18;-0,18;-0,02;-0,02;0,0;0,0;-0,03;-0,03;0,0;0,0;-0,03;-0,03;-0,02;-0,02;-0,01;-0,01;0,0;0,0;-0,01;-0,01;-0,01;-0,01;-0,03;-0,03;0,0;0,0;-0,06;-0,06;0,0;0,0;-0,04;-0,04;-0,04;-0,04;-0,03;-0,03;-0,01;-0,01;-0,01;-0,01;-0,01;-0,01;-0,06;-0,06;-0,14;-0,14;0,0;0,0;-0,03;-0,03;-0,01;-0,01;-0,05;-0,05
31.07.2026;22:30;22:45;0,0;0,0;-0,18;-0,18;-0,02;-0,02;0,0;0,0;-0,04;-0,04;0,0;0,0;-0,42;-0,42;-0,02;-0,02;0,0;0,0;0,0;0,0;0,0;0,0;0,0;0,0;-0,03;-0,03;0,0;0,0;-0,07;-0,07;0,0;0,0;-0,04;-0,04;-0,05;-0,05;-0,03;-0,03;0,0;0,0;-0,01;-0,01;-0,01;-0,01;-0,02;-0,02;-0,11;-0,11;0,0;0,0;-0,03;-0,03;-0,01;-0,01;-0,05;-0,05
31.07.2026;22:45;23:00;0,0;0,0;-0,18;-0,18;-0,03;-0,03;0,0;0,0;-0,04;-0,04;0,0;0,0;-0,06;-0,06;-0,02;-0,02;-0,01;-0,01;0,0;0,0;0,0;0,0;0,0;0,0;-0,02;-0,02;0,0;0,0;-0,06;-0,06;0,0;0,0;-0,04;-0,04;-0,06;-0,06;-0,34;-0,34;-0,02;-0,02;-0,01;-0,01;-0,01;-0,01;-0,02;-0,02;-0,12;-0,12;0,0;0,0;-0,02;-0,02;0,0;0,0;-0,04;-0,04
31.07.2026;23:00;23:15;0,0;0,0;-0,16;-0,16;-0,02;-0,02;-0,01;-0,01;-0,04;-0,04;-0,01;-0,01;-0,19;-0,19;-0,02;-0,02;0,0;0,0;0,0;0,0;0,0;0,0;0,0;0,0;-0,02;-0,02;0,0;0,0;-0,04;-0,04;0,0;0,0;-0,03;-0,03;-0,02;-0,02;-0,02;-0,02;-0,01;-0,01;-0,01;-0,01;-0,01;-0,01;-0,04;-0,04;-0,08;-0,08;0,0;0,0;-0,01;-0,01;0,0;0,0;-0,12;-0,12
31.07.2026;23:15;23:30;0,0;0,0;-0,18;-0,18;-0,03;-0,03;0,0;0,0;-0,03;-0,03;0,0;0,0;-0,01;-0,01;-0,02;-0,02;-0,01;-0,01;0,0;0,0;0,0;0,0;0,0;0,0;-0,01;-0,01;0,0;0,0;-0,07;-0,07;-0,01;-0,01;-0,02;-0,02;-0,02;-0,02;-0,02;-0,02;-0,01;-0,01;-0,01;-0,01;-0,01;-0,01;-0,07;-0,07;-0,05;-0,05;0,0;0,0;-0,01;-0,01;-0,01;-0,01;-0,1;-0,1
31.07.2026;23:30;23:45;0,0;0,0;-0,24;-0,24;-0,01;-0,01;0,0;0,0;-0,03;-0,03;-0,02;-0,02;-0,02;-0,02;-0,02;-0,02;0,0;0,0;0,0;0,0;0,0;0,0;0,0;0,0;-0,02;-0,02;0,0;0,0;-0,04;-0,04;0,0;0,0;-0,01;-0,01;-0,03;-0,03;-0,01;-0,01;0,0;0,0;-0,01;-0,01;-0,01;-0,01;-0,03;-0,03;-0,06;-0,06;-0,01;-0,01;-0,02;-0,02;-0,01;-0,01;-0,06;-0,06
31.07.2026;23:45;00:00;0,0;0,0;-0,23;-0,23;-0,02;-0,02;0,0;0,0;-0,03;-0,03;-0,04;-0,04;-0,01;-0,01;-0,04;-0,04;-0,01;-0,01;0,0;0,0;0,0;0,0;0,0;0,0;-0,01;-0,01;-0,01;-0,01;-0,29;-0,29;0,0;0,0;-0,01;-0,01;-0,02;-0,02;-0,01;-0,01;-0,01;-0,01;-0,01;-0,01;-0,01;-0,01;-0,04;-0,04;-0,08;-0,08;0,0;0,0;0,0;0,0;0,0;0,0;-0,05;-0,05
