Datum;Cas od;Cas do;IN-859182400611454266-D;OUT-859182400611454266-D;IN-859182400611943234-O;OUT-859182400611943234-O;IN-859182400611943241-O;OUT-859182400611943241-O;IN-859182400611943258-O;OUT-859182400611943258-O;IN-859182400611943265-O;OUT-859182400611943265-O;IN-859182400611943272-O;OUT-859182400611943272-O;IN-859182400611943470-O;OUT-859182400611943470-O;IN-859182400611943487-O;OUT-859182400611943487-O;IN-859182400611943500-O;OUT-859182400611943500-O;IN-859182400611944118-O;OUT-859182400611944118-O;IN-859182400611944149-O;OUT-859182400611944149-O;IN-859182400611944156-O;OUT-859182400611944156-O;IN-859182400611944163-O;OUT-859182400611944163-O;IN-859182400611944170-O;OUT-859182400611944170-O;IN-859182400611944187-O;OUT-859182400611944187-O;IN-859182400611944194-O;OUT-859182400611944194-O;IN-859182400611944200-O;OUT-859182400611944200-O;IN-859182400611944316-O;OUT-859182400611944316-O;IN-859182400611944323-O;OUT-859182400611944323-O;IN-859182400611944347-O;OUT-859182400611944347-O;IN-859182400611944354-O;OUT-859182400611944354-O;IN-859182400611944361-O;OUT-859182400611944361-O;IN-859182400611944378-O;OUT-859182400611944378-O;IN-859182400611944385-O;OUT-859182400611944385-O;IN-859182400611944392-O;OUT-859182400611944392-O;IN-859182400611944620-O;OUT-859182400611944620-O;IN-859182400611944637-O;OUT-859182400611944637-O;IN-859182400611944644-O;OUT-859182400611944644-O
01.08.2026;00:00;00:15;0,0;0,0;-0,27;-0,27;-0,03;-0,03;0,0;0,0;-0,04;-0,04;-0,04;-0,04;-0,01;-0,01;-0,03;-0,03;0,0;0,0;0,0;0,0;0,0;0,0;0,0;0,0;0,0;0,0;0,0;0,0;-0,55;-0,55;0,0;0,0;-0,01;-0,01;-0,02;-0,02;-0,01;-0,01;-0,01;-0,01;0,0;0,0;-0,01;-0,01;-0,03;-0,03;-0,02;-0,02;0,0;0,0;-0,02;-0,02;0,0;0,0;-0,03;-0,03
01.08.2026;00:15;00:30;0,0;0,0;-0,26;-0,26;-0,03;-0,03;0,0;0,0;-0,03;-0,03;-0,03;-0,03;-0,01;-0,01;-0,02;-0,02;-0,01;-0,01;0,0;0,0;0,0;0,0;0,0;0,0;-0,01;-0,01;0,0;0,0;-0,52;-0,52;0,0;0,0;-0,01;-0,01;-0,02;-0,02;-0,02;-0,02;-0,01;-0,01;-0,02;-0,02;-0,02;-0,02;-0,01;-0,01;-0,02;-0,02;0,0;0,0;0,0;0,0;-0,01;-0,01;-0,02;-0,02
01.08.2026;00:30;00:45;0,0;0,0;-0,26;-0,26;-0,05;-0,05;0,0;0,0;-0,03;-0,03;-0,04;-0,04;-0,01;-0,01;-0,01;-0,01;-0,01;-0,01;0,0;0,0;0,0;0,0;0,0;0,0;-0,01;-0,01;0,0;0,0;-0,43;-0,43;0,0;0,0;-0,01;-0,01;-0,03;-0,03;0,0;0,0;0,0;0,0;-0,01;-0,01;0,0;0,0;-0,01;-0,01;-0,04;-0,04;0,0;0,0;-0,02;-0,02;0,0;0,0;-0,03;-0,03
01.08.2026;00:45;01:00;0,0;0,0;-0,27;-0,27;-0,05;-0,05;0,0;0,0;-0,02;-0,02;-0,04;-0,04;-0,01;-0,01;-0,01;-0,01;-0,01;-0,01;0,0;0,0;0,0;0,0;0,0;0,0;-0,02;-0,02;0,0;0,0;-0,24;-0,24;0,0;0,0;-0,02;-0,02;-0,02;-0,02;-0,01;-0,01;-0,01;-0,01;0,0;0,0;-0,01;-0,01;-0,01;-0,01;-0,02;-0,02;0,0;0,0;0,0;0,0;0,0;0,0;-0,02;-0,02
01.08.2026;01:00;01:15;0,0;0,0;-0,18;-0,18;-0,02;-0,02;0,0;0,0;-0,01;-0,01;-0,04;-0,04;-0,01;-0,01;-0,02;-0,02;0,0;0,0;0,0;0,0;0,0;0,0;0,0;0,0;-0,01;-0,01;0,0;0,0;-0,09;-0,09;0,0;0,0;-0,03;-0,03;-0,02;-0,02;-0,02;-0,02;-0,01;-0,01;-0,02;-0,02;-0,01;-0,01;-0,01;-0,01;-0,01;-0,01;0,0;0,0;-0,02;-0,02;-0,01;-0,01;-0,01;-0,01
01.08.2026;01:15;01:30;0,0;0,0;-0,19;-0,19;-0,03;-0,03;0,0;0,0;-0,01;-0,01;-0,03;-0,03;-0,01;-0,01;-0,02;-0,02;-0,01;-0,01;0,0;0,0;0,0;0,0;0,0;0,0;0,0;0,0;0,0;0,0;-0,08;-0,08;0,0;0,0;-0,02;-0,02;-0,03;-0,03;-0,01;-0,01;-0,01;-0,01;-0,01;-0,01;-0,01;-0,01;-0,01;-0,01;-0,02;-0,02;0,0;0,0;0,0;0,0;0,0;0,0;-0,02;-0,02
01.08.2026;01:30;01:45;0,0;0,0;-0,16;-0,16;-0,03;-0,03;0,0;0,0;-0,01;-0,01;-0,02;-0,02;-0,01;-0,01;-0,02;-0,02;-0,01;-0,01;0,0;0,0;0,0;0,0;0,0;0,0;0,0;0,0;-0,01;-0,01;-0,05;-0,05;0,0;0,0;-0,02;-0,02;-0,02;-0,02;-0,01;-0,01;-0,01;-0,01;0,0;0,0;-0,01;-0,01;-0,01;-0,01;-0,01;-0,01;-0,01;-0,01;-0,02;-0,02;-0,01;-0,01;-0,03;-0,03
01.08.2026;01:45;02:00;0,0;0,0;-0,16;-0,16;-0,03;-0,03;0,0;0,0;-0,02;-0,02;-0,01;-0,01;-0,01;-0,01;-0,02;-0,02;0,0;0,0;0,0;0,0;-0,01;-0,01;0,0;0,0;-0,02;-0,02;0,0;0,0;-0,38;-0,38;-0,01;-0,01;-0,03;-0,03;-0,02;-0,02;-0,01;-0,01;-0,01;-0,01;-0,02;-0,02;-0,01;-0,01;-0,01;-0,01;-0,02;-0,02;0,0;0,0;-0,01;-0,01;0,0;0,0;-0,02;-0,02
01.08.2026;02:00;02:15;0,0;0,0;-0,16;-0,16;-0,03;-0,03;0,0;0,0;-0,01;-0,01;0,0;0,0;-0,01;-0,01;-0,02;-0,02;-0,01;-0,01;0,0;0,0;0,0;0,0;0,0;0,0;-0,02;-0,02;0,0;0,0;-0,05;-0,05;0,0;0,0;-0,02;-0,02;-0,02;-0,02;-0,01;-0,01;0,0;0,0;0,0;0,0;-0,01;-0,01;-0,01;-0,01;-0,02;-0,02;0,0;0,0;-0,01;-0,01;0,0;0,0;-0,03;-0,03
01.08.2026;02:15;02:30;0,0;0,0;-0,16;-0,16;-0,01;-0,01;-0,01;-0,01;-0,02;-0,02;0,0;0,0;-0,01;-0,01;-0,02;-0,02;0,0;0,0;0,0;0,0;0,0;0,0;0,0;0,0;0,0;0,0;0,0;0,0;-0,04;-0,04;0,0;0,0;-0,02;-0,02;-0,02;-0,02;-0,02;-0,02;-0,01;-0,01;-0,01;-0,01;-0,01;-0,01;-0,01;-0,01;-0,02;-0,02;0,0;0,0;-0,01;-0,01;-0,01;-0,01;-0,02;-0,02
01.08.2026;02:30;02:45;0,0;0,0;-0,16;-0,16;-0,02;-0,02;0,0;0,0;-0,03;-0,03;-0,01;-0,01;-0,01;-0,01;-0,02;-0,02;-0,01;-0,01;0,0;0,0;0,0;0,0;0,0;0,0;-0,01;-0,01;0,0;0,0;-0,04;-0,04;0,0;0,0;-0,02;-0,02;-0,03;-0,03;-0,01;-0,01;-0,01;-0,01;-0,01;-0,01;0,0;0,0;-0,01;-0,01;-0,01;-0,01;0,0;0,0;-0,01;-0,01;-0,01;-0,01;-0,01;-0,01
01.08.2026;02:45;03:00;0,0;0,0;-0,16;-0,16;-0,03;-0,03;0,0;0,0;-0,04;-0,04;0,0;0,0;-0,01;-0,01;-0,02;-0,02;-0,01;-0,01;0,0;0,0;0,0;0,0;0,0;0,0;0,0;0,0;0,0;0,0;-0,28;-0,28;0,0;0,0;-0,02;-0,02;-0,02;-0,02;-0,02;-0,02;0,0;0,0;-0,01;-0,01;-0,01;-0,01;-0,01;-0,01;-0,02;-0,02;0,0;0,0;-0,01;-0,01;0,0;0,0;-0,02;-0,02
01.08.2026;03:00;03:15;0,0;0,0;-0,16;-0,16;-0,03;-0,03;0,0;0,0;-0,03;-0,03;-0,01;-0,01;-0,01;-0,01;-0,02;-0,02;0,0;0,0;-0,01;-0,01;0,0;0,0;-0,01;-0,01;-0,02;-0,02;0,0;0,0;-0,03;-0,03;0,0;0,0;-0,01;-0,01;-0,02;-0,02;-0,03;-0,03;-0,01;-0,01;-0,01;-0,01;-0,02;-0,02;0,0;0,0;-0,01;-0,01;0,0;0,0;-0,01;-0,01;0,0;0,0;-0,03;-0,03
01.08.2026;03:15;03:30;0,0;0,0;-0,16;-0,16;-0,02;-0,02;0,0;0,0;-0,02;-0,02;0,0;0,0;-0,01;-0,01;-0,02;-0,02;-0,01;-0,01;0,0;0,0;0,0;0,0;0,0;0,0;-0,02;-0,02;0,0;0,0;-0,04;-0,04;0,0;0,0;-0,01;-0,01;-0,02;-0,02;-0,03;-0,03;-0,01;-0,01;-0,01;-0,01;0,0;0,0;-0,01;-0,01;-0,02;-0,02;0,0;0,0;-0,01;-0,01;-0,01;-0,01;-0,02;-0,02
01.08.2026;03:30;03:45;0,0;0,0;-0,16;-0,16;-0,01;-0,01;0,0;0,0;-0,01;-0,01;-0,01;-0,01;-0,01;-0,01;-0,02;-0,02;-0,01;-0,01;0,0;0,0;0,0;0,0;0,0;0,0;0,0;0,0;-0,01;-0,01;-0,03;-0,03;0,0;0,0;-0,01;-0,01;-0,02;-0,02;-0,02;-0,02;-0,01;-0,01;-0,01;-0,01;-0,01;-0,01;-0,01;-0,01;-0,01;-0,01;-0,01;-0,01;-0,01;-0,01;0,0;0,0;-0,03;-0,03
01.08.2026;03:45;04:00;0,0;0,0;-0,15;-0,15;-0,02;-0,02;0,0;0,0;-0,02;-0,02;0,0;0,0;-0,01;-0,01;-0,02;-0,02;0,0;0,0;0,0;0,0;0,0;0,0;0,0;0,0;0,0;0,0;0,0;0,0;-0,03;-0,03;0,0;0,0;-0,01;-0,01;-0,03;-0,03;-0,02;-0,02;-0,01;-0,01;-0,01;-0,01;-0,01;-0,01;-0,01;-0,01;-0,02;-0,02;0,0;0,0;-0,01;-0,01;-0,01;-0,01;-0,02;-0,02
01.08.2026;04:00;04:15;0,0;0,0;-0,17;-0,17;-0,03;-0,03;0,0;0,0;-0,02;-0,02;-0,01;-0,01;-0,01;-0,01;-0,02;-0,02;-0,01;-0,01;0,0;0,0;0,0;0,0;0,0;0,0;-0,01;-0,01;0,0;0,0;-0,05;-0,05;0,0;0,0;-0,02;-0,02;-0,02;-0,02;-0,01;-0,01;-0,01;-0,01;0,0;0,0;-0,01;-0,01;-0,01;-0,01;-0,01;-0,01;0,0;0,0;-0,01;-0,01;-0,01;-0,01;-0,02;-0,02
01.08.2026;04:15;04:30;0,0;0,0;-0,16;-0,16;-0,02;-0,02;0,0;0,0;-0,02;-0,02;0,0;0,0;-0,01;-0,01;-0,01;-0,01;-0,01;-0,01;0,0;0,0;-0,01;-0,01;0,0;0,0;-0,02;-0,02;0,0;0,0;-0,02;-0,02;-0,01;-0,01;-0,02;-0,02;-0,02;-0,02;-0,02;-0,02;0,0;0,0;-0,02;-0,02;-0,01;-0,01;-0,01;-0,01;-0,02;-0,02;0,0;0,0;-0,01;-0,01;-0,01;-0,01;-0,02;-0,02
01.08.2026;04:30;04:45;0,0;0,0;-0,15;-0,15;-0,02;-0,02;0,0;0,0;0,0;0,0;-0,01;-0,01;-0,01;-0,01;-0,01;-0,01;0,0;0,0;0,0;0,0;0,0;0,0;0,0;0,0;-0,01;-0,01;0,0;0,0;-0,02;-0,02;0,0;0,0;-0,03;-0,03;-0,02;-0,02;0,0;0,0;-0,01;-0,01;-0,01;-0,01;-0,01;-0,01;-0,01;-0,01;-0,01;-0,01;0,0;0,0;-0,01;-0,01;-0,03;-0,03;-0,01;-0,01
01.08.2026;04:45;05:00;0,0;0,0;-0,16;-0,16;-0,01;-0,01;0,0;0,0;-0,01;-0,01;0,0;0,0;-0,01;-0,01;-0,02;-0,02;-0,01;-0,01;0,0;0,0;0,0;0,0;0,0;0,0;-0,01;-0,01;0,0;0,0;-0,02;-0,02;0,0;0,0;-0,02;-0,02;-0,01;-0,01;-0,02;-0,02;-0,01;-0,01;0,0;0,0;-0,01;-0,01;-0,01;-0,01;-0,02;-0,02;0,0;0,0;-0,01;-0,01;-0,02;-0,02;-0,02;-0,02
01.08.2026;05:00;05:15;0,0;0,0;-0,16;-0,16;-0,03;-0,03;0,0;0,0;-0,02;-0,02;-0,01;-0,01;-0,01;-0,01;-0,02;-0,02;0,0;0,0;0,0;0,0;0,0;0,0;0,0;0,0;0,0;0,0;0,0;0,0;-0,02;-0,02;0,0;0,0;-0,02;-0,02;-0,01;-0,01;-0,01;-0,01;0,0;0,0;-0,02;-0,02;-0,01;-0,01;-0,01;-0,01;-0,05;-0,05;0,0;0,0;-0,01;-0,01;0,0;0,0;-0,03;-0,03
01.08.2026;05:15;05:30;0,0;0,0;-0,16;-0,16;-0,03;-0,03;0,0;0,0;-0,01;-0,01;0,0;0,0;0,0;0,0;-0,02;-0,02;-0,01;-0,01;0,0;0,0;0,0;0,0;0,0;0,0;-0,01;-0,01;0,0;0,0;-0,02;-0,02;0,0;0,0;-0,03;-0,03;-0,01;-0,01;-0,01;-0,01;-0,01;-0,01;0,0;0,0;0,0;0,0;0,0;0,0;-0,11;-0,11;0,0;0,0;-0,01;-0,01;-0,01;-0,01;-0,03;-0,03
01.08.2026;05:30;05:45;0,0;0,0;-0,16;-0,16;-0,01;-0,01;-0,01;-0,01;-0,02;-0,02;-0,01;-0,01;-0,02;-0,02;-0,02;-0,02;-0,01;-0,01;0,0;0,0;0,0;0,0;0,0;0,0;-0,02;-0,02;-0,01;-0,01;-0,02;-0,02;0,0;0,0;-0,02;-0,02;-0,01;-0,01;-0,01;-0,01;-0,01;-0,01;-0,01;-0,01;-0,02;-0,02;-0,01;-0,01;-0,1;-0,1;-0,01;-0,01;-0,01;-0,01;0,0;0,0;-0,02;-0,02
01.08.2026;05:45;06:00;0,0;0,0;-0,25;-0,25;-0,03;-0,03;0,0;0,0;-0,01;-0,01;0,0;0,0;0,0;0,0;-0,01;-0,01;0,0;0,0;0,0;0,0;0,0;0,0;0,0;0,0;-0,01;-0,01;0,0;0,0;-0,03;-0,03;0,0;0,0;-0,02;-0,02;-0,03;-0,03;-0,01;-0,01;-0,02;-0,02;-0,01;-0,01;-0,01;-0,01;-0,01;-0,01;-0,1;-0,1;0,0;0,0;-0,01;-0,01;-0,01;-0,01;-0,03;-0,03
01.08.2026;06:00;06:15;0,01;0,01;-0,22;-0,22;-0,07;-0,07;0,0;0,0;-0,01;-0,01;-0,01;-0,01;-0,01;-0,01;-0,02;-0,02;-0,01;-0,01;0,0;0,0;0,0;0,0;0,0;0,0;-0,01;-0,01;0,0;0,0;-0,02;-0,02;0,0;0,0;-0,01;-0,01;-0,02;-0,02;-0,01;-0,01;-0,01;-0,01;-0,01;-0,01;0,0;0,0;-0,01;-0,01;-0,1;-0,1;0,0;0,0;-0,01;-0,01;-0,01;-0,01;-0,01;-0,01
01.08.2026;06:15;06:30;0,01;0,01;-0,17;-0,17;-0,03;-0,03;0,0;0,0;0,0;0,0;0,0;0,0;-0,01;-0,01;-0,02;-0,02;-0,01;-0,01;0,0;0,0;0,0;0,0;0,0;0,0;0,0;0,0;0,0;0,0;-0,02;-0,02;0,0;0,0;-0,02;-0,02;-0,02;-0,02;-0,01;-0,01;0,0;0,0;-0,01;-0,01;-0,01;-0,01;-0,01;-0,01;-0,11;-0,11;0,0;0,0;-0,01;-0,01;0,0;0,0;-0,02;-0,02
01.08.2026;06:30;06:45;0,01;0,01;-0,17;-0,17;-0,03;-0,03;0,0;0,0;-0,02;-0,02;-0,01;-0,01;-0,01;-0,01;-0,02;-0,02;0,0;0,0;0,0;0,0;0,0;0,0;0,0;0,0;-0,01;-0,01;0,0;0,0;-0,03;-0,03;0,0;0,0;-0,01;-0,01;-0,39;-0,39;-0,01;-0,01;0,0;0,0;-0,01;-0,01;-0,01;-0,01;-0,01;-0,01;-0,1;-0,1;0,0;0,0;-0,01;-0,01;0,0;0,0;-0,01;-0,01
01.08.2026;06:45;07:00;0,0;0,0;-0,17;-0,17;-0,03;-0,03;0,0;0,0;-0,01;-0,01;0,0;0,0;-0,01;-0,01;-0,02;-0,02;-0,01;-0,01;0,0;0,0;-0,01;-0,01;0,0;0,0;-0,02;-0,02;0,0;0,0;-0,02;-0,02;-0,01;-0,01;-0,01;-0,01;-0,12;-0,12;-0,01;-0,01;-0,01;-0,01;0,0;0,0;-0,01;-0,01;-0,01;-0,01;-0,1;-0,1;0,0;0,0;-0,01;-0,01;-0,01;-0,01;-0,03;-0,03
01.08.2026;07:00;07:15;0,0;0,0;-0,17;-0,17;-0,1;-0,1;0,0;0,0;-0,02;-0,02;-0,01;-0,01;-0,01;-0,01;-0,02;-0,02;-0,01;-0,01;0,0;0,0;0,0;0,0;0,0;0,0;-0,01;-0,01;0,0;0,0;-0,02;-0,02;0,0;0,0;-0,01;-0,01;-0,14;-0,14;-0,01;-0,01;-0,01;-0,01;-0,02;-0,02;-0,01;-0,01;-0,01;-0,01;-0,1;-0,1;0,0;0,0;-0,01;-0,01;0,0;0,0;-0,02;-0,02
01.08.2026;07:15;07:30;0,0;0,0;-0,17;-0,17;-0,04;-0,04;0,0;0,0;-0,01;-0,01;0,0;0,0;-0,01;-0,01;-0,02;-0,02;0,0;0,0;0,0;0,0;0,0;0,0;0,0;0,0;0,0;0,0;0,0;0,0;-0,02;-0,02;0,0;0,0;-0,02;-0,02;-0,04;-0,04;-0,02;-0,02;-0,01;-0,01;-0,01;-0,01;-0,01;-0,01;-0,01;-0,01;-0,04;-0,04;0,0;0,0;-0,01;-0,01;-0,01;-0,01;-0,03;-0,03
01.08.2026;07:30;07:45;0,14;0,11;-0,19;-0,16;-0,03;-0,03;0,0;0,0;-0,01;-0,01;0,0;0,0;-0,01;-0,01;-0,02;-0,02;-0,01;-0,01;0,0;0,0;0,0;0,0;0,0;0,0;-0,02;-0,02;-0,01;-0,01;-0,01;-0,01;0,0;0,0;-0,02;-0,02;-0,07;-0,07;-0,08;-0,08;0,0;0,0;0,0;0,0;-0,01;-0,01;-0,05;-0,05;-0,02;-0,02;-0,01;-0,01;-0,01;-0,01;0,0;0,0;-0,02;-0,02
01.08.2026;07:45;08:00;0,22;0,17;-0,18;-0,13;-0,03;-0,03;0,0;0,0;-0,01;-0,01;-0,01;-0,01;-0,01;-0,01;-0,02;-0,02;0,0;0,0;0,0;0,0;0,0;0,0;0,0;0,0;-0,04;-0,04;0,0;0,0;-0,02;-0,02;0,0;0,0;-0,02;-0,02;-0,07;-0,07;-0,26;-0,26;-0,01;-0,01;-0,02;-0,02;-0,01;-0,01;-0,21;-0,21;-0,01;-0,01;0,0;0,0;-0,01;-0,01;-0,01;-0,01;-0,02;-0,02
01.08.2026;08:00;08:15;0,33;0,11;-0,2;-0,15;-0,02;-0,01;0,0;0,0;-0,02;-0,01;-0,01;0,0;-0,02;-0,01;0,0;0,0;-0,01;0,0;-0,01;0,0;0,0;0,0;-0,01;0,0;-0,02;-0,01;0,0;0,0;-0,05;-0,04;0,0;0,0;-0,03;-0,02;-0,08;-0,07;-0,11;-0,1;-0,01;0,0;0,0;0,0;0,0;0,0;-0,14;-0,13;-0,02;-0,01;0,0;0,0;-0,01;0,0;0,0;0,0;-0,02;-0,01
01.08.2026;08:15;08:30;0,75;0,21;-0,27;-0,13;-0,02;0,0;0,0;0,0;-0,02;0,0;-0,03;0,0;-0,02;0,0;-0,01;0,0;-0,01;0,0;0,0;0,0;0,0;0,0;0,0;0,0;-0,26;-0,23;0,0;0,0;-0,03;0,0;0,0;0,0;-0,02;0,0;-0,07;-0,04;-0,05;-0,02;-0,02;0,0;-0,01;0,0;-0,01;0,0;-0,02;0,0;-0,02;0,0;0,0;0,0;-0,01;0,0;-0,04;-0,01;-0,05;-0,02
01.08.2026;08:30;08:45;0,7;0,2;-0,23;-0,09;-0,21;-0,18;0,0;0,0;-0,01;0,0;-0,02;0,0;-0,01;0,0;-0,02;0,0;0,0;0,0;0,0;0,0;0,0;0,0;0,0;0,0;-0,02;0,0;0,0;0,0;-0,04;-0,01;0,0;0,0;-0,02;0,0;-0,04;-0,01;-0,06;-0,03;0,0;0,0;-0,01;0,0;-0,02;0,0;-0,03;0,0;-0,04;-0,01;0,0;0,0;-0,01;0,0;-0,01;0,0;-0,16;-0,13
01.08.2026;08:45;09:00;0,59;0,2;-0,27;-0,16;-0,02;0,0;0,0;0,0;-0,01;0,0;-0,03;-0,01;-0,01;0,0;-0,02;0,0;-0,01;0,0;0,0;0,0;0,0;0,0;0,0;0,0;-0,21;-0,19;0,0;0,0;-0,02;0,0;0,0;0,0;-0,02;0,0;-0,06;-0,04;-0,06;-0,04;-0,01;0,0;-0,01;0,0;0,0;0,0;-0,01;0,0;-0,04;-0,02;0,0;0,0;-0,01;0,0;-0,01;0,0;-0,08;-0,06
01.08.2026;09:00;09:15;1,0;0,28;-0,2;0,0;-0,03;0,0;-0,01;0,0;-0,01;0,0;-0,03;0,0;-0,01;0,0;-0,02;0,0;-0,01;0,0;0,0;0,0;0,0;0,0;0,0;0,0;-0,57;-0,5;0,0;0,0;-0,01;0,0;0,0;0,0;-0,05;0,0;-0,06;0,0;-0,08;-0,01;0,0;0,0;-0,01;0,0;-0,01;0,0;-0,02;0,0;-0,02;0,0;0,0;0,0;-0,02;0,0;-0,02;0,0;-0,04;0,0
01.08.2026;09:15;09:30;1,09;0,28;-0,31;-0,08;-0,01;0,0;0,0;0,0;-0,08;0,0;-0,02;0,0;-0,01;0,0;-0,02;0,0;-0,01;0,0;0,0;0,0;-0,01;0,0;0,0;0,0;-0,27;-0,19;0,0;0,0;-0,02;0,0;-0,01;0,0;-0,02;0,0;-0,04;0,0;-0,06;0,0;-0,02;0,0;-0,01;0,0;-0,01;0,0;-0,01;0,0;-0,13;-0,05;0,0;0,0;0,0;0,0;-0,02;0,0;-0,04;0,0
01.08.2026;09:30;09:45;1,17;0,48;-0,2;0,0;-0,02;0,0;0,0;0,0;-0,05;0,0;-0,01;0,0;-0,01;0,0;-0,01;0,0;0,0;0,0;0,0;0,0;0,0;0,0;0,0;0,0;-0,14;-0,04;-0,01;0,0;-0,02;0,0;0,0;0,0;-0,03;0,0;-0,02;0,0;-0,14;-0,04;0,0;0,0;-0,01;0,0;-0,01;0,0;0,0;0,0;-0,01;0,0;-0,01;0,0;-0,02;0,0;-0,01;0,0;-0,04;0,0
01.08.2026;09:45;10:00;1,35;0,73;-0,2;0,0;-0,02;0,0;0,0;0,0;-0,05;0,0;0,0;0,0;-0,01;0,0;-0,04;0,0;-0,01;0,0;0,0;0,0;0,0;0,0;0,0;0,0;-0,03;0,0;0,0;0,0;-0,01;0,0;0,0;0,0;-0,03;0,0;-0,02;0,0;-0,09;0,0;0,0;0,0;-0,01;0,0;0,0;0,0;-0,02;0,0;-0,02;0,0;0,0;0,0;0,0;0,0;-0,02;0,0;-0,04;0,0
01.08.2026;10:00;10:15;1,34;0,53;-0,2;0,0;-0,03;0,0;0,0;0,0;-0,11;0,0;-0,01;0,0;-0,01;0,0;-0,03;0,0;0,0;0,0;0,0;0,0;0,0;0,0;0,0;0,0;-0,04;0,0;0,0;0,0;-0,02;0,0;0,0;0,0;-0,02;0,0;-0,02;0,0;-0,09;0,0;-0,01;0,0;0,0;0,0;-0,02;0,0;-0,02;0,0;-0,14;-0,03;0,0;0,0;-0,02;0,0;-0,01;0,0;-0,04;0,0
01.08.2026;10:15;10:30;1,49;0,55;-0,19;0,0;-0,03;0,0;0,0;0,0;-0,05;0,0;0,0;0,0;-0,01;0,0;-0,03;0,0;-0,01;0,0;0,0;0,0;0,0;0,0;0,0;0,0;-0,11;0,0;0,0;0,0;-0,01;0,0;0,0;0,0;-0,33;-0,2;-0,03;0,0;-0,1;0,0;-0,01;0,0;-0,02;0,0;-0,01;0,0;-0,01;0,0;-0,17;-0,04;0,0;0,0;0,0;0,0;-0,01;0,0;-0,05;0,0
01.08.2026;10:30;10:45;1,56;0,8;-0,18;0,0;-0,01;0,0;0,0;0,0;-0,05;0,0;0,0;0,0;0,0;0,0;-0,03;0,0;0,0;0,0;0,0;0,0;0,0;0,0;0,0;0,0;-0,06;0,0;0,0;0,0;-0,02;0,0;0,0;0,0;-0,11;0,0;-0,02;0,0;-0,13;0,0;-0,02;0,0;-0,01;0,0;0,0;0,0;-0,01;0,0;-0,03;0,0;0,0;0,0;-0,02;0,0;-0,02;0,0;-0,04;0,0
01.08.2026;10:45;11:00;0,75;0,22;-0,19;-0,03;-0,02;0,0;0,0;0,0;-0,05;-0,01;0,0;0,0;-0,01;0,0;-0,02;0,0;-0,01;0,0;0,0;0,0;0,0;0,0;0,0;0,0;-0,18;-0,14;0,0;0,0;-0,02;0,0;0,0;0,0;-0,06;-0,02;-0,02;0,0;-0,04;0,0;0,0;0,0;0,0;0,0;-0,01;0,0;-0,01;0,0;-0,05;-0,01;0,0;0,0;0,0;0,0;-0,01;0,0;-0,04;0,0
01.08.2026;11:00;11:15;0,05;0,05;-0,2;-0,2;-0,03;-0,03;0,0;0,0;-0,06;-0,06;0,0;0,0;-0,01;-0,01;-0,03;-0,03;-0,01;-0,01;0,0;0,0;0,0;0,0;0,0;0,0;-0,3;-0,3;0,0;0,0;-0,02;-0,02;0,0;0,0;-0,04;-0,04;-0,02;-0,02;-0,03;-0,03;-0,01;-0,01;-0,02;-0,02;-0,01;-0,01;-0,01;-0,01;-0,1;-0,1;0,0;0,0;-0,02;-0,02;-0,02;-0,02;-0,04;-0,04
01.08.2026;11:15;11:30;0,0;0,0;-0,27;-0,27;-0,03;-0,03;0,0;0,0;-0,02;-0,02;0,0;0,0;-0,01;-0,01;-0,02;-0,02;0,0;0,0;0,0;0,0;0,0;0,0;0,0;0,0;-0,04;-0,04;0,0;0,0;-0,03;-0,03;0,0;0,0;-0,06;-0,06;-0,03;-0,03;-0,04;-0,04;0,0;0,0;0,0;0,0;-0,01;-0,01;-0,07;-0,07;-0,15;-0,15;0,0;0,0;0,0;0,0;-0,01;-0,01;-0,04;-0,04
01.08.2026;11:30;11:45;0,59;0,17;-0,23;-0,14;-0,03;-0,01;0,0;0,0;-0,11;-0,09;0,0;0,0;-0,01;0,0;-0,02;0,0;-0,01;0,0;0,0;0,0;0,0;0,0;0,0;0,0;-0,03;-0,01;-0,01;0,0;-0,04;-0,02;0,0;0,0;-0,06;-0,04;-0,02;0,0;-0,07;-0,05;-0,02;0,0;-0,01;0,0;-0,01;0,0;-0,04;-0,02;-0,17;-0,15;-0,01;0,0;-0,02;0,0;-0,01;0,0;-0,04;-0,02
01.08.2026;11:45;12:00;1,33;0,51;-0,18;0,0;-0,01;0,0;0,0;0,0;-0,37;-0,26;0,0;0,0;-0,01;0,0;0,0;0,0;0,0;0,0;0,0;0,0;-0,01;0,0;0,0;0,0;-0,01;0,0;0,0;0,0;-0,07;0,0;-0,01;0,0;-0,04;0,0;-0,02;0,0;-0,29;-0,18;0,0;0,0;-0,02;0,0;-0,01;0,0;-0,05;0,0;-0,15;-0,04;0,0;0,0;0,0;0,0;-0,01;0,0;-0,04;0,0
01.08.2026;12:00;12:15;1,53;0,6;-0,19;0,0;-0,02;0,0;0,0;0,0;-0,19;-0,05;-0,01;0,0;0,0;0,0;-0,02;0,0;-0,01;0,0;0,0;0,0;0,0;0,0;0,0;0,0;-0,01;0,0;0,0;0,0;-0,1;0,0;0,0;0,0;-0,04;0,0;-0,02;0,0;-0,26;-0,12;0,0;0,0;0,0;0,0;-0,01;0,0;-0,04;0,0;-0,12;0,0;0,0;0,0;-0,02;0,0;-0,01;0,0;-0,03;0,0
01.08.2026;12:15;12:30;0,97;0,25;-0,18;0,0;-0,03;0,0;-0,01;0,0;-0,26;-0,19;0,0;0,0;-0,01;0,0;-0,17;-0,1;-0,03;0,0;0,0;0,0;0,0;0,0;0,0;0,0;0,0;0,0;0,0;0,0;-0,07;0,0;0,0;0,0;-0,04;0,0;-0,02;0,0;-0,2;-0,13;-0,01;0,0;-0,01;0,0;-0,01;0,0;-0,02;0,0;-0,02;0,0;0,0;0,0;0,0;0,0;-0,01;0,0;-0,04;0,0
01.08.2026;12:30;12:45;1,56;0,58;-0,17;0,0;-0,03;0,0;0,0;0,0;-0,24;-0,1;0,0;0,0;-0,03;0,0;-0,66;-0,52;-0,01;0,0;0,0;0,0;0,0;0,0;0,0;0,0;-0,01;0,0;0,0;0,0;-0,08;0,0;0,0;0,0;-0,03;0,0;-0,01;0,0;-0,05;0,0;-0,01;0,0;-0,01;0,0;0,0;0,0;-0,06;0,0;-0,22;-0,08;0,0;0,0;-0,02;0,0;0,0;0,0;-0,04;0,0
01.08.2026;12:45;13:00;1,47;0,59;-0,19;0,0;-0,03;0,0;0,0;0,0;-0,11;0,0;0,0;0,0;-0,04;0,0;-0,07;0,0;-0,01;0,0;0,0;0,0;0,0;0,0;0,0;0,0;-0,02;0,0;0,0;0,0;-0,08;0,0;0,0;0,0;-0,03;0,0;-0,01;0,0;-0,04;0,0;-0,02;0,0;0,0;0,0;-0,01;0,0;-0,02;0,0;-0,28;-0,15;0,0;0,0;-0,01;0,0;-0,01;0,0;-0,05;0,0
01.08.2026;13:00;13:15;1,75;0,92;-0,19;0,0;-0,01;0,0;0,0;0,0;-0,03;0,0;0,0;0,0;-0,03;0,0;-0,05;0,0;-0,01;0,0;-0,01;0,0;0,0;0,0;-0,01;0,0;-0,01;0,0;0,0;0,0;-0,08;0,0;0,0;0,0;-0,02;0,0;-0,03;0,0;-0,04;0,0;-0,01;0,0;-0,02;0,0;-0,02;0,0;-0,01;0,0;-0,28;-0,1;0,0;0,0;-0,01;0,0;-0,01;0,0;-0,05;0,0
01.08.2026;13:15;13:30;0,71;0,22;-0,18;-0,03;-0,01;0,0;0,0;0,0;-0,24;-0,21;0,0;0,0;-0,03;0,0;-0,05;-0,02;-0,01;0,0;0,0;0,0;0,0;0,0;0,0;0,0;-0,01;0,0;0,0;0,0;-0,06;-0,03;0,0;0,0;-0,03;0,0;-0,02;0,0;-0,07;-0,04;0,0;0,0;-0,01;0,0;0,0;0,0;-0,02;0,0;-0,23;-0,2;0,0;0,0;-0,01;0,0;-0,01;0,0;-0,05;-0,02
01.08.2026;13:30;13:45;0,35;0,11;-0,17;-0,11;-0,03;-0,02;0,0;0,0;-0,2;-0,19;0,0;0,0;-0,01;0,0;-0,05;-0,04;-0,01;0,0;0,0;0,0;0,0;0,0;0,0;0,0;0,0;0,0;-0,01;0,0;-0,08;-0,07;0,0;0,0;-0,03;-0,02;-0,02;-0,01;-0,02;-0,01;-0,01;0,0;-0,01;0,0;-0,01;0,0;-0,01;0,0;-0,22;-0,21;-0,01;0,0;-0,01;0,0;0,0;0,0;-0,05;-0,04
01.08.2026;13:45;14:00;0,28;0,2;-0,17;-0,09;-0,03;-0,03;0,0;0,0;-0,02;-0,02;0,0;0,0;-0,01;-0,01;-0,05;-0,05;0,0;0,0;0,0;0,0;0,0;0,0;0,0;0,0;-0,01;-0,01;0,0;0,0;-0,07;-0,07;0,0;0,0;-0,04;-0,04;-0,03;-0,03;-0,05;-0,05;-0,01;-0,01;-0,01;-0,01;-0,01;-0,01;-0,01;-0,01;-0,13;-0,13;0,0;0,0;-0,01;-0,01;-0,01;-0,01;-0,05;-0,05
01.08.2026;14:00;14:15;0,52;0,18;-0,17;-0,08;-0,02;0,0;0,0;0,0;-0,02;0,0;-0,01;0,0;-0,01;0,0;-0,04;-0,02;-0,01;0,0;0,0;0,0;0,0;0,0;0,0;0,0;-0,01;0,0;0,0;0,0;-0,04;-0,02;0,0;0,0;-0,05;-0,03;-0,02;0,0;-0,05;-0,03;0,0;0,0;0,0;0,0;-0,01;0,0;-0,01;0,0;-0,14;-0,12;0,0;0,0;-0,01;0,0;0,0;0,0;-0,05;-0,03
01.08.2026;14:15;14:30;0,62;0,21;-0,25;-0,13;-0,01;0,0;0,0;0,0;-0,02;0,0;0,0;0,0;-0,01;0,0;-0,05;-0,03;0,0;0,0;0,0;0,0;-0,01;0,0;0,0;0,0;-0,02;0,0;0,0;0,0;-0,02;0,0;-0,01;0,0;-0,07;-0,05;-0,02;0,0;-0,23;-0,21;-0,01;0,0;-0,02;0,0;-0,01;0,0;-0,01;0,0;-0,17;-0,15;0,0;0,0;-0,01;0,0;-0,01;0,0;-0,05;-0,03
01.08.2026;14:30;14:45;0,65;0,2;-0,16;-0,03;-0,02;0,0;0,0;0,0;-0,02;0,0;0,0;0,0;-0,01;0,0;-0,05;-0,02;-0,01;0,0;0,0;0,0;0,0;0,0;0,0;0,0;-0,01;0,0;0,0;0,0;-0,03;0,0;0,0;0,0;-0,05;-0,02;-0,02;0,0;-0,35;-0,32;0,0;0,0;-0,01;0,0;-0,01;0,0;-0,01;0,0;-0,12;-0,09;0,0;0,0;-0,01;0,0;-0,01;0,0;-0,04;-0,01
01.08.2026;14:45;15:00;0,07;0,07;-0,18;-0,18;-0,03;-0,03;0,0;0,0;-0,02;-0,02;0,0;0,0;-0,03;-0,03;-0,05;-0,05;-0,01;-0,01;0,0;0,0;0,0;0,0;0,0;0,0;0,0;0,0;0,0;0,0;-0,03;-0,03;0,0;0,0;-0,04;-0,04;-0,03;-0,03;-0,28;-0,28;-0,01;-0,01;0,0;0,0;-0,01;-0,01;-0,01;-0,01;-0,12;-0,12;0,0;0,0;-0,01;-0,01;0,0;0,0;-0,05;-0,05
01.08.2026;15:00;15:15;0,01;0,01;-0,25;-0,25;-0,02;-0,02;0,0;0,0;-0,02;-0,02;0,0;0,0;-0,21;-0,21;-0,04;-0,04;-0,01;-0,01;0,0;0,0;0,0;0,0;0,0;0,0;-0,01;-0,01;0,0;0,0;-0,02;-0,02;0,0;0,0;-0,04;-0,04;-0,02;-0,02;-0,05;-0,05;-0,02;-0,02;-0,02;-0,02;-0,01;-0,01;-0,01;-0,01;-0,08;-0,08;0,0;0,0;-0,01;-0,01;0,0;0,0;-0,04;-0,04
01.08.2026;15:15;15:30;0,0;0,0;-0,19;-0,19;-0,02;-0,02;0,0;0,0;-0,03;-0,03;0,0;0,0;-0,12;-0,12;-0,05;-0,05;0,0;0,0;0,0;0,0;0,0;0,0;0,0;0,0;-0,01;-0,01;0,0;0,0;-0,02;-0,02;0,0;0,0;-0,05;-0,05;-0,03;-0,03;-0,04;-0,04;-0,01;-0,01;0,0;0,0;0,0;0,0;-0,01;-0,01;-0,03;-0,03;0,0;0,0;-0,01;-0,01;-0,01;-0,01;-0,04;-0,04
01.08.2026;15:30;15:45;0,68;0,2;-0,18;-0,04;-0,01;0,0;-0,01;0,0;-0,02;0,0;0,0;0,0;-0,01;0,0;-0,03;0,0;-0,01;0,0;0,0;0,0;0,0;0,0;0,0;0,0;-0,02;0,0;-0,01;0,0;-0,03;0,0;0,0;0,0;-0,05;-0,02;-0,02;0,0;-0,09;-0,06;0,0;0,0;-0,01;0,0;-0,01;0,0;0,0;0,0;-0,04;-0,01;-0,01;0,0;-0,01;0,0;-0,01;0,0;-0,05;-0,02
01.08.2026;15:45;16:00;1,08;0,49;-0,18;0,0;-0,02;0,0;0,0;0,0;-0,02;0,0;0,0;0,0;-0,02;0,0;-0,05;0,0;-0,01;0,0;0,0;0,0;0,0;0,0;0,0;0,0;-0,01;0,0;0,0;0,0;-0,02;0,0;0,0;0,0;-0,04;0,0;-0,02;0,0;-0,04;0,0;-0,01;0,0;-0,02;0,0;-0,02;0,0;-0,02;0,0;-0,03;0,0;0,0;0,0;-0,01;0,0;0,0;0,0;-0,05;0,0
01.08.2026;16:00;16:15;0,85;0,33;-0,17;0,0;-0,03;0,0;0,0;0,0;-0,02;0,0;-0,01;0,0;-0,01;0,0;-0,06;0,0;-0,02;0,0;0,0;0,0;0,0;0,0;0,0;0,0;0,0;0,0;0,0;0,0;-0,03;0,0;0,0;0,0;-0,04;0,0;-0,02;0,0;-0,01;0,0;0,0;0,0;0,0;0,0;0,0;0,0;-0,01;0,0;-0,03;0,0;0,0;0,0;-0,01;0,0;0,0;0,0;-0,05;0,0
01.08.2026;16:15;16:30;0,82;0,29;-0,17;0,0;-0,02;0,0;0,0;0,0;-0,02;0,0;0,0;0,0;-0,02;0,0;-0,05;0,0;-0,01;0,0;0,0;0,0;0,0;0,0;0,0;0,0;0,0;0,0;0,0;0,0;-0,03;0,0;0,0;0,0;-0,04;0,0;-0,03;0,0;-0,01;0,0;-0,02;0,0;-0,01;0,0;-0,01;0,0;0,0;0,0;-0,03;0,0;0,0;0,0;-0,01;0,0;-0,01;0,0;-0,04;0,0
01.08.2026;16:30;16:45;0,71;0,23;-0,18;-0,03;-0,02;0,0;0,0;0,0;-0,03;0,0;0,0;0,0;0,0;0,0;-0,04;0,0;-0,02;0,0;0,0;0,0;0,0;0,0;0,0;0,0;-0,02;0,0;0,0;0,0;-0,03;0,0;0,0;0,0;-0,04;0,0;-0,02;0,0;-0,01;0,0;0,0;0,0;-0,01;0,0;-0,01;0,0;-0,01;0,0;-0,02;0,0;0,0;0,0;-0,01;0,0;-0,01;0,0;-0,03;0,0
01.08.2026;16:45;17:00;0,64;0,21;-0,17;-0,04;-0,01;0,0;0,0;0,0;-0,02;0,0;0,0;0,0;-0,01;0,0;-0,05;-0,01;-0,01;0,0;0,0;0,0;-0,01;0,0;0,0;0,0;-0,02;0,0;0,0;0,0;-0,02;0,0;-0,01;0,0;-0,08;-0,04;-0,02;0,0;-0,02;0,0;0,0;0,0;-0,01;0,0;-0,01;0,0;-0,01;0,0;-0,01;0,0;0,0;0,0;-0,01;0,0;0,0;0,0;-0,02;0,0
01.08.2026;17:00;17:15;0,63;0,2;-0,24;-0,13;-0,03;0,0;0,0;0,0;-0,02;0,0;0,0;0,0;-0,01;0,0;-0,05;-0,02;-0,02;0,0;0,0;0,0;0,0;0,0;0,0;0,0;-0,01;0,0;0,0;0,0;-0,03;0,0;0,0;0,0;-0,12;-0,09;-0,03;0,0;-0,01;0,0;-0,01;0,0;-0,01;0,0;-0,01;0,0;-0,01;0,0;-0,02;0,0;0,0;0,0;-0,01;0,0;0,0;0,0;-0,03;0,0
01.08.2026;17:15;17:30;0,82;0,29;-0,16;0,0;-0,02;0,0;0,0;0,0;-0,02;0,0;0,0;0,0;-0,01;0,0;-0,05;0,0;-0,02;0,0;0,0;0,0;0,0;0,0;0,0;0,0;0,0;0,0;0,0;0,0;-0,02;0,0;0,0;0,0;-0,11;-0,05;-0,05;0,0;-0,01;0,0;-0,02;0,0;-0,01;0,0;-0,01;0,0;-0,01;0,0;-0,02;0,0;0,0;0,0;-0,01;0,0;-0,01;0,0;-0,02;0,0
01.08.2026;17:30;17:45;0,35;0,11;-0,16;-0,1;-0,02;-0,01;0,0;0,0;-0,01;0,0;0,0;0,0;-0,01;0,0;-0,04;-0,03;-0,02;-0,01;0,0;0,0;0,0;0,0;0,0;0,0;0,0;0,0;-0,01;0,0;-0,03;-0,02;0,0;0,0;-0,11;-0,1;-0,04;-0,03;-0,01;0,0;-0,01;0,0;-0,01;0,0;-0,01;0,0;-0,01;0,0;-0,02;-0,01;-0,01;0,0;-0,01;0,0;0,0;0,0;-0,02;-0,01
01.08.2026;17:45;18:00;0,07;0,07;-0,15;-0,15;-0,02;-0,02;0,0;0,0;-0,01;-0,01;0,0;0,0;-0,01;-0,01;-0,05;-0,05;-0,01;-0,01;0,0;0,0;0,0;0,0;0,0;0,0;-0,02;-0,02;0,0;0,0;-0,03;-0,03;0,0;0,0;-0,11;-0,11;-0,05;-0,05;-0,02;-0,02;-0,01;-0,01;-0,01;-0,01;-0,01;-0,01;-0,01;-0,01;-0,01;-0,01;0,0;0,0;-0,01;-0,01;-0,01;-0,01;-0,03;-0,03
01.08.2026;18:00;18:15;0,05;0,05;-0,18;-0,18;-0,02;-0,02;0,0;0,0;-0,02;-0,02;-0,01;-0,01;0,0;0,0;-0,1;-0,1;-0,01;-0,01;-0,01;-0,01;0,0;0,0;-0,01;-0,01;-0,01;-0,01;0,0;0,0;-0,02;-0,02;0,0;0,0;-0,07;-0,07;-0,06;-0,06;-0,01;-0,01;0,0;0,0;-0,01;-0,01;0,0;0,0;-0,01;-0,01;-0,07;-0,07;0,0;0,0;-0,01;-0,01;0,0;0,0;-0,02;-0,02
01.08.2026;18:15;18:30;0,05;0,05;-0,19;-0,19;-0,02;-0,02;0,0;0,0;-0,02;-0,02;0,0;0,0;-0,02;-0,02;-0,31;-0,31;-0,02;-0,02;0,0;0,0;0,0;0,0;0,0;0,0;0,0;0,0;0,0;0,0;-0,03;-0,03;0,0;0,0;-0,04;-0,04;-0,04;-0,04;-0,01;-0,01;0,0;0,0;-0,01;-0,01;-0,01;-0,01;-0,01;-0,01;-0,04;-0,04;0,0;0,0;-0,01;-0,01;0,0;0,0;-0,01;-0,01
01.08.2026;18:30;18:45;0,04;0,04;-0,18;-0,18;-0,02;-0,02;0,0;0,0;-0,02;-0,02;0,0;0,0;0,0;0,0;-0,18;-0,18;-0,01;-0,01;0,0;0,0;0,0;0,0;0,0;0,0;-0,02;-0,02;0,0;0,0;-0,02;-0,02;0,0;0,0;-0,05;-0,05;-0,05;-0,05;-0,01;-0,01;-0,02;-0,02;-0,01;-0,01;-0,01;-0,01;-0,01;-0,01;-0,04;-0,04;0,0;0,0;-0,01;-0,01;-0,01;-0,01;-0,01;-0,01
01.08.2026;18:45;19:00;0,03;0,03;-0,16;-0,16;-0,02;-0,02;0,0;0,0;-0,02;-0,02;0,0;0,0;-0,02;-0,02;-0,21;-0,21;-0,02;-0,02;0,0;0,0;0,0;0,0;0,0;0,0;-0,02;-0,02;0,0;0,0;-0,01;-0,01;0,0;0,0;-0,04;-0,04;-0,06;-0,06;-0,01;-0,01;0,0;0,0;0,0;0,0;-0,01;-0,01;-0,01;-0,01;-0,1;-0,1;0,0;0,0;-0,01;-0,01;-0,01;-0,01;-0,02;-0,02
01.08.2026;19:00;19:15;0,0;0,0;-0,24;-0,24;-0,03;-0,03;-0,01;-0,01;-0,02;-0,02;0,0;0,0;0,0;0,0;-0,05;-0,05;-0,01;-0,01;0,0;0,0;0,0;0,0;0,0;0,0;-0,01;-0,01;0,0;0,0;-0,02;-0,02;0,0;0,0;-0,05;-0,05;-0,05;-0,05;-0,02;-0,02;-0,01;-0,01;-0,02;-0,02;-0,01;-0,01;-0,01;-0,01;-0,09;-0,09;0,0;0,0;-0,01;-0,01;0,0;0,0;-0,03;-0,03
01.08.2026;19:15;19:30;0,0;0,0;-0,17;-0,17;-0,01;-0,01;0,0;0,0;-0,02;-0,02;0,0;0,0;-0,01;-0,01;-0,05;-0,05;0,0;0,0;0,0;0,0;-0,01;-0,01;0,0;0,0;0,0;0,0;0,0;0,0;-0,01;-0,01;-0,01;-0,01;-0,05;-0,05;-0,06;-0,06;0,0;0,0;0,0;0,0;-0,01;-0,01;-0,01;-0,01;-0,01;-0,01;-0,11;-0,11;0,0;0,0;-0,01;-0,01;0,0;0,0;-0,02;-0,02
01.08.2026;19:30;19:45;0,06;0,06;-0,18;-0,18;-0,02;-0,02;0,0;0,0;-0,06;-0,06;0,0;0,0;-0,01;-0,01;-0,05;-0,05;-0,01;-0,01;0,0;0,0;0,0;0,0;0,0;0,0;0,0;0,0;-0,01;-0,01;-0,02;-0,02;0,0;0,0;-0,04;-0,04;-0,05;-0,05;-0,02;-0,02;-0,02;-0,02;0,0;0,0;-0,01;-0,01;0,0;0,0;-0,09;-0,09;-0,01;-0,01;-0,01;-0,01;-0,01;-0,01;-0,02;-0,02
01.08.2026;19:45;20:00;0,1;0,1;-0,18;-0,18;-0,02;-0,02;0,0;0,0;-0,13;-0,13;0,0;0,0;-0,01;-0,01;-0,06;-0,06;-0,01;-0,01;0,0;0,0;0,0;0,0;0,0;0,0;-0,02;-0,02;0,0;0,0;-0,02;-0,02;0,0;0,0;-0,05;-0,05;-0,05;-0,05;-0,09;-0,09;-0,01;-0,01;-0,02;-0,02;-0,01;-0,01;-0,02;-0,02;-0,1;-0,1;0,0;0,0;-0,02;-0,02;0,0;0,0;-0,16;-0,16
01.08.2026;20:00;20:15;0,04;0,04;-0,18;-0,18;-0,04;-0,04;0,0;0,0;-0,04;-0,04;-0,01;-0,01;-0,01;-0,01;-0,06;-0,06;0,0;0,0;0,0;0,0;0,0;0,0;0,0;0,0;-0,02;-0,02;0,0;0,0;-0,01;-0,01;0,0;0,0;-0,03;-0,03;-0,05;-0,05;-0,07;-0,07;-0,01;-0,01;0,0;0,0;0,0;0,0;-0,01;-0,01;-0,09;-0,09;0,0;0,0;0,0;0,0;-0,01;-0,01;-0,14;-0,14
01.08.2026;20:15;20:30;0,02;0,02;-0,19;-0,19;-0,08;-0,08;0,0;0,0;-0,32;-0,32;0,0;0,0;-0,01;-0,01;-0,09;-0,09;-0,02;-0,02;0,0;0,0;0,0;0,0;0,0;0,0;-0,01;-0,01;0,0;0,0;-0,01;-0,01;0,0;0,0;-0,03;-0,03;-0,06;-0,06;-0,07;-0,07;0,0;0,0;-0,01;-0,01;-0,02;-0,02;-0,01;-0,01;-0,14;-0,14;0,0;0,0;-0,02;-0,02;0,0;0,0;-0,04;-0,04
01.08.2026;20:30;20:45;0,0;0,0;-0,25;-0,25;-0,05;-0,05;0,0;0,0;-0,19;-0,19;0,0;0,0;0,0;0,0;-0,08;-0,08;-0,01;-0,01;0,0;0,0;0,0;0,0;0,0;0,0;0,0;0,0;0,0;0,0;-0,02;-0,02;0,0;0,0;-0,05;-0,05;-0,06;-0,06;-0,05;-0,05;-0,01;-0,01;-0,02;-0,02;-0,01;-0,01;0,0;0,0;-0,2;-0,2;0,0;0,0;0,0;0,0;-0,01;-0,01;-0,02;-0,02
01.08.2026;20:45;21:00;0,0;0,0;-0,17;-0,17;-0,06;-0,06;0,0;0,0;-0,39;-0,39;0,0;0,0;-0,01;-0,01;-0,08;-0,08;0,0;0,0;0,0;0,0;0,0;0,0;0,0;0,0;0,0;0,0;0,0;0,0;-0,01;-0,01;0,0;0,0;-0,2;-0,2;-0,05;-0,05;-0,03;-0,03;-0,01;-0,01;0,0;0,0;0,0;0,0;-0,01;-0,01;-0,19;-0,19;0,0;0,0;-0,02;-0,02;0,0;0,0;-0,02;-0,02
01.08.2026;21:00;21:15;0,0;0,0;-0,18;-0,18;-0,05;-0,05;0,0;0,0;-0,11;-0,11;-0,03;-0,03;-0,01;-0,01;-0,07;-0,07;-0,01;-0,01;0,0;0,0;0,0;0,0;0,0;0,0;-0,02;-0,02;0,0;0,0;-0,02;-0,02;0,0;0,0;-0,08;-0,08;-0,05;-0,05;-0,01;-0,01;-0,01;-0,01;-0,01;-0,01;-0,01;-0,01;-0,01;-0,01;-0,22;-0,22;0,0;0,0;0,0;0,0;-0,01;-0,01;-0,03;-0,03
01.08.2026;21:15;21:30;0,0;0,0;-0,16;-0,16;-0,06;-0,06;0,0;0,0;-0,04;-0,04;-0,02;-0,02;-0,01;-0,01;-0,06;-0,06;0,0;0,0;0,0;0,0;0,0;0,0;0,0;0,0;-0,02;-0,02;0,0;0,0;-0,01;-0,01;0,0;0,0;-0,04;-0,04;-0,06;-0,06;-0,02;-0,02;0,0;0,0;-0,01;-0,01;-0,01;-0,01;-0,01;-0,01;-0,16;-0,16;0,0;0,0;-0,02;-0,02;0,0;0,0;-0,02;-0,02
01.08.2026;21:30;21:45;0,0;0,0;-0,16;-0,16;-0,03;-0,03;0,0;0,0;-0,06;-0,06;-0,02;-0,02;-0,01;-0,01;-0,06;-0,06;0,0;0,0;0,0;0,0;0,0;0,0;0,0;0,0;-0,01;-0,01;-0,01;-0,01;-0,02;-0,02;0,0;0,0;-0,03;-0,03;-0,05;-0,05;-0,02;-0,02;0,0;0,0;-0,01;-0,01;-0,01;-0,01;-0,01;-0,01;-0,16;-0,16;-0,01;-0,01;0,0;0,0;-0,01;-0,01;-0,01;-0,01
01.08.2026;21:45;22:00;0,0;0,0;-0,18;-0,18;-0,05;-0,05;0,0;0,0;-0,05;-0,05;-0,02;-0,02;-0,01;-0,01;-0,06;-0,06;-0,01;-0,01;0,0;0,0;-0,01;-0,01;0,0;0,0;0,0;0,0;0,0;0,0;-0,02;-0,02;-0,01;-0,01;-0,02;-0,02;-0,04;-0,04;-0,04;-0,04;-0,02;-0,02;-0,01;-0,01;-0,01;-0,01;-0,01;-0,01;-0,13;-0,13;0,0;0,0;-0,02;-0,02;0,0;0,0;-0,01;-0,01
01.08.2026;22:00;22:15;0,0;0,0;-0,16;-0,16;-0,06;-0,06;0,0;0,0;-0,04;-0,04;-0,03;-0,03;-0,01;-0,01;-0,06;-0,06;-0,01;-0,01;0,0;0,0;0,0;0,0;0,0;0,0;0,0;0,0;0,0;0,0;-0,02;-0,02;0,0;0,0;-0,02;-0,02;-0,05;-0,05;-0,01;-0,01;-0,01;-0,01;-0,01;-0,01;-0,01;-0,01;-0,01;-0,01;-0,16;-0,16;0,0;0,0;0,0;0,0;0,0;0,0;-0,02;-0,02
01.08.2026;22:15;22:30;0,0;0,0;-0,18;-0,18;-0,05;-0,05;-0,01;-0,01;-0,04;-0,04;-0,02;-0,02;-0,01;-0,01;-0,06;-0,06;0,0;0,0;0,0;0,0;0,0;0,0;0,0;0,0;-0,02;-0,02;0,0;0,0;-0,02;-0,02;0,0;0,0;0,0;0,0;-0,05;-0,05;-0,02;-0,02;-0,01;-0,01;-0,01;-0,01;-0,01;-0,01;-0,01;-0,01;-0,06;-0,06;0,0;0,0;-0,02;-0,02;-0,01;-0,01;-0,03;-0,03
01.08.2026;22:30;22:45;0,0;0,0;-0,22;-0,22;-0,03;-0,03;0,0;0,0;-0,03;-0,03;-0,02;-0,02;-0,01;-0,01;-0,11;-0,11;-0,01;-0,01;0,0;0,0;0,0;0,0;0,0;0,0;-0,02;-0,02;0,0;0,0;-0,02;-0,02;0,0;0,0;0,0;0,0;-0,04;-0,04;-0,02;-0,02;-0,01;-0,01;-0,01;-0,01;-0,01;-0,01;-0,01;-0,01;-0,06;-0,06;0,0;0,0;0,0;0,0;0,0;0,0;-0,02;-0,02
01.08.2026;22:45;23:00;0,0;0,0;-0,33;-0,33;-0,05;-0,05;0,0;0,0;-0,03;-0,03;-0,03;-0,03;-0,01;-0,01;-0,19;-0,19;-0,01;-0,01;0,0;0,0;0,0;0,0;0,0;0,0;-0,01;-0,01;0,0;0,0;-0,02;-0,02;0,0;0,0;-0,01;-0,01;-0,03;-0,03;-0,04;-0,04;0,0;0,0;0,0;0,0;0,0;0,0;-0,01;-0,01;-0,05;-0,05;0,0;0,0;-0,02;-0,02;-0,01;-0,01;-0,02;-0,02
01.08.2026;23:00;23:15;0,0;0,0;-0,29;-0,29;-0,05;-0,05;0,0;0,0;-0,03;-0,03;-0,02;-0,02;0,0;0,0;-0,27;-0,27;0,0;0,0;-0,01;-0,01;0,0;0,0;-0,01;-0,01;0,0;0,0;0,0;0,0;-0,03;-0,03;0,0;0,0;0,0;0,0;-0,02;-0,02;-0,04;-0,04;-0,01;-0,01;-0,02;-0,02;-0,02;-0,02;-0,01;-0,01;-0,04;-0,04;0,0;0,0;0,0;0,0;0,0;0,0;-0,11;-0,11
01.08.2026;23:15;23:30;0,0;0,0;-0,17;-0,17;-0,05;-0,05;0,0;0,0;-0,04;-0,04;-0,04;-0,04;-0,01;-0,01;-0,06;-0,06;-0,01;-0,01;0,0;0,0;0,0;0,0;0,0;0,0;0,0;0,0;0,0;0,0;-0,01;-0,01;0,0;0,0;0,0;0,0;-0,02;-0,02;-0,04;-0,04;-0,01;-0,01;-0,01;-0,01;-0,01;-0,01;-0,01;-0,01;-0,06;-0,06;0,0;0,0;-0,02;-0,02;-0,01;-0,01;-0,03;-0,03
01.08.2026;23:30;23:45;0,0;0,0;-0,18;-0,18;-0,04;-0,04;0,0;0,0;-0,04;-0,04;-0,02;-0,02;-0,01;-0,01;-0,06;-0,06;-0,01;-0,01;0,0;0,0;0,0;0,0;0,0;0,0;-0,02;-0,02;-0,01;-0,01;-0,02;-0,02;0,0;0,0;-0,01;-0,01;-0,02;-0,02;-0,04;-0,04;0,0;0,0;0,0;0,0;0,0;0,0;0,0;0,0;-0,05;-0,05;-0,01;-0,01;0,0;0,0;0,0;0,0;-0,03;-0,03
01.08.2026;23:45;00:00;0,0;0,0;-0,16;-0,16;-0,01;-0,01;0,0;0,0;-0,03;-0,03;-0,02;-0,02;-0,01;-0,01;-0,06;-0,06;0,0;0,0;0,0;0,0;0,0;0,0;0,0;0,0;-0,01;-0,01;0,0;0,0;-0,02;-0,02;0,0;0,0;-0,02;-0,02;-0,03;-0,03;-0,04;-0,04;-0,01;-0,01;-0,02;-0,02;-0,01;-0,01;-0,01;-0,01;-0,02;-0,02;0,0;0,0;-0,02;-0,02;-0,01;-0,01;-0,03;-0,03
02.08.2026;00:00;00:15;0,0;0,0;-0,18;-0,18;-0,03;-0,03;0,0;0,0;-0,04;-0,04;-0,03;-0,03;-0,01;-0,01;-0,04;-0,04;0,0;0,0;0,0;0,0;0,0;0,0;0,0;0,0;-0,01;-0,01;0,0;0,0;-0,02;-0,02;0,0;0,0;-0,01;-0,01;-0,02;-0,02;-0,03;-0,03;0,0;0,0;0,0;0,0;-0,01;-0,01;-0,01;-0,01;-0,02;-0,02;0,0;0,0;0,0;0,0;0,0;0,0;-0,02;-0,02
02.08.2026;00:15;00:30;0,0;0,0;-0,2;-0,2;-0,02;-0,02;0,0;0,0;-0,02;-0,02;-0,02;-0,02;-0,01;-0,01;-0,26;-0,26;-0,01;-0,01;0,0;0,0;-0,01;-0,01;0,0;0,0;-0,01;-0,01;0,0;0,0;-0,02;-0,02;-0,01;-0,01;-0,02;-0,02;-0,02;-0,02;-0,04;-0,04;-0,02;-0,02;-0,01;-0,01;-0,01;-0,01;-0,01;-0,01;-0,01;-0,01;0,0;0,0;-0,02;-0,02;0,0;0,0;-0,03;-0,03
02.08.2026;00:30;00:45;0,0;0,0;-0,2;-0,2;-0,02;-0,02;0,0;0,0;-0,01;-0,01;-0,03;-0,03;0,0;0,0;-0,12;-0,12;0,0;0,0;0,0;0,0;0,0;0,0;0,0;0,0;0,0;0,0;0,0;0,0;-0,01;-0,01;0,0;0,0;-0,01;-0,01;-0,02;-0,02;-0,03;-0,03;-0,01;-0,01;-0,02;-0,02;-0,01;-0,01;-0,01;-0,01;-0,02;-0,02;0,0;0,0;0,0;0,0;-0,01;-0,01;-0,02;-0,02
02.08.2026;00:45;01:00;0,0;0,0;-0,3;-0,3;-0,02;-0,02;0,0;0,0;-0,02;-0,02;-0,02;-0,02;-0,02;-0,02;-0,02;-0,02;-0,01;-0,01;0,0;0,0;0,0;0,0;0,0;0,0;-0,02;-0,02;0,0;0,0;-0,02;-0,02;0,0;0,0;-0,02;-0,02;-0,02;-0,02;-0,03;-0,03;-0,01;-0,01;0,0;0,0;-0,01;-0,01;-0,01;-0,01;-0,01;-0,01;0,0;0,0;-0,02;-0,02;-0,01;-0,01;-0,01;-0,01
02.08.2026;01:00;01:15;0,0;0,0;-0,26;-0,26;-0,02;-0,02;0,0;0,0;-0,01;-0,01;-0,02;-0,02;-0,01;-0,01;-0,02;-0,02;0,0;0,0;0,0;0,0;0,0;0,0;0,0;0,0;-0,01;-0,01;0,0;0,0;-0,02;-0,02;0,0;0,0;-0,01;-0,01;-0,03;-0,03;-0,02;-0,02;0,0;0,0;-0,01;-0,01;-0,01;-0,01;-0,01;-0,01;-0,02;-0,02;0,0;0,0;0,0;0,0;0,0;0,0;-0,01;-0,01
02.08.2026;01:15;01:30;0,0;0,0;-0,22;-0,22;-0,02;-0,02;0,0;0,0;-0,02;-0,02;-0,03;-0,03;0,0;0,0;-0,02;-0,02;-0,01;-0,01;0,0;0,0;0,0;0,0;0,0;0,0;-0,01;-0,01;0,0;0,0;-0,01;-0,01;0,0;0,0;-0,01;-0,01;-0,02;-0,02;-0,03;-0,03;-0,01;-0,01;-0,01;-0,01;0,0;0,0;-0,01;-0,01;-0,02;-0,02;0,0;0,0;-0,02;-0,02;0,0;0,0;-0,03;-0,03
02.08.2026;01:30;01:45;0,0;0,0;-0,16;-0,16;-0,02;-0,02;-0,01;-0,01;-0,02;-0,02;-0,02;-0,02;-0,02;-0,02;-0,02;-0,02;-0,01;-0,01;0,0;0,0;0,0;0,0;0,0;0,0;-0,01;-0,01;-0,01;-0,01;-0,02;-0,02;0,0;0,0;0,0;0,0;-0,02;-0,02;-0,03;-0,03;-0,01;-0,01;-0,01;-0,01;-0,01;-0,01;-0,05;-0,05;-0,01;-0,01;-0,01;-0,01;0,0;0,0;-0,01;-0,01;-0,02;-0,02
02.08.2026;01:45;02:00;0,0;0,0;-0,16;-0,16;-0,02;-0,02;0,0;0,0;-0,01;-0,01;-0,03;-0,03;0,0;0,0;-0,02;-0,02;-0,01;-0,01;0,0;0,0;0,0;0,0;0,0;0,0;0,0;0,0;0,0;0,0;-0,02;-0,02;0,0;0,0;0,0;0,0;-0,02;-0,02;-0,02;-0,02;0,0;0,0;-0,01;-0,01;-0,02;-0,02;-0,01;-0,01;-0,02;-0,02;0,0;0,0;-0,02;-0,02;-0,01;-0,01;-0,02;-0,02
02.08.2026;02:00;02:15;0,0;0,0;-0,17;-0,17;-0,02;-0,02;0,0;0,0;0,0;0,0;-0,01;-0,01;-0,01;-0,01;-0,02;-0,02;0,0;0,0;0,0;0,0;0,0;0,0;0,0;0,0;-0,01;-0,01;0,0;0,0;-0,02;-0,02;0,0;0,0;-0,01;-0,01;-0,02;-0,02;-0,01;-0,01;-0,01;-0,01;-0,01;-0,01;0,0;0,0;-0,01;-0,01;-0,01;-0,01;0,0;0,0;0,0;0,0;0,0;0,0;-0,02;-0,02
02.08.2026;02:15;02:30;0,0;0,0;-0,16;-0,16;-0,01;-0,01;0,0;0,0;-0,02;-0,02;-0,03;-0,03;-0,01;-0,01;-0,01;-0,01;-0,01;-0,01;0,0;0,0;0,0;0,0;0,0;0,0;-0,02;-0,02;0,0;0,0;-0,01;-0,01;0,0;0,0;0,0;0,0;-0,01;-0,01;-0,01;-0,01;0,0;0,0;-0,01;-0,01;-0,01;-0,01;-0,02;-0,02;-0,02;-0,02;0,0;0,0;-0,02;-0,02;0,0;0,0;-0,02;-0,02
02.08.2026;02:30;02:45;0,0;0,0;-0,16;-0,16;-0,03;-0,03;0,0;0,0;-0,01;-0,01;-0,02;-0,02;-0,01;-0,01;-0,01;-0,01;0,0;0,0;0,0;0,0;0,0;0,0;0,0;0,0;-0,01;-0,01;0,0;0,0;-0,02;-0,02;0,0;0,0;0,0;0,0;-0,01;-0,01;-0,02;-0,02;-0,02;-0,02;-0,01;-0,01;-0,01;-0,01;-0,01;-0,01;-0,01;-0,01;0,0;0,0;0,0;0,0;-0,01;-0,01;-0,01;-0,01
02.08.2026;02:45;03:00;0,0;0,0;-0,18;-0,18;-0,02;-0,02;0,0;0,0;-0,02;-0,02;-0,01;-0,01;-0,01;-0,01;-0,02;-0,02;-0,01;-0,01;0,0;0,0;-0,01;-0,01;0,0;0,0;-0,01;-0,01;0,0;0,0;-0,02;-0,02;-0,01;-0,01;-0,02;-0,02;-0,01;-0,01;-0,01;-0,01;-0,01;-0,01;0,0;0,0;-0,01;-0,01;-0,01;-0,01;-0,02;-0,02;0,0;0,0;-0,02;-0,02;0,0;0,0;-0,03;-0,03
02.08.2026;03:00;03:15;0,0;0,0;-0,21;-0,21;-0,01;-0,01;0,0;0,0;-0,02;-0,02;-0,02;-0,02;-0,01;-0,01;-0,02;-0,02;-0,01;-0,01;0,0;0,0;0,0;0,0;0,0;0,0;0,0;0,0;0,0;0,0;-0,02;-0,02;0,0;0,0;-0,02;-0,02;-0,02;-0,02;-0,01;-0,01;-0,01;-0,01;-0,02;-0,02;-0,01;-0,01;-0,01;-0,01;-0,01;-0,01;0,0;0,0;0,0;0,0;-0,01;-0,01;-0,02;-0,02
02.08.2026;03:15;03:30;0,0;0,0;-0,19;-0,19;-0,02;-0,02;0,0;0,0;0,0;0,0;-0,01;-0,01;-0,02;-0,02;-0,02;-0,02;0,0;0,0;0,0;0,0;0,0;0,0;0,0;0,0;-0,01;-0,01;0,0;0,0;-0,02;-0,02;0,0;0,0;-0,01;-0,01;-0,02;-0,02;-0,01;-0,01;0,0;0,0;0,0;0,0;-0,01;-0,01;-0,01;-0,01;-0,02;-0,02;0,0;0,0;-0,02;-0,02;0,0;0,0;-0,02;-0,02
02.08.2026;03:30;03:45;0,0;0,0;-0,17;-0,17;-0,03;-0,03;0,0;0,0;-0,01;-0,01;0,0;0,0;-0,02;-0,02;-0,02;-0,02;-0,01;-0,01;0,0;0,0;0,0;0,0;0,0;0,0;-0,02;-0,02;-0,01;-0,01;-0,02;-0,02;0,0;0,0;-0,02;-0,02;-0,02;-0,02;-0,02;-0,02;-0,01;-0,01;-0,01;-0,01;-0,01;-0,01;-0,01;-0,01;-0,01;-0,01;-0,01;-0,01;0,0;0,0;0,0;0,0;-0,03;-0,03
02.08.2026;03:45;04:00;0,0;0,0;-0,16;-0,16;-0,02;-0,02;0,0;0,0;-0,02;-0,02;-0,01;-0,01;-0,02;-0,02;-0,02;-0,02;0,0;0,0;0,0;0,0;0,0;0,0;0,0;0,0;-0,01;-0,01;0,0;0,0;-0,01;-0,01;0,0;0,0;-0,01;-0,01;-0,03;-0,03;-0,01;-0,01;-0,01;-0,01;-0,02;-0,02;0,0;0,0;-0,02;-0,02;-0,02;-0,02;0,0;0,0;-0,02;-0,02;-0,01;-0,01;-0,01;-0,01
02.08.2026;04:00;04:15;0,0;0,0;-0,19;-0,19;-0,01;-0,01;0,0;0,0;-0,02;-0,02;0,0;0,0;-0,01;-0,01;-0,02;-0,02;-0,01;-0,01;-0,01;-0,01;0,0;0,0;-0,01;-0,01;-0,01;-0,01;0,0;0,0;-0,02;-0,02;0,0;0,0;-0,01;-0,01;-0,02;-0,02;-0,01;-0,01;-0,01;-0,01;0,0;0,0;-0,01;-0,01;0,0;0,0;-0,01;-0,01;0,0;0,0;0,0;0,0;-0,01;-0,01;-0,01;-0,01
02.08.2026;04:15;04:30;0,0;0,0;-0,17;-0,17;-0,01;-0,01;0,0;0,0;-0,01;-0,01;0,0;0,0;-0,01;-0,01;-0,02;-0,02;-0,01;-0,01;0,0;0,0;0,0;0,0;0,0;0,0;0,0;0,0;0,0;0,0;-0,03;-0,03;0,0;0,0;-0,01;-0,01;-0,02;-0,02;-0,02;-0,02;0,0;0,0;-0,01;-0,01;-0,01;-0,01;-0,01;-0,01;-0,02;-0,02;0,0;0,0;-0,02;-0,02;0,0;0,0;-0,03;-0,03
02.08.2026;04:30;04:45;0,0;0,0;-0,19;-0,19;-0,03;-0,03;0,0;0,0;-0,01;-0,01;-0,01;-0,01;-0,02;-0,02;-0,02;-0,02;-0,01;-0,01;0,0;0,0;0,0;0,0;0,0;0,0;-0,01;-0,01;0,0;0,0;-0,04;-0,04;0,0;0,0;0,0;0,0;-0,02;-0,02;-0,01;-0,01;0,0;0,0;-0,01;-0,01;-0,01;-0,01;-0,01;-0,01;-0,01;-0,01;0,0;0,0;0,0;0,0;0,0;0,0;-0,02;-0,02
02.08.2026;04:45;05:00;0,0;0,0;-0,17;-0,17;-0,02;-0,02;0,0;0,0;-0,01;-0,01;0,0;0,0;0,0;0,0;-0,02;-0,02;0,0;0,0;0,0;0,0;0,0;0,0;0,0;0,0;-0,02;-0,02;0,0;0,0;-0,23;-0,23;0,0;0,0;0,0;0,0;-0,02;-0,02;-0,01;-0,01;-0,02;-0,02;0,0;0,0;-0,01;-0,01;-0,01;-0,01;-0,02;-0,02;0,0;0,0;-0,02;-0,02;-0,01;-0,01;-0,02;-0,02
02.08.2026;05:00;05:15;0,0;0,0;-0,17;-0,17;-0,01;-0,01;-0,01;-0,01;-0,01;-0,01;-0,01;-0,01;-0,01;-0,01;-0,01;-0,01;-0,01;-0,01;0,0;0,0;0,0;0,0;0,0;0,0;-0,01;-0,01;0,0;0,0;-0,03;-0,03;0,0;0,0;-0,01;-0,01;-0,01;-0,01;-0,01;-0,01;-0,01;-0,01;-0,02;-0,02;-0,01;-0,01;-0,01;-0,01;-0,01;-0,01;0,0;0,0;0,0;0,0;-0,01;-0,01;-0,03;-0,03
02.08.2026;05:15;05:30;0,0;0,0;-0,16;-0,16;-0,02;-0,02;0,0;0,0;-0,02;-0,02;0,0;0,0;-0,02;-0,02;-0,02;-0,02;0,0;0,0;0,0;0,0;-0,01;-0,01;0,0;0,0;-0,01;-0,01;0,0;0,0;-0,03;-0,03;-0,01;-0,01;0,0;0,0;-0,01;-0,01;-0,01;-0,01;-0,01;-0,01;-0,01;-0,01;-0,01;-0,01;-0,01;-0,01;-0,02;-0,02;0,0;0,0;-0,01;-0,01;0,0;0,0;-0,02;-0,02
02.08.2026;05:30;05:45;0,01;0,01;-0,16;-0,16;-0,02;-0,02;0,0;0,0;-0,02;-0,02;-0,01;-0,01;-0,01;-0,01;-0,02;-0,02;-0,01;-0,01;0,0;0,0;0,0;0,0;0,0;0,0;0,0;0,0;-0,01;-0,01;-0,04;-0,04;0,0;0,0;0,0;0,0;-0,02;-0,02;-0,01;-0,01;-0,01;-0,01;0,0;0,0;-0,01;-0,01;-0,01;-0,01;-0,01;-0,01;-0,01;-0,01;-0,01;-0,01;0,0;0,0;-0,01;-0,01
02.08.2026;05:45;06:00;0,01;0,01;-0,16;-0,16;-0,02;-0,02;0,0;0,0;0,0;0,0;0,0;0,0;-0,01;-0,01;-0,02;-0,02;-0,01;-0,01;0,0;0,0;0,0;0,0;0,0;0,0;-0,01;-0,01;0,0;0,0;-0,04;-0,04;0,0;0,0;-0,02;-0,02;-0,01;-0,01;-0,02;-0,02;0,0;0,0;-0,02;-0,02;0,0;0,0;-0,01;-0,01;-0,02;-0,02;0,0;0,0;-0,01;-0,01;-0,01;-0,01;-0,01;-0,01
02.08.2026;06:00;06:15;0,02;0,02;-0,17;-0,17;-0,01;-0,01;0,0;0,0;-0,01;-0,01;-0,01;-0,01;-0,01;-0,01;-0,01;-0,01;0,0;0,0;0,0;0,0;0,0;0,0;0,0;0,0;-0,02;-0,02;0,0;0,0;-0,03;-0,03;0,0;0,0;-0,02;-0,02;-0,02;-0,02;-0,01;-0,01;-0,01;-0,01;0,0;0,0;-0,02;-0,02;0,0;0,0;-0,01;-0,01;0,0;0,0;-0,01;-0,01;0,0;0,0;-0,03;-0,03
02.08.2026;06:15;06:30;0,01;0,01;-0,16;-0,16;-0,02;-0,02;0,0;0,0;-0,02;-0,02;0,0;0,0;-0,01;-0,01;-0,01;-0,01;-0,01;-0,01;0,0;0,0;0,0;0,0;0,0;0,0;-0,01;-0,01;0,0;0,0;-0,03;-0,03;0,0;0,0;-0,01;-0,01;-0,11;-0,11;-0,01;-0,01;-0,01;-0,01;-0,01;-0,01;0,0;0,0;-0,01;-0,01;-0,01;-0,01;0,0;0,0;-0,01;-0,01;-0,01;-0,01;-0,02;-0,02
02.08.2026;06:30;06:45;0,02;0,02;-0,17;-0,17;-0,03;-0,03;0,0;0,0;-0,01;-0,01;0,0;0,0;-0,01;-0,01;-0,02;-0,02;0,0;0,0;0,0;0,0;0,0;0,0;0,0;0,0;-0,01;-0,01;0,0;0,0;-0,03;-0,03;0,0;0,0;-0,02;-0,02;-0,03;-0,03;-0,01;-0,01;0,0;0,0;-0,02;-0,02;-0,01;-0,01;-0,01;-0,01;-0,02;-0,02;0,0;0,0;-0,01;-0,01;0,0;0,0;-0,02;-0,02
02.08.2026;06:45;07:00;0,04;0,04;-0,18;-0,18;-0,02;-0,02;0,0;0,0;-0,02;-0,02;0,0;0,0;-0,01;-0,01;-0,02;-0,02;-0,01;-0,01;0,0;0,0;0,0;0,0;0,0;0,0;0,0;0,0;0,0;0,0;-0,03;-0,03;0,0;0,0;-0,01;-0,01;-0,03;-0,03;-0,01;-0,01;-0,01;-0,01;0,0;0,0;-0,01;-0,01;-0,01;-0,01;-0,01;-0,01;0,0;0,0;-0,01;-0,01;0,0;0,0;-0,03;-0,03
02.08.2026;07:00;07:15;0,05;0,05;-0,17;-0,17;-0,02;-0,02;0,0;0,0;0,0;0,0;0,0;0,0;-0,01;-0,01;-0,02;-0,02;-0,01;-0,01;0,0;0,0;0,0;0,0;0,0;0,0;-0,01;-0,01;0,0;0,0;-0,05;-0,05;0,0;0,0;-0,01;-0,01;-0,05;-0,05;-0,01;-0,01;0,0;0,0;-0,01;-0,01;-0,01;-0,01;-0,01;-0,01;-0,02;-0,02;0,0;0,0;-0,01;-0,01;-0,01;-0,01;-0,01;-0,01
02.08.2026;07:15;07:30;0,13;0,11;-0,17;-0,15;-0,02;-0,02;0,0;0,0;-0,01;-0,01;0,0;0,0;-0,01;-0,01;-0,02;-0,02;-0,01;-0,01;0,0;0,0;0,0;0,0;0,0;0,0;-0,02;-0,02;0,0;0,0;-0,02;-0,02;0,0;0,0;-0,01;-0,01;-0,05;-0,05;-0,02;-0,02;-0,02;-0,02;-0,01;-0,01;-0,01;-0,01;-0,01;-0,01;-0,01;-0,01;0,0;0,0;-0,01;-0,01;-0,01;-0,01;-0,02;-0,02
02.08.2026;07:30;07:45;0,22;0,17;-0,17;-0,12;-0,12;-0,12;0,0;0,0;-0,02;-0,02;-0,01;-0,01;-0,01;-0,01;-0,02;-0,02;0,0;0,0;0,0;0,0;0,0;0,0;0,0;0,0;-0,01;-0,01;-0,01;-0,01;-0,02;-0,02;0,0;0,0;0,0;0,0;-0,04;-0,04;-0,01;-0,01;-0,01;-0,01;-0,01;-0,01;0,0;0,0;-0,01;-0,01;-0,02;-0,02;-0,01;-0,01;-0,01;-0,01;0,0;0,0;-0,01;-0,01
02.08.2026;07:45;08:00;0,02;0,02;-0,17;-0,17;-0,1;-0,1;0,0;0,0;-0,02;-0,02;0,0;0,0;-0,02;-0,02;-0,01;-0,01;-0,01;-0,01;0,0;0,0;-0,01;-0,01;0,0;0,0;-0,01;-0,01;0,0;0,0;-0,01;-0,01;-0,01;-0,01;0,0;0,0;-0,04;-0,04;-0,01;-0,01;-0,01;-0,01;-0,01;-0,01;-0,02;-0,02;-0,01;-0,01;-0,01;-0,01;0,0;0,0;-0,01;-0,01;0,0;0,0;-0,03;-0,03
02.08.2026;08:00;08:15;0,0;0,0;-0,2;-0,2;-0,07;-0,07;0,0;0,0;-0,02;-0,02;0,0;0,0;0,0;0,0;-0,02;-0,02;-0,01;-0,01;0,0;0,0;0,0;0,0;0,0;0,0;0,0;0,0;0,0;0,0;-0,02;-0,02;0,0;0,0;-0,01;-0,01;-0,04;-0,04;-0,26;-0,26;0,0;0,0;-0,01;-0,01;0,0;0,0;-0,01;-0,01;-0,02;-0,02;0,0;0,0;-0,01;-0,01;-0,01;-0,01;-0,02;-0,02
02.08.2026;08:15;08:30;0,0;0,0;-0,18;-0,18;-0,06;-0,06;-0,01;-0,01;-0,12;-0,12;0,0;0,0;-0,02;-0,02;-0,02;-0,02;0,0;0,0;0,0;0,0;0,0;0,0;0,0;0,0;-0,01;-0,01;0,0;0,0;-0,01;-0,01;0,0;0,0;0,0;0,0;-0,03;-0,03;-0,5;-0,5;-0,01;-0,01;-0,01;-0,01;-0,01;-0,01;-0,01;-0,01;-0,06;-0,06;0,0;0,0;-0,01;-0,01;0,0;0,0;-0,02;-0,02
02.08.2026;08:30;08:45;0,82;0,25;-0,29;-0,11;-0,03;0,0;0,0;0,0;-0,04;0,0;0,0;0,0;-0,01;0,0;-0,04;0,0;-0,01;0,0;0,0;0,0;0,0;0,0;0,0;0,0;-0,02;0,0;0,0;0,0;-0,02;0,0;0,0;0,0;0,0;0,0;-0,04;0,0;-0,08;-0,03;-0,01;0,0;-0,01;0,0;-0,01;0,0;-0,01;0,0;-0,09;-0,04;0,0;0,0;-0,01;0,0;-0,01;0,0;-0,02;0,0
02.08.2026;08:45;09:00;1,07;0,39;-0,23;0,0;-0,02;0,0;0,0;0,0;-0,04;0,0;0,0;0,0;-0,01;0,0;-0,01;0,0;0,0;0,0;0,0;0,0;0,0;0,0;0,0;0,0;-0,01;0,0;0,0;0,0;-0,02;0,0;0,0;0,0;-0,02;0,0;-0,05;0,0;-0,12;-0,04;-0,01;0,0;0,0;0,0;-0,01;0,0;-0,01;0,0;-0,07;0,0;0,0;0,0;-0,01;0,0;0,0;0,0;-0,24;-0,16
02.08.2026;09:00;09:15;0,93;0,23;-0,35;-0,15;-0,02;0,0;0,0;0,0;-0,04;0,0;0,0;0,0;-0,01;0,0;-0,02;0,0;-0,01;0,0;-0,01;0,0;0,0;0,0;-0,01;0,0;-0,01;0,0;0,0;0,0;-0,02;0,0;0,0;0,0;-0,02;0,0;-0,1;-0,03;-0,47;-0,4;0,0;0,0;-0,02;0,0;0,0;0,0;-0,01;0,0;-0,19;-0,12;0,0;0,0;-0,01;0,0;-0,01;0,0;-0,2;-0,13
02.08.2026;09:15;09:30;1,09;0,31;-0,32;-0,05;-0,02;0,0;0,0;0,0;-0,05;0,0;0,0;0,0;-0,01;0,0;-0,02;0,0;-0,01;0,0;0,0;0,0;0,0;0,0;0,0;0,0;0,0;0,0;0,0;0,0;-0,01;0,0;0,0;0,0;-0,01;0,0;-0,39;-0,3;-0,11;-0,02;-0,01;0,0;0,0;0,0;-0,01;0,0;0,0;0,0;-0,09;0,0;0,0;0,0;-0,01;0,0;0,0;0,0;-0,08;0,0
02.08.2026;09:30;09:45;0,97;0,3;-0,2;0,0;-0,03;0,0;0,0;0,0;-0,04;0,0;-0,01;0,0;-0,01;0,0;-0,02;0,0;0,0;0,0;0,0;0,0;0,0;0,0;0,0;0,0;-0,01;0,0;-0,01;0,0;-0,01;0,0;0,0;0,0;-0,02;0,0;-0,27;-0,2;-0,05;0,0;-0,01;0,0;-0,01;0,0;-0,02;0,0;-0,01;0,0;-0,39;-0,32;-0,01;0,0;-0,01;0,0;0,0;0,0;-0,05;0,0
02.08.2026;09:45;10:00;0,69;0,2;-0,19;-0,05;-0,02;0,0;0,0;0,0;-0,06;-0,02;0,0;0,0;-0,01;0,0;0,0;0,0;-0,01;0,0;0,0;0,0;0,0;0,0;0,0;0,0;-0,02;0,0;0,0;0,0;-0,02;0,0;0,0;0,0;-0,01;0,0;-0,07;-0,03;-0,04;0,0;-0,01;0,0;-0,02;0,0;0,0;0,0;-0,01;0,0;-0,11;-0,07;0,0;0,0;-0,01;0,0;-0,01;0,0;-0,05;-0,01
02.08.2026;10:00;10:15;0,66;0,22;-0,25;-0,11;-0,02;0,0;0,0;0,0;-0,1;-0,07;0,0;0,0;0,0;0,0;-0,03;0,0;-0,01;0,0;0,0;0,0;0,0;0,0;0,0;0,0;-0,01;0,0;0,0;0,0;-0,01;0,0;0,0;0,0;-0,01;0,0;-0,07;-0,04;-0,15;-0,12;-0,01;0,0;0,0;0,0;-0,02;0,0;-0,01;0,0;-0,09;-0,06;0,0;0,0;-0,01;0,0;-0,01;0,0;-0,04;-0,01
02.08.2026;10:15;10:30;0,73;0,22;-0,19;-0,04;-0,01;0,0;0,0;0,0;-0,14;-0,1;0,0;0,0;-0,01;0,0;-0,02;0,0;0,0;0,0;0,0;0,0;-0,01;0,0;0,0;0,0;-0,01;0,0;0,0;0,0;-0,01;0,0;-0,01;0,0;-0,02;0,0;-0,06;-0,02;-0,15;-0,11;-0,01;0,0;-0,01;0,0;-0,02;0,0;-0,01;0,0;-0,13;-0,09;0,0;0,0;-0,01;0,0;0,0;0,0;-0,04;0,0
02.08.2026;10:30;10:45;0,78;0,26;-0,2;-0,02;-0,03;0,0;0,0;0,0;-0,11;-0,06;0,0;0,0;-0,01;0,0;-0,02;0,0;-0,01;0,0;0,0;0,0;0,0;0,0;0,0;0,0;0,0;0,0;0,0;0,0;-0,01;0,0;0,0;0,0;0,0;0,0;-0,06;-0,01;-0,02;0,0;0,0;0,0;-0,01;0,0;-0,02;0,0;-0,01;0,0;-0,22;-0,17;0,0;0,0;-0,01;0,0;0,0;0,0;-0,04;0,0
02.08.2026;10:45;11:00;0,75;0,24;-0,19;-0,02;-0,02;0,0;0,0;0,0;-0,1;-0,05;0,0;0,0;-0,01;0,0;-0,02;0,0;-0,01;0,0;0,0;0,0;0,0;0,0;0,0;0,0;-0,01;0,0;0,0;0,0;-0,03;0,0;0,0;0,0;0,0;0,0;-0,07;-0,02;-0,01;0,0;-0,01;0,0;-0,01;0,0;0,0;0,0;-0,01;0,0;-0,24;-0,19;0,0;0,0;-0,01;0,0;-0,01;0,0;-0,03;0,0
02.08.2026;11:00;11:15;0,69;0,21;-0,3;-0,16;-0,02;0,0;0,0;0,0;-0,21;-0,17;0,0;0,0;-0,01;0,0;-0,02;0,0;0,0;0,0;0,0;0,0;0,0;0,0;0,0;0,0;-0,02;0,0;0,0;0,0;-0,04;0,0;0,0;0,0;-0,01;0,0;-0,13;-0,09;-0,01;0,0;-0,01;0,0;-0,01;0,0;-0,01;0,0;-0,01;0,0;-0,08;-0,04;0,0;0,0;-0,01;0,0;0,0;0,0;-0,05;-0,01
02.08.2026;11:15;11:30;0,92;0,28;-0,3;-0,07;-0,02;0,0;0,0;0,0;-0,26;-0,19;0,0;0,0;-0,01;0,0;-0,02;0,0;-0,01;0,0;0,0;0,0;0,0;0,0;0,0;0,0;-0,01;0,0;0,0;0,0;-0,03;0,0;0,0;0,0;0,0;0,0;-0,07;0,0;-0,01;0,0;0,0;0,0;-0,01;0,0;-0,01;0,0;-0,01;0,0;-0,08;-0,01;0,0;0,0;-0,01;0,0;-0,01;0,0;-0,04;0,0
02.08.2026;11:30;11:45;0,45;0,19;-0,2;-0,11;-0,02;-0,01;-0,01;0,0;-0,04;-0,03;-0,01;0,0;0,0;0,0;-0,03;-0,02;0,0;0,0;0,0;0,0;0,0;0,0;0,0;0,0;0,0;0,0;-0,01;0,0;-0,04;-0,03;0,0;0,0;0,0;0,0;-0,07;-0,06;-0,01;0,0;-0,01;0,0;-0,01;0,0;-0,01;0,0;-0,01;0,0;-0,03;-0,02;-0,01;0,0;-0,01;0,0;0,0;0,0;-0,05;-0,04
02.08.2026;11:45;12:00;0,0;0,0;-0,24;-0,24;-0,03;-0,03;0,0;0,0;-0,05;-0,05;0,0;0,0;-0,02;-0,02;-0,02;-0,02;-0,01;-0,01;0,0;0,0;0,0;0,0;0,0;0,0;-0,01;-0,01;0,0;0,0;-0,05;-0,05;0,0;0,0;-0,01;-0,01;-0,04;-0,04;-0,41;-0,41;-0,01;-0,01;-0,01;-0,01;-0,01;-0,01;-0,01;-0,01;-0,03;-0,03;0,0;0,0;0,0;0,0;0,0;0,0;-0,05;-0,05
02.08.2026;12:00;12:15;0,0;0,0;-0,25;-0,25;-0,02;-0,02;0,0;0,0;-0,11;-0,11;0,0;0,0;0,0;0,0;-0,02;-0,02;-0,01;-0,01;0,0;0,0;0,0;0,0;0,0;0,0;-0,01;-0,01;0,0;0,0;-0,05;-0,05;0,0;0,0;-0,02;-0,02;-0,02;-0,02;-0,18;-0,18;-0,01;-0,01;0,0;0,0;-0,01;-0,01;0,0;0,0;-0,01;-0,01;0,0;0,0;-0,02;-0,02;-0,01;-0,01;-0,04;-0,04
02.08.2026;12:15;12:30;0,94;0,33;-0,17;0,0;-0,02;0,0;0,0;0,0;-0,05;0,0;0,0;0,0;-0,01;0,0;-0,06;0,0;0,0;0,0;0,0;0,0;0,0;0,0;0,0;0,0;-0,02;0,0;0,0;0,0;-0,03;0,0;0,0;0,0;-0,01;0,0;-0,02;0,0;-0,26;-0,19;-0,01;0,0;-0,02;0,0;-0,01;0,0;-0,02;0,0;-0,02;0,0;0,0;0,0;-0,01;0,0;-0,01;0,0;-0,05;0,0
02.08.2026;12:30;12:45;1,78;0,95;-0,17;0,0;-0,02;0,0;0,0;0,0;-0,04;0,0;0,0;0,0;-0,01;0,0;-0,25;-0,05;-0,01;0,0;0,0;0,0;0,0;0,0;0,0;0,0;-0,01;0,0;0,0;0,0;-0,01;0,0;0,0;0,0;-0,02;0,0;-0,03;0,0;-0,32;-0,12;-0,01;0,0;-0,01;0,0;-0,01;0,0;-0,01;0,0;-0,02;0,0;0,0;0,0;-0,01;0,0;0,0;0,0;-0,04;0,0
02.08.2026;12:45;13:00;1,72;1,06;-0,19;0,0;-0,03;0,0;0,0;0,0;-0,05;0,0;0,0;0,0;-0,01;0,0;-0,02;0,0;-0,01;0,0;0,0;0,0;-0,01;0,0;0,0;0,0;0,0;0,0;0,0;0,0;-0,03;0,0;-0,01;0,0;-0,02;0,0;-0,02;0,0;-0,28;-0,08;0,0;0,0;0,0;0,0;0,0;0,0;-0,01;0,0;-0,01;0,0;0,0;0,0;0,0;0,0;0,0;0,0;-0,04;0,0
02.08.2026;13:00;13:15;1,72;0,84;-0,19;0,0;-0,02;0,0;0,0;0,0;-0,03;0,0;0,0;0,0;-0,01;0,0;-0,06;0,0;0,0;0,0;0,0;0,0;0,0;0,0;0,0;0,0;-0,01;0,0;0,0;0,0;-0,02;0,0;0,0;0,0;-0,07;0,0;-0,02;0,0;-0,29;-0,11;-0,01;0,0;-0,02;0,0;-0,02;0,0;-0,01;0,0;-0,13;0,0;0,0;0,0;-0,02;0,0;-0,01;0,0;-0,05;0,0
02.08.2026;13:15;13:30;1,81;0,91;-0,18;0,0;-0,02;0,0;0,0;0,0;-0,04;0,0;0,0;0,0;-0,01;0,0;-0,04;0,0;-0,01;0,0;0,0;0,0;0,0;0,0;0,0;0,0;-0,01;0,0;0,0;0,0;-0,01;0,0;0,0;0,0;-0,12;0,0;-0,02;0,0;-0,28;-0,09;-0,01;0,0;0,0;0,0;-0,01;0,0;0,0;0,0;-0,17;0,0;0,0;0,0;-0,01;0,0;-0,01;0,0;-0,04;0,0
02.08.2026;13:30;13:45;1,17;0,44;-0,24;0,0;-0,02;0,0;0,0;0,0;-0,04;0,0;-0,01;0,0;0,0;0,0;-0,03;0,0;-0,01;0,0;0,0;0,0;0,0;0,0;0,0;0,0;-0,02;0,0;-0,01;0,0;-0,02;0,0;0,0;0,0;-0,04;0,0;-0,03;0,0;-0,06;0,0;-0,01;0,0;-0,01;0,0;0,0;0,0;-0,01;0,0;-0,14;-0,05;-0,01;0,0;-0,01;0,0;0,0;0,0;-0,06;0,0
02.08.2026;13:45;14:00;1,86;1,23;-0,19;0,0;-0,02;0,0;0,0;0,0;-0,04;0,0;-0,02;0,0;-0,01;0,0;-0,05;0,0;0,0;0,0;0,0;0,0;0,0;0,0;0,0;0,0;-0,01;0,0;0,0;0,0;-0,01;0,0;0,0;0,0;-0,01;0,0;-0,03;0,0;-0,04;0,0;0,0;0,0;-0,02;0,0;-0,01;0,0;-0,01;0,0;-0,12;0,0;0,0;0,0;0,0;0,0;0,0;0,0;-0,04;0,0
02.08.2026;14:00;14:15;1,93;1,27;-0,17;0,0;-0,02;0,0;0,0;0,0;-0,04;0,0;-0,01;0,0;-0,01;0,0;-0,04;0,0;-0,01;0,0;-0,01;0,0;0,0;0,0;-0,01;0,0;0,0;0,0;0,0;0,0;-0,01;0,0;0,0;0,0;-0,01;0,0;-0,06;0,0;-0,05;0,0;-0,01;0,0;0,0;0,0;-0,01;0,0;-0,01;0,0;-0,11;0,0;0,0;0,0;-0,02;0,0;-0,01;0,0;-0,04;0,0
02.08.2026;14:15;14:30;2,02;1,33;-0,18;0,0;-0,02;0,0;0,0;0,0;-0,04;0,0;0,0;0,0;-0,01;0,0;-0,05;0,0;-0,01;0,0;0,0;0,0;0,0;0,0;0,0;0,0;-0,05;0,0;0,0;0,0;-0,01;0,0;0,0;0,0;0,0;0,0;-0,08;0,0;-0,05;0,0;-0,01;0,0;-0,01;0,0;-0,01;0,0;-0,01;0,0;-0,09;0,0;0,0;0,0;-0,01;0,0;-0,01;0,0;-0,04;0,0
02.08.2026;14:30;14:45;1,51;0,73;-0,22;0,0;-0,02;0,0;0,0;0,0;-0,35;-0,21;0,0;0,0;-0,01;0,0;-0,03;0,0;0,0;0,0;0,0;0,0;0,0;0,0;0,0;0,0;-0,02;0,0;0,0;0,0;-0,02;0,0;0,0;0,0;-0,01;0,0;-0,07;0,0;-0,04;0,0;-0,01;0,0;-0,01;0,0;0,0;0,0;-0,01;0,0;-0,12;0,0;0,0;0,0;-0,01;0,0;0,0;0,0;-0,04;0,0
02.08.2026;14:45;15:00;1,51;0,73;-0,19;0,0;-0,01;0,0;0,0;0,0;-0,28;-0,14;0,0;0,0;-0,01;0,0;-0,02;0,0;-0,01;0,0;0,0;0,0;0,0;0,0;0,0;0,0;-0,03;0,0;0,0;0,0;-0,01;0,0;0,0;0,0;-0,05;0,0;-0,05;0,0;-0,03;0,0;-0,01;0,0;-0,01;0,0;-0,02;0,0;-0,01;0,0;-0,14;0,0;0,0;0,0;0,0;0,0;0,0;0,0;-0,04;0,0
02.08.2026;15:00;15:15;1,62;0,82;-0,19;0,0;-0,03;0,0;-0,01;0,0;-0,07;0,0;-0,06;0,0;0,0;0,0;-0,02;0,0;0,0;0,0;0,0;0,0;0,0;0,0;0,0;0,0;-0,02;0,0;0,0;0,0;-0,01;0,0;0,0;0,0;-0,04;0,0;-0,06;0,0;-0,03;0,0;-0,01;0,0;-0,01;0,0;-0,01;0,0;-0,01;0,0;-0,15;0,0;0,0;0,0;-0,02;0,0;-0,01;0,0;-0,04;0,0
02.08.2026;15:15;15:30;0,89;0,24;-0,19;0,0;-0,01;0,0;0,0;0,0;-0,05;0,0;-0,06;0,0;-0,01;0,0;-0,02;0,0;-0,01;0,0;0,0;0,0;-0,01;0,0;0,0;0,0;-0,01;0,0;0,0;0,0;-0,02;0,0;-0,01;0,0;-0,04;0,0;-0,06;0,0;-0,03;0,0;0,0;0,0;-0,01;0,0;0,0;0,0;-0,01;0,0;-0,09;-0,03;0,0;0,0;-0,01;0,0;0,0;0,0;-0,03;0,0
02.08.2026;15:30;15:45;0,0;0,0;-0,21;-0,21;-0,03;-0,03;0,0;0,0;-0,04;-0,04;0,0;0,0;-0,01;-0,01;-0,02;-0,02;-0,01;-0,01;0,0;0,0;0,0;0,0;0,0;0,0;-0,02;-0,02;-0,01;-0,01;-0,01;-0,01;0,0;0,0;-0,04;-0,04;-0,07;-0,07;-0,04;-0,04;-0,01;-0,01;-0,01;-0,01;-0,01;-0,01;-0,01;-0,01;-0,04;-0,04;-0,01;-0,01;-0,01;-0,01;-0,01;-0,01;-0,02;-0,02
02.08.2026;15:45;16:00;0,0;0,0;-0,4;-0,4;-0,01;-0,01;0,0;0,0;-0,04;-0,04;0,0;0,0;-0,01;-0,01;-0,04;-0,04;-0,01;-0,01;0,0;0,0;0,0;0,0;0,0;0,0;-0,02;-0,02;0,0;0,0;-0,01;-0,01;0,0;0,0;-0,04;-0,04;-0,08;-0,08;-0,03;-0,03;-0,01;-0,01;-0,01;-0,01;-0,01;-0,01;-0,01;-0,01;-0,03;-0,03;0,0;0,0;-0,01;-0,01;0,0;0,0;-0,02;-0,02
02.08.2026;16:00;16:15;0,7;0,2;-0,27;-0,14;-0,03;0,0;0,0;0,0;-0,05;-0,01;-0,01;0,0;-0,04;0,0;-0,04;0,0;0,0;0,0;0,0;0,0;0,0;0,0;0,0;0,0;-0,01;0,0;0,0;0,0;-0,01;0,0;0,0;0,0;-0,04;0,0;-0,07;-0,03;-0,02;0,0;0,0;0,0;-0,01;0,0;-0,01;0,0;-0,01;0,0;-0,03;0,0;0,0;0,0;-0,01;0,0;0,0;0,0;-0,02;0,0
02.08.2026;16:15;16:30;1,15;0,49;-0,23;0,0;-0,01;0,0;0,0;0,0;-0,02;0,0;0,0;0,0;-0,03;0,0;-0,05;0,0;-0,01;0,0;0,0;0,0;0,0;0,0;0,0;0,0;-0,02;0,0;0,0;0,0;-0,01;0,0;0,0;0,0;-0,42;-0,32;-0,07;0,0;-0,01;0,0;-0,01;0,0;-0,01;0,0;-0,01;0,0;-0,01;0,0;-0,03;0,0;0,0;0,0;-0,01;0,0;-0,01;0,0;-0,01;0,0
02.08.2026;16:30;16:45;1,02;0,43;-0,17;0,0;-0,02;0,0;0,0;0,0;-0,01;0,0;0,0;0,0;-0,04;0,0;-0,04;0,0;0,0;0,0;0,0;0,0;0,0;0,0;0,0;0,0;-0,02;0,0;0,0;0,0;-0,02;0,0;0,0;0,0;-0,18;-0,1;-0,08;0,0;-0,02;0,0;-0,01;0,0;-0,01;0,0;-0,01;0,0;0,0;0,0;-0,02;0,0;0,0;0,0;-0,01;0,0;-0,01;0,0;-0,02;0,0
02.08.2026;16:45;17:00;0,99;0,41;-0,16;0,0;-0,02;0,0;0,0;0,0;-0,02;0,0;0,0;0,0;-0,04;0,0;-0,04;0,0;-0,01;0,0;0,0;0,0;0,0;0,0;0,0;0,0;-0,02;0,0;0,0;0,0;-0,01;0,0;0,0;0,0;-0,2;-0,12;-0,07;0,0;-0,01;0,0;-0,01;0,0;0,0;0,0;-0,01;0,0;-0,02;0,0;-0,03;0,0;0,0;0,0;-0,01;0,0;0,0;0,0;-0,02;0,0
02.08.2026;17:00;17:15;0,97;0,42;-0,16;0,0;-0,02;0,0;0,0;0,0;-0,01;0,0;-0,01;0,0;-0,04;0,0;-0,03;0,0;-0,01;0,0;0,0;0,0;0,0;0,0;0,0;0,0;-0,01;0,0;0,0;0,0;0,0;0,0;0,0;0,0;-0,41;-0,33;-0,08;0,0;-0,01;0,0;-0,01;0,0;-0,02;0,0;0,0;0,0;-0,01;0,0;-0,02;0,0;0,0;0,0;-0,01;0,0;0,0;0,0;-0,02;0,0
02.08.2026;17:15;17:30;0,83;0,27;-0,17;0,0;-0,02;0,0;0,0;0,0;-0,02;0,0;0,0;0,0;-0,04;0,0;-0,02;0,0;0,0;0,0;0,0;0,0;0,0;0,0;0,0;0,0;-0,02;0,0;0,0;0,0;-0,02;0,0;0,0;0,0;-0,25;-0,19;-0,08;-0,02;-0,02;0,0;-0,01;0,0;-0,01;0,0;-0,01;0,0;-0,01;0,0;-0,02;0,0;0,0;0,0;-0,01;0,0;-0,01;0,0;-0,03;0,0
02.08.2026;17:30;17:45;0,71;0,22;-0,26;-0,11;-0,02;0,0;0,0;0,0;-0,01;0,0;0,0;0,0;-0,12;-0,08;-0,03;0,0;-0,01;0,0;0,0;0,0;0,0;0,0;0,0;0,0;-0,02;0,0;-0,01;0,0;-0,04;0,0;0,0;0,0;-0,05;-0,01;-0,07;-0,03;-0,01;0,0;0,0;0,0;0,0;0,0;-0,01;0,0;0,0;0,0;-0,01;0,0;-0,01;0,0;-0,01;0,0;-0,01;0,0;-0,02;0,0
02.08.2026;17:45;18:00;0,61;0,19;-0,24;-0,13;-0,02;0,0;0,0;0,0;-0,01;0,0;-0,04;-0,02;-0,19;-0,17;-0,02;0,0;0,0;0,0;0,0;0,0;-0,01;0,0;0,0;0,0;-0,01;0,0;0,0;0,0;-0,11;-0,09;-0,01;0,0;-0,05;-0,03;-0,09;-0,07;-0,02;0,0;-0,08;-0,06;-0,02;0,0;-0,01;0,0;-0,01;0,0;-0,02;0,0;0,0;0,0;-0,01;0,0;0,0;0,0;-0,02;0,0
02.08.2026;18:00;18:15;0,53;0,18;-0,18;-0,09;-0,02;0,0;0,0;0,0;-0,01;0,0;-0,09;-0,07;-0,08;-0,06;-0,03;-0,01;-0,01;0,0;0,0;0,0;0,0;0,0;0,0;0,0;-0,02;0,0;0,0;0,0;-0,01;0,0;0,0;0,0;-0,04;-0,02;-0,06;-0,04;-0,01;0,0;-0,06;-0,04;0,0;0,0;-0,01;0,0;-0,01;0,0;-0,09;-0,07;0,0;0,0;-0,01;0,0;0,0;0,0;-0,01;0,0
02.08.2026;18:15;18:30;0,32;0,1;-0,2;-0,18;-0,02;-0,01;-0,01;0,0;-0,01;0,0;-0,1;-0,09;-0,04;-0,03;-0,02;-0,01;-0,01;0,0;0,0;0,0;0,0;0,0;0,0;0,0;-0,15;-0,14;0,0;0,0;-0,01;0,0;0,0;0,0;-0,03;-0,02;-0,07;-0,06;-0,01;0,0;-0,06;-0,05;-0,01;0,0;-0,01;0,0;-0,02;-0,01;-0,1;-0,09;0,0;0,0;-0,01;0,0;-0,01;0,0;-0,02;-0,01
02.08.2026;18:30;18:45;0,18;0,13;-0,18;-0,13;-0,02;-0,02;0,0;0,0;-0,02;-0,02;-0,11;-0,11;-0,04;-0,04;-0,03;-0,03;-0,01;-0,01;0,0;0,0;0,0;0,0;0,0;0,0;-0,48;-0,48;0,0;0,0;-0,02;-0,02;0,0;0,0;-0,05;-0,05;-0,06;-0,06;-0,02;-0,02;-0,06;-0,06;-0,01;-0,01;-0,01;-0,01;-0,01;-0,01;-0,1;-0,1;0,0;0,0;-0,01;-0,01;-0,01;-0,01;-0,05;-0,05
02.08.2026;18:45;19:00;0,23;0,17;-0,27;-0,21;-0,02;-0,02;0,0;0,0;-0,01;-0,01;-0,1;-0,1;-0,03;-0,03;-0,02;-0,02;0,0;0,0;0,0;0,0;0,0;0,0;0,0;0,0;-0,09;-0,09;0,0;0,0;-0,02;-0,02;0,0;0,0;-0,04;-0,04;-0,13;-0,13;-0,04;-0,04;-0,05;-0,05;-0,01;-0,01;-0,01;-0,01;0,0;0,0;-0,08;-0,08;0,0;0,0;-0,01;-0,01;0,0;0,0;-0,05;-0,05
02.08.2026;19:00;19:15;0,15;0,11;-0,21;-0,17;-0,02;-0,02;0,0;0,0;-0,02;-0,02;-0,1;-0,1;-0,04;-0,04;-0,02;-0,02;-0,01;-0,01;-0,01;-0,01;0,0;0,0;-0,01;-0,01;-0,03;-0,03;0,0;0,0;-0,01;-0,01;0,0;0,0;-0,04;-0,04;-0,08;-0,08;-0,04;-0,04;-0,06;-0,06;-0,01;-0,01;0,0;0,0;-0,01;-0,01;-0,1;-0,1;0,0;0,0;-0,01;-0,01;0,0;0,0;-0,02;-0,02
02.08.2026;19:15;19:30;0,0;0,0;-0,18;-0,18;-0,02;-0,02;0,0;0,0;-0,01;-0,01;-0,1;-0,1;-0,03;-0,03;-0,03;-0,03;-0,01;-0,01;0,0;0,0;0,0;0,0;0,0;0,0;-0,08;-0,08;0,0;0,0;-0,01;-0,01;0,0;0,0;-0,05;-0,05;-0,1;-0,1;-0,12;-0,12;-0,05;-0,05;-0,01;-0,01;-0,02;-0,02;-0,01;-0,01;-0,1;-0,1;0,0;0,0;-0,01;-0,01;-0,01;-0,01;-0,03;-0,03
02.08.2026;19:30;19:45;0,0;0,0;-0,17;-0,17;-0,01;-0,01;0,0;0,0;0,0;0,0;-0,1;-0,1;-0,14;-0,14;-0,02;-0,02;0,0;0,0;0,0;0,0;0,0;0,0;0,0;0,0;-0,03;-0,03;0,0;0,0;-0,01;-0,01;0,0;0,0;-0,04;-0,04;-0,08;-0,08;-0,23;-0,23;-0,04;-0,04;-0,01;-0,01;-0,01;-0,01;-0,01;-0,01;-0,2;-0,2;-0,01;-0,01;-0,01;-0,01;0,0;0,0;-0,02;-0,02
02.08.2026;19:45;20:00;0,0;0,0;-0,18;-0,18;-0,03;-0,03;0,0;0,0;-0,02;-0,02;-0,1;-0,1;-0,04;-0,04;-0,02;-0,02;-0,01;-0,01;0,0;0,0;0,0;0,0;0,0;0,0;-0,04;-0,04;0,0;0,0;-0,02;-0,02;0,0;0,0;-0,05;-0,05;-0,09;-0,09;-0,11;-0,11;-0,02;-0,02;-0,01;-0,01;0,0;0,0;-0,02;-0,02;-0,29;-0,29;0,0;0,0;-0,01;-0,01;-0,01;-0,01;-0,02;-0,02
02.08.2026;20:00;20:15;0,03;0,03;-0,26;-0,26;-0,02;-0,02;0,0;0,0;-0,01;-0,01;-0,1;-0,1;-0,05;-0,05;-0,03;-0,03;0,0;0,0;0,0;0,0;0,0;0,0;0,0;0,0;-0,04;-0,04;-0,01;-0,01;-0,01;-0,01;0,0;0,0;-0,04;-0,04;-0,07;-0,07;-0,07;-0,07;-0,03;-0,03;-0,01;-0,01;-0,01;-0,01;-0,01;-0,01;-0,27;-0,27;0,0;0,0;-0,01;-0,01;0,0;0,0;-0,02;-0,02
02.08.2026;20:15;20:30;0,01;0,01;-0,16;-0,16;-0,12;-0,12;0,0;0,0;-0,02;-0,02;-0,11;-0,11;-0,03;-0,03;-0,02;-0,02;-0,01;-0,01;0,0;0,0;-0,01;-0,01;0,0;0,0;-0,03;-0,03;0,0;0,0;-0,01;-0,01;-0,01;-0,01;-0,04;-0,04;-0,07;-0,07;-0,05;-0,05;-0,03;-0,03;-0,01;-0,01;-0,01;-0,01;-0,01;-0,01;-0,25;-0,25;0,0;0,0;-0,01;-0,01;0,0;0,0;-0,03;-0,03
02.08.2026;20:30;20:45;0,01;0,01;-0,16;-0,16;-0,03;-0,03;0,0;0,0;-0,01;-0,01;-0,1;-0,1;-0,04;-0,04;-0,02;-0,02;-0,01;-0,01;0,0;0,0;0,0;0,0;0,0;0,0;-0,02;-0,02;0,0;0,0;-0,02;-0,02;0,0;0,0;-0,05;-0,05;-0,07;-0,07;-0,05;-0,05;-0,04;-0,04;-0,01;-0,01;-0,01;-0,01;0,0;0,0;-0,21;-0,21;0,0;0,0;-0,01;-0,01;-0,01;-0,01;-0,02;-0,02
02.08.2026;20:45;21:00;0,0;0,0;-0,2;-0,2;-0,03;-0,03;0,0;0,0;-0,01;-0,01;-0,1;-0,1;-0,03;-0,03;-0,01;-0,01;0,0;0,0;0,0;0,0;0,0;0,0;0,0;0,0;-0,03;-0,03;0,0;0,0;-0,01;-0,01;0,0;0,0;-0,03;-0,03;-0,07;-0,07;-0,04;-0,04;-0,17;-0,17;0,0;0,0;-0,01;-0,01;-0,01;-0,01;-0,21;-0,21;0,0;0,0;-0,01;-0,01;-0,01;-0,01;-0,02;-0,02
02.08.2026;21:00;21:15;0,0;0,0;-0,2;-0,2;-0,03;-0,03;0,0;0,0;-0,04;-0,04;-0,09;-0,09;-0,03;-0,03;-0,01;-0,01;-0,01;-0,01;0,0;0,0;0,0;0,0;0,0;0,0;-0,02;-0,02;0,0;0,0;-0,01;-0,01;0,0;0,0;-0,05;-0,05;-0,05;-0,05;-0,04;-0,04;-0,19;-0,19;-0,02;-0,02;-0,01;-0,01;-0,01;-0,01;-0,18;-0,18;0,0;0,0;-0,01;-0,01;0,0;0,0;-0,02;-0,02
02.08.2026;21:15;21:30;0,0;0,0;-0,21;-0,21;-0,03;-0,03;0,0;0,0;-0,05;-0,05;-0,1;-0,1;-0,02;-0,02;-0,02;-0,02;0,0;0,0;0,0;0,0;0,0;0,0;0,0;0,0;-0,02;-0,02;0,0;0,0;-0,02;-0,02;0,0;0,0;-0,06;-0,06;-0,04;-0,04;-0,02;-0,02;-0,05;-0,05;0,0;0,0;-0,01;-0,01;-0,02;-0,02;-0,11;-0,11;0,0;0,0;-0,01;-0,01;0,0;0,0;-0,02;-0,02
02.08.2026;21:30;21:45;0,0;0,0;-0,27;-0,27;-0,03;-0,03;-0,01;-0,01;-0,05;-0,05;-0,1;-0,1;-0,02;-0,02;-0,08;-0,08;-0,01;-0,01;0,0;0,0;0,0;0,0;0,0;0,0;-0,01;-0,01;0,0;0,0;-0,01;-0,01;0,0;0,0;-0,06;-0,06;-0,04;-0,04;-0,03;-0,03;-0,05;-0,05;-0,01;-0,01;-0,01;-0,01;0,0;0,0;-0,12;-0,12;-0,01;-0,01;-0,01;-0,01;-0,01;-0,01;-0,03;-0,03
02.08.2026;21:45;22:00;0,0;0,0;-0,17;-0,17;-0,03;-0,03;0,0;0,0;-0,05;-0,05;-0,1;-0,1;-0,01;-0,01;-0,06;-0,06;-0,01;-0,01;0,0;0,0;0,0;0,0;0,0;0,0;-0,02;-0,02;0,0;0,0;-0,02;-0,02;0,0;0,0;-0,05;-0,05;-0,04;-0,04;-0,03;-0,03;-0,02;-0,02;-0,02;-0,02;0,0;0,0;-0,01;-0,01;-0,1;-0,1;0,0;0,0;-0,01;-0,01;0,0;0,0;-0,02;-0,02
02.08.2026;22:00;22:15;0,0;0,0;-0,19;-0,19;-0,02;-0,02;0,0;0,0;-0,03;-0,03;-0,1;-0,1;-0,01;-0,01;-0,04;-0,04;-0,01;-0,01;0,0;0,0;0,0;0,0;0,0;0,0;-0,02;-0,02;-0,01;-0,01;-0,01;-0,01;0,0;0,0;-0,05;-0,05;-0,06;-0,06;-0,04;-0,04;-0,01;-0,01;0,0;0,0;-0,02;-0,02;-0,01;-0,01;-0,09;-0,09;0,0;0,0;-0,01;-0,01;-0,01;-0,01;-0,01;-0,01
02.08.2026;22:15;22:30;0,0;0,0;-0,17;-0,17;-0,02;-0,02;0,0;0,0;-0,01;-0,01;-0,1;-0,1;-0,01;-0,01;-0,03;-0,03;0,0;0,0;0,0;0,0;0,0;0,0;0,0;0,0;-0,02;-0,02;0,0;0,0;-0,01;-0,01;0,0;0,0;-0,32;-0,32;-0,04;-0,04;-0,02;-0,02;-0,01;-0,01;-0,01;-0,01;-0,01;-0,01;-0,01;-0,01;-0,07;-0,07;0,0;0,0;-0,01;-0,01;0,0;0,0;-0,02;-0,02
02.08.2026;22:30;22:45;0,0;0,0;-0,17;-0,17;-0,03;-0,03;0,0;0,0;-0,01;-0,01;-0,1;-0,1;-0,01;-0,01;-0,02;-0,02;-0,01;-0,01;0,0;0,0;0,0;0,0;0,0;0,0;-0,02;-0,02;0,0;0,0;-0,02;-0,02;0,0;0,0;-0,21;-0,21;-0,05;-0,05;-0,01;-0,01;-0,01;-0,01;-0,01;-0,01;0,0;0,0;-0,01;-0,01;-0,04;-0,04;0,0;0,0;-0,01;-0,01;-0,01;-0,01;-0,01;-0,01
02.08.2026;22:45;23:00;0,0;0,0;-0,17;-0,17;-0,03;-0,03;0,0;0,0;-0,01;-0,01;-0,1;-0,1;-0,01;-0,01;-0,03;-0,03;0,0;0,0;0,0;0,0;-0,01;-0,01;0,0;0,0;-0,02;-0,02;0,0;0,0;-0,01;-0,01;-0,01;-0,01;-0,11;-0,11;-0,05;-0,05;-0,02;-0,02;-0,02;-0,02;-0,01;-0,01;-0,01;-0,01;-0,01;-0,01;-0,05;-0,05;0,0;0,0;-0,01;-0,01;0,0;0,0;-0,02;-0,02
02.08.2026;23:00;23:15;0,0;0,0;-0,2;-0,2;-0,02;-0,02;0,0;0,0;-0,01;-0,01;-0,09;-0,09;-0,01;-0,01;-0,02;-0,02;-0,01;-0,01;0,0;0,0;0,0;0,0;0,0;0,0;-0,02;-0,02;0,0;0,0;-0,01;-0,01;0,0;0,0;-0,06;-0,06;-0,05;-0,05;-0,02;-0,02;-0,01;-0,01;-0,01;-0,01;-0,01;-0,01;-0,01;-0,01;-0,06;-0,06;0,0;0,0;-0,01;-0,01;-0,01;-0,01;-0,03;-0,03
02.08.2026;23:15;23:30;0,0;0,0;-0,18;-0,18;-0,03;-0,03;0,0;0,0;-0,02;-0,02;-0,1;-0,1;-0,02;-0,02;-0,02;-0,02;-0,01;-0,01;0,0;0,0;0,0;0,0;0,0;0,0;-0,02;-0,02;0,0;0,0;-0,02;-0,02;0,0;0,0;-0,02;-0,02;-0,04;-0,04;-0,01;-0,01;-0,01;-0,01;-0,01;-0,01;-0,01;-0,01;-0,01;-0,01;-0,06;-0,06;0,0;0,0;-0,01;-0,01;0,0;0,0;-0,02;-0,02
02.08.2026;23:30;23:45;0,0;0,0;-0,16;-0,16;-0,02;-0,02;0,0;0,0;-0,02;-0,02;-0,11;-0,11;-0,01;-0,01;-0,02;-0,02;0,0;0,0;0,0;0,0;0,0;0,0;0,0;0,0;-0,01;-0,01;0,0;0,0;-0,01;-0,01;0,0;0,0;-0,02;-0,02;-0,05;-0,05;-0,01;-0,01;0,0;0,0;-0,01;-0,01;-0,01;-0,01;-0,01;-0,01;-0,02;-0,02;-0,01;-0,01;-0,01;-0,01;-0,01;-0,01;-0,02;-0,02
02.08.2026;23:45;00:00;0,0;0,0;-0,2;-0,2;-0,02;-0,02;0,0;0,0;-0,01;-0,01;-0,11;-0,11;-0,01;-0,01;-0,02;-0,02;-0,01;-0,01;0,0;0,0;0,0;0,0;0,0;0,0;-0,02;-0,02;0,0;0,0;-0,01;-0,01;0,0;0,0;-0,03;-0,03;-0,04;-0,04;-0,02;-0,02;-0,01;-0,01;-0,01;-0,01;-0,01;-0,01;-0,01;-0,01;-0,01;-0,01;0,0;0,0;-0,01;-0,01;0,0;0,0;-0,02;-0,02
03.08.2026;00:00;00:15;0,0;0,0;-0,2;-0,2;-0,03;-0,03;0,0;0,0;0,0;0,0;-0,12;-0,12;-0,01;-0,01;-0,02;-0,02;0,0;0,0;-0,01;-0,01;0,0;0,0;-0,01;-0,01;-0,01;-0,01;-0,01;-0,01;-0,09;-0,09;0,0;0,0;-0,02;-0,02;-0,05;-0,05;-0,01;-0,01;-0,01;-0,01;0,0;0,0;-0,01;-0,01;-0,01;-0,01;-0,03;-0,03;0,0;0,0;-0,01;-0,01;0,0;0,0;-0,02;-0,02
03.08.2026;00:15;00:30;0,0;0,0;-0,25;-0,25;-0,06;-0,06;0,0;0,0;-0,02;-0,02;-0,12;-0,12;-0,01;-0,01;-0,02;-0,02;-0,01;-0,01;0,0;0,0;0,0;0,0;0,0;0,0;-0,02;-0,02;0,0;0,0;-0,04;-0,04;0,0;0,0;-0,02;-0,02;-0,04;-0,04;-0,02;-0,02;-0,01;-0,01;-0,02;-0,02;0,0;0,0;-0,01;-0,01;-0,02;-0,02;0,0;0,0;-0,01;-0,01;-0,01;-0,01;-0,01;-0,01
03.08.2026;00:30;00:45;0,0;0,0;-0,17;-0,17;-0,04;-0,04;0,0;0,0;-0,01;-0,01;-0,11;-0,11;-0,01;-0,01;-0,01;-0,01;-0,01;-0,01;0,0;0,0;0,0;0,0;0,0;0,0;0,0;0,0;0,0;0,0;-0,06;-0,06;0,0;0,0;-0,02;-0,02;-0,03;-0,03;-0,01;-0,01;-0,02;-0,02;-0,01;-0,01;-0,01;-0,01;-0,01;-0,01;-0,01;-0,01;0,0;0,0;-0,01;-0,01;0,0;0,0;-0,02;-0,02
03.08.2026;00:45;01:00;0,0;0,0;-0,26;-0,26;-0,02;-0,02;0,0;0,0;-0,02;-0,02;-0,12;-0,12;-0,01;-0,01;-0,01;-0,01;-0,01;-0,01;0,0;0,0;0,0;0,0;0,0;0,0;-0,01;-0,01;0,0;0,0;-0,05;-0,05;0,0;0,0;-0,02;-0,02;-0,03;-0,03;-0,01;-0,01;-0,01;-0,01;0,0;0,0;-0,02;-0,02;-0,01;-0,01;-0,1;-0,1;0,0;0,0;0,0;0,0;-0,01;-0,01;-0,02;-0,02
03.08.2026;01:00;01:15;0,0;0,0;-0,16;-0,16;-0,03;-0,03;-0,01;-0,01;-0,01;-0,01;-0,11;-0,11;-0,01;-0,01;-0,03;-0,03;0,0;0,0;0,0;0,0;0,0;0,0;0,0;0,0;0,0;0,0;0,0;0,0;-0,04;-0,04;0,0;0,0;-0,02;-0,02;-0,02;-0,02;-0,02;-0,02;-0,01;-0,01;-0,01;-0,01;0,0;0,0;-0,01;-0,01;-0,07;-0,07;0,0;0,0;-0,02;-0,02;0,0;0,0;-0,03;-0,03
03.08.2026;01:15;01:30;0,0;0,0;-0,16;-0,16;-0,04;-0,04;0,0;0,0;-0,02;-0,02;-0,11;-0,11;-0,01;-0,01;-0,02;-0,02;-0,01;-0,01;0,0;0,0;-0,01;-0,01;0,0;0,0;0,0;0,0;0,0;0,0;-0,03;-0,03;-0,01;-0,01;-0,03;-0,03;-0,01;-0,01;-0,01;-0,01;0,0;0,0;-0,01;-0,01;-0,01;-0,01;-0,01;-0,01;-0,03;-0,03;0,0;0,0;-0,04;-0,04;-0,01;-0,01;-0,02;-0,02
03.08.2026;01:30;01:45;0,0;0,0;-0,22;-0,22;-0,02;-0,02;0,0;0,0;-0,03;-0,03;-0,12;-0,12;-0,01;-0,01;-0,02;-0,02;-0,01;-0,01;0,0;0,0;0,0;0,0;0,0;0,0;-0,01;-0,01;0,0;0,0;-0,03;-0,03;0,0;0,0;-0,02;-0,02;-0,02;-0,02;-0,01;-0,01;-0,01;-0,01;-0,01;-0,01;-0,01;-0,01;0,0;0,0;-0,01;-0,01;-0,01;-0,01;-0,02;-0,02;0,0;0,0;-0,03;-0,03
03.08.2026;01:45;02:00;0,0;0,0;-0,2;-0,2;-0,02;-0,02;0,0;0,0;-0,04;-0,04;-0,1;-0,1;-0,01;-0,01;-0,01;-0,01;0,0;0,0;0,0;0,0;0,0;0,0;0,0;0,0;-0,02;-0,02;0,0;0,0;-0,02;-0,02;0,0;0,0;-0,02;-0,02;-0,02;-0,02;-0,01;-0,01;-0,01;-0,01;-0,01;-0,01;-0,01;-0,01;-0,02;-0,02;-0,02;-0,02;0,0;0,0;-0,02;-0,02;-0,01;-0,01;-0,02;-0,02
03.08.2026;02:00;02:15;0,0;0,0;-0,16;-0,16;-0,02;-0,02;0,0;0,0;-0,03;-0,03;-0,12;-0,12;-0,01;-0,01;-0,02;-0,02;-0,01;-0,01;0,0;0,0;0,0;0,0;0,0;0,0;-0,01;-0,01;-0,01;-0,01;-0,34;-0,34;0,0;0,0;-0,01;-0,01;-0,03;-0,03;-0,01;-0,01;-0,01;-0,01;-0,01;-0,01;-0,01;-0,01;-0,01;-0,01;-0,01;-0,01;0,0;0,0;-0,01;-0,01;0,0;0,0;-0,01;-0,01
03.08.2026;02:15;02:30;0,0;0,0;-0,21;-0,21;-0,02;-0,02;0,0;0,0;-0,02;-0,02;-0,11;-0,11;-0,01;-0,01;-0,02;-0,02;0,0;0,0;0,0;0,0;0,0;0,0;0,0;0,0;-0,02;-0,02;0,0;0,0;-0,04;-0,04;0,0;0,0;-0,01;-0,01;-0,02;-0,02;-0,02;-0,02;0,0;0,0;-0,01;-0,01;0,0;0,0;-0,01;-0,01;-0,02;-0,02;0,0;0,0;-0,01;-0,01;0,0;0,0;-0,02;-0,02
03.08.2026;02:30;02:45;0,0;0,0;-0,16;-0,16;-0,03;-0,03;0,0;0,0;-0,02;-0,02;-0,11;-0,11;-0,01;-0,01;-0,02;-0,02;-0,01;-0,01;0,0;0,0;0,0;0,0;0,0;0,0;0,0;0,0;0,0;0,0;-0,02;-0,02;0,0;0,0;-0,01;-0,01;-0,02;-0,02;-0,01;-0,01;-0,02;-0,02;-0,01;-0,01;-0,02;-0,02;0,0;0,0;-0,01;-0,01;0,0;0,0;-0,01;-0,01;-0,01;-0,01;-0,02;-0,02
03.08.2026;02:45;03:00;0,0;0,0;-0,17;-0,17;-0,02;-0,02;0,0;0,0;-0,02;-0,02;-0,06;-0,06;-0,01;-0,01;-0,02;-0,02;-0,01;-0,01;0,0;0,0;0,0;0,0;0,0;0,0;-0,01;-0,01;0,0;0,0;-0,02;-0,02;0,0;0,0;-0,01;-0,01;-0,02;-0,02;-0,01;-0,01;-0,01;-0,01;0,0;0,0;0,0;0,0;-0,01;-0,01;-0,01;-0,01;0,0;0,0;-0,01;-0,01;-0,01;-0,01;-0,03;-0,03
03.08.2026;03:00;03:15;0,0;0,0;-0,16;-0,16;-0,02;-0,02;0,0;0,0;-0,01;-0,01;-0,01;-0,01;0,0;0,0;-0,02;-0,02;0,0;0,0;0,0;0,0;0,0;0,0;0,0;0,0;-0,01;-0,01;0,0;0,0;-0,26;-0,26;0,0;0,0;-0,01;-0,01;-0,02;-0,02;-0,02;-0,02;-0,01;-0,01;-0,02;-0,02;-0,01;-0,01;-0,01;-0,01;-0,02;-0,02;0,0;0,0;-0,01;-0,01;0,0;0,0;-0,02;-0,02
03.08.2026;03:15;03:30;0,0;0,0;-0,16;-0,16;-0,02;-0,02;0,0;0,0;-0,02;-0,02;0,0;0,0;-0,02;-0,02;-0,02;-0,02;-0,01;-0,01;0,0;0,0;0,0;0,0;0,0;0,0;-0,02;-0,02;0,0;0,0;-0,02;-0,02;0,0;0,0;-0,01;-0,01;-0,01;-0,01;-0,01;-0,01;-0,01;-0,01;-0,01;-0,01;-0,01;-0,01;-0,02;-0,02;-0,01;-0,01;0,0;0,0;-0,01;-0,01;0,0;0,0;-0,02;-0,02
03.08.2026;03:30;03:45;0,0;0,0;-0,16;-0,16;-0,02;-0,02;0,0;0,0;-0,01;-0,01;-0,01;-0,01;0,0;0,0;-0,02;-0,02;-0,01;-0,01;0,0;0,0;0,0;0,0;0,0;0,0;-0,01;-0,01;0,0;0,0;-0,01;-0,01;0,0;0,0;-0,03;-0,03;-0,01;-0,01;-0,01;-0,01;-0,01;-0,01;0,0;0,0;-0,01;-0,01;-0,01;-0,01;-0,02;-0,02;-0,01;-0,01;-0,01;-0,01;-0,01;-0,01;-0,02;-0,02
03.08.2026;03:45;04:00;0,0;0,0;-0,17;-0,17;-0,01;-0,01;0,0;0,0;-0,01;-0,01;-0,01;-0,01;-0,02;-0,02;-0,02;-0,02;0,0;0,0;0,0;0,0;-0,01;-0,01;0,0;0,0;0,0;0,0;0,0;0,0;-0,02;-0,02;-0,01;-0,01;-0,02;-0,02;-0,02;-0,02;-0,02;-0,02;-0,01;-0,01;-0,02;-0,02;-0,01;-0,01;0,0;0,0;-0,01;-0,01;0,0;0,0;-0,01;-0,01;-0,01;-0,01;-0,02;-0,02
03.08.2026;04:00;04:15;0,0;0,0;-0,15;-0,15;-0,03;-0,03;0,0;0,0;-0,02;-0,02;0,0;0,0;0,0;0,0;-0,02;-0,02;-0,01;-0,01;0,0;0,0;0,0;0,0;0,0;0,0;-0,01;-0,01;-0,01;-0,01;-0,01;-0,01;0,0;0,0;-0,02;-0,02;-0,01;-0,01;-0,01;-0,01;-0,01;-0,01;0,0;0,0;-0,01;-0,01;-0,01;-0,01;-0,02;-0,02;0,0;0,0;-0,01;-0,01;0,0;0,0;-0,01;-0,01
03.08.2026;04:15;04:30;0,0;0,0;-0,17;-0,17;-0,02;-0,02;-0,01;-0,01;-0,01;-0,01;-0,01;-0,01;-0,01;-0,01;0,0;0,0;-0,01;-0,01;0,0;0,0;0,0;0,0;0,0;0,0;-0,02;-0,02;0,0;0,0;-0,01;-0,01;0,0;0,0;-0,02;-0,02;-0,02;-0,02;-0,01;-0,01;0,0;0,0;-0,01;-0,01;-0,01;-0,01;-0,01;-0,01;-0,01;-0,01;0,0;0,0;-0,01;-0,01;0,0;0,0;-0,03;-0,03
03.08.2026;04:30;04:45;0,0;0,0;-0,16;-0,16;-0,01;-0,01;0,0;0,0;-0,02;-0,02;-0,01;-0,01;-0,01;-0,01;-0,01;-0,01;0,0;0,0;0,0;0,0;0,0;0,0;0,0;0,0;-0,02;-0,02;0,0;0,0;-0,02;-0,02;0,0;0,0;-0,03;-0,03;-0,03;-0,03;-0,01;-0,01;-0,01;-0,01;-0,01;-0,01;0,0;0,0;-0,01;-0,01;-0,01;-0,01;0,0;0,0;-0,01;-0,01;-0,01;-0,01;-0,02;-0,02
03.08.2026;04:45;05:00;0,0;0,0;-0,16;-0,16;-0,02;-0,02;0,0;0,0;-0,01;-0,01;0,0;0,0;-0,01;-0,01;-0,02;-0,02;-0,01;-0,01;0,0;0,0;0,0;0,0;0,0;0,0;0,0;0,0;0,0;0,0;-0,01;-0,01;0,0;0,0;-0,02;-0,02;-0,02;-0,02;-0,02;-0,02;-0,01;-0,01;-0,01;-0,01;-0,01;-0,01;-0,01;-0,01;-0,02;-0,02;0,0;0,0;-0,01;-0,01;0,0;0,0;-0,02;-0,02
03.08.2026;05:00;05:15;0,0;0,0;-0,16;-0,16;-0,02;-0,02;0,0;0,0;-0,01;-0,01;-0,01;-0,01;-0,01;-0,01;-0,02;-0,02;0,0;0,0;-0,01;-0,01;0,0;0,0;-0,01;-0,01;0,0;0,0;0,0;0,0;-0,01;-0,01;0,0;0,0;-0,02;-0,02;-0,02;-0,02;-0,01;-0,01;-0,02;-0,02;-0,01;-0,01;-0,01;-0,01;-0,01;-0,01;-0,01;-0,01;0,0;0,0;-0,01;-0,01;-0,01;-0,01;-0,03;-0,03
03.08.2026;05:15;05:30;0,0;0,0;-0,26;-0,26;-0,02;-0,02;0,0;0,0;-0,01;-0,01;0,0;0,0;-0,01;-0,01;-0,02;-0,02;-0,01;-0,01;0,0;0,0;0,0;0,0;0,0;0,0;-0,01;-0,01;0,0;0,0;-0,02;-0,02;0,0;0,0;-0,02;-0,02;-0,14;-0,14;-0,02;-0,02;-0,01;-0,01;-0,01;-0,01;-0,01;-0,01;-0,01;-0,01;-0,02;-0,02;0,0;0,0;-0,01;-0,01;0,0;0,0;-0,02;-0,02
03.08.2026;05:30;05:45;0,0;0,0;-0,24;-0,24;-0,02;-0,02;0,0;0,0;-0,02;-0,02;-0,01;-0,01;-0,01;-0,01;-0,02;-0,02;-0,01;-0,01;0,0;0,0;0,0;0,0;0,0;0,0;-0,02;-0,02;0,0;0,0;-0,01;-0,01;0,0;0,0;-0,02;-0,02;-0,02;-0,02;-0,02;-0,02;-0,01;-0,01;0,0;0,0;0,0;0,0;-0,01;-0,01;-0,01;-0,01;-0,01;-0,01;-0,01;-0,01;0,0;0,0;-0,01;-0,01
03.08.2026;05:45;06:00;0,01;0,01;-0,28;-0,28;-0,02;-0,02;0,0;0,0;-0,01;-0,01;-0,01;-0,01;0,0;0,0;-0,02;-0,02;0,0;0,0;0,0;0,0;0,0;0,0;0,0;0,0;-0,02;-0,02;0,0;0,0;-0,01;-0,01;0,0;0,0;-0,01;-0,01;-0,03;-0,03;-0,01;-0,01;-0,01;-0,01;-0,02;-0,02;-0,02;-0,02;-0,01;-0,01;-0,02;-0,02;0,0;0,0;-0,01;-0,01;-0,01;-0,01;-0,02;-0,02
03.08.2026;06:00;06:15;0,02;0,02;-0,16;-0,16;-0,02;-0,02;0,0;0,0;-0,02;-0,02;0,0;0,0;-0,02;-0,02;-0,02;-0,02;-0,01;-0,01;0,0;0,0;0,0;0,0;0,0;0,0;0,0;0,0;-0,01;-0,01;-0,01;-0,01;0,0;0,0;-0,01;-0,01;-0,02;-0,02;-0,01;-0,01;-0,01;-0,01;0,0;0,0;-0,01;-0,01;-0,01;-0,01;-0,01;-0,01;0,0;0,0;-0,01;-0,01;-0,01;-0,01;-0,02;-0,02
03.08.2026;06:15;06:30;0,04;0,04;-0,17;-0,17;-0,11;-0,11;0,0;0,0;0,0;0,0;-0,01;-0,01;-0,01;-0,01;-0,02;-0,02;0,0;0,0;0,0;0,0;-0,01;-0,01;0,0;0,0;0,0;0,0;0,0;0,0;-0,01;-0,01;-0,01;-0,01;-0,01;-0,01;-0,01;-0,01;-0,01;-0,01;0,0;0,0;-0,01;-0,01;0,0;0,0;-0,01;-0,01;-0,02;-0,02;0,0;0,0;-0,01;-0,01;0,0;0,0;-0,02;-0,02
03.08.2026;06:30;06:45;0,07;0,07;-0,16;-0,16;-0,13;-0,13;0,0;0,0;-0,01;-0,01;-0,01;-0,01;-0,01;-0,01;-0,02;-0,02;-0,01;-0,01;0,0;0,0;0,0;0,0;0,0;0,0;-0,02;-0,02;0,0;0,0;-0,02;-0,02;0,0;0,0;0,0;0,0;-0,01;-0,01;-0,01;-0,01;-0,01;-0,01;-0,01;-0,01;-0,01;-0,01;-0,01;-0,01;-0,01;-0,01;0,0;0,0;-0,01;-0,01;0,0;0,0;-0,03;-0,03
03.08.2026;06:45;07:00;0,15;0,11;-0,18;-0,14;-0,01;-0,01;0,0;0,0;-0,02;-0,02;0,0;0,0;-0,02;-0,02;-0,02;-0,02;0,0;0,0;0,0;0,0;0,0;0,0;0,0;0,0;-0,03;-0,03;0,0;0,0;-0,01;-0,01;0,0;0,0;-0,02;-0,02;-0,01;-0,01;-0,01;-0,01;-0,01;-0,01;-0,01;-0,01;-0,01;-0,01;-0,01;-0,01;-0,02;-0,02;0,0;0,0;-0,01;-0,01;-0,01;-0,01;-0,02;-0,02
03.08.2026;07:00;07:15;0,22;0,17;-0,18;-0,13;-0,02;-0,02;0,0;0,0;-0,01;-0,01;-0,01;-0,01;-0,01;-0,01;-0,01;-0,01;-0,01;-0,01;0,0;0,0;0,0;0,0;0,0;0,0;-0,02;-0,02;0,0;0,0;-0,01;-0,01;0,0;0,0;-0,01;-0,01;-0,02;-0,02;-0,02;-0,02;-0,02;-0,02;-0,01;-0,01;-0,01;-0,01;-0,01;-0,01;-0,01;-0,01;0,0;0,0;-0,01;-0,01;-0,01;-0,01;-0,04;-0,04
03.08.2026;07:15;07:30;0,36;0,14;-0,23;-0,16;-0,04;-0,03;0,0;0,0;-0,03;-0,02;0,0;0,0;-0,01;0,0;-0,02;-0,01;-0,01;0,0;0,0;0,0;0,0;0,0;0,0;0,0;-0,02;-0,01;0,0;0,0;-0,01;0,0;0,0;0,0;-0,02;-0,01;-0,02;-0,01;-0,01;0,0;-0,01;0,0;-0,01;0,0;0,0;0,0;0,0;0,0;-0,02;-0,01;0,0;0,0;-0,01;0,0;0,0;0,0;-0,04;-0,03
03.08.2026;07:30;07:45;0,45;0,17;-0,23;-0,15;-0,02;-0,01;-0,01;0,0;-0,45;-0,44;-0,01;0,0;-0,02;-0,01;-0,02;-0,01;-0,01;0,0;0,0;0,0;0,0;0,0;0,0;0,0;-0,02;-0,01;0,0;0,0;-0,01;0,0;0,0;0,0;-0,01;0,0;-0,02;-0,01;-0,01;0,0;-0,01;0,0;-0,01;0,0;-0,02;-0,01;-0,01;0,0;-0,01;0,0;-0,01;0,0;-0,01;0,0;0,0;0,0;-0,05;-0,04
03.08.2026;07:45;08:00;0,55;0,2;-0,24;-0,13;-0,04;-0,02;0,0;0,0;-0,15;-0,13;-0,01;0,0;-0,01;0,0;-0,02;0,0;0,0;0,0;0,0;0,0;0,0;0,0;0,0;0,0;-0,03;-0,01;0,0;0,0;-0,02;0,0;0,0;0,0;-0,01;0,0;-0,03;-0,01;-0,01;0,0;0,0;0,0;-0,01;0,0;0,0;0,0;-0,01;0,0;-0,02;0,0;0,0;0,0;-0,01;0,0;-0,01;0,0;-0,04;-0,02
03.08.2026;08:00;08:15;0,14;0,11;-0,18;-0,15;-0,02;-0,02;0,0;0,0;-0,44;-0,44;0,0;0,0;-0,01;-0,01;-0,02;-0,02;-0,01;-0,01;0,0;0,0;0,0;0,0;0,0;0,0;-0,04;-0,04;-0,01;-0,01;-0,01;-0,01;0,0;0,0;-0,02;-0,02;-0,02;-0,02;-0,02;-0,02;-0,01;-0,01;-0,01;-0,01;-0,01;-0,01;-0,01;-0,01;-0,01;-0,01;0,0;0,0;-0,01;-0,01;0,0;0,0;-0,04;-0,04
03.08.2026;08:15;08:30;0,0;0,0;-0,19;-0,19;-0,05;-0,05;0,0;0,0;-0,08;-0,08;-0,01;-0,01;-0,01;-0,01;-0,03;-0,03;-0,01;-0,01;0,0;0,0;-0,01;-0,01;0,0;0,0;-0,05;-0,05;0,0;0,0;-0,01;-0,01;0,0;0,0;-0,01;-0,01;-0,02;-0,02;-0,39;-0,39;-0,01;-0,01;-0,01;-0,01;-0,01;-0,01;-0,01;-0,01;-0,02;-0,02;0,0;0,0;-0,01;-0,01;-0,01;-0,01;-0,04;-0,04
03.08.2026;08:30;08:45;0,0;0,0;-0,19;-0,19;-0,05;-0,05;0,0;0,0;-0,08;-0,08;0,0;0,0;-0,01;-0,01;-0,13;-0,13;0,0;0,0;0,0;0,0;-0,01;-0,01;0,0;0,0;-0,1;-0,1;0,0;0,0;-0,01;-0,01;0,0;0,0;-0,02;-0,02;-0,02;-0,02;-0,24;-0,24;0,0;0,0;-0,01;-0,01;-0,01;-0,01;-0,01;-0,01;-0,02;-0,02;0,0;0,0;-0,01;-0,01;0,0;0,0;-0,04;-0,04
03.08.2026;08:45;09:00;0,98;0,31;-0,27;-0,04;-0,05;0,0;0,0;0,0;-0,01;0,0;-0,01;0,0;-0,01;0,0;-0,03;0,0;-0,01;0,0;0,0;0,0;-0,02;0,0;0,0;0,0;-0,06;0,0;0,0;0,0;-0,01;0,0;-0,01;0,0;-0,01;0,0;-0,03;0,0;-0,22;-0,15;-0,01;0,0;0,0;0,0;0,0;0,0;-0,01;0,0;-0,02;0,0;0,0;0,0;-0,01;0,0;-0,01;0,0;-0,05;0,0
03.08.2026;09:00;09:15;1,08;0,43;-0,26;0,0;-0,04;0,0;0,0;0,0;-0,01;0,0;-0,01;0,0;-0,01;0,0;-0,02;0,0;0,0;0,0;0,0;0,0;0,0;0,0;0,0;0,0;-0,04;0,0;0,0;0,0;-0,01;0,0;0,0;0,0;-0,02;0,0;-0,02;0,0;-0,15;-0,06;-0,01;0,0;-0,02;0,0;-0,01;0,0;-0,01;0,0;-0,03;0,0;0,0;0,0;-0,01;0,0;0,0;0,0;-0,03;0,0
03.08.2026;09:15;09:30;1,17;0,56;-0,18;0,0;-0,04;0,0;0,0;0,0;-0,02;0,0;0,0;0,0;-0,01;0,0;-0,02;0,0;-0,01;0,0;0,0;0,0;-0,01;0,0;0,0;0,0;-0,04;0,0;0,0;0,0;-0,02;0,0;0,0;0,0;-0,01;0,0;-0,02;0,0;-0,06;0,0;-0,01;0,0;0,0;0,0;-0,01;0,0;-0,01;0,0;-0,1;0,0;0,0;0,0;-0,01;0,0;-0,01;0,0;-0,02;0,0
03.08.2026;09:30;09:45;1,28;0,69;-0,2;0,0;-0,05;0,0;0,0;0,0;-0,02;0,0;-0,01;0,0;-0,02;0,0;-0,01;0,0;-0,01;0,0;0,0;0,0;0,0;0,0;0,0;0,0;-0,08;0,0;0,0;0,0;-0,01;0,0;0,0;0,0;0,0;0,0;-0,02;0,0;-0,07;0,0;-0,01;0,0;-0,01;0,0;-0,01;0,0;-0,01;0,0;-0,01;0,0;-0,01;0,0;-0,01;0,0;0,0;0,0;-0,02;0,0
03.08.2026;09:45;10:00;1,4;0,7;-0,25;0,0;-0,06;0,0;0,0;0,0;-0,02;0,0;-0,02;0,0;-0,01;0,0;-0,02;0,0;0,0;0,0;0,0;0,0;0,0;0,0;0,0;0,0;-0,22;-0,09;0,0;0,0;-0,01;0,0;0,0;0,0;-0,01;0,0;-0,02;0,0;-0,06;0,0;-0,01;0,0;-0,02;0,0;-0,01;0,0;-0,01;0,0;-0,01;0,0;0,0;0,0;-0,01;0,0;0,0;0,0;-0,02;0,0
03.08.2026;10:00;10:15;1,46;0,69;-0,19;0,0;-0,04;0,0;0,0;0,0;-0,02;0,0;-0,03;0,0;-0,04;0,0;-0,02;0,0;-0,01;0,0;-0,01;0,0;0,0;0,0;-0,01;0,0;-0,08;0,0;0,0;0,0;-0,03;0,0;0,0;0,0;0,0;0,0;-0,02;0,0;-0,07;0,0;0,0;0,0;0,0;0,0;-0,01;0,0;-0,01;0,0;-0,21;-0,07;0,0;0,0;-0,01;0,0;-0,01;0,0;-0,02;0,0
03.08.2026;10:15;10:30;1,56;0,88;-0,18;0,0;-0,03;0,0;0,0;0,0;-0,02;0,0;-0,03;0,0;-0,03;0,0;-0,02;0,0;-0,01;0,0;0,0;0,0;0,0;0,0;0,0;0,0;-0,02;0,0;-0,01;0,0;-0,01;0,0;0,0;0,0;0,0;0,0;-0,02;0,0;-0,07;0,0;-0,01;0,0;-0,01;0,0;0,0;0,0;-0,01;0,0;-0,2;-0,03;0,0;0,0;-0,01;0,0;0,0;0,0;-0,02;0,0
03.08.2026;10:30;10:45;1,64;1,0;-0,23;0,0;-0,06;0,0;0,0;0,0;-0,01;0,0;-0,03;0,0;-0,03;0,0;-0,02;0,0;-0,01;0,0;0,0;0,0;0,0;0,0;0,0;0,0;-0,02;0,0;0,0;0,0;-0,02;0,0;0,0;0,0;-0,01;0,0;-0,02;0,0;-0,03;0,0;-0,01;0,0;-0,01;0,0;-0,01;0,0;0,0;0,0;-0,07;0,0;0,0;0,0;-0,01;0,0;-0,01;0,0;-0,03;0,0
03.08.2026;10:45;11:00;1,69;0,99;-0,18;0,0;-0,05;0,0;0,0;0,0;-0,02;0,0;-0,02;0,0;-0,09;0,0;-0,02;0,0;0,0;0,0;0,0;0,0;0,0;0,0;0,0;0,0;0,0;0,0;0,0;0,0;-0,01;0,0;0,0;0,0;0,0;0,0;-0,02;0,0;-0,02;0,0;-0,01;0,0;-0,01;0,0;-0,01;0,0;-0,02;0,0;-0,2;-0,02;0,0;0,0;-0,01;0,0;0,0;0,0;-0,03;0,0
03.08.2026;11:00;11:15;1,72;0,85;-0,17;0,0;-0,05;0,0;-0,01;0,0;-0,02;0,0;-0,06;0,0;-0,35;-0,17;-0,02;0,0;-0,01;0,0;0,0;0,0;0,0;0,0;0,0;0,0;-0,01;0,0;0,0;0,0;-0,03;0,0;0,0;0,0;-0,02;0,0;-0,02;0,0;-0,01;0,0;0,0;0,0;-0,01;0,0;-0,01;0,0;-0,01;0,0;-0,19;-0,01;0,0;0,0;-0,01;0,0;-0,01;0,0;-0,03;0,0
03.08.2026;11:15;11:30;1,78;0,9;-0,18;0,0;-0,03;0,0;0,0;0,0;-0,02;0,0;-0,17;0,0;-0,08;0,0;-0,02;0,0;0,0;0,0;0,0;0,0;0,0;0,0;0,0;0,0;-0,07;0,0;0,0;0,0;-0,05;0,0;-0,01;0,0;-0,01;0,0;-0,03;0,0;-0,01;0,0;-0,01;0,0;-0,01;0,0;0,0;0,0;0,0;0,0;-0,16;0,0;0,0;0,0;-0,01;0,0;0,0;0,0;-0,01;0,0
03.08.2026;11:30;11:45;1,85;0,89;-0,17;0,0;-0,05;0,0;0,0;0,0;-0,01;0,0;-0,3;-0,11;-0,06;0,0;-0,01;0,0;-0,01;0,0;0,0;0,0;0,0;0,0;0,0;0,0;-0,06;0,0;0,0;0,0;-0,03;0,0;0,0;0,0;-0,02;0,0;-0,04;0,0;-0,02;0,0;-0,01;0,0;-0,01;0,0;-0,02;0,0;-0,01;0,0;-0,26;-0,07;-0,01;0,0;-0,01;0,0;0,0;0,0;-0,03;0,0
03.08.2026;11:45;12:00;1,86;0,9;-0,19;0,0;-0,06;0,0;0,0;0,0;-0,02;0,0;-0,16;0,0;-0,12;0,0;-0,01;0,0;-0,01;0,0;0,0;0,0;-0,01;0,0;0,0;0,0;-0,04;0,0;0,0;0,0;-0,01;0,0;0,0;0,0;-0,01;0,0;-0,03;0,0;-0,01;0,0;-0,01;0,0;-0,01;0,0;-0,01;0,0;-0,01;0,0;-0,54;-0,35;0,0;0,0;-0,01;0,0;-0,01;0,0;-0,03;0,0
03.08.2026;12:00;12:15;1,56;0,7;-0,18;0,0;-0,05;0,0;0,0;0,0;-0,02;0,0;-0,11;0,0;-0,13;0,0;-0,01;0,0;0,0;0,0;0,0;0,0;0,0;0,0;0,0;0,0;-0,03;0,0;0,0;0,0;-0,02;0,0;0,0;0,0;-0,02;0,0;-0,04;0,0;-0,01;0,0;-0,01;0,0;-0,01;0,0;0,0;0,0;-0,02;0,0;-0,38;-0,24;0,0;0,0;-0,01;0,0;-0,01;0,0;-0,04;0,0
03.08.2026;12:15;12:30;0,13;0,11;-0,19;-0,17;-0,03;-0,03;0,0;0,0;-0,02;-0,02;-0,11;-0,11;-0,09;-0,09;-0,02;-0,02;-0,01;-0,01;0,0;0,0;0,0;0,0;0,0;0,0;-0,02;-0,02;-0,01;-0,01;-0,01;-0,01;0,0;0,0;-0,01;-0,01;-0,04;-0,04;-0,02;-0,02;-0,01;-0,01;-0,01;-0,01;-0,01;-0,01;-0,01;-0,01;-0,34;-0,34;0,0;0,0;-0,01;-0,01;0,0;0,0;-0,03;-0,03
03.08.2026;12:30;12:45;0,0;0,0;-0,16;-0,16;-0,05;-0,05;0,0;0,0;-0,02;-0,02;-0,1;-0,1;-0,29;-0,29;-0,02;-0,02;0,0;0,0;0,0;0,0;0,0;0,0;0,0;0,0;-0,02;-0,02;0,0;0,0;-0,01;-0,01;0,0;0,0;-0,01;-0,01;-0,04;-0,04;-0,01;-0,01;0,0;0,0;-0,01;-0,01;-0,01;-0,01;0,0;0,0;-0,31;-0,31;0,0;0,0;-0,01;-0,01;0,0;0,0;-0,03;-0,03
03.08.2026;12:45;13:00;0,89;0,27;-0,15;0,0;-0,05;0,0;0,0;0,0;-0,03;0,0;-0,08;-0,01;-0,21;-0,14;-0,02;0,0;-0,01;0,0;0,0;0,0;0,0;0,0;0,0;0,0;-0,01;0,0;0,0;0,0;-0,01;0,0;0,0;0,0;-0,02;0,0;-0,03;0,0;-0,01;0,0;-0,01;0,0;0,0;0,0;-0,01;0,0;-0,01;0,0;-0,22;-0,15;0,0;0,0;-0,01;0,0;-0,01;0,0;-0,02;0,0
03.08.2026;13:00;13:15;1,87;1,04;-0,16;0,0;-0,11;0,0;0,0;0,0;-0,02;0,0;-0,09;0,0;-0,06;0,0;-0,02;0,0;-0,01;0,0;0,0;0,0;0,0;0,0;0,0;0,0;-0,02;0,0;0,0;0,0;-0,01;0,0;0,0;0,0;-0,01;0,0;-0,03;0,0;-0,02;0,0;-0,01;0,0;-0,02;0,0;0,0;0,0;-0,01;0,0;-0,21;-0,01;0,0;0,0;0,0;0,0;0,0;0,0;-0,03;0,0
03.08.2026;13:15;13:30;1,86;1,01;-0,16;0,0;-0,15;0,0;0,0;0,0;-0,02;0,0;-0,1;0,0;-0,05;0,0;-0,02;0,0;-0,01;0,0;0,0;0,0;0,0;0,0;0,0;0,0;-0,01;0,0;0,0;0,0;-0,01;0,0;0,0;0,0;-0,01;0,0;-0,02;0,0;-0,01;0,0;0,0;0,0;-0,01;0,0;-0,02;0,0;-0,01;0,0;-0,19;0,0;0,0;0,0;-0,02;0,0;-0,01;0,0;-0,02;0,0
03.08.2026;13:30;13:45;1,82;0,76;-0,16;0,0;-0,4;-0,22;0,0;0,0;-0,01;0,0;-0,1;0,0;-0,51;-0,33;-0,02;0,0;0,0;0,0;0,0;0,0;0,0;0,0;0,0;0,0;0,0;0,0;0,0;0,0;-0,01;0,0;0,0;0,0;0,0;0,0;-0,03;0,0;-0,03;0,0;-0,01;0,0;0,0;0,0;0,0;0,0;-0,01;0,0;-0,13;0,0;-0,01;0,0;0,0;0,0;0,0;0,0;-0,34;-0,16
03.08.2026;13:45;14:00;1,8;0,7;-0,16;0,0;-0,35;-0,19;0,0;0,0;0,0;0,0;-0,1;0,0;-0,3;-0,14;-0,02;0,0;-0,01;0,0;0,0;0,0;0,0;0,0;0,0;0,0;-0,01;0,0;0,0;0,0;-0,02;0,0;-0,01;0,0;-0,01;0,0;-0,03;0,0;-0,03;0,0;-0,01;0,0;-0,02;0,0;-0,01;0,0;-0,01;0,0;-0,15;0,0;0,0;0,0;-0,02;0,0;0,0;0,0;-0,24;-0,08
03.08.2026;14:00;14:15;1,77;0,8;-0,15;0,0;-0,23;-0,04;0,0;0,0;-0,01;0,0;-0,1;0,0;-0,04;0,0;-0,01;0,0;-0,01;0,0;0,0;0,0;0,0;0,0;0,0;0,0;-0,01;0,0;0,0;0,0;-0,01;0,0;0,0;0,0;0,0;0,0;-0,03;0,0;-0,03;0,0;-0,01;0,0;0,0;0,0;-0,01;0,0;-0,01;0,0;-0,15;0,0;0,0;0,0;0,0;0,0;-0,01;0,0;-0,26;-0,07
03.08.2026;14:15;14:30;1,73;0,84;-0,15;0,0;-0,05;0,0;-0,01;0,0;-0,02;0,0;-0,08;0,0;-0,25;-0,07;-0,02;0,0;0,0;0,0;0,0;0,0;-0,01;0,0;0,0;0,0;-0,02;0,0;0,0;0,0;-0,01;0,0;0,0;0,0;0,0;0,0;-0,04;0,0;-0,02;0,0;-0,02;0,0;-0,01;0,0;-0,01;0,0;-0,01;0,0;-0,17;0,0;0,0;0,0;-0,02;0,0;-0,01;0,0;-0,03;0,0
03.08.2026;14:30;14:45;1,68;0,88;-0,16;0,0;-0,04;0,0;0,0;0,0;-0,02;0,0;-0,08;0,0;-0,3;-0,13;-0,02;0,0;-0,01;0,0;0,0;0,0;0,0;0,0;0,0;0,0;-0,01;0,0;-0,01;0,0;-0,01;0,0;0,0;0,0;0,0;0,0;-0,04;0,0;-0,01;0,0;0,0;0,0;-0,02;0,0;-0,01;0,0;-0,01;0,0;-0,15;0,0;0,0;0,0;0,0;0,0;0,0;0,0;-0,03;0,0
03.08.2026;14:45;15:00;1,62;0,76;-0,2;0,0;-0,05;0,0;0,0;0,0;-0,01;0,0;-0,08;0,0;-0,31;-0,15;-0,02;0,0;0,0;0,0;0,0;0,0;0,0;0,0;0,0;0,0;0,0;0,0;0,0;0,0;-0,01;0,0;0,0;0,0;-0,02;0,0;-0,04;0,0;-0,02;0,0;-0,01;0,0;0,0;0,0;0,0;0,0;-0,01;0,0;-0,17;-0,01;0,0;0,0;-0,02;0,0;0,0;0,0;-0,05;0,0
03.08.2026;15:00;15:15;1,56;0,8;-0,18;0,0;-0,04;0,0;0,0;0,0;-0,02;0,0;-0,08;0,0;-0,03;0,0;-0,02;0,0;-0,01;0,0;-0,01;0,0;0,0;0,0;-0,01;0,0;0,0;0,0;0,0;0,0;-0,01;0,0;0,0;0,0;-0,01;0,0;-0,04;0,0;-0,01;0,0;-0,04;0,0;-0,02;0,0;-0,02;0,0;0,0;0,0;-0,18;-0,03;0,0;0,0;0,0;0,0;-0,01;0,0;-0,05;0,0
03.08.2026;15:15;15:30;1,51;0,68;-0,17;0,0;-0,05;0,0;0,0;0,0;-0,01;0,0;-0,07;0,0;-0,03;0,0;-0,02;0,0;-0,01;0,0;0,0;0,0;0,0;0,0;0,0;0,0;-0,02;0,0;0,0;0,0;-0,01;0,0;0,0;0,0;-0,02;0,0;-0,03;0,0;-0,01;0,0;-0,23;-0,09;0,0;0,0;-0,01;0,0;-0,02;0,0;-0,2;-0,06;0,0;0,0;-0,02;0,0;-0,01;0,0;-0,04;0,0
03.08.2026;15:30;15:45;1,44;0,61;-0,22;0,0;-0,05;0,0;0,0;0,0;-0,02;0,0;-0,09;0,0;-0,03;0,0;0,0;0,0;0,0;0,0;0,0;0,0;0,0;0,0;0,0;0,0;-0,02;0,0;0,0;0,0;-0,01;0,0;0,0;0,0;-0,01;0,0;-0,03;0,0;-0,01;0,0;-0,38;-0,24;-0,01;0,0;0,0;0,0;-0,01;0,0;-0,22;-0,08;-0,01;0,0;0,0;0,0;0,0;0,0;-0,03;0,0
03.08.2026;15:45;16:00;1,38;0,59;-0,17;0,0;-0,04;0,0;0,0;0,0;-0,01;0,0;-0,09;0,0;-0,03;0,0;-0,01;0,0;-0,01;0,0;0,0;0,0;0,0;0,0;0,0;0,0;-0,01;0,0;0,0;0,0;-0,02;0,0;0,0;0,0;-0,01;0,0;-0,02;0,0;-0,02;0,0;-0,32;-0,19;-0,02;0,0;-0,01;0,0;-0,01;0,0;-0,22;-0,09;0,0;0,0;-0,02;0,0;0,0;0,0;-0,03;0,0
03.08.2026;16:00;16:15;1,29;0,51;-0,2;0,0;-0,04;0,0;0,0;0,0;-0,02;0,0;-0,1;0,0;-0,07;0,0;-0,02;0,0;-0,01;0,0;0,0;0,0;0,0;0,0;0,0;0,0;0,0;0,0;0,0;0,0;-0,01;0,0;0,0;0,0;-0,02;0,0;-0,02;0,0;-0,01;0,0;-0,11;0,0;0,0;0,0;-0,01;0,0;0,0;0,0;-0,22;-0,11;0,0;0,0;0,0;0,0;-0,01;0,0;-0,02;0,0
03.08.2026;16:15;16:30;1,2;0,31;-0,26;0,0;-0,06;0,0;0,0;0,0;0,0;0,0;-0,09;0,0;-0,02;0,0;-0,02;0,0;-0,01;0,0;0,0;0,0;0,0;0,0;0,0;0,0;0,0;0,0;0,0;0,0;-0,01;0,0;-0,01;0,0;-0,01;0,0;-0,02;0,0;-0,15;-0,06;-0,08;0,0;-0,01;0,0;-0,01;0,0;-0,05;0,0;-0,09;0,0;0,0;0,0;-0,02;0,0;-0,01;0,0;-0,02;0,0
03.08.2026;16:30;16:45;1,09;0,41;-0,19;0,0;-0,04;0,0;0,0;0,0;-0,01;0,0;-0,09;-0,01;-0,01;0,0;-0,02;0,0;0,0;0,0;0,0;0,0;0,0;0,0;0,0;0,0;-0,01;0,0;-0,01;0,0;-0,01;0,0;0,0;0,0;-0,02;0,0;-0,01;0,0;-0,05;0,0;-0,09;-0,01;-0,01;0,0;-0,01;0,0;-0,5;-0,42;-0,02;0,0;0,0;0,0;0,0;0,0;0,0;0,0;-0,02;0,0
03.08.2026;16:45;17:00;0,36;0,11;-0,19;-0,13;-0,04;-0,03;0,0;0,0;-0,02;-0,01;-0,12;-0,11;-0,01;0,0;-0,02;-0,01;-0,01;0,0;0,0;0,0;-0,01;0,0;0,0;0,0;-0,02;-0,01;0,0;0,0;-0,01;0,0;0,0;0,0;-0,01;0,0;-0,01;0,0;-0,01;0,0;-0,14;-0,13;-0,01;0,0;-0,01;0,0;-0,24;-0,23;-0,02;-0,01;0,0;0,0;-0,02;-0,01;0,0;0,0;-0,02;-0,01
03.08.2026;17:00;17:15;0,0;0,0;-0,2;-0,2;-0,04;-0,04;0,0;0,0;-0,01;-0,01;-0,13;-0,13;-0,04;-0,04;-0,02;-0,02;0,0;0,0;0,0;0,0;0,0;0,0;0,0;0,0;-0,01;-0,01;0,0;0,0;-0,01;-0,01;0,0;0,0;-0,01;-0,01;-0,02;-0,02;-0,02;-0,02;-0,07;-0,07;-0,01;-0,01;-0,01;-0,01;-0,18;-0,18;-0,02;-0,02;0,0;0,0;0,0;0,0;-0,01;-0,01;-0,01;-0,01
03.08.2026;17:15;17:30;0,0;0,0;-0,19;-0,19;-0,05;-0,05;0,0;0,0;-0,04;-0,04;-0,12;-0,12;-0,03;-0,03;-0,02;-0,02;-0,01;-0,01;0,0;0,0;0,0;0,0;0,0;0,0;-0,01;-0,01;0,0;0,0;-0,01;-0,01;0,0;0,0;-0,02;-0,02;-0,02;-0,02;-0,02;-0,02;-0,1;-0,1;-0,01;-0,01;-0,01;-0,01;-0,17;-0,17;-0,01;-0,01;0,0;0,0;-0,02;-0,02;0,0;0,0;-0,02;-0,02
03.08.2026;17:30;17:45;0,41;0,16;-0,2;-0,13;-0,06;-0,05;-0,01;0,0;-0,1;-0,09;-0,11;-0,1;-0,02;-0,01;-0,19;-0,18;-0,01;0,0;0,0;0,0;0,0;0,0;0,0;0,0;0,0;0,0;0,0;0,0;-0,01;0,0;0,0;0,0;0,0;0,0;-0,03;-0,02;-0,02;-0,01;-0,06;-0,05;-0,01;0,0;0,0;0,0;-0,12;-0,11;-0,02;-0,01;-0,01;0,0;-0,01;0,0;-0,01;0,0;-0,02;-0,01
03.08.2026;17:45;18:00;0,58;0,21;-0,22;-0,1;-0,03;-0,01;0,0;0,0;-0,03;-0,01;-0,11;-0,09;-0,01;0,0;-0,17;-0,15;0,0;0,0;0,0;0,0;0,0;0,0;0,0;0,0;-0,01;0,0;0,0;0,0;-0,01;0,0;0,0;0,0;0,0;0,0;-0,02;0,0;-0,01;0,0;-0,06;-0,04;-0,01;0,0;-0,01;0,0;-0,28;-0,26;-0,06;-0,04;0,0;0,0;-0,01;0,0;0,0;0,0;-0,03;-0,01
03.08.2026;18:00;18:15;0,49;0,2;-0,3;-0,19;-0,04;-0,03;0,0;0,0;-0,03;-0,02;-0,07;-0,06;-0,01;0,0;-0,07;-0,06;-0,01;0,0;0,0;0,0;0,0;0,0;0,0;0,0;-0,02;-0,01;0,0;0,0;-0,01;0,0;0,0;0,0;-0,01;0,0;-0,05;-0,04;-0,01;0,0;-0,04;-0,03;-0,01;0,0;-0,02;-0,01;-0,4;-0,39;-0,09;-0,08;0,0;0,0;-0,01;0,0;0,0;0,0;-0,02;-0,01
03.08.2026;18:15;18:30;0,41;0,18;-0,22;-0,15;-0,05;-0,04;0,0;0,0;-0,04;-0,03;-0,03;-0,02;-0,01;0,0;-0,05;-0,04;0,0;0,0;0,0;0,0;0,0;0,0;0,0;0,0;-0,01;0,0;0,0;0,0;-0,02;-0,01;0,0;0,0;0,0;0,0;-0,08;-0,07;-0,02;-0,01;-0,05;-0,04;-0,01;0,0;0,0;0,0;-0,38;-0,37;-0,09;-0,08;0,0;0,0;-0,01;0,0;-0,01;0,0;-0,02;-0,01
03.08.2026;18:30;18:45;0,34;0,11;-0,28;-0,22;-0,06;-0,05;0,0;0,0;-0,01;0,0;-0,02;-0,01;-0,01;0,0;-0,06;-0,05;-0,01;0,0;0,0;0,0;0,0;0,0;0,0;0,0;-0,08;-0,07;0,0;0,0;0,0;0,0;0,0;0,0;0,0;0,0;-0,08;-0,07;-0,07;-0,06;-0,02;-0,01;-0,01;0,0;-0,01;0,0;-0,13;-0,12;-0,06;-0,05;0,0;0,0;-0,01;0,0;-0,01;0,0;-0,02;-0,01
03.08.2026;18:45;19:00;0,26;0,19;-0,22;-0,15;-0,04;-0,04;0,0;0,0;-0,06;-0,06;-0,03;-0,03;-0,02;-0,02;-0,07;-0,07;-0,01;-0,01;0,0;0,0;0,0;0,0;0,0;0,0;-0,32;-0,32;-0,01;-0,01;-0,02;-0,02;-0,01;-0,01;-0,02;-0,02;-0,07;-0,07;-0,07;-0,07;-0,01;-0,01;0,0;0,0;-0,01;-0,01;-0,05;-0,05;-0,09;-0,09;0,0;0,0;-0,01;-0,01;0,0;0,0;-0,03;-0,03
03.08.2026;19:00;19:15;0,21;0,16;-0,23;-0,18;-0,04;-0,04;0,0;0,0;-0,04;-0,04;-0,03;-0,03;-0,08;-0,08;-0,07;-0,07;-0,01;-0,01;0,0;0,0;0,0;0,0;0,0;0,0;-0,16;-0,16;0,0;0,0;-0,01;-0,01;0,0;0,0;-0,03;-0,03;-0,08;-0,08;-0,05;-0,05;-0,01;-0,01;-0,02;-0,02;-0,01;-0,01;-0,02;-0,02;-0,22;-0,22;0,0;0,0;-0,01;-0,01;0,0;0,0;-0,02;-0,02
03.08.2026;19:15;19:30;0,14;0,11;-0,19;-0,16;-0,05;-0,05;0,0;0,0;-0,04;-0,04;-0,03;-0,03;-0,03;-0,03;-0,06;-0,06;0,0;0,0;0,0;0,0;-0,01;-0,01;0,0;0,0;-0,16;-0,16;0,0;0,0;0,0;0,0;0,0;0,0;-0,02;-0,02;-0,08;-0,08;-0,44;-0,44;-0,02;-0,02;-0,01;-0,01;-0,01;-0,01;-0,02;-0,02;-0,19;-0,19;0,0;0,0;-0,01;-0,01;-0,01;-0,01;-0,02;-0,02
03.08.2026;19:30;19:45;0,09;0,09;-0,19;-0,19;-0,05;-0,05;0,0;0,0;-0,04;-0,04;-0,02;-0,02;-0,04;-0,04;-0,08;-0,08;-0,01;-0,01;0,0;0,0;0,0;0,0;0,0;0,0;-0,03;-0,03;0,0;0,0;-0,02;-0,02;0,0;0,0;-0,03;-0,03;-0,09;-0,09;-0,37;-0,37;-0,01;-0,01;0,0;0,0;-0,01;-0,01;-0,02;-0,02;-0,2;-0,2;-0,01;-0,01;-0,01;-0,01;-0,01;-0,01;-0,01;-0,01
03.08.2026;19:45;20:00;0,05;0,05;-0,21;-0,21;-0,11;-0,11;0,0;0,0;-0,03;-0,03;-0,03;-0,03;-0,04;-0,04;-0,06;-0,06;-0,01;-0,01;0,0;0,0;0,0;0,0;0,0;0,0;-0,02;-0,02;0,0;0,0;-0,01;-0,01;0,0;0,0;-0,03;-0,03;-0,1;-0,1;-0,45;-0,45;-0,01;-0,01;-0,02;-0,02;-0,01;-0,01;-0,01;-0,01;-0,38;-0,38;0,0;0,0;-0,01;-0,01;0,0;0,0;-0,02;-0,02
03.08.2026;20:00;20:15;0,02;0,02;-0,18;-0,18;-0,04;-0,04;0,0;0,0;-0,04;-0,04;-0,02;-0,02;-0,04;-0,04;-0,05;-0,05;0,0;0,0;-0,01;-0,01;0,0;0,0;-0,01;-0,01;-0,02;-0,02;0,0;0,0;-0,02;-0,02;0,0;0,0;-0,03;-0,03;-0,09;-0,09;-0,09;-0,09;-0,01;-0,01;0,0;0,0;-0,01;-0,01;-0,07;-0,07;-0,48;-0,48;0,0;0,0;-0,01;-0,01;0,0;0,0;-0,02;-0,02
03.08.2026;20:15;20:30;0,02;0,02;-0,16;-0,16;-0,05;-0,05;0,0;0,0;-0,05;-0,05;-0,04;-0,04;-0,03;-0,03;-0,06;-0,06;-0,01;-0,01;0,0;0,0;0,0;0,0;0,0;0,0;-0,01;-0,01;0,0;0,0;-0,06;-0,06;0,0;0,0;-0,02;-0,02;-0,09;-0,09;-0,01;-0,01;-0,16;-0,16;-0,01;-0,01;-0,01;-0,01;-0,01;-0,01;-0,42;-0,42;0,0;0,0;-0,02;-0,02;-0,01;-0,01;-0,02;-0,02
03.08.2026;20:30;20:45;0,0;0,0;-0,18;-0,18;-0,07;-0,07;0,0;0,0;-0,04;-0,04;-0,06;-0,06;-0,1;-0,1;-0,05;-0,05;0,0;0,0;0,0;0,0;0,0;0,0;0,0;0,0;-0,02;-0,02;0,0;0,0;-0,04;-0,04;0,0;0,0;-0,03;-0,03;-0,08;-0,08;-0,02;-0,02;-0,61;-0,61;-0,02;-0,02;-0,01;-0,01;-0,02;-0,02;-0,38;-0,38;0,0;0,0;0,0;0,0;-0,01;-0,01;-0,02;-0,02
03.08.2026;20:45;21:00;0,0;0,0;-0,19;-0,19;-0,06;-0,06;0,0;0,0;-0,04;-0,04;-0,05;-0,05;-0,04;-0,04;-0,06;-0,06;-0,01;-0,01;0,0;0,0;0,0;0,0;0,0;0,0;-0,01;-0,01;0,0;0,0;-0,02;-0,02;0,0;0,0;-0,02;-0,02;-0,09;-0,09;-0,05;-0,05;-0,24;-0,24;0,0;0,0;-0,01;-0,01;-0,01;-0,01;-0,29;-0,29;0,0;0,0;-0,02;-0,02;0,0;0,0;-0,03;-0,03
03.08.2026;21:00;21:15;0,0;0,0;-0,2;-0,2;-0,07;-0,07;-0,01;-0,01;-0,05;-0,05;-0,07;-0,07;-0,04;-0,04;-0,04;-0,04;-0,01;-0,01;0,0;0,0;0,0;0,0;0,0;0,0;-0,01;-0,01;-0,01;-0,01;-0,06;-0,06;0,0;0,0;-0,03;-0,03;-0,08;-0,08;-0,06;-0,06;-0,06;-0,06;-0,01;-0,01;-0,03;-0,03;-0,02;-0,02;-0,23;-0,23;0,0;0,0;0,0;0,0;0,0;0,0;-0,02;-0,02
03.08.2026;21:15;21:30;0,0;0,0;-0,25;-0,25;-0,05;-0,05;0,0;0,0;-0,04;-0,04;-0,12;-0,12;-0,03;-0,03;-0,02;-0,02;0,0;0,0;0,0;0,0;0,0;0,0;0,0;0,0;-0,02;-0,02;0,0;0,0;-0,26;-0,26;-0,01;-0,01;-0,03;-0,03;-0,08;-0,08;-0,04;-0,04;-0,04;-0,04;-0,01;-0,01;-0,05;-0,05;-0,08;-0,08;-0,19;-0,19;0,0;0,0;-0,02;-0,02;-0,01;-0,01;-0,03;-0,03
03.08.2026;21:30;21:45;0,0;0,0;-0,22;-0,22;-0,06;-0,06;0,0;0,0;-0,04;-0,04;-0,11;-0,11;-0,03;-0,03;-0,02;-0,02;-0,01;-0,01;0,0;0,0;0,0;0,0;0,0;0,0;-0,02;-0,02;0,0;0,0;-0,12;-0,12;0,0;0,0;-0,02;-0,02;-0,08;-0,08;-0,03;-0,03;-0,05;-0,05;-0,01;-0,01;-0,02;-0,02;-0,14;-0,14;-0,18;-0,18;-0,01;-0,01;-0,01;-0,01;0,0;0,0;-0,05;-0,05
03.08.2026;21:45;22:00;0,0;0,0;-0,17;-0,17;-0,06;-0,06;0,0;0,0;-0,04;-0,04;-0,11;-0,11;-0,22;-0,22;-0,02;-0,02;-0,01;-0,01;0,0;0,0;-0,01;-0,01;0,0;0,0;-0,01;-0,01;0,0;0,0;-0,12;-0,12;0,0;0,0;-0,03;-0,03;-0,07;-0,07;-0,02;-0,02;-0,07;-0,07;-0,01;-0,01;-0,01;-0,01;-0,25;-0,25;-0,17;-0,17;0,0;0,0;-0,01;-0,01;-0,01;-0,01;-0,03;-0,03
03.08.2026;22:00;22:15;0,0;0,0;-0,18;-0,18;-0,05;-0,05;0,0;0,0;-0,03;-0,03;-0,11;-0,11;-0,23;-0,23;-0,02;-0,02;-0,01;-0,01;0,0;0,0;0,0;0,0;0,0;0,0;-0,01;-0,01;0,0;0,0;-0,11;-0,11;0,0;0,0;-0,02;-0,02;-0,07;-0,07;-0,02;-0,02;-0,2;-0,2;-0,01;-0,01;-0,02;-0,02;-0,22;-0,22;-0,18;-0,18;0,0;0,0;-0,01;-0,01;0,0;0,0;-0,03;-0,03
03.08.2026;22:15;22:30;0,0;0,0;-0,16;-0,16;-0,05;-0,05;0,0;0,0;-0,04;-0,04;-0,12;-0,12;-0,27;-0,27;-0,05;-0,05;0,0;0,0;0,0;0,0;0,0;0,0;0,0;0,0;-0,01;-0,01;0,0;0,0;-0,12;-0,12;0,0;0,0;-0,03;-0,03;-0,06;-0,06;-0,01;-0,01;-0,05;-0,05;-0,01;-0,01;-0,01;-0,01;-0,17;-0,17;-0,15;-0,15;0,0;0,0;-0,01;-0,01;0,0;0,0;-0,02;-0,02
03.08.2026;22:30;22:45;0,0;0,0;-0,18;-0,18;-0,04;-0,04;0,0;0,0;-0,04;-0,04;-0,11;-0,11;-0,04;-0,04;-0,14;-0,14;-0,01;-0,01;0,0;0,0;0,0;0,0;0,0;0,0;-0,02;-0,02;0,0;0,0;-0,12;-0,12;0,0;0,0;-0,02;-0,02;-0,06;-0,06;-0,02;-0,02;-0,02;-0,02;-0,01;-0,01;-0,02;-0,02;-0,01;-0,01;-0,1;-0,1;0,0;0,0;-0,01;-0,01;-0,01;-0,01;-0,02;-0,02
03.08.2026;22:45;23:00;0,0;0,0;-0,19;-0,19;-0,04;-0,04;0,0;0,0;-0,04;-0,04;-0,11;-0,11;-0,02;-0,02;-0,16;-0,16;0,0;0,0;0,0;0,0;0,0;0,0;0,0;0,0;-0,01;-0,01;0,0;0,0;-0,12;-0,12;0,0;0,0;-0,02;-0,02;-0,07;-0,07;-0,01;-0,01;-0,01;-0,01;-0,01;-0,01;0,0;0,0;-0,01;-0,01;-0,1;-0,1;0,0;0,0;-0,01;-0,01;-0,01;-0,01;-0,02;-0,02
03.08.2026;23:00;23:15;0,0;0,0;-0,15;-0,15;-0,03;-0,03;0,0;0,0;-0,02;-0,02;-0,11;-0,11;-0,03;-0,03;-0,11;-0,11;-0,01;-0,01;0,0;0,0;0,0;0,0;0,0;0,0;-0,01;-0,01;-0,01;-0,01;-0,11;-0,11;0,0;0,0;-0,01;-0,01;-0,05;-0,05;-0,01;-0,01;-0,01;-0,01;-0,01;-0,01;-0,01;-0,01;-0,01;-0,01;-0,1;-0,1;0,0;0,0;-0,01;-0,01;0,0;0,0;-0,01;-0,01
03.08.2026;23:15;23:30;0,0;0,0;-0,18;-0,18;-0,02;-0,02;0,0;0,0;-0,03;-0,03;-0,11;-0,11;-0,01;-0,01;-0,12;-0,12;-0,01;-0,01;0,0;0,0;0,0;0,0;0,0;0,0;0,0;0,0;0,0;0,0;-0,11;-0,11;0,0;0,0;-0,01;-0,01;-0,04;-0,04;-0,01;-0,01;-0,01;-0,01;-0,01;-0,01;-0,01;-0,01;-0,01;-0,01;-0,1;-0,1;0,0;0,0;-0,01;-0,01;0,0;0,0;-0,03;-0,03
03.08.2026;23:30;23:45;0,0;0,0;-0,15;-0,15;-0,02;-0,02;0,0;0,0;-0,04;-0,04;-0,13;-0,13;-0,01;-0,01;-0,13;-0,13;0,0;0,0;0,0;0,0;0,0;0,0;0,0;0,0;-0,01;-0,01;0,0;0,0;-0,13;-0,13;0,0;0,0;-0,01;-0,01;-0,04;-0,04;-0,01;-0,01;-0,01;-0,01;0,0;0,0;-0,01;-0,01;-0,01;-0,01;-0,01;-0,01;-0,01;-0,01;-0,01;-0,01;-0,01;-0,01;-0,03;-0,03
03.08.2026;23:45;00:00;0,0;0,0;-0,16;-0,16;-0,03;-0,03;0,0;0,0;-0,04;-0,04;-0,13;-0,13;-0,02;-0,02;-0,14;-0,14;-0,01;-0,01;0,0;0,0;0,0;0,0;0,0;0,0;-0,02;-0,02;0,0;0,0;-0,13;-0,13;-0,01;-0,01;-0,01;-0,01;-0,03;-0,03;-0,02;-0,02;-0,02;-0,02;-0,02;-0,02;-0,01;-0,01;-0,01;-0,01;-0,05;-0,05;0,0;0,0;-0,01;-0,01;-0,01;-0,01;-0,02;-0,02
04.08.2026;00:00;00:15;0,0;0,0;-0,16;-0,16;-0,04;-0,04;0,0;0,0;-0,04;-0,04;-0,13;-0,13;-0,01;-0,01;-0,06;-0,06;0,0;0,0;0,0;0,0;0,0;0,0;0,0;0,0;-0,01;-0,01;0,0;0,0;-0,16;-0,16;0,0;0,0;-0,01;-0,01;-0,02;-0,02;-0,01;-0,01;-0,01;-0,01;-0,01;-0,01;-0,01;-0,01;-0,01;-0,01;-0,02;-0,02;0,0;0,0;-0,01;-0,01;0,0;0,0;-0,03;-0,03
04.08.2026;00:15;00:30;0,0;0,0;-0,16;-0,16;-0,05;-0,05;-0,01;-0,01;-0,03;-0,03;-0,13;-0,13;-0,01;-0,01;-0,02;-0,02;-0,01;-0,01;0,0;0,0;-0,01;-0,01;0,0;0,0;0,0;0,0;0,0;0,0;-0,14;-0,14;0,0;0,0;-0,02;-0,02;-0,02;-0,02;-0,01;-0,01;0,0;0,0;0,0;0,0;-0,01;-0,01;-0,01;-0,01;-0,01;-0,01;0,0;0,0;-0,01;-0,01;0,0;0,0;-0,02;-0,02
04.08.2026;00:30;00:45;0,0;0,0;-0,15;-0,15;-0,05;-0,05;0,0;0,0;-0,04;-0,04;-0,12;-0,12;-0,01;-0,01;-0,03;-0,03;-0,01;-0,01;0,0;0,0;0,0;0,0;0,0;0,0;-0,01;-0,01;0,0;0,0;-0,14;-0,14;0,0;0,0;-0,02;-0,02;-0,02;-0,02;-0,01;-0,01;-0,01;-0,01;-0,02;-0,02;-0,01;-0,01;-0,01;-0,01;-0,04;-0,04;0,0;0,0;-0,01;-0,01;-0,01;-0,01;-0,02;-0,02
04.08.2026;00:45;01:00;0,0;0,0;-0,15;-0,15;-0,02;-0,02;0,0;0,0;-0,03;-0,03;-0,14;-0,14;-0,01;-0,01;-0,02;-0,02;-0,01;-0,01;0,0;0,0;0,0;0,0;0,0;0,0;-0,01;-0,01;0,0;0,0;-0,16;-0,16;0,0;0,0;-0,02;-0,02;-0,03;-0,03;-0,02;-0,02;-0,01;-0,01;0,0;0,0;-0,01;-0,01;0,0;0,0;-0,09;-0,09;0,0;0,0;-0,01;-0,01;-0,01;-0,01;-0,02;-0,02
04.08.2026;01:00;01:15;0,0;0,0;-0,16;-0,16;-0,03;-0,03;0,0;0,0;-0,02;-0,02;-0,11;-0,11;0,0;0,0;-0,02;-0,02;0,0;0,0;-0,01;-0,01;0,0;0,0;-0,01;-0,01;-0,01;-0,01;-0,01;-0,01;-0,2;-0,2;0,0;0,0;-0,02;-0,02;-0,02;-0,02;-0,01;-0,01;-0,01;-0,01;-0,01;-0,01;-0,01;-0,01;-0,01;-0,01;-0,07;-0,07;0,0;0,0;-0,01;-0,01;0,0;0,0;-0,01;-0,01
04.08.2026;01:15;01:30;0,0;0,0;-0,17;-0,17;-0,03;-0,03;0,0;0,0;0,0;0,0;-0,11;-0,11;-0,02;-0,02;-0,03;-0,03;-0,01;-0,01;0,0;0,0;0,0;0,0;0,0;0,0;0,0;0,0;0,0;0,0;-0,11;-0,11;0,0;0,0;-0,03;-0,03;-0,02;-0,02;-0,02;-0,02;-0,01;-0,01;-0,01;-0,01;-0,01;-0,01;-0,01;-0,01;-0,06;-0,06;0,0;0,0;-0,01;-0,01;0,0;0,0;-0,02;-0,02
04.08.2026;01:30;01:45;0,0;0,0;-0,15;-0,15;-0,03;-0,03;0,0;0,0;-0,02;-0,02;-0,11;-0,11;-0,01;-0,01;-0,02;-0,02;0,0;0,0;0,0;0,0;0,0;0,0;0,0;0,0;-0,02;-0,02;0,0;0,0;-0,02;-0,02;0,0;0,0;-0,02;-0,02;-0,02;-0,02;0,0;0,0;-0,03;-0,03;-0,01;-0,01;-0,01;-0,01;-0,02;-0,02;-0,07;-0,07;-0,01;-0,01;-0,01;-0,01;-0,01;-0,01;-0,03;-0,03
04.08.2026;01:45;02:00;0,0;0,0;-0,16;-0,16;-0,03;-0,03;0,0;0,0;-0,01;-0,01;-0,1;-0,1;-0,01;-0,01;-0,02;-0,02;-0,01;-0,01;0,0;0,0;0,0;0,0;0,0;0,0;-0,02;-0,02;0,0;0,0;-0,02;-0,02;0,0;0,0;-0,02;-0,02;-0,03;-0,03;-0,01;-0,01;-0,03;-0,03;-0,01;-0,01;0,0;0,0;-0,01;-0,01;-0,01;-0,01;0,0;0,0;-0,01;-0,01;0,0;0,0;-0,02;-0,02
04.08.2026;02:00;02:15;0,0;0,0;-0,32;-0,32;-0,02;-0,02;0,0;0,0;-0,02;-0,02;-0,1;-0,1;0,0;0,0;-0,02;-0,02;-0,01;-0,01;0,0;0,0;0,0;0,0;0,0;0,0;0,0;0,0;0,0;0,0;-0,01;-0,01;0,0;0,0;-0,02;-0,02;-0,02;-0,02;-0,02;-0,02;-0,02;-0,02;-0,01;-0,01;-0,01;-0,01;-0,13;-0,13;-0,01;-0,01;0,0;0,0;-0,01;-0,01;-0,01;-0,01;-0,02;-0,02
04.08.2026;02:15;02:30;0,0;0,0;-0,16;-0,16;-0,02;-0,02;0,0;0,0;-0,02;-0,02;-0,1;-0,1;-0,02;-0,02;-0,02;-0,02;0,0;0,0;0,0;0,0;0,0;0,0;0,0;0,0;-0,01;-0,01;0,0;0,0;-0,02;-0,02;-0,01;-0,01;-0,02;-0,02;-0,02;-0,02;-0,01;-0,01;-0,02;-0,02;-0,01;-0,01;-0,02;-0,02;-0,23;-0,23;-0,01;-0,01;0,0;0,0;-0,01;-0,01;0,0;0,0;-0,03;-0,03
04.08.2026;02:30;02:45;0,0;0,0;-0,16;-0,16;-0,02;-0,02;0,0;0,0;-0,01;-0,01;-0,12;-0,12;-0,01;-0,01;-0,01;-0,01;-0,01;-0,01;0,0;0,0;0,0;0,0;0,0;0,0;0,0;0,0;0,0;0,0;-0,01;-0,01;0,0;0,0;-0,02;-0,02;-0,02;-0,02;-0,01;-0,01;-0,01;-0,01;-0,01;-0,01;0,0;0,0;-0,2;-0,2;-0,01;-0,01;0,0;0,0;-0,02;-0,02;0,0;0,0;-0,02;-0,02
04.08.2026;02:45;03:00;0,0;0,0;-0,16;-0,16;-0,03;-0,03;0,0;0,0;-0,01;-0,01;-0,11;-0,11;-0,01;-0,01;-0,01;-0,01;0,0;0,0;0,0;0,0;-0,01;-0,01;0,0;0,0;-0,02;-0,02;0,0;0,0;-0,02;-0,02;0,0;0,0;-0,01;-0,01;-0,03;-0,03;-0,01;-0,01;-0,01;-0,01;-0,01;-0,01;-0,01;-0,01;-0,05;-0,05;-0,01;-0,01;0,0;0,0;0,0;0,0;-0,01;-0,01;-0,02;-0,02
04.08.2026;03:00;03:15;0,0;0,0;-0,18;-0,18;-0,02;-0,02;0,0;0,0;-0,01;-0,01;-0,06;-0,06;-0,01;-0,01;-0,02;-0,02;-0,01;-0,01;0,0;0,0;0,0;0,0;0,0;0,0;-0,02;-0,02;-0,01;-0,01;-0,01;-0,01;0,0;0,0;-0,01;-0,01;-0,02;-0,02;-0,02;-0,02;0,0;0,0;-0,01;-0,01;-0,01;-0,01;0,0;0,0;-0,02;-0,02;0,0;0,0;-0,02;-0,02;-0,01;-0,01;-0,01;-0,01
04.08.2026;03:15;03:30;0,0;0,0;-0,18;-0,18;-0,02;-0,02;0,0;0,0;-0,01;-0,01;-0,02;-0,02;-0,01;-0,01;-0,02;-0,02;-0,01;-0,01;0,0;0,0;0,0;0,0;0,0;0,0;0,0;0,0;0,0;0,0;-0,01;-0,01;0,0;0,0;-0,01;-0,01;-0,02;-0,02;0,0;0,0;-0,02;-0,02;-0,01;-0,01;-0,01;-0,01;-0,01;-0,01;-0,01;-0,01;0,0;0,0;0,0;0,0;0,0;0,0;-0,03;-0,03
04.08.2026;03:30;03:45;0,0;0,0;-0,15;-0,15;-0,02;-0,02;-0,01;-0,01;-0,02;-0,02;-0,01;-0,01;-0,01;-0,01;-0,02;-0,02;-0,01;-0,01;0,0;0,0;0,0;0,0;0,0;0,0;0,0;0,0;0,0;0,0;-0,02;-0,02;0,0;0,0;-0,02;-0,02;-0,03;-0,03;-0,02;-0,02;-0,01;-0,01;0,0;0,0;-0,01;-0,01;-0,01;-0,01;-0,02;-0,02;-0,01;-0,01;-0,02;-0,02;0,0;0,0;-0,02;-0,02
04.08.2026;03:45;04:00;0,0;0,0;-0,16;-0,16;-0,02;-0,02;0,0;0,0;-0,01;-0,01;0,0;0,0;-0,01;-0,01;-0,02;-0,02;0,0;0,0;0,0;0,0;0,0;0,0;0,0;0,0;-0,01;-0,01;0,0;0,0;-0,01;-0,01;0,0;0,0;-0,01;-0,01;-0,02;-0,02;-0,01;-0,01;0,0;0,0;-0,02;-0,02;-0,01;-0,01;-0,01;-0,01;-0,01;-0,01;0,0;0,0;0,0;0,0;-0,01;-0,01;-0,02;-0,02
04.08.2026;04:00;04:15;0,0;0,0;-0,15;-0,15;-0,03;-0,03;0,0;0,0;-0,02;-0,02;-0,01;-0,01;-0,01;-0,01;-0,02;-0,02;-0,01;-0,01;0,0;0,0;0,0;0,0;0,0;0,0;-0,02;-0,02;0,0;0,0;-0,01;-0,01;0,0;0,0;-0,01;-0,01;-0,02;-0,02;-0,01;-0,01;-0,01;-0,01;-0,01;-0,01;-0,01;-0,01;-0,01;-0,01;-0,02;-0,02;0,0;0,0;-0,02;-0,02;0,0;0,0;-0,03;-0,03
04.08.2026;04:15;04:30;0,0;0,0;-0,16;-0,16;-0,01;-0,01;0,0;0,0;-0,01;-0,01;0,0;0,0;-0,01;-0,01;-0,02;-0,02;-0,01;-0,01;0,0;0,0;0,0;0,0;0,0;0,0;-0,01;-0,01;0,0;0,0;-0,02;-0,02;0,0;0,0;-0,02;-0,02;-0,03;-0,03;-0,01;-0,01;-0,02;-0,02;0,0;0,0;-0,01;-0,01;-0,01;-0,01;-0,01;-0,01;0,0;0,0;0,0;0,0;-0,01;-0,01;-0,02;-0,02
04.08.2026;04:30;04:45;0,0;0,0;-0,16;-0,16;-0,02;-0,02;0,0;0,0;-0,01;-0,01;0,0;0,0;-0,01;-0,01;-0,01;-0,01;0,0;0,0;0,0;0,0;0,0;0,0;0,0;0,0;-0,01;-0,01;0,0;0,0;-0,01;-0,01;0,0;0,0;-0,03;-0,03;-0,02;-0,02;-0,01;-0,01;-0,01;-0,01;-0,02;-0,02;0,0;0,0;0,0;0,0;-0,06;-0,06;0,0;0,0;-0,02;-0,02;0,0;0,0;-0,03;-0,03
04.08.2026;04:45;05:00;0,0;0,0;-0,15;-0,15;-0,02;-0,02;0,0;0,0;-0,01;-0,01;-0,01;-0,01;-0,01;-0,01;-0,02;-0,02;-0,01;-0,01;0,0;0,0;0,0;0,0;0,0;0,0;0,0;0,0;0,0;0,0;-0,01;-0,01;-0,01;-0,01;-0,02;-0,02;-0,02;-0,02;-0,01;-0,01;-0,01;-0,01;0,0;0,0;-0,01;-0,01;-0,02;-0,02;-0,08;-0,08;0,0;0,0;0,0;0,0;-0,01;-0,01;-0,01;-0,01
04.08.2026;05:00;05:15;0,0;0,0;-0,16;-0,16;-0,03;-0,03;0,0;0,0;-0,02;-0,02;0,0;0,0;-0,01;-0,01;-0,02;-0,02;0,0;0,0;0,0;0,0;0,0;0,0;0,0;0,0;-0,01;-0,01;-0,01;-0,01;-0,02;-0,02;0,0;0,0;-0,02;-0,02;-0,01;-0,01;-0,01;-0,01;-0,02;-0,02;-0,02;-0,02;-0,01;-0,01;-0,01;-0,01;-0,09;-0,09;0,0;0,0;-0,02;-0,02;0,0;0,0;-0,01;-0,01
04.08.2026;05:15;05:30;0,0;0,0;-0,22;-0,22;-0,05;-0,05;0,0;0,0;-0,01;-0,01;0,0;0,0;-0,01;-0,01;-0,02;-0,02;-0,01;-0,01;0,0;0,0;-0,01;-0,01;0,0;0,0;-0,02;-0,02;0,0;0,0;-0,01;-0,01;0,0;0,0;-0,02;-0,02;-0,17;-0,17;-0,02;-0,02;0,0;0,0;0,0;0,0;-0,01;-0,01;0,0;0,0;-0,08;-0,08;0,0;0,0;0,0;0,0;0,0;0,0;-0,02;-0,02
04.08.2026;05:30;05:45;0,0;0,0;-0,18;-0,18;-0,05;-0,05;0,0;0,0;-0,01;-0,01;-0,01;-0,01;-0,01;-0,01;-0,02;-0,02;-0,01;-0,01;0,0;0,0;0,0;0,0;0,0;0,0;-0,01;-0,01;0,0;0,0;-0,01;-0,01;0,0;0,0;-0,02;-0,02;-0,04;-0,04;-0,03;-0,03;-0,02;-0,02;-0,01;-0,01;-0,01;-0,01;-0,01;-0,01;-0,09;-0,09;-0,01;-0,01;-0,02;-0,02;-0,01;-0,01;-0,03;-0,03
04.08.2026;05:45;06:00;0,01;0,01;-0,19;-0,19;-0,02;-0,02;0,0;0,0;-0,01;-0,01;0,0;0,0;-0,01;-0,01;-0,02;-0,02;0,0;0,0;0,0;0,0;0,0;0,0;0,0;0,0;-0,01;-0,01;0,0;0,0;-0,01;-0,01;0,0;0,0;-0,02;-0,02;-0,02;-0,02;-0,01;-0,01;-0,03;-0,03;-0,01;-0,01;-0,01;-0,01;-0,01;-0,01;-0,07;-0,07;0,0;0,0;0,0;0,0;-0,01;-0,01;-0,02;-0,02
04.08.2026;06:00;06:15;0,0;0,0;-0,16;-0,16;-0,04;-0,04;0,0;0,0;-0,02;-0,02;0,0;0,0;0,0;0,0;-0,02;-0,02;-0,01;-0,01;-0,01;-0,01;0,0;0,0;-0,01;-0,01;-0,16;-0,16;0,0;0,0;-0,01;-0,01;0,0;0,0;-0,02;-0,02;-0,03;-0,03;-0,01;-0,01;-0,02;-0,02;-0,01;-0,01;-0,01;-0,01;-0,01;-0,01;-0,08;-0,08;0,0;0,0;-0,02;-0,02;0,0;0,0;-0,03;-0,03
04.08.2026;06:15;06:30;0,0;0,0;-0,16;-0,16;-0,03;-0,03;0,0;0,0;-0,01;-0,01;-0,01;-0,01;-0,01;-0,01;-0,01;-0,01;0,0;0,0;0,0;0,0;0,0;0,0;0,0;0,0;-0,04;-0,04;0,0;0,0;-0,02;-0,02;0,0;0,0;-0,01;-0,01;-0,02;-0,02;-0,01;-0,01;-0,03;-0,03;-0,01;-0,01;0,0;0,0;-0,01;-0,01;-0,08;-0,08;0,0;0,0;0,0;0,0;0,0;0,0;-0,02;-0,02
04.08.2026;06:30;06:45;0,1;0,1;-0,17;-0,17;-0,02;-0,02;0,0;0,0;-0,02;-0,02;0,0;0,0;-0,01;-0,01;0,0;0,0;-0,01;-0,01;0,0;0,0;0,0;0,0;0,0;0,0;-0,03;-0,03;0,0;0,0;-0,01;-0,01;0,0;0,0;-0,01;-0,01;-0,02;-0,02;-0,02;-0,02;-0,03;-0,03;-0,01;-0,01;-0,02;-0,02;-0,01;-0,01;-0,03;-0,03;0,0;0,0;-0,02;-0,02;-0,01;-0,01;-0,03;-0,03
04.08.2026;06:45;07:00;0,18;0,13;-0,16;-0,11;-0,03;-0,03;0,0;0,0;-0,01;-0,01;0,0;0,0;-0,01;-0,01;-0,02;-0,02;-0,01;-0,01;0,0;0,0;0,0;0,0;0,0;0,0;-0,03;-0,03;0,0;0,0;-0,03;-0,03;0,0;0,0;-0,01;-0,01;-0,03;-0,03;-0,01;-0,01;-0,03;-0,03;0,0;0,0;-0,01;-0,01;-0,01;-0,01;-0,02;-0,02;0,0;0,0;0,0;0,0;0,0;0,0;-0,02;-0,02
04.08.2026;07:00;07:15;0,23;0,17;-0,18;-0,12;-0,12;-0,12;-0,01;-0,01;-0,01;-0,01;-0,01;-0,01;-0,01;-0,01;-0,02;-0,02;-0,01;-0,01;0,0;0,0;0,0;0,0;0,0;0,0;-0,04;-0,04;-0,01;-0,01;-0,03;-0,03;0,0;0,0;-0,01;-0,01;-0,02;-0,02;-0,01;-0,01;-0,02;-0,02;-0,02;-0,02;0,0;0,0;-0,03;-0,03;-0,01;-0,01;0,0;0,0;-0,02;-0,02;-0,01;-0,01;-0,02;-0,02
04.08.2026;07:15;07:30;0,33;0,11;-0,19;-0,13;-0,04;-0,03;0,0;0,0;-0,01;0,0;0,0;0,0;-0,02;-0,01;-0,02;-0,01;0,0;0,0;0,0;0,0;0,0;0,0;0,0;0,0;-0,04;-0,03;0,0;0,0;-0,03;-0,02;-0,01;0,0;-0,07;-0,06;-0,02;-0,01;-0,02;-0,01;-0,01;0,0;-0,01;0,0;-0,01;0,0;-0,01;0,0;-0,02;-0,01;0,0;0,0;0,0;0,0;0,0;0,0;-0,02;-0,01
04.08.2026;07:30;07:45;0,44;0,18;-0,2;-0,12;-0,27;-0,26;0,0;0,0;-0,02;-0,01;0,0;0,0;-0,02;-0,01;-0,02;-0,01;-0,01;0,0;0,0;0,0;0,0;0,0;0,0;0,0;-0,05;-0,04;0,0;0,0;-0,04;-0,03;0,0;0,0;-0,18;-0,17;-0,03;-0,02;-0,01;0,0;-0,01;0,0;0,0;0,0;-0,01;0,0;-0,01;0,0;-0,01;0,0;-0,01;0,0;-0,02;-0,01;-0,01;0,0;-0,02;-0,01
04.08.2026;07:45;08:00;0,55;0,17;-0,22;-0,13;-0,17;-0,15;0,0;0,0;-0,02;0,0;-0,01;0,0;-0,01;0,0;-0,02;0,0;-0,01;0,0;0,0;0,0;-0,01;0,0;0,0;0,0;-0,04;-0,02;0,0;0,0;-0,55;-0,53;0,0;0,0;-0,02;0,0;-0,02;0,0;-0,01;0,0;-0,01;0,0;-0,02;0,0;-0,01;0,0;-0,06;-0,04;-0,02;0,0;0,0;0,0;0,0;0,0;0,0;0,0;-0,03;-0,01
04.08.2026;08:00;08:15;0,73;0,22;-0,19;-0,03;-0,06;-0,01;0,0;0,0;-0,01;0,0;0,0;0,0;-0,01;0,0;-0,02;0,0;0,0;0,0;0,0;0,0;0,0;0,0;0,0;0,0;-0,07;-0,02;0,0;0,0;-0,39;-0,34;0,0;0,0;-0,01;0,0;-0,02;0,0;-0,06;-0,01;0,0;0,0;0,0;0,0;-0,01;0,0;0,0;0,0;-0,02;0,0;0,0;0,0;-0,02;0,0;-0,01;0,0;-0,02;0,0
04.08.2026;08:15;08:30;0,66;0,21;-0,18;-0,05;-0,05;-0,02;0,0;0,0;-0,08;-0,05;0,0;0,0;-0,01;0,0;-0,03;0,0;-0,01;0,0;0,0;0,0;0,0;0,0;0,0;0,0;-0,05;-0,02;0,0;0,0;-0,14;-0,11;0,0;0,0;-0,02;0,0;-0,02;0,0;-0,16;-0,13;-0,01;0,0;-0,01;0,0;-0,01;0,0;-0,01;0,0;-0,02;0,0;0,0;0,0;0,0;0,0;0,0;0,0;-0,02;0,0
04.08.2026;08:30;08:45;0,66;0,2;-0,19;-0,08;-0,06;-0,03;0,0;0,0;-0,06;-0,03;-0,01;0,0;-0,01;0,0;-0,03;0,0;0,0;0,0;0,0;0,0;0,0;0,0;0,0;0,0;-0,04;-0,01;0,0;0,0;-0,04;-0,01;0,0;0,0;-0,01;0,0;-0,03;0,0;-0,08;-0,05;-0,01;0,0;-0,02;0,0;-0,01;0,0;-0,01;0,0;-0,02;0,0;0,0;0,0;-0,02;0,0;0,0;0,0;-0,02;0,0
04.08.2026;08:45;09:00;0,83;0,3;-0,2;0,0;-0,07;-0,01;0,0;0,0;-0,04;0,0;0,0;0,0;0,0;0,0;-0,02;0,0;-0,01;0,0;0,0;0,0;0,0;0,0;0,0;0,0;-0,04;0,0;0,0;0,0;-0,03;0,0;0,0;0,0;-0,01;0,0;-0,02;0,0;-0,03;0,0;-0,02;0,0;0,0;0,0;0,0;0,0;-0,01;0,0;-0,02;0,0;0,0;0,0;0,0;0,0;-0,01;0,0;-0,01;0,0
04.08.2026;09:00;09:15;1,03;0,37;-0,22;0,0;-0,07;0,0;0,0;0,0;-0,04;0,0;0,0;0,0;-0,01;0,0;-0,02;0,0;-0,01;0,0;0,0;0,0;0,0;0,0;0,0;0,0;-0,04;0,0;0,0;0,0;-0,04;0,0;0,0;0,0;-0,02;0,0;-0,01;0,0;-0,02;0,0;0,0;0,0;-0,01;0,0;-0,01;0,0;-0,01;0,0;-0,25;-0,17;0,0;0,0;-0,02;0,0;-0,01;0,0;-0,02;0,0
04.08.2026;09:15;09:30;1,14;0,48;-0,18;0,0;-0,08;0,0;0,0;0,0;-0,08;0,0;-0,01;0,0;-0,01;0,0;-0,02;0,0;-0,01;0,0;0,0;0,0;0,0;0,0;0,0;0,0;-0,03;0,0;-0,01;0,0;-0,04;0,0;0,0;0,0;-0,01;0,0;-0,01;0,0;-0,01;0,0;-0,01;0,0;-0,01;0,0;-0,02;0,0;-0,01;0,0;-0,15;-0,06;0,0;0,0;0,0;0,0;0,0;0,0;-0,02;0,0
04.08.2026;09:30;09:45;1,26;0,61;-0,25;0,0;-0,07;0,0;0,0;0,0;-0,03;0,0;-0,02;0,0;-0,01;0,0;-0,01;0,0;0,0;0,0;0,0;0,0;0,0;0,0;0,0;0,0;-0,01;0,0;0,0;0,0;-0,02;0,0;0,0;0,0;-0,02;0,0;-0,01;0,0;-0,02;0,0;0,0;0,0;-0,01;0,0;0,0;0,0;-0,01;0,0;-0,1;0,0;-0,01;0,0;-0,02;0,0;0,0;0,0;-0,03;0,0
04.08.2026;09:45;10:00;1,35;0,66;-0,18;0,0;-0,06;0,0;0,0;0,0;-0,19;-0,06;-0,04;0,0;-0,02;0,0;-0,02;0,0;-0,01;0,0;0,0;0,0;0,0;0,0;0,0;0,0;-0,01;0,0;0,0;0,0;-0,02;0,0;-0,01;0,0;-0,01;0,0;-0,02;0,0;-0,01;0,0;-0,02;0,0;-0,01;0,0;-0,01;0,0;-0,01;0,0;-0,07;0,0;0,0;0,0;0,0;0,0;-0,01;0,0;-0,02;0,0
04.08.2026;10:00;10:15;1,19;0,54;-0,17;0,0;-0,06;0,0;0,0;0,0;-0,27;-0,17;-0,05;0,0;-0,01;0,0;-0,01;0,0;-0,01;0,0;0,0;0,0;0,0;0,0;0,0;0,0;-0,01;0,0;0,0;0,0;-0,02;0,0;0,0;0,0;0,0;0,0;-0,03;0,0;-0,01;0,0;0,0;0,0;-0,01;0,0;-0,01;0,0;-0,01;0,0;-0,08;0,0;0,0;0,0;-0,02;0,0;-0,01;0,0;-0,03;0,0
04.08.2026;10:15;10:30;0,22;0,17;-0,18;-0,13;-0,06;-0,06;-0,01;-0,01;-0,5;-0,5;-0,06;-0,06;-0,02;-0,02;-0,01;-0,01;0,0;0,0;0,0;0,0;-0,01;-0,01;0,0;0,0;-0,02;-0,02;0,0;0,0;-0,05;-0,05;0,0;0,0;0,0;0,0;-0,04;-0,04;-0,01;-0,01;0,0;0,0;-0,01;-0,01;-0,01;-0,01;-0,01;-0,01;-0,39;-0,39;0,0;0,0;0,0;0,0;0,0;0,0;-0,02;-0,02
04.08.2026;10:30;10:45;0,05;0,05;-0,17;-0,17;-0,13;-0,13;0,0;0,0;-0,2;-0,2;-0,07;-0,07;-0,01;-0,01;-0,02;-0,02;-0,01;-0,01;0,0;0,0;0,0;0,0;0,0;0,0;-0,01;-0,01;0,0;0,0;-0,07;-0,07;0,0;0,0;-0,01;-0,01;-0,04;-0,04;-0,01;-0,01;-0,01;-0,01;-0,01;-0,01;-0,01;-0,01;-0,01;-0,01;-0,14;-0,14;0,0;0,0;-0,02;-0,02;0,0;0,0;-0,02;-0,02
04.08.2026;10:45;11:00;1,03;0,4;-0,19;0,0;-0,07;0,0;0,0;0,0;-0,16;-0,08;-0,1;-0,02;-0,01;0,0;-0,02;0,0;0,0;0,0;0,0;0,0;0,0;0,0;0,0;0,0;0,0;0,0;0,0;0,0;-0,03;0,0;0,0;0,0;0,0;0,0;-0,03;0,0;-0,02;0,0;-0,02;0,0;-0,01;0,0;0,0;0,0;0,0;0,0;-0,03;0,0;0,0;0,0;-0,01;0,0;-0,01;0,0;-0,02;0,0
04.08.2026;11:00;11:15;1,7;0,97;-0,18;0,0;-0,06;0,0;0,0;0,0;-0,13;0,0;-0,1;0,0;-0,02;0,0;-0,02;0,0;-0,01;0,0;-0,01;0,0;0,0;0,0;-0,01;0,0;-0,01;0,0;0,0;0,0;-0,01;0,0;0,0;0,0;0,0;0,0;-0,04;0,0;-0,01;0,0;-0,01;0,0;-0,01;0,0;-0,02;0,0;-0,01;0,0;-0,05;0,0;0,0;0,0;-0,01;0,0;0,0;0,0;-0,01;0,0
04.08.2026;11:15;11:30;1,74;0,95;-0,17;0,0;-0,07;0,0;0,0;0,0;-0,1;0,0;-0,23;-0,04;-0,03;0,0;-0,02;0,0;-0,01;0,0;0,0;0,0;0,0;0,0;0,0;0,0;-0,01;0,0;0,0;0,0;-0,02;0,0;0,0;0,0;-0,01;0,0;-0,04;0,0;0,0;0,0;-0,01;0,0;-0,01;0,0;-0,02;0,0;-0,02;0,0;-0,02;0,0;0,0;0,0;-0,01;0,0;-0,01;0,0;-0,02;0,0
04.08.2026;11:30;11:45;1,81;1,07;-0,18;0,0;-0,03;0,0;0,0;0,0;-0,02;0,0;-0,31;-0,11;-0,04;0,0;-0,01;0,0;0,0;0,0;0,0;0,0;0,0;0,0;0,0;0,0;-0,02;0,0;-0,01;0,0;-0,01;0,0;0,0;0,0;-0,02;0,0;-0,04;0,0;-0,02;0,0;0,0;0,0;0,0;0,0;-0,07;0,0;-0,01;0,0;-0,01;0,0;-0,01;0,0;-0,01;0,0;-0,01;0,0;-0,02;0,0
04.08.2026;11:45;12:00;1,45;0,56;-0,17;0,0;-0,02;0,0;0,0;0,0;-0,01;0,0;-0,11;0,0;-0,47;-0,33;-0,02;0,0;-0,01;0,0;0,0;0,0;0,0;0,0;0,0;0,0;-0,01;0,0;0,0;0,0;-0,02;0,0;0,0;0,0;-0,01;0,0;-0,04;0,0;-0,01;0,0;-0,01;0,0;-0,02;0,0;-0,41;-0,27;0,0;0,0;-0,11;0,0;0,0;0,0;-0,01;0,0;-0,01;0,0;-0,02;0,0
04.08.2026;12:00;12:15;1,69;0,76;-0,17;0,0;-0,03;0,0;0,0;0,0;-0,02;0,0;-0,12;0,0;-0,64;-0,48;-0,02;0,0;0,0;0,0;0,0;0,0;0,0;0,0;0,0;0,0;0,0;0,0;0,0;0,0;-0,01;0,0;0,0;0,0;-0,02;0,0;-0,03;0,0;-0,01;0,0;-0,01;0,0;-0,01;0,0;-0,08;0,0;-0,01;0,0;-0,28;-0,12;0,0;0,0;-0,01;0,0;-0,04;0,0;-0,02;0,0
04.08.2026;12:15;12:30;1,71;0,85;-0,16;0,0;0,0;0,0;0,0;0,0;-0,01;0,0;-0,1;0,0;-0,4;-0,22;-0,02;0,0;-0,01;0,0;0,0;0,0;0,0;0,0;0,0;0,0;0,0;0,0;0,0;0,0;-0,01;0,0;-0,01;0,0;-0,01;0,0;-0,03;0,0;-0,01;0,0;0,0;0,0;0,0;0,0;-0,07;0,0;-0,01;0,0;-0,48;-0,3;0,0;0,0;-0,01;0,0;-0,01;0,0;-0,03;0,0
04.08.2026;12:30;12:45;1,9;0,98;-0,15;0,0;-0,03;0,0;0,0;0,0;-0,02;0,0;-0,11;0,0;-0,21;-0,01;-0,02;0,0;0,0;0,0;0,0;0,0;0,0;0,0;0,0;0,0;-0,02;0,0;0,0;0,0;-0,01;0,0;0,0;0,0;-0,01;0,0;-0,03;0,0;-0,01;0,0;-0,01;0,0;-0,02;0,0;-0,03;0,0;-0,01;0,0;-0,41;-0,21;0,0;0,0;-0,01;0,0;-0,01;0,0;-0,02;0,0
04.08.2026;12:45;13:00;1,84;1,05;-0,18;0,0;-0,02;0,0;0,0;0,0;-0,02;0,0;-0,11;0,0;-0,04;0,0;-0,02;0,0;-0,01;0,0;0,0;0,0;-0,01;0,0;0,0;0,0;-0,02;0,0;0,0;0,0;-0,02;0,0;0,0;0,0;-0,02;0,0;-0,02;0,0;-0,01;0,0;-0,01;0,0;0,0;0,0;-0,04;0,0;-0,01;0,0;-0,4;-0,2;0,0;0,0;-0,01;0,0;0,0;0,0;-0,02;0,0
04.08.2026;13:00;13:15;1,84;1,1;-0,17;0,0;-0,02;0,0;0,0;0,0;-0,01;0,0;-0,09;0,0;-0,08;0,0;-0,02;0,0;-0,01;0,0;0,0;0,0;0,0;0,0;0,0;0,0;0,0;0,0;0,0;0,0;0,0;0,0;0,0;0,0;-0,01;0,0;-0,01;0,0;-0,01;0,0;-0,01;0,0;-0,02;0,0;-0,01;0,0;-0,01;0,0;-0,51;-0,3;0,0;0,0;-0,01;0,0;-0,01;0,0;-0,03;0,0
04.08.2026;13:15;13:30;1,81;1,04;-0,17;0,0;-0,02;0,0;0,0;0,0;0,0;0,0;-0,08;0,0;-0,09;0,0;-0,02;0,0;-0,01;0,0;0,0;0,0;0,0;0,0;0,0;0,0;-0,01;0,0;0,0;0,0;-0,02;0,0;0,0;0,0;-0,02;0,0;-0,01;0,0;-0,01;0,0;-0,01;0,0;-0,01;0,0;-0,05;0,0;-0,01;0,0;-0,41;-0,22;0,0;0,0;-0,01;0,0;-0,01;0,0;-0,02;0,0
04.08.2026;13:30;13:45;1,79;1,1;-0,14;0,0;-0,02;0,0;-0,01;0,0;-0,02;0,0;-0,09;0,0;-0,08;0,0;-0,01;0,0;0,0;0,0;0,0;0,0;0,0;0,0;0,0;0,0;0,0;0,0;0,0;0,0;-0,01;0,0;0,0;0,0;-0,01;0,0;-0,02;0,0;-0,01;0,0;-0,01;0,0;0,0;0,0;-0,01;0,0;-0,01;0,0;-0,34;-0,13;-0,01;0,0;-0,01;0,0;0,0;0,0;-0,01;0,0
04.08.2026;13:45;14:00;1,77;1,09;-0,15;0,0;-0,03;0,0;0,0;0,0;-0,02;0,0;-0,09;0,0;-0,03;0,0;-0,01;0,0;-0,01;0,0;0,0;0,0;0,0;0,0;0,0;0,0;-0,02;0,0;-0,01;0,0;-0,01;0,0;0,0;0,0;0,0;0,0;-0,01;0,0;-0,01;0,0;0,0;0,0;-0,02;0,0;-0,02;0,0;-0,01;0,0;-0,32;-0,11;0,0;0,0;-0,01;0,0;0,0;0,0;-0,01;0,0
04.08.2026;14:00;14:15;1,73;1,07;-0,14;0,0;-0,02;0,0;0,0;0,0;-0,01;0,0;-0,1;0,0;-0,03;0,0;-0,01;0,0;-0,01;0,0;0,0;0,0;0,0;0,0;0,0;0,0;-0,02;0,0;0,0;0,0;-0,01;0,0;0,0;0,0;-0,01;0,0;-0,01;0,0;-0,01;0,0;-0,01;0,0;-0,01;0,0;-0,01;0,0;-0,01;0,0;-0,32;-0,12;0,0;0,0;-0,01;0,0;-0,01;0,0;-0,02;0,0
04.08.2026;14:15;14:30;1,2;0,59;-0,15;0,0;-0,03;0,0;0,0;0,0;-0,02;0,0;-0,11;0,0;-0,04;0,0;-0,02;0,0;0,0;0,0;0,0;0,0;0,0;0,0;0,0;0,0;0,0;0,0;0,0;0,0;-0,01;0,0;0,0;0,0;0,0;0,0;-0,02;0,0;-0,01;0,0;-0,01;0,0;-0,01;0,0;-0,02;0,0;0,0;0,0;-0,32;-0,2;0,0;0,0;-0,01;0,0;0,0;0,0;-0,03;0,0
04.08.2026;14:30;14:45;0,11;0,11;-0,16;-0,16;-0,02;-0,02;0,0;0,0;-0,01;-0,01;-0,09;-0,09;-0,03;-0,03;-0,02;-0,02;-0,01;-0,01;0,0;0,0;0,0;0,0;0,0;0,0;-0,01;-0,01;0,0;0,0;-0,02;-0,02;0,0;0,0;0,0;0,0;-0,03;-0,03;-0,01;-0,01;-0,01;-0,01;-0,01;-0,01;-0,01;-0,01;-0,02;-0,02;-0,32;-0,32;0,0;0,0;-0,01;-0,01;-0,01;-0,01;-0,02;-0,02
04.08.2026;14:45;15:00;0,0;0,0;-0,17;-0,17;-0,02;-0,02;0,0;0,0;-0,01;-0,01;-0,08;-0,08;-0,03;-0,03;-0,02;-0,02;-0,01;-0,01;0,0;0,0;0,0;0,0;0,0;0,0;0,0;0,0;0,0;0,0;-0,01;-0,01;-0,01;-0,01;0,0;0,0;-0,02;-0,02;-0,01;-0,01;0,0;0,0;0,0;0,0;-0,01;-0,01;-0,01;-0,01;-0,34;-0,34;0,0;0,0;-0,01;-0,01;0,0;0,0;-0,02;-0,02
04.08.2026;15:00;15:15;0,0;0,0;-0,22;-0,22;-0,03;-0,03;0,0;0,0;-0,03;-0,03;-0,09;-0,09;-0,03;-0,03;-0,02;-0,02;0,0;0,0;0,0;0,0;0,0;0,0;0,0;0,0;-0,02;-0,02;0,0;0,0;-0,01;-0,01;0,0;0,0;-0,01;-0,01;-0,02;-0,02;-0,01;-0,01;-0,09;-0,09;-0,02;-0,02;0,0;0,0;-0,01;-0,01;-0,33;-0,33;0,0;0,0;-0,01;-0,01;-0,01;-0,01;-0,03;-0,03
04.08.2026;15:15;15:30;1,38;0,57;-0,17;0,0;-0,03;0,0;0,0;0,0;-0,05;0,0;-0,1;0,0;-0,03;0,0;-0,02;0,0;-0,01;0,0;0,0;0,0;-0,01;0,0;0,0;0,0;-0,01;0,0;0,0;0,0;-0,01;0,0;0,0;0,0;-0,01;0,0;-0,03;0,0;-0,01;0,0;-0,34;-0,21;-0,01;0,0;-0,02;0,0;0,0;0,0;-0,35;-0,22;0,0;0,0;-0,01;0,0;0,0;0,0;-0,02;0,0
04.08.2026;15:30;15:45;1,46;0,46;-0,23;0,0;-0,02;0,0;0,0;0,0;-0,05;0,0;-0,16;-0,03;-0,03;0,0;-0,23;-0,1;-0,01;0,0;0,0;0,0;0,0;0,0;0,0;0,0;-0,01;0,0;0,0;0,0;-0,01;0,0;0,0;0,0;-0,02;0,0;-0,02;0,0;-0,01;0,0;-0,37;-0,24;0,0;0,0;-0,01;0,0;-0,01;0,0;-0,27;-0,14;-0,01;0,0;-0,01;0,0;-0,01;0,0;-0,02;0,0
04.08.2026;15:45;16:00;1,37;0,46;-0,22;0,0;-0,01;0,0;0,0;0,0;-0,04;0,0;-0,33;-0,22;-0,04;0,0;-0,36;-0,25;-0,01;0,0;0,0;0,0;0,0;0,0;0,0;0,0;-0,01;0,0;-0,01;0,0;-0,01;0,0;0,0;0,0;-0,01;0,0;-0,02;0,0;-0,01;0,0;-0,28;-0,17;-0,02;0,0;-0,01;0,0;-0,01;0,0;-0,17;-0,06;0,0;0,0;-0,01;0,0;0,0;0,0;-0,03;0,0
04.08.2026;16:00;16:15;1,27;0,43;-0,19;0,0;-0,02;0,0;0,0;0,0;-0,04;0,0;-0,3;-0,2;-0,03;0,0;-0,34;-0,24;0,0;0,0;-0,01;0,0;0,0;0,0;-0,01;0,0;0,0;0,0;0,0;0,0;-0,02;0,0;0,0;0,0;-0,02;0,0;-0,04;0,0;-0,01;0,0;-0,27;-0,17;0,0;0,0;0,0;0,0;-0,01;0,0;-0,17;-0,07;0,0;0,0;-0,01;0,0;0,0;0,0;-0,03;0,0
04.08.2026;16:15;16:30;1,1;0,27;-0,25;-0,02;-0,03;0,0;0,0;0,0;-0,04;0,0;-0,15;-0,07;-0,04;0,0;-0,1;-0,02;-0,01;0,0;0,0;0,0;0,0;0,0;0,0;0,0;-0,03;0,0;0,0;0,0;0,0;0,0;0,0;0,0;-0,01;0,0;-0,05;0,0;-0,01;0,0;-0,06;0,0;-0,01;0,0;-0,01;0,0;-0,01;0,0;-0,17;-0,09;0,0;0,0;-0,02;0,0;-0,01;0,0;-0,02;0,0
04.08.2026;16:30;16:45;0,71;0,19;-0,16;-0,03;-0,03;0,0;0,0;0,0;-0,04;-0,01;-0,13;-0,1;-0,03;0,0;-0,09;-0,06;0,0;0,0;0,0;0,0;0,0;0,0;0,0;0,0;-0,02;0,0;0,0;0,0;-0,02;0,0;0,0;0,0;-0,02;0,0;-0,03;0,0;-0,01;0,0;-0,03;0,0;-0,02;0,0;-0,02;0,0;-0,01;0,0;-0,16;-0,13;0,0;0,0;-0,01;0,0;-0,01;0,0;-0,01;0,0
04.08.2026;16:45;17:00;0,2;0,15;-0,17;-0,12;-0,05;-0,05;0,0;0,0;-0,04;-0,04;-0,13;-0,13;-0,03;-0,03;-0,08;-0,08;-0,01;-0,01;0,0;0,0;0,0;0,0;0,0;0,0;-0,03;-0,03;0,0;0,0;-0,01;-0,01;0,0;0,0;-0,01;-0,01;-0,02;-0,02;0,0;0,0;-0,04;-0,04;0,0;0,0;-0,01;-0,01;-0,01;-0,01;-0,15;-0,15;0,0;0,0;-0,01;-0,01;0,0;0,0;-0,02;-0,02
04.08.2026;17:00;17:15;0,21;0,16;-0,17;-0,12;-0,05;-0,05;-0,01;-0,01;-0,04;-0,04;-0,14;-0,14;-0,02;-0,02;-0,08;-0,08;-0,01;-0,01;0,0;0,0;0,0;0,0;0,0;0,0;-0,03;-0,03;0,0;0,0;-0,01;-0,01;0,0;0,0;-0,01;-0,01;-0,01;-0,01;-0,02;-0,02;-0,03;-0,03;-0,01;-0,01;0,0;0,0;-0,01;-0,01;-0,15;-0,15;0,0;0,0;-0,01;-0,01;0,0;0,0;-0,02;-0,02
04.08.2026;17:15;17:30;0,08;0,08;-0,17;-0,17;-0,04;-0,04;0,0;0,0;-0,04;-0,04;-0,4;-0,4;0,0;0,0;-0,34;-0,34;0,0;0,0;0,0;0,0;0,0;0,0;0,0;0,0;-0,02;-0,02;0,0;0,0;-0,02;-0,02;-0,01;-0,01;-0,02;-0,02;-0,01;-0,01;-0,01;-0,01;-0,03;-0,03;-0,02;-0,02;-0,01;-0,01;-0,01;-0,01;-0,17;-0,17;0,0;0,0;-0,01;-0,01;-0,01;-0,01;-0,03;-0,03
04.08.2026;17:30;17:45;0,02;0,02;-0,2;-0,2;-0,05;-0,05;0,0;0,0;-0,04;-0,04;-0,25;-0,25;-0,02;-0,02;-0,12;-0,12;-0,01;-0,01;0,0;0,0;0,0;0,0;0,0;0,0;-0,04;-0,04;0,0;0,0;-0,02;-0,02;0,0;0,0;-0,01;-0,01;-0,01;-0,01;0,0;0,0;-0,02;-0,02;0,0;0,0;-0,02;-0,02;-0,01;-0,01;-0,14;-0,14;-0,01;-0,01;-0,01;-0,01;-0,01;-0,01;-0,02;-0,02
04.08.2026;17:45;18:00;0,02;0,02;-0,21;-0,21;-0,08;-0,08;0,0;0,0;-0,03;-0,03;-0,09;-0,09;-0,06;-0,06;-0,07;-0,07;0,0;0,0;0,0;0,0;-0,01;-0,01;0,0;0,0;-0,04;-0,04;0,0;0,0;-0,03;-0,03;0,0;0,0;0,0;0,0;-0,01;-0,01;-0,01;-0,01;-0,02;-0,02;-0,02;-0,02;-0,01;-0,01;-0,01;-0,01;-0,16;-0,16;0,0;0,0;-0,01;-0,01;0,0;0,0;-0,03;-0,03
04.08.2026;18:00;18:15;0,02;0,02;-0,16;-0,16;-0,05;-0,05;0,0;0,0;-0,04;-0,04;-0,09;-0,09;-0,05;-0,05;-0,78;-0,78;-0,01;-0,01;0,0;0,0;0,0;0,0;0,0;0,0;-0,03;-0,03;-0,01;-0,01;-0,03;-0,03;0,0;0,0;0,0;0,0;-0,03;-0,03;-0,01;-0,01;-0,01;-0,01;0,0;0,0;0,0;0,0;-0,01;-0,01;-0,17;-0,17;0,0;0,0;-0,01;-0,01;0,0;0,0;-0,03;-0,03
04.08.2026;18:15;18:30;0,06;0,06;-0,2;-0,2;-0,05;-0,05;0,0;0,0;-0,04;-0,04;-0,12;-0,12;-0,1;-0,1;-0,27;-0,27;-0,01;-0,01;0,0;0,0;0,0;0,0;0,0;0,0;-0,03;-0,03;0,0;0,0;-0,02;-0,02;0,0;0,0;-0,01;-0,01;-0,02;-0,02;-0,01;-0,01;-0,02;-0,02;-0,01;-0,01;-0,01;-0,01;-0,01;-0,01;-0,19;-0,19;0,0;0,0;-0,01;-0,01;-0,01;-0,01;-0,04;-0,04
04.08.2026;18:30;18:45;0,04;0,04;-0,27;-0,27;-0,14;-0,14;0,0;0,0;-0,05;-0,05;-0,11;-0,11;-0,06;-0,06;-0,07;-0,07;-0,01;-0,01;0,0;0,0;0,0;0,0;0,0;0,0;-0,03;-0,03;0,0;0,0;-0,04;-0,04;0,0;0,0;0,0;0,0;-0,02;-0,02;-0,02;-0,02;-0,03;-0,03;-0,02;-0,02;-0,01;-0,01;-0,01;-0,01;-0,21;-0,21;0,0;0,0;-0,01;-0,01;0,0;0,0;-0,04;-0,04
04.08.2026;18:45;19:00;0,0;0,0;-0,32;-0,32;-0,09;-0,09;0,0;0,0;-0,04;-0,04;-0,39;-0,39;-0,06;-0,06;-0,07;-0,07;0,0;0,0;0,0;0,0;0,0;0,0;0,0;0,0;-0,06;-0,06;0,0;0,0;-0,05;-0,05;0,0;0,0;-0,01;-0,01;-0,08;-0,08;0,0;0,0;-0,01;-0,01;0,0;0,0;-0,02;-0,02;-0,01;-0,01;-0,21;-0,21;0,0;0,0;-0,01;-0,01;-0,01;-0,01;-0,04;-0,04
04.08.2026;19:00;19:15;0,0;0,0;-0,21;-0,21;-0,06;-0,06;0,0;0,0;-0,04;-0,04;-0,17;-0,17;-0,04;-0,04;-0,3;-0,3;-0,01;-0,01;0,0;0,0;0,0;0,0;0,0;0,0;-0,04;-0,04;0,0;0,0;-0,03;-0,03;0,0;0,0;-0,01;-0,01;-0,06;-0,06;-0,01;-0,01;0,0;0,0;-0,01;-0,01;0,0;0,0;0,0;0,0;-0,2;-0,2;0,0;0,0;-0,01;-0,01;0,0;0,0;-0,04;-0,04
04.08.2026;19:15;19:30;0,01;0,01;-0,32;-0,32;-0,05;-0,05;0,0;0,0;-0,1;-0,1;-0,14;-0,14;-0,04;-0,04;-0,52;-0,52;-0,01;-0,01;0,0;0,0;0,0;0,0;0,0;0,0;-0,03;-0,03;0,0;0,0;-0,04;-0,04;0,0;0,0;-0,08;-0,08;-0,08;-0,08;-0,01;-0,01;-0,01;-0,01;-0,01;-0,01;-0,01;-0,01;-0,01;-0,01;-0,22;-0,22;0,0;0,0;-0,01;-0,01;0,0;0,0;-0,04;-0,04
04.08.2026;19:30;19:45;0,01;0,01;-0,16;-0,16;-0,04;-0,04;0,0;0,0;-0,41;-0,41;-0,15;-0,15;-0,05;-0,05;-0,21;-0,21;0,0;0,0;0,0;0,0;0,0;0,0;0,0;0,0;-0,01;-0,01;0,0;0,0;-0,02;-0,02;0,0;0,0;-0,05;-0,05;-0,06;-0,06;-0,01;-0,01;-0,01;-0,01;-0,01;-0,01;-0,01;-0,01;-0,02;-0,02;-0,42;-0,42;-0,01;-0,01;-0,01;-0,01;-0,01;-0,01;-0,04;-0,04
04.08.2026;19:45;20:00;0,01;0,01;-0,21;-0,21;-0,07;-0,07;0,0;0,0;-0,19;-0,19;-0,14;-0,14;-0,03;-0,03;-0,17;-0,17;-0,01;-0,01;0,0;0,0;0,0;0,0;0,0;0,0;0,0;0,0;0,0;0,0;-0,03;-0,03;-0,01;-0,01;-0,05;-0,05;-0,06;-0,06;-0,02;-0,02;-0,03;-0,03;-0,01;-0,01;-0,02;-0,02;-0,01;-0,01;-0,46;-0,46;0,0;0,0;-0,01;-0,01;-0,01;-0,01;-0,04;-0,04
04.08.2026;20:00;20:15;0,0;0,0;-0,18;-0,18;-0,06;-0,06;0,0;0,0;-0,28;-0,28;-0,13;-0,13;-0,03;-0,03;-0,18;-0,18;-0,01;-0,01;0,0;0,0;0,0;0,0;0,0;0,0;-0,01;-0,01;-0,01;-0,01;-0,28;-0,28;0,0;0,0;-0,05;-0,05;-0,06;-0,06;-0,03;-0,03;-0,03;-0,03;-0,01;-0,01;0,0;0,0;0,0;0,0;-0,47;-0,47;0,0;0,0;-0,01;-0,01;0,0;0,0;-0,04;-0,04
04.08.2026;20:15;20:30;0,01;0,01;-0,18;-0,18;-0,05;-0,05;-0,01;-0,01;-0,06;-0,06;-0,13;-0,13;-0,04;-0,04;-0,17;-0,17;0,0;0,0;0,0;0,0;-0,01;-0,01;0,0;0,0;-0,01;-0,01;0,0;0,0;-0,29;-0,29;0,0;0,0;-0,04;-0,04;-0,06;-0,06;-0,04;-0,04;-0,03;-0,03;-0,01;-0,01;-0,01;-0,01;-0,01;-0,01;-0,46;-0,46;0,0;0,0;-0,01;-0,01;0,0;0,0;-0,03;-0,03
04.08.2026;20:30;20:45;0,01;0,01;-0,19;-0,19;-0,06;-0,06;0,0;0,0;-0,05;-0,05;-0,12;-0,12;-0,04;-0,04;-0,18;-0,18;-0,01;-0,01;0,0;0,0;0,0;0,0;0,0;0,0;-0,02;-0,02;0,0;0,0;-0,17;-0,17;0,0;0,0;-0,02;-0,02;-0,04;-0,04;-0,05;-0,05;-0,04;-0,04;-0,01;-0,01;-0,01;-0,01;-0,01;-0,01;-0,36;-0,36;0,0;0,0;-0,01;-0,01;-0,01;-0,01;-0,04;-0,04
04.08.2026;20:45;21:00;0,0;0,0;-0,18;-0,18;-0,06;-0,06;0,0;0,0;-0,04;-0,04;-0,12;-0,12;-0,03;-0,03;-0,17;-0,17;0,0;0,0;0,0;0,0;0,0;0,0;0,0;0,0;-0,02;-0,02;0,0;0,0;-0,07;-0,07;0,0;0,0;-0,02;-0,02;-0,05;-0,05;-0,05;-0,05;-0,02;-0,02;-0,01;-0,01;-0,01;-0,01;-0,01;-0,01;-0,23;-0,23;0,0;0,0;-0,02;-0,02;-0,01;-0,01;-0,04;-0,04
04.08.2026;21:00;21:15;0,0;0,0;-0,17;-0,17;-0,07;-0,07;0,0;0,0;-0,05;-0,05;-0,12;-0,12;-0,03;-0,03;-0,17;-0,17;-0,01;-0,01;-0,01;-0,01;0,0;0,0;-0,01;-0,01;-0,01;-0,01;0,0;0,0;-0,09;-0,09;0,0;0,0;-0,02;-0,02;-0,05;-0,05;-0,04;-0,04;-0,14;-0,14;-0,01;-0,01;-0,01;-0,01;-0,01;-0,01;-0,19;-0,19;0,0;0,0;0,0;0,0;0,0;0,0;-0,03;-0,03
04.08.2026;21:15;21:30;0,0;0,0;-0,23;-0,23;-0,04;-0,04;0,0;0,0;-0,06;-0,06;-0,1;-0,1;-0,03;-0,03;-0,15;-0,15;-0,01;-0,01;0,0;0,0;0,0;0,0;0,0;0,0;0,0;0,0;0,0;0,0;-0,07;-0,07;0,0;0,0;-0,01;-0,01;-0,04;-0,04;-0,02;-0,02;-0,5;-0,5;-0,01;-0,01;-0,01;-0,01;-0,01;-0,01;-0,1;-0,1;0,0;0,0;-0,02;-0,02;0,0;0,0;-0,01;-0,01
04.08.2026;21:30;21:45;0,0;0,0;-0,19;-0,19;-0,06;-0,06;0,0;0,0;-0,05;-0,05;-0,1;-0,1;-0,04;-0,04;-0,16;-0,16;-0,01;-0,01;0,0;0,0;0,0;0,0;0,0;0,0;-0,01;-0,01;0,0;0,0;-0,07;-0,07;0,0;0,0;-0,02;-0,02;-0,04;-0,04;-0,02;-0,02;-0,27;-0,27;0,0;0,0;-0,01;-0,01;-0,01;-0,01;-0,11;-0,11;-0,01;-0,01;0,0;0,0;-0,01;-0,01;-0,02;-0,02
04.08.2026;21:45;22:00;0,0;0,0;-0,21;-0,21;-0,04;-0,04;0,0;0,0;-0,05;-0,05;-0,11;-0,11;-0,03;-0,03;-0,16;-0,16;0,0;0,0;0,0;0,0;0,0;0,0;0,0;0,0;-0,01;-0,01;0,0;0,0;-0,07;-0,07;0,0;0,0;-0,02;-0,02;-0,04;-0,04;-0,02;-0,02;-0,44;-0,44;-0,02;-0,02;-0,01;-0,01;-0,01;-0,01;-0,13;-0,13;0,0;0,0;-0,02;-0,02;-0,01;-0,01;-0,02;-0,02
04.08.2026;22:00;22:15;0,0;0,0;-0,19;-0,19;-0,05;-0,05;0,0;0,0;-0,05;-0,05;-0,1;-0,1;-0,02;-0,02;-0,16;-0,16;-0,01;-0,01;0,0;0,0;0,0;0,0;0,0;0,0;-0,02;-0,02;0,0;0,0;-0,07;-0,07;0,0;0,0;-0,01;-0,01;-0,05;-0,05;-0,01;-0,01;-0,05;-0,05;-0,01;-0,01;0,0;0,0;-0,01;-0,01;-0,13;-0,13;0,0;0,0;0,0;0,0;0,0;0,0;-0,03;-0,03
04.08.2026;22:15;22:30;0,0;0,0;-0,23;-0,23;-0,06;-0,06;0,0;0,0;-0,05;-0,05;-0,09;-0,09;-0,01;-0,01;-0,14;-0,14;-0,01;-0,01;0,0;0,0;0,0;0,0;0,0;0,0;-0,01;-0,01;-0,01;-0,01;-0,07;-0,07;-0,01;-0,01;-0,02;-0,02;-0,04;-0,04;-0,02;-0,02;-0,04;-0,04;-0,01;-0,01;-0,01;-0,01;-0,01;-0,01;-0,09;-0,09;0,0;0,0;-0,02;-0,02;0,0;0,0;-0,03;-0,03
04.08.2026;22:30;22:45;0,0;0,0;-0,16;-0,16;-0,06;-0,06;0,0;0,0;-0,03;-0,03;-0,09;-0,09;-0,02;-0,02;-0,12;-0,12;0,0;0,0;0,0;0,0;0,0;0,0;0,0;0,0;0,0;0,0;0,0;0,0;-0,07;-0,07;0,0;0,0;0,0;0,0;-0,05;-0,05;-0,02;-0,02;-0,02;-0,02;-0,01;-0,01;-0,02;-0,02;-0,01;-0,01;-0,01;-0,01;0,0;0,0;0,0;0,0;-0,01;-0,01;-0,02;-0,02
04.08.2026;22:45;23:00;0,0;0,0;-0,2;-0,2;-0,06;-0,06;0,0;0,0;-0,03;-0,03;-0,09;-0,09;-0,02;-0,02;-0,14;-0,14;-0,01;-0,01;0,0;0,0;-0,01;-0,01;0,0;0,0;-0,01;-0,01;0,0;0,0;-0,13;-0,13;0,0;0,0;-0,01;-0,01;-0,02;-0,02;-0,01;-0,01;-0,02;-0,02;-0,01;-0,01;-0,01;-0,01;-0,01;-0,01;-0,02;-0,02;0,0;0,0;-0,02;-0,02;0,0;0,0;-0,03;-0,03
04.08.2026;23:00;23:15;0,0;0,0;-0,16;-0,16;-0,04;-0,04;0,0;0,0;-0,05;-0,05;-0,08;-0,08;-0,01;-0,01;-0,14;-0,14;0,0;0,0;0,0;0,0;0,0;0,0;0,0;0,0;-0,02;-0,02;0,0;0,0;-0,37;-0,37;0,0;0,0;0,0;0,0;-0,02;-0,02;-0,02;-0,02;-0,01;-0,01;-0,01;-0,01;0,0;0,0;-0,01;-0,01;-0,01;-0,01;0,0;0,0;0,0;0,0;-0,01;-0,01;-0,02;-0,02
04.08.2026;23:15;23:30;0,0;0,0;-0,17;-0,17;-0,04;-0,04;0,0;0,0;-0,03;-0,03;-0,11;-0,11;-0,01;-0,01;-0,14;-0,14;-0,01;-0,01;0,0;0,0;0,0;0,0;0,0;0,0;-0,01;-0,01;0,0;0,0;-0,07;-0,07;0,0;0,0;-0,01;-0,01;-0,03;-0,03;-0,02;-0,02;-0,02;-0,02;-0,01;-0,01;-0,01;-0,01;-0,02;-0,02;-0,02;-0,02;0,0;0,0;-0,02;-0,02;0,0;0,0;-0,02;-0,02
04.08.2026;23:30;23:45;0,0;0,0;-0,16;-0,16;-0,03;-0,03;-0,01;-0,01;-0,04;-0,04;-0,13;-0,13;-0,01;-0,01;-0,17;-0,17;-0,01;-0,01;0,0;0,0;0,0;0,0;0,0;0,0;-0,01;-0,01;0,0;0,0;-0,07;-0,07;0,0;0,0;0,0;0,0;-0,02;-0,02;-0,01;-0,01;0,0;0,0;0,0;0,0;-0,01;-0,01;-0,01;-0,01;-0,02;-0,02;-0,01;-0,01;0,0;0,0;-0,01;-0,01;-0,03;-0,03
04.08.2026;23:45;00:00;0,0;0,0;-0,16;-0,16;-0,05;-0,05;0,0;0,0;-0,04;-0,04;-0,13;-0,13;-0,02;-0,02;-0,14;-0,14;0,0;0,0;0,0;0,0;0,0;0,0;0,0;0,0;0,0;0,0;0,0;0,0;-0,15;-0,15;0,0;0,0;-0,01;-0,01;-0,02;-0,02;-0,01;-0,01;-0,01;-0,01;-0,02;-0,02;-0,01;-0,01;0,0;0,0;-0,01;-0,01;0,0;0,0;-0,02;-0,02;0,0;0,0;-0,02;-0,02
05.08.2026;00:00;00:15;0,0;0,0;-0,16;-0,16;-0,05;-0,05;0,0;0,0;-0,02;-0,02;-0,12;-0,12;0,0;0,0;-0,12;-0,12;-0,01;-0,01;0,0;0,0;0,0;0,0;0,0;0,0;-0,01;-0,01;0,0;0,0;-0,25;-0,25;0,0;0,0;-0,01;-0,01;-0,03;-0,03;-0,02;-0,02;-0,01;-0,01;-0,01;-0,01;-0,01;-0,01;-0,02;-0,02;-0,02;-0,02;0,0;0,0;0,0;0,0;-0,01;-0,01;-0,02;-0,02
05.08.2026;00:15;00:30;0,0;0,0;-0,19;-0,19;-0,04;-0,04;0,0;0,0;-0,04;-0,04;-0,11;-0,11;-0,01;-0,01;-0,13;-0,13;-0,01;-0,01;0,0;0,0;0,0;0,0;0,0;0,0;-0,02;-0,02;-0,01;-0,01;-0,05;-0,05;0,0;0,0;-0,02;-0,02;-0,02;-0,02;-0,01;-0,01;-0,01;-0,01;0,0;0,0;-0,01;-0,01;-0,01;-0,01;-0,06;-0,06;0,0;0,0;-0,02;-0,02;0,0;0,0;-0,01;-0,01
05.08.2026;00:30;00:45;0,0;0,0;-0,15;-0,15;-0,03;-0,03;0,0;0,0;-0,04;-0,04;-0,13;-0,13;-0,01;-0,01;-0,13;-0,13;-0,01;-0,01;0,0;0,0;0,0;0,0;0,0;0,0;-0,01;-0,01;0,0;0,0;-0,02;-0,02;0,0;0,0;-0,01;-0,01;-0,02;-0,02;0,0;0,0;-0,01;-0,01;-0,02;-0,02;-0,01;-0,01;-0,01;-0,01;-0,09;-0,09;0,0;0,0;0,0;0,0;0,0;0,0;-0,02;-0,02
05.08.2026;00:45;01:00;0,0;0,0;-0,17;-0,17;-0,04;-0,04;0,0;0,0;-0,02;-0,02;-0,02;-0,02;-0,01;-0,01;-0,11;-0,11;0,0;0,0;0,0;0,0;0,0;0,0;0,0;0,0;-0,01;-0,01;0,0;0,0;-0,03;-0,03;-0,01;-0,01;-0,02;-0,02;-0,02;-0,02;-0,02;-0,02;-0,02;-0,02;0,0;0,0;-0,01;-0,01;0,0;0,0;-0,12;-0,12;0,0;0,0;-0,02;-0,02;-0,01;-0,01;-0,03;-0,03
05.08.2026;01:00;01:15;0,0;0,0;-0,16;-0,16;-0,02;-0,02;0,0;0,0;-0,01;-0,01;-0,05;-0,05;-0,01;-0,01;-0,1;-0,1;-0,01;-0,01;0,0;0,0;0,0;0,0;0,0;0,0;0,0;0,0;0,0;0,0;-0,01;-0,01;0,0;0,0;-0,02;-0,02;-0,03;-0,03;-0,01;-0,01;-0,01;-0,01;-0,01;-0,01;-0,01;-0,01;-0,01;-0,01;-0,1;-0,1;0,0;0,0;-0,01;-0,01;-0,01;-0,01;-0,02;-0,02
05.08.2026;01:15;01:30;0,0;0,0;-0,15;-0,15;-0,02;-0,02;0,0;0,0;-0,02;-0,02;-0,02;-0,02;-0,02;-0,02;-0,16;-0,16;0,0;0,0;0,0;0,0;-0,01;-0,01;0,0;0,0;-0,01;-0,01;0,0;0,0;-0,02;-0,02;0,0;0,0;-0,01;-0,01;-0,02;-0,02;-0,01;-0,01;0,0;0,0;-0,02;-0,02;-0,01;-0,01;-0,01;-0,01;-0,11;-0,11;0,0;0,0;-0,01;-0,01;0,0;0,0;-0,03;-0,03
05.08.2026;01:30;01:45;0,0;0,0;-0,15;-0,15;-0,03;-0,03;0,0;0,0;-0,01;-0,01;-0,03;-0,03;0,0;0,0;-0,16;-0,16;-0,01;-0,01;0,0;0,0;0,0;0,0;0,0;0,0;-0,01;-0,01;0,0;0,0;-0,03;-0,03;0,0;0,0;-0,02;-0,02;-0,02;-0,02;-0,01;-0,01;-0,01;-0,01;0,0;0,0;-0,01;-0,01;-0,01;-0,01;-0,09;-0,09;-0,01;-0,01;-0,01;-0,01;0,0;0,0;-0,02;-0,02
05.08.2026;01:45;02:00;0,0;0,0;-0,16;-0,16;-0,02;-0,02;0,0;0,0;-0,04;-0,04;-0,03;-0,03;-0,01;-0,01;-0,15;-0,15;-0,01;-0,01;0,0;0,0;0,0;0,0;0,0;0,0;-0,02;-0,02;0,0;0,0;-0,02;-0,02;0,0;0,0;-0,02;-0,02;-0,02;-0,02;-0,02;-0,02;-0,01;-0,01;-0,01;-0,01;0,0;0,0;-0,02;-0,02;-0,07;-0,07;0,0;0,0;-0,01;-0,01;-0,01;-0,01;-0,02;-0,02
05.08.2026;02:00;02:15;0,0;0,0;-0,15;-0,15;-0,02;-0,02;0,0;0,0;-0,04;-0,04;-0,02;-0,02;-0,01;-0,01;-0,16;-0,16;0,0;0,0;-0,01;-0,01;0,0;0,0;-0,01;-0,01;-0,01;-0,01;0,0;0,0;-0,03;-0,03;0,0;0,0;-0,02;-0,02;-0,03;-0,03;0,0;0,0;-0,01;-0,01;-0,01;-0,01;-0,01;-0,01;0,0;0,0;-0,1;-0,1;0,0;0,0;-0,01;-0,01;-0,01;-0,01;-0,03;-0,03
05.08.2026;02:15;02:30;0,0;0,0;-0,16;-0,16;-0,02;-0,02;0,0;0,0;-0,02;-0,02;-0,01;-0,01;-0,01;-0,01;-0,08;-0,08;-0,01;-0,01;0,0;0,0;0,0;0,0;0,0;0,0;-0,01;-0,01;-0,01;-0,01;-0,03;-0,03;0,0;0,0;-0,03;-0,03;-0,02;-0,02;-0,02;-0,02;-0,02;-0,02;-0,01;-0,01;-0,02;-0,02;-0,01;-0,01;-0,04;-0,04;0,0;0,0;-0,01;-0,01;0,0;0,0;-0,01;-0,01
05.08.2026;02:30;02:45;0,0;0,0;-0,16;-0,16;-0,02;-0,02;0,0;0,0;-0,02;-0,02;-0,01;-0,01;-0,02;-0,02;-0,02;-0,02;-0,01;-0,01;0,0;0,0;0,0;0,0;0,0;0,0;0,0;0,0;0,0;0,0;-0,01;-0,01;0,0;0,0;-0,02;-0,02;-0,01;-0,01;-0,01;-0,01;-0,01;-0,01;-0,01;-0,01;-0,01;-0,01;-0,01;-0,01;-0,01;-0,01;0,0;0,0;-0,01;-0,01;0,0;0,0;-0,02;-0,02
05.08.2026;02:45;03:00;0,0;0,0;-0,15;-0,15;-0,03;-0,03;0,0;0,0;-0,02;-0,02;-0,01;-0,01;-0,01;-0,01;-0,03;-0,03;0,0;0,0;0,0;0,0;0,0;0,0;0,0;0,0;-0,01;-0,01;0,0;0,0;-0,03;-0,03;0,0;0,0;-0,01;-0,01;-0,01;-0,01;-0,01;-0,01;-0,01;-0,01;-0,01;-0,01;0,0;0,0;-0,01;-0,01;-0,02;-0,02;0,0;0,0;-0,02;-0,02;-0,01;-0,01;-0,02;-0,02
05.08.2026;03:00;03:15;0,0;0,0;-0,16;-0,16;-0,02;-0,02;-0,01;-0,01;-0,02;-0,02;0,0;0,0;0,0;0,0;-0,02;-0,02;-0,01;-0,01;0,0;0,0;0,0;0,0;0,0;0,0;-0,02;-0,02;0,0;0,0;-0,03;-0,03;0,0;0,0;-0,01;-0,01;-0,01;-0,01;-0,01;-0,01;-0,01;-0,01;-0,01;-0,01;-0,01;-0,01;-0,01;-0,01;-0,01;-0,01;0,0;0,0;-0,04;-0,04;-0,01;-0,01;-0,03;-0,03
05.08.2026;03:15;03:30;0,0;0,0;-0,15;-0,15;-0,02;-0,02;0,0;0,0;-0,02;-0,02;-0,01;-0,01;-0,02;-0,02;-0,02;-0,02;-0,01;-0,01;0,0;0,0;0,0;0,0;0,0;0,0;-0,01;-0,01;0,0;0,0;-0,02;-0,02;-0,01;-0,01;-0,01;-0,01;-0,01;-0,01;-0,02;-0,02;0,0;0,0;-0,01;-0,01;-0,01;-0,01;-0,01;-0,01;-0,02;-0,02;0,0;0,0;-0,02;-0,02;0,0;0,0;-0,02;-0,02
05.08.2026;03:30;03:45;0,0;0,0;-0,16;-0,16;-0,03;-0,03;0,0;0,0;-0,02;-0,02;0,0;0,0;-0,01;-0,01;-0,02;-0,02;-0,01;-0,01;0,0;0,0;0,0;0,0;0,0;0,0;-0,01;-0,01;0,0;0,0;-0,02;-0,02;0,0;0,0;-0,01;-0,01;-0,02;-0,02;0,0;0,0;-0,02;-0,02;0,0;0,0;-0,01;-0,01;-0,01;-0,01;-0,01;-0,01;-0,01;-0,01;-0,02;-0,02;0,0;0,0;-0,03;-0,03
05.08.2026;03:45;04:00;0,0;0,0;-0,16;-0,16;-0,01;-0,01;0,0;0,0;-0,01;-0,01;-0,01;-0,01;-0,01;-0,01;-0,02;-0,02;0,0;0,0;0,0;0,0;-0,01;-0,01;0,0;0,0;0,0;0,0;0,0;0,0;-0,02;-0,02;0,0;0,0;-0,01;-0,01;-0,02;-0,02;-0,02;-0,02;-0,01;-0,01;-0,02;-0,02;-0,01;-0,01;-0,01;-0,01;-0,02;-0,02;0,0;0,0;-0,01;-0,01;-0,01;-0,01;-0,02;-0,02
05.08.2026;04:00;04:15;0,0;0,0;-0,16;-0,16;-0,03;-0,03;0,0;0,0;-0,01;-0,01;0,0;0,0;-0,01;-0,01;-0,02;-0,02;-0,01;-0,01;0,0;0,0;0,0;0,0;0,0;0,0;-0,01;-0,01;0,0;0,0;-0,03;-0,03;0,0;0,0;-0,02;-0,02;-0,02;-0,02;-0,01;-0,01;-0,01;-0,01;-0,01;-0,01;-0,01;-0,01;-0,01;-0,01;-0,02;-0,02;0,0;0,0;-0,01;-0,01;0,0;0,0;-0,02;-0,02
05.08.2026;04:15;04:30;0,0;0,0;-0,16;-0,16;-0,02;-0,02;0,0;0,0;-0,01;-0,01;-0,01;-0,01;0,0;0,0;-0,02;-0,02;0,0;0,0;0,0;0,0;0,0;0,0;0,0;0,0;-0,02;-0,02;-0,01;-0,01;-0,02;-0,02;0,0;0,0;-0,02;-0,02;-0,03;-0,03;-0,01;-0,01;-0,01;-0,01;0,0;0,0;-0,01;-0,01;-0,01;-0,01;-0,01;-0,01;0,0;0,0;-0,01;-0,01;-0,01;-0,01;-0,02;-0,02
05.08.2026;04:30;04:45;0,0;0,0;-0,16;-0,16;-0,03;-0,03;0,0;0,0;-0,02;-0,02;-0,01;-0,01;-0,02;-0,02;-0,01;-0,01;-0,01;-0,01;0,0;0,0;0,0;0,0;0,0;0,0;-0,01;-0,01;0,0;0,0;-0,01;-0,01;0,0;0,0;-0,03;-0,03;-0,02;-0,02;-0,01;-0,01;-0,01;-0,01;-0,02;-0,02;-0,01;-0,01;-0,01;-0,01;-0,02;-0,02;0,0;0,0;-0,01;-0,01;0,0;0,0;-0,01;-0,01
05.08.2026;04:45;05:00;0,0;0,0;-0,16;-0,16;-0,01;-0,01;0,0;0,0;-0,01;-0,01;0,0;0,0;-0,01;-0,01;-0,01;-0,01;-0,01;-0,01;0,0;0,0;0,0;0,0;0,0;0,0;-0,01;-0,01;0,0;0,0;-0,02;-0,02;0,0;0,0;-0,02;-0,02;-0,02;-0,02;-0,01;-0,01;-0,01;-0,01;0,0;0,0;-0,01;-0,01;-0,01;-0,01;-0,01;-0,01;0,0;0,0;-0,01;-0,01;0,0;0,0;-0,02;-0,02
05.08.2026;05:00;05:15;0,0;0,0;-0,16;-0,16;-0,02;-0,02;0,0;0,0;-0,02;-0,02;0,0;0,0;-0,01;-0,01;-0,02;-0,02;0,0;0,0;0,0;0,0;0,0;0,0;0,0;0,0;0,0;0,0;0,0;0,0;-0,01;-0,01;0,0;0,0;-0,03;-0,03;-0,03;-0,03;-0,01;-0,01;-0,01;-0,01;-0,02;-0,02;-0,01;-0,01;-0,02;-0,02;-0,02;-0,02;0,0;0,0;-0,01;-0,01;-0,01;-0,01;-0,03;-0,03
05.08.2026;05:15;05:30;0,0;0,0;-0,16;-0,16;-0,03;-0,03;0,0;0,0;0,0;0,0;-0,01;-0,01;-0,01;-0,01;-0,02;-0,02;-0,01;-0,01;0,0;0,0;0,0;0,0;0,0;0,0;0,0;0,0;0,0;0,0;-0,01;-0,01;0,0;0,0;-0,02;-0,02;-0,12;-0,12;-0,01;-0,01;-0,01;-0,01;-0,01;-0,01;-0,01;-0,01;-0,01;-0,01;-0,01;-0,01;0,0;0,0;-0,01;-0,01;-0,01;-0,01;-0,02;-0,02
05.08.2026;05:30;05:45;0,0;0,0;-0,18;-0,18;-0,02;-0,02;0,0;0,0;-0,02;-0,02;0,0;0,0;0,0;0,0;-0,02;-0,02;0,0;0,0;0,0;0,0;0,0;0,0;0,0;0,0;-0,02;-0,02;0,0;0,0;-0,02;-0,02;0,0;0,0;-0,02;-0,02;-0,07;-0,07;-0,02;-0,02;-0,03;-0,03;0,0;0,0;0,0;0,0;0,0;0,0;-0,02;-0,02;-0,01;-0,01;-0,01;-0,01;0,0;0,0;-0,03;-0,03
05.08.2026;05:45;06:00;0,01;0,01;-0,2;-0,2;-0,02;-0,02;0,0;0,0;-0,01;-0,01;-0,01;-0,01;-0,01;-0,01;-0,01;-0,01;-0,01;-0,01;0,0;0,0;0,0;0,0;0,0;0,0;-0,03;-0,03;0,0;0,0;-0,01;-0,01;-0,01;-0,01;-0,02;-0,02;-0,03;-0,03;-0,01;-0,01;-0,02;-0,02;-0,02;-0,02;-0,01;-0,01;-0,02;-0,02;-0,01;-0,01;0,0;0,0;-0,01;-0,01;0,0;0,0;-0,02;-0,02
05.08.2026;06:00;06:15;0,02;0,02;-0,17;-0,17;-0,12;-0,12;0,0;0,0;-0,02;-0,02;0,0;0,0;-0,01;-0,01;-0,02;-0,02;-0,01;-0,01;0,0;0,0;0,0;0,0;0,0;0,0;-0,02;-0,02;0,0;0,0;-0,01;-0,01;0,0;0,0;-0,03;-0,03;-0,01;-0,01;-0,02;-0,02;-0,01;-0,01;0,0;0,0;-0,02;-0,02;-0,01;-0,01;-0,02;-0,02;0,0;0,0;-0,01;-0,01;-0,01;-0,01;-0,02;-0,02
05.08.2026;06:15;06:30;0,07;0,07;-0,23;-0,23;-0,28;-0,28;-0,01;-0,01;-0,02;-0,02;0,0;0,0;-0,01;-0,01;-0,02;-0,02;-0,01;-0,01;0,0;0,0;-0,01;-0,01;0,0;0,0;-0,03;-0,03;-0,01;-0,01;-0,02;-0,02;0,0;0,0;-0,02;-0,02;-0,02;-0,02;-0,01;-0,01;-0,01;-0,01;-0,01;-0,01;0,0;0,0;-0,01;-0,01;-0,01;-0,01;0,0;0,0;-0,02;-0,02;-0,01;-0,01;-0,03;-0,03
05.08.2026;06:30;06:45;0,11;0,11;-0,21;-0,21;-0,05;-0,05;0,0;0,0;-0,01;-0,01;-0,01;-0,01;-0,01;-0,01;-0,02;-0,02;0,0;0,0;0,0;0,0;0,0;0,0;0,0;0,0;-0,02;-0,02;0,0;0,0;-0,01;-0,01;0,0;0,0;-0,02;-0,02;-0,01;-0,01;-0,01;-0,01;0,0;0,0;-0,02;-0,02;-0,01;-0,01;-0,01;-0,01;-0,02;-0,02;0,0;0,0;0,0;0,0;0,0;0,0;-0,04;-0,04
05.08.2026;06:45;07:00;0,18;0,13;-0,17;-0,12;-0,17;-0,17;0,0;0,0;0,0;0,0;0,0;0,0;-0,02;-0,02;-0,02;-0,02;-0,01;-0,01;0,0;0,0;0,0;0,0;0,0;0,0;-0,05;-0,05;0,0;0,0;-0,01;-0,01;0,0;0,0;-0,01;-0,01;-0,02;-0,02;-0,02;-0,02;-0,01;-0,01;0,0;0,0;-0,01;-0,01;0,0;0,0;-0,01;-0,01;0,0;0,0;-0,02;-0,02;0,0;0,0;-0,03;-0,03
05.08.2026;07:00;07:15;0,24;0,18;-0,19;-0,13;-0,03;-0,03;0,0;0,0;-0,02;-0,02;-0,01;-0,01;-0,01;-0,01;-0,02;-0,02;-0,01;-0,01;-0,01;-0,01;0,0;0,0;-0,01;-0,01;-0,02;-0,02;0,0;0,0;-0,02;-0,02;0,0;0,0;-0,01;-0,01;-0,01;-0,01;-0,01;-0,01;-0,02;-0,02;-0,01;-0,01;-0,01;-0,01;-0,01;-0,01;-0,01;-0,01;0,0;0,0;0,0;0,0;-0,01;-0,01;-0,02;-0,02
05.08.2026;07:15;07:30;0,33;0,11;-0,29;-0,23;-0,05;-0,04;0,0;0,0;-0,02;-0,01;0,0;0,0;-0,02;-0,01;-0,02;-0,01;0,0;0,0;0,0;0,0;0,0;0,0;0,0;0,0;0,0;0,0;0,0;0,0;-0,01;0,0;0,0;0,0;-0,01;0,0;-0,02;-0,01;-0,01;0,0;-0,01;0,0;-0,01;0,0;-0,01;0,0;-0,02;-0,01;-0,02;-0,01;0,0;0,0;-0,02;-0,01;-0,01;0,0;-0,02;-0,01
05.08.2026;07:30;07:45;0,0;0,0;-0,21;-0,21;-0,06;-0,06;0,0;0,0;-0,01;-0,01;0,0;0,0;-0,01;-0,01;-0,02;-0,02;-0,01;-0,01;0,0;0,0;0,0;0,0;0,0;0,0;-0,01;-0,01;0,0;0,0;-0,02;-0,02;0,0;0,0;-0,18;-0,18;-0,02;-0,02;-0,02;-0,02;-0,01;-0,01;-0,01;-0,01;-0,01;-0,01;-0,01;-0,01;-0,01;-0,01;-0,01;-0,01;0,0;0,0;0,0;0,0;-0,03;-0,03
05.08.2026;07:45;08:00;0,0;0,0;-0,18;-0,18;-0,05;-0,05;0,0;0,0;-0,02;-0,02;-0,01;-0,01;-0,01;-0,01;-0,02;-0,02;0,0;0,0;0,0;0,0;0,0;0,0;0,0;0,0;0,0;0,0;0,0;0,0;-0,02;-0,02;0,0;0,0;-0,41;-0,41;-0,03;-0,03;0,0;0,0;-0,02;-0,02;-0,01;-0,01;-0,01;-0,01;-0,01;-0,01;-0,02;-0,02;0,0;0,0;-0,02;-0,02;0,0;0,0;-0,02;-0,02
05.08.2026;08:00;08:15;0,0;0,0;-0,18;-0,18;-0,16;-0,16;0,0;0,0;0,0;0,0;0,0;0,0;-0,01;-0,01;-0,07;-0,07;-0,01;-0,01;0,0;0,0;0,0;0,0;0,0;0,0;-0,02;-0,02;0,0;0,0;-0,01;-0,01;0,0;0,0;-0,11;-0,11;-0,02;-0,02;-0,03;-0,03;-0,01;-0,01;-0,01;-0,01;-0,01;-0,01;-0,01;-0,01;-0,02;-0,02;0,0;0,0;0,0;0,0;-0,01;-0,01;-0,03;-0,03
05.08.2026;08:15;08:30;0,35;0,11;-0,21;-0,15;-0,26;-0,25;0,0;0,0;-0,04;-0,03;-0,02;-0,01;-0,01;0,0;-0,05;-0,04;-0,01;0,0;0,0;0,0;0,0;0,0;0,0;0,0;-0,01;0,0;-0,01;0,0;-0,02;-0,01;-0,01;0,0;-0,02;-0,01;-0,02;-0,01;-0,08;-0,07;0,0;0,0;-0,01;0,0;0,0;0,0;-0,01;0,0;-0,13;-0,12;0,0;0,0;-0,02;-0,01;0,0;0,0;-0,02;-0,01
05.08.2026;08:30;08:45;0,9;0,26;-0,18;0,0;-0,18;-0,12;0,0;0,0;-0,11;-0,05;-0,02;0,0;0,0;0,0;-0,11;-0,05;-0,01;0,0;0,0;0,0;0,0;0,0;0,0;0,0;-0,01;0,0;0,0;0,0;-0,01;0,0;0,0;0,0;-0,01;0,0;-0,02;0,0;-0,06;0,0;-0,01;0,0;-0,01;0,0;-0,01;0,0;-0,01;0,0;-0,03;0,0;0,0;0,0;0,0;0,0;-0,01;0,0;-0,27;-0,21
05.08.2026;08:45;09:00;0,88;0,24;-0,18;0,0;-0,2;-0,15;0,0;0,0;-0,05;0,0;-0,01;0,0;-0,02;0,0;-0,05;0,0;0,0;0,0;0,0;0,0;-0,01;0,0;0,0;0,0;-0,01;0,0;0,0;0,0;-0,01;0,0;0,0;0,0;-0,02;0,0;-0,03;0,0;-0,05;0,0;-0,01;0,0;-0,01;0,0;-0,02;0,0;-0,01;0,0;-0,03;0,0;0,0;0,0;-0,02;0,0;0,0;0,0;-0,3;-0,25
05.08.2026;09:00;09:15;0,49;0,18;-0,18;-0,09;-0,19;-0,17;0,0;0,0;-0,07;-0,05;-0,09;-0,07;0,0;0,0;-0,06;-0,04;-0,01;0,0;0,0;0,0;0,0;0,0;0,0;0,0;0,0;0,0;0,0;0,0;-0,02;0,0;0,0;0,0;-0,01;0,0;-0,02;0,0;-0,01;0,0;-0,01;0,0;-0,01;0,0;0,0;0,0;-0,01;0,0;-0,06;-0,04;0,0;0,0;0,0;0,0;0,0;0,0;-0,21;-0,19
05.08.2026;09:15;09:30;0,53;0,15;-0,2;-0,11;-0,2;-0,18;0,0;0,0;-0,06;-0,04;-0,21;-0,19;-0,02;0,0;-0,07;-0,05;-0,01;0,0;0,0;0,0;0,0;0,0;0,0;0,0;-0,01;0,0;0,0;0,0;-0,01;0,0;0,0;0,0;-0,02;0,0;-0,02;0,0;-0,03;-0,01;0,0;0,0;-0,01;0,0;-0,01;0,0;-0,01;0,0;-0,13;-0,11;0,0;0,0;-0,02;0,0;-0,01;0,0;-0,06;-0,04
05.08.2026;09:30;09:45;0,49;0,19;-0,19;-0,09;-0,15;-0,14;-0,01;0,0;-0,04;-0,03;-0,11;-0,1;-0,01;0,0;-0,07;-0,06;0,0;0,0;0,0;0,0;0,0;0,0;0,0;0,0;-0,02;-0,01;0,0;0,0;-0,01;0,0;0,0;0,0;-0,01;0,0;-0,03;-0,02;-0,16;-0,15;-0,02;-0,01;-0,13;-0,12;-0,01;0,0;-0,01;0,0;-0,15;-0,14;-0,01;0,0;-0,01;0,0;-0,01;0,0;-0,04;-0,03
05.08.2026;09:45;10:00;0,59;0,2;-0,2;-0,09;-0,21;-0,19;0,0;0,0;-0,04;-0,02;-0,05;-0,03;-0,01;0,0;-0,07;-0,05;-0,01;0,0;0,0;0,0;0,0;0,0;0,0;0,0;-0,01;0,0;0,0;0,0;-0,02;0,0;0,0;0,0;-0,01;0,0;-0,02;0,0;-0,06;-0,04;-0,01;0,0;-0,25;-0,23;-0,01;0,0;-0,01;0,0;-0,11;-0,09;0,0;0,0;-0,01;0,0;0,0;0,0;-0,05;-0,03
05.08.2026;10:00;10:15;1,5;0,54;-0,18;0,0;-0,15;-0,01;0,0;0,0;-0,03;0,0;-0,03;0,0;-0,01;0,0;-0,07;0,0;-0,01;0,0;0,0;0,0;0,0;0,0;0,0;0,0;-0,01;0,0;0,0;0,0;-0,01;0,0;0,0;0,0;-0,02;0,0;-0,02;0,0;-0,07;0,0;-0,01;0,0;-0,75;-0,61;-0,01;0,0;-0,01;0,0;-0,12;0,0;0,0;0,0;-0,01;0,0;0,0;0,0;-0,06;0,0
05.08.2026;10:15;10:30;1,38;0,48;-0,18;0,0;-0,25;-0,14;0,0;0,0;-0,05;0,0;-0,02;0,0;-0,01;0,0;-0,07;0,0;0,0;0,0;0,0;0,0;0,0;0,0;0,0;0,0;0,0;0,0;0,0;0,0;-0,02;0,0;0,0;0,0;-0,01;0,0;-0,01;0,0;-0,13;-0,02;-0,01;0,0;-0,17;-0,06;0,0;0,0;-0,01;0,0;-0,41;-0,3;0,0;0,0;-0,01;0,0;-0,01;0,0;-0,05;0,0
05.08.2026;10:30;10:45;1,57;0,66;-0,21;0,0;-0,28;-0,14;0,0;0,0;-0,04;0,0;-0,02;0,0;-0,02;0,0;-0,07;0,0;-0,01;0,0;0,0;0,0;0,0;0,0;0,0;0,0;-0,01;0,0;-0,01;0,0;-0,01;0,0;0,0;0,0;-0,02;0,0;-0,02;0,0;-0,04;0,0;0,0;0,0;-0,27;-0,13;-0,02;0,0;-0,01;0,0;-0,04;0,0;0,0;0,0;-0,01;0,0;-0,01;0,0;-0,06;0,0
05.08.2026;10:45;11:00;1,66;0,78;-0,19;0,0;-0,4;-0,24;0,0;0,0;-0,03;0,0;-0,03;0,0;-0,01;0,0;-0,07;0,0;0,0;0,0;0,0;0,0;0,0;0,0;0,0;0,0;-0,02;0,0;0,0;0,0;-0,01;0,0;-0,01;0,0;0,0;0,0;-0,02;0,0;-0,01;0,0;-0,02;0,0;-0,43;-0,27;-0,01;0,0;0,0;0,0;-0,04;0,0;0,0;0,0;-0,02;0,0;0,0;0,0;-0,07;0,0
05.08.2026;11:00;11:15;1,7;0,8;-0,19;0,0;-0,32;-0,14;0,0;0,0;-0,01;0,0;-0,02;0,0;0,0;0,0;-0,08;0,0;-0,01;0,0;0,0;0,0;0,0;0,0;0,0;0,0;-0,01;0,0;0,0;0,0;-0,02;0,0;0,0;0,0;-0,01;0,0;-0,03;0,0;-0,01;0,0;-0,01;0,0;-0,36;-0,18;0,0;0,0;-0,01;0,0;-0,05;0,0;0,0;0,0;0,0;0,0;0,0;0,0;-0,08;0,0
05.08.2026;11:15;11:30;1,76;0,79;-0,26;0,0;-0,39;-0,21;0,0;0,0;-0,02;0,0;-0,04;0,0;-0,01;0,0;-0,08;0,0;-0,01;0,0;0,0;0,0;-0,01;0,0;0,0;0,0;-0,01;0,0;0,0;0,0;-0,01;0,0;0,0;0,0;0,0;0,0;-0,05;0,0;-0,01;0,0;0,0;0,0;-0,43;-0,25;-0,01;0,0;-0,01;0,0;-0,01;0,0;0,0;0,0;-0,02;0,0;-0,01;0,0;-0,04;0,0
05.08.2026;11:30;11:45;1,5;0,69;-0,2;0,0;-0,17;-0,03;0,0;0,0;-0,01;0,0;-0,05;0,0;-0,01;0,0;-0,07;0,0;-0,01;0,0;0,0;0,0;0,0;0,0;0,0;0,0;0,0;0,0;0,0;0,0;-0,03;0,0;0,0;0,0;0,0;0,0;-0,04;0,0;-0,01;0,0;-0,01;0,0;-0,38;-0,24;-0,01;0,0;-0,02;0,0;-0,02;0,0;-0,01;0,0;0,0;0,0;-0,01;0,0;-0,02;0,0
05.08.2026;11:45;12:00;0,82;0,25;-0,18;0,0;-0,11;-0,06;0,0;0,0;-0,02;0,0;-0,04;0,0;-0,01;0,0;-0,08;-0,03;0,0;0,0;0,0;0,0;0,0;0,0;0,0;0,0;-0,01;0,0;0,0;0,0;-0,03;0,0;0,0;0,0;0,0;0,0;-0,03;0,0;-0,01;0,0;-0,02;0,0;-0,64;-0,59;-0,01;0,0;-0,01;0,0;-0,02;0,0;0,0;0,0;-0,02;0,0;0,0;0,0;-0,01;0,0
05.08.2026;12:00;12:15;0,0;0,0;-0,17;-0,17;-0,07;-0,07;0,0;0,0;-0,19;-0,19;-0,04;-0,04;-0,01;-0,01;-0,07;-0,07;-0,01;-0,01;-0,01;-0,01;0,0;0,0;-0,01;-0,01;-0,02;-0,02;0,0;0,0;-0,03;-0,03;0,0;0,0;-0,01;-0,01;-0,04;-0,04;-0,02;-0,02;-0,01;-0,01;-0,64;-0,64;-0,01;-0,01;0,0;0,0;-0,02;-0,02;0,0;0,0;0,0;0,0;0,0;0,0;-0,02;-0,02
05.08.2026;12:15;12:30;0,56;0,19;-0,44;-0,34;-0,04;-0,02;0,0;0,0;-0,23;-0,21;-0,04;-0,02;-0,01;0,0;-0,15;-0,13;-0,01;0,0;0,0;0,0;0,0;0,0;0,0;0,0;-0,01;0,0;0,0;0,0;-0,01;0,0;0,0;0,0;-0,01;0,0;-0,04;-0,02;0,0;0,0;-0,01;0,0;-0,23;-0,21;-0,01;0,0;-0,01;0,0;-0,29;-0,27;0,0;0,0;-0,02;0,0;-0,01;0,0;-0,02;0,0
05.08.2026;12:30;12:45;1,84;0,74;-0,24;0,0;-0,05;0,0;0,0;0,0;-0,22;-0,04;-0,04;0,0;0,0;0,0;-0,09;0,0;0,0;0,0;0,0;0,0;0,0;0,0;0,0;0,0;-0,01;0,0;-0,01;0,0;-0,01;0,0;0,0;0,0;-0,02;0,0;-0,04;0,0;-0,02;0,0;0,0;0,0;-0,17;0,0;-0,01;0,0;-0,01;0,0;-0,41;-0,23;0,0;0,0;0,0;0,0;0,0;0,0;-0,02;0,0
05.08.2026;12:45;13:00;1,81;0,9;-0,32;0,0;-0,06;0,0;0,0;0,0;-0,02;0,0;-0,04;0,0;-0,02;0,0;-0,07;0,0;-0,01;0,0;0,0;0,0;0,0;0,0;0,0;0,0;0,0;0,0;0,0;0,0;-0,02;0,0;0,0;0,0;-0,01;0,0;-0,04;0,0;-0,01;0,0;-0,01;0,0;-0,02;0,0;0,0;0,0;-0,01;0,0;-0,39;-0,2;0,0;0,0;-0,02;0,0;-0,01;0,0;-0,03;0,0
05.08.2026;13:00;13:15;1,82;0,97;-0,32;0,0;-0,05;0,0;-0,01;0,0;-0,01;0,0;-0,04;0,0;-0,01;0,0;-0,07;0,0;-0,01;0,0;0,0;0,0;0,0;0,0;0,0;0,0;-0,01;0,0;0,0;0,0;-0,01;0,0;0,0;0,0;-0,02;0,0;-0,03;0,0;-0,01;0,0;-0,01;0,0;-0,01;0,0;-0,01;0,0;-0,01;0,0;-0,37;-0,18;0,0;0,0;0,0;0,0;0,0;0,0;-0,02;0,0
05.08.2026;13:15;13:30;1,94;0,9;-0,3;0,0;-0,04;0,0;0,0;0,0;-0,19;0,0;-0,04;0,0;0,0;0,0;-0,08;0,0;0,0;0,0;0,0;0,0;0,0;0,0;0,0;0,0;-0,02;0,0;0,0;0,0;-0,01;0,0;-0,01;0,0;-0,01;0,0;-0,04;0,0;-0,01;0,0;-0,01;0,0;-0,02;0,0;-0,02;0,0;-0,01;0,0;-0,31;-0,12;0,0;0,0;-0,02;0,0;0,0;0,0;-0,02;0,0
05.08.2026;13:30;13:45;1,88;0,84;-0,3;0,0;-0,05;0,0;0,0;0,0;-0,16;0,0;-0,05;0,0;-0,02;0,0;-0,08;0,0;-0,01;0,0;0,0;0,0;0,0;0,0;0,0;0,0;-0,01;0,0;0,0;0,0;-0,01;0,0;0,0;0,0;-0,01;0,0;-0,04;0,0;-0,01;0,0;-0,01;0,0;-0,01;0,0;-0,01;0,0;-0,01;0,0;-0,29;-0,1;-0,01;0,0;-0,01;0,0;-0,01;0,0;-0,03;0,0
05.08.2026;13:45;14:00;1,74;0,99;-0,18;0,0;-0,04;0,0;0,0;0,0;-0,05;0,0;-0,05;0,0;0,0;0,0;-0,07;0,0;0,0;0,0;0,0;0,0;-0,01;0,0;0,0;0,0;-0,01;0,0;0,0;0,0;-0,01;0,0;0,0;0,0;-0,02;0,0;-0,04;0,0;-0,01;0,0;-0,01;0,0;-0,01;0,0;0,0;0,0;-0,01;0,0;-0,24;-0,05;0,0;0,0;-0,01;0,0;-0,01;0,0;-0,02;0,0
05.08.2026;14:00;14:15;1,1;0,47;-0,15;0,0;-0,05;0,0;0,0;0,0;-0,03;0,0;-0,2;-0,12;-0,01;0,0;-0,05;0,0;-0,01;0,0;0,0;0,0;0,0;0,0;0,0;0,0;0,0;0,0;0,0;0,0;-0,02;0,0;0,0;0,0;-0,01;0,0;-0,03;0,0;-0,01;0,0;-0,03;0,0;-0,02;0,0;-0,01;0,0;-0,01;0,0;-0,18;-0,1;0,0;0,0;-0,01;0,0;0,0;0,0;-0,02;0,0
05.08.2026;14:15;14:30;1,59;0,79;-0,17;0,0;-0,05;0,0;0,0;0,0;-0,02;0,0;-0,24;-0,08;-0,01;0,0;-0,05;0,0;-0,01;0,0;0,0;0,0;0,0;0,0;0,0;0,0;-0,01;0,0;0,0;0,0;-0,01;0,0;0,0;0,0;-0,02;0,0;-0,03;0,0;-0,01;0,0;-0,04;0,0;-0,01;0,0;-0,01;0,0;-0,01;0,0;-0,18;-0,02;0,0;0,0;-0,01;0,0;0,0;0,0;-0,01;0,0
05.08.2026;14:30;14:45;1,36;0,66;-0,15;0,0;-0,04;0,0;0,0;0,0;-0,01;0,0;-0,12;0,0;-0,01;0,0;-0,06;0,0;-0,01;0,0;0,0;0,0;0,0;0,0;0,0;0,0;-0,02;0,0;-0,01;0,0;-0,01;0,0;0,0;0,0;-0,01;0,0;-0,03;0,0;-0,01;0,0;-0,01;0,0;-0,02;0,0;-0,01;0,0;0,0;0,0;-0,18;-0,05;0,0;0,0;-0,01;0,0;-0,01;0,0;-0,02;0,0
05.08.2026;14:45;15:00;0,86;0,22;-0,16;0,0;-0,06;-0,01;0,0;0,0;-0,05;0,0;-0,14;-0,09;-0,01;0,0;-0,06;-0,01;-0,01;0,0;0,0;0,0;0,0;0,0;0,0;0,0;-0,01;0,0;0,0;0,0;-0,02;0,0;0,0;0,0;-0,01;0,0;-0,03;0,0;-0,01;0,0;-0,04;0,0;-0,02;0,0;-0,01;0,0;-0,02;0,0;-0,17;-0,12;0,0;0,0;-0,01;0,0;-0,01;0,0;-0,02;0,0
05.08.2026;15:00;15:15;0,54;0,19;-0,18;-0,08;-0,05;-0,03;0,0;0,0;-0,07;-0,05;-0,13;-0,11;-0,01;0,0;-0,06;-0,04;0,0;0,0;0,0;0,0;0,0;0,0;0,0;0,0;-0,01;0,0;0,0;0,0;-0,01;0,0;0,0;0,0;-0,02;0,0;-0,02;0,0;-0,01;0,0;-0,04;-0,02;0,0;0,0;-0,01;0,0;-0,01;0,0;-0,16;-0,14;0,0;0,0;-0,01;0,0;0,0;0,0;-0,02;0,0
05.08.2026;15:15;15:30;0,42;0,18;-0,15;-0,07;-0,07;-0,06;0,0;0,0;-0,06;-0,05;-0,13;-0,12;0,0;0,0;-0,07;-0,06;-0,01;0,0;0,0;0,0;0,0;0,0;0,0;0,0;0,0;0,0;0,0;0,0;-0,01;0,0;0,0;0,0;-0,01;0,0;-0,01;0,0;-0,01;0,0;-0,04;-0,03;-0,02;-0,01;-0,01;0,0;-0,01;0,0;-0,17;-0,16;0,0;0,0;-0,01;0,0;0,0;0,0;-0,03;-0,02
05.08.2026;15:30;15:45;0,5;0,21;-0,17;-0,06;-0,05;-0,04;0,0;0,0;-0,05;-0,04;-0,13;-0,12;-0,01;0,0;-0,06;-0,05;-0,01;0,0;0,0;0,0;0,0;0,0;0,0;0,0;-0,02;-0,01;0,0;0,0;-0,02;-0,01;0,0;0,0;-0,01;0,0;-0,02;-0,01;-0,01;0,0;-0,04;-0,03;0,0;0,0;-0,01;0,0;0,0;0,0;-0,15;-0,14;-0,01;0,0;-0,01;0,0;-0,01;0,0;-0,02;-0,01
05.08.2026;15:45;16:00;1,22;0,51;-0,2;0,0;-0,04;0,0;0,0;0,0;-0,04;0,0;-0,12;-0,02;-0,01;0,0;-0,04;0,0;-0,01;0,0;0,0;0,0;0,0;0,0;0,0;0,0;-0,03;0,0;0,0;0,0;-0,01;0,0;-0,01;0,0;0,0;0,0;-0,02;0,0;-0,01;0,0;-0,03;0,0;-0,01;0,0;0,0;0,0;-0,01;0,0;-0,1;0,0;0,0;0,0;-0,01;0,0;-0,01;0,0;-0,02;0,0
05.08.2026;16:00;16:15;1,37;0,69;-0,15;0,0;-0,04;0,0;0,0;0,0;-0,03;0,0;-0,12;0,0;-0,01;0,0;-0,06;0,0;0,0;0,0;0,0;0,0;0,0;0,0;0,0;0,0;-0,03;0,0;0,0;0,0;-0,01;0,0;0,0;0,0;0,0;0,0;-0,03;0,0;-0,01;0,0;-0,03;0,0;-0,01;0,0;-0,01;0,0;-0,01;0,0;-0,09;0,0;0,0;0,0;-0,01;0,0;0,0;0,0;-0,03;0,0
05.08.2026;16:15;16:30;0,44;0,18;-0,17;-0,1;-0,05;-0,04;-0,01;0,0;-0,05;-0,04;-0,16;-0,15;-0,01;0,0;-0,22;-0,21;0,0;0,0;0,0;0,0;-0,01;0,0;0,0;0,0;-0,02;-0,01;0,0;0,0;-0,02;-0,01;0,0;0,0;-0,01;0,0;-0,02;-0,01;-0,01;0,0;-0,03;-0,02;-0,01;0,0;-0,02;-0,01;-0,02;-0,01;-0,16;-0,15;0,0;0,0;-0,01;0,0;0,0;0,0;-0,02;-0,01
05.08.2026;16:30;16:45;0,0;0,0;-0,14;-0,14;-0,05;-0,05;0,0;0,0;-0,04;-0,04;-0,1;-0,1;-0,01;-0,01;-0,07;-0,07;-0,01;-0,01;0,0;0,0;0,0;0,0;0,0;0,0;-0,01;-0,01;-0,01;-0,01;-0,01;-0,01;0,0;0,0;0,0;0,0;-0,02;-0,02;-0,01;-0,01;-0,04;-0,04;-0,01;-0,01;0,0;0,0;-0,01;-0,01;-0,2;-0,2;0,0;0,0;-0,01;-0,01;-0,01;-0,01;-0,02;-0,02
05.08.2026;16:45;17:00;0,0;0,0;-0,18;-0,18;-0,19;-0,19;0,0;0,0;-0,04;-0,04;-0,09;-0,09;-0,01;-0,01;-0,09;-0,09;0,0;0,0;0,0;0,0;0,0;0,0;0,0;0,0;-0,01;-0,01;0,0;0,0;-0,01;-0,01;0,0;0,0;0,0;0,0;-0,03;-0,03;-0,01;-0,01;-0,04;-0,04;-0,02;-0,02;-0,01;-0,01;0,0;0,0;-0,22;-0,22;0,0;0,0;-0,01;-0,01;-0,01;-0,01;-0,01;-0,01
05.08.2026;17:00;17:15;0,0;0,0;-0,17;-0,17;-0,17;-0,17;0,0;0,0;-0,05;-0,05;-0,08;-0,08;-0,01;-0,01;-0,08;-0,08;-0,01;-0,01;-0,01;-0,01;0,0;0,0;-0,01;-0,01;0,0;0,0;0,0;0,0;-0,01;-0,01;0,0;0,0;-0,01;-0,01;-0,02;-0,02;-0,01;-0,01;-0,05;-0,05;0,0;0,0;-0,01;-0,01;-0,01;-0,01;-0,28;-0,28;0,0;0,0;-0,02;-0,02;0,0;0,0;-0,02;-0,02
05.08.2026;17:15;17:30;0,73;0,2;-0,17;-0,03;-0,06;-0,02;0,0;0,0;-0,03;0,0;-0,09;-0,05;0,0;0,0;-0,09;-0,05;-0,01;0,0;0,0;0,0;0,0;0,0;0,0;0,0;-0,01;0,0;0,0;0,0;-0,01;0,0;0,0;0,0;-0,02;0,0;-0,02;0,0;-0,3;-0,26;-0,03;0,0;-0,02;0,0;-0,01;0,0;-0,01;0,0;-0,22;-0,18;0,0;0,0;0,0;0,0;0,0;0,0;-0,02;0,0
05.08.2026;17:30;17:45;0,64;0,2;-0,24;-0,13;-0,05;-0,03;0,0;0,0;-0,03;-0,01;-0,06;-0,04;-0,02;0,0;-0,08;-0,06;-0,01;0,0;0,0;0,0;0,0;0,0;0,0;0,0;-0,02;0,0;0,0;0,0;-0,02;0,0;0,0;0,0;-0,01;0,0;-0,1;-0,08;-0,05;-0,03;-0,04;-0,02;-0,01;0,0;-0,01;0,0;-0,01;0,0;-0,23;-0,21;-0,01;0,0;-0,02;0,0;-0,01;0,0;-0,02;0,0
05.08.2026;17:45;18:00;0,57;0,2;-0,34;-0,21;-0,08;-0,06;0,0;0,0;-0,02;0,0;-0,06;-0,04;0,0;0,0;-0,09;-0,07;0,0;0,0;0,0;0,0;0,0;0,0;0,0;0,0;-0,01;0,0;0,0;0,0;-0,01;0,0;0,0;0,0;-0,02;0,0;-0,09;-0,07;-0,04;-0,02;-0,07;-0,05;0,0;0,0;-0,01;0,0;-0,01;0,0;-0,29;-0,27;0,0;0,0;0,0;0,0;0,0;0,0;-0,04;-0,02
05.08.2026;18:00;18:15;0,47;0,19;-0,17;-0,08;-0,06;-0,05;0,0;0,0;-0,02;-0,01;-0,07;-0,06;-0,01;0,0;-0,06;-0,05;-0,01;0,0;0,0;0,0;0,0;0,0;0,0;0,0;-0,01;0,0;0,0;0,0;-0,03;-0,02;0,0;0,0;-0,01;0,0;-0,1;-0,09;-0,05;-0,04;-0,03;-0,02;-0,02;-0,01;-0,01;0,0;-0,01;0,0;-0,57;-0,56;0,0;0,0;-0,02;-0,01;-0,01;0,0;-0,05;-0,04
05.08.2026;18:15;18:30;0,32;0,11;-0,17;-0,12;-0,04;-0,03;0,0;0,0;-0,01;0,0;-0,09;-0,08;-0,01;0,0;-0,16;-0,15;-0,01;0,0;0,0;0,0;0,0;0,0;0,0;0,0;0,0;0,0;0,0;0,0;-0,02;-0,01;-0,01;0,0;-0,02;-0,01;-0,1;-0,09;-0,17;-0,16;-0,02;-0,01;0,0;0,0;-0,01;0,0;-0,01;0,0;-0,21;-0,2;0,0;0,0;0,0;0,0;0,0;0,0;-0,05;-0,04
05.08.2026;18:30;18:45;0,35;0,11;-0,18;-0,12;-0,04;-0,03;0,0;0,0;-0,01;0,0;-0,1;-0,09;-0,01;0,0;-0,17;-0,16;-0,01;0,0;0,0;0,0;0,0;0,0;0,0;0,0;-0,05;-0,04;0,0;0,0;-0,02;-0,01;0,0;0,0;-0,01;0,0;-0,1;-0,09;-0,24;-0,23;-0,04;-0,03;-0,01;0,0;-0,01;0,0;-0,01;0,0;-0,2;-0,19;0,0;0,0;-0,02;-0,01;0,0;0,0;-0,04;-0,03
05.08.2026;18:45;19:00;0,39;0,13;-0,23;-0,16;-0,08;-0,07;0,0;0,0;-0,01;0,0;-0,07;-0,06;-0,04;-0,03;-0,05;-0,04;0,0;0,0;0,0;0,0;-0,01;0,0;0,0;0,0;-0,39;-0,38;-0,01;0,0;-0,01;0,0;0,0;0,0;-0,01;0,0;-0,09;-0,08;-0,1;-0,09;-0,02;-0,01;-0,01;0,0;0,0;0,0;-0,01;0,0;-0,2;-0,19;0,0;0,0;-0,01;0,0;-0,01;0,0;-0,04;-0,03
05.08.2026;19:00;19:15;0,26;0,19;-0,24;-0,17;-0,27;-0,27;0,0;0,0;-0,02;-0,02;-0,04;-0,04;-0,03;-0,03;-0,06;-0,06;-0,01;-0,01;0,0;0,0;0,0;0,0;0,0;0,0;-0,09;-0,09;0,0;0,0;-0,04;-0,04;0,0;0,0;-0,02;-0,02;-0,08;-0,08;-1,02;-1,02;-0,01;-0,01;-0,01;-0,01;-0,02;-0,02;-0,01;-0,01;-0,22;-0,22;0,0;0,0;-0,02;-0,02;-0,01;-0,01;-0,05;-0,05
05.08.2026;19:15;19:30;0,25;0,18;-0,18;-0,11;-0,05;-0,05;0,0;0,0;-0,01;-0,01;-0,03;-0,03;-0,04;-0,04;-0,06;-0,06;-0,01;-0,01;0,0;0,0;0,0;0,0;0,0;0,0;-0,03;-0,03;0,0;0,0;-0,01;-0,01;0,0;0,0;-0,01;-0,01;-0,09;-0,09;-0,9;-0,9;0,0;0,0;-0,01;-0,01;-0,01;-0,01;-0,02;-0,02;-0,21;-0,21;0,0;0,0;0,0;0,0;0,0;0,0;-0,04;-0,04
05.08.2026;19:30;19:45;0,12;0,11;-0,18;-0,17;-0,06;-0,06;-0,01;-0,01;-0,02;-0,02;-0,17;-0,17;-0,04;-0,04;-0,06;-0,06;0,0;0,0;0,0;0,0;0,0;0,0;0,0;0,0;-0,02;-0,02;0,0;0,0;-0,01;-0,01;0,0;0,0;-0,02;-0,02;-0,11;-0,11;-0,27;-0,27;0,0;0,0;-0,01;-0,01;0,0;0,0;0,0;0,0;-0,23;-0,23;-0,01;-0,01;-0,02;-0,02;0,0;0,0;-0,05;-0,05
05.08.2026;19:45;20:00;0,06;0,06;-0,29;-0,29;-0,07;-0,07;0,0;0,0;-0,01;-0,01;-0,05;-0,05;-0,05;-0,05;-0,07;-0,07;-0,01;-0,01;0,0;0,0;0,0;0,0;0,0;0,0;-0,02;-0,02;0,0;0,0;-0,01;-0,01;0,0;0,0;-0,01;-0,01;-0,11;-0,11;-0,11;-0,11;-0,02;-0,02;-0,01;-0,01;-0,01;-0,01;-0,01;-0,01;-0,27;-0,27;0,0;0,0;-0,01;-0,01;-0,01;-0,01;-0,04;-0,04
05.08.2026;20:00;20:15;0,03;0,03;-0,17;-0,17;-0,05;-0,05;0,0;0,0;-0,01;-0,01;-0,06;-0,06;-0,04;-0,04;-0,05;-0,05;-0,01;-0,01;0,0;0,0;0,0;0,0;0,0;0,0;-0,01;-0,01;0,0;0,0;-0,02;-0,02;0,0;0,0;-0,03;-0,03;-0,08;-0,08;-0,11;-0,11;-0,01;-0,01;-0,01;-0,01;-0,02;-0,02;-0,01;-0,01;-0,29;-0,29;0,0;0,0;-0,02;-0,02;-0,01;-0,01;-0,04;-0,04
05.08.2026;20:15;20:30;0,01;0,01;-0,19;-0,19;-0,07;-0,07;0,0;0,0;-0,01;-0,01;-0,09;-0,09;-0,05;-0,05;-0,05;-0,05;0,0;0,0;0,0;0,0;0,0;0,0;0,0;0,0;0,0;0,0;0,0;0,0;-0,01;-0,01;0,0;0,0;-0,02;-0,02;-0,09;-0,09;-0,08;-0,08;-0,01;-0,01;-0,02;-0,02;-0,01;-0,01;-0,01;-0,01;-0,36;-0,36;0,0;0,0;-0,01;-0,01;0,0;0,0;-0,04;-0,04
05.08.2026;20:30;20:45;0,0;0,0;-0,24;-0,24;-0,06;-0,06;0,0;0,0;-0,02;-0,02;-0,11;-0,11;-0,03;-0,03;-0,06;-0,06;-0,01;-0,01;0,0;0,0;0,0;0,0;0,0;0,0;-0,03;-0,03;0,0;0,0;-0,01;-0,01;0,0;0,0;-0,02;-0,02;-0,08;-0,08;-0,04;-0,04;-0,28;-0,28;0,0;0,0;0,0;0,0;-0,02;-0,02;-0,37;-0,37;0,0;0,0;-0,01;-0,01;0,0;0,0;-0,03;-0,03
05.08.2026;20:45;21:00;0,0;0,0;-0,23;-0,23;-0,05;-0,05;0,0;0,0;-0,04;-0,04;-0,11;-0,11;-0,03;-0,03;-0,07;-0,07;0,0;0,0;0,0;0,0;0,0;0,0;0,0;0,0;-0,02;-0,02;-0,01;-0,01;-0,01;-0,01;-0,01;-0,01;-0,03;-0,03;-0,08;-0,08;-0,09;-0,09;-0,14;-0,14;-0,01;-0,01;-0,01;-0,01;-0,01;-0,01;-0,35;-0,35;0,0;0,0;-0,13;-0,13;-0,01;-0,01;-0,03;-0,03
05.08.2026;21:00;21:15;0,0;0,0;-0,22;-0,22;-0,05;-0,05;0,0;0,0;-0,04;-0,04;-0,11;-0,11;-0,03;-0,03;-0,07;-0,07;-0,01;-0,01;0,0;0,0;0,0;0,0;0,0;0,0;-0,02;-0,02;0,0;0,0;-0,02;-0,02;0,0;0,0;-0,05;-0,05;-0,08;-0,08;-0,1;-0,1;-0,11;-0,11;-0,01;-0,01;-0,01;-0,01;0,0;0,0;-0,28;-0,28;0,0;0,0;-0,1;-0,1;-0,01;-0,01;-0,03;-0,03
05.08.2026;21:15;21:30;0,0;0,0;-0,2;-0,2;-0,06;-0,06;0,0;0,0;-0,03;-0,03;-0,11;-0,11;-0,03;-0,03;-0,07;-0,07;-0,01;-0,01;0,0;0,0;-0,01;-0,01;0,0;0,0;-0,02;-0,02;0,0;0,0;-0,01;-0,01;0,0;0,0;-0,02;-0,02;-0,08;-0,08;-0,08;-0,08;-0,13;-0,13;-0,01;-0,01;-0,01;-0,01;-0,01;-0,01;-0,15;-0,15;0,0;0,0;-0,05;-0,05;0,0;0,0;-0,02;-0,02
05.08.2026;21:30;21:45;0,0;0,0;-0,19;-0,19;-0,06;-0,06;0,0;0,0;-0,04;-0,04;-0,1;-0,1;-0,04;-0,04;-0,06;-0,06;-0,01;-0,01;0,0;0,0;0,0;0,0;0,0;0,0;-0,02;-0,02;0,0;0,0;-0,01;-0,01;0,0;0,0;-0,02;-0,02;-0,07;-0,07;-0,03;-0,03;-0,12;-0,12;-0,02;-0,02;-0,01;-0,01;-0,01;-0,01;-0,19;-0,19;-0,01;-0,01;-0,05;-0,05;0,0;0,0;-0,02;-0,02
05.08.2026;21:45;22:00;0,0;0,0;-0,25;-0,25;-0,04;-0,04;0,0;0,0;-0,05;-0,05;-0,09;-0,09;-0,01;-0,01;-0,07;-0,07;0,0;0,0;0,0;0,0;0,0;0,0;0,0;0,0;-0,03;-0,03;0,0;0,0;-0,02;-0,02;0,0;0,0;-0,03;-0,03;-0,05;-0,05;-0,04;-0,04;-0,03;-0,03;0,0;0,0;-0,01;-0,01;-0,01;-0,01;-0,18;-0,18;0,0;0,0;-0,04;-0,04;-0,01;-0,01;-0,02;-0,02
05.08.2026;22:00;22:15;0,0;0,0;-0,18;-0,18;-0,06;-0,06;0,0;0,0;-0,05;-0,05;-0,1;-0,1;-0,02;-0,02;-0,06;-0,06;-0,01;-0,01;-0,01;-0,01;0,0;0,0;-0,01;-0,01;-0,03;-0,03;0,0;0,0;-0,03;-0,03;0,0;0,0;-0,02;-0,02;-0,05;-0,05;-0,03;-0,03;-0,27;-0,27;-0,01;-0,01;-0,01;-0,01;-0,02;-0,02;-0,16;-0,16;0,0;0,0;-0,01;-0,01;0,0;0,0;-0,03;-0,03
05.08.2026;22:15;22:30;0,0;0,0;-0,16;-0,16;-0,04;-0,04;0,0;0,0;-0,04;-0,04;-0,11;-0,11;-0,01;-0,01;-0,06;-0,06;-0,01;-0,01;0,0;0,0;0,0;0,0;0,0;0,0;-0,02;-0,02;0,0;0,0;-0,03;-0,03;0,0;0,0;-0,02;-0,02;-0,05;-0,05;-0,03;-0,03;-0,47;-0,47;-0,02;-0,02;-0,01;-0,01;-0,01;-0,01;-0,13;-0,13;0,0;0,0;-0,03;-0,03;-0,01;-0,01;-0,02;-0,02
05.08.2026;22:30;22:45;0,0;0,0;-0,18;-0,18;-0,05;-0,05;0,0;0,0;-0,03;-0,03;-0,1;-0,1;-0,02;-0,02;-0,04;-0,04;0,0;0,0;0,0;0,0;0,0;0,0;0,0;0,0;-0,01;-0,01;0,0;0,0;-0,04;-0,04;0,0;0,0;-0,02;-0,02;-0,04;-0,04;-0,05;-0,05;-0,5;-0,5;0,0;0,0;-0,01;-0,01;0,0;0,0;-0,12;-0,12;0,0;0,0;-0,03;-0,03;0,0;0,0;-0,03;-0,03
05.08.2026;22:45;23:00;0,0;0,0;-0,24;-0,24;-0,05;-0,05;0,0;0,0;-0,03;-0,03;-0,13;-0,13;-0,01;-0,01;-0,03;-0,03;-0,01;-0,01;0,0;0,0;0,0;0,0;0,0;0,0;-0,01;-0,01;-0,01;-0,01;-0,03;-0,03;0,0;0,0;-0,02;-0,02;-0,05;-0,05;-0,02;-0,02;-0,12;-0,12;-0,02;-0,02;-0,01;-0,01;-0,01;-0,01;-0,11;-0,11;0,0;0,0;-0,02;-0,02;-0,01;-0,01;-0,02;-0,02
05.08.2026;23:00;23:15;0,0;0,0;-0,21;-0,21;-0,06;-0,06;-0,01;-0,01;-0,04;-0,04;-0,13;-0,13;-0,01;-0,01;-0,02;-0,02;-0,01;-0,01;0,0;0,0;0,0;0,0;0,0;0,0;-0,02;-0,02;0,0;0,0;-0,08;-0,08;0,0;0,0;-0,01;-0,01;-0,05;-0,05;-0,02;-0,02;-0,04;-0,04;0,0;0,0;-0,01;-0,01;-0,11;-0,11;-0,12;-0,12;0,0;0,0;-0,17;-0,17;0,0;0,0;-0,03;-0,03
05.08.2026;23:15;23:30;0,0;0,0;-0,16;-0,16;-0,05;-0,05;0,0;0,0;-0,04;-0,04;-0,13;-0,13;-0,01;-0,01;-0,03;-0,03;0,0;0,0;0,0;0,0;0,0;0,0;0,0;0,0;-0,02;-0,02;0,0;0,0;-0,1;-0,1;-0,01;-0,01;-0,01;-0,01;-0,04;-0,04;-0,02;-0,02;-0,04;-0,04;-0,01;-0,01;-0,01;-0,01;-0,03;-0,03;-0,1;-0,1;0,0;0,0;-0,05;-0,05;-0,01;-0,01;-0,02;-0,02
05.08.2026;23:30;23:45;0,0;0,0;-0,16;-0,16;-0,03;-0,03;0,0;0,0;-0,03;-0,03;-0,12;-0,12;-0,01;-0,01;-0,03;-0,03;-0,01;-0,01;0,0;0,0;0,0;0,0;0,0;0,0;-0,01;-0,01;0,0;0,0;-0,09;-0,09;0,0;0,0;-0,01;-0,01;-0,05;-0,05;-0,01;-0,01;-0,03;-0,03;-0,02;-0,02;-0,01;-0,01;-0,01;-0,01;-0,1;-0,1;-0,01;-0,01;-0,05;-0,05;0,0;0,0;-0,03;-0,03
05.08.2026;23:45;00:00;0,0;0,0;-0,17;-0,17;-0,03;-0,03;0,0;0,0;-0,03;-0,03;-0,13;-0,13;-0,01;-0,01;-0,04;-0,04;0,0;0,0;0,0;0,0;-0,01;-0,01;0,0;0,0;-0,01;-0,01;0,0;0,0;-0,07;-0,07;0,0;0,0;-0,01;-0,01;-0,05;-0,05;-0,02;-0,02;-0,02;-0,02;0,0;0,0;-0,01;-0,01;-0,05;-0,05;-0,09;-0,09;0,0;0,0;-0,06;-0,06;0,0;0,0;-0,02;-0,02
06.08.2026;00:00;00:15;0,0;0,0;-0,17;-0,17;-0,04;-0,04;0,0;0,0;-0,03;-0,03;-0,14;-0,14;-0,01;-0,01;-0,03;-0,03;-0,01;-0,01;0,0;0,0;0,0;0,0;0,0;0,0;0,0;0,0;0,0;0,0;-0,07;-0,07;0,0;0,0;-0,01;-0,01;-0,05;-0,05;-0,02;-0,02;-0,02;-0,02;-0,01;-0,01;-0,01;-0,01;-0,02;-0,02;-0,07;-0,07;0,0;0,0;-0,04;-0,04;-0,01;-0,01;-0,03;-0,03
06.08.2026;00:15;00:30;0,0;0,0;-0,18;-0,18;-0,06;-0,06;0,0;0,0;-0,04;-0,04;-0,15;-0,15;-0,01;-0,01;-0,02;-0,02;-0,01;-0,01;0,0;0,0;0,0;0,0;0,0;0,0;-0,01;-0,01;0,0;0,0;-0,06;-0,06;0,0;0,0;-0,03;-0,03;-0,05;-0,05;-0,02;-0,02;-0,02;-0,02;-0,01;-0,01;0,0;0,0;-0,02;-0,02;-0,03;-0,03;0,0;0,0;-0,03;-0,03;-0,01;-0,01;-0,02;-0,02
06.08.2026;00:30;00:45;0,0;0,0;-0,16;-0,16;-0,03;-0,03;0,0;0,0;-0,04;-0,04;-0,14;-0,14;-0,02;-0,02;-0,03;-0,03;-0,01;-0,01;0,0;0,0;0,0;0,0;0,0;0,0;-0,02;-0,02;0,0;0,0;-0,07;-0,07;0,0;0,0;-0,02;-0,02;-0,03;-0,03;-0,01;-0,01;-0,03;-0,03;-0,01;-0,01;-0,02;-0,02;-0,01;-0,01;-0,04;-0,04;0,0;0,0;-0,02;-0,02;0,0;0,0;-0,02;-0,02
06.08.2026;00:45;01:00;0,0;0,0;-0,16;-0,16;-0,03;-0,03;0,0;0,0;-0,04;-0,04;-0,16;-0,16;-0,02;-0,02;-0,02;-0,02;0,0;0,0;0,0;0,0;0,0;0,0;0,0;0,0;-0,01;-0,01;-0,01;-0,01;-0,07;-0,07;0,0;0,0;-0,02;-0,02;-0,03;-0,03;-0,02;-0,02;-0,03;-0,03;-0,01;-0,01;-0,01;-0,01;-0,02;-0,02;-0,04;-0,04;0,0;0,0;-0,02;-0,02;0,0;0,0;-0,03;-0,03
06.08.2026;01:00;01:15;0,0;0,0;-0,15;-0,15;-0,02;-0,02;0,0;0,0;-0,03;-0,03;-0,15;-0,15;-0,02;-0,02;-0,03;-0,03;-0,01;-0,01;0,0;0,0;0,0;0,0;0,0;0,0;-0,01;-0,01;0,0;0,0;-0,02;-0,02;0,0;0,0;-0,02;-0,02;-0,02;-0,02;-0,01;-0,01;-0,01;-0,01;-0,01;-0,01;0,0;0,0;-0,01;-0,01;-0,08;-0,08;0,0;0,0;-0,03;-0,03;-0,01;-0,01;-0,02;-0,02
06.08.2026;01:15;01:30;0,0;0,0;-0,17;-0,17;-0,03;-0,03;0,0;0,0;-0,04;-0,04;-0,13;-0,13;-0,02;-0,02;-0,02;-0,02;0,0;0,0;0,0;0,0;0,0;0,0;0,0;0,0;0,0;0,0;0,0;0,0;-0,03;-0,03;0,0;0,0;-0,03;-0,03;-0,02;-0,02;-0,02;-0,02;-0,02;-0,02;-0,01;-0,01;-0,01;-0,01;-0,01;-0,01;-0,07;-0,07;0,0;0,0;-0,01;-0,01;-0,01;-0,01;-0,03;-0,03
06.08.2026;01:30;01:45;0,0;0,0;-0,2;-0,2;-0,03;-0,03;0,0;0,0;-0,03;-0,03;-0,12;-0,12;-0,02;-0,02;-0,02;-0,02;-0,03;-0,03;0,0;0,0;0,0;0,0;0,0;0,0;-0,02;-0,02;0,0;0,0;-0,02;-0,02;0,0;0,0;-0,02;-0,02;-0,02;-0,02;-0,01;-0,01;-0,01;-0,01;-0,01;-0,01;-0,01;-0,01;-0,02;-0,02;-0,07;-0,07;-0,01;-0,01;-0,02;-0,02;0,0;0,0;-0,02;-0,02
06.08.2026;01:45;02:00;0,0;0,0;-0,15;-0,15;-0,03;-0,03;0,0;0,0;-0,03;-0,03;-0,11;-0,11;-0,01;-0,01;-0,02;-0,02;-0,02;-0,02;0,0;0,0;0,0;0,0;0,0;0,0;-0,01;-0,01;0,0;0,0;-0,03;-0,03;-0,01;-0,01;-0,02;-0,02;-0,01;-0,01;-0,01;-0,01;0,0;0,0;-0,01;-0,01;-0,02;-0,02;-0,01;-0,01;-0,13;-0,13;0,0;0,0;0,0;0,0;0,0;0,0;-0,03;-0,03
06.08.2026;02:00;02:15;0,0;0,0;-0,15;-0,15;-0,02;-0,02;0,0;0,0;-0,01;-0,01;-0,1;-0,1;-0,02;-0,02;-0,02;-0,02;-0,01;-0,01;0,0;0,0;0,0;0,0;0,0;0,0;-0,02;-0,02;0,0;0,0;-0,02;-0,02;0,0;0,0;-0,02;-0,02;-0,01;-0,01;-0,02;-0,02;-0,01;-0,01;-0,01;-0,01;0,0;0,0;-0,01;-0,01;-0,1;-0,1;0,0;0,0;-0,02;-0,02;-0,01;-0,01;-0,01;-0,01
06.08.2026;02:15;02:30;0,0;0,0;-0,15;-0,15;-0,01;-0,01;-0,01;-0,01;-0,02;-0,02;-0,11;-0,11;-0,02;-0,02;-0,02;-0,02;-0,01;-0,01;0,0;0,0;-0,01;-0,01;0,0;0,0;0,0;0,0;0,0;0,0;-0,02;-0,02;0,0;0,0;-0,02;-0,02;-0,01;-0,01;-0,02;-0,02;-0,01;-0,01;-0,01;-0,01;-0,01;-0,01;-0,01;-0,01;-0,08;-0,08;0,0;0,0;-0,01;-0,01;-0,01;-0,01;-0,02;-0,02
06.08.2026;02:30;02:45;0,0;0,0;-0,16;-0,16;-0,03;-0,03;0,0;0,0;-0,01;-0,01;-0,1;-0,1;-0,02;-0,02;-0,02;-0,02;-0,01;-0,01;0,0;0,0;0,0;0,0;0,0;0,0;-0,01;-0,01;0,0;0,0;-0,03;-0,03;0,0;0,0;-0,03;-0,03;-0,02;-0,02;-0,01;-0,01;-0,01;-0,01;0,0;0,0;-0,01;-0,01;-0,01;-0,01;-0,02;-0,02;0,0;0,0;-0,01;-0,01;0,0;0,0;-0,02;-0,02
06.08.2026;02:45;03:00;0,0;0,0;-0,15;-0,15;-0,03;-0,03;0,0;0,0;-0,02;-0,02;-0,11;-0,11;-0,02;-0,02;0,0;0,0;-0,01;-0,01;0,0;0,0;0,0;0,0;0,0;0,0;-0,01;-0,01;-0,01;-0,01;-0,01;-0,01;0,0;0,0;-0,02;-0,02;-0,02;-0,02;-0,02;-0,02;-0,01;-0,01;-0,02;-0,02;-0,01;-0,01;-0,01;-0,01;-0,02;-0,02;0,0;0,0;-0,01;-0,01;0,0;0,0;-0,03;-0,03
06.08.2026;03:00;03:15;0,0;0,0;-0,16;-0,16;-0,02;-0,02;0,0;0,0;-0,02;-0,02;-0,06;-0,06;-0,01;-0,01;-0,02;-0,02;-0,01;-0,01;-0,01;-0,01;0,0;0,0;-0,01;-0,01;-0,01;-0,01;0,0;0,0;-0,02;-0,02;0,0;0,0;-0,01;-0,01;-0,02;-0,02;-0,01;-0,01;-0,01;-0,01;-0,01;-0,01;-0,01;-0,01;-0,01;-0,01;-0,02;-0,02;0,0;0,0;-0,01;-0,01;-0,01;-0,01;-0,03;-0,03
06.08.2026;03:15;03:30;0,0;0,0;-0,15;-0,15;-0,01;-0,01;0,0;0,0;-0,01;-0,01;-0,01;-0,01;-0,02;-0,02;-0,02;-0,02;-0,01;-0,01;0,0;0,0;0,0;0,0;0,0;0,0;-0,02;-0,02;0,0;0,0;-0,02;-0,02;0,0;0,0;-0,01;-0,01;-0,03;-0,03;-0,02;-0,02;-0,02;-0,02;0,0;0,0;-0,01;-0,01;-0,01;-0,01;-0,02;-0,02;0,0;0,0;-0,02;-0,02;0,0;0,0;-0,02;-0,02
06.08.2026;03:30;03:45;0,0;0,0;-0,15;-0,15;-0,02;-0,02;0,0;0,0;-0,01;-0,01;-0,01;-0,01;-0,02;-0,02;-0,02;-0,02;0,0;0,0;0,0;0,0;0,0;0,0;0,0;0,0;0,0;0,0;0,0;0,0;-0,01;-0,01;0,0;0,0;-0,02;-0,02;-0,02;-0,02;-0,01;-0,01;-0,01;-0,01;-0,02;-0,02;-0,01;-0,01;-0,01;-0,01;-0,01;-0,01;-0,01;-0,01;-0,01;-0,01;-0,01;-0,01;-0,03;-0,03
06.08.2026;03:45;04:00;0,0;0,0;-0,15;-0,15;-0,03;-0,03;0,0;0,0;-0,01;-0,01;-0,01;-0,01;-0,02;-0,02;-0,02;-0,02;-0,01;-0,01;0,0;0,0;0,0;0,0;0,0;0,0;-0,01;-0,01;0,0;0,0;-0,02;-0,02;0,0;0,0;-0,01;-0,01;-0,02;-0,02;-0,01;-0,01;-0,01;-0,01;0,0;0,0;-0,01;-0,01;-0,01;-0,01;-0,02;-0,02;0,0;0,0;-0,01;-0,01;0,0;0,0;-0,02;-0,02
06.08.2026;04:00;04:15;0,0;0,0;-0,15;-0,15;-0,03;-0,03;0,0;0,0;-0,02;-0,02;-0,01;-0,01;-0,02;-0,02;-0,02;-0,02;-0,01;-0,01;0,0;0,0;0,0;0,0;0,0;0,0;0,0;0,0;0,0;0,0;-0,02;-0,02;0,0;0,0;-0,01;-0,01;-0,02;-0,02;-0,02;-0,02;0,0;0,0;-0,01;-0,01;-0,01;-0,01;-0,01;-0,01;-0,01;-0,01;0,0;0,0;-0,01;-0,01;-0,01;-0,01;-0,03;-0,03
06.08.2026;04:15;04:30;0,0;0,0;-0,16;-0,16;-0,02;-0,02;0,0;0,0;-0,01;-0,01;-0,01;-0,01;-0,01;-0,01;-0,02;-0,02;0,0;0,0;0,0;0,0;0,0;0,0;0,0;0,0;-0,02;-0,02;0,0;0,0;-0,01;-0,01;-0,01;-0,01;-0,01;-0,01;-0,03;-0,03;-0,01;-0,01;-0,01;-0,01;-0,01;-0,01;0,0;0,0;-0,01;-0,01;-0,02;-0,02;0,0;0,0;-0,01;-0,01;0,0;0,0;-0,02;-0,02
06.08.2026;04:30;04:45;0,0;0,0;-0,15;-0,15;-0,01;-0,01;0,0;0,0;-0,02;-0,02;0,0;0,0;-0,02;-0,02;-0,02;-0,02;-0,01;-0,01;0,0;0,0;0,0;0,0;0,0;0,0;-0,02;-0,02;0,0;0,0;-0,02;-0,02;0,0;0,0;-0,02;-0,02;-0,02;-0,02;-0,02;-0,02;-0,01;-0,01;-0,01;-0,01;-0,02;-0,02;-0,01;-0,01;-0,1;-0,1;0,0;0,0;-0,01;-0,01;-0,01;-0,01;-0,03;-0,03
06.08.2026;04:45;05:00;0,0;0,0;-0,15;-0,15;-0,02;-0,02;0,0;0,0;-0,01;-0,01;-0,01;-0,01;-0,02;-0,02;-0,02;-0,02;-0,01;-0,01;0,0;0,0;-0,01;-0,01;0,0;0,0;-0,01;-0,01;-0,01;-0,01;-0,02;-0,02;0,0;0,0;-0,02;-0,02;-0,02;-0,02;-0,01;-0,01;-0,01;-0,01;-0,01;-0,01;-0,01;-0,01;-0,01;-0,01;-0,11;-0,11;0,0;0,0;-0,01;-0,01;0,0;0,0;-0,01;-0,01
06.08.2026;05:00;05:15;0,0;0,0;-0,16;-0,16;-0,03;-0,03;0,0;0,0;-0,01;-0,01;-0,01;-0,01;-0,02;-0,02;-0,02;-0,02;0,0;0,0;0,0;0,0;0,0;0,0;0,0;0,0;0,0;0,0;0,0;0,0;-0,01;-0,01;0,0;0,0;-0,03;-0,03;-0,02;-0,02;-0,01;-0,01;-0,01;-0,01;-0,01;-0,01;0,0;0,0;-0,01;-0,01;-0,11;-0,11;0,0;0,0;-0,01;-0,01;0,0;0,0;-0,02;-0,02
06.08.2026;05:15;05:30;0,0;0,0;-0,17;-0,17;-0,02;-0,02;0,0;0,0;-0,01;-0,01;-0,01;-0,01;-0,02;-0,02;-0,02;-0,02;-0,01;-0,01;0,0;0,0;0,0;0,0;0,0;0,0;0,0;0,0;0,0;0,0;-0,02;-0,02;0,0;0,0;-0,02;-0,02;-0,14;-0,14;-0,02;-0,02;-0,02;-0,02;0,0;0,0;-0,01;-0,01;-0,01;-0,01;-0,1;-0,1;0,0;0,0;-0,01;-0,01;-0,01;-0,01;-0,03;-0,03
06.08.2026;05:30;05:45;0,0;0,0;-0,35;-0,35;-0,02;-0,02;-0,01;-0,01;-0,02;-0,02;-0,01;-0,01;-0,02;-0,02;-0,02;-0,02;-0,01;-0,01;0,0;0,0;0,0;0,0;0,0;0,0;-0,02;-0,02;0,0;0,0;-0,01;-0,01;0,0;0,0;-0,02;-0,02;-0,03;-0,03;-0,02;-0,02;-0,02;-0,02;-0,02;-0,02;-0,01;-0,01;0,0;0,0;-0,11;-0,11;-0,01;-0,01;-0,01;-0,01;-0,01;-0,01;-0,02;-0,02
06.08.2026;05:45;06:00;0,0;0,0;-0,17;-0,17;-0,02;-0,02;0,0;0,0;-0,01;-0,01;0,0;0,0;-0,01;-0,01;-0,02;-0,02;-0,01;-0,01;0,0;0,0;0,0;0,0;0,0;0,0;-0,02;-0,02;0,0;0,0;-0,02;-0,02;0,0;0,0;-0,02;-0,02;-0,07;-0,07;-0,03;-0,03;-0,01;-0,01;0,0;0,0;-0,02;-0,02;-0,01;-0,01;-0,11;-0,11;0,0;0,0;-0,02;-0,02;0,0;0,0;-0,03;-0,03
06.08.2026;06:00;06:15;0,01;0,01;-0,25;-0,25;-0,03;-0,03;0,0;0,0;-0,02;-0,02;-0,01;-0,01;-0,02;-0,02;-0,02;-0,02;0,0;0,0;0,0;0,0;0,0;0,0;0,0;0,0;-0,01;-0,01;0,0;0,0;-0,02;-0,02;0,0;0,0;-0,02;-0,02;-0,02;-0,02;-0,01;-0,01;0,0;0,0;-0,01;-0,01;0,0;0,0;-0,02;-0,02;-0,1;-0,1;0,0;0,0;-0,04;-0,04;0,0;0,0;-0,03;-0,03
06.08.2026;06:15;06:30;0,11;0,11;-0,17;-0,17;-0,13;-0,13;0,0;0,0;-0,01;-0,01;-0,01;-0,01;-0,02;-0,02;-0,01;-0,01;-0,01;-0,01;0,0;0,0;0,0;0,0;0,0;0,0;0,0;0,0;0,0;0,0;-0,01;-0,01;0,0;0,0;-0,03;-0,03;-0,02;-0,02;0,0;0,0;-0,01;-0,01;-0,02;-0,02;-0,01;-0,01;-0,01;-0,01;-0,11;-0,11;0,0;0,0;-0,02;-0,02;-0,01;-0,01;-0,35;-0,35
06.08.2026;06:30;06:45;0,18;0,13;-0,17;-0,12;-0,05;-0,05;0,0;0,0;-0,01;-0,01;-0,01;-0,01;-0,04;-0,04;-0,01;-0,01;-0,01;-0,01;0,0;0,0;0,0;0,0;0,0;0,0;-0,01;-0,01;0,0;0,0;-0,02;-0,02;0,0;0,0;-0,02;-0,02;-0,03;-0,03;-0,02;-0,02;-0,02;-0,02;0,0;0,0;-0,01;-0,01;-0,01;-0,01;-0,09;-0,09;0,0;0,0;-0,02;-0,02;-0,01;-0,01;-0,05;-0,05
06.08.2026;06:45;07:00;0,21;0,16;-0,23;-0,18;-0,04;-0,04;0,0;0,0;-0,01;-0,01;-0,01;-0,01;-0,02;-0,02;-0,02;-0,02;0,0;0,0;0,0;0,0;0,0;0,0;0,0;0,0;-0,01;-0,01;-0,01;-0,01;-0,01;-0,01;-0,01;-0,01;-0,01;-0,01;-0,02;-0,02;0,0;0,0;-0,01;-0,01;-0,01;-0,01;-0,01;-0,01;0,0;0,0;-0,09;-0,09;0,0;0,0;-0,02;-0,02;0,0;0,0;-0,05;-0,05
06.08.2026;07:00;07:15;0,3;0,11;-0,32;-0,28;-0,03;-0,02;0,0;0,0;-0,02;-0,01;0,0;0,0;0,0;0,0;-0,02;-0,01;-0,01;0,0;0,0;0,0;0,0;0,0;0,0;0,0;-0,02;-0,01;0,0;0,0;-0,02;-0,01;0,0;0,0;-0,01;0,0;-0,02;-0,01;-0,02;-0,01;-0,01;0,0;-0,01;0,0;-0,01;0,0;-0,01;0,0;-0,08;-0,07;0,0;0,0;0,0;0,0;0,0;0,0;-0,05;-0,04
06.08.2026;07:15;07:30;0,22;0,17;-0,18;-0,13;-0,02;-0,02;0,0;0,0;-0,01;-0,01;-0,01;-0,01;-0,01;-0,01;-0,02;-0,02;0,0;0,0;0,0;0,0;-0,01;-0,01;0,0;0,0;-0,01;-0,01;0,0;0,0;-0,03;-0,03;0,0;0,0;-0,01;-0,01;-0,02;-0,02;0,0;0,0;-0,01;-0,01;0,0;0,0;-0,01;-0,01;-0,01;-0,01;-0,08;-0,08;0,0;0,0;-0,02;-0,02;-0,01;-0,01;-0,03;-0,03
06.08.2026;07:30;07:45;0,23;0,17;-0,24;-0,18;-0,03;-0,03;0,0;0,0;-0,03;-0,03;-0,01;-0,01;-0,02;-0,02;-0,02;-0,02;-0,01;-0,01;0,0;0,0;0,0;0,0;0,0;0,0;-0,01;-0,01;0,0;0,0;-0,01;-0,01;0,0;0,0;-0,02;-0,02;-0,01;-0,01;-0,02;-0,02;-0,02;-0,02;-0,02;-0,02;-0,01;-0,01;-0,01;-0,01;-0,1;-0,1;-0,01;-0,01;0,0;0,0;-0,01;-0,01;-0,03;-0,03
06.08.2026;07:45;08:00;0,19;0,14;-0,21;-0,16;-0,19;-0,19;0,0;0,0;-0,03;-0,03;-0,01;-0,01;-0,02;-0,02;-0,02;-0,02;-0,01;-0,01;0,0;0,0;0,0;0,0;0,0;0,0;-0,15;-0,15;0,0;0,0;-0,02;-0,02;0,0;0,0;0,0;0,0;-0,01;-0,01;0,0;0,0;0,0;0,0;0,0;0,0;-0,01;-0,01;-0,02;-0,02;-0,02;-0,02;0,0;0,0;-0,02;-0,02;0,0;0,0;-0,03;-0,03
06.08.2026;08:00;08:15;0,23;0,17;-0,26;-0,2;-0,04;-0,04;0,0;0,0;-0,13;-0,13;-0,01;-0,01;-0,02;-0,02;-0,25;-0,25;0,0;0,0;-0,01;-0,01;0,0;0,0;-0,01;-0,01;-0,09;-0,09;0,0;0,0;-0,01;-0,01;0,0;0,0;-0,01;-0,01;-0,01;-0,01;-0,02;-0,02;-0,01;-0,01;-0,01;-0,01;0,0;0,0;-0,03;-0,03;-0,04;-0,04;0,0;0,0;0,0;0,0;0,0;0,0;-0,04;-0,04
06.08.2026;08:15;08:30;0,28;0,2;-0,23;-0,15;-0,03;-0,03;0,0;0,0;-0,06;-0,06;0,0;0,0;-0,01;-0,01;-0,08;-0,08;-0,01;-0,01;0,0;0,0;0,0;0,0;0,0;0,0;-0,48;-0,48;0,0;0,0;-0,02;-0,02;0,0;0,0;-0,02;-0,02;-0,02;-0,02;-0,16;-0,16;-0,01;-0,01;-0,02;-0,02;-0,02;-0,02;-0,02;-0,02;-0,09;-0,09;0,0;0,0;-0,02;-0,02;-0,01;-0,01;-0,02;-0,02
06.08.2026;08:30;08:45;0,19;0,14;-0,34;-0,29;-0,05;-0,05;0,0;0,0;-0,05;-0,05;-0,01;-0,01;-0,02;-0,02;-0,14;-0,14;-0,01;-0,01;0,0;0,0;0,0;0,0;0,0;0,0;-0,55;-0,55;0,0;0,0;-0,02;-0,02;0,0;0,0;-0,01;-0,01;-0,02;-0,02;-0,09;-0,09;-0,01;-0,01;0,0;0,0;-0,01;-0,01;-0,01;-0,01;-0,07;-0,07;0,0;0,0;-0,01;-0,01;0,0;0,0;-0,02;-0,02
06.08.2026;08:45;09:00;0,26;0,19;-0,34;-0,27;-0,06;-0,06;0,0;0,0;-0,04;-0,04;-0,01;-0,01;-0,01;-0,01;-0,06;-0,06;-0,01;-0,01;0,0;0,0;0,0;0,0;0,0;0,0;-0,15;-0,15;0,0;0,0;-0,01;-0,01;0,0;0,0;-0,02;-0,02;-0,03;-0,03;-0,06;-0,06;-0,01;-0,01;-0,01;-0,01;0,0;0,0;-0,01;-0,01;-0,09;-0,09;0,0;0,0;-0,01;-0,01;-0,01;-0,01;-0,02;-0,02
06.08.2026;09:00;09:15;0,78;0,23;-0,21;-0,04;-0,05;-0,01;-0,01;0,0;-0,04;0,0;0,0;0,0;-0,01;0,0;-0,06;-0,02;0,0;0,0;0,0;0,0;0,0;0,0;0,0;0,0;-0,03;0,0;-0,01;0,0;-0,02;0,0;0,0;0,0;-0,01;0,0;-0,02;0,0;-0,03;0,0;-0,01;0,0;-0,01;0,0;-0,01;0,0;-0,01;0,0;-0,09;-0,05;0,0;0,0;-0,01;0,0;0,0;0,0;-0,03;0,0
06.08.2026;09:15;09:30;0,86;0,24;-0,18;-0,01;-0,05;0,0;0,0;0,0;-0,14;-0,09;-0,01;0,0;-0,02;0,0;-0,05;0,0;-0,01;0,0;0,0;0,0;0,0;0,0;0,0;0,0;-0,05;0,0;0,0;0,0;-0,01;0,0;-0,01;0,0;-0,02;0,0;-0,02;0,0;-0,02;0,0;-0,01;0,0;-0,01;0,0;-0,02;0,0;-0,01;0,0;-0,1;-0,05;0,0;0,0;-0,01;0,0;0,0;0,0;-0,02;0,0
06.08.2026;09:30;09:45;0,65;0,16;-0,17;-0,07;-0,05;-0,02;0,0;0,0;-0,04;-0,01;0,0;0,0;-0,04;-0,01;-0,04;-0,01;-0,01;0,0;0,0;0,0;0,0;0,0;0,0;0,0;-0,04;-0,01;0,0;0,0;-0,01;0,0;0,0;0,0;-0,01;0,0;-0,03;0,0;-0,03;0,0;-0,01;0,0;-0,01;0,0;-0,02;0,0;-0,05;-0,02;-0,39;-0,36;-0,01;0,0;-0,01;0,0;-0,01;0,0;-0,02;0,0
06.08.2026;09:45;10:00;0,01;0,01;-0,25;-0,25;-0,06;-0,06;0,0;0,0;-0,05;-0,05;-0,01;-0,01;-0,03;-0,03;-0,05;-0,05;0,0;0,0;0,0;0,0;-0,01;-0,01;0,0;0,0;-0,03;-0,03;0,0;0,0;-0,02;-0,02;0,0;0,0;-0,01;-0,01;-0,03;-0,03;-0,03;-0,03;0,0;0,0;-0,01;-0,01;-0,01;-0,01;-0,04;-0,04;-0,11;-0,11;0,0;0,0;-0,02;-0,02;-0,01;-0,01;-0,02;-0,02
06.08.2026;10:00;10:15;0,0;0,0;-0,24;-0,24;-0,07;-0,07;0,0;0,0;-0,04;-0,04;-0,05;-0,05;-0,03;-0,03;-0,05;-0,05;-0,01;-0,01;0,0;0,0;0,0;0,0;0,0;0,0;-0,03;-0,03;0,0;0,0;-0,02;-0,02;0,0;0,0;-0,02;-0,02;-0,03;-0,03;-0,03;-0,03;-0,01;-0,01;-0,01;-0,01;-0,01;-0,01;-0,02;-0,02;-0,1;-0,1;0,0;0,0;-0,01;-0,01;0,0;0,0;-0,02;-0,02
06.08.2026;10:15;10:30;0,0;0,0;-0,23;-0,23;-0,07;-0,07;0,0;0,0;-0,03;-0,03;-0,09;-0,09;-0,03;-0,03;-0,3;-0,3;0,0;0,0;0,0;0,0;0,0;0,0;0,0;0,0;-0,02;-0,02;0,0;0,0;-0,02;-0,02;0,0;0,0;-0,01;-0,01;-0,04;-0,04;-0,01;-0,01;-0,01;-0,01;-0,01;-0,01;-0,01;-0,01;-0,01;-0,01;-0,12;-0,12;0,0;0,0;-0,01;-0,01;0,0;0,0;-0,01;-0,01
06.08.2026;10:30;10:45;0,71;0,21;-0,23;-0,08;-0,08;-0,05;0,0;0,0;-0,02;0,0;-0,05;-0,02;-0,03;0,0;-0,23;-0,2;-0,01;0,0;0,0;0,0;0,0;0,0;0,0;0,0;-0,02;0,0;0,0;0,0;-0,02;0,0;0,0;0,0;-0,01;0,0;-0,04;-0,01;-0,01;0,0;-0,01;0,0;0,0;0,0;-0,01;0,0;-0,01;0,0;-0,2;-0,17;0,0;0,0;-0,01;0,0;-0,01;0,0;-0,03;0,0
06.08.2026;10:45;11:00;0,85;0,24;-0,18;0,0;-0,04;0,0;0,0;0,0;-0,02;0,0;-0,05;0,0;-0,04;0,0;-0,19;-0,14;-0,01;0,0;0,0;0,0;0,0;0,0;0,0;0,0;-0,02;0,0;0,0;0,0;-0,02;0,0;0,0;0,0;0,0;0,0;-0,03;0,0;-0,01;0,0;-0,01;0,0;-0,02;0,0;0,0;0,0;-0,01;0,0;-0,31;-0,26;0,0;0,0;-0,01;0,0;-0,01;0,0;-0,03;0,0
06.08.2026;11:00;11:15;0,87;0,23;-0,17;-0,01;-0,06;-0,01;0,0;0,0;-0,02;0,0;-0,04;0,0;-0,08;-0,03;-0,08;-0,03;-0,01;0,0;0,0;0,0;0,0;0,0;0,0;0,0;-0,04;0,0;0,0;0,0;-0,03;0,0;0,0;0,0;0,0;0,0;-0,04;0,0;-0,02;0,0;-0,01;0,0;-0,01;0,0;-0,01;0,0;-0,01;0,0;-0,24;-0,19;0,0;0,0;-0,01;0,0;0,0;0,0;-0,03;0,0
06.08.2026;11:15;11:30;0,86;0,23;-0,17;0,0;-0,06;0,0;0,0;0,0;-0,02;0,0;-0,13;-0,07;-0,03;0,0;-0,09;-0,03;0,0;0,0;0,0;0,0;0,0;0,0;0,0;0,0;-0,03;0,0;0,0;0,0;-0,01;0,0;0,0;0,0;-0,01;0,0;-0,03;0,0;-0,01;0,0;-0,01;0,0;0,0;0,0;-0,02;0,0;-0,02;0,0;-0,19;-0,13;0,0;0,0;-0,01;0,0;0,0;0,0;-0,02;0,0
06.08.2026;11:30;11:45;0,8;0,21;-0,18;-0,03;-0,06;-0,02;0,0;0,0;-0,03;0,0;-0,25;-0,21;-0,03;0,0;-0,09;-0,05;-0,01;0,0;0,0;0,0;0,0;0,0;0,0;0,0;-0,04;0,0;-0,01;0,0;-0,01;0,0;0,0;0,0;0,0;0,0;-0,03;0,0;-0,02;0,0;-0,01;0,0;-0,02;0,0;-0,01;0,0;-0,01;0,0;-0,2;-0,16;-0,01;0,0;-0,01;0,0;-0,01;0,0;-0,02;0,0
06.08.2026;11:45;12:00;0,93;0,27;-0,18;0,0;-0,04;0,0;0,0;0,0;-0,02;0,0;-0,09;-0,03;-0,04;0,0;-0,21;-0,15;-0,01;0,0;0,0;0,0;0,0;0,0;0,0;0,0;-0,06;0,0;0,0;0,0;-0,02;0,0;-0,01;0,0;0,0;0,0;-0,03;0,0;-0,01;0,0;0,0;0,0;0,0;0,0;-0,01;0,0;-0,01;0,0;-0,16;-0,1;0,0;0,0;-0,01;0,0;-0,01;0,0;-0,02;0,0
06.08.2026;12:00;12:15;1,08;0,39;-0,18;0,0;-0,06;0,0;0,0;0,0;-0,02;0,0;-0,06;0,0;-0,03;0,0;-0,26;-0,18;0,0;0,0;0,0;0,0;0,0;0,0;0,0;0,0;-0,04;0,0;0,0;0,0;-0,02;0,0;0,0;0,0;-0,01;0,0;-0,02;0,0;-0,02;0,0;-0,01;0,0;-0,01;0,0;-0,01;0,0;0,0;0,0;-0,18;-0,1;0,0;0,0;-0,01;0,0;0,0;0,0;-0,03;0,0
06.08.2026;12:15;12:30;0,95;0,29;-0,16;0,0;-0,22;-0,15;-0,01;0,0;-0,01;0,0;-0,08;-0,01;-0,02;0,0;-0,09;-0,02;-0,01;0,0;0,0;0,0;-0,01;0,0;0,0;0,0;-0,02;0,0;0,0;0,0;-0,01;0,0;0,0;0,0;-0,01;0,0;-0,02;0,0;-0,01;0,0;-0,01;0,0;-0,02;0,0;-0,01;0,0;-0,01;0,0;-0,18;-0,11;0,0;0,0;-0,02;0,0;0,0;0,0;-0,02;0,0
06.08.2026;12:30;12:45;0,82;0,25;-0,16;0,0;-0,22;-0,18;0,0;0,0;-0,02;0,0;-0,06;-0,02;-0,04;0,0;-0,08;-0,04;-0,01;0,0;0,0;0,0;0,0;0,0;0,0;0,0;-0,02;0,0;0,0;0,0;-0,01;0,0;0,0;0,0;-0,02;0,0;-0,03;0,0;-0,02;0,0;0,0;0,0;0,0;0,0;-0,03;0,0;-0,01;0,0;-0,19;-0,15;0,0;0,0;0,0;0,0;-0,01;0,0;-0,03;0,0
06.08.2026;12:45;13:00;0,68;0,2;-0,22;-0,08;-0,19;-0,16;0,0;0,0;-0,02;0,0;-0,04;-0,01;-0,03;0,0;-0,07;-0,04;0,0;0,0;0,0;0,0;0,0;0,0;0,0;0,0;-0,02;0,0;0,0;0,0;-0,01;0,0;0,0;0,0;-0,01;0,0;-0,02;0,0;-0,01;0,0;-0,01;0,0;-0,01;0,0;-0,04;-0,01;-0,01;0,0;-0,2;-0,17;0,0;0,0;-0,02;0,0;0,0;0,0;-0,02;0,0
06.08.2026;13:00;13:15;0,79;0,21;-0,2;-0,05;-0,15;-0,11;0,0;0,0;-0,02;0,0;-0,02;0,0;-0,04;0,0;-0,45;-0,41;-0,01;0,0;-0,01;0,0;0,0;0,0;-0,01;0,0;-0,02;0,0;0,0;0,0;-0,02;0,0;0,0;0,0;-0,02;0,0;-0,02;0,0;-0,03;0,0;-0,01;0,0;-0,01;0,0;-0,02;0,0;-0,02;0,0;-0,18;-0,14;0,0;0,0;0,0;0,0;-0,01;0,0;-0,02;0,0
06.08.2026;13:15;13:30;0,76;0,25;-0,15;0,0;-0,15;-0,1;0,0;0,0;-0,02;0,0;-0,02;0,0;-0,03;0,0;-0,1;-0,05;0,0;0,0;0,0;0,0;0,0;0,0;0,0;0,0;0,0;0,0;0,0;0,0;0,0;0,0;0,0;0,0;-0,01;0,0;-0,03;0,0;-0,03;0,0;-0,02;0,0;-0,01;0,0;-0,01;0,0;0,0;0,0;-0,26;-0,21;0,0;0,0;-0,02;0,0;0,0;0,0;-0,01;0,0
06.08.2026;13:30;13:45;0,89;0,29;-0,15;0,0;-0,13;-0,06;0,0;0,0;-0,01;0,0;-0,01;0,0;-0,03;0,0;-0,09;-0,02;-0,01;0,0;0,0;0,0;0,0;0,0;0,0;0,0;-0,01;0,0;0,0;0,0;-0,02;0,0;0,0;0,0;-0,01;0,0;-0,02;0,0;-0,03;0,0;-0,01;0,0;-0,01;0,0;-0,02;0,0;-0,01;0,0;-0,2;-0,13;-0,01;0,0;0,0;0,0;-0,01;0,0;-0,02;0,0
06.08.2026;13:45;14:00;1,45;0,69;-0,16;0,0;-0,13;0,0;0,0;0,0;-0,01;0,0;-0,02;0,0;-0,04;0,0;-0,09;0,0;-0,01;0,0;0,0;0,0;0,0;0,0;0,0;0,0;-0,01;0,0;-0,01;0,0;-0,01;0,0;0,0;0,0;-0,02;0,0;-0,02;0,0;-0,02;0,0;0,0;0,0;-0,01;0,0;-0,01;0,0;-0,01;0,0;-0,17;-0,03;0,0;0,0;-0,02;0,0;0,0;0,0;-0,02;0,0
06.08.2026;14:00;14:15;0,58;0,19;-0,15;-0,04;-0,09;-0,07;0,0;0,0;-0,01;0,0;-0,02;0,0;-0,02;0,0;-0,08;-0,06;-0,01;0,0;0,0;0,0;0,0;0,0;0,0;0,0;-0,02;0,0;0,0;0,0;-0,01;0,0;0,0;0,0;-0,01;0,0;-0,03;-0,01;-0,02;0,0;0,0;0,0;-0,01;0,0;-0,02;0,0;-0,01;0,0;-0,22;-0,2;0,0;0,0;-0,01;0,0;-0,01;0,0;-0,03;-0,01
06.08.2026;14:15;14:30;0,02;0,02;-0,15;-0,15;-0,05;-0,05;0,0;0,0;-0,02;-0,02;-0,02;-0,02;0,0;0,0;-0,12;-0,12;-0,01;-0,01;0,0;0,0;0,0;0,0;0,0;0,0;-0,01;-0,01;0,0;0,0;-0,01;-0,01;-0,01;-0,01;-0,02;-0,02;-0,02;-0,02;-0,01;-0,01;-0,02;-0,02;-0,01;-0,01;0,0;0,0;-0,01;-0,01;-0,24;-0,24;0,0;0,0;-0,01;-0,01;0,0;0,0;-0,02;-0,02
06.08.2026;14:30;14:45;0,01;0,01;-0,31;-0,31;-0,05;-0,05;0,0;0,0;-0,03;-0,03;-0,02;-0,02;-0,01;-0,01;-0,28;-0,28;0,0;0,0;0,0;0,0;0,0;0,0;0,0;0,0;-0,03;-0,03;0,0;0,0;-0,01;-0,01;0,0;0,0;-0,01;-0,01;-0,02;-0,02;-0,02;-0,02;0,0;0,0;0,0;0,0;-0,01;-0,01;-0,01;-0,01;-0,22;-0,22;0,0;0,0;-0,02;-0,02;-0,01;-0,01;-0,03;-0,03
06.08.2026;14:45;15:00;0,43;0,17;-0,16;-0,09;-0,06;-0,05;0,0;0,0;-0,23;-0,22;-0,03;-0,02;-0,02;-0,01;-0,17;-0,16;-0,01;0,0;0,0;0,0;-0,01;0,0;0,0;0,0;-0,02;-0,01;0,0;0,0;-0,02;-0,01;0,0;0,0;-0,01;0,0;-0,02;-0,01;-0,01;0,0;-0,01;0,0;-0,02;-0,01;-0,01;0,0;-0,01;0,0;-0,21;-0,2;0,0;0,0;-0,02;-0,01;0,0;0,0;-0,02;-0,01
06.08.2026;15:00;15:15;0,47;0,2;-0,22;-0,12;-0,04;-0,03;0,0;0,0;-0,36;-0,35;-0,04;-0,03;-0,01;0,0;-0,33;-0,32;0,0;0,0;0,0;0,0;0,0;0,0;0,0;0,0;-0,1;-0,09;0,0;0,0;-0,01;0,0;0,0;0,0;0,0;0,0;-0,03;-0,02;-0,01;0,0;-0,01;0,0;-0,01;0,0;-0,02;-0,01;-0,01;0,0;-0,15;-0,14;0,0;0,0;-0,03;-0,02;-0,01;0,0;-0,01;0,0
06.08.2026;15:15;15:30;0,47;0,21;-0,28;-0,17;-0,06;-0,05;0,0;0,0;-0,13;-0,12;-0,03;-0,02;0,0;0,0;-0,32;-0,31;-0,01;0,0;0,0;0,0;0,0;0,0;0,0;0,0;-0,18;-0,17;0,0;0,0;-0,01;0,0;0,0;0,0;-0,01;0,0;-0,02;-0,01;-0,01;0,0;-0,03;-0,02;0,0;0,0;0,0;0,0;-0,01;0,0;-0,1;-0,09;0,0;0,0;-0,02;-0,01;0,0;0,0;-0,02;-0,01
06.08.2026;15:30;15:45;0,28;0,2;-0,19;-0,11;-0,05;-0,05;-0,01;-0,01;-0,02;-0,02;-0,04;-0,04;-0,01;-0,01;-0,28;-0,28;-0,01;-0,01;0,0;0,0;0,0;0,0;0,0;0,0;-0,01;-0,01;0,0;0,0;-0,03;-0,03;0,0;0,0;0,0;0,0;-0,02;-0,02;-0,02;-0,02;-0,07;-0,07;-0,02;-0,02;-0,01;-0,01;-0,01;-0,01;-0,04;-0,04;-0,01;-0,01;-0,01;-0,01;-0,01;-0,01;-0,02;-0,02
06.08.2026;15:45;16:00;0,21;0,16;-0,15;-0,1;-0,05;-0,05;0,0;0,0;-0,02;-0,02;-0,04;-0,04;-0,01;-0,01;-0,5;-0,5;0,0;0,0;0,0;0,0;0,0;0,0;0,0;0,0;-0,03;-0,03;0,0;0,0;-0,02;-0,02;0,0;0,0;0,0;0,0;-0,03;-0,03;0,0;0,0;-0,25;-0,25;0,0;0,0;-0,01;-0,01;-0,01;-0,01;-0,03;-0,03;0,0;0,0;-0,01;-0,01;0,0;0,0;-0,03;-0,03
06.08.2026;16:00;16:15;0,24;0,18;-0,16;-0,1;-0,06;-0,06;0,0;0,0;-0,07;-0,07;-0,16;-0,16;-0,02;-0,02;-0,43;-0,43;-0,01;-0,01;0,0;0,0;0,0;0,0;0,0;0,0;-0,02;-0,02;-0,01;-0,01;-0,02;-0,02;0,0;0,0;-0,01;-0,01;-0,02;-0,02;-0,01;-0,01;-0,17;-0,17;-0,01;-0,01;-0,01;-0,01;-0,01;-0,01;-0,03;-0,03;0,0;0,0;-0,02;-0,02;-0,01;-0,01;-0,02;-0,02
06.08.2026;16:15;16:30;0,5;0,15;-0,16;-0,07;-0,06;-0,04;0,0;0,0;-0,37;-0,35;-0,1;-0,08;-0,03;-0,01;-0,11;-0,09;0,0;0,0;0,0;0,0;0,0;0,0;0,0;0,0;-0,02;0,0;0,0;0,0;-0,02;0,0;0,0;0,0;0,0;0,0;-0,01;0,0;-0,02;0,0;-0,13;-0,11;-0,01;0,0;-0,01;0,0;-0,01;0,0;-0,02;0,0;0,0;0,0;0,0;0,0;0,0;0,0;-0,03;-0,01
06.08.2026;16:30;16:45;0,75;0,2;-0,17;-0,03;-0,06;-0,02;0,0;0,0;-0,15;-0,11;-0,13;-0,09;-0,03;0,0;-0,07;-0,03;-0,01;0,0;0,0;0,0;0,0;0,0;0,0;0,0;-0,02;0,0;0,0;0,0;-0,03;0,0;0,0;0,0;-0,01;0,0;-0,01;0,0;-0,01;0,0;-0,03;0,0;-0,01;0,0;-0,01;0,0;-0,01;0,0;-0,02;0,0;0,0;0,0;-0,02;0,0;-0,01;0,0;-0,02;0,0
06.08.2026;16:45;17:00;0,69;0,2;-0,18;-0,05;-0,06;-0,02;0,0;0,0;-0,29;-0,25;-0,13;-0,09;0,0;0,0;-0,08;-0,04;-0,01;0,0;0,0;0,0;0,0;0,0;0,0;0,0;0,0;0,0;0,0;0,0;-0,08;-0,04;-0,01;0,0;-0,02;0,0;-0,01;0,0;-0,01;0,0;-0,05;-0,01;-0,01;0,0;-0,01;0,0;-0,01;0,0;-0,01;0,0;0,0;0,0;-0,01;0,0;0,0;0,0;-0,01;0,0
06.08.2026;17:00;17:15;1,11;0,42;-0,17;0,0;-0,13;-0,05;0,0;0,0;-0,05;0,0;-0,13;-0,05;-0,01;0,0;-0,07;0,0;-0,01;0,0;0,0;0,0;0,0;0,0;0,0;0,0;-0,01;0,0;0,0;0,0;-0,05;0,0;0,0;0,0;-0,01;0,0;-0,02;0,0;-0,01;0,0;-0,03;0,0;-0,01;0,0;-0,01;0,0;-0,01;0,0;-0,02;0,0;0,0;0,0;-0,02;0,0;-0,01;0,0;-0,01;0,0
06.08.2026;17:15;17:30;0,65;0,17;-0,19;-0,09;-0,19;-0,16;0,0;0,0;-0,06;-0,03;-0,1;-0,07;-0,02;0,0;-0,08;-0,05;-0,01;0,0;0,0;0,0;-0,01;0,0;0,0;0,0;-0,08;-0,05;0,0;0,0;-0,05;-0,02;0,0;0,0;-0,02;0,0;-0,01;0,0;-0,01;0,0;-0,02;0,0;0,0;0,0;-0,01;0,0;-0,01;0,0;-0,02;0,0;0,0;0,0;-0,03;0,0;0,0;0,0;-0,03;0,0
06.08.2026;17:30;17:45;0,3;0,1;-0,17;-0,15;-0,29;-0,28;0,0;0,0;-0,04;-0,03;-0,09;-0,08;-0,01;0,0;-0,06;-0,05;0,0;0,0;0,0;0,0;0,0;0,0;0,0;0,0;-0,09;-0,08;0,0;0,0;-0,06;-0,05;0,0;0,0;-0,01;0,0;-0,03;-0,02;-0,01;0,0;-0,02;-0,01;-0,02;-0,01;0,0;0,0;-0,01;0,0;-0,02;-0,01;-0,01;0,0;-0,03;-0,02;-0,01;0,0;-0,02;-0,01
06.08.2026;17:45;18:00;0,44;0,18;-0,25;-0,17;-0,32;-0,31;0,0;0,0;-0,04;-0,03;-0,09;-0,08;-0,02;-0,01;-0,08;-0,07;-0,01;0,0;0,0;0,0;0,0;0,0;0,0;0,0;-0,02;-0,01;0,0;0,0;-0,14;-0,13;0,0;0,0;-0,01;0,0;-0,02;-0,01;-0,02;-0,01;-0,04;-0,03;-0,01;0,0;-0,02;-0,01;-0,01;0,0;-0,21;-0,2;0,0;0,0;-0,01;0,0;0,0;0,0;-0,03;-0,02
06.08.2026;18:00;18:15;0,59;0,19;-0,17;-0,06;-0,09;-0,07;0,0;0,0;-0,05;-0,03;-0,09;-0,07;-0,01;0,0;-0,06;-0,04;0,0;0,0;-0,01;0,0;0,0;0,0;-0,01;0,0;-0,01;0,0;-0,01;0,0;-0,14;-0,12;0,0;0,0;-0,02;0,0;-0,1;-0,08;-0,01;0,0;-0,02;0,0;0,0;0,0;-0,01;0,0;-0,01;0,0;-0,22;-0,2;0,0;0,0;-0,01;0,0;0,0;0,0;-0,02;0,0
06.08.2026;18:15;18:30;0,31;0,11;-0,18;-0,16;-0,09;-0,08;0,0;0,0;-0,04;-0,03;-0,1;-0,09;-0,01;0,0;-0,05;-0,04;-0,01;0,0;0,0;0,0;0,0;0,0;0,0;0,0;-0,01;0,0;0,0;0,0;-0,16;-0,15;0,0;0,0;-0,01;0,0;-0,04;-0,03;-0,01;0,0;-0,03;-0,02;-0,02;-0,01;0,0;0,0;-0,01;0,0;-0,21;-0,2;0,0;0,0;-0,01;0,0;-0,01;0,0;-0,03;-0,02
06.08.2026;18:30;18:45;0,0;0,0;-0,23;-0,23;-0,08;-0,08;0,0;0,0;-0,05;-0,05;-0,1;-0,1;-0,02;-0,02;-0,05;-0,05;-0,01;-0,01;0,0;0,0;0,0;0,0;0,0;0,0;-0,02;-0,02;0,0;0,0;-0,15;-0,15;0,0;0,0;-0,02;-0,02;-0,03;-0,03;-0,01;-0,01;-0,04;-0,04;0,0;0,0;-0,01;-0,01;-0,01;-0,01;-0,19;-0,19;0,0;0,0;-0,01;-0,01;-0,01;-0,01;-0,01;-0,01
06.08.2026;18:45;19:00;0,0;0,0;-0,2;-0,2;-0,08;-0,08;0,0;0,0;-0,04;-0,04;-0,1;-0,1;-0,01;-0,01;-0,06;-0,06;0,0;0,0;0,0;0,0;0,0;0,0;0,0;0,0;-0,02;-0,02;0,0;0,0;-0,17;-0,17;0,0;0,0;-0,02;-0,02;-0,02;-0,02;-0,01;-0,01;-0,03;-0,03;-0,02;-0,02;-0,01;-0,01;-0,01;-0,01;-0,21;-0,21;0,0;0,0;-0,01;-0,01;0,0;0,0;-0,01;-0,01
06.08.2026;19:00;19:15;0,0;0,0;-0,2;-0,2;-0,25;-0,25;-0,01;-0,01;-0,05;-0,05;-0,11;-0,11;-0,01;-0,01;-0,05;-0,05;-0,01;-0,01;0,0;0,0;0,0;0,0;0,0;0,0;0,0;0,0;0,0;0,0;-0,16;-0,16;0,0;0,0;-0,01;-0,01;-0,02;-0,02;-0,01;-0,01;-0,02;-0,02;0,0;0,0;-0,02;-0,02;-0,01;-0,01;-0,19;-0,19;0,0;0,0;-0,01;-0,01;0,0;0,0;-0,03;-0,03
06.08.2026;19:15;19:30;0,02;0,02;-0,17;-0,17;-0,32;-0,32;0,0;0,0;-0,05;-0,05;-0,1;-0,1;-0,01;-0,01;-0,05;-0,05;-0,01;-0,01;0,0;0,0;0,0;0,0;0,0;0,0;-0,01;-0,01;0,0;0,0;-0,06;-0,06;-0,01;-0,01;-0,02;-0,02;-0,03;-0,03;-0,02;-0,02;-0,01;-0,01;-0,01;-0,01;0,0;0,0;-0,01;-0,01;-0,18;-0,18;0,0;0,0;-0,02;-0,02;-0,01;-0,01;-0,02;-0,02
06.08.2026;19:30;19:45;0,02;0,02;-0,18;-0,18;-0,06;-0,06;0,0;0,0;-0,04;-0,04;-0,08;-0,08;-0,01;-0,01;-0,06;-0,06;0,0;0,0;0,0;0,0;0,0;0,0;0,0;0,0;-0,07;-0,07;0,0;0,0;-0,05;-0,05;0,0;0,0;-0,01;-0,01;-0,02;-0,02;-0,01;-0,01;0,0;0,0;-0,01;-0,01;-0,01;-0,01;-0,01;-0,01;-0,2;-0,2;-0,01;-0,01;0,0;0,0;-0,01;-0,01;-0,03;-0,03
06.08.2026;19:45;20:00;0,02;0,02;-0,23;-0,23;-0,06;-0,06;0,0;0,0;-0,03;-0,03;-0,03;-0,03;-0,01;-0,01;-0,05;-0,05;-0,01;-0,01;0,0;0,0;-0,01;-0,01;0,0;0,0;-0,04;-0,04;0,0;0,0;-0,04;-0,04;0,0;0,0;-0,02;-0,02;-0,02;-0,02;-0,03;-0,03;-0,01;-0,01;-0,01;-0,01;-0,01;-0,01;-0,01;-0,01;-0,2;-0,2;0,0;0,0;-0,02;-0,02;0,0;0,0;-0,02;-0,02
06.08.2026;20:00;20:15;0,02;0,02;-0,26;-0,26;-0,06;-0,06;0,0;0,0;-0,05;-0,05;-0,03;-0,03;-0,01;-0,01;-0,04;-0,04;-0,01;-0,01;0,0;0,0;0,0;0,0;0,0;0,0;-0,03;-0,03;0,0;0,0;-0,04;-0,04;0,0;0,0;-0,01;-0,01;-0,03;-0,03;-0,08;-0,08;-0,01;-0,01;-0,01;-0,01;-0,01;-0,01;-0,01;-0,01;-0,23;-0,23;0,0;0,0;-0,01;-0,01;0,0;0,0;-0,03;-0,03
06.08.2026;20:15;20:30;0,01;0,01;-0,18;-0,18;-0,24;-0,24;0,0;0,0;-0,05;-0,05;-0,04;-0,04;-0,04;-0,04;-0,03;-0,03;-0,01;-0,01;0,0;0,0;0,0;0,0;0,0;0,0;-0,02;-0,02;-0,01;-0,01;-0,03;-0,03;0,0;0,0;-0,02;-0,02;-0,02;-0,02;-0,06;-0,06;-0,02;-0,02;-0,01;-0,01;-0,01;-0,01;-0,01;-0,01;-0,21;-0,21;0,0;0,0;-0,01;-0,01;-0,01;-0,01;-0,01;-0,01
06.08.2026;20:30;20:45;0,0;0,0;-0,22;-0,22;-0,09;-0,09;0,0;0,0;-0,05;-0,05;-0,03;-0,03;-0,1;-0,1;-0,03;-0,03;0,0;0,0;0,0;0,0;0,0;0,0;0,0;0,0;-0,01;-0,01;0,0;0,0;-0,05;-0,05;0,0;0,0;-0,28;-0,28;-0,02;-0,02;-0,02;-0,02;-0,04;-0,04;-0,01;-0,01;-0,01;-0,01;-0,01;-0,01;-0,17;-0,17;0,0;0,0;-0,01;-0,01;-0,01;-0,01;-0,02;-0,02
06.08.2026;20:45;21:00;0,0;0,0;-0,2;-0,2;-0,09;-0,09;0,0;0,0;-0,05;-0,05;-0,03;-0,03;-0,08;-0,08;-0,03;-0,03;-0,01;-0,01;0,0;0,0;0,0;0,0;0,0;0,0;-0,02;-0,02;0,0;0,0;-0,06;-0,06;0,0;0,0;-0,18;-0,18;-0,03;-0,03;-0,02;-0,02;-0,04;-0,04;-0,01;-0,01;-0,01;-0,01;-0,01;-0,01;-0,19;-0,19;0,0;0,0;-0,01;-0,01;0,0;0,0;-0,01;-0,01
06.08.2026;21:00;21:15;0,0;0,0;-0,3;-0,3;-0,06;-0,06;0,0;0,0;-0,04;-0,04;-0,06;-0,06;-0,22;-0,22;-0,02;-0,02;0,0;0,0;0,0;0,0;0,0;0,0;0,0;0,0;-0,03;-0,03;0,0;0,0;-0,03;-0,03;0,0;0,0;-0,18;-0,18;-0,01;-0,01;-0,05;-0,05;-0,31;-0,31;-0,01;-0,01;-0,01;-0,01;-0,01;-0,01;-0,14;-0,14;0,0;0,0;-0,01;-0,01;0,0;0,0;-0,03;-0,03
06.08.2026;21:15;21:30;0,0;0,0;-0,2;-0,2;-0,06;-0,06;0,0;0,0;-0,04;-0,04;-0,08;-0,08;-0,2;-0,2;-0,03;-0,03;0,0;0,0;0,0;0,0;0,0;0,0;0,0;0,0;-0,03;-0,03;0,0;0,0;-0,06;-0,06;0,0;0,0;-0,05;-0,05;-0,03;-0,03;-0,05;-0,05;-0,4;-0,4;-0,01;-0,01;-0,01;-0,01;-0,01;-0,01;-0,14;-0,14;0,0;0,0;-0,01;-0,01;-0,01;-0,01;-0,03;-0,03
06.08.2026;21:30;21:45;0,0;0,0;-0,3;-0,3;-0,07;-0,07;0,0;0,0;-0,04;-0,04;-0,09;-0,09;-0,04;-0,04;-0,03;-0,03;-0,01;-0,01;0,0;0,0;0,0;0,0;0,0;0,0;-0,01;-0,01;0,0;0,0;-0,15;-0,15;0,0;0,0;-0,03;-0,03;-0,02;-0,02;-0,04;-0,04;-0,13;-0,13;-0,01;-0,01;-0,01;-0,01;-0,01;-0,01;-0,16;-0,16;-0,01;-0,01;-0,01;-0,01;0,0;0,0;-0,02;-0,02
06.08.2026;21:45;22:00;0,0;0,0;-0,17;-0,17;-0,06;-0,06;0,0;0,0;-0,05;-0,05;-0,09;-0,09;-0,04;-0,04;-0,03;-0,03;-0,01;-0,01;0,0;0,0;0,0;0,0;0,0;0,0;-0,01;-0,01;0,0;0,0;-0,16;-0,16;-0,01;-0,01;-0,03;-0,03;-0,04;-0,04;-0,03;-0,03;-0,47;-0,47;0,0;0,0;-0,01;-0,01;-0,01;-0,01;-0,16;-0,16;0,0;0,0;-0,01;-0,01;-0,01;-0,01;-0,03;-0,03
06.08.2026;22:00;22:15;0,0;0,0;-0,18;-0,18;-0,07;-0,07;0,0;0,0;-0,04;-0,04;-0,12;-0,12;-0,15;-0,15;-0,04;-0,04;-0,01;-0,01;0,0;0,0;0,0;0,0;0,0;0,0;-0,01;-0,01;0,0;0,0;-0,08;-0,08;0,0;0,0;-0,03;-0,03;-0,05;-0,05;-0,01;-0,01;-0,14;-0,14;-0,02;-0,02;-0,01;-0,01;-0,01;-0,01;-0,16;-0,16;0,0;0,0;-0,02;-0,02;0,0;0,0;-0,02;-0,02
06.08.2026;22:15;22:30;0,0;0,0;-0,21;-0,21;-0,06;-0,06;-0,01;-0,01;-0,04;-0,04;-0,12;-0,12;-0,32;-0,32;-0,03;-0,03;0,0;0,0;0,0;0,0;-0,01;-0,01;0,0;0,0;-0,02;-0,02;-0,01;-0,01;-0,08;-0,08;0,0;0,0;-0,02;-0,02;-0,05;-0,05;-0,02;-0,02;-0,06;-0,06;-0,01;-0,01;0,0;0,0;-0,01;-0,01;-0,12;-0,12;0,0;0,0;0,0;0,0;-0,01;-0,01;-0,01;-0,01
06.08.2026;22:30;22:45;0,0;0,0;-0,21;-0,21;-0,06;-0,06;0,0;0,0;-0,02;-0,02;-0,14;-0,14;-0,21;-0,21;-0,15;-0,15;-0,01;-0,01;0,0;0,0;0,0;0,0;0,0;0,0;-0,02;-0,02;0,0;0,0;-0,08;-0,08;0,0;0,0;-0,02;-0,02;-0,04;-0,04;-0,02;-0,02;-0,02;-0,02;0,0;0,0;-0,01;-0,01;-0,01;-0,01;-0,13;-0,13;0,0;0,0;-0,02;-0,02;0,0;0,0;-0,01;-0,01
06.08.2026;22:45;23:00;0,0;0,0;-0,31;-0,31;-0,06;-0,06;0,0;0,0;-0,01;-0,01;-0,13;-0,13;-0,07;-0,07;-0,39;-0,39;-0,01;-0,01;0,0;0,0;0,0;0,0;0,0;0,0;-0,01;-0,01;0,0;0,0;-0,08;-0,08;0,0;0,0;-0,03;-0,03;-0,05;-0,05;-0,01;-0,01;-0,01;-0,01;-0,01;-0,01;-0,02;-0,02;-0,01;-0,01;-0,13;-0,13;0,0;0,0;0,0;0,0;-0,01;-0,01;-0,03;-0,03
06.08.2026;23:00;23:15;0,0;0,0;-0,33;-0,33;-0,06;-0,06;0,0;0,0;-0,01;-0,01;-0,12;-0,12;-0,02;-0,02;-0,43;-0,43;-0,01;-0,01;-0,01;-0,01;0,0;0,0;-0,01;-0,01;0,0;0,0;0,0;0,0;-0,07;-0,07;0,0;0,0;-0,02;-0,02;-0,04;-0,04;-0,02;-0,02;-0,01;-0,01;-0,01;-0,01;-0,01;-0,01;-0,02;-0,02;-0,11;-0,11;0,0;0,0;-0,02;-0,02;0,0;0,0;-0,03;-0,03
06.08.2026;23:15;23:30;0,0;0,0;-0,17;-0,17;-0,04;-0,04;0,0;0,0;-0,02;-0,02;-0,11;-0,11;-0,02;-0,02;-0,25;-0,25;0,0;0,0;0,0;0,0;0,0;0,0;0,0;0,0;-0,01;-0,01;0,0;0,0;-0,21;-0,21;0,0;0,0;-0,02;-0,02;-0,05;-0,05;-0,01;-0,01;-0,02;-0,02;-0,01;-0,01;0,0;0,0;-0,02;-0,02;-0,09;-0,09;0,0;0,0;0,0;0,0;0,0;0,0;-0,02;-0,02
06.08.2026;23:30;23:45;0,0;0,0;-0,21;-0,21;-0,04;-0,04;0,0;0,0;-0,01;-0,01;-0,1;-0,1;-0,02;-0,02;-0,15;-0,15;-0,01;-0,01;0,0;0,0;0,0;0,0;0,0;0,0;-0,02;-0,02;0,0;0,0;-0,6;-0,6;0,0;0,0;-0,01;-0,01;-0,04;-0,04;-0,01;-0,01;-0,01;-0,01;-0,01;-0,01;-0,01;-0,01;-0,01;-0,01;-0,11;-0,11;-0,01;-0,01;-0,02;-0,02;-0,01;-0,01;-0,03;-0,03
06.08.2026;23:45;00:00;0,0;0,0;-0,16;-0,16;-0,06;-0,06;0,0;0,0;-0,02;-0,02;-0,12;-0,12;-0,02;-0,02;-0,16;-0,16;-0,01;-0,01;0,0;0,0;0,0;0,0;0,0;0,0;-0,02;-0,02;0,0;0,0;-0,5;-0,5;0,0;0,0;-0,01;-0,01;-0,05;-0,05;-0,02;-0,02;-0,02;-0,02;-0,01;-0,01;-0,02;-0,02;-0,22;-0,22;-0,08;-0,08;0,0;0,0;-0,01;-0,01;-0,01;-0,01;-0,03;-0,03
07.08.2026;00:00;00:15;0,0;0,0;-0,16;-0,16;-0,05;-0,05;0,0;0,0;-0,01;-0,01;-0,14;-0,14;-0,02;-0,02;-0,16;-0,16;0,0;0,0;0,0;0,0;0,0;0,0;0,0;0,0;-0,01;-0,01;0,0;0,0;-0,44;-0,44;0,0;0,0;-0,01;-0,01;-0,06;-0,06;-0,01;-0,01;-0,01;-0,01;-0,01;-0,01;0,0;0,0;-0,13;-0,13;-0,07;-0,07;0,0;0,0;-0,01;-0,01;0,0;0,0;-0,01;-0,01
07.08.2026;00:15;00:30;0,0;0,0;-0,17;-0,17;-0,05;-0,05;0,0;0,0;-0,01;-0,01;-0,14;-0,14;-0,03;-0,03;-0,32;-0,32;-0,01;-0,01;0,0;0,0;0,0;0,0;0,0;0,0;-0,01;-0,01;-0,01;-0,01;-0,41;-0,41;-0,01;-0,01;-0,01;-0,01;-0,05;-0,05;-0,01;-0,01;0,0;0,0;-0,01;-0,01;-0,01;-0,01;-0,05;-0,05;-0,01;-0,01;0,0;0,0;-0,01;-0,01;0,0;0,0;-0,02;-0,02
07.08.2026;00:30;00:45;0,0;0,0;-0,16;-0,16;-0,03;-0,03;0,0;0,0;-0,01;-0,01;-0,13;-0,13;-0,01;-0,01;-0,2;-0,2;0,0;0,0;0,0;0,0;0,0;0,0;0,0;0,0;0,0;0,0;0,0;0,0;-0,07;-0,07;0,0;0,0;-0,01;-0,01;-0,03;-0,03;-0,01;-0,01;-0,01;-0,01;0,0;0,0;-0,01;-0,01;-0,08;-0,08;-0,05;-0,05;0,0;0,0;-0,01;-0,01;-0,01;-0,01;-0,03;-0,03
07.08.2026;00:45;01:00;0,0;0,0;-0,24;-0,24;-0,03;-0,03;0,0;0,0;-0,02;-0,02;-0,11;-0,11;-0,02;-0,02;-0,02;-0,02;-0,01;-0,01;0,0;0,0;-0,01;-0,01;0,0;0,0;-0,02;-0,02;0,0;0,0;-0,09;-0,09;0,0;0,0;-0,01;-0,01;-0,02;-0,02;-0,01;-0,01;-0,01;-0,01;-0,02;-0,02;-0,01;-0,01;-0,05;-0,05;-0,02;-0,02;0,0;0,0;-0,01;-0,01;-0,01;-0,01;-0,02;-0,02
07.08.2026;01:00;01:15;0,0;0,0;-0,17;-0,17;-0,04;-0,04;0,0;0,0;-0,02;-0,02;-0,12;-0,12;-0,02;-0,02;-0,03;-0,03;-0,01;-0,01;0,0;0,0;0,0;0,0;0,0;0,0;-0,02;-0,02;0,0;0,0;-0,04;-0,04;0,0;0,0;-0,02;-0,02;-0,02;-0,02;-0,01;-0,01;-0,01;-0,01;-0,01;-0,01;-0,01;-0,01;-0,04;-0,04;-0,01;-0,01;0,0;0,0;-0,01;-0,01;0,0;0,0;-0,03;-0,03
07.08.2026;01:15;01:30;0,0;0,0;-0,24;-0,24;-0,03;-0,03;0,0;0,0;-0,01;-0,01;-0,11;-0,11;-0,02;-0,02;-0,03;-0,03;0,0;0,0;0,0;0,0;0,0;0,0;0,0;0,0;-0,01;-0,01;0,0;0,0;-0,04;-0,04;0,0;0,0;-0,02;-0,02;-0,01;-0,01;-0,02;-0,02;-0,01;-0,01;0,0;0,0;-0,01;-0,01;-0,05;-0,05;-0,04;-0,04;0,0;0,0;-0,01;-0,01;0,0;0,0;-0,03;-0,03
07.08.2026;01:30;01:45;0,0;0,0;-0,19;-0,19;-0,02;-0,02;-0,01;-0,01;-0,02;-0,02;-0,1;-0,1;-0,02;-0,02;-0,03;-0,03;-0,01;-0,01;0,0;0,0;0,0;0,0;0,0;0,0;-0,01;-0,01;0,0;0,0;-0,03;-0,03;0,0;0,0;-0,03;-0,03;-0,01;-0,01;-0,01;-0,01;-0,02;-0,02;-0,02;-0,02;-0,01;-0,01;-0,06;-0,06;-0,03;-0,03;-0,01;-0,01;-0,01;-0,01;-0,01;-0,01;-0,02;-0,02
07.08.2026;01:45;02:00;0,0;0,0;-0,17;-0,17;-0,03;-0,03;0,0;0,0;-0,02;-0,02;-0,09;-0,09;-0,02;-0,02;-0,03;-0,03;-0,01;-0,01;0,0;0,0;0,0;0,0;0,0;0,0;0,0;0,0;0,0;0,0;-0,03;-0,03;0,0;0,0;-0,02;-0,02;-0,01;-0,01;-0,01;-0,01;-0,01;-0,01;0,0;0,0;-0,01;-0,01;-0,01;-0,01;-0,01;-0,01;0,0;0,0;-0,02;-0,02;-0,01;-0,01;-0,01;-0,01
07.08.2026;02:00;02:15;0,0;0,0;-0,16;-0,16;-0,03;-0,03;0,0;0,0;-0,01;-0,01;-0,09;-0,09;-0,01;-0,01;-0,03;-0,03;-0,01;-0,01;0,0;0,0;0,0;0,0;0,0;0,0;-0,01;-0,01;0,0;0,0;-0,35;-0,35;0,0;0,0;-0,03;-0,03;-0,02;-0,02;-0,02;-0,02;0,0;0,0;-0,01;-0,01;-0,01;-0,01;-0,01;-0,01;-0,02;-0,02;0,0;0,0;0,0;0,0;0,0;0,0;-0,01;-0,01
07.08.2026;02:15;02:30;0,0;0,0;-0,16;-0,16;-0,03;-0,03;0,0;0,0;-0,02;-0,02;-0,09;-0,09;-0,02;-0,02;-0,03;-0,03;0,0;0,0;0,0;0,0;0,0;0,0;0,0;0,0;-0,02;-0,02;-0,01;-0,01;-0,02;-0,02;0,0;0,0;-0,02;-0,02;-0,01;-0,01;-0,01;-0,01;-0,01;-0,01;-0,02;-0,02;-0,01;-0,01;-0,01;-0,01;-0,02;-0,02;0,0;0,0;-0,02;-0,02;0,0;0,0;-0,03;-0,03
07.08.2026;02:30;02:45;0,0;0,0;-0,16;-0,16;-0,02;-0,02;0,0;0,0;-0,02;-0,02;-0,1;-0,1;-0,03;-0,03;-0,03;-0,03;-0,01;-0,01;0,0;0,0;0,0;0,0;0,0;0,0;-0,02;-0,02;0,0;0,0;-0,02;-0,02;0,0;0,0;-0,02;-0,02;-0,03;-0,03;-0,01;-0,01;-0,01;-0,01;0,0;0,0;-0,01;-0,01;-0,01;-0,01;-0,09;-0,09;0,0;0,0;0,0;0,0;-0,01;-0,01;-0,03;-0,03
07.08.2026;02:45;03:00;0,0;0,0;-0,16;-0,16;-0,02;-0,02;0,0;0,0;-0,02;-0,02;-0,09;-0,09;-0,02;-0,02;-0,03;-0,03;-0,01;-0,01;0,0;0,0;0,0;0,0;0,0;0,0;-0,01;-0,01;0,0;0,0;-0,03;-0,03;-0,01;-0,01;-0,03;-0,03;-0,02;-0,02;-0,01;-0,01;-0,04;-0,04;-0,01;-0,01;-0,01;-0,01;-0,01;-0,01;-0,06;-0,06;0,0;0,0;-0,02;-0,02;-0,01;-0,01;-0,02;-0,02
07.08.2026;03:00;03:15;0,0;0,0;-0,16;-0,16;-0,03;-0,03;0,0;0,0;-0,04;-0,04;-0,01;-0,01;-0,01;-0,01;-0,02;-0,02;0,0;0,0;0,0;0,0;0,0;0,0;0,0;0,0;0,0;0,0;0,0;0,0;-0,24;-0,24;0,0;0,0;-0,02;-0,02;-0,02;-0,02;-0,01;-0,01;-0,04;-0,04;-0,01;-0,01;0,0;0,0;0,0;0,0;-0,02;-0,02;0,0;0,0;0,0;0,0;0,0;0,0;-0,03;-0,03
07.08.2026;03:15;03:30;0,0;0,0;-0,15;-0,15;-0,03;-0,03;0,0;0,0;-0,04;-0,04;-0,01;-0,01;-0,02;-0,02;-0,03;-0,03;-0,01;-0,01;0,0;0,0;-0,01;-0,01;0,0;0,0;-0,01;-0,01;0,0;0,0;-0,02;-0,02;0,0;0,0;-0,01;-0,01;-0,03;-0,03;-0,02;-0,02;-0,01;-0,01;0,0;0,0;-0,01;-0,01;-0,02;-0,02;-0,01;-0,01;0,0;0,0;-0,02;-0,02;-0,01;-0,01;-0,01;-0,01
07.08.2026;03:30;03:45;0,0;0,0;-0,16;-0,16;-0,03;-0,03;0,0;0,0;-0,02;-0,02;0,0;0,0;-0,02;-0,02;-0,03;-0,03;0,0;0,0;0,0;0,0;0,0;0,0;0,0;0,0;-0,01;-0,01;0,0;0,0;-0,02;-0,02;0,0;0,0;-0,02;-0,02;-0,02;-0,02;-0,01;-0,01;-0,03;-0,03;-0,02;-0,02;-0,02;-0,02;-0,01;-0,01;-0,02;-0,02;-0,01;-0,01;-0,01;-0,01;0,0;0,0;-0,01;-0,01
07.08.2026;03:45;04:00;0,0;0,0;-0,16;-0,16;-0,03;-0,03;0,0;0,0;-0,02;-0,02;-0,01;-0,01;-0,02;-0,02;-0,02;-0,02;-0,01;-0,01;0,0;0,0;0,0;0,0;0,0;0,0;-0,02;-0,02;0,0;0,0;-0,02;-0,02;0,0;0,0;-0,01;-0,01;-0,02;-0,02;-0,01;-0,01;-0,03;-0,03;-0,01;-0,01;-0,01;-0,01;0,0;0,0;-0,01;-0,01;0,0;0,0;-0,01;-0,01;0,0;0,0;-0,03;-0,03
07.08.2026;04:00;04:15;0,0;0,0;-0,15;-0,15;-0,03;-0,03;0,0;0,0;-0,02;-0,02;0,0;0,0;-0,02;-0,02;-0,03;-0,03;-0,01;-0,01;-0,01;-0,01;0,0;0,0;-0,01;-0,01;-0,01;-0,01;0,0;0,0;-0,01;-0,01;0,0;0,0;-0,01;-0,01;-0,03;-0,03;-0,01;-0,01;0,0;0,0;-0,01;-0,01;0,0;0,0;-0,01;-0,01;-0,02;-0,02;0,0;0,0;-0,01;-0,01;-0,01;-0,01;-0,03;-0,03
07.08.2026;04:15;04:30;0,0;0,0;-0,16;-0,16;-0,04;-0,04;0,0;0,0;-0,02;-0,02;-0,01;-0,01;-0,02;-0,02;-0,01;-0,01;-0,01;-0,01;0,0;0,0;0,0;0,0;0,0;0,0;-0,01;-0,01;-0,01;-0,01;-0,02;-0,02;0,0;0,0;-0,01;-0,01;-0,02;-0,02;-0,01;-0,01;-0,01;-0,01;-0,01;-0,01;-0,01;-0,01;-0,01;-0,01;-0,01;-0,01;0,0;0,0;-0,01;-0,01;-0,01;-0,01;-0,02;-0,02
07.08.2026;04:30;04:45;0,0;0,0;-0,16;-0,16;-0,04;-0,04;0,0;0,0;-0,01;-0,01;0,0;0,0;-0,02;-0,02;-0,03;-0,03;-0,01;-0,01;0,0;0,0;0,0;0,0;0,0;0,0;0,0;0,0;0,0;0,0;-0,02;-0,02;0,0;0,0;-0,01;-0,01;-0,02;-0,02;-0,01;-0,01;-0,01;-0,01;0,0;0,0;-0,01;-0,01;-0,01;-0,01;-0,02;-0,02;0,0;0,0;-0,01;-0,01;0,0;0,0;-0,02;-0,02
07.08.2026;04:45;05:00;0,0;0,0;-0,16;-0,16;-0,04;-0,04;0,0;0,0;-0,02;-0,02;0,0;0,0;-0,02;-0,02;-0,02;-0,02;0,0;0,0;0,0;0,0;0,0;0,0;0,0;0,0;-0,01;-0,01;0,0;0,0;-0,01;-0,01;0,0;0,0;-0,01;-0,01;-0,01;-0,01;-0,02;-0,02;-0,01;-0,01;-0,02;-0,02;-0,01;-0,01;-0,01;-0,01;-0,01;-0,01;0,0;0,0;-0,01;-0,01;0,0;0,0;-0,03;-0,03
07.08.2026;05:00;05:15;0,0;0,0;-0,15;-0,15;-0,02;-0,02;-0,01;-0,01;-0,02;-0,02;-0,01;-0,01;-0,01;-0,01;-0,03;-0,03;-0,01;-0,01;0,0;0,0;0,0;0,0;0,0;0,0;-0,02;-0,02;0,0;0,0;-0,02;-0,02;0,0;0,0;-0,02;-0,02;-0,01;-0,01;-0,01;-0,01;-0,01;-0,01;-0,01;-0,01;-0,01;-0,01;-0,01;-0,01;-0,02;-0,02;0,0;0,0;-0,01;-0,01;-0,01;-0,01;-0,01;-0,01
07.08.2026;05:15;05:30;0,0;0,0;-0,17;-0,17;-0,01;-0,01;0,0;0,0;0,0;0,0;0,0;0,0;-0,03;-0,03;-0,03;-0,03;0,0;0,0;0,0;0,0;0,0;0,0;0,0;0,0;-0,03;-0,03;0,0;0,0;-0,01;-0,01;-0,01;-0,01;-0,01;-0,01;-0,11;-0,11;-0,01;-0,01;-0,02;-0,02;0,0;0,0;-0,01;-0,01;-0,01;-0,01;-0,01;-0,01;0,0;0,0;-0,01;-0,01;-0,01;-0,01;-0,01;-0,01
07.08.2026;05:30;05:45;0,0;0,0;-0,17;-0,17;-0,11;-0,11;0,0;0,0;-0,02;-0,02;-0,01;-0,01;-0,01;-0,01;-0,02;-0,02;-0,01;-0,01;0,0;0,0;0,0;0,0;0,0;0,0;-0,02;-0,02;0,0;0,0;-0,02;-0,02;0,0;0,0;-0,02;-0,02;-0,08;-0,08;-0,01;-0,01;-0,02;-0,02;-0,02;-0,02;-0,01;-0,01;-0,01;-0,01;-0,02;-0,02;-0,01;-0,01;-0,01;-0,01;0,0;0,0;-0,03;-0,03
07.08.2026;05:45;06:00;0,0;0,0;-0,22;-0,22;-0,03;-0,03;0,0;0,0;-0,01;-0,01;0,0;0,0;-0,02;-0,02;-0,03;-0,03;-0,01;-0,01;0,0;0,0;-0,01;-0,01;0,0;0,0;-0,02;-0,02;0,0;0,0;-0,03;-0,03;0,0;0,0;-0,01;-0,01;-0,02;-0,02;-0,02;-0,02;-0,01;-0,01;0,0;0,0;-0,01;-0,01;-0,01;-0,01;-0,01;-0,01;0,0;0,0;-0,01;-0,01;0,0;0,0;-0,02;-0,02
07.08.2026;06:00;06:15;0,01;0,01;-0,24;-0,24;-0,04;-0,04;0,0;0,0;-0,02;-0,02;-0,01;-0,01;-0,02;-0,02;-0,03;-0,03;0,0;0,0;0,0;0,0;0,0;0,0;0,0;0,0;-0,01;-0,01;0,0;0,0;-0,01;-0,01;0,0;0,0;-0,02;-0,02;-0,03;-0,03;-0,01;-0,01;0,0;0,0;-0,01;-0,01;-0,01;-0,01;0,0;0,0;-0,02;-0,02;0,0;0,0;-0,01;-0,01;-0,01;-0,01;-0,02;-0,02
07.08.2026;06:15;06:30;0,04;0,04;-0,16;-0,16;-0,15;-0,15;0,0;0,0;-0,01;-0,01;0,0;0,0;-0,01;-0,01;-0,02;-0,02;-0,01;-0,01;0,0;0,0;0,0;0,0;0,0;0,0;-0,02;-0,02;-0,01;-0,01;-0,02;-0,02;0,0;0,0;-0,01;-0,01;-0,02;-0,02;-0,01;-0,01;-0,01;-0,01;-0,01;-0,01;-0,01;-0,01;-0,01;-0,01;-0,01;-0,01;0,0;0,0;-0,01;-0,01;-0,01;-0,01;-0,03;-0,03
07.08.2026;06:30;06:45;0,13;0,11;-0,19;-0,17;-0,03;-0,03;0,0;0,0;-0,02;-0,02;0,0;0,0;-0,02;-0,02;-0,03;-0,03;0,0;0,0;0,0;0,0;0,0;0,0;0,0;0,0;-0,02;-0,02;0,0;0,0;-0,02;-0,02;0,0;0,0;-0,01;-0,01;-0,03;-0,03;-0,01;-0,01;-0,02;-0,02;0,0;0,0;-0,01;-0,01;-0,02;-0,02;-0,02;-0,02;0,0;0,0;-0,01;-0,01;0,0;0,0;-0,03;-0,03
07.08.2026;06:45;07:00;0,2;0,15;-0,3;-0,25;-0,03;-0,03;0,0;0,0;0,0;0,0;-0,01;-0,01;-0,02;-0,02;-0,03;-0,03;-0,01;-0,01;0,0;0,0;0,0;0,0;0,0;0,0;0,0;0,0;0,0;0,0;-0,01;-0,01;0,0;0,0;0,0;0,0;-0,02;-0,02;-0,01;-0,01;-0,02;-0,02;-0,02;-0,02;0,0;0,0;-0,01;-0,01;-0,01;-0,01;0,0;0,0;-0,01;-0,01;-0,03;-0,03;-0,03;-0,03
07.08.2026;07:00;07:15;0,26;0,19;-0,17;-0,1;-0,05;-0,05;0,0;0,0;-0,02;-0,02;0,0;0,0;-0,02;-0,02;-0,02;-0,02;-0,01;-0,01;0,0;0,0;0,0;0,0;0,0;0,0;-0,01;-0,01;0,0;0,0;-0,02;-0,02;0,0;0,0;-0,01;-0,01;-0,02;-0,02;-0,02;-0,02;-0,01;-0,01;-0,01;-0,01;-0,01;-0,01;0,0;0,0;-0,02;-0,02;0,0;0,0;-0,01;-0,01;-0,02;-0,02;-0,04;-0,04
07.08.2026;07:15;07:30;0,3;0,11;-0,17;-0,14;-0,02;-0,01;0,0;0,0;-0,01;0,0;-0,01;0,0;-0,01;0,0;-0,03;-0,02;-0,01;0,0;0,0;0,0;0,0;0,0;0,0;0,0;0,0;0,0;0,0;0,0;-0,03;-0,02;0,0;0,0;0,0;0,0;-0,03;-0,02;-0,01;0,0;-0,02;-0,01;0,0;0,0;-0,02;-0,01;-0,01;0,0;-0,01;0,0;0,0;0,0;-0,01;0,0;-0,01;0,0;-0,03;-0,02
07.08.2026;07:30;07:45;0,0;0,0;-0,28;-0,28;-0,03;-0,03;0,0;0,0;-0,06;-0,06;0,0;0,0;-0,02;-0,02;-0,03;-0,03;-0,01;-0,01;0,0;0,0;0,0;0,0;0,0;0,0;-0,01;-0,01;0,0;0,0;-0,02;-0,02;0,0;0,0;-0,01;-0,01;-0,02;-0,02;-0,01;-0,01;-0,01;-0,01;-0,02;-0,02;0,0;0,0;-0,01;-0,01;-0,02;-0,02;-0,01;-0,01;-0,01;-0,01;-0,01;-0,01;-0,02;-0,02
07.08.2026;07:45;08:00;0,0;0,0;-0,24;-0,24;-0,03;-0,03;0,0;0,0;-0,13;-0,13;-0,01;-0,01;-0,02;-0,02;-0,02;-0,02;0,0;0,0;0,0;0,0;0,0;0,0;0,0;0,0;-0,02;-0,02;0,0;0,0;-0,01;-0,01;-0,01;-0,01;-0,01;-0,01;-0,02;-0,02;-0,01;-0,01;0,0;0,0;0,0;0,0;-0,01;-0,01;-0,01;-0,01;-0,02;-0,02;0,0;0,0;-0,01;-0,01;-0,01;-0,01;-0,03;-0,03
07.08.2026;08:00;08:15;0,0;0,0;-0,17;-0,17;-0,03;-0,03;0,0;0,0;-0,04;-0,04;0,0;0,0;-0,02;-0,02;-0,01;-0,01;-0,01;-0,01;0,0;0,0;-0,01;-0,01;0,0;0,0;-0,01;-0,01;0,0;0,0;-0,02;-0,02;0,0;0,0;-0,02;-0,02;-0,01;-0,01;-0,01;-0,01;-0,02;-0,02;-0,01;-0,01;-0,01;-0,01;-0,01;-0,01;-0,02;-0,02;0,0;0,0;-0,01;-0,01;0,0;0,0;-0,02;-0,02
07.08.2026;08:15;08:30;0,85;0,3;-0,23;-0,04;-0,03;0,0;-0,01;0,0;-0,04;0,0;-0,01;0,0;-0,01;0,0;-0,03;0,0;0,0;0,0;0,0;0,0;-0,01;0,0;0,0;0,0;-0,01;0,0;-0,01;0,0;-0,01;0,0;0,0;0,0;-0,01;0,0;-0,01;0,0;-0,07;-0,01;-0,01;0,0;-0,01;0,0;-0,01;0,0;-0,01;0,0;-0,02;0,0;0,0;0,0;-0,01;0,0;-0,02;0,0;-0,02;0,0
07.08.2026;08:30;08:45;0,97;0,34;-0,21;0,0;-0,04;0,0;0,0;0,0;-0,05;0,0;0,0;0,0;-0,03;0,0;-0,03;0,0;-0,01;0,0;0,0;0,0;0,0;0,0;0,0;0,0;0,0;0,0;0,0;0,0;-0,04;0,0;0,0;0,0;-0,02;0,0;-0,02;0,0;-0,06;0,0;-0,01;0,0;-0,01;0,0;-0,01;0,0;-0,03;0,0;-0,02;0,0;0,0;0,0;-0,01;0,0;-0,01;0,0;-0,02;0,0
07.08.2026;08:45;09:00;1,06;0,5;-0,21;0,0;-0,05;0,0;0,0;0,0;-0,03;0,0;-0,01;0,0;-0,03;0,0;-0,02;0,0;-0,01;0,0;0,0;0,0;0,0;0,0;0,0;0,0;-0,01;0,0;0,0;0,0;-0,03;0,0;0,0;0,0;-0,01;0,0;-0,01;0,0;-0,06;0,0;-0,01;0,0;-0,01;0,0;0,0;0,0;-0,01;0,0;-0,02;0,0;0,0;0,0;-0,01;0,0;-0,01;0,0;-0,01;0,0
07.08.2026;09:00;09:15;1,14;0,49;-0,28;0,0;-0,06;0,0;0,0;0,0;-0,02;0,0;0,0;0,0;-0,02;0,0;-0,03;0,0;0,0;0,0;-0,01;0,0;0,0;0,0;-0,01;0,0;-0,02;0,0;0,0;0,0;-0,02;0,0;0,0;0,0;-0,01;0,0;-0,02;0,0;-0,01;0,0;-0,01;0,0;-0,01;0,0;-0,02;0,0;-0,03;0,0;-0,05;0,0;0,0;0,0;-0,01;0,0;0,0;0,0;-0,01;0,0
07.08.2026;09:15;09:30;1,22;0,55;-0,18;0,0;-0,07;0,0;0,0;0,0;-0,01;0,0;-0,01;0,0;-0,02;0,0;-0,04;0,0;-0,01;0,0;0,0;0,0;0,0;0,0;0,0;0,0;-0,01;0,0;0,0;0,0;-0,05;0,0;0,0;0,0;-0,02;0,0;-0,02;0,0;-0,01;0,0;0,0;0,0;-0,01;0,0;-0,01;0,0;-0,04;0,0;-0,3;-0,19;0,0;0,0;-0,01;0,0;-0,01;0,0;-0,03;0,0
07.08.2026;09:30;09:45;1,34;0,54;-0,16;0,0;-0,06;0,0;0,0;0,0;-0,02;0,0;-0,01;0,0;-0,02;0,0;-0,08;0,0;-0,01;0,0;0,0;0,0;0,0;0,0;0,0;0,0;-0,01;0,0;0,0;0,0;-0,13;-0,02;0,0;0,0;-0,01;0,0;-0,03;0,0;-0,01;0,0;-0,01;0,0;-0,01;0,0;0,0;0,0;-0,09;0,0;-0,14;-0,03;-0,01;0,0;-0,01;0,0;-0,01;0,0;-0,02;0,0
07.08.2026;09:45;10:00;1,46;0,82;-0,19;0,0;-0,06;0,0;0,0;0,0;-0,01;0,0;-0,02;0,0;-0,01;0,0;-0,05;0,0;-0,01;0,0;0,0;0,0;-0,01;0,0;0,0;0,0;0,0;0,0;-0,01;0,0;-0,07;0,0;0,0;0,0;-0,01;0,0;-0,02;0,0;-0,01;0,0;-0,01;0,0;-0,01;0,0;-0,01;0,0;-0,01;0,0;-0,08;0,0;0,0;0,0;-0,01;0,0;-0,01;0,0;-0,02;0,0
07.08.2026;10:00;10:15;1,53;0,91;-0,17;0,0;-0,05;0,0;0,0;0,0;0,0;0,0;-0,02;0,0;-0,02;0,0;-0,06;0,0;0,0;0,0;0,0;0,0;0,0;0,0;0,0;0,0;-0,01;0,0;0,0;0,0;-0,06;0,0;0,0;0,0;-0,02;0,0;-0,03;0,0;-0,01;0,0;-0,01;0,0;-0,01;0,0;-0,02;0,0;-0,02;0,0;-0,07;0,0;0,0;0,0;-0,01;0,0;0,0;0,0;-0,03;0,0
07.08.2026;10:15;10:30;1,63;1,03;-0,16;0,0;-0,06;0,0;0,0;0,0;-0,02;0,0;-0,03;0,0;-0,02;0,0;-0,05;0,0;-0,01;0,0;0,0;0,0;0,0;0,0;0,0;0,0;-0,02;0,0;0,0;0,0;-0,04;0,0;-0,01;0,0;0,0;0,0;-0,03;0,0;-0,01;0,0;-0,02;0,0;-0,01;0,0;0,0;0,0;-0,01;0,0;-0,03;0,0;0,0;0,0;-0,02;0,0;-0,01;0,0;-0,04;0,0
07.08.2026;10:30;10:45;1,72;1,13;-0,19;0,0;-0,03;0,0;0,0;0,0;-0,01;0,0;-0,05;0,0;-0,02;0,0;-0,06;0,0;-0,01;0,0;0,0;0,0;0,0;0,0;0,0;0,0;-0,01;0,0;0,0;0,0;-0,04;0,0;0,0;0,0;-0,01;0,0;-0,03;0,0;-0,02;0,0;-0,01;0,0;0,0;0,0;-0,01;0,0;-0,01;0,0;-0,04;0,0;0,0;0,0;0,0;0,0;-0,01;0,0;-0,03;0,0
07.08.2026;10:45;11:00;1,76;1,17;-0,22;0,0;-0,05;0,0;0,0;0,0;-0,02;0,0;-0,04;0,0;-0,02;0,0;-0,04;0,0;0,0;0,0;0,0;0,0;0,0;0,0;0,0;0,0;-0,01;0,0;0,0;0,0;-0,02;0,0;0,0;0,0;0,0;0,0;-0,03;0,0;0,0;0,0;0,0;0,0;-0,02;0,0;-0,01;0,0;-0,01;0,0;-0,04;0,0;0,0;0,0;-0,02;0,0;-0,01;0,0;-0,03;0,0
07.08.2026;11:00;11:15;1,8;1,1;-0,24;0,0;-0,05;0,0;0,0;0,0;-0,01;0,0;-0,05;0,0;-0,01;0,0;-0,03;0,0;-0,01;0,0;0,0;0,0;0,0;0,0;0,0;0,0;0,0;0,0;0,0;0,0;-0,03;0,0;0,0;0,0;0,0;0,0;-0,04;0,0;-0,02;0,0;-0,01;0,0;-0,01;0,0;-0,01;0,0;-0,1;0,0;-0,03;0,0;0,0;0,0;0,0;0,0;-0,01;0,0;-0,04;0,0
07.08.2026;11:15;11:30;1,52;0,99;-0,17;0,0;-0,04;0,0;0,0;0,0;-0,01;0,0;-0,01;0,0;-0,02;0,0;-0,06;0,0;-0,01;0,0;0,0;0,0;0,0;0,0;0,0;0,0;0,0;0,0;0,0;0,0;-0,03;0,0;0,0;0,0;-0,01;0,0;-0,05;0,0;-0,01;0,0;-0,01;0,0;0,0;0,0;0,0;0,0;-0,01;0,0;-0,04;0,0;0,0;0,0;-0,02;0,0;0,0;0,0;-0,03;0,0
07.08.2026;11:30;11:45;0,27;0,19;-0,25;-0,17;-0,05;-0,05;-0,01;-0,01;-0,01;-0,01;-0,01;-0,01;-0,01;-0,01;-0,05;-0,05;0,0;0,0;0,0;0,0;0,0;0,0;0,0;0,0;-0,02;-0,02;0,0;0,0;-0,02;-0,02;0,0;0,0;0,0;0,0;-0,03;-0,03;0,0;0,0;0,0;0,0;-0,02;-0,02;-0,01;-0,01;-0,01;-0,01;-0,11;-0,11;-0,01;-0,01;0,0;0,0;-0,01;-0,01;-0,02;-0,02
07.08.2026;11:45;12:00;0,0;0,0;-0,18;-0,18;-0,05;-0,05;0,0;0,0;-0,01;-0,01;-0,01;-0,01;-0,02;-0,02;-0,06;-0,06;-0,01;-0,01;0,0;0,0;0,0;0,0;0,0;0,0;-0,02;-0,02;0,0;0,0;-0,03;-0,03;0,0;0,0;-0,02;-0,02;-0,02;-0,02;-0,02;-0,02;-0,01;-0,01;0,0;0,0;-0,02;-0,02;-0,04;-0,04;-0,26;-0,26;0,0;0,0;-0,02;-0,02;-0,01;-0,01;-0,03;-0,03
07.08.2026;12:00;12:15;0,22;0,17;-0,18;-0,13;-0,02;-0,02;0,0;0,0;-0,02;-0,02;0,0;0,0;-0,02;-0,02;-0,08;-0,08;-0,01;-0,01;0,0;0,0;0,0;0,0;0,0;0,0;-0,01;-0,01;0,0;0,0;-0,14;-0,14;0,0;0,0;-0,01;-0,01;-0,03;-0,03;-0,01;-0,01;-0,01;-0,01;-0,01;-0,01;0,0;0,0;-0,01;-0,01;-0,18;-0,18;0,0;0,0;0,0;0,0;-0,01;-0,01;-0,02;-0,02
07.08.2026;12:15;12:30;1,96;1,07;-0,18;0,0;-0,03;0,0;0,0;0,0;-0,01;0,0;-0,01;0,0;-0,14;0,0;-0,09;0,0;-0,01;0,0;0,0;0,0;-0,01;0,0;0,0;0,0;0,0;0,0;0,0;0,0;-0,07;0,0;0,0;0,0;-0,01;0,0;-0,03;0,0;-0,01;0,0;-0,02;0,0;-0,02;0,0;-0,01;0,0;-0,02;0,0;-0,18;0,0;0,0;0,0;-0,02;0,0;0,0;0,0;-0,02;0,0
07.08.2026;12:30;12:45;1,99;1,35;-0,17;0,0;-0,03;0,0;0,0;0,0;-0,01;0,0;0,0;0,0;-0,01;0,0;-0,07;0,0;0,0;0,0;0,0;0,0;0,0;0,0;0,0;0,0;0,0;0,0;0,0;0,0;-0,03;0,0;0,0;0,0;-0,02;0,0;-0,03;0,0;-0,01;0,0;-0,01;0,0;0,0;0,0;-0,01;0,0;-0,08;0,0;-0,14;0,0;0,0;0,0;0,0;0,0;-0,01;0,0;-0,01;0,0
07.08.2026;12:45;13:00;2,0;1,25;-0,28;0,0;-0,03;0,0;0,0;0,0;0,0;0,0;-0,02;0,0;-0,02;0,0;-0,08;0,0;-0,01;0,0;0,0;0,0;0,0;0,0;0,0;0,0;-0,02;0,0;0,0;0,0;-0,03;0,0;-0,01;0,0;-0,01;0,0;-0,04;0,0;-0,01;0,0;0,0;0,0;-0,01;0,0;-0,01;0,0;-0,08;0,0;-0,05;0,0;0,0;0,0;-0,02;0,0;-0,01;0,0;-0,01;0,0
07.08.2026;13:00;13:15;1,98;1,08;-0,16;0,0;-0,02;0,0;0,0;0,0;-0,02;0,0;-0,04;0,0;-0,01;0,0;-0,08;0,0;-0,01;0,0;0,0;0,0;0,0;0,0;0,0;0,0;-0,02;0,0;-0,01;0,0;-0,42;-0,21;0,0;0,0;-0,02;0,0;-0,04;0,0;-0,01;0,0;0,0;0,0;-0,02;0,0;-0,01;0,0;-0,11;0,0;-0,06;0,0;0,0;0,0;-0,01;0,0;-0,01;0,0;-0,03;0,0
07.08.2026;13:15;13:30;1,94;1,04;-0,17;0,0;-0,01;0,0;0,0;0,0;-0,01;0,0;-0,08;0,0;-0,02;0,0;-0,08;0,0;0,0;0,0;0,0;0,0;0,0;0,0;0,0;0,0;-0,01;0,0;0,0;0,0;-0,54;-0,35;0,0;0,0;-0,01;0,0;-0,04;0,0;-0,01;0,0;-0,01;0,0;0,0;0,0;-0,01;0,0;-0,1;0,0;-0,1;0,0;0,0;0,0;-0,01;0,0;-0,02;0,0;-0,02;0,0
07.08.2026;13:30;13:45;1,92;0,88;-0,26;0,0;-0,04;0,0;0,0;0,0;-0,02;0,0;-0,08;0,0;-0,01;0,0;-0,35;-0,16;-0,01;0,0;0,0;0,0;0,0;0,0;0,0;0,0;0,0;0,0;0,0;0,0;-0,1;0,0;0,0;0,0;-0,02;0,0;-0,03;0,0;-0,01;0,0;-0,01;0,0;-0,02;0,0;-0,02;0,0;-0,01;0,0;-0,11;0,0;-0,01;0,0;-0,05;0,0;-0,02;0,0;-0,02;0,0
07.08.2026;13:45;14:00;1,89;1,0;-0,22;0,0;-0,06;0,0;0,0;0,0;-0,01;0,0;-0,08;0,0;-0,01;0,0;-0,55;-0,36;0,0;0,0;0,0;0,0;0,0;0,0;0,0;0,0;0,0;0,0;0,0;0,0;-0,09;0,0;0,0;0,0;-0,01;0,0;-0,04;0,0;-0,01;0,0;-0,01;0,0;0,0;0,0;-0,01;0,0;-0,02;0,0;-0,08;0,0;0,0;0,0;-0,02;0,0;-0,01;0,0;-0,02;0,0
07.08.2026;14:00;14:15;1,86;1,0;-0,19;0,0;-0,06;0,0;0,0;0,0;0,0;0,0;-0,08;0,0;-0,02;0,0;-0,16;0,0;-0,01;0,0;-0,01;0,0;0,0;0,0;-0,01;0,0;-0,02;0,0;0,0;0,0;-0,04;0,0;0,0;0,0;-0,01;0,0;-0,04;0,0;-0,02;0,0;-0,01;0,0;-0,01;0,0;-0,01;0,0;-0,01;0,0;-0,08;0,0;0,0;0,0;-0,02;0,0;-0,02;0,0;-0,03;0,0
07.08.2026;14:15;14:30;1,79;1,0;-0,24;0,0;-0,06;0,0;0,0;0,0;-0,01;0,0;-0,08;0,0;-0,01;0,0;-0,08;0,0;-0,01;0,0;0,0;0,0;0,0;0,0;0,0;0,0;-0,02;0,0;0,0;0,0;-0,05;0,0;0,0;0,0;-0,01;0,0;-0,04;0,0;-0,01;0,0;-0,01;0,0;-0,02;0,0;-0,01;0,0;-0,01;0,0;-0,08;0,0;0,0;0,0;-0,01;0,0;-0,02;0,0;-0,01;0,0
07.08.2026;14:30;14:45;1,76;0,98;-0,17;0,0;-0,04;0,0;0,0;0,0;-0,02;0,0;-0,07;0,0;-0,04;0,0;-0,09;0,0;-0,01;0,0;0,0;0,0;0,0;0,0;0,0;0,0;-0,01;0,0;0,0;0,0;-0,06;0,0;0,0;0,0;0,0;0,0;-0,04;0,0;0,0;0,0;-0,01;0,0;0,0;0,0;-0,01;0,0;-0,1;0,0;-0,08;0,0;0,0;0,0;-0,01;0,0;-0,01;0,0;-0,01;0,0
07.08.2026;14:45;15:00;1,68;0,96;-0,15;0,0;-0,05;0,0;0,0;0,0;-0,01;0,0;-0,07;0,0;-0,08;0,0;-0,07;0,0;-0,01;0,0;0,0;0,0;-0,01;0,0;0,0;0,0;0,0;0,0;0,0;0,0;-0,05;0,0;0,0;0,0;0,0;0,0;-0,03;0,0;-0,02;0,0;-0,01;0,0;-0,01;0,0;-0,01;0,0;-0,02;0,0;-0,08;0,0;0,0;0,0;-0,01;0,0;-0,01;0,0;-0,02;0,0
07.08.2026;15:00;15:15;1,64;0,85;-0,27;0,0;-0,05;0,0;-0,01;0,0;-0,02;0,0;-0,08;0,0;-0,02;0,0;-0,06;0,0;0,0;0,0;0,0;0,0;0,0;0,0;0,0;0,0;0,0;0,0;0,0;0,0;-0,03;0,0;0,0;0,0;-0,01;0,0;-0,03;0,0;-0,01;0,0;-0,01;0,0;-0,01;0,0;-0,01;0,0;-0,05;0,0;-0,08;0,0;0,0;0,0;-0,01;0,0;-0,01;0,0;-0,02;0,0
07.08.2026;15:15;15:30;1,21;0,48;-0,24;0,0;-0,04;0,0;0,0;0,0;-0,01;0,0;-0,09;0,0;-0,01;0,0;-0,05;0,0;-0,01;0,0;0,0;0,0;0,0;0,0;0,0;0,0;-0,02;0,0;0,0;0,0;-0,03;0,0;-0,01;0,0;0,0;0,0;-0,01;0,0;-0,01;0,0;-0,02;0,0;-0,01;0,0;-0,01;0,0;-0,01;0,0;-0,09;0,0;0,0;0,0;-0,01;0,0;-0,02;0,0;-0,03;0,0
07.08.2026;15:30;15:45;0,11;0,11;-0,21;-0,21;-0,03;-0,03;0,0;0,0;0,0;0,0;-0,12;-0,12;-0,01;-0,01;-0,06;-0,06;-0,02;-0,02;0,0;0,0;0,0;0,0;0,0;0,0;-0,02;-0,02;-0,01;-0,01;-0,04;-0,04;0,0;0,0;0,0;0,0;-0,02;-0,02;-0,01;-0,01;-0,03;-0,03;-0,01;-0,01;-0,01;-0,01;-0,02;-0,02;-0,04;-0,04;-0,01;-0,01;-0,02;-0,02;-0,01;-0,01;-0,02;-0,02
07.08.2026;15:45;16:00;0,0;0,0;-0,26;-0,26;-0,02;-0,02;0,0;0,0;-0,02;-0,02;-0,14;-0,14;-0,01;-0,01;-0,06;-0,06;0,0;0,0;0,0;0,0;0,0;0,0;0,0;0,0;-0,01;-0,01;0,0;0,0;-0,15;-0,15;0,0;0,0;-0,01;-0,01;-0,01;-0,01;-0,01;-0,01;-0,05;-0,05;-0,01;-0,01;0,0;0,0;-0,01;-0,01;-0,06;-0,06;0,0;0,0;0,0;0,0;-0,01;-0,01;-0,02;-0,02
07.08.2026;16:00;16:15;0,28;0,2;-0,28;-0,2;-0,01;-0,01;0,0;0,0;-0,01;-0,01;-0,09;-0,09;-0,01;-0,01;-0,09;-0,09;-0,01;-0,01;0,0;0,0;0,0;0,0;0,0;0,0;0,0;0,0;0,0;0,0;-0,1;-0,1;0,0;0,0;-0,02;-0,02;-0,01;-0,01;-0,01;-0,01;-0,03;-0,03;-0,01;-0,01;-0,01;-0,01;0,0;0,0;-0,01;-0,01;0,0;0,0;-0,02;-0,02;-0,01;-0,01;-0,02;-0,02
07.08.2026;16:15;16:30;1,22;0,45;-0,24;0,0;-0,02;0,0;0,0;0,0;-0,02;0,0;-0,08;0,0;-0,01;0,0;-0,12;-0,02;-0,01;0,0;0,0;0,0;0,0;0,0;0,0;0,0;0,0;0,0;0,0;0,0;-0,09;0,0;0,0;0,0;-0,01;0,0;-0,03;0,0;-0,01;0,0;-0,04;0,0;-0,02;0,0;-0,02;0,0;-0,02;0,0;-0,02;0,0;0,0;0,0;0,0;0,0;-0,02;0,0;-0,01;0,0
07.08.2026;16:30;16:45;1,12;0,39;-0,23;0,0;-0,03;0,0;0,0;0,0;-0,01;0,0;-0,08;0,0;-0,01;0,0;-0,08;0,0;0,0;0,0;0,0;0,0;0,0;0,0;0,0;0,0;-0,02;0,0;0,0;0,0;-0,08;0,0;0,0;0,0;-0,02;0,0;-0,02;0,0;-0,07;0,0;-0,01;0,0;0,0;0,0;0,0;0,0;-0,01;0,0;-0,01;0,0;0,0;0,0;-0,02;0,0;-0,01;0,0;-0,02;0,0
07.08.2026;16:45;17:00;1,01;0,34;-0,21;0,0;-0,03;0,0;0,0;0,0;0,0;0,0;-0,03;0,0;-0,01;0,0;-0,08;0,0;-0,01;0,0;0,0;0,0;0,0;0,0;0,0;0,0;-0,02;0,0;0,0;0,0;-0,09;-0,01;0,0;0,0;-0,01;0,0;-0,02;0,0;-0,09;-0,01;-0,01;0,0;-0,01;0,0;-0,01;0,0;-0,01;0,0;-0,02;0,0;0,0;0,0;0,0;0,0;-0,01;0,0;-0,02;0,0
07.08.2026;17:00;17:15;0,9;0,37;-0,16;0,0;-0,01;0,0;0,0;0,0;-0,01;0,0;-0,02;0,0;-0,01;0,0;-0,03;0,0;-0,01;0,0;0,0;0,0;0,0;0,0;0,0;0,0;-0,01;0,0;0,0;0,0;-0,08;-0,01;0,0;0,0;-0,02;0,0;-0,03;0,0;-0,08;-0,01;0,0;0,0;-0,01;0,0;-0,01;0,0;0,0;0,0;-0,01;0,0;0,0;0,0;-0,02;0,0;-0,01;0,0;-0,02;0,0
07.08.2026;17:15;17:30;0,81;0,25;-0,22;-0,03;-0,02;0,0;0,0;0,0;-0,02;0,0;-0,03;0,0;-0,01;0,0;-0,02;0,0;-0,01;0,0;0,0;0,0;-0,01;0,0;0,0;0,0;0,0;0,0;0,0;0,0;-0,09;-0,03;0,0;0,0;-0,01;0,0;-0,02;0,0;-0,07;-0,01;-0,01;0,0;-0,01;0,0;-0,01;0,0;-0,01;0,0;-0,02;0,0;0,0;0,0;0,0;0,0;-0,01;0,0;-0,03;0,0
07.08.2026;17:30;17:45;0,69;0,24;-0,19;-0,04;-0,02;0,0;0,0;0,0;-0,01;0,0;-0,02;0,0;-0,01;0,0;-0,02;0,0;0,0;0,0;0,0;0,0;0,0;0,0;0,0;0,0;0,0;0,0;0,0;0,0;-0,06;-0,02;0,0;0,0;-0,02;0,0;-0,02;0,0;-0,07;-0,03;-0,01;0,0;-0,01;0,0;-0,01;0,0;-0,01;0,0;-0,01;0,0;-0,01;0,0;-0,02;0,0;0,0;0,0;-0,02;0,0
07.08.2026;17:45;18:00;0,58;0,18;-0,3;-0,2;-0,03;-0,01;0,0;0,0;-0,02;0,0;-0,02;0,0;0,0;0,0;-0,02;0,0;-0,01;0,0;0,0;0,0;0,0;0,0;0,0;0,0;-0,02;0,0;-0,01;0,0;-0,05;-0,03;-0,01;0,0;-0,04;-0,02;-0,03;-0,01;-0,07;-0,05;-0,01;0,0;-0,01;0,0;-0,01;0,0;-0,01;0,0;-0,02;0,0;0,0;0,0;0,0;0,0;-0,01;0,0;-0,02;0,0
07.08.2026;18:00;18:15;0,5;0,11;-0,18;-0,09;-0,02;0,0;0,0;0,0;-0,02;0,0;-0,02;0,0;-0,01;0,0;-0,02;0,0;0,0;0,0;0,0;0,0;0,0;0,0;0,0;0,0;-0,02;0,0;0,0;0,0;-0,07;-0,05;0,0;0,0;-0,03;-0,01;-0,02;0,0;-0,07;-0,05;-0,02;0,0;-0,01;0,0;-0,01;0,0;-0,02;0,0;-0,01;0,0;0,0;0,0;-0,02;0,0;0,0;0,0;-0,02;0,0
07.08.2026;18:15;18:30;0,4;0,14;-0,18;-0,11;-0,02;-0,01;-0,01;0,0;-0,04;-0,03;-0,03;-0,02;-0,01;0,0;-0,02;-0,01;-0,01;0,0;0,0;0,0;0,0;0,0;0,0;0,0;-0,01;0,0;0,0;0,0;-0,05;-0,04;0,0;0,0;-0,02;-0,01;-0,02;-0,01;-0,07;-0,06;-0,01;0,0;-0,01;0,0;-0,01;0,0;0,0;0,0;-0,03;-0,02;0,0;0,0;-0,01;0,0;-0,01;0,0;-0,02;-0,01
07.08.2026;18:30;18:45;0,3;0,11;-0,18;-0,14;-0,01;0,0;0,0;0,0;-0,11;-0,1;-0,02;-0,01;-0,01;0,0;-0,02;-0,01;-0,01;0,0;0,0;0,0;0,0;0,0;0,0;0,0;0,0;0,0;0,0;0,0;-0,03;-0,02;0,0;0,0;-0,02;-0,01;-0,03;-0,02;-0,07;-0,06;-0,01;0,0;0,0;0,0;0,0;0,0;-0,01;0,0;-0,04;-0,03;0,0;0,0;-0,01;0,0;0,0;0,0;-0,01;0,0
07.08.2026;18:45;19:00;0,23;0,17;-0,23;-0,17;-0,03;-0,03;0,0;0,0;-0,05;-0,05;-0,02;-0,02;-0,02;-0,02;-0,01;-0,01;0,0;0,0;0,0;0,0;0,0;0,0;0,0;0,0;0,0;0,0;0,0;0,0;-0,02;-0,02;0,0;0,0;-0,05;-0,05;-0,02;-0,02;-0,16;-0,16;0,0;0,0;-0,02;-0,02;-0,01;-0,01;-0,01;-0,01;-0,07;-0,07;0,0;0,0;-0,01;-0,01;-0,01;-0,01;-0,02;-0,02
07.08.2026;19:00;19:15;0,17;0,12;-0,27;-0,22;-0,02;-0,02;0,0;0,0;-0,04;-0,04;-0,04;-0,04;0,0;0,0;-0,01;-0,01;-0,01;-0,01;-0,01;-0,01;0,0;0,0;-0,01;-0,01;-0,02;-0,02;0,0;0,0;-0,01;-0,01;0,0;0,0;-0,05;-0,05;-0,02;-0,02;-0,2;-0,2;0,0;0,0;-0,01;-0,01;-0,01;-0,01;-0,01;-0,01;-0,07;-0,07;0,0;0,0;-0,01;-0,01;0,0;0,0;-0,02;-0,02
07.08.2026;19:15;19:30;0,07;0,07;-0,21;-0,21;-0,02;-0,02;0,0;0,0;-0,04;-0,04;-0,04;-0,04;-0,01;-0,01;-0,02;-0,02;-0,01;-0,01;0,0;0,0;0,0;0,0;0,0;0,0;-0,02;-0,02;0,0;0,0;-0,02;-0,02;0,0;0,0;-0,04;-0,04;-0,15;-0,15;-0,23;-0,23;-0,01;-0,01;0,0;0,0;-0,02;-0,02;-0,01;-0,01;-0,06;-0,06;0,0;0,0;-0,01;-0,01;-0,01;-0,01;-0,03;-0,03
07.08.2026;19:30;19:45;0,0;0,0;-0,24;-0,24;-0,02;-0,02;0,0;0,0;-0,05;-0,05;-0,05;-0,05;-0,01;-0,01;-0,02;-0,02;0,0;0,0;0,0;0,0;0,0;0,0;0,0;0,0;-0,24;-0,24;0,0;0,0;-0,02;-0,02;0,0;0,0;-0,03;-0,03;-0,13;-0,13;-0,15;-0,15;-0,01;-0,01;-0,02;-0,02;0,0;0,0;-0,02;-0,02;-0,08;-0,08;-0,01;-0,01;-0,02;-0,02;0,0;0,0;-0,02;-0,02
07.08.2026;19:45;20:00;0,0;0,0;-0,17;-0,17;-0,02;-0,02;0,0;0,0;-0,04;-0,04;-0,05;-0,05;-0,01;-0,01;-0,02;-0,02;-0,01;-0,01;0,0;0,0;-0,01;-0,01;0,0;0,0;-0,26;-0,26;0,0;0,0;-0,01;-0,01;0,0;0,0;-0,04;-0,04;-0,06;-0,06;-0,08;-0,08;-0,01;-0,01;-0,01;-0,01;-0,01;-0,01;-0,01;-0,01;-0,09;-0,09;0,0;0,0;-0,04;-0,04;-0,01;-0,01;-0,02;-0,02
07.08.2026;20:00;20:15;0,0;0,0;-0,16;-0,16;-0,02;-0,02;0,0;0,0;-0,05;-0,05;-0,05;-0,05;-0,01;-0,01;-0,02;-0,02;-0,01;-0,01;0,0;0,0;0,0;0,0;0,0;0,0;-0,23;-0,23;0,0;0,0;-0,01;-0,01;0,0;0,0;-0,04;-0,04;-0,05;-0,05;-0,08;-0,08;-0,01;-0,01;-0,01;-0,01;-0,01;-0,01;-0,01;-0,01;-0,08;-0,08;0,0;0,0;-0,02;-0,02;0,0;0,0;-0,02;-0,02
07.08.2026;20:15;20:30;0,01;0,01;-0,2;-0,2;-0,02;-0,02;0,0;0,0;-0,04;-0,04;-0,06;-0,06;-0,01;-0,01;-0,01;-0,01;-0,01;-0,01;0,0;0,0;0,0;0,0;0,0;0,0;-0,22;-0,22;0,0;0,0;-0,02;-0,02;-0,01;-0,01;-0,04;-0,04;-0,05;-0,05;-0,07;-0,07;-0,02;-0,02;-0,01;-0,01;-0,01;-0,01;-0,01;-0,01;-0,09;-0,09;0,0;0,0;-0,01;-0,01;-0,01;-0,01;-0,01;-0,01
07.08.2026;20:30;20:45;0,0;0,0;-0,24;-0,24;-0,05;-0,05;0,0;0,0;-0,04;-0,04;-0,09;-0,09;0,0;0,0;-0,02;-0,02;0,0;0,0;0,0;0,0;0,0;0,0;0,0;0,0;-0,06;-0,06;0,0;0,0;-0,01;-0,01;0,0;0,0;-0,03;-0,03;-0,05;-0,05;-0,07;-0,07;0,0;0,0;0,0;0,0;-0,01;-0,01;0,0;0,0;-0,2;-0,2;0,0;0,0;-0,02;-0,02;0,0;0,0;-0,01;-0,01
07.08.2026;20:45;21:00;0,0;0,0;-0,18;-0,18;-0,05;-0,05;0,0;0,0;-0,04;-0,04;-0,1;-0,1;-0,01;-0,01;-0,02;-0,02;-0,01;-0,01;0,0;0,0;0,0;0,0;0,0;0,0;-0,02;-0,02;0,0;0,0;-0,02;-0,02;0,0;0,0;-0,03;-0,03;-0,06;-0,06;-0,05;-0,05;-0,01;-0,01;-0,02;-0,02;-0,01;-0,01;-0,01;-0,01;-0,2;-0,2;0,0;0,0;-0,01;-0,01;-0,01;-0,01;-0,03;-0,03
07.08.2026;21:00;21:15;0,0;0,0;-0,2;-0,2;-0,07;-0,07;0,0;0,0;-0,04;-0,04;-0,1;-0,1;-0,01;-0,01;-0,02;-0,02;-0,01;-0,01;0,0;0,0;0,0;0,0;0,0;0,0;-0,01;-0,01;-0,01;-0,01;-0,02;-0,02;0,0;0,0;-0,03;-0,03;-0,05;-0,05;-0,05;-0,05;0,0;0,0;-0,01;-0,01;-0,01;-0,01;-0,01;-0,01;-0,16;-0,16;0,0;0,0;-0,02;-0,02;0,0;0,0;-0,02;-0,02
07.08.2026;21:15;21:30;0,0;0,0;-0,17;-0,17;-0,07;-0,07;0,0;0,0;-0,04;-0,04;-0,12;-0,12;-0,01;-0,01;-0,02;-0,02;0,0;0,0;0,0;0,0;0,0;0,0;0,0;0,0;-0,01;-0,01;0,0;0,0;-0,01;-0,01;0,0;0,0;-0,03;-0,03;-0,05;-0,05;-0,05;-0,05;-0,01;-0,01;0,0;0,0;-0,01;-0,01;-0,02;-0,02;-0,13;-0,13;0,0;0,0;0,0;0,0;-0,01;-0,01;-0,03;-0,03
07.08.2026;21:30;21:45;0,0;0,0;-0,16;-0,16;-0,06;-0,06;-0,01;-0,01;-0,03;-0,03;-0,14;-0,14;-0,02;-0,02;-0,02;-0,02;-0,01;-0,01;0,0;0,0;0,0;0,0;0,0;0,0;-0,03;-0,03;0,0;0,0;-0,02;-0,02;0,0;0,0;-0,03;-0,03;-0,04;-0,04;-0,02;-0,02;-0,01;-0,01;-0,02;-0,02;0,0;0,0;-0,01;-0,01;-0,13;-0,13;-0,01;-0,01;-0,02;-0,02;0,0;0,0;-0,02;-0,02
07.08.2026;21:45;22:00;0,0;0,0;-0,29;-0,29;-0,04;-0,04;0,0;0,0;-0,04;-0,04;-0,11;-0,11;0,0;0,0;-0,02;-0,02;-0,01;-0,01;0,0;0,0;0,0;0,0;0,0;0,0;-0,03;-0,03;0,0;0,0;-0,01;-0,01;0,0;0,0;-0,03;-0,03;-0,05;-0,05;-0,03;-0,03;-0,04;-0,04;0,0;0,0;-0,02;-0,02;0,0;0,0;-0,11;-0,11;0,0;0,0;0,0;0,0;0,0;0,0;-0,02;-0,02
07.08.2026;22:00;22:15;0,0;0,0;-0,18;-0,18;-0,06;-0,06;0,0;0,0;-0,04;-0,04;-0,12;-0,12;-0,01;-0,01;-0,02;-0,02;0,0;0,0;0,0;0,0;0,0;0,0;0,0;0,0;-0,02;-0,02;0,0;0,0;-0,02;-0,02;0,0;0,0;-0,03;-0,03;-0,05;-0,05;-0,02;-0,02;-0,48;-0,48;-0,01;-0,01;-0,01;-0,01;-0,01;-0,01;-0,13;-0,13;0,0;0,0;-0,02;-0,02;-0,01;-0,01;-0,01;-0,01
07.08.2026;22:15;22:30;0,0;0,0;-0,17;-0,17;-0,05;-0,05;0,0;0,0;-0,04;-0,04;-0,15;-0,15;-0,01;-0,01;-0,02;-0,02;-0,01;-0,01;0,0;0,0;-0,01;-0,01;0,0;0,0;-0,01;-0,01;0,0;0,0;-0,02;-0,02;0,0;0,0;-0,02;-0,02;-0,05;-0,05;-0,01;-0,01;-0,24;-0,24;-0,02;-0,02;0,0;0,0;-0,21;-0,21;-0,07;-0,07;0,0;0,0;0,0;0,0;-0,01;-0,01;-0,01;-0,01
07.08.2026;22:30;22:45;0,0;0,0;-0,17;-0,17;-0,06;-0,06;0,0;0,0;-0,03;-0,03;-0,14;-0,14;-0,01;-0,01;-0,01;-0,01;-0,01;-0,01;0,0;0,0;0,0;0,0;0,0;0,0;-0,02;-0,02;0,0;0,0;-0,02;-0,02;0,0;0,0;-0,03;-0,03;-0,06;-0,06;-0,01;-0,01;-0,08;-0,08;0,0;0,0;-0,01;-0,01;-0,18;-0,18;-0,05;-0,05;0,0;0,0;-0,02;-0,02;0,0;0,0;-0,02;-0,02
07.08.2026;22:45;23:00;0,0;0,0;-0,17;-0,17;-0,06;-0,06;0,0;0,0;-0,04;-0,04;-0,13;-0,13;-0,01;-0,01;-0,01;-0,01;-0,01;-0,01;0,0;0,0;0,0;0,0;0,0;0,0;-0,03;-0,03;0,0;0,0;-0,02;-0,02;-0,01;-0,01;-0,02;-0,02;-0,05;-0,05;-0,02;-0,02;-0,04;-0,04;-0,01;-0,01;-0,01;-0,01;-0,09;-0,09;-0,05;-0,05;0,0;0,0;-0,01;-0,01;0,0;0,0;-0,03;-0,03
07.08.2026;23:00;23:15;0,0;0,0;-0,2;-0,2;-0,04;-0,04;0,0;0,0;-0,04;-0,04;-0,14;-0,14;-0,01;-0,01;-0,02;-0,02;0,0;0,0;0,0;0,0;0,0;0,0;0,0;0,0;-0,02;-0,02;0,0;0,0;-0,03;-0,03;0,0;0,0;-0,03;-0,03;-0,05;-0,05;-0,03;-0,03;-0,01;-0,01;-0,01;-0,01;-0,01;-0,01;-0,01;-0,01;-0,08;-0,08;0,0;0,0;-0,01;-0,01;-0,01;-0,01;-0,02;-0,02
07.08.2026;23:15;23:30;0,0;0,0;-0,26;-0,26;-0,05;-0,05;0,0;0,0;-0,04;-0,04;-0,12;-0,12;0,0;0,0;-0,02;-0,02;0,0;0,0;0,0;0,0;0,0;0,0;0,0;0,0;0,0;0,0;0,0;0,0;-0,02;-0,02;0,0;0,0;-0,02;-0,02;-0,05;-0,05;0,0;0,0;-0,02;-0,02;-0,01;-0,01;-0,01;-0,01;-0,01;-0,01;-0,03;-0,03;0,0;0,0;-0,01;-0,01;0,0;0,0;-0,02;-0,02
07.08.2026;23:30;23:45;0,0;0,0;-0,16;-0,16;-0,07;-0,07;0,0;0,0;-0,03;-0,03;-0,13;-0,13;-0,01;-0,01;-0,04;-0,04;-0,01;-0,01;0,0;0,0;0,0;0,0;0,0;0,0;-0,01;-0,01;0,0;0,0;-0,03;-0,03;0,0;0,0;-0,02;-0,02;-0,05;-0,05;-0,02;-0,02;-0,01;-0,01;-0,01;-0,01;-0,01;-0,01;-0,02;-0,02;-0,03;-0,03;-0,01;-0,01;-0,01;-0,01;-0,01;-0,01;-0,04;-0,04
07.08.2026;23:45;00:00;0,0;0,0;-0,2;-0,2;-0,06;-0,06;0,0;0,0;-0,03;-0,03;-0,14;-0,14;-0,01;-0,01;-0,03;-0,03;0,0;0,0;0,0;0,0;0,0;0,0;0,0;0,0;0,0;0,0;0,0;0,0;-0,03;-0,03;0,0;0,0;-0,03;-0,03;-0,04;-0,04;-0,01;-0,01;-0,02;-0,02;-0,01;-0,01;-0,01;-0,01;-0,01;-0,01;-0,02;-0,02;0,0;0,0;-0,01;-0,01;0,0;0,0;-0,03;-0,03
08.08.2026;00:00;00:15;0,0;0,0;-0,29;-0,29;-0,08;-0,08;0,0;0,0;-0,04;-0,04;-0,12;-0,12;-0,01;-0,01;-0,03;-0,03;-0,01;-0,01;-0,01;-0,01;0,0;0,0;-0,01;-0,01;-0,01;-0,01;0,0;0,0;-0,02;-0,02;0,0;0,0;-0,01;-0,01;-0,02;-0,02;-0,02;-0,02;-0,02;-0,02;-0,01;-0,01;-0,01;-0,01;-0,01;-0,01;-0,01;-0,01;0,0;0,0;-0,01;-0,01;-0,01;-0,01;-0,01;-0,01
08.08.2026;00:15;00:30;0,0;0,0;-0,19;-0,19;-0,08;-0,08;0,0;0,0;-0,03;-0,03;-0,12;-0,12;-0,03;-0,03;-0,02;-0,02;-0,01;-0,01;0,0;0,0;0,0;0,0;0,0;0,0;-0,02;-0,02;0,0;0,0;-0,03;-0,03;0,0;0,0;-0,01;-0,01;-0,02;-0,02;-0,02;-0,02;-0,01;-0,01;-0,01;-0,01;0,0;0,0;-0,01;-0,01;-0,02;-0,02;0,0;0,0;-0,01;-0,01;0,0;0,0;-0,03;-0,03
08.08.2026;00:30;00:45;0,0;0,0;-0,17;-0,17;-0,02;-0,02;0,0;0,0;-0,04;-0,04;-0,12;-0,12;-0,02;-0,02;-0,02;-0,02;-0,01;-0,01;0,0;0,0;0,0;0,0;0,0;0,0;-0,01;-0,01;-0,01;-0,01;-0,02;-0,02;0,0;0,0;-0,02;-0,02;-0,03;-0,03;0,0;0,0;-0,01;-0,01;0,0;0,0;-0,02;-0,02;-0,01;-0,01;-0,02;-0,02;0,0;0,0;-0,01;-0,01;0,0;0,0;-0,03;-0,03
08.08.2026;00:45;01:00;0,0;0,0;-0,17;-0,17;-0,03;-0,03;0,0;0,0;-0,04;-0,04;-0,09;-0,09;-0,01;-0,01;-0,02;-0,02;0,0;0,0;0,0;0,0;-0,01;-0,01;0,0;0,0;0,0;0,0;0,0;0,0;-0,02;-0,02;0,0;0,0;-0,01;-0,01;-0,02;-0,02;-0,02;-0,02;0,0;0,0;-0,02;-0,02;-0,01;-0,01;-0,01;-0,01;-0,02;-0,02;0,0;0,0;-0,01;-0,01;-0,01;-0,01;-0,02;-0,02
08.08.2026;01:00;01:15;0,0;0,0;-0,2;-0,2;-0,04;-0,04;-0,01;-0,01;-0,01;-0,01;-0,07;-0,07;-0,02;-0,02;-0,02;-0,02;-0,01;-0,01;0,0;0,0;0,0;0,0;0,0;0,0;-0,01;-0,01;0,0;0,0;-0,02;-0,02;0,0;0,0;-0,01;-0,01;-0,02;-0,02;-0,01;-0,01;-0,02;-0,02;-0,01;-0,01;0,0;0,0;-0,01;-0,01;-0,01;-0,01;0,0;0,0;-0,01;-0,01;-0,01;-0,01;-0,02;-0,02
08.08.2026;01:15;01:30;0,0;0,0;-0,16;-0,16;-0,03;-0,03;0,0;0,0;-0,02;-0,02;-0,25;-0,25;-0,02;-0,02;-0,02;-0,02;-0,01;-0,01;0,0;0,0;0,0;0,0;0,0;0,0;-0,01;-0,01;0,0;0,0;-0,02;-0,02;-0,01;-0,01;-0,01;-0,01;-0,03;-0,03;-0,01;-0,01;-0,02;-0,02;0,0;0,0;-0,01;-0,01;-0,01;-0,01;-0,02;-0,02;0,0;0,0;-0,02;-0,02;0,0;0,0;-0,02;-0,02
08.08.2026;01:30;01:45;0,0;0,0;-0,15;-0,15;-0,02;-0,02;0,0;0,0;-0,02;-0,02;-0,15;-0,15;0,0;0,0;-0,02;-0,02;0,0;0,0;0,0;0,0;0,0;0,0;0,0;0,0;-0,02;-0,02;0,0;0,0;-0,02;-0,02;0,0;0,0;-0,03;-0,03;-0,02;-0,02;-0,02;-0,02;-0,02;-0,02;-0,02;-0,02;-0,01;-0,01;-0,01;-0,01;-0,02;-0,02;-0,01;-0,01;0,0;0,0;0,0;0,0;-0,01;-0,01
08.08.2026;01:45;02:00;0,0;0,0;-0,16;-0,16;-0,02;-0,02;0,0;0,0;-0,01;-0,01;-0,25;-0,25;-0,02;-0,02;-0,02;-0,02;-0,01;-0,01;0,0;0,0;0,0;0,0;0,0;0,0;-0,01;-0,01;0,0;0,0;-0,01;-0,01;0,0;0,0;-0,02;-0,02;-0,03;-0,03;-0,01;-0,01;-0,02;-0,02;0,0;0,0;-0,01;-0,01;-0,01;-0,01;-0,01;-0,01;0,0;0,0;-0,02;-0,02;-0,01;-0,01;-0,02;-0,02
08.08.2026;02:00;02:15;0,0;0,0;-0,21;-0,21;-0,03;-0,03;0,0;0,0;-0,01;-0,01;-0,09;-0,09;-0,01;-0,01;-0,02;-0,02;-0,01;-0,01;0,0;0,0;0,0;0,0;0,0;0,0;0,0;0,0;0,0;0,0;-0,02;-0,02;0,0;0,0;-0,03;-0,03;-0,02;-0,02;-0,01;-0,01;-0,01;-0,01;-0,01;-0,01;-0,01;-0,01;-0,01;-0,01;-0,02;-0,02;0,0;0,0;0,0;0,0;0,0;0,0;-0,02;-0,02
08.08.2026;02:15;02:30;0,0;0,0;-0,16;-0,16;-0,03;-0,03;0,0;0,0;-0,01;-0,01;-0,02;-0,02;-0,01;-0,01;-0,01;-0,01;-0,01;-0,01;0,0;0,0;0,0;0,0;0,0;0,0;-0,01;-0,01;0,0;0,0;-0,02;-0,02;0,0;0,0;-0,02;-0,02;-0,02;-0,02;-0,01;-0,01;0,0;0,0;-0,02;-0,02;-0,01;-0,01;0,0;0,0;-0,02;-0,02;0,0;0,0;-0,02;-0,02;-0,01;-0,01;-0,03;-0,03
08.08.2026;02:30;02:45;0,0;0,0;-0,16;-0,16;-0,02;-0,02;0,0;0,0;-0,01;-0,01;-0,02;-0,02;-0,01;-0,01;-0,01;-0,01;0,0;0,0;0,0;0,0;0,0;0,0;0,0;0,0;0,0;0,0;0,0;0,0;-0,01;-0,01;0,0;0,0;-0,03;-0,03;-0,03;-0,03;-0,01;-0,01;-0,01;-0,01;0,0;0,0;-0,01;-0,01;-0,02;-0,02;-0,01;-0,01;0,0;0,0;0,0;0,0;0,0;0,0;-0,02;-0,02
08.08.2026;02:45;03:00;0,0;0,0;-0,16;-0,16;-0,01;-0,01;0,0;0,0;-0,02;-0,02;-0,02;-0,02;-0,01;-0,01;-0,02;-0,02;-0,01;-0,01;0,0;0,0;0,0;0,0;0,0;0,0;-0,02;-0,02;0,0;0,0;-0,02;-0,02;0,0;0,0;-0,02;-0,02;-0,02;-0,02;-0,02;-0,02;-0,01;-0,01;-0,01;-0,01;-0,01;-0,01;-0,01;-0,01;-0,02;-0,02;0,0;0,0;-0,02;-0,02;0,0;0,0;-0,02;-0,02
08.08.2026;03:00;03:15;0,0;0,0;-0,15;-0,15;-0,02;-0,02;0,0;0,0;-0,01;-0,01;-0,02;-0,02;-0,01;-0,01;-0,02;-0,02;0,0;0,0;0,0;0,0;0,0;0,0;0,0;0,0;-0,02;-0,02;0,0;0,0;-0,01;-0,01;0,0;0,0;-0,02;-0,02;-0,02;-0,02;-0,01;-0,01;-0,01;-0,01;-0,01;-0,01;0,0;0,0;0,0;0,0;-0,01;-0,01;0,0;0,0;0,0;0,0;-0,01;-0,01;-0,01;-0,01
08.08.2026;03:15;03:30;0,0;0,0;-0,18;-0,18;-0,03;-0,03;0,0;0,0;-0,02;-0,02;-0,02;-0,02;-0,01;-0,01;-0,02;-0,02;-0,01;-0,01;0,0;0,0;-0,01;-0,01;0,0;0,0;0,0;0,0;0,0;0,0;-0,02;-0,02;0,0;0,0;-0,03;-0,03;-0,02;-0,02;-0,02;-0,02;0,0;0,0;-0,01;-0,01;-0,02;-0,02;-0,01;-0,01;-0,01;-0,01;0,0;0,0;-0,02;-0,02;-0,01;-0,01;-0,02;-0,02
08.08.2026;03:30;03:45;0,0;0,0;-0,23;-0,23;-0,02;-0,02;0,0;0,0;-0,01;-0,01;-0,02;-0,02;-0,01;-0,01;-0,02;-0,02;-0,01;-0,01;0,0;0,0;0,0;0,0;0,0;0,0;-0,01;-0,01;0,0;0,0;-0,03;-0,03;0,0;0,0;-0,02;-0,02;-0,03;-0,03;0,0;0,0;-0,01;-0,01;-0,01;-0,01;-0,01;-0,01;-0,01;-0,01;-0,02;-0,02;-0,01;-0,01;0,0;0,0;0,0;0,0;-0,02;-0,02
08.08.2026;03:45;04:00;0,0;0,0;-0,19;-0,19;-0,01;-0,01;0,0;0,0;-0,01;-0,01;-0,02;-0,02;-0,01;-0,01;-0,02;-0,02;0,0;0,0;0,0;0,0;0,0;0,0;0,0;0,0;0,0;0,0;-0,01;-0,01;-0,02;-0,02;-0,01;-0,01;-0,01;-0,01;-0,02;-0,02;-0,02;-0,02;-0,02;-0,02;-0,01;-0,01;0,0;0,0;-0,01;-0,01;-0,01;-0,01;0,0;0,0;-0,02;-0,02;0,0;0,0;-0,03;-0,03
08.08.2026;04:00;04:15;0,0;0,0;-0,16;-0,16;-0,02;-0,02;0,0;0,0;-0,01;-0,01;-0,01;-0,01;-0,01;-0,01;-0,02;-0,02;-0,01;-0,01;0,0;0,0;0,0;0,0;0,0;0,0;-0,02;-0,02;0,0;0,0;-0,23;-0,23;0,0;0,0;-0,01;-0,01;-0,02;-0,02;-0,01;-0,01;-0,01;-0,01;-0,01;-0,01;-0,01;-0,01;-0,01;-0,01;-0,02;-0,02;0,0;0,0;-0,01;-0,01;-0,01;-0,01;-0,02;-0,02
08.08.2026;04:15;04:30;0,0;0,0;-0,17;-0,17;-0,02;-0,02;-0,01;-0,01;-0,02;-0,02;-0,01;-0,01;0,0;0,0;-0,02;-0,02;-0,01;-0,01;0,0;0,0;0,0;0,0;0,0;0,0;-0,02;-0,02;0,0;0,0;-0,19;-0,19;0,0;0,0;-0,02;-0,02;-0,02;-0,02;-0,01;-0,01;-0,01;-0,01;-0,01;-0,01;-0,01;-0,01;-0,01;-0,01;-0,02;-0,02;0,0;0,0;-0,01;-0,01;-0,01;-0,01;-0,03;-0,03
08.08.2026;04:30;04:45;0,0;0,0;-0,17;-0,17;-0,02;-0,02;0,0;0,0;-0,01;-0,01;0,0;0,0;-0,01;-0,01;-0,02;-0,02;-0,01;-0,01;0,0;0,0;0,0;0,0;0,0;0,0;0,0;0,0;0,0;0,0;-0,04;-0,04;0,0;0,0;-0,01;-0,01;-0,03;-0,03;-0,02;-0,02;0,0;0,0;0,0;0,0;-0,01;-0,01;-0,01;-0,01;-0,01;-0,01;0,0;0,0;-0,01;-0,01;0,0;0,0;-0,01;-0,01
08.08.2026;04:45;05:00;0,0;0,0;-0,16;-0,16;-0,02;-0,02;0,0;0,0;-0,02;-0,02;0,0;0,0;-0,01;-0,01;-0,02;-0,02;0,0;0,0;0,0;0,0;0,0;0,0;0,0;0,0;0,0;0,0;0,0;0,0;-0,03;-0,03;0,0;0,0;-0,01;-0,01;-0,02;-0,02;-0,01;-0,01;-0,01;-0,01;-0,02;-0,02;-0,01;-0,01;-0,01;-0,01;-0,01;-0,01;0,0;0,0;-0,01;-0,01;0,0;0,0;-0,01;-0,01
08.08.2026;05:00;05:15;0,0;0,0;-0,16;-0,16;-0,02;-0,02;0,0;0,0;-0,01;-0,01;-0,01;-0,01;-0,01;-0,01;-0,02;-0,02;-0,01;-0,01;-0,01;-0,01;0,0;0,0;-0,01;-0,01;-0,01;-0,01;0,0;0,0;-0,24;-0,24;0,0;0,0;-0,02;-0,02;-0,02;-0,02;-0,01;-0,01;-0,01;-0,01;-0,01;-0,01;-0,01;-0,01;-0,01;-0,01;-0,02;-0,02;0,0;0,0;-0,01;-0,01;-0,01;-0,01;-0,02;-0,02
08.08.2026;05:15;05:30;0,0;0,0;-0,17;-0,17;-0,02;-0,02;0,0;0,0;-0,01;-0,01;0,0;0,0;-0,01;-0,01;-0,01;-0,01;-0,01;-0,01;0,0;0,0;0,0;0,0;0,0;0,0;-0,01;-0,01;0,0;0,0;-0,07;-0,07;0,0;0,0;-0,02;-0,02;-0,14;-0,14;-0,01;-0,01;-0,01;-0,01;0,0;0,0;-0,01;-0,01;-0,07;-0,07;-0,01;-0,01;0,0;0,0;0,0;0,0;0,0;0,0;-0,03;-0,03
08.08.2026;05:30;05:45;0,0;0,0;-0,16;-0,16;-0,02;-0,02;0,0;0,0;-0,01;-0,01;-0,01;-0,01;-0,01;-0,01;-0,02;-0,02;0,0;0,0;0,0;0,0;0,0;0,0;0,0;0,0;-0,02;-0,02;0,0;0,0;-0,01;-0,01;0,0;0,0;-0,02;-0,02;-0,03;-0,03;-0,01;-0,01;0,0;0,0;-0,02;-0,02;0,0;0,0;-0,11;-0,11;-0,02;-0,02;-0,01;-0,01;-0,02;-0,02;-0,01;-0,01;-0,02;-0,02
08.08.2026;05:45;06:00;0,01;0,01;-0,16;-0,16;-0,02;-0,02;0,0;0,0;-0,01;-0,01;0,0;0,0;-0,01;-0,01;-0,02;-0,02;-0,01;-0,01;0,0;0,0;-0,01;-0,01;0,0;0,0;-0,01;-0,01;0,0;0,0;-0,02;-0,02;0,0;0,0;-0,03;-0,03;-0,07;-0,07;-0,01;-0,01;-0,01;-0,01;0,0;0,0;-0,01;-0,01;-0,1;-0,1;-0,01;-0,01;0,0;0,0;0,0;0,0;0,0;0,0;-0,02;-0,02
08.08.2026;06:00;06:15;0,03;0,03;-0,24;-0,24;-0,01;-0,01;0,0;0,0;-0,02;-0,02;0,0;0,0;-0,01;-0,01;-0,01;-0,01;-0,01;-0,01;0,0;0,0;0,0;0,0;0,0;0,0;0,0;0,0;0,0;0,0;-0,01;-0,01;0,0;0,0;-0,02;-0,02;-0,03;-0,03;-0,02;-0,02;-0,01;-0,01;-0,01;-0,01;-0,02;-0,02;-0,11;-0,11;-0,02;-0,02;0,0;0,0;-0,02;-0,02;-0,01;-0,01;-0,02;-0,02
08.08.2026;06:15;06:30;0,05;0,05;-0,18;-0,18;-0,14;-0,14;0,0;0,0;-0,02;-0,02;-0,01;-0,01;-0,01;-0,01;-0,01;-0,01;0,0;0,0;0,0;0,0;0,0;0,0;0,0;0,0;-0,01;-0,01;0,0;0,0;-0,01;-0,01;-0,01;-0,01;-0,03;-0,03;-0,05;-0,05;-0,01;-0,01;-0,02;-0,02;-0,02;-0,02;0,0;0,0;-0,1;-0,1;-0,01;-0,01;0,0;0,0;0,0;0,0;0,0;0,0;-0,03;-0,03
08.08.2026;06:30;06:45;0,1;0,1;-0,16;-0,16;-0,03;-0,03;0,0;0,0;-0,01;-0,01;0,0;0,0;-0,01;-0,01;-0,02;-0,02;-0,01;-0,01;0,0;0,0;0,0;0,0;0,0;0,0;-0,01;-0,01;0,0;0,0;-0,02;-0,02;0,0;0,0;-0,02;-0,02;-0,04;-0,04;-0,01;-0,01;0,0;0,0;0,0;0,0;-0,01;-0,01;-0,06;-0,06;-0,02;-0,02;0,0;0,0;-0,02;-0,02;-0,01;-0,01;-0,01;-0,01
08.08.2026;06:45;07:00;0,15;0,11;-0,16;-0,12;-0,1;-0,1;0,0;0,0;-0,01;-0,01;-0,01;-0,01;-0,01;-0,01;-0,02;-0,02;0,0;0,0;0,0;0,0;0,0;0,0;0,0;0,0;-0,02;-0,02;0,0;0,0;-0,01;-0,01;0,0;0,0;-0,03;-0,03;-0,04;-0,04;-0,01;-0,01;-0,01;-0,01;-0,01;-0,01;-0,01;-0,01;-0,01;-0,01;-0,01;-0,01;0,0;0,0;0,0;0,0;0,0;0,0;-0,03;-0,03
08.08.2026;07:00;07:15;0,21;0,16;-0,25;-0,2;-0,03;-0,03;0,0;0,0;-0,01;-0,01;0,0;0,0;0,0;0,0;-0,02;-0,02;-0,01;-0,01;0,0;0,0;0,0;0,0;0,0;0,0;-0,01;-0,01;-0,01;-0,01;-0,01;-0,01;0,0;0,0;-0,02;-0,02;-0,02;-0,02;-0,01;-0,01;0,0;0,0;-0,01;-0,01;-0,01;-0,01;-0,01;-0,01;-0,02;-0,02;0,0;0,0;-0,02;-0,02;0,0;0,0;-0,03;-0,03
08.08.2026;07:15;07:30;0,3;0,11;-0,27;-0,24;-0,02;-0,01;0,0;0,0;-0,01;0,0;0,0;0,0;-0,01;0,0;-0,02;-0,01;-0,01;0,0;0,0;0,0;0,0;0,0;0,0;0,0;-0,01;0,0;0,0;0,0;-0,02;-0,01;0,0;0,0;-0,02;-0,01;-0,01;0,0;-0,01;0,0;-0,02;-0,01;-0,01;0,0;0,0;0,0;-0,01;0,0;-0,01;0,0;0,0;0,0;0,0;0,0;-0,01;0,0;-0,02;-0,01
08.08.2026;07:30;07:45;0,41;0,14;-0,23;-0,16;-0,07;-0,06;-0,01;0,0;-0,02;-0,01;-0,01;0,0;-0,01;0,0;-0,02;-0,01;-0,01;0,0;0,0;0,0;0,0;0,0;0,0;0,0;-0,01;0,0;0,0;0,0;-0,01;0,0;0,0;0,0;-0,01;0,0;-0,02;-0,01;-0,02;-0,01;0,0;0,0;-0,01;0,0;-0,01;0,0;-0,01;0,0;-0,02;-0,01;-0,01;0,0;-0,02;-0,01;-0,01;0,0;-0,05;-0,04
08.08.2026;07:45;08:00;0,54;0,2;-0,24;-0,12;-0,09;-0,07;0,0;0,0;-0,03;-0,01;0,0;0,0;-0,01;0,0;-0,03;-0,01;0,0;0,0;0,0;0,0;0,0;0,0;0,0;0,0;-0,02;0,0;0,0;0,0;-0,03;-0,01;0,0;0,0;-0,02;0,0;-0,02;0,0;-0,01;0,0;-0,01;0,0;-0,01;0,0;-0,01;0,0;0,0;0,0;-0,01;0,0;0,0;0,0;0,0;0,0;0,0;0,0;-0,04;-0,02
08.08.2026;08:00;08:15;0,47;0,19;-0,19;-0,09;-0,06;-0,05;0,0;0,0;-0,08;-0,07;-0,01;0,0;-0,01;0,0;-0,02;-0,01;-0,01;0,0;0,0;0,0;0,0;0,0;0,0;0,0;-0,04;-0,03;0,0;0,0;-0,02;-0,01;0,0;0,0;-0,01;0,0;-0,02;-0,01;-0,03;-0,02;0,0;0,0;-0,01;0,0;-0,01;0,0;-0,02;-0,01;-0,02;-0,01;0,0;0,0;-0,02;-0,01;-0,04;-0,03;-0,03;-0,02
08.08.2026;08:15;08:30;0,0;0,0;-0,2;-0,2;-0,33;-0,33;0,0;0,0;-0,08;-0,08;0,0;0,0;-0,01;-0,01;-0,02;-0,02;-0,01;-0,01;0,0;0,0;-0,01;-0,01;0,0;0,0;-0,03;-0,03;0,0;0,0;-0,01;-0,01;0,0;0,0;-0,01;-0,01;-0,03;-0,03;-0,19;-0,19;-0,02;-0,02;-0,01;-0,01;-0,01;-0,01;-0,01;-0,01;-0,03;-0,03;0,0;0,0;-0,01;-0,01;-0,32;-0,32;-0,03;-0,03
08.08.2026;08:30;08:45;0,0;0,0;-0,29;-0,29;-0,22;-0,22;0,0;0,0;-0,19;-0,19;0,0;0,0;0,0;0,0;-0,02;-0,02;0,0;0,0;0,0;0,0;0,0;0,0;0,0;0,0;-0,07;-0,07;0,0;0,0;-0,01;-0,01;0,0;0,0;-0,02;-0,02;-0,02;-0,02;-0,15;-0,15;-0,01;-0,01;0,0;0,0;-0,01;-0,01;-0,01;-0,01;-0,03;-0,03;0,0;0,0;-0,01;-0,01;-0,22;-0,22;-0,03;-0,03
08.08.2026;08:45;09:00;0,41;0,15;-0,31;-0,24;-0,04;-0,03;0,0;0,0;-0,3;-0,29;-0,01;0,0;-0,01;0,0;-0,02;-0,01;-0,01;0,0;0,0;0,0;0,0;0,0;0,0;0,0;-0,02;-0,01;0,0;0,0;-0,02;-0,01;-0,01;0,0;-0,01;0,0;-0,02;-0,01;-0,08;-0,07;-0,01;0,0;-0,02;-0,01;0,0;0,0;-0,01;0,0;-0,02;-0,01;0,0;0,0;-0,01;0,0;-0,03;-0,02;-0,02;-0,01
08.08.2026;09:00;09:15;1,1;0,38;-0,18;0,0;-0,03;0,0;0,0;0,0;-0,24;-0,16;0,0;0,0;-0,01;0,0;-0,02;0,0;-0,01;0,0;0,0;0,0;0,0;0,0;0,0;0,0;-0,03;0,0;0,0;0,0;-0,01;0,0;0,0;0,0;-0,03;0,0;-0,02;0,0;-0,07;0,0;-0,01;0,0;-0,01;0,0;-0,01;0,0;-0,01;0,0;-0,3;-0,22;0,0;0,0;-0,01;0,0;-0,78;-0,7;-0,02;0,0
08.08.2026;09:15;09:30;1,17;0,35;-0,23;0,0;-0,06;0,0;0,0;0,0;-0,56;-0,47;-0,01;0,0;-0,02;0,0;-0,02;0,0;0,0;0,0;0,0;0,0;0,0;0,0;0,0;0,0;-0,06;0,0;0,0;0,0;-0,01;0,0;0,0;0,0;-0,03;0,0;-0,03;0,0;-0,07;0,0;0,0;0,0;0,0;0,0;-0,01;0,0;-0,01;0,0;-0,05;0,0;0,0;0,0;-0,01;0,0;-0,54;-0,45;-0,02;0,0
08.08.2026;09:30;09:45;1,33;0,43;-0,34;-0,01;-0,08;0,0;0,0;0,0;-0,42;-0,32;0,0;0,0;-0,01;0,0;-0,02;0,0;-0,01;0,0;0,0;0,0;0,0;0,0;0,0;0,0;-0,02;0,0;0,0;0,0;-0,01;0,0;0,0;0,0;-0,03;0,0;-0,02;0,0;-0,05;0,0;-0,01;0,0;-0,02;0,0;-0,01;0,0;-0,01;0,0;-0,04;0,0;-0,01;0,0;-0,01;0,0;-0,11;-0,01;-0,01;0,0
08.08.2026;09:45;10:00;1,42;0,73;-0,21;0,0;-0,44;-0,31;0,0;0,0;-0,03;0,0;0,0;0,0;-0,01;0,0;-0,05;0,0;-0,01;0,0;0,0;0,0;0,0;0,0;0,0;0,0;-0,01;0,0;0,0;0,0;-0,02;0,0;0,0;0,0;-0,03;0,0;-0,02;0,0;-0,07;0,0;-0,01;0,0;0,0;0,0;-0,01;0,0;-0,01;0,0;-0,03;0,0;0,0;0,0;-0,01;0,0;-0,02;0,0;-0,01;0,0
08.08.2026;10:00;10:15;1,5;0,47;-0,32;0,0;-0,1;0,0;0,0;0,0;-0,02;0,0;-0,01;0,0;-0,01;0,0;-0,08;0,0;-0,01;0,0;-0,01;0,0;0,0;0,0;-0,01;0,0;0,0;0,0;0,0;0,0;-0,01;0,0;0,0;0,0;-0,09;0,0;-0,02;0,0;-0,06;0,0;-0,01;0,0;-0,01;0,0;-0,01;0,0;0,0;0,0;-0,09;0,0;0,0;0,0;-0,01;0,0;-0,21;-0,09;-0,03;0,0
08.08.2026;10:15;10:30;1,58;0,45;-0,28;0,0;-0,05;0,0;0,0;0,0;-0,01;0,0;0,0;0,0;-0,01;0,0;-0,08;0,0;0,0;0,0;0,0;0,0;0,0;0,0;0,0;0,0;-0,02;0,0;0,0;0,0;-0,03;0,0;0,0;0,0;-0,13;-0,01;-0,02;0,0;-0,06;0,0;-0,28;-0,16;-0,02;0,0;-0,01;0,0;-0,01;0,0;-0,16;-0,04;0,0;0,0;-0,03;0,0;-0,27;-0,15;-0,02;0,0
08.08.2026;10:30;10:45;1,67;0,63;-0,23;0,0;-0,06;0,0;0,0;0,0;-0,02;0,0;-0,02;0,0;-0,01;0,0;-0,08;0,0;-0,01;0,0;0,0;0,0;0,0;0,0;0,0;0,0;-0,02;0,0;-0,01;0,0;-0,04;0,0;0,0;0,0;-0,14;0,0;-0,01;0,0;-0,21;-0,07;-0,02;0,0;0,0;0,0;0,0;0,0;-0,01;0,0;-0,19;-0,05;0,0;0,0;-0,03;0,0;-0,03;0,0;-0,02;0,0
08.08.2026;10:45;11:00;1,73;0,67;-0,23;0,0;-0,05;0,0;0,0;0,0;-0,01;0,0;-0,01;0,0;-0,02;0,0;-0,08;0,0;-0,01;0,0;0,0;0,0;-0,01;0,0;0,0;0,0;-0,01;0,0;0,0;0,0;-0,03;0,0;0,0;0,0;-0,11;0,0;-0,02;0,0;-0,28;-0,13;-0,04;0,0;-0,01;0,0;-0,01;0,0;-0,01;0,0;-0,2;-0,05;0,0;0,0;-0,02;0,0;-0,03;0,0;-0,05;0,0
08.08.2026;11:00;11:15;1,76;0,8;-0,2;0,0;-0,05;0,0;-0,01;0,0;0,0;0,0;-0,03;0,0;0,0;0,0;-0,08;0,0;0,0;0,0;0,0;0,0;0,0;0,0;0,0;0,0;0,0;0,0;0,0;0,0;-0,03;0,0;0,0;0,0;-0,08;0,0;-0,01;0,0;-0,09;0,0;-0,01;0,0;-0,01;0,0;-0,01;0,0;-0,01;0,0;-0,16;0,0;0,0;0,0;-0,03;0,0;-0,03;0,0;-0,12;0,0
08.08.2026;11:15;11:30;1,84;0,68;-0,26;0,0;-0,06;0,0;0,0;0,0;-0,02;0,0;-0,01;0,0;-0,01;0,0;-0,08;0,0;-0,01;0,0;0,0;0,0;0,0;0,0;0,0;0,0;-0,01;0,0;0,0;0,0;-0,02;0,0;-0,01;0,0;-0,04;0,0;-0,01;0,0;-0,09;0,0;-0,43;-0,27;-0,01;0,0;-0,01;0,0;-0,01;0,0;-0,13;0,0;0,0;0,0;-0,01;0,0;-0,04;0,0;-0,34;-0,18
08.08.2026;11:30;11:45;1,89;0,71;-0,26;0,0;-0,03;0,0;0,0;0,0;-0,01;0,0;0,0;0,0;-0,01;0,0;-0,08;0,0;-0,01;0,0;0,0;0,0;0,0;0,0;0,0;0,0;-0,02;0,0;0,0;0,0;-0,01;0,0;0,0;0,0;-0,03;0,0;-0,03;0,0;-0,21;-0,03;-0,21;-0,03;-0,01;0,0;0,0;0,0;-0,01;0,0;-0,02;0,0;-0,01;0,0;-0,05;0,0;-0,05;0,0;-0,47;-0,29
08.08.2026;11:45;12:00;1,89;1,22;-0,18;0,0;-0,02;0,0;0,0;0,0;-0,02;0,0;0,0;0,0;-0,01;0,0;-0,08;0,0;0,0;0,0;0,0;0,0;0,0;0,0;0,0;0,0;-0,01;0,0;0,0;0,0;-0,01;0,0;0,0;0,0;-0,03;0,0;-0,02;0,0;-0,03;0,0;-0,01;0,0;-0,01;0,0;-0,02;0,0;-0,01;0,0;-0,02;0,0;0,0;0,0;-0,05;0,0;-0,05;0,0;-0,09;0,0
08.08.2026;12:00;12:15;1,66;0,69;-0,32;0,0;-0,02;0,0;0,0;0,0;0,0;0,0;-0,01;0,0;-0,01;0,0;-0,08;0,0;-0,01;0,0;0,0;0,0;0,0;0,0;0,0;0,0;-0,01;0,0;0,0;0,0;-0,08;0,0;0,0;0,0;-0,04;0,0;-0,02;0,0;-0,02;0,0;-0,03;0,0;-0,01;0,0;-0,01;0,0;0,0;0,0;-0,02;0,0;0,0;0,0;-0,09;0,0;-0,04;0,0;-0,15;0,0
08.08.2026;12:15;12:30;0,14;0,11;-0,27;-0,24;-0,01;-0,01;0,0;0,0;-0,01;-0,01;0,0;0,0;-0,01;-0,01;-0,11;-0,11;0,0;0,0;0,0;0,0;0,0;0,0;0,0;0,0;-0,01;-0,01;0,0;0,0;-0,02;-0,02;0,0;0,0;-0,03;-0,03;-0,03;-0,03;-0,17;-0,17;-0,01;-0,01;-0,01;-0,01;0,0;0,0;-0,01;-0,01;-0,04;-0,04;0,0;0,0;-0,01;-0,01;-0,05;-0,05;-0,59;-0,59
08.08.2026;12:30;12:45;0,0;0,0;-0,23;-0,23;-0,03;-0,03;0,0;0,0;-0,01;-0,01;-0,01;-0,01;-0,01;-0,01;-0,72;-0,72;-0,01;-0,01;0,0;0,0;0,0;0,0;0,0;0,0;0,0;0,0;0,0;0,0;-0,03;-0,03;0,0;0,0;-0,04;-0,04;-0,02;-0,02;-0,06;-0,06;-0,02;-0,02;-0,01;-0,01;-0,01;-0,01;-0,01;-0,01;-0,04;-0,04;0,0;0,0;-0,01;-0,01;-0,03;-0,03;-0,51;-0,51
08.08.2026;12:45;13:00;0,67;0,18;-0,25;-0,14;-0,02;0,0;0,0;0,0;-0,02;0,0;0,0;0,0;-0,25;-0,22;-0,2;-0,17;-0,01;0,0;0,0;0,0;0,0;0,0;0,0;0,0;-0,02;0,0;0,0;0,0;-0,04;-0,01;0,0;0,0;-0,05;-0,02;-0,02;0,0;-0,02;0,0;-0,04;-0,01;-0,01;0,0;-0,01;0,0;-0,01;0,0;-0,04;-0,01;0,0;0,0;-0,01;0,0;-0,02;0,0;-0,15;-0,12
08.08.2026;13:00;13:15;1,91;0,8;-0,36;0,0;-0,02;0,0;0,0;0,0;-0,01;0,0;0,0;0,0;-0,25;-0,07;-0,1;0,0;-0,01;0,0;0,0;0,0;0,0;0,0;0,0;0,0;-0,03;0,0;0,0;0,0;-0,01;0,0;0,0;0,0;-0,03;0,0;-0,03;0,0;-0,07;0,0;-0,02;0,0;-0,01;0,0;-0,01;0,0;-0,01;0,0;-0,03;0,0;0,0;0,0;-0,01;0,0;-0,01;0,0;-0,16;0,0
08.08.2026;13:15;13:30;1,89;0,77;-0,2;0,0;-0,02;0,0;0,0;0,0;-0,02;0,0;-0,01;0,0;-0,04;0,0;-0,08;0,0;-0,01;0,0;0,0;0,0;-0,01;0,0;0,0;0,0;-0,25;-0,08;0,0;0,0;-0,01;0,0;0,0;0,0;-0,04;0,0;-0,02;0,0;-0,23;-0,06;-0,08;0,0;-0,01;0,0;-0,01;0,0;-0,01;0,0;-0,12;0,0;0,0;0,0;-0,01;0,0;-0,01;0,0;-0,07;0,0
08.08.2026;13:30;13:45;1,85;0,84;-0,23;0,0;-0,01;0,0;0,0;0,0;0,0;0,0;0,0;0,0;-0,04;0,0;-0,07;0,0;0,0;0,0;0,0;0,0;0,0;0,0;0,0;0,0;-0,37;-0,18;-0,01;0,0;-0,01;0,0;0,0;0,0;-0,03;0,0;-0,02;0,0;-0,62;-0,43;-0,03;0,0;-0,01;0,0;-0,01;0,0;-0,01;0,0;-0,05;0,0;-0,01;0,0;-0,02;0,0;0,0;0,0;-0,07;0,0
08.08.2026;13:45;14:00;1,84;0,9;-0,21;0,0;-0,02;0,0;0,0;0,0;-0,01;0,0;0,0;0,0;-0,09;0,0;-0,08;0,0;-0,01;0,0;0,0;0,0;0,0;0,0;0,0;0,0;-0,05;0,0;-0,02;0,0;-0,01;0,0;-0,01;0,0;-0,02;0,0;-0,02;0,0;-0,33;-0,15;-0,04;0,0;-0,01;0,0;-0,01;0,0;-0,01;0,0;-0,06;0,0;0,0;0,0;0,0;0,0;-0,01;0,0;-0,07;0,0
08.08.2026;14:00;14:15;1,82;0,91;-0,2;0,0;-0,02;0,0;0,0;0,0;-0,02;0,0;-0,01;0,0;-0,09;0,0;-0,08;0,0;0,0;0,0;0,0;0,0;0,0;0,0;0,0;0,0;-0,04;0,0;0,0;0,0;-0,02;0,0;0,0;0,0;-0,02;0,0;-0,03;0,0;-0,6;-0,41;-0,05;0,0;-0,01;0,0;0,0;0,0;0,0;0,0;-0,02;0,0;0,0;0,0;-0,02;0,0;-0,01;0,0;-0,08;0,0
08.08.2026;14:15;14:30;1,75;0,81;-0,19;0,0;-0,03;0,0;-0,01;0,0;-0,01;0,0;0,0;0,0;-0,07;0,0;-0,08;0,0;-0,01;0,0;0,0;0,0;0,0;0,0;0,0;0,0;-0,02;0,0;0,0;0,0;-0,01;0,0;0,0;0,0;-0,03;0,0;-0,02;0,0;-0,32;-0,15;-0,24;-0,07;-0,01;0,0;-0,01;0,0;-0,01;0,0;-0,03;0,0;0,0;0,0;0,0;0,0;0,0;0,0;-0,06;0,0
08.08.2026;14:30;14:45;1,71;0,82;-0,24;0,0;-0,02;0,0;0,0;0,0;-0,02;0,0;-0,01;0,0;-0,06;0,0;-0,08;0,0;-0,01;0,0;-0,01;0,0;0,0;0,0;0,0;0,0;-0,02;0,0;0,0;0,0;-0,01;0,0;0,0;0,0;-0,03;0,0;-0,01;0,0;-0,07;0,0;-0,27;-0,11;-0,01;0,0;-0,01;0,0;-0,01;0,0;-0,03;0,0;0,0;0,0;-0,01;0,0;0,0;0,0;-0,07;0,0
08.08.2026;14:45;15:00;1,66;0,78;-0,3;0,0;-0,01;0,0;0,0;0,0;-0,01;0,0;0,0;0,0;-0,07;0,0;-0,08;0,0;0,0;0,0;0,0;0,0;0,0;0,0;0,0;0,0;0,0;0,0;-0,02;0,0;-0,01;0,0;0,0;0,0;-0,04;0,0;-0,01;0,0;-0,07;0,0;-0,17;-0,02;-0,01;0,0;-0,01;0,0;-0,01;0,0;-0,03;0,0;0,0;0,0;-0,02;0,0;-0,01;0,0;-0,02;0,0
08.08.2026;15:00;15:15;1,6;0,94;-0,2;0,0;-0,02;0,0;0,0;0,0;0,0;0,0;0,0;0,0;-0,03;0,0;-0,06;0,0;-0,01;0,0;0,0;0,0;-0,01;0,0;-0,01;0,0;-0,01;0,0;-0,02;0,0;-0,01;0,0;0,0;0,0;-0,03;0,0;-0,02;0,0;-0,08;0,0;-0,07;0,0;-0,01;0,0;-0,01;0,0;-0,01;0,0;-0,03;0,0;0,0;0,0;0,0;0,0;0,0;0,0;-0,02;0,0
08.08.2026;15:15;15:30;1,53;0,84;-0,22;0,0;-0,03;0,0;0,0;0,0;-0,01;0,0;-0,01;0,0;-0,03;0,0;-0,03;0,0;-0,01;0,0;0,0;0,0;0,0;0,0;0,0;0,0;-0,01;0,0;0,0;0,0;-0,03;0,0;0,0;0,0;-0,04;0,0;-0,01;0,0;-0,1;0,0;-0,07;0,0;0,0;0,0;-0,01;0,0;-0,01;0,0;-0,02;0,0;0,0;0,0;-0,02;0,0;-0,01;0,0;-0,02;0,0
08.08.2026;15:30;15:45;1,47;0,83;-0,17;0,0;-0,02;0,0;0,0;0,0;-0,02;0,0;0,0;0,0;-0,02;0,0;-0,04;0,0;-0,01;0,0;0,0;0,0;0,0;0,0;0,0;0,0;-0,02;0,0;0,0;0,0;-0,02;0,0;0,0;0,0;-0,03;0,0;-0,01;0,0;-0,09;0,0;-0,08;0,0;-0,02;0,0;-0,01;0,0;-0,01;0,0;-0,03;0,0;-0,01;0,0;0,0;0,0;0,0;0,0;-0,03;0,0
08.08.2026;15:45;16:00;1,36;0,68;-0,18;0,0;-0,01;0,0;0,0;0,0;-0,01;0,0;0,0;0,0;-0,03;0,0;-0,03;0,0;-0,01;0,0;0,0;0,0;0,0;0,0;0,0;0,0;-0,01;0,0;0,0;0,0;-0,03;0,0;0,0;0,0;-0,04;0,0;-0,03;0,0;-0,58;-0,45;-0,07;0,0;-0,01;0,0;0,0;0,0;-0,01;0,0;-0,04;0,0;0,0;0,0;-0,02;0,0;0,0;0,0;-0,02;0,0
08.08.2026;16:00;16:15;1,08;0,4;-0,19;0,0;-0,02;0,0;0,0;0,0;-0,02;0,0;-0,01;0,0;-0,03;0,0;-0,03;0,0;0,0;0,0;0,0;0,0;0,0;0,0;0,0;0,0;-0,01;0,0;-0,01;0,0;-0,02;0,0;0,0;0,0;-0,39;-0,31;-0,02;0,0;-0,22;-0,14;-0,08;0,0;-0,01;0,0;-0,01;0,0;0,0;0,0;-0,03;0,0;0,0;0,0;0,0;0,0;-0,01;0,0;-0,02;0,0
08.08.2026;16:15;16:30;0,04;0,04;-0,16;-0,16;-0,02;-0,02;0,0;0,0;0,0;0,0;0,0;0,0;-0,1;-0,1;-0,03;-0,03;-0,01;-0,01;0,0;0,0;0,0;0,0;0,0;0,0;0,0;0,0;0,0;0,0;-0,02;-0,02;-0,01;-0,01;-0,33;-0,33;-0,02;-0,02;-0,03;-0,03;-0,08;-0,08;-0,01;-0,01;-0,02;-0,02;-0,02;-0,02;-0,03;-0,03;0,0;0,0;-0,02;-0,02;0,0;0,0;-0,02;-0,02
08.08.2026;16:30;16:45;0,0;0,0;-0,19;-0,19;-0,03;-0,03;0,0;0,0;-0,01;-0,01;-0,01;-0,01;-0,02;-0,02;-0,03;-0,03;0,0;0,0;0,0;0,0;0,0;0,0;0,0;0,0;-0,01;-0,01;0,0;0,0;-0,03;-0,03;0,0;0,0;-0,09;-0,09;-0,03;-0,03;-0,04;-0,04;-0,06;-0,06;-0,01;-0,01;0,0;0,0;-0,01;-0,01;-0,03;-0,03;0,0;0,0;-0,01;-0,01;-0,01;-0,01;-0,02;-0,02
08.08.2026;16:45;17:00;0,46;0,19;-0,16;-0,06;-0,01;0,0;0,0;0,0;-0,02;-0,01;0,0;0,0;-0,02;-0,01;-0,03;-0,02;-0,01;0,0;0,0;0,0;0,0;0,0;0,0;0,0;-0,02;-0,01;0,0;0,0;-0,02;-0,01;0,0;0,0;-0,04;-0,03;-0,02;-0,01;-0,05;-0,04;-0,14;-0,13;-0,01;0,0;-0,01;0,0;-0,01;0,0;-0,02;-0,01;0,0;0,0;-0,01;0,0;0,0;0,0;-0,02;-0,01
08.08.2026;17:00;17:15;0,89;0,33;-0,24;-0,02;-0,01;0,0;0,0;0,0;-0,01;0,0;0,0;0,0;-0,01;0,0;-0,02;0,0;-0,01;0,0;0,0;0,0;0,0;0,0;0,0;0,0;-0,02;0,0;0,0;0,0;-0,02;0,0;0,0;0,0;-0,03;0,0;-0,02;0,0;-0,05;0,0;-0,12;-0,05;-0,01;0,0;-0,01;0,0;0,0;0,0;-0,01;0,0;0,0;0,0;-0,01;0,0;-0,01;0,0;-0,02;0,0
08.08.2026;17:15;17:30;0,77;0,31;-0,17;0,0;-0,03;0,0;0,0;0,0;-0,01;0,0;-0,01;0,0;-0,01;0,0;-0,01;0,0;0,0;0,0;0,0;0,0;0,0;0,0;0,0;0,0;0,0;0,0;0,0;0,0;-0,02;0,0;0,0;0,0;-0,04;0,0;-0,02;0,0;-0,02;0,0;-0,1;-0,04;0,0;0,0;-0,01;0,0;-0,01;0,0;-0,02;0,0;0,0;0,0;-0,01;0,0;0,0;0,0;-0,01;0,0
08.08.2026;17:30;17:45;0,67;0,21;-0,25;-0,12;-0,03;0,0;-0,01;0,0;-0,01;0,0;0,0;0,0;-0,01;0,0;-0,02;0,0;-0,01;0,0;0,0;0,0;-0,01;0,0;0,0;0,0;-0,01;0,0;0,0;0,0;-0,03;0,0;0,0;0,0;-0,05;-0,02;-0,03;0,0;-0,01;0,0;-0,07;-0,04;-0,02;0,0;0,0;0,0;-0,01;0,0;-0,01;0,0;-0,01;0,0;-0,01;0,0;-0,01;0,0;-0,02;0,0
08.08.2026;17:45;18:00;0,57;0,2;-0,16;-0,03;-0,02;0,0;0,0;0,0;-0,01;0,0;0,0;0,0;0,0;0,0;-0,02;0,0;-0,01;0,0;0,0;0,0;0,0;0,0;0,0;0,0;-0,01;0,0;0,0;0,0;-0,02;0,0;0,0;0,0;-0,04;-0,02;-0,02;0,0;-0,01;0,0;-0,06;-0,04;-0,01;0,0;-0,01;0,0;-0,01;0,0;-0,02;0,0;0,0;0,0;-0,01;0,0;0,0;0,0;-0,02;0,0
08.08.2026;18:00;18:15;0,47;0,19;-0,17;-0,08;-0,03;-0,02;0,0;0,0;-0,01;0,0;-0,01;0,0;-0,02;-0,01;-0,02;-0,01;-0,01;0,0;0,0;0,0;0,0;0,0;0,0;0,0;-0,02;-0,01;0,0;0,0;-0,02;-0,01;0,0;0,0;-0,04;-0,03;-0,01;0,0;-0,01;0,0;-0,06;-0,05;-0,01;0,0;-0,02;-0,01;-0,01;0,0;-0,17;-0,16;0,0;0,0;-0,01;0,0;-0,01;0,0;-0,03;-0,02
08.08.2026;18:15;18:30;0,38;0,17;-0,28;-0,21;-0,03;-0,02;0,0;0,0;-0,02;-0,01;0,0;0,0;0,0;0,0;-0,01;0,0;0,0;0,0;0,0;0,0;0,0;0,0;0,0;0,0;-0,01;0,0;0,0;0,0;-0,03;-0,02;0,0;0,0;-0,05;-0,04;-0,02;-0,01;-0,02;-0,01;-0,06;-0,05;-0,01;0,0;0,0;0,0;-0,01;0,0;-0,15;-0,14;0,0;0,0;-0,01;0,0;0,0;0,0;-0,02;-0,01
08.08.2026;18:30;18:45;0,29;0,11;-0,24;-0,22;-0,04;-0,03;0,0;0,0;-0,05;-0,04;-0,01;0,0;-0,01;0,0;-0,02;-0,01;-0,01;0,0;0,0;0,0;0,0;0,0;0,0;0,0;-0,01;0,0;0,0;0,0;-0,03;-0,02;0,0;0,0;-0,04;-0,03;-0,03;-0,02;0,0;0,0;-0,07;-0,06;0,0;0,0;-0,01;0,0;-0,01;0,0;-0,21;-0,2;0,0;0,0;-0,01;0,0;0,0;0,0;-0,02;-0,01
08.08.2026;18:45;19:00;0,23;0,17;-0,15;-0,09;-0,03;-0,03;0,0;0,0;-0,05;-0,05;0,0;0,0;-0,01;-0,01;-0,02;-0,02;-0,01;-0,01;0,0;0,0;0,0;0,0;0,0;0,0;0,0;0,0;0,0;0,0;-0,02;-0,02;-0,01;-0,01;-0,04;-0,04;-0,06;-0,06;-0,01;-0,01;-0,08;-0,08;-0,02;-0,02;-0,01;-0,01;-0,01;-0,01;-0,22;-0,22;0,0;0,0;-0,01;-0,01;-0,01;-0,01;-0,02;-0,02
08.08.2026;19:00;19:15;0,16;0,11;-0,17;-0,12;-0,03;-0,03;0,0;0,0;-0,06;-0,06;0,0;0,0;-0,01;-0,01;-0,02;-0,02;0,0;0,0;0,0;0,0;0,0;0,0;0,0;0,0;-0,01;-0,01;0,0;0,0;-0,01;-0,01;0,0;0,0;-0,01;-0,01;-0,07;-0,07;-0,01;-0,01;-0,26;-0,26;-0,01;-0,01;-0,01;-0,01;-0,01;-0,01;-0,2;-0,2;0,0;0,0;-0,02;-0,02;-0,01;-0,01;-0,01;-0,01
08.08.2026;19:15;19:30;0,11;0,11;-0,28;-0,28;-0,03;-0,03;0,0;0,0;-0,31;-0,31;-0,04;-0,04;-0,01;-0,01;-0,02;-0,02;-0,01;-0,01;0,0;0,0;0,0;0,0;0,0;0,0;-0,02;-0,02;-0,01;-0,01;-0,02;-0,02;0,0;0,0;-0,01;-0,01;-0,06;-0,06;-0,02;-0,02;-0,27;-0,27;0,0;0,0;-0,01;-0,01;-0,01;-0,01;-0,18;-0,18;0,0;0,0;0,0;0,0;0,0;0,0;-0,03;-0,03
08.08.2026;19:30;19:45;0,08;0,08;-0,19;-0,19;-0,03;-0,03;0,0;0,0;-0,23;-0,23;-0,09;-0,09;-0,02;-0,02;-0,02;-0,02;-0,01;-0,01;-0,01;-0,01;0,0;0,0;0,0;0,0;-0,02;-0,02;0,0;0,0;-0,01;-0,01;0,0;0,0;0,0;0,0;-0,06;-0,06;-0,02;-0,02;-0,12;-0,12;-0,02;-0,02;-0,01;-0,01;-0,01;-0,01;-0,24;-0,24;-0,01;-0,01;-0,02;-0,02;0,0;0,0;-0,02;-0,02
08.08.2026;19:45;20:00;0,04;0,04;-0,2;-0,2;-0,03;-0,03;0,0;0,0;-0,31;-0,31;-0,09;-0,09;-0,04;-0,04;-0,02;-0,02;0,0;0,0;0,0;0,0;0,0;0,0;0,0;0,0;0,0;0,0;0,0;0,0;-0,01;-0,01;0,0;0,0;-0,01;-0,01;-0,06;-0,06;-0,2;-0,2;-0,08;-0,08;-0,01;-0,01;-0,01;-0,01;-0,01;-0,01;-0,18;-0,18;0,0;0,0;0,0;0,0;-0,01;-0,01;-0,02;-0,02
08.08.2026;20:00;20:15;0,02;0,02;-0,21;-0,21;-0,05;-0,05;0,0;0,0;-0,18;-0,18;-0,08;-0,08;-0,04;-0,04;-0,02;-0,02;-0,01;-0,01;0,0;0,0;-0,01;-0,01;-0,01;-0,01;-0,01;-0,01;0,0;0,0;-0,01;-0,01;0,0;0,0;-0,02;-0,02;-0,06;-0,06;-0,59;-0,59;-0,07;-0,07;0,0;0,0;-0,01;-0,01;-0,01;-0,01;-0,21;-0,21;0,0;0,0;-0,02;-0,02;0,0;0,0;-0,03;-0,03
08.08.2026;20:15;20:30;0,0;0,0;-0,24;-0,24;-0,09;-0,09;0,0;0,0;-0,05;-0,05;-0,15;-0,15;-0,03;-0,03;-0,21;-0,21;-0,01;-0,01;0,0;0,0;0,0;0,0;0,0;0,0;0,0;0,0;0,0;0,0;-0,02;-0,02;0,0;0,0;-0,04;-0,04;-0,06;-0,06;-0,2;-0,2;-0,03;-0,03;-0,02;-0,02;0,0;0,0;-0,01;-0,01;-0,19;-0,19;0,0;0,0;-0,01;-0,01;-0,01;-0,01;-0,02;-0,02
08.08.2026;20:30;20:45;0,0;0,0;-0,19;-0,19;-0,26;-0,26;0,0;0,0;-0,04;-0,04;-0,11;-0,11;-0,04;-0,04;-0,18;-0,18;0,0;0,0;0,0;0,0;0,0;0,0;0,0;0,0;-0,02;-0,02;0,0;0,0;-0,01;-0,01;0,0;0,0;-0,03;-0,03;-0,06;-0,06;-0,23;-0,23;-0,03;-0,03;0,0;0,0;-0,01;-0,01;-0,01;-0,01;-0,18;-0,18;0,0;0,0;-0,01;-0,01;0,0;0,0;-0,04;-0,04
08.08.2026;20:45;21:00;0,0;0,0;-0,18;-0,18;-0,18;-0,18;0,0;0,0;-0,04;-0,04;-0,12;-0,12;-0,04;-0,04;-0,06;-0,06;-0,01;-0,01;0,0;0,0;0,0;0,0;0,0;0,0;-0,02;-0,02;0,0;0,0;-0,01;-0,01;0,0;0,0;-0,04;-0,04;-0,06;-0,06;-0,82;-0,82;-0,04;-0,04;-0,01;-0,01;-0,02;-0,02;-0,01;-0,01;-0,21;-0,21;0,0;0,0;-0,01;-0,01;-0,01;-0,01;-0,04;-0,04
08.08.2026;21:00;21:15;0,0;0,0;-0,17;-0,17;-0,07;-0,07;-0,01;-0,01;-0,05;-0,05;-0,12;-0,12;-0,08;-0,08;-0,02;-0,02;-0,01;-0,01;0,0;0,0;0,0;0,0;0,0;0,0;0,0;0,0;0,0;0,0;-0,02;-0,02;0,0;0,0;-0,02;-0,02;-0,07;-0,07;-0,36;-0,36;-0,03;-0,03;-0,02;-0,02;0,0;0,0;-0,01;-0,01;-0,17;-0,17;0,0;0,0;-0,01;-0,01;0,0;0,0;-0,05;-0,05
08.08.2026;21:15;21:30;0,0;0,0;-0,21;-0,21;-0,14;-0,14;0,0;0,0;-0,05;-0,05;-0,1;-0,1;-0,05;-0,05;-0,04;-0,04;-0,01;-0,01;0,0;0,0;0,0;0,0;0,0;0,0;-0,01;-0,01;0,0;0,0;-0,01;-0,01;-0,01;-0,01;-0,02;-0,02;-0,06;-0,06;-0,05;-0,05;-0,04;-0,04;0,0;0,0;-0,01;-0,01;-0,01;-0,01;-0,09;-0,09;0,0;0,0;-0,01;-0,01;-0,01;-0,01;-0,04;-0,04
08.08.2026;21:30;21:45;0,0;0,0;-0,17;-0,17;-0,11;-0,11;0,0;0,0;-0,05;-0,05;-0,11;-0,11;-0,05;-0,05;-0,05;-0,05;0,0;0,0;0,0;0,0;0,0;0,0;0,0;0,0;0,0;0,0;0,0;0,0;-0,01;-0,01;0,0;0,0;-0,02;-0,02;-0,06;-0,06;-0,06;-0,06;-0,04;-0,04;-0,01;-0,01;-0,01;-0,01;-0,01;-0,01;-0,13;-0,13;-0,01;-0,01;-0,01;-0,01;0,0;0,0;-0,03;-0,03
08.08.2026;21:45;22:00;0,0;0,0;-0,2;-0,2;-0,22;-0,22;0,0;0,0;-0,05;-0,05;-0,13;-0,13;-0,05;-0,05;-0,05;-0,05;-0,01;-0,01;0,0;0,0;0,0;0,0;0,0;0,0;-0,03;-0,03;0,0;0,0;-0,01;-0,01;0,0;0,0;-0,08;-0,08;-0,05;-0,05;-0,05;-0,05;-0,04;-0,04;-0,01;-0,01;-0,01;-0,01;-0,01;-0,01;-0,12;-0,12;0,0;0,0;-0,01;-0,01;0,0;0,0;-0,03;-0,03
08.08.2026;22:00;22:15;0,0;0,0;-0,17;-0,17;-0,09;-0,09;0,0;0,0;-0,06;-0,06;-0,14;-0,14;-0,05;-0,05;-0,03;-0,03;0,0;0,0;0,0;0,0;0,0;0,0;0,0;0,0;-0,01;-0,01;0,0;0,0;-0,02;-0,02;0,0;0,0;-0,02;-0,02;-0,05;-0,05;-0,01;-0,01;-0,03;-0,03;-0,01;-0,01;-0,01;-0,01;-0,01;-0,01;-0,13;-0,13;0,0;0,0;-0,01;-0,01;-0,01;-0,01;-0,01;-0,01
08.08.2026;22:15;22:30;0,0;0,0;-0,16;-0,16;-0,05;-0,05;0,0;0,0;-0,04;-0,04;-0,16;-0,16;-0,05;-0,05;-0,05;-0,05;-0,01;-0,01;0,0;0,0;0,0;0,0;0,0;0,0;-0,01;-0,01;0,0;0,0;-0,02;-0,02;0,0;0,0;-0,03;-0,03;-0,05;-0,05;-0,02;-0,02;-0,02;-0,02;-0,01;-0,01;-0,01;-0,01;-0,01;-0,01;-0,12;-0,12;0,0;0,0;-0,01;-0,01;-0,01;-0,01;-0,03;-0,03
08.08.2026;22:30;22:45;0,0;0,0;-0,16;-0,16;-0,05;-0,05;0,0;0,0;-0,03;-0,03;-0,15;-0,15;-0,05;-0,05;-0,02;-0,02;-0,01;-0,01;0,0;0,0;-0,01;-0,01;0,0;0,0;0,0;0,0;-0,01;-0,01;-0,02;-0,02;0,0;0,0;-0,02;-0,02;-0,04;-0,04;-0,01;-0,01;-0,03;-0,03;-0,01;-0,01;-0,01;-0,01;-0,01;-0,01;-0,07;-0,07;0,0;0,0;-0,01;-0,01;0,0;0,0;-0,03;-0,03
08.08.2026;22:45;23:00;0,0;0,0;-0,16;-0,16;-0,1;-0,1;0,0;0,0;-0,02;-0,02;-0,16;-0,16;-0,05;-0,05;-0,02;-0,02;0,0;0,0;0,0;0,0;0,0;0,0;0,0;0,0;-0,01;-0,01;0,0;0,0;-0,02;-0,02;0,0;0,0;-0,03;-0,03;-0,04;-0,04;-0,02;-0,02;-0,03;-0,03;-0,01;-0,01;-0,01;-0,01;-0,01;-0,01;-0,05;-0,05;0,0;0,0;-0,02;-0,02;0,0;0,0;-0,02;-0,02
08.08.2026;23:00;23:15;0,0;0,0;-0,18;-0,18;-0,37;-0,37;0,0;0,0;-0,01;-0,01;-0,14;-0,14;-0,05;-0,05;-0,01;-0,01;-0,01;-0,01;0,0;0,0;0,0;0,0;0,0;0,0;-0,02;-0,02;0,0;0,0;-0,01;-0,01;0,0;0,0;-0,02;-0,02;-0,04;-0,04;-0,01;-0,01;-0,02;-0,02;-0,01;-0,01;0,0;0,0;-0,02;-0,02;-0,05;-0,05;0,0;0,0;0,0;0,0;-0,01;-0,01;-0,03;-0,03
08.08.2026;23:15;23:30;0,0;0,0;-0,18;-0,18;-0,54;-0,54;0,0;0,0;-0,02;-0,02;-0,15;-0,15;-0,02;-0,02;-0,02;-0,02;-0,01;-0,01;0,0;0,0;0,0;0,0;0,0;0,0;-0,02;-0,02;0,0;0,0;-0,01;-0,01;0,0;0,0;-0,03;-0,03;-0,03;-0,03;-0,01;-0,01;-0,03;-0,03;-0,01;-0,01;-0,01;-0,01;-0,01;-0,01;-0,05;-0,05;0,0;0,0;-0,02;-0,02;-0,01;-0,01;-0,01;-0,01
08.08.2026;23:30;23:45;0,0;0,0;-0,17;-0,17;-0,39;-0,39;0,0;0,0;-0,02;-0,02;-0,12;-0,12;-0,02;-0,02;-0,02;-0,02;-0,01;-0,01;0,0;0,0;0,0;0,0;0,0;0,0;0,0;0,0;0,0;0,0;-0,02;-0,02;0,0;0,0;-0,01;-0,01;-0,03;-0,03;-0,01;-0,01;-0,03;-0,03;-0,01;-0,01;-0,02;-0,02;-0,01;-0,01;-0,02;-0,02;-0,01;-0,01;0,0;0,0;0,0;0,0;-0,02;-0,02
08.08.2026;23:45;00:00;0,0;0,0;-0,2;-0,2;-0,54;-0,54;0,0;0,0;-0,01;-0,01;-0,13;-0,13;-0,01;-0,01;-0,1;-0,1;0,0;0,0;0,0;0,0;0,0;0,0;0,0;0,0;-0,01;-0,01;0,0;0,0;-0,01;-0,01;-0,01;-0,01;-0,01;-0,01;-0,03;-0,03;-0,02;-0,02;-0,03;-0,03;-0,01;-0,01;0,0;0,0;-0,01;-0,01;-0,02;-0,02;0,0;0,0;-0,02;-0,02;0,0;0,0;-0,02;-0,02
09.08.2026;00:00;00:15;0,0;0,0;-0,16;-0,16;-0,32;-0,32;0,0;0,0;-0,02;-0,02;-0,13;-0,13;-0,02;-0,02;-0,03;-0,03;-0,01;-0,01;0,0;0,0;0,0;0,0;0,0;0,0;0,0;0,0;0,0;0,0;-0,01;-0,01;0,0;0,0;-0,02;-0,02;-0,02;-0,02;-0,01;-0,01;-0,05;-0,05;-0,01;-0,01;-0,01;-0,01;-0,01;-0,01;-0,02;-0,02;0,0;0,0;0,0;0,0;-0,01;-0,01;-0,02;-0,02
09.08.2026;00:15;00:30;0,0;0,0;-0,18;-0,18;-0,07;-0,07;-0,01;-0,01;-0,02;-0,02;-0,11;-0,11;-0,02;-0,02;-0,04;-0,04;-0,01;-0,01;0,0;0,0;0,0;0,0;0,0;0,0;-0,02;-0,02;0,0;0,0;-0,01;-0,01;0,0;0,0;-0,01;-0,01;-0,02;-0,02;-0,01;-0,01;-0,04;-0,04;-0,01;-0,01;-0,01;-0,01;-0,01;-0,01;-0,01;-0,01;0,0;0,0;-0,02;-0,02;0,0;0,0;-0,02;-0,02
09.08.2026;00:30;00:45;0,0;0,0;-0,16;-0,16;-0,08;-0,08;0,0;0,0;-0,01;-0,01;-0,11;-0,11;0,0;0,0;-0,04;-0,04;0,0;0,0;-0,01;-0,01;0,0;0,0;0,0;0,0;-0,02;-0,02;0,0;0,0;-0,01;-0,01;0,0;0,0;-0,01;-0,01;-0,03;-0,03;-0,01;-0,01;-0,01;-0,01;-0,01;-0,01;-0,01;-0,01;-0,01;-0,01;-0,02;-0,02;0,0;0,0;-0,01;-0,01;-0,01;-0,01;-0,03;-0,03
09.08.2026;00:45;01:00;0,0;0,0;-0,16;-0,16;-0,04;-0,04;0,0;0,0;0,0;0,0;-0,11;-0,11;-0,02;-0,02;-0,03;-0,03;-0,01;-0,01;0,0;0,0;0,0;0,0;0,0;0,0;-0,01;-0,01;0,0;0,0;-0,01;-0,01;0,0;0,0;-0,01;-0,01;-0,02;-0,02;-0,02;-0,02;-0,02;-0,02;-0,01;-0,01;-0,01;-0,01;-0,12;-0,12;-0,01;-0,01;0,0;0,0;-0,01;-0,01;0,0;0,0;-0,02;-0,02
09.08.2026;01:00;01:15;0,0;0,0;-0,17;-0,17;-0,05;-0,05;0,0;0,0;-0,02;-0,02;-0,1;-0,1;-0,01;-0,01;-0,03;-0,03;-0,01;-0,01;0,0;0,0;-0,01;-0,01;-0,01;-0,01;0,0;0,0;0,0;0,0;-0,02;-0,02;0,0;0,0;-0,02;-0,02;-0,02;-0,02;-0,01;-0,01;-0,01;-0,01;-0,01;-0,01;-0,01;-0,01;-0,12;-0,12;-0,02;-0,02;0,0;0,0;-0,01;-0,01;-0,01;-0,01;-0,01;-0,01
09.08.2026;01:15;01:30;0,0;0,0;-0,18;-0,18;-0,09;-0,09;0,0;0,0;-0,01;-0,01;-0,1;-0,1;-0,01;-0,01;-0,02;-0,02;0,0;0,0;0,0;0,0;0,0;0,0;0,0;0,0;-0,01;-0,01;0,0;0,0;-0,01;-0,01;0,0;0,0;-0,02;-0,02;-0,02;-0,02;-0,01;-0,01;0,0;0,0;0,0;0,0;-0,01;-0,01;-0,01;-0,01;-0,02;-0,02;0,0;0,0;-0,01;-0,01;0,0;0,0;-0,02;-0,02
09.08.2026;01:30;01:45;0,0;0,0;-0,18;-0,18;-0,45;-0,45;0,0;0,0;-0,02;-0,02;-0,09;-0,09;-0,01;-0,01;-0,02;-0,02;-0,01;-0,01;0,0;0,0;0,0;0,0;0,0;0,0;-0,01;-0,01;0,0;0,0;-0,01;-0,01;0,0;0,0;-0,03;-0,03;-0,03;-0,03;-0,01;-0,01;-0,02;-0,02;-0,02;-0,02;0,0;0,0;-0,02;-0,02;-0,01;-0,01;-0,01;-0,01;-0,01;-0,01;-0,01;-0,01;-0,02;-0,02
09.08.2026;01:45;02:00;0,0;0,0;-0,17;-0,17;-0,04;-0,04;0,0;0,0;-0,01;-0,01;-0,1;-0,1;-0,01;-0,01;-0,02;-0,02;0,0;0,0;0,0;0,0;0,0;0,0;0,0;0,0;-0,02;-0,02;0,0;0,0;-0,01;-0,01;0,0;0,0;-0,02;-0,02;-0,02;-0,02;-0,02;-0,02;-0,01;-0,01;0,0;0,0;-0,01;-0,01;-0,01;-0,01;-0,02;-0,02;0,0;0,0;-0,01;-0,01;0,0;0,0;-0,02;-0,02
09.08.2026;02:00;02:15;0,0;0,0;-0,17;-0,17;-0,03;-0,03;0,0;0,0;-0,02;-0,02;-0,03;-0,03;-0,01;-0,01;-0,02;-0,02;-0,01;-0,01;0,0;0,0;0,0;0,0;0,0;0,0;-0,01;-0,01;-0,01;-0,01;-0,01;-0,01;0,0;0,0;-0,03;-0,03;-0,02;-0,02;0,0;0,0;-0,01;-0,01;-0,01;-0,01;-0,01;-0,01;-0,01;-0,01;-0,02;-0,02;0,0;0,0;-0,01;-0,01;0,0;0,0;-0,03;-0,03
09.08.2026;02:15;02:30;0,0;0,0;-0,16;-0,16;-0,03;-0,03;0,0;0,0;-0,02;-0,02;0,0;0,0;-0,01;-0,01;-0,02;-0,02;-0,01;-0,01;0,0;0,0;0,0;0,0;0,0;0,0;-0,01;-0,01;0,0;0,0;-0,01;-0,01;-0,01;-0,01;-0,02;-0,02;-0,01;-0,01;-0,02;-0,02;0,0;0,0;-0,01;-0,01;-0,01;-0,01;-0,01;-0,01;-0,01;-0,01;0,0;0,0;-0,01;-0,01;-0,01;-0,01;-0,02;-0,02
09.08.2026;02:30;02:45;0,0;0,0;-0,33;-0,33;-0,03;-0,03;0,0;0,0;-0,01;-0,01;-0,01;-0,01;-0,01;-0,01;-0,02;-0,02;-0,01;-0,01;0,0;0,0;0,0;0,0;0,0;0,0;0,0;0,0;0,0;0,0;-0,01;-0,01;0,0;0,0;-0,02;-0,02;-0,01;-0,01;-0,01;-0,01;-0,01;-0,01;-0,01;-0,01;-0,01;-0,01;-0,01;-0,01;-0,02;-0,02;0,0;0,0;-0,01;-0,01;0,0;0,0;-0,02;-0,02
09.08.2026;02:45;03:00;0,0;0,0;-0,3;-0,3;-0,03;-0,03;0,0;0,0;-0,01;-0,01;0,0;0,0;-0,01;-0,01;-0,02;-0,02;-0,01;-0,01;0,0;0,0;0,0;0,0;0,0;0,0;-0,01;-0,01;0,0;0,0;-0,01;-0,01;0,0;0,0;-0,02;-0,02;-0,01;-0,01;-0,01;-0,01;-0,01;-0,01;-0,01;-0,01;-0,01;-0,01;-0,01;-0,01;-0,01;-0,01;0,0;0,0;-0,01;-0,01;-0,01;-0,01;-0,01;-0,01
09.08.2026;03:00;03:15;0,0;0,0;-0,17;-0,17;-0,01;-0,01;0,0;0,0;-0,02;-0,02;0,0;0,0;-0,01;-0,01;-0,02;-0,02;0,0;0,0;0,0;0,0;0,0;0,0;0,0;0,0;-0,01;-0,01;0,0;0,0;-0,02;-0,02;0,0;0,0;-0,01;-0,01;-0,02;-0,02;-0,01;-0,01;-0,01;-0,01;-0,01;-0,01;-0,01;-0,01;-0,01;-0,01;-0,02;-0,02;0,0;0,0;-0,01;-0,01;0,0;0,0;-0,02;-0,02
09.08.2026;03:15;03:30;0,0;0,0;-0,16;-0,16;-0,02;-0,02;0,0;0,0;-0,02;-0,02;-0,01;-0,01;-0,01;-0,01;-0,02;-0,02;0,0;0,0;0,0;0,0;0,0;0,0;0,0;0,0;-0,02;-0,02;0,0;0,0;0,0;0,0;0,0;0,0;-0,01;-0,01;-0,02;-0,02;-0,01;-0,01;0,0;0,0;0,0;0,0;-0,01;-0,01;-0,01;-0,01;-0,02;-0,02;0,0;0,0;-0,04;-0,04;-0,01;-0,01;-0,02;-0,02
09.08.2026;03:30;03:45;0,0;0,0;-0,18;-0,18;-0,02;-0,02;-0,01;-0,01;-0,01;-0,01;0,0;0,0;-0,01;-0,01;-0,01;-0,01;-0,01;-0,01;0,0;0,0;-0,01;-0,01;0,0;0,0;-0,01;-0,01;0,0;0,0;-0,02;-0,02;0,0;0,0;-0,01;-0,01;-0,02;-0,02;-0,02;-0,02;-0,01;-0,01;-0,02;-0,02;0,0;0,0;-0,04;-0,04;-0,01;-0,01;-0,01;-0,01;-0,02;-0,02;0,0;0,0;-0,03;-0,03
09.08.2026;03:45;04:00;0,0;0,0;-0,23;-0,23;-0,03;-0,03;0,0;0,0;-0,04;-0,04;-0,01;-0,01;-0,01;-0,01;-0,02;-0,02;0,0;0,0;0,0;0,0;0,0;0,0;0,0;0,0;-0,01;-0,01;0,0;0,0;-0,02;-0,02;0,0;0,0;-0,02;-0,02;-0,02;-0,02;0,0;0,0;-0,01;-0,01;-0,01;-0,01;-0,02;-0,02;-0,08;-0,08;-0,02;-0,02;0,0;0,0;-0,02;-0,02;0,0;0,0;-0,02;-0,02
09.08.2026;04:00;04:15;0,0;0,0;-0,32;-0,32;-0,02;-0,02;0,0;0,0;-0,04;-0,04;0,0;0,0;-0,01;-0,01;-0,02;-0,02;-0,01;-0,01;0,0;0,0;0,0;0,0;0,0;0,0;0,0;0,0;0,0;0,0;-0,02;-0,02;0,0;0,0;-0,01;-0,01;-0,03;-0,03;-0,02;-0,02;-0,01;-0,01;0,0;0,0;0,0;0,0;-0,07;-0,07;-0,01;-0,01;0,0;0,0;-0,01;-0,01;-0,01;-0,01;-0,02;-0,02
09.08.2026;04:15;04:30;0,0;0,0;-0,34;-0,34;-0,01;-0,01;0,0;0,0;-0,02;-0,02;0,0;0,0;0,0;0,0;-0,01;-0,01;-0,01;-0,01;0,0;0,0;0,0;0,0;0,0;0,0;-0,01;-0,01;0,0;0,0;-0,03;-0,03;0,0;0,0;-0,01;-0,01;-0,02;-0,02;-0,01;-0,01;-0,01;-0,01;-0,02;-0,02;-0,01;-0,01;-0,06;-0,06;-0,02;-0,02;0,0;0,0;-0,02;-0,02;-0,01;-0,01;-0,01;-0,01
09.08.2026;04:30;04:45;0,0;0,0;-0,17;-0,17;-0,03;-0,03;0,0;0,0;-0,02;-0,02;-0,01;-0,01;-0,01;-0,01;-0,05;-0,05;-0,01;-0,01;0,0;0,0;0,0;0,0;0,0;0,0;-0,02;-0,02;0,0;0,0;-0,01;-0,01;0,0;0,0;-0,03;-0,03;-0,02;-0,02;-0,01;-0,01;0,0;0,0;0,0;0,0;-0,01;-0,01;-0,04;-0,04;-0,01;-0,01;0,0;0,0;0,0;0,0;0,0;0,0;-0,02;-0,02
09.08.2026;04:45;05:00;0,0;0,0;-0,22;-0,22;-0,02;-0,02;0,0;0,0;-0,02;-0,02;0,0;0,0;-0,01;-0,01;-0,15;-0,15;0,0;0,0;0,0;0,0;0,0;0,0;0,0;0,0;-0,02;-0,02;0,0;0,0;-0,02;-0,02;-0,01;-0,01;-0,02;-0,02;-0,02;-0,02;-0,01;-0,01;-0,01;-0,01;-0,01;-0,01;-0,01;-0,01;-0,02;-0,02;-0,02;-0,02;0,0;0,0;-0,02;-0,02;0,0;0,0;-0,02;-0,02
09.08.2026;05:00;05:15;0,0;0,0;-0,19;-0,19;-0,03;-0,03;0,0;0,0;-0,02;-0,02;-0,01;-0,01;-0,01;-0,01;-0,15;-0,15;-0,01;-0,01;0,0;0,0;0,0;0,0;0,0;0,0;0,0;0,0;0,0;0,0;-0,02;-0,02;0,0;0,0;-0,02;-0,02;-0,01;-0,01;-0,02;-0,02;-0,01;-0,01;-0,01;-0,01;-0,01;-0,01;-0,01;-0,01;-0,01;-0,01;0,0;0,0;-0,01;-0,01;-0,01;-0,01;-0,02;-0,02
09.08.2026;05:15;05:30;0,0;0,0;-0,16;-0,16;-0,01;-0,01;0,0;0,0;-0,01;-0,01;0,0;0,0;-0,01;-0,01;-0,12;-0,12;-0,01;-0,01;0,0;0,0;0,0;0,0;0,0;0,0;-0,01;-0,01;-0,01;-0,01;-0,01;-0,01;0,0;0,0;-0,03;-0,03;-0,02;-0,02;0,0;0,0;-0,01;-0,01;-0,01;-0,01;0,0;0,0;-0,01;-0,01;-0,02;-0,02;0,0;0,0;-0,01;-0,01;-0,01;-0,01;-0,03;-0,03
09.08.2026;05:30;05:45;0,0;0,0;-0,17;-0,17;-0,01;-0,01;0,0;0,0;-0,01;-0,01;0,0;0,0;-0,01;-0,01;-0,12;-0,12;-0,01;-0,01;-0,01;-0,01;0,0;0,0;0,0;0,0;0,0;0,0;0,0;0,0;-0,02;-0,02;0,0;0,0;-0,02;-0,02;-0,11;-0,11;-0,02;-0,02;0,0;0,0;-0,01;-0,01;-0,02;-0,02;0,0;0,0;-0,01;-0,01;-0,01;-0,01;-0,01;-0,01;0,0;0,0;-0,02;-0,02
09.08.2026;05:45;06:00;0,0;0,0;-0,17;-0,17;-0,03;-0,03;0,0;0,0;-0,01;-0,01;-0,01;-0,01;-0,01;-0,01;-0,12;-0,12;0,0;0,0;0,0;0,0;0,0;0,0;0,0;0,0;-0,02;-0,02;0,0;0,0;-0,01;-0,01;0,0;0,0;-0,03;-0,03;-0,01;-0,01;-0,01;-0,01;-0,01;-0,01;-0,01;-0,01;0,0;0,0;-0,01;-0,01;-0,02;-0,02;0,0;0,0;-0,01;-0,01;0,0;0,0;-0,01;-0,01
09.08.2026;06:00;06:15;0,01;0,01;-0,24;-0,24;-0,03;-0,03;0,0;0,0;-0,02;-0,02;0,0;0,0;-0,01;-0,01;-0,13;-0,13;-0,01;-0,01;0,0;0,0;-0,01;-0,01;-0,01;-0,01;-0,02;-0,02;0,0;0,0;-0,01;-0,01;0,0;0,0;-0,01;-0,01;-0,05;-0,05;-0,01;-0,01;-0,01;-0,01;-0,01;-0,01;-0,01;-0,01;-0,01;-0,01;-0,01;-0,01;0,0;0,0;-0,01;-0,01;-0,01;-0,01;-0,02;-0,02
09.08.2026;06:15;06:30;0,05;0,05;-0,19;-0,19;-0,01;-0,01;0,0;0,0;-0,01;-0,01;-0,01;-0,01;-0,01;-0,01;-0,14;-0,14;-0,01;-0,01;0,0;0,0;0,0;0,0;0,0;0,0;-0,01;-0,01;0,0;0,0;-0,02;-0,02;0,0;0,0;-0,02;-0,02;-0,21;-0,21;-0,01;-0,01;-0,02;-0,02;-0,01;-0,01;-0,01;-0,01;-0,01;-0,01;-0,02;-0,02;0,0;0,0;-0,01;-0,01;0,0;0,0;-0,02;-0,02
09.08.2026;06:30;06:45;0,1;0,1;-0,16;-0,16;-0,02;-0,02;0,0;0,0;-0,02;-0,02;0,0;0,0;-0,01;-0,01;-0,06;-0,06;0,0;0,0;0,0;0,0;0,0;0,0;0,0;0,0;0,0;0,0;0,0;0,0;-0,01;-0,01;0,0;0,0;-0,01;-0,01;-0,12;-0,12;-0,01;-0,01;0,0;0,0;-0,01;-0,01;-0,01;-0,01;-0,01;-0,01;-0,01;-0,01;0,0;0,0;-0,01;-0,01;-0,01;-0,01;-0,02;-0,02
09.08.2026;06:45;07:00;0,16;0,11;-0,19;-0,14;-0,03;-0,03;0,0;0,0;-0,01;-0,01;0,0;0,0;-0,01;-0,01;-0,03;-0,03;-0,01;-0,01;0,0;0,0;0,0;0,0;0,0;0,0;-0,01;-0,01;0,0;0,0;-0,01;-0,01;0,0;0,0;-0,02;-0,02;-0,06;-0,06;-0,01;-0,01;-0,01;-0,01;-0,01;-0,01;0,0;0,0;-0,01;-0,01;-0,02;-0,02;0,0;0,0;-0,01;-0,01;0,0;0,0;-0,24;-0,24
09.08.2026;07:00;07:15;0,22;0,17;-0,2;-0,15;-0,15;-0,15;-0,01;-0,01;-0,01;-0,01;-0,01;-0,01;0,0;0,0;-0,02;-0,02;0,0;0,0;0,0;0,0;0,0;0,0;0,0;0,0;0,0;0,0;0,0;0,0;-0,02;-0,02;0,0;0,0;-0,01;-0,01;-0,07;-0,07;-0,01;-0,01;0,0;0,0;-0,01;-0,01;-0,02;-0,02;-0,01;-0,01;-0,01;-0,01;0,0;0,0;-0,01;-0,01;0,0;0,0;-0,18;-0,18
09.08.2026;07:15;07:30;0,31;0,11;-0,19;-0,17;-0,07;-0,06;0,0;0,0;-0,01;0,0;-0,02;-0,01;-0,01;0,0;-0,03;-0,02;-0,01;0,0;0,0;0,0;0,0;0,0;0,0;0,0;-0,02;-0,01;0,0;0,0;0,0;0,0;-0,01;0,0;-0,02;-0,01;-0,07;-0,06;-0,02;-0,01;-0,01;0,0;0,0;0,0;-0,01;0,0;-0,01;0,0;-0,01;0,0;0,0;0,0;-0,01;0,0;-0,01;0,0;-0,06;-0,05
09.08.2026;07:30;07:45;0,43;0,18;-0,19;-0,12;-0,19;-0,18;0,0;0,0;-0,06;-0,05;-0,01;0,0;-0,01;0,0;-0,02;-0,01;-0,01;0,0;0,0;0,0;0,0;0,0;0,0;0,0;-0,02;-0,01;0,0;0,0;-0,02;-0,01;0,0;0,0;-0,01;0,0;-0,08;-0,07;-0,01;0,0;-0,01;0,0;-0,02;-0,01;0,0;0,0;0,0;0,0;-0,02;-0,01;-0,01;0,0;-0,01;0,0;-0,01;0,0;-0,06;-0,05
09.08.2026;07:45;08:00;0,5;0,2;-0,16;-0,06;-0,04;-0,02;0,0;0,0;-0,37;-0,35;-0,01;0,0;-0,01;0,0;-0,02;0,0;0,0;0,0;0,0;0,0;0,0;0,0;0,0;0,0;0,0;0,0;0,0;0,0;-0,01;0,0;0,0;0,0;-0,02;0,0;-0,05;-0,03;-0,01;0,0;0,0;0,0;-0,01;0,0;-0,01;0,0;-0,01;0,0;-0,01;0,0;0,0;0,0;0,0;0,0;0,0;0,0;-0,05;-0,03
09.08.2026;08:00;08:15;0,7;0,23;-0,17;-0,02;-0,05;-0,01;0,0;0,0;-0,05;-0,01;0,0;0,0;-0,01;0,0;-0,01;0,0;-0,01;0,0;0,0;0,0;0,0;0,0;0,0;0,0;-0,01;0,0;0,0;0,0;-0,01;0,0;0,0;0,0;-0,03;0,0;-0,06;-0,02;-0,01;0,0;-0,01;0,0;0,0;0,0;-0,01;0,0;-0,01;0,0;-0,02;0,0;0,0;0,0;-0,02;0,0;0,0;0,0;-0,04;0,0
09.08.2026;08:15;08:30;0,83;0,25;-0,18;0,0;-0,06;-0,01;0,0;0,0;-0,04;0,0;0,0;0,0;-0,02;0,0;-0,01;0,0;-0,01;0,0;0,0;0,0;0,0;0,0;0,0;0,0;-0,01;0,0;0,0;0,0;-0,02;0,0;0,0;0,0;-0,02;0,0;-0,05;0,0;-0,01;0,0;-0,02;0,0;-0,02;0,0;-0,01;0,0;-0,02;0,0;-0,02;0,0;0,0;0,0;-0,01;0,0;-0,01;0,0;-0,05;0,0
09.08.2026;08:30;08:45;0,95;0,33;-0,2;0,0;-0,05;0,0;0,0;0,0;-0,08;-0,01;-0,01;0,0;-0,01;0,0;-0,02;0,0;-0,01;0,0;0,0;0,0;-0,01;0,0;0,0;0,0;-0,01;0,0;-0,01;0,0;0,0;0,0;0,0;0,0;-0,03;0,0;-0,07;0,0;-0,03;0,0;-0,01;0,0;0,0;0,0;0,0;0,0;0,0;0,0;-0,02;0,0;0,0;0,0;-0,01;0,0;-0,01;0,0;-0,04;0,0
09.08.2026;08:45;09:00;1,03;0,36;-0,25;-0,01;-0,06;0,0;0,0;0,0;-0,04;0,0;0,0;0,0;-0,01;0,0;-0,01;0,0;0,0;0,0;0,0;0,0;0,0;0,0;0,0;0,0;-0,02;0,0;0,0;0,0;-0,02;0,0;0,0;0,0;-0,02;0,0;-0,07;0,0;-0,05;0,0;-0,01;0,0;-0,01;0,0;-0,02;0,0;-0,01;0,0;-0,02;0,0;0,0;0,0;-0,01;0,0;0,0;0,0;-0,05;0,0
09.08.2026;09:00;09:15;1,12;0,5;-0,19;0,0;-0,05;0,0;0,0;0,0;-0,06;0,0;0,0;0,0;-0,01;0,0;-0,02;0,0;-0,01;0,0;0,0;0,0;0,0;0,0;0,0;0,0;-0,01;0,0;0,0;0,0;-0,01;0,0;0,0;0,0;-0,03;0,0;-0,07;0,0;-0,06;0,0;0,0;0,0;-0,02;0,0;0,0;0,0;-0,01;0,0;-0,02;0,0;0,0;0,0;-0,01;0,0;0,0;0,0;-0,04;0,0
09.08.2026;09:15;09:30;1,2;0,48;-0,33;-0,03;-0,09;0,0;0,0;0,0;-0,02;0,0;-0,02;0,0;-0,01;0,0;-0,02;0,0;-0,01;0,0;0,0;0,0;0,0;0,0;0,0;0,0;0,0;0,0;0,0;0,0;-0,01;0,0;0,0;0,0;-0,02;0,0;-0,07;0,0;-0,05;0,0;-0,01;0,0;0,0;0,0;-0,01;0,0;-0,02;0,0;-0,02;0,0;0,0;0,0;-0,01;0,0;-0,01;0,0;-0,02;0,0
09.08.2026;09:30;09:45;1,32;0,64;-0,19;0,0;-0,02;0,0;0,0;0,0;-0,04;0,0;-0,03;0,0;-0,01;0,0;-0,02;0,0;0,0;0,0;0,0;0,0;0,0;0,0;0,0;0,0;-0,01;0,0;0,0;0,0;-0,02;0,0;0,0;0,0;-0,02;0,0;-0,06;0,0;-0,05;0,0;-0,02;0,0;-0,01;0,0;-0,01;0,0;-0,01;0,0;-0,38;-0,26;-0,01;0,0;-0,01;0,0;0,0;0,0;-0,02;0,0
09.08.2026;09:45;10:00;0,99;0,32;-0,19;0,0;-0,02;0,0;0,0;0,0;-0,02;0,0;-0,06;0,0;0,0;0,0;-0,03;0,0;-0,01;0,0;0,0;0,0;0,0;0,0;0,0;0,0;-0,01;0,0;0,0;0,0;-0,01;0,0;-0,01;0,0;-0,01;0,0;-0,06;0,0;-0,09;-0,02;-0,01;0,0;-0,01;0,0;-0,01;0,0;-0,04;0,0;-0,06;0,0;0,0;0,0;-0,01;0,0;-0,01;0,0;-0,02;0,0
09.08.2026;10:00;10:15;0,04;0,04;-0,19;-0,19;-0,03;-0,03;0,0;0,0;-0,02;-0,02;-0,05;-0,05;-0,01;-0,01;-0,03;-0,03;-0,01;-0,01;0,0;0,0;0,0;0,0;0,0;0,0;-0,02;-0,02;0,0;0,0;-0,01;-0,01;0,0;0,0;-0,01;-0,01;-0,05;-0,05;-0,06;-0,06;-0,01;-0,01;-0,01;-0,01;-0,01;-0,01;-0,04;-0,04;-0,09;-0,09;0,0;0,0;-0,01;-0,01;0,0;0,0;-0,03;-0,03
09.08.2026;10:15;10:30;0,0;0,0;-0,26;-0,26;-0,03;-0,03;-0,01;-0,01;-0,01;-0,01;-0,06;-0,06;-0,01;-0,01;-0,02;-0,02;0,0;0,0;0,0;0,0;0,0;0,0;0,0;0,0;-0,01;-0,01;0,0;0,0;-0,02;-0,02;0,0;0,0;-0,02;-0,02;-0,04;-0,04;-0,09;-0,09;-0,02;-0,02;-0,01;-0,01;-0,01;-0,01;-0,02;-0,02;-0,12;-0,12;0,0;0,0;-0,01;-0,01;-0,01;-0,01;-0,02;-0,02
09.08.2026;10:30;10:45;1,02;0,35;-0,18;0,0;-0,02;0,0;0,0;0,0;-0,02;0,0;-0,09;-0,01;-0,01;0,0;-0,05;0,0;-0,01;0,0;-0,01;0,0;0,0;0,0;0,0;0,0;-0,01;0,0;0,0;0,0;0,0;0,0;0,0;0,0;-0,01;0,0;-0,02;0,0;-0,18;-0,1;-0,02;0,0;-0,01;0,0;-0,01;0,0;-0,01;0,0;-0,1;-0,02;0,0;0,0;-0,01;0,0;0,0;0,0;-0,03;0,0
09.08.2026;10:45;11:00;1,73;1,07;-0,18;0,0;-0,02;0,0;0,0;0,0;0,0;0,0;-0,04;0,0;0,0;0,0;-0,07;0,0;-0,01;0,0;0,0;0,0;0,0;0,0;0,0;0,0;0,0;0,0;0,0;0,0;-0,02;0,0;0,0;0,0;-0,01;0,0;-0,02;0,0;-0,1;0,0;0,0;0,0;-0,01;0,0;0,0;0,0;-0,01;0,0;-0,14;0,0;0,0;0,0;-0,01;0,0;0,0;0,0;-0,02;0,0
09.08.2026;11:00;11:15;1,78;1,05;-0,18;0,0;-0,02;0,0;0,0;0,0;-0,01;0,0;-0,06;0,0;-0,02;0,0;-0,07;0,0;-0,01;0,0;0,0;0,0;-0,01;0,0;-0,01;0,0;-0,01;0,0;0,0;0,0;-0,01;0,0;0,0;0,0;-0,01;0,0;-0,01;0,0;-0,08;0,0;0,0;0,0;-0,01;0,0;-0,01;0,0;-0,02;0,0;-0,14;0,0;0,0;0,0;-0,01;0,0;-0,01;0,0;-0,02;0,0
09.08.2026;11:15;11:30;1,83;1,16;-0,16;0,0;-0,02;0,0;0,0;0,0;-0,02;0,0;-0,03;0,0;0,0;0,0;-0,07;0,0;0,0;0,0;0,0;0,0;0,0;0,0;0,0;0,0;-0,02;0,0;0,0;0,0;-0,01;0,0;0,0;0,0;-0,03;0,0;-0,01;0,0;-0,1;0,0;-0,01;0,0;-0,01;0,0;-0,01;0,0;-0,01;0,0;-0,13;0,0;0,0;0,0;-0,01;0,0;0,0;0,0;-0,02;0,0
09.08.2026;11:30;11:45;1,89;1,09;-0,23;0,0;-0,02;0,0;0,0;0,0;-0,02;0,0;-0,04;0,0;-0,01;0,0;-0,07;0,0;-0,01;0,0;0,0;0,0;0,0;0,0;0,0;0,0;-0,02;0,0;0,0;0,0;-0,02;0,0;0,0;0,0;-0,02;0,0;-0,02;0,0;-0,09;0,0;-0,01;0,0;-0,01;0,0;-0,01;0,0;-0,02;0,0;-0,13;0,0;-0,01;0,0;-0,01;0,0;-0,01;0,0;-0,02;0,0
09.08.2026;11:45;12:00;1,88;1,26;-0,18;0,0;-0,02;0,0;0,0;0,0;-0,01;0,0;-0,04;0,0;-0,01;0,0;-0,05;0,0;-0,01;0,0;0,0;0,0;0,0;0,0;0,0;0,0;0,0;0,0;0,0;0,0;-0,01;0,0;0,0;0,0;-0,03;0,0;-0,01;0,0;-0,09;0,0;0,0;0,0;-0,01;0,0;0,0;0,0;-0,09;0,0;-0,02;0,0;0,0;0,0;-0,01;0,0;0,0;0,0;-0,03;0,0
09.08.2026;12:00;12:15;1,88;1,29;-0,17;0,0;-0,02;0,0;0,0;0,0;-0,02;0,0;-0,03;0,0;0,0;0,0;-0,06;0,0;0,0;0,0;0,0;0,0;0,0;0,0;0,0;0,0;-0,01;0,0;-0,01;0,0;-0,01;0,0;0,0;0,0;-0,02;0,0;-0,03;0,0;-0,09;0,0;-0,01;0,0;-0,01;0,0;-0,02;0,0;-0,02;0,0;-0,02;0,0;0,0;0,0;-0,01;0,0;-0,01;0,0;-0,02;0,0
09.08.2026;12:15;12:30;1,86;1,14;-0,16;0,0;-0,03;0,0;0,0;0,0;-0,01;0,0;-0,14;0,0;-0,01;0,0;-0,08;0,0;-0,01;0,0;0,0;0,0;0,0;0,0;0,0;0,0;-0,01;0,0;0,0;0,0;-0,02;0,0;-0,01;0,0;-0,03;0,0;-0,02;0,0;-0,07;0,0;-0,01;0,0;-0,01;0,0;-0,01;0,0;-0,02;0,0;-0,02;0,0;0,0;0,0;-0,02;0,0;0,0;0,0;-0,03;0,0
09.08.2026;12:30;12:45;1,95;1,02;-0,21;0,0;-0,01;0,0;0,0;0,0;-0,02;0,0;-0,17;0,0;-0,01;0,0;-0,66;-0,46;0,0;0,0;0,0;0,0;0,0;0,0;0,0;0,0;-0,02;0,0;0,0;0,0;-0,11;0,0;0,0;0,0;-0,02;0,0;-0,02;0,0;-0,02;0,0;-0,02;0,0;-0,01;0,0;0,0;0,0;-0,02;0,0;-0,04;0,0;0,0;0,0;0,0;0,0;-0,01;0,0;-0,02;0,0
09.08.2026;12:45;13:00;1,84;1,0;-0,2;0,0;-0,02;0,0;0,0;0,0;-0,01;0,0;-0,09;0,0;-0,01;0,0;-0,22;-0,03;-0,01;0,0;0,0;0,0;0,0;0,0;0,0;0,0;-0,01;0,0;0,0;0,0;-0,11;0,0;0,0;0,0;-0,02;0,0;-0,02;0,0;-0,01;0,0;-0,01;0,0;-0,01;0,0;-0,01;0,0;-0,01;0,0;-0,05;0,0;0,0;0,0;-0,02;0,0;0,0;0,0;-0,03;0,0
09.08.2026;13:00;13:15;1,87;1,17;-0,17;0,0;-0,02;0,0;0,0;0,0;-0,02;0,0;-0,09;0,0;-0,01;0,0;-0,08;0,0;-0,01;0,0;0,0;0,0;0,0;0,0;0,0;0,0;-0,01;0,0;0,0;0,0;-0,08;0,0;0,0;0,0;-0,03;0,0;-0,03;0,0;-0,02;0,0;0,0;0,0;-0,01;0,0;-0,01;0,0;-0,02;0,0;-0,05;0,0;0,0;0,0;0,0;0,0;0,0;0,0;-0,04;0,0
09.08.2026;13:15;13:30;1,9;1,2;-0,16;0,0;-0,03;0,0;0,0;0,0;-0,02;0,0;-0,13;0,0;-0,01;0,0;-0,05;0,0;0,0;0,0;0,0;0,0;0,0;0,0;0,0;0,0;0,0;0,0;0,0;0,0;-0,04;0,0;0,0;0,0;-0,01;0,0;-0,02;0,0;-0,02;0,0;-0,01;0,0;0,0;0,0;-0,01;0,0;-0,02;0,0;-0,1;0,0;0,0;0,0;-0,02;0,0;-0,01;0,0;-0,04;0,0
09.08.2026;13:30;13:45;1,43;0,67;-0,19;0,0;-0,02;0,0;-0,01;0,0;-0,01;0,0;-0,14;0,0;0,0;0,0;-0,08;0,0;-0,01;0,0;0,0;0,0;-0,01;0,0;0,0;0,0;-0,01;0,0;0,0;0,0;-0,01;0,0;0,0;0,0;-0,02;0,0;-0,02;0,0;0,0;0,0;0,0;0,0;-0,02;0,0;0,0;0,0;-0,01;0,0;-0,04;0,0;-0,01;0,0;0,0;0,0;-0,01;0,0;-0,18;-0,04
09.08.2026;13:45;14:00;0,09;0,09;-0,15;-0,15;-0,02;-0,02;0,0;0,0;-0,02;-0,02;-0,13;-0,13;-0,02;-0,02;-0,09;-0,09;-0,01;-0,01;0,0;0,0;0,0;0,0;0,0;0,0;-0,02;-0,02;0,0;0,0;-0,07;-0,07;0,0;0,0;-0,02;-0,02;-0,03;-0,03;-0,01;-0,01;-0,01;-0,01;-0,01;-0,01;-0,02;-0,02;-0,01;-0,01;-0,02;-0,02;0,0;0,0;-0,02;-0,02;0,0;0,0;-0,4;-0,4
09.08.2026;14:00;14:15;0,0;0,0;-0,17;-0,17;-0,01;-0,01;0,0;0,0;-0,02;-0,02;-0,09;-0,09;0,0;0,0;-0,08;-0,08;-0,01;-0,01;0,0;0,0;0,0;0,0;0,0;0,0;-0,02;-0,02;0,0;0,0;-0,11;-0,11;0,0;0,0;-0,02;-0,02;-0,02;-0,02;-0,02;-0,02;-0,01;-0,01;0,0;0,0;-0,01;-0,01;-0,04;-0,04;-0,03;-0,03;0,0;0,0;0,0;0,0;0,0;0,0;-0,33;-0,33
09.08.2026;14:15;14:30;0,85;0,24;-0,22;-0,03;-0,02;0,0;0,0;0,0;-0,01;0,0;-0,06;0,0;0,0;0,0;-0,08;-0,02;0,0;0,0;0,0;0,0;0,0;0,0;0,0;0,0;-0,01;0,0;0,0;0,0;-0,09;-0,03;0,0;0,0;-0,02;0,0;-0,02;0,0;-0,01;0,0;0,0;0,0;-0,02;0,0;0,0;0,0;-0,03;0,0;-0,02;0,0;0,0;0,0;-0,01;0,0;-0,01;0,0;-0,11;-0,05
09.08.2026;14:30;14:45;1,57;0,65;-0,33;0,0;-0,03;0,0;0,0;0,0;-0,01;0,0;-0,01;0,0;-0,06;0,0;-0,08;0,0;-0,01;0,0;0,0;0,0;0,0;0,0;0,0;0,0;0,0;0,0;-0,01;0,0;-0,06;0,0;0,0;0,0;-0,22;-0,08;-0,02;0,0;-0,02;0,0;-0,01;0,0;-0,01;0,0;-0,01;0,0;-0,01;0,0;-0,03;0,0;0,0;0,0;-0,01;0,0;-0,01;0,0;-0,05;0,0
09.08.2026;14:45;15:00;1,49;0,77;-0,17;0,0;-0,02;0,0;0,0;0,0;-0,01;0,0;-0,01;0,0;-0,05;0,0;-0,07;0,0;-0,01;0,0;0,0;0,0;0,0;0,0;0,0;0,0;-0,01;0,0;0,0;0,0;-0,06;0,0;-0,01;0,0;-0,36;-0,22;-0,02;0,0;-0,01;0,0;-0,02;0,0;-0,01;0,0;-0,01;0,0;-0,01;0,0;-0,03;0,0;0,0;0,0;-0,02;0,0;0,0;0,0;-0,03;0,0
09.08.2026;15:00;15:15;1,53;0,83;-0,15;0,0;-0,02;0,0;0,0;0,0;-0,02;0,0;-0,01;0,0;-0,18;-0,01;-0,06;0,0;0,0;0,0;0,0;0,0;0,0;0,0;0,0;0,0;-0,02;0,0;0,0;0,0;-0,07;0,0;0,0;0,0;-0,06;0,0;-0,01;0,0;-0,01;0,0;-0,01;0,0;-0,01;0,0;-0,01;0,0;-0,01;0,0;-0,03;0,0;0,0;0,0;0,0;0,0;0,0;0,0;-0,03;0,0
09.08.2026;15:15;15:30;1,49;0,85;-0,15;0,0;-0,01;0,0;0,0;0,0;-0,01;0,0;-0,01;0,0;-0,21;-0,04;-0,04;0,0;-0,01;0,0;0,0;0,0;0,0;0,0;0,0;0,0;-0,01;0,0;0,0;0,0;-0,06;0,0;0,0;0,0;-0,03;0,0;-0,02;0,0;-0,02;0,0;0,0;0,0;0,0;0,0;0,0;0,0;-0,01;0,0;-0,04;0,0;0,0;0,0;-0,02;0,0;-0,01;0,0;-0,02;0,0
09.08.2026;15:30;15:45;1,32;0,73;-0,19;0,0;-0,03;0,0;0,0;0,0;-0,02;0,0;-0,02;0,0;-0,04;0,0;-0,02;0,0;-0,01;0,0;-0,01;0,0;0,0;0,0;0,0;0,0;0,0;0,0;0,0;0,0;-0,07;0,0;0,0;0,0;-0,03;0,0;-0,01;0,0;-0,01;0,0;-0,01;0,0;-0,02;0,0;-0,02;0,0;-0,01;0,0;-0,04;0,0;-0,01;0,0;-0,01;0,0;0,0;0,0;-0,01;0,0
09.08.2026;15:45;16:00;1,28;0,77;-0,17;0,0;-0,02;0,0;0,0;0,0;-0,01;0,0;-0,01;0,0;-0,04;0,0;-0,03;0,0;0,0;0,0;0,0;0,0;0,0;0,0;0,0;0,0;-0,01;0,0;0,0;0,0;-0,07;0,0;0,0;0,0;-0,03;0,0;-0,01;0,0;-0,01;0,0;-0,01;0,0;-0,01;0,0;-0,01;0,0;0,0;0,0;-0,04;0,0;0,0;0,0;0,0;0,0;-0,01;0,0;-0,02;0,0
09.08.2026;16:00;16:15;1,18;0,58;-0,17;0,0;-0,02;0,0;0,0;0,0;-0,02;0,0;-0,01;0,0;-0,03;0,0;-0,03;0,0;-0,01;0,0;0,0;0,0;-0,01;0,0;-0,01;0,0;-0,02;0,0;0,0;0,0;-0,08;0,0;0,0;0,0;-0,03;0,0;-0,02;0,0;-0,01;0,0;-0,01;0,0;0,0;0,0;0,0;0,0;-0,02;0,0;-0,03;0,0;0,0;0,0;-0,02;0,0;0,0;0,0;-0,05;0,0
09.08.2026;16:15;16:30;0,95;0,38;-0,15;0,0;-0,01;0,0;0,0;0,0;-0,01;0,0;-0,01;0,0;-0,1;-0,03;-0,03;0,0;-0,01;0,0;0,0;0,0;0,0;0,0;0,0;0,0;-0,02;0,0;0,0;0,0;-0,07;0,0;0,0;0,0;-0,03;0,0;-0,03;0,0;-0,01;0,0;0,0;0,0;-0,02;0,0;-0,01;0,0;-0,01;0,0;-0,02;0,0;0,0;0,0;0,0;0,0;-0,01;0,0;-0,05;0,0
09.08.2026;16:30;16:45;1,02;0,44;-0,17;0,0;-0,02;0,0;0,0;0,0;-0,02;0,0;-0,01;0,0;-0,22;-0,14;-0,03;0,0;-0,01;0,0;0,0;0,0;0,0;0,0;0,0;0,0;0,0;0,0;0,0;0,0;-0,07;0,0;0,0;0,0;-0,03;0,0;-0,02;0,0;-0,01;0,0;0,0;0,0;-0,01;0,0;-0,01;0,0;-0,01;0,0;-0,02;0,0;0,0;0,0;-0,02;0,0;0,0;0,0;-0,04;0,0
09.08.2026;16:45;17:00;0,99;0,4;-0,22;0,0;-0,03;0,0;0,0;0,0;-0,01;0,0;-0,01;0,0;-0,03;0,0;-0,04;0,0;0,0;0,0;0,0;0,0;0,0;0,0;0,0;0,0;-0,01;0,0;0,0;0,0;-0,07;0,0;0,0;0,0;-0,02;0,0;-0,02;0,0;-0,02;0,0;-0,02;0,0;0,0;0,0;-0,01;0,0;0,0;0,0;-0,02;0,0;0,0;0,0;-0,01;0,0;-0,01;0,0;-0,04;0,0
09.08.2026;17:00;17:15;0,81;0,27;-0,28;-0,1;-0,03;0,0;-0,01;0,0;-0,01;0,0;-0,01;0,0;-0,01;0,0;-0,03;0,0;-0,01;0,0;0,0;0,0;0,0;0,0;0,0;0,0;-0,01;0,0;-0,01;0,0;-0,02;0,0;0,0;0,0;-0,03;0,0;-0,02;0,0;-0,01;0,0;-0,05;0,0;-0,02;0,0;-0,01;0,0;-0,01;0,0;-0,01;0,0;0,0;0,0;-0,02;0,0;0,0;0,0;-0,03;0,0
09.08.2026;17:15;17:30;0,73;0,24;-0,17;-0,02;-0,01;0,0;0,0;0,0;-0,02;0,0;-0,01;0,0;-0,01;0,0;-0,03;0,0;-0,01;0,0;0,0;0,0;0,0;0,0;0,0;0,0;-0,24;-0,2;0,0;0,0;-0,02;0,0;-0,01;0,0;-0,03;0,0;-0,03;0,0;-0,01;0,0;-0,04;0,0;0,0;0,0;-0,01;0,0;-0,01;0,0;-0,02;0,0;0,0;0,0;-0,01;0,0;0,0;0,0;-0,02;0,0
09.08.2026;17:30;17:45;0,67;0,21;-0,22;-0,08;-0,01;0,0;0,0;0,0;-0,01;0,0;-0,01;0,0;-0,02;0,0;-0,04;-0,01;0,0;0,0;0,0;0,0;0,0;0,0;0,0;0,0;-0,11;-0,08;0,0;0,0;-0,01;0,0;0,0;0,0;-0,02;0,0;-0,02;0,0;-0,01;0,0;-0,02;0,0;-0,02;0,0;-0,01;0,0;-0,02;0,0;-0,01;0,0;-0,01;0,0;-0,02;0,0;-0,01;0,0;-0,03;0,0
09.08.2026;17:45;18:00;0,0;0,0;-0,18;-0,18;-0,03;-0,03;0,0;0,0;-0,03;-0,03;-0,01;-0,01;-0,04;-0,04;-0,03;-0,03;-0,01;-0,01;0,0;0,0;0,0;0,0;0,0;0,0;-0,03;-0,03;0,0;0,0;-0,02;-0,02;0,0;0,0;-0,03;-0,03;-0,02;-0,02;-0,02;-0,02;0,0;0,0;-0,01;-0,01;0,0;0,0;0,0;0,0;-0,02;-0,02;0,0;0,0;0,0;0,0;-0,01;-0,01;-0,03;-0,03
09.08.2026;18:00;18:15;0,0;0,0;-0,26;-0,26;-0,02;-0,02;0,0;0,0;-0,01;-0,01;-0,01;-0,01;-0,03;-0,03;-0,03;-0,03;-0,01;-0,01;0,0;0,0;0,0;0,0;0,0;0,0;-0,03;-0,03;0,0;0,0;-0,01;-0,01;0,0;0,0;-0,01;-0,01;-0,03;-0,03;-0,01;-0,01;-0,01;-0,01;0,0;0,0;-0,01;-0,01;-0,01;-0,01;-0,02;-0,02;0,0;0,0;-0,02;-0,02;0,0;0,0;-0,05;-0,05
09.08.2026;18:15;18:30;0,15;0,11;-0,17;-0,13;-0,02;-0,02;0,0;0,0;-0,01;-0,01;-0,01;-0,01;-0,04;-0,04;-0,03;-0,03;0,0;0,0;0,0;0,0;0,0;0,0;0,0;0,0;-0,29;-0,29;0,0;0,0;-0,01;-0,01;0,0;0,0;-0,02;-0,02;-0,06;-0,06;-0,01;-0,01;-0,01;-0,01;-0,02;-0,02;-0,01;-0,01;-0,01;-0,01;-0,02;-0,02;0,0;0,0;-0,01;-0,01;0,0;0,0;-0,04;-0,04
09.08.2026;18:30;18:45;0,28;0,2;-0,16;-0,08;-0,01;-0,01;0,0;0,0;0,0;0,0;-0,01;-0,01;-0,03;-0,03;-0,03;-0,03;-0,01;-0,01;0,0;0,0;-0,01;-0,01;0,0;0,0;-0,17;-0,17;0,0;0,0;-0,02;-0,02;0,0;0,0;-0,01;-0,01;-0,05;-0,05;-0,01;-0,01;0,0;0,0;0,0;0,0;-0,01;-0,01;-0,01;-0,01;-0,11;-0,11;0,0;0,0;-0,02;-0,02;-0,01;-0,01;-0,04;-0,04
09.08.2026;18:45;19:00;0,22;0,17;-0,16;-0,11;-0,02;-0,02;0,0;0,0;-0,01;-0,01;-0,01;-0,01;-0,03;-0,03;-0,03;-0,03;0,0;0,0;0,0;0,0;0,0;0,0;0,0;0,0;-0,33;-0,33;0,0;0,0;-0,02;-0,02;0,0;0,0;-0,02;-0,02;-0,05;-0,05;-0,01;-0,01;-0,01;-0,01;-0,01;-0,01;-0,01;-0,01;-0,01;-0,01;-0,19;-0,19;0,0;0,0;0,0;0,0;0,0;0,0;-0,05;-0,05
09.08.2026;19:00;19:15;0,15;0,11;-0,18;-0,14;-0,03;-0,03;0,0;0,0;-0,02;-0,02;-0,01;-0,01;-0,04;-0,04;-0,03;-0,03;-0,01;-0,01;0,0;0,0;0,0;0,0;0,0;0,0;-0,05;-0,05;0,0;0,0;-0,01;-0,01;0,0;0,0;-0,01;-0,01;-0,07;-0,07;-0,01;-0,01;-0,01;-0,01;-0,02;-0,02;-0,01;-0,01;-0,01;-0,01;-0,19;-0,19;0,0;0,0;-0,02;-0,02;-0,01;-0,01;-0,04;-0,04
09.08.2026;19:15;19:30;0,09;0,09;-0,16;-0,16;-0,03;-0,03;0,0;0,0;-0,01;-0,01;-0,01;-0,01;-0,05;-0,05;-0,02;-0,02;-0,01;-0,01;0,0;0,0;0,0;0,0;0,0;0,0;-0,03;-0,03;0,0;0,0;-0,01;-0,01;0,0;0,0;-0,02;-0,02;-0,05;-0,05;-0,01;-0,01;-0,01;-0,01;0,0;0,0;-0,01;-0,01;-0,01;-0,01;-0,2;-0,2;0,0;0,0;0,0;0,0;0,0;0,0;-0,04;-0,04
09.08.2026;19:30;19:45;0,04;0,04;-0,2;-0,2;-0,01;-0,01;0,0;0,0;-0,01;-0,01;-0,01;-0,01;-0,04;-0,04;-0,02;-0,02;-0,01;-0,01;0,0;0,0;0,0;0,0;0,0;0,0;-0,01;-0,01;0,0;0,0;-0,02;-0,02;0,0;0,0;-0,03;-0,03;-0,06;-0,06;-0,02;-0,02;-0,02;-0,02;-0,01;-0,01;-0,01;-0,01;-0,01;-0,01;-0,19;-0,19;-0,01;-0,01;-0,02;-0,02;-0,01;-0,01;-0,04;-0,04
09.08.2026;19:45;20:00;0,02;0,02;-0,41;-0,41;-0,01;-0,01;0,0;0,0;-0,02;-0,02;-0,11;-0,11;-0,04;-0,04;-0,04;-0,04;-0,01;-0,01;0,0;0,0;0,0;0,0;0,0;0,0;0,0;0,0;0,0;0,0;-0,01;-0,01;-0,01;-0,01;-0,03;-0,03;-0,15;-0,15;-0,01;-0,01;-0,03;-0,03;-0,01;-0,01;0,0;0,0;-0,01;-0,01;-0,2;-0,2;0,0;0,0;-0,01;-0,01;0,0;0,0;-0,03;-0,03
09.08.2026;20:00;20:15;0,02;0,02;-0,18;-0,18;-0,03;-0,03;0,0;0,0;-0,01;-0,01;-0,09;-0,09;-0,03;-0,03;-0,03;-0,03;0,0;0,0;0,0;0,0;0,0;0,0;0,0;0,0;-0,02;-0,02;0,0;0,0;-0,02;-0,02;0,0;0,0;-0,04;-0,04;-0,06;-0,06;-0,01;-0,01;-0,18;-0,18;-0,01;-0,01;-0,02;-0,02;-0,01;-0,01;-0,23;-0,23;0,0;0,0;-0,01;-0,01;-0,01;-0,01;-0,05;-0,05
09.08.2026;20:15;20:30;0,01;0,01;-0,18;-0,18;-0,02;-0,02;-0,01;-0,01;-0,02;-0,02;-0,1;-0,1;-0,03;-0,03;-0,03;-0,03;-0,01;-0,01;0,0;0,0;0,0;0,0;0,0;0,0;-0,02;-0,02;-0,01;-0,01;-0,01;-0,01;0,0;0,0;-0,04;-0,04;-0,04;-0,04;-0,01;-0,01;-0,42;-0,42;-0,01;-0,01;-0,01;-0,01;-0,02;-0,02;-0,21;-0,21;0,0;0,0;-0,01;-0,01;-0,01;-0,01;-0,05;-0,05
09.08.2026;20:30;20:45;0,0;0,0;-0,28;-0,28;-0,32;-0,32;0,0;0,0;-0,01;-0,01;-0,11;-0,11;-0,04;-0,04;-0,03;-0,03;0,0;0,0;-0,01;-0,01;0,0;0,0;0,0;0,0;-0,02;-0,02;0,0;0,0;-0,02;-0,02;0,0;0,0;-0,04;-0,04;-0,03;-0,03;-0,05;-0,05;-1,04;-1,04;-0,01;-0,01;-0,01;-0,01;-0,01;-0,01;-0,18;-0,18;0,0;0,0;-0,02;-0,02;-0,04;-0,04;-0,04;-0,04
09.08.2026;20:45;21:00;0,0;0,0;-0,2;-0,2;-0,64;-0,64;0,0;0,0;-0,02;-0,02;-0,12;-0,12;-0,04;-0,04;-0,03;-0,03;-0,01;-0,01;0,0;0,0;0,0;0,0;0,0;0,0;-0,01;-0,01;0,0;0,0;-0,01;-0,01;0,0;0,0;-0,04;-0,04;-0,04;-0,04;-0,05;-0,05;-0,05;-0,05;-0,01;-0,01;0,0;0,0;0,0;0,0;-0,18;-0,18;0,0;0,0;0,0;0,0;-0,01;-0,01;-0,03;-0,03
09.08.2026;21:00;21:15;0,0;0,0;-0,16;-0,16;-0,45;-0,45;0,0;0,0;-0,01;-0,01;-0,12;-0,12;-0,03;-0,03;-0,03;-0,03;-0,01;-0,01;0,0;0,0;-0,01;-0,01;-0,01;-0,01;0,0;0,0;0,0;0,0;-0,01;-0,01;0,0;0,0;-0,04;-0,04;-0,05;-0,05;-0,05;-0,05;-0,47;-0,47;-0,01;-0,01;-0,01;-0,01;-0,01;-0,01;-0,15;-0,15;0,0;0,0;-0,02;-0,02;-0,01;-0,01;-0,02;-0,02
09.08.2026;21:15;21:30;0,0;0,0;-0,17;-0,17;-0,4;-0,4;0,0;0,0;0,0;0,0;-0,13;-0,13;-0,04;-0,04;-0,04;-0,04;0,0;0,0;0,0;0,0;0,0;0,0;0,0;0,0;-0,02;-0,02;0,0;0,0;-0,02;-0,02;0,0;0,0;-0,03;-0,03;-0,05;-0,05;-0,03;-0,03;-0,03;-0,03;-0,01;-0,01;-0,02;-0,02;-0,01;-0,01;-0,12;-0,12;0,0;0,0;0,0;0,0;0,0;0,0;-0,02;-0,02
09.08.2026;21:30;21:45;0,0;0,0;-0,18;-0,18;-0,34;-0,34;0,0;0,0;-0,01;-0,01;-0,14;-0,14;-0,03;-0,03;-0,03;-0,03;-0,01;-0,01;0,0;0,0;0,0;0,0;0,0;0,0;-0,02;-0,02;0,0;0,0;-0,01;-0,01;0,0;0,0;-0,04;-0,04;-0,05;-0,05;-0,01;-0,01;-0,02;-0,02;-0,01;-0,01;0,0;0,0;-0,01;-0,01;-0,12;-0,12;-0,01;-0,01;-0,02;-0,02;-0,01;-0,01;-0,02;-0,02
09.08.2026;21:45;22:00;0,0;0,0;-0,18;-0,18;-0,39;-0,39;0,0;0,0;-0,01;-0,01;-0,13;-0,13;-0,03;-0,03;-0,03;-0,03;-0,01;-0,01;0,0;0,0;0,0;0,0;0,0;0,0;-0,01;-0,01;0,0;0,0;-0,02;-0,02;0,0;0,0;-0,09;-0,09;-0,05;-0,05;-0,02;-0,02;-0,01;-0,01;-0,01;-0,01;-0,01;-0,01;-0,02;-0,02;-0,13;-0,13;0,0;0,0;0,0;0,0;-0,01;-0,01;-0,02;-0,02
09.08.2026;22:00;22:15;0,0;0,0;-0,16;-0,16;-0,38;-0,38;0,0;0,0;-0,02;-0,02;-0,14;-0,14;-0,02;-0,02;-0,03;-0,03;-0,01;-0,01;0,0;0,0;0,0;0,0;0,0;0,0;0,0;0,0;0,0;0,0;-0,02;-0,02;0,0;0,0;-0,28;-0,28;-0,05;-0,05;-0,02;-0,02;0,0;0,0;0,0;0,0;-0,01;-0,01;0,0;0,0;-0,12;-0,12;0,0;0,0;-0,02;-0,02;0,0;0,0;-0,02;-0,02
09.08.2026;22:15;22:30;0,0;0,0;-0,16;-0,16;-0,3;-0,3;0,0;0,0;-0,01;-0,01;-0,14;-0,14;-0,02;-0,02;-0,03;-0,03;0,0;0,0;0,0;0,0;0,0;0,0;0,0;0,0;-0,01;-0,01;0,0;0,0;-0,02;-0,02;-0,01;-0,01;-0,07;-0,07;-0,05;-0,05;-0,01;-0,01;-0,01;-0,01;-0,02;-0,02;-0,01;-0,01;-0,01;-0,01;-0,12;-0,12;0,0;0,0;0,0;0,0;0,0;0,0;-0,03;-0,03
09.08.2026;22:30;22:45;0,0;0,0;-0,16;-0,16;-0,27;-0,27;0,0;0,0;-0,02;-0,02;-0,14;-0,14;-0,01;-0,01;-0,03;-0,03;-0,01;-0,01;0,0;0,0;0,0;0,0;0,0;0,0;-0,02;-0,02;0,0;0,0;-0,02;-0,02;0,0;0,0;-0,03;-0,03;-0,05;-0,05;-0,01;-0,01;-0,01;-0,01;-0,01;-0,01;-0,01;-0,01;-0,01;-0,01;-0,12;-0,12;0,0;0,0;-0,02;-0,02;-0,01;-0,01;-0,02;-0,02
09.08.2026;22:45;23:00;0,0;0,0;-0,19;-0,19;-0,33;-0,33;0,0;0,0;-0,01;-0,01;-0,14;-0,14;0,0;0,0;-0,04;-0,04;-0,01;-0,01;0,0;0,0;0,0;0,0;0,0;0,0;-0,01;-0,01;0,0;0,0;-0,02;-0,02;0,0;0,0;-0,02;-0,02;-0,05;-0,05;-0,02;-0,02;0,0;0,0;0,0;0,0;-0,01;-0,01;-0,01;-0,01;-0,12;-0,12;0,0;0,0;-0,01;-0,01;-0,01;-0,01;-0,02;-0,02
09.08.2026;23:00;23:15;0,0;0,0;-0,17;-0,17;-0,14;-0,14;0,0;0,0;-0,02;-0,02;-0,13;-0,13;-0,02;-0,02;-0,02;-0,02;0,0;0,0;0,0;0,0;0,0;0,0;0,0;0,0;-0,01;-0,01;0,0;0,0;-0,01;-0,01;0,0;0,0;-0,03;-0,03;-0,05;-0,05;-0,01;-0,01;-0,01;-0,01;-0,02;-0,02;-0,01;-0,01;-0,01;-0,01;-0,12;-0,12;0,0;0,0;-0,01;-0,01;0,0;0,0;-0,02;-0,02
09.08.2026;23:15;23:30;0,0;0,0;-0,16;-0,16;-0,35;-0,35;0,0;0,0;-0,01;-0,01;-0,14;-0,14;-0,01;-0,01;-0,04;-0,04;-0,01;-0,01;0,0;0,0;0,0;0,0;0,0;0,0;-0,01;-0,01;0,0;0,0;-0,02;-0,02;0,0;0,0;-0,02;-0,02;-0,03;-0,03;-0,01;-0,01;-0,01;-0,01;0,0;0,0;-0,01;-0,01;-0,01;-0,01;-0,12;-0,12;0,0;0,0;-0,01;-0,01;0,0;0,0;-0,01;-0,01
09.08.2026;23:30;23:45;0,0;0,0;-0,26;-0,26;-0,05;-0,05;-0,01;-0,01;0,0;0,0;-0,15;-0,15;-0,01;-0,01;-0,04;-0,04;-0,01;-0,01;0,0;0,0;-0,01;-0,01;0,0;0,0;0,0;0,0;-0,01;-0,01;-0,01;-0,01;0,0;0,0;-0,03;-0,03;-0,02;-0,02;-0,01;-0,01;-0,04;-0,04;-0,01;-0,01;0,0;0,0;-0,01;-0,01;-0,13;-0,13;-0,01;-0,01;-0,02;-0,02;-0,01;-0,01;-0,02;-0,02
09.08.2026;23:45;00:00;0,0;0,0;-0,23;-0,23;-0,05;-0,05;0,0;0,0;-0,01;-0,01;-0,11;-0,11;-0,01;-0,01;-0,04;-0,04;0,0;0,0;0,0;0,0;0,0;0,0;0,0;0,0;-0,02;-0,02;0,0;0,0;-0,02;-0,02;0,0;0,0;-0,02;-0,02;-0,03;-0,03;-0,01;-0,01;-0,03;-0,03;-0,02;-0,02;-0,03;-0,03;-0,01;-0,01;-0,07;-0,07;0,0;0,0;0,0;0,0;-0,01;-0,01;-0,03;-0,03
10.08.2026;00:00;00:15;0,0;0,0;-0,29;-0,29;-0,04;-0,04;0,0;0,0;-0,02;-0,02;-0,06;-0,06;-0,01;-0,01;-0,04;-0,04;-0,01;-0,01;0,0;0,0;0,0;0,0;0,0;0,0;-0,02;-0,02;0,0;0,0;-0,02;-0,02;0,0;0,0;-0,01;-0,01;-0,01;-0,01;-0,02;-0,02;-0,01;-0,01;0,0;0,0;-0,04;-0,04;-0,01;-0,01;-0,07;-0,07;0,0;0,0;-0,02;-0,02;0,0;0,0;-0,02;-0,02
10.08.2026;00:15;00:30;0,0;0,0;-0,24;-0,24;-0,03;-0,03;0,0;0,0;-0,01;-0,01;-0,06;-0,06;-0,01;-0,01;-0,04;-0,04;-0,01;-0,01;0,0;0,0;0,0;0,0;0,0;0,0;-0,01;-0,01;0,0;0,0;-0,04;-0,04;0,0;0,0;-0,02;-0,02;-0,01;-0,01;-0,01;-0,01;-0,01;-0,01;-0,01;-0,01;-0,03;-0,03;-0,01;-0,01;-0,05;-0,05;0,0;0,0;0,0;0,0;0,0;0,0;-0,03;-0,03
10.08.2026;00:30;00:45;0,0;0,0;-0,18;-0,18;-0,03;-0,03;0,0;0,0;-0,02;-0,02;-0,07;-0,07;-0,01;-0,01;-0,05;-0,05;0,0;0,0;0,0;0,0;0,0;0,0;0,0;0,0;0,0;0,0;0,0;0,0;-0,47;-0,47;0,0;0,0;-0,01;-0,01;-0,02;-0,02;-0,02;-0,02;-0,01;-0,01;-0,01;-0,01;-0,04;-0,04;-0,01;-0,01;-0,01;-0,01;0,0;0,0;-0,02;-0,02;-0,01;-0,01;-0,02;-0,02
10.08.2026;00:45;01:00;0,0;0,0;-0,17;-0,17;-0,03;-0,03;0,0;0,0;-0,01;-0,01;-0,06;-0,06;0,0;0,0;-0,04;-0,04;-0,01;-0,01;0,0;0,0;0,0;0,0;0,0;0,0;-0,01;-0,01;0,0;0,0;-0,03;-0,03;-0,01;-0,01;-0,01;-0,01;-0,01;-0,01;-0,01;-0,01;-0,01;-0,01;-0,01;-0,01;-0,49;-0,49;-0,01;-0,01;-0,05;-0,05;0,0;0,0;0,0;0,0;0,0;0,0;-0,01;-0,01
10.08.2026;01:00;01:15;0,0;0,0;-0,18;-0,18;-0,03;-0,03;0,0;0,0;-0,02;-0,02;-0,06;-0,06;-0,01;-0,01;-0,05;-0,05;-0,01;-0,01;0,0;0,0;0,0;0,0;0,0;0,0;-0,01;-0,01;0,0;0,0;-0,04;-0,04;0,0;0,0;-0,01;-0,01;-0,01;-0,01;-0,01;-0,01;-0,01;-0,01;-0,01;-0,01;-0,11;-0,11;-0,01;-0,01;-0,03;-0,03;0,0;0,0;-0,02;-0,02;-0,01;-0,01;-0,02;-0,02
10.08.2026;01:15;01:30;0,0;0,0;-0,18;-0,18;-0,03;-0,03;0,0;0,0;0,0;0,0;-0,06;-0,06;-0,01;-0,01;-0,04;-0,04;-0,01;-0,01;0,0;0,0;0,0;0,0;0,0;0,0;-0,02;-0,02;0,0;0,0;-0,04;-0,04;0,0;0,0;-0,02;-0,02;-0,02;-0,02;-0,02;-0,02;-0,01;-0,01;-0,01;-0,01;-0,04;-0,04;-0,01;-0,01;-0,04;-0,04;0,0;0,0;0,0;0,0;0,0;0,0;-0,02;-0,02
10.08.2026;01:30;01:45;0,0;0,0;-0,16;-0,16;-0,02;-0,02;0,0;0,0;-0,01;-0,01;-0,05;-0,05;-0,01;-0,01;-0,04;-0,04;0,0;0,0;-0,01;-0,01;0,0;0,0;0,0;0,0;-0,01;-0,01;0,0;0,0;-0,03;-0,03;0,0;0,0;-0,03;-0,03;-0,02;-0,02;-0,01;-0,01;-0,02;-0,02;-0,01;-0,01;-0,06;-0,06;0,0;0,0;-0,04;-0,04;-0,01;-0,01;-0,02;-0,02;0,0;0,0;-0,02;-0,02
10.08.2026;01:45;02:00;0,0;0,0;-0,16;-0,16;-0,02;-0,02;0,0;0,0;-0,01;-0,01;-0,04;-0,04;-0,01;-0,01;-0,03;-0,03;-0,01;-0,01;0,0;0,0;0,0;0,0;0,0;0,0;-0,01;-0,01;0,0;0,0;-0,03;-0,03;0,0;0,0;-0,02;-0,02;-0,03;-0,03;-0,01;-0,01;0,0;0,0;-0,01;-0,01;-0,05;-0,05;-0,02;-0,02;-0,02;-0,02;0,0;0,0;0,0;0,0;-0,01;-0,01;-0,03;-0,03
10.08.2026;02:00;02:15;0,0;0,0;-0,16;-0,16;-0,02;-0,02;0,0;0,0;-0,01;-0,01;-0,06;-0,06;-0,01;-0,01;-0,02;-0,02;-0,01;-0,01;0,0;0,0;-0,01;-0,01;-0,01;-0,01;0,0;0,0;0,0;0,0;-0,03;-0,03;0,0;0,0;-0,02;-0,02;-0,02;-0,02;-0,01;-0,01;-0,01;-0,01;0,0;0,0;-0,05;-0,05;-0,01;-0,01;-0,04;-0,04;0,0;0,0;-0,02;-0,02;-0,01;-0,01;-0,02;-0,02
10.08.2026;02:15;02:30;0,0;0,0;-0,17;-0,17;-0,02;-0,02;0,0;0,0;-0,02;-0,02;-0,03;-0,03;-0,01;-0,01;-0,02;-0,02;0,0;0,0;0,0;0,0;0,0;0,0;0,0;0,0;-0,02;-0,02;0,0;0,0;-0,03;-0,03;0,0;0,0;-0,03;-0,03;-0,02;-0,02;-0,02;-0,02;-0,01;-0,01;-0,02;-0,02;-0,02;-0,02;-0,01;-0,01;-0,04;-0,04;0,0;0,0;0,0;0,0;0,0;0,0;-0,03;-0,03
10.08.2026;02:30;02:45;0,0;0,0;-0,17;-0,17;-0,02;-0,02;0,0;0,0;-0,01;-0,01;0,0;0,0;-0,01;-0,01;-0,02;-0,02;-0,01;-0,01;0,0;0,0;0,0;0,0;0,0;0,0;-0,02;-0,02;0,0;0,0;-0,03;-0,03;0,0;0,0;-0,02;-0,02;-0,03;-0,03;-0,01;-0,01;-0,01;-0,01;-0,01;-0,01;-0,05;-0,05;0,0;0,0;-0,02;-0,02;0,0;0,0;-0,02;-0,02;0,0;0,0;-0,01;-0,01
10.08.2026;02:45;03:00;0,0;0,0;-0,17;-0,17;-0,02;-0,02;0,0;0,0;-0,02;-0,02;-0,01;-0,01;-0,01;-0,01;0,0;0,0;0,0;0,0;0,0;0,0;0,0;0,0;0,0;0,0;-0,01;-0,01;0,0;0,0;-0,03;-0,03;0,0;0,0;-0,03;-0,03;-0,02;-0,02;-0,02;-0,02;0,0;0,0;-0,01;-0,01;-0,13;-0,13;-0,01;-0,01;-0,05;-0,05;0,0;0,0;-0,01;-0,01;-0,01;-0,01;-0,01;-0,01
10.08.2026;03:00;03:15;0,0;0,0;-0,17;-0,17;-0,02;-0,02;-0,01;-0,01;-0,01;-0,01;0,0;0,0;-0,01;-0,01;-0,01;-0,01;-0,01;-0,01;0,0;0,0;0,0;0,0;0,0;0,0;0,0;0,0;-0,01;-0,01;-0,04;-0,04;0,0;0,0;-0,02;-0,02;-0,02;-0,02;-0,01;-0,01;-0,01;-0,01;-0,01;-0,01;-0,12;-0,12;-0,01;-0,01;-0,08;-0,08;0,0;0,0;-0,01;-0,01;-0,01;-0,01;-0,02;-0,02
10.08.2026;03:15;03:30;0,0;0,0;-0,17;-0,17;-0,02;-0,02;0,0;0,0;0,0;0,0;0,0;0,0;0,0;0,0;-0,02;-0,02;-0,01;-0,01;0,0;0,0;0,0;0,0;0,0;0,0;-0,01;-0,01;0,0;0,0;-0,03;-0,03;-0,01;-0,01;-0,02;-0,02;-0,02;-0,02;-0,01;-0,01;-0,01;-0,01;0,0;0,0;-0,14;-0,14;-0,02;-0,02;-0,07;-0,07;0,0;0,0;-0,01;-0,01;0,0;0,0;-0,03;-0,03
10.08.2026;03:30;03:45;0,0;0,0;-0,16;-0,16;-0,02;-0,02;0,0;0,0;-0,01;-0,01;-0,01;-0,01;-0,01;-0,01;-0,02;-0,02;-0,01;-0,01;0,0;0,0;0,0;0,0;0,0;0,0;-0,01;-0,01;0,0;0,0;-0,07;-0,07;0,0;0,0;-0,03;-0,03;-0,02;-0,02;-0,01;-0,01;-0,01;-0,01;-0,02;-0,02;-0,11;-0,11;-0,01;-0,01;-0,01;-0,01;-0,01;-0,01;-0,01;-0,01;0,0;0,0;-0,02;-0,02
10.08.2026;03:45;04:00;0,0;0,0;-0,17;-0,17;-0,02;-0,02;0,0;0,0;-0,02;-0,02;0,0;0,0;-0,01;-0,01;-0,02;-0,02;0,0;0,0;0,0;0,0;0,0;0,0;0,0;0,0;-0,02;-0,02;0,0;0,0;-0,02;-0,02;0,0;0,0;-0,01;-0,01;-0,01;-0,01;-0,02;-0,02;-0,02;-0,02;-0,01;-0,01;-0,01;-0,01;0,0;0,0;-0,02;-0,02;0,0;0,0;-0,01;-0,01;-0,01;-0,01;-0,03;-0,03
10.08.2026;04:00;04:15;0,0;0,0;-0,23;-0,23;-0,02;-0,02;0,0;0,0;-0,01;-0,01;-0,01;-0,01;-0,01;-0,01;-0,02;-0,02;-0,01;-0,01;0,0;0,0;0,0;0,0;0,0;0,0;-0,01;-0,01;0,0;0,0;-0,01;-0,01;0,0;0,0;-0,01;-0,01;-0,01;-0,01;-0,01;-0,01;-0,01;-0,01;0,0;0,0;-0,01;-0,01;-0,01;-0,01;-0,01;-0,01;0,0;0,0;-0,02;-0,02;-0,01;-0,01;-0,02;-0,02
10.08.2026;04:15;04:30;0,0;0,0;-0,16;-0,16;-0,01;-0,01;0,0;0,0;-0,02;-0,02;0,0;0,0;-0,02;-0,02;-0,02;-0,02;-0,01;-0,01;0,0;0,0;0,0;0,0;0,0;0,0;-0,01;-0,01;0,0;0,0;-0,01;-0,01;0,0;0,0;-0,02;-0,02;-0,02;-0,02;-0,01;-0,01;-0,03;-0,03;-0,02;-0,02;-0,02;-0,02;-0,01;-0,01;-0,02;-0,02;0,0;0,0;0,0;0,0;0,0;0,0;-0,03;-0,03
10.08.2026;04:30;04:45;0,0;0,0;-0,16;-0,16;-0,03;-0,03;0,0;0,0;-0,01;-0,01;0,0;0,0;-0,01;-0,01;-0,02;-0,02;0,0;0,0;0,0;0,0;-0,01;-0,01;0,0;0,0;0,0;0,0;0,0;0,0;-0,02;-0,02;0,0;0,0;-0,01;-0,01;-0,01;-0,01;-0,02;-0,02;-0,03;-0,03;0,0;0,0;-0,02;-0,02;-0,01;-0,01;-0,01;-0,01;0,0;0,0;-0,02;-0,02;0,0;0,0;-0,01;-0,01
10.08.2026;04:45;05:00;0,0;0,0;-0,16;-0,16;-0,02;-0,02;0,0;0,0;-0,01;-0,01;-0,01;-0,01;0,0;0,0;-0,02;-0,02;-0,01;-0,01;0,0;0,0;0,0;0,0;0,0;0,0;-0,01;-0,01;0,0;0,0;-0,01;-0,01;0,0;0,0;-0,01;-0,01;-0,02;-0,02;0,0;0,0;-0,02;-0,02;-0,01;-0,01;-0,01;-0,01;-0,01;-0,01;-0,02;-0,02;0,0;0,0;0,0;0,0;-0,01;-0,01;-0,02;-0,02
10.08.2026;05:00;05:15;0,0;0,0;-0,17;-0,17;-0,02;-0,02;0,0;0,0;-0,01;-0,01;0,0;0,0;-0,01;-0,01;-0,01;-0,01;-0,01;-0,01;0,0;0,0;0,0;0,0;0,0;0,0;-0,02;-0,02;0,0;0,0;-0,01;-0,01;0,0;0,0;-0,01;-0,01;-0,02;-0,02;-0,02;-0,02;-0,03;-0,03;-0,01;-0,01;-0,01;-0,01;-0,01;-0,01;-0,01;-0,01;0,0;0,0;-0,02;-0,02;0,0;0,0;-0,01;-0,01
10.08.2026;05:15;05:30;0,0;0,0;-0,17;-0,17;-0,01;-0,01;0,0;0,0;-0,01;-0,01;0,0;0,0;-0,01;-0,01;-0,02;-0,02;0,0;0,0;0,0;0,0;0,0;0,0;0,0;0,0;-0,02;-0,02;0,0;0,0;-0,02;-0,02;0,0;0,0;-0,02;-0,02;-0,03;-0,03;-0,02;-0,02;0,0;0,0;-0,01;-0,01;-0,01;-0,01;-0,01;-0,01;-0,02;-0,02;0,0;0,0;0,0;0,0;-0,01;-0,01;-0,02;-0,02
10.08.2026;05:30;05:45;0,0;0,0;-0,17;-0,17;-0,03;-0,03;0,0;0,0;-0,01;-0,01;-0,01;-0,01;-0,01;-0,01;-0,02;-0,02;-0,01;-0,01;0,0;0,0;0,0;0,0;0,0;0,0;0,0;0,0;0,0;0,0;-0,01;-0,01;0,0;0,0;-0,02;-0,02;-0,02;-0,02;-0,01;-0,01;-0,01;-0,01;-0,01;-0,01;-0,02;-0,02;-0,01;-0,01;-0,01;-0,01;-0,01;-0,01;-0,02;-0,02;0,0;0,0;-0,02;-0,02
10.08.2026;05:45;06:00;0,0;0,0;-0,17;-0,17;-0,02;-0,02;0,0;0,0;-0,02;-0,02;0,0;0,0;-0,01;-0,01;-0,02;-0,02;0,0;0,0;0,0;0,0;0,0;0,0;0,0;0,0;-0,01;-0,01;0,0;0,0;-0,02;-0,02;-0,01;-0,01;-0,03;-0,03;-0,03;-0,03;-0,01;-0,01;-0,01;-0,01;-0,01;-0,01;-0,01;-0,01;-0,01;-0,01;-0,02;-0,02;0,0;0,0;0,0;0,0;0,0;0,0;-0,03;-0,03
10.08.2026;06:00;06:15;0,0;0,0;-0,16;-0,16;-0,02;-0,02;0,0;0,0;-0,01;-0,01;-0,01;-0,01;-0,01;-0,01;-0,02;-0,02;-0,01;-0,01;0,0;0,0;0,0;0,0;0,0;0,0;0,0;0,0;0,0;0,0;-0,01;-0,01;0,0;0,0;-0,02;-0,02;-0,02;-0,02;-0,01;-0,01;-0,01;-0,01;0,0;0,0;-0,01;-0,01;-0,01;-0,01;-0,02;-0,02;0,0;0,0;-0,02;-0,02;-0,01;-0,01;-0,01;-0,01
10.08.2026;06:15;06:30;0,03;0,03;-0,23;-0,23;-0,01;-0,01;-0,01;-0,01;-0,02;-0,02;0,0;0,0;0,0;0,0;-0,02;-0,02;-0,01;-0,01;0,0;0,0;0,0;0,0;0,0;0,0;-0,02;-0,02;-0,01;-0,01;-0,01;-0,01;0,0;0,0;-0,03;-0,03;-0,13;-0,13;-0,02;-0,02;0,0;0,0;-0,02;-0,02;-0,01;-0,01;-0,01;-0,01;-0,01;-0,01;0,0;0,0;0,0;0,0;-0,01;-0,01;-0,01;-0,01
10.08.2026;06:30;06:45;0,01;0,01;-0,17;-0,17;-0,03;-0,03;0,0;0,0;0,0;0,0;0,0;0,0;-0,02;-0,02;0,0;0,0;-0,01;-0,01;-0,01;-0,01;0,0;0,0;0,0;0,0;-0,08;-0,08;0,0;0,0;-0,02;-0,02;0,0;0,0;-0,02;-0,02;-0,06;-0,06;-0,01;-0,01;-0,01;-0,01;-0,01;-0,01;-0,01;-0,01;-0,01;-0,01;-0,01;-0,01;0,0;0,0;-0,02;-0,02;0,0;0,0;-0,02;-0,02
10.08.2026;06:45;07:00;0,0;0,0;-0,18;-0,18;-0,02;-0,02;0,0;0,0;-0,01;-0,01;-0,01;-0,01;-0,02;-0,02;-0,01;-0,01;-0,01;-0,01;0,0;0,0;0,0;0,0;0,0;0,0;-0,09;-0,09;0,0;0,0;-0,01;-0,01;0,0;0,0;-0,01;-0,01;-0,09;-0,09;-0,01;-0,01;-0,01;-0,01;0,0;0,0;-0,01;-0,01;-0,01;-0,01;-0,02;-0,02;0,0;0,0;0,0;0,0;0,0;0,0;-0,02;-0,02
10.08.2026;07:00;07:15;0,0;0,0;-0,17;-0,17;-0,11;-0,11;0,0;0,0;-0,01;-0,01;0,0;0,0;-0,01;-0,01;-0,02;-0,02;0,0;0,0;0,0;0,0;-0,01;-0,01;-0,01;-0,01;-0,03;-0,03;0,0;0,0;-0,01;-0,01;0,0;0,0;-0,02;-0,02;-0,02;-0,02;-0,01;-0,01;-0,01;-0,01;-0,02;-0,02;-0,02;-0,02;0,0;0,0;-0,01;-0,01;0,0;0,0;-0,02;-0,02;-0,01;-0,01;-0,02;-0,02
10.08.2026;07:15;07:30;0,13;0,11;-0,18;-0,16;-0,04;-0,04;0,0;0,0;-0,02;-0,02;0,0;0,0;-0,01;-0,01;-0,03;-0,03;0,0;0,0;0,0;0,0;0,0;0,0;0,0;0,0;-0,05;-0,05;0,0;0,0;-0,02;-0,02;0,0;0,0;-0,01;-0,01;-0,02;-0,02;-0,01;-0,01;-0,02;-0,02;0,0;0,0;0,0;0,0;-0,01;-0,01;-0,02;-0,02;0,0;0,0;-0,02;-0,02;0,0;0,0;-0,03;-0,03
10.08.2026;07:30;07:45;0,23;0,17;-0,18;-0,12;-0,03;-0,03;0,0;0,0;-0,01;-0,01;-0,01;-0,01;-0,01;-0,01;-0,02;-0,02;-0,01;-0,01;0,0;0,0;0,0;0,0;0,0;0,0;-0,03;-0,03;0,0;0,0;-0,01;-0,01;0,0;0,0;-0,01;-0,01;-0,01;-0,01;-0,02;-0,02;-0,02;-0,02;-0,01;-0,01;-0,01;-0,01;-0,01;-0,01;-0,01;-0,01;-0,01;-0,01;-0,03;-0,03;-0,01;-0,01;-0,02;-0,02
10.08.2026;07:45;08:00;0,24;0,18;-0,17;-0,11;-0,18;-0,18;0,0;0,0;-0,02;-0,02;0,0;0,0;-0,01;-0,01;-0,03;-0,03;0,0;0,0;0,0;0,0;0,0;0,0;0,0;0,0;-0,03;-0,03;0,0;0,0;-0,02;-0,02;0,0;0,0;-0,01;-0,01;-0,01;-0,01;-0,01;-0,01;-0,01;-0,01;-0,01;-0,01;-0,01;-0,01;-0,02;-0,02;-0,02;-0,02;0,0;0,0;-0,01;-0,01;0,0;0,0;-0,01;-0,01
10.08.2026;08:00;08:15;0,31;0,11;-0,21;-0,18;-0,04;-0,03;0,0;0,0;0,0;0,0;-0,01;0,0;-0,01;0,0;-0,03;-0,02;-0,01;0,0;0,0;0,0;0,0;0,0;0,0;0,0;-0,04;-0,03;0,0;0,0;-0,01;0,0;0,0;0,0;-0,01;0,0;-0,02;-0,01;-0,01;0,0;-0,01;0,0;-0,01;0,0;-0,01;0,0;0,0;0,0;-0,02;-0,01;0,0;0,0;-0,02;-0,01;-0,01;0,0;-0,01;0,0
10.08.2026;08:15;08:30;0,32;0,11;-0,21;-0,15;-0,03;-0,02;0,0;0,0;-0,01;0,0;0,0;0,0;0,0;0,0;-0,02;-0,01;-0,01;0,0;0,0;0,0;0,0;0,0;0,0;0,0;-0,03;-0,02;0,0;0,0;-0,1;-0,09;-0,01;0,0;0,0;0,0;-0,03;-0,02;-0,01;0,0;-0,01;0,0;-0,01;0,0;-0,01;0,0;-0,01;0,0;-0,05;-0,04;0,0;0,0;0,0;0,0;0,0;0,0;-0,02;-0,01
10.08.2026;08:30;08:45;0,37;0,14;-0,18;-0,11;-0,01;0,0;0,0;0,0;-0,01;0,0;-0,04;-0,03;-0,01;0,0;-0,03;-0,02;-0,01;0,0;0,0;0,0;0,0;0,0;0,0;0,0;-0,03;-0,02;0,0;0,0;-0,13;-0,12;0,0;0,0;0,0;0,0;-0,02;-0,01;-0,04;-0,03;0,0;0,0;-0,01;0,0;-0,01;0,0;-0,01;0,0;-0,02;-0,01;0,0;0,0;-0,02;-0,01;0,0;0,0;-0,02;-0,01
10.08.2026;08:45;09:00;0,64;0,19;-0,19;-0,08;-0,03;0,0;0,0;0,0;-0,02;0,0;-0,08;-0,05;-0,01;0,0;-0,03;0,0;0,0;0,0;0,0;0,0;0,0;0,0;0,0;0,0;-0,02;0,0;0,0;0,0;-0,13;-0,1;0,0;0,0;0,0;0,0;-0,02;0,0;-0,37;-0,34;-0,01;0,0;-0,01;0,0;-0,03;0,0;-0,01;0,0;-0,02;0,0;0,0;0,0;0,0;0,0;-0,01;0,0;-0,03;0,0
10.08.2026;09:00;09:15;1,04;0,34;-0,19;0,0;-0,02;0,0;0,0;0,0;-0,01;0,0;-0,07;0,0;-0,01;0,0;-0,02;0,0;-0,01;0,0;0,0;0,0;0,0;0,0;0,0;0,0;-0,03;0,0;0,0;0,0;-0,15;-0,07;0,0;0,0;0,0;0,0;-0,03;0,0;-0,05;0,0;-0,01;0,0;-0,01;0,0;-0,41;-0,33;-0,01;0,0;-0,02;0,0;0,0;0,0;-0,02;0,0;-0,01;0,0;-0,02;0,0
10.08.2026;09:15;09:30;1,12;0,42;-0,16;0,0;-0,03;0,0;0,0;0,0;-0,02;0,0;-0,08;0,0;-0,01;0,0;-0,03;0,0;-0,01;0,0;0,0;0,0;0,0;0,0;0,0;0,0;-0,02;0,0;0,0;0,0;-0,17;-0,09;0,0;0,0;-0,01;0,0;-0,02;0,0;-0,04;0,0;0,0;0,0;-0,01;0,0;-0,23;-0,15;-0,01;0,0;-0,27;-0,19;0,0;0,0;0,0;0,0;0,0;0,0;-0,01;0,0
10.08.2026;09:30;09:45;1,25;0,45;-0,19;0,0;-0,02;0,0;-0,01;0,0;-0,01;0,0;-0,4;-0,3;-0,01;0,0;-0,02;0,0;-0,01;0,0;0,0;0,0;-0,01;0,0;0,0;0,0;-0,02;0,0;-0,01;0,0;-0,16;-0,06;0,0;0,0;0,0;0,0;-0,02;0,0;-0,05;0,0;-0,02;0,0;-0,01;0,0;-0,11;-0,01;-0,01;0,0;-0,04;0,0;-0,01;0,0;-0,02;0,0;0,0;0,0;-0,01;0,0
10.08.2026;09:45;10:00;1,38;0,53;-0,2;0,0;-0,02;0,0;0,0;0,0;0,0;0,0;-0,23;-0,11;0,0;0,0;-0,03;0,0;0,0;0,0;0,0;0,0;0,0;0,0;0,0;0,0;-0,02;0,0;0,0;0,0;-0,21;-0,09;0,0;0,0;-0,02;0,0;-0,02;0,0;-0,28;-0,16;-0,01;0,0;-0,01;0,0;-0,04;0,0;-0,01;0,0;-0,08;0,0;0,0;0,0;0,0;0,0;-0,01;0,0;-0,02;0,0
10.08.2026;10:00;10:15;1,42;0,52;-0,18;0,0;-0,02;0,0;0,0;0,0;-0,01;0,0;-0,08;0,0;-0,02;0,0;-0,03;0,0;-0,01;0,0;0,0;0,0;0,0;0,0;0,0;0,0;-0,02;0,0;0,0;0,0;-0,18;-0,05;0,0;0,0;-0,01;0,0;-0,02;0,0;-0,24;-0,11;-0,01;0,0;0,0;0,0;-0,04;0,0;-0,01;0,0;-0,14;-0,01;0,0;0,0;-0,02;0,0;0,0;0,0;-0,03;0,0
10.08.2026;10:15;10:30;1,53;0,57;-0,18;0,0;-0,03;0,0;0,0;0,0;-0,02;0,0;-0,07;0,0;-0,01;0,0;-0,01;0,0;-0,01;0,0;0,0;0,0;0,0;0,0;0,0;0,0;-0,02;0,0;0,0;0,0;-0,16;-0,02;0,0;0,0;-0,01;0,0;-0,01;0,0;-0,61;-0,47;0,0;0,0;-0,02;0,0;-0,17;-0,03;-0,01;0,0;-0,11;0,0;0,0;0,0;0,0;0,0;-0,01;0,0;-0,02;0,0
10.08.2026;10:30;10:45;1,17;0,43;-0,21;0,0;-0,02;0,0;0,0;0,0;-0,01;0,0;-0,06;0,0;-0,01;0,0;-0,02;0,0;0,0;0,0;0,0;0,0;0,0;0,0;0,0;0,0;-0,01;0,0;0,0;0,0;-0,03;0,0;0,0;0,0;-0,02;0,0;-0,03;0,0;-0,16;-0,07;-0,01;0,0;0,0;0,0;-0,61;-0,52;0,0;0,0;-0,12;-0,03;0,0;0,0;-0,02;0,0;0,0;0,0;-0,02;0,0
10.08.2026;10:45;11:00;0,41;0,15;-0,26;-0,19;-0,03;-0,02;0,0;0,0;-0,01;0,0;-0,04;-0,03;-0,01;0,0;-0,02;-0,01;-0,01;0,0;0,0;0,0;0,0;0,0;0,0;0,0;-0,01;0,0;0,0;0,0;-0,02;-0,01;-0,01;0,0;-0,01;0,0;-0,02;-0,01;-0,08;-0,07;-0,01;0,0;-0,01;0,0;-0,58;-0,57;-0,01;0,0;-0,11;-0,1;0,0;0,0;0,0;0,0;-0,01;0,0;-0,02;-0,01
10.08.2026;11:00;11:15;0,0;0,0;-0,2;-0,2;-0,06;-0,06;0,0;0,0;-0,02;-0,02;-0,32;-0,32;-0,01;-0,01;-0,03;-0,03;0,0;0,0;0,0;0,0;0,0;0,0;0,0;0,0;-0,02;-0,02;0,0;0,0;-0,03;-0,03;0,0;0,0;-0,01;-0,01;-0,03;-0,03;-0,09;-0,09;0,0;0,0;-0,02;-0,02;-0,22;-0,22;-0,02;-0,02;-0,11;-0,11;0,0;0,0;-0,02;-0,02;0,0;0,0;-0,01;-0,01
10.08.2026;11:15;11:30;0,46;0,2;-0,17;-0,07;-0,05;-0,04;0,0;0,0;0,0;0,0;-0,02;-0,01;-0,01;0,0;-0,04;-0,03;-0,01;0,0;0,0;0,0;0,0;0,0;0,0;0,0;-0,02;-0,01;0,0;0,0;-0,02;-0,01;0,0;0,0;-0,02;-0,01;-0,05;-0,04;-0,1;-0,09;-0,01;0,0;0,0;0,0;-0,23;-0,22;-0,01;0,0;-0,1;-0,09;0,0;0,0;0,0;0,0;-0,01;0,0;-0,01;0,0
10.08.2026;11:30;11:45;1,82;0,73;-0,19;0,0;-0,06;0,0;0,0;0,0;-0,01;0,0;-0,03;0,0;-0,01;0,0;-0,24;-0,08;-0,01;0,0;-0,01;0,0;0,0;0,0;0,0;0,0;-0,26;-0,1;0,0;0,0;-0,02;0,0;0,0;0,0;-0,01;0,0;-0,04;0,0;-0,03;0,0;-0,01;0,0;-0,01;0,0;-0,11;0,0;0,0;0,0;-0,16;0,0;-0,01;0,0;-0,02;0,0;0,0;0,0;-0,03;0,0
10.08.2026;11:45;12:00;1,81;0,92;-0,18;0,0;-0,04;0,0;0,0;0,0;-0,02;0,0;-0,03;0,0;-0,01;0,0;-0,05;0,0;0,0;0,0;0,0;0,0;0,0;0,0;0,0;0,0;-0,34;-0,15;0,0;0,0;-0,02;0,0;0,0;0,0;-0,01;0,0;-0,04;0,0;-0,01;0,0;-0,01;0,0;-0,02;0,0;-0,04;0,0;-0,01;0,0;-0,25;-0,06;0,0;0,0;0,0;0,0;0,0;0,0;-0,02;0,0
10.08.2026;12:00;12:15;1,82;0,85;-0,17;0,0;-0,05;0,0;0,0;0,0;-0,01;0,0;-0,04;0,0;-0,33;-0,15;-0,06;0,0;-0,01;0,0;0,0;0,0;-0,01;0,0;-0,01;0,0;-0,06;0,0;0,0;0,0;-0,01;0,0;0,0;0,0;-0,02;0,0;-0,04;0,0;-0,02;0,0;-0,01;0,0;0,0;0,0;-0,03;0,0;-0,01;0,0;-0,25;-0,07;0,0;0,0;-0,02;0,0;-0,01;0,0;-0,02;0,0
10.08.2026;12:15;12:30;1,83;0,8;-0,18;0,0;-0,12;0,0;0,0;0,0;-0,01;0,0;-0,04;0,0;-0,45;-0,27;-0,06;0,0;-0,01;0,0;0,0;0,0;0,0;0,0;0,0;0,0;-0,04;0,0;0,0;0,0;-0,03;0,0;0,0;0,0;0,0;0,0;-0,04;0,0;-0,03;0,0;-0,01;0,0;-0,01;0,0;-0,04;0,0;-0,01;0,0;-0,24;-0,06;0,0;0,0;-0,01;0,0;-0,01;0,0;-0,02;0,0
10.08.2026;12:30;12:45;1,85;0,81;-0,18;0,0;-0,05;0,0;0,0;0,0;-0,01;0,0;-0,16;0,0;-0,22;-0,04;-0,07;0,0;-0,01;0,0;0,0;0,0;0,0;0,0;0,0;0,0;-0,02;0,0;0,0;0,0;-0,01;0,0;0,0;0,0;0,0;0,0;-0,03;0,0;-0,03;0,0;0,0;0,0;-0,01;0,0;-0,05;0,0;-0,01;0,0;-0,22;-0,04;0,0;0,0;-0,01;0,0;0,0;0,0;-0,03;0,0
10.08.2026;12:45;13:00;1,85;0,96;-0,18;0,0;-0,05;0,0;0,0;0,0;-0,01;0,0;-0,13;0,0;-0,14;0,0;-0,05;0,0;0,0;0,0;0,0;0,0;0,0;0,0;0,0;0,0;-0,03;0,0;0,0;0,0;-0,03;0,0;0,0;0,0;0,0;0,0;-0,04;0,0;-0,02;0,0;-0,01;0,0;-0,01;0,0;-0,03;0,0;-0,01;0,0;-0,13;0,0;0,0;0,0;-0,01;0,0;0,0;0,0;-0,01;0,0
10.08.2026;13:00;13:15;1,83;0,82;-0,26;0,0;-0,05;0,0;-0,01;0,0;-0,01;0,0;-0,11;0,0;-0,15;0,0;-0,05;0,0;-0,01;0,0;0,0;0,0;0,0;0,0;0,0;0,0;-0,03;0,0;-0,01;0,0;-0,02;0,0;0,0;0,0;-0,01;0,0;-0,04;0,0;-0,01;0,0;-0,01;0,0;-0,01;0,0;-0,01;0,0;-0,01;0,0;-0,16;0,0;0,0;0,0;-0,01;0,0;-0,01;0,0;-0,02;0,0
10.08.2026;13:15;13:30;1,79;0,81;-0,23;0,0;-0,06;0,0;0,0;0,0;-0,02;0,0;-0,1;0,0;-0,37;-0,2;-0,05;0,0;-0,01;0,0;0,0;0,0;0,0;0,0;0,0;0,0;-0,02;0,0;0,0;0,0;-0,03;0,0;-0,01;0,0;0,0;0,0;-0,03;0,0;-0,02;0,0;0,0;0,0;-0,01;0,0;-0,01;0,0;-0,01;0,0;-0,17;0,0;0,0;0,0;-0,01;0,0;-0,01;0,0;-0,01;0,0
10.08.2026;13:30;13:45;1,79;0,69;-0,26;0,0;-0,04;0,0;0,0;0,0;-0,01;0,0;-0,11;0,0;-0,42;-0,25;-0,06;0,0;0,0;0,0;0,0;0,0;0,0;0,0;0,0;0,0;0,0;0,0;0,0;0,0;-0,22;-0,05;0,0;0,0;0,0;0,0;-0,02;0,0;-0,02;0,0;-0,01;0,0;-0,01;0,0;-0,02;0,0;-0,01;0,0;-0,15;0,0;-0,01;0,0;-0,01;0,0;0,0;0,0;-0,02;0,0
10.08.2026;13:45;14:00;1,75;0,8;-0,18;0,0;-0,05;0,0;0,0;0,0;-0,02;0,0;-0,11;0,0;-0,15;0,0;-0,07;0,0;-0,01;0,0;0,0;0,0;0,0;0,0;0,0;0,0;-0,01;0,0;0,0;0,0;-0,06;0,0;0,0;0,0;0,0;0,0;-0,03;0,0;-0,01;0,0;-0,01;0,0;-0,01;0,0;-0,01;0,0;-0,01;0,0;-0,21;-0,04;0,0;0,0;-0,01;0,0;0,0;0,0;-0,03;0,0
10.08.2026;14:00;14:15;1,54;0,65;-0,16;0,0;-0,05;0,0;0,0;0,0;0,0;0,0;-0,11;0,0;-0,43;-0,29;-0,07;0,0;-0,01;0,0;0,0;0,0;0,0;0,0;0,0;0,0;-0,02;0,0;0,0;0,0;-0,05;0,0;0,0;0,0;-0,02;0,0;-0,03;0,0;-0,02;0,0;-0,02;0,0;0,0;0,0;0,0;0,0;-0,01;0,0;-0,17;-0,03;0,0;0,0;-0,01;0,0;-0,01;0,0;-0,02;0,0
10.08.2026;14:15;14:30;1,43;0,56;-0,17;0,0;-0,04;0,0;0,0;0,0;-0,01;0,0;-0,1;0,0;-0,48;-0,34;-0,07;0,0;0,0;0,0;0,0;0,0;0,0;0,0;0,0;0,0;-0,02;0,0;0,0;0,0;-0,06;0,0;0,0;0,0;-0,01;0,0;-0,03;0,0;0,0;0,0;0,0;0,0;-0,02;0,0;-0,01;0,0;-0,01;0,0;-0,14;0,0;0,0;0,0;-0,01;0,0;-0,01;0,0;-0,02;0,0
10.08.2026;14:30;14:45;1,67;0,69;-0,19;0,0;-0,05;0,0;0,0;0,0;-0,01;0,0;-0,1;0,0;-0,5;-0,35;-0,09;0,0;-0,01;0,0;0,0;0,0;-0,01;0,0;0,0;0,0;-0,02;0,0;0,0;0,0;-0,06;0,0;0,0;0,0;-0,02;0,0;-0,04;0,0;-0,01;0,0;-0,01;0,0;-0,01;0,0;-0,01;0,0;-0,01;0,0;-0,17;-0,02;0,0;0,0;-0,01;0,0;0,0;0,0;-0,02;0,0
10.08.2026;14:45;15:00;0,77;0,21;-0,16;0,0;-0,03;0,0;0,0;0,0;-0,02;0,0;-0,1;-0,06;-0,36;-0,32;-0,09;-0,05;-0,01;0,0;0,0;0,0;0,0;0,0;0,0;0,0;-0,02;0,0;0,0;0,0;-0,08;-0,04;0,0;0,0;-0,01;0,0;-0,04;0,0;-0,01;0,0;0,0;0,0;0,0;0,0;-0,02;0,0;-0,01;0,0;-0,18;-0,14;0,0;0,0;-0,01;0,0;0,0;0,0;-0,02;0,0
10.08.2026;15:00;15:15;0,47;0,2;-0,22;-0,12;-0,03;-0,02;0,0;0,0;-0,01;0,0;-0,11;-0,1;-0,26;-0,25;-0,07;-0,06;-0,01;0,0;0,0;0,0;0,0;0,0;0,0;0,0;-0,02;-0,01;0,0;0,0;-0,08;-0,07;0,0;0,0;-0,01;0,0;-0,03;-0,02;-0,02;-0,01;-0,02;-0,01;-0,02;-0,01;0,0;0,0;0,0;0,0;-0,17;-0,16;0,0;0,0;-0,01;0,0;-0,01;0,0;-0,03;-0,02
10.08.2026;15:15;15:30;0,0;0,0;-0,18;-0,18;-0,01;-0,01;0,0;0,0;-0,02;-0,02;-0,09;-0,09;-0,02;-0,02;-0,04;-0,04;0,0;0,0;0,0;0,0;0,0;0,0;0,0;0,0;-0,01;-0,01;0,0;0,0;-0,09;-0,09;0,0;0,0;-0,02;-0,02;-0,02;-0,02;-0,01;-0,01;-0,1;-0,1;0,0;0,0;-0,01;-0,01;-0,01;-0,01;-0,18;-0,18;0,0;0,0;-0,01;-0,01;0,0;0,0;-0,01;-0,01
10.08.2026;15:30;15:45;0,25;0,18;-0,23;-0,16;-0,03;-0,03;0,0;0,0;0,0;0,0;-0,09;-0,09;-0,01;-0,01;-0,03;-0,03;-0,01;-0,01;0,0;0,0;0,0;0,0;0,0;0,0;0,0;0,0;0,0;0,0;-0,09;-0,09;0,0;0,0;-0,01;-0,01;-0,03;-0,03;-0,01;-0,01;-0,13;-0,13;-0,02;-0,02;-0,01;-0,01;-0,01;-0,01;-0,13;-0,13;-0,01;-0,01;-0,01;-0,01;-0,01;-0,01;-0,03;-0,03
10.08.2026;15:45;16:00;0,54;0,16;-0,2;-0,11;-0,02;0,0;0,0;0,0;-0,01;0,0;-0,1;-0,08;-0,01;0,0;-0,03;-0,01;-0,01;0,0;0,0;0,0;0,0;0,0;0,0;0,0;-0,02;0,0;0,0;0,0;-0,1;-0,08;-0,01;0,0;-0,01;0,0;-0,02;0,0;-0,01;0,0;-0,19;-0,17;-0,01;0,0;-0,01;0,0;-0,02;0,0;-0,16;-0,14;0,0;0,0;-0,01;0,0;0,0;0,0;-0,02;0,0
10.08.2026;16:00;16:15;0,85;0,24;-0,27;-0,08;-0,01;0,0;0,0;0,0;-0,01;0,0;-0,11;-0,05;-0,02;0,0;-0,04;0,0;0,0;0,0;0,0;0,0;-0,01;0,0;0,0;0,0;-0,02;0,0;0,0;0,0;-0,1;-0,04;0,0;0,0;-0,02;0,0;-0,03;0,0;-0,01;0,0;-0,02;0,0;0,0;0,0;-0,01;0,0;0,0;0,0;-0,19;-0,13;0,0;0,0;-0,01;0,0;0,0;0,0;-0,03;0,0
10.08.2026;16:15;16:30;0,64;0,2;-0,17;-0,05;-0,02;0,0;-0,01;0,0;-0,02;0,0;-0,1;-0,08;-0,01;0,0;-0,03;-0,01;-0,01;0,0;0,0;0,0;0,0;0,0;0,0;0,0;0,0;0,0;-0,01;0,0;-0,07;-0,05;0,0;0,0;-0,01;0,0;-0,02;0,0;-0,02;0,0;-0,02;0,0;-0,02;0,0;-0,01;0,0;-0,01;0,0;-0,24;-0,22;0,0;0,0;-0,02;0,0;-0,01;0,0;-0,11;-0,09
10.08.2026;16:30;16:45;0,51;0,21;-0,27;-0,16;-0,03;-0,02;0,0;0,0;-0,01;0,0;-0,1;-0,09;-0,01;0,0;-0,03;-0,02;0,0;0,0;-0,01;0,0;-0,01;0,0;0,0;0,0;-0,01;0,0;0,0;0,0;-0,07;-0,06;0,0;0,0;-0,01;0,0;-0,02;-0,01;-0,01;0,0;-0,01;0,0;0,0;0,0;-0,01;0,0;-0,01;0,0;-0,24;-0,23;0,0;0,0;-0,03;-0,02;-0,01;0,0;-0,4;-0,39
10.08.2026;16:45;17:00;1,0;0,25;-0,31;-0,09;-0,03;0,0;0,0;0,0;-0,02;0,0;-0,1;-0,02;-0,01;0,0;-0,03;0,0;-0,01;0,0;0,0;0,0;0,0;0,0;0,0;0,0;-0,01;0,0;0,0;0,0;-0,07;0,0;0,0;0,0;0,0;0,0;-0,02;0,0;-0,01;0,0;0,0;0,0;-0,01;0,0;-0,01;0,0;-0,01;0,0;-0,22;-0,14;0,0;0,0;-0,05;0,0;0,0;0,0;-0,72;-0,64
10.08.2026;17:00;17:15;0,76;0,24;-0,22;-0,06;-0,02;0,0;0,0;0,0;0,0;0,0;-0,11;-0,07;-0,01;0,0;-0,03;0,0;-0,01;0,0;0,0;0,0;0,0;0,0;-0,01;0,0;-0,02;0,0;0,0;0,0;-0,08;-0,04;0,0;0,0;-0,01;0,0;-0,01;0,0;-0,01;0,0;-0,01;0,0;-0,02;0,0;-0,01;0,0;-0,01;0,0;-0,22;-0,18;0,0;0,0;-0,02;0,0;0,0;0,0;-0,59;-0,55
10.08.2026;17:15;17:30;0,45;0,19;-0,23;-0,13;-0,06;-0,05;0,0;0,0;-0,01;0,0;-0,19;-0,18;-0,01;0,0;-0,03;-0,02;0,0;0,0;0,0;0,0;0,0;0,0;0,0;0,0;-0,01;0,0;0,0;0,0;-0,08;-0,07;0,0;0,0;0,0;0,0;-0,01;0,0;-0,01;0,0;-0,01;0,0;0,0;0,0;-0,01;0,0;-0,01;0,0;-0,22;-0,21;0,0;0,0;-0,02;-0,01;-0,01;0,0;-0,46;-0,45
10.08.2026;17:30;17:45;0,35;0,11;-0,17;-0,1;-0,05;-0,04;0,0;0,0;-0,02;-0,01;-0,24;-0,23;-0,01;0,0;-0,03;-0,02;-0,01;0,0;0,0;0,0;0,0;0,0;0,0;0,0;-0,01;0,0;0,0;0,0;-0,08;-0,07;0,0;0,0;0,0;0,0;-0,01;0,0;-0,01;0,0;0,0;0,0;-0,01;0,0;-0,01;0,0;-0,01;0,0;-0,26;-0,25;-0,01;0,0;-0,01;0,0;0,0;0,0;-0,59;-0,58
10.08.2026;17:45;18:00;0,66;0,19;-0,3;-0,19;-0,05;-0,02;0,0;0,0;-0,01;0,0;-0,39;-0,36;-0,07;-0,04;-0,02;0,0;-0,01;0,0;0,0;0,0;-0,01;0,0;0,0;0,0;0,0;0,0;0,0;0,0;-0,07;-0,04;0,0;0,0;0,0;0,0;-0,02;0,0;-0,02;0,0;-0,01;0,0;-0,02;0,0;-0,01;0,0;-0,01;0,0;-0,2;-0,17;0,0;0,0;-0,03;0,0;-0,01;0,0;-0,47;-0,44
10.08.2026;18:00;18:15;0,27;0,19;-0,19;-0,11;-0,05;-0,05;0,0;0,0;-0,02;-0,02;-0,16;-0,16;-0,03;-0,03;-0,03;-0,03;-0,01;-0,01;0,0;0,0;0,0;0,0;0,0;0,0;-0,02;-0,02;0,0;0,0;-0,09;-0,09;0,0;0,0;0,0;0,0;-0,02;-0,02;-0,3;-0,3;-0,02;-0,02;0,0;0,0;-0,01;-0,01;-0,01;-0,01;-0,21;-0,21;0,0;0,0;-0,02;-0,02;0,0;0,0;-0,58;-0,58
10.08.2026;18:15;18:30;0,43;0,18;-0,22;-0,15;-0,06;-0,05;0,0;0,0;-0,01;0,0;-0,15;-0,14;-0,05;-0,04;-0,03;-0,02;0,0;0,0;0,0;0,0;0,0;0,0;0,0;0,0;-0,05;-0,04;0,0;0,0;-0,1;-0,09;-0,01;0,0;-0,01;0,0;-0,02;-0,01;-0,11;-0,1;-0,01;0,0;-0,01;0,0;0,0;0,0;-0,01;0,0;-0,23;-0,22;0,0;0,0;-0,22;-0,21;-0,01;0,0;-0,46;-0,45
10.08.2026;18:30;18:45;0,21;0,16;-0,23;-0,18;-0,07;-0,07;0,0;0,0;0,0;0,0;-0,15;-0,15;-0,03;-0,03;-0,03;-0,03;-0,01;-0,01;0,0;0,0;0,0;0,0;0,0;0,0;-0,3;-0,3;0,0;0,0;-0,08;-0,08;0,0;0,0;-0,01;-0,01;-0,03;-0,03;-0,11;-0,11;0,0;0,0;-0,01;-0,01;-0,02;-0,02;-0,01;-0,01;-0,26;-0,26;0,0;0,0;-0,06;-0,06;0,0;0,0;-0,32;-0,32
10.08.2026;18:45;19:00;0,14;0,11;-0,25;-0,22;-0,05;-0,05;0,0;0,0;-0,01;-0,01;-0,15;-0,15;-0,08;-0,08;-0,04;-0,04;-0,01;-0,01;0,0;0,0;0,0;0,0;0,0;0,0;-0,06;-0,06;0,0;0,0;-0,09;-0,09;0,0;0,0;-0,11;-0,11;-0,02;-0,02;-0,08;-0,08;-0,01;-0,01;-0,01;-0,01;-0,01;-0,01;-0,01;-0,01;-0,26;-0,26;0,0;0,0;-0,05;-0,05;-0,01;-0,01;-0,25;-0,25
10.08.2026;19:00;19:15;0,22;0,17;-0,27;-0,22;-0,05;-0,05;0,0;0,0;-0,02;-0,02;-0,13;-0,13;-0,17;-0,17;-0,03;-0,03;0,0;0,0;0,0;0,0;0,0;0,0;0,0;0,0;-0,13;-0,13;0,0;0,0;-0,09;-0,09;0,0;0,0;-0,4;-0,4;-0,02;-0,02;-0,11;-0,11;-0,01;-0,01;-0,01;-0,01;-0,01;-0,01;-0,01;-0,01;-0,27;-0,27;0,0;0,0;-0,05;-0,05;0,0;0,0;-0,37;-0,37
10.08.2026;19:15;19:30;0,0;0,0;-0,27;-0,27;-0,13;-0,13;0,0;0,0;-0,01;-0,01;-0,11;-0,11;-0,05;-0,05;-0,03;-0,03;-0,01;-0,01;0,0;0,0;0,0;0,0;0,0;0,0;-0,11;-0,11;0,0;0,0;-0,09;-0,09;0,0;0,0;-0,23;-0,23;-0,03;-0,03;-0,08;-0,08;-0,02;-0,02;-0,01;-0,01;0,0;0,0;-0,01;-0,01;-0,63;-0,63;0,0;0,0;-0,03;-0,03;-0,01;-0,01;-0,02;-0,02
10.08.2026;19:30;19:45;0,0;0,0;-0,24;-0,24;-0,04;-0,04;-0,01;-0,01;-0,02;-0,02;-0,13;-0,13;-0,05;-0,05;-0,03;-0,03;-0,01;-0,01;0,0;0,0;-0,01;-0,01;0,0;0,0;-0,12;-0,12;-0,01;-0,01;-0,09;-0,09;0,0;0,0;-0,15;-0,15;-0,02;-0,02;-0,07;-0,07;-0,01;-0,01;-0,01;-0,01;-0,01;-0,01;-0,01;-0,01;-0,25;-0,25;-0,01;-0,01;-0,18;-0,18;0,0;0,0;-0,02;-0,02
10.08.2026;19:45;20:00;0,0;0,0;-0,34;-0,34;-0,06;-0,06;0,0;0,0;-0,01;-0,01;-0,17;-0,17;-0,04;-0,04;-0,03;-0,03;-0,02;-0,02;0,0;0,0;0,0;0,0;0,0;0,0;-0,12;-0,12;0,0;0,0;-0,09;-0,09;0,0;0,0;-0,05;-0,05;-0,03;-0,03;-0,06;-0,06;-0,03;-0,03;-0,01;-0,01;-0,06;-0,06;-0,01;-0,01;-0,25;-0,25;0,0;0,0;-0,04;-0,04;0,0;0,0;-0,02;-0,02
10.08.2026;20:00;20:15;0,01;0,01;-0,17;-0,17;-0,09;-0,09;0,0;0,0;0,0;0,0;-0,29;-0,29;-0,03;-0,03;-0,04;-0,04;-0,01;-0,01;0,0;0,0;0,0;0,0;0,0;0,0;-0,11;-0,11;0,0;0,0;-0,1;-0,1;0,0;0,0;-0,04;-0,04;-0,05;-0,05;-0,06;-0,06;-0,03;-0,03;-0,01;-0,01;-0,45;-0,45;-0,01;-0,01;-0,33;-0,33;0,0;0,0;-0,04;-0,04;-0,01;-0,01;-0,04;-0,04
10.08.2026;20:15;20:30;0,01;0,01;-0,19;-0,19;-0,04;-0,04;0,0;0,0;-0,01;-0,01;-0,15;-0,15;-0,03;-0,03;-0,03;-0,03;-0,01;-0,01;0,0;0,0;0,0;0,0;0,0;0,0;-0,07;-0,07;0,0;0,0;-0,09;-0,09;0,0;0,0;-0,03;-0,03;-0,06;-0,06;-0,04;-0,04;-0,03;-0,03;-0,01;-0,01;-0,29;-0,29;-0,01;-0,01;-0,3;-0,3;0,0;0,0;-0,05;-0,05;-0,01;-0,01;-0,05;-0,05
10.08.2026;20:30;20:45;0,0;0,0;-0,19;-0,19;-0,07;-0,07;0,0;0,0;-0,02;-0,02;-0,17;-0,17;-0,04;-0,04;-0,03;-0,03;-0,01;-0,01;0,0;0,0;0,0;0,0;0,0;0,0;-0,01;-0,01;0,0;0,0;-0,1;-0,1;0,0;0,0;-0,04;-0,04;-0,06;-0,06;-0,03;-0,03;-0,02;-0,02;-0,01;-0,01;-0,59;-0,59;-0,01;-0,01;-0,27;-0,27;0,0;0,0;-0,04;-0,04;0,0;0,0;-0,03;-0,03
10.08.2026;20:45;21:00;0,0;0,0;-0,18;-0,18;-0,06;-0,06;0,0;0,0;-0,01;-0,01;-0,16;-0,16;-0,04;-0,04;-0,04;-0,04;-0,01;-0,01;0,0;0,0;0,0;0,0;0,0;0,0;-0,02;-0,02;0,0;0,0;-0,08;-0,08;-0,01;-0,01;-0,04;-0,04;-0,05;-0,05;-0,02;-0,02;0,0;0,0;0,0;0,0;-0,52;-0,52;-0,01;-0,01;-0,14;-0,14;0,0;0,0;-0,03;-0,03;0,0;0,0;-0,03;-0,03
10.08.2026;21:00;21:15;0,0;0,0;-0,17;-0,17;-0,06;-0,06;0,0;0,0;-0,02;-0,02;-0,16;-0,16;-0,04;-0,04;-0,03;-0,03;-0,01;-0,01;0,0;0,0;0,0;0,0;0,0;0,0;-0,02;-0,02;0,0;0,0;-0,18;-0,18;0,0;0,0;-0,03;-0,03;-0,06;-0,06;-0,04;-0,04;-0,01;-0,01;-0,02;-0,02;-0,26;-0,26;-0,01;-0,01;-0,19;-0,19;0,0;0,0;-0,03;-0,03;-0,01;-0,01;-0,03;-0,03
10.08.2026;21:15;21:30;0,0;0,0;-0,21;-0,21;-0,05;-0,05;0,0;0,0;0,0;0,0;-0,16;-0,16;-0,03;-0,03;-0,02;-0,02;-0,01;-0,01;0,0;0,0;0,0;0,0;0,0;0,0;-0,02;-0,02;0,0;0,0;-0,08;-0,08;0,0;0,0;-0,03;-0,03;-0,05;-0,05;-0,06;-0,06;-0,17;-0,17;-0,01;-0,01;-0,1;-0,1;-0,01;-0,01;-0,17;-0,17;0,0;0,0;-0,03;-0,03;0,0;0,0;-0,03;-0,03
10.08.2026;21:30;21:45;0,0;0,0;-0,19;-0,19;-0,05;-0,05;0,0;0,0;-0,01;-0,01;-0,15;-0,15;-0,04;-0,04;-0,02;-0,02;0,0;0,0;-0,01;-0,01;0,0;0,0;0,0;0,0;-0,01;-0,01;0,0;0,0;-0,06;-0,06;0,0;0,0;-0,02;-0,02;-0,06;-0,06;-0,04;-0,04;-0,15;-0,15;0,0;0,0;-0,07;-0,07;-0,01;-0,01;-0,16;-0,16;-0,01;-0,01;-0,02;-0,02;-0,01;-0,01;-0,03;-0,03
10.08.2026;21:45;22:00;0,0;0,0;-0,21;-0,21;-0,05;-0,05;0,0;0,0;-0,01;-0,01;-0,14;-0,14;-0,04;-0,04;-0,04;-0,04;-0,01;-0,01;0,0;0,0;0,0;0,0;0,0;0,0;-0,02;-0,02;0,0;0,0;-0,04;-0,04;0,0;0,0;-0,03;-0,03;-0,05;-0,05;-0,03;-0,03;-0,04;-0,04;-0,02;-0,02;-0,15;-0,15;-0,01;-0,01;-0,15;-0,15;0,0;0,0;-0,03;-0,03;0,0;0,0;-0,03;-0,03
10.08.2026;22:00;22:15;0,0;0,0;-0,19;-0,19;-0,06;-0,06;0,0;0,0;-0,02;-0,02;-0,11;-0,11;-0,07;-0,07;-0,03;-0,03;-0,01;-0,01;0,0;0,0;-0,01;-0,01;-0,01;-0,01;-0,02;-0,02;0,0;0,0;-0,07;-0,07;0,0;0,0;-0,03;-0,03;-0,06;-0,06;-0,03;-0,03;-0,01;-0,01;0,0;0,0;-0,19;-0,19;-0,01;-0,01;-0,16;-0,16;0,0;0,0;-0,02;-0,02;-0,01;-0,01;-0,03;-0,03
10.08.2026;22:15;22:30;0,0;0,0;-0,21;-0,21;-0,07;-0,07;0,0;0,0;-0,01;-0,01;-0,13;-0,13;-0,41;-0,41;-0,03;-0,03;0,0;0,0;0,0;0,0;0,0;0,0;0,0;0,0;-0,01;-0,01;0,0;0,0;-0,35;-0,35;0,0;0,0;-0,02;-0,02;-0,05;-0,05;-0,02;-0,02;-0,02;-0,02;-0,01;-0,01;-0,16;-0,16;-0,01;-0,01;-0,14;-0,14;0,0;0,0;-0,03;-0,03;0,0;0,0;-0,03;-0,03
10.08.2026;22:30;22:45;0,0;0,0;-0,23;-0,23;-0,06;-0,06;0,0;0,0;-0,01;-0,01;-0,14;-0,14;-0,12;-0,12;-0,03;-0,03;-0,01;-0,01;0,0;0,0;0,0;0,0;0,0;0,0;-0,01;-0,01;0,0;0,0;-0,03;-0,03;0,0;0,0;-0,03;-0,03;-0,06;-0,06;-0,03;-0,03;-0,01;-0,01;-0,01;-0,01;-0,05;-0,05;-0,01;-0,01;-0,14;-0,14;0,0;0,0;-0,02;-0,02;-0,01;-0,01;-0,02;-0,02
10.08.2026;22:45;23:00;0,0;0,0;-0,19;-0,19;-0,04;-0,04;0,0;0,0;-0,01;-0,01;-0,14;-0,14;-0,15;-0,15;-0,06;-0,06;-0,01;-0,01;0,0;0,0;0,0;0,0;0,0;0,0;-0,01;-0,01;0,0;0,0;-0,04;-0,04;0,0;0,0;-0,02;-0,02;-0,06;-0,06;-0,02;-0,02;-0,02;-0,02;-0,01;-0,01;-0,03;-0,03;-0,01;-0,01;-0,13;-0,13;0,0;0,0;-0,03;-0,03;0,0;0,0;-0,03;-0,03
10.08.2026;23:00;23:15;0,0;0,0;-0,17;-0,17;-0,04;-0,04;-0,01;-0,01;-0,01;-0,01;-0,16;-0,16;-0,02;-0,02;-0,06;-0,06;0,0;0,0;0,0;0,0;0,0;0,0;0,0;0,0;0,0;0,0;-0,01;-0,01;-0,06;-0,06;0,0;0,0;-0,02;-0,02;-0,05;-0,05;-0,03;-0,03;-0,01;-0,01;-0,01;-0,01;-0,03;-0,03;-0,01;-0,01;-0,13;-0,13;0,0;0,0;-0,03;-0,03;0,0;0,0;-0,02;-0,02
10.08.2026;23:15;23:30;0,0;0,0;-0,16;-0,16;-0,06;-0,06;0,0;0,0;-0,02;-0,02;-0,13;-0,13;-0,01;-0,01;-0,06;-0,06;-0,01;-0,01;0,0;0,0;0,0;0,0;0,0;0,0;-0,02;-0,02;0,0;0,0;-0,23;-0,23;-0,01;-0,01;-0,03;-0,03;-0,05;-0,05;-0,02;-0,02;0,0;0,0;-0,01;-0,01;-0,03;-0,03;-0,01;-0,01;-0,11;-0,11;0,0;0,0;-0,02;-0,02;-0,01;-0,01;-0,03;-0,03
10.08.2026;23:30;23:45;0,0;0,0;-0,21;-0,21;-0,07;-0,07;0,0;0,0;-0,01;-0,01;-0,12;-0,12;-0,02;-0,02;-0,04;-0,04;-0,01;-0,01;0,0;0,0;0,0;0,0;0,0;0,0;-0,02;-0,02;0,0;0,0;-0,02;-0,02;0,0;0,0;-0,02;-0,02;-0,06;-0,06;-0,03;-0,03;-0,02;-0,02;-0,01;-0,01;-0,03;-0,03;-0,01;-0,01;-0,08;-0,08;-0,01;-0,01;-0,03;-0,03;-0,01;-0,01;-0,03;-0,03
10.08.2026;23:45;00:00;0,0;0,0;-0,2;-0,2;-0,05;-0,05;0,0;0,0;-0,01;-0,01;-0,14;-0,14;-0,01;-0,01;-0,03;-0,03;-0,01;-0,01;0,0;0,0;0,0;0,0;0,0;0,0;-0,01;-0,01;0,0;0,0;-0,02;-0,02;0,0;0,0;-0,03;-0,03;-0,05;-0,05;-0,02;-0,02;0,0;0,0;-0,01;-0,01;-0,04;-0,04;-0,01;-0,01;-0,09;-0,09;0,0;0,0;-0,02;-0,02;0,0;0,0;-0,03;-0,03
11.08.2026;00:00;00:15;0,0;0,0;-0,17;-0,17;-0,04;-0,04;0,0;0,0;-0,01;-0,01;-0,15;-0,15;0,0;0,0;-0,03;-0,03;0,0;0,0;0,0;0,0;0,0;0,0;0,0;0,0;0,0;0,0;0,0;0,0;-0,04;-0,04;0,0;0,0;-0,02;-0,02;-0,06;-0,06;-0,02;-0,02;-0,01;-0,01;-0,01;-0,01;-0,07;-0,07;-0,01;-0,01;-0,05;-0,05;0,0;0,0;-0,02;-0,02;0,0;0,0;-0,02;-0,02
11.08.2026;00:15;00:30;0,0;0,0;-0,17;-0,17;-0,05;-0,05;0,0;0,0;-0,01;-0,01;-0,13;-0,13;-0,02;-0,02;-0,03;-0,03;-0,01;-0,01;0,0;0,0;0,0;0,0;0,0;0,0;-0,01;-0,01;0,0;0,0;-0,06;-0,06;0,0;0,0;-0,01;-0,01;-0,05;-0,05;-0,03;-0,03;-0,01;-0,01;-0,01;-0,01;-0,07;-0,07;-0,01;-0,01;-0,07;-0,07;0,0;0,0;-0,04;-0,04;-0,01;-0,01;-0,01;-0,01
11.08.2026;00:30;00:45;0,0;0,0;-0,17;-0,17;-0,06;-0,06;0,0;0,0;-0,01;-0,01;-0,1;-0,1;-0,01;-0,01;-0,03;-0,03;-0,01;-0,01;0,0;0,0;-0,01;-0,01;0,0;0,0;-0,01;-0,01;0,0;0,0;-0,09;-0,09;0,0;0,0;-0,01;-0,01;-0,02;-0,02;-0,02;-0,02;-0,01;-0,01;-0,01;-0,01;-0,07;-0,07;-0,01;-0,01;-0,07;-0,07;0,0;0,0;-0,04;-0,04;-0,01;-0,01;-0,03;-0,03
11.08.2026;00:45;01:00;0,0;0,0;-0,15;-0,15;-0,06;-0,06;0,0;0,0;-0,02;-0,02;-0,1;-0,1;-0,01;-0,01;-0,02;-0,02;0,0;0,0;0,0;0,0;0,0;0,0;0,0;0,0;-0,02;-0,02;0,0;0,0;-0,08;-0,08;0,0;0,0;-0,01;-0,01;-0,03;-0,03;-0,03;-0,03;-0,01;-0,01;0,0;0,0;-0,07;-0,07;-0,01;-0,01;-0,14;-0,14;0,0;0,0;-0,03;-0,03;0,0;0,0;-0,03;-0,03
11.08.2026;01:00;01:15;0,0;0,0;-0,16;-0,16;-0,03;-0,03;0,0;0,0;-0,01;-0,01;-0,11;-0,11;-0,01;-0,01;-0,02;-0,02;-0,01;-0,01;0,0;0,0;0,0;0,0;0,0;0,0;-0,01;-0,01;0,0;0,0;-0,07;-0,07;0,0;0,0;-0,02;-0,02;-0,02;-0,02;-0,02;-0,02;-0,01;-0,01;-0,02;-0,02;-0,07;-0,07;-0,01;-0,01;-0,07;-0,07;0,0;0,0;-0,02;-0,02;0,0;0,0;-0,02;-0,02
11.08.2026;01:15;01:30;0,0;0,0;-0,15;-0,15;-0,03;-0,03;0,0;0,0;-0,01;-0,01;-0,11;-0,11;-0,01;-0,01;-0,02;-0,02;0,0;0,0;0,0;0,0;0,0;0,0;0,0;0,0;-0,01;-0,01;0,0;0,0;-0,08;-0,08;0,0;0,0;-0,01;-0,01;-0,03;-0,03;-0,02;-0,02;-0,01;-0,01;-0,01;-0,01;-0,07;-0,07;0,0;0,0;-0,01;-0,01;0,0;0,0;-0,03;-0,03;-0,01;-0,01;-0,03;-0,03
11.08.2026;01:30;01:45;0,0;0,0;-0,17;-0,17;-0,01;-0,01;0,0;0,0;-0,01;-0,01;-0,1;-0,1;-0,01;-0,01;-0,02;-0,02;-0,01;-0,01;0,0;0,0;0,0;0,0;0,0;0,0;0,0;0,0;0,0;0,0;-0,08;-0,08;0,0;0,0;-0,01;-0,01;-0,02;-0,02;-0,02;-0,02;-0,01;-0,01;-0,01;-0,01;-0,07;-0,07;-0,02;-0,02;-0,02;-0,02;-0,01;-0,01;-0,03;-0,03;-0,01;-0,01;-0,03;-0,03
11.08.2026;01:45;02:00;0,0;0,0;-0,16;-0,16;-0,02;-0,02;0,0;0,0;-0,01;-0,01;-0,08;-0,08;-0,01;-0,01;-0,03;-0,03;-0,01;-0,01;0,0;0,0;0,0;0,0;0,0;0,0;-0,01;-0,01;0,0;0,0;-0,04;-0,04;-0,01;-0,01;-0,02;-0,02;-0,03;-0,03;-0,03;-0,03;-0,01;-0,01;-0,01;-0,01;-0,07;-0,07;-0,01;-0,01;-0,01;-0,01;0,0;0,0;-0,01;-0,01;0,0;0,0;-0,03;-0,03
11.08.2026;02:00;02:15;0,0;0,0;-0,15;-0,15;-0,05;-0,05;0,0;0,0;-0,01;-0,01;-0,08;-0,08;-0,01;-0,01;-0,03;-0,03;0,0;0,0;0,0;0,0;0,0;0,0;0,0;0,0;-0,01;-0,01;0,0;0,0;-0,02;-0,02;0,0;0,0;-0,03;-0,03;-0,02;-0,02;-0,02;-0,02;-0,01;-0,01;0,0;0,0;-0,06;-0,06;-0,01;-0,01;-0,02;-0,02;0,0;0,0;-0,03;-0,03;0,0;0,0;-0,03;-0,03
11.08.2026;02:15;02:30;0,0;0,0;-0,16;-0,16;-0,06;-0,06;-0,01;-0,01;-0,02;-0,02;-0,09;-0,09;-0,01;-0,01;-0,03;-0,03;-0,01;-0,01;0,0;0,0;0,0;0,0;0,0;0,0;-0,02;-0,02;-0,01;-0,01;-0,01;-0,01;0,0;0,0;-0,02;-0,02;-0,03;-0,03;-0,03;-0,03;0,0;0,0;-0,02;-0,02;-0,09;-0,09;0,0;0,0;-0,01;-0,01;0,0;0,0;-0,02;-0,02;-0,01;-0,01;-0,03;-0,03
11.08.2026;02:30;02:45;0,0;0,0;-0,15;-0,15;-0,04;-0,04;0,0;0,0;-0,01;-0,01;-0,1;-0,1;-0,01;-0,01;-0,02;-0,02;-0,01;-0,01;-0,01;-0,01;0,0;0,0;0,0;0,0;-0,02;-0,02;0,0;0,0;-0,03;-0,03;0,0;0,0;-0,03;-0,03;-0,03;-0,03;-0,02;-0,02;-0,01;-0,01;-0,01;-0,01;-0,09;-0,09;-0,01;-0,01;-0,02;-0,02;0,0;0,0;-0,02;-0,02;-0,01;-0,01;-0,02;-0,02
11.08.2026;02:45;03:00;0,0;0,0;-0,17;-0,17;-0,02;-0,02;0,0;0,0;-0,02;-0,02;-0,06;-0,06;-0,01;-0,01;-0,03;-0,03;-0,01;-0,01;0,0;0,0;0,0;0,0;0,0;0,0;0,0;0,0;0,0;0,0;-0,02;-0,02;0,0;0,0;-0,02;-0,02;-0,02;-0,02;-0,02;-0,02;-0,02;-0,02;0,0;0,0;-0,07;-0,07;-0,01;-0,01;-0,01;-0,01;0,0;0,0;-0,02;-0,02;0,0;0,0;-0,03;-0,03
11.08.2026;03:00;03:15;0,0;0,0;-0,16;-0,16;-0,03;-0,03;0,0;0,0;-0,02;-0,02;-0,04;-0,04;-0,01;-0,01;-0,02;-0,02;0,0;0,0;0,0;0,0;-0,01;-0,01;-0,01;-0,01;-0,01;-0,01;0,0;0,0;-0,01;-0,01;0,0;0,0;-0,03;-0,03;-0,02;-0,02;-0,03;-0,03;-0,01;-0,01;-0,02;-0,02;-0,07;-0,07;-0,02;-0,02;-0,02;-0,02;0,0;0,0;-0,02;-0,02;0,0;0,0;-0,03;-0,03
11.08.2026;03:15;03:30;0,0;0,0;-0,15;-0,15;-0,03;-0,03;0,0;0,0;-0,04;-0,04;-0,03;-0,03;-0,01;-0,01;-0,03;-0,03;-0,01;-0,01;0,0;0,0;0,0;0,0;0,0;0,0;0,0;0,0;0,0;0,0;-0,02;-0,02;0,0;0,0;-0,02;-0,02;-0,03;-0,03;-0,04;-0,04;-0,01;-0,01;0,0;0,0;-0,07;-0,07;0,0;0,0;-0,02;-0,02;0,0;0,0;-0,01;-0,01;-0,01;-0,01;-0,03;-0,03
11.08.2026;03:30;03:45;0,0;0,0;-0,16;-0,16;-0,03;-0,03;0,0;0,0;-0,02;-0,02;-0,02;-0,02;-0,01;-0,01;-0,03;-0,03;-0,01;-0,01;0,0;0,0;0,0;0,0;0,0;0,0;-0,02;-0,02;0,0;0,0;-0,02;-0,02;0,0;0,0;-0,03;-0,03;-0,02;-0,02;-0,03;-0,03;-0,01;-0,01;-0,01;-0,01;-0,08;-0,08;-0,01;-0,01;-0,01;-0,01;-0,01;-0,01;-0,01;-0,01;0,0;0,0;-0,02;-0,02
11.08.2026;03:45;04:00;0,0;0,0;-0,16;-0,16;-0,03;-0,03;0,0;0,0;-0,02;-0,02;-0,03;-0,03;0,0;0,0;-0,02;-0,02;0,0;0,0;0,0;0,0;0,0;0,0;0,0;0,0;-0,02;-0,02;0,0;0,0;-0,02;-0,02;0,0;0,0;-0,02;-0,02;-0,03;-0,03;-0,03;-0,03;0,0;0,0;-0,01;-0,01;-0,07;-0,07;-0,01;-0,01;-0,02;-0,02;0,0;0,0;-0,01;-0,01;-0,01;-0,01;-0,03;-0,03
11.08.2026;04:00;04:15;0,0;0,0;-0,22;-0,22;-0,01;-0,01;0,0;0,0;-0,02;-0,02;0,0;0,0;-0,02;-0,02;-0,03;-0,03;-0,01;-0,01;0,0;0,0;0,0;0,0;0,0;0,0;-0,01;-0,01;0,0;0,0;-0,02;-0,02;0,0;0,0;-0,02;-0,02;-0,02;-0,02;-0,02;-0,02;-0,02;-0,02;-0,01;-0,01;-0,07;-0,07;-0,01;-0,01;-0,01;-0,01;0,0;0,0;-0,01;-0,01;0,0;0,0;-0,03;-0,03
11.08.2026;04:15;04:30;0,0;0,0;-0,19;-0,19;-0,02;-0,02;0,0;0,0;-0,02;-0,02;-0,02;-0,02;-0,01;-0,01;-0,03;-0,03;-0,01;-0,01;0,0;0,0;0,0;0,0;0,0;0,0;0,0;0,0;0,0;0,0;-0,01;-0,01;-0,01;-0,01;-0,01;-0,01;-0,03;-0,03;-0,03;-0,03;0,0;0,0;-0,01;-0,01;-0,04;-0,04;-0,01;-0,01;-0,02;-0,02;0,0;0,0;-0,01;-0,01;0,0;0,0;-0,03;-0,03
11.08.2026;04:30;04:45;0,0;0,0;-0,16;-0,16;-0,03;-0,03;0,0;0,0;-0,02;-0,02;-0,01;-0,01;-0,01;-0,01;-0,02;-0,02;0,0;0,0;0,0;0,0;0,0;0,0;0,0;0,0;-0,01;-0,01;0,0;0,0;-0,02;-0,02;0,0;0,0;-0,01;-0,01;-0,02;-0,02;-0,02;-0,02;-0,01;-0,01;-0,01;-0,01;-0,02;-0,02;-0,01;-0,01;-0,01;-0,01;0,0;0,0;-0,02;-0,02;-0,01;-0,01;-0,03;-0,03
11.08.2026;04:45;05:00;0,0;0,0;-0,16;-0,16;-0,03;-0,03;0,0;0,0;-0,01;-0,01;-0,01;-0,01;-0,01;-0,01;-0,02;-0,02;-0,01;-0,01;0,0;0,0;0,0;0,0;0,0;0,0;-0,01;-0,01;0,0;0,0;-0,02;-0,02;0,0;0,0;-0,02;-0,02;-0,03;-0,03;-0,02;-0,02;-0,01;-0,01;-0,01;-0,01;-0,02;-0,02;-0,01;-0,01;-0,02;-0,02;0,0;0,0;-0,02;-0,02;-0,01;-0,01;-0,01;-0,01
11.08.2026;05:00;05:15;0,0;0,0;-0,17;-0,17;-0,02;-0,02;0,0;0,0;-0,01;-0,01;-0,01;-0,01;0,0;0,0;-0,01;-0,01;0,0;0,0;0,0;0,0;0,0;0,0;0,0;0,0;-0,02;-0,02;0,0;0,0;-0,01;-0,01;0,0;0,0;-0,01;-0,01;-0,02;-0,02;-0,03;-0,03;-0,01;-0,01;-0,01;-0,01;-0,02;-0,02;-0,01;-0,01;-0,01;-0,01;0,0;0,0;-0,02;-0,02;0,0;0,0;-0,02;-0,02
11.08.2026;05:15;05:30;0,0;0,0;-0,18;-0,18;-0,02;-0,02;0,0;0,0;-0,01;-0,01;-0,01;-0,01;-0,01;-0,01;-0,03;-0,03;-0,01;-0,01;0,0;0,0;0,0;0,0;0,0;0,0;-0,02;-0,02;0,0;0,0;-0,02;-0,02;0,0;0,0;-0,01;-0,01;-0,12;-0,12;-0,02;-0,02;-0,02;-0,02;-0,01;-0,01;-0,01;-0,01;-0,01;-0,01;-0,02;-0,02;0,0;0,0;-0,03;-0,03;0,0;0,0;-0,02;-0,02
11.08.2026;05:30;05:45;0,0;0,0;-0,2;-0,2;-0,02;-0,02;-0,01;-0,01;-0,01;-0,01;-0,01;-0,01;-0,01;-0,01;-0,03;-0,03;-0,01;-0,01;0,0;0,0;-0,01;-0,01;0,0;0,0;-0,16;-0,16;-0,01;-0,01;-0,01;-0,01;0,0;0,0;-0,02;-0,02;-0,07;-0,07;-0,03;-0,03;-0,01;-0,01;-0,01;-0,01;-0,02;-0,02;-0,01;-0,01;-0,01;-0,01;-0,01;-0,01;-0,02;-0,02;-0,01;-0,01;-0,03;-0,03
11.08.2026;05:45;06:00;0,0;0,0;-0,22;-0,22;-0,03;-0,03;0,0;0,0;-0,02;-0,02;-0,01;-0,01;-0,01;-0,01;-0,03;-0,03;-0,01;-0,01;0,0;0,0;0,0;0,0;0,0;0,0;-0,02;-0,02;0,0;0,0;-0,02;-0,02;0,0;0,0;-0,01;-0,01;-0,03;-0,03;-0,02;-0,02;0,0;0,0;-0,01;-0,01;-0,02;-0,02;-0,01;-0,01;-0,02;-0,02;0,0;0,0;-0,01;-0,01;-0,01;-0,01;-0,03;-0,03
11.08.2026;06:00;06:15;0,01;0,01;-0,16;-0,16;-0,02;-0,02;0,0;0,0;-0,01;-0,01;-0,03;-0,03;-0,02;-0,02;-0,02;-0,02;-0,01;-0,01;0,0;0,0;0,0;0,0;0,0;0,0;-0,04;-0,04;0,0;0,0;-0,01;-0,01;0,0;0,0;-0,03;-0,03;-0,02;-0,02;-0,06;-0,06;-0,01;-0,01;0,0;0,0;-0,01;-0,01;-0,01;-0,01;-0,01;-0,01;0,0;0,0;-0,01;-0,01;0,0;0,0;-0,02;-0,02
11.08.2026;06:15;06:30;0,04;0,04;-0,32;-0,32;-0,01;-0,01;0,0;0,0;-0,01;-0,01;-0,02;-0,02;0,0;0,0;-0,03;-0,03;0,0;0,0;0,0;0,0;0,0;0,0;0,0;0,0;-0,02;-0,02;0,0;0,0;-0,02;-0,02;0,0;0,0;-0,09;-0,09;-0,03;-0,03;-0,08;-0,08;-0,01;-0,01;-0,01;-0,01;-0,02;-0,02;-0,01;-0,01;-0,02;-0,02;0,0;0,0;-0,01;-0,01;0,0;0,0;-0,03;-0,03
11.08.2026;06:30;06:45;0,08;0,08;-0,19;-0,19;-0,03;-0,03;0,0;0,0;-0,01;-0,01;-0,01;-0,01;-0,01;-0,01;-0,02;-0,02;-0,01;-0,01;0,0;0,0;0,0;0,0;0,0;0,0;-0,02;-0,02;0,0;0,0;-0,01;-0,01;0,0;0,0;-0,46;-0,46;-0,02;-0,02;-0,07;-0,07;-0,01;-0,01;-0,01;-0,01;-0,02;-0,02;-0,01;-0,01;-0,01;-0,01;0,0;0,0;-0,01;-0,01;-0,01;-0,01;-0,03;-0,03
11.08.2026;06:45;07:00;0,14;0,11;-0,17;-0,14;-0,03;-0,03;0,0;0,0;-0,01;-0,01;-0,02;-0,02;-0,02;-0,02;-0,03;-0,03;0,0;0,0;0,0;0,0;0,0;0,0;0,0;0,0;0,0;0,0;0,0;0,0;-0,02;-0,02;-0,01;-0,01;-0,12;-0,12;-0,03;-0,03;-0,06;-0,06;0,0;0,0;-0,01;-0,01;-0,01;-0,01;-0,01;-0,01;-0,02;-0,02;0,0;0,0;-0,01;-0,01;-0,01;-0,01;-0,03;-0,03
11.08.2026;07:00;07:15;0,23;0,17;-0,19;-0,13;-0,02;-0,02;0,0;0,0;-0,02;-0,02;-0,01;-0,01;-0,01;-0,01;-0,03;-0,03;-0,01;-0,01;0,0;0,0;0,0;0,0;0,0;0,0;0,0;0,0;0,0;0,0;-0,02;-0,02;0,0;0,0;-0,03;-0,03;-0,02;-0,02;-0,04;-0,04;-0,02;-0,02;-0,01;-0,01;-0,02;-0,02;-0,01;-0,01;-0,01;-0,01;0,0;0,0;-0,01;-0,01;0,0;0,0;-0,03;-0,03
11.08.2026;07:15;07:30;0,3;0,1;-0,19;-0,17;-0,01;0,0;0,0;0,0;-0,01;0,0;-0,01;0,0;-0,01;0,0;-0,02;-0,01;-0,01;0,0;0,0;0,0;0,0;0,0;0,0;0,0;-0,01;0,0;0,0;0,0;-0,02;-0,01;0,0;0,0;-0,01;0,0;-0,03;-0,02;-0,03;-0,02;-0,01;0,0;-0,01;0,0;-0,01;0,0;-0,01;0,0;-0,02;-0,01;0,0;0,0;-0,01;0,0;0,0;0,0;-0,01;0,0
11.08.2026;07:30;07:45;0,41;0,14;-0,18;-0,11;-0,02;-0,01;0,0;0,0;-0,01;0,0;-0,02;-0,01;-0,02;-0,01;-0,03;-0,02;0,0;0,0;-0,01;0,0;0,0;0,0;0,0;0,0;-0,01;0,0;0,0;0,0;-0,02;-0,01;0,0;0,0;-0,01;0,0;-0,02;-0,01;-0,01;0,0;-0,02;-0,01;-0,01;0,0;-0,02;-0,01;-0,01;0,0;-0,01;0,0;-0,01;0,0;-0,01;0,0;-0,01;0,0;-0,01;0,0
11.08.2026;07:45;08:00;0,51;0,18;-0,22;-0,13;-0,04;-0,02;0,0;0,0;-0,01;0,0;0,0;0,0;0,0;0,0;-0,03;-0,01;-0,01;0,0;0,0;0,0;0,0;0,0;0,0;0,0;-0,02;0,0;0,0;0,0;-0,02;0,0;0,0;0,0;-0,02;0,0;-0,03;-0,01;-0,14;-0,12;-0,01;0,0;-0,01;0,0;-0,01;0,0;0,0;0,0;-0,02;0,0;0,0;0,0;-0,01;0,0;0,0;0,0;-0,02;0,0
11.08.2026;08:00;08:15;0,57;0,19;-0,29;-0,19;-0,03;-0,01;0,0;0,0;-0,01;0,0;-0,02;0,0;-0,01;0,0;-0,02;0,0;-0,01;0,0;0,0;0,0;-0,01;0,0;-0,01;0,0;-0,01;0,0;0,0;0,0;-0,01;0,0;0,0;0,0;-0,01;0,0;-0,02;0,0;-0,08;-0,06;0,0;0,0;-0,11;-0,09;-0,02;0,0;-0,01;0,0;-0,01;0,0;0,0;0,0;-0,01;0,0;-0,01;0,0;-0,03;-0,01
11.08.2026;08:15;08:30;0,0;0,0;-0,18;-0,18;-0,02;-0,02;0,0;0,0;-0,01;-0,01;-0,01;-0,01;-0,02;-0,02;-0,03;-0,03;-0,01;-0,01;0,0;0,0;0,0;0,0;0,0;0,0;0,0;0,0;0,0;0,0;-0,02;-0,02;0,0;0,0;-0,01;-0,01;-0,03;-0,03;-0,07;-0,07;0,0;0,0;-0,17;-0,17;-0,01;-0,01;-0,01;-0,01;-0,02;-0,02;0,0;0,0;-0,01;-0,01;0,0;0,0;-0,03;-0,03
11.08.2026;08:30;08:45;0,0;0,0;-0,25;-0,25;-0,25;-0,25;0,0;0,0;-0,02;-0,02;-0,01;-0,01;-0,02;-0,02;-0,01;-0,01;0,0;0,0;0,0;0,0;0,0;0,0;0,0;0,0;-0,01;-0,01;0,0;0,0;-0,02;-0,02;0,0;0,0;-0,02;-0,02;-0,02;-0,02;-0,02;-0,02;-0,02;-0,02;-0,14;-0,14;-0,03;-0,03;-0,02;-0,02;-0,03;-0,03;0,0;0,0;-0,01;-0,01;-0,01;-0,01;-0,02;-0,02
11.08.2026;08:45;09:00;0,09;0,09;-0,23;-0,23;-0,03;-0,03;0,0;0,0;-0,01;-0,01;-0,01;-0,01;-0,01;-0,01;-0,03;-0,03;-0,01;-0,01;0,0;0,0;0,0;0,0;0,0;0,0;-0,01;-0,01;0,0;0,0;-0,01;-0,01;0,0;0,0;-0,01;-0,01;-0,03;-0,03;-0,03;-0,03;0,0;0,0;-0,12;-0,12;-0,03;-0,03;0,0;0,0;-0,02;-0,02;0,0;0,0;-0,01;-0,01;0,0;0,0;-0,03;-0,03
11.08.2026;09:00;09:15;0,8;0,25;-0,19;-0,01;-0,12;-0,07;-0,01;0,0;-0,01;0,0;-0,01;0,0;-0,01;0,0;-0,22;-0,17;-0,01;0,0;0,0;0,0;0,0;0,0;0,0;0,0;-0,01;0,0;-0,01;0,0;-0,02;0,0;0,0;0,0;-0,01;0,0;-0,02;0,0;-0,02;0,0;-0,01;0,0;-0,14;-0,09;-0,02;0,0;-0,01;0,0;-0,02;0,0;0,0;0,0;-0,01;0,0;0,0;0,0;-0,01;0,0
11.08.2026;09:15;09:30;1,31;0,52;-0,25;0,0;-0,19;-0,09;0,0;0,0;-0,01;0,0;-0,02;0,0;0,0;0,0;-0,08;0,0;0,0;0,0;0,0;0,0;0,0;0,0;0,0;0,0;-0,02;0,0;0,0;0,0;-0,01;0,0;-0,01;0,0;-0,02;0,0;-0,03;0,0;-0,03;0,0;0,0;0,0;-0,13;-0,03;-0,04;0,0;-0,01;0,0;-0,02;0,0;0,0;0,0;-0,01;0,0;-0,01;0,0;-0,02;0,0
11.08.2026;09:30;09:45;1,45;0,6;-0,21;0,0;-0,17;-0,03;0,0;0,0;-0,01;0,0;-0,01;0,0;-0,01;0,0;-0,03;0,0;-0,01;0,0;0,0;0,0;0,0;0,0;0,0;0,0;0,0;0,0;0,0;0,0;-0,02;0,0;0,0;0,0;-0,01;0,0;-0,02;0,0;-0,02;0,0;-0,02;0,0;-0,13;0,0;-0,04;0,0;-0,01;0,0;-0,13;0,0;-0,01;0,0;-0,01;0,0;0,0;0,0;-0,01;0,0
11.08.2026;09:45;10:00;1,34;0,57;-0,17;0,0;-0,15;-0,03;0,0;0,0;-0,02;0,0;-0,01;0,0;-0,01;0,0;-0,02;0,0;-0,01;0,0;0,0;0,0;0,0;0,0;0,0;0,0;-0,01;0,0;0,0;0,0;-0,01;0,0;0,0;0,0;-0,01;0,0;-0,02;0,0;-0,02;0,0;-0,01;0,0;-0,11;0,0;-0,04;0,0;-0,01;0,0;-0,21;-0,09;0,0;0,0;-0,01;0,0;-0,01;0,0;-0,03;0,0
11.08.2026;10:00;10:15;1,35;0,69;-0,19;0,0;-0,07;0,0;0,0;0,0;-0,01;0,0;-0,01;0,0;-0,01;0,0;-0,04;0,0;0,0;0,0;0,0;0,0;0,0;0,0;0,0;0,0;0,0;0,0;0,0;0,0;-0,02;0,0;0,0;0,0;0,0;0,0;-0,03;0,0;-0,01;0,0;-0,01;0,0;-0,12;0,0;-0,04;0,0;-0,01;0,0;-0,04;0,0;0,0;0,0;-0,02;0,0;0,0;0,0;-0,03;0,0
11.08.2026;10:15;10:30;1,3;0,59;-0,23;0,0;-0,04;0,0;0,0;0,0;-0,01;0,0;-0,01;0,0;-0,01;0,0;-0,04;0,0;-0,01;0,0;0,0;0,0;0,0;0,0;0,0;0,0;-0,01;0,0;0,0;0,0;-0,01;0,0;0,0;0,0;0,0;0,0;-0,03;0,0;0,0;0,0;0,0;0,0;-0,13;0,0;-0,08;0,0;-0,01;0,0;-0,06;0,0;0,0;0,0;0,0;0,0;-0,01;0,0;-0,02;0,0
11.08.2026;10:30;10:45;1,84;0,89;-0,18;0,0;-0,06;0,0;0,0;0,0;0,0;0,0;-0,02;0,0;0,0;0,0;-0,16;0,0;0,0;0,0;0,0;0,0;0,0;0,0;0,0;0,0;-0,02;0,0;0,0;0,0;-0,02;0,0;0,0;0,0;0,0;0,0;-0,03;0,0;-0,01;0,0;-0,01;0,0;-0,12;0,0;-0,26;-0,07;-0,01;0,0;-0,08;0,0;0,0;0,0;-0,02;0,0;0,0;0,0;-0,02;0,0
11.08.2026;10:45;11:00;1,35;0,49;-0,18;0,0;-0,06;0,0;0,0;0,0;-0,02;0,0;-0,01;0,0;-0,01;0,0;-0,13;-0,01;-0,01;0,0;0,0;0,0;-0,01;0,0;0,0;0,0;-0,01;0,0;0,0;0,0;-0,01;0,0;0,0;0,0;0,0;0,0;-0,03;0,0;-0,02;0,0;-0,01;0,0;-0,09;0,0;-0,13;-0,01;-0,01;0,0;-0,14;-0,02;0,0;0,0;0,0;0,0;-0,01;0,0;-0,01;0,0
11.08.2026;11:00;11:15;1,38;0,5;-0,27;0,0;-0,04;0,0;0,0;0,0;-0,01;0,0;-0,01;0,0;-0,01;0,0;-0,09;0,0;0,0;0,0;0,0;0,0;0,0;0,0;0,0;0,0;-0,01;0,0;0,0;0,0;-0,02;0,0;0,0;0,0;-0,01;0,0;-0,04;0,0;-0,04;0,0;0,0;0,0;-0,04;0,0;-0,12;0,0;-0,01;0,0;-0,17;-0,05;0,0;0,0;-0,02;0,0;0,0;0,0;-0,02;0,0
11.08.2026;11:15;11:30;1,15;0,41;-0,19;0,0;-0,05;0,0;0,0;0,0;-0,02;0,0;-0,02;0,0;-0,01;0,0;-0,05;0,0;-0,01;0,0;0,0;0,0;0,0;0,0;0,0;0,0;0,0;0,0;0,0;0,0;-0,01;0,0;0,0;0,0;-0,01;0,0;-0,04;0,0;-0,02;0,0;-0,01;0,0;-0,6;-0,51;-0,21;-0,12;-0,01;0,0;-0,14;-0,05;0,0;0,0;0,0;0,0;0,0;0,0;-0,02;0,0
11.08.2026;11:30;11:45;1,24;0,51;-0,18;0,0;-0,03;0,0;0,0;0,0;-0,01;0,0;-0,02;0,0;-0,01;0,0;-0,06;0,0;-0,01;0,0;0,0;0,0;0,0;0,0;0,0;0,0;-0,01;0,0;0,0;0,0;-0,01;0,0;0,0;0,0;-0,02;0,0;-0,04;0,0;0,0;0,0;-0,01;0,0;-0,05;0,0;-0,21;-0,11;-0,01;0,0;-0,15;-0,05;-0,01;0,0;-0,02;0,0;-0,01;0,0;-0,02;0,0
11.08.2026;11:45;12:00;1,69;0,61;-0,3;0,0;-0,01;0,0;0,0;0,0;0,0;0,0;-0,14;0,0;-0,01;0,0;-0,05;0,0;-0,01;0,0;0,0;0,0;0,0;0,0;0,0;0,0;-0,01;0,0;0,0;0,0;-0,02;0,0;-0,01;0,0;-0,01;0,0;-0,04;0,0;-0,01;0,0;-0,01;0,0;-0,11;0,0;-0,14;0,0;-0,01;0,0;-0,51;-0,36;0,0;0,0;0,0;0,0;-0,01;0,0;-0,03;0,0
11.08.2026;12:00;12:15;2,04;1,04;-0,2;0,0;-0,02;0,0;0,0;0,0;-0,02;0,0;-0,09;0,0;0,0;0,0;-0,07;0,0;0,0;0,0;0,0;0,0;0,0;0,0;0,0;0,0;-0,02;0,0;0,0;0,0;-0,02;0,0;0,0;0,0;-0,01;0,0;-0,04;0,0;-0,01;0,0;-0,01;0,0;-0,13;0,0;-0,1;0,0;-0,01;0,0;-0,21;0,0;0,0;0,0;-0,02;0,0;0,0;0,0;-0,02;0,0
11.08.2026;12:15;12:30;1,09;0,38;-0,19;0,0;-0,03;0,0;-0,01;0,0;-0,01;0,0;-0,08;0,0;-0,01;0,0;-0,04;0,0;-0,01;0,0;0,0;0,0;0,0;0,0;0,0;0,0;-0,01;0,0;-0,01;0,0;-0,02;0,0;0,0;0,0;-0,02;0,0;-0,04;0,0;-0,01;0,0;-0,01;0,0;-0,02;0,0;-0,38;-0,3;-0,01;0,0;-0,1;-0,02;0,0;0,0;0,0;0,0;0,0;0,0;-0,02;0,0
11.08.2026;12:30;12:45;0,17;0,12;-0,18;-0,13;-0,02;-0,02;0,0;0,0;-0,02;-0,02;-0,09;-0,09;-0,01;-0,01;-0,02;-0,02;-0,01;-0,01;-0,01;-0,01;0,0;0,0;0,0;0,0;0,0;0,0;0,0;0,0;-0,02;-0,02;0,0;0,0;-0,01;-0,01;-0,02;-0,02;-0,01;-0,01;0,0;0,0;-0,01;-0,01;-0,14;-0,14;-0,01;-0,01;-0,03;-0,03;0,0;0,0;-0,02;-0,02;-0,01;-0,01;-0,01;-0,01
11.08.2026;12:45;13:00;0,0;0,0;-0,18;-0,18;-0,02;-0,02;0,0;0,0;-0,01;-0,01;-0,09;-0,09;-0,01;-0,01;-0,02;-0,02;0,0;0,0;0,0;0,0;0,0;0,0;0,0;0,0;0,0;0,0;0,0;0,0;-0,02;-0,02;0,0;0,0;-0,01;-0,01;-0,03;-0,03;-0,01;-0,01;-0,01;-0,01;0,0;0,0;-0,14;-0,14;-0,01;-0,01;-0,03;-0,03;0,0;0,0;0,0;0,0;-0,01;-0,01;-0,01;-0,01
11.08.2026;13:00;13:15;1,21;0,56;-0,22;0,0;-0,01;0,0;0,0;0,0;0,0;0,0;-0,07;0,0;-0,02;0,0;-0,01;0,0;-0,01;0,0;0,0;0,0;0,0;0,0;-0,01;0,0;-0,01;0,0;0,0;0,0;-0,02;0,0;0,0;0,0;-0,02;0,0;-0,02;0,0;-0,01;0,0;-0,01;0,0;-0,02;0,0;-0,19;-0,08;-0,01;0,0;-0,02;0,0;0,0;0,0;-0,02;0,0;0,0;0,0;-0,03;0,0
11.08.2026;13:15;13:30;1,92;1,25;-0,17;0,0;-0,02;0,0;0,0;0,0;-0,01;0,0;-0,06;0,0;-0,01;0,0;-0,02;0,0;-0,01;0,0;0,0;0,0;-0,01;0,0;0,0;0,0;-0,02;0,0;0,0;0,0;-0,02;0,0;0,0;0,0;-0,01;0,0;-0,02;0,0;-0,01;0,0;-0,01;0,0;-0,01;0,0;-0,37;-0,15;0,0;0,0;-0,02;0,0;0,0;0,0;0,0;0,0;0,0;0,0;-0,02;0,0
11.08.2026;13:30;13:45;1,92;1,1;-0,16;0,0;-0,03;0,0;0,0;0,0;-0,02;0,0;-0,08;0,0;-0,03;0,0;-0,02;0,0;-0,01;0,0;0,0;0,0;0,0;0,0;0,0;0,0;-0,01;0,0;0,0;0,0;-0,02;0,0;0,0;0,0;-0,01;0,0;-0,02;0,0;0,0;0,0;0,0;0,0;0,0;0,0;-0,32;-0,11;-0,02;0,0;-0,12;0,0;-0,01;0,0;-0,02;0,0;-0,01;0,0;-0,02;0,0
11.08.2026;13:45;14:00;1,89;1,1;-0,17;0,0;-0,02;0,0;0,0;0,0;-0,01;0,0;-0,06;0,0;-0,03;0,0;-0,02;0,0;-0,01;0,0;0,0;0,0;0,0;0,0;0,0;0,0;-0,01;0,0;0,0;0,0;-0,02;0,0;0,0;0,0;-0,01;0,0;-0,01;0,0;-0,02;0,0;-0,01;0,0;-0,02;0,0;-0,34;-0,13;-0,01;0,0;-0,12;0,0;0,0;0,0;0,0;0,0;-0,01;0,0;-0,02;0,0
11.08.2026;14:00;14:15;1,84;1,11;-0,23;0,0;-0,02;0,0;0,0;0,0;-0,02;0,0;-0,07;0,0;-0,03;0,0;-0,02;0,0;0,0;0,0;0,0;0,0;0,0;0,0;0,0;0,0;0,0;0,0;0,0;0,0;-0,02;0,0;0,0;0,0;-0,01;0,0;-0,02;0,0;-0,01;0,0;-0,01;0,0;0,0;0,0;-0,16;0,0;-0,01;0,0;-0,05;0,0;0,0;0,0;-0,02;0,0;0,0;0,0;-0,03;0,0
11.08.2026;14:15;14:30;1,78;1,31;-0,16;0,0;-0,02;0,0;0,0;0,0;0,0;0,0;-0,06;0,0;-0,04;0,0;-0,02;0,0;-0,01;0,0;0,0;0,0;0,0;0,0;0,0;0,0;-0,01;0,0;0,0;0,0;-0,02;0,0;-0,01;0,0;0,0;0,0;-0,01;0,0;-0,01;0,0;-0,01;0,0;-0,01;0,0;-0,03;0,0;0,0;0,0;-0,03;0,0;0,0;0,0;0,0;0,0;0,0;0,0;-0,02;0,0
11.08.2026;14:30;14:45;1,74;1,17;-0,17;0,0;-0,02;0,0;0,0;0,0;-0,01;0,0;-0,07;0,0;-0,03;0,0;-0,03;0,0;0,0;0,0;0,0;0,0;0,0;0,0;0,0;0,0;-0,02;0,0;0,0;0,0;-0,02;0,0;0,0;0,0;0,0;0,0;-0,03;0,0;-0,01;0,0;-0,01;0,0;-0,02;0,0;-0,04;0,0;-0,01;0,0;-0,03;0,0;0,0;0,0;-0,02;0,0;-0,01;0,0;-0,02;0,0
11.08.2026;14:45;15:00;1,68;1,01;-0,26;0,0;-0,02;0,0;0,0;0,0;-0,02;0,0;-0,07;0,0;-0,03;0,0;-0,08;0,0;-0,01;0,0;0,0;0,0;0,0;0,0;0,0;0,0;-0,01;0,0;0,0;0,0;-0,02;0,0;0,0;0,0;0,0;0,0;-0,02;0,0;0,0;0,0;-0,01;0,0;0,0;0,0;-0,05;0,0;-0,01;0,0;-0,04;0,0;0,0;0,0;0,0;0,0;0,0;0,0;-0,02;0,0
11.08.2026;15:00;15:15;1,61;0,93;-0,16;0,0;-0,02;0,0;0,0;0,0;-0,01;0,0;-0,08;0,0;-0,04;0,0;-0,14;0,0;-0,01;0,0;0,0;0,0;0,0;0,0;0,0;0,0;-0,01;0,0;0,0;0,0;-0,03;0,0;0,0;0,0;0,0;0,0;-0,03;0,0;-0,02;0,0;0,0;0,0;-0,02;0,0;-0,02;0,0;-0,02;0,0;-0,04;0,0;0,0;0,0;-0,01;0,0;-0,01;0,0;-0,01;0,0
11.08.2026;15:15;15:30;1,54;0,94;-0,18;0,0;-0,03;0,0;0,0;0,0;-0,01;0,0;-0,08;0,0;-0,03;0,0;-0,07;0,0;0,0;0,0;0,0;0,0;0,0;0,0;0,0;0,0;0,0;0,0;0,0;0,0;-0,03;0,0;0,0;0,0;-0,01;0,0;-0,03;0,0;-0,01;0,0;-0,01;0,0;0,0;0,0;-0,02;0,0;0,0;0,0;-0,05;0,0;0,0;0,0;-0,01;0,0;0,0;0,0;-0,03;0,0
11.08.2026;15:30;15:45;1,46;0,91;-0,18;0,0;-0,01;0,0;-0,01;0,0;-0,01;0,0;-0,06;0,0;-0,03;0,0;-0,04;0,0;-0,01;0,0;0,0;0,0;0,0;0,0;0,0;0,0;-0,01;0,0;-0,01;0,0;-0,02;0,0;0,0;0,0;-0,01;0,0;-0,02;0,0;0,0;0,0;-0,01;0,0;-0,01;0,0;-0,01;0,0;-0,01;0,0;-0,04;0,0;-0,01;0,0;-0,01;0,0;0,0;0,0;-0,03;0,0
11.08.2026;15:45;16:00;1,38;0,71;-0,25;0,0;-0,03;0,0;0,0;0,0;-0,01;0,0;-0,07;0,0;-0,03;0,0;-0,03;0,0;-0,01;0,0;0,0;0,0;-0,01;0,0;0,0;0,0;-0,01;0,0;0,0;0,0;-0,03;0,0;0,0;0,0;-0,01;0,0;-0,03;0,0;-0,01;0,0;0,0;0,0;-0,02;0,0;-0,02;0,0;-0,01;0,0;-0,04;0,0;0,0;0,0;-0,02;0,0;-0,01;0,0;-0,02;0,0
11.08.2026;16:00;16:15;1,29;0,8;-0,16;0,0;-0,01;0,0;0,0;0,0;-0,01;0,0;-0,06;0,0;-0,03;0,0;-0,03;0,0;0,0;0,0;0,0;0,0;-0,01;0,0;0,0;0,0;-0,02;0,0;0,0;0,0;-0,02;0,0;0,0;0,0;-0,02;0,0;-0,02;0,0;-0,01;0,0;-0,01;0,0;0,0;0,0;-0,02;0,0;-0,01;0,0;-0,02;0,0;0,0;0,0;0,0;0,0;-0,01;0,0;-0,02;0,0
11.08.2026;16:15;16:30;1,2;0,48;-0,29;0,0;-0,03;0,0;0,0;0,0;-0,02;0,0;-0,05;0,0;-0,03;0,0;-0,05;0,0;-0,01;0,0;0,0;0,0;-0,01;0,0;0,0;0,0;-0,01;0,0;0,0;0,0;-0,04;0,0;0,0;0,0;-0,01;0,0;-0,03;0,0;-0,01;0,0;-0,02;0,0;-0,01;0,0;-0,01;0,0;-0,01;0,0;-0,02;0,0;0,0;0,0;-0,02;0,0;0,0;0,0;-0,04;0,0
11.08.2026;16:30;16:45;0,49;0,21;-0,18;-0,07;-0,02;-0,01;0,0;0,0;-0,01;0,0;-0,07;-0,06;-0,03;-0,02;-0,04;-0,03;-0,01;0,0;0,0;0,0;-0,03;-0,02;0,0;0,0;0,0;0,0;0,0;0,0;-0,05;-0,04;0,0;0,0;-0,01;0,0;-0,02;-0,01;-0,01;0,0;-0,03;-0,02;-0,01;0,0;-0,02;-0,01;-0,01;0,0;-0,02;-0,01;0,0;0,0;0,0;0,0;0,0;0,0;-0,05;-0,04
11.08.2026;16:45;17:00;0,0;0,0;-0,18;-0,18;-0,02;-0,02;0,0;0,0;-0,01;-0,01;-0,06;-0,06;-0,04;-0,04;-0,04;-0,04;-0,01;-0,01;0,0;0,0;-0,03;-0,03;0,0;0,0;-0,01;-0,01;0,0;0,0;-0,14;-0,14;-0,01;-0,01;-0,02;-0,02;-0,03;-0,03;-0,01;-0,01;-0,02;-0,02;-0,01;-0,01;-0,01;-0,01;-0,01;-0,01;-0,02;-0,02;0,0;0,0;-0,02;-0,02;-0,01;-0,01;-0,04;-0,04
11.08.2026;17:00;17:15;0,0;0,0;-0,18;-0,18;-0,01;-0,01;0,0;0,0;-0,01;-0,01;-0,06;-0,06;-0,03;-0,03;-0,04;-0,04;0,0;0,0;0,0;0,0;-0,03;-0,03;0,0;0,0;0,0;0,0;0,0;0,0;-0,04;-0,04;0,0;0,0;-0,01;-0,01;-0,02;-0,02;-0,01;-0,01;-0,03;-0,03;-0,01;-0,01;-0,02;-0,02;-0,01;-0,01;-0,01;-0,01;0,0;0,0;0,0;0,0;-0,01;-0,01;-0,04;-0,04
11.08.2026;17:15;17:30;0,53;0,15;-0,23;-0,14;-0,02;0,0;0,0;0,0;-0,01;0,0;-0,06;-0,04;-0,03;-0,01;-0,05;-0,03;-0,01;0,0;0,0;0,0;-0,03;-0,01;0,0;0,0;-0,02;0,0;0,0;0,0;-0,01;0,0;0,0;0,0;-0,01;0,0;-0,01;0,0;-0,01;0,0;-0,02;0,0;-0,01;0,0;-0,01;0,0;-0,01;0,0;-0,02;0,0;0,0;0,0;-0,02;0,0;0,0;0,0;-0,03;-0,01
11.08.2026;17:30;17:45;0,66;0,17;-0,2;-0,1;-0,03;0,0;0,0;0,0;-0,02;0,0;-0,06;-0,03;-0,03;0,0;-0,12;-0,09;-0,01;0,0;-0,01;0,0;-0,03;0,0;0,0;0,0;-0,02;0,0;0,0;0,0;-0,01;0,0;0,0;0,0;-0,02;0,0;-0,18;-0,15;-0,01;0,0;-0,03;0,0;-0,01;0,0;-0,02;0,0;-0,01;0,0;-0,01;0,0;-0,01;0,0;0,0;0,0;0,0;0,0;-0,02;0,0
11.08.2026;17:45;18:00;0,56;0,18;-0,17;-0,07;-0,05;-0,03;0,0;0,0;-0,01;0,0;-0,06;-0,04;-0,02;0,0;-0,38;-0,36;0,0;0,0;0,0;0,0;-0,03;-0,01;0,0;0,0;0,0;0,0;0,0;0,0;-0,01;0,0;0,0;0,0;-0,01;0,0;-0,07;-0,05;-0,01;0,0;-0,01;0,0;-0,01;0,0;-0,02;0,0;-0,01;0,0;-0,02;0,0;0,0;0,0;-0,02;0,0;-0,01;0,0;-0,03;-0,01
11.08.2026;18:00;18:15;0,45;0,17;-0,25;-0,17;-0,13;-0,12;0,0;0,0;-0,01;0,0;-0,06;-0,05;-0,01;0,0;-0,16;-0,15;-0,01;0,0;0,0;0,0;-0,03;-0,02;-0,01;0,0;-0,01;0,0;0,0;0,0;-0,01;0,0;0,0;0,0;-0,01;0,0;-0,08;-0,07;-0,02;-0,01;-0,01;0,0;-0,01;0,0;-0,01;0,0;-0,01;0,0;-0,05;-0,04;0,0;0,0;0,0;0,0;-0,01;0,0;-0,02;-0,01
11.08.2026;18:15;18:30;0,36;0,12;-0,19;-0,12;-0,22;-0,21;0,0;0,0;-0,01;0,0;-0,07;-0,06;-0,01;0,0;-0,46;-0,45;-0,01;0,0;0,0;0,0;-0,03;-0,02;0,0;0,0;0,0;0,0;0,0;0,0;-0,02;-0,01;0,0;0,0;-0,02;-0,01;-0,07;-0,06;-0,03;-0,02;0,0;0,0;-0,01;0,0;-0,02;-0,01;-0,01;0,0;-0,03;-0,02;0,0;0,0;-0,02;-0,01;0,0;0,0;-0,02;-0,01
11.08.2026;18:30;18:45;0,27;0,19;-0,27;-0,19;-0,06;-0,06;0,0;0,0;-0,01;-0,01;-0,05;-0,05;-0,17;-0,17;-0,22;-0,22;0,0;0,0;0,0;0,0;-0,03;-0,03;0,0;0,0;-0,02;-0,02;0,0;0,0;-0,01;-0,01;0,0;0,0;-0,01;-0,01;-0,06;-0,06;-0,07;-0,07;-0,01;-0,01;-0,01;-0,01;-0,01;-0,01;-0,01;-0,01;-0,09;-0,09;0,0;0,0;0,0;0,0;0,0;0,0;-0,02;-0,02
11.08.2026;18:45;19:00;0,2;0,15;-0,3;-0,25;-0,07;-0,07;0,0;0,0;-0,04;-0,04;-0,11;-0,11;-0,04;-0,04;-0,21;-0,21;-0,01;-0,01;0,0;0,0;-0,03;-0,03;0,0;0,0;-0,01;-0,01;0,0;0,0;-0,01;-0,01;0,0;0,0;-0,06;-0,06;-0,06;-0,06;-0,07;-0,07;-0,01;-0,01;-0,01;-0,01;-0,5;-0,5;-0,01;-0,01;-0,09;-0,09;0,0;0,0;-0,03;-0,03;-0,01;-0,01;-0,04;-0,04
11.08.2026;19:00;19:15;0,15;0,11;-0,2;-0,16;-0,06;-0,06;-0,01;-0,01;-0,06;-0,06;-0,11;-0,11;-0,03;-0,03;-0,12;-0,12;0,0;0,0;0,0;0,0;-0,03;-0,03;0,0;0,0;-0,01;-0,01;-0,01;-0,01;-0,01;-0,01;0,0;0,0;-0,44;-0,44;-0,09;-0,09;-0,08;-0,08;0,0;0,0;-0,01;-0,01;-0,2;-0,2;-0,02;-0,02;-0,09;-0,09;0,0;0,0;-0,02;-0,02;-0,01;-0,01;-0,04;-0,04
11.08.2026;19:15;19:30;0,1;0,1;-0,29;-0,29;-0,05;-0,05;0,0;0,0;-0,05;-0,05;-0,09;-0,09;-0,05;-0,05;-0,13;-0,13;-0,01;-0,01;0,0;0,0;-0,02;-0,02;0,0;0,0;-0,01;-0,01;0,0;0,0;-0,01;-0,01;-0,01;-0,01;-0,06;-0,06;-0,09;-0,09;-0,07;-0,07;-0,01;-0,01;-0,01;-0,01;-0,03;-0,03;-0,01;-0,01;-0,1;-0,1;0,0;0,0;-0,03;-0,03;0,0;0,0;-0,04;-0,04
11.08.2026;19:30;19:45;0,07;0,07;-0,26;-0,26;-0,09;-0,09;0,0;0,0;-0,06;-0,06;-0,08;-0,08;-0,04;-0,04;-0,67;-0,67;-0,01;-0,01;0,0;0,0;0,0;0,0;0,0;0,0;0,0;0,0;0,0;0,0;-0,01;-0,01;0,0;0,0;-0,06;-0,06;-0,08;-0,08;-0,06;-0,06;-0,01;-0,01;0,0;0,0;-0,03;-0,03;-0,01;-0,01;-0,1;-0,1;-0,01;-0,01;-0,02;-0,02;0,0;0,0;-0,05;-0,05
11.08.2026;19:45;20:00;0,03;0,03;-0,26;-0,26;-0,09;-0,09;0,0;0,0;-0,05;-0,05;-0,14;-0,14;-0,04;-0,04;-0,14;-0,14;-0,01;-0,01;0,0;0,0;-0,01;-0,01;0,0;0,0;-0,01;-0,01;0,0;0,0;-0,02;-0,02;0,0;0,0;-0,06;-0,06;-0,08;-0,08;-0,07;-0,07;-0,01;-0,01;-0,02;-0,02;-0,14;-0,14;-0,01;-0,01;-0,12;-0,12;0,0;0,0;-0,03;-0,03;-0,01;-0,01;-0,04;-0,04
11.08.2026;20:00;20:15;0,01;0,01;-0,2;-0,2;-0,05;-0,05;0,0;0,0;-0,09;-0,09;-0,14;-0,14;-0,03;-0,03;-0,08;-0,08;-0,01;-0,01;0,0;0,0;-0,01;-0,01;0,0;0,0;-0,02;-0,02;0,0;0,0;-0,01;-0,01;0,0;0,0;-0,06;-0,06;-0,07;-0,07;-0,07;-0,07;-0,01;-0,01;-0,01;-0,01;-0,17;-0,17;-0,01;-0,01;-0,26;-0,26;0,0;0,0;-0,03;-0,03;-0,01;-0,01;-0,04;-0,04
11.08.2026;20:15;20:30;0,0;0,0;-0,18;-0,18;-0,05;-0,05;0,0;0,0;-0,03;-0,03;-0,15;-0,15;-0,04;-0,04;-0,08;-0,08;0,0;0,0;0,0;0,0;-0,02;-0,02;0,0;0,0;-0,01;-0,01;0,0;0,0;-0,01;-0,01;0,0;0,0;-0,05;-0,05;-0,05;-0,05;-0,12;-0,12;-0,03;-0,03;-0,01;-0,01;-0,22;-0,22;-0,01;-0,01;-0,19;-0,19;0,0;0,0;-0,02;-0,02;0,0;0,0;-0,03;-0,03
11.08.2026;20:30;20:45;0,0;0,0;-0,19;-0,19;-0,06;-0,06;0,0;0,0;-0,05;-0,05;-0,16;-0,16;-0,03;-0,03;-0,08;-0,08;-0,01;-0,01;0,0;0,0;-0,01;-0,01;0,0;0,0;-0,01;-0,01;0,0;0,0;-0,01;-0,01;0,0;0,0;-0,06;-0,06;-0,05;-0,05;-0,06;-0,06;-0,03;-0,03;-0,01;-0,01;-0,62;-0,62;-0,01;-0,01;-0,14;-0,14;0,0;0,0;-0,03;-0,03;0,0;0,0;-0,02;-0,02
11.08.2026;20:45;21:00;0,0;0,0;-0,18;-0,18;-0,06;-0,06;0,0;0,0;-0,03;-0,03;-0,12;-0,12;-0,03;-0,03;-0,14;-0,14;0,0;0,0;0,0;0,0;-0,01;-0,01;0,0;0,0;0,0;0,0;0,0;0,0;-0,01;-0,01;0,0;0,0;-0,05;-0,05;-0,05;-0,05;-0,06;-0,06;-0,03;-0,03;0,0;0,0;-0,61;-0,61;-0,01;-0,01;-0,17;-0,17;0,0;0,0;-0,03;-0,03;-0,01;-0,01;-0,02;-0,02
11.08.2026;21:00;21:15;0,0;0,0;-0,2;-0,2;-0,05;-0,05;0,0;0,0;-0,03;-0,03;-0,14;-0,14;-0,03;-0,03;-0,05;-0,05;-0,01;-0,01;0,0;0,0;-0,03;-0,03;0,0;0,0;0,0;0,0;0,0;0,0;-0,01;-0,01;0,0;0,0;-0,2;-0,2;-0,04;-0,04;0,0;0,0;-0,19;-0,19;-0,02;-0,02;-0,26;-0,26;-0,02;-0,02;-0,17;-0,17;0,0;0,0;-0,02;-0,02;0,0;0,0;-0,03;-0,03
11.08.2026;21:15;21:30;0,0;0,0;-0,19;-0,19;-0,04;-0,04;0,0;0,0;-0,03;-0,03;-0,13;-0,13;-0,03;-0,03;-0,05;-0,05;-0,01;-0,01;0,0;0,0;-0,01;-0,01;0,0;0,0;-0,02;-0,02;0,0;0,0;-0,01;-0,01;0,0;0,0;-0,05;-0,05;-0,04;-0,04;-0,02;-0,02;-0,4;-0,4;-0,01;-0,01;-0,13;-0,13;0,0;0,0;-0,1;-0,1;0,0;0,0;-0,03;-0,03;-0,01;-0,01;-0,02;-0,02
11.08.2026;21:30;21:45;0,0;0,0;-0,19;-0,19;-0,05;-0,05;0,0;0,0;-0,05;-0,05;-0,13;-0,13;-0,04;-0,04;-0,05;-0,05;0,0;0,0;0,0;0,0;-0,03;-0,03;0,0;0,0;-0,02;-0,02;0,0;0,0;-0,02;-0,02;0,0;0,0;-0,06;-0,06;-0,04;-0,04;-0,02;-0,02;-0,34;-0,34;0,0;0,0;-0,18;-0,18;-0,01;-0,01;-0,1;-0,1;-0,01;-0,01;-0,02;-0,02;0,0;0,0;-0,03;-0,03
11.08.2026;21:45;22:00;0,0;0,0;-0,25;-0,25;-0,06;-0,06;0,0;0,0;-0,04;-0,04;-0,13;-0,13;-0,03;-0,03;-0,04;-0,04;-0,01;-0,01;0,0;0,0;-0,02;-0,02;0,0;0,0;-0,01;-0,01;0,0;0,0;-0,01;-0,01;-0,01;-0,01;-0,05;-0,05;-0,04;-0,04;-0,02;-0,02;-0,03;-0,03;-0,02;-0,02;-0,12;-0,12;-0,01;-0,01;-0,04;-0,04;0,0;0,0;-0,04;-0,04;0,0;0,0;-0,03;-0,03
11.08.2026;22:00;22:15;0,0;0,0;-0,21;-0,21;-0,05;-0,05;0,0;0,0;-0,04;-0,04;-0,14;-0,14;-0,04;-0,04;-0,05;-0,05;-0,01;-0,01;0,0;0,0;-0,04;-0,04;0,0;0,0;0,0;0,0;0,0;0,0;-0,01;-0,01;0,0;0,0;-0,06;-0,06;-0,04;-0,04;-0,03;-0,03;-0,06;-0,06;-0,01;-0,01;-0,11;-0,11;-0,01;-0,01;-0,11;-0,11;0,0;0,0;-0,03;-0,03;-0,01;-0,01;-0,02;-0,02
11.08.2026;22:15;22:30;0,0;0,0;-0,17;-0,17;-0,05;-0,05;-0,01;-0,01;-0,06;-0,06;-0,14;-0,14;-0,03;-0,03;-0,04;-0,04;-0,01;-0,01;0,0;0,0;-0,02;-0,02;0,0;0,0;0,0;0,0;-0,01;-0,01;-0,03;-0,03;0,0;0,0;-0,04;-0,04;-0,05;-0,05;-0,01;-0,01;-0,06;-0,06;-0,01;-0,01;-0,1;-0,1;-0,26;-0,26;-0,03;-0,03;0,0;0,0;-0,02;-0,02;-0,01;-0,01;-0,02;-0,02
11.08.2026;22:30;22:45;0,0;0,0;-0,19;-0,19;-0,05;-0,05;0,0;0,0;-0,04;-0,04;-0,13;-0,13;-0,02;-0,02;-0,05;-0,05;0,0;0,0;-0,01;-0,01;-0,03;-0,03;0,0;0,0;-0,01;-0,01;0,0;0,0;-0,01;-0,01;0,0;0,0;-0,02;-0,02;-0,02;-0,02;-0,02;-0,02;-0,02;-0,02;-0,01;-0,01;-0,12;-0,12;-0,1;-0,1;-0,03;-0,03;0,0;0,0;-0,04;-0,04;0,0;0,0;-0,03;-0,03
11.08.2026;22:45;23:00;0,0;0,0;-0,18;-0,18;-0,06;-0,06;0,0;0,0;-0,03;-0,03;-0,15;-0,15;-0,01;-0,01;-0,04;-0,04;-0,01;-0,01;0,0;0,0;-0,02;-0,02;0,0;0,0;-0,02;-0,02;0,0;0,0;-0,01;-0,01;0,0;0,0;-0,03;-0,03;-0,03;-0,03;-0,01;-0,01;0,0;0,0;0,0;0,0;-0,13;-0,13;-0,02;-0,02;-0,03;-0,03;0,0;0,0;-0,29;-0,29;0,0;0,0;-0,02;-0,02
11.08.2026;23:00;23:15;0,0;0,0;-0,16;-0,16;-0,04;-0,04;0,0;0,0;-0,04;-0,04;-0,18;-0,18;-0,01;-0,01;-0,04;-0,04;-0,01;-0,01;0,0;0,0;-0,03;-0,03;-0,01;-0,01;-0,02;-0,02;0,0;0,0;-0,02;-0,02;0,0;0,0;-0,02;-0,02;-0,03;-0,03;-0,01;-0,01;-0,01;-0,01;-0,02;-0,02;-0,17;-0,17;-0,02;-0,02;-0,03;-0,03;0,0;0,0;-0,06;-0,06;-0,01;-0,01;-0,02;-0,02
11.08.2026;23:15;23:30;0,0;0,0;-0,25;-0,25;-0,06;-0,06;0,0;0,0;-0,04;-0,04;-0,14;-0,14;-0,01;-0,01;-0,03;-0,03;0,0;0,0;0,0;0,0;-0,02;-0,02;0,0;0,0;0,0;0,0;0,0;0,0;-0,01;-0,01;0,0;0,0;-0,03;-0,03;-0,02;-0,02;-0,02;-0,02;-0,02;-0,02;-0,01;-0,01;-0,19;-0,19;-0,01;-0,01;-0,02;-0,02;0,0;0,0;-0,05;-0,05;-0,01;-0,01;-0,03;-0,03
11.08.2026;23:30;23:45;0,0;0,0;-0,28;-0,28;-0,02;-0,02;0,0;0,0;-0,04;-0,04;-0,15;-0,15;-0,01;-0,01;-0,05;-0,05;-0,01;-0,01;0,0;0,0;-0,03;-0,03;0,0;0,0;0,0;0,0;0,0;0,0;-0,11;-0,11;0,0;0,0;-0,02;-0,02;-0,02;-0,02;-0,02;-0,02;0,0;0,0;0,0;0,0;-0,2;-0,2;-0,01;-0,01;-0,02;-0,02;-0,01;-0,01;-0,04;-0,04;0,0;0,0;-0,01;-0,01
11.08.2026;23:45;00:00;0,0;0,0;-0,23;-0,23;-0,02;-0,02;0,0;0,0;-0,03;-0,03;-0,11;-0,11;-0,02;-0,02;-0,03;-0,03;-0,01;-0,01;0,0;0,0;-0,02;-0,02;0,0;0,0;-0,01;-0,01;0,0;0,0;-0,07;-0,07;0,0;0,0;-0,02;-0,02;-0,02;-0,02;-0,01;-0,01;-0,02;-0,02;-0,02;-0,02;-0,2;-0,2;-0,02;-0,02;-0,01;-0,01;0,0;0,0;-0,23;-0,23;0,0;0,0;-0,02;-0,02
12.08.2026;00:00;00:15;0,0;0,0;-0,19;-0,19;-0,02;-0,02;0,0;0,0;-0,01;-0,01;-0,1;-0,1;0,0;0,0;-0,03;-0,03;0,0;0,0;0,0;0,0;-0,03;-0,03;0,0;0,0;-0,01;-0,01;0,0;0,0;-0,1;-0,1;0,0;0,0;-0,01;-0,01;-0,01;-0,01;-0,02;-0,02;-0,01;-0,01;0,0;0,0;-0,14;-0,14;-0,19;-0,19;-0,02;-0,02;0,0;0,0;-0,03;-0,03;-0,01;-0,01;-0,01;-0,01
12.08.2026;00:15;00:30;0,0;0,0;-0,2;-0,2;-0,02;-0,02;0,0;0,0;-0,02;-0,02;-0,12;-0,12;-0,01;-0,01;-0,02;-0,02;-0,01;-0,01;0,0;0,0;-0,02;-0,02;0,0;0,0;-0,02;-0,02;0,0;0,0;-0,09;-0,09;-0,01;-0,01;-0,01;-0,01;-0,02;-0,02;-0,01;-0,01;-0,01;-0,01;-0,01;-0,01;-0,09;-0,09;-0,12;-0,12;-0,01;-0,01;0,0;0,0;-0,01;-0,01;0,0;0,0;-0,03;-0,03
12.08.2026;00:30;00:45;0,0;0,0;-0,18;-0,18;-0,03;-0,03;0,0;0,0;-0,01;-0,01;-0,1;-0,1;-0,01;-0,01;-0,15;-0,15;0,0;0,0;0,0;0,0;-0,02;-0,02;0,0;0,0;-0,01;-0,01;0,0;0,0;-0,08;-0,08;0,0;0,0;-0,01;-0,01;-0,01;-0,01;-0,01;-0,01;0,0;0,0;-0,02;-0,02;-0,08;-0,08;-0,16;-0,16;-0,02;-0,02;0,0;0,0;-0,04;-0,04;-0,01;-0,01;-0,02;-0,02
12.08.2026;00:45;01:00;0,0;0,0;-0,16;-0,16;-0,01;-0,01;0,0;0,0;-0,02;-0,02;-0,09;-0,09;-0,01;-0,01;-0,02;-0,02;-0,01;-0,01;0,0;0,0;-0,03;-0,03;0,0;0,0;0,0;0,0;0,0;0,0;-0,09;-0,09;0,0;0,0;-0,02;-0,02;-0,02;-0,02;-0,02;-0,02;-0,01;-0,01;0,0;0,0;-0,09;-0,09;-0,13;-0,13;-0,02;-0,02;0,0;0,0;-0,01;-0,01;0,0;0,0;-0,02;-0,02
12.08.2026;01:00;01:15;0,0;0,0;-0,17;-0,17;-0,03;-0,03;0,0;0,0;-0,01;-0,01;-0,11;-0,11;-0,01;-0,01;-0,02;-0,02;-0,01;-0,01;0,0;0,0;-0,02;-0,02;0,0;0,0;-0,01;-0,01;0,0;0,0;-0,08;-0,08;0,0;0,0;-0,01;-0,01;-0,03;-0,03;-0,01;-0,01;-0,01;-0,01;-0,01;-0,01;-0,08;-0,08;-0,14;-0,14;-0,01;-0,01;0,0;0,0;-0,03;-0,03;-0,01;-0,01;-0,03;-0,03
12.08.2026;01:15;01:30;0,0;0,0;-0,17;-0,17;-0,04;-0,04;0,0;0,0;-0,02;-0,02;-0,11;-0,11;-0,01;-0,01;-0,02;-0,02;-0,01;-0,01;0,0;0,0;-0,02;-0,02;0,0;0,0;0,0;0,0;0,0;0,0;-0,05;-0,05;0,0;0,0;-0,01;-0,01;-0,02;-0,02;-0,02;-0,02;-0,01;-0,01;-0,01;-0,01;-0,09;-0,09;-0,1;-0,1;-0,02;-0,02;0,0;0,0;-0,01;-0,01;0,0;0,0;-0,02;-0,02
12.08.2026;01:30;01:45;0,0;0,0;-0,18;-0,18;-0,05;-0,05;-0,01;-0,01;-0,01;-0,01;-0,1;-0,1;-0,01;-0,01;-0,02;-0,02;0,0;0,0;0,0;0,0;-0,03;-0,03;0,0;0,0;-0,02;-0,02;-0,01;-0,01;-0,03;-0,03;0,0;0,0;-0,03;-0,03;-0,03;-0,03;-0,04;-0,04;0,0;0,0;-0,01;-0,01;-0,09;-0,09;-0,05;-0,05;-0,01;-0,01;-0,01;-0,01;-0,03;-0,03;0,0;0,0;-0,02;-0,02
12.08.2026;01:45;02:00;0,0;0,0;-0,17;-0,17;-0,02;-0,02;0,0;0,0;0,0;0,0;-0,1;-0,1;0,0;0,0;-0,02;-0,02;-0,01;-0,01;0,0;0,0;-0,02;-0,02;0,0;0,0;-0,02;-0,02;0,0;0,0;-0,03;-0,03;0,0;0,0;-0,02;-0,02;-0,02;-0,02;-0,03;-0,03;-0,02;-0,02;-0,01;-0,01;-0,08;-0,08;-0,05;-0,05;-0,02;-0,02;0,0;0,0;-0,02;-0,02;-0,01;-0,01;-0,03;-0,03
12.08.2026;02:00;02:15;0,0;0,0;-0,27;-0,27;-0,03;-0,03;0,0;0,0;-0,02;-0,02;-0,06;-0,06;-0,01;-0,01;-0,03;-0,03;-0,01;-0,01;0,0;0,0;-0,03;-0,03;0,0;0,0;0,0;0,0;0,0;0,0;-0,03;-0,03;0,0;0,0;-0,03;-0,03;-0,01;-0,01;-0,02;-0,02;-0,01;-0,01;-0,01;-0,01;-0,08;-0,08;-0,06;-0,06;-0,01;-0,01;0,0;0,0;-0,02;-0,02;0,0;0,0;-0,02;-0,02
12.08.2026;02:15;02:30;0,0;0,0;-0,19;-0,19;-0,03;-0,03;0,0;0,0;-0,02;-0,02;-0,04;-0,04;-0,01;-0,01;-0,02;-0,02;0,0;0,0;0,0;0,0;-0,02;-0,02;0,0;0,0;-0,01;-0,01;0,0;0,0;-0,02;-0,02;0,0;0,0;-0,02;-0,02;-0,02;-0,02;-0,02;-0,02;-0,01;-0,01;-0,01;-0,01;-0,08;-0,08;-0,05;-0,05;-0,02;-0,02;0,0;0,0;-0,02;-0,02;-0,01;-0,01;-0,02;-0,02
12.08.2026;02:30;02:45;0,0;0,0;-0,16;-0,16;-0,03;-0,03;0,0;0,0;-0,01;-0,01;-0,05;-0,05;-0,01;-0,01;-0,02;-0,02;-0,01;-0,01;0,0;0,0;-0,02;-0,02;0,0;0,0;0,0;0,0;0,0;0,0;-0,03;-0,03;0,0;0,0;-0,03;-0,03;-0,01;-0,01;-0,02;-0,02;-0,01;-0,01;-0,01;-0,01;-0,09;-0,09;-0,06;-0,06;-0,01;-0,01;0,0;0,0;-0,02;-0,02;0,0;0,0;-0,01;-0,01
12.08.2026;02:45;03:00;0,0;0,0;-0,19;-0,19;-0,01;-0,01;0,0;0,0;-0,02;-0,02;-0,08;-0,08;-0,01;-0,01;-0,01;-0,01;-0,01;-0,01;0,0;0,0;-0,03;-0,03;0,0;0,0;-0,01;-0,01;0,0;0,0;-0,02;-0,02;-0,01;-0,01;-0,02;-0,02;-0,01;-0,01;-0,01;-0,01;0,0;0,0;0,0;0,0;-0,09;-0,09;-0,06;-0,06;-0,02;-0,02;0,0;0,0;-0,03;-0,03;0,0;0,0;-0,01;-0,01
12.08.2026;03:00;03:15;0,0;0,0;-0,16;-0,16;-0,01;-0,01;0,0;0,0;0,0;0,0;-0,08;-0,08;-0,01;-0,01;-0,01;-0,01;0,0;0,0;0,0;0,0;-0,02;-0,02;0,0;0,0;-0,02;-0,02;0,0;0,0;-0,01;-0,01;0,0;0,0;-0,03;-0,03;-0,02;-0,02;-0,01;-0,01;-0,01;-0,01;-0,02;-0,02;-0,08;-0,08;-0,05;-0,05;-0,01;-0,01;0,0;0,0;-0,01;-0,01;-0,01;-0,01;-0,03;-0,03
12.08.2026;03:15;03:30;0,0;0,0;-0,18;-0,18;-0,03;-0,03;0,0;0,0;-0,01;-0,01;-0,06;-0,06;0,0;0,0;-0,02;-0,02;-0,01;-0,01;0,0;0,0;-0,02;-0,02;0,0;0,0;-0,01;-0,01;0,0;0,0;-0,01;-0,01;0,0;0,0;-0,02;-0,02;-0,02;-0,02;-0,01;-0,01;-0,01;-0,01;-0,01;-0,01;-0,04;-0,04;-0,06;-0,06;-0,02;-0,02;0,0;0,0;-0,01;-0,01;-0,01;-0,01;-0,02;-0,02
12.08.2026;03:30;03:45;0,0;0,0;-0,16;-0,16;-0,03;-0,03;0,0;0,0;-0,02;-0,02;-0,06;-0,06;-0,01;-0,01;-0,02;-0,02;0,0;0,0;-0,01;-0,01;-0,03;-0,03;0,0;0,0;-0,01;-0,01;0,0;0,0;-0,02;-0,02;0,0;0,0;-0,02;-0,02;-0,03;-0,03;-0,02;-0,02;-0,01;-0,01;0,0;0,0;0,0;0,0;-0,01;-0,01;-0,01;-0,01;-0,01;-0,01;-0,01;-0,01;0,0;0,0;-0,03;-0,03
12.08.2026;03:45;04:00;0,0;0,0;-0,17;-0,17;-0,02;-0,02;0,0;0,0;-0,01;-0,01;-0,08;-0,08;-0,01;-0,01;-0,02;-0,02;-0,01;-0,01;0,0;0,0;-0,02;-0,02;0,0;0,0;0,0;0,0;0,0;0,0;-0,01;-0,01;0,0;0,0;-0,02;-0,02;-0,02;-0,02;-0,01;-0,01;-0,01;-0,01;-0,02;-0,02;-0,02;-0,02;0,0;0,0;-0,01;-0,01;0,0;0,0;-0,01;-0,01;0,0;0,0;-0,03;-0,03
12.08.2026;04:00;04:15;0,0;0,0;-0,27;-0,27;-0,01;-0,01;0,0;0,0;-0,02;-0,02;-0,08;-0,08;-0,01;-0,01;-0,02;-0,02;-0,01;-0,01;0,0;0,0;-0,01;-0,01;-0,01;-0,01;-0,01;-0,01;0,0;0,0;-0,01;-0,01;0,0;0,0;-0,01;-0,01;-0,02;-0,02;-0,01;-0,01;-0,01;-0,01;0,0;0,0;-0,01;-0,01;-0,01;-0,01;-0,02;-0,02;0,0;0,0;-0,01;-0,01;-0,01;-0,01;-0,01;-0,01
12.08.2026;04:15;04:30;0,0;0,0;-0,17;-0,17;-0,02;-0,02;0,0;0,0;-0,01;-0,01;-0,06;-0,06;-0,02;-0,02;-0,01;-0,01;-0,01;-0,01;0,0;0,0;-0,01;-0,01;0,0;0,0;-0,01;-0,01;0,0;0,0;-0,01;-0,01;0,0;0,0;-0,01;-0,01;-0,02;-0,02;-0,01;-0,01;-0,02;-0,02;-0,01;-0,01;-0,01;-0,01;-0,01;-0,01;-0,01;-0,01;0,0;0,0;-0,01;-0,01;-0,01;-0,01;-0,01;-0,01
12.08.2026;04:30;04:45;0,0;0,0;-0,16;-0,16;-0,03;-0,03;0,0;0,0;0,0;0,0;0,0;0,0;0,0;0,0;-0,02;-0,02;-0,01;-0,01;0,0;0,0;0,0;0,0;0,0;0,0;-0,02;-0,02;0,0;0,0;-0,01;-0,01;0,0;0,0;-0,02;-0,02;-0,01;-0,01;-0,01;-0,01;-0,01;-0,01;-0,01;-0,01;-0,01;-0,01;-0,01;-0,01;-0,02;-0,02;0,0;0,0;-0,01;-0,01;0,0;0,0;-0,02;-0,02
12.08.2026;04:45;05:00;0,0;0,0;-0,21;-0,21;-0,02;-0,02;0,0;0,0;-0,02;-0,02;-0,03;-0,03;-0,01;-0,01;-0,02;-0,02;0,0;0,0;0,0;0,0;-0,01;-0,01;0,0;0,0;-0,01;-0,01;0,0;0,0;-0,03;-0,03;0,0;0,0;-0,01;-0,01;-0,02;-0,02;-0,01;-0,01;0,0;0,0;0,0;0,0;-0,01;-0,01;-0,01;-0,01;-0,01;-0,01;0,0;0,0;-0,01;-0,01;0,0;0,0;-0,03;-0,03
12.08.2026;05:00;05:15;0,0;0,0;-0,16;-0,16;-0,01;-0,01;-0,01;-0,01;-0,02;-0,02;-0,01;-0,01;-0,01;-0,01;-0,02;-0,02;-0,01;-0,01;0,0;0,0;-0,03;-0,03;0,0;0,0;0,0;0,0;-0,01;-0,01;-0,02;-0,02;0,0;0,0;-0,01;-0,01;-0,01;-0,01;-0,01;-0,01;-0,01;-0,01;-0,02;-0,02;-0,01;-0,01;-0,01;-0,01;-0,02;-0,02;0,0;0,0;-0,01;-0,01;-0,01;-0,01;-0,02;-0,02
12.08.2026;05:15;05:30;0,0;0,0;-0,24;-0,24;-0,02;-0,02;0,0;0,0;-0,02;-0,02;-0,02;-0,02;-0,01;-0,01;-0,02;-0,02;0,0;0,0;0,0;0,0;0,0;0,0;0,0;0,0;0,0;0,0;0,0;0,0;-0,02;-0,02;-0,01;-0,01;-0,01;-0,01;-0,12;-0,12;-0,02;-0,02;-0,01;-0,01;-0,01;-0,01;-0,01;-0,01;0,0;0,0;-0,01;-0,01;0,0;0,0;-0,01;-0,01;-0,01;-0,01;-0,01;-0,01
12.08.2026;05:30;05:45;0,0;0,0;-0,17;-0,17;-0,03;-0,03;0,0;0,0;0,0;0,0;0,0;0,0;0,0;0,0;-0,02;-0,02;-0,01;-0,01;0,0;0,0;-0,01;-0,01;0,0;0,0;-0,01;-0,01;0,0;0,0;-0,01;-0,01;0,0;0,0;-0,03;-0,03;-0,02;-0,02;-0,01;-0,01;-0,01;-0,01;0,0;0,0;-0,02;-0,02;-0,01;-0,01;-0,02;-0,02;-0,01;-0,01;0,0;0,0;0,0;0,0;-0,01;-0,01
12.08.2026;05:45;06:00;0,01;0,01;-0,18;-0,18;-0,11;-0,11;0,0;0,0;-0,01;-0,01;-0,01;-0,01;-0,02;-0,02;-0,02;-0,02;-0,01;-0,01;0,0;0,0;-0,03;-0,03;0,0;0,0;-0,02;-0,02;0,0;0,0;-0,02;-0,02;0,0;0,0;-0,02;-0,02;-0,09;-0,09;-0,01;-0,01;0,0;0,0;-0,02;-0,02;-0,01;-0,01;-0,01;-0,01;-0,01;-0,01;0,0;0,0;-0,02;-0,02;0,0;0,0;-0,02;-0,02
12.08.2026;06:00;06:15;0,01;0,01;-0,17;-0,17;-0,14;-0,14;0,0;0,0;-0,02;-0,02;-0,02;-0,02;0,0;0,0;-0,02;-0,02;0,0;0,0;0,0;0,0;0,0;0,0;0,0;0,0;-0,02;-0,02;0,0;0,0;-0,01;-0,01;0,0;0,0;-0,02;-0,02;-0,04;-0,04;-0,01;-0,01;-0,01;-0,01;0,0;0,0;-0,01;-0,01;-0,01;-0,01;-0,02;-0,02;0,0;0,0;0,0;0,0;-0,01;-0,01;-0,02;-0,02
12.08.2026;06:15;06:30;0,05;0,05;-0,18;-0,18;-0,03;-0,03;0,0;0,0;-0,02;-0,02;-0,01;-0,01;-0,01;-0,01;-0,02;-0,02;-0,01;-0,01;0,0;0,0;-0,01;-0,01;0,0;0,0;0,0;0,0;0,0;0,0;-0,01;-0,01;0,0;0,0;-0,03;-0,03;-0,03;-0,03;-0,01;-0,01;-0,01;-0,01;-0,01;-0,01;-0,01;-0,01;-0,01;-0,01;-0,01;-0,01;0,0;0,0;-0,01;-0,01;-0,01;-0,01;-0,03;-0,03
12.08.2026;06:30;06:45;0,06;0,06;-0,17;-0,17;-0,03;-0,03;0,0;0,0;-0,04;-0,04;-0,02;-0,02;-0,01;-0,01;0,0;0,0;0,0;0,0;0,0;0,0;-0,01;-0,01;0,0;0,0;0,0;0,0;0,0;0,0;-0,01;-0,01;0,0;0,0;-0,02;-0,02;-0,01;-0,01;-0,02;-0,02;-0,02;-0,02;-0,01;-0,01;-0,01;-0,01;-0,01;-0,01;-0,02;-0,02;0,0;0,0;-0,01;-0,01;0,0;0,0;-0,02;-0,02
12.08.2026;06:45;07:00;0,14;0,11;-0,24;-0,21;-0,03;-0,03;0,0;0,0;-0,01;-0,01;-0,01;-0,01;-0,02;-0,02;-0,02;-0,02;-0,01;-0,01;0,0;0,0;-0,01;-0,01;0,0;0,0;-0,01;-0,01;0,0;0,0;-0,02;-0,02;0,0;0,0;-0,03;-0,03;-0,01;-0,01;-0,01;-0,01;-0,01;-0,01;-0,01;-0,01;-0,02;-0,02;-0,01;-0,01;-0,01;-0,01;0,0;0,0;-0,01;-0,01;0,0;0,0;-0,01;-0,01
12.08.2026;07:00;07:15;0,21;0,16;-0,2;-0,15;-0,01;-0,01;0,0;0,0;-0,01;-0,01;-0,01;-0,01;-0,01;-0,01;-0,02;-0,02;-0,01;-0,01;0,0;0,0;-0,02;-0,02;0,0;0,0;-0,01;-0,01;0,0;0,0;-0,01;-0,01;0,0;0,0;-0,02;-0,02;-0,02;-0,02;0,0;0,0;-0,01;-0,01;-0,01;-0,01;-0,02;-0,02;0,0;0,0;-0,01;-0,01;0,0;0,0;-0,01;-0,01;-0,01;-0,01;-0,01;-0,01
12.08.2026;07:15;07:30;0,28;0,2;-0,18;-0,1;-0,03;-0,03;0,0;0,0;-0,01;-0,01;-0,02;-0,02;-0,01;-0,01;-0,02;-0,02;-0,01;-0,01;0,0;0,0;-0,01;-0,01;0,0;0,0;-0,02;-0,02;0,0;0,0;-0,02;-0,02;0,0;0,0;-0,01;-0,01;-0,01;-0,01;-0,02;-0,02;0,0;0,0;-0,01;-0,01;-0,01;-0,01;-0,01;-0,01;-0,02;-0,02;0,0;0,0;-0,01;-0,01;0,0;0,0;-0,02;-0,02
12.08.2026;07:30;07:45;0,38;0,11;-0,26;-0,19;-0,03;-0,02;0,0;0,0;-0,04;-0,03;-0,01;0,0;-0,01;0,0;-0,01;0,0;-0,01;0,0;0,0;0,0;0,0;0,0;0,0;0,0;-0,01;0,0;0,0;0,0;-0,02;-0,01;0,0;0,0;-0,01;0,0;-0,01;0,0;-0,01;0,0;-0,02;-0,01;-0,01;0,0;-0,01;0,0;-0,01;0,0;-0,01;0,0;-0,01;0,0;-0,02;-0,01;-0,01;0,0;-0,02;-0,01
12.08.2026;07:45;08:00;0,51;0,19;-0,18;-0,09;-0,02;0,0;0,0;0,0;-0,1;-0,08;-0,01;0,0;0,0;0,0;-0,02;0,0;0,0;0,0;0,0;0,0;-0,01;0,0;0,0;0,0;0,0;0,0;0,0;0,0;-0,01;0,0;-0,01;0,0;0,0;0,0;-0,03;-0,01;-0,14;-0,12;-0,01;0,0;-0,01;0,0;-0,01;0,0;-0,01;0,0;-0,02;0,0;0,0;0,0;-0,01;0,0;0,0;0,0;-0,03;-0,01
12.08.2026;08:00;08:15;0,67;0,23;-0,19;-0,04;-0,02;0,0;0,0;0,0;-0,08;-0,04;-0,01;0,0;-0,01;0,0;-0,02;0,0;-0,01;0,0;0,0;0,0;-0,01;0,0;0,0;0,0;-0,01;0,0;0,0;0,0;-0,01;0,0;0,0;0,0;-0,01;0,0;-0,02;0,0;-0,37;-0,33;0,0;0,0;0,0;0,0;-0,01;0,0;-0,01;0,0;-0,03;0,0;0,0;0,0;-0,01;0,0;-0,01;0,0;-0,01;0,0
12.08.2026;08:15;08:30;0,81;0,26;-0,27;-0,09;-0,05;0,0;-0,01;0,0;-0,06;-0,01;-0,01;0,0;-0,01;0,0;-0,02;0,0;0,0;0,0;0,0;0,0;-0,02;0,0;0,0;0,0;0,0;0,0;-0,01;0,0;-0,01;0,0;0,0;0,0;0,0;0,0;-0,02;0,0;-0,19;-0,14;-0,01;0,0;-0,01;0,0;-0,01;0,0;-0,01;0,0;-0,03;0,0;0,0;0,0;-0,02;0,0;0,0;0,0;-0,02;0,0
12.08.2026;08:30;08:45;0,92;0,27;-0,27;-0,08;-0,05;0,0;0,0;0,0;-0,05;0,0;-0,02;0,0;-0,01;0,0;-0,02;0,0;-0,01;0,0;-0,01;0,0;-0,01;0,0;0,0;0,0;-0,02;0,0;0,0;0,0;-0,02;0,0;0,0;0,0;0,0;0,0;-0,03;0,0;-0,08;-0,01;-0,01;0,0;-0,02;0,0;-0,04;0,0;-0,03;0,0;-0,02;0,0;0,0;0,0;-0,01;0,0;0,0;0,0;-0,01;0,0
12.08.2026;08:45;09:00;0,99;0,28;-0,19;0,0;-0,1;-0,02;0,0;0,0;-0,06;0,0;0,0;0,0;0,0;0,0;-0,06;0,0;-0,01;0,0;0,0;0,0;-0,01;0,0;0,0;0,0;-0,01;0,0;0,0;0,0;-0,01;0,0;0,0;0,0;0,0;0,0;-0,02;0,0;-0,22;-0,14;-0,01;0,0;0,0;0,0;-0,14;-0,06;-0,02;0,0;-0,03;0,0;0,0;0,0;-0,01;0,0;-0,01;0,0;-0,02;0,0
12.08.2026;09:00;09:15;0,24;0,18;-0,2;-0,14;-0,12;-0,12;0,0;0,0;-0,03;-0,03;-0,02;-0,02;-0,02;-0,02;-0,02;-0,02;0,0;0,0;0,0;0,0;-0,01;-0,01;-0,01;-0,01;-0,01;-0,01;0,0;0,0;-0,01;-0,01;0,0;0,0;0,0;0,0;-0,01;-0,01;-0,05;-0,05;-0,01;-0,01;-0,01;-0,01;-0,06;-0,06;-0,01;-0,01;-0,05;-0,05;0,0;0,0;-0,01;-0,01;0,0;0,0;-0,02;-0,02
12.08.2026;09:15;09:30;0,0;0,0;-0,17;-0,17;-0,06;-0,06;0,0;0,0;-0,02;-0,02;-0,01;-0,01;-0,01;-0,01;-0,02;-0,02;-0,01;-0,01;0,0;0,0;0,0;0,0;0,0;0,0;-0,01;-0,01;0,0;0,0;-0,01;-0,01;0,0;0,0;-0,01;-0,01;-0,01;-0,01;-0,01;-0,01;0,0;0,0;-0,01;-0,01;-0,03;-0,03;-0,01;-0,01;-0,24;-0,24;0,0;0,0;0,0;0,0;-0,01;-0,01;-0,03;-0,03
12.08.2026;09:30;09:45;0,0;0,0;-0,24;-0,24;-0,36;-0,36;0,0;0,0;-0,01;-0,01;-0,01;-0,01;0,0;0,0;-0,02;-0,02;-0,01;-0,01;0,0;0,0;-0,02;-0,02;0,0;0,0;0,0;0,0;0,0;0,0;-0,01;-0,01;0,0;0,0;-0,02;-0,02;-0,01;-0,01;-0,01;-0,01;-0,01;-0,01;-0,01;-0,01;-0,03;-0,03;-0,01;-0,01;-0,09;-0,09;-0,01;-0,01;-0,02;-0,02;0,0;0,0;-0,01;-0,01
12.08.2026;09:45;10:00;0,98;0,4;-0,23;0,0;-0,29;-0,21;0,0;0,0;-0,01;0,0;-0,02;0,0;-0,02;0,0;-0,02;0,0;-0,01;0,0;0,0;0,0;-0,01;0,0;0,0;0,0;-0,01;0,0;0,0;0,0;-0,01;0,0;0,0;0,0;-0,01;0,0;-0,02;0,0;-0,01;0,0;-0,01;0,0;-0,01;0,0;-0,03;0,0;-0,01;0,0;-0,04;0,0;0,0;0,0;0,0;0,0;0,0;0,0;-0,02;0,0
12.08.2026;10:00;10:15;1,51;0,98;-0,25;0,0;-0,04;0,0;0,0;0,0;-0,02;0,0;0,0;0,0;0,0;0,0;-0,01;0,0;0,0;0,0;0,0;0,0;-0,01;0,0;0,0;0,0;-0,02;0,0;0,0;0,0;-0,02;0,0;0,0;0,0;-0,01;0,0;-0,02;0,0;-0,01;0,0;-0,01;0,0;-0,01;0,0;-0,02;0,0;0,0;0,0;-0,04;0,0;0,0;0,0;-0,02;0,0;-0,01;0,0;-0,01;0,0
12.08.2026;10:15;10:30;1,59;1,04;-0,18;0,0;-0,04;0,0;0,0;0,0;-0,01;0,0;-0,02;0,0;-0,01;0,0;-0,01;0,0;-0,01;0,0;0,0;0,0;0,0;0,0;0,0;0,0;-0,01;0,0;0,0;0,0;0,0;0,0;-0,01;0,0;-0,02;0,0;-0,02;0,0;-0,01;0,0;0,0;0,0;-0,01;0,0;-0,01;0,0;-0,02;0,0;-0,13;0,0;0,0;0,0;0,0;0,0;-0,01;0,0;-0,02;0,0
12.08.2026;10:30;10:45;1,69;1,01;-0,18;0,0;-0,04;0,0;0,0;0,0;-0,01;0,0;0,0;0,0;-0,03;0,0;-0,02;0,0;-0,01;0,0;0,0;0,0;-0,01;0,0;0,0;0,0;-0,01;0,0;0,0;0,0;-0,02;0,0;0,0;0,0;-0,01;0,0;-0,02;0,0;-0,01;0,0;-0,01;0,0;-0,01;0,0;-0,01;0,0;-0,06;0,0;-0,17;0,0;0,0;0,0;-0,02;0,0;0,0;0,0;-0,03;0,0
12.08.2026;10:45;11:00;1,74;1,09;-0,23;0,0;-0,05;0,0;0,0;0,0;-0,01;0,0;-0,02;0,0;-0,02;0,0;-0,02;0,0;0,0;0,0;0,0;0,0;-0,01;0,0;0,0;0,0;0,0;0,0;0,0;0,0;-0,01;0,0;0,0;0,0;-0,01;0,0;-0,03;0,0;-0,01;0,0;-0,01;0,0;0,0;0,0;-0,02;0,0;-0,01;0,0;-0,17;0,0;0,0;0,0;0,0;0,0;0,0;0,0;-0,02;0,0
12.08.2026;11:00;11:15;1,76;1,03;-0,18;0,0;-0,1;0,0;0,0;0,0;-0,02;0,0;-0,03;0,0;-0,03;0,0;-0,01;0,0;-0,01;0,0;0,0;0,0;-0,02;0,0;0,0;0,0;0,0;0,0;0,0;0,0;-0,01;0,0;0,0;0,0;-0,02;0,0;-0,02;0,0;-0,01;0,0;-0,02;0,0;-0,02;0,0;-0,01;0,0;-0,01;0,0;-0,16;0,0;0,0;0,0;-0,02;0,0;-0,01;0,0;-0,02;0,0
12.08.2026;11:15;11:30;1,82;1,04;-0,22;0,0;-0,38;-0,19;0,0;0,0;-0,01;0,0;-0,05;0,0;-0,03;0,0;-0,02;0,0;-0,01;0,0;0,0;0,0;-0,01;0,0;0,0;0,0;-0,02;0,0;0,0;0,0;-0,02;0,0;0,0;0,0;-0,01;0,0;-0,02;0,0;-0,01;0,0;0,0;0,0;-0,01;0,0;-0,02;0,0;0,0;0,0;-0,11;0,0;0,0;0,0;0,0;0,0;-0,01;0,0;-0,01;0,0
12.08.2026;11:30;11:45;1,85;1,21;-0,29;0,0;-0,02;0,0;-0,01;0,0;-0,01;0,0;-0,08;0,0;-0,03;0,0;-0,02;0,0;0,0;0,0;0,0;0,0;-0,01;0,0;0,0;0,0;0,0;0,0;-0,01;0,0;-0,01;0,0;0,0;0,0;0,0;0,0;-0,01;0,0;-0,01;0,0;-0,01;0,0;0,0;0,0;-0,05;0,0;-0,01;0,0;-0,03;0,0;-0,01;0,0;-0,01;0,0;0,0;0,0;-0,01;0,0
12.08.2026;11:45;12:00;1,87;1,25;-0,22;0,0;-0,03;0,0;0,0;0,0;-0,02;0,0;-0,13;0,0;-0,03;0,0;-0,02;0,0;-0,01;0,0;0,0;0,0;0,0;0,0;0,0;0,0;-0,01;0,0;0,0;0,0;-0,01;0,0;0,0;0,0;0,0;0,0;-0,01;0,0;-0,01;0,0;0,0;0,0;-0,02;0,0;-0,03;0,0;-0,01;0,0;-0,03;0,0;0,0;0,0;-0,01;0,0;0,0;0,0;-0,02;0,0
12.08.2026;12:00;12:15;1,89;1,19;-0,3;0,0;-0,03;0,0;0,0;0,0;-0,01;0,0;-0,09;0,0;-0,03;0,0;-0,02;0,0;-0,01;0,0;0,0;0,0;-0,01;0,0;0,0;0,0;-0,02;0,0;0,0;0,0;-0,02;0,0;0,0;0,0;0,0;0,0;-0,01;0,0;-0,01;0,0;-0,01;0,0;0,0;0,0;-0,01;0,0;-0,01;0,0;-0,06;0,0;0,0;0,0;-0,01;0,0;-0,01;0,0;-0,03;0,0
12.08.2026;12:15;12:30;1,89;1,07;-0,32;0,0;-0,02;0,0;0,0;0,0;-0,01;0,0;-0,17;0,0;-0,09;0,0;-0,02;0,0;-0,01;0,0;0,0;0,0;-0,01;0,0;0,0;0,0;-0,01;0,0;0,0;0,0;-0,01;0,0;0,0;0,0;0,0;0,0;-0,02;0,0;-0,01;0,0;-0,01;0,0;-0,01;0,0;-0,02;0,0;-0,01;0,0;-0,03;0,0;0,0;0,0;-0,01;0,0;-0,01;0,0;-0,02;0,0
12.08.2026;12:30;12:45;1,91;1,19;-0,24;0,0;-0,02;0,0;0,0;0,0;-0,01;0,0;-0,59;-0,37;-0,02;0,0;-0,02;0,0;0,0;0,0;0,0;0,0;-0,01;0,0;0,0;0,0;-0,01;0,0;0,0;0,0;-0,02;0,0;0,0;0,0;-0,01;0,0;-0,02;0,0;-0,01;0,0;0,0;0,0;-0,02;0,0;-0,01;0,0;-0,01;0,0;-0,04;0,0;0,0;0,0;-0,01;0,0;0,0;0,0;-0,02;0,0
12.08.2026;12:45;13:00;1,91;1,26;-0,25;0,0;-0,02;0,0;0,0;0,0;-0,01;0,0;-0,13;0,0;-0,03;0,0;-0,02;0,0;-0,01;0,0;0,0;0,0;-0,01;0,0;0,0;0,0;0,0;0,0;0,0;0,0;-0,02;0,0;-0,01;0,0;0,0;0,0;-0,03;0,0;-0,01;0,0;-0,01;0,0;0,0;0,0;-0,02;0,0;-0,01;0,0;-0,04;0,0;0,0;0,0;-0,01;0,0;0,0;0,0;-0,01;0,0
12.08.2026;13:00;13:15;1,66;0,95;-0,33;0,0;-0,03;0,0;0,0;0,0;-0,02;0,0;-0,12;0,0;-0,03;0,0;-0,02;0,0;-0,01;0,0;0,0;0,0;0,0;0,0;0,0;0,0;-0,01;0,0;0,0;0,0;0,0;0,0;0,0;0,0;0,0;0,0;-0,02;0,0;-0,01;0,0;-0,02;0,0;-0,01;0,0;-0,01;0,0;0,0;0,0;-0,03;0,0;0,0;0,0;-0,01;0,0;-0,01;0,0;-0,02;0,0
12.08.2026;13:15;13:30;0,16;0,11;-0,22;-0,17;-0,02;-0,02;0,0;0,0;-0,01;-0,01;-0,14;-0,14;-0,03;-0,03;-0,01;-0,01;0,0;0,0;0,0;0,0;-0,01;-0,01;0,0;0,0;-0,01;-0,01;0,0;0,0;-0,02;-0,02;0,0;0,0;-0,02;-0,02;-0,02;-0,02;-0,01;-0,01;-0,01;-0,01;-0,01;-0,01;-0,02;-0,02;-0,02;-0,02;-0,02;-0,02;0,0;0,0;-0,01;-0,01;0,0;0,0;-0,01;-0,01
12.08.2026;13:30;13:45;0,0;0,0;-0,17;-0,17;-0,02;-0,02;0,0;0,0;-0,02;-0,02;-0,12;-0,12;-0,04;-0,04;-0,02;-0,02;-0,01;-0,01;-0,01;-0,01;-0,01;-0,01;0,0;0,0;-0,02;-0,02;0,0;0,0;0,0;0,0;0,0;0,0;-0,01;-0,01;-0,02;-0,02;-0,01;-0,01;-0,01;-0,01;-0,01;-0,01;-0,03;-0,03;-0,01;-0,01;-0,04;-0,04;-0,01;-0,01;-0,01;-0,01;-0,01;-0,01;-0,03;-0,03
12.08.2026;13:45;14:00;1,27;0,67;-0,2;0,0;-0,02;0,0;0,0;0,0;0,0;0,0;-0,27;-0,14;-0,02;0,0;-0,01;0,0;-0,01;0,0;0,0;0,0;-0,01;0,0;0,0;0,0;-0,01;0,0;0,0;0,0;-0,01;0,0;0,0;0,0;-0,01;0,0;-0,03;0,0;-0,01;0,0;0,0;0,0;-0,01;0,0;-0,07;0,0;0,0;0,0;-0,02;0,0;0,0;0,0;-0,01;0,0;0,0;0,0;-0,02;0,0
12.08.2026;14:00;14:15;1,8;1,1;-0,16;0,0;-0,03;0,0;0,0;0,0;-0,01;0,0;-0,3;-0,09;-0,01;0,0;-0,01;0,0;0,0;0,0;0,0;0,0;-0,01;0,0;-0,01;0,0;0,0;0,0;0,0;0,0;-0,02;0,0;0,0;0,0;-0,02;0,0;-0,02;0,0;-0,01;0,0;-0,01;0,0;-0,01;0,0;-0,08;0,0;-0,01;0,0;-0,04;0,0;0,0;0,0;-0,01;0,0;0,0;0,0;-0,02;0,0
12.08.2026;14:15;14:30;1,75;1,12;-0,18;0,0;-0,02;0,0;0,0;0,0;-0,01;0,0;-0,13;0,0;-0,01;0,0;-0,02;0,0;0,0;0,0;0,0;0,0;0,0;0,0;0,0;0,0;-0,01;0,0;0,0;0,0;0,0;0,0;0,0;0,0;-0,01;0,0;-0,02;0,0;-0,01;0,0;-0,01;0,0;-0,01;0,0;-0,09;0,0;-0,01;0,0;-0,05;0,0;0,0;0,0;-0,01;0,0;-0,01;0,0;-0,02;0,0
12.08.2026;14:30;14:45;1,69;1,04;-0,18;0,0;-0,02;0,0;0,0;0,0;-0,02;0,0;-0,15;0,0;-0,01;0,0;-0,02;0,0;-0,01;0,0;0,0;0,0;-0,01;0,0;0,0;0,0;-0,01;0,0;0,0;0,0;-0,02;0,0;0,0;0,0;-0,02;0,0;-0,01;0,0;-0,01;0,0;0,0;0,0;-0,01;0,0;-0,07;0,0;-0,01;0,0;-0,04;0,0;0,0;0,0;-0,01;0,0;-0,01;0,0;-0,01;0,0
12.08.2026;14:45;15:00;1,62;0,9;-0,3;0,0;-0,02;0,0;0,0;0,0;-0,01;0,0;-0,15;0,0;0,0;0,0;-0,02;0,0;0,0;0,0;0,0;0,0;-0,01;0,0;0,0;0,0;-0,01;0,0;0,0;0,0;-0,01;0,0;0,0;0,0;-0,01;0,0;-0,01;0,0;-0,01;0,0;-0,01;0,0;-0,01;0,0;-0,07;0,0;-0,01;0,0;-0,04;0,0;0,0;0,0;-0,01;0,0;0,0;0,0;-0,01;0,0
12.08.2026;15:00;15:15;1,56;0,76;-0,19;0,0;-0,02;0,0;-0,01;0,0;-0,01;0,0;-0,18;-0,03;-0,01;0,0;-0,02;0,0;-0,02;0,0;0,0;0,0;-0,02;0,0;0,0;0,0;-0,02;0,0;-0,01;0,0;-0,01;0,0;0,0;0,0;-0,01;0,0;-0,01;0,0;-0,01;0,0;-0,01;0,0;-0,01;0,0;-0,12;0,0;-0,01;0,0;-0,06;0,0;0,0;0,0;-0,04;0,0;0,0;0,0;-0,03;0,0
12.08.2026;15:15;15:30;1,5;0,75;-0,17;0,0;-0,02;0,0;0,0;0,0;-0,01;0,0;-0,17;-0,02;-0,01;0,0;-0,02;0,0;0,0;0,0;0,0;0,0;-0,01;0,0;0,0;0,0;0,0;0,0;0,0;0,0;-0,01;0,0;-0,01;0,0;-0,02;0,0;-0,02;0,0;0,0;0,0;-0,04;0,0;-0,01;0,0;-0,16;-0,01;-0,01;0,0;-0,03;0,0;0,0;0,0;-0,03;0,0;-0,01;0,0;-0,02;0,0
12.08.2026;15:30;15:45;1,41;0,64;-0,22;0,0;-0,05;0,0;0,0;0,0;-0,01;0,0;-0,15;-0,02;-0,01;0,0;-0,02;0,0;-0,01;0,0;0,0;0,0;-0,02;0,0;0,0;0,0;-0,01;0,0;0,0;0,0;-0,01;0,0;0,0;0,0;0,0;0,0;-0,02;0,0;-0,02;0,0;-0,04;0,0;-0,01;0,0;-0,05;0,0;-0,01;0,0;-0,06;0,0;-0,01;0,0;-0,04;0,0;0,0;0,0;-0,02;0,0
12.08.2026;15:45;16:00;1,33;0,47;-0,29;0,0;-0,05;0,0;0,0;0,0;-0,02;0,0;-0,12;-0,01;-0,01;0,0;-0,02;0,0;-0,01;0,0;0,0;0,0;-0,03;0,0;0,0;0,0;0,0;0,0;0,0;0,0;-0,01;0,0;0,0;0,0;0,0;0,0;-0,03;0,0;-0,01;0,0;-0,23;-0,12;-0,01;0,0;-0,04;0,0;0,0;0,0;-0,02;0,0;0,0;0,0;-0,03;0,0;-0,01;0,0;-0,05;0,0
12.08.2026;16:00;16:15;1,25;0,42;-0,28;0,0;-0,04;0,0;0,0;0,0;-0,01;0,0;-0,09;0,0;-0,02;0,0;-0,02;0,0;0,0;0,0;0,0;0,0;-0,03;0,0;0,0;0,0;-0,02;0,0;0,0;0,0;-0,01;0,0;0,0;0,0;0,0;0,0;-0,02;0,0;0,0;0,0;-0,27;-0,17;-0,01;0,0;-0,07;0,0;-0,01;0,0;-0,02;0,0;0,0;0,0;-0,03;0,0;0,0;0,0;-0,05;0,0
12.08.2026;16:15;16:30;1,15;0,38;-0,19;0,0;-0,05;0,0;0,0;0,0;-0,02;0,0;-0,09;0,0;-0,03;0,0;-0,01;0,0;-0,01;0,0;0,0;0,0;-0,01;0,0;0,0;0,0;-0,01;0,0;0,0;0,0;0,0;0,0;0,0;0,0;0,0;0,0;-0,02;0,0;-0,02;0,0;-0,45;-0,36;-0,01;0,0;-0,1;-0,01;-0,01;0,0;-0,02;0,0;0,0;0,0;-0,03;0,0;-0,01;0,0;-0,05;0,0
12.08.2026;16:30;16:45;1,05;0,27;-0,32;-0,09;-0,04;0,0;0,0;0,0;0,0;0,0;-0,17;-0,1;-0,03;0,0;-0,02;0,0;-0,01;0,0;0,0;0,0;-0,02;0,0;0,0;0,0;-0,01;0,0;0,0;0,0;-0,02;0,0;0,0;0,0;-0,01;0,0;-0,03;0,0;-0,01;0,0;-0,11;-0,04;-0,01;0,0;-0,04;0,0;-0,01;0,0;-0,08;-0,01;0,0;0,0;-0,03;0,0;0,0;0,0;-0,05;0,0
12.08.2026;16:45;17:00;0,95;0,25;-0,27;-0,07;-0,05;0,0;0,0;0,0;-0,01;0,0;-0,14;-0,07;-0,03;0,0;-0,02;0,0;0,0;0,0;0,0;0,0;-0,01;0,0;0,0;0,0;-0,01;0,0;0,0;0,0;-0,01;0,0;0,0;0,0;0,0;0,0;-0,02;0,0;0,0;0,0;-0,4;-0,33;0,0;0,0;-0,03;0,0;-0,01;0,0;-0,08;-0,01;0,0;0,0;-0,05;0,0;0,0;0,0;-0,04;0,0
12.08.2026;17:00;17:15;0,85;0,21;-0,19;-0,01;-0,05;0,0;0,0;0,0;-0,01;0,0;-0,14;-0,09;-0,03;0,0;-0,02;0,0;-0,01;0,0;0,0;0,0;-0,01;0,0;0,0;0,0;0,0;0,0;0,0;0,0;-0,05;0,0;0,0;0,0;0,0;0,0;-0,02;0,0;-0,01;0,0;-0,04;0,0;-0,02;0,0;-0,03;0,0;-0,01;0,0;-0,07;-0,02;0,0;0,0;-0,02;0,0;-0,01;0,0;-0,02;0,0
12.08.2026;17:15;17:30;0,66;0,21;-0,19;-0,07;-0,04;-0,02;0,0;0,0;-0,02;0,0;-0,15;-0,13;-0,02;0,0;-0,02;0,0;-0,01;0,0;0,0;0,0;-0,01;0,0;0,0;0,0;-0,01;0,0;0,0;0,0;-0,03;-0,01;0,0;0,0;-0,01;0,0;-0,02;0,0;-0,02;0,0;-0,04;-0,02;-0,01;0,0;-0,02;0,0;-0,01;0,0;-0,09;-0,07;0,0;0,0;-0,02;0,0;-0,01;0,0;-0,03;-0,01
12.08.2026;17:30;17:45;0,01;0,01;-0,28;-0,28;-0,04;-0,04;0,0;0,0;-0,01;-0,01;-0,15;-0,15;-0,01;-0,01;-0,01;-0,01;0,0;0,0;0,0;0,0;-0,01;-0,01;0,0;0,0;-0,02;-0,02;0,0;0,0;-0,02;-0,02;0,0;0,0;-0,02;-0,02;-0,03;-0,03;-0,02;-0,02;-0,02;-0,02;0,0;0,0;-0,02;-0,02;-0,01;-0,01;-0,03;-0,03;-0,01;-0,01;-0,02;-0,02;0,0;0,0;-0,03;-0,03
12.08.2026;17:45;18:00;0,0;0,0;-0,25;-0,25;-0,06;-0,06;0,0;0,0;-0,01;-0,01;-0,08;-0,08;-0,01;-0,01;-0,01;-0,01;-0,01;-0,01;0,0;0,0;0,0;0,0;0,0;0,0;-0,01;-0,01;0,0;0,0;-0,02;-0,02;-0,01;-0,01;-0,01;-0,01;-0,02;-0,02;-0,34;-0,34;-0,03;-0,03;-0,02;-0,02;-0,02;-0,02;-0,01;-0,01;-0,09;-0,09;0,0;0,0;-0,02;-0,02;0,0;0,0;-0,03;-0,03
12.08.2026;18:00;18:15;0,0;0,0;-0,33;-0,33;-0,05;-0,05;0,0;0,0;-0,01;-0,01;-0,07;-0,07;-0,01;-0,01;-0,03;-0,03;0,0;0,0;0,0;0,0;-0,01;-0,01;0,0;0,0;-0,01;-0,01;0,0;0,0;-0,02;-0,02;0,0;0,0;-0,02;-0,02;-0,02;-0,02;-0,22;-0,22;-0,02;-0,02;0,0;0,0;-0,03;-0,03;0,0;0,0;-0,1;-0,1;0,0;0,0;-0,01;-0,01;-0,01;-0,01;-0,03;-0,03
12.08.2026;18:15;18:30;0,33;0,1;-0,23;-0,21;-0,04;-0,03;-0,01;0,0;-0,01;0,0;-0,06;-0,05;-0,01;0,0;-0,05;-0,04;-0,01;0,0;0,0;0,0;-0,01;0,0;0,0;0,0;0,0;0,0;-0,01;0,0;-0,01;0,0;0,0;0,0;-0,01;0,0;-0,03;-0,02;-0,16;-0,15;-0,03;-0,02;-0,01;0,0;-0,02;-0,01;-0,02;-0,01;-0,1;-0,09;0,0;0,0;-0,02;-0,01;-0,01;0,0;-0,03;-0,02
12.08.2026;18:30;18:45;0,26;0,19;-0,3;-0,23;-0,04;-0,04;0,0;0,0;-0,01;-0,01;-0,06;-0,06;-0,01;-0,01;-0,03;-0,03;-0,01;-0,01;-0,01;-0,01;-0,01;-0,01;0,0;0,0;0,0;0,0;0,0;0,0;-0,02;-0,02;0,0;0,0;-0,01;-0,01;-0,01;-0,01;-0,07;-0,07;-0,02;-0,02;-0,02;-0,02;-0,02;-0,02;-0,01;-0,01;-0,1;-0,1;0,0;0,0;-0,01;-0,01;0,0;0,0;-0,02;-0,02
12.08.2026;18:45;19:00;0,19;0,14;-0,27;-0,22;-0,06;-0,06;0,0;0,0;-0,02;-0,02;-0,08;-0,08;-0,05;-0,05;-0,04;-0,04;-0,01;-0,01;0,0;0,0;-0,01;-0,01;0,0;0,0;-0,02;-0,02;0,0;0,0;-0,02;-0,02;0,0;0,0;-0,02;-0,02;-0,02;-0,02;-0,07;-0,07;-0,03;-0,03;0,0;0,0;-0,02;-0,02;-0,01;-0,01;-0,07;-0,07;0,0;0,0;-0,01;-0,01;0,0;0,0;-0,03;-0,03
12.08.2026;19:00;19:15;0,14;0,11;-0,2;-0,17;-0,05;-0,05;0,0;0,0;-0,01;-0,01;-0,09;-0,09;-0,07;-0,07;-0,07;-0,07;0,0;0,0;0,0;0,0;0,0;0,0;-0,01;-0,01;-0,02;-0,02;0,0;0,0;-0,01;-0,01;0,0;0,0;-0,02;-0,02;-0,01;-0,01;-0,07;-0,07;-0,03;-0,03;-0,01;-0,01;-0,02;-0,02;-0,01;-0,01;-0,09;-0,09;0,0;0,0;-0,02;-0,02;-0,01;-0,01;-0,04;-0,04
12.08.2026;19:15;19:30;0,09;0,09;-0,18;-0,18;-0,04;-0,04;0,0;0,0;-0,01;-0,01;-0,07;-0,07;-0,06;-0,06;-0,07;-0,07;-0,01;-0,01;0,0;0,0;-0,01;-0,01;0,0;0,0;-0,01;-0,01;0,0;0,0;-0,02;-0,02;0,0;0,0;-0,05;-0,05;-0,02;-0,02;-0,03;-0,03;-0,19;-0,19;-0,01;-0,01;-0,03;-0,03;0,0;0,0;-0,11;-0,11;0,0;0,0;-0,01;-0,01;0,0;0,0;-0,04;-0,04
12.08.2026;19:30;19:45;0,04;0,04;-0,18;-0,18;-0,04;-0,04;0,0;0,0;-0,01;-0,01;-0,07;-0,07;-0,03;-0,03;-0,06;-0,06;-0,01;-0,01;0,0;0,0;-0,01;-0,01;0,0;0,0;0,0;0,0;0,0;0,0;-0,01;-0,01;0,0;0,0;-0,04;-0,04;-0,06;-0,06;-0,05;-0,05;-0,51;-0,51;-0,01;-0,01;-0,02;-0,02;-0,02;-0,02;-0,09;-0,09;-0,01;-0,01;-0,02;-0,02;-0,01;-0,01;-0,04;-0,04
12.08.2026;19:45;20:00;0,01;0,01;-0,2;-0,2;-0,05;-0,05;0,0;0,0;-0,01;-0,01;-0,09;-0,09;-0,03;-0,03;-0,05;-0,05;0,0;0,0;0,0;0,0;-0,01;-0,01;0,0;0,0;0,0;0,0;0,0;0,0;-0,02;-0,02;0,0;0,0;-0,05;-0,05;-0,07;-0,07;-0,05;-0,05;-0,22;-0,22;-0,01;-0,01;-0,02;-0,02;-0,01;-0,01;-0,09;-0,09;0,0;0,0;-0,01;-0,01;0,0;0,0;-0,04;-0,04
12.08.2026;20:00;20:15;0,0;0,0;-0,2;-0,2;-0,05;-0,05;0,0;0,0;-0,02;-0,02;-0,12;-0,12;-0,04;-0,04;-0,05;-0,05;-0,01;-0,01;0,0;0,0;-0,01;-0,01;0,0;0,0;-0,02;-0,02;0,0;0,0;-0,01;-0,01;0,0;0,0;-0,04;-0,04;-0,08;-0,08;-0,04;-0,04;-0,03;-0,03;-0,01;-0,01;-0,02;-0,02;-0,01;-0,01;-0,05;-0,05;0,0;0,0;-0,01;-0,01;0,0;0,0;-0,05;-0,05
12.08.2026;20:15;20:30;0,0;0,0;-0,19;-0,19;-0,05;-0,05;0,0;0,0;-0,01;-0,01;-0,12;-0,12;-0,05;-0,05;-0,05;-0,05;-0,01;-0,01;0,0;0,0;0,0;0,0;0,0;0,0;-0,01;-0,01;0,0;0,0;-0,02;-0,02;-0,01;-0,01;-0,04;-0,04;-0,07;-0,07;-0,01;-0,01;-0,03;-0,03;-0,01;-0,01;-0,09;-0,09;-0,01;-0,01;-0,05;-0,05;0,0;0,0;-0,02;-0,02;-0,01;-0,01;-0,04;-0,04
12.08.2026;20:30;20:45;0,0;0,0;-0,31;-0,31;-0,15;-0,15;0,0;0,0;-0,02;-0,02;-0,13;-0,13;-0,05;-0,05;-0,05;-0,05;0,0;0,0;0,0;0,0;-0,01;-0,01;0,0;0,0;-0,02;-0,02;0,0;0,0;-0,01;-0,01;0,0;0,0;-0,04;-0,04;-0,07;-0,07;-0,03;-0,03;-0,03;-0,03;-0,01;-0,01;-0,05;-0,05;-0,01;-0,01;-0,05;-0,05;0,0;0,0;-0,01;-0,01;-0,01;-0,01;-0,04;-0,04
12.08.2026;20:45;21:00;0,0;0,0;-0,19;-0,19;-0,06;-0,06;0,0;0,0;-0,03;-0,03;-0,14;-0,14;-0,04;-0,04;-0,05;-0,05;-0,01;-0,01;0,0;0,0;-0,01;-0,01;0,0;0,0;0,0;0,0;0,0;0,0;-0,03;-0,03;0,0;0,0;-0,03;-0,03;-0,06;-0,06;-0,02;-0,02;-0,02;-0,02;0,0;0,0;-0,04;-0,04;-0,01;-0,01;-0,07;-0,07;0,0;0,0;-0,02;-0,02;0,0;0,0;-0,01;-0,01
12.08.2026;21:00;21:15;0,0;0,0;-0,18;-0,18;-0,09;-0,09;0,0;0,0;-0,04;-0,04;-0,12;-0,12;-0,03;-0,03;-0,03;-0,03;-0,01;-0,01;0,0;0,0;-0,01;-0,01;0,0;0,0;0,0;0,0;0,0;0,0;-0,02;-0,02;0,0;0,0;-0,03;-0,03;-0,07;-0,07;-0,01;-0,01;-0,03;-0,03;-0,02;-0,02;-0,22;-0,22;0,0;0,0;-0,13;-0,13;0,0;0,0;-0,01;-0,01;0,0;0,0;-0,02;-0,02
12.08.2026;21:15;21:30;0,0;0,0;-0,2;-0,2;-0,05;-0,05;0,0;0,0;-0,05;-0,05;-0,12;-0,12;-0,03;-0,03;0,0;0,0;-0,01;-0,01;0,0;0,0;-0,01;-0,01;0,0;0,0;-0,01;-0,01;0,0;0,0;-0,03;-0,03;0,0;0,0;-0,03;-0,03;-0,06;-0,06;-0,01;-0,01;-0,03;-0,03;-0,01;-0,01;-0,09;-0,09;-0,02;-0,02;-0,12;-0,12;0,0;0,0;-0,01;-0,01;-0,01;-0,01;-0,03;-0,03
12.08.2026;21:30;21:45;0,0;0,0;-0,3;-0,3;-0,05;-0,05;-0,01;-0,01;-0,04;-0,04;-0,11;-0,11;-0,04;-0,04;-0,02;-0,02;0,0;0,0;0,0;0,0;0,0;0,0;0,0;0,0;-0,02;-0,02;-0,01;-0,01;-0,02;-0,02;0,0;0,0;-0,02;-0,02;-0,06;-0,06;-0,02;-0,02;-0,04;-0,04;0,0;0,0;-0,05;-0,05;-0,01;-0,01;-0,13;-0,13;-0,01;-0,01;-0,01;-0,01;-0,01;-0,01;-0,03;-0,03
12.08.2026;21:45;22:00;0,0;0,0;-0,2;-0,2;-0,05;-0,05;0,0;0,0;-0,04;-0,04;-0,12;-0,12;-0,04;-0,04;-0,02;-0,02;-0,01;-0,01;0,0;0,0;-0,01;-0,01;0,0;0,0;-0,01;-0,01;0,0;0,0;-0,01;-0,01;0,0;0,0;-0,03;-0,03;-0,04;-0,04;-0,02;-0,02;-0,04;-0,04;-0,02;-0,02;-0,28;-0,28;-0,01;-0,01;-0,12;-0,12;0,0;0,0;-0,01;-0,01;0,0;0,0;-0,02;-0,02
12.08.2026;22:00;22:15;0,0;0,0;-0,21;-0,21;-0,07;-0,07;0,0;0,0;-0,02;-0,02;-0,14;-0,14;-0,03;-0,03;-0,02;-0,02;-0,01;-0,01;0,0;0,0;-0,01;-0,01;0,0;0,0;-0,01;-0,01;0,0;0,0;-0,02;-0,02;0,0;0,0;-0,02;-0,02;-0,05;-0,05;-0,01;-0,01;-0,02;-0,02;0,0;0,0;-0,49;-0,49;-0,02;-0,02;-0,12;-0,12;0,0;0,0;-0,02;-0,02;0,0;0,0;-0,03;-0,03
12.08.2026;22:15;22:30;0,0;0,0;-0,18;-0,18;-0,05;-0,05;0,0;0,0;-0,01;-0,01;-0,15;-0,15;-0,01;-0,01;-0,02;-0,02;0,0;0,0;0,0;0,0;-0,01;-0,01;0,0;0,0;0,0;0,0;0,0;0,0;-0,01;-0,01;0,0;0,0;-0,01;-0,01;-0,05;-0,05;-0,01;-0,01;-0,01;-0,01;-0,01;-0,01;-0,16;-0,16;-0,2;-0,2;-0,11;-0,11;0,0;0,0;-0,01;-0,01;-0,01;-0,01;-0,02;-0,02
12.08.2026;22:30;22:45;0,0;0,0;-0,21;-0,21;-0,05;-0,05;0,0;0,0;-0,02;-0,02;-0,17;-0,17;-0,01;-0,01;-0,02;-0,02;-0,01;-0,01;0,0;0,0;-0,01;-0,01;0,0;0,0;-0,01;-0,01;0,0;0,0;-0,02;-0,02;0,0;0,0;-0,03;-0,03;-0,03;-0,03;-0,02;-0,02;-0,02;-0,02;-0,02;-0,02;-0,16;-0,16;-0,08;-0,08;-0,07;-0,07;0,0;0,0;-0,01;-0,01;0,0;0,0;-0,02;-0,02
12.08.2026;22:45;23:00;0,0;0,0;-0,2;-0,2;-0,04;-0,04;0,0;0,0;-0,02;-0,02;-0,15;-0,15;-0,02;-0,02;-0,02;-0,02;0,0;0,0;0,0;0,0;0,0;0,0;0,0;0,0;-0,01;-0,01;0,0;0,0;-0,02;-0,02;-0,01;-0,01;-0,03;-0,03;-0,01;-0,01;-0,03;-0,03;-0,01;-0,01;0,0;0,0;-0,26;-0,26;-0,02;-0,02;-0,04;-0,04;0,0;0,0;-0,01;-0,01;-0,01;-0,01;-0,01;-0,01
12.08.2026;23:00;23:15;0,0;0,0;-0,2;-0,2;-0,04;-0,04;0,0;0,0;0,0;0,0;-0,14;-0,14;-0,01;-0,01;-0,02;-0,02;-0,01;-0,01;0,0;0,0;-0,01;-0,01;0,0;0,0;-0,02;-0,02;0,0;0,0;-0,01;-0,01;0,0;0,0;-0,02;-0,02;-0,01;-0,01;-0,04;-0,04;-0,01;-0,01;-0,01;-0,01;-0,14;-0,14;-0,05;-0,05;-0,02;-0,02;0,0;0,0;-0,01;-0,01;0,0;0,0;-0,03;-0,03
12.08.2026;23:15;23:30;0,0;0,0;-0,2;-0,2;-0,04;-0,04;0,0;0,0;-0,01;-0,01;-0,15;-0,15;-0,01;-0,01;-0,04;-0,04;-0,01;-0,01;0,0;0,0;-0,01;-0,01;0,0;0,0;-0,01;-0,01;0,0;0,0;-0,01;-0,01;0,0;0,0;-0,02;-0,02;-0,01;-0,01;-0,02;-0,02;-0,02;-0,02;-0,01;-0,01;-0,11;-0,11;-0,01;-0,01;-0,02;-0,02;0,0;0,0;-0,02;-0,02;-0,01;-0,01;-0,02;-0,02
12.08.2026;23:30;23:45;0,0;0,0;-0,19;-0,19;-0,02;-0,02;0,0;0,0;-0,02;-0,02;-0,12;-0,12;-0,01;-0,01;-0,03;-0,03;0,0;0,0;-0,01;-0,01;-0,01;-0,01;0,0;0,0;0,0;0,0;0,0;0,0;-0,01;-0,01;0,0;0,0;-0,02;-0,02;-0,01;-0,01;-0,01;-0,01;-0,01;-0,01;-0,01;-0,01;-0,11;-0,11;-0,01;-0,01;-0,01;-0,01;-0,01;-0,01;0,0;0,0;0,0;0,0;-0,03;-0,03
12.08.2026;23:45;00:00;0,0;0,0;-0,24;-0,24;-0,02;-0,02;0,0;0,0;-0,01;-0,01;-0,12;-0,12;0,0;0,0;-0,02;-0,02;-0,01;-0,01;0,0;0,0;0,0;0,0;0,0;0,0;-0,01;-0,01;0,0;0,0;-0,02;-0,02;0,0;0,0;-0,03;-0,03;-0,02;-0,02;-0,02;-0,02;-0,01;-0,01;-0,01;-0,01;-0,1;-0,1;-0,02;-0,02;-0,02;-0,02;0,0;0,0;-0,02;-0,02;-0,01;-0,01;-0,02;-0,02
13.08.2026;00:00;00:15;0,0;0,0;-0,23;-0,23;-0,02;-0,02;0,0;0,0;-0,02;-0,02;-0,12;-0,12;-0,01;-0,01;-0,04;-0,04;-0,01;-0,01;0,0;0,0;-0,01;-0,01;-0,01;-0,01;0,0;0,0;0,0;0,0;-0,02;-0,02;0,0;0,0;-0,02;-0,02;-0,02;-0,02;-0,02;-0,02;0,0;0,0;-0,01;-0,01;-0,1;-0,1;-0,01;-0,01;-0,02;-0,02;0,0;0,0;-0,01;-0,01;0,0;0,0;-0,02;-0,02
13.08.2026;00:15;00:30;0,0;0,0;-0,22;-0,22;-0,02;-0,02;0,0;0,0;-0,01;-0,01;-0,12;-0,12;-0,01;-0,01;-0,03;-0,03;-0,01;-0,01;0,0;0,0;-0,02;-0,02;0,0;0,0;-0,02;-0,02;0,0;0,0;-0,02;-0,02;0,0;0,0;-0,02;-0,02;-0,03;-0,03;-0,01;-0,01;-0,01;-0,01;-0,01;-0,01;-0,08;-0,08;-0,01;-0,01;-0,01;-0,01;0,0;0,0;-0,01;-0,01;0,0;0,0;-0,01;-0,01
13.08.2026;00:30;00:45;0,0;0,0;-0,19;-0,19;-0,02;-0,02;0,0;0,0;-0,01;-0,01;-0,1;-0,1;-0,01;-0,01;-0,02;-0,02;0,0;0,0;0,0;0,0;-0,01;-0,01;0,0;0,0;-0,02;-0,02;0,0;0,0;-0,03;-0,03;0,0;0,0;-0,03;-0,03;-0,02;-0,02;-0,02;-0,02;-0,01;-0,01;-0,01;-0,01;-0,09;-0,09;-0,01;-0,01;-0,02;-0,02;0,0;0,0;-0,01;-0,01;-0,01;-0,01;-0,02;-0,02
13.08.2026;00:45;01:00;0,0;0,0;-0,18;-0,18;-0,02;-0,02;0,0;0,0;-0,01;-0,01;-0,1;-0,1;-0,01;-0,01;-0,02;-0,02;-0,01;-0,01;0,0;0,0;0,0;0,0;0,0;0,0;0,0;0,0;0,0;0,0;-0,03;-0,03;0,0;0,0;-0,01;-0,01;-0,02;-0,02;-0,01;-0,01;-0,01;-0,01;0,0;0,0;-0,09;-0,09;-0,01;-0,01;-0,01;-0,01;0,0;0,0;-0,01;-0,01;0,0;0,0;-0,03;-0,03
13.08.2026;01:00;01:15;0,0;0,0;-0,19;-0,19;-0,02;-0,02;-0,01;-0,01;-0,01;-0,01;-0,11;-0,11;-0,01;-0,01;-0,01;-0,01;-0,01;-0,01;0,0;0,0;-0,01;-0,01;0,0;0,0;-0,01;-0,01;-0,01;-0,01;-0,02;-0,02;0,0;0,0;-0,02;-0,02;-0,03;-0,03;-0,01;-0,01;0,0;0,0;-0,02;-0,02;-0,15;-0,15;-0,01;-0,01;-0,02;-0,02;0,0;0,0;-0,02;-0,02;-0,01;-0,01;-0,02;-0,02
13.08.2026;01:15;01:30;0,0;0,0;-0,18;-0,18;-0,03;-0,03;0,0;0,0;-0,01;-0,01;-0,12;-0,12;0,0;0,0;-0,02;-0,02;0,0;0,0;0,0;0,0;-0,01;-0,01;0,0;0,0;0,0;0,0;0,0;0,0;-0,02;-0,02;-0,01;-0,01;-0,01;-0,01;-0,01;-0,01;-0,02;-0,02;-0,02;-0,02;-0,01;-0,01;-0,17;-0,17;-0,02;-0,02;-0,01;-0,01;0,0;0,0;0,0;0,0;0,0;0,0;-0,03;-0,03
13.08.2026;01:30;01:45;0,0;0,0;-0,21;-0,21;-0,02;-0,02;0,0;0,0;-0,02;-0,02;-0,11;-0,11;-0,02;-0,02;-0,02;-0,02;-0,01;-0,01;0,0;0,0;-0,01;-0,01;0,0;0,0;-0,01;-0,01;0,0;0,0;-0,03;-0,03;0,0;0,0;-0,01;-0,01;-0,01;-0,01;-0,02;-0,02;-0,01;-0,01;0,0;0,0;-0,2;-0,2;0,0;0,0;-0,02;-0,02;-0,01;-0,01;-0,02;-0,02;-0,01;-0,01;-0,02;-0,02
13.08.2026;01:45;02:00;0,0;0,0;-0,27;-0,27;-0,02;-0,02;0,0;0,0;-0,01;-0,01;-0,08;-0,08;0,0;0,0;-0,02;-0,02;0,0;0,0;0,0;0,0;-0,01;-0,01;0,0;0,0;-0,02;-0,02;0,0;0,0;-0,04;-0,04;0,0;0,0;-0,01;-0,01;-0,01;-0,01;-0,01;-0,01;-0,01;-0,01;-0,02;-0,02;-0,18;-0,18;-0,01;-0,01;-0,01;-0,01;0,0;0,0;-0,01;-0,01;0,0;0,0;-0,02;-0,02
13.08.2026;02:00;02:15;0,0;0,0;-0,29;-0,29;-0,01;-0,01;0,0;0,0;0,0;0,0;-0,07;-0,07;-0,01;-0,01;-0,02;-0,02;-0,01;-0,01;0,0;0,0;0,0;0,0;0,0;0,0;-0,01;-0,01;0,0;0,0;-0,02;-0,02;0,0;0,0;-0,01;-0,01;-0,01;-0,01;-0,02;-0,02;-0,01;-0,01;0,0;0,0;-0,04;-0,04;-0,01;-0,01;-0,02;-0,02;0,0;0,0;-0,01;-0,01;0,0;0,0;-0,01;-0,01
13.08.2026;02:15;02:30;0,0;0,0;-0,19;-0,19;-0,03;-0,03;0,0;0,0;-0,01;-0,01;-0,08;-0,08;-0,01;-0,01;-0,02;-0,02;-0,01;-0,01;0,0;0,0;-0,01;-0,01;0,0;0,0;-0,01;-0,01;0,0;0,0;-0,02;-0,02;0,0;0,0;-0,01;-0,01;-0,02;-0,02;-0,01;-0,01;0,0;0,0;-0,01;-0,01;-0,03;-0,03;-0,01;-0,01;-0,01;-0,01;0,0;0,0;-0,01;-0,01;-0,01;-0,01;-0,02;-0,02
13.08.2026;02:30;02:45;0,0;0,0;-0,19;-0,19;-0,02;-0,02;0,0;0,0;-0,02;-0,02;-0,04;-0,04;-0,01;-0,01;-0,02;-0,02;0,0;0,0;0,0;0,0;-0,01;-0,01;0,0;0,0;0,0;0,0;0,0;0,0;-0,02;-0,02;0,0;0,0;-0,02;-0,02;-0,02;-0,02;-0,01;-0,01;-0,01;-0,01;-0,01;-0,01;-0,03;-0,03;-0,01;-0,01;-0,02;-0,02;0,0;0,0;-0,01;-0,01;-0,01;-0,01;-0,03;-0,03
13.08.2026;02:45;03:00;0,0;0,0;-0,18;-0,18;-0,02;-0,02;0,0;0,0;-0,01;-0,01;-0,05;-0,05;-0,01;-0,01;-0,02;-0,02;-0,01;-0,01;0,0;0,0;-0,01;-0,01;0,0;0,0;0,0;0,0;0,0;0,0;-0,02;-0,02;0,0;0,0;-0,02;-0,02;-0,02;-0,02;-0,02;-0,02;-0,01;-0,01;-0,01;-0,01;-0,03;-0,03;-0,01;-0,01;-0,01;-0,01;0,0;0,0;-0,02;-0,02;0,0;0,0;-0,02;-0,02
13.08.2026;03:00;03:15;0,0;0,0;-0,23;-0,23;-0,01;-0,01;0,0;0,0;-0,02;-0,02;-0,05;-0,05;-0,01;-0,01;-0,02;-0,02;-0,01;-0,01;0,0;0,0;-0,01;-0,01;0,0;0,0;-0,02;-0,02;0,0;0,0;-0,01;-0,01;0,0;0,0;-0,03;-0,03;-0,03;-0,03;-0,01;-0,01;-0,01;-0,01;-0,01;-0,01;-0,02;-0,02;-0,01;-0,01;-0,02;-0,02;0,0;0,0;0,0;0,0;0,0;0,0;-0,03;-0,03
13.08.2026;03:15;03:30;0,0;0,0;-0,19;-0,19;-0,03;-0,03;0,0;0,0;-0,02;-0,02;-0,06;-0,06;-0,01;-0,01;-0,02;-0,02;-0,01;-0,01;0,0;0,0;0,0;0,0;0,0;0,0;-0,02;-0,02;0,0;0,0;-0,01;-0,01;0,0;0,0;-0,02;-0,02;-0,02;-0,02;-0,02;-0,02;-0,01;-0,01;-0,01;-0,01;-0,01;-0,01;-0,01;-0,01;-0,01;-0,01;0,0;0,0;-0,02;-0,02;-0,01;-0,01;-0,02;-0,02
13.08.2026;03:30;03:45;0,0;0,0;-0,24;-0,24;-0,02;-0,02;0,0;0,0;-0,03;-0,03;-0,42;-0,42;0,0;0,0;-0,02;-0,02;0,0;0,0;0,0;0,0;-0,01;-0,01;0,0;0,0;-0,01;-0,01;0,0;0,0;-0,02;-0,02;0,0;0,0;-0,02;-0,02;-0,02;-0,02;-0,01;-0,01;-0,01;-0,01;-0,01;-0,01;-0,02;-0,02;-0,01;-0,01;-0,02;-0,02;-0,01;-0,01;0,0;0,0;-0,01;-0,01;-0,02;-0,02
13.08.2026;03:45;04:00;0,0;0,0;-0,21;-0,21;-0,02;-0,02;0,0;0,0;-0,04;-0,04;-0,12;-0,12;-0,02;-0,02;-0,02;-0,02;-0,01;-0,01;0,0;0,0;-0,01;-0,01;0,0;0,0;0,0;0,0;0,0;0,0;-0,01;-0,01;-0,01;-0,01;-0,03;-0,03;-0,01;-0,01;-0,01;-0,01;-0,02;-0,02;-0,01;-0,01;0,0;0,0;0,0;0,0;-0,01;-0,01;0,0;0,0;-0,02;-0,02;0,0;0,0;-0,02;-0,02
13.08.2026;04:00;04:15;0,0;0,0;-0,29;-0,29;-0,01;-0,01;0,0;0,0;-0,02;-0,02;-0,09;-0,09;0,0;0,0;-0,02;-0,02;-0,01;-0,01;0,0;0,0;-0,01;-0,01;0,0;0,0;0,0;0,0;0,0;0,0;-0,01;-0,01;0,0;0,0;-0,02;-0,02;-0,01;-0,01;-0,01;-0,01;-0,01;-0,01;0,0;0,0;-0,02;-0,02;-0,01;-0,01;-0,02;-0,02;0,0;0,0;-0,01;-0,01;0,0;0,0;-0,02;-0,02
13.08.2026;04:15;04:30;0,0;0,0;-0,23;-0,23;-0,02;-0,02;-0,01;-0,01;-0,02;-0,02;-0,08;-0,08;-0,01;-0,01;-0,02;-0,02;0,0;0,0;0,0;0,0;0,0;0,0;0,0;0,0;-0,01;-0,01;-0,01;-0,01;-0,02;-0,02;0,0;0,0;-0,02;-0,02;-0,01;-0,01;-0,02;-0,02;0,0;0,0;-0,01;-0,01;-0,01;-0,01;-0,02;-0,02;-0,01;-0,01;0,0;0,0;-0,01;-0,01;-0,01;-0,01;-0,02;-0,02
13.08.2026;04:30;04:45;0,0;0,0;-0,19;-0,19;-0,03;-0,03;0,0;0,0;-0,01;-0,01;-0,06;-0,06;-0,01;-0,01;-0,01;-0,01;-0,01;-0,01;-0,01;-0,01;-0,01;-0,01;0,0;0,0;-0,02;-0,02;0,0;0,0;-0,01;-0,01;0,0;0,0;-0,02;-0,02;-0,02;-0,02;-0,01;-0,01;-0,01;-0,01;-0,02;-0,02;-0,01;-0,01;0,0;0,0;-0,02;-0,02;0,0;0,0;-0,01;-0,01;-0,01;-0,01;-0,02;-0,02
13.08.2026;04:45;05:00;0,0;0,0;-0,18;-0,18;-0,01;-0,01;0,0;0,0;-0,02;-0,02;-0,06;-0,06;-0,01;-0,01;-0,01;-0,01;-0,01;-0,01;0,0;0,0;-0,01;-0,01;0,0;0,0;-0,02;-0,02;0,0;0,0;-0,01;-0,01;0,0;0,0;-0,02;-0,02;-0,02;-0,02;-0,01;-0,01;-0,01;-0,01;0,0;0,0;-0,01;-0,01;-0,01;-0,01;-0,01;-0,01;0,0;0,0;-0,01;-0,01;0,0;0,0;-0,03;-0,03
13.08.2026;05:00;05:15;0,0;0,0;-0,21;-0,21;-0,02;-0,02;0,0;0,0;-0,01;-0,01;-0,04;-0,04;-0,01;-0,01;-0,01;-0,01;0,0;0,0;0,0;0,0;-0,01;-0,01;-0,01;-0,01;0,0;0,0;0,0;0,0;-0,01;-0,01;0,0;0,0;-0,02;-0,02;-0,02;-0,02;-0,02;-0,02;-0,01;-0,01;-0,01;-0,01;-0,01;-0,01;-0,01;-0,01;-0,02;-0,02;0,0;0,0;-0,01;-0,01;0,0;0,0;-0,02;-0,02
13.08.2026;05:15;05:30;0,0;0,0;-0,27;-0,27;-0,02;-0,02;0,0;0,0;-0,01;-0,01;-0,01;-0,01;-0,01;-0,01;-0,02;-0,02;-0,01;-0,01;0,0;0,0;-0,01;-0,01;0,0;0,0;0,0;0,0;0,0;0,0;-0,01;-0,01;0,0;0,0;-0,01;-0,01;-0,14;-0,14;-0,02;-0,02;0,0;0,0;-0,01;-0,01;-0,02;-0,02;-0,01;-0,01;-0,01;-0,01;0,0;0,0;0,0;0,0;-0,01;-0,01;-0,01;-0,01
13.08.2026;05:30;05:45;0,0;0,0;-0,2;-0,2;-0,02;-0,02;0,0;0,0;-0,01;-0,01;-0,02;-0,02;0,0;0,0;-0,03;-0,03;0,0;0,0;0,0;0,0;0,0;0,0;0,0;0,0;-0,01;-0,01;0,0;0,0;-0,02;-0,02;0,0;0,0;-0,01;-0,01;-0,07;-0,07;-0,01;-0,01;-0,03;-0,03;-0,01;-0,01;-0,01;-0,01;-0,01;-0,01;-0,01;-0,01;-0,01;-0,01;-0,02;-0,02;0,0;0,0;-0,01;-0,01
13.08.2026;05:45;06:00;0,0;0,0;-0,2;-0,2;-0,02;-0,02;0,0;0,0;-0,02;-0,02;0,0;0,0;-0,01;-0,01;-0,02;-0,02;-0,01;-0,01;0,0;0,0;-0,01;-0,01;0,0;0,0;-0,01;-0,01;0,0;0,0;-0,01;-0,01;0,0;0,0;-0,01;-0,01;-0,03;-0,03;-0,02;-0,02;-0,04;-0,04;-0,01;-0,01;-0,01;-0,01;-0,01;-0,01;-0,02;-0,02;0,0;0,0;0,0;0,0;-0,01;-0,01;-0,02;-0,02
13.08.2026;06:00;06:15;0,0;0,0;-0,2;-0,2;-0,11;-0,11;0,0;0,0;-0,01;-0,01;-0,01;-0,01;-0,01;-0,01;-0,02;-0,02;-0,01;-0,01;0,0;0,0;-0,01;-0,01;0,0;0,0;-0,02;-0,02;0,0;0,0;-0,01;-0,01;0,0;0,0;-0,01;-0,01;-0,02;-0,02;-0,01;-0,01;-0,02;-0,02;-0,01;-0,01;-0,01;-0,01;-0,01;-0,01;-0,01;-0,01;0,0;0,0;-0,02;-0,02;0,0;0,0;-0,02;-0,02
13.08.2026;06:15;06:30;0,0;0,0;-0,19;-0,19;-0,02;-0,02;0,0;0,0;-0,01;-0,01;-0,01;-0,01;-0,01;-0,01;-0,02;-0,02;-0,01;-0,01;0,0;0,0;-0,01;-0,01;0,0;0,0;-0,01;-0,01;0,0;0,0;-0,01;-0,01;-0,01;-0,01;-0,01;-0,01;-0,06;-0,06;-0,01;-0,01;-0,02;-0,02;-0,01;-0,01;-0,01;-0,01;-0,01;-0,01;-0,02;-0,02;0,0;0,0;0,0;0,0;0,0;0,0;-0,02;-0,02
13.08.2026;06:30;06:45;0,0;0,0;-0,2;-0,2;-0,02;-0,02;0,0;0,0;-0,01;-0,01;-0,01;-0,01;0,0;0,0;-0,02;-0,02;0,0;0,0;0,0;0,0;-0,01;-0,01;0,0;0,0;0,0;0,0;0,0;0,0;-0,02;-0,02;0,0;0,0;-0,32;-0,32;-0,01;-0,01;-0,01;-0,01;-0,02;-0,02;-0,01;-0,01;-0,01;-0,01;-0,01;-0,01;-0,01;-0,01;0,0;0,0;-0,01;-0,01;-0,01;-0,01;-0,03;-0,03
13.08.2026;06:45;07:00;0,11;0,11;-0,2;-0,2;-0,03;-0,03;0,0;0,0;-0,01;-0,01;-0,01;-0,01;-0,03;-0,03;-0,01;-0,01;-0,01;-0,01;0,0;0,0;0,0;0,0;0,0;0,0;-0,01;-0,01;0,0;0,0;-0,01;-0,01;0,0;0,0;-0,27;-0,27;-0,02;-0,02;-0,02;-0,02;-0,01;-0,01;0,0;0,0;-0,02;-0,02;0,0;0,0;-0,02;-0,02;0,0;0,0;-0,01;-0,01;0,0;0,0;-0,02;-0,02
13.08.2026;07:00;07:15;0,2;0,15;-0,21;-0,16;-0,15;-0,15;0,0;0,0;-0,02;-0,02;-0,01;-0,01;-0,01;-0,01;-0,02;-0,02;-0,01;-0,01;0,0;0,0;-0,01;-0,01;0,0;0,0;0,0;0,0;0,0;0,0;-0,01;-0,01;0,0;0,0;-0,03;-0,03;-0,01;-0,01;-0,01;-0,01;0,0;0,0;-0,02;-0,02;-0,01;-0,01;-0,01;-0,01;-0,01;-0,01;0,0;0,0;-0,01;-0,01;-0,01;-0,01;-0,01;-0,01
13.08.2026;07:15;07:30;0,26;0,19;-0,26;-0,19;-0,01;-0,01;0,0;0,0;-0,01;-0,01;-0,01;-0,01;0,0;0,0;-0,02;-0,02;0,0;0,0;0,0;0,0;-0,01;-0,01;0,0;0,0;-0,02;-0,02;0,0;0,0;-0,01;-0,01;0,0;0,0;-0,02;-0,02;-0,03;-0,03;-0,01;-0,01;-0,01;-0,01;0,0;0,0;-0,01;-0,01;-0,01;-0,01;-0,01;-0,01;0,0;0,0;-0,01;-0,01;0,0;0,0;-0,01;-0,01
13.08.2026;07:30;07:45;0,37;0,11;-0,2;-0,16;-0,02;-0,01;-0,01;0,0;-0,01;0,0;-0,01;0,0;-0,01;0,0;-0,02;-0,01;-0,01;0,0;0,0;0,0;-0,01;0,0;0,0;0,0;-0,01;0,0;-0,01;0,0;-0,02;-0,01;0,0;0,0;-0,01;0,0;-0,02;-0,01;-0,01;0,0;-0,02;-0,01;-0,01;0,0;0,0;0,0;-0,02;-0,01;-0,02;-0,01;-0,01;0,0;-0,01;0,0;-0,01;0,0;-0,02;-0,01
13.08.2026;07:45;08:00;0,51;0,19;-0,2;-0,11;-0,04;-0,02;0,0;0,0;-0,01;0,0;-0,01;0,0;-0,01;0,0;-0,02;0,0;0,0;0,0;0,0;0,0;-0,01;0,0;0,0;0,0;-0,01;0,0;0,0;0,0;-0,01;0,0;0,0;0,0;-0,01;0,0;-0,02;0,0;-0,05;-0,03;-0,01;0,0;-0,01;0,0;-0,02;0,0;0,0;0,0;-0,01;0,0;0,0;0,0;-0,01;0,0;0,0;0,0;-0,02;0,0
13.08.2026;08:00;08:15;0,66;0,21;-0,21;-0,08;-0,27;-0,24;0,0;0,0;-0,17;-0,14;-0,01;0,0;-0,01;0,0;-0,02;0,0;-0,01;0,0;0,0;0,0;0,0;0,0;0,0;0,0;-0,01;0,0;0,0;0,0;-0,01;0,0;0,0;0,0;-0,02;0,0;-0,03;0,0;-0,17;-0,14;-0,01;0,0;-0,01;0,0;-0,01;0,0;-0,02;0,0;-0,02;0,0;0,0;0,0;-0,01;0,0;0,0;0,0;-0,03;0,0
13.08.2026;08:15;08:30;0,8;0,26;-0,2;-0,02;-0,05;0,0;0,0;0,0;-0,1;-0,05;-0,01;0,0;-0,01;0,0;-0,01;0,0;-0,01;0,0;0,0;0,0;-0,01;0,0;0,0;0,0;0,0;0,0;0,0;0,0;-0,02;0,0;0,0;0,0;-0,01;0,0;-0,02;0,0;-0,63;-0,58;-0,02;0,0;-0,01;0,0;-0,01;0,0;-0,01;0,0;-0,02;0,0;0,0;0,0;-0,01;0,0;-0,01;0,0;-0,02;0,0
13.08.2026;08:30;08:45;0,89;0,29;-0,22;-0,01;-0,1;-0,03;0,0;0,0;-0,05;0,0;-0,01;0,0;-0,01;0,0;-0,01;0,0;-0,01;0,0;0,0;0,0;-0,01;0,0;0,0;0,0;-0,01;0,0;0,0;0,0;-0,01;0,0;0,0;0,0;-0,01;0,0;-0,02;0,0;-0,75;-0,68;0,0;0,0;-0,01;0,0;-0,01;0,0;-0,01;0,0;-0,03;0,0;0,0;0,0;-0,01;0,0;-0,01;0,0;-0,02;0,0
13.08.2026;08:45;09:00;0,99;0,39;-0,23;0,0;-0,09;-0,01;0,0;0,0;-0,03;0,0;-0,01;0,0;-0,01;0,0;-0,01;0,0;-0,01;0,0;0,0;0,0;-0,01;0,0;0,0;0,0;-0,02;0,0;0,0;0,0;-0,01;0,0;-0,01;0,0;-0,01;0,0;-0,01;0,0;-0,22;-0,14;-0,01;0,0;-0,01;0,0;-0,01;0,0;0,0;0,0;-0,02;0,0;0,0;0,0;-0,01;0,0;0,0;0,0;-0,01;0,0
13.08.2026;09:00;09:15;1,06;0,47;-0,21;0,0;-0,05;0,0;0,0;0,0;-0,05;0,0;-0,01;0,0;-0,02;0,0;-0,02;0,0;0,0;0,0;0,0;0,0;-0,01;0,0;0,0;0,0;-0,01;0,0;0,0;0,0;-0,02;0,0;0,0;0,0;-0,02;0,0;-0,01;0,0;-0,07;0,0;-0,01;0,0;-0,01;0,0;-0,02;0,0;-0,01;0,0;-0,02;0,0;0,0;0,0;-0,01;0,0;0,0;0,0;-0,01;0,0
13.08.2026;09:15;09:30;1,14;0,56;-0,2;0,0;-0,05;0,0;0,0;0,0;-0,05;0,0;-0,01;0,0;-0,03;0,0;-0,02;0,0;-0,01;0,0;0,0;0,0;0,0;0,0;0,0;0,0;-0,01;0,0;0,0;0,0;0,0;0,0;0,0;0,0;-0,01;0,0;-0,01;0,0;-0,07;0,0;-0,02;0,0;-0,01;0,0;-0,02;0,0;-0,01;0,0;-0,01;0,0;0,0;0,0;-0,01;0,0;-0,01;0,0;-0,02;0,0
13.08.2026;09:30;09:45;1,3;0,61;-0,3;0,0;-0,07;0,0;0,0;0,0;-0,04;0,0;-0,01;0,0;-0,03;0,0;-0,02;0,0;0,0;0,0;-0,01;0,0;-0,01;0,0;0,0;0,0;0,0;0,0;0,0;0,0;-0,02;0,0;0,0;0,0;-0,01;0,0;-0,02;0,0;-0,04;0,0;-0,01;0,0;-0,01;0,0;-0,01;0,0;-0,01;0,0;-0,02;0,0;-0,01;0,0;-0,01;0,0;-0,01;0,0;-0,02;0,0
13.08.2026;09:45;10:00;1,4;0,55;-0,33;0,0;-0,18;-0,05;0,0;0,0;-0,03;0,0;-0,01;0,0;-0,03;0,0;-0,02;0,0;-0,01;0,0;0,0;0,0;-0,01;0,0;0,0;0,0;0,0;0,0;0,0;0,0;-0,01;0,0;0,0;0,0;0,0;0,0;-0,02;0,0;-0,04;0,0;-0,01;0,0;-0,01;0,0;-0,01;0,0;-0,01;0,0;-0,23;-0,1;0,0;0,0;-0,01;0,0;0,0;0,0;-0,03;0,0
13.08.2026;10:00;10:15;1,36;0,58;-0,23;0,0;-0,18;-0,05;0,0;0,0;-0,01;0,0;0,0;0,0;-0,04;0,0;-0,02;0,0;-0,01;0,0;0,0;0,0;-0,01;0,0;-0,01;0,0;-0,02;0,0;0,0;0,0;-0,01;0,0;0,0;0,0;0,0;0,0;-0,02;0,0;-0,01;0,0;-0,02;0,0;0,0;0,0;-0,07;0,0;-0,01;0,0;-0,17;-0,04;0,0;0,0;-0,01;0,0;0,0;0,0;-0,02;0,0
13.08.2026;10:15;10:30;0,27;0,19;-0,24;-0,16;-0,16;-0,16;0,0;0,0;-0,01;-0,01;-0,02;-0,02;-0,03;-0,03;-0,02;-0,02;0,0;0,0;0,0;0,0;0,0;0,0;0,0;0,0;-0,02;-0,02;0,0;0,0;-0,01;-0,01;0,0;0,0;0,0;0,0;-0,02;-0,02;-0,02;-0,02;-0,01;-0,01;-0,02;-0,02;-0,02;-0,02;-0,01;-0,01;-0,03;-0,03;0,0;0,0;-0,01;-0,01;-0,01;-0,01;-0,02;-0,02
13.08.2026;10:30;10:45;0,0;0,0;-0,3;-0,3;-0,17;-0,17;0,0;0,0;-0,01;-0,01;-0,01;-0,01;-0,01;-0,01;-0,02;-0,02;-0,01;-0,01;0,0;0,0;-0,01;-0,01;0,0;0,0;-0,01;-0,01;0,0;0,0;-0,02;-0,02;0,0;0,0;-0,01;-0,01;-0,03;-0,03;-0,01;-0,01;0,0;0,0;-0,01;-0,01;-0,01;-0,01;-0,01;-0,01;-0,11;-0,11;0,0;0,0;0,0;0,0;0,0;0,0;-0,01;-0,01
13.08.2026;10:45;11:00;0,18;0,13;-0,19;-0,14;-0,17;-0,17;0,0;0,0;-0,04;-0,04;0,0;0,0;-0,02;-0,02;-0,02;-0,02;-0,01;-0,01;0,0;0,0;-0,01;-0,01;0,0;0,0;0,0;0,0;0,0;0,0;-0,01;-0,01;0,0;0,0;0,0;0,0;-0,02;-0,02;-0,01;-0,01;-0,01;-0,01;0,0;0,0;-0,01;-0,01;0,0;0,0;-0,13;-0,13;0,0;0,0;-0,02;-0,02;-0,01;-0,01;-0,01;-0,01
13.08.2026;11:00;11:15;1,73;0,71;-0,2;0,0;-0,13;0,0;-0,01;0,0;-0,4;-0,23;-0,01;0,0;0,0;0,0;-0,01;0,0;-0,01;0,0;0,0;0,0;-0,01;0,0;0,0;0,0;0,0;0,0;-0,01;0,0;-0,02;0,0;0,0;0,0;0,0;0,0;-0,02;0,0;-0,02;0,0;-0,01;0,0;-0,02;0,0;-0,32;-0,15;-0,01;0,0;-0,2;-0,03;0,0;0,0;0,0;0,0;0,0;0,0;-0,02;0,0
13.08.2026;11:15;11:30;1,78;0,68;-0,2;0,0;-0,34;-0,16;0,0;0,0;-0,23;-0,05;-0,01;0,0;-0,01;0,0;-0,02;0,0;0,0;0,0;0,0;0,0;-0,01;0,0;0,0;0,0;-0,01;0,0;0,0;0,0;-0,01;0,0;-0,01;0,0;0,0;0,0;-0,03;0,0;-0,01;0,0;0,0;0,0;0,0;0,0;-0,22;-0,04;-0,01;0,0;-0,18;0,0;0,0;0,0;-0,02;0,0;0,0;0,0;-0,03;0,0
13.08.2026;11:30;11:45;1,82;0,71;-0,25;0,0;-0,28;-0,11;0,0;0,0;-0,22;-0,05;-0,01;0,0;-0,01;0,0;-0,02;0,0;-0,01;0,0;0,0;0,0;0,0;0,0;0,0;0,0;-0,02;0,0;0,0;0,0;-0,02;0,0;0,0;0,0;-0,02;0,0;-0,01;0,0;-0,01;0,0;-0,01;0,0;-0,01;0,0;-0,22;-0,05;-0,01;0,0;-0,15;0,0;-0,01;0,0;0,0;0,0;-0,01;0,0;-0,02;0,0
13.08.2026;11:45;12:00;1,85;0,65;-0,26;0,0;-0,18;-0,01;0,0;0,0;-0,58;-0,41;-0,01;0,0;-0,01;0,0;-0,02;0,0;-0,01;0,0;0,0;0,0;-0,01;0,0;0,0;0,0;-0,01;0,0;0,0;0,0;-0,02;0,0;0,0;0,0;-0,01;0,0;-0,01;0,0;-0,05;0,0;-0,02;0,0;-0,02;0,0;-0,35;-0,18;-0,01;0,0;-0,19;-0,02;0,0;0,0;-0,02;0,0;-0,01;0,0;-0,02;0,0
13.08.2026;12:00;12:15;1,86;0,6;-0,22;0,0;-0,16;0,0;0,0;0,0;-0,36;-0,19;-0,02;0,0;-0,03;0,0;-0,01;0,0;0,0;0,0;0,0;0,0;-0,01;0,0;0,0;0,0;-0,01;0,0;0,0;0,0;-0,01;0,0;0,0;0,0;-0,02;0,0;-0,01;0,0;-0,17;0,0;-0,17;0,0;0,0;0,0;-0,09;0,0;-0,01;0,0;-0,13;0,0;0,0;0,0;0,0;0,0;0,0;0,0;-0,02;0,0
13.08.2026;12:15;12:30;1,87;0,73;-0,23;0,0;-0,14;0,0;0,0;0,0;-0,31;-0,14;-0,03;0,0;-0,28;-0,11;-0,01;0,0;-0,01;0,0;0,0;0,0;-0,01;0,0;0,0;0,0;0,0;0,0;0,0;0,0;-0,05;0,0;0,0;0,0;-0,01;0,0;-0,02;0,0;-0,09;0,0;-0,09;0,0;-0,01;0,0;-0,01;0,0;-0,01;0,0;-0,04;0,0;0,0;0,0;-0,02;0,0;0,0;0,0;-0,02;0,0
13.08.2026;12:30;12:45;1,87;1,09;-0,24;0,0;-0,15;0,0;0,0;0,0;-0,09;0,0;-0,03;0,0;-0,06;0,0;-0,01;0,0;0,0;0,0;0,0;0,0;-0,01;0,0;0,0;0,0;-0,01;0,0;0,0;0,0;-0,01;0,0;0,0;0,0;-0,01;0,0;-0,01;0,0;-0,02;0,0;-0,05;0,0;-0,01;0,0;-0,01;0,0;-0,01;0,0;-0,03;0,0;0,0;0,0;0,0;0,0;-0,01;0,0;-0,01;0,0
13.08.2026;12:45;13:00;1,86;1,09;-0,23;0,0;-0,14;0,0;0,0;0,0;-0,08;0,0;-0,02;0,0;-0,02;0,0;-0,02;0,0;-0,01;0,0;0,0;0,0;0,0;0,0;0,0;0,0;-0,01;0,0;0,0;0,0;-0,02;0,0;0,0;0,0;-0,02;0,0;-0,02;0,0;-0,01;0,0;-0,05;0,0;-0,01;0,0;-0,04;0,0;0,0;0,0;-0,03;0,0;0,0;0,0;-0,02;0,0;0,0;0,0;-0,02;0,0
13.08.2026;13:00;13:15;1,85;0,99;-0,29;0,0;-0,06;0,0;0,0;0,0;-0,02;0,0;-0,03;0,0;-0,01;0,0;-0,02;0,0;-0,01;0,0;0,0;0,0;-0,01;0,0;0,0;0,0;-0,02;0,0;0,0;0,0;-0,03;0,0;0,0;0,0;-0,01;0,0;-0,03;0,0;-0,02;0,0;-0,41;-0,22;-0,01;0,0;-0,04;0,0;-0,01;0,0;-0,02;0,0;0,0;0,0;0,0;0,0;-0,01;0,0;-0,02;0,0
13.08.2026;13:15;13:30;1,83;0,81;-0,27;0,0;-0,04;0,0;0,0;0,0;-0,02;0,0;-0,41;-0,23;-0,02;0,0;-0,02;0,0;0,0;0,0;0,0;0,0;-0,01;0,0;0,0;0,0;-0,01;0,0;0,0;0,0;-0,02;0,0;0,0;0,0;-0,01;0,0;-0,02;0,0;-0,01;0,0;-0,31;-0,13;-0,01;0,0;-0,02;0,0;-0,02;0,0;-0,12;0,0;0,0;0,0;-0,02;0,0;0,0;0,0;-0,02;0,0
13.08.2026;13:30;13:45;1,82;0,97;-0,21;0,0;-0,04;0,0;0,0;0,0;-0,1;0,0;-0,36;-0,17;-0,02;0,0;-0,02;0,0;-0,01;0,0;0,0;0,0;-0,01;0,0;0,0;0,0;0,0;0,0;0,0;0,0;-0,01;0,0;0,0;0,0;-0,02;0,0;-0,02;0,0;-0,02;0,0;-0,05;0,0;-0,01;0,0;-0,02;0,0;0,0;0,0;-0,06;0,0;-0,01;0,0;0,0;0,0;-0,01;0,0;-0,02;0,0
13.08.2026;13:45;14:00;1,79;0,77;-0,19;0,0;-0,06;0,0;0,0;0,0;-0,14;0,0;-0,07;0,0;-0,13;0,0;-0,02;0,0;-0,01;0,0;0,0;0,0;-0,01;0,0;0,0;0,0;-0,01;0,0;0,0;0,0;-0,01;0,0;-0,01;0,0;-0,01;0,0;-0,02;0,0;-0,02;0,0;-0,47;-0,31;-0,01;0,0;-0,01;0,0;-0,01;0,0;-0,07;0,0;0,0;0,0;-0,02;0,0;0,0;0,0;-0,03;0,0
13.08.2026;14:00;14:15;1,64;0,85;-0,18;0,0;-0,04;0,0;0,0;0,0;-0,07;0,0;-0,09;0,0;-0,16;0,0;-0,02;0,0;-0,01;0,0;0,0;0,0;-0,01;0,0;0,0;0,0;-0,01;0,0;0,0;0,0;-0,01;0,0;0,0;0,0;0,0;0,0;-0,03;0,0;-0,01;0,0;-0,02;0,0;-0,01;0,0;-0,02;0,0;-0,01;0,0;-0,08;0,0;0,0;0,0;0,0;0,0;0,0;0,0;-0,01;0,0
13.08.2026;14:15;14:30;0,37;0,11;-0,19;-0,13;-0,05;-0,04;-0,01;0,0;-0,32;-0,31;-0,09;-0,08;-0,03;-0,02;-0,02;-0,01;0,0;0,0;0,0;0,0;-0,01;0,0;0,0;0,0;-0,01;0,0;-0,01;0,0;-0,02;-0,01;0,0;0,0;0,0;0,0;-0,01;0,0;-0,01;0,0;-0,01;0,0;-0,01;0,0;-0,01;0,0;-0,01;0,0;-0,07;-0,06;0,0;0,0;-0,02;-0,01;-0,01;0,0;-0,01;0,0
13.08.2026;14:30;14:45;0,0;0,0;-0,27;-0,27;-0,04;-0,04;0,0;0,0;-0,23;-0,23;-0,11;-0,11;-0,03;-0,03;-0,02;-0,02;-0,01;-0,01;-0,01;-0,01;-0,01;-0,01;0,0;0,0;-0,02;-0,02;0,0;0,0;-0,01;-0,01;0,0;0,0;0,0;0,0;-0,01;-0,01;-0,02;-0,02;0,0;0,0;-0,01;-0,01;-0,02;-0,02;-0,01;-0,01;-0,08;-0,08;0,0;0,0;0,0;0,0;-0,01;-0,01;-0,02;-0,02
13.08.2026;14:45;15:00;0,85;0,24;-0,27;-0,08;-0,05;0,0;0,0;0,0;-0,3;-0,24;-0,15;-0,09;-0,04;0,0;-0,01;0,0;-0,01;0,0;0,0;0,0;-0,01;0,0;0,0;0,0;0,0;0,0;0,0;0,0;-0,01;0,0;0,0;0,0;0,0;0,0;-0,02;0,0;-0,01;0,0;-0,01;0,0;0,0;0,0;-0,01;0,0;0,0;0,0;-0,07;-0,01;0,0;0,0;-0,03;0,0;0,0;0,0;-0,03;0,0
13.08.2026;15:00;15:15;1,53;0,53;-0,27;0,0;-0,04;0,0;0,0;0,0;-0,2;-0,06;-0,13;0,0;-0,03;0,0;-0,03;0,0;0,0;0,0;0,0;0,0;0,0;0,0;-0,01;0,0;-0,01;0,0;0,0;0,0;-0,01;0,0;0,0;0,0;-0,01;0,0;-0,01;0,0;-0,01;0,0;-0,01;0,0;-0,02;0,0;-0,02;0,0;-0,02;0,0;-0,06;0,0;0,0;0,0;-0,03;0,0;0,0;0,0;-0,72;-0,58
13.08.2026;15:15;15:30;1,45;0,6;-0,22;0,0;-0,07;0,0;0,0;0,0;-0,01;0,0;-0,12;0,0;-0,03;0,0;-0,02;0,0;-0,01;0,0;0,0;0,0;-0,01;0,0;0,0;0,0;0,0;0,0;0,0;0,0;-0,01;0,0;0,0;0,0;0,0;0,0;-0,01;0,0;-0,02;0,0;-0,01;0,0;-0,01;0,0;-0,07;0,0;-0,01;0,0;-0,04;0,0;0,0;0,0;-0,03;0,0;-0,01;0,0;-0,37;-0,23
13.08.2026;15:30;15:45;1,38;0,45;-0,25;0,0;-0,29;-0,18;0,0;0,0;-0,02;0,0;-0,13;-0,02;-0,02;0,0;-0,02;0,0;-0,01;0,0;0,0;0,0;-0,01;0,0;0,0;0,0;-0,02;0,0;0,0;0,0;-0,01;0,0;0,0;0,0;0,0;0,0;-0,03;0,0;-0,32;-0,21;0,0;0,0;-0,01;0,0;-0,04;0,0;0,0;0,0;-0,02;0,0;-0,01;0,0;-0,02;0,0;0,0;0,0;-0,22;-0,11
13.08.2026;15:45;16:00;1,29;0,48;-0,26;0,0;-0,26;-0,16;0,0;0,0;-0,02;0,0;-0,13;-0,03;0,0;0,0;-0,01;0,0;0,0;0,0;0,0;0,0;-0,01;0,0;0,0;0,0;-0,02;0,0;0,0;0,0;-0,01;0,0;0,0;0,0;-0,01;0,0;-0,02;0,0;-0,08;0,0;-0,01;0,0;-0,01;0,0;-0,01;0,0;-0,01;0,0;-0,05;0,0;0,0;0,0;0,0;0,0;-0,01;0,0;-0,07;0,0
13.08.2026;16:00;16:15;1,2;0,5;-0,19;0,0;-0,19;-0,09;0,0;0,0;-0,02;0,0;-0,14;-0,04;-0,01;0,0;-0,01;0,0;-0,01;0,0;0,0;0,0;-0,01;0,0;0,0;0,0;0,0;0,0;0,0;0,0;-0,01;0,0;0,0;0,0;-0,02;0,0;-0,02;0,0;-0,08;0,0;-0,01;0,0;0,0;0,0;-0,01;0,0;-0,01;0,0;-0,02;0,0;0,0;0,0;-0,01;0,0;0,0;0,0;-0,06;0,0
13.08.2026;16:15;16:30;1,11;0,42;-0,19;0,0;-0,22;-0,14;0,0;0,0;-0,01;0,0;-0,13;-0,05;-0,01;0,0;-0,01;0,0;0,0;0,0;0,0;0,0;0,0;0,0;0,0;0,0;-0,01;0,0;0,0;0,0;-0,02;0,0;-0,01;0,0;-0,01;0,0;-0,03;0,0;-0,09;-0,01;-0,02;0,0;-0,02;0,0;-0,02;0,0;-0,01;0,0;-0,02;0,0;0,0;0,0;-0,01;0,0;-0,01;0,0;-0,04;0,0
13.08.2026;16:30;16:45;1,0;0,33;-0,21;0,0;-0,09;-0,01;0,0;0,0;-0,02;0,0;-0,1;-0,02;-0,02;0,0;-0,02;0,0;-0,01;0,0;0,0;0,0;-0,01;0,0;0,0;0,0;0,0;0,0;0,0;0,0;-0,02;0,0;0,0;0,0;-0,01;0,0;-0,02;0,0;-0,08;0,0;0,0;0,0;-0,01;0,0;-0,02;0,0;-0,01;0,0;-0,01;0,0;0,0;0,0;-0,01;0,0;0,0;0,0;-0,03;0,0
13.08.2026;16:45;17:00;0,92;0,29;-0,19;0,0;-0,05;0,0;0,0;0,0;-0,01;0,0;-0,14;-0,07;-0,02;0,0;-0,02;0,0;-0,01;0,0;0,0;0,0;-0,01;0,0;0,0;0,0;-0,01;0,0;0,0;0,0;-0,02;0,0;0,0;0,0;-0,02;0,0;-0,02;0,0;-0,08;-0,01;0,0;0,0;0,0;0,0;-0,02;0,0;-0,01;0,0;-0,02;0,0;0,0;0,0;-0,01;0,0;-0,01;0,0;-0,04;0,0
13.08.2026;17:00;17:15;0,81;0,24;-0,23;-0,06;-0,03;0,0;0,0;0,0;-0,02;0,0;-0,12;-0,07;-0,01;0,0;-0,02;0,0;-0,01;0,0;0,0;0,0;-0,01;0,0;0,0;0,0;-0,02;0,0;0,0;0,0;-0,02;0,0;0,0;0,0;-0,01;0,0;-0,03;0,0;-0,07;-0,02;-0,01;0,0;-0,02;0,0;-0,02;0,0;-0,01;0,0;-0,01;0,0;0,0;0,0;-0,01;0,0;0,0;0,0;-0,04;0,0
13.08.2026;17:15;17:30;0,71;0,21;-0,3;-0,15;-0,04;-0,01;0,0;0,0;-0,02;0,0;-0,07;-0,04;-0,01;0,0;-0,02;0,0;-0,01;0,0;0,0;0,0;-0,01;0,0;0,0;0,0;-0,01;0,0;0,0;0,0;-0,05;-0,02;0,0;0,0;-0,01;0,0;-0,02;0,0;-0,07;-0,04;-0,01;0,0;-0,01;0,0;-0,03;0,0;-0,01;0,0;-0,02;0,0;0,0;0,0;-0,01;0,0;0,0;0,0;-0,03;0,0
13.08.2026;17:30;17:45;0,6;0,19;-0,18;-0,07;-0,05;-0,03;-0,01;0,0;-0,01;0,0;-0,04;-0,02;-0,01;0,0;-0,02;0,0;0,0;0,0;0,0;0,0;0,0;0,0;0,0;0,0;-0,01;0,0;-0,01;0,0;-0,03;-0,01;0,0;0,0;-0,02;0,0;-0,01;0,0;-0,07;-0,05;-0,01;0,0;-0,01;0,0;-0,02;0,0;-0,01;0,0;-0,01;0,0;-0,01;0,0;-0,02;0,0;-0,01;0,0;-0,02;0,0
13.08.2026;17:45;18:00;0,52;0,19;-0,29;-0,2;-0,05;-0,03;0,0;0,0;0,0;0,0;-0,04;-0,02;-0,01;0,0;-0,02;0,0;-0,01;0,0;0,0;0,0;-0,01;0,0;0,0;0,0;0,0;0,0;0,0;0,0;-0,04;-0,02;0,0;0,0;-0,05;-0,03;-0,03;-0,01;-0,07;-0,05;0,0;0,0;-0,01;0,0;-0,03;-0,01;0,0;0,0;-0,01;0,0;0,0;0,0;0,0;0,0;-0,01;0,0;-0,02;0,0
13.08.2026;18:00;18:15;0,41;0,17;-0,25;-0,18;-0,05;-0,04;0,0;0,0;-0,02;-0,01;-0,04;-0,03;-0,01;0,0;-0,02;-0,01;0,0;0,0;0,0;0,0;-0,01;0,0;0,0;0,0;-0,01;0,0;0,0;0,0;-0,04;-0,03;0,0;0,0;-0,05;-0,04;-0,12;-0,11;-0,07;-0,06;-0,01;0,0;0,0;0,0;-0,02;-0,01;-0,02;-0,01;-0,06;-0,05;0,0;0,0;-0,02;-0,01;0,0;0,0;-0,02;-0,01
13.08.2026;18:15;18:30;0,33;0,11;-0,26;-0,21;-0,04;-0,03;0,0;0,0;-0,04;-0,03;-0,1;-0,09;-0,01;0,0;-0,02;-0,01;0,0;0,0;0,0;0,0;-0,01;0,0;0,0;0,0;-0,02;-0,01;0,0;0,0;-0,04;-0,03;0,0;0,0;-0,04;-0,03;-0,27;-0,26;-0,09;-0,08;-0,02;-0,01;-0,02;-0,01;-0,02;-0,01;-0,01;0,0;-0,04;-0,03;0,0;0,0;0,0;0,0;0,0;0,0;-0,02;-0,01
13.08.2026;18:30;18:45;0,19;0,14;-0,19;-0,14;-0,04;-0,04;0,0;0,0;-0,04;-0,04;-0,1;-0,1;-0,01;-0,01;-0,01;-0,01;-0,01;-0,01;0,0;0,0;-0,03;-0,03;0,0;0,0;-0,01;-0,01;0,0;0,0;-0,03;-0,03;0,0;0,0;-0,04;-0,04;-0,09;-0,09;-0,1;-0,1;-0,01;-0,01;-0,01;-0,01;-0,02;-0,02;-0,01;-0,01;-0,05;-0,05;0,0;0,0;-0,01;-0,01;-0,01;-0,01;-0,01;-0,01
13.08.2026;18:45;19:00;0,0;0,0;-0,3;-0,3;-0,06;-0,06;0,0;0,0;-0,04;-0,04;-0,1;-0,1;-0,01;-0,01;-0,02;-0,02;-0,01;-0,01;0,0;0,0;-0,02;-0,02;0,0;0,0;-0,01;-0,01;0,0;0,0;-0,02;-0,02;-0,01;-0,01;-0,05;-0,05;-0,09;-0,09;-0,03;-0,03;0,0;0,0;0,0;0,0;-0,02;-0,02;-0,01;-0,01;-0,1;-0,1;0,0;0,0;-0,01;-0,01;0,0;0,0;-0,04;-0,04
13.08.2026;19:00;19:15;0,0;0,0;-0,21;-0,21;-0,04;-0,04;0,0;0,0;-0,04;-0,04;-0,11;-0,11;-0,01;-0,01;-0,02;-0,02;-0,01;-0,01;0,0;0,0;-0,03;-0,03;0,0;0,0;0,0;0,0;0,0;0,0;-0,03;-0,03;0,0;0,0;-0,04;-0,04;-0,46;-0,46;-0,01;-0,01;-0,01;-0,01;-0,02;-0,02;-0,02;-0,02;0,0;0,0;-0,1;-0,1;0,0;0,0;-0,01;-0,01;-0,01;-0,01;-0,03;-0,03
13.08.2026;19:15;19:30;0,05;0,05;-0,27;-0,27;-0,05;-0,05;0,0;0,0;-0,04;-0,04;-0,1;-0,1;-0,01;-0,01;-0,02;-0,02;0,0;0,0;0,0;0,0;-0,02;-0,02;0,0;0,0;0,0;0,0;0,0;0,0;-0,02;-0,02;0,0;0,0;-0,04;-0,04;-0,19;-0,19;-0,02;-0,02;0,0;0,0;0,0;0,0;-0,02;-0,02;-0,01;-0,01;-0,34;-0,34;0,0;0,0;-0,01;-0,01;0,0;0,0;-0,02;-0,02
13.08.2026;19:30;19:45;0,05;0,05;-0,22;-0,22;-0,11;-0,11;0,0;0,0;-0,03;-0,03;-0,09;-0,09;-0,01;-0,01;-0,01;-0,01;-0,01;-0,01;-0,01;-0,01;-0,01;-0,01;0,0;0,0;-0,02;-0,02;0,0;0,0;-0,02;-0,02;0,0;0,0;-0,04;-0,04;-0,07;-0,07;-0,04;-0,04;-0,02;-0,02;-0,01;-0,01;-0,02;-0,02;-0,02;-0,02;-0,09;-0,09;-0,01;-0,01;-0,01;-0,01;-0,01;-0,01;-0,03;-0,03
13.08.2026;19:45;20:00;0,03;0,03;-0,21;-0,21;-0,06;-0,06;0,0;0,0;-0,03;-0,03;-0,09;-0,09;0,0;0,0;-0,01;-0,01;-0,01;-0,01;0,0;0,0;-0,02;-0,02;0,0;0,0;-0,02;-0,02;0,0;0,0;-0,08;-0,08;0,0;0,0;-0,05;-0,05;-0,08;-0,08;-0,31;-0,31;0,0;0,0;-0,01;-0,01;-0,05;-0,05;-0,01;-0,01;-0,09;-0,09;0,0;0,0;-0,01;-0,01;0,0;0,0;-0,02;-0,02
13.08.2026;20:00;20:15;0,01;0,01;-0,21;-0,21;-0,04;-0,04;0,0;0,0;-0,04;-0,04;-0,1;-0,1;-0,01;-0,01;-0,01;-0,01;-0,01;-0,01;0,0;0,0;-0,01;-0,01;-0,01;-0,01;-0,01;-0,01;0,0;0,0;-0,02;-0,02;0,0;0,0;-0,04;-0,04;-0,07;-0,07;-0,31;-0,31;0,0;0,0;-0,01;-0,01;-0,03;-0,03;-0,01;-0,01;-0,19;-0,19;0,0;0,0;-0,02;-0,02;0,0;0,0;-0,02;-0,02
13.08.2026;20:15;20:30;0,01;0,01;-0,28;-0,28;-0,06;-0,06;0,0;0,0;-0,04;-0,04;-0,11;-0,11;-0,01;-0,01;-0,02;-0,02;0,0;0,0;0,0;0,0;-0,01;-0,01;0,0;0,0;0,0;0,0;0,0;0,0;-0,04;-0,04;0,0;0,0;-0,04;-0,04;-0,14;-0,14;-0,64;-0,64;-0,01;-0,01;-0,01;-0,01;-0,09;-0,09;-0,01;-0,01;-0,17;-0,17;0,0;0,0;-0,01;-0,01;-0,01;-0,01;-0,03;-0,03
13.08.2026;20:30;20:45;0,0;0,0;-0,26;-0,26;-0,06;-0,06;0,0;0,0;-0,05;-0,05;-0,09;-0,09;-0,01;-0,01;-0,02;-0,02;-0,01;-0,01;0,0;0,0;-0,01;-0,01;0,0;0,0;0,0;0,0;0,0;0,0;-0,03;-0,03;0,0;0,0;-0,04;-0,04;-0,16;-0,16;-0,41;-0,41;-0,02;-0,02;-0,01;-0,01;-0,19;-0,19;0,0;0,0;-0,15;-0,15;0,0;0,0;0,0;0,0;-0,01;-0,01;-0,03;-0,03
13.08.2026;20:45;21:00;0,0;0,0;-0,23;-0,23;-0,04;-0,04;0,0;0,0;-0,04;-0,04;-0,1;-0,1;-0,21;-0,21;-0,02;-0,02;-0,01;-0,01;0,0;0,0;-0,01;-0,01;0,0;0,0;-0,01;-0,01;0,0;0,0;-0,2;-0,2;0,0;0,0;-0,03;-0,03;-0,26;-0,26;-0,26;-0,26;-0,01;-0,01;0,0;0,0;-0,28;-0,28;-0,01;-0,01;-0,16;-0,16;0,0;0,0;-0,02;-0,02;0,0;0,0;-0,02;-0,02
13.08.2026;21:00;21:15;0,0;0,0;-0,25;-0,25;-0,04;-0,04;-0,01;-0,01;-0,04;-0,04;-0,12;-0,12;-0,06;-0,06;-0,02;-0,02;0,0;0,0;0,0;0,0;-0,01;-0,01;0,0;0,0;-0,02;-0,02;-0,01;-0,01;-0,23;-0,23;0,0;0,0;-0,02;-0,02;-0,26;-0,26;-0,05;-0,05;-0,01;-0,01;-0,02;-0,02;-0,08;-0,08;-0,02;-0,02;-0,12;-0,12;0,0;0,0;0,0;0,0;0,0;0,0;-0,02;-0,02
13.08.2026;21:15;21:30;0,0;0,0;-0,2;-0,2;-0,06;-0,06;0,0;0,0;-0,04;-0,04;-0,1;-0,1;-0,04;-0,04;-0,02;-0,02;-0,01;-0,01;0,0;0,0;0,0;0,0;0,0;0,0;-0,02;-0,02;0,0;0,0;-0,02;-0,02;-0,01;-0,01;-0,01;-0,01;-0,06;-0,06;-0,04;-0,04;0,0;0,0;-0,01;-0,01;-0,04;-0,04;-0,01;-0,01;-0,1;-0,1;0,0;0,0;-0,02;-0,02;-0,01;-0,01;-0,03;-0,03
13.08.2026;21:30;21:45;0,0;0,0;-0,19;-0,19;-0,05;-0,05;0,0;0,0;-0,03;-0,03;-0,09;-0,09;-0,04;-0,04;-0,03;-0,03;0,0;0,0;0,0;0,0;-0,01;-0,01;0,0;0,0;0,0;0,0;0,0;0,0;-0,03;-0,03;0,0;0,0;-0,02;-0,02;-0,05;-0,05;-0,03;-0,03;-0,01;-0,01;0,0;0,0;-0,02;-0,02;-0,01;-0,01;-0,1;-0,1;-0,01;-0,01;0,0;0,0;0,0;0,0;-0,02;-0,02
13.08.2026;21:45;22:00;0,0;0,0;-0,22;-0,22;-0,05;-0,05;0,0;0,0;-0,03;-0,03;-0,1;-0,1;-0,03;-0,03;-0,02;-0,02;-0,01;-0,01;0,0;0,0;-0,01;-0,01;0,0;0,0;0,0;0,0;0,0;0,0;-0,21;-0,21;0,0;0,0;-0,02;-0,02;-0,06;-0,06;-0,17;-0,17;-0,01;-0,01;-0,02;-0,02;-0,03;-0,03;0,0;0,0;-0,1;-0,1;0,0;0,0;-0,02;-0,02;-0,01;-0,01;-0,03;-0,03
13.08.2026;22:00;22:15;0,0;0,0;-0,22;-0,22;-0,05;-0,05;0,0;0,0;-0,04;-0,04;-0,08;-0,08;-0,04;-0,04;-0,02;-0,02;-0,01;-0,01;0,0;0,0;-0,01;-0,01;0,0;0,0;-0,01;-0,01;0,0;0,0;-0,11;-0,11;0,0;0,0;-0,01;-0,01;-0,06;-0,06;-0,23;-0,23;0,0;0,0;0,0;0,0;-0,08;-0,08;-0,01;-0,01;-0,11;-0,11;0,0;0,0;0,0;0,0;0,0;0,0;-0,03;-0,03
13.08.2026;22:15;22:30;0,0;0,0;-0,23;-0,23;-0,06;-0,06;0,0;0,0;-0,04;-0,04;-0,11;-0,11;-0,03;-0,03;-0,03;-0,03;0,0;0,0;0,0;0,0;-0,01;-0,01;0,0;0,0;-0,02;-0,02;0,0;0,0;-0,05;-0,05;0,0;0,0;-0,01;-0,01;-0,04;-0,04;-0,06;-0,06;-0,01;-0,01;-0,02;-0,02;-0,07;-0,07;-0,01;-0,01;-0,14;-0,14;0,0;0,0;-0,02;-0,02;0,0;0,0;-0,02;-0,02
13.08.2026;22:30;22:45;0,0;0,0;-0,22;-0,22;-0,06;-0,06;0,0;0,0;-0,04;-0,04;-0,11;-0,11;-0,26;-0,26;-0,02;-0,02;-0,01;-0,01;0,0;0,0;-0,01;-0,01;0,0;0,0;-0,01;-0,01;0,0;0,0;-0,05;-0,05;0,0;0,0;-0,03;-0,03;-0,01;-0,01;-0,37;-0,37;-0,01;-0,01;-0,01;-0,01;-0,05;-0,05;-0,01;-0,01;-0,11;-0,11;0,0;0,0;0,0;0,0;-0,01;-0,01;-0,03;-0,03
13.08.2026;22:45;23:00;0,0;0,0;-0,21;-0,21;-0,03;-0,03;0,0;0,0;-0,04;-0,04;-0,17;-0,17;-0,45;-0,45;-0,03;-0,03;-0,01;-0,01;0,0;0,0;-0,03;-0,03;0,0;0,0;-0,01;-0,01;0,0;0,0;-0,04;-0,04;0,0;0,0;-0,02;-0,02;-0,02;-0,02;-0,05;-0,05;-0,01;-0,01;0,0;0,0;-0,06;-0,06;-0,02;-0,02;-0,05;-0,05;0,0;0,0;-0,02;-0,02;-0,01;-0,01;-0,02;-0,02
13.08.2026;23:00;23:15;0,0;0,0;-0,19;-0,19;-0,03;-0,03;0,0;0,0;-0,03;-0,03;-0,18;-0,18;-0,02;-0,02;-0,02;-0,02;-0,01;-0,01;0,0;0,0;-0,02;-0,02;0,0;0,0;0,0;0,0;0,0;0,0;-0,03;-0,03;0,0;0,0;-0,03;-0,03;-0,01;-0,01;-0,04;-0,04;-0,01;-0,01;-0,01;-0,01;-0,07;-0,07;-0,04;-0,04;-0,01;-0,01;0,0;0,0;0,0;0,0;0,0;0,0;-0,02;-0,02
13.08.2026;23:15;23:30;0,0;0,0;-0,19;-0,19;-0,03;-0,03;0,0;0,0;-0,03;-0,03;-0,15;-0,15;-0,19;-0,19;-0,02;-0,02;0,0;0,0;0,0;0,0;-0,03;-0,03;0,0;0,0;-0,01;-0,01;0,0;0,0;-0,03;-0,03;0,0;0,0;-0,02;-0,02;-0,01;-0,01;-0,04;-0,04;-0,01;-0,01;-0,01;-0,01;-0,05;-0,05;-0,1;-0,1;-0,01;-0,01;0,0;0,0;-0,02;-0,02;0,0;0,0;-0,01;-0,01
13.08.2026;23:30;23:45;0,0;0,0;-0,19;-0,19;-0,02;-0,02;0,0;0,0;-0,04;-0,04;-0,14;-0,14;-0,02;-0,02;-0,01;-0,01;-0,01;-0,01;0,0;0,0;-0,02;-0,02;0,0;0,0;-0,01;-0,01;0,0;0,0;-0,02;-0,02;0,0;0,0;-0,03;-0,03;-0,02;-0,02;-0,04;-0,04;0,0;0,0;-0,01;-0,01;-0,06;-0,06;-0,03;-0,03;-0,02;-0,02;-0,01;-0,01;0,0;0,0;-0,01;-0,01;-0,01;-0,01
13.08.2026;23:45;00:00;0,0;0,0;-0,21;-0,21;-0,03;-0,03;0,0;0,0;-0,04;-0,04;-0,17;-0,17;-0,01;-0,01;-0,02;-0,02;-0,01;-0,01;0,0;0,0;-0,02;-0,02;0,0;0,0;-0,02;-0,02;0,0;0,0;-0,02;-0,02;-0,01;-0,01;-0,02;-0,02;-0,02;-0,02;-0,1;-0,1;-0,01;-0,01;-0,01;-0,01;-0,06;-0,06;-0,03;-0,03;-0,02;-0,02;0,0;0,0;-0,02;-0,02;-0,01;-0,01;-0,03;-0,03
14.08.2026;00:00;00:15;0,0;0,0;-0,21;-0,21;-0,02;-0,02;0,0;0,0;-0,05;-0,05;-0,16;-0,16;-0,01;-0,01;-0,03;-0,03;0,0;0,0;0,0;0,0;-0,02;-0,02;0,0;0,0;-0,01;-0,01;0,0;0,0;-0,03;-0,03;0,0;0,0;-0,03;-0,03;-0,03;-0,03;-0,3;-0,3;-0,01;-0,01;-0,01;-0,01;-0,05;-0,05;-0,02;-0,02;-0,01;-0,01;0,0;0,0;0,0;0,0;0,0;0,0;-0,02;-0,02
14.08.2026;00:15;00:30;0,0;0,0;-0,21;-0,21;-0,02;-0,02;-0,01;-0,01;-0,02;-0,02;-0,13;-0,13;-0,01;-0,01;-0,03;-0,03;-0,01;-0,01;0,0;0,0;-0,03;-0,03;0,0;0,0;0,0;0,0;-0,01;-0,01;-0,02;-0,02;0,0;0,0;-0,02;-0,02;-0,02;-0,02;-0,03;-0,03;-0,01;-0,01;-0,01;-0,01;-0,07;-0,07;-0,02;-0,02;-0,01;-0,01;0,0;0,0;-0,02;-0,02;-0,01;-0,01;-0,03;-0,03
14.08.2026;00:30;00:45;0,0;0,0;-0,22;-0,22;-0,03;-0,03;0,0;0,0;-0,01;-0,01;-0,15;-0,15;-0,01;-0,01;-0,02;-0,02;0,0;0,0;-0,01;-0,01;-0,02;-0,02;0,0;0,0;-0,01;-0,01;0,0;0,0;-0,07;-0,07;0,0;0,0;-0,03;-0,03;-0,02;-0,02;-0,01;-0,01;0,0;0,0;-0,01;-0,01;-0,06;-0,06;-0,03;-0,03;-0,02;-0,02;0,0;0,0;0,0;0,0;0,0;0,0;-0,02;-0,02
14.08.2026;00:45;01:00;0,0;0,0;-0,19;-0,19;-0,02;-0,02;0,0;0,0;-0,01;-0,01;-0,15;-0,15;-0,01;-0,01;-0,03;-0,03;-0,01;-0,01;0,0;0,0;-0,02;-0,02;0,0;0,0;0,0;0,0;0,0;0,0;-0,46;-0,46;0,0;0,0;-0,02;-0,02;-0,03;-0,03;-0,02;-0,02;-0,01;-0,01;0,0;0,0;-0,05;-0,05;-0,05;-0,05;-0,01;-0,01;0,0;0,0;-0,02;-0,02;-0,04;-0,04;-0,02;-0,02
14.08.2026;01:00;01:15;0,0;0,0;-0,18;-0,18;-0,05;-0,05;0,0;0,0;-0,01;-0,01;-0,15;-0,15;-0,01;-0,01;-0,02;-0,02;-0,01;-0,01;0,0;0,0;0,0;0,0;-0,01;-0,01;-0,02;-0,02;0,0;0,0;-0,04;-0,04;0,0;0,0;-0,02;-0,02;-0,02;-0,02;-0,01;-0,01;-0,01;-0,01;-0,02;-0,02;-0,07;-0,07;-0,12;-0,12;-0,02;-0,02;0,0;0,0;0,0;0,0;-0,02;-0,02;-0,03;-0,03
14.08.2026;01:15;01:30;0,0;0,0;-0,2;-0,2;-0,05;-0,05;0,0;0,0;-0,02;-0,02;-0,14;-0,14;-0,01;-0,01;-0,02;-0,02;0,0;0,0;0,0;0,0;0,0;0,0;0,0;0,0;-0,02;-0,02;0,0;0,0;-0,05;-0,05;0,0;0,0;-0,01;-0,01;-0,02;-0,02;-0,01;-0,01;-0,01;-0,01;-0,01;-0,01;-0,05;-0,05;-0,08;-0,08;-0,01;-0,01;0,0;0,0;-0,02;-0,02;-0,01;-0,01;-0,02;-0,02
14.08.2026;01:30;01:45;0,0;0,0;-0,3;-0,3;-0,03;-0,03;0,0;0,0;-0,02;-0,02;-0,13;-0,13;-0,01;-0,01;-0,02;-0,02;-0,01;-0,01;0,0;0,0;0,0;0,0;0,0;0,0;-0,01;-0,01;0,0;0,0;-0,05;-0,05;0,0;0,0;-0,02;-0,02;-0,01;-0,01;-0,02;-0,02;-0,01;-0,01;0,0;0,0;-0,06;-0,06;-0,08;-0,08;-0,02;-0,02;-0,01;-0,01;0,0;0,0;0,0;0,0;-0,03;-0,03
14.08.2026;01:45;02:00;0,0;0,0;-0,26;-0,26;-0,03;-0,03;0,0;0,0;-0,01;-0,01;-0,11;-0,11;0,0;0,0;-0,02;-0,02;-0,01;-0,01;0,0;0,0;-0,03;-0,03;0,0;0,0;0,0;0,0;0,0;0,0;-0,03;-0,03;0,0;0,0;-0,01;-0,01;-0,01;-0,01;-0,01;-0,01;-0,01;-0,01;-0,02;-0,02;-0,06;-0,06;-0,06;-0,06;-0,01;-0,01;0,0;0,0;-0,02;-0,02;0,0;0,0;-0,02;-0,02
14.08.2026;02:00;02:15;0,0;0,0;-0,19;-0,19;-0,03;-0,03;0,0;0,0;0,0;0,0;-0,12;-0,12;-0,01;-0,01;-0,03;-0,03;-0,01;-0,01;0,0;0,0;-0,01;-0,01;0,0;0,0;0,0;0,0;0,0;0,0;-0,04;-0,04;0,0;0,0;-0,01;-0,01;-0,01;-0,01;-0,01;-0,01;0,0;0,0;0,0;0,0;-0,06;-0,06;-0,01;-0,01;-0,02;-0,02;0,0;0,0;0,0;0,0;-0,01;-0,01;-0,02;-0,02
14.08.2026;02:15;02:30;0,0;0,0;-0,19;-0,19;-0,03;-0,03;0,0;0,0;-0,02;-0,02;-0,13;-0,13;-0,01;-0,01;-0,02;-0,02;0,0;0,0;0,0;0,0;0,0;0,0;0,0;0,0;-0,01;-0,01;0,0;0,0;-0,03;-0,03;-0,01;-0,01;-0,02;-0,02;-0,02;-0,02;-0,01;-0,01;-0,01;-0,01;-0,01;-0,01;-0,05;-0,05;-0,01;-0,01;-0,01;-0,01;0,0;0,0;-0,02;-0,02;-0,01;-0,01;-0,03;-0,03
14.08.2026;02:30;02:45;0,0;0,0;-0,19;-0,19;-0,02;-0,02;0,0;0,0;-0,01;-0,01;-0,09;-0,09;-0,01;-0,01;-0,02;-0,02;-0,01;-0,01;0,0;0,0;-0,03;-0,03;0,0;0,0;-0,02;-0,02;0,0;0,0;-0,03;-0,03;0,0;0,0;-0,01;-0,01;-0,02;-0,02;-0,01;-0,01;-0,01;-0,01;-0,01;-0,01;-0,07;-0,07;-0,11;-0,11;-0,02;-0,02;0,0;0,0;0,0;0,0;0,0;0,0;-0,02;-0,02
14.08.2026;02:45;03:00;0,0;0,0;-0,24;-0,24;-0,02;-0,02;0,0;0,0;-0,02;-0,02;-0,12;-0,12;-0,01;-0,01;-0,02;-0,02;-0,01;-0,01;0,0;0,0;0,0;0,0;0,0;0,0;-0,02;-0,02;0,0;0,0;-0,03;-0,03;0,0;0,0;-0,02;-0,02;-0,02;-0,02;-0,01;-0,01;0,0;0,0;-0,01;-0,01;-0,05;-0,05;-0,07;-0,07;-0,01;-0,01;0,0;0,0;-0,01;-0,01;-0,01;-0,01;-0,02;-0,02
14.08.2026;03:00;03:15;0,0;0,0;-0,32;-0,32;-0,02;-0,02;0,0;0,0;-0,01;-0,01;-0,11;-0,11;-0,01;-0,01;-0,01;-0,01;0,0;0,0;0,0;0,0;0,0;0,0;0,0;0,0;0,0;0,0;0,0;0,0;-0,03;-0,03;0,0;0,0;-0,02;-0,02;-0,02;-0,02;-0,01;-0,01;-0,01;-0,01;-0,01;-0,01;-0,06;-0,06;-0,06;-0,06;-0,02;-0,02;0,0;0,0;-0,01;-0,01;0,0;0,0;-0,01;-0,01
14.08.2026;03:15;03:30;0,0;0,0;-0,2;-0,2;-0,02;-0,02;0,0;0,0;-0,01;-0,01;-0,02;-0,02;-0,01;-0,01;-0,01;-0,01;-0,01;-0,01;0,0;0,0;0,0;0,0;0,0;0,0;0,0;0,0;0,0;0,0;-0,03;-0,03;0,0;0,0;-0,03;-0,03;-0,03;-0,03;-0,01;-0,01;-0,01;-0,01;-0,01;-0,01;-0,06;-0,06;-0,05;-0,05;-0,01;-0,01;0,0;0,0;-0,01;-0,01;-0,01;-0,01;-0,01;-0,01
14.08.2026;03:30;03:45;0,0;0,0;-0,21;-0,21;-0,02;-0,02;-0,01;-0,01;-0,01;-0,01;-0,01;-0,01;-0,01;-0,01;-0,01;-0,01;0,0;0,0;0,0;0,0;-0,01;-0,01;0,0;0,0;-0,01;-0,01;-0,01;-0,01;-0,04;-0,04;0,0;0,0;-0,02;-0,02;-0,02;-0,02;-0,01;-0,01;-0,01;-0,01;-0,01;-0,01;-0,05;-0,05;-0,03;-0,03;-0,02;-0,02;-0,01;-0,01;-0,01;-0,01;0,0;0,0;-0,04;-0,04
14.08.2026;03:45;04:00;0,0;0,0;-0,34;-0,34;-0,02;-0,02;0,0;0,0;-0,01;-0,01;-0,02;-0,02;-0,01;-0,01;-0,02;-0,02;-0,01;-0,01;0,0;0,0;-0,01;-0,01;0,0;0,0;-0,01;-0,01;0,0;0,0;-0,06;-0,06;0,0;0,0;-0,03;-0,03;-0,01;-0,01;-0,01;-0,01;-0,02;-0,02;-0,01;-0,01;-0,06;-0,06;-0,01;-0,01;-0,01;-0,01;0,0;0,0;-0,01;-0,01;0,0;0,0;-0,05;-0,05
14.08.2026;04:00;04:15;0,0;0,0;-0,35;-0,35;-0,02;-0,02;0,0;0,0;-0,02;-0,02;-0,01;-0,01;-0,01;-0,01;-0,02;-0,02;-0,01;-0,01;0,0;0,0;-0,01;-0,01;0,0;0,0;-0,02;-0,02;0,0;0,0;-0,02;-0,02;0,0;0,0;-0,02;-0,02;-0,01;-0,01;-0,01;-0,01;0,0;0,0;0,0;0,0;-0,06;-0,06;-0,01;-0,01;-0,01;-0,01;0,0;0,0;-0,01;-0,01;-0,01;-0,01;-0,03;-0,03
14.08.2026;04:15;04:30;0,0;0,0;-0,35;-0,35;-0,02;-0,02;0,0;0,0;-0,01;-0,01;0,0;0,0;-0,01;-0,01;-0,02;-0,02;-0,01;-0,01;0,0;0,0;-0,01;-0,01;0,0;0,0;-0,01;-0,01;0,0;0,0;-0,01;-0,01;0,0;0,0;-0,03;-0,03;-0,02;-0,02;-0,01;-0,01;0,0;0,0;-0,01;-0,01;-0,04;-0,04;0,0;0,0;-0,02;-0,02;0,0;0,0;-0,01;-0,01;-0,01;-0,01;-0,02;-0,02
14.08.2026;04:30;04:45;0,0;0,0;-0,35;-0,35;-0,03;-0,03;0,0;0,0;-0,01;-0,01;-0,02;-0,02;-0,01;-0,01;-0,02;-0,02;0,0;0,0;0,0;0,0;-0,01;-0,01;0,0;0,0;0,0;0,0;0,0;0,0;-0,01;-0,01;0,0;0,0;-0,02;-0,02;-0,01;-0,01;-0,01;-0,01;-0,01;-0,01;-0,01;-0,01;-0,05;-0,05;-0,01;-0,01;-0,01;-0,01;0,0;0,0;-0,01;-0,01;0,0;0,0;-0,03;-0,03
14.08.2026;04:45;05:00;0,0;0,0;-0,3;-0,3;-0,01;-0,01;0,0;0,0;-0,01;-0,01;-0,01;-0,01;0,0;0,0;-0,02;-0,02;-0,01;-0,01;0,0;0,0;0,0;0,0;0,0;0,0;-0,01;-0,01;0,0;0,0;-0,02;-0,02;-0,01;-0,01;-0,03;-0,03;-0,01;-0,01;-0,01;-0,01;-0,01;-0,01;-0,01;-0,01;-0,05;-0,05;-0,01;-0,01;-0,02;-0,02;0,0;0,0;-0,01;-0,01;0,0;0,0;-0,02;-0,02
14.08.2026;05:00;05:15;0,0;0,0;-0,19;-0,19;-0,02;-0,02;0,0;0,0;-0,01;-0,01;-0,01;-0,01;-0,01;-0,01;-0,02;-0,02;-0,01;-0,01;0,0;0,0;-0,01;-0,01;0,0;0,0;-0,01;-0,01;0,0;0,0;-0,01;-0,01;0,0;0,0;-0,02;-0,02;-0,03;-0,03;-0,01;-0,01;-0,01;-0,01;-0,01;-0,01;-0,05;-0,05;-0,01;-0,01;-0,01;-0,01;0,0;0,0;-0,01;-0,01;-0,01;-0,01;-0,02;-0,02
14.08.2026;05:15;05:30;0,0;0,0;-0,2;-0,2;-0,02;-0,02;0,0;0,0;-0,02;-0,02;-0,01;-0,01;-0,01;-0,01;-0,02;-0,02;0,0;0,0;0,0;0,0;-0,01;-0,01;0,0;0,0;-0,01;-0,01;0,0;0,0;-0,01;-0,01;0,0;0,0;-0,02;-0,02;-0,13;-0,13;-0,01;-0,01;0,0;0,0;-0,01;-0,01;-0,06;-0,06;-0,01;-0,01;-0,02;-0,02;0,0;0,0;-0,01;-0,01;0,0;0,0;-0,03;-0,03
14.08.2026;05:30;05:45;0,0;0,0;-0,2;-0,2;-0,03;-0,03;0,0;0,0;-0,01;-0,01;0,0;0,0;-0,01;-0,01;-0,01;-0,01;-0,01;-0,01;-0,01;-0,01;-0,02;-0,02;0,0;0,0;-0,02;-0,02;0,0;0,0;-0,01;-0,01;0,0;0,0;-0,01;-0,01;-0,04;-0,04;-0,01;-0,01;-0,01;-0,01;-0,01;-0,01;-0,05;-0,05;-0,01;-0,01;-0,01;-0,01;-0,01;-0,01;-0,01;-0,01;-0,01;-0,01;-0,01;-0,01
14.08.2026;05:45;06:00;0,0;0,0;-0,22;-0,22;-0,06;-0,06;0,0;0,0;-0,01;-0,01;-0,01;-0,01;-0,01;-0,01;-0,02;-0,02;0,0;0,0;0,0;0,0;0,0;0,0;0,0;0,0;0,0;0,0;0,0;0,0;-0,01;-0,01;0,0;0,0;-0,01;-0,01;-0,02;-0,02;-0,01;-0,01;-0,01;-0,01;-0,01;-0,01;-0,05;-0,05;0,0;0,0;-0,01;-0,01;0,0;0,0;-0,01;-0,01;0,0;0,0;-0,01;-0,01
14.08.2026;06:00;06:15;0,01;0,01;-0,2;-0,2;-0,03;-0,03;0,0;0,0;-0,01;-0,01;-0,01;-0,01;-0,01;-0,01;-0,02;-0,02;-0,01;-0,01;0,0;0,0;-0,01;-0,01;-0,01;-0,01;-0,01;-0,01;0,0;0,0;-0,02;-0,02;0,0;0,0;-0,01;-0,01;-0,03;-0,03;-0,04;-0,04;-0,02;-0,02;0,0;0,0;-0,05;-0,05;-0,01;-0,01;-0,02;-0,02;0,0;0,0;-0,01;-0,01;0,0;0,0;-0,02;-0,02
14.08.2026;06:15;06:30;0,04;0,04;-0,19;-0,19;-0,02;-0,02;0,0;0,0;-0,02;-0,02;-0,01;-0,01;0,0;0,0;-0,02;-0,02;-0,01;-0,01;0,0;0,0;-0,01;-0,01;0,0;0,0;0,0;0,0;0,0;0,0;0,0;0,0;0,0;0,0;-0,02;-0,02;-0,01;-0,01;-0,02;-0,02;0,0;0,0;-0,02;-0,02;-0,05;-0,05;-0,01;-0,01;-0,01;-0,01;0,0;0,0;-0,05;-0,05;-0,01;-0,01;-0,02;-0,02
14.08.2026;06:30;06:45;0,06;0,06;-0,21;-0,21;-0,04;-0,04;0,0;0,0;-0,01;-0,01;-0,01;-0,01;-0,01;-0,01;-0,02;-0,02;0,0;0,0;0,0;0,0;-0,01;-0,01;0,0;0,0;-0,01;-0,01;0,0;0,0;-0,02;-0,02;0,0;0,0;-0,08;-0,08;-0,01;-0,01;-0,02;-0,02;-0,01;-0,01;-0,01;-0,01;-0,06;-0,06;-0,01;-0,01;-0,02;-0,02;0,0;0,0;-0,02;-0,02;-0,01;-0,01;-0,03;-0,03
14.08.2026;06:45;07:00;0,11;0,11;-0,21;-0,21;-0,03;-0,03;0,0;0,0;-0,01;-0,01;-0,01;-0,01;-0,01;-0,01;-0,02;-0,02;-0,01;-0,01;0,0;0,0;-0,01;-0,01;0,0;0,0;-0,02;-0,02;0,0;0,0;-0,01;-0,01;0,0;0,0;-0,34;-0,34;-0,02;-0,02;-0,01;-0,01;0,0;0,0;0,0;0,0;-0,06;-0,06;-0,01;-0,01;-0,01;-0,01;0,0;0,0;-0,01;-0,01;0,0;0,0;-0,02;-0,02
14.08.2026;07:00;07:15;0,2;0,15;-0,2;-0,15;-0,04;-0,04;-0,01;-0,01;-0,01;-0,01;-0,01;-0,01;-0,01;-0,01;0,0;0,0;0,0;0,0;0,0;0,0;0,0;0,0;0,0;0,0;-0,01;-0,01;-0,01;-0,01;-0,01;-0,01;0,0;0,0;-0,03;-0,03;-0,01;-0,01;-0,01;-0,01;-0,01;-0,01;-0,02;-0,02;-0,09;-0,09;-0,01;-0,01;-0,02;-0,02;0,0;0,0;-0,01;-0,01;0,0;0,0;-0,02;-0,02
14.08.2026;07:15;07:30;0,11;0,11;-0,19;-0,19;-0,12;-0,12;0,0;0,0;-0,01;-0,01;-0,01;-0,01;-0,01;-0,01;-0,01;-0,01;-0,01;-0,01;0,0;0,0;-0,01;-0,01;0,0;0,0;-0,01;-0,01;0,0;0,0;-0,01;-0,01;-0,01;-0,01;-0,02;-0,02;-0,02;-0,02;-0,01;-0,01;-0,01;-0,01;0,0;0,0;-0,06;-0,06;0,0;0,0;-0,01;-0,01;0,0;0,0;-0,02;-0,02;-0,01;-0,01;-0,03;-0,03
14.08.2026;07:30;07:45;0,0;0,0;-0,21;-0,21;-0,08;-0,08;0,0;0,0;-0,02;-0,02;-0,01;-0,01;-0,01;-0,01;-0,02;-0,02;-0,01;-0,01;0,0;0,0;-0,01;-0,01;0,0;0,0;0,0;0,0;0,0;0,0;-0,01;-0,01;0,0;0,0;-0,01;-0,01;-0,02;-0,02;-0,02;-0,02;0,0;0,0;-0,01;-0,01;-0,05;-0,05;-0,02;-0,02;-0,02;-0,02;-0,01;-0,01;-0,01;-0,01;-0,01;-0,01;-0,02;-0,02
14.08.2026;07:45;08:00;0,0;0,0;-0,19;-0,19;-0,05;-0,05;0,0;0,0;-0,02;-0,02;-0,01;-0,01;0,0;0,0;-0,02;-0,02;-0,01;-0,01;0,0;0,0;-0,01;-0,01;0,0;0,0;0,0;0,0;0,0;0,0;-0,01;-0,01;0,0;0,0;-0,01;-0,01;-0,03;-0,03;-0,01;-0,01;-0,01;-0,01;-0,01;-0,01;-0,06;-0,06;0,0;0,0;-0,01;-0,01;0,0;0,0;-0,01;-0,01;-0,12;-0,12;-0,02;-0,02
14.08.2026;08:00;08:15;0,35;0,11;-0,22;-0,16;-0,12;-0,11;0,0;0,0;-0,13;-0,12;0,0;0,0;-0,02;-0,01;-0,02;-0,01;-0,01;0,0;0,0;0,0;0,0;0,0;0,0;0,0;-0,02;-0,01;0,0;0,0;-0,02;-0,01;0,0;0,0;-0,02;-0,01;-0,02;-0,01;-0,03;-0,02;-0,01;0,0;-0,01;0,0;-0,05;-0,04;-0,01;0,0;-0,01;0,0;0,0;0,0;-0,01;0,0;-0,01;0,0;-0,01;0,0
14.08.2026;08:15;08:30;0,77;0,24;-0,21;-0,06;-0,03;0,0;0,0;0,0;-0,04;0,0;-0,02;0,0;-0,03;0,0;-0,02;0,0;0,0;0,0;0,0;0,0;-0,01;0,0;0,0;0,0;-0,02;0,0;0,0;0,0;0,0;0,0;0,0;0,0;-0,01;0,0;-0,02;0,0;-0,14;-0,1;-0,02;0,0;-0,01;0,0;-0,04;0,0;-0,01;0,0;-0,03;0,0;0,0;0,0;0,0;0,0;-0,02;0,0;-0,01;0,0
14.08.2026;08:30;08:45;0,88;0,26;-0,23;-0,05;-0,05;0,0;0,0;0,0;-0,06;0,0;0,0;0,0;-0,02;0,0;-0,03;0,0;-0,01;0,0;0,0;0,0;-0,01;0,0;0,0;0,0;-0,01;0,0;0,0;0,0;-0,02;0,0;0,0;0,0;-0,01;0,0;-0,02;0,0;-0,06;0,0;-0,01;0,0;-0,01;0,0;-0,02;0,0;-0,01;0,0;-0,02;0,0;0,0;0,0;-0,02;0,0;-0,02;0,0;-0,03;0,0
14.08.2026;08:45;09:00;0,97;0,39;-0,22;0,0;-0,05;0,0;0,0;0,0;-0,08;0,0;-0,01;0,0;-0,02;0,0;-0,01;0,0;0,0;0,0;0,0;0,0;-0,01;0,0;0,0;0,0;0,0;0,0;0,0;0,0;-0,01;0,0;0,0;0,0;-0,01;0,0;-0,01;0,0;-0,07;0,0;0,0;0,0;0,0;0,0;-0,02;0,0;-0,01;0,0;-0,01;0,0;0,0;0,0;0,0;0,0;-0,02;0,0;-0,02;0,0
14.08.2026;09:00;09:15;1,07;0,4;-0,28;-0,02;-0,04;0,0;0,0;0,0;-0,02;0,0;-0,01;0,0;-0,02;0,0;-0,22;-0,14;-0,01;0,0;0,0;0,0;-0,01;0,0;0,0;0,0;0,0;0,0;0,0;0,0;-0,06;0,0;0,0;0,0;-0,01;0,0;-0,02;0,0;-0,02;0,0;0,0;0,0;-0,02;0,0;-0,01;0,0;-0,01;0,0;-0,02;0,0;0,0;0,0;-0,01;0,0;-0,02;0,0;-0,02;0,0
14.08.2026;09:15;09:30;1,14;0,4;-0,21;0,0;-0,04;0,0;0,0;0,0;-0,02;0,0;-0,01;0,0;-0,02;0,0;-0,11;-0,03;-0,01;0,0;0,0;0,0;-0,01;0,0;0,0;0,0;-0,02;0,0;0,0;0,0;-0,11;-0,03;0,0;0,0;0,0;0,0;-0,01;0,0;-0,01;0,0;-0,02;0,0;-0,01;0,0;-0,02;0,0;-0,01;0,0;-0,09;-0,01;0,0;0,0;-0,01;0,0;-0,04;0,0;-0,03;0,0
14.08.2026;09:30;09:45;1,29;0,46;-0,22;0,0;-0,05;0,0;0,0;0,0;0,0;0,0;-0,01;0,0;-0,01;0,0;-0,28;-0,18;0,0;0,0;0,0;0,0;-0,01;0,0;0,0;0,0;-0,01;0,0;0,0;0,0;-0,12;-0,02;0,0;0,0;0,0;0,0;-0,01;0,0;-0,01;0,0;0,0;0,0;0,0;0,0;-0,29;-0,19;-0,01;0,0;-0,24;-0,14;-0,01;0,0;-0,02;0,0;-0,04;0,0;-0,02;0,0
14.08.2026;09:45;10:00;1,36;0,55;-0,22;0,0;-0,06;0,0;0,0;0,0;-0,01;0,0;-0,01;0,0;-0,02;0,0;-0,05;0,0;-0,01;0,0;0,0;0,0;-0,01;0,0;0,0;0,0;-0,02;0,0;0,0;0,0;-0,14;-0,03;-0,01;0,0;0,0;0,0;-0,02;0,0;-0,01;0,0;-0,01;0,0;-0,02;0,0;-0,21;-0,1;-0,01;0,0;-0,04;0,0;0,0;0,0;0,0;0,0;-0,04;0,0;-0,02;0,0
14.08.2026;10:00;10:15;1,45;0,64;-0,29;0,0;-0,04;0,0;0,0;0,0;-0,01;0,0;-0,01;0,0;-0,02;0,0;-0,05;0,0;-0,01;0,0;0,0;0,0;-0,01;0,0;0,0;0,0;0,0;0,0;0,0;0,0;-0,17;-0,03;0,0;0,0;0,0;0,0;-0,02;0,0;-0,01;0,0;0,0;0,0;0,0;0,0;-0,07;0,0;-0,01;0,0;-0,05;0,0;0,0;0,0;-0,02;0,0;-0,02;0,0;-0,03;0,0
14.08.2026;10:15;10:30;1,54;0,66;-0,23;0,0;-0,03;0,0;-0,01;0,0;-0,02;0,0;-0,01;0,0;-0,01;0,0;-0,05;0,0;-0,01;0,0;0,0;0,0;-0,01;0,0;0,0;0,0;0,0;0,0;-0,01;0,0;-0,22;-0,08;0,0;0,0;-0,01;0,0;-0,03;0,0;-0,01;0,0;-0,01;0,0;-0,01;0,0;-0,23;-0,09;-0,01;0,0;-0,07;0,0;0,0;0,0;0,0;0,0;-0,04;0,0;-0,02;0,0
14.08.2026;10:30;10:45;1,63;0,45;-0,38;-0,01;-0,06;0,0;0,0;0,0;-0,01;0,0;-0,02;0,0;-0,02;0,0;-0,11;0,0;0,0;0,0;-0,01;0,0;-0,07;0,0;0,0;0,0;-0,01;0,0;0,0;0,0;-0,13;0,0;0,0;0,0;0,0;0,0;-0,02;0,0;-0,01;0,0;-0,02;0,0;-0,01;0,0;-0,01;0,0;-0,1;0,0;-0,14;-0,01;0,0;0,0;-0,02;0,0;-0,04;0,0;-0,01;0,0
14.08.2026;10:45;11:00;1,69;0,6;-0,35;0,0;-0,08;0,0;0,0;0,0;-0,01;0,0;-0,02;0,0;-0,37;-0,22;-0,75;-0,6;-0,01;0,0;0,0;0,0;-0,04;0,0;0,0;0,0;-0,02;0,0;0,0;0,0;-0,02;0,0;0,0;0,0;0,0;0,0;-0,02;0,0;0,0;0,0;-0,01;0,0;-0,01;0,0;-0,02;0,0;-0,01;0,0;-0,15;0,0;0,0;0,0;0,0;0,0;-0,01;0,0;-0,01;0,0
14.08.2026;11:00;11:15;1,73;0,74;-0,22;0,0;-0,05;0,0;0,0;0,0;-0,01;0,0;-0,02;0,0;-0,22;-0,06;-0,3;-0,14;-0,01;0,0;0,0;0,0;-0,01;0,0;-0,01;0,0;-0,02;0,0;0,0;0,0;-0,01;0,0;0,0;0,0;-0,02;0,0;-0,03;0,0;-0,01;0,0;0,0;0,0;-0,02;0,0;-0,01;0,0;-0,03;0,0;-0,15;0,0;0,0;0,0;-0,02;0,0;0,0;0,0;-0,02;0,0
14.08.2026;11:15;11:30;1,63;0,93;-0,22;0,0;-0,02;0,0;0,0;0,0;-0,01;0,0;-0,04;0,0;-0,05;0,0;-0,06;0,0;0,0;0,0;0,0;0,0;-0,01;0,0;0,0;0,0;0,0;0,0;0,0;0,0;-0,01;0,0;0,0;0,0;-0,01;0,0;-0,02;0,0;-0,02;0,0;-0,01;0,0;0,0;0,0;-0,03;0,0;-0,01;0,0;-0,14;0,0;0,0;0,0;0,0;0,0;-0,01;0,0;-0,03;0,0
14.08.2026;11:30;11:45;0,25;0,18;-0,2;-0,13;-0,02;-0,02;0,0;0,0;-0,02;-0,02;-0,03;-0,03;-0,04;-0,04;-0,06;-0,06;-0,01;-0,01;0,0;0,0;-0,01;-0,01;0,0;0,0;0,0;0,0;0,0;0,0;-0,01;-0,01;0,0;0,0;-0,01;-0,01;-0,01;-0,01;0,0;0,0;-0,01;-0,01;-0,01;-0,01;-0,21;-0,21;-0,01;-0,01;-0,05;-0,05;-0,01;-0,01;-0,02;-0,02;-0,01;-0,01;-0,02;-0,02
14.08.2026;11:45;12:00;0,0;0,0;-0,2;-0,2;-0,03;-0,03;0,0;0,0;-0,01;-0,01;-0,1;-0,1;-0,05;-0,05;-0,07;-0,07;0,0;0,0;0,0;0,0;-0,01;-0,01;0,0;0,0;-0,01;-0,01;0,0;0,0;-0,01;-0,01;0,0;0,0;-0,02;-0,02;-0,01;-0,01;-0,01;-0,01;-0,01;-0,01;-0,01;-0,01;-0,31;-0,31;0,0;0,0;-0,05;-0,05;0,0;0,0;0,0;0,0;0,0;0,0;-0,02;-0,02
14.08.2026;12:00;12:15;0,75;0,22;-0,3;-0,15;-0,03;0,0;0,0;0,0;-0,02;0,0;-0,02;0,0;-0,03;0,0;-0,07;-0,04;-0,01;0,0;0,0;0,0;-0,02;0,0;0,0;0,0;-0,01;0,0;0,0;0,0;-0,02;0,0;0,0;0,0;-0,01;0,0;-0,01;0,0;-0,01;0,0;0,0;0,0;-0,01;0,0;-0,16;-0,13;-0,1;-0,07;-0,62;-0,59;0,0;0,0;-0,02;0,0;-0,01;0,0;-0,03;0,0
14.08.2026;12:15;12:30;1,85;0,79;-0,3;0,0;-0,01;0,0;0,0;0,0;-0,01;0,0;-0,04;0,0;-0,01;0,0;-0,07;0,0;-0,01;0,0;0,0;0,0;-0,07;0,0;0,0;0,0;-0,02;0,0;0,0;0,0;0,0;0,0;-0,01;0,0;-0,01;0,0;-0,02;0,0;-0,01;0,0;0,0;0,0;-0,01;0,0;-0,15;0,0;-0,25;-0,08;-0,11;0,0;0,0;0,0;0,0;0,0;-0,01;0,0;-0,02;0,0
14.08.2026;12:30;12:45;1,85;1,04;-0,18;0,0;-0,02;0,0;0,0;0,0;-0,01;0,0;-0,05;0,0;-0,01;0,0;-0,07;0,0;0,0;0,0;0,0;0,0;-0,03;0,0;0,0;0,0;-0,01;0,0;0,0;0,0;-0,02;0,0;0,0;0,0;-0,02;0,0;-0,01;0,0;-0,01;0,0;-0,01;0,0;-0,01;0,0;-0,14;0,0;-0,07;0,0;-0,1;0,0;0,0;0,0;-0,01;0,0;-0,01;0,0;-0,02;0,0
14.08.2026;12:45;13:00;1,83;0,91;-0,2;0,0;-0,02;0,0;0,0;0,0;-0,01;0,0;-0,02;0,0;-0,02;0,0;-0,17;0,0;-0,01;0,0;0,0;0,0;-0,01;0,0;0,0;0,0;0,0;0,0;0,0;0,0;-0,01;0,0;0,0;0,0;-0,01;0,0;-0,03;0,0;-0,01;0,0;-0,02;0,0;-0,01;0,0;-0,14;0,0;-0,03;0,0;-0,16;0,0;0,0;0,0;-0,01;0,0;0,0;0,0;-0,03;0,0
14.08.2026;13:00;13:15;1,84;0,58;-0,2;0,0;-0,02;0,0;0,0;0,0;-0,28;-0,12;-0,02;0,0;-0,35;-0,19;-0,18;-0,02;-0,01;0,0;0,0;0,0;-0,01;0,0;0,0;0,0;-0,01;0,0;0,0;0,0;-0,02;0,0;0,0;0,0;-0,01;0,0;-0,02;0,0;-0,01;0,0;-0,01;0,0;-0,01;0,0;-0,14;0,0;-0,11;0,0;-0,14;0,0;0,0;0,0;-0,01;0,0;-0,01;0,0;-0,02;0,0
14.08.2026;13:15;13:30;1,81;0,58;-0,18;0,0;-0,02;0,0;0,0;0,0;-0,19;-0,03;-0,03;0,0;-0,41;-0,25;-0,15;0,0;-0,01;0,0;0,0;0,0;-0,01;0,0;0,0;0,0;-0,01;0,0;0,0;0,0;-0,05;0,0;0,0;0,0;-0,02;0,0;-0,02;0,0;-0,01;0,0;-0,01;0,0;-0,01;0,0;-0,12;0,0;-0,13;0,0;-0,1;0,0;0,0;0,0;-0,01;0,0;-0,01;0,0;-0,01;0,0
14.08.2026;13:30;13:45;1,81;0,79;-0,2;0,0;-0,02;0,0;-0,01;0,0;-0,3;-0,13;-0,01;0,0;-0,05;0,0;-0,14;0,0;0,0;0,0;0,0;0,0;-0,02;0,0;0,0;0,0;-0,02;0,0;-0,01;0,0;-0,06;0,0;0,0;0,0;0,0;0,0;-0,03;0,0;-0,01;0,0;0,0;0,0;-0,01;0,0;-0,02;0,0;-0,09;0,0;-0,12;0,0;-0,01;0,0;-0,01;0,0;0,0;0,0;-0,01;0,0
14.08.2026;13:45;14:00;1,78;0,78;-0,2;0,0;-0,01;0,0;0,0;0,0;-0,11;0,0;-0,02;0,0;-0,03;0,0;-0,14;0,0;-0,01;0,0;0,0;0,0;-0,02;0,0;0,0;0,0;-0,01;0,0;0,0;0,0;-0,07;0,0;0,0;0,0;0,0;0,0;-0,02;0,0;-0,01;0,0;-0,01;0,0;-0,01;0,0;-0,01;0,0;-0,11;0,0;-0,19;-0,03;0,0;0,0;-0,01;0,0;-0,01;0,0;-0,03;0,0
14.08.2026;14:00;14:15;1,74;0,77;-0,17;0,0;-0,03;0,0;0,0;0,0;-0,13;0,0;-0,02;0,0;-0,01;0,0;-0,13;0,0;-0,01;0,0;0,0;0,0;-0,03;0,0;0,0;0,0;0,0;0,0;0,0;0,0;-0,08;0,0;0,0;0,0;0,0;0,0;-0,02;0,0;-0,02;0,0;-0,01;0,0;0,0;0,0;-0,01;0,0;-0,12;0,0;-0,15;0,0;0,0;0,0;-0,01;0,0;0,0;0,0;-0,02;0,0
14.08.2026;14:15;14:30;1,71;0,89;-0,19;0,0;-0,02;0,0;0,0;0,0;-0,02;0,0;-0,02;0,0;-0,01;0,0;-0,13;0,0;0,0;0,0;0,0;0,0;-0,02;0,0;0,0;0,0;-0,01;0,0;0,0;0,0;-0,06;0,0;0,0;0,0;0,0;0,0;-0,02;0,0;-0,01;0,0;0,0;0,0;-0,03;0,0;0,0;0,0;-0,12;0,0;-0,12;0,0;0,0;0,0;-0,01;0,0;-0,01;0,0;-0,02;0,0
14.08.2026;14:30;14:45;1,66;0,65;-0,27;0,0;-0,02;0,0;0,0;0,0;-0,02;0,0;-0,01;0,0;-0,01;0,0;-0,13;0,0;-0,01;0,0;0,0;0,0;-0,01;0,0;0,0;0,0;0,0;0,0;0,0;0,0;-0,02;0,0;0,0;0,0;-0,01;0,0;-0,02;0,0;-0,01;0,0;-0,01;0,0;-0,27;-0,12;-0,02;0,0;-0,16;-0,01;-0,08;0,0;0,0;0,0;-0,01;0,0;-0,02;0,0;-0,03;0,0
14.08.2026;14:45;15:00;1,59;0,71;-0,19;0,0;-0,01;0,0;0,0;0,0;-0,01;0,0;-0,09;0,0;-0,01;0,0;-0,14;0,0;-0,01;0,0;0,0;0,0;-0,01;0,0;0,0;0,0;-0,02;0,0;0,0;0,0;-0,02;0,0;-0,01;0,0;0,0;0,0;-0,01;0,0;-0,01;0,0;-0,01;0,0;-0,34;-0,2;-0,02;0,0;-0,05;0,0;-0,08;0,0;0,0;0,0;-0,02;0,0;0,0;0,0;-0,02;0,0
14.08.2026;15:00;15:15;1,5;0,49;-0,24;0,0;-0,02;0,0;0,0;0,0;-0,15;-0,02;-0,07;0,0;-0,01;0,0;-0,14;-0,01;0,0;0,0;0,0;0,0;-0,02;0,0;0,0;0,0;-0,02;0,0;0,0;0,0;-0,02;0,0;0,0;0,0;0,0;0,0;-0,01;0,0;-0,01;0,0;-0,01;0,0;-0,35;-0,22;-0,01;0,0;-0,02;0,0;-0,09;0,0;0,0;0,0;-0,03;0,0;-0,01;0,0;-0,03;0,0
14.08.2026;15:15;15:30;0,62;0,2;-0,22;-0,1;-0,03;-0,01;0,0;0,0;-0,36;-0,34;-0,07;-0,05;-0,01;0,0;-0,15;-0,13;-0,01;0,0;0,0;0,0;-0,01;0,0;0,0;0,0;0,0;0,0;0,0;0,0;-0,02;0,0;0,0;0,0;-0,01;0,0;-0,01;0,0;-0,04;-0,02;-0,01;0,0;-0,34;-0,32;-0,02;0,0;-0,01;0,0;-0,08;-0,06;0,0;0,0;-0,01;0,0;-0,38;-0,36;-0,03;-0,01
14.08.2026;15:30;15:45;0,0;0,0;-0,17;-0,17;-0,02;-0,02;0,0;0,0;-0,22;-0,22;-0,05;-0,05;-0,01;-0,01;-0,09;-0,09;0,0;0,0;-0,01;-0,01;-0,01;-0,01;0,0;0,0;-0,01;-0,01;0,0;0,0;-0,02;-0,02;0,0;0,0;-0,01;-0,01;-0,02;-0,02;-0,03;-0,03;-0,01;-0,01;-0,32;-0,32;-0,04;-0,04;-0,01;-0,01;-0,07;-0,07;-0,01;-0,01;-0,01;-0,01;-0,06;-0,06;-0,03;-0,03
14.08.2026;15:45;16:00;0,0;0,0;-0,17;-0,17;-0,02;-0,02;0,0;0,0;-0,27;-0,27;-0,04;-0,04;-0,01;-0,01;-0,04;-0,04;-0,01;-0,01;0,0;0,0;-0,01;-0,01;0,0;0,0;0,0;0,0;0,0;0,0;-0,02;-0,02;0,0;0,0;-0,01;-0,01;-0,02;-0,02;-0,02;-0,02;-0,01;-0,01;-0,16;-0,16;-0,08;-0,08;-0,01;-0,01;-0,07;-0,07;0,0;0,0;-0,01;-0,01;-0,01;-0,01;-0,03;-0,03
14.08.2026;16:00;16:15;0,59;0,15;-0,2;-0,11;-0,02;0,0;0,0;0,0;-0,05;-0,03;-0,07;-0,05;-0,01;0,0;-0,03;-0,01;-0,01;0,0;0,0;0,0;-0,02;0,0;-0,01;0,0;-0,02;0,0;0,0;0,0;-0,03;-0,01;0,0;0,0;-0,02;0,0;-0,02;0,0;-0,02;0,0;0,0;0,0;-0,14;-0,12;-0,08;-0,06;-0,01;0,0;-0,05;-0,03;0,0;0,0;-0,01;0,0;-0,02;0,0;-0,03;-0,01
14.08.2026;16:15;16:30;1,11;0,36;-0,19;0,0;-0,02;0,0;0,0;0,0;-0,04;0,0;-0,08;0,0;-0,01;0,0;-0,02;0,0;-0,01;0,0;0,0;0,0;-0,01;0,0;0,0;0,0;-0,01;0,0;0,0;0,0;-0,05;0,0;0,0;0,0;-0,01;0,0;-0,03;0,0;-0,01;0,0;-0,01;0,0;-0,15;-0,07;-0,09;-0,01;-0,01;0,0;-0,03;0,0;0,0;0,0;-0,01;0,0;-0,02;0,0;-0,02;0,0
14.08.2026;16:30;16:45;1,01;0,28;-0,18;0,0;-0,02;0,0;0,0;0,0;-0,05;0,0;-0,1;-0,03;-0,01;0,0;-0,02;0,0;0,0;0,0;0,0;0,0;-0,02;0,0;0,0;0,0;-0,01;0,0;0,0;0,0;-0,03;0,0;0,0;0,0;-0,02;0,0;-0,02;0,0;-0,02;0,0;-0,01;0,0;-0,14;-0,07;-0,07;0,0;-0,01;0,0;-0,02;0,0;0,0;0,0;-0,01;0,0;-0,04;0,0;-0,03;0,0
14.08.2026;16:45;17:00;0,9;0,24;-0,2;-0,01;-0,02;0,0;0,0;0,0;-0,02;0,0;-0,1;-0,04;-0,01;0,0;-0,02;0,0;-0,01;0,0;0,0;0,0;-0,02;0,0;0,0;0,0;-0,01;0,0;0,0;0,0;-0,02;0,0;0,0;0,0;-0,01;0,0;-0,03;0,0;0,0;0,0;0,0;0,0;-0,14;-0,08;-0,08;-0,02;-0,01;0,0;-0,01;0,0;0,0;0,0;-0,01;0,0;-0,05;0,0;-0,04;0,0
14.08.2026;17:00;17:15;0,81;0,24;-0,21;-0,03;-0,02;0,0;-0,01;0,0;-0,01;0,0;-0,1;-0,05;-0,01;0,0;-0,02;0,0;-0,01;0,0;0,0;0,0;0,0;0,0;0,0;0,0;0,0;0,0;-0,01;0,0;-0,02;0,0;0,0;0,0;-0,01;0,0;-0,02;0,0;-0,01;0,0;-0,01;0,0;-0,16;-0,11;-0,09;-0,04;0,0;0,0;-0,02;0,0;0,0;0,0;-0,01;0,0;-0,02;0,0;-0,03;0,0
14.08.2026;17:15;17:30;0,7;0,2;-0,3;-0,17;-0,02;0,0;0,0;0,0;-0,01;0,0;-0,07;-0,04;0,0;0,0;-0,02;0,0;0,0;0,0;0,0;0,0;-0,02;0,0;0,0;0,0;-0,01;0,0;0,0;0,0;-0,01;0,0;-0,01;0,0;-0,02;0,0;-0,02;0,0;-0,02;0,0;-0,01;0,0;-0,14;-0,11;-0,07;-0,04;-0,02;0,0;-0,02;0,0;0,0;0,0;-0,01;0,0;-0,08;-0,05;-0,03;0,0
14.08.2026;17:30;17:45;0,6;0,18;-0,2;-0,11;-0,02;0,0;0,0;0,0;-0,09;-0,07;-0,1;-0,08;-0,01;0,0;-0,07;-0,05;-0,01;0,0;0,0;0,0;-0,01;0,0;0,0;0,0;-0,02;0,0;0,0;0,0;-0,03;-0,01;0,0;0,0;-0,02;0,0;-0,03;-0,01;0,0;0,0;-0,01;0,0;-0,14;-0,12;-0,1;-0,08;-0,01;0,0;-0,02;0,0;-0,01;0,0;-0,01;0,0;-0,02;0,0;-0,02;0,0
14.08.2026;17:45;18:00;0,49;0,19;-0,2;-0,1;-0,01;0,0;0,0;0,0;-0,03;-0,02;-0,11;-0,1;-0,01;0,0;-0,06;-0,05;-0,01;0,0;0,0;0,0;-0,01;0,0;0,0;0,0;-0,01;0,0;0,0;0,0;-0,02;-0,01;0,0;0,0;-0,05;-0,04;-0,03;-0,02;-0,01;0,0;-0,01;0,0;-0,14;-0,13;-0,08;-0,07;-0,01;0,0;-0,05;-0,04;0,0;0,0;-0,01;0,0;-0,01;0,0;-0,03;-0,02
14.08.2026;18:00;18:15;0,4;0,16;-0,18;-0,11;-0,03;-0,02;0,0;0,0;-0,03;-0,02;-0,09;-0,08;-0,01;0,0;-0,11;-0,1;0,0;0,0;0,0;0,0;0,0;0,0;0,0;0,0;-0,01;0,0;0,0;0,0;-0,01;0,0;0,0;0,0;-0,04;-0,03;-0,02;-0,01;-0,02;-0,01;-0,02;-0,01;-0,14;-0,13;-0,07;-0,06;0,0;0,0;-0,15;-0,14;0,0;0,0;-0,01;0,0;-0,01;0,0;-0,02;-0,01
14.08.2026;18:15;18:30;0,32;0,11;-0,22;-0,19;-0,02;-0,01;0,0;0,0;-0,03;-0,02;-0,09;-0,08;-0,01;0,0;-0,06;-0,05;-0,01;0,0;0,0;0,0;-0,02;-0,01;0,0;0,0;0,0;0,0;0,0;0,0;-0,02;-0,01;0,0;0,0;-0,05;-0,04;-0,01;0,0;0,0;0,0;-0,03;-0,02;-0,06;-0,05;-0,03;-0,02;-0,01;0,0;-0,18;-0,17;0,0;0,0;-0,01;0,0;-0,01;0,0;-0,02;-0,01
14.08.2026;18:30;18:45;0,23;0,17;-0,22;-0,16;-0,01;-0,01;0,0;0,0;-0,04;-0,04;-0,1;-0,1;-0,01;-0,01;-0,06;-0,06;-0,01;-0,01;0,0;0,0;-0,01;-0,01;0,0;0,0;-0,01;-0,01;0,0;0,0;-0,03;-0,03;0,0;0,0;-0,04;-0,04;-0,02;-0,02;-0,01;-0,01;-0,02;-0,02;-0,02;-0,02;-0,05;-0,05;-0,01;-0,01;-0,2;-0,2;0,0;0,0;-0,01;-0,01;-0,01;-0,01;-0,04;-0,04
14.08.2026;18:45;19:00;0,18;0,13;-0,18;-0,13;-0,02;-0,02;0,0;0,0;-0,03;-0,03;-0,09;-0,09;0,0;0,0;-0,12;-0,12;-0,01;-0,01;0,0;0,0;-0,01;-0,01;0,0;0,0;-0,02;-0,02;0,0;0,0;-0,01;-0,01;0,0;0,0;-0,04;-0,04;-0,05;-0,05;-0,02;-0,02;-0,02;-0,02;0,0;0,0;-0,09;-0,09;-0,01;-0,01;-0,17;-0,17;0,0;0,0;-0,01;-0,01;0,0;0,0;-0,04;-0,04
14.08.2026;19:00;19:15;0,12;0,11;-0,27;-0,26;-0,03;-0,03;0,0;0,0;-0,04;-0,04;-0,09;-0,09;-0,01;-0,01;-0,11;-0,11;0,0;0,0;0,0;0,0;-0,01;-0,01;0,0;0,0;-0,01;-0,01;0,0;0,0;-0,02;-0,02;0,0;0,0;-0,03;-0,03;-0,09;-0,09;0,0;0,0;-0,02;-0,02;-0,02;-0,02;-0,09;-0,09;-0,01;-0,01;-0,21;-0,21;0,0;0,0;-0,02;-0,02;0,0;0,0;-0,04;-0,04
14.08.2026;19:15;19:30;0,07;0,07;-0,29;-0,29;-0,04;-0,04;0,0;0,0;-0,05;-0,05;-0,08;-0,08;-0,01;-0,01;-0,07;-0,07;-0,01;-0,01;0,0;0,0;-0,01;-0,01;0,0;0,0;-0,01;-0,01;0,0;0,0;-0,02;-0,02;0,0;0,0;-0,04;-0,04;-0,1;-0,1;-0,01;-0,01;-0,01;-0,01;-0,01;-0,01;-0,47;-0,47;-0,01;-0,01;-0,36;-0,36;0,0;0,0;0,0;0,0;-0,01;-0,01;-0,04;-0,04
14.08.2026;19:30;19:45;0,0;0,0;-0,2;-0,2;-0,03;-0,03;0,0;0,0;-0,04;-0,04;-0,1;-0,1;-0,02;-0,02;-0,08;-0,08;0,0;0,0;0,0;0,0;-0,01;-0,01;0,0;0,0;0,0;0,0;0,0;0,0;-0,03;-0,03;0,0;0,0;-0,03;-0,03;-0,09;-0,09;-0,01;-0,01;0,0;0,0;0,0;0,0;-0,33;-0,33;-0,01;-0,01;-0,32;-0,32;-0,01;-0,01;-0,02;-0,02;-0,01;-0,01;-0,05;-0,05
14.08.2026;19:45;20:00;0,0;0,0;-0,17;-0,17;-0,03;-0,03;0,0;0,0;-0,04;-0,04;-0,09;-0,09;0,0;0,0;-0,08;-0,08;-0,01;-0,01;0,0;0,0;-0,01;-0,01;0,0;0,0;-0,01;-0,01;0,0;0,0;-0,01;-0,01;-0,01;-0,01;-0,01;-0,01;-0,07;-0,07;-0,01;-0,01;-0,01;-0,01;-0,02;-0,02;-0,21;-0,21;-0,01;-0,01;-0,2;-0,2;0,0;0,0;0,0;0,0;0,0;0,0;-0,04;-0,04
14.08.2026;20:00;20:15;0,0;0,0;-0,34;-0,34;-0,04;-0,04;0,0;0,0;-0,04;-0,04;-0,07;-0,07;-0,01;-0,01;-0,08;-0,08;-0,01;-0,01;0,0;0,0;-0,01;-0,01;0,0;0,0;-0,01;-0,01;0,0;0,0;-0,01;-0,01;0,0;0,0;-0,02;-0,02;-0,05;-0,05;-0,01;-0,01;-0,01;-0,01;-0,08;-0,08;-0,03;-0,03;-0,01;-0,01;-0,19;-0,19;0,0;0,0;-0,02;-0,02;0,0;0,0;-0,04;-0,04
14.08.2026;20:15;20:30;0,01;0,01;-0,19;-0,19;-0,04;-0,04;-0,01;-0,01;-0,03;-0,03;-0,13;-0,13;-0,01;-0,01;-0,08;-0,08;0,0;0,0;0,0;0,0;-0,02;-0,02;0,0;0,0;-0,02;-0,02;-0,01;-0,01;-0,01;-0,01;0,0;0,0;-0,02;-0,02;-0,07;-0,07;-0,01;-0,01;-0,01;-0,01;-0,2;-0,2;-0,04;-0,04;-0,01;-0,01;-0,19;-0,19;0,0;0,0;0,0;0,0;-0,01;-0,01;-0,04;-0,04
14.08.2026;20:30;20:45;0,0;0,0;-0,17;-0,17;-0,06;-0,06;0,0;0,0;-0,04;-0,04;-0,14;-0,14;-0,01;-0,01;-0,08;-0,08;-0,01;-0,01;-0,01;-0,01;-0,01;-0,01;0,0;0,0;-0,01;-0,01;0,0;0,0;-0,01;-0,01;0,0;0,0;-0,03;-0,03;-0,07;-0,07;-0,01;-0,01;0,0;0,0;-0,16;-0,16;-0,03;-0,03;-0,01;-0,01;-0,19;-0,19;0,0;0,0;-0,02;-0,02;-0,01;-0,01;-0,04;-0,04
14.08.2026;20:45;21:00;0,0;0,0;-0,22;-0,22;-0,04;-0,04;0,0;0,0;-0,04;-0,04;-0,15;-0,15;-0,01;-0,01;-0,08;-0,08;-0,01;-0,01;0,0;0,0;0,0;0,0;0,0;0,0;0,0;0,0;0,0;0,0;-0,01;-0,01;0,0;0,0;-0,05;-0,05;-0,06;-0,06;-0,01;-0,01;-0,01;-0,01;-0,14;-0,14;-0,04;-0,04;-0,01;-0,01;-0,18;-0,18;0,0;0,0;0,0;0,0;0,0;0,0;-0,04;-0,04
14.08.2026;21:00;21:15;0,0;0,0;-0,22;-0,22;-0,11;-0,11;0,0;0,0;-0,02;-0,02;-0,11;-0,11;-0,01;-0,01;-0,08;-0,08;0,0;0,0;0,0;0,0;-0,02;-0,02;-0,01;-0,01;-0,01;-0,01;0,0;0,0;-0,02;-0,02;0,0;0,0;-0,05;-0,05;-0,08;-0,08;-0,01;-0,01;-0,01;-0,01;-0,15;-0,15;-0,02;-0,02;0,0;0,0;-0,13;-0,13;0,0;0,0;-0,02;-0,02;0,0;0,0;-0,02;-0,02
14.08.2026;21:15;21:30;0,0;0,0;-0,17;-0,17;-0,09;-0,09;0,0;0,0;-0,01;-0,01;-0,11;-0,11;0,0;0,0;-0,09;-0,09;-0,01;-0,01;0,0;0,0;-0,01;-0,01;0,0;0,0;-0,01;-0,01;0,0;0,0;0,0;0,0;0,0;0,0;-0,14;-0,14;-0,05;-0,05;-0,01;-0,01;0,0;0,0;-0,15;-0,15;-0,04;-0,04;-0,01;-0,01;-0,13;-0,13;0,0;0,0;0,0;0,0;-0,01;-0,01;-0,01;-0,01
14.08.2026;21:30;21:45;0,0;0,0;-0,17;-0,17;-0,06;-0,06;0,0;0,0;-0,01;-0,01;-0,1;-0,1;-0,01;-0,01;-0,06;-0,06;0,0;0,0;0,0;0,0;-0,01;-0,01;0,0;0,0;-0,02;-0,02;0,0;0,0;-0,02;-0,02;0,0;0,0;-0,21;-0,21;-0,05;-0,05;-0,01;-0,01;-0,01;-0,01;-0,24;-0,24;-0,04;-0,04;-0,01;-0,01;-0,11;-0,11;-0,01;-0,01;-0,02;-0,02;0,0;0,0;-0,02;-0,02
14.08.2026;21:45;22:00;0,0;0,0;-0,21;-0,21;-0,05;-0,05;0,0;0,0;-0,02;-0,02;-0,1;-0,1;-0,06;-0,06;-0,05;-0,05;-0,01;-0,01;0,0;0,0;-0,01;-0,01;0,0;0,0;-0,01;-0,01;0,0;0,0;-0,01;-0,01;0,0;0,0;-0,36;-0,36;-0,05;-0,05;0,0;0,0;-0,02;-0,02;-0,19;-0,19;-0,04;-0,04;-0,01;-0,01;-0,12;-0,12;0,0;0,0;0,0;0,0;-0,01;-0,01;-0,03;-0,03
14.08.2026;22:00;22:15;0,0;0,0;-0,2;-0,2;-0,05;-0,05;0,0;0,0;-0,05;-0,05;-0,13;-0,13;-0,05;-0,05;-0,05;-0,05;0,0;0,0;0,0;0,0;-0,01;-0,01;0,0;0,0;0,0;0,0;0,0;0,0;-0,01;-0,01;0,0;0,0;-0,3;-0,3;-0,05;-0,05;-0,02;-0,02;-0,01;-0,01;-0,01;-0,01;-0,01;-0,01;-0,01;-0,01;-0,13;-0,13;0,0;0,0;-0,02;-0,02;0,0;0,0;-0,02;-0,02
14.08.2026;22:15;22:30;0,0;0,0;-0,18;-0,18;-0,06;-0,06;0,0;0,0;-0,05;-0,05;-0,13;-0,13;-0,03;-0,03;-0,08;-0,08;-0,01;-0,01;0,0;0,0;-0,01;-0,01;0,0;0,0;-0,01;-0,01;0,0;0,0;-0,01;-0,01;-0,01;-0,01;-0,27;-0,27;-0,05;-0,05;-0,01;-0,01;-0,01;-0,01;-0,02;-0,02;-0,04;-0,04;-0,02;-0,02;-0,13;-0,13;0,0;0,0;0,0;0,0;0,0;0,0;-0,03;-0,03
14.08.2026;22:30;22:45;0,0;0,0;-0,21;-0,21;-0,07;-0,07;0,0;0,0;-0,05;-0,05;-0,13;-0,13;-0,02;-0,02;-0,06;-0,06;-0,01;-0,01;0,0;0,0;-0,01;-0,01;0,0;0,0;0,0;0,0;0,0;0,0;-0,01;-0,01;0,0;0,0;-0,05;-0,05;-0,04;-0,04;0,0;0,0;0,0;0,0;-0,01;-0,01;-0,09;-0,09;-0,02;-0,02;-0,13;-0,13;0,0;0,0;-0,02;-0,02;-0,01;-0,01;-0,02;-0,02
14.08.2026;22:45;23:00;0,0;0,0;-0,18;-0,18;-0,06;-0,06;0,0;0,0;-0,05;-0,05;-0,14;-0,14;-0,01;-0,01;-0,06;-0,06;-0,01;-0,01;0,0;0,0;-0,01;-0,01;0,0;0,0;-0,02;-0,02;0,0;0,0;-0,02;-0,02;0,0;0,0;-0,05;-0,05;-0,05;-0,05;-0,02;-0,02;-0,01;-0,01;-0,01;-0,01;-0,07;-0,07;-0,03;-0,03;-0,03;-0,03;0,0;0,0;0,0;0,0;-0,01;-0,01;-0,02;-0,02
14.08.2026;23:00;23:15;0,0;0,0;-0,17;-0,17;-0,05;-0,05;0,0;0,0;-0,04;-0,04;-0,14;-0,14;-0,02;-0,02;-0,07;-0,07;0,0;0,0;0,0;0,0;-0,01;-0,01;0,0;0,0;-0,02;-0,02;0,0;0,0;-0,05;-0,05;0,0;0,0;-0,03;-0,03;-0,04;-0,04;0,0;0,0;-0,01;-0,01;-0,02;-0,02;-0,1;-0,1;-0,01;-0,01;-0,02;-0,02;0,0;0,0;-0,02;-0,02;0,0;0,0;-0,03;-0,03
14.08.2026;23:15;23:30;0,0;0,0;-0,16;-0,16;-0,06;-0,06;0,0;0,0;-0,02;-0,02;-0,14;-0,14;-0,01;-0,01;-0,05;-0,05;-0,01;-0,01;0,0;0,0;-0,01;-0,01;0,0;0,0;0,0;0,0;0,0;0,0;-0,08;-0,08;0,0;0,0;-0,03;-0,03;-0,05;-0,05;-0,01;-0,01;-0,01;-0,01;-0,01;-0,01;-0,09;-0,09;-0,03;-0,03;-0,02;-0,02;0,0;0,0;0,0;0,0;0,0;0,0;-0,02;-0,02
14.08.2026;23:30;23:45;0,0;0,0;-0,18;-0,18;-0,06;-0,06;-0,01;-0,01;-0,04;-0,04;-0,14;-0,14;-0,01;-0,01;-0,07;-0,07;-0,01;-0,01;0,0;0,0;-0,01;-0,01;0,0;0,0;-0,01;-0,01;-0,01;-0,01;-0,06;-0,06;0,0;0,0;-0,03;-0,03;-0,04;-0,04;-0,02;-0,02;0,0;0,0;-0,02;-0,02;-0,09;-0,09;-0,12;-0,12;-0,01;-0,01;-0,01;-0,01;-0,02;-0,02;-0,01;-0,01;-0,02;-0,02
14.08.2026;23:45;00:00;0,0;0,0;-0,17;-0,17;-0,03;-0,03;0,0;0,0;-0,04;-0,04;-0,13;-0,13;-0,01;-0,01;-0,07;-0,07;0,0;0,0;0,0;0,0;-0,01;-0,01;0,0;0,0;0,0;0,0;0,0;0,0;-0,08;-0,08;0,0;0,0;-0,03;-0,03;-0,05;-0,05;0,0;0,0;-0,02;-0,02;-0,02;-0,02;-0,12;-0,12;-0,1;-0,1;-0,02;-0,02;0,0;0,0;0,0;0,0;0,0;0,0;-0,03;-0,03
15.08.2026;00:00;00:15;0,0;0,0;-0,16;-0,16;-0,03;-0,03;0,0;0,0;-0,03;-0,03;-0,14;-0,14;-0,01;-0,01;-0,06;-0,06;-0,01;-0,01;0,0;0,0;-0,01;-0,01;0,0;0,0;-0,02;-0,02;0,0;0,0;-0,07;-0,07;0,0;0,0;-0,03;-0,03;-0,05;-0,05;-0,01;-0,01;-0,01;-0,01;0,0;0,0;-0,1;-0,1;-0,1;-0,1;-0,01;-0,01;0,0;0,0;-0,02;-0,02;-0,01;-0,01;-0,01;-0,01
15.08.2026;00:15;00:30;0,0;0,0;-0,16;-0,16;-0,02;-0,02;0,0;0,0;-0,04;-0,04;-0,13;-0,13;-0,01;-0,01;-0,03;-0,03;0,0;0,0;0,0;0,0;-0,01;-0,01;0,0;0,0;-0,01;-0,01;0,0;0,0;-0,07;-0,07;0,0;0,0;-0,01;-0,01;-0,06;-0,06;-0,01;-0,01;-0,01;-0,01;-0,01;-0,01;-0,08;-0,08;-0,06;-0,06;-0,02;-0,02;0,0;0,0;0,0;0,0;0,0;0,0;-0,02;-0,02
15.08.2026;00:30;00:45;0,0;0,0;-0,17;-0,17;-0,04;-0,04;0,0;0,0;-0,03;-0,03;-0,12;-0,12;-0,01;-0,01;-0,02;-0,02;-0,01;-0,01;0,0;0,0;-0,01;-0,01;0,0;0,0;-0,02;-0,02;0,0;0,0;-0,07;-0,07;0,0;0,0;-0,01;-0,01;-0,05;-0,05;-0,01;-0,01;0,0;0,0;-0,02;-0,02;-0,08;-0,08;-0,01;-0,01;-0,01;-0,01;0,0;0,0;-0,02;-0,02;-0,01;-0,01;-0,01;-0,01
15.08.2026;00:45;01:00;0,0;0,0;-0,16;-0,16;-0,03;-0,03;0,0;0,0;0,0;0,0;-0,14;-0,14;-0,01;-0,01;-0,02;-0,02;-0,01;-0,01;0,0;0,0;-0,01;-0,01;0,0;0,0;0,0;0,0;0,0;0,0;-0,08;-0,08;-0,01;-0,01;-0,02;-0,02;-0,07;-0,07;-0,01;-0,01;-0,01;-0,01;0,0;0,0;-0,09;-0,09;-0,01;-0,01;-0,02;-0,02;0,0;0,0;0,0;0,0;0,0;0,0;-0,03;-0,03
15.08.2026;01:00;01:15;0,0;0,0;-0,17;-0,17;-0,03;-0,03;0,0;0,0;-0,02;-0,02;-0,11;-0,11;-0,01;-0,01;-0,02;-0,02;-0,01;-0,01;0,0;0,0;-0,01;-0,01;0,0;0,0;0,0;0,0;0,0;0,0;-0,07;-0,07;0,0;0,0;-0,01;-0,01;-0,06;-0,06;-0,01;-0,01;-0,01;-0,01;-0,01;-0,01;-0,08;-0,08;-0,01;-0,01;-0,01;-0,01;0,0;0,0;-0,02;-0,02;0,0;0,0;-0,02;-0,02
15.08.2026;01:15;01:30;0,0;0,0;-0,18;-0,18;-0,03;-0,03;0,0;0,0;-0,02;-0,02;-0,1;-0,1;-0,01;-0,01;-0,01;-0,01;0,0;0,0;0,0;0,0;-0,02;-0,02;0,0;0,0;-0,01;-0,01;0,0;0,0;-0,06;-0,06;0,0;0,0;-0,01;-0,01;-0,05;-0,05;-0,01;-0,01;0,0;0,0;-0,01;-0,01;-0,09;-0,09;-0,01;-0,01;-0,02;-0,02;0,0;0,0;-0,01;-0,01;-0,01;-0,01;-0,03;-0,03
15.08.2026;01:30;01:45;0,0;0,0;-0,16;-0,16;-0,03;-0,03;0,0;0,0;-0,01;-0,01;-0,11;-0,11;0,0;0,0;-0,01;-0,01;-0,01;-0,01;-0,01;-0,01;0,0;0,0;0,0;0,0;-0,02;-0,02;0,0;0,0;-0,07;-0,07;0,0;0,0;-0,01;-0,01;-0,05;-0,05;-0,01;-0,01;-0,01;-0,01;-0,01;-0,01;-0,08;-0,08;-0,01;-0,01;-0,01;-0,01;-0,01;-0,01;-0,01;-0,01;-0,01;-0,01;-0,02;-0,02
15.08.2026;01:45;02:00;0,0;0,0;-0,16;-0,16;-0,03;-0,03;0,0;0,0;-0,02;-0,02;-0,11;-0,11;-0,01;-0,01;-0,02;-0,02;-0,01;-0,01;0,0;0,0;-0,01;-0,01;0,0;0,0;-0,02;-0,02;0,0;0,0;-0,07;-0,07;0,0;0,0;-0,01;-0,01;-0,04;-0,04;-0,01;-0,01;-0,01;-0,01;-0,01;-0,01;-0,09;-0,09;-0,01;-0,01;-0,02;-0,02;0,0;0,0;-0,01;-0,01;0,0;0,0;-0,02;-0,02
15.08.2026;02:00;02:15;0,0;0,0;-0,16;-0,16;-0,02;-0,02;0,0;0,0;-0,01;-0,01;-0,11;-0,11;-0,01;-0,01;-0,02;-0,02;0,0;0,0;0,0;0,0;-0,01;-0,01;-0,01;-0,01;0,0;0,0;0,0;0,0;-0,06;-0,06;0,0;0,0;-0,03;-0,03;-0,04;-0,04;-0,01;-0,01;-0,01;-0,01;-0,01;-0,01;-0,08;-0,08;-0,01;-0,01;-0,01;-0,01;0,0;0,0;-0,01;-0,01;0,0;0,0;-0,03;-0,03
15.08.2026;02:15;02:30;0,0;0,0;-0,17;-0,17;-0,01;-0,01;0,0;0,0;-0,01;-0,01;-0,1;-0,1;-0,01;-0,01;-0,02;-0,02;-0,01;-0,01;0,0;0,0;-0,01;-0,01;0,0;0,0;0,0;0,0;0,0;0,0;-0,07;-0,07;0,0;0,0;-0,02;-0,02;-0,05;-0,05;-0,01;-0,01;-0,01;-0,01;-0,01;-0,01;-0,07;-0,07;-0,01;-0,01;-0,02;-0,02;0,0;0,0;-0,01;-0,01;-0,01;-0,01;-0,01;-0,01
15.08.2026;02:30;02:45;0,0;0,0;-0,16;-0,16;-0,02;-0,02;0,0;0,0;-0,02;-0,02;-0,1;-0,1;-0,01;-0,01;-0,02;-0,02;-0,01;-0,01;0,0;0,0;-0,01;-0,01;0,0;0,0;-0,01;-0,01;0,0;0,0;-0,07;-0,07;0,0;0,0;-0,03;-0,03;-0,04;-0,04;0,0;0,0;-0,01;-0,01;-0,01;-0,01;-0,08;-0,08;0,0;0,0;-0,01;-0,01;0,0;0,0;-0,01;-0,01;0,0;0,0;-0,02;-0,02
15.08.2026;02:45;03:00;0,0;0,0;-0,19;-0,19;-0,03;-0,03;0,0;0,0;-0,01;-0,01;-0,09;-0,09;-0,01;-0,01;-0,02;-0,02;0,0;0,0;0,0;0,0;-0,01;-0,01;0,0;0,0;-0,01;-0,01;0,0;0,0;-0,06;-0,06;0,0;0,0;-0,02;-0,02;-0,05;-0,05;-0,02;-0,02;0,0;0,0;0,0;0,0;-0,09;-0,09;-0,01;-0,01;-0,02;-0,02;0,0;0,0;-0,01;-0,01;-0,01;-0,01;-0,01;-0,01
15.08.2026;03:00;03:15;0,0;0,0;-0,28;-0,28;-0,02;-0,02;-0,01;-0,01;-0,04;-0,04;-0,12;-0,12;0,0;0,0;-0,02;-0,02;-0,01;-0,01;0,0;0,0;-0,01;-0,01;0,0;0,0;-0,02;-0,02;-0,01;-0,01;-0,07;-0,07;0,0;0,0;-0,03;-0,03;-0,02;-0,02;-0,01;-0,01;-0,01;-0,01;-0,02;-0,02;-0,08;-0,08;-0,01;-0,01;-0,01;-0,01;0,0;0,0;-0,01;-0,01;0,0;0,0;-0,02;-0,02
15.08.2026;03:15;03:30;0,0;0,0;-0,2;-0,2;-0,02;-0,02;0,0;0,0;-0,04;-0,04;-0,12;-0,12;-0,01;-0,01;-0,01;-0,01;0,0;0,0;0,0;0,0;-0,01;-0,01;0,0;0,0;-0,01;-0,01;0,0;0,0;-0,06;-0,06;-0,01;-0,01;-0,02;-0,02;-0,01;-0,01;0,0;0,0;-0,01;-0,01;-0,01;-0,01;-0,06;-0,06;-0,01;-0,01;-0,02;-0,02;0,0;0,0;-0,01;-0,01;0,0;0,0;-0,03;-0,03
15.08.2026;03:30;03:45;0,0;0,0;-0,17;-0,17;-0,02;-0,02;0,0;0,0;-0,02;-0,02;-0,12;-0,12;-0,01;-0,01;-0,02;-0,02;-0,01;-0,01;0,0;0,0;-0,01;-0,01;0,0;0,0;0,0;0,0;0,0;0,0;-0,07;-0,07;0,0;0,0;-0,02;-0,02;-0,01;-0,01;-0,02;-0,02;0,0;0,0;0,0;0,0;-0,02;-0,02;-0,01;-0,01;-0,01;-0,01;-0,01;-0,01;-0,01;-0,01;-0,01;-0,01;-0,02;-0,02
15.08.2026;03:45;04:00;0,0;0,0;-0,17;-0,17;-0,02;-0,02;0,0;0,0;-0,02;-0,02;-0,11;-0,11;-0,01;-0,01;-0,02;-0,02;-0,01;-0,01;0,0;0,0;-0,01;-0,01;0,0;0,0;-0,01;-0,01;0,0;0,0;-0,06;-0,06;0,0;0,0;-0,03;-0,03;-0,01;-0,01;0,0;0,0;-0,01;-0,01;-0,02;-0,02;-0,01;-0,01;-0,01;-0,01;-0,02;-0,02;0,0;0,0;-0,01;-0,01;-0,01;-0,01;-0,02;-0,02
15.08.2026;04:00;04:15;0,0;0,0;-0,18;-0,18;-0,03;-0,03;0,0;0,0;-0,02;-0,02;-0,09;-0,09;-0,01;-0,01;-0,02;-0,02;-0,01;-0,01;0,0;0,0;-0,01;-0,01;0,0;0,0;0,0;0,0;0,0;0,0;-0,03;-0,03;0,0;0,0;-0,02;-0,02;-0,02;-0,02;-0,01;-0,01;-0,01;-0,01;0,0;0,0;-0,01;-0,01;-0,01;-0,01;-0,01;-0,01;0,0;0,0;-0,01;-0,01;0,0;0,0;-0,03;-0,03
15.08.2026;04:15;04:30;0,0;0,0;-0,19;-0,19;-0,02;-0,02;0,0;0,0;-0,02;-0,02;-0,11;-0,11;-0,01;-0,01;-0,02;-0,02;0,0;0,0;0,0;0,0;-0,01;-0,01;0,0;0,0;-0,02;-0,02;0,0;0,0;-0,03;-0,03;0,0;0,0;-0,02;-0,02;-0,03;-0,03;-0,02;-0,02;-0,01;-0,01;-0,01;-0,01;-0,01;-0,01;-0,01;-0,01;-0,01;-0,01;0,0;0,0;-0,01;-0,01;0,0;0,0;-0,01;-0,01
15.08.2026;04:30;04:45;0,0;0,0;-0,16;-0,16;-0,02;-0,02;0,0;0,0;-0,01;-0,01;-0,03;-0,03;0,0;0,0;-0,02;-0,02;-0,01;-0,01;0,0;0,0;-0,01;-0,01;0,0;0,0;-0,02;-0,02;0,0;0,0;-0,02;-0,02;0,0;0,0;-0,02;-0,02;-0,02;-0,02;0,0;0,0;-0,01;-0,01;-0,01;-0,01;-0,01;-0,01;0,0;0,0;-0,02;-0,02;0,0;0,0;-0,01;-0,01;-0,01;-0,01;-0,02;-0,02
15.08.2026;04:45;05:00;0,0;0,0;-0,17;-0,17;-0,02;-0,02;0,0;0,0;-0,01;-0,01;-0,01;-0,01;-0,01;-0,01;-0,01;-0,01;-0,01;-0,01;0,0;0,0;-0,01;-0,01;0,0;0,0;-0,01;-0,01;0,0;0,0;-0,01;-0,01;0,0;0,0;-0,01;-0,01;-0,02;-0,02;-0,01;-0,01;-0,01;-0,01;-0,01;-0,01;-0,02;-0,02;-0,01;-0,01;-0,01;-0,01;0,0;0,0;0,0;0,0;-0,01;-0,01;-0,01;-0,01
15.08.2026;05:00;05:15;0,0;0,0;-0,16;-0,16;-0,03;-0,03;0,0;0,0;-0,01;-0,01;-0,01;-0,01;-0,02;-0,02;-0,01;-0,01;0,0;0,0;0,0;0,0;-0,01;-0,01;0,0;0,0;0,0;0,0;0,0;0,0;-0,02;-0,02;0,0;0,0;-0,02;-0,02;-0,03;-0,03;-0,01;-0,01;-0,01;-0,01;-0,01;-0,01;-0,01;-0,01;-0,01;-0,01;-0,02;-0,02;0,0;0,0;-0,02;-0,02;0,0;0,0;-0,02;-0,02
15.08.2026;05:15;05:30;0,0;0,0;-0,17;-0,17;-0,03;-0,03;0,0;0,0;-0,02;-0,02;-0,01;-0,01;0,0;0,0;-0,02;-0,02;-0,01;-0,01;0,0;0,0;-0,01;-0,01;0,0;0,0;0,0;0,0;0,0;0,0;-0,01;-0,01;0,0;0,0;-0,01;-0,01;-0,02;-0,02;-0,01;-0,01;0,0;0,0;-0,01;-0,01;-0,01;-0,01;-0,01;-0,01;-0,01;-0,01;0,0;0,0;0,0;0,0;0,0;0,0;-0,03;-0,03
15.08.2026;05:30;05:45;0,0;0,0;-0,16;-0,16;-0,01;-0,01;0,0;0,0;-0,01;-0,01;-0,01;-0,01;-0,01;-0,01;-0,02;-0,02;0,0;0,0;0,0;0,0;-0,01;-0,01;0,0;0,0;-0,01;-0,01;0,0;0,0;-0,02;-0,02;0,0;0,0;-0,01;-0,01;-0,02;-0,02;-0,01;-0,01;-0,01;-0,01;0,0;0,0;-0,01;-0,01;-0,01;-0,01;-0,02;-0,02;-0,01;-0,01;-0,02;-0,02;-0,01;-0,01;-0,02;-0,02
15.08.2026;05:45;06:00;0,0;0,0;-0,16;-0,16;-0,02;-0,02;0,0;0,0;-0,01;-0,01;-0,01;-0,01;-0,01;-0,01;-0,02;-0,02;-0,01;-0,01;0,0;0,0;0,0;0,0;0,0;0,0;-0,02;-0,02;0,0;0,0;-0,01;-0,01;-0,01;-0,01;-0,01;-0,01;-0,01;-0,01;-0,01;-0,01;-0,01;-0,01;-0,02;-0,02;-0,01;-0,01;-0,01;-0,01;-0,01;-0,01;0,0;0,0;0,0;0,0;0,0;0,0;-0,03;-0,03
15.08.2026;06:00;06:15;0,01;0,01;-0,17;-0,17;-0,03;-0,03;0,0;0,0;-0,01;-0,01;-0,01;-0,01;-0,01;-0,01;-0,01;-0,01;-0,01;-0,01;0,0;0,0;-0,02;-0,02;0,0;0,0;-0,02;-0,02;0,0;0,0;-0,01;-0,01;0,0;0,0;-0,01;-0,01;-0,02;-0,02;-0,01;-0,01;0,0;0,0;-0,01;-0,01;-0,02;-0,02;-0,01;-0,01;-0,01;-0,01;0,0;0,0;-0,02;-0,02;-0,01;-0,01;-0,02;-0,02
15.08.2026;06:15;06:30;0,03;0,03;-0,17;-0,17;-0,19;-0,19;-0,01;-0,01;-0,01;-0,01;-0,01;-0,01;-0,01;-0,01;-0,02;-0,02;-0,01;-0,01;0,0;0,0;-0,01;-0,01;0,0;0,0;0,0;0,0;-0,01;-0,01;-0,01;-0,01;0,0;0,0;-0,02;-0,02;-0,04;-0,04;-0,01;-0,01;-0,01;-0,01;0,0;0,0;-0,01;-0,01;-0,01;-0,01;-0,02;-0,02;0,0;0,0;0,0;0,0;0,0;0,0;-0,02;-0,02
15.08.2026;06:30;06:45;0,05;0,05;-0,16;-0,16;-0,02;-0,02;0,0;0,0;-0,02;-0,02;-0,01;-0,01;-0,01;-0,01;-0,02;-0,02;0,0;0,0;-0,01;-0,01;0,0;0,0;0,0;0,0;0,0;0,0;0,0;0,0;-0,01;-0,01;0,0;0,0;-0,02;-0,02;-0,04;-0,04;-0,01;-0,01;-0,01;-0,01;-0,02;-0,02;-0,01;-0,01;0,0;0,0;-0,01;-0,01;0,0;0,0;-0,01;-0,01;-0,01;-0,01;-0,01;-0,01
15.08.2026;06:45;07:00;0,12;0,11;-0,19;-0,18;-0,02;-0,02;0,0;0,0;-0,01;-0,01;-0,01;-0,01;0,0;0,0;-0,02;-0,02;-0,01;-0,01;0,0;0,0;-0,01;-0,01;0,0;0,0;-0,01;-0,01;0,0;0,0;-0,01;-0,01;0,0;0,0;-0,03;-0,03;-0,09;-0,09;-0,01;-0,01;-0,02;-0,02;0,0;0,0;-0,01;-0,01;-0,01;-0,01;-0,02;-0,02;0,0;0,0;-0,01;-0,01;0,0;0,0;-0,04;-0,04
15.08.2026;07:00;07:15;0,18;0,13;-0,29;-0,24;-0,03;-0,03;0,0;0,0;-0,01;-0,01;-0,01;-0,01;-0,01;-0,01;-0,02;-0,02;-0,01;-0,01;0,0;0,0;-0,01;-0,01;-0,01;-0,01;-0,01;-0,01;0,0;0,0;-0,02;-0,02;0,0;0,0;-0,02;-0,02;-0,12;-0,12;-0,01;-0,01;0,0;0,0;-0,01;-0,01;-0,01;-0,01;-0,01;-0,01;-0,01;-0,01;0,0;0,0;-0,01;-0,01;0,0;0,0;-0,17;-0,17
15.08.2026;07:15;07:30;0,24;0,18;-0,31;-0,25;-0,02;-0,02;0,0;0,0;-0,04;-0,04;-0,01;-0,01;-0,01;-0,01;-0,02;-0,02;0,0;0,0;0,0;0,0;-0,01;-0,01;0,0;0,0;-0,02;-0,02;0,0;0,0;0,0;0,0;0,0;0,0;-0,02;-0,02;-0,49;-0,49;-0,01;-0,01;-0,01;-0,01;-0,01;-0,01;-0,01;-0,01;-0,01;-0,01;-0,02;-0,02;0,0;0,0;-0,01;-0,01;-0,01;-0,01;-0,05;-0,05
15.08.2026;07:30;07:45;0,34;0,11;-0,21;-0,18;-0,02;-0,01;0,0;0,0;-0,04;-0,03;-0,01;0,0;-0,01;0,0;-0,02;-0,01;-0,01;0,0;0,0;0,0;-0,01;0,0;0,0;0,0;-0,01;0,0;0,0;0,0;-0,02;-0,01;0,0;0,0;-0,03;-0,02;-0,15;-0,14;-0,01;0,0;0,0;0,0;-0,01;0,0;-0,01;0,0;-0,01;0,0;-0,01;0,0;-0,01;0,0;-0,01;0,0;-0,01;0,0;-0,13;-0,12
15.08.2026;07:45;08:00;0,49;0,17;-0,25;-0,16;-0,02;0,0;0,0;0,0;-0,04;-0,02;0,0;0,0;0,0;0,0;-0,01;0,0;-0,01;0,0;0,0;0,0;-0,01;0,0;0,0;0,0;0,0;0,0;0,0;0,0;-0,01;0,0;0,0;0,0;-0,02;0,0;-0,08;-0,06;-0,01;0,0;-0,02;0,0;-0,01;0,0;-0,01;0,0;-0,01;0,0;-0,02;0,0;0,0;0,0;-0,01;0,0;0,0;0,0;-0,02;0,0
15.08.2026;08:00;08:15;0,34;0,11;-0,19;-0,12;-0,02;-0,01;0,0;0,0;-0,12;-0,11;-0,01;0,0;-0,01;0,0;-0,02;-0,01;0,0;0,0;0,0;0,0;-0,01;0,0;0,0;0,0;-0,01;0,0;0,0;0,0;-0,01;0,0;0,0;0,0;-0,03;-0,02;-0,08;-0,07;0,0;0,0;0,0;0,0;-0,02;-0,01;-0,01;0,0;-0,01;0,0;-0,01;0,0;0,0;0,0;-0,01;0,0;0,0;0,0;-0,02;-0,01
15.08.2026;08:15;08:30;0,0;0,0;-0,19;-0,19;-0,03;-0,03;0,0;0,0;-0,03;-0,03;-0,02;-0,02;-0,01;-0,01;-0,06;-0,06;-0,01;-0,01;0,0;0,0;-0,01;-0,01;0,0;0,0;-0,01;-0,01;0,0;0,0;-0,01;-0,01;-0,01;-0,01;-0,02;-0,02;-0,09;-0,09;-0,02;-0,02;0,0;0,0;-0,15;-0,15;-0,02;-0,02;-0,01;-0,01;-0,03;-0,03;0,0;0,0;-0,01;-0,01;-0,01;-0,01;-0,03;-0,03
15.08.2026;08:30;08:45;0,0;0,0;-0,19;-0,19;-0,09;-0,09;0,0;0,0;-0,05;-0,05;0,0;0,0;-0,01;-0,01;-0,06;-0,06;0,0;0,0;0,0;0,0;0,0;0,0;0,0;0,0;-0,02;-0,02;0,0;0,0;-0,01;-0,01;0,0;0,0;-0,02;-0,02;-0,09;-0,09;0,0;0,0;-0,01;-0,01;-0,14;-0,14;-0,01;-0,01;-0,01;-0,01;-0,08;-0,08;0,0;0,0;-0,01;-0,01;0,0;0,0;-0,03;-0,03
15.08.2026;08:45;09:00;0,45;0,17;-0,17;-0,09;-0,3;-0,29;0,0;0,0;-0,06;-0,05;-0,01;0,0;-0,01;0,0;-0,06;-0,05;-0,01;0,0;0,0;0,0;-0,02;-0,01;0,0;0,0;-0,01;0,0;0,0;0,0;-0,01;0,0;0,0;0,0;-0,02;-0,01;-0,07;-0,06;-0,01;0,0;-0,01;0,0;-0,09;-0,08;-0,01;0,0;-0,01;0,0;-0,05;-0,04;0,0;0,0;-0,01;0,0;-0,01;0,0;-0,02;-0,01
15.08.2026;09:00;09:15;1,06;0,4;-0,19;0,0;-0,05;0,0;0,0;0,0;-0,04;0,0;-0,01;0,0;-0,01;0,0;-0,06;0,0;-0,01;0,0;0,0;0,0;-0,01;0,0;0,0;0,0;0,0;0,0;0,0;0,0;-0,03;0,0;0,0;0,0;-0,01;0,0;-0,07;0,0;-0,02;0,0;-0,02;0,0;-0,12;-0,04;-0,01;0,0;-0,01;0,0;-0,01;0,0;0,0;0,0;-0,01;0,0;0,0;0,0;-0,01;0,0
15.08.2026;09:15;09:30;1,13;0,39;-0,36;-0,08;-0,04;0,0;0,0;0,0;-0,04;0,0;-0,01;0,0;-0,01;0,0;-0,05;0,0;-0,01;0,0;0,0;0,0;0,0;0,0;0,0;0,0;-0,01;0,0;0,0;0,0;-0,01;0,0;0,0;0,0;-0,02;0,0;-0,03;0,0;0,0;0,0;-0,01;0,0;-0,09;-0,01;-0,01;0,0;-0,1;-0,02;-0,03;0,0;0,0;0,0;-0,01;0,0;0,0;0,0;-0,01;0,0
15.08.2026;09:30;09:45;1,28;0,54;-0,24;0,0;-0,06;0,0;-0,01;0,0;-0,04;0,0;-0,01;0,0;-0,01;0,0;-0,06;0,0;0,0;0,0;0,0;0,0;-0,01;0,0;0,0;0,0;0,0;0,0;-0,01;0,0;-0,02;0,0;0,0;0,0;-0,01;0,0;-0,02;0,0;-0,01;0,0;0,0;0,0;0,0;0,0;-0,01;0,0;-0,06;0,0;-0,36;-0,25;-0,01;0,0;-0,01;0,0;-0,01;0,0;-0,02;0,0
15.08.2026;09:45;10:00;1,36;0,71;-0,21;0,0;-0,03;0,0;0,0;0,0;-0,06;0,0;-0,01;0,0;-0,01;0,0;-0,05;0,0;-0,01;0,0;0,0;0,0;-0,01;0,0;0,0;0,0;-0,02;0,0;0,0;0,0;-0,02;0,0;0,0;0,0;-0,01;0,0;-0,02;0,0;-0,01;0,0;0,0;0,0;-0,01;0,0;-0,02;0,0;0,0;0,0;-0,11;0,0;0,0;0,0;-0,01;0,0;-0,01;0,0;-0,02;0,0
15.08.2026;10:00;10:15;1,45;0,68;-0,2;0,0;-0,02;0,0;0,0;0,0;-0,03;0,0;0,0;0,0;-0,01;0,0;-0,06;0,0;-0,01;0,0;0,0;0,0;-0,02;0,0;0,0;0,0;-0,02;0,0;0,0;0,0;-0,02;0,0;0,0;0,0;-0,01;0,0;-0,03;0,0;-0,01;0,0;-0,02;0,0;-0,01;0,0;-0,11;0,0;-0,01;0,0;-0,14;0,0;0,0;0,0;-0,01;0,0;0,0;0,0;-0,03;0,0
15.08.2026;10:15;10:30;1,53;0,83;-0,18;0,0;-0,01;0,0;0,0;0,0;-0,02;0,0;-0,01;0,0;-0,01;0,0;-0,05;0,0;-0,02;0,0;0,0;0,0;0,0;0,0;0,0;0,0;0,0;0,0;0,0;0,0;-0,03;0,0;0,0;0,0;-0,02;0,0;-0,02;0,0;-0,01;0,0;0,0;0,0;0,0;0,0;-0,23;-0,06;-0,01;0,0;-0,11;0,0;0,0;0,0;-0,01;0,0;0,0;0,0;-0,02;0,0
15.08.2026;10:30;10:45;1,61;0,87;-0,19;0,0;-0,02;0,0;0,0;0,0;-0,03;0,0;-0,02;0,0;-0,08;0,0;-0,06;0,0;-0,01;0,0;0,0;0,0;-0,01;0,0;0,0;0,0;-0,01;0,0;0,0;0,0;-0,01;0,0;0,0;0,0;-0,01;0,0;-0,02;0,0;-0,01;0,0;-0,01;0,0;-0,02;0,0;-0,04;0,0;-0,01;0,0;-0,14;0,0;0,0;0,0;-0,01;0,0;-0,01;0,0;-0,02;0,0
15.08.2026;10:45;11:00;1,66;0,87;-0,17;0,0;-0,03;0,0;0,0;0,0;-0,02;0,0;0,0;0,0;-0,28;-0,1;-0,07;0,0;-0,01;0,0;0,0;0,0;-0,01;0,0;0,0;0,0;0,0;0,0;0,0;0,0;-0,02;0,0;-0,01;0,0;-0,02;0,0;-0,02;0,0;-0,01;0,0;0,0;0,0;0,0;0,0;-0,03;0,0;-0,01;0,0;-0,15;0,0;0,0;0,0;-0,01;0,0;0,0;0,0;-0,02;0,0
15.08.2026;11:00;11:15;1,7;0,87;-0,18;0,0;-0,02;0,0;0,0;0,0;-0,01;0,0;-0,01;0,0;-0,13;0,0;-0,09;0,0;-0,01;0,0;0,0;0,0;-0,01;0,0;0,0;0,0;-0,02;0,0;0,0;0,0;-0,01;0,0;0,0;0,0;-0,03;0,0;-0,01;0,0;-0,01;0,0;-0,02;0,0;-0,01;0,0;-0,06;0,0;-0,01;0,0;-0,14;0,0;0,0;0,0;-0,02;0,0;-0,01;0,0;-0,02;0,0
15.08.2026;11:15;11:30;1,74;0,86;-0,19;0,0;-0,01;0,0;0,0;0,0;-0,02;0,0;-0,01;0,0;-0,51;-0,33;-0,08;0,0;-0,01;0,0;0,0;0,0;-0,01;0,0;0,0;0,0;-0,01;0,0;0,0;0,0;-0,02;0,0;0,0;0,0;-0,02;0,0;-0,02;0,0;-0,01;0,0;-0,01;0,0;-0,02;0,0;-0,04;0,0;-0,01;0,0;-0,14;0,0;0,0;0,0;-0,04;0,0;0,0;0,0;-0,03;0,0
15.08.2026;11:30;11:45;1,75;0,91;-0,19;0,0;-0,02;0,0;0,0;0,0;-0,01;0,0;-0,01;0,0;-0,35;-0,16;-0,08;0,0;-0,01;0,0;-0,01;0,0;-0,01;0,0;0,0;0,0;-0,01;0,0;0,0;0,0;-0,01;0,0;0,0;0,0;-0,03;0,0;-0,01;0,0;-0,01;0,0;-0,01;0,0;-0,01;0,0;-0,03;0,0;-0,01;0,0;-0,12;0,0;-0,01;0,0;-0,02;0,0;-0,01;0,0;-0,02;0,0
15.08.2026;11:45;12:00;1,8;1,13;-0,26;0,0;-0,03;0,0;0,0;0,0;0,0;0,0;-0,01;0,0;-0,04;0,0;-0,09;0,0;-0,01;0,0;0,0;0,0;-0,01;0,0;0,0;0,0;-0,01;0,0;0,0;0,0;-0,01;0,0;0,0;0,0;-0,02;0,0;-0,01;0,0;-0,01;0,0;0,0;0,0;-0,01;0,0;-0,03;0,0;0,0;0,0;-0,08;0,0;0,0;0,0;-0,01;0,0;0,0;0,0;-0,03;0,0
15.08.2026;12:00;12:15;0,96;0,41;-0,16;0,0;-0,02;0,0;0,0;0,0;-0,02;0,0;-0,01;0,0;-0,04;0,0;-0,09;-0,02;0,0;0,0;0,0;0,0;-0,01;0,0;-0,01;0,0;0,0;0,0;0,0;0,0;-0,04;0,0;0,0;0,0;-0,03;0,0;-0,02;0,0;-0,01;0,0;-0,01;0,0;-0,01;0,0;-0,02;0,0;-0,01;0,0;-0,02;0,0;0,0;0,0;-0,01;0,0;-0,01;0,0;-0,02;0,0
15.08.2026;12:15;12:30;0,01;0,01;-0,18;-0,18;-0,02;-0,02;0,0;0,0;-0,01;-0,01;-0,09;-0,09;-0,14;-0,14;-0,61;-0,61;-0,01;-0,01;0,0;0,0;-0,01;-0,01;0,0;0,0;-0,01;-0,01;0,0;0,0;-0,06;-0,06;0,0;0,0;-0,02;-0,02;-0,03;-0,03;-0,01;-0,01;-0,01;-0,01;0,0;0,0;-0,03;-0,03;-0,01;-0,01;-0,02;-0,02;0,0;0,0;-0,02;-0,02;0,0;0,0;-0,02;-0,02
15.08.2026;12:30;12:45;0,11;0,11;-0,18;-0,18;-0,01;-0,01;0,0;0,0;-0,02;-0,02;-0,09;-0,09;-0,02;-0,02;-0,4;-0,4;-0,01;-0,01;0,0;0,0;-0,01;-0,01;0,0;0,0;-0,02;-0,02;0,0;0,0;-0,07;-0,07;0,0;0,0;-0,02;-0,02;-0,02;-0,02;-0,01;-0,01;-0,01;-0,01;-0,02;-0,02;-0,03;-0,03;-0,01;-0,01;-0,02;-0,02;0,0;0,0;0,0;0,0;-0,01;-0,01;-0,02;-0,02
15.08.2026;12:45;13:00;1,43;0,63;-0,2;0,0;-0,02;0,0;0,0;0,0;-0,01;0,0;-0,08;0,0;-0,01;0,0;-0,12;0,0;0,0;0,0;0,0;0,0;-0,01;0,0;0,0;0,0;-0,01;0,0;0,0;0,0;-0,07;0,0;0,0;0,0;-0,03;0,0;-0,29;-0,15;0,0;0,0;0,0;0,0;0,0;0,0;-0,02;0,0;-0,01;0,0;-0,03;0,0;0,0;0,0;-0,02;0,0;0,0;0,0;-0,02;0,0
15.08.2026;13:00;13:15;1,8;0,79;-0,32;0,0;-0,03;0,0;-0,01;0,0;-0,01;0,0;-0,07;0,0;-0,01;0,0;-0,09;0,0;-0,01;0,0;0,0;0,0;-0,01;0,0;0,0;0,0;-0,01;0,0;-0,01;0,0;-0,06;0,0;0,0;0,0;-0,04;0,0;-0,43;-0,27;-0,02;0,0;0,0;0,0;-0,01;0,0;-0,02;0,0;-0,01;0,0;-0,08;0,0;0,0;0,0;0,0;0,0;0,0;0,0;-0,03;0,0
15.08.2026;13:15;13:30;1,78;0,75;-0,29;0,0;-0,02;0,0;0,0;0,0;0,0;0,0;-0,06;0,0;-0,01;0,0;-0,09;0,0;-0,01;0,0;0,0;0,0;-0,01;0,0;0,0;0,0;0,0;0,0;0,0;0,0;-0,13;0,0;-0,01;0,0;-0,03;0,0;-0,1;0,0;-0,01;0,0;-0,02;0,0;-0,01;0,0;-0,01;0,0;-0,01;0,0;-0,18;-0,02;0,0;0,0;-0,02;0,0;-0,01;0,0;-0,02;0,0
15.08.2026;13:30;13:45;1,78;1,0;-0,19;0,0;-0,01;0,0;0,0;0,0;-0,02;0,0;-0,03;0,0;-0,02;0,0;-0,1;0,0;-0,01;0,0;0,0;0,0;0,0;0,0;0,0;0,0;-0,01;0,0;0,0;0,0;-0,07;0,0;0,0;0,0;-0,02;0,0;-0,04;0,0;0,0;0,0;-0,01;0,0;-0,01;0,0;-0,02;0,0;0,0;0,0;-0,33;-0,14;-0,01;0,0;0,0;0,0;-0,01;0,0;-0,01;0,0
15.08.2026;13:45;14:00;1,76;0,97;-0,16;0,0;-0,02;0,0;0,0;0,0;-0,01;0,0;-0,05;0,0;0,0;0,0;-0,09;0,0;-0,01;0,0;0,0;0,0;-0,02;0,0;0,0;0,0;-0,02;0,0;0,0;0,0;-0,07;0,0;0,0;0,0;-0,01;0,0;-0,05;0,0;-0,02;0,0;-0,01;0,0;-0,01;0,0;-0,02;0,0;-0,01;0,0;-0,32;-0,14;0,0;0,0;-0,02;0,0;0,0;0,0;-0,01;0,0
15.08.2026;14:00;14:15;1,71;0,92;-0,21;0,0;-0,03;0,0;0,0;0,0;-0,02;0,0;-0,04;0,0;-0,01;0,0;-0,1;0,0;0,0;0,0;0,0;0,0;-0,01;0,0;0,0;0,0;-0,01;0,0;0,0;0,0;-0,05;0,0;0,0;0,0;-0,02;0,0;-0,04;0,0;0,0;0,0;-0,01;0,0;-0,01;0,0;-0,02;0,0;-0,01;0,0;-0,3;-0,12;0,0;0,0;0,0;0,0;0,0;0,0;-0,02;0,0
15.08.2026;14:15;14:30;1,67;0,83;-0,29;0,0;-0,02;0,0;0,0;0,0;-0,01;0,0;-0,05;0,0;-0,01;0,0;-0,09;0,0;-0,01;0,0;0,0;0,0;-0,01;0,0;0,0;0,0;-0,01;0,0;0,0;0,0;-0,02;0,0;0,0;0,0;-0,03;0,0;-0,05;0,0;-0,01;0,0;0,0;0,0;0,0;0,0;-0,02;0,0;-0,01;0,0;-0,15;0,0;0,0;0,0;-0,02;0,0;-0,01;0,0;-0,02;0,0
15.08.2026;14:30;14:45;1,62;0,89;-0,23;0,0;-0,01;0,0;0,0;0,0;-0,01;0,0;-0,03;0,0;-0,01;0,0;-0,1;0,0;-0,01;0,0;0,0;0,0;0,0;0,0;0,0;0,0;0,0;0,0;0,0;0,0;-0,02;0,0;0,0;0,0;-0,03;0,0;-0,03;0,0;-0,02;0,0;-0,01;0,0;-0,02;0,0;-0,03;0,0;-0,01;0,0;-0,13;0,0;0,0;0,0;-0,01;0,0;0,0;0,0;-0,02;0,0
15.08.2026;14:45;15:00;1,56;0,85;-0,19;0,0;-0,02;0,0;0,0;0,0;0,0;0,0;-0,05;0,0;-0,01;0,0;-0,09;0,0;0,0;0,0;0,0;0,0;-0,01;0,0;0,0;0,0;-0,01;0,0;0,0;0,0;-0,02;0,0;0,0;0,0;-0,04;0,0;-0,02;0,0;0,0;0,0;-0,01;0,0;0,0;0,0;-0,05;0,0;-0,01;0,0;-0,13;0,0;0,0;0,0;-0,01;0,0;-0,01;0,0;-0,03;0,0
15.08.2026;15:00;15:15;1,5;0,63;-0,24;0,0;-0,02;0,0;0,0;0,0;-0,02;0,0;-0,05;0,0;-0,01;0,0;-0,1;0,0;-0,01;0,0;0,0;0,0;-0,02;0,0;0,0;0,0;-0,01;0,0;0,0;0,0;-0,01;0,0;0,0;0,0;-0,14;0,0;-0,02;0,0;-0,01;0,0;0,0;0,0;-0,01;0,0;-0,02;0,0;-0,01;0,0;-0,14;0,0;0,0;0,0;-0,01;0,0;0,0;0,0;-0,02;0,0
15.08.2026;15:15;15:30;1,43;0,63;-0,17;0,0;-0,03;0,0;0,0;0,0;-0,01;0,0;-0,08;0,0;-0,01;0,0;-0,09;0,0;-0,01;0,0;0,0;0,0;-0,01;0,0;0,0;0,0;-0,02;0,0;0,0;0,0;-0,02;0,0;0,0;0,0;-0,31;-0,17;-0,02;0,0;-0,01;0,0;-0,01;0,0;-0,01;0,0;-0,02;0,0;-0,01;0,0;-0,1;0,0;0,0;0,0;-0,01;0,0;0,0;0,0;-0,02;0,0
15.08.2026;15:30;15:45;1,33;0,35;-0,23;0,0;-0,02;0,0;0,0;0,0;-0,02;0,0;-0,08;0,0;-0,13;-0,03;-0,1;0,0;-0,01;0,0;0,0;0,0;0,0;0,0;0,0;0,0;-0,01;0,0;0,0;0,0;-0,03;0,0;0,0;0,0;-0,25;-0,15;-0,02;0,0;-0,01;0,0;-0,01;0,0;-0,01;0,0;-0,08;0,0;0,0;0,0;-0,11;-0,01;-0,01;0,0;-0,01;0,0;-0,01;0,0;-0,02;0,0
15.08.2026;15:45;16:00;0,22;0,17;-0,18;-0,13;-0,01;-0,01;0,0;0,0;-0,01;-0,01;-0,06;-0,06;-0,46;-0,46;-0,09;-0,09;-0,01;-0,01;0,0;0,0;-0,03;-0,03;0,0;0,0;0,0;0,0;0,0;0,0;-0,03;-0,03;-0,01;-0,01;-0,05;-0,05;-0,02;-0,02;-0,01;-0,01;-0,01;-0,01;-0,01;-0,01;-0,03;-0,03;-0,01;-0,01;-0,13;-0,13;0,0;0,0;-0,01;-0,01;-0,01;-0,01;-0,02;-0,02
15.08.2026;16:00;16:15;0,0;0,0;-0,17;-0,17;-0,02;-0,02;0,0;0,0;0,0;0,0;-0,06;-0,06;-0,24;-0,24;-0,09;-0,09;-0,01;-0,01;0,0;0,0;-0,01;-0,01;0,0;0,0;-0,01;-0,01;0,0;0,0;-0,03;-0,03;0,0;0,0;-0,04;-0,04;-0,03;-0,03;-0,01;-0,01;-0,01;-0,01;-0,01;-0,01;-0,02;-0,02;-0,01;-0,01;-0,14;-0,14;0,0;0,0;-0,01;-0,01;0,0;0,0;-0,03;-0,03
15.08.2026;16:15;16:30;0,0;0,0;-0,24;-0,24;-0,03;-0,03;-0,01;-0,01;-0,01;-0,01;-0,09;-0,09;-0,32;-0,32;-0,08;-0,08;-0,01;-0,01;0,0;0,0;-0,02;-0,02;0,0;0,0;-0,01;-0,01;-0,01;-0,01;-0,03;-0,03;0,0;0,0;-0,04;-0,04;-0,04;-0,04;-0,01;-0,01;-0,01;-0,01;0,0;0,0;-0,04;-0,04;-0,01;-0,01;-0,04;-0,04;0,0;0,0;-0,01;-0,01;0,0;0,0;-0,02;-0,02
15.08.2026;16:30;16:45;0,86;0,21;-0,37;-0,22;-0,01;0,0;0,0;0,0;-0,02;0,0;-0,12;-0,07;-0,14;-0,09;-0,11;-0,06;-0,01;0,0;-0,01;0,0;0,0;0,0;0,0;0,0;-0,02;0,0;-0,01;0,0;-0,03;0,0;0,0;0,0;-0,04;0,0;-0,03;0,0;-0,01;0,0;-0,01;0,0;-0,02;0,0;-0,21;-0,16;-0,01;0,0;-0,01;0,0;0,0;0,0;-0,01;0,0;-0,01;0,0;-0,04;0,0
15.08.2026;16:45;17:00;0,88;0,24;-0,24;-0,06;-0,02;0,0;0,0;0,0;-0,01;0,0;-0,09;-0,04;-0,04;0,0;-0,1;-0,05;0,0;0,0;0,0;0,0;-0,01;0,0;0,0;0,0;-0,01;0,0;0,0;0,0;-0,02;0,0;0,0;0,0;-0,05;0,0;-0,04;0,0;-0,01;0,0;0,0;0,0;0,0;0,0;-0,07;-0,02;-0,01;0,0;-0,03;0,0;0,0;0,0;-0,01;0,0;-0,01;0,0;-0,04;0,0
15.08.2026;17:00;17:15;0,79;0,2;-0,15;-0,01;-0,02;0,0;0,0;0,0;-0,01;0,0;-0,13;-0,09;-0,04;0,0;-0,11;-0,07;-0,01;0,0;0,0;0,0;-0,01;0,0;-0,01;0,0;0,0;0,0;0,0;0,0;-0,03;0,0;0,0;0,0;-0,04;0,0;-0,04;0,0;-0,01;0,0;-0,01;0,0;-0,01;0,0;-0,03;0,0;-0,01;0,0;-0,04;0,0;0,0;0,0;-0,01;0,0;0,0;0,0;-0,05;-0,01
15.08.2026;17:15;17:30;0,68;0,19;-0,24;-0,13;-0,03;0,0;0,0;0,0;-0,01;0,0;-0,12;-0,09;-0,04;-0,01;-0,12;-0,09;-0,01;0,0;0,0;0,0;-0,01;0,0;0,0;0,0;-0,01;0,0;0,0;0,0;-0,02;0,0;0,0;0,0;-0,04;-0,01;-0,04;-0,01;-0,01;0,0;-0,01;0,0;-0,01;0,0;-0,03;0,0;-0,01;0,0;-0,08;-0,05;0,0;0,0;-0,01;0,0;0,0;0,0;-0,05;-0,02
15.08.2026;17:30;17:45;0,59;0,19;-0,33;-0,22;-0,04;-0,02;0,0;0,0;-0,01;0,0;-0,11;-0,09;-0,04;-0,02;-0,11;-0,09;-0,01;0,0;0,0;0,0;-0,01;0,0;0,0;0,0;-0,01;0,0;-0,01;0,0;-0,02;0,0;0,0;0,0;-0,04;-0,02;-0,04;-0,02;-0,01;0,0;0,0;0,0;0,0;0,0;-0,02;0,0;0,0;0,0;-0,08;-0,06;-0,01;0,0;-0,01;0,0;-0,01;0,0;-0,05;-0,03
15.08.2026;17:45;18:00;0,48;0,2;-0,18;-0,08;-0,08;-0,07;0,0;0,0;-0,01;0,0;-0,1;-0,09;-0,04;-0,03;-0,12;-0,11;0,0;0,0;0,0;0,0;-0,01;0,0;0,0;0,0;-0,02;-0,01;0,0;0,0;-0,02;-0,01;0,0;0,0;-0,04;-0,03;-0,04;-0,03;-0,01;0,0;-0,01;0,0;-0,02;-0,01;-0,03;-0,02;-0,02;-0,01;-0,09;-0,08;0,0;0,0;-0,02;-0,01;0,0;0,0;-0,04;-0,03
15.08.2026;18:00;18:15;0,39;0,13;-0,17;-0,1;-0,04;-0,03;0,0;0,0;-0,02;-0,01;-0,12;-0,11;-0,04;-0,03;-0,12;-0,11;-0,02;-0,01;0,0;0,0;-0,01;0,0;0,0;0,0;0,0;0,0;0,0;0,0;-0,03;-0,02;0,0;0,0;-0,04;-0,03;-0,03;-0,02;-0,01;0,0;-0,01;0,0;-0,01;0,0;-0,05;-0,04;-0,01;0,0;-0,13;-0,12;0,0;0,0;-0,01;0,0;-0,01;0,0;-0,05;-0,04
15.08.2026;18:15;18:30;0,3;0,11;-0,17;-0,15;-0,05;-0,04;0,0;0,0;-0,01;0,0;-0,11;-0,1;-0,03;-0,02;-0,11;-0,1;0,0;0,0;0,0;0,0;-0,01;0,0;0,0;0,0;0,0;0,0;0,0;0,0;-0,02;-0,01;-0,01;0,0;-0,04;-0,03;-0,03;-0,02;-0,01;0,0;-0,01;0,0;0,0;0,0;-0,07;-0,06;-0,01;0,0;-0,08;-0,07;0,0;0,0;-0,01;0,0;0,0;0,0;-0,04;-0,03
15.08.2026;18:30;18:45;0,23;0,17;-0,25;-0,19;-0,05;-0,05;0,0;0,0;-0,01;-0,01;-0,1;-0,1;-0,03;-0,03;-0,1;-0,1;0,0;0,0;0,0;0,0;-0,01;-0,01;0,0;0,0;-0,02;-0,02;0,0;0,0;-0,01;-0,01;0,0;0,0;-0,04;-0,04;-0,04;-0,04;-0,01;-0,01;-0,01;-0,01;-0,01;-0,01;-0,02;-0,02;-0,02;-0,02;-0,09;-0,09;0,0;0,0;-0,01;-0,01;-0,01;-0,01;-0,03;-0,03
15.08.2026;18:45;19:00;0,16;0,11;-0,2;-0,15;-0,05;-0,05;0,0;0,0;0,0;0,0;-0,09;-0,09;-0,04;-0,04;-0,11;-0,11;-0,02;-0,02;0,0;0,0;-0,01;-0,01;0,0;0,0;-0,02;-0,02;0,0;0,0;-0,01;-0,01;0,0;0,0;-0,04;-0,04;-0,21;-0,21;-0,01;-0,01;-0,01;-0,01;-0,01;-0,01;-0,02;-0,02;-0,01;-0,01;-0,09;-0,09;0,0;0,0;-0,01;-0,01;0,0;0,0;-0,04;-0,04
15.08.2026;19:00;19:15;0,12;0,11;-0,26;-0,25;-0,05;-0,05;0,0;0,0;-0,02;-0,02;-0,1;-0,1;-0,03;-0,03;-0,11;-0,11;0,0;0,0;0,0;0,0;-0,02;-0,02;0,0;0,0;-0,01;-0,01;0,0;0,0;-0,01;-0,01;0,0;0,0;-0,03;-0,03;-0,08;-0,08;0,0;0,0;0,0;0,0;-0,01;-0,01;0,0;0,0;-0,02;-0,02;-0,1;-0,1;0,0;0,0;-0,01;-0,01;0,0;0,0;-0,05;-0,05
15.08.2026;19:15;19:30;0,09;0,09;-0,36;-0,36;-0,04;-0,04;0,0;0,0;-0,01;-0,01;-0,09;-0,09;-0,04;-0,04;-0,11;-0,11;-0,01;-0,01;0,0;0,0;-0,03;-0,03;0,0;0,0;0,0;0,0;-0,01;-0,01;-0,01;-0,01;0,0;0,0;-0,03;-0,03;-0,09;-0,09;-0,02;-0,02;-0,01;-0,01;-0,01;-0,01;-0,01;-0,01;-0,01;-0,01;-0,1;-0,1;0,0;0,0;-0,01;-0,01;-0,01;-0,01;-0,04;-0,04
15.08.2026;19:30;19:45;0,04;0,04;-0,24;-0,24;-0,04;-0,04;-0,01;-0,01;-0,02;-0,02;-0,1;-0,1;-0,03;-0,03;-0,11;-0,11;-0,01;-0,01;0,0;0,0;-0,02;-0,02;0,0;0,0;0,0;0,0;-0,02;-0,02;-0,01;-0,01;0,0;0,0;-0,03;-0,03;-0,08;-0,08;-0,01;-0,01;-0,01;-0,01;0,0;0,0;-0,05;-0,05;-0,13;-0,13;-0,25;-0,25;-0,01;-0,01;-0,01;-0,01;0,0;0,0;-0,04;-0,04
15.08.2026;19:45;20:00;0,0;0,0;-0,25;-0,25;-0,05;-0,05;0,0;0,0;0,0;0,0;-0,12;-0,12;-0,04;-0,04;-0,1;-0,1;-0,01;-0,01;0,0;0,0;-0,02;-0,02;0,0;0,0;-0,01;-0,01;-0,02;-0,02;-0,02;-0,02;0,0;0,0;-0,03;-0,03;-0,08;-0,08;0,0;0,0;0,0;0,0;-0,01;-0,01;-0,2;-0,2;-0,19;-0,19;-0,39;-0,39;0,0;0,0;-0,18;-0,18;-0,01;-0,01;-0,05;-0,05
15.08.2026;20:00;20:15;0,0;0,0;-0,3;-0,3;-0,05;-0,05;0,0;0,0;-0,01;-0,01;-0,13;-0,13;-0,03;-0,03;-0,11;-0,11;0,0;0,0;0,0;0,0;-0,02;-0,02;0,0;0,0;-0,02;-0,02;-0,01;-0,01;-0,01;-0,01;0,0;0,0;-0,03;-0,03;-0,08;-0,08;-0,02;-0,02;-0,01;-0,01;-0,01;-0,01;-0,07;-0,07;-0,05;-0,05;-0,24;-0,24;0,0;0,0;-0,06;-0,06;0,0;0,0;-0,05;-0,05
15.08.2026;20:15;20:30;0,0;0,0;-0,19;-0,19;-0,05;-0,05;0,0;0,0;-0,01;-0,01;-0,15;-0,15;-0,04;-0,04;-0,34;-0,34;-0,01;-0,01;0,0;0,0;-0,01;-0,01;0,0;0,0;-0,02;-0,02;0,0;0,0;-0,01;-0,01;0,0;0,0;-0,02;-0,02;-0,09;-0,09;0,0;0,0;-0,01;-0,01;-0,01;-0,01;-0,01;-0,01;-0,02;-0,02;-0,16;-0,16;0,0;0,0;-0,04;-0,04;-0,01;-0,01;-0,04;-0,04
15.08.2026;20:30;20:45;0,0;0,0;-0,18;-0,18;-0,04;-0,04;0,0;0,0;-0,02;-0,02;-0,15;-0,15;-0,03;-0,03;-0,17;-0,17;-0,01;-0,01;0,0;0,0;-0,02;-0,02;0,0;0,0;0,0;0,0;-0,01;-0,01;-0,01;-0,01;0,0;0,0;-0,03;-0,03;-0,08;-0,08;-0,01;-0,01;-0,01;-0,01;-0,01;-0,01;-0,02;-0,02;-0,01;-0,01;-0,23;-0,23;0,0;0,0;-0,05;-0,05;0,0;0,0;-0,04;-0,04
15.08.2026;20:45;21:00;0,0;0,0;-0,16;-0,16;-0,04;-0,04;0,0;0,0;-0,01;-0,01;-0,16;-0,16;-0,04;-0,04;-0,31;-0,31;0,0;0,0;0,0;0,0;-0,01;-0,01;0,0;0,0;-0,01;-0,01;0,0;0,0;-0,01;-0,01;-0,01;-0,01;-0,03;-0,03;-0,08;-0,08;-0,01;-0,01;-0,02;-0,02;-0,01;-0,01;-0,03;-0,03;-0,01;-0,01;-0,26;-0,26;0,0;0,0;-0,04;-0,04;-0,01;-0,01;-0,04;-0,04
15.08.2026;21:00;21:15;0,0;0,0;-0,27;-0,27;-0,11;-0,11;0,0;0,0;-0,01;-0,01;-0,12;-0,12;-0,05;-0,05;-0,12;-0,12;-0,01;-0,01;0,0;0,0;0,0;0,0;0,0;0,0;0,0;0,0;0,0;0,0;-0,01;-0,01;0,0;0,0;-0,03;-0,03;-0,07;-0,07;-0,01;-0,01;0,0;0,0;0,0;0,0;-0,02;-0,02;-0,01;-0,01;-0,1;-0,1;0,0;0,0;-0,03;-0,03;0,0;0,0;-0,04;-0,04
15.08.2026;21:15;21:30;0,0;0,0;-0,18;-0,18;-0,12;-0,12;0,0;0,0;-0,01;-0,01;-0,1;-0,1;-0,04;-0,04;-0,13;-0,13;-0,01;-0,01;0,0;0,0;-0,01;-0,01;0,0;0,0;-0,02;-0,02;0,0;0,0;-0,01;-0,01;0,0;0,0;-0,03;-0,03;-0,06;-0,06;-0,01;-0,01;-0,01;-0,01;-0,02;-0,02;-0,01;-0,01;-0,01;-0,01;-0,07;-0,07;0,0;0,0;-0,02;-0,02;0,0;0,0;-0,05;-0,05
15.08.2026;21:30;21:45;0,0;0,0;-0,18;-0,18;-0,05;-0,05;0,0;0,0;-0,01;-0,01;-0,14;-0,14;-0,04;-0,04;-0,07;-0,07;-0,01;-0,01;-0,01;-0,01;-0,01;-0,01;0,0;0,0;-0,02;-0,02;0,0;0,0;-0,01;-0,01;0,0;0,0;-0,04;-0,04;-0,05;-0,05;-0,01;-0,01;0,0;0,0;0,0;0,0;-0,03;-0,03;-0,03;-0,03;-0,12;-0,12;-0,01;-0,01;-0,03;-0,03;-0,01;-0,01;-0,02;-0,02
15.08.2026;21:45;22:00;0,0;0,0;-0,17;-0,17;-0,04;-0,04;0,0;0,0;-0,01;-0,01;-0,13;-0,13;-0,04;-0,04;-0,1;-0,1;0,0;0,0;0,0;0,0;-0,02;-0,02;0,0;0,0;0,0;0,0;0,0;0,0;-0,01;-0,01;0,0;0,0;-0,17;-0,17;-0,06;-0,06;-0,01;-0,01;-0,01;-0,01;-0,01;-0,01;-0,04;-0,04;-0,01;-0,01;-0,11;-0,11;0,0;0,0;-0,02;-0,02;-0,01;-0,01;-0,03;-0,03
15.08.2026;22:00;22:15;0,0;0,0;-0,18;-0,18;-0,07;-0,07;0,0;0,0;-0,02;-0,02;-0,11;-0,11;-0,04;-0,04;-0,33;-0,33;-0,01;-0,01;0,0;0,0;-0,01;-0,01;-0,01;-0,01;-0,01;-0,01;0,0;0,0;-0,02;-0,02;0,0;0,0;-0,35;-0,35;-0,04;-0,04;-0,01;-0,01;-0,01;-0,01;-0,01;-0,01;-0,02;-0,02;-0,02;-0,02;-0,09;-0,09;0,0;0,0;-0,03;-0,03;0,0;0,0;-0,02;-0,02
15.08.2026;22:15;22:30;0,0;0,0;-0,16;-0,16;-0,09;-0,09;0,0;0,0;-0,01;-0,01;-0,12;-0,12;-0,04;-0,04;-0,05;-0,05;-0,01;-0,01;0,0;0,0;0,0;0,0;0,0;0,0;0,0;0,0;-0,01;-0,01;-0,02;-0,02;0,0;0,0;-0,32;-0,32;-0,03;-0,03;-0,01;-0,01;0,0;0,0;0,0;0,0;-0,03;-0,03;-0,02;-0,02;-0,11;-0,11;0,0;0,0;-0,01;-0,01;0,0;0,0;-0,02;-0,02
15.08.2026;22:30;22:45;0,0;0,0;-0,15;-0,15;-0,05;-0,05;0,0;0,0;0,0;0,0;-0,14;-0,14;-0,04;-0,04;-0,05;-0,05;0,0;0,0;0,0;0,0;-0,01;-0,01;0,0;0,0;-0,02;-0,02;0,0;0,0;-0,02;-0,02;0,0;0,0;-0,21;-0,21;-0,03;-0,03;-0,01;-0,01;-0,01;-0,01;-0,02;-0,02;-0,02;-0,02;-0,01;-0,01;-0,08;-0,08;0,0;0,0;-0,04;-0,04;-0,01;-0,01;-0,03;-0,03
15.08.2026;22:45;23:00;0,0;0,0;-0,17;-0,17;-0,05;-0,05;0,0;0,0;-0,01;-0,01;-0,16;-0,16;-0,03;-0,03;-0,05;-0,05;-0,02;-0,02;0,0;0,0;-0,02;-0,02;0,0;0,0;-0,02;-0,02;0,0;0,0;-0,02;-0,02;0,0;0,0;-0,3;-0,3;-0,04;-0,04;-0,01;-0,01;-0,01;-0,01;0,0;0,0;-0,03;-0,03;-0,01;-0,01;-0,05;-0,05;0,0;0,0;-0,02;-0,02;-0,01;-0,01;-0,02;-0,02
15.08.2026;23:00;23:15;0,0;0,0;-0,18;-0,18;-0,05;-0,05;-0,01;-0,01;-0,02;-0,02;-0,16;-0,16;-0,03;-0,03;-0,02;-0,02;0,0;0,0;0,0;0,0;-0,01;-0,01;0,0;0,0;0,0;0,0;0,0;0,0;-0,01;-0,01;0,0;0,0;-0,07;-0,07;-0,04;-0,04;-0,01;-0,01;-0,02;-0,02;-0,01;-0,01;-0,04;-0,04;-0,01;-0,01;-0,05;-0,05;0,0;0,0;-0,03;-0,03;0,0;0,0;-0,01;-0,01
15.08.2026;23:15;23:30;0,0;0,0;-0,17;-0,17;-0,05;-0,05;0,0;0,0;-0,01;-0,01;-0,14;-0,14;-0,41;-0,41;-0,01;-0,01;0,0;0,0;0,0;0,0;-0,01;-0,01;0,0;0,0;-0,01;-0,01;0,0;0,0;-0,02;-0,02;-0,01;-0,01;-0,05;-0,05;-0,04;-0,04;-0,01;-0,01;-0,01;-0,01;-0,01;-0,01;-0,03;-0,03;-0,01;-0,01;-0,03;-0,03;0,0;0,0;-0,02;-0,02;0,0;0,0;-0,02;-0,02
15.08.2026;23:30;23:45;0,0;0,0;-0,17;-0,17;-0,06;-0,06;0,0;0,0;-0,02;-0,02;-0,1;-0,1;-0,05;-0,05;-0,01;-0,01;-0,02;-0,02;0,0;0,0;0,0;0,0;0,0;0,0;0,0;0,0;0,0;0,0;-0,01;-0,01;0,0;0,0;-0,05;-0,05;-0,03;-0,03;-0,01;-0,01;0,0;0,0;0,0;0,0;-0,03;-0,03;-0,02;-0,02;-0,02;-0,02;-0,01;-0,01;-0,03;-0,03;-0,01;-0,01;-0,03;-0,03
15.08.2026;23:45;00:00;0,0;0,0;-0,17;-0,17;-0,06;-0,06;0,0;0,0;0,0;0,0;-0,12;-0,12;-0,24;-0,24;-0,02;-0,02;0,0;0,0;0,0;0,0;-0,02;-0,02;0,0;0,0;-0,01;-0,01;0,0;0,0;-0,01;-0,01;0,0;0,0;-0,04;-0,04;-0,02;-0,02;-0,01;-0,01;0,0;0,0;-0,01;-0,01;-0,02;-0,02;-0,01;-0,01;-0,02;-0,02;0,0;0,0;-0,02;-0,02;0,0;0,0;-0,02;-0,02
16.08.2026;00:00;00:15;0,0;0,0;-0,16;-0,16;-0,06;-0,06;0,0;0,0;-0,01;-0,01;-0,11;-0,11;-0,02;-0,02;-0,02;-0,02;-0,01;-0,01;0,0;0,0;-0,01;-0,01;0,0;0,0;-0,02;-0,02;0,0;0,0;-0,01;-0,01;0,0;0,0;-0,04;-0,04;-0,03;-0,03;-0,01;-0,01;-0,01;-0,01;-0,01;-0,01;-0,02;-0,02;-0,01;-0,01;-0,01;-0,01;0,0;0,0;-0,02;-0,02;-0,01;-0,01;-0,03;-0,03
16.08.2026;00:15;00:30;0,0;0,0;-0,19;-0,19;-0,06;-0,06;0,0;0,0;-0,01;-0,01;-0,1;-0,1;-0,01;-0,01;-0,02;-0,02;-0,01;-0,01;0,0;0,0;-0,01;-0,01;0,0;0,0;-0,02;-0,02;0,0;0,0;-0,01;-0,01;0,0;0,0;-0,04;-0,04;-0,02;-0,02;-0,01;-0,01;-0,01;-0,01;-0,01;-0,01;-0,03;-0,03;-0,01;-0,01;-0,02;-0,02;0,0;0,0;-0,03;-0,03;0,0;0,0;-0,03;-0,03
16.08.2026;00:30;00:45;0,0;0,0;-0,17;-0,17;-0,08;-0,08;0,0;0,0;-0,02;-0,02;-0,1;-0,1;-0,01;-0,01;-0,02;-0,02;0,0;0,0;0,0;0,0;-0,01;-0,01;0,0;0,0;0,0;0,0;0,0;0,0;-0,05;-0,05;0,0;0,0;-0,04;-0,04;-0,02;-0,02;-0,01;-0,01;-0,01;-0,01;-0,01;-0,01;-0,02;-0,02;-0,17;-0,17;-0,07;-0,07;0,0;0,0;-0,05;-0,05;-0,01;-0,01;-0,02;-0,02
16.08.2026;00:45;01:00;0,0;0,0;-0,17;-0,17;-0,06;-0,06;0,0;0,0;-0,01;-0,01;-0,11;-0,11;-0,01;-0,01;-0,02;-0,02;-0,01;-0,01;0,0;0,0;-0,01;-0,01;0,0;0,0;0,0;0,0;0,0;0,0;-0,06;-0,06;0,0;0,0;-0,03;-0,03;-0,03;-0,03;-0,01;-0,01;0,0;0,0;0,0;0,0;-0,03;-0,03;-0,07;-0,07;-0,06;-0,06;0,0;0,0;-0,04;-0,04;0,0;0,0;-0,03;-0,03
16.08.2026;01:00;01:15;0,0;0,0;-0,16;-0,16;-0,06;-0,06;0,0;0,0;-0,01;-0,01;-0,1;-0,1;-0,02;-0,02;-0,02;-0,02;0,0;0,0;0,0;0,0;-0,01;-0,01;0,0;0,0;-0,01;-0,01;0,0;0,0;-0,07;-0,07;0,0;0,0;-0,03;-0,03;-0,02;-0,02;-0,01;-0,01;-0,01;-0,01;-0,01;-0,01;-0,01;-0,01;-0,05;-0,05;-0,02;-0,02;0,0;0,0;-0,03;-0,03;0,0;0,0;-0,02;-0,02
16.08.2026;01:15;01:30;0,0;0,0;-0,16;-0,16;-0,06;-0,06;0,0;0,0;-0,01;-0,01;-0,1;-0,1;0,0;0,0;-0,02;-0,02;-0,01;-0,01;0,0;0,0;-0,01;-0,01;0,0;0,0;-0,02;-0,02;0,0;0,0;-0,06;-0,06;0,0;0,0;-0,02;-0,02;-0,02;-0,02;0,0;0,0;-0,02;-0,02;-0,01;-0,01;-0,03;-0,03;-0,02;-0,02;-0,02;-0,02;0,0;0,0;-0,02;-0,02;-0,01;-0,01;-0,03;-0,03
16.08.2026;01:30;01:45;0,0;0,0;-0,16;-0,16;-0,04;-0,04;0,0;0,0;-0,01;-0,01;-0,09;-0,09;-0,02;-0,02;-0,02;-0,02;-0,01;-0,01;0,0;0,0;-0,01;-0,01;0,0;0,0;-0,02;-0,02;-0,01;-0,01;-0,07;-0,07;0,0;0,0;-0,03;-0,03;-0,01;-0,01;-0,02;-0,02;-0,01;-0,01;-0,01;-0,01;-0,01;-0,01;-0,02;-0,02;-0,01;-0,01;-0,01;-0,01;-0,03;-0,03;0,0;0,0;-0,02;-0,02
16.08.2026;01:45;02:00;0,0;0,0;-0,17;-0,17;-0,05;-0,05;0,0;0,0;-0,01;-0,01;-0,11;-0,11;-0,01;-0,01;-0,02;-0,02;0,0;0,0;0,0;0,0;-0,01;-0,01;0,0;0,0;0,0;0,0;0,0;0,0;-0,06;-0,06;-0,01;-0,01;-0,02;-0,02;-0,01;-0,01;-0,01;-0,01;0,0;0,0;-0,01;-0,01;-0,01;-0,01;0,0;0,0;-0,01;-0,01;0,0;0,0;-0,02;-0,02;-0,01;-0,01;-0,03;-0,03
16.08.2026;02:00;02:15;0,0;0,0;-0,17;-0,17;-0,06;-0,06;0,0;0,0;-0,02;-0,02;-0,1;-0,1;-0,01;-0,01;-0,01;-0,01;-0,01;-0,01;0,0;0,0;-0,01;-0,01;0,0;0,0;0,0;0,0;0,0;0,0;-0,08;-0,08;0,0;0,0;-0,03;-0,03;-0,01;-0,01;0,0;0,0;-0,01;-0,01;-0,01;-0,01;-0,02;-0,02;-0,05;-0,05;-0,02;-0,02;0,0;0,0;-0,02;-0,02;0,0;0,0;-0,02;-0,02
16.08.2026;02:15;02:30;0,0;0,0;-0,16;-0,16;-0,04;-0,04;-0,01;-0,01;-0,01;-0,01;-0,1;-0,1;-0,01;-0,01;-0,02;-0,02;0,0;0,0;0,0;0,0;-0,01;-0,01;0,0;0,0;-0,01;-0,01;0,0;0,0;-0,11;-0,11;0,0;0,0;-0,02;-0,02;-0,02;-0,02;-0,01;-0,01;-0,01;-0,01;0,0;0,0;-0,02;-0,02;-0,01;-0,01;-0,01;-0,01;0,0;0,0;-0,02;-0,02;-0,01;-0,01;-0,03;-0,03
16.08.2026;02:30;02:45;0,0;0,0;-0,17;-0,17;-0,05;-0,05;0,0;0,0;0,0;0,0;-0,1;-0,1;-0,01;-0,01;-0,02;-0,02;-0,01;-0,01;-0,01;-0,01;-0,01;-0,01;0,0;0,0;-0,01;-0,01;0,0;0,0;-0,13;-0,13;0,0;0,0;-0,01;-0,01;-0,02;-0,02;-0,01;-0,01;-0,01;-0,01;-0,01;-0,01;-0,01;-0,01;-0,02;-0,02;-0,02;-0,02;0,0;0,0;-0,02;-0,02;0,0;0,0;-0,02;-0,02
16.08.2026;02:45;03:00;0,0;0,0;-0,17;-0,17;-0,04;-0,04;0,0;0,0;-0,02;-0,02;-0,02;-0,02;-0,01;-0,01;-0,02;-0,02;0,0;0,0;0,0;0,0;-0,01;-0,01;0,0;0,0;-0,02;-0,02;0,0;0,0;-0,1;-0,1;0,0;0,0;-0,01;-0,01;-0,02;-0,02;-0,01;-0,01;0,0;0,0;-0,01;-0,01;-0,02;-0,02;-0,01;-0,01;-0,01;-0,01;0,0;0,0;-0,02;-0,02;-0,01;-0,01;-0,03;-0,03
16.08.2026;03:00;03:15;0,0;0,0;-0,17;-0,17;-0,06;-0,06;0,0;0,0;-0,01;-0,01;-0,01;-0,01;-0,01;-0,01;0,0;0,0;-0,01;-0,01;0,0;0,0;-0,01;-0,01;-0,01;-0,01;-0,01;-0,01;0,0;0,0;-0,09;-0,09;0,0;0,0;-0,01;-0,01;-0,02;-0,02;-0,01;-0,01;0,0;0,0;-0,01;-0,01;-0,01;-0,01;-0,01;-0,01;-0,02;-0,02;0,0;0,0;-0,02;-0,02;0,0;0,0;-0,02;-0,02
16.08.2026;03:15;03:30;0,0;0,0;-0,17;-0,17;-0,04;-0,04;0,0;0,0;-0,01;-0,01;-0,01;-0,01;-0,01;-0,01;-0,02;-0,02;-0,01;-0,01;0,0;0,0;-0,01;-0,01;0,0;0,0;-0,01;-0,01;0,0;0,0;-0,08;-0,08;0,0;0,0;-0,02;-0,02;-0,03;-0,03;-0,01;-0,01;-0,01;-0,01;-0,01;-0,01;-0,02;-0,02;-0,01;-0,01;-0,01;-0,01;0,0;0,0;-0,02;-0,02;0,0;0,0;-0,03;-0,03
16.08.2026;03:30;03:45;0,0;0,0;-0,16;-0,16;-0,02;-0,02;0,0;0,0;-0,02;-0,02;-0,01;-0,01;-0,01;-0,01;-0,02;-0,02;-0,01;-0,01;0,0;0,0;-0,01;-0,01;0,0;0,0;0,0;0,0;0,0;0,0;-0,09;-0,09;0,0;0,0;-0,01;-0,01;-0,02;-0,02;-0,01;-0,01;-0,02;-0,02;0,0;0,0;-0,02;-0,02;-0,01;-0,01;-0,05;-0,05;-0,01;-0,01;-0,02;-0,02;-0,01;-0,01;-0,01;-0,01
16.08.2026;03:45;04:00;0,0;0,0;-0,16;-0,16;-0,01;-0,01;0,0;0,0;0,0;0,0;-0,01;-0,01;-0,01;-0,01;-0,02;-0,02;0,0;0,0;0,0;0,0;-0,01;-0,01;0,0;0,0;-0,01;-0,01;0,0;0,0;-0,09;-0,09;0,0;0,0;-0,01;-0,01;-0,02;-0,02;-0,01;-0,01;-0,01;-0,01;-0,01;-0,01;-0,02;-0,02;-0,01;-0,01;-0,02;-0,02;0,0;0,0;-0,01;-0,01;-0,01;-0,01;-0,02;-0,02
16.08.2026;04:00;04:15;0,0;0,0;-0,16;-0,16;-0,02;-0,02;0,0;0,0;-0,01;-0,01;0,0;0,0;-0,01;-0,01;-0,02;-0,02;-0,01;-0,01;0,0;0,0;-0,01;-0,01;0,0;0,0;-0,02;-0,02;0,0;0,0;-0,11;-0,11;0,0;0,0;-0,02;-0,02;-0,01;-0,01;-0,01;-0,01;-0,01;-0,01;-0,01;-0,01;-0,02;-0,02;-0,01;-0,01;-0,01;-0,01;0,0;0,0;-0,01;-0,01;0,0;0,0;-0,01;-0,01
16.08.2026;04:15;04:30;0,0;0,0;-0,16;-0,16;-0,03;-0,03;0,0;0,0;-0,02;-0,02;-0,02;-0,02;-0,01;-0,01;-0,02;-0,02;0,0;0,0;0,0;0,0;-0,01;-0,01;0,0;0,0;-0,01;-0,01;-0,01;-0,01;-0,13;-0,13;-0,01;-0,01;-0,01;-0,01;-0,02;-0,02;-0,01;-0,01;0,0;0,0;-0,01;-0,01;-0,01;-0,01;-0,01;-0,01;-0,02;-0,02;0,0;0,0;-0,01;-0,01;0,0;0,0;-0,03;-0,03
16.08.2026;04:30;04:45;0,0;0,0;-0,15;-0,15;-0,03;-0,03;0,0;0,0;-0,01;-0,01;-0,01;-0,01;-0,01;-0,01;-0,02;-0,02;-0,01;-0,01;0,0;0,0;-0,01;-0,01;0,0;0,0;-0,01;-0,01;0,0;0,0;-0,12;-0,12;0,0;0,0;-0,03;-0,03;-0,01;-0,01;-0,01;-0,01;-0,01;-0,01;-0,01;-0,01;-0,02;-0,02;-0,01;-0,01;-0,02;-0,02;0,0;0,0;-0,01;-0,01;-0,01;-0,01;-0,03;-0,03
16.08.2026;04:45;05:00;0,0;0,0;-0,18;-0,18;-0,01;-0,01;0,0;0,0;-0,01;-0,01;0,0;0,0;-0,01;-0,01;-0,02;-0,02;-0,01;-0,01;0,0;0,0;-0,01;-0,01;0,0;0,0;0,0;0,0;0,0;0,0;-0,13;-0,13;0,0;0,0;-0,02;-0,02;-0,01;-0,01;-0,01;-0,01;-0,01;-0,01;-0,01;-0,01;-0,01;-0,01;-0,01;-0,01;-0,02;-0,02;0,0;0,0;-0,01;-0,01;-0,01;-0,01;-0,02;-0,02
16.08.2026;05:00;05:15;0,0;0,0;-0,19;-0,19;-0,02;-0,02;0,0;0,0;-0,01;-0,01;-0,01;-0,01;-0,01;-0,01;-0,02;-0,02;0,0;0,0;0,0;0,0;-0,01;-0,01;0,0;0,0;0,0;0,0;0,0;0,0;-0,08;-0,08;0,0;0,0;-0,03;-0,03;-0,02;-0,02;-0,01;-0,01;0,0;0,0;0,0;0,0;-0,02;-0,02;-0,01;-0,01;-0,01;-0,01;0,0;0,0;-0,01;-0,01;0,0;0,0;-0,03;-0,03
16.08.2026;05:15;05:30;0,0;0,0;-0,16;-0,16;-0,02;-0,02;0,0;0,0;-0,01;-0,01;-0,01;-0,01;0,0;0,0;-0,02;-0,02;-0,01;-0,01;0,0;0,0;-0,01;-0,01;0,0;0,0;-0,02;-0,02;0,0;0,0;-0,01;-0,01;0,0;0,0;-0,02;-0,02;-0,02;-0,02;-0,01;-0,01;-0,01;-0,01;-0,02;-0,02;-0,01;-0,01;-0,01;-0,01;-0,02;-0,02;0,0;0,0;-0,01;-0,01;0,0;0,0;-0,02;-0,02
16.08.2026;05:30;05:45;0,0;0,0;-0,17;-0,17;-0,03;-0,03;-0,01;-0,01;-0,01;-0,01;-0,01;-0,01;-0,02;-0,02;-0,01;-0,01;-0,01;-0,01;0,0;0,0;-0,01;-0,01;0,0;0,0;-0,02;-0,02;0,0;0,0;-0,02;-0,02;0,0;0,0;-0,02;-0,02;-0,03;-0,03;-0,01;-0,01;0,0;0,0;0,0;0,0;-0,01;-0,01;0,0;0,0;-0,01;-0,01;-0,01;-0,01;-0,01;-0,01;-0,01;-0,01;-0,03;-0,03
16.08.2026;05:45;06:00;0,0;0,0;-0,24;-0,24;-0,02;-0,02;0,0;0,0;-0,02;-0,02;-0,01;-0,01;-0,01;-0,01;-0,02;-0,02;0,0;0,0;0,0;0,0;-0,01;-0,01;0,0;0,0;-0,01;-0,01;-0,02;-0,02;-0,01;-0,01;0,0;0,0;-0,03;-0,03;-0,02;-0,02;-0,01;-0,01;-0,02;-0,02;-0,01;-0,01;-0,02;-0,02;-0,02;-0,02;-0,02;-0,02;0,0;0,0;-0,01;-0,01;0,0;0,0;-0,02;-0,02
16.08.2026;06:00;06:15;0,01;0,01;-0,17;-0,17;-0,01;-0,01;0,0;0,0;-0,01;-0,01;-0,01;-0,01;0,0;0,0;-0,02;-0,02;-0,01;-0,01;0,0;0,0;-0,01;-0,01;0,0;0,0;0,0;0,0;0,0;0,0;-0,01;-0,01;0,0;0,0;-0,02;-0,02;-0,02;-0,02;-0,01;-0,01;-0,01;-0,01;-0,01;-0,01;-0,01;-0,01;-0,01;-0,01;-0,02;-0,02;0,0;0,0;-0,01;-0,01;-0,01;-0,01;-0,03;-0,03
16.08.2026;06:15;06:30;0,04;0,04;-0,32;-0,32;-0,02;-0,02;0,0;0,0;-0,01;-0,01;-0,01;-0,01;-0,02;-0,02;-0,02;-0,02;-0,01;-0,01;0,0;0,0;-0,01;-0,01;0,0;0,0;0,0;0,0;0,0;0,0;-0,02;-0,02;0,0;0,0;-0,02;-0,02;-0,02;-0,02;-0,01;-0,01;-0,01;-0,01;-0,01;-0,01;-0,01;-0,01;0,0;0,0;-0,01;-0,01;0,0;0,0;-0,01;-0,01;0,0;0,0;-0,02;-0,02
16.08.2026;06:30;06:45;0,1;0,1;-0,25;-0,25;-0,19;-0,19;0,0;0,0;0,0;0,0;-0,01;-0,01;-0,01;-0,01;-0,01;-0,01;0,0;0,0;0,0;0,0;-0,01;-0,01;0,0;0,0;-0,01;-0,01;0,0;0,0;-0,01;-0,01;0,0;0,0;-0,02;-0,02;-0,01;-0,01;-0,01;-0,01;0,0;0,0;-0,01;-0,01;-0,01;-0,01;-0,01;-0,01;-0,01;-0,01;0,0;0,0;-0,01;-0,01;0,0;0,0;-0,01;-0,01
16.08.2026;06:45;07:00;0,13;0,11;-0,17;-0,15;-0,02;-0,02;0,0;0,0;-0,02;-0,02;-0,01;-0,01;0,0;0,0;-0,01;-0,01;-0,01;-0,01;0,0;0,0;-0,01;-0,01;0,0;0,0;-0,02;-0,02;0,0;0,0;-0,01;-0,01;-0,01;-0,01;-0,01;-0,01;-0,02;-0,02;-0,01;-0,01;-0,01;-0,01;0,0;0,0;-0,03;-0,03;-0,01;-0,01;-0,02;-0,02;0,0;0,0;-0,01;-0,01;-0,01;-0,01;-0,03;-0,03
16.08.2026;07:00;07:15;0,11;0,11;-0,18;-0,18;-0,02;-0,02;0,0;0,0;-0,01;-0,01;0,0;0,0;-0,01;-0,01;-0,02;-0,02;-0,01;-0,01;0,0;0,0;-0,01;-0,01;0,0;0,0;-0,02;-0,02;0,0;0,0;-0,02;-0,02;0,0;0,0;-0,01;-0,01;-0,1;-0,1;0,0;0,0;-0,01;-0,01;-0,01;-0,01;-0,05;-0,05;-0,01;-0,01;-0,01;-0,01;0,0;0,0;-0,01;-0,01;-0,01;-0,01;-0,01;-0,01
16.08.2026;07:15;07:30;0,2;0,15;-0,17;-0,12;-0,02;-0,02;0,0;0,0;-0,02;-0,02;-0,01;-0,01;-0,01;-0,01;-0,02;-0,02;0,0;0,0;0,0;0,0;-0,01;-0,01;0,0;0,0;0,0;0,0;0,0;0,0;0,0;0,0;0,0;0,0;-0,02;-0,02;-0,02;-0,02;-0,02;-0,02;-0,01;-0,01;-0,01;-0,01;-0,01;-0,01;-0,01;-0,01;-0,02;-0,02;0,0;0,0;-0,01;-0,01;0,0;0,0;-0,03;-0,03
16.08.2026;07:30;07:45;0,37;0,11;-0,19;-0,12;-0,03;-0,02;0,0;0,0;-0,01;0,0;-0,02;-0,01;-0,01;0,0;-0,01;0,0;-0,01;0,0;-0,01;0,0;-0,01;0,0;0,0;0,0;-0,01;0,0;0,0;0,0;-0,02;-0,01;0,0;0,0;-0,01;0,0;-0,03;-0,02;0,0;0,0;0,0;0,0;-0,01;0,0;-0,02;-0,01;-0,01;0,0;-0,01;0,0;-0,01;0,0;-0,01;0,0;0,0;0,0;-0,02;-0,01
16.08.2026;07:45;08:00;0,56;0,21;-0,19;-0,06;-0,02;0,0;0,0;0,0;0,0;0,0;0,0;0,0;-0,01;0,0;-0,02;0,0;-0,01;0,0;0,0;0,0;-0,01;0,0;0,0;0,0;0,0;0,0;0,0;0,0;-0,01;0,0;0,0;0,0;-0,01;0,0;-0,05;-0,03;-0,01;0,0;0,0;0,0;-0,01;0,0;-0,02;0,0;-0,01;0,0;-0,03;-0,01;0,0;0,0;-0,01;0,0;-0,01;0,0;-0,02;0,0
16.08.2026;08:00;08:15;0,7;0,23;-0,21;-0,06;-0,03;0,0;0,0;0,0;-0,01;0,0;-0,01;0,0;-0,01;0,0;-0,02;0,0;0,0;0,0;0,0;0,0;-0,01;0,0;-0,01;0,0;-0,02;0,0;0,0;0,0;-0,01;0,0;0,0;0,0;-0,02;0,0;-0,05;-0,01;-0,02;0,0;-0,02;0,0;-0,01;0,0;-0,01;0,0;-0,01;0,0;-0,01;0,0;0,0;0,0;-0,01;0,0;0,0;0,0;-0,04;0,0
16.08.2026;08:15;08:30;0,43;0,18;-0,19;-0,11;-0,1;-0,09;0,0;0,0;-0,02;-0,01;-0,01;0,0;0,0;0,0;-0,02;-0,01;-0,01;0,0;0,0;0,0;-0,01;0,0;0,0;0,0;-0,02;-0,01;0,0;0,0;-0,01;0,0;0,0;0,0;-0,01;0,0;-0,05;-0,04;0,0;0,0;-0,01;0,0;0,0;0,0;-0,02;-0,01;-0,01;0,0;-0,03;-0,02;0,0;0,0;-0,01;0,0;-0,01;0,0;-0,26;-0,25
16.08.2026;08:30;08:45;0,84;0,3;-0,26;-0,07;-0,04;0,0;0,0;0,0;-0,01;0,0;-0,01;0,0;-0,02;0,0;-0,02;0,0;0,0;0,0;0,0;0,0;-0,01;0,0;0,0;0,0;0,0;0,0;0,0;0,0;-0,01;0,0;0,0;0,0;-0,02;0,0;-0,04;0,0;-0,01;0,0;-0,01;0,0;-0,02;0,0;-0,01;0,0;-0,01;0,0;-0,02;0,0;0,0;0,0;-0,03;0,0;0,0;0,0;-0,25;-0,19
16.08.2026;08:45;09:00;0,46;0,18;-0,19;-0,1;-0,36;-0,35;0,0;0,0;-0,01;0,0;-0,01;0,0;-0,01;0,0;-0,02;-0,01;-0,01;0,0;0,0;0,0;-0,01;0,0;0,0;0,0;-0,01;0,0;0,0;0,0;-0,02;-0,01;0,0;0,0;-0,03;-0,02;-0,02;-0,01;-0,01;0,0;-0,01;0,0;0,0;0,0;-0,01;0,0;-0,02;-0,01;-0,02;-0,01;0,0;0,0;-0,03;-0,02;-0,01;0,0;-0,05;-0,04
16.08.2026;09:00;09:15;0,01;0,01;-0,19;-0,19;-0,31;-0,31;-0,01;-0,01;-0,01;-0,01;-0,01;-0,01;-0,01;-0,01;-0,02;-0,02;-0,01;-0,01;0,0;0,0;-0,02;-0,02;0,0;0,0;0,0;0,0;0,0;0,0;-0,01;-0,01;0,0;0,0;-0,02;-0,02;-0,03;-0,03;-0,01;-0,01;0,0;0,0;-0,01;-0,01;-0,01;-0,01;-0,01;-0,01;-0,32;-0,32;0,0;0,0;-0,15;-0,15;0,0;0,0;-0,05;-0,05
16.08.2026;09:15;09:30;0,0;0,0;-0,18;-0,18;-0,07;-0,07;0,0;0,0;-0,01;-0,01;-0,01;-0,01;-0,02;-0,02;-0,05;-0,05;-0,01;-0,01;0,0;0,0;0,0;0,0;0,0;0,0;-0,01;-0,01;-0,01;-0,01;-0,01;-0,01;-0,01;-0,01;-0,03;-0,03;-0,02;-0,02;-0,01;-0,01;-0,01;-0,01;-0,01;-0,01;-0,01;-0,01;0,0;0,0;-0,05;-0,05;0,0;0,0;-0,02;-0,02;0,0;0,0;-0,04;-0,04
16.08.2026;09:30;09:45;0,14;0,11;-0,25;-0,22;-0,06;-0,06;0,0;0,0;-0,01;-0,01;-0,01;-0,01;-0,02;-0,02;-0,06;-0,06;0,0;0,0;0,0;0,0;-0,01;-0,01;0,0;0,0;-0,02;-0,02;0,0;0,0;-0,01;-0,01;0,0;0,0;-0,04;-0,04;-0,01;-0,01;-0,01;-0,01;-0,01;-0,01;0,0;0,0;-0,01;-0,01;-0,01;-0,01;-0,09;-0,09;-0,01;-0,01;-0,02;-0,02;-0,01;-0,01;-0,04;-0,04
16.08.2026;09:45;10:00;0,54;0,15;-0,18;-0,09;-0,08;-0,06;0,0;0,0;-0,02;0,0;-0,01;0,0;-0,01;0,0;-0,07;-0,05;-0,01;0,0;0,0;0,0;-0,01;0,0;0,0;0,0;-0,01;0,0;0,0;0,0;-0,02;0,0;0,0;0,0;-0,11;-0,09;-0,02;0,0;-0,01;0,0;0,0;0,0;-0,02;0,0;-0,08;-0,06;-0,06;-0,04;-0,03;-0,01;0,0;0,0;-0,01;0,0;-0,01;0,0;-0,04;-0,02
16.08.2026;10:00;10:15;0,66;0,2;-0,17;-0,05;-0,06;-0,02;0,0;0,0;-0,01;0,0;-0,02;0,0;-0,01;0,0;-0,1;-0,06;-0,01;0,0;0,0;0,0;-0,01;0,0;0,0;0,0;-0,01;0,0;0,0;0,0;-0,01;0,0;0,0;0,0;-0,04;0,0;-0,01;0,0;-0,01;0,0;-0,01;0,0;0,0;0,0;-0,01;0,0;-0,01;0,0;-0,06;-0,02;0,0;0,0;-0,01;0,0;0,0;0,0;-0,05;-0,01
16.08.2026;10:15;10:30;0,86;0,26;-0,18;0,0;-0,1;-0,04;0,0;0,0;-0,01;0,0;-0,04;0,0;-0,01;0,0;-0,11;-0,05;0,0;0,0;0,0;0,0;-0,01;0,0;0,0;0,0;0,0;0,0;0,0;0,0;-0,01;0,0;0,0;0,0;-0,04;0,0;-0,01;0,0;-0,01;0,0;-0,01;0,0;-0,01;0,0;-0,02;0,0;0,0;0,0;-0,37;-0,31;0,0;0,0;-0,01;0,0;0,0;0,0;-0,05;0,0
16.08.2026;10:30;10:45;0,92;0,24;-0,2;-0,01;-0,45;-0,4;0,0;0,0;0,0;0,0;-0,03;0,0;-0,04;0,0;-0,1;-0,05;-0,01;0,0;0,0;0,0;-0,01;0,0;0,0;0,0;-0,01;0,0;0,0;0,0;-0,01;0,0;0,0;0,0;-0,04;0,0;-0,02;0,0;-0,01;0,0;-0,01;0,0;-0,01;0,0;-0,07;-0,02;-0,02;0,0;-0,17;-0,12;0,0;0,0;-0,01;0,0;-0,01;0,0;-0,05;0,0
16.08.2026;10:45;11:00;0,51;0,21;-0,28;-0,17;-0,05;-0,04;0,0;0,0;-0,02;-0,01;-0,03;-0,02;-0,04;-0,03;-0,11;-0,1;0,0;0,0;0,0;0,0;-0,01;0,0;0,0;0,0;-0,02;-0,01;0,0;0,0;-0,01;0,0;0,0;0,0;-0,03;-0,02;-0,02;-0,01;-0,01;0,0;-0,01;0,0;-0,01;0,0;-0,02;-0,01;-0,01;0,0;-0,16;-0,15;0,0;0,0;-0,01;0,0;-0,04;-0,03;-0,06;-0,05
16.08.2026;11:00;11:15;0,39;0,12;-0,18;-0,11;-0,05;-0,04;0,0;0,0;-0,01;0,0;-0,05;-0,04;-0,02;-0,01;-0,12;-0,11;-0,01;0,0;0,0;0,0;-0,02;-0,01;0,0;0,0;-0,01;0,0;0,0;0,0;-0,01;0,0;0,0;0,0;-0,03;-0,02;-0,02;-0,01;-0,01;0,0;-0,01;0,0;-0,01;0,0;-0,01;0,0;-0,01;0,0;-0,14;-0,13;0,0;0,0;-0,01;0,0;-0,01;0,0;-0,05;-0,04
16.08.2026;11:15;11:30;0,27;0,19;-0,19;-0,11;-0,04;-0,04;0,0;0,0;-0,02;-0,02;-0,07;-0,07;-0,07;-0,07;-0,08;-0,08;-0,01;-0,01;0,0;0,0;-0,01;-0,01;0,0;0,0;-0,01;-0,01;0,0;0,0;-0,02;-0,02;0,0;0,0;0,0;0,0;-0,03;-0,03;-0,01;-0,01;0,0;0,0;-0,01;-0,01;-0,02;-0,02;0,0;0,0;-0,16;-0,16;0,0;0,0;-0,01;-0,01;0,0;0,0;-0,04;-0,04
16.08.2026;11:30;11:45;0,32;0,11;-0,25;-0,2;-0,06;-0,05;0,0;0,0;0,0;0,0;-0,12;-0,11;-0,48;-0,47;-0,06;-0,05;0,0;0,0;0,0;0,0;0,0;0,0;0,0;0,0;0,0;0,0;0,0;0,0;-0,01;0,0;0,0;0,0;-0,01;0,0;-0,02;-0,01;-0,01;0,0;-0,01;0,0;0,0;0,0;-0,01;0,0;-0,01;0,0;-0,05;-0,04;-0,01;0,0;-0,01;0,0;-0,01;0,0;-0,05;-0,04
16.08.2026;11:45;12:00;0,28;0,2;-0,18;-0,1;-0,05;-0,05;0,0;0,0;-0,01;-0,01;-0,08;-0,08;-0,68;-0,68;-0,06;-0,06;-0,01;-0,01;0,0;0,0;-0,01;-0,01;0,0;0,0;-0,01;-0,01;0,0;0,0;-0,01;-0,01;-0,01;-0,01;-0,02;-0,02;-0,02;-0,02;-0,01;-0,01;-0,01;-0,01;-0,01;-0,01;-0,01;-0,01;-0,01;-0,01;-0,02;-0,02;0,0;0,0;-0,01;-0,01;-0,01;-0,01;-0,04;-0,04
16.08.2026;12:00;12:15;0,17;0,12;-0,18;-0,13;-0,04;-0,04;0,0;0,0;-0,01;-0,01;-0,1;-0,1;-0,44;-0,44;-0,04;-0,04;-0,01;-0,01;0,0;0,0;-0,01;-0,01;0,0;0,0;-0,02;-0,02;0,0;0,0;-0,06;-0,06;0,0;0,0;-0,02;-0,02;-0,18;-0,18;-0,01;-0,01;-0,01;-0,01;-0,01;-0,01;-0,01;-0,01;-0,01;-0,01;-0,03;-0,03;0,0;0,0;-0,01;-0,01;-0,01;-0,01;-0,02;-0,02
16.08.2026;12:15;12:30;0,28;0,2;-0,18;-0,1;-0,05;-0,05;-0,01;-0,01;-0,02;-0,02;-0,1;-0,1;-0,27;-0,27;-0,04;-0,04;-0,01;-0,01;0,0;0,0;-0,02;-0,02;0,0;0,0;-0,01;-0,01;0,0;0,0;-0,12;-0,12;0,0;0,0;-0,03;-0,03;-0,08;-0,08;-0,01;-0,01;0,0;0,0;-0,01;-0,01;-0,02;-0,02;-0,01;-0,01;-0,03;-0,03;0,0;0,0;-0,01;-0,01;-0,02;-0,02;-0,03;-0,03
16.08.2026;12:30;12:45;0,19;0,14;-0,18;-0,13;-0,05;-0,05;0,0;0,0;-0,01;-0,01;-0,1;-0,1;-0,08;-0,08;-0,04;-0,04;0,0;0,0;-0,01;-0,01;0,0;0,0;0,0;0,0;-0,01;-0,01;-0,01;-0,01;-0,06;-0,06;0,0;0,0;-0,03;-0,03;-0,06;-0,06;0,0;0,0;-0,01;-0,01;-0,01;-0,01;-0,01;-0,01;-0,01;-0,01;-0,02;-0,02;0,0;0,0;-0,01;-0,01;-0,01;-0,01;-0,01;-0,01
16.08.2026;12:45;13:00;0,0;0,0;-0,18;-0,18;-0,08;-0,08;0,0;0,0;-0,01;-0,01;-0,11;-0,11;-0,28;-0,28;-0,05;-0,05;-0,01;-0,01;0,0;0,0;-0,01;-0,01;0,0;0,0;0,0;0,0;0,0;0,0;-0,06;-0,06;0,0;0,0;-0,03;-0,03;-0,07;-0,07;-0,02;-0,02;-0,01;-0,01;0,0;0,0;-0,01;-0,01;-0,01;-0,01;-0,03;-0,03;0,0;0,0;-0,01;-0,01;-0,01;-0,01;-0,02;-0,02
16.08.2026;13:00;13:15;0,0;0,0;-0,17;-0,17;-0,06;-0,06;0,0;0,0;-0,01;-0,01;-0,18;-0,18;-0,28;-0,28;-0,04;-0,04;-0,01;-0,01;0,0;0,0;-0,01;-0,01;-0,01;-0,01;-0,01;-0,01;0,0;0,0;-0,02;-0,02;0,0;0,0;-0,03;-0,03;-0,02;-0,02;-0,01;-0,01;-0,01;-0,01;-0,01;-0,01;-0,02;-0,02;-0,01;-0,01;-0,03;-0,03;0,0;0,0;-0,01;-0,01;0,0;0,0;-0,02;-0,02
16.08.2026;13:15;13:30;0,01;0,01;-0,28;-0,28;-0,04;-0,04;0,0;0,0;-0,01;-0,01;-0,17;-0,17;-0,26;-0,26;-0,04;-0,04;0,0;0,0;0,0;0,0;-0,02;-0,02;0,0;0,0;-0,01;-0,01;0,0;0,0;-0,01;-0,01;0,0;0,0;-0,04;-0,04;-0,02;-0,02;0,0;0,0;-0,01;-0,01;-0,01;-0,01;-0,01;-0,01;0,0;0,0;-0,13;-0,13;0,0;0,0;-0,01;-0,01;-0,01;-0,01;-0,03;-0,03
16.08.2026;13:30;13:45;0,26;0,19;-0,25;-0,18;-0,06;-0,06;0,0;0,0;-0,01;-0,01;-0,14;-0,14;-0,16;-0,16;-0,04;-0,04;-0,01;-0,01;0,0;0,0;-0,01;-0,01;0,0;0,0;-0,02;-0,02;0,0;0,0;-0,05;-0,05;0,0;0,0;-0,04;-0,04;-0,02;-0,02;-0,02;-0,02;-0,01;-0,01;-0,01;-0,01;0,0;0,0;-0,01;-0,01;-0,18;-0,18;-0,01;-0,01;-0,01;-0,01;0,0;0,0;-0,02;-0,02
16.08.2026;13:45;14:00;0,69;0,21;-0,22;-0,08;-0,05;-0,02;0,0;0,0;-0,02;0,0;-0,15;-0,12;-0,11;-0,08;-0,04;-0,01;0,0;0,0;0,0;0,0;-0,01;0,0;0,0;0,0;-0,01;0,0;0,0;0,0;-0,38;-0,35;0,0;0,0;-0,03;0,0;-0,01;0,0;0,0;0,0;0,0;0,0;-0,01;0,0;-0,02;0,0;-0,01;0,0;-0,1;-0,07;0,0;0,0;-0,01;0,0;-0,01;0,0;-0,02;0,0
16.08.2026;14:00;14:15;0,65;0,19;-0,25;-0,15;-0,04;-0,01;0,0;0,0;-0,01;0,0;-0,14;-0,11;-0,12;-0,09;-0,03;0,0;-0,01;0,0;0,0;0,0;-0,04;-0,01;0,0;0,0;0,0;0,0;0,0;0,0;-0,02;0,0;0,0;0,0;-0,03;0,0;-0,02;0,0;-0,01;0,0;-0,01;0,0;-0,01;0,0;-0,01;0,0;-0,01;0,0;-0,03;0,0;0,0;0,0;-0,01;0,0;0,0;0,0;-0,03;0,0
16.08.2026;14:15;14:30;1,13;0,47;-0,16;0,0;-0,04;0,0;0,0;0,0;-0,01;0,0;-0,15;-0,07;-0,13;-0,05;-0,04;0,0;-0,01;0,0;0,0;0,0;0,0;0,0;0,0;0,0;-0,01;0,0;0,0;0,0;-0,01;0,0;-0,01;0,0;-0,03;0,0;-0,06;0,0;-0,02;0,0;-0,01;0,0;0,0;0,0;-0,01;0,0;-0,01;0,0;-0,03;0,0;0,0;0,0;-0,01;0,0;-0,01;0,0;-0,02;0,0
16.08.2026;14:30;14:45;1,6;0,91;-0,17;0,0;-0,05;0,0;0,0;0,0;0,0;0,0;-0,15;0,0;-0,06;0,0;-0,04;0,0;0,0;0,0;0,0;0,0;-0,01;0,0;0,0;0,0;-0,01;0,0;0,0;0,0;-0,02;0,0;0,0;0,0;-0,02;0,0;-0,06;0,0;0,0;0,0;0,0;0,0;-0,02;0,0;-0,01;0,0;-0,01;0,0;-0,03;0,0;0,0;0,0;-0,01;0,0;0,0;0,0;-0,02;0,0
16.08.2026;14:45;15:00;1,5;0,66;-0,18;0,0;-0,05;0,0;0,0;0,0;-0,02;0,0;-0,13;0,0;-0,06;0,0;-0,04;0,0;-0,01;0,0;0,0;0,0;-0,01;0,0;0,0;0,0;-0,02;0,0;0,0;0,0;-0,27;-0,13;0,0;0,0;-0,02;0,0;-0,06;0,0;-0,01;0,0;-0,01;0,0;0,0;0,0;-0,01;0,0;-0,01;0,0;-0,03;0,0;0,0;0,0;-0,01;0,0;-0,01;0,0;-0,01;0,0
16.08.2026;15:00;15:15;1,3;0,59;-0,17;0,0;-0,04;0,0;0,0;0,0;-0,01;0,0;-0,12;0,0;-0,06;0,0;-0,05;0,0;-0,01;0,0;0,0;0,0;-0,01;0,0;0,0;0,0;-0,01;0,0;0,0;0,0;-0,02;0,0;0,0;0,0;-0,03;0,0;-0,06;0,0;-0,01;0,0;-0,01;0,0;-0,01;0,0;-0,01;0,0;-0,01;0,0;-0,02;0,0;0,0;0,0;-0,01;0,0;0,0;0,0;-0,04;0,0
16.08.2026;15:15;15:30;1,43;0,7;-0,18;0,0;-0,05;0,0;0,0;0,0;-0,02;0,0;-0,52;-0,38;-0,03;0,0;-0,04;0,0;-0,01;0,0;0,0;0,0;-0,02;0,0;0,0;0,0;0,0;0,0;0,0;0,0;-0,01;0,0;0,0;0,0;-0,02;0,0;-0,07;0,0;-0,01;0,0;-0,01;0,0;-0,01;0,0;-0,02;0,0;0,0;0,0;-0,03;0,0;0,0;0,0;-0,01;0,0;0,0;0,0;-0,05;0,0
16.08.2026;15:30;15:45;1,25;0,57;-0,16;0,0;-0,04;0,0;-0,01;0,0;-0,01;0,0;-0,19;-0,07;0,0;0,0;-0,04;0,0;0,0;0,0;0,0;0,0;-0,01;0,0;0,0;0,0;-0,01;0,0;0,0;0,0;-0,01;0,0;0,0;0,0;-0,02;0,0;-0,06;0,0;-0,01;0,0;-0,02;0,0;-0,01;0,0;-0,01;0,0;-0,02;0,0;-0,03;0,0;-0,01;0,0;-0,01;0,0;-0,01;0,0;-0,06;0,0
16.08.2026;15:45;16:00;1,25;0,47;-0,24;0,0;-0,05;0,0;0,0;0,0;0,0;0,0;-0,11;-0,01;-0,02;0,0;-0,05;0,0;-0,01;0,0;0,0;0,0;0,0;0,0;0,0;0,0;0,0;0,0;-0,01;0,0;-0,02;0,0;0,0;0,0;-0,02;0,0;-0,07;0,0;-0,01;0,0;0,0;0,0;-0,01;0,0;-0,01;0,0;-0,01;0,0;-0,07;0,0;0,0;0,0;-0,01;0,0;-0,01;0,0;-0,06;0,0
16.08.2026;16:00;16:15;1,17;0,46;-0,18;0,0;-0,05;0,0;0,0;0,0;-0,01;0,0;-0,13;-0,04;0,0;0,0;-0,04;0,0;-0,01;0,0;0,0;0,0;-0,01;0,0;0,0;0,0;-0,02;0,0;0,0;0,0;-0,01;0,0;0,0;0,0;-0,07;0,0;-0,05;0,0;-0,01;0,0;0,0;0,0;0,0;0,0;-0,01;0,0;0,0;0,0;-0,14;-0,05;0,0;0,0;-0,01;0,0;0,0;0,0;-0,05;0,0
16.08.2026;16:15;16:30;1,06;0,3;-0,18;0,0;-0,05;0,0;0,0;0,0;-0,02;0,0;-0,3;-0,22;-0,02;0,0;-0,04;0,0;0,0;0,0;0,0;0,0;-0,02;0,0;0,0;0,0;-0,02;0,0;0,0;0,0;-0,01;0,0;0,0;0,0;-0,21;-0,13;-0,05;0,0;-0,01;0,0;-0,01;0,0;-0,01;0,0;-0,01;0,0;-0,01;0,0;-0,14;-0,06;0,0;0,0;-0,01;0,0;0,0;0,0;-0,05;0,0
16.08.2026;16:30;16:45;0,57;0,2;-0,17;-0,05;-0,05;-0,03;0,0;0,0;-0,01;0,0;-0,48;-0,46;0,0;0,0;-0,04;-0,02;-0,01;0,0;0,0;0,0;-0,01;0,0;0,0;0,0;0,0;0,0;0,0;0,0;-0,01;0,0;0,0;0,0;-0,06;-0,04;-0,04;-0,02;-0,01;0,0;-0,01;0,0;-0,01;0,0;-0,01;0,0;-0,01;0,0;-0,13;-0,11;0,0;0,0;-0,01;0,0;-0,01;0,0;-0,04;-0,02
16.08.2026;16:45;17:00;0,0;0,0;-0,23;-0,23;-0,04;-0,04;0,0;0,0;-0,02;-0,02;-0,16;-0,16;-0,01;-0,01;-0,06;-0,06;0,0;0,0;0,0;0,0;-0,01;-0,01;0,0;0,0;-0,01;-0,01;0,0;0,0;-0,01;-0,01;-0,01;-0,01;-0,04;-0,04;-0,03;-0,03;-0,01;-0,01;-0,01;-0,01;-0,01;-0,01;-0,01;-0,01;-0,01;-0,01;-0,12;-0,12;0,0;0,0;-0,01;-0,01;0,0;0,0;-0,03;-0,03
16.08.2026;17:00;17:15;0,0;0,0;-0,16;-0,16;-0,04;-0,04;0,0;0,0;0,0;0,0;-0,19;-0,19;-0,01;-0,01;-0,1;-0,1;-0,02;-0,02;0,0;0,0;-0,01;-0,01;0,0;0,0;0,0;0,0;0,0;0,0;-0,02;-0,02;0,0;0,0;-0,03;-0,03;-0,01;-0,01;-0,01;-0,01;0,0;0,0;-0,01;-0,01;-0,01;-0,01;-0,01;-0,01;-0,04;-0,04;0,0;0,0;-0,01;-0,01;-0,01;-0,01;-0,01;-0,01
16.08.2026;17:15;17:30;0,0;0,0;-0,16;-0,16;-0,05;-0,05;0,0;0,0;-0,01;-0,01;-0,15;-0,15;-0,01;-0,01;-0,11;-0,11;-0,01;-0,01;0,0;0,0;-0,01;-0,01;0,0;0,0;-0,02;-0,02;0,0;0,0;-0,01;-0,01;0,0;0,0;-0,02;-0,02;-0,01;-0,01;-0,01;-0,01;-0,01;-0,01;-0,01;-0,01;-0,01;-0,01;-0,02;-0,02;-0,01;-0,01;0,0;0,0;-0,02;-0,02;0,0;0,0;-0,02;-0,02
16.08.2026;17:30;17:45;0,56;0,2;-0,17;-0,05;-0,05;-0,03;0,0;0,0;-0,01;0,0;-0,15;-0,13;-0,01;0,0;-0,12;-0,1;-0,01;0,0;-0,01;0,0;-0,01;0,0;0,0;0,0;-0,02;0,0;0,0;0,0;-0,01;0,0;0,0;0,0;-0,01;0,0;-0,01;0,0;-0,01;0,0;-0,01;0,0;0,0;0,0;-0,01;0,0;0,0;0,0;-0,02;0,0;-0,01;0,0;0,0;0,0;-0,01;0,0;-0,01;0,0
16.08.2026;17:45;18:00;0,48;0,19;-0,17;-0,07;-0,04;-0,03;0,0;0,0;-0,02;-0,01;-0,35;-0,34;-0,01;0,0;-0,1;-0,09;0,0;0,0;0,0;0,0;-0,01;0,0;0,0;0,0;-0,01;0,0;-0,01;0,0;-0,01;0,0;0,0;0,0;-0,14;-0,13;-0,02;-0,01;-0,01;0,0;-0,02;-0,01;-0,02;-0,01;-0,02;-0,01;-0,01;0,0;-0,01;0,0;0,0;0,0;-0,02;-0,01;0,0;0,0;-0,05;-0,04
16.08.2026;18:00;18:15;0,41;0,17;-0,16;-0,09;-0,05;-0,04;0,0;0,0;-0,01;0,0;-0,24;-0,23;-0,01;0,0;-0,11;-0,1;-0,02;-0,01;0,0;0,0;-0,01;0,0;-0,01;0,0;0,0;0,0;0,0;0,0;-0,01;0,0;0,0;0,0;-0,08;-0,07;-0,01;0,0;-0,01;0,0;0,0;0,0;0,0;0,0;-0,01;0,0;-0,01;0,0;-0,02;-0,01;0,0;0,0;0,0;0,0;-0,01;0,0;-0,04;-0,03
16.08.2026;18:15;18:30;0,3;0,11;-0,18;-0,16;-0,04;-0,03;0,0;0,0;-0,01;0,0;-0,12;-0,11;0,0;0,0;-0,12;-0,11;0,0;0,0;0,0;0,0;-0,01;0,0;0,0;0,0;0,0;0,0;-0,01;0,0;-0,02;-0,01;0,0;0,0;-0,03;-0,02;-0,02;-0,01;-0,01;0,0;-0,01;0,0;-0,01;0,0;-0,01;0,0;-0,01;0,0;-0,02;-0,01;0,0;0,0;-0,02;-0,01;0,0;0,0;-0,05;-0,04
16.08.2026;18:30;18:45;0,23;0,17;-0,28;-0,22;-0,05;-0,05;0,0;0,0;-0,01;-0,01;-0,11;-0,11;-0,01;-0,01;-0,11;-0,11;-0,01;-0,01;0,0;0,0;-0,01;-0,01;0,0;0,0;-0,02;-0,02;0,0;0,0;-0,01;-0,01;0,0;0,0;-0,04;-0,04;-0,04;-0,04;-0,01;-0,01;0,0;0,0;-0,01;-0,01;-0,01;-0,01;-0,02;-0,02;-0,06;-0,06;0,0;0,0;0,0;0,0;0,0;0,0;-0,05;-0,05
16.08.2026;18:45;19:00;0,17;0,12;-0,19;-0,14;-0,05;-0,05;0,0;0,0;-0,01;-0,01;-0,11;-0,11;-0,01;-0,01;-0,12;-0,12;-0,01;-0,01;0,0;0,0;-0,01;-0,01;0,0;0,0;-0,01;-0,01;0,0;0,0;-0,02;-0,02;0,0;0,0;-0,03;-0,03;-0,06;-0,06;-0,01;-0,01;-0,02;-0,02;0,0;0,0;-0,01;-0,01;-0,01;-0,01;-0,08;-0,08;0,0;0,0;-0,02;-0,02;-0,01;-0,01;-0,04;-0,04
16.08.2026;19:00;19:15;0,12;0,11;-0,24;-0,23;-0,05;-0,05;-0,01;-0,01;-0,01;-0,01;-0,13;-0,13;-0,01;-0,01;-0,12;-0,12;-0,01;-0,01;0,0;0,0;-0,01;-0,01;0,0;0,0;-0,02;-0,02;0,0;0,0;-0,01;-0,01;0,0;0,0;-0,03;-0,03;-0,07;-0,07;0,0;0,0;0,0;0,0;-0,02;-0,02;-0,01;-0,01;-0,01;-0,01;-0,08;-0,08;0,0;0,0;0,0;0,0;-0,01;-0,01;-0,04;-0,04
16.08.2026;19:15;19:30;0,08;0,08;-0,23;-0,23;-0,04;-0,04;0,0;0,0;-0,02;-0,02;-0,13;-0,13;-0,01;-0,01;-0,12;-0,12;0,0;0,0;0,0;0,0;-0,02;-0,02;0,0;0,0;0,0;0,0;0,0;0,0;-0,06;-0,06;-0,01;-0,01;-0,04;-0,04;-0,06;-0,06;-0,02;-0,02;0,0;0,0;0,0;0,0;-0,04;-0,04;0,0;0,0;-0,16;-0,16;0,0;0,0;-0,02;-0,02;0,0;0,0;-0,04;-0,04
16.08.2026;19:30;19:45;0,04;0,04;-0,21;-0,21;-0,05;-0,05;0,0;0,0;-0,02;-0,02;-0,14;-0,14;-0,01;-0,01;-0,11;-0,11;-0,01;-0,01;0,0;0,0;0,0;0,0;0,0;0,0;0,0;0,0;-0,01;-0,01;-0,08;-0,08;0,0;0,0;-0,04;-0,04;-0,07;-0,07;-0,03;-0,03;-0,01;-0,01;-0,01;-0,01;-0,31;-0,31;-0,01;-0,01;-0,71;-0,71;-0,01;-0,01;0,0;0,0;0,0;0,0;-0,03;-0,03
16.08.2026;19:45;20:00;0,01;0,01;-0,2;-0,2;-0,05;-0,05;0,0;0,0;-0,01;-0,01;-0,14;-0,14;-0,05;-0,05;-0,08;-0,08;-0,01;-0,01;0,0;0,0;-0,01;-0,01;0,0;0,0;-0,01;-0,01;-0,01;-0,01;-0,06;-0,06;0,0;0,0;-0,06;-0,06;-0,06;-0,06;-0,07;-0,07;-0,04;-0,04;-0,01;-0,01;-0,11;-0,11;-0,02;-0,02;-0,21;-0,21;0,0;0,0;-0,02;-0,02;-0,01;-0,01;-0,01;-0,01
16.08.2026;20:00;20:15;0,01;0,01;-0,21;-0,21;-0,04;-0,04;0,0;0,0;-0,01;-0,01;-0,15;-0,15;-0,17;-0,17;-0,07;-0,07;0,0;0,0;0,0;0,0;-0,01;-0,01;0,0;0,0;-0,02;-0,02;0,0;0,0;-0,06;-0,06;0,0;0,0;-0,35;-0,35;-0,07;-0,07;-0,17;-0,17;-0,04;-0,04;-0,01;-0,01;-0,05;-0,05;-0,01;-0,01;-0,21;-0,21;0,0;0,0;0,0;0,0;-0,01;-0,01;-0,03;-0,03
16.08.2026;20:15;20:30;0,0;0,0;-0,19;-0,19;-0,05;-0,05;0,0;0,0;-0,01;-0,01;-0,11;-0,11;-0,05;-0,05;-0,07;-0,07;-0,01;-0,01;0,0;0,0;-0,02;-0,02;0,0;0,0;-0,02;-0,02;0,0;0,0;-0,07;-0,07;0,0;0,0;-0,05;-0,05;-0,05;-0,05;-0,12;-0,12;-0,03;-0,03;-0,01;-0,01;-0,05;-0,05;-0,01;-0,01;-0,19;-0,19;0,0;0,0;-0,02;-0,02;0,0;0,0;-0,02;-0,02
16.08.2026;20:30;20:45;0,0;0,0;-0,21;-0,21;-0,04;-0,04;0,0;0,0;-0,01;-0,01;-0,1;-0,1;-0,03;-0,03;-0,04;-0,04;-0,01;-0,01;0,0;0,0;-0,01;-0,01;0,0;0,0;0,0;0,0;0,0;0,0;-0,07;-0,07;0,0;0,0;-0,04;-0,04;-0,05;-0,05;-0,1;-0,1;-0,05;-0,05;-0,01;-0,01;-0,21;-0,21;-0,01;-0,01;-0,18;-0,18;0,0;0,0;0,0;0,0;0,0;0,0;-0,03;-0,03
16.08.2026;20:45;21:00;0,0;0,0;-0,26;-0,26;-0,05;-0,05;0,0;0,0;-0,02;-0,02;-0,11;-0,11;-0,04;-0,04;-0,11;-0,11;0,0;0,0;0,0;0,0;-0,01;-0,01;0,0;0,0;0,0;0,0;0,0;0,0;-0,06;-0,06;0,0;0,0;-0,04;-0,04;-0,05;-0,05;-0,07;-0,07;-0,03;-0,03;0,0;0,0;-0,47;-0,47;-0,01;-0,01;-0,17;-0,17;0,0;0,0;-0,02;-0,02;-0,01;-0,01;-0,02;-0,02
16.08.2026;21:00;21:15;0,0;0,0;-0,17;-0,17;-0,11;-0,11;0,0;0,0;-0,01;-0,01;-0,1;-0,1;-0,05;-0,05;-0,17;-0,17;-0,01;-0,01;0,0;0,0;0,0;0,0;0,0;0,0;-0,01;-0,01;0,0;0,0;-0,08;-0,08;0,0;0,0;-0,05;-0,05;-0,05;-0,05;-0,07;-0,07;-0,05;-0,05;-0,01;-0,01;-0,22;-0,22;0,0;0,0;-0,16;-0,16;0,0;0,0;-0,01;-0,01;-0,01;-0,01;-0,03;-0,03
16.08.2026;21:15;21:30;0,0;0,0;-0,19;-0,19;-0,06;-0,06;0,0;0,0;0,0;0,0;-0,1;-0,1;-0,04;-0,04;-0,05;-0,05;-0,01;-0,01;0,0;0,0;-0,02;-0,02;0,0;0,0;-0,02;-0,02;0,0;0,0;-0,11;-0,11;0,0;0,0;-0,05;-0,05;-0,05;-0,05;-0,05;-0,05;-0,04;-0,04;-0,01;-0,01;-0,23;-0,23;-0,01;-0,01;-0,13;-0,13;0,0;0,0;-0,01;-0,01;0,0;0,0;-0,02;-0,02
16.08.2026;21:30;21:45;0,0;0,0;-0,19;-0,19;-0,05;-0,05;0,0;0,0;-0,01;-0,01;-0,11;-0,11;-0,03;-0,03;-0,03;-0,03;-0,01;-0,01;0,0;0,0;-0,01;-0,01;0,0;0,0;-0,02;-0,02;0,0;0,0;-0,12;-0,12;0,0;0,0;-0,05;-0,05;-0,06;-0,06;-0,05;-0,05;-0,05;-0,05;0,0;0,0;-0,16;-0,16;-0,02;-0,02;-0,11;-0,11;-0,01;-0,01;-0,01;-0,01;0,0;0,0;-0,02;-0,02
16.08.2026;21:45;22:00;0,0;0,0;-0,19;-0,19;-0,08;-0,08;0,0;0,0;-0,02;-0,02;-0,12;-0,12;-0,03;-0,03;-0,04;-0,04;0,0;0,0;0,0;0,0;-0,01;-0,01;0,0;0,0;0,0;0,0;0,0;0,0;-0,07;-0,07;-0,01;-0,01;-0,05;-0,05;-0,04;-0,04;-0,03;-0,03;-0,05;-0,05;-0,02;-0,02;-0,1;-0,1;-0,01;-0,01;-0,12;-0,12;0,0;0,0;-0,01;-0,01;-0,01;-0,01;-0,01;-0,01
16.08.2026;22:00;22:15;0,0;0,0;-0,18;-0,18;-0,06;-0,06;0,0;0,0;-0,01;-0,01;-0,09;-0,09;-0,06;-0,06;-0,04;-0,04;-0,01;-0,01;0,0;0,0;-0,01;-0,01;0,0;0,0;-0,01;-0,01;-0,01;-0,01;-0,07;-0,07;0,0;0,0;-0,04;-0,04;-0,06;-0,06;-0,02;-0,02;-0,06;-0,06;0,0;0,0;-0,11;-0,11;-0,01;-0,01;-0,13;-0,13;0,0;0,0;-0,01;-0,01;0,0;0,0;-0,01;-0,01
16.08.2026;22:15;22:30;0,0;0,0;-0,23;-0,23;-0,05;-0,05;-0,01;-0,01;-0,01;-0,01;-0,09;-0,09;-0,03;-0,03;-0,03;-0,03;-0,01;-0,01;0,0;0,0;-0,01;-0,01;0,0;0,0;0,0;0,0;0,0;0,0;-0,07;-0,07;0,0;0,0;-0,06;-0,06;-0,05;-0,05;-0,01;-0,01;-0,03;-0,03;-0,01;-0,01;-0,12;-0,12;-0,02;-0,02;-0,19;-0,19;0,0;0,0;-0,01;-0,01;-0,01;-0,01;-0,03;-0,03
16.08.2026;22:30;22:45;0,0;0,0;-0,17;-0,17;-0,06;-0,06;0,0;0,0;-0,02;-0,02;-0,11;-0,11;-0,02;-0,02;-0,03;-0,03;0,0;0,0;-0,01;-0,01;-0,01;-0,01;0,0;0,0;-0,02;-0,02;-0,01;-0,01;-0,07;-0,07;0,0;0,0;-0,03;-0,03;-0,05;-0,05;-0,04;-0,04;-0,04;-0,04;-0,01;-0,01;-0,1;-0,1;-0,02;-0,02;-0,11;-0,11;0,0;0,0;-0,01;-0,01;0,0;0,0;-0,02;-0,02
16.08.2026;22:45;23:00;0,0;0,0;-0,19;-0,19;-0,04;-0,04;0,0;0,0;0,0;0,0;-0,1;-0,1;-0,02;-0,02;-0,03;-0,03;-0,01;-0,01;0,0;0,0;-0,01;-0,01;0,0;0,0;-0,01;-0,01;0,0;0,0;-0,07;-0,07;0,0;0,0;-0,02;-0,02;-0,05;-0,05;-0,05;-0,05;-0,04;-0,04;-0,01;-0,01;-0,16;-0,16;-0,03;-0,03;-0,04;-0,04;0,0;0,0;-0,01;-0,01;0,0;0,0;-0,03;-0,03
16.08.2026;23:00;23:15;0,0;0,0;-0,17;-0,17;-0,03;-0,03;0,0;0,0;-0,01;-0,01;-0,11;-0,11;-0,01;-0,01;-0,02;-0,02;-0,01;-0,01;0,0;0,0;-0,01;-0,01;-0,01;-0,01;-0,01;-0,01;0,0;0,0;-0,07;-0,07;0,0;0,0;-0,03;-0,03;-0,03;-0,03;-0,03;-0,03;-0,02;-0,02;-0,01;-0,01;-0,11;-0,11;-0,03;-0,03;-0,05;-0,05;0,0;0,0;-0,01;-0,01;-0,01;-0,01;-0,02;-0,02
16.08.2026;23:15;23:30;0,0;0,0;-0,17;-0,17;-0,04;-0,04;0,0;0,0;-0,02;-0,02;-0,13;-0,13;-0,02;-0,02;-0,02;-0,02;0,0;0,0;0,0;0,0;-0,01;-0,01;0,0;0,0;-0,01;-0,01;0,0;0,0;-0,08;-0,08;0,0;0,0;-0,01;-0,01;-0,03;-0,03;-0,02;-0,02;-0,02;-0,02;-0,01;-0,01;-0,08;-0,08;-0,02;-0,02;-0,06;-0,06;0,0;0,0;-0,01;-0,01;0,0;0,0;-0,02;-0,02
16.08.2026;23:30;23:45;0,0;0,0;-0,34;-0,34;-0,03;-0,03;0,0;0,0;-0,01;-0,01;-0,14;-0,14;-0,01;-0,01;-0,02;-0,02;-0,01;-0,01;0,0;0,0;-0,01;-0,01;0,0;0,0;0,0;0,0;0,0;0,0;-0,06;-0,06;0,0;0,0;-0,02;-0,02;-0,02;-0,02;-0,02;-0,02;-0,04;-0,04;-0,01;-0,01;-0,07;-0,07;-0,02;-0,02;-0,01;-0,01;-0,01;-0,01;-0,01;-0,01;-0,01;-0,01;-0,03;-0,03
16.08.2026;23:45;00:00;0,0;0,0;-0,24;-0,24;-0,02;-0,02;0,0;0,0;-0,02;-0,02;-0,15;-0,15;-0,01;-0,01;-0,02;-0,02;-0,01;-0,01;0,0;0,0;-0,01;-0,01;0,0;0,0;-0,01;-0,01;0,0;0,0;-0,08;-0,08;0,0;0,0;-0,01;-0,01;-0,02;-0,02;-0,02;-0,02;-0,07;-0,07;-0,01;-0,01;-0,08;-0,08;-0,01;-0,01;-0,02;-0,02;0,0;0,0;-0,01;-0,01;0,0;0,0;-0,01;-0,01
17.08.2026;00:00;00:15;0,0;0,0;-0,18;-0,18;-0,03;-0,03;0,0;0,0;0,0;0,0;-0,14;-0,14;-0,01;-0,01;-0,02;-0,02;0,0;0,0;0,0;0,0;-0,02;-0,02;0,0;0,0;-0,02;-0,02;-0,01;-0,01;-0,07;-0,07;0,0;0,0;-0,01;-0,01;-0,02;-0,02;-0,01;-0,01;-0,06;-0,06;0,0;0,0;-0,06;-0,06;-0,17;-0,17;-0,01;-0,01;0,0;0,0;-0,01;-0,01;-0,01;-0,01;-0,01;-0,01
17.08.2026;00:15;00:30;0,0;0,0;-0,2;-0,2;-0,04;-0,04;0,0;0,0;-0,01;-0,01;-0,14;-0,14;-0,01;-0,01;-0,02;-0,02;-0,01;-0,01;0,0;0,0;0,0;0,0;0,0;0,0;-0,02;-0,02;0,0;0,0;-0,06;-0,06;-0,01;-0,01;-0,02;-0,02;-0,01;-0,01;-0,01;-0,01;-0,04;-0,04;-0,01;-0,01;-0,08;-0,08;-0,06;-0,06;-0,05;-0,05;0,0;0,0;-0,01;-0,01;0,0;0,0;-0,02;-0,02
17.08.2026;00:30;00:45;0,0;0,0;-0,18;-0,18;-0,02;-0,02;0,0;0,0;-0,01;-0,01;-0,14;-0,14;-0,01;-0,01;-0,02;-0,02;0,0;0,0;0,0;0,0;-0,01;-0,01;0,0;0,0;0,0;0,0;0,0;0,0;-0,07;-0,07;0,0;0,0;-0,01;-0,01;-0,01;-0,01;-0,01;-0,01;-0,01;-0,01;-0,01;-0,01;-0,08;-0,08;-0,06;-0,06;-0,05;-0,05;0,0;0,0;-0,01;-0,01;0,0;0,0;-0,03;-0,03
17.08.2026;00:45;01:00;0,0;0,0;-0,19;-0,19;-0,03;-0,03;0,0;0,0;-0,02;-0,02;-0,13;-0,13;-0,01;-0,01;-0,03;-0,03;-0,01;-0,01;0,0;0,0;-0,01;-0,01;0,0;0,0;0,0;0,0;0,0;0,0;-0,04;-0,04;0,0;0,0;-0,01;-0,01;-0,02;-0,02;-0,01;-0,01;0,0;0,0;0,0;0,0;-0,09;-0,09;-0,05;-0,05;-0,07;-0,07;0,0;0,0;-0,01;-0,01;-0,01;-0,01;-0,02;-0,02
17.08.2026;01:00;01:15;0,0;0,0;-0,19;-0,19;-0,03;-0,03;0,0;0,0;-0,01;-0,01;-0,14;-0,14;-0,02;-0,02;-0,02;-0,02;-0,01;-0,01;0,0;0,0;-0,02;-0,02;0,0;0,0;-0,01;-0,01;0,0;0,0;-0,02;-0,02;0,0;0,0;-0,01;-0,01;-0,03;-0,03;-0,02;-0,02;-0,01;-0,01;-0,02;-0,02;-0,19;-0,19;-0,01;-0,01;-0,03;-0,03;0,0;0,0;-0,01;-0,01;-0,01;-0,01;-0,02;-0,02
17.08.2026;01:15;01:30;0,0;0,0;-0,19;-0,19;-0,03;-0,03;0,0;0,0;-0,01;-0,01;-0,11;-0,11;-0,01;-0,01;-0,01;-0,01;0,0;0,0;0,0;0,0;-0,01;-0,01;0,0;0,0;-0,02;-0,02;0,0;0,0;-0,02;-0,02;0,0;0,0;-0,02;-0,02;-0,02;-0,02;0,0;0,0;-0,01;-0,01;0,0;0,0;-0,17;-0,17;-0,01;-0,01;-0,06;-0,06;0,0;0,0;-0,01;-0,01;0,0;0,0;-0,03;-0,03
17.08.2026;01:30;01:45;0,0;0,0;-0,19;-0,19;-0,05;-0,05;-0,01;-0,01;-0,01;-0,01;-0,06;-0,06;-0,01;-0,01;-0,03;-0,03;-0,01;-0,01;0,0;0,0;0,0;0,0;0,0;0,0;-0,01;-0,01;-0,01;-0,01;-0,02;-0,02;0,0;0,0;-0,03;-0,03;-0,03;-0,03;-0,02;-0,02;-0,02;-0,02;-0,01;-0,01;-0,21;-0,21;-0,01;-0,01;-0,02;-0,02;-0,01;-0,01;-0,02;-0,02;0,0;0,0;-0,02;-0,02
17.08.2026;01:45;02:00;0,0;0,0;-0,18;-0,18;-0,05;-0,05;0,0;0,0;-0,01;-0,01;-0,08;-0,08;-0,01;-0,01;-0,03;-0,03;-0,01;-0,01;0,0;0,0;-0,01;-0,01;0,0;0,0;-0,01;-0,01;0,0;0,0;-0,01;-0,01;0,0;0,0;-0,03;-0,03;-0,02;-0,02;-0,01;-0,01;-0,01;-0,01;-0,01;-0,01;-0,13;-0,13;-0,01;-0,01;-0,02;-0,02;0,0;0,0;0,0;0,0;-0,01;-0,01;-0,01;-0,01
17.08.2026;02:00;02:15;0,0;0,0;-0,18;-0,18;-0,03;-0,03;0,0;0,0;-0,01;-0,01;-0,07;-0,07;0,0;0,0;-0,03;-0,03;-0,01;-0,01;0,0;0,0;-0,02;-0,02;0,0;0,0;0,0;0,0;0,0;0,0;-0,02;-0,02;0,0;0,0;-0,02;-0,02;-0,03;-0,03;-0,01;-0,01;0,0;0,0;-0,01;-0,01;-0,02;-0,02;-0,01;-0,01;-0,01;-0,01;0,0;0,0;-0,02;-0,02;-0,01;-0,01;-0,01;-0,01
17.08.2026;02:15;02:30;0,0;0,0;-0,17;-0,17;-0,03;-0,03;0,0;0,0;-0,02;-0,02;-0,07;-0,07;-0,01;-0,01;-0,02;-0,02;0,0;0,0;0,0;0,0;-0,01;-0,01;0,0;0,0;-0,01;-0,01;0,0;0,0;0,0;0,0;0,0;0,0;-0,03;-0,03;-0,02;-0,02;-0,01;-0,01;0,0;0,0;-0,01;-0,01;-0,01;-0,01;-0,01;-0,01;-0,05;-0,05;0,0;0,0;0,0;0,0;0,0;0,0;-0,02;-0,02
17.08.2026;02:30;02:45;0,0;0,0;-0,18;-0,18;-0,02;-0,02;0,0;0,0;-0,01;-0,01;-0,09;-0,09;-0,02;-0,02;-0,03;-0,03;-0,01;-0,01;0,0;0,0;-0,01;-0,01;0,0;0,0;-0,01;-0,01;0,0;0,0;-0,02;-0,02;0,0;0,0;-0,02;-0,02;-0,03;-0,03;-0,02;-0,02;-0,02;-0,02;-0,01;-0,01;-0,02;-0,02;-0,01;-0,01;-0,02;-0,02;0,0;0,0;-0,02;-0,02;0,0;0,0;-0,03;-0,03
17.08.2026;02:45;03:00;0,0;0,0;-0,17;-0,17;-0,03;-0,03;0,0;0,0;-0,02;-0,02;-0,08;-0,08;-0,01;-0,01;-0,03;-0,03;0,0;0,0;0,0;0,0;0,0;0,0;0,0;0,0;-0,02;-0,02;0,0;0,0;-0,01;-0,01;-0,01;-0,01;-0,03;-0,03;-0,02;-0,02;-0,01;-0,01;0,0;0,0;0,0;0,0;-0,01;-0,01;0,0;0,0;-0,01;-0,01;0,0;0,0;0,0;0,0;-0,01;-0,01;-0,02;-0,02
17.08.2026;03:00;03:15;0,0;0,0;-0,17;-0,17;-0,03;-0,03;0,0;0,0;-0,03;-0,03;-0,07;-0,07;-0,01;-0,01;-0,02;-0,02;-0,01;-0,01;0,0;0,0;-0,02;-0,02;0,0;0,0;-0,01;-0,01;0,0;0,0;-0,01;-0,01;0,0;0,0;-0,02;-0,02;-0,01;-0,01;-0,01;-0,01;-0,01;-0,01;-0,01;-0,01;-0,02;-0,02;-0,01;-0,01;-0,02;-0,02;0,0;0,0;-0,02;-0,02;0,0;0,0;-0,03;-0,03
17.08.2026;03:15;03:30;0,0;0,0;-0,17;-0,17;-0,02;-0,02;0,0;0,0;-0,03;-0,03;-0,07;-0,07;0,0;0,0;-0,03;-0,03;-0,01;-0,01;0,0;0,0;-0,01;-0,01;0,0;0,0;-0,01;-0,01;-0,01;-0,01;-0,02;-0,02;0,0;0,0;-0,03;-0,03;-0,02;-0,02;-0,02;-0,02;-0,01;-0,01;-0,01;-0,01;-0,01;-0,01;-0,02;-0,02;-0,01;-0,01;0,0;0,0;0,0;0,0;-0,01;-0,01;-0,02;-0,02
17.08.2026;03:30;03:45;0,0;0,0;-0,17;-0,17;-0,02;-0,02;0,0;0,0;-0,02;-0,02;-0,05;-0,05;-0,02;-0,02;-0,03;-0,03;0,0;0,0;-0,01;-0,01;-0,01;-0,01;0,0;0,0;0,0;0,0;0,0;0,0;0,0;0,0;0,0;0,0;-0,02;-0,02;-0,01;-0,01;-0,01;-0,01;-0,02;-0,02;-0,01;-0,01;-0,01;-0,01;0,0;0,0;-0,02;-0,02;-0,01;-0,01;-0,02;-0,02;0,0;0,0;-0,01;-0,01
17.08.2026;03:45;04:00;0,0;0,0;-0,17;-0,17;-0,01;-0,01;0,0;0,0;-0,02;-0,02;-0,03;-0,03;-0,01;-0,01;-0,02;-0,02;-0,01;-0,01;0,0;0,0;0,0;0,0;0,0;0,0;0,0;0,0;0,0;0,0;-0,02;-0,02;0,0;0,0;-0,02;-0,02;-0,02;-0,02;-0,01;-0,01;0,0;0,0;-0,01;-0,01;-0,02;-0,02;-0,01;-0,01;-0,01;-0,01;0,0;0,0;0,0;0,0;0,0;0,0;-0,02;-0,02
17.08.2026;04:00;04:15;0,0;0,0;-0,17;-0,17;-0,03;-0,03;0,0;0,0;-0,02;-0,02;-0,01;-0,01;-0,01;-0,01;-0,03;-0,03;0,0;0,0;0,0;0,0;-0,02;-0,02;-0,01;-0,01;-0,02;-0,02;0,0;0,0;-0,01;-0,01;0,0;0,0;-0,01;-0,01;-0,03;-0,03;-0,01;-0,01;-0,01;-0,01;0,0;0,0;-0,01;-0,01;-0,01;-0,01;-0,01;-0,01;0,0;0,0;-0,02;-0,02;-0,01;-0,01;-0,01;-0,01
17.08.2026;04:15;04:30;0,0;0,0;-0,17;-0,17;-0,02;-0,02;0,0;0,0;-0,01;-0,01;-0,01;-0,01;-0,01;-0,01;-0,03;-0,03;-0,01;-0,01;0,0;0,0;-0,01;-0,01;0,0;0,0;-0,02;-0,02;0,0;0,0;-0,01;-0,01;0,0;0,0;-0,01;-0,01;-0,02;-0,02;-0,01;-0,01;0,0;0,0;-0,01;-0,01;-0,01;-0,01;-0,01;-0,01;-0,02;-0,02;0,0;0,0;0,0;0,0;-0,01;-0,01;-0,02;-0,02
17.08.2026;04:30;04:45;0,0;0,0;-0,17;-0,17;-0,03;-0,03;0,0;0,0;-0,02;-0,02;-0,01;-0,01;0,0;0,0;-0,02;-0,02;-0,01;-0,01;0,0;0,0;-0,01;-0,01;0,0;0,0;-0,01;-0,01;0,0;0,0;-0,01;-0,01;0,0;0,0;-0,02;-0,02;-0,03;-0,03;-0,01;-0,01;-0,02;-0,02;-0,01;-0,01;-0,01;-0,01;-0,01;-0,01;-0,01;-0,01;0,0;0,0;-0,02;-0,02;0,0;0,0;-0,03;-0,03
17.08.2026;04:45;05:00;0,0;0,0;-0,16;-0,16;-0,04;-0,04;0,0;0,0;-0,01;-0,01;-0,01;-0,01;-0,01;-0,01;-0,02;-0,02;-0,01;-0,01;0,0;0,0;-0,01;-0,01;0,0;0,0;0,0;0,0;0,0;0,0;-0,01;-0,01;0,0;0,0;-0,01;-0,01;-0,02;-0,02;-0,01;-0,01;0,0;0,0;-0,01;-0,01;-0,02;-0,02;-0,01;-0,01;-0,02;-0,02;0,0;0,0;0,0;0,0;0,0;0,0;-0,02;-0,02
17.08.2026;05:00;05:15;0,0;0,0;-0,17;-0,17;-0,05;-0,05;-0,01;-0,01;0,0;0,0;-0,01;-0,01;-0,01;-0,01;-0,02;-0,02;0,0;0,0;0,0;0,0;-0,01;-0,01;0,0;0,0;0,0;0,0;-0,01;-0,01;-0,01;-0,01;0,0;0,0;-0,01;-0,01;-0,03;-0,03;-0,01;-0,01;0,0;0,0;-0,01;-0,01;-0,01;-0,01;-0,01;-0,01;-0,01;-0,01;0,0;0,0;-0,02;-0,02;-0,01;-0,01;-0,02;-0,02
17.08.2026;05:15;05:30;0,0;0,0;-0,17;-0,17;-0,03;-0,03;0,0;0,0;-0,02;-0,02;-0,01;-0,01;-0,01;-0,01;-0,03;-0,03;0,0;0,0;0,0;0,0;-0,01;-0,01;0,0;0,0;-0,02;-0,02;0,0;0,0;-0,02;-0,02;-0,01;-0,01;-0,02;-0,02;-0,02;-0,02;-0,03;-0,03;-0,01;-0,01;-0,01;-0,01;-0,02;-0,02;-0,01;-0,01;-0,02;-0,02;0,0;0,0;0,0;0,0;-0,01;-0,01;-0,02;-0,02
17.08.2026;05:30;05:45;0,0;0,0;-0,2;-0,2;-0,03;-0,03;0,0;0,0;-0,01;-0,01;-0,01;-0,01;-0,02;-0,02;-0,02;-0,02;-0,01;-0,01;0,0;0,0;-0,01;-0,01;0,0;0,0;-0,02;-0,02;0,0;0,0;0,0;0,0;0,0;0,0;-0,01;-0,01;-0,12;-0,12;-0,01;-0,01;-0,02;-0,02;0,0;0,0;-0,01;-0,01;-0,01;-0,01;-0,01;-0,01;-0,01;-0,01;-0,02;-0,02;0,0;0,0;-0,02;-0,02
17.08.2026;05:45;06:00;0,0;0,0;-0,17;-0,17;-0,03;-0,03;0,0;0,0;-0,02;-0,02;-0,01;-0,01;-0,01;-0,01;-0,03;-0,03;0,0;0,0;0,0;0,0;-0,01;-0,01;0,0;0,0;-0,01;-0,01;0,0;0,0;-0,02;-0,02;0,0;0,0;-0,02;-0,02;-0,07;-0,07;-0,01;-0,01;-0,02;-0,02;-0,02;-0,02;-0,01;-0,01;0,0;0,0;-0,02;-0,02;0,0;0,0;0,0;0,0;0,0;0,0;-0,02;-0,02
17.08.2026;06:00;06:15;0,0;0,0;-0,19;-0,19;-0,03;-0,03;0,0;0,0;-0,01;-0,01;-0,01;-0,01;0,0;0,0;-0,03;-0,03;-0,01;-0,01;0,0;0,0;-0,01;-0,01;0,0;0,0;0,0;0,0;0,0;0,0;-0,01;-0,01;0,0;0,0;-0,03;-0,03;-0,05;-0,05;-0,01;-0,01;0,0;0,0;0,0;0,0;-0,01;-0,01;-0,01;-0,01;-0,01;-0,01;0,0;0,0;-0,02;-0,02;-0,01;-0,01;-0,01;-0,01
17.08.2026;06:15;06:30;0,02;0,02;-0,17;-0,17;-0,02;-0,02;0,0;0,0;0,0;0,0;-0,01;-0,01;-0,02;-0,02;-0,02;-0,02;-0,01;-0,01;0,0;0,0;-0,01;-0,01;0,0;0,0;0,0;0,0;0,0;0,0;-0,01;-0,01;0,0;0,0;-0,13;-0,13;-0,01;-0,01;-0,02;-0,02;-0,01;-0,01;-0,01;-0,01;-0,01;-0,01;-0,01;-0,01;-0,02;-0,02;0,0;0,0;0,0;0,0;0,0;0,0;-0,02;-0,02
17.08.2026;06:30;06:45;0,04;0,04;-0,19;-0,19;-0,01;-0,01;0,0;0,0;-0,02;-0,02;-0,01;-0,01;-0,02;-0,02;-0,03;-0,03;-0,01;-0,01;0,0;0,0;-0,01;-0,01;0,0;0,0;-0,01;-0,01;0,0;0,0;-0,01;-0,01;0,0;0,0;-0,46;-0,46;-0,03;-0,03;-0,02;-0,02;0,0;0,0;-0,01;-0,01;-0,01;-0,01;-0,01;-0,01;-0,01;-0,01;0,0;0,0;-0,02;-0,02;-0,01;-0,01;-0,02;-0,02
17.08.2026;06:45;07:00;0,09;0,09;-0,18;-0,18;-0,03;-0,03;0,0;0,0;-0,01;-0,01;-0,01;-0,01;-0,01;-0,01;-0,02;-0,02;0,0;0,0;0,0;0,0;-0,01;-0,01;0,0;0,0;-0,02;-0,02;-0,01;-0,01;-0,01;-0,01;0,0;0,0;-0,1;-0,1;-0,03;-0,03;-0,01;-0,01;-0,04;-0,04;0,0;0,0;-0,02;-0,02;-0,01;-0,01;-0,02;-0,02;0,0;0,0;0,0;0,0;0,0;0,0;-0,02;-0,02
17.08.2026;07:00;07:15;0,12;0,11;-0,23;-0,22;-0,03;-0,03;0,0;0,0;-0,02;-0,02;-0,01;-0,01;-0,01;-0,01;-0,03;-0,03;-0,01;-0,01;0,0;0,0;-0,01;-0,01;0,0;0,0;-0,02;-0,02;0,0;0,0;-0,01;-0,01;0,0;0,0;-0,03;-0,03;-0,02;-0,02;-0,01;-0,01;-0,02;-0,02;-0,02;-0,02;0,0;0,0;-0,01;-0,01;-0,01;-0,01;0,0;0,0;-0,02;-0,02;-0,01;-0,01;-0,02;-0,02
17.08.2026;07:15;07:30;0,19;0,14;-0,21;-0,16;-0,02;-0,02;0,0;0,0;-0,01;-0,01;-0,01;-0,01;0,0;0,0;-0,03;-0,03;-0,01;-0,01;0,0;0,0;-0,01;-0,01;0,0;0,0;0,0;0,0;0,0;0,0;-0,02;-0,02;0,0;0,0;-0,01;-0,01;-0,02;-0,02;-0,02;-0,02;-0,02;-0,02;0,0;0,0;-0,01;-0,01;-0,01;-0,01;-0,02;-0,02;0,0;0,0;0,0;0,0;0,0;0,0;-0,03;-0,03
17.08.2026;07:30;07:45;0,21;0,16;-0,34;-0,29;-0,19;-0,19;0,0;0,0;-0,01;-0,01;-0,01;-0,01;-0,01;-0,01;-0,02;-0,02;0,0;0,0;0,0;0,0;-0,01;-0,01;0,0;0,0;0,0;0,0;0,0;0,0;-0,01;-0,01;0,0;0,0;-0,02;-0,02;-0,02;-0,02;-0,28;-0,28;-0,01;-0,01;-0,01;-0,01;-0,01;-0,01;-0,01;-0,01;-0,01;-0,01;-0,01;-0,01;-0,02;-0,02;0,0;0,0;-0,02;-0,02
17.08.2026;07:45;08:00;0,22;0,17;-0,33;-0,28;-0,03;-0,03;0,0;0,0;0,0;0,0;-0,01;-0,01;-0,01;-0,01;-0,03;-0,03;-0,01;-0,01;0,0;0,0;-0,01;-0,01;0,0;0,0;-0,01;-0,01;0,0;0,0;-0,01;-0,01;-0,01;-0,01;-0,01;-0,01;-0,03;-0,03;-0,6;-0,6;-0,01;-0,01;-0,01;-0,01;-0,02;-0,02;0,0;0,0;-0,02;-0,02;0,0;0,0;0,0;0,0;-0,01;-0,01;-0,02;-0,02
17.08.2026;08:00;08:15;0,41;0,14;-0,35;-0,28;-0,04;-0,03;0,0;0,0;-0,02;-0,01;-0,01;0,0;-0,01;0,0;-0,03;-0,02;-0,01;0,0;0,0;0,0;-0,01;0,0;0,0;0,0;-0,01;0,0;-0,01;0,0;-0,02;-0,01;0,0;0,0;-0,01;0,0;-0,02;-0,01;-0,13;-0,12;-0,01;0,0;-0,01;0,0;-0,01;0,0;-0,02;-0,01;-0,01;0,0;0,0;0,0;-0,02;-0,01;0,0;0,0;-0,03;-0,02
17.08.2026;08:15;08:30;0,23;0,17;-0,3;-0,24;-0,02;-0,02;-0,01;-0,01;-0,01;-0,01;-0,01;-0,01;-0,01;-0,01;-0,06;-0,06;-0,01;-0,01;0,0;0,0;-0,01;-0,01;0,0;0,0;-0,02;-0,02;0,0;0,0;0,0;0,0;0,0;0,0;-0,01;-0,01;-0,01;-0,01;-0,03;-0,03;-0,01;-0,01;-0,01;-0,01;-0,01;-0,01;-0,01;-0,01;-0,07;-0,07;0,0;0,0;0,0;0,0;-0,01;-0,01;-0,02;-0,02
17.08.2026;08:30;08:45;0,18;0,13;-0,19;-0,14;-0,03;-0,03;0,0;0,0;-0,02;-0,02;-0,01;-0,01;-0,01;-0,01;-0,05;-0,05;0,0;0,0;-0,01;-0,01;-0,01;-0,01;0,0;0,0;-0,01;-0,01;0,0;0,0;-0,02;-0,02;0,0;0,0;0,0;0,0;-0,01;-0,01;-0,04;-0,04;0,0;0,0;-0,01;-0,01;-0,02;-0,02;0,0;0,0;-0,11;-0,11;0,0;0,0;-0,02;-0,02;0,0;0,0;-0,02;-0,02
17.08.2026;08:45;09:00;0,24;0,18;-0,28;-0,22;-0,02;-0,02;0,0;0,0;-0,01;-0,01;-0,01;-0,01;0,0;0,0;-0,07;-0,07;-0,01;-0,01;0,0;0,0;-0,01;-0,01;0,0;0,0;-0,01;-0,01;0,0;0,0;-0,01;-0,01;0,0;0,0;0,0;0,0;-0,02;-0,02;-0,1;-0,1;-0,01;-0,01;0,0;0,0;-0,03;-0,03;-0,01;-0,01;-0,1;-0,1;0,0;0,0;0,0;0,0;0,0;0,0;-0,02;-0,02
17.08.2026;09:00;09:15;0,31;0,11;-0,2;-0,17;-0,04;-0,03;0,0;0,0;0,0;0,0;-0,02;-0,01;-0,01;0,0;-0,09;-0,08;0,0;0,0;0,0;0,0;-0,01;0,0;-0,01;0,0;0,0;0,0;0,0;0,0;-0,01;0,0;0,0;0,0;0,0;0,0;-0,01;0,0;-0,49;-0,48;-0,01;0,0;-0,02;-0,01;-0,02;-0,01;-0,01;0,0;-0,1;-0,09;0,0;0,0;-0,02;-0,01;-0,01;0,0;-0,02;-0,01
17.08.2026;09:15;09:30;0,14;0,11;-0,2;-0,17;-0,02;-0,02;0,0;0,0;-0,01;-0,01;-0,04;-0,04;-0,01;-0,01;-0,08;-0,08;-0,01;-0,01;0,0;0,0;-0,01;-0,01;0,0;0,0;-0,01;-0,01;-0,01;-0,01;-0,02;-0,02;0,0;0,0;-0,01;-0,01;-0,02;-0,02;-0,4;-0,4;0,0;0,0;0,0;0,0;-0,03;-0,03;-0,02;-0,02;-0,48;-0,48;0,0;0,0;-0,01;-0,01;-0,01;-0,01;-0,01;-0,01
17.08.2026;09:30;09:45;0,0;0,0;-0,28;-0,28;-0,02;-0,02;0,0;0,0;-0,02;-0,02;-0,02;-0,02;-0,01;-0,01;-0,09;-0,09;-0,01;-0,01;0,0;0,0;-0,01;-0,01;0,0;0,0;-0,02;-0,02;0,0;0,0;-0,01;-0,01;0,0;0,0;0,0;0,0;-0,02;-0,02;-0,03;-0,03;-0,01;-0,01;-0,01;-0,01;-0,18;-0,18;-0,01;-0,01;-0,05;-0,05;-0,01;-0,01;-0,01;-0,01;0,0;0,0;-0,01;-0,01
17.08.2026;09:45;10:00;0,0;0,0;-0,34;-0,34;-0,02;-0,02;0,0;0,0;-0,01;-0,01;-0,02;-0,02;-0,01;-0,01;-0,08;-0,08;0,0;0,0;0,0;0,0;-0,01;-0,01;0,0;0,0;-0,01;-0,01;0,0;0,0;-0,03;-0,03;0,0;0,0;0,0;0,0;-0,03;-0,03;-0,01;-0,01;-0,01;-0,01;-0,01;-0,01;-0,6;-0,6;-0,01;-0,01;-0,03;-0,03;0,0;0,0;-0,01;-0,01;0,0;0,0;-0,02;-0,02
17.08.2026;10:00;10:15;0,0;0,0;-0,21;-0,21;-0,03;-0,03;0,0;0,0;-0,02;-0,02;-0,01;-0,01;-0,01;-0,01;-0,09;-0,09;-0,01;-0,01;0,0;0,0;-0,01;-0,01;0,0;0,0;-0,01;-0,01;0,0;0,0;-0,04;-0,04;0,0;0,0;-0,01;-0,01;-0,03;-0,03;-0,1;-0,1;-0,01;-0,01;0,0;0,0;-0,62;-0,62;-0,01;-0,01;-0,05;-0,05;0,0;0,0;-0,01;-0,01;-0,01;-0,01;-0,03;-0,03
17.08.2026;10:15;10:30;0,45;0,18;-0,28;-0,19;-0,02;-0,01;0,0;0,0;0,0;0,0;-0,01;0,0;-0,01;0,0;-0,08;-0,07;0,0;0,0;0,0;0,0;-0,01;0,0;0,0;0,0;0,0;0,0;0,0;0,0;-0,05;-0,04;-0,01;0,0;-0,01;0,0;-0,03;-0,02;-0,21;-0,2;-0,01;0,0;-0,02;-0,01;-0,24;-0,23;-0,01;0,0;-0,12;-0,11;0,0;0,0;-0,01;0,0;-0,01;0,0;-0,02;-0,01
17.08.2026;10:30;10:45;0,42;0,17;-0,24;-0,17;-0,02;-0,01;0,0;0,0;-0,01;0,0;-0,01;0,0;-0,03;-0,02;-0,09;-0,08;-0,01;0,0;0,0;0,0;-0,01;0,0;0,0;0,0;0,0;0,0;-0,01;0,0;-0,02;-0,01;0,0;0,0;-0,02;-0,01;-0,03;-0,02;-0,19;-0,18;-0,01;0,0;0,0;0,0;-0,15;-0,14;-0,01;0,0;-0,16;-0,15;0,0;0,0;-0,01;0,0;0,0;0,0;-0,02;-0,01
17.08.2026;10:45;11:00;0,24;0,18;-0,18;-0,12;-0,02;-0,02;0,0;0,0;-0,01;-0,01;-0,01;-0,01;-0,03;-0,03;-0,08;-0,08;-0,01;-0,01;0,0;0,0;-0,01;-0,01;0,0;0,0;-0,02;-0,02;0,0;0,0;-0,01;-0,01;0,0;0,0;-0,01;-0,01;-0,02;-0,02;-0,09;-0,09;0,0;0,0;-0,01;-0,01;-0,27;-0,27;-0,01;-0,01;-0,15;-0,15;0,0;0,0;-0,01;-0,01;0,0;0,0;-0,03;-0,03
17.08.2026;11:00;11:15;0,21;0,16;-0,22;-0,17;-0,02;-0,02;0,0;0,0;-0,02;-0,02;-0,02;-0,02;-0,03;-0,03;-0,09;-0,09;-0,01;-0,01;0,0;0,0;-0,01;-0,01;0,0;0,0;-0,02;-0,02;0,0;0,0;-0,02;-0,02;0,0;0,0;-0,01;-0,01;-0,02;-0,02;-0,08;-0,08;-0,01;-0,01;-0,01;-0,01;-0,13;-0,13;-0,01;-0,01;-0,14;-0,14;0,0;0,0;-0,01;-0,01;-0,01;-0,01;-0,02;-0,02
17.08.2026;11:15;11:30;0,54;0,15;-0,33;-0,24;-0,03;-0,01;0,0;0,0;-0,01;0,0;-0,01;0,0;-0,04;-0,02;-0,08;-0,06;0,0;0,0;0,0;0,0;-0,01;0,0;0,0;0,0;-0,01;0,0;0,0;0,0;-0,02;0,0;0,0;0,0;-0,02;0,0;-0,02;0,0;-0,1;-0,08;-0,01;0,0;-0,01;0,0;-0,05;-0,03;-0,01;0,0;-0,13;-0,11;0,0;0,0;-0,02;0,0;-0,01;0,0;-0,02;0,0
17.08.2026;11:30;11:45;0,61;0,21;-0,31;-0,19;-0,05;-0,03;-0,01;0,0;-0,01;0,0;-0,05;-0,03;-0,07;-0,05;-0,09;-0,07;-0,01;0,0;0,0;0,0;-0,01;0,0;0,0;0,0;0,0;0,0;0,0;0,0;-0,02;0,0;0,0;0,0;-0,01;0,0;-0,03;-0,01;-0,05;-0,03;0,0;0,0;-0,01;0,0;-0,08;-0,06;-0,01;0,0;-0,03;-0,01;-0,01;0,0;0,0;0,0;0,0;0,0;-0,02;0,0
17.08.2026;11:45;12:00;0,45;0,19;-0,17;-0,08;-0,05;-0,04;0,0;0,0;-0,01;0,0;-0,12;-0,11;-0,03;-0,02;-0,2;-0,19;-0,01;0,0;0,0;0,0;-0,01;0,0;0,0;0,0;0,0;0,0;0,0;0,0;-0,03;-0,02;0,0;0,0;-0,01;0,0;-0,02;-0,01;-0,02;-0,01;-0,01;0,0;-0,01;0,0;-0,06;-0,05;0,0;0,0;-0,02;-0,01;0,0;0,0;-0,02;-0,01;0,0;0,0;-0,03;-0,02
17.08.2026;12:00;12:15;0,78;0,22;-0,21;-0,05;-0,04;0,0;0,0;0,0;-0,01;0,0;-0,07;-0,03;-0,03;0,0;-0,44;-0,4;0,0;0,0;0,0;0,0;-0,01;0,0;0,0;0,0;-0,01;0,0;0,0;0,0;-0,02;0,0;0,0;0,0;-0,02;0,0;-0,03;0,0;-0,01;0,0;-0,01;0,0;0,0;0,0;-0,03;0,0;-0,02;0,0;-0,03;0,0;0,0;0,0;-0,03;0,0;-0,01;0,0;-0,01;0,0
17.08.2026;12:15;12:30;0,79;0,2;-0,17;-0,02;-0,05;-0,01;0,0;0,0;-0,01;0,0;-0,1;-0,06;-0,03;0,0;-0,42;-0,38;-0,01;0,0;0,0;0,0;-0,01;0,0;0,0;0,0;-0,02;0,0;0,0;0,0;-0,02;0,0;0,0;0,0;-0,01;0,0;-0,04;0,0;-0,02;0,0;-0,01;0,0;-0,01;0,0;-0,12;-0,08;-0,01;0,0;-0,04;0,0;0,0;0,0;-0,03;0,0;0,0;0,0;-0,01;0,0
17.08.2026;12:30;12:45;0,98;0,28;-0,18;0,0;-0,06;0,0;0,0;0,0;-0,02;0,0;-0,15;-0,09;-0,03;0,0;-0,17;-0,11;0,0;0,0;0,0;0,0;-0,02;0,0;0,0;0,0;-0,02;0,0;0,0;0,0;-0,02;0,0;0,0;0,0;-0,01;0,0;-0,04;0,0;-0,01;0,0;-0,01;0,0;-0,01;0,0;-0,11;-0,05;0,0;0,0;-0,04;0,0;0,0;0,0;-0,02;0,0;-0,01;0,0;-0,02;0,0
17.08.2026;12:45;13:00;1,6;0,73;-0,18;0,0;-0,05;0,0;0,0;0,0;-0,01;0,0;-0,13;0,0;-0,03;0,0;-0,11;0,0;-0,01;0,0;0,0;0,0;0,0;0,0;0,0;0,0;0,0;0,0;0,0;0,0;-0,03;0,0;-0,01;0,0;-0,01;0,0;-0,04;0,0;-0,01;0,0;-0,01;0,0;0,0;0,0;-0,15;0,0;-0,01;0,0;-0,04;0,0;0,0;0,0;-0,01;0,0;0,0;0,0;-0,03;0,0
17.08.2026;13:00;13:15;1,74;0,86;-0,25;0,0;-0,03;0,0;0,0;0,0;-0,01;0,0;-0,11;0,0;-0,02;0,0;-0,09;0,0;-0,01;0,0;0,0;0,0;-0,01;0,0;0,0;0,0;0,0;0,0;0,0;0,0;-0,02;0,0;0,0;0,0;0,0;0,0;-0,04;0,0;-0,02;0,0;-0,01;0,0;-0,02;0,0;-0,15;0,0;-0,01;0,0;-0,04;0,0;0,0;0,0;-0,01;0,0;0,0;0,0;-0,03;0,0
17.08.2026;13:15;13:30;1,41;0,5;-0,21;0,0;-0,05;0,0;0,0;0,0;0,0;0,0;-0,12;0,0;-0,03;0,0;-0,08;0,0;0,0;0,0;0,0;0,0;-0,01;0,0;0,0;0,0;-0,01;0,0;-0,01;0,0;-0,02;0,0;0,0;0,0;0,0;0,0;-0,03;0,0;-0,01;0,0;0,0;0,0;0,0;0,0;-0,24;-0,12;-0,01;0,0;-0,03;0,0;0,0;0,0;-0,04;0,0;-0,01;0,0;-0,45;-0,33
17.08.2026;13:30;13:45;0,56;0,12;-0,35;-0,25;-0,13;-0,11;0,0;0,0;-0,02;0,0;-0,12;-0,1;-0,03;-0,01;-0,31;-0,29;-0,01;0,0;-0,01;0,0;-0,02;0,0;0,0;0,0;-0,02;0,0;0,0;0,0;-0,03;-0,01;0,0;0,0;0,0;0,0;-0,04;-0,02;-0,08;-0,06;-0,01;0,0;-0,01;0,0;-0,38;-0,36;-0,01;0,0;-0,03;-0,01;-0,01;0,0;-0,01;0,0;-0,01;0,0;-0,42;-0,4
17.08.2026;13:45;14:00;0,1;0,1;-0,24;-0,24;-0,13;-0,13;0,0;0,0;-0,01;-0,01;-0,12;-0,12;-0,03;-0,03;-0,12;-0,12;-0,01;-0,01;0,0;0,0;0,0;0,0;0,0;0,0;-0,01;-0,01;0,0;0,0;-0,02;-0,02;0,0;0,0;0,0;0,0;-0,04;-0,04;-0,06;-0,06;-0,01;-0,01;-0,01;-0,01;-0,32;-0,32;-0,01;-0,01;-0,04;-0,04;0,0;0,0;-0,04;-0,04;0,0;0,0;-0,27;-0,27
17.08.2026;14:00;14:15;0,03;0,03;-0,26;-0,26;-0,04;-0,04;0,0;0,0;-0,02;-0,02;-0,11;-0,11;-0,04;-0,04;-0,32;-0,32;-0,01;-0,01;0,0;0,0;-0,01;-0,01;-0,01;-0,01;-0,01;-0,01;0,0;0,0;-0,02;-0,02;0,0;0,0;-0,01;-0,01;-0,04;-0,04;-0,06;-0,06;0,0;0,0;-0,01;-0,01;-0,42;-0,42;-0,01;-0,01;-0,03;-0,03;0,0;0,0;-0,02;-0,02;0,0;0,0;-0,12;-0,12
17.08.2026;14:15;14:30;1,15;0,27;-0,22;0,0;-0,04;0,0;0,0;0,0;-0,01;0,0;-0,12;-0,03;-0,03;0,0;-0,1;-0,01;0,0;0,0;0,0;0,0;-0,01;0,0;0,0;0,0;-0,01;0,0;0,0;0,0;-0,03;0,0;0,0;0,0;0,0;0,0;-0,04;0,0;-0,05;0,0;-0,01;0,0;-0,01;0,0;-0,33;-0,24;-0,01;0,0;-0,03;0,0;0,0;0,0;-0,01;0,0;-0,01;0,0;-0,4;-0,31
17.08.2026;14:30;14:45;0,53;0,18;-0,19;-0,1;-0,05;-0,03;0,0;0,0;0,0;0,0;-0,13;-0,11;-0,01;0,0;-0,1;-0,08;-0,01;0,0;0,0;0,0;-0,01;0,0;0,0;0,0;0,0;0,0;0,0;0,0;-0,06;-0,04;0,0;0,0;0,0;0,0;-0,03;-0,01;-0,05;-0,03;-0,01;0,0;-0,01;0,0;-0,31;-0,29;-0,01;0,0;-0,03;-0,01;0,0;0,0;-0,04;-0,02;0,0;0,0;-0,19;-0,17
17.08.2026;14:45;15:00;0,22;0,17;-0,31;-0,26;-0,06;-0,06;0,0;0,0;-0,01;-0,01;-0,13;-0,13;-0,01;-0,01;-0,1;-0,1;0,0;0,0;0,0;0,0;-0,01;-0,01;0,0;0,0;-0,01;-0,01;0,0;0,0;-0,01;-0,01;0,0;0,0;-0,01;-0,01;-0,04;-0,04;-0,03;-0,03;-0,01;-0,01;0,0;0,0;-0,07;-0,07;0,0;0,0;-0,04;-0,04;0,0;0,0;-0,03;-0,03;-0,01;-0,01;-0,06;-0,06
17.08.2026;15:00;15:15;0,01;0,01;-0,23;-0,23;-0,05;-0,05;-0,01;-0,01;-0,02;-0,02;-0,12;-0,12;-0,01;-0,01;-0,09;-0,09;-0,01;-0,01;0,0;0,0;0,0;0,0;0,0;0,0;-0,02;-0,02;-0,05;-0,05;-0,02;-0,02;0,0;0,0;-0,02;-0,02;-0,03;-0,03;-0,05;-0,05;-0,02;-0,02;-0,02;-0,02;-0,03;-0,03;-0,01;-0,01;-0,03;-0,03;0,0;0,0;-0,03;-0,03;0,0;0,0;-0,36;-0,36
17.08.2026;15:15;15:30;0,01;0,01;-0,18;-0,18;-0,03;-0,03;0,0;0,0;-0,01;-0,01;-0,15;-0,15;-0,01;-0,01;-0,42;-0,42;-0,01;-0,01;0,0;0,0;-0,01;-0,01;0,0;0,0;-0,01;-0,01;-0,04;-0,04;-0,02;-0,02;-0,01;-0,01;-0,01;-0,01;-0,02;-0,02;-0,06;-0,06;-0,02;-0,02;0,0;0,0;-0,45;-0,45;-0,01;-0,01;-0,02;-0,02;0,0;0,0;-0,02;-0,02;-0,01;-0,01;-0,06;-0,06
17.08.2026;15:30;15:45;0,21;0,16;-0,2;-0,15;-0,06;-0,06;0,0;0,0;-0,02;-0,02;-0,15;-0,15;-0,01;-0,01;-0,15;-0,15;0,0;0,0;0,0;0,0;-0,01;-0,01;0,0;0,0;-0,01;-0,01;-0,03;-0,03;-0,02;-0,02;0,0;0,0;-0,01;-0,01;-0,01;-0,01;-0,06;-0,06;-0,02;-0,02;-0,01;-0,01;-0,33;-0,33;-0,01;-0,01;-0,03;-0,03;-0,01;-0,01;-0,03;-0,03;0,0;0,0;-0,05;-0,05
17.08.2026;15:45;16:00;0,75;0,22;-0,32;-0,17;-0,07;-0,04;0,0;0,0;0,0;0,0;-0,14;-0,11;-0,01;0,0;-0,08;-0,05;-0,01;0,0;0,0;0,0;-0,01;0,0;0,0;0,0;0,0;0,0;-0,03;0,0;-0,01;0,0;0,0;0,0;-0,02;0,0;-0,02;0,0;-0,08;-0,05;-0,04;-0,01;-0,01;0,0;-0,16;-0,13;-0,01;0,0;-0,05;-0,02;0,0;0,0;-0,01;0,0;0,0;0,0;-0,05;-0,02
17.08.2026;16:00;16:15;0,62;0,21;-0,22;-0,1;-0,05;-0,03;0,0;0,0;-0,01;0,0;-0,13;-0,11;0,0;0,0;-0,06;-0,04;0,0;0,0;0,0;0,0;-0,01;0,0;0,0;0,0;0,0;0,0;-0,02;0,0;-0,03;-0,01;0,0;0,0;-0,01;0,0;-0,03;-0,01;-0,02;0,0;-0,03;-0,01;0,0;0,0;-0,12;-0,1;-0,01;0,0;-0,03;-0,01;0,0;0,0;-0,02;0,0;-0,01;0,0;-0,03;-0,01
17.08.2026;16:15;16:30;0,36;0,11;-0,21;-0,15;-0,05;-0,04;0,0;0,0;-0,02;-0,01;-0,1;-0,09;-0,01;0,0;-0,05;-0,04;-0,01;0,0;0,0;0,0;0,0;0,0;0,0;0,0;-0,02;-0,01;-0,02;-0,01;-0,02;-0,01;0,0;0,0;-0,01;0,0;-0,02;-0,01;-0,02;-0,01;-0,02;-0,01;-0,02;-0,01;-0,11;-0,1;-0,01;0,0;-0,02;-0,01;0,0;0,0;0,0;0,0;-0,01;0,0;-0,27;-0,26
17.08.2026;16:30;16:45;0,08;0,08;-0,21;-0,21;-0,04;-0,04;0,0;0,0;-0,01;-0,01;-0,31;-0,31;-0,01;-0,01;-0,04;-0,04;-0,01;-0,01;0,0;0,0;-0,01;-0,01;0,0;0,0;-0,02;-0,02;-0,04;-0,04;-0,03;-0,03;0,0;0,0;-0,02;-0,02;-0,02;-0,02;-0,38;-0,38;-0,02;-0,02;-0,01;-0,01;-0,07;-0,07;-0,01;-0,01;-0,01;-0,01;0,0;0,0;-0,02;-0,02;0,0;0,0;-0,06;-0,06
17.08.2026;16:45;17:00;0,03;0,03;-0,3;-0,3;-0,05;-0,05;0,0;0,0;-0,01;-0,01;-0,25;-0,25;-0,01;-0,01;-0,02;-0,02;-0,01;-0,01;0,0;0,0;-0,01;-0,01;0,0;0,0;-0,01;-0,01;-0,02;-0,02;-0,02;-0,02;0,0;0,0;-0,01;-0,01;-0,03;-0,03;-0,07;-0,07;-0,03;-0,03;0,0;0,0;-0,06;-0,06;0,0;0,0;-0,03;-0,03;0,0;0,0;-0,01;-0,01;-0,01;-0,01;-0,02;-0,02
17.08.2026;17:00;17:15;0,2;0,15;-0,42;-0,37;-0,05;-0,05;0,0;0,0;-0,01;-0,01;-0,17;-0,17;-0,01;-0,01;-0,02;-0,02;0,0;0,0;0,0;0,0;-0,01;-0,01;0,0;0,0;0,0;0,0;0,0;0,0;-0,02;-0,02;0,0;0,0;-0,01;-0,01;-0,02;-0,02;-0,08;-0,08;-0,02;-0,02;-0,02;-0,02;-0,07;-0,07;-0,02;-0,02;-0,08;-0,08;0,0;0,0;-0,02;-0,02;-0,01;-0,01;-0,01;-0,01
17.08.2026;17:15;17:30;0,27;0,19;-0,25;-0,17;-0,04;-0,04;0,0;0,0;-0,01;-0,01;-0,25;-0,25;-0,01;-0,01;-0,02;-0,02;-0,01;-0,01;0,0;0,0;-0,05;-0,05;0,0;0,0;-0,01;-0,01;0,0;0,0;-0,02;-0,02;0,0;0,0;0,0;0,0;-0,02;-0,02;-0,1;-0,1;-0,01;-0,01;0,0;0,0;-0,03;-0,03;-0,01;-0,01;-0,09;-0,09;0,0;0,0;0,0;0,0;-0,04;-0,04;-0,02;-0,02
17.08.2026;17:30;17:45;0,09;0,09;-0,36;-0,36;-0,06;-0,06;0,0;0,0;-0,01;-0,01;-0,31;-0,31;0,0;0,0;-0,02;-0,02;-0,01;-0,01;0,0;0,0;-0,01;-0,01;0,0;0,0;-0,01;-0,01;0,0;0,0;-0,07;-0,07;0,0;0,0;0,0;0,0;-0,03;-0,03;-0,23;-0,23;-0,03;-0,03;-0,01;-0,01;-0,03;-0,03;-0,01;-0,01;-0,12;-0,12;-0,01;-0,01;-0,02;-0,02;-0,01;-0,01;-0,04;-0,04
17.08.2026;17:45;18:00;0,0;0,0;-0,29;-0,29;-0,11;-0,11;0,0;0,0;-0,02;-0,02;-0,55;-0,55;-0,02;-0,02;-0,02;-0,02;0,0;0,0;0,0;0,0;-0,01;-0,01;0,0;0,0;-0,01;-0,01;0,0;0,0;-0,06;-0,06;-0,01;-0,01;-0,01;-0,01;-0,1;-0,1;-0,02;-0,02;-0,03;-0,03;-0,01;-0,01;-0,03;-0,03;0,0;0,0;-0,11;-0,11;0,0;0,0;-0,01;-0,01;-0,01;-0,01;-0,04;-0,04
17.08.2026;18:00;18:15;0,0;0,0;-0,21;-0,21;-0,08;-0,08;0,0;0,0;-0,01;-0,01;-0,31;-0,31;0,0;0,0;-0,02;-0,02;-0,01;-0,01;0,0;0,0;-0,01;-0,01;0,0;0,0;-0,02;-0,02;-0,01;-0,01;-0,08;-0,08;0,0;0,0;0,0;0,0;-0,22;-0,22;-0,01;-0,01;-0,37;-0,37;0,0;0,0;-0,09;-0,09;-0,01;-0,01;-0,08;-0,08;0,0;0,0;-0,01;-0,01;0,0;0,0;-0,02;-0,02
17.08.2026;18:15;18:30;0,0;0,0;-0,21;-0,21;-0,13;-0,13;-0,01;-0,01;-0,01;-0,01;-0,11;-0,11;-0,01;-0,01;-0,02;-0,02;0,0;0,0;0,0;0,0;-0,01;-0,01;0,0;0,0;0,0;0,0;0,0;0,0;-0,08;-0,08;0,0;0,0;0,0;0,0;-0,19;-0,19;-0,02;-0,02;-0,18;-0,18;-0,02;-0,02;-0,08;-0,08;-0,01;-0,01;-0,13;-0,13;0,0;0,0;-0,01;-0,01;-0,01;-0,01;-0,04;-0,04
17.08.2026;18:30;18:45;0,02;0,02;-0,2;-0,2;-0,06;-0,06;0,0;0,0;-0,01;-0,01;-0,11;-0,11;-0,02;-0,02;-0,02;-0,02;-0,01;-0,01;-0,01;-0,01;-0,01;-0,01;0,0;0,0;0,0;0,0;0,0;0,0;-0,07;-0,07;0,0;0,0;-0,01;-0,01;-0,27;-0,27;-0,01;-0,01;-0,07;-0,07;0,0;0,0;-0,03;-0,03;-0,01;-0,01;-0,08;-0,08;0,0;0,0;-0,01;-0,01;-0,01;-0,01;-0,04;-0,04
17.08.2026;18:45;19:00;0,06;0,06;-0,26;-0,26;-0,05;-0,05;0,0;0,0;-0,01;-0,01;-0,09;-0,09;-0,01;-0,01;-0,02;-0,02;-0,01;-0,01;0,0;0,0;-0,01;-0,01;0,0;0,0;-0,01;-0,01;-0,01;-0,01;-0,08;-0,08;0,0;0,0;-0,01;-0,01;-0,23;-0,23;-0,02;-0,02;-0,04;-0,04;-0,01;-0,01;-0,02;-0,02;-0,01;-0,01;-0,1;-0,1;0,0;0,0;-0,04;-0,04;0,0;0,0;-0,03;-0,03
17.08.2026;19:00;19:15;0,07;0,07;-0,22;-0,22;-0,05;-0,05;0,0;0,0;-0,01;-0,01;-0,16;-0,16;-0,01;-0,01;-0,01;-0,01;0,0;0,0;0,0;0,0;-0,01;-0,01;-0,01;-0,01;-0,01;-0,01;-0,01;-0,01;-0,08;-0,08;0,0;0,0;-0,03;-0,03;-0,23;-0,23;-0,06;-0,06;-0,03;-0,03;-0,01;-0,01;-0,01;-0,01;-0,01;-0,01;-0,08;-0,08;0,0;0,0;-0,03;-0,03;0,0;0,0;-0,04;-0,04
17.08.2026;19:15;19:30;0,07;0,07;-0,33;-0,33;-0,05;-0,05;0,0;0,0;-0,02;-0,02;-0,14;-0,14;-0,02;-0,02;-0,02;-0,02;-0,01;-0,01;0,0;0,0;-0,01;-0,01;0,0;0,0;-0,02;-0,02;-0,01;-0,01;-0,08;-0,08;0,0;0,0;-0,04;-0,04;-0,12;-0,12;-0,07;-0,07;-0,03;-0,03;0,0;0,0;0,0;0,0;-0,01;-0,01;-0,09;-0,09;0,0;0,0;-0,02;-0,02;-0,01;-0,01;-0,04;-0,04
17.08.2026;19:30;19:45;0,06;0,06;-0,33;-0,33;-0,06;-0,06;0,0;0,0;-0,01;-0,01;-0,15;-0,15;-0,04;-0,04;-0,02;-0,02;-0,01;-0,01;0,0;0,0;0,0;0,0;0,0;0,0;-0,01;-0,01;-0,01;-0,01;-0,08;-0,08;0,0;0,0;-0,03;-0,03;-0,08;-0,08;-0,07;-0,07;-0,04;-0,04;-0,02;-0,02;-0,01;-0,01;-0,01;-0,01;-0,44;-0,44;-0,01;-0,01;-0,04;-0,04;-0,01;-0,01;-0,02;-0,02
17.08.2026;19:45;20:00;0,03;0,03;-0,21;-0,21;-0,05;-0,05;0,0;0,0;-0,01;-0,01;-0,15;-0,15;-0,04;-0,04;-0,01;-0,01;0,0;0,0;0,0;0,0;-0,01;-0,01;0,0;0,0;0,0;0,0;-0,01;-0,01;-0,07;-0,07;0,0;0,0;-0,03;-0,03;-0,06;-0,06;-0,06;-0,06;-0,14;-0,14;0,0;0,0;-0,05;-0,05;0,0;0,0;-0,08;-0,08;0,0;0,0;-0,05;-0,05;0,0;0,0;-0,03;-0,03
17.08.2026;20:00;20:15;0,01;0,01;-0,19;-0,19;-0,05;-0,05;0,0;0,0;-0,01;-0,01;-0,14;-0,14;-0,03;-0,03;0,0;0,0;-0,01;-0,01;0,0;0,0;-0,01;-0,01;0,0;0,0;-0,01;-0,01;-0,01;-0,01;-0,08;-0,08;0,0;0,0;-0,09;-0,09;-0,04;-0,04;-0,14;-0,14;-0,04;-0,04;-0,01;-0,01;-0,12;-0,12;-0,01;-0,01;-0,08;-0,08;0,0;0,0;-0,04;-0,04;0,0;0,0;-0,02;-0,02
17.08.2026;20:15;20:30;0,01;0,01;-0,2;-0,2;-0,04;-0,04;0,0;0,0;-0,01;-0,01;-0,14;-0,14;-0,03;-0,03;-0,02;-0,02;-0,01;-0,01;0,0;0,0;-0,01;-0,01;0,0;0,0;0,0;0,0;-0,01;-0,01;-0,07;-0,07;-0,01;-0,01;-0,03;-0,03;-0,06;-0,06;-0,7;-0,7;-0,04;-0,04;-0,01;-0,01;-0,11;-0,11;-0,02;-0,02;-0,04;-0,04;0,0;0,0;-0,03;-0,03;-0,01;-0,01;-0,02;-0,02
17.08.2026;20:30;20:45;0,0;0,0;-0,21;-0,21;-0,06;-0,06;0,0;0,0;-0,01;-0,01;-0,13;-0,13;-0,03;-0,03;-0,02;-0,02;0,0;0,0;0,0;0,0;-0,01;-0,01;0,0;0,0;-0,02;-0,02;-0,01;-0,01;-0,07;-0,07;0,0;0,0;-0,04;-0,04;-0,04;-0,04;-0,53;-0,53;-0,03;-0,03;-0,01;-0,01;-0,15;-0,15;0,0;0,0;-0,05;-0,05;0,0;0,0;-0,04;-0,04;0,0;0,0;-0,02;-0,02
17.08.2026;20:45;21:00;0,0;0,0;-0,24;-0,24;-0,06;-0,06;0,0;0,0;-0,02;-0,02;-0,14;-0,14;-0,03;-0,03;-0,02;-0,02;-0,01;-0,01;0,0;0,0;0,0;0,0;0,0;0,0;-0,01;-0,01;-0,01;-0,01;-0,07;-0,07;0,0;0,0;-0,03;-0,03;-0,06;-0,06;-0,06;-0,06;-0,09;-0,09;-0,01;-0,01;-0,38;-0,38;-0,01;-0,01;-0,05;-0,05;0,0;0,0;-0,02;-0,02;-0,01;-0,01;-0,02;-0,02
17.08.2026;21:00;21:15;0,0;0,0;-0,24;-0,24;-0,04;-0,04;0,0;0,0;-0,01;-0,01;-0,13;-0,13;-0,02;-0,02;-0,02;-0,02;-0,01;-0,01;0,0;0,0;-0,01;-0,01;0,0;0,0;-0,01;-0,01;-0,01;-0,01;-0,07;-0,07;0,0;0,0;-0,03;-0,03;-0,04;-0,04;-0,05;-0,05;-0,3;-0,3;-0,01;-0,01;-0,26;-0,26;-0,01;-0,01;-0,04;-0,04;0,0;0,0;-0,04;-0,04;0,0;0,0;-0,03;-0,03
17.08.2026;21:15;21:30;0,0;0,0;-0,23;-0,23;-0,04;-0,04;0,0;0,0;-0,01;-0,01;-0,14;-0,14;-0,03;-0,03;-0,02;-0,02;0,0;0,0;0,0;0,0;-0,01;-0,01;0,0;0,0;-0,01;-0,01;0,0;0,0;-0,08;-0,08;0,0;0,0;-0,02;-0,02;-0,03;-0,03;-0,02;-0,02;-0,09;-0,09;0,0;0,0;-0,06;-0,06;-0,01;-0,01;-0,02;-0,02;0,0;0,0;-0,02;-0,02;0,0;0,0;-0,02;-0,02
17.08.2026;21:30;21:45;0,0;0,0;-0,2;-0,2;-0,05;-0,05;-0,01;-0,01;0,0;0,0;-0,14;-0,14;-0,03;-0,03;-0,02;-0,02;-0,01;-0,01;0,0;0,0;-0,01;-0,01;0,0;0,0;0,0;0,0;0,0;0,0;-0,07;-0,07;0,0;0,0;-0,01;-0,01;-0,04;-0,04;-0,02;-0,02;-0,02;-0,02;-0,01;-0,01;-0,04;-0,04;-0,01;-0,01;-0,02;-0,02;-0,01;-0,01;-0,04;-0,04;-0,01;-0,01;-0,02;-0,02
17.08.2026;21:45;22:00;0,0;0,0;-0,2;-0,2;-0,06;-0,06;0,0;0,0;-0,02;-0,02;-0,26;-0,26;-0,02;-0,02;-0,01;-0,01;0,0;0,0;0,0;0,0;-0,01;-0,01;0,0;0,0;0,0;0,0;0,0;0,0;-0,15;-0,15;0,0;0,0;-0,01;-0,01;-0,05;-0,05;-0,02;-0,02;-0,02;-0,02;-0,01;-0,01;-0,05;-0,05;-0,01;-0,01;-0,01;-0,01;0,0;0,0;-0,02;-0,02;-0,01;-0,01;-0,01;-0,01
17.08.2026;22:00;22:15;0,0;0,0;-0,25;-0,25;-0,05;-0,05;0,0;0,0;-0,01;-0,01;-0,49;-0,49;-0,07;-0,07;-0,02;-0,02;-0,01;-0,01;0,0;0,0;0,0;0,0;0,0;0,0;-0,02;-0,02;-0,01;-0,01;-0,08;-0,08;0,0;0,0;0,0;0,0;-0,04;-0,04;-0,01;-0,01;-0,01;-0,01;0,0;0,0;-0,03;-0,03;-0,01;-0,01;-0,02;-0,02;0,0;0,0;-0,03;-0,03;0,0;0,0;-0,01;-0,01
17.08.2026;22:15;22:30;0,0;0,0;-0,18;-0,18;-0,03;-0,03;0,0;0,0;-0,02;-0,02;-0,11;-0,11;-0,07;-0,07;-0,02;-0,02;-0,01;-0,01;0,0;0,0;-0,01;-0,01;0,0;0,0;-0,02;-0,02;0,0;0,0;-0,07;-0,07;0,0;0,0;-0,01;-0,01;-0,05;-0,05;-0,01;-0,01;-0,02;-0,02;-0,02;-0,02;-0,01;-0,01;-0,02;-0,02;-0,05;-0,05;0,0;0,0;-0,02;-0,02;0,0;0,0;-0,02;-0,02
17.08.2026;22:30;22:45;0,0;0,0;-0,2;-0,2;-0,04;-0,04;0,0;0,0;-0,01;-0,01;-0,11;-0,11;-0,04;-0,04;-0,02;-0,02;0,0;0,0;0,0;0,0;-0,01;-0,01;0,0;0,0;0,0;0,0;0,0;0,0;-0,07;-0,07;0,0;0,0;-0,01;-0,01;-0,05;-0,05;-0,01;-0,01;-0,03;-0,03;0,0;0,0;-0,03;-0,03;-0,02;-0,02;-0,07;-0,07;0,0;0,0;-0,03;-0,03;-0,01;-0,01;-0,02;-0,02
17.08.2026;22:45;23:00;0,0;0,0;-0,19;-0,19;-0,03;-0,03;0,0;0,0;0,0;0,0;-0,17;-0,17;-0,04;-0,04;-0,02;-0,02;-0,01;-0,01;0,0;0,0;-0,01;-0,01;0,0;0,0;-0,01;-0,01;0,0;0,0;-0,07;-0,07;-0,01;-0,01;0,0;0,0;-0,04;-0,04;-0,02;-0,02;-0,01;-0,01;-0,01;-0,01;-0,34;-0,34;-0,02;-0,02;-0,02;-0,02;0,0;0,0;-0,03;-0,03;-0,01;-0,01;-0,02;-0,02
17.08.2026;23:00;23:15;0,0;0,0;-0,19;-0,19;-0,03;-0,03;0,0;0,0;-0,02;-0,02;-0,25;-0,25;-0,01;-0,01;-0,03;-0,03;-0,01;-0,01;0,0;0,0;0,0;0,0;0,0;0,0;0,0;0,0;0,0;0,0;-0,06;-0,06;0,0;0,0;-0,01;-0,01;-0,03;-0,03;-0,01;-0,01;0,0;0,0;-0,02;-0,02;-0,22;-0,22;-0,03;-0,03;-0,02;-0,02;0,0;0,0;-0,02;-0,02;0,0;0,0;-0,02;-0,02
17.08.2026;23:15;23:30;0,0;0,0;-0,19;-0,19;-0,01;-0,01;0,0;0,0;-0,01;-0,01;-0,44;-0,44;-0,02;-0,02;-0,02;-0,02;-0,01;-0,01;0,0;0,0;-0,01;-0,01;0,0;0,0;-0,01;-0,01;0,0;0,0;-0,05;-0,05;0,0;0,0;0,0;0,0;-0,02;-0,02;-0,01;-0,01;-0,01;-0,01;0,0;0,0;-0,2;-0,2;-0,02;-0,02;-0,02;-0,02;0,0;0,0;-0,03;-0,03;0,0;0,0;-0,03;-0,03
17.08.2026;23:30;23:45;0,0;0,0;-0,19;-0,19;-0,02;-0,02;0,0;0,0;-0,01;-0,01;-0,32;-0,32;-0,02;-0,02;-0,02;-0,02;0,0;0,0;-0,01;-0,01;-0,01;-0,01;0,0;0,0;-0,02;-0,02;-0,01;-0,01;-0,03;-0,03;0,0;0,0;-0,01;-0,01;-0,01;-0,01;-0,01;-0,01;-0,01;-0,01;-0,01;-0,01;-0,21;-0,21;-0,01;-0,01;-0,02;-0,02;-0,01;-0,01;-0,02;-0,02;-0,01;-0,01;-0,02;-0,02
17.08.2026;23:45;00:00;0,0;0,0;-0,23;-0,23;-0,04;-0,04;0,0;0,0;-0,02;-0,02;-0,22;-0,22;-0,01;-0,01;-0,01;-0,01;-0,01;-0,01;0,0;0,0;-0,01;-0,01;0,0;0,0;-0,01;-0,01;0,0;0,0;-0,21;-0,21;0,0;0,0;-0,02;-0,02;-0,01;-0,01;-0,01;-0,01;-0,01;-0,01;-0,01;-0,01;-0,07;-0,07;-0,01;-0,01;-0,01;-0,01;0,0;0,0;-0,03;-0,03;-0,01;-0,01;-0,02;-0,02
18.08.2026;00:00;00:15;0,0;0,0;-0,19;-0,19;-0,03;-0,03;0,0;0,0;0,0;0,0;-0,14;-0,14;-0,01;-0,01;-0,02;-0,02;0,0;0,0;0,0;0,0;-0,01;-0,01;-0,01;-0,01;-0,01;-0,01;0,0;0,0;-0,05;-0,05;0,0;0,0;-0,01;-0,01;-0,02;-0,02;-0,01;-0,01;0,0;0,0;0,0;0,0;-0,03;-0,03;-0,01;-0,01;-0,02;-0,02;0,0;0,0;-0,01;-0,01;0,0;0,0;-0,02;-0,02
18.08.2026;00:15;00:30;0,0;0,0;-0,2;-0,2;-0,04;-0,04;0,0;0,0;-0,01;-0,01;-0,13;-0,13;-0,01;-0,01;-0,02;-0,02;-0,01;-0,01;0,0;0,0;0,0;0,0;0,0;0,0;0,0;0,0;0,0;0,0;-0,03;-0,03;0,0;0,0;-0,02;-0,02;-0,01;-0,01;-0,01;-0,01;-0,02;-0,02;-0,02;-0,02;0,0;0,0;-0,01;-0,01;-0,02;-0,02;0,0;0,0;-0,03;-0,03;0,0;0,0;-0,02;-0,02
18.08.2026;00:30;00:45;0,0;0,0;-0,17;-0,17;-0,04;-0,04;0,0;0,0;-0,02;-0,02;-0,13;-0,13;-0,01;-0,01;-0,16;-0,16;-0,01;-0,01;0,0;0,0;-0,01;-0,01;0,0;0,0;-0,01;-0,01;0,0;0,0;-0,04;-0,04;0,0;0,0;-0,02;-0,02;-0,02;-0,02;-0,01;-0,01;-0,01;-0,01;0,0;0,0;-0,03;-0,03;-0,01;-0,01;-0,01;-0,01;0,0;0,0;-0,02;-0,02;-0,01;-0,01;-0,03;-0,03
18.08.2026;00:45;01:00;0,0;0,0;-0,18;-0,18;-0,04;-0,04;0,0;0,0;-0,01;-0,01;-0,13;-0,13;-0,01;-0,01;-0,04;-0,04;0,0;0,0;0,0;0,0;-0,01;-0,01;0,0;0,0;-0,01;-0,01;0,0;0,0;-0,03;-0,03;0,0;0,0;-0,02;-0,02;-0,02;-0,02;-0,01;-0,01;-0,01;-0,01;-0,01;-0,01;-0,01;-0,01;-0,01;-0,01;-0,02;-0,02;0,0;0,0;-0,02;-0,02;0,0;0,0;-0,02;-0,02
18.08.2026;01:00;01:15;0,0;0,0;-0,18;-0,18;-0,03;-0,03;-0,01;-0,01;-0,02;-0,02;-0,14;-0,14;-0,01;-0,01;-0,05;-0,05;-0,01;-0,01;0,0;0,0;-0,01;-0,01;0,0;0,0;-0,02;-0,02;0,0;0,0;-0,03;-0,03;0,0;0,0;-0,02;-0,02;-0,02;-0,02;-0,02;-0,02;0,0;0,0;-0,01;-0,01;-0,02;-0,02;-0,01;-0,01;-0,01;-0,01;0,0;0,0;0,0;0,0;-0,01;-0,01;-0,02;-0,02
18.08.2026;01:15;01:30;0,0;0,0;-0,17;-0,17;-0,03;-0,03;0,0;0,0;0,0;0,0;-0,13;-0,13;-0,02;-0,02;-0,06;-0,06;0,0;0,0;0,0;0,0;-0,01;-0,01;0,0;0,0;-0,01;-0,01;-0,01;-0,01;-0,05;-0,05;-0,01;-0,01;-0,01;-0,01;-0,03;-0,03;-0,01;-0,01;-0,01;-0,01;0,0;0,0;-0,02;-0,02;-0,01;-0,01;-0,02;-0,02;0,0;0,0;-0,02;-0,02;0,0;0,0;-0,01;-0,01
18.08.2026;01:30;01:45;0,0;0,0;-0,2;-0,2;-0,02;-0,02;0,0;0,0;-0,01;-0,01;-0,15;-0,15;0,0;0,0;-0,02;-0,02;-0,01;-0,01;0,0;0,0;-0,01;-0,01;0,0;0,0;0,0;0,0;0,0;0,0;-0,03;-0,03;0,0;0,0;-0,02;-0,02;-0,02;-0,02;-0,01;-0,01;-0,01;-0,01;-0,02;-0,02;-0,01;-0,01;-0,01;-0,01;-0,01;-0,01;-0,01;-0,01;0,0;0,0;-0,01;-0,01;-0,01;-0,01
18.08.2026;01:45;02:00;0,0;0,0;-0,19;-0,19;-0,02;-0,02;0,0;0,0;-0,01;-0,01;-0,09;-0,09;-0,01;-0,01;-0,02;-0,02;-0,01;-0,01;0,0;0,0;-0,01;-0,01;0,0;0,0;-0,01;-0,01;0,0;0,0;-0,04;-0,04;0,0;0,0;-0,01;-0,01;-0,02;-0,02;-0,01;-0,01;-0,01;-0,01;0,0;0,0;-0,02;-0,02;-0,01;-0,01;-0,02;-0,02;0,0;0,0;-0,02;-0,02;0,0;0,0;-0,02;-0,02
18.08.2026;02:00;02:15;0,0;0,0;-0,19;-0,19;-0,02;-0,02;0,0;0,0;-0,02;-0,02;-0,01;-0,01;-0,01;-0,01;-0,02;-0,02;-0,01;-0,01;0,0;0,0;-0,01;-0,01;0,0;0,0;0,0;0,0;0,0;0,0;-0,04;-0,04;0,0;0,0;-0,01;-0,01;-0,01;-0,01;-0,01;-0,01;0,0;0,0;-0,01;-0,01;-0,02;-0,02;-0,01;-0,01;-0,01;-0,01;0,0;0,0;0,0;0,0;0,0;0,0;-0,02;-0,02
18.08.2026;02:15;02:30;0,0;0,0;-0,18;-0,18;-0,03;-0,03;0,0;0,0;-0,01;-0,01;-0,02;-0,02;-0,01;-0,01;-0,03;-0,03;0,0;0,0;0,0;0,0;0,0;0,0;0,0;0,0;-0,02;-0,02;0,0;0,0;-0,05;-0,05;0,0;0,0;-0,01;-0,01;-0,01;-0,01;-0,02;-0,02;-0,02;-0,02;-0,02;-0,02;-0,01;-0,01;-0,01;-0,01;-0,01;-0,01;0,0;0,0;-0,02;-0,02;-0,01;-0,01;-0,02;-0,02
18.08.2026;02:30;02:45;0,0;0,0;-0,19;-0,19;-0,02;-0,02;0,0;0,0;-0,01;-0,01;-0,02;-0,02;-0,01;-0,01;-0,02;-0,02;-0,01;-0,01;0,0;0,0;-0,01;-0,01;0,0;0,0;-0,01;-0,01;0,0;0,0;-0,02;-0,02;0,0;0,0;0,0;0,0;-0,01;-0,01;-0,01;-0,01;-0,01;-0,01;0,0;0,0;-0,02;-0,02;-0,01;-0,01;-0,02;-0,02;0,0;0,0;0,0;0,0;0,0;0,0;-0,03;-0,03
18.08.2026;02:45;03:00;0,0;0,0;-0,18;-0,18;-0,02;-0,02;0,0;0,0;-0,01;-0,01;-0,01;-0,01;-0,01;-0,01;-0,02;-0,02;-0,01;-0,01;0,0;0,0;-0,02;-0,02;0,0;0,0;-0,01;-0,01;0,0;0,0;0,0;0,0;0,0;0,0;-0,01;-0,01;-0,02;-0,02;-0,01;-0,01;-0,01;-0,01;-0,01;-0,01;-0,01;-0,01;-0,02;-0,02;-0,02;-0,02;0,0;0,0;-0,02;-0,02;-0,01;-0,01;-0,02;-0,02
18.08.2026;03:00;03:15;0,0;0,0;-0,18;-0,18;-0,02;-0,02;0,0;0,0;-0,01;-0,01;-0,01;-0,01;0,0;0,0;-0,02;-0,02;0,0;0,0;0,0;0,0;-0,03;-0,03;0,0;0,0;0,0;0,0;0,0;0,0;-0,02;-0,02;0,0;0,0;-0,01;-0,01;-0,02;-0,02;-0,01;-0,01;0,0;0,0;-0,01;-0,01;-0,02;-0,02;-0,04;-0,04;-0,01;-0,01;0,0;0,0;-0,01;-0,01;0,0;0,0;-0,02;-0,02
18.08.2026;03:15;03:30;0,0;0,0;-0,19;-0,19;-0,03;-0,03;0,0;0,0;-0,01;-0,01;-0,01;-0,01;-0,01;-0,01;-0,01;-0,01;-0,01;-0,01;0,0;0,0;-0,02;-0,02;0,0;0,0;-0,01;-0,01;0,0;0,0;-0,01;-0,01;0,0;0,0;0,0;0,0;-0,02;-0,02;-0,01;-0,01;-0,01;-0,01;0,0;0,0;-0,02;-0,02;-0,01;-0,01;-0,01;-0,01;0,0;0,0;-0,01;-0,01;0,0;0,0;-0,02;-0,02
18.08.2026;03:30;03:45;0,0;0,0;-0,18;-0,18;-0,02;-0,02;0,0;0,0;-0,02;-0,02;-0,01;-0,01;-0,01;-0,01;0,0;0,0;0,0;0,0;0,0;0,0;-0,01;-0,01;0,0;0,0;-0,01;-0,01;0,0;0,0;-0,01;-0,01;0,0;0,0;-0,01;-0,01;-0,02;-0,02;-0,01;-0,01;-0,01;-0,01;-0,01;-0,01;-0,01;-0,01;-0,01;-0,01;-0,02;-0,02;-0,01;-0,01;-0,03;-0,03;-0,01;-0,01;-0,01;-0,01
18.08.2026;03:45;04:00;0,0;0,0;-0,18;-0,18;-0,01;-0,01;0,0;0,0;-0,01;-0,01;0,0;0,0;-0,01;-0,01;-0,02;-0,02;-0,01;-0,01;0,0;0,0;-0,02;-0,02;0,0;0,0;-0,01;-0,01;0,0;0,0;-0,02;-0,02;-0,01;-0,01;0,0;0,0;-0,03;-0,03;-0,01;-0,01;-0,01;-0,01;-0,01;-0,01;-0,02;-0,02;-0,02;-0,02;-0,01;-0,01;0,0;0,0;-0,03;-0,03;-0,01;-0,01;-0,02;-0,02
18.08.2026;04:00;04:15;0,0;0,0;-0,18;-0,18;-0,02;-0,02;0,0;0,0;-0,01;-0,01;-0,01;-0,01;-0,01;-0,01;-0,02;-0,02;-0,01;-0,01;0,0;0,0;-0,01;-0,01;0,0;0,0;-0,02;-0,02;0,0;0,0;-0,01;-0,01;0,0;0,0;-0,02;-0,02;-0,02;-0,02;-0,01;-0,01;0,0;0,0;-0,01;-0,01;-0,01;-0,01;-0,01;-0,01;-0,02;-0,02;0,0;0,0;-0,02;-0,02;0,0;0,0;-0,01;-0,01
18.08.2026;04:15;04:30;0,0;0,0;-0,19;-0,19;-0,03;-0,03;-0,01;-0,01;0,0;0,0;-0,02;-0,02;-0,01;-0,01;-0,01;-0,01;0,0;0,0;0,0;0,0;-0,01;-0,01;0,0;0,0;0,0;0,0;0,0;0,0;-0,01;-0,01;0,0;0,0;-0,02;-0,02;-0,01;-0,01;-0,01;-0,01;-0,01;-0,01;-0,01;-0,01;-0,02;-0,02;-0,01;-0,01;-0,01;-0,01;0,0;0,0;-0,01;-0,01;0,0;0,0;-0,02;-0,02
18.08.2026;04:30;04:45;0,0;0,0;-0,19;-0,19;-0,02;-0,02;0,0;0,0;-0,02;-0,02;-0,01;-0,01;0,0;0,0;-0,02;-0,02;-0,01;-0,01;-0,01;-0,01;-0,01;-0,01;0,0;0,0;-0,01;-0,01;-0,01;-0,01;-0,02;-0,02;0,0;0,0;-0,02;-0,02;-0,01;-0,01;-0,01;-0,01;-0,02;-0,02;0,0;0,0;-0,02;-0,02;-0,01;-0,01;-0,02;-0,02;0,0;0,0;-0,02;-0,02;-0,01;-0,01;-0,02;-0,02
18.08.2026;04:45;05:00;0,0;0,0;-0,18;-0,18;-0,02;-0,02;0,0;0,0;-0,01;-0,01;0,0;0,0;-0,01;-0,01;-0,02;-0,02;-0,01;-0,01;0,0;0,0;0,0;0,0;0,0;0,0;0,0;0,0;0,0;0,0;-0,01;-0,01;0,0;0,0;-0,02;-0,02;-0,02;-0,02;-0,01;-0,01;-0,01;-0,01;-0,01;-0,01;-0,01;-0,01;-0,01;-0,01;-0,01;-0,01;0,0;0,0;-0,01;-0,01;-0,01;-0,01;-0,03;-0,03
18.08.2026;05:00;05:15;0,0;0,0;-0,18;-0,18;-0,02;-0,02;0,0;0,0;-0,02;-0,02;-0,01;-0,01;-0,01;-0,01;-0,02;-0,02;0,0;0,0;0,0;0,0;-0,01;-0,01;-0,01;-0,01;-0,01;-0,01;0,0;0,0;-0,01;-0,01;0,0;0,0;-0,01;-0,01;-0,01;-0,01;-0,02;-0,02;-0,01;-0,01;-0,01;-0,01;-0,02;-0,02;-0,01;-0,01;-0,02;-0,02;0,0;0,0;-0,01;-0,01;0,0;0,0;-0,02;-0,02
18.08.2026;05:15;05:30;0,0;0,0;-0,2;-0,2;-0,02;-0,02;0,0;0,0;-0,01;-0,01;-0,01;-0,01;-0,01;-0,01;-0,02;-0,02;-0,01;-0,01;0,0;0,0;-0,01;-0,01;0,0;0,0;-0,02;-0,02;0,0;0,0;-0,02;-0,02;0,0;0,0;-0,02;-0,02;-0,13;-0,13;-0,01;-0,01;0,0;0,0;-0,01;-0,01;-0,01;-0,01;-0,01;-0,01;-0,01;-0,01;0,0;0,0;-0,01;-0,01;0,0;0,0;-0,02;-0,02
18.08.2026;05:30;05:45;0,0;0,0;-0,2;-0,2;-0,02;-0,02;0,0;0,0;0,0;0,0;-0,01;-0,01;-0,02;-0,02;-0,02;-0,02;-0,01;-0,01;0,0;0,0;-0,01;-0,01;0,0;0,0;-0,01;-0,01;0,0;0,0;-0,01;-0,01;0,0;0,0;-0,02;-0,02;-0,03;-0,03;-0,02;-0,02;-0,02;-0,02;-0,01;-0,01;-0,02;-0,02;-0,01;-0,01;-0,02;-0,02;-0,01;-0,01;-0,01;-0,01;-0,01;-0,01;-0,02;-0,02
18.08.2026;05:45;06:00;0,0;0,0;-0,24;-0,24;-0,02;-0,02;0,0;0,0;-0,02;-0,02;-0,01;-0,01;0,0;0,0;-0,02;-0,02;0,0;0,0;0,0;0,0;-0,01;-0,01;0,0;0,0;-0,01;-0,01;-0,01;-0,01;-0,01;-0,01;0,0;0,0;-0,01;-0,01;-0,03;-0,03;-0,01;-0,01;-0,01;-0,01;-0,01;-0,01;-0,01;-0,01;-0,01;-0,01;-0,01;-0,01;0,0;0,0;-0,01;-0,01;0,0;0,0;-0,01;-0,01
18.08.2026;06:00;06:15;0,0;0,0;-0,34;-0,34;-0,16;-0,16;0,0;0,0;-0,01;-0,01;-0,01;-0,01;-0,01;-0,01;-0,01;-0,01;-0,01;-0,01;0,0;0,0;0,0;0,0;0,0;0,0;0,0;0,0;0,0;0,0;-0,01;-0,01;0,0;0,0;-0,01;-0,01;-0,03;-0,03;-0,01;-0,01;-0,01;-0,01;0,0;0,0;-0,01;-0,01;-0,01;-0,01;-0,02;-0,02;0,0;0,0;0,0;0,0;-0,01;-0,01;-0,01;-0,01
18.08.2026;06:15;06:30;0,0;0,0;-0,21;-0,21;-0,02;-0,02;0,0;0,0;-0,01;-0,01;0,0;0,0;-0,01;-0,01;-0,03;-0,03;0,0;0,0;0,0;0,0;-0,01;-0,01;0,0;0,0;0,0;0,0;0,0;0,0;-0,02;-0,02;-0,01;-0,01;-0,01;-0,01;-0,02;-0,02;-0,01;-0,01;0,0;0,0;-0,02;-0,02;-0,01;-0,01;0,0;0,0;-0,01;-0,01;0,0;0,0;-0,02;-0,02;0,0;0,0;-0,02;-0,02
18.08.2026;06:30;06:45;0,04;0,04;-0,21;-0,21;-0,03;-0,03;0,0;0,0;-0,02;-0,02;-0,01;-0,01;-0,01;-0,01;-0,01;-0,01;-0,01;-0,01;0,0;0,0;-0,01;-0,01;0,0;0,0;-0,02;-0,02;0,0;0,0;-0,01;-0,01;0,0;0,0;0,0;0,0;-0,02;-0,02;-0,01;-0,01;-0,01;-0,01;0,0;0,0;-0,01;-0,01;-0,01;-0,01;-0,02;-0,02;0,0;0,0;-0,01;-0,01;-0,01;-0,01;-0,02;-0,02
18.08.2026;06:45;07:00;0,09;0,09;-0,25;-0,25;-0,23;-0,23;0,0;0,0;0,0;0,0;-0,02;-0,02;-0,01;-0,01;-0,02;-0,02;-0,01;-0,01;0,0;0,0;-0,01;-0,01;0,0;0,0;-0,02;-0,02;0,0;0,0;-0,02;-0,02;0,0;0,0;-0,01;-0,01;-0,02;-0,02;-0,01;-0,01;-0,02;-0,02;-0,01;-0,01;-0,02;-0,02;-0,01;-0,01;-0,01;-0,01;0,0;0,0;-0,01;-0,01;0,0;0,0;-0,04;-0,04
18.08.2026;07:00;07:15;0,16;0,11;-0,23;-0,18;-0,03;-0,03;0,0;0,0;-0,01;-0,01;0,0;0,0;-0,01;-0,01;-0,02;-0,02;0,0;0,0;0,0;0,0;-0,01;-0,01;0,0;0,0;-0,01;-0,01;0,0;0,0;-0,01;-0,01;0,0;0,0;-0,01;-0,01;-0,01;-0,01;-0,01;-0,01;-0,01;-0,01;-0,01;-0,01;-0,01;-0,01;-0,01;-0,01;-0,01;-0,01;0,0;0,0;0,0;0,0;-0,01;-0,01;-0,02;-0,02
18.08.2026;07:15;07:30;0,27;0,19;-0,23;-0,15;-0,02;-0,02;0,0;0,0;-0,02;-0,02;-0,01;-0,01;0,0;0,0;-0,01;-0,01;-0,01;-0,01;0,0;0,0;-0,01;-0,01;0,0;0,0;0,0;0,0;0,0;0,0;-0,02;-0,02;0,0;0,0;-0,22;-0,22;-0,01;-0,01;-0,01;-0,01;-0,01;-0,01;0,0;0,0;-0,01;-0,01;-0,01;-0,01;-0,02;-0,02;0,0;0,0;-0,02;-0,02;0,0;0,0;-0,03;-0,03
18.08.2026;07:30;07:45;0,31;0,07;-0,21;-0,19;-0,01;0,0;-0,01;0,0;-0,01;0,0;-0,01;0,0;-0,01;0,0;-0,01;0,0;-0,01;0,0;0,0;0,0;-0,01;0,0;0,0;0,0;0,0;0,0;-0,01;0,0;-0,04;-0,03;0,0;0,0;-0,23;-0,22;-0,01;0,0;-0,01;0,0;-0,01;0,0;-0,02;-0,01;-0,01;0,0;-0,01;0,0;-0,01;0,0;-0,01;0,0;-0,01;0,0;-0,01;0,0;-0,02;-0,01
18.08.2026;07:45;08:00;0,39;0,14;-0,22;-0,15;-0,03;-0,02;0,0;0,0;-0,02;-0,01;-0,01;0,0;-0,01;0,0;-0,02;-0,01;-0,01;0,0;0,0;0,0;-0,01;0,0;0,0;0,0;-0,01;0,0;0,0;0,0;-0,04;-0,03;0,0;0,0;-0,15;-0,14;-0,02;-0,01;-0,01;0,0;-0,01;0,0;0,0;0,0;-0,02;-0,01;-0,01;0,0;-0,03;-0,02;0,0;0,0;-0,02;-0,01;0,0;0,0;-0,01;0,0
18.08.2026;08:00;08:15;0,53;0,2;-0,21;-0,1;-0,03;-0,01;0,0;0,0;-0,01;0,0;-0,01;0,0;-0,01;0,0;-0,01;0,0;0,0;0,0;0,0;0,0;0,0;0,0;0,0;0,0;-0,02;0,0;0,0;0,0;-0,04;-0,02;0,0;0,0;-0,02;0,0;-0,02;0,0;-0,01;0,0;0,0;0,0;-0,01;0,0;-0,01;0,0;-0,01;0,0;-0,04;-0,02;0,0;0,0;0,0;0,0;0,0;0,0;-0,02;0,0
18.08.2026;08:15;08:30;0,5;0,21;-0,19;-0,08;-0,28;-0,27;0,0;0,0;0,0;0,0;-0,01;0,0;-0,01;0,0;-0,02;-0,01;-0,01;0,0;0,0;0,0;-0,01;0,0;0,0;0,0;-0,02;-0,01;0,0;0,0;-0,03;-0,02;0,0;0,0;-0,02;-0,01;-0,03;-0,02;-0,02;-0,01;-0,01;0,0;-0,01;0,0;-0,01;0,0;0,0;0,0;-0,07;-0,06;0,0;0,0;-0,02;-0,01;-0,01;0,0;-0,01;0,0
18.08.2026;08:30;08:45;0,76;0,32;-0,2;-0,01;-0,02;0,0;0,0;0,0;-0,01;0,0;0,0;0,0;-0,01;0,0;-0,02;0,0;0,0;0,0;0,0;0,0;-0,01;0,0;0,0;0,0;0,0;0,0;0,0;0,0;-0,29;-0,23;0,0;0,0;-0,01;0,0;-0,02;0,0;-0,01;0,0;-0,01;0,0;-0,01;0,0;-0,01;0,0;-0,01;0,0;-0,02;0,0;0,0;0,0;0,0;0,0;0,0;0,0;-0,02;0,0
18.08.2026;08:45;09:00;0,98;0,26;-0,2;0,0;-0,07;0,0;0,0;0,0;-0,02;0,0;-0,01;0,0;-0,02;0,0;-0,02;0,0;-0,01;0,0;0,0;0,0;-0,01;0,0;0,0;0,0;0,0;0,0;0,0;0,0;-0,16;-0,09;-0,01;0,0;-0,01;0,0;-0,02;0,0;-0,13;-0,06;-0,01;0,0;-0,01;0,0;-0,01;0,0;-0,02;0,0;-0,25;-0,18;0,0;0,0;-0,02;0,0;-0,01;0,0;-0,03;0,0
18.08.2026;09:00;09:15;1,01;0,37;-0,2;0,0;-0,07;0,0;0,0;0,0;-0,01;0,0;-0,01;0,0;-0,02;0,0;-0,02;0,0;-0,01;0,0;0,0;0,0;0,0;0,0;0,0;0,0;-0,01;0,0;0,0;0,0;-0,03;0,0;0,0;0,0;-0,01;0,0;-0,03;0,0;-0,17;-0,09;-0,01;0,0;-0,01;0,0;-0,02;0,0;-0,01;0,0;-0,07;0,0;0,0;0,0;0,0;0,0;0,0;0,0;-0,02;0,0
18.08.2026;09:15;09:30;0,42;0,18;-0,22;-0,15;-0,06;-0,05;0,0;0,0;-0,02;-0,01;-0,01;0,0;-0,01;0,0;-0,02;-0,01;0,0;0,0;0,0;0,0;-0,01;0,0;0,0;0,0;-0,01;0,0;0,0;0,0;-0,07;-0,06;0,0;0,0;-0,02;-0,01;-0,02;-0,01;-0,07;-0,06;-0,01;0,0;0,0;0,0;-0,03;-0,02;-0,01;0,0;-0,05;-0,04;0,0;0,0;-0,02;-0,01;0,0;0,0;-0,02;-0,01
18.08.2026;09:30;09:45;0,0;0,0;-0,19;-0,19;-0,04;-0,04;0,0;0,0;0,0;0,0;-0,01;-0,01;-0,02;-0,02;-0,02;-0,02;-0,01;-0,01;-0,01;-0,01;-0,01;-0,01;0,0;0,0;-0,02;-0,02;0,0;0,0;-0,27;-0,27;0,0;0,0;-0,01;-0,01;-0,01;-0,01;-0,33;-0,33;0,0;0,0;-0,01;-0,01;-0,04;-0,04;-0,01;-0,01;-0,09;-0,09;-0,01;-0,01;0,0;0,0;-0,01;-0,01;-0,02;-0,02
18.08.2026;09:45;10:00;0,0;0,0;-0,19;-0,19;-0,05;-0,05;0,0;0,0;-0,01;-0,01;-0,01;-0,01;-0,01;-0,01;-0,02;-0,02;0,0;0,0;0,0;0,0;-0,01;-0,01;0,0;0,0;-0,01;-0,01;0,0;0,0;-0,04;-0,04;0,0;0,0;-0,01;-0,01;-0,02;-0,02;-0,09;-0,09;-0,01;-0,01;-0,01;-0,01;-0,05;-0,05;-0,01;-0,01;-0,03;-0,03;0,0;0,0;-0,01;-0,01;-0,01;-0,01;-0,02;-0,02
18.08.2026;10:00;10:15;0,0;0,0;-0,29;-0,29;-0,06;-0,06;0,0;0,0;-0,01;-0,01;0,0;0,0;-0,02;-0,02;-0,01;-0,01;-0,01;-0,01;0,0;0,0;0,0;0,0;-0,01;-0,01;0,0;0,0;0,0;0,0;-0,01;-0,01;0,0;0,0;0,0;0,0;-0,03;-0,03;-0,08;-0,08;-0,01;-0,01;-0,01;-0,01;-0,04;-0,04;-0,01;-0,01;-0,03;-0,03;0,0;0,0;-0,01;-0,01;0,0;0,0;-0,02;-0,02
18.08.2026;10:15;10:30;1,02;0,34;-0,37;-0,12;-0,46;-0,38;0,0;0,0;-0,02;0,0;-0,03;0,0;-0,02;0,0;-0,02;0,0;-0,01;0,0;0,0;0,0;-0,01;0,0;0,0;0,0;-0,01;0,0;0,0;0,0;-0,01;0,0;0,0;0,0;0,0;0,0;-0,02;0,0;-0,11;-0,03;-0,01;0,0;-0,01;0,0;-0,03;0,0;-0,01;0,0;-0,04;0,0;0,0;0,0;-0,01;0,0;0,0;0,0;-0,01;0,0
18.08.2026;10:30;10:45;1,1;0,38;-0,23;0,0;-0,09;-0,01;0,0;0,0;-0,01;0,0;-0,04;0,0;-0,01;0,0;-0,02;0,0;0,0;0,0;0,0;0,0;-0,01;0,0;0,0;0,0;0,0;0,0;0,0;0,0;-0,02;0,0;0,0;0,0;-0,01;0,0;-0,04;0,0;-0,13;-0,05;-0,03;0,0;-0,01;0,0;-0,03;0,0;-0,02;0,0;-0,04;0,0;0,0;0,0;-0,01;0,0;-0,01;0,0;-0,02;0,0
18.08.2026;10:45;11:00;1,52;0,72;-0,22;0,0;-0,05;0,0;0,0;0,0;-0,01;0,0;-0,05;0,0;-0,02;0,0;-0,02;0,0;-0,01;0,0;0,0;0,0;-0,01;0,0;0,0;0,0;-0,01;0,0;-0,01;0,0;-0,01;0,0;0,0;0,0;0,0;0,0;-0,04;0,0;-0,07;0,0;-0,03;0,0;-0,01;0,0;-0,38;-0,24;-0,01;0,0;-0,04;0,0;0,0;0,0;-0,01;0,0;-0,01;0,0;-0,02;0,0
18.08.2026;11:00;11:15;1,1;0,31;-0,23;0,0;-0,37;-0,29;-0,01;0,0;-0,01;0,0;-0,09;-0,01;-0,01;0,0;0,0;0,0;0,0;0,0;0,0;0,0;-0,01;0,0;0,0;0,0;-0,02;0,0;0,0;0,0;-0,01;0,0;0,0;0,0;0,0;0,0;-0,03;0,0;-0,07;0,0;-0,02;0,0;-0,01;0,0;-0,19;-0,11;0,0;0,0;-0,14;-0,06;0,0;0,0;-0,01;0,0;0,0;0,0;-0,03;0,0
18.08.2026;11:15;11:30;1,18;0,43;-0,21;0,0;-0,07;0,0;0,0;0,0;-0,01;0,0;-0,07;0,0;-0,02;0,0;-0,01;0,0;-0,01;0,0;0,0;0,0;0,0;0,0;0,0;0,0;-0,01;0,0;0,0;0,0;-0,02;0,0;-0,01;0,0;0,0;0,0;-0,04;0,0;-0,03;0,0;-0,03;0,0;-0,01;0,0;-0,07;0,0;-0,01;0,0;-0,23;-0,14;0,0;0,0;-0,01;0,0;0,0;0,0;-0,02;0,0
18.08.2026;11:30;11:45;1,19;0,42;-0,22;0,0;-0,03;0,0;0,0;0,0;-0,01;0,0;-0,06;0,0;-0,01;0,0;-0,02;0,0;-0,01;0,0;0,0;0,0;-0,01;0,0;0,0;0,0;0,0;0,0;0,0;0,0;-0,16;-0,07;0,0;0,0;0,0;0,0;-0,04;0,0;0,0;0,0;-0,02;0,0;-0,01;0,0;-0,09;0,0;-0,01;0,0;-0,16;-0,07;-0,01;0,0;-0,01;0,0;-0,01;0,0;-0,02;0,0
18.08.2026;11:45;12:00;0,93;0,23;-0,21;-0,02;-0,04;0,0;0,0;0,0;-0,02;0,0;-0,04;0,0;-0,01;0,0;-0,05;0,0;-0,01;0,0;0,0;0,0;-0,01;0,0;0,0;0,0;-0,01;0,0;0,0;0,0;-0,13;-0,08;0,0;0,0;0,0;0,0;-0,04;0,0;-0,06;-0,01;-0,02;0,0;0,0;0,0;-0,08;-0,03;-0,02;0,0;-0,16;-0,11;0,0;0,0;-0,01;0,0;-0,01;0,0;-0,02;0,0
18.08.2026;12:00;12:15;0,4;0,18;-0,21;-0,14;-0,03;-0,02;0,0;0,0;-0,01;0,0;-0,06;-0,05;-0,01;0,0;-0,08;-0,07;0,0;0,0;0,0;0,0;-0,01;0,0;0,0;0,0;0,0;0,0;0,0;0,0;-0,12;-0,11;0,0;0,0;-0,02;-0,01;-0,04;-0,03;-0,12;-0,11;0,0;0,0;-0,01;0,0;-0,12;-0,11;0,0;0,0;-0,1;-0,09;0,0;0,0;-0,01;0,0;0,0;0,0;-0,02;-0,01
18.08.2026;12:15;12:30;0,57;0,18;-0,18;-0,07;-0,05;-0,03;0,0;0,0;-0,01;0,0;-0,4;-0,38;-0,02;0,0;-0,07;-0,05;-0,01;0,0;0,0;0,0;-0,01;0,0;0,0;0,0;-0,02;0,0;0,0;0,0;-0,13;-0,11;0,0;0,0;-0,01;0,0;-0,02;0,0;-0,1;-0,08;0,0;0,0;-0,01;0,0;-0,12;-0,1;-0,01;0,0;-0,02;0,0;0,0;0,0;-0,01;0,0;0,0;0,0;-0,01;0,0
18.08.2026;12:30;12:45;0,73;0,21;-0,19;-0,05;-0,02;0,0;0,0;0,0;-0,01;0,0;-0,09;-0,05;-0,07;-0,03;-0,08;-0,04;0,0;0,0;0,0;0,0;-0,01;0,0;0,0;0,0;-0,02;0,0;0,0;0,0;-0,01;0,0;0,0;0,0;-0,02;0,0;-0,01;0,0;-0,1;-0,06;-0,01;0,0;-0,01;0,0;-0,12;-0,08;-0,01;0,0;-0,02;0,0;0,0;0,0;-0,01;0,0;-0,01;0,0;-0,01;0,0
18.08.2026;12:45;13:00;0,63;0,2;-0,19;-0,08;-0,02;0,0;0,0;0,0;-0,01;0,0;-0,1;-0,07;-0,2;-0,17;-0,09;-0,06;-0,01;0,0;0,0;0,0;-0,01;0,0;0,0;0,0;0,0;0,0;0,0;0,0;-0,02;0,0;0,0;0,0;-0,01;0,0;-0,01;0,0;-0,05;-0,02;-0,01;0,0;-0,01;0,0;-0,15;-0,12;-0,01;0,0;-0,02;0,0;0,0;0,0;-0,01;0,0;0,0;0,0;-0,02;0,0
18.08.2026;13:00;13:15;0,49;0,2;-0,23;-0,13;-0,01;0,0;0,0;0,0;-0,01;0,0;-0,11;-0,1;-0,52;-0,51;-0,08;-0,07;-0,01;0,0;0,0;0,0;-0,06;-0,05;0,0;0,0;-0,01;0,0;0,0;0,0;-0,01;0,0;0,0;0,0;-0,01;0,0;-0,01;0,0;-0,56;-0,55;-0,01;0,0;-0,01;0,0;-0,14;-0,13;0,0;0,0;-0,02;-0,01;0,0;0,0;-0,02;-0,01;-0,01;0,0;-0,02;-0,01
18.08.2026;13:15;13:30;0,06;0,06;-0,23;-0,23;-0,03;-0,03;0,0;0,0;-0,02;-0,02;-0,14;-0,14;-0,3;-0,3;-0,09;-0,09;0,0;0,0;0,0;0,0;-0,15;-0,15;0,0;0,0;0,0;0,0;0,0;0,0;-0,01;-0,01;0,0;0,0;-0,01;-0,01;-0,02;-0,02;-0,16;-0,16;0,0;0,0;0,0;0,0;-0,1;-0,1;-0,01;-0,01;-0,04;-0,04;0,0;0,0;-0,03;-0,03;0,0;0,0;-0,03;-0,03
18.08.2026;13:30;13:45;0,0;0,0;-0,2;-0,2;-0,02;-0,02;0,0;0,0;-0,01;-0,01;-0,13;-0,13;0,0;0,0;-0,08;-0,08;-0,01;-0,01;0,0;0,0;-0,11;-0,11;0,0;0,0;-0,01;-0,01;0,0;0,0;-0,01;-0,01;0,0;0,0;-0,02;-0,02;-0,02;-0,02;-0,06;-0,06;-0,01;-0,01;-0,02;-0,02;-0,02;-0,02;-0,02;-0,02;-0,03;-0,03;-0,01;-0,01;-0,02;-0,02;-0,01;-0,01;-0,02;-0,02
18.08.2026;13:45;14:00;0,0;0,0;-0,27;-0,27;-0,02;-0,02;0,0;0,0;0,0;0,0;-0,16;-0,16;-0,02;-0,02;-0,09;-0,09;-0,01;-0,01;0,0;0,0;-0,23;-0,23;0,0;0,0;-0,02;-0,02;0,0;0,0;-0,02;-0,02;-0,01;-0,01;-0,01;-0,01;-0,02;-0,02;-0,05;-0,05;-0,01;-0,01;0,0;0,0;-0,02;-0,02;-0,01;-0,01;-0,02;-0,02;0,0;0,0;-0,02;-0,02;0,0;0,0;-0,03;-0,03
18.08.2026;14:00;14:15;0,13;0,11;-0,23;-0,21;-0,01;-0,01;0,0;0,0;-0,02;-0,02;-0,13;-0,13;-0,01;-0,01;-0,08;-0,08;0,0;0,0;0,0;0,0;-0,1;-0,1;0,0;0,0;-0,01;-0,01;0,0;0,0;-0,01;-0,01;0,0;0,0;-0,01;-0,01;-0,02;-0,02;-0,25;-0,25;-0,02;-0,02;-0,01;-0,01;-0,01;-0,01;0,0;0,0;-0,02;-0,02;0,0;0,0;-0,03;-0,03;0,0;0,0;-0,04;-0,04
18.08.2026;14:15;14:30;0,32;0,09;-0,22;-0,2;-0,02;-0,01;-0,01;0,0;-0,01;0,0;-0,17;-0,16;-0,1;-0,09;-0,08;-0,07;-0,01;0,0;0,0;0,0;-0,01;0,0;0,0;0,0;-0,01;0,0;-0,01;0,0;-0,01;0,0;0,0;0,0;-0,01;0,0;-0,03;-0,02;-0,02;-0,01;0,0;0,0;-0,01;0,0;-0,02;-0,01;-0,01;0,0;-0,02;-0,01;0,0;0,0;-0,03;-0,02;-0,01;0,0;-0,04;-0,03
18.08.2026;14:30;14:45;0,41;0,16;-0,27;-0,2;-0,03;-0,02;0,0;0,0;-0,01;0,0;-0,31;-0,3;-0,04;-0,03;-0,09;-0,08;-0,01;0,0;-0,01;0,0;-0,01;0,0;0,0;0,0;0,0;0,0;-0,25;-0,24;-0,01;0,0;0,0;0,0;0,0;0,0;-0,02;-0,01;-0,02;-0,01;-0,01;0,0;0,0;0,0;-0,02;-0,01;-0,01;0,0;-0,03;-0,02;0,0;0,0;-0,03;-0,02;0,0;0,0;-0,03;-0,02
18.08.2026;14:45;15:00;0,43;0,18;-0,37;-0,29;-0,01;0,0;0,0;0,0;-0,02;-0,01;-0,68;-0,67;-0,03;-0,02;-0,07;-0,06;0,0;0,0;0,0;0,0;-0,01;0,0;0,0;0,0;0,0;0,0;-0,04;-0,03;-0,01;0,0;0,0;0,0;0,0;0,0;-0,02;-0,01;-0,02;-0,01;0,0;0,0;-0,02;-0,01;-0,01;0,0;-0,01;0,0;-0,02;-0,01;0,0;0,0;-0,08;-0,07;-0,01;0,0;-0,02;-0,01
18.08.2026;15:00;15:15;0,63;0,21;-0,36;-0,24;-0,02;0,0;0,0;0,0;0,0;0,0;-0,43;-0,41;-0,06;-0,04;-0,08;-0,06;-0,01;0,0;0,0;0,0;-0,01;0,0;-0,01;0,0;-0,02;0,0;-0,02;0,0;-0,01;0,0;0,0;0,0;0,0;0,0;-0,03;-0,01;-0,05;-0,03;-0,24;-0,22;0,0;0,0;-0,09;-0,07;-0,01;0,0;-0,02;0,0;0,0;0,0;-0,21;-0,19;0,0;0,0;-0,01;0,0
18.08.2026;15:15;15:30;0,56;0,17;-0,39;-0,29;-0,02;0,0;0,0;0,0;-0,01;0,0;-0,14;-0,12;-0,04;-0,02;-0,13;-0,11;-0,01;0,0;0,0;0,0;0,0;0,0;0,0;0,0;-0,02;0,0;-0,02;0,0;-0,02;0,0;0,0;0,0;0,0;0,0;-0,01;0,0;-0,16;-0,14;-0,17;-0,15;-0,01;0,0;-0,29;-0,27;-0,01;0,0;-0,01;0,0;0,0;0,0;-0,03;-0,01;0,0;0,0;-0,01;0,0
18.08.2026;15:30;15:45;0,32;0,1;-0,22;-0,2;-0,02;-0,01;0,0;0,0;-0,02;-0,01;-0,12;-0,11;-0,01;0,0;-0,65;-0,64;0,0;0,0;0,0;0,0;-0,01;0,0;0,0;0,0;-0,01;0,0;-0,02;-0,01;-0,02;-0,01;0,0;0,0;0,0;0,0;-0,01;0,0;-0,27;-0,26;-0,06;-0,05;-0,01;0,0;-0,48;-0,47;-0,01;0,0;-0,02;-0,01;-0,01;0,0;-0,03;-0,02;-0,01;0,0;-0,02;-0,01
18.08.2026;15:45;16:00;0,24;0,18;-0,19;-0,13;-0,02;-0,02;0,0;0,0;-0,01;-0,01;-0,12;-0,12;-0,09;-0,09;-0,21;-0,21;-0,01;-0,01;0,0;0,0;-0,03;-0,03;0,0;0,0;0,0;0,0;-0,01;-0,01;-0,02;-0,02;0,0;0,0;-0,01;-0,01;-0,01;-0,01;-0,27;-0,27;-0,04;-0,04;-0,01;-0,01;-0,19;-0,19;0,0;0,0;-0,01;-0,01;0,0;0,0;-0,22;-0,22;-0,01;-0,01;-0,02;-0,02
18.08.2026;16:00;16:15;0,17;0,12;-0,2;-0,15;-0,02;-0,02;0,0;0,0;-0,02;-0,02;-0,13;-0,13;-0,01;-0,01;-0,09;-0,09;0,0;0,0;0,0;0,0;-0,04;-0,04;0,0;0,0;0,0;0,0;0,0;0,0;-0,03;-0,03;0,0;0,0;0,0;0,0;-0,02;-0,02;-0,3;-0,3;-0,04;-0,04;-0,01;-0,01;-0,13;-0,13;-0,01;-0,01;-0,02;-0,02;0,0;0,0;-0,01;-0,01;0,0;0,0;-0,02;-0,02
18.08.2026;16:15;16:30;0,15;0,11;-0,25;-0,21;-0,02;-0,02;0,0;0,0;0,0;0,0;-0,11;-0,11;-0,01;-0,01;-0,08;-0,08;-0,01;-0,01;0,0;0,0;0,0;0,0;0,0;0,0;-0,01;-0,01;-0,03;-0,03;-0,04;-0,04;-0,01;-0,01;0,0;0,0;-0,01;-0,01;-0,3;-0,3;-0,05;-0,05;-0,01;-0,01;-0,09;-0,09;-0,01;-0,01;-0,01;-0,01;0,0;0,0;-0,02;-0,02;0,0;0,0;-0,03;-0,03
18.08.2026;16:30;16:45;0,1;0,1;-0,26;-0,26;-0,02;-0,02;0,0;0,0;-0,01;-0,01;-0,12;-0,12;-0,01;-0,01;-0,09;-0,09;-0,01;-0,01;0,0;0,0;-0,01;-0,01;0,0;0,0;-0,02;-0,02;-0,33;-0,33;-0,03;-0,03;0,0;0,0;-0,02;-0,02;-0,02;-0,02;-0,41;-0,41;-0,3;-0,3;0,0;0,0;-0,04;-0,04;-0,01;-0,01;-0,03;-0,03;0,0;0,0;0,0;0,0;-0,01;-0,01;-0,03;-0,03
18.08.2026;16:45;17:00;0,17;0,12;-0,21;-0,16;-0,01;-0,01;0,0;0,0;-0,01;-0,01;-0,11;-0,11;-0,01;-0,01;-0,08;-0,08;0,0;0,0;0,0;0,0;-0,01;-0,01;0,0;0,0;-0,02;-0,02;-0,03;-0,03;-0,02;-0,02;0,0;0,0;-0,01;-0,01;-0,03;-0,03;-0,65;-0,65;-0,04;-0,04;-0,01;-0,01;-0,05;-0,05;-0,01;-0,01;-0,02;-0,02;0,0;0,0;-0,02;-0,02;-0,01;-0,01;-0,02;-0,02
18.08.2026;17:00;17:15;0,18;0,13;-0,3;-0,25;-0,03;-0,03;0,0;0,0;-0,02;-0,02;-0,5;-0,5;-0,01;-0,01;-0,04;-0,04;-0,01;-0,01;0,0;0,0;-0,01;-0,01;0,0;0,0;0,0;0,0;-0,03;-0,03;-0,03;-0,03;0,0;0,0;-0,01;-0,01;-0,02;-0,02;-0,97;-0,97;-0,05;-0,05;-0,01;-0,01;-0,05;-0,05;-0,01;-0,01;-0,02;-0,02;0,0;0,0;-0,01;-0,01;0,0;0,0;-0,03;-0,03
18.08.2026;17:15;17:30;0,02;0,02;-0,28;-0,28;-0,02;-0,02;0,0;0,0;-0,01;-0,01;-0,63;-0,63;-0,02;-0,02;-0,02;-0,02;-0,01;-0,01;0,0;0,0;0,0;0,0;0,0;0,0;0,0;0,0;-0,03;-0,03;-0,03;-0,03;0,0;0,0;-0,02;-0,02;-0,02;-0,02;-0,49;-0,49;-0,03;-0,03;-0,01;-0,01;-0,04;-0,04;-0,01;-0,01;-0,01;-0,01;0,0;0,0;-0,01;-0,01;0,0;0,0;-0,03;-0,03
18.08.2026;17:30;17:45;0,0;0,0;-0,22;-0,22;-0,03;-0,03;-0,01;-0,01;-0,02;-0,02;-0,2;-0,2;-0,01;-0,01;-0,02;-0,02;-0,01;-0,01;0,0;0,0;-0,01;-0,01;0,0;0,0;-0,01;-0,01;0,0;0,0;-0,02;-0,02;0,0;0,0;-0,01;-0,01;-0,08;-0,08;-0,16;-0,16;-0,04;-0,04;-0,01;-0,01;-0,05;-0,05;-0,01;-0,01;-0,01;-0,01;-0,01;-0,01;-0,01;-0,01;-0,01;-0,01;-0,03;-0,03
18.08.2026;17:45;18:00;0,0;0,0;-0,26;-0,26;-0,01;-0,01;0,0;0,0;0,0;0,0;-0,09;-0,09;0,0;0,0;-0,02;-0,02;0,0;0,0;0,0;0,0;-0,01;-0,01;0,0;0,0;-0,01;-0,01;0,0;0,0;-0,32;-0,32;0,0;0,0;-0,01;-0,01;-0,06;-0,06;-0,13;-0,13;-0,03;-0,03;-0,01;-0,01;-0,02;-0,02;0,0;0,0;-0,01;-0,01;0,0;0,0;-0,02;-0,02;0,0;0,0;-0,03;-0,03
18.08.2026;18:00;18:15;0,0;0,0;-0,25;-0,25;-0,03;-0,03;0,0;0,0;-0,01;-0,01;-0,11;-0,11;-0,02;-0,02;-0,02;-0,02;-0,01;-0,01;0,0;0,0;-0,01;-0,01;0,0;0,0;-0,02;-0,02;0,0;0,0;-0,37;-0,37;0,0;0,0;-0,02;-0,02;-0,06;-0,06;-0,06;-0,06;-0,03;-0,03;-0,01;-0,01;-0,01;-0,01;-0,01;-0,01;-0,01;-0,01;0,0;0,0;0,0;0,0;-0,01;-0,01;-0,04;-0,04
18.08.2026;18:15;18:30;0,05;0,05;-0,32;-0,32;-0,03;-0,03;0,0;0,0;-0,01;-0,01;-0,1;-0,1;-0,17;-0,17;-0,01;-0,01;0,0;0,0;0,0;0,0;-0,01;-0,01;0,0;0,0;-0,01;-0,01;-0,01;-0,01;-0,17;-0,17;0,0;0,0;-0,01;-0,01;-0,07;-0,07;-0,06;-0,06;-0,03;-0,03;-0,01;-0,01;-0,01;-0,01;-0,01;-0,01;-0,07;-0,07;0,0;0,0;-0,2;-0,2;0,0;0,0;-0,02;-0,02
18.08.2026;18:30;18:45;0,03;0,03;-0,23;-0,23;-0,11;-0,11;0,0;0,0;-0,02;-0,02;-0,09;-0,09;-0,15;-0,15;-0,01;-0,01;-0,01;-0,01;0,0;0,0;0,0;0,0;0,0;0,0;0,0;0,0;-0,02;-0,02;-0,03;-0,03;0,0;0,0;-0,01;-0,01;-0,07;-0,07;-0,03;-0,03;-0,32;-0,32;0,0;0,0;-0,01;-0,01;-0,01;-0,01;-0,03;-0,03;0,0;0,0;-0,04;-0,04;-0,01;-0,01;-0,03;-0,03
18.08.2026;18:45;19:00;0,02;0,02;-0,27;-0,27;-0,02;-0,02;0,0;0,0;-0,01;-0,01;-0,13;-0,13;-0,31;-0,31;-0,02;-0,02;-0,01;-0,01;0,0;0,0;-0,01;-0,01;0,0;0,0;-0,01;-0,01;-0,02;-0,02;-0,06;-0,06;-0,01;-0,01;0,0;0,0;-0,06;-0,06;-0,03;-0,03;-0,52;-0,52;-0,01;-0,01;-0,05;-0,05;-0,01;-0,01;-0,1;-0,1;0,0;0,0;-0,04;-0,04;0,0;0,0;-0,04;-0,04
18.08.2026;19:00;19:15;0,03;0,03;-0,24;-0,24;-0,03;-0,03;0,0;0,0;-0,01;-0,01;-0,16;-0,16;-0,2;-0,2;-0,01;-0,01;0,0;0,0;0,0;0,0;-0,01;-0,01;0,0;0,0;0,0;0,0;-0,03;-0,03;-0,07;-0,07;0,0;0,0;-0,01;-0,01;-0,07;-0,07;-0,02;-0,02;-0,47;-0,47;-0,01;-0,01;-0,08;-0,08;-0,01;-0,01;-0,08;-0,08;0,0;0,0;-0,2;-0,2;-0,01;-0,01;-0,04;-0,04
18.08.2026;19:15;19:30;0,01;0,01;-0,3;-0,3;-0,03;-0,03;0,0;0,0;-0,01;-0,01;-0,12;-0,12;-0,1;-0,1;-0,02;-0,02;-0,01;-0,01;0,0;0,0;-0,01;-0,01;0,0;0,0;-0,02;-0,02;-0,02;-0,02;-0,06;-0,06;0,0;0,0;-0,01;-0,01;-0,06;-0,06;-0,01;-0,01;-0,3;-0,3;-0,01;-0,01;-0,12;-0,12;-0,01;-0,01;-0,1;-0,1;0,0;0,0;-0,05;-0,05;-0,09;-0,09;-0,03;-0,03
18.08.2026;19:30;19:45;0,01;0,01;-0,35;-0,35;-0,02;-0,02;0,0;0,0;-0,02;-0,02;-0,15;-0,15;-0,1;-0,1;-0,02;-0,02;0,0;0,0;-0,01;-0,01;0,0;0,0;0,0;0,0;-0,02;-0,02;-0,02;-0,02;-0,06;-0,06;0,0;0,0;-0,06;-0,06;-0,06;-0,06;0,0;0,0;-0,28;-0,28;-0,01;-0,01;-0,14;-0,14;-0,01;-0,01;-0,1;-0,1;-0,01;-0,01;-0,04;-0,04;-0,03;-0,03;-0,02;-0,02
18.08.2026;19:45;20:00;0,0;0,0;-0,41;-0,41;-0,01;-0,01;0,0;0,0;-0,05;-0,05;-0,11;-0,11;-0,09;-0,09;-0,02;-0,02;-0,01;-0,01;0,0;0,0;-0,01;-0,01;0,0;0,0;0,0;0,0;0,0;0,0;-0,06;-0,06;0,0;0,0;-0,24;-0,24;-0,07;-0,07;-0,02;-0,02;-0,26;-0,26;-0,01;-0,01;-0,14;-0,14;0,0;0,0;-0,06;-0,06;0,0;0,0;-0,04;-0,04;-0,1;-0,1;-0,04;-0,04
18.08.2026;20:00;20:15;0,0;0,0;-0,33;-0,33;-0,03;-0,03;0,0;0,0;-0,13;-0,13;-0,16;-0,16;-0,03;-0,03;-0,02;-0,02;-0,01;-0,01;0,0;0,0;-0,01;-0,01;-0,01;-0,01;-0,01;-0,01;0,0;0,0;-0,07;-0,07;0,0;0,0;-0,31;-0,31;-0,07;-0,07;-0,06;-0,06;-0,26;-0,26;0,0;0,0;-0,12;-0,12;-0,01;-0,01;-0,05;-0,05;0,0;0,0;-0,17;-0,17;-0,11;-0,11;-0,04;-0,04
18.08.2026;20:15;20:30;0,0;0,0;-0,28;-0,28;-0,04;-0,04;0,0;0,0;-0,08;-0,08;-0,14;-0,14;-0,03;-0,03;-0,02;-0,02;-0,01;-0,01;0,0;0,0;-0,01;-0,01;0,0;0,0;0,0;0,0;0,0;0,0;-0,08;-0,08;0,0;0,0;-0,26;-0,26;-0,08;-0,08;-0,07;-0,07;-0,29;-0,29;-0,02;-0,02;-0,03;-0,03;-0,01;-0,01;-0,05;-0,05;0,0;0,0;-0,08;-0,08;-0,21;-0,21;-0,02;-0,02
18.08.2026;20:30;20:45;0,0;0,0;-0,29;-0,29;-0,02;-0,02;0,0;0,0;-0,05;-0,05;-0,17;-0,17;-0,03;-0,03;-0,01;-0,01;0,0;0,0;0,0;0,0;0,0;0,0;0,0;0,0;-0,01;-0,01;-0,01;-0,01;-0,47;-0,47;0,0;0,0;-0,04;-0,04;-0,07;-0,07;-0,07;-0,07;-0,49;-0,49;0,0;0,0;-0,03;-0,03;-0,01;-0,01;-0,05;-0,05;0,0;0,0;-0,05;-0,05;-0,28;-0,28;-0,02;-0,02
18.08.2026;20:45;21:00;0,0;0,0;-0,26;-0,26;-0,02;-0,02;0,0;0,0;-0,06;-0,06;-0,15;-0,15;-0,03;-0,03;-0,02;-0,02;-0,01;-0,01;0,0;0,0;-0,01;-0,01;0,0;0,0;-0,02;-0,02;0,0;0,0;-0,27;-0,27;0,0;0,0;-0,05;-0,05;-0,06;-0,06;-0,07;-0,07;-0,4;-0,4;-0,01;-0,01;-0,03;-0,03;-0,01;-0,01;-0,06;-0,06;0,0;0,0;-0,04;-0,04;-0,06;-0,06;-0,02;-0,02
18.08.2026;21:00;21:15;0,0;0,0;-0,19;-0,19;-0,03;-0,03;-0,01;-0,01;-0,05;-0,05;-0,13;-0,13;-0,04;-0,04;-0,02;-0,02;-0,01;-0,01;0,0;0,0;-0,01;-0,01;0,0;0,0;-0,01;-0,01;0,0;0,0;-0,24;-0,24;0,0;0,0;-0,03;-0,03;-0,06;-0,06;-0,07;-0,07;-0,1;-0,1;-0,01;-0,01;-0,04;-0,04;-0,01;-0,01;-0,05;-0,05;0,0;0,0;-0,07;-0,07;-0,09;-0,09;-0,02;-0,02
18.08.2026;21:15;21:30;0,0;0,0;-0,21;-0,21;-0,03;-0,03;0,0;0,0;-0,05;-0,05;-0,13;-0,13;-0,02;-0,02;-0,02;-0,02;0,0;0,0;0,0;0,0;-0,01;-0,01;0,0;0,0;-0,01;-0,01;0,0;0,0;-0,19;-0,19;-0,01;-0,01;-0,02;-0,02;-0,05;-0,05;-0,06;-0,06;-0,04;-0,04;-0,01;-0,01;-0,03;-0,03;-0,01;-0,01;-0,01;-0,01;0,0;0,0;-0,04;-0,04;-0,13;-0,13;-0,02;-0,02
18.08.2026;21:30;21:45;0,0;0,0;-0,2;-0,2;-0,04;-0,04;0,0;0,0;-0,04;-0,04;-0,12;-0,12;-0,04;-0,04;-0,02;-0,02;-0,01;-0,01;0,0;0,0;0,0;0,0;0,0;0,0;0,0;0,0;0,0;0,0;-0,09;-0,09;0,0;0,0;-0,02;-0,02;-0,06;-0,06;-0,06;-0,06;-0,03;-0,03;-0,01;-0,01;-0,16;-0,16;0,0;0,0;-0,02;-0,02;-0,01;-0,01;-0,04;-0,04;-0,04;-0,04;-0,01;-0,01
18.08.2026;21:45;22:00;0,0;0,0;-0,18;-0,18;-0,03;-0,03;0,0;0,0;-0,04;-0,04;-0,12;-0,12;-0,03;-0,03;-0,02;-0,02;0,0;0,0;0,0;0,0;-0,01;-0,01;0,0;0,0;0,0;0,0;0,0;0,0;-0,32;-0,32;0,0;0,0;-0,04;-0,04;-0,04;-0,04;-0,06;-0,06;-0,04;-0,04;0,0;0,0;-0,15;-0,15;-0,01;-0,01;-0,02;-0,02;0,0;0,0;-0,03;-0,03;-0,03;-0,03;-0,01;-0,01
18.08.2026;22:00;22:15;0,0;0,0;-0,2;-0,2;-0,02;-0,02;0,0;0,0;-0,03;-0,03;-0,13;-0,13;-0,12;-0,12;-0,01;-0,01;-0,01;-0,01;0,0;0,0;-0,01;-0,01;0,0;0,0;-0,02;-0,02;0,0;0,0;-0,23;-0,23;0,0;0,0;-0,03;-0,03;-0,04;-0,04;-0,08;-0,08;-0,02;-0,02;-0,01;-0,01;-0,03;-0,03;-0,02;-0,02;-0,01;-0,01;0,0;0,0;-0,03;-0,03;-0,22;-0,22;-0,03;-0,03
18.08.2026;22:15;22:30;0,0;0,0;-0,19;-0,19;-0,04;-0,04;0,0;0,0;-0,04;-0,04;-0,14;-0,14;-0,52;-0,52;-0,01;-0,01;0,0;0,0;0,0;0,0;-0,01;-0,01;0,0;0,0;-0,01;-0,01;-0,01;-0,01;-0,1;-0,1;0,0;0,0;-0,02;-0,02;-0,03;-0,03;-0,02;-0,02;-0,03;-0,03;-0,01;-0,01;-0,03;-0,03;-0,01;-0,01;-0,02;-0,02;0,0;0,0;-0,03;-0,03;-0,01;-0,01;-0,02;-0,02
18.08.2026;22:30;22:45;0,0;0,0;-0,2;-0,2;-0,04;-0,04;0,0;0,0;-0,05;-0,05;-0,14;-0,14;-0,11;-0,11;-0,01;-0,01;-0,01;-0,01;0,0;0,0;-0,01;-0,01;0,0;0,0;-0,01;-0,01;0,0;0,0;-0,08;-0,08;0,0;0,0;-0,02;-0,02;-0,01;-0,01;-0,02;-0,02;-0,02;-0,02;0,0;0,0;-0,04;-0,04;-0,03;-0,03;-0,02;-0,02;0,0;0,0;-0,02;-0,02;-0,03;-0,03;-0,02;-0,02
18.08.2026;22:45;23:00;0,0;0,0;-0,2;-0,2;-0,03;-0,03;0,0;0,0;-0,04;-0,04;-0,13;-0,13;-0,16;-0,16;-0,02;-0,02;-0,01;-0,01;0,0;0,0;0,0;0,0;0,0;0,0;-0,01;-0,01;0,0;0,0;-0,08;-0,08;0,0;0,0;-0,02;-0,02;-0,01;-0,01;-0,01;-0,01;-0,03;-0,03;-0,02;-0,02;-0,04;-0,04;-0,02;-0,02;-0,05;-0,05;0,0;0,0;-0,03;-0,03;-0,35;-0,35;-0,02;-0,02
18.08.2026;23:00;23:15;0,0;0,0;-0,18;-0,18;-0,01;-0,01;0,0;0,0;-0,04;-0,04;-0,15;-0,15;-0,06;-0,06;-0,02;-0,02;-0,01;-0,01;0,0;0,0;-0,01;-0,01;0,0;0,0;0,0;0,0;0,0;0,0;-0,07;-0,07;0,0;0,0;-0,01;-0,01;-0,02;-0,02;-0,02;-0,02;-0,03;-0,03;0,0;0,0;-0,03;-0,03;-0,01;-0,01;-0,07;-0,07;0,0;0,0;-0,02;-0,02;-0,04;-0,04;-0,02;-0,02
18.08.2026;23:15;23:30;0,0;0,0;-0,18;-0,18;-0,03;-0,03;0,0;0,0;-0,04;-0,04;-0,16;-0,16;-0,01;-0,01;-0,02;-0,02;0,0;0,0;0,0;0,0;-0,01;-0,01;0,0;0,0;-0,01;-0,01;0,0;0,0;-0,07;-0,07;0,0;0,0;-0,01;-0,01;-0,02;-0,02;-0,01;-0,01;0,0;0,0;-0,01;-0,01;-0,15;-0,15;-0,01;-0,01;-0,05;-0,05;0,0;0,0;-0,03;-0,03;-0,01;-0,01;-0,02;-0,02
18.08.2026;23:30;23:45;0,0;0,0;-0,19;-0,19;-0,02;-0,02;0,0;0,0;-0,04;-0,04;-0,14;-0,14;-0,01;-0,01;-0,03;-0,03;-0,01;-0,01;0,0;0,0;-0,01;-0,01;0,0;0,0;-0,01;-0,01;0,0;0,0;-0,07;-0,07;0,0;0,0;-0,01;-0,01;-0,02;-0,02;-0,01;-0,01;-0,01;-0,01;-0,01;-0,01;-0,02;-0,02;-0,02;-0,02;-0,01;-0,01;-0,01;-0,01;-0,02;-0,02;-0,02;-0,02;-0,01;-0,01
18.08.2026;23:45;00:00;0,0;0,0;-0,18;-0,18;-0,04;-0,04;0,0;0,0;-0,03;-0,03;-0,14;-0,14;-0,01;-0,01;-0,04;-0,04;-0,01;-0,01;0,0;0,0;0,0;0,0;0,0;0,0;-0,02;-0,02;0,0;0,0;-0,05;-0,05;-0,01;-0,01;-0,01;-0,01;-0,02;-0,02;-0,01;-0,01;-0,01;-0,01;-0,01;-0,01;-0,02;-0,02;-0,02;-0,02;-0,02;-0,02;0,0;0,0;-0,02;-0,02;-0,01;-0,01;-0,02;-0,02
19.08.2026;00:00;00:15;0,0;0,0;-0,18;-0,18;-0,02;-0,02;0,0;0,0;-0,04;-0,04;-0,25;-0,25;-0,01;-0,01;-0,02;-0,02;0,0;0,0;0,0;0,0;-0,01;-0,01;0,0;0,0;-0,01;-0,01;0,0;0,0;-0,03;-0,03;0,0;0,0;-0,02;-0,02;-0,02;-0,02;-0,01;-0,01;-0,01;-0,01;-0,01;-0,01;-0,02;-0,02;-0,01;-0,01;-0,01;-0,01;0,0;0,0;-0,03;-0,03;0,0;0,0;-0,02;-0,02
19.08.2026;00:15;00:30;0,0;0,0;-0,23;-0,23;-0,03;-0,03;-0,01;-0,01;-0,04;-0,04;-0,38;-0,38;-0,01;-0,01;-0,03;-0,03;-0,01;-0,01;0,0;0,0;-0,01;-0,01;0,0;0,0;0,0;0,0;-0,01;-0,01;-0,02;-0,02;0,0;0,0;-0,02;-0,02;-0,02;-0,02;-0,01;-0,01;-0,01;-0,01;-0,01;-0,01;-0,02;-0,02;-0,01;-0,01;-0,02;-0,02;0,0;0,0;-0,01;-0,01;-0,01;-0,01;-0,02;-0,02
19.08.2026;00:30;00:45;0,0;0,0;-0,17;-0,17;-0,03;-0,03;0,0;0,0;-0,01;-0,01;-0,14;-0,14;-0,01;-0,01;-0,04;-0,04;0,0;0,0;-0,01;-0,01;-0,01;-0,01;0,0;0,0;-0,01;-0,01;0,0;0,0;-0,02;-0,02;0,0;0,0;-0,01;-0,01;-0,02;-0,02;-0,02;-0,02;-0,02;-0,02;0,0;0,0;-0,01;-0,01;-0,01;-0,01;-0,01;-0,01;0,0;0,0;-0,03;-0,03;-0,01;-0,01;-0,02;-0,02
19.08.2026;00:45;01:00;0,0;0,0;-0,17;-0,17;-0,05;-0,05;0,0;0,0;-0,01;-0,01;-0,14;-0,14;-0,01;-0,01;-0,04;-0,04;-0,01;-0,01;0,0;0,0;0,0;0,0;0,0;0,0;0,0;0,0;0,0;0,0;-0,02;-0,02;0,0;0,0;0,0;0,0;-0,01;-0,01;-0,01;-0,01;-0,01;-0,01;-0,01;-0,01;-0,01;-0,01;-0,01;-0,01;-0,02;-0,02;0,0;0,0;-0,02;-0,02;-0,01;-0,01;-0,02;-0,02
19.08.2026;01:00;01:15;0,0;0,0;-0,17;-0,17;-0,05;-0,05;0,0;0,0;0,0;0,0;-0,17;-0,17;-0,01;-0,01;-0,04;-0,04;-0,01;-0,01;0,0;0,0;-0,01;-0,01;-0,01;-0,01;-0,01;-0,01;0,0;0,0;-0,01;-0,01;0,0;0,0;-0,01;-0,01;-0,01;-0,01;-0,01;-0,01;-0,01;-0,01;-0,01;-0,01;-0,01;-0,01;-0,01;-0,01;-0,01;-0,01;0,0;0,0;-0,02;-0,02;0,0;0,0;-0,02;-0,02
19.08.2026;01:15;01:30;0,0;0,0;-0,16;-0,16;-0,02;-0,02;0,0;0,0;-0,02;-0,02;-0,15;-0,15;-0,01;-0,01;-0,05;-0,05;0,0;0,0;0,0;0,0;-0,01;-0,01;0,0;0,0;-0,01;-0,01;0,0;0,0;-0,03;-0,03;0,0;0,0;-0,01;-0,01;-0,02;-0,02;-0,01;-0,01;0,0;0,0;-0,01;-0,01;-0,02;-0,02;-0,01;-0,01;-0,02;-0,02;0,0;0,0;-0,03;-0,03;-0,01;-0,01;-0,02;-0,02
19.08.2026;01:30;01:45;0,0;0,0;-0,17;-0,17;-0,03;-0,03;0,0;0,0;-0,01;-0,01;-0,13;-0,13;0,0;0,0;-0,04;-0,04;-0,01;-0,01;0,0;0,0;-0,01;-0,01;0,0;0,0;-0,02;-0,02;-0,01;-0,01;-0,06;-0,06;0,0;0,0;-0,02;-0,02;-0,01;-0,01;-0,01;-0,01;-0,01;-0,01;-0,01;-0,01;-0,02;-0,02;-0,01;-0,01;-0,01;-0,01;-0,01;-0,01;-0,02;-0,02;-0,01;-0,01;-0,02;-0,02
19.08.2026;01:45;02:00;0,0;0,0;-0,18;-0,18;-0,03;-0,03;0,0;0,0;-0,02;-0,02;-0,14;-0,14;-0,01;-0,01;-0,04;-0,04;-0,01;-0,01;0,0;0,0;0,0;0,0;0,0;0,0;-0,01;-0,01;0,0;0,0;-0,07;-0,07;0,0;0,0;-0,01;-0,01;-0,02;-0,02;-0,01;-0,01;-0,01;-0,01;0,0;0,0;-0,01;-0,01;0,0;0,0;-0,02;-0,02;0,0;0,0;-0,02;-0,02;-0,01;-0,01;-0,01;-0,01
19.08.2026;02:00;02:15;0,0;0,0;-0,17;-0,17;-0,03;-0,03;0,0;0,0;-0,01;-0,01;-0,11;-0,11;-0,01;-0,01;-0,01;-0,01;0,0;0,0;0,0;0,0;-0,01;-0,01;0,0;0,0;-0,01;-0,01;0,0;0,0;-0,06;-0,06;0,0;0,0;-0,02;-0,02;-0,02;-0,02;-0,02;-0,02;-0,01;-0,01;-0,01;-0,01;-0,02;-0,02;-0,01;-0,01;-0,01;-0,01;0,0;0,0;-0,02;-0,02;0,0;0,0;-0,01;-0,01
19.08.2026;02:15;02:30;0,0;0,0;-0,17;-0,17;-0,02;-0,02;0,0;0,0;0,0;0,0;-0,1;-0,1;-0,01;-0,01;-0,02;-0,02;-0,01;-0,01;0,0;0,0;-0,01;-0,01;0,0;0,0;0,0;0,0;0,0;0,0;-0,07;-0,07;-0,01;-0,01;0,0;0,0;-0,02;-0,02;-0,01;-0,01;-0,01;-0,01;-0,02;-0,02;-0,01;-0,01;-0,02;-0,02;-0,02;-0,02;0,0;0,0;-0,03;-0,03;-0,01;-0,01;-0,03;-0,03
19.08.2026;02:30;02:45;0,0;0,0;-0,17;-0,17;-0,01;-0,01;0,0;0,0;-0,01;-0,01;-0,1;-0,1;-0,01;-0,01;-0,02;-0,02;-0,01;-0,01;0,0;0,0;-0,01;-0,01;0,0;0,0;-0,01;-0,01;0,0;0,0;-0,06;-0,06;0,0;0,0;-0,01;-0,01;-0,03;-0,03;-0,01;-0,01;-0,02;-0,02;0,0;0,0;-0,01;-0,01;0,0;0,0;-0,01;-0,01;0,0;0,0;-0,01;-0,01;-0,01;-0,01;-0,02;-0,02
19.08.2026;02:45;03:00;0,0;0,0;-0,18;-0,18;-0,02;-0,02;0,0;0,0;-0,02;-0,02;-0,11;-0,11;-0,01;-0,01;-0,02;-0,02;0,0;0,0;0,0;0,0;-0,01;-0,01;0,0;0,0;-0,01;-0,01;0,0;0,0;-0,05;-0,05;0,0;0,0;-0,01;-0,01;-0,02;-0,02;-0,01;-0,01;-0,01;-0,01;-0,01;-0,01;-0,02;-0,02;-0,01;-0,01;-0,02;-0,02;0,0;0,0;-0,03;-0,03;-0,01;-0,01;-0,02;-0,02
19.08.2026;03:00;03:15;0,0;0,0;-0,18;-0,18;-0,03;-0,03;0,0;0,0;-0,01;-0,01;-0,1;-0,1;0,0;0,0;-0,02;-0,02;-0,01;-0,01;0,0;0,0;-0,01;-0,01;0,0;0,0;-0,02;-0,02;0,0;0,0;-0,01;-0,01;0,0;0,0;-0,02;-0,02;-0,01;-0,01;-0,01;-0,01;0,0;0,0;-0,01;-0,01;-0,02;-0,02;-0,01;-0,01;-0,01;-0,01;0,0;0,0;-0,01;-0,01;0,0;0,0;-0,02;-0,02
19.08.2026;03:15;03:30;0,0;0,0;-0,32;-0,32;-0,02;-0,02;0,0;0,0;-0,02;-0,02;-0,08;-0,08;-0,01;-0,01;-0,02;-0,02;0,0;0,0;0,0;0,0;-0,01;-0,01;0,0;0,0;-0,01;-0,01;0,0;0,0;-0,02;-0,02;0,0;0,0;-0,01;-0,01;-0,01;-0,01;-0,01;-0,01;-0,01;-0,01;0,0;0,0;-0,01;-0,01;-0,01;-0,01;-0,01;-0,01;0,0;0,0;-0,03;-0,03;-0,01;-0,01;-0,02;-0,02
19.08.2026;03:30;03:45;0,0;0,0;-0,17;-0,17;-0,01;-0,01;-0,01;-0,01;0,0;0,0;-0,09;-0,09;-0,01;-0,01;-0,02;-0,02;-0,01;-0,01;0,0;0,0;0,0;0,0;0,0;0,0;0,0;0,0;0,0;0,0;-0,01;-0,01;0,0;0,0;-0,02;-0,02;-0,01;-0,01;-0,02;-0,02;-0,01;-0,01;-0,02;-0,02;-0,02;-0,02;-0,01;-0,01;-0,02;-0,02;-0,01;-0,01;-0,01;-0,01;-0,01;-0,01;-0,02;-0,02
19.08.2026;03:45;04:00;0,0;0,0;-0,18;-0,18;-0,02;-0,02;0,0;0,0;-0,01;-0,01;-0,07;-0,07;-0,01;-0,01;-0,02;-0,02;-0,01;-0,01;0,0;0,0;-0,01;-0,01;0,0;0,0;-0,01;-0,01;0,0;0,0;-0,01;-0,01;0,0;0,0;-0,01;-0,01;-0,01;-0,01;0,0;0,0;-0,01;-0,01;0,0;0,0;-0,01;-0,01;-0,01;-0,01;-0,01;-0,01;0,0;0,0;-0,01;-0,01;-0,01;-0,01;-0,01;-0,01
19.08.2026;04:00;04:15;0,0;0,0;-0,19;-0,19;-0,02;-0,02;0,0;0,0;-0,02;-0,02;-0,04;-0,04;-0,01;-0,01;-0,02;-0,02;0,0;0,0;0,0;0,0;-0,01;-0,01;0,0;0,0;0,0;0,0;-0,01;-0,01;-0,02;-0,02;0,0;0,0;0,0;0,0;-0,02;-0,02;-0,02;-0,02;0,0;0,0;-0,01;-0,01;-0,02;-0,02;-0,01;-0,01;-0,05;-0,05;0,0;0,0;-0,01;-0,01;0,0;0,0;-0,01;-0,01
19.08.2026;04:15;04:30;0,0;0,0;-0,17;-0,17;-0,03;-0,03;0,0;0,0;-0,01;-0,01;-0,04;-0,04;-0,01;-0,01;-0,01;-0,01;-0,01;-0,01;0,0;0,0;-0,01;-0,01;0,0;0,0;-0,02;-0,02;0,0;0,0;-0,01;-0,01;0,0;0,0;-0,01;-0,01;-0,02;-0,02;-0,01;-0,01;-0,02;-0,02;-0,01;-0,01;-0,01;-0,01;0,0;0,0;-0,01;-0,01;0,0;0,0;-0,01;-0,01;-0,01;-0,01;-0,02;-0,02
19.08.2026;04:30;04:45;0,0;0,0;-0,18;-0,18;-0,02;-0,02;0,0;0,0;-0,01;-0,01;-0,04;-0,04;0,0;0,0;-0,02;-0,02;-0,01;-0,01;0,0;0,0;-0,01;-0,01;0,0;0,0;-0,02;-0,02;0,0;0,0;-0,01;-0,01;0,0;0,0;-0,02;-0,02;-0,02;-0,02;-0,01;-0,01;-0,01;-0,01;-0,01;-0,01;-0,01;-0,01;-0,01;-0,01;-0,02;-0,02;0,0;0,0;-0,01;-0,01;-0,01;-0,01;-0,03;-0,03
19.08.2026;04:45;05:00;0,0;0,0;-0,17;-0,17;-0,01;-0,01;0,0;0,0;-0,01;-0,01;-0,04;-0,04;-0,02;-0,02;-0,02;-0,02;0,0;0,0;0,0;0,0;0,0;0,0;0,0;0,0;0,0;0,0;0,0;0,0;-0,02;-0,02;-0,01;-0,01;-0,01;-0,01;-0,03;-0,03;-0,01;-0,01;-0,01;-0,01;-0,01;-0,01;-0,02;-0,02;-0,01;-0,01;-0,02;-0,02;0,0;0,0;-0,01;-0,01;-0,01;-0,01;-0,02;-0,02
19.08.2026;05:00;05:15;0,0;0,0;-0,19;-0,19;-0,02;-0,02;0,0;0,0;-0,01;-0,01;-0,03;-0,03;-0,01;-0,01;-0,02;-0,02;-0,01;-0,01;0,0;0,0;-0,01;-0,01;0,0;0,0;0,0;0,0;0,0;0,0;-0,01;-0,01;0,0;0,0;-0,02;-0,02;-0,02;-0,02;-0,01;-0,01;-0,01;-0,01;-0,01;-0,01;-0,01;-0,01;-0,01;-0,01;-0,02;-0,02;0,0;0,0;-0,02;-0,02;-0,01;-0,01;-0,02;-0,02
19.08.2026;05:15;05:30;0,0;0,0;-0,21;-0,21;-0,03;-0,03;0,0;0,0;-0,01;-0,01;-0,04;-0,04;-0,01;-0,01;-0,02;-0,02;-0,01;-0,01;0,0;0,0;-0,01;-0,01;0,0;0,0;-0,01;-0,01;0,0;0,0;-0,01;-0,01;0,0;0,0;-0,01;-0,01;-0,12;-0,12;-0,02;-0,02;0,0;0,0;-0,01;-0,01;-0,02;-0,02;-0,01;-0,01;-0,01;-0,01;0,0;0,0;0,0;0,0;-0,01;-0,01;-0,02;-0,02
19.08.2026;05:30;05:45;0,0;0,0;-0,19;-0,19;-0,02;-0,02;0,0;0,0;-0,02;-0,02;-0,04;-0,04;-0,01;-0,01;-0,01;-0,01;0,0;0,0;-0,01;-0,01;-0,01;-0,01;0,0;0,0;-0,01;-0,01;0,0;0,0;-0,01;-0,01;0,0;0,0;0,0;0,0;-0,02;-0,02;-0,01;-0,01;-0,02;-0,02;-0,01;-0,01;-0,02;-0,02;-0,01;-0,01;-0,02;-0,02;-0,01;-0,01;-0,02;-0,02;-0,27;-0,27;-0,02;-0,02
19.08.2026;05:45;06:00;0,0;0,0;-0,2;-0,2;-0,01;-0,01;0,0;0,0;-0,01;-0,01;-0,03;-0,03;0,0;0,0;-0,01;-0,01;-0,01;-0,01;0,0;0,0;0,0;0,0;0,0;0,0;-0,02;-0,02;-0,01;-0,01;-0,02;-0,02;0,0;0,0;-0,01;-0,01;-0,02;-0,02;-0,01;-0,01;-0,02;-0,02;0,0;0,0;0,0;0,0;0,0;0,0;-0,01;-0,01;0,0;0,0;0,0;0,0;-0,15;-0,15;-0,02;-0,02
19.08.2026;06:00;06:15;0,0;0,0;-0,3;-0,3;-0,02;-0,02;0,0;0,0;-0,01;-0,01;-0,04;-0,04;-0,01;-0,01;-0,01;-0,01;0,0;0,0;0,0;0,0;-0,01;-0,01;-0,01;-0,01;-0,01;-0,01;0,0;0,0;-0,04;-0,04;0,0;0,0;-0,02;-0,02;-0,02;-0,02;-0,01;-0,01;0,0;0,0;-0,01;-0,01;-0,02;-0,02;-0,01;-0,01;-0,02;-0,02;0,0;0,0;-0,02;-0,02;-0,04;-0,04;-0,01;-0,01
19.08.2026;06:15;06:30;0,0;0,0;-0,24;-0,24;-0,03;-0,03;0,0;0,0;-0,01;-0,01;-0,04;-0,04;-0,02;-0,02;-0,02;-0,02;-0,01;-0,01;0,0;0,0;-0,01;-0,01;0,0;0,0;0,0;0,0;0,0;0,0;-0,03;-0,03;0,0;0,0;-0,01;-0,01;-0,01;-0,01;-0,01;-0,01;-0,01;-0,01;-0,01;-0,01;-0,01;-0,01;-0,01;-0,01;-0,01;-0,01;0,0;0,0;-0,01;-0,01;-0,02;-0,02;-0,01;-0,01
19.08.2026;06:30;06:45;0,02;0,02;-0,2;-0,2;-0,02;-0,02;0,0;0,0;-0,01;-0,01;-0,03;-0,03;-0,02;-0,02;-0,02;-0,02;-0,01;-0,01;0,0;0,0;-0,01;-0,01;0,0;0,0;-0,01;-0,01;0,0;0,0;-0,02;-0,02;0,0;0,0;-0,02;-0,02;-0,02;-0,02;-0,01;-0,01;-0,01;-0,01;0,0;0,0;-0,02;-0,02;-0,01;-0,01;-0,02;-0,02;0,0;0,0;-0,01;-0,01;-0,01;-0,01;-0,02;-0,02
19.08.2026;06:45;07:00;0,03;0,03;-0,19;-0,19;-0,01;-0,01;0,0;0,0;-0,02;-0,02;-0,04;-0,04;-0,01;-0,01;-0,02;-0,02;0,0;0,0;0,0;0,0;0,0;0,0;0,0;0,0;0,0;0,0;0,0;0,0;-0,04;-0,04;0,0;0,0;-0,01;-0,01;-0,02;-0,02;-0,02;-0,02;-0,02;-0,02;-0,02;-0,02;-0,02;-0,02;-0,01;-0,01;-0,01;-0,01;0,0;0,0;-0,01;-0,01;-0,01;-0,01;-0,03;-0,03
19.08.2026;07:00;07:15;0,06;0,06;-0,23;-0,23;-0,16;-0,16;-0,01;-0,01;-0,01;-0,01;-0,04;-0,04;-0,01;-0,01;-0,02;-0,02;-0,01;-0,01;0,0;0,0;-0,01;-0,01;0,0;0,0;-0,02;-0,02;0,0;0,0;-0,02;-0,02;0,0;0,0;0,0;0,0;-0,03;-0,03;0,0;0,0;-0,01;-0,01;0,0;0,0;0,0;0,0;-0,01;-0,01;-0,01;-0,01;0,0;0,0;-0,02;-0,02;0,0;0,0;-0,03;-0,03
19.08.2026;07:15;07:30;0,16;0,11;-0,18;-0,13;-0,03;-0,03;0,0;0,0;-0,01;-0,01;-0,03;-0,03;0,0;0,0;-0,02;-0,02;-0,01;-0,01;0,0;0,0;-0,01;-0,01;0,0;0,0;-0,02;-0,02;0,0;0,0;-0,01;-0,01;-0,01;-0,01;-0,01;-0,01;-0,02;-0,02;-0,01;-0,01;-0,02;-0,02;-0,01;-0,01;-0,02;-0,02;-0,01;-0,01;-0,02;-0,02;0,0;0,0;0,0;0,0;0,0;0,0;-0,02;-0,02
19.08.2026;07:30;07:45;0,13;0,11;-0,18;-0,16;-0,11;-0,11;0,0;0,0;0,0;0,0;-0,04;-0,04;-0,01;-0,01;-0,02;-0,02;0,0;0,0;0,0;0,0;-0,01;-0,01;0,0;0,0;0,0;0,0;0,0;0,0;-0,01;-0,01;0,0;0,0;-0,02;-0,02;-0,02;-0,02;-0,02;-0,02;-0,01;-0,01;-0,01;-0,01;-0,01;-0,01;0,0;0,0;-0,01;-0,01;-0,01;-0,01;-0,02;-0,02;-0,01;-0,01;-0,02;-0,02
19.08.2026;07:45;08:00;0,05;0,05;-0,19;-0,19;-0,02;-0,02;0,0;0,0;-0,02;-0,02;-0,04;-0,04;-0,01;-0,01;-0,02;-0,02;-0,01;-0,01;0,0;0,0;0,0;0,0;0,0;0,0;-0,01;-0,01;0,0;0,0;-0,02;-0,02;0,0;0,0;-0,02;-0,02;-0,02;-0,02;0,0;0,0;0,0;0,0;-0,01;-0,01;-0,01;-0,01;-0,02;-0,02;-0,02;-0,02;0,0;0,0;-0,01;-0,01;-0,01;-0,01;-0,02;-0,02
19.08.2026;08:00;08:15;0,2;0,15;-0,19;-0,14;-0,03;-0,03;0,0;0,0;-0,02;-0,02;-0,04;-0,04;-0,01;-0,01;-0,02;-0,02;-0,01;-0,01;0,0;0,0;-0,01;-0,01;0,0;0,0;0,0;0,0;0,0;0,0;-0,01;-0,01;0,0;0,0;-0,01;-0,01;-0,01;-0,01;-0,02;-0,02;-0,01;-0,01;-0,01;-0,01;-0,03;-0,03;0,0;0,0;-0,02;-0,02;0,0;0,0;-0,02;-0,02;0,0;0,0;-0,01;-0,01
19.08.2026;08:15;08:30;0,24;0,18;-0,22;-0,16;-0,03;-0,03;0,0;0,0;-0,01;-0,01;-0,04;-0,04;-0,01;-0,01;-0,02;-0,02;0,0;0,0;0,0;0,0;-0,01;-0,01;0,0;0,0;-0,01;-0,01;0,0;0,0;-0,01;-0,01;0,0;0,0;-0,02;-0,02;-0,02;-0,02;-0,01;-0,01;-0,01;-0,01;-0,01;-0,01;-0,02;-0,02;-0,01;-0,01;-0,02;-0,02;0,0;0,0;0,0;0,0;0,0;0,0;-0,01;-0,01
19.08.2026;08:30;08:45;0,12;0,11;-0,28;-0,27;-0,16;-0,16;0,0;0,0;-0,09;-0,09;-0,03;-0,03;-0,01;-0,01;-0,02;-0,02;-0,01;-0,01;0,0;0,0;-0,01;-0,01;0,0;0,0;-0,02;-0,02;-0,01;-0,01;-0,01;-0,01;0,0;0,0;0,0;0,0;-0,01;-0,01;-0,01;-0,01;0,0;0,0;0,0;0,0;-0,08;-0,08;-0,01;-0,01;-0,02;-0,02;0,0;0,0;-0,02;-0,02;-0,01;-0,01;-0,02;-0,02
19.08.2026;08:45;09:00;0,23;0,17;-0,25;-0,19;-0,04;-0,04;0,0;0,0;-0,06;-0,06;-0,04;-0,04;0,0;0,0;-0,02;-0,02;0,0;0,0;0,0;0,0;-0,01;-0,01;0,0;0,0;-0,01;-0,01;0,0;0,0;-0,01;-0,01;0,0;0,0;0,0;0,0;-0,01;-0,01;-0,08;-0,08;-0,02;-0,02;-0,01;-0,01;-0,02;-0,02;-0,01;-0,01;-0,08;-0,08;0,0;0,0;0,0;0,0;-0,01;-0,01;-0,02;-0,02
19.08.2026;09:00;09:15;0,28;0,2;-0,24;-0,16;-0,02;-0,02;0,0;0,0;-0,05;-0,05;-0,04;-0,04;-0,01;-0,01;-0,02;-0,02;-0,01;-0,01;0,0;0,0;-0,01;-0,01;0,0;0,0;-0,01;-0,01;0,0;0,0;-0,01;-0,01;0,0;0,0;-0,01;-0,01;-0,02;-0,02;-0,05;-0,05;-0,01;-0,01;-0,01;-0,01;-0,02;-0,02;-0,01;-0,01;-0,37;-0,37;0,0;0,0;-0,02;-0,02;0,0;0,0;-0,03;-0,03
19.08.2026;09:15;09:30;0,32;0,11;-0,2;-0,16;-0,19;-0,18;0,0;0,0;-0,07;-0,06;-0,03;-0,02;-0,02;-0,01;-0,01;0,0;-0,01;0,0;0,0;0,0;-0,01;0,0;0,0;0,0;0,0;0,0;0,0;0,0;-0,02;-0,01;0,0;0,0;-0,01;0,0;-0,02;-0,01;-0,05;-0,04;-0,01;0,0;-0,01;0,0;-0,02;-0,01;-0,01;0,0;-0,05;-0,04;0,0;0,0;0,0;0,0;0,0;0,0;-0,02;-0,01
19.08.2026;09:30;09:45;0,4;0,16;-0,2;-0,13;-0,13;-0,12;0,0;0,0;-0,16;-0,15;-0,04;-0,03;-0,01;0,0;-0,01;0,0;0,0;0,0;0,0;0,0;-0,01;0,0;0,0;0,0;0,0;0,0;0,0;0,0;0,0;0,0;0,0;0,0;-0,01;0,0;-0,02;-0,01;-0,05;-0,04;0,0;0,0;-0,01;0,0;-0,17;-0,16;-0,01;0,0;-0,03;-0,02;-0,01;0,0;-0,01;0,0;-0,01;0,0;-0,02;-0,01
19.08.2026;09:45;10:00;0,0;0,0;-0,18;-0,18;-0,05;-0,05;0,0;0,0;-0,02;-0,02;-0,04;-0,04;-0,01;-0,01;0,0;0,0;-0,01;-0,01;0,0;0,0;0,0;0,0;0,0;0,0;-0,02;-0,02;0,0;0,0;-0,02;-0,02;-0,01;-0,01;-0,02;-0,02;-0,03;-0,03;-0,06;-0,06;0,0;0,0;0,0;0,0;-0,28;-0,28;-0,01;-0,01;-0,06;-0,06;0,0;0,0;-0,02;-0,02;-0,01;-0,01;-0,02;-0,02
19.08.2026;10:00;10:15;0,0;0,0;-0,21;-0,21;-0,06;-0,06;0,0;0,0;-0,03;-0,03;-0,03;-0,03;-0,01;-0,01;-0,02;-0,02;0,0;0,0;0,0;0,0;-0,01;-0,01;0,0;0,0;-0,02;-0,02;0,0;0,0;-0,01;-0,01;0,0;0,0;0,0;0,0;-0,03;-0,03;-0,06;-0,06;-0,02;-0,02;-0,01;-0,01;-0,06;-0,06;-0,01;-0,01;-0,12;-0,12;0,0;0,0;0,0;0,0;0,0;0,0;-0,02;-0,02
19.08.2026;10:15;10:30;0,16;0,11;-0,34;-0,29;-0,06;-0,06;-0,01;-0,01;-0,02;-0,02;-0,04;-0,04;0,0;0,0;-0,02;-0,02;-0,01;-0,01;0,0;0,0;-0,01;-0,01;0,0;0,0;-0,01;-0,01;0,0;0,0;-0,01;-0,01;0,0;0,0;-0,01;-0,01;-0,03;-0,03;-0,01;-0,01;0,0;0,0;-0,01;-0,01;-0,04;-0,04;-0,01;-0,01;-0,17;-0,17;0,0;0,0;-0,01;-0,01;0,0;0,0;-0,01;-0,01
19.08.2026;10:30;10:45;0,5;0,21;-0,28;-0,17;-0,06;-0,05;0,0;0,0;-0,03;-0,02;-0,04;-0,03;-0,01;0,0;-0,02;-0,01;-0,01;0,0;-0,01;0,0;-0,01;0,0;0,0;0,0;0,0;0,0;0,0;0,0;-0,01;0,0;0,0;0,0;0,0;0,0;-0,02;-0,01;-0,02;-0,01;0,0;0,0;-0,01;0,0;-0,02;-0,01;-0,09;-0,08;-0,16;-0,15;0,0;0,0;-0,01;0,0;-0,01;0,0;-0,01;0,0
19.08.2026;10:45;11:00;0,61;0,21;-0,18;-0,06;-0,07;-0,05;0,0;0,0;-0,01;0,0;-0,03;-0,01;-0,01;0,0;-0,02;0,0;-0,01;0,0;0,0;0,0;-0,01;0,0;0,0;0,0;0,0;0,0;0,0;0,0;-0,01;0,0;0,0;0,0;-0,01;0,0;-0,02;0,0;-0,02;0,0;-0,01;0,0;-0,01;0,0;-0,02;0,0;-0,03;-0,01;-0,15;-0,13;0,0;0,0;-0,01;0,0;-0,01;0,0;-0,02;0,0
19.08.2026;11:00;11:15;0,66;0,21;-0,18;-0,04;-0,07;-0,04;0,0;0,0;-0,01;0,0;-0,04;-0,01;-0,01;0,0;-0,02;0,0;0,0;0,0;0,0;0,0;0,0;0,0;-0,01;0,0;-0,01;0,0;0,0;0,0;-0,01;0,0;0,0;0,0;-0,01;0,0;-0,04;-0,01;-0,03;0,0;-0,01;0,0;-0,01;0,0;-0,01;0,0;-0,06;-0,03;-0,09;-0,06;0,0;0,0;0,0;0,0;0,0;0,0;-0,02;0,0
19.08.2026;11:15;11:30;0,8;0,25;-0,19;-0,02;-0,06;-0,01;0,0;0,0;-0,02;0,0;-0,04;0,0;-0,01;0,0;-0,02;0,0;-0,01;0,0;0,0;0,0;-0,01;0,0;0,0;0,0;-0,02;0,0;0,0;0,0;-0,02;0,0;0,0;0,0;-0,02;0,0;-0,03;0,0;-0,04;0,0;-0,01;0,0;0,0;0,0;0,0;0,0;-0,02;0,0;-0,03;0,0;0,0;0,0;-0,01;0,0;0,0;0,0;-0,02;0,0
19.08.2026;11:30;11:45;0,88;0,29;-0,19;0,0;-0,06;0,0;0,0;0,0;-0,03;0,0;-0,14;-0,07;-0,01;0,0;-0,01;0,0;0,0;0,0;0,0;0,0;-0,01;0,0;0,0;0,0;-0,01;0,0;0,0;0,0;-0,03;0,0;0,0;0,0;-0,01;0,0;-0,02;0,0;-0,01;0,0;-0,02;0,0;-0,02;0,0;-0,01;0,0;0,0;0,0;-0,02;0,0;-0,01;0,0;-0,01;0,0;-0,01;0,0;-0,03;0,0
19.08.2026;11:45;12:00;0,66;0,2;-0,18;-0,05;-0,06;-0,03;0,0;0,0;-0,02;0,0;-0,61;-0,58;0,0;0,0;-0,02;0,0;-0,01;0,0;0,0;0,0;-0,01;0,0;0,0;0,0;-0,01;0,0;-0,01;0,0;-0,03;0,0;0,0;0,0;0,0;0,0;-0,04;-0,01;-0,02;0,0;0,0;0,0;0,0;0,0;-0,02;0,0;-0,02;0,0;-0,03;0,0;0,0;0,0;-0,01;0,0;0,0;0,0;-0,04;-0,01
19.08.2026;12:00;12:15;0,39;0,16;-0,18;-0,11;-0,06;-0,05;0,0;0,0;-0,04;-0,03;-0,15;-0,14;-0,01;0,0;-0,04;-0,03;-0,01;0,0;0,0;0,0;0,0;0,0;0,0;0,0;0,0;0,0;0,0;0,0;-0,01;0,0;0,0;0,0;0,0;0,0;-0,04;-0,03;-0,02;-0,01;0,0;0,0;-0,01;0,0;-0,01;0,0;-0,01;0,0;-0,1;-0,09;0,0;0,0;-0,01;0,0;-0,01;0,0;-0,04;-0,03
19.08.2026;12:15;12:30;0,51;0,17;-0,2;-0,11;-0,07;-0,05;0,0;0,0;-0,02;0,0;-0,07;-0,05;-0,01;0,0;-0,03;-0,01;0,0;0,0;0,0;0,0;-0,01;0,0;0,0;0,0;-0,01;0,0;0,0;0,0;-0,01;0,0;-0,01;0,0;-0,01;0,0;-0,04;-0,02;-0,01;0,0;-0,01;0,0;-0,01;0,0;-0,01;0,0;0,0;0,0;-0,04;-0,02;0,0;0,0;-0,01;0,0;0,0;0,0;-0,04;-0,02
19.08.2026;12:30;12:45;0,5;0,18;-0,3;-0,21;-0,07;-0,05;0,0;0,0;-0,01;0,0;-0,07;-0,05;-0,01;0,0;-0,05;-0,03;-0,01;0,0;0,0;0,0;-0,01;0,0;0,0;0,0;-0,01;0,0;0,0;0,0;-0,01;0,0;0,0;0,0;-0,01;0,0;-0,04;-0,02;-0,01;0,0;-0,01;0,0;0,0;0,0;0,0;0,0;-0,01;0,0;-0,03;-0,01;0,0;0,0;-0,01;0,0;0,0;0,0;-0,04;-0,02
19.08.2026;12:45;13:00;0,68;0,2;-0,28;-0,16;-0,11;-0,08;0,0;0,0;-0,02;0,0;-0,11;-0,08;-0,01;0,0;-0,04;-0,01;0,0;0,0;0,0;0,0;-0,01;0,0;0,0;0,0;-0,02;0,0;0,0;0,0;-0,01;0,0;0,0;0,0;-0,01;0,0;-0,03;0,0;-0,03;0,0;0,0;0,0;-0,02;0,0;-0,02;0,0;-0,01;0,0;-0,03;0,0;0,0;0,0;-0,01;0,0;-0,01;0,0;-0,04;-0,01
19.08.2026;13:00;13:15;0,89;0,24;-0,2;-0,01;-0,18;-0,12;0,0;0,0;-0,01;0,0;-0,37;-0,31;0,0;0,0;-0,05;0,0;-0,01;0,0;0,0;0,0;-0,01;0,0;0,0;0,0;-0,01;0,0;0,0;0,0;-0,01;0,0;0,0;0,0;-0,02;0,0;-0,04;0,0;-0,06;0,0;-0,01;0,0;0,0;0,0;-0,01;0,0;-0,01;0,0;-0,02;0,0;0,0;0,0;-0,01;0,0;-0,01;0,0;-0,05;0,0
19.08.2026;13:15;13:30;0,95;0,33;-0,26;-0,03;-0,08;-0,01;0,0;0,0;-0,02;0,0;-0,17;-0,1;-0,01;0,0;-0,02;0,0;-0,01;0,0;0,0;0,0;-0,01;0,0;0,0;0,0;0,0;0,0;0,0;0,0;-0,02;0,0;0,0;0,0;-0,01;0,0;-0,02;0,0;-0,03;0,0;-0,01;0,0;-0,01;0,0;0,0;0,0;-0,01;0,0;-0,03;0,0;0,0;0,0;0,0;0,0;0,0;0,0;-0,04;0,0
19.08.2026;13:30;13:45;1,25;0,51;-0,19;0,0;-0,06;0,0;-0,01;0,0;-0,35;-0,25;-0,11;-0,01;-0,01;0,0;-0,02;0,0;-0,01;0,0;0,0;0,0;-0,01;0,0;0,0;0,0;-0,01;0,0;0,0;0,0;0,0;0,0;0,0;0,0;0,0;0,0;-0,03;0,0;-0,04;0,0;-0,01;0,0;-0,01;0,0;-0,01;0,0;-0,01;0,0;-0,03;0,0;-0,01;0,0;-0,02;0,0;0,0;0,0;-0,05;0,0
19.08.2026;13:45;14:00;0,08;0,08;-0,19;-0,19;-0,03;-0,03;0,0;0,0;-0,37;-0,37;-0,11;-0,11;-0,01;-0,01;-0,04;-0,04;0,0;0,0;0,0;0,0;-0,01;-0,01;0,0;0,0;0,0;0,0;0,0;0,0;-0,02;-0,02;0,0;0,0;0,0;0,0;-0,03;-0,03;-0,03;-0,03;-0,01;-0,01;-0,01;-0,01;-0,02;-0,02;0,0;0,0;-0,03;-0,03;0,0;0,0;0,0;0,0;-0,01;-0,01;-0,04;-0,04
19.08.2026;14:00;14:15;0,0;0,0;-0,26;-0,26;-0,02;-0,02;0,0;0,0;-0,02;-0,02;-0,08;-0,08;-0,01;-0,01;-0,03;-0,03;-0,01;-0,01;0,0;0,0;0,0;0,0;0,0;0,0;-0,02;-0,02;0,0;0,0;-0,01;-0,01;0,0;0,0;-0,01;-0,01;-0,02;-0,02;-0,02;-0,02;-0,01;-0,01;-0,01;-0,01;-0,01;-0,01;-0,01;-0,01;-0,03;-0,03;0,0;0,0;-0,02;-0,02;-0,01;-0,01;-0,03;-0,03
19.08.2026;14:15;14:30;0,45;0,19;-0,2;-0,11;-0,03;-0,02;0,0;0,0;-0,02;-0,01;-0,09;-0,08;-0,01;0,0;-0,04;-0,03;0,0;0,0;0,0;0,0;-0,01;0,0;0,0;0,0;-0,02;-0,01;0,0;0,0;-0,01;0,0;0,0;0,0;-0,01;0,0;-0,04;-0,03;-0,03;-0,02;-0,01;0,0;-0,01;0,0;0,0;0,0;-0,02;-0,01;-0,03;-0,02;0,0;0,0;-0,03;-0,02;0,0;0,0;-0,04;-0,03
19.08.2026;14:30;14:45;1,3;0,57;-0,26;0,0;-0,02;0,0;0,0;0,0;-0,63;-0,51;-0,08;0,0;0,0;0,0;-0,03;0,0;-0,01;0,0;0,0;0,0;-0,01;0,0;0,0;0,0;0,0;0,0;0,0;0,0;-0,01;0,0;0,0;0,0;-0,01;0,0;-0,04;0,0;-0,03;0,0;0,0;0,0;0,0;0,0;-0,01;0,0;0,0;0,0;-0,02;0,0;0,0;0,0;-0,04;0,0;0,0;0,0;-0,04;0,0
19.08.2026;14:45;15:00;2,16;1,2;-0,2;0,0;-0,08;0,0;0,0;0,0;-0,76;-0,53;-0,07;0,0;-0,01;0,0;-0,05;0,0;-0,01;0,0;0,0;0,0;-0,01;0,0;0,0;0,0;-0,01;0,0;0,0;0,0;-0,01;0,0;-0,01;0,0;-0,02;0,0;-0,04;0,0;-0,03;0,0;-0,01;0,0;-0,02;0,0;-0,01;0,0;-0,01;0,0;-0,03;0,0;0,0;0,0;-0,04;0,0;-0,01;0,0;-0,05;0,0
19.08.2026;15:00;15:15;1,56;0,63;-0,23;0,0;-0,08;0,0;0,0;0,0;-0,25;-0,11;-0,05;0,0;-0,01;0,0;-0,05;0,0;0,0;0,0;0,0;0,0;0,0;0,0;0,0;0,0;0,0;0,0;-0,01;0,0;-0,01;0,0;0,0;0,0;-0,01;0,0;-0,02;0,0;-0,16;-0,02;-0,02;0,0;0,0;0,0;-0,01;0,0;-0,01;0,0;-0,04;0,0;0,0;0,0;-0,07;0,0;0,0;0,0;-0,03;0,0
19.08.2026;15:15;15:30;0,72;0,2;-0,22;-0,08;-0,08;-0,04;0,0;0,0;-0,26;-0,22;-0,05;-0,01;-0,01;0,0;-0,15;-0,11;-0,01;0,0;0,0;0,0;-0,01;0,0;0,0;0,0;-0,01;0,0;0,0;0,0;-0,01;0,0;0,0;0,0;0,0;0,0;-0,02;0,0;-0,06;-0,02;-0,01;0,0;-0,01;0,0;-0,01;0,0;-0,01;0,0;-0,02;0,0;0,0;0,0;-0,02;0,0;-0,01;0,0;-0,02;0,0
19.08.2026;15:30;15:45;0,88;0,22;-0,24;-0,07;-0,07;-0,01;0,0;0,0;-0,42;-0,36;-0,06;0,0;0,0;0,0;-0,05;0,0;0,0;0,0;-0,01;0,0;-0,01;0,0;0,0;0,0;-0,02;0,0;0,0;0,0;-0,01;0,0;0,0;0,0;0,0;0,0;-0,03;0,0;-0,04;0,0;-0,01;0,0;-0,01;0,0;-0,01;0,0;-0,01;0,0;-0,03;0,0;-0,01;0,0;-0,03;0,0;0,0;0,0;-0,03;0,0
19.08.2026;15:45;16:00;0,62;0,19;-0,3;-0,2;-0,03;0,0;0,0;0,0;-0,28;-0,25;-0,04;-0,01;-0,02;0,0;-0,05;-0,02;-0,01;0,0;0,0;0,0;-0,01;0,0;0,0;0,0;-0,01;0,0;0,0;0,0;-0,02;0,0;0,0;0,0;-0,01;0,0;-0,01;0,0;-0,02;0,0;-0,01;0,0;0,0;0,0;-0,01;0,0;0,0;0,0;-0,04;-0,01;0,0;0,0;-0,01;0,0;-0,01;0,0;-0,03;0,0
19.08.2026;16:00;16:15;0,96;0,35;-0,2;0,0;-0,03;0,0;0,0;0,0;-0,25;-0,17;-0,06;0,0;0,0;0,0;-0,05;0,0;0,0;0,0;0,0;0,0;-0,01;0,0;-0,01;0,0;0,0;0,0;0,0;0,0;0,0;0,0;0,0;0,0;-0,01;0,0;-0,01;0,0;-0,01;0,0;-0,02;0,0;-0,01;0,0;-0,01;0,0;-0,02;0,0;-0,04;0,0;0,0;0,0;-0,01;0,0;0,0;0,0;-0,03;0,0
19.08.2026;16:15;16:30;0,79;0,21;-0,32;-0,14;-0,07;-0,02;0,0;0,0;-0,32;-0,27;-0,05;0,0;-0,01;0,0;-0,06;-0,01;-0,01;0,0;0,0;0,0;0,0;0,0;0,0;0,0;-0,01;0,0;0,0;0,0;-0,01;0,0;0,0;0,0;-0,01;0,0;-0,02;0,0;0,0;0,0;-0,02;0,0;-0,01;0,0;-0,01;0,0;-0,01;0,0;-0,02;0,0;0,0;0,0;-0,03;0,0;-0,01;0,0;-0,02;0,0
19.08.2026;16:30;16:45;0,73;0,22;-0,23;-0,08;-0,06;-0,02;0,0;0,0;-0,12;-0,08;-0,09;-0,05;-0,01;0,0;-0,05;-0,01;0,0;0,0;0,0;0,0;-0,02;0,0;0,0;0,0;0,0;0,0;-0,01;0,0;-0,02;0,0;0,0;0,0;-0,02;0,0;-0,01;0,0;-0,01;0,0;-0,02;0,0;-0,01;0,0;-0,01;0,0;0,0;0,0;-0,02;0,0;0,0;0,0;-0,03;0,0;0,0;0,0;-0,01;0,0
19.08.2026;16:45;17:00;0,95;0,36;-0,18;0,0;-0,06;0,0;0,0;0,0;-0,01;0,0;-0,13;-0,06;-0,01;0,0;-0,05;0,0;-0,01;0,0;0,0;0,0;-0,04;0,0;0,0;0,0;-0,02;0,0;-0,01;0,0;0,0;0,0;0,0;0,0;-0,01;0,0;-0,01;0,0;-0,01;0,0;-0,02;0,0;-0,01;0,0;-0,01;0,0;-0,01;0,0;-0,01;0,0;0,0;0,0;-0,02;0,0;-0,01;0,0;-0,01;0,0
19.08.2026;17:00;17:15;0,39;0,15;-0,26;-0,19;-0,06;-0,05;-0,01;0,0;-0,06;-0,05;-0,13;-0,12;0,0;0,0;-0,04;-0,03;-0,01;0,0;0,0;0,0;-0,02;-0,01;0,0;0,0;-0,02;-0,01;0,0;0,0;-0,02;-0,01;0,0;0,0;0,0;0,0;-0,03;-0,02;-0,03;-0,02;-0,03;-0,02;0,0;0,0;-0,01;0,0;-0,01;0,0;-0,02;-0,01;0,0;0,0;-0,01;0,0;0,0;0,0;-0,02;-0,01
19.08.2026;17:15;17:30;0,62;0,2;-0,21;-0,09;-0,05;-0,03;0,0;0,0;-0,02;0,0;-0,1;-0,08;-0,02;0,0;-0,04;-0,02;-0,01;0,0;0,0;0,0;-0,01;0,0;0,0;0,0;0,0;0,0;-0,01;0,0;-0,01;0,0;-0,01;0,0;-0,01;0,0;-0,02;0,0;-0,02;0,0;-0,16;-0,14;-0,01;0,0;-0,01;0,0;-0,01;0,0;-0,01;0,0;0,0;0,0;-0,02;0,0;0,0;0,0;-0,03;-0,01
19.08.2026;17:30;17:45;0,46;0,18;-0,21;-0,12;-0,05;-0,04;0,0;0,0;-0,08;-0,07;-0,14;-0,13;0,0;0,0;-0,06;-0,05;0,0;0,0;0,0;0,0;-0,01;0,0;0,0;0,0;-0,01;0,0;-0,01;0,0;-0,02;-0,01;0,0;0,0;0,0;0,0;-0,02;-0,01;-0,02;-0,01;-0,75;-0,74;-0,02;-0,01;-0,01;0,0;-0,01;0,0;-0,02;-0,01;-0,01;0,0;-0,02;-0,01;-0,01;0,0;-0,02;-0,01
19.08.2026;17:45;18:00;0,19;0,14;-0,28;-0,23;-0,05;-0,05;0,0;0,0;-0,03;-0,03;-0,16;-0,16;-0,01;-0,01;-0,05;-0,05;-0,01;-0,01;0,0;0,0;-0,03;-0,03;0,0;0,0;0,0;0,0;-0,04;-0,04;-0,04;-0,04;0,0;0,0;-0,01;-0,01;-0,04;-0,04;-0,01;-0,01;-0,26;-0,26;0,0;0,0;-0,1;-0,1;-0,01;-0,01;-0,01;-0,01;0,0;0,0;0,0;0,0;-0,01;-0,01;-0,02;-0,02
19.08.2026;18:00;18:15;0,0;0,0;-0,22;-0,22;-0,04;-0,04;0,0;0,0;-0,01;-0,01;-0,15;-0,15;-0,01;-0,01;-0,05;-0,05;-0,01;-0,01;0,0;0,0;-0,02;-0,02;0,0;0,0;-0,01;-0,01;-0,04;-0,04;-0,03;-0,03;0,0;0,0;-0,01;-0,01;-0,13;-0,13;-0,01;-0,01;-0,32;-0,32;-0,01;-0,01;-0,25;-0,25;-0,01;-0,01;-0,05;-0,05;0,0;0,0;-0,01;-0,01;0,0;0,0;-0,02;-0,02
19.08.2026;18:15;18:30;0,0;0,0;-0,25;-0,25;-0,05;-0,05;0,0;0,0;-0,02;-0,02;-0,14;-0,14;-0,01;-0,01;-0,04;-0,04;0,0;0,0;0,0;0,0;-0,02;-0,02;0,0;0,0;-0,02;-0,02;-0,04;-0,04;-0,01;-0,01;0,0;0,0;-0,01;-0,01;-0,07;-0,07;-0,01;-0,01;-0,2;-0,2;-0,01;-0,01;-0,08;-0,08;-0,01;-0,01;-0,05;-0,05;0,0;0,0;-0,01;-0,01;0,0;0,0;-0,03;-0,03
19.08.2026;18:30;18:45;0,06;0,06;-0,28;-0,28;-0,06;-0,06;0,0;0,0;-0,03;-0,03;-0,13;-0,13;-0,02;-0,02;-0,03;-0,03;-0,01;-0,01;0,0;0,0;-0,01;-0,01;0,0;0,0;-0,01;-0,01;-0,04;-0,04;-0,01;-0,01;0,0;0,0;-0,02;-0,02;-0,07;-0,07;-0,02;-0,02;-0,04;-0,04;0,0;0,0;-0,02;-0,02;0,0;0,0;-0,04;-0,04;0,0;0,0;-0,01;-0,01;-0,01;-0,01;-0,04;-0,04
19.08.2026;18:45;19:00;0,05;0,05;-0,28;-0,28;-0,05;-0,05;0,0;0,0;-0,02;-0,02;-0,16;-0,16;-0,04;-0,04;-0,03;-0,03;0,0;0,0;0,0;0,0;-0,02;-0,02;0,0;0,0;-0,01;-0,01;-0,03;-0,03;-0,01;-0,01;0,0;0,0;-0,03;-0,03;-0,07;-0,07;-0,07;-0,07;-0,06;-0,06;-0,02;-0,02;-0,02;-0,02;-0,01;-0,01;-0,06;-0,06;0,0;0,0;-0,01;-0,01;-0,01;-0,01;-0,03;-0,03
19.08.2026;19:00;19:15;0,03;0,03;-0,26;-0,26;-0,04;-0,04;0,0;0,0;-0,03;-0,03;-0,14;-0,14;-0,01;-0,01;-0,03;-0,03;-0,01;-0,01;0,0;0,0;-0,02;-0,02;0,0;0,0;0,0;0,0;-0,01;-0,01;-0,01;-0,01;0,0;0,0;-0,03;-0,03;-0,07;-0,07;-0,32;-0,32;-0,06;-0,06;0,0;0,0;-0,04;-0,04;-0,01;-0,01;-0,1;-0,1;0,0;0,0;-0,01;-0,01;-0,01;-0,01;-0,03;-0,03
19.08.2026;19:15;19:30;0,01;0,01;-0,32;-0,32;-0,05;-0,05;0,0;0,0;-0,04;-0,04;-0,15;-0,15;0,0;0,0;-0,03;-0,03;-0,01;-0,01;0,0;0,0;-0,03;-0,03;0,0;0,0;-0,01;-0,01;0,0;0,0;-0,01;-0,01;0,0;0,0;-0,03;-0,03;-0,06;-0,06;-0,53;-0,53;-0,05;-0,05;-0,01;-0,01;-0,04;-0,04;-0,01;-0,01;-0,08;-0,08;0,0;0,0;-0,01;-0,01;0,0;0,0;-0,04;-0,04
19.08.2026;19:30;19:45;0,0;0,0;-0,24;-0,24;-0,05;-0,05;0,0;0,0;-0,04;-0,04;-0,15;-0,15;-0,01;-0,01;-0,01;-0,01;0,0;0,0;0,0;0,0;-0,02;-0,02;0,0;0,0;-0,01;-0,01;0,0;0,0;-0,01;-0,01;0,0;0,0;-0,02;-0,02;-0,06;-0,06;-0,67;-0,67;-0,13;-0,13;-0,01;-0,01;-0,03;-0,03;-0,01;-0,01;-0,07;-0,07;-0,01;-0,01;-0,01;-0,01;0,0;0,0;-0,02;-0,02
19.08.2026;19:45;20:00;0,0;0,0;-0,23;-0,23;-0,06;-0,06;0,0;0,0;-0,04;-0,04;-0,15;-0,15;-0,01;-0,01;-0,04;-0,04;-0,01;-0,01;0,0;0,0;-0,02;-0,02;0,0;0,0;-0,02;-0,02;0,0;0,0;-0,01;-0,01;-0,01;-0,01;-0,02;-0,02;-0,06;-0,06;-0,25;-0,25;-0,13;-0,13;0,0;0,0;-0,03;-0,03;-0,01;-0,01;-0,05;-0,05;0,0;0,0;-0,01;-0,01;-0,01;-0,01;-0,02;-0,02
19.08.2026;20:00;20:15;0,0;0,0;-0,38;-0,38;-0,05;-0,05;0,0;0,0;-0,03;-0,03;-0,09;-0,09;-0,01;-0,01;-0,05;-0,05;-0,01;-0,01;0,0;0,0;-0,03;-0,03;0,0;0,0;-0,01;-0,01;0,0;0,0;-0,01;-0,01;0,0;0,0;-0,02;-0,02;-0,07;-0,07;-0,07;-0,07;-0,04;-0,04;-0,02;-0,02;-0,05;-0,05;-0,01;-0,01;-0,05;-0,05;0,0;0,0;-0,02;-0,02;-0,01;-0,01;-0,03;-0,03
19.08.2026;20:15;20:30;0,0;0,0;-0,29;-0,29;-0,06;-0,06;-0,01;-0,01;-0,05;-0,05;-0,09;-0,09;-0,02;-0,02;-0,04;-0,04;0,0;0,0;0,0;0,0;-0,03;-0,03;0,0;0,0;0,0;0,0;0,0;0,0;-0,01;-0,01;0,0;0,0;-0,04;-0,04;-0,05;-0,05;-0,06;-0,06;-0,06;-0,06;0,0;0,0;-0,03;-0,03;-0,01;-0,01;-0,18;-0,18;0,0;0,0;0,0;0,0;0,0;0,0;-0,01;-0,01
19.08.2026;20:30;20:45;0,0;0,0;-0,29;-0,29;-0,09;-0,09;0,0;0,0;-0,05;-0,05;-0,08;-0,08;0,0;0,0;-0,05;-0,05;-0,01;-0,01;-0,01;-0,01;-0,02;-0,02;0,0;0,0;-0,01;-0,01;-0,02;-0,02;-0,01;-0,01;0,0;0,0;-0,03;-0,03;-0,07;-0,07;-0,1;-0,1;-0,04;-0,04;-0,01;-0,01;-0,04;-0,04;0,0;0,0;-0,18;-0,18;0,0;0,0;-0,01;-0,01;0,0;0,0;-0,01;-0,01
19.08.2026;20:45;21:00;0,0;0,0;-0,21;-0,21;-0,09;-0,09;0,0;0,0;-0,04;-0,04;-0,1;-0,1;0,0;0,0;-0,03;-0,03;-0,01;-0,01;0,0;0,0;-0,03;-0,03;0,0;0,0;-0,01;-0,01;-0,01;-0,01;-0,01;-0,01;0,0;0,0;-0,03;-0,03;-0,06;-0,06;-0,08;-0,08;-0,04;-0,04;-0,01;-0,01;-0,03;-0,03;-0,01;-0,01;-0,19;-0,19;0,0;0,0;-0,01;-0,01;-0,01;-0,01;-0,02;-0,02
19.08.2026;21:00;21:15;0,0;0,0;-0,22;-0,22;-0,06;-0,06;0,0;0,0;-0,05;-0,05;-0,1;-0,1;-0,03;-0,03;-0,03;-0,03;0,0;0,0;0,0;0,0;-0,05;-0,05;-0,01;-0,01;-0,02;-0,02;-0,01;-0,01;-0,01;-0,01;0,0;0,0;-0,03;-0,03;-0,05;-0,05;-0,03;-0,03;-0,01;-0,01;-0,01;-0,01;-0,03;-0,03;-0,01;-0,01;-0,19;-0,19;0,0;0,0;-0,01;-0,01;-0,01;-0,01;-0,02;-0,02
19.08.2026;21:15;21:30;0,0;0,0;-0,21;-0,21;-0,07;-0,07;0,0;0,0;-0,04;-0,04;-0,09;-0,09;-0,04;-0,04;-0,05;-0,05;-0,01;-0,01;0,0;0,0;-0,01;-0,01;0,0;0,0;-0,01;-0,01;-0,01;-0,01;-0,01;-0,01;0,0;0,0;-0,01;-0,01;-0,04;-0,04;-0,04;-0,04;-0,01;-0,01;0,0;0,0;-0,02;-0,02;-0,01;-0,01;-0,16;-0,16;0,0;0,0;-0,01;-0,01;0,0;0,0;-0,03;-0,03
19.08.2026;21:30;21:45;0,0;0,0;-0,24;-0,24;-0,05;-0,05;0,0;0,0;-0,05;-0,05;-0,1;-0,1;-0,03;-0,03;-0,04;-0,04;0,0;0,0;0,0;0,0;-0,02;-0,02;0,0;0,0;0,0;0,0;-0,01;-0,01;-0,01;-0,01;0,0;0,0;0,0;0,0;-0,04;-0,04;-0,03;-0,03;-0,01;-0,01;-0,02;-0,02;-0,03;-0,03;-0,01;-0,01;-0,11;-0,11;-0,01;-0,01;-0,03;-0,03;0,0;0,0;-0,02;-0,02
19.08.2026;21:45;22:00;0,0;0,0;-0,22;-0,22;-0,05;-0,05;0,0;0,0;-0,03;-0,03;-0,08;-0,08;-0,04;-0,04;-0,04;-0,04;-0,01;-0,01;0,0;0,0;-0,02;-0,02;0,0;0,0;-0,01;-0,01;0,0;0,0;-0,01;-0,01;0,0;0,0;-0,02;-0,02;-0,04;-0,04;-0,02;-0,02;-0,01;-0,01;0,0;0,0;-0,01;-0,01;-0,01;-0,01;-0,16;-0,16;0,0;0,0;-0,03;-0,03;-0,01;-0,01;-0,01;-0,01
19.08.2026;22:00;22:15;0,0;0,0;-0,25;-0,25;-0,05;-0,05;0,0;0,0;-0,04;-0,04;-0,09;-0,09;-0,04;-0,04;-0,02;-0,02;-0,01;-0,01;0,0;0,0;-0,04;-0,04;0,0;0,0;0,0;0,0;0,0;0,0;-0,02;-0,02;0,0;0,0;-0,01;-0,01;-0,04;-0,04;0,0;0,0;-0,02;-0,02;-0,01;-0,01;-0,06;-0,06;-0,01;-0,01;-0,09;-0,09;0,0;0,0;-0,03;-0,03;0,0;0,0;-0,01;-0,01
19.08.2026;22:15;22:30;0,0;0,0;-0,32;-0,32;-0,06;-0,06;0,0;0,0;-0,02;-0,02;-0,09;-0,09;-0,04;-0,04;-0,02;-0,02;0,0;0,0;0,0;0,0;-0,01;-0,01;0,0;0,0;-0,02;-0,02;-0,01;-0,01;-0,02;-0,02;-0,01;-0,01;-0,03;-0,03;-0,05;-0,05;-0,01;-0,01;-0,13;-0,13;-0,01;-0,01;-0,08;-0,08;-0,01;-0,01;-0,1;-0,1;0,0;0,0;-0,03;-0,03;-0,01;-0,01;-0,02;-0,02
19.08.2026;22:30;22:45;0,0;0,0;-0,38;-0,38;-0,06;-0,06;0,0;0,0;-0,02;-0,02;-0,08;-0,08;-0,03;-0,03;-0,02;-0,02;-0,01;-0,01;0,0;0,0;-0,02;-0,02;0,0;0,0;-0,02;-0,02;0,0;0,0;-0,02;-0,02;0,0;0,0;-0,01;-0,01;-0,06;-0,06;0,0;0,0;-0,09;-0,09;-0,01;-0,01;-0,08;-0,08;0,0;0,0;-0,09;-0,09;0,0;0,0;-0,03;-0,03;0,0;0,0;-0,02;-0,02
19.08.2026;22:45;23:00;0,0;0,0;-0,2;-0,2;-0,04;-0,04;0,0;0,0;-0,01;-0,01;-0,08;-0,08;-0,03;-0,03;-0,02;-0,02;0,0;0,0;0,0;0,0;-0,02;-0,02;0,0;0,0;0,0;0,0;0,0;0,0;0,0;0,0;0,0;0,0;-0,02;-0,02;-0,04;-0,04;-0,01;-0,01;-0,03;-0,03;-0,01;-0,01;-0,08;-0,08;-0,01;-0,01;-0,08;-0,08;0,0;0,0;-0,03;-0,03;-0,01;-0,01;-0,03;-0,03
19.08.2026;23:00;23:15;0,0;0,0;-0,22;-0,22;-0,04;-0,04;0,0;0,0;-0,01;-0,01;-0,09;-0,09;-0,02;-0,02;-0,02;-0,02;-0,01;-0,01;0,0;0,0;-0,02;-0,02;0,0;0,0;-0,01;-0,01;0,0;0,0;-0,02;-0,02;0,0;0,0;0,0;0,0;-0,04;-0,04;-0,01;-0,01;-0,03;-0,03;0,0;0,0;-0,08;-0,08;-0,02;-0,02;-0,04;-0,04;0,0;0,0;-0,03;-0,03;0,0;0,0;-0,02;-0,02
19.08.2026;23:15;23:30;0,0;0,0;-0,19;-0,19;-0,05;-0,05;0,0;0,0;0,0;0,0;-0,11;-0,11;0,0;0,0;-0,02;-0,02;-0,01;-0,01;0,0;0,0;-0,02;-0,02;0,0;0,0;0,0;0,0;0,0;0,0;-0,01;-0,01;0,0;0,0;-0,01;-0,01;-0,02;-0,02;0,0;0,0;0,0;0,0;-0,01;-0,01;-0,07;-0,07;0,0;0,0;-0,01;-0,01;0,0;0,0;-0,03;-0,03;0,0;0,0;-0,01;-0,01
19.08.2026;23:30;23:45;0,0;0,0;-0,2;-0,2;-0,06;-0,06;-0,01;-0,01;-0,02;-0,02;-0,1;-0,1;-0,02;-0,02;-0,02;-0,02;-0,01;-0,01;0,0;0,0;-0,01;-0,01;0,0;0,0;-0,01;-0,01;0,0;0,0;0,0;0,0;0,0;0,0;-0,01;-0,01;-0,02;-0,02;-0,02;-0,02;-0,02;-0,02;-0,01;-0,01;-0,08;-0,08;-0,01;-0,01;-0,02;-0,02;-0,01;-0,01;-0,02;-0,02;-0,01;-0,01;-0,01;-0,01
19.08.2026;23:45;00:00;0,0;0,0;-0,21;-0,21;-0,05;-0,05;0,0;0,0;-0,01;-0,01;-0,08;-0,08;-0,02;-0,02;-0,02;-0,02;0,0;0,0;0,0;0,0;0,0;0,0;0,0;0,0;-0,02;-0,02;-0,01;-0,01;-0,02;-0,02;0,0;0,0;-0,02;-0,02;-0,02;-0,02;0,0;0,0;-0,01;-0,01;-0,01;-0,01;-0,08;-0,08;-0,01;-0,01;-0,02;-0,02;0,0;0,0;-0,03;-0,03;0,0;0,0;-0,02;-0,02
20.08.2026;00:00;00:15;0,0;0,0;-0,24;-0,24;-0,05;-0,05;0,0;0,0;-0,02;-0,02;-0,08;-0,08;-0,01;-0,01;-0,03;-0,03;-0,01;-0,01;0,0;0,0;-0,01;-0,01;0,0;0,0;-0,01;-0,01;0,0;0,0;-0,04;-0,04;0,0;0,0;-0,02;-0,02;-0,03;-0,03;-0,02;-0,02;-0,01;-0,01;-0,01;-0,01;-0,08;-0,08;-0,01;-0,01;-0,01;-0,01;0,0;0,0;-0,02;-0,02;-0,01;-0,01;-0,03;-0,03
20.08.2026;00:15;00:30;0,0;0,0;-0,2;-0,2;-0,05;-0,05;0,0;0,0;0,0;0,0;-0,1;-0,1;-0,01;-0,01;-0,01;-0,01;0,0;0,0;0,0;0,0;-0,01;-0,01;0,0;0,0;-0,01;-0,01;0,0;0,0;-0,48;-0,48;0,0;0,0;-0,01;-0,01;-0,02;-0,02;-0,01;-0,01;-0,01;-0,01;-0,01;-0,01;-0,08;-0,08;-0,01;-0,01;-0,02;-0,02;0,0;0,0;-0,03;-0,03;0,0;0,0;-0,02;-0,02
20.08.2026;00:30;00:45;0,0;0,0;-0,19;-0,19;-0,06;-0,06;0,0;0,0;-0,01;-0,01;-0,11;-0,11;-0,01;-0,01;-0,01;-0,01;-0,01;-0,01;0,0;0,0;-0,01;-0,01;0,0;0,0;0,0;0,0;0,0;0,0;-0,04;-0,04;0,0;0,0;-0,01;-0,01;-0,02;-0,02;-0,01;-0,01;-0,01;-0,01;0,0;0,0;-0,09;-0,09;-0,01;-0,01;-0,01;-0,01;0,0;0,0;-0,02;-0,02;0,0;0,0;-0,02;-0,02
20.08.2026;00:45;01:00;0,0;0,0;-0,2;-0,2;-0,06;-0,06;0,0;0,0;-0,01;-0,01;-0,1;-0,1;-0,01;-0,01;-0,01;-0,01;0,0;0,0;0,0;0,0;-0,01;-0,01;0,0;0,0;0,0;0,0;0,0;0,0;-0,03;-0,03;-0,01;-0,01;-0,01;-0,01;-0,01;-0,01;-0,01;-0,01;0,0;0,0;-0,02;-0,02;-0,09;-0,09;-0,01;-0,01;-0,02;-0,02;0,0;0,0;-0,03;-0,03;-0,01;-0,01;-0,02;-0,02
20.08.2026;01:00;01:15;0,0;0,0;-0,19;-0,19;-0,07;-0,07;0,0;0,0;-0,02;-0,02;-0,08;-0,08;-0,01;-0,01;-0,02;-0,02;-0,01;-0,01;0,0;0,0;-0,01;-0,01;0,0;0,0;-0,02;-0,02;-0,01;-0,01;-0,04;-0,04;0,0;0,0;0,0;0,0;-0,01;-0,01;-0,01;-0,01;-0,02;-0,02;0,0;0,0;-0,09;-0,09;-0,01;-0,01;-0,01;-0,01;0,0;0,0;-0,01;-0,01;-0,01;-0,01;-0,01;-0,01
20.08.2026;01:15;01:30;0,0;0,0;-0,19;-0,19;-0,07;-0,07;0,0;0,0;-0,01;-0,01;-0,09;-0,09;-0,01;-0,01;-0,01;-0,01;-0,01;-0,01;0,0;0,0;-0,01;-0,01;0,0;0,0;-0,02;-0,02;0,0;0,0;-0,04;-0,04;0,0;0,0;-0,02;-0,02;-0,01;-0,01;-0,01;-0,01;0,0;0,0;-0,01;-0,01;-0,09;-0,09;0,0;0,0;-0,02;-0,02;0,0;0,0;-0,02;-0,02;0,0;0,0;-0,01;-0,01
20.08.2026;01:30;01:45;0,0;0,0;-0,21;-0,21;-0,04;-0,04;0,0;0,0;-0,01;-0,01;-0,09;-0,09;-0,01;-0,01;-0,02;-0,02;0,0;0,0;-0,01;-0,01;-0,01;-0,01;0,0;0,0;-0,01;-0,01;0,0;0,0;-0,03;-0,03;0,0;0,0;-0,02;-0,02;-0,01;-0,01;-0,01;-0,01;-0,01;-0,01;-0,01;-0,01;-0,04;-0,04;-0,01;-0,01;-0,01;-0,01;-0,01;-0,01;-0,01;-0,01;0,0;0,0;-0,03;-0,03
20.08.2026;01:45;02:00;0,0;0,0;-0,2;-0,2;-0,04;-0,04;0,0;0,0;-0,01;-0,01;-0,1;-0,1;-0,01;-0,01;-0,02;-0,02;-0,01;-0,01;0,0;0,0;-0,01;-0,01;0,0;0,0;0,0;0,0;0,0;0,0;-0,05;-0,05;0,0;0,0;-0,01;-0,01;-0,02;-0,02;-0,01;-0,01;-0,01;-0,01;0,0;0,0;-0,02;-0,02;-0,01;-0,01;-0,02;-0,02;0,0;0,0;-0,02;-0,02;-0,01;-0,01;-0,02;-0,02
20.08.2026;02:00;02:15;0,0;0,0;-0,19;-0,19;-0,03;-0,03;0,0;0,0;-0,01;-0,01;-0,09;-0,09;0,0;0,0;-0,02;-0,02;-0,01;-0,01;0,0;0,0;-0,01;-0,01;-0,01;-0,01;0,0;0,0;0,0;0,0;-0,03;-0,03;0,0;0,0;-0,02;-0,02;-0,03;-0,03;-0,01;-0,01;-0,01;-0,01;-0,02;-0,02;-0,02;-0,02;-0,01;-0,01;-0,01;-0,01;0,0;0,0;-0,01;-0,01;-0,01;-0,01;-0,02;-0,02
20.08.2026;02:15;02:30;0,0;0,0;-0,2;-0,2;-0,03;-0,03;0,0;0,0;-0,01;-0,01;-0,12;-0,12;-0,01;-0,01;-0,02;-0,02;0,0;0,0;0,0;0,0;0,0;0,0;0,0;0,0;-0,01;-0,01;0,0;0,0;-0,04;-0,04;0,0;0,0;-0,01;-0,01;-0,02;-0,02;-0,02;-0,02;-0,02;-0,02;0,0;0,0;-0,02;-0,02;-0,01;-0,01;-0,02;-0,02;0,0;0,0;-0,02;-0,02;0,0;0,0;-0,02;-0,02
20.08.2026;02:30;02:45;0,0;0,0;-0,19;-0,19;-0,02;-0,02;0,0;0,0;-0,02;-0,02;-0,12;-0,12;-0,01;-0,01;-0,02;-0,02;-0,01;-0,01;0,0;0,0;-0,01;-0,01;0,0;0,0;-0,02;-0,02;-0,01;-0,01;-0,02;-0,02;0,0;0,0;0,0;0,0;-0,02;-0,02;0,0;0,0;0,0;0,0;-0,01;-0,01;-0,02;-0,02;-0,01;-0,01;-0,01;-0,01;0,0;0,0;-0,01;-0,01;0,0;0,0;-0,01;-0,01
20.08.2026;02:45;03:00;0,0;0,0;-0,2;-0,2;-0,03;-0,03;0,0;0,0;-0,01;-0,01;-0,1;-0,1;-0,01;-0,01;-0,02;-0,02;-0,01;-0,01;0,0;0,0;-0,01;-0,01;0,0;0,0;-0,02;-0,02;0,0;0,0;-0,04;-0,04;0,0;0,0;-0,01;-0,01;-0,02;-0,02;-0,02;-0,02;-0,01;-0,01;-0,01;-0,01;-0,02;-0,02;-0,01;-0,01;-0,02;-0,02;0,0;0,0;-0,02;-0,02;-0,01;-0,01;-0,01;-0,01
20.08.2026;03:00;03:15;0,0;0,0;-0,2;-0,2;-0,03;-0,03;-0,01;-0,01;-0,02;-0,02;-0,04;-0,04;-0,01;-0,01;-0,01;-0,01;0,0;0,0;0,0;0,0;-0,01;-0,01;0,0;0,0;0,0;0,0;0,0;0,0;-0,03;-0,03;0,0;0,0;-0,02;-0,02;-0,03;-0,03;-0,01;-0,01;0,0;0,0;-0,01;-0,01;-0,01;-0,01;-0,01;-0,01;-0,01;-0,01;0,0;0,0;-0,02;-0,02;0,0;0,0;-0,03;-0,03
20.08.2026;03:15;03:30;0,0;0,0;-0,2;-0,2;-0,02;-0,02;0,0;0,0;-0,04;-0,04;-0,03;-0,03;-0,01;-0,01;-0,02;-0,02;-0,01;-0,01;0,0;0,0;-0,01;-0,01;0,0;0,0;0,0;0,0;0,0;0,0;-0,07;-0,07;-0,01;-0,01;-0,02;-0,02;-0,02;-0,02;0,0;0,0;-0,02;-0,02;-0,01;-0,01;-0,02;-0,02;0,0;0,0;-0,01;-0,01;0,0;0,0;-0,02;-0,02;-0,01;-0,01;-0,02;-0,02
20.08.2026;03:30;03:45;0,0;0,0;-0,19;-0,19;-0,02;-0,02;0,0;0,0;-0,03;-0,03;-0,02;-0,02;0,0;0,0;-0,02;-0,02;0,0;0,0;0,0;0,0;0,0;0,0;0,0;0,0;-0,01;-0,01;0,0;0,0;-0,02;-0,02;0,0;0,0;-0,01;-0,01;-0,01;-0,01;-0,02;-0,02;0,0;0,0;-0,01;-0,01;-0,03;-0,03;-0,01;-0,01;-0,02;-0,02;-0,01;-0,01;-0,01;-0,01;0,0;0,0;-0,02;-0,02
20.08.2026;03:45;04:00;0,0;0,0;-0,19;-0,19;-0,02;-0,02;0,0;0,0;-0,02;-0,02;-0,01;-0,01;-0,01;-0,01;-0,02;-0,02;-0,01;-0,01;0,0;0,0;-0,01;-0,01;0,0;0,0;-0,01;-0,01;0,0;0,0;-0,01;-0,01;0,0;0,0;-0,02;-0,02;-0,01;-0,01;-0,01;-0,01;-0,01;-0,01;0,0;0,0;-0,06;-0,06;-0,01;-0,01;-0,02;-0,02;0,0;0,0;-0,02;-0,02;-0,01;-0,01;-0,02;-0,02
20.08.2026;04:00;04:15;0,0;0,0;-0,2;-0,2;-0,03;-0,03;0,0;0,0;-0,02;-0,02;0,0;0,0;-0,01;-0,01;-0,02;-0,02;-0,01;-0,01;0,0;0,0;-0,01;-0,01;0,0;0,0;-0,02;-0,02;-0,01;-0,01;-0,02;-0,02;0,0;0,0;0,0;0,0;-0,01;-0,01;-0,01;-0,01;-0,01;-0,01;-0,01;-0,01;-0,02;-0,02;-0,05;-0,05;-0,01;-0,01;0,0;0,0;-0,01;-0,01;0,0;0,0;-0,01;-0,01
20.08.2026;04:15;04:30;0,0;0,0;-0,19;-0,19;-0,02;-0,02;0,0;0,0;-0,02;-0,02;-0,01;-0,01;-0,01;-0,01;-0,01;-0,01;-0,02;-0,02;0,0;0,0;-0,01;-0,01;0,0;0,0;-0,01;-0,01;0,0;0,0;-0,01;-0,01;0,0;0,0;-0,01;-0,01;-0,01;-0,01;-0,01;-0,01;-0,01;-0,01;-0,01;-0,01;-0,02;-0,02;-0,01;-0,01;-0,02;-0,02;0,0;0,0;-0,02;-0,02;0,0;0,0;-0,01;-0,01
20.08.2026;04:30;04:45;0,0;0,0;-0,19;-0,19;-0,02;-0,02;0,0;0,0;-0,02;-0,02;-0,01;-0,01;-0,01;-0,01;-0,01;-0,01;-0,01;-0,01;0,0;0,0;0,0;0,0;0,0;0,0;0,0;0,0;0,0;0,0;-0,01;-0,01;0,0;0,0;-0,01;-0,01;-0,02;-0,02;0,0;0,0;-0,01;-0,01;0,0;0,0;-0,02;-0,02;-0,01;-0,01;-0,01;-0,01;0,0;0,0;-0,01;-0,01;-0,01;-0,01;-0,03;-0,03
20.08.2026;04:45;05:00;0,0;0,0;-0,19;-0,19;-0,01;-0,01;0,0;0,0;-0,01;-0,01;-0,01;-0,01;-0,01;-0,01;-0,01;-0,01;-0,01;-0,01;0,0;0,0;-0,01;-0,01;0,0;0,0;-0,01;-0,01;0,0;0,0;-0,02;-0,02;0,0;0,0;-0,02;-0,02;-0,03;-0,03;-0,02;-0,02;-0,01;-0,01;-0,02;-0,02;-0,02;-0,02;-0,01;-0,01;-0,01;-0,01;0,0;0,0;-0,02;-0,02;0,0;0,0;-0,02;-0,02
20.08.2026;05:00;05:15;0,0;0,0;-0,19;-0,19;-0,03;-0,03;0,0;0,0;-0,01;-0,01;-0,01;-0,01;0,0;0,0;-0,02;-0,02;-0,01;-0,01;0,0;0,0;-0,01;-0,01;0,0;0,0;0,0;0,0;0,0;0,0;-0,01;-0,01;0,0;0,0;-0,01;-0,01;-0,02;-0,02;-0,01;-0,01;-0,01;-0,01;0,0;0,0;-0,01;-0,01;-0,02;-0,02;-0,02;-0,02;0,0;0,0;-0,01;-0,01;-0,01;-0,01;-0,02;-0,02
20.08.2026;05:15;05:30;0,0;0,0;-0,2;-0,2;-0,02;-0,02;0,0;0,0;-0,01;-0,01;0,0;0,0;-0,02;-0,02;-0,02;-0,02;-0,01;-0,01;0,0;0,0;-0,01;-0,01;0,0;0,0;-0,02;-0,02;-0,01;-0,01;-0,01;-0,01;0,0;0,0;-0,02;-0,02;-0,13;-0,13;0,0;0,0;-0,01;-0,01;-0,01;-0,01;-0,02;-0,02;-0,01;-0,01;-0,01;-0,01;0,0;0,0;-0,02;-0,02;0,0;0,0;-0,02;-0,02
20.08.2026;05:30;05:45;0,0;0,0;-0,2;-0,2;-0,02;-0,02;0,0;0,0;-0,01;-0,01;-0,01;-0,01;0,0;0,0;-0,02;-0,02;-0,01;-0,01;0,0;0,0;-0,01;-0,01;0,0;0,0;-0,02;-0,02;0,0;0,0;-0,01;-0,01;0,0;0,0;-0,01;-0,01;-0,03;-0,03;-0,02;-0,02;-0,01;-0,01;-0,01;-0,01;-0,02;-0,02;-0,01;-0,01;-0,02;-0,02;-0,01;-0,01;-0,01;-0,01;0,0;0,0;-0,02;-0,02
20.08.2026;05:45;06:00;0,0;0,0;-0,21;-0,21;-0,02;-0,02;0,0;0,0;-0,02;-0,02;-0,01;-0,01;-0,02;-0,02;-0,02;-0,02;-0,01;-0,01;0,0;0,0;0,0;0,0;0,0;0,0;0,0;0,0;0,0;0,0;-0,02;-0,02;-0,01;-0,01;-0,01;-0,01;-0,02;-0,02;0,0;0,0;-0,02;-0,02;-0,01;-0,01;-0,01;-0,01;-0,01;-0,01;-0,01;-0,01;0,0;0,0;-0,02;-0,02;-0,01;-0,01;-0,01;-0,01
20.08.2026;06:00;06:15;0,0;0,0;-0,26;-0,26;-0,01;-0,01;0,0;0,0;-0,01;-0,01;-0,01;-0,01;-0,01;-0,01;-0,01;-0,01;0,0;0,0;0,0;0,0;-0,01;-0,01;0,0;0,0;-0,01;-0,01;0,0;0,0;-0,02;-0,02;0,0;0,0;0,0;0,0;-0,02;-0,02;-0,01;-0,01;0,0;0,0;-0,01;-0,01;-0,01;-0,01;-0,01;-0,01;-0,02;-0,02;0,0;0,0;-0,01;-0,01;-0,01;-0,01;-0,01;-0,01
20.08.2026;06:15;06:30;0,0;0,0;-0,21;-0,21;-0,02;-0,02;-0,01;-0,01;-0,01;-0,01;-0,01;-0,01;0,0;0,0;-0,02;-0,02;-0,01;-0,01;0,0;0,0;-0,01;-0,01;0,0;0,0;0,0;0,0;0,0;0,0;-0,02;-0,02;0,0;0,0;-0,02;-0,02;-0,01;-0,01;-0,02;-0,02;-0,01;-0,01;-0,01;-0,01;-0,02;-0,02;-0,01;-0,01;-0,01;-0,01;0,0;0,0;-0,02;-0,02;0,0;0,0;-0,03;-0,03
20.08.2026;06:30;06:45;0,02;0,02;-0,2;-0,2;-0,03;-0,03;0,0;0,0;-0,01;-0,01;-0,01;-0,01;-0,01;-0,01;-0,02;-0,02;0,0;0,0;-0,01;-0,01;-0,01;-0,01;0,0;0,0;-0,01;-0,01;0,0;0,0;-0,11;-0,11;0,0;0,0;-0,01;-0,01;-0,01;-0,01;-0,02;-0,02;-0,01;-0,01;0,0;0,0;-0,02;-0,02;-0,01;-0,01;-0,01;-0,01;0,0;0,0;-0,01;-0,01;0,0;0,0;-0,02;-0,02
20.08.2026;06:45;07:00;0,12;0,11;-0,21;-0,2;-0,01;-0,01;0,0;0,0;-0,01;-0,01;0,0;0,0;-0,01;-0,01;-0,02;-0,02;-0,01;-0,01;0,0;0,0;-0,02;-0,02;0,0;0,0;-0,02;-0,02;-0,01;-0,01;-0,12;-0,12;0,0;0,0;-0,02;-0,02;-0,02;-0,02;-0,01;-0,01;-0,02;-0,02;-0,02;-0,02;-0,01;-0,01;-0,01;-0,01;-0,02;-0,02;0,0;0,0;-0,02;-0,02;-0,02;-0,02;-0,02;-0,02
20.08.2026;07:00;07:15;0,23;0,17;-0,25;-0,19;-0,01;-0,01;0,0;0,0;-0,02;-0,02;-0,01;-0,01;-0,01;-0,01;-0,02;-0,02;0,0;0,0;0,0;0,0;-0,04;-0,04;-0,01;-0,01;-0,01;-0,01;0,0;0,0;-0,13;-0,13;0,0;0,0;-0,02;-0,02;-0,01;-0,01;-0,02;-0,02;-0,01;-0,01;0,0;0,0;-0,02;-0,02;0,0;0,0;-0,01;-0,01;0,0;0,0;0,0;0,0;-0,01;-0,01;-0,03;-0,03
20.08.2026;07:15;07:30;0,13;0,11;-0,22;-0,2;-0,1;-0,1;0,0;0,0;-0,01;-0,01;-0,01;-0,01;-0,01;-0,01;-0,02;-0,02;-0,01;-0,01;0,0;0,0;-0,08;-0,08;0,0;0,0;-0,01;-0,01;0,0;0,0;-0,16;-0,16;0,0;0,0;-0,23;-0,23;-0,02;-0,02;0,0;0,0;-0,02;-0,02;-0,01;-0,01;0,0;0,0;-0,01;-0,01;-0,02;-0,02;0,0;0,0;-0,01;-0,01;-0,01;-0,01;-0,02;-0,02
20.08.2026;07:30;07:45;0,18;0,13;-0,22;-0,17;-0,06;-0,06;0,0;0,0;0,0;0,0;-0,01;-0,01;-0,01;-0,01;-0,01;-0,01;-0,01;-0,01;0,0;0,0;-0,04;-0,04;0,0;0,0;0,0;0,0;0,0;0,0;-0,16;-0,16;0,0;0,0;-0,4;-0,4;-0,03;-0,03;-0,02;-0,02;0,0;0,0;-0,01;-0,01;-0,01;-0,01;-0,01;-0,01;-0,02;-0,02;-0,01;-0,01;-0,01;-0,01;-0,01;-0,01;-0,01;-0,01
20.08.2026;07:45;08:00;0,38;0,16;-0,21;-0,14;-0,13;-0,12;0,0;0,0;-0,01;0,0;-0,01;0,0;0,0;0,0;-0,02;-0,01;0,0;0,0;0,0;0,0;-0,02;-0,01;0,0;0,0;0,0;0,0;0,0;0,0;-0,15;-0,14;0,0;0,0;-0,05;-0,04;-0,02;-0,01;0,0;0,0;-0,01;0,0;0,0;0,0;-0,01;0,0;-0,01;0,0;-0,02;-0,01;0,0;0,0;-0,01;0,0;-0,01;0,0;-0,02;-0,01
20.08.2026;08:00;08:15;0,59;0,19;-0,26;-0,16;-0,01;0,0;0,0;0,0;-0,02;0,0;-0,01;0,0;-0,01;0,0;-0,02;0,0;-0,01;0,0;0,0;0,0;-0,02;0,0;0,0;0,0;-0,02;0,0;0,0;0,0;-0,06;-0,04;0,0;0,0;0,0;0,0;-0,02;0,0;-0,06;-0,04;-0,01;0,0;-0,02;0,0;-0,02;0,0;-0,01;0,0;-0,02;0,0;0,0;0,0;-0,01;0,0;-0,01;0,0;-0,02;0,0
20.08.2026;08:15;08:30;0,58;0,19;-0,28;-0,17;-0,03;-0,01;0,0;0,0;-0,12;-0,1;0,0;0,0;-0,01;0,0;-0,01;0,0;-0,01;0,0;0,0;0,0;-0,01;0,0;0,0;0,0;-0,02;0,0;0,0;0,0;-0,02;0,0;-0,01;0,0;-0,02;0,0;-0,02;0,0;-0,11;-0,09;0,0;0,0;0,0;0,0;-0,02;0,0;-0,01;0,0;-0,02;0,0;0,0;0,0;-0,01;0,0;-0,01;0,0;-0,02;0,0
20.08.2026;08:30;08:45;0,84;0,25;-0,28;-0,09;-0,31;-0,26;0,0;0,0;-0,09;-0,04;-0,01;0,0;-0,01;0,0;-0,01;0,0;0,0;0,0;0,0;0,0;-0,01;0,0;0,0;0,0;-0,01;0,0;0,0;0,0;-0,34;-0,29;0,0;0,0;-0,01;0,0;-0,02;0,0;-0,16;-0,11;-0,01;0,0;-0,01;0,0;-0,01;0,0;-0,01;0,0;-0,02;0,0;0,0;0,0;-0,03;0,0;-0,01;0,0;-0,02;0,0
20.08.2026;08:45;09:00;0,78;0,21;-0,28;-0,12;-0,05;-0,01;0,0;0,0;-0,06;-0,02;-0,01;0,0;-0,01;0,0;-0,04;0,0;-0,01;0,0;0,0;0,0;0,0;0,0;0,0;0,0;0,0;0,0;0,0;0,0;-0,05;-0,01;0,0;0,0;-0,01;0,0;-0,02;0,0;-0,21;-0,17;-0,01;0,0;-0,01;0,0;-0,02;0,0;-0,01;0,0;-0,2;-0,16;0,0;0,0;-0,03;0,0;-0,01;0,0;-0,02;0,0
20.08.2026;09:00;09:15;0,85;0,25;-0,27;-0,08;-0,15;-0,09;0,0;0,0;-0,05;0,0;-0,01;0,0;-0,01;0,0;-0,02;0,0;-0,01;0,0;0,0;0,0;-0,02;0,0;0,0;0,0;0,0;0,0;0,0;0,0;-0,02;0,0;0,0;0,0;-0,01;0,0;-0,01;0,0;-0,24;-0,18;-0,02;0,0;0,0;0,0;-0,03;0,0;0,0;0,0;-0,15;-0,09;0,0;0,0;0,0;0,0;-0,01;0,0;-0,01;0,0
20.08.2026;09:15;09:30;0,71;0,2;-0,25;-0,11;-0,31;-0,27;0,0;0,0;-0,14;-0,1;-0,01;0,0;-0,01;0,0;-0,09;-0,05;0,0;0,0;0,0;0,0;-0,01;0,0;0,0;0,0;-0,01;0,0;0,0;0,0;-0,02;0,0;0,0;0,0;0,0;0,0;-0,01;0,0;-0,07;-0,03;0,0;0,0;-0,01;0,0;-0,13;-0,09;-0,01;0,0;-0,04;0,0;0,0;0,0;-0,02;0,0;-0,01;0,0;-0,01;0,0
20.08.2026;09:30;09:45;1,01;0,25;-0,33;-0,12;-0,33;-0,27;-0,01;0,0;-0,05;0,0;-0,01;0,0;-0,02;0,0;-0,35;-0,29;-0,01;0,0;0,0;0,0;0,0;0,0;0,0;0,0;-0,02;0,0;0,0;0,0;-0,25;-0,19;0,0;0,0;0,0;0,0;-0,02;0,0;-0,04;0,0;0,0;0,0;-0,01;0,0;-0,14;-0,08;-0,01;0,0;-0,06;0,0;-0,01;0,0;0,0;0,0;-0,01;0,0;-0,03;0,0
20.08.2026;09:45;10:00;1,31;0,38;-0,36;-0,04;-0,09;0,0;0,0;0,0;-0,05;0,0;0,0;0,0;-0,01;0,0;-0,27;-0,17;0,0;0,0;0,0;0,0;-0,01;0,0;0,0;0,0;-0,01;0,0;0,0;0,0;-0,01;0,0;0,0;0,0;-0,01;0,0;-0,02;0,0;-0,03;0,0;-0,01;0,0;0,0;0,0;-0,15;-0,05;-0,01;0,0;-0,11;-0,01;0,0;0,0;-0,02;0,0;-0,01;0,0;-0,02;0,0
20.08.2026;10:00;10:15;0,24;0,18;-0,36;-0,3;-0,09;-0,09;0,0;0,0;-0,06;-0,06;-0,01;-0,01;-0,01;-0,01;-0,06;-0,06;-0,01;-0,01;0,0;0,0;-0,02;-0,02;0,0;0,0;-0,01;-0,01;-0,01;-0,01;-0,01;-0,01;0,0;0,0;-0,01;-0,01;-0,03;-0,03;-0,04;-0,04;-0,01;-0,01;-0,02;-0,02;-0,03;-0,03;-0,01;-0,01;-0,15;-0,15;0,0;0,0;0,0;0,0;-0,01;-0,01;-0,02;-0,02
20.08.2026;10:15;10:30;0,0;0,0;-0,29;-0,29;-0,2;-0,2;0,0;0,0;-0,05;-0,05;-0,01;-0,01;-0,01;-0,01;-0,03;-0,03;-0,01;-0,01;0,0;0,0;-0,01;-0,01;0,0;0,0;0,0;0,0;0,0;0,0;-0,02;-0,02;0,0;0,0;-0,02;-0,02;-0,04;-0,04;-0,05;-0,05;-0,03;-0,03;0,0;0,0;-0,01;-0,01;-0,01;-0,01;-0,14;-0,14;0,0;0,0;-0,02;-0,02;-0,01;-0,01;-0,03;-0,03
20.08.2026;10:30;10:45;0,16;0,11;-0,21;-0,16;-0,27;-0,27;0,0;0,0;-0,04;-0,04;-0,01;-0,01;-0,01;-0,01;-0,03;-0,03;0,0;0,0;0,0;0,0;0,0;0,0;0,0;0,0;-0,01;-0,01;0,0;0,0;-0,01;-0,01;0,0;0,0;-0,01;-0,01;-0,04;-0,04;-0,05;-0,05;-0,04;-0,04;-0,01;-0,01;-0,01;-0,01;-0,01;-0,01;-0,14;-0,14;0,0;0,0;0,0;0,0;-0,01;-0,01;-0,09;-0,09
20.08.2026;10:45;11:00;0,51;0,2;-0,21;-0,1;-0,36;-0,35;0,0;0,0;-0,05;-0,04;-0,04;-0,03;-0,01;0,0;-0,03;-0,02;-0,01;0,0;0,0;0,0;-0,01;0,0;0,0;0,0;-0,01;0,0;0,0;0,0;-0,01;0,0;-0,01;0,0;0,0;0,0;-0,04;-0,03;-0,07;-0,06;-0,01;0,0;-0,01;0,0;-0,01;0,0;-0,01;0,0;-0,11;-0,1;0,0;0,0;-0,02;-0,01;-0,01;0,0;-0,35;-0,34
20.08.2026;11:00;11:15;0,71;0,22;-0,2;-0,05;-0,04;-0,01;0,0;0,0;-0,02;0,0;-0,04;-0,01;-0,01;0,0;-0,03;0,0;-0,01;0,0;0,0;0,0;-0,01;0,0;0,0;0,0;-0,02;0,0;0,0;0,0;-0,01;0,0;0,0;0,0;-0,01;0,0;-0,03;0,0;-0,15;-0,12;-0,02;0,0;-0,01;0,0;-0,01;0,0;0,0;0,0;-0,02;0,0;0,0;0,0;0,0;0,0;-0,01;0,0;-0,05;-0,02
20.08.2026;11:15;11:30;1,63;0,97;-0,21;0,0;-0,01;0,0;0,0;0,0;-0,02;0,0;-0,09;0,0;-0,01;0,0;-0,04;0,0;0,0;0,0;0,0;0,0;-0,01;0,0;0,0;0,0;-0,01;0,0;0,0;0,0;-0,05;0,0;0,0;0,0;0,0;0,0;-0,04;0,0;-0,02;0,0;-0,03;0,0;-0,01;0,0;-0,01;0,0;-0,01;0,0;-0,01;0,0;0,0;0,0;-0,02;0,0;-0,01;0,0;-0,05;0,0
20.08.2026;11:30;11:45;1,71;1,15;-0,2;0,0;-0,02;0,0;0,0;0,0;-0,01;0,0;-0,06;0,0;-0,01;0,0;-0,03;0,0;-0,01;0,0;-0,01;0,0;-0,01;0,0;0,0;0,0;0,0;0,0;0,0;0,0;-0,02;0,0;0,0;0,0;-0,01;0,0;-0,03;0,0;-0,02;0,0;0,0;0,0;-0,01;0,0;-0,02;0,0;-0,01;0,0;-0,02;0,0;-0,01;0,0;0,0;0,0;-0,01;0,0;-0,04;0,0
20.08.2026;11:45;12:00;1,7;1,08;-0,22;0,0;-0,03;0,0;0,0;0,0;-0,01;0,0;-0,1;0,0;-0,01;0,0;-0,04;0,0;-0,01;0,0;0,0;0,0;-0,01;0,0;0,0;0,0;-0,01;0,0;0,0;0,0;-0,02;0,0;0,0;0,0;-0,01;0,0;-0,03;0,0;-0,01;0,0;0,0;0,0;0,0;0,0;0,0;0,0;-0,01;0,0;-0,03;0,0;0,0;0,0;-0,02;0,0;-0,01;0,0;-0,04;0,0
20.08.2026;12:00;12:15;1,48;0,82;-0,22;0,0;-0,02;0,0;0,0;0,0;-0,01;0,0;-0,08;0,0;0,0;0,0;-0,03;0,0;0,0;0,0;0,0;0,0;-0,01;0,0;-0,01;0,0;0,0;0,0;0,0;0,0;-0,05;0,0;0,0;0,0;-0,02;0,0;-0,02;0,0;0,0;0,0;-0,01;0,0;-0,01;0,0;-0,08;0,0;-0,01;0,0;-0,04;0,0;0,0;0,0;0,0;0,0;-0,02;0,0;-0,02;0,0
20.08.2026;12:15;12:30;1,63;1,03;-0,2;0,0;-0,02;0,0;0,0;0,0;-0,01;0,0;-0,09;0,0;-0,01;0,0;-0,02;0,0;-0,01;0,0;0,0;0,0;-0,01;0,0;0,0;0,0;-0,02;0,0;0,0;0,0;-0,03;0,0;0,0;0,0;-0,01;0,0;-0,02;0,0;-0,02;0,0;-0,01;0,0;-0,01;0,0;-0,02;0,0;-0,01;0,0;-0,03;0,0;0,0;0,0;-0,02;0,0;0,0;0,0;-0,03;0,0
20.08.2026;12:30;12:45;1,58;0,77;-0,27;0,0;-0,02;0,0;0,0;0,0;-0,01;0,0;-0,09;0,0;-0,23;-0,08;-0,05;0,0;0,0;0,0;0,0;0,0;-0,01;0,0;0,0;0,0;-0,02;0,0;0,0;0,0;-0,01;0,0;0,0;0,0;0,0;0,0;-0,01;0,0;-0,01;0,0;-0,01;0,0;-0,01;0,0;-0,01;0,0;-0,01;0,0;-0,04;0,0;0,0;0,0;0,0;0,0;-0,01;0,0;-0,07;0,0
20.08.2026;12:45;13:00;1,67;0,81;-0,2;0,0;-0,02;0,0;0,0;0,0;-0,02;0,0;-0,08;0,0;-0,46;-0,29;-0,04;0,0;-0,01;0,0;0,0;0,0;-0,01;0,0;0,0;0,0;0,0;0,0;0,0;0,0;-0,01;0,0;0,0;0,0;0,0;0,0;-0,02;0,0;-0,01;0,0;0,0;0,0;-0,01;0,0;-0,02;0,0;-0,01;0,0;-0,03;0,0;0,0;0,0;-0,02;0,0;-0,01;0,0;-0,39;-0,22
20.08.2026;13:00;13:15;1,31;0,41;-0,32;0,0;-0,03;0,0;-0,01;0,0;-0,01;0,0;-0,08;0,0;-0,15;-0,05;-0,01;0,0;-0,01;0,0;0,0;0,0;-0,01;0,0;0,0;0,0;0,0;0,0;0,0;0,0;-0,02;0,0;0,0;0,0;-0,01;0,0;-0,02;0,0;0,0;0,0;-0,02;0,0;0,0;0,0;-0,32;-0,22;0,0;0,0;-0,03;0,0;0,0;0,0;0,0;0,0;-0,02;0,0;-0,42;-0,32
20.08.2026;13:15;13:30;1,07;0,29;-0,26;-0,02;-0,02;0,0;0,0;0,0;-0,01;0,0;-0,1;-0,02;-0,03;0,0;-0,02;0,0;0,0;0,0;0,0;0,0;-0,01;0,0;0,0;0,0;-0,01;0,0;-0,01;0,0;-0,01;0,0;-0,01;0,0;-0,01;0,0;-0,03;0,0;-0,02;0,0;-0,01;0,0;-0,01;0,0;-0,56;-0,48;-0,02;0,0;-0,05;0,0;0,0;0,0;-0,02;0,0;0,0;0,0;-0,14;-0,06
20.08.2026;13:30;13:45;1,53;0,67;-0,21;0,0;-0,02;0,0;0,0;0,0;0,0;0,0;-0,1;0,0;-0,2;-0,06;-0,02;0,0;-0,01;0,0;0,0;0,0;-0,01;0,0;0,0;0,0;-0,02;0,0;0,0;0,0;-0,01;0,0;0,0;0,0;-0,01;0,0;-0,02;0,0;-0,01;0,0;-0,01;0,0;-0,01;0,0;-0,25;-0,11;-0,01;0,0;-0,04;0,0;-0,01;0,0;0,0;0,0;-0,01;0,0;-0,05;0,0
20.08.2026;13:45;14:00;0,6;0,19;-0,19;-0,08;-0,02;0,0;0,0;0,0;-0,02;0,0;-0,1;-0,08;-0,01;0,0;-0,02;0,0;-0,01;0,0;0,0;0,0;-0,01;0,0;0,0;0,0;-0,01;0,0;0,0;0,0;-0,01;0,0;0,0;0,0;-0,01;0,0;-0,02;0,0;-0,02;0,0;-0,01;0,0;-0,01;0,0;-0,21;-0,19;0,0;0,0;-0,03;-0,01;0,0;0,0;-0,02;0,0;-0,02;0,0;-0,05;-0,03
20.08.2026;14:00;14:15;0,0;0,0;-0,21;-0,21;-0,03;-0,03;0,0;0,0;-0,02;-0,02;-0,09;-0,09;-0,02;-0,02;-0,02;-0,02;0,0;0,0;0,0;0,0;-0,01;-0,01;0,0;0,0;-0,01;-0,01;0,0;0,0;-0,02;-0,02;0,0;0,0;-0,02;-0,02;-0,02;-0,02;-0,01;-0,01;0,0;0,0;-0,01;-0,01;-0,2;-0,2;-0,01;-0,01;-0,04;-0,04;0,0;0,0;0,0;0,0;-0,01;-0,01;-0,06;-0,06
20.08.2026;14:15;14:30;0,01;0,01;-0,2;-0,2;-0,02;-0,02;0,0;0,0;-0,21;-0,21;-0,09;-0,09;-0,01;-0,01;-0,02;-0,02;-0,01;-0,01;0,0;0,0;-0,01;-0,01;0,0;0,0;0,0;0,0;0,0;0,0;-0,01;-0,01;0,0;0,0;0,0;0,0;-0,03;-0,03;-0,01;-0,01;-0,01;-0,01;-0,01;-0,01;-0,18;-0,18;-0,01;-0,01;-0,03;-0,03;0,0;0,0;-0,02;-0,02;-0,01;-0,01;-0,05;-0,05
20.08.2026;14:30;14:45;0,76;0,22;-0,21;-0,04;-0,03;0,0;0,0;0,0;-0,22;-0,17;-0,08;-0,03;0,0;0,0;-0,01;0,0;-0,01;0,0;0,0;0,0;-0,01;0,0;0,0;0,0;-0,01;0,0;0,0;0,0;-0,01;0,0;0,0;0,0;-0,01;0,0;-0,01;0,0;-0,01;0,0;-0,01;0,0;0,0;0,0;-0,19;-0,14;-0,01;0,0;-0,04;0,0;0,0;0,0;0,0;0,0;0,0;0,0;-0,06;-0,01
20.08.2026;14:45;15:00;0,7;0,21;-0,25;-0,11;-0,02;0,0;0,0;0,0;-0,02;0,0;-0,13;-0,09;-0,01;0,0;-0,02;0,0;0,0;0,0;0,0;0,0;0,0;0,0;0,0;0,0;-0,01;0,0;0,0;0,0;-0,01;0,0;0,0;0,0;0,0;0,0;-0,02;0,0;-0,01;0,0;0,0;0,0;-0,02;0,0;-0,06;-0,02;-0,01;0,0;-0,03;0,0;0,0;0,0;-0,03;0,0;-0,02;0,0;-0,05;-0,01
20.08.2026;15:00;15:15;0,9;0,27;-0,24;-0,04;-0,02;0,0;0,0;0,0;-0,04;0,0;-0,35;-0,28;-0,01;0,0;-0,02;0,0;-0,01;0,0;0,0;0,0;-0,02;0,0;0,0;0,0;-0,02;0,0;0,0;0,0;-0,02;0,0;0,0;0,0;-0,01;0,0;-0,01;0,0;-0,01;0,0;-0,03;0,0;0,0;0,0;-0,02;0,0;-0,01;0,0;-0,04;0,0;0,0;0,0;-0,02;0,0;-0,01;0,0;-0,04;0,0
20.08.2026;15:15;15:30;0,62;0,2;-0,23;-0,11;-0,02;0,0;0,0;0,0;-0,07;-0,05;-0,13;-0,11;-0,01;0,0;-0,12;-0,1;0,0;0,0;0,0;0,0;-0,01;0,0;0,0;0,0;-0,01;0,0;0,0;0,0;-0,02;0,0;0,0;0,0;-0,01;0,0;-0,01;0,0;-0,02;0,0;-0,05;-0,03;-0,01;0,0;-0,04;-0,02;-0,01;0,0;-0,03;-0,01;0,0;0,0;-0,02;0,0;-0,01;0,0;-0,04;-0,02
20.08.2026;15:30;15:45;0,53;0,15;-0,21;-0,12;-0,02;0,0;0,0;0,0;-0,04;-0,02;-0,12;-0,1;-0,08;-0,06;-0,16;-0,14;-0,01;0,0;0,0;0,0;-0,01;0,0;0,0;0,0;0,0;0,0;0,0;0,0;-0,02;0,0;0,0;0,0;-0,01;0,0;-0,01;0,0;-0,01;0,0;-0,02;0,0;-0,01;0,0;-0,13;-0,11;-0,01;0,0;-0,02;0,0;-0,01;0,0;-0,01;0,0;0,0;0,0;-0,04;-0,02
20.08.2026;15:45;16:00;0,52;0,12;-0,21;-0,12;-0,03;-0,01;0,0;0,0;-0,03;-0,01;-0,11;-0,09;-0,09;-0,07;-0,14;-0,12;-0,01;0,0;0,0;0,0;0,0;0,0;0,0;0,0;-0,01;0,0;0,0;0,0;-0,03;-0,01;-0,01;0,0;-0,02;0,0;-0,02;0,0;-0,01;0,0;-0,01;0,0;-0,01;0,0;-0,03;-0,01;0,0;0,0;-0,03;-0,01;0,0;0,0;-0,01;0,0;-0,02;0,0;-0,05;-0,03
20.08.2026;16:00;16:15;0,46;0,2;-0,23;-0,13;-0,01;0,0;0,0;0,0;-0,03;-0,02;-0,12;-0,11;-0,05;-0,04;-0,11;-0,1;0,0;0,0;0,0;0,0;-0,01;0,0;0,0;0,0;0,0;0,0;0,0;0,0;-0,04;-0,03;0,0;0,0;0,0;0,0;-0,02;-0,01;-0,01;0,0;0,0;0,0;-0,01;0,0;-0,02;-0,01;-0,01;0,0;-0,03;-0,02;0,0;0,0;-0,01;0,0;-0,01;0,0;-0,03;-0,02
20.08.2026;16:15;16:30;0,35;0,11;-0,26;-0,21;-0,02;-0,01;-0,01;0,0;-0,05;-0,04;-0,08;-0,07;-0,02;-0,01;-0,4;-0,39;-0,01;0,0;0,0;0,0;-0,09;-0,08;0,0;0,0;-0,02;-0,01;0,0;0,0;-0,05;-0,04;0,0;0,0;0,0;0,0;-0,03;-0,02;-0,01;0,0;-0,02;-0,01;0,0;0,0;-0,03;-0,02;-0,01;0,0;-0,02;-0,01;0,0;0,0;-0,01;0,0;-0,01;0,0;-0,03;-0,02
20.08.2026;16:30;16:45;0,29;0,06;-0,32;-0,3;-0,02;-0,01;0,0;0,0;-0,08;-0,07;-0,08;-0,07;-0,02;-0,01;-0,32;-0,31;-0,01;0,0;-0,01;0,0;-0,07;-0,06;0,0;0,0;-0,02;-0,01;0,0;0,0;-0,05;-0,04;0,0;0,0;-0,01;0,0;-0,02;-0,01;-0,01;0,0;-0,03;-0,02;-0,01;0,0;-0,01;0,0;-0,01;0,0;-0,02;-0,01;0,0;0,0;-0,01;0,0;-0,01;0,0;-0,03;-0,02
20.08.2026;16:45;17:00;0,29;0,08;-0,35;-0,33;-0,03;-0,02;0,0;0,0;-0,04;-0,03;-0,5;-0,49;-0,01;0,0;-0,15;-0,14;0,0;0,0;0,0;0,0;-0,01;0,0;0,0;0,0;0,0;0,0;-0,01;0,0;-0,03;-0,02;0,0;0,0;-0,01;0,0;-0,03;-0,02;-0,01;0,0;-0,03;-0,02;-0,01;0,0;-0,01;0,0;-0,01;0,0;-0,02;-0,01;0,0;0,0;-0,01;0,0;-0,01;0,0;-0,02;-0,01
20.08.2026;17:00;17:15;0,4;0,13;-0,38;-0,31;-0,05;-0,04;0,0;0,0;-0,03;-0,02;-0,12;-0,11;-0,01;0,0;-0,39;-0,38;-0,01;0,0;0,0;0,0;-0,02;-0,01;-0,01;0,0;-0,01;0,0;0,0;0,0;-0,03;-0,02;0,0;0,0;-0,01;0,0;-0,02;-0,01;-0,02;-0,01;-0,04;-0,03;-0,01;0,0;0,0;0,0;-0,01;0,0;-0,01;0,0;0,0;0,0;-0,08;-0,07;-0,01;0,0;-0,02;-0,01
20.08.2026;17:15;17:30;0,41;0,15;-0,29;-0,22;-0,04;-0,03;0,0;0,0;-0,04;-0,03;-0,1;-0,09;-0,01;0,0;-0,4;-0,39;-0,01;0,0;0,0;0,0;-0,02;-0,01;0,0;0,0;0,0;0,0;0,0;0,0;-0,02;-0,01;0,0;0,0;-0,01;0,0;-0,06;-0,05;-0,03;-0,02;-0,01;0,0;-0,01;0,0;-0,02;-0,01;-0,01;0,0;-0,02;-0,01;0,0;0,0;-0,1;-0,09;-0,01;0,0;-0,02;-0,01
20.08.2026;17:30;17:45;0,18;0,13;-0,24;-0,19;-0,05;-0,05;0,0;0,0;-0,03;-0,03;-0,1;-0,1;-0,01;-0,01;-0,31;-0,31;0,0;0,0;0,0;0,0;-0,02;-0,02;0,0;0,0;-0,02;-0,02;0,0;0,0;-0,02;-0,02;0,0;0,0;-0,01;-0,01;-0,06;-0,06;-0,05;-0,05;-0,01;-0,01;-0,01;-0,01;-0,02;-0,02;-0,07;-0,07;-0,01;-0,01;-0,01;-0,01;-0,05;-0,05;-0,01;-0,01;-0,02;-0,02
20.08.2026;17:45;18:00;0,0;0,0;-0,3;-0,3;-0,05;-0,05;0,0;0,0;-0,04;-0,04;-0,12;-0,12;-0,01;-0,01;-0,11;-0,11;-0,01;-0,01;0,0;0,0;-0,02;-0,02;0,0;0,0;-0,02;-0,02;0,0;0,0;-0,03;-0,03;0,0;0,0;-0,01;-0,01;-0,06;-0,06;-0,06;-0,06;-0,01;-0,01;0,0;0,0;-0,01;-0,01;-0,43;-0,43;-0,02;-0,02;0,0;0,0;-0,28;-0,28;0,0;0,0;-0,03;-0,03
20.08.2026;18:00;18:15;0,0;0,0;-0,31;-0,31;-0,06;-0,06;0,0;0,0;-0,04;-0,04;-0,11;-0,11;-0,01;-0,01;-0,12;-0,12;0,0;0,0;0,0;0,0;-0,01;-0,01;0,0;0,0;0,0;0,0;-0,1;-0,1;-0,02;-0,02;0,0;0,0;0,0;0,0;-0,06;-0,06;-0,01;-0,01;-0,01;-0,01;-0,02;-0,02;-0,03;-0,03;-0,03;-0,03;-0,06;-0,06;0,0;0,0;-0,07;-0,07;-0,01;-0,01;-0,03;-0,03
20.08.2026;18:15;18:30;0,07;0,07;-0,25;-0,25;-0,03;-0,03;0,0;0,0;-0,04;-0,04;-0,12;-0,12;-0,01;-0,01;-0,18;-0,18;-0,01;-0,01;0,0;0,0;-0,01;-0,01;0,0;0,0;-0,01;-0,01;-0,25;-0,25;-0,02;-0,02;-0,01;-0,01;-0,01;-0,01;-0,07;-0,07;-0,01;-0,01;-0,04;-0,04;0,0;0,0;-0,04;-0,04;-0,06;-0,06;-0,02;-0,02;0,0;0,0;-0,05;-0,05;-0,01;-0,01;-0,02;-0,02
20.08.2026;18:30;18:45;0,11;0,11;-0,24;-0,24;-0,05;-0,05;0,0;0,0;-0,05;-0,05;-0,12;-0,12;-0,01;-0,01;-0,32;-0,32;-0,01;-0,01;0,0;0,0;-0,01;-0,01;0,0;0,0;0,0;0,0;-0,04;-0,04;-0,01;-0,01;0,0;0,0;-0,06;-0,06;-0,05;-0,05;-0,01;-0,01;-0,05;-0,05;-0,01;-0,01;-0,05;-0,05;-0,03;-0,03;-0,1;-0,1;0,0;0,0;-0,04;-0,04;0,0;0,0;-0,05;-0,05
20.08.2026;18:45;19:00;0,05;0,05;-0,29;-0,29;-0,05;-0,05;0,0;0,0;-0,31;-0,31;-0,11;-0,11;-0,02;-0,02;-0,35;-0,35;0,0;0,0;0,0;0,0;-0,01;-0,01;0,0;0,0;-0,01;-0,01;-0,03;-0,03;-0,01;-0,01;0,0;0,0;-0,06;-0,06;-0,06;-0,06;-0,34;-0,34;-0,02;-0,02;-0,01;-0,01;-0,04;-0,04;-0,02;-0,02;-0,15;-0,15;0,0;0,0;-0,09;-0,09;0,0;0,0;-0,03;-0,03
20.08.2026;19:00;19:15;0,03;0,03;-0,26;-0,26;-0,18;-0,18;0,0;0,0;-0,22;-0,22;-0,11;-0,11;0,0;0,0;-0,16;-0,16;-0,01;-0,01;0,0;0,0;-0,03;-0,03;0,0;0,0;-0,02;-0,02;-0,02;-0,02;-0,01;-0,01;0,0;0,0;-0,04;-0,04;-0,08;-0,08;-0,27;-0,27;-0,01;-0,01;0,0;0,0;-0,05;-0,05;-0,09;-0,09;-0,19;-0,19;0,0;0,0;-0,04;-0,04;-0,02;-0,02;-0,04;-0,04
20.08.2026;19:15;19:30;0,02;0,02;-0,29;-0,29;-0,09;-0,09;0,0;0,0;-0,28;-0,28;-0,12;-0,12;-0,01;-0,01;-0,16;-0,16;0,0;0,0;0,0;0,0;0,0;0,0;0,0;0,0;-0,01;-0,01;-0,01;-0,01;-0,02;-0,02;0,0;0,0;-0,03;-0,03;-0,08;-0,08;-0,15;-0,15;-0,01;-0,01;-0,02;-0,02;-0,04;-0,04;-0,05;-0,05;-0,18;-0,18;0,0;0,0;-0,04;-0,04;0,0;0,0;-0,05;-0,05
20.08.2026;19:30;19:45;0,01;0,01;-0,29;-0,29;-0,05;-0,05;-0,01;-0,01;-0,29;-0,29;-0,12;-0,12;-0,01;-0,01;-0,39;-0,39;-0,01;-0,01;0,0;0,0;-0,02;-0,02;0,0;0,0;-0,01;-0,01;-0,08;-0,08;-0,01;-0,01;0,0;0,0;-0,04;-0,04;-0,08;-0,08;-0,02;-0,02;-0,16;-0,16;0,0;0,0;-0,04;-0,04;-0,05;-0,05;-0,2;-0,2;-0,01;-0,01;-0,03;-0,03;-0,01;-0,01;-0,04;-0,04
20.08.2026;19:45;20:00;0,01;0,01;-0,36;-0,36;-0,09;-0,09;0,0;0,0;-0,14;-0,14;-0,12;-0,12;-0,01;-0,01;-0,58;-0,58;-0,01;-0,01;0,0;0,0;-0,01;-0,01;0,0;0,0;0,0;0,0;-0,09;-0,09;-0,01;-0,01;0,0;0,0;-0,03;-0,03;-0,08;-0,08;-0,04;-0,04;-0,44;-0,44;-0,01;-0,01;-0,05;-0,05;-0,11;-0,11;-0,23;-0,23;0,0;0,0;-0,01;-0,01;0,0;0,0;-0,03;-0,03
20.08.2026;20:00;20:15;0,0;0,0;-0,31;-0,31;-0,05;-0,05;0,0;0,0;-0,04;-0,04;-0,14;-0,14;-0,01;-0,01;-0,5;-0,5;-0,01;-0,01;0,0;0,0;-0,02;-0,02;0,0;0,0;-0,01;-0,01;-0,03;-0,03;-0,01;-0,01;0,0;0,0;-0,02;-0,02;-0,07;-0,07;-0,03;-0,03;-0,09;-0,09;-0,01;-0,01;-0,07;-0,07;-0,11;-0,11;-0,21;-0,21;0,0;0,0;-0,1;-0,1;-0,01;-0,01;-0,02;-0,02
20.08.2026;20:15;20:30;0,0;0,0;-0,29;-0,29;-0,05;-0,05;0,0;0,0;-0,08;-0,08;-0,13;-0,13;-0,05;-0,05;-0,42;-0,42;0,0;0,0;0,0;0,0;-0,02;-0,02;0,0;0,0;-0,01;-0,01;-0,03;-0,03;-0,01;-0,01;0,0;0,0;-0,02;-0,02;-0,06;-0,06;-0,04;-0,04;-0,08;-0,08;-0,01;-0,01;-0,04;-0,04;-0,12;-0,12;-0,18;-0,18;0,0;0,0;-0,15;-0,15;-0,01;-0,01;-0,03;-0,03
20.08.2026;20:30;20:45;0,0;0,0;-0,23;-0,23;-0,06;-0,06;0,0;0,0;-0,05;-0,05;-0,12;-0,12;-0,07;-0,07;-0,35;-0,35;-0,01;-0,01;0,0;0,0;-0,02;-0,02;0,0;0,0;-0,02;-0,02;-0,03;-0,03;-0,02;-0,02;0,0;0,0;-0,04;-0,04;-0,05;-0,05;-0,04;-0,04;-0,08;-0,08;0,0;0,0;-0,42;-0,42;-0,09;-0,09;-0,19;-0,19;0,0;0,0;-0,1;-0,1;0,0;0,0;-0,01;-0,01
20.08.2026;20:45;21:00;0,0;0,0;-0,22;-0,22;-0,05;-0,05;0,0;0,0;-0,05;-0,05;-0,13;-0,13;-0,17;-0,17;-0,26;-0,26;0,0;0,0;0,0;0,0;-0,22;-0,22;0,0;0,0;-0,01;-0,01;-0,04;-0,04;-0,02;-0,02;-0,01;-0,01;-0,03;-0,03;-0,06;-0,06;-0,04;-0,04;-0,07;-0,07;-0,02;-0,02;-0,39;-0,39;-0,01;-0,01;-0,21;-0,21;0,0;0,0;-0,03;-0,03;0,0;0,0;-0,02;-0,02
20.08.2026;21:00;21:15;0,0;0,0;-0,25;-0,25;-0,06;-0,06;0,0;0,0;-0,05;-0,05;-0,1;-0,1;-0,24;-0,24;-0,28;-0,28;-0,01;-0,01;0,0;0,0;-0,18;-0,18;0,0;0,0;0,0;0,0;-0,03;-0,03;-0,22;-0,22;0,0;0,0;-0,02;-0,02;-0,05;-0,05;-0,03;-0,03;-0,06;-0,06;0,0;0,0;-0,2;-0,2;-0,01;-0,01;-0,14;-0,14;0,0;0,0;-0,03;-0,03;-0,01;-0,01;-0,01;-0,01
20.08.2026;21:15;21:30;0,0;0,0;-0,28;-0,28;-0,05;-0,05;0,0;0,0;-0,05;-0,05;-0,1;-0,1;-0,06;-0,06;-0,57;-0,57;-0,01;-0,01;0,0;0,0;-0,11;-0,11;0,0;0,0;-0,01;-0,01;-0,03;-0,03;-0,07;-0,07;0,0;0,0;-0,02;-0,02;-0,05;-0,05;-0,03;-0,03;-0,06;-0,06;-0,01;-0,01;-0,11;-0,11;-0,02;-0,02;-0,12;-0,12;0,0;0,0;-0,03;-0,03;-0,01;-0,01;-0,03;-0,03
20.08.2026;21:30;21:45;0,0;0,0;-0,24;-0,24;-0,05;-0,05;0,0;0,0;-0,03;-0,03;-0,12;-0,12;-0,03;-0,03;-0,39;-0,39;0,0;0,0;-0,01;-0,01;-0,24;-0,24;0,0;0,0;-0,01;-0,01;-0,03;-0,03;-0,09;-0,09;0,0;0,0;-0,03;-0,03;-0,05;-0,05;-0,04;-0,04;-0,06;-0,06;-0,01;-0,01;-0,16;-0,16;-0,02;-0,02;-0,1;-0,1;-0,01;-0,01;-0,02;-0,02;0,0;0,0;-0,02;-0,02
20.08.2026;21:45;22:00;0,0;0,0;-0,21;-0,21;-0,06;-0,06;0,0;0,0;-0,04;-0,04;-0,12;-0,12;-0,04;-0,04;-0,27;-0,27;-0,01;-0,01;0,0;0,0;-0,03;-0,03;0,0;0,0;-0,02;-0,02;-0,03;-0,03;-0,09;-0,09;0,0;0,0;-0,03;-0,03;-0,04;-0,04;-0,01;-0,01;-0,12;-0,12;0,0;0,0;-0,02;-0,02;-0,02;-0,02;-0,1;-0,1;0,0;0,0;-0,03;-0,03;0,0;0,0;-0,03;-0,03
20.08.2026;22:00;22:15;0,0;0,0;-0,2;-0,2;-0,06;-0,06;0,0;0,0;-0,04;-0,04;-0,12;-0,12;-0,04;-0,04;-0,24;-0,24;0,0;0,0;0,0;0,0;-0,02;-0,02;-0,01;-0,01;-0,01;-0,01;-0,03;-0,03;-0,09;-0,09;0,0;0,0;-0,02;-0,02;-0,04;-0,04;-0,02;-0,02;-0,25;-0,25;-0,02;-0,02;-0,02;-0,02;-0,01;-0,01;-0,11;-0,11;0,0;0,0;-0,02;-0,02;-0,01;-0,01;-0,01;-0,01
20.08.2026;22:15;22:30;0,0;0,0;-0,23;-0,23;-0,06;-0,06;0,0;0,0;-0,03;-0,03;-0,1;-0,1;-0,04;-0,04;-0,23;-0,23;0,0;0,0;0,0;0,0;-0,03;-0,03;0,0;0,0;0,0;0,0;0,0;0,0;-0,09;-0,09;0,0;0,0;-0,03;-0,03;-0,04;-0,04;0,0;0,0;-0,28;-0,28;0,0;0,0;-0,02;-0,02;-0,02;-0,02;-0,11;-0,11;0,0;0,0;-0,15;-0,15;-0,01;-0,01;-0,02;-0,02
20.08.2026;22:30;22:45;0,0;0,0;-0,22;-0,22;-0,06;-0,06;0,0;0,0;-0,04;-0,04;-0,1;-0,1;-0,02;-0,02;-0,05;-0,05;-0,01;-0,01;0,0;0,0;-0,06;-0,06;0,0;0,0;-0,01;-0,01;0,0;0,0;-0,1;-0,1;0,0;0,0;-0,01;-0,01;-0,05;-0,05;-0,01;-0,01;-0,12;-0,12;-0,01;-0,01;-0,02;-0,02;-0,01;-0,01;-0,1;-0,1;0,0;0,0;-0,59;-0,59;0,0;0,0;-0,01;-0,01
20.08.2026;22:45;23:00;0,0;0,0;-0,23;-0,23;-0,03;-0,03;0,0;0,0;-0,03;-0,03;-0,09;-0,09;-0,02;-0,02;-0,04;-0,04;-0,01;-0,01;0,0;0,0;-0,05;-0,05;0,0;0,0;0,0;0,0;-0,01;-0,01;-0,09;-0,09;0,0;0,0;-0,01;-0,01;-0,06;-0,06;0,0;0,0;-0,07;-0,07;-0,01;-0,01;-0,02;-0,02;-0,01;-0,01;-0,07;-0,07;0,0;0,0;-0,35;-0,35;0,0;0,0;-0,03;-0,03
20.08.2026;23:00;23:15;0,0;0,0;-0,21;-0,21;-0,02;-0,02;-0,01;-0,01;-0,03;-0,03;-0,09;-0,09;-0,02;-0,02;-0,03;-0,03;-0,01;-0,01;0,0;0,0;-0,05;-0,05;0,0;0,0;-0,02;-0,02;0,0;0,0;-0,09;-0,09;0,0;0,0;-0,02;-0,02;-0,05;-0,05;-0,01;-0,01;-0,07;-0,07;-0,01;-0,01;-0,02;-0,02;-0,01;-0,01;-0,08;-0,08;0,0;0,0;-0,07;-0,07;-0,02;-0,02;-0,02;-0,02
20.08.2026;23:15;23:30;0,0;0,0;-0,22;-0,22;-0,03;-0,03;0,0;0,0;-0,03;-0,03;-0,08;-0,08;-0,01;-0,01;-0,01;-0,01;0,0;0,0;0,0;0,0;-0,04;-0,04;0,0;0,0;-0,02;-0,02;0,0;0,0;-0,11;-0,11;-0,01;-0,01;-0,03;-0,03;-0,04;-0,04;-0,01;-0,01;-0,04;-0,04;-0,01;-0,01;-0,01;-0,01;-0,02;-0,02;-0,06;-0,06;0,0;0,0;-0,4;-0,4;-0,03;-0,03;-0,02;-0,02
20.08.2026;23:30;23:45;0,0;0,0;-0,2;-0,2;-0,02;-0,02;0,0;0,0;-0,04;-0,04;-0,08;-0,08;-0,02;-0,02;-0,02;-0,02;-0,01;-0,01;0,0;0,0;-0,05;-0,05;0,0;0,0;0,0;0,0;0,0;0,0;-0,04;-0,04;0,0;0,0;-0,02;-0,02;-0,03;-0,03;0,0;0,0;-0,03;-0,03;-0,01;-0,01;-0,02;-0,02;-0,01;-0,01;-0,08;-0,08;-0,01;-0,01;-0,05;-0,05;-0,02;-0,02;-0,03;-0,03
20.08.2026;23:45;00:00;0,0;0,0;-0,19;-0,19;-0,02;-0,02;0,0;0,0;-0,03;-0,03;-0,09;-0,09;-0,01;-0,01;-0,02;-0,02;-0,01;-0,01;0,0;0,0;-0,02;-0,02;0,0;0,0;-0,01;-0,01;-0,01;-0,01;-0,02;-0,02;0,0;0,0;-0,03;-0,03;-0,02;-0,02;-0,01;-0,01;-0,02;-0,02;0,0;0,0;-0,01;-0,01;-0,01;-0,01;-0,01;-0,01;0,0;0,0;-0,03;-0,03;0,0;0,0;-0,01;-0,01
21.08.2026;00:00;00:15;0,0;0,0;-0,19;-0,19;-0,02;-0,02;0,0;0,0;-0,03;-0,03;-0,08;-0,08;-0,01;-0,01;-0,03;-0,03;-0,01;-0,01;0,0;0,0;-0,02;-0,02;0,0;0,0;0,0;0,0;0,0;0,0;-0,02;-0,02;0,0;0,0;-0,02;-0,02;-0,03;-0,03;-0,01;-0,01;-0,02;-0,02;-0,01;-0,01;-0,02;-0,02;-0,01;-0,01;-0,02;-0,02;0,0;0,0;-0,04;-0,04;-0,01;-0,01;-0,02;-0,02
21.08.2026;00:15;00:30;0,0;0,0;-0,2;-0,2;-0,02;-0,02;0,0;0,0;-0,03;-0,03;-0,08;-0,08;-0,02;-0,02;-0,02;-0,02;0,0;0,0;0,0;0,0;-0,01;-0,01;0,0;0,0;-0,01;-0,01;0,0;0,0;-0,03;-0,03;0,0;0,0;-0,02;-0,02;-0,02;-0,02;-0,01;-0,01;-0,02;-0,02;-0,01;-0,01;-0,02;-0,02;-0,01;-0,01;-0,02;-0,02;0,0;0,0;-0,05;-0,05;-0,01;-0,01;-0,01;-0,01
21.08.2026;00:30;00:45;0,0;0,0;-0,22;-0,22;-0,02;-0,02;0,0;0,0;-0,03;-0,03;-0,09;-0,09;-0,01;-0,01;-0,02;-0,02;-0,01;-0,01;0,0;0,0;-0,02;-0,02;0,0;0,0;-0,02;-0,02;0,0;0,0;-0,03;-0,03;0,0;0,0;-0,01;-0,01;-0,03;-0,03;0,0;0,0;0,0;0,0;-0,01;-0,01;-0,01;-0,01;-0,01;-0,01;-0,02;-0,02;0,0;0,0;-0,03;-0,03;0,0;0,0;-0,03;-0,03
21.08.2026;00:45;01:00;0,0;0,0;-0,19;-0,19;-0,03;-0,03;0,0;0,0;-0,02;-0,02;-0,08;-0,08;-0,01;-0,01;-0,02;-0,02;0,0;0,0;0,0;0,0;-0,01;-0,01;0,0;0,0;-0,01;-0,01;0,0;0,0;-0,02;-0,02;0,0;0,0;-0,02;-0,02;-0,02;-0,02;-0,01;-0,01;-0,01;-0,01;-0,01;-0,01;-0,03;-0,03;-0,01;-0,01;-0,01;-0,01;0,0;0,0;-0,03;-0,03;-0,01;-0,01;-0,02;-0,02
21.08.2026;01:00;01:15;0,0;0,0;-0,19;-0,19;-0,05;-0,05;0,0;0,0;-0,01;-0,01;-0,08;-0,08;-0,01;-0,01;-0,02;-0,02;-0,01;-0,01;0,0;0,0;-0,01;-0,01;0,0;0,0;-0,01;-0,01;0,0;0,0;-0,01;-0,01;0,0;0,0;-0,02;-0,02;-0,03;-0,03;-0,01;-0,01;-0,01;-0,01;0,0;0,0;0,0;0,0;-0,01;-0,01;-0,02;-0,02;0,0;0,0;-0,02;-0,02;0,0;0,0;-0,02;-0,02
21.08.2026;01:15;01:30;0,0;0,0;-0,19;-0,19;-0,05;-0,05;0,0;0,0;-0,01;-0,01;-0,1;-0,1;-0,01;-0,01;-0,02;-0,02;0,0;0,0;0,0;0,0;0,0;0,0;0,0;0,0;0,0;0,0;-0,01;-0,01;-0,02;-0,02;0,0;0,0;-0,02;-0,02;-0,01;-0,01;-0,01;-0,01;-0,01;-0,01;-0,02;-0,02;-0,03;-0,03;-0,01;-0,01;-0,01;-0,01;0,0;0,0;-0,01;-0,01;-0,01;-0,01;-0,02;-0,02
21.08.2026;01:30;01:45;0,0;0,0;-0,18;-0,18;-0,02;-0,02;0,0;0,0;-0,01;-0,01;-0,1;-0,1;-0,01;-0,01;-0,02;-0,02;-0,01;-0,01;0,0;0,0;-0,01;-0,01;0,0;0,0;-0,01;-0,01;0,0;0,0;-0,02;-0,02;0,0;0,0;-0,03;-0,03;-0,02;-0,02;-0,01;-0,01;-0,01;-0,01;0,0;0,0;-0,01;-0,01;-0,01;-0,01;-0,02;-0,02;-0,01;-0,01;-0,01;-0,01;0,0;0,0;-0,02;-0,02
21.08.2026;01:45;02:00;0,0;0,0;-0,21;-0,21;-0,03;-0,03;0,0;0,0;-0,01;-0,01;-0,08;-0,08;-0,01;-0,01;-0,02;-0,02;-0,01;-0,01;0,0;0,0;-0,02;-0,02;0,0;0,0;-0,01;-0,01;0,0;0,0;-0,01;-0,01;-0,01;-0,01;-0,02;-0,02;-0,01;-0,01;0,0;0,0;-0,02;-0,02;-0,01;-0,01;-0,01;-0,01;-0,01;-0,01;-0,02;-0,02;0,0;0,0;-0,01;-0,01;-0,01;-0,01;-0,01;-0,01
21.08.2026;02:00;02:15;0,0;0,0;-0,18;-0,18;-0,03;-0,03;0,0;0,0;-0,02;-0,02;-0,09;-0,09;-0,01;-0,01;-0,02;-0,02;0,0;0,0;0,0;0,0;-0,01;-0,01;0,0;0,0;-0,02;-0,02;0,0;0,0;-0,02;-0,02;0,0;0,0;-0,02;-0,02;-0,02;-0,02;-0,02;-0,02;-0,01;-0,01;-0,01;-0,01;-0,02;-0,02;-0,01;-0,01;-0,02;-0,02;0,0;0,0;-0,02;-0,02;0,0;0,0;-0,02;-0,02
21.08.2026;02:15;02:30;0,0;0,0;-0,19;-0,19;-0,03;-0,03;-0,01;-0,01;-0,01;-0,01;-0,09;-0,09;0,0;0,0;-0,02;-0,02;-0,01;-0,01;0,0;0,0;-0,01;-0,01;0,0;0,0;-0,01;-0,01;0,0;0,0;-0,01;-0,01;0,0;0,0;-0,02;-0,02;-0,02;-0,02;0,0;0,0;-0,01;-0,01;-0,01;-0,01;-0,01;-0,01;0,0;0,0;-0,01;-0,01;0,0;0,0;-0,01;-0,01;-0,01;-0,01;-0,02;-0,02
21.08.2026;02:30;02:45;0,0;0,0;-0,19;-0,19;-0,02;-0,02;0,0;0,0;0,0;0,0;-0,09;-0,09;-0,02;-0,02;-0,02;-0,02;-0,01;-0,01;-0,01;-0,01;-0,01;-0,01;0,0;0,0;0,0;0,0;0,0;0,0;-0,02;-0,02;0,0;0,0;-0,01;-0,01;-0,02;-0,02;-0,02;-0,02;0,0;0,0;0,0;0,0;-0,01;-0,01;-0,01;-0,01;-0,02;-0,02;0,0;0,0;-0,01;-0,01;0,0;0,0;-0,02;-0,02
21.08.2026;02:45;03:00;0,0;0,0;-0,18;-0,18;-0,02;-0,02;0,0;0,0;-0,01;-0,01;-0,1;-0,1;-0,01;-0,01;-0,02;-0,02;0,0;0,0;0,0;0,0;-0,01;-0,01;0,0;0,0;-0,01;-0,01;-0,01;-0,01;-0,01;-0,01;0,0;0,0;-0,02;-0,02;-0,03;-0,03;0,0;0,0;-0,01;-0,01;-0,02;-0,02;-0,01;-0,01;-0,01;-0,01;-0,01;-0,01;0,0;0,0;-0,01;-0,01;-0,01;-0,01;-0,03;-0,03
21.08.2026;03:00;03:15;0,0;0,0;-0,18;-0,18;-0,02;-0,02;0,0;0,0;-0,02;-0,02;-0,11;-0,11;-0,01;-0,01;0,0;0,0;-0,01;-0,01;0,0;0,0;-0,01;-0,01;-0,01;-0,01;-0,01;-0,01;0,0;0,0;-0,01;-0,01;0,0;0,0;-0,03;-0,03;-0,02;-0,02;-0,01;-0,01;-0,01;-0,01;0,0;0,0;-0,01;-0,01;-0,01;-0,01;-0,02;-0,02;0,0;0,0;-0,01;-0,01;0,0;0,0;-0,02;-0,02
21.08.2026;03:15;03:30;0,0;0,0;-0,19;-0,19;-0,03;-0,03;0,0;0,0;-0,01;-0,01;-0,1;-0,1;-0,01;-0,01;-0,02;-0,02;-0,01;-0,01;0,0;0,0;-0,01;-0,01;0,0;0,0;-0,02;-0,02;0,0;0,0;-0,02;-0,02;0,0;0,0;-0,02;-0,02;-0,03;-0,03;-0,01;-0,01;-0,01;-0,01;-0,01;-0,01;-0,01;-0,01;-0,01;-0,01;-0,01;-0,01;0,0;0,0;-0,01;-0,01;-0,01;-0,01;-0,01;-0,01
21.08.2026;03:30;03:45;0,0;0,0;-0,19;-0,19;-0,02;-0,02;0,0;0,0;-0,01;-0,01;-0,06;-0,06;0,0;0,0;-0,02;-0,02;0,0;0,0;0,0;0,0;-0,01;-0,01;0,0;0,0;-0,01;-0,01;0,0;0,0;-0,01;-0,01;0,0;0,0;-0,03;-0,03;-0,02;-0,02;-0,01;-0,01;0,0;0,0;-0,01;-0,01;-0,01;-0,01;-0,01;-0,01;-0,02;-0,02;-0,01;-0,01;-0,01;-0,01;0,0;0,0;-0,01;-0,01
21.08.2026;03:45;04:00;0,0;0,0;-0,21;-0,21;-0,02;-0,02;0,0;0,0;-0,01;-0,01;-0,01;-0,01;-0,02;-0,02;-0,02;-0,02;-0,01;-0,01;0,0;0,0;-0,01;-0,01;0,0;0,0;0,0;0,0;0,0;0,0;-0,02;-0,02;0,0;0,0;-0,02;-0,02;-0,03;-0,03;-0,01;-0,01;-0,02;-0,02;0,0;0,0;-0,01;-0,01;-0,01;-0,01;-0,01;-0,01;0,0;0,0;-0,01;-0,01;-0,01;-0,01;-0,02;-0,02
21.08.2026;04:00;04:15;0,0;0,0;-0,23;-0,23;-0,01;-0,01;0,0;0,0;-0,01;-0,01;-0,02;-0,02;-0,01;-0,01;-0,02;-0,02;0,0;0,0;0,0;0,0;-0,01;-0,01;0,0;0,0;-0,01;-0,01;0,0;0,0;-0,01;-0,01;0,0;0,0;-0,01;-0,01;-0,01;-0,01;-0,01;-0,01;-0,01;-0,01;-0,02;-0,02;-0,01;-0,01;-0,01;-0,01;-0,02;-0,02;0,0;0,0;-0,01;-0,01;0,0;0,0;-0,03;-0,03
21.08.2026;04:15;04:30;0,0;0,0;-0,18;-0,18;-0,03;-0,03;0,0;0,0;-0,01;-0,01;0,0;0,0;0,0;0,0;-0,02;-0,02;-0,01;-0,01;0,0;0,0;-0,01;-0,01;0,0;0,0;0,0;0,0;0,0;0,0;-0,01;-0,01;-0,01;-0,01;-0,01;-0,01;-0,02;-0,02;0,0;0,0;-0,02;-0,02;0,0;0,0;-0,02;-0,02;0,0;0,0;-0,01;-0,01;0,0;0,0;-0,01;-0,01;-0,01;-0,01;-0,02;-0,02
21.08.2026;04:30;04:45;0,0;0,0;-0,19;-0,19;-0,02;-0,02;0,0;0,0;-0,02;-0,02;-0,01;-0,01;-0,02;-0,02;-0,02;-0,02;-0,01;-0,01;0,0;0,0;-0,01;-0,01;0,0;0,0;-0,02;-0,02;0,0;0,0;-0,02;-0,02;0,0;0,0;-0,02;-0,02;-0,01;-0,01;-0,01;-0,01;-0,01;-0,01;-0,01;-0,01;0,0;0,0;-0,01;-0,01;-0,02;-0,02;0,0;0,0;-0,01;-0,01;0,0;0,0;-0,02;-0,02
21.08.2026;04:45;05:00;0,0;0,0;-0,18;-0,18;-0,03;-0,03;0,0;0,0;-0,01;-0,01;-0,01;-0,01;0,0;0,0;-0,02;-0,02;0,0;0,0;0,0;0,0;-0,02;-0,02;0,0;0,0;-0,02;-0,02;0,0;0,0;-0,01;-0,01;0,0;0,0;-0,03;-0,03;-0,02;-0,02;-0,01;-0,01;0,0;0,0;-0,01;-0,01;-0,01;-0,01;-0,01;-0,01;-0,01;-0,01;0,0;0,0;-0,01;-0,01;-0,01;-0,01;-0,02;-0,02
21.08.2026;05:00;05:15;0,0;0,0;-0,19;-0,19;-0,12;-0,12;0,0;0,0;-0,01;-0,01;-0,01;-0,01;-0,01;-0,01;-0,02;-0,02;-0,01;-0,01;0,0;0,0;0,0;0,0;0,0;0,0;0,0;0,0;-0,01;-0,01;-0,01;-0,01;0,0;0,0;-0,02;-0,02;-0,02;-0,02;-0,01;-0,01;-0,01;-0,01;0,0;0,0;-0,01;-0,01;-0,01;-0,01;-0,02;-0,02;0,0;0,0;-0,02;-0,02;0,0;0,0;-0,01;-0,01
21.08.2026;05:15;05:30;0,0;0,0;-0,28;-0,28;-0,03;-0,03;0,0;0,0;-0,01;-0,01;-0,01;-0,01;-0,01;-0,01;-0,02;-0,02;-0,01;-0,01;0,0;0,0;-0,01;-0,01;0,0;0,0;-0,01;-0,01;0,0;0,0;-0,02;-0,02;0,0;0,0;-0,03;-0,03;-0,12;-0,12;-0,01;-0,01;-0,01;-0,01;-0,02;-0,02;-0,01;-0,01;-0,01;-0,01;-0,01;-0,01;0,0;0,0;-0,01;-0,01;-0,01;-0,01;-0,02;-0,02
21.08.2026;05:30;05:45;0,0;0,0;-0,21;-0,21;-0,03;-0,03;-0,01;-0,01;-0,01;-0,01;0,0;0,0;-0,01;-0,01;-0,02;-0,02;0,0;0,0;0,0;0,0;-0,01;-0,01;0,0;0,0;0,0;0,0;0,0;0,0;-0,01;-0,01;0,0;0,0;-0,01;-0,01;-0,04;-0,04;-0,02;-0,02;-0,02;-0,02;0,0;0,0;-0,01;-0,01;-0,01;-0,01;-0,02;-0,02;-0,01;-0,01;-0,03;-0,03;0,0;0,0;-0,02;-0,02
21.08.2026;05:45;06:00;0,0;0,0;-0,31;-0,31;-0,04;-0,04;0,0;0,0;-0,01;-0,01;-0,01;-0,01;-0,01;-0,01;-0,01;-0,01;-0,01;-0,01;0,0;0,0;-0,01;-0,01;0,0;0,0;-0,01;-0,01;0,0;0,0;-0,03;-0,03;0,0;0,0;-0,02;-0,02;-0,03;-0,03;-0,02;-0,02;-0,01;-0,01;-0,01;-0,01;-0,01;-0,01;-0,01;-0,01;-0,01;-0,01;0,0;0,0;-0,02;-0,02;-0,01;-0,01;-0,02;-0,02
21.08.2026;06:00;06:15;0,0;0,0;-0,27;-0,27;-0,03;-0,03;0,0;0,0;-0,02;-0,02;-0,01;-0,01;-0,01;-0,01;-0,02;-0,02;-0,01;-0,01;0,0;0,0;-0,01;-0,01;0,0;0,0;-0,02;-0,02;-0,03;-0,03;-0,01;-0,01;0,0;0,0;-0,01;-0,01;-0,02;-0,02;0,0;0,0;0,0;0,0;-0,01;-0,01;-0,01;-0,01;-0,01;-0,01;-0,01;-0,01;0,0;0,0;-0,02;-0,02;-0,01;-0,01;-0,02;-0,02
21.08.2026;06:15;06:30;0,02;0,02;-0,42;-0,42;-0,03;-0,03;0,0;0,0;0,0;0,0;-0,01;-0,01;-0,01;-0,01;-0,02;-0,02;0,0;0,0;0,0;0,0;-0,01;-0,01;0,0;0,0;-0,01;-0,01;-0,04;-0,04;-0,02;-0,02;0,0;0,0;-0,02;-0,02;-0,03;-0,03;-0,01;-0,01;-0,02;-0,02;-0,01;-0,01;-0,01;-0,01;-0,01;-0,01;-0,02;-0,02;0,0;0,0;-0,02;-0,02;-0,01;-0,01;-0,03;-0,03
21.08.2026;06:30;06:45;0,03;0,03;-0,25;-0,25;-0,04;-0,04;0,0;0,0;-0,01;-0,01;-0,02;-0,02;-0,01;-0,01;-0,01;-0,01;-0,01;-0,01;0,0;0,0;-0,01;-0,01;0,0;0,0;-0,01;-0,01;-0,04;-0,04;-0,02;-0,02;0,0;0,0;-0,03;-0,03;-0,01;-0,01;-0,01;-0,01;-0,01;-0,01;-0,01;-0,01;-0,01;-0,01;0,0;0,0;-0,01;-0,01;0,0;0,0;-0,02;-0,02;-0,01;-0,01;-0,02;-0,02
21.08.2026;06:45;07:00;0,04;0,04;-0,25;-0,25;-0,08;-0,08;0,0;0,0;-0,02;-0,02;-0,01;-0,01;-0,01;-0,01;-0,01;-0,01;0,0;0,0;0,0;0,0;-0,01;-0,01;0,0;0,0;0,0;0,0;-0,03;-0,03;-0,01;-0,01;-0,01;-0,01;-0,03;-0,03;-0,02;-0,02;-0,01;-0,01;-0,01;-0,01;-0,01;-0,01;-0,01;-0,01;-0,01;-0,01;-0,02;-0,02;0,0;0,0;-0,02;-0,02;0,0;0,0;-0,01;-0,01
21.08.2026;07:00;07:15;0,12;0,11;-0,19;-0,18;-0,12;-0,12;0,0;0,0;-0,01;-0,01;-0,01;-0,01;-0,01;-0,01;-0,02;-0,02;-0,01;-0,01;0,0;0,0;-0,01;-0,01;0,0;0,0;0,0;0,0;-0,01;-0,01;-0,02;-0,02;0,0;0,0;-0,01;-0,01;-0,01;-0,01;-0,01;-0,01;-0,01;-0,01;0,0;0,0;-0,01;-0,01;-0,01;-0,01;-0,01;-0,01;0,0;0,0;-0,03;-0,03;0,0;0,0;-0,02;-0,02
21.08.2026;07:15;07:30;0,14;0,11;-0,18;-0,15;-0,02;-0,02;0,0;0,0;-0,01;-0,01;-0,02;-0,02;-0,01;-0,01;-0,02;-0,02;0,0;0,0;0,0;0,0;-0,01;-0,01;0,0;0,0;-0,02;-0,02;-0,01;-0,01;-0,01;-0,01;0,0;0,0;-0,01;-0,01;-0,02;-0,02;0,0;0,0;-0,01;-0,01;-0,01;-0,01;-0,01;-0,01;-0,01;-0,01;-0,01;-0,01;0,0;0,0;-0,02;-0,02;-0,01;-0,01;-0,03;-0,03
21.08.2026;07:30;07:45;0,16;0,11;-0,24;-0,19;-0,03;-0,03;0,0;0,0;-0,01;-0,01;-0,01;-0,01;-0,01;-0,01;-0,02;-0,02;-0,01;-0,01;-0,01;-0,01;-0,01;-0,01;0,0;0,0;-0,02;-0,02;-0,03;-0,03;-0,01;-0,01;0,0;0,0;0,0;0,0;-0,02;-0,02;-0,01;-0,01;-0,01;-0,01;-0,01;-0,01;-0,01;-0,01;-0,02;-0,02;-0,02;-0,02;-0,01;-0,01;-0,01;-0,01;-0,01;-0,01;-0,02;-0,02
21.08.2026;07:45;08:00;0,34;0,11;-0,36;-0,31;-0,02;-0,01;0,0;0,0;-0,03;-0,02;-0,01;0,0;0,0;0,0;-0,02;-0,01;-0,01;0,0;0,0;0,0;-0,01;0,0;0,0;0,0;-0,01;0,0;-0,04;-0,03;-0,02;-0,01;0,0;0,0;-0,01;0,0;-0,02;-0,01;-0,01;0,0;-0,01;0,0;0,0;0,0;-0,01;0,0;-0,01;0,0;-0,01;0,0;0,0;0,0;-0,01;0,0;0,0;0,0;-0,03;-0,02
21.08.2026;08:00;08:15;0,45;0,19;-0,25;-0,16;-0,03;-0,02;0,0;0,0;-0,02;-0,01;-0,02;-0,01;-0,01;0,0;-0,02;-0,01;0,0;0,0;0,0;0,0;-0,01;0,0;-0,01;0,0;0,0;0,0;-0,03;-0,02;-0,01;0,0;0,0;0,0;-0,01;0,0;-0,03;-0,02;-0,01;0,0;0,0;0,0;-0,02;-0,01;-0,01;0,0;0,0;0,0;-0,02;-0,01;0,0;0,0;-0,02;-0,01;0,0;0,0;-0,02;-0,01
21.08.2026;08:15;08:30;0,62;0,24;-0,18;-0,05;-0,02;0,0;0,0;0,0;-0,01;0,0;-0,01;0,0;-0,01;0,0;-0,02;0,0;-0,01;0,0;0,0;0,0;-0,01;0,0;0,0;0,0;0,0;0,0;-0,03;0,0;-0,02;0,0;0,0;0,0;-0,01;0,0;-0,02;0,0;-0,01;0,0;-0,01;0,0;0,0;0,0;-0,01;0,0;-0,01;0,0;-0,01;0,0;0,0;0,0;0,0;0,0;-0,01;0,0;-0,02;0,0
21.08.2026;08:30;08:45;0,79;0,31;-0,23;-0,03;-0,01;0,0;0,0;0,0;-0,02;0,0;-0,01;0,0;-0,01;0,0;-0,02;0,0;-0,01;0,0;0,0;0,0;-0,01;0,0;0,0;0,0;-0,01;0,0;-0,01;0,0;-0,01;0,0;0,0;0,0;-0,01;0,0;-0,03;0,0;0,0;0,0;-0,02;0,0;-0,01;0,0;-0,01;0,0;-0,01;0,0;-0,03;0,0;0,0;0,0;-0,02;0,0;-0,01;0,0;-0,01;0,0
21.08.2026;08:45;09:00;0,93;0,38;-0,25;-0,01;-0,04;0,0;0,0;0,0;0,0;0,0;-0,01;0,0;-0,01;0,0;-0,02;0,0;0,0;0,0;0,0;0,0;-0,01;0,0;0,0;0,0;-0,02;0,0;0,0;0,0;-0,03;0,0;0,0;0,0;-0,02;0,0;-0,02;0,0;-0,02;0,0;-0,01;0,0;-0,01;0,0;-0,04;0,0;-0,01;0,0;-0,02;0,0;0,0;0,0;0,0;0,0;-0,01;0,0;-0,01;0,0
21.08.2026;09:00;09:15;1,03;0,41;-0,21;0,0;-0,02;0,0;-0,01;0,0;-0,13;-0,05;-0,01;0,0;-0,01;0,0;-0,02;0,0;-0,01;0,0;0,0;0,0;-0,02;0,0;0,0;0,0;-0,01;0,0;0,0;0,0;-0,02;0,0;0,0;0,0;-0,01;0,0;-0,03;0,0;0,0;0,0;0,0;0,0;-0,01;0,0;-0,17;-0,09;-0,01;0,0;-0,01;0,0;0,0;0,0;-0,02;0,0;0,0;0,0;-0,03;0,0
21.08.2026;09:15;09:30;0,17;0,12;-0,25;-0,2;-0,02;-0,02;0,0;0,0;-0,05;-0,05;0,0;0,0;-0,01;-0,01;-0,01;-0,01;-0,01;-0,01;0,0;0,0;-0,04;-0,04;0,0;0,0;-0,01;-0,01;-0,01;-0,01;-0,02;-0,02;-0,01;-0,01;0,0;0,0;-0,01;-0,01;-0,01;-0,01;0,0;0,0;-0,01;-0,01;-0,03;-0,03;-0,01;-0,01;-0,02;-0,02;0,0;0,0;0,0;0,0;-0,01;-0,01;-0,02;-0,02
21.08.2026;09:30;09:45;0,0;0,0;-0,21;-0,21;-0,03;-0,03;0,0;0,0;-0,08;-0,08;-0,01;-0,01;-0,03;-0,03;-0,02;-0,02;0,0;0,0;0,0;0,0;-0,02;-0,02;0,0;0,0;0,0;0,0;0,0;0,0;-0,02;-0,02;0,0;0,0;0,0;0,0;-0,02;-0,02;-0,01;-0,01;-0,01;-0,01;-0,01;-0,01;-0,02;-0,02;-0,01;-0,01;-0,09;-0,09;-0,01;-0,01;-0,02;-0,02;-0,01;-0,01;-0,02;-0,02
21.08.2026;09:45;10:00;0,0;0,0;-0,26;-0,26;-0,02;-0,02;0,0;0,0;-0,03;-0,03;-0,03;-0,03;-0,02;-0,02;-0,02;-0,02;-0,01;-0,01;0,0;0,0;-0,02;-0,02;0,0;0,0;-0,01;-0,01;0,0;0,0;-0,02;-0,02;0,0;0,0;-0,01;-0,01;-0,02;-0,02;0,0;0,0;-0,01;-0,01;0,0;0,0;-0,01;-0,01;-0,01;-0,01;-0,29;-0,29;0,0;0,0;0,0;0,0;-0,01;-0,01;-0,03;-0,03
21.08.2026;10:00;10:15;0,29;0,1;-0,19;-0,17;-0,03;-0,02;0,0;0,0;-0,03;-0,02;-0,06;-0,05;-0,01;0,0;-0,02;-0,01;0,0;0,0;0,0;0,0;-0,01;0,0;0,0;0,0;-0,01;0,0;0,0;0,0;-0,02;-0,01;0,0;0,0;-0,01;0,0;-0,02;-0,01;-0,02;-0,01;0,0;0,0;-0,02;-0,01;-0,02;-0,01;0,0;0,0;-0,05;-0,04;0,0;0,0;-0,02;-0,01;-0,01;0,0;-0,01;0,0
21.08.2026;10:15;10:30;0,33;0,11;-0,41;-0,36;-0,04;-0,03;0,0;0,0;-0,03;-0,02;-0,07;-0,06;-0,01;0,0;-0,01;0,0;-0,01;0,0;0,0;0,0;-0,01;0,0;0,0;0,0;-0,02;-0,01;0,0;0,0;-0,03;-0,02;0,0;0,0;-0,01;0,0;-0,02;-0,01;0,0;0,0;-0,01;0,0;0,0;0,0;-0,03;-0,02;-0,01;0,0;-0,03;-0,02;0,0;0,0;0,0;0,0;-0,05;-0,04;-0,02;-0,01
21.08.2026;10:30;10:45;0,41;0,14;-0,23;-0,16;-0,03;-0,02;0,0;0,0;-0,03;-0,02;-0,07;-0,06;-0,02;-0,01;-0,01;0,0;-0,01;0,0;0,0;0,0;-0,02;-0,01;0,0;0,0;-0,01;0,0;0,0;0,0;-0,02;-0,01;0,0;0,0;-0,02;-0,01;-0,03;-0,02;-0,01;0,0;-0,01;0,0;-0,01;0,0;-0,05;-0,04;-0,01;0,0;-0,06;-0,05;0,0;0,0;-0,01;0,0;-0,01;0,0;-0,01;0,0
21.08.2026;10:45;11:00;0,73;0,22;-0,19;-0,04;-0,22;-0,18;0,0;0,0;-0,02;0,0;-0,07;-0,03;-0,01;0,0;-0,02;0,0;0,0;0,0;0,0;0,0;-0,02;0,0;0,0;0,0;0,0;0,0;0,0;0,0;-0,02;0,0;0,0;0,0;-0,01;0,0;-0,04;0,0;-0,01;0,0;-0,02;0,0;-0,01;0,0;-0,41;-0,37;-0,01;0,0;-0,01;0,0;0,0;0,0;-0,01;0,0;-0,01;0,0;-0,02;0,0
21.08.2026;11:00;11:15;0,92;0,26;-0,18;0,0;-0,13;-0,07;0,0;0,0;-0,01;0,0;-0,07;-0,01;-0,02;0,0;-0,02;0,0;-0,01;0,0;-0,01;0,0;-0,01;0,0;0,0;0,0;-0,01;0,0;0,0;0,0;-0,02;0,0;0,0;0,0;-0,01;0,0;-0,04;0,0;-0,01;0,0;-0,01;0,0;0,0;0,0;-0,07;-0,01;-0,01;0,0;-0,07;-0,01;0,0;0,0;-0,01;0,0;-0,01;0,0;-0,03;0,0
21.08.2026;11:15;11:30;1,06;0,38;-0,19;0,0;-0,05;0,0;0,0;0,0;0,0;0,0;-0,09;-0,01;-0,02;0,0;-0,01;0,0;-0,01;0,0;0,0;0,0;0,0;0,0;0,0;0,0;-0,01;0,0;0,0;0,0;-0,07;0,0;0,0;0,0;0,0;0,0;-0,05;0,0;-0,01;0,0;0,0;0,0;-0,01;0,0;-0,04;0,0;-0,01;0,0;-0,15;-0,07;0,0;0,0;-0,01;0,0;-0,01;0,0;-0,02;0,0
21.08.2026;11:30;11:45;0,81;0,24;-0,2;-0,02;-0,06;-0,02;0,0;0,0;-0,02;0,0;-0,08;-0,04;-0,01;0,0;-0,02;0,0;0,0;0,0;0,0;0,0;-0,01;0,0;0,0;0,0;-0,02;0,0;0,0;0,0;-0,15;-0,11;0,0;0,0;0,0;0,0;-0,04;0,0;0,0;0,0;0,0;0,0;-0,01;0,0;-0,05;-0,01;0,0;0,0;-0,17;-0,13;-0,01;0,0;-0,01;0,0;-0,02;0,0;-0,02;0,0
21.08.2026;11:45;12:00;0,68;0,2;-0,35;-0,22;-0,05;-0,03;0,0;0,0;-0,02;0,0;-0,08;-0,06;-0,01;0,0;-0,02;0,0;-0,01;0,0;0,0;0,0;-0,02;0,0;0,0;0,0;-0,02;0,0;-0,03;-0,01;-0,05;-0,03;-0,01;0,0;-0,01;0,0;-0,04;-0,02;-0,01;0,0;-0,01;0,0;-0,01;0,0;-0,54;-0,52;-0,02;0,0;-0,15;-0,13;0,0;0,0;-0,01;0,0;-0,01;0,0;-0,02;0,0
21.08.2026;12:00;12:15;1,1;0,27;-0,22;0,0;-0,07;0,0;0,0;0,0;-0,02;0,0;-0,09;-0,02;0,0;0,0;-0,02;0,0;-0,01;0,0;0,0;0,0;-0,01;0,0;0,0;0,0;-0,14;-0,07;-0,27;-0,2;-0,01;0,0;0,0;0,0;-0,01;0,0;-0,04;0,0;-0,01;0,0;-0,01;0,0;-0,01;0,0;-1,06;-0,99;-0,01;0,0;-0,14;-0,07;0,0;0,0;-0,01;0,0;-0,01;0,0;-0,01;0,0
21.08.2026;12:15;12:30;0,98;0,23;-0,3;-0,11;-0,05;0,0;-0,01;0,0;-0,06;0,0;-0,09;-0,03;-0,02;0,0;-0,02;0,0;0,0;0,0;0,0;0,0;0,0;0,0;0,0;0,0;-0,19;-0,13;-0,03;0,0;-0,01;0,0;0,0;0,0;-0,02;0,0;-0,03;0,0;-0,01;0,0;-0,01;0,0;-0,01;0,0;-0,15;-0,09;-0,01;0,0;-0,12;-0,06;0,0;0,0;-0,01;0,0;0,0;0,0;-0,02;0,0
21.08.2026;12:30;12:45;0,63;0,21;-0,2;-0,08;-0,05;-0,03;0,0;0,0;-0,31;-0,29;-0,09;-0,07;-0,01;0,0;-0,02;0,0;-0,01;0,0;0,0;0,0;-0,01;0,0;0,0;0,0;-0,45;-0,43;-0,02;0,0;-0,01;0,0;0,0;0,0;-0,01;0,0;-0,03;-0,01;-0,02;0,0;0,0;0,0;0,0;0,0;-0,16;-0,14;0,0;0,0;-0,15;-0,13;0,0;0,0;-0,01;0,0;-0,02;0,0;-0,04;-0,02
21.08.2026;12:45;13:00;1,83;0,66;-0,24;0,0;-0,04;0,0;0,0;0,0;-0,34;-0,19;-0,08;0,0;-0,01;0,0;-0,02;0,0;0,0;0,0;0,0;0,0;-0,01;0,0;0,0;0,0;-0,33;-0,18;-0,03;0,0;-0,02;0,0;0,0;0,0;-0,01;0,0;-0,03;0,0;-0,07;0,0;-0,01;0,0;-0,02;0,0;-0,09;0,0;-0,01;0,0;-0,11;0,0;0,0;0,0;-0,01;0,0;-0,02;0,0;-0,04;0,0
21.08.2026;13:00;13:15;0,92;0,23;-0,23;-0,04;-0,04;0,0;0,0;0,0;-0,21;-0,16;-0,1;-0,05;-0,01;0,0;-0,01;0,0;-0,01;0,0;0,0;0,0;-0,02;0,0;-0,01;0,0;-0,13;-0,08;0,0;0,0;-0,01;0,0;0,0;0,0;0,0;0,0;-0,03;0,0;-0,06;-0,01;-0,01;0,0;0,0;0,0;-0,12;-0,07;-0,01;0,0;-0,14;-0,09;0,0;0,0;-0,01;0,0;-0,01;0,0;-0,02;0,0
21.08.2026;13:15;13:30;0,01;0,01;-0,22;-0,22;-0,09;-0,09;0,0;0,0;-0,02;-0,02;-0,09;-0,09;0,0;0,0;-0,02;-0,02;-0,01;-0,01;0,0;0,0;-0,01;-0,01;0,0;0,0;-0,14;-0,14;0,0;0,0;-0,02;-0,02;0,0;0,0;0,0;0,0;-0,03;-0,03;-0,05;-0,05;-0,01;-0,01;-0,01;-0,01;-0,06;-0,06;-0,01;-0,01;-0,13;-0,13;0,0;0,0;-0,01;-0,01;-0,01;-0,01;-0,02;-0,02
21.08.2026;13:30;13:45;0,0;0,0;-0,22;-0,22;-0,06;-0,06;0,0;0,0;-0,02;-0,02;-0,09;-0,09;-0,01;-0,01;-0,02;-0,02;0,0;0,0;0,0;0,0;-0,01;-0,01;0,0;0,0;-0,14;-0,14;0,0;0,0;-0,08;-0,08;0,0;0,0;-0,01;-0,01;-0,04;-0,04;-0,01;-0,01;-0,01;-0,01;-0,01;-0,01;-0,02;-0,02;-0,01;-0,01;-0,12;-0,12;-0,01;-0,01;-0,01;-0,01;-0,02;-0,02;-0,02;-0,02
21.08.2026;13:45;14:00;0,25;0,18;-0,26;-0,19;-0,04;-0,04;0,0;0,0;-0,28;-0,28;-0,07;-0,07;-0,01;-0,01;-0,02;-0,02;-0,01;-0,01;0,0;0,0;-0,03;-0,03;0,0;0,0;-0,14;-0,14;0,0;0,0;-0,08;-0,08;0,0;0,0;-0,01;-0,01;-0,05;-0,05;-0,01;-0,01;-0,01;-0,01;0,0;0,0;-0,01;-0,01;-0,01;-0,01;-0,04;-0,04;0,0;0,0;-0,03;-0,03;-0,18;-0,18;-0,02;-0,02
21.08.2026;14:00;14:15;1,41;0,55;-0,16;0,0;-0,04;0,0;0,0;0,0;-0,6;-0,48;-0,07;0,0;-0,01;0,0;0,0;0,0;-0,01;0,0;0,0;0,0;-0,02;0,0;0,0;0,0;-0,13;-0,01;0,0;0,0;-0,06;0,0;0,0;0,0;-0,02;0,0;-0,04;0,0;-0,02;0,0;0,0;0,0;-0,02;0,0;-0,02;0,0;-0,01;0,0;-0,04;0,0;0,0;0,0;-0,03;0,0;-0,03;0,0;-0,02;0,0
21.08.2026;14:15;14:30;1,3;0,46;-0,18;0,0;-0,05;0,0;0,0;0,0;-0,52;-0,43;-0,29;-0,2;-0,01;0,0;-0,02;0,0;0,0;0,0;0,0;0,0;-0,03;0,0;0,0;0,0;-0,03;0,0;-0,01;0,0;-0,07;0,0;-0,01;0,0;-0,01;0,0;-0,04;0,0;-0,01;0,0;-0,01;0,0;0,0;0,0;-0,05;0,0;0,0;0,0;-0,07;0,0;0,0;0,0;-0,02;0,0;-0,02;0,0;-0,02;0,0
21.08.2026;14:30;14:45;0,67;0,17;-0,17;-0,06;-0,05;-0,02;0,0;0,0;-0,31;-0,28;-0,45;-0,42;-0,01;0,0;-0,02;0,0;-0,01;0,0;0,0;0,0;-0,02;0,0;0,0;0,0;0,0;0,0;0,0;0,0;-0,07;-0,04;0,0;0,0;-0,01;0,0;-0,03;0,0;-0,02;0,0;-0,01;0,0;-0,01;0,0;-0,02;0,0;-0,01;0,0;-0,03;0,0;0,0;0,0;-0,03;0,0;-0,02;0,0;-0,02;0,0
21.08.2026;14:45;15:00;0,84;0,21;-0,26;-0,09;-0,05;-0,01;0,0;0,0;-0,03;0,0;-0,15;-0,11;-0,01;0,0;-0,01;0,0;-0,01;0,0;0,0;0,0;-0,07;-0,03;0,0;0,0;-0,01;0,0;0,0;0,0;-0,12;-0,08;0,0;0,0;0,0;0,0;-0,04;0,0;-0,03;0,0;-0,01;0,0;-0,01;0,0;-0,02;0,0;-0,01;0,0;-0,07;-0,03;0,0;0,0;-0,03;0,0;-0,02;0,0;-0,02;0,0
21.08.2026;15:00;15:15;1,14;0,38;-0,25;0,0;-0,05;0,0;0,0;0,0;-0,03;0,0;-0,13;-0,05;0,0;0,0;-0,02;0,0;-0,02;0,0;0,0;0,0;-0,03;0,0;0,0;0,0;-0,02;0,0;0,0;0,0;-0,03;0,0;0,0;0,0;0,0;0,0;-0,03;0,0;-0,04;0,0;-0,01;0,0;0,0;0,0;-0,01;0,0;-0,01;0,0;-0,07;0,0;0,0;0,0;-0,02;0,0;-0,01;0,0;-0,03;0,0
21.08.2026;15:15;15:30;0,71;0,21;-0,18;-0,05;-0,04;-0,01;0,0;0,0;-0,02;0,0;-0,26;-0,23;-0,01;0,0;-0,02;0,0;-0,02;0,0;0,0;0,0;-0,01;0,0;0,0;0,0;-0,01;0,0;0,0;0,0;-0,01;0,0;0,0;0,0;-0,01;0,0;-0,01;0,0;-0,02;0,0;-0,01;0,0;-0,02;0,0;-0,02;0,0;-0,01;0,0;-0,06;-0,03;0,0;0,0;-0,03;0,0;-0,03;0,0;-0,02;0,0
21.08.2026;15:30;15:45;0,75;0,2;-0,19;-0,05;-0,05;-0,02;-0,01;0,0;-0,03;0,0;-0,25;-0,22;-0,01;0,0;-0,02;0,0;-0,01;0,0;0,0;0,0;-0,02;0,0;0,0;0,0;-0,01;0,0;0,0;0,0;-0,04;-0,01;0,0;0,0;-0,01;0,0;-0,02;0,0;-0,02;0,0;-0,02;0,0;-0,01;0,0;-0,01;0,0;-0,01;0,0;-0,03;0,0;-0,01;0,0;-0,02;0,0;-0,03;0,0;-0,02;0,0
21.08.2026;15:45;16:00;1,1;0,29;-0,19;0,0;-0,05;0,0;0,0;0,0;-0,02;0,0;-0,12;-0,04;-0,01;0,0;-0,02;0,0;-0,02;0,0;0,0;0,0;-0,02;0,0;0,0;0,0;-0,42;-0,34;0,0;0,0;-0,07;0,0;0,0;0,0;-0,02;0,0;-0,01;0,0;-0,01;0,0;-0,02;0,0;0,0;0,0;-0,02;0,0;-0,01;0,0;-0,07;0,0;0,0;0,0;-0,03;0,0;-0,04;0,0;-0,02;0,0
21.08.2026;16:00;16:15;0,93;0,22;-0,19;-0,02;-0,05;0,0;0,0;0,0;-0,03;0,0;-0,11;-0,06;-0,01;0,0;-0,02;0,0;-0,02;0,0;-0,01;0,0;-0,03;0,0;0,0;0,0;-0,58;-0,53;0,0;0,0;-0,07;-0,02;0,0;0,0;-0,01;0,0;-0,02;0,0;-0,02;0,0;-0,02;0,0;-0,01;0,0;-0,01;0,0;-0,01;0,0;-0,06;-0,01;0,0;0,0;-0,02;0,0;-0,02;0,0;-0,03;0,0
21.08.2026;16:15;16:30;0,31;0,11;-0,18;-0,16;-0,04;-0,03;0,0;0,0;-0,02;-0,01;-0,1;-0,09;-0,01;0,0;-0,02;-0,01;-0,02;-0,01;0,0;0,0;-0,03;-0,02;0,0;0,0;-0,06;-0,05;0,0;0,0;-0,07;-0,06;0,0;0,0;-0,01;0,0;-0,03;-0,02;0,0;0,0;-0,15;-0,14;-0,01;0,0;-0,02;-0,01;0,0;0,0;-0,06;-0,05;0,0;0,0;-0,03;-0,02;-0,03;-0,02;-0,02;-0,01
21.08.2026;16:30;16:45;0,23;0,17;-0,2;-0,14;-0,04;-0,04;0,0;0,0;-0,03;-0,03;-0,11;-0,11;0,0;0,0;-0,01;-0,01;-0,02;-0,02;0,0;0,0;-0,03;-0,03;0,0;0,0;-0,05;-0,05;-0,01;-0,01;-0,07;-0,07;0,0;0,0;-0,01;-0,01;-0,02;-0,02;-0,23;-0,23;-0,14;-0,14;-0,01;-0,01;0,0;0,0;-0,01;-0,01;-0,07;-0,07;0,0;0,0;-0,03;-0,03;-0,01;-0,01;-0,02;-0,02
21.08.2026;16:45;17:00;0,25;0,18;-0,18;-0,11;-0,06;-0,06;0,0;0,0;-0,03;-0,03;-0,11;-0,11;-0,02;-0,02;-0,02;-0,02;-0,01;-0,01;0,0;0,0;-0,03;-0,03;0,0;0,0;-0,04;-0,04;0,0;0,0;-0,08;-0,08;-0,01;-0,01;0,0;0,0;-0,03;-0,03;-0,16;-0,16;-0,03;-0,03;-0,01;-0,01;-0,01;-0,01;-0,01;-0,01;-0,11;-0,11;0,0;0,0;-0,02;-0,02;-0,01;-0,01;-0,02;-0,02
21.08.2026;17:00;17:15;0,09;0,09;-0,2;-0,2;-0,04;-0,04;0,0;0,0;-0,03;-0,03;-0,09;-0,09;0,0;0,0;-0,02;-0,02;-0,01;-0,01;0,0;0,0;-0,03;-0,03;0,0;0,0;-0,03;-0,03;0,0;0,0;-0,06;-0,06;0,0;0,0;0,0;0,0;-0,02;-0,02;-0,07;-0,07;-0,03;-0,03;0,0;0,0;-0,01;-0,01;-0,01;-0,01;-0,1;-0,1;0,0;0,0;-0,03;-0,03;-0,01;-0,01;-0,03;-0,03
21.08.2026;17:15;17:30;0,0;0,0;-0,28;-0,28;-0,04;-0,04;0,0;0,0;-0,02;-0,02;-0,1;-0,1;-0,01;-0,01;-0,02;-0,02;-0,02;-0,02;0,0;0,0;-0,03;-0,03;0,0;0,0;0,0;0,0;0,0;0,0;-0,17;-0,17;0,0;0,0;-0,01;-0,01;-0,03;-0,03;-0,03;-0,03;-0,03;-0,03;-0,01;-0,01;-0,02;-0,02;-0,01;-0,01;-0,13;-0,13;0,0;0,0;-0,01;-0,01;-0,01;-0,01;-0,01;-0,01
21.08.2026;17:30;17:45;0,0;0,0;-0,36;-0,36;-0,04;-0,04;0,0;0,0;-0,01;-0,01;-0,17;-0,17;-0,01;-0,01;-0,02;-0,02;-0,02;-0,02;0,0;0,0;-0,03;-0,03;0,0;0,0;-0,02;-0,02;0,0;0,0;-0,07;-0,07;0,0;0,0;-0,02;-0,02;-0,05;-0,05;-0,03;-0,03;-0,03;-0,03;-0,01;-0,01;-0,06;-0,06;-0,01;-0,01;-0,17;-0,17;-0,01;-0,01;-0,02;-0,02;-0,01;-0,01;-0,01;-0,01
21.08.2026;17:45;18:00;0,0;0,0;-0,28;-0,28;-0,1;-0,1;0,0;0,0;-0,01;-0,01;-0,07;-0,07;-0,02;-0,02;0,0;0,0;-0,01;-0,01;0,0;0,0;-0,02;-0,02;0,0;0,0;-0,02;-0,02;0,0;0,0;-0,08;-0,08;0,0;0,0;-0,02;-0,02;-0,07;-0,07;-0,03;-0,03;0,0;0,0;-0,01;-0,01;-0,31;-0,31;-0,01;-0,01;-0,16;-0,16;0,0;0,0;-0,01;-0,01;-0,01;-0,01;-0,02;-0,02
21.08.2026;18:00;18:15;0,03;0,03;-0,19;-0,19;-0,05;-0,05;0,0;0,0;-0,01;-0,01;-0,06;-0,06;-0,05;-0,05;-0,01;-0,01;-0,01;-0,01;0,0;0,0;-0,03;-0,03;-0,01;-0,01;0,0;0,0;0,0;0,0;-0,06;-0,06;0,0;0,0;-0,14;-0,14;-0,07;-0,07;-0,03;-0,03;-0,01;-0,01;-0,01;-0,01;-0,03;-0,03;-0,01;-0,01;-0,12;-0,12;0,0;0,0;-0,01;-0,01;0,0;0,0;-0,03;-0,03
21.08.2026;18:15;18:30;0,01;0,01;-0,29;-0,29;-0,08;-0,08;0,0;0,0;-0,02;-0,02;-0,08;-0,08;-0,2;-0,2;-0,03;-0,03;-0,02;-0,02;0,0;0,0;-0,01;-0,01;0,0;0,0;-0,01;-0,01;0,0;0,0;-0,07;-0,07;0,0;0,0;-0,05;-0,05;-0,06;-0,06;-0,33;-0,33;0,0;0,0;0,0;0,0;-0,03;-0,03;0,0;0,0;-0,07;-0,07;0,0;0,0;-0,01;-0,01;0,0;0,0;-0,02;-0,02
21.08.2026;18:30;18:45;0,0;0,0;-0,2;-0,2;-0,06;-0,06;0,0;0,0;-0,02;-0,02;-0,12;-0,12;-0,12;-0,12;-0,04;-0,04;-0,01;-0,01;0,0;0,0;-0,01;-0,01;0,0;0,0;0,0;0,0;-0,01;-0,01;-0,07;-0,07;0,0;0,0;-0,03;-0,03;-0,07;-0,07;-0,53;-0,53;-0,02;-0,02;-0,01;-0,01;-0,1;-0,1;-0,02;-0,02;-0,1;-0,1;0,0;0,0;-0,01;-0,01;-0,01;-0,01;-0,02;-0,02
21.08.2026;18:45;19:00;0,0;0,0;-0,28;-0,28;-0,08;-0,08;0,0;0,0;-0,04;-0,04;-0,1;-0,1;-0,24;-0,24;-0,61;-0,61;-0,01;-0,01;0,0;0,0;-0,01;-0,01;0,0;0,0;-0,02;-0,02;0,0;0,0;-0,08;-0,08;0,0;0,0;-0,03;-0,03;-0,07;-0,07;-0,09;-0,09;-0,03;-0,03;-0,01;-0,01;-0,03;-0,03;-0,01;-0,01;-0,06;-0,06;0,0;0,0;-0,02;-0,02;-0,01;-0,01;-0,02;-0,02
21.08.2026;19:00;19:15;0,0;0,0;-0,32;-0,32;-0,04;-0,04;-0,01;-0,01;-0,08;-0,08;-0,1;-0,1;-0,13;-0,13;-0,47;-0,47;-0,02;-0,02;0,0;0,0;-0,01;-0,01;0,0;0,0;-0,01;-0,01;-0,12;-0,12;-0,08;-0,08;0,0;0,0;-0,03;-0,03;-0,06;-0,06;-0,06;-0,06;-0,03;-0,03;-0,01;-0,01;-0,32;-0,32;-0,01;-0,01;-0,05;-0,05;0,0;0,0;-0,02;-0,02;0,0;0,0;-0,01;-0,01
21.08.2026;19:15;19:30;0,0;0,0;-0,28;-0,28;-0,04;-0,04;0,0;0,0;-0,08;-0,08;-0,11;-0,11;-0,03;-0,03;-0,62;-0,62;-0,01;-0,01;0,0;0,0;-0,01;-0,01;0,0;0,0;-0,01;-0,01;-0,1;-0,1;-0,21;-0,21;-0,01;-0,01;-0,03;-0,03;-0,07;-0,07;-0,07;-0,07;-0,11;-0,11;-0,01;-0,01;-0,66;-0,66;0,0;0,0;-0,05;-0,05;0,0;0,0;-0,03;-0,03;0,0;0,0;-0,03;-0,03
21.08.2026;19:30;19:45;0,0;0,0;-0,47;-0,47;-0,05;-0,05;0,0;0,0;-0,04;-0,04;-0,07;-0,07;-0,05;-0,05;-0,3;-0,3;0,0;0,0;0,0;0,0;-0,01;-0,01;0,0;0,0;0,0;0,0;-0,03;-0,03;-0,1;-0,1;0,0;0,0;-0,03;-0,03;-0,05;-0,05;-0,04;-0,04;-0,05;-0,05;-0,01;-0,01;-0,1;-0,1;-0,01;-0,01;-0,05;-0,05;-0,01;-0,01;-0,17;-0,17;-0,01;-0,01;-0,02;-0,02
21.08.2026;19:45;20:00;0,0;0,0;-0,38;-0,38;-0,06;-0,06;0,0;0,0;-0,06;-0,06;-0,06;-0,06;-0,07;-0,07;-0,11;-0,11;0,0;0,0;0,0;0,0;-0,01;-0,01;0,0;0,0;-0,01;-0,01;-0,04;-0,04;-0,05;-0,05;0,0;0,0;-0,03;-0,03;-0,06;-0,06;-0,03;-0,03;-0,05;-0,05;-0,01;-0,01;-0,4;-0,4;-0,01;-0,01;-0,08;-0,08;0,0;0,0;-0,06;-0,06;-0,01;-0,01;-0,03;-0,03
21.08.2026;20:00;20:15;0,0;0,0;-0,29;-0,29;-0,03;-0,03;0,0;0,0;-0,06;-0,06;-0,08;-0,08;-0,07;-0,07;-0,12;-0,12;-0,01;-0,01;0,0;0,0;-0,02;-0,02;0,0;0,0;-0,02;-0,02;-0,03;-0,03;-0,04;-0,04;0,0;0,0;-0,01;-0,01;-0,05;-0,05;-0,05;-0,05;-0,04;-0,04;-0,01;-0,01;-0,07;-0,07;-0,01;-0,01;-0,05;-0,05;0,0;0,0;-0,04;-0,04;-0,01;-0,01;-0,06;-0,06
21.08.2026;20:15;20:30;0,0;0,0;-0,36;-0,36;-0,04;-0,04;0,0;0,0;-0,07;-0,07;-0,08;-0,08;-0,07;-0,07;-0,12;-0,12;-0,02;-0,02;0,0;0,0;-0,01;-0,01;0,0;0,0;-0,01;-0,01;-0,04;-0,04;-0,1;-0,1;0,0;0,0;-0,01;-0,01;-0,03;-0,03;-0,04;-0,04;-0,03;-0,03;-0,01;-0,01;-0,06;-0,06;-0,01;-0,01;-0,05;-0,05;0,0;0,0;-0,04;-0,04;-0,01;-0,01;-0,05;-0,05
21.08.2026;20:30;20:45;0,0;0,0;-0,22;-0,22;-0,03;-0,03;0,0;0,0;-0,04;-0,04;-0,04;-0,04;-0,04;-0,04;-0,08;-0,08;-0,02;-0,02;0,0;0,0;-0,01;-0,01;0,0;0,0;0,0;0,0;-0,02;-0,02;-0,04;-0,04;0,0;0,0;-0,01;-0,01;-0,03;-0,03;-0,03;-0,03;0,0;0,0;0,0;0,0;-0,03;-0,03;-0,01;-0,01;-0,03;-0,03;0,0;0,0;-0,04;-0,04;0,0;0,0;-0,02;-0,02
21.08.2026;20:45;21:00;0,0;0,0;-0,35;-0,35;-0,02;-0,02;0,0;0,0;-0,03;-0,03;-0,01;-0,01;-0,04;-0,04;-0,05;-0,05;-0,01;-0,01;0,0;0,0;-0,03;-0,03;0,0;0,0;-0,01;-0,01;-0,01;-0,01;-0,06;-0,06;0,0;0,0;0,0;0,0;-0,02;-0,02;-0,07;-0,07;-0,03;-0,03;-0,01;-0,01;-0,02;-0,02;0,0;0,0;-0,06;-0,06;0,0;0,0;-0,03;-0,03;0,0;0,0;-0,01;-0,01
21.08.2026;21:00;21:15;0,0;0,0;-0,25;-0,25;-0,03;-0,03;0,0;0,0;-0,05;-0,05;-0,02;-0,02;-0,03;-0,03;-0,12;-0,12;-0,01;-0,01;0,0;0,0;-0,02;-0,02;0,0;0,0;0,0;0,0;0,0;0,0;-0,03;-0,03;0,0;0,0;-0,01;-0,01;-0,03;-0,03;-0,02;-0,02;-0,01;-0,01;-0,01;-0,01;-0,06;-0,06;-0,01;-0,01;-0,02;-0,02;0,0;0,0;-0,03;-0,03;-0,01;-0,01;-0,04;-0,04
21.08.2026;21:15;21:30;0,0;0,0;-0,22;-0,22;-0,04;-0,04;0,0;0,0;-0,04;-0,04;-0,05;-0,05;-0,04;-0,04;-0,33;-0,33;-0,01;-0,01;-0,01;-0,01;-0,02;-0,02;0,0;0,0;-0,02;-0,02;0,0;0,0;-0,02;-0,02;0,0;0,0;-0,02;-0,02;-0,06;-0,06;0,0;0,0;-0,05;-0,05;-0,01;-0,01;-0,05;-0,05;-0,02;-0,02;-0,03;-0,03;0,0;0,0;-0,04;-0,04;-0,01;-0,01;-0,05;-0,05
21.08.2026;21:30;21:45;0,0;0,0;-0,21;-0,21;-0,02;-0,02;0,0;0,0;-0,05;-0,05;-0,06;-0,06;-0,03;-0,03;-0,14;-0,14;-0,01;-0,01;0,0;0,0;-0,01;-0,01;0,0;0,0;-0,01;-0,01;0,0;0,0;-0,02;-0,02;0,0;0,0;-0,01;-0,01;-0,04;-0,04;-0,02;-0,02;-0,04;-0,04;-0,01;-0,01;-0,08;-0,08;0,0;0,0;-0,01;-0,01;0,0;0,0;-0,03;-0,03;0,0;0,0;-0,05;-0,05
21.08.2026;21:45;22:00;0,0;0,0;-0,28;-0,28;-0,03;-0,03;0,0;0,0;-0,04;-0,04;-0,06;-0,06;-0,04;-0,04;-0,15;-0,15;-0,03;-0,03;0,0;0,0;-0,02;-0,02;0,0;0,0;-0,01;-0,01;0,0;0,0;-0,02;-0,02;0,0;0,0;0,0;0,0;-0,02;-0,02;-0,01;-0,01;-0,07;-0,07;0,0;0,0;-0,15;-0,15;-0,01;-0,01;-0,01;-0,01;-0,01;-0,01;-0,04;-0,04;-0,01;-0,01;-0,02;-0,02
21.08.2026;22:00;22:15;0,0;0,0;-0,2;-0,2;-0,03;-0,03;0,0;0,0;-0,04;-0,04;-0,09;-0,09;-0,03;-0,03;-0,13;-0,13;-0,01;-0,01;0,0;0,0;-0,01;-0,01;0,0;0,0;0,0;0,0;-0,01;-0,01;-0,02;-0,02;-0,01;-0,01;0,0;0,0;-0,03;-0,03;-0,01;-0,01;-0,3;-0,3;-0,01;-0,01;-0,22;-0,22;-0,02;-0,02;-0,01;-0,01;0,0;0,0;-0,05;-0,05;0,0;0,0;-0,03;-0,03
21.08.2026;22:15;22:30;0,0;0,0;-0,22;-0,22;-0,04;-0,04;0,0;0,0;-0,05;-0,05;-0,11;-0,11;-0,04;-0,04;-0,1;-0,1;-0,02;-0,02;0,0;0,0;-0,01;-0,01;0,0;0,0;-0,01;-0,01;0,0;0,0;-0,03;-0,03;0,0;0,0;-0,01;-0,01;-0,02;-0,02;-0,01;-0,01;-0,06;-0,06;-0,01;-0,01;-0,22;-0,22;0,0;0,0;-0,02;-0,02;0,0;0,0;-0,03;-0,03;-0,01;-0,01;-0,05;-0,05
21.08.2026;22:30;22:45;0,0;0,0;-0,32;-0,32;-0,01;-0,01;-0,01;-0,01;-0,04;-0,04;-0,1;-0,1;-0,04;-0,04;-0,11;-0,11;0,0;0,0;0,0;0,0;-0,01;-0,01;0,0;0,0;-0,01;-0,01;0,0;0,0;-0,03;-0,03;0,0;0,0;-0,01;-0,01;-0,04;-0,04;-0,02;-0,02;-0,05;-0,05;-0,01;-0,01;-0,12;-0,12;-0,01;-0,01;-0,01;-0,01;0,0;0,0;-0,04;-0,04;-0,01;-0,01;-0,04;-0,04
21.08.2026;22:45;23:00;0,0;0,0;-0,25;-0,25;-0,02;-0,02;0,0;0,0;-0,05;-0,05;-0,09;-0,09;-0,04;-0,04;-0,11;-0,11;-0,01;-0,01;0,0;0,0;-0,02;-0,02;0,0;0,0;-0,02;-0,02;0,0;0,0;-0,02;-0,02;0,0;0,0;-0,01;-0,01;-0,05;-0,05;-0,01;-0,01;-0,04;-0,04;-0,01;-0,01;-0,09;-0,09;-0,01;-0,01;-0,01;-0,01;0,0;0,0;-0,04;-0,04;0,0;0,0;-0,03;-0,03
21.08.2026;23:00;23:15;0,0;0,0;-0,24;-0,24;-0,04;-0,04;0,0;0,0;-0,06;-0,06;-0,1;-0,1;-0,01;-0,01;-0,12;-0,12;-0,01;-0,01;0,0;0,0;-0,03;-0,03;0,0;0,0;0,0;0,0;0,0;0,0;-0,02;-0,02;0,0;0,0;-0,01;-0,01;-0,05;-0,05;-0,01;-0,01;-0,07;-0,07;-0,01;-0,01;-0,49;-0,49;-0,02;-0,02;-0,02;-0,02;0,0;0,0;-0,03;-0,03;0,0;0,0;-0,03;-0,03
21.08.2026;23:15;23:30;0,0;0,0;-0,22;-0,22;-0,03;-0,03;0,0;0,0;-0,06;-0,06;-0,09;-0,09;-0,01;-0,01;-0,2;-0,2;-0,01;-0,01;0,0;0,0;-0,04;-0,04;0,0;0,0;-0,01;-0,01;0,0;0,0;-0,06;-0,06;0,0;0,0;-0,01;-0,01;-0,05;-0,05;-0,01;-0,01;-0,06;-0,06;0,0;0,0;-0,8;-0,8;-0,1;-0,1;-0,02;-0,02;0,0;0,0;-0,03;-0,03;-0,01;-0,01;-0,03;-0,03
21.08.2026;23:30;23:45;0,0;0,0;-0,2;-0,2;-0,02;-0,02;0,0;0,0;-0,05;-0,05;-0,09;-0,09;-0,01;-0,01;-0,21;-0,21;-0,01;-0,01;0,0;0,0;-0,04;-0,04;-0,01;-0,01;0,0;0,0;-0,01;-0,01;-0,07;-0,07;0,0;0,0;0,0;0,0;-0,04;-0,04;-0,02;-0,02;-0,06;-0,06;-0,01;-0,01;-0,47;-0,47;-0,01;-0,01;-0,01;-0,01;0,0;0,0;-0,02;-0,02;-0,01;-0,01;-0,04;-0,04
21.08.2026;23:45;00:00;0,0;0,0;-0,19;-0,19;-0,03;-0,03;0,0;0,0;-0,05;-0,05;-0,08;-0,08;-0,01;-0,01;-0,13;-0,13;-0,01;-0,01;0,0;0,0;-0,03;-0,03;0,0;0,0;-0,01;-0,01;0,0;0,0;-0,12;-0,12;0,0;0,0;0,0;0,0;-0,02;-0,02;-0,01;-0,01;-0,04;-0,04;-0,01;-0,01;-0,44;-0,44;-0,02;-0,02;-0,02;-0,02;-0,01;-0,01;-0,04;-0,04;0,0;0,0;-0,03;-0,03
22.08.2026;00:00;00:15;0,0;0,0;-0,2;-0,2;-0,02;-0,02;0,0;0,0;-0,04;-0,04;-0,09;-0,09;-0,01;-0,01;-0,03;-0,03;-0,01;-0,01;0,0;0,0;-0,02;-0,02;0,0;0,0;-0,02;-0,02;0,0;0,0;-0,06;-0,06;0,0;0,0;-0,01;-0,01;-0,03;-0,03;-0,01;-0,01;-0,01;-0,01;-0,01;-0,01;-0,22;-0,22;-0,03;-0,03;-0,01;-0,01;0,0;0,0;-0,02;-0,02;-0,01;-0,01;-0,01;-0,01
22.08.2026;00:15;00:30;0,0;0,0;-0,2;-0,2;-0,03;-0,03;0,0;0,0;-0,02;-0,02;-0,08;-0,08;-0,01;-0,01;-0,07;-0,07;0,0;0,0;0,0;0,0;-0,01;-0,01;0,0;0,0;-0,01;-0,01;0,0;0,0;-0,08;-0,08;0,0;0,0;-0,02;-0,02;-0,02;-0,02;-0,01;-0,01;-0,01;-0,01;-0,01;-0,01;-0,13;-0,13;-0,01;-0,01;-0,02;-0,02;0,0;0,0;-0,02;-0,02;0,0;0,0;-0,01;-0,01
22.08.2026;00:30;00:45;0,0;0,0;-0,19;-0,19;-0,02;-0,02;0,0;0,0;-0,02;-0,02;-0,06;-0,06;-0,01;-0,01;-0,06;-0,06;-0,01;-0,01;0,0;0,0;-0,01;-0,01;0,0;0,0;0,0;0,0;0,0;0,0;-0,07;-0,07;-0,01;-0,01;-0,01;-0,01;-0,03;-0,03;-0,01;-0,01;-0,01;-0,01;0,0;0,0;-0,1;-0,1;-0,01;-0,01;-0,01;-0,01;0,0;0,0;-0,03;-0,03;-0,01;-0,01;-0,02;-0,02
22.08.2026;00:45;01:00;0,0;0,0;-0,2;-0,2;-0,03;-0,03;0,0;0,0;-0,01;-0,01;-0,08;-0,08;-0,01;-0,01;-0,03;-0,03;-0,01;-0,01;0,0;0,0;-0,02;-0,02;0,0;0,0;-0,01;-0,01;0,0;0,0;-0,41;-0,41;0,0;0,0;-0,01;-0,01;-0,02;-0,02;-0,01;-0,01;-0,01;-0,01;-0,01;-0,01;-0,13;-0,13;-0,01;-0,01;-0,02;-0,02;0,0;0,0;-0,01;-0,01;0,0;0,0;-0,02;-0,02
22.08.2026;01:00;01:15;0,0;0,0;-0,25;-0,25;-0,02;-0,02;0,0;0,0;-0,01;-0,01;-0,07;-0,07;-0,01;-0,01;-0,03;-0,03;-0,01;-0,01;0,0;0,0;-0,01;-0,01;0,0;0,0;0,0;0,0;-0,01;-0,01;-0,08;-0,08;0,0;0,0;0,0;0,0;-0,03;-0,03;-0,01;-0,01;-0,01;-0,01;-0,01;-0,01;-0,09;-0,09;-0,01;-0,01;-0,01;-0,01;0,0;0,0;-0,03;-0,03;-0,01;-0,01;-0,03;-0,03
22.08.2026;01:15;01:30;0,0;0,0;-0,18;-0,18;-0,02;-0,02;0,0;0,0;-0,01;-0,01;-0,1;-0,1;-0,01;-0,01;-0,02;-0,02;-0,01;-0,01;0,0;0,0;-0,01;-0,01;0,0;0,0;-0,01;-0,01;0,0;0,0;-0,06;-0,06;0,0;0,0;0,0;0,0;-0,02;-0,02;-0,02;-0,02;-0,04;-0,04;0,0;0,0;-0,09;-0,09;-0,01;-0,01;-0,02;-0,02;0,0;0,0;-0,02;-0,02;0,0;0,0;-0,02;-0,02
22.08.2026;01:30;01:45;0,0;0,0;-0,2;-0,2;-0,02;-0,02;0,0;0,0;-0,01;-0,01;-0,08;-0,08;0,0;0,0;-0,03;-0,03;-0,01;-0,01;0,0;0,0;-0,01;-0,01;0,0;0,0;-0,02;-0,02;0,0;0,0;-0,07;-0,07;0,0;0,0;-0,01;-0,01;-0,02;-0,02;0,0;0,0;-0,2;-0,2;-0,02;-0,02;-0,08;-0,08;-0,01;-0,01;-0,01;-0,01;0,0;0,0;-0,03;-0,03;-0,01;-0,01;-0,01;-0,01
22.08.2026;01:45;02:00;0,0;0,0;-0,21;-0,21;-0,02;-0,02;-0,01;-0,01;-0,02;-0,02;-0,07;-0,07;-0,01;-0,01;-0,02;-0,02;0,0;0,0;0,0;0,0;-0,01;-0,01;0,0;0,0;-0,01;-0,01;0,0;0,0;-0,27;-0,27;0,0;0,0;-0,01;-0,01;-0,03;-0,03;-0,02;-0,02;-0,32;-0,32;0,0;0,0;-0,09;-0,09;-0,01;-0,01;-0,02;-0,02;-0,01;-0,01;-0,02;-0,02;0,0;0,0;-0,01;-0,01
22.08.2026;02:00;02:15;0,0;0,0;-0,22;-0,22;-0,03;-0,03;0,0;0,0;-0,01;-0,01;-0,02;-0,02;-0,02;-0,02;-0,02;-0,02;-0,01;-0,01;0,0;0,0;-0,01;-0,01;0,0;0,0;0,0;0,0;0,0;0,0;-0,02;-0,02;0,0;0,0;-0,01;-0,01;-0,02;-0,02;-0,01;-0,01;-0,04;-0,04;-0,01;-0,01;-0,1;-0,1;-0,01;-0,01;-0,01;-0,01;0,0;0,0;-0,02;-0,02;-0,01;-0,01;-0,03;-0,03
22.08.2026;02:15;02:30;0,0;0,0;-0,2;-0,2;-0,02;-0,02;0,0;0,0;-0,01;-0,01;-0,01;-0,01;0,0;0,0;-0,02;-0,02;-0,01;-0,01;-0,01;-0,01;-0,01;-0,01;0,0;0,0;-0,01;-0,01;0,0;0,0;-0,02;-0,02;0,0;0,0;-0,01;-0,01;-0,03;-0,03;-0,01;-0,01;-0,04;-0,04;-0,01;-0,01;-0,17;-0,17;0,0;0,0;-0,02;-0,02;0,0;0,0;-0,02;-0,02;-0,01;-0,01;-0,02;-0,02
22.08.2026;02:30;02:45;0,0;0,0;-0,19;-0,19;-0,01;-0,01;0,0;0,0;-0,01;-0,01;0,0;0,0;-0,01;-0,01;-0,02;-0,02;-0,01;-0,01;0,0;0,0;-0,01;-0,01;0,0;0,0;0,0;0,0;0,0;0,0;-0,01;-0,01;0,0;0,0;0,0;0,0;-0,02;-0,02;-0,01;-0,01;-0,03;-0,03;0,0;0,0;-0,2;-0,2;-0,02;-0,02;-0,02;-0,02;0,0;0,0;-0,02;-0,02;0,0;0,0;-0,02;-0,02
22.08.2026;02:45;03:00;0,0;0,0;-0,18;-0,18;-0,02;-0,02;0,0;0,0;-0,01;-0,01;-0,01;-0,01;-0,01;-0,01;-0,02;-0,02;0,0;0,0;0,0;0,0;-0,01;-0,01;0,0;0,0;-0,02;-0,02;-0,01;-0,01;-0,02;-0,02;0,0;0,0;0,0;0,0;-0,03;-0,03;-0,01;-0,01;-0,01;-0,01;-0,01;-0,01;-0,12;-0,12;-0,01;-0,01;-0,01;-0,01;0,0;0,0;-0,02;-0,02;0,0;0,0;-0,03;-0,03
22.08.2026;03:00;03:15;0,0;0,0;-0,18;-0,18;-0,03;-0,03;0,0;0,0;-0,01;-0,01;-0,01;-0,01;-0,01;-0,01;-0,02;-0,02;-0,01;-0,01;0,0;0,0;-0,01;-0,01;0,0;0,0;-0,01;-0,01;0,0;0,0;-0,01;-0,01;-0,01;-0,01;-0,01;-0,01;-0,02;-0,02;-0,01;-0,01;-0,01;-0,01;-0,01;-0,01;-0,04;-0,04;-0,01;-0,01;-0,01;-0,01;0,0;0,0;-0,01;-0,01;-0,01;-0,01;-0,01;-0,01
22.08.2026;03:15;03:30;0,0;0,0;-0,18;-0,18;-0,02;-0,02;0,0;0,0;-0,02;-0,02;-0,01;-0,01;-0,01;-0,01;-0,02;-0,02;-0,01;-0,01;0,0;0,0;-0,01;-0,01;0,0;0,0;-0,01;-0,01;0,0;0,0;-0,01;-0,01;0,0;0,0;-0,01;-0,01;-0,02;-0,02;-0,01;-0,01;-0,01;-0,01;-0,01;-0,01;-0,02;-0,02;-0,01;-0,01;-0,02;-0,02;0,0;0,0;-0,01;-0,01;-0,01;-0,01;-0,01;-0,01
22.08.2026;03:30;03:45;0,0;0,0;-0,17;-0,17;-0,04;-0,04;0,0;0,0;-0,01;-0,01;-0,01;-0,01;0,0;0,0;-0,02;-0,02;-0,01;-0,01;0,0;0,0;-0,01;-0,01;0,0;0,0;0,0;0,0;0,0;0,0;-0,02;-0,02;0,0;0,0;-0,02;-0,02;-0,01;-0,01;-0,01;-0,01;-0,01;-0,01;-0,01;-0,01;-0,01;-0,01;-0,01;-0,01;-0,01;-0,01;0,0;0,0;-0,01;-0,01;0,0;0,0;-0,02;-0,02
22.08.2026;03:45;04:00;0,0;0,0;-0,17;-0,17;-0,04;-0,04;0,0;0,0;-0,01;-0,01;0,0;0,0;-0,01;-0,01;-0,01;-0,01;-0,01;-0,01;0,0;0,0;-0,01;-0,01;0,0;0,0;0,0;0,0;0,0;0,0;-0,02;-0,02;0,0;0,0;-0,01;-0,01;-0,01;-0,01;-0,01;-0,01;-0,01;-0,01;-0,01;-0,01;-0,02;-0,02;-0,01;-0,01;-0,02;-0,02;-0,01;-0,01;-0,02;-0,02;0,0;0,0;-0,02;-0,02
22.08.2026;04:00;04:15;0,0;0,0;-0,17;-0,17;-0,04;-0,04;0,0;0,0;-0,01;-0,01;-0,01;-0,01;-0,01;-0,01;-0,01;-0,01;0,0;0,0;0,0;0,0;-0,01;-0,01;0,0;0,0;-0,02;-0,02;0,0;0,0;-0,01;-0,01;0,0;0,0;0,0;0,0;-0,02;-0,02;-0,01;-0,01;0,0;0,0;0,0;0,0;-0,01;-0,01;-0,02;-0,02;-0,01;-0,01;0,0;0,0;0,0;0,0;-0,01;-0,01;-0,02;-0,02
22.08.2026;04:15;04:30;0,0;0,0;-0,17;-0,17;-0,03;-0,03;0,0;0,0;-0,01;-0,01;-0,01;-0,01;-0,01;-0,01;-0,02;-0,02;-0,01;-0,01;0,0;0,0;-0,01;-0,01;0,0;0,0;-0,02;-0,02;-0,01;-0,01;-0,01;-0,01;0,0;0,0;0,0;0,0;-0,01;-0,01;-0,01;-0,01;-0,01;-0,01;-0,02;-0,02;-0,01;-0,01;-0,02;-0,02;-0,02;-0,02;0,0;0,0;-0,02;-0,02;-0,01;-0,01;-0,03;-0,03
22.08.2026;04:30;04:45;0,0;0,0;-0,18;-0,18;-0,03;-0,03;0,0;0,0;-0,01;-0,01;0,0;0,0;0,0;0,0;-0,02;-0,02;-0,01;-0,01;0,0;0,0;-0,01;-0,01;-0,01;-0,01;0,0;0,0;0,0;0,0;-0,01;-0,01;0,0;0,0;0,0;0,0;-0,03;-0,03;-0,01;-0,01;-0,01;-0,01;0,0;0,0;-0,01;-0,01;-0,04;-0,04;-0,01;-0,01;0,0;0,0;-0,01;-0,01;0,0;0,0;-0,02;-0,02
22.08.2026;04:45;05:00;0,0;0,0;-0,17;-0,17;-0,02;-0,02;0,0;0,0;-0,02;-0,02;-0,01;-0,01;-0,02;-0,02;-0,02;-0,02;-0,01;-0,01;0,0;0,0;-0,01;-0,01;0,0;0,0;-0,01;-0,01;0,0;0,0;-0,02;-0,02;0,0;0,0;-0,02;-0,02;-0,02;-0,02;-0,01;-0,01;-0,02;-0,02;-0,01;-0,01;-0,02;-0,02;-0,01;-0,01;-0,02;-0,02;0,0;0,0;-0,02;-0,02;0,0;0,0;-0,01;-0,01
22.08.2026;05:00;05:15;0,0;0,0;-0,17;-0,17;-0,02;-0,02;-0,01;-0,01;-0,01;-0,01;-0,01;-0,01;0,0;0,0;-0,02;-0,02;0,0;0,0;0,0;0,0;-0,01;-0,01;0,0;0,0;0,0;0,0;0,0;0,0;-0,01;-0,01;0,0;0,0;-0,01;-0,01;-0,03;-0,03;-0,01;-0,01;-0,01;-0,01;-0,01;-0,01;-0,01;-0,01;-0,02;-0,02;-0,01;-0,01;0,0;0,0;-0,03;-0,03;-0,01;-0,01;-0,01;-0,01
22.08.2026;05:15;05:30;0,0;0,0;-0,27;-0,27;-0,02;-0,02;0,0;0,0;0,0;0,0;-0,01;-0,01;-0,01;-0,01;-0,02;-0,02;-0,01;-0,01;0,0;0,0;-0,01;-0,01;0,0;0,0;-0,01;-0,01;0,0;0,0;-0,01;-0,01;0,0;0,0;-0,01;-0,01;-0,02;-0,02;-0,02;-0,02;-0,01;-0,01;0,0;0,0;-0,02;-0,02;-0,02;-0,02;-0,02;-0,02;0,0;0,0;-0,02;-0,02;-0,01;-0,01;-0,02;-0,02
22.08.2026;05:30;05:45;0,0;0,0;-0,2;-0,2;-0,03;-0,03;0,0;0,0;-0,02;-0,02;-0,01;-0,01;-0,01;-0,01;-0,02;-0,02;-0,01;-0,01;0,0;0,0;-0,01;-0,01;0,0;0,0;-0,02;-0,02;0,0;0,0;-0,02;-0,02;-0,01;-0,01;0,0;0,0;-0,03;-0,03;0,0;0,0;0,0;0,0;-0,02;-0,02;-0,01;-0,01;-0,01;-0,01;-0,01;-0,01;0,0;0,0;-0,02;-0,02;0,0;0,0;-0,03;-0,03
22.08.2026;05:45;06:00;0,0;0,0;-0,18;-0,18;-0,02;-0,02;0,0;0,0;-0,01;-0,01;0,0;0,0;-0,01;-0,01;-0,02;-0,02;-0,01;-0,01;0,0;0,0;-0,01;-0,01;0,0;0,0;-0,01;-0,01;0,0;0,0;-0,01;-0,01;0,0;0,0;0,0;0,0;-0,03;-0,03;-0,02;-0,02;-0,01;-0,01;0,0;0,0;-0,01;-0,01;-0,01;-0,01;-0,02;-0,02;-0,01;-0,01;-0,02;-0,02;0,0;0,0;-0,02;-0,02
22.08.2026;06:00;06:15;0,01;0,01;-0,18;-0,18;-0,07;-0,07;0,0;0,0;-0,02;-0,02;-0,01;-0,01;0,0;0,0;-0,02;-0,02;0,0;0,0;0,0;0,0;-0,01;-0,01;0,0;0,0;0,0;0,0;-0,01;-0,01;-0,01;-0,01;0,0;0,0;-0,01;-0,01;-0,03;-0,03;-0,01;-0,01;-0,01;-0,01;-0,01;-0,01;-0,01;-0,01;-0,01;-0,01;-0,01;-0,01;0,0;0,0;-0,03;-0,03;-0,01;-0,01;-0,02;-0,02
22.08.2026;06:15;06:30;0,01;0,01;-0,17;-0,17;-0,06;-0,06;0,0;0,0;-0,01;-0,01;-0,01;-0,01;-0,02;-0,02;-0,02;-0,02;-0,01;-0,01;0,0;0,0;-0,01;-0,01;0,0;0,0;0,0;0,0;0,0;0,0;-0,02;-0,02;0,0;0,0;-0,01;-0,01;-0,02;-0,02;0,0;0,0;0,0;0,0;-0,01;-0,01;-0,01;-0,01;-0,01;-0,01;-0,02;-0,02;0,0;0,0;-0,01;-0,01;-0,01;-0,01;-0,02;-0,02
22.08.2026;06:30;06:45;0,01;0,01;-0,18;-0,18;-0,03;-0,03;0,0;0,0;0,0;0,0;-0,01;-0,01;-0,01;-0,01;-0,01;-0,01;-0,01;-0,01;0,0;0,0;0,0;0,0;0,0;0,0;-0,01;-0,01;0,0;0,0;-0,01;-0,01;0,0;0,0;-0,01;-0,01;-0,02;-0,02;-0,02;-0,02;-0,01;-0,01;0,0;0,0;-0,04;-0,04;-0,01;-0,01;-0,01;-0,01;0,0;0,0;-0,02;-0,02;0,0;0,0;-0,02;-0,02
22.08.2026;06:45;07:00;0,01;0,01;-0,18;-0,18;-0,16;-0,16;0,0;0,0;-0,01;-0,01;0,0;0,0;0,0;0,0;-0,02;-0,02;-0,01;-0,01;0,0;0,0;-0,02;-0,02;0,0;0,0;-0,02;-0,02;0,0;0,0;-0,01;-0,01;0,0;0,0;-0,02;-0,02;-0,11;-0,11;-0,01;-0,01;-0,01;-0,01;-0,02;-0,02;-0,04;-0,04;-0,01;-0,01;-0,01;-0,01;0,0;0,0;-0,01;-0,01;0,0;0,0;-0,01;-0,01
22.08.2026;07:00;07:15;0,01;0,01;-0,19;-0,19;-0,03;-0,03;0,0;0,0;-0,02;-0,02;-0,01;-0,01;-0,01;-0,01;-0,02;-0,02;0,0;0,0;0,0;0,0;-0,01;-0,01;0,0;0,0;-0,01;-0,01;0,0;0,0;-0,02;-0,02;0,0;0,0;0,0;0,0;-0,02;-0,02;0,0;0,0;-0,01;-0,01;0,0;0,0;-0,01;-0,01;-0,01;-0,01;-0,02;-0,02;0,0;0,0;-0,02;-0,02;-0,01;-0,01;-0,02;-0,02
22.08.2026;07:15;07:30;0,03;0,03;-0,25;-0,25;-0,04;-0,04;0,0;0,0;-0,02;-0,02;-0,01;-0,01;-0,01;-0,01;-0,02;-0,02;-0,01;-0,01;-0,01;-0,01;-0,01;-0,01;0,0;0,0;0,0;0,0;0,0;0,0;-0,01;-0,01;0,0;0,0;0,0;0,0;-0,02;-0,02;-0,02;-0,02;-0,01;-0,01;-0,01;-0,01;-0,02;-0,02;-0,01;-0,01;-0,01;-0,01;0,0;0,0;0,0;0,0;-0,01;-0,01;-0,02;-0,02
22.08.2026;07:30;07:45;0,08;0,08;-0,17;-0,17;-0,04;-0,04;0,0;0,0;-0,01;-0,01;-0,01;-0,01;0,0;0,0;0,0;0,0;-0,01;-0,01;0,0;0,0;0,0;0,0;0,0;0,0;-0,01;-0,01;0,0;0,0;-0,01;-0,01;0,0;0,0;0,0;0,0;-0,02;-0,02;-0,01;-0,01;-0,01;-0,01;-0,01;-0,01;-0,01;-0,01;-0,01;-0,01;-0,01;-0,01;0,0;0,0;-0,01;-0,01;0,0;0,0;-0,02;-0,02
22.08.2026;07:45;08:00;0,17;0,12;-0,18;-0,13;-0,01;-0,01;0,0;0,0;0,0;0,0;-0,01;-0,01;-0,01;-0,01;-0,02;-0,02;0,0;0,0;0,0;0,0;-0,02;-0,02;0,0;0,0;-0,01;-0,01;0,0;0,0;-0,02;-0,02;0,0;0,0;-0,01;-0,01;-0,03;-0,03;-0,01;-0,01;0,0;0,0;0,0;0,0;-0,02;-0,02;-0,01;-0,01;-0,03;-0,03;-0,01;-0,01;-0,01;-0,01;0,0;0,0;-0,03;-0,03
22.08.2026;08:00;08:15;0,16;0,11;-0,18;-0,13;-0,02;-0,02;0,0;0,0;-0,02;-0,02;0,0;0,0;-0,01;-0,01;-0,02;-0,02;-0,01;-0,01;0,0;0,0;-0,01;-0,01;0,0;0,0;-0,01;-0,01;0,0;0,0;-0,03;-0,03;-0,01;-0,01;-0,02;-0,02;-0,02;-0,02;-0,01;-0,01;-0,01;-0,01;-0,01;-0,01;-0,01;-0,01;-0,01;-0,01;-0,01;-0,01;0,0;0,0;-0,01;-0,01;-0,01;-0,01;-0,01;-0,01
22.08.2026;08:15;08:30;0,03;0,03;-0,2;-0,2;-0,04;-0,04;0,0;0,0;-0,27;-0,27;-0,01;-0,01;-0,01;-0,01;-0,02;-0,02;-0,01;-0,01;0,0;0,0;0,0;0,0;0,0;0,0;-0,02;-0,02;0,0;0,0;-0,02;-0,02;0,0;0,0;-0,02;-0,02;-0,03;-0,03;-0,14;-0,14;-0,01;-0,01;-0,01;-0,01;-0,02;-0,02;-0,01;-0,01;-0,04;-0,04;0,0;0,0;-0,01;-0,01;-0,01;-0,01;-0,01;-0,01
22.08.2026;08:30;08:45;0,0;0,0;-0,21;-0,21;-0,03;-0,03;-0,01;-0,01;-0,05;-0,05;-0,01;-0,01;-0,01;-0,01;-0,02;-0,02;-0,01;-0,01;0,0;0,0;-0,01;-0,01;0,0;0,0;0,0;0,0;0,0;0,0;0,0;0,0;0,0;0,0;0,0;0,0;-0,02;-0,02;-0,17;-0,17;-0,01;-0,01;-0,01;-0,01;-0,09;-0,09;0,0;0,0;-0,08;-0,08;0,0;0,0;-0,01;-0,01;0,0;0,0;-0,04;-0,04
22.08.2026;08:45;09:00;0,0;0,0;-0,26;-0,26;-0,04;-0,04;0,0;0,0;-0,04;-0,04;0,0;0,0;-0,01;-0,01;-0,02;-0,02;0,0;0,0;0,0;0,0;-0,01;-0,01;0,0;0,0;0,0;0,0;-0,01;-0,01;-0,02;-0,02;0,0;0,0;-0,02;-0,02;-0,02;-0,02;-0,07;-0,07;-0,01;-0,01;-0,01;-0,01;-0,25;-0,25;-0,02;-0,02;-0,28;-0,28;0,0;0,0;-0,01;-0,01;-0,01;-0,01;-0,12;-0,12
22.08.2026;09:00;09:15;0,15;0,11;-0,19;-0,15;-0,05;-0,05;0,0;0,0;-0,02;-0,02;-0,02;-0,02;0,0;0,0;-0,02;-0,02;-0,01;-0,01;0,0;0,0;-0,02;-0,02;0,0;0,0;-0,01;-0,01;0,0;0,0;-0,01;-0,01;0,0;0,0;-0,02;-0,02;-0,02;-0,02;-0,06;-0,06;-0,01;-0,01;-0,01;-0,01;-0,02;-0,02;-0,01;-0,01;-0,12;-0,12;0,0;0,0;-0,01;-0,01;-0,04;-0,04;-0,04;-0,04
22.08.2026;09:15;09:30;0,26;0,19;-0,21;-0,14;-0,05;-0,05;0,0;0,0;-0,1;-0,1;0,0;0,0;-0,01;-0,01;-0,01;-0,01;-0,01;-0,01;0,0;0,0;-0,04;-0,04;0,0;0,0;-0,01;-0,01;0,0;0,0;-0,02;-0,02;0,0;0,0;-0,04;-0,04;-0,01;-0,01;-0,03;-0,03;-0,02;-0,02;0,0;0,0;-0,03;-0,03;0,0;0,0;-0,1;-0,1;0,0;0,0;-0,01;-0,01;-0,01;-0,01;-0,04;-0,04
22.08.2026;09:30;09:45;0,26;0,19;-0,3;-0,23;-0,15;-0,15;0,0;0,0;-0,18;-0,18;-0,01;-0,01;-0,01;-0,01;-0,02;-0,02;-0,01;-0,01;0,0;0,0;-0,01;-0,01;-0,01;-0,01;-0,02;-0,02;0,0;0,0;-0,01;-0,01;0,0;0,0;-0,03;-0,03;-0,02;-0,02;-0,01;-0,01;-0,01;-0,01;-0,01;-0,01;-0,02;-0,02;-0,02;-0,02;-0,1;-0,1;0,0;0,0;-0,01;-0,01;-0,02;-0,02;-0,04;-0,04
22.08.2026;09:45;10:00;0,25;0,18;-0,19;-0,12;-0,2;-0,2;0,0;0,0;-0,05;-0,05;-0,01;-0,01;-0,01;-0,01;-0,07;-0,07;-0,01;-0,01;0,0;0,0;-0,03;-0,03;0,0;0,0;0,0;0,0;0,0;0,0;-0,02;-0,02;0,0;0,0;-0,03;-0,03;-0,01;-0,01;-0,01;-0,01;0,0;0,0;-0,01;-0,01;-0,03;-0,03;0,0;0,0;-0,14;-0,14;-0,01;-0,01;-0,01;-0,01;0,0;0,0;-0,04;-0,04
22.08.2026;10:00;10:15;0,07;0,07;-0,2;-0,2;-0,05;-0,05;0,0;0,0;-0,03;-0,03;-0,02;-0,02;-0,01;-0,01;-0,01;-0,01;0,0;0,0;0,0;0,0;-0,01;-0,01;0,0;0,0;-0,01;-0,01;0,0;0,0;-0,01;-0,01;0,0;0,0;-0,02;-0,02;-0,02;-0,02;-0,01;-0,01;-0,01;-0,01;-0,01;-0,01;-0,04;-0,04;-0,01;-0,01;-0,16;-0,16;0,0;0,0;-0,01;-0,01;-0,01;-0,01;-0,04;-0,04
22.08.2026;10:15;10:30;0,12;0,11;-0,21;-0,2;-0,06;-0,06;0,0;0,0;-0,04;-0,04;-0,04;-0,04;-0,02;-0,02;-0,02;-0,02;-0,01;-0,01;0,0;0,0;-0,02;-0,02;0,0;0,0;0,0;0,0;0,0;0,0;-0,01;-0,01;0,0;0,0;-0,02;-0,02;-0,03;-0,03;-0,02;-0,02;-0,03;-0,03;-0,01;-0,01;-0,03;-0,03;-0,01;-0,01;-0,19;-0,19;0,0;0,0;-0,01;-0,01;-0,01;-0,01;-0,04;-0,04
22.08.2026;10:30;10:45;0,17;0,12;-0,24;-0,19;-0,07;-0,07;0,0;0,0;-0,04;-0,04;-0,02;-0,02;-0,01;-0,01;-0,02;-0,02;-0,01;-0,01;0,0;0,0;-0,02;-0,02;0,0;0,0;-0,02;-0,02;-0,01;-0,01;-0,02;-0,02;-0,01;-0,01;-0,01;-0,01;-0,02;-0,02;-0,02;-0,02;-0,02;-0,02;0,0;0,0;-0,02;-0,02;-0,01;-0,01;-0,17;-0,17;0,0;0,0;0,0;0,0;-0,23;-0,23;-0,02;-0,02
22.08.2026;10:45;11:00;0,38;0,12;-0,27;-0,2;-0,06;-0,05;0,0;0,0;-0,02;-0,01;-0,02;-0,01;0,0;0,0;-0,02;-0,01;-0,01;0,0;0,0;0,0;-0,01;0,0;0,0;0,0;-0,01;0,0;0,0;0,0;-0,02;-0,01;0,0;0,0;-0,02;-0,01;-0,03;-0,02;-0,02;-0,01;-0,11;-0,1;-0,01;0,0;-0,06;-0,05;-0,01;0,0;-0,12;-0,11;0,0;0,0;-0,01;0,0;-0,07;-0,06;-0,02;-0,01
22.08.2026;11:00;11:15;1,03;0,36;-0,23;0,0;-0,04;0,0;0,0;0,0;-0,01;0,0;-0,02;0,0;-0,02;0,0;-0,01;0,0;0,0;0,0;0,0;0,0;-0,01;0,0;0,0;0,0;-0,01;0,0;0,0;0,0;-0,02;0,0;0,0;0,0;-0,02;0,0;-0,02;0,0;-0,03;0,0;-0,05;0,0;-0,01;0,0;-0,08;0,0;-0,01;0,0;-0,01;0,0;0,0;0,0;-0,01;0,0;-0,03;0,0;-0,03;0,0
22.08.2026;11:15;11:30;0,61;0,17;-0,23;-0,13;-0,05;-0,02;0,0;0,0;0,0;0,0;-0,05;-0,02;0,0;0,0;-0,01;0,0;-0,01;0,0;0,0;0,0;-0,01;0,0;0,0;0,0;0,0;0,0;0,0;0,0;-0,02;0,0;0,0;0,0;-0,02;0,0;-0,03;0,0;-0,23;-0,2;-0,06;-0,03;0,0;0,0;-0,08;-0,05;-0,01;0,0;-0,02;0,0;0,0;0,0;-0,01;0,0;-0,13;-0,1;-0,02;0,0
22.08.2026;11:30;11:45;1,12;0,26;-0,2;0,0;-0,04;0,0;0,0;0,0;-0,01;0,0;-0,06;0,0;-0,01;0,0;-0,01;0,0;-0,01;0,0;0,0;0,0;-0,02;0,0;0,0;0,0;-0,01;0,0;-0,12;-0,06;-0,23;-0,17;0,0;0,0;-0,01;0,0;-0,02;0,0;-0,24;-0,18;-0,11;-0,05;-0,02;0,0;-0,08;-0,02;-0,01;0,0;-0,03;0,0;0,0;0,0;-0,03;0,0;-0,21;-0,15;-0,01;0,0
22.08.2026;11:45;12:00;1,26;0,24;-0,2;0,0;-0,06;0,0;-0,01;0,0;-0,02;0,0;-0,11;-0,03;-0,1;-0,02;-0,02;0,0;-0,01;0,0;0,0;0,0;-0,01;0,0;0,0;0,0;-0,01;0,0;-0,11;-0,03;-0,12;-0,04;0,0;0,0;-0,01;0,0;-0,01;0,0;-0,26;-0,18;-0,08;0,0;0,0;0,0;-0,07;0,0;-0,01;0,0;-0,04;0,0;-0,01;0,0;-0,01;0,0;-0,03;0,0;-0,01;0,0
22.08.2026;12:00;12:15;0,7;0,19;-0,31;-0,2;-0,04;-0,01;0,0;0,0;-0,01;0,0;-0,08;-0,05;-0,29;-0,26;-0,02;0,0;0,0;0,0;0,0;0,0;-0,01;0,0;0,0;0,0;-0,02;0,0;-0,01;0,0;-0,06;-0,03;0,0;0,0;-0,01;0,0;-0,02;0,0;-0,32;-0,29;-0,43;-0,4;-0,01;0,0;-0,01;0,0;-0,01;0,0;-0,02;0,0;0,0;0,0;-0,02;0,0;-0,05;-0,02;-0,02;0,0
22.08.2026;12:15;12:30;0,02;0,02;-0,26;-0,26;-0,03;-0,03;0,0;0,0;-0,01;-0,01;-0,06;-0,06;-0,04;-0,04;-0,02;-0,02;-0,01;-0,01;-0,01;-0,01;-0,01;-0,01;0,0;0,0;0,0;0,0;-0,01;-0,01;-0,06;-0,06;0,0;0,0;-0,03;-0,03;-0,01;-0,01;-0,07;-0,07;-0,22;-0,22;-0,01;-0,01;-0,02;-0,02;-0,02;-0,02;-0,03;-0,03;0,0;0,0;0,0;0,0;-0,01;-0,01;-0,02;-0,02
22.08.2026;12:30;12:45;0,0;0,0;-0,29;-0,29;-0,11;-0,11;0,0;0,0;-0,01;-0,01;-0,08;-0,08;-0,17;-0,17;-0,02;-0,02;-0,01;-0,01;0,0;0,0;-0,01;-0,01;0,0;0,0;-0,01;-0,01;-0,01;-0,01;-0,07;-0,07;0,0;0,0;-0,03;-0,03;-0,02;-0,02;-0,07;-0,07;-0,37;-0,37;-0,01;-0,01;-0,01;-0,01;-0,09;-0,09;-0,04;-0,04;0,0;0,0;-0,01;-0,01;-0,08;-0,08;-0,02;-0,02
22.08.2026;12:45;13:00;0,7;0,18;-0,23;-0,12;-0,08;-0,05;0,0;0,0;-0,01;0,0;-0,09;-0,06;-0,43;-0,4;-0,02;0,0;0,0;0,0;0,0;0,0;-0,01;0,0;0,0;0,0;0,0;0,0;-0,02;0,0;-0,08;-0,05;0,0;0,0;-0,08;-0,05;-0,02;0,0;-0,02;0,0;-0,22;-0,19;-0,01;0,0;-0,01;0,0;-0,01;0,0;-0,03;0,0;0,0;0,0;-0,01;0,0;-0,05;-0,02;-0,03;0,0
22.08.2026;13:00;13:15;1,29;0,4;-0,21;0,0;-0,04;0,0;0,0;0,0;-0,01;0,0;-0,1;-0,01;-0,82;-0,73;-0,01;0,0;-0,01;0,0;0,0;0,0;-0,01;0,0;0,0;0,0;-0,01;0,0;-0,01;0,0;-0,06;0,0;-0,01;0,0;-0,15;-0,06;-0,08;0,0;-0,01;0,0;-0,06;0,0;-0,01;0,0;0,0;0,0;-0,02;0,0;-0,03;0,0;0,0;0,0;-0,01;0,0;-0,01;0,0;-0,01;0,0
22.08.2026;13:15;13:30;1,84;0,73;-0,2;0,0;-0,05;0,0;0,0;0,0;-0,02;0,0;-0,1;0,0;-0,56;-0,4;-0,02;0,0;-0,01;0,0;0,0;0,0;-0,17;-0,01;0,0;0,0;-0,02;0,0;0,0;0,0;-0,02;0,0;0,0;0,0;-0,03;0,0;-0,02;0,0;0,0;0,0;-0,06;0,0;0,0;0,0;-0,01;0,0;-0,27;-0,11;-0,04;0,0;0,0;0,0;-0,01;0,0;-0,01;0,0;-0,01;0,0
22.08.2026;13:30;13:45;1,97;0,69;-0,38;0,0;-0,05;0,0;0,0;0,0;-0,13;0,0;-0,11;0,0;-0,39;-0,22;-0,02;0,0;-0,01;0,0;0,0;0,0;-0,07;0,0;0,0;0,0;-0,01;0,0;-0,01;0,0;-0,01;0,0;0,0;0,0;-0,03;0,0;-0,03;0,0;-0,02;0,0;-0,06;0,0;-0,01;0,0;-0,02;0,0;-0,1;0,0;-0,01;0,0;0,0;0,0;-0,01;0,0;0,0;0,0;-0,02;0,0
22.08.2026;13:45;14:00;1,18;0,27;-0,37;-0,13;-0,04;0,0;0,0;0,0;-0,41;-0,32;-0,1;-0,01;-0,32;-0,23;-0,02;0,0;0,0;0,0;0,0;0,0;-0,03;0,0;0,0;0,0;0,0;0,0;0,0;0,0;-0,02;0,0;0,0;0,0;-0,02;0,0;-0,02;0,0;-0,01;0,0;-0,04;0,0;-0,01;0,0;-0,01;0,0;-0,16;-0,07;-0,04;0,0;-0,01;0,0;-0,01;0,0;-0,01;0,0;-0,02;0,0
22.08.2026;14:00;14:15;0,8;0,23;-0,31;-0,14;-0,04;0,0;0,0;0,0;-0,04;0,0;-0,1;-0,06;-0,25;-0,21;-0,02;0,0;-0,01;0,0;0,0;0,0;-0,02;0,0;0,0;0,0;-0,01;0,0;0,0;0,0;-0,01;0,0;0,0;0,0;-0,02;0,0;-0,03;0,0;-0,01;0,0;-0,01;0,0;-0,01;0,0;0,0;0,0;-0,05;-0,01;-0,02;0,0;0,0;0,0;-0,01;0,0;0,0;0,0;-0,02;0,0
22.08.2026;14:15;14:30;1,3;0,43;-0,39;-0,06;-0,02;0,0;0,0;0,0;-0,04;0,0;-0,11;0,0;-0,13;-0,02;-0,01;0,0;-0,01;0,0;0,0;0,0;-0,01;0,0;0,0;0,0;0,0;0,0;0,0;0,0;-0,01;0,0;0,0;0,0;-0,02;0,0;-0,02;0,0;0,0;0,0;-0,01;0,0;-0,01;0,0;-0,01;0,0;-0,08;0,0;-0,02;0,0;0,0;0,0;-0,02;0,0;-0,01;0,0;-0,02;0,0
22.08.2026;14:30;14:45;1,6;0,7;-0,2;0,0;-0,01;0,0;0,0;0,0;-0,24;-0,09;-0,1;0,0;-0,18;-0,03;-0,02;0,0;-0,01;0,0;0,0;0,0;-0,01;0,0;-0,01;0,0;-0,02;0,0;0,0;0,0;-0,02;0,0;0,0;0,0;-0,02;0,0;-0,01;0,0;-0,02;0,0;-0,01;0,0;0,0;0,0;-0,02;0,0;-0,04;0,0;-0,03;0,0;0,0;0,0;-0,03;0,0;0,0;0,0;-0,02;0,0
22.08.2026;14:45;15:00;1,58;0,67;-0,24;0,0;-0,02;0,0;0,0;0,0;-0,06;0,0;-0,1;0,0;-0,17;-0,03;-0,02;0,0;-0,02;0,0;0,0;0,0;-0,03;0,0;0,0;0,0;-0,01;0,0;-0,02;0,0;-0,01;0,0;0,0;0,0;-0,02;0,0;-0,02;0,0;0,0;0,0;0,0;0,0;-0,01;0,0;-0,01;0,0;-0,01;0,0;-0,02;0,0;0,0;0,0;-0,13;0,0;-0,01;0,0;-0,01;0,0
22.08.2026;15:00;15:15;0,6;0,2;-0,18;-0,06;-0,03;-0,01;-0,01;0,0;-0,04;-0,02;-0,11;-0,09;-0,24;-0,22;0,0;0,0;0,0;0,0;0,0;0,0;-0,03;-0,01;0,0;0,0;-0,01;0,0;-0,04;-0,02;-0,02;0,0;0,0;0,0;-0,02;0,0;-0,01;0,0;-0,01;0,0;-0,01;0,0;-0,01;0,0;0,0;0,0;-0,01;0,0;-0,02;0,0;0,0;0,0;-0,01;0,0;0,0;0,0;-0,02;0,0
22.08.2026;15:15;15:30;0,97;0,31;-0,25;-0,02;-0,01;0,0;0,0;0,0;-0,05;0,0;-0,1;-0,03;-0,37;-0,3;-0,02;0,0;-0,01;0,0;0,0;0,0;-0,01;0,0;0,0;0,0;0,0;0,0;-0,03;0,0;-0,02;0,0;0,0;0,0;-0,02;0,0;-0,01;0,0;-0,01;0,0;-0,01;0,0;0,0;0,0;-0,01;0,0;-0,01;0,0;-0,03;0,0;0,0;0,0;-0,01;0,0;-0,01;0,0;-0,02;0,0
22.08.2026;15:30;15:45;0,49;0,19;-0,2;-0,11;-0,03;-0,02;0,0;0,0;-0,06;-0,05;-0,11;-0,1;-0,16;-0,15;-0,01;0,0;-0,02;-0,01;0,0;0,0;-0,02;-0,01;0,0;0,0;-0,01;0,0;-0,01;0,0;-0,02;-0,01;-0,01;0,0;-0,01;0,0;-0,02;-0,01;-0,01;0,0;-0,01;0,0;-0,02;-0,01;-0,01;0,0;-0,1;-0,09;-0,03;-0,02;0,0;0,0;-0,01;0,0;0,0;0,0;-0,02;-0,01
22.08.2026;15:45;16:00;0,0;0,0;-0,25;-0,25;-0,05;-0,05;0,0;0,0;-0,06;-0,06;-0,08;-0,08;-0,01;-0,01;-0,02;-0,02;0,0;0,0;0,0;0,0;-0,02;-0,02;0,0;0,0;-0,01;-0,01;-0,02;-0,02;-0,02;-0,02;0,0;0,0;-0,02;-0,02;-0,02;-0,02;-0,01;-0,01;-0,01;-0,01;0,0;0,0;-0,02;-0,02;-0,11;-0,11;-0,02;-0,02;-0,01;-0,01;-0,01;-0,01;-0,01;-0,01;-0,02;-0,02
22.08.2026;16:00;16:15;0,0;0,0;-0,18;-0,18;-0,06;-0,06;0,0;0,0;-0,05;-0,05;-0,07;-0,07;-0,01;-0,01;-0,02;-0,02;-0,01;-0,01;0,0;0,0;-0,01;-0,01;0,0;0,0;-0,02;-0,02;-0,01;-0,01;-0,03;-0,03;0,0;0,0;-0,03;-0,03;-0,03;-0,03;-0,01;-0,01;0,0;0,0;-0,01;-0,01;0,0;0,0;-0,11;-0,11;-0,03;-0,03;0,0;0,0;-0,01;-0,01;0,0;0,0;-0,02;-0,02
22.08.2026;16:15;16:30;0,73;0,22;-0,23;-0,08;-0,04;0,0;0,0;0,0;-0,03;0,0;-0,08;-0,04;-0,01;0,0;-0,02;0,0;-0,01;0,0;0,0;0,0;-0,02;0,0;0,0;0,0;0,0;0,0;-0,01;0,0;-0,02;0,0;0,0;0,0;-0,02;0,0;-0,02;0,0;0,0;0,0;-0,01;0,0;-0,01;0,0;-0,01;0,0;-0,12;-0,08;-0,01;0,0;0,0;0,0;-0,01;0,0;-0,01;0,0;-0,02;0,0
22.08.2026;16:30;16:45;1,17;0,49;-0,2;0,0;-0,04;0,0;0,0;0,0;-0,01;0,0;-0,09;0,0;-0,01;0,0;-0,02;0,0;-0,01;0,0;0,0;0,0;-0,02;0,0;0,0;0,0;-0,01;0,0;-0,04;0,0;-0,03;0,0;0,0;0,0;-0,01;0,0;-0,02;0,0;-0,02;0,0;0,0;0,0;0,0;0,0;-0,01;0,0;-0,21;-0,11;-0,02;0,0;0,0;0,0;-0,01;0,0;0,0;0,0;-0,01;0,0
22.08.2026;16:45;17:00;0,65;0,19;-0,3;-0,2;-0,05;-0,02;0,0;0,0;-0,04;-0,01;-0,07;-0,04;-0,01;0,0;-0,02;0,0;0,0;0,0;0,0;0,0;-0,02;0,0;0,0;0,0;0,0;0,0;-0,04;-0,01;-0,02;0,0;0,0;0,0;-0,01;0,0;-0,03;0,0;0,0;0,0;-0,01;0,0;-0,02;0,0;-0,01;0,0;-0,13;-0,1;-0,02;0,0;0,0;0,0;-0,01;0,0;-0,01;0,0;-0,02;0,0
22.08.2026;17:00;17:15;0,5;0,2;-0,17;-0,07;-0,05;-0,04;0,0;0,0;-0,05;-0,04;-0,06;-0,05;-0,01;0,0;-0,01;0,0;-0,02;-0,01;0,0;0,0;-0,03;-0,02;0,0;0,0;-0,01;0,0;-0,04;-0,03;-0,02;-0,01;0,0;0,0;-0,23;-0,22;-0,02;-0,01;-0,01;0,0;-0,01;0,0;0,0;0,0;-0,01;0,0;-0,05;-0,04;-0,02;-0,01;0,0;0,0;-0,01;0,0;-0,01;0,0;-0,03;-0,02
22.08.2026;17:15;17:30;0,7;0,21;-0,18;-0,03;-0,04;-0,01;0,0;0,0;-0,09;-0,06;-0,06;-0,03;-0,01;0,0;-0,02;0,0;0,0;0,0;-0,01;0,0;-0,02;0,0;0,0;0,0;-0,02;0,0;-0,04;-0,01;-0,03;0,0;0,0;0,0;-0,17;-0,14;-0,01;0,0;-0,01;0,0;0,0;0,0;-0,01;0,0;-0,01;0,0;-0,01;0,0;-0,01;0,0;0,0;0,0;0,0;0,0;0,0;0,0;-0,02;0,0
22.08.2026;17:30;17:45;0,57;0,16;-0,26;-0,16;-0,04;-0,02;0,0;0,0;-0,21;-0,19;-0,16;-0,14;-0,01;0,0;-0,02;0,0;-0,01;0,0;0,0;0,0;-0,02;0,0;0,0;0,0;-0,01;0,0;-0,04;-0,02;-0,02;0,0;0,0;0,0;-0,1;-0,08;-0,02;0,0;-0,01;0,0;-0,01;0,0;-0,01;0,0;-0,01;0,0;-0,09;-0,07;-0,01;0,0;0,0;0,0;-0,01;0,0;0,0;0,0;-0,02;0,0
22.08.2026;17:45;18:00;0,43;0,15;-0,26;-0,19;-0,05;-0,04;0,0;0,0;-0,16;-0,15;-0,57;-0,56;-0,01;0,0;-0,02;-0,01;-0,01;0,0;0,0;0,0;-0,02;-0,01;0,0;0,0;0,0;0,0;-0,04;-0,03;-0,02;-0,01;0,0;0,0;-0,21;-0,2;-0,04;-0,03;-0,01;0,0;-0,01;0,0;-0,01;0,0;-0,01;0,0;-0,12;-0,11;-0,02;-0,01;-0,01;0,0;-0,01;0,0;-0,01;0,0;-0,01;0,0
22.08.2026;18:00;18:15;0,34;0,11;-0,34;-0,31;-0,05;-0,04;0,0;0,0;-0,03;-0,02;-0,32;-0,31;0,0;0,0;-0,02;-0,01;-0,01;0,0;0,0;0,0;-0,01;0,0;0,0;0,0;-0,01;0,0;-0,03;-0,02;-0,03;-0,02;-0,01;0,0;-0,19;-0,18;-0,06;-0,05;-0,01;0,0;-0,01;0,0;0,0;0,0;-0,01;0,0;-0,02;-0,01;-0,01;0,0;0,0;0,0;-0,01;0,0;-0,01;0,0;-0,01;0,0
22.08.2026;18:15;18:30;0,22;0,17;-0,24;-0,19;-0,05;-0,05;0,0;0,0;-0,03;-0,03;-0,11;-0,11;-0,01;-0,01;-0,05;-0,05;0,0;0,0;0,0;0,0;-0,02;-0,02;0,0;0,0;0,0;0,0;-0,02;-0,02;-0,02;-0,02;0,0;0,0;-0,07;-0,07;-0,06;-0,06;0,0;0,0;-0,01;-0,01;-0,02;-0,02;-0,03;-0,03;0,0;0,0;-0,02;-0,02;0,0;0,0;-0,01;-0,01;0,0;0,0;-0,02;-0,02
22.08.2026;18:30;18:45;0,19;0,14;-0,34;-0,29;-0,1;-0,1;-0,01;-0,01;-0,04;-0,04;-0,09;-0,09;-0,01;-0,01;-0,05;-0,05;-0,01;-0,01;0,0;0,0;-0,01;-0,01;0,0;0,0;-0,02;-0,02;0,0;0,0;-0,01;-0,01;0,0;0,0;-0,04;-0,04;-0,05;-0,05;-0,01;-0,01;-0,01;-0,01;0,0;0,0;-0,01;-0,01;-0,01;-0,01;-0,06;-0,06;0,0;0,0;-0,01;-0,01;0,0;0,0;-0,03;-0,03
22.08.2026;18:45;19:00;0,11;0,11;-0,2;-0,2;-0,09;-0,09;0,0;0,0;-0,04;-0,04;-0,16;-0,16;-0,02;-0,02;-0,27;-0,27;-0,01;-0,01;0,0;0,0;-0,02;-0,02;0,0;0,0;-0,01;-0,01;-0,01;-0,01;-0,01;-0,01;0,0;0,0;-0,02;-0,02;-0,07;-0,07;-0,01;-0,01;0,0;0,0;-0,01;-0,01;-0,01;-0,01;-0,01;-0,01;-0,05;-0,05;0,0;0,0;-0,01;-0,01;-0,01;-0,01;-0,02;-0,02
22.08.2026;19:00;19:15;0,05;0,05;-0,2;-0,2;-0,06;-0,06;0,0;0,0;-0,08;-0,08;-0,14;-0,14;0,0;0,0;-0,47;-0,47;-0,01;-0,01;0,0;0,0;0,0;0,0;0,0;0,0;-0,01;-0,01;0,0;0,0;-0,01;-0,01;0,0;0,0;-0,02;-0,02;-0,06;-0,06;-0,01;-0,01;-0,01;-0,01;-0,01;-0,01;-0,19;-0,19;-0,01;-0,01;-0,08;-0,08;0,0;0,0;-0,01;-0,01;-0,01;-0,01;-0,02;-0,02
22.08.2026;19:15;19:30;0,01;0,01;-0,21;-0,21;-0,06;-0,06;0,0;0,0;-0,05;-0,05;-0,16;-0,16;-0,02;-0,02;-0,61;-0,61;-0,01;-0,01;0,0;0,0;-0,01;-0,01;0,0;0,0;0,0;0,0;0,0;0,0;-0,08;-0,08;0,0;0,0;-0,03;-0,03;-0,07;-0,07;-0,01;-0,01;0,0;0,0;0,0;0,0;-0,83;-0,83;-0,01;-0,01;-0,1;-0,1;0,0;0,0;-0,01;-0,01;0,0;0,0;-0,01;-0,01
22.08.2026;19:30;19:45;0,0;0,0;-0,19;-0,19;-0,06;-0,06;0,0;0,0;-0,04;-0,04;-0,17;-0,17;-0,27;-0,27;-0,2;-0,2;-0,01;-0,01;0,0;0,0;-0,01;-0,01;-0,01;-0,01;0,0;0,0;0,0;0,0;-0,03;-0,03;0,0;0,0;-0,04;-0,04;-0,06;-0,06;0,0;0,0;-0,01;-0,01;-0,02;-0,02;-0,14;-0,14;-0,01;-0,01;-0,08;-0,08;0,0;0,0;-0,01;-0,01;0,0;0,0;-0,01;-0,01
22.08.2026;19:45;20:00;0,0;0,0;-0,19;-0,19;-0,05;-0,05;0,0;0,0;-0,03;-0,03;-0,17;-0,17;-0,2;-0,2;-0,11;-0,11;0,0;0,0;0,0;0,0;-0,02;-0,02;0,0;0,0;-0,02;-0,02;0,0;0,0;-0,02;-0,02;0,0;0,0;-0,03;-0,03;-0,06;-0,06;-0,01;-0,01;-0,01;-0,01;0,0;0,0;-0,03;-0,03;-0,01;-0,01;-0,08;-0,08;-0,01;-0,01;-0,01;-0,01;-0,01;-0,01;-0,02;-0,02
22.08.2026;20:00;20:15;0,0;0,0;-0,18;-0,18;-0,05;-0,05;0,0;0,0;-0,04;-0,04;-0,14;-0,14;-0,04;-0,04;-0,11;-0,11;-0,01;-0,01;0,0;0,0;-0,01;-0,01;0,0;0,0;-0,02;-0,02;0,0;0,0;-0,01;-0,01;0,0;0,0;-0,02;-0,02;-0,05;-0,05;-0,01;-0,01;0,0;0,0;-0,01;-0,01;-0,03;-0,03;-0,01;-0,01;-0,05;-0,05;0,0;0,0;-0,01;-0,01;-0,01;-0,01;-0,02;-0,02
22.08.2026;20:15;20:30;0,0;0,0;-0,26;-0,26;-0,04;-0,04;0,0;0,0;-0,03;-0,03;-0,13;-0,13;-0,03;-0,03;-0,11;-0,11;0,0;0,0;0,0;0,0;-0,01;-0,01;0,0;0,0;0,0;0,0;0,0;0,0;-0,01;-0,01;0,0;0,0;-0,03;-0,03;-0,05;-0,05;-0,01;-0,01;-0,01;-0,01;-0,01;-0,01;-0,04;-0,04;-0,01;-0,01;-0,06;-0,06;0,0;0,0;-0,01;-0,01;0,0;0,0;-0,04;-0,04
22.08.2026;20:30;20:45;0,0;0,0;-0,22;-0,22;-0,05;-0,05;0,0;0,0;-0,03;-0,03;-0,14;-0,14;-0,03;-0,03;-0,4;-0,4;-0,01;-0,01;0,0;0,0;-0,02;-0,02;0,0;0,0;-0,01;-0,01;0,0;0,0;-0,01;-0,01;-0,01;-0,01;-0,01;-0,01;-0,06;-0,06;-0,02;-0,02;-0,01;-0,01;0,0;0,0;-0,04;-0,04;-0,01;-0,01;-0,05;-0,05;0,0;0,0;-0,01;-0,01;0,0;0,0;-0,03;-0,03
22.08.2026;20:45;21:00;0,0;0,0;-0,27;-0,27;-0,05;-0,05;0,0;0,0;-0,09;-0,09;-0,14;-0,14;-0,04;-0,04;-0,09;-0,09;-0,01;-0,01;0,0;0,0;-0,01;-0,01;0,0;0,0;0,0;0,0;-0,01;-0,01;-0,02;-0,02;0,0;0,0;-0,01;-0,01;-0,05;-0,05;-0,01;-0,01;-0,01;-0,01;-0,02;-0,02;-0,02;-0,02;-0,01;-0,01;-0,07;-0,07;0,0;0,0;-0,01;-0,01;-0,01;-0,01;-0,04;-0,04
22.08.2026;21:00;21:15;0,0;0,0;-0,19;-0,19;-0,04;-0,04;0,0;0,0;-0,45;-0,45;-0,15;-0,15;-0,05;-0,05;-0,09;-0,09;0,0;0,0;0,0;0,0;-0,01;-0,01;0,0;0,0;-0,01;-0,01;0,0;0,0;-0,01;-0,01;0,0;0,0;-0,01;-0,01;-0,06;-0,06;-0,01;-0,01;-0,01;-0,01;0,0;0,0;-0,02;-0,02;-0,02;-0,02;-0,02;-0,02;0,0;0,0;-0,01;-0,01;-0,01;-0,01;-0,04;-0,04
22.08.2026;21:15;21:30;0,0;0,0;-0,17;-0,17;-0,04;-0,04;0,0;0,0;-0,17;-0,17;-0,14;-0,14;-0,04;-0,04;-0,09;-0,09;-0,01;-0,01;0,0;0,0;-0,02;-0,02;0,0;0,0;-0,02;-0,02;0,0;0,0;-0,01;-0,01;0,0;0,0;-0,03;-0,03;-0,05;-0,05;-0,01;-0,01;-0,01;-0,01;-0,01;-0,01;-0,02;-0,02;-0,02;-0,02;-0,02;-0,02;0,0;0,0;-0,01;-0,01;0,0;0,0;-0,05;-0,05
22.08.2026;21:30;21:45;0,0;0,0;-0,2;-0,2;-0,09;-0,09;0,0;0,0;-0,33;-0,33;-0,51;-0,51;-0,04;-0,04;-0,09;-0,09;-0,01;-0,01;0,0;0,0;-0,02;-0,02;0,0;0,0;-0,01;-0,01;0,0;0,0;-0,01;-0,01;0,0;0,0;-0,02;-0,02;-0,04;-0,04;-0,01;-0,01;0,0;0,0;-0,01;-0,01;-0,02;-0,02;-0,01;-0,01;-0,01;-0,01;0,0;0,0;0,0;0,0;0,0;0,0;-0,05;-0,05
22.08.2026;21:45;22:00;0,0;0,0;-0,18;-0,18;-0,05;-0,05;-0,01;-0,01;-0,04;-0,04;-0,33;-0,33;-0,03;-0,03;-0,08;-0,08;-0,01;-0,01;0,0;0,0;-0,01;-0,01;0,0;0,0;0,0;0,0;0,0;0,0;-0,02;-0,02;0,0;0,0;-0,03;-0,03;-0,04;-0,04;-0,03;-0,03;0,0;0,0;-0,01;-0,01;-0,05;-0,05;-0,01;-0,01;-0,02;-0,02;-0,01;-0,01;-0,02;-0,02;-0,01;-0,01;-0,05;-0,05
22.08.2026;22:00;22:15;0,0;0,0;-0,2;-0,2;-0,03;-0,03;0,0;0,0;-0,03;-0,03;-0,18;-0,18;-0,04;-0,04;-0,09;-0,09;0,0;0,0;0,0;0,0;-0,01;-0,01;0,0;0,0;-0,01;-0,01;-0,01;-0,01;-0,02;-0,02;0,0;0,0;-0,03;-0,03;-0,03;-0,03;-0,03;-0,03;-0,01;-0,01;0,0;0,0;-0,05;-0,05;-0,01;-0,01;-0,01;-0,01;0,0;0,0;0,0;0,0;0,0;0,0;-0,04;-0,04
22.08.2026;22:15;22:30;0,0;0,0;-0,18;-0,18;-0,05;-0,05;0,0;0,0;-0,04;-0,04;-0,14;-0,14;-0,03;-0,03;-0,09;-0,09;-0,01;-0,01;-0,01;-0,01;-0,01;-0,01;0,0;0,0;0,0;0,0;0,0;0,0;-0,03;-0,03;0,0;0,0;-0,03;-0,03;-0,02;-0,02;-0,02;-0,02;-0,01;-0,01;-0,02;-0,02;-0,04;-0,04;-0,02;-0,02;-0,02;-0,02;0,0;0,0;-0,03;-0,03;-0,01;-0,01;-0,03;-0,03
22.08.2026;22:30;22:45;0,0;0,0;-0,26;-0,26;-0,05;-0,05;0,0;0,0;-0,04;-0,04;-0,15;-0,15;-0,03;-0,03;-0,08;-0,08;-0,01;-0,01;0,0;0,0;-0,02;-0,02;0,0;0,0;-0,02;-0,02;0,0;0,0;-0,03;-0,03;0,0;0,0;-0,01;-0,01;-0,02;-0,02;-0,02;-0,02;0,0;0,0;0,0;0,0;-0,03;-0,03;-0,01;-0,01;-0,01;-0,01;0,0;0,0;-0,02;-0,02;-0,01;-0,01;-0,01;-0,01
22.08.2026;22:45;23:00;0,0;0,0;-0,21;-0,21;-0,05;-0,05;0,0;0,0;-0,02;-0,02;-0,14;-0,14;-0,4;-0,4;-0,08;-0,08;0,0;0,0;0,0;0,0;-0,01;-0,01;0,0;0,0;-0,01;-0,01;0,0;0,0;-0,03;-0,03;0,0;0,0;-0,01;-0,01;-0,03;-0,03;-0,03;-0,03;-0,01;-0,01;-0,01;-0,01;-0,05;-0,05;0,0;0,0;-0,02;-0,02;0,0;0,0;-0,03;-0,03;0,0;0,0;-0,02;-0,02
22.08.2026;23:00;23:15;0,0;0,0;-0,18;-0,18;-0,05;-0,05;0,0;0,0;-0,02;-0,02;-0,15;-0,15;-0,32;-0,32;-0,07;-0,07;-0,01;-0,01;0,0;0,0;-0,01;-0,01;0,0;0,0;-0,01;-0,01;0,0;0,0;-0,02;-0,02;-0,01;-0,01;-0,02;-0,02;-0,02;-0,02;-0,02;-0,02;-0,01;-0,01;-0,01;-0,01;-0,08;-0,08;-0,02;-0,02;-0,01;-0,01;0,0;0,0;-0,01;-0,01;0,0;0,0;-0,03;-0,03
22.08.2026;23:15;23:30;0,0;0,0;-0,18;-0,18;-0,06;-0,06;0,0;0,0;-0,02;-0,02;-0,13;-0,13;-0,02;-0,02;-0,03;-0,03;-0,01;-0,01;0,0;0,0;-0,02;-0,02;0,0;0,0;0,0;0,0;0,0;0,0;-0,02;-0,02;0,0;0,0;-0,02;-0,02;-0,03;-0,03;-0,02;-0,02;-0,01;-0,01;-0,01;-0,01;-0,09;-0,09;-0,01;-0,01;-0,01;-0,01;0,0;0,0;-0,03;-0,03;-0,01;-0,01;-0,02;-0,02
22.08.2026;23:30;23:45;0,0;0,0;-0,18;-0,18;-0,05;-0,05;0,0;0,0;-0,01;-0,01;-0,11;-0,11;-0,2;-0,2;-0,02;-0,02;0,0;0,0;0,0;0,0;-0,01;-0,01;0,0;0,0;-0,01;-0,01;-0,01;-0,01;-0,01;-0,01;0,0;0,0;-0,02;-0,02;-0,02;-0,02;-0,03;-0,03;-0,01;-0,01;-0,01;-0,01;-0,1;-0,1;-0,01;-0,01;-0,01;-0,01;0,0;0,0;-0,02;-0,02;-0,01;-0,01;-0,02;-0,02
22.08.2026;23:45;00:00;0,0;0,0;-0,17;-0,17;-0,07;-0,07;0,0;0,0;-0,02;-0,02;-0,1;-0,1;-0,01;-0,01;-0,02;-0,02;-0,01;-0,01;0,0;0,0;-0,02;-0,02;0,0;0,0;-0,02;-0,02;0,0;0,0;-0,01;-0,01;0,0;0,0;-0,02;-0,02;-0,03;-0,03;-0,01;-0,01;-0,01;-0,01;0,0;0,0;-0,09;-0,09;0,0;0,0;-0,01;-0,01;-0,01;-0,01;-0,03;-0,03;0,0;0,0;-0,03;-0,03
23.08.2026;00:00;00:15;0,0;0,0;-0,19;-0,19;-0,07;-0,07;0,0;0,0;0,0;0,0;-0,09;-0,09;-0,02;-0,02;-0,02;-0,02;-0,01;-0,01;0,0;0,0;-0,01;-0,01;0,0;0,0;-0,01;-0,01;0,0;0,0;-0,02;-0,02;0,0;0,0;-0,01;-0,01;-0,02;-0,02;-0,02;-0,02;-0,01;-0,01;-0,01;-0,01;-0,09;-0,09;-0,01;-0,01;-0,01;-0,01;0,0;0,0;-0,02;-0,02;0,0;0,0;-0,01;-0,01
23.08.2026;00:15;00:30;0,0;0,0;-0,18;-0,18;-0,06;-0,06;0,0;0,0;-0,01;-0,01;-0,1;-0,1;-0,01;-0,01;-0,02;-0,02;-0,01;-0,01;0,0;0,0;-0,02;-0,02;0,0;0,0;0,0;0,0;0,0;0,0;-0,01;-0,01;0,0;0,0;-0,01;-0,01;-0,02;-0,02;-0,01;-0,01;0,0;0,0;-0,01;-0,01;-0,08;-0,08;-0,02;-0,02;-0,02;-0,02;0,0;0,0;-0,03;-0,03;-0,01;-0,01;-0,01;-0,01
23.08.2026;00:30;00:45;0,0;0,0;-0,17;-0,17;-0,03;-0,03;0,0;0,0;-0,01;-0,01;-0,09;-0,09;-0,01;-0,01;-0,03;-0,03;0,0;0,0;0,0;0,0;-0,01;-0,01;-0,01;-0,01;-0,01;-0,01;0,0;0,0;-0,01;-0,01;0,0;0,0;0,0;0,0;-0,01;-0,01;-0,01;-0,01;0,0;0,0;0,0;0,0;-0,05;-0,05;0,0;0,0;-0,01;-0,01;0,0;0,0;-0,01;-0,01;-0,01;-0,01;-0,02;-0,02
23.08.2026;00:45;01:00;0,0;0,0;-0,21;-0,21;-0,03;-0,03;0,0;0,0;-0,02;-0,02;-0,1;-0,1;-0,01;-0,01;-0,02;-0,02;-0,01;-0,01;0,0;0,0;-0,02;-0,02;0,0;0,0;0,0;0,0;0,0;0,0;-0,02;-0,02;0,0;0,0;-0,02;-0,02;-0,02;-0,02;-0,01;-0,01;-0,01;-0,01;-0,02;-0,02;-0,03;-0,03;-0,01;-0,01;-0,02;-0,02;0,0;0,0;-0,03;-0,03;0,0;0,0;-0,02;-0,02
23.08.2026;01:00;01:15;0,0;0,0;-0,21;-0,21;-0,03;-0,03;-0,01;-0,01;-0,01;-0,01;-0,06;-0,06;0,0;0,0;-0,02;-0,02;0,0;0,0;0,0;0,0;-0,02;-0,02;0,0;0,0;-0,02;-0,02;-0,01;-0,01;-0,02;-0,02;0,0;0,0;-0,01;-0,01;-0,01;-0,01;-0,01;-0,01;-0,01;-0,01;0,0;0,0;-0,22;-0,22;-0,01;-0,01;-0,01;-0,01;0,0;0,0;-0,01;-0,01;-0,01;-0,01;-0,03;-0,03
23.08.2026;01:15;01:30;0,0;0,0;-0,22;-0,22;-0,02;-0,02;0,0;0,0;-0,01;-0,01;-0,08;-0,08;-0,02;-0,02;-0,02;-0,02;-0,01;-0,01;0,0;0,0;-0,01;-0,01;0,0;0,0;-0,02;-0,02;0,0;0,0;-0,02;-0,02;0,0;0,0;-0,02;-0,02;-0,02;-0,02;-0,01;-0,01;0,0;0,0;-0,01;-0,01;-0,08;-0,08;-0,01;-0,01;-0,02;-0,02;0,0;0,0;-0,03;-0,03;-0,02;-0,02;-0,02;-0,02
23.08.2026;01:30;01:45;0,0;0,0;-0,18;-0,18;-0,03;-0,03;0,0;0,0;0,0;0,0;-0,04;-0,04;0,0;0,0;-0,02;-0,02;-0,01;-0,01;0,0;0,0;-0,02;-0,02;0,0;0,0;0,0;0,0;0,0;0,0;-0,07;-0,07;-0,01;-0,01;-0,01;-0,01;-0,03;-0,03;-0,01;-0,01;-0,01;-0,01;-0,01;-0,01;-0,01;-0,01;-0,01;-0,01;-0,01;-0,01;0,0;0,0;-0,01;-0,01;-0,02;-0,02;-0,02;-0,02
23.08.2026;01:45;02:00;0,0;0,0;-0,18;-0,18;-0,02;-0,02;0,0;0,0;-0,02;-0,02;-0,02;-0,02;-0,02;-0,02;-0,02;-0,02;-0,01;-0,01;0,0;0,0;-0,01;-0,01;0,0;0,0;-0,01;-0,01;0,0;0,0;-0,08;-0,08;0,0;0,0;-0,02;-0,02;-0,02;-0,02;-0,01;-0,01;-0,01;-0,01;0,0;0,0;-0,03;-0,03;-0,01;-0,01;-0,02;-0,02;-0,01;-0,01;-0,03;-0,03;0,0;0,0;-0,02;-0,02
23.08.2026;02:00;02:15;0,0;0,0;-0,17;-0,17;-0,02;-0,02;0,0;0,0;-0,01;-0,01;-0,05;-0,05;-0,01;-0,01;-0,02;-0,02;0,0;0,0;0,0;0,0;-0,02;-0,02;0,0;0,0;0,0;0,0;0,0;0,0;-0,1;-0,1;0,0;0,0;0,0;0,0;-0,03;-0,03;-0,01;-0,01;-0,01;-0,01;-0,01;-0,01;-0,02;-0,02;0,0;0,0;-0,01;-0,01;0,0;0,0;-0,01;-0,01;-0,01;-0,01;-0,01;-0,01
23.08.2026;02:15;02:30;0,0;0,0;-0,17;-0,17;-0,02;-0,02;0,0;0,0;-0,02;-0,02;-0,09;-0,09;0,0;0,0;-0,01;-0,01;-0,01;-0,01;0,0;0,0;-0,01;-0,01;0,0;0,0;-0,01;-0,01;0,0;0,0;-0,07;-0,07;0,0;0,0;-0,01;-0,01;-0,02;-0,02;-0,02;-0,02;-0,01;-0,01;-0,01;-0,01;-0,03;-0,03;-0,01;-0,01;-0,01;-0,01;0,0;0,0;-0,03;-0,03;-0,01;-0,01;-0,02;-0,02
23.08.2026;02:30;02:45;0,0;0,0;-0,17;-0,17;-0,03;-0,03;0,0;0,0;0,0;0,0;-0,1;-0,1;-0,01;-0,01;0,0;0,0;-0,01;-0,01;0,0;0,0;-0,01;-0,01;0,0;0,0;-0,02;-0,02;0,0;0,0;-0,06;-0,06;0,0;0,0;-0,01;-0,01;-0,03;-0,03;0,0;0,0;-0,01;-0,01;-0,01;-0,01;-0,04;-0,04;-0,01;-0,01;-0,02;-0,02;0,0;0,0;-0,01;-0,01;0,0;0,0;-0,02;-0,02
23.08.2026;02:45;03:00;0,0;0,0;-0,21;-0,21;-0,02;-0,02;0,0;0,0;-0,01;-0,01;-0,09;-0,09;-0,01;-0,01;-0,02;-0,02;0,0;0,0;0,0;0,0;-0,02;-0,02;0,0;0,0;-0,01;-0,01;-0,01;-0,01;-0,07;-0,07;0,0;0,0;-0,01;-0,01;-0,02;-0,02;-0,02;-0,02;0,0;0,0;-0,01;-0,01;-0,08;-0,08;-0,01;-0,01;-0,01;-0,01;0,0;0,0;-0,01;-0,01;-0,01;-0,01;-0,03;-0,03
23.08.2026;03:00;03:15;0,0;0,0;-0,27;-0,27;-0,01;-0,01;0,0;0,0;-0,01;-0,01;-0,14;-0,14;-0,01;-0,01;-0,02;-0,02;-0,01;-0,01;0,0;0,0;-0,01;-0,01;0,0;0,0;0,0;0,0;0,0;0,0;-0,06;-0,06;0,0;0,0;-0,02;-0,02;-0,01;-0,01;0,0;0,0;-0,01;-0,01;-0,01;-0,01;-0,02;-0,02;-0,01;-0,01;-0,02;-0,02;0,0;0,0;-0,01;-0,01;0,0;0,0;-0,02;-0,02
23.08.2026;03:15;03:30;0,0;0,0;-0,17;-0,17;-0,03;-0,03;0,0;0,0;-0,02;-0,02;-0,1;-0,1;-0,01;-0,01;-0,02;-0,02;0,0;0,0;-0,01;-0,01;-0,01;-0,01;0,0;0,0;-0,01;-0,01;0,0;0,0;-0,07;-0,07;0,0;0,0;-0,02;-0,02;-0,01;-0,01;-0,01;-0,01;0,0;0,0;0,0;0,0;-0,02;-0,02;-0,01;-0,01;-0,01;-0,01;0,0;0,0;-0,01;-0,01;-0,01;-0,01;-0,02;-0,02
23.08.2026;03:30;03:45;0,0;0,0;-0,17;-0,17;-0,03;-0,03;0,0;0,0;-0,01;-0,01;-0,1;-0,1;-0,01;-0,01;-0,02;-0,02;-0,01;-0,01;0,0;0,0;-0,01;-0,01;0,0;0,0;0,0;0,0;0,0;0,0;-0,03;-0,03;0,0;0,0;0,0;0,0;-0,02;-0,02;-0,02;-0,02;-0,01;-0,01;-0,02;-0,02;-0,01;-0,01;-0,01;-0,01;-0,02;-0,02;0,0;0,0;-0,01;-0,01;0,0;0,0;-0,01;-0,01
23.08.2026;03:45;04:00;0,0;0,0;-0,18;-0,18;-0,02;-0,02;0,0;0,0;-0,01;-0,01;-0,08;-0,08;-0,01;-0,01;-0,02;-0,02;0,0;0,0;0,0;0,0;-0,01;-0,01;0,0;0,0;-0,02;-0,02;0,0;0,0;-0,01;-0,01;0,0;0,0;-0,01;-0,01;-0,02;-0,02;0,0;0,0;-0,01;-0,01;0,0;0,0;-0,02;-0,02;-0,01;-0,01;-0,01;-0,01;-0,01;-0,01;-0,01;-0,01;-0,01;-0,01;-0,01;-0,01
23.08.2026;04:00;04:15;0,0;0,0;-0,19;-0,19;-0,01;-0,01;0,0;0,0;0,0;0,0;-0,04;-0,04;-0,01;-0,01;-0,02;-0,02;-0,01;-0,01;0,0;0,0;-0,01;-0,01;0,0;0,0;-0,01;-0,01;0,0;0,0;-0,02;-0,02;-0,01;-0,01;0,0;0,0;-0,02;-0,02;-0,01;-0,01;0,0;0,0;-0,01;-0,01;-0,01;-0,01;0,0;0,0;-0,02;-0,02;0,0;0,0;-0,01;-0,01;0,0;0,0;-0,03;-0,03
23.08.2026;04:15;04:30;0,0;0,0;-0,17;-0,17;-0,02;-0,02;0,0;0,0;-0,02;-0,02;-0,01;-0,01;-0,01;-0,01;-0,01;-0,01;-0,01;-0,01;0,0;0,0;-0,01;-0,01;0,0;0,0;-0,01;-0,01;0,0;0,0;-0,02;-0,02;0,0;0,0;-0,02;-0,02;-0,03;-0,03;-0,02;-0,02;-0,01;-0,01;-0,01;-0,01;-0,02;-0,02;-0,01;-0,01;-0,01;-0,01;0,0;0,0;-0,01;-0,01;0,0;0,0;-0,02;-0,02
23.08.2026;04:30;04:45;0,0;0,0;-0,18;-0,18;-0,03;-0,03;-0,01;-0,01;-0,01;-0,01;-0,02;-0,02;0,0;0,0;-0,02;-0,02;-0,01;-0,01;0,0;0,0;-0,02;-0,02;0,0;0,0;0,0;0,0;-0,01;-0,01;-0,02;-0,02;0,0;0,0;-0,02;-0,02;-0,02;-0,02;0,0;0,0;-0,01;-0,01;0,0;0,0;-0,01;-0,01;-0,01;-0,01;-0,01;-0,01;0,0;0,0;0,0;0,0;-0,01;-0,01;-0,02;-0,02
23.08.2026;04:45;05:00;0,0;0,0;-0,16;-0,16;-0,01;-0,01;0,0;0,0;-0,02;-0,02;-0,01;-0,01;-0,02;-0,02;-0,02;-0,02;0,0;0,0;0,0;0,0;-0,01;-0,01;0,0;0,0;-0,01;-0,01;0,0;0,0;-0,02;-0,02;0,0;0,0;-0,01;-0,01;-0,03;-0,03;-0,02;-0,02;0,0;0,0;-0,01;-0,01;-0,02;-0,02;-0,01;-0,01;-0,02;-0,02;0,0;0,0;-0,02;-0,02;-0,01;-0,01;-0,03;-0,03
23.08.2026;05:00;05:15;0,0;0,0;-0,17;-0,17;-0,02;-0,02;0,0;0,0;0,0;0,0;-0,01;-0,01;0,0;0,0;-0,02;-0,02;-0,01;-0,01;0,0;0,0;-0,01;-0,01;0,0;0,0;-0,01;-0,01;0,0;0,0;-0,01;-0,01;0,0;0,0;-0,01;-0,01;-0,02;-0,02;0,0;0,0;-0,01;-0,01;-0,01;-0,01;-0,01;-0,01;-0,01;-0,01;-0,01;-0,01;0,0;0,0;0,0;0,0;0,0;0,0;-0,01;-0,01
23.08.2026;05:15;05:30;0,0;0,0;-0,17;-0,17;-0,02;-0,02;0,0;0,0;-0,01;-0,01;-0,01;-0,01;-0,01;-0,01;-0,02;-0,02;-0,01;-0,01;0,0;0,0;-0,01;-0,01;0,0;0,0;-0,02;-0,02;0,0;0,0;-0,01;-0,01;0,0;0,0;0,0;0,0;-0,02;-0,02;-0,02;-0,02;-0,02;-0,02;-0,01;-0,01;-0,02;-0,02;-0,01;-0,01;-0,02;-0,02;0,0;0,0;-0,02;-0,02;-0,01;-0,01;-0,01;-0,01
23.08.2026;05:30;05:45;0,0;0,0;-0,18;-0,18;-0,02;-0,02;0,0;0,0;-0,01;-0,01;-0,01;-0,01;-0,01;-0,01;-0,02;-0,02;0,0;0,0;0,0;0,0;-0,01;-0,01;-0,01;-0,01;0,0;0,0;0,0;0,0;-0,02;-0,02;0,0;0,0;-0,01;-0,01;-0,1;-0,1;-0,01;-0,01;0,0;0,0;-0,01;-0,01;-0,01;-0,01;0,0;0,0;-0,01;-0,01;0,0;0,0;-0,01;-0,01;0,0;0,0;-0,02;-0,02
23.08.2026;05:45;06:00;0,0;0,0;-0,18;-0,18;-0,02;-0,02;0,0;0,0;-0,02;-0,02;0,0;0,0;-0,01;-0,01;-0,02;-0,02;-0,01;-0,01;0,0;0,0;-0,02;-0,02;0,0;0,0;-0,01;-0,01;0,0;0,0;-0,01;-0,01;0,0;0,0;-0,02;-0,02;-0,02;-0,02;0,0;0,0;0,0;0,0;0,0;0,0;-0,02;-0,02;-0,01;-0,01;-0,01;-0,01;-0,01;-0,01;-0,01;-0,01;-0,01;-0,01;-0,02;-0,02
23.08.2026;06:00;06:15;0,0;0,0;-0,2;-0,2;-0,03;-0,03;0,0;0,0;-0,01;-0,01;-0,01;-0,01;-0,01;-0,01;0,0;0,0;-0,01;-0,01;0,0;0,0;-0,01;-0,01;0,0;0,0;0,0;0,0;0,0;0,0;-0,02;-0,02;0,0;0,0;-0,01;-0,01;-0,02;-0,02;-0,02;-0,02;-0,01;-0,01;-0,01;-0,01;0,0;0,0;-0,01;-0,01;-0,02;-0,02;0,0;0,0;0,0;0,0;0,0;0,0;-0,03;-0,03
23.08.2026;06:15;06:30;0,02;0,02;-0,18;-0,18;-0,01;-0,01;0,0;0,0;-0,01;-0,01;-0,01;-0,01;-0,01;-0,01;-0,01;-0,01;0,0;0,0;0,0;0,0;-0,01;-0,01;0,0;0,0;-0,01;-0,01;0,0;0,0;-0,01;-0,01;0,0;0,0;-0,01;-0,01;-0,12;-0,12;0,0;0,0;-0,01;-0,01;-0,01;-0,01;-0,02;-0,02;-0,01;-0,01;-0,01;-0,01;0,0;0,0;-0,02;-0,02;-0,01;-0,01;-0,02;-0,02
23.08.2026;06:30;06:45;0,05;0,05;-0,18;-0,18;-0,02;-0,02;0,0;0,0;-0,01;-0,01;0,0;0,0;-0,01;-0,01;-0,01;-0,01;-0,01;-0,01;0,0;0,0;-0,01;-0,01;0,0;0,0;-0,02;-0,02;0,0;0,0;-0,01;-0,01;-0,01;-0,01;-0,01;-0,01;-0,45;-0,45;-0,02;-0,02;0,0;0,0;-0,01;-0,01;-0,01;-0,01;-0,01;-0,01;-0,02;-0,02;0,0;0,0;0,0;0,0;-0,01;-0,01;-0,02;-0,02
23.08.2026;06:45;07:00;0,01;0,01;-0,33;-0,33;-0,02;-0,02;0,0;0,0;-0,01;-0,01;-0,01;-0,01;0,0;0,0;-0,02;-0,02;-0,01;-0,01;0,0;0,0;-0,01;-0,01;0,0;0,0;-0,01;-0,01;0,0;0,0;-0,01;-0,01;0,0;0,0;0,0;0,0;-0,05;-0,05;0,0;0,0;-0,01;-0,01;-0,01;-0,01;-0,02;-0,02;-0,01;-0,01;-0,01;-0,01;0,0;0,0;-0,02;-0,02;0,0;0,0;-0,01;-0,01
23.08.2026;07:00;07:15;0,0;0,0;-0,19;-0,19;-0,03;-0,03;0,0;0,0;-0,02;-0,02;-0,04;-0,04;-0,01;-0,01;-0,02;-0,02;0,0;0,0;0,0;0,0;-0,01;-0,01;0,0;0,0;0,0;0,0;0,0;0,0;-0,01;-0,01;0,0;0,0;-0,01;-0,01;-0,04;-0,04;-0,01;-0,01;0,0;0,0;-0,01;-0,01;-0,01;-0,01;-0,01;-0,01;-0,01;-0,01;0,0;0,0;0,0;0,0;0,0;0,0;-0,02;-0,02
23.08.2026;07:15;07:30;0,0;0,0;-0,19;-0,19;-0,1;-0,1;0,0;0,0;0,0;0,0;-0,04;-0,04;-0,01;-0,01;-0,02;-0,02;-0,01;-0,01;0,0;0,0;-0,01;-0,01;0,0;0,0;-0,01;-0,01;0,0;0,0;-0,02;-0,02;0,0;0,0;-0,02;-0,02;-0,04;-0,04;-0,02;-0,02;-0,01;-0,01;0,0;0,0;-0,02;-0,02;-0,01;-0,01;-0,02;-0,02;0,0;0,0;-0,01;-0,01;-0,01;-0,01;-0,36;-0,36
23.08.2026;07:30;07:45;0,24;0,18;-0,26;-0,2;-0,02;-0,02;0,0;0,0;-0,01;-0,01;-0,01;-0,01;-0,01;-0,01;-0,02;-0,02;-0,01;-0,01;0,0;0,0;-0,01;-0,01;0,0;0,0;0,0;0,0;-0,01;-0,01;-0,01;-0,01;0,0;0,0;-0,01;-0,01;-0,05;-0,05;0,0;0,0;-0,01;-0,01;-0,02;-0,02;0,0;0,0;-0,01;-0,01;-0,01;-0,01;0,0;0,0;-0,01;-0,01;-0,01;-0,01;-0,23;-0,23
23.08.2026;07:45;08:00;0,39;0,12;-0,24;-0,17;-0,1;-0,09;-0,01;0,0;-0,01;0,0;-0,01;0,0;-0,01;0,0;-0,01;0,0;-0,01;0,0;0,0;0,0;-0,01;0,0;0,0;0,0;-0,02;-0,01;0,0;0,0;-0,01;0,0;0,0;0,0;-0,02;-0,01;-0,06;-0,05;-0,02;-0,01;-0,01;0,0;0,0;0,0;-0,01;0,0;-0,01;0,0;-0,02;-0,01;-0,01;0,0;-0,01;0,0;0,0;0,0;-0,04;-0,03
23.08.2026;08:00;08:15;0,53;0,19;-0,2;-0,1;-0,09;-0,07;0,0;0,0;-0,06;-0,04;-0,02;0,0;-0,01;0,0;-0,02;0,0;0,0;0,0;0,0;0,0;-0,02;0,0;0,0;0,0;-0,01;0,0;0,0;0,0;-0,02;0,0;0,0;0,0;0,0;0,0;-0,07;-0,05;0,0;0,0;-0,01;0,0;-0,01;0,0;-0,01;0,0;-0,01;0,0;-0,01;0,0;0,0;0,0;-0,01;0,0;0,0;0,0;-0,07;-0,05
23.08.2026;08:15;08:30;0,68;0,21;-0,23;-0,08;-0,03;0,0;0,0;0,0;-0,1;-0,07;0,0;0,0;0,0;0,0;-0,02;0,0;-0,01;0,0;-0,01;0,0;0,0;0,0;0,0;0,0;-0,01;0,0;-0,01;0,0;-0,01;0,0;0,0;0,0;-0,01;0,0;-0,06;-0,03;-0,01;0,0;-0,01;0,0;-0,01;0,0;-0,02;0,0;-0,01;0,0;-0,03;0,0;0,0;0,0;-0,02;0,0;-0,01;0,0;-0,07;-0,04
23.08.2026;08:30;08:45;0,81;0,25;-0,33;-0,15;-0,03;0,0;0,0;0,0;-0,11;-0,06;-0,01;0,0;-0,01;0,0;-0,02;0,0;0,0;0,0;0,0;0,0;-0,01;0,0;0,0;0,0;0,0;0,0;0,0;0,0;-0,01;0,0;0,0;0,0;0,0;0,0;-0,06;-0,01;-0,02;0,0;0,0;0,0;0,0;0,0;-0,08;-0,03;-0,01;0,0;-0,09;-0,04;0,0;0,0;-0,01;0,0;-0,01;0,0;-0,04;0,0
23.08.2026;08:45;09:00;0,92;0,21;-0,35;-0,19;-0,08;-0,03;0,0;0,0;-0,18;-0,13;-0,02;0,0;-0,01;0,0;-0,02;0,0;-0,01;0,0;0,0;0,0;-0,01;0,0;0,0;0,0;-0,01;0,0;0,0;0,0;-0,02;0,0;0,0;0,0;-0,02;0,0;-0,09;-0,04;-0,04;0,0;-0,01;0,0;-0,01;0,0;-0,11;-0,06;-0,01;0,0;-0,12;-0,07;0,0;0,0;-0,01;0,0;-0,1;-0,05;-0,16;-0,11
23.08.2026;09:00;09:15;1,01;0,23;-0,35;-0,12;-0,06;0,0;0,0;0,0;-0,12;-0,06;0,0;0,0;-0,01;0,0;-0,01;0,0;-0,01;0,0;0,0;0,0;-0,02;0,0;0,0;0,0;-0,01;0,0;-0,01;0,0;-0,01;0,0;-0,01;0,0;-0,01;0,0;-0,05;0,0;-0,07;-0,01;-0,01;0,0;-0,01;0,0;-0,09;-0,03;0,0;0,0;-0,11;-0,05;0,0;0,0;-0,01;0,0;-0,01;0,0;-0,29;-0,23
23.08.2026;09:15;09:30;1,13;0,23;-0,39;-0,14;-0,05;0,0;0,0;0,0;-0,11;-0,03;-0,01;0,0;-0,01;0,0;-0,02;0,0;-0,01;0,0;0,0;0,0;0,0;0,0;0,0;0,0;-0,02;0,0;0,0;0,0;-0,02;0,0;0,0;0,0;-0,02;0,0;-0,06;0,0;-0,08;0,0;0,0;0,0;-0,01;0,0;-0,15;-0,07;-0,01;0,0;-0,1;-0,02;0,0;0,0;0,0;0,0;-0,01;0,0;-0,47;-0,39
23.08.2026;09:30;09:45;1,23;0,34;-0,28;0,0;-0,04;0,0;0,0;0,0;-0,16;-0,06;-0,01;0,0;-0,01;0,0;-0,04;0,0;0,0;0,0;0,0;0,0;-0,02;0,0;0,0;0,0;0,0;0,0;0,0;0,0;-0,02;0,0;0,0;0,0;0,0;0,0;-0,07;0,0;-0,46;-0,36;0,0;0,0;-0,01;0,0;-0,03;0,0;-0,01;0,0;-0,43;-0,33;0,0;0,0;-0,01;0,0;0,0;0,0;-0,04;0,0
23.08.2026;09:45;10:00;1,34;0,52;-0,21;0,0;-0,05;0,0;0,0;0,0;-0,09;0,0;0,0;0,0;-0,01;0,0;-0,02;0,0;-0,01;0,0;0,0;0,0;-0,01;0,0;0,0;0,0;-0,01;0,0;0,0;0,0;-0,01;0,0;0,0;0,0;-0,01;0,0;-0,07;0,0;-0,17;-0,06;-0,01;0,0;0,0;0,0;-0,02;0,0;-0,01;0,0;-0,19;-0,08;-0,01;0,0;-0,01;0,0;-0,01;0,0;-0,03;0,0
23.08.2026;10:00;10:15;1,43;0,48;-0,22;0,0;-0,05;0,0;0,0;0,0;-0,1;0,0;-0,01;0,0;-0,02;0,0;-0,05;0,0;-0,01;0,0;0,0;0,0;-0,02;0,0;0,0;0,0;0,0;0,0;0,0;0,0;-0,02;0,0;0,0;0,0;0,0;0,0;-0,09;0,0;-0,14;-0,03;-0,01;0,0;-0,01;0,0;-0,02;0,0;-0,01;0,0;-0,07;0,0;0,0;0,0;-0,01;0,0;-0,19;-0,08;-0,01;0,0
23.08.2026;10:15;10:30;1,48;0,48;-0,2;0,0;-0,05;0,0;0,0;0,0;-0,38;-0,26;-0,01;0,0;-0,01;0,0;-0,4;-0,28;-0,01;0,0;0,0;0,0;0,0;0,0;0,0;0,0;-0,01;0,0;0,0;0,0;-0,02;0,0;0,0;0,0;-0,02;0,0;-0,08;0,0;-0,33;-0,21;-0,01;0,0;-0,01;0,0;-0,01;0,0;-0,01;0,0;-0,05;0,0;0,0;0,0;-0,01;0,0;-0,14;-0,02;-0,01;0,0
23.08.2026;10:30;10:45;1,59;0,68;-0,2;0,0;-0,04;0,0;0,0;0,0;-0,65;-0,51;-0,01;0,0;-0,01;0,0;-0,2;-0,06;-0,01;0,0;0,0;0,0;-0,01;0,0;-0,01;0,0;-0,02;0,0;0,0;0,0;-0,02;0,0;0,0;0,0;-0,02;0,0;-0,06;0,0;-0,05;0,0;-0,01;0,0;0,0;0,0;-0,02;0,0;0,0;0,0;-0,09;0,0;0,0;0,0;-0,01;0,0;-0,02;0,0;-0,02;0,0
23.08.2026;10:45;11:00;1,19;0,24;-0,32;-0,1;-0,04;0,0;0,0;0,0;-0,26;-0,18;-0,01;0,0;-0,02;0,0;-0,1;-0,02;-0,01;0,0;0,0;0,0;-0,02;0,0;0,0;0,0;-0,01;0,0;0,0;0,0;-0,09;-0,01;0,0;0,0;-0,01;0,0;-0,05;0,0;-0,06;0,0;-0,01;0,0;-0,02;0,0;-0,03;0,0;-0,01;0,0;-0,14;-0,06;0,0;0,0;-0,01;0,0;-0,18;-0,1;-0,02;0,0
23.08.2026;11:00;11:15;0,04;0,04;-0,3;-0,3;-0,05;-0,05;-0,01;-0,01;-0,5;-0,5;0,0;0,0;0,0;0,0;-0,1;-0,1;0,0;0,0;0,0;0,0;-0,01;-0,01;0,0;0,0;0,0;0,0;0,0;0,0;-0,02;-0,02;0,0;0,0;-0,01;-0,01;-0,06;-0,06;-0,06;-0,06;0,0;0,0;0,0;0,0;-0,02;-0,02;-0,01;-0,01;-0,15;-0,15;0,0;0,0;-0,01;-0,01;-0,24;-0,24;-0,02;-0,02
23.08.2026;11:15;11:30;0,0;0,0;-0,22;-0,22;-0,06;-0,06;0,0;0,0;-0,12;-0,12;-0,02;-0,02;-0,01;-0,01;-0,11;-0,11;-0,01;-0,01;0,0;0,0;-0,01;-0,01;0,0;0,0;-0,01;-0,01;0,0;0,0;-0,01;-0,01;0,0;0,0;-0,01;-0,01;-0,04;-0,04;-0,06;-0,06;-0,01;-0,01;-0,01;-0,01;-0,02;-0,02;-0,01;-0,01;-0,15;-0,15;0,0;0,0;0,0;0,0;0,0;0,0;-0,03;-0,03
23.08.2026;11:30;11:45;0,96;0,23;-0,34;-0,14;-0,05;0,0;0,0;0,0;-0,1;-0,03;0,0;0,0;-0,01;0,0;-0,12;-0,05;-0,01;0,0;0,0;0,0;-0,02;0,0;0,0;0,0;0,0;0,0;-0,01;0,0;-0,02;0,0;-0,01;0,0;0,0;0,0;-0,03;0,0;-0,24;-0,17;0,0;0,0;-0,01;0,0;-0,03;0,0;-0,01;0,0;-0,12;-0,05;0,0;0,0;-0,02;0,0;-0,01;0,0;-0,01;0,0
23.08.2026;11:45;12:00;0,98;0,23;-0,26;-0,07;-0,03;0,0;0,0;0,0;-0,26;-0,2;-0,02;0,0;-0,18;-0,12;-0,11;-0,05;0,0;0,0;0,0;0,0;-0,01;0,0;0,0;0,0;-0,02;0,0;-0,01;0,0;-0,02;0,0;0,0;0,0;-0,01;0,0;-0,03;0,0;-0,18;-0,12;-0,01;0,0;-0,01;0,0;-0,04;0,0;-0,01;0,0;-0,02;0,0;-0,01;0,0;-0,1;-0,04;0,0;0,0;-0,01;0,0
23.08.2026;12:00;12:15;1,31;0,4;-0,2;0,0;-0,05;0,0;0,0;0,0;-0,09;0,0;-0,01;0,0;-0,22;-0,13;-0,11;-0,02;-0,01;0,0;0,0;0,0;-0,01;0,0;0,0;0,0;-0,01;0,0;-0,01;0,0;-0,03;0,0;0,0;0,0;-0,02;0,0;-0,03;0,0;-0,03;0,0;-0,01;0,0;-0,01;0,0;-0,11;-0,02;-0,01;0,0;-0,02;0,0;0,0;0,0;-0,03;0,0;0,0;0,0;-0,06;0,0
23.08.2026;12:15;12:30;1,63;0,78;-0,21;0,0;-0,05;0,0;0,0;0,0;-0,05;0,0;0,0;0,0;-0,06;0,0;-0,08;0,0;0,0;0,0;0,0;0,0;-0,01;0,0;0,0;0,0;-0,01;0,0;-0,01;0,0;-0,02;0,0;0,0;0,0;-0,03;0,0;-0,03;0,0;-0,01;0,0;0,0;0,0;-0,01;0,0;-0,05;0,0;-0,01;0,0;-0,03;0,0;0,0;0,0;-0,03;0,0;-0,01;0,0;-0,36;-0,22
23.08.2026;12:30;12:45;1,89;0,8;-0,2;0,0;-0,04;0,0;0,0;0,0;-0,15;0,0;-0,02;0,0;-0,6;-0,41;-0,09;0,0;-0,01;0,0;0,0;0,0;-0,02;0,0;0,0;0,0;0,0;0,0;-0,01;0,0;-0,01;0,0;0,0;0,0;-0,03;0,0;-0,03;0,0;0,0;0,0;-0,01;0,0;0,0;0,0;-0,03;0,0;0,0;0,0;-0,03;0,0;0,0;0,0;-0,03;0,0;0,0;0,0;-0,39;-0,2
23.08.2026;12:45;13:00;1,62;0,4;-0,3;0,0;-0,07;0,0;0,0;0,0;-0,29;-0,17;0,0;0,0;-0,17;-0,05;-0,07;0,0;-0,01;0,0;0,0;0,0;-0,48;-0,36;0,0;0,0;-0,01;0,0;-0,01;0,0;-0,09;0,0;0,0;0,0;-0,02;0,0;-0,03;0,0;-0,01;0,0;-0,01;0,0;-0,01;0,0;-0,03;0,0;-0,01;0,0;-0,03;0,0;0,0;0,0;-0,02;0,0;-0,01;0,0;-0,21;-0,09
23.08.2026;13:00;13:15;1,5;0,44;-0,23;0,0;-0,08;0,0;0,0;0,0;-0,31;-0,2;-0,09;0,0;-0,11;0,0;-0,09;0,0;-0,01;0,0;0,0;0,0;-0,36;-0,25;0,0;0,0;-0,01;0,0;0,0;0,0;-0,02;0,0;0,0;0,0;-0,02;0,0;-0,02;0,0;-0,01;0,0;-0,01;0,0;-0,01;0,0;-0,03;0,0;-0,01;0,0;-0,02;0,0;0,0;0,0;-0,01;0,0;-0,01;0,0;-0,05;0,0
23.08.2026;13:15;13:30;1,57;0,6;-0,21;0,0;-0,1;0,0;0,0;0,0;-0,05;0,0;-0,15;-0,01;-0,03;0,0;-0,09;0,0;0,0;0,0;-0,01;0,0;-0,3;-0,16;0,0;0,0;-0,02;0,0;-0,01;0,0;-0,01;0,0;0,0;0,0;-0,02;0,0;-0,02;0,0;-0,01;0,0;-0,01;0,0;0,0;0,0;-0,03;0,0;-0,01;0,0;-0,02;0,0;0,0;0,0;-0,01;0,0;0,0;0,0;-0,03;0,0
23.08.2026;13:30;13:45;1,85;0,76;-0,2;0,0;-0,06;0,0;0,0;0,0;-0,11;0,0;-0,11;0,0;-0,25;-0,09;-0,08;0,0;-0,01;0,0;0,0;0,0;-0,05;0,0;0,0;0,0;0,0;0,0;0,0;0,0;-0,02;0,0;0,0;0,0;-0,2;-0,04;-0,02;0,0;-0,01;0,0;-0,01;0,0;-0,02;0,0;0,0;0,0;-0,01;0,0;-0,02;0,0;0,0;0,0;-0,01;0,0;-0,01;0,0;-0,02;0,0
23.08.2026;13:45;14:00;1,63;0,52;-0,21;0,0;-0,07;0,0;0,0;0,0;-0,11;0,0;-0,16;-0,02;-0,22;-0,08;-0,08;0,0;-0,01;0,0;0,0;0,0;-0,06;0,0;0,0;0,0;-0,01;0,0;0,0;0,0;-0,01;0,0;0,0;0,0;-0,24;-0,1;-0,01;0,0;-0,01;0,0;0,0;0,0;0,0;0,0;-0,02;0,0;-0,01;0,0;-0,03;0,0;-0,01;0,0;-0,01;0,0;-0,01;0,0;-0,02;0,0
23.08.2026;14:00;14:15;1,28;0,49;-0,18;0,0;-0,05;0,0;0,0;0,0;-0,04;0,0;-0,13;-0,04;-0,21;-0,12;-0,07;0,0;-0,02;0,0;0,0;0,0;-0,04;0,0;0,0;0,0;0,0;0,0;0,0;0,0;-0,01;0,0;-0,01;0,0;-0,05;0,0;-0,02;0,0;-0,01;0,0;-0,01;0,0;-0,01;0,0;-0,02;0,0;-0,01;0,0;-0,02;0,0;0,0;0,0;-0,01;0,0;-0,01;0,0;-0,02;0,0
23.08.2026;14:15;14:30;0,38;0,14;-0,17;-0,1;-0,05;-0,04;0,0;0,0;-0,04;-0,03;-0,13;-0,12;-0,18;-0,17;-0,09;-0,08;-0,02;-0,01;0,0;0,0;-0,05;-0,04;0,0;0,0;-0,01;0,0;0,0;0,0;-0,02;-0,01;0,0;0,0;-0,03;-0,02;-0,03;-0,02;-0,01;0,0;-0,01;0,0;-0,01;0,0;0,0;0,0;0,0;0,0;-0,03;-0,02;0,0;0,0;-0,01;0,0;0,0;0,0;-0,02;-0,01
23.08.2026;14:30;14:45;0,0;0,0;-0,19;-0,19;-0,04;-0,04;-0,01;-0,01;-0,04;-0,04;-0,11;-0,11;-0,08;-0,08;-0,09;-0,09;-0,01;-0,01;0,0;0,0;-0,05;-0,05;0,0;0,0;-0,02;-0,02;-0,24;-0,24;-0,01;-0,01;0,0;0,0;-0,03;-0,03;-0,03;-0,03;-0,01;-0,01;-0,03;-0,03;0,0;0,0;-0,01;-0,01;-0,01;-0,01;-0,02;-0,02;0,0;0,0;-0,01;-0,01;-0,01;-0,01;-0,02;-0,02
23.08.2026;14:45;15:00;0,0;0,0;-0,19;-0,19;-0,05;-0,05;0,0;0,0;-0,04;-0,04;-0,1;-0,1;-0,06;-0,06;-0,08;-0,08;-0,02;-0,02;0,0;0,0;-0,08;-0,08;0,0;0,0;-0,01;-0,01;-0,56;-0,56;-0,02;-0,02;0,0;0,0;-0,02;-0,02;-0,03;-0,03;-0,01;-0,01;-0,03;-0,03;-0,02;-0,02;-0,02;-0,02;-0,01;-0,01;-0,02;-0,02;0,0;0,0;0,0;0,0;-0,01;-0,01;-0,01;-0,01
23.08.2026;15:00;15:15;0,65;0,17;-0,19;-0,09;-0,04;-0,01;0,0;0,0;-0,05;-0,02;-0,09;-0,06;-0,04;-0,01;-0,09;-0,06;0,0;0,0;0,0;0,0;-0,07;-0,04;0,0;0,0;0,0;0,0;-0,41;-0,38;-0,01;0,0;0,0;0,0;-0,02;0,0;-0,03;0,0;0,0;0,0;-0,02;0,0;0,0;0,0;-0,02;0,0;-0,01;0,0;-0,03;0,0;0,0;0,0;-0,02;0,0;0,0;0,0;-0,01;0,0
23.08.2026;15:15;15:30;1,29;0,45;-0,19;0,0;-0,05;0,0;0,0;0,0;-0,03;0,0;-0,1;-0,01;-0,02;0,0;-0,14;-0,05;-0,01;0,0;0,0;0,0;-0,05;0,0;0,0;0,0;-0,01;0,0;-0,26;-0,17;-0,01;0,0;0,0;0,0;-0,04;0,0;-0,03;0,0;-0,02;0,0;-0,02;0,0;-0,01;0,0;0,0;0,0;-0,01;0,0;-0,03;0,0;0,0;0,0;0,0;0,0;-0,01;0,0;-0,03;0,0
23.08.2026;15:30;15:45;1,23;0,41;-0,19;0,0;-0,06;0,0;0,0;0,0;-0,03;0,0;-0,11;-0,02;0,0;0,0;-0,53;-0,44;-0,01;0,0;0,0;0,0;-0,11;-0,02;-0,01;0,0;0,0;0,0;-0,07;0,0;-0,02;0,0;0,0;0,0;-0,03;0,0;-0,03;0,0;0,0;0,0;-0,01;0,0;-0,01;0,0;-0,01;0,0;-0,01;0,0;-0,02;0,0;0,0;0,0;-0,02;0,0;0,0;0,0;-0,02;0,0
23.08.2026;15:45;16:00;1,35;0,5;-0,25;0,0;-0,03;0,0;0,0;0,0;-0,01;0,0;-0,14;-0,04;-0,01;0,0;-0,25;-0,15;-0,02;0,0;0,0;0,0;-0,07;0,0;0,0;0,0;-0,02;0,0;-0,04;0,0;-0,01;0,0;0,0;0,0;-0,03;0,0;-0,02;0,0;-0,01;0,0;-0,01;0,0;-0,01;0,0;-0,02;0,0;-0,01;0,0;-0,03;0,0;-0,01;0,0;0,0;0,0;-0,01;0,0;-0,03;0,0
23.08.2026;16:00;16:15;1,23;0,46;-0,24;0,0;-0,05;0,0;0,0;0,0;-0,02;0,0;-0,27;-0,17;-0,01;0,0;-0,21;-0,11;0,0;0,0;0,0;0,0;-0,04;0,0;0,0;0,0;-0,01;0,0;-0,04;0,0;-0,01;0,0;0,0;0,0;-0,03;0,0;-0,02;0,0;-0,02;0,0;0,0;0,0;-0,01;0,0;-0,02;0,0;-0,01;0,0;-0,02;0,0;0,0;0,0;-0,01;0,0;0,0;0,0;-0,01;0,0
23.08.2026;16:15;16:30;1,08;0,32;-0,2;0,0;-0,05;0,0;0,0;0,0;-0,01;0,0;-0,51;-0,43;-0,01;0,0;-0,2;-0,12;-0,01;0,0;0,0;0,0;-0,09;-0,01;0,0;0,0;-0,01;0,0;-0,05;0,0;-0,03;0,0;0,0;0,0;-0,03;0,0;-0,02;0,0;-0,01;0,0;-0,01;0,0;-0,01;0,0;0,0;0,0;0,0;0,0;-0,04;0,0;0,0;0,0;-0,01;0,0;0,0;0,0;-0,02;0,0
23.08.2026;16:30;16:45;0,8;0,22;-0,18;-0,01;-0,05;-0,01;0,0;0,0;-0,02;0,0;-0,15;-0,11;-0,01;0,0;-0,21;-0,17;-0,01;0,0;0,0;0,0;-0,57;-0,53;0,0;0,0;0,0;0,0;-0,04;0,0;-0,01;0,0;-0,01;0,0;-0,01;0,0;-0,02;0,0;-0,03;0,0;-0,01;0,0;0,0;0,0;-0,01;0,0;-0,02;0,0;-0,02;0,0;0,0;0,0;-0,01;0,0;-0,01;0,0;-0,01;0,0
23.08.2026;16:45;17:00;0,88;0,25;-0,26;-0,08;-0,04;0,0;0,0;0,0;-0,02;0,0;-0,39;-0,33;-0,01;0,0;-0,22;-0,16;0,0;0,0;0,0;0,0;-0,23;-0,17;0,0;0,0;-0,01;0,0;-0,01;0,0;-0,02;0,0;0,0;0,0;-0,03;0,0;-0,02;0,0;-0,03;0,0;0,0;0,0;-0,01;0,0;-0,01;0,0;-0,01;0,0;-0,01;0,0;0,0;0,0;-0,01;0,0;-0,01;0,0;-0,02;0,0
23.08.2026;17:00;17:15;0,77;0,2;-0,21;-0,08;-0,04;0,0;0,0;0,0;-0,04;0,0;-0,52;-0,48;0,0;0,0;-0,21;-0,17;-0,01;0,0;0,0;0,0;-0,53;-0,49;0,0;0,0;-0,02;0,0;0,0;0,0;-0,01;0,0;0,0;0,0;-0,18;-0,14;-0,03;0,0;-0,1;-0,06;0,0;0,0;-0,01;0,0;-0,02;0,0;0,0;0,0;-0,03;0,0;0,0;0,0;-0,01;0,0;0,0;0,0;-0,02;0,0
23.08.2026;17:15;17:30;0,49;0,2;-0,27;-0,17;-0,05;-0,04;0,0;0,0;-0,03;-0,02;-0,15;-0,14;-0,01;0,0;-0,46;-0,45;-0,02;-0,01;0,0;0,0;-0,42;-0,41;0,0;0,0;-0,01;0,0;0,0;0,0;-0,01;0,0;0,0;0,0;-0,04;-0,03;-0,04;-0,03;-0,06;-0,05;-0,02;-0,01;-0,01;0,0;-0,01;0,0;-0,07;-0,06;-0,01;0,0;0,0;0,0;-0,01;0,0;0,0;0,0;-0,02;-0,01
23.08.2026;17:30;17:45;0,55;0,17;-0,19;-0,09;-0,05;-0,03;0,0;0,0;-0,02;0,0;-0,23;-0,21;-0,01;0,0;-0,34;-0,32;0,0;0,0;0,0;0,0;-0,04;-0,02;0,0;0,0;0,0;0,0;0,0;0,0;-0,02;0,0;0,0;0,0;-0,04;-0,02;-0,08;-0,06;-0,01;0,0;0,0;0,0;-0,01;0,0;-0,02;0,0;-0,01;0,0;-0,02;0,0;0,0;0,0;-0,01;0,0;-0,01;0,0;-0,02;0,0
23.08.2026;17:45;18:00;0,43;0,18;-0,18;-0,11;-0,04;-0,03;-0,01;0,0;-0,02;-0,01;-0,4;-0,39;-0,01;0,0;-0,08;-0,07;-0,01;0,0;0,0;0,0;-0,05;-0,04;0,0;0,0;-0,01;0,0;0,0;0,0;-0,01;0,0;0,0;0,0;-0,02;-0,01;-0,09;-0,08;-0,01;0,0;0,0;0,0;0,0;0,0;-0,04;-0,03;-0,01;0,0;-0,01;0,0;-0,01;0,0;0,0;0,0;0,0;0,0;-0,01;0,0
23.08.2026;18:00;18:15;0,23;0,17;-0,26;-0,2;-0,05;-0,05;0,0;0,0;-0,02;-0,02;-0,14;-0,14;-0,01;-0,01;-0,1;-0,1;-0,01;-0,01;0,0;0,0;-0,16;-0,16;0,0;0,0;0,0;0,0;0,0;0,0;-0,01;-0,01;0,0;0,0;-0,02;-0,02;-0,08;-0,08;-0,03;-0,03;-0,02;-0,02;-0,01;-0,01;-0,05;-0,05;-0,01;-0,01;-0,02;-0,02;0,0;0,0;-0,02;-0,02;-0,01;-0,01;-0,02;-0,02
23.08.2026;18:15;18:30;0,0;0,0;-0,28;-0,28;-0,04;-0,04;0,0;0,0;-0,02;-0,02;-0,13;-0,13;0,0;0,0;-0,1;-0,1;0,0;0,0;-0,01;-0,01;-0,19;-0,19;0,0;0,0;-0,02;-0,02;0,0;0,0;-0,02;-0,02;0,0;0,0;-0,01;-0,01;-0,09;-0,09;-0,03;-0,03;-0,01;-0,01;-0,01;-0,01;-0,06;-0,06;-0,01;-0,01;-0,07;-0,07;0,0;0,0;-0,14;-0,14;0,0;0,0;-0,02;-0,02
23.08.2026;18:30;18:45;0,0;0,0;-0,2;-0,2;-0,04;-0,04;0,0;0,0;-0,01;-0,01;-0,11;-0,11;-0,01;-0,01;-0,1;-0,1;-0,01;-0,01;0,0;0,0;-0,03;-0,03;0,0;0,0;-0,01;-0,01;-0,01;-0,01;-0,01;-0,01;0,0;0,0;-0,02;-0,02;-0,08;-0,08;-0,03;-0,03;-0,01;-0,01;0,0;0,0;-0,05;-0,05;-0,01;-0,01;-0,06;-0,06;0,0;0,0;-0,06;-0,06;0,0;0,0;-0,02;-0,02
23.08.2026;18:45;19:00;0,03;0,03;-0,18;-0,18;-0,05;-0,05;0,0;0,0;-0,02;-0,02;-0,12;-0,12;-0,01;-0,01;-0,1;-0,1;-0,01;-0,01;0,0;0,0;-0,03;-0,03;0,0;0,0;-0,01;-0,01;-0,02;-0,02;-0,01;-0,01;0,0;0,0;-0,01;-0,01;-0,08;-0,08;-0,01;-0,01;0,0;0,0;-0,02;-0,02;-0,03;-0,03;-0,01;-0,01;-0,08;-0,08;0,0;0,0;-0,05;-0,05;-0,01;-0,01;-0,02;-0,02
23.08.2026;19:00;19:15;0,08;0,08;-0,26;-0,26;-0,05;-0,05;0,0;0,0;-0,02;-0,02;-0,11;-0,11;-0,01;-0,01;-0,16;-0,16;0,0;0,0;0,0;0,0;-0,01;-0,01;0,0;0,0;0,0;0,0;-0,04;-0,04;-0,02;-0,02;-0,01;-0,01;-0,02;-0,02;-0,07;-0,07;-0,02;-0,02;-0,01;-0,01;0,0;0,0;-0,02;-0,02;-0,04;-0,04;-0,07;-0,07;0,0;0,0;-0,04;-0,04;0,0;0,0;-0,02;-0,02
23.08.2026;19:15;19:30;0,02;0,02;-0,22;-0,22;-0,12;-0,12;0,0;0,0;-0,31;-0,31;-0,09;-0,09;0,0;0,0;-0,22;-0,22;-0,01;-0,01;0,0;0,0;0,0;0,0;0,0;0,0;-0,01;-0,01;-0,04;-0,04;-0,01;-0,01;0,0;0,0;-0,01;-0,01;-0,05;-0,05;-0,01;-0,01;0,0;0,0;-0,01;-0,01;-0,01;-0,01;-0,01;-0,01;-0,07;-0,07;0,0;0,0;-0,05;-0,05;0,0;0,0;-0,01;-0,01
23.08.2026;19:30;19:45;0,02;0,02;-0,35;-0,35;-0,41;-0,41;0,0;0,0;-0,32;-0,32;-0,1;-0,1;-0,02;-0,02;-0,22;-0,22;0,0;0,0;0,0;0,0;-0,02;-0,02;0,0;0,0;-0,01;-0,01;-0,03;-0,03;-0,03;-0,03;0,0;0,0;0,0;0,0;-0,05;-0,05;-0,05;-0,05;-0,01;-0,01;-0,01;-0,01;-0,02;-0,02;-0,01;-0,01;-0,08;-0,08;0,0;0,0;-0,22;-0,22;-0,01;-0,01;-0,01;-0,01
23.08.2026;19:45;20:00;0,01;0,01;-0,33;-0,33;-0,39;-0,39;0,0;0,0;-0,25;-0,25;-0,1;-0,1;-0,03;-0,03;-0,2;-0,2;-0,02;-0,02;0,0;0,0;-0,01;-0,01;0,0;0,0;-0,02;-0,02;-0,04;-0,04;-0,04;-0,04;0,0;0,0;-0,01;-0,01;-0,07;-0,07;-0,12;-0,12;-0,01;-0,01;-0,01;-0,01;-0,04;-0,04;-0,01;-0,01;-0,09;-0,09;-0,01;-0,01;-0,06;-0,06;-0,01;-0,01;-0,03;-0,03
23.08.2026;20:00;20:15;0,01;0,01;-0,21;-0,21;-0,13;-0,13;0,0;0,0;-0,27;-0,27;-0,14;-0,14;-0,08;-0,08;-0,11;-0,11;0,0;0,0;0,0;0,0;-0,02;-0,02;0,0;0,0;0,0;0,0;-0,13;-0,13;-0,02;-0,02;0,0;0,0;-0,04;-0,04;-0,06;-0,06;-0,1;-0,1;0,0;0,0;-0,01;-0,01;-0,05;-0,05;-0,01;-0,01;-0,06;-0,06;0,0;0,0;-0,04;-0,04;0,0;0,0;-0,04;-0,04
23.08.2026;20:15;20:30;0,0;0,0;-0,21;-0,21;-0,15;-0,15;0,0;0,0;-0,05;-0,05;-0,16;-0,16;-0,03;-0,03;-0,08;-0,08;0,0;0,0;0,0;0,0;-0,01;-0,01;0,0;0,0;-0,01;-0,01;0,0;0,0;-0,04;-0,04;0,0;0,0;-0,13;-0,13;-0,05;-0,05;-0,35;-0,35;-0,01;-0,01;-0,01;-0,01;-0,05;-0,05;-0,02;-0,02;-0,04;-0,04;0,0;0,0;-0,05;-0,05;0,0;0,0;-0,04;-0,04
23.08.2026;20:30;20:45;0,0;0,0;-0,27;-0,27;-0,21;-0,21;0,0;0,0;-0,06;-0,06;-0,17;-0,17;-0,04;-0,04;-0,07;-0,07;-0,01;-0,01;0,0;0,0;-0,02;-0,02;-0,01;-0,01;0,0;0,0;0,0;0,0;-0,17;-0,17;0,0;0,0;-0,07;-0,07;-0,04;-0,04;-0,54;-0,54;-0,01;-0,01;0,0;0,0;-0,05;-0,05;-0,01;-0,01;-0,05;-0,05;0,0;0,0;-0,04;-0,04;-0,01;-0,01;-0,04;-0,04
23.08.2026;20:45;21:00;0,0;0,0;-0,2;-0,2;-0,18;-0,18;0,0;0,0;-0,04;-0,04;-0,15;-0,15;-0,03;-0,03;-0,07;-0,07;-0,01;-0,01;0,0;0,0;-0,01;-0,01;0,0;0,0;-0,01;-0,01;0,0;0,0;-0,09;-0,09;0,0;0,0;-0,09;-0,09;-0,05;-0,05;-0,56;-0,56;-0,01;-0,01;-0,01;-0,01;-0,04;-0,04;-0,02;-0,02;-0,06;-0,06;0,0;0,0;-0,28;-0,28;0,0;0,0;-0,03;-0,03
23.08.2026;21:00;21:15;0,0;0,0;-0,17;-0,17;-0,15;-0,15;-0,01;-0,01;-0,04;-0,04;-0,14;-0,14;-0,05;-0,05;-0,06;-0,06;0,0;0,0;0,0;0,0;-0,03;-0,03;0,0;0,0;-0,02;-0,02;-0,01;-0,01;-0,07;-0,07;0,0;0,0;-0,04;-0,04;-0,05;-0,05;-0,08;-0,08;-0,01;-0,01;-0,01;-0,01;-0,05;-0,05;-0,02;-0,02;-0,05;-0,05;0,0;0,0;-0,33;-0,33;-0,01;-0,01;-0,03;-0,03
23.08.2026;21:15;21:30;0,0;0,0;-0,2;-0,2;-0,25;-0,25;0,0;0,0;-0,05;-0,05;-0,15;-0,15;-0,06;-0,06;-0,05;-0,05;-0,01;-0,01;0,0;0,0;-0,05;-0,05;0,0;0,0;-0,01;-0,01;0,0;0,0;-0,06;-0,06;0,0;0,0;-0,02;-0,02;-0,05;-0,05;-0,03;-0,03;0,0;0,0;0,0;0,0;-0,05;-0,05;-0,01;-0,01;-0,01;-0,01;0,0;0,0;-0,04;-0,04;0,0;0,0;-0,03;-0,03
23.08.2026;21:30;21:45;0,0;0,0;-0,21;-0,21;-0,15;-0,15;0,0;0,0;-0,05;-0,05;-0,14;-0,14;-0,06;-0,06;-0,04;-0,04;0,0;0,0;0,0;0,0;-0,05;-0,05;0,0;0,0;0,0;0,0;0,0;0,0;-0,07;-0,07;-0,01;-0,01;-0,02;-0,02;-0,05;-0,05;-0,03;-0,03;-0,01;-0,01;-0,02;-0,02;-0,09;-0,09;-0,01;-0,01;-0,02;-0,02;0,0;0,0;-0,05;-0,05;-0,01;-0,01;-0,02;-0,02
23.08.2026;21:45;22:00;0,0;0,0;-0,21;-0,21;-0,14;-0,14;0,0;0,0;-0,04;-0,04;-0,13;-0,13;-0,07;-0,07;-0,05;-0,05;-0,01;-0,01;0,0;0,0;-0,04;-0,04;0,0;0,0;-0,01;-0,01;0,0;0,0;-0,13;-0,13;0,0;0,0;-0,03;-0,03;-0,04;-0,04;-0,03;-0,03;-0,01;-0,01;0,0;0,0;-0,17;-0,17;-0,01;-0,01;0,0;0,0;-0,01;-0,01;-0,07;-0,07;0,0;0,0;-0,02;-0,02
23.08.2026;22:00;22:15;0,0;0,0;-0,18;-0,18;-0,21;-0,21;0,0;0,0;-0,04;-0,04;-0,2;-0,2;-0,06;-0,06;-0,05;-0,05;-0,01;-0,01;0,0;0,0;-0,05;-0,05;0,0;0,0;0,0;0,0;-0,01;-0,01;-0,07;-0,07;0,0;0,0;-0,02;-0,02;-0,06;-0,06;-0,05;-0,05;0,0;0,0;-0,01;-0,01;-0,21;-0,21;-0,01;-0,01;-0,01;-0,01;0,0;0,0;-0,05;-0,05;0,0;0,0;-0,03;-0,03
23.08.2026;22:15;22:30;0,0;0,0;-0,19;-0,19;-0,15;-0,15;0,0;0,0;-0,02;-0,02;-0,13;-0,13;-0,03;-0,03;-0,06;-0,06;-0,01;-0,01;0,0;0,0;-0,04;-0,04;0,0;0,0;-0,01;-0,01;0,0;0,0;-0,41;-0,41;0,0;0,0;-0,02;-0,02;-0,04;-0,04;-0,01;-0,01;0,0;0,0;-0,01;-0,01;-0,34;-0,34;-0,02;-0,02;-0,02;-0,02;0,0;0,0;-0,05;-0,05;-0,01;-0,01;-0,02;-0,02
23.08.2026;22:30;22:45;0,0;0,0;-0,17;-0,17;-0,14;-0,14;0,0;0,0;-0,03;-0,03;-0,15;-0,15;-0,01;-0,01;-0,05;-0,05;0,0;0,0;0,0;0,0;-0,06;-0,06;0,0;0,0;-0,02;-0,02;0,0;0,0;-0,13;-0,13;0,0;0,0;-0,02;-0,02;-0,05;-0,05;-0,01;-0,01;-0,01;-0,01;0,0;0,0;-0,29;-0,29;0,0;0,0;-0,01;-0,01;0,0;0,0;-0,05;-0,05;0,0;0,0;-0,02;-0,02
23.08.2026;22:45;23:00;0,0;0,0;-0,18;-0,18;-0,13;-0,13;0,0;0,0;-0,04;-0,04;-0,15;-0,15;-0,01;-0,01;-0,05;-0,05;-0,01;-0,01;0,0;0,0;-0,05;-0,05;0,0;0,0;-0,01;-0,01;0,0;0,0;-0,07;-0,07;0,0;0,0;-0,02;-0,02;-0,05;-0,05;-0,01;-0,01;-0,01;-0,01;-0,02;-0,02;-0,06;-0,06;-0,01;-0,01;-0,01;-0,01;0,0;0,0;-0,02;-0,02;-0,01;-0,01;-0,01;-0,01
23.08.2026;23:00;23:15;0,0;0,0;-0,17;-0,17;-0,13;-0,13;0,0;0,0;-0,04;-0,04;-0,13;-0,13;-0,02;-0,02;-0,05;-0,05;0,0;0,0;0,0;0,0;-0,01;-0,01;0,0;0,0;0,0;0,0;-0,01;-0,01;-0,07;-0,07;0,0;0,0;0,0;0,0;-0,04;-0,04;-0,01;-0,01;-0,01;-0,01;0,0;0,0;-0,08;-0,08;-0,01;-0,01;-0,02;-0,02;0,0;0,0;-0,03;-0,03;0,0;0,0;-0,03;-0,03
23.08.2026;23:15;23:30;0,0;0,0;-0,17;-0,17;-0,15;-0,15;0,0;0,0;-0,03;-0,03;-0,13;-0,13;-0,01;-0,01;-0,02;-0,02;-0,01;-0,01;-0,01;-0,01;-0,02;-0,02;0,0;0,0;0,0;0,0;0,0;0,0;-0,32;-0,32;0,0;0,0;-0,01;-0,01;-0,04;-0,04;-0,01;-0,01;-0,01;-0,01;-0,01;-0,01;-0,1;-0,1;-0,01;-0,01;-0,01;-0,01;0,0;0,0;-0,02;-0,02;0,0;0,0;-0,02;-0,02
23.08.2026;23:30;23:45;0,0;0,0;-0,19;-0,19;-0,11;-0,11;0,0;0,0;-0,02;-0,02;-0,12;-0,12;-0,01;-0,01;-0,02;-0,02;0,0;0,0;0,0;0,0;-0,02;-0,02;0,0;0,0;-0,01;-0,01;0,0;0,0;-0,06;-0,06;0,0;0,0;-0,01;-0,01;-0,03;-0,03;-0,01;-0,01;-0,01;-0,01;-0,01;-0,01;-0,1;-0,1;-0,01;-0,01;-0,01;-0,01;0,0;0,0;-0,03;-0,03;-0,01;-0,01;-0,02;-0,02
23.08.2026;23:45;00:00;0,0;0,0;-0,32;-0,32;-0,1;-0,1;0,0;0,0;-0,04;-0,04;-0,12;-0,12;-0,01;-0,01;-0,02;-0,02;-0,01;-0,01;0,0;0,0;-0,01;-0,01;0,0;0,0;-0,02;-0,02;0,0;0,0;-0,07;-0,07;0,0;0,0;-0,02;-0,02;-0,03;-0,03;-0,01;-0,01;-0,01;-0,01;0,0;0,0;-0,1;-0,1;-0,01;-0,01;-0,02;-0,02;-0,01;-0,01;-0,02;-0,02;0,0;0,0;-0,02;-0,02
24.08.2026;00:00;00:15;0,0;0,0;-0,18;-0,18;-0,31;-0,31;0,0;0,0;-0,03;-0,03;-0,15;-0,15;-0,01;-0,01;-0,03;-0,03;-0,01;-0,01;0,0;0,0;-0,01;-0,01;0,0;0,0;-0,01;-0,01;-0,01;-0,01;-0,06;-0,06;-0,01;-0,01;-0,01;-0,01;-0,01;-0,01;-0,01;-0,01;0,0;0,0;-0,01;-0,01;-0,09;-0,09;0,0;0,0;-0,01;-0,01;0,0;0,0;-0,03;-0,03;-0,01;-0,01;-0,02;-0,02
24.08.2026;00:15;00:30;0,0;0,0;-0,17;-0,17;-0,11;-0,11;0,0;0,0;-0,02;-0,02;-0,16;-0,16;-0,01;-0,01;-0,03;-0,03;0,0;0,0;0,0;0,0;-0,02;-0,02;0,0;0,0;-0,01;-0,01;0,0;0,0;-0,03;-0,03;0,0;0,0;-0,02;-0,02;-0,01;-0,01;-0,01;-0,01;-0,01;-0,01;-0,01;-0,01;-0,07;-0,07;-0,01;-0,01;-0,02;-0,02;0,0;0,0;-0,01;-0,01;0,0;0,0;-0,01;-0,01
24.08.2026;00:30;00:45;0,0;0,0;-0,18;-0,18;-0,06;-0,06;-0,01;-0,01;-0,01;-0,01;-0,16;-0,16;-0,01;-0,01;-0,05;-0,05;-0,01;-0,01;0,0;0,0;-0,01;-0,01;0,0;0,0;0,0;0,0;0,0;0,0;-0,02;-0,02;0,0;0,0;0,0;0,0;-0,01;-0,01;-0,01;-0,01;0,0;0,0;-0,01;-0,01;-0,08;-0,08;-0,01;-0,01;-0,01;-0,01;0,0;0,0;-0,03;-0,03;-0,01;-0,01;-0,02;-0,02
24.08.2026;00:45;01:00;0,0;0,0;-0,2;-0,2;-0,04;-0,04;0,0;0,0;-0,01;-0,01;-0,16;-0,16;0,0;0,0;-0,04;-0,04;0,0;0,0;0,0;0,0;0,0;0,0;0,0;0,0;0,0;0,0;0,0;0,0;-0,02;-0,02;0,0;0,0;-0,01;-0,01;-0,02;-0,02;-0,01;-0,01;-0,01;-0,01;-0,01;-0,01;-0,08;-0,08;-0,01;-0,01;-0,02;-0,02;0,0;0,0;-0,02;-0,02;0,0;0,0;-0,02;-0,02
24.08.2026;01:00;01:15;0,0;0,0;-0,2;-0,2;-0,04;-0,04;0,0;0,0;-0,01;-0,01;-0,15;-0,15;-0,01;-0,01;-0,02;-0,02;-0,01;-0,01;0,0;0,0;-0,02;-0,02;0,0;0,0;-0,02;-0,02;-0,01;-0,01;-0,23;-0,23;0,0;0,0;-0,01;-0,01;-0,01;-0,01;-0,01;-0,01;0,0;0,0;-0,01;-0,01;-0,09;-0,09;-0,01;-0,01;-0,01;-0,01;0,0;0,0;-0,03;-0,03;0,0;0,0;-0,03;-0,03
24.08.2026;01:15;01:30;0,0;0,0;-0,17;-0,17;-0,06;-0,06;0,0;0,0;-0,02;-0,02;-0,17;-0,17;-0,01;-0,01;-0,01;-0,01;0,0;0,0;0,0;0,0;-0,01;-0,01;0,0;0,0;-0,02;-0,02;0,0;0,0;-0,04;-0,04;0,0;0,0;-0,01;-0,01;-0,03;-0,03;-0,01;-0,01;-0,01;-0,01;0,0;0,0;-0,08;-0,08;-0,01;-0,01;-0,02;-0,02;0,0;0,0;-0,01;-0,01;-0,01;-0,01;-0,02;-0,02
24.08.2026;01:30;01:45;0,0;0,0;-0,18;-0,18;-0,05;-0,05;0,0;0,0;0,0;0,0;-0,11;-0,11;-0,01;-0,01;-0,01;-0,01;-0,01;-0,01;0,0;0,0;-0,01;-0,01;-0,01;-0,01;0,0;0,0;0,0;0,0;-0,03;-0,03;0,0;0,0;-0,02;-0,02;-0,02;-0,02;-0,01;-0,01;-0,01;-0,01;-0,01;-0,01;-0,09;-0,09;0,0;0,0;-0,01;-0,01;0,0;0,0;-0,03;-0,03;-0,01;-0,01;-0,01;-0,01
24.08.2026;01:45;02:00;0,0;0,0;-0,17;-0,17;-0,04;-0,04;0,0;0,0;-0,01;-0,01;-0,05;-0,05;-0,01;-0,01;-0,02;-0,02;-0,01;-0,01;0,0;0,0;-0,01;-0,01;0,0;0,0;-0,01;-0,01;0,0;0,0;-0,04;-0,04;0,0;0,0;-0,02;-0,02;-0,02;-0,02;-0,01;-0,01;-0,01;-0,01;-0,01;-0,01;-0,08;-0,08;-0,01;-0,01;-0,02;-0,02;-0,01;-0,01;-0,01;-0,01;0,0;0,0;-0,02;-0,02
24.08.2026;02:00;02:15;0,0;0,0;-0,18;-0,18;-0,05;-0,05;0,0;0,0;-0,01;-0,01;-0,06;-0,06;-0,01;-0,01;-0,02;-0,02;-0,01;-0,01;0,0;0,0;-0,01;-0,01;0,0;0,0;0,0;0,0;-0,01;-0,01;-0,03;-0,03;0,0;0,0;0,0;0,0;-0,02;-0,02;-0,01;-0,01;-0,01;-0,01;-0,01;-0,01;-0,08;-0,08;-0,01;-0,01;-0,01;-0,01;0,0;0,0;-0,03;-0,03;0,0;0,0;-0,02;-0,02
24.08.2026;02:15;02:30;0,0;0,0;-0,18;-0,18;-0,04;-0,04;0,0;0,0;-0,02;-0,02;-0,08;-0,08;-0,01;-0,01;-0,02;-0,02;0,0;0,0;0,0;0,0;-0,01;-0,01;0,0;0,0;-0,01;-0,01;0,0;0,0;-0,1;-0,1;0,0;0,0;-0,01;-0,01;-0,03;-0,03;-0,01;-0,01;-0,01;-0,01;-0,01;-0,01;-0,07;-0,07;-0,01;-0,01;-0,01;-0,01;0,0;0,0;-0,02;-0,02;-0,01;-0,01;-0,02;-0,02
24.08.2026;02:30;02:45;0,0;0,0;-0,17;-0,17;-0,05;-0,05;0,0;0,0;-0,01;-0,01;-0,02;-0,02;-0,01;-0,01;-0,02;-0,02;-0,01;-0,01;0,0;0,0;-0,01;-0,01;0,0;0,0;-0,02;-0,02;0,0;0,0;-0,09;-0,09;-0,01;-0,01;0,0;0,0;-0,01;-0,01;-0,01;-0,01;0,0;0,0;0,0;0,0;-0,09;-0,09;-0,01;-0,01;-0,02;-0,02;0,0;0,0;-0,02;-0,02;0,0;0,0;-0,02;-0,02
24.08.2026;02:45;03:00;0,0;0,0;-0,17;-0,17;-0,02;-0,02;0,0;0,0;0,0;0,0;0,0;0,0;-0,01;-0,01;-0,02;-0,02;0,0;0,0;0,0;0,0;-0,01;-0,01;0,0;0,0;-0,01;-0,01;0,0;0,0;-0,09;-0,09;0,0;0,0;-0,02;-0,02;-0,02;-0,02;-0,01;-0,01;-0,01;-0,01;-0,01;-0,01;-0,09;-0,09;0,0;0,0;-0,01;-0,01;0,0;0,0;-0,02;-0,02;0,0;0,0;-0,03;-0,03
24.08.2026;03:00;03:15;0,0;0,0;-0,18;-0,18;-0,02;-0,02;0,0;0,0;-0,01;-0,01;-0,02;-0,02;-0,01;-0,01;-0,02;-0,02;-0,01;-0,01;0,0;0,0;-0,01;-0,01;0,0;0,0;0,0;0,0;-0,01;-0,01;-0,09;-0,09;0,0;0,0;-0,02;-0,02;-0,01;-0,01;-0,01;-0,01;-0,01;-0,01;-0,01;-0,01;-0,09;-0,09;-0,01;-0,01;-0,02;-0,02;0,0;0,0;-0,02;-0,02;-0,01;-0,01;-0,01;-0,01
24.08.2026;03:15;03:30;0,0;0,0;-0,18;-0,18;-0,02;-0,02;0,0;0,0;-0,02;-0,02;-0,01;-0,01;-0,01;-0,01;-0,02;-0,02;0,0;0,0;0,0;0,0;-0,01;-0,01;0,0;0,0;-0,01;-0,01;0,0;0,0;-0,12;-0,12;0,0;0,0;-0,01;-0,01;-0,01;-0,01;-0,01;-0,01;0,0;0,0;-0,01;-0,01;-0,07;-0,07;-0,01;-0,01;-0,01;-0,01;0,0;0,0;-0,02;-0,02;-0,01;-0,01;-0,01;-0,01
24.08.2026;03:30;03:45;0,0;0,0;-0,17;-0,17;-0,02;-0,02;0,0;0,0;-0,01;-0,01;-0,01;-0,01;0,0;0,0;-0,01;-0,01;-0,01;-0,01;0,0;0,0;-0,01;-0,01;0,0;0,0;0,0;0,0;0,0;0,0;-0,07;-0,07;0,0;0,0;-0,01;-0,01;-0,02;-0,02;-0,01;-0,01;-0,01;-0,01;-0,01;-0,01;-0,02;-0,02;-0,01;-0,01;-0,01;-0,01;0,0;0,0;-0,02;-0,02;0,0;0,0;-0,02;-0,02
24.08.2026;03:45;04:00;0,0;0,0;-0,17;-0,17;-0,03;-0,03;-0,01;-0,01;-0,01;-0,01;-0,01;-0,01;-0,01;-0,01;-0,02;-0,02;-0,01;-0,01;0,0;0,0;-0,01;-0,01;0,0;0,0;-0,02;-0,02;0,0;0,0;-0,02;-0,02;0,0;0,0;0,0;0,0;-0,02;-0,02;-0,01;-0,01;0,0;0,0;0,0;0,0;-0,02;-0,02;-0,01;-0,01;-0,02;-0,02;-0,01;-0,01;0,0;0,0;0,0;0,0;-0,02;-0,02
24.08.2026;04:00;04:15;0,0;0,0;-0,16;-0,16;-0,02;-0,02;0,0;0,0;0,0;0,0;0,0;0,0;-0,01;-0,01;-0,02;-0,02;0,0;0,0;0,0;0,0;-0,01;-0,01;0,0;0,0;-0,01;-0,01;0,0;0,0;-0,02;-0,02;0,0;0,0;-0,01;-0,01;-0,02;-0,02;-0,01;-0,01;-0,01;-0,01;-0,01;-0,01;0,0;0,0;-0,01;-0,01;-0,01;-0,01;0,0;0,0;-0,02;-0,02;-0,01;-0,01;-0,03;-0,03
24.08.2026;04:15;04:30;0,0;0,0;-0,17;-0,17;-0,01;-0,01;0,0;0,0;-0,01;-0,01;-0,01;-0,01;-0,01;-0,01;-0,02;-0,02;-0,01;-0,01;-0,01;-0,01;-0,01;-0,01;0,0;0,0;-0,01;-0,01;-0,01;-0,01;-0,01;-0,01;0,0;0,0;-0,02;-0,02;-0,02;-0,02;-0,01;-0,01;-0,01;-0,01;-0,01;-0,01;-0,01;-0,01;0,0;0,0;-0,02;-0,02;0,0;0,0;0,0;0,0;0,0;0,0;-0,02;-0,02
24.08.2026;04:30;04:45;0,0;0,0;-0,17;-0,17;-0,02;-0,02;0,0;0,0;-0,02;-0,02;-0,01;-0,01;-0,01;-0,01;-0,02;-0,02;-0,01;-0,01;0,0;0,0;-0,02;-0,02;0,0;0,0;0,0;0,0;0,0;0,0;-0,02;-0,02;0,0;0,0;-0,01;-0,01;-0,02;-0,02;-0,01;-0,01;-0,01;-0,01;0,0;0,0;-0,01;-0,01;-0,01;-0,01;-0,01;-0,01;0,0;0,0;-0,02;-0,02;-0,01;-0,01;-0,01;-0,01
24.08.2026;04:45;05:00;0,0;0,0;-0,16;-0,16;-0,03;-0,03;0,0;0,0;-0,01;-0,01;-0,01;-0,01;-0,01;-0,01;-0,01;-0,01;0,0;0,0;0,0;0,0;0,0;0,0;0,0;0,0;0,0;0,0;0,0;0,0;-0,01;-0,01;-0,01;-0,01;-0,02;-0,02;-0,03;-0,03;-0,01;-0,01;-0,01;-0,01;-0,02;-0,02;-0,02;-0,02;-0,02;-0,02;-0,01;-0,01;0,0;0,0;0,0;0,0;0,0;0,0;-0,02;-0,02
24.08.2026;05:00;05:15;0,0;0,0;-0,18;-0,18;-0,02;-0,02;0,0;0,0;-0,01;-0,01;-0,01;-0,01;0,0;0,0;0,0;0,0;-0,01;-0,01;0,0;0,0;-0,01;-0,01;0,0;0,0;-0,02;-0,02;0,0;0,0;-0,01;-0,01;0,0;0,0;0,0;0,0;-0,02;-0,02;-0,01;-0,01;-0,01;-0,01;0,0;0,0;-0,01;-0,01;-0,01;-0,01;-0,02;-0,02;0,0;0,0;-0,01;-0,01;0,0;0,0;-0,01;-0,01
24.08.2026;05:15;05:30;0,0;0,0;-0,2;-0,2;-0,01;-0,01;0,0;0,0;0,0;0,0;-0,01;-0,01;-0,01;-0,01;-0,02;-0,02;0,0;0,0;0,0;0,0;-0,02;-0,02;0,0;0,0;-0,02;-0,02;-0,01;-0,01;-0,02;-0,02;0,0;0,0;-0,01;-0,01;-0,11;-0,11;-0,01;-0,01;0,0;0,0;-0,01;-0,01;-0,01;-0,01;-0,02;-0,02;-0,01;-0,01;0,0;0,0;-0,01;-0,01;-0,01;-0,01;-0,03;-0,03
24.08.2026;05:30;05:45;0,0;0,0;-0,18;-0,18;-0,02;-0,02;0,0;0,0;-0,02;-0,02;-0,01;-0,01;-0,01;-0,01;-0,02;-0,02;-0,01;-0,01;0,0;0,0;-0,01;-0,01;0,0;0,0;0,0;0,0;0,0;0,0;-0,01;-0,01;0,0;0,0;-0,01;-0,01;-0,02;-0,02;-0,01;-0,01;0,0;0,0;-0,01;-0,01;-0,01;-0,01;-0,03;-0,03;-0,02;-0,02;0,0;0,0;-0,01;-0,01;0,0;0,0;-0,02;-0,02
24.08.2026;05:45;06:00;0,0;0,0;-0,19;-0,19;-0,03;-0,03;0,0;0,0;-0,01;-0,01;-0,01;-0,01;-0,01;-0,01;-0,02;-0,02;-0,01;-0,01;0,0;0,0;-0,01;-0,01;0,0;0,0;-0,01;-0,01;0,0;0,0;-0,01;-0,01;0,0;0,0;-0,03;-0,03;-0,07;-0,07;-0,01;-0,01;-0,01;-0,01;0,0;0,0;-0,02;-0,02;-0,02;-0,02;-0,01;-0,01;-0,01;-0,01;-0,01;-0,01;0,0;0,0;-0,02;-0,02
24.08.2026;06:00;06:15;0,0;0,0;-0,23;-0,23;-0,02;-0,02;0,0;0,0;-0,01;-0,01;0,0;0,0;-0,01;-0,01;-0,02;-0,02;0,0;0,0;0,0;0,0;0,0;0,0;0,0;0,0;0,0;0,0;-0,01;-0,01;-0,02;-0,02;0,0;0,0;-0,03;-0,03;-0,02;-0,02;-0,01;-0,01;-0,01;-0,01;-0,01;-0,01;-0,01;-0,01;-0,01;-0,01;-0,02;-0,02;0,0;0,0;-0,01;-0,01;-0,01;-0,01;-0,02;-0,02
24.08.2026;06:15;06:30;0,0;0,0;-0,22;-0,22;-0,02;-0,02;0,0;0,0;-0,01;-0,01;-0,01;-0,01;-0,01;-0,01;-0,01;-0,01;-0,01;-0,01;0,0;0,0;-0,02;-0,02;0,0;0,0;-0,01;-0,01;0,0;0,0;-0,01;-0,01;0,0;0,0;-0,02;-0,02;-0,02;-0,02;-0,02;-0,02;0,0;0,0;-0,01;-0,01;-0,01;-0,01;-0,01;-0,01;-0,01;-0,01;0,0;0,0;-0,01;-0,01;-0,01;-0,01;-0,01;-0,01
24.08.2026;06:30;06:45;0,0;0,0;-0,18;-0,18;-0,01;-0,01;0,0;0,0;-0,01;-0,01;-0,01;-0,01;-0,01;-0,01;-0,02;-0,02;-0,01;-0,01;0,0;0,0;-0,04;-0,04;-0,01;-0,01;-0,02;-0,02;0,0;0,0;-0,04;-0,04;0,0;0,0;-0,01;-0,01;-0,02;-0,02;0,0;0,0;-0,01;-0,01;-0,01;-0,01;-0,01;-0,01;-0,01;-0,01;-0,01;-0,01;0,0;0,0;-0,01;-0,01;0,0;0,0;-0,02;-0,02
24.08.2026;06:45;07:00;0,02;0,02;-0,18;-0,18;-0,02;-0,02;0,0;0,0;-0,02;-0,02;-0,01;-0,01;-0,02;-0,02;-0,02;-0,02;0,0;0,0;0,0;0,0;0,0;0,0;0,0;0,0;-0,01;-0,01;0,0;0,0;-0,03;-0,03;0,0;0,0;-0,01;-0,01;-0,03;-0,03;-0,01;-0,01;-0,01;-0,01;-0,01;-0,01;-0,01;-0,01;-0,01;-0,01;-0,01;-0,01;0,0;0,0;-0,01;-0,01;0,0;0,0;-0,02;-0,02
24.08.2026;07:00;07:15;0,12;0,11;-0,18;-0,17;-0,03;-0,03;-0,01;-0,01;-0,01;-0,01;-0,01;-0,01;-0,02;-0,02;-0,02;-0,02;-0,01;-0,01;0,0;0,0;-0,01;-0,01;0,0;0,0;0,0;0,0;0,0;0,0;-0,02;-0,02;0,0;0,0;-0,01;-0,01;-0,02;-0,02;-0,01;-0,01;0,0;0,0;0,0;0,0;-0,01;-0,01;-0,01;-0,01;-0,02;-0,02;0,0;0,0;-0,01;-0,01;-0,01;-0,01;-0,02;-0,02
24.08.2026;07:15;07:30;0,12;0,11;-0,18;-0,17;-0,03;-0,03;0,0;0,0;0,0;0,0;-0,01;-0,01;-0,01;-0,01;-0,02;-0,02;-0,01;-0,01;0,0;0,0;-0,02;-0,02;0,0;0,0;0,0;0,0;0,0;0,0;-0,04;-0,04;-0,01;-0,01;0,0;0,0;-0,02;-0,02;-0,01;-0,01;-0,01;-0,01;-0,01;-0,01;-0,01;-0,01;-0,01;-0,01;-0,01;-0,01;0,0;0,0;-0,01;-0,01;0,0;0,0;-0,02;-0,02
24.08.2026;07:30;07:45;0,17;0,12;-0,18;-0,13;-0,01;-0,01;0,0;0,0;-0,01;-0,01;-0,01;-0,01;-0,02;-0,02;-0,01;-0,01;0,0;0,0;0,0;0,0;-0,01;-0,01;0,0;0,0;-0,01;-0,01;0,0;0,0;-0,04;-0,04;0,0;0,0;0,0;0,0;-0,02;-0,02;-0,01;-0,01;-0,01;-0,01;-0,01;-0,01;-0,01;-0,01;-0,01;-0,01;-0,02;-0,02;0,0;0,0;0,0;0,0;-0,01;-0,01;-0,02;-0,02
24.08.2026;07:45;08:00;0,43;0,18;-0,27;-0,2;-0,13;-0,12;0,0;0,0;-0,04;-0,03;-0,02;-0,01;0,0;0,0;-0,02;-0,01;-0,01;0,0;0,0;0,0;0,0;0,0;0,0;0,0;-0,02;-0,01;0,0;0,0;-0,03;-0,02;0,0;0,0;-0,01;0,0;-0,02;-0,01;-0,01;0,0;-0,01;0,0;-0,01;0,0;-0,01;0,0;-0,01;0,0;-0,01;0,0;-0,01;0,0;-0,02;-0,01;0,0;0,0;-0,02;-0,01
24.08.2026;08:00;08:15;0,41;0,16;-0,17;-0,1;-0,03;-0,02;0,0;0,0;-0,15;-0,14;-0,04;-0,03;-0,01;0,0;-0,02;-0,01;0,0;0,0;0,0;0,0;-0,01;0,0;0,0;0,0;-0,01;0,0;0,0;0,0;-0,02;-0,01;0,0;0,0;-0,02;-0,01;-0,01;0,0;-0,01;0,0;-0,01;0,0;-0,01;0,0;-0,01;0,0;-0,01;0,0;-0,02;-0,01;0,0;0,0;0,0;0,0;-0,01;0,0;-0,04;-0,03
24.08.2026;08:15;08:30;0,44;0,19;-0,19;-0,11;-0,11;-0,1;0,0;0,0;-0,04;-0,03;-0,02;-0,01;-0,01;0,0;-0,02;-0,01;-0,01;0,0;0,0;0,0;-0,01;0,0;0,0;0,0;0,0;0,0;0,0;0,0;-0,02;-0,01;0,0;0,0;-0,01;0,0;-0,01;0,0;-0,01;0,0;0,0;0,0;-0,01;0,0;-0,01;0,0;-0,01;0,0;-0,02;-0,01;0,0;0,0;-0,02;-0,01;0,0;0,0;-0,05;-0,04
24.08.2026;08:30;08:45;0,52;0,19;-0,19;-0,09;-0,08;-0,06;0,0;0,0;-0,04;-0,02;-0,02;0,0;-0,01;0,0;-0,01;0,0;0,0;0,0;0,0;0,0;-0,01;0,0;0,0;0,0;-0,01;0,0;0,0;0,0;-0,01;0,0;0,0;0,0;-0,01;0,0;-0,01;0,0;-0,04;-0,02;-0,01;0,0;0,0;0,0;-0,02;0,0;-0,01;0,0;-0,11;-0,09;0,0;0,0;0,0;0,0;0,0;0,0;-0,05;-0,03
24.08.2026;08:45;09:00;0,89;0,27;-0,2;0,0;-0,31;-0,24;0,0;0,0;-0,03;0,0;-0,01;0,0;0,0;0,0;0,0;0,0;-0,01;0,0;0,0;0,0;-0,01;0,0;0,0;0,0;0,0;0,0;-0,01;0,0;-0,02;0,0;0,0;0,0;0,0;0,0;-0,02;0,0;-0,2;-0,13;-0,01;0,0;-0,01;0,0;-0,01;0,0;-0,01;0,0;-0,03;0,0;0,0;0,0;-0,02;0,0;-0,01;0,0;-0,12;-0,05
24.08.2026;09:00;09:15;0,96;0,25;-0,26;-0,05;-0,28;-0,21;0,0;0,0;-0,07;0,0;-0,02;0,0;-0,01;0,0;-0,02;0,0;-0,01;0,0;0,0;0,0;-0,01;0,0;0,0;0,0;-0,01;0,0;0,0;0,0;-0,01;0,0;0,0;0,0;-0,01;0,0;-0,02;0,0;-0,09;-0,02;0,0;0,0;-0,01;0,0;-0,01;0,0;-0,01;0,0;-0,14;-0,07;0,0;0,0;0,0;0,0;0,0;0,0;-0,31;-0,24
24.08.2026;09:15;09:30;1,12;0,4;-0,19;0,0;-0,09;-0,01;0,0;0,0;-0,04;0,0;-0,01;0,0;-0,01;0,0;-0,02;0,0;-0,01;0,0;-0,01;0,0;-0,01;0,0;0,0;0,0;-0,02;0,0;0,0;0,0;-0,01;0,0;0,0;0,0;0,0;0,0;-0,02;0,0;-0,09;-0,01;0,0;0,0;-0,01;0,0;-0,01;0,0;-0,01;0,0;-0,32;-0,24;0,0;0,0;-0,01;0,0;-0,01;0,0;-0,42;-0,34
24.08.2026;09:30;09:45;1,22;0,45;-0,2;0,0;-0,15;-0,06;0,0;0,0;-0,07;0,0;-0,03;0,0;-0,01;0,0;-0,01;0,0;0,0;0,0;0,0;0,0;-0,01;0,0;0,0;0,0;-0,01;0,0;0,0;0,0;-0,02;0,0;0,0;0,0;-0,01;0,0;-0,03;0,0;-0,07;0,0;-0,01;0,0;-0,01;0,0;-0,09;0,0;0,0;0,0;-0,04;0,0;0,0;0,0;-0,01;0,0;0,0;0,0;-0,05;0,0
24.08.2026;09:45;10:00;1,34;0,54;-0,26;0,0;-0,05;0,0;0,0;0,0;-0,04;0,0;-0,05;0,0;-0,01;0,0;-0,04;0,0;-0,01;0,0;0,0;0,0;-0,01;0,0;0,0;0,0;0,0;0,0;0,0;0,0;-0,01;0,0;-0,01;0,0;-0,02;0,0;-0,03;0,0;-0,06;0,0;-0,01;0,0;0,0;0,0;-0,09;0,0;-0,01;0,0;-0,04;0,0;-0,01;0,0;-0,01;0,0;0,0;0,0;-0,03;0,0
24.08.2026;10:00;10:15;0,79;0,24;-0,27;-0,09;-0,03;0,0;0,0;0,0;-0,04;0,0;-0,01;0,0;-0,01;0,0;-0,02;0,0;0,0;0,0;0,0;0,0;-0,01;0,0;0,0;0,0;-0,01;0,0;0,0;0,0;-0,01;0,0;0,0;0,0;-0,01;0,0;-0,02;0,0;-0,03;0,0;-0,01;0,0;-0,01;0,0;-0,35;-0,3;-0,01;0,0;-0,08;-0,03;0,0;0,0;-0,01;0,0;-0,01;0,0;-0,02;0,0
24.08.2026;10:15;10:30;0,02;0,02;-0,25;-0,25;-0,19;-0,19;0,0;0,0;-0,01;-0,01;-0,02;-0,02;-0,02;-0,02;-0,02;-0,02;-0,01;-0,01;0,0;0,0;-0,01;-0,01;0,0;0,0;0,0;0,0;0,0;0,0;-0,02;-0,02;0,0;0,0;-0,01;-0,01;-0,03;-0,03;-0,01;-0,01;-0,01;-0,01;-0,01;-0,01;-0,56;-0,56;-0,01;-0,01;-0,15;-0,15;0,0;0,0;-0,01;-0,01;0,0;0,0;-0,02;-0,02
24.08.2026;10:30;10:45;0,0;0,0;-0,18;-0,18;-0,35;-0,35;-0,01;-0,01;-0,06;-0,06;-0,02;-0,02;-0,01;-0,01;-0,02;-0,02;0,0;0,0;0,0;0,0;-0,01;-0,01;0,0;0,0;-0,02;-0,02;0,0;0,0;-0,01;-0,01;0,0;0,0;0,0;0,0;-0,02;-0,02;-0,01;-0,01;-0,01;-0,01;-0,01;-0,01;-0,1;-0,1;-0,01;-0,01;-0,16;-0,16;0,0;0,0;-0,01;-0,01;-0,01;-0,01;-0,02;-0,02
24.08.2026;10:45;11:00;1,27;0,69;-0,18;0,0;-0,02;0,0;0,0;0,0;-0,02;0,0;-0,01;0,0;-0,01;0,0;-0,02;0,0;-0,01;0,0;0,0;0,0;-0,01;0,0;0,0;0,0;-0,01;0,0;0,0;0,0;-0,02;0,0;0,0;0,0;0,0;0,0;-0,02;0,0;-0,01;0,0;0,0;0,0;-0,01;0,0;-0,07;0,0;-0,01;0,0;-0,16;-0,03;0,0;0,0;-0,01;0,0;0,0;0,0;-0,01;0,0
24.08.2026;11:00;11:15;1,61;1,05;-0,17;0,0;-0,02;0,0;0,0;0,0;-0,02;0,0;-0,01;0,0;0,0;0,0;-0,02;0,0;-0,01;0,0;0,0;0,0;-0,01;0,0;0,0;0,0;-0,01;0,0;0,0;0,0;-0,01;0,0;0,0;0,0;-0,01;0,0;-0,03;0,0;-0,01;0,0;-0,01;0,0;0,0;0,0;-0,03;0,0;0,0;0,0;-0,15;0,0;0,0;0,0;-0,01;0,0;-0,01;0,0;-0,02;0,0
24.08.2026;11:15;11:30;1,66;1,07;-0,19;0,0;-0,02;0,0;0,0;0,0;-0,01;0,0;-0,02;0,0;-0,01;0,0;-0,01;0,0;-0,01;0,0;0,0;0,0;-0,01;0,0;0,0;0,0;0,0;0,0;0,0;0,0;-0,01;0,0;0,0;0,0;-0,01;0,0;-0,04;0,0;-0,01;0,0;0,0;0,0;-0,01;0,0;-0,03;0,0;-0,1;0,0;-0,07;0,0;0,0;0,0;0,0;0,0;0,0;0,0;-0,03;0,0
24.08.2026;11:30;11:45;1,76;1,2;-0,18;0,0;-0,02;0,0;0,0;0,0;-0,01;0,0;-0,02;0,0;-0,01;0,0;-0,02;0,0;0,0;0,0;0,0;0,0;-0,01;0,0;-0,01;0,0;-0,01;0,0;0,0;0,0;-0,02;0,0;0,0;0,0;-0,02;0,0;-0,03;0,0;-0,01;0,0;-0,01;0,0;-0,01;0,0;-0,06;0,0;-0,02;0,0;-0,03;0,0;0,0;0,0;-0,02;0,0;0,0;0,0;-0,04;0,0
24.08.2026;11:45;12:00;1,85;1,23;-0,25;0,0;-0,01;0,0;0,0;0,0;0,0;0,0;-0,01;0,0;-0,01;0,0;-0,02;0,0;-0,01;0,0;0,0;0,0;-0,01;0,0;0,0;0,0;-0,01;0,0;0,0;0,0;-0,01;0,0;0,0;0,0;-0,01;0,0;-0,04;0,0;-0,01;0,0;-0,01;0,0;0,0;0,0;-0,08;0,0;-0,02;0,0;-0,07;0,0;-0,01;0,0;0,0;0,0;-0,01;0,0;-0,02;0,0
24.08.2026;12:00;12:15;1,94;1,21;-0,22;0,0;-0,02;0,0;0,0;0,0;-0,02;0,0;-0,02;0,0;-0,05;0,0;-0,02;0,0;0,0;0,0;0,0;0,0;-0,01;0,0;0,0;0,0;-0,02;0,0;0,0;0,0;-0,01;0,0;0,0;0,0;0,0;0,0;-0,03;0,0;-0,01;0,0;0,0;0,0;-0,02;0,0;-0,07;0,0;-0,03;0,0;-0,14;0,0;0,0;0,0;-0,01;0,0;-0,01;0,0;-0,02;0,0
24.08.2026;12:15;12:30;1,01;0,35;-0,28;-0,04;-0,03;0,0;0,0;0,0;-0,02;0,0;-0,04;0,0;-0,01;0,0;-0,02;0,0;-0,01;0,0;0,0;0,0;0,0;0,0;0,0;0,0;0,0;0,0;-0,01;0,0;-0,02;0,0;-0,01;0,0;0,0;0,0;-0,04;0,0;-0,01;0,0;-0,01;0,0;0,0;0,0;-0,35;-0,27;-0,04;0,0;-0,04;0,0;0,0;0,0;-0,01;0,0;0,0;0,0;-0,02;0,0
24.08.2026;12:30;12:45;1,96;1,09;-0,28;0,0;-0,02;0,0;0,0;0,0;-0,01;0,0;-0,04;0,0;-0,14;0,0;0,0;0,0;-0,01;0,0;0,0;0,0;-0,01;0,0;0,0;0,0;-0,01;0,0;0,0;0,0;-0,01;0,0;0,0;0,0;0,0;0,0;-0,04;0,0;-0,01;0,0;-0,01;0,0;-0,01;0,0;-0,33;-0,11;-0,01;0,0;-0,02;0,0;0,0;0,0;-0,01;0,0;0,0;0,0;-0,01;0,0
24.08.2026;12:45;13:00;0,75;0,24;-0,27;-0,11;-0,02;0,0;0,0;0,0;0,0;0,0;-0,04;0,0;-0,56;-0,52;-0,02;0,0;0,0;0,0;0,0;0,0;-0,02;0,0;0,0;0,0;0,0;0,0;0,0;0,0;-0,01;0,0;0,0;0,0;-0,02;0,0;-0,04;0,0;-0,01;0,0;0,0;0,0;-0,01;0,0;-0,19;-0,15;-0,01;0,0;-0,04;0,0;0,0;0,0;-0,01;0,0;-0,01;0,0;-0,01;0,0
24.08.2026;13:00;13:15;0,87;0,25;-0,21;-0,03;-0,09;-0,03;0,0;0,0;-0,01;0,0;-0,04;0,0;-0,31;-0,25;-0,02;0,0;-0,01;0,0;0,0;0,0;-0,01;0,0;0,0;0,0;-0,01;0,0;0,0;0,0;-0,03;0,0;0,0;0,0;-0,01;0,0;-0,03;0,0;-0,01;0,0;-0,01;0,0;0,0;0,0;-0,19;-0,13;-0,01;0,0;-0,02;0,0;0,0;0,0;-0,01;0,0;0,0;0,0;-0,03;0,0
24.08.2026;13:15;13:30;1,31;0,66;-0,22;0,0;-0,03;0,0;0,0;0,0;-0,02;0,0;-0,04;0,0;-0,01;0,0;-0,02;0,0;0,0;0,0;0,0;0,0;0,0;0,0;0,0;0,0;-0,02;0,0;0,0;0,0;-0,04;0,0;0,0;0,0;-0,01;0,0;-0,04;0,0;-0,01;0,0;-0,01;0,0;-0,01;0,0;-0,11;0,0;-0,01;0,0;-0,02;0,0;0,0;0,0;0,0;0,0;-0,01;0,0;-0,02;0,0
24.08.2026;13:30;13:45;2,1;1,34;-0,2;0,0;-0,04;0,0;0,0;0,0;-0,15;0,0;-0,04;0,0;0,0;0,0;-0,02;0,0;-0,01;0,0;0,0;0,0;-0,01;0,0;0,0;0,0;-0,01;0,0;0,0;0,0;-0,03;0,0;0,0;0,0;-0,01;0,0;-0,02;0,0;-0,01;0,0;-0,01;0,0;-0,01;0,0;-0,07;0,0;-0,05;0,0;-0,03;0,0;0,0;0,0;-0,02;0,0;0,0;0,0;-0,02;0,0
24.08.2026;13:45;14:00;1,04;0,29;-0,26;-0,02;-0,05;0,0;-0,01;0,0;-0,25;-0,17;-0,05;0,0;-0,01;0,0;-0,03;0,0;-0,01;0,0;0,0;0,0;-0,02;0,0;0,0;0,0;0,0;0,0;0,0;0,0;-0,03;0,0;0,0;0,0;0,0;0,0;-0,03;0,0;-0,01;0,0;0,0;0,0;-0,01;0,0;-0,12;-0,04;-0,03;0,0;-0,03;0,0;-0,01;0,0;0,0;0,0;0,0;0,0;-0,02;0,0
24.08.2026;14:00;14:15;0,18;0,13;-0,31;-0,26;-0,04;-0,04;0,0;0,0;-0,24;-0,24;-0,04;-0,04;-0,01;-0,01;-0,04;-0,04;0,0;0,0;0,0;0,0;0,0;0,0;0,0;0,0;-0,01;-0,01;0,0;0,0;-0,05;-0,05;0,0;0,0;-0,01;-0,01;-0,03;-0,03;-0,01;-0,01;-0,01;-0,01;-0,01;-0,01;-0,15;-0,15;-0,01;-0,01;-0,03;-0,03;0,0;0,0;-0,03;-0,03;-0,01;-0,01;-0,01;-0,01
24.08.2026;14:15;14:30;0,0;0,0;-0,19;-0,19;-0,04;-0,04;0,0;0,0;-0,16;-0,16;-0,05;-0,05;-0,02;-0,02;-0,02;-0,02;-0,01;-0,01;-0,01;-0,01;-0,03;-0,03;0,0;0,0;0,0;0,0;0,0;0,0;-0,04;-0,04;0,0;0,0;0,0;0,0;-0,02;-0,02;-0,01;-0,01;-0,01;-0,01;-0,01;-0,01;-0,15;-0,15;0,0;0,0;-0,03;-0,03;0,0;0,0;-0,02;-0,02;0,0;0,0;-0,01;-0,01
24.08.2026;14:30;14:45;0,35;0,11;-0,19;-0,12;-0,05;-0,04;0,0;0,0;-0,09;-0,08;-0,04;-0,03;-0,01;0,0;-0,04;-0,03;-0,01;0,0;0,0;0,0;-0,72;-0,71;0,0;0,0;-0,02;-0,01;0,0;0,0;-0,04;-0,03;0,0;0,0;-0,02;-0,01;-0,04;-0,03;-0,01;0,0;0,0;0,0;0,0;0,0;-0,04;-0,03;-0,08;-0,07;-0,04;-0,03;0,0;0,0;-0,02;-0,01;0,0;0,0;-0,02;-0,01
24.08.2026;14:45;15:00;1,44;0,72;-0,18;0,0;-0,05;0,0;0,0;0,0;-0,02;0,0;-0,04;0,0;0,0;0,0;-0,04;0,0;0,0;0,0;0,0;0,0;-0,14;0,0;0,0;0,0;-0,01;0,0;0,0;0,0;-0,03;0,0;-0,01;0,0;-0,01;0,0;-0,04;0,0;0,0;0,0;-0,01;0,0;-0,01;0,0;-0,01;0,0;-0,02;0,0;-0,03;0,0;0,0;0,0;-0,03;0,0;-0,01;0,0;-0,03;0,0
24.08.2026;15:00;15:15;1,26;0,68;-0,17;0,0;-0,04;0,0;0,0;0,0;-0,02;0,0;-0,05;0,0;-0,01;0,0;-0,03;0,0;-0,01;0,0;0,0;0,0;-0,06;0,0;0,0;0,0;-0,01;0,0;0,0;0,0;-0,01;0,0;0,0;0,0;-0,01;0,0;-0,03;0,0;-0,01;0,0;0,0;0,0;-0,01;0,0;-0,01;0,0;0,0;0,0;-0,04;0,0;0,0;0,0;-0,03;0,0;-0,01;0,0;-0,02;0,0
24.08.2026;15:15;15:30;1,29;0,51;-0,17;0,0;-0,04;0,0;0,0;0,0;-0,39;-0,29;-0,04;0,0;-0,04;0,0;-0,06;0,0;0,0;0,0;0,0;0,0;-0,31;-0,21;0,0;0,0;0,0;0,0;0,0;0,0;-0,02;0,0;0,0;0,0;-0,01;0,0;-0,02;0,0;-0,01;0,0;-0,01;0,0;-0,01;0,0;-0,02;0,0;-0,06;0,0;-0,03;0,0;0,0;0,0;-0,02;0,0;0,0;0,0;-0,02;0,0
24.08.2026;15:30;15:45;1,02;0,28;-0,23;-0,01;-0,05;0,0;0,0;0,0;-0,27;-0,19;-0,04;0,0;-0,07;0,0;-0,22;-0,14;-0,01;0,0;0,0;0,0;-0,01;0,0;0,0;0,0;-0,01;0,0;-0,01;0,0;-0,01;0,0;0,0;0,0;0,0;0,0;-0,02;0,0;-0,01;0,0;-0,01;0,0;-0,01;0,0;-0,02;0,0;-0,01;0,0;-0,04;0,0;0,0;0,0;-0,02;0,0;0,0;0,0;-0,01;0,0
24.08.2026;15:45;16:00;1,24;0,44;-0,21;0,0;-0,05;0,0;0,0;0,0;-0,12;-0,03;-0,05;0,0;-0,06;0,0;-0,43;-0,34;-0,01;0,0;0,0;0,0;-0,02;0,0;0,0;0,0;-0,01;0,0;-0,04;0,0;-0,01;0,0;0,0;0,0;0,0;0,0;-0,03;0,0;-0,01;0,0;-0,01;0,0;0,0;0,0;-0,01;0,0;-0,02;0,0;-0,03;0,0;-0,01;0,0;-0,02;0,0;-0,01;0,0;-0,01;0,0
24.08.2026;16:00;16:15;1,19;0,62;-0,18;0,0;-0,04;0,0;0,0;0,0;-0,02;0,0;-0,04;0,0;-0,04;0,0;-0,05;0,0;0,0;0,0;0,0;0,0;-0,01;0,0;0,0;0,0;-0,02;0,0;-0,04;0,0;-0,02;0,0;0,0;0,0;-0,01;0,0;-0,01;0,0;-0,01;0,0;-0,01;0,0;-0,01;0,0;-0,02;0,0;0,0;0,0;-0,01;0,0;0,0;0,0;-0,01;0,0;0,0;0,0;-0,02;0,0
24.08.2026;16:15;16:30;1,11;0,46;-0,28;0,0;-0,04;0,0;0,0;0,0;-0,01;0,0;-0,04;0,0;-0,04;0,0;-0,03;0,0;-0,01;0,0;0,0;0,0;-0,01;0,0;0,0;0,0;0,0;0,0;-0,03;0,0;-0,01;0,0;0,0;0,0;-0,01;0,0;-0,02;0,0;-0,01;0,0;-0,01;0,0;-0,01;0,0;-0,01;0,0;-0,01;0,0;-0,02;0,0;0,0;0,0;-0,02;0,0;-0,01;0,0;-0,02;0,0
24.08.2026;16:30;16:45;0,97;0,33;-0,28;-0,05;-0,05;0,0;0,0;0,0;0,0;0,0;-0,05;0,0;-0,04;0,0;-0,05;0,0;-0,01;0,0;0,0;0,0;-0,02;0,0;-0,01;0,0;-0,01;0,0;-0,05;0,0;-0,01;0,0;0,0;0,0;-0,02;0,0;-0,01;0,0;0,0;0,0;0,0;0,0;-0,01;0,0;-0,01;0,0;-0,01;0,0;-0,02;0,0;0,0;0,0;0,0;0,0;0,0;0,0;-0,03;0,0
24.08.2026;16:45;17:00;0,89;0,21;-0,32;-0,14;-0,07;-0,01;0,0;0,0;-0,02;0,0;-0,04;0,0;-0,03;0,0;-0,15;-0,09;0,0;0,0;0,0;0,0;-0,01;0,0;0,0;0,0;0,0;0,0;-0,03;0,0;-0,01;0,0;0,0;0,0;-0,01;0,0;-0,02;0,0;-0,01;0,0;-0,01;0,0;-0,01;0,0;-0,14;-0,08;-0,07;-0,01;-0,01;0,0;0,0;0,0;-0,03;0,0;-0,01;0,0;-0,01;0,0
24.08.2026;17:00;17:15;0,77;0,19;-0,2;-0,07;-0,08;-0,04;-0,01;0,0;-0,02;0,0;-0,04;0,0;-0,02;0,0;-0,05;-0,01;-0,01;0,0;0,0;0,0;-0,02;0,0;0,0;0,0;-0,01;0,0;-0,04;0,0;-0,01;0,0;0,0;0,0;-0,01;0,0;-0,01;0,0;-0,01;0,0;0,0;0,0;0,0;0,0;-0,07;-0,03;-0,11;-0,07;-0,05;-0,01;0,0;0,0;-0,02;0,0;0,0;0,0;-0,02;0,0
24.08.2026;17:15;17:30;0,64;0,2;-0,23;-0,11;-0,05;-0,03;0,0;0,0;-0,02;0,0;-0,05;-0,03;-0,01;0,0;-0,3;-0,28;-0,01;0,0;0,0;0,0;-0,02;0,0;0,0;0,0;-0,02;0,0;-0,04;-0,02;-0,02;0,0;-0,01;0,0;0,0;0,0;-0,02;0,0;-0,01;0,0;-0,01;0,0;-0,01;0,0;-0,01;0,0;-0,05;-0,03;-0,1;-0,08;0,0;0,0;-0,03;-0,01;0,0;0,0;-0,01;0,0
24.08.2026;17:30;17:45;0,55;0,17;-0,34;-0,25;-0,04;-0,02;0,0;0,0;-0,03;-0,01;-0,04;-0,02;0,0;0,0;-0,14;-0,12;0,0;0,0;0,0;0,0;-0,01;0,0;0,0;0,0;-0,01;0,0;-0,04;-0,02;-0,02;0,0;0,0;0,0;-0,01;0,0;-0,03;-0,01;-0,01;0,0;0,0;0,0;-0,01;0,0;-0,01;0,0;-0,04;-0,02;-0,09;-0,07;0,0;0,0;-0,02;0,0;-0,01;0,0;-0,02;0,0
24.08.2026;17:45;18:00;0,43;0,17;-0,29;-0,22;-0,06;-0,05;0,0;0,0;-0,03;-0,02;-0,04;-0,03;-0,01;0,0;-0,2;-0,19;-0,01;0,0;0,0;0,0;-0,01;0,0;0,0;0,0;0,0;0,0;-0,04;-0,03;-0,22;-0,21;0,0;0,0;0,0;0,0;-0,02;-0,01;-0,01;0,0;-0,01;0,0;-0,01;0,0;-0,02;-0,01;-0,01;0,0;-0,07;-0,06;-0,01;0,0;-0,03;-0,02;0,0;0,0;-0,02;-0,01
24.08.2026;18:00;18:15;0,0;0,0;-0,3;-0,3;-0,05;-0,05;0,0;0,0;-0,02;-0,02;-0,11;-0,11;-0,01;-0,01;-0,06;-0,06;0,0;0,0;0,0;0,0;-0,01;-0,01;0,0;0,0;-0,01;-0,01;-0,04;-0,04;-0,07;-0,07;0,0;0,0;-0,01;-0,01;-0,05;-0,05;-0,01;-0,01;-0,01;-0,01;-0,01;-0,01;-0,01;-0,01;-0,01;-0,01;-0,1;-0,1;0,0;0,0;-0,02;-0,02;-0,01;-0,01;-0,02;-0,02
24.08.2026;18:15;18:30;0,0;0,0;-0,18;-0,18;-0,04;-0,04;0,0;0,0;-0,04;-0,04;-0,17;-0,17;-0,01;-0,01;-0,06;-0,06;-0,01;-0,01;0,0;0,0;-0,03;-0,03;0,0;0,0;0,0;0,0;-0,15;-0,15;-0,04;-0,04;0,0;0,0;-0,01;-0,01;-0,07;-0,07;-0,01;-0,01;0,0;0,0;0,0;0,0;-0,01;-0,01;-0,02;-0,02;-0,02;-0,02;0,0;0,0;-0,03;-0,03;0,0;0,0;-0,02;-0,02
24.08.2026;18:30;18:45;0,05;0,05;-0,17;-0,17;-0,04;-0,04;0,0;0,0;-0,01;-0,01;-0,12;-0,12;-0,01;-0,01;-0,06;-0,06;0,0;0,0;0,0;0,0;-0,02;-0,02;0,0;0,0;-0,02;-0,02;-0,19;-0,19;-0,03;-0,03;0,0;0,0;-0,02;-0,02;-0,06;-0,06;0,0;0,0;-0,01;-0,01;-0,01;-0,01;0,0;0,0;-0,02;-0,02;-0,04;-0,04;0,0;0,0;-0,03;-0,03;-0,01;-0,01;-0,02;-0,02
24.08.2026;18:45;19:00;0,07;0,07;-0,28;-0,28;-0,05;-0,05;0,0;0,0;-0,02;-0,02;-0,14;-0,14;-0,01;-0,01;-0,13;-0,13;-0,01;-0,01;0,0;0,0;-0,01;-0,01;0,0;0,0;-0,01;-0,01;-0,2;-0,2;-0,03;-0,03;0,0;0,0;-0,02;-0,02;-0,06;-0,06;-0,01;-0,01;-0,01;-0,01;-0,01;-0,01;-0,02;-0,02;0,0;0,0;-0,09;-0,09;0,0;0,0;-0,02;-0,02;0,0;0,0;-0,01;-0,01
24.08.2026;19:00;19:15;0,08;0,08;-0,32;-0,32;-0,05;-0,05;0,0;0,0;-0,02;-0,02;-0,13;-0,13;-0,01;-0,01;-0,29;-0,29;-0,01;-0,01;0,0;0,0;0,0;0,0;0,0;0,0;-0,01;-0,01;-0,19;-0,19;-0,04;-0,04;0,0;0,0;-0,01;-0,01;-0,07;-0,07;-0,01;-0,01;-0,01;-0,01;-0,01;-0,01;-0,01;-0,01;-0,02;-0,02;-0,09;-0,09;0,0;0,0;-0,03;-0,03;-0,01;-0,01;-0,02;-0,02
24.08.2026;19:15;19:30;0,06;0,06;-0,3;-0,3;-0,04;-0,04;0,0;0,0;-0,01;-0,01;-0,12;-0,12;-0,07;-0,07;-0,08;-0,08;-0,01;-0,01;-0,01;-0,01;-0,21;-0,21;0,0;0,0;0,0;0,0;-0,21;-0,21;-0,03;-0,03;0,0;0,0;-0,1;-0,1;-0,07;-0,07;-0,02;-0,02;-0,01;-0,01;-0,01;-0,01;-0,01;-0,01;-0,01;-0,01;-0,33;-0,33;0,0;0,0;-0,05;-0,05;0,0;0,0;-0,02;-0,02
24.08.2026;19:30;19:45;0,02;0,02;-0,24;-0,24;-0,08;-0,08;0,0;0,0;-0,02;-0,02;-0,14;-0,14;-0,04;-0,04;-0,09;-0,09;0,0;0,0;0,0;0,0;-0,24;-0,24;0,0;0,0;-0,01;-0,01;-0,22;-0,22;-0,03;-0,03;0,0;0,0;-0,07;-0,07;-0,08;-0,08;-0,01;-0,01;0,0;0,0;-0,01;-0,01;-0,01;-0,01;-0,01;-0,01;-0,18;-0,18;0,0;0,0;-0,04;-0,04;0,0;0,0;-0,02;-0,02
24.08.2026;19:45;20:00;0,0;0,0;-0,2;-0,2;-0,07;-0,07;0,0;0,0;0,0;0,0;-0,13;-0,13;-0,16;-0,16;-0,08;-0,08;-0,01;-0,01;0,0;0,0;-0,4;-0,4;0,0;0,0;-0,01;-0,01;-0,81;-0,81;-0,03;-0,03;-0,01;-0,01;-0,02;-0,02;-0,08;-0,08;-0,01;-0,01;-0,01;-0,01;0,0;0,0;-0,01;-0,01;0,0;0,0;-0,09;-0,09;-0,01;-0,01;-0,04;-0,04;-0,01;-0,01;-0,02;-0,02
24.08.2026;20:00;20:15;0,01;0,01;-0,19;-0,19;-0,06;-0,06;0,0;0,0;-0,08;-0,08;-0,11;-0,11;-0,03;-0,03;-0,08;-0,08;0,0;0,0;0,0;0,0;-0,04;-0,04;0,0;0,0;-0,02;-0,02;-0,51;-0,51;-0,03;-0,03;0,0;0,0;-0,01;-0,01;-0,09;-0,09;0,0;0,0;-0,01;-0,01;-0,01;-0,01;-0,01;-0,01;-0,01;-0,01;-0,06;-0,06;0,0;0,0;-0,1;-0,1;0,0;0,0;-0,01;-0,01
24.08.2026;20:15;20:30;0,0;0,0;-0,2;-0,2;-0,06;-0,06;0,0;0,0;-0,4;-0,4;-0,13;-0,13;-0,03;-0,03;-0,09;-0,09;-0,01;-0,01;0,0;0,0;-0,03;-0,03;0,0;0,0;0,0;0,0;-0,34;-0,34;-0,07;-0,07;0,0;0,0;-0,03;-0,03;-0,09;-0,09;-0,03;-0,03;0,0;0,0;-0,01;-0,01;-0,01;-0,01;-0,01;-0,01;-0,05;-0,05;0,0;0,0;-0,11;-0,11;0,0;0,0;-0,02;-0,02
24.08.2026;20:30;20:45;0,0;0,0;-0,17;-0,17;-0,12;-0,12;-0,01;-0,01;-0,33;-0,33;-0,14;-0,14;-0,03;-0,03;-0,09;-0,09;0,0;0,0;0,0;0,0;-0,05;-0,05;0,0;0,0;-0,01;-0,01;-0,05;-0,05;-0,01;-0,01;0,0;0,0;-0,02;-0,02;-0,07;-0,07;-0,05;-0,05;-0,01;-0,01;0,0;0,0;-0,01;-0,01;-0,01;-0,01;-0,05;-0,05;0,0;0,0;-0,03;-0,03;-0,01;-0,01;-0,02;-0,02
24.08.2026;20:45;21:00;0,0;0,0;-0,19;-0,19;-0,1;-0,1;0,0;0,0;-0,05;-0,05;-0,14;-0,14;-0,03;-0,03;-0,09;-0,09;-0,01;-0,01;0,0;0,0;-0,03;-0,03;0,0;0,0;0,0;0,0;-0,02;-0,02;-0,01;-0,01;0,0;0,0;-0,01;-0,01;-0,06;-0,06;-0,05;-0,05;0,0;0,0;-0,02;-0,02;-0,01;-0,01;-0,01;-0,01;-0,07;-0,07;0,0;0,0;-0,02;-0,02;-0,01;-0,01;-0,02;-0,02
24.08.2026;21:00;21:15;0,0;0,0;-0,19;-0,19;-0,07;-0,07;0,0;0,0;-0,05;-0,05;-0,48;-0,48;-0,02;-0,02;-0,09;-0,09;-0,01;-0,01;0,0;0,0;-0,04;-0,04;0,0;0,0;-0,01;-0,01;0,0;0,0;-0,02;-0,02;0,0;0,0;-0,02;-0,02;-0,05;-0,05;-0,02;-0,02;-0,01;-0,01;0,0;0,0;-0,01;-0,01;-0,01;-0,01;-0,02;-0,02;0,0;0,0;-0,04;-0,04;0,0;0,0;-0,02;-0,02
24.08.2026;21:15;21:30;0,0;0,0;-0,19;-0,19;-0,06;-0,06;0,0;0,0;-0,05;-0,05;-0,42;-0,42;-0,04;-0,04;-0,08;-0,08;0,0;0,0;0,0;0,0;-0,05;-0,05;0,0;0,0;-0,02;-0,02;0,0;0,0;-0,03;-0,03;0,0;0,0;-0,01;-0,01;-0,05;-0,05;-0,03;-0,03;-0,01;-0,01;-0,01;-0,01;-0,01;-0,01;-0,01;-0,01;-0,01;-0,01;0,0;0,0;-0,01;-0,01;0,0;0,0;-0,02;-0,02
24.08.2026;21:30;21:45;0,0;0,0;-0,17;-0,17;-0,06;-0,06;0,0;0,0;-0,04;-0,04;-0,11;-0,11;-0,05;-0,05;-0,09;-0,09;-0,01;-0,01;0,0;0,0;-0,04;-0,04;-0,01;-0,01;-0,01;-0,01;0,0;0,0;-0,18;-0,18;0,0;0,0;-0,01;-0,01;-0,05;-0,05;-0,03;-0,03;-0,01;-0,01;-0,01;-0,01;-0,01;-0,01;-0,01;-0,01;-0,01;-0,01;0,0;0,0;-0,04;-0,04;-0,01;-0,01;-0,01;-0,01
24.08.2026;21:45;22:00;0,0;0,0;-0,18;-0,18;-0,05;-0,05;0,0;0,0;-0,05;-0,05;-0,13;-0,13;-0,23;-0,23;-0,08;-0,08;-0,01;-0,01;0,0;0,0;-0,04;-0,04;0,0;0,0;0,0;0,0;0,0;0,0;-0,12;-0,12;0,0;0,0;0,0;0,0;-0,05;-0,05;-0,02;-0,02;-0,01;-0,01;0,0;0,0;-0,01;-0,01;-0,02;-0,02;-0,01;-0,01;-0,01;-0,01;-0,01;-0,01;0,0;0,0;-0,01;-0,01
24.08.2026;22:00;22:15;0,0;0,0;-0,2;-0,2;-0,06;-0,06;0,0;0,0;-0,03;-0,03;-0,15;-0,15;-0,23;-0,23;-0,07;-0,07;0,0;0,0;0,0;0,0;-0,02;-0,02;0,0;0,0;-0,01;-0,01;0,0;0,0;-0,16;-0,16;0,0;0,0;-0,02;-0,02;-0,05;-0,05;-0,02;-0,02;-0,01;-0,01;-0,01;-0,01;-0,02;-0,02;-0,01;-0,01;-0,01;-0,01;0,0;0,0;-0,04;-0,04;-0,01;-0,01;-0,02;-0,02
24.08.2026;22:15;22:30;0,0;0,0;-0,18;-0,18;-0,06;-0,06;0,0;0,0;-0,05;-0,05;-0,13;-0,13;-0,25;-0,25;-0,08;-0,08;-0,01;-0,01;0,0;0,0;-0,02;-0,02;0,0;0,0;0,0;0,0;-0,01;-0,01;-0,16;-0,16;-0,01;-0,01;-0,01;-0,01;-0,06;-0,06;-0,01;-0,01;0,0;0,0;-0,01;-0,01;-0,03;-0,03;-0,01;-0,01;-0,01;-0,01;0,0;0,0;-0,01;-0,01;0,0;0,0;-0,02;-0,02
24.08.2026;22:30;22:45;0,0;0,0;-0,18;-0,18;-0,07;-0,07;0,0;0,0;-0,04;-0,04;-0,13;-0,13;-0,01;-0,01;-0,07;-0,07;0,0;0,0;0,0;0,0;0,0;0,0;0,0;0,0;-0,02;-0,02;0,0;0,0;-0,16;-0,16;0,0;0,0;-0,02;-0,02;-0,03;-0,03;-0,02;-0,02;0,0;0,0;-0,01;-0,01;-0,19;-0,19;-0,01;-0,01;-0,01;-0,01;0,0;0,0;-0,03;-0,03;-0,01;-0,01;-0,03;-0,03
24.08.2026;22:45;23:00;0,0;0,0;-0,24;-0,24;-0,06;-0,06;0,0;0,0;-0,03;-0,03;-0,13;-0,13;-0,02;-0,02;-0,08;-0,08;-0,01;-0,01;0,0;0,0;-0,02;-0,02;0,0;0,0;-0,01;-0,01;0,0;0,0;-0,05;-0,05;0,0;0,0;-0,01;-0,01;-0,04;-0,04;-0,01;-0,01;-0,01;-0,01;-0,01;-0,01;-0,23;-0,23;-0,01;-0,01;-0,02;-0,02;0,0;0,0;-0,01;-0,01;0,0;0,0;-0,02;-0,02
24.08.2026;23:00;23:15;0,0;0,0;-0,23;-0,23;-0,05;-0,05;0,0;0,0;-0,03;-0,03;-0,12;-0,12;-0,02;-0,02;-0,04;-0,04;-0,01;-0,01;0,0;0,0;-0,01;-0,01;0,0;0,0;-0,01;-0,01;0,0;0,0;-0,04;-0,04;0,0;0,0;-0,01;-0,01;-0,04;-0,04;-0,01;-0,01;-0,01;-0,01;0,0;0,0;-0,09;-0,09;-0,01;-0,01;-0,02;-0,02;0,0;0,0;-0,03;-0,03;0,0;0,0;-0,01;-0,01
24.08.2026;23:15;23:30;0,0;0,0;-0,25;-0,25;-0,06;-0,06;0,0;0,0;-0,02;-0,02;-0,13;-0,13;-0,01;-0,01;-0,02;-0,02;0,0;0,0;0,0;0,0;-0,01;-0,01;0,0;0,0;0,0;0,0;0,0;0,0;-0,03;-0,03;0,0;0,0;0,0;0,0;-0,04;-0,04;-0,02;-0,02;0,0;0,0;-0,01;-0,01;-0,08;-0,08;-0,01;-0,01;-0,02;-0,02;0,0;0,0;-0,02;-0,02;-0,01;-0,01;-0,02;-0,02
24.08.2026;23:30;23:45;0,0;0,0;-0,16;-0,16;-0,02;-0,02;0,0;0,0;0,0;0,0;-0,13;-0,13;0,0;0,0;-0,02;-0,02;-0,01;-0,01;0,0;0,0;-0,01;-0,01;0,0;0,0;-0,01;-0,01;0,0;0,0;-0,04;-0,04;0,0;0,0;-0,01;-0,01;-0,05;-0,05;-0,04;-0,04;-0,01;-0,01;-0,01;-0,01;-0,03;-0,03;-0,01;-0,01;-0,01;-0,01;0,0;0,0;-0,03;-0,03;0,0;0,0;-0,03;-0,03
24.08.2026;23:45;00:00;0,0;0,0;-0,17;-0,17;-0,02;-0,02;-0,01;-0,01;-0,01;-0,01;-0,15;-0,15;-0,02;-0,02;-0,01;-0,01;0,0;0,0;0,0;0,0;-0,02;-0,02;0,0;0,0;-0,01;-0,01;-0,01;-0,01;-0,04;-0,04;0,0;0,0;-0,02;-0,02;-0,05;-0,05;-0,03;-0,03;-0,01;-0,01;-0,01;-0,01;-0,03;-0,03;-0,01;-0,01;-0,02;-0,02;-0,01;-0,01;-0,01;-0,01;-0,01;-0,01;-0,02;-0,02
25.08.2026;00:00;00:15;0,0;0,0;-0,19;-0,19;-0,01;-0,01;0,0;0,0;-0,02;-0,02;-0,12;-0,12;-0,01;-0,01;-0,03;-0,03;-0,01;-0,01;0,0;0,0;0,0;0,0;0,0;0,0;-0,02;-0,02;0,0;0,0;-0,04;-0,04;0,0;0,0;-0,02;-0,02;-0,05;-0,05;-0,02;-0,02;0,0;0,0;-0,01;-0,01;-0,03;-0,03;0,0;0,0;-0,01;-0,01;0,0;0,0;-0,03;-0,03;0,0;0,0;-0,02;-0,02
25.08.2026;00:15;00:30;0,0;0,0;-0,17;-0,17;-0,02;-0,02;0,0;0,0;-0,01;-0,01;-0,1;-0,1;-0,01;-0,01;-0,02;-0,02;-0,01;-0,01;-0,01;-0,01;-0,01;-0,01;0,0;0,0;0,0;0,0;0,0;0,0;-0,05;-0,05;0,0;0,0;-0,01;-0,01;-0,06;-0,06;-0,02;-0,02;-0,02;-0,02;0,0;0,0;-0,1;-0,1;-0,01;-0,01;-0,02;-0,02;0,0;0,0;-0,01;-0,01;0,0;0,0;-0,03;-0,03
25.08.2026;00:30;00:45;0,0;0,0;-0,18;-0,18;-0,03;-0,03;0,0;0,0;-0,02;-0,02;-0,12;-0,12;-0,01;-0,01;-0,02;-0,02;-0,01;-0,01;0,0;0,0;-0,02;-0,02;0,0;0,0;-0,01;-0,01;0,0;0,0;-0,03;-0,03;0,0;0,0;-0,01;-0,01;-0,05;-0,05;-0,01;-0,01;-0,01;-0,01;-0,01;-0,01;-0,01;-0,01;-0,01;-0,01;-0,01;-0,01;0,0;0,0;-0,03;-0,03;-0,01;-0,01;-0,01;-0,01
25.08.2026;00:45;01:00;0,0;0,0;-0,19;-0,19;-0,03;-0,03;0,0;0,0;-0,01;-0,01;-0,13;-0,13;-0,01;-0,01;-0,02;-0,02;0,0;0,0;0,0;0,0;0,0;0,0;0,0;0,0;0,0;0,0;0,0;0,0;-0,04;-0,04;-0,01;-0,01;-0,01;-0,01;-0,05;-0,05;-0,01;-0,01;0,0;0,0;-0,01;-0,01;-0,01;-0,01;-0,01;-0,01;-0,01;-0,01;0,0;0,0;-0,01;-0,01;-0,01;-0,01;-0,01;-0,01
25.08.2026;01:00;01:15;0,0;0,0;-0,19;-0,19;-0,01;-0,01;0,0;0,0;0,0;0,0;-0,13;-0,13;0,0;0,0;-0,02;-0,02;-0,01;-0,01;0,0;0,0;-0,01;-0,01;0,0;0,0;-0,01;-0,01;0,0;0,0;-0,04;-0,04;0,0;0,0;0,0;0,0;-0,04;-0,04;-0,01;-0,01;-0,01;-0,01;-0,01;-0,01;-0,03;-0,03;-0,01;-0,01;-0,02;-0,02;0,0;0,0;-0,01;-0,01;0,0;0,0;-0,02;-0,02
25.08.2026;01:15;01:30;0,0;0,0;-0,22;-0,22;-0,01;-0,01;0,0;0,0;-0,01;-0,01;-0,14;-0,14;-0,01;-0,01;-0,02;-0,02;0,0;0,0;0,0;0,0;-0,01;-0,01;0,0;0,0;-0,02;-0,02;0,0;0,0;-0,03;-0,03;0,0;0,0;-0,01;-0,01;-0,02;-0,02;-0,02;-0,02;0,0;0,0;-0,01;-0,01;-0,01;-0,01;-0,01;-0,01;-0,01;-0,01;0,0;0,0;-0,01;-0,01;0,0;0,0;-0,02;-0,02
25.08.2026;01:30;01:45;0,0;0,0;-0,17;-0,17;-0,03;-0,03;0,0;0,0;-0,02;-0,02;-0,08;-0,08;-0,01;-0,01;-0,02;-0,02;-0,01;-0,01;0,0;0,0;-0,01;-0,01;0,0;0,0;-0,01;-0,01;0,0;0,0;-0,04;-0,04;0,0;0,0;-0,02;-0,02;-0,01;-0,01;-0,01;-0,01;-0,01;-0,01;-0,01;-0,01;-0,02;-0,02;0,0;0,0;-0,02;-0,02;0,0;0,0;0,0;0,0;-0,01;-0,01;-0,03;-0,03
25.08.2026;01:45;02:00;0,0;0,0;-0,16;-0,16;-0,02;-0,02;0,0;0,0;-0,01;-0,01;-0,08;-0,08;-0,01;-0,01;-0,02;-0,02;0,0;0,0;0,0;0,0;-0,01;-0,01;0,0;0,0;0,0;0,0;-0,01;-0,01;-0,06;-0,06;0,0;0,0;-0,02;-0,02;-0,01;-0,01;-0,01;-0,01;-0,01;-0,01;0,0;0,0;-0,02;-0,02;-0,01;-0,01;-0,01;-0,01;-0,01;-0,01;-0,02;-0,02;0,0;0,0;-0,02;-0,02
25.08.2026;02:00;02:15;0,0;0,0;-0,17;-0,17;-0,02;-0,02;0,0;0,0;-0,01;-0,01;-0,05;-0,05;-0,01;-0,01;-0,02;-0,02;-0,01;-0,01;0,0;0,0;-0,01;-0,01;0,0;0,0;-0,01;-0,01;0,0;0,0;-0,07;-0,07;0,0;0,0;-0,01;-0,01;-0,01;-0,01;-0,01;-0,01;0,0;0,0;-0,01;-0,01;-0,01;-0,01;-0,01;-0,01;-0,02;-0,02;0,0;0,0;0,0;0,0;0,0;0,0;-0,01;-0,01
25.08.2026;02:15;02:30;0,0;0,0;-0,18;-0,18;-0,01;-0,01;0,0;0,0;0,0;0,0;-0,06;-0,06;-0,01;-0,01;-0,02;-0,02;0,0;0,0;0,0;0,0;-0,01;-0,01;0,0;0,0;0,0;0,0;0,0;0,0;-0,08;-0,08;0,0;0,0;0,0;0,0;-0,03;-0,03;-0,01;-0,01;0,0;0,0;-0,01;-0,01;-0,02;-0,02;-0,01;-0,01;-0,01;-0,01;0,0;0,0;-0,02;-0,02;-0,01;-0,01;-0,01;-0,01
25.08.2026;02:30;02:45;0,0;0,0;-0,19;-0,19;-0,02;-0,02;0,0;0,0;-0,02;-0,02;-0,1;-0,1;0,0;0,0;-0,02;-0,02;-0,01;-0,01;0,0;0,0;-0,01;-0,01;-0,01;-0,01;-0,02;-0,02;0,0;0,0;-0,08;-0,08;0,0;0,0;-0,01;-0,01;-0,02;-0,02;-0,01;-0,01;-0,01;-0,01;-0,01;-0,01;-0,01;-0,01;-0,01;-0,01;-0,01;-0,01;0,0;0,0;0,0;0,0;-0,01;-0,01;-0,03;-0,03
25.08.2026;02:45;03:00;0,0;0,0;-0,16;-0,16;-0,03;-0,03;0,0;0,0;-0,01;-0,01;-0,07;-0,07;-0,01;-0,01;-0,02;-0,02;-0,01;-0,01;0,0;0,0;-0,02;-0,02;0,0;0,0;-0,01;-0,01;0,0;0,0;-0,08;-0,08;0,0;0,0;-0,01;-0,01;-0,02;-0,02;-0,01;-0,01;-0,01;-0,01;-0,01;-0,01;-0,02;-0,02;0,0;0,0;-0,01;-0,01;0,0;0,0;-0,02;-0,02;0,0;0,0;-0,02;-0,02
25.08.2026;03:00;03:15;0,0;0,0;-0,17;-0,17;-0,02;-0,02;-0,01;-0,01;-0,02;-0,02;-0,07;-0,07;-0,01;-0,01;-0,02;-0,02;-0,01;-0,01;0,0;0,0;-0,04;-0,04;0,0;0,0;-0,01;-0,01;0,0;0,0;-0,08;-0,08;0,0;0,0;-0,02;-0,02;-0,02;-0,02;-0,01;-0,01;-0,01;-0,01;0,0;0,0;-0,02;-0,02;-0,01;-0,01;-0,02;-0,02;0,0;0,0;0,0;0,0;0,0;0,0;-0,02;-0,02
25.08.2026;03:15;03:30;0,0;0,0;-0,18;-0,18;-0,01;-0,01;0,0;0,0;0,0;0,0;-0,07;-0,07;-0,01;-0,01;0,0;0,0;0,0;0,0;0,0;0,0;-0,03;-0,03;0,0;0,0;0,0;0,0;0,0;0,0;-0,07;-0,07;-0,01;-0,01;-0,01;-0,01;-0,03;-0,03;-0,01;-0,01;-0,01;-0,01;-0,01;-0,01;0,0;0,0;-0,01;-0,01;-0,01;-0,01;0,0;0,0;-0,01;-0,01;-0,01;-0,01;-0,02;-0,02
25.08.2026;03:30;03:45;0,0;0,0;-0,18;-0,18;-0,02;-0,02;0,0;0,0;-0,01;-0,01;-0,03;-0,03;-0,01;-0,01;-0,01;-0,01;-0,01;-0,01;0,0;0,0;-0,01;-0,01;0,0;0,0;-0,01;-0,01;-0,01;-0,01;-0,26;-0,26;0,0;0,0;-0,02;-0,02;-0,01;-0,01;-0,01;-0,01;-0,01;-0,01;-0,01;-0,01;-0,03;-0,03;-0,01;-0,01;-0,02;-0,02;0,0;0,0;-0,01;-0,01;0,0;0,0;-0,02;-0,02
25.08.2026;03:45;04:00;0,0;0,0;-0,19;-0,19;-0,03;-0,03;0,0;0,0;-0,01;-0,01;-0,03;-0,03;-0,01;-0,01;-0,02;-0,02;0,0;0,0;0,0;0,0;-0,02;-0,02;0,0;0,0;-0,01;-0,01;0,0;0,0;-0,1;-0,1;0,0;0,0;0,0;0,0;-0,01;-0,01;-0,01;-0,01;0,0;0,0;0,0;0,0;-0,01;-0,01;-0,01;-0,01;-0,01;-0,01;-0,01;-0,01;-0,01;-0,01;-0,01;-0,01;-0,01;-0,01
25.08.2026;04:00;04:15;0,0;0,0;-0,18;-0,18;-0,02;-0,02;0,0;0,0;-0,02;-0,02;-0,04;-0,04;-0,01;-0,01;-0,02;-0,02;-0,01;-0,01;0,0;0,0;0,0;0,0;0,0;0,0;-0,01;-0,01;0,0;0,0;-0,09;-0,09;0,0;0,0;-0,01;-0,01;-0,01;-0,01;-0,01;-0,01;-0,01;-0,01;-0,01;-0,01;-0,01;-0,01;0,0;0,0;-0,02;-0,02;0,0;0,0;-0,01;-0,01;0,0;0,0;-0,02;-0,02
25.08.2026;04:15;04:30;0,0;0,0;-0,18;-0,18;-0,02;-0,02;0,0;0,0;-0,01;-0,01;-0,03;-0,03;0,0;0,0;-0,02;-0,02;0,0;0,0;0,0;0,0;-0,01;-0,01;0,0;0,0;-0,01;-0,01;0,0;0,0;-0,06;-0,06;0,0;0,0;0,0;0,0;-0,02;-0,02;-0,01;-0,01;0,0;0,0;-0,01;-0,01;-0,02;-0,02;-0,01;-0,01;-0,01;-0,01;0,0;0,0;-0,01;-0,01;0,0;0,0;-0,02;-0,02
25.08.2026;04:30;04:45;0,0;0,0;-0,17;-0,17;-0,01;-0,01;0,0;0,0;-0,01;-0,01;-0,02;-0,02;-0,01;-0,01;-0,02;-0,02;-0,01;-0,01;0,0;0,0;-0,01;-0,01;0,0;0,0;-0,01;-0,01;0,0;0,0;-0,05;-0,05;0,0;0,0;-0,02;-0,02;-0,01;-0,01;-0,01;-0,01;-0,01;-0,01;-0,01;-0,01;-0,01;-0,01;-0,01;-0,01;-0,02;-0,02;0,0;0,0;-0,02;-0,02;-0,01;-0,01;-0,03;-0,03
25.08.2026;04:45;05:00;0,0;0,0;-0,16;-0,16;-0,02;-0,02;0,0;0,0;-0,01;-0,01;0,0;0,0;-0,01;-0,01;-0,01;-0,01;-0,01;-0,01;0,0;0,0;-0,01;-0,01;0,0;0,0;0,0;0,0;0,0;0,0;-0,05;-0,05;0,0;0,0;-0,02;-0,02;-0,03;-0,03;-0,01;-0,01;-0,01;-0,01;-0,01;-0,01;-0,02;-0,02;-0,01;-0,01;-0,01;-0,01;0,0;0,0;-0,02;-0,02;0,0;0,0;-0,01;-0,01
25.08.2026;05:00;05:15;0,0;0,0;-0,17;-0,17;-0,03;-0,03;0,0;0,0;-0,01;-0,01;-0,01;-0,01;-0,01;-0,01;-0,02;-0,02;0,0;0,0;0,0;0,0;-0,01;-0,01;0,0;0,0;-0,01;-0,01;0,0;0,0;-0,06;-0,06;0,0;0,0;-0,01;-0,01;-0,02;-0,02;-0,01;-0,01;0,0;0,0;0,0;0,0;-0,01;-0,01;-0,01;-0,01;-0,01;-0,01;0,0;0,0;-0,04;-0,04;0,0;0,0;-0,02;-0,02
25.08.2026;05:15;05:30;0,0;0,0;-0,18;-0,18;-0,02;-0,02;0,0;0,0;-0,02;-0,02;-0,01;-0,01;-0,01;-0,01;-0,02;-0,02;-0,01;-0,01;-0,01;-0,01;-0,01;-0,01;0,0;0,0;-0,01;-0,01;0,0;0,0;-0,04;-0,04;0,0;0,0;-0,2;-0,2;-0,02;-0,02;-0,01;-0,01;-0,01;-0,01;-0,01;-0,01;-0,02;-0,02;-0,01;-0,01;-0,02;-0,02;0,0;0,0;-0,01;-0,01;-0,01;-0,01;-0,01;-0,01
25.08.2026;05:30;05:45;0,0;0,0;-0,24;-0,24;-0,01;-0,01;0,0;0,0;-0,01;-0,01;-0,01;-0,01;-0,01;-0,01;-0,02;-0,02;0,0;0,0;0,0;0,0;-0,01;-0,01;0,0;0,0;-0,02;-0,02;-0,01;-0,01;-0,04;-0,04;0,0;0,0;0,0;0,0;-0,02;-0,02;-0,02;-0,02;-0,01;-0,01;-0,01;-0,01;-0,04;-0,04;0,0;0,0;-0,01;-0,01;0,0;0,0;-0,03;-0,03;-0,01;-0,01;-0,02;-0,02
25.08.2026;05:45;06:00;0,0;0,0;-0,23;-0,23;-0,02;-0,02;0,0;0,0;0,0;0,0;0,0;0,0;-0,01;-0,01;-0,01;-0,01;-0,01;-0,01;0,0;0,0;-0,01;-0,01;0,0;0,0;0,0;0,0;0,0;0,0;-0,06;-0,06;-0,01;-0,01;-0,01;-0,01;-0,03;-0,03;-0,01;-0,01;0,0;0,0;0,0;0,0;-0,05;-0,05;-0,01;-0,01;-0,01;-0,01;-0,01;-0,01;-0,01;-0,01;0,0;0,0;-0,02;-0,02
25.08.2026;06:00;06:15;0,0;0,0;-0,24;-0,24;-0,03;-0,03;0,0;0,0;-0,02;-0,02;-0,01;-0,01;0,0;0,0;-0,02;-0,02;-0,01;-0,01;0,0;0,0;-0,01;-0,01;0,0;0,0;-0,01;-0,01;0,0;0,0;-0,04;-0,04;0,0;0,0;-0,06;-0,06;-0,02;-0,02;-0,01;-0,01;-0,01;-0,01;-0,02;-0,02;-0,02;-0,02;-0,01;-0,01;-0,02;-0,02;0,0;0,0;-0,02;-0,02;0,0;0,0;-0,03;-0,03
25.08.2026;06:15;06:30;0,0;0,0;-0,18;-0,18;-0,11;-0,11;0,0;0,0;-0,01;-0,01;-0,01;-0,01;-0,02;-0,02;-0,02;-0,02;0,0;0,0;0,0;0,0;-0,01;-0,01;0,0;0,0;0,0;0,0;-0,01;-0,01;-0,03;-0,03;0,0;0,0;-0,41;-0,41;-0,01;-0,01;0,0;0,0;-0,01;-0,01;0,0;0,0;-0,02;-0,02;-0,01;-0,01;-0,01;-0,01;0,0;0,0;-0,01;-0,01;-0,01;-0,01;-0,01;-0,01
25.08.2026;06:30;06:45;0,0;0,0;-0,19;-0,19;-0,02;-0,02;-0,01;-0,01;-0,02;-0,02;-0,01;-0,01;-0,01;-0,01;-0,02;-0,02;-0,01;-0,01;0,0;0,0;0,0;0,0;0,0;0,0;-0,01;-0,01;0,0;0,0;-0,02;-0,02;0,0;0,0;-0,27;-0,27;-0,01;-0,01;-0,02;-0,02;-0,01;-0,01;-0,01;-0,01;-0,02;-0,02;-0,01;-0,01;-0,02;-0,02;0,0;0,0;-0,01;-0,01;0,0;0,0;-0,01;-0,01
25.08.2026;06:45;07:00;0,01;0,01;-0,2;-0,2;-0,1;-0,1;0,0;0,0;-0,07;-0,07;-0,01;-0,01;-0,02;-0,02;-0,01;-0,01;-0,01;-0,01;0,0;0,0;-0,06;-0,06;0,0;0,0;-0,02;-0,02;0,0;0,0;-0,02;-0,02;0,0;0,0;-0,28;-0,28;-0,12;-0,12;-0,01;-0,01;0,0;0,0;-0,01;-0,01;-0,01;-0,01;0,0;0,0;-0,01;-0,01;0,0;0,0;-0,01;-0,01;-0,01;-0,01;-0,02;-0,02
25.08.2026;07:00;07:15;0,02;0,02;-0,2;-0,2;-0,21;-0,21;0,0;0,0;-0,06;-0,06;0,0;0,0;-0,01;-0,01;-0,01;-0,01;0,0;0,0;0,0;0,0;-0,01;-0,01;0,0;0,0;-0,01;-0,01;0,0;0,0;-0,02;-0,02;0,0;0,0;-0,02;-0,02;-0,07;-0,07;0,0;0,0;-0,01;-0,01;0,0;0,0;-0,01;-0,01;-0,01;-0,01;-0,01;-0,01;0,0;0,0;-0,01;-0,01;0,0;0,0;-0,04;-0,04
25.08.2026;07:15;07:30;0,05;0,05;-0,2;-0,2;-0,06;-0,06;0,0;0,0;-0,04;-0,04;-0,01;-0,01;-0,01;-0,01;-0,01;-0,01;-0,01;-0,01;0,0;0,0;-0,01;-0,01;0,0;0,0;0,0;0,0;0,0;0,0;-0,02;-0,02;0,0;0,0;0,0;0,0;-0,02;-0,02;-0,01;-0,01;-0,01;-0,01;-0,01;-0,01;-0,03;-0,03;-0,01;-0,01;-0,02;-0,02;0,0;0,0;-0,01;-0,01;-0,01;-0,01;-0,03;-0,03
25.08.2026;07:30;07:45;0,08;0,08;-0,18;-0,18;-0,02;-0,02;0,0;0,0;-0,09;-0,09;-0,01;-0,01;-0,01;-0,01;-0,02;-0,02;0,0;0,0;0,0;0,0;-0,01;-0,01;-0,01;-0,01;0,0;0,0;0,0;0,0;-0,04;-0,04;0,0;0,0;-0,01;-0,01;-0,02;-0,02;-0,01;-0,01;0,0;0,0;-0,01;-0,01;-0,04;-0,04;-0,01;-0,01;-0,01;-0,01;0,0;0,0;-0,01;-0,01;0,0;0,0;-0,04;-0,04
25.08.2026;07:45;08:00;0,1;0,1;-0,21;-0,21;-0,03;-0,03;0,0;0,0;-0,04;-0,04;0,0;0,0;-0,01;-0,01;-0,02;-0,02;-0,01;-0,01;0,0;0,0;-0,01;-0,01;0,0;0,0;-0,01;-0,01;0,0;0,0;-0,02;-0,02;0,0;0,0;0,0;0,0;-0,03;-0,03;-0,02;-0,02;-0,01;-0,01;-0,01;-0,01;-0,02;-0,02;-0,01;-0,01;-0,03;-0,03;-0,01;-0,01;-0,02;-0,02;0,0;0,0;-0,03;-0,03
25.08.2026;08:00;08:15;0,13;0,11;-0,2;-0,18;-0,02;-0,02;0,0;0,0;-0,12;-0,12;-0,02;-0,02;-0,01;-0,01;-0,01;-0,01;0,0;0,0;0,0;0,0;-0,01;-0,01;0,0;0,0;-0,01;-0,01;0,0;0,0;-0,01;-0,01;0,0;0,0;-0,01;-0,01;-0,03;-0,03;0,0;0,0;0,0;0,0;-0,01;-0,01;-0,02;-0,02;-0,01;-0,01;-0,02;-0,02;0,0;0,0;0,0;0,0;0,0;0,0;-0,03;-0,03
25.08.2026;08:15;08:30;0,22;0,17;-0,32;-0,27;-0,02;-0,02;0,0;0,0;-0,08;-0,08;0,0;0,0;0,0;0,0;-0,02;-0,02;0,0;0,0;0,0;0,0;-0,01;-0,01;0,0;0,0;-0,02;-0,02;0,0;0,0;-0,02;-0,02;-0,01;-0,01;-0,02;-0,02;-0,02;-0,02;-0,11;-0,11;-0,01;-0,01;0,0;0,0;-0,01;-0,01;0,0;0,0;-0,03;-0,03;0,0;0,0;-0,02;-0,02;-0,01;-0,01;-0,03;-0,03
25.08.2026;08:30;08:45;0,22;0,17;-0,33;-0,28;-0,03;-0,03;0,0;0,0;-0,04;-0,04;-0,01;-0,01;-0,01;-0,01;-0,02;-0,02;-0,01;-0,01;0,0;0,0;-0,01;-0,01;0,0;0,0;0,0;0,0;0,0;0,0;-0,01;-0,01;0,0;0,0;-0,01;-0,01;-0,02;-0,02;-0,08;-0,08;-0,01;-0,01;-0,01;-0,01;-0,02;-0,02;-0,02;-0,02;-0,01;-0,01;0,0;0,0;0,0;0,0;-0,01;-0,01;-0,03;-0,03
25.08.2026;08:45;09:00;0,39;0,14;-0,31;-0,24;-0,02;-0,01;0,0;0,0;-0,05;-0,04;-0,05;-0,04;-0,01;0,0;-0,02;-0,01;-0,01;0,0;0,0;0,0;0,0;0,0;0,0;0,0;-0,01;0,0;0,0;0,0;-0,01;0,0;0,0;0,0;-0,01;0,0;-0,02;-0,01;-0,05;-0,04;-0,01;0,0;-0,01;0,0;-0,01;0,0;-0,01;0,0;-0,02;-0,01;0,0;0,0;-0,01;0,0;0,0;0,0;-0,02;-0,01
25.08.2026;09:00;09:15;0,51;0,15;-0,25;-0,16;-0,02;0,0;0,0;0,0;-0,11;-0,09;-0,04;-0,02;-0,01;0,0;-0,02;0,0;-0,01;0,0;0,0;0,0;-0,01;0,0;0,0;0,0;0,0;0,0;0,0;0,0;-0,02;0,0;0,0;0,0;-0,01;0,0;-0,01;0,0;-0,08;-0,06;-0,01;0,0;-0,01;0,0;-0,02;0,0;-0,01;0,0;-0,09;-0,07;0,0;0,0;-0,01;0,0;0,0;0,0;-0,02;0,0
25.08.2026;09:15;09:30;0,62;0,21;-0,22;-0,1;-0,03;0,0;0,0;0,0;-0,08;-0,05;-0,03;0,0;0,0;0,0;-0,01;0,0;0,0;0,0;0,0;0,0;-0,02;0,0;0,0;0,0;-0,01;0,0;0,0;0,0;-0,01;0,0;0,0;0,0;0,0;0,0;-0,01;0,0;-0,12;-0,09;-0,01;0,0;-0,01;0,0;-0,02;0,0;-0,01;0,0;-0,35;-0,32;0,0;0,0;-0,01;0,0;-0,01;0,0;-0,01;0,0
25.08.2026;09:30;09:45;0,37;0,14;-0,33;-0,26;-0,05;-0,04;0,0;0,0;-0,04;-0,03;-0,03;-0,02;-0,01;0,0;-0,02;-0,01;-0,01;0,0;0,0;0,0;0,0;0,0;0,0;0,0;-0,02;-0,01;-0,01;0,0;-0,01;0,0;0,0;0,0;-0,01;0,0;-0,02;-0,01;-0,07;-0,06;0,0;0,0;-0,01;0,0;0,0;0,0;0,0;0,0;-0,05;-0,04;0,0;0,0;-0,01;0,0;0,0;0,0;-0,02;-0,01
25.08.2026;09:45;10:00;0,0;0,0;-0,29;-0,29;-0,05;-0,05;-0,01;-0,01;-0,02;-0,02;-0,01;-0,01;-0,01;-0,01;-0,02;-0,02;-0,01;-0,01;0,0;0,0;-0,01;-0,01;0,0;0,0;-0,01;-0,01;0,0;0,0;-0,02;-0,02;0,0;0,0;-0,01;-0,01;-0,02;-0,02;-0,03;-0,03;-0,01;-0,01;0,0;0,0;-0,02;-0,02;-0,01;-0,01;-0,04;-0,04;-0,01;-0,01;0,0;0,0;-0,01;-0,01;-0,49;-0,49
25.08.2026;10:00;10:15;0,0;0,0;-0,21;-0,21;-0,05;-0,05;0,0;0,0;-0,02;-0,02;-0,01;-0,01;-0,01;-0,01;-0,02;-0,02;0,0;0,0;0,0;0,0;-0,01;-0,01;0,0;0,0;0,0;0,0;0,0;0,0;-0,01;-0,01;0,0;0,0;-0,01;-0,01;-0,03;-0,03;-0,02;-0,02;0,0;0,0;-0,01;-0,01;-0,01;-0,01;-0,02;-0,02;-0,05;-0,05;0,0;0,0;-0,02;-0,02;0,0;0,0;-0,41;-0,41
25.08.2026;10:15;10:30;0,17;0,12;-0,25;-0,2;-0,05;-0,05;0,0;0,0;-0,02;-0,02;-0,03;-0,03;0,0;0,0;-0,02;-0,02;-0,01;-0,01;-0,01;-0,01;-0,01;-0,01;0,0;0,0;0,0;0,0;0,0;0,0;-0,01;-0,01;0,0;0,0;-0,01;-0,01;-0,04;-0,04;-0,03;-0,03;-0,01;-0,01;-0,01;-0,01;-0,02;-0,02;-0,01;-0,01;-0,05;-0,05;0,0;0,0;0,0;0,0;-0,01;-0,01;-0,17;-0,17
25.08.2026;10:30;10:45;0,45;0,19;-0,23;-0,13;-0,05;-0,04;0,0;0,0;-0,02;-0,01;-0,01;0,0;-0,02;-0,01;-0,02;-0,01;-0,01;0,0;0,0;0,0;-0,01;0,0;0,0;0,0;-0,02;-0,01;0,0;0,0;-0,01;0,0;0,0;0,0;-0,01;0,0;-0,04;-0,03;-0,02;-0,01;0,0;0,0;0,0;0,0;-0,01;0,0;0,0;0,0;-0,14;-0,13;0,0;0,0;-0,02;-0,01;0,0;0,0;-0,02;-0,01
25.08.2026;10:45;11:00;0,51;0,17;-0,2;-0,11;-0,05;-0,03;0,0;0,0;-0,34;-0,32;-0,01;0,0;0,0;0,0;0,0;0,0;0,0;0,0;0,0;0,0;-0,01;0,0;0,0;0,0;-0,01;0,0;0,0;0,0;-0,02;0,0;-0,01;0,0;-0,01;0,0;-0,04;-0,02;-0,07;-0,05;-0,01;0,0;-0,02;0,0;-0,01;0,0;-0,02;0,0;-0,16;-0,14;0,0;0,0;0,0;0,0;0,0;0,0;-0,28;-0,26
25.08.2026;11:00;11:15;0,56;0,19;-0,19;-0,08;-0,04;-0,02;0,0;0,0;-0,46;-0,44;-0,01;0,0;-0,01;0,0;-0,01;0,0;-0,01;0,0;0,0;0,0;-0,01;0,0;0,0;0,0;-0,01;0,0;0,0;0,0;-0,01;0,0;0,0;0,0;-0,01;0,0;-0,03;-0,01;-0,07;-0,05;-0,01;0,0;0,0;0,0;-0,01;0,0;-0,01;0,0;-0,16;-0,14;0,0;0,0;-0,02;0,0;-0,01;0,0;-0,25;-0,23
25.08.2026;11:15;11:30;0,62;0,21;-0,18;-0,04;-0,03;0,0;0,0;0,0;-0,36;-0,33;-0,01;0,0;-0,01;0,0;-0,02;0,0;0,0;0,0;0,0;0,0;0,0;0,0;0,0;0,0;0,0;0,0;0,0;0,0;-0,01;0,0;0,0;0,0;0,0;0,0;-0,04;-0,01;-0,09;-0,06;0,0;0,0;-0,01;0,0;-0,01;0,0;-0,01;0,0;-0,15;-0,12;0,0;0,0;0,0;0,0;-0,01;0,0;-0,38;-0,35
25.08.2026;11:30;11:45;1,43;0,7;-0,18;0,0;-0,04;0,0;0,0;0,0;-0,21;-0,07;-0,01;0,0;0,0;0,0;-0,02;0,0;-0,01;0,0;0,0;0,0;-0,02;0,0;0,0;0,0;-0,01;0,0;0,0;0,0;-0,01;0,0;0,0;0,0;-0,01;0,0;-0,03;0,0;-0,07;0,0;-0,01;0,0;-0,01;0,0;0,0;0,0;0,0;0,0;-0,13;0,0;0,0;0,0;-0,01;0,0;0,0;0,0;-0,02;0,0
25.08.2026;11:45;12:00;1,1;0,47;-0,21;0,0;-0,05;0,0;0,0;0,0;-0,06;0,0;-0,01;0,0;-0,01;0,0;-0,02;0,0;0,0;0,0;0,0;0,0;0,0;0,0;0,0;0,0;-0,01;0,0;0,0;0,0;-0,02;0,0;0,0;0,0;-0,01;0,0;-0,03;0,0;-0,12;-0,03;-0,01;0,0;0,0;0,0;-0,02;0,0;-0,01;0,0;-0,02;0,0;-0,01;0,0;-0,01;0,0;0,0;0,0;-0,03;0,0
25.08.2026;12:00;12:15;0,52;0,15;-0,2;-0,11;-0,04;-0,02;0,0;0,0;-0,36;-0,34;-0,01;0,0;-0,01;0,0;-0,02;0,0;-0,01;0,0;0,0;0,0;-0,01;0,0;0,0;0,0;-0,02;0,0;0,0;0,0;-0,05;-0,03;0,0;0,0;-0,01;0,0;-0,03;-0,01;-0,02;0,0;-0,01;0,0;-0,02;0,0;0,0;0,0;-0,01;0,0;-0,24;-0,22;0,0;0,0;-0,01;0,0;0,0;0,0;-0,02;0,0
25.08.2026;12:15;12:30;0,69;0,22;-0,19;-0,04;-0,02;0,0;0,0;0,0;-0,27;-0,23;-0,01;0,0;-0,01;0,0;-0,02;0,0;-0,01;0,0;0,0;0,0;-0,01;0,0;0,0;0,0;0,0;0,0;0,0;0,0;-0,05;-0,01;0,0;0,0;-0,02;0,0;-0,01;0,0;-0,02;0,0;-0,01;0,0;0,0;0,0;-0,01;0,0;-0,01;0,0;-0,04;0,0;0,0;0,0;-0,01;0,0;-0,01;0,0;-0,02;0,0
25.08.2026;12:30;12:45;0,82;0,27;-0,18;0,0;-0,03;0,0;0,0;0,0;-0,19;-0,14;-0,02;0,0;0,0;0,0;-0,02;0,0;-0,01;0,0;0,0;0,0;-0,01;0,0;-0,01;0,0;-0,01;0,0;0,0;0,0;-0,07;-0,02;0,0;0,0;-0,01;0,0;-0,01;0,0;-0,01;0,0;0,0;0,0;-0,01;0,0;-0,01;0,0;-0,01;0,0;-0,03;0,0;0,0;0,0;-0,05;0,0;0,0;0,0;-0,02;0,0
25.08.2026;12:45;13:00;1,63;0,98;-0,17;0,0;-0,03;0,0;0,0;0,0;-0,21;-0,03;0,0;0,0;-0,01;0,0;-0,03;0,0;0,0;0,0;0,0;0,0;-0,01;0,0;0,0;0,0;0,0;0,0;0,0;0,0;-0,06;0,0;0,0;0,0;0,0;0,0;-0,02;0,0;-0,02;0,0;-0,01;0,0;-0,01;0,0;-0,02;0,0;-0,01;0,0;-0,03;0,0;0,0;0,0;-0,02;0,0;-0,01;0,0;-0,01;0,0
25.08.2026;13:00;13:15;1,06;0,55;-0,18;0,0;-0,02;0,0;-0,01;0,0;-0,03;0,0;-0,02;0,0;-0,01;0,0;-0,03;0,0;-0,01;0,0;0,0;0,0;-0,01;0,0;0,0;0,0;-0,02;0,0;-0,01;0,0;-0,07;0,0;0,0;0,0;0,0;0,0;-0,02;0,0;-0,01;0,0;-0,01;0,0;0,0;0,0;0,0;0,0;0,0;0,0;-0,03;0,0;0,0;0,0;-0,01;0,0;0,0;0,0;-0,01;0,0
25.08.2026;13:15;13:30;1,3;0,61;-0,27;0,0;-0,01;0,0;0,0;0,0;-0,06;0,0;-0,01;0,0;-0,01;0,0;-0,02;0,0;0,0;0,0;0,0;0,0;-0,01;0,0;0,0;0,0;-0,01;0,0;0,0;0,0;-0,07;0,0;-0,01;0,0;-0,01;0,0;-0,03;0,0;-0,01;0,0;0,0;0,0;-0,01;0,0;-0,01;0,0;-0,01;0,0;-0,09;0,0;0,0;0,0;-0,01;0,0;-0,01;0,0;-0,02;0,0
25.08.2026;13:30;13:45;1,42;0,76;-0,18;0,0;-0,02;0,0;0,0;0,0;-0,05;0,0;-0,01;0,0;0,0;0,0;-0,03;0,0;-0,01;0,0;0,0;0,0;-0,03;0,0;0,0;0,0;0,0;0,0;0,0;0,0;-0,07;0,0;0,0;0,0;-0,01;0,0;-0,02;0,0;-0,01;0,0;-0,01;0,0;-0,01;0,0;-0,01;0,0;-0,01;0,0;-0,2;-0,07;0,0;0,0;-0,02;0,0;0,0;0,0;-0,03;0,0
25.08.2026;13:45;14:00;0,3;0,11;-0,19;-0,16;-0,03;-0,02;0,0;0,0;-0,05;-0,04;-0,01;0,0;-0,02;-0,01;-0,21;-0,2;0,0;0,0;0,0;0,0;-0,17;-0,16;0,0;0,0;-0,01;0,0;0,0;0,0;-0,07;-0,06;0,0;0,0;-0,01;0,0;-0,02;-0,01;-0,02;-0,01;0,0;0,0;0,0;0,0;-0,02;-0,01;-0,01;0,0;-0,05;-0,04;-0,01;0,0;0,0;0,0;0,0;0,0;-0,02;-0,01
25.08.2026;14:00;14:15;0,0;0,0;-0,22;-0,22;-0,02;-0,02;0,0;0,0;-0,05;-0,05;-0,01;-0,01;0,0;0,0;-0,3;-0,3;-0,01;-0,01;0,0;0,0;-0,06;-0,06;0,0;0,0;0,0;0,0;0,0;0,0;-0,06;-0,06;0,0;0,0;-0,02;-0,02;-0,02;-0,02;-0,01;-0,01;-0,01;-0,01;-0,02;-0,02;0,0;0,0;-0,06;-0,06;-0,07;-0,07;0,0;0,0;-0,02;-0,02;-0,01;-0,01;-0,01;-0,01
25.08.2026;14:15;14:30;0,49;0,21;-0,28;-0,17;-0,01;0,0;0,0;0,0;-0,03;-0,02;-0,01;0,0;-0,01;0,0;-0,26;-0,25;-0,01;0,0;0,0;0,0;-0,02;-0,01;0,0;0,0;-0,02;-0,01;0,0;0,0;-0,07;-0,06;0,0;0,0;0,0;0,0;-0,03;-0,02;-0,01;0,0;0,0;0,0;0,0;0,0;-0,01;0,0;-0,01;0,0;-0,11;-0,1;0,0;0,0;-0,02;-0,01;-0,01;0,0;-0,02;-0,01
25.08.2026;14:30;14:45;0,77;0,22;-0,19;-0,02;-0,02;0,0;0,0;0,0;-0,03;0,0;-0,06;-0,01;-0,01;0,0;-0,21;-0,16;0,0;0,0;0,0;0,0;-0,01;0,0;0,0;0,0;-0,01;0,0;0,0;0,0;-0,07;-0,02;0,0;0,0;-0,01;0,0;-0,01;0,0;-0,01;0,0;-0,01;0,0;-0,01;0,0;-0,01;0,0;-0,01;0,0;-0,07;-0,02;0,0;0,0;-0,02;0,0;0,0;0,0;-0,01;0,0
25.08.2026;14:45;15:00;0,0;0,0;-0,2;-0,2;-0,03;-0,03;0,0;0,0;-0,03;-0,03;-0,06;-0,06;-0,01;-0,01;-0,22;-0,22;-0,01;-0,01;0,0;0,0;-0,01;-0,01;0,0;0,0;-0,01;-0,01;0,0;0,0;-0,07;-0,07;0,0;0,0;0,0;0,0;-0,01;-0,01;-0,02;-0,02;-0,01;-0,01;-0,01;-0,01;-0,01;-0,01;0,0;0,0;-0,03;-0,03;0,0;0,0;-0,03;-0,03;0,0;0,0;-0,02;-0,02
25.08.2026;15:00;15:15;0,66;0,21;-0,18;-0,05;-0,01;0,0;0,0;0,0;-0,05;-0,02;-0,09;-0,06;0,0;0,0;-0,74;-0,71;-0,01;0,0;0,0;0,0;-0,01;0,0;0,0;0,0;0,0;0,0;0,0;0,0;-0,06;-0,03;0,0;0,0;-0,01;0,0;-0,02;0,0;-0,01;0,0;-0,02;0,0;0,0;0,0;-0,01;0,0;-0,02;0,0;-0,04;-0,01;0,0;0,0;-0,02;0,0;-0,01;0,0;-0,02;0,0
25.08.2026;15:15;15:30;0,74;0,2;-0,2;-0,06;-0,02;0,0;0,0;0,0;-0,05;-0,01;-0,5;-0,46;-0,01;0,0;-0,52;-0,48;0,0;0,0;-0,01;0,0;-0,04;0,0;0,0;0,0;-0,01;0,0;0,0;0,0;-0,07;-0,03;0,0;0,0;-0,01;0,0;-0,01;0,0;-0,02;0,0;0,0;0,0;-0,01;0,0;-0,01;0,0;0,0;0,0;-0,03;0,0;0,0;0,0;-0,03;0,0;0,0;0,0;-0,03;0,0
25.08.2026;15:30;15:45;1,03;0,25;-0,27;-0,04;-0,02;0,0;0,0;0,0;-0,01;0,0;-0,11;-0,03;-0,01;0,0;-0,39;-0,31;-0,01;0,0;0,0;0,0;-0,44;-0,36;0,0;0,0;-0,01;0,0;0,0;0,0;-0,07;0,0;0,0;0,0;-0,01;0,0;-0,01;0,0;-0,01;0,0;0,0;0,0;-0,01;0,0;-0,01;0,0;-0,01;0,0;-0,04;0,0;0,0;0,0;-0,06;0,0;-0,01;0,0;-0,01;0,0
25.08.2026;15:45;16:00;0,04;0,04;-0,18;-0,18;-0,02;-0,02;0,0;0,0;-0,02;-0,02;-0,07;-0,07;-0,01;-0,01;-0,24;-0,24;0,0;0,0;0,0;0,0;-0,04;-0,04;0,0;0,0;-0,01;-0,01;0,0;0,0;-0,07;-0,07;-0,01;-0,01;-0,01;-0,01;-0,02;-0,02;-0,01;-0,01;-0,01;-0,01;0,0;0,0;-0,01;-0,01;-0,01;-0,01;-0,03;-0,03;-0,01;-0,01;-0,23;-0,23;0,0;0,0;-0,01;-0,01
25.08.2026;16:00;16:15;0,0;0,0;-0,18;-0,18;-0,02;-0,02;0,0;0,0;-0,02;-0,02;-0,11;-0,11;-0,01;-0,01;-0,11;-0,11;-0,01;-0,01;0,0;0,0;-0,25;-0,25;0,0;0,0;-0,01;-0,01;0,0;0,0;-0,1;-0,1;0,0;0,0;-0,02;-0,02;-0,02;-0,02;-0,01;-0,01;-0,01;-0,01;-0,02;-0,02;-0,01;-0,01;-0,01;-0,01;-0,03;-0,03;0,0;0,0;-0,03;-0,03;0,0;0,0;-0,02;-0,02
25.08.2026;16:15;16:30;0,0;0,0;-0,19;-0,19;-0,02;-0,02;0,0;0,0;-0,01;-0,01;-0,11;-0,11;-0,01;-0,01;-0,12;-0,12;0,0;0,0;0,0;0,0;-0,11;-0,11;0,0;0,0;0,0;0,0;-0,05;-0,05;-0,1;-0,1;0,0;0,0;0,0;0,0;-0,02;-0,02;-0,01;-0,01;0,0;0,0;0,0;0,0;-0,01;-0,01;-0,01;-0,01;-0,02;-0,02;0,0;0,0;-0,03;-0,03;-0,01;-0,01;-0,02;-0,02
25.08.2026;16:30;16:45;0,0;0,0;-0,3;-0,3;-0,01;-0,01;-0,01;-0,01;0,0;0,0;-0,2;-0,2;-0,01;-0,01;-0,09;-0,09;-0,01;-0,01;0,0;0,0;-0,02;-0,02;0,0;0,0;-0,01;-0,01;-0,63;-0,63;-0,05;-0,05;0,0;0,0;0,0;0,0;-0,03;-0,03;-0,23;-0,23;-0,01;-0,01;-0,01;-0,01;-0,01;-0,01;-0,01;-0,01;-0,12;-0,12;0,0;0,0;-0,22;-0,22;0,0;0,0;-0,02;-0,02
25.08.2026;16:45;17:00;0,0;0,0;-0,19;-0,19;-0,02;-0,02;0,0;0,0;-0,01;-0,01;-0,33;-0,33;-0,01;-0,01;-0,08;-0,08;-0,01;-0,01;0,0;0,0;0,0;0,0;0,0;0,0;-0,01;-0,01;-0,55;-0,55;-0,03;-0,03;0,0;0,0;0,0;0,0;-0,02;-0,02;-0,45;-0,45;0,0;0,0;-0,01;-0,01;-0,04;-0,04;0,0;0,0;-0,13;-0,13;0,0;0,0;-0,02;-0,02;0,0;0,0;-0,02;-0,02
25.08.2026;17:00;17:15;0,0;0,0;-0,19;-0,19;-0,02;-0,02;0,0;0,0;-0,02;-0,02;-0,13;-0,13;-0,01;-0,01;-0,07;-0,07;-0,01;-0,01;0,0;0,0;-0,01;-0,01;0,0;0,0;-0,01;-0,01;-0,04;-0,04;-0,02;-0,02;0,0;0,0;-0,02;-0,02;-0,2;-0,2;-0,21;-0,21;-0,01;-0,01;0,0;0,0;-0,06;-0,06;-0,01;-0,01;-0,14;-0,14;0,0;0,0;0,0;0,0;-0,01;-0,01;-0,02;-0,02
25.08.2026;17:15;17:30;0,0;0,0;-0,33;-0,33;-0,02;-0,02;0,0;0,0;-0,01;-0,01;-0,11;-0,11;0,0;0,0;-0,08;-0,08;0,0;0,0;0,0;0,0;-0,02;-0,02;0,0;0,0;-0,01;-0,01;-0,04;-0,04;-0,03;-0,03;0,0;0,0;-0,01;-0,01;-0,1;-0,1;-0,52;-0,52;-0,01;-0,01;-0,01;-0,01;-0,08;-0,08;-0,01;-0,01;-0,13;-0,13;0,0;0,0;-0,02;-0,02;-0,01;-0,01;-0,01;-0,01
25.08.2026;17:30;17:45;0,0;0,0;-0,3;-0,3;-0,02;-0,02;0,0;0,0;-0,01;-0,01;-0,1;-0,1;-0,01;-0,01;-0,07;-0,07;-0,01;-0,01;0,0;0,0;-0,07;-0,07;-0,01;-0,01;-0,01;-0,01;-0,04;-0,04;-0,02;-0,02;0,0;0,0;-0,01;-0,01;-0,07;-0,07;-0,09;-0,09;-0,01;-0,01;-0,01;-0,01;-0,08;-0,08;-0,01;-0,01;-0,1;-0,1;0,0;0,0;0,0;0,0;0,0;0,0;-0,02;-0,02
25.08.2026;17:45;18:00;0,0;0,0;-0,29;-0,29;-0,01;-0,01;0,0;0,0;-0,01;-0,01;-0,1;-0,1;-0,01;-0,01;-0,07;-0,07;0,0;0,0;0,0;0,0;-0,15;-0,15;0,0;0,0;-0,01;-0,01;-0,04;-0,04;-0,07;-0,07;0,0;0,0;-0,02;-0,02;-0,38;-0,38;-0,15;-0,15;-0,01;-0,01;0,0;0,0;-0,08;-0,08;-0,01;-0,01;-0,02;-0,02;-0,01;-0,01;-0,01;-0,01;0,0;0,0;-0,02;-0,02
25.08.2026;18:00;18:15;0,0;0,0;-0,18;-0,18;-0,03;-0,03;0,0;0,0;-0,01;-0,01;-0,11;-0,11;0,0;0,0;-0,07;-0,07;-0,01;-0,01;0,0;0,0;-0,08;-0,08;0,0;0,0;0,0;0,0;-0,04;-0,04;-0,07;-0,07;0,0;0,0;0,0;0,0;-0,15;-0,15;-0,26;-0,26;-0,01;-0,01;-0,02;-0,02;-0,08;-0,08;-0,01;-0,01;-0,07;-0,07;0,0;0,0;-0,01;-0,01;-0,01;-0,01;-0,02;-0,02
25.08.2026;18:15;18:30;0,0;0,0;-0,32;-0,32;-0,03;-0,03;0,0;0,0;-0,01;-0,01;-0,11;-0,11;-0,02;-0,02;-0,06;-0,06;0,0;0,0;0,0;0,0;-0,02;-0,02;0,0;0,0;-0,01;-0,01;-0,03;-0,03;-0,06;-0,06;-0,01;-0,01;0,0;0,0;-0,02;-0,02;-0,18;-0,18;0,0;0,0;0,0;0,0;-0,07;-0,07;-0,04;-0,04;-0,1;-0,1;0,0;0,0;-0,01;-0,01;-0,01;-0,01;-0,02;-0,02
25.08.2026;18:30;18:45;0,09;0,09;-0,28;-0,28;-0,01;-0,01;0,0;0,0;-0,02;-0,02;-0,1;-0,1;-0,07;-0,07;-0,05;-0,05;-0,01;-0,01;0,0;0,0;-0,04;-0,04;0,0;0,0;-0,02;-0,02;-0,04;-0,04;-0,07;-0,07;0,0;0,0;0,0;0,0;-0,03;-0,03;-0,22;-0,22;0,0;0,0;-0,01;-0,01;-0,08;-0,08;-0,02;-0,02;-0,1;-0,1;0,0;0,0;-0,01;-0,01;0,0;0,0;-0,02;-0,02
25.08.2026;18:45;19:00;0,19;0,14;-0,29;-0,24;-0,02;-0,02;0,0;0,0;-0,04;-0,04;-0,12;-0,12;-0,4;-0,4;-0,05;-0,05;-0,01;-0,01;0,0;0,0;-0,05;-0,05;0,0;0,0;-0,01;-0,01;-0,02;-0,02;-0,1;-0,1;0,0;0,0;-0,01;-0,01;-0,06;-0,06;-0,46;-0,46;-0,01;-0,01;-0,01;-0,01;-0,09;-0,09;-0,02;-0,02;-0,09;-0,09;0,0;0,0;-0,01;-0,01;0,0;0,0;-0,01;-0,01
25.08.2026;19:00;19:15;0,06;0,06;-0,39;-0,39;-0,07;-0,07;0,0;0,0;-0,18;-0,18;-0,1;-0,1;-0,5;-0,5;-0,06;-0,06;0,0;0,0;0,0;0,0;-0,07;-0,07;0,0;0,0;0,0;0,0;0,0;0,0;-0,07;-0,07;0,0;0,0;-0,02;-0,02;-0,13;-0,13;-0,1;-0,1;-0,01;-0,01;0,0;0,0;-0,07;-0,07;-0,01;-0,01;-0,1;-0,1;0,0;0,0;-0,02;-0,02;-0,01;-0,01;-0,01;-0,01
25.08.2026;19:15;19:30;0,01;0,01;-0,21;-0,21;-0,08;-0,08;0,0;0,0;-0,1;-0,1;-0,08;-0,08;-0,19;-0,19;-0,06;-0,06;-0,01;-0,01;0,0;0,0;-0,05;-0,05;0,0;0,0;0,0;0,0;0,0;0,0;-0,07;-0,07;0,0;0,0;-0,01;-0,01;-0,21;-0,21;-0,05;-0,05;0,0;0,0;-0,01;-0,01;-0,07;-0,07;-0,01;-0,01;-0,29;-0,29;0,0;0,0;-0,06;-0,06;0,0;0,0;-0,02;-0,02
25.08.2026;19:30;19:45;0,01;0,01;-0,22;-0,22;-0,06;-0,06;0,0;0,0;-0,05;-0,05;-0,09;-0,09;-0,06;-0,06;-0,08;-0,08;0,0;0,0;0,0;0,0;-0,05;-0,05;0,0;0,0;-0,02;-0,02;0,0;0,0;-0,06;-0,06;0,0;0,0;-0,19;-0,19;-0,26;-0,26;-0,08;-0,08;-0,01;-0,01;-0,01;-0,01;-0,03;-0,03;-0,01;-0,01;-0,21;-0,21;0,0;0,0;-0,32;-0,32;0,0;0,0;-0,03;-0,03
25.08.2026;19:45;20:00;0,0;0,0;-0,31;-0,31;-0,03;-0,03;-0,01;-0,01;-0,06;-0,06;-0,1;-0,1;-0,04;-0,04;-0,11;-0,11;-0,01;-0,01;0,0;0,0;-0,03;-0,03;0,0;0,0;-0,01;-0,01;0,0;0,0;-0,03;-0,03;0,0;0,0;-0,56;-0,56;-0,28;-0,28;-0,04;-0,04;-0,01;-0,01;-0,01;-0,01;-0,05;-0,05;-0,01;-0,01;-0,05;-0,05;-0,01;-0,01;-0,05;-0,05;-0,01;-0,01;-0,02;-0,02
25.08.2026;20:00;20:15;0,0;0,0;-0,21;-0,21;-0,03;-0,03;0,0;0,0;-0,04;-0,04;-0,09;-0,09;-0,07;-0,07;-0,11;-0,11;-0,01;-0,01;0,0;0,0;-0,02;-0,02;0,0;0,0;-0,01;-0,01;0,0;0,0;-0,03;-0,03;0,0;0,0;-0,19;-0,19;-0,07;-0,07;-0,05;-0,05;0,0;0,0;-0,01;-0,01;-0,19;-0,19;-0,01;-0,01;-0,05;-0,05;0,0;0,0;-0,04;-0,04;-0,01;-0,01;-0,02;-0,02
25.08.2026;20:15;20:30;0,0;0,0;-0,25;-0,25;-0,06;-0,06;0,0;0,0;-0,04;-0,04;-0,09;-0,09;-0,07;-0,07;-0,11;-0,11;0,0;0,0;-0,01;-0,01;-0,02;-0,02;0,0;0,0;0,0;0,0;0,0;0,0;-0,04;-0,04;0,0;0,0;-0,34;-0,34;-0,05;-0,05;-0,06;-0,06;-0,01;-0,01;0,0;0,0;-0,1;-0,1;-0,01;-0,01;-0,06;-0,06;0,0;0,0;-0,04;-0,04;0,0;0,0;-0,01;-0,01
25.08.2026;20:30;20:45;0,0;0,0;-0,2;-0,2;-0,07;-0,07;0,0;0,0;-0,05;-0,05;-0,1;-0,1;-0,06;-0,06;-0,11;-0,11;-0,01;-0,01;0,0;0,0;-0,01;-0,01;0,0;0,0;-0,01;-0,01;0,0;0,0;-0,03;-0,03;0,0;0,0;-0,07;-0,07;-0,04;-0,04;-0,05;-0,05;-0,01;-0,01;-0,01;-0,01;-0,04;-0,04;-0,01;-0,01;-0,04;-0,04;0,0;0,0;-0,05;-0,05;0,0;0,0;-0,01;-0,01
25.08.2026;20:45;21:00;0,0;0,0;-0,17;-0,17;-0,04;-0,04;0,0;0,0;-0,03;-0,03;-0,12;-0,12;-0,07;-0,07;-0,11;-0,11;0,0;0,0;0,0;0,0;-0,01;-0,01;0,0;0,0;-0,01;-0,01;-0,01;-0,01;-0,02;-0,02;-0,01;-0,01;-0,02;-0,02;-0,04;-0,04;-0,04;-0,04;-0,01;-0,01;-0,01;-0,01;-0,04;-0,04;-0,01;-0,01;-0,06;-0,06;0,0;0,0;-0,02;-0,02;-0,01;-0,01;-0,02;-0,02
25.08.2026;21:00;21:15;0,0;0,0;-0,19;-0,19;-0,05;-0,05;0,0;0,0;-0,03;-0,03;-0,12;-0,12;-0,06;-0,06;-0,11;-0,11;-0,01;-0,01;0,0;0,0;-0,02;-0,02;0,0;0,0;-0,02;-0,02;0,0;0,0;-0,31;-0,31;0,0;0,0;-0,02;-0,02;-0,04;-0,04;-0,03;-0,03;-0,01;-0,01;0,0;0,0;-0,03;-0,03;-0,02;-0,02;-0,05;-0,05;0,0;0,0;-0,04;-0,04;0,0;0,0;-0,02;-0,02
25.08.2026;21:15;21:30;0,0;0,0;-0,19;-0,19;-0,06;-0,06;0,0;0,0;-0,03;-0,03;-0,11;-0,11;-0,03;-0,03;-0,12;-0,12;-0,01;-0,01;0,0;0,0;-0,02;-0,02;0,0;0,0;0,0;0,0;0,0;0,0;-0,12;-0,12;0,0;0,0;-0,01;-0,01;-0,04;-0,04;-0,03;-0,03;0,0;0,0;-0,02;-0,02;-0,01;-0,01;-0,01;-0,01;-0,02;-0,02;0,0;0,0;-0,03;-0,03;-0,01;-0,01;-0,03;-0,03
25.08.2026;21:30;21:45;0,0;0,0;-0,19;-0,19;-0,06;-0,06;0,0;0,0;-0,04;-0,04;-0,1;-0,1;-0,04;-0,04;-0,17;-0,17;0,0;0,0;0,0;0,0;-0,01;-0,01;0,0;0,0;0,0;0,0;0,0;0,0;-0,02;-0,02;0,0;0,0;-0,02;-0,02;-0,03;-0,03;-0,02;-0,02;-0,01;-0,01;0,0;0,0;-0,02;-0,02;-0,01;-0,01;-0,01;-0,01;0,0;0,0;-0,03;-0,03;-0,01;-0,01;-0,01;-0,01
25.08.2026;21:45;22:00;0,0;0,0;-0,18;-0,18;-0,03;-0,03;0,0;0,0;-0,03;-0,03;-0,09;-0,09;-0,02;-0,02;-0,11;-0,11;-0,01;-0,01;0,0;0,0;-0,01;-0,01;0,0;0,0;-0,01;-0,01;0,0;0,0;-0,03;-0,03;0,0;0,0;-0,01;-0,01;-0,04;-0,04;-0,03;-0,03;-0,01;-0,01;-0,01;-0,01;-0,01;-0,01;-0,01;-0,01;-0,01;-0,01;-0,01;-0,01;-0,03;-0,03;-0,02;-0,02;-0,02;-0,02
25.08.2026;22:00;22:15;0,0;0,0;-0,18;-0,18;-0,06;-0,06;0,0;0,0;-0,01;-0,01;-0,1;-0,1;-0,02;-0,02;-0,11;-0,11;-0,01;-0,01;0,0;0,0;-0,02;-0,02;0,0;0,0;-0,02;-0,02;-0,01;-0,01;-0,28;-0,28;0,0;0,0;-0,01;-0,01;-0,05;-0,05;-0,02;-0,02;0,0;0,0;-0,01;-0,01;-0,02;-0,02;-0,01;-0,01;-0,02;-0,02;0,0;0,0;-0,05;-0,05;-0,03;-0,03;-0,01;-0,01
25.08.2026;22:15;22:30;0,0;0,0;-0,17;-0,17;-0,06;-0,06;0,0;0,0;-0,01;-0,01;-0,11;-0,11;-0,01;-0,01;-0,1;-0,1;0,0;0,0;0,0;0,0;0,0;0,0;0,0;0,0;-0,01;-0,01;0,0;0,0;-0,04;-0,04;0,0;0,0;0,0;0,0;-0,05;-0,05;-0,01;-0,01;0,0;0,0;0,0;0,0;-0,01;-0,01;-0,01;-0,01;-0,02;-0,02;0,0;0,0;-0,04;-0,04;-0,01;-0,01;-0,02;-0,02
25.08.2026;22:30;22:45;0,0;0,0;-0,19;-0,19;-0,04;-0,04;0,0;0,0;-0,01;-0,01;-0,1;-0,1;-0,01;-0,01;-0,12;-0,12;-0,01;-0,01;0,0;0,0;-0,02;-0,02;-0,01;-0,01;0,0;0,0;0,0;0,0;-0,05;-0,05;0,0;0,0;-0,01;-0,01;-0,05;-0,05;-0,01;-0,01;-0,01;-0,01;-0,01;-0,01;-0,02;-0,02;-0,01;-0,01;-0,01;-0,01;0,0;0,0;-0,03;-0,03;-0,01;-0,01;-0,02;-0,02
25.08.2026;22:45;23:00;0,0;0,0;-0,25;-0,25;-0,06;-0,06;0,0;0,0;-0,01;-0,01;-0,09;-0,09;-0,01;-0,01;-0,11;-0,11;0,0;0,0;0,0;0,0;-0,01;-0,01;0,0;0,0;-0,01;-0,01;0,0;0,0;-0,03;-0,03;0,0;0,0;-0,02;-0,02;-0,05;-0,05;-0,01;-0,01;-0,01;-0,01;-0,01;-0,01;-0,03;-0,03;-0,01;-0,01;-0,02;-0,02;0,0;0,0;-0,03;-0,03;0,0;0,0;-0,02;-0,02
25.08.2026;23:00;23:15;0,0;0,0;-0,2;-0,2;-0,05;-0,05;-0,01;-0,01;-0,02;-0,02;-0,08;-0,08;-0,01;-0,01;-0,11;-0,11;-0,01;-0,01;0,0;0,0;-0,01;-0,01;0,0;0,0;0,0;0,0;0,0;0,0;-0,03;-0,03;0,0;0,0;-0,01;-0,01;-0,05;-0,05;-0,01;-0,01;-0,01;-0,01;0,0;0,0;-0,02;-0,02;0,0;0,0;-0,02;-0,02;0,0;0,0;-0,03;-0,03;0,0;0,0;-0,03;-0,03
25.08.2026;23:15;23:30;0,0;0,0;-0,19;-0,19;-0,04;-0,04;0,0;0,0;-0,01;-0,01;-0,12;-0,12;-0,01;-0,01;-0,09;-0,09;-0,01;-0,01;0,0;0,0;-0,01;-0,01;0,0;0,0;-0,02;-0,02;0,0;0,0;-0,03;-0,03;-0,01;-0,01;-0,02;-0,02;-0,04;-0,04;-0,01;-0,01;-0,01;-0,01;-0,02;-0,02;-0,03;-0,03;-0,01;-0,01;-0,01;-0,01;0,0;0,0;-0,03;-0,03;-0,01;-0,01;-0,03;-0,03
25.08.2026;23:30;23:45;0,0;0,0;-0,18;-0,18;-0,06;-0,06;0,0;0,0;0,0;0,0;-0,11;-0,11;-0,01;-0,01;-0,14;-0,14;0,0;0,0;0,0;0,0;-0,01;-0,01;0,0;0,0;-0,01;-0,01;0,0;0,0;-0,02;-0,02;0,0;0,0;-0,01;-0,01;-0,04;-0,04;-0,01;-0,01;-0,01;-0,01;0,0;0,0;-0,02;-0,02;-0,01;-0,01;-0,02;-0,02;0,0;0,0;-0,02;-0,02;-0,01;-0,01;-0,02;-0,02
25.08.2026;23:45;00:00;0,0;0,0;-0,19;-0,19;-0,05;-0,05;0,0;0,0;-0,01;-0,01;-0,11;-0,11;-0,01;-0,01;-0,02;-0,02;-0,01;-0,01;0,0;0,0;-0,02;-0,02;0,0;0,0;0,0;0,0;-0,01;-0,01;-0,03;-0,03;0,0;0,0;0,0;0,0;-0,03;-0,03;-0,01;-0,01;0,0;0,0;-0,01;-0,01;-0,02;-0,02;-0,08;-0,08;-0,01;-0,01;-0,01;-0,01;-0,03;-0,03;0,0;0,0;-0,01;-0,01
26.08.2026;00:00;00:15;0,0;0,0;-0,2;-0,2;-0,01;-0,01;0,0;0,0;-0,02;-0,02;-0,19;-0,19;-0,01;-0,01;-0,02;-0,02;0,0;0,0;0,0;0,0;0,0;0,0;0,0;0,0;-0,01;-0,01;0,0;0,0;-0,02;-0,02;0,0;0,0;-0,01;-0,01;-0,04;-0,04;-0,01;-0,01;-0,01;-0,01;-0,01;-0,01;-0,02;-0,02;-0,01;-0,01;-0,01;-0,01;0,0;0,0;-0,02;-0,02;0,0;0,0;-0,02;-0,02
26.08.2026;00:15;00:30;0,0;0,0;-0,2;-0,2;-0,01;-0,01;0,0;0,0;-0,01;-0,01;-0,34;-0,34;-0,01;-0,01;-0,02;-0,02;-0,01;-0,01;0,0;0,0;-0,02;-0,02;0,0;0,0;-0,01;-0,01;0,0;0,0;-0,03;-0,03;0,0;0,0;-0,01;-0,01;-0,03;-0,03;-0,02;-0,02;0,0;0,0;0,0;0,0;-0,02;-0,02;-0,01;-0,01;-0,02;-0,02;0,0;0,0;-0,03;-0,03;-0,01;-0,01;-0,02;-0,02
26.08.2026;00:30;00:45;0,0;0,0;-0,21;-0,21;-0,03;-0,03;0,0;0,0;-0,01;-0,01;-0,3;-0,3;0,0;0,0;-0,02;-0,02;-0,01;-0,01;0,0;0,0;-0,01;-0,01;0,0;0,0;-0,02;-0,02;0,0;0,0;-0,03;-0,03;0,0;0,0;-0,02;-0,02;-0,05;-0,05;0,0;0,0;-0,01;-0,01;-0,01;-0,01;-0,02;-0,02;-0,01;-0,01;-0,01;-0,01;0,0;0,0;-0,02;-0,02;0,0;0,0;-0,02;-0,02
26.08.2026;00:45;01:00;0,0;0,0;-0,29;-0,29;-0,03;-0,03;0,0;0,0;-0,01;-0,01;-0,22;-0,22;-0,01;-0,01;-0,03;-0,03;0,0;0,0;0,0;0,0;-0,01;-0,01;0,0;0,0;0,0;0,0;0,0;0,0;-0,03;-0,03;0,0;0,0;-0,01;-0,01;-0,05;-0,05;-0,01;-0,01;0,0;0,0;-0,01;-0,01;-0,02;-0,02;-0,01;-0,01;-0,02;-0,02;0,0;0,0;-0,02;-0,02;0,0;0,0;-0,02;-0,02
26.08.2026;01:00;01:15;0,0;0,0;-0,3;-0,3;-0,01;-0,01;0,0;0,0;-0,01;-0,01;-0,13;-0,13;-0,01;-0,01;-0,02;-0,02;-0,01;-0,01;0,0;0,0;-0,01;-0,01;0,0;0,0;-0,01;-0,01;0,0;0,0;-0,04;-0,04;0,0;0,0;-0,02;-0,02;-0,05;-0,05;-0,02;-0,02;-0,01;-0,01;0,0;0,0;-0,01;-0,01;0,0;0,0;-0,01;-0,01;0,0;0,0;-0,02;-0,02;-0,01;-0,01;-0,03;-0,03
26.08.2026;01:15;01:30;0,0;0,0;-0,19;-0,19;-0,01;-0,01;0,0;0,0;-0,01;-0,01;-0,09;-0,09;-0,01;-0,01;-0,02;-0,02;0,0;0,0;-0,01;-0,01;-0,01;-0,01;0,0;0,0;0,0;0,0;0,0;0,0;-0,03;-0,03;0,0;0,0;-0,01;-0,01;-0,05;-0,05;0,0;0,0;0,0;0,0;-0,02;-0,02;-0,01;-0,01;-0,01;-0,01;-0,02;-0,02;0,0;0,0;-0,02;-0,02;-0,01;-0,01;-0,01;-0,01
26.08.2026;01:30;01:45;0,0;0,0;-0,21;-0,21;-0,03;-0,03;0,0;0,0;-0,02;-0,02;-0,04;-0,04;-0,01;-0,01;-0,02;-0,02;-0,01;-0,01;0,0;0,0;-0,01;-0,01;0,0;0,0;-0,01;-0,01;-0,01;-0,01;-0,03;-0,03;0,0;0,0;0,0;0,0;-0,05;-0,05;-0,02;-0,02;-0,01;-0,01;0,0;0,0;-0,01;-0,01;-0,01;-0,01;-0,01;-0,01;0,0;0,0;-0,02;-0,02;0,0;0,0;-0,01;-0,01
26.08.2026;01:45;02:00;0,0;0,0;-0,2;-0,2;-0,02;-0,02;0,0;0,0;-0,01;-0,01;-0,03;-0,03;-0,01;-0,01;-0,01;-0,01;-0,01;-0,01;0,0;0,0;0,0;0,0;0,0;0,0;-0,02;-0,02;0,0;0,0;-0,02;-0,02;-0,01;-0,01;-0,01;-0,01;-0,04;-0,04;-0,01;-0,01;-0,01;-0,01;-0,01;-0,01;-0,01;-0,01;-0,01;-0,01;-0,02;-0,02;-0,01;-0,01;-0,02;-0,02;0,0;0,0;-0,02;-0,02
26.08.2026;02:00;02:15;0,0;0,0;-0,2;-0,2;-0,02;-0,02;0,0;0,0;-0,02;-0,02;-0,02;-0,02;-0,01;-0,01;0,0;0,0;0,0;0,0;0,0;0,0;-0,02;-0,02;0,0;0,0;-0,01;-0,01;0,0;0,0;-0,01;-0,01;0,0;0,0;-0,01;-0,01;-0,01;-0,01;-0,01;-0,01;-0,01;-0,01;-0,01;-0,01;-0,03;-0,03;-0,01;-0,01;-0,01;-0,01;0,0;0,0;-0,02;-0,02;-0,01;-0,01;-0,03;-0,03
26.08.2026;02:15;02:30;0,0;0,0;-0,27;-0,27;-0,01;-0,01;0,0;0,0;-0,04;-0,04;-0,01;-0,01;0,0;0,0;-0,02;-0,02;-0,01;-0,01;0,0;0,0;-0,01;-0,01;0,0;0,0;0,0;0,0;0,0;0,0;-0,02;-0,02;0,0;0,0;-0,02;-0,02;-0,01;-0,01;-0,01;-0,01;-0,01;-0,01;0,0;0,0;-0,06;-0,06;-0,01;-0,01;-0,02;-0,02;0,0;0,0;-0,03;-0,03;0,0;0,0;-0,02;-0,02
26.08.2026;02:30;02:45;0,0;0,0;-0,28;-0,28;-0,03;-0,03;-0,01;-0,01;-0,02;-0,02;-0,01;-0,01;-0,01;-0,01;-0,02;-0,02;0,0;0,0;0,0;0,0;0,0;0,0;0,0;0,0;0,0;0,0;0,0;0,0;-0,01;-0,01;0,0;0,0;-0,01;-0,01;-0,02;-0,02;-0,01;-0,01;-0,01;-0,01;-0,01;-0,01;-0,01;-0,01;0,0;0,0;-0,01;-0,01;0,0;0,0;-0,01;-0,01;-0,01;-0,01;-0,02;-0,02
26.08.2026;02:45;03:00;0,0;0,0;-0,19;-0,19;-0,02;-0,02;0,0;0,0;-0,02;-0,02;-0,01;-0,01;-0,01;-0,01;-0,02;-0,02;-0,01;-0,01;0,0;0,0;-0,01;-0,01;0,0;0,0;-0,02;-0,02;0,0;0,0;-0,02;-0,02;0,0;0,0;-0,02;-0,02;-0,01;-0,01;-0,01;-0,01;0,0;0,0;-0,01;-0,01;-0,01;-0,01;-0,01;-0,01;-0,02;-0,02;0,0;0,0;-0,02;-0,02;0,0;0,0;-0,02;-0,02
26.08.2026;03:00;03:15;0,0;0,0;-0,2;-0,2;-0,02;-0,02;0,0;0,0;-0,02;-0,02;0,0;0,0;0,0;0,0;-0,02;-0,02;-0,01;-0,01;0,0;0,0;-0,02;-0,02;0,0;0,0;-0,01;-0,01;0,0;0,0;-0,01;-0,01;0,0;0,0;-0,01;-0,01;-0,03;-0,03;-0,01;-0,01;-0,01;-0,01;0,0;0,0;-0,02;-0,02;-0,01;-0,01;-0,01;-0,01;0,0;0,0;0,0;0,0;0,0;0,0;-0,01;-0,01
26.08.2026;03:15;03:30;0,0;0,0;-0,2;-0,2;-0,01;-0,01;0,0;0,0;-0,02;-0,02;-0,01;-0,01;-0,02;-0,02;-0,02;-0,02;0,0;0,0;0,0;0,0;0,0;0,0;0,0;0,0;-0,01;-0,01;-0,01;-0,01;-0,02;-0,02;0,0;0,0;0,0;0,0;-0,02;-0,02;-0,01;-0,01;0,0;0,0;-0,02;-0,02;-0,01;-0,01;-0,01;-0,01;-0,01;-0,01;0,0;0,0;-0,02;-0,02;-0,01;-0,01;-0,02;-0,02
26.08.2026;03:30;03:45;0,0;0,0;-0,19;-0,19;-0,02;-0,02;0,0;0,0;-0,02;-0,02;-0,01;-0,01;-0,01;-0,01;-0,01;-0,01;-0,01;-0,01;0,0;0,0;-0,02;-0,02;-0,01;-0,01;0,0;0,0;0,0;0,0;-0,01;-0,01;0,0;0,0;0,0;0,0;-0,02;-0,02;-0,01;-0,01;-0,01;-0,01;0,0;0,0;0,0;0,0;-0,01;-0,01;-0,02;-0,02;0,0;0,0;0,0;0,0;0,0;0,0;-0,02;-0,02
26.08.2026;03:45;04:00;0,0;0,0;-0,2;-0,2;-0,02;-0,02;0,0;0,0;-0,01;-0,01;-0,01;-0,01;0,0;0,0;-0,02;-0,02;0,0;0,0;0,0;0,0;-0,01;-0,01;0,0;0,0;-0,01;-0,01;0,0;0,0;-0,02;-0,02;0,0;0,0;-0,02;-0,02;-0,02;-0,02;-0,01;-0,01;-0,01;-0,01;-0,01;-0,01;-0,01;-0,01;-0,01;-0,01;-0,01;-0,01;-0,01;-0,01;-0,02;-0,02;-0,01;-0,01;-0,03;-0,03
26.08.2026;04:00;04:15;0,0;0,0;-0,2;-0,2;-0,02;-0,02;0,0;0,0;0,0;0,0;0,0;0,0;-0,01;-0,01;-0,02;-0,02;-0,01;-0,01;0,0;0,0;-0,01;-0,01;0,0;0,0;-0,01;-0,01;0,0;0,0;-0,01;-0,01;0,0;0,0;-0,01;-0,01;-0,01;-0,01;-0,01;-0,01;0,0;0,0;-0,01;-0,01;-0,02;-0,02;0,0;0,0;-0,02;-0,02;0,0;0,0;0,0;0,0;0,0;0,0;-0,02;-0,02
26.08.2026;04:15;04:30;0,0;0,0;-0,2;-0,2;-0,03;-0,03;0,0;0,0;-0,02;-0,02;-0,01;-0,01;-0,01;-0,01;-0,02;-0,02;-0,01;-0,01;0,0;0,0;-0,01;-0,01;0,0;0,0;-0,02;-0,02;0,0;0,0;-0,02;-0,02;-0,01;-0,01;-0,02;-0,02;-0,01;-0,01;-0,01;-0,01;-0,01;-0,01;0,0;0,0;-0,01;-0,01;-0,01;-0,01;-0,01;-0,01;0,0;0,0;-0,02;-0,02;-0,01;-0,01;-0,01;-0,01
26.08.2026;04:30;04:45;0,0;0,0;-0,19;-0,19;-0,01;-0,01;0,0;0,0;-0,01;-0,01;-0,01;-0,01;-0,01;-0,01;-0,02;-0,02;0,0;0,0;0,0;0,0;-0,01;-0,01;0,0;0,0;0,0;0,0;0,0;0,0;-0,01;-0,01;0,0;0,0;-0,01;-0,01;-0,02;-0,02;-0,01;-0,01;0,0;0,0;-0,01;-0,01;-0,01;-0,01;-0,01;-0,01;-0,02;-0,02;0,0;0,0;-0,01;-0,01;0,0;0,0;-0,01;-0,01
26.08.2026;04:45;05:00;0,0;0,0;-0,2;-0,2;-0,02;-0,02;0,0;0,0;-0,02;-0,02;-0,01;-0,01;-0,01;-0,01;-0,02;-0,02;-0,01;-0,01;0,0;0,0;-0,01;-0,01;0,0;0,0;-0,01;-0,01;0,0;0,0;-0,01;-0,01;0,0;0,0;-0,01;-0,01;-0,01;-0,01;-0,01;-0,01;-0,01;-0,01;-0,01;-0,01;-0,01;-0,01;-0,01;-0,01;-0,01;-0,01;0,0;0,0;-0,01;-0,01;0,0;0,0;-0,02;-0,02
26.08.2026;05:00;05:15;0,0;0,0;-0,19;-0,19;-0,02;-0,02;0,0;0,0;-0,01;-0,01;0,0;0,0;-0,01;-0,01;-0,01;-0,01;0,0;0,0;0,0;0,0;-0,01;-0,01;0,0;0,0;0,0;0,0;0,0;0,0;-0,02;-0,02;0,0;0,0;0,0;0,0;-0,01;-0,01;-0,01;-0,01;-0,01;-0,01;0,0;0,0;-0,02;-0,02;-0,01;-0,01;-0,01;-0,01;0,0;0,0;-0,01;-0,01;-0,01;-0,01;-0,03;-0,03
26.08.2026;05:15;05:30;0,0;0,0;-0,21;-0,21;-0,02;-0,02;0,0;0,0;0,0;0,0;-0,02;-0,02;-0,01;-0,01;-0,02;-0,02;-0,01;-0,01;0,0;0,0;-0,01;-0,01;0,0;0,0;-0,02;-0,02;0,0;0,0;-0,01;-0,01;0,0;0,0;-0,01;-0,01;-0,14;-0,14;-0,01;-0,01;-0,01;-0,01;-0,02;-0,02;0,0;0,0;-0,01;-0,01;-0,02;-0,02;0,0;0,0;-0,01;-0,01;0,0;0,0;-0,02;-0,02
26.08.2026;05:30;05:45;0,0;0,0;-0,2;-0,2;-0,01;-0,01;0,0;0,0;-0,01;-0,01;0,0;0,0;0,0;0,0;-0,01;-0,01;-0,01;-0,01;0,0;0,0;-0,01;-0,01;0,0;0,0;-0,01;-0,01;0,0;0,0;-0,01;-0,01;0,0;0,0;-0,01;-0,01;-0,04;-0,04;-0,01;-0,01;-0,01;-0,01;0,0;0,0;-0,01;-0,01;0,0;0,0;-0,01;-0,01;0,0;0,0;-0,01;-0,01;-0,01;-0,01;-0,02;-0,02
26.08.2026;05:45;06:00;0,0;0,0;-0,21;-0,21;-0,03;-0,03;-0,01;-0,01;-0,02;-0,02;-0,01;-0,01;-0,02;-0,02;-0,01;-0,01;0,0;0,0;0,0;0,0;-0,01;-0,01;0,0;0,0;0,0;0,0;-0,01;-0,01;-0,02;-0,02;0,0;0,0;-0,02;-0,02;-0,03;-0,03;-0,01;-0,01;0,0;0,0;-0,01;-0,01;-0,01;-0,01;-0,02;-0,02;-0,02;-0,02;-0,01;-0,01;-0,01;-0,01;0,0;0,0;-0,01;-0,01
26.08.2026;06:00;06:15;0,0;0,0;-0,24;-0,24;-0,03;-0,03;0,0;0,0;-0,01;-0,01;-0,01;-0,01;0,0;0,0;-0,01;-0,01;-0,01;-0,01;0,0;0,0;-0,01;-0,01;0,0;0,0;-0,01;-0,01;-0,01;-0,01;-0,01;-0,01;0,0;0,0;-0,01;-0,01;-0,03;-0,03;-0,03;-0,03;-0,01;-0,01;-0,01;-0,01;-0,01;-0,01;-0,02;-0,02;-0,01;-0,01;0,0;0,0;-0,02;-0,02;-0,01;-0,01;-0,01;-0,01
26.08.2026;06:15;06:30;0,0;0,0;-0,23;-0,23;-0,03;-0,03;0,0;0,0;-0,02;-0,02;-0,01;-0,01;-0,01;-0,01;-0,02;-0,02;0,0;0,0;-0,01;-0,01;-0,01;-0,01;0,0;0,0;0,0;0,0;0,0;0,0;-0,02;-0,02;0,0;0,0;-0,02;-0,02;-0,02;-0,02;-0,01;-0,01;-0,01;-0,01;0,0;0,0;-0,02;-0,02;-0,02;-0,02;-0,02;-0,02;0,0;0,0;0,0;0,0;0,0;0,0;-0,03;-0,03
26.08.2026;06:30;06:45;0,0;0,0;-0,19;-0,19;-0,02;-0,02;0,0;0,0;0,0;0,0;0,0;0,0;-0,01;-0,01;-0,02;-0,02;-0,01;-0,01;0,0;0,0;-0,01;-0,01;0,0;0,0;-0,02;-0,02;0,0;0,0;-0,02;-0,02;0,0;0,0;0,0;0,0;-0,01;-0,01;-0,01;-0,01;0,0;0,0;-0,01;-0,01;-0,01;-0,01;0,0;0,0;-0,01;-0,01;0,0;0,0;-0,02;-0,02;0,0;0,0;-0,02;-0,02
26.08.2026;06:45;07:00;0,0;0,0;-0,18;-0,18;-0,03;-0,03;0,0;0,0;-0,01;-0,01;-0,01;-0,01;-0,01;-0,01;-0,02;-0,02;-0,01;-0,01;0,0;0,0;-0,01;-0,01;0,0;0,0;-0,01;-0,01;0,0;0,0;-0,04;-0,04;-0,01;-0,01;-0,25;-0,25;-0,02;-0,02;-0,01;-0,01;-0,01;-0,01;-0,01;-0,01;0,0;0,0;-0,01;-0,01;-0,01;-0,01;0,0;0,0;0,0;0,0;-0,01;-0,01;-0,02;-0,02
26.08.2026;07:00;07:15;0,0;0,0;-0,19;-0,19;-0,1;-0,1;0,0;0,0;-0,01;-0,01;-0,01;-0,01;-0,01;-0,01;-0,02;-0,02;0,0;0,0;0,0;0,0;-0,01;-0,01;0,0;0,0;-0,01;-0,01;0,0;0,0;-0,01;-0,01;0,0;0,0;-0,12;-0,12;-0,01;-0,01;-0,01;-0,01;0,0;0,0;0,0;0,0;-0,01;-0,01;-0,01;-0,01;-0,02;-0,02;0,0;0,0;-0,02;-0,02;0,0;0,0;-0,02;-0,02
26.08.2026;07:15;07:30;0,01;0,01;-0,17;-0,17;-0,03;-0,03;0,0;0,0;-0,02;-0,02;-0,01;-0,01;-0,02;-0,02;-0,01;-0,01;-0,01;-0,01;0,0;0,0;-0,01;-0,01;0,0;0,0;0,0;0,0;0,0;0,0;-0,02;-0,02;0,0;0,0;-0,01;-0,01;-0,01;-0,01;-0,01;-0,01;-0,01;-0,01;-0,01;-0,01;-0,02;-0,02;-0,01;-0,01;-0,01;-0,01;0,0;0,0;0,0;0,0;-0,01;-0,01;-0,01;-0,01
26.08.2026;07:30;07:45;0,03;0,03;-0,23;-0,23;-0,18;-0,18;0,0;0,0;-0,12;-0,12;-0,01;-0,01;-0,02;-0,02;-0,02;-0,02;0,0;0,0;0,0;0,0;-0,01;-0,01;0,0;0,0;-0,01;-0,01;0,0;0,0;-0,02;-0,02;0,0;0,0;-0,02;-0,02;-0,01;-0,01;0,0;0,0;0,0;0,0;-0,01;-0,01;-0,01;-0,01;-0,01;-0,01;-0,02;-0,02;0,0;0,0;-0,02;-0,02;0,0;0,0;-0,01;-0,01
26.08.2026;07:45;08:00;0,05;0,05;-0,31;-0,31;-0,03;-0,03;0,0;0,0;-0,14;-0,14;0,0;0,0;0,0;0,0;-0,02;-0,02;-0,01;-0,01;0,0;0,0;-0,04;-0,04;0,0;0,0;-0,02;-0,02;0,0;0,0;-0,02;-0,02;0,0;0,0;-0,01;-0,01;-0,02;-0,02;-0,01;-0,01;-0,02;-0,02;-0,01;-0,01;0,0;0,0;-0,01;-0,01;-0,01;-0,01;-0,01;-0,01;0,0;0,0;0,0;0,0;-0,03;-0,03
26.08.2026;08:00;08:15;0,06;0,06;-0,28;-0,28;-0,02;-0,02;0,0;0,0;-0,03;-0,03;-0,01;-0,01;-0,01;-0,01;-0,02;-0,02;-0,01;-0,01;0,0;0,0;0,0;0,0;0,0;0,0;0,0;0,0;0,0;0,0;-0,02;-0,02;0,0;0,0;0,0;0,0;-0,02;-0,02;-0,02;-0,02;-0,01;-0,01;-0,01;-0,01;-0,01;-0,01;0,0;0,0;-0,02;-0,02;0,0;0,0;-0,02;-0,02;-0,01;-0,01;-0,02;-0,02
26.08.2026;08:15;08:30;0,08;0,08;-0,34;-0,34;-0,03;-0,03;0,0;0,0;-0,06;-0,06;-0,01;-0,01;-0,01;-0,01;-0,02;-0,02;0,0;0,0;0,0;0,0;-0,01;-0,01;0,0;0,0;-0,01;-0,01;0,0;0,0;-0,03;-0,03;0,0;0,0;-0,01;-0,01;-0,03;-0,03;-0,01;-0,01;-0,01;-0,01;0,0;0,0;-0,03;-0,03;-0,01;-0,01;-0,02;-0,02;0,0;0,0;0,0;0,0;-0,01;-0,01;-0,02;-0,02
26.08.2026;08:30;08:45;0,15;0,11;-0,34;-0,3;-0,04;-0,04;0,0;0,0;-0,47;-0,47;-0,01;-0,01;-0,01;-0,01;-0,02;-0,02;-0,01;-0,01;0,0;0,0;-0,02;-0,02;-0,01;-0,01;0,0;0,0;0,0;0,0;-0,02;-0,02;0,0;0,0;0,0;0,0;-0,02;-0,02;-0,02;-0,02;0,0;0,0;-0,01;-0,01;-0,07;-0,07;-0,01;-0,01;-0,04;-0,04;0,0;0,0;-0,02;-0,02;0,0;0,0;-0,01;-0,01
26.08.2026;08:45;09:00;0,01;0,01;-0,23;-0,23;-0,04;-0,04;0,0;0,0;-0,16;-0,16;-0,01;-0,01;-0,01;-0,01;-0,02;-0,02;0,0;0,0;0,0;0,0;-0,01;-0,01;0,0;0,0;-0,01;-0,01;0,0;0,0;-0,02;-0,02;0,0;0,0;0,0;0,0;-0,02;-0,02;-0,05;-0,05;0,0;0,0;-0,01;-0,01;-0,14;-0,14;-0,01;-0,01;-0,02;-0,02;0,0;0,0;0,0;0,0;0,0;0,0;-0,02;-0,02
26.08.2026;09:00;09:15;0,0;0,0;-0,19;-0,19;-0,04;-0,04;-0,01;-0,01;-0,41;-0,41;-0,01;-0,01;-0,01;-0,01;-0,06;-0,06;-0,01;-0,01;0,0;0,0;-0,01;-0,01;0,0;0,0;-0,02;-0,02;0,0;0,0;-0,03;-0,03;0,0;0,0;-0,02;-0,02;-0,02;-0,02;-0,07;-0,07;-0,01;-0,01;0,0;0,0;-0,14;-0,14;-0,01;-0,01;-0,03;-0,03;0,0;0,0;-0,02;-0,02;-0,01;-0,01;-0,01;-0,01
26.08.2026;09:15;09:30;0,01;0,01;-0,27;-0,27;-0,04;-0,04;0,0;0,0;-0,24;-0,24;0,0;0,0;0,0;0,0;-0,07;-0,07;-0,01;-0,01;0,0;0,0;-0,01;-0,01;0,0;0,0;-0,01;-0,01;-0,01;-0,01;-0,02;-0,02;-0,01;-0,01;-0,01;-0,01;-0,01;-0,01;-0,02;-0,02;-0,01;-0,01;-0,01;-0,01;-0,13;-0,13;-0,01;-0,01;-0,3;-0,3;0,0;0,0;0,0;0,0;0,0;0,0;-0,02;-0,02
26.08.2026;09:30;09:45;0,8;0,25;-0,22;-0,04;-0,03;0,0;0,0;0,0;-0,21;-0,16;-0,01;0,0;-0,01;0,0;-0,08;-0,03;0,0;0,0;0,0;0,0;-0,01;0,0;0,0;0,0;0,0;0,0;0,0;0,0;-0,02;0,0;0,0;0,0;-0,01;0,0;-0,01;0,0;-0,01;0,0;0,0;0,0;-0,01;0,0;-0,08;-0,03;0,0;0,0;-0,13;-0,08;0,0;0,0;-0,02;0,0;0,0;0,0;-0,03;0,0
26.08.2026;09:45;10:00;1,13;0,45;-0,32;-0,03;-0,02;0,0;0,0;0,0;-0,06;0,0;-0,01;0,0;-0,01;0,0;-0,08;0,0;-0,01;0,0;0,0;0,0;-0,01;0,0;0,0;0,0;-0,01;0,0;0,0;0,0;-0,02;0,0;0,0;0,0;-0,01;0,0;-0,01;0,0;-0,01;0,0;-0,01;0,0;0,0;0,0;-0,01;0,0;-0,01;0,0;-0,04;0,0;-0,01;0,0;0,0;0,0;-0,01;0,0;-0,04;0,0
26.08.2026;10:00;10:15;1,96;1,12;-0,19;0,0;-0,02;0,0;0,0;0,0;-0,04;0,0;-0,01;0,0;0,0;0,0;-0,09;0,0;0,0;0,0;0,0;0,0;-0,01;0,0;0,0;0,0;-0,01;0,0;0,0;0,0;-0,09;0,0;0,0;0,0;0,0;0,0;-0,02;0,0;-0,52;-0,3;0,0;0,0;-0,02;0,0;0,0;0,0;-0,01;0,0;-0,05;0,0;0,0;0,0;-0,01;0,0;-0,01;0,0;-0,04;0,0
26.08.2026;10:15;10:30;1,23;0,43;-0,2;0,0;-0,02;0,0;0,0;0,0;-0,04;0,0;-0,01;0,0;-0,01;0,0;-0,09;0,0;-0,01;0,0;0,0;0,0;-0,01;0,0;0,0;0,0;-0,02;0,0;0,0;0,0;-0,11;-0,01;0,0;0,0;0,0;0,0;-0,02;0,0;-0,39;-0,29;-0,01;0,0;0,0;0,0;-0,01;0,0;-0,01;0,0;-0,09;0,0;0,0;0,0;-0,01;0,0;0,0;0,0;-0,04;0,0
26.08.2026;10:30;10:45;1,45;0,62;-0,18;0,0;-0,03;0,0;0,0;0,0;-0,02;0,0;0,0;0,0;-0,01;0,0;-0,09;0,0;-0,01;0,0;0,0;0,0;-0,01;0,0;0,0;0,0;0,0;0,0;0,0;0,0;-0,07;0,0;0,0;0,0;-0,01;0,0;-0,03;0,0;-0,32;-0,18;-0,01;0,0;-0,01;0,0;-0,02;0,0;-0,01;0,0;-0,15;-0,01;0,0;0,0;-0,01;0,0;0,0;0,0;-0,03;0,0
26.08.2026;10:45;11:00;1,94;1,05;-0,17;0,0;-0,03;0,0;0,0;0,0;-0,01;0,0;-0,01;0,0;-0,01;0,0;-0,08;0,0;0,0;0,0;0,0;0,0;-0,01;0,0;0,0;0,0;0,0;0,0;0,0;0,0;-0,06;0,0;0,0;0,0;-0,01;0,0;-0,04;0,0;-0,31;-0,11;-0,01;0,0;-0,01;0,0;-0,01;0,0;-0,01;0,0;-0,17;0,0;0,0;0,0;-0,01;0,0;-0,01;0,0;-0,03;0,0
26.08.2026;11:00;11:15;1,48;0,7;-0,18;0,0;-0,01;0,0;0,0;0,0;-0,01;0,0;-0,01;0,0;-0,01;0,0;-0,08;0,0;-0,01;0,0;0,0;0,0;0,0;0,0;0,0;0,0;-0,01;0,0;0,0;0,0;-0,1;0,0;0,0;0,0;-0,01;0,0;-0,04;0,0;-0,29;-0,15;-0,01;0,0;0,0;0,0;0,0;0,0;0,0;0,0;-0,13;0,0;0,0;0,0;-0,01;0,0;0,0;0,0;-0,02;0,0
26.08.2026;11:15;11:30;1,59;0,8;-0,19;0,0;-0,02;0,0;0,0;0,0;-0,01;0,0;0,0;0,0;-0,01;0,0;-0,08;0,0;0,0;0,0;-0,01;0,0;-0,01;0,0;0,0;0,0;-0,01;0,0;0,0;0,0;-0,07;0,0;0,0;0,0;-0,02;0,0;-0,04;0,0;-0,15;0,0;-0,01;0,0;-0,01;0,0;-0,01;0,0;-0,01;0,0;-0,08;0,0;0,0;0,0;-0,01;0,0;-0,01;0,0;-0,03;0,0
26.08.2026;11:30;11:45;1,93;1,21;-0,22;0,0;-0,03;0,0;0,0;0,0;-0,01;0,0;-0,01;0,0;0,0;0,0;-0,09;0,0;-0,01;0,0;0,0;0,0;-0,04;0,0;0,0;0,0;-0,02;0,0;0,0;0,0;-0,07;0,0;0,0;0,0;0,0;0,0;-0,03;0,0;-0,04;0,0;0,0;0,0;-0,01;0,0;-0,02;0,0;-0,01;0,0;-0,07;0,0;0,0;0,0;-0,01;0,0;0,0;0,0;-0,03;0,0
26.08.2026;11:45;12:00;2,57;1,67;-0,19;0,0;-0,04;0,0;0,0;0,0;-0,02;0,0;-0,01;0,0;-0,01;0,0;-0,09;0,0;0,0;0,0;0,0;0,0;-0,26;0,0;0,0;0,0;0,0;0,0;0,0;0,0;-0,06;0,0;-0,01;0,0;-0,01;0,0;-0,03;0,0;-0,05;0,0;0,0;0,0;0,0;0,0;-0,03;0,0;-0,01;0,0;-0,03;0,0;-0,01;0,0;-0,01;0,0;0,0;0,0;-0,03;0,0
26.08.2026;12:00;12:15;3,9;3,12;-0,25;0,0;-0,04;0,0;0,0;0,0;-0,01;0,0;-0,01;0,0;-0,01;0,0;-0,08;0,0;-0,01;0,0;0,0;0,0;-0,12;0,0;0,0;0,0;-0,01;0,0;0,0;0,0;-0,07;0,0;0,0;0,0;0,0;0,0;-0,03;0,0;-0,01;0,0;-0,01;0,0;-0,02;0,0;-0,02;0,0;-0,01;0,0;-0,02;0,0;0,0;0,0;-0,01;0,0;-0,01;0,0;-0,03;0,0
26.08.2026;12:15;12:30;3,73;3,07;-0,2;0,0;-0,04;0,0;0,0;0,0;-0,01;0,0;-0,05;0,0;-0,01;0,0;-0,09;0,0;-0,01;0,0;0,0;0,0;-0,07;0,0;0,0;0,0;0,0;0,0;0,0;0,0;-0,07;0,0;0,0;0,0;0,0;0,0;-0,02;0,0;-0,01;0,0;-0,01;0,0;0,0;0,0;-0,02;0,0;-0,01;0,0;-0,02;0,0;0,0;0,0;-0,01;0,0;0,0;0,0;-0,01;0,0
26.08.2026;12:30;12:45;3,73;2,97;-0,18;0,0;-0,05;0,0;-0,01;0,0;-0,01;0,0;-0,1;0,0;0,0;0,0;-0,08;0,0;0,0;0,0;0,0;0,0;-0,12;0,0;0,0;0,0;-0,02;0,0;-0,01;0,0;-0,06;0,0;0,0;0,0;-0,02;0,0;-0,03;0,0;-0,01;0,0;0,0;0,0;-0,01;0,0;-0,01;0,0;0,0;0,0;-0,02;0,0;0,0;0,0;-0,01;0,0;0,0;0,0;-0,01;0,0
26.08.2026;12:45;13:00;1,64;0,83;-0,17;0,0;-0,05;0,0;0,0;0,0;-0,01;0,0;-0,05;0,0;-0,01;0,0;-0,09;0,0;-0,01;0,0;0,0;0,0;-0,24;-0,07;0,0;0,0;-0,01;0,0;0,0;0,0;-0,07;0,0;0,0;0,0;-0,01;0,0;-0,04;0,0;-0,01;0,0;-0,01;0,0;-0,01;0,0;-0,01;0,0;-0,01;0,0;-0,03;0,0;0,0;0,0;-0,01;0,0;-0,01;0,0;-0,02;0,0
26.08.2026;13:00;13:15;0,05;0,05;-0,19;-0,19;-0,04;-0,04;0,0;0,0;-0,01;-0,01;-0,06;-0,06;-0,01;-0,01;-0,08;-0,08;-0,01;-0,01;0,0;0,0;-0,33;-0,33;0,0;0,0;-0,01;-0,01;0,0;0,0;-0,06;-0,06;0,0;0,0;-0,01;-0,01;-0,04;-0,04;-0,01;-0,01;-0,01;-0,01;0,0;0,0;-0,01;-0,01;-0,01;-0,01;-0,02;-0,02;0,0;0,0;-0,01;-0,01;-0,01;-0,01;-0,02;-0,02
26.08.2026;13:15;13:30;0,24;0,18;-0,2;-0,14;-0,04;-0,04;0,0;0,0;-0,02;-0,02;-0,05;-0,05;-0,01;-0,01;-0,07;-0,07;0,0;0,0;0,0;0,0;-0,15;-0,15;0,0;0,0;0,0;0,0;0,0;0,0;-0,06;-0,06;0,0;0,0;-0,01;-0,01;-0,04;-0,04;-0,01;-0,01;0,0;0,0;-0,01;-0,01;-0,4;-0,4;-0,01;-0,01;-0,03;-0,03;0,0;0,0;-0,01;-0,01;0,0;0,0;-0,02;-0,02
26.08.2026;13:30;13:45;1,41;0,56;-0,25;0,0;-0,08;0,0;0,0;0,0;-0,01;0,0;-0,04;0,0;-0,01;0,0;-0,07;0,0;-0,01;0,0;0,0;0,0;-0,03;0,0;-0,01;0,0;-0,01;0,0;0,0;0,0;-0,07;0,0;0,0;0,0;0,0;0,0;-0,03;0,0;-0,02;0,0;-0,01;0,0;-0,01;0,0;-0,17;-0,05;-0,01;0,0;-0,03;0,0;0,0;0,0;-0,01;0,0;0,0;0,0;-0,02;0,0
26.08.2026;13:45;14:00;1,51;0,65;-0,18;0,0;-0,05;0,0;0,0;0,0;-0,01;0,0;-0,03;0,0;-0,01;0,0;-0,09;0,0;0,0;0,0;0,0;0,0;-0,46;-0,32;0,0;0,0;-0,02;0,0;0,0;0,0;-0,03;0,0;-0,01;0,0;0,0;0,0;-0,04;0,0;-0,01;0,0;-0,01;0,0;-0,01;0,0;-0,23;-0,09;-0,01;0,0;-0,04;0,0;-0,01;0,0;0,0;0,0;-0,01;0,0;-0,01;0,0
26.08.2026;14:00;14:15;1,25;0,49;-0,19;0,0;-0,06;0,0;0,0;0,0;0,0;0,0;-0,04;0,0;0,0;0,0;-0,09;0,0;-0,01;0,0;0,0;0,0;-0,07;0,0;0,0;0,0;-0,01;0,0;0,0;0,0;-0,04;0,0;0,0;0,0;-0,01;0,0;-0,04;0,0;-0,01;0,0;-0,01;0,0;0,0;0,0;-0,15;-0,05;0,0;0,0;-0,05;0,0;0,0;0,0;-0,02;0,0;0,0;0,0;-0,01;0,0
26.08.2026;14:15;14:30;2,1;1,24;-0,25;0,0;-0,1;0,0;0,0;0,0;-0,02;0,0;-0,04;0,0;-0,01;0,0;-0,08;0,0;-0,01;0,0;0,0;0,0;-0,14;0,0;0,0;0,0;0,0;0,0;0,0;0,0;-0,03;0,0;0,0;0,0;-0,01;0,0;-0,02;0,0;-0,01;0,0;-0,01;0,0;-0,01;0,0;-0,03;0,0;-0,01;0,0;-0,04;0,0;0,0;0,0;0,0;0,0;-0,01;0,0;-0,03;0,0
26.08.2026;14:30;14:45;2,52;1,35;-0,19;0,0;-0,18;0,0;0,0;0,0;-0,01;0,0;-0,05;0,0;-0,01;0,0;-0,52;-0,24;0,0;0,0;0,0;0,0;-0,24;0,0;0,0;0,0;0,0;0,0;0,0;0,0;-0,03;0,0;0,0;0,0;-0,02;0,0;-0,03;0,0;0,0;0,0;0,0;0,0;-0,01;0,0;-0,03;0,0;-0,01;0,0;-0,04;0,0;0,0;0,0;-0,02;0,0;0,0;0,0;-0,02;0,0
26.08.2026;14:45;15:00;1,6;0,8;-0,18;0,0;-0,2;-0,04;0,0;0,0;-0,02;0,0;-0,05;0,0;-0,01;0,0;-0,37;-0,21;-0,01;0,0;0,0;0,0;-0,01;0,0;0,0;0,0;-0,01;0,0;0,0;0,0;-0,04;0,0;0,0;0,0;-0,01;0,0;-0,03;0,0;-0,01;0,0;-0,01;0,0;0,0;0,0;-0,02;0,0;-0,01;0,0;-0,03;0,0;0,0;0,0;0,0;0,0;-0,01;0,0;-0,02;0,0
26.08.2026;15:00;15:15;1,0;0,35;-0,19;0,0;-0,07;0,0;0,0;0,0;0,0;0,0;-0,07;0,0;0,0;0,0;-0,17;-0,09;0,0;0,0;0,0;0,0;-0,01;0,0;0,0;0,0;-0,02;0,0;0,0;0,0;-0,03;0,0;0,0;0,0;-0,01;0,0;-0,02;0,0;-0,02;0,0;-0,01;0,0;-0,01;0,0;-0,03;0,0;-0,01;0,0;-0,03;0,0;0,0;0,0;-0,02;0,0;0,0;0,0;-0,02;0,0
26.08.2026;15:15;15:30;1,12;0,54;-0,17;0,0;-0,06;0,0;0,0;0,0;-0,01;0,0;-0,07;0,0;-0,01;0,0;-0,09;0,0;-0,01;0,0;0,0;0,0;0,0;0,0;0,0;0,0;-0,01;0,0;0,0;0,0;-0,03;0,0;0,0;0,0;0,0;0,0;-0,02;0,0;-0,01;0,0;0,0;0,0;-0,01;0,0;-0,04;0,0;-0,01;0,0;-0,02;0,0;0,0;0,0;0,0;0,0;0,0;0,0;-0,01;0,0
26.08.2026;15:30;15:45;1,96;1,23;-0,18;0,0;-0,1;0,0;0,0;0,0;-0,01;0,0;-0,13;0,0;-0,01;0,0;-0,08;0,0;0,0;0,0;0,0;0,0;-0,02;0,0;0,0;0,0;0,0;0,0;0,0;0,0;-0,05;0,0;0,0;0,0;0,0;0,0;-0,02;0,0;-0,02;0,0;0,0;0,0;0,0;0,0;-0,03;0,0;0,0;0,0;-0,04;0,0;-0,01;0,0;-0,01;0,0;-0,01;0,0;-0,01;0,0
26.08.2026;15:45;16:00;1,62;0,7;-0,31;0,0;-0,04;0,0;-0,01;0,0;-0,02;0,0;-0,11;0,0;0,0;0,0;-0,09;0,0;-0,01;0,0;0,0;0,0;-0,01;0,0;0,0;0,0;-0,01;0,0;-0,01;0,0;-0,05;0,0;0,0;0,0;-0,01;0,0;-0,02;0,0;-0,1;0,0;-0,01;0,0;-0,01;0,0;-0,02;0,0;-0,01;0,0;-0,04;0,0;0,0;0,0;-0,01;0,0;0,0;0,0;-0,02;0,0
26.08.2026;16:00;16:15;0,99;0,26;-0,18;0,0;-0,04;0,0;0,0;0,0;-0,01;0,0;-0,12;-0,06;-0,02;0,0;-0,09;-0,03;0,0;0,0;0,0;0,0;0,0;0,0;0,0;0,0;-0,01;0,0;-0,53;-0,47;-0,04;0,0;-0,01;0,0;-0,01;0,0;-0,02;0,0;-0,07;-0,01;-0,01;0,0;-0,01;0,0;-0,1;-0,04;-0,01;0,0;-0,02;0,0;0,0;0,0;-0,01;0,0;-0,01;0,0;-0,02;0,0
26.08.2026;16:15;16:30;0,72;0,21;-0,2;-0,06;-0,05;-0,02;0,0;0,0;-0,01;0,0;-0,13;-0,1;0,0;0,0;-0,09;-0,06;-0,01;0,0;-0,01;0,0;-0,01;0,0;0,0;0,0;-0,02;0,0;-0,54;-0,51;-0,06;-0,03;0,0;0,0;-0,01;0,0;-0,04;-0,01;-0,08;-0,05;0,0;0,0;0,0;0,0;-0,02;0,0;-0,01;0,0;-0,02;0,0;0,0;0,0;-0,01;0,0;0,0;0,0;-0,03;0,0
26.08.2026;16:30;16:45;0,68;0,2;-0,3;-0,18;-0,05;-0,02;0,0;0,0;-0,01;0,0;-0,14;-0,11;-0,01;0,0;-0,08;-0,05;-0,01;0,0;0,0;0,0;-0,02;0,0;0,0;0,0;0,0;0,0;-0,13;-0,1;-0,07;-0,04;0,0;0,0;-0,01;0,0;-0,02;0,0;-0,14;-0,11;-0,02;0,0;-0,02;0,0;0,0;0,0;-0,01;0,0;-0,03;0,0;0,0;0,0;-0,01;0,0;0,0;0,0;-0,01;0,0
26.08.2026;16:45;17:00;0,58;0,18;-0,3;-0,21;-0,05;-0,03;0,0;0,0;-0,06;-0,04;-0,12;-0,1;-0,03;-0,01;-0,23;-0,21;-0,01;0,0;0,0;0,0;-0,04;-0,02;0,0;0,0;-0,01;0,0;-0,04;-0,02;-0,1;-0,08;0,0;0,0;-0,02;0,0;-0,01;0,0;-0,06;-0,04;0,0;0,0;0,0;0,0;-0,03;-0,01;-0,01;0,0;-0,02;0,0;0,0;0,0;-0,01;0,0;-0,01;0,0;-0,01;0,0
26.08.2026;17:00;17:15;0,0;0,0;-0,19;-0,19;-0,04;-0,04;0,0;0,0;-0,03;-0,03;-0,12;-0,12;-0,01;-0,01;-0,21;-0,21;0,0;0,0;0,0;0,0;-0,05;-0,05;0,0;0,0;0,0;0,0;-0,04;-0,04;-0,08;-0,08;0,0;0,0;0,0;0,0;-0,02;-0,02;-0,06;-0,06;-0,01;-0,01;-0,01;-0,01;-0,02;-0,02;0,0;0,0;-0,01;-0,01;0,0;0,0;0,0;0,0;-0,01;-0,01;-0,02;-0,02
26.08.2026;17:15;17:30;0,0;0,0;-0,18;-0,18;-0,04;-0,04;0,0;0,0;-0,04;-0,04;-0,1;-0,1;-0,02;-0,02;-0,06;-0,06;-0,01;-0,01;0,0;0,0;-0,04;-0,04;0,0;0,0;-0,02;-0,02;-0,04;-0,04;-0,05;-0,05;0,0;0,0;0,0;0,0;-0,01;-0,01;-0,06;-0,06;-0,01;-0,01;-0,01;-0,01;-0,01;-0,01;-0,02;-0,02;-0,02;-0,02;0,0;0,0;-0,02;-0,02;0,0;0,0;-0,02;-0,02
26.08.2026;17:30;17:45;0,35;0,11;-0,18;-0,11;-0,05;-0,04;0,0;0,0;-0,04;-0,03;-0,1;-0,09;-0,01;0,0;-0,05;-0,04;0,0;0,0;0,0;0,0;-0,04;-0,03;0,0;0,0;-0,01;0,0;-0,04;-0,03;-0,03;-0,02;0,0;0,0;-0,01;0,0;-0,01;0,0;-0,05;-0,04;0,0;0,0;0,0;0,0;-0,02;-0,01;-0,01;0,0;-0,01;0,0;-0,01;0,0;0,0;0,0;0,0;0,0;-0,02;-0,01
26.08.2026;17:45;18:00;0,75;0,21;-0,23;-0,09;-0,04;-0,01;0,0;0,0;-0,03;0,0;-0,09;-0,06;-0,02;0,0;-0,04;-0,01;-0,01;0,0;0,0;0,0;-0,05;-0,02;0,0;0,0;-0,01;0,0;-0,03;0,0;-0,02;0,0;0,0;0,0;0,0;0,0;-0,01;0,0;-0,09;-0,06;-0,01;0,0;-0,01;0,0;-0,03;0,0;0,0;0,0;-0,02;0,0;0,0;0,0;-0,02;0,0;-0,01;0,0;-0,02;0,0
26.08.2026;18:00;18:15;0,72;0,19;-0,25;-0,12;-0,05;-0,02;0,0;0,0;-0,03;0,0;-0,09;-0,06;-0,21;-0,18;-0,03;0,0;0,0;0,0;0,0;0,0;-0,05;-0,02;0,0;0,0;0,0;0,0;-0,04;-0,01;-0,03;0,0;0,0;0,0;-0,02;0,0;-0,02;0,0;-0,07;-0,04;-0,02;0,0;-0,01;0,0;-0,08;-0,05;-0,01;0,0;-0,01;0,0;0,0;0,0;0,0;0,0;0,0;0,0;-0,01;0,0
26.08.2026;18:15;18:30;0,7;0,12;-0,28;-0,17;-0,05;-0,02;0,0;0,0;-0,04;-0,01;-0,12;-0,09;-0,34;-0,31;-0,22;-0,19;-0,01;0,0;0,0;0,0;-0,08;-0,05;0,0;0,0;-0,01;0,0;-0,03;0,0;-0,16;-0,13;0,0;0,0;-0,01;0,0;-0,03;0,0;-0,07;-0,04;-0,04;-0,01;0,0;0,0;-0,59;-0,56;-0,01;0,0;-0,07;-0,04;0,0;0,0;-0,02;0,0;0,0;0,0;-0,02;0,0
26.08.2026;18:30;18:45;0,88;0,19;-0,19;-0,05;-0,03;0,0;0,0;0,0;-0,04;0,0;-0,11;-0,07;-0,04;0,0;-0,16;-0,12;-0,01;0,0;0,0;0,0;-0,08;-0,04;-0,01;0,0;-0,01;0,0;-0,04;0,0;-0,31;-0,27;-0,01;0,0;-0,01;0,0;-0,02;0,0;-0,08;-0,04;-0,04;0,0;-0,01;0,0;-0,28;-0,24;-0,01;0,0;-0,01;0,0;0,0;0,0;0,0;0,0;-0,01;0,0;-0,01;0,0
26.08.2026;18:45;19:00;0,33;0,11;-0,37;-0,35;-0,05;-0,04;0,0;0,0;-0,05;-0,04;-0,09;-0,08;-0,03;-0,02;-0,02;-0,01;0,0;0,0;0,0;0,0;-0,04;-0,03;0,0;0,0;-0,01;0,0;-0,04;-0,03;-0,5;-0,49;0,0;0,0;-0,01;0,0;-0,03;-0,02;-0,07;-0,06;-0,05;-0,04;-0,01;0,0;-0,43;-0,42;-0,01;0,0;-0,02;-0,01;0,0;0,0;-0,03;-0,02;-0,01;0,0;-0,03;-0,02
26.08.2026;19:00;19:15;0,14;0,11;-0,23;-0,2;-0,05;-0,05;-0,01;-0,01;-0,05;-0,05;-0,13;-0,13;-0,03;-0,03;-0,02;-0,02;-0,01;-0,01;0,0;0,0;-0,1;-0,1;0,0;0,0;-0,01;-0,01;-0,03;-0,03;-0,39;-0,39;0,0;0,0;-0,08;-0,08;-0,05;-0,05;-0,15;-0,15;-0,01;-0,01;0,0;0,0;-0,53;-0,53;-0,01;-0,01;-0,02;-0,02;0,0;0,0;-0,03;-0,03;0,0;0,0;-0,02;-0,02
26.08.2026;19:15;19:30;0,05;0,05;-0,38;-0,38;-0,05;-0,05;0,0;0,0;-0,04;-0,04;-0,14;-0,14;-0,04;-0,04;-0,02;-0,02;-0,01;-0,01;0,0;0,0;-0,08;-0,08;0,0;0,0;0,0;0,0;-0,04;-0,04;-0,32;-0,32;0,0;0,0;-0,21;-0,21;-0,07;-0,07;-0,59;-0,59;-0,02;-0,02;-0,02;-0,02;-0,45;-0,45;0,0;0,0;-0,05;-0,05;0,0;0,0;-0,2;-0,2;0,0;0,0;-0,02;-0,02
26.08.2026;19:30;19:45;0,02;0,02;-0,19;-0,19;-0,03;-0,03;0,0;0,0;-0,05;-0,05;-0,15;-0,15;-0,03;-0,03;-0,01;-0,01;0,0;0,0;0,0;0,0;-0,04;-0,04;0,0;0,0;-0,01;-0,01;-0,03;-0,03;-0,13;-0,13;0,0;0,0;-0,46;-0,46;-0,08;-0,08;-0,13;-0,13;-0,02;-0,02;0,0;0,0;-0,17;-0,17;-0,01;-0,01;-0,09;-0,09;-0,01;-0,01;-0,06;-0,06;-0,01;-0,01;-0,01;-0,01
26.08.2026;19:45;20:00;0,01;0,01;-0,19;-0,19;-0,05;-0,05;0,0;0,0;-0,13;-0,13;-0,13;-0,13;-0,03;-0,03;-0,02;-0,02;-0,01;-0,01;0,0;0,0;-0,03;-0,03;0,0;0,0;-0,02;-0,02;-0,04;-0,04;-0,02;-0,02;0,0;0,0;-0,29;-0,29;-0,07;-0,07;-0,2;-0,2;0,0;0,0;-0,01;-0,01;-0,06;-0,06;-0,01;-0,01;-0,09;-0,09;0,0;0,0;-0,04;-0,04;0,0;0,0;-0,01;-0,01
26.08.2026;20:00;20:15;0,0;0,0;-0,26;-0,26;-0,05;-0,05;0,0;0,0;-0,29;-0,29;-0,14;-0,14;-0,04;-0,04;-0,02;-0,02;0,0;0,0;0,0;0,0;-0,04;-0,04;0,0;0,0;-0,01;-0,01;-0,03;-0,03;-0,02;-0,02;0,0;0,0;-0,17;-0,17;-0,07;-0,07;-0,31;-0,31;0,0;0,0;-0,01;-0,01;-0,06;-0,06;-0,01;-0,01;-0,05;-0,05;0,0;0,0;-0,05;-0,05;-0,01;-0,01;-0,02;-0,02
26.08.2026;20:15;20:30;0,0;0,0;-0,22;-0,22;-0,14;-0,14;0,0;0,0;-0,15;-0,15;-0,15;-0,15;-0,05;-0,05;-0,02;-0,02;-0,01;-0,01;0,0;0,0;-0,05;-0,05;0,0;0,0;0,0;0,0;-0,04;-0,04;-0,02;-0,02;0,0;0,0;-0,12;-0,12;-0,06;-0,06;-0,09;-0,09;-0,02;-0,02;0,0;0,0;-0,05;-0,05;-0,01;-0,01;-0,06;-0,06;0,0;0,0;-0,03;-0,03;0,0;0,0;-0,02;-0,02
26.08.2026;20:30;20:45;0,0;0,0;-0,2;-0,2;-0,08;-0,08;0,0;0,0;-0,04;-0,04;-0,14;-0,14;-0,04;-0,04;-0,02;-0,02;-0,01;-0,01;0,0;0,0;-0,04;-0,04;0,0;0,0;-0,01;-0,01;-0,04;-0,04;-0,03;-0,03;0,0;0,0;-0,07;-0,07;-0,05;-0,05;-0,08;-0,08;0,0;0,0;-0,01;-0,01;-0,03;-0,03;-0,01;-0,01;-0,05;-0,05;0,0;0,0;-0,03;-0,03;0,0;0,0;-0,02;-0,02
26.08.2026;20:45;21:00;0,0;0,0;-0,2;-0,2;-0,14;-0,14;0,0;0,0;-0,04;-0,04;-0,37;-0,37;-0,04;-0,04;-0,01;-0,01;0,0;0,0;0,0;0,0;-0,03;-0,03;0,0;0,0;-0,01;-0,01;-0,03;-0,03;-0,14;-0,14;0,0;0,0;-0,04;-0,04;-0,06;-0,06;-0,05;-0,05;0,0;0,0;-0,01;-0,01;-0,03;-0,03;-0,01;-0,01;-0,06;-0,06;0,0;0,0;-0,14;-0,14;-0,01;-0,01;-0,02;-0,02
26.08.2026;21:00;21:15;0,0;0,0;-0,19;-0,19;-0,08;-0,08;0,0;0,0;-0,04;-0,04;-0,39;-0,39;-0,04;-0,04;0,0;0,0;-0,01;-0,01;0,0;0,0;-0,04;-0,04;0,0;0,0;-0,02;-0,02;0,0;0,0;-0,59;-0,59;-0,01;-0,01;-0,04;-0,04;-0,05;-0,05;-0,02;-0,02;-0,01;-0,01;0,0;0,0;-0,03;-0,03;0,0;0,0;-0,05;-0,05;0,0;0,0;-0,05;-0,05;0,0;0,0;-0,02;-0,02
26.08.2026;21:15;21:30;0,0;0,0;-0,18;-0,18;-0,06;-0,06;0,0;0,0;-0,03;-0,03;-0,26;-0,26;-0,03;-0,03;-0,01;-0,01;0,0;0,0;-0,01;-0,01;-0,04;-0,04;0,0;0,0;0,0;0,0;0,0;0,0;-0,29;-0,29;0,0;0,0;-0,03;-0,03;-0,05;-0,05;-0,29;-0,29;-0,01;-0,01;-0,02;-0,02;-0,02;-0,02;-0,02;-0,02;-0,02;-0,02;0,0;0,0;-0,02;-0,02;-0,01;-0,01;-0,01;-0,01
26.08.2026;21:30;21:45;0,0;0,0;-0,18;-0,18;-0,08;-0,08;0,0;0,0;-0,03;-0,03;-0,11;-0,11;-0,03;-0,03;-0,02;-0,02;-0,01;-0,01;0,0;0,0;-0,04;-0,04;0,0;0,0;0,0;0,0;0,0;0,0;-0,21;-0,21;0,0;0,0;-0,03;-0,03;-0,05;-0,05;-0,18;-0,18;-0,02;-0,02;0,0;0,0;-0,3;-0,3;0,0;0,0;-0,01;-0,01;-0,01;-0,01;-0,03;-0,03;0,0;0,0;-0,01;-0,01
26.08.2026;21:45;22:00;0,0;0,0;-0,19;-0,19;-0,05;-0,05;0,0;0,0;-0,03;-0,03;-0,1;-0,1;-0,04;-0,04;-0,02;-0,02;-0,01;-0,01;0,0;0,0;-0,04;-0,04;0,0;0,0;-0,01;-0,01;0,0;0,0;-0,28;-0,28;0,0;0,0;-0,04;-0,04;-0,06;-0,06;-0,02;-0,02;-0,01;-0,01;-0,01;-0,01;-0,23;-0,23;-0,01;-0,01;-0,02;-0,02;0,0;0,0;-0,06;-0,06;-0,01;-0,01;-0,03;-0,03
26.08.2026;22:00;22:15;0,0;0,0;-0,18;-0,18;-0,05;-0,05;0,0;0,0;-0,04;-0,04;-0,12;-0,12;-0,02;-0,02;-0,02;-0,02;0,0;0,0;0,0;0,0;-0,03;-0,03;0,0;0,0;-0,02;-0,02;-0,01;-0,01;-0,39;-0,39;0,0;0,0;-0,02;-0,02;-0,05;-0,05;-0,02;-0,02;0,0;0,0;-0,01;-0,01;-0,03;-0,03;-0,01;-0,01;-0,01;-0,01;0,0;0,0;-0,04;-0,04;0,0;0,0;-0,02;-0,02
26.08.2026;22:15;22:30;0,0;0,0;-0,2;-0,2;-0,05;-0,05;0,0;0,0;-0,04;-0,04;-0,11;-0,11;-0,02;-0,02;-0,02;-0,02;-0,01;-0,01;0,0;0,0;-0,02;-0,02;0,0;0,0;-0,01;-0,01;0,0;0,0;-0,22;-0,22;0,0;0,0;-0,01;-0,01;-0,07;-0,07;-0,01;-0,01;-0,01;-0,01;0,0;0,0;-0,22;-0,22;-0,01;-0,01;-0,01;-0,01;0,0;0,0;-0,03;-0,03;0,0;0,0;-0,02;-0,02
26.08.2026;22:30;22:45;0,0;0,0;-0,18;-0,18;-0,06;-0,06;-0,01;-0,01;-0,03;-0,03;-0,09;-0,09;-0,01;-0,01;-0,01;-0,01;0,0;0,0;0,0;0,0;-0,04;-0,04;0,0;0,0;0,0;0,0;0,0;0,0;-0,18;-0,18;0,0;0,0;-0,02;-0,02;-0,06;-0,06;-0,03;-0,03;0,0;0,0;-0,01;-0,01;-0,03;-0,03;-0,01;-0,01;-0,02;-0,02;0,0;0,0;-0,03;-0,03;-0,01;-0,01;-0,01;-0,01
26.08.2026;22:45;23:00;0,0;0,0;-0,23;-0,23;-0,06;-0,06;0,0;0,0;-0,04;-0,04;-0,09;-0,09;-0,01;-0,01;-0,02;-0,02;-0,01;-0,01;0,0;0,0;-0,03;-0,03;0,0;0,0;-0,01;-0,01;0,0;0,0;-0,03;-0,03;0,0;0,0;-0,02;-0,02;-0,06;-0,06;-0,01;-0,01;-0,01;-0,01;-0,01;-0,01;-0,02;-0,02;-0,01;-0,01;-0,01;-0,01;0,0;0,0;-0,02;-0,02;-0,01;-0,01;-0,01;-0,01
26.08.2026;23:00;23:15;0,0;0,0;-0,18;-0,18;-0,05;-0,05;0,0;0,0;-0,03;-0,03;-0,11;-0,11;-0,02;-0,02;-0,02;-0,02;0,0;0,0;0,0;0,0;-0,02;-0,02;0,0;0,0;0,0;0,0;0,0;0,0;-0,02;-0,02;0,0;0,0;-0,01;-0,01;-0,05;-0,05;-0,01;-0,01;0,0;0,0;0,0;0,0;-0,02;-0,02;-0,04;-0,04;-0,01;-0,01;0,0;0,0;-0,03;-0,03;0,0;0,0;-0,02;-0,02
26.08.2026;23:15;23:30;0,0;0,0;-0,19;-0,19;-0,05;-0,05;0,0;0,0;-0,02;-0,02;-0,11;-0,11;-0,01;-0,01;-0,03;-0,03;-0,01;-0,01;0,0;0,0;-0,02;-0,02;0,0;0,0;-0,02;-0,02;0,0;0,0;-0,02;-0,02;0,0;0,0;-0,01;-0,01;-0,05;-0,05;-0,01;-0,01;-0,01;-0,01;-0,01;-0,01;-0,03;-0,03;-0,1;-0,1;-0,01;-0,01;0,0;0,0;-0,02;-0,02;0,0;0,0;-0,03;-0,03
26.08.2026;23:30;23:45;0,0;0,0;-0,18;-0,18;-0,06;-0,06;0,0;0,0;-0,03;-0,03;-0,11;-0,11;-0,01;-0,01;-0,03;-0,03;-0,01;-0,01;0,0;0,0;-0,01;-0,01;-0,01;-0,01;-0,01;-0,01;-0,01;-0,01;-0,32;-0,32;-0,01;-0,01;0,0;0,0;-0,04;-0,04;-0,02;-0,02;-0,01;-0,01;-0,01;-0,01;-0,01;-0,01;-0,05;-0,05;-0,01;-0,01;-0,01;-0,01;-0,03;-0,03;-0,01;-0,01;-0,03;-0,03
26.08.2026;23:45;00:00;0,0;0,0;-0,17;-0,17;-0,06;-0,06;0,0;0,0;-0,02;-0,02;-0,1;-0,1;-0,01;-0,01;-0,03;-0,03;-0,01;-0,01;0,0;0,0;-0,02;-0,02;0,0;0,0;-0,01;-0,01;0,0;0,0;-0,11;-0,11;0,0;0,0;-0,01;-0,01;-0,04;-0,04;-0,02;-0,02;-0,01;-0,01;-0,01;-0,01;-0,03;-0,03;-0,01;-0,01;-0,01;-0,01;0,0;0,0;-0,01;-0,01;0,0;0,0;-0,02;-0,02
27.08.2026;00:00;00:15;0,0;0,0;-0,19;-0,19;-0,05;-0,05;0,0;0,0;-0,02;-0,02;-0,13;-0,13;0,0;0,0;-0,02;-0,02;0,0;0,0;0,0;0,0;-0,01;-0,01;0,0;0,0;0,0;0,0;0,0;0,0;-0,02;-0,02;0,0;0,0;-0,02;-0,02;-0,03;-0,03;-0,01;-0,01;-0,01;-0,01;0,0;0,0;-0,01;-0,01;-0,02;-0,02;-0,02;-0,02;0,0;0,0;-0,04;-0,04;0,0;0,0;-0,01;-0,01
27.08.2026;00:15;00:30;0,0;0,0;-0,2;-0,2;-0,06;-0,06;0,0;0,0;0,0;0,0;-0,13;-0,13;-0,02;-0,02;-0,03;-0,03;0,0;0,0;0,0;0,0;-0,02;-0,02;0,0;0,0;-0,01;-0,01;0,0;0,0;-0,04;-0,04;0,0;0,0;-0,02;-0,02;-0,01;-0,01;-0,01;-0,01;-0,01;-0,01;-0,01;-0,01;-0,02;-0,02;0,0;0,0;-0,02;-0,02;0,0;0,0;-0,02;-0,02;-0,01;-0,01;-0,02;-0,02
27.08.2026;00:30;00:45;0,0;0,0;-0,18;-0,18;-0,05;-0,05;0,0;0,0;-0,01;-0,01;-0,13;-0,13;-0,01;-0,01;-0,03;-0,03;-0,01;-0,01;0,0;0,0;-0,01;-0,01;0,0;0,0;-0,02;-0,02;0,0;0,0;-0,3;-0,3;0,0;0,0;-0,01;-0,01;-0,03;-0,03;-0,01;-0,01;0,0;0,0;-0,01;-0,01;-0,03;-0,03;-0,01;-0,01;-0,01;-0,01;0,0;0,0;-0,02;-0,02;0,0;0,0;-0,02;-0,02
27.08.2026;00:45;01:00;0,0;0,0;-0,19;-0,19;-0,03;-0,03;0,0;0,0;-0,01;-0,01;-0,14;-0,14;0,0;0,0;-0,02;-0,02;-0,03;-0,03;0,0;0,0;0,0;0,0;0,0;0,0;-0,01;-0,01;0,0;0,0;-0,03;-0,03;0,0;0,0;-0,02;-0,02;-0,02;-0,02;-0,02;-0,02;-0,01;-0,01;0,0;0,0;-0,02;-0,02;-0,01;-0,01;-0,01;-0,01;0,0;0,0;-0,02;-0,02;-0,01;-0,01;-0,02;-0,02
27.08.2026;01:00;01:15;0,0;0,0;-0,16;-0,16;-0,02;-0,02;0,0;0,0;-0,02;-0,02;-0,14;-0,14;-0,02;-0,02;-0,01;-0,01;-0,01;-0,01;0,0;0,0;-0,01;-0,01;0,0;0,0;0,0;0,0;0,0;0,0;-0,02;-0,02;0,0;0,0;-0,01;-0,01;-0,02;-0,02;-0,02;-0,02;-0,01;-0,01;-0,01;-0,01;-0,01;-0,01;-0,01;-0,01;-0,02;-0,02;0,0;0,0;-0,03;-0,03;0,0;0,0;-0,02;-0,02
27.08.2026;01:15;01:30;0,0;0,0;-0,16;-0,16;-0,03;-0,03;0,0;0,0;-0,01;-0,01;-0,13;-0,13;0,0;0,0;-0,02;-0,02;-0,01;-0,01;0,0;0,0;-0,02;-0,02;0,0;0,0;0,0;0,0;-0,01;-0,01;-0,02;-0,02;0,0;0,0;-0,02;-0,02;-0,02;-0,02;-0,01;-0,01;0,0;0,0;-0,01;-0,01;-0,02;-0,02;0,0;0,0;-0,01;-0,01;0,0;0,0;-0,01;-0,01;0,0;0,0;-0,02;-0,02
27.08.2026;01:30;01:45;0,0;0,0;-0,17;-0,17;-0,02;-0,02;0,0;0,0;-0,01;-0,01;-0,14;-0,14;-0,01;-0,01;-0,02;-0,02;-0,01;-0,01;0,0;0,0;-0,01;-0,01;0,0;0,0;-0,01;-0,01;0,0;0,0;-0,02;-0,02;0,0;0,0;0,0;0,0;-0,03;-0,03;-0,01;-0,01;0,0;0,0;-0,01;-0,01;-0,01;-0,01;-0,02;-0,02;-0,02;-0,02;-0,01;-0,01;-0,03;-0,03;-0,01;-0,01;-0,01;-0,01
27.08.2026;01:45;02:00;0,0;0,0;-0,17;-0,17;-0,01;-0,01;-0,01;-0,01;-0,01;-0,01;-0,09;-0,09;-0,01;-0,01;-0,02;-0,02;0,0;0,0;0,0;0,0;0,0;0,0;0,0;0,0;-0,02;-0,02;0,0;0,0;-0,02;-0,02;-0,01;-0,01;-0,01;-0,01;-0,02;-0,02;-0,01;-0,01;-0,01;-0,01;-0,01;-0,01;-0,01;-0,01;0,0;0,0;-0,01;-0,01;0,0;0,0;-0,02;-0,02;-0,01;-0,01;-0,01;-0,01
27.08.2026;02:00;02:15;0,0;0,0;-0,17;-0,17;-0,03;-0,03;0,0;0,0;-0,01;-0,01;-0,08;-0,08;-0,01;-0,01;-0,02;-0,02;-0,01;-0,01;0,0;0,0;-0,02;-0,02;0,0;0,0;-0,01;-0,01;0,0;0,0;-0,01;-0,01;0,0;0,0;-0,01;-0,01;-0,01;-0,01;-0,01;-0,01;-0,01;-0,01;0,0;0,0;-0,01;-0,01;-0,01;-0,01;-0,02;-0,02;0,0;0,0;-0,03;-0,03;0,0;0,0;-0,03;-0,03
27.08.2026;02:15;02:30;0,0;0,0;-0,16;-0,16;-0,03;-0,03;0,0;0,0;-0,01;-0,01;-0,07;-0,07;0,0;0,0;-0,02;-0,02;0,0;0,0;-0,01;-0,01;-0,01;-0,01;0,0;0,0;0,0;0,0;0,0;0,0;-0,01;-0,01;0,0;0,0;-0,02;-0,02;-0,01;-0,01;-0,02;-0,02;-0,01;-0,01;-0,01;-0,01;-0,01;-0,01;-0,01;-0,01;-0,01;-0,01;0,0;0,0;-0,01;-0,01;0,0;0,0;-0,02;-0,02
27.08.2026;02:30;02:45;0,0;0,0;-0,17;-0,17;-0,02;-0,02;0,0;0,0;-0,02;-0,02;-0,06;-0,06;-0,02;-0,02;-0,02;-0,02;-0,01;-0,01;0,0;0,0;-0,01;-0,01;0,0;0,0;-0,01;-0,01;0,0;0,0;-0,02;-0,02;0,0;0,0;-0,01;-0,01;-0,02;-0,02;-0,02;-0,02;-0,01;-0,01;-0,01;-0,01;-0,01;-0,01;-0,01;-0,01;-0,02;-0,02;0,0;0,0;-0,03;-0,03;-0,01;-0,01;-0,03;-0,03
27.08.2026;02:45;03:00;0,0;0,0;-0,17;-0,17;-0,02;-0,02;0,0;0,0;0,0;0,0;-0,06;-0,06;-0,01;-0,01;-0,02;-0,02;-0,01;-0,01;0,0;0,0;-0,01;-0,01;0,0;0,0;-0,01;-0,01;-0,01;-0,01;-0,01;-0,01;0,0;0,0;-0,02;-0,02;-0,01;-0,01;0,0;0,0;-0,01;-0,01;0,0;0,0;-0,02;-0,02;0,0;0,0;-0,01;-0,01;0,0;0,0;-0,01;-0,01;0,0;0,0;-0,01;-0,01
27.08.2026;03:00;03:15;0,0;0,0;-0,17;-0,17;-0,01;-0,01;0,0;0,0;-0,01;-0,01;-0,07;-0,07;0,0;0,0;-0,02;-0,02;0,0;0,0;0,0;0,0;-0,01;-0,01;0,0;0,0;-0,02;-0,02;0,0;0,0;-0,01;-0,01;0,0;0,0;-0,02;-0,02;-0,02;-0,02;-0,02;-0,02;-0,01;-0,01;-0,01;-0,01;-0,01;-0,01;-0,02;-0,02;-0,01;-0,01;0,0;0,0;-0,03;-0,03;0,0;0,0;-0,01;-0,01
27.08.2026;03:15;03:30;0,0;0,0;-0,16;-0,16;-0,03;-0,03;0,0;0,0;-0,02;-0,02;-0,08;-0,08;-0,01;-0,01;-0,02;-0,02;-0,01;-0,01;0,0;0,0;-0,01;-0,01;0,0;0,0;0,0;0,0;0,0;0,0;-0,01;-0,01;0,0;0,0;-0,01;-0,01;-0,02;-0,02;0,0;0,0;0,0;0,0;-0,01;-0,01;-0,01;-0,01;0,0;0,0;-0,02;-0,02;0,0;0,0;-0,02;-0,02;-0,01;-0,01;-0,02;-0,02
27.08.2026;03:30;03:45;0,0;0,0;-0,16;-0,16;-0,03;-0,03;0,0;0,0;-0,01;-0,01;-0,07;-0,07;-0,01;-0,01;-0,02;-0,02;-0,01;-0,01;0,0;0,0;-0,01;-0,01;0,0;0,0;-0,01;-0,01;0,0;0,0;-0,01;-0,01;0,0;0,0;0,0;0,0;-0,02;-0,02;-0,02;-0,02;-0,01;-0,01;0,0;0,0;-0,01;-0,01;-0,01;-0,01;-0,01;-0,01;-0,01;-0,01;-0,02;-0,02;-0,01;-0,01;-0,02;-0,02
27.08.2026;03:45;04:00;0,0;0,0;-0,17;-0,17;-0,04;-0,04;0,0;0,0;-0,01;-0,01;-0,06;-0,06;-0,01;-0,01;-0,02;-0,02;0,0;0,0;0,0;0,0;-0,01;-0,01;0,0;0,0;0,0;0,0;0,0;0,0;-0,02;-0,02;0,0;0,0;-0,01;-0,01;-0,03;-0,03;-0,01;-0,01;0,0;0,0;-0,01;-0,01;-0,01;-0,01;-0,01;-0,01;-0,02;-0,02;0,0;0,0;-0,02;-0,02;0,0;0,0;-0,03;-0,03
27.08.2026;04:00;04:15;0,0;0,0;-0,17;-0,17;-0,05;-0,05;0,0;0,0;-0,01;-0,01;-0,06;-0,06;-0,01;-0,01;-0,01;-0,01;-0,01;-0,01;0,0;0,0;-0,02;-0,02;0,0;0,0;-0,02;-0,02;0,0;0,0;-0,01;-0,01;0,0;0,0;-0,01;-0,01;-0,02;-0,02;-0,01;-0,01;-0,01;-0,01;-0,01;-0,01;-0,01;-0,01;0,0;0,0;-0,01;-0,01;0,0;0,0;-0,02;-0,02;0,0;0,0;-0,02;-0,02
27.08.2026;04:15;04:30;0,0;0,0;-0,17;-0,17;-0,03;-0,03;0,0;0,0;-0,01;-0,01;-0,07;-0,07;-0,01;-0,01;-0,02;-0,02;0,0;0,0;0,0;0,0;-0,01;-0,01;0,0;0,0;-0,01;-0,01;0,0;0,0;0,0;0,0;-0,01;-0,01;-0,02;-0,02;-0,02;-0,02;-0,01;-0,01;0,0;0,0;0,0;0,0;-0,01;-0,01;-0,01;-0,01;-0,02;-0,02;0,0;0,0;-0,02;-0,02;-0,01;-0,01;-0,01;-0,01
27.08.2026;04:30;04:45;0,0;0,0;-0,17;-0,17;-0,03;-0,03;0,0;0,0;-0,01;-0,01;-0,02;-0,02;0,0;0,0;-0,01;-0,01;-0,01;-0,01;0,0;0,0;-0,01;-0,01;-0,01;-0,01;-0,01;-0,01;0,0;0,0;-0,02;-0,02;0,0;0,0;-0,02;-0,02;-0,01;-0,01;-0,01;-0,01;-0,01;-0,01;-0,02;-0,02;-0,01;-0,01;-0,01;-0,01;-0,01;-0,01;0,0;0,0;-0,02;-0,02;0,0;0,0;-0,01;-0,01
27.08.2026;04:45;05:00;0,0;0,0;-0,17;-0,17;-0,03;-0,03;0,0;0,0;-0,02;-0,02;-0,02;-0,02;-0,01;-0,01;0,0;0,0;0,0;0,0;0,0;0,0;-0,01;-0,01;0,0;0,0;0,0;0,0;0,0;0,0;-0,01;-0,01;0,0;0,0;-0,01;-0,01;-0,01;-0,01;-0,01;-0,01;-0,01;-0,01;0,0;0,0;-0,01;-0,01;-0,01;-0,01;-0,02;-0,02;0,0;0,0;-0,01;-0,01;-0,01;-0,01;-0,02;-0,02
27.08.2026;05:00;05:15;0,0;0,0;-0,16;-0,16;-0,03;-0,03;-0,01;-0,01;-0,01;-0,01;-0,01;-0,01;-0,01;-0,01;-0,02;-0,02;-0,01;-0,01;0,0;0,0;-0,01;-0,01;0,0;0,0;0,0;0,0;0,0;0,0;-0,01;-0,01;0,0;0,0;-0,02;-0,02;-0,02;-0,02;-0,01;-0,01;-0,01;-0,01;-0,01;-0,01;-0,01;-0,01;-0,01;-0,01;-0,01;-0,01;0,0;0,0;0,0;0,0;0,0;0,0;-0,02;-0,02
27.08.2026;05:15;05:30;0,0;0,0;-0,18;-0,18;-0,02;-0,02;0,0;0,0;0,0;0,0;-0,01;-0,01;-0,01;-0,01;-0,02;-0,02;0,0;0,0;0,0;0,0;0,0;0,0;0,0;0,0;-0,02;-0,02;0,0;0,0;-0,02;-0,02;0,0;0,0;0,0;0,0;-0,12;-0,12;-0,02;-0,02;-0,01;-0,01;-0,01;-0,01;-0,02;-0,02;-0,01;-0,01;-0,01;-0,01;0,0;0,0;-0,02;-0,02;0,0;0,0;-0,03;-0,03
27.08.2026;05:30;05:45;0,0;0,0;-0,18;-0,18;-0,01;-0,01;0,0;0,0;-0,02;-0,02;-0,01;-0,01;-0,01;-0,01;-0,01;-0,01;-0,01;-0,01;0,0;0,0;-0,02;-0,02;0,0;0,0;-0,01;-0,01;-0,01;-0,01;-0,01;-0,01;0,0;0,0;-0,01;-0,01;-0,06;-0,06;-0,01;-0,01;-0,01;-0,01;0,0;0,0;0,0;0,0;0,0;0,0;-0,02;-0,02;-0,01;-0,01;-0,01;-0,01;-0,01;-0,01;-0,02;-0,02
27.08.2026;05:45;06:00;0,0;0,0;-0,19;-0,19;-0,03;-0,03;0,0;0,0;-0,01;-0,01;-0,01;-0,01;-0,01;-0,01;-0,02;-0,02;-0,01;-0,01;0,0;0,0;-0,01;-0,01;0,0;0,0;-0,01;-0,01;-0,22;-0,22;-0,01;-0,01;0,0;0,0;0,0;0,0;-0,04;-0,04;-0,01;-0,01;0,0;0,0;-0,01;-0,01;-0,01;-0,01;-0,01;-0,01;-0,01;-0,01;0,0;0,0;-0,01;-0,01;0,0;0,0;-0,01;-0,01
27.08.2026;06:00;06:15;0,0;0,0;-0,24;-0,24;-0,03;-0,03;0,0;0,0;-0,01;-0,01;-0,01;-0,01;-0,01;-0,01;-0,02;-0,02;-0,01;-0,01;0,0;0,0;0,0;0,0;0,0;0,0;0,0;0,0;-0,05;-0,05;-0,02;-0,02;0,0;0,0;-0,02;-0,02;-0,02;-0,02;-0,01;-0,01;-0,01;-0,01;-0,01;-0,01;-0,01;-0,01;-0,01;-0,01;-0,01;-0,01;0,0;0,0;-0,01;-0,01;0,0;0,0;-0,01;-0,01
27.08.2026;06:15;06:30;0,01;0,01;-0,25;-0,25;-0,02;-0,02;0,0;0,0;-0,01;-0,01;-0,02;-0,02;0,0;0,0;-0,02;-0,02;0,0;0,0;0,0;0,0;-0,02;-0,02;0,0;0,0;-0,01;-0,01;0,0;0,0;-0,01;-0,01;0,0;0,0;-0,02;-0,02;-0,03;-0,03;-0,01;-0,01;-0,01;-0,01;-0,01;-0,01;-0,02;-0,02;-0,01;-0,01;-0,02;-0,02;0,0;0,0;-0,01;-0,01;-0,01;-0,01;-0,02;-0,02
27.08.2026;06:30;06:45;0,04;0,04;-0,19;-0,19;-0,1;-0,1;0,0;0,0;-0,01;-0,01;0,0;0,0;-0,02;-0,02;-0,02;-0,02;-0,01;-0,01;0,0;0,0;-0,01;-0,01;0,0;0,0;-0,02;-0,02;0,0;0,0;-0,01;-0,01;0,0;0,0;-0,01;-0,01;-0,02;-0,02;-0,01;-0,01;0,0;0,0;-0,01;-0,01;0,0;0,0;-0,01;-0,01;-0,01;-0,01;0,0;0,0;-0,01;-0,01;-0,01;-0,01;-0,24;-0,24
27.08.2026;06:45;07:00;0,09;0,09;-0,19;-0,19;-0,02;-0,02;0,0;0,0;-0,01;-0,01;-0,02;-0,02;-0,02;-0,02;-0,02;-0,02;0,0;0,0;0,0;0,0;-0,02;-0,02;0,0;0,0;-0,01;-0,01;0,0;0,0;-0,02;-0,02;-0,01;-0,01;-0,02;-0,02;-0,02;-0,02;-0,02;-0,02;-0,01;-0,01;0,0;0,0;-0,01;-0,01;-0,01;-0,01;-0,02;-0,02;0,0;0,0;0,0;0,0;0,0;0,0;-0,24;-0,24
27.08.2026;07:00;07:15;0,21;0,16;-0,19;-0,14;-0,13;-0,13;0,0;0,0;-0,03;-0,03;-0,01;-0,01;0,0;0,0;-0,01;-0,01;-0,01;-0,01;0,0;0,0;-0,12;-0,12;0,0;0,0;0,0;0,0;0,0;0,0;-0,01;-0,01;0,0;0,0;-0,01;-0,01;-0,02;-0,02;-0,01;-0,01;0,0;0,0;-0,01;-0,01;-0,01;-0,01;-0,02;-0,02;-0,01;-0,01;0,0;0,0;-0,02;-0,02;0,0;0,0;-0,07;-0,07
27.08.2026;07:15;07:30;0,33;0,11;-0,2;-0,14;-0,06;-0,05;0,0;0,0;-0,07;-0,06;0,0;0,0;-0,02;-0,01;-0,02;-0,01;0,0;0,0;-0,01;0,0;-0,38;-0,37;0,0;0,0;0,0;0,0;0,0;0,0;-0,03;-0,02;0,0;0,0;-0,01;0,0;-0,01;0,0;0,0;0,0;-0,01;0,0;-0,01;0,0;-0,02;-0,01;-0,04;-0,03;-0,02;-0,01;0,0;0,0;0,0;0,0;-0,01;0,0;-0,21;-0,2
27.08.2026;07:30;07:45;0,48;0,19;-0,24;-0,14;-0,06;-0,05;0,0;0,0;-0,34;-0,33;-0,02;-0,01;-0,02;-0,01;-0,02;-0,01;-0,01;0,0;0,0;0,0;-0,11;-0,1;0,0;0,0;-0,01;0,0;0,0;0,0;-0,01;0,0;0,0;0,0;-0,01;0,0;-0,01;0,0;-0,02;-0,01;-0,01;0,0;0,0;0,0;0,0;0,0;-0,01;0,0;-0,01;0,0;-0,01;0,0;-0,02;-0,01;-0,01;0,0;-0,07;-0,06
27.08.2026;07:45;08:00;0,63;0,19;-0,19;-0,09;-0,03;0,0;0,0;0,0;-0,11;-0,08;-0,01;0,0;-0,01;0,0;-0,02;0,0;-0,01;0,0;0,0;0,0;-0,08;-0,05;0,0;0,0;-0,02;0,0;0,0;0,0;-0,03;0,0;0,0;0,0;-0,02;0,0;-0,01;0,0;-0,07;-0,04;-0,01;0,0;-0,01;0,0;-0,01;0,0;-0,02;0,0;-0,01;0,0;0,0;0,0;0,0;0,0;0,0;0,0;-0,05;-0,02
27.08.2026;08:00;08:15;0,73;0,21;-0,18;-0,04;-0,04;0,0;0,0;0,0;-0,05;-0,01;-0,01;0,0;-0,01;0,0;-0,02;0,0;0,0;0,0;0,0;0,0;-0,3;-0,26;0,0;0,0;-0,01;0,0;0,0;0,0;-0,02;0,0;0,0;0,0;-0,01;0,0;-0,02;0,0;-0,16;-0,12;-0,01;0,0;-0,01;0,0;-0,02;0,0;-0,01;0,0;-0,02;0,0;0,0;0,0;-0,01;0,0;0,0;0,0;-0,04;0,0
27.08.2026;08:15;08:30;0,85;0,26;-0,26;-0,07;-0,08;-0,02;0,0;0,0;-0,04;0,0;-0,01;0,0;-0,01;0,0;-0,02;0,0;-0,01;0,0;0,0;0,0;-0,01;0,0;0,0;0,0;0,0;0,0;0,0;0,0;-0,02;0,0;0,0;0,0;0,0;0,0;-0,02;0,0;-0,08;-0,02;-0,01;0,0;0,0;0,0;-0,06;0,0;-0,01;0,0;-0,02;0,0;0,0;0,0;-0,01;0,0;-0,01;0,0;-0,02;0,0
27.08.2026;08:30;08:45;0,61;0,21;-0,22;-0,09;-0,06;-0,03;-0,01;0,0;-0,08;-0,05;-0,01;0,0;-0,01;0,0;0,0;0,0;0,0;0,0;0,0;0,0;0,0;0,0;0,0;0,0;-0,01;0,0;0,0;0,0;-0,01;0,0;0,0;0,0;-0,01;0,0;-0,02;0,0;-0,14;-0,11;0,0;0,0;-0,01;0,0;-0,09;-0,06;-0,01;0,0;-0,02;0,0;0,0;0,0;-0,01;0,0;0,0;0,0;-0,02;0,0
27.08.2026;08:45;09:00;0,0;0,0;-0,18;-0,18;-0,05;-0,05;0,0;0,0;-0,04;-0,04;-0,01;-0,01;-0,01;-0,01;-0,01;-0,01;-0,01;-0,01;0,0;0,0;-0,02;-0,02;0,0;0,0;-0,01;-0,01;0,0;0,0;-0,02;-0,02;0,0;0,0;0,0;0,0;-0,03;-0,03;-0,07;-0,07;0,0;0,0;-0,01;-0,01;-0,01;-0,01;-0,01;-0,01;-0,03;-0,03;0,0;0,0;-0,01;-0,01;-0,01;-0,01;-0,01;-0,01
27.08.2026;09:00;09:15;0,0;0,0;-0,25;-0,25;-0,05;-0,05;0,0;0,0;-0,05;-0,05;-0,02;-0,02;0,0;0,0;-0,02;-0,02;-0,01;-0,01;0,0;0,0;-0,01;-0,01;0,0;0,0;-0,02;-0,02;0,0;0,0;-0,01;-0,01;0,0;0,0;-0,02;-0,02;-0,02;-0,02;-0,06;-0,06;-0,01;-0,01;-0,01;-0,01;-0,02;-0,02;-0,01;-0,01;-0,01;-0,01;0,0;0,0;0,0;0,0;0,0;0,0;-0,02;-0,02
27.08.2026;09:15;09:30;1,19;0,73;-0,21;0,0;-0,01;0,0;0,0;0,0;-0,04;0,0;-0,01;0,0;-0,01;0,0;-0,02;0,0;0,0;0,0;0,0;0,0;0,0;0,0;0,0;0,0;0,0;0,0;0,0;0,0;-0,01;0,0;-0,01;0,0;-0,01;0,0;-0,02;0,0;-0,01;0,0;-0,01;0,0;0,0;0,0;-0,01;0,0;-0,01;0,0;-0,02;0,0;0,0;0,0;-0,02;0,0;-0,01;0,0;-0,02;0,0
27.08.2026;09:30;09:45;2,09;1,29;-0,25;0,0;-0,02;0,0;0,0;0,0;-0,05;0,0;-0,04;0,0;-0,01;0,0;-0,02;0,0;-0,01;0,0;0,0;0,0;-0,01;0,0;-0,01;0,0;-0,01;0,0;-0,01;0,0;-0,02;0,0;0,0;0,0;-0,01;0,0;-0,02;0,0;-0,01;0,0;0,0;0,0;0,0;0,0;-0,01;0,0;-0,01;0,0;-0,34;-0,1;-0,01;0,0;-0,01;0,0;0,0;0,0;-0,02;0,0
27.08.2026;09:45;10:00;2,36;1,81;-0,18;0,0;-0,03;0,0;0,0;0,0;-0,02;0,0;-0,07;0,0;-0,01;0,0;-0,01;0,0;0,0;0,0;0,0;0,0;-0,02;0,0;0,0;0,0;0,0;0,0;0,0;0,0;-0,01;0,0;0,0;0,0;-0,01;0,0;-0,02;0,0;-0,02;0,0;-0,01;0,0;-0,02;0,0;-0,01;0,0;-0,01;0,0;-0,07;0,0;0,0;0,0;-0,01;0,0;0,0;0,0;-0,02;0,0
27.08.2026;10:00;10:15;2,56;2,03;-0,2;0,0;-0,02;0,0;0,0;0,0;-0,02;0,0;-0,12;0,0;0,0;0,0;-0,02;0,0;-0,01;0,0;0,0;0,0;0,0;0,0;0,0;0,0;-0,02;0,0;0,0;0,0;-0,01;0,0;0,0;0,0;0,0;0,0;-0,02;0,0;-0,01;0,0;-0,01;0,0;0,0;0,0;-0,01;0,0;0,0;0,0;-0,04;0,0;0,0;0,0;0,0;0,0;-0,01;0,0;-0,01;0,0
27.08.2026;10:15;10:30;2,72;2,18;-0,18;0,0;-0,02;0,0;0,0;0,0;-0,01;0,0;-0,09;0,0;-0,01;0,0;-0,02;0,0;-0,01;0,0;0,0;0,0;-0,01;0,0;0,0;0,0;-0,01;0,0;0,0;0,0;-0,02;0,0;0,0;0,0;-0,01;0,0;-0,03;0,0;0,0;0,0;0,0;0,0;-0,01;0,0;-0,01;0,0;-0,01;0,0;-0,05;0,0;0,0;0,0;-0,02;0,0;-0,01;0,0;-0,01;0,0
27.08.2026;10:30;10:45;2,88;2,16;-0,17;0,0;-0,02;0,0;0,0;0,0;0,0;0,0;-0,33;0,0;-0,01;0,0;-0,02;0,0;0,0;0,0;0,0;0,0;-0,01;0,0;0,0;0,0;0,0;0,0;0,0;0,0;-0,02;0,0;0,0;0,0;0,0;0,0;-0,03;0,0;-0,01;0,0;-0,02;0,0;-0,01;0,0;-0,01;0,0;-0,01;0,0;-0,02;0,0;0,0;0,0;0,0;0,0;0,0;0,0;-0,03;0,0
27.08.2026;10:45;11:00;3,0;2,16;-0,17;0,0;-0,07;0,0;0,0;0,0;-0,02;0,0;-0,33;0,0;-0,01;0,0;-0,01;0,0;-0,01;0,0;0,0;0,0;-0,01;0,0;0,0;0,0;-0,01;0,0;0,0;0,0;-0,02;0,0;0,0;0,0;-0,02;0,0;-0,04;0,0;-0,01;0,0;-0,01;0,0;0,0;0,0;-0,01;0,0;-0,01;0,0;-0,04;0,0;0,0;0,0;-0,02;0,0;0,0;0,0;-0,02;0,0
27.08.2026;11:00;11:15;3,09;2,44;-0,18;0,0;-0,03;0,0;0,0;0,0;-0,02;0,0;-0,09;0,0;0,0;0,0;-0,02;0,0;0,0;0,0;0,0;0,0;-0,01;0,0;0,0;0,0;-0,01;0,0;0,0;0,0;-0,03;0,0;0,0;0,0;-0,01;0,0;-0,04;0,0;-0,01;0,0;0,0;0,0;-0,01;0,0;-0,01;0,0;-0,01;0,0;-0,14;0,0;0,0;0,0;0,0;0,0;-0,01;0,0;-0,02;0,0
27.08.2026;11:15;11:30;3,2;2,5;-0,19;0,0;-0,04;0,0;0,0;0,0;-0,02;0,0;-0,08;0,0;-0,01;0,0;-0,02;0,0;-0,01;0,0;0,0;0,0;-0,01;0,0;0,0;0,0;-0,01;0,0;0,0;0,0;-0,02;0,0;0,0;0,0;-0,01;0,0;-0,03;0,0;-0,01;0,0;-0,01;0,0;-0,01;0,0;-0,01;0,0;-0,01;0,0;-0,16;0,0;0,0;0,0;-0,02;0,0;0,0;0,0;-0,02;0,0
27.08.2026;11:30;11:45;3,38;1,94;-0,26;0,0;-0,03;0,0;0,0;0,0;-0,38;0,0;-0,09;0,0;-0,01;0,0;-0,02;0,0;-0,01;0,0;0,0;0,0;-0,01;0,0;0,0;0,0;-0,01;0,0;0,0;0,0;-0,03;0,0;0,0;0,0;-0,01;0,0;-0,04;0,0;-0,01;0,0;0,0;0,0;0,0;0,0;-0,34;0,0;0,0;0,0;-0,16;0,0;-0,01;0,0;0,0;0,0;0,0;0,0;-0,02;0,0
27.08.2026;11:45;12:00;3,47;2,13;-0,17;0,0;-0,02;0,0;-0,01;0,0;-0,21;0,0;-0,12;0,0;-0,01;0,0;-0,02;0,0;-0,01;0,0;0,0;0,0;-0,01;0,0;0,0;0,0;-0,01;0,0;0,0;0,0;-0,02;0,0;-0,01;0,0;0,0;0,0;-0,04;0,0;-0,01;0,0;-0,01;0,0;-0,02;0,0;-0,98;-0,56;-0,01;0,0;-0,16;0,0;0,0;0,0;-0,01;0,0;-0,01;0,0;-0,03;0,0
27.08.2026;12:00;12:15;3,56;1,84;-0,28;0,0;-0,02;0,0;0,0;0,0;-0,35;0,0;-0,43;-0,01;-0,01;0,0;-0,01;0,0;0,0;0,0;0,0;0,0;-0,01;0,0;0,0;0,0;0,0;0,0;0,0;0,0;-0,02;0,0;0,0;0,0;-0,01;0,0;-0,03;0,0;-0,01;0,0;-0,01;0,0;0,0;0,0;-0,43;-0,01;-0,01;0,0;-0,08;0,0;0,0;0,0;-0,01;0,0;0,0;0,0;-0,02;0,0
27.08.2026;12:15;12:30;3,19;2,13;-0,25;0,0;-0,03;0,0;0,0;0,0;-0,4;0,0;-0,15;0,0;-0,01;0,0;-0,01;0,0;-0,01;0,0;-0,01;0,0;-0,01;0,0;0,0;0,0;-0,02;0,0;0,0;0,0;-0,03;0,0;0,0;0,0;0,0;0,0;-0,02;0,0;-0,01;0,0;0,0;0,0;-0,01;0,0;0,0;0,0;-0,01;0,0;-0,04;0,0;0,0;0,0;-0,01;0,0;-0,01;0,0;-0,02;0,0
27.08.2026;12:30;12:45;1,74;0,99;-0,19;0,0;-0,03;0,0;0,0;0,0;-0,24;-0,05;-0,12;0,0;0,0;0,0;0,0;0,0;0,0;0,0;0,0;0,0;-0,01;0,0;0,0;0,0;-0,01;0,0;0,0;0,0;-0,03;0,0;0,0;0,0;-0,02;0,0;-0,01;0,0;-0,01;0,0;-0,01;0,0;-0,01;0,0;-0,02;0,0;-0,01;0,0;-0,04;0,0;0,0;0,0;-0,02;0,0;0,0;0,0;-0,02;0,0
27.08.2026;12:45;13:00;0,1;0,1;-0,19;-0,19;-0,02;-0,02;0,0;0,0;-0,24;-0,24;-0,12;-0,12;-0,01;-0,01;-0,02;-0,02;-0,01;-0,01;0,0;0,0;-0,01;-0,01;0,0;0,0;-0,01;-0,01;-0,01;-0,01;-0,2;-0,2;0,0;0,0;-0,01;-0,01;-0,01;-0,01;-0,02;-0,02;-0,01;-0,01;0,0;0,0;-0,03;-0,03;-0,01;-0,01;-0,02;-0,02;0,0;0,0;0,0;0,0;0,0;0,0;-0,01;-0,01
27.08.2026;13:00;13:15;1,82;1,04;-0,19;0,0;-0,01;0,0;0,0;0,0;-0,12;0,0;-0,12;0,0;-0,01;0,0;-0,05;0,0;0,0;0,0;0,0;0,0;-0,01;0,0;0,0;0,0;0,0;0,0;0,0;0,0;-0,03;0,0;0,0;0,0;-0,02;0,0;-0,01;0,0;0,0;0,0;0,0;0,0;-0,01;0,0;-0,13;0,0;0,0;0,0;-0,03;0,0;0,0;0,0;-0,02;0,0;-0,01;0,0;-0,01;0,0
27.08.2026;13:15;13:30;3,72;2,39;-0,21;0,0;-0,03;0,0;0,0;0,0;-0,1;0,0;-0,12;0,0;-0,01;0,0;-0,08;0,0;-0,01;0,0;0,0;0,0;-0,01;0,0;0,0;0,0;-0,01;0,0;0,0;0,0;-0,26;0,0;0,0;0,0;0,0;0,0;-0,03;0,0;-0,01;0,0;-0,01;0,0;-0,01;0,0;-0,34;0,0;-0,02;0,0;-0,03;0,0;0,0;0,0;0,0;0,0;-0,01;0,0;-0,03;0,0
27.08.2026;13:30;13:45;3,4;2,12;-0,19;0,0;-0,03;0,0;0,0;0,0;-0,38;0,0;-0,1;0,0;0,0;0,0;-0,09;0,0;0,0;0,0;0,0;0,0;0,0;0,0;0,0;0,0;-0,01;0,0;0,0;0,0;-0,31;0,0;0,0;0,0;0,0;0,0;-0,02;0,0;-0,01;0,0;-0,01;0,0;0,0;0,0;-0,05;0,0;0,0;0,0;-0,04;0,0;-0,01;0,0;-0,01;0,0;0,0;0,0;-0,02;0,0
27.08.2026;13:45;14:00;3,54;2,71;-0,18;0,0;-0,03;0,0;0,0;0,0;-0,17;0,0;-0,1;0,0;-0,01;0,0;-0,09;0,0;-0,01;0,0;0,0;0,0;-0,01;0,0;0,0;0,0;-0,02;0,0;0,0;0,0;-0,04;0,0;0,0;0,0;-0,01;0,0;-0,02;0,0;-0,01;0,0;-0,01;0,0;-0,01;0,0;-0,04;0,0;-0,01;0,0;-0,03;0,0;0,0;0,0;-0,01;0,0;0,0;0,0;-0,02;0,0
27.08.2026;14:00;14:15;3,47;2,38;-0,18;0,0;-0,01;0,0;0,0;0,0;-0,42;0,0;-0,11;0,0;-0,01;0,0;-0,08;0,0;-0,01;0,0;0,0;0,0;-0,01;0,0;0,0;0,0;0,0;0,0;0,0;0,0;-0,05;0,0;0,0;0,0;0,0;0,0;-0,03;0,0;-0,01;0,0;-0,01;0,0;-0,01;0,0;-0,07;0,0;-0,01;0,0;-0,03;0,0;0,0;0,0;-0,01;0,0;-0,01;0,0;-0,02;0,0
27.08.2026;14:15;14:30;3,34;2,63;-0,18;0,0;-0,02;0,0;0,0;0,0;-0,07;0,0;-0,11;0,0;-0,01;0,0;-0,09;0,0;-0,01;0,0;0,0;0,0;-0,01;0,0;0,0;0,0;0,0;0,0;0,0;0,0;-0,04;0,0;-0,01;0,0;-0,02;0,0;-0,02;0,0;-0,01;0,0;0,0;0,0;-0,01;0,0;-0,05;0,0;0,0;0,0;-0,03;0,0;0,0;0,0;-0,01;0,0;0,0;0,0;-0,01;0,0
27.08.2026;14:30;14:45;3,22;2,5;-0,17;0,0;-0,03;0,0;0,0;0,0;-0,06;0,0;-0,13;0,0;-0,02;0,0;-0,08;0,0;0,0;0,0;0,0;0,0;-0,01;0,0;-0,01;0,0;-0,01;0,0;0,0;0,0;-0,03;0,0;0,0;0,0;-0,01;0,0;-0,02;0,0;-0,01;0,0;-0,01;0,0;-0,01;0,0;-0,02;0,0;-0,02;0,0;-0,04;0,0;0,0;0,0;-0,01;0,0;-0,01;0,0;-0,01;0,0
27.08.2026;14:45;15:00;3,06;2,19;-0,23;0,0;-0,02;0,0;0,0;0,0;-0,06;0,0;-0,13;0,0;-0,02;0,0;-0,09;0,0;-0,01;0,0;0,0;0,0;-0,01;0,0;0,0;0,0;-0,02;0,0;0,0;0,0;-0,04;0,0;0,0;0,0;-0,01;0,0;-0,01;0,0;-0,01;0,0;-0,01;0,0;0,0;0,0;-0,03;0,0;-0,01;0,0;-0,02;0,0;0,0;0,0;-0,12;0,0;0,0;0,0;-0,02;0,0
27.08.2026;15:00;15:15;3,02;2,16;-0,18;0,0;-0,03;0,0;-0,01;0,0;-0,06;0,0;-0,12;0,0;-0,02;0,0;-0,09;0,0;0,0;0,0;0,0;0,0;-0,01;0,0;0,0;0,0;-0,01;0,0;0,0;0,0;-0,06;0,0;0,0;0,0;-0,01;0,0;-0,01;0,0;-0,01;0,0;0,0;0,0;-0,02;0,0;-0,12;0,0;0,0;0,0;-0,04;0,0;0,0;0,0;-0,02;0,0;-0,01;0,0;-0,03;0,0
27.08.2026;15:15;15:30;2,85;2,06;-0,23;0,0;-0,02;0,0;0,0;0,0;-0,05;0,0;-0,12;0,0;-0,01;0,0;-0,08;0,0;-0,01;0,0;0,0;0,0;-0,01;0,0;0,0;0,0;0,0;0,0;-0,01;0,0;-0,05;0,0;0,0;0,0;0,0;0,0;-0,01;0,0;-0,01;0,0;0,0;0,0;0,0;0,0;-0,11;0,0;-0,01;0,0;-0,03;0,0;0,0;0,0;-0,01;0,0;0,0;0,0;-0,02;0,0
27.08.2026;15:30;15:45;2,71;1,77;-0,2;0,0;-0,02;0,0;0,0;0,0;-0,03;0,0;-0,12;0,0;0,0;0,0;-0,09;0,0;0,0;0,0;0,0;0,0;-0,01;0,0;0,0;0,0;-0,01;0,0;-0,16;0,0;-0,02;0,0;0,0;0,0;-0,01;0,0;-0,01;0,0;-0,01;0,0;-0,01;0,0;-0,01;0,0;-0,13;0,0;-0,01;0,0;-0,05;0,0;-0,01;0,0;-0,01;0,0;0,0;0,0;-0,02;0,0
27.08.2026;15:45;16:00;2,59;1,76;-0,19;0,0;-0,02;0,0;0,0;0,0;-0,02;0,0;-0,14;0,0;-0,02;0,0;-0,08;0,0;-0,01;0,0;0,0;0,0;-0,01;0,0;0,0;0,0;-0,01;0,0;-0,04;0,0;-0,02;0,0;0,0;0,0;0,0;0,0;-0,03;0,0;-0,01;0,0;-0,01;0,0;-0,01;0,0;-0,14;0,0;-0,01;0,0;-0,02;0,0;0,0;0,0;-0,02;0,0;-0,01;0,0;-0,01;0,0
27.08.2026;16:00;16:15;2,42;1,59;-0,2;0,0;-0,03;0,0;0,0;0,0;-0,01;0,0;-0,15;0,0;-0,06;0,0;-0,03;0,0;-0,01;0,0;0,0;0,0;-0,01;0,0;0,0;0,0;-0,02;0,0;-0,03;0,0;-0,02;0,0;0,0;0,0;-0,02;0,0;-0,02;0,0;-0,01;0,0;-0,01;0,0;0,0;0,0;-0,15;0,0;-0,01;0,0;-0,02;0,0;0,0;0,0;-0,01;0,0;0,0;0,0;-0,01;0,0
27.08.2026;16:15;16:30;2,16;1,31;-0,21;0,0;-0,03;0,0;0,0;0,0;-0,03;0,0;-0,16;0,0;-0,19;0,0;0,0;0,0;0,0;0,0;0,0;0,0;-0,01;0,0;0,0;0,0;0,0;0,0;-0,02;0,0;-0,02;0,0;0,0;0,0;-0,01;0,0;-0,02;0,0;-0,01;0,0;-0,01;0,0;-0,01;0,0;-0,06;0,0;0,0;0,0;-0,01;0,0;0,0;0,0;-0,02;0,0;-0,01;0,0;-0,02;0,0
27.08.2026;16:30;16:45;0,54;0,13;-0,23;-0,14;-0,02;0,0;0,0;0,0;-0,03;-0,01;-0,13;-0,11;-0,32;-0,3;-0,01;0,0;-0,01;0,0;0,0;0,0;-0,07;-0,05;0,0;0,0;-0,01;0,0;-0,04;-0,02;-0,03;-0,01;0,0;0,0;-0,01;0,0;-0,04;-0,02;-0,02;0,0;-0,01;0,0;-0,01;0,0;-0,02;0,0;-0,01;0,0;-0,02;0,0;0,0;0,0;-0,01;0,0;0,0;0,0;-0,02;0,0
27.08.2026;16:45;17:00;0,0;0,0;-0,22;-0,22;-0,01;-0,01;0,0;0,0;-0,01;-0,01;-0,12;-0,12;-0,04;-0,04;-0,02;-0,02;-0,01;-0,01;0,0;0,0;-0,06;-0,06;0,0;0,0;0,0;0,0;-0,04;-0,04;-0,03;-0,03;-0,01;-0,01;-0,02;-0,02;-0,06;-0,06;-0,02;-0,02;-0,01;-0,01;0,0;0,0;-0,02;-0,02;-0,01;-0,01;-0,02;-0,02;0,0;0,0;-0,02;-0,02;0,0;0,0;-0,03;-0,03
27.08.2026;17:00;17:15;0,67;0,14;-0,24;-0,13;-0,03;0,0;0,0;0,0;-0,04;-0,01;-0,14;-0,11;-0,05;-0,02;-0,02;0,0;0,0;0,0;0,0;0,0;-0,03;0,0;0,0;0,0;-0,02;0,0;-0,39;-0,36;-0,04;-0,01;0,0;0,0;0,0;0,0;-0,07;-0,04;-0,05;-0,02;0,0;0,0;-0,01;0,0;-0,03;0,0;-0,01;0,0;-0,02;0,0;0,0;0,0;-0,01;0,0;-0,01;0,0;-0,02;0,0
27.08.2026;17:15;17:30;1,33;0,47;-0,21;0,0;-0,03;0,0;0,0;0,0;-0,04;0,0;-0,49;-0,4;-0,04;0,0;-0,02;0,0;-0,01;0,0;-0,01;0,0;-0,02;0,0;0,0;0,0;-0,02;0,0;-0,47;-0,38;-0,02;0,0;0,0;0,0;0,0;0,0;-0,06;0,0;-0,06;0,0;-0,01;0,0;-0,01;0,0;-0,04;0,0;-0,01;0,0;-0,05;0,0;0,0;0,0;-0,01;0,0;0,0;0,0;-0,01;0,0
27.08.2026;17:30;17:45;1,12;0,36;-0,19;0,0;-0,02;0,0;0,0;0,0;-0,06;0,0;-0,21;-0,13;-0,01;0,0;-0,02;0,0;0,0;0,0;0,0;0,0;-0,01;0,0;0,0;0,0;0,0;0,0;-0,35;-0,27;-0,03;0,0;0,0;0,0;0,0;0,0;-0,04;0,0;-0,05;0,0;0,0;0,0;0,0;0,0;-0,04;0,0;-0,01;0,0;-0,09;-0,01;-0,01;0,0;-0,01;0,0;-0,01;0,0;-0,01;0,0
27.08.2026;17:45;18:00;0,9;0,23;-0,18;0,0;-0,02;0,0;0,0;0,0;-0,05;0,0;-0,15;-0,1;-0,01;0,0;-0,01;0,0;-0,01;0,0;0,0;0,0;-0,02;0,0;0,0;0,0;0,0;0,0;-0,41;-0,36;-0,02;0,0;0,0;0,0;-0,02;0,0;-0,04;0,0;-0,05;0,0;-0,01;0,0;-0,02;0,0;-0,02;0,0;-0,01;0,0;-0,09;-0,04;0,0;0,0;-0,01;0,0;0,0;0,0;-0,02;0,0
27.08.2026;18:00;18:15;0,57;0,16;-0,17;-0,06;-0,02;0,0;0,0;0,0;-0,06;-0,04;-0,16;-0,14;-0,02;0,0;-0,02;0,0;0,0;0,0;0,0;0,0;-0,02;0,0;0,0;0,0;-0,01;0,0;-0,42;-0,4;-0,03;-0,01;0,0;0,0;-0,01;0,0;-0,03;-0,01;-0,05;-0,03;0,0;0,0;0,0;0,0;-0,01;0,0;-0,01;0,0;-0,12;-0,1;0,0;0,0;-0,01;0,0;-0,01;0,0;-0,02;0,0
27.08.2026;18:15;18:30;0,61;0,19;-0,19;-0,08;-0,03;-0,01;0,0;0,0;-0,06;-0,04;-0,19;-0,17;0,0;0,0;-0,02;0,0;-0,01;0,0;0,0;0,0;-0,02;0,0;0,0;0,0;-0,01;0,0;-0,39;-0,37;-0,03;-0,01;0,0;0,0;-0,01;0,0;-0,06;-0,04;-0,17;-0,15;-0,01;0,0;-0,01;0,0;-0,02;0,0;0,0;0,0;-0,09;-0,07;0,0;0,0;-0,02;0,0;0,0;0,0;-0,02;0,0
27.08.2026;18:30;18:45;0,49;0,19;-0,22;-0,12;-0,02;-0,01;-0,01;0,0;-0,07;-0,06;-0,17;-0,16;-0,01;0,0;-0,02;-0,01;-0,01;0,0;0,0;0,0;-0,02;-0,01;0,0;0,0;-0,02;-0,01;-0,06;-0,05;-0,02;-0,01;0,0;0,0;-0,02;-0,01;-0,05;-0,04;-0,22;-0,21;-0,01;0,0;-0,01;0,0;0,0;0,0;-0,01;0,0;-0,09;-0,08;0,0;0,0;-0,01;0,0;0,0;0,0;-0,03;-0,02
27.08.2026;18:45;19:00;0,27;0,19;-0,2;-0,12;-0,03;-0,03;0,0;0,0;-0,08;-0,08;-0,13;-0,13;-0,01;-0,01;-0,01;-0,01;0,0;0,0;0,0;0,0;-0,02;-0,02;0,0;0,0;-0,01;-0,01;-0,03;-0,03;-0,03;-0,03;0,0;0,0;-0,15;-0,15;-0,06;-0,06;-0,15;-0,15;-0,01;-0,01;0,0;0,0;-0,02;-0,02;-0,02;-0,02;-0,09;-0,09;0,0;0,0;-0,01;-0,01;-0,01;-0,01;-0,01;-0,01
27.08.2026;19:00;19:15;0,15;0,11;-0,2;-0,16;-0,02;-0,02;0,0;0,0;-0,13;-0,13;-0,14;-0,14;-0,01;-0,01;-0,02;-0,02;-0,01;-0,01;0,0;0,0;-0,02;-0,02;0,0;0,0;0,0;0,0;-0,02;-0,02;-0,05;-0,05;0,0;0,0;-0,15;-0,15;-0,06;-0,06;-0,09;-0,09;-0,01;-0,01;-0,01;-0,01;-0,02;-0,02;-0,01;-0,01;-0,21;-0,21;0,0;0,0;-0,02;-0,02;-0,01;-0,01;-0,02;-0,02
27.08.2026;19:15;19:30;0,08;0,08;-0,2;-0,2;-0,01;-0,01;0,0;0,0;-0,06;-0,06;-0,11;-0,11;0,0;0,0;-0,02;-0,02;-0,01;-0,01;0,0;0,0;-0,01;-0,01;0,0;0,0;0,0;0,0;-0,02;-0,02;-0,06;-0,06;-0,01;-0,01;-0,06;-0,06;-0,06;-0,06;-0,07;-0,07;-0,01;-0,01;-0,01;-0,01;0,0;0,0;0,0;0,0;-0,19;-0,19;0,0;0,0;0,0;0,0;0,0;0,0;-0,01;-0,01
27.08.2026;19:30;19:45;0,02;0,02;-0,18;-0,18;-0,03;-0,03;0,0;0,0;-0,05;-0,05;-0,1;-0,1;-0,01;-0,01;-0,02;-0,02;0,0;0,0;0,0;0,0;-0,01;-0,01;-0,01;-0,01;-0,02;-0,02;-0,01;-0,01;-0,02;-0,02;0,0;0,0;-0,02;-0,02;-0,06;-0,06;-0,09;-0,09;0,0;0,0;0,0;0,0;-0,02;-0,02;-0,01;-0,01;-0,64;-0,64;-0,01;-0,01;-0,02;-0,02;0,0;0,0;-0,02;-0,02
27.08.2026;19:45;20:00;0,01;0,01;-0,25;-0,25;-0,03;-0,03;0,0;0,0;-0,04;-0,04;-0,09;-0,09;-0,01;-0,01;-0,02;-0,02;-0,01;-0,01;0,0;0,0;-0,03;-0,03;0,0;0,0;-0,02;-0,02;-0,04;-0,04;-0,01;-0,01;0,0;0,0;-0,02;-0,02;-0,06;-0,06;-0,06;-0,06;-0,01;-0,01;-0,02;-0,02;-0,02;-0,02;-0,01;-0,01;-0,18;-0,18;0,0;0,0;-0,01;-0,01;-0,01;-0,01;-0,02;-0,02
27.08.2026;20:00;20:15;0,0;0,0;-0,27;-0,27;-0,02;-0,02;0,0;0,0;-0,06;-0,06;-0,13;-0,13;-0,01;-0,01;0,0;0,0;0,0;0,0;0,0;0,0;-0,16;-0,16;0,0;0,0;0,0;0,0;-0,05;-0,05;-0,02;-0,02;0,0;0,0;-0,04;-0,04;-0,07;-0,07;-0,03;-0,03;0,0;0,0;0,0;0,0;-0,07;-0,07;-0,01;-0,01;-0,16;-0,16;0,0;0,0;-0,01;-0,01;0,0;0,0;-0,02;-0,02
27.08.2026;20:15;20:30;0,0;0,0;-0,27;-0,27;-0,02;-0,02;0,0;0,0;-0,04;-0,04;-0,11;-0,11;-0,29;-0,29;0,0;0,0;-0,01;-0,01;0,0;0,0;-0,1;-0,1;0,0;0,0;-0,01;-0,01;-0,05;-0,05;-0,01;-0,01;0,0;0,0;-0,03;-0,03;-0,07;-0,07;-0,03;-0,03;-0,01;-0,01;-0,01;-0,01;-0,33;-0,33;-0,01;-0,01;-0,15;-0,15;0,0;0,0;-0,01;-0,01;-0,01;-0,01;-0,03;-0,03
27.08.2026;20:30;20:45;0,0;0,0;-0,22;-0,22;-0,39;-0,39;0,0;0,0;-0,05;-0,05;-0,12;-0,12;-0,35;-0,35;-0,02;-0,02;0,0;0,0;0,0;0,0;-0,03;-0,03;0,0;0,0;0,0;0,0;-0,04;-0,04;-0,03;-0,03;0,0;0,0;-0,04;-0,04;-0,06;-0,06;-0,08;-0,08;-0,01;-0,01;-0,01;-0,01;-0,12;-0,12;-0,01;-0,01;-0,16;-0,16;0,0;0,0;-0,01;-0,01;0,0;0,0;-0,01;-0,01
27.08.2026;20:45;21:00;0,0;0,0;-0,2;-0,2;-0,07;-0,07;0,0;0,0;-0,04;-0,04;-0,09;-0,09;-0,05;-0,05;-0,02;-0,02;-0,01;-0,01;0,0;0,0;-0,03;-0,03;0,0;0,0;-0,01;-0,01;-0,01;-0,01;-0,06;-0,06;0,0;0,0;-0,03;-0,03;-0,05;-0,05;-0,02;-0,02;0,0;0,0;0,0;0,0;-0,04;-0,04;-0,01;-0,01;-0,15;-0,15;0,0;0,0;-0,01;-0,01;0,0;0,0;-0,01;-0,01
27.08.2026;21:00;21:15;0,0;0,0;-0,18;-0,18;-0,06;-0,06;0,0;0,0;-0,04;-0,04;-0,1;-0,1;-0,03;-0,03;-0,02;-0,02;-0,01;-0,01;0,0;0,0;-0,07;-0,07;0,0;0,0;-0,02;-0,02;-0,02;-0,02;-0,06;-0,06;0,0;0,0;-0,02;-0,02;-0,03;-0,03;-0,02;-0,02;-0,01;-0,01;-0,01;-0,01;-0,04;-0,04;-0,01;-0,01;-0,22;-0,22;0,0;0,0;-0,02;-0,02;-0,01;-0,01;-0,02;-0,02
27.08.2026;21:15;21:30;0,0;0,0;-0,19;-0,19;-0,04;-0,04;0,0;0,0;-0,04;-0,04;-0,11;-0,11;-0,03;-0,03;-0,02;-0,02;-0,01;-0,01;0,0;0,0;-0,03;-0,03;0,0;0,0;-0,01;-0,01;-0,01;-0,01;-0,07;-0,07;0,0;0,0;-0,02;-0,02;-0,04;-0,04;-0,02;-0,02;-0,01;-0,01;-0,01;-0,01;-0,03;-0,03;0,0;0,0;-0,11;-0,11;0,0;0,0;0,0;0,0;0,0;0,0;-0,02;-0,02
27.08.2026;21:30;21:45;0,0;0,0;-0,18;-0,18;-0,07;-0,07;0,0;0,0;-0,03;-0,03;-0,09;-0,09;-0,05;-0,05;-0,02;-0,02;0,0;0,0;0,0;0,0;-0,04;-0,04;0,0;0,0;0,0;0,0;-0,02;-0,02;-0,07;-0,07;0,0;0,0;-0,03;-0,03;-0,05;-0,05;-0,01;-0,01;0,0;0,0;0,0;0,0;-0,05;-0,05;-0,01;-0,01;-0,1;-0,1;-0,01;-0,01;-0,02;-0,02;0,0;0,0;-0,02;-0,02
27.08.2026;21:45;22:00;0,0;0,0;-0,19;-0,19;-0,05;-0,05;-0,01;-0,01;-0,04;-0,04;-0,12;-0,12;-0,03;-0,03;-0,01;-0,01;-0,01;-0,01;0,0;0,0;-0,02;-0,02;0,0;0,0;-0,01;-0,01;-0,01;-0,01;-0,06;-0,06;-0,01;-0,01;-0,03;-0,03;-0,04;-0,04;-0,02;-0,02;-0,02;-0,02;-0,02;-0,02;-0,06;-0,06;-0,01;-0,01;-0,09;-0,09;0,0;0,0;0,0;0,0;-0,01;-0,01;-0,02;-0,02
27.08.2026;22:00;22:15;0,0;0,0;-0,18;-0,18;-0,05;-0,05;0,0;0,0;-0,04;-0,04;-0,14;-0,14;-0,03;-0,03;-0,02;-0,02;0,0;0,0;0,0;0,0;-0,02;-0,02;0,0;0,0;-0,01;-0,01;-0,02;-0,02;-0,08;-0,08;0,0;0,0;-0,02;-0,02;-0,06;-0,06;-0,01;-0,01;-0,01;-0,01;0,0;0,0;-0,02;-0,02;-0,01;-0,01;-0,09;-0,09;0,0;0,0;-0,02;-0,02;-0,01;-0,01;-0,02;-0,02
27.08.2026;22:15;22:30;0,0;0,0;-0,17;-0,17;-0,09;-0,09;0,0;0,0;-0,04;-0,04;-0,15;-0,15;-0,02;-0,02;-0,02;-0,02;-0,01;-0,01;-0,01;-0,01;-0,02;-0,02;0,0;0,0;-0,02;-0,02;-0,01;-0,01;-0,07;-0,07;0,0;0,0;-0,02;-0,02;-0,04;-0,04;-0,02;-0,02;0,0;0,0;-0,01;-0,01;-0,02;-0,02;-0,01;-0,01;-0,06;-0,06;0,0;0,0;-0,01;-0,01;0,0;0,0;-0,01;-0,01
27.08.2026;22:30;22:45;0,0;0,0;-0,18;-0,18;-0,15;-0,15;0,0;0,0;-0,04;-0,04;-0,15;-0,15;-0,01;-0,01;-0,02;-0,02;0,0;0,0;0,0;0,0;-0,02;-0,02;0,0;0,0;0,0;0,0;-0,02;-0,02;-0,09;-0,09;0,0;0,0;-0,02;-0,02;-0,05;-0,05;-0,01;-0,01;-0,01;-0,01;-0,01;-0,01;-0,03;-0,03;-0,02;-0,02;-0,05;-0,05;0,0;0,0;-0,01;-0,01;0,0;0,0;-0,02;-0,02
27.08.2026;22:45;23:00;0,0;0,0;-0,17;-0,17;-0,16;-0,16;0,0;0,0;-0,02;-0,02;-0,14;-0,14;-0,01;-0,01;-0,01;-0,01;-0,01;-0,01;0,0;0,0;-0,01;-0,01;0,0;0,0;-0,01;-0,01;-0,01;-0,01;-0,08;-0,08;0,0;0,0;-0,02;-0,02;-0,05;-0,05;-0,01;-0,01;0,0;0,0;0,0;0,0;-0,02;-0,02;-0,02;-0,02;-0,05;-0,05;0,0;0,0;-0,01;-0,01;-0,01;-0,01;-0,02;-0,02
27.08.2026;23:00;23:15;0,0;0,0;-0,17;-0,17;-0,31;-0,31;0,0;0,0;-0,03;-0,03;-0,14;-0,14;-0,01;-0,01;-0,02;-0,02;0,0;0,0;0,0;0,0;0,0;0,0;0,0;0,0;0,0;0,0;-0,01;-0,01;-0,06;-0,06;0,0;0,0;0,0;0,0;-0,04;-0,04;-0,01;-0,01;-0,01;-0,01;-0,01;-0,01;-0,01;-0,01;-0,01;-0,01;-0,05;-0,05;0,0;0,0;-0,01;-0,01;0,0;0,0;-0,02;-0,02
27.08.2026;23:15;23:30;0,0;0,0;-0,23;-0,23;-0,33;-0,33;0,0;0,0;-0,04;-0,04;-0,16;-0,16;-0,02;-0,02;-0,02;-0,02;-0,01;-0,01;0,0;0,0;-0,02;-0,02;0,0;0,0;-0,01;-0,01;-0,02;-0,02;-0,05;-0,05;0,0;0,0;-0,01;-0,01;-0,05;-0,05;-0,01;-0,01;-0,01;-0,01;-0,01;-0,01;-0,03;-0,03;0,0;0,0;-0,02;-0,02;0,0;0,0;-0,01;-0,01;-0,01;-0,01;-0,03;-0,03
27.08.2026;23:30;23:45;0,0;0,0;-0,17;-0,17;-0,07;-0,07;0,0;0,0;-0,04;-0,04;-0,18;-0,18;-0,01;-0,01;-0,02;-0,02;0,0;0,0;0,0;0,0;-0,02;-0,02;0,0;0,0;-0,02;-0,02;-0,01;-0,01;-0,07;-0,07;0,0;0,0;-0,01;-0,01;-0,04;-0,04;-0,02;-0,02;0,0;0,0;-0,01;-0,01;-0,02;-0,02;-0,01;-0,01;-0,01;-0,01;-0,01;-0,01;-0,02;-0,02;0,0;0,0;-0,03;-0,03
27.08.2026;23:45;00:00;0,0;0,0;-0,18;-0,18;-0,07;-0,07;0,0;0,0;-0,03;-0,03;-0,19;-0,19;0,0;0,0;-0,02;-0,02;-0,01;-0,01;0,0;0,0;-0,01;-0,01;0,0;0,0;-0,01;-0,01;-0,01;-0,01;-0,08;-0,08;0,0;0,0;-0,02;-0,02;-0,05;-0,05;-0,01;-0,01;-0,01;-0,01;0,0;0,0;-0,02;-0,02;-0,02;-0,02;-0,02;-0,02;0,0;0,0;-0,04;-0,04;-0,01;-0,01;-0,02;-0,02
28.08.2026;00:00;00:15;0,0;0,0;-0,18;-0,18;-0,07;-0,07;0,0;0,0;-0,03;-0,03;-0,13;-0,13;-0,02;-0,02;-0,01;-0,01;0,0;0,0;0,0;0,0;-0,01;-0,01;0,0;0,0;0,0;0,0;-0,02;-0,02;-0,07;-0,07;-0,01;-0,01;-0,01;-0,01;-0,04;-0,04;-0,01;-0,01;-0,01;-0,01;-0,01;-0,01;-0,08;-0,08;-0,01;-0,01;-0,02;-0,02;0,0;0,0;-0,02;-0,02;0,0;0,0;-0,01;-0,01
28.08.2026;00:15;00:30;0,0;0,0;-0,17;-0,17;-0,08;-0,08;0,0;0,0;-0,01;-0,01;-0,14;-0,14;-0,01;-0,01;-0,01;-0,01;-0,01;-0,01;0,0;0,0;-0,02;-0,02;0,0;0,0;-0,01;-0,01;-0,01;-0,01;-0,07;-0,07;0,0;0,0;-0,02;-0,02;-0,03;-0,03;-0,01;-0,01;0,0;0,0;-0,01;-0,01;-0,09;-0,09;0,0;0,0;-0,01;-0,01;0,0;0,0;-0,02;-0,02;0,0;0,0;-0,02;-0,02
28.08.2026;00:30;00:45;0,0;0,0;-0,17;-0,17;-0,22;-0,22;0,0;0,0;-0,02;-0,02;-0,15;-0,15;-0,01;-0,01;-0,02;-0,02;-0,01;-0,01;0,0;0,0;-0,01;-0,01;-0,01;-0,01;0,0;0,0;-0,02;-0,02;-0,07;-0,07;0,0;0,0;0,0;0,0;-0,04;-0,04;-0,01;-0,01;-0,02;-0,02;0,0;0,0;-0,08;-0,08;-0,01;-0,01;-0,02;-0,02;0,0;0,0;-0,01;-0,01;-0,01;-0,01;-0,03;-0,03
28.08.2026;00:45;01:00;0,0;0,0;-0,18;-0,18;-0,37;-0,37;0,0;0,0;-0,02;-0,02;-0,13;-0,13;-0,01;-0,01;-0,02;-0,02;-0,01;-0,01;0,0;0,0;-0,02;-0,02;0,0;0,0;-0,02;-0,02;-0,01;-0,01;-0,06;-0,06;0,0;0,0;-0,01;-0,01;-0,03;-0,03;-0,01;-0,01;-0,01;-0,01;-0,01;-0,01;-0,07;-0,07;-0,01;-0,01;-0,01;-0,01;0,0;0,0;-0,01;-0,01;0,0;0,0;-0,02;-0,02
28.08.2026;01:00;01:15;0,0;0,0;-0,16;-0,16;-0,06;-0,06;-0,01;-0,01;-0,01;-0,01;-0,11;-0,11;0,0;0,0;-0,02;-0,02;0,0;0,0;0,0;0,0;-0,01;-0,01;0,0;0,0;-0,02;-0,02;-0,01;-0,01;-0,07;-0,07;0,0;0,0;0,0;0,0;-0,01;-0,01;-0,02;-0,02;0,0;0,0;-0,01;-0,01;-0,08;-0,08;-0,01;-0,01;-0,01;-0,01;0,0;0,0;-0,01;-0,01;-0,01;-0,01;-0,02;-0,02
28.08.2026;01:15;01:30;0,0;0,0;-0,16;-0,16;-0,06;-0,06;0,0;0,0;0,0;0,0;-0,11;-0,11;-0,01;-0,01;-0,02;-0,02;-0,01;-0,01;0,0;0,0;-0,01;-0,01;0,0;0,0;0,0;0,0;-0,02;-0,02;-0,05;-0,05;0,0;0,0;-0,02;-0,02;-0,02;-0,02;-0,01;-0,01;-0,01;-0,01;0,0;0,0;-0,08;-0,08;0,0;0,0;-0,02;-0,02;0,0;0,0;-0,01;-0,01;0,0;0,0;-0,02;-0,02
28.08.2026;01:30;01:45;0,0;0,0;-0,17;-0,17;-0,04;-0,04;0,0;0,0;-0,01;-0,01;-0,09;-0,09;-0,01;-0,01;-0,02;-0,02;-0,01;-0,01;0,0;0,0;-0,01;-0,01;0,0;0,0;0,0;0,0;-0,01;-0,01;-0,03;-0,03;0,0;0,0;-0,01;-0,01;-0,02;-0,02;-0,01;-0,01;0,0;0,0;-0,01;-0,01;-0,05;-0,05;-0,02;-0,02;-0,01;-0,01;-0,01;-0,01;-0,01;-0,01;0,0;0,0;-0,01;-0,01
28.08.2026;01:45;02:00;0,0;0,0;-0,19;-0,19;-0,03;-0,03;0,0;0,0;-0,02;-0,02;-0,09;-0,09;-0,01;-0,01;-0,02;-0,02;0,0;0,0;0,0;0,0;-0,02;-0,02;0,0;0,0;-0,01;-0,01;-0,01;-0,01;-0,02;-0,02;0,0;0,0;-0,02;-0,02;-0,02;-0,02;-0,01;-0,01;-0,01;-0,01;-0,01;-0,01;-0,01;-0,01;-0,01;-0,01;-0,02;-0,02;0,0;0,0;-0,01;-0,01;-0,01;-0,01;-0,02;-0,02
28.08.2026;02:00;02:15;0,0;0,0;-0,16;-0,16;-0,02;-0,02;0,0;0,0;-0,01;-0,01;-0,03;-0,03;-0,01;-0,01;-0,02;-0,02;-0,01;-0,01;0,0;0,0;0,0;0,0;0,0;0,0;-0,02;-0,02;-0,02;-0,02;-0,02;-0,02;0,0;0,0;-0,01;-0,01;-0,03;-0,03;-0,01;-0,01;0,0;0,0;0,0;0,0;-0,01;-0,01;-0,01;-0,01;-0,01;-0,01;0,0;0,0;-0,01;-0,01;-0,01;-0,01;-0,02;-0,02
28.08.2026;02:15;02:30;0,0;0,0;-0,16;-0,16;-0,03;-0,03;0,0;0,0;-0,01;-0,01;-0,01;-0,01;-0,01;-0,01;-0,02;-0,02;0,0;0,0;0,0;0,0;-0,01;-0,01;0,0;0,0;-0,01;-0,01;-0,01;-0,01;-0,02;-0,02;0,0;0,0;-0,01;-0,01;-0,02;-0,02;-0,01;-0,01;-0,01;-0,01;-0,02;-0,02;-0,01;-0,01;0,0;0,0;-0,02;-0,02;0,0;0,0;-0,02;-0,02;0,0;0,0;-0,02;-0,02
28.08.2026;02:30;02:45;0,0;0,0;-0,16;-0,16;-0,03;-0,03;0,0;0,0;-0,01;-0,01;-0,01;-0,01;-0,01;-0,01;-0,02;-0,02;-0,01;-0,01;0,0;0,0;-0,02;-0,02;0,0;0,0;-0,01;-0,01;-0,01;-0,01;-0,02;-0,02;-0,01;-0,01;0,0;0,0;-0,02;-0,02;-0,02;-0,02;0,0;0,0;0,0;0,0;-0,02;-0,02;-0,01;-0,01;-0,01;-0,01;0,0;0,0;0,0;0,0;0,0;0,0;-0,03;-0,03
28.08.2026;02:45;03:00;0,0;0,0;-0,17;-0,17;-0,03;-0,03;0,0;0,0;-0,01;-0,01;-0,01;-0,01;-0,01;-0,01;-0,02;-0,02;0,0;0,0;0,0;0,0;-0,01;-0,01;0,0;0,0;0,0;0,0;-0,01;-0,01;-0,01;-0,01;0,0;0,0;-0,01;-0,01;-0,01;-0,01;0,0;0,0;-0,01;-0,01;-0,01;-0,01;-0,01;-0,01;-0,01;-0,01;-0,02;-0,02;0,0;0,0;-0,02;-0,02;-0,01;-0,01;-0,02;-0,02
28.08.2026;03:00;03:15;0,0;0,0;-0,16;-0,16;-0,01;-0,01;0,0;0,0;-0,02;-0,02;-0,01;-0,01;-0,01;-0,01;-0,02;-0,02;-0,01;-0,01;0,0;0,0;-0,01;-0,01;0,0;0,0;-0,01;-0,01;-0,02;-0,02;-0,02;-0,02;0,0;0,0;-0,01;-0,01;-0,01;-0,01;-0,02;-0,02;-0,01;-0,01;-0,01;-0,01;0,0;0,0;-0,01;-0,01;-0,01;-0,01;0,0;0,0;0,0;0,0;0,0;0,0;-0,01;-0,01
28.08.2026;03:15;03:30;0,0;0,0;-0,16;-0,16;-0,03;-0,03;0,0;0,0;-0,01;-0,01;-0,01;-0,01;0,0;0,0;-0,01;-0,01;-0,01;-0,01;-0,01;-0,01;-0,01;-0,01;0,0;0,0;-0,01;-0,01;-0,01;-0,01;-0,01;-0,01;0,0;0,0;-0,02;-0,02;-0,02;-0,02;-0,01;-0,01;-0,01;-0,01;0,0;0,0;-0,02;-0,02;-0,01;-0,01;-0,01;-0,01;0,0;0,0;-0,02;-0,02;0,0;0,0;-0,01;-0,01
28.08.2026;03:30;03:45;0,0;0,0;-0,17;-0,17;-0,03;-0,03;0,0;0,0;-0,01;-0,01;-0,01;-0,01;-0,02;-0,02;-0,02;-0,02;0,0;0,0;0,0;0,0;-0,01;-0,01;0,0;0,0;-0,02;-0,02;-0,01;-0,01;-0,02;-0,02;0,0;0,0;-0,01;-0,01;-0,01;-0,01;-0,01;-0,01;-0,01;-0,01;-0,01;-0,01;0,0;0,0;0,0;0,0;-0,02;-0,02;-0,01;-0,01;0,0;0,0;-0,01;-0,01;-0,03;-0,03
28.08.2026;03:45;04:00;0,0;0,0;-0,17;-0,17;-0,02;-0,02;0,0;0,0;0,0;0,0;-0,01;-0,01;0,0;0,0;-0,01;-0,01;-0,01;-0,01;0,0;0,0;-0,01;-0,01;0,0;0,0;0,0;0,0;-0,02;-0,02;-0,01;-0,01;0,0;0,0;-0,02;-0,02;-0,02;-0,02;-0,01;-0,01;-0,01;-0,01;-0,01;-0,01;-0,01;-0,01;-0,01;-0,01;-0,01;-0,01;0,0;0,0;-0,02;-0,02;-0,01;-0,01;-0,02;-0,02
28.08.2026;04:00;04:15;0,0;0,0;-0,16;-0,16;-0,02;-0,02;0,0;0,0;-0,02;-0,02;-0,02;-0,02;-0,01;-0,01;0,0;0,0;0,0;0,0;0,0;0,0;-0,01;-0,01;0,0;0,0;-0,01;-0,01;-0,01;-0,01;-0,01;-0,01;0,0;0,0;-0,01;-0,01;-0,02;-0,02;-0,01;-0,01;0,0;0,0;0,0;0,0;-0,01;-0,01;-0,01;-0,01;-0,02;-0,02;0,0;0,0;0,0;0,0;0,0;0,0;-0,02;-0,02
28.08.2026;04:15;04:30;0,0;0,0;-0,16;-0,16;-0,02;-0,02;0,0;0,0;-0,01;-0,01;-0,01;-0,01;-0,01;-0,01;-0,02;-0,02;-0,01;-0,01;0,0;0,0;-0,02;-0,02;0,0;0,0;0,0;0,0;-0,01;-0,01;-0,02;-0,02;0,0;0,0;0,0;0,0;-0,03;-0,03;-0,01;-0,01;-0,01;-0,01;-0,01;-0,01;0,0;0,0;-0,01;-0,01;-0,01;-0,01;0,0;0,0;-0,02;-0,02;0,0;0,0;-0,02;-0,02
28.08.2026;04:30;04:45;0,0;0,0;-0,17;-0,17;-0,03;-0,03;-0,01;-0,01;-0,01;-0,01;-0,01;-0,01;-0,01;-0,01;-0,02;-0,02;-0,01;-0,01;0,0;0,0;-0,01;-0,01;0,0;0,0;-0,01;-0,01;-0,02;-0,02;-0,01;-0,01;0,0;0,0;-0,01;-0,01;-0,02;-0,02;-0,01;-0,01;-0,01;-0,01;-0,01;-0,01;-0,01;-0,01;-0,01;-0,01;-0,02;-0,02;0,0;0,0;0,0;0,0;-0,01;-0,01;-0,01;-0,01
28.08.2026;04:45;05:00;0,0;0,0;-0,29;-0,29;-0,02;-0,02;0,0;0,0;-0,01;-0,01;-0,01;-0,01;-0,01;-0,01;-0,01;-0,01;0,0;0,0;0,0;0,0;-0,01;-0,01;0,0;0,0;-0,02;-0,02;-0,01;-0,01;-0,01;-0,01;0,0;0,0;-0,01;-0,01;-0,02;-0,02;-0,01;-0,01;0,0;0,0;0,0;0,0;-0,01;-0,01;-0,01;-0,01;-0,01;-0,01;0,0;0,0;-0,02;-0,02;0,0;0,0;-0,02;-0,02
28.08.2026;05:00;05:15;0,0;0,0;-0,23;-0,23;-0,02;-0,02;0,0;0,0;-0,01;-0,01;-0,01;-0,01;-0,01;-0,01;-0,02;-0,02;-0,01;-0,01;0,0;0,0;-0,01;-0,01;0,0;0,0;-0,01;-0,01;-0,01;-0,01;-0,02;-0,02;-0,01;-0,01;-0,01;-0,01;-0,02;-0,02;-0,01;-0,01;-0,01;-0,01;-0,02;-0,02;-0,01;-0,01;0,0;0,0;-0,02;-0,02;0,0;0,0;0,0;0,0;-0,01;-0,01;-0,02;-0,02
28.08.2026;05:15;05:30;0,0;0,0;-0,17;-0,17;-0,02;-0,02;0,0;0,0;-0,01;-0,01;-0,01;-0,01;-0,01;-0,01;-0,02;-0,02;0,0;0,0;0,0;0,0;-0,01;-0,01;0,0;0,0;0,0;0,0;-0,01;-0,01;-0,01;-0,01;0,0;0,0;-0,02;-0,02;-0,12;-0,12;-0,01;-0,01;0,0;0,0;0,0;0,0;-0,01;-0,01;-0,01;-0,01;-0,01;-0,01;0,0;0,0;-0,02;-0,02;0,0;0,0;-0,02;-0,02
28.08.2026;05:30;05:45;0,0;0,0;-0,19;-0,19;-0,03;-0,03;0,0;0,0;-0,02;-0,02;-0,02;-0,02;-0,01;-0,01;-0,02;-0,02;-0,01;-0,01;0,0;0,0;-0,01;-0,01;-0,01;-0,01;-0,01;-0,01;-0,01;-0,01;-0,01;-0,01;0,0;0,0;-0,02;-0,02;-0,02;-0,02;-0,02;-0,02;-0,01;-0,01;-0,01;-0,01;-0,01;-0,01;-0,01;-0,01;-0,01;-0,01;-0,01;-0,01;0,0;0,0;-0,01;-0,01;-0,02;-0,02
28.08.2026;05:45;06:00;0,0;0,0;-0,18;-0,18;-0,02;-0,02;0,0;0,0;-0,01;-0,01;0,0;0,0;-0,01;-0,01;-0,02;-0,02;-0,01;-0,01;0,0;0,0;-0,01;-0,01;0,0;0,0;0,0;0,0;-0,02;-0,02;-0,02;-0,02;0,0;0,0;0,0;0,0;-0,03;-0,03;-0,01;-0,01;-0,01;-0,01;-0,01;-0,01;-0,01;-0,01;-0,01;-0,01;-0,02;-0,02;0,0;0,0;-0,02;-0,02;0,0;0,0;-0,03;-0,03
28.08.2026;06:00;06:15;0,0;0,0;-0,27;-0,27;-0,02;-0,02;0,0;0,0;-0,01;-0,01;-0,01;-0,01;-0,01;-0,01;-0,01;-0,01;0,0;0,0;0,0;0,0;-0,01;-0,01;0,0;0,0;-0,02;-0,02;-0,02;-0,02;-0,01;-0,01;0,0;0,0;-0,01;-0,01;-0,01;-0,01;0,0;0,0;-0,01;-0,01;0,0;0,0;-0,01;-0,01;-0,01;-0,01;-0,01;-0,01;0,0;0,0;0,0;0,0;0,0;0,0;-0,01;-0,01
28.08.2026;06:15;06:30;0,01;0,01;-0,26;-0,26;-0,02;-0,02;0,0;0,0;0,0;0,0;-0,02;-0,02;-0,01;-0,01;-0,02;-0,02;-0,01;-0,01;0,0;0,0;-0,01;-0,01;0,0;0,0;-0,01;-0,01;-0,01;-0,01;-0,01;-0,01;0,0;0,0;0,0;0,0;-0,04;-0,04;-0,01;-0,01;-0,01;-0,01;-0,01;-0,01;-0,02;-0,02;-0,01;-0,01;-0,01;-0,01;0,0;0,0;-0,01;-0,01;0,0;0,0;-0,01;-0,01
28.08.2026;06:30;06:45;0,04;0,04;-0,17;-0,17;-0,02;-0,02;0,0;0,0;-0,02;-0,02;-0,01;-0,01;-0,02;-0,02;-0,02;-0,02;0,0;0,0;0,0;0,0;-0,01;-0,01;0,0;0,0;-0,01;-0,01;-0,01;-0,01;-0,02;-0,02;0,0;0,0;-0,01;-0,01;-0,02;-0,02;-0,01;-0,01;-0,01;-0,01;-0,01;-0,01;0,0;0,0;-0,01;-0,01;-0,02;-0,02;0,0;0,0;-0,01;-0,01;-0,01;-0,01;-0,02;-0,02
28.08.2026;06:45;07:00;0,07;0,07;-0,28;-0,28;-0,02;-0,02;0,0;0,0;-0,01;-0,01;-0,01;-0,01;-0,01;-0,01;-0,02;-0,02;-0,01;-0,01;0,0;0,0;-0,01;-0,01;0,0;0,0;0,0;0,0;-0,01;-0,01;-0,01;-0,01;0,0;0,0;-0,02;-0,02;-0,03;-0,03;-0,02;-0,02;0,0;0,0;0,0;0,0;-0,01;-0,01;-0,01;-0,01;-0,01;-0,01;0,0;0,0;-0,03;-0,03;-0,01;-0,01;-0,02;-0,02
28.08.2026;07:00;07:15;0,12;0,11;-0,21;-0,2;-0,03;-0,03;0,0;0,0;-0,01;-0,01;-0,02;-0,02;-0,01;-0,01;-0,02;-0,02;0,0;0,0;0,0;0,0;-0,03;-0,03;0,0;0,0;-0,01;-0,01;-0,01;-0,01;-0,02;-0,02;0,0;0,0;-0,02;-0,02;-0,02;-0,02;0,0;0,0;-0,01;-0,01;-0,02;-0,02;-0,01;-0,01;0,0;0,0;-0,02;-0,02;0,0;0,0;-0,17;-0,17;0,0;0,0;-0,03;-0,03
28.08.2026;07:15;07:30;0,28;0,2;-0,19;-0,11;-0,02;-0,02;0,0;0,0;-0,01;-0,01;-0,01;-0,01;-0,01;-0,01;-0,02;-0,02;-0,01;-0,01;0,0;0,0;-0,02;-0,02;0,0;0,0;-0,01;-0,01;-0,02;-0,02;-0,02;-0,02;0,0;0,0;-0,02;-0,02;-0,02;-0,02;-0,01;-0,01;-0,01;-0,01;0,0;0,0;-0,01;-0,01;-0,01;-0,01;-0,01;-0,01;0,0;0,0;-0,32;-0,32;0,0;0,0;-0,02;-0,02
28.08.2026;07:30;07:45;0,37;0,11;-0,2;-0,14;-0,11;-0,1;0,0;0,0;-0,01;0,0;0,0;0,0;-0,01;0,0;-0,02;-0,01;-0,01;0,0;0,0;0,0;-0,01;0,0;0,0;0,0;-0,02;-0,01;-0,01;0,0;-0,01;0,0;-0,01;0,0;0,0;0,0;-0,02;-0,01;-0,01;0,0;0,0;0,0;-0,01;0,0;-0,02;-0,01;-0,01;0,0;-0,02;-0,01;-0,01;0,0;-0,06;-0,05;-0,02;-0,01;-0,01;0,0
28.08.2026;07:45;08:00;0,59;0,22;-0,2;-0,07;-0,02;0,0;-0,01;0,0;-0,02;0,0;-0,02;0,0;0,0;0,0;0,0;0,0;0,0;0,0;0,0;0,0;-0,01;0,0;0,0;0,0;0,0;0,0;-0,01;0,0;-0,01;0,0;0,0;0,0;0,0;0,0;-0,01;0,0;-0,01;0,0;-0,01;0,0;-0,01;0,0;-0,01;0,0;-0,01;0,0;-0,01;0,0;0,0;0,0;-0,07;-0,03;-0,01;0,0;-0,02;0,0
28.08.2026;08:00;08:15;0,81;0,3;-0,25;-0,05;-0,03;0,0;0,0;0,0;-0,04;0,0;-0,01;0,0;-0,02;0,0;-0,01;0,0;-0,01;0,0;0,0;0,0;-0,01;0,0;0,0;0,0;-0,01;0,0;-0,01;0,0;-0,02;0,0;0,0;0,0;0,0;0,0;-0,01;0,0;-0,01;0,0;0,0;0,0;0,0;0,0;0,0;0,0;-0,01;0,0;-0,02;0,0;0,0;0,0;-0,12;-0,06;-0,01;0,0;-0,02;0,0
28.08.2026;08:15;08:30;0,19;0,14;-0,18;-0,13;-0,2;-0,2;0,0;0,0;-0,12;-0,12;-0,01;-0,01;-0,02;-0,02;-0,02;-0,02;-0,01;-0,01;-0,01;-0,01;-0,01;-0,01;0,0;0,0;0,0;0,0;-0,01;-0,01;-0,01;-0,01;0,0;0,0;-0,01;-0,01;-0,01;-0,01;-0,01;-0,01;-0,01;-0,01;-0,01;-0,01;-0,02;-0,02;-0,01;-0,01;-0,01;-0,01;0,0;0,0;-0,14;-0,14;0,0;0,0;-0,03;-0,03
28.08.2026;08:30;08:45;0,01;0,01;-0,24;-0,24;-0,01;-0,01;0,0;0,0;-0,04;-0,04;-0,01;-0,01;-0,01;-0,01;-0,02;-0,02;0,0;0,0;0,0;0,0;-0,02;-0,02;0,0;0,0;-0,02;-0,02;-0,01;-0,01;-0,02;-0,02;0,0;0,0;-0,02;-0,02;-0,02;-0,02;-0,01;-0,01;-0,01;-0,01;-0,01;-0,01;-0,02;-0,02;-0,01;-0,01;-0,03;-0,03;0,0;0,0;-0,01;-0,01;-0,12;-0,12;-0,04;-0,04
28.08.2026;08:45;09:00;0,0;0,0;-0,2;-0,2;-0,03;-0,03;0,0;0,0;-0,03;-0,03;-0,01;-0,01;-0,02;-0,02;-0,02;-0,02;-0,01;-0,01;0,0;0,0;-0,01;-0,01;0,0;0,0;-0,01;-0,01;-0,01;-0,01;-0,01;-0,01;0,0;0,0;-0,01;-0,01;-0,02;-0,02;-0,13;-0,13;-0,01;-0,01;0,0;0,0;-0,03;-0,03;-0,01;-0,01;-0,03;-0,03;0,0;0,0;-0,01;-0,01;-0,07;-0,07;-0,24;-0,24
28.08.2026;09:00;09:15;0,89;0,22;-0,2;-0,02;-0,06;0,0;0,0;0,0;-0,03;0,0;-0,01;0,0;-0,02;0,0;-0,02;0,0;0,0;0,0;0,0;0,0;-0,07;-0,01;0,0;0,0;-0,01;0,0;-0,01;0,0;-0,01;0,0;0,0;0,0;-0,01;0,0;-0,03;0,0;-0,63;-0,57;-0,01;0,0;-0,01;0,0;-0,03;0,0;-0,01;0,0;-0,02;0,0;0,0;0,0;-0,01;0,0;-0,01;0,0;-0,54;-0,48
28.08.2026;09:15;09:30;1,24;0,44;-0,21;0,0;-0,05;0,0;0,0;0,0;-0,04;0,0;-0,02;0,0;-0,02;0,0;-0,02;0,0;-0,01;0,0;0,0;0,0;-0,01;0,0;0,0;0,0;0,0;0,0;-0,02;0,0;-0,01;0,0;0,0;0,0;0,0;0,0;-0,02;0,0;-0,44;-0,35;-0,01;0,0;-0,01;0,0;-0,06;0,0;-0,01;0,0;-0,12;-0,03;0,0;0,0;-0,01;0,0;0,0;0,0;-0,46;-0,37
28.08.2026;09:30;09:45;1,41;0,59;-0,19;0,0;-0,04;0,0;0,0;0,0;-0,05;0,0;-0,01;0,0;-0,01;0,0;-0,02;0,0;0,0;0,0;0,0;0,0;-0,01;0,0;0,0;0,0;-0,01;0,0;-0,01;0,0;-0,01;0,0;0,0;0,0;0,0;0,0;-0,03;0,0;-0,08;0,0;0,0;0,0;-0,01;0,0;-0,04;0,0;-0,01;0,0;-0,29;-0,16;-0,01;0,0;-0,01;0,0;-0,01;0,0;-0,14;-0,01
28.08.2026;09:45;10:00;1,63;0,86;-0,22;0,0;-0,05;0,0;0,0;0,0;-0,1;0,0;0,0;0,0;-0,01;0,0;-0,02;0,0;-0,01;0,0;0,0;0,0;-0,01;0,0;0,0;0,0;-0,01;0,0;-0,01;0,0;-0,02;0,0;0,0;0,0;0,0;0,0;-0,02;0,0;-0,08;0,0;-0,01;0,0;0,0;0,0;-0,05;0,0;-0,01;0,0;-0,04;0,0;0,0;0,0;-0,01;0,0;-0,01;0,0;-0,08;0,0
28.08.2026;10:00;10:15;1,19;0,4;-0,19;0,0;-0,05;0,0;0,0;0,0;-0,04;0,0;-0,02;0,0;-0,02;0,0;-0,02;0,0;-0,01;0,0;0,0;0,0;-0,01;0,0;0,0;0,0;-0,02;0,0;-0,01;0,0;-0,01;0,0;-0,01;0,0;-0,02;0,0;-0,03;0,0;-0,1;-0,01;0,0;0,0;-0,01;0,0;-0,08;0,0;-0,01;0,0;-0,04;0,0;0,0;0,0;-0,01;0,0;-0,01;0,0;-0,08;0,0
28.08.2026;10:15;10:30;2,16;1,21;-0,21;0,0;-0,05;0,0;0,0;0,0;-0,23;0,0;-0,01;0,0;-0,02;0,0;-0,02;0,0;-0,01;0,0;0,0;0,0;-0,08;0,0;0,0;0,0;-0,01;0,0;-0,01;0,0;-0,01;0,0;0,0;0,0;-0,01;0,0;-0,02;0,0;-0,07;0,0;-0,01;0,0;-0,01;0,0;-0,04;0,0;-0,01;0,0;-0,04;0,0;0,0;0,0;-0,01;0,0;0,0;0,0;-0,07;0,0
28.08.2026;10:30;10:45;2,41;1,44;-0,22;0,0;-0,04;0,0;0,0;0,0;-0,3;-0,02;-0,01;0,0;-0,01;0,0;-0,02;0,0;0,0;0,0;0,0;0,0;-0,12;0,0;-0,01;0,0;0,0;0,0;-0,01;0,0;-0,02;0,0;0,0;0,0;-0,01;0,0;-0,01;0,0;-0,04;0,0;0,0;0,0;0,0;0,0;-0,04;0,0;-0,02;0,0;-0,02;0,0;0,0;0,0;-0,01;0,0;-0,01;0,0;-0,07;0,0
28.08.2026;10:45;11:00;2,79;1,89;-0,18;0,0;-0,05;0,0;0,0;0,0;-0,23;0,0;-0,02;0,0;-0,02;0,0;-0,02;0,0;-0,01;0,0;0,0;0,0;-0,03;0,0;0,0;0,0;0,0;0,0;-0,01;0,0;0,0;0,0;0,0;0,0;-0,01;0,0;-0,02;0,0;-0,01;0,0;-0,01;0,0;-0,01;0,0;-0,06;0,0;-0,01;0,0;-0,13;0,0;0,0;0,0;-0,01;0,0;-0,01;0,0;-0,05;0,0
28.08.2026;11:00;11:15;2,98;1,69;-0,28;0,0;-0,06;0,0;-0,01;0,0;-0,19;0,0;-0,07;0,0;-0,01;0,0;-0,02;0,0;0,0;0,0;0,0;0,0;-0,15;0,0;0,0;0,0;-0,02;0,0;-0,01;0,0;-0,02;0,0;0,0;0,0;-0,01;0,0;-0,01;0,0;-0,02;0,0;-0,01;0,0;-0,01;0,0;-0,05;0,0;-0,09;0,0;-0,15;0,0;0,0;0,0;-0,01;0,0;-0,02;0,0;-0,07;0,0
28.08.2026;11:15;11:30;2,99;1,8;-0,2;0,0;-0,05;0,0;0,0;0,0;-0,13;0,0;-0,05;0,0;-0,01;0,0;-0,02;0,0;-0,01;0,0;0,0;0,0;-0,37;-0,02;0,0;0,0;-0,01;0,0;-0,02;0,0;-0,01;0,0;0,0;0,0;0,0;0,0;-0,03;0,0;0,0;0,0;0,0;0,0;0,0;0,0;-0,05;0,0;-0,02;0,0;-0,17;0,0;0,0;0,0;-0,01;0,0;0,0;0,0;-0,05;0,0
28.08.2026;11:30;11:45;3,2;2,15;-0,25;0,0;-0,05;0,0;0,0;0,0;-0,13;0,0;-0,06;0,0;-0,02;0,0;-0,01;0,0;0,0;0,0;0,0;0,0;-0,03;0,0;0,0;0,0;-0,01;0,0;-0,01;0,0;-0,01;0,0;0,0;0,0;0,0;0,0;-0,04;0,0;-0,01;0,0;-0,02;0,0;-0,01;0,0;-0,08;0,0;-0,06;0,0;-0,16;0,0;-0,01;0,0;-0,01;0,0;-0,01;0,0;-0,06;0,0
28.08.2026;11:45;12:00;3,29;2,02;-0,21;0,0;-0,04;0,0;0,0;0,0;-0,11;0,0;-0,06;0,0;-0,01;0,0;-0,09;0,0;-0,01;0,0;0,0;0,0;-0,05;0,0;0,0;0,0;-0,01;0,0;-0,01;0,0;-0,09;0,0;0,0;0,0;-0,01;0,0;-0,04;0,0;-0,02;0,0;-0,01;0,0;-0,01;0,0;-0,27;0,0;-0,02;0,0;-0,11;0,0;0,0;0,0;-0,01;0,0;-0,06;0,0;-0,02;0,0
28.08.2026;12:00;12:15;2,97;2,05;-0,24;0,0;-0,16;0,0;0,0;0,0;-0,03;0,0;-0,05;0,0;-0,03;0,0;-0,13;0,0;-0,01;0,0;0,0;0,0;-0,02;0,0;0,0;0,0;0,0;0,0;-0,01;0,0;-0,01;0,0;0,0;0,0;-0,01;0,0;-0,04;0,0;0,0;0,0;-0,01;0,0;0,0;0,0;-0,09;0,0;-0,01;0,0;-0,02;0,0;0,0;0,0;-0,01;0,0;-0,01;0,0;-0,03;0,0
28.08.2026;12:15;12:30;1,65;0,83;-0,2;0,0;-0,05;0,0;0,0;0,0;-0,03;0,0;-0,05;0,0;-0,05;0,0;-0,24;-0,08;0,0;0,0;0,0;0,0;-0,01;0,0;0,0;0,0;-0,01;0,0;-0,01;0,0;-0,02;0,0;0,0;0,0;-0,01;0,0;-0,04;0,0;-0,02;0,0;0,0;0,0;-0,02;0,0;-0,03;0,0;-0,01;0,0;-0,04;0,0;0,0;0,0;-0,01;0,0;-0,03;0,0;-0,02;0,0
28.08.2026;12:30;12:45;0,1;0,1;-0,37;-0,37;-0,07;-0,07;0,0;0,0;-0,12;-0,12;-0,12;-0,12;-0,02;-0,02;-0,05;-0,05;-0,01;-0,01;0,0;0,0;-0,01;-0,01;0,0;0,0;-0,02;-0,02;-0,01;-0,01;-0,02;-0,02;-0,01;-0,01;-0,02;-0,02;-0,03;-0,03;-0,01;-0,01;0,0;0,0;0,0;0,0;-0,01;-0,01;0,0;0,0;-0,04;-0,04;0,0;0,0;0,0;0,0;-0,02;-0,02;-0,01;-0,01
28.08.2026;12:45;13:00;2,1;1,11;-0,21;0,0;-0,05;0,0;0,0;0,0;-0,09;0,0;-0,13;0,0;0,0;0,0;-0,05;0,0;-0,01;0,0;0,0;0,0;-0,02;0,0;0,0;0,0;-0,01;0,0;-0,01;0,0;-0,01;0,0;0,0;0,0;0,0;0,0;-0,04;0,0;-0,27;-0,04;-0,01;0,0;-0,01;0,0;-0,02;0,0;-0,01;0,0;-0,03;0,0;0,0;0,0;-0,02;0,0;-0,02;0,0;-0,01;0,0
28.08.2026;13:00;13:15;3,29;2,52;-0,18;0,0;-0,04;0,0;0,0;0,0;-0,04;0,0;-0,11;0,0;-0,02;0,0;-0,05;0,0;0,0;0,0;0,0;0,0;-0,01;0,0;0,0;0,0;0,0;0,0;-0,01;0,0;-0,01;0,0;0,0;0,0;-0,01;0,0;-0,03;0,0;-0,03;0,0;-0,01;0,0;-0,01;0,0;-0,09;0,0;-0,01;0,0;-0,04;0,0;0,0;0,0;0,0;0,0;-0,05;0,0;-0,02;0,0
28.08.2026;13:15;13:30;3,11;2,32;-0,2;0,0;-0,05;0,0;0,0;0,0;-0,04;0,0;-0,12;0,0;-0,01;0,0;-0,05;0,0;-0,01;0,0;-0,01;0,0;-0,01;0,0;0,0;0,0;-0,01;0,0;-0,02;0,0;-0,02;0,0;0,0;0,0;0,0;0,0;-0,03;0,0;-0,03;0,0;0,0;0,0;0,0;0,0;-0,04;0,0;-0,01;0,0;-0,05;0,0;0,0;0,0;-0,02;0,0;-0,04;0,0;-0,02;0,0
28.08.2026;13:30;13:45;2,85;2,05;-0,28;0,0;-0,06;0,0;0,0;0,0;-0,03;0,0;-0,1;0,0;-0,01;0,0;-0,04;0,0;0,0;0,0;0,0;0,0;-0,02;0,0;0,0;0,0;-0,01;0,0;-0,01;0,0;-0,02;0,0;0,0;0,0;0,0;0,0;-0,03;0,0;-0,02;0,0;-0,01;0,0;-0,01;0,0;-0,04;0,0;-0,01;0,0;-0,04;0,0;-0,01;0,0;0,0;0,0;-0,02;0,0;-0,03;0,0
28.08.2026;13:45;14:00;2,43;1,6;-0,19;0,0;-0,04;0,0;0,0;0,0;-0,03;0,0;-0,09;0,0;-0,02;0,0;-0,05;0,0;-0,01;0,0;0,0;0,0;-0,01;0,0;0,0;0,0;-0,01;0,0;-0,01;0,0;-0,03;0,0;0,0;0,0;-0,01;0,0;-0,03;0,0;-0,05;0,0;-0,01;0,0;-0,01;0,0;-0,04;0,0;-0,09;0,0;-0,04;0,0;0,0;0,0;-0,02;0,0;-0,02;0,0;-0,02;0,0
28.08.2026;14:00;14:15;2,55;1,46;-0,2;0,0;-0,04;0,0;0,0;0,0;-0,45;-0,16;-0,1;0,0;-0,01;0,0;-0,05;0,0;0,0;0,0;0,0;0,0;-0,03;0,0;0,0;0,0;-0,01;0,0;-0,01;0,0;-0,03;0,0;0,0;0,0;-0,02;0,0;-0,02;0,0;-0,02;0,0;0,0;0,0;0,0;0,0;-0,03;0,0;-0,09;0,0;-0,12;0,0;0,0;0,0;0,0;0,0;-0,01;0,0;-0,01;0,0
28.08.2026;14:15;14:30;2,55;1,61;-0,19;0,0;-0,04;0,0;0,0;0,0;-0,17;0,0;-0,09;0,0;0,0;0,0;-0,05;0,0;-0,01;0,0;0,0;0,0;-0,01;0,0;0,0;0,0;-0,01;0,0;-0,01;0,0;-0,05;0,0;0,0;0,0;-0,01;0,0;-0,04;0,0;0,0;0,0;-0,02;0,0;-0,02;0,0;-0,02;0,0;-0,09;0,0;-0,06;0,0;0,0;0,0;-0,02;0,0;-0,01;0,0;-0,02;0,0
28.08.2026;14:30;14:45;2,01;1,11;-0,19;0,0;-0,05;0,0;-0,01;0,0;-0,4;-0,17;-0,09;0,0;-0,02;0,0;-0,05;0,0;-0,01;0,0;0,0;0,0;-0,02;0,0;0,0;0,0;0,0;0,0;-0,01;0,0;-0,02;0,0;0,0;0,0;-0,01;0,0;-0,04;0,0;-0,01;0,0;-0,01;0,0;0,0;0,0;-0,02;0,0;-0,02;0,0;-0,07;0,0;0,0;0,0;0,0;0,0;-0,01;0,0;-0,01;0,0
28.08.2026;14:45;15:00;1,54;0,68;-0,24;0,0;-0,07;0,0;0,0;0,0;-0,06;0,0;-0,07;0,0;-0,01;0,0;-0,06;0,0;0,0;0,0;0,0;0,0;-0,02;0,0;0,0;0,0;-0,01;0,0;-0,01;0,0;-0,03;0,0;0,0;0,0;-0,01;0,0;-0,04;0,0;-0,01;0,0;-0,01;0,0;-0,01;0,0;-0,06;0,0;-0,02;0,0;-0,07;0,0;0,0;0,0;-0,02;0,0;-0,01;0,0;-0,02;0,0
28.08.2026;15:00;15:15;1,53;0,64;-0,22;0,0;-0,06;0,0;0,0;0,0;-0,04;0,0;-0,11;0,0;-0,02;0,0;-0,05;0,0;-0,01;0,0;0,0;0,0;-0,02;0,0;0,0;0,0;-0,02;0,0;-0,01;0,0;-0,02;0,0;-0,01;0,0;0,0;0,0;-0,04;0,0;-0,01;0,0;0,0;0,0;-0,01;0,0;-0,09;0,0;-0,02;0,0;-0,08;0,0;0,0;0,0;-0,02;0,0;-0,01;0,0;-0,02;0,0
28.08.2026;15:15;15:30;2,4;1,35;-0,22;0,0;-0,05;0,0;0,0;0,0;-0,05;0,0;-0,12;0,0;-0,01;0,0;-0,03;0,0;-0,01;0,0;0,0;0,0;-0,01;0,0;0,0;0,0;-0,01;0,0;-0,02;0,0;-0,2;0,0;0,0;0,0;0,0;0,0;-0,03;0,0;-0,01;0,0;0,0;0,0;0,0;0,0;-0,08;0,0;-0,06;0,0;-0,09;0,0;0,0;0,0;-0,01;0,0;-0,01;0,0;-0,03;0,0
28.08.2026;15:30;15:45;2,27;1,18;-0,19;0,0;-0,06;0,0;0,0;0,0;-0,05;0,0;-0,16;0,0;-0,05;0,0;-0,03;0,0;0,0;0,0;0,0;0,0;-0,02;0,0;-0,01;0,0;0,0;0,0;-0,01;0,0;-0,21;0,0;0,0;0,0;0,0;0,0;-0,02;0,0;-0,01;0,0;-0,01;0,0;-0,01;0,0;-0,08;0,0;-0,02;0,0;-0,09;0,0;-0,01;0,0;-0,02;0,0;-0,01;0,0;-0,02;0,0
28.08.2026;15:45;16:00;1,79;0,96;-0,19;0,0;-0,07;0,0;0,0;0,0;-0,05;0,0;-0,14;0,0;-0,01;0,0;-0,05;0,0;-0,01;0,0;0,0;0,0;-0,02;0,0;0,0;0,0;-0,01;0,0;-0,03;0,0;-0,02;0,0;0,0;0,0;-0,02;0,0;-0,02;0,0;0,0;0,0;-0,01;0,0;-0,01;0,0;-0,07;0,0;0,0;0,0;-0,08;0,0;0,0;0,0;0,0;0,0;-0,01;0,0;-0,01;0,0
28.08.2026;16:00;16:15;1,27;0,38;-0,19;0,0;-0,07;0,0;0,0;0,0;-0,07;0,0;-0,14;-0,05;-0,01;0,0;-0,05;0,0;0,0;0,0;0,0;0,0;-0,1;-0,01;0,0;0,0;-0,01;0,0;-0,05;0,0;-0,02;0,0;0,0;0,0;-0,02;0,0;-0,02;0,0;-0,02;0,0;0,0;0,0;0,0;0,0;-0,34;-0,25;-0,01;0,0;-0,05;0,0;0,0;0,0;-0,02;0,0;0,0;0,0;-0,01;0,0
28.08.2026;16:15;16:30;0,81;0,21;-0,23;-0,07;-0,05;-0,02;0,0;0,0;-0,05;-0,02;-0,14;-0,11;-0,01;0,0;-0,04;-0,01;-0,01;0,0;0,0;0,0;-0,44;-0,41;0,0;0,0;-0,02;0,0;-0,05;-0,02;-0,23;-0,2;0,0;0,0;-0,02;0,0;-0,01;0,0;-0,01;0,0;-0,01;0,0;-0,02;0,0;-0,09;-0,06;-0,01;0,0;-0,06;-0,03;0,0;0,0;-0,01;0,0;-0,02;0,0;-0,02;0,0
28.08.2026;16:30;16:45;0,16;0,11;-0,2;-0,15;-0,06;-0,06;0,0;0,0;-0,05;-0,05;-0,15;-0,15;-0,01;-0,01;-0,05;-0,05;0,0;0,0;0,0;0,0;-0,03;-0,03;0,0;0,0;-0,01;-0,01;-0,06;-0,06;-0,08;-0,08;0,0;0,0;-0,05;-0,05;-0,01;-0,01;-0,01;-0,01;-0,02;-0,02;0,0;0,0;-0,05;-0,05;-0,01;-0,01;-0,02;-0,02;0,0;0,0;-0,02;-0,02;-0,01;-0,01;-0,02;-0,02
28.08.2026;16:45;17:00;0,0;0,0;-0,22;-0,22;-0,07;-0,07;0,0;0,0;-0,04;-0,04;-0,11;-0,11;-0,01;-0,01;-0,04;-0,04;-0,01;-0,01;0,0;0,0;-0,25;-0,25;0,0;0,0;0,0;0,0;-0,32;-0,32;-0,03;-0,03;0,0;0,0;-0,16;-0,16;-0,01;-0,01;-0,04;-0,04;-0,03;-0,03;-0,01;-0,01;-0,02;-0,02;-0,01;-0,01;-0,02;-0,02;0,0;0,0;-0,01;-0,01;-0,01;-0,01;-0,03;-0,03
28.08.2026;17:00;17:15;0,93;0,2;-0,24;-0,09;-0,05;0,0;0,0;0,0;-0,05;0,0;-0,1;-0,05;0,0;0,0;-0,04;0,0;-0,01;0,0;0,0;0,0;-0,18;-0,13;0,0;0,0;0,0;0,0;-0,12;-0,07;-0,03;0,0;0,0;0,0;-0,17;-0,12;-0,02;0,0;-0,53;-0,48;-0,02;0,0;-0,01;0,0;-0,02;0,0;-0,01;0,0;-0,02;0,0;0,0;0,0;-0,02;0,0;-0,01;0,0;-0,02;0,0
28.08.2026;17:15;17:30;1,38;0,43;-0,22;0,0;-0,02;0,0;0,0;0,0;-0,03;0,0;-0,16;-0,06;-0,01;0,0;-0,05;0,0;0,0;0,0;0,0;0,0;-0,04;0,0;0,0;0,0;-0,02;0,0;-0,07;0,0;-0,03;0,0;0,0;0,0;-0,04;0,0;-0,02;0,0;-0,37;-0,27;-0,03;0,0;0,0;0,0;-0,02;0,0;-0,01;0,0;-0,09;0,0;0,0;0,0;-0,01;0,0;-0,02;0,0;-0,02;0,0
28.08.2026;17:30;17:45;0,64;0,2;-0,18;-0,07;-0,02;0,0;0,0;0,0;-0,04;-0,02;-0,14;-0,12;-0,01;0,0;-0,05;-0,03;-0,01;0,0;0,0;0,0;-0,06;-0,04;0,0;0,0;-0,01;0,0;-0,07;-0,05;-0,03;-0,01;-0,01;0,0;-0,03;-0,01;-0,03;-0,01;-0,03;-0,01;0,0;0,0;-0,01;0,0;-0,01;0,0;-0,01;0,0;-0,1;-0,08;-0,01;0,0;-0,01;0,0;-0,01;0,0;-0,01;0,0
28.08.2026;17:45;18:00;0,43;0,15;-0,25;-0,18;-0,02;-0,01;-0,01;0,0;-0,03;-0,02;-0,15;-0,14;-0,01;0,0;-0,04;-0,03;-0,01;0,0;0,0;0,0;-0,08;-0,07;0,0;0,0;-0,01;0,0;-0,05;-0,04;-0,03;-0,02;0,0;0,0;-0,03;-0,02;-0,02;-0,01;-0,03;-0,02;-0,01;0,0;-0,01;0,0;-0,13;-0,12;0,0;0,0;-0,09;-0,08;0,0;0,0;-0,05;-0,04;-0,01;0,0;-0,01;0,0
28.08.2026;18:00;18:15;0,25;0,18;-0,22;-0,15;-0,03;-0,03;0,0;0,0;0,0;0,0;-0,16;-0,16;-0,01;-0,01;-0,05;-0,05;0,0;0,0;0,0;0,0;-0,05;-0,05;0,0;0,0;-0,01;-0,01;-0,26;-0,26;-0,03;-0,03;0,0;0,0;-0,02;-0,02;-0,02;-0,02;-0,05;-0,05;0,0;0,0;-0,01;-0,01;-0,02;-0,02;-0,01;-0,01;-0,25;-0,25;0,0;0,0;-0,02;-0,02;-0,01;-0,01;-0,02;-0,02
28.08.2026;18:15;18:30;0,25;0,18;-0,2;-0,13;-0,02;-0,02;0,0;0,0;-0,01;-0,01;-0,12;-0,12;-0,01;-0,01;-0,04;-0,04;-0,01;-0,01;-0,01;-0,01;-0,04;-0,04;0,0;0,0;0,0;0,0;-0,22;-0,22;-0,03;-0,03;0,0;0,0;-0,01;-0,01;-0,03;-0,03;-0,04;-0,04;-0,01;-0,01;-0,01;-0,01;-0,01;-0,01;-0,01;-0,01;-0,13;-0,13;0,0;0,0;-0,01;-0,01;0,0;0,0;-0,02;-0,02
28.08.2026;18:30;18:45;0,24;0,18;-0,25;-0,19;-0,02;-0,02;0,0;0,0;-0,01;-0,01;-0,13;-0,13;0,0;0,0;-0,05;-0,05;0,0;0,0;0,0;0,0;-0,05;-0,05;0,0;0,0;-0,01;-0,01;-0,05;-0,05;-0,02;-0,02;0,0;0,0;-0,02;-0,02;-0,02;-0,02;-0,02;-0,02;-0,01;-0,01;0,0;0,0;0,0;0,0;-0,02;-0,02;-0,18;-0,18;0,0;0,0;-0,01;-0,01;0,0;0,0;-0,03;-0,03
28.08.2026;18:45;19:00;0,14;0,11;-0,23;-0,2;-0,02;-0,02;0,0;0,0;-0,02;-0,02;-0,18;-0,18;-0,01;-0,01;-0,04;-0,04;-0,01;-0,01;0,0;0,0;-0,04;-0,04;0,0;0,0;-0,02;-0,02;-0,04;-0,04;-0,03;-0,03;0,0;0,0;-0,02;-0,02;-0,06;-0,06;-0,02;-0,02;0,0;0,0;-0,01;-0,01;-0,01;-0,01;0,0;0,0;-0,2;-0,2;0,0;0,0;-0,02;-0,02;-0,01;-0,01;-0,02;-0,02
28.08.2026;19:00;19:15;0,07;0,07;-0,17;-0,17;-0,02;-0,02;0,0;0,0;-0,01;-0,01;-0,54;-0,54;-0,01;-0,01;-0,04;-0,04;0,0;0,0;0,0;0,0;-0,05;-0,05;0,0;0,0;-0,01;-0,01;-0,04;-0,04;-0,01;-0,01;0,0;0,0;-0,02;-0,02;-0,06;-0,06;-0,03;-0,03;-0,01;-0,01;-0,01;-0,01;-0,02;-0,02;-0,01;-0,01;-0,19;-0,19;0,0;0,0;0,0;0,0;-0,01;-0,01;-0,01;-0,01
28.08.2026;19:15;19:30;0,01;0,01;-0,18;-0,18;-0,03;-0,03;0,0;0,0;-0,02;-0,02;-0,16;-0,16;-0,01;-0,01;-0,04;-0,04;-0,01;-0,01;0,0;0,0;-0,04;-0,04;0,0;0,0;0,0;0,0;-0,05;-0,05;-0,02;-0,02;0,0;0,0;-0,01;-0,01;-0,07;-0,07;-0,03;-0,03;-0,01;-0,01;0,0;0,0;-0,01;-0,01;-0,01;-0,01;-0,47;-0,47;0,0;0,0;-0,02;-0,02;0,0;0,0;-0,01;-0,01
28.08.2026;19:30;19:45;0,01;0,01;-0,17;-0,17;-0,02;-0,02;0,0;0,0;0,0;0,0;-0,15;-0,15;-0,01;-0,01;-0,04;-0,04;-0,01;-0,01;0,0;0,0;-0,04;-0,04;0,0;0,0;-0,01;-0,01;-0,04;-0,04;-0,01;-0,01;0,0;0,0;-0,02;-0,02;-0,07;-0,07;-0,03;-0,03;-0,01;-0,01;-0,01;-0,01;-0,01;-0,01;-0,01;-0,01;-0,39;-0,39;-0,01;-0,01;0,0;0,0;0,0;0,0;-0,02;-0,02
28.08.2026;19:45;20:00;0,0;0,0;-0,22;-0,22;-0,08;-0,08;0,0;0,0;-0,01;-0,01;-0,16;-0,16;-0,01;-0,01;-0,05;-0,05;0,0;0,0;0,0;0,0;-0,04;-0,04;0,0;0,0;-0,01;-0,01;-0,05;-0,05;-0,01;-0,01;0,0;0,0;-0,02;-0,02;-0,06;-0,06;-0,03;-0,03;-0,01;-0,01;-0,01;-0,01;0,0;0,0;0,0;0,0;-0,17;-0,17;0,0;0,0;-0,01;-0,01;-0,01;-0,01;-0,02;-0,02
28.08.2026;20:00;20:15;0,0;0,0;-0,18;-0,18;-0,1;-0,1;0,0;0,0;-0,02;-0,02;-0,14;-0,14;0,0;0,0;-0,04;-0,04;-0,01;-0,01;0,0;0,0;-0,05;-0,05;0,0;0,0;-0,02;-0,02;-0,04;-0,04;-0,02;-0,02;-0,01;-0,01;-0,02;-0,02;-0,05;-0,05;-0,02;-0,02;-0,01;-0,01;0,0;0,0;-0,02;-0,02;-0,02;-0,02;-0,17;-0,17;0,0;0,0;-0,01;-0,01;-0,01;-0,01;-0,03;-0,03
28.08.2026;20:15;20:30;0,0;0,0;-0,2;-0,2;-0,07;-0,07;0,0;0,0;-0,01;-0,01;-0,22;-0,22;-0,01;-0,01;-0,1;-0,1;-0,01;-0,01;0,0;0,0;-0,04;-0,04;0,0;0,0;0,0;0,0;-0,04;-0,04;-0,01;-0,01;0,0;0,0;-0,02;-0,02;-0,05;-0,05;-0,03;-0,03;0,0;0,0;-0,02;-0,02;-0,01;-0,01;-0,01;-0,01;-0,19;-0,19;0,0;0,0;-0,01;-0,01;0,0;0,0;-0,02;-0,02
28.08.2026;20:30;20:45;0,0;0,0;-0,19;-0,19;-0,08;-0,08;0,0;0,0;-0,05;-0,05;-0,36;-0,36;-0,03;-0,03;-0,05;-0,05;0,0;0,0;0,0;0,0;-0,04;-0,04;-0,01;-0,01;-0,01;-0,01;-0,05;-0,05;-0,01;-0,01;0,0;0,0;-0,02;-0,02;-0,04;-0,04;-0,03;-0,03;-0,01;-0,01;0,0;0,0;-0,01;-0,01;-0,01;-0,01;-0,15;-0,15;0,0;0,0;-0,01;-0,01;0,0;0,0;-0,02;-0,02
28.08.2026;20:45;21:00;0,0;0,0;-0,18;-0,18;-0,06;-0,06;0,0;0,0;-0,04;-0,04;-0,15;-0,15;-0,04;-0,04;-0,05;-0,05;-0,01;-0,01;0,0;0,0;-0,04;-0,04;0,0;0,0;0,0;0,0;-0,04;-0,04;-0,02;-0,02;0,0;0,0;-0,02;-0,02;-0,05;-0,05;-0,05;-0,05;0,0;0,0;-0,01;-0,01;0,0;0,0;0,0;0,0;-0,17;-0,17;0,0;0,0;-0,01;-0,01;-0,01;-0,01;-0,01;-0,01
28.08.2026;21:00;21:15;0,0;0,0;-0,2;-0,2;-0,06;-0,06;-0,01;-0,01;-0,05;-0,05;-0,15;-0,15;-0,03;-0,03;-0,05;-0,05;0,0;0,0;0,0;0,0;-0,04;-0,04;0,0;0,0;-0,01;-0,01;-0,04;-0,04;-0,01;-0,01;0,0;0,0;-0,01;-0,01;-0,07;-0,07;-0,04;-0,04;-0,01;-0,01;-0,01;-0,01;-0,01;-0,01;-0,02;-0,02;-0,21;-0,21;0,0;0,0;-0,01;-0,01;0,0;0,0;-0,01;-0,01
28.08.2026;21:15;21:30;0,0;0,0;-0,26;-0,26;-0,05;-0,05;0,0;0,0;-0,04;-0,04;-0,14;-0,14;-0,03;-0,03;-0,04;-0,04;-0,01;-0,01;0,0;0,0;-0,05;-0,05;0,0;0,0;-0,02;-0,02;-0,05;-0,05;-0,01;-0,01;0,0;0,0;-0,02;-0,02;-0,05;-0,05;-0,03;-0,03;-0,01;-0,01;0,0;0,0;-0,02;-0,02;-0,01;-0,01;-0,13;-0,13;0,0;0,0;-0,01;-0,01;-0,01;-0,01;-0,02;-0,02
28.08.2026;21:30;21:45;0,0;0,0;-0,24;-0,24;-0,07;-0,07;0,0;0,0;-0,05;-0,05;-0,14;-0,14;-0,03;-0,03;-0,05;-0,05;0,0;0,0;0,0;0,0;-0,04;-0,04;0,0;0,0;-0,01;-0,01;-0,05;-0,05;-0,02;-0,02;0,0;0,0;-0,01;-0,01;-0,06;-0,06;-0,02;-0,02;0,0;0,0;-0,01;-0,01;-0,01;-0,01;-0,01;-0,01;-0,11;-0,11;-0,01;-0,01;-0,02;-0,02;0,0;0,0;-0,03;-0,03
28.08.2026;21:45;22:00;0,0;0,0;-0,34;-0,34;-0,06;-0,06;0,0;0,0;-0,05;-0,05;-0,15;-0,15;-0,04;-0,04;-0,04;-0,04;-0,01;-0,01;0,0;0,0;-0,04;-0,04;0,0;0,0;0,0;0,0;-0,05;-0,05;0,0;0,0;0,0;0,0;-0,01;-0,01;-0,05;-0,05;-0,02;-0,02;-0,01;-0,01;-0,01;-0,01;-0,01;-0,01;-0,02;-0,02;-0,14;-0,14;0,0;0,0;0,0;0,0;0,0;0,0;-0,02;-0,02
28.08.2026;22:00;22:15;0,0;0,0;-0,28;-0,28;-0,05;-0,05;0,0;0,0;-0,04;-0,04;-0,15;-0,15;-0,04;-0,04;-0,05;-0,05;-0,01;-0,01;0,0;0,0;-0,04;-0,04;0,0;0,0;-0,01;-0,01;-0,04;-0,04;-0,03;-0,03;0,0;0,0;-0,01;-0,01;-0,04;-0,04;-0,02;-0,02;-0,01;-0,01;0,0;0,0;0,0;0,0;-0,01;-0,01;-0,09;-0,09;0,0;0,0;-0,02;-0,02;-0,01;-0,01;-0,02;-0,02
28.08.2026;22:15;22:30;0,0;0,0;-0,2;-0,2;-0,04;-0,04;0,0;0,0;-0,04;-0,04;-0,15;-0,15;-0,04;-0,04;-0,04;-0,04;0,0;0,0;0,0;0,0;-0,04;-0,04;0,0;0,0;-0,01;-0,01;-0,04;-0,04;-0,03;-0,03;0,0;0,0;-0,01;-0,01;-0,05;-0,05;-0,03;-0,03;-0,01;-0,01;-0,02;-0,02;-0,02;-0,02;-0,06;-0,06;-0,13;-0,13;0,0;0,0;0,0;0,0;0,0;0,0;-0,01;-0,01
28.08.2026;22:30;22:45;0,0;0,0;-0,19;-0,19;-0,06;-0,06;0,0;0,0;-0,03;-0,03;-0,14;-0,14;-0,01;-0,01;-0,05;-0,05;-0,01;-0,01;0,0;0,0;-0,04;-0,04;0,0;0,0;-0,02;-0,02;-0,03;-0,03;-0,02;-0,02;-0,01;-0,01;-0,02;-0,02;-0,04;-0,04;-0,02;-0,02;-0,01;-0,01;0,0;0,0;-0,01;-0,01;-0,01;-0,01;-0,05;-0,05;0,0;0,0;-0,02;-0,02;-0,01;-0,01;-0,01;-0,01
28.08.2026;22:45;23:00;0,0;0,0;-0,19;-0,19;-0,07;-0,07;0,0;0,0;-0,02;-0,02;-0,14;-0,14;-0,01;-0,01;-0,02;-0,02;-0,01;-0,01;0,0;0,0;-0,02;-0,02;0,0;0,0;-0,01;-0,01;-0,04;-0,04;-0,03;-0,03;0,0;0,0;-0,01;-0,01;-0,05;-0,05;-0,02;-0,02;-0,01;-0,01;-0,01;-0,01;-0,01;-0,01;-0,02;-0,02;-0,08;-0,08;0,0;0,0;0,0;0,0;0,0;0,0;-0,02;-0,02
28.08.2026;23:00;23:15;0,0;0,0;-0,18;-0,18;-0,06;-0,06;0,0;0,0;-0,04;-0,04;-0,14;-0,14;-0,02;-0,02;-0,02;-0,02;0,0;0,0;0,0;0,0;-0,02;-0,02;0,0;0,0;0,0;0,0;-0,03;-0,03;-0,01;-0,01;0,0;0,0;-0,02;-0,02;-0,04;-0,04;-0,02;-0,02;0,0;0,0;-0,01;-0,01;0,0;0,0;-0,07;-0,07;-0,02;-0,02;0,0;0,0;-0,01;-0,01;-0,01;-0,01;-0,02;-0,02
28.08.2026;23:15;23:30;0,0;0,0;-0,18;-0,18;-0,05;-0,05;0,0;0,0;-0,04;-0,04;-0,16;-0,16;-0,01;-0,01;-0,02;-0,02;-0,01;-0,01;-0,01;-0,01;-0,02;-0,02;0,0;0,0;-0,01;-0,01;-0,01;-0,01;-0,02;-0,02;0,0;0,0;-0,01;-0,01;-0,05;-0,05;-0,02;-0,02;-0,01;-0,01;0,0;0,0;-0,02;-0,02;-0,06;-0,06;-0,02;-0,02;0,0;0,0;-0,01;-0,01;0,0;0,0;-0,03;-0,03
28.08.2026;23:30;23:45;0,0;0,0;-0,27;-0,27;-0,05;-0,05;0,0;0,0;-0,03;-0,03;-0,15;-0,15;-0,02;-0,02;-0,01;-0,01;0,0;0,0;0,0;0,0;-0,02;-0,02;0,0;0,0;-0,01;-0,01;-0,01;-0,01;-0,02;-0,02;0,0;0,0;-0,02;-0,02;-0,03;-0,03;-0,02;-0,02;0,0;0,0;-0,01;-0,01;-0,01;-0,01;-0,01;-0,01;-0,01;-0,01;-0,01;-0,01;-0,01;-0,01;0,0;0,0;-0,02;-0,02
28.08.2026;23:45;00:00;0,0;0,0;-0,19;-0,19;-0,07;-0,07;0,0;0,0;-0,04;-0,04;-0,14;-0,14;-0,01;-0,01;-0,02;-0,02;-0,01;-0,01;0,0;0,0;-0,02;-0,02;0,0;0,0;-0,01;-0,01;-0,02;-0,02;-0,01;-0,01;0,0;0,0;-0,01;-0,01;-0,04;-0,04;-0,02;-0,02;-0,01;-0,01;-0,01;-0,01;-0,01;-0,01;-0,01;-0,01;-0,01;-0,01;0,0;0,0;-0,01;-0,01;-0,01;-0,01;-0,03;-0,03
29.08.2026;00:00;00:15;0,0;0,0;-0,19;-0,19;-0,05;-0,05;0,0;0,0;-0,02;-0,02;-0,15;-0,15;-0,01;-0,01;-0,02;-0,02;-0,01;-0,01;0,0;0,0;-0,01;-0,01;0,0;0,0;-0,01;-0,01;-0,01;-0,01;-0,01;-0,01;0,0;0,0;0,0;0,0;-0,03;-0,03;-0,02;-0,02;-0,01;-0,01;0,0;0,0;0,0;0,0;-0,01;-0,01;-0,02;-0,02;0,0;0,0;-0,01;-0,01;-0,01;-0,01;-0,02;-0,02
29.08.2026;00:15;00:30;0,0;0,0;-0,18;-0,18;-0,05;-0,05;0,0;0,0;-0,01;-0,01;-0,17;-0,17;-0,01;-0,01;-0,02;-0,02;0,0;0,0;0,0;0,0;-0,01;-0,01;0,0;0,0;-0,01;-0,01;-0,01;-0,01;-0,01;-0,01;0,0;0,0;-0,01;-0,01;-0,04;-0,04;-0,02;-0,02;0,0;0,0;-0,02;-0,02;-0,02;-0,02;0,0;0,0;-0,02;-0,02;0,0;0,0;-0,01;-0,01;0,0;0,0;-0,02;-0,02
29.08.2026;00:30;00:45;0,0;0,0;-0,19;-0,19;-0,05;-0,05;-0,01;-0,01;-0,01;-0,01;-0,15;-0,15;-0,01;-0,01;-0,02;-0,02;-0,01;-0,01;0,0;0,0;-0,02;-0,02;0,0;0,0;0,0;0,0;-0,01;-0,01;-0,02;-0,02;0,0;0,0;-0,01;-0,01;-0,02;-0,02;-0,02;-0,02;-0,01;-0,01;0,0;0,0;-0,01;-0,01;-0,02;-0,02;-0,01;-0,01;0,0;0,0;-0,01;-0,01;0,0;0,0;-0,03;-0,03
29.08.2026;00:45;01:00;0,0;0,0;-0,18;-0,18;-0,04;-0,04;0,0;0,0;-0,02;-0,02;-0,14;-0,14;-0,01;-0,01;-0,02;-0,02;0,0;0,0;0,0;0,0;-0,02;-0,02;0,0;0,0;-0,01;-0,01;-0,02;-0,02;-0,01;-0,01;0,0;0,0;-0,02;-0,02;-0,03;-0,03;-0,02;-0,02;-0,01;-0,01;-0,01;-0,01;-0,01;-0,01;-0,01;-0,01;-0,02;-0,02;0,0;0,0;-0,01;-0,01;-0,01;-0,01;-0,03;-0,03
29.08.2026;01:00;01:15;0,0;0,0;-0,18;-0,18;-0,04;-0,04;0,0;0,0;-0,01;-0,01;-0,14;-0,14;-0,01;-0,01;-0,02;-0,02;-0,01;-0,01;0,0;0,0;-0,01;-0,01;0,0;0,0;-0,02;-0,02;-0,01;-0,01;-0,01;-0,01;-0,01;-0,01;-0,01;-0,01;-0,02;-0,02;-0,02;-0,02;-0,01;-0,01;-0,01;-0,01;0,0;0,0;0,0;0,0;-0,01;-0,01;0,0;0,0;-0,01;-0,01;0,0;0,0;-0,02;-0,02
29.08.2026;01:15;01:30;0,0;0,0;-0,19;-0,19;-0,06;-0,06;0,0;0,0;-0,01;-0,01;-0,14;-0,14;-0,01;-0,01;-0,01;-0,01;0,0;0,0;0,0;0,0;-0,01;-0,01;0,0;0,0;-0,01;-0,01;-0,01;-0,01;-0,02;-0,02;0,0;0,0;-0,02;-0,02;-0,02;-0,02;-0,02;-0,02;-0,01;-0,01;0,0;0,0;-0,01;-0,01;-0,01;-0,01;-0,02;-0,02;0,0;0,0;-0,01;-0,01;-0,01;-0,01;-0,02;-0,02
29.08.2026;01:30;01:45;0,0;0,0;-0,18;-0,18;-0,05;-0,05;0,0;0,0;-0,01;-0,01;-0,13;-0,13;0,0;0,0;-0,02;-0,02;-0,01;-0,01;0,0;0,0;-0,02;-0,02;-0,01;-0,01;0,0;0,0;-0,01;-0,01;-0,01;-0,01;0,0;0,0;-0,01;-0,01;-0,03;-0,03;-0,02;-0,02;-0,01;-0,01;-0,01;-0,01;-0,02;-0,02;-0,01;-0,01;-0,01;-0,01;-0,01;-0,01;0,0;0,0;0,0;0,0;-0,02;-0,02
29.08.2026;01:45;02:00;0,0;0,0;-0,21;-0,21;-0,02;-0,02;0,0;0,0;-0,01;-0,01;-0,14;-0,14;-0,01;-0,01;-0,02;-0,02;-0,01;-0,01;0,0;0,0;-0,01;-0,01;0,0;0,0;-0,01;-0,01;-0,02;-0,02;-0,01;-0,01;0,0;0,0;-0,01;-0,01;-0,02;-0,02;-0,01;-0,01;0,0;0,0;-0,01;-0,01;0,0;0,0;-0,01;-0,01;-0,05;-0,05;0,0;0,0;-0,02;-0,02;0,0;0,0;-0,02;-0,02
29.08.2026;02:00;02:15;0,0;0,0;-0,19;-0,19;-0,04;-0,04;0,0;0,0;-0,02;-0,02;-0,15;-0,15;-0,02;-0,02;-0,02;-0,02;0,0;0,0;0,0;0,0;-0,02;-0,02;0,0;0,0;-0,01;-0,01;-0,01;-0,01;-0,02;-0,02;0,0;0,0;0,0;0,0;-0,02;-0,02;0,0;0,0;0,0;0,0;-0,01;-0,01;-0,01;-0,01;-0,01;-0,01;-0,07;-0,07;0,0;0,0;-0,01;-0,01;-0,01;-0,01;-0,03;-0,03
29.08.2026;02:15;02:30;0,0;0,0;-0,18;-0,18;-0,04;-0,04;0,0;0,0;-0,01;-0,01;-0,13;-0,13;-0,01;-0,01;-0,02;-0,02;-0,01;-0,01;0,0;0,0;-0,01;-0,01;0,0;0,0;-0,01;-0,01;-0,01;-0,01;-0,01;-0,01;0,0;0,0;-0,01;-0,01;-0,02;-0,02;-0,01;-0,01;-0,01;-0,01;0,0;0,0;-0,01;-0,01;-0,01;-0,01;-0,03;-0,03;0,0;0,0;-0,01;-0,01;-0,01;-0,01;-0,02;-0,02
29.08.2026;02:30;02:45;0,0;0,0;-0,19;-0,19;-0,03;-0,03;0,0;0,0;-0,01;-0,01;-0,03;-0,03;0,0;0,0;0,0;0,0;-0,01;-0,01;0,0;0,0;-0,01;-0,01;0,0;0,0;-0,02;-0,02;-0,01;-0,01;-0,01;-0,01;0,0;0,0;-0,02;-0,02;-0,01;-0,01;-0,01;-0,01;-0,01;-0,01;-0,01;-0,01;-0,02;-0,02;-0,01;-0,01;-0,02;-0,02;0,0;0,0;0,0;0,0;0,0;0,0;-0,02;-0,02
29.08.2026;02:45;03:00;0,0;0,0;-0,19;-0,19;-0,01;-0,01;0,0;0,0;0,0;0,0;-0,03;-0,03;-0,01;-0,01;-0,01;-0,01;0,0;0,0;0,0;0,0;-0,02;-0,02;0,0;0,0;0,0;0,0;-0,02;-0,02;-0,02;-0,02;0,0;0,0;-0,02;-0,02;-0,02;-0,02;-0,02;-0,02;0,0;0,0;-0,01;-0,01;0,0;0,0;-0,11;-0,11;-0,02;-0,02;0,0;0,0;-0,02;-0,02;0,0;0,0;-0,02;-0,02
29.08.2026;03:00;03:15;0,0;0,0;-0,19;-0,19;-0,03;-0,03;0,0;0,0;-0,02;-0,02;-0,02;-0,02;-0,01;-0,01;-0,02;-0,02;-0,01;-0,01;0,0;0,0;-0,02;-0,02;0,0;0,0;-0,01;-0,01;-0,01;-0,01;-0,01;-0,01;0,0;0,0;-0,01;-0,01;-0,01;-0,01;-0,01;-0,01;-0,01;-0,01;0,0;0,0;-0,01;-0,01;-0,03;-0,03;-0,01;-0,01;0,0;0,0;0,0;0,0;-0,01;-0,01;-0,01;-0,01
29.08.2026;03:15;03:30;0,0;0,0;-0,18;-0,18;-0,03;-0,03;0,0;0,0;-0,01;-0,01;-0,01;-0,01;-0,01;-0,01;-0,02;-0,02;0,0;0,0;0,0;0,0;-0,01;-0,01;0,0;0,0;0,0;0,0;-0,01;-0,01;-0,01;-0,01;0,0;0,0;-0,02;-0,02;-0,01;-0,01;-0,01;-0,01;-0,01;-0,01;-0,01;-0,01;-0,01;-0,01;-0,01;-0,01;-0,02;-0,02;0,0;0,0;-0,02;-0,02;-0,01;-0,01;-0,02;-0,02
29.08.2026;03:30;03:45;0,0;0,0;-0,18;-0,18;-0,03;-0,03;0,0;0,0;-0,02;-0,02;-0,01;-0,01;-0,01;-0,01;-0,02;-0,02;-0,01;-0,01;0,0;0,0;-0,02;-0,02;0,0;0,0;-0,02;-0,02;-0,01;-0,01;-0,01;-0,01;-0,01;-0,01;-0,01;-0,01;-0,02;-0,02;-0,02;-0,02;-0,01;-0,01;-0,01;-0,01;-0,01;-0,01;-0,01;-0,01;-0,01;-0,01;-0,01;-0,01;0,0;0,0;0,0;0,0;-0,02;-0,02
29.08.2026;03:45;04:00;0,0;0,0;-0,18;-0,18;-0,01;-0,01;-0,01;-0,01;0,0;0,0;-0,01;-0,01;-0,01;-0,01;-0,01;-0,01;0,0;0,0;0,0;0,0;-0,01;-0,01;0,0;0,0;-0,01;-0,01;-0,02;-0,02;-0,01;-0,01;0,0;0,0;-0,01;-0,01;-0,02;-0,02;-0,01;-0,01;-0,01;-0,01;-0,01;-0,01;-0,01;-0,01;-0,01;-0,01;-0,02;-0,02;0,0;0,0;-0,02;-0,02;0,0;0,0;-0,02;-0,02
29.08.2026;04:00;04:15;0,0;0,0;-0,19;-0,19;-0,02;-0,02;0,0;0,0;-0,01;-0,01;-0,01;-0,01;-0,01;-0,01;-0,02;-0,02;-0,01;-0,01;0,0;0,0;-0,02;-0,02;0,0;0,0;-0,01;-0,01;-0,01;-0,01;-0,03;-0,03;0,0;0,0;-0,02;-0,02;-0,03;-0,03;-0,02;-0,02;-0,01;-0,01;0,0;0,0;-0,01;-0,01;0,0;0,0;-0,01;-0,01;0,0;0,0;0,0;0,0;-0,01;-0,01;-0,03;-0,03
29.08.2026;04:15;04:30;0,0;0,0;-0,2;-0,2;-0,03;-0,03;0,0;0,0;-0,02;-0,02;-0,01;-0,01;0,0;0,0;-0,02;-0,02;0,0;0,0;-0,01;-0,01;-0,01;-0,01;0,0;0,0;0,0;0,0;-0,01;-0,01;-0,03;-0,03;0,0;0,0;-0,03;-0,03;-0,02;-0,02;0,0;0,0;-0,01;-0,01;-0,01;-0,01;-0,01;-0,01;-0,01;-0,01;-0,02;-0,02;0,0;0,0;-0,01;-0,01;0,0;0,0;-0,02;-0,02
29.08.2026;04:30;04:45;0,0;0,0;-0,18;-0,18;-0,03;-0,03;0,0;0,0;-0,01;-0,01;-0,01;-0,01;-0,01;-0,01;-0,02;-0,02;-0,01;-0,01;0,0;0,0;-0,02;-0,02;0,0;0,0;-0,01;-0,01;-0,02;-0,02;-0,01;-0,01;0,0;0,0;-0,03;-0,03;-0,02;-0,02;-0,02;-0,02;0,0;0,0;-0,01;-0,01;-0,01;-0,01;-0,01;-0,01;-0,01;-0,01;0,0;0,0;-0,01;-0,01;0,0;0,0;-0,02;-0,02
29.08.2026;04:45;05:00;0,0;0,0;-0,18;-0,18;-0,01;-0,01;0,0;0,0;-0,01;-0,01;-0,01;-0,01;-0,01;-0,01;-0,02;-0,02;-0,01;-0,01;0,0;0,0;-0,01;-0,01;0,0;0,0;-0,01;-0,01;-0,01;-0,01;-0,02;-0,02;0,0;0,0;-0,03;-0,03;-0,02;-0,02;0,0;0,0;0,0;0,0;-0,01;-0,01;-0,01;-0,01;-0,01;-0,01;-0,02;-0,02;0,0;0,0;-0,01;-0,01;-0,01;-0,01;-0,02;-0,02
29.08.2026;05:00;05:15;0,0;0,0;-0,18;-0,18;-0,02;-0,02;0,0;0,0;-0,01;-0,01;-0,01;-0,01;-0,02;-0,02;-0,01;-0,01;-0,01;-0,01;0,0;0,0;-0,01;-0,01;0,0;0,0;-0,02;-0,02;-0,01;-0,01;-0,01;-0,01;0,0;0,0;-0,02;-0,02;-0,01;-0,01;-0,01;-0,01;-0,02;-0,02;0,0;0,0;-0,01;-0,01;-0,01;-0,01;-0,01;-0,01;0,0;0,0;-0,01;-0,01;-0,01;-0,01;-0,02;-0,02
29.08.2026;05:15;05:30;0,0;0,0;-0,18;-0,18;-0,03;-0,03;0,0;0,0;-0,01;-0,01;-0,02;-0,02;0,0;0,0;-0,02;-0,02;0,0;0,0;0,0;0,0;-0,02;-0,02;0,0;0,0;0,0;0,0;-0,02;-0,02;-0,01;-0,01;0,0;0,0;-0,03;-0,03;-0,01;-0,01;0,0;0,0;0,0;0,0;-0,01;-0,01;-0,01;-0,01;-0,01;-0,01;-0,02;-0,02;0,0;0,0;-0,01;-0,01;0,0;0,0;-0,03;-0,03
29.08.2026;05:30;05:45;0,0;0,0;-0,19;-0,19;-0,02;-0,02;0,0;0,0;-0,01;-0,01;-0,01;-0,01;-0,01;-0,01;-0,02;-0,02;-0,01;-0,01;0,0;0,0;-0,01;-0,01;0,0;0,0;-0,01;-0,01;-0,01;-0,01;-0,02;-0,02;0,0;0,0;-0,03;-0,03;-0,02;-0,02;-0,01;-0,01;0,0;0,0;-0,01;-0,01;-0,01;-0,01;0,0;0,0;-0,01;-0,01;-0,01;-0,01;-0,01;-0,01;0,0;0,0;-0,02;-0,02
29.08.2026;05:45;06:00;0,0;0,0;-0,19;-0,19;-0,01;-0,01;0,0;0,0;-0,02;-0,02;-0,01;-0,01;-0,01;-0,01;-0,02;-0,02;0,0;0,0;0,0;0,0;-0,02;-0,02;0,0;0,0;0,0;0,0;-0,01;-0,01;-0,01;-0,01;0,0;0,0;-0,01;-0,01;-0,01;-0,01;0,0;0,0;-0,01;-0,01;0,0;0,0;-0,01;-0,01;-0,01;-0,01;-0,02;-0,02;0,0;0,0;0,0;0,0;-0,01;-0,01;-0,01;-0,01
29.08.2026;06:00;06:15;0,0;0,0;-0,17;-0,17;-0,02;-0,02;0,0;0,0;-0,01;-0,01;-0,01;-0,01;-0,01;-0,01;-0,02;-0,02;-0,01;-0,01;0,0;0,0;-0,01;-0,01;0,0;0,0;-0,01;-0,01;-0,01;-0,01;-0,01;-0,01;-0,01;-0,01;-0,01;-0,01;-0,02;-0,02;-0,01;-0,01;-0,01;-0,01;-0,01;-0,01;-0,01;-0,01;-0,01;-0,01;-0,01;-0,01;0,0;0,0;-0,02;-0,02;0,0;0,0;-0,01;-0,01
29.08.2026;06:15;06:30;0,0;0,0;-0,18;-0,18;-0,11;-0,11;0,0;0,0;-0,01;-0,01;-0,01;-0,01;-0,01;-0,01;-0,01;-0,01;0,0;0,0;0,0;0,0;-0,01;-0,01;0,0;0,0;-0,02;-0,02;-0,02;-0,02;-0,02;-0,02;0,0;0,0;-0,01;-0,01;-0,03;-0,03;-0,01;-0,01;-0,01;-0,01;-0,01;-0,01;-0,01;-0,01;-0,01;-0,01;-0,02;-0,02;0,0;0,0;0,0;0,0;-0,01;-0,01;-0,02;-0,02
29.08.2026;06:30;06:45;0,01;0,01;-0,19;-0,19;-0,02;-0,02;0,0;0,0;-0,01;-0,01;-0,01;-0,01;-0,01;-0,01;0,0;0,0;-0,01;-0,01;0,0;0,0;-0,02;-0,02;-0,01;-0,01;-0,01;-0,01;-0,01;-0,01;-0,01;-0,01;0,0;0,0;-0,01;-0,01;-0,02;-0,02;-0,01;-0,01;-0,01;-0,01;0,0;0,0;-0,01;-0,01;-0,01;-0,01;-0,01;-0,01;0,0;0,0;-0,02;-0,02;0,0;0,0;-0,03;-0,03
29.08.2026;06:45;07:00;0,02;0,02;-0,17;-0,17;-0,02;-0,02;0,0;0,0;-0,01;-0,01;-0,01;-0,01;0,0;0,0;-0,02;-0,02;0,0;0,0;0,0;0,0;-0,01;-0,01;0,0;0,0;0,0;0,0;-0,01;-0,01;-0,01;-0,01;0,0;0,0;-0,02;-0,02;-0,02;-0,02;0,0;0,0;-0,01;-0,01;-0,02;-0,02;-0,01;-0,01;-0,01;-0,01;-0,02;-0,02;0,0;0,0;0,0;0,0;0,0;0,0;-0,02;-0,02
29.08.2026;07:00;07:15;0,02;0,02;-0,19;-0,19;-0,03;-0,03;-0,01;-0,01;-0,02;-0,02;-0,02;-0,02;-0,01;-0,01;-0,02;-0,02;-0,01;-0,01;0,0;0,0;-0,01;-0,01;0,0;0,0;-0,01;-0,01;-0,01;-0,01;-0,01;-0,01;0,0;0,0;-0,01;-0,01;-0,1;-0,1;-0,01;-0,01;0,0;0,0;0,0;0,0;-0,01;-0,01;0,0;0,0;-0,01;-0,01;0,0;0,0;-0,02;-0,02;-0,01;-0,01;-0,03;-0,03
29.08.2026;07:15;07:30;0,03;0,03;-0,19;-0,19;-0,02;-0,02;0,0;0,0;-0,01;-0,01;0,0;0,0;-0,01;-0,01;-0,01;-0,01;-0,01;-0,01;0,0;0,0;-0,02;-0,02;0,0;0,0;-0,01;-0,01;-0,01;-0,01;-0,01;-0,01;0,0;0,0;-0,02;-0,02;-0,12;-0,12;-0,01;-0,01;-0,01;-0,01;-0,01;-0,01;-0,01;-0,01;-0,02;-0,02;-0,01;-0,01;0,0;0,0;0,0;0,0;-0,01;-0,01;-0,02;-0,02
29.08.2026;07:30;07:45;0,18;0,13;-0,17;-0,12;-0,02;-0,02;0,0;0,0;0,0;0,0;-0,02;-0,02;-0,01;-0,01;-0,02;-0,02;0,0;0,0;0,0;0,0;-0,01;-0,01;0,0;0,0;-0,02;-0,02;-0,02;-0,02;-0,02;-0,02;0,0;0,0;0,0;0,0;-0,42;-0,42;-0,01;-0,01;0,0;0,0;-0,01;-0,01;-0,01;-0,01;-0,01;-0,01;-0,01;-0,01;-0,01;-0,01;-0,02;-0,02;0,0;0,0;-0,01;-0,01
29.08.2026;07:45;08:00;0,29;0,11;-0,19;-0,14;-0,03;-0,02;0,0;0,0;-0,02;-0,01;-0,01;0,0;-0,01;0,0;-0,02;-0,01;-0,01;0,0;0,0;0,0;-0,01;0,0;0,0;0,0;0,0;0,0;-0,01;0,0;0,0;0,0;0,0;0,0;-0,01;0,0;-0,05;-0,04;0,0;0,0;-0,01;0,0;0,0;0,0;0,0;0,0;0,0;0,0;-0,02;-0,01;0,0;0,0;0,0;0,0;0,0;0,0;-0,02;-0,01
29.08.2026;08:00;08:15;0,67;0,23;-0,22;-0,07;-0,17;-0,13;0,0;0,0;-0,01;0,0;-0,01;0,0;-0,01;0,0;-0,02;0,0;0,0;0,0;0,0;0,0;-0,02;0,0;0,0;0,0;-0,01;0,0;-0,01;0,0;-0,02;0,0;0,0;0,0;0,0;0,0;-0,06;-0,02;-0,01;0,0;-0,01;0,0;-0,01;0,0;-0,01;0,0;-0,01;0,0;-0,01;0,0;0,0;0,0;-0,01;0,0;-0,01;0,0;-0,02;0,0
29.08.2026;08:15;08:30;0,86;0,32;-0,24;-0,04;-0,02;0,0;0,0;0,0;-0,04;0,0;-0,01;0,0;0,0;0,0;-0,02;0,0;0,0;0,0;0,0;0,0;-0,03;0,0;0,0;0,0;0,0;0,0;-0,01;0,0;-0,01;0,0;0,0;0,0;-0,02;0,0;-0,07;0,0;-0,01;0,0;0,0;0,0;-0,01;0,0;-0,02;0,0;-0,01;0,0;-0,02;0,0;0,0;0,0;-0,01;0,0;0,0;0,0;-0,03;0,0
29.08.2026;08:30;08:45;0,97;0,31;-0,26;-0,03;-0,03;0,0;0,0;0,0;-0,13;-0,06;-0,01;0,0;-0,01;0,0;-0,01;0,0;-0,01;0,0;0,0;0,0;-0,11;-0,04;0,0;0,0;-0,01;0,0;-0,01;0,0;-0,01;0,0;-0,01;0,0;-0,02;0,0;-0,04;0,0;-0,04;0,0;-0,01;0,0;0,0;0,0;-0,01;0,0;0,0;0,0;-0,03;0,0;0,0;0,0;-0,01;0,0;0,0;0,0;-0,02;0,0
29.08.2026;08:45;09:00;0,18;0,13;-0,2;-0,15;-0,04;-0,04;0,0;0,0;-0,13;-0,13;-0,01;-0,01;-0,01;-0,01;-0,02;-0,02;0,0;0,0;0,0;0,0;-0,04;-0,04;0,0;0,0;-0,02;-0,02;-0,02;-0,02;-0,02;-0,02;0,0;0,0;-0,01;-0,01;-0,04;-0,04;-0,02;-0,02;-0,01;-0,01;-0,01;-0,01;0,0;0,0;-0,02;-0,02;-0,03;-0,03;0,0;0,0;-0,01;-0,01;-0,01;-0,01;-0,02;-0,02
29.08.2026;09:00;09:15;0,0;0,0;-0,2;-0,2;-0,04;-0,04;0,0;0,0;-0,04;-0,04;-0,02;-0,02;-0,01;-0,01;-0,02;-0,02;-0,01;-0,01;0,0;0,0;-0,05;-0,05;0,0;0,0;-0,01;-0,01;-0,01;-0,01;-0,01;-0,01;0,0;0,0;-0,02;-0,02;-0,02;-0,02;-0,07;-0,07;-0,01;-0,01;-0,01;-0,01;-0,01;-0,01;-0,01;-0,01;-0,01;-0,01;0,0;0,0;-0,01;-0,01;-0,01;-0,01;-0,02;-0,02
29.08.2026;09:15;09:30;0,5;0,2;-0,22;-0,11;-0,05;-0,04;0,0;0,0;-0,05;-0,04;-0,01;0,0;-0,01;0,0;-0,04;-0,03;-0,01;0,0;-0,01;0,0;-0,05;-0,04;0,0;0,0;0,0;0,0;-0,01;0,0;-0,01;0,0;0,0;0,0;-0,01;0,0;-0,03;-0,02;-0,07;-0,06;-0,01;0,0;0,0;0,0;-0,01;0,0;-0,01;0,0;-0,02;-0,01;0,0;0,0;-0,01;0,0;0,0;0,0;-0,05;-0,04
29.08.2026;09:30;09:45;2,07;1,28;-0,22;0,0;-0,06;0,0;0,0;0,0;-0,05;0,0;-0,01;0,0;-0,01;0,0;-0,03;0,0;-0,01;0,0;0,0;0,0;-0,04;0,0;0,0;0,0;-0,01;0,0;-0,02;0,0;-0,01;0,0;0,0;0,0;0,0;0,0;-0,02;0,0;-0,02;0,0;-0,01;0,0;-0,02;0,0;-0,01;0,0;-0,01;0,0;-0,19;0,0;-0,01;0,0;0,0;0,0;0,0;0,0;-0,03;0,0
29.08.2026;09:45;10:00;2,4;1,56;-0,2;0,0;-0,04;0,0;0,0;0,0;-0,07;0,0;-0,01;0,0;-0,01;0,0;-0,05;0,0;-0,01;0,0;0,0;0,0;-0,04;0,0;0,0;0,0;0,0;0,0;-0,01;0,0;-0,01;0,0;0,0;0,0;-0,01;0,0;-0,03;0,0;-0,01;0,0;0,0;0,0;0,0;0,0;-0,01;0,0;-0,01;0,0;-0,27;0,0;0,0;0,0;-0,02;0,0;-0,01;0,0;-0,02;0,0
29.08.2026;10:00;10:15;2,78;1,88;-0,22;0,0;-0,06;0,0;0,0;0,0;-0,04;0,0;-0,01;0,0;-0,02;0,0;-0,27;0,0;0,0;0,0;0,0;0,0;-0,05;0,0;0,0;0,0;-0,02;0,0;-0,01;0,0;-0,02;0,0;0,0;0,0;-0,03;0,0;-0,03;0,0;-0,01;0,0;-0,01;0,0;-0,01;0,0;-0,01;0,0;-0,01;0,0;-0,04;0,0;0,0;0,0;0,0;0,0;0,0;0,0;-0,03;0,0
29.08.2026;10:15;10:30;2,76;2,06;-0,26;0,0;-0,04;0,0;0,0;0,0;-0,01;0,0;-0,01;0,0;-0,02;0,0;-0,08;0,0;-0,01;0,0;0,0;0,0;-0,05;0,0;0,0;0,0;0,0;0,0;-0,01;0,0;-0,01;0,0;0,0;0,0;-0,03;0,0;-0,02;0,0;0,0;0,0;-0,01;0,0;-0,01;0,0;-0,01;0,0;0,0;0,0;-0,04;0,0;0,0;0,0;-0,02;0,0;-0,01;0,0;-0,05;0,0
29.08.2026;10:30;10:45;2,95;1,75;-0,19;0,0;-0,05;0,0;-0,01;0,0;-0,02;0,0;-0,02;0,0;-0,01;0,0;-0,3;0,0;0,0;0,0;0,0;0,0;-0,07;0,0;0,0;0,0;-0,01;0,0;-0,01;0,0;-0,01;0,0;0,0;0,0;-0,32;0,0;-0,01;0,0;-0,01;0,0;0,0;0,0;0,0;0,0;-0,01;0,0;-0,01;0,0;-0,09;0,0;0,0;0,0;0,0;0,0;0,0;0,0;-0,05;0,0
29.08.2026;10:45;11:00;3,05;2,2;-0,2;0,0;-0,05;0,0;0,0;0,0;-0,01;0,0;0,0;0,0;-0,01;0,0;-0,08;0,0;-0,01;0,0;0,0;0,0;-0,02;0,0;0,0;0,0;-0,02;0,0;-0,02;0,0;-0,02;0,0;0,0;0,0;-0,15;0,0;-0,01;0,0;-0,01;0,0;-0,01;0,0;-0,02;0,0;-0,01;0,0;-0,01;0,0;-0,12;0,0;0,0;0,0;-0,02;0,0;0,0;0,0;-0,05;0,0
29.08.2026;11:00;11:15;3,39;2,23;-0,21;0,0;-0,05;0,0;0,0;0,0;-0,02;0,0;-0,02;0,0;-0,01;0,0;-0,08;0,0;-0,01;0,0;0,0;0,0;-0,03;0,0;0,0;0,0;-0,01;0,0;-0,01;0,0;-0,01;0,0;-0,01;0,0;-0,49;-0,05;-0,02;0,0;-0,01;0,0;0,0;0,0;0,0;0,0;-0,01;0,0;-0,01;0,0;-0,16;0,0;0,0;0,0;0,0;0,0;-0,01;0,0;-0,03;0,0
29.08.2026;11:15;11:30;2,98;1,94;-0,21;0,0;-0,04;0,0;0,0;0,0;0,0;0,0;-0,01;0,0;-0,01;0,0;-0,06;0,0;-0,01;0,0;0,0;0,0;-0,29;0,0;0,0;0,0;-0,01;0,0;-0,01;0,0;-0,02;0,0;0,0;0,0;-0,12;0,0;-0,01;0,0;-0,01;0,0;-0,01;0,0;-0,01;0,0;-0,01;0,0;-0,01;0,0;-0,14;0,0;0,0;0,0;-0,01;0,0;-0,01;0,0;-0,03;0,0
29.08.2026;11:30;11:45;3,14;2,19;-0,31;0,0;-0,04;0,0;0,0;0,0;-0,01;0,0;-0,01;0,0;0,0;0,0;-0,13;0,0;0,0;0,0;0,0;0,0;-0,11;0,0;-0,01;0,0;0,0;0,0;-0,01;0,0;-0,04;0,0;0,0;0,0;-0,04;0,0;-0,02;0,0;-0,01;0,0;-0,01;0,0;-0,01;0,0;-0,01;0,0;-0,01;0,0;-0,13;0,0;-0,01;0,0;-0,01;0,0;0,0;0,0;-0,02;0,0
29.08.2026;11:45;12:00;3,75;2,59;-0,2;0,0;-0,06;0,0;0,0;0,0;-0,02;0,0;-0,06;0,0;-0,01;0,0;-0,62;-0,11;-0,01;0,0;0,0;0,0;-0,03;0,0;0,0;0,0;-0,01;0,0;-0,02;0,0;-0,04;0,0;0,0;0,0;-0,04;0,0;-0,02;0,0;-0,01;0,0;-0,01;0,0;0,0;0,0;-0,01;0,0;-0,01;0,0;-0,07;0,0;0,0;0,0;-0,01;0,0;0,0;0,0;-0,01;0,0
29.08.2026;12:00;12:15;2,57;1,61;-0,2;0,0;-0,05;0,0;0,0;0,0;-0,01;0,0;-0,16;0,0;-0,01;0,0;-0,24;0,0;0,0;0,0;0,0;0,0;-0,03;0,0;0,0;0,0;-0,02;0,0;-0,01;0,0;-0,07;0,0;0,0;0,0;-0,03;0,0;-0,03;0,0;0,0;0,0;-0,01;0,0;-0,01;0,0;-0,01;0,0;-0,01;0,0;-0,02;0,0;0,0;0,0;-0,02;0,0;-0,01;0,0;-0,01;0,0
29.08.2026;12:15;12:30;0,53;0,18;-0,23;-0,14;-0,07;-0,05;0,0;0,0;-0,01;0,0;-0,1;-0,08;-0,01;0,0;-0,12;-0,1;-0,01;0,0;0,0;0,0;-0,42;-0,4;0,0;0,0;-0,01;0,0;-0,01;0,0;-0,07;-0,05;0,0;0,0;-0,01;0,0;-0,02;0,0;-0,01;0,0;-0,01;0,0;-0,01;0,0;-0,01;0,0;0,0;0,0;-0,02;0,0;0,0;0,0;0,0;0,0;0,0;0,0;-0,03;-0,01
29.08.2026;12:30;12:45;0,04;0,04;-0,2;-0,2;-0,05;-0,05;0,0;0,0;-0,01;-0,01;-0,08;-0,08;-0,01;-0,01;-0,1;-0,1;0,0;0,0;0,0;0,0;-0,49;-0,49;0,0;0,0;0,0;0,0;-0,01;-0,01;-0,07;-0,07;0,0;0,0;-0,01;-0,01;-0,03;-0,03;-0,01;-0,01;0,0;0,0;0,0;0,0;0,0;0,0;-0,01;-0,01;-0,03;-0,03;0,0;0,0;-0,01;-0,01;0,0;0,0;-0,02;-0,02
29.08.2026;12:45;13:00;3,8;2,7;-0,2;0,0;-0,05;0,0;0,0;0,0;-0,01;0,0;-0,07;0,0;0,0;0,0;-0,13;0,0;-0,01;0,0;0,0;0,0;-0,28;0,0;0,0;0,0;-0,01;0,0;-0,02;0,0;-0,14;0,0;0,0;0,0;-0,01;0,0;-0,03;0,0;-0,01;0,0;-0,01;0,0;-0,01;0,0;-0,01;0,0;-0,01;0,0;-0,05;0,0;0,0;0,0;-0,01;0,0;-0,01;0,0;-0,02;0,0
29.08.2026;13:00;13:15;3,98;2,54;-0,2;0,0;-0,05;0,0;0,0;0,0;-0,01;0,0;-0,09;0,0;-0,01;0,0;-0,23;0,0;-0,01;0,0;0,0;0,0;-0,49;0,0;0,0;0,0;0,0;0,0;-0,02;0,0;-0,12;0,0;0,0;0,0;-0,04;0,0;-0,04;0,0;-0,01;0,0;-0,01;0,0;-0,01;0,0;-0,02;0,0;-0,01;0,0;-0,02;0,0;0,0;0,0;-0,01;0,0;-0,01;0,0;-0,03;0,0
29.08.2026;13:15;13:30;4,02;2,55;-0,19;0,0;-0,06;0,0;0,0;0,0;-0,02;0,0;-0,08;0,0;-0,01;0,0;-0,58;-0,06;-0,01;0,0;0,0;0,0;-0,34;0,0;0,0;0,0;-0,02;0,0;-0,02;0,0;-0,06;0,0;0,0;0,0;-0,03;0,0;-0,03;0,0;0,0;0,0;0,0;0,0;0,0;0,0;-0,01;0,0;-0,01;0,0;-0,03;0,0;0,0;0,0;-0,01;0,0;0,0;0,0;-0,02;0,0
29.08.2026;13:30;13:45;4,01;2,55;-0,2;0,0;-0,11;0,0;0,0;0,0;-0,01;0,0;-0,1;0,0;-0,01;0,0;-0,46;0,0;0,0;0,0;0,0;0,0;-0,31;0,0;0,0;0,0;-0,01;0,0;-0,01;0,0;-0,08;0,0;-0,01;0,0;-0,04;0,0;-0,02;0,0;-0,01;0,0;-0,01;0,0;-0,01;0,0;0,0;0,0;-0,01;0,0;-0,02;0,0;-0,01;0,0;-0,01;0,0;0,0;0,0;-0,01;0,0
29.08.2026;13:45;14:00;3,55;2,46;-0,24;0,0;-0,04;0,0;-0,01;0,0;-0,01;0,0;-0,09;0,0;-0,01;0,0;-0,14;0,0;-0,01;0,0;0,0;0,0;-0,33;0,0;0,0;0,0;-0,01;0,0;-0,02;0,0;-0,04;0,0;0,0;0,0;-0,04;0,0;-0,02;0,0;-0,01;0,0;0,0;0,0;-0,01;0,0;-0,01;0,0;0,0;0,0;-0,02;0,0;0,0;0,0;-0,01;0,0;-0,01;0,0;-0,01;0,0
29.08.2026;14:00;14:15;3,83;3,1;-0,18;0,0;-0,06;0,0;0,0;0,0;0,0;0,0;-0,1;0,0;-0,01;0,0;-0,05;0,0;0,0;0,0;0,0;0,0;-0,11;0,0;0,0;0,0;0,0;0,0;-0,02;0,0;-0,03;0,0;0,0;0,0;-0,02;0,0;-0,02;0,0;-0,01;0,0;-0,01;0,0;-0,01;0,0;-0,01;0,0;-0,01;0,0;-0,02;0,0;0,0;0,0;-0,01;0,0;-0,01;0,0;-0,04;0,0
29.08.2026;14:15;14:30;3,43;2,67;-0,21;0,0;-0,06;0,0;0,0;0,0;-0,02;0,0;-0,1;0,0;0,0;0,0;-0,13;0,0;-0,01;0,0;-0,01;0,0;-0,01;0,0;0,0;0,0;-0,01;0,0;-0,02;0,0;-0,01;0,0;0,0;0,0;-0,01;0,0;-0,02;0,0;-0,01;0,0;-0,01;0,0;-0,01;0,0;-0,01;0,0;-0,01;0,0;-0,03;0,0;0,0;0,0;-0,01;0,0;0,0;0,0;-0,05;0,0
29.08.2026;14:30;14:45;3,9;2,69;-0,28;0,0;-0,05;0,0;0,0;0,0;-0,01;0,0;-0,08;0,0;-0,01;0,0;-0,51;0,0;0,0;0,0;0,0;0,0;-0,07;0,0;0,0;0,0;-0,02;0,0;-0,02;0,0;-0,02;0,0;0,0;0,0;-0,01;0,0;-0,03;0,0;0,0;0,0;-0,01;0,0;0,0;0,0;-0,01;0,0;-0,01;0,0;-0,02;0,0;0,0;0,0;0,0;0,0;0,0;0,0;-0,05;0,0
29.08.2026;14:45;15:00;2,51;1,47;-0,31;0,0;-0,06;0,0;0,0;0,0;-0,02;0,0;-0,08;0,0;-0,01;0,0;-0,6;-0,31;-0,01;0,0;0,0;0,0;-0,02;0,0;0,0;0,0;-0,01;0,0;-0,01;0,0;-0,01;0,0;0,0;0,0;-0,03;0,0;-0,03;0,0;-0,01;0,0;-0,01;0,0;-0,01;0,0;-0,01;0,0;-0,01;0,0;-0,02;0,0;0,0;0,0;-0,02;0,0;-0,01;0,0;-0,05;0,0
29.08.2026;15:00;15:15;2,84;1,93;-0,3;0,0;-0,04;0,0;0,0;0,0;0,0;0,0;-0,08;0,0;-0,01;0,0;-0,23;0,0;-0,01;0,0;0,0;0,0;-0,02;0,0;0,0;0,0;-0,01;0,0;-0,01;0,0;-0,02;0,0;0,0;0,0;-0,03;0,0;-0,02;0,0;-0,01;0,0;-0,01;0,0;-0,01;0,0;-0,01;0,0;-0,01;0,0;-0,03;0,0;0,0;0,0;0,0;0,0;0,0;0,0;-0,05;0,0
29.08.2026;15:15;15:30;2,15;1,32;-0,26;0,0;-0,05;0,0;0,0;0,0;-0,01;0,0;-0,08;0,0;-0,02;0,0;-0,21;0,0;0,0;0,0;0,0;0,0;-0,01;0,0;0,0;0,0;0,0;0,0;-0,01;0,0;-0,01;0,0;0,0;0,0;-0,03;0,0;-0,03;0,0;-0,01;0,0;0,0;0,0;0,0;0,0;-0,01;0,0;-0,01;0,0;-0,04;0,0;0,0;0,0;-0,02;0,0;-0,01;0,0;-0,01;0,0
29.08.2026;15:30;15:45;1,7;0,84;-0,29;0,0;-0,04;0,0;0,0;0,0;-0,01;0,0;-0,09;0,0;-0,04;0,0;-0,16;0,0;-0,01;0,0;0,0;0,0;-0,03;0,0;0,0;0,0;-0,01;0,0;-0,02;0,0;-0,01;0,0;0,0;0,0;-0,04;0,0;-0,02;0,0;-0,01;0,0;-0,01;0,0;-0,01;0,0;-0,01;0,0;-0,01;0,0;-0,02;0,0;-0,01;0,0;0,0;0,0;0,0;0,0;-0,01;0,0
29.08.2026;15:45;16:00;0,14;0,11;-0,2;-0,17;-0,05;-0,05;0,0;0,0;-0,02;-0,02;-0,11;-0,11;-0,03;-0,03;-0,16;-0,16;-0,01;-0,01;0,0;0,0;-0,02;-0,02;0,0;0,0;-0,02;-0,02;-0,01;-0,01;-0,02;-0,02;0,0;0,0;-0,01;-0,01;-0,02;-0,02;-0,01;-0,01;-0,01;-0,01;-0,01;-0,01;-0,01;-0,01;0,0;0,0;-0,04;-0,04;0,0;0,0;-0,02;-0,02;0,0;0,0;-0,02;-0,02
29.08.2026;16:00;16:15;0,0;0,0;-0,24;-0,24;-0,06;-0,06;0,0;0,0;-0,01;-0,01;-0,11;-0,11;-0,03;-0,03;-0,09;-0,09;0,0;0,0;0,0;0,0;-0,02;-0,02;0,0;0,0;-0,01;-0,01;-0,01;-0,01;-0,02;-0,02;-0,01;-0,01;-0,03;-0,03;-0,02;-0,02;0,0;0,0;0,0;0,0;-0,01;-0,01;-0,01;-0,01;-0,02;-0,02;-0,03;-0,03;0,0;0,0;0,0;0,0;-0,01;-0,01;-0,02;-0,02
29.08.2026;16:15;16:30;0,68;0,21;-0,17;-0,02;-0,02;0,0;0,0;0,0;-0,01;0,0;-0,1;-0,07;-0,03;0,0;-0,04;-0,01;-0,01;0,0;0,0;0,0;-0,02;0,0;0,0;0,0;0,0;0,0;-0,01;0,0;-0,03;0,0;0,0;0,0;-0,03;0,0;-0,01;0,0;-0,01;0,0;0,0;0,0;0,0;0,0;-0,01;0,0;-0,01;0,0;-0,02;0,0;0,0;0,0;-0,01;0,0;0,0;0,0;-0,03;0,0
29.08.2026;16:30;16:45;1,82;1,22;-0,19;0,0;-0,02;0,0;0,0;0,0;-0,01;0,0;-0,13;0,0;-0,02;0,0;-0,03;0,0;0,0;0,0;0,0;0,0;-0,02;0,0;-0,01;0,0;-0,01;0,0;-0,01;0,0;-0,02;0,0;0,0;0,0;-0,03;0,0;-0,01;0,0;-0,01;0,0;-0,01;0,0;-0,01;0,0;-0,01;0,0;0,0;0,0;-0,02;0,0;0,0;0,0;-0,01;0,0;0,0;0,0;-0,02;0,0
29.08.2026;16:45;17:00;2,08;1,47;-0,17;0,0;-0,02;0,0;0,0;0,0;-0,01;0,0;-0,13;0,0;-0,02;0,0;-0,03;0,0;-0,01;0,0;0,0;0,0;-0,02;0,0;0,0;0,0;0,0;0,0;-0,01;0,0;-0,03;0,0;0,0;0,0;-0,03;0,0;-0,02;0,0;-0,01;0,0;-0,01;0,0;-0,01;0,0;-0,01;0,0;-0,01;0,0;-0,02;0,0;0,0;0,0;-0,01;0,0;-0,01;0,0;-0,02;0,0
29.08.2026;17:00;17:15;1,84;1,13;-0,25;0,0;-0,03;0,0;-0,01;0,0;-0,02;0,0;-0,15;0,0;0,0;0,0;-0,04;0,0;0,0;0,0;0,0;0,0;-0,01;0,0;0,0;0,0;-0,02;0,0;-0,01;0,0;-0,02;0,0;0,0;0,0;-0,04;0,0;-0,02;0,0;-0,01;0,0;-0,01;0,0;-0,01;0,0;-0,01;0,0;-0,01;0,0;-0,01;0,0;0,0;0,0;-0,01;0,0;-0,01;0,0;-0,01;0,0
29.08.2026;17:15;17:30;0,7;0,22;-0,24;-0,09;-0,02;0,0;0,0;0,0;-0,01;0,0;-0,16;-0,12;-0,01;0,0;-0,03;0,0;-0,01;0,0;0,0;0,0;-0,01;0,0;0,0;0,0;-0,01;0,0;-0,05;-0,01;-0,03;0,0;0,0;0,0;-0,03;0,0;-0,03;0,0;0,0;0,0;-0,01;0,0;0,0;0,0;0,0;0,0;-0,01;0,0;-0,02;0,0;0,0;0,0;-0,01;0,0;0,0;0,0;-0,01;0,0
29.08.2026;17:30;17:45;0,78;0,23;-0,18;-0,01;-0,02;0,0;0,0;0,0;0,0;0,0;-0,17;-0,12;-0,01;0,0;-0,02;0,0;-0,01;0,0;0,0;0,0;-0,02;0,0;0,0;0,0;-0,01;0,0;-0,37;-0,32;-0,02;0,0;0,0;0,0;-0,02;0,0;-0,09;-0,04;-0,01;0,0;-0,01;0,0;-0,01;0,0;-0,01;0,0;-0,01;0,0;-0,01;0,0;-0,01;0,0;-0,01;0,0;0,0;0,0;-0,02;0,0
29.08.2026;17:45;18:00;1,0;0,35;-0,2;0,0;-0,02;0,0;0,0;0,0;-0,01;0,0;-0,1;-0,03;-0,01;0,0;-0,02;0,0;-0,01;0,0;0,0;0,0;-0,02;0,0;0,0;0,0;0,0;0,0;-0,34;-0,27;-0,03;0,0;0,0;0,0;-0,03;0,0;-0,02;0,0;-0,02;0,0;-0,01;0,0;-0,01;0,0;-0,02;0,0;-0,01;0,0;-0,02;0,0;0,0;0,0;-0,01;0,0;-0,01;0,0;-0,03;0,0
29.08.2026;18:00;18:15;0,55;0,18;-0,26;-0,17;-0,02;0,0;0,0;0,0;-0,02;0,0;-0,1;-0,08;-0,01;0,0;-0,02;0,0;0,0;0,0;0,0;0,0;-0,23;-0,21;0,0;0,0;-0,01;0,0;-0,11;-0,09;-0,02;0,0;0,0;0,0;-0,21;-0,19;-0,05;-0,03;0,0;0,0;0,0;0,0;-0,01;0,0;-0,01;0,0;-0,01;0,0;-0,01;0,0;0,0;0,0;-0,01;0,0;-0,01;0,0;-0,02;0,0
29.08.2026;18:15;18:30;0,18;0,13;-0,19;-0,14;-0,03;-0,03;0,0;0,0;-0,01;-0,01;-0,12;-0,12;-0,01;-0,01;-0,03;-0,03;-0,01;-0,01;0,0;0,0;-0,54;-0,54;0,0;0,0;-0,02;-0,02;-0,04;-0,04;-0,02;-0,02;0,0;0,0;-0,12;-0,12;-0,06;-0,06;-0,01;-0,01;-0,01;-0,01;-0,01;-0,01;0,0;0,0;-0,01;-0,01;-0,02;-0,02;0,0;0,0;0,0;0,0;0,0;0,0;-0,02;-0,02
29.08.2026;18:30;18:45;0,2;0,15;-0,2;-0,15;-0,02;-0,02;0,0;0,0;-0,02;-0,02;-0,15;-0,15;0,0;0,0;-0,03;-0,03;0,0;0,0;0,0;0,0;-0,2;-0,2;0,0;0,0;-0,01;-0,01;-0,04;-0,04;-0,03;-0,03;-0,01;-0,01;-0,04;-0,04;-0,07;-0,07;0,0;0,0;-0,01;-0,01;0,0;0,0;-0,01;-0,01;0,0;0,0;-0,01;-0,01;0,0;0,0;-0,02;-0,02;0,0;0,0;-0,01;-0,01
29.08.2026;18:45;19:00;0,14;0,11;-0,2;-0,17;-0,02;-0,02;0,0;0,0;0,0;0,0;-0,25;-0,25;-0,01;-0,01;-0,03;-0,03;-0,01;-0,01;0,0;0,0;-0,4;-0,4;0,0;0,0;0,0;0,0;-0,04;-0,04;-0,02;-0,02;0,0;0,0;-0,02;-0,02;-0,07;-0,07;-0,02;-0,02;0,0;0,0;-0,01;-0,01;-0,01;-0,01;-0,01;-0,01;-0,03;-0,03;0,0;0,0;0,0;0,0;-0,01;-0,01;-0,02;-0,02
29.08.2026;19:00;19:15;0,14;0,11;-0,17;-0,14;-0,01;-0,01;0,0;0,0;-0,01;-0,01;-0,22;-0,22;-0,01;-0,01;-0,03;-0,03;0,0;0,0;0,0;0,0;-0,06;-0,06;0,0;0,0;-0,01;-0,01;-0,04;-0,04;-0,03;-0,03;0,0;0,0;-0,01;-0,01;-0,1;-0,1;-0,01;-0,01;0,0;0,0;-0,01;-0,01;-0,01;-0,01;-0,01;-0,01;-0,08;-0,08;0,0;0,0;-0,02;-0,02;0,0;0,0;-0,01;-0,01
29.08.2026;19:15;19:30;0,04;0,04;-0,28;-0,28;-0,07;-0,07;0,0;0,0;-0,01;-0,01;-0,21;-0,21;-0,01;-0,01;-0,03;-0,03;-0,01;-0,01;-0,01;-0,01;-0,04;-0,04;0,0;0,0;0,0;0,0;-0,03;-0,03;-0,01;-0,01;0,0;0,0;-0,02;-0,02;-0,08;-0,08;0,0;0,0;-0,01;-0,01;-0,01;-0,01;-0,01;-0,01;-0,01;-0,01;-0,09;-0,09;0,0;0,0;0,0;0,0;0,0;0,0;-0,03;-0,03
29.08.2026;19:30;19:45;0,0;0,0;-0,3;-0,3;-0,09;-0,09;0,0;0,0;-0,03;-0,03;-0,19;-0,19;-0,01;-0,01;-0,03;-0,03;0,0;0,0;0,0;0,0;-0,03;-0,03;0,0;0,0;-0,02;-0,02;-0,02;-0,02;-0,01;-0,01;0,0;0,0;-0,01;-0,01;-0,08;-0,08;-0,01;-0,01;-0,01;-0,01;0,0;0,0;-0,01;-0,01;-0,01;-0,01;-0,12;-0,12;-0,01;-0,01;-0,02;-0,02;-0,01;-0,01;-0,03;-0,03
29.08.2026;19:45;20:00;0,0;0,0;-0,18;-0,18;-0,04;-0,04;0,0;0,0;-0,05;-0,05;-0,19;-0,19;-0,01;-0,01;-0,03;-0,03;-0,01;-0,01;0,0;0,0;-0,04;-0,04;0,0;0,0;-0,02;-0,02;-0,01;-0,01;-0,01;-0,01;0,0;0,0;-0,01;-0,01;-0,07;-0,07;-0,01;-0,01;-0,01;-0,01;-0,01;-0,01;-0,01;-0,01;-0,01;-0,01;-0,08;-0,08;0,0;0,0;0,0;0,0;0,0;0,0;-0,04;-0,04
29.08.2026;20:00;20:15;0,0;0,0;-0,25;-0,25;-0,01;-0,01;0,0;0,0;-0,05;-0,05;-0,22;-0,22;0,0;0,0;-0,03;-0,03;-0,01;-0,01;0,0;0,0;-0,03;-0,03;0,0;0,0;0,0;0,0;-0,01;-0,01;-0,01;-0,01;0,0;0,0;-0,01;-0,01;-0,07;-0,07;-0,01;-0,01;-0,01;-0,01;-0,01;-0,01;-0,01;-0,01;-0,01;-0,01;-0,05;-0,05;0,0;0,0;-0,01;-0,01;-0,01;-0,01;-0,05;-0,05
29.08.2026;20:15;20:30;0,0;0,0;-0,21;-0,21;-0,03;-0,03;0,0;0,0;-0,04;-0,04;-0,22;-0,22;-0,01;-0,01;-0,03;-0,03;0,0;0,0;0,0;0,0;-0,02;-0,02;0,0;0,0;0,0;0,0;-0,01;-0,01;-0,02;-0,02;0,0;0,0;-0,02;-0,02;-0,06;-0,06;-0,01;-0,01;-0,01;-0,01;0,0;0,0;-0,01;-0,01;-0,01;-0,01;-0,06;-0,06;0,0;0,0;-0,01;-0,01;0,0;0,0;-0,04;-0,04
29.08.2026;20:30;20:45;0,0;0,0;-0,34;-0,34;-0,05;-0,05;-0,01;-0,01;-0,05;-0,05;-0,16;-0,16;-0,01;-0,01;-0,09;-0,09;-0,01;-0,01;0,0;0,0;-0,03;-0,03;0,0;0,0;-0,01;-0,01;-0,01;-0,01;-0,01;-0,01;0,0;0,0;-0,02;-0,02;-0,06;-0,06;0,0;0,0;0,0;0,0;-0,01;-0,01;-0,01;-0,01;0,0;0,0;-0,05;-0,05;0,0;0,0;-0,01;-0,01;0,0;0,0;-0,03;-0,03
29.08.2026;20:45;21:00;0,0;0,0;-0,19;-0,19;-0,07;-0,07;0,0;0,0;-0,05;-0,05;-0,11;-0,11;-0,01;-0,01;-0,1;-0,1;-0,01;-0,01;0,0;0,0;-0,03;-0,03;0,0;0,0;-0,02;-0,02;-0,01;-0,01;-0,01;-0,01;0,0;0,0;-0,03;-0,03;-0,05;-0,05;-0,01;-0,01;-0,01;-0,01;-0,01;-0,01;-0,01;-0,01;-0,01;-0,01;-0,05;-0,05;0,0;0,0;-0,01;-0,01;-0,01;-0,01;-0,05;-0,05
29.08.2026;21:00;21:15;0,0;0,0;-0,21;-0,21;-0,09;-0,09;0,0;0,0;-0,04;-0,04;-0,41;-0,41;-0,01;-0,01;-0,09;-0,09;0,0;0,0;0,0;0,0;-0,05;-0,05;0,0;0,0;-0,01;-0,01;-0,01;-0,01;-0,02;-0,02;-0,01;-0,01;-0,02;-0,02;-0,05;-0,05;-0,01;-0,01;-0,01;-0,01;0,0;0,0;-0,01;-0,01;-0,02;-0,02;-0,07;-0,07;0,0;0,0;-0,01;-0,01;-0,01;-0,01;-0,05;-0,05
29.08.2026;21:15;21:30;0,0;0,0;-0,19;-0,19;-0,28;-0,28;0,0;0,0;-0,04;-0,04;-0,33;-0,33;0,0;0,0;-0,08;-0,08;-0,01;-0,01;0,0;0,0;-0,04;-0,04;0,0;0,0;-0,01;-0,01;-0,01;-0,01;0,0;0,0;0,0;0,0;-0,02;-0,02;-0,04;-0,04;-0,01;-0,01;0,0;0,0;-0,02;-0,02;-0,01;-0,01;-0,01;-0,01;-0,02;-0,02;0,0;0,0;-0,01;-0,01;0,0;0,0;-0,05;-0,05
29.08.2026;21:30;21:45;0,0;0,0;-0,2;-0,2;-0,08;-0,08;0,0;0,0;-0,03;-0,03;-0,4;-0,4;-0,01;-0,01;-0,08;-0,08;0,0;0,0;0,0;0,0;-0,03;-0,03;-0,01;-0,01;0,0;0,0;-0,01;-0,01;-0,02;-0,02;0,0;0,0;-0,02;-0,02;-0,05;-0,05;-0,01;-0,01;-0,01;-0,01;0,0;0,0;-0,01;-0,01;0,0;0,0;-0,01;-0,01;-0,01;-0,01;-0,01;-0,01;0,0;0,0;-0,03;-0,03
29.08.2026;21:45;22:00;0,0;0,0;-0,22;-0,22;-0,07;-0,07;0,0;0,0;-0,01;-0,01;-0,53;-0,53;-0,01;-0,01;-0,08;-0,08;-0,01;-0,01;0,0;0,0;-0,03;-0,03;0,0;0,0;0,0;0,0;-0,01;-0,01;-0,01;-0,01;0,0;0,0;-0,03;-0,03;-0,06;-0,06;0,0;0,0;0,0;0,0;-0,01;-0,01;-0,01;-0,01;-0,01;-0,01;-0,18;-0,18;0,0;0,0;-0,01;-0,01;-0,01;-0,01;-0,02;-0,02
29.08.2026;22:00;22:15;0,0;0,0;-0,23;-0,23;-0,07;-0,07;0,0;0,0;-0,02;-0,02;-0,31;-0,31;-0,01;-0,01;-0,09;-0,09;0,0;0,0;0,0;0,0;-0,03;-0,03;0,0;0,0;-0,02;-0,02;-0,02;-0,02;-0,1;-0,1;0,0;0,0;-0,03;-0,03;-0,05;-0,05;-0,01;-0,01;-0,01;-0,01;-0,01;-0,01;-0,01;-0,01;-0,01;-0,01;-0,14;-0,14;0,0;0,0;0,0;0,0;0,0;0,0;-0,02;-0,02
29.08.2026;22:15;22:30;0,0;0,0;-0,22;-0,22;-0,06;-0,06;0,0;0,0;-0,01;-0,01;-0,15;-0,15;-0,02;-0,02;-0,09;-0,09;-0,01;-0,01;0,0;0,0;-0,03;-0,03;0,0;0,0;-0,02;-0,02;-0,01;-0,01;-0,23;-0,23;0,0;0,0;-0,03;-0,03;-0,05;-0,05;-0,01;-0,01;-0,01;-0,01;0,0;0,0;0,0;0,0;-0,02;-0,02;-0,14;-0,14;0,0;0,0;-0,02;-0,02;-0,01;-0,01;-0,01;-0,01
29.08.2026;22:30;22:45;0,0;0,0;-0,21;-0,21;-0,06;-0,06;0,0;0,0;0,0;0,0;-0,14;-0,14;-0,03;-0,03;-0,09;-0,09;-0,01;-0,01;0,0;0,0;-0,03;-0,03;0,0;0,0;0,0;0,0;-0,01;-0,01;-0,34;-0,34;0,0;0,0;-0,02;-0,02;-0,04;-0,04;-0,01;-0,01;-0,01;-0,01;-0,01;-0,01;-0,02;-0,02;-0,03;-0,03;-0,09;-0,09;0,0;0,0;0,0;0,0;0,0;0,0;-0,03;-0,03
29.08.2026;22:45;23:00;0,0;0,0;-0,2;-0,2;-0,05;-0,05;0,0;0,0;-0,01;-0,01;-0,14;-0,14;-0,01;-0,01;-0,09;-0,09;0,0;0,0;0,0;0,0;-0,04;-0,04;0,0;0,0;-0,01;-0,01;-0,01;-0,01;-0,24;-0,24;0,0;0,0;-0,02;-0,02;-0,06;-0,06;-0,01;-0,01;-0,02;-0,02;-0,01;-0,01;-0,01;-0,01;-0,12;-0,12;-0,12;-0,12;0,0;0,0;-0,02;-0,02;-0,01;-0,01;-0,03;-0,03
29.08.2026;23:00;23:15;0,0;0,0;-0,19;-0,19;-0,05;-0,05;0,0;0,0;-0,02;-0,02;-0,15;-0,15;-0,02;-0,02;-0,09;-0,09;-0,01;-0,01;0,0;0,0;-0,04;-0,04;0,0;0,0;0,0;0,0;-0,01;-0,01;-0,12;-0,12;0,0;0,0;-0,02;-0,02;-0,04;-0,04;-0,01;-0,01;0,0;0,0;0,0;0,0;-0,01;-0,01;-0,02;-0,02;-0,08;-0,08;0,0;0,0;0,0;0,0;0,0;0,0;-0,02;-0,02
29.08.2026;23:15;23:30;0,0;0,0;-0,21;-0,21;-0,05;-0,05;0,0;0,0;-0,01;-0,01;-0,17;-0,17;-0,01;-0,01;-0,06;-0,06;-0,01;-0,01;0,0;0,0;-0,03;-0,03;0,0;0,0;-0,02;-0,02;-0,01;-0,01;-0,07;-0,07;0,0;0,0;-0,02;-0,02;-0,05;-0,05;0,0;0,0;0,0;0,0;-0,01;-0,01;0,0;0,0;-0,01;-0,01;-0,07;-0,07;0,0;0,0;-0,01;-0,01;0,0;0,0;-0,03;-0,03
29.08.2026;23:30;23:45;0,0;0,0;-0,22;-0,22;-0,32;-0,32;0,0;0,0;-0,01;-0,01;-0,17;-0,17;-0,01;-0,01;-0,02;-0,02;0,0;0,0;0,0;0,0;-0,01;-0,01;0,0;0,0;-0,01;-0,01;-0,01;-0,01;-0,07;-0,07;-0,01;-0,01;-0,02;-0,02;-0,06;-0,06;-0,01;-0,01;-0,01;-0,01;-0,01;-0,01;-0,02;-0,02;-0,01;-0,01;-0,03;-0,03;-0,01;-0,01;-0,01;-0,01;-0,01;-0,01;-0,02;-0,02
29.08.2026;23:45;00:00;0,0;0,0;-0,19;-0,19;-0,08;-0,08;-0,01;-0,01;-0,01;-0,01;-0,19;-0,19;-0,02;-0,02;-0,02;-0,02;-0,01;-0,01;0,0;0,0;-0,03;-0,03;0,0;0,0;-0,01;-0,01;-0,01;-0,01;-0,07;-0,07;0,0;0,0;-0,02;-0,02;-0,04;-0,04;-0,01;-0,01;-0,01;-0,01;0,0;0,0;-0,01;-0,01;-0,01;-0,01;-0,02;-0,02;0,0;0,0;-0,01;-0,01;0,0;0,0;-0,01;-0,01
30.08.2026;00:00;00:15;0,0;0,0;-0,2;-0,2;-0,06;-0,06;0,0;0,0;-0,01;-0,01;-0,2;-0,2;-0,01;-0,01;-0,02;-0,02;0,0;0,0;0,0;0,0;-0,01;-0,01;0,0;0,0;0,0;0,0;-0,01;-0,01;-0,07;-0,07;0,0;0,0;-0,03;-0,03;-0,02;-0,02;-0,01;-0,01;0,0;0,0;-0,02;-0,02;-0,01;-0,01;0,0;0,0;-0,02;-0,02;0,0;0,0;-0,01;-0,01;-0,01;-0,01;-0,01;-0,01
30.08.2026;00:15;00:30;0,0;0,0;-0,19;-0,19;-0,06;-0,06;0,0;0,0;-0,01;-0,01;-0,17;-0,17;-0,01;-0,01;-0,02;-0,02;-0,01;-0,01;-0,01;-0,01;-0,03;-0,03;0,0;0,0;-0,01;-0,01;-0,01;-0,01;-0,1;-0,1;0,0;0,0;0,0;0,0;-0,01;-0,01;-0,01;-0,01;-0,01;-0,01;0,0;0,0;0,0;0,0;-0,01;-0,01;-0,01;-0,01;0,0;0,0;-0,01;-0,01;0,0;0,0;-0,03;-0,03
30.08.2026;00:30;00:45;0,0;0,0;-0,21;-0,21;-0,07;-0,07;0,0;0,0;-0,01;-0,01;-0,16;-0,16;0,0;0,0;-0,02;-0,02;0,0;0,0;0,0;0,0;-0,02;-0,02;0,0;0,0;-0,01;-0,01;-0,02;-0,02;-0,11;-0,11;0,0;0,0;-0,01;-0,01;-0,02;-0,02;0,0;0,0;-0,01;-0,01;-0,01;-0,01;-0,01;-0,01;-0,01;-0,01;-0,02;-0,02;0,0;0,0;-0,01;-0,01;0,0;0,0;-0,02;-0,02
30.08.2026;00:45;01:00;0,0;0,0;-0,21;-0,21;-0,06;-0,06;0,0;0,0;-0,02;-0,02;-0,18;-0,18;-0,02;-0,02;-0,02;-0,02;-0,01;-0,01;0,0;0,0;-0,01;-0,01;0,0;0,0;-0,02;-0,02;-0,01;-0,01;-0,1;-0,1;0,0;0,0;0,0;0,0;-0,02;-0,02;-0,01;-0,01;0,0;0,0;-0,01;-0,01;-0,02;-0,02;-0,01;-0,01;-0,02;-0,02;0,0;0,0;0,0;0,0;-0,01;-0,01;-0,03;-0,03
30.08.2026;01:00;01:15;0,0;0,0;-0,18;-0,18;-0,04;-0,04;0,0;0,0;-0,03;-0,03;-0,24;-0,24;0,0;0,0;-0,02;-0,02;-0,01;-0,01;0,0;0,0;-0,02;-0,02;0,0;0,0;0,0;0,0;-0,01;-0,01;-0,09;-0,09;0,0;0,0;-0,02;-0,02;-0,03;-0,03;-0,01;-0,01;-0,02;-0,02;0,0;0,0;0,0;0,0;-0,01;-0,01;-0,01;-0,01;0,0;0,0;-0,02;-0,02;-0,01;-0,01;-0,02;-0,02
30.08.2026;01:15;01:30;0,0;0,0;-0,18;-0,18;-0,04;-0,04;0,0;0,0;-0,04;-0,04;-0,24;-0,24;-0,02;-0,02;-0,01;-0,01;-0,01;-0,01;0,0;0,0;-0,01;-0,01;0,0;0,0;-0,01;-0,01;-0,01;-0,01;-0,09;-0,09;0,0;0,0;-0,01;-0,01;-0,02;-0,02;-0,01;-0,01;-0,01;-0,01;-0,01;-0,01;-0,01;-0,01;-0,01;-0,01;-0,02;-0,02;0,0;0,0;0,0;0,0;0,0;0,0;-0,01;-0,01
30.08.2026;01:30;01:45;0,0;0,0;-0,17;-0,17;-0,04;-0,04;0,0;0,0;-0,02;-0,02;-0,24;-0,24;0,0;0,0;-0,01;-0,01;0,0;0,0;0,0;0,0;-0,02;-0,02;0,0;0,0;0,0;0,0;-0,01;-0,01;-0,08;-0,08;0,0;0,0;-0,02;-0,02;-0,03;-0,03;-0,01;-0,01;0,0;0,0;-0,01;-0,01;-0,01;-0,01;0,0;0,0;-0,01;-0,01;-0,01;-0,01;-0,02;-0,02;0,0;0,0;-0,01;-0,01
30.08.2026;01:45;02:00;0,0;0,0;-0,16;-0,16;-0,03;-0,03;0,0;0,0;-0,02;-0,02;-0,18;-0,18;-0,01;-0,01;-0,02;-0,02;-0,01;-0,01;0,0;0,0;-0,01;-0,01;0,0;0,0;-0,02;-0,02;-0,02;-0,02;-0,09;-0,09;0,0;0,0;-0,01;-0,01;-0,02;-0,02;0,0;0,0;-0,01;-0,01;0,0;0,0;-0,02;-0,02;-0,02;-0,02;-0,02;-0,02;0,0;0,0;-0,01;-0,01;-0,01;-0,01;-0,02;-0,02
30.08.2026;02:00;02:15;0,0;0,0;-0,18;-0,18;-0,03;-0,03;0,0;0,0;-0,02;-0,02;-0,14;-0,14;-0,01;-0,01;-0,02;-0,02;0,0;0,0;0,0;0,0;-0,02;-0,02;0,0;0,0;-0,02;-0,02;-0,01;-0,01;-0,07;-0,07;-0,01;-0,01;-0,02;-0,02;-0,02;-0,02;-0,02;-0,02;0,0;0,0;-0,02;-0,02;0,0;0,0;-0,01;-0,01;-0,01;-0,01;0,0;0,0;-0,01;-0,01;0,0;0,0;-0,03;-0,03
30.08.2026;02:15;02:30;0,0;0,0;-0,17;-0,17;-0,02;-0,02;0,0;0,0;-0,02;-0,02;-0,14;-0,14;-0,01;-0,01;-0,02;-0,02;-0,01;-0,01;0,0;0,0;-0,01;-0,01;0,0;0,0;0,0;0,0;-0,01;-0,01;-0,08;-0,08;0,0;0,0;0,0;0,0;-0,03;-0,03;0,0;0,0;-0,01;-0,01;0,0;0,0;-0,01;-0,01;0,0;0,0;-0,02;-0,02;0,0;0,0;0,0;0,0;-0,01;-0,01;-0,02;-0,02
30.08.2026;02:30;02:45;0,0;0,0;-0,17;-0,17;-0,02;-0,02;0,0;0,0;-0,01;-0,01;-0,12;-0,12;0,0;0,0;-0,01;-0,01;0,0;0,0;0,0;0,0;-0,02;-0,02;-0,01;-0,01;0,0;0,0;-0,01;-0,01;-0,08;-0,08;0,0;0,0;-0,01;-0,01;-0,01;-0,01;-0,01;-0,01;-0,01;-0,01;-0,01;-0,01;-0,01;-0,01;-0,01;-0,01;-0,01;-0,01;0,0;0,0;-0,01;-0,01;0,0;0,0;-0,03;-0,03
30.08.2026;02:45;03:00;0,0;0,0;-0,17;-0,17;-0,02;-0,02;0,0;0,0;0,0;0,0;-0,11;-0,11;-0,02;-0,02;-0,02;-0,02;-0,01;-0,01;0,0;0,0;-0,01;-0,01;0,0;0,0;-0,01;-0,01;-0,01;-0,01;-0,08;-0,08;0,0;0,0;0,0;0,0;-0,02;-0,02;-0,01;-0,01;0,0;0,0;-0,01;-0,01;-0,01;-0,01;-0,01;-0,01;-0,01;-0,01;0,0;0,0;-0,01;-0,01;-0,01;-0,01;-0,01;-0,01
30.08.2026;03:00;03:15;0,0;0,0;-0,17;-0,17;-0,03;-0,03;-0,01;-0,01;-0,02;-0,02;-0,12;-0,12;-0,01;-0,01;-0,02;-0,02;0,0;0,0;0,0;0,0;-0,01;-0,01;0,0;0,0;-0,01;-0,01;-0,01;-0,01;-0,09;-0,09;0,0;0,0;-0,02;-0,02;-0,01;-0,01;-0,01;-0,01;-0,01;-0,01;0,0;0,0;-0,01;-0,01;0,0;0,0;-0,02;-0,02;0,0;0,0;-0,01;-0,01;0,0;0,0;-0,01;-0,01
30.08.2026;03:15;03:30;0,0;0,0;-0,17;-0,17;-0,03;-0,03;0,0;0,0;-0,01;-0,01;-0,11;-0,11;0,0;0,0;-0,02;-0,02;-0,01;-0,01;0,0;0,0;-0,02;-0,02;0,0;0,0;-0,02;-0,02;-0,01;-0,01;-0,08;-0,08;0,0;0,0;-0,02;-0,02;-0,02;-0,02;-0,01;-0,01;-0,01;-0,01;-0,02;-0,02;-0,01;-0,01;-0,02;-0,02;-0,01;-0,01;0,0;0,0;-0,02;-0,02;0,0;0,0;-0,02;-0,02
30.08.2026;03:30;03:45;0,0;0,0;-0,17;-0,17;0,0;0,0;0,0;0,0;-0,01;-0,01;-0,08;-0,08;-0,01;-0,01;-0,02;-0,02;-0,01;-0,01;0,0;0,0;-0,01;-0,01;0,0;0,0;-0,01;-0,01;-0,01;-0,01;-0,07;-0,07;0,0;0,0;-0,01;-0,01;-0,02;-0,02;-0,01;-0,01;-0,01;-0,01;0,0;0,0;-0,01;-0,01;-0,01;-0,01;-0,01;-0,01;-0,01;-0,01;0,0;0,0;-0,01;-0,01;-0,03;-0,03
30.08.2026;03:45;04:00;0,0;0,0;-0,17;-0,17;-0,03;-0,03;0,0;0,0;-0,01;-0,01;-0,08;-0,08;-0,02;-0,02;-0,02;-0,02;-0,01;-0,01;0,0;0,0;-0,01;-0,01;0,0;0,0;0,0;0,0;-0,01;-0,01;-0,06;-0,06;0,0;0,0;-0,02;-0,02;-0,03;-0,03;0,0;0,0;-0,01;-0,01;-0,01;-0,01;-0,01;-0,01;0,0;0,0;-0,02;-0,02;0,0;0,0;-0,01;-0,01;0,0;0,0;-0,02;-0,02
30.08.2026;04:00;04:15;0,0;0,0;-0,17;-0,17;-0,03;-0,03;0,0;0,0;-0,01;-0,01;-0,07;-0,07;0,0;0,0;-0,02;-0,02;0,0;0,0;0,0;0,0;-0,02;-0,02;0,0;0,0;0,0;0,0;-0,01;-0,01;-0,03;-0,03;0,0;0,0;0,0;0,0;-0,02;-0,02;-0,01;-0,01;-0,01;-0,01;-0,01;-0,01;-0,01;-0,01;-0,01;-0,01;-0,01;-0,01;0,0;0,0;-0,01;-0,01;-0,01;-0,01;-0,02;-0,02
30.08.2026;04:15;04:30;0,0;0,0;-0,18;-0,18;-0,02;-0,02;0,0;0,0;-0,02;-0,02;-0,06;-0,06;-0,02;-0,02;-0,02;-0,02;-0,01;-0,01;0,0;0,0;-0,01;-0,01;0,0;0,0;-0,02;-0,02;-0,02;-0,02;-0,02;-0,02;0,0;0,0;-0,01;-0,01;-0,03;-0,03;-0,01;-0,01;0,0;0,0;0,0;0,0;-0,01;-0,01;-0,01;-0,01;-0,02;-0,02;0,0;0,0;-0,01;-0,01;0,0;0,0;-0,02;-0,02
30.08.2026;04:30;04:45;0,0;0,0;-0,17;-0,17;-0,01;-0,01;0,0;0,0;-0,01;-0,01;-0,02;-0,02;0,0;0,0;-0,02;-0,02;0,0;0,0;0,0;0,0;-0,02;-0,02;0,0;0,0;-0,01;-0,01;-0,01;-0,01;-0,05;-0,05;-0,01;-0,01;0,0;0,0;-0,02;-0,02;-0,01;-0,01;-0,01;-0,01;-0,01;-0,01;-0,01;-0,01;-0,01;-0,01;-0,01;-0,01;0,0;0,0;-0,01;-0,01;0,0;0,0;-0,01;-0,01
30.08.2026;04:45;05:00;0,0;0,0;-0,19;-0,19;-0,02;-0,02;0,0;0,0;0,0;0,0;-0,01;-0,01;0,0;0,0;-0,02;-0,02;-0,01;-0,01;0,0;0,0;-0,02;-0,02;0,0;0,0;-0,01;-0,01;-0,01;-0,01;-0,06;-0,06;0,0;0,0;-0,02;-0,02;-0,02;-0,02;-0,01;-0,01;0,0;0,0;-0,01;-0,01;-0,01;-0,01;-0,01;-0,01;-0,02;-0,02;0,0;0,0;-0,01;-0,01;-0,01;-0,01;-0,02;-0,02
30.08.2026;05:00;05:15;0,0;0,0;-0,19;-0,19;-0,03;-0,03;0,0;0,0;-0,01;-0,01;-0,01;-0,01;-0,01;-0,01;-0,09;-0,09;0,0;0,0;0,0;0,0;-0,01;-0,01;0,0;0,0;-0,01;-0,01;-0,01;-0,01;-0,13;-0,13;0,0;0,0;-0,01;-0,01;-0,01;-0,01;-0,01;-0,01;-0,01;-0,01;0,0;0,0;0,0;0,0;0,0;0,0;-0,01;-0,01;0,0;0,0;-0,01;-0,01;0,0;0,0;-0,02;-0,02
30.08.2026;05:15;05:30;0,0;0,0;-0,18;-0,18;-0,02;-0,02;0,0;0,0;-0,02;-0,02;-0,02;-0,02;-0,02;-0,02;-0,12;-0,12;-0,01;-0,01;-0,01;-0,01;-0,01;-0,01;0,0;0,0;0,0;0,0;-0,01;-0,01;-0,03;-0,03;0,0;0,0;-0,02;-0,02;-0,02;-0,02;0,0;0,0;-0,01;-0,01;-0,01;-0,01;-0,02;-0,02;-0,01;-0,01;-0,02;-0,02;0,0;0,0;-0,01;-0,01;-0,01;-0,01;-0,02;-0,02
30.08.2026;05:30;05:45;0,0;0,0;-0,18;-0,18;-0,02;-0,02;0,0;0,0;-0,01;-0,01;-0,01;-0,01;0,0;0,0;-0,16;-0,16;0,0;0,0;0,0;0,0;-0,02;-0,02;0,0;0,0;-0,01;-0,01;-0,01;-0,01;-0,02;-0,02;0,0;0,0;-0,01;-0,01;-0,01;-0,01;-0,01;-0,01;0,0;0,0;0,0;0,0;-0,01;-0,01;-0,01;-0,01;-0,01;-0,01;-0,01;-0,01;-0,01;-0,01;0,0;0,0;-0,03;-0,03
30.08.2026;05:45;06:00;0,0;0,0;-0,18;-0,18;-0,02;-0,02;0,0;0,0;-0,01;-0,01;-0,01;-0,01;-0,01;-0,01;-0,14;-0,14;-0,01;-0,01;0,0;0,0;-0,01;-0,01;0,0;0,0;-0,01;-0,01;-0,01;-0,01;-0,02;-0,02;0,0;0,0;-0,01;-0,01;-0,02;-0,02;-0,01;-0,01;-0,01;-0,01;-0,01;-0,01;-0,01;-0,01;-0,01;-0,01;-0,02;-0,02;0,0;0,0;-0,01;-0,01;-0,01;-0,01;-0,01;-0,01
30.08.2026;06:00;06:15;0,0;0,0;-0,17;-0,17;-0,02;-0,02;0,0;0,0;-0,01;-0,01;-0,02;-0,02;-0,01;-0,01;-0,12;-0,12;-0,01;-0,01;0,0;0,0;-0,01;-0,01;0,0;0,0;-0,02;-0,02;-0,01;-0,01;-0,03;-0,03;0,0;0,0;-0,01;-0,01;-0,02;-0,02;-0,01;-0,01;-0,01;-0,01;-0,01;-0,01;0,0;0,0;-0,01;-0,01;-0,01;-0,01;0,0;0,0;-0,01;-0,01;0,0;0,0;-0,02;-0,02
30.08.2026;06:15;06:30;0,0;0,0;-0,18;-0,18;-0,02;-0,02;0,0;0,0;-0,01;-0,01;-0,01;-0,01;-0,01;-0,01;-0,05;-0,05;0,0;0,0;0,0;0,0;-0,01;-0,01;0,0;0,0;0,0;0,0;-0,01;-0,01;-0,04;-0,04;0,0;0,0;0,0;0,0;-0,09;-0,09;-0,01;-0,01;-0,01;-0,01;0,0;0,0;-0,02;-0,02;-0,01;-0,01;-0,01;-0,01;0,0;0,0;0,0;0,0;0,0;0,0;-0,02;-0,02
30.08.2026;06:30;06:45;0,02;0,02;-0,17;-0,17;-0,03;-0,03;-0,01;-0,01;-0,01;-0,01;-0,01;-0,01;-0,01;-0,01;-0,03;-0,03;-0,01;-0,01;0,0;0,0;-0,02;-0,02;0,0;0,0;0,0;0,0;-0,01;-0,01;-0,02;-0,02;0,0;0,0;-0,01;-0,01;-0,07;-0,07;0,0;0,0;-0,01;-0,01;-0,02;-0,02;-0,01;-0,01;0,0;0,0;-0,02;-0,02;0,0;0,0;-0,02;-0,02;-0,01;-0,01;-0,03;-0,03
30.08.2026;06:45;07:00;0,06;0,06;-0,18;-0,18;-0,01;-0,01;0,0;0,0;-0,01;-0,01;-0,01;-0,01;-0,01;-0,01;-0,02;-0,02;-0,01;-0,01;0,0;0,0;-0,01;-0,01;0,0;0,0;-0,01;-0,01;-0,01;-0,01;-0,02;-0,02;0,0;0,0;-0,02;-0,02;-0,04;-0,04;-0,01;-0,01;-0,01;-0,01;0,0;0,0;0,0;0,0;-0,01;-0,01;-0,01;-0,01;0,0;0,0;0,0;0,0;-0,01;-0,01;-0,18;-0,18
30.08.2026;07:00;07:15;0,15;0,11;-0,2;-0,16;-0,02;-0,02;0,0;0,0;-0,01;-0,01;-0,01;-0,01;-0,01;-0,01;-0,02;-0,02;0,0;0,0;0,0;0,0;-0,01;-0,01;0,0;0,0;-0,02;-0,02;-0,02;-0,02;-0,02;-0,02;-0,01;-0,01;-0,02;-0,02;-0,05;-0,05;-0,01;-0,01;0,0;0,0;0,0;0,0;-0,01;-0,01;-0,01;-0,01;-0,02;-0,02;0,0;0,0;-0,01;-0,01;0,0;0,0;-0,26;-0,26
30.08.2026;07:15;07:30;0,32;0,1;-0,2;-0,18;-0,15;-0,14;0,0;0,0;-0,02;-0,01;-0,02;-0,01;-0,01;0,0;-0,02;-0,01;-0,01;0,0;0,0;0,0;-0,02;-0,01;0,0;0,0;-0,01;0,0;-0,01;0,0;-0,02;-0,01;0,0;0,0;-0,01;0,0;-0,12;-0,11;-0,01;0,0;-0,01;0,0;-0,02;-0,01;-0,01;0,0;-0,01;0,0;-0,01;0,0;0,0;0,0;-0,01;0,0;0,0;0,0;-0,1;-0,09
30.08.2026;07:30;07:45;0,6;0,19;-0,18;-0,07;-0,03;0,0;0,0;0,0;-0,04;-0,01;-0,01;0,0;0,0;0,0;-0,35;-0,32;0,0;0,0;0,0;0,0;-0,01;0,0;-0,01;0,0;-0,01;0,0;-0,01;0,0;-0,01;0,0;0,0;0,0;-0,01;0,0;-0,04;-0,01;-0,01;0,0;0,0;0,0;0,0;0,0;-0,01;0,0;-0,02;0,0;-0,01;0,0;-0,01;0,0;-0,01;0,0;-0,01;0,0;-0,06;-0,03
30.08.2026;07:45;08:00;0,59;0,2;-0,2;-0,09;-0,02;0,0;0,0;0,0;-0,03;0,0;0,0;0,0;-0,01;0,0;-0,25;-0,22;-0,01;0,0;0,0;0,0;-0,02;0,0;0,0;0,0;0,0;0,0;-0,01;0,0;-0,01;0,0;0,0;0,0;-0,01;0,0;-0,05;-0,02;0,0;0,0;-0,01;0,0;-0,01;0,0;-0,01;0,0;-0,01;0,0;-0,02;0,0;0,0;0,0;-0,01;0,0;0,0;0,0;-0,06;-0,03
30.08.2026;08:00;08:15;0,36;0,13;-0,34;-0,27;-0,26;-0,25;0,0;0,0;-0,03;-0,02;-0,02;-0,01;-0,02;-0,01;-0,03;-0,02;0,0;0,0;0,0;0,0;-0,04;-0,03;0,0;0,0;0,0;0,0;-0,01;0,0;-0,02;-0,01;0,0;0,0;0,0;0,0;-0,04;-0,03;-0,01;0,0;0,0;0,0;-0,01;0,0;-0,01;0,0;0,0;0,0;-0,01;0,0;0,0;0,0;-0,01;0,0;-0,01;0,0;-0,06;-0,05
30.08.2026;08:15;08:30;0,0;0,0;-0,19;-0,19;-0,71;-0,71;0,0;0,0;-0,03;-0,03;-0,01;-0,01;-0,02;-0,02;-0,02;-0,02;-0,01;-0,01;0,0;0,0;-0,01;-0,01;0,0;0,0;-0,02;-0,02;-0,01;-0,01;-0,01;-0,01;0,0;0,0;-0,01;-0,01;-0,05;-0,05;-0,02;-0,02;-0,01;-0,01;0,0;0,0;-0,01;-0,01;-0,01;-0,01;-0,02;-0,02;0,0;0,0;-0,01;-0,01;0,0;0,0;-0,05;-0,05
30.08.2026;08:30;08:45;0,0;0,0;-0,2;-0,2;-0,12;-0,12;0,0;0,0;-0,04;-0,04;-0,01;-0,01;0,0;0,0;-0,02;-0,02;-0,01;-0,01;0,0;0,0;-0,01;-0,01;0,0;0,0;-0,02;-0,02;-0,01;-0,01;-0,03;-0,03;0,0;0,0;-0,03;-0,03;-0,06;-0,06;0,0;0,0;-0,01;-0,01;-0,01;-0,01;-0,01;-0,01;-0,01;-0,01;-0,02;-0,02;0,0;0,0;-0,01;-0,01;0,0;0,0;-0,04;-0,04
30.08.2026;08:45;09:00;0,84;0,27;-0,29;-0,11;-0,03;0,0;0,0;0,0;-0,12;-0,06;-0,01;0,0;-0,01;0,0;-0,03;0,0;-0,01;0,0;0,0;0,0;-0,02;0,0;0,0;0,0;0,0;0,0;-0,02;0,0;-0,01;0,0;0,0;0,0;-0,02;0,0;-0,04;0,0;-0,01;0,0;-0,01;0,0;-0,01;0,0;-0,01;0,0;-0,01;0,0;-0,02;0,0;0,0;0,0;-0,01;0,0;-0,01;0,0;-0,04;0,0
30.08.2026;09:00;09:15;1,19;0,46;-0,26;0,0;-0,04;0,0;0,0;0,0;-0,03;0,0;-0,01;0,0;-0,01;0,0;-0,01;0,0;0,0;0,0;0,0;0,0;-0,01;0,0;0,0;0,0;-0,01;0,0;-0,01;0,0;-0,01;0,0;0,0;0,0;-0,02;0,0;-0,07;0,0;-0,01;0,0;-0,01;0,0;0,0;0,0;-0,01;0,0;-0,01;0,0;-0,32;-0,22;0,0;0,0;0,0;0,0;0,0;0,0;-0,12;-0,02
30.08.2026;09:15;09:30;2,01;0,96;-0,25;0,0;-0,33;-0,12;0,0;0,0;-0,09;0,0;-0,01;0,0;-0,01;0,0;-0,03;0,0;-0,01;0,0;0,0;0,0;-0,01;0,0;0,0;0,0;0,0;0,0;-0,01;0,0;-0,02;0,0;0,0;0,0;-0,02;0,0;-0,04;0,0;-0,01;0,0;-0,01;0,0;-0,02;0,0;-0,01;0,0;-0,01;0,0;-0,05;0,0;0,0;0,0;-0,02;0,0;0,0;0,0;-0,38;-0,17
30.08.2026;09:30;09:45;1,5;0,61;-0,22;0,0;-0,09;0,0;0,0;0,0;-0,04;0,0;-0,02;0,0;-0,01;0,0;-0,09;0,0;0,0;0,0;0,0;0,0;-0,03;0,0;0,0;0,0;-0,01;0,0;-0,01;0,0;-0,01;0,0;-0,01;0,0;-0,01;0,0;-0,03;0,0;-0,01;0,0;-0,01;0,0;0,0;0,0;-0,03;0,0;0,0;0,0;-0,1;0,0;-0,01;0,0;0,0;0,0;-0,01;0,0;-0,24;-0,1
30.08.2026;09:45;10:00;1,49;0,56;-0,27;0,0;-0,04;0,0;-0,01;0,0;-0,06;0,0;-0,01;0,0;-0,02;0,0;-0,08;0,0;-0,01;0,0;0,0;0,0;-0,07;0,0;0,0;0,0;-0,02;0,0;-0,01;0,0;-0,02;0,0;0,0;0,0;-0,01;0,0;-0,02;0,0;0,0;0,0;0,0;0,0;-0,01;0,0;-0,05;0,0;-0,02;0,0;-0,05;0,0;0,0;0,0;-0,02;0,0;-0,01;0,0;-0,45;-0,33
30.08.2026;10:00;10:15;1,43;0,73;-0,19;0,0;-0,03;0,0;0,0;0,0;-0,05;0,0;0,0;0,0;0,0;0,0;-0,09;0,0;0,0;0,0;0,0;0,0;-0,03;0,0;0,0;0,0;-0,01;0,0;-0,01;0,0;-0,01;0,0;0,0;0,0;-0,02;0,0;-0,01;0,0;-0,01;0,0;0,0;0,0;-0,01;0,0;-0,02;0,0;0,0;0,0;-0,07;0,0;0,0;0,0;0,0;0,0;0,0;0,0;-0,46;-0,32
30.08.2026;10:15;10:30;3,0;1,86;-0,29;0,0;-0,03;0,0;0,0;0,0;-0,01;0,0;-0,02;0,0;-0,03;0,0;-0,09;0,0;-0,01;0,0;-0,01;0,0;-0,02;0,0;0,0;0,0;0,0;0,0;-0,01;0,0;-0,01;0,0;0,0;0,0;-0,03;0,0;-0,02;0,0;-0,01;0,0;-0,02;0,0;0,0;0,0;-0,01;0,0;-0,01;0,0;-0,14;0,0;0,0;0,0;-0,01;0,0;0,0;0,0;-0,57;-0,21
30.08.2026;10:30;10:45;2,86;1,5;-0,2;0,0;-0,06;0,0;0,0;0,0;0,0;0,0;-0,01;0,0;-0,14;0,0;-0,08;0,0;-0,01;0,0;0,0;0,0;-0,26;0,0;0,0;0,0;-0,01;0,0;-0,02;0,0;-0,02;0,0;0,0;0,0;-0,02;0,0;-0,01;0,0;-0,01;0,0;0,0;0,0;-0,01;0,0;-0,01;0,0;-0,01;0,0;-0,14;0,0;0,0;0,0;-0,01;0,0;-0,01;0,0;-1,05;-0,73
30.08.2026;10:45;11:00;2,73;1,17;-0,18;0,0;-0,06;0,0;0,0;0,0;-0,02;0,0;-0,01;0,0;-0,62;-0,33;-0,09;0,0;-0,01;0,0;0,0;0,0;-0,29;0,0;0,0;0,0;-0,01;0,0;-0,01;0,0;-0,01;0,0;0,0;0,0;-0,07;0,0;-0,02;0,0;-0,01;0,0;0,0;0,0;-0,01;0,0;-0,02;0,0;-0,01;0,0;-0,14;0,0;0,0;0,0;-0,01;0,0;0,0;0,0;-0,46;-0,17
30.08.2026;11:00;11:15;3,26;1,93;-0,19;0,0;-0,01;0,0;0,0;0,0;-0,01;0,0;-0,01;0,0;-0,16;0,0;-0,08;0,0;0,0;0,0;0,0;0,0;-0,38;0,0;0,0;0,0;-0,01;0,0;-0,01;0,0;-0,01;0,0;0,0;0,0;-0,12;0,0;-0,02;0,0;0,0;0,0;-0,01;0,0;0,0;0,0;-0,01;0,0;-0,01;0,0;-0,14;0,0;0,0;0,0;-0,01;0,0;-0,01;0,0;-0,13;0,0
30.08.2026;11:15;11:30;2,93;1,88;-0,18;0,0;-0,12;0,0;0,0;0,0;-0,02;0,0;-0,01;0,0;-0,07;0,0;-0,09;0,0;-0,01;0,0;0,0;0,0;-0,47;-0,1;0,0;0,0;-0,01;0,0;-0,01;0,0;-0,02;0,0;0,0;0,0;-0,01;0,0;-0,02;0,0;-0,01;0,0;-0,01;0,0;-0,01;0,0;-0,01;0,0;-0,01;0,0;-0,01;0,0;0,0;0,0;-0,01;0,0;0,0;0,0;-0,04;0,0
30.08.2026;11:30;11:45;1,27;0,51;-0,2;0,0;-0,2;-0,1;0,0;0,0;0,0;0,0;-0,02;0,0;-0,06;0,0;-0,09;0,0;0,0;0,0;0,0;0,0;-0,22;-0,12;0,0;0,0;-0,01;0,0;-0,01;0,0;-0,01;0,0;0,0;0,0;-0,01;0,0;-0,03;0,0;-0,01;0,0;-0,01;0,0;-0,01;0,0;-0,01;0,0;0,0;0,0;-0,01;0,0;-0,01;0,0;-0,01;0,0;-0,01;0,0;-0,04;0,0
30.08.2026;11:45;12:00;0,05;0,05;-0,19;-0,19;-0,37;-0,37;0,0;0,0;-0,01;-0,01;-0,01;-0,01;-0,07;-0,07;-0,08;-0,08;-0,01;-0,01;0,0;0,0;-0,02;-0,02;0,0;0,0;0,0;0,0;-0,02;-0,02;-0,07;-0,07;0,0;0,0;-0,01;-0,01;-0,02;-0,02;-0,01;-0,01;-0,01;-0,01;-0,01;-0,01;-0,01;-0,01;-0,01;-0,01;-0,03;-0,03;0,0;0,0;0,0;0,0;0,0;0,0;-0,03;-0,03
30.08.2026;12:00;12:15;0,02;0,02;-0,21;-0,21;-0,17;-0,17;0,0;0,0;-0,02;-0,02;-0,07;-0,07;-0,3;-0,3;-0,14;-0,14;0,0;0,0;0,0;0,0;-0,01;-0,01;0,0;0,0;-0,01;-0,01;-0,01;-0,01;-0,31;-0,31;-0,01;-0,01;-0,02;-0,02;-0,03;-0,03;-0,01;-0,01;-0,01;-0,01;-0,01;-0,01;-0,01;-0,01;-0,01;-0,01;-0,03;-0,03;0,0;0,0;-0,02;-0,02;0,0;0,0;-0,02;-0,02
30.08.2026;12:15;12:30;1,67;0,61;-0,21;0,0;-0,08;0,0;0,0;0,0;-0,01;0,0;-0,14;0,0;-0,44;-0,3;-0,41;-0,27;-0,01;0,0;0,0;0,0;-0,02;0,0;0,0;0,0;-0,02;0,0;-0,02;0,0;-0,19;-0,05;0,0;0,0;-0,02;0,0;-0,02;0,0;-0,01;0,0;-0,01;0,0;0,0;0,0;-0,01;0,0;-0,01;0,0;-0,02;0,0;0,0;0,0;0,0;0,0;-0,01;0,0;-0,02;0,0
30.08.2026;12:30;12:45;2,74;1,56;-0,2;0,0;-0,07;0,0;0,0;0,0;-0,02;0,0;-0,1;0,0;-0,22;0,0;-0,28;0,0;-0,01;0,0;0,0;0,0;-0,08;0,0;-0,01;0,0;-0,01;0,0;-0,01;0,0;-0,04;0,0;0,0;0,0;-0,02;0,0;-0,02;0,0;0,0;0,0;0,0;0,0;-0,01;0,0;-0,01;0,0;-0,01;0,0;-0,02;0,0;0,0;0,0;-0,02;0,0;0,0;0,0;-0,02;0,0
30.08.2026;12:45;13:00;3,48;1,73;-0,26;0,0;-0,06;0,0;0,0;0,0;0,0;0,0;-0,41;-0,02;-0,22;0,0;-0,42;-0,03;-0,01;0,0;0,0;0,0;-0,03;0,0;0,0;0,0;0,0;0,0;-0,02;0,0;-0,21;0,0;0,0;0,0;-0,02;0,0;-0,02;0,0;-0,01;0,0;-0,01;0,0;-0,01;0,0;-0,01;0,0;-0,01;0,0;-0,03;0,0;0,0;0,0;0,0;0,0;-0,01;0,0;-0,03;0,0
30.08.2026;13:00;13:15;3,38;2,02;-0,26;0,0;-0,07;0,0;-0,01;0,0;-0,01;0,0;-0,17;0,0;-0,22;0,0;-0,23;0,0;0,0;0,0;0,0;0,0;-0,03;0,0;0,0;0,0;-0,01;0,0;-0,01;0,0;-0,22;0,0;0,0;0,0;-0,01;0,0;-0,01;0,0;-0,01;0,0;0,0;0,0;0,0;0,0;-0,01;0,0;-0,01;0,0;-0,03;0,0;0,0;0,0;-0,02;0,0;0,0;0,0;-0,02;0,0
30.08.2026;13:15;13:30;3,89;2,55;-0,19;0,0;-0,4;0,0;0,0;0,0;-0,01;0,0;-0,04;0,0;-0,08;0,0;-0,26;0,0;-0,01;0,0;0,0;0,0;-0,01;0,0;0,0;0,0;-0,04;0,0;-0,01;0,0;-0,07;0,0;0,0;0,0;0,0;0,0;-0,02;0,0;-0,01;0,0;-0,01;0,0;-0,02;0,0;-0,01;0,0;0,0;0,0;-0,13;0,0;0,0;0,0;0,0;0,0;0,0;0,0;-0,02;0,0
30.08.2026;13:30;13:45;3,3;1,72;-0,27;0,0;-0,16;0,0;0,0;0,0;-0,02;0,0;-0,07;0,0;-0,19;0,0;-0,18;0,0;-0,01;0,0;0,0;0,0;-0,02;0,0;0,0;0,0;-0,52;-0,16;-0,01;0,0;-0,09;0,0;0,0;0,0;-0,01;0,0;-0,05;0,0;-0,01;0,0;0,0;0,0;0,0;0,0;-0,01;0,0;-0,02;0,0;-0,06;0,0;-0,01;0,0;-0,01;0,0;-0,01;0,0;-0,01;0,0
30.08.2026;13:45;14:00;3,51;2,15;-0,22;0,0;-0,03;0,0;0,0;0,0;-0,01;0,0;-0,19;0,0;-0,18;0,0;-0,15;0,0;0,0;0,0;0,0;0,0;-0,03;0,0;0,0;0,0;-0,06;0,0;-0,01;0,0;-0,28;0,0;0,0;0,0;-0,03;0,0;-0,08;0,0;0,0;0,0;-0,01;0,0;-0,01;0,0;0,0;0,0;0,0;0,0;-0,03;0,0;0,0;0,0;-0,01;0,0;-0,01;0,0;-0,02;0,0
30.08.2026;14:00;14:15;2,97;1,29;-0,21;0,0;-0,05;0,0;0,0;0,0;-0,01;0,0;-0,7;-0,39;-0,36;-0,05;-0,46;-0,15;-0,01;0,0;0,0;0,0;-0,04;0,0;0,0;0,0;-0,03;0,0;-0,01;0,0;-0,13;0,0;0,0;0,0;-0,03;0,0;-0,06;0,0;-0,01;0,0;-0,01;0,0;-0,01;0,0;-0,02;0,0;-0,01;0,0;-0,07;0,0;0,0;0,0;-0,01;0,0;0,0;0,0;-0,03;0,0
30.08.2026;14:15;14:30;2,81;1,26;-0,18;0,0;-0,06;0,0;0,0;0,0;-0,01;0,0;-0,82;-0,53;-0,14;0,0;-0,21;0,0;-0,01;0,0;0,0;0,0;-0,49;-0,2;0,0;0,0;-0,02;0,0;-0,02;0,0;-0,07;0,0;0,0;0,0;-0,03;0,0;-0,07;0,0;-0,02;0,0;-0,01;0,0;0,0;0,0;-0,01;0,0;-0,01;0,0;-0,06;0,0;0,0;0,0;-0,01;0,0;0,0;0,0;-0,03;0,0
30.08.2026;14:30;14:45;1,72;0,7;-0,2;0,0;-0,04;0,0;0,0;0,0;-0,01;0,0;-0,17;-0,02;-0,04;0,0;-0,12;0,0;0,0;0,0;0,0;0,0;-0,06;0,0;0,0;0,0;-0,03;0,0;-0,01;0,0;-0,08;0,0;-0,01;0,0;-0,01;0,0;-0,06;0,0;0,0;0,0;-0,01;0,0;-0,01;0,0;-0,01;0,0;-0,01;0,0;-0,11;0,0;0,0;0,0;-0,01;0,0;-0,01;0,0;-0,03;0,0
30.08.2026;14:45;15:00;2,0;0,76;-0,33;0,0;-0,05;0,0;0,0;0,0;-0,02;0,0;-0,2;-0,02;-0,01;0,0;-0,11;0,0;-0,01;0,0;0,0;0,0;-0,17;0,0;0,0;0,0;-0,04;0,0;-0,01;0,0;-0,08;0,0;0,0;0,0;-0,03;0,0;-0,06;0,0;-0,01;0,0;-0,01;0,0;-0,01;0,0;0,0;0,0;-0,01;0,0;-0,05;0,0;0,0;0,0;-0,01;0,0;0,0;0,0;-0,04;0,0
30.08.2026;15:00;15:15;1,43;0,39;-0,24;0,0;-0,05;0,0;0,0;0,0;-0,03;0,0;-0,52;-0,41;-0,01;0,0;-0,11;0,0;0,0;0,0;0,0;0,0;-0,27;-0,16;0,0;0,0;-0,03;0,0;-0,04;0,0;-0,19;-0,08;0,0;0,0;0,0;0,0;-0,07;0,0;0,0;0,0;0,0;0,0;0,0;0,0;-0,01;0,0;-0,01;0,0;-0,04;0,0;0,0;0,0;-0,01;0,0;-0,01;0,0;-0,05;0,0
30.08.2026;15:15;15:30;0,24;0,18;-0,27;-0,21;-0,06;-0,06;0,0;0,0;-0,96;-0,96;-0,3;-0,3;-0,02;-0,02;-0,09;-0,09;-0,01;-0,01;-0,01;-0,01;-0,03;-0,03;0,0;0,0;-0,02;-0,02;-0,11;-0,11;-0,08;-0,08;0,0;0,0;-0,01;-0,01;-0,07;-0,07;-0,02;-0,02;-0,01;-0,01;-0,02;-0,02;-0,02;-0,02;-0,01;-0,01;-0,11;-0,11;0,0;0,0;-0,01;-0,01;0,0;0,0;-0,02;-0,02
30.08.2026;15:30;15:45;0,0;0,0;-0,19;-0,19;-0,06;-0,06;0,0;0,0;-0,36;-0,36;-0,26;-0,26;-0,02;-0,02;-0,07;-0,07;0,0;0,0;0,0;0,0;-0,02;-0,02;0,0;0,0;-0,02;-0,02;-0,35;-0,35;-0,09;-0,09;0,0;0,0;0,0;0,0;-0,06;-0,06;-0,01;-0,01;-0,01;-0,01;0,0;0,0;0,0;0,0;0,0;0,0;-0,11;-0,11;-0,01;-0,01;0,0;0,0;-0,01;-0,01;-0,02;-0,02
30.08.2026;15:45;16:00;2,32;1,15;-0,21;0,0;-0,06;0,0;0,0;0,0;-0,04;0,0;-0,26;-0,01;-0,01;0,0;-0,06;0,0;0,0;0,0;0,0;0,0;-0,01;0,0;0,0;0,0;-0,05;0,0;-0,08;0,0;-0,17;0,0;0,0;0,0;-0,01;0,0;-0,06;0,0;0,0;0,0;0,0;0,0;-0,01;0,0;-0,01;0,0;-0,01;0,0;-0,09;0,0;0,0;0,0;-0,02;0,0;0,0;0,0;-0,02;0,0
30.08.2026;16:00;16:15;2,5;1,08;-0,23;0,0;-0,03;0,0;0,0;0,0;-0,44;-0,19;-0,61;-0,36;-0,02;0,0;-0,06;0,0;-0,01;0,0;0,0;0,0;-0,04;0,0;0,0;0,0;-0,05;0,0;-0,05;0,0;-0,18;0,0;0,0;0,0;-0,02;0,0;-0,06;0,0;-0,01;0,0;-0,01;0,0;-0,01;0,0;-0,01;0,0;-0,01;0,0;-0,09;0,0;0,0;0,0;0,0;0,0;0,0;0,0;-0,03;0,0
30.08.2026;16:15;16:30;2,29;0,92;-0,27;0,0;-0,02;0,0;0,0;0,0;-0,18;0,0;-0,44;-0,21;0,0;0,0;-0,06;0,0;-0,01;0,0;0,0;0,0;-0,02;0,0;0,0;0,0;-0,01;0,0;-0,01;0,0;-0,21;0,0;0,0;0,0;-0,01;0,0;-0,06;0,0;-0,01;0,0;0,0;0,0;0,0;0,0;-0,01;0,0;-0,01;0,0;-0,03;0,0;0,0;0,0;-0,19;0,0;-0,01;0,0;-0,02;0,0
30.08.2026;16:30;16:45;1,82;0,77;-0,18;0,0;-0,03;0,0;-0,01;0,0;-0,39;-0,22;-0,16;0,0;-0,01;0,0;-0,04;0,0;-0,01;0,0;0,0;0,0;-0,03;0,0;0,0;0,0;0,0;0,0;-0,01;0,0;-0,21;-0,04;0,0;0,0;-0,02;0,0;-0,07;0,0;-0,01;0,0;-0,01;0,0;-0,01;0,0;-0,01;0,0;-0,01;0,0;-0,03;0,0;0,0;0,0;-0,04;0,0;0,0;0,0;-0,02;0,0
30.08.2026;16:45;17:00;1,79;0,82;-0,21;0,0;-0,03;0,0;0,0;0,0;-0,09;0,0;-0,12;0,0;-0,01;0,0;-0,05;0,0;-0,01;0,0;0,0;0,0;-0,03;0,0;0,0;0,0;-0,02;0,0;-0,01;0,0;-0,21;-0,04;0,0;0,0;-0,01;0,0;-0,06;0,0;-0,01;0,0;-0,01;0,0;-0,01;0,0;-0,01;0,0;-0,01;0,0;-0,02;0,0;0,0;0,0;-0,05;0,0;-0,01;0,0;-0,02;0,0
30.08.2026;17:00;17:15;1,63;0,69;-0,26;0,0;-0,02;0,0;0,0;0,0;-0,06;0,0;-0,13;0,0;-0,01;0,0;-0,06;0,0;0,0;0,0;0,0;0,0;-0,02;0,0;0,0;0,0;-0,01;0,0;-0,01;0,0;-0,21;-0,07;-0,01;0,0;-0,01;0,0;-0,05;0,0;0,0;0,0;-0,01;0,0;0,0;0,0;-0,02;0,0;-0,01;0,0;-0,05;0,0;0,0;0,0;-0,04;0,0;0,0;0,0;-0,02;0,0
30.08.2026;17:15;17:30;1,41;0,52;-0,2;0,0;-0,01;0,0;0,0;0,0;-0,08;0,0;-0,14;-0,04;-0,01;0,0;-0,05;0,0;-0,01;0,0;0,0;0,0;-0,03;0,0;0,0;0,0;-0,01;0,0;-0,05;0,0;-0,21;-0,11;0,0;0,0;-0,02;0,0;-0,06;0,0;-0,01;0,0;-0,01;0,0;-0,02;0,0;-0,03;0,0;-0,01;0,0;-0,01;0,0;0,0;0,0;-0,04;0,0;0,0;0,0;-0,03;0,0
30.08.2026;17:30;17:45;1,18;0,32;-0,2;0,0;-0,03;0,0;0,0;0,0;-0,07;0,0;-0,09;0,0;-0,01;0,0;-0,06;0,0;0,0;0,0;0,0;0,0;-0,03;0,0;-0,01;0,0;-0,01;0,0;-0,07;0,0;-0,1;-0,01;0,0;0,0;-0,01;0,0;-0,06;0,0;-0,01;0,0;-0,01;0,0;0,0;0,0;-0,02;0,0;0,0;0,0;-0,02;0,0;-0,01;0,0;-0,02;0,0;-0,01;0,0;-0,02;0,0
30.08.2026;17:45;18:00;0,98;0,24;-0,23;-0,04;-0,02;0,0;0,0;0,0;-0,06;0,0;-0,08;-0,02;0,0;0,0;-0,06;0,0;-0,01;0,0;0,0;0,0;-0,02;0,0;0,0;0,0;0,0;0,0;-0,07;-0,01;-0,07;-0,01;0,0;0,0;-0,02;0,0;-0,05;0,0;-0,01;0,0;0,0;0,0;-0,01;0,0;-0,01;0,0;-0,02;0,0;-0,02;0,0;0,0;0,0;-0,03;0,0;-0,01;0,0;-0,02;0,0
30.08.2026;18:00;18:15;0,54;0,15;-0,25;-0,16;-0,03;-0,01;0,0;0,0;-0,07;-0,05;-0,08;-0,06;-0,01;0,0;-0,06;-0,04;-0,01;0,0;0,0;0,0;-0,02;0,0;0,0;0,0;-0,02;0,0;-0,06;-0,04;-0,06;-0,04;0,0;0,0;-0,01;0,0;-0,06;-0,04;-0,01;0,0;-0,01;0,0;-0,01;0,0;-0,01;0,0;-0,01;0,0;-0,07;-0,05;0,0;0,0;0,0;0,0;0,0;0,0;-0,02;0,0
30.08.2026;18:15;18:30;0,32;0,11;-0,26;-0,22;-0,01;0,0;0,0;0,0;-0,12;-0,11;-0,13;-0,12;-0,02;-0,01;-0,05;-0,04;0,0;0,0;0,0;0,0;-0,03;-0,02;0,0;0,0;-0,37;-0,36;-0,05;-0,04;-0,06;-0,05;0,0;0,0;-0,01;0,0;-0,06;-0,05;-0,01;0,0;-0,04;-0,03;0,0;0,0;-0,02;-0,01;0,0;0,0;-0,02;-0,01;0,0;0,0;-0,01;0,0;0,0;0,0;-0,01;0,0
30.08.2026;18:30;18:45;0,29;0,07;-0,2;-0,18;-0,02;-0,01;0,0;0,0;-0,07;-0,06;-0,13;-0,12;-0,01;0,0;-0,03;-0,02;-0,01;0,0;0,0;0,0;-0,03;-0,02;0,0;0,0;-0,12;-0,11;-0,05;-0,04;-0,03;-0,02;0,0;0,0;-0,01;0,0;-0,05;-0,04;0,0;0,0;-0,02;-0,01;-0,01;0,0;-0,01;0,0;-0,01;0,0;-0,05;-0,04;0,0;0,0;-0,01;0,0;-0,01;0,0;-0,02;-0,01
30.08.2026;18:45;19:00;0,05;0,05;-0,2;-0,2;-0,02;-0,02;0,0;0,0;-0,05;-0,05;-0,13;-0,13;0,0;0,0;-0,04;-0,04;0,0;0,0;0,0;0,0;-0,02;-0,02;0,0;0,0;-0,23;-0,23;-0,05;-0,05;-0,02;-0,02;0,0;0,0;-0,02;-0,02;-0,06;-0,06;-0,01;-0,01;-0,02;-0,02;-0,01;-0,01;-0,03;-0,03;-0,01;-0,01;-0,09;-0,09;0,0;0,0;-0,01;-0,01;0,0;0,0;-0,02;-0,02
30.08.2026;19:00;19:15;0,0;0,0;-0,2;-0,2;-0,03;-0,03;0,0;0,0;-0,04;-0,04;-0,1;-0,1;-0,01;-0,01;-0,03;-0,03;-0,01;-0,01;0,0;0,0;-0,02;-0,02;0,0;0,0;-0,33;-0,33;-0,05;-0,05;-0,03;-0,03;0,0;0,0;-0,02;-0,02;-0,06;-0,06;-0,01;-0,01;-0,01;-0,01;0,0;0,0;-0,01;-0,01;-0,01;-0,01;-0,09;-0,09;0,0;0,0;-0,01;-0,01;-0,01;-0,01;-0,02;-0,02
30.08.2026;19:15;19:30;0,0;0,0;-0,17;-0,17;-0,02;-0,02;0,0;0,0;-0,03;-0,03;-0,13;-0,13;-0,01;-0,01;-0,03;-0,03;-0,01;-0,01;0,0;0,0;-0,11;-0,11;0,0;0,0;-0,16;-0,16;-0,04;-0,04;-0,02;-0,02;0,0;0,0;-0,05;-0,05;-0,06;-0,06;-0,01;-0,01;0,0;0,0;-0,02;-0,02;-0,01;-0,01;-0,01;-0,01;-0,09;-0,09;0,0;0,0;-0,01;-0,01;0,0;0,0;-0,03;-0,03
30.08.2026;19:30;19:45;0,01;0,01;-0,22;-0,22;-0,01;-0,01;0,0;0,0;-0,03;-0,03;-0,2;-0,2;-0,02;-0,02;-0,03;-0,03;0,0;0,0;0,0;0,0;-0,23;-0,23;0,0;0,0;-0,12;-0,12;-0,05;-0,05;-0,02;-0,02;-0,01;-0,01;-0,04;-0,04;-0,05;-0,05;-0,01;-0,01;-0,01;-0,01;0,0;0,0;-0,03;-0,03;-0,01;-0,01;-0,08;-0,08;-0,01;-0,01;-0,01;-0,01;-0,01;-0,01;-0,02;-0,02
30.08.2026;19:45;20:00;0,0;0,0;-0,21;-0,21;-0,03;-0,03;-0,01;-0,01;-0,04;-0,04;-0,14;-0,14;-0,07;-0,07;-0,03;-0,03;-0,01;-0,01;0,0;0,0;-0,05;-0,05;0,0;0,0;-0,03;-0,03;-0,04;-0,04;-0,04;-0,04;0,0;0,0;-0,04;-0,04;-0,05;-0,05;-0,01;-0,01;-0,01;-0,01;-0,01;-0,01;-0,04;-0,04;-0,01;-0,01;-0,07;-0,07;0,0;0,0;-0,01;-0,01;0,0;0,0;-0,02;-0,02
30.08.2026;20:00;20:15;0,0;0,0;-0,29;-0,29;-0,11;-0,11;0,0;0,0;-0,04;-0,04;-0,15;-0,15;-0,03;-0,03;-0,03;-0,03;0,0;0,0;0,0;0,0;-0,03;-0,03;0,0;0,0;-0,02;-0,02;-0,05;-0,05;-0,03;-0,03;0,0;0,0;-0,03;-0,03;-0,07;-0,07;0,0;0,0;0,0;0,0;-0,01;-0,01;-0,03;-0,03;-0,01;-0,01;-0,07;-0,07;0,0;0,0;-0,01;-0,01;0,0;0,0;-0,02;-0,02
30.08.2026;20:15;20:30;0,0;0,0;-0,2;-0,2;-0,06;-0,06;0,0;0,0;-0,06;-0,06;-0,14;-0,14;-0,04;-0,04;-0,02;-0,02;-0,01;-0,01;-0,01;-0,01;-0,03;-0,03;0,0;0,0;-0,01;-0,01;-0,05;-0,05;-0,03;-0,03;0,0;0,0;-0,03;-0,03;-0,06;-0,06;-0,01;-0,01;-0,01;-0,01;0,0;0,0;-0,06;-0,06;-0,01;-0,01;-0,2;-0,2;0,0;0,0;-0,01;-0,01;-0,01;-0,01;-0,04;-0,04
30.08.2026;20:30;20:45;0,0;0,0;-0,18;-0,18;-0,04;-0,04;0,0;0,0;-0,05;-0,05;-0,14;-0,14;-0,03;-0,03;-0,02;-0,02;-0,01;-0,01;0,0;0,0;-0,03;-0,03;0,0;0,0;0,0;0,0;-0,05;-0,05;-0,02;-0,02;0,0;0,0;-0,02;-0,02;-0,06;-0,06;-0,01;-0,01;0,0;0,0;-0,01;-0,01;-0,06;-0,06;-0,01;-0,01;-0,14;-0,14;0,0;0,0;-0,01;-0,01;-0,01;-0,01;-0,05;-0,05
30.08.2026;20:45;21:00;0,0;0,0;-0,18;-0,18;-0,04;-0,04;0,0;0,0;-0,04;-0,04;-0,11;-0,11;-0,04;-0,04;-0,03;-0,03;0,0;0,0;0,0;0,0;-0,03;-0,03;0,0;0,0;-0,02;-0,02;-0,04;-0,04;-0,02;-0,02;0,0;0,0;-0,02;-0,02;-0,07;-0,07;-0,01;-0,01;-0,02;-0,02;-0,01;-0,01;-0,07;-0,07;-0,01;-0,01;-0,15;-0,15;0,0;0,0;0,0;0,0;0,0;0,0;-0,03;-0,03
30.08.2026;21:00;21:15;0,0;0,0;-0,19;-0,19;-0,03;-0,03;0,0;0,0;-0,05;-0,05;-0,12;-0,12;-0,04;-0,04;-0,03;-0,03;-0,01;-0,01;0,0;0,0;-0,02;-0,02;0,0;0,0;-0,02;-0,02;-0,04;-0,04;-0,01;-0,01;0,0;0,0;-0,04;-0,04;-0,07;-0,07;-0,01;-0,01;0,0;0,0;-0,01;-0,01;-0,05;-0,05;-0,01;-0,01;-0,14;-0,14;0,0;0,0;-0,02;-0,02;0,0;0,0;-0,02;-0,02
30.08.2026;21:15;21:30;0,0;0,0;-0,21;-0,21;-0,02;-0,02;0,0;0,0;-0,05;-0,05;-0,11;-0,11;-0,03;-0,03;-0,04;-0,04;-0,01;-0,01;0,0;0,0;-0,03;-0,03;0,0;0,0;-0,52;-0,52;-0,03;-0,03;-0,02;-0,02;0,0;0,0;-0,04;-0,04;-0,09;-0,09;0,0;0,0;0,0;0,0;-0,01;-0,01;-0,04;-0,04;-0,01;-0,01;-0,18;-0,18;0,0;0,0;0,0;0,0;-0,01;-0,01;-0,03;-0,03
30.08.2026;21:30;21:45;0,0;0,0;-0,2;-0,2;-0,03;-0,03;0,0;0,0;-0,04;-0,04;-0,13;-0,13;-0,04;-0,04;-0,05;-0,05;0,0;0,0;0,0;0,0;-0,04;-0,04;0,0;0,0;-0,49;-0,49;-0,04;-0,04;-0,02;-0,02;0,0;0,0;-0,04;-0,04;-0,07;-0,07;-0,02;-0,02;-0,01;-0,01;0,0;0,0;-0,03;-0,03;0,0;0,0;-0,1;-0,1;-0,01;-0,01;-0,02;-0,02;0,0;0,0;-0,03;-0,03
30.08.2026;21:45;22:00;0,0;0,0;-0,18;-0,18;-0,03;-0,03;0,0;0,0;-0,04;-0,04;-0,13;-0,13;-0,03;-0,03;-0,07;-0,07;-0,01;-0,01;0,0;0,0;-0,03;-0,03;0,0;0,0;-0,02;-0,02;-0,04;-0,04;-0,02;-0,02;0,0;0,0;-0,03;-0,03;-0,05;-0,05;0,0;0,0;-0,02;-0,02;-0,01;-0,01;-0,03;-0,03;-0,01;-0,01;-0,12;-0,12;0,0;0,0;0,0;0,0;-0,01;-0,01;-0,02;-0,02
30.08.2026;22:00;22:15;0,0;0,0;-0,18;-0,18;-0,04;-0,04;0,0;0,0;-0,04;-0,04;-0,13;-0,13;-0,02;-0,02;-0,07;-0,07;0,0;0,0;0,0;0,0;-0,03;-0,03;0,0;0,0;-0,01;-0,01;-0,03;-0,03;-0,03;-0,03;-0,01;-0,01;-0,02;-0,02;-0,05;-0,05;-0,01;-0,01;-0,01;-0,01;-0,01;-0,01;-0,03;-0,03;-0,02;-0,02;-0,13;-0,13;0,0;0,0;-0,02;-0,02;0,0;0,0;-0,02;-0,02
30.08.2026;22:15;22:30;0,0;0,0;-0,18;-0,18;-0,03;-0,03;0,0;0,0;-0,04;-0,04;-0,15;-0,15;-0,01;-0,01;-0,02;-0,02;-0,01;-0,01;0,0;0,0;-0,02;-0,02;0,0;0,0;-0,03;-0,03;-0,04;-0,04;-0,22;-0,22;0,0;0,0;-0,03;-0,03;-0,06;-0,06;-0,01;-0,01;-0,01;-0,01;0,0;0,0;-0,02;-0,02;-0,02;-0,02;-0,13;-0,13;0,0;0,0;0,0;0,0;0,0;0,0;-0,03;-0,03
30.08.2026;22:30;22:45;0,0;0,0;-0,16;-0,16;-0,03;-0,03;0,0;0,0;-0,04;-0,04;-0,13;-0,13;-0,02;-0,02;-0,03;-0,03;-0,01;-0,01;0,0;0,0;-0,02;-0,02;-0,01;-0,01;-0,03;-0,03;-0,03;-0,03;-0,08;-0,08;0,0;0,0;-0,02;-0,02;-0,05;-0,05;-0,01;-0,01;0,0;0,0;-0,01;-0,01;-0,03;-0,03;-0,02;-0,02;-0,13;-0,13;0,0;0,0;-0,02;-0,02;-0,01;-0,01;-0,02;-0,02
30.08.2026;22:45;23:00;0,0;0,0;-0,2;-0,2;-0,02;-0,02;0,0;0,0;-0,04;-0,04;-0,13;-0,13;-0,01;-0,01;-0,03;-0,03;0,0;0,0;0,0;0,0;-0,02;-0,02;0,0;0,0;0,0;0,0;-0,03;-0,03;-0,08;-0,08;0,0;0,0;-0,03;-0,03;-0,05;-0,05;-0,01;-0,01;0,0;0,0;-0,01;-0,01;-0,04;-0,04;-0,05;-0,05;-0,12;-0,12;0,0;0,0;-0,02;-0,02;0,0;0,0;-0,02;-0,02
30.08.2026;23:00;23:15;0,0;0,0;-0,35;-0,35;-0,03;-0,03;-0,01;-0,01;-0,04;-0,04;-0,12;-0,12;-0,01;-0,01;-0,02;-0,02;-0,01;-0,01;0,0;0,0;-0,02;-0,02;0,0;0,0;0,0;0,0;-0,01;-0,01;-0,09;-0,09;0,0;0,0;-0,03;-0,03;-0,03;-0,03;-0,01;-0,01;-0,08;-0,08;0,0;0,0;-0,03;-0,03;-0,06;-0,06;-0,09;-0,09;0,0;0,0;-0,04;-0,04;-0,01;-0,01;-0,01;-0,01
30.08.2026;23:15;23:30;0,0;0,0;-0,19;-0,19;-0,04;-0,04;0,0;0,0;-0,04;-0,04;-0,14;-0,14;-0,01;-0,01;-0,02;-0,02;0,0;0,0;0,0;0,0;-0,02;-0,02;0,0;0,0;-0,01;-0,01;-0,02;-0,02;-0,09;-0,09;0,0;0,0;-0,01;-0,01;-0,01;-0,01;0,0;0,0;-0,08;-0,08;-0,01;-0,01;-0,04;-0,04;-0,02;-0,02;-0,08;-0,08;0,0;0,0;-0,02;-0,02;0,0;0,0;-0,02;-0,02
30.08.2026;23:30;23:45;0,0;0,0;-0,18;-0,18;-0,02;-0,02;0,0;0,0;-0,04;-0,04;-0,14;-0,14;-0,01;-0,01;-0,02;-0,02;-0,01;-0,01;0,0;0,0;-0,01;-0,01;0,0;0,0;-0,02;-0,02;-0,01;-0,01;-0,1;-0,1;0,0;0,0;-0,01;-0,01;-0,02;-0,02;-0,01;-0,01;-0,04;-0,04;-0,01;-0,01;-0,02;-0,02;-0,02;-0,02;-0,03;-0,03;-0,01;-0,01;-0,01;-0,01;-0,01;-0,01;-0,03;-0,03
30.08.2026;23:45;00:00;0,0;0,0;-0,17;-0,17;-0,02;-0,02;0,0;0,0;-0,04;-0,04;-0,12;-0,12;-0,01;-0,01;-0,02;-0,02;-0,01;-0,01;0,0;0,0;-0,02;-0,02;0,0;0,0;-0,01;-0,01;-0,01;-0,01;-0,11;-0,11;0,0;0,0;-0,01;-0,01;-0,01;-0,01;-0,01;-0,01;-0,03;-0,03;-0,01;-0,01;-0,03;-0,03;-0,01;-0,01;-0,02;-0,02;0,0;0,0;-0,01;-0,01;0,0;0,0;-0,02;-0,02
31.08.2026;00:00;00:15;0,0;0,0;-0,16;-0,16;-0,02;-0,02;0,0;0,0;-0,05;-0,05;-0,16;-0,16;-0,01;-0,01;-0,01;-0,01;0,0;0,0;0,0;0,0;-0,03;-0,03;0,0;0,0;-0,01;-0,01;-0,01;-0,01;-0,1;-0,1;0,0;0,0;0,0;0,0;-0,02;-0,02;-0,01;-0,01;-0,01;-0,01;0,0;0,0;-0,02;-0,02;-0,02;-0,02;-0,02;-0,02;0,0;0,0;-0,01;-0,01;0,0;0,0;-0,02;-0,02
31.08.2026;00:15;00:30;0,0;0,0;-0,18;-0,18;-0,03;-0,03;0,0;0,0;-0,01;-0,01;-0,16;-0,16;-0,01;-0,01;-0,01;-0,01;-0,01;-0,01;0,0;0,0;-0,04;-0,04;0,0;0,0;0,0;0,0;-0,01;-0,01;-0,09;-0,09;0,0;0,0;-0,01;-0,01;-0,02;-0,02;-0,01;-0,01;-0,02;-0,02;-0,01;-0,01;-0,01;-0,01;-0,01;-0,01;-0,01;-0,01;0,0;0,0;-0,01;-0,01;-0,01;-0,01;-0,03;-0,03
31.08.2026;00:30;00:45;0,0;0,0;-0,2;-0,2;-0,03;-0,03;0,0;0,0;-0,02;-0,02;-0,15;-0,15;-0,01;-0,01;-0,01;-0,01;0,0;0,0;0,0;0,0;-0,02;-0,02;0,0;0,0;-0,01;-0,01;-0,02;-0,02;-0,09;-0,09;-0,01;-0,01;-0,01;-0,01;-0,02;-0,02;-0,01;-0,01;-0,01;-0,01;-0,01;-0,01;-0,02;-0,02;-0,01;-0,01;-0,02;-0,02;0,0;0,0;-0,01;-0,01;-0,01;-0,01;-0,02;-0,02
31.08.2026;00:45;01:00;0,0;0,0;-0,17;-0,17;-0,02;-0,02;0,0;0,0;-0,01;-0,01;-0,14;-0,14;-0,01;-0,01;-0,02;-0,02;-0,01;-0,01;0,0;0,0;-0,02;-0,02;0,0;0,0;-0,01;-0,01;-0,01;-0,01;-0,04;-0,04;0,0;0,0;-0,01;-0,01;-0,03;-0,03;0,0;0,0;-0,01;-0,01;-0,01;-0,01;-0,01;-0,01;-0,01;-0,01;-0,02;-0,02;0,0;0,0;0,0;0,0;0,0;0,0;-0,02;-0,02
31.08.2026;01:00;01:15;0,0;0,0;-0,34;-0,34;-0,04;-0,04;0,0;0,0;0,0;0,0;-0,15;-0,15;-0,01;-0,01;-0,02;-0,02;-0,01;-0,01;0,0;0,0;-0,02;-0,02;0,0;0,0;-0,02;-0,02;-0,01;-0,01;-0,05;-0,05;0,0;0,0;-0,01;-0,01;-0,02;-0,02;-0,01;-0,01;-0,01;-0,01;0,0;0,0;-0,02;-0,02;-0,01;-0,01;-0,01;-0,01;0,0;0,0;-0,02;-0,02;0,0;0,0;-0,02;-0,02
31.08.2026;01:15;01:30;0,0;0,0;-0,18;-0,18;-0,06;-0,06;0,0;0,0;-0,01;-0,01;-0,13;-0,13;-0,01;-0,01;-0,02;-0,02;0,0;0,0;-0,01;-0,01;-0,02;-0,02;0,0;0,0;-0,01;-0,01;-0,01;-0,01;-0,35;-0,35;0,0;0,0;-0,02;-0,02;-0,03;-0,03;-0,01;-0,01;0,0;0,0;-0,01;-0,01;-0,02;-0,02;-0,01;-0,01;-0,02;-0,02;0,0;0,0;0,0;0,0;-0,01;-0,01;-0,01;-0,01
31.08.2026;01:30;01:45;0,0;0,0;-0,17;-0,17;-0,03;-0,03;0,0;0,0;-0,02;-0,02;-0,1;-0,1;-0,01;-0,01;-0,02;-0,02;-0,01;-0,01;0,0;0,0;-0,01;-0,01;0,0;0,0;0,0;0,0;-0,02;-0,02;-0,18;-0,18;0,0;0,0;-0,01;-0,01;-0,02;-0,02;-0,01;-0,01;-0,01;-0,01;-0,01;-0,01;-0,01;-0,01;0,0;0,0;-0,01;-0,01;-0,01;-0,01;-0,02;-0,02;0,0;0,0;-0,02;-0,02
31.08.2026;01:45;02:00;0,0;0,0;-0,17;-0,17;-0,02;-0,02;0,0;0,0;-0,01;-0,01;-0,09;-0,09;0,0;0,0;-0,02;-0,02;0,0;0,0;0,0;0,0;-0,02;-0,02;0,0;0,0;0,0;0,0;-0,01;-0,01;-0,05;-0,05;0,0;0,0;0,0;0,0;-0,03;-0,03;-0,01;-0,01;-0,01;-0,01;-0,01;-0,01;-0,02;-0,02;-0,02;-0,02;-0,02;-0,02;0,0;0,0;0,0;0,0;0,0;0,0;-0,03;-0,03
31.08.2026;02:00;02:15;0,0;0,0;-0,17;-0,17;-0,03;-0,03;0,0;0,0;-0,02;-0,02;-0,08;-0,08;-0,01;-0,01;-0,02;-0,02;-0,01;-0,01;0,0;0,0;-0,01;-0,01;0,0;0,0;-0,01;-0,01;-0,01;-0,01;-0,04;-0,04;0,0;0,0;0,0;0,0;-0,01;-0,01;0,0;0,0;-0,01;-0,01;0,0;0,0;-0,01;-0,01;-0,01;-0,01;-0,01;-0,01;0,0;0,0;-0,02;-0,02;-0,01;-0,01;-0,02;-0,02
31.08.2026;02:15;02:30;0,0;0,0;-0,18;-0,18;-0,03;-0,03;0,0;0,0;-0,01;-0,01;-0,07;-0,07;-0,01;-0,01;-0,02;-0,02;-0,01;-0,01;0,0;0,0;-0,02;-0,02;0,0;0,0;-0,02;-0,02;-0,01;-0,01;-0,04;-0,04;0,0;0,0;-0,01;-0,01;-0,02;-0,02;-0,01;-0,01;-0,01;-0,01;-0,01;-0,01;-0,02;-0,02;0,0;0,0;-0,02;-0,02;0,0;0,0;0,0;0,0;0,0;0,0;-0,02;-0,02
31.08.2026;02:30;02:45;0,0;0,0;-0,17;-0,17;-0,02;-0,02;-0,01;-0,01;-0,01;-0,01;-0,07;-0,07;-0,01;-0,01;-0,02;-0,02;0,0;0,0;0,0;0,0;-0,01;-0,01;0,0;0,0;-0,01;-0,01;-0,01;-0,01;-0,03;-0,03;0,0;0,0;-0,01;-0,01;-0,01;-0,01;-0,01;-0,01;0,0;0,0;-0,01;-0,01;-0,01;-0,01;-0,01;-0,01;-0,01;-0,01;0,0;0,0;-0,02;-0,02;-0,01;-0,01;-0,03;-0,03
31.08.2026;02:45;03:00;0,0;0,0;-0,18;-0,18;-0,02;-0,02;0,0;0,0;-0,01;-0,01;-0,07;-0,07;-0,01;-0,01;-0,01;-0,01;-0,01;-0,01;0,0;0,0;-0,02;-0,02;0,0;0,0;-0,01;-0,01;-0,02;-0,02;-0,03;-0,03;0,0;0,0;-0,02;-0,02;-0,02;-0,02;-0,01;-0,01;-0,01;-0,01;-0,01;-0,01;-0,02;-0,02;-0,01;-0,01;-0,01;-0,01;0,0;0,0;0,0;0,0;0,0;0,0;-0,01;-0,01
31.08.2026;03:00;03:15;0,0;0,0;-0,17;-0,17;-0,02;-0,02;0,0;0,0;-0,01;-0,01;-0,08;-0,08;-0,01;-0,01;-0,02;-0,02;0,0;0,0;0,0;0,0;-0,01;-0,01;0,0;0,0;0,0;0,0;-0,01;-0,01;-0,04;-0,04;-0,01;-0,01;-0,01;-0,01;-0,01;-0,01;-0,01;-0,01;-0,01;-0,01;0,0;0,0;-0,01;-0,01;-0,01;-0,01;-0,02;-0,02;0,0;0,0;-0,01;-0,01;0,0;0,0;-0,02;-0,02
31.08.2026;03:15;03:30;0,0;0,0;-0,18;-0,18;-0,03;-0,03;0,0;0,0;-0,01;-0,01;-0,04;-0,04;-0,01;-0,01;-0,02;-0,02;-0,01;-0,01;0,0;0,0;-0,01;-0,01;0,0;0,0;-0,01;-0,01;-0,01;-0,01;-0,03;-0,03;0,0;0,0;-0,01;-0,01;-0,03;-0,03;0,0;0,0;-0,01;-0,01;-0,01;-0,01;-0,02;-0,02;-0,01;-0,01;-0,01;-0,01;0,0;0,0;-0,01;-0,01;-0,01;-0,01;-0,01;-0,01
31.08.2026;03:30;03:45;0,0;0,0;-0,17;-0,17;-0,02;-0,02;0,0;0,0;-0,02;-0,02;-0,01;-0,01;0,0;0,0;-0,02;-0,02;-0,01;-0,01;0,0;0,0;-0,02;-0,02;-0,01;-0,01;-0,01;-0,01;-0,01;-0,01;-0,03;-0,03;0,0;0,0;0,0;0,0;-0,03;-0,03;-0,02;-0,02;-0,01;-0,01;-0,01;-0,01;-0,02;-0,02;-0,01;-0,01;-0,02;-0,02;-0,01;-0,01;-0,01;-0,01;-0,01;-0,01;-0,03;-0,03
31.08.2026;03:45;04:00;0,0;0,0;-0,18;-0,18;-0,03;-0,03;0,0;0,0;-0,01;-0,01;-0,01;-0,01;-0,01;-0,01;-0,02;-0,02;0,0;0,0;0,0;0,0;-0,02;-0,02;0,0;0,0;-0,02;-0,02;-0,01;-0,01;-0,03;-0,03;0,0;0,0;-0,01;-0,01;-0,02;-0,02;-0,01;-0,01;-0,01;-0,01;-0,01;-0,01;0,0;0,0;-0,01;-0,01;-0,01;-0,01;0,0;0,0;-0,01;-0,01;0,0;0,0;-0,05;-0,05
31.08.2026;04:00;04:15;0,0;0,0;-0,26;-0,26;-0,02;-0,02;0,0;0,0;-0,01;-0,01;-0,01;-0,01;-0,01;-0,01;-0,01;-0,01;-0,01;-0,01;0,0;0,0;-0,01;-0,01;0,0;0,0;0,0;0,0;-0,02;-0,02;-0,03;-0,03;0,0;0,0;0,0;0,0;-0,03;-0,03;0,0;0,0;-0,01;-0,01;-0,01;-0,01;-0,02;-0,02;-0,01;-0,01;-0,02;-0,02;0,0;0,0;-0,01;-0,01;0,0;0,0;-0,03;-0,03
31.08.2026;04:15;04:30;0,0;0,0;-0,17;-0,17;-0,02;-0,02;0,0;0,0;-0,01;-0,01;-0,01;-0,01;-0,01;-0,01;0,0;0,0;-0,01;-0,01;0,0;0,0;-0,01;-0,01;0,0;0,0;-0,01;-0,01;-0,01;-0,01;-0,05;-0,05;0,0;0,0;-0,02;-0,02;-0,02;-0,02;-0,01;-0,01;-0,01;-0,01;0,0;0,0;-0,01;-0,01;0,0;0,0;-0,01;-0,01;0,0;0,0;-0,01;-0,01;-0,01;-0,01;-0,02;-0,02
31.08.2026;04:30;04:45;0,0;0,0;-0,16;-0,16;-0,02;-0,02;0,0;0,0;-0,01;-0,01;-0,01;-0,01;-0,01;-0,01;-0,02;-0,02;0,0;0,0;0,0;0,0;-0,02;-0,02;0,0;0,0;0,0;0,0;-0,02;-0,02;-0,04;-0,04;0,0;0,0;-0,01;-0,01;-0,02;-0,02;0,0;0,0;0,0;0,0;-0,01;-0,01;-0,02;-0,02;-0,01;-0,01;-0,02;-0,02;0,0;0,0;0,0;0,0;-0,01;-0,01;-0,02;-0,02
31.08.2026;04:45;05:00;0,0;0,0;-0,17;-0,17;-0,03;-0,03;0,0;0,0;-0,01;-0,01;-0,02;-0,02;-0,01;-0,01;-0,02;-0,02;-0,01;-0,01;0,0;0,0;-0,01;-0,01;0,0;0,0;-0,01;-0,01;-0,05;-0,05;-0,01;-0,01;0,0;0,0;-0,01;-0,01;-0,02;-0,02;-0,02;-0,02;-0,01;-0,01;-0,01;-0,01;-0,01;-0,01;-0,01;-0,01;-0,01;-0,01;0,0;0,0;-0,02;-0,02;0,0;0,0;-0,02;-0,02
31.08.2026;05:00;05:15;0,0;0,0;-0,22;-0,22;-0,02;-0,02;0,0;0,0;-0,01;-0,01;0,0;0,0;-0,01;-0,01;-0,02;-0,02;0,0;0,0;0,0;0,0;-0,01;-0,01;0,0;0,0;-0,02;-0,02;-0,04;-0,04;-0,01;-0,01;0,0;0,0;-0,02;-0,02;-0,01;-0,01;-0,01;-0,01;-0,01;-0,01;-0,01;-0,01;-0,01;-0,01;-0,01;-0,01;-0,02;-0,02;0,0;0,0;0,0;0,0;0,0;0,0;-0,03;-0,03
31.08.2026;05:15;05:30;0,0;0,0;-0,25;-0,25;-0,01;-0,01;0,0;0,0;-0,02;-0,02;-0,02;-0,02;-0,01;-0,01;-0,02;-0,02;-0,01;-0,01;0,0;0,0;-0,02;-0,02;0,0;0,0;-0,01;-0,01;-0,04;-0,04;-0,02;-0,02;-0,01;-0,01;0,0;0,0;-0,11;-0,11;0,0;0,0;0,0;0,0;0,0;0,0;-0,02;-0,02;-0,01;-0,01;-0,01;-0,01;0,0;0,0;-0,02;-0,02;-0,01;-0,01;-0,01;-0,01
31.08.2026;05:30;05:45;0,0;0,0;-0,17;-0,17;-0,03;-0,03;0,0;0,0;-0,01;-0,01;0,0;0,0;-0,01;-0,01;-0,02;-0,02;0,0;0,0;0,0;0,0;-0,01;-0,01;0,0;0,0;-0,01;-0,01;-0,05;-0,05;-0,01;-0,01;0,0;0,0;0,0;0,0;-0,02;-0,02;-0,01;-0,01;-0,01;-0,01;-0,01;-0,01;-0,01;-0,01;0,0;0,0;-0,02;-0,02;-0,01;-0,01;0,0;0,0;0,0;0,0;-0,01;-0,01
31.08.2026;05:45;06:00;0,0;0,0;-0,18;-0,18;-0,03;-0,03;-0,01;-0,01;-0,01;-0,01;-0,01;-0,01;0,0;0,0;-0,02;-0,02;-0,01;-0,01;0,0;0,0;-0,02;-0,02;0,0;0,0;0,0;0,0;-0,04;-0,04;-0,01;-0,01;0,0;0,0;0,0;0,0;-0,03;-0,03;-0,01;-0,01;-0,01;-0,01;-0,01;-0,01;-0,02;-0,02;-0,01;-0,01;-0,01;-0,01;0,0;0,0;-0,02;-0,02;-0,01;-0,01;-0,02;-0,02
31.08.2026;06:00;06:15;0,0;0,0;-0,23;-0,23;-0,02;-0,02;0,0;0,0;-0,01;-0,01;-0,02;-0,02;-0,01;-0,01;-0,02;-0,02;-0,01;-0,01;0,0;0,0;-0,01;-0,01;0,0;0,0;-0,01;-0,01;0,0;0,0;-0,01;-0,01;0,0;0,0;-0,02;-0,02;-0,02;-0,02;-0,01;-0,01;-0,01;-0,01;0,0;0,0;-0,01;-0,01;-0,01;-0,01;-0,02;-0,02;0,0;0,0;0,0;0,0;-0,02;-0,02;-0,02;-0,02
31.08.2026;06:15;06:30;0,0;0,0;-0,19;-0,19;-0,02;-0,02;0,0;0,0;-0,01;-0,01;-0,01;-0,01;-0,01;-0,01;-0,02;-0,02;0,0;0,0;-0,01;-0,01;-0,01;-0,01;0,0;0,0;-0,03;-0,03;0,0;0,0;-0,02;-0,02;0,0;0,0;-0,01;-0,01;-0,04;-0,04;-0,01;-0,01;0,0;0,0;-0,01;-0,01;-0,02;-0,02;-0,01;-0,01;-0,01;-0,01;0,0;0,0;-0,01;-0,01;-0,03;-0,03;-0,02;-0,02
31.08.2026;06:30;06:45;0,03;0,03;-0,18;-0,18;-0,01;-0,01;0,0;0,0;-0,01;-0,01;-0,01;-0,01;-0,01;-0,01;-0,01;-0,01;-0,01;-0,01;0,0;0,0;-0,02;-0,02;0,0;0,0;-0,04;-0,04;0,0;0,0;-0,01;-0,01;0,0;0,0;-0,02;-0,02;-0,02;-0,02;0,0;0,0;-0,01;-0,01;-0,01;-0,01;-0,01;-0,01;-0,01;-0,01;-0,02;-0,02;0,0;0,0;-0,01;-0,01;-0,02;-0,02;-0,02;-0,02
31.08.2026;06:45;07:00;0,0;0,0;-0,17;-0,17;-0,03;-0,03;0,0;0,0;-0,02;-0,02;-0,01;-0,01;-0,01;-0,01;-0,02;-0,02;0,0;0,0;0,0;0,0;-0,01;-0,01;0,0;0,0;-0,05;-0,05;0,0;0,0;-0,01;-0,01;0,0;0,0;-0,01;-0,01;-0,03;-0,03;-0,01;-0,01;-0,01;-0,01;0,0;0,0;-0,01;-0,01;-0,01;-0,01;-0,01;-0,01;0,0;0,0;-0,01;-0,01;0,0;0,0;-0,03;-0,03
31.08.2026;07:00;07:15;0,0;0,0;-0,18;-0,18;-0,03;-0,03;0,0;0,0;-0,01;-0,01;-0,01;-0,01;-0,03;-0,03;-0,02;-0,02;-0,01;-0,01;0,0;0,0;-0,05;-0,05;0,0;0,0;-0,04;-0,04;0,0;0,0;-0,02;-0,02;0,0;0,0;0,0;0,0;-0,02;-0,02;-0,01;-0,01;0,0;0,0;-0,01;-0,01;-0,02;-0,02;0,0;0,0;-0,01;-0,01;0,0;0,0;-0,01;-0,01;-0,01;-0,01;-0,01;-0,01
31.08.2026;07:15;07:30;0,11;0,11;-0,2;-0,2;-0,02;-0,02;0,0;0,0;-0,01;-0,01;-0,01;-0,01;-0,01;-0,01;-0,02;-0,02;-0,01;-0,01;0,0;0,0;-0,02;-0,02;0,0;0,0;-0,01;-0,01;-0,01;-0,01;-0,01;-0,01;0,0;0,0;0,0;0,0;-0,02;-0,02;-0,01;-0,01;-0,01;-0,01;-0,01;-0,01;-0,01;-0,01;-0,02;-0,02;-0,01;-0,01;0,0;0,0;-0,01;-0,01;0,0;0,0;-0,01;-0,01
31.08.2026;07:30;07:45;0,29;0,07;-0,23;-0,21;-0,01;0,0;0,0;0,0;-0,01;0,0;-0,01;0,0;-0,01;0,0;-0,02;-0,01;0,0;0,0;0,0;0,0;-0,01;0,0;0,0;0,0;-0,02;-0,01;-0,01;0,0;-0,01;0,0;0,0;0,0;-0,01;0,0;-0,02;-0,01;-0,01;0,0;-0,01;0,0;0,0;0,0;-0,01;0,0;-0,01;0,0;-0,02;-0,01;-0,01;0,0;-0,01;0,0;-0,01;0,0;-0,02;-0,01
31.08.2026;07:45;08:00;0,38;0,12;-0,19;-0,12;-0,03;-0,02;0,0;0,0;-0,02;-0,01;-0,01;0,0;0,0;0,0;-0,01;0,0;-0,01;0,0;0,0;0,0;-0,01;0,0;0,0;0,0;-0,01;0,0;-0,02;-0,01;-0,02;-0,01;-0,01;0,0;-0,01;0,0;-0,01;0,0;-0,01;0,0;-0,01;0,0;-0,01;0,0;-0,02;-0,01;-0,01;0,0;-0,01;0,0;0,0;0,0;0,0;0,0;0,0;0,0;-0,02;-0,01
31.08.2026;08:00;08:15;0,27;0,19;-0,18;-0,1;-0,14;-0,14;0,0;0,0;-0,03;-0,03;-0,01;-0,01;-0,01;-0,01;0,0;0,0;0,0;0,0;0,0;0,0;-0,02;-0,02;0,0;0,0;-0,01;-0,01;-0,01;-0,01;-0,02;-0,02;0,0;0,0;-0,01;-0,01;-0,02;-0,02;-0,01;-0,01;-0,01;-0,01;-0,01;-0,01;-0,02;-0,02;-0,01;-0,01;-0,02;-0,02;0,0;0,0;-0,02;-0,02;-0,01;-0,01;-0,02;-0,02
31.08.2026;08:15;08:30;0,25;0,18;-0,2;-0,13;-0,04;-0,04;0,0;0,0;-0,03;-0,03;-0,02;-0,02;-0,01;-0,01;-0,02;-0,02;-0,01;-0,01;0,0;0,0;-0,01;-0,01;0,0;0,0;0,0;0,0;-0,01;-0,01;-0,15;-0,15;0,0;0,0;-0,02;-0,02;-0,01;-0,01;0,0;0,0;0,0;0,0;0,0;0,0;-0,02;-0,02;-0,01;-0,01;-0,02;-0,02;0,0;0,0;0,0;0,0;0,0;0,0;-0,03;-0,03
31.08.2026;08:30;08:45;0,36;0,11;-0,17;-0,12;-0,03;-0,02;0,0;0,0;-0,21;-0,2;-0,01;0,0;-0,01;0,0;-0,02;-0,01;-0,01;0,0;0,0;0,0;-0,02;-0,01;-0,01;0,0;0,0;0,0;-0,01;0,0;-0,11;-0,1;0,0;0,0;-0,01;0,0;-0,02;-0,01;-0,01;0,0;-0,01;0,0;-0,02;-0,01;-0,26;-0,25;-0,01;0,0;-0,02;-0,01;0,0;0,0;-0,02;-0,01;0,0;0,0;-0,02;-0,01
31.08.2026;08:45;09:00;0,11;0,11;-0,21;-0,21;-0,05;-0,05;0,0;0,0;-0,12;-0,12;-0,01;-0,01;0,0;0,0;-0,03;-0,03;0,0;0,0;0,0;0,0;-0,01;-0,01;0,0;0,0;-0,02;-0,02;0,0;0,0;-0,06;-0,06;0,0;0,0;0,0;0,0;-0,02;-0,02;-0,01;-0,01;-0,01;-0,01;0,0;0,0;-0,37;-0,37;-0,01;-0,01;-0,03;-0,03;0,0;0,0;0,0;0,0;-0,01;-0,01;-0,01;-0,01
31.08.2026;09:00;09:15;0,01;0,01;-0,24;-0,24;-0,06;-0,06;-0,01;-0,01;-0,04;-0,04;-0,05;-0,05;-0,01;-0,01;-0,01;-0,01;-0,01;-0,01;0,0;0,0;-0,01;-0,01;0,0;0,0;-0,02;-0,02;0,0;0,0;-0,02;-0,02;0,0;0,0;-0,01;-0,01;-0,03;-0,03;-0,01;-0,01;-0,03;-0,03;-0,01;-0,01;-0,06;-0,06;-0,03;-0,03;-0,04;-0,04;0,0;0,0;-0,02;-0,02;0,0;0,0;-0,01;-0,01
31.08.2026;09:15;09:30;0,0;0,0;-0,31;-0,31;-0,11;-0,11;0,0;0,0;-0,13;-0,13;-0,09;-0,09;-0,01;-0,01;-0,02;-0,02;-0,01;-0,01;0,0;0,0;-0,02;-0,02;0,0;0,0;0,0;0,0;0,0;0,0;-0,02;-0,02;0,0;0,0;0,0;0,0;-0,02;-0,02;-0,01;-0,01;-0,01;-0,01;-0,01;-0,01;-0,07;-0,07;-0,03;-0,03;-0,23;-0,23;0,0;0,0;0,0;0,0;-0,01;-0,01;-0,02;-0,02
31.08.2026;09:30;09:45;0,0;0,0;-0,21;-0,21;-0,11;-0,11;0,0;0,0;-0,11;-0,11;-0,17;-0,17;-0,01;-0,01;-0,02;-0,02;0,0;0,0;0,0;0,0;-0,01;-0,01;0,0;0,0;-0,01;-0,01;-0,01;-0,01;-0,09;-0,09;0,0;0,0;-0,01;-0,01;-0,03;-0,03;0,0;0,0;0,0;0,0;0,0;0,0;-0,1;-0,1;-0,01;-0,01;-0,16;-0,16;-0,01;-0,01;-0,01;-0,01;0,0;0,0;-0,02;-0,02
31.08.2026;09:45;10:00;0,07;0,07;-0,21;-0,21;-0,14;-0,14;0,0;0,0;-0,06;-0,06;-0,12;-0,12;0,0;0,0;-0,02;-0,02;-0,01;-0,01;0,0;0,0;-0,01;-0,01;0,0;0,0;0,0;0,0;-0,02;-0,02;-0,13;-0,13;0,0;0,0;-0,02;-0,02;-0,03;-0,03;-0,01;-0,01;-0,01;-0,01;-0,01;-0,01;-0,52;-0,52;-0,02;-0,02;-0,05;-0,05;0,0;0,0;-0,01;-0,01;-0,01;-0,01;-0,02;-0,02
31.08.2026;10:00;10:15;0,08;0,08;-0,2;-0,2;-0,7;-0,7;0,0;0,0;-0,04;-0,04;-0,15;-0,15;-0,01;-0,01;-0,02;-0,02;0,0;0,0;0,0;0,0;-0,02;-0,02;0,0;0,0;-0,01;-0,01;-0,01;-0,01;-0,13;-0,13;0,0;0,0;-0,01;-0,01;-0,03;-0,03;-0,01;-0,01;-0,07;-0,07;-0,01;-0,01;-0,56;-0,56;-0,07;-0,07;-0,11;-0,11;0,0;0,0;-0,01;-0,01;0,0;0,0;-0,03;-0,03
31.08.2026;10:15;10:30;0,38;0,12;-0,27;-0,2;-0,37;-0,36;0,0;0,0;-0,04;-0,03;-0,13;-0,12;-0,01;0,0;-0,01;0,0;-0,01;0,0;0,0;0,0;-0,01;0,0;0,0;0,0;-0,02;-0,01;0,0;0,0;-0,12;-0,11;-0,01;0,0;-0,02;-0,01;-0,02;-0,01;-0,01;0,0;-0,07;-0,06;0,0;0,0;-0,24;-0,23;-0,04;-0,03;-0,14;-0,13;0,0;0,0;-0,01;0,0;0,0;0,0;-0,02;-0,01
31.08.2026;10:30;10:45;0,61;0,2;-0,3;-0,18;-0,04;-0,02;0,0;0,0;-0,02;0,0;-0,11;-0,09;-0,01;0,0;-0,02;0,0;0,0;0,0;0,0;0,0;-0,01;0,0;0,0;0,0;-0,01;0,0;0,0;0,0;-0,02;0,0;0,0;0,0;-0,02;0,0;-0,02;0,0;-0,01;0,0;-0,05;-0,03;-0,01;0,0;-0,35;-0,33;-0,02;0,0;-0,18;-0,16;0,0;0,0;0,0;0,0;-0,01;0,0;-0,01;0,0
31.08.2026;10:45;11:00;0,61;0,21;-0,23;-0,11;-0,04;-0,02;0,0;0,0;-0,25;-0,23;-0,12;-0,1;-0,01;0,0;-0,02;0,0;-0,01;0,0;0,0;0,0;-0,02;0,0;0,0;0,0;0,0;0,0;0,0;0,0;-0,01;0,0;0,0;0,0;-0,01;0,0;-0,02;0,0;0,0;0,0;-0,07;-0,05;-0,01;0,0;-0,22;-0,2;-0,01;0,0;-0,15;-0,13;0,0;0,0;-0,03;-0,01;-0,01;0,0;-0,01;0,0
31.08.2026;11:00;11:15;0,41;0,15;-0,21;-0,14;-0,25;-0,24;0,0;0,0;-0,17;-0,16;-0,21;-0,2;-0,01;0,0;-0,02;-0,01;-0,01;0,0;0,0;0,0;-0,01;0,0;0,0;0,0;-0,01;0,0;-0,01;0,0;-0,02;-0,01;0,0;0,0;0,0;0,0;-0,02;-0,01;-0,02;-0,01;-0,07;-0,06;-0,01;0,0;-0,08;-0,07;-0,01;0,0;-0,16;-0,15;0,0;0,0;-0,02;-0,01;0,0;0,0;-0,02;-0,01
31.08.2026;11:15;11:30;0,01;0,01;-0,24;-0,24;-0,17;-0,17;0,0;0,0;-0,03;-0,03;-0,22;-0,22;0,0;0,0;-0,02;-0,02;0,0;0,0;-0,01;-0,01;-0,02;-0,02;0,0;0,0;0,0;0,0;-0,01;-0,01;-0,01;-0,01;0,0;0,0;0,0;0,0;-0,02;-0,02;-0,01;-0,01;-0,06;-0,06;0,0;0,0;-0,04;-0,04;-0,01;-0,01;-0,12;-0,12;0,0;0,0;-0,01;-0,01;0,0;0,0;-0,02;-0,02
31.08.2026;11:30;11:45;0,0;0,0;-0,28;-0,28;-0,03;-0,03;0,0;0,0;-0,11;-0,11;-0,16;-0,16;-0,01;-0,01;-0,01;-0,01;-0,01;-0,01;0,0;0,0;-0,01;-0,01;0,0;0,0;-0,01;-0,01;-0,02;-0,02;-0,01;-0,01;0,0;0,0;-0,01;-0,01;-0,04;-0,04;0,0;0,0;-0,14;-0,14;-0,01;-0,01;-0,07;-0,07;-0,01;-0,01;-0,03;-0,03;-0,01;-0,01;-0,01;-0,01;-0,01;-0,01;-0,03;-0,03
31.08.2026;11:45;12:00;0,7;0,22;-0,22;-0,07;-0,03;0,0;0,0;0,0;-0,01;0,0;-0,1;-0,07;-0,01;0,0;-0,01;0,0;0,0;0,0;0,0;0,0;-0,01;0,0;0,0;0,0;-0,02;0,0;0,0;0,0;-0,02;0,0;0,0;0,0;-0,01;0,0;-0,04;-0,01;-0,01;0,0;-0,06;-0,03;-0,01;0,0;-0,57;-0,54;-0,01;0,0;-0,04;-0,01;0,0;0,0;-0,01;0,0;0,0;0,0;-0,02;0,0
31.08.2026;12:00;12:15;1,07;0,32;-0,21;0,0;-0,05;0,0;0,0;0,0;-0,22;-0,14;-0,1;-0,02;-0,01;0,0;0,0;0,0;-0,01;0,0;0,0;0,0;-0,02;0,0;0,0;0,0;-0,01;0,0;0,0;0,0;-0,01;0,0;0,0;0,0;-0,01;0,0;-0,04;0,0;-0,02;0,0;-0,07;0,0;0,0;0,0;-0,75;-0,67;0,0;0,0;-0,02;0,0;0,0;0,0;-0,01;0,0;-0,01;0,0;-0,01;0,0
31.08.2026;12:15;12:30;0,86;0,22;-0,19;-0,03;-0,06;-0,01;0,0;0,0;-0,32;-0,27;-0,15;-0,1;-0,01;0,0;-0,02;0,0;-0,01;0,0;0,0;0,0;-0,01;0,0;0,0;0,0;0,0;0,0;0,0;0,0;-0,02;0,0;0,0;0,0;-0,02;0,0;-0,04;0,0;-0,02;0,0;-0,06;-0,01;-0,01;0,0;-0,49;-0,44;-0,01;0,0;-0,04;0,0;0,0;0,0;-0,01;0,0;0,0;0,0;-0,01;0,0
31.08.2026;12:30;12:45;1,04;0,23;-0,22;-0,01;-0,02;0,0;-0,01;0,0;-0,18;-0,11;-0,39;-0,32;-0,18;-0,11;-0,02;0,0;0,0;0,0;0,0;0,0;-0,01;0,0;0,0;0,0;-0,01;0,0;-0,01;0,0;-0,02;0,0;0,0;0,0;-0,01;0,0;-0,04;0,0;-0,02;0,0;-0,05;0,0;-0,01;0,0;-0,4;-0,33;-0,01;0,0;-0,04;0,0;0,0;0,0;-0,01;0,0;-0,01;0,0;-0,02;0,0
31.08.2026;12:45;13:00;2,52;1,12;-0,2;0,0;-0,02;0,0;0,0;0,0;-0,05;0,0;-0,35;-0,09;-0,48;-0,22;-0,02;0,0;-0,01;0,0;0,0;0,0;-0,02;0,0;0,0;0,0;0,0;0,0;-0,01;0,0;-0,02;0,0;-0,01;0,0;0,0;0,0;-0,04;0,0;-0,09;0,0;-0,07;0,0;0,0;0,0;-0,28;-0,02;-0,01;0,0;-0,02;0,0;0,0;0,0;-0,01;0,0;0,0;0,0;-0,02;0,0
31.08.2026;13:00;13:15;2,22;0,89;-0,21;0,0;-0,03;0,0;0,0;0,0;-0,02;0,0;-0,13;0,0;-0,34;-0,12;-0,01;0,0;0,0;0,0;0,0;0,0;-0,01;0,0;0,0;0,0;-0,02;0,0;-0,02;0,0;-0,03;0,0;0,0;0,0;0,0;0,0;-0,03;0,0;-0,25;-0,03;-0,14;0,0;-0,01;0,0;-0,16;0,0;-0,01;0,0;-0,03;0,0;0,0;0,0;-0,01;0,0;0,0;0,0;-0,02;0,0
31.08.2026;13:15;13:30;1,26;0,38;-0,2;0,0;-0,03;0,0;0,0;0,0;-0,02;0,0;-0,12;-0,03;-0,28;-0,19;-0,02;0,0;-0,01;0,0;0,0;0,0;-0,01;0,0;0,0;0,0;-0,02;0,0;0,0;0,0;-0,02;0,0;0,0;0,0;0,0;0,0;-0,03;0,0;-0,2;-0,11;-0,05;0,0;-0,01;0,0;-0,32;-0,23;-0,01;0,0;-0,04;0,0;0,0;0,0;-0,01;0,0;-0,01;0,0;-0,03;0,0
31.08.2026;13:30;13:45;2,61;1,04;-0,27;0,0;-0,02;0,0;0,0;0,0;-0,04;0,0;-0,15;0,0;-0,21;0,0;-0,02;0,0;-0,01;0,0;0,0;0,0;-0,02;0,0;-0,01;0,0;0,0;0,0;0,0;0,0;-0,09;0,0;0,0;0,0;-0,02;0,0;-0,03;0,0;-0,19;0,0;-0,06;0,0;-0,01;0,0;-0,68;-0,43;-0,01;0,0;-0,13;0,0;-0,01;0,0;0,0;0,0;0,0;0,0;-0,02;0,0
31.08.2026;13:45;14:00;3,04;1,66;-0,2;0,0;-0,03;0,0;0,0;0,0;-0,03;0,0;-0,14;0,0;-0,26;0,0;-0,02;0,0;0,0;0,0;0,0;0,0;-0,02;0,0;0,0;0,0;0,0;0,0;0,0;0,0;-0,07;0,0;0,0;0,0;-0,01;0,0;-0,03;0,0;-0,07;0,0;-0,05;0,0;-0,01;0,0;-0,39;-0,04;0,0;0,0;-0,05;0,0;0,0;0,0;-0,02;0,0;-0,01;0,0;-0,01;0,0
31.08.2026;14:00;14:15;2,88;1,38;-0,18;0,0;-0,06;0,0;0,0;0,0;-0,02;0,0;-0,46;-0,13;-0,01;0,0;-0,02;0,0;-0,01;0,0;0,0;0,0;-0,02;0,0;0,0;0,0;-0,01;0,0;-0,01;0,0;-0,07;0,0;0,0;0,0;-0,01;0,0;-0,03;0,0;-0,29;0,0;-0,05;0,0;0,0;0,0;-0,3;0,0;-0,01;0,0;-0,06;0,0;0,0;0,0;0,0;0,0;0,0;0,0;-0,01;0,0
31.08.2026;14:15;14:30;2,33;1,07;-0,24;0,0;-0,05;0,0;0,0;0,0;-0,01;0,0;-0,14;0,0;-0,02;0,0;-0,01;0,0;0,0;0,0;0,0;0,0;-0,02;0,0;0,0;0,0;-0,02;0,0;-0,01;0,0;-0,07;0,0;0,0;0,0;-0,01;0,0;-0,04;0,0;-0,39;-0,15;-0,05;0,0;-0,01;0,0;-0,22;0,0;-0,01;0,0;-0,05;0,0;0,0;0,0;-0,02;0,0;0,0;0,0;-0,02;0,0
31.08.2026;14:30;14:45;2,21;0,91;-0,23;0,0;-0,32;-0,12;0,0;0,0;-0,03;0,0;-0,08;0,0;-0,04;0,0;-0,02;0,0;-0,01;0,0;0,0;0,0;-0,05;0,0;0,0;0,0;-0,01;0,0;-0,02;0,0;-0,07;0,0;0,0;0,0;-0,01;0,0;-0,04;0,0;-0,11;0,0;-0,05;0,0;-0,01;0,0;-0,22;-0,02;-0,01;0,0;-0,05;0,0;0,0;0,0;-0,03;0,0;-0,01;0,0;-0,02;0,0
31.08.2026;14:45;15:00;1,73;0,64;-0,25;0,0;-0,08;0,0;0,0;0,0;-0,02;0,0;-0,12;0,0;-0,03;0,0;-0,02;0,0;-0,01;0,0;0,0;0,0;-0,02;0,0;0,0;0,0;-0,01;0,0;-0,01;0,0;-0,13;0,0;0,0;0,0;0,0;0,0;-0,04;0,0;-0,02;0,0;-0,05;0,0;0,0;0,0;-0,16;-0,01;-0,01;0,0;-0,06;0,0;0,0;0,0;-0,03;0,0;-0,01;0,0;-0,02;0,0
31.08.2026;15:00;15:15;2,27;1,43;-0,22;0,0;-0,06;0,0;0,0;0,0;-0,02;0,0;-0,1;0,0;-0,02;0,0;-0,02;0,0;0,0;0,0;0,0;0,0;-0,02;0,0;0,0;0,0;0,0;0,0;0,0;0,0;-0,07;0,0;0,0;0,0;-0,01;0,0;-0,04;0,0;-0,03;0,0;-0,06;0,0;-0,02;0,0;-0,06;0,0;-0,01;0,0;-0,03;0,0;0,0;0,0;-0,02;0,0;0,0;0,0;-0,03;0,0
31.08.2026;15:15;15:30;0,65;0,2;-0,34;-0,22;-0,09;-0,07;0,0;0,0;-0,02;0,0;-0,09;-0,07;-0,04;-0,02;-0,02;0,0;-0,01;0,0;0,0;0,0;-0,01;0,0;0,0;0,0;-0,01;0,0;-0,03;-0,01;-0,07;-0,05;-0,01;0,0;0,0;0,0;-0,04;-0,02;-0,03;-0,01;-0,05;-0,03;0,0;0,0;-0,06;-0,04;-0,01;0,0;-0,03;-0,01;0,0;0,0;-0,03;-0,01;0,0;0,0;-0,02;0,0
31.08.2026;15:30;15:45;0,0;0,0;-0,2;-0,2;-0,09;-0,09;0,0;0,0;-0,02;-0,02;-0,12;-0,12;-0,03;-0,03;-0,01;-0,01;-0,01;-0,01;0,0;0,0;-0,02;-0,02;0,0;0,0;-0,01;-0,01;0,0;0,0;-0,08;-0,08;0,0;0,0;-0,02;-0,02;-0,03;-0,03;-0,17;-0,17;-0,06;-0,06;-0,01;-0,01;-0,04;-0,04;0,0;0,0;-0,03;-0,03;-0,01;-0,01;-0,02;-0,02;-0,01;-0,01;-0,01;-0,01
31.08.2026;15:45;16:00;1,01;0,24;-0,21;-0,01;-0,04;0,0;-0,01;0,0;-0,02;0,0;-0,09;-0,03;-0,03;0,0;0,0;0,0;0,0;0,0;0,0;0,0;-0,02;0,0;0,0;0,0;-0,02;0,0;-0,02;0,0;-0,07;-0,01;0,0;0,0;-0,08;-0,02;-0,02;0,0;-0,23;-0,17;-0,49;-0,43;-0,01;0,0;-0,01;0,0;-0,01;0,0;-0,03;0,0;0,0;0,0;-0,02;0,0;0,0;0,0;-0,01;0,0
31.08.2026;16:00;16:15;2,26;0,98;-0,29;0,0;-0,05;0,0;0,0;0,0;-0,03;0,0;-0,1;0,0;-0,03;0,0;-0,01;0,0;-0,01;0,0;0,0;0,0;-0,01;0,0;0,0;0,0;-0,01;0,0;-0,01;0,0;-0,07;0,0;0,0;0,0;-0,11;0,0;-0,02;0,0;-0,72;-0,5;-0,25;-0,03;0,0;0,0;-0,01;0,0;-0,01;0,0;-0,04;0,0;0,0;0,0;-0,01;0,0;0,0;0,0;-0,02;0,0
31.08.2026;16:15;16:30;2,1;0,97;-0,25;0,0;-0,06;0,0;0,0;0,0;-0,02;0,0;-0,09;0,0;-0,03;0,0;-0,02;0,0;0,0;0,0;-0,01;0,0;-0,01;0,0;0,0;0,0;0,0;0,0;-0,01;0,0;-0,07;0,0;0,0;0,0;-0,1;0,0;-0,01;0,0;-0,26;-0,06;-0,15;0,0;-0,01;0,0;-0,01;0,0;-0,01;0,0;-0,03;0,0;0,0;0,0;-0,01;0,0;-0,01;0,0;-0,02;0,0
31.08.2026;16:30;16:45;1,37;0,35;-0,25;0,0;-0,05;0,0;0,0;0,0;-0,02;0,0;-0,1;-0,01;-0,02;0,0;-0,02;0,0;-0,01;0,0;0,0;0,0;-0,01;0,0;0,0;0,0;0,0;0,0;-0,01;0,0;-0,06;0,0;0,0;0,0;-0,1;-0,01;-0,02;0,0;-0,42;-0,33;-0,19;-0,1;-0,01;0,0;-0,02;0,0;-0,01;0,0;-0,1;-0,01;0,0;0,0;-0,02;0,0;-0,01;0,0;-0,03;0,0
31.08.2026;16:45;17:00;2,08;0,96;-0,23;0,0;-0,03;0,0;0,0;0,0;-0,02;0,0;-0,07;0,0;-0,04;0,0;-0,02;0,0;0,0;0,0;0,0;0,0;-0,02;0,0;0,0;0,0;-0,01;0,0;0,0;0,0;-0,06;0,0;0,0;0,0;-0,02;0,0;-0,01;0,0;-0,2;0,0;-0,75;-0,54;0,0;0,0;-0,01;0,0;-0,01;0,0;-0,14;0,0;0,0;0,0;0,0;0,0;0,0;0,0;-0,02;0,0
31.08.2026;17:00;17:15;1,5;0,53;-0,23;0,0;-0,05;0,0;0,0;0,0;-0,03;0,0;-0,08;0,0;-0,01;0,0;-0,02;0,0;-0,01;0,0;0,0;0,0;-0,02;0,0;0,0;0,0;-0,02;0,0;0,0;0,0;-0,06;0,0;0,0;0,0;-0,03;0,0;-0,02;0,0;-0,09;0,0;-0,41;-0,29;-0,01;0,0;-0,01;0,0;-0,01;0,0;-0,15;-0,03;0,0;0,0;-0,02;0,0;0,0;0,0;-0,01;0,0
31.08.2026;17:15;17:30;1,18;0,25;-0,3;-0,07;-0,06;0,0;0,0;0,0;-0,03;0,0;-0,07;0,0;-0,02;0,0;-0,01;0,0;-0,01;0,0;0,0;0,0;-0,24;-0,16;0,0;0,0;-0,01;0,0;-0,01;0,0;-0,03;0,0;0,0;0,0;-0,04;0,0;-0,02;0,0;-0,09;-0,01;-0,26;-0,18;-0,01;0,0;-0,01;0,0;0,0;0,0;-0,13;-0,05;0,0;0,0;-0,02;0,0;-0,01;0,0;-0,02;0,0
31.08.2026;17:30;17:45;1,36;0,35;-0,23;0,0;-0,04;0,0;0,0;0,0;-0,03;0,0;-0,07;0,0;-0,01;0,0;-0,02;0,0;0,0;0,0;0,0;0,0;-0,1;-0,01;0,0;0,0;-0,01;0,0;-0,01;0,0;-0,02;0,0;0,0;0,0;-0,03;0,0;-0,03;0,0;-0,08;0,0;-0,34;-0,25;0,0;0,0;-0,01;0,0;-0,01;0,0;-0,12;-0,03;-0,01;0,0;-0,19;-0,1;-0,01;0,0;-0,03;0,0
31.08.2026;17:45;18:00;1,02;0,25;-0,39;-0,18;-0,05;0,0;0,0;0,0;-0,02;0,0;-0,07;-0,01;-0,01;0,0;-0,02;0,0;-0,01;0,0;0,0;0,0;-0,04;0,0;0,0;0,0;-0,01;0,0;-0,01;0,0;-0,01;0,0;-0,01;0,0;-0,02;0,0;-0,02;0,0;-0,08;-0,02;-0,08;-0,02;-0,02;0,0;-0,01;0,0;-0,01;0,0;-0,01;0,0;0,0;0,0;-0,06;0,0;0,0;0,0;-0,04;0,0
31.08.2026;18:00;18:15;0,76;0,18;-0,42;-0,3;-0,04;-0,01;0,0;0,0;-0,03;0,0;-0,1;-0,07;-0,06;-0,03;-0,02;0,0;-0,01;0,0;0,0;0,0;-0,06;-0,03;0,0;0,0;-0,02;0,0;-0,02;0,0;-0,01;0,0;0,0;0,0;-0,02;0,0;-0,2;-0,17;-0,35;-0,32;-0,08;-0,05;0,0;0,0;-0,02;0,0;-0,02;0,0;-0,02;0,0;0,0;0,0;-0,06;-0,03;0,0;0,0;-0,04;-0,01
31.08.2026;18:15;18:30;0,53;0,11;-0,29;-0,21;-0,05;-0,03;0,0;0,0;-0,26;-0,24;-0,1;-0,08;-0,08;-0,06;-0,04;-0,02;0,0;0,0;0,0;0,0;-0,47;-0,45;0,0;0,0;-0,42;-0,4;0,0;0,0;-0,02;0,0;0,0;0,0;-0,03;-0,01;-0,05;-0,03;-0,13;-0,11;-0,08;-0,06;-0,01;0,0;-0,05;-0,03;0,0;0,0;-0,06;-0,04;0,0;0,0;-0,04;-0,02;-0,01;0,0;-0,04;-0,02
31.08.2026;18:30;18:45;0,35;0,11;-0,27;-0,24;-0,04;-0,03;0,0;0,0;-0,26;-0,25;-0,09;-0,08;-0,07;-0,06;-0,05;-0,04;-0,01;0,0;0,0;0,0;-0,19;-0,18;-0,01;0,0;-0,05;-0,04;-0,55;-0,54;-0,01;0,0;0,0;0,0;-0,03;-0,02;-0,06;-0,05;-0,02;-0,01;-0,1;-0,09;-0,01;0,0;-0,26;-0,25;-0,01;0,0;-0,07;-0,06;0,0;0,0;-0,04;-0,03;0,0;0,0;-0,04;-0,03
31.08.2026;18:45;19:00;0,08;0,08;-0,22;-0,22;-0,05;-0,05;0,0;0,0;-0,23;-0,23;-0,12;-0,12;-0,08;-0,08;-0,48;-0,48;0,0;0,0;0,0;0,0;-0,17;-0,17;0,0;0,0;-0,03;-0,03;-0,21;-0,21;-0,01;-0,01;0,0;0,0;-0,03;-0,03;-0,06;-0,06;-0,02;-0,02;-0,1;-0,1;0,0;0,0;-0,48;-0,48;-0,01;-0,01;-0,1;-0,1;0,0;0,0;-0,04;-0,04;-0,01;-0,01;-0,04;-0,04
31.08.2026;19:00;19:15;0,0;0,0;-0,28;-0,28;-0,02;-0,02;-0,01;-0,01;-0,28;-0,28;-0,13;-0,13;-0,05;-0,05;-0,22;-0,22;-0,01;-0,01;0,0;0,0;-0,44;-0,44;0,0;0,0;-0,02;-0,02;-0,04;-0,04;-0,02;-0,02;0,0;0,0;-0,02;-0,02;-0,07;-0,07;-0,02;-0,02;-0,11;-0,11;-0,01;-0,01;-0,61;-0,61;-0,01;-0,01;-0,08;-0,08;0,0;0,0;-0,02;-0,02;0,0;0,0;-0,04;-0,04
31.08.2026;19:15;19:30;0,0;0,0;-0,24;-0,24;-0,01;-0,01;0,0;0,0;-0,05;-0,05;-0,18;-0,18;-0,04;-0,04;-0,1;-0,1;0,0;0,0;0,0;0,0;-0,07;-0,07;0,0;0,0;-0,26;-0,26;-0,03;-0,03;-0,03;-0,03;0,0;0,0;-0,02;-0,02;-0,07;-0,07;-0,06;-0,06;-0,06;-0,06;-0,01;-0,01;-0,54;-0,54;-0,01;-0,01;-0,49;-0,49;0,0;0,0;-0,03;-0,03;0,0;0,0;-0,04;-0,04
31.08.2026;19:30;19:45;0,0;0,0;-0,22;-0,22;-0,03;-0,03;0,0;0,0;-0,05;-0,05;-0,12;-0,12;-0,04;-0,04;-0,08;-0,08;-0,01;-0,01;0,0;0,0;-0,31;-0,31;0,0;0,0;-0,03;-0,03;-0,04;-0,04;-0,02;-0,02;0,0;0,0;-0,02;-0,02;-0,06;-0,06;-0,5;-0,5;-0,43;-0,43;0,0;0,0;-0,43;-0,43;-0,01;-0,01;-0,16;-0,16;-0,01;-0,01;-0,03;-0,03;-0,01;-0,01;-0,04;-0,04
31.08.2026;19:45;20:00;0,01;0,01;-0,21;-0,21;-0,04;-0,04;0,0;0,0;-0,01;-0,01;-0,12;-0,12;-0,04;-0,04;-0,1;-0,1;-0,01;-0,01;0,0;0,0;-0,14;-0,14;0,0;0,0;-0,02;-0,02;-0,04;-0,04;-0,03;-0,03;0,0;0,0;-0,01;-0,01;-0,07;-0,07;-0,67;-0,67;-0,48;-0,48;-0,02;-0,02;-0,05;-0,05;-0,01;-0,01;-0,05;-0,05;0,0;0,0;-0,03;-0,03;0,0;0,0;-0,03;-0,03
31.08.2026;20:00;20:15;0,0;0,0;-0,26;-0,26;-0,19;-0,19;0,0;0,0;-0,02;-0,02;-0,13;-0,13;-0,04;-0,04;-0,1;-0,1;0,0;0,0;0,0;0,0;-0,02;-0,02;0,0;0,0;-0,01;-0,01;-0,01;-0,01;-0,02;-0,02;0,0;0,0;-0,02;-0,02;-0,06;-0,06;-0,4;-0,4;-0,08;-0,08;0,0;0,0;-0,05;-0,05;-0,01;-0,01;-0,09;-0,09;0,0;0,0;-0,03;-0,03;0,0;0,0;-0,04;-0,04
31.08.2026;20:15;20:30;0,0;0,0;-0,21;-0,21;-0,33;-0,33;0,0;0,0;-0,02;-0,02;-0,12;-0,12;-0,02;-0,02;-0,12;-0,12;-0,01;-0,01;0,0;0,0;-0,01;-0,01;0,0;0,0;-0,01;-0,01;0,0;0,0;-0,03;-0,03;-0,01;-0,01;-0,03;-0,03;-0,04;-0,04;-0,3;-0,3;-0,06;-0,06;-0,01;-0,01;-0,07;-0,07;-0,01;-0,01;-0,15;-0,15;0,0;0,0;-0,06;-0,06;-0,01;-0,01;-0,03;-0,03
31.08.2026;20:30;20:45;0,0;0,0;-0,2;-0,2;-0,05;-0,05;0,0;0,0;-0,05;-0,05;-0,12;-0,12;-0,03;-0,03;-0,11;-0,11;-0,01;-0,01;0,0;0,0;-0,02;-0,02;0,0;0,0;0,0;0,0;0,0;0,0;-0,02;-0,02;0,0;0,0;-0,02;-0,02;-0,04;-0,04;-0,18;-0,18;-0,06;-0,06;-0,01;-0,01;-0,05;-0,05;-0,01;-0,01;-0,14;-0,14;0,0;0,0;-0,03;-0,03;-0,01;-0,01;-0,02;-0,02
31.08.2026;20:45;21:00;0,0;0,0;-0,21;-0,21;-0,05;-0,05;0,0;0,0;-0,04;-0,04;-0,12;-0,12;-0,04;-0,04;-0,12;-0,12;0,0;0,0;0,0;0,0;-0,03;-0,03;0,0;0,0;-0,02;-0,02;-0,01;-0,01;-0,03;-0,03;0,0;0,0;-0,02;-0,02;-0,04;-0,04;-0,04;-0,04;-0,07;-0,07;0,0;0,0;-0,06;-0,06;-0,01;-0,01;-0,13;-0,13;0,0;0,0;-0,03;-0,03;0,0;0,0;-0,02;-0,02
31.08.2026;21:00;21:15;0,0;0,0;-0,19;-0,19;-0,04;-0,04;0,0;0,0;-0,05;-0,05;-0,13;-0,13;-0,02;-0,02;-0,22;-0,22;-0,01;-0,01;0,0;0,0;-0,02;-0,02;0,0;0,0;-0,03;-0,03;-0,02;-0,02;-0,02;-0,02;0,0;0,0;-0,01;-0,01;-0,05;-0,05;-0,03;-0,03;-0,09;-0,09;-0,01;-0,01;-0,11;-0,11;-0,01;-0,01;-0,15;-0,15;0,0;0,0;-0,03;-0,03;0,0;0,0;-0,02;-0,02
31.08.2026;21:15;21:30;0,0;0,0;-0,19;-0,19;-0,11;-0,11;0,0;0,0;-0,04;-0,04;-0,13;-0,13;-0,05;-0,05;-0,23;-0,23;0,0;0,0;-0,01;-0,01;-0,02;-0,02;0,0;0,0;-0,01;-0,01;-0,01;-0,01;-0,03;-0,03;0,0;0,0;-0,02;-0,02;-0,04;-0,04;-0,04;-0,04;-0,19;-0,19;-0,01;-0,01;-0,1;-0,1;-0,01;-0,01;-0,14;-0,14;0,0;0,0;-0,03;-0,03;-0,01;-0,01;-0,02;-0,02
31.08.2026;21:30;21:45;0,0;0,0;-0,19;-0,19;-0,23;-0,23;0,0;0,0;-0,03;-0,03;-0,14;-0,14;-0,04;-0,04;-0,21;-0,21;-0,01;-0,01;0,0;0,0;-0,03;-0,03;0,0;0,0;-0,01;-0,01;0,0;0,0;-0,02;-0,02;0,0;0,0;-0,02;-0,02;-0,05;-0,05;-0,05;-0,05;-0,11;-0,11;0,0;0,0;-0,09;-0,09;-0,01;-0,01;-0,14;-0,14;-0,01;-0,01;-0,02;-0,02;-0,01;-0,01;-0,03;-0,03
31.08.2026;21:45;22:00;0,0;0,0;-0,19;-0,19;-0,05;-0,05;0,0;0,0;-0,02;-0,02;-0,13;-0,13;-0,02;-0,02;-0,19;-0,19;0,0;0,0;0,0;0,0;-0,03;-0,03;0,0;0,0;-0,01;-0,01;-0,01;-0,01;-0,02;-0,02;0,0;0,0;-0,01;-0,01;-0,06;-0,06;-0,02;-0,02;-0,11;-0,11;-0,02;-0,02;-0,1;-0,1;0,0;0,0;-0,17;-0,17;0,0;0,0;-0,03;-0,03;0,0;0,0;-0,02;-0,02
31.08.2026;22:00;22:15;0,0;0,0;-0,19;-0,19;-0,04;-0,04;0,0;0,0;0,0;0,0;-0,14;-0,14;-0,02;-0,02;-0,17;-0,17;-0,01;-0,01;0,0;0,0;-0,02;-0,02;0,0;0,0;-0,02;-0,02;0,0;0,0;-0,03;-0,03;0,0;0,0;-0,02;-0,02;-0,06;-0,06;-0,01;-0,01;-0,07;-0,07;0,0;0,0;-0,09;-0,09;-0,02;-0,02;-0,16;-0,16;0,0;0,0;-0,03;-0,03;0,0;0,0;-0,02;-0,02
31.08.2026;22:15;22:30;0,0;0,0;-0,17;-0,17;-0,06;-0,06;0,0;0,0;-0,02;-0,02;-0,14;-0,14;-0,02;-0,02;-0,16;-0,16;-0,01;-0,01;0,0;0,0;-0,02;-0,02;0,0;0,0;-0,02;-0,02;-0,01;-0,01;-0,02;-0,02;0,0;0,0;-0,01;-0,01;-0,05;-0,05;-0,02;-0,02;-0,05;-0,05;-0,01;-0,01;-0,09;-0,09;-0,02;-0,02;-0,14;-0,14;0,0;0,0;-0,02;-0,02;-0,01;-0,01;-0,02;-0,02
31.08.2026;22:30;22:45;0,0;0,0;-0,17;-0,17;-0,02;-0,02;-0,01;-0,01;-0,02;-0,02;-0,14;-0,14;-0,01;-0,01;-0,11;-0,11;0,0;0,0;0,0;0,0;-0,02;-0,02;0,0;0,0;0,0;0,0;-0,01;-0,01;-0,02;-0,02;0,0;0,0;-0,01;-0,01;-0,05;-0,05;-0,02;-0,02;-0,04;-0,04;0,0;0,0;-0,09;-0,09;-0,01;-0,01;-0,11;-0,11;0,0;0,0;-0,02;-0,02;0,0;0,0;-0,01;-0,01
31.08.2026;22:45;23:00;0,0;0,0;-0,2;-0,2;-0,03;-0,03;0,0;0,0;-0,01;-0,01;-0,15;-0,15;-0,01;-0,01;-0,12;-0,12;-0,01;-0,01;0,0;0,0;-0,02;-0,02;0,0;0,0;0,0;0,0;-0,02;-0,02;-0,02;-0,02;-0,01;-0,01;-0,01;-0,01;-0,05;-0,05;-0,01;-0,01;-0,04;-0,04;-0,01;-0,01;-0,06;-0,06;-0,01;-0,01;-0,11;-0,11;0,0;0,0;-0,03;-0,03;0,0;0,0;-0,02;-0,02
31.08.2026;23:00;23:15;0,0;0,0;-0,2;-0,2;-0,03;-0,03;0,0;0,0;-0,02;-0,02;-0,16;-0,16;-0,01;-0,01;-0,16;-0,16;0,0;0,0;0,0;0,0;-0,01;-0,01;0,0;0,0;-0,01;-0,01;0,0;0,0;-0,02;-0,02;0,0;0,0;-0,02;-0,02;-0,05;-0,05;-0,02;-0,02;-0,05;-0,05;-0,02;-0,02;-0,11;-0,11;-0,02;-0,02;-0,04;-0,04;0,0;0,0;-0,03;-0,03;-0,01;-0,01;-0,02;-0,02
31.08.2026;23:15;23:30;0,0;0,0;-0,19;-0,19;-0,03;-0,03;0,0;0,0;-0,01;-0,01;-0,15;-0,15;-0,01;-0,01;-0,12;-0,12;-0,01;-0,01;0,0;0,0;-0,02;-0,02;0,0;0,0;-0,01;-0,01;0,0;0,0;-0,02;-0,02;0,0;0,0;-0,01;-0,01;-0,01;-0,01;-0,02;-0,02;-0,04;-0,04;-0,01;-0,01;-0,12;-0,12;-0,02;-0,02;-0,08;-0,08;0,0;0,0;-0,01;-0,01;0,0;0,0;-0,03;-0,03
31.08.2026;23:30;23:45;0,0;0,0;-0,17;-0,17;-0,02;-0,02;0,0;0,0;-0,01;-0,01;-0,18;-0,18;-0,01;-0,01;-0,05;-0,05;0,0;0,0;0,0;0,0;-0,02;-0,02;-0,01;-0,01;-0,02;-0,02;0,0;0,0;-0,01;-0,01;0,0;0,0;-0,02;-0,02;-0,02;-0,02;-0,01;-0,01;-0,04;-0,04;-0,01;-0,01;-0,14;-0,14;-0,1;-0,1;-0,06;-0,06;-0,01;-0,01;-0,03;-0,03;-0,01;-0,01;-0,02;-0,02
31.08.2026;23:45;00:00;0,0;0,0;-0,21;-0,21;-0,02;-0,02;0,0;0,0;-0,01;-0,01;-0,13;-0,13;-0,01;-0,01;-0,03;-0,03;-0,01;-0,01;0,0;0,0;-0,01;-0,01;0,0;0,0;-0,01;-0,01;-0,01;-0,01;-0,01;-0,01;0,0;0,0;-0,02;-0,02;-0,01;-0,01;-0,01;-0,01;-0,04;-0,04;-0,01;-0,01;-0,17;-0,17;-0,06;-0,06;-0,04;-0,04;0,0;0,0;-0,02;-0,02;0,0;0,0;-0,02;-0,02
