Datum;Cas od;Cas do;IN-859182400611447671-D;OUT-859182400611447671-D;IN-859182400611941780-O;OUT-859182400611941780-O;IN-859182400611941797-O;OUT-859182400611941797-O;IN-859182400611941803-O;OUT-859182400611941803-O;IN-859182400611943012-O;OUT-859182400611943012-O;IN-859182400611943029-O;OUT-859182400611943029-O;IN-859182400611943036-O;OUT-859182400611943036-O;IN-859182400611943043-O;OUT-859182400611943043-O;IN-859182400611943050-O;OUT-859182400611943050-O;IN-859182400611943067-O;OUT-859182400611943067-O;IN-859182400611943074-O;OUT-859182400611943074-O;IN-859182400611943081-O;OUT-859182400611943081-O;IN-859182400611943098-O;OUT-859182400611943098-O;IN-859182400611943104-O;OUT-859182400611943104-O;IN-859182400611943111-O;OUT-859182400611943111-O;IN-859182400611943128-O;OUT-859182400611943128-O;IN-859182400611943135-O;OUT-859182400611943135-O;IN-859182400611943142-O;OUT-859182400611943142-O;IN-859182400611943159-O;OUT-859182400611943159-O;IN-859182400611943166-O;OUT-859182400611943166-O;IN-859182400611943173-O;OUT-859182400611943173-O;IN-859182400611943180-O;OUT-859182400611943180-O;IN-859182400611943197-O;OUT-859182400611943197-O;IN-859182400611943203-O;OUT-859182400611943203-O;IN-859182400611943210-O;OUT-859182400611943210-O;IN-859182400611943227-O;OUT-859182400611943227-O;IN-859182400611944408-O;OUT-859182400611944408-O;IN-859182400611944613-O;OUT-859182400611944613-O
01.08.2026;00:00;00:15;0,0;0,0;0,0;0,0;0,0;0,0;-0,06;-0,06;0,0;0,0;-0,02;-0,02;-0,04;-0,04;-0,02;-0,02;-0,03;-0,03;-0,02;-0,02;-0,01;-0,01;0,0;0,0;0,0;0,0;-0,01;-0,01;-0,05;-0,05;-0,02;-0,02;-0,01;-0,01;-0,1;-0,1;-0,03;-0,03;-0,03;-0,03;-0,04;-0,04;-0,02;-0,02;-0,01;-0,01;-0,01;-0,01;-0,02;-0,02;-0,01;-0,01;-0,03;-0,03;-0,02;-0,02
01.08.2026;00:15;00:30;0,0;0,0;0,0;0,0;-0,01;-0,01;-0,08;-0,08;0,0;0,0;-0,01;-0,01;-0,04;-0,04;-0,04;-0,04;-0,03;-0,03;-0,02;-0,02;-0,02;-0,02;-0,01;-0,01;0,0;0,0;-0,02;-0,02;-0,07;-0,07;-0,04;-0,04;-0,01;-0,01;-0,28;-0,28;-0,02;-0,02;-0,03;-0,03;-0,04;-0,04;-0,03;-0,03;-0,01;-0,01;-0,01;-0,01;-0,03;-0,03;0,0;0,0;-0,03;-0,03;-0,03;-0,03
01.08.2026;00:30;00:45;0,0;0,0;-0,01;-0,01;-0,01;-0,01;-0,07;-0,07;0,0;0,0;-0,01;-0,01;-0,04;-0,04;-0,02;-0,02;-0,01;-0,01;-0,01;-0,01;-0,02;-0,02;-0,01;-0,01;0,0;0,0;-0,01;-0,01;-0,06;-0,06;-0,03;-0,03;-0,03;-0,03;-0,24;-0,24;-0,02;-0,02;-0,03;-0,03;-0,02;-0,02;-0,01;-0,01;-0,01;-0,01;-0,01;-0,01;-0,02;-0,02;-0,02;-0,02;-0,01;-0,01;-0,02;-0,02
01.08.2026;00:45;01:00;0,0;0,0;0,0;0,0;-0,01;-0,01;-0,07;-0,07;0,0;0,0;0,0;0,0;-0,04;-0,04;-0,03;-0,03;-0,02;-0,02;0,0;0,0;-0,01;-0,01;0,0;0,0;0,0;0,0;0,0;0,0;-0,1;-0,1;-0,02;-0,02;-0,03;-0,03;-0,07;-0,07;-0,02;-0,02;-0,03;-0,03;-0,03;-0,03;-0,01;-0,01;-0,01;-0,01;-0,02;-0,02;-0,02;-0,02;-0,01;-0,01;-0,01;-0,01;-0,02;-0,02
01.08.2026;01:00;01:15;0,0;0,0;0,0;0,0;-0,02;-0,02;-0,06;-0,06;0,0;0,0;-0,01;-0,01;-0,04;-0,04;-0,03;-0,03;-0,03;-0,03;-0,01;-0,01;-0,02;-0,02;-0,01;-0,01;0,0;0,0;-0,02;-0,02;-0,01;-0,01;-0,01;-0,01;-0,02;-0,02;-0,08;-0,08;-0,01;-0,01;-0,03;-0,03;-0,02;-0,02;-0,01;-0,01;-0,02;-0,02;-0,01;-0,01;-0,02;-0,02;-0,02;-0,02;-0,02;-0,02;-0,03;-0,03
01.08.2026;01:15;01:30;0,0;0,0;-0,01;-0,01;0,0;0,0;-0,1;-0,1;0,0;0,0;-0,02;-0,02;-0,04;-0,04;-0,01;-0,01;-0,02;-0,02;0,0;0,0;-0,01;-0,01;-0,01;-0,01;0,0;0,0;-0,02;-0,02;-0,02;-0,02;-0,02;-0,02;-0,04;-0,04;-0,07;-0,07;-0,03;-0,03;-0,02;-0,02;-0,03;-0,03;-0,03;-0,03;0,0;0,0;0,0;0,0;-0,03;-0,03;-0,02;-0,02;0,0;0,0;-0,02;-0,02
01.08.2026;01:30;01:45;0,0;0,0;0,0;0,0;-0,01;-0,01;-0,2;-0,2;0,0;0,0;-0,01;-0,01;-0,04;-0,04;-0,01;-0,01;-0,02;-0,02;-0,02;-0,02;-0,02;-0,02;-0,01;-0,01;0,0;0,0;0,0;0,0;-0,01;-0,01;-0,01;-0,01;-0,03;-0,03;-0,05;-0,05;-0,01;-0,01;-0,03;-0,03;-0,03;-0,03;-0,02;-0,02;-0,02;-0,02;-0,02;-0,02;-0,02;-0,02;-0,01;-0,01;-0,02;-0,02;-0,02;-0,02
01.08.2026;01:45;02:00;0,0;0,0;0,0;0,0;0,0;0,0;-0,06;-0,06;0,0;0,0;-0,01;-0,01;-0,04;-0,04;-0,01;-0,01;-0,02;-0,02;-0,02;-0,02;0,0;0,0;0,0;0,0;0,0;0,0;-0,01;-0,01;-0,01;-0,01;-0,01;-0,01;-0,02;-0,02;-0,04;-0,04;-0,02;-0,02;-0,02;-0,02;-0,02;-0,02;-0,01;-0,01;-0,01;-0,01;-0,01;-0,01;-0,02;-0,02;-0,01;-0,01;-0,01;-0,01;-0,02;-0,02
01.08.2026;02:00;02:15;0,0;0,0;0,0;0,0;-0,02;-0,02;-0,05;-0,05;0,0;0,0;0,0;0,0;-0,04;-0,04;-0,01;-0,01;-0,03;-0,03;-0,01;-0,01;0,0;0,0;-0,02;-0,02;0,0;0,0;-0,01;-0,01;-0,01;-0,01;-0,01;-0,01;-0,03;-0,03;-0,03;-0,03;-0,01;-0,01;-0,03;-0,03;-0,03;-0,03;-0,01;-0,01;-0,01;-0,01;-0,02;-0,02;-0,02;-0,02;-0,01;-0,01;-0,01;-0,01;-0,03;-0,03
01.08.2026;02:15;02:30;0,0;0,0;-0,01;-0,01;-0,01;-0,01;-0,06;-0,06;0,0;0,0;-0,02;-0,02;-0,04;-0,04;-0,01;-0,01;-0,03;-0,03;-0,01;-0,01;0,0;0,0;0,0;0,0;0,0;0,0;-0,02;-0,02;-0,02;-0,02;-0,01;-0,01;-0,03;-0,03;-0,05;-0,05;-0,01;-0,01;-0,02;-0,02;-0,03;-0,03;-0,02;-0,02;-0,01;-0,01;0,0;0,0;-0,02;-0,02;-0,01;-0,01;-0,01;-0,01;-0,02;-0,02
01.08.2026;02:30;02:45;0,0;0,0;0,0;0,0;-0,01;-0,01;-0,06;-0,06;0,0;0,0;-0,01;-0,01;-0,04;-0,04;-0,01;-0,01;-0,02;-0,02;-0,01;-0,01;-0,02;-0,02;-0,01;-0,01;0,0;0,0;-0,01;-0,01;-0,01;-0,01;-0,01;-0,01;-0,03;-0,03;-0,05;-0,05;-0,02;-0,02;-0,03;-0,03;-0,03;-0,03;-0,02;-0,02;-0,01;-0,01;-0,01;-0,01;-0,02;-0,02;-0,02;-0,02;-0,01;-0,01;-0,02;-0,02
01.08.2026;02:45;03:00;0,0;0,0;0,0;0,0;-0,01;-0,01;-0,06;-0,06;0,0;0,0;-0,01;-0,01;-0,04;-0,04;-0,01;-0,01;-0,01;-0,01;0,0;0,0;-0,02;-0,02;-0,01;-0,01;0,0;0,0;0,0;0,0;-0,01;-0,01;-0,01;-0,01;-0,03;-0,03;-0,05;-0,05;0,0;0,0;-0,02;-0,02;-0,02;-0,02;-0,01;-0,01;-0,01;-0,01;-0,02;-0,02;-0,02;-0,02;-0,01;-0,01;-0,01;-0,01;-0,02;-0,02
01.08.2026;03:00;03:15;0,0;0,0;0,0;0,0;0,0;0,0;-0,06;-0,06;-0,01;-0,01;0,0;0,0;-0,04;-0,04;-0,01;-0,01;-0,03;-0,03;-0,01;-0,01;-0,01;-0,01;-0,01;-0,01;-0,01;-0,01;-0,02;-0,02;-0,04;-0,04;-0,02;-0,02;-0,02;-0,02;-0,05;-0,05;-0,02;-0,02;-0,02;-0,02;-0,03;-0,03;-0,01;-0,01;-0,01;-0,01;-0,01;-0,01;-0,02;-0,02;-0,02;-0,02;-0,01;-0,01;-0,02;-0,02
01.08.2026;03:15;03:30;0,0;0,0;0,0;0,0;-0,01;-0,01;-0,08;-0,08;0,0;0,0;-0,01;-0,01;-0,04;-0,04;-0,01;-0,01;-0,02;-0,02;-0,01;-0,01;-0,02;-0,02;0,0;0,0;0,0;0,0;-0,01;-0,01;-0,03;-0,03;-0,01;-0,01;-0,01;-0,01;-0,05;-0,05;-0,01;-0,01;-0,02;-0,02;-0,02;-0,02;-0,01;-0,01;-0,01;-0,01;-0,03;-0,03;-0,03;-0,03;0,0;0,0;-0,01;-0,01;-0,01;-0,01
01.08.2026;03:30;03:45;0,0;0,0;-0,01;-0,01;-0,01;-0,01;-0,06;-0,06;0,0;0,0;-0,02;-0,02;-0,04;-0,04;-0,01;-0,01;-0,03;-0,03;-0,02;-0,02;-0,01;-0,01;-0,01;-0,01;0,0;0,0;-0,01;-0,01;-0,03;-0,03;-0,02;-0,02;-0,02;-0,02;-0,04;-0,04;-0,01;-0,01;-0,02;-0,02;-0,04;-0,04;-0,03;-0,03;-0,02;-0,02;-0,04;-0,04;-0,02;-0,02;-0,01;-0,01;-0,01;-0,01;-0,02;-0,02
01.08.2026;03:45;04:00;0,0;0,0;0,0;0,0;-0,02;-0,02;-0,06;-0,06;0,0;0,0;-0,01;-0,01;-0,04;-0,04;0,0;0,0;-0,03;-0,03;-0,02;-0,02;-0,01;-0,01;-0,01;-0,01;0,0;0,0;0,0;0,0;-0,02;-0,02;-0,02;-0,02;-0,01;-0,01;-0,04;-0,04;-0,02;-0,02;-0,02;-0,02;-0,02;-0,02;-0,02;-0,02;-0,01;-0,01;-0,03;-0,03;-0,02;-0,02;-0,02;-0,02;-0,01;-0,01;-0,01;-0,01
01.08.2026;04:00;04:15;0,0;0,0;0,0;0,0;-0,01;-0,01;-0,06;-0,06;0,0;0,0;0,0;0,0;-0,04;-0,04;-0,02;-0,02;-0,01;-0,01;-0,01;-0,01;-0,01;-0,01;0,0;0,0;0,0;0,0;-0,02;-0,02;-0,14;-0,14;-0,01;-0,01;-0,01;-0,01;-0,05;-0,05;-0,01;-0,01;-0,02;-0,02;-0,03;-0,03;-0,01;-0,01;-0,01;-0,01;-0,03;-0,03;-0,02;-0,02;-0,01;-0,01;-0,01;-0,01;0,0;0,0
01.08.2026;04:15;04:30;0,0;0,0;0,0;0,0;-0,01;-0,01;-0,07;-0,07;0,0;0,0;-0,01;-0,01;-0,04;-0,04;0,0;0,0;-0,03;-0,03;0,0;0,0;0,0;0,0;-0,02;-0,02;0,0;0,0;-0,02;-0,02;-0,01;-0,01;-0,01;-0,01;-0,01;-0,01;-0,03;-0,03;-0,02;-0,02;-0,03;-0,03;-0,02;-0,02;-0,01;-0,01;-0,01;-0,01;-0,02;-0,02;-0,02;-0,02;-0,02;-0,02;-0,01;-0,01;0,0;0,0
01.08.2026;04:30;04:45;0,0;0,0;-0,01;-0,01;0,0;0,0;-0,06;-0,06;0,0;0,0;-0,01;-0,01;-0,04;-0,04;-0,01;-0,01;-0,03;-0,03;0,0;0,0;0,0;0,0;-0,01;-0,01;0,0;0,0;0,0;0,0;-0,01;-0,01;-0,01;-0,01;0,0;0,0;-0,02;-0,02;-0,01;-0,01;-0,02;-0,02;-0,02;-0,02;-0,02;-0,02;-0,01;-0,01;-0,02;-0,02;-0,02;-0,02;-0,01;-0,01;-0,01;-0,01;0,0;0,0
01.08.2026;04:45;05:00;0,0;0,0;0,0;0,0;-0,01;-0,01;-0,08;-0,08;0,0;0,0;-0,02;-0,02;-0,05;-0,05;-0,01;-0,01;-0,02;-0,02;-0,01;-0,01;-0,02;-0,02;0,0;0,0;0,0;0,0;-0,01;-0,01;-0,02;-0,02;-0,01;-0,01;-0,01;-0,01;-0,02;-0,02;-0,01;-0,01;-0,02;-0,02;-0,03;-0,03;-0,02;-0,02;-0,01;-0,01;-0,02;-0,02;0,0;0,0;0,0;0,0;-0,01;-0,01;-0,03;-0,03
01.08.2026;05:00;05:15;0,0;0,0;0,0;0,0;-0,01;-0,01;-0,09;-0,09;0,0;0,0;0,0;0,0;-0,05;-0,05;-0,01;-0,01;-0,02;-0,02;-0,02;-0,02;-0,01;-0,01;-0,01;-0,01;0,0;0,0;-0,02;-0,02;0,0;0,0;-0,01;-0,01;-0,01;-0,01;-0,01;-0,01;-0,01;-0,01;-0,02;-0,02;-0,02;-0,02;-0,02;-0,02;-0,01;-0,01;-0,01;-0,01;0,0;0,0;-0,02;-0,02;-0,01;-0,01;-0,03;-0,03
01.08.2026;05:15;05:30;0,0;0,0;0,0;0,0;-0,01;-0,01;-0,2;-0,2;0,0;0,0;-0,01;-0,01;-0,03;-0,03;-0,01;-0,01;-0,02;-0,02;-0,02;-0,02;-0,02;-0,02;-0,01;-0,01;0,0;0,0;-0,01;-0,01;-0,02;-0,02;-0,01;-0,01;-0,02;-0,02;-0,01;-0,01;-0,01;-0,01;-0,02;-0,02;-0,02;-0,02;-0,01;-0,01;-0,03;-0,03;-0,01;-0,01;0,0;0,0;-0,01;-0,01;-0,01;-0,01;-0,02;-0,02
01.08.2026;05:30;05:45;0,0;0,0;-0,01;-0,01;-0,02;-0,02;-0,09;-0,09;0,0;0,0;-0,01;-0,01;-0,04;-0,04;-0,01;-0,01;-0,02;-0,02;-0,01;-0,01;-0,01;-0,01;-0,01;-0,01;0,0;0,0;-0,01;-0,01;-0,01;-0,01;-0,01;-0,01;-0,01;-0,01;-0,02;-0,02;-0,02;-0,02;-0,02;-0,02;-0,03;-0,03;-0,01;-0,01;-0,02;-0,02;-0,01;-0,01;-0,01;-0,01;-0,01;-0,01;-0,01;-0,01;-0,01;-0,01
01.08.2026;05:45;06:00;0,0;0,0;0,0;0,0;0,0;0,0;-0,18;-0,18;0,0;0,0;-0,02;-0,02;-0,05;-0,05;-0,01;-0,01;-0,02;-0,02;-0,01;-0,01;-0,02;-0,02;0,0;0,0;0,0;0,0;0,0;0,0;-0,01;-0,01;-0,02;-0,02;-0,01;-0,01;-0,01;-0,01;-0,01;-0,01;-0,02;-0,02;-0,01;-0,01;-0,02;-0,02;-0,02;-0,02;-0,02;-0,02;-0,02;-0,02;-0,02;-0,02;-0,01;-0,01;-0,02;-0,02
01.08.2026;06:00;06:15;0,01;0,01;0,0;0,0;-0,01;-0,01;-0,15;-0,15;0,0;0,0;-0,01;-0,01;-0,04;-0,04;-0,01;-0,01;-0,03;-0,03;0,0;0,0;-0,01;-0,01;-0,02;-0,02;0,0;0,0;-0,02;-0,02;-0,01;-0,01;0,0;0,0;0,0;0,0;-0,02;-0,02;-0,01;-0,01;-0,02;-0,02;-0,01;-0,01;-0,02;-0,02;-0,01;-0,01;-0,01;-0,01;-0,02;-0,02;-0,01;-0,01;-0,01;-0,01;-0,01;-0,01
01.08.2026;06:15;06:30;0,01;0,01;0,0;0,0;0,0;0,0;-0,17;-0,17;0,0;0,0;0,0;0,0;-0,04;-0,04;0,0;0,0;-0,06;-0,06;-0,01;-0,01;-0,01;-0,01;0,0;0,0;0,0;0,0;-0,02;-0,02;-0,01;-0,01;-0,02;-0,02;-0,01;-0,01;0,0;0,0;-0,04;-0,04;-0,02;-0,02;-0,01;-0,01;-0,01;-0,01;-0,02;-0,02;-0,01;-0,01;-0,02;-0,02;-0,01;-0,01;-0,01;-0,01;-0,01;-0,01
01.08.2026;06:30;06:45;0,01;0,01;0,0;0,0;-0,01;-0,01;-0,18;-0,18;0,0;0,0;-0,01;-0,01;-0,04;-0,04;-0,02;-0,02;-0,08;-0,08;-0,01;-0,01;-0,01;-0,01;-0,01;-0,01;0,0;0,0;-0,02;-0,02;-0,01;-0,01;-0,01;-0,01;-0,01;-0,01;-0,01;-0,01;-0,02;-0,02;-0,02;-0,02;-0,02;-0,02;-0,01;-0,01;-0,01;-0,01;-0,02;-0,02;-0,02;-0,02;-0,01;-0,01;-0,01;-0,01;-0,01;-0,01
01.08.2026;06:45;07:00;0,04;0,04;-0,01;-0,01;-0,02;-0,02;-0,21;-0,21;0,0;0,0;-0,01;-0,01;-0,04;-0,04;0,0;0,0;-0,03;-0,03;-0,02;-0,02;0,0;0,0;-0,01;-0,01;0,0;0,0;-0,04;-0,04;-0,01;-0,01;0,0;0,0;-0,01;-0,01;-0,01;-0,01;-0,03;-0,03;-0,02;-0,02;0,0;0,0;-0,01;-0,01;-0,01;-0,01;-0,01;-0,01;-0,02;-0,02;-0,01;-0,01;-0,03;-0,03;-0,01;-0,01
01.08.2026;07:00;07:15;0,07;0,07;0,0;0,0;-0,02;-0,02;-0,17;-0,17;0,0;0,0;-0,02;-0,02;-0,1;-0,1;-0,01;-0,01;-0,03;-0,03;-0,01;-0,01;0,0;0,0;-0,01;-0,01;0,0;0,0;-0,02;-0,02;-0,02;-0,02;-0,03;-0,03;-0,01;-0,01;-0,01;-0,01;-0,03;-0,03;-0,02;-0,02;-0,02;-0,02;-0,03;-0,03;-0,02;-0,02;-0,01;-0,01;-0,02;-0,02;-0,01;-0,01;-0,05;-0,05;-0,17;-0,17
01.08.2026;07:15;07:30;0,37;0,11;0,0;0,0;-0,11;-0,1;-0,22;-0,17;0,0;0,0;0,0;0,0;-0,07;-0,06;-0,01;0,0;-0,03;-0,02;-0,02;-0,01;-0,02;-0,01;0,0;0,0;0,0;0,0;-0,01;0,0;-0,01;0,0;-0,05;-0,04;-0,01;0,0;-0,02;-0,01;-0,03;-0,02;-0,02;-0,01;-0,01;0,0;-0,02;-0,01;-0,01;0,0;-0,01;0,0;-0,02;-0,01;-0,02;-0,01;-0,01;0,0;-0,02;-0,01
01.08.2026;07:30;07:45;0,38;0,11;0,0;0,0;-0,03;-0,02;-0,23;-0,17;0,0;0,0;-0,01;0,0;-0,06;-0,05;-0,01;0,0;-0,03;-0,02;0,0;0,0;-0,02;-0,01;-0,02;-0,01;0,0;0,0;-0,01;0,0;-0,02;-0,01;-0,14;-0,13;0,0;0,0;-0,01;0,0;-0,03;-0,02;-0,02;-0,01;-0,01;0,0;-0,01;0,0;-0,01;0,0;-0,02;-0,01;-0,02;-0,01;-0,02;-0,01;-0,03;-0,02;-0,01;0,0
01.08.2026;07:45;08:00;0,51;0,2;-0,01;0,0;-0,03;-0,02;-0,13;-0,03;0,0;0,0;-0,01;0,0;-0,09;-0,08;-0,01;0,0;-0,02;-0,01;0,0;0,0;-0,01;0,0;0,0;0,0;0,0;0,0;-0,02;-0,01;-0,01;0,0;-0,06;-0,05;-0,01;0,0;0,0;0,0;-0,02;-0,01;-0,03;-0,02;-0,01;0,0;-0,01;0,0;-0,02;-0,01;-0,01;0,0;-0,02;-0,01;-0,01;0,0;-0,01;0,0;-0,02;-0,01
01.08.2026;08:00;08:15;0,68;0,21;0,0;0,0;-0,03;-0,01;-0,19;-0,06;-0,01;0,0;-0,01;0,0;-0,2;-0,18;-0,01;0,0;-0,03;-0,01;-0,01;0,0;-0,01;0,0;0,0;0,0;-0,01;0,0;-0,05;-0,03;-0,1;-0,08;-0,07;-0,05;-0,01;0,0;-0,01;0,0;-0,03;-0,01;-0,02;0,0;-0,01;0,0;-0,01;0,0;-0,01;0,0;-0,01;0,0;-0,02;0,0;-0,01;0,0;-0,02;0,0;-0,01;0,0
01.08.2026;08:15;08:30;1,39;0,67;0,0;0,0;0,0;0,0;-0,17;0,0;0,0;0,0;-0,01;0,0;-0,09;0,0;-0,03;0,0;-0,02;0,0;-0,01;0,0;-0,02;0,0;-0,02;0,0;0,0;0,0;-0,02;0,0;-0,01;0,0;-0,06;0,0;-0,05;0,0;-0,02;0,0;-0,03;0,0;-0,03;0,0;-0,01;0,0;-0,03;0,0;-0,01;0,0;-0,01;0,0;-0,02;0,0;-0,01;0,0;-0,03;0,0;-0,01;0,0
01.08.2026;08:30;08:45;1,41;0,73;0,0;0,0;-0,01;0,0;-0,16;0,0;0,0;0,0;-0,01;0,0;-0,08;0,0;-0,03;0,0;-0,01;0,0;-0,02;0,0;-0,01;0,0;0,0;0,0;0,0;0,0;-0,01;0,0;-0,01;0,0;-0,06;0,0;-0,01;0,0;-0,01;0,0;-0,03;0,0;-0,08;0,0;-0,02;0,0;-0,02;0,0;-0,01;0,0;-0,02;0,0;-0,02;0,0;-0,01;0,0;-0,03;0,0;-0,01;0,0
01.08.2026;08:45;09:00;1,19;0,46;0,0;0,0;-0,01;0,0;-0,11;0,0;0,0;0,0;0,0;0,0;-0,07;0,0;-0,03;0,0;-0,04;0,0;-0,02;0,0;-0,01;0,0;-0,01;0,0;0,0;0,0;-0,39;-0,3;-0,01;0,0;-0,06;0,0;-0,1;-0,01;-0,02;0,0;-0,03;0,0;-0,03;0,0;-0,01;0,0;-0,01;0,0;-0,01;0,0;-0,01;0,0;-0,02;0,0;-0,01;0,0;-0,03;0,0;0,0;0,0
01.08.2026;09:00;09:15;1,93;0,66;-0,01;0,0;-0,19;-0,03;-0,12;0,0;0,0;0,0;-0,02;0,0;-0,08;0,0;-0,01;0,0;-0,09;0,0;-0,01;0,0;0,0;0,0;-0,01;0,0;0,0;0,0;-0,41;-0,25;-0,01;0,0;-0,08;0,0;-0,11;0,0;0,0;0,0;-0,03;0,0;-0,2;-0,04;-0,12;0,0;0,0;0,0;-0,01;0,0;-0,01;0,0;-0,02;0,0;-0,02;0,0;-0,03;0,0;0,0;0,0
01.08.2026;09:15;09:30;2,12;0,74;0,0;0,0;-0,26;-0,07;-0,13;0,0;0,0;0,0;-0,01;0,0;-0,09;0,0;-0,04;0,0;-0,24;-0,05;0,0;0,0;0,0;0,0;-0,01;0,0;0,0;0,0;-0,36;-0,17;-0,01;0,0;-0,04;0,0;-0,07;0,0;-0,01;0,0;-0,04;0,0;-0,3;-0,11;-0,04;0,0;-0,03;0,0;-0,02;0,0;-0,01;0,0;-0,02;0,0;-0,02;0,0;-0,02;0,0;-0,01;0,0
01.08.2026;09:30;09:45;1,8;0,98;0,0;0,0;-0,3;-0,12;-0,12;0,0;0,0;0,0;-0,01;0,0;-0,06;0,0;-0,03;0,0;-0,07;0,0;-0,01;0,0;-0,01;0,0;0,0;0,0;0,0;0,0;-0,03;0,0;-0,01;0,0;-0,03;0,0;-0,02;0,0;-0,01;0,0;-0,02;0,0;-0,07;0,0;-0,04;0,0;-0,02;0,0;0,0;0,0;-0,02;0,0;-0,02;0,0;0,0;0,0;-0,02;0,0;-0,02;0,0
01.08.2026;09:45;10:00;0,48;0,18;0,0;0,0;-0,32;-0,31;-0,14;-0,05;0,0;0,0;0,0;0,0;-0,05;-0,04;-0,03;-0,02;-0,05;-0,04;0,0;0,0;-0,02;-0,01;-0,02;-0,01;0,0;0,0;-0,05;-0,04;-0,02;-0,01;-0,03;-0,02;-0,01;0,0;-0,02;-0,01;-0,03;-0,02;-0,05;-0,04;-0,21;-0,2;-0,01;0,0;-0,02;-0,01;-0,01;0,0;-0,02;-0,01;-0,01;0,0;-0,03;-0,02;-0,02;-0,01
01.08.2026;10:00;10:15;0,0;0,0;-0,01;-0,01;-0,28;-0,28;-0,27;-0,27;0,0;0,0;-0,02;-0,02;-0,06;-0,06;-0,05;-0,05;-0,07;-0,07;-0,02;-0,02;-0,02;-0,02;-0,01;-0,01;0,0;0,0;-0,05;-0,05;-0,01;-0,01;-0,04;-0,04;-0,03;-0,03;-0,01;-0,01;-0,03;-0,03;-0,07;-0,07;-0,15;-0,15;-0,01;-0,01;-0,01;-0,01;-0,01;-0,01;-0,02;-0,02;-0,01;-0,01;-0,29;-0,29;-0,01;-0,01
01.08.2026;10:15;10:30;2,03;0,66;0,0;0,0;-0,29;-0,12;-0,12;0,0;0,0;0,0;-0,01;0,0;-0,13;0,0;-0,42;-0,25;-0,05;0,0;-0,02;0,0;-0,01;0,0;-0,03;0,0;0,0;0,0;-0,04;0,0;-0,11;0,0;-0,03;0,0;-0,03;0,0;-0,01;0,0;-0,02;0,0;-0,05;0,0;-0,13;0,0;-0,01;0,0;-0,01;0,0;-0,01;0,0;-0,02;0,0;-0,01;0,0;-0,31;-0,14;-0,01;0,0
01.08.2026;10:30;10:45;3,19;1,67;0,0;0,0;-0,44;-0,08;-0,12;0,0;0,0;0,0;-0,01;0,0;-0,18;0,0;-0,09;0,0;-0,07;0,0;-0,01;0,0;-0,01;0,0;-0,03;0,0;0,0;0,0;-0,14;0,0;-0,01;0,0;-0,05;0,0;-0,02;0,0;-0,01;0,0;-0,04;0,0;-0,07;0,0;-0,18;0,0;-0,03;0,0;-0,01;0,0;-0,02;0,0;-0,02;0,0;-0,02;0,0;-0,02;0,0;0,0;0,0
01.08.2026;10:45;11:00;3,3;1,8;0,0;0,0;-0,09;0,0;-0,1;0,0;0,0;0,0;0,0;0,0;-0,14;0,0;-0,39;-0,02;-0,07;0,0;-0,01;0,0;-0,02;0,0;-0,05;0,0;0,0;0,0;-0,2;0,0;-0,01;0,0;-0,05;0,0;-0,02;0,0;-0,01;0,0;-0,03;0,0;-0,13;0,0;-0,11;0,0;-0,02;0,0;-0,01;0,0;0,0;0,0;-0,02;0,0;-0,02;0,0;-0,02;0,0;0,0;0,0
01.08.2026;11:00;11:15;3,53;2,14;0,0;0,0;-0,11;0,0;-0,12;0,0;0,0;0,0;-0,01;0,0;-0,15;0,0;-0,18;0,0;-0,06;0,0;-0,01;0,0;-0,01;0,0;-0,02;0,0;0,0;0,0;-0,04;0,0;-0,02;0,0;-0,05;0,0;-0,02;0,0;-0,02;0,0;-0,04;0,0;-0,28;0,0;-0,13;0,0;-0,01;0,0;-0,01;0,0;-0,02;0,0;-0,02;0,0;-0,01;0,0;-0,04;0,0;-0,01;0,0
01.08.2026;11:15;11:30;2,97;1,47;-0,01;0,0;-0,18;0,0;-0,14;0,0;0,0;0,0;-0,02;0,0;-0,06;0,0;-0,21;0,0;-0,06;0,0;0,0;0,0;-0,01;0,0;-0,06;0,0;0,0;0,0;-0,03;0,0;-0,01;0,0;-0,06;0,0;-0,03;0,0;-0,04;0,0;-0,02;0,0;-0,32;-0,01;-0,13;0,0;-0,01;0,0;-0,01;0,0;-0,02;0,0;-0,02;0,0;-0,01;0,0;-0,03;0,0;-0,02;0,0
01.08.2026;11:30;11:45;2,4;0,96;0,0;0,0;-0,17;0,0;-0,08;0,0;0,0;0,0;-0,01;0,0;-0,04;0,0;-0,22;0,0;-0,03;0,0;-0,01;0,0;0,0;0,0;-0,18;0,0;0,0;0,0;-0,02;0,0;-0,01;0,0;-0,05;0,0;-0,01;0,0;-0,02;0,0;-0,04;0,0;-0,31;-0,08;-0,31;-0,08;-0,02;0,0;-0,01;0,0;0,0;0,0;-0,02;0,0;-0,01;0,0;-0,02;0,0;-0,01;0,0
01.08.2026;11:45;12:00;2,77;1,48;0,0;0,0;-0,03;0,0;-0,11;0,0;-0,01;0,0;0,0;0,0;-0,04;0,0;-0,11;0,0;-0,02;0,0;-0,02;0,0;0,0;0,0;-0,05;0,0;0,0;0,0;-0,02;0,0;-0,03;0,0;-0,06;0,0;-0,01;0,0;-0,22;0,0;-0,03;0,0;-0,24;0,0;-0,11;0,0;-0,02;0,0;-0,02;0,0;-0,01;0,0;0,0;0,0;-0,01;0,0;-0,1;0,0;-0,02;0,0
01.08.2026;12:00;12:15;3,15;1,82;0,0;0,0;-0,01;0,0;-0,13;0,0;0,0;0,0;-0,01;0,0;-0,04;0,0;-0,08;0,0;-0,03;0,0;-0,01;0,0;-0,01;0,0;-0,1;0,0;0,0;0,0;-0,06;0,0;-0,04;0,0;-0,05;0,0;-0,02;0,0;-0,54;-0,17;-0,04;0,0;-0,15;0,0;-0,08;0,0;-0,02;0,0;0,0;0,0;-0,02;0,0;0,0;0,0;-0,01;0,0;-0,04;0,0;-0,01;0,0
01.08.2026;12:15;12:30;2,09;0,72;-0,01;0,0;-0,03;0,0;-0,26;0,0;0,0;0,0;-0,01;0,0;-0,04;0,0;-0,33;-0,15;-0,02;0,0;-0,02;0,0;-0,02;0,0;-0,02;0,0;0,0;0,0;-0,12;0,0;-0,05;0,0;-0,01;0,0;-0,01;0,0;-0,25;-0,07;-0,02;0,0;-0,18;0,0;-0,07;0,0;-0,01;0,0;-0,02;0,0;-0,02;0,0;-0,01;0,0;-0,02;0,0;-0,03;0,0;-0,01;0,0
01.08.2026;12:30;12:45;3,3;1,97;0,0;0,0;-0,02;0,0;-0,18;0,0;0,0;0,0;-0,02;0,0;-0,04;0,0;-0,24;0,0;-0,02;0,0;-0,01;0,0;-0,02;0,0;-0,03;0,0;0,0;0,0;-0,28;0,0;-0,04;0,0;-0,01;0,0;0,0;0,0;-0,03;0,0;-0,04;0,0;-0,16;0,0;-0,11;0,0;-0,01;0,0;-0,01;0,0;0,0;0,0;0,0;0,0;-0,01;0,0;-0,05;0,0;0,0;0,0
01.08.2026;12:45;13:00;3,17;2,28;0,0;0,0;-0,03;0,0;-0,18;0,0;0,0;0,0;-0,01;0,0;-0,04;0,0;-0,14;0,0;-0,03;0,0;0,0;0,0;-0,01;0,0;-0,02;0,0;0,0;0,0;-0,03;0,0;-0,12;0,0;-0,01;0,0;-0,01;0,0;-0,04;0,0;-0,03;0,0;-0,05;0,0;-0,05;0,0;-0,03;0,0;-0,01;0,0;-0,01;0,0;-0,01;0,0;-0,01;0,0;-0,02;0,0;0,0;0,0
01.08.2026;13:00;13:15;3,73;2,95;0,0;0,0;-0,03;0,0;-0,14;0,0;0,0;0,0;0,0;0,0;-0,05;0,0;-0,16;0,0;-0,01;0,0;0,0;0,0;-0,02;0,0;-0,02;0,0;-0,01;0,0;-0,04;0,0;-0,04;0,0;-0,01;0,0;-0,01;0,0;-0,03;0,0;-0,03;0,0;-0,05;0,0;-0,02;0,0;-0,02;0,0;-0,01;0,0;-0,02;0,0;-0,02;0,0;-0,01;0,0;-0,02;0,0;-0,01;0,0
01.08.2026;13:15;13:30;0,83;0,22;0,0;0,0;-0,03;0,0;-0,2;-0,04;0,0;0,0;-0,01;0,0;-0,04;-0,01;-0,38;-0,35;-0,02;0,0;-0,01;0,0;-0,01;0,0;-0,03;0,0;0,0;0,0;-0,08;-0,05;-0,05;-0,02;-0,02;0,0;-0,01;0,0;-0,02;0,0;-0,04;-0,01;-0,06;-0,03;-0,02;0,0;0,0;0,0;-0,02;0,0;-0,01;0,0;-0,02;0,0;-0,01;0,0;-0,01;0,0;-0,02;0,0
01.08.2026;13:30;13:45;0,0;0,0;-0,01;-0,01;-0,04;-0,04;-0,24;-0,24;0,0;0,0;-0,02;-0,02;-0,04;-0,04;-0,11;-0,11;-0,02;-0,02;-0,02;-0,02;-0,01;-0,01;-0,03;-0,03;0,0;0,0;-0,24;-0,24;-0,04;-0,04;-0,01;-0,01;-0,01;-0,01;-0,15;-0,15;-0,02;-0,02;-0,04;-0,04;0,0;0,0;-0,01;-0,01;-0,09;-0,09;-0,01;-0,01;-0,02;-0,02;-0,02;-0,02;-0,01;-0,01;-0,02;-0,02
01.08.2026;13:45;14:00;0,07;0,07;0,0;0,0;-0,04;-0,04;-0,24;-0,24;0,0;0,0;-0,01;-0,01;-0,04;-0,04;-0,08;-0,08;-0,01;-0,01;-0,02;-0,02;-0,01;-0,01;-0,09;-0,09;0,0;0,0;-0,07;-0,07;-0,04;-0,04;-0,01;-0,01;-0,02;-0,02;-0,15;-0,15;-0,04;-0,04;-0,06;-0,06;-0,02;-0,02;-0,03;-0,03;-0,01;-0,01;-0,02;-0,02;-0,01;-0,01;-0,01;-0,01;-0,01;-0,01;-0,01;-0,01
01.08.2026;14:00;14:15;1,19;0,34;0,0;0,0;-0,03;0,0;-0,23;0,0;0,0;0,0;0,0;0,0;-0,05;0,0;-0,11;-0,02;-0,03;0,0;-0,02;0,0;0,0;0,0;-0,03;0,0;0,0;0,0;-0,03;0,0;-0,04;0,0;-0,01;0,0;-0,01;0,0;-0,14;-0,05;-0,03;0,0;-0,05;0,0;-0,01;0,0;-0,02;0,0;-0,02;0,0;-0,01;0,0;0,0;0,0;-0,02;0,0;-0,01;0,0;-0,02;0,0
01.08.2026;14:15;14:30;1,39;0,48;0,0;0,0;-0,02;0,0;-0,24;0,0;0,0;0,0;-0,01;0,0;-0,06;0,0;-0,15;-0,05;-0,02;0,0;0,0;0,0;-0,01;0,0;-0,03;0,0;0,0;0,0;-0,04;0,0;-0,1;0,0;-0,01;0,0;-0,01;0,0;-0,14;-0,04;-0,03;0,0;-0,04;0,0;-0,01;0,0;-0,01;0,0;-0,01;0,0;-0,01;0,0;-0,01;0,0;-0,02;0,0;-0,01;0,0;-0,01;0,0
01.08.2026;14:30;14:45;1,45;0,61;-0,01;0,0;-0,02;0,0;-0,25;0,0;0,0;0,0;-0,01;0,0;-0,06;0,0;-0,12;0,0;-0,01;0,0;0,0;0,0;-0,01;0,0;-0,02;0,0;0,0;0,0;-0,05;0,0;-0,02;0,0;-0,01;0,0;-0,01;0,0;-0,1;0,0;-0,04;0,0;-0,03;0,0;-0,01;0,0;-0,01;0,0;-0,01;0,0;-0,01;0,0;-0,01;0,0;0,0;0,0;-0,02;0,0;0,0;0,0
01.08.2026;14:45;15:00;1,57;0,74;0,0;0,0;-0,01;0,0;-0,24;0,0;0,0;0,0;-0,02;0,0;-0,16;-0,02;-0,03;0,0;-0,03;0,0;-0,01;0,0;-0,02;0,0;-0,04;0,0;0,0;0,0;-0,05;0,0;-0,02;0,0;-0,01;0,0;-0,03;0,0;-0,01;0,0;-0,02;0,0;-0,04;0,0;-0,01;0,0;-0,02;0,0;-0,01;0,0;-0,02;0,0;-0,01;0,0;-0,03;0,0;-0,01;0,0;0,0;0,0
01.08.2026;15:00;15:15;2,77;1,78;0,0;0,0;-0,02;0,0;-0,25;0,0;0,0;0,0;0,0;0,0;-0,06;0,0;-0,02;0,0;-0,03;0,0;-0,01;0,0;-0,01;0,0;-0,04;0,0;0,0;0,0;-0,2;0,0;-0,01;0,0;-0,01;0,0;-0,03;0,0;-0,01;0,0;-0,04;0,0;-0,03;0,0;-0,01;0,0;-0,02;0,0;-0,01;0,0;-0,01;0,0;-0,02;0,0;-0,14;0,0;-0,01;0,0;0,0;0,0
01.08.2026;15:15;15:30;1,89;0,71;0,0;0,0;-0,03;0,0;-0,25;0,0;0,0;0,0;-0,01;0,0;-0,24;-0,07;-0,01;0,0;-0,01;0,0;-0,02;0,0;-0,02;0,0;-0,05;0,0;0,0;0,0;-0,48;-0,31;-0,01;0,0;-0,01;0,0;-0,03;0,0;-0,02;0,0;-0,03;0,0;-0,03;0,0;-0,01;0,0;-0,02;0,0;-0,05;0,0;-0,01;0,0;-0,01;0,0;-0,3;-0,13;-0,01;0,0;-0,03;0,0
01.08.2026;15:30;15:45;1,91;0,83;-0,01;0,0;-0,02;0,0;-0,15;0,0;0,0;0,0;-0,01;0,0;-0,19;0,0;-0,02;0,0;-0,02;0,0;-0,01;0,0;-0,01;0,0;-0,05;0,0;0,0;0,0;-0,12;0,0;-0,03;0,0;-0,01;0,0;-0,02;0,0;-0,01;0,0;-0,04;0,0;-0,03;0,0;-0,02;0,0;-0,01;0,0;-0,06;0,0;-0,01;0,0;-0,02;0,0;-0,46;-0,27;-0,01;0,0;-0,01;0,0
01.08.2026;15:45;16:00;2,49;1,41;0,0;0,0;-0,03;0,0;-0,09;0,0;0,0;0,0;-0,01;0,0;-0,23;0,0;-0,01;0,0;-0,03;0,0;-0,02;0,0;-0,01;0,0;-0,04;0,0;0,0;0,0;-0,05;0,0;-0,01;0,0;-0,01;0,0;-0,02;0,0;-0,01;0,0;-0,03;0,0;-0,03;0,0;-0,01;0,0;-0,01;0,0;-0,07;0,0;-0,02;0,0;-0,01;0,0;-0,39;-0,1;-0,02;0,0;-0,02;0,0
01.08.2026;16:00;16:15;1,95;1,22;0,0;0,0;-0,03;0,0;-0,07;0,0;0,0;0,0;-0,02;0,0;-0,16;0,0;-0,01;0,0;-0,02;0,0;0,0;0,0;-0,02;0,0;-0,03;0,0;0,0;0,0;-0,06;0,0;-0,03;0,0;-0,01;0,0;-0,02;0,0;-0,01;0,0;-0,03;0,0;-0,02;0,0;-0,01;0,0;-0,02;0,0;-0,08;0,0;-0,01;0,0;-0,01;0,0;-0,04;0,0;-0,01;0,0;-0,01;0,0
01.08.2026;16:15;16:30;1,88;1,17;0,0;0,0;0,0;0,0;-0,08;0,0;0,0;0,0;0,0;0,0;-0,06;0,0;-0,01;0,0;-0,02;0,0;-0,01;0,0;0,0;0,0;-0,04;0,0;0,0;0,0;-0,05;0,0;-0,06;0,0;-0,02;0,0;-0,03;0,0;0,0;0,0;-0,05;0,0;-0,02;0,0;-0,02;0,0;-0,03;0,0;-0,07;0,0;-0,01;0,0;-0,01;0,0;-0,1;0,0;-0,01;0,0;-0,01;0,0
01.08.2026;16:30;16:45;1,64;0,88;0,0;0,0;-0,01;0,0;-0,1;0,0;0,0;0,0;-0,01;0,0;-0,06;0,0;-0,08;0,0;-0,03;0,0;0,0;0,0;0,0;0,0;-0,01;0,0;0,0;0,0;-0,08;0,0;-0,09;0,0;-0,01;0,0;-0,03;0,0;-0,02;0,0;-0,02;0,0;-0,03;0,0;-0,01;0,0;-0,01;0,0;-0,08;0,0;-0,01;0,0;-0,02;0,0;-0,03;0,0;-0,01;0,0;-0,01;0,0
01.08.2026;16:45;17:00;1,47;0,72;-0,01;0,0;0,0;0,0;-0,15;0,0;-0,01;0,0;-0,01;0,0;-0,06;0,0;-0,02;0,0;-0,01;0,0;-0,02;0,0;0,0;0,0;0,0;0,0;0,0;0,0;-0,04;0,0;-0,12;0,0;-0,01;0,0;-0,03;0,0;-0,02;0,0;-0,04;0,0;-0,02;0,0;-0,01;0,0;-0,01;0,0;-0,08;0,0;-0,02;0,0;-0,01;0,0;-0,04;0,0;-0,01;0,0;0,0;0,0
01.08.2026;17:00;17:15;1,42;0,43;0,0;0,0;-0,01;0,0;-0,24;0,0;0,0;0,0;-0,02;0,0;-0,14;-0,04;-0,03;0,0;-0,03;0,0;-0,01;0,0;-0,02;0,0;-0,04;0,0;0,0;0,0;-0,03;0,0;-0,06;0,0;-0,01;0,0;-0,03;0,0;-0,11;-0,01;-0,03;0,0;-0,02;0,0;-0,02;0,0;-0,01;0,0;-0,06;0,0;0,0;0,0;-0,01;0,0;-0,22;-0,12;-0,01;0,0;0,0;0,0
01.08.2026;17:15;17:30;0,73;0,25;0,0;0,0;-0,01;0,0;-0,06;0,0;0,0;0,0;0,0;0,0;-0,06;-0,04;-0,04;-0,02;-0,02;0,0;-0,02;0,0;-0,02;0,0;-0,03;-0,01;0,0;0,0;-0,03;-0,01;-0,05;-0,03;-0,04;-0,02;-0,02;0,0;-0,11;-0,09;-0,04;-0,02;-0,02;0,0;-0,01;0,0;-0,03;-0,01;-0,04;-0,02;-0,02;0,0;-0,02;0,0;-0,33;-0,31;-0,02;0,0;-0,02;0,0
01.08.2026;17:30;17:45;0,0;0,0;0,0;0,0;-0,02;-0,02;-0,16;-0,16;0,0;0,0;-0,01;-0,01;-0,06;-0,06;-0,04;-0,04;-0,02;-0,02;-0,01;-0,01;-0,01;-0,01;-0,03;-0,03;0,0;0,0;-0,04;-0,04;-0,02;-0,02;-0,03;-0,03;-0,02;-0,02;-0,03;-0,03;-0,02;-0,02;-0,02;-0,02;-0,01;-0,01;-0,02;-0,02;-0,05;-0,05;-0,01;-0,01;-0,01;-0,01;-0,27;-0,27;-0,01;-0,01;-0,02;-0,02
01.08.2026;17:45;18:00;0,08;0,08;-0,01;-0,01;-0,01;-0,01;-0,17;-0,17;0,0;0,0;-0,01;-0,01;-0,05;-0,05;-0,03;-0,03;-0,03;-0,03;-0,01;-0,01;-0,02;-0,02;-0,02;-0,02;0,0;0,0;-0,02;-0,02;-0,02;-0,02;-0,03;-0,03;-0,03;-0,03;-0,01;-0,01;-0,04;-0,04;-0,02;-0,02;-0,01;-0,01;-0,01;-0,01;-0,05;-0,05;-0,01;-0,01;-0,02;-0,02;-0,22;-0,22;-0,02;-0,02;-0,01;-0,01
01.08.2026;18:00;18:15;0,13;0,11;0,0;0,0;-0,01;-0,01;-0,11;-0,09;0,0;0,0;-0,01;-0,01;-0,04;-0,04;-0,02;-0,02;-0,01;-0,01;0,0;0,0;-0,01;-0,01;-0,03;-0,03;-0,01;-0,01;-0,04;-0,04;-0,02;-0,02;-0,03;-0,03;-0,03;-0,03;-0,01;-0,01;-0,03;-0,03;-0,02;-0,02;-0,01;-0,01;0,0;0,0;-0,06;-0,06;-0,01;-0,01;-0,01;-0,01;-0,2;-0,2;-0,01;-0,01;-0,01;-0,01
01.08.2026;18:15;18:30;0,14;0,11;0,0;0,0;-0,02;-0,02;-0,08;-0,05;0,0;0,0;-0,01;-0,01;-0,04;-0,04;-0,01;-0,01;-0,03;-0,03;0,0;0,0;-0,01;-0,01;-0,02;-0,02;0,0;0,0;-0,04;-0,04;-0,02;-0,02;-0,03;-0,03;-0,03;-0,03;-0,02;-0,02;-0,03;-0,03;-0,02;-0,02;-0,02;-0,02;-0,03;-0,03;-0,05;-0,05;-0,02;-0,02;-0,02;-0,02;-0,18;-0,18;-0,02;-0,02;-0,02;-0,02
01.08.2026;18:30;18:45;0,12;0,11;0,0;0,0;0,0;0,0;-0,16;-0,15;0,0;0,0;-0,01;-0,01;-0,04;-0,04;-0,01;-0,01;-0,03;-0,03;-0,02;-0,02;-0,02;-0,02;-0,03;-0,03;0,0;0,0;-0,03;-0,03;-0,02;-0,02;-0,03;-0,03;-0,01;-0,01;-0,01;-0,01;-0,04;-0,04;-0,02;-0,02;-0,01;-0,01;-0,37;-0,37;-0,04;-0,04;-0,01;-0,01;-0,01;-0,01;-0,15;-0,15;-0,08;-0,08;-0,01;-0,01
01.08.2026;18:45;19:00;0,21;0,16;0,0;0,0;0,0;0,0;-0,08;-0,03;0,0;0,0;-0,01;-0,01;-0,04;-0,04;-0,03;-0,03;-0,02;-0,02;-0,02;-0,02;0,0;0,0;-0,13;-0,13;0,0;0,0;-0,32;-0,32;-0,02;-0,02;-0,05;-0,05;-0,01;-0,01;-0,01;-0,01;-0,02;-0,02;-0,03;-0,03;-0,01;-0,01;-0,19;-0,19;-0,05;-0,05;-0,01;-0,01;-0,02;-0,02;-0,15;-0,15;-0,04;-0,04;0,0;0,0
01.08.2026;19:00;19:15;0,62;0,17;-0,01;0,0;-0,01;0,0;-0,14;-0,05;0,0;0,0;-0,01;0,0;-0,04;-0,02;-0,02;0,0;-0,03;-0,01;-0,02;0,0;0,0;0,0;-0,03;-0,01;0,0;0,0;-0,04;-0,02;-0,02;0,0;-0,11;-0,09;-0,01;0,0;-0,01;0,0;-0,04;-0,02;-0,02;0,0;-0,01;0,0;-0,29;-0,27;-0,05;-0,03;-0,01;0,0;-0,01;0,0;-0,15;-0,13;-0,04;-0,02;0,0;0,0
01.08.2026;19:15;19:30;0,48;0,19;0,0;0,0;0,0;0,0;-0,08;0,0;0,0;0,0;-0,02;-0,01;-0,04;-0,03;0,0;0,0;-0,03;-0,02;-0,01;0,0;-0,01;0,0;-0,04;-0,03;0,0;0,0;-0,03;-0,02;-0,02;-0,01;-0,11;-0,1;-0,02;-0,01;-0,01;0,0;-0,03;-0,02;-0,02;-0,01;-0,01;0,0;-0,4;-0,39;-0,05;-0,04;-0,02;-0,01;-0,02;-0,01;-0,16;-0,15;-0,04;-0,03;-0,04;-0,03
01.08.2026;19:30;19:45;0,38;0,11;0,0;0,0;-0,02;-0,01;-0,1;-0,04;0,0;0,0;0,0;0,0;-0,04;-0,03;-0,02;-0,01;-0,02;-0,01;0,0;0,0;-0,01;0,0;-0,08;-0,07;0,0;0,0;-0,02;-0,01;-0,04;-0,03;-0,14;-0,13;-0,01;0,0;-0,01;0,0;-0,02;-0,01;-0,02;-0,01;-0,01;0,0;-0,03;-0,02;-0,04;-0,03;-0,01;0,0;-0,46;-0,45;-0,15;-0,14;-0,04;-0,03;-0,09;-0,08
01.08.2026;19:45;20:00;0,27;0,19;0,0;0,0;-0,01;-0,01;-0,09;-0,01;0,0;0,0;-0,01;-0,01;-0,04;-0,04;0,0;0,0;-0,04;-0,04;0,0;0,0;-0,02;-0,02;-0,08;-0,08;0,0;0,0;-0,03;-0,03;-0,04;-0,04;-0,32;-0,32;-0,01;-0,01;-0,01;-0,01;-0,05;-0,05;-0,02;-0,02;-0,02;-0,02;-0,04;-0,04;-0,01;-0,01;-0,01;-0,01;-0,04;-0,04;-0,15;-0,15;-0,05;-0,05;-0,23;-0,23
01.08.2026;20:00;20:15;0,11;0,11;-0,01;-0,01;-0,02;-0,02;-0,17;-0,17;0,0;0,0;-0,01;-0,01;-0,04;-0,04;-0,02;-0,02;-0,03;-0,03;-0,01;-0,01;-0,01;-0,01;-0,09;-0,09;0,0;0,0;-0,04;-0,04;-0,05;-0,05;-0,1;-0,1;-0,01;-0,01;-0,02;-0,02;-0,02;-0,02;-0,02;-0,02;0,0;0,0;-0,04;-0,04;-0,01;-0,01;-0,01;-0,01;-0,05;-0,05;-0,14;-0,14;-0,04;-0,04;-0,29;-0,29
01.08.2026;20:15;20:30;0,04;0,04;0,0;0,0;-0,01;-0,01;-0,19;-0,19;0,0;0,0;-0,01;-0,01;-0,05;-0,05;-0,02;-0,02;-0,18;-0,18;-0,02;-0,02;-0,02;-0,02;-0,08;-0,08;0,0;0,0;-0,06;-0,06;-0,05;-0,05;-0,1;-0,1;0,0;0,0;-0,01;-0,01;-0,04;-0,04;-0,02;-0,02;-0,02;-0,02;-0,06;-0,06;-0,01;-0,01;-0,02;-0,02;-0,03;-0,03;-0,03;-0,03;-0,02;-0,02;-0,24;-0,24
01.08.2026;20:30;20:45;0,01;0,01;0,0;0,0;-0,02;-0,02;-0,22;-0,22;0,0;0,0;-0,01;-0,01;-0,31;-0,31;-0,01;-0,01;-0,34;-0,34;-0,02;-0,02;-0,01;-0,01;-0,07;-0,07;0,0;0,0;-0,02;-0,02;-0,05;-0,05;-0,26;-0,26;-0,01;-0,01;0,0;0,0;-0,03;-0,03;-0,02;-0,02;-0,01;-0,01;-0,1;-0,1;-0,02;-0,02;-0,01;-0,01;-0,07;-0,07;-0,04;-0,04;-0,03;-0,03;-0,04;-0,04
01.08.2026;20:45;21:00;0,01;0,01;0,0;0,0;-0,02;-0,02;-0,16;-0,16;0,0;0,0;-0,01;-0,01;-0,31;-0,31;-0,02;-0,02;-0,14;-0,14;-0,01;-0,01;-0,02;-0,02;-0,1;-0,1;0,0;0,0;-0,02;-0,02;-0,07;-0,07;-0,04;-0,04;-0,01;-0,01;-0,01;-0,01;-0,03;-0,03;-0,02;-0,02;-0,01;-0,01;-0,3;-0,3;-0,01;-0,01;-0,01;-0,01;-0,04;-0,04;-0,02;-0,02;-0,02;-0,02;-0,07;-0,07
01.08.2026;21:00;21:15;0,0;0,0;0,0;0,0;-0,02;-0,02;-0,18;-0,18;0,0;0,0;-0,01;-0,01;-0,29;-0,29;-0,01;-0,01;-0,2;-0,2;-0,01;-0,01;-0,01;-0,01;-0,02;-0,02;0,0;0,0;-0,04;-0,04;-0,17;-0,17;-0,03;-0,03;-0,02;-0,02;-0,01;-0,01;-0,04;-0,04;-0,02;-0,02;-0,01;-0,01;-0,22;-0,22;-0,01;-0,01;-0,01;-0,01;-0,02;-0,02;-0,15;-0,15;-0,03;-0,03;-0,05;-0,05
01.08.2026;21:15;21:30;0,0;0,0;-0,01;-0,01;-0,03;-0,03;-0,1;-0,1;0,0;0,0;-0,01;-0,01;-0,27;-0,27;-0,03;-0,03;-0,06;-0,06;0,0;0,0;0,0;0,0;-0,01;-0,01;0,0;0,0;-0,03;-0,03;-0,08;-0,08;-0,03;-0,03;-0,03;-0,03;-0,02;-0,02;-0,03;-0,03;-0,03;-0,03;-0,01;-0,01;-0,16;-0,16;-0,01;-0,01;-0,02;-0,02;-0,12;-0,12;-0,19;-0,19;-0,03;-0,03;-0,04;-0,04
01.08.2026;21:30;21:45;0,0;0,0;0,0;0,0;-0,03;-0,03;-0,08;-0,08;0,0;0,0;-0,01;-0,01;-0,26;-0,26;-0,03;-0,03;-0,07;-0,07;-0,01;-0,01;0,0;0,0;-0,01;-0,01;0,0;0,0;-0,02;-0,02;-0,06;-0,06;-0,03;-0,03;-0,21;-0,21;-0,01;-0,01;-0,04;-0,04;-0,02;-0,02;-0,01;-0,01;-0,07;-0,07;-0,01;-0,01;0,0;0,0;-0,15;-0,15;-0,18;-0,18;-0,02;-0,02;-0,05;-0,05
01.08.2026;21:45;22:00;0,0;0,0;0,0;0,0;-0,04;-0,04;-0,09;-0,09;-0,01;-0,01;-0,01;-0,01;-0,28;-0,28;-0,03;-0,03;-0,38;-0,38;0,0;0,0;-0,01;-0,01;-0,01;-0,01;0,0;0,0;-0,01;-0,01;-0,07;-0,07;-0,05;-0,05;-0,16;-0,16;-0,01;-0,01;-0,02;-0,02;-0,03;-0,03;-0,01;-0,01;-0,03;-0,03;-0,02;-0,02;-0,02;-0,02;-0,06;-0,06;-0,18;-0,18;-0,03;-0,03;-0,04;-0,04
01.08.2026;22:00;22:15;0,0;0,0;0,0;0,0;-0,02;-0,02;-0,09;-0,09;0,0;0,0;0,0;0,0;-0,07;-0,07;-0,06;-0,06;-0,07;-0,07;-0,02;-0,02;-0,02;-0,02;-0,01;-0,01;0,0;0,0;-0,04;-0,04;-0,06;-0,06;-0,05;-0,05;-0,06;-0,06;0,0;0,0;-0,03;-0,03;-0,05;-0,05;-0,01;-0,01;-0,01;-0,01;-0,01;-0,01;-0,02;-0,02;-0,02;-0,02;-0,12;-0,12;-0,03;-0,03;-0,04;-0,04
01.08.2026;22:15;22:30;0,0;0,0;-0,01;-0,01;-0,03;-0,03;-0,28;-0,28;0,0;0,0;-0,02;-0,02;-0,05;-0,05;-0,07;-0,07;-0,03;-0,03;-0,02;-0,02;-0,01;-0,01;-0,01;-0,01;0,0;0,0;-0,03;-0,03;-0,08;-0,08;-0,05;-0,05;-0,02;-0,02;-0,03;-0,03;-0,04;-0,04;-0,03;-0,03;-0,02;-0,02;-0,02;-0,02;-0,01;-0,01;-0,03;-0,03;-0,02;-0,02;-0,08;-0,08;-0,03;-0,03;-0,05;-0,05
01.08.2026;22:30;22:45;0,0;0,0;0,0;0,0;-0,02;-0,02;-0,21;-0,21;0,0;0,0;-0,01;-0,01;-0,04;-0,04;-0,03;-0,03;-0,01;-0,01;-0,02;-0,02;-0,02;-0,02;-0,01;-0,01;0,0;0,0;-0,02;-0,02;-0,1;-0,1;-0,04;-0,04;-0,02;-0,02;-0,03;-0,03;-0,02;-0,02;-0,03;-0,03;-0,01;-0,01;-0,03;-0,03;-0,01;-0,01;-0,03;-0,03;-0,02;-0,02;-0,04;-0,04;-0,03;-0,03;-0,04;-0,04
01.08.2026;22:45;23:00;0,0;0,0;0,0;0,0;-0,03;-0,03;-0,11;-0,11;0,0;0,0;-0,01;-0,01;-0,04;-0,04;-0,03;-0,03;-0,03;-0,03;0,0;0,0;-0,01;-0,01;-0,01;-0,01;0,0;0,0;-0,02;-0,02;-0,06;-0,06;-0,03;-0,03;-0,04;-0,04;-0,02;-0,02;-0,04;-0,04;-0,03;-0,03;-0,01;-0,01;-0,01;-0,01;-0,01;-0,01;-0,02;-0,02;-0,02;-0,02;-0,04;-0,04;-0,03;-0,03;-0,05;-0,05
01.08.2026;23:00;23:15;0,0;0,0;0,0;0,0;-0,02;-0,02;-0,07;-0,07;0,0;0,0;0,0;0,0;-0,04;-0,04;-0,04;-0,04;-0,03;-0,03;-0,01;-0,01;-0,01;-0,01;-0,01;-0,01;-0,01;-0,01;-0,03;-0,03;-0,06;-0,06;-0,02;-0,02;-0,02;-0,02;-0,04;-0,04;-0,02;-0,02;-0,03;-0,03;-0,01;-0,01;-0,02;-0,02;-0,01;-0,01;-0,03;-0,03;-0,02;-0,02;-0,04;-0,04;-0,03;-0,03;-0,04;-0,04
01.08.2026;23:15;23:30;0,0;0,0;0,0;0,0;-0,04;-0,04;-0,06;-0,06;0,0;0,0;-0,02;-0,02;-0,04;-0,04;-0,03;-0,03;-0,01;-0,01;0,0;0,0;-0,02;-0,02;-0,01;-0,01;0,0;0,0;-0,02;-0,02;-0,06;-0,06;-0,01;-0,01;-0,02;-0,02;-0,02;-0,02;-0,02;-0,02;-0,03;-0,03;-0,01;-0,01;-0,01;-0,01;-0,02;-0,02;-0,01;-0,01;-0,02;-0,02;-0,28;-0,28;-0,03;-0,03;-0,04;-0,04
01.08.2026;23:30;23:45;0,0;0,0;-0,01;-0,01;-0,03;-0,03;-0,08;-0,08;0,0;0,0;-0,01;-0,01;-0,04;-0,04;-0,03;-0,03;-0,03;-0,03;-0,01;-0,01;0,0;0,0;-0,01;-0,01;0,0;0,0;-0,01;-0,01;-0,06;-0,06;-0,01;-0,01;-0,02;-0,02;-0,02;-0,02;-0,03;-0,03;-0,03;-0,03;0,0;0,0;-0,02;-0,02;0,0;0,0;-0,01;-0,01;-0,02;-0,02;-0,23;-0,23;-0,02;-0,02;-0,02;-0,02
01.08.2026;23:45;00:00;0,0;0,0;0,0;0,0;-0,03;-0,03;-0,07;-0,07;0,0;0,0;0,0;0,0;-0,04;-0,04;-0,03;-0,03;-0,03;-0,03;-0,02;-0,02;0,0;0,0;-0,01;-0,01;0,0;0,0;0,0;0,0;-0,06;-0,06;-0,02;-0,02;-0,03;-0,03;-0,03;-0,03;-0,01;-0,01;-0,03;-0,03;-0,02;-0,02;-0,03;-0,03;-0,02;-0,02;-0,02;-0,02;-0,02;-0,02;-0,25;-0,25;-0,02;-0,02;-0,02;-0,02
02.08.2026;00:00;00:15;0,0;0,0;0,0;0,0;-0,03;-0,03;-0,07;-0,07;0,0;0,0;-0,01;-0,01;-0,04;-0,04;-0,02;-0,02;-0,02;-0,02;0,0;0,0;-0,01;-0,01;0,0;0,0;0,0;0,0;-0,02;-0,02;-0,18;-0,18;-0,01;-0,01;-0,03;-0,03;-0,02;-0,02;-0,03;-0,03;-0,02;-0,02;-0,01;-0,01;-0,01;-0,01;-0,01;-0,01;-0,01;-0,01;-0,03;-0,03;-0,18;-0,18;-0,02;-0,02;-0,02;-0,02
02.08.2026;00:15;00:30;0,0;0,0;0,0;0,0;-0,01;-0,01;-0,06;-0,06;0,0;0,0;-0,01;-0,01;-0,04;-0,04;-0,01;-0,01;-0,02;-0,02;-0,01;-0,01;-0,01;-0,01;-0,01;-0,01;0,0;0,0;-0,02;-0,02;-0,03;-0,03;-0,02;-0,02;-0,03;-0,03;-0,02;-0,02;-0,02;-0,02;-0,03;-0,03;-0,01;-0,01;-0,01;-0,01;-0,01;-0,01;-0,01;-0,01;-0,02;-0,02;-0,03;-0,03;-0,01;-0,01;-0,02;-0,02
02.08.2026;00:30;00:45;0,0;0,0;-0,01;-0,01;-0,01;-0,01;-0,07;-0,07;0,0;0,0;-0,02;-0,02;-0,03;-0,03;-0,01;-0,01;-0,04;-0,04;-0,01;-0,01;-0,02;-0,02;-0,02;-0,02;0,0;0,0;0,0;0,0;-0,01;-0,01;-0,01;-0,01;-0,02;-0,02;-0,01;-0,01;-0,02;-0,02;-0,02;-0,02;-0,01;-0,01;-0,02;-0,02;-0,01;-0,01;-0,02;-0,02;-0,02;-0,02;-0,04;-0,04;-0,02;-0,02;-0,02;-0,02
02.08.2026;00:45;01:00;0,0;0,0;0,0;0,0;-0,02;-0,02;-0,06;-0,06;0,0;0,0;0,0;0,0;-0,04;-0,04;-0,01;-0,01;-0,01;-0,01;-0,02;-0,02;-0,01;-0,01;0,0;0,0;0,0;0,0;-0,01;-0,01;-0,02;-0,02;-0,01;-0,01;-0,02;-0,02;-0,01;-0,01;-0,03;-0,03;-0,02;-0,02;-0,01;-0,01;-0,02;-0,02;-0,01;-0,01;-0,03;-0,03;-0,02;-0,02;-0,03;-0,03;-0,01;-0,01;-0,02;-0,02
02.08.2026;01:00;01:15;0,0;0,0;0,0;0,0;-0,01;-0,01;-0,07;-0,07;0,0;0,0;-0,01;-0,01;-0,04;-0,04;-0,01;-0,01;-0,02;-0,02;-0,01;-0,01;-0,02;-0,02;-0,01;-0,01;0,0;0,0;-0,01;-0,01;-0,03;-0,03;-0,02;-0,02;-0,02;-0,02;-0,01;-0,01;-0,01;-0,01;-0,02;-0,02;-0,01;-0,01;-0,03;-0,03;-0,01;-0,01;0,0;0,0;-0,02;-0,02;-0,02;-0,02;-0,01;-0,01;-0,02;-0,02
02.08.2026;01:15;01:30;0,0;0,0;0,0;0,0;-0,02;-0,02;-0,06;-0,06;0,0;0,0;-0,01;-0,01;-0,04;-0,04;-0,01;-0,01;-0,04;-0,04;-0,02;-0,02;-0,01;-0,01;-0,01;-0,01;0,0;0,0;-0,02;-0,02;-0,03;-0,03;-0,01;-0,01;-0,01;-0,01;-0,01;-0,01;-0,03;-0,03;-0,02;-0,02;-0,02;-0,02;-0,01;-0,01;-0,01;-0,01;-0,01;-0,01;-0,02;-0,02;-0,01;-0,01;-0,01;-0,01;-0,01;-0,01
02.08.2026;01:30;01:45;0,0;0,0;-0,01;-0,01;-0,01;-0,01;-0,06;-0,06;0,0;0,0;-0,01;-0,01;-0,03;-0,03;-0,01;-0,01;-0,01;-0,01;-0,01;-0,01;-0,01;-0,01;-0,01;-0,01;0,0;0,0;-0,01;-0,01;-0,05;-0,05;-0,01;-0,01;-0,01;-0,01;-0,01;-0,01;-0,02;-0,02;-0,02;-0,02;0,0;0,0;-0,02;-0,02;-0,01;-0,01;-0,01;-0,01;-0,02;-0,02;-0,02;-0,02;-0,01;-0,01;-0,02;-0,02
02.08.2026;01:45;02:00;0,0;0,0;0,0;0,0;0,0;0,0;-0,06;-0,06;0,0;0,0;-0,01;-0,01;-0,04;-0,04;-0,01;-0,01;-0,02;-0,02;0,0;0,0;-0,02;-0,02;-0,01;-0,01;0,0;0,0;0,0;0,0;-0,11;-0,11;-0,01;-0,01;0,0;0,0;-0,02;-0,02;-0,02;-0,02;-0,03;-0,03;-0,02;-0,02;-0,01;-0,01;-0,02;-0,02;-0,02;-0,02;-0,02;-0,02;-0,01;-0,01;-0,02;-0,02;-0,02;-0,02
02.08.2026;02:00;02:15;0,0;0,0;0,0;0,0;-0,01;-0,01;-0,06;-0,06;0,0;0,0;0,0;0,0;-0,04;-0,04;-0,02;-0,02;-0,03;-0,03;0,0;0,0;0,0;0,0;-0,01;-0,01;0,0;0,0;-0,02;-0,02;-0,02;-0,02;-0,01;-0,01;-0,01;-0,01;-0,01;-0,01;-0,02;-0,02;-0,02;-0,02;-0,01;-0,01;-0,02;-0,02;0,0;0,0;-0,01;-0,01;-0,02;-0,02;-0,01;-0,01;-0,01;-0,01;0,0;0,0
02.08.2026;02:15;02:30;0,0;0,0;0,0;0,0;-0,01;-0,01;-0,06;-0,06;0,0;0,0;-0,02;-0,02;-0,03;-0,03;0,0;0,0;-0,02;-0,02;-0,01;-0,01;0,0;0,0;0,0;0,0;0,0;0,0;-0,01;-0,01;-0,01;-0,01;-0,01;-0,01;0,0;0,0;0,0;0,0;-0,02;-0,02;-0,02;-0,02;0,0;0,0;-0,03;-0,03;-0,02;-0,02;-0,01;-0,01;-0,02;-0,02;-0,02;-0,02;-0,01;-0,01;0,0;0,0
02.08.2026;02:30;02:45;0,0;0,0;0,0;0,0;-0,01;-0,01;-0,06;-0,06;0,0;0,0;-0,01;-0,01;-0,04;-0,04;-0,01;-0,01;-0,02;-0,02;-0,02;-0,02;-0,01;-0,01;-0,02;-0,02;0,0;0,0;-0,01;-0,01;-0,01;-0,01;-0,01;-0,01;-0,02;-0,02;-0,01;-0,01;-0,03;-0,03;-0,02;-0,02;-0,02;-0,02;-0,01;-0,01;-0,01;-0,01;-0,01;-0,01;-0,02;-0,02;-0,01;-0,01;-0,01;-0,01;0,0;0,0
02.08.2026;02:45;03:00;0,0;0,0;-0,01;-0,01;-0,02;-0,02;-0,06;-0,06;-0,01;-0,01;-0,01;-0,01;-0,04;-0,04;-0,01;-0,01;-0,03;-0,03;-0,02;-0,02;-0,01;-0,01;-0,01;-0,01;0,0;0,0;0,0;0,0;-0,01;-0,01;-0,01;-0,01;-0,01;-0,01;-0,02;-0,02;-0,01;-0,01;-0,02;-0,02;-0,01;-0,01;-0,01;-0,01;-0,01;-0,01;-0,01;-0,01;-0,01;-0,01;-0,02;-0,02;-0,01;-0,01;-0,01;-0,01
02.08.2026;03:00;03:15;0,0;0,0;0,0;0,0;0,0;0,0;-0,06;-0,06;0,0;0,0;0,0;0,0;-0,03;-0,03;-0,01;-0,01;-0,02;-0,02;-0,02;-0,02;-0,02;-0,02;0,0;0,0;0,0;0,0;-0,02;-0,02;-0,01;-0,01;-0,01;-0,01;0,0;0,0;-0,01;-0,01;-0,02;-0,02;-0,02;-0,02;-0,01;-0,01;-0,02;-0,02;-0,01;-0,01;-0,02;-0,02;0,0;0,0;0,0;0,0;-0,01;-0,01;-0,02;-0,02
02.08.2026;03:15;03:30;0,0;0,0;0,0;0,0;-0,01;-0,01;-0,06;-0,06;0,0;0,0;-0,01;-0,01;-0,04;-0,04;-0,01;-0,01;-0,02;-0,02;0,0;0,0;-0,01;-0,01;-0,02;-0,02;0,0;0,0;-0,01;-0,01;-0,01;-0,01;-0,02;-0,02;-0,01;-0,01;-0,02;-0,02;-0,03;-0,03;-0,02;-0,02;-0,01;-0,01;-0,02;-0,02;-0,01;-0,01;-0,01;-0,01;0,0;0,0;-0,01;-0,01;-0,02;-0,02;-0,03;-0,03
02.08.2026;03:30;03:45;0,0;0,0;0,0;0,0;0,0;0,0;-0,06;-0,06;0,0;0,0;-0,02;-0,02;-0,04;-0,04;-0,01;-0,01;-0,03;-0,03;0,0;0,0;-0,02;-0,02;0,0;0,0;0,0;0,0;-0,01;-0,01;-0,02;-0,02;0,0;0,0;0,0;0,0;0,0;0,0;-0,01;-0,01;-0,02;-0,02;-0,01;-0,01;-0,02;-0,02;-0,01;-0,01;0,0;0,0;0,0;0,0;-0,02;-0,02;0,0;0,0;-0,02;-0,02
02.08.2026;03:45;04:00;0,0;0,0;-0,01;-0,01;-0,01;-0,01;-0,1;-0,1;0,0;0,0;-0,01;-0,01;-0,03;-0,03;-0,01;-0,01;-0,02;-0,02;-0,01;-0,01;-0,01;-0,01;-0,01;-0,01;0,0;0,0;-0,01;-0,01;-0,01;-0,01;-0,02;-0,02;-0,02;-0,02;-0,01;-0,01;-0,03;-0,03;-0,02;-0,02;-0,01;-0,01;-0,02;-0,02;-0,01;-0,01;-0,01;-0,01;-0,02;-0,02;-0,01;-0,01;-0,02;-0,02;-0,02;-0,02
02.08.2026;04:00;04:15;0,0;0,0;0,0;0,0;-0,02;-0,02;-0,12;-0,12;0,0;0,0;0,0;0,0;-0,04;-0,04;-0,01;-0,01;-0,01;-0,01;-0,01;-0,01;-0,01;-0,01;-0,01;-0,01;-0,01;-0,01;-0,02;-0,02;-0,01;-0,01;-0,01;-0,01;-0,01;-0,01;-0,01;-0,01;-0,02;-0,02;-0,02;-0,02;-0,02;-0,02;-0,03;-0,03;-0,01;-0,01;-0,02;-0,02;-0,02;-0,02;-0,01;-0,01;-0,01;-0,01;-0,02;-0,02
02.08.2026;04:15;04:30;0,0;0,0;0,0;0,0;-0,01;-0,01;-0,09;-0,09;0,0;0,0;-0,01;-0,01;-0,03;-0,03;-0,01;-0,01;-0,04;-0,04;-0,02;-0,02;-0,01;-0,01;-0,01;-0,01;0,0;0,0;0,0;0,0;-0,01;-0,01;0,0;0,0;0,0;0,0;-0,01;-0,01;-0,02;-0,02;-0,02;-0,02;0,0;0,0;-0,03;-0,03;-0,01;-0,01;-0,01;-0,01;-0,03;-0,03;-0,02;-0,02;-0,01;-0,01;-0,02;-0,02
02.08.2026;04:30;04:45;0,0;0,0;0,0;0,0;-0,01;-0,01;-0,11;-0,11;0,0;0,0;-0,02;-0,02;-0,04;-0,04;-0,01;-0,01;-0,02;-0,02;-0,02;-0,02;0,0;0,0;-0,01;-0,01;0,0;0,0;-0,01;-0,01;-0,01;-0,01;-0,02;-0,02;-0,01;-0,01;-0,02;-0,02;-0,02;-0,02;-0,02;-0,02;-0,02;-0,02;-0,05;-0,05;-0,02;-0,02;-0,01;-0,01;-0,02;-0,02;-0,01;-0,01;-0,01;-0,01;-0,02;-0,02
02.08.2026;04:45;05:00;0,0;0,0;0,0;0,0;-0,01;-0,01;-0,11;-0,11;0,0;0,0;0,0;0,0;-0,03;-0,03;0,0;0,0;-0,01;-0,01;-0,01;-0,01;0,0;0,0;-0,01;-0,01;0,0;0,0;-0,01;-0,01;-0,01;-0,01;-0,01;-0,01;0,0;0,0;-0,01;-0,01;-0,02;-0,02;-0,02;-0,02;-0,01;-0,01;-0,02;-0,02;0,0;0,0;-0,01;-0,01;-0,02;-0,02;-0,01;-0,01;-0,01;-0,01;-0,02;-0,02
02.08.2026;05:00;05:15;0,0;0,0;-0,01;-0,01;0,0;0,0;-0,1;-0,1;0,0;0,0;-0,01;-0,01;-0,04;-0,04;-0,02;-0,02;-0,03;-0,03;0,0;0,0;-0,02;-0,02;0,0;0,0;0,0;0,0;-0,02;-0,02;-0,01;-0,01;-0,01;-0,01;-0,01;-0,01;-0,01;-0,01;-0,03;-0,03;-0,03;-0,03;-0,01;-0,01;-0,02;-0,02;-0,02;-0,02;-0,01;-0,01;-0,02;-0,02;-0,01;-0,01;-0,01;-0,01;-0,01;-0,01
02.08.2026;05:15;05:30;0,0;0,0;0,0;0,0;-0,01;-0,01;-0,08;-0,08;0,0;0,0;-0,01;-0,01;-0,04;-0,04;0,0;0,0;-0,03;-0,03;-0,01;-0,01;-0,01;-0,01;-0,02;-0,02;0,0;0,0;-0,01;-0,01;-0,01;-0,01;-0,02;-0,02;-0,01;-0,01;0,0;0,0;-0,01;-0,01;-0,02;-0,02;-0,01;-0,01;-0,01;-0,01;-0,01;-0,01;-0,01;-0,01;-0,03;-0,03;-0,01;-0,01;-0,02;-0,02;-0,02;-0,02
02.08.2026;05:30;05:45;0,0;0,0;0,0;0,0;-0,02;-0,02;-0,09;-0,09;0,0;0,0;-0,01;-0,01;-0,05;-0,05;-0,05;-0,05;-0,03;-0,03;0,0;0,0;-0,02;-0,02;0,0;0,0;0,0;0,0;0,0;0,0;-0,01;-0,01;-0,07;-0,07;-0,01;-0,01;-0,02;-0,02;-0,02;-0,02;-0,02;-0,02;-0,01;-0,01;-0,01;-0,01;-0,01;-0,01;-0,01;-0,01;-0,02;-0,02;-0,02;-0,02;-0,02;-0,02;-0,01;-0,01
02.08.2026;05:45;06:00;0,01;0,01;0,0;0,0;-0,01;-0,01;-0,08;-0,08;0,0;0,0;-0,01;-0,01;-0,03;-0,03;-0,02;-0,02;-0,03;-0,03;-0,01;-0,01;-0,01;-0,01;-0,01;-0,01;0,0;0,0;-0,01;-0,01;-0,03;-0,03;-0,02;-0,02;0,0;0,0;-0,01;-0,01;-0,03;-0,03;-0,02;-0,02;-0,01;-0,01;-0,02;-0,02;-0,01;-0,01;-0,01;-0,01;-0,01;-0,01;0,0;0,0;-0,03;-0,03;-0,01;-0,01
02.08.2026;06:00;06:15;0,02;0,02;-0,01;-0,01;0,0;0,0;-0,13;-0,13;0,0;0,0;0,0;0,0;-0,04;-0,04;-0,02;-0,02;-0,08;-0,08;-0,02;-0,02;-0,02;-0,02;-0,01;-0,01;0,0;0,0;-0,02;-0,02;-0,03;-0,03;-0,03;-0,03;-0,01;-0,01;-0,02;-0,02;-0,01;-0,01;-0,02;-0,02;-0,01;-0,01;-0,03;-0,03;-0,01;-0,01;-0,02;-0,02;0,0;0,0;-0,01;-0,01;-0,01;-0,01;-0,02;-0,02
02.08.2026;06:15;06:30;0,02;0,02;0,0;0,0;-0,01;-0,01;-0,23;-0,23;0,0;0,0;-0,01;-0,01;-0,04;-0,04;-0,04;-0,04;-0,05;-0,05;-0,02;-0,02;-0,01;-0,01;-0,01;-0,01;0,0;0,0;-0,01;-0,01;-0,02;-0,02;-0,03;-0,03;-0,01;-0,01;0,0;0,0;-0,03;-0,03;-0,02;-0,02;-0,01;-0,01;-0,01;-0,01;-0,01;-0,01;0,0;0,0;-0,01;-0,01;-0,02;-0,02;-0,02;-0,02;-0,01;-0,01
02.08.2026;06:30;06:45;0,03;0,03;0,0;0,0;-0,01;-0,01;-0,17;-0,17;0,0;0,0;-0,02;-0,02;-0,04;-0,04;-0,04;-0,04;-0,04;-0,04;-0,01;-0,01;-0,01;-0,01;0,0;0,0;0,0;0,0;0,0;0,0;-0,03;-0,03;-0,04;-0,04;-0,01;-0,01;-0,01;-0,01;-0,02;-0,02;-0,02;-0,02;-0,02;-0,02;-0,01;-0,01;-0,01;-0,01;-0,01;-0,01;0,0;0,0;-0,03;-0,03;-0,02;-0,02;-0,01;-0,01
02.08.2026;06:45;07:00;0,07;0,07;0,0;0,0;-0,01;-0,01;-0,23;-0,23;0,0;0,0;-0,01;-0,01;-0,04;-0,04;-0,06;-0,06;-0,06;-0,06;0,0;0,0;-0,01;-0,01;-0,02;-0,02;0,0;0,0;-0,01;-0,01;-0,11;-0,11;-0,03;-0,03;-0,01;-0,01;-0,01;-0,01;-0,03;-0,03;-0,02;-0,02;0,0;0,0;-0,02;-0,02;-0,01;-0,01;-0,02;-0,02;-0,02;-0,02;-0,03;-0,03;-0,01;-0,01;-0,09;-0,09
02.08.2026;07:00;07:15;0,1;0,1;0,0;0,0;-0,02;-0,02;-0,23;-0,23;0,0;0,0;0,0;0,0;-0,1;-0,1;-0,03;-0,03;-0,03;-0,03;-0,01;-0,01;0,0;0,0;-0,01;-0,01;0,0;0,0;-0,02;-0,02;-0,02;-0,02;-0,04;-0,04;-0,01;-0,01;-0,01;-0,01;-0,03;-0,03;-0,02;-0,02;-0,01;-0,01;-0,01;-0,01;-0,01;-0,01;-0,01;-0,01;-0,01;-0,01;-0,01;-0,01;-0,01;-0,01;-0,24;-0,24
02.08.2026;07:15;07:30;0,29;0,08;-0,01;0,0;0,0;0,0;-0,24;-0,22;0,0;0,0;-0,01;0,0;-0,07;-0,06;-0,02;-0,01;-0,04;-0,03;0,0;0,0;0,0;0,0;0,0;0,0;0,0;0,0;-0,01;0,0;-0,01;0,0;-0,03;-0,02;-0,01;0,0;-0,02;-0,01;-0,02;-0,01;-0,02;-0,01;-0,02;-0,01;-0,03;-0,02;-0,01;0,0;0,0;0,0;-0,01;0,0;-0,01;0,0;-0,02;-0,01;-0,01;0,0
02.08.2026;07:30;07:45;0,53;0,2;0,0;0,0;-0,17;-0,16;-0,24;-0,14;0,0;0,0;-0,02;-0,01;-0,06;-0,05;-0,01;0,0;-0,03;-0,02;-0,02;-0,01;-0,02;-0,01;-0,02;-0,01;0,0;0,0;-0,03;-0,02;-0,01;0,0;-0,02;-0,01;-0,13;-0,12;-0,01;0,0;-0,04;-0,03;-0,02;-0,01;-0,01;0,0;-0,02;-0,01;-0,01;0,0;-0,02;-0,01;-0,02;-0,01;-0,02;-0,01;-0,05;-0,04;-0,02;-0,01
02.08.2026;07:45;08:00;0,8;0,21;0,0;0,0;-0,13;-0,09;-0,25;-0,09;-0,01;0,0;0,0;0,0;-0,06;-0,02;-0,01;0,0;-0,03;0,0;-0,02;0,0;-0,01;0,0;-0,01;0,0;0,0;0,0;-0,01;0,0;-0,01;0,0;-0,03;0,0;-0,06;-0,02;-0,01;0,0;-0,02;0,0;-0,02;0,0;-0,01;0,0;-0,01;0,0;-0,09;-0,05;-0,01;0,0;-0,01;0,0;-0,02;0,0;-0,01;0,0;-0,01;0,0
02.08.2026;08:00;08:15;1,04;0,34;0,0;0,0;-0,02;0,0;-0,22;0,0;0,0;0,0;0,0;0,0;-0,07;0,0;-0,01;0,0;-0,01;0,0;-0,01;0,0;-0,02;0,0;-0,02;0,0;0,0;0,0;-0,02;0,0;-0,01;0,0;-0,04;0,0;-0,23;-0,15;0,0;0,0;-0,02;0,0;-0,03;0,0;-0,01;0,0;-0,01;0,0;0,0;0,0;-0,01;0,0;-0,04;0,0;0,0;0,0;-0,04;0,0;-0,01;0,0
02.08.2026;08:15;08:30;1,15;0,43;-0,01;0,0;-0,04;0,0;-0,07;0,0;0,0;0,0;-0,02;0,0;-0,09;0,0;0,0;0,0;-0,02;0,0;-0,01;0,0;-0,01;0,0;-0,02;0,0;0,0;0,0;-0,02;0,0;-0,02;0,0;-0,02;0,0;-0,17;-0,08;-0,02;0,0;-0,04;0,0;-0,12;-0,03;-0,01;0,0;-0,02;0,0;-0,02;0,0;-0,01;0,0;-0,03;0,0;-0,01;0,0;-0,03;0,0;0,0;0,0
02.08.2026;08:30;08:45;1,78;1,15;0,0;0,0;-0,03;0,0;-0,12;0,0;0,0;0,0;-0,01;0,0;-0,14;0,0;-0,02;0,0;-0,02;0,0;-0,01;0,0;-0,02;0,0;-0,01;0,0;0,0;0,0;-0,01;0,0;-0,01;0,0;-0,04;0,0;-0,01;0,0;-0,01;0,0;-0,02;0,0;-0,05;0,0;-0,01;0,0;-0,03;0,0;-0,01;0,0;-0,01;0,0;-0,01;0,0;-0,01;0,0;-0,02;0,0;0,0;0,0
02.08.2026;08:45;09:00;2,06;1,03;0,0;0,0;-0,03;0,0;-0,08;0,0;0,0;0,0;-0,01;0,0;-0,3;-0,08;-0,01;0,0;-0,03;0,0;0,0;0,0;-0,01;0,0;-0,07;0,0;0,0;0,0;-0,02;0,0;-0,06;0,0;-0,05;0,0;-0,25;-0,03;-0,02;0,0;-0,03;0,0;-0,05;0,0;-0,01;0,0;-0,02;0,0;-0,01;0,0;-0,02;0,0;-0,01;0,0;-0,01;0,0;-0,04;0,0;0,0;0,0
02.08.2026;09:00;09:15;1,87;1,05;0,0;0,0;-0,14;0,0;-0,1;0,0;0,0;0,0;0,0;0,0;-0,1;0,0;0,0;0,0;-0,03;0,0;0,0;0,0;-0,01;0,0;-0,11;0,0;-0,01;0,0;-0,01;0,0;-0,01;0,0;-0,05;0,0;-0,04;0,0;-0,01;0,0;-0,03;0,0;-0,05;0,0;-0,01;0,0;-0,01;0,0;-0,02;0,0;0,0;0,0;-0,02;0,0;-0,02;0,0;-0,03;0,0;-0,01;0,0
02.08.2026;09:15;09:30;1,88;0,99;0,0;0,0;-0,02;0,0;-0,1;0,0;0,0;0,0;-0,01;0,0;-0,05;0,0;-0,02;0,0;-0,03;0,0;-0,02;0,0;0,0;0,0;-0,1;0,0;0,0;0,0;-0,01;0,0;-0,19;0,0;-0,06;0,0;-0,03;0,0;0,0;0,0;-0,02;0,0;-0,11;0,0;-0,01;0,0;-0,01;0,0;-0,01;0,0;-0,01;0,0;-0,01;0,0;-0,02;0,0;-0,04;0,0;-0,01;0,0
02.08.2026;09:30;09:45;0,56;0,24;-0,01;0,0;-0,01;0,0;-0,09;0,0;0,0;0,0;-0,02;-0,01;-0,04;-0,03;-0,01;0,0;-0,04;-0,03;-0,02;-0,01;0,0;0,0;-0,1;-0,09;0,0;0,0;-0,03;-0,02;-0,08;-0,07;-0,04;-0,03;-0,02;-0,01;-0,01;0,0;-0,04;-0,03;-0,05;-0,04;-0,01;0,0;-0,02;-0,01;-0,01;0,0;-0,02;-0,01;-0,01;0,0;-0,01;0,0;-0,03;-0,02;-0,02;-0,01
02.08.2026;09:45;10:00;0,0;0,0;0,0;0,0;-0,01;-0,01;-0,1;-0,1;0,0;0,0;0,0;0,0;-0,03;-0,03;0,0;0,0;-0,04;-0,04;-0,02;-0,02;-0,02;-0,02;-0,06;-0,06;0,0;0,0;-0,05;-0,05;-0,02;-0,02;-0,03;-0,03;-0,28;-0,28;-0,02;-0,02;-0,03;-0,03;-0,05;-0,05;-0,01;-0,01;-0,02;-0,02;-0,02;-0,02;-0,01;-0,01;-0,02;-0,02;0,0;0,0;-0,03;-0,03;0,0;0,0
02.08.2026;10:00;10:15;1,16;0,53;0,0;0,0;-0,01;0,0;-0,11;0,0;0,0;0,0;-0,01;0,0;-0,04;0,0;-0,01;0,0;-0,05;0,0;0,0;0,0;-0,01;0,0;-0,02;0,0;0,0;0,0;-0,01;0,0;-0,02;0,0;-0,03;0,0;-0,01;0,0;-0,47;-0,38;-0,03;0,0;-0,05;0,0;-0,01;0,0;-0,03;0,0;-0,02;0,0;-0,02;0,0;-0,01;0,0;-0,01;0,0;-0,03;0,0;0,0;0,0
02.08.2026;10:15;10:30;1,63;0,76;0,0;0,0;0,0;0,0;-0,1;0,0;0,0;0,0;-0,01;0,0;-0,04;0,0;-0,01;0,0;-0,03;0,0;-0,01;0,0;-0,02;0,0;-0,03;0,0;0,0;0,0;-0,01;0,0;-0,03;0,0;-0,03;0,0;-0,02;0,0;-0,44;-0,29;-0,04;0,0;-0,39;-0,24;-0,02;0,0;-0,01;0,0;-0,01;0,0;-0,09;0,0;-0,02;0,0;-0,02;0,0;-0,02;0,0;0,0;0,0
02.08.2026;10:30;10:45;1,74;1,03;-0,01;0,0;-0,01;0,0;-0,07;0,0;0,0;0,0;-0,02;0,0;-0,03;0,0;-0,01;0,0;-0,02;0,0;0,0;0,0;-0,01;0,0;-0,02;0,0;0,0;0,0;-0,02;0,0;-0,02;0,0;-0,03;0,0;-0,01;0,0;-0,05;0,0;-0,02;0,0;-0,23;-0,04;0,0;0,0;-0,01;0,0;-0,06;0,0;-0,04;0,0;-0,01;0,0;-0,01;0,0;-0,03;0,0;-0,01;0,0
02.08.2026;10:45;11:00;1,68;0,81;0,0;0,0;-0,02;0,0;-0,23;0,0;0,0;0,0;0,0;0,0;-0,04;0,0;-0,01;0,0;-0,03;0,0;-0,01;0,0;-0,02;0,0;-0,41;-0,26;0,0;0,0;-0,01;0,0;-0,01;0,0;-0,01;0,0;0,0;0,0;-0,05;0,0;-0,04;0,0;-0,06;0,0;-0,02;0,0;-0,01;0,0;-0,03;0,0;-0,04;0,0;-0,02;0,0;-0,01;0,0;-0,03;0,0;-0,02;0,0
02.08.2026;11:00;11:15;1,56;0,6;0,0;0,0;-0,1;0,0;-0,14;0,0;0,0;0,0;0,0;0,0;-0,04;0,0;-0,01;0,0;-0,03;0,0;-0,02;0,0;-0,01;0,0;-0,31;-0,18;0,0;0,0;-0,09;0,0;-0,08;0,0;-0,02;0,0;-0,01;0,0;-0,03;0,0;-0,03;0,0;-0,07;0,0;-0,01;0,0;-0,03;0,0;-0,02;0,0;-0,02;0,0;-0,01;0,0;-0,02;0,0;-0,03;0,0;-0,01;0,0
02.08.2026;11:15;11:30;2,03;1,11;0,0;0,0;-0,02;0,0;-0,09;0,0;0,0;0,0;-0,02;0,0;-0,03;0,0;-0,01;0,0;-0,05;0,0;-0,02;0,0;-0,01;0,0;-0,28;-0,06;0,0;0,0;-0,09;0,0;-0,09;0,0;-0,01;0,0;-0,01;0,0;-0,04;0,0;-0,03;0,0;-0,06;0,0;-0,01;0,0;-0,02;0,0;-0,02;0,0;-0,01;0,0;-0,02;0,0;-0,01;0,0;-0,03;0,0;0,0;0,0
02.08.2026;11:30;11:45;2,6;1,24;-0,01;0,0;-0,25;0,0;-0,18;0,0;0,0;0,0;-0,01;0,0;-0,04;0,0;-0,01;0,0;-0,02;0,0;-0,01;0,0;-0,01;0,0;-0,31;-0,03;0,0;0,0;-0,07;0,0;-0,22;0,0;-0,01;0,0;-0,01;0,0;-0,02;0,0;-0,03;0,0;-0,07;0,0;-0,01;0,0;-0,02;0,0;-0,01;0,0;-0,01;0,0;-0,01;0,0;-0,02;0,0;-0,03;0,0;0,0;0,0
02.08.2026;11:45;12:00;2,85;1,53;0,0;0,0;-0,2;0,0;-0,16;0,0;0,0;0,0;-0,01;0,0;-0,04;0,0;-0,01;0,0;-0,02;0,0;-0,01;0,0;0,0;0,0;-0,03;0,0;0,0;0,0;-0,29;0,0;-0,26;0,0;-0,02;0,0;-0,01;0,0;0,0;0,0;-0,03;0,0;-0,08;0,0;-0,01;0,0;-0,01;0,0;-0,02;0,0;-0,04;0,0;-0,01;0,0;-0,04;0,0;-0,02;0,0;0,0;0,0
02.08.2026;12:00;12:15;4,01;3,19;0,0;0,0;-0,12;0,0;-0,08;0,0;0,0;0,0;0,0;0,0;-0,03;0,0;-0,01;0,0;-0,01;0,0;0,0;0,0;0,0;0,0;-0,03;0,0;0,0;0,0;-0,22;0,0;-0,04;0,0;-0,01;0,0;-0,01;0,0;-0,01;0,0;-0,04;0,0;-0,04;0,0;-0,01;0,0;-0,01;0,0;-0,02;0,0;-0,04;0,0;-0,02;0,0;-0,02;0,0;-0,03;0,0;-0,02;0,0
02.08.2026;12:15;12:30;3,96;2,71;0,0;0,0;-0,03;0,0;-0,19;0,0;0,0;0,0;-0,02;0,0;-0,09;0,0;-0,01;0,0;-0,02;0,0;0,0;0,0;-0,02;0,0;-0,02;0,0;0,0;0,0;-0,31;0,0;-0,05;0,0;0,0;0,0;-0,25;0,0;-0,01;0,0;-0,02;0,0;-0,03;0,0;-0,01;0,0;-0,02;0,0;-0,01;0,0;-0,04;0,0;-0,02;0,0;-0,03;0,0;-0,04;0,0;-0,01;0,0
02.08.2026;12:30;12:45;3,78;2,2;0,0;0,0;-0,33;0,0;-0,18;0,0;0,0;0,0;-0,01;0,0;-0,21;0,0;-0,01;0,0;-0,01;0,0;-0,02;0,0;-0,02;0,0;0,0;0,0;0,0;0,0;-0,06;0,0;-0,04;0,0;-0,02;0,0;-0,63;-0,18;-0,01;0,0;-0,04;0,0;-0,02;0,0;-0,01;0,0;-0,03;0,0;-0,02;0,0;-0,02;0,0;-0,01;0,0;-0,03;0,0;-0,02;0,0;-0,01;0,0
02.08.2026;12:45;13:00;3,72;2,7;-0,01;0,0;-0,01;0,0;-0,09;0,0;-0,01;0,0;-0,01;0,0;-0,05;0,0;-0,01;0,0;-0,01;0,0;-0,01;0,0;-0,01;0,0;-0,01;0,0;0,0;0,0;-0,03;0,0;-0,05;0,0;-0,01;0,0;-0,49;0,0;-0,02;0,0;-0,03;0,0;-0,02;0,0;-0,02;0,0;-0,02;0,0;-0,01;0,0;-0,02;0,0;-0,01;0,0;-0,03;0,0;-0,02;0,0;-0,01;0,0
02.08.2026;13:00;13:15;3,69;2,76;0,0;0,0;0,0;0,0;-0,1;0,0;0,0;0,0;-0,01;0,0;-0,06;0,0;-0,01;0,0;-0,04;0,0;-0,02;0,0;-0,02;0,0;-0,02;0,0;0,0;0,0;-0,01;0,0;-0,07;0,0;-0,01;0,0;-0,34;0,0;-0,01;0,0;-0,02;0,0;-0,03;0,0;-0,01;0,0;-0,01;0,0;-0,1;0,0;-0,01;0,0;-0,01;0,0;-0,01;0,0;-0,01;0,0;0,0;0,0
02.08.2026;13:15;13:30;3,29;2,14;0,0;0,0;-0,01;0,0;-0,11;0,0;0,0;0,0;-0,53;-0,12;-0,05;0,0;-0,01;0,0;-0,03;0,0;-0,02;0,0;-0,01;0,0;0,0;0,0;0,0;0,0;-0,01;0,0;-0,05;0,0;-0,01;0,0;-0,22;0,0;0,0;0,0;-0,04;0,0;-0,02;0,0;-0,01;0,0;-0,06;0,0;-0,02;0,0;-0,02;0,0;-0,01;0,0;-0,01;0,0;-0,01;0,0;-0,01;0,0
02.08.2026;13:30;13:45;0,36;0,11;0,0;0,0;-0,01;0,0;-0,18;-0,15;0,0;0,0;-0,29;-0,28;-0,05;-0,04;-0,01;0,0;-0,03;-0,02;0,0;0,0;-0,01;0,0;-0,01;0,0;0,0;0,0;-0,05;-0,04;-0,04;-0,03;-0,01;0,0;-0,22;-0,21;-0,01;0,0;-0,02;-0,01;-0,02;-0,01;-0,01;0,0;-0,03;-0,02;-0,01;0,0;-0,03;-0,02;-0,01;0,0;-0,01;0,0;-0,01;0,0;-0,01;0,0
02.08.2026;13:45;14:00;1,0;0,36;-0,01;0,0;-0,02;0,0;-0,13;0,0;0,0;0,0;-0,04;0,0;-0,04;0,0;-0,01;0,0;-0,02;0,0;0,0;0,0;-0,01;0,0;-0,01;0,0;0,0;0,0;-0,02;0,0;-0,07;0,0;-0,01;0,0;-0,05;0,0;-0,02;0,0;-0,03;0,0;-0,02;0,0;-0,01;0,0;-0,03;0,0;-0,01;0,0;-0,03;0,0;-0,02;0,0;-0,01;0,0;-0,01;0,0;-0,01;0,0
02.08.2026;14:00;14:15;4,2;3,07;0,0;0,0;-0,01;0,0;-0,14;0,0;0,0;0,0;-0,04;0,0;-0,04;0,0;-0,01;0,0;-0,02;0,0;-0,01;0,0;0,0;0,0;-0,01;0,0;-0,01;0,0;-0,01;0,0;-0,05;0,0;-0,02;0,0;-0,04;0,0;-0,01;0,0;-0,03;0,0;-0,02;0,0;-0,2;0,0;-0,03;0,0;-0,05;0,0;-0,32;0,0;-0,01;0,0;-0,02;0,0;-0,01;0,0;-0,02;0,0
02.08.2026;14:15;14:30;4,08;3,14;0,0;0,0;-0,01;0,0;-0,08;0,0;0,0;0,0;-0,03;0,0;-0,05;0,0;-0,01;0,0;-0,02;0,0;-0,01;0,0;0,0;0,0;-0,01;0,0;0,0;0,0;-0,02;0,0;-0,04;0,0;-0,01;0,0;-0,03;0,0;-0,07;0,0;-0,04;0,0;-0,02;0,0;-0,19;0,0;-0,02;0,0;-0,03;0,0;-0,22;0,0;-0,01;0,0;-0,01;0,0;-0,01;0,0;0,0;0,0
02.08.2026;14:30;14:45;3,35;2,36;0,0;0,0;-0,01;0,0;-0,15;0,0;0,0;0,0;-0,04;0,0;-0,04;0,0;0,0;0,0;-0,03;0,0;-0,02;0,0;-0,02;0,0;-0,01;0,0;0,0;0,0;-0,03;0,0;-0,04;0,0;-0,01;0,0;-0,03;0,0;-0,15;0,0;-0,04;0,0;-0,02;0,0;-0,2;0,0;-0,02;0,0;-0,05;0,0;-0,04;0,0;-0,01;0,0;-0,02;0,0;-0,01;0,0;0,0;0,0
02.08.2026;14:45;15:00;3,37;2,14;0,0;0,0;0,0;0,0;-0,23;0,0;0,0;0,0;-0,06;0,0;-0,05;0,0;-0,02;0,0;-0,02;0,0;-0,02;0,0;-0,02;0,0;0,0;0,0;0,0;0,0;-0,01;0,0;-0,05;0,0;-0,02;0,0;-0,03;0,0;-0,14;0,0;-0,02;0,0;-0,02;0,0;-0,18;0,0;-0,02;0,0;-0,04;0,0;-0,23;0,0;-0,02;0,0;-0,01;0,0;-0,02;0,0;0,0;0,0
02.08.2026;15:00;15:15;3,63;2,24;-0,01;0,0;-0,01;0,0;-0,24;0,0;0,0;0,0;-0,04;0,0;-0,12;0,0;-0,01;0,0;-0,02;0,0;-0,01;0,0;-0,01;0,0;-0,02;0,0;0,0;0,0;-0,02;0,0;-0,04;0,0;0,0;0,0;-0,02;0,0;-0,12;0,0;-0,04;0,0;-0,02;0,0;-0,19;0,0;-0,03;0,0;-0,04;0,0;-0,34;0,0;-0,01;0,0;0,0;0,0;-0,01;0,0;-0,02;0,0
02.08.2026;15:15;15:30;3,47;2,37;0,0;0,0;0,0;0,0;-0,23;0,0;0,0;0,0;-0,04;0,0;-0,06;0,0;0,0;0,0;-0,02;0,0;0,0;0,0;-0,02;0,0;-0,01;0,0;0,0;0,0;-0,02;0,0;-0,05;0,0;-0,02;0,0;-0,03;0,0;-0,06;0,0;-0,04;0,0;-0,02;0,0;-0,16;0,0;-0,02;0,0;-0,06;0,0;-0,19;0,0;-0,01;0,0;-0,02;0,0;-0,01;0,0;-0,01;0,0
02.08.2026;15:30;15:45;3,17;2,04;0,0;0,0;-0,02;0,0;-0,2;0,0;0,0;0,0;-0,04;0,0;-0,06;0,0;-0,02;0,0;-0,02;0,0;-0,01;0,0;-0,01;0,0;0,0;0,0;0,0;0,0;-0,05;0,0;-0,04;0,0;-0,01;0,0;-0,02;0,0;-0,06;0,0;-0,03;0,0;-0,12;0,0;-0,22;0,0;-0,01;0,0;-0,05;0,0;-0,09;0,0;-0,01;0,0;-0,01;0,0;-0,01;0,0;-0,02;0,0
02.08.2026;15:45;16:00;2,78;1,86;0,0;0,0;-0,01;0,0;-0,16;0,0;0,0;0,0;-0,03;0,0;-0,05;0,0;0,0;0,0;-0,02;0,0;0,0;0,0;-0,01;0,0;-0,01;0,0;0,0;0,0;-0,02;0,0;-0,05;0,0;-0,01;0,0;-0,03;0,0;-0,25;0,0;-0,04;0,0;-0,04;0,0;-0,07;0,0;-0,01;0,0;-0,04;0,0;-0,04;0,0;-0,01;0,0;-0,01;0,0;0,0;0,0;-0,01;0,0
02.08.2026;16:00;16:15;2,98;1,78;-0,01;0,0;-0,05;0,0;-0,19;0,0;0,0;0,0;-0,03;0,0;-0,06;0,0;-0,01;0,0;-0,02;0,0;-0,02;0,0;-0,02;0,0;-0,01;0,0;0,0;0,0;-0,01;0,0;-0,04;0,0;-0,01;0,0;-0,02;0,0;-0,58;-0,23;-0,02;0,0;-0,06;0,0;-0,1;0,0;-0,03;0,0;-0,05;0,0;-0,02;0,0;-0,02;0,0;-0,02;0,0;-0,02;0,0;-0,01;0,0
02.08.2026;16:15;16:30;2,72;1,8;0,0;0,0;-0,15;0,0;-0,09;0,0;0,0;0,0;-0,01;0,0;-0,05;0,0;-0,01;0,0;-0,02;0,0;-0,02;0,0;0,0;0,0;-0,01;0,0;0,0;0,0;-0,01;0,0;-0,04;0,0;-0,02;0,0;-0,02;0,0;-0,12;0,0;-0,04;0,0;-0,04;0,0;-0,09;0,0;-0,03;0,0;-0,04;0,0;-0,07;0,0;-0,01;0,0;-0,01;0,0;-0,01;0,0;-0,01;0,0
02.08.2026;16:30;16:45;2,46;1,38;0,0;0,0;-0,1;0,0;-0,09;0,0;0,0;0,0;-0,02;0,0;-0,06;0,0;-0,01;0,0;-0,02;0,0;-0,01;0,0;0,0;0,0;-0,01;0,0;0,0;0,0;-0,04;0,0;-0,05;0,0;-0,02;0,0;-0,01;0,0;-0,06;0,0;-0,02;0,0;-0,19;0,0;-0,08;0,0;-0,02;0,0;-0,05;0,0;-0,18;0,0;-0,02;0,0;-0,01;0,0;-0,01;0,0;0,0;0,0
02.08.2026;16:45;17:00;2,43;1,14;0,0;0,0;-0,14;0,0;-0,2;0,0;0,0;0,0;-0,03;0,0;-0,05;0,0;-0,01;0,0;-0,03;0,0;-0,01;0,0;0,0;0,0;-0,01;0,0;0,0;0,0;-0,03;0,0;-0,12;0,0;-0,04;0,0;-0,01;0,0;-0,08;0,0;-0,04;0,0;-0,03;0,0;-0,1;0,0;-0,02;0,0;-0,06;0,0;-0,41;-0,16;-0,01;0,0;-0,01;0,0;-0,01;0,0;0,0;0,0
02.08.2026;17:00;17:15;2,37;1,07;0,0;0,0;-0,05;0,0;-0,27;0,0;0,0;0,0;-0,03;0,0;-0,05;0,0;-0,01;0,0;-0,01;0,0;0,0;0,0;-0,02;0,0;-0,01;0,0;0,0;0,0;-0,02;0,0;-0,05;0,0;-0,02;0,0;-0,02;0,0;-0,29;-0,04;-0,02;0,0;-0,02;0,0;-0,09;0,0;-0,02;0,0;-0,05;0,0;-0,28;-0,03;-0,01;0,0;-0,01;0,0;-0,01;0,0;-0,01;0,0
02.08.2026;17:15;17:30;1,69;0,67;-0,01;0,0;-0,09;0,0;-0,15;0,0;0,0;0,0;-0,02;0,0;-0,04;0,0;-0,01;0,0;-0,03;0,0;-0,01;0,0;-0,02;0,0;-0,03;0,0;0,0;0,0;-0,01;0,0;-0,04;0,0;-0,04;0,0;-0,01;0,0;-0,02;0,0;-0,03;0,0;-0,03;0,0;-0,09;0,0;-0,42;-0,28;-0,05;0,0;-0,09;0,0;-0,02;0,0;-0,01;0,0;-0,01;0,0;-0,02;0,0
02.08.2026;17:30;17:45;0,19;0,14;0,0;0,0;-0,02;-0,02;-0,16;-0,11;0,0;0,0;-0,01;-0,01;-0,03;-0,03;-0,01;-0,01;-0,02;-0,02;0,0;0,0;-0,01;-0,01;-0,02;-0,02;0,0;0,0;-0,04;-0,04;-0,1;-0,1;-0,03;-0,03;-0,01;-0,01;-0,02;-0,02;-0,03;-0,03;-0,02;-0,02;-0,1;-0,1;-0,05;-0,05;-0,05;-0,05;-0,08;-0,08;-0,01;-0,01;-0,02;-0,02;-0,02;-0,02;-0,01;-0,01
02.08.2026;17:45;18:00;0,13;0,11;0,0;0,0;-0,04;-0,04;-0,08;-0,06;-0,01;-0,01;0,0;0,0;-0,04;-0,04;-0,01;-0,01;-0,02;-0,02;-0,02;-0,02;-0,02;-0,02;-0,03;-0,03;0,0;0,0;-0,05;-0,05;-0,05;-0,05;-0,02;-0,02;-0,01;-0,01;-0,03;-0,03;-0,03;-0,03;-0,02;-0,02;-0,08;-0,08;-0,1;-0,1;-0,05;-0,05;-0,11;-0,11;-0,02;-0,02;-0,01;-0,01;0,0;0,0;-0,2;-0,2
02.08.2026;18:00;18:15;1,31;0,26;0,0;0,0;-0,02;0,0;-0,17;0,0;0,0;0,0;-0,02;0,0;-0,04;0,0;-0,01;0,0;-0,34;-0,26;-0,02;0,0;-0,01;0,0;-0,07;0,0;0,0;0,0;-0,04;0,0;-0,05;0,0;-0,03;0,0;-0,01;0,0;-0,02;0,0;-0,04;0,0;-0,02;0,0;-0,1;-0,02;-0,24;-0,16;-0,05;0,0;-0,11;-0,03;-0,01;0,0;-0,02;0,0;-0,02;0,0;-0,06;0,0
02.08.2026;18:15;18:30;0,82;0,14;-0,01;0,0;-0,02;0,0;-0,2;-0,07;0,0;0,0;-0,01;0,0;-0,04;-0,01;-0,01;0,0;-0,2;-0,17;-0,02;0,0;-0,02;0,0;-0,07;-0,04;0,0;0,0;-0,03;0,0;-0,09;-0,06;-0,32;-0,29;-0,01;0,0;-0,03;0,0;-0,03;0,0;-0,03;0,0;-0,09;-0,06;-0,51;-0,48;-0,04;-0,01;-0,12;-0,09;-0,02;0,0;0,0;0,0;-0,01;0,0;-0,05;-0,02
02.08.2026;18:30;18:45;0,47;0,19;0,0;0,0;-0,02;-0,01;-0,17;-0,08;0,0;0,0;-0,01;0,0;-0,02;-0,01;0,0;0,0;-0,75;-0,74;0,0;0,0;-0,01;0,0;-0,07;-0,06;0,0;0,0;-0,06;-0,05;-0,12;-0,11;-0,12;-0,11;0,0;0,0;-0,02;-0,01;-0,04;-0,03;-0,06;-0,05;-0,09;-0,08;-0,33;-0,32;-0,05;-0,04;-0,11;-0,1;-0,01;0,0;-0,01;0,0;0,0;0,0;-0,04;-0,03
02.08.2026;18:45;19:00;0,65;0,14;0,0;0,0;-0,03;-0,01;-0,27;-0,18;0,0;0,0;-0,01;0,0;-0,04;-0,02;-0,02;0,0;-0,33;-0,31;-0,01;0,0;0,0;0,0;-0,09;-0,07;0,0;0,0;-0,06;-0,04;-0,09;-0,07;-0,09;-0,07;-0,02;0,0;-0,04;-0,02;-0,02;0,0;-0,02;0,0;-0,09;-0,07;-0,27;-0,25;-0,07;-0,05;-0,08;-0,06;-0,02;0,0;-0,02;0,0;-0,02;0,0;-0,04;-0,02
02.08.2026;19:00;19:15;0,66;0,19;0,0;0,0;-0,09;-0,07;-0,26;-0,15;0,0;0,0;0,0;0,0;-0,05;-0,03;-0,01;0,0;-0,47;-0,45;0,0;0,0;0,0;0,0;-0,04;-0,02;-0,01;0,0;-0,03;-0,01;-0,04;-0,02;-0,07;-0,05;-0,01;0,0;-0,01;0,0;-0,04;-0,02;-0,02;0,0;-0,07;-0,05;-0,2;-0,18;-0,04;-0,02;-0,02;0,0;-0,01;0,0;-0,01;0,0;-0,02;0,0;-0,05;-0,03
02.08.2026;19:15;19:30;0,45;0,15;0,0;0,0;-0,11;-0,1;-0,15;-0,07;0,0;0,0;-0,02;-0,01;-0,05;-0,04;0,0;0,0;-0,1;-0,09;-0,01;0,0;-0,01;0,0;-0,12;-0,11;0,0;0,0;-0,03;-0,02;-0,04;-0,03;-0,07;-0,06;-0,02;-0,01;-0,01;0,0;-0,03;-0,02;-0,04;-0,03;-0,05;-0,04;-0,22;-0,21;-0,05;-0,04;-0,01;0,0;-0,01;0,0;-0,01;0,0;-0,04;-0,03;-0,04;-0,03
02.08.2026;19:30;19:45;0,21;0,16;-0,01;-0,01;-0,11;-0,11;-0,16;-0,11;0,0;0,0;-0,01;-0,01;-0,06;-0,06;-0,02;-0,02;-0,03;-0,03;-0,02;-0,02;-0,02;-0,02;-0,2;-0,2;0,0;0,0;-0,04;-0,04;-0,03;-0,03;-0,06;-0,06;-0,07;-0,07;-0,05;-0,05;-0,03;-0,03;-0,06;-0,06;-0,02;-0,02;-0,2;-0,2;-0,05;-0,05;-0,01;-0,01;0,0;0,0;-0,02;-0,02;-0,04;-0,04;-0,04;-0,04
02.08.2026;19:45;20:00;0,11;0,11;0,0;0,0;-0,03;-0,03;-0,08;-0,08;0,0;0,0;-0,01;-0,01;-0,03;-0,03;-0,01;-0,01;-0,03;-0,03;-0,02;-0,02;-0,01;-0,01;-0,03;-0,03;0,0;0,0;-0,04;-0,04;-0,03;-0,03;-0,05;-0,05;-0,07;-0,07;-0,16;-0,16;-0,03;-0,03;-0,04;-0,04;-0,01;-0,01;-0,14;-0,14;-0,04;-0,04;-0,01;-0,01;0,0;0,0;-0,01;-0,01;-0,03;-0,03;-0,04;-0,04
02.08.2026;20:00;20:15;0,04;0,04;0,0;0,0;-0,03;-0,03;-0,1;-0,1;0,0;0,0;-0,01;-0,01;-0,05;-0,05;0,0;0,0;-0,06;-0,06;-0,01;-0,01;-0,02;-0,02;-0,03;-0,03;0,0;0,0;-0,03;-0,03;-0,03;-0,03;-0,04;-0,04;-0,03;-0,03;-0,49;-0,49;-0,03;-0,03;-0,05;-0,05;-0,01;-0,01;-0,04;-0,04;-0,05;-0,05;-0,03;-0,03;-0,01;-0,01;-0,01;-0,01;-0,04;-0,04;-0,04;-0,04
02.08.2026;20:15;20:30;0,02;0,02;0,0;0,0;-0,17;-0,17;-0,2;-0,2;0,0;0,0;0,0;0,0;-0,05;-0,05;-0,01;-0,01;-0,07;-0,07;-0,01;-0,01;-0,01;-0,01;-0,01;-0,01;0,0;0,0;-0,02;-0,02;-0,11;-0,11;-0,32;-0,32;-0,03;-0,03;-0,17;-0,17;-0,04;-0,04;-0,04;-0,04;-0,01;-0,01;-0,03;-0,03;-0,04;-0,04;-0,02;-0,02;-0,02;-0,02;-0,01;-0,01;-0,03;-0,03;-0,03;-0,03
02.08.2026;20:30;20:45;0,01;0,01;-0,01;-0,01;-0,05;-0,05;-0,12;-0,12;0,0;0,0;-0,02;-0,02;-0,05;-0,05;-0,02;-0,02;-0,07;-0,07;0,0;0,0;-0,02;-0,02;-0,03;-0,03;0,0;0,0;-0,03;-0,03;-0,05;-0,05;-0,53;-0,53;-0,03;-0,03;-0,17;-0,17;-0,02;-0,02;-0,05;-0,05;-0,01;-0,01;-0,2;-0,2;-0,05;-0,05;-0,02;-0,02;-0,01;-0,01;-0,01;-0,01;-0,03;-0,03;-0,04;-0,04
02.08.2026;20:45;21:00;0,01;0,01;0,0;0,0;-0,04;-0,04;-0,08;-0,08;0,0;0,0;-0,03;-0,03;-0,05;-0,05;-0,05;-0,05;-0,04;-0,04;0,0;0,0;-0,01;-0,01;-0,03;-0,03;0,0;0,0;-0,03;-0,03;-0,05;-0,05;-0,03;-0,03;-0,02;-0,02;-0,16;-0,16;-0,03;-0,03;-0,12;-0,12;-0,02;-0,02;-0,05;-0,05;-0,05;-0,05;-0,01;-0,01;-0,02;-0,02;-0,01;-0,01;-0,03;-0,03;-0,06;-0,06
02.08.2026;21:00;21:15;0,0;0,0;0,0;0,0;-0,04;-0,04;-0,09;-0,09;0,0;0,0;-0,02;-0,02;-0,03;-0,03;-0,05;-0,05;-0,04;-0,04;-0,02;-0,02;-0,01;-0,01;-0,01;-0,01;0,0;0,0;-0,02;-0,02;-0,05;-0,05;-0,05;-0,05;-0,07;-0,07;-0,17;-0,17;-0,04;-0,04;-0,05;-0,05;-0,02;-0,02;-0,24;-0,24;-0,04;-0,04;0,0;0,0;-0,01;-0,01;-0,02;-0,02;-0,03;-0,03;-0,04;-0,04
02.08.2026;21:15;21:30;0,0;0,0;0,0;0,0;-0,05;-0,05;-0,15;-0,15;0,0;0,0;-0,02;-0,02;-0,07;-0,07;-0,02;-0,02;-0,05;-0,05;-0,01;-0,01;0,0;0,0;-0,02;-0,02;0,0;0,0;-0,06;-0,06;-0,04;-0,04;-0,04;-0,04;-0,08;-0,08;-0,37;-0,37;-0,02;-0,02;-0,04;-0,04;-0,04;-0,04;-0,34;-0,34;-0,02;-0,02;-0,01;-0,01;-0,01;-0,01;-0,01;-0,01;-0,02;-0,02;-0,04;-0,04
02.08.2026;21:30;21:45;0,0;0,0;-0,01;-0,01;-0,05;-0,05;-0,23;-0,23;0,0;0,0;-0,03;-0,03;-0,08;-0,08;-0,02;-0,02;-0,03;-0,03;-0,02;-0,02;0,0;0,0;-0,01;-0,01;0,0;0,0;-0,04;-0,04;-0,05;-0,05;-0,04;-0,04;-0,03;-0,03;-0,4;-0,4;-0,05;-0,05;-0,06;-0,06;-0,03;-0,03;-0,27;-0,27;-0,01;-0,01;-0,02;-0,02;-0,02;-0,02;-0,01;-0,01;-0,03;-0,03;-0,04;-0,04
02.08.2026;21:45;22:00;0,0;0,0;0,0;0,0;-0,05;-0,05;-0,12;-0,12;0,0;0,0;-0,03;-0,03;-0,07;-0,07;-0,02;-0,02;-0,05;-0,05;-0,02;-0,02;-0,01;-0,01;-0,01;-0,01;0,0;0,0;-0,03;-0,03;-0,05;-0,05;-0,02;-0,02;-0,03;-0,03;-0,46;-0,46;-0,03;-0,03;-0,03;-0,03;-0,15;-0,15;-0,22;-0,22;-0,01;-0,01;-0,01;-0,01;-0,01;-0,01;-0,01;-0,01;-0,03;-0,03;-0,04;-0,04
02.08.2026;22:00;22:15;0,0;0,0;0,0;0,0;-0,05;-0,05;-0,16;-0,16;0,0;0,0;-0,02;-0,02;-0,06;-0,06;-0,02;-0,02;-0,05;-0,05;0,0;0,0;-0,02;-0,02;-0,01;-0,01;0,0;0,0;-0,02;-0,02;-0,05;-0,05;-0,02;-0,02;-0,03;-0,03;-0,33;-0,33;-0,03;-0,03;-0,04;-0,04;-0,07;-0,07;-0,04;-0,04;-0,01;-0,01;-0,02;-0,02;-0,01;-0,01;-0,01;-0,01;-0,03;-0,03;-0,04;-0,04
02.08.2026;22:15;22:30;0,0;0,0;0,0;0,0;-0,04;-0,04;-0,19;-0,19;0,0;0,0;-0,01;-0,01;-0,05;-0,05;-0,01;-0,01;-0,05;-0,05;0,0;0,0;-0,02;-0,02;-0,01;-0,01;0,0;0,0;-0,03;-0,03;-0,05;-0,05;-0,02;-0,02;-0,03;-0,03;-0,12;-0,12;-0,03;-0,03;-0,04;-0,04;-0,03;-0,03;-0,03;-0,03;-0,01;-0,01;-0,01;-0,01;-0,02;-0,02;-0,01;-0,01;-0,02;-0,02;-0,05;-0,05
02.08.2026;22:30;22:45;0,0;0,0;0,0;0,0;-0,02;-0,02;-0,14;-0,14;0,0;0,0;-0,01;-0,01;-0,03;-0,03;0,0;0,0;-0,02;-0,02;-0,01;-0,01;-0,01;-0,01;-0,01;-0,01;0,0;0,0;-0,04;-0,04;-0,05;-0,05;-0,01;-0,01;-0,03;-0,03;-0,09;-0,09;-0,01;-0,01;-0,05;-0,05;-0,03;-0,03;-0,03;-0,03;-0,01;-0,01;-0,01;-0,01;-0,01;-0,01;-0,02;-0,02;-0,01;-0,01;-0,04;-0,04
02.08.2026;22:45;23:00;0,0;0,0;-0,01;-0,01;-0,01;-0,01;-0,15;-0,15;-0,01;-0,01;0,0;0,0;-0,05;-0,05;-0,02;-0,02;-0,04;-0,04;-0,01;-0,01;-0,02;-0,02;-0,01;-0,01;0,0;0,0;-0,02;-0,02;-0,05;-0,05;-0,01;-0,01;-0,03;-0,03;-0,09;-0,09;-0,02;-0,02;-0,03;-0,03;-0,03;-0,03;-0,02;-0,02;-0,01;-0,01;-0,01;-0,01;-0,02;-0,02;-0,01;-0,01;-0,02;-0,02;-0,04;-0,04
02.08.2026;23:00;23:15;0,0;0,0;0,0;0,0;0,0;0,0;-0,2;-0,2;0,0;0,0;-0,01;-0,01;-0,04;-0,04;-0,01;-0,01;-0,03;-0,03;-0,02;-0,02;-0,01;-0,01;-0,01;-0,01;0,0;0,0;0,0;0,0;-0,17;-0,17;-0,01;-0,01;-0,03;-0,03;-0,11;-0,11;0,0;0,0;-0,03;-0,03;-0,03;-0,03;-0,02;-0,02;-0,01;-0,01;-0,01;-0,01;-0,01;-0,01;-0,02;-0,02;-0,01;-0,01;-0,04;-0,04
02.08.2026;23:15;23:30;0,0;0,0;0,0;0,0;-0,01;-0,01;-0,21;-0,21;0,0;0,0;-0,02;-0,02;-0,04;-0,04;-0,01;-0,01;-0,02;-0,02;-0,02;-0,02;-0,01;-0,01;-0,01;-0,01;0,0;0,0;-0,01;-0,01;-0,05;-0,05;-0,01;-0,01;-0,03;-0,03;-0,13;-0,13;-0,02;-0,02;-0,04;-0,04;-0,03;-0,03;-0,03;-0,03;-0,01;-0,01;-0,02;-0,02;-0,02;-0,02;-0,01;-0,01;-0,01;-0,01;-0,03;-0,03
02.08.2026;23:30;23:45;0,0;0,0;0,0;0,0;0,0;0,0;-0,19;-0,19;0,0;0,0;-0,01;-0,01;-0,03;-0,03;-0,01;-0,01;-0,01;-0,01;-0,01;-0,01;-0,01;-0,01;-0,01;-0,01;0,0;0,0;-0,02;-0,02;-0,05;-0,05;-0,04;-0,04;-0,03;-0,03;-0,08;-0,08;-0,01;-0,01;-0,03;-0,03;-0,03;-0,03;-0,02;-0,02;-0,01;-0,01;-0,01;-0,01;-0,02;-0,02;0,0;0,0;-0,01;-0,01;-0,01;-0,01
02.08.2026;23:45;00:00;0,0;0,0;-0,01;-0,01;-0,01;-0,01;-0,17;-0,17;0,0;0,0;-0,01;-0,01;-0,04;-0,04;-0,01;-0,01;-0,02;-0,02;0,0;0,0;0,0;0,0;-0,01;-0,01;0,0;0,0;-0,01;-0,01;-0,08;-0,08;-0,02;-0,02;-0,03;-0,03;-0,03;-0,03;-0,01;-0,01;-0,03;-0,03;0,0;0,0;-0,02;-0,02;-0,01;-0,01;-0,01;-0,01;-0,01;-0,01;-0,02;-0,02;-0,02;-0,02;-0,01;-0,01
03.08.2026;00:00;00:15;0,0;0,0;0,0;0,0;-0,01;-0,01;-0,18;-0,18;0,0;0,0;-0,02;-0,02;-0,04;-0,04;-0,01;-0,01;-0,02;-0,02;-0,01;-0,01;0,0;0,0;0,0;0,0;-0,01;-0,01;0,0;0,0;-0,04;-0,04;-0,03;-0,03;-0,03;-0,03;-0,02;-0,02;-0,02;-0,02;-0,04;-0,04;-0,01;-0,01;-0,01;-0,01;-0,01;-0,01;-0,01;-0,01;-0,02;-0,02;-0,01;-0,01;-0,03;-0,03;0,0;0,0
03.08.2026;00:15;00:30;0,0;0,0;0,0;0,0;-0,01;-0,01;-0,17;-0,17;0,0;0,0;0,0;0,0;-0,03;-0,03;-0,01;-0,01;-0,01;-0,01;0,0;0,0;-0,02;-0,02;-0,01;-0,01;0,0;0,0;-0,01;-0,01;-0,05;-0,05;-0,02;-0,02;-0,1;-0,1;-0,02;-0,02;0,0;0,0;-0,03;-0,03;-0,02;-0,02;-0,01;-0,01;-0,01;-0,01;-0,01;-0,01;-0,01;-0,01;-0,01;-0,01;-0,01;-0,01;-0,02;-0,02
03.08.2026;00:30;00:45;0,0;0,0;0,0;0,0;-0,01;-0,01;-0,18;-0,18;0,0;0,0;-0,01;-0,01;-0,04;-0,04;-0,01;-0,01;-0,02;-0,02;-0,01;-0,01;-0,01;-0,01;-0,01;-0,01;0,0;0,0;-0,01;-0,01;-0,02;-0,02;-0,02;-0,02;-0,01;-0,01;-0,02;-0,02;-0,02;-0,02;-0,02;-0,02;0,0;0,0;-0,03;-0,03;-0,01;-0,01;-0,02;-0,02;-0,01;-0,01;-0,02;-0,02;-0,02;-0,02;-0,03;-0,03
03.08.2026;00:45;01:00;0,0;0,0;0,0;0,0;0,0;0,0;-0,17;-0,17;0,0;0,0;-0,01;-0,01;-0,04;-0,04;-0,01;-0,01;-0,02;-0,02;-0,02;-0,02;-0,02;-0,02;-0,01;-0,01;0,0;0,0;-0,02;-0,02;-0,01;-0,01;-0,02;-0,02;-0,01;-0,01;-0,02;-0,02;-0,01;-0,01;-0,03;-0,03;-0,02;-0,02;-0,02;-0,02;-0,01;-0,01;-0,01;-0,01;-0,02;-0,02;-0,01;-0,01;-0,02;-0,02;-0,02;-0,02
03.08.2026;01:00;01:15;0,0;0,0;-0,01;-0,01;-0,01;-0,01;-0,2;-0,2;0,0;0,0;-0,02;-0,02;-0,03;-0,03;-0,01;-0,01;-0,01;-0,01;-0,02;-0,02;-0,01;-0,01;-0,01;-0,01;0,0;0,0;0,0;0,0;-0,02;-0,02;-0,01;-0,01;-0,02;-0,02;-0,03;-0,03;-0,01;-0,01;-0,02;-0,02;-0,01;-0,01;-0,02;-0,02;-0,01;-0,01;-0,01;-0,01;-0,01;-0,01;-0,01;-0,01;-0,01;-0,01;-0,02;-0,02
03.08.2026;01:15;01:30;0,0;0,0;0,0;0,0;-0,01;-0,01;-0,19;-0,19;0,0;0,0;-0,01;-0,01;-0,04;-0,04;-0,01;-0,01;-0,02;-0,02;-0,01;-0,01;-0,02;-0,02;-0,01;-0,01;0,0;0,0;-0,01;-0,01;-0,02;-0,02;-0,02;-0,02;0,0;0,0;-0,02;-0,02;-0,02;-0,02;-0,02;-0,02;-0,01;-0,01;-0,01;-0,01;-0,01;-0,01;-0,01;-0,01;-0,02;-0,02;-0,01;-0,01;-0,04;-0,04;-0,02;-0,02
03.08.2026;01:30;01:45;0,0;0,0;0,0;0,0;-0,01;-0,01;-0,19;-0,19;0,0;0,0;-0,01;-0,01;-0,03;-0,03;-0,01;-0,01;-0,02;-0,02;-0,01;-0,01;-0,01;-0,01;0,0;0,0;0,0;0,0;-0,01;-0,01;-0,01;-0,01;-0,01;-0,01;0,0;0,0;-0,01;-0,01;0,0;0,0;-0,03;-0,03;-0,01;-0,01;-0,01;-0,01;-0,01;-0,01;-0,01;-0,01;-0,01;-0,01;-0,01;-0,01;-0,11;-0,11;-0,02;-0,02
03.08.2026;01:45;02:00;0,0;0,0;0,0;0,0;-0,01;-0,01;-0,19;-0,19;0,0;0,0;0,0;0,0;-0,04;-0,04;-0,01;-0,01;-0,01;-0,01;0,0;0,0;-0,01;-0,01;-0,02;-0,02;0,0;0,0;-0,02;-0,02;-0,02;-0,02;0,0;0,0;-0,01;-0,01;0,0;0,0;-0,01;-0,01;-0,02;-0,02;-0,01;-0,01;-0,03;-0,03;-0,01;-0,01;-0,02;-0,02;-0,01;-0,01;-0,01;-0,01;-0,04;-0,04;-0,02;-0,02
03.08.2026;02:00;02:15;0,0;0,0;-0,01;-0,01;-0,01;-0,01;-0,15;-0,15;0,0;0,0;-0,01;-0,01;-0,03;-0,03;-0,01;-0,01;-0,02;-0,02;0,0;0,0;-0,01;-0,01;-0,01;-0,01;0,0;0,0;0,0;0,0;-0,02;-0,02;-0,02;-0,02;-0,01;-0,01;-0,01;-0,01;-0,02;-0,02;-0,03;-0,03;-0,01;-0,01;-0,02;-0,02;-0,01;-0,01;-0,01;-0,01;0,0;0,0;-0,01;-0,01;-0,01;-0,01;-0,02;-0,02
03.08.2026;02:15;02:30;0,0;0,0;0,0;0,0;0,0;0,0;-0,18;-0,18;0,0;0,0;-0,02;-0,02;-0,04;-0,04;-0,01;-0,01;-0,02;-0,02;-0,02;-0,02;0,0;0,0;0,0;0,0;0,0;0,0;-0,01;-0,01;-0,01;-0,01;-0,02;-0,02;-0,01;-0,01;-0,02;-0,02;-0,01;-0,01;-0,02;-0,02;-0,01;-0,01;-0,02;-0,02;-0,01;-0,01;-0,04;-0,04;-0,01;-0,01;-0,02;-0,02;-0,01;-0,01;-0,02;-0,02
03.08.2026;02:30;02:45;0,0;0,0;0,0;0,0;-0,01;-0,01;-0,15;-0,15;0,0;0,0;-0,01;-0,01;-0,03;-0,03;-0,01;-0,01;-0,02;-0,02;-0,02;-0,02;0,0;0,0;-0,01;-0,01;0,0;0,0;-0,01;-0,01;-0,02;-0,02;-0,06;-0,06;-0,02;-0,02;-0,02;-0,02;-0,02;-0,02;-0,02;-0,02;-0,01;-0,01;-0,01;-0,01;-0,01;-0,01;-0,05;-0,05;0,0;0,0;-0,02;-0,02;-0,01;-0,01;-0,01;-0,01
03.08.2026;02:45;03:00;0,0;0,0;0,0;0,0;-0,01;-0,01;-0,06;-0,06;0,0;0,0;-0,01;-0,01;-0,04;-0,04;-0,01;-0,01;-0,01;-0,01;-0,01;-0,01;-0,02;-0,02;-0,01;-0,01;0,0;0,0;-0,02;-0,02;-0,01;-0,01;-0,18;-0,18;-0,01;-0,01;-0,02;-0,02;-0,01;-0,01;-0,02;-0,02;-0,01;-0,01;-0,01;-0,01;-0,01;-0,01;-0,02;-0,02;-0,01;-0,01;-0,01;-0,01;-0,01;-0,01;-0,02;-0,02
03.08.2026;03:00;03:15;0,0;0,0;0,0;0,0;-0,02;-0,02;-0,06;-0,06;0,0;0,0;-0,01;-0,01;-0,03;-0,03;-0,01;-0,01;-0,02;-0,02;-0,01;-0,01;-0,02;-0,02;0,0;0,0;0,0;0,0;0,0;0,0;-0,16;-0,16;-0,18;-0,18;0,0;0,0;-0,01;-0,01;0,0;0,0;-0,02;-0,02;-0,01;-0,01;-0,03;-0,03;-0,01;-0,01;-0,02;-0,02;0,0;0,0;0,0;0,0;-0,02;-0,02;-0,01;-0,01
03.08.2026;03:15;03:30;0,0;0,0;-0,01;-0,01;-0,01;-0,01;-0,06;-0,06;0,0;0,0;0,0;0,0;-0,01;-0,01;-0,01;-0,01;-0,05;-0,05;-0,01;-0,01;-0,01;-0,01;-0,02;-0,02;0,0;0,0;-0,01;-0,01;-0,01;-0,01;-0,19;-0,19;-0,01;-0,01;-0,01;-0,01;-0,02;-0,02;-0,02;-0,02;-0,01;-0,01;-0,02;-0,02;-0,01;-0,01;-0,03;-0,03;0,0;0,0;-0,02;-0,02;-0,01;-0,01;-0,01;-0,01
03.08.2026;03:30;03:45;0,0;0,0;0,0;0,0;0,0;0,0;-0,08;-0,08;0,0;0,0;-0,02;-0,02;-0,04;-0,04;-0,01;-0,01;-0,01;-0,01;0,0;0,0;-0,02;-0,02;-0,01;-0,01;0,0;0,0;-0,02;-0,02;-0,01;-0,01;-0,19;-0,19;0,0;0,0;-0,01;-0,01;-0,01;-0,01;-0,02;-0,02;-0,01;-0,01;-0,01;-0,01;-0,01;-0,01;-0,01;-0,01;-0,01;-0,01;-0,01;-0,01;-0,01;-0,01;-0,01;-0,01
03.08.2026;03:45;04:00;0,0;0,0;0,0;0,0;0,0;0,0;-0,06;-0,06;-0,01;-0,01;-0,01;-0,01;-0,03;-0,03;0,0;0,0;-0,02;-0,02;-0,01;-0,01;-0,01;-0,01;0,0;0,0;0,0;0,0;-0,01;-0,01;-0,03;-0,03;-0,17;-0,17;-0,01;-0,01;-0,02;-0,02;-0,01;-0,01;-0,02;-0,02;-0,01;-0,01;-0,02;-0,02;-0,01;-0,01;-0,01;-0,01;0,0;0,0;-0,01;-0,01;-0,01;-0,01;-0,01;-0,01
03.08.2026;04:00;04:15;0,0;0,0;0,0;0,0;-0,01;-0,01;-0,06;-0,06;0,0;0,0;-0,02;-0,02;-0,03;-0,03;-0,02;-0,02;-0,02;-0,02;-0,01;-0,01;-0,01;-0,01;-0,01;-0,01;0,0;0,0;-0,01;-0,01;-0,03;-0,03;-0,08;-0,08;-0,02;-0,02;-0,01;-0,01;-0,02;-0,02;-0,02;-0,02;-0,01;-0,01;-0,01;-0,01;-0,02;-0,02;-0,01;-0,01;-0,01;-0,01;-0,02;-0,02;-0,01;-0,01;0,0;0,0
03.08.2026;04:15;04:30;0,0;0,0;-0,01;-0,01;-0,02;-0,02;-0,07;-0,07;0,0;0,0;0,0;0,0;-0,02;-0,02;-0,01;-0,01;-0,02;-0,02;-0,02;-0,02;-0,01;-0,01;-0,01;-0,01;0,0;0,0;0,0;0,0;-0,03;-0,03;-0,01;-0,01;-0,01;-0,01;-0,01;-0,01;0,0;0,0;-0,03;-0,03;-0,02;-0,02;-0,03;-0,03;0,0;0,0;-0,02;-0,02;-0,02;-0,02;-0,01;-0,01;-0,01;-0,01;0,0;0,0
03.08.2026;04:30;04:45;0,0;0,0;0,0;0,0;-0,01;-0,01;-0,06;-0,06;0,0;0,0;0,0;0,0;-0,03;-0,03;0,0;0,0;-0,01;-0,01;-0,02;-0,02;-0,01;-0,01;0,0;0,0;0,0;0,0;-0,01;-0,01;-0,07;-0,07;-0,02;-0,02;-0,01;-0,01;-0,02;-0,02;-0,02;-0,02;-0,02;-0,02;0,0;0,0;-0,02;-0,02;-0,01;-0,01;-0,01;-0,01;-0,02;-0,02;-0,01;-0,01;-0,02;-0,02;0,0;0,0
03.08.2026;04:45;05:00;0,0;0,0;0,0;0,0;-0,01;-0,01;-0,06;-0,06;0,0;0,0;-0,02;-0,02;-0,03;-0,03;-0,01;-0,01;-0,01;-0,01;-0,01;-0,01;0,0;0,0;-0,02;-0,02;0,0;0,0;-0,02;-0,02;-0,01;-0,01;-0,01;-0,01;-0,01;-0,01;-0,02;-0,02;-0,01;-0,01;-0,02;-0,02;-0,02;-0,02;-0,01;-0,01;-0,01;-0,01;-0,01;-0,01;-0,02;-0,02;-0,01;-0,01;0,0;0,0;-0,01;-0,01
03.08.2026;05:00;05:15;0,0;0,0;0,0;0,0;0,0;0,0;-0,06;-0,06;0,0;0,0;-0,01;-0,01;-0,04;-0,04;-0,02;-0,02;-0,02;-0,02;0,0;0,0;-0,01;-0,01;-0,01;-0,01;-0,01;-0,01;-0,01;-0,01;0,0;0,0;-0,01;-0,01;0,0;0,0;-0,04;-0,04;-0,01;-0,01;-0,02;-0,02;-0,01;-0,01;-0,02;-0,02;-0,01;-0,01;-0,01;-0,01;-0,02;-0,02;-0,01;-0,01;-0,03;-0,03;-0,02;-0,02
03.08.2026;05:15;05:30;0,0;0,0;0,0;0,0;-0,01;-0,01;-0,06;-0,06;0,0;0,0;-0,02;-0,02;-0,02;-0,02;-0,01;-0,01;-0,02;-0,02;0,0;0,0;-0,01;-0,01;0,0;0,0;0,0;0,0;0,0;0,0;-0,01;-0,01;-0,06;-0,06;-0,01;-0,01;-0,04;-0,04;-0,02;-0,02;-0,02;-0,02;0,0;0,0;-0,01;-0,01;-0,02;-0,02;-0,02;-0,02;-0,01;-0,01;-0,01;-0,01;-0,03;-0,03;-0,01;-0,01
03.08.2026;05:30;05:45;0,0;0,0;-0,01;-0,01;-0,01;-0,01;-0,07;-0,07;0,0;0,0;0,0;0,0;-0,02;-0,02;0,0;0,0;-0,01;-0,01;-0,01;-0,01;-0,02;-0,02;-0,01;-0,01;0,0;0,0;-0,03;-0,03;-0,02;-0,02;-0,01;-0,01;-0,01;-0,01;-0,02;-0,02;0,0;0,0;-0,02;-0,02;-0,02;-0,02;-0,03;-0,03;-0,03;-0,03;-0,01;-0,01;-0,02;-0,02;-0,01;-0,01;-0,02;-0,02;-0,01;-0,01
03.08.2026;05:45;06:00;0,01;0,01;0,0;0,0;-0,02;-0,02;-0,15;-0,15;0,0;0,0;-0,01;-0,01;-0,04;-0,04;-0,01;-0,01;-0,02;-0,02;-0,02;-0,02;-0,01;-0,01;-0,01;-0,01;0,0;0,0;-0,03;-0,03;-0,01;-0,01;-0,01;-0,01;-0,01;-0,01;-0,01;-0,01;-0,02;-0,02;-0,02;-0,02;-0,01;-0,01;-0,02;-0,02;-0,02;-0,02;-0,01;-0,01;-0,02;-0,02;-0,02;-0,02;-0,06;-0,06;-0,02;-0,02
03.08.2026;06:00;06:15;0,04;0,04;0,0;0,0;-0,03;-0,03;-0,08;-0,08;0,0;0,0;-0,01;-0,01;-0,03;-0,03;-0,02;-0,02;-0,02;-0,02;-0,02;-0,02;-0,02;-0,02;0,0;0,0;0,0;0,0;-0,01;-0,01;-0,01;-0,01;-0,02;-0,02;-0,01;-0,01;-0,02;-0,02;-0,01;-0,01;-0,02;-0,02;0,0;0,0;-0,01;-0,01;-0,02;-0,02;-0,01;-0,01;-0,02;-0,02;-0,02;-0,02;-0,01;-0,01;0,0;0,0
03.08.2026;06:15;06:30;0,07;0,07;0,0;0,0;-0,06;-0,06;-0,14;-0,14;0,0;0,0;-0,01;-0,01;-0,02;-0,02;0,0;0,0;0,0;0,0;-0,01;-0,01;-0,01;-0,01;-0,02;-0,02;0,0;0,0;-0,04;-0,04;-0,01;-0,01;0,0;0,0;0,0;0,0;-0,02;-0,02;-0,01;-0,01;-0,02;-0,02;-0,01;-0,01;-0,01;-0,01;-0,02;-0,02;-0,02;-0,02;-0,01;-0,01;0,0;0,0;-0,01;-0,01;-0,1;-0,1
03.08.2026;06:30;06:45;0,13;0,11;-0,01;-0,01;-0,1;-0,1;-0,09;-0,07;0,0;0,0;-0,02;-0,02;-0,02;-0,02;-0,01;-0,01;-0,02;-0,02;-0,01;-0,01;-0,01;-0,01;0,0;0,0;0,0;0,0;-0,02;-0,02;-0,01;-0,01;-0,01;-0,01;-0,01;-0,01;-0,01;-0,01;-0,03;-0,03;-0,02;-0,02;-0,01;-0,01;-0,02;-0,02;-0,01;-0,01;0,0;0,0;-0,02;-0,02;-0,01;-0,01;-0,01;-0,01;-0,11;-0,11
03.08.2026;06:45;07:00;0,24;0,18;0,0;0,0;-0,02;-0,02;-0,08;-0,02;0,0;0,0;0,0;0,0;-0,04;-0,04;-0,01;-0,01;-0,02;-0,02;0,0;0,0;-0,01;-0,01;-0,01;-0,01;0,0;0,0;-0,01;-0,01;-0,01;-0,01;-0,02;-0,02;-0,11;-0,11;-0,04;-0,04;-0,02;-0,02;-0,02;-0,02;-0,04;-0,04;-0,03;-0,03;-0,02;-0,02;-0,02;-0,02;-0,02;-0,02;-0,01;-0,01;-0,01;-0,01;-0,01;-0,01
03.08.2026;07:00;07:15;0,37;0,11;0,0;0,0;-0,02;-0,01;-0,12;-0,07;0,0;0,0;-0,01;0,0;-0,12;-0,11;-0,01;0,0;-0,03;-0,02;-0,01;0,0;0,0;0,0;-0,01;0,0;0,0;0,0;-0,01;0,0;-0,02;-0,01;0,0;0,0;-0,06;-0,05;-0,03;-0,02;-0,03;-0,02;-0,02;-0,01;-0,01;0,0;-0,01;0,0;-0,01;0,0;-0,01;0,0;-0,02;-0,01;-0,01;0,0;-0,01;0,0;-0,02;-0,01
03.08.2026;07:15;07:30;0,59;0,19;0,0;0,0;-0,01;0,0;-0,13;-0,02;0,0;0,0;-0,01;0,0;-0,06;-0,04;-0,01;0,0;-0,02;0,0;0,0;0,0;0,0;0,0;-0,01;0,0;0,0;0,0;0,0;0,0;-0,01;0,0;-0,01;0,0;-0,08;-0,06;-0,03;-0,01;-0,03;-0,01;-0,02;0,0;-0,02;0,0;-0,01;0,0;-0,01;0,0;-0,01;0,0;-0,01;0,0;-0,02;0,0;-0,02;0,0;-0,01;0,0
03.08.2026;07:30;07:45;0,73;0,28;-0,01;0,0;-0,02;0,0;-0,09;0,0;0,0;0,0;-0,01;0,0;-0,07;-0,02;-0,01;0,0;-0,02;0,0;-0,02;0,0;-0,02;0,0;0,0;0,0;0,0;0,0;-0,02;0,0;-0,01;0,0;-0,02;0,0;-0,01;0,0;-0,03;0,0;-0,02;0,0;-0,02;0,0;0,0;0,0;-0,01;0,0;-0,01;0,0;-0,01;0,0;-0,02;0,0;-0,01;0,0;0,0;0,0;-0,01;0,0
03.08.2026;07:45;08:00;0,83;0,25;0,0;0,0;0,0;0,0;-0,15;0,0;0,0;0,0;-0,02;0,0;-0,06;-0,01;-0,01;0,0;-0,02;0,0;-0,02;0,0;-0,02;0,0;-0,03;0,0;0,0;0,0;-0,01;0,0;-0,01;0,0;0,0;0,0;-0,01;0,0;-0,03;0,0;-0,04;0,0;-0,03;0,0;-0,01;0,0;-0,02;0,0;-0,01;0,0;-0,02;0,0;-0,02;0,0;-0,02;0,0;-0,02;0,0;-0,01;0,0
03.08.2026;08:00;08:15;1,03;0,48;0,0;0,0;-0,01;0,0;-0,08;0,0;0,0;0,0;0,0;0,0;-0,12;-0,04;-0,01;0,0;-0,01;0,0;-0,02;0,0;-0,01;0,0;-0,06;0,0;0,0;0,0;-0,01;0,0;-0,12;-0,04;-0,02;0,0;-0,02;0,0;-0,01;0,0;-0,02;0,0;-0,02;0,0;-0,02;0,0;-0,03;0,0;-0,01;0,0;-0,01;0,0;0,0;0,0;-0,01;0,0;-0,01;0,0;0,0;0,0
03.08.2026;08:15;08:30;1,34;0,85;0,0;0,0;-0,01;0,0;-0,09;0,0;0,0;0,0;-0,01;0,0;-0,05;0,0;-0,01;0,0;-0,01;0,0;0,0;0,0;-0,01;0,0;-0,02;0,0;0,0;0,0;0,0;0,0;-0,01;0,0;-0,01;0,0;-0,01;0,0;-0,01;0,0;-0,03;0,0;-0,02;0,0;0,0;0,0;-0,3;-0,14;-0,01;0,0;-0,01;0,0;0,0;0,0;0,0;0,0;0,0;0,0;-0,01;0,0
03.08.2026;08:30;08:45;1,62;1,11;0,0;0,0;-0,01;0,0;-0,12;0,0;0,0;0,0;-0,01;0,0;-0,04;0,0;-0,01;0,0;-0,02;0,0;0,0;0,0;-0,02;0,0;-0,02;0,0;0,0;0,0;-0,02;0,0;-0,01;0,0;-0,01;0,0;-0,02;0,0;0,0;0,0;-0,03;0,0;-0,04;0,0;-0,02;0,0;-0,05;0,0;-0,01;0,0;-0,01;0,0;0,0;0,0;-0,02;0,0;-0,02;0,0;0,0;0,0
03.08.2026;08:45;09:00;1,86;1,31;-0,01;0,0;-0,02;0,0;-0,08;0,0;-0,01;0,0;-0,01;0,0;-0,03;0,0;-0,01;0,0;-0,01;0,0;-0,01;0,0;-0,01;0,0;-0,01;0,0;0,0;0,0;-0,01;0,0;-0,01;0,0;-0,01;0,0;-0,02;0,0;-0,02;0,0;-0,02;0,0;-0,02;0,0;-0,01;0,0;-0,16;0,0;-0,01;0,0;-0,02;0,0;-0,01;0,0;-0,01;0,0;0,0;0,0;-0,01;0,0
03.08.2026;09:00;09:15;1,88;1,46;0,0;0,0;-0,01;0,0;-0,09;0,0;0,0;0,0;-0,02;0,0;-0,04;0,0;-0,01;0,0;-0,01;0,0;-0,01;0,0;-0,02;0,0;-0,01;0,0;0,0;0,0;-0,01;0,0;-0,01;0,0;-0,01;0,0;-0,01;0,0;-0,01;0,0;-0,04;0,0;-0,02;0,0;0,0;0,0;-0,02;0,0;-0,01;0,0;-0,01;0,0;-0,01;0,0;-0,01;0,0;-0,02;0,0;-0,01;0,0
03.08.2026;09:15;09:30;0,66;0,25;0,0;0,0;-0,02;0,0;-0,07;0,0;0,0;0,0;0,0;0,0;-0,04;-0,01;0,0;0,0;-0,02;0,0;-0,02;0,0;0,0;0,0;-0,01;0,0;0,0;0,0;0,0;0,0;-0,01;0,0;-0,01;0,0;-0,02;0,0;-0,02;0,0;-0,03;0,0;-0,02;0,0;-0,02;0,0;-0,22;-0,19;-0,01;0,0;-0,01;0,0;-0,01;0,0;-0,02;0,0;-0,01;0,0;-0,02;0,0
03.08.2026;09:30;09:45;0,0;0,0;0,0;0,0;-0,01;-0,01;-0,13;-0,13;0,0;0,0;-0,01;-0,01;-0,04;-0,04;-0,02;-0,02;-0,02;-0,02;-0,01;-0,01;0,0;0,0;-0,01;-0,01;0,0;0,0;-0,02;-0,02;-0,01;-0,01;-0,01;-0,01;-0,01;-0,01;0,0;0,0;-0,02;-0,02;-0,02;-0,02;0,0;0,0;-0,24;-0,24;-0,01;-0,01;-0,01;-0,01;-0,02;-0,02;-0,01;-0,01;0,0;0,0;-0,01;-0,01
03.08.2026;09:45;10:00;1,96;1,58;-0,01;0,0;-0,01;0,0;-0,06;0,0;0,0;0,0;0,0;0,0;-0,03;0,0;-0,01;0,0;-0,01;0,0;-0,02;0,0;0,0;0,0;0,0;0,0;0,0;0,0;-0,01;0,0;-0,01;0,0;-0,01;0,0;-0,01;0,0;-0,01;0,0;-0,04;0,0;-0,02;0,0;-0,02;0,0;-0,02;0,0;-0,01;0,0;-0,02;0,0;-0,01;0,0;-0,01;0,0;-0,02;0,0;-0,01;0,0
03.08.2026;10:00;10:15;2,86;2,48;0,0;0,0;-0,01;0,0;-0,06;0,0;0,0;0,0;-0,02;0,0;-0,04;0,0;0,0;0,0;-0,02;0,0;0,0;0,0;-0,02;0,0;-0,02;0,0;-0,01;0,0;-0,01;0,0;-0,03;0,0;-0,01;0,0;0,0;0,0;-0,01;0,0;-0,02;0,0;-0,02;0,0;-0,01;0,0;-0,01;0,0;-0,02;0,0;-0,01;0,0;-0,01;0,0;-0,01;0,0;-0,01;0,0;0,0;0,0
03.08.2026;10:15;10:30;3,04;2,69;0,0;0,0;0,0;0,0;-0,08;0,0;0,0;0,0;-0,01;0,0;-0,04;0,0;-0,01;0,0;-0,02;0,0;-0,01;0,0;-0,02;0,0;-0,01;0,0;0,0;0,0;0,0;0,0;-0,02;0,0;-0,01;0,0;0,0;0,0;-0,02;0,0;-0,04;0,0;-0,02;0,0;0,0;0,0;-0,01;0,0;0,0;0,0;-0,01;0,0;-0,01;0,0;-0,01;0,0;0,0;0,0;0,0;0,0
03.08.2026;10:30;10:45;3,2;2,71;0,0;0,0;-0,03;0,0;-0,15;0,0;0,0;0,0;-0,01;0,0;-0,03;0,0;-0,02;0,0;0,0;0,0;0,0;0,0;-0,02;0,0;0,0;0,0;0,0;0,0;-0,02;0,0;-0,01;0,0;-0,01;0,0;-0,02;0,0;-0,01;0,0;-0,02;0,0;-0,03;0,0;-0,02;0,0;-0,02;0,0;-0,02;0,0;-0,01;0,0;-0,01;0,0;-0,01;0,0;-0,02;0,0;0,0;0,0
03.08.2026;10:45;11:00;3,34;2,61;0,0;0,0;-0,24;0,0;-0,18;0,0;0,0;0,0;0,0;0,0;-0,04;0,0;0,0;0,0;-0,02;0,0;-0,01;0,0;-0,01;0,0;-0,02;0,0;0,0;0,0;-0,01;0,0;-0,01;0,0;-0,01;0,0;-0,01;0,0;-0,01;0,0;-0,03;0,0;-0,03;0,0;0,0;0,0;-0,03;0,0;-0,01;0,0;-0,02;0,0;-0,01;0,0;-0,01;0,0;0,0;0,0;-0,02;0,0
03.08.2026;11:00;11:15;3,42;2,61;-0,01;0,0;-0,05;0,0;-0,07;0,0;0,0;0,0;-0,01;0,0;-0,03;0,0;-0,01;0,0;-0,02;0,0;-0,02;0,0;-0,01;0,0;-0,03;0,0;0,0;0,0;-0,01;0,0;-0,01;0,0;-0,01;0,0;-0,01;0,0;0,0;0,0;-0,03;0,0;-0,39;0,0;-0,01;0,0;-0,01;0,0;0,0;0,0;-0,01;0,0;-0,01;0,0;-0,02;0,0;-0,02;0,0;-0,01;0,0
03.08.2026;11:15;11:30;3,56;3,02;0,0;0,0;-0,02;0,0;-0,07;0,0;0,0;0,0;-0,02;0,0;-0,04;0,0;-0,01;0,0;-0,01;0,0;-0,02;0,0;-0,02;0,0;-0,02;0,0;0,0;0,0;0,0;0,0;-0,02;0,0;-0,01;0,0;-0,01;0,0;-0,02;0,0;-0,02;0,0;-0,11;0,0;-0,02;0,0;-0,01;0,0;-0,02;0,0;-0,01;0,0;-0,01;0,0;-0,02;0,0;-0,01;0,0;-0,02;0,0
03.08.2026;11:30;11:45;3,72;3,18;0,0;0,0;-0,11;0,0;-0,07;0,0;0,0;0,0;-0,01;0,0;-0,04;0,0;-0,01;0,0;-0,02;0,0;-0,01;0,0;-0,01;0,0;-0,02;0,0;0,0;0,0;-0,02;0,0;-0,01;0,0;-0,03;0,0;-0,01;0,0;-0,01;0,0;-0,04;0,0;-0,07;0,0;0,0;0,0;-0,01;0,0;-0,01;0,0;-0,01;0,0;-0,01;0,0;0,0;0,0;0,0;0,0;-0,01;0,0
03.08.2026;11:45;12:00;3,78;3,21;0,0;0,0;-0,02;0,0;-0,15;0,0;0,0;0,0;-0,01;0,0;-0,03;0,0;-0,01;0,0;-0,01;0,0;-0,01;0,0;-0,01;0,0;-0,02;0,0;0,0;0,0;-0,01;0,0;-0,01;0,0;-0,01;0,0;-0,01;0,0;-0,03;0,0;-0,02;0,0;-0,1;0,0;-0,01;0,0;-0,02;0,0;-0,01;0,0;-0,02;0,0;-0,01;0,0;-0,01;0,0;-0,02;0,0;-0,01;0,0
03.08.2026;12:00;12:15;3,84;3,43;-0,01;0,0;-0,01;0,0;-0,08;0,0;0,0;0,0;0,0;0,0;-0,04;0,0;-0,01;0,0;-0,01;0,0;0,0;0,0;-0,01;0,0;0,0;0,0;0,0;0,0;0,0;0,0;-0,01;0,0;-0,01;0,0;-0,02;0,0;0,0;0,0;-0,03;0,0;-0,07;0,0;-0,01;0,0;-0,03;0,0;-0,01;0,0;-0,01;0,0;-0,02;0,0;-0,02;0,0;0,0;0,0;0,0;0,0
03.08.2026;12:15;12:30;3,87;3,41;0,0;0,0;-0,01;0,0;-0,07;0,0;0,0;0,0;-0,01;0,0;-0,03;0,0;-0,01;0,0;-0,02;0,0;0,0;0,0;0,0;0,0;-0,01;0,0;0,0;0,0;-0,01;0,0;-0,01;0,0;-0,02;0,0;-0,01;0,0;-0,01;0,0;-0,03;0,0;-0,07;0,0;-0,01;0,0;-0,01;0,0;-0,01;0,0;-0,01;0,0;-0,09;0,0;0,0;0,0;-0,01;0,0;0,0;0,0
03.08.2026;12:30;12:45;3,9;3,41;0,0;0,0;-0,02;0,0;-0,08;0,0;0,0;0,0;-0,02;0,0;-0,04;0,0;-0,01;0,0;-0,02;0,0;-0,02;0,0;0,0;0,0;-0,02;0,0;0,0;0,0;-0,02;0,0;-0,01;0,0;0,0;0,0;0,0;0,0;-0,01;0,0;-0,02;0,0;-0,07;0,0;-0,01;0,0;-0,01;0,0;-0,01;0,0;-0,01;0,0;-0,05;0,0;-0,02;0,0;-0,01;0,0;-0,01;0,0
03.08.2026;12:45;13:00;3,75;3,34;0,0;0,0;-0,01;0,0;-0,08;0,0;0,0;0,0;-0,01;0,0;-0,03;0,0;-0,01;0,0;-0,01;0,0;-0,02;0,0;-0,02;0,0;0,0;0,0;0,0;0,0;-0,01;0,0;-0,01;0,0;-0,01;0,0;0,0;0,0;-0,02;0,0;-0,03;0,0;-0,04;0,0;-0,01;0,0;-0,01;0,0;-0,01;0,0;-0,02;0,0;-0,01;0,0;-0,02;0,0;-0,01;0,0;-0,01;0,0
03.08.2026;13:00;13:15;2,43;1,96;0,0;0,0;0,0;0,0;-0,15;0,0;0,0;0,0;-0,01;0,0;-0,04;0,0;-0,01;0,0;-0,02;0,0;-0,02;0,0;-0,02;0,0;-0,01;0,0;0,0;0,0;0,0;0,0;-0,01;0,0;-0,02;0,0;-0,01;0,0;-0,01;0,0;-0,01;0,0;-0,03;0,0;-0,01;0,0;-0,02;0,0;-0,01;0,0;-0,01;0,0;-0,01;0,0;-0,01;0,0;-0,01;0,0;-0,02;0,0
03.08.2026;13:15;13:30;0,92;0,41;-0,01;0,0;-0,01;0,0;-0,2;0,0;0,0;0,0;0,0;0,0;-0,03;0,0;-0,01;0,0;-0,02;0,0;-0,01;0,0;-0,01;0,0;-0,01;0,0;0,0;0,0;-0,01;0,0;-0,03;0,0;0,0;0,0;-0,01;0,0;-0,01;0,0;-0,01;0,0;-0,02;0,0;-0,01;0,0;-0,03;0,0;-0,01;0,0;-0,01;0,0;-0,02;0,0;-0,01;0,0;-0,01;0,0;-0,01;0,0
03.08.2026;13:30;13:45;3,03;2,49;0,0;0,0;-0,02;0,0;-0,09;0,0;0,0;0,0;-0,01;0,0;-0,04;0,0;-0,01;0,0;-0,01;0,0;0,0;0,0;-0,02;0,0;-0,01;0,0;0,0;0,0;-0,02;0,0;-0,12;0,0;-0,02;0,0;-0,02;0,0;0,0;0,0;-0,04;0,0;-0,03;0,0;-0,01;0,0;-0,01;0,0;-0,01;0,0;-0,02;0,0;-0,01;0,0;0,0;0,0;-0,01;0,0;-0,01;0,0
03.08.2026;13:45;14:00;3,81;3,3;0,0;0,0;0,0;0,0;-0,15;0,0;-0,01;0,0;-0,02;0,0;-0,03;0,0;0,0;0,0;-0,02;0,0;-0,01;0,0;-0,01;0,0;-0,01;0,0;0,0;0,0;-0,01;0,0;-0,06;0,0;-0,01;0,0;-0,01;0,0;-0,02;0,0;-0,02;0,0;-0,02;0,0;-0,01;0,0;-0,01;0,0;-0,01;0,0;-0,01;0,0;-0,01;0,0;-0,02;0,0;-0,01;0,0;-0,02;0,0
03.08.2026;14:00;14:15;3,76;3,32;0,0;0,0;-0,05;0,0;-0,07;0,0;0,0;0,0;-0,01;0,0;-0,04;0,0;-0,02;0,0;-0,02;0,0;0,0;0,0;-0,01;0,0;-0,01;0,0;0,0;0,0;0,0;0,0;-0,05;0,0;0,0;0,0;-0,01;0,0;-0,01;0,0;-0,04;0,0;-0,02;0,0;-0,01;0,0;-0,01;0,0;-0,01;0,0;-0,01;0,0;-0,01;0,0;-0,01;0,0;-0,01;0,0;-0,01;0,0
03.08.2026;14:15;14:30;3,71;3,24;-0,01;0,0;-0,06;0,0;-0,07;0,0;0,0;0,0;0,0;0,0;-0,03;0,0;-0,01;0,0;-0,01;0,0;-0,02;0,0;-0,02;0,0;0,0;0,0;0,0;0,0;-0,01;0,0;-0,06;0,0;-0,02;0,0;-0,01;0,0;-0,01;0,0;-0,03;0,0;-0,02;0,0;0,0;0,0;-0,03;0,0;-0,01;0,0;-0,01;0,0;-0,01;0,0;-0,01;0,0;-0,01;0,0;0,0;0,0
03.08.2026;14:30;14:45;3,63;3,1;0,0;0,0;-0,01;0,0;-0,18;0,0;0,0;0,0;-0,01;0,0;-0,02;0,0;0,0;0,0;-0,02;0,0;-0,01;0,0;-0,01;0,0;-0,02;0,0;0,0;0,0;-0,02;0,0;-0,06;0,0;-0,01;0,0;0,0;0,0;-0,01;0,0;-0,02;0,0;-0,02;0,0;-0,01;0,0;-0,02;0,0;-0,01;0,0;-0,02;0,0;-0,02;0,0;-0,02;0,0;-0,01;0,0;0,0;0,0
03.08.2026;14:45;15:00;3,5;3,03;0,0;0,0;-0,01;0,0;-0,14;0,0;0,0;0,0;-0,01;0,0;-0,03;0,0;-0,01;0,0;-0,03;0,0;-0,02;0,0;0,0;0,0;0,0;0,0;0,0;0,0;-0,01;0,0;-0,06;0,0;-0,01;0,0;0,0;0,0;-0,01;0,0;-0,04;0,0;-0,02;0,0;-0,01;0,0;-0,01;0,0;-0,01;0,0;-0,01;0,0;0,0;0,0;-0,01;0,0;-0,01;0,0;-0,01;0,0
03.08.2026;15:00;15:15;3,39;2,84;0,0;0,0;-0,01;0,0;-0,16;0,0;0,0;0,0;-0,02;0,0;-0,04;0,0;-0,02;0,0;-0,01;0,0;-0,01;0,0;0,0;0,0;-0,03;0,0;-0,01;0,0;0,0;0,0;-0,06;0,0;-0,01;0,0;-0,02;0,0;-0,01;0,0;-0,03;0,0;-0,03;0,0;-0,01;0,0;-0,01;0,0;-0,01;0,0;-0,01;0,0;-0,01;0,0;-0,01;0,0;-0,01;0,0;-0,01;0,0
03.08.2026;15:15;15:30;3,31;2,8;0,0;0,0;-0,01;0,0;-0,09;0,0;0,0;0,0;0,0;0,0;-0,03;0,0;-0,01;0,0;-0,02;0,0;-0,01;0,0;-0,01;0,0;-0,05;0,0;0,0;0,0;-0,02;0,0;-0,05;0,0;-0,01;0,0;-0,01;0,0;-0,03;0,0;-0,04;0,0;-0,02;0,0;-0,01;0,0;-0,01;0,0;-0,02;0,0;-0,01;0,0;-0,01;0,0;-0,01;0,0;-0,01;0,0;-0,02;0,0
03.08.2026;15:30;15:45;3,19;2,64;-0,01;0,0;-0,01;0,0;-0,07;0,0;0,0;0,0;-0,01;0,0;-0,04;0,0;0,0;0,0;-0,02;0,0;0,0;0,0;-0,02;0,0;-0,04;0,0;0,0;0,0;-0,02;0,0;-0,07;0,0;-0,01;0,0;-0,01;0,0;-0,04;0,0;-0,03;0,0;-0,02;0,0;-0,01;0,0;-0,03;0,0;0,0;0,0;-0,02;0,0;-0,01;0,0;-0,01;0,0;-0,04;0,0;-0,01;0,0
03.08.2026;15:45;16:00;3,05;2,45;0,0;0,0;-0,01;0,0;-0,08;0,0;0,0;0,0;-0,01;0,0;-0,05;0,0;-0,02;0,0;-0,01;0,0;0,0;0,0;-0,01;0,0;-0,04;0,0;0,0;0,0;-0,03;0,0;-0,14;0,0;-0,02;0,0;-0,01;0,0;-0,02;0,0;-0,03;0,0;-0,02;0,0;-0,01;0,0;-0,02;0,0;-0,02;0,0;-0,01;0,0;-0,01;0,0;-0,01;0,0;-0,01;0,0;-0,01;0,0
03.08.2026;16:00;16:15;2,93;2,02;0,0;0,0;-0,01;0,0;-0,26;0,0;0,0;0,0;-0,01;0,0;-0,04;0,0;-0,01;0,0;-0,02;0,0;-0,02;0,0;-0,02;0,0;-0,05;0,0;0,0;0,0;-0,03;0,0;-0,06;0,0;-0,01;0,0;0,0;0,0;-0,04;0,0;-0,04;0,0;-0,02;0,0;-0,01;0,0;-0,02;0,0;-0,01;0,0;-0,01;0,0;-0,17;0,0;-0,02;0,0;-0,01;0,0;-0,02;0,0
03.08.2026;16:15;16:30;2,74;1,94;0,0;0,0;0,0;0,0;-0,16;0,0;0,0;0,0;-0,02;0,0;-0,04;0,0;0,0;0,0;-0,03;0,0;-0,02;0,0;-0,01;0,0;-0,07;0,0;0,0;0,0;-0,02;0,0;-0,06;0,0;-0,01;0,0;-0,01;0,0;-0,04;0,0;-0,02;0,0;-0,02;0,0;-0,01;0,0;0,0;0,0;-0,01;0,0;-0,01;0,0;-0,2;0,0;-0,02;0,0;-0,01;0,0;-0,01;0,0
03.08.2026;16:30;16:45;2,63;1,92;-0,01;0,0;-0,02;0,0;-0,07;0,0;0,0;0,0;0,0;0,0;-0,04;0,0;-0,01;0,0;-0,02;0,0;-0,02;0,0;-0,02;0,0;-0,09;0,0;0,0;0,0;-0,02;0,0;-0,05;0,0;-0,02;0,0;-0,01;0,0;-0,04;0,0;-0,04;0,0;-0,02;0,0;0,0;0,0;-0,02;0,0;-0,01;0,0;-0,02;0,0;-0,12;0,0;-0,01;0,0;-0,02;0,0;-0,01;0,0
03.08.2026;16:45;17:00;2,39;1,61;0,0;0,0;-0,02;0,0;-0,15;0,0;0,0;0,0;0,0;0,0;-0,04;0,0;-0,02;0,0;-0,02;0,0;-0,01;0,0;-0,01;0,0;-0,08;0,0;0,0;0,0;-0,03;0,0;-0,06;0,0;0,0;0,0;-0,01;0,0;-0,04;0,0;-0,02;0,0;-0,03;0,0;-0,02;0,0;-0,02;0,0;-0,01;0,0;-0,01;0,0;-0,18;0,0;0,0;0,0;0,0;0,0;0,0;0,0
03.08.2026;17:00;17:15;1,3;0,46;0,0;0,0;-0,2;-0,1;-0,16;0,0;0,0;0,0;-0,02;0,0;-0,04;0,0;0,0;0,0;-0,02;0,0;0,0;0,0;-0,01;0,0;-0,08;0,0;0,0;0,0;-0,03;0,0;-0,09;0,0;-0,02;0,0;-0,01;0,0;-0,04;0,0;-0,03;0,0;-0,02;0,0;-0,01;0,0;-0,02;0,0;-0,01;0,0;-0,01;0,0;-0,13;-0,03;-0,01;0,0;-0,01;0,0;0,0;0,0
03.08.2026;17:15;17:30;0,03;0,03;0,0;0,0;-0,26;-0,26;-0,17;-0,17;0,0;0,0;-0,01;-0,01;-0,05;-0,05;-0,01;-0,01;-0,03;-0,03;0,0;0,0;0,0;0,0;-0,08;-0,08;0,0;0,0;-0,04;-0,04;-0,06;-0,06;-0,01;-0,01;-0,01;-0,01;-0,05;-0,05;-0,02;-0,02;-0,23;-0,23;-0,01;-0,01;-0,02;-0,02;-0,01;-0,01;-0,01;-0,01;-0,15;-0,15;-0,02;-0,02;-0,02;-0,02;-0,01;-0,01
03.08.2026;17:30;17:45;0,0;0,0;-0,01;-0,01;-0,04;-0,04;-0,16;-0,16;0,0;0,0;-0,01;-0,01;-0,05;-0,05;-0,01;-0,01;-0,02;-0,02;-0,01;-0,01;0,0;0,0;-0,04;-0,04;0,0;0,0;-0,03;-0,03;-0,13;-0,13;0,0;0,0;0,0;0,0;-0,04;-0,04;-0,04;-0,04;-0,19;-0,19;-0,01;-0,01;0,0;0,0;-0,01;-0,01;-0,02;-0,02;-0,16;-0,16;-0,01;-0,01;0,0;0,0;-0,01;-0,01
03.08.2026;17:45;18:00;1,44;0,52;0,0;0,0;-0,01;0,0;-0,16;0,0;0,0;0,0;-0,01;0,0;-0,2;-0,07;-0,01;0,0;-0,01;0,0;-0,02;0,0;-0,01;0,0;0,0;0,0;0,0;0,0;-0,04;0,0;-0,02;0,0;-0,03;0,0;-0,01;0,0;-0,04;0,0;-0,02;0,0;-0,17;-0,04;-0,02;0,0;-0,02;0,0;-0,01;0,0;-0,03;0,0;-0,15;-0,02;-0,02;0,0;-0,02;0,0;-0,02;0,0
03.08.2026;18:00;18:15;1,25;0,37;0,0;0,0;-0,01;0,0;-0,18;0,0;0,0;0,0;0,0;0,0;-0,37;-0,28;-0,01;0,0;-0,01;0,0;-0,01;0,0;-0,02;0,0;-0,05;0,0;0,0;0,0;-0,02;0,0;-0,01;0,0;-0,04;0,0;0,0;0,0;-0,05;0,0;-0,04;0,0;-0,14;-0,05;-0,07;0,0;-0,02;0,0;-0,01;0,0;-0,03;0,0;-0,15;-0,06;-0,01;0,0;0,0;0,0;-0,02;0,0
03.08.2026;18:15;18:30;1,05;0,23;0,0;0,0;-0,01;0,0;-0,08;0,0;0,0;0,0;-0,02;0,0;-0,1;-0,04;-0,01;0,0;-0,02;0,0;-0,02;0,0;-0,02;0,0;-0,27;-0,21;0,0;0,0;-0,04;0,0;-0,02;0,0;-0,03;0,0;-0,02;0,0;-0,07;-0,01;-0,02;0,0;-0,13;-0,07;-0,32;-0,26;-0,03;0,0;-0,01;0,0;-0,03;0,0;-0,16;-0,1;-0,01;0,0;-0,01;0,0;-0,11;-0,05
03.08.2026;18:30;18:45;0,95;0,22;0,0;0,0;-0,03;0,0;-0,09;0,0;0,0;0,0;-0,01;0,0;-0,37;-0,32;-0,01;0,0;-0,01;0,0;-0,01;0,0;-0,01;0,0;-0,37;-0,32;0,0;0,0;-0,06;-0,01;-0,01;0,0;-0,04;0,0;-0,01;0,0;-0,07;-0,02;-0,02;0,0;-0,14;-0,09;-0,2;-0,15;-0,01;0,0;-0,02;0,0;-0,03;0,0;-0,15;-0,1;-0,01;0,0;-0,02;0,0;-0,04;0,0
03.08.2026;18:45;19:00;0,8;0,23;-0,01;0,0;-0,15;-0,12;-0,08;0,0;-0,01;0,0;-0,01;0,0;-0,06;-0,03;-0,01;0,0;-0,02;0,0;0,0;0,0;-0,02;0,0;-0,08;-0,05;0,0;0,0;-0,03;0,0;-0,01;0,0;-0,04;-0,01;-0,01;0,0;-0,06;-0,03;-0,03;0,0;-0,14;-0,11;-0,09;-0,06;-0,01;0,0;-0,01;0,0;-0,03;0,0;-0,15;-0,12;-0,01;0,0;0,0;0,0;-0,05;-0,02
03.08.2026;19:00;19:15;0,61;0,16;0,0;0,0;-0,16;-0,14;-0,08;0,0;0,0;0,0;-0,01;0,0;-0,05;-0,03;-0,01;0,0;-0,02;0,0;-0,01;0,0;-0,01;0,0;-0,05;-0,03;0,0;0,0;-0,03;-0,01;-0,01;0,0;-0,03;-0,01;0,0;0,0;-0,06;-0,04;-0,03;-0,01;-0,16;-0,14;-0,09;-0,07;-0,01;0,0;-0,05;-0,03;-0,02;0,0;-0,15;-0,13;-0,01;0,0;-0,02;0,0;-0,05;-0,03
03.08.2026;19:15;19:30;0,4;0,12;0,0;0,0;-0,02;-0,01;-0,08;-0,01;0,0;0,0;0,0;0,0;-0,05;-0,04;-0,01;0,0;-0,01;0,0;0,0;0,0;-0,01;0,0;-0,05;-0,04;0,0;0,0;-0,03;-0,02;-0,02;-0,01;-0,03;-0,02;-0,01;0,0;-0,05;-0,04;-0,04;-0,03;-0,07;-0,06;-0,03;-0,02;-0,02;-0,01;-0,04;-0,03;-0,03;-0,02;-0,14;-0,13;-0,02;-0,01;-0,01;0,0;-0,05;-0,04
03.08.2026;19:30;19:45;0,23;0,17;0,0;0,0;-0,01;-0,01;-0,13;-0,07;0,0;0,0;-0,02;-0,02;-0,06;-0,06;-0,01;-0,01;-0,01;-0,01;-0,02;-0,02;-0,01;-0,01;-0,06;-0,06;0,0;0,0;-0,04;-0,04;-0,04;-0,04;-0,02;-0,02;0,0;0,0;-0,05;-0,05;-0,03;-0,03;-0,04;-0,04;-0,04;-0,04;-0,03;-0,03;-0,04;-0,04;-0,03;-0,03;-0,07;-0,07;-0,18;-0,18;0,0;0,0;-0,04;-0,04
03.08.2026;19:45;20:00;0,12;0,11;-0,01;-0,01;-0,01;-0,01;-0,22;-0,21;0,0;0,0;-0,01;-0,01;-0,05;-0,05;-0,01;-0,01;-0,02;-0,02;-0,02;-0,02;0,0;0,0;-0,07;-0,07;0,0;0,0;-0,04;-0,04;-0,04;-0,04;-0,02;-0,02;-0,01;-0,01;-0,06;-0,06;-0,03;-0,03;-0,04;-0,04;-0,02;-0,02;-0,01;-0,01;-0,05;-0,05;-0,03;-0,03;-0,01;-0,01;-0,55;-0,55;-0,15;-0,15;-0,05;-0,05
03.08.2026;20:00;20:15;0,06;0,06;0,0;0,0;-0,02;-0,02;-0,25;-0,25;0,0;0,0;-0,01;-0,01;-0,08;-0,08;0,0;0,0;-0,02;-0,02;-0,02;-0,02;-0,01;-0,01;-0,04;-0,04;-0,01;-0,01;-0,04;-0,04;-0,15;-0,15;-0,02;-0,02;-0,01;-0,01;-0,06;-0,06;-0,03;-0,03;-0,05;-0,05;-0,09;-0,09;-0,01;-0,01;-0,04;-0,04;-0,02;-0,02;-0,01;-0,01;-0,36;-0,36;-0,38;-0,38;-0,04;-0,04
03.08.2026;20:15;20:30;0,02;0,02;0,0;0,0;-0,06;-0,06;-0,18;-0,18;0,0;0,0;-0,02;-0,02;-0,05;-0,05;-0,02;-0,02;-0,01;-0,01;-0,01;-0,01;-0,01;-0,01;-0,01;-0,01;0,0;0,0;-0,06;-0,06;-0,07;-0,07;-0,03;-0,03;-0,02;-0,02;-0,04;-0,04;-0,03;-0,03;-0,05;-0,05;-0,05;-0,05;-0,01;-0,01;-0,04;-0,04;-0,02;-0,02;-0,02;-0,02;-0,28;-0,28;-0,38;-0,38;-0,04;-0,04
03.08.2026;20:30;20:45;0,0;0,0;0,0;0,0;-0,15;-0,15;-0,09;-0,09;0,0;0,0;-0,02;-0,02;-0,05;-0,05;-0,01;-0,01;-0,01;-0,01;0,0;0,0;-0,02;-0,02;-0,01;-0,01;0,0;0,0;-0,03;-0,03;-0,06;-0,06;-0,02;-0,02;0,0;0,0;-0,02;-0,02;-0,04;-0,04;-0,05;-0,05;-0,01;-0,01;-0,03;-0,03;-0,05;-0,05;-0,02;-0,02;-0,01;-0,01;-0,36;-0,36;-0,24;-0,24;-0,03;-0,03
03.08.2026;20:45;21:00;0,0;0,0;0,0;0,0;-0,14;-0,14;-0,09;-0,09;0,0;0,0;-0,03;-0,03;-0,06;-0,06;0,0;0,0;-0,02;-0,02;0,0;0,0;-0,01;-0,01;-0,01;-0,01;0,0;0,0;-0,04;-0,04;-0,09;-0,09;-0,02;-0,02;-0,01;-0,01;-0,01;-0,01;-0,03;-0,03;-0,11;-0,11;-0,01;-0,01;-0,02;-0,02;-0,05;-0,05;-0,03;-0,03;-0,01;-0,01;-0,2;-0,2;-0,03;-0,03;-0,04;-0,04
03.08.2026;21:00;21:15;0,0;0,0;-0,01;-0,01;-0,1;-0,1;-0,08;-0,08;0,0;0,0;-0,03;-0,03;-0,06;-0,06;-0,02;-0,02;-0,01;-0,01;-0,01;-0,01;-0,02;-0,02;-0,01;-0,01;0,0;0,0;-0,04;-0,04;-0,24;-0,24;-0,02;-0,02;0,0;0,0;-0,02;-0,02;-0,03;-0,03;-0,06;-0,06;-0,01;-0,01;-0,01;-0,01;-0,04;-0,04;-0,03;-0,03;-0,02;-0,02;-0,04;-0,04;-0,04;-0,04;-0,03;-0,03
03.08.2026;21:15;21:30;0,0;0,0;0,0;0,0;-0,21;-0,21;-0,07;-0,07;0,0;0,0;-0,02;-0,02;-0,07;-0,07;-0,01;-0,01;-0,03;-0,03;-0,02;-0,02;-0,01;-0,01;-0,01;-0,01;0,0;0,0;-0,04;-0,04;-0,41;-0,41;-0,03;-0,03;-0,01;-0,01;-0,02;-0,02;-0,03;-0,03;-0,07;-0,07;-0,01;-0,01;-0,01;-0,01;-0,03;-0,03;-0,02;-0,02;0,0;0,0;-0,05;-0,05;-0,02;-0,02;-0,03;-0,03
03.08.2026;21:30;21:45;0,0;0,0;0,0;0,0;-0,12;-0,12;-0,18;-0,18;0,0;0,0;-0,02;-0,02;-0,08;-0,08;0,0;0,0;-0,05;-0,05;-0,02;-0,02;-0,01;-0,01;-0,01;-0,01;0,0;0,0;-0,03;-0,03;-0,1;-0,1;-0,02;-0,02;-0,01;-0,01;-0,01;-0,01;-0,03;-0,03;-0,06;-0,06;-0,01;-0,01;-0,01;-0,01;-0,01;-0,01;-0,03;-0,03;0,0;0,0;-0,04;-0,04;-0,02;-0,02;-0,03;-0,03
03.08.2026;21:45;22:00;0,0;0,0;0,0;0,0;-0,03;-0,03;-0,19;-0,19;0,0;0,0;-0,02;-0,02;-0,07;-0,07;-0,01;-0,01;-0,03;-0,03;-0,01;-0,01;-0,02;-0,02;-0,02;-0,02;0,0;0,0;-0,01;-0,01;-0,07;-0,07;-0,02;-0,02;-0,01;-0,01;-0,05;-0,05;-0,04;-0,04;-0,05;-0,05;-0,01;-0,01;-0,03;-0,03;-0,01;-0,01;-0,03;-0,03;-0,01;-0,01;-0,11;-0,11;-0,02;-0,02;-0,04;-0,04
03.08.2026;22:00;22:15;0,0;0,0;-0,01;-0,01;-0,03;-0,03;-0,09;-0,09;0,0;0,0;-0,03;-0,03;-0,07;-0,07;-0,02;-0,02;-0,03;-0,03;-0,01;-0,01;0,0;0,0;-0,01;-0,01;0,0;0,0;-0,01;-0,01;-0,07;-0,07;-0,02;-0,02;-0,01;-0,01;-0,08;-0,08;-0,02;-0,02;-0,06;-0,06;-0,01;-0,01;-0,02;-0,02;-0,02;-0,02;-0,02;-0,02;-0,01;-0,01;-0,02;-0,02;-0,01;-0,01;-0,03;-0,03
03.08.2026;22:15;22:30;0,0;0,0;0,0;0,0;-0,02;-0,02;-0,13;-0,13;0,0;0,0;-0,03;-0,03;-0,04;-0,04;0,0;0,0;-0,02;-0,02;0,0;0,0;-0,01;-0,01;0,0;0,0;0,0;0,0;-0,02;-0,02;-0,06;-0,06;-0,03;-0,03;0,0;0,0;-0,1;-0,1;-0,04;-0,04;-0,05;-0,05;-0,01;-0,01;-0,01;-0,01;-0,01;-0,01;-0,02;-0,02;-0,01;-0,01;-0,02;-0,02;-0,01;-0,01;-0,03;-0,03
03.08.2026;22:30;22:45;0,0;0,0;0,0;0,0;-0,02;-0,02;-0,19;-0,19;0,0;0,0;-0,02;-0,02;-0,04;-0,04;-0,01;-0,01;-0,04;-0,04;-0,01;-0,01;0,0;0,0;-0,02;-0,02;0,0;0,0;-0,01;-0,01;-0,05;-0,05;-0,02;-0,02;-0,01;-0,01;-0,11;-0,11;-0,03;-0,03;-0,04;-0,04;0,0;0,0;-0,01;-0,01;-0,01;-0,01;-0,03;-0,03;-0,01;-0,01;-0,02;-0,02;-0,01;-0,01;-0,03;-0,03
03.08.2026;22:45;23:00;0,0;0,0;0,0;0,0;-0,01;-0,01;-0,21;-0,21;0,0;0,0;-0,02;-0,02;-0,04;-0,04;-0,01;-0,01;-0,04;-0,04;-0,01;-0,01;-0,01;-0,01;-0,01;-0,01;0,0;0,0;-0,01;-0,01;-0,05;-0,05;-0,02;-0,02;-0,01;-0,01;-0,09;-0,09;-0,02;-0,02;-0,02;-0,02;-0,01;-0,01;-0,01;-0,01;-0,01;-0,01;-0,01;-0,01;-0,02;-0,02;-0,02;-0,02;-0,01;-0,01;-0,02;-0,02
03.08.2026;23:00;23:15;0,0;0,0;0,0;0,0;-0,01;-0,01;-0,14;-0,14;0,0;0,0;-0,02;-0,02;-0,04;-0,04;-0,01;-0,01;-0,03;-0,03;-0,02;-0,02;-0,02;-0,02;0,0;0,0;0,0;0,0;-0,01;-0,01;-0,04;-0,04;-0,02;-0,02;-0,01;-0,01;-0,08;-0,08;-0,04;-0,04;-0,03;-0,03;-0,02;-0,02;-0,03;-0,03;-0,01;-0,01;-0,01;-0,01;-0,01;-0,01;-0,02;-0,02;-0,01;-0,01;-0,02;-0,02
03.08.2026;23:15;23:30;0,0;0,0;-0,01;-0,01;-0,01;-0,01;-0,12;-0,12;0,0;0,0;-0,02;-0,02;-0,03;-0,03;-0,01;-0,01;-0,02;-0,02;-0,01;-0,01;-0,01;-0,01;-0,02;-0,02;0,0;0,0;-0,02;-0,02;-0,16;-0,16;-0,02;-0,02;-0,01;-0,01;-0,07;-0,07;-0,02;-0,02;-0,02;-0,02;0,0;0,0;-0,02;-0,02;-0,01;-0,01;-0,01;-0,01;-0,01;-0,01;-0,01;-0,01;-0,01;-0,01;-0,02;-0,02
03.08.2026;23:30;23:45;0,0;0,0;0,0;0,0;-0,01;-0,01;-0,05;-0,05;0,0;0,0;-0,01;-0,01;-0,04;-0,04;-0,01;-0,01;-0,02;-0,02;-0,02;-0,02;-0,02;-0,02;0,0;0,0;0,0;0,0;-0,01;-0,01;-0,05;-0,05;-0,02;-0,02;-0,01;-0,01;-0,07;-0,07;-0,04;-0,04;-0,03;-0,03;-0,01;-0,01;-0,01;-0,01;-0,01;-0,01;-0,02;-0,02;-0,02;-0,02;-0,01;-0,01;-0,01;-0,01;-0,02;-0,02
03.08.2026;23:45;00:00;0,0;0,0;0,0;0,0;-0,01;-0,01;-0,21;-0,21;-0,01;-0,01;-0,01;-0,01;-0,05;-0,05;-0,01;-0,01;-0,02;-0,02;0,0;0,0;-0,01;-0,01;-0,01;-0,01;0,0;0,0;-0,01;-0,01;-0,06;-0,06;-0,03;-0,03;0,0;0,0;-0,08;-0,08;-0,02;-0,02;-0,02;-0,02;-0,02;-0,02;-0,01;-0,01;-0,01;-0,01;-0,01;-0,01;-0,01;-0,01;-0,01;-0,01;-0,01;-0,01;-0,02;-0,02
04.08.2026;00:00;00:15;0,0;0,0;0,0;0,0;-0,01;-0,01;-0,21;-0,21;0,0;0,0;0,0;0,0;-0,05;-0,05;-0,01;-0,01;-0,02;-0,02;-0,01;-0,01;-0,02;-0,02;-0,01;-0,01;0,0;0,0;-0,01;-0,01;-0,07;-0,07;-0,02;-0,02;0,0;0,0;-0,05;-0,05;-0,03;-0,03;-0,03;-0,03;0,0;0,0;-0,01;-0,01;-0,02;-0,02;-0,01;-0,01;-0,01;-0,01;-0,01;-0,01;-0,01;-0,01;-0,01;-0,01
04.08.2026;00:15;00:30;0,0;0,0;-0,01;-0,01;-0,02;-0,02;-0,22;-0,22;0,0;0,0;-0,02;-0,02;-0,03;-0,03;-0,01;-0,01;-0,02;-0,02;0,0;0,0;-0,01;-0,01;-0,01;-0,01;0,0;0,0;-0,02;-0,02;-0,06;-0,06;-0,13;-0,13;-0,01;-0,01;-0,05;-0,05;-0,03;-0,03;-0,02;-0,02;-0,01;-0,01;-0,03;-0,03;0,0;0,0;-0,01;-0,01;-0,01;-0,01;-0,01;-0,01;-0,01;-0,01;0,0;0,0
04.08.2026;00:30;00:45;0,0;0,0;0,0;0,0;-0,01;-0,01;-0,11;-0,11;0,0;0,0;-0,01;-0,01;-0,04;-0,04;-0,01;-0,01;-0,02;-0,02;-0,01;-0,01;-0,01;-0,01;-0,01;-0,01;0,0;0,0;-0,02;-0,02;-0,07;-0,07;-0,18;-0,18;-0,02;-0,02;-0,06;-0,06;-0,02;-0,02;-0,02;-0,02;-0,01;-0,01;-0,02;-0,02;-0,02;-0,02;-0,02;-0,02;-0,02;-0,02;-0,02;-0,02;-0,02;-0,02;0,0;0,0
04.08.2026;00:45;01:00;0,0;0,0;0,0;0,0;-0,01;-0,01;-0,07;-0,07;0,0;0,0;-0,01;-0,01;-0,04;-0,04;-0,01;-0,01;-0,02;-0,02;-0,02;-0,02;0,0;0,0;-0,01;-0,01;0,0;0,0;-0,01;-0,01;-0,06;-0,06;-0,08;-0,08;-0,01;-0,01;-0,04;-0,04;-0,04;-0,04;-0,02;-0,02;-0,01;-0,01;-0,01;-0,01;-0,01;-0,01;-0,01;-0,01;-0,01;-0,01;-0,02;-0,02;-0,01;-0,01;0,0;0,0
04.08.2026;01:00;01:15;0,0;0,0;0,0;0,0;0,0;0,0;-0,06;-0,06;0,0;0,0;0,0;0,0;-0,04;-0,04;-0,01;-0,01;-0,02;-0,02;-0,02;-0,02;0,0;0,0;-0,01;-0,01;-0,01;-0,01;0,0;0,0;-0,07;-0,07;-0,01;-0,01;-0,01;-0,01;-0,01;-0,01;-0,02;-0,02;-0,02;-0,02;-0,02;-0,02;0,0;0,0;-0,01;-0,01;-0,01;-0,01;-0,01;-0,01;-0,01;-0,01;-0,01;-0,01;-0,01;-0,01
04.08.2026;01:15;01:30;0,0;0,0;0,0;0,0;-0,02;-0,02;-0,06;-0,06;0,0;0,0;-0,01;-0,01;-0,04;-0,04;-0,01;-0,01;-0,02;-0,02;-0,01;-0,01;-0,02;-0,02;0,0;0,0;0,0;0,0;-0,02;-0,02;-0,08;-0,08;-0,01;-0,01;0,0;0,0;-0,02;-0,02;-0,03;-0,03;-0,03;-0,03;0,0;0,0;-0,02;-0,02;-0,01;-0,01;-0,01;-0,01;-0,01;-0,01;0,0;0,0;-0,01;-0,01;-0,02;-0,02
04.08.2026;01:30;01:45;0,0;0,0;-0,01;-0,01;-0,01;-0,01;-0,06;-0,06;0,0;0,0;-0,02;-0,02;-0,04;-0,04;-0,01;-0,01;-0,02;-0,02;-0,01;-0,01;-0,01;-0,01;-0,02;-0,02;0,0;0,0;-0,02;-0,02;-0,09;-0,09;-0,02;-0,02;0,0;0,0;-0,01;-0,01;-0,03;-0,03;-0,02;-0,02;-0,01;-0,01;-0,03;-0,03;-0,01;-0,01;-0,02;-0,02;-0,02;-0,02;-0,02;-0,02;-0,01;-0,01;-0,03;-0,03
04.08.2026;01:45;02:00;0,0;0,0;0,0;0,0;-0,01;-0,01;-0,06;-0,06;0,0;0,0;-0,01;-0,01;-0,04;-0,04;-0,01;-0,01;-0,01;-0,01;0,0;0,0;-0,02;-0,02;0,0;0,0;0,0;0,0;-0,01;-0,01;-0,02;-0,02;-0,04;-0,04;-0,01;-0,01;-0,02;-0,02;-0,02;-0,02;-0,02;-0,02;-0,02;-0,02;-0,02;-0,02;-0,01;-0,01;-0,01;-0,01;-0,01;-0,01;-0,01;-0,01;-0,01;-0,01;-0,02;-0,02
04.08.2026;02:00;02:15;0,0;0,0;0,0;0,0;-0,01;-0,01;-0,06;-0,06;0,0;0,0;0,0;0,0;-0,03;-0,03;0,0;0,0;-0,02;-0,02;0,0;0,0;-0,01;-0,01;-0,01;-0,01;0,0;0,0;0,0;0,0;-0,02;-0,02;-0,05;-0,05;-0,01;-0,01;-0,01;-0,01;-0,03;-0,03;-0,02;-0,02;0,0;0,0;0,0;0,0;-0,01;-0,01;-0,01;-0,01;-0,01;-0,01;-0,01;-0,01;-0,01;-0,01;-0,02;-0,02
04.08.2026;02:15;02:30;0,0;0,0;0,0;0,0;-0,01;-0,01;-0,06;-0,06;0,0;0,0;-0,01;-0,01;-0,04;-0,04;-0,02;-0,02;-0,03;-0,03;-0,02;-0,02;-0,02;-0,02;-0,02;-0,02;0,0;0,0;-0,02;-0,02;-0,02;-0,02;-0,03;-0,03;-0,01;-0,01;-0,02;-0,02;-0,01;-0,01;-0,02;-0,02;-0,01;-0,01;-0,01;-0,01;-0,01;-0,01;-0,01;-0,01;-0,01;-0,01;-0,02;-0,02;-0,01;-0,01;-0,02;-0,02
04.08.2026;02:30;02:45;0,0;0,0;-0,01;-0,01;-0,01;-0,01;-0,06;-0,06;0,0;0,0;-0,01;-0,01;-0,04;-0,04;-0,01;-0,01;-0,01;-0,01;-0,02;-0,02;-0,01;-0,01;0,0;0,0;0,0;0,0;-0,02;-0,02;-0,02;-0,02;-0,03;-0,03;-0,02;-0,02;0,0;0,0;-0,01;-0,01;-0,02;-0,02;-0,01;-0,01;-0,02;-0,02;-0,01;-0,01;-0,02;-0,02;-0,02;-0,02;-0,02;-0,02;-0,02;-0,02;-0,02;-0,02
04.08.2026;02:45;03:00;0,0;0,0;0,0;0,0;-0,01;-0,01;-0,06;-0,06;0,0;0,0;-0,02;-0,02;-0,04;-0,04;0,0;0,0;-0,02;-0,02;-0,02;-0,02;-0,01;-0,01;-0,01;-0,01;0,0;0,0;0,0;0,0;-0,01;-0,01;-0,01;-0,01;0,0;0,0;-0,01;-0,01;-0,01;-0,01;-0,02;-0,02;-0,01;-0,01;-0,03;-0,03;-0,01;-0,01;0,0;0,0;-0,01;-0,01;0,0;0,0;0,0;0,0;-0,02;-0,02
04.08.2026;03:00;03:15;0,0;0,0;0,0;0,0;-0,01;-0,01;-0,06;-0,06;0,0;0,0;-0,01;-0,01;-0,03;-0,03;-0,01;-0,01;-0,02;-0,02;-0,01;-0,01;0,0;0,0;-0,01;-0,01;0,0;0,0;-0,01;-0,01;-0,01;-0,01;-0,02;-0,02;0,0;0,0;-0,02;-0,02;-0,01;-0,01;-0,03;-0,03;-0,01;-0,01;-0,02;-0,02;-0,01;-0,01;-0,02;-0,02;-0,01;-0,01;-0,01;-0,01;-0,02;-0,02;-0,02;-0,02
04.08.2026;03:15;03:30;0,0;0,0;0,0;0,0;-0,02;-0,02;-0,06;-0,06;0,0;0,0;0,0;0,0;-0,04;-0,04;-0,02;-0,02;-0,02;-0,02;0,0;0,0;-0,01;-0,01;-0,01;-0,01;0,0;0,0;-0,02;-0,02;-0,01;-0,01;-0,01;-0,01;-0,01;-0,01;-0,01;-0,01;-0,02;-0,02;-0,02;-0,02;-0,01;-0,01;0,0;0,0;-0,01;-0,01;-0,01;-0,01;-0,02;-0,02;-0,02;-0,02;-0,01;-0,01;-0,02;-0,02
04.08.2026;03:30;03:45;0,0;0,0;-0,01;-0,01;0,0;0,0;-0,05;-0,05;0,0;0,0;-0,01;-0,01;-0,04;-0,04;0,0;0,0;-0,02;-0,02;-0,01;-0,01;0,0;0,0;-0,01;-0,01;0,0;0,0;-0,01;-0,01;-0,01;-0,01;-0,02;-0,02;-0,01;-0,01;-0,02;-0,02;-0,01;-0,01;-0,02;-0,02;-0,01;-0,01;-0,01;-0,01;-0,01;-0,01;-0,01;-0,01;-0,02;-0,02;-0,01;-0,01;-0,01;-0,01;-0,02;-0,02
04.08.2026;03:45;04:00;0,0;0,0;0,0;0,0;-0,01;-0,01;-0,06;-0,06;0,0;0,0;-0,01;-0,01;-0,03;-0,03;-0,01;-0,01;-0,02;-0,02;0,0;0,0;-0,02;-0,02;-0,01;-0,01;0,0;0,0;-0,01;-0,01;-0,01;-0,01;-0,01;-0,01;-0,01;-0,01;-0,01;-0,01;-0,01;-0,01;-0,02;-0,02;-0,01;-0,01;-0,02;-0,02;-0,01;-0,01;-0,01;-0,01;0,0;0,0;-0,01;-0,01;-0,01;-0,01;-0,02;-0,02
04.08.2026;04:00;04:15;0,0;0,0;0,0;0,0;-0,01;-0,01;-0,13;-0,13;0,0;0,0;-0,02;-0,02;-0,04;-0,04;-0,02;-0,02;-0,02;-0,02;-0,02;-0,02;-0,02;-0,02;-0,01;-0,01;0,0;0,0;0,0;0,0;-0,04;-0,04;-0,01;-0,01;-0,01;-0,01;-0,02;-0,02;-0,01;-0,01;-0,02;-0,02;-0,01;-0,01;-0,03;-0,03;-0,02;-0,02;-0,02;-0,02;-0,01;-0,01;-0,02;-0,02;-0,01;-0,01;-0,01;-0,01
04.08.2026;04:15;04:30;0,0;0,0;0,0;0,0;-0,01;-0,01;-0,08;-0,08;0,0;0,0;0,0;0,0;-0,04;-0,04;0,0;0,0;-0,01;-0,01;-0,02;-0,02;-0,01;-0,01;0,0;0,0;0,0;0,0;-0,02;-0,02;-0,03;-0,03;-0,02;-0,02;-0,01;-0,01;-0,01;-0,01;-0,01;-0,01;-0,02;-0,02;-0,01;-0,01;-0,01;-0,01;-0,02;-0,02;-0,01;-0,01;0,0;0,0;-0,01;-0,01;-0,01;-0,01;-0,01;-0,01
04.08.2026;04:30;04:45;0,0;0,0;0,0;0,0;-0,02;-0,02;-0,11;-0,11;0,0;0,0;-0,01;-0,01;-0,03;-0,03;-0,01;-0,01;-0,02;-0,02;-0,01;-0,01;-0,01;-0,01;-0,02;-0,02;0,0;0,0;-0,02;-0,02;-0,11;-0,11;-0,01;-0,01;0,0;0,0;0,0;0,0;-0,02;-0,02;-0,02;-0,02;-0,01;-0,01;-0,01;-0,01;-0,02;-0,02;-0,01;-0,01;-0,01;-0,01;-0,01;-0,01;-0,02;-0,02;-0,02;-0,02
04.08.2026;04:45;05:00;0,0;0,0;-0,01;-0,01;-0,01;-0,01;-0,15;-0,15;-0,01;-0,01;-0,01;-0,01;-0,04;-0,04;-0,01;-0,01;-0,02;-0,02;-0,01;-0,01;-0,02;-0,02;0,0;0,0;0,0;0,0;0,0;0,0;-0,01;-0,01;-0,01;-0,01;-0,01;-0,01;-0,02;-0,02;-0,01;-0,01;-0,02;-0,02;-0,01;-0,01;-0,01;-0,01;-0,02;-0,02;-0,01;-0,01;-0,02;-0,02;-0,01;-0,01;-0,02;-0,02;-0,01;-0,01
04.08.2026;05:00;05:15;0,0;0,0;0,0;0,0;0,0;0,0;-0,13;-0,13;0,0;0,0;-0,01;-0,01;-0,03;-0,03;-0,01;-0,01;-0,02;-0,02;-0,01;-0,01;-0,01;-0,01;-0,01;-0,01;0,0;0,0;-0,03;-0,03;-0,01;-0,01;-0,02;-0,02;-0,01;-0,01;-0,01;-0,01;-0,02;-0,02;-0,02;-0,02;-0,01;-0,01;-0,02;-0,02;-0,01;-0,01;-0,02;-0,02;-0,01;-0,01;-0,01;-0,01;-0,03;-0,03;-0,01;-0,01
04.08.2026;05:15;05:30;0,0;0,0;0,0;0,0;-0,01;-0,01;-0,15;-0,15;0,0;0,0;-0,02;-0,02;-0,04;-0,04;-0,01;-0,01;-0,01;-0,01;0,0;0,0;-0,01;-0,01;-0,01;-0,01;0,0;0,0;-0,03;-0,03;-0,02;-0,02;0,0;0,0;-0,01;-0,01;-0,01;-0,01;0,0;0,0;-0,02;-0,02;-0,01;-0,01;-0,03;-0,03;-0,02;-0,02;-0,01;-0,01;-0,01;-0,01;-0,01;-0,01;-0,07;-0,07;-0,01;-0,01
04.08.2026;05:30;05:45;0,0;0,0;0,0;0,0;-0,01;-0,01;-0,14;-0,14;0,0;0,0;0,0;0,0;-0,03;-0,03;-0,01;-0,01;-0,03;-0,03;0,0;0,0;0,0;0,0;-0,01;-0,01;0,0;0,0;-0,02;-0,02;-0,01;-0,01;-0,02;-0,02;-0,01;-0,01;-0,02;-0,02;-0,01;-0,01;-0,02;-0,02;-0,01;-0,01;-0,01;-0,01;-0,01;-0,01;0,0;0,0;-0,01;-0,01;-0,02;-0,02;0,0;0,0;0,0;0,0
04.08.2026;05:45;06:00;0,01;0,01;-0,01;-0,01;-0,02;-0,02;-0,13;-0,13;0,0;0,0;0,0;0,0;-0,04;-0,04;-0,05;-0,05;-0,02;-0,02;-0,02;-0,02;0,0;0,0;0,0;0,0;0,0;0,0;-0,02;-0,02;-0,01;-0,01;-0,01;-0,01;0,0;0,0;-0,01;-0,01;-0,02;-0,02;-0,03;-0,03;-0,01;-0,01;-0,01;-0,01;-0,01;-0,01;-0,03;-0,03;-0,01;-0,01;-0,02;-0,02;-0,02;-0,02;0,0;0,0
04.08.2026;06:00;06:15;0,05;0,05;0,0;0,0;-0,02;-0,02;-0,19;-0,19;0,0;0,0;-0,02;-0,02;-0,03;-0,03;-0,04;-0,04;-0,01;-0,01;-0,02;-0,02;-0,02;-0,02;-0,02;-0,02;-0,01;-0,01;-0,02;-0,02;-0,01;-0,01;-0,02;-0,02;-0,01;-0,01;-0,01;-0,01;-0,01;-0,01;-0,02;-0,02;-0,01;-0,01;-0,01;-0,01;-0,01;-0,01;-0,02;-0,02;-0,01;-0,01;-0,01;-0,01;-0,01;-0,01;0,0;0,0
04.08.2026;06:15;06:30;0,08;0,08;0,0;0,0;-0,04;-0,04;-0,2;-0,2;0,0;0,0;-0,01;-0,01;-0,04;-0,04;-0,03;-0,03;-0,02;-0,02;-0,02;-0,02;-0,01;-0,01;0,0;0,0;0,0;0,0;-0,06;-0,06;-0,01;-0,01;-0,01;-0,01;0,0;0,0;-0,01;-0,01;-0,02;-0,02;-0,02;-0,02;-0,05;-0,05;-0,02;-0,02;-0,02;-0,02;-0,01;-0,01;-0,01;-0,01;-0,01;-0,01;-0,01;-0,01;0,0;0,0
04.08.2026;06:30;06:45;0,17;0,12;0,0;0,0;-0,05;-0,05;-0,17;-0,12;0,0;0,0;-0,01;-0,01;-0,11;-0,11;-0,02;-0,02;-0,02;-0,02;-0,01;-0,01;-0,02;-0,02;-0,01;-0,01;0,0;0,0;-0,02;-0,02;-0,01;-0,01;-0,01;-0,01;-0,01;-0,01;-0,01;-0,01;-0,03;-0,03;-0,02;-0,02;-0,03;-0,03;-0,03;-0,03;-0,01;-0,01;-0,01;-0,01;-0,02;-0,02;-0,01;-0,01;-0,01;-0,01;-0,01;-0,01
04.08.2026;06:45;07:00;0,24;0,18;0,0;0,0;-0,04;-0,04;-0,23;-0,17;0,0;0,0;0,0;0,0;-0,11;-0,11;-0,02;-0,02;-0,01;-0,01;0,0;0,0;-0,01;-0,01;-0,02;-0,02;0,0;0,0;-0,01;-0,01;-0,01;-0,01;-0,01;-0,01;-0,01;-0,01;-0,02;-0,02;-0,02;-0,02;-0,02;-0,02;-0,01;-0,01;-0,01;-0,01;-0,02;-0,02;-0,01;-0,01;-0,01;-0,01;-0,01;-0,01;-0,02;-0,02;-0,02;-0,02
04.08.2026;07:00;07:15;0,34;0,09;-0,01;0,0;-0,01;0,0;-0,15;-0,12;0,0;0,0;-0,01;0,0;-0,08;-0,07;-0,03;-0,02;-0,03;-0,02;0,0;0,0;-0,02;-0,01;0,0;0,0;0,0;0,0;-0,01;0,0;-0,01;0,0;-0,01;0,0;-0,01;0,0;-0,04;-0,03;-0,04;-0,03;-0,02;-0,01;-0,01;0,0;-0,01;0,0;-0,02;-0,01;-0,02;-0,01;-0,01;0,0;-0,01;0,0;-0,03;-0,02;-0,01;0,0
04.08.2026;07:15;07:30;0,49;0,18;0,0;0,0;-0,02;-0,01;-0,21;-0,12;0,0;0,0;-0,02;-0,01;-0,06;-0,05;0,0;0,0;-0,04;-0,03;-0,01;0,0;-0,01;0,0;-0,02;-0,01;0,0;0,0;-0,02;-0,01;-0,01;0,0;-0,01;0,0;-0,01;0,0;-0,02;-0,01;-0,02;-0,01;-0,03;-0,02;-0,01;0,0;-0,01;0,0;-0,01;0,0;-0,01;0,0;-0,01;0,0;-0,02;-0,01;-0,01;0,0;-0,02;-0,01
04.08.2026;07:30;07:45;0,63;0,19;0,0;0,0;-0,01;0,0;-0,12;-0,01;0,0;0,0;-0,01;0,0;-0,05;-0,03;-0,01;0,0;-0,03;-0,01;-0,02;0,0;-0,02;0,0;-0,04;-0,02;0,0;0,0;-0,01;0,0;-0,02;0,0;-0,01;0,0;-0,01;0,0;-0,01;0,0;-0,03;-0,01;-0,03;-0,01;-0,01;0,0;-0,02;0,0;-0,01;0,0;-0,01;0,0;-0,01;0,0;-0,01;0,0;-0,02;0,0;-0,01;0,0
04.08.2026;07:45;08:00;0,79;0,26;0,0;0,0;-0,01;0,0;-0,14;0,0;0,0;0,0;-0,01;0,0;-0,06;-0,02;-0,02;0,0;-0,02;0,0;-0,02;0,0;0,0;0,0;-0,12;-0,08;0,0;0,0;0,0;0,0;-0,01;0,0;-0,01;0,0;0,0;0,0;-0,01;0,0;-0,03;0,0;-0,02;0,0;-0,02;0,0;-0,03;0,0;-0,06;-0,02;-0,01;0,0;-0,01;0,0;-0,01;0,0;-0,02;0,0;-0,01;0,0
04.08.2026;08:00;08:15;0,59;0,19;-0,01;0,0;-0,01;0,0;-0,12;-0,02;0,0;0,0;0,0;0,0;-0,07;-0,05;-0,01;0,0;-0,01;0,0;-0,01;0,0;0,0;0,0;-0,05;-0,03;0,0;0,0;-0,02;0,0;-0,02;0,0;-0,01;0,0;-0,01;0,0;-0,01;0,0;-0,03;-0,01;-0,02;0,0;0,0;0,0;-0,01;0,0;-0,05;-0,03;-0,02;0,0;-0,01;0,0;-0,01;0,0;-0,01;0,0;-0,02;0,0
04.08.2026;08:15;08:30;0,03;0,03;0,0;0,0;0,0;0,0;-0,14;-0,14;0,0;0,0;-0,01;-0,01;-0,06;-0,06;0,0;0,0;-0,02;-0,02;-0,01;-0,01;0,0;0,0;-0,1;-0,1;0,0;0,0;-0,02;-0,02;0,0;0,0;-0,01;-0,01;-0,01;-0,01;-0,03;-0,03;-0,03;-0,03;-0,02;-0,02;-0,01;-0,01;-0,01;-0,01;-0,04;-0,04;-0,01;-0,01;-0,02;-0,02;-0,21;-0,21;-0,02;-0,02;-0,01;-0,01
04.08.2026;08:30;08:45;0,0;0,0;0,0;0,0;-0,01;-0,01;-0,17;-0,17;0,0;0,0;-0,02;-0,02;-0,05;-0,05;-0,02;-0,02;-0,02;-0,02;0,0;0,0;-0,02;-0,02;-0,1;-0,1;0,0;0,0;0,0;0,0;-0,11;-0,11;-0,01;-0,01;-0,01;-0,01;-0,02;-0,02;-0,02;-0,02;-0,02;-0,02;-0,02;-0,02;-0,01;-0,01;-0,05;-0,05;-0,01;-0,01;-0,01;-0,01;-0,35;-0,35;0,0;0,0;-0,01;-0,01
04.08.2026;08:45;09:00;1,51;0,61;0,0;0,0;-0,02;0,0;-0,16;0,0;0,0;0,0;-0,01;0,0;-0,04;0,0;-0,01;0,0;-0,02;0,0;-0,01;0,0;-0,02;0,0;-0,1;0,0;0,0;0,0;-0,01;0,0;-0,02;0,0;-0,01;0,0;-0,01;0,0;-0,01;0,0;-0,03;0,0;-0,03;0,0;-0,29;-0,16;-0,02;0,0;-0,05;0,0;-0,01;0,0;-0,01;0,0;-0,2;-0,07;-0,02;0,0;-0,02;0,0
04.08.2026;09:00;09:15;1,98;1,03;0,0;0,0;-0,1;0,0;-0,07;0,0;0,0;0,0;0,0;0,0;-0,04;0,0;-0,01;0,0;-0,02;0,0;-0,01;0,0;-0,01;0,0;-0,11;0,0;0,0;0,0;-0,02;0,0;-0,02;0,0;-0,02;0,0;-0,01;0,0;-0,01;0,0;-0,02;0,0;-0,02;0,0;-0,15;0,0;-0,03;0,0;-0,05;0,0;-0,01;0,0;-0,01;0,0;-0,23;-0,03;-0,01;0,0;0,0;0,0
04.08.2026;09:15;09:30;2,18;1,28;-0,01;0,0;-0,13;0,0;-0,06;0,0;0,0;0,0;-0,01;0,0;-0,04;0,0;-0,01;0,0;-0,02;0,0;-0,01;0,0;-0,02;0,0;-0,1;0,0;0,0;0,0;-0,01;0,0;-0,02;0,0;0,0;0,0;0,0;0,0;-0,01;0,0;-0,03;0,0;-0,02;0,0;-0,15;0,0;-0,01;0,0;-0,04;0,0;-0,02;0,0;-0,01;0,0;-0,16;0,0;-0,01;0,0;0,0;0,0
04.08.2026;09:30;09:45;2,41;1,8;0,0;0,0;-0,06;0,0;-0,08;0,0;0,0;0,0;-0,01;0,0;-0,04;0,0;-0,01;0,0;-0,01;0,0;-0,02;0,0;-0,01;0,0;-0,03;0,0;0,0;0,0;-0,01;0,0;-0,02;0,0;-0,01;0,0;0,0;0,0;-0,02;0,0;-0,03;0,0;-0,02;0,0;-0,11;0,0;-0,01;0,0;-0,05;0,0;-0,01;0,0;-0,02;0,0;-0,02;0,0;-0,01;0,0;0,0;0,0
04.08.2026;09:45;10:00;2,59;1,42;0,0;0,0;-0,26;0,0;-0,13;0,0;-0,01;0,0;-0,02;0,0;-0,04;0,0;-0,01;0,0;-0,02;0,0;-0,02;0,0;-0,01;0,0;-0,11;0,0;0,0;0,0;-0,01;0,0;-0,02;0,0;-0,02;0,0;-0,01;0,0;-0,01;0,0;-0,02;0,0;-0,12;0,0;-0,24;0,0;-0,01;0,0;-0,04;0,0;-0,01;0,0;-0,01;0,0;0,0;0,0;-0,01;0,0;-0,01;0,0
04.08.2026;10:00;10:15;2,76;1,74;0,0;0,0;-0,16;0,0;-0,26;0,0;0,0;0,0;-0,01;0,0;-0,05;0,0;-0,01;0,0;-0,02;0,0;-0,01;0,0;-0,02;0,0;-0,05;0,0;0,0;0,0;-0,02;0,0;-0,02;0,0;0,0;0,0;-0,02;0,0;-0,02;0,0;-0,04;0,0;-0,03;0,0;-0,12;0,0;-0,02;0,0;-0,04;0,0;-0,01;0,0;-0,05;0,0;-0,01;0,0;-0,02;0,0;-0,01;0,0
04.08.2026;10:15;10:30;3,07;2,11;-0,01;0,0;-0,13;0,0;-0,08;0,0;0,0;0,0;0,0;0,0;-0,03;0,0;-0,01;0,0;-0,02;0,0;0,0;0,0;-0,01;0,0;-0,03;0,0;0,0;0,0;-0,01;0,0;-0,02;0,0;-0,01;0,0;-0,01;0,0;-0,01;0,0;-0,03;0,0;-0,04;0,0;-0,13;0,0;-0,03;0,0;-0,05;0,0;-0,02;0,0;-0,24;0,0;-0,01;0,0;-0,01;0,0;-0,02;0,0
04.08.2026;10:30;10:45;2,84;2,11;0,0;0,0;-0,04;0,0;-0,09;0,0;0,0;0,0;-0,01;0,0;-0,04;0,0;-0,01;0,0;-0,01;0,0;0,0;0,0;0,0;0,0;-0,03;0,0;0,0;0,0;0,0;0,0;-0,02;0,0;-0,02;0,0;-0,01;0,0;-0,03;0,0;-0,03;0,0;-0,05;0,0;-0,13;0,0;-0,01;0,0;-0,04;0,0;0,0;0,0;-0,13;0,0;-0,01;0,0;-0,01;0,0;-0,01;0,0
04.08.2026;10:45;11:00;3,73;2,72;0,0;0,0;-0,18;0,0;-0,09;0,0;0,0;0,0;-0,01;0,0;-0,04;0,0;-0,01;0,0;-0,03;0,0;-0,01;0,0;0,0;0,0;-0,06;0,0;0,0;0,0;-0,02;0,0;-0,03;0,0;-0,01;0,0;0,0;0,0;-0,04;0,0;-0,03;0,0;-0,1;0,0;-0,14;0,0;-0,01;0,0;-0,04;0,0;-0,02;0,0;-0,1;0,0;-0,02;0,0;-0,01;0,0;-0,01;0,0
04.08.2026;11:00;11:15;3,36;2,08;0,0;0,0;-0,16;0,0;-0,22;0,0;0,0;0,0;-0,02;0,0;-0,04;0,0;-0,01;0,0;-0,02;0,0;-0,02;0,0;-0,01;0,0;-0,17;0,0;-0,01;0,0;-0,02;0,0;-0,03;0,0;-0,01;0,0;0,0;0,0;-0,02;0,0;-0,03;0,0;-0,15;0,0;-0,11;0,0;-0,01;0,0;-0,04;0,0;-0,02;0,0;-0,11;0,0;-0,02;0,0;-0,01;0,0;-0,02;0,0
04.08.2026;11:15;11:30;3,46;1,95;0,0;0,0;-0,02;0,0;-0,24;0,0;0,0;0,0;0,0;0,0;-0,03;0,0;-0,01;0,0;-0,01;0,0;-0,02;0,0;-0,02;0,0;-0,28;0,0;0,0;0,0;0,0;0,0;-0,07;0,0;-0,02;0,0;-0,01;0,0;-0,02;0,0;-0,04;0,0;-0,2;0,0;-0,18;0,0;-0,02;0,0;-0,04;0,0;0,0;0,0;-0,25;0,0;-0,01;0,0;-0,01;0,0;-0,01;0,0
04.08.2026;11:30;11:45;3,62;2,55;-0,01;0,0;-0,01;0,0;-0,1;0,0;0,0;0,0;-0,01;0,0;-0,04;0,0;-0,01;0,0;-0,02;0,0;-0,02;0,0;-0,02;0,0;-0,21;0,0;0,0;0,0;-0,01;0,0;-0,11;0,0;-0,01;0,0;-0,01;0,0;-0,01;0,0;-0,02;0,0;-0,07;0,0;-0,11;0,0;-0,03;0,0;-0,08;0,0;-0,02;0,0;-0,1;0,0;-0,01;0,0;-0,02;0,0;-0,01;0,0
04.08.2026;11:45;12:00;2,78;1,82;0,0;0,0;-0,23;0,0;-0,08;0,0;0,0;0,0;-0,01;0,0;-0,04;0,0;-0,01;0,0;-0,02;0,0;0,0;0,0;-0,01;0,0;-0,04;0,0;0,0;0,0;-0,02;0,0;-0,05;0,0;-0,01;0,0;-0,02;0,0;-0,02;0,0;-0,04;0,0;-0,05;0,0;-0,13;0,0;-0,01;0,0;-0,04;0,0;-0,01;0,0;-0,1;0,0;0,0;0,0;0,0;0,0;-0,02;0,0
04.08.2026;12:00;12:15;2,11;1,15;0,0;0,0;-0,26;-0,03;-0,09;0,0;0,0;0,0;-0,01;0,0;-0,03;0,0;-0,01;0,0;-0,01;0,0;-0,01;0,0;-0,01;0,0;-0,04;0,0;0,0;0,0;-0,01;0,0;-0,05;0,0;-0,01;0,0;-0,01;0,0;-0,02;0,0;-0,03;0,0;-0,05;0,0;-0,11;0,0;-0,01;0,0;-0,07;0,0;-0,01;0,0;-0,09;0,0;-0,02;0,0;-0,02;0,0;-0,01;0,0
04.08.2026;12:15;12:30;0,0;0,0;0,0;0,0;-0,02;-0,02;-0,25;-0,25;0,0;0,0;-0,01;-0,01;-0,04;-0,04;-0,01;-0,01;-0,02;-0,02;0,0;0,0;-0,02;-0,02;-0,02;-0,02;0,0;0,0;-0,01;-0,01;-0,06;-0,06;-0,01;-0,01;0,0;0,0;-0,01;-0,01;-0,02;-0,02;-0,05;-0,05;-0,16;-0,16;-0,01;-0,01;-0,05;-0,05;-0,02;-0,02;-0,06;-0,06;-0,01;-0,01;-0,01;-0,01;-0,01;-0,01
04.08.2026;12:30;12:45;1,31;0,62;-0,01;0,0;-0,01;0,0;-0,09;0,0;0,0;0,0;-0,01;0,0;-0,04;0,0;-0,01;0,0;-0,02;0,0;-0,01;0,0;-0,01;0,0;-0,03;0,0;0,0;0,0;0,0;0,0;-0,05;0,0;-0,01;0,0;0,0;0,0;-0,01;0,0;-0,04;0,0;-0,04;0,0;-0,15;-0,03;-0,03;0,0;-0,04;0,0;-0,01;0,0;-0,07;0,0;-0,01;0,0;-0,01;0,0;-0,01;0,0
04.08.2026;12:45;13:00;3,79;3,15;0,0;0,0;0,0;0,0;-0,1;0,0;0,0;0,0;-0,01;0,0;-0,03;0,0;-0,01;0,0;-0,02;0,0;-0,02;0,0;-0,01;0,0;-0,03;0,0;0,0;0,0;-0,02;0,0;-0,05;0,0;-0,01;0,0;-0,01;0,0;0,0;0,0;-0,02;0,0;-0,03;0,0;-0,14;0,0;-0,02;0,0;-0,04;0,0;-0,01;0,0;-0,03;0,0;-0,02;0,0;-0,01;0,0;0,0;0,0
04.08.2026;13:00;13:15;3,8;3,12;0,0;0,0;-0,01;0,0;-0,09;0,0;0,0;0,0;-0,01;0,0;-0,04;0,0;-0,01;0,0;-0,01;0,0;-0,02;0,0;-0,01;0,0;-0,05;0,0;0,0;0,0;-0,02;0,0;-0,05;0,0;-0,01;0,0;-0,01;0,0;-0,02;0,0;-0,03;0,0;-0,03;0,0;-0,16;0,0;-0,01;0,0;-0,04;0,0;-0,01;0,0;-0,02;0,0;-0,01;0,0;-0,01;0,0;0,0;0,0
04.08.2026;13:15;13:30;3,77;3,06;0,0;0,0;-0,02;0,0;-0,11;0,0;0,0;0,0;-0,02;0,0;-0,03;0,0;-0,01;0,0;-0,03;0,0;-0,01;0,0;0,0;0,0;-0,03;0,0;0,0;0,0;0,0;0,0;-0,05;0,0;-0,01;0,0;-0,01;0,0;-0,01;0,0;-0,03;0,0;-0,02;0,0;-0,19;0,0;-0,01;0,0;-0,05;0,0;-0,02;0,0;-0,02;0,0;-0,01;0,0;-0,01;0,0;-0,01;0,0
04.08.2026;13:30;13:45;3,76;3,13;-0,01;0,0;-0,01;0,0;-0,12;0,0;0,0;0,0;0,0;0,0;-0,04;0,0;-0,01;0,0;-0,01;0,0;-0,01;0,0;0,0;0,0;0,0;0,0;0,0;0,0;-0,01;0,0;-0,05;0,0;-0,01;0,0;-0,01;0,0;-0,02;0,0;-0,03;0,0;-0,03;0,0;-0,14;0,0;-0,01;0,0;-0,04;0,0;-0,01;0,0;-0,02;0,0;-0,01;0,0;-0,01;0,0;-0,02;0,0
04.08.2026;13:45;14:00;3,74;2,98;0,0;0,0;-0,02;0,0;-0,15;0,0;0,0;0,0;-0,01;0,0;-0,04;0,0;-0,01;0,0;-0,02;0,0;0,0;0,0;-0,02;0,0;-0,01;0,0;0,0;0,0;-0,02;0,0;-0,06;0,0;-0,01;0,0;-0,01;0,0;-0,01;0,0;-0,03;0,0;-0,02;0,0;-0,16;0,0;-0,03;0,0;-0,05;0,0;-0,01;0,0;-0,03;0,0;-0,02;0,0;-0,01;0,0;-0,01;0,0
04.08.2026;14:00;14:15;3,66;2,89;0,0;0,0;-0,01;0,0;-0,22;0,0;0,0;0,0;-0,01;0,0;-0,03;0,0;-0,01;0,0;-0,02;0,0;-0,01;0,0;-0,02;0,0;-0,01;0,0;0,0;0,0;-0,01;0,0;-0,05;0,0;-0,01;0,0;0,0;0,0;-0,01;0,0;-0,02;0,0;-0,03;0,0;-0,14;0,0;-0,02;0,0;-0,05;0,0;-0,02;0,0;-0,03;0,0;-0,01;0,0;-0,01;0,0;-0,02;0,0
04.08.2026;14:15;14:30;3,6;2,7;0,0;0,0;-0,02;0,0;-0,17;0,0;0,0;0,0;-0,01;0,0;-0,04;0,0;0,0;0,0;-0,02;0,0;-0,01;0,0;-0,01;0,0;-0,01;0,0;0,0;0,0;-0,01;0,0;-0,17;0,0;-0,01;0,0;0,0;0,0;0,0;0,0;-0,04;0,0;-0,02;0,0;-0,23;0,0;-0,02;0,0;-0,05;0,0;0,0;0,0;-0,03;0,0;-0,01;0,0;-0,01;0,0;-0,01;0,0
04.08.2026;14:30;14:45;3,52;2,72;0,0;0,0;-0,01;0,0;-0,15;0,0;0,0;0,0;-0,02;0,0;-0,03;0,0;-0,02;0,0;-0,01;0,0;-0,02;0,0;-0,02;0,0;-0,01;0,0;0,0;0,0;0,0;0,0;-0,05;0,0;-0,01;0,0;-0,02;0,0;-0,02;0,0;-0,02;0,0;-0,02;0,0;-0,23;0,0;0,0;0,0;-0,05;0,0;-0,02;0,0;-0,02;0,0;-0,02;0,0;-0,01;0,0;-0,02;0,0
04.08.2026;14:45;15:00;3,44;2,54;-0,01;0,0;-0,01;0,0;-0,13;0,0;-0,01;0,0;0,0;0,0;-0,04;0,0;-0,01;0,0;-0,02;0,0;-0,01;0,0;-0,01;0,0;-0,01;0,0;0,0;0,0;-0,02;0,0;-0,05;0,0;-0,02;0,0;-0,01;0,0;-0,16;0,0;-0,03;0,0;-0,03;0,0;-0,17;0,0;-0,02;0,0;-0,05;0,0;-0,02;0,0;-0,03;0,0;-0,01;0,0;-0,01;0,0;-0,01;0,0
04.08.2026;15:00;15:15;3,37;2,32;0,0;0,0;0,0;0,0;-0,09;0,0;0,0;0,0;0,0;0,0;-0,03;0,0;-0,01;0,0;-0,03;0,0;-0,02;0,0;-0,01;0,0;0,0;0,0;0,0;0,0;-0,02;0,0;-0,05;0,0;-0,01;0,0;-0,01;0,0;-0,16;0,0;-0,02;0,0;-0,02;0,0;-0,34;0,0;-0,02;0,0;-0,04;0,0;0,0;0,0;-0,13;0,0;-0,01;0,0;-0,01;0,0;-0,02;0,0
04.08.2026;15:15;15:30;3,14;1,93;0,0;0,0;-0,02;0,0;-0,09;0,0;0,0;0,0;-0,02;0,0;-0,04;0,0;0,0;0,0;0,0;0,0;0,0;0,0;-0,02;0,0;-0,02;0,0;0,0;0,0;-0,01;0,0;-0,05;0,0;-0,02;0,0;-0,01;0,0;-0,05;0,0;-0,03;0,0;-0,02;0,0;-0,6;-0,21;-0,03;0,0;-0,04;0,0;-0,02;0,0;-0,3;0,0;-0,01;0,0;-0,01;0,0;-0,01;0,0
04.08.2026;15:30;15:45;3,21;2,28;0,0;0,0;-0,01;0,0;-0,06;0,0;0,0;0,0;-0,01;0,0;-0,03;0,0;-0,02;0,0;-0,02;0,0;-0,01;0,0;0,0;0,0;-0,01;0,0;0,0;0,0;-0,02;0,0;-0,05;0,0;-0,01;0,0;0,0;0,0;-0,04;0,0;-0,03;0,0;-0,02;0,0;-0,16;0,0;-0,01;0,0;-0,05;0,0;-0,01;0,0;-0,32;0,0;-0,01;0,0;-0,02;0,0;-0,01;0,0
04.08.2026;15:45;16:00;2,85;1,9;-0,01;0,0;-0,01;0,0;-0,14;0,0;0,0;0,0;-0,01;0,0;-0,04;0,0;-0,01;0,0;-0,02;0,0;0,0;0,0;-0,01;0,0;0,0;0,0;0,0;0,0;-0,05;0,0;-0,03;0,0;-0,01;0,0;-0,01;0,0;-0,04;0,0;-0,02;0,0;-0,03;0,0;-0,11;0,0;-0,01;0,0;-0,04;0,0;-0,01;0,0;-0,31;0,0;-0,01;0,0;0,0;0,0;-0,02;0,0
04.08.2026;16:00;16:15;1,24;0,36;0,0;0,0;-0,01;0,0;-0,2;0,0;0,0;0,0;-0,01;0,0;-0,04;0,0;0,0;0,0;-0,01;0,0;-0,02;0,0;0,0;0,0;-0,02;0,0;-0,01;0,0;-0,09;0,0;-0,02;0,0;-0,04;0,0;0,0;0,0;-0,03;0,0;-0,04;0,0;-0,03;0,0;-0,12;-0,03;-0,01;0,0;-0,05;0,0;-0,02;0,0;-0,25;-0,16;-0,02;0,0;-0,02;0,0;-0,01;0,0
04.08.2026;16:15;16:30;0,0;0,0;0,0;0,0;-0,02;-0,02;-0,22;-0,22;0,0;0,0;0,0;0,0;-0,05;-0,05;-0,02;-0,02;-0,02;-0,02;-0,01;-0,01;-0,01;-0,01;0,0;0,0;0,0;0,0;-0,04;-0,04;-0,01;-0,01;-0,05;-0,05;-0,01;-0,01;-0,02;-0,02;-0,02;-0,02;-0,02;-0,02;-0,14;-0,14;-0,03;-0,03;-0,04;-0,04;-0,01;-0,01;-0,24;-0,24;-0,02;-0,02;-0,02;-0,02;-0,02;-0,02
04.08.2026;16:30;16:45;0,0;0,0;0,0;0,0;-0,02;-0,02;-0,12;-0,12;0,0;0,0;-0,02;-0,02;-0,03;-0,03;-0,01;-0,01;-0,02;-0,02;-0,02;-0,02;-0,02;-0,02;-0,01;-0,01;0,0;0,0;-0,03;-0,03;-0,01;-0,01;-0,04;-0,04;-0,01;-0,01;-0,02;-0,02;-0,07;-0,07;-0,2;-0,2;-0,2;-0,2;-0,02;-0,02;-0,04;-0,04;-0,01;-0,01;-0,22;-0,22;0,0;0,0;-0,38;-0,38;-0,01;-0,01
04.08.2026;16:45;17:00;0,37;0,11;0,0;0,0;-0,13;-0,12;-0,19;-0,15;0,0;0,0;-0,01;0,0;-0,04;-0,03;0,0;0,0;-0,02;-0,01;-0,02;-0,01;-0,02;-0,01;-0,01;0,0;0,0;0,0;-0,05;-0,04;-0,03;-0,02;-0,04;-0,03;-0,01;0,0;-0,01;0,0;-0,03;-0,02;-0,24;-0,23;-0,04;-0,03;-0,01;0,0;-0,04;-0,03;-0,01;0,0;-0,18;-0,17;-0,01;0,0;-0,44;-0,43;-0,02;-0,01
04.08.2026;17:00;17:15;0,48;0,17;-0,01;0,0;-0,35;-0,34;-0,22;-0,14;0,0;0,0;-0,01;0,0;-0,05;-0,04;-0,02;-0,01;-0,01;0,0;0,0;0,0;-0,01;0,0;-0,01;0,0;0,0;0,0;-0,36;-0,35;-0,04;-0,03;-0,03;-0,02;-0,02;-0,01;-0,03;-0,02;-0,03;-0,02;-0,05;-0,04;-0,04;-0,03;-0,01;0,0;-0,04;-0,03;-0,02;-0,01;-0,15;-0,14;-0,01;0,0;-0,41;-0,4;-0,01;0,0
04.08.2026;17:15;17:30;0,17;0,12;0,0;0,0;-0,56;-0,56;-0,19;-0,14;0,0;0,0;-0,01;-0,01;-0,04;-0,04;-0,02;-0,02;-0,02;-0,02;0,0;0,0;-0,01;-0,01;-0,01;-0,01;0,0;0,0;-0,37;-0,37;-0,04;-0,04;-0,04;-0,04;0,0;0,0;-0,02;-0,02;-0,03;-0,03;-0,02;-0,02;-0,05;-0,05;-0,02;-0,02;-0,05;-0,05;-0,01;-0,01;-0,15;-0,15;-0,02;-0,02;-0,03;-0,03;-0,02;-0,02
04.08.2026;17:30;17:45;0,06;0,06;0,0;0,0;-0,69;-0,69;-0,2;-0,2;0,0;0,0;-0,01;-0,01;-0,04;-0,04;-0,03;-0,03;-0,03;-0,03;-0,01;-0,01;-0,02;-0,02;-0,01;-0,01;0,0;0,0;-0,06;-0,06;-0,03;-0,03;-0,04;-0,04;-0,01;-0,01;-0,02;-0,02;-0,03;-0,03;-0,03;-0,03;-0,03;-0,03;-0,02;-0,02;-0,07;-0,07;-0,02;-0,02;-0,08;-0,08;-0,01;-0,01;-0,02;-0,02;-0,03;-0,03
04.08.2026;17:45;18:00;0,05;0,05;0,0;0,0;-0,27;-0,27;-0,23;-0,23;0,0;0,0;-0,01;-0,01;-0,06;-0,06;-0,02;-0,02;-0,02;-0,02;-0,01;-0,01;-0,01;-0,01;0,0;0,0;0,0;0,0;-0,03;-0,03;-0,03;-0,03;-0,03;-0,03;0,0;0,0;-0,02;-0,02;-0,05;-0,05;-0,05;-0,05;-0,04;-0,04;-0,02;-0,02;-0,04;-0,04;-0,28;-0,28;-0,03;-0,03;-0,02;-0,02;-0,01;-0,01;-0,41;-0,41
04.08.2026;18:00;18:15;0,04;0,04;-0,01;-0,01;-0,19;-0,19;-0,12;-0,12;0,0;0,0;-0,01;-0,01;-0,05;-0,05;-0,02;-0,02;-0,03;-0,03;-0,02;-0,02;-0,01;-0,01;-0,01;-0,01;0,0;0,0;-0,29;-0,29;-0,13;-0,13;-0,03;-0,03;-0,01;-0,01;-0,03;-0,03;-0,02;-0,02;-0,05;-0,05;-0,03;-0,03;-0,01;-0,01;-0,04;-0,04;-0,03;-0,03;-0,03;-0,03;-0,01;-0,01;-0,02;-0,02;-0,3;-0,3
04.08.2026;18:15;18:30;0,14;0,11;0,0;0,0;-0,04;-0,04;-0,08;-0,05;0,0;0,0;-0,01;-0,01;-0,06;-0,06;-0,01;-0,01;-0,46;-0,46;-0,02;-0,02;0,0;0,0;-0,01;-0,01;0,0;0,0;-0,04;-0,04;-0,03;-0,03;-0,04;-0,04;-0,01;-0,01;-0,02;-0,02;-0,04;-0,04;-0,05;-0,05;-0,04;-0,04;-0,01;-0,01;-0,05;-0,05;-0,02;-0,02;-0,03;-0,03;-0,01;-0,01;-0,01;-0,01;-0,11;-0,11
04.08.2026;18:30;18:45;0,38;0,11;0,0;0,0;-0,29;-0,28;-0,08;-0,03;0,0;0,0;0,0;0,0;-0,05;-0,04;-0,01;0,0;-0,16;-0,15;-0,01;0,0;-0,01;0,0;-0,01;0,0;0,0;0,0;-0,04;-0,03;-0,03;-0,02;-0,07;-0,06;-0,01;0,0;-0,02;-0,01;-0,03;-0,02;-0,05;-0,04;-0,03;-0,02;-0,02;-0,01;-0,04;-0,03;-0,01;0,0;-0,03;-0,02;-0,01;0,0;-0,01;0,0;-0,05;-0,04
04.08.2026;18:45;19:00;0,24;0,18;0,0;0,0;-0,19;-0,19;-0,08;-0,02;0,0;0,0;-0,02;-0,02;-0,13;-0,13;-0,01;-0,01;-0,09;-0,09;-0,01;-0,01;-0,01;-0,01;-0,01;-0,01;0,0;0,0;-0,06;-0,06;-0,04;-0,04;-0,08;-0,08;-0,01;-0,01;-0,02;-0,02;-0,04;-0,04;-0,05;-0,05;-0,04;-0,04;-0,02;-0,02;-0,07;-0,07;-0,03;-0,03;-0,03;-0,03;-0,01;-0,01;-0,02;-0,02;-0,06;-0,06
04.08.2026;19:00;19:15;0,14;0,11;0,0;0,0;-0,1;-0,1;-0,12;-0,09;0,0;0,0;-0,01;-0,01;-0,06;-0,06;-0,01;-0,01;-0,07;-0,07;0,0;0,0;-0,01;-0,01;-0,01;-0,01;0,0;0,0;-0,07;-0,07;-0,07;-0,07;-0,07;-0,07;-0,01;-0,01;-0,02;-0,02;-0,03;-0,03;-0,06;-0,06;-0,02;-0,02;-0,02;-0,02;-0,07;-0,07;-0,01;-0,01;-0,03;-0,03;-0,01;-0,01;-0,02;-0,02;-0,04;-0,04
04.08.2026;19:15;19:30;0,04;0,04;-0,01;-0,01;-0,05;-0,05;-0,18;-0,18;0,0;0,0;-0,01;-0,01;-0,13;-0,13;-0,01;-0,01;-0,06;-0,06;-0,01;-0,01;-0,02;-0,02;0,0;0,0;0,0;0,0;-0,02;-0,02;-0,05;-0,05;-0,06;-0,06;0,0;0,0;-0,04;-0,04;-0,03;-0,03;-0,05;-0,05;-0,03;-0,03;-0,01;-0,01;-0,07;-0,07;-0,02;-0,02;-0,03;-0,03;-0,02;-0,02;-0,01;-0,01;-0,04;-0,04
04.08.2026;19:30;19:45;0,02;0,02;0,0;0,0;-0,02;-0,02;-0,09;-0,09;0,0;0,0;-0,01;-0,01;-0,47;-0,47;-0,02;-0,02;-0,07;-0,07;-0,09;-0,09;-0,01;-0,01;-0,02;-0,02;0,0;0,0;-0,02;-0,02;-0,13;-0,13;-0,08;-0,08;-0,01;-0,01;-0,06;-0,06;-0,03;-0,03;-0,05;-0,05;-0,09;-0,09;-0,01;-0,01;-0,05;-0,05;-0,01;-0,01;-0,02;-0,02;-0,02;-0,02;-0,02;-0,02;-0,04;-0,04
04.08.2026;19:45;20:00;0,02;0,02;0,0;0,0;-0,02;-0,02;-0,17;-0,17;-0,01;-0,01;0,0;0,0;-0,3;-0,3;-0,05;-0,05;-0,06;-0,06;-0,28;-0,28;-0,02;-0,02;0,0;0,0;0,0;0,0;-0,04;-0,04;-0,03;-0,03;-0,09;-0,09;0,0;0,0;-0,05;-0,05;-0,03;-0,03;-0,06;-0,06;-0,06;-0,06;-0,02;-0,02;-0,04;-0,04;-0,02;-0,02;-0,02;-0,02;-0,01;-0,01;-0,01;-0,01;-0,02;-0,02
04.08.2026;20:00;20:15;0,0;0,0;0,0;0,0;-0,03;-0,03;-0,12;-0,12;0,0;0,0;-0,02;-0,02;-0,1;-0,1;-0,03;-0,03;-0,05;-0,05;-0,27;-0,27;-0,01;-0,01;-0,01;-0,01;0,0;0,0;-0,02;-0,02;-0,03;-0,03;-0,07;-0,07;-0,01;-0,01;-0,07;-0,07;-0,03;-0,03;-0,05;-0,05;-0,02;-0,02;-0,03;-0,03;-0,05;-0,05;-0,01;-0,01;-0,03;-0,03;-0,02;-0,02;-0,01;-0,01;-0,01;-0,01
04.08.2026;20:15;20:30;0,0;0,0;-0,01;-0,01;-0,1;-0,1;-0,15;-0,15;0,0;0,0;-0,01;-0,01;-0,06;-0,06;-0,03;-0,03;-0,02;-0,02;-0,25;-0,25;-0,01;-0,01;-0,01;-0,01;0,0;0,0;-0,03;-0,03;-0,04;-0,04;-0,06;-0,06;-0,01;-0,01;-0,09;-0,09;-0,03;-0,03;-0,05;-0,05;-0,04;-0,04;-0,01;-0,01;-0,05;-0,05;-0,01;-0,01;-0,14;-0,14;-0,02;-0,02;-0,11;-0,11;-0,01;-0,01
04.08.2026;20:30;20:45;0,0;0,0;0,0;0,0;-0,08;-0,08;-0,1;-0,1;0,0;0,0;-0,01;-0,01;-0,05;-0,05;-0,02;-0,02;-0,19;-0,19;-0,26;-0,26;-0,02;-0,02;-0,01;-0,01;0,0;0,0;-0,04;-0,04;-0,05;-0,05;-0,05;-0,05;-0,02;-0,02;-0,07;-0,07;-0,03;-0,03;-0,07;-0,07;-0,16;-0,16;-0,01;-0,01;-0,02;-0,02;-0,02;-0,02;-0,08;-0,08;-0,04;-0,04;-0,03;-0,03;-0,03;-0,03
04.08.2026;20:45;21:00;0,0;0,0;0,0;0,0;-0,03;-0,03;-0,11;-0,11;0,0;0,0;0,0;0,0;-0,06;-0,06;-0,02;-0,02;-0,21;-0,21;-0,26;-0,26;0,0;0,0;-0,01;-0,01;0,0;0,0;-0,04;-0,04;-0,04;-0,04;-0,05;-0,05;-0,01;-0,01;-0,07;-0,07;-0,03;-0,03;-0,12;-0,12;-0,21;-0,21;-0,01;-0,01;-0,01;-0,01;-0,02;-0,02;-0,07;-0,07;-0,07;-0,07;-0,05;-0,05;-0,04;-0,04
04.08.2026;21:00;21:15;0,0;0,0;0,0;0,0;-0,04;-0,04;-0,11;-0,11;0,0;0,0;-0,01;-0,01;-0,06;-0,06;-0,02;-0,02;-0,18;-0,18;-0,27;-0,27;0,0;0,0;-0,01;-0,01;-0,01;-0,01;-0,03;-0,03;-0,05;-0,05;-0,05;-0,05;0,0;0,0;-0,07;-0,07;-0,04;-0,04;-0,05;-0,05;-0,22;-0,22;-0,03;-0,03;-0,01;-0,01;-0,01;-0,01;-0,06;-0,06;-0,23;-0,23;-0,05;-0,05;-0,04;-0,04
04.08.2026;21:15;21:30;0,0;0,0;0,0;0,0;-0,03;-0,03;-0,08;-0,08;0,0;0,0;-0,02;-0,02;-0,06;-0,06;0,0;0,0;-0,17;-0,17;-0,27;-0,27;-0,01;-0,01;0,0;0,0;0,0;0,0;-0,03;-0,03;-0,05;-0,05;-0,05;-0,05;-0,01;-0,01;-0,08;-0,08;-0,02;-0,02;-0,03;-0,03;-0,09;-0,09;-0,02;-0,02;-0,01;-0,01;-0,01;-0,01;-0,06;-0,06;-0,3;-0,3;-0,05;-0,05;-0,04;-0,04
04.08.2026;21:30;21:45;0,0;0,0;-0,01;-0,01;-0,04;-0,04;-0,1;-0,1;0,0;0,0;-0,01;-0,01;-0,06;-0,06;-0,02;-0,02;-0,04;-0,04;-0,27;-0,27;-0,02;-0,02;-0,02;-0,02;0,0;0,0;-0,05;-0,05;-0,05;-0,05;-0,05;-0,05;0,0;0,0;-0,11;-0,11;-0,04;-0,04;-0,04;-0,04;-0,03;-0,03;-0,01;-0,01;-0,02;-0,02;-0,02;-0,02;-0,05;-0,05;-0,28;-0,28;-0,08;-0,08;-0,04;-0,04
04.08.2026;21:45;22:00;0,0;0,0;0,0;0,0;-0,03;-0,03;-0,07;-0,07;0,0;0,0;-0,01;-0,01;-0,04;-0,04;-0,01;-0,01;-0,02;-0,02;-0,27;-0,27;-0,01;-0,01;0,0;0,0;0,0;0,0;-0,05;-0,05;-0,06;-0,06;-0,12;-0,12;-0,01;-0,01;-0,09;-0,09;-0,03;-0,03;-0,03;-0,03;-0,02;-0,02;-0,01;-0,01;0,0;0,0;-0,01;-0,01;-0,05;-0,05;-0,23;-0,23;-0,19;-0,19;-0,06;-0,06
04.08.2026;22:00;22:15;0,0;0,0;0,0;0,0;0,0;0,0;-0,16;-0,16;0,0;0,0;0,0;0,0;-0,04;-0,04;-0,01;-0,01;-0,03;-0,03;-0,27;-0,27;-0,02;-0,02;-0,01;-0,01;0,0;0,0;-0,03;-0,03;-0,04;-0,04;-0,19;-0,19;-0,01;-0,01;-0,08;-0,08;-0,03;-0,03;-0,04;-0,04;-0,02;-0,02;-0,01;-0,01;-0,02;-0,02;-0,01;-0,01;-0,04;-0,04;-0,04;-0,04;-0,15;-0,15;-0,06;-0,06
04.08.2026;22:15;22:30;0,0;0,0;0,0;0,0;-0,01;-0,01;-0,24;-0,24;0,0;0,0;-0,02;-0,02;-0,04;-0,04;-0,02;-0,02;-0,01;-0,01;-0,27;-0,27;-0,01;-0,01;-0,01;-0,01;0,0;0,0;-0,03;-0,03;-0,05;-0,05;-0,19;-0,19;-0,01;-0,01;-0,08;-0,08;-0,03;-0,03;-0,02;-0,02;0,0;0,0;-0,03;-0,03;-0,01;-0,01;-0,02;-0,02;-0,03;-0,03;-0,12;-0,12;-0,04;-0,04;-0,04;-0,04
04.08.2026;22:30;22:45;0,0;0,0;-0,01;-0,01;-0,01;-0,01;-0,17;-0,17;0,0;0,0;-0,01;-0,01;-0,04;-0,04;0,0;0,0;-0,05;-0,05;-0,13;-0,13;-0,01;-0,01;-0,01;-0,01;0,0;0,0;-0,03;-0,03;-0,06;-0,06;-0,18;-0,18;-0,01;-0,01;-0,07;-0,07;-0,02;-0,02;-0,03;-0,03;-0,02;-0,02;-0,02;-0,02;-0,01;-0,01;-0,01;-0,01;-0,08;-0,08;-0,2;-0,2;-0,02;-0,02;-0,03;-0,03
04.08.2026;22:45;23:00;0,0;0,0;0,0;0,0;-0,01;-0,01;-0,07;-0,07;0,0;0,0;-0,01;-0,01;-0,04;-0,04;-0,02;-0,02;-0,04;-0,04;-0,02;-0,02;-0,02;-0,02;0,0;0,0;0,0;0,0;-0,01;-0,01;-0,05;-0,05;-0,18;-0,18;-0,01;-0,01;-0,1;-0,1;-0,04;-0,04;-0,02;-0,02;-0,01;-0,01;-0,02;-0,02;-0,01;-0,01;-0,01;-0,01;-0,1;-0,1;-0,17;-0,17;-0,04;-0,04;-0,03;-0,03
04.08.2026;23:00;23:15;0,0;0,0;0,0;0,0;-0,02;-0,02;-0,08;-0,08;0,0;0,0;-0,01;-0,01;-0,04;-0,04;-0,01;-0,01;-0,28;-0,28;-0,03;-0,03;-0,01;-0,01;-0,02;-0,02;0,0;0,0;0,0;0,0;-0,13;-0,13;-0,19;-0,19;0,0;0,0;-0,06;-0,06;-0,02;-0,02;-0,02;-0,02;0,0;0,0;0,0;0,0;-0,01;-0,01;-0,01;-0,01;-0,03;-0,03;-0,01;-0,01;-0,04;-0,04;-0,03;-0,03
04.08.2026;23:15;23:30;0,0;0,0;0,0;0,0;-0,01;-0,01;-0,08;-0,08;0,0;0,0;0,0;0,0;-0,04;-0,04;-0,01;-0,01;-0,39;-0,39;-0,02;-0,02;-0,01;-0,01;-0,01;-0,01;0,0;0,0;-0,02;-0,02;-0,03;-0,03;-0,17;-0,17;0,0;0,0;-0,07;-0,07;-0,04;-0,04;-0,03;-0,03;-0,01;-0,01;-0,01;-0,01;-0,01;-0,01;-0,02;-0,02;-0,01;-0,01;-0,02;-0,02;-0,02;-0,02;-0,02;-0,02
04.08.2026;23:30;23:45;0,0;0,0;-0,01;-0,01;-0,02;-0,02;-0,06;-0,06;0,0;0,0;-0,02;-0,02;-0,04;-0,04;-0,01;-0,01;-0,35;-0,35;-0,03;-0,03;0,0;0,0;0,0;0,0;0,0;0,0;-0,01;-0,01;-0,03;-0,03;-0,09;-0,09;-0,02;-0,02;-0,05;-0,05;-0,02;-0,02;-0,02;-0,02;-0,01;-0,01;-0,03;-0,03;-0,01;-0,01;0,0;0,0;-0,02;-0,02;-0,01;-0,01;-0,02;-0,02;-0,03;-0,03
04.08.2026;23:45;00:00;0,0;0,0;0,0;0,0;-0,01;-0,01;-0,07;-0,07;0,0;0,0;-0,01;-0,01;-0,04;-0,04;-0,01;-0,01;-0,04;-0,04;-0,02;-0,02;0,0;0,0;-0,01;-0,01;0,0;0,0;-0,01;-0,01;-0,05;-0,05;-0,01;-0,01;-0,01;-0,01;-0,05;-0,05;-0,03;-0,03;-0,02;-0,02;-0,01;-0,01;-0,02;-0,02;-0,01;-0,01;-0,02;-0,02;-0,01;-0,01;-0,02;-0,02;-0,01;-0,01;-0,02;-0,02
05.08.2026;00:00;00:15;0,0;0,0;0,0;0,0;-0,02;-0,02;-0,06;-0,06;0,0;0,0;-0,01;-0,01;-0,04;-0,04;-0,01;-0,01;-0,02;-0,02;-0,03;-0,03;-0,02;-0,02;-0,01;-0,01;0,0;0,0;-0,01;-0,01;-0,08;-0,08;-0,02;-0,02;-0,01;-0,01;-0,05;-0,05;-0,03;-0,03;-0,03;-0,03;-0,01;-0,01;-0,02;-0,02;-0,01;-0,01;-0,01;-0,01;-0,01;-0,01;-0,02;-0,02;-0,01;-0,01;-0,02;-0,02
05.08.2026;00:15;00:30;0,0;0,0;0,0;0,0;0,0;0,0;-0,06;-0,06;0,0;0,0;0,0;0,0;-0,05;-0,05;-0,01;-0,01;-0,02;-0,02;-0,02;-0,02;-0,01;-0,01;-0,01;-0,01;0,0;0,0;-0,02;-0,02;-0,03;-0,03;-0,01;-0,01;-0,01;-0,01;-0,04;-0,04;-0,02;-0,02;-0,02;-0,02;-0,01;-0,01;-0,01;-0,01;-0,02;-0,02;-0,01;-0,01;-0,02;-0,02;-0,01;-0,01;-0,01;-0,01;-0,02;-0,02
05.08.2026;00:30;00:45;0,0;0,0;0,0;0,0;-0,01;-0,01;-0,08;-0,08;0,0;0,0;-0,01;-0,01;-0,05;-0,05;-0,01;-0,01;-0,02;-0,02;-0,02;-0,02;-0,02;-0,02;-0,01;-0,01;0,0;0,0;0,0;0,0;-0,02;-0,02;-0,01;-0,01;0,0;0,0;-0,04;-0,04;-0,04;-0,04;-0,02;-0,02;-0,01;-0,01;0,0;0,0;0,0;0,0;-0,01;-0,01;-0,01;-0,01;-0,02;-0,02;-0,01;-0,01;-0,02;-0,02
05.08.2026;00:45;01:00;0,0;0,0;-0,01;-0,01;-0,01;-0,01;-0,06;-0,06;-0,01;-0,01;-0,02;-0,02;-0,03;-0,03;-0,01;-0,01;-0,02;-0,02;-0,02;-0,02;-0,01;-0,01;-0,01;-0,01;0,0;0,0;-0,01;-0,01;-0,01;-0,01;-0,01;-0,01;-0,01;-0,01;-0,04;-0,04;-0,02;-0,02;-0,02;-0,02;-0,01;-0,01;-0,03;-0,03;-0,02;-0,02;-0,02;-0,02;-0,01;-0,01;-0,02;-0,02;-0,01;-0,01;-0,02;-0,02
05.08.2026;01:00;01:15;0,0;0,0;0,0;0,0;-0,01;-0,01;-0,06;-0,06;0,0;0,0;-0,01;-0,01;-0,04;-0,04;-0,01;-0,01;-0,02;-0,02;-0,01;-0,01;-0,02;-0,02;0,0;0,0;0,0;0,0;-0,01;-0,01;-0,01;-0,01;-0,02;-0,02;0,0;0,0;-0,04;-0,04;-0,03;-0,03;-0,03;-0,03;-0,01;-0,01;-0,02;-0,02;-0,01;-0,01;0,0;0,0;-0,01;-0,01;-0,01;-0,01;-0,01;-0,01;-0,02;-0,02
05.08.2026;01:15;01:30;0,0;0,0;0,0;0,0;-0,02;-0,02;-0,06;-0,06;0,0;0,0;0,0;0,0;-0,04;-0,04;-0,02;-0,02;-0,03;-0,03;-0,02;-0,02;-0,01;-0,01;-0,02;-0,02;0,0;0,0;-0,02;-0,02;-0,01;-0,01;-0,01;-0,01;-0,01;-0,01;-0,04;-0,04;-0,03;-0,03;-0,02;-0,02;-0,01;-0,01;-0,02;-0,02;-0,01;-0,01;-0,02;-0,02;-0,02;-0,02;-0,02;-0,02;-0,01;-0,01;-0,02;-0,02
05.08.2026;01:30;01:45;0,0;0,0;0,0;0,0;-0,01;-0,01;-0,06;-0,06;0,0;0,0;-0,01;-0,01;-0,05;-0,05;0,0;0,0;-0,01;-0,01;-0,02;-0,02;-0,01;-0,01;0,0;0,0;0,0;0,0;0,0;0,0;-0,02;-0,02;-0,01;-0,01;-0,01;-0,01;-0,02;-0,02;-0,02;-0,02;-0,02;-0,02;-0,01;-0,01;-0,01;-0,01;-0,01;-0,01;-0,01;-0,01;-0,01;-0,01;-0,01;-0,01;-0,02;-0,02;-0,02;-0,02
05.08.2026;01:45;02:00;0,0;0,0;-0,01;-0,01;0,0;0,0;-0,06;-0,06;0,0;0,0;-0,01;-0,01;-0,04;-0,04;-0,02;-0,02;-0,03;-0,03;-0,01;-0,01;-0,01;-0,01;-0,01;-0,01;0,0;0,0;-0,01;-0,01;-0,01;-0,01;-0,01;-0,01;-0,02;-0,02;-0,01;-0,01;-0,04;-0,04;-0,03;-0,03;-0,01;-0,01;-0,01;-0,01;-0,01;-0,01;-0,01;-0,01;-0,02;-0,02;-0,02;-0,02;0,0;0,0;-0,02;-0,02
05.08.2026;02:00;02:15;0,0;0,0;0,0;0,0;-0,01;-0,01;-0,06;-0,06;0,0;0,0;-0,02;-0,02;-0,04;-0,04;-0,01;-0,01;-0,02;-0,02;-0,02;-0,02;0,0;0,0;-0,01;-0,01;-0,01;-0,01;-0,01;-0,01;-0,03;-0,03;-0,02;-0,02;0,0;0,0;-0,02;-0,02;0,0;0,0;-0,03;-0,03;-0,01;-0,01;-0,02;-0,02;-0,01;-0,01;-0,02;-0,02;-0,01;-0,01;-0,01;-0,01;-0,02;-0,02;-0,02;-0,02
05.08.2026;02:15;02:30;0,0;0,0;0,0;0,0;-0,02;-0,02;-0,06;-0,06;0,0;0,0;-0,01;-0,01;-0,04;-0,04;0,0;0,0;-0,02;-0,02;-0,01;-0,01;-0,01;-0,01;-0,01;-0,01;0,0;0,0;-0,02;-0,02;-0,03;-0,03;-0,02;-0,02;-0,01;-0,01;-0,02;-0,02;-0,02;-0,02;-0,02;-0,02;-0,01;-0,01;-0,02;-0,02;-0,01;-0,01;-0,03;-0,03;-0,02;-0,02;-0,02;-0,02;-0,01;-0,01;-0,02;-0,02
05.08.2026;02:30;02:45;0,0;0,0;0,0;0,0;-0,01;-0,01;-0,06;-0,06;0,0;0,0;0,0;0,0;-0,04;-0,04;-0,02;-0,02;-0,02;-0,02;0,0;0,0;-0,01;-0,01;0,0;0,0;0,0;0,0;-0,01;-0,01;-0,04;-0,04;-0,02;-0,02;0,0;0,0;-0,01;-0,01;-0,01;-0,01;-0,02;-0,02;-0,02;-0,02;-0,02;-0,02;-0,01;-0,01;-0,04;-0,04;-0,02;-0,02;-0,02;-0,02;-0,01;-0,01;-0,02;-0,02
05.08.2026;02:45;03:00;0,0;0,0;0,0;0,0;-0,01;-0,01;-0,06;-0,06;0,0;0,0;-0,01;-0,01;-0,04;-0,04;-0,01;-0,01;-0,03;-0,03;-0,01;-0,01;-0,01;-0,01;-0,02;-0,02;0,0;0,0;0,0;0,0;-0,11;-0,11;-0,01;-0,01;-0,01;-0,01;-0,01;-0,01;-0,01;-0,01;-0,03;-0,03;0,0;0,0;-0,01;-0,01;-0,02;-0,02;-0,02;-0,02;-0,01;-0,01;-0,02;-0,02;-0,01;-0,01;-0,02;-0,02
05.08.2026;03:00;03:15;0,0;0,0;-0,01;-0,01;0,0;0,0;-0,06;-0,06;0,0;0,0;-0,02;-0,02;-0,04;-0,04;0,0;0,0;-0,01;-0,01;0,0;0,0;-0,02;-0,02;0,0;0,0;0,0;0,0;-0,01;-0,01;-0,01;-0,01;-0,01;-0,01;-0,01;-0,01;0,0;0,0;-0,02;-0,02;-0,02;-0,02;-0,01;-0,01;-0,01;-0,01;-0,01;-0,01;-0,03;-0,03;-0,02;-0,02;-0,01;-0,01;-0,01;-0,01;-0,01;-0,01
05.08.2026;03:15;03:30;0,0;0,0;0,0;0,0;-0,01;-0,01;-0,06;-0,06;0,0;0,0;-0,01;-0,01;-0,04;-0,04;-0,02;-0,02;-0,03;-0,03;-0,02;-0,02;-0,01;-0,01;-0,01;-0,01;0,0;0,0;-0,02;-0,02;-0,01;-0,01;-0,01;-0,01;-0,01;-0,01;-0,02;-0,02;0,0;0,0;-0,03;-0,03;-0,01;-0,01;-0,02;-0,02;-0,01;-0,01;-0,02;-0,02;-0,02;-0,02;-0,01;-0,01;-0,01;-0,01;0,0;0,0
05.08.2026;03:30;03:45;0,0;0,0;0,0;0,0;-0,01;-0,01;-0,07;-0,07;0,0;0,0;0,0;0,0;-0,04;-0,04;-0,01;-0,01;-0,02;-0,02;-0,05;-0,05;-0,02;-0,02;-0,01;-0,01;0,0;0,0;-0,01;-0,01;-0,01;-0,01;-0,01;-0,01;-0,01;-0,01;-0,01;-0,01;-0,02;-0,02;-0,02;-0,02;-0,01;-0,01;-0,02;-0,02;-0,01;-0,01;-0,02;-0,02;-0,01;-0,01;-0,02;-0,02;-0,01;-0,01;-0,01;-0,01
05.08.2026;03:45;04:00;0,0;0,0;0,0;0,0;-0,02;-0,02;-0,05;-0,05;0,0;0,0;-0,01;-0,01;-0,04;-0,04;0,0;0,0;-0,02;-0,02;-0,06;-0,06;-0,01;-0,01;-0,01;-0,01;0,0;0,0;0,0;0,0;-0,01;-0,01;-0,01;-0,01;-0,01;-0,01;-0,01;-0,01;-0,01;-0,01;-0,02;-0,02;-0,02;-0,02;-0,02;-0,02;-0,01;-0,01;-0,01;-0,01;-0,02;-0,02;-0,02;-0,02;-0,01;-0,01;0,0;0,0
05.08.2026;04:00;04:15;0,0;0,0;-0,01;-0,01;-0,01;-0,01;-0,08;-0,08;0,0;0,0;-0,01;-0,01;-0,04;-0,04;-0,02;-0,02;-0,02;-0,02;-0,06;-0,06;-0,01;-0,01;0,0;0,0;0,0;0,0;-0,01;-0,01;-0,01;-0,01;-0,01;-0,01;0,0;0,0;-0,02;-0,02;-0,01;-0,01;-0,03;-0,03;0,0;0,0;-0,01;-0,01;-0,01;-0,01;0,0;0,0;-0,02;-0,02;-0,01;-0,01;-0,01;-0,01;-0,02;-0,02
05.08.2026;04:15;04:30;0,0;0,0;0,0;0,0;0,0;0,0;-0,07;-0,07;0,0;0,0;-0,02;-0,02;-0,03;-0,03;-0,01;-0,01;-0,03;-0,03;-0,05;-0,05;-0,02;-0,02;-0,02;-0,02;0,0;0,0;-0,02;-0,02;-0,01;-0,01;-0,01;-0,01;0,0;0,0;-0,01;-0,01;-0,02;-0,02;-0,02;-0,02;-0,01;-0,01;-0,01;-0,01;-0,01;-0,01;-0,02;-0,02;-0,01;-0,01;-0,02;-0,02;-0,02;-0,02;-0,02;-0,02
05.08.2026;04:30;04:45;0,0;0,0;0,0;0,0;-0,01;-0,01;-0,06;-0,06;0,0;0,0;-0,01;-0,01;-0,04;-0,04;-0,01;-0,01;-0,01;-0,01;-0,04;-0,04;0,0;0,0;-0,01;-0,01;0,0;0,0;-0,01;-0,01;-0,01;-0,01;-0,02;-0,02;-0,02;-0,02;-0,02;-0,02;-0,01;-0,01;-0,02;-0,02;-0,02;-0,02;-0,02;-0,02;-0,01;-0,01;-0,01;-0,01;-0,01;-0,01;-0,01;-0,01;0,0;0,0;-0,02;-0,02
05.08.2026;04:45;05:00;0,0;0,0;0,0;0,0;-0,01;-0,01;-0,06;-0,06;0,0;0,0;0,0;0,0;-0,04;-0,04;-0,01;-0,01;-0,02;-0,02;-0,05;-0,05;0,0;0,0;0,0;0,0;0,0;0,0;0,0;0,0;-0,02;-0,02;0,0;0,0;-0,01;-0,01;-0,01;-0,01;-0,02;-0,02;-0,02;-0,02;0,0;0,0;-0,03;-0,03;-0,02;-0,02;-0,01;-0,01;0,0;0,0;-0,01;-0,01;-0,02;-0,02;-0,02;-0,02
05.08.2026;05:00;05:15;0,0;0,0;0,0;0,0;-0,02;-0,02;-0,14;-0,14;0,0;0,0;-0,01;-0,01;-0,04;-0,04;-0,01;-0,01;-0,03;-0,03;-0,06;-0,06;-0,01;-0,01;-0,01;-0,01;0,0;0,0;-0,02;-0,02;-0,02;-0,02;-0,01;-0,01;-0,01;-0,01;-0,01;-0,01;-0,01;-0,01;-0,02;-0,02;-0,01;-0,01;-0,01;-0,01;0,0;0,0;-0,01;-0,01;0,0;0,0;-0,02;-0,02;-0,01;-0,01;-0,02;-0,02
05.08.2026;05:15;05:30;0,0;0,0;-0,01;-0,01;-0,01;-0,01;-0,16;-0,16;0,0;0,0;-0,01;-0,01;-0,04;-0,04;-0,01;-0,01;-0,01;-0,01;-0,05;-0,05;-0,02;-0,02;-0,01;-0,01;0,0;0,0;-0,05;-0,05;-0,03;-0,03;-0,02;-0,02;-0,01;-0,01;-0,02;-0,02;-0,01;-0,01;-0,02;-0,02;-0,01;-0,01;-0,01;-0,01;-0,02;-0,02;-0,01;-0,01;-0,01;-0,01;-0,02;-0,02;-0,01;-0,01;-0,03;-0,03
05.08.2026;05:30;05:45;0,0;0,0;0,0;0,0;-0,01;-0,01;-0,17;-0,17;0,0;0,0;-0,02;-0,02;-0,03;-0,03;0,0;0,0;-0,02;-0,02;-0,05;-0,05;-0,01;-0,01;-0,01;-0,01;0,0;0,0;-0,01;-0,01;-0,03;-0,03;-0,01;-0,01;0,0;0,0;-0,01;-0,01;-0,01;-0,01;-0,03;-0,03;-0,01;-0,01;-0,01;-0,01;-0,04;-0,04;-0,02;-0,02;-0,02;-0,02;-0,01;-0,01;-0,01;-0,01;-0,02;-0,02
05.08.2026;05:45;06:00;0,01;0,01;0,0;0,0;0,0;0,0;-0,19;-0,19;-0,01;-0,01;0,0;0,0;-0,04;-0,04;-0,02;-0,02;-0,02;-0,02;-0,05;-0,05;-0,02;-0,02;-0,01;-0,01;0,0;0,0;-0,01;-0,01;-0,14;-0,14;-0,02;-0,02;0,0;0,0;-0,02;-0,02;-0,01;-0,01;-0,02;-0,02;-0,01;-0,01;-0,02;-0,02;-0,01;-0,01;-0,01;-0,01;-0,02;-0,02;-0,06;-0,06;-0,01;-0,01;-0,02;-0,02
05.08.2026;06:00;06:15;0,04;0,04;0,0;0,0;-0,03;-0,03;-0,16;-0,16;0,0;0,0;-0,01;-0,01;-0,04;-0,04;-0,01;-0,01;-0,02;-0,02;-0,03;-0,03;-0,01;-0,01;-0,01;-0,01;0,0;0,0;-0,01;-0,01;-0,01;-0,01;-0,01;-0,01;-0,01;-0,01;-0,01;-0,01;-0,02;-0,02;-0,02;-0,02;-0,03;-0,03;-0,03;-0,03;-0,02;-0,02;-0,01;-0,01;-0,02;-0,02;-0,01;-0,01;-0,01;-0,01;-0,02;-0,02
05.08.2026;06:15;06:30;0,08;0,08;-0,01;-0,01;-0,06;-0,06;-0,17;-0,17;0,0;0,0;-0,01;-0,01;-0,04;-0,04;0,0;0,0;-0,02;-0,02;-0,04;-0,04;-0,01;-0,01;0,0;0,0;0,0;0,0;-0,02;-0,02;-0,01;-0,01;-0,01;-0,01;-0,01;-0,01;-0,02;-0,02;-0,02;-0,02;-0,02;-0,02;-0,03;-0,03;-0,01;-0,01;-0,02;-0,02;-0,02;-0,02;-0,02;-0,02;-0,1;-0,1;-0,01;-0,01;-0,02;-0,02
05.08.2026;06:30;06:45;0,15;0,11;0,0;0,0;-0,04;-0,04;-0,17;-0,13;0,0;0,0;-0,01;-0,01;-0,03;-0,03;-0,02;-0,02;-0,02;-0,02;-0,04;-0,04;-0,02;-0,02;-0,01;-0,01;0,0;0,0;-0,01;-0,01;-0,01;-0,01;-0,01;-0,01;-0,01;-0,01;-0,01;-0,01;-0,03;-0,03;-0,03;-0,03;-0,04;-0,04;-0,01;-0,01;-0,01;-0,01;-0,02;-0,02;-0,02;-0,02;-0,03;-0,03;-0,01;-0,01;-0,08;-0,08
05.08.2026;06:45;07:00;0,25;0,18;0,0;0,0;-0,03;-0,03;-0,21;-0,14;0,0;0,0;-0,01;-0,01;-0,04;-0,04;-0,01;-0,01;-0,02;-0,02;-0,05;-0,05;-0,01;-0,01;-0,01;-0,01;0,0;0,0;-0,04;-0,04;-0,01;-0,01;-0,01;-0,01;-0,01;-0,01;-0,01;-0,01;-0,03;-0,03;-0,02;-0,02;-0,01;-0,01;-0,01;-0,01;-0,02;-0,02;0,0;0,0;-0,02;-0,02;-0,02;-0,02;-0,02;-0,02;-0,2;-0,2
05.08.2026;07:00;07:15;0,33;0,09;0,0;0,0;-0,02;-0,01;-0,26;-0,24;0,0;0,0;-0,01;0,0;-0,08;-0,07;0,0;0,0;-0,03;-0,02;-0,05;-0,04;0,0;0,0;-0,01;0,0;-0,01;0,0;-0,02;-0,01;-0,01;0,0;-0,01;0,0;-0,01;0,0;-0,04;-0,03;-0,02;-0,01;-0,02;-0,01;-0,01;0,0;-0,02;-0,01;-0,01;0,0;-0,01;0,0;-0,02;-0,01;-0,02;-0,01;-0,02;-0,01;-0,08;-0,07
05.08.2026;07:15;07:30;0,51;0,2;0,0;0,0;-0,01;0,0;-0,14;-0,04;0,0;0,0;-0,01;0,0;-0,08;-0,07;-0,02;-0,01;-0,03;-0,02;-0,05;-0,04;0,0;0,0;-0,01;0,0;0,0;0,0;-0,01;0,0;-0,01;0,0;-0,01;0,0;0,0;0,0;-0,03;-0,02;-0,04;-0,03;-0,02;-0,01;-0,01;0,0;-0,03;-0,02;-0,01;0,0;-0,02;-0,01;-0,02;-0,01;-0,01;0,0;-0,31;-0,3;-0,01;0,0
05.08.2026;07:30;07:45;0,41;0,11;-0,01;0,0;-0,01;0,0;-0,2;-0,14;0,0;0,0;-0,01;0,0;-0,06;-0,05;-0,01;0,0;-0,03;-0,02;-0,03;-0,02;-0,01;0,0;-0,01;0,0;0,0;0,0;-0,01;0,0;-0,01;0,0;-0,01;0,0;-0,01;0,0;-0,02;-0,01;-0,03;-0,02;-0,03;-0,02;-0,01;0,0;-0,01;0,0;-0,01;0,0;-0,01;0,0;-0,02;-0,01;-0,01;0,0;-0,08;-0,07;-0,02;-0,01
05.08.2026;07:45;08:00;0,73;0,28;0,0;0,0;0,0;0,0;-0,13;0,0;0,0;0,0;-0,01;0,0;-0,06;-0,01;0,0;0,0;-0,02;0,0;-0,04;0,0;-0,02;0,0;0,0;0,0;0,0;0,0;0,0;0,0;-0,01;0,0;-0,01;0,0;0,0;0,0;-0,02;0,0;-0,02;0,0;-0,03;0,0;-0,01;0,0;-0,01;0,0;-0,01;0,0;0,0;0,0;-0,02;0,0;-0,01;0,0;-0,02;0,0;-0,01;0,0
05.08.2026;08:00;08:15;1,08;0,39;0,0;0,0;-0,01;0,0;-0,18;0,0;0,0;0,0;-0,01;0,0;-0,08;0,0;-0,02;0,0;-0,03;0,0;-0,08;0,0;-0,02;0,0;-0,01;0,0;0,0;0,0;-0,02;0,0;-0,01;0,0;-0,01;0,0;-0,02;0,0;-0,03;0,0;-0,04;0,0;-0,02;0,0;-0,01;0,0;-0,01;0,0;-0,01;0,0;-0,02;0,0;-0,01;0,0;-0,02;0,0;-0,01;0,0;-0,01;0,0
05.08.2026;08:15;08:30;0,04;0,04;0,0;0,0;-0,02;-0,02;-0,19;-0,19;0,0;0,0;0,0;0,0;-0,05;-0,05;-0,01;-0,01;-0,02;-0,02;-0,26;-0,26;-0,01;-0,01;-0,02;-0,02;0,0;0,0;-0,02;-0,02;-0,02;-0,02;-0,01;-0,01;-0,01;-0,01;-0,01;-0,01;-0,02;-0,02;-0,02;-0,02;-0,01;-0,01;-0,02;-0,02;-0,01;-0,01;-0,01;-0,01;-0,03;-0,03;-0,02;-0,02;-0,01;-0,01;-0,02;-0,02
05.08.2026;08:30;08:45;0,0;0,0;-0,01;-0,01;-0,01;-0,01;-0,18;-0,18;0,0;0,0;-0,02;-0,02;-0,05;-0,05;0,0;0,0;-0,07;-0,07;-0,34;-0,34;-0,01;-0,01;0,0;0,0;0,0;0,0;0,0;0,0;-0,02;-0,02;-0,01;-0,01;-0,01;-0,01;0,0;0,0;-0,05;-0,05;-0,02;-0,02;-0,01;-0,01;-0,03;-0,03;-0,01;-0,01;-0,01;-0,01;-0,08;-0,08;-0,01;-0,01;-0,02;-0,02;-0,01;-0,01
05.08.2026;08:45;09:00;1,51;0,72;0,0;0,0;-0,01;0,0;-0,15;0,0;0,0;0,0;-0,01;0,0;-0,03;0,0;-0,01;0,0;-0,08;0,0;-0,44;-0,29;-0,02;0,0;-0,01;0,0;0,0;0,0;-0,01;0,0;-0,01;0,0;-0,01;0,0;-0,01;0,0;-0,02;0,0;-0,02;0,0;-0,02;0,0;-0,01;0,0;-0,01;0,0;-0,02;0,0;-0,01;0,0;-0,17;-0,02;-0,02;0,0;0,0;0,0;0,0;0,0
05.08.2026;09:00;09:15;1,09;0,5;0,0;0,0;-0,01;0,0;-0,12;0,0;0,0;0,0;-0,01;0,0;-0,05;0,0;-0,02;0,0;-0,03;0,0;-0,27;-0,19;-0,01;0,0;-0,01;0,0;0,0;0,0;-0,01;0,0;-0,07;0,0;-0,01;0,0;0,0;0,0;-0,02;0,0;-0,04;0,0;-0,02;0,0;0,0;0,0;-0,01;0,0;0,0;0,0;-0,01;0,0;-0,03;0,0;-0,01;0,0;-0,02;0,0;0,0;0,0
05.08.2026;09:15;09:30;1,16;0,62;0,0;0,0;-0,01;0,0;-0,07;0,0;0,0;0,0;0,0;0,0;-0,04;0,0;0,0;0,0;-0,04;0,0;-0,25;-0,13;-0,01;0,0;-0,01;0,0;0,0;0,0;-0,02;0,0;-0,02;0,0;-0,01;0,0;0,0;0,0;-0,02;0,0;-0,03;0,0;-0,02;0,0;-0,02;0,0;-0,01;0,0;-0,02;0,0;-0,02;0,0;-0,03;0,0;-0,01;0,0;-0,01;0,0;0,0;0,0
05.08.2026;09:30;09:45;1,06;0,51;-0,01;0,0;-0,02;0,0;-0,07;0,0;0,0;0,0;-0,01;0,0;-0,04;0,0;-0,01;0,0;-0,04;0,0;-0,26;-0,18;-0,01;0,0;0,0;0,0;0,0;0,0;-0,01;0,0;-0,01;0,0;-0,01;0,0;-0,01;0,0;-0,01;0,0;-0,04;0,0;-0,02;0,0;-0,01;0,0;-0,02;0,0;-0,01;0,0;0,0;0,0;-0,08;0,0;-0,01;0,0;-0,01;0,0;-0,01;0,0
05.08.2026;09:45;10:00;1,24;0,57;0,0;0,0;-0,04;0,0;-0,07;0,0;0,0;0,0;-0,02;0,0;-0,04;0,0;-0,02;0,0;-0,03;0,0;-0,25;-0,13;0,0;0,0;-0,02;0,0;0,0;0,0;0,0;0,0;-0,02;0,0;-0,01;0,0;-0,01;0,0;-0,04;0,0;-0,03;0,0;-0,02;0,0;-0,01;0,0;-0,03;0,0;-0,01;0,0;-0,02;0,0;-0,08;0,0;-0,02;0,0;-0,01;0,0;0,0;0,0
05.08.2026;10:00;10:15;2,97;2,27;0,0;0,0;-0,01;0,0;-0,08;0,0;0,0;0,0;-0,01;0,0;-0,04;0,0;-0,01;0,0;-0,03;0,0;-0,26;0,0;0,0;0,0;0,0;0,0;0,0;0,0;-0,01;0,0;-0,02;0,0;-0,01;0,0;-0,02;0,0;-0,04;0,0;-0,03;0,0;-0,03;0,0;-0,01;0,0;-0,01;0,0;-0,01;0,0;-0,01;0,0;-0,02;0,0;-0,02;0,0;-0,01;0,0;-0,01;0,0
05.08.2026;10:15;10:30;2,65;1,87;0,0;0,0;-0,02;0,0;-0,07;0,0;0,0;0,0;-0,01;0,0;-0,04;0,0;0,0;0,0;-0,02;0,0;-0,48;-0,12;-0,02;0,0;-0,01;0,0;0,0;0,0;-0,02;0,0;-0,02;0,0;-0,01;0,0;-0,01;0,0;-0,02;0,0;-0,04;0,0;-0,02;0,0;0,0;0,0;-0,01;0,0;-0,01;0,0;-0,01;0,0;-0,02;0,0;-0,01;0,0;-0,01;0,0;-0,02;0,0
05.08.2026;10:30;10:45;3,06;1,77;0,0;0,0;-0,45;-0,08;-0,08;0,0;0,0;0,0;0,0;0,0;-0,04;0,0;-0,02;0,0;-0,01;0,0;-0,3;0,0;-0,02;0,0;-0,01;0,0;0,0;0,0;-0,01;0,0;-0,03;0,0;-0,01;0,0;0,0;0,0;-0,02;0,0;-0,02;0,0;-0,13;0,0;-0,02;0,0;-0,01;0,0;-0,01;0,0;-0,01;0,0;-0,12;0,0;-0,02;0,0;-0,02;0,0;-0,01;0,0
05.08.2026;10:45;11:00;3,28;2,11;-0,01;0,0;-0,18;0,0;-0,15;0,0;-0,01;0,0;-0,01;0,0;-0,04;0,0;-0,01;0,0;-0,04;0,0;-0,28;0,0;-0,01;0,0;-0,01;0,0;0,0;0,0;0,0;0,0;-0,02;0,0;-0,02;0,0;0,0;0,0;-0,01;0,0;-0,05;0,0;-0,03;0,0;-0,01;0,0;-0,03;0,0;-0,01;0,0;-0,01;0,0;-0,13;0,0;0,0;0,0;-0,08;0,0;-0,02;0,0
05.08.2026;11:00;11:15;3,36;1,79;0,0;0,0;-0,28;0,0;-0,08;0,0;0,0;0,0;-0,02;0,0;-0,03;0,0;0,0;0,0;-0,03;0,0;-0,27;0,0;-0,02;0,0;0,0;0,0;0,0;0,0;-0,02;0,0;-0,01;0,0;0,0;0,0;-0,01;0,0;-0,02;0,0;-0,02;0,0;-0,04;0,0;0,0;0,0;-0,02;0,0;-0,01;0,0;-0,01;0,0;-0,33;0,0;-0,02;0,0;-0,32;0,0;-0,01;0,0
05.08.2026;11:15;11:30;3,5;2,05;0,0;0,0;-0,08;0,0;-0,08;0,0;0,0;0,0;-0,01;0,0;-0,04;0,0;-0,02;0,0;-0,01;0,0;-0,28;0,0;-0,01;0,0;-0,02;0,0;0,0;0,0;-0,01;0,0;-0,03;0,0;-0,02;0,0;-0,01;0,0;-0,01;0,0;-0,04;0,0;-0,02;0,0;-0,02;0,0;-0,01;0,0;-0,01;0,0;-0,02;0,0;-0,31;0,0;-0,02;0,0;-0,36;0,0;-0,01;0,0
05.08.2026;11:30;11:45;3,63;2,08;0,0;0,0;-0,22;0,0;-0,08;0,0;0,0;0,0;0,0;0,0;-0,04;0,0;-0,01;0,0;-0,02;0,0;-0,33;0,0;-0,01;0,0;-0,01;0,0;0,0;0,0;-0,01;0,0;-0,02;0,0;-0,01;0,0;-0,01;0,0;-0,02;0,0;-0,03;0,0;-0,02;0,0;-0,01;0,0;-0,01;0,0;-0,02;0,0;-0,01;0,0;-0,21;0,0;-0,01;0,0;-0,42;0,0;-0,02;0,0
05.08.2026;11:45;12:00;3,04;1,66;-0,01;0,0;-0,34;0,0;-0,07;0,0;0,0;0,0;-0,01;0,0;-0,04;0,0;0,0;0,0;-0,04;0,0;-0,59;-0,22;-0,02;0,0;0,0;0,0;0,0;0,0;0,0;0,0;-0,01;0,0;-0,01;0,0;-0,01;0,0;-0,01;0,0;-0,04;0,0;-0,02;0,0;0,0;0,0;-0,01;0,0;0,0;0,0;-0,01;0,0;-0,19;0,0;-0,02;0,0;-0,14;0,0;-0,01;0,0
05.08.2026;12:00;12:15;1,41;0,48;0,0;0,0;-0,2;-0,09;-0,07;0,0;0,0;0,0;-0,01;0,0;-0,04;0,0;-0,01;0,0;-0,01;0,0;-0,41;-0,3;0,0;0,0;-0,01;0,0;-0,01;0,0;-0,02;0,0;-0,12;-0,01;-0,04;0,0;-0,01;0,0;0,0;0,0;-0,03;0,0;-0,03;0,0;-0,02;0,0;-0,03;0,0;-0,02;0,0;-0,01;0,0;-0,2;-0,09;-0,01;0,0;-0,27;-0,16;0,0;0,0
05.08.2026;12:15;12:30;0,51;0,22;0,0;0,0;-0,02;-0,01;-0,08;0,0;0,0;0,0;-0,02;-0,01;-0,03;-0,02;-0,02;-0,01;-0,02;-0,01;-0,4;-0,39;-0,01;0,0;-0,01;0,0;0,0;0,0;-0,01;0,0;-0,02;-0,01;-0,04;-0,03;-0,01;0,0;-0,02;-0,01;-0,03;-0,02;-0,2;-0,19;0,0;0,0;-0,02;-0,01;-0,01;0,0;-0,01;0,0;-0,22;-0,21;-0,01;0,0;-0,27;-0,26;0,0;0,0
05.08.2026;12:30;12:45;3,01;1,66;0,0;0,0;0,0;0,0;-0,22;0,0;0,0;0,0;-0,01;0,0;-0,04;0,0;0,0;0,0;-0,03;0,0;-0,41;-0,06;0,0;0,0;-0,01;0,0;0,0;0,0;-0,01;0,0;-0,06;0,0;-0,03;0,0;0,0;0,0;-0,01;0,0;-0,03;0,0;-0,28;0,0;-0,02;0,0;-0,01;0,0;-0,01;0,0;-0,01;0,0;-0,16;0,0;-0,01;0,0;-0,05;0,0;0,0;0,0
05.08.2026;12:45;13:00;3,65;2,75;0,0;0,0;-0,01;0,0;-0,08;0,0;0,0;0,0;0,0;0,0;-0,04;0,0;-0,01;0,0;-0,02;0,0;-0,39;0,0;-0,01;0,0;-0,01;0,0;0,0;0,0;0,0;0,0;-0,06;0,0;-0,03;0,0;-0,01;0,0;-0,01;0,0;-0,03;0,0;-0,06;0,0;-0,01;0,0;-0,01;0,0;-0,01;0,0;-0,02;0,0;-0,02;0,0;-0,02;0,0;-0,03;0,0;-0,01;0,0
05.08.2026;13:00;13:15;3,84;2,83;-0,01;0,0;-0,01;0,0;-0,07;0,0;0,0;0,0;-0,01;0,0;-0,04;0,0;-0,02;0,0;-0,01;0,0;-0,48;0,0;-0,02;0,0;-0,01;0,0;0,0;0,0;-0,02;0,0;-0,05;0,0;-0,03;0,0;0,0;0,0;-0,02;0,0;-0,04;0,0;-0,04;0,0;0,0;0,0;-0,02;0,0;-0,01;0,0;-0,01;0,0;-0,02;0,0;-0,02;0,0;-0,03;0,0;-0,02;0,0
05.08.2026;13:15;13:30;4,05;2,94;0,0;0,0;-0,02;0,0;-0,12;0,0;0,0;0,0;-0,01;0,0;-0,03;0,0;0,0;0,0;-0,03;0,0;-0,7;-0,14;-0,02;0,0;0,0;0,0;0,0;0,0;-0,02;0,0;-0,05;0,0;-0,02;0,0;-0,01;0,0;-0,01;0,0;-0,03;0,0;-0,05;0,0;-0,02;0,0;-0,02;0,0;-0,01;0,0;-0,01;0,0;-0,02;0,0;-0,01;0,0;-0,03;0,0;-0,01;0,0
05.08.2026;13:30;13:45;3,94;2,69;0,0;0,0;-0,16;0,0;-0,14;0,0;0,0;0,0;-0,02;0,0;-0,04;0,0;-0,01;0,0;-0,03;0,0;-0,51;0,0;-0,01;0,0;-0,01;0,0;0,0;0,0;0,0;0,0;-0,05;0,0;-0,03;0,0;-0,02;0,0;0,0;0,0;-0,04;0,0;-0,04;0,0;0,0;0,0;-0,02;0,0;-0,02;0,0;-0,01;0,0;-0,02;0,0;-0,02;0,0;-0,03;0,0;-0,02;0,0
05.08.2026;13:45;14:00;3,7;2,52;0,0;0,0;-0,23;0,0;-0,07;0,0;0,0;0,0;0,0;0,0;-0,04;0,0;-0,02;0,0;-0,01;0,0;-0,53;-0,04;-0,01;0,0;-0,01;0,0;0,0;0,0;0,0;0,0;-0,06;0,0;-0,02;0,0;-0,01;0,0;-0,01;0,0;-0,02;0,0;-0,05;0,0;-0,01;0,0;-0,01;0,0;-0,02;0,0;-0,01;0,0;-0,02;0,0;-0,01;0,0;-0,04;0,0;-0,01;0,0
05.08.2026;14:00;14:15;2,37;1,38;-0,01;0,0;-0,1;0,0;-0,13;0,0;0,0;0,0;-0,01;0,0;-0,04;0,0;0,0;0,0;-0,02;0,0;-0,32;-0,05;-0,02;0,0;-0,01;0,0;0,0;0,0;-0,02;0,0;-0,1;0,0;-0,02;0,0;-0,01;0,0;-0,02;0,0;-0,04;0,0;-0,03;0,0;-0,02;0,0;-0,01;0,0;-0,02;0,0;-0,01;0,0;-0,02;0,0;-0,01;0,0;-0,03;0,0;-0,02;0,0
05.08.2026;14:15;14:30;3,36;2,31;0,0;0,0;0,0;0,0;-0,25;0,0;0,0;0,0;-0,01;0,0;-0,03;0,0;-0,01;0,0;-0,03;0,0;-0,27;0,0;-0,01;0,0;-0,01;0,0;0,0;0,0;-0,02;0,0;-0,05;0,0;-0,03;0,0;0,0;0,0;-0,02;0,0;-0,02;0,0;-0,09;0,0;0,0;0,0;-0,02;0,0;-0,02;0,0;-0,02;0,0;-0,02;0,0;-0,06;0,0;-0,05;0,0;-0,01;0,0
05.08.2026;14:30;14:45;2,92;1,47;0,0;0,0;-0,01;0,0;-0,24;0,0;0,0;0,0;-0,01;0,0;-0,04;0,0;-0,01;0,0;-0,02;0,0;-0,27;0,0;-0,01;0,0;-0,01;0,0;0,0;0,0;0,0;0,0;-0,06;0,0;-0,02;0,0;0,0;0,0;-0,21;0,0;-0,04;0,0;-0,04;0,0;-0,01;0,0;-0,03;0,0;-0,02;0,0;0,0;0,0;-0,02;0,0;-0,32;0,0;-0,05;0,0;-0,01;0,0
05.08.2026;14:45;15:00;1,86;0,72;0,0;0,0;-0,02;0,0;-0,23;0,0;0,0;0,0;-0,02;0,0;-0,04;0,0;-0,02;0,0;-0,01;0,0;-0,27;-0,11;0,0;0,0;0,0;0,0;0,0;0,0;-0,01;0,0;-0,06;0,0;-0,02;0,0;-0,01;0,0;-0,29;-0,13;-0,02;0,0;-0,05;0,0;-0,01;0,0;-0,02;0,0;-0,01;0,0;-0,02;0,0;-0,02;0,0;-0,33;-0,17;-0,05;0,0;-0,02;0,0
05.08.2026;15:00;15:15;1,18;0,31;0,0;0,0;-0,01;0,0;-0,16;0,0;0,0;0,0;0,0;0,0;-0,03;0,0;0,0;0,0;-0,03;0,0;-0,27;-0,18;0,0;0,0;-0,01;0,0;0,0;0,0;-0,01;0,0;-0,06;0,0;-0,02;0,0;-0,01;0,0;-0,48;-0,39;-0,04;0,0;-0,05;0,0;-0,01;0,0;-0,01;0,0;-0,02;0,0;-0,01;0,0;-0,02;0,0;-0,27;-0,18;-0,53;-0,44;-0,01;0,0
05.08.2026;15:15;15:30;0,95;0,24;-0,01;0,0;-0,01;0,0;-0,15;0,0;0,0;0,0;-0,01;0,0;-0,04;0,0;-0,01;0,0;-0,03;0,0;-0,27;-0,22;-0,01;0,0;-0,02;0,0;0,0;0,0;-0,02;0,0;-0,04;0,0;-0,01;0,0;-0,01;0,0;-0,32;-0,27;-0,03;0,0;-0,05;0,0;-0,01;0,0;0,0;0,0;-0,01;0,0;-0,01;0,0;-0,02;0,0;-0,21;-0,16;-0,07;-0,02;-0,01;0,0
05.08.2026;15:30;15:45;0,93;0,29;0,0;0,0;0,0;0,0;-0,09;0,0;0,0;0,0;-0,01;0,0;-0,03;0,0;-0,02;0,0;0,0;0,0;-0,41;-0,34;-0,02;0,0;0,0;0,0;0,0;0,0;0,0;0,0;-0,12;-0,05;-0,01;0,0;-0,01;0,0;-0,12;-0,05;-0,03;0,0;-0,05;0,0;-0,01;0,0;-0,03;0,0;-0,01;0,0;-0,01;0,0;-0,03;0,0;-0,01;0,0;-0,05;0,0;-0,01;0,0
05.08.2026;15:45;16:00;1,14;0,3;0,0;0,0;-0,01;0,0;-0,24;0,0;-0,01;0,0;-0,03;0,0;-0,04;0,0;0,0;0,0;-0,03;0,0;-0,41;-0,33;-0,02;0,0;-0,01;0,0;0,0;0,0;-0,01;0,0;-0,05;0,0;-0,01;0,0;-0,01;0,0;-0,03;0,0;-0,03;0,0;-0,14;-0,06;-0,01;0,0;-0,02;0,0;-0,01;0,0;-0,01;0,0;-0,02;0,0;-0,02;0,0;-0,06;0,0;0,0;0,0
05.08.2026;16:00;16:15;0,28;0,2;0,0;0,0;-0,04;-0,04;-0,2;-0,12;0,0;0,0;-0,37;-0,37;-0,04;-0,04;-0,01;-0,01;-0,03;-0,03;-0,32;-0,32;-0,01;-0,01;-0,01;-0,01;0,0;0,0;-0,01;-0,01;-0,07;-0,07;-0,02;-0,02;-0,01;-0,01;-0,02;-0,02;-0,03;-0,03;-0,05;-0,05;-0,01;-0,01;-0,02;-0,02;-0,01;-0,01;-0,01;-0,01;-0,02;-0,02;-0,02;-0,02;-0,06;-0,06;-0,01;-0,01
05.08.2026;16:15;16:30;0,14;0,11;-0,01;-0,01;-0,16;-0,16;-0,14;-0,11;0,0;0,0;-0,03;-0,03;-0,03;-0,03;-0,02;-0,02;-0,01;-0,01;-0,38;-0,38;-0,02;-0,02;-0,01;-0,01;0,0;0,0;-0,03;-0,03;-0,06;-0,06;-0,01;-0,01;0,0;0,0;-0,02;-0,02;-0,04;-0,04;-0,03;-0,03;-0,01;-0,01;-0,01;-0,01;-0,02;-0,02;-0,01;-0,01;-0,24;-0,24;-0,01;-0,01;-0,14;-0,14;0,0;0,0
05.08.2026;16:30;16:45;2,7;1,03;0,0;0,0;-0,13;0,0;-0,12;0,0;0,0;0,0;-0,08;0,0;-0,05;0,0;0,0;0,0;-0,01;0,0;-0,39;-0,12;-0,01;0,0;0,0;0,0;0,0;0,0;-0,03;0,0;-0,38;-0,11;-0,02;0,0;-0,01;0,0;-0,02;0,0;-0,02;0,0;-0,03;0,0;0,0;0,0;-0,01;0,0;-0,01;0,0;-0,02;0,0;-0,26;0,0;-0,02;0,0;-0,27;0,0;-0,01;0,0
05.08.2026;16:45;17:00;2,33;1,08;0,0;0,0;-0,02;0,0;-0,08;0,0;0,0;0,0;-0,03;0,0;-0,05;0,0;-0,01;0,0;-0,03;0,0;-0,34;-0,1;-0,01;0,0;-0,02;0,0;0,0;0,0;-0,03;0,0;-0,09;0,0;-0,02;0,0;0,0;0,0;-0,02;0,0;-0,04;0,0;-0,04;0,0;-0,01;0,0;-0,02;0,0;-0,01;0,0;-0,03;0,0;-0,17;0,0;-0,02;0,0;-0,25;-0,01;-0,02;0,0
05.08.2026;17:00;17:15;2,0;0,75;0,0;0,0;-0,02;0,0;-0,1;0,0;0,0;0,0;-0,05;0,0;-0,03;0,0;-0,01;0,0;-0,03;0,0;-0,25;-0,06;-0,02;0,0;0,0;0,0;-0,01;0,0;-0,05;0,0;-0,23;-0,04;-0,01;0,0;-0,02;0,0;-0,03;0,0;-0,03;0,0;-0,03;0,0;-0,01;0,0;-0,03;0,0;-0,01;0,0;0,0;0,0;-0,17;0,0;-0,01;0,0;-0,54;-0,35;-0,01;0,0
05.08.2026;17:15;17:30;1,87;0,73;0,0;0,0;-0,02;0,0;-0,08;0,0;0,0;0,0;-0,04;0,0;-0,06;0,0;-0,01;0,0;0,0;0,0;-0,43;-0,25;0,0;0,0;-0,01;0,0;0,0;0,0;-0,03;0,0;-0,26;-0,08;-0,01;0,0;-0,01;0,0;-0,04;0,0;-0,04;0,0;-0,02;0,0;-0,01;0,0;-0,01;0,0;-0,01;0,0;-0,02;0,0;-0,16;0,0;0,0;0,0;-0,91;-0,73;-0,02;0,0
05.08.2026;17:30;17:45;1,58;0,55;-0,01;0,0;-0,03;0,0;-0,11;0,0;0,0;0,0;-0,07;0,0;-0,06;0,0;-0,01;0,0;-0,03;0,0;-0,52;-0,39;0,0;0,0;-0,01;0,0;0,0;0,0;-0,03;0,0;-0,05;0,0;-0,02;0,0;-0,01;0,0;-0,06;0,0;-0,03;0,0;-0,02;0,0;-0,01;0,0;-0,01;0,0;-0,01;0,0;-0,02;0,0;-0,16;-0,03;-0,03;0,0;-0,58;-0,45;-0,01;0,0
05.08.2026;17:45;18:00;1,39;0,38;0,0;0,0;-0,11;-0,02;-0,09;0,0;0,0;0,0;-0,03;0,0;-0,06;0,0;-0,01;0,0;-0,03;0,0;-0,25;-0,16;0,0;0,0;-0,01;0,0;0,0;0,0;-0,06;0,0;-0,1;-0,01;-0,04;0,0;-0,01;0,0;-0,05;0,0;-0,03;0,0;-0,02;0,0;-0,01;0,0;-0,02;0,0;-0,02;0,0;-0,02;0,0;-0,2;-0,11;-0,04;0,0;-0,21;-0,12;-0,01;0,0
05.08.2026;18:00;18:15;1,18;0,28;0,0;0,0;-0,14;-0,07;-0,08;0,0;0,0;0,0;-0,04;0,0;-0,05;0,0;-0,01;0,0;-0,01;0,0;-0,26;-0,19;-0,02;0,0;-0,01;0,0;0,0;0,0;-0,07;0,0;-0,08;-0,01;-0,03;0,0;0,0;0,0;-0,06;0,0;-0,04;0,0;-0,02;0,0;-0,01;0,0;-0,02;0,0;0,0;0,0;0,0;0,0;-0,16;-0,09;-0,06;0,0;-0,2;-0,13;-0,02;0,0
05.08.2026;18:15;18:30;0,79;0,16;0,0;0,0;-0,08;-0,05;-0,15;-0,02;0,0;0,0;-0,05;-0,02;-0,06;-0,03;-0,01;0,0;-0,01;0,0;-0,5;-0,47;-0,02;0,0;-0,01;0,0;0,0;0,0;-0,04;-0,01;-0,05;-0,02;-0,03;0,0;0,0;0,0;-0,07;-0,04;-0,02;0,0;-0,03;0,0;-0,01;0,0;-0,02;0,0;-0,02;0,0;-0,01;0,0;-0,17;-0,14;-0,07;-0,04;-0,2;-0,17;-0,01;0,0
05.08.2026;18:30;18:45;0,91;0,15;-0,01;0,0;-0,17;-0,13;-0,23;-0,1;0,0;0,0;-0,05;-0,01;-0,12;-0,08;-0,01;0,0;-0,02;0,0;-0,53;-0,49;-0,02;0,0;-0,01;0,0;0,0;0,0;-0,02;0,0;-0,05;-0,01;-0,04;0,0;-0,01;0,0;-0,07;-0,03;-0,05;-0,01;-0,02;0,0;-0,01;0,0;-0,01;0,0;-0,01;0,0;-0,02;0,0;-0,17;-0,13;-0,04;0,0;-0,21;-0,17;-0,02;0,0
05.08.2026;18:45;19:00;1,02;0,28;0,0;0,0;-0,34;-0,3;-0,11;0,0;0,0;0,0;-0,05;-0,01;-0,06;-0,02;-0,01;0,0;-0,02;0,0;-0,24;-0,2;-0,01;0,0;0,0;0,0;0,0;0,0;-0,04;0,0;-0,05;-0,01;-0,06;-0,02;-0,01;0,0;-0,06;-0,02;-0,03;0,0;-0,02;0,0;-0,37;-0,33;-0,01;0,0;-0,02;0,0;-0,01;0,0;-0,18;-0,14;-0,01;0,0;-0,13;-0,09;-0,32;-0,28
05.08.2026;19:00;19:15;0,68;0,21;0,0;0,0;-0,17;-0,15;-0,07;0,0;0,0;0,0;-0,04;-0,02;-0,06;-0,04;-0,01;0,0;-0,01;0,0;-0,23;-0,21;-0,01;0,0;-0,02;0,0;0,0;0,0;-0,03;-0,01;-0,02;0,0;-0,08;-0,06;-0,01;0,0;-0,02;0,0;-0,02;0,0;-0,02;0,0;-0,33;-0,31;-0,02;0,0;-0,01;0,0;-0,01;0,0;-0,18;-0,16;-0,04;-0,02;-0,07;-0,05;-0,28;-0,26
05.08.2026;19:15;19:30;0,6;0,11;0,0;0,0;-0,03;-0,01;-0,16;-0,08;0,0;0,0;-0,03;-0,01;-0,11;-0,09;-0,03;-0,01;-0,03;-0,01;-0,23;-0,21;-0,02;0,0;0,0;0,0;0,0;0,0;-0,02;0,0;-0,03;-0,01;-0,05;-0,03;-0,01;0,0;-0,03;-0,01;-0,04;-0,02;-0,02;0,0;-0,21;-0,19;-0,02;0,0;-0,01;0,0;-0,01;0,0;-0,17;-0,15;-0,03;-0,01;-0,08;-0,06;-0,25;-0,23
05.08.2026;19:30;19:45;0,26;0,19;-0,01;-0,01;-0,03;-0,03;-0,15;-0,08;0,0;0,0;-0,03;-0,03;-0,08;-0,08;-0,23;-0,23;-0,01;-0,01;-0,24;-0,24;-0,01;-0,01;-0,01;-0,01;0,0;0,0;-0,02;-0,02;-0,03;-0,03;-0,06;-0,06;-0,01;-0,01;-0,05;-0,05;-0,03;-0,03;-0,02;-0,02;-0,25;-0,25;-0,02;-0,02;-0,02;-0,02;-0,02;-0,02;-0,13;-0,13;-0,03;-0,03;-0,15;-0,15;-0,08;-0,08
05.08.2026;19:45;20:00;0,0;0,0;0,0;0,0;-0,03;-0,03;-0,09;-0,09;0,0;0,0;-0,03;-0,03;-0,06;-0,06;-0,2;-0,2;-0,01;-0,01;-0,24;-0,24;-0,01;-0,01;-0,02;-0,02;0,0;0,0;-0,03;-0,03;-0,04;-0,04;-0,06;-0,06;-0,01;-0,01;-0,2;-0,2;-0,04;-0,04;-0,02;-0,02;-0,15;-0,15;-0,01;-0,01;-0,01;-0,01;-0,01;-0,01;-0,15;-0,15;-0,02;-0,02;-0,18;-0,18;-0,05;-0,05
05.08.2026;20:00;20:15;0,0;0,0;0,0;0,0;-0,02;-0,02;-0,09;-0,09;0,0;0,0;-0,02;-0,02;-0,05;-0,05;-0,05;-0,05;-0,03;-0,03;-0,25;-0,25;0,0;0,0;0,0;0,0;0,0;0,0;-0,03;-0,03;-0,03;-0,03;-0,05;-0,05;-0,01;-0,01;-0,58;-0,58;-0,02;-0,02;-0,02;-0,02;-0,16;-0,16;-0,01;-0,01;-0,01;-0,01;-0,02;-0,02;-0,14;-0,14;-0,02;-0,02;-0,16;-0,16;-0,05;-0,05
05.08.2026;20:15;20:30;0,0;0,0;0,0;0,0;-0,01;-0,01;-0,13;-0,13;0,0;0,0;-0,01;-0,01;-0,06;-0,06;-0,06;-0,06;-0,01;-0,01;-0,24;-0,24;0,0;0,0;-0,01;-0,01;0,0;0,0;-0,02;-0,02;-0,07;-0,07;-0,05;-0,05;0,0;0,0;-0,31;-0,31;-0,04;-0,04;-0,03;-0,03;-0,1;-0,1;-0,02;-0,02;-0,01;-0,01;-0,11;-0,11;-0,11;-0,11;-0,27;-0,27;-0,17;-0,17;-0,04;-0,04
05.08.2026;20:30;20:45;0,01;0,01;0,0;0,0;-0,01;-0,01;-0,12;-0,12;0,0;0,0;-0,02;-0,02;-0,05;-0,05;-0,05;-0,05;-0,02;-0,02;-0,24;-0,24;-0,02;-0,02;-0,01;-0,01;0,0;0,0;-0,03;-0,03;-0,11;-0,11;-0,04;-0,04;0,0;0,0;-0,1;-0,1;-0,03;-0,03;-0,02;-0,02;-0,09;-0,09;-0,03;-0,03;-0,02;-0,02;-0,31;-0,31;-0,08;-0,08;-0,39;-0,39;-0,19;-0,19;-0,04;-0,04
05.08.2026;20:45;21:00;0,01;0,01;-0,01;-0,01;-0,13;-0,13;-0,11;-0,11;-0,01;-0,01;-0,02;-0,02;-0,06;-0,06;-0,04;-0,04;-0,02;-0,02;-0,26;-0,26;-0,01;-0,01;-0,01;-0,01;0,0;0,0;-0,03;-0,03;-0,03;-0,03;-0,04;-0,04;-0,01;-0,01;-0,1;-0,1;-0,03;-0,03;-0,02;-0,02;-0,1;-0,1;-0,02;-0,02;-0,01;-0,01;-0,42;-0,42;-0,09;-0,09;-0,52;-0,52;-0,18;-0,18;-0,06;-0,06
05.08.2026;21:00;21:15;0,0;0,0;0,0;0,0;-0,02;-0,02;-0,07;-0,07;0,0;0,0;-0,03;-0,03;-0,05;-0,05;-0,04;-0,04;-0,01;-0,01;-0,26;-0,26;-0,02;-0,02;0,0;0,0;0,0;0,0;-0,28;-0,28;-0,04;-0,04;-0,04;-0,04;-0,02;-0,02;-0,12;-0,12;-0,04;-0,04;-0,02;-0,02;-0,23;-0,23;-0,01;-0,01;-0,01;-0,01;-0,06;-0,06;-0,09;-0,09;-0,73;-0,73;-0,09;-0,09;-0,04;-0,04
05.08.2026;21:15;21:30;0,0;0,0;0,0;0,0;-0,1;-0,1;-0,11;-0,11;0,0;0,0;-0,03;-0,03;-0,07;-0,07;-0,05;-0,05;-0,02;-0,02;-0,28;-0,28;-0,01;-0,01;-0,02;-0,02;0,0;0,0;-0,06;-0,06;-0,06;-0,06;-0,18;-0,18;-0,01;-0,01;-0,09;-0,09;-0,03;-0,03;-0,02;-0,02;-0,06;-0,06;-0,01;-0,01;-0,02;-0,02;-0,17;-0,17;-0,07;-0,07;-0,62;-0,62;-0,27;-0,27;-0,05;-0,05
05.08.2026;21:30;21:45;0,0;0,0;0,0;0,0;-0,14;-0,14;-0,1;-0,1;0,0;0,0;-0,03;-0,03;-0,07;-0,07;-0,03;-0,03;-0,02;-0,02;-0,27;-0,27;-0,02;-0,02;0,0;0,0;0,0;0,0;-0,06;-0,06;-0,04;-0,04;-0,19;-0,19;-0,01;-0,01;-0,09;-0,09;-0,04;-0,04;-0,04;-0,04;-0,04;-0,04;-0,02;-0,02;-0,01;-0,01;-0,19;-0,19;-0,08;-0,08;-0,61;-0,61;-0,32;-0,32;-0,04;-0,04
05.08.2026;21:45;22:00;0,0;0,0;-0,01;-0,01;-0,09;-0,09;-0,08;-0,08;0,0;0,0;-0,01;-0,01;-0,06;-0,06;-0,04;-0,04;-0,01;-0,01;-0,26;-0,26;-0,01;-0,01;-0,01;-0,01;0,0;0,0;-0,05;-0,05;-0,03;-0,03;-0,18;-0,18;-0,01;-0,01;-0,08;-0,08;-0,03;-0,03;-0,03;-0,03;-0,05;-0,05;-0,02;-0,02;-0,01;-0,01;-0,05;-0,05;-0,07;-0,07;-0,48;-0,48;-0,22;-0,22;-0,04;-0,04
05.08.2026;22:00;22:15;0,0;0,0;0,0;0,0;-0,04;-0,04;-0,1;-0,1;0,0;0,0;-0,02;-0,02;-0,04;-0,04;-0,03;-0,03;-0,04;-0,04;-0,27;-0,27;-0,01;-0,01;-0,02;-0,02;-0,01;-0,01;-0,03;-0,03;-0,03;-0,03;-0,19;-0,19;0,0;0,0;-0,07;-0,07;-0,03;-0,03;-0,03;-0,03;-0,05;-0,05;-0,02;-0,02;-0,01;-0,01;-0,32;-0,32;-0,09;-0,09;-0,28;-0,28;-0,05;-0,05;-0,05;-0,05
05.08.2026;22:15;22:30;0,0;0,0;0,0;0,0;-0,03;-0,03;-0,08;-0,08;0,0;0,0;-0,03;-0,03;-0,03;-0,03;-0,03;-0,03;-0,05;-0,05;-0,27;-0,27;-0,02;-0,02;0,0;0,0;0,0;0,0;-0,03;-0,03;-0,05;-0,05;-0,19;-0,19;0,0;0,0;-0,29;-0,29;-0,01;-0,01;-0,04;-0,04;-0,04;-0,04;-0,01;-0,01;-0,02;-0,02;-0,17;-0,17;-0,06;-0,06;-0,25;-0,25;-0,02;-0,02;-0,03;-0,03
05.08.2026;22:30;22:45;0,0;0,0;0,0;0,0;-0,02;-0,02;-0,08;-0,08;0,0;0,0;-0,03;-0,03;-0,04;-0,04;-0,03;-0,03;-0,03;-0,03;-0,25;-0,25;0,0;0,0;-0,01;-0,01;0,0;0,0;-0,02;-0,02;-0,04;-0,04;-0,18;-0,18;-0,01;-0,01;-0,06;-0,06;-0,02;-0,02;-0,02;-0,02;-0,03;-0,03;-0,01;-0,01;-0,01;-0,01;-0,35;-0,35;-0,01;-0,01;-0,14;-0,14;-0,01;-0,01;-0,04;-0,04
05.08.2026;22:45;23:00;0,0;0,0;0,0;0,0;-0,03;-0,03;-0,08;-0,08;0,0;0,0;-0,03;-0,03;-0,04;-0,04;-0,03;-0,03;-0,05;-0,05;-0,24;-0,24;0,0;0,0;-0,01;-0,01;0,0;0,0;-0,01;-0,01;-0,15;-0,15;-0,13;-0,13;-0,01;-0,01;-0,06;-0,06;0,0;0,0;-0,02;-0,02;-0,05;-0,05;-0,02;-0,02;-0,01;-0,01;-0,06;-0,06;-0,02;-0,02;-0,4;-0,4;-0,01;-0,01;-0,03;-0,03
05.08.2026;23:00;23:15;0,0;0,0;-0,01;-0,01;-0,01;-0,01;-0,09;-0,09;0,0;0,0;-0,02;-0,02;-0,03;-0,03;-0,04;-0,04;-0,05;-0,05;-0,1;-0,1;-0,01;-0,01;-0,01;-0,01;0,0;0,0;0,0;0,0;-0,05;-0,05;-0,02;-0,02;-0,02;-0,02;-0,05;-0,05;-0,02;-0,02;-0,02;-0,02;-0,03;-0,03;-0,02;-0,02;-0,01;-0,01;-0,1;-0,1;-0,01;-0,01;-0,17;-0,17;-0,02;-0,02;-0,01;-0,01
05.08.2026;23:15;23:30;0,0;0,0;0,0;0,0;-0,02;-0,02;-0,09;-0,09;0,0;0,0;-0,02;-0,02;-0,04;-0,04;-0,04;-0,04;-0,05;-0,05;-0,03;-0,03;-0,02;-0,02;0,0;0,0;0,0;0,0;-0,02;-0,02;-0,04;-0,04;-0,02;-0,02;-0,01;-0,01;-0,06;-0,06;-0,01;-0,01;-0,03;-0,03;0,0;0,0;-0,02;-0,02;-0,01;-0,01;-0,23;-0,23;-0,02;-0,02;-0,25;-0,25;-0,01;-0,01;0,0;0,0
05.08.2026;23:30;23:45;0,0;0,0;0,0;0,0;0,0;0,0;-0,08;-0,08;0,0;0,0;-0,03;-0,03;-0,03;-0,03;-0,02;-0,02;-0,06;-0,06;-0,01;-0,01;-0,01;-0,01;-0,02;-0,02;0,0;0,0;-0,02;-0,02;-0,04;-0,04;-0,02;-0,02;-0,01;-0,01;-0,03;-0,03;-0,01;-0,01;-0,02;-0,02;-0,02;-0,02;-0,01;-0,01;-0,01;-0,01;-0,03;-0,03;-0,01;-0,01;-0,02;-0,02;-0,01;-0,01;-0,01;-0,01
05.08.2026;23:45;00:00;0,0;0,0;0,0;0,0;-0,01;-0,01;-0,07;-0,07;0,0;0,0;-0,04;-0,04;-0,04;-0,04;-0,04;-0,04;-0,06;-0,06;-0,02;-0,02;-0,02;-0,02;0,0;0,0;0,0;0,0;0,0;0,0;-0,03;-0,03;-0,02;-0,02;0,0;0,0;-0,03;-0,03;-0,01;-0,01;-0,02;-0,02;-0,01;-0,01;-0,01;-0,01;-0,01;-0,01;-0,01;-0,01;-0,01;-0,01;-0,01;-0,01;-0,01;-0,01;-0,01;-0,01
06.08.2026;00:00;00:15;0,0;0,0;-0,01;-0,01;-0,01;-0,01;-0,06;-0,06;0,0;0,0;-0,02;-0,02;-0,04;-0,04;-0,03;-0,03;-0,05;-0,05;-0,01;-0,01;-0,01;-0,01;-0,01;-0,01;0,0;0,0;-0,01;-0,01;-0,01;-0,01;-0,02;-0,02;0,0;0,0;-0,02;-0,02;-0,01;-0,01;-0,02;-0,02;-0,01;-0,01;-0,02;-0,02;-0,01;-0,01;-0,02;-0,02;-0,01;-0,01;-0,02;-0,02;-0,02;-0,02;-0,02;-0,02
06.08.2026;00:15;00:30;0,0;0,0;0,0;0,0;-0,02;-0,02;-0,16;-0,16;0,0;0,0;-0,01;-0,01;-0,03;-0,03;-0,04;-0,04;-0,06;-0,06;-0,03;-0,03;-0,01;-0,01;-0,01;-0,01;0,0;0,0;-0,02;-0,02;-0,01;-0,01;-0,03;-0,03;-0,01;-0,01;-0,02;-0,02;-0,02;-0,02;-0,02;-0,02;-0,01;-0,01;-0,03;-0,03;-0,01;-0,01;-0,01;-0,01;-0,02;-0,02;-0,02;-0,02;-0,01;-0,01;-0,02;-0,02
06.08.2026;00:30;00:45;0,0;0,0;0,0;0,0;-0,01;-0,01;-0,16;-0,16;0,0;0,0;-0,02;-0,02;-0,04;-0,04;-0,04;-0,04;-0,07;-0,07;-0,02;-0,02;-0,02;-0,02;-0,01;-0,01;0,0;0,0;-0,01;-0,01;-0,01;-0,01;-0,02;-0,02;-0,01;-0,01;-0,01;-0,01;0,0;0,0;-0,02;-0,02;-0,01;-0,01;-0,01;-0,01;-0,01;-0,01;-0,01;-0,01;-0,01;-0,01;0,0;0,0;-0,06;-0,06;-0,03;-0,03
06.08.2026;00:45;01:00;0,0;0,0;0,0;0,0;0,0;0,0;-0,09;-0,09;0,0;0,0;-0,01;-0,01;-0,04;-0,04;-0,03;-0,03;-0,07;-0,07;-0,03;-0,03;-0,01;-0,01;-0,01;-0,01;0,0;0,0;-0,01;-0,01;-0,01;-0,01;-0,01;-0,01;-0,01;-0,01;0,0;0,0;-0,02;-0,02;-0,02;-0,02;-0,01;-0,01;-0,01;-0,01;-0,01;-0,01;-0,01;-0,01;-0,02;-0,02;-0,01;-0,01;-0,02;-0,02;-0,02;-0,02
06.08.2026;01:00;01:15;0,0;0,0;0,0;0,0;-0,01;-0,01;-0,07;-0,07;0,0;0,0;-0,02;-0,02;-0,05;-0,05;-0,03;-0,03;-0,07;-0,07;-0,03;-0,03;-0,01;-0,01;-0,01;-0,01;0,0;0,0;-0,01;-0,01;-0,04;-0,04;-0,01;-0,01;-0,01;-0,01;-0,01;-0,01;-0,01;-0,01;-0,02;-0,02;-0,01;-0,01;-0,01;-0,01;-0,01;-0,01;-0,01;-0,01;-0,01;-0,01;-0,02;-0,02;-0,01;-0,01;-0,02;-0,02
06.08.2026;01:15;01:30;0,0;0,0;-0,01;-0,01;-0,02;-0,02;-0,06;-0,06;0,0;0,0;-0,02;-0,02;-0,03;-0,03;-0,03;-0,03;-0,08;-0,08;-0,01;-0,01;0,0;0,0;0,0;0,0;0,0;0,0;-0,02;-0,02;-0,09;-0,09;-0,01;-0,01;-0,01;-0,01;-0,02;-0,02;-0,01;-0,01;-0,03;-0,03;-0,01;-0,01;-0,03;-0,03;-0,01;-0,01;-0,01;-0,01;-0,02;-0,02;-0,01;-0,01;-0,01;-0,01;-0,02;-0,02
06.08.2026;01:30;01:45;0,0;0,0;0,0;0,0;-0,01;-0,01;-0,06;-0,06;0,0;0,0;-0,02;-0,02;-0,04;-0,04;-0,03;-0,03;-0,06;-0,06;-0,01;-0,01;0,0;0,0;-0,02;-0,02;0,0;0,0;-0,01;-0,01;-0,02;-0,02;-0,02;-0,02;0,0;0,0;-0,02;-0,02;-0,02;-0,02;-0,02;-0,02;-0,01;-0,01;-0,02;-0,02;-0,01;-0,01;-0,02;-0,02;-0,01;-0,01;-0,02;-0,02;-0,02;-0,02;-0,02;-0,02
06.08.2026;01:45;02:00;0,0;0,0;0,0;0,0;0,0;0,0;-0,06;-0,06;-0,01;-0,01;-0,03;-0,03;-0,04;-0,04;-0,04;-0,04;-0,07;-0,07;-0,02;-0,02;-0,02;-0,02;-0,01;-0,01;0,0;0,0;0,0;0,0;-0,01;-0,01;-0,01;-0,01;-0,01;-0,01;-0,02;-0,02;0,0;0,0;-0,02;-0,02;-0,01;-0,01;-0,01;-0,01;-0,01;-0,01;-0,01;-0,01;-0,02;-0,02;-0,02;-0,02;-0,01;-0,01;-0,02;-0,02
06.08.2026;02:00;02:15;0,0;0,0;0,0;0,0;-0,01;-0,01;-0,06;-0,06;0,0;0,0;-0,03;-0,03;-0,04;-0,04;-0,03;-0,03;-0,06;-0,06;-0,01;-0,01;-0,01;-0,01;0,0;0,0;0,0;0,0;-0,01;-0,01;-0,01;-0,01;-0,01;-0,01;0,0;0,0;-0,02;-0,02;-0,02;-0,02;-0,02;-0,02;-0,01;-0,01;-0,01;-0,01;-0,01;-0,01;0,0;0,0;-0,01;-0,01;-0,01;-0,01;-0,01;-0,01;-0,02;-0,02
06.08.2026;02:15;02:30;0,0;0,0;-0,01;-0,01;-0,02;-0,02;-0,06;-0,06;0,0;0,0;-0,03;-0,03;-0,04;-0,04;-0,03;-0,03;-0,06;-0,06;-0,03;-0,03;-0,02;-0,02;-0,01;-0,01;0,0;0,0;-0,02;-0,02;-0,02;-0,02;-0,02;-0,02;-0,01;-0,01;-0,02;-0,02;-0,01;-0,01;-0,02;-0,02;-0,02;-0,02;-0,01;-0,01;-0,01;-0,01;-0,02;-0,02;-0,01;-0,01;-0,01;-0,01;-0,02;-0,02;-0,02;-0,02
06.08.2026;02:30;02:45;0,0;0,0;0,0;0,0;-0,01;-0,01;-0,07;-0,07;0,0;0,0;-0,02;-0,02;-0,04;-0,04;-0,02;-0,02;-0,05;-0,05;-0,02;-0,02;-0,01;-0,01;-0,01;-0,01;0,0;0,0;-0,01;-0,01;-0,01;-0,01;-0,02;-0,02;-0,01;-0,01;-0,01;-0,01;-0,01;-0,01;-0,02;-0,02;0,0;0,0;-0,03;-0,03;-0,01;-0,01;-0,01;-0,01;-0,02;-0,02;-0,01;-0,01;-0,01;-0,01;-0,02;-0,02
06.08.2026;02:45;03:00;0,0;0,0;0,0;0,0;-0,01;-0,01;-0,06;-0,06;0,0;0,0;-0,02;-0,02;-0,04;-0,04;-0,02;-0,02;-0,05;-0,05;-0,03;-0,03;-0,02;-0,02;-0,01;-0,01;0,0;0,0;-0,01;-0,01;-0,01;-0,01;-0,01;-0,01;-0,02;-0,02;-0,01;-0,01;-0,01;-0,01;-0,02;-0,02;-0,01;-0,01;-0,02;-0,02;-0,01;-0,01;-0,01;-0,01;-0,01;-0,01;-0,02;-0,02;-0,01;-0,01;-0,02;-0,02
06.08.2026;03:00;03:15;0,0;0,0;0,0;0,0;0,0;0,0;-0,06;-0,06;0,0;0,0;-0,03;-0,03;-0,04;-0,04;-0,01;-0,01;-0,06;-0,06;-0,03;-0,03;-0,01;-0,01;-0,01;-0,01;-0,01;-0,01;-0,01;-0,01;-0,01;-0,01;-0,02;-0,02;-0,01;-0,01;0,0;0,0;-0,01;-0,01;-0,02;-0,02;-0,02;-0,02;-0,01;-0,01;-0,01;-0,01;-0,02;-0,02;-0,02;-0,02;-0,04;-0,04;-0,02;-0,02;-0,02;-0,02
06.08.2026;03:15;03:30;0,0;0,0;0,0;0,0;-0,02;-0,02;-0,06;-0,06;0,0;0,0;-0,03;-0,03;-0,03;-0,03;-0,01;-0,01;-0,11;-0,11;-0,02;-0,02;-0,02;-0,02;-0,01;-0,01;0,0;0,0;-0,02;-0,02;-0,01;-0,01;-0,01;-0,01;0,0;0,0;-0,02;-0,02;-0,02;-0,02;-0,03;-0,03;0,0;0,0;-0,01;-0,01;-0,01;-0,01;-0,04;-0,04;-0,01;-0,01;-0,02;-0,02;-0,01;-0,01;-0,02;-0,02
06.08.2026;03:30;03:45;0,0;0,0;-0,01;-0,01;-0,01;-0,01;-0,06;-0,06;0,0;0,0;-0,02;-0,02;-0,04;-0,04;-0,02;-0,02;-0,05;-0,05;-0,01;-0,01;-0,01;-0,01;0,0;0,0;0,0;0,0;-0,01;-0,01;-0,01;-0,01;-0,01;-0,01;-0,01;-0,01;-0,01;-0,01;-0,01;-0,01;-0,02;-0,02;-0,02;-0,02;-0,02;-0,02;-0,01;-0,01;-0,03;-0,03;-0,02;-0,02;-0,03;-0,03;-0,01;-0,01;-0,01;-0,01
06.08.2026;03:45;04:00;0,0;0,0;0,0;0,0;-0,01;-0,01;-0,06;-0,06;0,0;0,0;-0,02;-0,02;-0,04;-0,04;-0,01;-0,01;-0,06;-0,06;-0,01;-0,01;0,0;0,0;-0,02;-0,02;0,0;0,0;0,0;0,0;-0,01;-0,01;-0,01;-0,01;0,0;0,0;-0,02;-0,02;-0,02;-0,02;-0,02;-0,02;-0,01;-0,01;-0,02;-0,02;-0,02;-0,02;-0,02;-0,02;0,0;0,0;-0,03;-0,03;-0,01;-0,01;-0,01;-0,01
06.08.2026;04:00;04:15;0,0;0,0;0,0;0,0;0,0;0,0;-0,07;-0,07;0,0;0,0;-0,02;-0,02;-0,03;-0,03;-0,02;-0,02;-0,06;-0,06;-0,01;-0,01;0,0;0,0;0,0;0,0;0,0;0,0;-0,01;-0,01;-0,01;-0,01;-0,01;-0,01;-0,01;-0,01;-0,01;-0,01;0,0;0,0;-0,02;-0,02;0,0;0,0;-0,02;-0,02;0,0;0,0;-0,02;-0,02;-0,01;-0,01;-0,02;-0,02;-0,01;-0,01;-0,02;-0,02
06.08.2026;04:15;04:30;0,0;0,0;0,0;0,0;-0,02;-0,02;-0,06;-0,06;0,0;0,0;-0,03;-0,03;-0,04;-0,04;-0,02;-0,02;-0,05;-0,05;-0,02;-0,02;-0,01;-0,01;-0,01;-0,01;0,0;0,0;-0,02;-0,02;-0,01;-0,01;-0,01;-0,01;-0,01;-0,01;-0,01;-0,01;-0,01;-0,01;-0,02;-0,02;-0,01;-0,01;-0,01;-0,01;-0,02;-0,02;-0,02;-0,02;0,0;0,0;-0,03;-0,03;-0,02;-0,02;-0,01;-0,01
06.08.2026;04:30;04:45;0,0;0,0;-0,01;-0,01;-0,01;-0,01;-0,06;-0,06;0,0;0,0;-0,03;-0,03;-0,04;-0,04;-0,01;-0,01;-0,05;-0,05;-0,03;-0,03;-0,02;-0,02;-0,01;-0,01;0,0;0,0;-0,01;-0,01;-0,01;-0,01;-0,02;-0,02;-0,01;-0,01;-0,02;-0,02;-0,02;-0,02;-0,02;-0,02;-0,01;-0,01;-0,01;-0,01;-0,01;-0,01;-0,01;-0,01;-0,02;-0,02;0,0;0,0;-0,01;-0,01;-0,01;-0,01
06.08.2026;04:45;05:00;0,0;0,0;0,0;0,0;-0,01;-0,01;-0,06;-0,06;0,0;0,0;-0,02;-0,02;-0,03;-0,03;-0,02;-0,02;-0,04;-0,04;-0,02;-0,02;-0,01;-0,01;-0,01;-0,01;0,0;0,0;0,0;0,0;-0,03;-0,03;0,0;0,0;-0,01;-0,01;-0,01;-0,01;-0,01;-0,01;-0,02;-0,02;-0,01;-0,01;-0,02;-0,02;0,0;0,0;-0,01;-0,01;-0,01;-0,01;-0,01;-0,01;-0,01;-0,01;-0,01;-0,01
06.08.2026;05:00;05:15;0,0;0,0;0,0;0,0;-0,01;-0,01;-0,07;-0,07;0,0;0,0;-0,1;-0,1;-0,04;-0,04;-0,01;-0,01;-0,04;-0,04;-0,03;-0,03;-0,02;-0,02;0,0;0,0;0,0;0,0;-0,01;-0,01;-0,01;-0,01;-0,02;-0,02;-0,01;-0,01;0,0;0,0;-0,02;-0,02;-0,02;-0,02;-0,01;-0,01;-0,02;-0,02;-0,02;-0,02;-0,01;-0,01;-0,01;-0,01;-0,02;-0,02;-0,02;-0,02;0,0;0,0
06.08.2026;05:15;05:30;0,0;0,0;0,0;0,0;0,0;0,0;-0,08;-0,08;0,0;0,0;-0,03;-0,03;-0,04;-0,04;-0,02;-0,02;-0,05;-0,05;-0,01;-0,01;-0,01;-0,01;-0,02;-0,02;0,0;0,0;-0,05;-0,05;-0,14;-0,14;-0,01;-0,01;0,0;0,0;-0,01;-0,01;0,0;0,0;-0,03;-0,03;-0,01;-0,01;-0,03;-0,03;-0,01;-0,01;-0,01;-0,01;-0,02;-0,02;-0,01;-0,01;-0,04;-0,04;0,0;0,0
06.08.2026;05:30;05:45;0,0;0,0;-0,01;-0,01;-0,02;-0,02;-0,14;-0,14;0,0;0,0;-0,03;-0,03;-0,03;-0,03;-0,01;-0,01;-0,04;-0,04;-0,02;-0,02;-0,01;-0,01;0,0;0,0;0,0;0,0;-0,01;-0,01;-0,01;-0,01;-0,01;-0,01;-0,01;-0,01;-0,02;-0,02;-0,01;-0,01;-0,02;-0,02;-0,01;-0,01;-0,01;-0,01;-0,01;-0,01;-0,02;-0,02;-0,01;-0,01;-0,01;-0,01;-0,09;-0,09;0,0;0,0
06.08.2026;05:45;06:00;0,0;0,0;0,0;0,0;-0,01;-0,01;-0,2;-0,2;0,0;0,0;-0,02;-0,02;-0,04;-0,04;-0,01;-0,01;-0,03;-0,03;-0,01;-0,01;-0,02;-0,02;-0,01;-0,01;0,0;0,0;-0,01;-0,01;-0,02;-0,02;-0,02;-0,02;0,0;0,0;-0,02;-0,02;-0,02;-0,02;-0,02;-0,02;-0,01;-0,01;0,0;0,0;-0,01;-0,01;-0,03;-0,03;-0,02;-0,02;-0,02;-0,02;-0,15;-0,15;-0,01;-0,01
06.08.2026;06:00;06:15;0,03;0,03;0,0;0,0;-0,01;-0,01;-0,15;-0,15;0,0;0,0;-0,02;-0,02;-0,04;-0,04;-0,02;-0,02;-0,04;-0,04;-0,01;-0,01;-0,01;-0,01;-0,02;-0,02;0,0;0,0;-0,01;-0,01;-0,01;-0,01;-0,01;-0,01;-0,01;-0,01;-0,02;-0,02;0,0;0,0;-0,02;-0,02;-0,06;-0,06;-0,02;-0,02;-0,01;-0,01;-0,02;-0,02;-0,02;-0,02;-0,01;-0,01;-0,01;-0,01;-0,02;-0,02
06.08.2026;06:15;06:30;0,22;0,17;0,0;0,0;-0,05;-0,05;-0,17;-0,12;0,0;0,0;-0,02;-0,02;-0,03;-0,03;-0,01;-0,01;-0,02;-0,02;-0,02;-0,02;0,0;0,0;0,0;0,0;0,0;0,0;-0,02;-0,02;-0,01;-0,01;-0,01;-0,01;-0,02;-0,02;-0,01;-0,01;-0,03;-0,03;-0,02;-0,02;-0,03;-0,03;-0,03;-0,03;-0,01;-0,01;-0,02;-0,02;-0,01;-0,01;-0,03;-0,03;-0,01;-0,01;-0,01;-0,01
06.08.2026;06:30;06:45;0,37;0,11;0,0;0,0;-0,05;-0,04;-0,08;-0,04;0,0;0,0;-0,03;-0,02;-0,04;-0,03;-0,02;-0,01;-0,03;-0,02;-0,03;-0,02;-0,01;0,0;-0,01;0,0;0,0;0,0;-0,06;-0,05;-0,01;0,0;-0,01;0,0;-0,01;0,0;-0,01;0,0;-0,02;-0,01;-0,02;-0,01;-0,02;-0,01;-0,02;-0,01;-0,01;0,0;0,0;0,0;-0,02;-0,01;-0,02;-0,01;-0,01;0,0;-0,02;-0,01
06.08.2026;06:45;07:00;0,44;0,14;-0,01;0,0;-0,02;-0,01;-0,12;-0,05;-0,01;0,0;-0,03;-0,02;-0,12;-0,11;-0,02;-0,01;-0,04;-0,03;-0,02;-0,01;0,0;0,0;-0,01;0,0;0,0;0,0;-0,02;-0,01;-0,01;0,0;-0,01;0,0;-0,01;0,0;-0,14;-0,13;-0,03;-0,02;-0,02;-0,01;-0,01;0,0;-0,01;0,0;-0,01;0,0;-0,01;0,0;-0,02;-0,01;0,0;0,0;-0,02;-0,01;-0,01;0,0
06.08.2026;07:00;07:15;0,58;0,19;0,0;0,0;-0,01;0,0;-0,08;0,0;0,0;0,0;-0,03;-0,01;-0,04;-0,02;-0,01;0,0;-0,03;-0,01;-0,03;-0,01;-0,02;0,0;0,0;0,0;0,0;0,0;-0,01;0,0;-0,01;0,0;-0,01;0,0;0,0;0,0;-0,05;-0,03;-0,03;-0,01;-0,02;0,0;-0,01;0,0;-0,01;0,0;-0,01;0,0;-0,01;0,0;-0,02;0,0;-0,02;0,0;-0,01;0,0;-0,01;0,0
06.08.2026;07:15;07:30;0,52;0,22;0,0;0,0;-0,02;-0,01;-0,08;0,0;0,0;0,0;-0,01;0,0;-0,03;-0,02;-0,02;-0,01;-0,02;-0,01;-0,01;0,0;-0,01;0,0;-0,01;0,0;0,0;0,0;-0,01;0,0;-0,01;0,0;-0,02;-0,01;0,0;0,0;-0,06;-0,05;-0,09;-0,08;-0,02;-0,01;-0,01;0,0;-0,01;0,0;-0,01;0,0;-0,02;-0,01;-0,03;-0,02;-0,01;0,0;-0,01;0,0;-0,02;-0,01
06.08.2026;07:30;07:45;0,53;0,2;0,0;0,0;-0,22;-0,21;-0,19;-0,08;0,0;0,0;-0,02;-0,01;-0,06;-0,05;-0,01;0,0;-0,02;-0,01;-0,1;-0,09;-0,02;-0,01;-0,02;-0,01;0,0;0,0;-0,02;-0,01;-0,01;0,0;0,0;0,0;-0,01;0,0;-0,02;-0,01;-0,15;-0,14;-0,02;-0,01;-0,01;0,0;-0,03;-0,02;-0,02;-0,01;-0,01;0,0;-0,02;-0,01;-0,02;-0,01;-0,01;0,0;-0,01;0,0
06.08.2026;07:45;08:00;0,06;0,06;-0,01;-0,01;-0,02;-0,02;-0,11;-0,11;0,0;0,0;-0,04;-0,04;-0,05;-0,05;-0,02;-0,02;-0,02;-0,02;-0,01;-0,01;-0,01;-0,01;0,0;0,0;0,0;0,0;-0,01;-0,01;-0,01;-0,01;-0,01;-0,01;-0,01;-0,01;-0,02;-0,02;-0,02;-0,02;-0,03;-0,03;-0,01;-0,01;-0,02;-0,02;-0,01;-0,01;-0,01;-0,01;-0,02;-0,02;-0,01;-0,01;-0,01;-0,01;-0,01;-0,01
06.08.2026;08:00;08:15;0,0;0,0;0,0;0,0;-0,04;-0,04;-0,23;-0,23;0,0;0,0;-0,02;-0,02;-0,11;-0,11;-0,05;-0,05;-0,02;-0,02;-0,01;-0,01;-0,02;-0,02;-0,01;-0,01;-0,01;-0,01;0,0;0,0;-0,01;-0,01;-0,02;-0,02;-0,01;-0,01;-0,01;-0,01;-0,03;-0,03;-0,02;-0,02;-0,01;-0,01;-0,01;-0,01;-0,01;-0,01;-0,01;-0,01;-0,02;-0,02;-0,02;-0,02;-0,03;-0,03;-0,01;-0,01
06.08.2026;08:15;08:30;0,2;0,15;0,0;0,0;-0,03;-0,03;-0,11;-0,06;0,0;0,0;-0,03;-0,03;-0,07;-0,07;-0,06;-0,06;-0,03;-0,03;-0,08;-0,08;-0,01;-0,01;-0,01;-0,01;0,0;0,0;-0,01;-0,01;-0,02;-0,02;0,0;0,0;-0,01;-0,01;-0,01;-0,01;-0,03;-0,03;-0,02;-0,02;-0,01;-0,01;-0,01;-0,01;-0,05;-0,05;-0,02;-0,02;-0,02;-0,02;-0,01;-0,01;-0,01;-0,01;0,0;0,0
06.08.2026;08:30;08:45;0,46;0,2;0,0;0,0;-0,04;-0,03;-0,08;0,0;0,0;0,0;-0,02;-0,01;-0,03;-0,02;-0,07;-0,06;-0,01;0,0;-0,04;-0,03;-0,01;0,0;0,0;0,0;0,0;0,0;-0,02;-0,01;-0,04;-0,03;-0,02;-0,01;-0,01;0,0;0,0;0,0;-0,03;-0,02;-0,02;-0,01;-0,01;0,0;-0,02;-0,01;-0,04;-0,03;0,0;0,0;-0,02;-0,01;0,0;0,0;-0,01;0,0;0,0;0,0
06.08.2026;08:45;09:00;0,62;0,17;-0,01;0,0;0,0;0,0;-0,07;0,0;0,0;0,0;-0,02;0,0;-0,04;-0,02;-0,03;-0,01;-0,02;0,0;-0,03;-0,01;-0,01;0,0;-0,02;0,0;0,0;0,0;-0,01;0,0;-0,03;-0,01;-0,01;0,0;-0,01;0,0;-0,02;0,0;-0,03;-0,01;-0,03;-0,01;-0,01;0,0;-0,02;0,0;-0,04;-0,02;-0,01;0,0;-0,02;0,0;-0,02;0,0;-0,02;0,0;-0,01;0,0
06.08.2026;09:00;09:15;1,69;0,96;0,0;0,0;-0,01;0,0;-0,15;0,0;0,0;0,0;-0,02;0,0;-0,05;0,0;-0,05;0,0;-0,02;0,0;-0,06;0,0;0,0;0,0;-0,01;0,0;0,0;0,0;-0,01;0,0;-0,03;0,0;0,0;0,0;0,0;0,0;-0,01;0,0;-0,02;0,0;-0,05;0,0;-0,01;0,0;-0,02;0,0;-0,05;0,0;-0,02;0,0;-0,02;0,0;-0,01;0,0;-0,1;0,0;-0,01;0,0
06.08.2026;09:15;09:30;1,76;0,93;0,0;0,0;-0,02;0,0;-0,18;0,0;0,0;0,0;-0,02;0,0;-0,04;0,0;-0,03;0,0;-0,02;0,0;-0,05;0,0;0,0;0,0;0,0;0,0;0,0;0,0;0,0;0,0;-0,02;0,0;-0,02;0,0;-0,01;0,0;-0,02;0,0;-0,04;0,0;-0,05;0,0;-0,02;0,0;-0,01;0,0;-0,04;0,0;-0,01;0,0;-0,02;0,0;-0,01;0,0;-0,34;-0,16;-0,02;0,0
06.08.2026;09:30;09:45;1,44;0,73;0,0;0,0;-0,01;0,0;-0,2;0,0;0,0;0,0;0,0;0,0;-0,04;0,0;-0,04;0,0;-0,02;0,0;-0,06;0,0;-0,02;0,0;-0,01;0,0;0,0;0,0;-0,02;0,0;-0,02;0,0;-0,01;0,0;0,0;0,0;-0,01;0,0;-0,03;0,0;-0,07;0,0;0,0;0,0;-0,01;0,0;-0,05;0,0;-0,01;0,0;-0,02;0,0;-0,02;0,0;-0,03;0,0;-0,01;0,0
06.08.2026;09:45;10:00;1,31;0,68;-0,01;0,0;0,0;0,0;-0,11;0,0;0,0;0,0;-0,01;0,0;-0,04;0,0;-0,02;0,0;-0,02;0,0;-0,04;0,0;-0,02;0,0;-0,01;0,0;0,0;0,0;-0,01;0,0;-0,01;0,0;-0,02;0,0;-0,01;0,0;-0,01;0,0;-0,03;0,0;-0,05;0,0;-0,02;0,0;-0,02;0,0;-0,05;0,0;-0,01;0,0;-0,02;0,0;-0,01;0,0;-0,07;0,0;-0,01;0,0
06.08.2026;10:00;10:15;1,06;0,45;0,0;0,0;-0,01;0,0;-0,14;0,0;0,0;0,0;-0,01;0,0;-0,04;0,0;-0,44;-0,37;-0,02;0,0;-0,01;0,0;-0,01;0,0;-0,01;0,0;0,0;0,0;-0,01;0,0;-0,01;0,0;-0,01;0,0;-0,01;0,0;-0,02;0,0;-0,03;0,0;-0,04;0,0;-0,01;0,0;-0,02;0,0;-0,04;0,0;-0,01;0,0;-0,02;0,0;-0,02;0,0;-0,03;0,0;-0,01;0,0
06.08.2026;10:15;10:30;1,3;0,45;0,0;0,0;-0,02;0,0;-0,2;0,0;0,0;0,0;-0,03;0,0;-0,04;0,0;-0,34;-0,25;-0,02;0,0;-0,01;0,0;-0,02;0,0;-0,01;0,0;0,0;0,0;-0,01;0,0;-0,01;0,0;-0,01;0,0;-0,02;0,0;-0,03;0,0;-0,2;-0,11;-0,05;0,0;0,0;0,0;-0,02;0,0;-0,05;0,0;-0,01;0,0;-0,02;0,0;-0,01;0,0;-0,08;0,0;0,0;0,0
06.08.2026;10:30;10:45;1,59;0,53;0,0;0,0;-0,08;0,0;-0,11;0,0;0,0;0,0;-0,09;0,0;-0,04;0,0;-0,12;0,0;-0,02;0,0;0,0;0,0;-0,01;0,0;-0,01;0,0;0,0;0,0;-0,01;0,0;-0,01;0,0;-0,01;0,0;-0,01;0,0;-0,04;0,0;-0,2;-0,06;-0,14;0,0;-0,02;0,0;-0,01;0,0;-0,04;0,0;-0,01;0,0;0,0;0,0;0,0;0,0;-0,22;-0,08;0,0;0,0
06.08.2026;10:45;11:00;1,8;0,78;-0,01;0,0;-0,15;0,0;-0,11;0,0;0,0;0,0;-0,15;0,0;-0,04;0,0;-0,11;0,0;-0,02;0,0;-0,01;0,0;-0,01;0,0;0,0;0,0;0,0;0,0;-0,02;0,0;-0,01;0,0;-0,01;0,0;0,0;0,0;-0,03;0,0;-0,02;0,0;-0,04;0,0;-0,01;0,0;-0,01;0,0;-0,04;0,0;-0,02;0,0;0,0;0,0;-0,02;0,0;-0,43;-0,26;-0,01;0,0
06.08.2026;11:00;11:15;1,86;0,73;0,0;0,0;-0,02;0,0;-0,24;0,0;0,0;0,0;-0,32;-0,14;-0,03;0,0;-0,41;-0,23;-0,02;0,0;-0,02;0,0;-0,02;0,0;-0,02;0,0;0,0;0,0;0,0;0,0;-0,01;0,0;-0,01;0,0;-0,01;0,0;-0,01;0,0;-0,04;0,0;-0,03;0,0;-0,01;0,0;-0,02;0,0;-0,05;0,0;0,0;0,0;0,0;0,0;-0,01;0,0;-0,33;-0,15;-0,02;0,0
06.08.2026;11:15;11:30;1,85;0,63;0,0;0,0;-0,13;0,0;-0,23;0,0;0,0;0,0;-0,23;-0,07;-0,04;0,0;-0,28;-0,12;-0,02;0,0;-0,02;0,0;-0,01;0,0;0,0;0,0;0,0;0,0;-0,01;0,0;-0,01;0,0;-0,01;0,0;0,0;0,0;-0,02;0,0;-0,03;0,0;-0,04;0,0;-0,01;0,0;-0,03;0,0;-0,09;0,0;-0,01;0,0;-0,01;0,0;-0,01;0,0;-0,31;-0,15;-0,01;0,0
06.08.2026;11:30;11:45;1,45;0,47;0,0;0,0;-0,2;-0,09;-0,19;0,0;0,0;0,0;-0,21;-0,1;-0,04;0,0;-0,25;-0,14;-0,02;0,0;-0,03;0,0;0,0;0,0;-0,01;0,0;0,0;0,0;-0,02;0,0;-0,01;0,0;-0,01;0,0;-0,01;0,0;-0,02;0,0;-0,03;0,0;-0,04;0,0;-0,01;0,0;-0,01;0,0;-0,06;0,0;-0,02;0,0;-0,03;0,0;-0,02;0,0;-0,06;0,0;-0,01;0,0
06.08.2026;11:45;12:00;0,42;0,12;0,0;0,0;-0,06;-0,05;-0,14;-0,07;-0,01;0,0;-0,15;-0,14;-0,04;-0,03;-0,32;-0,31;-0,02;-0,01;-0,03;-0,02;0,0;0,0;-0,01;0,0;0,0;0,0;-0,01;0,0;-0,01;0,0;-0,01;0,0;-0,01;0,0;-0,01;0,0;-0,03;-0,02;-0,02;-0,01;-0,01;0,0;-0,01;0,0;-0,05;-0,04;-0,01;0,0;-0,02;-0,01;-0,01;0,0;-0,61;-0,6;-0,02;-0,01
06.08.2026;12:00;12:15;0,0;0,0;-0,01;-0,01;-0,01;-0,01;-0,14;-0,14;0,0;0,0;-0,18;-0,18;-0,04;-0,04;-0,08;-0,08;-0,02;-0,02;-0,02;-0,02;-0,01;-0,01;-0,01;-0,01;0,0;0,0;0,0;0,0;-0,03;-0,03;-0,01;-0,01;-0,01;-0,01;-0,02;-0,02;-0,02;-0,02;-0,03;-0,03;-0,01;-0,01;-0,01;-0,01;-0,04;-0,04;-0,01;-0,01;-0,02;-0,02;-0,02;-0,02;-0,67;-0,67;0,0;0,0
06.08.2026;12:15;12:30;1,9;0,88;0,0;0,0;-0,02;0,0;-0,25;0,0;0,0;0,0;-0,12;0,0;-0,03;0,0;-0,07;0,0;-0,01;0,0;-0,02;0,0;-0,02;0,0;0,0;0,0;0,0;0,0;-0,01;0,0;-0,05;0,0;-0,01;0,0;-0,01;0,0;-0,02;0,0;-0,05;0,0;-0,02;0,0;-0,01;0,0;-0,02;0,0;-0,05;0,0;-0,01;0,0;-0,02;0,0;0,0;0,0;-0,42;-0,23;-0,01;0,0
06.08.2026;12:30;12:45;1,78;0,69;0,0;0,0;-0,02;0,0;-0,26;0,0;0,0;0,0;-0,14;0,0;-0,04;0,0;-0,16;-0,01;-0,03;0,0;-0,02;0,0;-0,01;0,0;-0,02;0,0;0,0;0,0;-0,03;0,0;-0,05;0,0;-0,01;0,0;-0,01;0,0;-0,01;0,0;-0,02;0,0;-0,02;0,0;0,0;0,0;-0,03;0,0;-0,05;0,0;-0,01;0,0;-0,02;0,0;-0,01;0,0;-0,13;0,0;0,0;0,0
06.08.2026;12:45;13:00;1,51;0,57;0,0;0,0;-0,02;0,0;-0,17;0,0;0,0;0,0;-0,14;-0,01;-0,04;0,0;-0,43;-0,3;-0,02;0,0;-0,02;0,0;-0,02;0,0;0,0;0,0;0,0;0,0;-0,02;0,0;-0,17;-0,04;-0,02;0,0;0,0;0,0;-0,01;0,0;-0,04;0,0;-0,02;0,0;-0,01;0,0;-0,01;0,0;-0,04;0,0;-0,01;0,0;-0,02;0,0;-0,02;0,0;-0,03;0,0;-0,01;0,0
06.08.2026;13:00;13:15;1,72;0,8;-0,01;0,0;-0,01;0,0;-0,07;0,0;0,0;0,0;-0,18;-0,01;-0,04;0,0;-0,14;0,0;-0,01;0,0;-0,02;0,0;-0,01;0,0;-0,01;0,0;-0,01;0,0;-0,21;-0,04;-0,05;0,0;0,0;0,0;-0,01;0,0;0,0;0,0;-0,02;0,0;-0,02;0,0;-0,02;0,0;-0,01;0,0;-0,05;0,0;-0,02;0,0;-0,03;0,0;0,0;0,0;-0,01;0,0;-0,01;0,0
06.08.2026;13:15;13:30;1,65;0,69;0,0;0,0;0,0;0,0;-0,08;0,0;0,0;0,0;-0,14;0,0;-0,03;0,0;-0,15;0,0;-0,03;0,0;-0,04;0,0;-0,02;0,0;-0,01;0,0;0,0;0,0;-0,25;-0,1;-0,07;0,0;-0,02;0,0;0,0;0,0;-0,02;0,0;-0,04;0,0;-0,03;0,0;0,0;0,0;-0,01;0,0;-0,04;0,0;-0,01;0,0;-0,02;0,0;-0,02;0,0;-0,01;0,0;-0,02;0,0
06.08.2026;13:30;13:45;1,95;0,87;0,0;0,0;-0,01;0,0;-0,07;0,0;0,0;0,0;-0,03;0,0;-0,04;0,0;-0,42;-0,22;-0,02;0,0;-0,32;-0,12;-0,01;0,0;-0,01;0,0;0,0;0,0;-0,37;-0,17;-0,04;0,0;-0,01;0,0;-0,01;0,0;-0,01;0,0;-0,02;0,0;-0,02;0,0;-0,02;0,0;-0,03;0,0;-0,05;0,0;-0,01;0,0;-0,02;0,0;-0,02;0,0;-0,02;0,0;-0,01;0,0
06.08.2026;13:45;14:00;3,06;2,19;0,0;0,0;-0,12;0,0;-0,06;0,0;0,0;0,0;-0,03;0,0;-0,04;0,0;-0,11;0,0;-0,01;0,0;-0,16;0,0;-0,01;0,0;-0,01;0,0;0,0;0,0;-0,03;0,0;-0,05;0,0;-0,01;0,0;-0,02;0,0;-0,01;0,0;-0,04;0,0;-0,02;0,0;-0,01;0,0;-0,02;0,0;-0,05;0,0;-0,01;0,0;-0,02;0,0;-0,01;0,0;-0,01;0,0;-0,01;0,0
06.08.2026;14:00;14:15;2,73;1,88;0,0;0,0;-0,2;0,0;-0,09;0,0;0,0;0,0;-0,04;0,0;-0,03;0,0;-0,09;0,0;-0,03;0,0;-0,02;0,0;-0,01;0,0;-0,01;0,0;0,0;0,0;-0,06;0,0;-0,05;0,0;-0,02;0,0;-0,01;0,0;-0,02;0,0;-0,02;0,0;-0,02;0,0;0,0;0,0;-0,02;0,0;-0,04;0,0;-0,01;0,0;-0,02;0,0;-0,01;0,0;-0,01;0,0;-0,02;0,0
06.08.2026;14:15;14:30;2,4;1,54;-0,01;0,0;-0,02;0,0;-0,21;0,0;0,0;0,0;-0,03;0,0;-0,04;0,0;-0,12;0,0;-0,02;0,0;-0,03;0,0;0,0;0,0;0,0;0,0;0,0;0,0;-0,11;0,0;-0,05;0,0;-0,01;0,0;-0,01;0,0;-0,01;0,0;-0,04;0,0;-0,02;0,0;-0,02;0,0;-0,01;0,0;-0,05;0,0;-0,01;0,0;-0,02;0,0;-0,01;0,0;-0,01;0,0;0,0;0,0
06.08.2026;14:30;14:45;2,78;1,79;0,0;0,0;-0,01;0,0;-0,09;0,0;0,0;0,0;-0,03;0,0;-0,04;0,0;-0,15;0,0;-0,02;0,0;-0,41;-0,07;0,0;0,0;-0,01;0,0;0,0;0,0;-0,04;0,0;-0,05;0,0;-0,01;0,0;-0,01;0,0;-0,01;0,0;-0,03;0,0;-0,02;0,0;0,0;0,0;-0,01;0,0;-0,05;0,0;-0,02;0,0;-0,02;0,0;-0,01;0,0;-0,02;0,0;0,0;0,0
06.08.2026;14:45;15:00;1,45;0,5;0,0;0,0;0,0;0,0;-0,11;0,0;0,0;0,0;-0,02;0,0;-0,03;0,0;-0,13;0,0;-0,02;0,0;-0,16;-0,03;-0,02;0,0;-0,02;0,0;0,0;0,0;-0,03;0,0;-0,04;0,0;-0,01;0,0;0,0;0,0;0,0;0,0;-0,02;0,0;-0,13;0,0;-0,02;0,0;-0,02;0,0;-0,04;0,0;0,0;0,0;-0,02;0,0;-0,22;-0,09;-0,01;0,0;0,0;0,0
06.08.2026;15:00;15:15;1,04;0,26;0,0;0,0;-0,19;-0,14;-0,16;0,0;0,0;0,0;-0,04;0,0;-0,04;0,0;-0,05;0,0;-0,02;0,0;-0,01;0,0;-0,02;0,0;0,0;0,0;0,0;0,0;-0,02;0,0;-0,05;0,0;-0,01;0,0;0,0;0,0;-0,02;0,0;-0,04;0,0;-0,06;-0,01;-0,01;0,0;-0,03;0,0;-0,04;0,0;-0,02;0,0;-0,01;0,0;-0,28;-0,23;-0,02;0,0;-0,02;0,0
06.08.2026;15:15;15:30;1,05;0,37;-0,01;0,0;-0,56;-0,49;-0,12;0,0;0,0;0,0;-0,02;0,0;-0,04;0,0;-0,03;0,0;-0,01;0,0;-0,02;0,0;-0,01;0,0;-0,01;0,0;0,0;0,0;-0,04;0,0;-0,05;0,0;-0,01;0,0;-0,01;0,0;-0,01;0,0;-0,02;0,0;-0,02;0,0;0,0;0,0;-0,01;0,0;-0,05;0,0;-0,01;0,0;-0,01;0,0;-0,12;-0,05;-0,02;0,0;-0,01;0,0
06.08.2026;15:30;15:45;0,14;0,11;0,0;0,0;-0,39;-0,39;-0,13;-0,1;0,0;0,0;-0,02;-0,02;-0,03;-0,03;-0,03;-0,03;-0,03;-0,03;-0,02;-0,02;-0,01;-0,01;-0,01;-0,01;0,0;0,0;-0,04;-0,04;-0,03;-0,03;-0,01;-0,01;-0,01;-0,01;-0,01;-0,01;-0,04;-0,04;-0,02;-0,02;-0,02;-0,02;-0,01;-0,01;-0,04;-0,04;-0,01;-0,01;0,0;0,0;0,0;0,0;-0,01;-0,01;-0,02;-0,02
06.08.2026;15:45;16:00;0,0;0,0;0,0;0,0;-0,24;-0,24;-0,12;-0,12;0,0;0,0;-0,01;-0,01;-0,04;-0,04;-0,04;-0,04;-0,01;-0,01;-0,01;-0,01;-0,02;-0,02;0,0;0,0;0,0;0,0;-0,03;-0,03;-0,09;-0,09;-0,01;-0,01;-0,01;-0,01;-0,03;-0,03;-0,03;-0,03;-0,02;-0,02;-0,01;-0,01;-0,01;-0,01;-0,05;-0,05;-0,01;-0,01;-0,01;-0,01;-0,01;-0,01;-0,02;-0,02;-0,01;-0,01
06.08.2026;16:00;16:15;0,21;0,16;0,0;0,0;-0,06;-0,06;-0,11;-0,06;0,0;0,0;-0,02;-0,02;-0,04;-0,04;-0,03;-0,03;-0,02;-0,02;-0,02;-0,02;-0,01;-0,01;-0,01;-0,01;0,0;0,0;-0,04;-0,04;-0,04;-0,04;-0,01;-0,01;-0,01;-0,01;-0,02;-0,02;-0,03;-0,03;-0,02;-0,02;-0,01;-0,01;-0,03;-0,03;-0,04;-0,04;-0,02;-0,02;-0,02;-0,02;-0,01;-0,01;-0,01;-0,01;-0,02;-0,02
06.08.2026;16:15;16:30;1,15;0,6;0,0;0,0;-0,02;0,0;-0,07;0,0;0,0;0,0;-0,01;0,0;-0,03;0,0;-0,03;0,0;-0,02;0,0;-0,02;0,0;-0,02;0,0;-0,02;0,0;0,0;0,0;-0,04;0,0;-0,04;0,0;-0,02;0,0;-0,01;0,0;-0,01;0,0;-0,04;0,0;-0,02;0,0;-0,01;0,0;-0,02;0,0;-0,05;0,0;0,0;0,0;-0,01;0,0;-0,02;0,0;-0,01;0,0;-0,01;0,0
06.08.2026;16:30;16:45;1,73;1,18;-0,01;0,0;-0,02;0,0;-0,09;0,0;0,0;0,0;-0,02;0,0;-0,04;0,0;-0,04;0,0;-0,04;0,0;-0,01;0,0;0,0;0,0;0,0;0,0;0,0;0,0;-0,06;0,0;-0,04;0,0;0,0;0,0;-0,01;0,0;0,0;0,0;-0,03;0,0;-0,03;0,0;0,0;0,0;-0,01;0,0;-0,04;0,0;-0,02;0,0;-0,01;0,0;-0,01;0,0;-0,02;0,0;0,0;0,0
06.08.2026;16:45;17:00;1,61;0,79;0,0;0,0;-0,03;0,0;-0,25;0,0;-0,01;0,0;-0,01;0,0;-0,04;0,0;-0,07;0,0;-0,09;0,0;-0,02;0,0;0,0;0,0;-0,01;0,0;0,0;0,0;-0,02;0,0;-0,04;0,0;-0,02;0,0;0,0;0,0;-0,01;0,0;-0,04;0,0;-0,02;0,0;-0,02;0,0;-0,01;0,0;-0,04;0,0;-0,01;0,0;-0,02;0,0;-0,02;0,0;-0,01;0,0;-0,01;0,0
06.08.2026;17:00;17:15;2,65;1,61;0,0;0,0;-0,23;0,0;-0,09;0,0;0,0;0,0;-0,01;0,0;-0,04;0,0;-0,06;0,0;-0,01;0,0;-0,02;0,0;-0,01;0,0;-0,01;0,0;0,0;0,0;-0,03;0,0;-0,04;0,0;-0,31;0,0;0,0;0,0;-0,02;0,0;-0,03;0,0;-0,02;0,0;-0,02;0,0;-0,01;0,0;-0,05;0,0;0,0;0,0;-0,01;0,0;-0,01;0,0;-0,01;0,0;0,0;0,0
06.08.2026;17:15;17:30;1,59;0,72;0,0;0,0;-0,08;0,0;-0,11;0,0;0,0;0,0;-0,02;0,0;-0,05;0,0;-0,04;0,0;-0,02;0,0;-0,01;0,0;-0,01;0,0;-0,01;0,0;0,0;0,0;-0,04;0,0;-0,03;0,0;-0,06;0,0;-0,02;0,0;-0,01;0,0;-0,04;0,0;-0,02;0,0;0,0;0,0;-0,03;0,0;-0,08;0,0;-0,02;0,0;-0,2;-0,06;-0,01;0,0;-0,01;0,0;-0,01;0,0
06.08.2026;17:30;17:45;0,75;0,2;-0,01;0,0;-0,03;-0,01;-0,14;-0,01;0,0;0,0;-0,01;0,0;-0,03;-0,01;-0,03;-0,01;-0,02;0,0;-0,02;0,0;-0,02;0,0;-0,01;0,0;0,0;0,0;-0,04;-0,02;-0,02;0,0;-0,06;-0,04;-0,01;0,0;-0,02;0,0;-0,02;0,0;-0,02;0,0;-0,02;0,0;-0,02;0,0;-0,06;-0,04;-0,01;0,0;-0,21;-0,19;-0,01;0,0;-0,08;-0,06;-0,02;0,0
06.08.2026;17:45;18:00;1,1;0,38;0,0;0,0;-0,17;-0,1;-0,11;0,0;0,0;0,0;-0,02;0,0;-0,04;0,0;-0,03;0,0;-0,01;0,0;-0,01;0,0;-0,01;0,0;-0,01;0,0;0,0;0,0;-0,03;0,0;-0,01;0,0;-0,04;0,0;-0,18;-0,11;-0,01;0,0;-0,04;0,0;-0,02;0,0;-0,01;0,0;-0,01;0,0;-0,05;0,0;-0,01;0,0;-0,15;-0,08;-0,01;0,0;-0,02;0,0;-0,01;0,0
06.08.2026;18:00;18:15;1,45;0,46;0,0;0,0;-0,18;-0,07;-0,11;0,0;0,0;0,0;-0,01;0,0;-0,05;0,0;-0,11;0,0;-0,02;0,0;-0,01;0,0;-0,02;0,0;0,0;0,0;-0,01;0,0;-0,04;0,0;-0,01;0,0;-0,05;0,0;-0,22;-0,11;-0,01;0,0;-0,03;0,0;-0,02;0,0;-0,15;-0,04;-0,01;0,0;-0,06;0,0;-0,01;0,0;-0,03;0,0;-0,01;0,0;-0,03;0,0;-0,01;0,0
06.08.2026;18:15;18:30;1,13;0,3;0,0;0,0;-0,02;0,0;-0,09;0,0;0,0;0,0;-0,02;0,0;-0,04;0,0;-0,41;-0,34;-0,02;0,0;0,0;0,0;-0,01;0,0;-0,01;0,0;0,0;0,0;-0,04;0,0;-0,05;0,0;-0,04;0,0;-0,24;-0,17;-0,01;0,0;-0,04;0,0;-0,02;0,0;-0,43;-0,36;-0,02;0,0;-0,05;0,0;-0,02;0,0;-0,01;0,0;-0,02;0,0;-0,11;-0,04;-0,02;0,0
06.08.2026;18:30;18:45;0,89;0,27;0,0;0,0;-0,02;0,0;-0,08;0,0;0,0;0,0;-0,01;0,0;-0,03;0,0;-0,13;-0,09;-0,01;0,0;-0,01;0,0;-0,02;0,0;-0,01;0,0;0,0;0,0;-0,03;0,0;-0,04;0,0;-0,04;0,0;-0,18;-0,14;-0,01;0,0;-0,03;0,0;-0,02;0,0;-0,11;-0,07;-0,02;0,0;-0,06;-0,02;0,0;0,0;-0,02;0,0;-0,01;0,0;-0,23;-0,19;-0,01;0,0
06.08.2026;18:45;19:00;0,45;0,14;-0,01;0,0;-0,01;0,0;-0,12;-0,04;0,0;0,0;-0,02;-0,01;-0,04;-0,03;-0,03;-0,02;-0,02;-0,01;0,0;0,0;-0,01;0,0;-0,01;0,0;0,0;0,0;-0,03;-0,02;-0,07;-0,06;-0,03;-0,02;-0,15;-0,14;-0,01;0,0;-0,03;-0,02;-0,02;-0,01;-0,1;-0,09;-0,03;-0,02;-0,08;-0,07;-0,02;-0,01;-0,01;0,0;-0,02;-0,01;-0,12;-0,11;-0,03;-0,02
06.08.2026;19:00;19:15;0,25;0,18;0,0;0,0;-0,09;-0,09;-0,24;-0,17;0,0;0,0;-0,01;-0,01;-0,04;-0,04;-0,03;-0,03;-0,02;-0,02;-0,01;-0,01;-0,01;-0,01;-0,02;-0,02;0,0;0,0;-0,04;-0,04;-0,11;-0,11;-0,04;-0,04;-0,15;-0,15;-0,01;-0,01;-0,04;-0,04;-0,03;-0,03;-0,09;-0,09;0,0;0,0;-0,07;-0,07;-0,01;-0,01;-0,02;-0,02;-0,01;-0,01;-0,03;-0,03;-0,03;-0,03
06.08.2026;19:15;19:30;0,1;0,1;0,0;0,0;-0,11;-0,11;-0,14;-0,14;0,0;0,0;-0,02;-0,02;-0,04;-0,04;-0,04;-0,04;-0,01;-0,01;-0,02;-0,02;0,0;0,0;-0,06;-0,06;0,0;0,0;-0,02;-0,02;-0,04;-0,04;-0,03;-0,03;-0,16;-0,16;-0,04;-0,04;-0,03;-0,03;-0,02;-0,02;-0,1;-0,1;-0,01;-0,01;-0,05;-0,05;-0,01;-0,01;-0,02;-0,02;-0,01;-0,01;-0,04;-0,04;-0,04;-0,04
06.08.2026;19:30;19:45;0,01;0,01;0,0;0,0;-0,03;-0,03;-0,15;-0,15;0,0;0,0;-0,01;-0,01;-0,04;-0,04;-0,05;-0,05;-0,03;-0,03;-0,01;-0,01;-0,01;-0,01;-0,1;-0,1;0,0;0,0;-0,02;-0,02;-0,04;-0,04;-0,03;-0,03;-0,13;-0,13;-0,03;-0,03;-0,04;-0,04;-0,02;-0,02;-0,08;-0,08;-0,02;-0,02;-0,04;-0,04;-0,01;-0,01;-0,12;-0,12;-0,01;-0,01;-0,04;-0,04;-0,03;-0,03
06.08.2026;19:45;20:00;0,0;0,0;-0,01;-0,01;-0,01;-0,01;-0,13;-0,13;0,0;0,0;-0,01;-0,01;-0,04;-0,04;-0,04;-0,04;-0,01;-0,01;-0,02;-0,02;0,0;0,0;-0,11;-0,11;0,0;0,0;-0,04;-0,04;-0,04;-0,04;-0,04;-0,04;-0,02;-0,02;-0,02;-0,02;-0,02;-0,02;-0,02;-0,02;-0,1;-0,1;-0,03;-0,03;-0,05;-0,05;-0,01;-0,01;-0,06;-0,06;-0,13;-0,13;-0,04;-0,04;-0,05;-0,05
06.08.2026;20:00;20:15;0,0;0,0;0,0;0,0;-0,05;-0,05;-0,18;-0,18;0,0;0,0;-0,02;-0,02;-0,03;-0,03;-0,03;-0,03;-0,03;-0,03;-0,02;-0,02;-0,02;-0,02;-0,05;-0,05;0,0;0,0;-0,04;-0,04;-0,05;-0,05;-0,04;-0,04;-0,04;-0,04;-0,03;-0,03;-0,04;-0,04;-0,02;-0,02;-0,14;-0,14;-0,02;-0,02;-0,06;-0,06;-0,01;-0,01;-0,01;-0,01;-0,35;-0,35;-0,05;-0,05;-0,04;-0,04
06.08.2026;20:15;20:30;0,01;0,01;0,0;0,0;-0,03;-0,03;-0,13;-0,13;0,0;0,0;-0,01;-0,01;-0,04;-0,04;-0,04;-0,04;-0,04;-0,04;-0,06;-0,06;-0,02;-0,02;-0,03;-0,03;0,0;0,0;-0,44;-0,44;-0,1;-0,1;-0,03;-0,03;-0,03;-0,03;-0,06;-0,06;-0,03;-0,03;-0,02;-0,02;-0,11;-0,11;-0,01;-0,01;-0,04;-0,04;-0,02;-0,02;-0,02;-0,02;-0,45;-0,45;-0,07;-0,07;-0,04;-0,04
06.08.2026;20:30;20:45;0,01;0,01;0,0;0,0;-0,05;-0,05;-0,1;-0,1;0,0;0,0;-0,02;-0,02;-0,19;-0,19;-0,04;-0,04;-0,03;-0,03;-0,32;-0,32;-0,01;-0,01;-0,01;-0,01;0,0;0,0;-0,38;-0,38;-0,04;-0,04;-0,04;-0,04;-0,01;-0,01;-0,1;-0,1;-0,03;-0,03;-0,04;-0,04;-0,1;-0,1;-0,01;-0,01;-0,06;-0,06;-0,01;-0,01;-0,02;-0,02;-0,39;-0,39;-0,15;-0,15;-0,04;-0,04
06.08.2026;20:45;21:00;0,0;0,0;-0,01;-0,01;-0,04;-0,04;-0,09;-0,09;0,0;0,0;-0,01;-0,01;-0,23;-0,23;-0,04;-0,04;-0,03;-0,03;-0,46;-0,46;-0,02;-0,02;-0,03;-0,03;0,0;0,0;-0,04;-0,04;-0,15;-0,15;-0,04;-0,04;-0,01;-0,01;-0,19;-0,19;-0,04;-0,04;-0,03;-0,03;-0,09;-0,09;-0,02;-0,02;-0,04;-0,04;0,0;0,0;-0,02;-0,02;-0,25;-0,25;-0,24;-0,24;-0,02;-0,02
06.08.2026;21:00;21:15;0,0;0,0;0,0;0,0;-0,03;-0,03;-0,1;-0,1;0,0;0,0;-0,02;-0,02;-0,31;-0,31;-0,04;-0,04;-0,03;-0,03;-0,26;-0,26;-0,01;-0,01;-0,03;-0,03;0,0;0,0;-0,06;-0,06;-0,05;-0,05;-0,04;-0,04;-0,32;-0,32;-0,29;-0,29;-0,02;-0,02;-0,03;-0,03;-0,13;-0,13;-0,02;-0,02;-0,05;-0,05;-0,02;-0,02;-0,02;-0,02;-0,24;-0,24;-0,22;-0,22;-0,02;-0,02
06.08.2026;21:15;21:30;0,0;0,0;0,0;0,0;-0,03;-0,03;-0,07;-0,07;0,0;0,0;-0,01;-0,01;-0,08;-0,08;-0,03;-0,03;-0,03;-0,03;-0,26;-0,26;-0,01;-0,01;0,0;0,0;0,0;0,0;-0,06;-0,06;-0,05;-0,05;-0,04;-0,04;-0,46;-0,46;-0,45;-0,45;-0,05;-0,05;-0,02;-0,02;-0,11;-0,11;-0,02;-0,02;-0,05;-0,05;-0,01;-0,01;-0,03;-0,03;-0,23;-0,23;-0,04;-0,04;-0,02;-0,02
06.08.2026;21:30;21:45;0,0;0,0;0,0;0,0;-0,04;-0,04;-0,08;-0,08;0,0;0,0;-0,01;-0,01;-0,08;-0,08;-0,03;-0,03;-0,03;-0,03;-0,25;-0,25;-0,02;-0,02;-0,02;-0,02;0,0;0,0;-0,11;-0,11;-0,09;-0,09;-0,07;-0,07;-0,04;-0,04;-0,06;-0,06;-0,02;-0,02;-0,03;-0,03;-0,09;-0,09;-0,01;-0,01;-0,04;-0,04;-0,01;-0,01;-0,02;-0,02;-0,22;-0,22;-0,03;-0,03;-0,03;-0,03
06.08.2026;21:45;22:00;0,0;0,0;0,0;0,0;-0,03;-0,03;-0,1;-0,1;-0,01;-0,01;-0,02;-0,02;-0,08;-0,08;-0,03;-0,03;-0,03;-0,03;-0,25;-0,25;0,0;0,0;-0,02;-0,02;0,0;0,0;-0,07;-0,07;-0,06;-0,06;-0,2;-0,2;-0,04;-0,04;-0,04;-0,04;-0,05;-0,05;-0,02;-0,02;-0,12;-0,12;-0,01;-0,01;-0,02;-0,02;-0,01;-0,01;-0,02;-0,02;-0,23;-0,23;-0,04;-0,04;-0,04;-0,04
06.08.2026;22:00;22:15;0,0;0,0;-0,01;-0,01;-0,04;-0,04;-0,08;-0,08;0,0;0,0;-0,01;-0,01;-0,06;-0,06;-0,03;-0,03;-0,02;-0,02;-0,25;-0,25;-0,01;-0,01;-0,01;-0,01;0,0;0,0;-0,06;-0,06;-0,07;-0,07;-0,12;-0,12;-0,04;-0,04;-0,05;-0,05;-0,02;-0,02;-0,03;-0,03;-0,07;-0,07;-0,02;-0,02;-0,02;-0,02;-0,01;-0,01;0,0;0,0;-0,18;-0,18;-0,04;-0,04;-0,04;-0,04
06.08.2026;22:15;22:30;0,0;0,0;0,0;0,0;-0,1;-0,1;-0,09;-0,09;0,0;0,0;-0,02;-0,02;-0,04;-0,04;-0,03;-0,03;-0,03;-0,03;-0,25;-0,25;0,0;0,0;-0,01;-0,01;0,0;0,0;-0,05;-0,05;-0,08;-0,08;-0,02;-0,02;-0,04;-0,04;-0,06;-0,06;-0,01;-0,01;-0,02;-0,02;-0,03;-0,03;-0,02;-0,02;-0,01;-0,01;-0,01;-0,01;-0,01;-0,01;-0,02;-0,02;-0,03;-0,03;-0,04;-0,04
06.08.2026;22:30;22:45;0,0;0,0;0,0;0,0;-0,04;-0,04;-0,24;-0,24;0,0;0,0;-0,01;-0,01;-0,05;-0,05;-0,03;-0,03;-0,02;-0,02;-0,05;-0,05;-0,01;-0,01;-0,02;-0,02;0,0;0,0;-0,04;-0,04;-0,07;-0,07;-0,01;-0,01;-0,03;-0,03;-0,06;-0,06;-0,02;-0,02;-0,02;-0,02;-0,02;-0,02;-0,02;-0,02;-0,02;-0,02;-0,02;-0,02;-0,01;-0,01;-0,02;-0,02;-0,02;-0,02;-0,04;-0,04
06.08.2026;22:45;23:00;0,0;0,0;0,0;0,0;-0,03;-0,03;-0,19;-0,19;0,0;0,0;-0,01;-0,01;-0,04;-0,04;-0,03;-0,03;-0,02;-0,02;-0,02;-0,02;-0,02;-0,02;-0,01;-0,01;0,0;0,0;-0,05;-0,05;-0,06;-0,06;-0,02;-0,02;-0,04;-0,04;-0,06;-0,06;0,0;0,0;-0,03;-0,03;0,0;0,0;-0,01;-0,01;-0,01;-0,01;-0,01;-0,01;-0,02;-0,02;-0,1;-0,1;-0,01;-0,01;-0,04;-0,04
06.08.2026;23:00;23:15;0,0;0,0;-0,01;-0,01;-0,02;-0,02;-0,18;-0,18;0,0;0,0;-0,02;-0,02;-0,04;-0,04;-0,02;-0,02;-0,03;-0,03;-0,03;-0,03;-0,02;-0,02;-0,01;-0,01;-0,01;-0,01;-0,04;-0,04;-0,18;-0,18;-0,01;-0,01;-0,03;-0,03;-0,18;-0,18;-0,02;-0,02;-0,02;-0,02;-0,02;-0,02;-0,01;-0,01;-0,01;-0,01;-0,01;-0,01;-0,02;-0,02;-0,14;-0,14;-0,01;-0,01;-0,05;-0,05
06.08.2026;23:15;23:30;0,0;0,0;0,0;0,0;-0,01;-0,01;-0,25;-0,25;0,0;0,0;-0,01;-0,01;-0,04;-0,04;-0,03;-0,03;-0,03;-0,03;-0,03;-0,03;-0,01;-0,01;-0,01;-0,01;0,0;0,0;-0,01;-0,01;-0,07;-0,07;-0,01;-0,01;-0,03;-0,03;-0,06;-0,06;-0,01;-0,01;-0,02;-0,02;-0,01;-0,01;-0,02;-0,02;-0,01;-0,01;-0,01;-0,01;-0,01;-0,01;-0,02;-0,02;-0,02;-0,02;-0,04;-0,04
06.08.2026;23:30;23:45;0,0;0,0;0,0;0,0;-0,01;-0,01;-0,17;-0,17;0,0;0,0;-0,02;-0,02;-0,04;-0,04;-0,03;-0,03;-0,02;-0,02;-0,02;-0,02;-0,01;-0,01;-0,01;-0,01;0,0;0,0;-0,01;-0,01;-0,06;-0,06;-0,01;-0,01;-0,03;-0,03;-0,06;-0,06;-0,02;-0,02;-0,02;-0,02;0,0;0,0;-0,03;-0,03;-0,01;-0,01;-0,01;-0,01;-0,02;-0,02;-0,01;-0,01;-0,01;-0,01;-0,04;-0,04
06.08.2026;23:45;00:00;0,0;0,0;0,0;0,0;-0,01;-0,01;-0,06;-0,06;0,0;0,0;-0,01;-0,01;-0,04;-0,04;-0,03;-0,03;-0,03;-0,03;-0,01;-0,01;-0,02;-0,02;-0,01;-0,01;0,0;0,0;-0,02;-0,02;-0,05;-0,05;-0,02;-0,02;-0,03;-0,03;-0,05;-0,05;-0,01;-0,01;-0,02;-0,02;-0,02;-0,02;-0,01;-0,01;-0,01;-0,01;-0,01;-0,01;-0,02;-0,02;-0,02;-0,02;-0,01;-0,01;-0,02;-0,02
07.08.2026;00:00;00:15;0,0;0,0;0,0;0,0;0,0;0,0;-0,07;-0,07;0,0;0,0;-0,01;-0,01;-0,04;-0,04;-0,01;-0,01;-0,02;-0,02;-0,02;-0,02;-0,01;-0,01;-0,01;-0,01;0,0;0,0;-0,02;-0,02;-0,06;-0,06;0,0;0,0;-0,03;-0,03;-0,11;-0,11;0,0;0,0;-0,02;-0,02;-0,01;-0,01;-0,01;-0,01;-0,02;-0,02;-0,02;-0,02;-0,02;-0,02;-0,01;-0,01;-0,01;-0,01;-0,03;-0,03
07.08.2026;00:15;00:30;0,0;0,0;-0,01;-0,01;-0,02;-0,02;-0,06;-0,06;0,0;0,0;-0,02;-0,02;-0,04;-0,04;-0,02;-0,02;-0,03;-0,03;-0,01;-0,01;-0,01;-0,01;0,0;0,0;0,0;0,0;-0,01;-0,01;-0,13;-0,13;-0,02;-0,02;-0,02;-0,02;-0,11;-0,11;-0,02;-0,02;-0,03;-0,03;-0,01;-0,01;-0,01;-0,01;-0,01;-0,01;0,0;0,0;-0,01;-0,01;-0,02;-0,02;-0,01;-0,01;-0,02;-0,02
07.08.2026;00:30;00:45;0,0;0,0;0,0;0,0;-0,01;-0,01;-0,08;-0,08;0,0;0,0;-0,01;-0,01;-0,04;-0,04;-0,01;-0,01;-0,03;-0,03;-0,01;-0,01;0,0;0,0;-0,02;-0,02;0,0;0,0;0,0;0,0;-0,09;-0,09;-0,02;-0,02;-0,03;-0,03;-0,12;-0,12;-0,01;-0,01;-0,02;-0,02;-0,01;-0,01;-0,03;-0,03;-0,01;-0,01;-0,01;-0,01;-0,01;-0,01;-0,01;-0,01;-0,01;-0,01;-0,02;-0,02
07.08.2026;00:45;01:00;0,0;0,0;0,0;0,0;-0,01;-0,01;-0,06;-0,06;0,0;0,0;-0,02;-0,02;-0,04;-0,04;-0,02;-0,02;-0,02;-0,02;-0,02;-0,02;0,0;0,0;-0,01;-0,01;0,0;0,0;-0,02;-0,02;-0,01;-0,01;-0,01;-0,01;-0,03;-0,03;-0,13;-0,13;-0,02;-0,02;-0,02;-0,02;0,0;0,0;-0,02;-0,02;-0,01;-0,01;-0,02;-0,02;-0,02;-0,02;0,0;0,0;-0,01;-0,01;-0,02;-0,02
07.08.2026;01:00;01:15;0,0;0,0;0,0;0,0;0,0;0,0;-0,07;-0,07;0,0;0,0;-0,01;-0,01;-0,04;-0,04;-0,01;-0,01;-0,02;-0,02;-0,02;-0,02;-0,02;-0,02;-0,01;-0,01;0,0;0,0;-0,02;-0,02;-0,01;-0,01;-0,02;-0,02;-0,02;-0,02;-0,15;-0,15;0,0;0,0;-0,02;-0,02;-0,02;-0,02;-0,01;-0,01;-0,01;-0,01;-0,01;-0,01;-0,01;-0,01;-0,02;-0,02;-0,02;-0,02;-0,02;-0,02
07.08.2026;01:15;01:30;0,0;0,0;-0,01;-0,01;-0,01;-0,01;-0,06;-0,06;0,0;0,0;-0,01;-0,01;-0,05;-0,05;-0,02;-0,02;-0,02;-0,02;-0,01;-0,01;-0,01;-0,01;-0,01;-0,01;0,0;0,0;0,0;0,0;-0,01;-0,01;-0,02;-0,02;-0,03;-0,03;-0,14;-0,14;-0,02;-0,02;-0,02;-0,02;-0,01;-0,01;-0,01;-0,01;-0,02;-0,02;-0,01;-0,01;-0,02;-0,02;-0,01;-0,01;-0,01;-0,01;-0,02;-0,02
07.08.2026;01:30;01:45;0,0;0,0;0,0;0,0;-0,02;-0,02;-0,16;-0,16;0,0;0,0;-0,02;-0,02;-0,04;-0,04;-0,01;-0,01;-0,01;-0,01;-0,02;-0,02;-0,02;-0,02;0,0;0,0;0,0;0,0;-0,01;-0,01;-0,01;-0,01;-0,01;-0,01;-0,02;-0,02;-0,02;-0,02;-0,01;-0,01;-0,02;-0,02;-0,01;-0,01;-0,01;-0,01;0,0;0,0;-0,01;-0,01;-0,01;-0,01;-0,01;-0,01;-0,01;-0,01;-0,02;-0,02
07.08.2026;01:45;02:00;0,0;0,0;0,0;0,0;-0,01;-0,01;-0,06;-0,06;0,0;0,0;-0,01;-0,01;-0,04;-0,04;-0,04;-0,04;-0,02;-0,02;-0,02;-0,02;-0,01;-0,01;-0,02;-0,02;0,0;0,0;-0,02;-0,02;-0,01;-0,01;-0,01;-0,01;-0,03;-0,03;-0,02;-0,02;-0,01;-0,01;-0,02;-0,02;-0,01;-0,01;-0,03;-0,03;-0,02;-0,02;-0,01;-0,01;-0,02;-0,02;-0,01;-0,01;-0,01;-0,01;-0,02;-0,02
07.08.2026;02:00;02:15;0,0;0,0;0,0;0,0;-0,01;-0,01;-0,06;-0,06;0,0;0,0;-0,02;-0,02;-0,04;-0,04;-0,05;-0,05;-0,03;-0,03;-0,01;-0,01;-0,02;-0,02;0,0;0,0;0,0;0,0;-0,01;-0,01;-0,02;-0,02;-0,01;-0,01;-0,02;-0,02;-0,01;-0,01;-0,02;-0,02;-0,03;-0,03;-0,01;-0,01;-0,02;-0,02;-0,01;-0,01;-0,01;-0,01;-0,01;-0,01;-0,02;-0,02;-0,01;-0,01;-0,02;-0,02
07.08.2026;02:15;02:30;0,0;0,0;0,0;0,0;0,0;0,0;-0,06;-0,06;0,0;0,0;-0,01;-0,01;-0,04;-0,04;-0,02;-0,02;-0,01;-0,01;0,0;0,0;-0,01;-0,01;-0,01;-0,01;0,0;0,0;-0,01;-0,01;-0,01;-0,01;-0,01;-0,01;-0,03;-0,03;0,0;0,0;0,0;0,0;-0,02;-0,02;-0,01;-0,01;-0,01;-0,01;-0,01;-0,01;-0,02;-0,02;-0,02;-0,02;-0,01;-0,01;-0,01;-0,01;0,0;0,0
07.08.2026;02:30;02:45;0,0;0,0;-0,01;-0,01;-0,01;-0,01;-0,11;-0,11;0,0;0,0;-0,01;-0,01;-0,04;-0,04;-0,03;-0,03;-0,02;-0,02;-0,01;-0,01;-0,01;-0,01;-0,01;-0,01;0,0;0,0;0,0;0,0;-0,02;-0,02;-0,01;-0,01;-0,01;-0,01;-0,02;-0,02;-0,02;-0,02;-0,02;-0,02;-0,01;-0,01;-0,01;-0,01;-0,01;-0,01;0,0;0,0;-0,01;-0,01;-0,01;-0,01;-0,02;-0,02;0,0;0,0
07.08.2026;02:45;03:00;0,0;0,0;0,0;0,0;-0,02;-0,02;-0,12;-0,12;-0,01;-0,01;-0,02;-0,02;-0,04;-0,04;-0,02;-0,02;-0,02;-0,02;0,0;0,0;-0,02;-0,02;-0,01;-0,01;0,0;0,0;-0,02;-0,02;-0,01;-0,01;-0,01;-0,01;-0,01;-0,01;-0,01;-0,01;-0,01;-0,01;-0,02;-0,02;-0,01;-0,01;-0,02;-0,02;-0,01;-0,01;-0,02;-0,02;-0,01;-0,01;-0,01;-0,01;-0,02;-0,02;0,0;0,0
07.08.2026;03:00;03:15;0,0;0,0;0,0;0,0;-0,01;-0,01;-0,11;-0,11;0,0;0,0;-0,01;-0,01;-0,05;-0,05;-0,02;-0,02;-0,01;-0,01;-0,01;-0,01;0,0;0,0;-0,01;-0,01;0,0;0,0;-0,02;-0,02;-0,01;-0,01;-0,01;-0,01;-0,01;-0,01;-0,02;-0,02;-0,01;-0,01;-0,02;-0,02;-0,01;-0,01;-0,02;-0,02;-0,02;-0,02;-0,01;-0,01;-0,02;-0,02;-0,01;-0,01;-0,13;-0,13;0,0;0,0
07.08.2026;03:15;03:30;0,0;0,0;0,0;0,0;-0,01;-0,01;-0,08;-0,08;0,0;0,0;-0,02;-0,02;-0,04;-0,04;-0,02;-0,02;-0,02;-0,02;-0,02;-0,02;0,0;0,0;-0,01;-0,01;0,0;0,0;0,0;0,0;-0,01;-0,01;-0,01;-0,01;-0,02;-0,02;-0,01;-0,01;-0,01;-0,01;-0,02;-0,02;-0,01;-0,01;-0,02;-0,02;-0,01;-0,01;-0,01;-0,01;-0,01;-0,01;-0,01;-0,01;-0,18;-0,18;-0,02;-0,02
07.08.2026;03:30;03:45;0,0;0,0;-0,01;-0,01;0,0;0,0;-0,12;-0,12;0,0;0,0;-0,01;-0,01;-0,04;-0,04;-0,02;-0,02;-0,02;-0,02;-0,02;-0,02;-0,01;-0,01;0,0;0,0;0,0;0,0;-0,01;-0,01;-0,02;-0,02;-0,01;-0,01;-0,01;-0,01;-0,01;-0,01;-0,01;-0,01;-0,02;-0,02;-0,01;-0,01;-0,02;-0,02;-0,01;-0,01;-0,01;-0,01;-0,02;-0,02;-0,02;-0,02;-0,16;-0,16;-0,02;-0,02
07.08.2026;03:45;04:00;0,0;0,0;0,0;0,0;-0,01;-0,01;-0,06;-0,06;0,0;0,0;-0,01;-0,01;-0,04;-0,04;-0,01;-0,01;-0,01;-0,01;-0,02;-0,02;-0,01;-0,01;-0,02;-0,02;0,0;0,0;-0,01;-0,01;-0,03;-0,03;-0,01;-0,01;0,0;0,0;-0,01;-0,01;-0,02;-0,02;-0,02;-0,02;-0,01;-0,01;0,0;0,0;-0,01;-0,01;-0,01;-0,01;-0,01;-0,01;-0,01;-0,01;-0,02;-0,02;-0,02;-0,02
07.08.2026;04:00;04:15;0,0;0,0;0,0;0,0;-0,02;-0,02;-0,08;-0,08;0,0;0,0;-0,02;-0,02;-0,03;-0,03;-0,01;-0,01;-0,02;-0,02;-0,01;-0,01;-0,02;-0,02;-0,01;-0,01;-0,01;-0,01;-0,02;-0,02;-0,12;-0,12;-0,01;-0,01;-0,01;-0,01;-0,01;-0,01;0,0;0,0;-0,02;-0,02;-0,01;-0,01;-0,02;-0,02;-0,01;-0,01;-0,01;-0,01;-0,02;-0,02;-0,02;-0,02;-0,01;-0,01;-0,03;-0,03
07.08.2026;04:15;04:30;0,0;0,0;0,0;0,0;-0,01;-0,01;-0,07;-0,07;0,0;0,0;-0,01;-0,01;-0,04;-0,04;-0,02;-0,02;-0,01;-0,01;-0,01;-0,01;-0,02;-0,02;0,0;0,0;0,0;0,0;-0,01;-0,01;-0,03;-0,03;-0,01;-0,01;0,0;0,0;-0,02;-0,02;-0,02;-0,02;-0,02;-0,02;-0,01;-0,01;-0,02;-0,02;-0,01;-0,01;-0,02;-0,02;-0,01;-0,01;-0,01;-0,01;-0,01;-0,01;-0,02;-0,02
07.08.2026;04:30;04:45;0,0;0,0;0,0;0,0;0,0;0,0;-0,09;-0,09;0,0;0,0;-0,01;-0,01;-0,04;-0,04;-0,01;-0,01;-0,02;-0,02;-0,01;-0,01;-0,01;-0,01;-0,02;-0,02;0,0;0,0;-0,01;-0,01;-0,05;-0,05;-0,02;-0,02;0,0;0,0;-0,01;-0,01;-0,01;-0,01;-0,03;-0,03;-0,01;-0,01;-0,03;-0,03;-0,02;-0,02;-0,01;-0,01;0,0;0,0;-0,01;-0,01;-0,01;-0,01;-0,02;-0,02
07.08.2026;04:45;05:00;0,0;0,0;-0,01;-0,01;-0,01;-0,01;-0,08;-0,08;0,0;0,0;-0,02;-0,02;-0,04;-0,04;-0,02;-0,02;-0,02;-0,02;0,0;0,0;-0,01;-0,01;0,0;0,0;0,0;0,0;-0,01;-0,01;-0,01;-0,01;0,0;0,0;-0,02;-0,02;-0,01;-0,01;-0,01;-0,01;-0,02;-0,02;0,0;0,0;-0,01;-0,01;-0,01;-0,01;0,0;0,0;-0,01;-0,01;-0,01;-0,01;-0,01;-0,01;-0,02;-0,02
07.08.2026;05:00;05:15;0,0;0,0;0,0;0,0;-0,01;-0,01;-0,14;-0,14;0,0;0,0;-0,01;-0,01;-0,04;-0,04;-0,01;-0,01;-0,01;-0,01;-0,01;-0,01;-0,02;-0,02;-0,01;-0,01;0,0;0,0;-0,02;-0,02;-0,01;-0,01;-0,02;-0,02;-0,01;-0,01;-0,02;-0,02;-0,02;-0,02;-0,02;-0,02;-0,02;-0,02;-0,01;-0,01;-0,01;-0,01;-0,02;-0,02;0,0;0,0;-0,01;-0,01;-0,02;-0,02;-0,02;-0,02
07.08.2026;05:15;05:30;0,0;0,0;0,0;0,0;-0,02;-0,02;-0,18;-0,18;0,0;0,0;-0,02;-0,02;-0,04;-0,04;-0,01;-0,01;-0,02;-0,02;0,0;0,0;-0,01;-0,01;-0,01;-0,01;0,0;0,0;0,0;0,0;-0,01;-0,01;-0,01;-0,01;-0,01;-0,01;0,0;0,0;0,0;0,0;-0,02;-0,02;-0,01;-0,01;-0,01;-0,01;-0,01;-0,01;-0,01;-0,01;-0,01;-0,01;-0,01;-0,01;-0,03;-0,03;-0,02;-0,02
07.08.2026;05:30;05:45;0,0;0,0;0,0;0,0;-0,01;-0,01;-0,17;-0,17;0,0;0,0;-0,01;-0,01;-0,04;-0,04;-0,01;-0,01;-0,02;-0,02;-0,02;-0,02;0,0;0,0;-0,01;-0,01;0,0;0,0;-0,01;-0,01;-0,01;-0,01;-0,01;-0,01;-0,04;-0,04;-0,01;-0,01;-0,02;-0,02;-0,02;-0,02;0,0;0,0;-0,02;-0,02;-0,01;-0,01;-0,01;-0,01;-0,02;-0,02;-0,01;-0,01;-0,09;-0,09;-0,02;-0,02
07.08.2026;05:45;06:00;0,0;0,0;-0,01;-0,01;0,0;0,0;-0,2;-0,2;0,0;0,0;-0,01;-0,01;-0,03;-0,03;-0,01;-0,01;-0,01;-0,01;-0,02;-0,02;0,0;0,0;-0,01;-0,01;0,0;0,0;-0,01;-0,01;-0,01;-0,01;-0,02;-0,02;-0,31;-0,31;-0,01;-0,01;-0,01;-0,01;-0,02;-0,02;-0,01;-0,01;-0,03;-0,03;-0,01;-0,01;-0,01;-0,01;-0,09;-0,09;-0,02;-0,02;-0,02;-0,02;-0,02;-0,02
07.08.2026;06:00;06:15;0,01;0,01;0,0;0,0;-0,01;-0,01;-0,17;-0,17;0,0;0,0;-0,02;-0,02;-0,04;-0,04;-0,04;-0,04;-0,03;-0,03;-0,14;-0,14;-0,01;-0,01;-0,01;-0,01;0,0;0,0;-0,02;-0,02;-0,01;-0,01;-0,01;-0,01;-0,28;-0,28;-0,02;-0,02;0,0;0,0;-0,02;-0,02;-0,05;-0,05;-0,01;-0,01;-0,02;-0,02;-0,01;-0,01;-0,3;-0,3;-0,01;-0,01;-0,02;-0,02;-0,01;-0,01
07.08.2026;06:15;06:30;0,05;0,05;0,0;0,0;-0,02;-0,02;-0,25;-0,25;0,0;0,0;-0,01;-0,01;-0,04;-0,04;-0,03;-0,03;-0,01;-0,01;-0,04;-0,04;-0,02;-0,02;0,0;0,0;0,0;0,0;-0,04;-0,04;-0,01;-0,01;-0,01;-0,01;-0,19;-0,19;-0,01;-0,01;-0,02;-0,02;-0,02;-0,02;-0,01;-0,01;-0,01;-0,01;0,0;0,0;-0,01;-0,01;-0,04;-0,04;-0,01;-0,01;-0,01;-0,01;-0,02;-0,02
07.08.2026;06:30;06:45;0,14;0,11;0,0;0,0;-0,19;-0,19;-0,17;-0,14;0,0;0,0;-0,01;-0,01;-0,04;-0,04;-0,02;-0,02;-0,02;-0,02;-0,02;-0,02;-0,02;-0,02;-0,02;-0,02;0,0;0,0;0,0;0,0;-0,01;-0,01;-0,01;-0,01;-0,19;-0,19;-0,02;-0,02;-0,01;-0,01;-0,02;-0,02;-0,02;-0,02;-0,01;-0,01;-0,02;-0,02;-0,02;-0,02;-0,03;-0,03;-0,01;-0,01;-0,01;-0,01;-0,01;-0,01
07.08.2026;06:45;07:00;0,23;0,17;-0,01;-0,01;-0,21;-0,21;-0,11;-0,05;0,0;0,0;-0,02;-0,02;-0,12;-0,12;-0,02;-0,02;-0,02;-0,02;-0,02;-0,02;-0,01;-0,01;0,0;0,0;0,0;0,0;-0,03;-0,03;-0,02;-0,02;-0,01;-0,01;-0,02;-0,02;-0,03;-0,03;-0,02;-0,02;-0,02;-0,02;-0,03;-0,03;-0,03;-0,03;-0,01;-0,01;-0,01;-0,01;-0,06;-0,06;-0,01;-0,01;-0,02;-0,02;-0,01;-0,01
07.08.2026;07:00;07:15;0,3;0,08;0,0;0,0;-0,16;-0,15;-0,25;-0,23;0,0;0,0;-0,01;0,0;-0,06;-0,05;-0,03;-0,02;-0,01;0,0;-0,02;-0,01;-0,01;0,0;-0,01;0,0;0,0;0,0;-0,01;0,0;-0,01;0,0;-0,01;0,0;-0,02;-0,01;-0,1;-0,09;0,0;0,0;-0,14;-0,13;-0,01;0,0;-0,02;-0,01;-0,01;0,0;0,0;0,0;-0,06;-0,05;-0,02;-0,01;0,0;0,0;-0,02;-0,01
07.08.2026;07:15;07:30;0,49;0,18;0,0;0,0;-0,02;-0,01;-0,19;-0,1;0,0;0,0;-0,01;0,0;-0,04;-0,03;-0,02;-0,01;-0,02;-0,01;-0,01;0,0;-0,02;-0,01;-0,01;0,0;0,0;0,0;-0,01;0,0;-0,01;0,0;-0,01;0,0;-0,01;0,0;-0,11;-0,1;-0,01;0,0;-0,03;-0,02;-0,01;0,0;-0,01;0,0;-0,01;0,0;-0,02;-0,01;-0,02;-0,01;0,0;0,0;-0,02;-0,01;-0,01;0,0
07.08.2026;07:30;07:45;0,62;0,19;0,0;0,0;-0,3;-0,28;-0,08;0,0;0,0;0,0;-0,02;0,0;-0,1;-0,08;-0,04;-0,02;-0,02;0,0;-0,02;0,0;-0,01;0,0;-0,01;0,0;0,0;0,0;-0,01;0,0;-0,01;0,0;-0,01;0,0;-0,02;0,0;-0,03;-0,01;-0,02;0,0;-0,02;0,0;-0,01;0,0;-0,01;0,0;-0,04;-0,02;-0,01;0,0;-0,13;-0,11;-0,01;0,0;-0,01;0,0;-0,01;0,0
07.08.2026;07:45;08:00;0,28;0,2;0,0;0,0;-0,04;-0,04;-0,17;-0,09;-0,01;-0,01;-0,01;-0,01;-0,09;-0,09;-0,02;-0,02;-0,01;-0,01;0,0;0,0;-0,01;-0,01;-0,03;-0,03;0,0;0,0;-0,05;-0,05;-0,01;-0,01;-0,01;-0,01;-0,01;-0,01;-0,02;-0,02;-0,01;-0,01;-0,02;-0,02;-0,01;-0,01;-0,01;-0,01;-0,05;-0,05;-0,01;-0,01;-0,12;-0,12;-0,02;-0,02;-0,01;-0,01;0,0;0,0
07.08.2026;08:00;08:15;0,0;0,0;-0,01;-0,01;-0,01;-0,01;-0,17;-0,17;0,0;0,0;-0,01;-0,01;-0,05;-0,05;-0,02;-0,02;-0,02;-0,02;0,0;0,0;0,0;0,0;-0,12;-0,12;0,0;0,0;-0,03;-0,03;-0,02;-0,02;-0,01;-0,01;-0,05;-0,05;-0,01;-0,01;-0,02;-0,02;-0,02;-0,02;-0,01;-0,01;-0,03;-0,03;-0,04;-0,04;-0,01;-0,01;-0,02;-0,02;-0,02;-0,02;-0,02;-0,02;0,0;0,0
07.08.2026;08:15;08:30;0,27;0,19;0,0;0,0;-0,02;-0,02;-0,14;-0,06;0,0;0,0;-0,02;-0,02;-0,05;-0,05;-0,02;-0,02;-0,01;-0,01;-0,01;-0,01;-0,01;-0,01;-0,03;-0,03;0,0;0,0;-0,02;-0,02;-0,01;-0,01;-0,01;-0,01;-0,06;-0,06;-0,01;-0,01;0,0;0,0;-0,02;-0,02;-0,01;-0,01;-0,02;-0,02;-0,04;-0,04;-0,01;-0,01;-0,02;-0,02;-0,02;-0,02;-0,01;-0,01;-0,01;-0,01
07.08.2026;08:30;08:45;1,68;0,95;0,0;0,0;0,0;0,0;-0,14;0,0;0,0;0,0;-0,01;0,0;-0,04;0,0;-0,07;0,0;-0,02;0,0;-0,01;0,0;-0,01;0,0;-0,02;0,0;0,0;0,0;-0,02;0,0;-0,12;0,0;-0,01;0,0;-0,01;0,0;-0,01;0,0;-0,01;0,0;-0,09;0,0;-0,01;0,0;-0,01;0,0;-0,05;0,0;-0,02;0,0;-0,02;0,0;-0,01;0,0;-0,01;0,0;-0,01;0,0
07.08.2026;08:45;09:00;1,94;1,26;0,0;0,0;-0,01;0,0;-0,1;0,0;0,0;0,0;-0,01;0,0;-0,03;0,0;-0,21;0,0;-0,02;0,0;-0,01;0,0;-0,01;0,0;-0,02;0,0;0,0;0,0;-0,03;0,0;-0,01;0,0;-0,02;0,0;-0,02;0,0;-0,01;0,0;-0,03;0,0;-0,02;0,0;-0,01;0,0;-0,01;0,0;-0,04;0,0;0,0;0,0;-0,02;0,0;-0,01;0,0;-0,01;0,0;-0,02;0,0
07.08.2026;09:00;09:15;2,15;1,49;-0,01;0,0;-0,01;0,0;-0,1;0,0;0,0;0,0;-0,01;0,0;-0,04;0,0;-0,15;0,0;-0,01;0,0;-0,02;0,0;-0,02;0,0;-0,02;0,0;-0,01;0,0;-0,01;0,0;-0,01;0,0;0,0;0,0;-0,01;0,0;-0,02;0,0;-0,03;0,0;-0,03;0,0;-0,01;0,0;-0,01;0,0;-0,04;0,0;-0,02;0,0;-0,01;0,0;-0,03;0,0;-0,01;0,0;-0,02;0,0
07.08.2026;09:15;09:30;2,34;1,33;0,0;0,0;-0,02;0,0;-0,14;0,0;0,0;0,0;0,0;0,0;-0,05;0,0;-0,19;0,0;-0,03;0,0;-0,02;0,0;-0,01;0,0;-0,02;0,0;0,0;0,0;-0,01;0,0;-0,01;0,0;-0,02;0,0;-0,02;0,0;-0,01;0,0;-0,03;0,0;-0,02;0,0;-0,01;0,0;-0,03;0,0;-0,04;0,0;-0,01;0,0;-0,02;0,0;-0,03;0,0;-0,01;0,0;-0,37;-0,11
07.08.2026;09:30;09:45;2,59;1,58;0,0;0,0;-0,01;0,0;-0,08;0,0;0,0;0,0;0,0;0,0;-0,05;0,0;-0,21;0,0;-0,03;0,0;-0,02;0,0;-0,02;0,0;-0,02;0,0;0,0;0,0;-0,02;0,0;-0,02;0,0;-0,01;0,0;-0,01;0,0;0,0;0,0;-0,03;0,0;-0,02;0,0;-0,01;0,0;-0,02;0,0;-0,05;0,0;-0,01;0,0;-0,01;0,0;-0,03;0,0;-0,02;0,0;-0,43;-0,12
07.08.2026;09:45;10:00;2,82;2,16;0,0;0,0;0,0;0,0;-0,15;0,0;0,0;0,0;-0,01;0,0;-0,04;0,0;-0,06;0,0;-0,04;0,0;-0,01;0,0;-0,01;0,0;-0,03;0,0;0,0;0,0;-0,03;0,0;-0,01;0,0;-0,01;0,0;-0,02;0,0;-0,01;0,0;-0,02;0,0;-0,05;0,0;-0,01;0,0;-0,01;0,0;-0,04;0,0;-0,01;0,0;-0,02;0,0;-0,02;0,0;0,0;0,0;-0,05;0,0
07.08.2026;10:00;10:15;3,03;2,42;0,0;0,0;-0,01;0,0;-0,09;0,0;0,0;0,0;0,0;0,0;-0,05;0,0;-0,04;0,0;-0,07;0,0;0,0;0,0;-0,01;0,0;-0,02;0,0;0,0;0,0;-0,03;0,0;-0,01;0,0;-0,01;0,0;-0,01;0,0;-0,01;0,0;-0,04;0,0;-0,02;0,0;-0,01;0,0;-0,01;0,0;-0,05;0,0;-0,01;0,0;-0,02;0,0;-0,01;0,0;-0,02;0,0;-0,06;0,0
07.08.2026;10:15;10:30;3,21;2,62;-0,01;0,0;-0,01;0,0;-0,13;0,0;0,0;0,0;-0,02;0,0;-0,04;0,0;-0,02;0,0;-0,05;0,0;-0,01;0,0;-0,02;0,0;-0,01;0,0;0,0;0,0;-0,01;0,0;-0,01;0,0;-0,01;0,0;-0,01;0,0;-0,02;0,0;-0,02;0,0;-0,02;0,0;-0,01;0,0;-0,02;0,0;-0,04;0,0;-0,01;0,0;-0,01;0,0;-0,02;0,0;-0,01;0,0;-0,05;0,0
07.08.2026;10:30;10:45;3,41;2,81;0,0;0,0;-0,02;0,0;-0,1;0,0;0,0;0,0;-0,01;0,0;-0,05;0,0;-0,06;0,0;-0,03;0,0;0,0;0,0;0,0;0,0;-0,02;0,0;0,0;0,0;-0,02;0,0;-0,01;0,0;-0,01;0,0;0,0;0,0;-0,01;0,0;-0,04;0,0;-0,03;0,0;-0,01;0,0;-0,02;0,0;-0,05;0,0;-0,02;0,0;-0,02;0,0;-0,02;0,0;-0,01;0,0;-0,04;0,0
07.08.2026;10:45;11:00;3,54;2,83;0,0;0,0;-0,01;0,0;-0,14;0,0;0,0;0,0;-0,01;0,0;-0,04;0,0;-0,02;0,0;-0,03;0,0;-0,01;0,0;0,0;0,0;-0,03;0,0;0,0;0,0;-0,02;0,0;-0,01;0,0;-0,02;0,0;-0,01;0,0;-0,02;0,0;-0,14;0,0;-0,02;0,0;-0,01;0,0;-0,02;0,0;-0,05;0,0;0,0;0,0;-0,02;0,0;-0,03;0,0;-0,01;0,0;-0,04;0,0
07.08.2026;11:00;11:15;3,65;2,95;0,0;0,0;-0,01;0,0;-0,16;0,0;0,0;0,0;-0,02;0,0;-0,05;0,0;-0,03;0,0;-0,02;0,0;-0,02;0,0;-0,01;0,0;-0,03;0,0;0,0;0,0;0,0;0,0;-0,02;0,0;-0,01;0,0;0,0;0,0;-0,04;0,0;-0,07;0,0;-0,03;0,0;-0,01;0,0;-0,01;0,0;-0,05;0,0;-0,01;0,0;-0,01;0,0;-0,02;0,0;-0,03;0,0;-0,04;0,0
07.08.2026;11:15;11:30;3,79;2,48;-0,01;0,0;0,0;0,0;-0,25;0,0;0,0;0,0;-0,01;0,0;-0,04;0,0;-0,53;-0,05;-0,03;0,0;-0,02;0,0;-0,02;0,0;-0,02;0,0;0,0;0,0;-0,01;0,0;-0,02;0,0;-0,01;0,0;-0,01;0,0;-0,06;0,0;-0,02;0,0;-0,02;0,0;-0,01;0,0;-0,01;0,0;-0,05;0,0;-0,02;0,0;0,0;0,0;-0,02;0,0;-0,14;0,0;-0,03;0,0
07.08.2026;11:30;11:45;3,86;2,04;0,0;0,0;-0,24;0,0;-0,21;0,0;0,0;0,0;-0,01;0,0;-0,04;0,0;-0,57;-0,12;-0,02;0,0;-0,01;0,0;-0,01;0,0;-0,49;-0,04;0,0;0,0;-0,01;0,0;-0,08;0,0;-0,02;0,0;-0,01;0,0;-0,06;0,0;-0,03;0,0;-0,02;0,0;-0,01;0,0;-0,02;0,0;-0,05;0,0;-0,01;0,0;-0,01;0,0;-0,02;0,0;-0,01;0,0;-0,02;0,0
07.08.2026;11:45;12:00;2,68;1,61;0,0;0,0;-0,1;0,0;-0,06;0,0;0,0;0,0;-0,02;0,0;-0,04;0,0;-0,12;0,0;-0,02;0,0;-0,02;0,0;-0,02;0,0;-0,32;0,0;0,0;0,0;-0,02;0,0;-0,05;0,0;-0,01;0,0;-0,01;0,0;-0,09;0,0;-0,03;0,0;-0,02;0,0;0,0;0,0;-0,02;0,0;-0,05;0,0;-0,01;0,0;0,0;0,0;-0,02;0,0;-0,01;0,0;-0,01;0,0
07.08.2026;12:00;12:15;0,5;0,19;0,0;0,0;-0,03;-0,02;-0,11;-0,02;0,0;0,0;-0,01;0,0;-0,05;-0,04;-0,03;-0,02;-0,01;0,0;-0,01;0,0;-0,01;0,0;-0,05;-0,04;0,0;0,0;-0,02;-0,01;-0,01;0,0;-0,01;0,0;-0,01;0,0;-0,06;-0,05;-0,03;-0,02;-0,03;-0,02;-0,02;-0,01;-0,02;-0,01;-0,05;-0,04;-0,01;0,0;0,0;0,0;-0,03;-0,02;-0,05;-0,04;-0,02;-0,01
07.08.2026;12:15;12:30;2,1;1,23;0,0;0,0;-0,03;0,0;-0,14;0,0;0,0;0,0;-0,01;0,0;-0,04;0,0;-0,1;0,0;-0,01;0,0;0,0;0,0;-0,01;0,0;-0,02;0,0;0,0;0,0;-0,08;0,0;-0,01;0,0;-0,01;0,0;-0,02;0,0;-0,02;0,0;-0,04;0,0;-0,02;0,0;-0,01;0,0;-0,01;0,0;-0,05;0,0;-0,01;0,0;-0,02;0,0;-0,14;0,0;-0,06;0,0;-0,01;0,0
07.08.2026;12:30;12:45;4,23;3,16;-0,01;0,0;-0,03;0,0;-0,11;0,0;0,0;0,0;-0,02;0,0;-0,04;0,0;-0,3;0,0;-0,06;0,0;-0,01;0,0;-0,02;0,0;-0,02;0,0;0,0;0,0;-0,02;0,0;-0,02;0,0;-0,01;0,0;-0,01;0,0;-0,01;0,0;-0,02;0,0;-0,02;0,0;-0,01;0,0;-0,01;0,0;-0,05;0,0;-0,01;0,0;-0,02;0,0;-0,12;0,0;-0,09;0,0;-0,03;0,0
07.08.2026;12:45;13:00;4,3;3,64;0,0;0,0;-0,02;0,0;-0,1;0,0;-0,01;0,0;-0,01;0,0;-0,04;0,0;-0,14;0,0;-0,02;0,0;0,0;0,0;-0,01;0,0;-0,02;0,0;0,0;0,0;-0,02;0,0;-0,02;0,0;-0,01;0,0;0,0;0,0;0,0;0,0;-0,04;0,0;-0,02;0,0;-0,01;0,0;-0,02;0,0;-0,05;0,0;-0,02;0,0;-0,02;0,0;-0,03;0,0;-0,01;0,0;-0,02;0,0
07.08.2026;13:00;13:15;4,26;3,71;0,0;0,0;-0,01;0,0;-0,12;0,0;0,0;0,0;-0,02;0,0;-0,04;0,0;-0,05;0,0;-0,01;0,0;-0,02;0,0;-0,01;0,0;-0,02;0,0;0,0;0,0;-0,01;0,0;-0,02;0,0;-0,01;0,0;0,0;0,0;-0,02;0,0;-0,01;0,0;-0,02;0,0;0,0;0,0;-0,03;0,0;-0,07;0,0;0,0;0,0;-0,02;0,0;-0,01;0,0;-0,01;0,0;-0,02;0,0
07.08.2026;13:15;13:30;4,18;3,56;0,0;0,0;-0,01;0,0;-0,1;0,0;0,0;0,0;-0,01;0,0;-0,05;0,0;-0,04;0,0;-0,01;0,0;-0,01;0,0;0,0;0,0;-0,03;0,0;0,0;0,0;-0,05;0,0;-0,04;0,0;-0,01;0,0;-0,01;0,0;-0,01;0,0;-0,03;0,0;-0,03;0,0;-0,02;0,0;-0,02;0,0;-0,07;0,0;-0,02;0,0;-0,02;0,0;-0,01;0,0;-0,01;0,0;-0,01;0,0
07.08.2026;13:30;13:45;4,17;3,34;-0,01;0,0;-0,01;0,0;-0,09;0,0;0,0;0,0;-0,01;0,0;-0,04;0,0;-0,27;0,0;-0,02;0,0;-0,02;0,0;0,0;0,0;-0,02;0,0;0,0;0,0;-0,04;0,0;-0,07;0,0;-0,01;0,0;-0,01;0,0;-0,02;0,0;-0,02;0,0;-0,02;0,0;-0,01;0,0;-0,01;0,0;-0,05;0,0;-0,01;0,0;-0,02;0,0;-0,01;0,0;-0,02;0,0;-0,02;0,0
07.08.2026;13:45;14:00;4,16;3,55;0,0;0,0;0,0;0,0;-0,12;0,0;0,0;0,0;-0,02;0,0;-0,04;0,0;-0,1;0,0;-0,01;0,0;-0,02;0,0;-0,02;0,0;-0,02;0,0;0,0;0,0;-0,03;0,0;-0,05;0,0;-0,01;0,0;-0,01;0,0;-0,01;0,0;-0,02;0,0;-0,02;0,0;0,0;0,0;-0,01;0,0;-0,04;0,0;-0,01;0,0;-0,02;0,0;-0,02;0,0;0,0;0,0;-0,01;0,0
07.08.2026;14:00;14:15;4,09;3,54;0,0;0,0;-0,02;0,0;-0,08;0,0;0,0;0,0;-0,01;0,0;-0,04;0,0;-0,02;0,0;-0,02;0,0;-0,01;0,0;-0,01;0,0;-0,01;0,0;-0,01;0,0;-0,02;0,0;-0,05;0,0;-0,01;0,0;-0,01;0,0;-0,01;0,0;-0,02;0,0;-0,03;0,0;-0,01;0,0;-0,02;0,0;-0,05;0,0;-0,01;0,0;-0,02;0,0;-0,02;0,0;-0,02;0,0;-0,02;0,0
07.08.2026;14:15;14:30;3,96;3,3;0,0;0,0;-0,02;0,0;-0,08;0,0;0,0;0,0;-0,01;0,0;-0,04;0,0;-0,02;0,0;-0,03;0,0;-0,01;0,0;-0,02;0,0;-0,01;0,0;0,0;0,0;-0,02;0,0;-0,17;0,0;-0,01;0,0;-0,01;0,0;-0,01;0,0;-0,03;0,0;-0,02;0,0;-0,01;0,0;-0,02;0,0;-0,04;0,0;-0,02;0,0;-0,02;0,0;-0,01;0,0;-0,02;0,0;-0,01;0,0
07.08.2026;14:30;14:45;3,88;3,08;0,0;0,0;-0,01;0,0;-0,08;0,0;0,0;0,0;-0,02;0,0;-0,04;0,0;-0,02;0,0;-0,01;0,0;0,0;0,0;-0,01;0,0;-0,01;0,0;0,0;0,0;-0,05;0,0;-0,06;0,0;-0,01;0,0;0,0;0,0;-0,01;0,0;-0,04;0,0;-0,02;0,0;-0,01;0,0;-0,02;0,0;-0,05;0,0;0,0;0,0;-0,18;0,0;-0,01;0,0;-0,12;0,0;-0,02;0,0
07.08.2026;14:45;15:00;3,77;2,74;-0,01;0,0;-0,02;0,0;-0,13;0,0;0,0;0,0;-0,01;0,0;-0,04;0,0;-0,03;0,0;-0,03;0,0;0,0;0,0;-0,02;0,0;-0,02;0,0;0,0;0,0;-0,04;0,0;-0,05;0,0;-0,02;0,0;-0,01;0,0;-0,01;0,0;-0,02;0,0;-0,02;0,0;-0,01;0,0;-0,01;0,0;-0,04;0,0;-0,02;0,0;-0,25;0,0;-0,01;0,0;-0,2;0,0;-0,01;0,0
07.08.2026;15:00;15:15;3,7;2,84;0,0;0,0;0,0;0,0;-0,23;0,0;0,0;0,0;-0,01;0,0;-0,05;0,0;-0,02;0,0;-0,02;0,0;-0,01;0,0;-0,01;0,0;-0,02;0,0;0,0;0,0;-0,03;0,0;-0,06;0,0;-0,01;0,0;-0,01;0,0;-0,02;0,0;-0,04;0,0;-0,02;0,0;-0,01;0,0;-0,01;0,0;-0,05;0,0;-0,01;0,0;-0,04;0,0;-0,01;0,0;-0,16;0,0;-0,01;0,0
07.08.2026;15:15;15:30;3,55;2,9;0,0;0,0;-0,01;0,0;-0,15;0,0;0,0;0,0;-0,02;0,0;-0,04;0,0;-0,05;0,0;-0,01;0,0;-0,02;0,0;-0,01;0,0;-0,02;0,0;0,0;0,0;-0,03;0,0;-0,04;0,0;-0,01;0,0;-0,01;0,0;-0,01;0,0;-0,02;0,0;-0,04;0,0;-0,01;0,0;-0,03;0,0;-0,04;0,0;-0,01;0,0;-0,05;0,0;-0,01;0,0;-0,01;0,0;0,0;0,0
07.08.2026;15:30;15:45;2,97;2,11;0,0;0,0;-0,01;0,0;-0,21;0,0;0,0;0,0;-0,01;0,0;-0,04;0,0;-0,03;0,0;-0,03;0,0;-0,02;0,0;-0,02;0,0;-0,02;0,0;0,0;0,0;-0,03;0,0;-0,05;0,0;-0,02;0,0;-0,01;0,0;0,0;0,0;-0,03;0,0;-0,05;0,0;-0,01;0,0;-0,02;0,0;-0,04;0,0;-0,01;0,0;-0,06;0,0;-0,05;0,0;-0,09;0,0;0,0;0,0
07.08.2026;15:45;16:00;1,23;0,57;-0,01;0,0;-0,01;0,0;-0,07;0,0;0,0;0,0;-0,01;0,0;-0,04;0,0;-0,02;0,0;-0,02;0,0;-0,02;0,0;0,0;0,0;-0,02;0,0;0,0;0,0;-0,02;0,0;-0,05;0,0;-0,01;0,0;-0,01;0,0;-0,01;0,0;-0,02;0,0;-0,12;0,0;-0,01;0,0;-0,01;0,0;-0,05;0,0;-0,01;0,0;-0,07;0,0;-0,03;0,0;-0,01;0,0;-0,01;0,0
07.08.2026;16:00;16:15;0,02;0,02;0,0;0,0;-0,02;-0,02;-0,08;-0,08;0,0;0,0;-0,02;-0,02;-0,04;-0,04;-0,03;-0,03;-0,03;-0,03;-0,01;-0,01;0,0;0,0;-0,02;-0,02;0,0;0,0;-0,04;-0,04;-0,05;-0,05;-0,01;-0,01;0,0;0,0;-0,02;-0,02;-0,03;-0,03;-0,19;-0,19;-0,01;-0,01;-0,01;-0,01;-0,04;-0,04;-0,01;-0,01;-0,04;-0,04;-0,02;-0,02;-0,02;-0,02;-0,01;-0,01
07.08.2026;16:15;16:30;2,58;1,82;0,0;0,0;0,0;0,0;-0,1;0,0;0,0;0,0;-0,01;0,0;-0,04;0,0;-0,02;0,0;-0,04;0,0;-0,01;0,0;-0,01;0,0;-0,02;0,0;0,0;0,0;-0,03;0,0;-0,06;0,0;-0,01;0,0;0,0;0,0;-0,01;0,0;-0,03;0,0;-0,19;0,0;-0,01;0,0;-0,02;0,0;-0,05;0,0;-0,01;0,0;-0,02;0,0;-0,03;0,0;-0,02;0,0;-0,02;0,0
07.08.2026;16:30;16:45;2,72;1,84;0,0;0,0;-0,01;0,0;-0,13;0,0;0,0;0,0;-0,01;0,0;-0,04;0,0;-0,02;0,0;-0,03;0,0;0,0;0,0;-0,02;0,0;-0,02;0,0;0,0;0,0;-0,03;0,0;-0,15;0,0;-0,01;0,0;-0,01;0,0;-0,01;0,0;-0,02;0,0;-0,19;0,0;-0,01;0,0;-0,02;0,0;-0,04;0,0;-0,02;0,0;-0,03;0,0;-0,03;0,0;-0,01;0,0;-0,02;0,0
07.08.2026;16:45;17:00;2,52;1,46;-0,01;0,0;-0,01;0,0;-0,2;0,0;0,0;0,0;-0,02;0,0;-0,04;0,0;-0,04;0,0;-0,2;0,0;-0,01;0,0;-0,01;0,0;-0,02;0,0;0,0;0,0;-0,02;0,0;-0,05;0,0;-0,01;0,0;-0,02;0,0;-0,01;0,0;-0,04;0,0;-0,19;0,0;-0,01;0,0;-0,02;0,0;-0,05;0,0;0,0;0,0;-0,02;0,0;-0,03;0,0;-0,01;0,0;-0,02;0,0
07.08.2026;17:00;17:15;2,31;1,2;0,0;0,0;-0,08;0,0;-0,14;0,0;0,0;0,0;-0,01;0,0;-0,04;0,0;-0,02;0,0;-0,64;-0,39;0,0;0,0;-0,02;0,0;-0,02;0,0;0,0;0,0;-0,03;0,0;-0,06;0,0;-0,01;0,0;-0,01;0,0;-0,01;0,0;-0,02;0,0;-0,2;0,0;-0,03;0,0;-0,01;0,0;-0,04;0,0;-0,02;0,0;-0,06;0,0;-0,01;0,0;-0,01;0,0;-0,01;0,0
07.08.2026;17:15;17:30;2,07;0,83;0,0;0,0;-0,01;0,0;-0,26;0,0;0,0;0,0;-0,01;0,0;-0,04;0,0;-0,02;0,0;-0,05;0,0;-0,02;0,0;-0,01;0,0;-0,03;0,0;0,0;0,0;-0,04;0,0;-0,05;0,0;-0,01;0,0;-0,01;0,0;-0,01;0,0;-0,03;0,0;-0,21;-0,01;-0,12;0,0;-0,01;0,0;-0,05;0,0;-0,01;0,0;-0,31;-0,11;-0,01;0,0;-0,02;0,0;-0,02;0,0
07.08.2026;17:30;17:45;1,8;0,8;0,0;0,0;-0,09;0,0;-0,22;0,0;0,0;0,0;-0,02;0,0;-0,06;0,0;-0,06;0,0;-0,03;0,0;-0,01;0,0;-0,01;0,0;-0,02;0,0;0,0;0,0;-0,03;0,0;-0,05;0,0;-0,01;0,0;0,0;0,0;-0,01;0,0;-0,03;0,0;-0,05;0,0;-0,04;0,0;-0,02;0,0;-0,04;0,0;-0,01;0,0;-0,47;-0,31;-0,01;0,0;-0,01;0,0;-0,01;0,0
07.08.2026;17:45;18:00;1,55;0,49;0,0;0,0;-0,11;0,0;-0,1;0,0;-0,01;0,0;-0,01;0,0;-0,06;0,0;-0,55;-0,43;-0,05;0,0;-0,02;0,0;-0,02;0,0;-0,01;0,0;0,0;0,0;-0,03;0,0;-0,04;0,0;-0,01;0,0;0,0;0,0;-0,02;0,0;-0,03;0,0;-0,05;0,0;-0,13;-0,01;-0,03;0,0;-0,05;0,0;-0,01;0,0;-0,2;-0,08;-0,01;0,0;-0,01;0,0;-0,02;0,0
07.08.2026;18:00;18:15;1,33;0,3;-0,01;0,0;-0,13;-0,04;-0,15;0,0;0,0;0,0;-0,01;0,0;-0,03;0,0;-0,25;-0,16;-0,02;0,0;-0,02;0,0;-0,01;0,0;-0,03;0,0;0,0;0,0;-0,03;0,0;-0,05;0,0;-0,01;0,0;-0,01;0,0;-0,01;0,0;-0,04;0,0;-0,04;0,0;-0,12;-0,03;-0,02;0,0;-0,05;0,0;-0,01;0,0;-0,2;-0,11;-0,02;0,0;-0,01;0,0;-0,11;-0,02
07.08.2026;18:15;18:30;1,11;0,21;0,0;0,0;-0,05;0,0;-0,25;-0,06;0,0;0,0;-0,02;0,0;-0,05;0,0;-0,53;-0,48;-0,01;0,0;-0,01;0,0;-0,01;0,0;-0,02;0,0;0,0;0,0;-0,04;0,0;-0,06;-0,01;-0,01;0,0;-0,01;0,0;-0,01;0,0;-0,03;0,0;-0,05;0,0;-0,36;-0,31;-0,01;0,0;-0,05;0,0;-0,01;0,0;-0,21;-0,16;-0,17;-0,12;-0,02;0,0;-0,36;-0,31
07.08.2026;18:30;18:45;0,94;0,24;0,0;0,0;-0,01;0,0;-0,15;0,0;0,0;0,0;-0,01;0,0;-0,04;0,0;-0,3;-0,26;-0,02;0,0;0,0;0,0;0,0;0,0;-0,02;0,0;0,0;0,0;-0,03;0,0;-0,06;-0,02;-0,01;0,0;-0,01;0,0;-0,01;0,0;-0,03;0,0;-0,05;-0,01;-0,19;-0,15;-0,01;0,0;-0,06;-0,02;-0,02;0,0;-0,21;-0,17;-0,44;-0,4;-0,01;0,0;-0,24;-0,2
07.08.2026;18:45;19:00;0,76;0,17;0,0;0,0;-0,05;-0,02;-0,24;-0,13;0,0;0,0;-0,02;0,0;-0,04;-0,01;-0,19;-0,16;-0,01;0,0;-0,01;0,0;0,0;0,0;-0,02;0,0;0,0;0,0;-0,02;0,0;-0,06;-0,03;-0,01;0,0;-0,01;0,0;0,0;0,0;-0,03;0,0;-0,04;-0,01;-0,16;-0,13;-0,02;0,0;-0,05;-0,02;-0,01;0,0;-0,14;-0,11;-0,23;-0,2;-0,02;0,0;-0,05;-0,02
07.08.2026;19:00;19:15;0,58;0,09;-0,01;0,0;-0,09;-0,07;-0,16;-0,11;0,0;0,0;-0,01;0,0;-0,05;-0,03;-0,19;-0,17;-0,02;0,0;-0,01;0,0;-0,02;0,0;-0,03;-0,01;-0,01;0,0;-0,18;-0,16;-0,12;-0,1;-0,02;0,0;-0,01;0,0;-0,02;0,0;-0,04;-0,02;-0,06;-0,04;-0,05;-0,03;-0,02;0,0;-0,05;-0,03;-0,01;0,0;-0,16;-0,14;-0,06;-0,04;-0,12;-0,1;-0,04;-0,02
07.08.2026;19:15;19:30;0,27;0,19;0,0;0,0;0,0;0,0;-0,11;-0,03;0,0;0,0;-0,01;-0,01;-0,04;-0,04;-0,11;-0,11;-0,02;-0,02;-0,02;-0,02;-0,01;-0,01;-0,03;-0,03;0,0;0,0;-0,19;-0,19;-0,05;-0,05;-0,03;-0,03;0,0;0,0;-0,01;-0,01;-0,03;-0,03;-0,05;-0,05;-0,04;-0,04;-0,02;-0,02;-0,05;-0,05;-0,01;-0,01;-0,16;-0,16;-0,16;-0,16;-0,1;-0,1;-0,03;-0,03
07.08.2026;19:30;19:45;0,0;0,0;0,0;0,0;-0,02;-0,02;-0,12;-0,12;0,0;0,0;-0,02;-0,02;-0,04;-0,04;-0,1;-0,1;-0,01;-0,01;-0,02;-0,02;-0,02;-0,02;-0,02;-0,02;0,0;0,0;-0,03;-0,03;-0,05;-0,05;-0,04;-0,04;-0,01;-0,01;-0,02;-0,02;-0,04;-0,04;-0,04;-0,04;-0,04;-0,04;-0,01;-0,01;-0,05;-0,05;-0,01;-0,01;-0,16;-0,16;-0,06;-0,06;-0,02;-0,02;-0,03;-0,03
07.08.2026;19:45;20:00;0,0;0,0;0,0;0,0;-0,01;-0,01;-0,13;-0,13;0,0;0,0;-0,01;-0,01;-0,04;-0,04;-0,03;-0,03;-0,01;-0,01;-0,03;-0,03;-0,01;-0,01;-0,03;-0,03;0,0;0,0;-0,03;-0,03;-0,04;-0,04;-0,03;-0,03;-0,01;-0,01;-0,01;-0,01;-0,02;-0,02;-0,03;-0,03;-0,12;-0,12;-0,01;-0,01;-0,04;-0,04;-0,01;-0,01;-0,16;-0,16;-0,05;-0,05;-0,17;-0,17;-0,03;-0,03
07.08.2026;20:00;20:15;0,02;0,02;0,0;0,0;-0,05;-0,05;-0,19;-0,19;0,0;0,0;-0,01;-0,01;-0,05;-0,05;-0,03;-0,03;-0,02;-0,02;-0,03;-0,03;-0,02;-0,02;-0,02;-0,02;0,0;0,0;-0,12;-0,12;-0,04;-0,04;-0,02;-0,02;-0,01;-0,01;-0,01;-0,01;-0,04;-0,04;-0,03;-0,03;-0,39;-0,39;-0,02;-0,02;-0,05;-0,05;-0,01;-0,01;-0,15;-0,15;-0,01;-0,01;-0,32;-0,32;0,0;0,0
07.08.2026;20:15;20:30;0,01;0,01;-0,01;-0,01;-0,03;-0,03;-0,12;-0,12;0,0;0,0;-0,02;-0,02;-0,04;-0,04;-0,37;-0,37;-0,01;-0,01;-0,03;-0,03;-0,01;-0,01;-0,01;-0,01;0,0;0,0;-0,31;-0,31;-0,27;-0,27;-0,04;-0,04;-0,01;-0,01;0,0;0,0;-0,02;-0,02;-0,03;-0,03;-0,24;-0,24;-0,03;-0,03;-0,04;-0,04;-0,02;-0,02;-0,1;-0,1;-0,01;-0,01;-0,37;-0,37;0,0;0,0
07.08.2026;20:30;20:45;0,01;0,01;0,0;0,0;-0,05;-0,05;-0,24;-0,24;0,0;0,0;-0,01;-0,01;-0,04;-0,04;-0,1;-0,1;-0,02;-0,02;-0,03;-0,03;-0,01;-0,01;-0,02;-0,02;0,0;0,0;-0,44;-0,44;-0,07;-0,07;-0,02;-0,02;0,0;0,0;-0,01;-0,01;-0,05;-0,05;-0,03;-0,03;-0,22;-0,22;-0,01;-0,01;-0,03;-0,03;0,0;0,0;-0,02;-0,02;-0,01;-0,01;-0,38;-0,38;-0,02;-0,02
07.08.2026;20:45;21:00;0,0;0,0;0,0;0,0;-0,04;-0,04;-0,14;-0,14;0,0;0,0;-0,01;-0,01;-0,04;-0,04;-0,07;-0,07;-0,03;-0,03;-0,03;-0,03;-0,01;-0,01;-0,03;-0,03;0,0;0,0;-0,05;-0,05;-0,06;-0,06;-0,03;-0,03;-0,01;-0,01;-0,02;-0,02;-0,03;-0,03;-0,03;-0,03;-0,25;-0,25;-0,01;-0,01;-0,02;-0,02;-0,02;-0,02;-0,02;-0,02;-0,01;-0,01;-0,29;-0,29;-0,02;-0,02
07.08.2026;21:00;21:15;0,0;0,0;0,0;0,0;-0,03;-0,03;-0,07;-0,07;0,0;0,0;-0,02;-0,02;-0,04;-0,04;-0,26;-0,26;-0,03;-0,03;-0,02;-0,02;0,0;0,0;-0,01;-0,01;0,0;0,0;-0,03;-0,03;-0,06;-0,06;-0,03;-0,03;0,0;0,0;-0,01;-0,01;-0,04;-0,04;-0,03;-0,03;-0,18;-0,18;-0,01;-0,01;-0,01;-0,01;-0,01;-0,01;-0,03;-0,03;-0,02;-0,02;-0,11;-0,11;-0,01;-0,01
07.08.2026;21:15;21:30;0,0;0,0;-0,01;-0,01;-0,03;-0,03;-0,1;-0,1;0,0;0,0;-0,01;-0,01;-0,04;-0,04;-0,17;-0,17;-0,02;-0,02;-0,03;-0,03;-0,01;-0,01;-0,02;-0,02;0,0;0,0;-0,04;-0,04;-0,06;-0,06;-0,05;-0,05;-0,02;-0,02;-0,02;-0,02;-0,03;-0,03;-0,02;-0,02;-0,15;-0,15;-0,03;-0,03;-0,01;-0,01;-0,01;-0,01;-0,04;-0,04;-0,01;-0,01;-0,04;-0,04;-0,02;-0,02
07.08.2026;21:30;21:45;0,0;0,0;0,0;0,0;-0,02;-0,02;-0,23;-0,23;0,0;0,0;-0,01;-0,01;-0,04;-0,04;-0,04;-0,04;-0,01;-0,01;-0,04;-0,04;-0,01;-0,01;-0,03;-0,03;0,0;0,0;-0,02;-0,02;-0,06;-0,06;-0,04;-0,04;-0,01;-0,01;-0,01;-0,01;-0,02;-0,02;-0,03;-0,03;-0,08;-0,08;-0,02;-0,02;-0,01;-0,01;-0,01;-0,01;-0,03;-0,03;-0,02;-0,02;-0,03;-0,03;-0,02;-0,02
07.08.2026;21:45;22:00;0,0;0,0;0,0;0,0;-0,02;-0,02;-0,15;-0,15;0,0;0,0;-0,02;-0,02;-0,05;-0,05;-0,04;-0,04;-0,02;-0,02;-0,04;-0,04;-0,01;-0,01;0,0;0,0;0,0;0,0;-0,01;-0,01;-0,15;-0,15;-0,03;-0,03;-0,01;-0,01;0,0;0,0;-0,01;-0,01;-0,03;-0,03;-0,07;-0,07;-0,01;-0,01;-0,01;-0,01;-0,01;-0,01;-0,03;-0,03;-0,01;-0,01;-0,03;-0,03;-0,01;-0,01
07.08.2026;22:00;22:15;0,0;0,0;0,0;0,0;-0,02;-0,02;-0,08;-0,08;0,0;0,0;-0,01;-0,01;-0,03;-0,03;-0,04;-0,04;-0,02;-0,02;-0,04;-0,04;-0,02;-0,02;-0,01;-0,01;0,0;0,0;-0,01;-0,01;-0,06;-0,06;-0,03;-0,03;0,0;0,0;-0,01;-0,01;-0,01;-0,01;-0,03;-0,03;-0,07;-0,07;-0,01;-0,01;-0,01;-0,01;-0,01;-0,01;-0,03;-0,03;-0,01;-0,01;-0,02;-0,02;-0,03;-0,03
07.08.2026;22:15;22:30;0,0;0,0;0,0;0,0;-0,02;-0,02;-0,23;-0,23;0,0;0,0;-0,01;-0,01;-0,04;-0,04;-0,04;-0,04;0,0;0,0;-0,03;-0,03;-0,01;-0,01;-0,02;-0,02;0,0;0,0;-0,02;-0,02;-0,06;-0,06;-0,01;-0,01;0,0;0,0;-0,01;-0,01;-0,02;-0,02;-0,07;-0,07;-0,09;-0,09;-0,02;-0,02;-0,02;-0,02;-0,02;-0,02;-0,04;-0,04;-0,01;-0,01;-0,01;-0,01;-0,01;-0,01
07.08.2026;22:30;22:45;0,0;0,0;-0,01;-0,01;-0,03;-0,03;-0,07;-0,07;0,0;0,0;-0,02;-0,02;-0,04;-0,04;-0,03;-0,03;-0,02;-0,02;-0,03;-0,03;-0,02;-0,02;0,0;0,0;0,0;0,0;-0,01;-0,01;-0,08;-0,08;-0,01;-0,01;-0,01;-0,01;-0,02;-0,02;0,0;0,0;-0,04;-0,04;-0,05;-0,05;-0,02;-0,02;0,0;0,0;-0,01;-0,01;-0,03;-0,03;-0,01;-0,01;-0,01;-0,01;-0,02;-0,02
07.08.2026;22:45;23:00;0,0;0,0;0,0;0,0;-0,02;-0,02;-0,07;-0,07;-0,01;-0,01;-0,01;-0,01;-0,04;-0,04;-0,03;-0,03;-0,02;-0,02;-0,02;-0,02;-0,01;-0,01;-0,01;-0,01;0,0;0,0;0,0;0,0;-0,03;-0,03;-0,02;-0,02;-0,01;-0,01;-0,01;-0,01;-0,02;-0,02;-0,03;-0,03;-0,03;-0,03;-0,02;-0,02;-0,02;-0,02;-0,01;-0,01;-0,02;-0,02;-0,01;-0,01;-0,01;-0,01;-0,01;-0,01
07.08.2026;23:00;23:15;0,0;0,0;0,0;0,0;-0,02;-0,02;-0,07;-0,07;0,0;0,0;-0,01;-0,01;-0,03;-0,03;-0,03;-0,03;-0,01;-0,01;-0,03;-0,03;-0,02;-0,02;-0,01;-0,01;0,0;0,0;-0,02;-0,02;-0,04;-0,04;-0,01;-0,01;-0,01;-0,01;-0,01;-0,01;-0,01;-0,01;-0,04;-0,04;-0,02;-0,02;-0,01;-0,01;-0,01;-0,01;-0,01;-0,01;-0,02;-0,02;-0,02;-0,02;-0,02;-0,02;-0,03;-0,03
07.08.2026;23:15;23:30;0,0;0,0;0,0;0,0;-0,02;-0,02;-0,07;-0,07;0,0;0,0;-0,02;-0,02;-0,04;-0,04;-0,03;-0,03;-0,01;-0,01;-0,02;-0,02;-0,01;-0,01;-0,01;-0,01;0,0;0,0;-0,01;-0,01;-0,01;-0,01;-0,04;-0,04;-0,01;-0,01;-0,01;-0,01;-0,01;-0,01;-0,04;-0,04;0,0;0,0;-0,01;-0,01;-0,01;-0,01;-0,01;-0,01;-0,02;-0,02;-0,01;-0,01;-0,01;-0,01;-0,03;-0,03
07.08.2026;23:30;23:45;0,0;0,0;-0,01;-0,01;-0,02;-0,02;-0,16;-0,16;0,0;0,0;-0,01;-0,01;-0,03;-0,03;-0,03;-0,03;-0,02;-0,02;-0,02;-0,02;0,0;0,0;-0,01;-0,01;0,0;0,0;-0,01;-0,01;-0,01;-0,01;-0,01;-0,01;-0,01;-0,01;-0,01;-0,01;-0,01;-0,01;-0,03;-0,03;-0,02;-0,02;-0,02;-0,02;-0,01;-0,01;-0,01;-0,01;-0,03;-0,03;-0,01;-0,01;-0,01;-0,01;-0,02;-0,02
07.08.2026;23:45;00:00;0,0;0,0;0,0;0,0;-0,03;-0,03;-0,16;-0,16;0,0;0,0;-0,01;-0,01;-0,04;-0,04;-0,03;-0,03;-0,02;-0,02;-0,03;-0,03;0,0;0,0;-0,01;-0,01;0,0;0,0;-0,01;-0,01;-0,01;-0,01;-0,02;-0,02;0,0;0,0;-0,02;-0,02;-0,01;-0,01;-0,04;-0,04;-0,01;-0,01;-0,02;-0,02;-0,01;-0,01;-0,01;-0,01;-0,02;-0,02;-0,01;-0,01;-0,02;-0,02;-0,02;-0,02
08.08.2026;00:00;00:15;0,0;0,0;0,0;0,0;-0,02;-0,02;-0,07;-0,07;0,0;0,0;0,0;0,0;-0,04;-0,04;-0,03;-0,03;-0,01;-0,01;-0,03;-0,03;-0,01;-0,01;0,0;0,0;-0,01;-0,01;-0,02;-0,02;-0,02;-0,02;-0,01;-0,01;-0,01;-0,01;-0,04;-0,04;-0,02;-0,02;-0,04;-0,04;0,0;0,0;-0,03;-0,03;-0,01;-0,01;-0,01;-0,01;-0,02;-0,02;-0,02;-0,02;-0,01;-0,01;-0,02;-0,02
08.08.2026;00:15;00:30;0,0;0,0;0,0;0,0;-0,01;-0,01;-0,06;-0,06;0,0;0,0;0,0;0,0;-0,03;-0,03;-0,04;-0,04;-0,02;-0,02;-0,02;-0,02;-0,02;-0,02;-0,01;-0,01;0,0;0,0;-0,01;-0,01;-0,02;-0,02;-0,01;-0,01;-0,01;-0,01;-0,05;-0,05;0,0;0,0;-0,03;-0,03;-0,02;-0,02;-0,01;-0,01;-0,01;-0,01;-0,01;-0,01;-0,03;-0,03;-0,03;-0,03;-0,01;-0,01;-0,01;-0,01
08.08.2026;00:30;00:45;0,0;0,0;0,0;0,0;0,0;0,0;-0,07;-0,07;0,0;0,0;-0,01;-0,01;-0,04;-0,04;-0,03;-0,03;-0,01;-0,01;-0,01;-0,01;-0,01;-0,01;-0,01;-0,01;0,0;0,0;0,0;0,0;-0,01;-0,01;-0,02;-0,02;-0,01;-0,01;-0,04;-0,04;-0,02;-0,02;-0,04;-0,04;-0,01;-0,01;0,0;0,0;-0,01;-0,01;-0,02;-0,02;-0,02;-0,02;-0,02;-0,02;-0,02;-0,02;0,0;0,0
08.08.2026;00:45;01:00;0,0;0,0;-0,01;-0,01;-0,02;-0,02;-0,14;-0,14;0,0;0,0;-0,02;-0,02;-0,03;-0,03;-0,01;-0,01;-0,01;-0,01;-0,02;-0,02;-0,02;-0,02;-0,01;-0,01;0,0;0,0;-0,01;-0,01;-0,03;-0,03;0,0;0,0;-0,01;-0,01;-0,04;-0,04;-0,01;-0,01;-0,03;-0,03;-0,01;-0,01;-0,02;-0,02;-0,01;-0,01;0,0;0,0;-0,02;-0,02;-0,03;-0,03;-0,01;-0,01;-0,01;-0,01
08.08.2026;01:00;01:15;0,0;0,0;0,0;0,0;-0,01;-0,01;-0,16;-0,16;0,0;0,0;-0,01;-0,01;-0,04;-0,04;-0,01;-0,01;-0,02;-0,02;-0,01;-0,01;-0,01;-0,01;-0,01;-0,01;0,0;0,0;-0,02;-0,02;-0,02;-0,02;-0,02;-0,02;0,0;0,0;-0,28;-0,28;-0,02;-0,02;-0,03;-0,03;-0,01;-0,01;-0,03;-0,03;-0,01;-0,01;-0,02;-0,02;-0,01;-0,01;-0,02;-0,02;-0,01;-0,01;0,0;0,0
08.08.2026;01:15;01:30;0,0;0,0;0,0;0,0;-0,01;-0,01;-0,13;-0,13;0,0;0,0;-0,01;-0,01;-0,04;-0,04;-0,01;-0,01;-0,01;-0,01;-0,01;-0,01;-0,02;-0,02;-0,01;-0,01;0,0;0,0;-0,01;-0,01;-0,14;-0,14;-0,03;-0,03;0,0;0,0;-0,05;-0,05;0,0;0,0;-0,03;-0,03;-0,01;-0,01;-0,02;-0,02;-0,01;-0,01;-0,01;-0,01;-0,01;-0,01;-0,03;-0,03;-0,01;-0,01;-0,02;-0,02
08.08.2026;01:30;01:45;0,0;0,0;0,0;0,0;-0,01;-0,01;-0,07;-0,07;0,0;0,0;-0,02;-0,02;-0,03;-0,03;-0,02;-0,02;-0,02;-0,02;-0,02;-0,02;-0,01;-0,01;0,0;0,0;0,0;0,0;0,0;0,0;-0,01;-0,01;-0,02;-0,02;-0,01;-0,01;-0,06;-0,06;-0,01;-0,01;-0,02;-0,02;-0,01;-0,01;-0,01;-0,01;-0,01;-0,01;-0,01;-0,01;0,0;0,0;-0,01;-0,01;-0,01;-0,01;-0,02;-0,02
08.08.2026;01:45;02:00;0,0;0,0;-0,01;-0,01;0,0;0,0;-0,1;-0,1;0,0;0,0;-0,01;-0,01;-0,05;-0,05;0,0;0,0;-0,02;-0,02;-0,02;-0,02;-0,01;-0,01;-0,02;-0,02;0,0;0,0;-0,01;-0,01;-0,02;-0,02;-0,02;-0,02;-0,02;-0,02;-0,12;-0,12;-0,02;-0,02;-0,03;-0,03;-0,01;-0,01;-0,01;-0,01;-0,01;-0,01;-0,01;-0,01;-0,01;-0,01;-0,02;-0,02;-0,02;-0,02;-0,01;-0,01
08.08.2026;02:00;02:15;0,0;0,0;0,0;0,0;-0,02;-0,02;-0,11;-0,11;0,0;0,0;-0,01;-0,01;-0,04;-0,04;-0,01;-0,01;-0,01;-0,01;-0,03;-0,03;0,0;0,0;0,0;0,0;0,0;0,0;-0,02;-0,02;-0,01;-0,01;-0,01;-0,01;-0,01;-0,01;-0,12;-0,12;0,0;0,0;-0,02;-0,02;0,0;0,0;-0,02;-0,02;-0,01;-0,01;-0,01;-0,01;0,0;0,0;-0,02;-0,02;-0,01;-0,01;-0,02;-0,02
08.08.2026;02:15;02:30;0,0;0,0;0,0;0,0;-0,01;-0,01;-0,06;-0,06;0,0;0,0;-0,02;-0,02;-0,04;-0,04;-0,02;-0,02;-0,02;-0,02;-0,02;-0,02;0,0;0,0;-0,01;-0,01;0,0;0,0;-0,01;-0,01;0,0;0,0;-0,01;-0,01;0,0;0,0;-0,13;-0,13;-0,02;-0,02;-0,02;-0,02;-0,02;-0,02;-0,02;-0,02;-0,02;-0,02;-0,01;-0,01;-0,02;-0,02;-0,02;-0,02;-0,01;-0,01;-0,01;-0,01
08.08.2026;02:30;02:45;0,0;0,0;0,0;0,0;-0,01;-0,01;-0,11;-0,11;0,0;0,0;-0,01;-0,01;-0,04;-0,04;0,0;0,0;-0,01;-0,01;-0,01;-0,01;-0,02;-0,02;-0,01;-0,01;0,0;0,0;0,0;0,0;-0,01;-0,01;-0,02;-0,02;-0,01;-0,01;-0,13;-0,13;-0,01;-0,01;-0,03;-0,03;-0,01;-0,01;-0,02;-0,02;0,0;0,0;-0,01;-0,01;-0,02;-0,02;-0,02;-0,02;-0,02;-0,02;0,0;0,0
08.08.2026;02:45;03:00;0,0;0,0;-0,01;-0,01;0,0;0,0;-0,11;-0,11;0,0;0,0;-0,01;-0,01;-0,04;-0,04;-0,02;-0,02;-0,01;-0,01;-0,01;-0,01;-0,01;-0,01;-0,01;-0,01;0,0;0,0;-0,01;-0,01;-0,02;-0,02;0,0;0,0;0,0;0,0;-0,15;-0,15;-0,02;-0,02;-0,02;-0,02;0,0;0,0;-0,01;-0,01;-0,01;-0,01;-0,02;-0,02;-0,02;-0,02;-0,03;-0,03;-0,01;-0,01;-0,01;-0,01
08.08.2026;03:00;03:15;0,0;0,0;0,0;0,0;-0,01;-0,01;-0,15;-0,15;0,0;0,0;-0,02;-0,02;-0,04;-0,04;0,0;0,0;-0,02;-0,02;-0,01;-0,01;-0,02;-0,02;-0,01;-0,01;0,0;0,0;-0,02;-0,02;-0,01;-0,01;-0,01;-0,01;-0,01;-0,01;-0,14;-0,14;-0,01;-0,01;-0,02;-0,02;-0,01;-0,01;-0,01;-0,01;-0,01;-0,01;-0,01;-0,01;-0,02;-0,02;-0,02;-0,02;-0,01;-0,01;0,0;0,0
08.08.2026;03:15;03:30;0,0;0,0;0,0;0,0;-0,01;-0,01;-0,15;-0,15;0,0;0,0;0,0;0,0;-0,04;-0,04;-0,02;-0,02;-0,01;-0,01;-0,01;-0,01;-0,01;-0,01;-0,01;-0,01;0,0;0,0;-0,01;-0,01;-0,01;-0,01;-0,02;-0,02;-0,01;-0,01;-0,03;-0,03;-0,01;-0,01;-0,02;-0,02;-0,02;-0,02;-0,02;-0,02;-0,01;-0,01;0,0;0,0;-0,02;-0,02;-0,02;-0,02;-0,02;-0,02;-0,01;-0,01
08.08.2026;03:30;03:45;0,0;0,0;0,0;0,0;-0,02;-0,02;-0,15;-0,15;0,0;0,0;-0,01;-0,01;-0,03;-0,03;0,0;0,0;-0,02;-0,02;-0,01;-0,01;-0,02;-0,02;0,0;0,0;0,0;0,0;0,0;0,0;-0,01;-0,01;0,0;0,0;-0,01;-0,01;-0,01;-0,01;-0,01;-0,01;-0,02;-0,02;0,0;0,0;-0,02;-0,02;-0,02;-0,02;-0,02;-0,02;0,0;0,0;-0,01;-0,01;0,0;0,0;-0,02;-0,02
08.08.2026;03:45;04:00;0,0;0,0;0,0;0,0;-0,01;-0,01;-0,17;-0,17;-0,01;-0,01;0,0;0,0;-0,04;-0,04;-0,02;-0,02;-0,02;-0,02;-0,02;-0,02;-0,01;-0,01;-0,01;-0,01;0,0;0,0;-0,01;-0,01;-0,02;-0,02;-0,02;-0,02;-0,01;-0,01;-0,01;-0,01;-0,01;-0,01;-0,03;-0,03;-0,02;-0,02;-0,02;-0,02;0,0;0,0;-0,01;-0,01;0,0;0,0;-0,01;-0,01;-0,02;-0,02;-0,01;-0,01
08.08.2026;04:00;04:15;0,0;0,0;-0,01;-0,01;0,0;0,0;-0,2;-0,2;0,0;0,0;-0,01;-0,01;-0,04;-0,04;0,0;0,0;-0,01;-0,01;-0,02;-0,02;-0,01;-0,01;-0,01;-0,01;0,0;0,0;-0,02;-0,02;-0,03;-0,03;-0,01;-0,01;0,0;0,0;-0,01;-0,01;-0,02;-0,02;-0,02;-0,02;0,0;0,0;-0,01;-0,01;-0,01;-0,01;-0,01;-0,01;-0,01;-0,01;-0,02;-0,02;-0,01;-0,01;-0,02;-0,02
08.08.2026;04:15;04:30;0,0;0,0;0,0;0,0;-0,01;-0,01;-0,18;-0,18;0,0;0,0;-0,01;-0,01;-0,03;-0,03;-0,02;-0,02;-0,02;-0,02;-0,03;-0,03;0,0;0,0;0,0;0,0;0,0;0,0;0,0;0,0;-0,15;-0,15;-0,01;-0,01;0,0;0,0;-0,02;-0,02;0,0;0,0;-0,02;-0,02;-0,01;-0,01;-0,01;-0,01;-0,02;-0,02;-0,01;-0,01;-0,02;-0,02;-0,01;-0,01;-0,01;-0,01;-0,01;-0,01
08.08.2026;04:30;04:45;0,0;0,0;0,0;0,0;-0,01;-0,01;-0,19;-0,19;0,0;0,0;-0,02;-0,02;-0,04;-0,04;-0,01;-0,01;-0,02;-0,02;-0,01;-0,01;-0,01;-0,01;-0,02;-0,02;0,0;0,0;-0,01;-0,01;-0,05;-0,05;-0,01;-0,01;-0,02;-0,02;-0,01;-0,01;-0,02;-0,02;-0,02;-0,02;-0,02;-0,02;-0,02;-0,02;0,0;0,0;-0,01;-0,01;-0,01;-0,01;-0,01;-0,01;-0,01;-0,01;-0,01;-0,01
08.08.2026;04:45;05:00;0,0;0,0;0,0;0,0;-0,01;-0,01;-0,19;-0,19;0,0;0,0;-0,01;-0,01;-0,04;-0,04;-0,01;-0,01;-0,01;-0,01;-0,01;-0,01;0,0;0,0;0,0;0,0;0,0;0,0;-0,01;-0,01;-0,03;-0,03;-0,01;-0,01;-0,01;-0,01;-0,01;-0,01;-0,01;-0,01;-0,02;-0,02;0,0;0,0;-0,02;-0,02;-0,02;-0,02;-0,02;-0,02;-0,01;-0,01;-0,02;-0,02;-0,01;-0,01;0,0;0,0
08.08.2026;05:00;05:15;0,0;0,0;-0,01;-0,01;-0,01;-0,01;-0,2;-0,2;0,0;0,0;-0,02;-0,02;-0,03;-0,03;0,0;0,0;-0,02;-0,02;-0,01;-0,01;-0,02;-0,02;-0,01;-0,01;-0,01;-0,01;-0,02;-0,02;-0,02;-0,02;-0,01;-0,01;-0,01;-0,01;-0,01;-0,01;0,0;0,0;-0,02;-0,02;-0,01;-0,01;-0,02;-0,02;-0,01;-0,01;-0,01;-0,01;-0,02;-0,02;-0,01;-0,01;-0,01;-0,01;0,0;0,0
08.08.2026;05:15;05:30;0,0;0,0;0,0;0,0;-0,01;-0,01;-0,14;-0,14;0,0;0,0;-0,01;-0,01;-0,04;-0,04;-0,02;-0,02;-0,01;-0,01;-0,01;-0,01;-0,02;-0,02;-0,01;-0,01;0,0;0,0;0,0;0,0;-0,02;-0,02;-0,01;-0,01;0,0;0,0;-0,01;-0,01;-0,02;-0,02;-0,02;-0,02;-0,02;-0,02;-0,01;-0,01;0,0;0,0;-0,02;-0,02;-0,01;-0,01;-0,01;-0,01;-0,01;-0,01;-0,01;-0,01
08.08.2026;05:30;05:45;0,0;0,0;0,0;0,0;0,0;0,0;-0,08;-0,08;0,0;0,0;-0,01;-0,01;-0,04;-0,04;0,0;0,0;-0,02;-0,02;-0,01;-0,01;-0,01;-0,01;-0,01;-0,01;0,0;0,0;0,0;0,0;-0,01;-0,01;-0,01;-0,01;0,0;0,0;-0,01;-0,01;-0,01;-0,01;-0,03;-0,03;0,0;0,0;-0,01;-0,01;-0,02;-0,02;-0,04;-0,04;-0,01;-0,01;-0,01;-0,01;-0,02;-0,02;-0,01;-0,01
08.08.2026;05:45;06:00;0,0;0,0;0,0;0,0;-0,02;-0,02;-0,19;-0,19;0,0;0,0;-0,02;-0,02;-0,03;-0,03;-0,01;-0,01;-0,02;-0,02;-0,01;-0,01;-0,01;-0,01;0,0;0,0;0,0;0,0;-0,02;-0,02;-0,01;-0,01;-0,01;-0,01;-0,01;-0,01;-0,02;-0,02;-0,01;-0,01;-0,02;-0,02;-0,02;-0,02;-0,02;-0,02;0,0;0,0;-0,03;-0,03;-0,02;-0,02;-0,01;-0,01;-0,02;-0,02;-0,02;-0,02
08.08.2026;06:00;06:15;0,04;0,04;0,0;0,0;-0,01;-0,01;-0,14;-0,14;0,0;0,0;0,0;0,0;-0,04;-0,04;-0,01;-0,01;-0,01;-0,01;-0,03;-0,03;-0,02;-0,02;-0,02;-0,02;0,0;0,0;-0,04;-0,04;-0,01;-0,01;-0,01;-0,01;-0,01;-0,01;-0,01;-0,01;-0,01;-0,01;-0,02;-0,02;-0,01;-0,01;-0,02;-0,02;-0,02;-0,02;-0,02;-0,02;-0,18;-0,18;-0,01;-0,01;-0,01;-0,01;-0,02;-0,02
08.08.2026;06:15;06:30;0,07;0,07;-0,01;-0,01;-0,01;-0,01;-0,13;-0,13;0,0;0,0;0,0;0,0;-0,04;-0,04;-0,01;-0,01;-0,02;-0,02;-0,02;-0,02;-0,01;-0,01;0,0;0,0;0,0;0,0;-0,01;-0,01;-0,01;-0,01;-0,01;-0,01;-0,01;-0,01;-0,02;-0,02;0,0;0,0;-0,02;-0,02;0,0;0,0;-0,02;-0,02;-0,01;-0,01;-0,03;-0,03;-0,07;-0,07;-0,01;-0,01;-0,01;-0,01;-0,01;-0,01
08.08.2026;06:30;06:45;0,13;0,11;0,0;0,0;0,0;0,0;-0,09;-0,07;0,0;0,0;-0,01;-0,01;-0,03;-0,03;-0,03;-0,03;-0,01;-0,01;-0,02;-0,02;-0,01;-0,01;-0,01;-0,01;0,0;0,0;-0,01;-0,01;-0,01;-0,01;-0,01;-0,01;-0,01;-0,01;-0,04;-0,04;-0,02;-0,02;-0,02;-0,02;-0,02;-0,02;-0,01;-0,01;0,0;0,0;-0,02;-0,02;-0,01;-0,01;-0,01;-0,01;-0,01;-0,01;-0,02;-0,02
08.08.2026;06:45;07:00;0,21;0,16;0,0;0,0;-0,01;-0,01;-0,09;-0,04;0,0;0,0;-0,01;-0,01;-0,04;-0,04;-0,03;-0,03;-0,01;-0,01;-0,01;-0,01;0,0;0,0;-0,01;-0,01;0,0;0,0;-0,01;-0,01;-0,01;-0,01;-0,11;-0,11;0,0;0,0;-0,04;-0,04;-0,01;-0,01;-0,02;-0,02;-0,23;-0,23;-0,01;-0,01;-0,02;-0,02;0,0;0,0;-0,01;-0,01;-0,02;-0,02;-0,01;-0,01;-0,01;-0,01
08.08.2026;07:00;07:15;0,22;0,17;0,0;0,0;-0,08;-0,08;-0,09;-0,04;0,0;0,0;-0,01;-0,01;-0,03;-0,03;-0,02;-0,02;-0,02;-0,02;-0,06;-0,06;0,0;0,0;0,0;0,0;0,0;0,0;-0,02;-0,02;-0,02;-0,02;-0,01;-0,01;-0,01;-0,01;-0,02;-0,02;-0,02;-0,02;-0,02;-0,02;-0,82;-0,82;-0,02;-0,02;-0,01;-0,01;-0,01;-0,01;-0,02;-0,02;-0,02;-0,02;-0,01;-0,01;-0,02;-0,02
08.08.2026;07:15;07:30;0,0;0,0;-0,01;-0,01;-0,03;-0,03;-0,07;-0,07;0,0;0,0;-0,02;-0,02;-0,04;-0,04;-0,02;-0,02;-0,01;-0,01;-0,03;-0,03;-0,01;-0,01;-0,01;-0,01;0,0;0,0;-0,03;-0,03;-0,01;-0,01;-0,01;-0,01;-0,01;-0,01;-0,02;-0,02;-0,03;-0,03;-0,03;-0,03;-0,07;-0,07;-0,03;-0,03;-0,01;-0,01;-0,01;-0,01;-0,01;-0,01;-0,01;-0,01;-0,01;-0,01;-0,01;-0,01
08.08.2026;07:30;07:45;0,0;0,0;0,0;0,0;-0,01;-0,01;-0,12;-0,12;0,0;0,0;-0,01;-0,01;-0,04;-0,04;-0,04;-0,04;-0,02;-0,02;0,0;0,0;-0,02;-0,02;-0,03;-0,03;0,0;0,0;-0,01;-0,01;-0,11;-0,11;-0,01;-0,01;-0,01;-0,01;-0,02;-0,02;-0,24;-0,24;-0,03;-0,03;-0,03;-0,03;-0,01;-0,01;-0,01;-0,01;-0,02;-0,02;-0,02;-0,02;0,0;0,0;-0,01;-0,01;-0,01;-0,01
08.08.2026;07:45;08:00;0,4;0,11;0,0;0,0;-0,01;0,0;-0,12;-0,06;0,0;0,0;-0,01;0,0;-0,03;-0,02;-0,02;-0,01;-0,01;0,0;-0,08;-0,07;-0,02;-0,01;-0,17;-0,16;0,0;0,0;-0,01;0,0;-0,01;0,0;-0,02;-0,01;-0,01;0,0;-0,01;0,0;-0,04;-0,03;-0,02;-0,01;-0,01;0,0;-0,01;0,0;-0,02;-0,01;-0,01;0,0;-0,01;0,0;-0,01;0,0;-0,09;-0,08;-0,01;0,0
08.08.2026;08:00;08:15;0,97;0,37;0,0;0,0;-0,01;0,0;-0,1;0,0;0,0;0,0;-0,02;0,0;-0,04;0,0;-0,02;0,0;-0,01;0,0;-0,01;0,0;-0,01;0,0;-0,03;0,0;0,0;0,0;-0,02;0,0;-0,01;0,0;-0,04;0,0;0,0;0,0;-0,02;0,0;-0,03;0,0;-0,02;0,0;-0,26;-0,19;-0,01;0,0;-0,01;0,0;0,0;0,0;-0,02;0,0;-0,05;0,0;-0,05;0,0;0,0;0,0
08.08.2026;08:15;08:30;1,35;0,73;0,0;0,0;-0,02;0,0;-0,1;0,0;0,0;0,0;-0,01;0,0;-0,03;0,0;-0,02;0,0;-0,02;0,0;-0,02;0,0;-0,01;0,0;-0,02;0,0;0,0;0,0;-0,01;0,0;-0,01;0,0;-0,03;0,0;0,0;0,0;-0,01;0,0;-0,03;0,0;-0,02;0,0;-0,25;-0,13;-0,02;0,0;-0,01;0,0;-0,02;0,0;-0,01;0,0;-0,03;0,0;-0,05;0,0;0,0;0,0
08.08.2026;08:30;08:45;1,63;0,51;-0,01;0,0;-0,19;-0,05;-0,18;0,0;0,0;0,0;-0,01;0,0;-0,04;0,0;-0,02;0,0;-0,01;0,0;-0,02;0,0;-0,02;0,0;-0,02;0,0;0,0;0,0;-0,28;-0,14;-0,01;0,0;-0,04;0,0;-0,01;0,0;-0,01;0,0;-0,02;0,0;-0,02;0,0;-0,28;-0,14;-0,03;0,0;-0,01;0,0;-0,01;0,0;-0,02;0,0;-0,26;-0,12;-0,04;0,0;-0,01;0,0
08.08.2026;08:45;09:00;1,91;0,57;0,0;0,0;-0,11;0,0;-0,24;0,0;-0,11;0,0;-0,01;0,0;-0,04;0,0;-0,01;0,0;-0,02;0,0;-0,02;0,0;-0,01;0,0;-0,03;0,0;0,0;0,0;-0,06;0,0;-0,01;0,0;-0,04;0,0;-0,02;0,0;-0,05;0,0;-0,03;0,0;-0,02;0,0;-0,16;-0,01;-0,01;0,0;-0,02;0,0;-0,01;0,0;-0,01;0,0;-0,16;-0,01;-0,19;-0,04;-0,01;0,0
08.08.2026;09:00;09:15;2,11;0,65;0,0;0,0;-0,11;0,0;-0,25;0,0;-0,08;0,0;-0,01;0,0;-0,03;0,0;-0,52;-0,34;-0,03;0,0;-0,01;0,0;-0,01;0,0;-0,01;0,0;0,0;0,0;-0,02;0,0;-0,01;0,0;-0,03;0,0;-0,01;0,0;-0,05;0,0;-0,03;0,0;-0,02;0,0;-0,15;0,0;-0,01;0,0;-0,01;0,0;-0,01;0,0;-0,01;0,0;-0,32;-0,14;-0,49;-0,31;-0,02;0,0
08.08.2026;09:15;09:30;2,28;1,35;0,0;0,0;-0,45;-0,19;-0,12;0,0;0,0;0,0;0,0;0,0;-0,04;0,0;-0,02;0,0;-0,01;0,0;0,0;0,0;0,0;0,0;-0,01;0,0;0,0;0,0;0,0;0,0;-0,01;0,0;-0,03;0,0;0,0;0,0;-0,05;0,0;-0,02;0,0;-0,03;0,0;-0,15;0,0;-0,01;0,0;-0,01;0,0;-0,01;0,0;-0,02;0,0;-0,05;0,0;-0,06;0,0;-0,02;0,0
08.08.2026;09:30;09:45;2,56;1,37;-0,01;0,0;-0,44;-0,16;-0,1;0,0;0,0;0,0;-0,01;0,0;-0,03;0,0;-0,04;0,0;-0,03;0,0;-0,01;0,0;0,0;0,0;-0,01;0,0;0,0;0,0;-0,02;0,0;-0,02;0,0;-0,03;0,0;-0,01;0,0;-0,14;0,0;-0,04;0,0;-0,12;0,0;-0,14;0,0;-0,03;0,0;-0,01;0,0;-0,02;0,0;-0,01;0,0;-0,01;0,0;-0,06;0,0;-0,01;0,0
08.08.2026;09:45;10:00;2,76;1,87;0,0;0,0;-0,21;0,0;-0,09;0,0;0,0;0,0;-0,01;0,0;-0,04;0,0;-0,02;0,0;-0,01;0,0;0,0;0,0;-0,02;0,0;-0,01;0,0;0,0;0,0;-0,02;0,0;-0,01;0,0;-0,03;0,0;0,0;0,0;-0,06;0,0;-0,02;0,0;-0,02;0,0;-0,17;0,0;-0,02;0,0;-0,01;0,0;0,0;0,0;-0,02;0,0;-0,01;0,0;-0,08;0,0;-0,01;0,0
08.08.2026;10:00;10:15;2,95;1,64;0,0;0,0;-0,37;-0,03;-0,16;0,0;-0,07;0,0;-0,02;0,0;-0,06;0,0;-0,02;0,0;-0,01;0,0;-0,02;0,0;-0,01;0,0;-0,01;0,0;-0,01;0,0;0,0;0,0;-0,05;0,0;-0,03;0,0;-0,01;0,0;-0,02;0,0;-0,03;0,0;-0,02;0,0;-0,08;0,0;-0,01;0,0;-0,01;0,0;-0,02;0,0;0,0;0,0;-0,02;0,0;-0,27;0,0;-0,01;0,0
08.08.2026;10:15;10:30;3,1;1,87;0,0;0,0;-0,5;-0,14;-0,22;0,0;-0,09;0,0;-0,01;0,0;-0,03;0,0;-0,02;0,0;-0,02;0,0;-0,03;0,0;-0,02;0,0;-0,01;0,0;0,0;0,0;-0,01;0,0;-0,08;0,0;-0,03;0,0;-0,01;0,0;-0,02;0,0;-0,01;0,0;-0,03;0,0;-0,02;0,0;-0,01;0,0;-0,01;0,0;-0,01;0,0;-0,01;0,0;-0,02;0,0;-0,15;0,0;0,0;0,0
08.08.2026;10:30;10:45;3,33;2,1;0,0;0,0;-0,49;-0,07;-0,15;0,0;0,0;0,0;-0,01;0,0;-0,04;0,0;-0,02;0,0;-0,01;0,0;-0,02;0,0;-0,01;0,0;0,0;0,0;0,0;0,0;-0,05;0,0;-0,01;0,0;-0,03;0,0;-0,01;0,0;-0,02;0,0;-0,01;0,0;-0,06;0,0;-0,02;0,0;-0,01;0,0;-0,01;0,0;-0,01;0,0;0,0;0,0;-0,01;0,0;-0,29;0,0;-0,01;0,0
08.08.2026;10:45;11:00;2,89;1,8;-0,01;0,0;-0,16;0,0;-0,13;0,0;0,0;0,0;-0,02;0,0;-0,04;0,0;-0,01;0,0;-0,02;0,0;-0,01;0,0;-0,02;0,0;-0,01;0,0;0,0;0,0;-0,04;0,0;-0,02;0,0;-0,1;0,0;-0,01;0,0;0,0;0,0;-0,02;0,0;-0,03;0,0;-0,02;0,0;-0,03;0,0;-0,01;0,0;-0,01;0,0;-0,01;0,0;-0,01;0,0;-0,46;-0,11;0,0;0,0
08.08.2026;11:00;11:15;1,01;0,35;0,0;0,0;-0,02;0,0;-0,2;0,0;-0,04;0,0;-0,01;0,0;-0,05;0,0;-0,02;0,0;-0,01;0,0;0,0;0,0;-0,01;0,0;-0,02;0,0;0,0;0,0;-0,02;0,0;-0,02;0,0;-0,04;0,0;0,0;0,0;-0,01;0,0;-0,01;0,0;-0,03;0,0;-0,01;0,0;-0,02;0,0;-0,01;0,0;-0,01;0,0;-0,01;0,0;0,0;0,0;-0,26;-0,19;-0,02;0,0
08.08.2026;11:15;11:30;0,0;0,0;0,0;0,0;-0,25;-0,25;-0,19;-0,19;-0,05;-0,05;-0,01;-0,01;-0,3;-0,3;-0,11;-0,11;-0,02;-0,02;-0,01;-0,01;-0,02;-0,02;-0,01;-0,01;0,0;0,0;-0,02;-0,02;-0,05;-0,05;-0,03;-0,03;-0,01;-0,01;-0,01;-0,01;-0,01;-0,01;-0,02;-0,02;-0,02;-0,02;-0,01;-0,01;-0,01;-0,01;-0,01;-0,01;-0,01;-0,01;-0,02;-0,02;-0,23;-0,23;-0,02;-0,02
08.08.2026;11:30;11:45;3,74;2,12;0,0;0,0;-0,17;0,0;-0,13;0,0;-0,1;0,0;-0,02;0,0;-0,39;0,0;-0,04;0,0;-0,01;0,0;-0,02;0,0;0,0;0,0;-0,05;0,0;0,0;0,0;-0,05;0,0;-0,01;0,0;-0,03;0,0;0,0;0,0;-0,01;0,0;-0,01;0,0;-0,02;0,0;-0,02;0,0;-0,01;0,0;-0,02;0,0;-0,02;0,0;-0,01;0,0;-0,17;0,0;-0,3;0,0;-0,01;0,0
08.08.2026;11:45;12:00;3,97;2,36;-0,01;0,0;-0,09;0,0;-0,19;0,0;0,0;0,0;-0,01;0,0;-0,24;0,0;-0,15;0,0;-0,01;0,0;-0,02;0,0;0,0;0,0;-0,02;0,0;0,0;0,0;-0,07;0,0;-0,01;0,0;-0,03;0,0;-0,02;0,0;-0,02;0,0;-0,01;0,0;-0,03;0,0;-0,02;0,0;-0,02;0,0;-0,01;0,0;0,0;0,0;-0,02;0,0;-0,31;0,0;-0,28;0,0;-0,02;0,0
08.08.2026;12:00;12:15;4,01;2,74;0,0;0,0;-0,04;0,0;-0,15;0,0;0,0;0,0;-0,01;0,0;-0,1;0,0;-0,26;0,0;-0,02;0,0;-0,01;0,0;0,0;0,0;-0,02;0,0;0,0;0,0;-0,12;0,0;-0,02;0,0;-0,04;0,0;-0,01;0,0;-0,01;0,0;-0,02;0,0;-0,02;0,0;-0,02;0,0;-0,02;0,0;-0,01;0,0;-0,02;0,0;-0,01;0,0;-0,05;0,0;-0,28;0,0;-0,01;0,0
08.08.2026;12:15;12:30;4,07;2,52;0,0;0,0;-0,35;0,0;-0,16;0,0;0,0;0,0;-0,02;0,0;-0,08;0,0;-0,07;0,0;-0,02;0,0;-0,02;0,0;-0,02;0,0;-0,03;0,0;0,0;0,0;-0,03;0,0;-0,15;0,0;-0,03;0,0;-0,01;0,0;0,0;0,0;0,0;0,0;-0,02;0,0;-0,01;0,0;-0,03;0,0;-0,05;0,0;-0,01;0,0;-0,01;0,0;-0,02;0,0;-0,39;0,0;-0,02;0,0
08.08.2026;12:30;12:45;4,1;2,66;0,0;0,0;-0,02;0,0;-0,22;0,0;0,0;0,0;-0,01;0,0;-0,43;0,0;-0,02;0,0;-0,01;0,0;-0,01;0,0;-0,02;0,0;-0,02;0,0;0,0;0,0;-0,03;0,0;-0,07;0,0;-0,04;0,0;0,0;0,0;-0,01;0,0;-0,02;0,0;-0,02;0,0;-0,01;0,0;-0,01;0,0;-0,04;0,0;-0,01;0,0;-0,01;0,0;-0,04;0,0;-0,37;0,0;0,0;0,0
08.08.2026;12:45;13:00;4,1;3,2;-0,01;0,0;-0,01;0,0;-0,07;0,0;0,0;0,0;-0,01;0,0;-0,24;0,0;-0,03;0,0;-0,02;0,0;0,0;0,0;-0,01;0,0;-0,02;0,0;0,0;0,0;-0,06;0,0;-0,04;0,0;-0,05;0,0;-0,01;0,0;-0,02;0,0;-0,01;0,0;-0,07;0,0;-0,02;0,0;-0,01;0,0;-0,05;0,0;-0,01;0,0;-0,01;0,0;-0,08;0,0;-0,04;0,0;0,0;0,0
08.08.2026;13:00;13:15;4,12;3,26;0,0;0,0;-0,02;0,0;-0,18;0,0;0,0;0,0;-0,02;0,0;-0,23;0,0;-0,01;0,0;-0,01;0,0;0,0;0,0;-0,02;0,0;-0,03;0,0;0,0;0,0;-0,02;0,0;-0,03;0,0;-0,03;0,0;0,0;0,0;-0,01;0,0;-0,01;0,0;-0,02;0,0;-0,01;0,0;-0,02;0,0;-0,05;0,0;-0,02;0,0;-0,02;0,0;-0,05;0,0;-0,05;0,0;0,0;0,0
08.08.2026;13:15;13:30;4,08;2,81;0,0;0,0;-0,02;0,0;-0,14;0,0;0,0;0,0;-0,01;0,0;-0,22;0,0;-0,02;0,0;-0,01;0,0;-0,01;0,0;-0,01;0,0;-0,02;0,0;0,0;0,0;-0,03;0,0;-0,04;0,0;-0,03;0,0;-0,01;0,0;-0,01;0,0;-0,02;0,0;-0,02;0,0;-0,37;0,0;-0,02;0,0;-0,04;0,0;0,0;0,0;-0,01;0,0;-0,03;0,0;-0,16;0,0;-0,02;0,0
08.08.2026;13:30;13:45;3,9;2,83;0,0;0,0;-0,02;0,0;-0,19;0,0;-0,01;0,0;-0,01;0,0;-0,05;0,0;-0,02;0,0;-0,02;0,0;-0,02;0,0;-0,02;0,0;-0,02;0,0;0,0;0,0;-0,03;0,0;-0,04;0,0;-0,01;0,0;-0,01;0,0;-0,01;0,0;-0,02;0,0;-0,02;0,0;-0,27;0,0;-0,02;0,0;-0,06;0,0;-0,02;0,0;-0,01;0,0;-0,02;0,0;-0,14;0,0;-0,01;0,0
08.08.2026;13:45;14:00;4,01;3,4;0,0;0,0;-0,05;0,0;-0,07;0,0;0,0;0,0;-0,02;0,0;-0,04;0,0;-0,01;0,0;-0,02;0,0;-0,01;0,0;-0,01;0,0;-0,01;0,0;0,0;0,0;-0,03;0,0;-0,05;0,0;-0,01;0,0;-0,02;0,0;-0,01;0,0;-0,05;0,0;-0,03;0,0;-0,01;0,0;-0,01;0,0;-0,05;0,0;-0,01;0,0;-0,02;0,0;-0,01;0,0;-0,04;0,0;-0,02;0,0
08.08.2026;14:00;14:15;3,98;3,32;-0,01;0,0;-0,03;0,0;-0,09;0,0;0,0;0,0;-0,01;0,0;-0,03;0,0;-0,02;0,0;-0,04;0,0;-0,02;0,0;0,0;0,0;-0,01;0,0;0,0;0,0;-0,01;0,0;-0,12;0,0;-0,01;0,0;0,0;0,0;-0,01;0,0;-0,02;0,0;-0,03;0,0;-0,02;0,0;-0,02;0,0;-0,05;0,0;-0,01;0,0;-0,02;0,0;-0,02;0,0;-0,05;0,0;-0,01;0,0
08.08.2026;14:15;14:30;3,82;3,0;0,0;0,0;-0,02;0,0;-0,24;0,0;0,0;0,0;-0,02;0,0;-0,04;0,0;-0,01;0,0;-0,06;0,0;-0,02;0,0;0,0;0,0;-0,01;0,0;0,0;0,0;-0,01;0,0;-0,03;0,0;-0,01;0,0;0,0;0,0;-0,01;0,0;-0,04;0,0;-0,02;0,0;-0,02;0,0;-0,02;0,0;-0,07;0,0;-0,01;0,0;-0,09;0,0;-0,01;0,0;-0,04;0,0;-0,02;0,0
08.08.2026;14:30;14:45;2,63;1,86;0,0;0,0;-0,02;0,0;-0,13;0,0;0,0;0,0;-0,01;0,0;-0,04;0,0;-0,02;0,0;-0,01;0,0;0,0;0,0;-0,01;0,0;-0,01;0,0;0,0;0,0;-0,03;0,0;-0,04;0,0;-0,01;0,0;-0,01;0,0;-0,02;0,0;-0,03;0,0;-0,02;0,0;-0,01;0,0;-0,02;0,0;-0,07;0,0;-0,01;0,0;-0,2;0,0;-0,01;0,0;-0,03;0,0;-0,01;0,0
08.08.2026;14:45;15:00;0,43;0,13;0,0;0,0;-0,01;0,0;-0,15;-0,08;0,0;0,0;-0,01;0,0;-0,04;-0,03;-0,04;-0,03;-0,05;-0,04;-0,01;0,0;-0,02;-0,01;-0,01;0,0;0,0;0,0;-0,03;-0,02;-0,04;-0,03;-0,01;0,0;-0,01;0,0;-0,01;0,0;-0,02;-0,01;-0,03;-0,02;-0,01;0,0;-0,02;-0,01;-0,05;-0,04;-0,01;0,0;-0,04;-0,03;-0,01;0,0;-0,04;-0,03;-0,02;-0,01
08.08.2026;15:00;15:15;1,43;0,85;-0,01;0,0;-0,02;0,0;-0,11;0,0;0,0;0,0;-0,02;0,0;-0,03;0,0;-0,03;0,0;-0,02;0,0;0,0;0,0;-0,01;0,0;-0,01;0,0;-0,01;0,0;-0,02;0,0;-0,03;0,0;-0,01;0,0;-0,01;0,0;0,0;0,0;-0,04;0,0;-0,02;0,0;-0,01;0,0;-0,01;0,0;-0,05;0,0;-0,01;0,0;-0,05;0,0;-0,01;0,0;-0,03;0,0;-0,01;0,0
08.08.2026;15:15;15:30;3,44;2,84;0,0;0,0;-0,02;0,0;-0,07;0,0;-0,01;0,0;-0,01;0,0;-0,04;0,0;-0,03;0,0;-0,01;0,0;-0,01;0,0;-0,02;0,0;-0,01;0,0;0,0;0,0;-0,03;0,0;-0,03;0,0;-0,01;0,0;-0,01;0,0;-0,01;0,0;-0,02;0,0;-0,02;0,0;-0,02;0,0;-0,01;0,0;-0,04;0,0;-0,02;0,0;-0,05;0,0;-0,01;0,0;-0,09;0,0;0,0;0,0
08.08.2026;15:30;15:45;3,32;2,66;0,0;0,0;-0,01;0,0;-0,11;0,0;0,0;0,0;-0,01;0,0;-0,04;0,0;-0,04;0,0;-0,02;0,0;-0,01;0,0;-0,01;0,0;-0,01;0,0;0,0;0,0;-0,04;0,0;-0,03;0,0;-0,01;0,0;-0,01;0,0;-0,01;0,0;-0,03;0,0;-0,03;0,0;-0,01;0,0;-0,03;0,0;-0,05;0,0;0,0;0,0;-0,07;0,0;-0,02;0,0;-0,06;0,0;0,0;0,0
08.08.2026;15:45;16:00;3,15;2,54;0,0;0,0;-0,03;0,0;-0,07;0,0;0,0;0,0;-0,02;0,0;-0,04;0,0;-0,03;0,0;-0,01;0,0;-0,02;0,0;-0,02;0,0;-0,03;0,0;0,0;0,0;-0,04;0,0;-0,02;0,0;-0,01;0,0;0,0;0,0;-0,02;0,0;-0,03;0,0;-0,06;0,0;-0,01;0,0;-0,02;0,0;-0,04;0,0;-0,02;0,0;-0,01;0,0;-0,01;0,0;-0,04;0,0;-0,01;0,0
08.08.2026;16:00;16:15;2,97;2,21;0,0;0,0;-0,03;0,0;-0,08;0,0;0,0;0,0;-0,01;0,0;-0,03;0,0;-0,02;0,0;-0,01;0,0;-0,02;0,0;-0,01;0,0;-0,03;0,0;0,0;0,0;-0,07;0,0;-0,05;0,0;-0,02;0,0;0,0;0,0;-0,01;0,0;-0,02;0,0;-0,13;0,0;-0,01;0,0;-0,02;0,0;-0,08;0,0;-0,01;0,0;-0,02;0,0;-0,02;0,0;-0,04;0,0;-0,02;0,0
08.08.2026;16:15;16:30;2,78;2,14;-0,01;0,0;-0,02;0,0;-0,1;0,0;0,0;0,0;-0,01;0,0;-0,04;0,0;-0,03;0,0;-0,02;0,0;-0,01;0,0;-0,01;0,0;-0,02;0,0;0,0;0,0;-0,04;0,0;-0,08;0,0;0,0;0,0;-0,02;0,0;-0,01;0,0;-0,04;0,0;-0,02;0,0;-0,02;0,0;-0,01;0,0;-0,04;0,0;-0,01;0,0;-0,01;0,0;-0,01;0,0;-0,05;0,0;-0,01;0,0
08.08.2026;16:30;16:45;2,62;1,64;0,0;0,0;-0,03;0,0;-0,07;0,0;0,0;0,0;-0,02;0,0;-0,04;0,0;-0,03;0,0;-0,01;0,0;-0,01;0,0;0,0;0,0;-0,03;0,0;0,0;0,0;-0,03;0,0;-0,4;-0,08;-0,02;0,0;-0,01;0,0;-0,01;0,0;-0,02;0,0;-0,17;0,0;0,0;0,0;-0,01;0,0;-0,06;0,0;-0,01;0,0;-0,02;0,0;0,0;0,0;-0,04;0,0;-0,02;0,0
08.08.2026;16:45;17:00;2,43;1,54;0,0;0,0;-0,02;0,0;-0,07;0,0;0,0;0,0;-0,01;0,0;-0,04;0,0;-0,02;0,0;-0,02;0,0;-0,01;0,0;-0,01;0,0;-0,02;0,0;0,0;0,0;-0,03;0,0;-0,05;0,0;0,0;0,0;-0,01;0,0;-0,01;0,0;-0,04;0,0;-0,48;-0,19;-0,02;0,0;-0,03;0,0;-0,05;0,0;-0,02;0,0;-0,01;0,0;-0,02;0,0;-0,08;0,0;-0,01;0,0
08.08.2026;17:00;17:15;2,24;1,11;0,0;0,0;-0,03;0,0;-0,07;0,0;-0,01;0,0;-0,01;0,0;-0,03;0,0;-0,03;0,0;-0,04;0,0;0,0;0,0;0,0;0,0;-0,02;0,0;0,0;0,0;-0,04;0,0;-0,27;-0,04;-0,01;0,0;0,0;0,0;-0,01;0,0;-0,02;0,0;-0,19;0,0;-0,01;0,0;-0,03;0,0;-0,05;0,0;0,0;0,0;-0,11;0,0;-0,01;0,0;-0,16;0,0;-0,02;0,0
08.08.2026;17:15;17:30;1,96;0,96;-0,01;0,0;-0,02;0,0;-0,08;0,0;0,0;0,0;-0,02;0,0;-0,04;0,0;-0,03;0,0;-0,02;0,0;-0,01;0,0;-0,02;0,0;-0,03;0,0;0,0;0,0;-0,04;0,0;-0,04;0,0;-0,02;0,0;-0,01;0,0;-0,01;0,0;-0,04;0,0;-0,1;0,0;-0,01;0,0;-0,01;0,0;-0,05;0,0;-0,02;0,0;-0,16;0,0;-0,01;0,0;-0,24;-0,05;-0,01;0,0
08.08.2026;17:30;17:45;1,72;0,73;0,0;0,0;-0,03;0,0;-0,08;0,0;0,0;0,0;-0,01;0,0;-0,04;0,0;-0,36;-0,2;-0,03;0,0;0,0;0,0;-0,02;0,0;-0,02;0,0;0,0;0,0;-0,02;0,0;-0,04;0,0;-0,01;0,0;0,0;0,0;-0,02;0,0;-0,02;0,0;-0,05;0,0;-0,01;0,0;-0,01;0,0;-0,05;0,0;-0,01;0,0;-0,24;-0,08;-0,02;0,0;-0,2;-0,04;-0,02;0,0
08.08.2026;17:45;18:00;1,49;0,63;0,0;0,0;-0,02;0,0;-0,25;0,0;0,0;0,0;-0,01;0,0;-0,03;0,0;-0,07;0,0;-0,01;0,0;-0,02;0,0;-0,01;0,0;-0,01;0,0;0,0;0,0;-0,02;0,0;-0,04;0,0;-0,01;0,0;-0,01;0,0;0,0;0,0;-0,02;0,0;-0,05;0,0;-0,01;0,0;-0,02;0,0;-0,04;0,0;-0,01;0,0;-0,23;-0,1;-0,02;0,0;-0,05;0,0;0,0;0,0
08.08.2026;18:00;18:15;1,25;0,25;0,0;0,0;-0,09;-0,01;-0,22;0,0;0,0;0,0;-0,02;0,0;-0,05;0,0;-0,03;0,0;-0,01;0,0;-0,02;0,0;-0,01;0,0;-0,03;0,0;0,0;0,0;-0,07;0,0;-0,04;0,0;-0,01;0,0;-0,01;0,0;-0,01;0,0;-0,08;0,0;-0,05;0,0;-0,01;0,0;-0,02;0,0;-0,05;0,0;-0,01;0,0;-0,21;-0,13;-0,01;0,0;-0,1;-0,02;0,0;0,0
08.08.2026;18:15;18:30;1,02;0,3;0,0;0,0;-0,03;0,0;-0,09;0,0;0,0;0,0;-0,01;0,0;-0,05;0,0;-0,03;0,0;-0,02;0,0;-0,02;0,0;-0,02;0,0;-0,01;0,0;0,0;0,0;-0,05;0,0;-0,04;0,0;0,0;0,0;-0,02;0,0;-0,01;0,0;-0,14;-0,07;-0,05;0,0;-0,02;0,0;-0,03;0,0;-0,04;0,0;-0,01;0,0;-0,25;-0,18;0,0;0,0;-0,03;0,0;0,0;0,0
08.08.2026;18:30;18:45;0,04;0,04;-0,01;-0,01;-0,04;-0,04;-0,14;-0,14;0,0;0,0;-0,01;-0,01;-0,03;-0,03;-0,15;-0,15;-0,02;-0,02;-0,02;-0,02;-0,01;-0,01;-0,02;-0,02;0,0;0,0;-0,03;-0,03;-0,04;-0,04;-0,02;-0,02;0,0;0,0;-0,01;-0,01;-0,03;-0,03;-0,04;-0,04;-0,01;-0,01;-0,01;-0,01;-0,05;-0,05;-0,01;-0,01;-0,24;-0,24;-0,01;-0,01;-0,04;-0,04;-0,02;-0,02
08.08.2026;18:45;19:00;0,0;0,0;0,0;0,0;-0,02;-0,02;-0,21;-0,21;0,0;0,0;-0,02;-0,02;-0,05;-0,05;-0,21;-0,21;-0,01;-0,01;-0,05;-0,05;-0,02;-0,02;-0,02;-0,02;0,0;0,0;-0,02;-0,02;-0,04;-0,04;-0,01;-0,01;-0,01;-0,01;-0,02;-0,02;-0,02;-0,02;-0,05;-0,05;-0,01;-0,01;-0,01;-0,01;-0,05;-0,05;-0,02;-0,02;-0,14;-0,14;-0,02;-0,02;-0,03;-0,03;-0,01;-0,01
08.08.2026;19:00;19:15;0,32;0,08;0,0;0,0;-0,02;-0,01;-0,18;-0,16;-0,01;0,0;-0,01;0,0;-0,04;-0,03;-0,04;-0,03;-0,02;-0,01;-0,06;-0,05;0,0;0,0;-0,22;-0,21;0,0;0,0;-0,04;-0,03;-0,05;-0,04;-0,01;0,0;0,0;0,0;-0,01;0,0;-0,04;-0,03;-0,06;-0,05;-0,01;0,0;-0,01;0,0;-0,04;-0,03;-0,03;-0,02;-0,12;-0,11;-0,01;0,0;-0,04;-0,03;-0,02;-0,01
08.08.2026;19:15;19:30;0,35;0,1;0,0;0,0;-0,1;-0,09;-0,12;-0,09;0,0;0,0;-0,01;0,0;-0,04;-0,03;-0,03;-0,02;-0,02;-0,01;-0,08;-0,07;0,0;0,0;-0,3;-0,29;0,0;0,0;-0,03;-0,02;-0,04;-0,03;-0,02;-0,01;-0,01;0,0;-0,01;0,0;-0,01;0,0;-0,05;-0,04;-0,01;0,0;-0,03;-0,02;-0,05;-0,04;-0,02;-0,01;-0,12;-0,11;-0,02;-0,01;-0,02;-0,01;-0,01;0,0
08.08.2026;19:30;19:45;0,21;0,16;-0,01;-0,01;-0,02;-0,02;-0,24;-0,19;0,0;0,0;-0,02;-0,02;-0,04;-0,04;-0,03;-0,03;-0,01;-0,01;-0,07;-0,07;0,0;0,0;-0,12;-0,12;0,0;0,0;-0,03;-0,03;-0,13;-0,13;-0,02;-0,02;-0,01;-0,01;-0,01;-0,01;-0,04;-0,04;-0,03;-0,03;-0,02;-0,02;-0,02;-0,02;-0,04;-0,04;-0,01;-0,01;-0,11;-0,11;-0,02;-0,02;-0,04;-0,04;-0,09;-0,09
08.08.2026;19:45;20:00;0,1;0,1;0,0;0,0;-0,05;-0,05;-0,26;-0,26;0,0;0,0;-0,01;-0,01;-0,04;-0,04;-0,03;-0,03;-0,03;-0,03;-0,06;-0,06;-0,02;-0,02;-0,02;-0,02;0,0;0,0;-0,03;-0,03;-0,33;-0,33;-0,01;-0,01;-0,01;-0,01;-0,01;-0,01;-0,01;-0,01;-0,05;-0,05;0,0;0,0;-0,01;-0,01;-0,05;-0,05;-0,01;-0,01;-0,13;-0,13;0,0;0,0;-0,03;-0,03;-0,35;-0,35
08.08.2026;20:00;20:15;0,04;0,04;0,0;0,0;-0,03;-0,03;-0,25;-0,25;0,0;0,0;-0,01;-0,01;-0,04;-0,04;-0,02;-0,02;-0,04;-0,04;-0,09;-0,09;-0,02;-0,02;-0,02;-0,02;-0,01;-0,01;-0,06;-0,06;-0,06;-0,06;-0,02;-0,02;-0,01;-0,01;-0,01;-0,01;-0,03;-0,03;-0,02;-0,02;-0,02;-0,02;-0,01;-0,01;-0,05;-0,05;-0,02;-0,02;-0,29;-0,29;-0,01;-0,01;-0,06;-0,06;-0,34;-0,34
08.08.2026;20:15;20:30;0,01;0,01;0,0;0,0;-0,03;-0,03;-0,22;-0,22;0,0;0,0;-0,02;-0,02;-0,03;-0,03;-0,03;-0,03;-0,04;-0,04;-0,08;-0,08;-0,01;-0,01;-0,02;-0,02;0,0;0,0;-0,04;-0,04;-0,03;-0,03;-0,01;-0,01;0,0;0,0;-0,01;-0,01;-0,02;-0,02;-0,02;-0,02;-0,01;-0,01;-0,02;-0,02;-0,04;-0,04;-0,02;-0,02;-0,14;-0,14;-0,01;-0,01;-0,05;-0,05;-0,08;-0,08
08.08.2026;20:30;20:45;0,01;0,01;0,0;0,0;-0,18;-0,18;-0,07;-0,07;0,0;0,0;-0,01;-0,01;-0,04;-0,04;-0,05;-0,05;-0,04;-0,04;-0,1;-0,1;-0,02;-0,02;-0,02;-0,02;0,0;0,0;-0,02;-0,02;-0,19;-0,19;-0,03;-0,03;-0,01;-0,01;-0,02;-0,02;-0,01;-0,01;-0,03;-0,03;-0,01;-0,01;-0,02;-0,02;-0,03;-0,03;-0,02;-0,02;-0,28;-0,28;-0,02;-0,02;-0,03;-0,03;-0,07;-0,07
08.08.2026;20:45;21:00;0,0;0,0;-0,01;-0,01;-0,45;-0,45;-0,07;-0,07;0,0;0,0;-0,01;-0,01;-0,04;-0,04;-0,07;-0,07;-0,05;-0,05;-0,09;-0,09;-0,01;-0,01;-0,02;-0,02;0,0;0,0;-0,03;-0,03;-0,04;-0,04;-0,03;-0,03;0,0;0,0;0,0;0,0;-0,03;-0,03;-0,02;-0,02;-0,01;-0,01;-0,02;-0,02;-0,02;-0,02;0,0;0,0;-0,26;-0,26;-0,01;-0,01;-0,03;-0,03;-0,05;-0,05
08.08.2026;21:00;21:15;0,0;0,0;0,0;0,0;-0,36;-0,36;-0,07;-0,07;0,0;0,0;-0,02;-0,02;-0,04;-0,04;-0,04;-0,04;-0,04;-0,04;-0,09;-0,09;-0,01;-0,01;-0,01;-0,01;0,0;0,0;-0,04;-0,04;-0,04;-0,04;-0,03;-0,03;-0,02;-0,02;-0,01;-0,01;-0,02;-0,02;-0,02;-0,02;-0,01;-0,01;-0,01;-0,01;-0,01;-0,01;-0,01;-0,01;-0,16;-0,16;-0,02;-0,02;-0,03;-0,03;-0,04;-0,04
08.08.2026;21:15;21:30;0,0;0,0;0,0;0,0;-0,16;-0,16;-0,11;-0,11;0,0;0,0;-0,01;-0,01;-0,04;-0,04;-0,04;-0,04;-0,35;-0,35;-0,08;-0,08;-0,02;-0,02;-0,02;-0,02;0,0;0,0;-0,04;-0,04;-0,05;-0,05;-0,03;-0,03;-0,01;-0,01;-0,01;-0,01;-0,03;-0,03;-0,02;-0,02;-0,01;-0,01;-0,01;-0,01;-0,01;-0,01;-0,01;-0,01;-0,12;-0,12;-0,01;-0,01;-0,03;-0,03;-0,05;-0,05
08.08.2026;21:30;21:45;0,0;0,0;0,0;0,0;-0,04;-0,04;-0,08;-0,08;0,0;0,0;-0,01;-0,01;-0,04;-0,04;-0,03;-0,03;-0,07;-0,07;-0,08;-0,08;0,0;0,0;-0,03;-0,03;0,0;0,0;-0,03;-0,03;-0,05;-0,05;-0,04;-0,04;-0,01;-0,01;-0,02;-0,02;-0,01;-0,01;-0,02;-0,02;-0,02;-0,02;-0,02;-0,02;-0,01;-0,01;-0,02;-0,02;-0,27;-0,27;-0,01;-0,01;-0,03;-0,03;-0,05;-0,05
08.08.2026;21:45;22:00;0,0;0,0;-0,01;-0,01;-0,03;-0,03;-0,07;-0,07;-0,01;-0,01;-0,02;-0,02;-0,03;-0,03;-0,04;-0,04;-0,08;-0,08;-0,08;-0,08;0,0;0,0;-0,01;-0,01;0,0;0,0;-0,03;-0,03;-0,03;-0,03;-0,02;-0,02;0,0;0,0;-0,01;-0,01;-0,03;-0,03;-0,02;-0,02;-0,01;-0,01;-0,02;-0,02;-0,01;-0,01;-0,01;-0,01;-0,27;-0,27;-0,01;-0,01;-0,02;-0,02;-0,03;-0,03
08.08.2026;22:00;22:15;0,0;0,0;0,0;0,0;-0,04;-0,04;-0,17;-0,17;0,0;0,0;-0,01;-0,01;-0,04;-0,04;-0,02;-0,02;-0,07;-0,07;-0,07;-0,07;0,0;0,0;-0,01;-0,01;0,0;0,0;-0,04;-0,04;-0,03;-0,03;-0,05;-0,05;0,0;0,0;-0,01;-0,01;-0,02;-0,02;-0,03;-0,03;0,0;0,0;-0,02;-0,02;-0,02;-0,02;-0,01;-0,01;-0,19;-0,19;-0,01;-0,01;-0,03;-0,03;-0,02;-0,02
08.08.2026;22:15;22:30;0,0;0,0;0,0;0,0;-0,03;-0,03;-0,08;-0,08;0,0;0,0;-0,01;-0,01;-0,04;-0,04;-0,03;-0,03;-0,09;-0,09;-0,05;-0,05;-0,02;-0,02;-0,01;-0,01;0,0;0,0;-0,02;-0,02;-0,03;-0,03;-0,03;-0,03;-0,01;-0,01;-0,01;-0,01;0,0;0,0;-0,02;-0,02;-0,01;-0,01;-0,01;-0,01;-0,01;-0,01;-0,01;-0,01;-0,12;-0,12;-0,01;-0,01;-0,03;-0,03;-0,03;-0,03
08.08.2026;22:30;22:45;0,0;0,0;0,0;0,0;-0,03;-0,03;-0,1;-0,1;0,0;0,0;-0,01;-0,01;-0,04;-0,04;-0,02;-0,02;-0,05;-0,05;0,0;0,0;-0,02;-0,02;-0,01;-0,01;0,0;0,0;-0,02;-0,02;-0,33;-0,33;-0,02;-0,02;-0,01;-0,01;0,0;0,0;-0,03;-0,03;-0,06;-0,06;-0,01;-0,01;-0,01;-0,01;-0,01;-0,01;-0,03;-0,03;-0,09;-0,09;-0,02;-0,02;-0,02;-0,02;-0,02;-0,02
08.08.2026;22:45;23:00;0,0;0,0;-0,01;-0,01;-0,02;-0,02;-0,14;-0,14;0,0;0,0;0,0;0,0;-0,03;-0,03;-0,04;-0,04;-0,05;-0,05;-0,02;-0,02;-0,02;-0,02;-0,01;-0,01;0,0;0,0;-0,02;-0,02;-0,29;-0,29;-0,03;-0,03;-0,01;-0,01;-0,02;-0,02;0,0;0,0;-0,03;-0,03;-0,01;-0,01;-0,02;-0,02;-0,01;-0,01;-0,04;-0,04;-0,05;-0,05;-0,01;-0,01;-0,03;-0,03;-0,03;-0,03
08.08.2026;23:00;23:15;0,0;0,0;0,0;0,0;-0,03;-0,03;-0,1;-0,1;0,0;0,0;-0,01;-0,01;-0,04;-0,04;-0,02;-0,02;-0,05;-0,05;-0,02;-0,02;-0,01;-0,01;-0,01;-0,01;0,0;0,0;-0,02;-0,02;-0,1;-0,1;-0,02;-0,02;-0,01;-0,01;-0,01;-0,01;-0,02;-0,02;-0,06;-0,06;-0,01;-0,01;-0,03;-0,03;-0,01;-0,01;-0,02;-0,02;-0,11;-0,11;-0,02;-0,02;-0,03;-0,03;-0,02;-0,02
08.08.2026;23:15;23:30;0,0;0,0;0,0;0,0;-0,02;-0,02;-0,12;-0,12;0,0;0,0;0,0;0,0;-0,04;-0,04;-0,03;-0,03;-0,05;-0,05;-0,02;-0,02;-0,01;-0,01;0,0;0,0;0,0;0,0;-0,01;-0,01;-0,06;-0,06;-0,02;-0,02;0,0;0,0;-0,02;-0,02;-0,01;-0,01;-0,03;-0,03;-0,02;-0,02;-0,02;-0,02;-0,01;-0,01;-0,04;-0,04;-0,05;-0,05;0,0;0,0;-0,02;-0,02;-0,02;-0,02
08.08.2026;23:30;23:45;0,0;0,0;0,0;0,0;-0,02;-0,02;-0,06;-0,06;0,0;0,0;-0,01;-0,01;-0,03;-0,03;-0,02;-0,02;-0,07;-0,07;-0,02;-0,02;-0,02;-0,02;-0,01;-0,01;0,0;0,0;-0,01;-0,01;-0,06;-0,06;-0,02;-0,02;-0,01;-0,01;-0,01;-0,01;-0,01;-0,01;-0,03;-0,03;-0,01;-0,01;0,0;0,0;-0,01;-0,01;-0,04;-0,04;-0,01;-0,01;-0,01;-0,01;-0,03;-0,03;-0,02;-0,02
08.08.2026;23:45;00:00;0,0;0,0;0,0;0,0;0,0;0,0;-0,09;-0,09;0,0;0,0;-0,02;-0,02;-0,04;-0,04;-0,02;-0,02;-0,02;-0,02;-0,02;-0,02;-0,01;-0,01;-0,01;-0,01;0,0;0,0;-0,01;-0,01;-0,11;-0,11;-0,01;-0,01;-0,01;-0,01;0,0;0,0;-0,02;-0,02;-0,02;-0,02;-0,01;-0,01;-0,01;-0,01;-0,02;-0,02;-0,04;-0,04;-0,01;-0,01;-0,02;-0,02;-0,03;-0,03;-0,02;-0,02
09.08.2026;00:00;00:15;0,0;0,0;-0,01;-0,01;-0,01;-0,01;-0,14;-0,14;0,0;0,0;-0,01;-0,01;-0,04;-0,04;-0,01;-0,01;-0,02;-0,02;0,0;0,0;0,0;0,0;0,0;0,0;0,0;0,0;-0,02;-0,02;-0,05;-0,05;-0,01;-0,01;-0,01;-0,01;-0,01;-0,01;0,0;0,0;-0,02;-0,02;-0,01;-0,01;-0,03;-0,03;-0,01;-0,01;-0,03;-0,03;-0,01;-0,01;-0,01;-0,01;-0,04;-0,04;-0,02;-0,02
09.08.2026;00:15;00:30;0,0;0,0;0,0;0,0;-0,01;-0,01;-0,12;-0,12;0,0;0,0;-0,01;-0,01;-0,03;-0,03;-0,01;-0,01;-0,02;-0,02;-0,01;-0,01;-0,01;-0,01;-0,02;-0,02;0,0;0,0;0,0;0,0;-0,03;-0,03;-0,01;-0,01;-0,01;-0,01;-0,01;-0,01;-0,02;-0,02;-0,02;-0,02;-0,01;-0,01;-0,02;-0,02;-0,01;-0,01;-0,05;-0,05;-0,02;-0,02;-0,01;-0,01;-0,04;-0,04;-0,02;-0,02
09.08.2026;00:30;00:45;0,0;0,0;0,0;0,0;-0,02;-0,02;-0,16;-0,16;0,0;0,0;-0,02;-0,02;-0,04;-0,04;-0,01;-0,01;-0,02;-0,02;0,0;0,0;0,0;0,0;0,0;0,0;0,0;0,0;-0,01;-0,01;-0,02;-0,02;-0,01;-0,01;-0,01;-0,01;-0,02;-0,02;-0,01;-0,01;-0,02;-0,02;-0,02;-0,02;-0,02;-0,02;-0,01;-0,01;-0,05;-0,05;-0,01;-0,01;-0,02;-0,02;-0,03;-0,03;-0,02;-0,02
09.08.2026;00:45;01:00;0,0;0,0;0,0;0,0;-0,01;-0,01;-0,17;-0,17;0,0;0,0;-0,01;-0,01;-0,04;-0,04;-0,01;-0,01;-0,02;-0,02;-0,01;-0,01;-0,01;-0,01;-0,01;-0,01;0,0;0,0;-0,02;-0,02;-0,01;-0,01;-0,01;-0,01;0,0;0,0;-0,01;-0,01;0,0;0,0;-0,02;-0,02;-0,01;-0,01;-0,01;-0,01;-0,01;-0,01;-0,03;-0,03;-0,01;-0,01;-0,01;-0,01;-0,02;-0,02;-0,02;-0,02
09.08.2026;01:00;01:15;0,0;0,0;-0,01;-0,01;0,0;0,0;-0,14;-0,14;-0,01;-0,01;-0,01;-0,01;-0,03;-0,03;-0,01;-0,01;0,0;0,0;-0,01;-0,01;-0,02;-0,02;-0,01;-0,01;-0,01;-0,01;-0,01;-0,01;-0,01;-0,01;-0,01;-0,01;0,0;0,0;-0,01;-0,01;-0,02;-0,02;-0,02;-0,02;-0,01;-0,01;-0,01;-0,01;-0,01;-0,01;-0,04;-0,04;-0,01;-0,01;-0,01;-0,01;-0,02;-0,02;-0,02;-0,02
09.08.2026;01:15;01:30;0,0;0,0;0,0;0,0;-0,02;-0,02;-0,13;-0,13;0,0;0,0;-0,02;-0,02;-0,04;-0,04;-0,01;-0,01;-0,02;-0,02;-0,02;-0,02;-0,02;-0,02;-0,01;-0,01;0,0;0,0;0,0;0,0;-0,03;-0,03;-0,01;-0,01;-0,01;-0,01;-0,01;-0,01;-0,01;-0,01;-0,03;-0,03;-0,01;-0,01;-0,02;-0,02;-0,01;-0,01;-0,03;-0,03;-0,02;-0,02;-0,01;-0,01;-0,01;-0,01;0,0;0,0
09.08.2026;01:30;01:45;0,0;0,0;0,0;0,0;-0,01;-0,01;-0,13;-0,13;0,0;0,0;-0,01;-0,01;-0,04;-0,04;-0,01;-0,01;-0,02;-0,02;-0,01;-0,01;-0,01;-0,01;0,0;0,0;0,0;0,0;-0,01;-0,01;-0,01;-0,01;-0,01;-0,01;-0,02;-0,02;0,0;0,0;-0,02;-0,02;-0,02;-0,02;-0,01;-0,01;-0,02;-0,02;-0,01;-0,01;-0,02;-0,02;-0,01;-0,01;-0,01;-0,01;-0,01;-0,01;0,0;0,0
09.08.2026;01:45;02:00;0,0;0,0;0,0;0,0;-0,01;-0,01;-0,14;-0,14;0,0;0,0;-0,01;-0,01;-0,03;-0,03;-0,01;-0,01;0,0;0,0;-0,02;-0,02;-0,01;-0,01;-0,02;-0,02;0,0;0,0;-0,02;-0,02;-0,02;-0,02;-0,01;-0,01;-0,01;-0,01;-0,02;-0,02;-0,01;-0,01;-0,02;-0,02;-0,01;-0,01;-0,02;-0,02;-0,02;-0,02;-0,01;-0,01;-0,01;-0,01;-0,01;-0,01;-0,02;-0,02;-0,01;-0,01
09.08.2026;02:00;02:15;0,0;0,0;0,0;0,0;-0,01;-0,01;-0,14;-0,14;0,0;0,0;0,0;0,0;-0,04;-0,04;-0,01;-0,01;-0,02;-0,02;-0,01;-0,01;-0,02;-0,02;0,0;0,0;0,0;0,0;-0,01;-0,01;-0,13;-0,13;-0,01;-0,01;0,0;0,0;-0,01;-0,01;0,0;0,0;-0,02;-0,02;-0,02;-0,02;-0,01;-0,01;0,0;0,0;0,0;0,0;-0,01;-0,01;-0,02;-0,02;-0,01;-0,01;-0,01;-0,01
09.08.2026;02:15;02:30;0,0;0,0;-0,01;-0,01;-0,01;-0,01;-0,16;-0,16;0,0;0,0;-0,01;-0,01;-0,05;-0,05;-0,01;-0,01;-0,02;-0,02;-0,01;-0,01;-0,01;-0,01;-0,01;-0,01;0,0;0,0;-0,01;-0,01;-0,01;-0,01;-0,02;-0,02;0,0;0,0;-0,02;-0,02;-0,02;-0,02;-0,02;-0,02;0,0;0,0;-0,01;-0,01;-0,02;-0,02;-0,02;-0,02;-0,01;-0,01;-0,01;-0,01;-0,01;-0,01;-0,02;-0,02
09.08.2026;02:30;02:45;0,0;0,0;0,0;0,0;-0,01;-0,01;-0,17;-0,17;0,0;0,0;0,0;0,0;-0,03;-0,03;-0,01;-0,01;-0,01;-0,01;0,0;0,0;0,0;0,0;-0,01;-0,01;0,0;0,0;-0,01;-0,01;-0,01;-0,01;-0,01;-0,01;-0,01;-0,01;-0,01;-0,01;-0,01;-0,01;-0,02;-0,02;-0,02;-0,02;-0,02;-0,02;-0,01;-0,01;-0,01;-0,01;-0,02;-0,02;-0,02;-0,02;-0,02;-0,02;-0,03;-0,03
09.08.2026;02:45;03:00;0,0;0,0;0,0;0,0;-0,01;-0,01;-0,2;-0,2;0,0;0,0;-0,02;-0,02;-0,05;-0,05;-0,01;-0,01;-0,02;-0,02;-0,01;-0,01;-0,01;-0,01;0,0;0,0;0,0;0,0;-0,02;-0,02;-0,01;-0,01;-0,02;-0,02;-0,01;-0,01;0,0;0,0;-0,02;-0,02;-0,02;-0,02;-0,01;-0,01;-0,02;-0,02;-0,01;-0,01;-0,01;-0,01;-0,01;-0,01;-0,01;-0,01;-0,01;-0,01;-0,02;-0,02
09.08.2026;03:00;03:15;0,0;0,0;0,0;0,0;-0,01;-0,01;-0,17;-0,17;0,0;0,0;-0,01;-0,01;-0,04;-0,04;-0,02;-0,02;-0,01;-0,01;0,0;0,0;0,0;0,0;-0,02;-0,02;0,0;0,0;0,0;0,0;-0,02;-0,02;-0,02;-0,02;-0,01;-0,01;-0,01;-0,01;0,0;0,0;-0,03;-0,03;-0,01;-0,01;-0,02;-0,02;-0,01;-0,01;-0,01;-0,01;-0,01;-0,01;-0,02;-0,02;-0,01;-0,01;-0,02;-0,02
09.08.2026;03:15;03:30;0,0;0,0;-0,01;-0,01;-0,01;-0,01;-0,18;-0,18;0,0;0,0;-0,01;-0,01;-0,04;-0,04;0,0;0,0;-0,01;-0,01;-0,01;-0,01;-0,02;-0,02;0,0;0,0;0,0;0,0;-0,01;-0,01;-0,01;-0,01;0,0;0,0;-0,01;-0,01;-0,01;-0,01;-0,01;-0,01;-0,02;-0,02;-0,01;-0,01;-0,01;-0,01;-0,01;-0,01;-0,02;-0,02;-0,02;-0,02;-0,02;-0,02;-0,01;-0,01;-0,02;-0,02
09.08.2026;03:30;03:45;0,0;0,0;0,0;0,0;-0,01;-0,01;-0,14;-0,14;0,0;0,0;-0,02;-0,02;-0,04;-0,04;-0,02;-0,02;-0,02;-0,02;-0,02;-0,02;-0,01;-0,01;-0,01;-0,01;0,0;0,0;-0,01;-0,01;0,0;0,0;-0,02;-0,02;0,0;0,0;-0,02;-0,02;-0,02;-0,02;-0,02;-0,02;-0,01;-0,01;-0,01;-0,01;-0,01;-0,01;-0,01;-0,01;-0,01;-0,01;-0,01;-0,01;-0,01;-0,01;-0,03;-0,03
09.08.2026;03:45;04:00;0,0;0,0;0,0;0,0;-0,01;-0,01;-0,16;-0,16;0,0;0,0;-0,01;-0,01;-0,04;-0,04;0,0;0,0;-0,02;-0,02;-0,02;-0,02;-0,02;-0,02;-0,01;-0,01;0,0;0,0;-0,02;-0,02;-0,01;-0,01;-0,01;-0,01;-0,01;-0,01;-0,01;-0,01;0,0;0,0;-0,02;-0,02;-0,01;-0,01;-0,02;-0,02;-0,01;-0,01;0,0;0,0;-0,02;-0,02;-0,01;-0,01;-0,01;-0,01;-0,02;-0,02
09.08.2026;04:00;04:15;0,0;0,0;0,0;0,0;-0,02;-0,02;-0,2;-0,2;0,0;0,0;-0,02;-0,02;-0,04;-0,04;-0,01;-0,01;-0,01;-0,01;-0,02;-0,02;-0,01;-0,01;-0,01;-0,01;0,0;0,0;0,0;0,0;-0,02;-0,02;0,0;0,0;0,0;0,0;-0,01;-0,01;-0,02;-0,02;-0,02;-0,02;-0,01;-0,01;-0,02;-0,02;-0,01;-0,01;-0,02;-0,02;-0,01;-0,01;-0,03;-0,03;-0,01;-0,01;-0,02;-0,02
09.08.2026;04:15;04:30;0,0;0,0;0,0;0,0;0,0;0,0;-0,19;-0,19;-0,01;-0,01;-0,01;-0,01;-0,04;-0,04;-0,01;-0,01;-0,02;-0,02;-0,01;-0,01;-0,02;-0,02;0,0;0,0;0,0;0,0;-0,01;-0,01;-0,02;-0,02;-0,02;-0,02;-0,02;-0,02;-0,01;-0,01;-0,01;-0,01;-0,02;-0,02;-0,01;-0,01;-0,02;-0,02;-0,01;-0,01;-0,01;-0,01;-0,01;-0,01;-0,02;-0,02;-0,01;-0,01;-0,02;-0,02
09.08.2026;04:30;04:45;0,0;0,0;-0,01;-0,01;-0,01;-0,01;-0,21;-0,21;0,0;0,0;-0,01;-0,01;-0,03;-0,03;-0,01;-0,01;-0,01;-0,01;0,0;0,0;-0,01;-0,01;-0,02;-0,02;0,0;0,0;-0,01;-0,01;-0,01;-0,01;0,0;0,0;-0,01;-0,01;-0,01;-0,01;-0,01;-0,01;-0,02;-0,02;-0,01;-0,01;-0,01;-0,01;-0,01;-0,01;-0,01;-0,01;-0,02;-0,02;-0,04;-0,04;-0,01;-0,01;-0,02;-0,02
09.08.2026;04:45;05:00;0,0;0,0;0,0;0,0;-0,01;-0,01;-0,1;-0,1;0,0;0,0;0,0;0,0;-0,04;-0,04;-0,01;-0,01;-0,01;-0,01;0,0;0,0;-0,01;-0,01;0,0;0,0;0,0;0,0;-0,02;-0,02;-0,01;-0,01;-0,01;-0,01;0,0;0,0;-0,01;-0,01;-0,01;-0,01;-0,02;-0,02;-0,01;-0,01;-0,01;-0,01;-0,01;-0,01;-0,01;-0,01;-0,01;-0,01;-0,02;-0,02;-0,01;-0,01;-0,01;-0,01
09.08.2026;05:00;05:15;0,0;0,0;0,0;0,0;-0,02;-0,02;-0,07;-0,07;0,0;0,0;-0,01;-0,01;-0,04;-0,04;-0,01;-0,01;-0,02;-0,02;-0,01;-0,01;0,0;0,0;-0,01;-0,01;0,0;0,0;-0,01;-0,01;-0,07;-0,07;-0,02;-0,02;-0,01;-0,01;-0,01;-0,01;-0,01;-0,01;-0,03;-0,03;-0,01;-0,01;-0,02;-0,02;-0,01;-0,01;-0,02;-0,02;-0,02;-0,02;-0,03;-0,03;-0,01;-0,01;-0,02;-0,02
09.08.2026;05:15;05:30;0,0;0,0;0,0;0,0;0,0;0,0;-0,21;-0,21;0,0;0,0;0,0;0,0;-0,04;-0,04;-0,04;-0,04;-0,01;-0,01;0,0;0,0;0,0;0,0;-0,01;-0,01;0,0;0,0;0,0;0,0;-0,02;-0,02;0,0;0,0;0,0;0,0;-0,02;-0,02;-0,02;-0,02;-0,02;-0,02;-0,01;-0,01;-0,02;-0,02;-0,01;-0,01;-0,01;-0,01;-0,01;-0,01;-0,02;-0,02;-0,02;-0,02;-0,01;-0,01
09.08.2026;05:30;05:45;0,0;0,0;-0,01;-0,01;-0,01;-0,01;-0,24;-0,24;0,0;0,0;-0,01;-0,01;-0,03;-0,03;-0,02;-0,02;-0,02;-0,02;-0,01;-0,01;-0,01;-0,01;0,0;0,0;0,0;0,0;-0,01;-0,01;-0,01;-0,01;-0,01;-0,01;-0,01;-0,01;-0,01;-0,01;0,0;0,0;-0,02;-0,02;-0,01;-0,01;-0,02;-0,02;-0,01;-0,01;0,0;0,0;-0,02;-0,02;-0,01;-0,01;0,0;0,0;-0,02;-0,02
09.08.2026;05:45;06:00;0,0;0,0;0,0;0,0;-0,01;-0,01;-0,23;-0,23;0,0;0,0;-0,02;-0,02;-0,04;-0,04;-0,04;-0,04;-0,03;-0,03;-0,02;-0,02;-0,02;-0,02;-0,01;-0,01;0,0;0,0;-0,03;-0,03;-0,01;-0,01;-0,02;-0,02;-0,01;-0,01;0,0;0,0;-0,02;-0,02;-0,02;-0,02;-0,01;-0,01;-0,01;-0,01;-0,01;-0,01;-0,02;-0,02;0,0;0,0;-0,01;-0,01;-0,02;-0,02;-0,09;-0,09
09.08.2026;06:00;06:15;0,04;0,04;0,0;0,0;-0,02;-0,02;-0,23;-0,23;0,0;0,0;-0,01;-0,01;-0,04;-0,04;-0,03;-0,03;-0,01;-0,01;-0,01;-0,01;-0,02;-0,02;-0,01;-0,01;-0,01;-0,01;-0,01;-0,01;-0,01;-0,01;0,0;0,0;-0,01;-0,01;-0,01;-0,01;-0,01;-0,01;-0,02;-0,02;-0,01;-0,01;-0,01;-0,01;-0,01;-0,01;-0,01;-0,01;0,0;0,0;-0,01;-0,01;-0,01;-0,01;-0,27;-0,27
09.08.2026;06:15;06:30;0,06;0,06;0,0;0,0;-0,01;-0,01;-0,12;-0,12;0,0;0,0;-0,02;-0,02;-0,03;-0,03;-0,02;-0,02;-0,02;-0,02;-0,02;-0,02;-0,01;-0,01;0,0;0,0;0,0;0,0;-0,03;-0,03;-0,02;-0,02;-0,02;-0,02;-0,01;-0,01;-0,01;-0,01;0,0;0,0;-0,02;-0,02;-0,01;-0,01;-0,02;-0,02;-0,01;-0,01;-0,01;-0,01;0,0;0,0;-0,01;-0,01;0,0;0,0;-0,05;-0,05
09.08.2026;06:30;06:45;0,04;0,04;0,0;0,0;0,0;0,0;-0,21;-0,21;0,0;0,0;-0,01;-0,01;-0,04;-0,04;-0,01;-0,01;-0,02;-0,02;-0,01;-0,01;-0,02;-0,02;-0,02;-0,02;0,0;0,0;-0,01;-0,01;-0,01;-0,01;-0,01;-0,01;0,0;0,0;-0,02;-0,02;-0,02;-0,02;-0,02;-0,02;-0,01;-0,01;-0,02;-0,02;-0,04;-0,04;-0,01;-0,01;-0,01;-0,01;-0,02;-0,02;-0,02;-0,02;-0,01;-0,01
09.08.2026;06:45;07:00;0,0;0,0;-0,01;-0,01;-0,02;-0,02;-0,11;-0,11;0,0;0,0;-0,01;-0,01;-0,04;-0,04;-0,02;-0,02;-0,01;-0,01;-0,01;-0,01;-0,01;-0,01;-0,01;-0,01;0,0;0,0;-0,02;-0,02;0,0;0,0;0,0;0,0;0,0;0,0;-0,01;-0,01;-0,01;-0,01;-0,02;-0,02;-0,01;-0,01;-0,02;-0,02;-0,05;-0,05;-0,02;-0,02;-0,01;-0,01;-0,02;-0,02;-0,01;-0,01;-0,01;-0,01
09.08.2026;07:00;07:15;0,0;0,0;0,0;0,0;-0,07;-0,07;-0,07;-0,07;0,0;0,0;-0,02;-0,02;-0,03;-0,03;0,0;0,0;-0,02;-0,02;-0,01;-0,01;-0,01;-0,01;-0,01;-0,01;0,0;0,0;0,0;0,0;-0,02;-0,02;-0,03;-0,03;-0,01;-0,01;-0,01;-0,01;-0,01;-0,01;-0,02;-0,02;0,0;0,0;-0,01;-0,01;-0,07;-0,07;-0,01;-0,01;-0,01;-0,01;-0,01;-0,01;-0,01;-0,01;-0,01;-0,01
09.08.2026;07:15;07:30;0,38;0,11;0,0;0,0;-0,02;-0,01;-0,08;-0,01;0,0;0,0;0,0;0,0;-0,04;-0,03;-0,02;-0,01;-0,01;0,0;0,0;0,0;-0,01;0,0;-0,03;-0,02;0,0;0,0;0,0;0,0;-0,01;0,0;-0,05;-0,04;-0,02;-0,01;-0,01;0,0;-0,02;-0,01;-0,03;-0,02;-0,01;0,0;-0,01;0,0;-0,05;-0,04;-0,01;0,0;-0,01;0,0;-0,01;0,0;-0,01;0,0;-0,01;0,0
09.08.2026;07:30;07:45;0,59;0,17;0,0;0,0;-0,06;-0,04;-0,11;-0,02;0,0;0,0;0,0;0,0;-0,04;-0,02;-0,02;0,0;-0,01;0,0;-0,1;-0,08;0,0;0,0;-0,02;0,0;0,0;0,0;-0,05;-0,03;-0,01;0,0;-0,02;0,0;-0,01;0,0;-0,01;0,0;-0,02;0,0;-0,02;0,0;-0,02;0,0;-0,02;0,0;-0,05;-0,03;-0,01;0,0;-0,02;0,0;-0,01;0,0;-0,01;0,0;0,0;0,0
09.08.2026;07:45;08:00;0,71;0,25;-0,01;0,0;-0,01;0,0;-0,07;0,0;-0,01;0,0;-0,01;0,0;-0,03;0,0;-0,01;0,0;-0,02;0,0;-0,01;0,0;0,0;0,0;-0,08;-0,05;0,0;0,0;-0,02;0,0;-0,02;0,0;-0,03;0,0;0,0;0,0;-0,01;0,0;-0,03;0,0;-0,03;0,0;0,0;0,0;-0,02;0,0;-0,05;-0,02;-0,02;0,0;-0,02;0,0;-0,01;0,0;-0,01;0,0;0,0;0,0
09.08.2026;08:00;08:15;1,01;0,34;0,0;0,0;-0,02;0,0;-0,11;0,0;0,0;0,0;-0,01;0,0;-0,04;0,0;-0,04;0,0;-0,01;0,0;-0,08;-0,01;-0,02;0,0;-0,03;0,0;0,0;0,0;0,0;0,0;-0,01;0,0;-0,03;0,0;0,0;0,0;-0,01;0,0;-0,02;0,0;-0,02;0,0;-0,02;0,0;-0,02;0,0;-0,05;0,0;0,0;0,0;-0,05;0,0;-0,01;0,0;-0,27;-0,2;-0,01;0,0
09.08.2026;08:15;08:30;1,31;0,64;0,0;0,0;-0,02;0,0;-0,09;0,0;0,0;0,0;-0,01;0,0;-0,04;0,0;-0,02;0,0;-0,02;0,0;-0,02;0,0;-0,02;0,0;-0,02;0,0;0,0;0,0;-0,01;0,0;-0,12;0,0;-0,02;0,0;-0,01;0,0;-0,02;0,0;-0,04;0,0;-0,02;0,0;-0,01;0,0;-0,01;0,0;-0,05;0,0;-0,02;0,0;-0,01;0,0;-0,01;0,0;-0,06;0,0;0,0;0,0
09.08.2026;08:30;08:45;1,62;1,1;0,0;0,0;0,0;0,0;-0,12;0,0;0,0;0,0;-0,02;0,0;-0,03;0,0;-0,03;0,0;-0,01;0,0;-0,02;0,0;-0,01;0,0;-0,03;0,0;0,0;0,0;-0,01;0,0;-0,01;0,0;-0,02;0,0;-0,01;0,0;-0,01;0,0;-0,02;0,0;-0,02;0,0;0,0;0,0;-0,01;0,0;-0,06;0,0;-0,01;0,0;-0,02;0,0;-0,02;0,0;-0,01;0,0;-0,02;0,0
09.08.2026;08:45;09:00;1,91;1,36;-0,01;0,0;-0,01;0,0;-0,07;0,0;-0,01;0,0;-0,01;0,0;-0,04;0,0;-0,04;0,0;-0,01;0,0;-0,02;0,0;-0,01;0,0;-0,03;0,0;0,0;0,0;-0,03;0,0;-0,02;0,0;-0,02;0,0;-0,01;0,0;0,0;0,0;-0,02;0,0;-0,02;0,0;-0,02;0,0;-0,02;0,0;-0,05;0,0;-0,01;0,0;-0,01;0,0;-0,02;0,0;-0,02;0,0;-0,02;0,0
09.08.2026;09:00;09:15;2,11;1,45;0,0;0,0;-0,01;0,0;-0,1;0,0;0,0;0,0;-0,01;0,0;-0,04;0,0;-0,03;0,0;-0,02;0,0;-0,05;0,0;-0,02;0,0;-0,01;0,0;0,0;0,0;-0,02;0,0;0,0;0,0;-0,03;0,0;-0,01;0,0;-0,01;0,0;-0,04;0,0;-0,02;0,0;-0,01;0,0;-0,03;0,0;-0,05;0,0;-0,01;0,0;-0,02;0,0;0,0;0,0;-0,11;0,0;-0,01;0,0
09.08.2026;09:15;09:30;2,27;1,64;0,0;0,0;-0,02;0,0;-0,15;0,0;-0,01;0,0;-0,02;0,0;-0,03;0,0;-0,02;0,0;-0,01;0,0;0,0;0,0;-0,01;0,0;-0,03;0,0;0,0;0,0;-0,08;0,0;-0,01;0,0;-0,03;0,0;0,0;0,0;-0,01;0,0;-0,03;0,0;-0,02;0,0;-0,01;0,0;-0,01;0,0;-0,05;0,0;-0,02;0,0;-0,01;0,0;-0,01;0,0;-0,02;0,0;-0,02;0,0
09.08.2026;09:30;09:45;2,52;1,83;0,0;0,0;0,0;0,0;-0,11;0,0;0,0;0,0;-0,01;0,0;-0,04;0,0;-0,02;0,0;-0,02;0,0;-0,01;0,0;-0,01;0,0;-0,01;0,0;0,0;0,0;-0,05;0,0;-0,01;0,0;-0,04;0,0;-0,01;0,0;-0,02;0,0;-0,03;0,0;-0,02;0,0;-0,01;0,0;-0,01;0,0;-0,14;0,0;-0,1;0,0;-0,01;0,0;-0,01;0,0;0,0;0,0;0,0;0,0
09.08.2026;09:45;10:00;2,76;1,94;0,0;0,0;-0,01;0,0;-0,07;0,0;0,0;0,0;-0,01;0,0;-0,04;0,0;-0,01;0,0;-0,02;0,0;0,0;0,0;0,0;0,0;-0,01;0,0;0,0;0,0;-0,03;0,0;-0,01;0,0;-0,02;0,0;0,0;0,0;-0,01;0,0;-0,02;0,0;-0,03;0,0;0,0;0,0;-0,01;0,0;-0,22;0,0;-0,13;0,0;-0,02;0,0;-0,13;0,0;-0,02;0,0;0,0;0,0
09.08.2026;10:00;10:15;2,23;1,2;-0,01;0,0;-0,01;0,0;-0,08;0,0;-0,01;0,0;-0,02;0,0;-0,03;0,0;-0,03;0,0;-0,01;0,0;-0,02;0,0;0,0;0,0;-0,01;0,0;0,0;0,0;-0,03;0,0;-0,01;0,0;-0,03;0,0;-0,02;0,0;-0,01;0,0;-0,03;0,0;-0,16;0,0;-0,02;0,0;-0,02;0,0;-0,06;0,0;-0,03;0,0;-0,02;0,0;-0,14;0,0;-0,22;0,0;0,0;0,0
09.08.2026;10:15;10:30;0,49;0,18;0,0;0,0;-0,02;-0,01;-0,09;-0,01;0,0;0,0;-0,01;0,0;-0,05;-0,04;-0,01;0,0;-0,02;-0,01;-0,01;0,0;-0,01;0,0;-0,01;0,0;0,0;0,0;-0,02;-0,01;-0,02;-0,01;-0,03;-0,02;-0,01;0,0;-0,01;0,0;-0,03;-0,02;-0,02;-0,01;-0,01;0,0;-0,03;-0,02;-0,08;-0,07;-0,03;-0,02;-0,02;-0,01;-0,18;-0,17;-0,54;-0,53;-0,02;-0,01
09.08.2026;10:30;10:45;0,0;0,0;0,0;0,0;0,0;0,0;-0,09;-0,09;-0,07;-0,07;-0,01;-0,01;-0,05;-0,05;-0,02;-0,02;-0,06;-0,06;-0,02;-0,02;-0,02;-0,02;0,0;0,0;0,0;0,0;-0,02;-0,02;-0,01;-0,01;-0,02;-0,02;0,0;0,0;-0,01;-0,01;-0,02;-0,02;-0,02;-0,02;0,0;0,0;-0,01;-0,01;-0,11;-0,11;-0,03;-0,03;-0,03;-0,03;-0,16;-0,16;-0,24;-0,24;-0,01;-0,01
09.08.2026;10:45;11:00;3,0;2,29;0,0;0,0;-0,01;0,0;-0,19;0,0;-0,01;0,0;-0,02;0,0;-0,03;0,0;0,0;0,0;-0,01;0,0;-0,05;0,0;-0,02;0,0;-0,02;0,0;0,0;0,0;-0,04;0,0;-0,01;0,0;-0,03;0,0;-0,01;0,0;-0,01;0,0;-0,03;0,0;-0,03;0,0;-0,02;0,0;-0,01;0,0;-0,06;0,0;-0,03;0,0;-0,01;0,0;-0,02;0,0;-0,02;0,0;-0,02;0,0
09.08.2026;11:00;11:15;3,52;2,87;-0,01;0,0;-0,01;0,0;-0,09;0,0;0,0;0,0;-0,01;0,0;-0,04;0,0;-0,02;0,0;-0,03;0,0;-0,02;0,0;-0,01;0,0;0,0;0,0;-0,01;0,0;-0,12;0,0;-0,01;0,0;-0,03;0,0;0,0;0,0;-0,01;0,0;-0,03;0,0;-0,02;0,0;-0,01;0,0;-0,01;0,0;-0,06;0,0;-0,04;0,0;-0,02;0,0;0,0;0,0;-0,03;0,0;-0,01;0,0
09.08.2026;11:15;11:30;3,62;2,62;0,0;0,0;-0,01;0,0;-0,11;0,0;-0,03;0,0;-0,01;0,0;-0,04;0,0;0,0;0,0;-0,02;0,0;-0,01;0,0;-0,02;0,0;-0,01;0,0;0,0;0,0;-0,29;0,0;-0,11;0,0;-0,03;0,0;-0,01;0,0;-0,02;0,0;-0,03;0,0;-0,03;0,0;-0,01;0,0;-0,02;0,0;-0,06;0,0;-0,04;0,0;-0,02;0,0;-0,01;0,0;-0,04;0,0;-0,02;0,0
09.08.2026;11:30;11:45;3,82;2,44;0,0;0,0;-0,01;0,0;-0,09;0,0;-0,03;0,0;-0,02;0,0;-0,04;0,0;-0,01;0,0;-0,01;0,0;0,0;0,0;-0,01;0,0;-0,01;0,0;0,0;0,0;-0,78;-0,29;-0,02;0,0;-0,03;0,0;-0,01;0,0;-0,01;0,0;-0,02;0,0;-0,36;0,0;-0,01;0,0;-0,03;0,0;-0,07;0,0;-0,03;0,0;-0,02;0,0;-0,02;0,0;-0,02;0,0;-0,01;0,0
09.08.2026;11:45;12:00;3,88;2,66;0,0;0,0;-0,01;0,0;-0,14;0,0;-0,03;0,0;-0,01;0,0;-0,34;0,0;-0,01;0,0;-0,15;0,0;-0,01;0,0;-0,01;0,0;0,0;0,0;0,0;0,0;-0,09;0,0;-0,01;0,0;-0,03;0,0;-0,02;0,0;0,0;0,0;-0,02;0,0;-0,19;0,0;0,0;0,0;-0,01;0,0;-0,06;0,0;-0,03;0,0;-0,02;0,0;0,0;0,0;-0,03;0,0;0,0;0,0
09.08.2026;12:00;12:15;3,93;2,09;0,0;0,0;-0,01;0,0;-0,11;0,0;-0,02;0,0;-0,02;0,0;-0,39;0,0;-0,01;0,0;-0,19;0,0;0,0;0,0;-0,01;0,0;-0,32;0,0;0,0;0,0;-0,03;0,0;-0,03;0,0;-0,03;0,0;0,0;0,0;-0,01;0,0;-0,04;0,0;-0,1;0,0;-0,02;0,0;-0,01;0,0;-0,05;0,0;-0,03;0,0;-0,02;0,0;-0,02;0,0;-0,37;0,0;0,0;0,0
09.08.2026;12:15;12:30;3,91;2,19;-0,01;0,0;-0,01;0,0;-0,09;0,0;0,0;0,0;-0,01;0,0;-0,33;0,0;-0,01;0,0;-0,17;0,0;-0,01;0,0;0,0;0,0;-0,23;0,0;0,0;0,0;-0,05;0,0;-0,05;0,0;-0,03;0,0;0,0;0,0;-0,02;0,0;-0,02;0,0;-0,18;0,0;-0,01;0,0;-0,01;0,0;-0,06;0,0;-0,01;0,0;-0,02;0,0;-0,02;0,0;-0,36;0,0;-0,01;0,0
09.08.2026;12:30;12:45;4,09;2,43;0,0;0,0;-0,01;0,0;-0,15;0,0;0,0;0,0;-0,01;0,0;-0,06;0,0;-0,02;0,0;-0,14;0,0;-0,44;0,0;-0,01;0,0;-0,1;0,0;0,0;0,0;-0,26;0,0;-0,08;0,0;-0,02;0,0;-0,01;0,0;-0,01;0,0;-0,03;0,0;-0,07;0,0;0,0;0,0;-0,03;0,0;-0,05;0,0;-0,01;0,0;-0,01;0,0;-0,01;0,0;-0,12;0,0;-0,01;0,0
09.08.2026;12:45;13:00;3,87;2,69;0,0;0,0;-0,01;0,0;-0,22;0,0;0,0;0,0;-0,02;0,0;-0,06;0,0;-0,05;0,0;-0,09;0,0;-0,22;0,0;-0,01;0,0;-0,03;0,0;0,0;0,0;-0,05;0,0;-0,04;0,0;-0,02;0,0;-0,01;0,0;-0,02;0,0;-0,02;0,0;-0,07;0,0;-0,02;0,0;-0,02;0,0;-0,04;0,0;-0,01;0,0;0,0;0,0;-0,01;0,0;-0,12;0,0;-0,02;0,0
09.08.2026;13:00;13:15;3,97;3,09;0,0;0,0;0,0;0,0;-0,09;0,0;0,0;0,0;-0,01;0,0;-0,09;0,0;-0,03;0,0;-0,12;0,0;-0,05;0,0;-0,02;0,0;-0,02;0,0;0,0;0,0;-0,04;0,0;-0,04;0,0;-0,01;0,0;-0,01;0,0;-0,04;0,0;-0,03;0,0;-0,06;0,0;-0,01;0,0;-0,01;0,0;-0,05;0,0;-0,01;0,0;-0,01;0,0;0,0;0,0;-0,12;0,0;-0,01;0,0
09.08.2026;13:15;13:30;4,05;3,08;-0,01;0,0;-0,02;0,0;-0,1;0,0;-0,01;0,0;-0,01;0,0;-0,05;0,0;-0,02;0,0;-0,09;0,0;-0,06;0,0;-0,01;0,0;-0,02;0,0;0,0;0,0;-0,04;0,0;-0,05;0,0;0,0;0,0;-0,01;0,0;-0,14;0,0;-0,03;0,0;-0,03;0,0;0,0;0,0;-0,01;0,0;-0,04;0,0;-0,02;0,0;-0,01;0,0;-0,02;0,0;-0,15;0,0;-0,02;0,0
09.08.2026;13:30;13:45;4,03;2,09;0,0;0,0;-0,01;0,0;-0,22;0,0;0,0;0,0;-0,02;0,0;-0,05;0,0;-0,02;0,0;-0,08;0,0;-0,53;-0,07;-0,02;0,0;-0,02;0,0;0,0;0,0;-0,08;0,0;-0,05;0,0;-0,02;0,0;-0,01;0,0;-0,56;-0,1;-0,02;0,0;-0,04;0,0;-0,02;0,0;-0,02;0,0;-0,05;0,0;-0,01;0,0;-0,01;0,0;-0,09;0,0;-0,15;0,0;-0,01;0,0
09.08.2026;13:45;14:00;3,58;1,96;0,0;0,0;0,0;0,0;-0,1;0,0;-0,05;0,0;-0,01;0,0;-0,04;0,0;-0,02;0,0;-0,12;0,0;-0,06;0,0;-0,01;0,0;0,0;0,0;0,0;0,0;-0,28;0,0;-0,07;0,0;-0,01;0,0;0,0;0,0;-0,39;0,0;-0,03;0,0;-0,05;0,0;0,0;0,0;-0,02;0,0;-0,06;0,0;-0,01;0,0;-0,03;0,0;-0,12;0,0;-0,12;0,0;-0,02;0,0
09.08.2026;14:00;14:15;2,09;1,12;0,0;0,0;-0,01;0,0;-0,1;0,0;-0,04;0,0;-0,02;0,0;-0,04;0,0;-0,01;0,0;-0,12;0,0;-0,06;0,0;-0,01;0,0;-0,01;0,0;0,0;0,0;-0,04;0,0;-0,04;0,0;-0,01;0,0;0,0;0,0;-0,03;0,0;-0,02;0,0;-0,11;0,0;-0,02;0,0;-0,02;0,0;-0,05;0,0;-0,02;0,0;-0,02;0,0;-0,12;0,0;-0,04;0,0;-0,01;0,0
09.08.2026;14:15;14:30;0,23;0,17;0,0;0,0;-0,02;-0,02;-0,09;-0,03;-0,03;-0,03;-0,36;-0,36;-0,04;-0,04;-0,01;-0,01;-0,11;-0,11;-0,1;-0,1;-0,02;-0,02;-0,01;-0,01;0,0;0,0;-0,05;-0,05;-0,04;-0,04;-0,01;-0,01;-0,01;-0,01;-0,02;-0,02;-0,04;-0,04;-0,57;-0,57;-0,01;-0,01;-0,02;-0,02;-0,06;-0,06;-0,01;-0,01;-0,07;-0,07;-0,13;-0,13;-0,03;-0,03;0,0;0,0
09.08.2026;14:30;14:45;3,07;1,26;-0,01;0,0;-0,01;0,0;-0,08;0,0;-0,04;0,0;-0,27;0,0;-0,04;0,0;-0,01;0,0;-0,09;0,0;-0,55;-0,24;0,0;0,0;0,0;0,0;0,0;0,0;-0,06;0,0;-0,05;0,0;-0,01;0,0;-0,02;0,0;-0,22;0,0;-0,02;0,0;-0,55;-0,24;0,0;0,0;-0,01;0,0;-0,05;0,0;-0,01;0,0;-0,02;0,0;-0,12;0,0;-0,05;0,0;0,0;0,0
09.08.2026;14:45;15:00;3,28;2,22;0,0;0,0;0,0;0,0;-0,17;0,0;-0,04;0,0;-0,04;0,0;-0,03;0,0;-0,01;0,0;-0,12;0,0;-0,05;0,0;-0,01;0,0;-0,02;0,0;0,0;0,0;-0,03;0,0;-0,03;0,0;-0,01;0,0;-0,01;0,0;-0,02;0,0;-0,03;0,0;-0,18;0,0;-0,02;0,0;-0,01;0,0;-0,05;0,0;-0,01;0,0;-0,02;0,0;-0,11;0,0;-0,03;0,0;-0,01;0,0
09.08.2026;15:00;15:15;3,39;2,56;0,0;0,0;-0,01;0,0;-0,09;0,0;-0,04;0,0;-0,05;0,0;-0,04;0,0;-0,01;0,0;-0,1;0,0;-0,01;0,0;0,0;0,0;0,0;0,0;0,0;0,0;-0,03;0,0;-0,05;0,0;-0,01;0,0;0,0;0,0;-0,03;0,0;-0,02;0,0;-0,07;0,0;0,0;0,0;-0,02;0,0;-0,04;0,0;-0,01;0,0;-0,02;0,0;-0,12;0,0;-0,04;0,0;-0,02;0,0
09.08.2026;15:15;15:30;3,31;2,45;0,0;0,0;-0,02;0,0;-0,14;0,0;-0,03;0,0;-0,04;0,0;-0,04;0,0;-0,01;0,0;-0,09;0,0;-0,01;0,0;-0,01;0,0;-0,01;0,0;0,0;0,0;-0,03;0,0;-0,04;0,0;-0,01;0,0;-0,01;0,0;-0,03;0,0;-0,03;0,0;-0,05;0,0;-0,01;0,0;-0,03;0,0;-0,05;0,0;-0,01;0,0;-0,02;0,0;-0,1;0,0;-0,03;0,0;-0,01;0,0
09.08.2026;15:30;15:45;2,98;2,02;-0,01;0,0;-0,01;0,0;-0,07;0,0;-0,04;0,0;-0,04;0,0;-0,03;0,0;-0,01;0,0;-0,07;0,0;0,0;0,0;-0,02;0,0;-0,01;0,0;0,0;0,0;-0,04;0,0;-0,24;0,0;-0,01;0,0;0,0;0,0;-0,02;0,0;-0,04;0,0;-0,02;0,0;-0,02;0,0;-0,01;0,0;-0,05;0,0;-0,02;0,0;-0,03;0,0;-0,1;0,0;-0,03;0,0;-0,02;0,0
09.08.2026;15:45;16:00;2,91;1,86;0,0;0,0;0,0;0,0;-0,09;0,0;-0,04;0,0;-0,05;0,0;-0,04;0,0;-0,01;0,0;0,0;0,0;-0,02;0,0;-0,02;0,0;-0,02;0,0;0,0;0,0;-0,03;0,0;-0,43;-0,07;-0,01;0,0;-0,01;0,0;-0,03;0,0;-0,03;0,0;-0,02;0,0;0,0;0,0;-0,01;0,0;-0,05;0,0;-0,01;0,0;-0,02;0,0;-0,11;0,0;-0,06;0,0;-0,01;0,0
09.08.2026;16:00;16:15;2,69;1,7;0,0;0,0;-0,01;0,0;-0,13;0,0;-0,04;0,0;-0,05;0,0;-0,04;0,0;-0,01;0,0;-0,02;0,0;-0,02;0,0;-0,01;0,0;-0,03;0,0;-0,01;0,0;-0,03;0,0;-0,1;0,0;-0,01;0,0;-0,01;0,0;-0,05;0,0;-0,04;0,0;-0,03;0,0;-0,01;0,0;-0,01;0,0;-0,04;0,0;-0,01;0,0;-0,02;0,0;-0,2;0,0;-0,04;0,0;-0,02;0,0
09.08.2026;16:15;16:30;2,25;1,37;0,0;0,0;-0,01;0,0;-0,14;0,0;-0,04;0,0;-0,05;0,0;-0,03;0,0;-0,01;0,0;-0,02;0,0;-0,02;0,0;-0,01;0,0;-0,03;0,0;0,0;0,0;-0,04;0,0;-0,05;0,0;-0,01;0,0;-0,02;0,0;-0,01;0,0;-0,02;0,0;-0,02;0,0;-0,01;0,0;-0,03;0,0;-0,05;0,0;-0,02;0,0;-0,02;0,0;-0,18;0,0;-0,03;0,0;-0,01;0,0
09.08.2026;16:30;16:45;2,43;1,55;0,0;0,0;-0,02;0,0;-0,11;0,0;-0,04;0,0;-0,03;0,0;-0,04;0,0;-0,01;0,0;-0,02;0,0;-0,02;0,0;-0,02;0,0;-0,02;0,0;0,0;0,0;-0,04;0,0;-0,06;0,0;-0,02;0,0;0,0;0,0;-0,01;0,0;-0,04;0,0;-0,02;0,0;-0,01;0,0;-0,02;0,0;-0,06;0,0;0,0;0,0;-0,02;0,0;-0,19;0,0;-0,04;0,0;-0,02;0,0
09.08.2026;16:45;17:00;2,39;1,5;-0,01;0,0;-0,09;0,0;-0,09;0,0;-0,01;0,0;-0,03;0,0;-0,04;0,0;-0,01;0,0;-0,01;0,0;0,0;0,0;-0,01;0,0;-0,05;0,0;0,0;0,0;-0,03;0,0;-0,11;0,0;-0,01;0,0;0,0;0,0;-0,01;0,0;-0,03;0,0;-0,03;0,0;-0,01;0,0;-0,01;0,0;-0,04;0,0;-0,02;0,0;-0,02;0,0;-0,19;0,0;-0,03;0,0;0,0;0,0
09.08.2026;17:00;17:15;2,01;1,17;0,0;0,0;-0,03;0,0;-0,08;0,0;0,0;0,0;-0,02;0,0;-0,03;0,0;0,0;0,0;-0,02;0,0;-0,01;0,0;-0,01;0,0;-0,03;0,0;0,0;0,0;-0,03;0,0;-0,01;0,0;-0,02;0,0;-0,01;0,0;-0,01;0,0;-0,03;0,0;-0,11;0,0;-0,01;0,0;-0,01;0,0;-0,05;0,0;-0,07;0,0;-0,02;0,0;-0,19;0,0;-0,03;0,0;-0,01;0,0
09.08.2026;17:15;17:30;1,74;0,72;0,0;0,0;-0,07;0,0;-0,1;0,0;0,0;0,0;-0,02;0,0;-0,04;0,0;-0,02;0,0;-0,02;0,0;0,0;0,0;0,0;0,0;-0,02;0,0;0,0;0,0;-0,03;0,0;-0,01;0,0;-0,01;0,0;-0,01;0,0;-0,01;0,0;-0,02;0,0;-0,03;0,0;-0,01;0,0;-0,02;0,0;-0,05;0,0;-0,33;-0,16;-0,02;0,0;-0,18;-0,01;-0,28;-0,11;0,0;0,0
09.08.2026;17:30;17:45;1,82;0,6;0,0;0,0;-0,18;-0,03;-0,13;0,0;0,0;0,0;-0,03;0,0;-0,04;0,0;0,0;0,0;-0,01;0,0;-0,01;0,0;0,0;0,0;-0,03;0,0;0,0;0,0;-0,04;0,0;-0,04;0,0;-0,01;0,0;-0,01;0,0;-0,09;0,0;-0,03;0,0;-0,03;0,0;-0,01;0,0;-0,02;0,0;-0,05;0,0;-0,34;-0,19;-0,03;0,0;-0,17;-0,02;-0,49;-0,34;-0,01;0,0
09.08.2026;17:45;18:00;0,4;0,11;-0,01;0,0;-0,19;-0,18;-0,17;-0,12;0,0;0,0;-0,02;-0,01;-0,03;-0,02;-0,01;0,0;-0,02;-0,01;-0,05;-0,04;-0,01;0,0;-0,02;-0,01;0,0;0,0;-0,03;-0,02;-0,04;-0,03;-0,01;0,0;-0,01;0,0;-0,07;-0,06;-0,03;-0,02;-0,03;-0,02;-0,01;0,0;-0,03;-0,02;-0,08;-0,07;-0,28;-0,27;-0,02;-0,01;-0,01;0,0;-0,04;-0,03;-0,02;-0,01
09.08.2026;18:00;18:15;0,0;0,0;0,0;0,0;-0,02;-0,02;-0,09;-0,09;0,0;0,0;-0,03;-0,03;-0,04;-0,04;-0,02;-0,02;-0,03;-0,03;-0,21;-0,21;-0,02;-0,02;-0,02;-0,02;0,0;0,0;-0,02;-0,02;-0,04;-0,04;-0,01;-0,01;-0,01;-0,01;-0,17;-0,17;-0,03;-0,03;-0,02;-0,02;-0,01;-0,01;0,0;0,0;-0,06;-0,06;-0,22;-0,22;-0,02;-0,02;-0,02;-0,02;-0,05;-0,05;-0,38;-0,38
09.08.2026;18:15;18:30;0,67;0,19;0,0;0,0;-0,01;0,0;-0,15;-0,03;0,0;0,0;-0,11;-0,09;-0,03;-0,01;-0,01;0,0;-0,01;0,0;-0,25;-0,23;-0,02;0,0;-0,04;-0,02;0,0;0,0;-0,02;0,0;-0,05;-0,03;-0,01;0,0;0,0;0,0;-0,19;-0,17;-0,03;-0,01;-0,03;-0,01;-0,01;0,0;-0,01;0,0;-0,04;-0,02;-0,15;-0,13;-0,02;0,0;0,0;0,0;-0,03;-0,01;-0,14;-0,12
09.08.2026;18:30;18:45;0,83;0,19;0,0;0,0;-0,03;0,0;-0,17;-0,04;-0,01;0,0;-0,05;-0,02;-0,05;-0,02;-0,01;0,0;-0,02;0,0;-0,21;-0,18;-0,01;0,0;-0,03;0,0;0,0;0,0;-0,02;0,0;-0,04;-0,01;-0,01;0,0;-0,01;0,0;-0,19;-0,16;-0,02;0,0;-0,02;0,0;-0,01;0,0;-0,02;0,0;-0,05;-0,02;-0,18;-0,15;-0,02;0,0;-0,01;0,0;-0,05;-0,02;-0,02;0,0
09.08.2026;18:45;19:00;0,69;0,18;-0,01;0,0;-0,02;0,0;-0,15;-0,04;0,0;0,0;-0,03;-0,01;-0,05;-0,03;-0,02;0,0;-0,02;0,0;-0,19;-0,17;-0,01;0,0;-0,01;0,0;0,0;0,0;-0,04;-0,02;-0,04;-0,02;-0,01;0,0;0,0;0,0;-0,43;-0,41;-0,04;-0,02;-0,02;0,0;-0,01;0,0;-0,03;-0,01;-0,04;-0,02;-0,18;-0,16;-0,02;0,0;-0,01;0,0;-0,03;-0,01;-0,03;-0,01
09.08.2026;19:00;19:15;0,47;0,16;0,0;0,0;-0,03;-0,02;-0,22;-0,14;0,0;0,0;-0,02;-0,01;-0,03;-0,02;-0,03;-0,02;-0,03;-0,02;-0,15;-0,14;-0,02;-0,01;-0,01;0,0;0,0;0,0;-0,01;0,0;-0,04;-0,03;-0,01;0,0;-0,02;-0,01;-0,51;-0,5;-0,03;-0,02;-0,02;-0,01;-0,01;0,0;-0,02;-0,01;-0,04;-0,03;-0,11;-0,1;-0,02;-0,01;-0,01;0,0;-0,03;-0,02;-0,02;-0,01
09.08.2026;19:15;19:30;0,24;0,18;0,0;0,0;-0,04;-0,04;-0,25;-0,19;0,0;0,0;-0,03;-0,03;-0,05;-0,05;-0,02;-0,02;-0,02;-0,02;-0,41;-0,41;-0,01;-0,01;-0,01;-0,01;0,0;0,0;-0,03;-0,03;-0,11;-0,11;-0,02;-0,02;-0,01;-0,01;-0,03;-0,03;-0,04;-0,04;-0,02;-0,02;-0,01;-0,01;-0,01;-0,01;-0,05;-0,05;-0,07;-0,07;-0,02;-0,02;-0,01;-0,01;-0,33;-0,33;-0,02;-0,02
09.08.2026;19:30;19:45;0,13;0,11;0,0;0,0;-0,04;-0,04;-0,13;-0,11;0,0;0,0;-0,03;-0,03;-0,04;-0,04;-0,03;-0,03;-0,03;-0,03;-0,33;-0,33;-0,01;-0,01;0,0;0,0;0,0;0,0;-0,02;-0,02;-0,46;-0,46;-0,03;-0,03;-0,01;-0,01;-0,03;-0,03;-0,03;-0,03;-0,02;-0,02;-0,01;-0,01;-0,01;-0,01;-0,04;-0,04;-0,05;-0,05;-0,01;-0,01;-0,02;-0,02;-0,38;-0,38;-0,03;-0,03
09.08.2026;19:45;20:00;0,06;0,06;0,0;0,0;-0,03;-0,03;-0,18;-0,18;0,0;0,0;-0,03;-0,03;-0,05;-0,05;-0,09;-0,09;-0,03;-0,03;-0,45;-0,45;0,0;0,0;-0,04;-0,04;0,0;0,0;-0,02;-0,02;-0,21;-0,21;-0,02;-0,02;0,0;0,0;-0,03;-0,03;-0,03;-0,03;-0,02;-0,02;-0,01;-0,01;-0,02;-0,02;-0,04;-0,04;-0,07;-0,07;0,0;0,0;-0,02;-0,02;-0,36;-0,36;-0,02;-0,02
09.08.2026;20:00;20:15;0,03;0,03;-0,01;-0,01;-0,02;-0,02;-0,12;-0,12;0,0;0,0;-0,03;-0,03;-0,05;-0,05;-0,03;-0,03;-0,03;-0,03;-0,28;-0,28;-0,01;-0,01;-0,17;-0,17;0,0;0,0;-0,01;-0,01;-0,2;-0,2;-0,03;-0,03;0,0;0,0;-0,06;-0,06;-0,03;-0,03;-0,02;-0,02;-0,01;-0,01;-0,02;-0,02;-0,04;-0,04;-0,09;-0,09;-0,07;-0,07;-0,02;-0,02;-0,05;-0,05;-0,03;-0,03
09.08.2026;20:15;20:30;0,01;0,01;0,0;0,0;-0,02;-0,02;-0,16;-0,16;0,0;0,0;-0,02;-0,02;-0,04;-0,04;-0,02;-0,02;-0,03;-0,03;-0,56;-0,56;0,0;0,0;-0,12;-0,12;0,0;0,0;-0,02;-0,02;-0,12;-0,12;-0,02;-0,02;-0,01;-0,01;-0,02;-0,02;-0,03;-0,03;-0,02;-0,02;-0,01;-0,01;-0,02;-0,02;-0,05;-0,05;-0,07;-0,07;-0,13;-0,13;-0,35;-0,35;-0,04;-0,04;-0,02;-0,02
09.08.2026;20:30;20:45;0,0;0,0;0,0;0,0;-0,03;-0,03;-0,09;-0,09;0,0;0,0;-0,02;-0,02;-0,06;-0,06;-0,01;-0,01;-0,03;-0,03;-0,23;-0,23;-0,02;-0,02;-0,03;-0,03;0,0;0,0;-0,03;-0,03;-0,05;-0,05;-0,04;-0,04;-0,01;-0,01;0,0;0,0;-0,04;-0,04;-0,03;-0,03;-0,01;-0,01;-0,01;-0,01;-0,05;-0,05;-0,03;-0,03;-0,02;-0,02;-0,15;-0,15;-0,02;-0,02;-0,02;-0,02
09.08.2026;20:45;21:00;0,0;0,0;0,0;0,0;-0,04;-0,04;-0,11;-0,11;0,0;0,0;-0,01;-0,01;-0,06;-0,06;-0,02;-0,02;-0,04;-0,04;-0,06;-0,06;-0,02;-0,02;-0,08;-0,08;0,0;0,0;-0,02;-0,02;-0,06;-0,06;-0,03;-0,03;-0,01;-0,01;-0,01;-0,01;-0,02;-0,02;-0,02;-0,02;-0,01;-0,01;-0,01;-0,01;-0,04;-0,04;-0,04;-0,04;-0,02;-0,02;-0,34;-0,34;-0,04;-0,04;-0,02;-0,02
09.08.2026;21:00;21:15;0,0;0,0;-0,01;-0,01;-0,03;-0,03;-0,16;-0,16;0,0;0,0;-0,01;-0,01;-0,06;-0,06;-0,03;-0,03;-0,05;-0,05;-0,07;-0,07;-0,01;-0,01;-0,14;-0,14;-0,01;-0,01;-0,02;-0,02;-0,05;-0,05;-0,04;-0,04;-0,02;-0,02;-0,11;-0,11;-0,04;-0,04;-0,02;-0,02;-0,01;-0,01;-0,02;-0,02;-0,03;-0,03;-0,03;-0,03;-0,03;-0,03;-0,35;-0,35;-0,05;-0,05;-0,02;-0,02
09.08.2026;21:15;21:30;0,0;0,0;0,0;0,0;-0,03;-0,03;-0,1;-0,1;0,0;0,0;-0,02;-0,02;-0,07;-0,07;-0,03;-0,03;-0,03;-0,03;-0,17;-0,17;-0,02;-0,02;-0,05;-0,05;0,0;0,0;-0,04;-0,04;-0,05;-0,05;-0,02;-0,02;0,0;0,0;-0,15;-0,15;-0,03;-0,03;-0,02;-0,02;-0,01;-0,01;-0,02;-0,02;-0,02;-0,02;-0,04;-0,04;0,0;0,0;-0,33;-0,33;-0,03;-0,03;-0,02;-0,02
09.08.2026;21:30;21:45;0,0;0,0;0,0;0,0;-0,02;-0,02;-0,12;-0,12;0,0;0,0;-0,01;-0,01;-0,06;-0,06;-0,03;-0,03;-0,04;-0,04;-0,04;-0,04;-0,01;-0,01;-0,02;-0,02;0,0;0,0;-0,03;-0,03;-0,06;-0,06;-0,04;-0,04;0,0;0,0;-0,16;-0,16;-0,03;-0,03;-0,04;-0,04;-0,01;-0,01;-0,02;-0,02;-0,03;-0,03;-0,03;-0,03;0,0;0,0;-0,3;-0,3;-0,02;-0,02;-0,02;-0,02
09.08.2026;21:45;22:00;0,0;0,0;0,0;0,0;-0,03;-0,03;-0,1;-0,1;0,0;0,0;-0,02;-0,02;-0,04;-0,04;-0,06;-0,06;-0,03;-0,03;-0,04;-0,04;-0,01;-0,01;-0,01;-0,01;0,0;0,0;-0,07;-0,07;-0,05;-0,05;-0,03;-0,03;-0,01;-0,01;-0,08;-0,08;-0,03;-0,03;-0,03;-0,03;-0,01;-0,01;-0,01;-0,01;-0,02;-0,02;-0,03;-0,03;-0,01;-0,01;-0,43;-0,43;-0,02;-0,02;-0,03;-0,03
09.08.2026;22:00;22:15;0,0;0,0;0,0;0,0;-0,04;-0,04;-0,16;-0,16;-0,01;-0,01;-0,01;-0,01;-0,04;-0,04;-0,06;-0,06;-0,03;-0,03;-0,05;-0,05;-0,02;-0,02;-0,01;-0,01;0,0;0,0;-0,05;-0,05;-0,17;-0,17;-0,03;-0,03;-0,01;-0,01;-0,07;-0,07;-0,01;-0,01;-0,03;-0,03;0,0;0,0;-0,01;-0,01;-0,01;-0,01;-0,03;-0,03;-0,02;-0,02;-0,29;-0,29;-0,01;-0,01;-0,02;-0,02
09.08.2026;22:15;22:30;0,0;0,0;-0,01;-0,01;-0,01;-0,01;-0,1;-0,1;0,0;0,0;-0,01;-0,01;-0,04;-0,04;-0,03;-0,03;-0,03;-0,03;-0,04;-0,04;0,0;0,0;-0,02;-0,02;0,0;0,0;-0,02;-0,02;-0,06;-0,06;-0,04;-0,04;-0,01;-0,01;-0,05;-0,05;-0,03;-0,03;-0,03;-0,03;-0,02;-0,02;-0,02;-0,02;-0,02;-0,02;-0,02;-0,02;-0,01;-0,01;-0,18;-0,18;-0,01;-0,01;-0,02;-0,02
09.08.2026;22:30;22:45;0,0;0,0;0,0;0,0;-0,02;-0,02;-0,22;-0,22;0,0;0,0;-0,02;-0,02;-0,04;-0,04;-0,04;-0,04;-0,01;-0,01;-0,04;-0,04;0,0;0,0;0,0;0,0;0,0;0,0;-0,01;-0,01;-0,06;-0,06;-0,03;-0,03;-0,01;-0,01;-0,06;-0,06;0,0;0,0;-0,03;-0,03;-0,01;-0,01;-0,03;-0,03;-0,01;-0,01;-0,01;-0,01;-0,01;-0,01;-0,19;-0,19;-0,01;-0,01;-0,02;-0,02
09.08.2026;22:45;23:00;0,0;0,0;0,0;0,0;0,0;0,0;-0,12;-0,12;0,0;0,0;-0,01;-0,01;-0,04;-0,04;-0,03;-0,03;-0,02;-0,02;-0,04;-0,04;0,0;0,0;-0,01;-0,01;0,0;0,0;0,0;0,0;-0,04;-0,04;-0,03;-0,03;-0,01;-0,01;-0,07;-0,07;-0,02;-0,02;-0,02;-0,02;0,0;0,0;-0,01;-0,01;-0,02;-0,02;-0,02;-0,02;-0,02;-0,02;-0,16;-0,16;-0,02;-0,02;-0,02;-0,02
09.08.2026;23:00;23:15;0,0;0,0;0,0;0,0;-0,01;-0,01;-0,18;-0,18;0,0;0,0;-0,01;-0,01;-0,04;-0,04;-0,04;-0,04;-0,03;-0,03;-0,23;-0,23;-0,02;-0,02;-0,01;-0,01;0,0;0,0;-0,01;-0,01;-0,04;-0,04;-0,04;-0,04;0,0;0,0;-0,05;-0,05;-0,01;-0,01;-0,04;-0,04;-0,02;-0,02;-0,01;-0,01;-0,01;-0,01;-0,03;-0,03;-0,01;-0,01;-0,18;-0,18;-0,01;-0,01;-0,02;-0,02
09.08.2026;23:15;23:30;0,0;0,0;-0,01;-0,01;-0,01;-0,01;-0,23;-0,23;0,0;0,0;-0,02;-0,02;-0,04;-0,04;-0,02;-0,02;-0,02;-0,02;-0,19;-0,19;-0,02;-0,02;-0,01;-0,01;0,0;0,0;-0,02;-0,02;-0,05;-0,05;-0,13;-0,13;0,0;0,0;-0,04;-0,04;0,0;0,0;-0,02;-0,02;-0,01;-0,01;-0,01;-0,01;-0,01;-0,01;-0,03;-0,03;-0,01;-0,01;-0,17;-0,17;-0,01;-0,01;-0,02;-0,02
09.08.2026;23:30;23:45;0,0;0,0;0,0;0,0;-0,02;-0,02;-0,23;-0,23;0,0;0,0;-0,01;-0,01;-0,05;-0,05;-0,03;-0,03;-0,02;-0,02;-0,19;-0,19;-0,01;-0,01;-0,01;-0,01;0,0;0,0;0,0;0,0;-0,06;-0,06;-0,19;-0,19;-0,01;-0,01;-0,05;-0,05;-0,02;-0,02;-0,02;-0,02;-0,01;-0,01;-0,03;-0,03;-0,01;-0,01;-0,01;-0,01;-0,02;-0,02;-0,05;-0,05;-0,01;-0,01;-0,02;-0,02
09.08.2026;23:45;00:00;0,0;0,0;0,0;0,0;-0,01;-0,01;-0,23;-0,23;0,0;0,0;-0,02;-0,02;-0,04;-0,04;-0,03;-0,03;-0,01;-0,01;-0,18;-0,18;-0,02;-0,02;-0,01;-0,01;0,0;0,0;-0,01;-0,01;-0,05;-0,05;-0,08;-0,08;-0,02;-0,02;-0,03;-0,03;-0,01;-0,01;-0,02;-0,02;-0,01;-0,01;-0,02;-0,02;-0,01;-0,01;0,0;0,0;-0,01;-0,01;-0,01;-0,01;-0,01;-0,01;-0,02;-0,02
10.08.2026;00:00;00:15;0,0;0,0;0,0;0,0;0,0;0,0;-0,14;-0,14;0,0;0,0;-0,01;-0,01;-0,04;-0,04;-0,02;-0,02;-0,02;-0,02;-0,18;-0,18;-0,01;-0,01;-0,01;-0,01;0,0;0,0;-0,02;-0,02;-0,09;-0,09;-0,02;-0,02;-0,01;-0,01;-0,11;-0,11;-0,02;-0,02;-0,02;-0,02;0,0;0,0;-0,01;-0,01;-0,01;-0,01;-0,03;-0,03;-0,01;-0,01;-0,01;-0,01;-0,02;-0,02;-0,01;-0,01
10.08.2026;00:15;00:30;0,0;0,0;0,0;0,0;-0,01;-0,01;-0,05;-0,05;0,0;0,0;-0,01;-0,01;-0,04;-0,04;-0,03;-0,03;-0,01;-0,01;-0,03;-0,03;-0,02;-0,02;-0,01;-0,01;0,0;0,0;-0,01;-0,01;-0,04;-0,04;-0,02;-0,02;0,0;0,0;-0,13;-0,13;-0,01;-0,01;-0,02;-0,02;-0,02;-0,02;-0,01;-0,01;-0,01;-0,01;-0,02;-0,02;-0,02;-0,02;-0,01;-0,01;-0,01;-0,01;0,0;0,0
10.08.2026;00:30;00:45;0,0;0,0;-0,01;-0,01;-0,02;-0,02;-0,07;-0,07;0,0;0,0;-0,02;-0,02;-0,04;-0,04;-0,02;-0,02;-0,01;-0,01;-0,03;-0,03;-0,01;-0,01;-0,01;-0,01;0,0;0,0;0,0;0,0;-0,06;-0,06;-0,01;-0,01;-0,01;-0,01;-0,13;-0,13;0,0;0,0;-0,03;-0,03;-0,01;-0,01;-0,01;-0,01;-0,01;-0,01;-0,03;-0,03;-0,01;-0,01;-0,01;-0,01;-0,01;-0,01;0,0;0,0
10.08.2026;00:45;01:00;0,0;0,0;0,0;0,0;-0,01;-0,01;-0,05;-0,05;0,0;0,0;-0,01;-0,01;-0,04;-0,04;-0,03;-0,03;-0,02;-0,02;-0,02;-0,02;0,0;0,0;0,0;0,0;0,0;0,0;-0,01;-0,01;-0,05;-0,05;-0,01;-0,01;0,0;0,0;-0,14;-0,14;-0,02;-0,02;-0,02;-0,02;0,0;0,0;-0,03;-0,03;-0,02;-0,02;-0,03;-0,03;-0,02;-0,02;-0,01;-0,01;-0,01;-0,01;-0,01;-0,01
10.08.2026;01:00;01:15;0,0;0,0;0,0;0,0;-0,01;-0,01;-0,07;-0,07;0,0;0,0;-0,01;-0,01;-0,04;-0,04;-0,01;-0,01;-0,02;-0,02;-0,02;-0,02;0,0;0,0;-0,02;-0,02;0,0;0,0;-0,01;-0,01;-0,04;-0,04;-0,01;-0,01;-0,01;-0,01;-0,08;-0,08;-0,01;-0,01;-0,02;-0,02;-0,01;-0,01;-0,02;-0,02;0,0;0,0;-0,02;-0,02;-0,01;-0,01;-0,02;-0,02;-0,02;-0,02;0,0;0,0
10.08.2026;01:15;01:30;0,0;0,0;0,0;0,0;0,0;0,0;-0,06;-0,06;-0,01;-0,01;-0,02;-0,02;-0,03;-0,03;-0,02;-0,02;-0,05;-0,05;-0,02;-0,02;-0,01;-0,01;0,0;0,0;0,0;0,0;-0,01;-0,01;-0,15;-0,15;-0,01;-0,01;-0,01;-0,01;-0,02;-0,02;-0,01;-0,01;-0,02;-0,02;-0,01;-0,01;-0,01;-0,01;-0,02;-0,02;-0,03;-0,03;-0,02;-0,02;-0,01;-0,01;-0,01;-0,01;-0,01;-0,01
10.08.2026;01:30;01:45;0,0;0,0;-0,01;-0,01;-0,01;-0,01;-0,08;-0,08;0,0;0,0;-0,01;-0,01;-0,04;-0,04;-0,01;-0,01;-0,07;-0,07;-0,02;-0,02;-0,02;-0,02;-0,01;-0,01;0,0;0,0;-0,01;-0,01;-0,01;-0,01;-0,01;-0,01;-0,01;-0,01;-0,01;-0,01;-0,01;-0,01;-0,02;-0,02;-0,01;-0,01;-0,01;-0,01;-0,01;-0,01;-0,02;-0,02;-0,01;-0,01;-0,02;-0,02;-0,01;-0,01;-0,03;-0,03
10.08.2026;01:45;02:00;0,0;0,0;0,0;0,0;-0,02;-0,02;-0,12;-0,12;0,0;0,0;-0,02;-0,02;-0,04;-0,04;-0,01;-0,01;-0,03;-0,03;-0,01;-0,01;-0,01;-0,01;-0,01;-0,01;0,0;0,0;-0,01;-0,01;-0,02;-0,02;-0,01;-0,01;-0,01;-0,01;0,0;0,0;-0,01;-0,01;-0,02;-0,02;-0,01;-0,01;-0,02;-0,02;-0,01;-0,01;0,0;0,0;-0,01;-0,01;0,0;0,0;-0,01;-0,01;-0,02;-0,02
10.08.2026;02:00;02:15;0,0;0,0;0,0;0,0;-0,01;-0,01;-0,08;-0,08;0,0;0,0;-0,01;-0,01;-0,04;-0,04;-0,01;-0,01;-0,03;-0,03;-0,02;-0,02;-0,02;-0,02;-0,01;-0,01;-0,01;-0,01;-0,01;-0,01;-0,01;-0,01;-0,01;-0,01;0,0;0,0;-0,02;-0,02;-0,02;-0,02;-0,02;-0,02;-0,01;-0,01;-0,02;-0,02;-0,01;-0,01;-0,01;-0,01;-0,02;-0,02;-0,01;-0,01;-0,01;-0,01;-0,02;-0,02
10.08.2026;02:15;02:30;0,0;0,0;0,0;0,0;-0,01;-0,01;-0,06;-0,06;0,0;0,0;-0,01;-0,01;-0,04;-0,04;-0,01;-0,01;-0,03;-0,03;0,0;0,0;-0,01;-0,01;-0,01;-0,01;0,0;0,0;-0,01;-0,01;-0,01;-0,01;-0,01;-0,01;-0,01;-0,01;-0,01;-0,01;0,0;0,0;-0,02;-0,02;-0,01;-0,01;-0,02;-0,02;-0,01;-0,01;-0,01;-0,01;-0,01;-0,01;-0,02;-0,02;-0,02;-0,02;-0,01;-0,01
10.08.2026;02:30;02:45;0,0;0,0;0,0;0,0;0,0;0,0;-0,06;-0,06;0,0;0,0;-0,02;-0,02;-0,04;-0,04;-0,01;-0,01;-0,02;-0,02;-0,01;-0,01;-0,01;-0,01;-0,01;-0,01;0,0;0,0;-0,01;-0,01;-0,01;-0,01;-0,02;-0,02;-0,01;-0,01;-0,02;-0,02;-0,02;-0,02;-0,03;-0,03;-0,01;-0,01;-0,01;-0,01;-0,01;-0,01;-0,01;-0,01;-0,02;-0,02;-0,01;-0,01;-0,01;-0,01;-0,01;-0,01
10.08.2026;02:45;03:00;0,0;0,0;-0,01;-0,01;-0,02;-0,02;-0,1;-0,1;0,0;0,0;-0,01;-0,01;-0,06;-0,06;-0,01;-0,01;-0,02;-0,02;0,0;0,0;-0,02;-0,02;0,0;0,0;0,0;0,0;-0,01;-0,01;-0,02;-0,02;0,0;0,0;-0,01;-0,01;-0,02;-0,02;-0,01;-0,01;-0,02;-0,02;-0,01;-0,01;-0,01;-0,01;-0,01;-0,01;-0,02;-0,02;-0,01;-0,01;-0,01;-0,01;-0,01;-0,01;-0,02;-0,02
10.08.2026;03:00;03:15;0,0;0,0;0,0;0,0;-0,01;-0,01;-0,11;-0,11;0,0;0,0;-0,01;-0,01;-0,03;-0,03;-0,01;-0,01;-0,03;-0,03;0,0;0,0;-0,01;-0,01;-0,02;-0,02;0,0;0,0;-0,02;-0,02;0,0;0,0;-0,02;-0,02;-0,01;-0,01;-0,01;-0,01;-0,01;-0,01;-0,02;-0,02;-0,01;-0,01;-0,02;-0,02;-0,01;-0,01;-0,03;-0,03;-0,02;-0,02;-0,02;-0,02;-0,02;-0,02;-0,01;-0,01
10.08.2026;03:15;03:30;0,0;0,0;0,0;0,0;-0,01;-0,01;-0,06;-0,06;0,0;0,0;-0,02;-0,02;-0,05;-0,05;-0,01;-0,01;-0,01;-0,01;-0,02;-0,02;0,0;0,0;-0,01;-0,01;0,0;0,0;0,0;0,0;-0,01;-0,01;-0,01;-0,01;-0,01;-0,01;-0,02;-0,02;-0,01;-0,01;-0,02;-0,02;-0,01;-0,01;-0,02;-0,02;-0,01;-0,01;-0,02;-0,02;-0,01;-0,01;-0,01;-0,01;-0,01;-0,01;-0,01;-0,01
10.08.2026;03:30;03:45;0,0;0,0;0,0;0,0;-0,01;-0,01;-0,13;-0,13;0,0;0,0;-0,01;-0,01;-0,05;-0,05;-0,01;-0,01;-0,01;-0,01;-0,01;-0,01;0,0;0,0;0,0;0,0;0,0;0,0;0,0;0,0;-0,02;-0,02;-0,01;-0,01;0,0;0,0;-0,01;-0,01;-0,01;-0,01;-0,02;-0,02;-0,01;-0,01;-0,03;-0,03;-0,01;-0,01;-0,03;-0,03;-0,02;-0,02;-0,01;-0,01;-0,01;-0,01;-0,02;-0,02
10.08.2026;03:45;04:00;0,0;0,0;-0,01;-0,01;0,0;0,0;-0,08;-0,08;0,0;0,0;-0,01;-0,01;-0,04;-0,04;-0,01;-0,01;-0,01;-0,01;-0,02;-0,02;-0,01;-0,01;-0,02;-0,02;0,0;0,0;-0,01;-0,01;-0,02;-0,02;-0,01;-0,01;0,0;0,0;-0,02;-0,02;-0,02;-0,02;-0,02;-0,02;-0,01;-0,01;-0,01;-0,01;-0,01;-0,01;-0,03;-0,03;0,0;0,0;-0,01;-0,01;-0,01;-0,01;0,0;0,0
10.08.2026;04:00;04:15;0,0;0,0;0,0;0,0;-0,02;-0,02;-0,06;-0,06;0,0;0,0;-0,02;-0,02;-0,04;-0,04;-0,01;-0,01;-0,02;-0,02;-0,02;-0,02;-0,02;-0,02;0,0;0,0;0,0;0,0;-0,02;-0,02;-0,12;-0,12;-0,01;-0,01;-0,01;-0,01;-0,05;-0,05;0,0;0,0;-0,02;-0,02;-0,01;-0,01;0,0;0,0;-0,01;-0,01;-0,02;-0,02;0,0;0,0;-0,01;-0,01;-0,01;-0,01;0,0;0,0
10.08.2026;04:15;04:30;0,0;0,0;0,0;0,0;-0,01;-0,01;-0,15;-0,15;0,0;0,0;-0,01;-0,01;-0,04;-0,04;-0,01;-0,01;-0,02;-0,02;-0,01;-0,01;-0,01;-0,01;-0,01;-0,01;0,0;0,0;-0,01;-0,01;-0,01;-0,01;-0,01;-0,01;-0,02;-0,02;-0,02;-0,02;-0,01;-0,01;-0,02;-0,02;-0,01;-0,01;-0,02;-0,02;-0,01;-0,01;-0,02;-0,02;-0,01;-0,01;-0,01;-0,01;-0,02;-0,02;-0,01;-0,01
10.08.2026;04:30;04:45;0,0;0,0;0,0;0,0;-0,01;-0,01;-0,06;-0,06;-0,01;-0,01;-0,02;-0,02;-0,05;-0,05;-0,01;-0,01;-0,01;-0,01;-0,01;-0,01;-0,02;-0,02;-0,01;-0,01;0,0;0,0;0,0;0,0;-0,01;-0,01;-0,01;-0,01;-0,01;-0,01;-0,02;-0,02;-0,02;-0,02;-0,03;-0,03;-0,01;-0,01;-0,02;-0,02;-0,01;-0,01;-0,01;-0,01;-0,01;-0,01;-0,01;-0,01;-0,01;-0,01;0,0;0,0
10.08.2026;04:45;05:00;0,0;0,0;-0,01;-0,01;0,0;0,0;-0,1;-0,1;0,0;0,0;-0,01;-0,01;-0,04;-0,04;-0,01;-0,01;-0,02;-0,02;0,0;0,0;-0,01;-0,01;-0,01;-0,01;0,0;0,0;-0,01;-0,01;-0,01;-0,01;-0,01;-0,01;0,0;0,0;-0,02;-0,02;0,0;0,0;-0,02;-0,02;-0,01;-0,01;-0,03;-0,03;-0,01;-0,01;0,0;0,0;-0,01;-0,01;-0,02;-0,02;-0,01;-0,01;-0,01;-0,01
10.08.2026;05:00;05:15;0,0;0,0;0,0;0,0;-0,01;-0,01;-0,17;-0,17;0,0;0,0;-0,01;-0,01;-0,04;-0,04;-0,01;-0,01;-0,02;-0,02;-0,01;-0,01;-0,02;-0,02;-0,01;-0,01;0,0;0,0;-0,05;-0,05;-0,01;-0,01;-0,01;-0,01;0,0;0,0;-0,01;-0,01;-0,03;-0,03;-0,02;-0,02;-0,01;-0,01;-0,01;-0,01;-0,01;-0,01;-0,01;-0,01;-0,02;-0,02;-0,01;-0,01;-0,03;-0,03;-0,01;-0,01
10.08.2026;05:15;05:30;0,0;0,0;0,0;0,0;-0,02;-0,02;-0,16;-0,16;0,0;0,0;-0,02;-0,02;-0,04;-0,04;-0,01;-0,01;-0,01;-0,01;0,0;0,0;-0,01;-0,01;-0,01;-0,01;0,0;0,0;-0,01;-0,01;-0,01;-0,01;-0,01;-0,01;-0,01;-0,01;-0,02;-0,02;0,0;0,0;-0,02;-0,02;-0,01;-0,01;0,0;0,0;-0,01;-0,01;-0,01;-0,01;-0,01;-0,01;-0,02;-0,02;-0,02;-0,02;-0,02;-0,02
10.08.2026;05:30;05:45;0,0;0,0;0,0;0,0;-0,01;-0,01;-0,19;-0,19;0,0;0,0;0,0;0,0;-0,04;-0,04;-0,04;-0,04;-0,02;-0,02;-0,02;-0,02;0,0;0,0;0,0;0,0;0,0;0,0;0,0;0,0;-0,01;-0,01;-0,01;-0,01;-0,01;-0,01;-0,02;-0,02;-0,01;-0,01;-0,02;-0,02;-0,01;-0,01;-0,02;-0,02;-0,01;-0,01;-0,01;-0,01;-0,02;-0,02;0,0;0,0;-0,06;-0,06;-0,01;-0,01
10.08.2026;05:45;06:00;0,0;0,0;0,0;0,0;0,0;0,0;-0,23;-0,23;0,0;0,0;-0,01;-0,01;-0,04;-0,04;-0,3;-0,3;-0,02;-0,02;-0,02;-0,02;0,0;0,0;-0,01;-0,01;0,0;0,0;-0,03;-0,03;-0,01;-0,01;-0,02;-0,02;-0,01;-0,01;-0,01;-0,01;-0,02;-0,02;-0,02;-0,02;-0,01;-0,01;-0,02;-0,02;-0,05;-0,05;-0,03;-0,03;-0,01;-0,01;-0,01;-0,01;-0,01;-0,01;-0,02;-0,02
10.08.2026;06:00;06:15;0,01;0,01;-0,01;-0,01;-0,01;-0,01;-0,18;-0,18;0,0;0,0;0,0;0,0;-0,04;-0,04;-0,03;-0,03;0,0;0,0;-0,02;-0,02;-0,01;-0,01;-0,02;-0,02;0,0;0,0;-0,01;-0,01;-0,01;-0,01;-0,01;-0,01;-0,01;-0,01;-0,01;-0,01;0,0;0,0;-0,02;-0,02;-0,01;-0,01;-0,03;-0,03;-0,01;-0,01;-0,02;-0,02;-0,01;-0,01;-0,02;-0,02;-0,01;-0,01;-0,01;-0,01
10.08.2026;06:15;06:30;0,04;0,04;0,0;0,0;-0,03;-0,03;-0,22;-0,22;0,0;0,0;-0,01;-0,01;-0,04;-0,04;-0,04;-0,04;-0,02;-0,02;-0,01;-0,01;-0,02;-0,02;0,0;0,0;0,0;0,0;-0,01;-0,01;-0,01;-0,01;-0,01;-0,01;-0,01;-0,01;-0,01;-0,01;-0,03;-0,03;-0,02;-0,02;-0,01;-0,01;-0,01;-0,01;-0,01;-0,01;-0,03;-0,03;-0,01;-0,01;0,0;0,0;-0,02;-0,02;-0,02;-0,02
10.08.2026;06:30;06:45;0,09;0,09;0,0;0,0;-0,04;-0,04;-0,22;-0,22;0,0;0,0;0,0;0,0;-0,04;-0,04;-0,24;-0,24;-0,02;-0,02;-0,01;-0,01;-0,01;-0,01;-0,02;-0,02;0,0;0,0;0,0;0,0;-0,01;-0,01;-0,01;-0,01;0,0;0,0;-0,03;-0,03;0,0;0,0;-0,03;-0,03;-0,01;-0,01;-0,01;-0,01;-0,02;-0,02;-0,03;-0,03;-0,02;-0,02;-0,01;-0,01;0,0;0,0;-0,01;-0,01
10.08.2026;06:45;07:00;0,12;0,11;0,0;0,0;-0,02;-0,02;-0,17;-0,16;0,0;0,0;-0,01;-0,01;-0,04;-0,04;-0,11;-0,11;-0,01;-0,01;-0,01;-0,01;-0,02;-0,02;0,0;0,0;0,0;0,0;-0,02;-0,02;-0,01;-0,01;-0,01;-0,01;0,0;0,0;-0,03;-0,03;-0,01;-0,01;-0,02;-0,02;-0,01;-0,01;-0,01;-0,01;-0,02;-0,02;-0,03;-0,03;-0,01;-0,01;-0,02;-0,02;-0,02;-0,02;-0,01;-0,01
10.08.2026;07:00;07:15;0,37;0,09;-0,01;0,0;-0,01;0,0;-0,16;-0,13;0,0;0,0;-0,02;-0,01;-0,13;-0,12;-0,02;-0,01;-0,03;-0,02;-0,09;-0,08;-0,01;0,0;-0,01;0,0;-0,01;0,0;-0,01;0,0;-0,01;0,0;-0,01;0,0;-0,02;-0,01;-0,03;-0,02;-0,02;-0,01;-0,03;-0,02;-0,01;0,0;-0,02;-0,01;-0,01;0,0;-0,02;-0,01;-0,01;0,0;-0,02;-0,01;-0,01;0,0;-0,02;-0,01
10.08.2026;07:15;07:30;0,56;0,17;0,0;0,0;-0,02;0,0;-0,09;0,0;0,0;0,0;-0,01;0,0;-0,04;-0,02;-0,04;-0,02;-0,03;-0,01;-0,02;0,0;-0,01;0,0;-0,02;0,0;0,0;0,0;-0,01;0,0;-0,01;0,0;-0,01;0,0;-0,01;0,0;-0,01;0,0;-0,01;0,0;-0,02;0,0;-0,01;0,0;-0,03;-0,01;-0,01;0,0;0,0;0,0;-0,01;0,0;-0,01;0,0;-0,01;0,0;-0,01;0,0
10.08.2026;07:30;07:45;0,52;0,16;0,0;0,0;-0,25;-0,23;-0,08;0,0;0,0;0,0;-0,01;0,0;-0,04;-0,02;-0,03;-0,01;-0,01;0,0;-0,02;0,0;-0,02;0,0;0,0;0,0;0,0;0,0;0,0;0,0;-0,02;0,0;-0,01;0,0;-0,01;0,0;-0,01;0,0;-0,04;-0,02;-0,02;0,0;-0,01;0,0;-0,01;0,0;-0,01;0,0;-0,01;0,0;-0,02;0,0;0,0;0,0;-0,01;0,0;0,0;0,0
10.08.2026;07:45;08:00;0,52;0,24;0,0;0,0;-0,03;-0,02;-0,08;0,0;0,0;0,0;-0,02;-0,01;-0,08;-0,07;-0,01;0,0;-0,01;0,0;-0,01;0,0;-0,01;0,0;-0,42;-0,41;0,0;0,0;-0,02;-0,01;-0,02;-0,01;-0,01;0,0;0,0;0,0;-0,01;0,0;-0,15;-0,14;-0,03;-0,02;-0,01;0,0;-0,01;0,0;-0,01;0,0;0,0;0,0;-0,01;0,0;-0,01;0,0;-0,01;0,0;0,0;0,0
10.08.2026;08:00;08:15;0,64;0,23;0,0;0,0;-0,04;-0,02;-0,07;0,0;-0,01;0,0;-0,01;0,0;-0,07;-0,05;-0,03;-0,01;-0,02;0,0;-0,02;0,0;0,0;0,0;-0,15;-0,13;0,0;0,0;-0,01;0,0;-0,03;-0,01;-0,01;0,0;0,0;0,0;-0,03;-0,01;-0,17;-0,15;-0,02;0,0;-0,01;0,0;-0,01;0,0;-0,01;0,0;-0,01;0,0;-0,02;0,0;-0,03;-0,01;-0,04;-0,02;0,0;0,0
10.08.2026;08:15;08:30;0,68;0,2;-0,01;0,0;-0,04;-0,02;-0,16;-0,03;0,0;0,0;-0,01;0,0;-0,04;-0,02;-0,02;0,0;-0,02;0,0;-0,02;0,0;0,0;0,0;-0,11;-0,09;0,0;0,0;-0,01;0,0;-0,12;-0,1;-0,01;0,0;-0,01;0,0;-0,02;0,0;-0,03;-0,01;-0,02;0,0;-0,01;0,0;-0,03;-0,01;-0,01;0,0;-0,01;0,0;-0,01;0,0;-0,02;0,0;-0,01;0,0;-0,01;0,0
10.08.2026;08:30;08:45;0,73;0,21;0,0;0,0;-0,03;0,0;-0,17;-0,02;0,0;0,0;-0,02;0,0;-0,04;-0,01;-0,17;-0,14;-0,01;0,0;-0,01;0,0;-0,01;0,0;-0,05;-0,02;0,0;0,0;0,0;0,0;-0,07;-0,04;-0,01;0,0;-0,01;0,0;-0,02;0,0;-0,02;0,0;-0,02;0,0;-0,01;0,0;-0,02;0,0;-0,01;0,0;0,0;0,0;-0,02;0,0;-0,01;0,0;-0,01;0,0;-0,01;0,0
10.08.2026;08:45;09:00;1,19;0,53;0,0;0,0;-0,01;0,0;-0,09;0,0;0,0;0,0;-0,01;0,0;-0,04;0,0;-0,48;-0,37;-0,02;0,0;-0,02;0,0;-0,02;0,0;-0,29;-0,18;0,0;0,0;-0,02;0,0;-0,01;0,0;-0,01;0,0;-0,01;0,0;-0,01;0,0;-0,03;0,0;-0,03;0,0;-0,01;0,0;-0,01;0,0;-0,01;0,0;-0,02;0,0;-0,01;0,0;-0,02;0,0;-0,01;0,0;-0,02;0,0
10.08.2026;09:00;09:15;1,97;1,09;0,0;0,0;-0,01;0,0;-0,12;0,0;0,0;0,0;-0,01;0,0;-0,04;0,0;-0,31;-0,08;-0,01;0,0;-0,02;0,0;-0,01;0,0;-0,24;-0,01;0,0;0,0;-0,01;0,0;-0,01;0,0;-0,01;0,0;-0,01;0,0;0,0;0,0;-0,03;0,0;-0,02;0,0;-0,01;0,0;-0,01;0,0;-0,01;0,0;-0,02;0,0;-0,02;0,0;-0,01;0,0;-0,02;0,0;-0,01;0,0
10.08.2026;09:15;09:30;2,13;1,06;-0,01;0,0;-0,01;0,0;-0,05;0,0;0,0;0,0;-0,02;0,0;-0,04;0,0;-0,27;-0,03;-0,01;0,0;-0,01;0,0;-0,02;0,0;-0,29;-0,05;0,0;0,0;0,0;0,0;-0,01;0,0;-0,01;0,0;-0,01;0,0;-0,01;0,0;-0,04;0,0;-0,02;0,0;-0,01;0,0;-0,01;0,0;-0,01;0,0;-0,02;0,0;-0,01;0,0;-0,01;0,0;-0,41;-0,17;-0,01;0,0
10.08.2026;09:30;09:45;1,53;0,87;0,0;0,0;-0,02;0,0;-0,08;0,0;0,0;0,0;-0,01;0,0;-0,04;0,0;-0,28;-0,11;-0,02;0,0;-0,02;0,0;-0,01;0,0;-0,03;0,0;0,0;0,0;-0,01;0,0;-0,02;0,0;-0,01;0,0;0,0;0,0;-0,02;0,0;-0,02;0,0;-0,02;0,0;-0,01;0,0;-0,03;0,0;-0,01;0,0;-0,03;0,0;-0,01;0,0;-0,01;0,0;-0,04;0,0;-0,02;0,0
10.08.2026;09:45;10:00;0,21;0,16;0,0;0,0;0,0;0,0;-0,08;-0,03;0,0;0,0;-0,01;-0,01;-0,03;-0,03;-0,23;-0,23;-0,01;-0,01;-0,02;-0,02;-0,01;-0,01;-0,01;-0,01;0,0;0,0;-0,02;-0,02;0,0;0,0;-0,02;-0,02;-0,01;-0,01;-0,01;-0,01;-0,03;-0,03;-0,09;-0,09;0,0;0,0;-0,02;-0,02;-0,01;-0,01;-0,02;-0,02;-0,02;-0,02;-0,01;-0,01;-0,03;-0,03;0,0;0,0
10.08.2026;10:00;10:15;0,85;0,31;0,0;0,0;-0,01;0,0;-0,07;0,0;0,0;0,0;-0,02;0,0;-0,04;0,0;-0,32;-0,26;-0,02;0,0;-0,01;0,0;-0,02;0,0;-0,01;0,0;0,0;0,0;-0,01;0,0;-0,01;0,0;-0,02;0,0;-0,01;0,0;-0,02;0,0;-0,03;0,0;-0,08;-0,02;-0,01;0,0;-0,01;0,0;-0,02;0,0;-0,02;0,0;-0,01;0,0;-0,01;0,0;-0,04;0,0;0,0;0,0
10.08.2026;10:15;10:30;2,92;2,28;0,0;0,0;-0,01;0,0;-0,09;0,0;0,0;0,0;-0,01;0,0;-0,04;0,0;-0,17;0,0;-0,02;0,0;-0,02;0,0;-0,01;0,0;-0,01;0,0;0,0;0,0;0,0;0,0;-0,01;0,0;-0,01;0,0;-0,01;0,0;0,0;0,0;-0,02;0,0;-0,03;0,0;-0,02;0,0;-0,01;0,0;0,0;0,0;-0,03;0,0;-0,01;0,0;-0,01;0,0;-0,1;0,0;0,0;0,0
10.08.2026;10:30;10:45;3,14;2,62;-0,01;0,0;-0,02;0,0;-0,07;0,0;0,0;0,0;-0,01;0,0;-0,04;0,0;-0,03;0,0;-0,01;0,0;0,0;0,0;0,0;0,0;0,0;0,0;0,0;0,0;-0,01;0,0;-0,01;0,0;-0,02;0,0;-0,01;0,0;-0,01;0,0;-0,04;0,0;-0,03;0,0;0,0;0,0;-0,02;0,0;-0,02;0,0;-0,02;0,0;0,0;0,0;-0,02;0,0;-0,11;0,0;-0,01;0,0
10.08.2026;10:45;11:00;3,28;2,71;0,0;0,0;-0,01;0,0;-0,1;0,0;0,0;0,0;-0,02;0,0;-0,05;0,0;-0,02;0,0;-0,01;0,0;0,0;0,0;0,0;0,0;-0,03;0,0;0,0;0,0;-0,02;0,0;-0,02;0,0;-0,01;0,0;0,0;0,0;-0,01;0,0;-0,02;0,0;-0,03;0,0;-0,01;0,0;-0,02;0,0;-0,01;0,0;-0,02;0,0;-0,01;0,0;-0,01;0,0;-0,12;0,0;-0,02;0,0
10.08.2026;11:00;11:15;3,39;2,65;0,0;0,0;0,0;0,0;-0,07;0,0;0,0;0,0;-0,01;0,0;-0,05;0,0;-0,02;0,0;-0,02;0,0;-0,01;0,0;-0,01;0,0;-0,03;0,0;0,0;0,0;-0,01;0,0;-0,01;0,0;0,0;0,0;-0,01;0,0;-0,02;0,0;-0,17;0,0;-0,02;0,0;-0,02;0,0;-0,02;0,0;-0,01;0,0;-0,01;0,0;-0,01;0,0;-0,01;0,0;-0,19;0,0;-0,01;0,0
10.08.2026;11:15;11:30;3,53;2,81;0,0;0,0;-0,01;0,0;-0,1;0,0;-0,01;0,0;-0,01;0,0;-0,03;0,0;0,0;0,0;-0,01;0,0;-0,01;0,0;-0,02;0,0;-0,05;0,0;0,0;0,0;0,0;0,0;-0,01;0,0;-0,02;0,0;0,0;0,0;-0,01;0,0;-0,1;0,0;-0,02;0,0;0,0;0,0;-0,01;0,0;-0,01;0,0;-0,01;0,0;-0,01;0,0;-0,01;0,0;-0,24;0,0;-0,02;0,0
10.08.2026;11:30;11:45;3,72;2,86;-0,01;0,0;-0,01;0,0;-0,06;0,0;0,0;0,0;-0,02;0,0;-0,04;0,0;-0,02;0,0;-0,02;0,0;-0,01;0,0;-0,01;0,0;-0,07;0,0;0,0;0,0;-0,01;0,0;-0,01;0,0;-0,01;0,0;-0,01;0,0;-0,01;0,0;-0,03;0,0;-0,03;0,0;-0,01;0,0;-0,01;0,0;-0,01;0,0;-0,01;0,0;-0,01;0,0;-0,01;0,0;-0,41;0,0;-0,01;0,0
10.08.2026;11:45;12:00;3,82;3,15;0,0;0,0;-0,02;0,0;-0,07;0,0;0,0;0,0;-0,01;0,0;-0,04;0,0;0,0;0,0;-0,02;0,0;-0,01;0,0;-0,02;0,0;-0,02;0,0;0,0;0,0;-0,02;0,0;-0,02;0,0;0,0;0,0;-0,01;0,0;-0,01;0,0;-0,03;0,0;-0,02;0,0;-0,01;0,0;-0,02;0,0;-0,01;0,0;0,0;0,0;-0,01;0,0;-0,01;0,0;-0,28;0,0;-0,01;0,0
10.08.2026;12:00;12:15;3,87;2,93;0,0;0,0;-0,01;0,0;-0,06;0,0;0,0;0,0;-0,01;0,0;-0,04;0,0;-0,02;0,0;-0,01;0,0;-0,01;0,0;-0,01;0,0;-0,03;0,0;-0,01;0,0;0,0;0,0;-0,53;0,0;-0,02;0,0;-0,02;0,0;0,0;0,0;-0,02;0,0;-0,02;0,0;-0,01;0,0;-0,02;0,0;-0,01;0,0;-0,01;0,0;-0,01;0,0;-0,02;0,0;-0,02;0,0;-0,02;0,0
10.08.2026;12:15;12:30;3,89;3,4;0,0;0,0;0,0;0,0;-0,08;0,0;0,0;0,0;-0,02;0,0;-0,04;0,0;0,0;0,0;-0,02;0,0;0,0;0,0;-0,02;0,0;-0,03;0,0;0,0;0,0;-0,01;0,0;-0,07;0,0;-0,01;0,0;0,0;0,0;-0,02;0,0;-0,04;0,0;-0,02;0,0;-0,02;0,0;-0,02;0,0;-0,01;0,0;-0,01;0,0;-0,02;0,0;-0,01;0,0;-0,02;0,0;0,0;0,0
10.08.2026;12:30;12:45;3,95;3,22;0,0;0,0;-0,01;0,0;-0,08;0,0;0,0;0,0;-0,01;0,0;-0,04;0,0;-0,02;0,0;-0,04;0,0;-0,02;0,0;-0,01;0,0;-0,12;0,0;0,0;0,0;0,0;0,0;-0,21;0,0;0,0;0,0;0,0;0,0;-0,01;0,0;-0,02;0,0;-0,03;0,0;0,0;0,0;-0,01;0,0;-0,01;0,0;-0,01;0,0;-0,01;0,0;-0,05;0,0;-0,02;0,0;0,0;0,0
10.08.2026;12:45;13:00;3,92;3,31;-0,01;0,0;-0,01;0,0;-0,14;0,0;0,0;0,0;-0,01;0,0;-0,04;0,0;0,0;0,0;-0,01;0,0;-0,02;0,0;-0,01;0,0;-0,09;0,0;0,0;0,0;-0,02;0,0;-0,08;0,0;-0,01;0,0;-0,01;0,0;-0,01;0,0;-0,02;0,0;-0,02;0,0;-0,01;0,0;-0,01;0,0;-0,01;0,0;-0,01;0,0;-0,01;0,0;-0,01;0,0;-0,03;0,0;-0,01;0,0
10.08.2026;13:00;13:15;3,9;3,33;0,0;0,0;-0,02;0,0;-0,12;0,0;0,0;0,0;-0,02;0,0;-0,03;0,0;-0,02;0,0;-0,01;0,0;-0,01;0,0;0,0;0,0;-0,08;0,0;0,0;0,0;-0,01;0,0;-0,07;0,0;-0,01;0,0;-0,01;0,0;-0,02;0,0;-0,02;0,0;-0,02;0,0;-0,02;0,0;-0,02;0,0;-0,01;0,0;-0,01;0,0;-0,01;0,0;-0,01;0,0;-0,02;0,0;0,0;0,0
10.08.2026;13:15;13:30;3,86;3,34;0,0;0,0;0,0;0,0;-0,06;0,0;0,0;0,0;-0,01;0,0;-0,04;0,0;0,0;0,0;-0,02;0,0;-0,02;0,0;-0,01;0,0;-0,17;0,0;0,0;0,0;0,0;0,0;-0,04;0,0;-0,01;0,0;-0,01;0,0;0,0;0,0;-0,01;0,0;-0,02;0,0;0,0;0,0;-0,03;0,0;-0,01;0,0;-0,01;0,0;-0,01;0,0;-0,01;0,0;-0,01;0,0;-0,02;0,0
10.08.2026;13:30;13:45;3,37;2,9;0,0;0,0;-0,01;0,0;-0,07;0,0;0,0;0,0;-0,01;0,0;-0,04;0,0;-0,01;0,0;-0,02;0,0;-0,02;0,0;0,0;0,0;-0,06;0,0;0,0;0,0;-0,01;0,0;-0,04;0,0;-0,01;0,0;-0,01;0,0;-0,01;0,0;-0,02;0,0;-0,03;0,0;-0,02;0,0;-0,01;0,0;-0,01;0,0;-0,01;0,0;-0,02;0,0;-0,01;0,0;-0,01;0,0;-0,01;0,0
10.08.2026;13:45;14:00;1,68;1,02;-0,01;0,0;-0,01;0,0;-0,09;0,0;0,0;0,0;-0,02;0,0;-0,04;0,0;-0,01;0,0;-0,02;0,0;-0,01;0,0;-0,02;0,0;-0,05;0,0;0,0;0,0;-0,02;0,0;-0,05;0,0;-0,02;0,0;-0,01;0,0;-0,01;0,0;0,0;0,0;-0,28;-0,11;0,0;0,0;-0,01;0,0;-0,01;0,0;-0,02;0,0;-0,01;0,0;-0,01;0,0;-0,02;0,0;-0,02;0,0
10.08.2026;14:00;14:15;0,74;0,28;0,0;0,0;-0,01;0,0;-0,07;0,0;0,0;0,0;-0,01;0,0;-0,03;0,0;-0,01;0,0;-0,02;0,0;0,0;0,0;-0,02;0,0;-0,03;0,0;0,0;0,0;-0,02;0,0;-0,04;0,0;-0,01;0,0;0,0;0,0;-0,02;0,0;-0,02;0,0;-0,09;-0,03;-0,01;0,0;-0,01;0,0;-0,02;0,0;0,0;0,0;-0,01;0,0;-0,02;0,0;-0,01;0,0;-0,01;0,0
10.08.2026;14:15;14:30;2,88;2,26;0,0;0,0;-0,02;0,0;-0,07;0,0;0,0;0,0;-0,01;0,0;-0,04;0,0;-0,01;0,0;-0,02;0,0;0,0;0,0;-0,01;0,0;-0,08;0,0;0,0;0,0;-0,1;0,0;-0,04;0,0;-0,01;0,0;0,0;0,0;-0,01;0,0;-0,01;0,0;-0,06;0,0;-0,02;0,0;-0,03;0,0;0,0;0,0;-0,02;0,0;-0,02;0,0;-0,02;0,0;-0,01;0,0;-0,01;0,0
10.08.2026;14:30;14:45;3,58;3,02;0,0;0,0;0,0;0,0;-0,14;0,0;-0,01;0,0;-0,02;0,0;-0,04;0,0;-0,01;0,0;-0,01;0,0;-0,01;0,0;-0,01;0,0;-0,01;0,0;0,0;0,0;-0,06;0,0;-0,05;0,0;-0,02;0,0;-0,02;0,0;-0,01;0,0;-0,01;0,0;-0,03;0,0;0,0;0,0;-0,02;0,0;-0,02;0,0;-0,01;0,0;-0,01;0,0;0,0;0,0;-0,02;0,0;-0,02;0,0
10.08.2026;14:45;15:00;1,98;1,43;-0,01;0,0;-0,01;0,0;-0,16;0,0;0,0;0,0;-0,01;0,0;-0,03;0,0;-0,01;0,0;-0,02;0,0;-0,01;0,0;-0,02;0,0;-0,01;0,0;0,0;0,0;-0,02;0,0;-0,05;0,0;-0,01;0,0;-0,01;0,0;-0,01;0,0;-0,02;0,0;-0,04;0,0;-0,01;0,0;-0,02;0,0;-0,01;0,0;-0,01;0,0;-0,02;0,0;-0,01;0,0;-0,01;0,0;-0,01;0,0
10.08.2026;15:00;15:15;3,35;2,89;0,0;0,0;-0,01;0,0;-0,08;0,0;0,0;0,0;-0,01;0,0;-0,04;0,0;0,0;0,0;-0,02;0,0;-0,02;0,0;-0,01;0,0;-0,03;0,0;0,0;0,0;-0,01;0,0;-0,04;0,0;-0,01;0,0;-0,01;0,0;-0,01;0,0;0,0;0,0;-0,06;0,0;-0,02;0,0;-0,01;0,0;-0,01;0,0;-0,01;0,0;-0,01;0,0;-0,01;0,0;-0,01;0,0;-0,02;0,0
10.08.2026;15:15;15:30;2,39;1,89;0,0;0,0;-0,01;0,0;-0,09;0,0;0,0;0,0;-0,02;0,0;-0,04;0,0;-0,02;0,0;-0,01;0,0;-0,01;0,0;-0,01;0,0;-0,02;0,0;0,0;0,0;-0,01;0,0;-0,04;0,0;-0,01;0,0;-0,01;0,0;-0,01;0,0;-0,02;0,0;-0,07;0,0;0,0;0,0;-0,01;0,0;-0,01;0,0;-0,01;0,0;-0,02;0,0;-0,02;0,0;-0,02;0,0;-0,01;0,0
10.08.2026;15:30;15:45;2,25;1,49;0,0;0,0;-0,02;0,0;-0,09;0,0;0,0;0,0;-0,01;0,0;-0,03;0,0;0,0;0,0;-0,03;0,0;-0,02;0,0;-0,01;0,0;-0,04;0,0;0,0;0,0;-0,03;0,0;-0,04;0,0;-0,01;0,0;0,0;0,0;-0,01;0,0;-0,01;0,0;-0,05;0,0;-0,02;0,0;-0,02;0,0;-0,01;0,0;-0,02;0,0;-0,01;0,0;-0,01;0,0;-0,32;-0,05;0,0;0,0
10.08.2026;15:45;16:00;1,63;0,9;0,0;0,0;0,0;0,0;-0,07;0,0;0,0;0,0;-0,01;0,0;-0,04;0,0;-0,01;0,0;-0,01;0,0;-0,01;0,0;0,0;0,0;-0,03;0,0;0,0;0,0;-0,02;0,0;-0,04;0,0;-0,01;0,0;0,0;0,0;-0,02;0,0;-0,01;0,0;-0,29;-0,11;0,0;0,0;-0,03;0,0;-0,01;0,0;-0,01;0,0;-0,02;0,0;-0,02;0,0;-0,27;-0,09;0,0;0,0
10.08.2026;16:00;16:15;1,94;1,3;-0,01;0,0;-0,01;0,0;-0,06;0,0;0,0;0,0;-0,01;0,0;-0,03;0,0;-0,01;0,0;-0,02;0,0;-0,01;0,0;0,0;0,0;-0,03;0,0;0,0;0,0;-0,01;0,0;-0,06;0,0;-0,01;0,0;-0,01;0,0;-0,01;0,0;-0,02;0,0;-0,34;-0,1;-0,01;0,0;-0,01;0,0;-0,01;0,0;-0,01;0,0;-0,01;0,0;-0,01;0,0;-0,03;0,0;0,0;0,0
10.08.2026;16:15;16:30;1,45;0,83;0,0;0,0;-0,01;0,0;-0,08;0,0;0,0;0,0;-0,02;0,0;-0,04;0,0;-0,01;0,0;-0,02;0,0;0,0;0,0;-0,02;0,0;-0,03;0,0;0,0;0,0;-0,01;0,0;-0,06;0,0;-0,01;0,0;-0,01;0,0;-0,01;0,0;0,0;0,0;-0,32;-0,15;-0,02;0,0;-0,01;0,0;-0,01;0,0;-0,01;0,0;-0,01;0,0;-0,01;0,0;-0,03;0,0;-0,02;0,0
10.08.2026;16:30;16:45;1,2;0,49;0,0;0,0;-0,02;0,0;-0,11;0,0;0,0;0,0;-0,01;0,0;-0,04;0,0;-0,01;0,0;-0,05;0,0;-0,01;0,0;-0,02;0,0;-0,03;0,0;0,0;0,0;-0,02;0,0;-0,17;-0,07;-0,01;0,0;-0,01;0,0;0,0;0,0;-0,02;0,0;-0,07;0,0;0,0;0,0;-0,01;0,0;-0,01;0,0;-0,02;0,0;-0,02;0,0;-0,01;0,0;-0,24;-0,14;-0,01;0,0
10.08.2026;16:45;17:00;2,43;1,77;0,0;0,0;-0,01;0,0;-0,19;0,0;-0,05;0,0;-0,01;0,0;-0,03;0,0;0,0;0,0;-0,05;0,0;0,0;0,0;-0,01;0,0;-0,02;0,0;0,0;0,0;-0,02;0,0;-0,04;0,0;-0,01;0,0;-0,02;0,0;-0,01;0,0;-0,01;0,0;-0,05;0,0;-0,01;0,0;-0,03;0,0;-0,01;0,0;0,0;0,0;-0,01;0,0;-0,01;0,0;-0,04;0,0;-0,02;0,0
10.08.2026;17:00;17:15;1,81;1,11;-0,01;0,0;-0,05;0,0;-0,12;0,0;-0,07;0,0;-0,02;0,0;-0,05;0,0;-0,02;0,0;-0,02;0,0;-0,02;0,0;-0,02;0,0;-0,03;0,0;-0,01;0,0;-0,01;0,0;-0,04;0,0;-0,01;0,0;0,0;0,0;-0,02;0,0;-0,02;0,0;-0,03;0,0;-0,02;0,0;-0,02;0,0;-0,01;0,0;-0,02;0,0;-0,01;0,0;-0,02;0,0;-0,02;0,0;-0,01;0,0
10.08.2026;17:15;17:30;1,07;0,38;0,0;0,0;-0,28;-0,2;-0,08;0,0;-0,07;0,0;-0,01;0,0;-0,06;0,0;0,0;0,0;-0,01;0,0;-0,01;0,0;-0,01;0,0;-0,27;-0,19;0,0;0,0;-0,01;0,0;-0,04;0,0;-0,01;0,0;0,0;0,0;-0,01;0,0;-0,01;0,0;-0,03;0,0;0,0;0,0;-0,01;0,0;-0,02;0,0;-0,01;0,0;0,0;0,0;-0,04;0,0;-0,11;-0,03;-0,01;0,0
10.08.2026;17:30;17:45;0,16;0,11;0,0;0,0;-0,12;-0,12;-0,19;-0,14;-0,06;-0,06;-0,01;-0,01;-0,04;-0,04;-0,01;-0,01;-0,02;-0,02;-0,02;-0,02;-0,01;-0,01;-0,2;-0,2;0,0;0,0;-0,02;-0,02;-0,04;-0,04;-0,02;-0,02;-0,01;-0,01;-0,02;-0,02;-0,02;-0,02;-0,03;-0,03;-0,02;-0,02;-0,01;-0,01;0,0;0,0;-0,09;-0,09;-0,01;-0,01;-0,03;-0,03;-0,03;-0,03;-0,02;-0,02
10.08.2026;17:45;18:00;0,0;0,0;0,0;0,0;-0,02;-0,02;-0,09;-0,09;-0,04;-0,04;-0,02;-0,02;-0,03;-0,03;-0,01;-0,01;-0,01;-0,01;-0,02;-0,02;-0,02;-0,02;-0,01;-0,01;0,0;0,0;-0,02;-0,02;-0,05;-0,05;-0,01;-0,01;-0,01;-0,01;-0,01;-0,01;-0,04;-0,04;-0,02;-0,02;0,0;0,0;-0,02;-0,02;-0,02;-0,02;-0,03;-0,03;-0,01;-0,01;-0,02;-0,02;-0,01;-0,01;-0,01;-0,01
10.08.2026;18:00;18:15;0,08;0,08;0,0;0,0;-0,02;-0,02;-0,1;-0,1;-0,05;-0,05;-0,01;-0,01;-0,04;-0,04;-0,01;-0,01;-0,02;-0,02;-0,01;-0,01;0,0;0,0;-0,01;-0,01;0,0;0,0;-0,01;-0,01;-0,11;-0,11;-0,02;-0,02;-0,02;-0,02;-0,03;-0,03;-0,02;-0,02;-0,03;-0,03;-0,01;-0,01;-0,02;-0,02;-0,01;-0,01;-0,01;-0,01;-0,01;-0,01;-0,03;-0,03;-0,02;-0,02;-0,02;-0,02
10.08.2026;18:15;18:30;1,03;0,25;-0,01;0,0;-0,07;-0,01;-0,17;0,0;-0,03;0,0;-0,01;0,0;-0,06;0,0;-0,03;0,0;-0,02;0,0;0,0;0,0;-0,01;0,0;-0,26;-0,2;0,0;0,0;-0,02;0,0;-0,04;0,0;-0,02;0,0;-0,01;0,0;-0,08;-0,02;-0,05;0,0;-0,02;0,0;-0,02;0,0;-0,03;0,0;0,0;0,0;-0,01;0,0;-0,01;0,0;-0,01;0,0;-0,01;0,0;-0,01;0,0
10.08.2026;18:30;18:45;0,55;0,12;0,0;0,0;-0,38;-0,36;-0,21;-0,12;-0,03;-0,01;-0,02;0,0;-1,0;-0,98;-0,01;0,0;-0,01;0,0;-0,01;0,0;0,0;0,0;-0,16;-0,14;0,0;0,0;-0,05;-0,03;-0,04;-0,02;-0,01;0,0;0,0;0,0;-0,1;-0,08;-0,03;-0,01;-0,03;-0,01;0,0;0,0;-0,01;0,0;-0,02;0,0;-0,02;0,0;-0,05;-0,03;-0,01;0,0;-0,01;0,0;-0,01;0,0
10.08.2026;18:45;19:00;0,4;0,11;0,0;0,0;-0,23;-0,22;-0,26;-0,19;-0,03;-0,02;-0,01;0,0;-0,21;-0,2;-0,01;0,0;-0,02;-0,01;0,0;0,0;-0,01;0,0;-0,16;-0,15;0,0;0,0;-0,02;-0,01;-0,03;-0,02;-0,02;-0,01;-0,01;0,0;-0,11;-0,1;-0,03;-0,02;-0,02;-0,01;-0,01;0,0;0,0;0,0;-0,01;0,0;-0,01;0,0;-0,01;0,0;-0,01;0,0;-0,01;0,0;-0,01;0,0
10.08.2026;19:00;19:15;0,67;0,21;0,0;0,0;-0,11;-0,09;-0,09;0,0;-0,04;-0,02;-0,01;0,0;-0,28;-0,26;-0,01;0,0;-0,02;0,0;-0,01;0,0;-0,02;0,0;-0,06;-0,04;0,0;0,0;-0,01;0,0;-0,02;0,0;-0,05;-0,03;0,0;0,0;-0,1;-0,08;-0,03;-0,01;-0,02;0,0;-0,01;0,0;-0,02;0,0;-0,01;0,0;-0,02;0,0;-0,01;0,0;-0,02;0,0;-0,02;0,0;0,0;0,0
10.08.2026;19:15;19:30;0,31;0,05;-0,01;0,0;-0,02;-0,01;-0,06;-0,04;-0,01;0,0;-0,02;-0,01;-0,22;-0,21;-0,02;-0,01;-0,01;0,0;-0,01;0,0;-0,01;0,0;-0,02;-0,01;0,0;0,0;-0,01;0,0;-0,01;0,0;-0,06;-0,05;-0,01;0,0;-0,1;-0,09;-0,03;-0,02;-0,02;-0,01;-0,01;0,0;-0,03;-0,02;-0,01;0,0;-0,04;-0,03;-0,02;-0,01;-0,02;-0,01;-0,01;0,0;0,0;0,0
10.08.2026;19:30;19:45;0,09;0,09;0,0;0,0;-0,01;-0,01;-0,15;-0,15;0,0;0,0;-0,01;-0,01;-0,04;-0,04;-0,02;-0,02;-0,02;-0,02;-0,02;-0,02;-0,02;-0,02;-0,03;-0,03;0,0;0,0;-0,03;-0,03;-0,01;-0,01;-0,07;-0,07;-0,01;-0,01;-0,09;-0,09;-0,04;-0,04;-0,03;-0,03;-0,01;-0,01;-0,02;-0,02;-0,01;-0,01;-0,03;-0,03;-0,01;-0,01;-0,01;-0,01;-0,04;-0,04;-0,01;-0,01
10.08.2026;19:45;20:00;0,03;0,03;0,0;0,0;-0,01;-0,01;-0,12;-0,12;0,0;0,0;-0,01;-0,01;-0,04;-0,04;-0,02;-0,02;-0,02;-0,02;-0,02;-0,02;-0,01;-0,01;-0,02;-0,02;0,0;0,0;-0,02;-0,02;-0,01;-0,01;-0,09;-0,09;-0,01;-0,01;-0,09;-0,09;-0,02;-0,02;-0,02;-0,02;-0,01;-0,01;-0,01;-0,01;-0,02;-0,02;-0,02;-0,02;-0,01;-0,01;-0,01;-0,01;-0,01;-0,01;-0,02;-0,02
10.08.2026;20:00;20:15;0,02;0,02;0,0;0,0;-0,1;-0,1;-0,23;-0,23;0,0;0,0;-0,02;-0,02;-0,04;-0,04;-0,02;-0,02;-0,01;-0,01;-0,02;-0,02;-0,02;-0,02;-0,03;-0,03;0,0;0,0;-0,01;-0,01;-0,15;-0,15;-0,09;-0,09;-0,01;-0,01;-0,09;-0,09;-0,05;-0,05;-0,03;-0,03;-0,01;-0,01;-0,01;-0,01;-0,01;-0,01;-0,02;-0,02;-0,02;-0,02;-0,03;-0,03;-0,02;-0,02;-0,01;-0,01
10.08.2026;20:15;20:30;0,01;0,01;0,0;0,0;-0,07;-0,07;-0,1;-0,1;0,0;0,0;-0,01;-0,01;-0,05;-0,05;-0,03;-0,03;-0,02;-0,02;-0,01;-0,01;-0,01;-0,01;-0,08;-0,08;0,0;0,0;-0,13;-0,13;-0,18;-0,18;-0,09;-0,09;0,0;0,0;-0,09;-0,09;-0,02;-0,02;-0,03;-0,03;-0,01;-0,01;-0,02;-0,02;-0,01;-0,01;-0,02;-0,02;-0,02;-0,02;-0,58;-0,58;-0,01;-0,01;-0,01;-0,01
10.08.2026;20:30;20:45;0,0;0,0;-0,01;-0,01;-0,03;-0,03;-0,09;-0,09;0,0;0,0;-0,01;-0,01;-0,04;-0,04;-0,05;-0,05;-0,01;-0,01;-0,01;-0,01;-0,01;-0,01;-0,11;-0,11;0,0;0,0;-0,04;-0,04;-0,06;-0,06;-0,07;-0,07;-0,01;-0,01;-0,1;-0,1;-0,04;-0,04;-0,02;-0,02;-0,01;-0,01;-0,02;-0,02;-0,01;-0,01;-0,03;-0,03;-0,03;-0,03;-0,37;-0,37;-0,01;-0,01;-0,02;-0,02
10.08.2026;20:45;21:00;0,0;0,0;0,0;0,0;-0,03;-0,03;-0,14;-0,14;0,0;0,0;-0,02;-0,02;-0,04;-0,04;-0,07;-0,07;-0,02;-0,02;-0,01;-0,01;0,0;0,0;-0,13;-0,13;0,0;0,0;-0,22;-0,22;-0,07;-0,07;-0,08;-0,08;-0,01;-0,01;-0,08;-0,08;-0,03;-0,03;-0,03;-0,03;-0,01;-0,01;-0,02;-0,02;-0,02;-0,02;-0,02;-0,02;-0,03;-0,03;-0,41;-0,41;-0,02;-0,02;-0,01;-0,01
10.08.2026;21:00;21:15;0,0;0,0;0,0;0,0;-0,06;-0,06;-0,18;-0,18;-0,01;-0,01;-0,01;-0,01;-0,04;-0,04;-0,03;-0,03;-0,02;-0,02;0,0;0,0;0,0;0,0;-0,03;-0,03;0,0;0,0;-0,23;-0,23;-0,07;-0,07;-0,04;-0,04;-0,01;-0,01;-0,09;-0,09;-0,03;-0,03;-0,05;-0,05;-0,01;-0,01;-0,01;-0,01;0,0;0,0;-0,03;-0,03;-0,03;-0,03;-0,27;-0,27;-0,01;-0,01;-0,03;-0,03
10.08.2026;21:15;21:30;0,0;0,0;0,0;0,0;-0,04;-0,04;-0,11;-0,11;0,0;0,0;-0,01;-0,01;-0,05;-0,05;-0,04;-0,04;-0,01;-0,01;-0,02;-0,02;-0,02;-0,02;-0,01;-0,01;0,0;0,0;-0,43;-0,43;-0,07;-0,07;-0,03;-0,03;-0,01;-0,01;-0,09;-0,09;-0,03;-0,03;-0,05;-0,05;-0,01;-0,01;-0,01;-0,01;-0,02;-0,02;-0,02;-0,02;-0,02;-0,02;-0,22;-0,22;-0,01;-0,01;-0,04;-0,04
10.08.2026;21:30;21:45;0,0;0,0;-0,01;-0,01;-0,04;-0,04;-0,16;-0,16;0,0;0,0;-0,02;-0,02;-0,08;-0,08;-0,04;-0,04;-0,02;-0,02;-0,37;-0,37;-0,01;-0,01;0,0;0,0;0,0;0,0;-0,04;-0,04;-0,07;-0,07;-0,04;-0,04;-0,01;-0,01;-0,09;-0,09;-0,02;-0,02;-0,05;-0,05;-0,01;-0,01;-0,02;-0,02;0,0;0,0;-0,03;-0,03;-0,03;-0,03;-0,15;-0,15;-0,01;-0,01;-0,02;-0,02
10.08.2026;21:45;22:00;0,0;0,0;0,0;0,0;-0,03;-0,03;-0,08;-0,08;0,0;0,0;-0,01;-0,01;-0,07;-0,07;-0,04;-0,04;-0,02;-0,02;-0,13;-0,13;-0,02;-0,02;-0,02;-0,02;0,0;0,0;-0,03;-0,03;-0,12;-0,12;-0,07;-0,07;0,0;0,0;-0,09;-0,09;-0,04;-0,04;-0,04;-0,04;-0,01;-0,01;-0,03;-0,03;-0,01;-0,01;-0,04;-0,04;-0,02;-0,02;-0,05;-0,05;-0,02;-0,02;-0,02;-0,02
10.08.2026;22:00;22:15;0,0;0,0;0,0;0,0;-0,03;-0,03;-0,09;-0,09;0,0;0,0;0,0;0,0;-0,05;-0,05;-0,03;-0,03;-0,01;-0,01;-0,03;-0,03;-0,01;-0,01;-0,02;-0,02;-0,01;-0,01;-0,03;-0,03;-0,06;-0,06;-0,09;-0,09;-0,01;-0,01;-0,08;-0,08;-0,02;-0,02;-0,06;-0,06;-0,01;-0,01;-0,01;-0,01;-0,02;-0,02;-0,04;-0,04;-0,02;-0,02;-0,03;-0,03;-0,02;-0,02;-0,02;-0,02
10.08.2026;22:15;22:30;0,0;0,0;0,0;0,0;-0,03;-0,03;-0,08;-0,08;0,0;0,0;0,0;0,0;-0,04;-0,04;-0,03;-0,03;-0,05;-0,05;-0,03;-0,03;-0,02;-0,02;-0,01;-0,01;0,0;0,0;-0,01;-0,01;-0,06;-0,06;-0,08;-0,08;0,0;0,0;-0,08;-0,08;-0,03;-0,03;-0,04;-0,04;-0,01;-0,01;-0,01;-0,01;0,0;0,0;-0,03;-0,03;-0,02;-0,02;-0,02;-0,02;-0,02;-0,02;-0,01;-0,01
10.08.2026;22:30;22:45;0,0;0,0;0,0;0,0;-0,01;-0,01;-0,08;-0,08;0,0;0,0;-0,01;-0,01;-0,04;-0,04;-0,03;-0,03;-0,03;-0,03;-0,02;-0,02;-0,01;-0,01;-0,01;-0,01;0,0;0,0;-0,02;-0,02;-0,05;-0,05;-0,07;-0,07;-0,01;-0,01;-0,07;-0,07;-0,01;-0,01;-0,05;-0,05;-0,01;-0,01;-0,01;-0,01;-0,02;-0,02;-0,04;-0,04;-0,01;-0,01;-0,02;-0,02;-0,01;-0,01;0,0;0,0
10.08.2026;22:45;23:00;0,0;0,0;-0,01;-0,01;-0,01;-0,01;-0,07;-0,07;0,0;0,0;0,0;0,0;-0,03;-0,03;-0,03;-0,03;-0,03;-0,03;-0,02;-0,02;-0,01;-0,01;-0,01;-0,01;0,0;0,0;-0,01;-0,01;-0,06;-0,06;-0,07;-0,07;-0,02;-0,02;-0,05;-0,05;-0,02;-0,02;-0,05;-0,05;-0,01;-0,01;-0,03;-0,03;-0,01;-0,01;-0,04;-0,04;0,0;0,0;-0,02;-0,02;-0,01;-0,01;0,0;0,0
10.08.2026;23:00;23:15;0,0;0,0;0,0;0,0;-0,01;-0,01;-0,09;-0,09;0,0;0,0;-0,02;-0,02;-0,04;-0,04;-0,04;-0,04;-0,03;-0,03;-0,02;-0,02;-0,01;-0,01;-0,01;-0,01;0,0;0,0;0,0;0,0;-0,06;-0,06;-0,1;-0,1;-0,01;-0,01;-0,06;-0,06;-0,01;-0,01;-0,04;-0,04;-0,01;-0,01;-0,02;-0,02;-0,01;-0,01;-0,02;-0,02;-0,01;-0,01;-0,02;-0,02;-0,02;-0,02;-0,01;-0,01
10.08.2026;23:15;23:30;0,0;0,0;0,0;0,0;-0,01;-0,01;-0,17;-0,17;0,0;0,0;-0,01;-0,01;-0,04;-0,04;-0,03;-0,03;-0,01;-0,01;-0,01;-0,01;0,0;0,0;-0,02;-0,02;0,0;0,0;-0,01;-0,01;-0,15;-0,15;-0,08;-0,08;0,0;0,0;-0,07;-0,07;-0,01;-0,01;-0,05;-0,05;-0,01;-0,01;-0,01;-0,01;-0,01;-0,01;-0,03;-0,03;-0,01;-0,01;-0,02;-0,02;-0,01;-0,01;-0,02;-0,02
10.08.2026;23:30;23:45;0,0;0,0;0,0;0,0;-0,02;-0,02;-0,09;-0,09;0,0;0,0;-0,02;-0,02;-0,03;-0,03;-0,03;-0,03;-0,02;-0,02;0,0;0,0;0,0;0,0;0,0;0,0;0,0;0,0;-0,02;-0,02;-0,09;-0,09;-0,02;-0,02;0,0;0,0;-0,05;-0,05;-0,02;-0,02;-0,03;-0,03;-0,01;-0,01;-0,01;-0,01;-0,01;-0,01;-0,02;-0,02;-0,02;-0,02;-0,02;-0,02;-0,01;-0,01;-0,01;-0,01
10.08.2026;23:45;00:00;0,0;0,0;-0,01;-0,01;-0,01;-0,01;-0,06;-0,06;0,0;0,0;-0,01;-0,01;-0,04;-0,04;-0,03;-0,03;-0,02;-0,02;-0,01;-0,01;-0,02;-0,02;-0,01;-0,01;0,0;0,0;-0,01;-0,01;-0,06;-0,06;-0,01;-0,01;-0,01;-0,01;-0,05;-0,05;0,0;0,0;-0,03;-0,03;-0,01;-0,01;-0,01;-0,01;-0,01;-0,01;-0,02;-0,02;-0,01;-0,01;-0,01;-0,01;-0,01;-0,01;-0,02;-0,02
11.08.2026;00:00;00:15;0,0;0,0;0,0;0,0;0,0;0,0;-0,07;-0,07;0,0;0,0;-0,01;-0,01;-0,04;-0,04;-0,03;-0,03;-0,01;-0,01;-0,01;-0,01;-0,02;-0,02;-0,02;-0,02;0,0;0,0;0,0;0,0;-0,06;-0,06;-0,01;-0,01;-0,01;-0,01;-0,05;-0,05;-0,02;-0,02;-0,02;-0,02;-0,01;-0,01;-0,03;-0,03;-0,01;-0,01;-0,02;-0,02;-0,01;-0,01;0,0;0,0;-0,02;-0,02;-0,01;-0,01
11.08.2026;00:15;00:30;0,0;0,0;0,0;0,0;-0,01;-0,01;-0,08;-0,08;-0,01;-0,01;-0,02;-0,02;-0,03;-0,03;-0,04;-0,04;-0,02;-0,02;-0,01;-0,01;-0,01;-0,01;-0,01;-0,01;0,0;0,0;-0,02;-0,02;-0,07;-0,07;-0,02;-0,02;-0,01;-0,01;-0,02;-0,02;-0,01;-0,01;-0,02;-0,02;-0,01;-0,01;-0,02;-0,02;-0,01;-0,01;-0,02;-0,02;-0,01;-0,01;-0,01;-0,01;-0,01;-0,01;-0,01;-0,01
11.08.2026;00:30;00:45;0,0;0,0;0,0;0,0;-0,01;-0,01;-0,06;-0,06;0,0;0,0;-0,01;-0,01;-0,04;-0,04;-0,03;-0,03;-0,02;-0,02;-0,02;-0,02;-0,02;-0,02;0,0;0,0;0,0;0,0;-0,01;-0,01;-0,06;-0,06;-0,01;-0,01;-0,01;-0,01;-0,03;-0,03;-0,02;-0,02;-0,03;-0,03;-0,01;-0,01;-0,02;-0,02;-0,01;-0,01;-0,01;-0,01;-0,02;-0,02;-0,02;-0,02;-0,01;-0,01;-0,02;-0,02
11.08.2026;00:45;01:00;0,0;0,0;-0,01;-0,01;-0,02;-0,02;-0,09;-0,09;0,0;0,0;-0,01;-0,01;-0,04;-0,04;-0,03;-0,03;-0,02;-0,02;-0,02;-0,02;-0,01;-0,01;-0,02;-0,02;0,0;0,0;-0,01;-0,01;-0,11;-0,11;-0,01;-0,01;-0,01;-0,01;-0,03;-0,03;-0,01;-0,01;-0,02;-0,02;-0,01;-0,01;-0,01;-0,01;-0,01;-0,01;-0,01;-0,01;-0,01;-0,01;-0,01;-0,01;-0,01;-0,01;-0,01;-0,01
11.08.2026;01:00;01:15;0,0;0,0;0,0;0,0;-0,01;-0,01;-0,06;-0,06;0,0;0,0;-0,02;-0,02;-0,03;-0,03;-0,02;-0,02;-0,02;-0,02;-0,02;-0,02;-0,01;-0,01;-0,01;-0,01;0,0;0,0;0,0;0,0;-0,07;-0,07;-0,01;-0,01;0,0;0,0;-0,03;-0,03;0,0;0,0;-0,02;-0,02;-0,01;-0,01;-0,01;-0,01;-0,01;-0,01;-0,01;-0,01;-0,01;-0,01;-0,02;-0,02;-0,02;-0,02;-0,01;-0,01
11.08.2026;01:15;01:30;0,0;0,0;0,0;0,0;0,0;0,0;-0,07;-0,07;0,0;0,0;-0,01;-0,01;-0,04;-0,04;-0,01;-0,01;-0,02;-0,02;-0,01;-0,01;-0,02;-0,02;-0,01;-0,01;0,0;0,0;-0,02;-0,02;-0,08;-0,08;-0,01;-0,01;-0,01;-0,01;-0,02;-0,02;-0,02;-0,02;-0,02;-0,02;-0,01;-0,01;-0,02;-0,02;-0,01;-0,01;-0,01;-0,01;-0,01;-0,01;-0,01;-0,01;-0,01;-0,01;0,0;0,0
11.08.2026;01:30;01:45;0,0;0,0;0,0;0,0;-0,01;-0,01;-0,05;-0,05;0,0;0,0;-0,01;-0,01;-0,03;-0,03;-0,02;-0,02;-0,01;-0,01;-0,01;-0,01;0,0;0,0;-0,01;-0,01;0,0;0,0;-0,01;-0,01;-0,01;-0,01;-0,01;-0,01;0,0;0,0;-0,05;-0,05;-0,01;-0,01;-0,02;-0,02;-0,01;-0,01;-0,03;-0,03;-0,01;-0,01;-0,02;-0,02;-0,02;-0,02;-0,01;-0,01;-0,01;-0,01;0,0;0,0
11.08.2026;01:45;02:00;0,0;0,0;0,0;0,0;-0,01;-0,01;-0,07;-0,07;0,0;0,0;-0,02;-0,02;-0,04;-0,04;0,0;0,0;-0,02;-0,02;0,0;0,0;0,0;0,0;-0,01;-0,01;0,0;0,0;-0,01;-0,01;-0,01;-0,01;-0,01;-0,01;-0,02;-0,02;-0,04;-0,04;-0,02;-0,02;-0,02;-0,02;-0,01;-0,01;-0,01;-0,01;-0,01;-0,01;-0,01;-0,01;-0,01;-0,01;-0,01;-0,01;-0,02;-0,02;0,0;0,0
11.08.2026;02:00;02:15;0,0;0,0;-0,01;-0,01;-0,02;-0,02;-0,08;-0,08;0,0;0,0;-0,01;-0,01;-0,03;-0,03;-0,02;-0,02;-0,02;-0,02;0,0;0,0;-0,01;-0,01;-0,01;-0,01;0,0;0,0;0,0;0,0;-0,02;-0,02;-0,01;-0,01;-0,01;-0,01;-0,01;-0,01;-0,01;-0,01;-0,03;-0,03;-0,01;-0,01;-0,01;-0,01;-0,01;-0,01;-0,01;-0,01;-0,01;-0,01;-0,01;-0,01;-0,01;-0,01;-0,02;-0,02
11.08.2026;02:15;02:30;0,0;0,0;0,0;0,0;-0,01;-0,01;-0,2;-0,2;0,0;0,0;-0,01;-0,01;-0,04;-0,04;0,0;0,0;-0,01;-0,01;-0,01;-0,01;-0,02;-0,02;-0,01;-0,01;0,0;0,0;-0,02;-0,02;-0,01;-0,01;-0,02;-0,02;-0,01;-0,01;-0,02;-0,02;-0,01;-0,01;-0,02;-0,02;-0,01;-0,01;-0,01;-0,01;-0,01;-0,01;-0,01;-0,01;-0,02;-0,02;-0,02;-0,02;-0,01;-0,01;-0,02;-0,02
11.08.2026;02:30;02:45;0,0;0,0;0,0;0,0;-0,01;-0,01;-0,06;-0,06;0,0;0,0;-0,02;-0,02;-0,03;-0,03;-0,02;-0,02;-0,02;-0,02;-0,02;-0,02;-0,01;-0,01;-0,01;-0,01;0,0;0,0;-0,01;-0,01;-0,01;-0,01;-0,02;-0,02;0,0;0,0;-0,01;-0,01;-0,02;-0,02;-0,02;-0,02;-0,01;-0,01;-0,02;-0,02;-0,01;-0,01;-0,02;-0,02;-0,01;-0,01;-0,01;-0,01;-0,01;-0,01;-0,01;-0,01
11.08.2026;02:45;03:00;0,0;0,0;0,0;0,0;0,0;0,0;-0,11;-0,11;0,0;0,0;-0,01;-0,01;-0,04;-0,04;0,0;0,0;-0,02;-0,02;-0,02;-0,02;-0,01;-0,01;-0,01;-0,01;0,0;0,0;0,0;0,0;-0,01;-0,01;-0,01;-0,01;0,0;0,0;-0,02;-0,02;0,0;0,0;-0,02;-0,02;-0,01;-0,01;-0,03;-0,03;-0,01;-0,01;0,0;0,0;-0,02;-0,02;-0,02;-0,02;-0,01;-0,01;-0,01;-0,01
11.08.2026;03:00;03:15;0,0;0,0;-0,01;-0,01;-0,01;-0,01;-0,13;-0,13;0,0;0,0;-0,02;-0,02;-0,04;-0,04;-0,01;-0,01;-0,01;-0,01;-0,01;-0,01;-0,02;-0,02;-0,01;-0,01;-0,01;-0,01;-0,01;-0,01;-0,02;-0,02;-0,02;-0,02;-0,01;-0,01;-0,02;-0,02;-0,02;-0,02;-0,02;-0,02;-0,01;-0,01;-0,01;-0,01;-0,01;-0,01;-0,01;-0,01;-0,01;-0,01;-0,01;-0,01;-0,01;-0,01;-0,02;-0,02
11.08.2026;03:15;03:30;0,0;0,0;0,0;0,0;-0,01;-0,01;-0,05;-0,05;0,0;0,0;0,0;0,0;-0,05;-0,05;-0,02;-0,02;-0,02;-0,02;-0,02;-0,02;-0,01;-0,01;-0,01;-0,01;0,0;0,0;-0,02;-0,02;-0,01;-0,01;0,0;0,0;-0,01;-0,01;-0,02;-0,02;-0,01;-0,01;-0,02;-0,02;-0,01;-0,01;-0,01;-0,01;-0,02;-0,02;-0,02;-0,02;-0,02;-0,02;-0,01;-0,01;-0,02;-0,02;-0,01;-0,01
11.08.2026;03:30;03:45;0,0;0,0;0,0;0,0;-0,02;-0,02;-0,06;-0,06;0,0;0,0;0,0;0,0;-0,03;-0,03;-0,01;-0,01;-0,01;-0,01;-0,01;-0,01;-0,01;-0,01;-0,01;-0,01;0,0;0,0;-0,01;-0,01;-0,02;-0,02;-0,02;-0,02;-0,01;-0,01;-0,01;-0,01;-0,01;-0,01;-0,02;-0,02;-0,01;-0,01;-0,01;-0,01;0,0;0,0;-0,01;-0,01;-0,01;-0,01;-0,01;-0,01;0,0;0,0;0,0;0,0
11.08.2026;03:45;04:00;0,0;0,0;0,0;0,0;-0,01;-0,01;-0,06;-0,06;-0,01;-0,01;-0,01;-0,01;-0,04;-0,04;-0,01;-0,01;-0,02;-0,02;0,0;0,0;-0,01;-0,01;-0,01;-0,01;0,0;0,0;0,0;0,0;-0,01;-0,01;-0,01;-0,01;-0,01;-0,01;-0,02;-0,02;-0,02;-0,02;-0,02;-0,02;0,0;0,0;-0,03;-0,03;-0,01;-0,01;-0,01;-0,01;-0,02;-0,02;-0,01;-0,01;-0,02;-0,02;0,0;0,0
11.08.2026;04:00;04:15;0,0;0,0;0,0;0,0;0,0;0,0;-0,11;-0,11;0,0;0,0;0,0;0,0;-0,04;-0,04;0,0;0,0;-0,02;-0,02;-0,01;-0,01;0,0;0,0;-0,01;-0,01;0,0;0,0;-0,01;-0,01;-0,01;-0,01;0,0;0,0;-0,01;-0,01;-0,02;-0,02;0,0;0,0;-0,03;-0,03;-0,02;-0,02;-0,02;-0,02;-0,02;-0,02;-0,01;-0,01;-0,01;-0,01;-0,02;-0,02;-0,01;-0,01;0,0;0,0
11.08.2026;04:15;04:30;0,0;0,0;-0,01;-0,01;-0,01;-0,01;-0,08;-0,08;0,0;0,0;-0,02;-0,02;-0,04;-0,04;-0,02;-0,02;-0,02;-0,02;0,0;0,0;0,0;0,0;-0,01;-0,01;0,0;0,0;-0,02;-0,02;-0,12;-0,12;-0,02;-0,02;0,0;0,0;-0,01;-0,01;-0,02;-0,02;-0,02;-0,02;-0,01;-0,01;-0,01;-0,01;0,0;0,0;-0,02;-0,02;-0,02;-0,02;-0,01;-0,01;-0,01;-0,01;-0,01;-0,01
11.08.2026;04:30;04:45;0,0;0,0;0,0;0,0;-0,01;-0,01;-0,11;-0,11;0,0;0,0;-0,01;-0,01;-0,04;-0,04;0,0;0,0;-0,02;-0,02;-0,01;-0,01;-0,02;-0,02;-0,01;-0,01;0,0;0,0;0,0;0,0;-0,02;-0,02;-0,01;-0,01;-0,01;-0,01;-0,02;-0,02;-0,01;-0,01;-0,02;-0,02;0,0;0,0;-0,01;-0,01;-0,02;-0,02;-0,01;-0,01;-0,01;-0,01;-0,01;-0,01;-0,03;-0,03;-0,02;-0,02
11.08.2026;04:45;05:00;0,0;0,0;0,0;0,0;-0,01;-0,01;-0,12;-0,12;0,0;0,0;-0,02;-0,02;-0,04;-0,04;-0,01;-0,01;-0,01;-0,01;-0,02;-0,02;-0,02;-0,02;-0,01;-0,01;0,0;0,0;-0,01;-0,01;0,0;0,0;-0,03;-0,03;-0,01;-0,01;-0,01;-0,01;-0,01;-0,01;-0,02;-0,02;-0,02;-0,02;-0,01;-0,01;-0,01;-0,01;-0,01;-0,01;-0,02;-0,02;-0,02;-0,02;-0,04;-0,04;-0,01;-0,01
11.08.2026;05:00;05:15;0,0;0,0;0,0;0,0;-0,02;-0,02;-0,16;-0,16;0,0;0,0;-0,01;-0,01;-0,03;-0,03;-0,01;-0,01;-0,02;-0,02;-0,01;-0,01;-0,01;-0,01;0,0;0,0;0,0;0,0;-0,01;-0,01;-0,02;-0,02;-0,02;-0,02;-0,01;-0,01;-0,02;-0,02;-0,02;-0,02;-0,02;-0,02;-0,01;-0,01;-0,03;-0,03;-0,01;-0,01;-0,01;-0,01;0,0;0,0;-0,01;-0,01;-0,03;-0,03;-0,02;-0,02
11.08.2026;05:15;05:30;0,0;0,0;-0,01;-0,01;-0,04;-0,04;-0,21;-0,21;0,0;0,0;-0,01;-0,01;-0,04;-0,04;-0,01;-0,01;-0,02;-0,02;-0,02;-0,02;-0,02;-0,02;-0,02;-0,02;0,0;0,0;-0,02;-0,02;-0,01;-0,01;-0,01;-0,01;-0,01;-0,01;-0,01;-0,01;0,0;0,0;-0,02;-0,02;-0,01;-0,01;-0,02;-0,02;-0,01;-0,01;-0,01;-0,01;-0,01;-0,01;-0,01;-0,01;-0,07;-0,07;-0,01;-0,01
11.08.2026;05:30;05:45;0,0;0,0;0,0;0,0;-0,01;-0,01;-0,22;-0,22;0,0;0,0;-0,02;-0,02;-0,04;-0,04;-0,01;-0,01;-0,01;-0,01;-0,01;-0,01;-0,01;-0,01;0,0;0,0;0,0;0,0;0,0;0,0;-0,01;-0,01;-0,1;-0,1;0,0;0,0;0,0;0,0;-0,03;-0,03;-0,02;-0,02;-0,01;-0,01;-0,01;-0,01;-0,01;-0,01;-0,02;-0,02;-0,01;-0,01;-0,01;-0,01;-0,03;-0,03;-0,01;-0,01
11.08.2026;05:45;06:00;0,0;0,0;0,0;0,0;-0,01;-0,01;-0,23;-0,23;0,0;0,0;-0,01;-0,01;-0,03;-0,03;-0,01;-0,01;-0,02;-0,02;-0,01;-0,01;-0,01;-0,01;-0,01;-0,01;0,0;0,0;-0,03;-0,03;-0,01;-0,01;-0,25;-0,25;-0,01;-0,01;-0,01;-0,01;0,0;0,0;-0,02;-0,02;0,0;0,0;-0,01;-0,01;-0,01;-0,01;0,0;0,0;-0,01;-0,01;-0,01;-0,01;-0,03;-0,03;0,0;0,0
11.08.2026;06:00;06:15;0,02;0,02;0,0;0,0;-0,02;-0,02;-0,23;-0,23;0,0;0,0;-0,01;-0,01;-0,04;-0,04;-0,01;-0,01;-0,02;-0,02;0,0;0,0;-0,02;-0,02;-0,02;-0,02;0,0;0,0;-0,02;-0,02;-0,01;-0,01;-0,37;-0,37;0,0;0,0;-0,02;-0,02;-0,01;-0,01;-0,02;-0,02;-0,02;-0,02;-0,02;-0,02;-0,01;-0,01;-0,01;-0,01;-0,02;-0,02;-0,01;-0,01;-0,01;-0,01;-0,01;-0,01
11.08.2026;06:15;06:30;0,06;0,06;0,0;0,0;-0,03;-0,03;-0,22;-0,22;0,0;0,0;-0,02;-0,02;-0,03;-0,03;-0,01;-0,01;-0,01;-0,01;-0,01;-0,01;0,0;0,0;-0,01;-0,01;0,0;0,0;-0,02;-0,02;-0,01;-0,01;-0,03;-0,03;-0,01;-0,01;-0,01;-0,01;-0,02;-0,02;-0,03;-0,03;-0,01;-0,01;-0,02;-0,02;-0,01;-0,01;-0,02;-0,02;-0,01;-0,01;-0,02;-0,02;-0,02;-0,02;-0,01;-0,01
11.08.2026;06:30;06:45;0,11;0,11;-0,01;-0,01;-0,05;-0,05;-0,17;-0,17;0,0;0,0;-0,01;-0,01;-0,04;-0,04;0,0;0,0;-0,02;-0,02;-0,1;-0,1;0,0;0,0;0,0;0,0;0,0;0,0;0,0;0,0;-0,02;-0,02;-0,25;-0,25;-0,02;-0,02;-0,03;-0,03;0,0;0,0;-0,02;-0,02;-0,01;-0,01;-0,02;-0,02;-0,01;-0,01;-0,03;-0,03;-0,01;-0,01;-0,01;-0,01;-0,01;-0,01;-0,02;-0,02
11.08.2026;06:45;07:00;0,19;0,14;0,0;0,0;-0,02;-0,02;-0,08;-0,03;0,0;0,0;-0,01;-0,01;-0,03;-0,03;-0,02;-0,02;-0,01;-0,01;-0,02;-0,02;-0,01;-0,01;-0,02;-0,02;0,0;0,0;-0,01;-0,01;-0,01;-0,01;-0,09;-0,09;0,0;0,0;-0,04;-0,04;-0,02;-0,02;-0,02;-0,02;-0,01;-0,01;-0,01;-0,01;-0,01;-0,01;-0,11;-0,11;-0,01;-0,01;-0,02;-0,02;-0,01;-0,01;-0,02;-0,02
11.08.2026;07:00;07:15;0,26;0,19;0,0;0,0;-0,01;-0,01;-0,14;-0,07;-0,01;-0,01;-0,01;-0,01;-0,04;-0,04;0,0;0,0;-0,04;-0,04;-0,02;-0,02;-0,01;-0,01;-0,01;-0,01;0,0;0,0;-0,02;-0,02;-0,01;-0,01;-0,01;-0,01;-0,01;-0,01;-0,03;-0,03;-0,01;-0,01;-0,02;-0,02;-0,01;-0,01;-0,01;-0,01;-0,01;-0,01;-0,16;-0,16;-0,01;-0,01;-0,01;-0,01;-0,01;-0,01;-0,02;-0,02
11.08.2026;07:15;07:30;0,42;0,15;0,0;0,0;-0,02;-0,01;-0,09;-0,02;0,0;0,0;0,0;0,0;-0,14;-0,13;-0,01;0,0;-0,03;-0,02;-0,06;-0,05;-0,02;-0,01;-0,02;-0,01;0,0;0,0;-0,01;0,0;-0,01;0,0;-0,01;0,0;0,0;0,0;-0,01;0,0;-0,01;0,0;-0,03;-0,02;-0,01;0,0;-0,02;-0,01;-0,01;0,0;-0,04;-0,03;-0,02;-0,01;0,0;0,0;-0,01;0,0;-0,02;-0,01
11.08.2026;07:30;07:45;0,55;0,21;-0,01;0,0;-0,02;-0,01;-0,1;0,0;0,0;0,0;-0,01;0,0;-0,11;-0,1;-0,01;0,0;-0,02;-0,01;-0,01;0,0;-0,01;0,0;-0,03;-0,02;0,0;0,0;-0,01;0,0;-0,02;-0,01;-0,01;0,0;-0,01;0,0;-0,02;-0,01;-0,02;-0,01;-0,03;-0,02;-0,01;0,0;-0,02;-0,01;-0,01;0,0;-0,03;-0,02;-0,01;0,0;-0,02;-0,01;-0,02;-0,01;-0,02;-0,01
11.08.2026;07:45;08:00;0,76;0,23;0,0;0,0;-0,01;0,0;-0,13;0,0;0,0;0,0;0,0;0,0;-0,07;-0,03;-0,03;0,0;-0,02;0,0;-0,03;0,0;-0,02;0,0;-0,02;0,0;0,0;0,0;0,0;0,0;-0,13;-0,09;-0,01;0,0;-0,01;0,0;-0,03;0,0;0,0;0,0;-0,02;0,0;-0,01;0,0;-0,02;0,0;-0,01;0,0;-0,03;0,0;-0,01;0,0;-0,01;0,0;-0,01;0,0;-0,02;0,0
11.08.2026;08:00;08:15;1,01;0,4;0,0;0,0;-0,02;0,0;-0,07;0,0;0,0;0,0;-0,02;0,0;-0,04;0,0;-0,03;0,0;-0,01;0,0;-0,02;0,0;-0,01;0,0;-0,11;-0,04;-0,01;0,0;-0,02;0,0;-0,07;0,0;-0,01;0,0;-0,01;0,0;-0,02;0,0;-0,03;0,0;-0,02;0,0;-0,01;0,0;-0,01;0,0;-0,04;0,0;-0,02;0,0;-0,01;0,0;-0,01;0,0;-0,01;0,0;-0,02;0,0
11.08.2026;08:15;08:30;1,61;1,04;0,0;0,0;-0,01;0,0;-0,07;0,0;0,0;0,0;-0,01;0,0;-0,08;0,0;-0,03;0,0;-0,02;0,0;-0,03;0,0;-0,02;0,0;-0,03;0,0;0,0;0,0;-0,01;0,0;-0,01;0,0;-0,02;0,0;-0,01;0,0;-0,01;0,0;-0,02;0,0;-0,02;0,0;-0,01;0,0;-0,01;0,0;-0,06;0,0;-0,03;0,0;-0,01;0,0;-0,02;0,0;-0,01;0,0;-0,02;0,0
11.08.2026;08:30;08:45;1,72;1,05;0,0;0,0;-0,02;0,0;-0,16;0,0;0,0;0,0;-0,01;0,0;-0,05;0,0;-0,02;0,0;-0,01;0,0;-0,03;0,0;-0,01;0,0;-0,05;0,0;0,0;0,0;0,0;0,0;-0,01;0,0;-0,01;0,0;0,0;0,0;0,0;0,0;-0,04;0,0;-0,02;0,0;-0,01;0,0;-0,02;0,0;-0,04;0,0;-0,1;0,0;-0,02;0,0;-0,01;0,0;-0,01;0,0;-0,02;0,0
11.08.2026;08:45;09:00;1,38;0,72;-0,01;0,0;-0,02;0,0;-0,08;0,0;0,0;0,0;-0,02;0,0;-0,03;0,0;-0,03;0,0;-0,01;0,0;-0,21;-0,08;-0,01;0,0;-0,08;0,0;0,0;0,0;-0,01;0,0;-0,01;0,0;-0,01;0,0;-0,01;0,0;-0,01;0,0;-0,02;0,0;-0,02;0,0;-0,01;0,0;-0,02;0,0;-0,05;0,0;-0,01;0,0;-0,01;0,0;-0,01;0,0;-0,02;0,0;-0,02;0,0
11.08.2026;09:00;09:15;0,05;0,05;0,0;0,0;-0,03;-0,03;-0,07;-0,07;0,0;0,0;-0,01;-0,01;-0,04;-0,04;-0,04;-0,04;-0,02;-0,02;-0,11;-0,11;-0,04;-0,04;-0,06;-0,06;0,0;0,0;-0,02;-0,02;-0,01;-0,01;-0,01;-0,01;0,0;0,0;-0,02;-0,02;-0,02;-0,02;-0,02;-0,02;-0,01;-0,01;-0,02;-0,02;-0,05;-0,05;-0,01;-0,01;-0,02;-0,02;-0,01;-0,01;-0,01;-0,01;-0,02;-0,02
11.08.2026;09:15;09:30;0,0;0,0;0,0;0,0;-0,03;-0,03;-0,11;-0,11;0,0;0,0;-0,01;-0,01;-0,04;-0,04;-0,02;-0,02;-0,01;-0,01;-0,02;-0,02;-0,03;-0,03;-0,05;-0,05;0,0;0,0;0,0;0,0;-0,02;-0,02;-0,01;-0,01;-0,02;-0,02;-0,01;-0,01;-0,03;-0,03;-0,02;-0,02;-0,01;-0,01;-0,01;-0,01;-0,04;-0,04;-0,01;-0,01;-0,01;-0,01;-0,01;-0,01;-0,01;-0,01;-0,02;-0,02
11.08.2026;09:30;09:45;2,39;1,79;0,0;0,0;-0,02;0,0;-0,09;0,0;0,0;0,0;-0,02;0,0;-0,03;0,0;-0,02;0,0;-0,02;0,0;-0,02;0,0;-0,03;0,0;-0,08;0,0;0,0;0,0;-0,01;0,0;-0,01;0,0;-0,02;0,0;-0,01;0,0;-0,02;0,0;-0,02;0,0;-0,03;0,0;-0,01;0,0;-0,01;0,0;-0,05;0,0;-0,02;0,0;-0,02;0,0;-0,01;0,0;-0,01;0,0;-0,02;0,0
11.08.2026;09:45;10:00;2,72;1,99;-0,01;0,0;0,0;0,0;-0,23;0,0;0,0;0,0;-0,01;0,0;-0,04;0,0;-0,02;0,0;-0,01;0,0;-0,01;0,0;-0,01;0,0;-0,01;0,0;0,0;0,0;-0,01;0,0;-0,01;0,0;0,0;0,0;-0,01;0,0;0,0;0,0;-0,04;0,0;-0,14;0,0;-0,01;0,0;-0,02;0,0;-0,08;0,0;-0,01;0,0;-0,01;0,0;-0,01;0,0;-0,01;0,0;-0,02;0,0
11.08.2026;10:00;10:15;2,81;2,02;0,0;0,0;-0,01;0,0;-0,2;0,0;0,0;0,0;-0,01;0,0;-0,04;0,0;-0,03;0,0;-0,01;0,0;-0,2;0,0;-0,02;0,0;-0,01;0,0;0,0;0,0;-0,01;0,0;-0,01;0,0;-0,02;0,0;0,0;0,0;-0,01;0,0;-0,02;0,0;-0,03;0,0;-0,01;0,0;-0,03;0,0;-0,04;0,0;-0,01;0,0;-0,02;0,0;-0,02;0,0;-0,01;0,0;-0,02;0,0
11.08.2026;10:15;10:30;2,68;2,05;0,0;0,0;0,0;0,0;-0,08;0,0;-0,01;0,0;-0,02;0,0;-0,03;0,0;-0,02;0,0;-0,02;0,0;-0,01;0,0;-0,01;0,0;-0,21;0,0;0,0;0,0;-0,01;0,0;-0,01;0,0;-0,01;0,0;0,0;0,0;-0,01;0,0;-0,02;0,0;-0,02;0,0;-0,01;0,0;-0,02;0,0;-0,04;0,0;-0,01;0,0;-0,01;0,0;-0,01;0,0;-0,02;0,0;-0,02;0,0
11.08.2026;10:30;10:45;3,72;3,0;0,0;0,0;-0,01;0,0;-0,16;0,0;0,0;0,0;-0,01;0,0;-0,04;0,0;-0,02;0,0;-0,01;0,0;-0,02;0,0;-0,02;0,0;-0,2;0,0;0,0;0,0;0,0;0,0;-0,01;0,0;0,0;0,0;-0,01;0,0;-0,02;0,0;-0,04;0,0;-0,02;0,0;-0,01;0,0;-0,01;0,0;-0,06;0,0;-0,01;0,0;-0,01;0,0;-0,01;0,0;-0,01;0,0;-0,01;0,0
11.08.2026;10:45;11:00;2,83;1,81;-0,01;0,0;0,0;0,0;-0,22;0,0;0,0;0,0;-0,02;0,0;-0,03;0,0;-0,02;0,0;-0,02;0,0;-0,02;0,0;-0,01;0,0;-0,55;-0,21;0,0;0,0;-0,01;0,0;-0,01;0,0;-0,02;0,0;-0,01;0,0;-0,01;0,0;-0,02;0,0;-0,11;0,0;-0,01;0,0;0,0;0,0;-0,05;0,0;-0,02;0,0;-0,02;0,0;-0,01;0,0;-0,01;0,0;-0,02;0,0
11.08.2026;11:00;11:15;2,88;2,05;0,0;0,0;-0,02;0,0;-0,24;0,0;0,0;0,0;-0,01;0,0;-0,04;0,0;-0,03;0,0;-0,02;0,0;-0,02;0,0;0,0;0,0;-0,2;0,0;0,0;0,0;-0,02;0,0;-0,01;0,0;-0,01;0,0;-0,01;0,0;-0,01;0,0;-0,03;0,0;-0,03;0,0;-0,01;0,0;-0,03;0,0;-0,04;0,0;0,0;0,0;-0,01;0,0;-0,01;0,0;-0,01;0,0;-0,02;0,0
11.08.2026;11:15;11:30;2,49;1,83;0,0;0,0;-0,01;0,0;-0,17;0,0;0,0;0,0;0,0;0,0;-0,04;0,0;-0,03;0,0;-0,01;0,0;-0,01;0,0;0,0;0,0;-0,01;0,0;0,0;0,0;-0,01;0,0;-0,07;0,0;0,0;0,0;-0,01;0,0;-0,01;0,0;-0,02;0,0;-0,1;0,0;-0,01;0,0;-0,02;0,0;-0,05;0,0;-0,02;0,0;-0,02;0,0;-0,01;0,0;-0,01;0,0;-0,02;0,0
11.08.2026;11:30;11:45;2,62;2,11;0,0;0,0;-0,01;0,0;-0,07;0,0;0,0;0,0;-0,01;0,0;-0,06;0,0;-0,01;0,0;-0,01;0,0;-0,02;0,0;-0,01;0,0;-0,04;0,0;0,0;0,0;0,0;0,0;-0,02;0,0;-0,02;0,0;0,0;0,0;0,0;0,0;-0,02;0,0;-0,07;0,0;-0,01;0,0;-0,02;0,0;-0,04;0,0;-0,01;0,0;-0,01;0,0;-0,01;0,0;-0,02;0,0;-0,02;0,0
11.08.2026;11:45;12:00;3,61;2,95;0,0;0,0;0,0;0,0;-0,06;0,0;0,0;0,0;0,0;0,0;-0,03;0,0;-0,01;0,0;-0,02;0,0;0,0;0,0;-0,02;0,0;-0,08;0,0;0,0;0,0;-0,01;0,0;-0,04;0,0;-0,01;0,0;-0,01;0,0;-0,02;0,0;-0,04;0,0;-0,16;0,0;-0,01;0,0;-0,01;0,0;-0,07;0,0;-0,02;0,0;0,0;0,0;-0,02;0,0;0,0;0,0;-0,02;0,0
11.08.2026;12:00;12:15;4,38;3,8;-0,01;0,0;-0,01;0,0;-0,07;0,0;0,0;0,0;-0,01;0,0;-0,04;0,0;-0,02;0,0;-0,01;0,0;0,0;0,0;-0,01;0,0;-0,08;0,0;0,0;0,0;-0,02;0,0;-0,09;0,0;-0,01;0,0;-0,01;0,0;-0,01;0,0;-0,02;0,0;-0,03;0,0;-0,01;0,0;-0,01;0,0;-0,05;0,0;0,0;0,0;0,0;0,0;-0,02;0,0;-0,02;0,0;-0,02;0,0
11.08.2026;12:15;12:30;3,52;2,95;0,0;0,0;-0,01;0,0;-0,1;0,0;0,0;0,0;-0,01;0,0;-0,04;0,0;-0,01;0,0;-0,02;0,0;-0,01;0,0;-0,02;0,0;-0,04;0,0;0,0;0,0;0,0;0,0;-0,04;0,0;-0,01;0,0;-0,01;0,0;-0,02;0,0;-0,03;0,0;-0,03;0,0;-0,01;0,0;-0,02;0,0;-0,06;0,0;-0,02;0,0;-0,01;0,0;-0,02;0,0;-0,01;0,0;-0,02;0,0
11.08.2026;12:30;12:45;4,19;3,34;0,0;0,0;-0,01;0,0;-0,07;0,0;0,0;0,0;-0,02;0,0;-0,04;0,0;-0,07;0,0;-0,01;0,0;-0,18;0,0;-0,01;0,0;-0,01;0,0;0,0;0,0;-0,01;0,0;-0,05;0,0;-0,02;0,0;-0,01;0,0;-0,01;0,0;-0,03;0,0;-0,02;0,0;-0,01;0,0;-0,02;0,0;-0,07;0,0;-0,01;0,0;-0,02;0,0;-0,13;0,0;-0,01;0,0;-0,01;0,0
11.08.2026;12:45;13:00;2,53;1,59;0,0;0,0;-0,02;0,0;-0,06;0,0;0,0;0,0;-0,01;0,0;-0,03;0,0;-0,05;0,0;-0,01;0,0;-0,25;0,0;-0,01;0,0;-0,01;0,0;0,0;0,0;-0,01;0,0;-0,1;0,0;-0,01;0,0;-0,01;0,0;-0,01;0,0;-0,02;0,0;-0,02;0,0;0,0;0,0;-0,02;0,0;-0,05;0,0;-0,01;0,0;-0,01;0,0;-0,2;0,0;-0,02;0,0;0,0;0,0
11.08.2026;13:00;13:15;0,38;0,11;-0,01;0,0;0,0;0,0;-0,13;-0,07;0,0;0,0;-0,01;0,0;-0,04;-0,03;-0,02;-0,01;-0,02;-0,01;-0,41;-0,4;-0,02;-0,01;-0,01;0,0;-0,01;0,0;-0,02;-0,01;-0,04;-0,03;-0,02;-0,01;0,0;0,0;0,0;0,0;-0,04;-0,03;-0,02;-0,01;-0,02;-0,01;-0,01;0,0;-0,05;-0,04;-0,01;0,0;-0,01;0,0;-0,25;-0,24;-0,01;0,0;0,0;0,0
11.08.2026;13:15;13:30;3,36;2,07;0,0;0,0;-0,01;0,0;-0,2;0,0;0,0;0,0;-0,02;0,0;-0,04;0,0;-0,03;0,0;-0,01;0,0;-0,33;0,0;-0,01;0,0;-0,01;0,0;0,0;0,0;0,0;0,0;-0,03;0,0;-0,01;0,0;0,0;0,0;-0,01;0,0;-0,02;0,0;-0,02;0,0;-0,01;0,0;-0,01;0,0;-0,04;0,0;-0,01;0,0;-0,01;0,0;-0,35;0,0;-0,09;0,0;-0,02;0,0
11.08.2026;13:30;13:45;4,24;3,22;0,0;0,0;0,0;0,0;-0,1;0,0;0,0;0,0;-0,01;0,0;-0,04;0,0;-0,03;0,0;-0,02;0,0;-0,27;0,0;0,0;0,0;-0,01;0,0;0,0;0,0;0,0;0,0;-0,01;0,0;-0,01;0,0;-0,02;0,0;-0,02;0,0;-0,03;0,0;-0,02;0,0;-0,01;0,0;-0,03;0,0;-0,05;0,0;-0,02;0,0;-0,01;0,0;-0,21;0,0;-0,08;0,0;-0,02;0,0
11.08.2026;13:45;14:00;4,2;3,25;0,0;0,0;-0,02;0,0;-0,07;0,0;-0,01;0,0;-0,01;0,0;-0,03;0,0;-0,02;0,0;-0,01;0,0;-0,27;0,0;-0,01;0,0;-0,01;0,0;0,0;0,0;-0,02;0,0;-0,01;0,0;-0,01;0,0;-0,01;0,0;-0,01;0,0;-0,03;0,0;-0,03;0,0;-0,01;0,0;-0,02;0,0;-0,04;0,0;-0,01;0,0;-0,02;0,0;-0,23;0,0;-0,01;0,0;-0,03;0,0
11.08.2026;14:00;14:15;4,11;3,45;0,0;0,0;-0,01;0,0;-0,08;0,0;0,0;0,0;-0,02;0,0;-0,04;0,0;-0,02;0,0;-0,01;0,0;-0,25;0,0;0,0;0,0;-0,01;0,0;0,0;0,0;-0,01;0,0;-0,02;0,0;-0,01;0,0;-0,01;0,0;-0,01;0,0;-0,02;0,0;-0,02;0,0;0,0;0,0;-0,01;0,0;-0,05;0,0;-0,01;0,0;-0,01;0,0;-0,01;0,0;-0,01;0,0;-0,02;0,0
11.08.2026;14:15;14:30;4,0;3,25;-0,01;0,0;-0,01;0,0;-0,09;0,0;0,0;0,0;-0,01;0,0;-0,04;0,0;-0,01;0,0;-0,02;0,0;-0,17;0,0;-0,02;0,0;-0,01;0,0;0,0;0,0;-0,01;0,0;-0,11;0,0;-0,01;0,0;0,0;0,0;-0,01;0,0;-0,04;0,0;-0,02;0,0;-0,02;0,0;-0,01;0,0;-0,05;0,0;-0,01;0,0;-0,01;0,0;-0,03;0,0;-0,01;0,0;-0,02;0,0
11.08.2026;14:30;14:45;3,93;3,05;0,0;0,0;0,0;0,0;-0,16;0,0;0,0;0,0;-0,01;0,0;-0,04;0,0;-0,05;0,0;-0,01;0,0;-0,04;0,0;-0,02;0,0;-0,02;0,0;0,0;0,0;0,0;0,0;-0,3;0,0;-0,02;0,0;0,0;0,0;-0,01;0,0;-0,02;0,0;-0,02;0,0;-0,01;0,0;-0,02;0,0;-0,04;0,0;-0,02;0,0;-0,01;0,0;-0,02;0,0;-0,02;0,0;-0,02;0,0
11.08.2026;14:45;15:00;3,8;2,89;0,0;0,0;-0,01;0,0;-0,15;0,0;0,0;0,0;-0,02;0,0;-0,03;0,0;-0,04;0,0;-0,02;0,0;-0,05;0,0;-0,01;0,0;0,0;0,0;0,0;0,0;-0,04;0,0;-0,21;0,0;-0,04;0,0;-0,01;0,0;-0,01;0,0;-0,04;0,0;-0,02;0,0;-0,01;0,0;-0,02;0,0;-0,05;0,0;-0,01;0,0;-0,01;0,0;-0,02;0,0;-0,07;0,0;-0,02;0,0
11.08.2026;15:00;15:15;3,69;2,8;0,0;0,0;-0,01;0,0;-0,07;0,0;0,0;0,0;-0,01;0,0;-0,04;0,0;-0,03;0,0;-0,02;0,0;-0,15;0,0;-0,01;0,0;-0,01;0,0;0,0;0,0;-0,02;0,0;-0,05;0,0;-0,03;0,0;-0,01;0,0;-0,02;0,0;-0,02;0,0;-0,02;0,0;-0,01;0,0;-0,03;0,0;-0,05;0,0;-0,01;0,0;-0,02;0,0;-0,02;0,0;-0,21;0,0;-0,02;0,0
11.08.2026;15:15;15:30;3,57;2,22;-0,01;0,0;-0,02;0,0;-0,07;0,0;0,0;0,0;-0,01;0,0;-0,04;0,0;-0,02;0,0;0,0;0,0;-0,47;-0,02;-0,02;0,0;-0,01;0,0;0,0;0,0;-0,02;0,0;-0,26;0,0;-0,03;0,0;-0,01;0,0;-0,01;0,0;-0,02;0,0;-0,02;0,0;-0,01;0,0;0,0;0,0;-0,04;0,0;-0,01;0,0;-0,01;0,0;-0,02;0,0;-0,22;0,0;-0,02;0,0
11.08.2026;15:30;15:45;3,38;2,29;0,0;0,0;-0,01;0,0;-0,2;0,0;0,0;0,0;-0,02;0,0;-0,03;0,0;-0,02;0,0;-0,02;0,0;-0,17;0,0;-0,01;0,0;-0,01;0,0;0,0;0,0;0,0;0,0;-0,27;0,0;-0,03;0,0;-0,01;0,0;-0,01;0,0;-0,04;0,0;-0,02;0,0;-0,01;0,0;-0,01;0,0;-0,05;0,0;-0,02;0,0;-0,02;0,0;-0,02;0,0;-0,07;0,0;-0,02;0,0
11.08.2026;15:45;16:00;3,23;1,99;0,0;0,0;0,0;0,0;-0,15;0,0;0,0;0,0;-0,01;0,0;-0,04;0,0;-0,05;0,0;-0,02;0,0;-0,03;0,0;-0,01;0,0;-0,56;-0,16;0,0;0,0;-0,02;0,0;-0,08;0,0;-0,02;0,0;-0,01;0,0;0,0;0,0;-0,02;0,0;-0,02;0,0;-0,01;0,0;-0,02;0,0;-0,05;0,0;-0,01;0,0;-0,01;0,0;-0,02;0,0;-0,22;0,0;-0,02;0,0
11.08.2026;16:00;16:15;3,07;1,81;0,0;0,0;-0,54;-0,18;-0,07;0,0;0,0;0,0;-0,01;0,0;-0,03;0,0;-0,02;0,0;-0,01;0,0;-0,02;0,0;-0,01;0,0;-0,23;0,0;0,0;0,0;-0,02;0,0;-0,04;0,0;-0,03;0,0;0,0;0,0;-0,01;0,0;-0,03;0,0;-0,03;0,0;-0,01;0,0;-0,03;0,0;-0,04;0,0;-0,01;0,0;-0,02;0,0;-0,03;0,0;-0,18;0,0;-0,02;0,0
11.08.2026;16:15;16:30;2,89;1,88;0,0;0,0;-0,5;-0,13;-0,1;0,0;0,0;0,0;-0,02;0,0;-0,04;0,0;-0,02;0,0;-0,02;0,0;-0,02;0,0;0,0;0,0;-0,08;0,0;0,0;0,0;-0,01;0,0;-0,04;0,0;-0,03;0,0;-0,01;0,0;-0,02;0,0;-0,02;0,0;-0,02;0,0;-0,01;0,0;-0,02;0,0;-0,05;0,0;-0,02;0,0;-0,01;0,0;-0,01;0,0;-0,05;0,0;-0,02;0,0
11.08.2026;16:30;16:45;2,71;1,73;-0,01;0,0;-0,31;0,0;-0,08;0,0;0,0;0,0;-0,01;0,0;-0,04;0,0;-0,02;0,0;-0,02;0,0;-0,03;0,0;0,0;0,0;-0,07;0,0;0,0;0,0;0,0;0,0;-0,04;0,0;-0,02;0,0;-0,01;0,0;-0,02;0,0;-0,03;0,0;-0,02;0,0;-0,01;0,0;-0,01;0,0;-0,06;0,0;-0,12;0,0;-0,01;0,0;-0,01;0,0;-0,01;0,0;-0,02;0,0
11.08.2026;16:45;17:00;2,5;1,42;0,0;0,0;-0,35;-0,07;-0,13;0,0;0,0;0,0;-0,01;0,0;-0,03;0,0;-0,03;0,0;-0,02;0,0;-0,07;0,0;-0,02;0,0;-0,1;0,0;0,0;0,0;-0,02;0,0;-0,05;0,0;-0,03;0,0;-0,01;0,0;-0,02;0,0;-0,04;0,0;-0,02;0,0;-0,01;0,0;-0,01;0,0;-0,07;0,0;-0,03;0,0;-0,02;0,0;-0,02;0,0;-0,02;0,0;-0,02;0,0
11.08.2026;17:00;17:15;2,02;0,9;0,0;0,0;-0,46;-0,27;-0,16;0,0;-0,01;0,0;-0,02;0,0;-0,04;0,0;-0,01;0,0;-0,01;0,0;-0,07;0,0;-0,02;0,0;-0,03;0,0;0,0;0,0;-0,01;0,0;-0,05;0,0;-0,03;0,0;-0,01;0,0;-0,04;0,0;-0,03;0,0;-0,03;0,0;-0,01;0,0;-0,02;0,0;-0,04;0,0;-0,04;0,0;-0,01;0,0;-0,02;0,0;-0,03;0,0;-0,5;-0,31
11.08.2026;17:15;17:30;0,36;0,11;0,0;0,0;-0,25;-0,24;-0,11;-0,08;0,0;0,0;-0,01;0,0;-0,03;-0,02;-0,03;-0,02;-0,02;-0,01;-0,07;-0,06;-0,01;0,0;-0,02;-0,01;0,0;0,0;-0,01;0,0;-0,04;-0,03;-0,02;-0,01;0,0;0,0;-0,06;-0,05;-0,03;-0,02;-0,02;-0,01;-0,01;0,0;-0,02;-0,01;-0,04;-0,03;-0,17;-0,16;-0,02;-0,01;-0,02;-0,01;-0,02;-0,01;-0,53;-0,52
11.08.2026;17:30;17:45;0,0;0,0;-0,01;-0,01;-0,04;-0,04;-0,09;-0,09;0,0;0,0;-0,01;-0,01;-0,07;-0,07;-0,01;-0,01;-0,01;-0,01;-0,07;-0,07;-0,02;-0,02;-0,07;-0,07;0,0;0,0;0,0;0,0;-0,04;-0,04;-0,03;-0,03;-0,01;-0,01;-0,32;-0,32;-0,03;-0,03;-0,03;-0,03;-0,01;-0,01;-0,02;-0,02;-0,05;-0,05;-0,22;-0,22;-0,01;-0,01;-0,02;-0,02;-0,02;-0,02;-0,23;-0,23
11.08.2026;17:45;18:00;1,02;0,26;0,0;0,0;-0,14;-0,08;-0,11;0,0;0,0;0,0;-0,02;0,0;-0,04;0,0;-0,03;0,0;-0,02;0,0;-0,08;-0,02;-0,01;0,0;-0,03;0,0;0,0;0,0;-0,02;0,0;-0,04;0,0;-0,01;0,0;0,0;0,0;-0,1;-0,04;-0,03;0,0;-0,02;0,0;-0,01;0,0;-0,01;0,0;-0,04;0,0;-0,04;0,0;-0,02;0,0;-0,01;0,0;-0,02;0,0;-0,05;0,0
11.08.2026;18:00;18:15;1,28;0,4;0,0;0,0;-0,29;-0,2;-0,19;0,0;0,0;0,0;-0,01;0,0;-0,03;0,0;-0,01;0,0;-0,02;0,0;-0,08;0,0;-0,01;0,0;-0,02;0,0;-0,01;0,0;-0,01;0,0;-0,05;0,0;-0,01;0,0;-0,02;0,0;-0,08;0,0;-0,04;0,0;-0,02;0,0;-0,01;0,0;-0,01;0,0;-0,04;0,0;-0,03;0,0;-0,01;0,0;-0,01;0,0;-0,03;0,0;-0,04;0,0
11.08.2026;18:15;18:30;1,05;0,35;0,0;0,0;-0,02;0,0;-0,08;0,0;0,0;0,0;-0,01;0,0;-0,04;0,0;-0,04;0,0;0,0;0,0;-0,08;-0,01;-0,02;0,0;-0,04;0,0;0,0;0,0;-0,01;0,0;-0,04;0,0;-0,01;0,0;-0,01;0,0;-0,12;-0,05;-0,02;0,0;-0,02;0,0;-0,01;0,0;-0,02;0,0;-0,05;0,0;-0,02;0,0;-0,01;0,0;-0,02;0,0;-0,03;0,0;-0,04;0,0
11.08.2026;18:30;18:45;0,89;0,25;0,0;0,0;-0,02;0,0;-0,09;0,0;0,0;0,0;-0,02;0,0;-0,04;0,0;-0,03;0,0;-0,02;0,0;-0,07;-0,03;0,0;0,0;-0,03;0,0;0,0;0,0;0,0;0,0;-0,04;0,0;-0,01;0,0;-0,01;0,0;-0,09;-0,05;-0,04;0,0;-0,02;0,0;-0,01;0,0;-0,03;0,0;-0,04;0,0;-0,02;0,0;0,0;0,0;-0,03;0,0;-0,04;0,0;-0,02;0,0
11.08.2026;18:45;19:00;0,71;0,15;-0,01;0,0;-0,1;-0,07;-0,16;-0,05;0,0;0,0;-0,01;0,0;-0,2;-0,17;-0,02;0,0;-0,02;0,0;-0,09;-0,06;0,0;0,0;-0,03;0,0;0,0;0,0;-0,02;0,0;-0,05;-0,02;-0,01;0,0;0,0;0,0;-0,08;-0,05;-0,03;0,0;-0,02;0,0;-0,01;0,0;-0,01;0,0;-0,04;-0,01;-0,01;0,0;0,0;0,0;-0,02;0,0;-0,04;-0,01;-0,02;0,0
11.08.2026;19:00;19:15;0,52;0,21;0,0;0,0;-0,08;-0,07;-0,1;0,0;0,0;0,0;-0,01;0,0;-0,13;-0,12;-0,02;-0,01;-0,01;0,0;-0,42;-0,41;-0,01;0,0;-0,04;-0,03;0,0;0,0;-0,02;-0,01;-0,05;-0,04;-0,08;-0,07;0,0;0,0;-0,17;-0,16;-0,04;-0,03;-0,03;-0,02;-0,01;0,0;-0,01;0,0;-0,05;-0,04;-0,01;0,0;0,0;0,0;-0,01;0,0;-0,03;-0,02;-0,02;-0,01
11.08.2026;19:15;19:30;0,31;0,06;0,0;0,0;-0,22;-0,21;-0,14;-0,12;0,0;0,0;-0,02;-0,01;-0,05;-0,04;-0,03;-0,02;-0,02;-0,01;-0,02;-0,01;-0,02;-0,01;-0,03;-0,02;0,0;0,0;-0,01;0,0;-0,13;-0,12;-0,07;-0,06;-0,01;0,0;-0,17;-0,16;-0,02;-0,01;-0,02;-0,01;-0,01;0,0;-0,02;-0,01;-0,04;-0,03;-0,01;0,0;-0,01;0,0;-0,02;-0,01;-0,04;-0,03;-0,02;-0,01
11.08.2026;19:30;19:45;0,18;0,13;0,0;0,0;-0,18;-0,18;-0,28;-0,23;0,0;0,0;-0,01;-0,01;-0,06;-0,06;-0,02;-0,02;-0,02;-0,02;-0,4;-0,4;-0,01;-0,01;-0,04;-0,04;0,0;0,0;-0,03;-0,03;-0,1;-0,1;-0,08;-0,08;-0,01;-0,01;-0,18;-0,18;-0,03;-0,03;-0,02;-0,02;-0,01;-0,01;-0,02;-0,02;-0,04;-0,04;-0,01;-0,01;-0,02;-0,02;-0,01;-0,01;-0,06;-0,06;-0,02;-0,02
11.08.2026;19:45;20:00;0,07;0,07;-0,01;-0,01;-0,03;-0,03;-0,19;-0,19;0,0;0,0;-0,01;-0,01;-0,05;-0,05;-0,03;-0,03;-0,03;-0,03;-0,02;-0,02;-0,02;-0,02;-0,05;-0,05;0,0;0,0;-0,03;-0,03;-0,04;-0,04;-0,08;-0,08;-0,01;-0,01;-0,17;-0,17;-0,04;-0,04;-0,04;-0,04;-0,02;-0,02;-0,02;-0,02;-0,04;-0,04;-0,02;-0,02;-0,01;-0,01;-0,02;-0,02;-0,04;-0,04;-0,01;-0,01
11.08.2026;20:00;20:15;0,02;0,02;0,0;0,0;-0,03;-0,03;-0,27;-0,27;0,0;0,0;-0,02;-0,02;-0,11;-0,11;-0,02;-0,02;-0,01;-0,01;-0,03;-0,03;-0,01;-0,01;-0,06;-0,06;0,0;0,0;-0,05;-0,05;-0,04;-0,04;-0,05;-0,05;-0,01;-0,01;-0,09;-0,09;-0,02;-0,02;-0,03;-0,03;-0,02;-0,02;-0,01;-0,01;-0,05;-0,05;-0,01;-0,01;0,0;0,0;-0,03;-0,03;-0,04;-0,04;-0,02;-0,02
11.08.2026;20:15;20:30;0,02;0,02;0,0;0,0;-0,03;-0,03;-0,2;-0,2;-0,01;-0,01;-0,01;-0,01;-0,05;-0,05;-0,01;-0,01;-0,03;-0,03;-0,06;-0,06;-0,01;-0,01;-0,04;-0,04;0,0;0,0;-0,12;-0,12;-0,03;-0,03;-0,04;-0,04;-0,01;-0,01;-0,08;-0,08;-0,04;-0,04;-0,03;-0,03;-0,02;-0,02;-0,01;-0,01;-0,05;-0,05;-0,02;-0,02;-0,02;-0,02;-0,02;-0,02;-0,05;-0,05;-0,04;-0,04
11.08.2026;20:30;20:45;0,0;0,0;0,0;0,0;-0,03;-0,03;-0,07;-0,07;0,0;0,0;-0,01;-0,01;-0,05;-0,05;-0,03;-0,03;-0,02;-0,02;-0,07;-0,07;-0,02;-0,02;-0,02;-0,02;0,0;0,0;-0,04;-0,04;-0,03;-0,03;-0,04;-0,04;0,0;0,0;-0,07;-0,07;-0,03;-0,03;-0,02;-0,02;-0,21;-0,21;-0,02;-0,02;-0,04;-0,04;-0,03;-0,03;-0,02;-0,02;-0,01;-0,01;-0,04;-0,04;-0,04;-0,04
11.08.2026;20:45;21:00;0,0;0,0;-0,01;-0,01;-0,04;-0,04;-0,13;-0,13;0,0;0,0;-0,02;-0,02;-0,05;-0,05;-0,03;-0,03;-0,02;-0,02;-0,06;-0,06;-0,01;-0,01;-0,03;-0,03;0,0;0,0;-0,01;-0,01;-0,1;-0,1;-0,04;-0,04;0,0;0,0;-0,08;-0,08;-0,03;-0,03;-0,02;-0,02;-0,16;-0,16;-0,02;-0,02;-0,04;-0,04;-0,03;-0,03;-0,02;-0,02;-0,01;-0,01;-0,04;-0,04;-0,05;-0,05
11.08.2026;21:00;21:15;0,0;0,0;0,0;0,0;-0,03;-0,03;-0,19;-0,19;0,0;0,0;-0,01;-0,01;-0,05;-0,05;-0,03;-0,03;-0,03;-0,03;-0,05;-0,05;0,0;0,0;-0,03;-0,03;0,0;0,0;-0,02;-0,02;-0,12;-0,12;-0,03;-0,03;-0,02;-0,02;-0,07;-0,07;-0,03;-0,03;-0,02;-0,02;-0,16;-0,16;-0,03;-0,03;-0,05;-0,05;-0,02;-0,02;-0,01;-0,01;-0,02;-0,02;-0,04;-0,04;-0,05;-0,05
11.08.2026;21:15;21:30;0,0;0,0;0,0;0,0;-0,04;-0,04;-0,1;-0,1;0,0;0,0;-0,01;-0,01;-0,05;-0,05;-0,03;-0,03;-0,03;-0,03;-0,05;-0,05;0,0;0,0;-0,02;-0,02;0,0;0,0;-0,02;-0,02;-0,04;-0,04;-0,03;-0,03;-0,01;-0,01;-0,08;-0,08;-0,03;-0,03;-0,02;-0,02;-0,14;-0,14;0,0;0,0;-0,01;-0,01;-0,02;-0,02;-0,02;-0,02;-0,02;-0,02;-0,04;-0,04;-0,04;-0,04
11.08.2026;21:30;21:45;0,0;0,0;0,0;0,0;-0,03;-0,03;-0,13;-0,13;0,0;0,0;-0,02;-0,02;-0,06;-0,06;-0,05;-0,05;-0,02;-0,02;-0,03;-0,03;-0,01;-0,01;-0,03;-0,03;0,0;0,0;-0,05;-0,05;-0,04;-0,04;-0,04;-0,04;-0,01;-0,01;-0,06;-0,06;-0,01;-0,01;-0,02;-0,02;-0,11;-0,11;-0,01;-0,01;-0,01;-0,01;-0,04;-0,04;-0,02;-0,02;-0,03;-0,03;-0,04;-0,04;-0,04;-0,04
11.08.2026;21:45;22:00;0,0;0,0;0,0;0,0;-0,04;-0,04;-0,13;-0,13;0,0;0,0;0,0;0,0;-0,05;-0,05;-0,07;-0,07;-0,14;-0,14;-0,03;-0,03;-0,02;-0,02;-0,01;-0,01;0,0;0,0;-0,01;-0,01;-0,05;-0,05;-0,04;-0,04;0,0;0,0;-0,06;-0,06;-0,01;-0,01;-0,02;-0,02;-0,1;-0,1;-0,02;-0,02;-0,01;-0,01;-0,02;-0,02;-0,02;-0,02;-0,32;-0,32;-0,03;-0,03;-0,03;-0,03
11.08.2026;22:00;22:15;0,0;0,0;-0,01;-0,01;-0,03;-0,03;-0,09;-0,09;0,0;0,0;-0,01;-0,01;-0,05;-0,05;-0,05;-0,05;-0,17;-0,17;-0,02;-0,02;-0,02;-0,02;0,0;0,0;0,0;0,0;-0,01;-0,01;-0,05;-0,05;-0,06;-0,06;-0,01;-0,01;-0,06;-0,06;-0,02;-0,02;-0,03;-0,03;-0,08;-0,08;-0,03;-0,03;-0,01;-0,01;-0,02;-0,02;-0,02;-0,02;-0,19;-0,19;-0,02;-0,02;-0,04;-0,04
11.08.2026;22:15;22:30;0,0;0,0;0,0;0,0;-0,04;-0,04;-0,15;-0,15;0,0;0,0;0,0;0,0;-0,05;-0,05;-0,04;-0,04;-0,06;-0,06;-0,02;-0,02;-0,01;-0,01;-0,02;-0,02;0,0;0,0;-0,01;-0,01;-0,05;-0,05;-0,05;-0,05;0,0;0,0;-0,06;-0,06;-0,01;-0,01;-0,02;-0,02;-0,07;-0,07;-0,02;-0,02;-0,02;-0,02;-0,01;-0,01;-0,02;-0,02;-0,05;-0,05;-0,01;-0,01;-0,03;-0,03
11.08.2026;22:30;22:45;0,0;0,0;0,0;0,0;-0,04;-0,04;-0,16;-0,16;0,0;0,0;0,0;0,0;-0,04;-0,04;-0,04;-0,04;-0,02;-0,02;-0,02;-0,02;-0,01;-0,01;0,0;0,0;0,0;0,0;-0,02;-0,02;-0,05;-0,05;-0,05;-0,05;-0,01;-0,01;-0,07;-0,07;-0,01;-0,01;-0,02;-0,02;-0,08;-0,08;-0,01;-0,01;0,0;0,0;-0,01;-0,01;-0,02;-0,02;-0,05;-0,05;-0,02;-0,02;-0,03;-0,03
11.08.2026;22:45;23:00;0,0;0,0;0,0;0,0;-0,04;-0,04;-0,17;-0,17;0,0;0,0;-0,02;-0,02;-0,04;-0,04;-0,03;-0,03;-0,01;-0,01;-0,01;-0,01;-0,02;-0,02;-0,01;-0,01;0,0;0,0;-0,01;-0,01;-0,05;-0,05;-0,06;-0,06;-0,02;-0,02;-0,05;-0,05;-0,02;-0,02;-0,05;-0,05;-0,06;-0,06;0,0;0,0;-0,02;-0,02;-0,02;-0,02;-0,02;-0,02;-0,06;-0,06;-0,01;-0,01;-0,03;-0,03
11.08.2026;23:00;23:15;0,0;0,0;-0,01;-0,01;-0,03;-0,03;-0,16;-0,16;0,0;0,0;-0,01;-0,01;-0,05;-0,05;-0,03;-0,03;-0,01;-0,01;-0,01;-0,01;-0,01;-0,01;-0,01;-0,01;-0,01;-0,01;0,0;0,0;-0,05;-0,05;-0,06;-0,06;0,0;0,0;-0,04;-0,04;0,0;0,0;-0,03;-0,03;-0,01;-0,01;-0,03;-0,03;-0,01;-0,01;-0,01;-0,01;-0,02;-0,02;-0,06;-0,06;-0,01;-0,01;-0,02;-0,02
11.08.2026;23:15;23:30;0,0;0,0;0,0;0,0;-0,04;-0,04;-0,14;-0,14;0,0;0,0;-0,01;-0,01;-0,04;-0,04;-0,02;-0,02;-0,02;-0,02;-0,01;-0,01;-0,01;-0,01;-0,01;-0,01;0,0;0,0;-0,02;-0,02;-0,05;-0,05;-0,16;-0,16;-0,01;-0,01;-0,03;-0,03;-0,02;-0,02;-0,03;-0,03;-0,01;-0,01;-0,02;-0,02;0,0;0,0;-0,02;-0,02;-0,03;-0,03;-0,08;-0,08;-0,02;-0,02;-0,02;-0,02
11.08.2026;23:30;23:45;0,0;0,0;0,0;0,0;-0,01;-0,01;-0,12;-0,12;0,0;0,0;-0,02;-0,02;-0,04;-0,04;-0,03;-0,03;-0,02;-0,02;0,0;0,0;0,0;0,0;-0,01;-0,01;0,0;0,0;-0,01;-0,01;-0,07;-0,07;-0,02;-0,02;0,0;0,0;-0,02;-0,02;-0,01;-0,01;-0,03;-0,03;-0,01;-0,01;-0,02;-0,02;-0,02;-0,02;0,0;0,0;-0,03;-0,03;-0,15;-0,15;-0,01;-0,01;-0,02;-0,02
11.08.2026;23:45;00:00;0,0;0,0;0,0;0,0;-0,01;-0,01;-0,12;-0,12;-0,01;-0,01;-0,01;-0,01;-0,04;-0,04;-0,03;-0,03;-0,01;-0,01;-0,01;-0,01;0,0;0,0;-0,01;-0,01;0,0;0,0;0,0;0,0;-0,06;-0,06;-0,02;-0,02;-0,01;-0,01;-0,01;-0,01;-0,01;-0,01;-0,03;-0,03;-0,01;-0,01;-0,01;-0,01;-0,01;-0,01;-0,02;-0,02;-0,02;-0,02;-0,11;-0,11;-0,01;-0,01;-0,02;-0,02
12.08.2026;00:00;00:15;0,0;0,0;0,0;0,0;0,0;0,0;-0,13;-0,13;0,0;0,0;-0,01;-0,01;-0,04;-0,04;-0,02;-0,02;-0,02;-0,02;-0,02;-0,02;-0,02;-0,02;0,0;0,0;0,0;0,0;-0,01;-0,01;-0,05;-0,05;-0,01;-0,01;-0,01;-0,01;-0,02;-0,02;-0,01;-0,01;-0,02;-0,02;-0,01;-0,01;-0,01;-0,01;-0,01;-0,01;-0,01;-0,01;-0,03;-0,03;-0,07;-0,07;-0,02;-0,02;-0,02;-0,02
12.08.2026;00:15;00:30;0,0;0,0;-0,01;-0,01;-0,02;-0,02;-0,13;-0,13;0,0;0,0;-0,02;-0,02;-0,04;-0,04;-0,02;-0,02;-0,02;-0,02;-0,02;-0,02;-0,01;-0,01;-0,02;-0,02;0,0;0,0;-0,02;-0,02;-0,06;-0,06;-0,01;-0,01;-0,01;-0,01;-0,01;-0,01;-0,01;-0,01;-0,03;-0,03;-0,01;-0,01;-0,02;-0,02;-0,01;-0,01;-0,01;-0,01;-0,03;-0,03;-0,03;-0,03;-0,01;-0,01;-0,02;-0,02
12.08.2026;00:30;00:45;0,0;0,0;0,0;0,0;-0,01;-0,01;-0,2;-0,2;0,0;0,0;-0,01;-0,01;-0,04;-0,04;-0,03;-0,03;-0,01;-0,01;-0,02;-0,02;-0,02;-0,02;0,0;0,0;0,0;0,0;-0,01;-0,01;-0,07;-0,07;-0,01;-0,01;0,0;0,0;-0,01;-0,01;-0,02;-0,02;-0,02;-0,02;-0,01;-0,01;-0,02;-0,02;-0,01;-0,01;-0,01;-0,01;-0,03;-0,03;-0,01;-0,01;-0,01;-0,01;-0,01;-0,01
12.08.2026;00:45;01:00;0,0;0,0;0,0;0,0;-0,01;-0,01;-0,2;-0,2;0,0;0,0;-0,01;-0,01;-0,04;-0,04;-0,01;-0,01;-0,02;-0,02;-0,01;-0,01;-0,01;-0,01;-0,01;-0,01;0,0;0,0;0,0;0,0;-0,15;-0,15;-0,01;-0,01;-0,01;-0,01;-0,01;-0,01;0,0;0,0;-0,02;-0,02;-0,01;-0,01;-0,02;-0,02;-0,01;-0,01;-0,01;-0,01;-0,02;-0,02;-0,02;-0,02;-0,02;-0,02;-0,02;-0,02
12.08.2026;01:00;01:15;0,0;0,0;0,0;0,0;-0,01;-0,01;-0,13;-0,13;0,0;0,0;0,0;0,0;-0,04;-0,04;-0,01;-0,01;-0,02;-0,02;-0,01;-0,01;-0,02;-0,02;-0,01;-0,01;0,0;0,0;-0,01;-0,01;-0,06;-0,06;-0,02;-0,02;0,0;0,0;-0,01;-0,01;-0,01;-0,01;-0,02;-0,02;-0,01;-0,01;-0,01;-0,01;-0,01;-0,01;-0,02;-0,02;-0,02;-0,02;-0,02;-0,02;-0,01;-0,01;-0,01;-0,01
12.08.2026;01:15;01:30;0,0;0,0;-0,01;-0,01;-0,01;-0,01;-0,14;-0,14;0,0;0,0;-0,01;-0,01;-0,04;-0,04;-0,01;-0,01;-0,01;-0,01;0,0;0,0;-0,01;-0,01;-0,01;-0,01;0,0;0,0;-0,01;-0,01;-0,06;-0,06;-0,01;-0,01;-0,01;-0,01;-0,01;-0,01;-0,02;-0,02;-0,03;-0,03;-0,01;-0,01;-0,01;-0,01;-0,01;-0,01;-0,01;-0,01;-0,02;-0,02;-0,02;-0,02;-0,01;-0,01;-0,01;-0,01
12.08.2026;01:30;01:45;0,0;0,0;0,0;0,0;-0,01;-0,01;-0,15;-0,15;0,0;0,0;0,0;0,0;-0,04;-0,04;-0,01;-0,01;-0,01;-0,01;-0,01;-0,01;-0,02;-0,02;-0,01;-0,01;0,0;0,0;-0,02;-0,02;-0,05;-0,05;-0,01;-0,01;-0,02;-0,02;-0,02;-0,02;0,0;0,0;-0,02;-0,02;-0,01;-0,01;-0,02;-0,02;-0,01;-0,01;-0,01;-0,01;-0,02;-0,02;-0,02;-0,02;-0,01;-0,01;-0,01;-0,01
12.08.2026;01:45;02:00;0,0;0,0;0,0;0,0;-0,01;-0,01;-0,16;-0,16;0,0;0,0;-0,02;-0,02;-0,04;-0,04;-0,01;-0,01;-0,02;-0,02;0,0;0,0;0,0;0,0;0,0;0,0;0,0;0,0;0,0;0,0;-0,11;-0,11;-0,01;-0,01;0,0;0,0;-0,01;-0,01;-0,02;-0,02;-0,02;-0,02;-0,01;-0,01;-0,03;-0,03;-0,01;-0,01;-0,01;-0,01;-0,01;-0,01;-0,01;-0,01;-0,02;-0,02;-0,01;-0,01
12.08.2026;02:00;02:15;0,0;0,0;0,0;0,0;-0,01;-0,01;-0,16;-0,16;0,0;0,0;-0,01;-0,01;-0,04;-0,04;-0,01;-0,01;-0,01;-0,01;-0,01;-0,01;0,0;0,0;-0,01;-0,01;0,0;0,0;-0,01;-0,01;-0,02;-0,02;-0,01;-0,01;-0,01;-0,01;-0,01;-0,01;-0,01;-0,01;-0,02;-0,02;-0,01;-0,01;-0,01;-0,01;-0,01;-0,01;-0,01;-0,01;-0,02;-0,02;-0,02;-0,02;-0,01;-0,01;0,0;0,0
12.08.2026;02:15;02:30;0,0;0,0;0,0;0,0;-0,01;-0,01;-0,16;-0,16;0,0;0,0;-0,01;-0,01;-0,04;-0,04;-0,01;-0,01;-0,02;-0,02;-0,01;-0,01;0,0;0,0;-0,01;-0,01;0,0;0,0;-0,01;-0,01;-0,01;-0,01;-0,01;-0,01;0,0;0,0;0,0;0,0;0,0;0,0;-0,03;-0,03;-0,01;-0,01;-0,01;-0,01;-0,01;-0,01;-0,01;-0,01;-0,01;-0,01;-0,02;-0,02;-0,01;-0,01;0,0;0,0
12.08.2026;02:30;02:45;0,0;0,0;-0,01;-0,01;-0,01;-0,01;-0,21;-0,21;0,0;0,0;-0,02;-0,02;-0,04;-0,04;-0,01;-0,01;-0,01;-0,01;-0,02;-0,02;-0,02;-0,02;-0,01;-0,01;0,0;0,0;-0,01;-0,01;0,0;0,0;-0,01;-0,01;-0,01;-0,01;-0,02;-0,02;-0,02;-0,02;-0,02;-0,02;-0,01;-0,01;-0,01;-0,01;-0,01;-0,01;-0,01;-0,01;0,0;0,0;-0,02;-0,02;-0,02;-0,02;0,0;0,0
12.08.2026;02:45;03:00;0,0;0,0;0,0;0,0;-0,01;-0,01;-0,16;-0,16;0,0;0,0;-0,01;-0,01;-0,04;-0,04;-0,01;-0,01;-0,02;-0,02;-0,02;-0,02;-0,02;-0,02;-0,01;-0,01;0,0;0,0;-0,01;-0,01;-0,01;-0,01;-0,01;-0,01;-0,01;-0,01;-0,01;-0,01;-0,01;-0,01;-0,02;-0,02;-0,01;-0,01;-0,02;-0,02;-0,01;-0,01;-0,02;-0,02;0,0;0,0;-0,02;-0,02;-0,01;-0,01;-0,01;-0,01
12.08.2026;03:00;03:15;0,0;0,0;0,0;0,0;-0,01;-0,01;-0,2;-0,2;-0,01;-0,01;-0,01;-0,01;-0,04;-0,04;-0,01;-0,01;-0,01;-0,01;-0,01;-0,01;-0,01;-0,01;0,0;0,0;0,0;0,0;0,0;0,0;-0,02;-0,02;-0,02;-0,02;-0,01;-0,01;-0,02;-0,02;-0,01;-0,01;-0,02;-0,02;-0,01;-0,01;-0,03;-0,03;-0,01;-0,01;0,0;0,0;-0,02;-0,02;-0,01;-0,01;-0,01;-0,01;-0,01;-0,01
12.08.2026;03:15;03:30;0,0;0,0;0,0;0,0;-0,01;-0,01;-0,2;-0,2;0,0;0,0;-0,01;-0,01;-0,05;-0,05;0,0;0,0;-0,01;-0,01;-0,01;-0,01;-0,02;-0,02;-0,01;-0,01;0,0;0,0;-0,02;-0,02;-0,01;-0,01;-0,02;-0,02;-0,01;-0,01;-0,01;-0,01;-0,01;-0,01;-0,02;-0,02;-0,02;-0,02;-0,01;-0,01;-0,01;-0,01;-0,01;-0,01;-0,01;-0,01;-0,01;-0,01;-0,01;-0,01;-0,02;-0,02
12.08.2026;03:30;03:45;0,0;0,0;-0,01;-0,01;0,0;0,0;-0,21;-0,21;0,0;0,0;-0,01;-0,01;-0,04;-0,04;-0,02;-0,02;-0,02;-0,02;0,0;0,0;-0,01;-0,01;-0,01;-0,01;0,0;0,0;-0,01;-0,01;-0,01;-0,01;-0,02;-0,02;0,0;0,0;0,0;0,0;-0,01;-0,01;-0,02;-0,02;0,0;0,0;-0,01;-0,01;-0,01;-0,01;-0,02;-0,02;-0,01;-0,01;-0,03;-0,03;-0,01;-0,01;-0,01;-0,01
12.08.2026;03:45;04:00;0,0;0,0;0,0;0,0;-0,01;-0,01;-0,16;-0,16;0,0;0,0;0,0;0,0;-0,05;-0,05;0,0;0,0;-0,01;-0,01;-0,01;-0,01;-0,02;-0,02;-0,01;-0,01;0,0;0,0;0,0;0,0;-0,01;-0,01;-0,01;-0,01;0,0;0,0;-0,01;-0,01;-0,01;-0,01;-0,02;-0,02;-0,01;-0,01;-0,01;-0,01;-0,01;-0,01;-0,01;-0,01;-0,01;-0,01;-0,01;-0,01;-0,02;-0,02;-0,01;-0,01
12.08.2026;04:00;04:15;0,0;0,0;0,0;0,0;-0,02;-0,02;-0,06;-0,06;0,0;0,0;-0,01;-0,01;-0,04;-0,04;-0,01;-0,01;-0,02;-0,02;0,0;0,0;-0,01;-0,01;-0,01;-0,01;-0,01;-0,01;-0,01;-0,01;-0,02;-0,02;-0,01;-0,01;-0,01;-0,01;-0,01;-0,01;-0,02;-0,02;-0,02;-0,02;-0,01;-0,01;-0,03;-0,03;-0,01;-0,01;0,0;0,0;-0,02;-0,02;-0,03;-0,03;-0,01;-0,01;0,0;0,0
12.08.2026;04:15;04:30;0,0;0,0;0,0;0,0;-0,01;-0,01;-0,06;-0,06;0,0;0,0;-0,01;-0,01;-0,04;-0,04;-0,01;-0,01;-0,01;-0,01;0,0;0,0;0,0;0,0;0,0;0,0;0,0;0,0;-0,02;-0,02;-0,02;-0,02;-0,02;-0,02;-0,01;-0,01;-0,02;-0,02;0,0;0,0;-0,03;-0,03;-0,01;-0,01;-0,02;-0,02;-0,01;-0,01;-0,02;-0,02;-0,01;-0,01;-0,01;-0,01;-0,01;-0,01;0,0;0,0
12.08.2026;04:30;04:45;0,0;0,0;0,0;0,0;0,0;0,0;-0,06;-0,06;0,0;0,0;-0,01;-0,01;-0,04;-0,04;-0,01;-0,01;-0,01;-0,01;-0,01;-0,01;0,0;0,0;-0,01;-0,01;0,0;0,0;0,0;0,0;-0,07;-0,07;0,0;0,0;-0,01;-0,01;-0,01;-0,01;-0,02;-0,02;-0,02;-0,02;-0,02;-0,02;-0,01;-0,01;-0,01;-0,01;-0,01;-0,01;-0,01;-0,01;-0,02;-0,02;-0,01;-0,01;-0,01;-0,01
12.08.2026;04:45;05:00;0,0;0,0;-0,01;-0,01;-0,01;-0,01;-0,06;-0,06;0,0;0,0;-0,02;-0,02;-0,04;-0,04;-0,01;-0,01;-0,02;-0,02;-0,02;-0,02;-0,01;-0,01;-0,01;-0,01;0,0;0,0;-0,01;-0,01;0,0;0,0;-0,01;-0,01;-0,01;-0,01;-0,01;-0,01;-0,01;-0,01;-0,02;-0,02;0,0;0,0;-0,01;-0,01;-0,01;-0,01;0,0;0,0;-0,01;-0,01;-0,01;-0,01;-0,02;-0,02;-0,01;-0,01
12.08.2026;05:00;05:15;0,0;0,0;0,0;0,0;-0,01;-0,01;-0,07;-0,07;0,0;0,0;-0,01;-0,01;-0,04;-0,04;0,0;0,0;-0,02;-0,02;-0,02;-0,02;-0,02;-0,02;-0,01;-0,01;0,0;0,0;-0,01;-0,01;-0,01;-0,01;-0,02;-0,02;0,0;0,0;-0,01;-0,01;0,0;0,0;-0,02;-0,02;-0,01;-0,01;-0,01;-0,01;-0,01;-0,01;-0,02;-0,02;-0,02;-0,02;-0,02;-0,02;-0,01;-0,01;-0,02;-0,02
12.08.2026;05:15;05:30;0,0;0,0;0,0;0,0;-0,02;-0,02;-0,09;-0,09;0,0;0,0;-0,01;-0,01;-0,04;-0,04;-0,02;-0,02;0,0;0,0;-0,02;-0,02;-0,01;-0,01;-0,01;-0,01;0,0;0,0;-0,01;-0,01;-0,01;-0,01;0,0;0,0;-0,01;-0,01;-0,01;-0,01;-0,02;-0,02;-0,02;-0,02;0,0;0,0;-0,03;-0,03;-0,01;-0,01;-0,02;-0,02;-0,01;-0,01;-0,02;-0,02;-0,02;-0,02;-0,01;-0,01
12.08.2026;05:30;05:45;0,0;0,0;0,0;0,0;0,0;0,0;-0,11;-0,11;0,0;0,0;-0,02;-0,02;-0,04;-0,04;0,0;0,0;-0,02;-0,02;0,0;0,0;-0,02;-0,02;0,0;0,0;0,0;0,0;-0,01;-0,01;-0,01;-0,01;-0,01;-0,01;-0,01;-0,01;-0,01;-0,01;-0,01;-0,01;-0,02;-0,02;-0,02;-0,02;-0,02;-0,02;-0,02;-0,02;-0,01;-0,01;-0,01;-0,01;-0,01;-0,01;-0,06;-0,06;0,0;0,0
12.08.2026;05:45;06:00;0,0;0,0;-0,01;-0,01;-0,01;-0,01;-0,11;-0,11;0,0;0,0;0,0;0,0;-0,03;-0,03;-0,01;-0,01;-0,01;-0,01;-0,01;-0,01;-0,01;-0,01;-0,01;-0,01;0,0;0,0;-0,01;-0,01;-0,01;-0,01;-0,01;-0,01;-0,01;-0,01;-0,02;-0,02;0,0;0,0;-0,02;-0,02;-0,01;-0,01;-0,01;-0,01;-0,04;-0,04;-0,02;-0,02;-0,02;-0,02;-0,03;-0,03;-0,01;-0,01;0,0;0,0
12.08.2026;06:00;06:15;0,03;0,03;0,0;0,0;0,0;0,0;-0,07;-0,07;0,0;0,0;0,0;0,0;-0,04;-0,04;-0,01;-0,01;-0,02;-0,02;-0,01;-0,01;-0,01;-0,01;-0,01;-0,01;0,0;0,0;-0,04;-0,04;-0,01;-0,01;-0,01;-0,01;0,0;0,0;-0,01;-0,01;-0,02;-0,02;-0,02;-0,02;-0,01;-0,01;-0,01;-0,01;-0,02;-0,02;-0,01;-0,01;-0,01;-0,01;-0,03;-0,03;-0,02;-0,02;0,0;0,0
12.08.2026;06:15;06:30;0,04;0,04;0,0;0,0;-0,03;-0,03;-0,12;-0,12;-0,01;-0,01;-0,01;-0,01;-0,02;-0,02;-0,01;-0,01;-0,02;-0,02;-0,1;-0,1;-0,02;-0,02;0,0;0,0;0,0;0,0;-0,02;-0,02;-0,02;-0,02;-0,01;-0,01;-0,01;-0,01;-0,01;-0,01;-0,01;-0,01;-0,02;-0,02;-0,05;-0,05;-0,01;-0,01;-0,02;-0,02;-0,01;-0,01;-0,02;-0,02;-0,04;-0,04;0,0;0,0;-0,02;-0,02
12.08.2026;06:30;06:45;0,1;0,1;0,0;0,0;-0,08;-0,08;-0,12;-0,12;0,0;0,0;-0,01;-0,01;-0,04;-0,04;-0,01;-0,01;-0,03;-0,03;-0,05;-0,05;-0,01;-0,01;-0,02;-0,02;0,0;0,0;-0,02;-0,02;0,0;0,0;-0,01;-0,01;0,0;0,0;-0,04;-0,04;0,0;0,0;-0,02;-0,02;-0,02;-0,02;-0,03;-0,03;0,0;0,0;-0,01;-0,01;-0,01;-0,01;-0,02;-0,02;-0,02;-0,02;-0,01;-0,01
12.08.2026;06:45;07:00;0,17;0,12;-0,01;-0,01;-0,04;-0,04;-0,14;-0,09;0,0;0,0;-0,01;-0,01;-0,04;-0,04;0,0;0,0;-0,04;-0,04;-0,02;-0,02;0,0;0,0;0,0;0,0;0,0;0,0;-0,02;-0,02;-0,02;-0,02;-0,01;-0,01;-0,01;-0,01;-0,02;-0,02;-0,02;-0,02;-0,03;-0,03;-0,03;-0,03;-0,02;-0,02;-0,02;-0,02;-0,01;-0,01;-0,02;-0,02;-0,04;-0,04;-0,01;-0,01;-0,02;-0,02
12.08.2026;07:00;07:15;0,23;0,17;0,0;0,0;-0,02;-0,02;-0,22;-0,16;0,0;0,0;-0,02;-0,02;-0,1;-0,1;-0,01;-0,01;-0,24;-0,24;-0,01;-0,01;0,0;0,0;-0,02;-0,02;0,0;0,0;-0,02;-0,02;-0,01;-0,01;-0,01;-0,01;-0,02;-0,02;-0,02;-0,02;-0,01;-0,01;-0,02;-0,02;-0,01;-0,01;-0,01;-0,01;-0,01;-0,01;-0,01;-0,01;-0,01;-0,01;-0,02;-0,02;-0,01;-0,01;0,0;0,0
12.08.2026;07:15;07:30;0,41;0,16;0,0;0,0;0,0;0,0;-0,13;-0,06;0,0;0,0;-0,01;0,0;-0,05;-0,04;-0,05;-0,04;-0,17;-0,16;-0,07;-0,06;-0,01;0,0;-0,12;-0,11;0,0;0,0;-0,03;-0,02;0,0;0,0;-0,01;0,0;0,0;0,0;-0,01;0,0;0,0;0,0;-0,02;-0,01;-0,01;0,0;-0,01;0,0;-0,01;0,0;-0,01;0,0;-0,01;0,0;-0,01;0,0;-0,01;0,0;0,0;0,0
12.08.2026;07:30;07:45;0,51;0,21;0,0;0,0;-0,01;0,0;-0,15;-0,04;0,0;0,0;-0,01;0,0;-0,08;-0,07;-0,02;-0,01;-0,29;-0,28;-0,02;-0,01;-0,02;-0,01;-0,02;-0,01;0,0;0,0;0,0;0,0;-0,02;-0,01;-0,01;0,0;0,0;0,0;-0,01;0,0;-0,02;-0,01;-0,03;-0,02;-0,01;0,0;-0,01;0,0;-0,01;0,0;-0,01;0,0;0,0;0,0;-0,01;0,0;-0,01;0,0;0,0;0,0
12.08.2026;07:45;08:00;0,71;0,18;0,0;0,0;-0,16;-0,13;-0,17;-0,06;0,0;0,0;-0,02;0,0;-0,1;-0,07;-0,02;0,0;-0,02;0,0;-0,02;0,0;-0,02;0,0;-0,09;-0,06;0,0;0,0;-0,02;0,0;0,0;0,0;-0,02;0,0;-0,01;0,0;-0,01;0,0;-0,01;0,0;-0,02;0,0;-0,01;0,0;-0,03;0,0;-0,01;0,0;-0,01;0,0;0,0;0,0;-0,03;0,0;-0,05;-0,02;-0,02;0,0
12.08.2026;08:00;08:15;0,6;0,17;-0,01;0,0;-0,02;0,0;-0,16;-0,07;0,0;0,0;-0,01;0,0;-0,08;-0,06;-0,04;-0,02;-0,03;-0,01;-0,02;0,0;-0,01;0,0;-0,03;-0,01;0,0;0,0;-0,01;0,0;-0,01;0,0;-0,09;-0,07;-0,01;0,0;-0,02;0,0;0,0;0,0;-0,04;-0,02;-0,01;0,0;-0,02;0,0;-0,01;0,0;-0,01;0,0;0,0;0,0;-0,2;-0,18;-0,01;0,0;-0,12;-0,1
12.08.2026;08:15;08:30;0,0;0,0;0,0;0,0;-0,01;-0,01;-0,15;-0,15;0,0;0,0;0,0;0,0;-0,08;-0,08;-0,02;-0,02;-0,06;-0,06;-0,01;-0,01;-0,01;-0,01;-0,02;-0,02;0,0;0,0;0,0;0,0;-0,02;-0,02;-0,01;-0,01;-0,01;-0,01;-0,02;-0,02;-0,02;-0,02;-0,11;-0,11;-0,01;-0,01;-0,01;-0,01;-0,01;-0,01;-0,01;-0,01;-0,01;-0,01;-0,02;-0,02;-0,01;-0,01;-0,22;-0,22
12.08.2026;08:30;08:45;0,0;0,0;0,0;0,0;-0,01;-0,01;-0,24;-0,24;0,0;0,0;0,0;0,0;-0,04;-0,04;-0,02;-0,02;-0,33;-0,33;-0,01;-0,01;-0,02;-0,02;-0,03;-0,03;0,0;0,0;-0,01;-0,01;-0,01;-0,01;-0,02;-0,02;-0,01;-0,01;0,0;0,0;-0,01;-0,01;-0,04;-0,04;-0,01;-0,01;-0,01;-0,01;-0,01;-0,01;-0,02;-0,02;-0,02;-0,02;-0,26;-0,26;-0,01;-0,01;-0,08;-0,08
12.08.2026;08:45;09:00;1,51;1,05;0,0;0,0;-0,01;0,0;-0,16;0,0;0,0;0,0;-0,01;0,0;-0,02;0,0;-0,02;0,0;-0,02;0,0;0,0;0,0;-0,01;0,0;0,0;0,0;0,0;0,0;-0,02;0,0;-0,01;0,0;0,0;0,0;0,0;0,0;-0,01;0,0;-0,01;0,0;-0,03;0,0;-0,01;0,0;-0,01;0,0;-0,01;0,0;-0,01;0,0;-0,01;0,0;-0,04;0,0;-0,01;0,0;-0,03;0,0
12.08.2026;09:00;09:15;2,08;1,31;-0,01;0,0;-0,02;0,0;-0,14;0,0;0,0;0,0;-0,01;0,0;-0,03;0,0;-0,05;0,0;-0,01;0,0;-0,01;0,0;-0,01;0,0;-0,01;0,0;-0,01;0,0;-0,02;0,0;-0,01;0,0;-0,01;0,0;0,0;0,0;-0,01;0,0;-0,02;0,0;-0,3;-0,05;-0,01;0,0;-0,03;0,0;-0,01;0,0;-0,01;0,0;-0,01;0,0;-0,04;0,0;-0,01;0,0;-0,02;0,0
12.08.2026;09:15;09:30;2,25;1,45;0,0;0,0;-0,01;0,0;-0,21;0,0;0,0;0,0;-0,01;0,0;-0,03;0,0;-0,03;0,0;-0,01;0,0;-0,06;0,0;0,0;0,0;-0,01;0,0;0,0;0,0;0,0;0,0;-0,01;0,0;-0,02;0,0;-0,01;0,0;-0,02;0,0;-0,02;0,0;-0,2;0,0;-0,01;0,0;-0,03;0,0;-0,01;0,0;-0,01;0,0;-0,01;0,0;-0,05;0,0;-0,01;0,0;-0,02;0,0
12.08.2026;09:30;09:45;2,5;1,82;0,0;0,0;-0,01;0,0;-0,19;0,0;0,0;0,0;-0,02;0,0;-0,04;0,0;-0,02;0,0;-0,02;0,0;-0,08;0,0;0,0;0,0;-0,01;0,0;0,0;0,0;-0,02;0,0;0,0;0,0;0,0;0,0;-0,01;0,0;-0,01;0,0;-0,03;0,0;-0,07;0,0;-0,02;0,0;-0,02;0,0;-0,01;0,0;-0,01;0,0;-0,01;0,0;-0,04;0,0;-0,02;0,0;-0,02;0,0
12.08.2026;09:45;10:00;2,72;2,1;0,0;0,0;0,0;0,0;-0,19;0,0;-0,01;0,0;-0,01;0,0;-0,04;0,0;-0,04;0,0;-0,01;0,0;-0,04;0,0;-0,02;0,0;-0,01;0,0;0,0;0,0;-0,01;0,0;-0,02;0,0;-0,02;0,0;-0,02;0,0;-0,01;0,0;-0,03;0,0;-0,03;0,0;0,0;0,0;-0,01;0,0;-0,01;0,0;-0,01;0,0;-0,02;0,0;-0,03;0,0;-0,01;0,0;-0,02;0,0
12.08.2026;10:00;10:15;2,89;2,36;0,0;0,0;-0,01;0,0;-0,18;0,0;0,0;0,0;-0,02;0,0;-0,03;0,0;-0,02;0,0;-0,02;0,0;-0,02;0,0;-0,02;0,0;-0,01;0,0;0,0;0,0;-0,01;0,0;-0,01;0,0;-0,01;0,0;0,0;0,0;0,0;0,0;-0,02;0,0;-0,04;0,0;-0,01;0,0;-0,02;0,0;-0,01;0,0;-0,01;0,0;-0,01;0,0;-0,01;0,0;-0,02;0,0;-0,02;0,0
12.08.2026;10:15;10:30;3,1;2,46;-0,01;0,0;-0,02;0,0;-0,24;0,0;0,0;0,0;-0,01;0,0;-0,02;0,0;-0,02;0,0;0,0;0,0;-0,04;0,0;-0,01;0,0;-0,01;0,0;0,0;0,0;-0,01;0,0;-0,01;0,0;0,0;0,0;0,0;0,0;-0,01;0,0;-0,04;0,0;-0,04;0,0;-0,02;0,0;-0,03;0,0;-0,02;0,0;-0,02;0,0;-0,01;0,0;-0,02;0,0;-0,01;0,0;-0,02;0,0
12.08.2026;10:30;10:45;3,36;2,71;0,0;0,0;-0,01;0,0;-0,24;0,0;0,0;0,0;-0,01;0,0;-0,03;0,0;-0,02;0,0;-0,02;0,0;-0,04;0,0;-0,01;0,0;-0,01;0,0;0,0;0,0;-0,01;0,0;-0,04;0,0;-0,02;0,0;-0,01;0,0;-0,02;0,0;-0,02;0,0;-0,05;0,0;0,0;0,0;-0,03;0,0;0,0;0,0;-0,01;0,0;-0,01;0,0;-0,01;0,0;-0,01;0,0;-0,02;0,0
12.08.2026;10:45;11:00;3,51;2,78;0,0;0,0;-0,01;0,0;-0,23;0,0;0,0;0,0;-0,02;0,0;-0,04;0,0;-0,02;0,0;-0,01;0,0;-0,02;0,0;-0,02;0,0;0,0;0,0;0,0;0,0;-0,01;0,0;-0,03;0,0;0,0;0,0;-0,01;0,0;-0,01;0,0;-0,04;0,0;-0,04;0,0;-0,02;0,0;-0,1;0,0;-0,02;0,0;-0,01;0,0;-0,01;0,0;-0,02;0,0;-0,02;0,0;-0,02;0,0
12.08.2026;11:00;11:15;3,57;3,03;0,0;0,0;0,0;0,0;-0,11;0,0;0,0;0,0;0,0;0,0;-0,03;0,0;-0,04;0,0;-0,02;0,0;-0,03;0,0;-0,01;0,0;-0,01;0,0;0,0;0,0;-0,01;0,0;-0,05;0,0;-0,01;0,0;-0,01;0,0;-0,01;0,0;-0,02;0,0;-0,03;0,0;-0,01;0,0;-0,07;0,0;-0,01;0,0;-0,01;0,0;-0,01;0,0;-0,01;0,0;-0,01;0,0;-0,02;0,0
12.08.2026;11:15;11:30;3,68;3,05;-0,01;0,0;-0,01;0,0;-0,1;0,0;0,0;0,0;0,0;0,0;-0,03;0,0;-0,19;0,0;-0,02;0,0;-0,03;0,0;-0,02;0,0;-0,01;0,0;0,0;0,0;-0,01;0,0;-0,03;0,0;-0,02;0,0;-0,01;0,0;0,0;0,0;-0,02;0,0;-0,02;0,0;0,0;0,0;-0,02;0,0;-0,01;0,0;-0,01;0,0;0,0;0,0;-0,02;0,0;-0,02;0,0;-0,02;0,0
12.08.2026;11:30;11:45;3,87;3,3;0,0;0,0;-0,01;0,0;-0,1;0,0;0,0;0,0;-0,01;0,0;-0,02;0,0;-0,14;0,0;0,0;0,0;-0,03;0,0;-0,01;0,0;-0,01;0,0;0,0;0,0;-0,01;0,0;-0,04;0,0;0,0;0,0;0,0;0,0;-0,02;0,0;-0,02;0,0;-0,02;0,0;-0,02;0,0;-0,03;0,0;-0,01;0,0;-0,01;0,0;0,0;0,0;-0,03;0,0;-0,01;0,0;-0,02;0,0
12.08.2026;11:45;12:00;3,93;3,14;0,0;0,0;-0,02;0,0;-0,11;0,0;0,0;0,0;-0,01;0,0;-0,04;0,0;-0,2;0,0;-0,02;0,0;-0,04;0,0;0,0;0,0;-0,01;0,0;0,0;0,0;-0,01;0,0;-0,15;0,0;-0,01;0,0;-0,01;0,0;-0,02;0,0;-0,01;0,0;-0,02;0,0;-0,01;0,0;-0,02;0,0;-0,01;0,0;-0,01;0,0;-0,01;0,0;-0,02;0,0;-0,02;0,0;-0,01;0,0
12.08.2026;12:00;12:15;2,75;2,23;0,0;0,0;0,0;0,0;-0,06;0,0;0,0;0,0;-0,01;0,0;-0,03;0,0;-0,07;0,0;-0,02;0,0;-0,04;0,0;0,0;0,0;0,0;0,0;0,0;0,0;0,0;0,0;-0,04;0,0;-0,02;0,0;0,0;0,0;-0,01;0,0;-0,01;0,0;-0,03;0,0;-0,01;0,0;-0,01;0,0;-0,01;0,0;-0,02;0,0;-0,01;0,0;-0,01;0,0;-0,09;0,0;-0,02;0,0
12.08.2026;12:15;12:30;0,59;0,17;0,0;0,0;-0,01;0,0;-0,19;-0,1;0,0;0,0;-0,01;0,0;-0,05;-0,03;-0,03;-0,01;-0,01;0,0;-0,04;-0,02;-0,01;0,0;-0,19;-0,17;0,0;0,0;-0,01;0,0;-0,04;-0,02;0,0;0,0;-0,01;0,0;-0,01;0,0;-0,02;0,0;-0,02;0,0;-0,01;0,0;-0,01;0,0;-0,01;0,0;-0,01;0,0;-0,02;0,0;-0,02;0,0;-0,54;-0,52;-0,02;0,0
12.08.2026;12:30;12:45;2,16;0,85;-0,01;0,0;-0,01;0,0;-0,1;0,0;0,0;0,0;-0,02;0,0;-0,05;0,0;-0,37;-0,15;-0,01;0,0;-0,03;0,0;-0,02;0,0;-0,42;-0,2;0,0;0,0;-0,02;0,0;-0,21;0,0;-0,01;0,0;-0,01;0,0;-0,01;0,0;-0,02;0,0;-0,02;0,0;-0,01;0,0;-0,02;0,0;-0,01;0,0;-0,01;0,0;-0,01;0,0;-0,02;0,0;-0,27;-0,05;-0,02;0,0
12.08.2026;12:45;13:00;4,17;2,75;0,0;0,0;-0,01;0,0;-0,09;0,0;0,0;0,0;-0,43;0,0;-0,03;0,0;-0,11;0,0;-0,01;0,0;-0,01;0,0;-0,01;0,0;-0,44;0,0;0,0;0,0;-0,01;0,0;-0,07;0,0;-0,01;0,0;-0,01;0,0;0,0;0,0;-0,03;0,0;-0,03;0,0;-0,01;0,0;-0,02;0,0;-0,01;0,0;-0,01;0,0;-0,01;0,0;-0,02;0,0;-0,02;0,0;-0,02;0,0
12.08.2026;13:00;13:15;4,16;3,23;0,0;0,0;-0,01;0,0;-0,07;0,0;-0,01;0,0;-0,34;0,0;-0,04;0,0;-0,06;0,0;-0,02;0,0;-0,01;0,0;-0,02;0,0;-0,07;0,0;0,0;0,0;0,0;0,0;-0,06;0,0;-0,01;0,0;-0,01;0,0;-0,02;0,0;-0,03;0,0;-0,02;0,0;-0,01;0,0;-0,03;0,0;-0,01;0,0;-0,01;0,0;-0,01;0,0;-0,03;0,0;-0,02;0,0;-0,01;0,0
12.08.2026;13:15;13:30;4,09;2,85;0,0;0,0;-0,01;0,0;-0,25;0,0;0,0;0,0;-0,04;0,0;-0,04;0,0;-0,03;0,0;-0,02;0,0;0,0;0,0;-0,01;0,0;-0,02;0,0;0,0;0,0;-0,01;0,0;-0,07;0,0;-0,02;0,0;0,0;0,0;-0,01;0,0;-0,02;0,0;-0,02;0,0;0,0;0,0;-0,01;0,0;-0,01;0,0;-0,01;0,0;-0,01;0,0;-0,09;0,0;-0,52;0,0;-0,02;0,0
12.08.2026;13:30;13:45;4,07;3,22;-0,01;0,0;-0,01;0,0;-0,12;0,0;0,0;0,0;-0,05;0,0;-0,04;0,0;-0,17;0,0;0,0;0,0;-0,01;0,0;-0,02;0,0;-0,02;0,0;0,0;0,0;-0,02;0,0;-0,06;0,0;-0,02;0,0;-0,01;0,0;-0,01;0,0;-0,03;0,0;-0,02;0,0;-0,01;0,0;-0,01;0,0;-0,01;0,0;-0,02;0,0;-0,02;0,0;-0,08;0,0;-0,06;0,0;-0,02;0,0
12.08.2026;13:45;14:00;4,03;3,22;0,0;0,0;0,0;0,0;-0,09;0,0;0,0;0,0;-0,04;0,0;-0,04;0,0;-0,2;0,0;-0,02;0,0;0,0;0,0;-0,01;0,0;-0,11;0,0;0,0;0,0;0,0;0,0;-0,04;0,0;-0,01;0,0;-0,01;0,0;-0,01;0,0;-0,02;0,0;-0,02;0,0;-0,01;0,0;-0,02;0,0;-0,01;0,0;-0,01;0,0;-0,01;0,0;-0,08;0,0;-0,03;0,0;-0,02;0,0
12.08.2026;14:00;14:15;3,99;3,42;0,0;0,0;-0,01;0,0;-0,09;0,0;0,0;0,0;-0,05;0,0;-0,03;0,0;-0,03;0,0;-0,02;0,0;-0,02;0,0;-0,01;0,0;-0,04;0,0;-0,01;0,0;0,0;0,0;-0,03;0,0;-0,02;0,0;-0,01;0,0;0,0;0,0;-0,03;0,0;-0,04;0,0;-0,01;0,0;-0,02;0,0;-0,01;0,0;-0,01;0,0;-0,01;0,0;-0,02;0,0;-0,03;0,0;-0,02;0,0
12.08.2026;14:15;14:30;3,88;3,0;0,0;0,0;-0,02;0,0;-0,08;0,0;0,0;0,0;-0,05;0,0;-0,04;0,0;-0,07;0,0;-0,01;0,0;-0,02;0,0;-0,01;0,0;-0,06;0,0;0,0;0,0;-0,02;0,0;-0,05;0,0;-0,01;0,0;-0,01;0,0;-0,02;0,0;-0,03;0,0;-0,03;0,0;-0,01;0,0;-0,03;0,0;-0,01;0,0;-0,01;0,0;-0,01;0,0;-0,02;0,0;-0,26;0,0;0,0;0,0
12.08.2026;14:30;14:45;3,75;3,14;0,0;0,0;-0,01;0,0;-0,09;0,0;0,0;0,0;-0,05;0,0;-0,04;0,0;-0,02;0,0;-0,02;0,0;-0,02;0,0;0,0;0,0;-0,08;0,0;0,0;0,0;-0,06;0,0;-0,05;0,0;-0,01;0,0;0,0;0,0;-0,01;0,0;-0,02;0,0;-0,03;0,0;-0,02;0,0;-0,01;0,0;-0,01;0,0;-0,01;0,0;-0,01;0,0;-0,02;0,0;-0,02;0,0;0,0;0,0
12.08.2026;14:45;15:00;3,63;2,98;-0,01;0,0;0,0;0,0;-0,09;0,0;0,0;0,0;-0,05;0,0;-0,04;0,0;-0,03;0,0;0,0;0,0;-0,01;0,0;0,0;0,0;-0,07;0,0;0,0;0,0;-0,01;0,0;-0,04;0,0;-0,01;0,0;0,0;0,0;-0,02;0,0;-0,03;0,0;-0,04;0,0;0,0;0,0;-0,01;0,0;-0,01;0,0;-0,01;0,0;-0,02;0,0;-0,09;0,0;-0,05;0,0;-0,01;0,0
12.08.2026;15:00;15:15;3,57;3,01;0,0;0,0;-0,01;0,0;-0,11;0,0;0,0;0,0;-0,03;0,0;-0,03;0,0;-0,02;0,0;-0,02;0,0;0,0;0,0;-0,02;0,0;-0,03;0,0;0,0;0,0;0,0;0,0;-0,05;0,0;-0,01;0,0;-0,01;0,0;0,0;0,0;-0,03;0,0;-0,03;0,0;-0,01;0,0;-0,01;0,0;-0,01;0,0;-0,01;0,0;-0,01;0,0;-0,09;0,0;-0,01;0,0;-0,01;0,0
12.08.2026;15:15;15:30;3,41;2,44;0,0;0,0;-0,01;0,0;-0,13;0,0;0,0;0,0;-0,03;0,0;-0,04;0,0;-0,03;0,0;-0,02;0,0;-0,01;0,0;-0,02;0,0;-0,01;0,0;0,0;0,0;-0,02;0,0;-0,04;0,0;-0,01;0,0;-0,01;0,0;-0,01;0,0;-0,02;0,0;-0,05;0,0;-0,04;0,0;-0,03;0,0;-0,01;0,0;-0,02;0,0;0,0;0,0;-0,37;0,0;-0,02;0,0;-0,02;0,0
12.08.2026;15:30;15:45;3,24;2,39;0,0;0,0;-0,01;0,0;-0,16;0,0;0,0;0,0;-0,02;0,0;-0,04;0,0;-0,02;0,0;-0,01;0,0;0,0;0,0;-0,01;0,0;-0,02;0,0;0,0;0,0;-0,01;0,0;-0,05;0,0;-0,01;0,0;-0,02;0,0;-0,01;0,0;-0,04;0,0;-0,04;0,0;-0,03;0,0;-0,02;0,0;-0,02;0,0;-0,01;0,0;0,0;0,0;-0,26;0,0;-0,02;0,0;-0,02;0,0
12.08.2026;15:45;16:00;3,08;2,21;-0,01;0,0;-0,02;0,0;-0,11;0,0;0,0;0,0;-0,03;0,0;-0,03;0,0;-0,02;0,0;-0,02;0,0;-0,01;0,0;-0,02;0,0;0,0;0,0;0,0;0,0;-0,01;0,0;-0,05;0,0;-0,01;0,0;0,0;0,0;-0,01;0,0;-0,02;0,0;-0,05;0,0;-0,06;0,0;-0,01;0,0;0,0;0,0;-0,01;0,0;-0,01;0,0;-0,32;0,0;-0,02;0,0;-0,02;0,0
12.08.2026;16:00;16:15;2,96;2,05;0,0;0,0;0,0;0,0;-0,09;0,0;0,0;0,0;-0,03;0,0;-0,04;0,0;-0,04;0,0;-0,01;0,0;-0,01;0,0;-0,01;0,0;-0,02;0,0;0,0;0,0;0,0;0,0;-0,06;0,0;-0,01;0,0;-0,01;0,0;-0,02;0,0;-0,03;0,0;-0,11;0,0;-0,11;0,0;-0,01;0,0;-0,02;0,0;-0,01;0,0;-0,01;0,0;-0,23;0,0;-0,01;0,0;-0,02;0,0
12.08.2026;16:15;16:30;2,16;1,54;0,0;0,0;0,0;0,0;-0,12;0,0;-0,01;0,0;-0,03;0,0;-0,03;0,0;-0,02;0,0;-0,01;0,0;-0,02;0,0;-0,01;0,0;0,0;0,0;0,0;0,0;-0,02;0,0;-0,04;0,0;0,0;0,0;0,0;0,0;-0,01;0,0;-0,02;0,0;-0,04;0,0;-0,13;0,0;-0,02;0,0;-0,01;0,0;-0,01;0,0;-0,01;0,0;-0,02;0,0;-0,02;0,0;-0,02;0,0
12.08.2026;16:30;16:45;0,35;0,09;0,0;0,0;-0,01;0,0;-0,18;-0,15;0,0;0,0;-0,03;-0,02;-0,04;-0,03;-0,02;-0,01;-0,02;-0,01;-0,01;0,0;-0,02;-0,01;-0,02;-0,01;0,0;0,0;-0,01;0,0;-0,03;-0,02;-0,02;-0,01;-0,01;0,0;-0,03;-0,02;-0,03;-0,02;-0,08;-0,07;-0,05;-0,04;-0,02;-0,01;-0,01;0,0;-0,01;0,0;-0,02;-0,01;-0,02;-0,01;-0,02;-0,01;-0,02;-0,01
12.08.2026;16:45;17:00;0,49;0,18;-0,01;0,0;-0,02;-0,01;-0,22;-0,14;0,0;0,0;-0,02;-0,01;-0,04;-0,03;-0,02;-0,01;-0,01;0,0;-0,02;-0,01;0,0;0,0;-0,01;0,0;0,0;0,0;-0,01;0,0;-0,05;-0,04;-0,01;0,0;-0,01;0,0;-0,02;-0,01;-0,03;-0,02;-0,23;-0,22;-0,01;0,0;-0,02;-0,01;-0,01;0,0;-0,01;0,0;-0,01;0,0;-0,02;-0,01;-0,01;0,0;-0,02;-0,01
12.08.2026;17:00;17:15;2,19;1,14;0,0;0,0;-0,01;0,0;-0,28;0,0;0,0;0,0;-0,03;0,0;-0,06;0,0;-0,02;0,0;-0,01;0,0;-0,01;0,0;0,0;0,0;-0,14;0,0;0,0;0,0;-0,22;0,0;-0,04;0,0;0,0;0,0;-0,01;0,0;-0,05;0,0;-0,02;0,0;-0,02;0,0;-0,01;0,0;-0,01;0,0;-0,01;0,0;-0,02;0,0;-0,01;0,0;-0,03;0,0;-0,02;0,0;-0,02;0,0
12.08.2026;17:15;17:30;1,89;0,93;0,0;0,0;-0,01;0,0;-0,24;0,0;0,0;0,0;-0,03;0,0;-0,11;0,0;-0,02;0,0;-0,02;0,0;0,0;0,0;-0,01;0,0;-0,37;-0,18;0,0;0,0;-0,04;0,0;-0,04;0,0;-0,02;0,0;-0,01;0,0;-0,06;0,0;-0,04;0,0;-0,03;0,0;-0,01;0,0;-0,01;0,0;-0,01;0,0;-0,02;0,0;-0,01;0,0;-0,01;0,0;-0,01;0,0;-0,01;0,0
12.08.2026;17:30;17:45;1,68;0,89;0,0;0,0;0,0;0,0;-0,16;0,0;0,0;0,0;-0,03;0,0;-0,04;0,0;-0,02;0,0;-0,01;0,0;-0,01;0,0;-0,01;0,0;-0,12;0,0;0,0;0,0;-0,02;0,0;-0,04;0,0;-0,02;0,0;0,0;0,0;-0,07;0,0;-0,02;0,0;-0,03;0,0;-0,01;0,0;-0,02;0,0;-0,01;0,0;-0,02;0,0;-0,01;0,0;-0,01;0,0;-0,09;0,0;-0,02;0,0
12.08.2026;17:45;18:00;1,4;0,69;0,0;0,0;-0,01;0,0;-0,08;0,0;0,0;0,0;-0,03;0,0;-0,04;0,0;-0,03;0,0;-0,02;0,0;0,0;0,0;-0,02;0,0;-0,05;0,0;0,0;0,0;-0,03;0,0;-0,12;0,0;-0,01;0,0;0,0;0,0;-0,08;0,0;-0,03;0,0;-0,02;0,0;-0,01;0,0;-0,02;0,0;-0,01;0,0;0,0;0,0;-0,02;0,0;-0,02;0,0;-0,05;0,0;-0,01;0,0
12.08.2026;18:00;18:15;1,19;0,4;-0,01;0,0;-0,01;0,0;-0,08;0,0;0,0;0,0;-0,02;0,0;-0,42;-0,33;-0,02;0,0;-0,01;0,0;-0,01;0,0;-0,02;0,0;-0,1;-0,01;0,0;0,0;-0,04;0,0;-0,17;-0,08;-0,02;0,0;-0,01;0,0;-0,09;0,0;-0,03;0,0;-0,04;0,0;-0,01;0,0;-0,02;0,0;-0,01;0,0;-0,01;0,0;-0,01;0,0;-0,02;0,0;-0,02;0,0;-0,01;0,0
12.08.2026;18:15;18:30;0,98;0,25;0,0;0,0;-0,02;0,0;-0,1;0,0;0,0;0,0;-0,03;0,0;-0,1;-0,05;-0,08;-0,03;-0,01;0,0;-0,01;0,0;-0,01;0,0;-0,14;-0,09;0,0;0,0;-0,06;-0,01;-0,16;-0,11;-0,01;0,0;-0,02;0,0;-0,55;-0,5;-0,02;0,0;-0,09;-0,04;-0,01;0,0;-0,01;0,0;-0,01;0,0;-0,03;0,0;-0,01;0,0;-0,02;0,0;-0,04;0,0;-0,02;0,0
12.08.2026;18:30;18:45;0,82;0,25;0,0;0,0;0,0;0,0;-0,12;0,0;0,0;0,0;-0,03;0,0;-0,04;-0,01;-0,02;0,0;-0,02;0,0;-0,02;0,0;-0,01;0,0;-0,37;-0,34;0,0;0,0;-0,19;-0,16;-0,04;-0,01;-0,01;0,0;-0,01;0,0;-0,31;-0,28;-0,03;0,0;-0,02;0,0;-0,01;0,0;-0,01;0,0;-0,01;0,0;-0,12;-0,09;-0,01;0,0;-0,03;0,0;-0,04;-0,01;0,0;0,0
12.08.2026;18:45;19:00;0,66;0,18;0,0;0,0;-0,01;0,0;-0,24;-0,14;0,0;0,0;-0,03;-0,01;-0,04;-0,02;-0,02;0,0;-0,01;0,0;-0,02;0,0;-0,02;0,0;-0,25;-0,23;0,0;0,0;-0,05;-0,03;-0,04;-0,02;-0,01;0,0;0,0;0,0;-0,35;-0,33;-0,03;-0,01;-0,03;-0,01;-0,01;0,0;-0,02;0,0;-0,02;0,0;-0,08;-0,06;-0,02;0,0;-0,02;0,0;-0,04;-0,02;0,0;0,0
12.08.2026;19:00;19:15;0,47;0,17;-0,01;0,0;0,0;0,0;-0,27;-0,19;0,0;0,0;-0,03;-0,02;-0,04;-0,03;-0,01;0,0;-0,03;-0,02;-0,02;-0,01;-0,01;0,0;-0,2;-0,19;-0,01;0,0;-0,03;-0,02;-0,09;-0,08;-0,08;-0,07;0,0;0,0;-0,32;-0,31;-0,03;-0,02;-0,03;-0,02;-0,01;0,0;-0,02;-0,01;-0,02;-0,01;-0,1;-0,09;-0,01;0,0;-0,02;-0,01;-0,16;-0,15;0,0;0,0
12.08.2026;19:15;19:30;0,28;0,2;0,0;0,0;-0,02;-0,02;-0,11;-0,03;0,0;0,0;-0,03;-0,03;-0,03;-0,03;-0,01;-0,01;-0,01;-0,01;-0,01;-0,01;-0,01;-0,01;-0,04;-0,04;0,0;0,0;-0,03;-0,03;-0,07;-0,07;-0,31;-0,31;-0,01;-0,01;-0,22;-0,22;-0,03;-0,03;-0,03;-0,03;-0,02;-0,02;-0,02;-0,02;-0,07;-0,07;-0,04;-0,04;-0,02;-0,02;-0,01;-0,01;-0,25;-0,25;-0,07;-0,07
12.08.2026;19:30;19:45;0,12;0,11;0,0;0,0;-0,02;-0,02;-0,12;-0,11;0,0;0,0;-0,02;-0,02;-0,02;-0,02;-0,01;-0,01;-0,01;-0,01;-0,01;-0,01;0,0;0,0;-0,02;-0,02;0,0;0,0;-0,02;-0,02;-0,03;-0,03;-0,06;-0,06;-0,01;-0,01;-0,26;-0,26;-0,03;-0,03;-0,02;-0,02;0,0;0,0;-0,01;-0,01;-0,05;-0,05;-0,04;-0,04;-0,01;-0,01;-0,02;-0,02;-0,17;-0,17;-0,04;-0,04
12.08.2026;19:45;20:00;0,02;0,02;0,0;0,0;-0,04;-0,04;-0,11;-0,11;-0,01;-0,01;-0,02;-0,02;-0,13;-0,13;-0,01;-0,01;-0,02;-0,02;-0,01;-0,01;0,0;0,0;-0,02;-0,02;0,0;0,0;-0,04;-0,04;-0,02;-0,02;-0,06;-0,06;-0,01;-0,01;-0,29;-0,29;-0,03;-0,03;-0,03;-0,03;-0,02;-0,02;-0,01;-0,01;-0,05;-0,05;-0,04;-0,04;-0,02;-0,02;-0,02;-0,02;-0,04;-0,04;-0,03;-0,03
12.08.2026;20:00;20:15;0,0;0,0;0,0;0,0;-0,03;-0,03;-0,1;-0,1;0,0;0,0;-0,02;-0,02;-0,03;-0,03;-0,01;-0,01;-0,01;-0,01;0,0;0,0;-0,02;-0,02;-0,03;-0,03;0,0;0,0;-0,03;-0,03;-0,03;-0,03;-0,06;-0,06;-0,01;-0,01;-0,24;-0,24;-0,03;-0,03;-0,02;-0,02;-0,01;-0,01;-0,02;-0,02;-0,04;-0,04;-0,02;-0,02;-0,01;-0,01;-0,02;-0,02;-0,03;-0,03;-0,02;-0,02
12.08.2026;20:15;20:30;0,0;0,0;-0,01;-0,01;-0,05;-0,05;-0,14;-0,14;0,0;0,0;-0,03;-0,03;-0,05;-0,05;-0,01;-0,01;-0,03;-0,03;-0,01;-0,01;-0,01;-0,01;-0,03;-0,03;0,0;0,0;-0,03;-0,03;-0,06;-0,06;-0,04;-0,04;0,0;0,0;-0,24;-0,24;-0,04;-0,04;-0,03;-0,03;-0,02;-0,02;-0,03;-0,03;-0,05;-0,05;-0,03;-0,03;-0,02;-0,02;-0,03;-0,03;-0,04;-0,04;-0,01;-0,01
12.08.2026;20:30;20:45;0,0;0,0;0,0;0,0;-0,04;-0,04;-0,19;-0,19;0,0;0,0;-0,03;-0,03;-0,06;-0,06;-0,05;-0,05;-0,05;-0,05;-0,02;-0,02;-0,02;-0,02;-0,04;-0,04;0,0;0,0;-0,01;-0,01;-0,04;-0,04;-0,05;-0,05;-0,01;-0,01;-0,15;-0,15;-0,02;-0,02;-0,03;-0,03;-0,03;-0,03;-0,01;-0,01;-0,05;-0,05;-0,03;-0,03;-0,02;-0,02;-0,02;-0,02;-0,03;-0,03;-0,01;-0,01
12.08.2026;20:45;21:00;0,0;0,0;0,0;0,0;-0,04;-0,04;-0,15;-0,15;0,0;0,0;-0,03;-0,03;-0,05;-0,05;-0,06;-0,06;-0,06;-0,06;-0,02;-0,02;-0,01;-0,01;-0,07;-0,07;0,0;0,0;-0,02;-0,02;-0,05;-0,05;-0,06;-0,06;-0,01;-0,01;-0,08;-0,08;-0,03;-0,03;-0,04;-0,04;-0,02;-0,02;-0,01;-0,01;-0,03;-0,03;-0,04;-0,04;-0,01;-0,01;-0,02;-0,02;-0,03;-0,03;-0,04;-0,04
12.08.2026;21:00;21:15;0,0;0,0;0,0;0,0;-0,04;-0,04;-0,18;-0,18;0,0;0,0;-0,02;-0,02;-0,07;-0,07;-0,04;-0,04;-0,08;-0,08;-0,02;-0,02;-0,02;-0,02;-0,03;-0,03;0,0;0,0;-0,02;-0,02;-0,05;-0,05;-0,04;-0,04;-0,01;-0,01;-0,09;-0,09;-0,03;-0,03;-0,05;-0,05;-0,02;-0,02;-0,01;-0,01;-0,01;-0,01;-0,03;-0,03;-0,02;-0,02;-0,09;-0,09;-0,04;-0,04;-0,02;-0,02
12.08.2026;21:15;21:30;0,0;0,0;-0,01;-0,01;-0,03;-0,03;-0,17;-0,17;0,0;0,0;-0,02;-0,02;-0,06;-0,06;-0,04;-0,04;-0,05;-0,05;-0,02;-0,02;-0,01;-0,01;-0,02;-0,02;0,0;0,0;-0,03;-0,03;-0,13;-0,13;-0,03;-0,03;-0,01;-0,01;-0,09;-0,09;-0,02;-0,02;-0,08;-0,08;-0,01;-0,01;-0,02;-0,02;-0,01;-0,01;-0,03;-0,03;-0,01;-0,01;-0,02;-0,02;-0,03;-0,03;-0,01;-0,01
12.08.2026;21:30;21:45;0,0;0,0;0,0;0,0;-0,03;-0,03;-0,16;-0,16;0,0;0,0;-0,02;-0,02;-0,06;-0,06;-0,03;-0,03;-0,1;-0,1;0,0;0,0;-0,01;-0,01;-0,01;-0,01;0,0;0,0;-0,01;-0,01;-0,04;-0,04;-0,03;-0,03;0,0;0,0;-0,1;-0,1;-0,03;-0,03;-0,04;-0,04;-0,01;-0,01;-0,03;-0,03;-0,01;-0,01;-0,03;-0,03;-0,02;-0,02;-0,01;-0,01;-0,05;-0,05;-0,02;-0,02
12.08.2026;21:45;22:00;0,0;0,0;0,0;0,0;-0,03;-0,03;-0,18;-0,18;0,0;0,0;-0,02;-0,02;-0,07;-0,07;-0,04;-0,04;-0,11;-0,11;-0,01;-0,01;-0,01;-0,01;0,0;0,0;0,0;0,0;-0,03;-0,03;-0,05;-0,05;-0,03;-0,03;-0,01;-0,01;-0,09;-0,09;-0,01;-0,01;-0,04;-0,04;0,0;0,0;-0,01;-0,01;-0,02;-0,02;-0,08;-0,08;-0,01;-0,01;-0,02;-0,02;-0,03;-0,03;-0,03;-0,03
12.08.2026;22:00;22:15;0,0;0,0;0,0;0,0;-0,04;-0,04;-0,14;-0,14;0,0;0,0;-0,02;-0,02;-0,04;-0,04;-0,02;-0,02;-0,11;-0,11;-0,01;-0,01;0,0;0,0;-0,02;-0,02;0,0;0,0;-0,02;-0,02;-0,05;-0,05;-0,03;-0,03;0,0;0,0;-0,06;-0,06;0,0;0,0;-0,04;-0,04;-0,01;-0,01;-0,01;-0,01;0,0;0,0;-0,14;-0,14;-0,01;-0,01;-0,01;-0,01;-0,02;-0,02;-0,03;-0,03
12.08.2026;22:15;22:30;0,0;0,0;0,0;0,0;-0,04;-0,04;-0,15;-0,15;0,0;0,0;-0,03;-0,03;-0,04;-0,04;-0,03;-0,03;-0,11;-0,11;-0,01;-0,01;0,0;0,0;0,0;0,0;0,0;0,0;-0,02;-0,02;-0,05;-0,05;-0,02;-0,02;-0,01;-0,01;-0,36;-0,36;-0,02;-0,02;-0,04;-0,04;-0,02;-0,02;-0,01;-0,01;-0,02;-0,02;-0,07;-0,07;-0,01;-0,01;-0,01;-0,01;-0,02;-0,02;-0,02;-0,02
12.08.2026;22:30;22:45;0,0;0,0;-0,01;-0,01;-0,03;-0,03;-0,17;-0,17;0,0;0,0;-0,11;-0,11;-0,04;-0,04;-0,03;-0,03;-0,13;-0,13;-0,01;-0,01;-0,02;-0,02;-0,01;-0,01;0,0;0,0;0,0;0,0;-0,06;-0,06;-0,01;-0,01;-0,01;-0,01;-0,24;-0,24;-0,01;-0,01;-0,04;-0,04;0,0;0,0;-0,02;-0,02;-0,01;-0,01;-0,03;-0,03;-0,01;-0,01;-0,01;-0,01;-0,02;-0,02;-0,03;-0,03
12.08.2026;22:45;23:00;0,0;0,0;0,0;0,0;-0,01;-0,01;-0,16;-0,16;0,0;0,0;-0,03;-0,03;-0,04;-0,04;-0,03;-0,03;-0,12;-0,12;-0,03;-0,03;-0,01;-0,01;-0,01;-0,01;0,0;0,0;-0,01;-0,01;-0,05;-0,05;-0,01;-0,01;-0,01;-0,01;-0,24;-0,24;-0,01;-0,01;-0,04;-0,04;-0,02;-0,02;-0,03;-0,03;-0,01;-0,01;-0,04;-0,04;-0,02;-0,02;-0,01;-0,01;-0,01;-0,01;-0,02;-0,02
12.08.2026;23:00;23:15;0,0;0,0;0,0;0,0;-0,01;-0,01;-0,17;-0,17;-0,01;-0,01;-0,03;-0,03;-0,03;-0,03;-0,03;-0,03;-0,15;-0,15;-0,02;-0,02;-0,02;-0,02;-0,01;-0,01;0,0;0,0;-0,01;-0,01;-0,14;-0,14;0,0;0,0;-0,01;-0,01;-0,02;-0,02;-0,01;-0,01;-0,03;-0,03;-0,01;-0,01;-0,01;-0,01;-0,01;-0,01;-0,04;-0,04;-0,02;-0,02;-0,01;-0,01;-0,02;-0,02;-0,02;-0,02
12.08.2026;23:15;23:30;0,0;0,0;0,0;0,0;-0,01;-0,01;-0,17;-0,17;0,0;0,0;-0,03;-0,03;-0,04;-0,04;-0,04;-0,04;-0,13;-0,13;-0,02;-0,02;-0,01;-0,01;-0,01;-0,01;0,0;0,0;-0,02;-0,02;-0,05;-0,05;-0,01;-0,01;0,0;0,0;-0,02;-0,02;-0,01;-0,01;-0,03;-0,03;0,0;0,0;-0,01;-0,01;-0,01;-0,01;-0,02;-0,02;-0,01;-0,01;-0,01;-0,01;-0,01;-0,01;-0,01;-0,01
12.08.2026;23:30;23:45;0,0;0,0;-0,01;-0,01;-0,01;-0,01;-0,22;-0,22;0,0;0,0;-0,03;-0,03;-0,04;-0,04;-0,02;-0,02;-0,07;-0,07;-0,02;-0,02;-0,02;-0,02;-0,01;-0,01;0,0;0,0;0,0;0,0;-0,05;-0,05;-0,01;-0,01;0,0;0,0;-0,01;-0,01;-0,02;-0,02;-0,03;-0,03;-0,02;-0,02;-0,01;-0,01;-0,01;-0,01;0,0;0,0;-0,02;-0,02;-0,02;-0,02;-0,01;-0,01;-0,02;-0,02
12.08.2026;23:45;00:00;0,0;0,0;0,0;0,0;-0,01;-0,01;-0,15;-0,15;0,0;0,0;-0,03;-0,03;-0,03;-0,03;-0,02;-0,02;-0,06;-0,06;-0,01;-0,01;-0,01;-0,01;-0,01;-0,01;0,0;0,0;-0,01;-0,01;-0,04;-0,04;-0,02;-0,02;-0,02;-0,02;-0,02;-0,02;-0,01;-0,01;-0,02;-0,02;-0,01;-0,01;-0,02;-0,02;-0,01;-0,01;-0,01;-0,01;-0,02;-0,02;-0,01;-0,01;-0,02;-0,02;-0,02;-0,02
13.08.2026;00:00;00:15;0,0;0,0;0,0;0,0;-0,01;-0,01;-0,17;-0,17;0,0;0,0;-0,02;-0,02;-0,04;-0,04;-0,02;-0,02;-0,04;-0,04;0,0;0,0;-0,01;-0,01;-0,01;-0,01;-0,01;-0,01;-0,02;-0,02;-0,09;-0,09;-0,01;-0,01;-0,01;-0,01;-0,02;-0,02;0,0;0,0;-0,03;-0,03;-0,01;-0,01;-0,02;-0,02;-0,01;-0,01;-0,01;-0,01;-0,02;-0,02;-0,02;-0,02;-0,01;-0,01;-0,02;-0,02
13.08.2026;00:15;00:30;0,0;0,0;0,0;0,0;-0,01;-0,01;-0,21;-0,21;0,0;0,0;-0,02;-0,02;-0,03;-0,03;-0,01;-0,01;-0,04;-0,04;-0,01;-0,01;-0,02;-0,02;0,0;0,0;0,0;0,0;-0,01;-0,01;-0,02;-0,02;-0,01;-0,01;-0,01;-0,01;-0,01;-0,01;-0,02;-0,02;-0,02;-0,02;-0,01;-0,01;-0,02;-0,02;-0,01;-0,01;-0,02;-0,02;-0,01;-0,01;0,0;0,0;-0,01;-0,01;-0,02;-0,02
13.08.2026;00:30;00:45;0,0;0,0;0,0;0,0;-0,01;-0,01;-0,18;-0,18;0,0;0,0;-0,01;-0,01;-0,04;-0,04;-0,01;-0,01;-0,04;-0,04;0,0;0,0;0,0;0,0;-0,01;-0,01;0,0;0,0;0,0;0,0;-0,01;-0,01;-0,03;-0,03;0,0;0,0;-0,01;-0,01;-0,01;-0,01;-0,03;-0,03;-0,01;-0,01;-0,01;-0,01;-0,01;-0,01;-0,01;-0,01;-0,02;-0,02;-0,01;-0,01;-0,01;-0,01;-0,01;-0,01
13.08.2026;00:45;01:00;0,0;0,0;-0,01;-0,01;-0,02;-0,02;-0,19;-0,19;0,0;0,0;-0,01;-0,01;-0,03;-0,03;-0,01;-0,01;-0,02;-0,02;-0,01;-0,01;0,0;0,0;-0,01;-0,01;0,0;0,0;-0,01;-0,01;-0,01;-0,01;-0,02;-0,02;0,0;0,0;-0,02;-0,02;-0,01;-0,01;-0,03;-0,03;-0,01;-0,01;-0,01;-0,01;-0,01;-0,01;-0,01;-0,01;-0,01;-0,01;-0,02;-0,02;-0,02;-0,02;0,0;0,0
13.08.2026;01:00;01:15;0,0;0,0;0,0;0,0;-0,01;-0,01;-0,17;-0,17;0,0;0,0;-0,01;-0,01;-0,04;-0,04;-0,01;-0,01;-0,02;-0,02;-0,02;-0,02;-0,01;-0,01;-0,01;-0,01;0,0;0,0;-0,02;-0,02;-0,01;-0,01;-0,01;-0,01;-0,01;-0,01;-0,01;-0,01;-0,01;-0,01;-0,02;-0,02;-0,01;-0,01;-0,02;-0,02;-0,01;-0,01;-0,01;-0,01;-0,02;-0,02;0,0;0,0;-0,01;-0,01;0,0;0,0
13.08.2026;01:15;01:30;0,0;0,0;0,0;0,0;0,0;0,0;-0,2;-0,2;0,0;0,0;-0,01;-0,01;-0,03;-0,03;-0,01;-0,01;-0,03;-0,03;-0,01;-0,01;-0,02;-0,02;-0,01;-0,01;0,0;0,0;0,0;0,0;-0,01;-0,01;-0,02;-0,02;-0,01;-0,01;-0,02;-0,02;-0,01;-0,01;-0,03;-0,03;-0,01;-0,01;-0,02;-0,02;-0,01;-0,01;-0,01;-0,01;-0,01;-0,01;-0,02;-0,02;-0,01;-0,01;0,0;0,0
13.08.2026;01:30;01:45;0,0;0,0;0,0;0,0;-0,01;-0,01;-0,21;-0,21;0,0;0,0;-0,03;-0,03;-0,03;-0,03;0,0;0,0;-0,01;-0,01;-0,02;-0,02;-0,01;-0,01;0,0;0,0;0,0;0,0;-0,01;-0,01;-0,01;-0,01;-0,01;-0,01;-0,01;-0,01;-0,01;-0,01;-0,02;-0,02;-0,02;-0,02;-0,01;-0,01;-0,02;-0,02;-0,01;-0,01;-0,02;-0,02;-0,02;-0,02;-0,02;-0,02;-0,01;-0,01;-0,02;-0,02
13.08.2026;01:45;02:00;0,0;0,0;-0,01;-0,01;-0,01;-0,01;-0,18;-0,18;0,0;0,0;-0,03;-0,03;-0,02;-0,02;-0,02;-0,02;-0,03;-0,03;-0,02;-0,02;-0,02;-0,02;-0,02;-0,02;0,0;0,0;-0,01;-0,01;-0,02;-0,02;-0,01;-0,01;-0,01;-0,01;-0,01;-0,01;0,0;0,0;-0,02;-0,02;-0,01;-0,01;-0,01;-0,01;-0,01;-0,01;0,0;0,0;-0,02;-0,02;-0,01;-0,01;-0,02;-0,02;-0,01;-0,01
13.08.2026;02:00;02:15;0,0;0,0;0,0;0,0;-0,01;-0,01;-0,18;-0,18;0,0;0,0;-0,03;-0,03;-0,03;-0,03;0,0;0,0;-0,02;-0,02;0,0;0,0;-0,01;-0,01;0,0;0,0;0,0;0,0;-0,02;-0,02;-0,01;-0,01;-0,01;-0,01;0,0;0,0;-0,01;-0,01;-0,01;-0,01;-0,02;-0,02;-0,01;-0,01;-0,01;-0,01;0,0;0,0;-0,01;-0,01;-0,01;-0,01;-0,01;-0,01;-0,02;-0,02;-0,02;-0,02
13.08.2026;02:15;02:30;0,0;0,0;0,0;0,0;-0,02;-0,02;-0,2;-0,2;-0,01;-0,01;-0,02;-0,02;-0,04;-0,04;-0,01;-0,01;-0,01;-0,01;-0,01;-0,01;-0,01;-0,01;-0,01;-0,01;0,0;0,0;0,0;0,0;-0,01;-0,01;-0,01;-0,01;-0,01;-0,01;-0,01;-0,01;-0,02;-0,02;-0,03;-0,03;-0,01;-0,01;-0,02;-0,02;-0,02;-0,02;-0,02;-0,02;-0,02;-0,02;0,0;0,0;-0,03;-0,03;-0,01;-0,01
13.08.2026;02:30;02:45;0,0;0,0;0,0;0,0;0,0;0,0;-0,21;-0,21;0,0;0,0;-0,03;-0,03;-0,03;-0,03;-0,01;-0,01;-0,02;-0,02;0,0;0,0;-0,02;-0,02;-0,01;-0,01;0,0;0,0;-0,01;-0,01;0,0;0,0;-0,01;-0,01;-0,01;-0,01;-0,02;-0,02;0,0;0,0;-0,02;-0,02;-0,01;-0,01;-0,02;-0,02;0,0;0,0;-0,01;-0,01;-0,01;-0,01;-0,02;-0,02;-0,01;-0,01;-0,01;-0,01
13.08.2026;02:45;03:00;0,0;0,0;-0,01;-0,01;0,0;0,0;-0,2;-0,2;0,0;0,0;-0,03;-0,03;-0,02;-0,02;-0,01;-0,01;-0,01;-0,01;-0,01;-0,01;-0,01;-0,01;0,0;0,0;0,0;0,0;-0,02;-0,02;-0,01;-0,01;-0,01;-0,01;-0,01;-0,01;-0,01;-0,01;-0,02;-0,02;-0,02;-0,02;-0,01;-0,01;-0,02;-0,02;-0,01;-0,01;-0,01;-0,01;-0,02;-0,02;0,0;0,0;-0,02;-0,02;0,0;0,0
13.08.2026;03:00;03:15;0,0;0,0;0,0;0,0;-0,02;-0,02;-0,22;-0,22;0,0;0,0;-0,02;-0,02;-0,03;-0,03;-0,01;-0,01;-0,02;-0,02;0,0;0,0;0,0;0,0;-0,02;-0,02;0,0;0,0;0,0;0,0;-0,02;-0,02;-0,01;-0,01;0,0;0,0;-0,02;-0,02;-0,01;-0,01;-0,02;-0,02;-0,01;-0,01;-0,01;-0,01;-0,02;-0,02;-0,01;-0,01;-0,01;-0,01;-0,02;-0,02;-0,02;-0,02;0,0;0,0
13.08.2026;03:15;03:30;0,0;0,0;0,0;0,0;-0,01;-0,01;-0,12;-0,12;0,0;0,0;-0,02;-0,02;-0,04;-0,04;-0,01;-0,01;-0,01;-0,01;-0,01;-0,01;0,0;0,0;0,0;0,0;0,0;0,0;-0,01;-0,01;-0,01;-0,01;-0,01;-0,01;-0,01;-0,01;-0,01;-0,01;0,0;0,0;-0,02;-0,02;-0,01;-0,01;0,0;0,0;0,0;0,0;-0,02;-0,02;-0,02;-0,02;-0,01;-0,01;-0,01;-0,01;-0,01;-0,01
13.08.2026;03:30;03:45;0,0;0,0;0,0;0,0;-0,01;-0,01;-0,06;-0,06;0,0;0,0;-0,02;-0,02;-0,03;-0,03;-0,01;-0,01;-0,01;-0,01;-0,02;-0,02;-0,01;-0,01;-0,01;-0,01;0,0;0,0;-0,01;-0,01;-0,01;-0,01;-0,01;-0,01;0,0;0,0;-0,03;-0,03;-0,02;-0,02;-0,02;-0,02;-0,01;-0,01;-0,03;-0,03;-0,01;-0,01;0,0;0,0;-0,01;-0,01;-0,02;-0,02;-0,02;-0,02;-0,01;-0,01
13.08.2026;03:45;04:00;0,0;0,0;0,0;0,0;-0,01;-0,01;-0,06;-0,06;0,0;0,0;-0,03;-0,03;-0,02;-0,02;-0,01;-0,01;-0,02;-0,02;-0,02;-0,02;-0,02;-0,02;-0,01;-0,01;0,0;0,0;-0,01;-0,01;-0,01;-0,01;-0,01;-0,01;-0,01;-0,01;-0,04;-0,04;-0,01;-0,01;-0,03;-0,03;-0,01;-0,01;-0,02;-0,02;-0,01;-0,01;-0,01;-0,01;-0,02;-0,02;-0,01;-0,01;-0,01;-0,01;-0,02;-0,02
13.08.2026;04:00;04:15;0,0;0,0;-0,01;-0,01;0,0;0,0;-0,06;-0,06;0,0;0,0;-0,02;-0,02;-0,03;-0,03;0,0;0,0;-0,01;-0,01;-0,01;-0,01;-0,01;-0,01;-0,01;-0,01;0,0;0,0;-0,01;-0,01;-0,01;-0,01;-0,01;-0,01;-0,01;-0,01;-0,03;-0,03;-0,01;-0,01;-0,02;-0,02;-0,01;-0,01;-0,02;-0,02;-0,01;-0,01;-0,02;-0,02;-0,01;-0,01;0,0;0,0;-0,03;-0,03;-0,01;-0,01
13.08.2026;04:15;04:30;0,0;0,0;0,0;0,0;-0,01;-0,01;-0,09;-0,09;0,0;0,0;-0,03;-0,03;-0,03;-0,03;-0,02;-0,02;-0,02;-0,02;-0,01;-0,01;-0,02;-0,02;-0,01;-0,01;0,0;0,0;0,0;0,0;-0,01;-0,01;-0,01;-0,01;-0,01;-0,01;-0,02;-0,02;-0,01;-0,01;-0,02;-0,02;-0,01;-0,01;0,0;0,0;-0,01;-0,01;-0,01;-0,01;-0,02;-0,02;-0,01;-0,01;-0,02;-0,02;-0,01;-0,01
13.08.2026;04:30;04:45;0,0;0,0;0,0;0,0;-0,02;-0,02;-0,09;-0,09;0,0;0,0;-0,03;-0,03;-0,04;-0,04;0,0;0,0;-0,01;-0,01;-0,01;-0,01;-0,01;-0,01;0,0;0,0;0,0;0,0;-0,02;-0,02;-0,01;-0,01;-0,01;-0,01;0,0;0,0;-0,02;-0,02;0,0;0,0;-0,02;-0,02;-0,01;-0,01;-0,01;-0,01;-0,01;-0,01;-0,01;-0,01;0,0;0,0;-0,02;-0,02;-0,07;-0,07;-0,01;-0,01
13.08.2026;04:45;05:00;0,0;0,0;0,0;0,0;-0,01;-0,01;-0,09;-0,09;0,0;0,0;-0,02;-0,02;-0,04;-0,04;-0,01;-0,01;-0,01;-0,01;0,0;0,0;-0,02;-0,02;-0,01;-0,01;0,0;0,0;-0,01;-0,01;-0,01;-0,01;-0,01;-0,01;-0,01;-0,01;-0,01;-0,01;-0,02;-0,02;-0,02;-0,02;-0,01;-0,01;-0,02;-0,02;-0,01;-0,01;-0,01;-0,01;0,0;0,0;0,0;0,0;-0,01;-0,01;0,0;0,0
13.08.2026;05:00;05:15;0,0;0,0;-0,01;-0,01;-0,01;-0,01;-0,06;-0,06;0,0;0,0;-0,02;-0,02;-0,06;-0,06;-0,01;-0,01;-0,02;-0,02;-0,01;-0,01;-0,01;-0,01;-0,01;-0,01;-0,01;-0,01;0,0;0,0;-0,02;-0,02;-0,01;-0,01;0,0;0,0;-0,02;-0,02;-0,01;-0,01;-0,02;-0,02;-0,01;-0,01;-0,03;-0,03;-0,01;-0,01;-0,01;-0,01;0,0;0,0;-0,02;-0,02;-0,01;-0,01;-0,01;-0,01
13.08.2026;05:15;05:30;0,0;0,0;0,0;0,0;0,0;0,0;-0,07;-0,07;0,0;0,0;-0,01;-0,01;-0,02;-0,02;-0,01;-0,01;-0,01;-0,01;0,0;0,0;-0,01;-0,01;-0,01;-0,01;0,0;0,0;-0,01;-0,01;-0,13;-0,13;-0,01;-0,01;-0,02;-0,02;-0,02;-0,02;0,0;0,0;-0,02;-0,02;-0,01;-0,01;-0,01;-0,01;-0,01;-0,01;-0,02;-0,02;-0,02;-0,02;-0,01;-0,01;-0,01;-0,01;0,0;0,0
13.08.2026;05:30;05:45;0,0;0,0;0,0;0,0;-0,01;-0,01;-0,06;-0,06;0,0;0,0;-0,01;-0,01;-0,04;-0,04;-0,01;-0,01;-0,01;-0,01;0,0;0,0;0,0;0,0;0,0;0,0;0,0;0,0;-0,02;-0,02;-0,01;-0,01;-0,01;-0,01;-0,01;-0,01;-0,01;-0,01;-0,03;-0,03;-0,02;-0,02;-0,01;-0,01;-0,01;-0,01;-0,01;-0,01;-0,01;-0,01;-0,03;-0,03;-0,02;-0,02;-0,02;-0,02;-0,02;-0,02
13.08.2026;05:45;06:00;0,0;0,0;0,0;0,0;-0,01;-0,01;-0,09;-0,09;-0,01;-0,01;-0,01;-0,01;-0,04;-0,04;-0,01;-0,01;-0,02;-0,02;-0,01;-0,01;0,0;0,0;-0,02;-0,02;0,0;0,0;-0,01;-0,01;-0,01;-0,01;0,0;0,0;0,0;0,0;-0,01;-0,01;0,0;0,0;-0,02;-0,02;-0,01;-0,01;-0,01;-0,01;-0,01;-0,01;-0,03;-0,03;-0,01;-0,01;0,0;0,0;-0,01;-0,01;-0,06;-0,06
13.08.2026;06:00;06:15;0,02;0,02;0,0;0,0;-0,02;-0,02;-0,12;-0,12;0,0;0,0;-0,02;-0,02;-0,04;-0,04;0,0;0,0;-0,01;-0,01;-0,02;-0,02;-0,01;-0,01;0,0;0,0;0,0;0,0;-0,02;-0,02;-0,01;-0,01;-0,02;-0,02;0,0;0,0;-0,01;-0,01;-0,01;-0,01;-0,02;-0,02;-0,01;-0,01;-0,02;-0,02;-0,01;-0,01;-0,02;-0,02;-0,01;-0,01;-0,01;-0,01;-0,01;-0,01;-0,02;-0,02
13.08.2026;06:15;06:30;0,04;0,04;-0,01;-0,01;-0,04;-0,04;-0,19;-0,19;0,0;0,0;-0,01;-0,01;-0,04;-0,04;-0,01;-0,01;-0,02;-0,02;-0,02;-0,02;-0,02;-0,02;-0,02;-0,02;0,0;0,0;-0,02;-0,02;-0,01;-0,01;-0,01;-0,01;-0,01;-0,01;-0,01;-0,01;-0,01;-0,01;-0,11;-0,11;-0,08;-0,08;-0,02;-0,02;-0,01;-0,01;-0,01;-0,01;-0,01;-0,01;-0,01;-0,01;-0,01;-0,01;-0,01;-0,01
13.08.2026;06:30;06:45;0,08;0,08;0,0;0,0;-0,03;-0,03;-0,21;-0,21;0,0;0,0;-0,01;-0,01;-0,03;-0,03;-0,03;-0,03;-0,03;-0,03;-0,02;-0,02;-0,02;-0,02;-0,01;-0,01;0,0;0,0;-0,02;-0,02;-0,01;-0,01;-0,01;-0,01;-0,01;-0,01;-0,01;-0,01;-0,01;-0,01;-0,03;-0,03;-0,04;-0,04;-0,02;-0,02;-0,01;-0,01;-0,02;-0,02;-0,02;-0,02;-0,01;-0,01;-0,01;-0,01;-0,02;-0,02
13.08.2026;06:45;07:00;0,15;0,11;0,0;0,0;-0,02;-0,02;-0,15;-0,11;0,0;0,0;-0,01;-0,01;-0,08;-0,08;-0,02;-0,02;-0,01;-0,01;-0,12;-0,12;-0,01;-0,01;0,0;0,0;0,0;0,0;-0,01;-0,01;-0,01;-0,01;-0,01;-0,01;-0,01;-0,01;-0,05;-0,05;-0,02;-0,02;-0,02;-0,02;-0,01;-0,01;-0,01;-0,01;-0,01;-0,01;-0,03;-0,03;-0,01;-0,01;-0,01;-0,01;-0,01;-0,01;-0,01;-0,01
13.08.2026;07:00;07:15;0,24;0,18;0,0;0,0;-0,02;-0,02;-0,18;-0,12;0,0;0,0;-0,01;-0,01;-0,09;-0,09;-0,02;-0,02;-0,02;-0,02;-0,01;-0,01;-0,01;-0,01;-0,01;-0,01;0,0;0,0;-0,04;-0,04;-0,01;-0,01;-0,01;-0,01;-0,01;-0,01;-0,03;-0,03;-0,03;-0,03;-0,02;-0,02;-0,01;-0,01;-0,01;-0,01;-0,02;-0,02;-0,01;-0,01;-0,01;-0,01;-0,02;-0,02;-0,01;-0,01;-0,02;-0,02
13.08.2026;07:15;07:30;0,39;0,11;-0,01;0,0;-0,01;0,0;-0,18;-0,11;0,0;0,0;-0,01;0,0;-0,1;-0,09;-0,02;-0,01;-0,01;0,0;0,0;0,0;-0,02;-0,01;-0,01;0,0;0,0;0,0;-0,02;-0,01;-0,01;0,0;-0,02;-0,01;0,0;0,0;-0,01;0,0;-0,02;-0,01;-0,02;-0,01;-0,01;0,0;-0,01;0,0;-0,01;0,0;0,0;0,0;-0,01;0,0;-0,01;0,0;-0,01;0,0;-0,01;0,0
13.08.2026;07:30;07:45;0,5;0,19;0,0;0,0;-0,01;0,0;-0,16;-0,06;0,0;0,0;-0,02;-0,01;-0,04;-0,03;-0,02;-0,01;-0,01;0,0;-0,01;0,0;-0,01;0,0;-0,01;0,0;0,0;0,0;-0,01;0,0;-0,01;0,0;-0,07;-0,06;0,0;0,0;0,0;0,0;-0,03;-0,02;-0,02;-0,01;-0,01;0,0;-0,03;-0,02;-0,01;0,0;-0,01;0,0;-0,01;0,0;-0,01;0,0;-0,02;-0,01;-0,02;-0,01
13.08.2026;07:45;08:00;0,14;0,11;0,0;0,0;-0,01;-0,01;-0,16;-0,13;0,0;0,0;-0,03;-0,03;-0,17;-0,17;-0,04;-0,04;-0,02;-0,02;0,0;0,0;-0,01;-0,01;-0,01;-0,01;0,0;0,0;-0,01;-0,01;-0,02;-0,02;-0,01;-0,01;-0,01;-0,01;-0,01;-0,01;-0,02;-0,02;-0,02;-0,02;-0,01;-0,01;-0,02;-0,02;-0,04;-0,04;-0,01;-0,01;-0,01;-0,01;-0,01;-0,01;0,0;0,0;-0,02;-0,02
13.08.2026;08:00;08:15;0,0;0,0;0,0;0,0;0,0;0,0;-0,16;-0,16;0,0;0,0;-0,03;-0,03;-0,03;-0,03;-0,02;-0,02;-0,01;-0,01;-0,01;-0,01;0,0;0,0;-0,12;-0,12;0,0;0,0;-0,01;-0,01;-0,01;-0,01;-0,01;-0,01;-0,01;-0,01;-0,02;-0,02;-0,01;-0,01;-0,02;-0,02;-0,01;-0,01;-0,01;-0,01;-0,04;-0,04;-0,02;-0,02;-0,02;-0,02;-0,01;-0,01;-0,02;-0,02;-0,02;-0,02
13.08.2026;08:15;08:30;0,19;0,14;0,0;0,0;-0,01;-0,01;-0,08;-0,03;0,0;0,0;-0,03;-0,03;-0,04;-0,04;-0,02;-0,02;-0,02;-0,02;0,0;0,0;0,0;0,0;-0,18;-0,18;0,0;0,0;-0,01;-0,01;-0,01;-0,01;-0,01;-0,01;-0,01;-0,01;-0,03;-0,03;-0,04;-0,04;-0,02;-0,02;-0,01;-0,01;-0,01;-0,01;-0,05;-0,05;-0,01;-0,01;-0,01;-0,01;-0,01;-0,01;-0,01;-0,01;-0,02;-0,02
13.08.2026;08:30;08:45;1,53;0,86;-0,01;0,0;-0,02;0,0;-0,16;0,0;0,0;0,0;-0,01;0,0;-0,15;0,0;-0,02;0,0;-0,01;0,0;-0,01;0,0;-0,02;0,0;-0,02;0,0;0,0;0,0;-0,01;0,0;-0,01;0,0;-0,01;0,0;-0,01;0,0;-0,01;0,0;-0,02;0,0;-0,02;0,0;-0,01;0,0;-0,01;0,0;-0,05;0,0;-0,02;0,0;-0,02;0,0;-0,01;0,0;-0,01;0,0;-0,02;0,0
13.08.2026;08:45;09:00;1,81;1,28;0,0;0,0;-0,01;0,0;-0,14;0,0;0,0;0,0;-0,01;0,0;-0,04;0,0;-0,03;0,0;-0,01;0,0;-0,02;0,0;-0,02;0,0;-0,02;0,0;0,0;0,0;0,0;0,0;-0,01;0,0;-0,01;0,0;0,0;0,0;-0,01;0,0;-0,03;0,0;-0,02;0,0;-0,01;0,0;-0,03;0,0;-0,04;0,0;-0,02;0,0;-0,01;0,0;-0,01;0,0;-0,01;0,0;-0,02;0,0
13.08.2026;09:00;09:15;2,02;1,38;0,0;0,0;0,0;0,0;-0,17;0,0;-0,01;0,0;-0,01;0,0;-0,05;0,0;-0,03;0,0;-0,02;0,0;-0,01;0,0;-0,01;0,0;-0,02;0,0;0,0;0,0;-0,02;0,0;-0,01;0,0;-0,02;0,0;-0,01;0,0;-0,01;0,0;-0,03;0,0;-0,02;0,0;-0,02;0,0;-0,02;0,0;-0,05;0,0;-0,03;0,0;-0,02;0,0;-0,02;0,0;-0,01;0,0;-0,02;0,0
13.08.2026;09:15;09:30;2,2;1,7;0,0;0,0;-0,01;0,0;-0,12;0,0;0,0;0,0;-0,01;0,0;-0,04;0,0;-0,03;0,0;-0,01;0,0;-0,02;0,0;-0,01;0,0;-0,03;0,0;0,0;0,0;-0,01;0,0;-0,02;0,0;-0,01;0,0;-0,01;0,0;-0,02;0,0;-0,01;0,0;-0,02;0,0;0,0;0,0;-0,01;0,0;-0,04;0,0;-0,02;0,0;-0,01;0,0;-0,01;0,0;-0,01;0,0;-0,02;0,0
13.08.2026;09:30;09:45;2,45;1,87;-0,01;0,0;-0,01;0,0;-0,14;0,0;0,0;0,0;0,0;0,0;-0,04;0,0;-0,07;0,0;-0,02;0,0;-0,01;0,0;-0,02;0,0;-0,02;0,0;0,0;0,0;0,0;0,0;-0,01;0,0;-0,01;0,0;-0,01;0,0;-0,01;0,0;-0,04;0,0;-0,03;0,0;-0,01;0,0;-0,01;0,0;-0,04;0,0;-0,01;0,0;-0,01;0,0;-0,01;0,0;-0,02;0,0;-0,02;0,0
13.08.2026;09:45;10:00;2,66;2,13;0,0;0,0;-0,01;0,0;-0,11;0,0;0,0;0,0;0,0;0,0;-0,03;0,0;-0,06;0,0;-0,02;0,0;-0,01;0,0;-0,01;0,0;-0,02;0,0;0,0;0,0;-0,01;0,0;-0,01;0,0;-0,01;0,0;-0,01;0,0;-0,01;0,0;-0,02;0,0;-0,08;0,0;-0,01;0,0;-0,01;0,0;-0,04;0,0;0,0;0,0;-0,02;0,0;-0,01;0,0;0,0;0,0;-0,02;0,0
13.08.2026;10:00;10:15;2,79;2,19;0,0;0,0;-0,02;0,0;-0,1;0,0;0,0;0,0;-0,02;0,0;-0,04;0,0;-0,04;0,0;-0,03;0,0;0,0;0,0;-0,01;0,0;-0,08;0,0;-0,01;0,0;-0,01;0,0;-0,01;0,0;-0,01;0,0;0,0;0,0;-0,01;0,0;-0,03;0,0;-0,03;0,0;-0,01;0,0;-0,02;0,0;-0,04;0,0;-0,02;0,0;-0,01;0,0;-0,01;0,0;-0,02;0,0;-0,02;0,0
13.08.2026;10:15;10:30;2,98;2,31;0,0;0,0;0,0;0,0;-0,07;0,0;0,0;0,0;-0,01;0,0;-0,03;0,0;-0,03;0,0;-0,07;0,0;-0,01;0,0;-0,01;0,0;-0,16;0,0;0,0;0,0;-0,02;0,0;-0,02;0,0;-0,01;0,0;0,0;0,0;-0,01;0,0;-0,03;0,0;-0,02;0,0;-0,01;0,0;-0,03;0,0;-0,05;0,0;-0,02;0,0;-0,02;0,0;-0,01;0,0;-0,01;0,0;-0,02;0,0
13.08.2026;10:30;10:45;3,23;2,6;0,0;0,0;-0,01;0,0;-0,1;0,0;0,0;0,0;-0,02;0,0;-0,04;0,0;-0,04;0,0;-0,04;0,0;0,0;0,0;-0,01;0,0;-0,13;0,0;0,0;0,0;0,0;0,0;-0,03;0,0;-0,01;0,0;-0,01;0,0;-0,02;0,0;-0,01;0,0;-0,02;0,0;-0,01;0,0;-0,01;0,0;-0,04;0,0;-0,03;0,0;-0,01;0,0;-0,01;0,0;-0,01;0,0;-0,02;0,0
13.08.2026;10:45;11:00;3,38;2,61;-0,01;0,0;0,0;0,0;-0,07;0,0;0,0;0,0;-0,01;0,0;-0,03;0,0;-0,02;0,0;-0,03;0,0;0,0;0,0;0,0;0,0;-0,29;0,0;0,0;0,0;-0,01;0,0;-0,05;0,0;-0,01;0,0;-0,02;0,0;-0,01;0,0;-0,04;0,0;-0,02;0,0;-0,01;0,0;-0,01;0,0;-0,04;0,0;-0,03;0,0;-0,02;0,0;-0,01;0,0;-0,01;0,0;-0,02;0,0
13.08.2026;11:00;11:15;3,49;2,67;0,0;0,0;-0,02;0,0;-0,08;0,0;0,0;0,0;-0,01;0,0;-0,04;0,0;-0,02;0,0;-0,03;0,0;-0,02;0,0;-0,01;0,0;-0,35;0,0;0,0;0,0;-0,01;0,0;-0,05;0,0;-0,01;0,0;0,0;0,0;0,0;0,0;-0,01;0,0;-0,02;0,0;-0,01;0,0;-0,01;0,0;-0,05;0,0;-0,02;0,0;-0,01;0,0;-0,02;0,0;-0,01;0,0;-0,01;0,0
13.08.2026;11:15;11:30;3,61;2,8;0,0;0,0;-0,01;0,0;-0,21;0,0;0,0;0,0;-0,02;0,0;-0,04;0,0;-0,02;0,0;-0,02;0,0;-0,02;0,0;-0,02;0,0;-0,19;0,0;0,0;0,0;-0,01;0,0;-0,05;0,0;-0,01;0,0;-0,01;0,0;-0,01;0,0;-0,02;0,0;-0,02;0,0;-0,01;0,0;-0,02;0,0;-0,03;0,0;-0,03;0,0;0,0;0,0;-0,01;0,0;-0,01;0,0;-0,02;0,0
13.08.2026;11:30;11:45;3,4;2,26;0,0;0,0;-0,01;0,0;-0,18;0,0;0,0;0,0;-0,01;0,0;-0,03;0,0;-0,4;0,0;-0,02;0,0;-0,02;0,0;-0,01;0,0;-0,11;0,0;0,0;0,0;-0,01;0,0;-0,04;0,0;-0,01;0,0;0,0;0,0;-0,01;0,0;-0,03;0,0;-0,1;0,0;-0,01;0,0;-0,02;0,0;-0,05;0,0;-0,02;0,0;-0,01;0,0;-0,01;0,0;-0,01;0,0;-0,02;0,0
13.08.2026;11:45;12:00;1,8;0,72;-0,01;0,0;0,0;0,0;-0,2;0,0;0,0;0,0;-0,02;0,0;-0,04;0,0;-0,16;0,0;-0,03;0,0;-0,01;0,0;-0,02;0,0;-0,27;-0,1;0,0;0,0;-0,01;0,0;-0,03;0,0;-0,01;0,0;-0,01;0,0;-0,02;0,0;-0,01;0,0;-0,25;-0,08;-0,01;0,0;-0,02;0,0;-0,06;0,0;-0,03;0,0;0,0;0,0;-0,01;0,0;-0,01;0,0;-0,02;0,0
13.08.2026;12:00;12:15;0,05;0,05;0,0;0,0;-0,01;-0,01;-0,25;-0,25;0,0;0,0;-0,38;-0,38;-0,1;-0,1;-0,03;-0,03;-0,01;-0,01;-0,01;-0,01;-0,01;-0,01;-0,06;-0,06;0,0;0,0;-0,01;-0,01;-0,01;-0,01;-0,01;-0,01;-0,01;-0,01;-0,01;-0,01;-0,02;-0,02;-0,24;-0,24;-0,01;-0,01;-0,01;-0,01;-0,07;-0,07;-0,02;-0,02;-0,01;-0,01;-0,01;-0,01;-0,05;-0,05;0,0;0,0
13.08.2026;12:15;12:30;3,46;2,64;0,0;0,0;-0,01;0,0;-0,14;0,0;-0,01;0,0;-0,14;0,0;-0,13;0,0;-0,02;0,0;-0,01;0,0;0,0;0,0;-0,02;0,0;-0,01;0,0;0,0;0,0;-0,01;0,0;-0,01;0,0;-0,01;0,0;-0,01;0,0;-0,01;0,0;-0,01;0,0;-0,14;0,0;-0,01;0,0;-0,01;0,0;-0,05;0,0;-0,03;0,0;-0,01;0,0;-0,01;0,0;-0,01;0,0;0,0;0,0
13.08.2026;12:30;12:45;4,03;3,43;0,0;0,0;-0,02;0,0;-0,07;0,0;0,0;0,0;-0,15;0,0;-0,08;0,0;-0,03;0,0;-0,01;0,0;-0,01;0,0;-0,01;0,0;-0,01;0,0;0,0;0,0;0,0;0,0;-0,01;0,0;-0,01;0,0;-0,01;0,0;0,0;0,0;-0,01;0,0;-0,02;0,0;-0,01;0,0;-0,02;0,0;-0,04;0,0;-0,02;0,0;-0,02;0,0;-0,01;0,0;-0,01;0,0;-0,02;0,0
13.08.2026;12:45;13:00;4,02;3,32;-0,01;0,0;-0,01;0,0;-0,1;0,0;0,0;0,0;-0,14;0,0;-0,14;0,0;-0,02;0,0;-0,02;0,0;0,0;0,0;-0,01;0,0;-0,04;0,0;0,0;0,0;-0,01;0,0;-0,01;0,0;-0,01;0,0;0,0;0,0;-0,02;0,0;-0,01;0,0;-0,03;0,0;-0,01;0,0;-0,02;0,0;-0,04;0,0;0,0;0,0;-0,01;0,0;-0,01;0,0;-0,01;0,0;-0,02;0,0
13.08.2026;13:00;13:15;4,01;2,99;0,0;0,0;0,0;0,0;-0,07;0,0;0,0;0,0;-0,16;0,0;-0,48;0,0;-0,01;0,0;-0,01;0,0;0,0;0,0;0,0;0,0;-0,05;0,0;0,0;0,0;-0,02;0,0;-0,01;0,0;-0,01;0,0;0,0;0,0;-0,01;0,0;-0,01;0,0;-0,02;0,0;-0,01;0,0;-0,02;0,0;-0,05;0,0;-0,01;0,0;-0,01;0,0;-0,02;0,0;-0,01;0,0;-0,03;0,0
13.08.2026;13:15;13:30;4,0;3,1;0,0;0,0;-0,01;0,0;-0,07;0,0;0,0;0,0;-0,36;0,0;-0,12;0,0;-0,02;0,0;-0,02;0,0;-0,02;0,0;-0,01;0,0;-0,06;0,0;0,0;0,0;-0,01;0,0;-0,01;0,0;-0,01;0,0;-0,01;0,0;-0,01;0,0;-0,02;0,0;-0,03;0,0;-0,01;0,0;-0,01;0,0;-0,04;0,0;0,0;0,0;-0,01;0,0;-0,01;0,0;-0,01;0,0;-0,02;0,0
13.08.2026;13:30;13:45;3,96;2,96;0,0;0,0;-0,01;0,0;-0,1;0,0;0,0;0,0;-0,29;0,0;-0,28;0,0;-0,02;0,0;-0,02;0,0;-0,02;0,0;0,0;0,0;-0,06;0,0;0,0;0,0;0,0;0,0;-0,01;0,0;-0,01;0,0;-0,02;0,0;-0,01;0,0;-0,01;0,0;-0,02;0,0;-0,01;0,0;-0,01;0,0;-0,04;0,0;-0,01;0,0;-0,01;0,0;-0,01;0,0;-0,01;0,0;-0,02;0,0
13.08.2026;13:45;14:00;3,91;2,88;0,0;0,0;-0,01;0,0;-0,2;0,0;0,0;0,0;-0,19;0,0;-0,13;0,0;-0,03;0,0;-0,01;0,0;-0,01;0,0;-0,02;0,0;-0,09;0,0;0,0;0,0;-0,01;0,0;-0,13;0,0;-0,01;0,0;-0,01;0,0;-0,01;0,0;0,0;0,0;-0,02;0,0;-0,01;0,0;-0,02;0,0;-0,05;0,0;-0,01;0,0;-0,02;0,0;-0,01;0,0;-0,01;0,0;-0,02;0,0
13.08.2026;14:00;14:15;3,89;3,29;-0,01;0,0;-0,02;0,0;-0,06;0,0;0,0;0,0;-0,1;0,0;-0,04;0,0;-0,03;0,0;-0,01;0,0;-0,02;0,0;-0,02;0,0;-0,03;0,0;0,0;0,0;-0,02;0,0;-0,04;0,0;-0,01;0,0;0,0;0,0;-0,01;0,0;-0,03;0,0;-0,02;0,0;-0,01;0,0;-0,02;0,0;-0,04;0,0;-0,01;0,0;-0,01;0,0;-0,01;0,0;-0,01;0,0;-0,02;0,0
13.08.2026;14:15;14:30;3,75;3,28;0,0;0,0;0,0;0,0;-0,09;0,0;0,0;0,0;-0,01;0,0;-0,04;0,0;-0,02;0,0;-0,02;0,0;-0,01;0,0;-0,01;0,0;-0,02;0,0;0,0;0,0;0,0;0,0;-0,04;0,0;-0,01;0,0;0,0;0,0;-0,01;0,0;0,0;0,0;-0,03;0,0;-0,01;0,0;-0,02;0,0;-0,05;0,0;-0,03;0,0;-0,01;0,0;-0,01;0,0;-0,01;0,0;-0,02;0,0
13.08.2026;14:30;14:45;3,74;3,07;0,0;0,0;0,0;0,0;-0,25;0,0;0,0;0,0;-0,02;0,0;-0,04;0,0;-0,04;0,0;-0,01;0,0;0,0;0,0;-0,02;0,0;-0,03;0,0;0,0;0,0;0,0;0,0;-0,05;0,0;-0,01;0,0;-0,01;0,0;-0,02;0,0;-0,01;0,0;-0,02;0,0;-0,01;0,0;-0,01;0,0;-0,04;0,0;-0,03;0,0;-0,01;0,0;-0,01;0,0;-0,01;0,0;-0,02;0,0
13.08.2026;14:45;15:00;3,6;2,91;0,0;0,0;-0,01;0,0;-0,24;0,0;0,0;0,0;-0,01;0,0;-0,04;0,0;-0,03;0,0;-0,02;0,0;-0,01;0,0;-0,01;0,0;-0,04;0,0;0,0;0,0;-0,02;0,0;-0,04;0,0;-0,01;0,0;-0,01;0,0;-0,01;0,0;-0,02;0,0;-0,02;0,0;-0,01;0,0;-0,01;0,0;-0,04;0,0;-0,02;0,0;-0,01;0,0;-0,02;0,0;-0,02;0,0;-0,02;0,0
13.08.2026;15:00;15:15;3,45;2,72;-0,01;0,0;-0,02;0,0;-0,23;0,0;0,0;0,0;-0,01;0,0;-0,04;0,0;-0,02;0,0;-0,01;0,0;0,0;0,0;-0,01;0,0;-0,03;0,0;-0,01;0,0;-0,04;0,0;-0,04;0,0;-0,01;0,0;-0,01;0,0;-0,01;0,0;0,0;0,0;-0,02;0,0;-0,01;0,0;-0,02;0,0;-0,05;0,0;-0,03;0,0;-0,02;0,0;-0,06;0,0;0,0;0,0;-0,02;0,0
13.08.2026;15:15;15:30;3,29;2,22;0,0;0,0;-0,01;0,0;-0,24;0,0;0,0;0,0;-0,02;0,0;-0,04;0,0;-0,02;0,0;-0,01;0,0;0,0;0,0;-0,02;0,0;-0,04;0,0;0,0;0,0;-0,01;0,0;-0,07;0,0;-0,01;0,0;-0,01;0,0;0,0;0,0;-0,34;0,0;-0,02;0,0;-0,01;0,0;-0,03;0,0;-0,03;0,0;-0,02;0,0;-0,01;0,0;-0,07;0,0;-0,02;0,0;-0,02;0,0
13.08.2026;15:30;15:45;1,93;1,35;0,0;0,0;-0,01;0,0;-0,08;0,0;0,0;0,0;-0,01;0,0;-0,04;0,0;-0,03;0,0;-0,02;0,0;-0,02;0,0;0,0;0,0;-0,01;0,0;0,0;0,0;0,0;0,0;-0,14;0,0;-0,01;0,0;0,0;0,0;-0,01;0,0;-0,02;0,0;-0,02;0,0;0,0;0,0;-0,01;0,0;-0,05;0,0;-0,03;0,0;-0,02;0,0;-0,02;0,0;-0,01;0,0;-0,02;0,0
13.08.2026;15:45;16:00;0,16;0,11;0,0;0,0;0,0;0,0;-0,11;-0,06;-0,01;-0,01;-0,01;-0,01;-0,03;-0,03;-0,02;-0,02;-0,01;-0,01;-0,02;-0,02;0,0;0,0;-0,01;-0,01;0,0;0,0;-0,02;-0,02;-0,04;-0,04;-0,01;-0,01;0,0;0,0;-0,04;-0,04;-0,01;-0,01;-0,03;-0,03;-0,01;-0,01;-0,01;-0,01;-0,04;-0,04;-0,02;-0,02;-0,01;-0,01;-0,01;-0,01;0,0;0,0;-0,02;-0,02
13.08.2026;16:00;16:15;1,5;0,8;0,0;0,0;-0,01;0,0;-0,12;0,0;0,0;0,0;-0,02;0,0;-0,04;0,0;-0,03;0,0;-0,02;0,0;-0,01;0,0;-0,01;0,0;-0,01;0,0;0,0;0,0;-0,01;0,0;-0,05;0,0;-0,01;0,0;-0,01;0,0;-0,03;0,0;-0,02;0,0;-0,62;-0,47;-0,01;0,0;-0,01;0,0;-0,04;0,0;-0,01;0,0;-0,02;0,0;-0,02;0,0;-0,02;0,0;-0,02;0,0
13.08.2026;16:15;16:30;2,64;1,64;-0,01;0,0;-0,01;0,0;-0,23;0,0;0,0;0,0;-0,01;0,0;-0,04;0,0;-0,05;0,0;-0,01;0,0;-0,02;0,0;-0,01;0,0;-0,01;0,0;0,0;0,0;-0,01;0,0;-0,04;0,0;-0,01;0,0;-0,02;0,0;-0,05;0,0;-0,01;0,0;-0,32;0,0;-0,01;0,0;-0,03;0,0;-0,05;0,0;0,0;0,0;-0,01;0,0;-0,01;0,0;-0,01;0,0;-0,02;0,0
13.08.2026;16:30;16:45;2,48;1,63;0,0;0,0;-0,02;0,0;-0,17;0,0;0,0;0,0;-0,01;0,0;-0,04;0,0;-0,02;0,0;-0,02;0,0;-0,01;0,0;-0,02;0,0;-0,01;0,0;0,0;0,0;-0,03;0,0;-0,04;0,0;-0,01;0,0;-0,01;0,0;-0,05;0,0;-0,02;0,0;-0,22;0,0;-0,01;0,0;-0,02;0,0;-0,04;0,0;-0,01;0,0;-0,02;0,0;-0,02;0,0;-0,01;0,0;-0,02;0,0
13.08.2026;16:45;17:00;2,28;1,51;0,0;0,0;-0,01;0,0;-0,08;0,0;0,0;0,0;-0,02;0,0;-0,03;0,0;-0,02;0,0;-0,02;0,0;0,0;0,0;-0,02;0,0;-0,01;0,0;0,0;0,0;-0,02;0,0;-0,04;0,0;-0,01;0,0;0,0;0,0;-0,06;0,0;-0,01;0,0;-0,2;0,0;-0,01;0,0;-0,01;0,0;-0,15;0,0;-0,01;0,0;-0,01;0,0;0,0;0,0;-0,01;0,0;-0,02;0,0
13.08.2026;17:00;17:15;2,09;1,24;0,0;0,0;0,0;0,0;-0,14;0,0;0,0;0,0;-0,01;0,0;-0,04;0,0;-0,02;0,0;-0,02;0,0;-0,01;0,0;-0,01;0,0;-0,01;0,0;0,0;0,0;-0,01;0,0;-0,04;0,0;-0,01;0,0;-0,01;0,0;-0,07;0,0;-0,01;0,0;-0,2;0,0;-0,01;0,0;-0,01;0,0;-0,1;0,0;0,0;0,0;-0,09;0,0;-0,01;0,0;0,0;0,0;-0,02;0,0
13.08.2026;17:15;17:30;1,81;0,91;-0,01;0,0;-0,01;0,0;-0,1;0,0;0,0;0,0;-0,01;0,0;-0,04;0,0;-0,03;0,0;-0,01;0,0;0,0;0,0;-0,01;0,0;-0,04;0,0;0,0;0,0;0,0;0,0;-0,04;0,0;-0,01;0,0;0,0;0,0;-0,07;0,0;-0,03;0,0;-0,2;-0,01;-0,02;0,0;-0,01;0,0;-0,03;0,0;-0,01;0,0;-0,18;0,0;-0,01;0,0;-0,02;0,0;-0,02;0,0
13.08.2026;17:30;17:45;1,6;0,72;0,0;0,0;-0,01;0,0;-0,21;0,0;0,0;0,0;-0,02;0,0;-0,03;0,0;-0,02;0,0;-0,01;0,0;0,0;0,0;-0,02;0,0;-0,04;0,0;0,0;0,0;-0,01;0,0;-0,04;0,0;0,0;0,0;-0,01;0,0;-0,05;0,0;-0,01;0,0;-0,13;0,0;0,0;0,0;-0,03;0,0;-0,05;0,0;-0,01;0,0;-0,17;-0,03;-0,01;0,0;-0,01;0,0;-0,02;0,0
13.08.2026;17:45;18:00;1,35;0,5;0,0;0,0;-0,02;0,0;-0,16;0,0;0,0;0,0;-0,01;0,0;-0,04;0,0;-0,02;0,0;-0,02;0,0;-0,02;0,0;-0,01;0,0;-0,1;-0,01;0,0;0,0;-0,02;0,0;-0,03;0,0;-0,02;0,0;-0,01;0,0;-0,05;0,0;-0,02;0,0;-0,02;0,0;-0,07;0,0;-0,02;0,0;-0,04;0,0;-0,03;0,0;-0,17;-0,08;-0,02;0,0;0,0;0,0;-0,02;0,0
13.08.2026;18:00;18:15;1,12;0,25;0,0;0,0;0,0;0,0;-0,25;-0,02;0,0;0,0;-0,01;0,0;-0,09;-0,01;-0,03;0,0;-0,01;0,0;-0,01;0,0;-0,01;0,0;-0,19;-0,11;0,0;0,0;0,0;0,0;-0,04;0,0;-0,01;0,0;-0,02;0,0;-0,06;0,0;-0,02;0,0;-0,02;0,0;-0,03;0,0;-0,01;0,0;-0,04;0,0;-0,02;0,0;-0,15;-0,07;-0,02;0,0;-0,02;0,0;-0,02;0,0
13.08.2026;18:15;18:30;0,92;0,21;0,0;0,0;-0,01;0,0;-0,15;0,0;0,0;0,0;-0,02;0,0;-0,08;-0,03;-0,02;0,0;-0,02;0,0;-0,02;0,0;0,0;0,0;-0,1;-0,05;0,0;0,0;-0,01;0,0;-0,06;-0,01;-0,01;0,0;0,0;0,0;-0,06;-0,01;-0,02;0,0;-0,02;0,0;-0,04;0,0;-0,01;0,0;-0,05;0,0;-0,02;0,0;-0,2;-0,15;-0,01;0,0;-0,01;0,0;-0,02;0,0
13.08.2026;18:30;18:45;0,78;0,19;-0,01;0,0;0,0;0,0;-0,22;-0,08;0,0;0,0;-0,01;0,0;-0,04;-0,01;-0,05;-0,02;-0,01;0,0;-0,02;0,0;0,0;0,0;-0,12;-0,09;0,0;0,0;-0,01;0,0;-0,11;-0,08;-0,01;0,0;0,0;0,0;-0,14;-0,11;-0,02;0,0;-0,03;0,0;-0,05;-0,02;-0,01;0,0;-0,04;-0,01;-0,03;0,0;-0,19;-0,16;0,0;0,0;-0,07;-0,04;-0,02;0,0
13.08.2026;18:45;19:00;0,63;0,15;0,0;0,0;-0,02;0,0;-0,2;-0,11;0,0;0,0;-0,01;0,0;-0,04;-0,02;-0,06;-0,04;-0,01;0,0;-0,01;0,0;-0,01;0,0;-0,09;-0,07;0,0;0,0;-0,02;0,0;-0,03;-0,01;-0,01;0,0;-0,01;0,0;-0,27;-0,25;-0,01;0,0;-0,03;-0,01;-0,03;-0,01;-0,03;-0,01;-0,05;-0,03;-0,02;0,0;-0,11;-0,09;-0,03;-0,01;-0,02;0,0;-0,02;0,0
13.08.2026;19:00;19:15;0,47;0,17;0,0;0,0;-0,01;0,0;-0,21;-0,13;-0,01;0,0;-0,02;-0,01;-0,04;-0,03;-0,03;-0,02;-0,02;-0,01;-0,01;0,0;-0,02;-0,01;-0,05;-0,04;0,0;0,0;0,0;0,0;-0,03;-0,02;-0,01;0,0;-0,01;0,0;-0,19;-0,18;-0,02;-0,01;-0,23;-0,22;-0,19;-0,18;-0,02;-0,01;-0,05;-0,04;-0,02;-0,01;-0,11;-0,1;-0,03;-0,02;-0,01;0,0;0,0;0,0
13.08.2026;19:15;19:30;0,21;0,16;0,0;0,0;-0,02;-0,02;-0,15;-0,1;0,0;0,0;-0,01;-0,01;-0,04;-0,04;-0,02;-0,02;-0,01;-0,01;-0,02;-0,02;-0,02;-0,02;-0,03;-0,03;0,0;0,0;-0,01;-0,01;-0,03;-0,03;-0,02;-0,02;-0,01;-0,01;-0,26;-0,26;-0,01;-0,01;-0,2;-0,2;-0,05;-0,05;-0,01;-0,01;-0,04;-0,04;-0,02;-0,02;-0,08;-0,08;-0,04;-0,04;-0,02;-0,02;0,0;0,0
13.08.2026;19:30;19:45;0,0;0,0;-0,01;-0,01;-0,06;-0,06;-0,11;-0,11;0,0;0,0;-0,01;-0,01;-0,05;-0,05;-0,02;-0,02;-0,02;-0,02;-0,01;-0,01;-0,01;-0,01;-0,08;-0,08;0,0;0,0;-0,02;-0,02;-0,03;-0,03;-0,03;-0,03;-0,01;-0,01;-0,37;-0,37;-0,01;-0,01;-0,12;-0,12;-0,03;-0,03;-0,01;-0,01;-0,05;-0,05;-0,02;-0,02;-0,08;-0,08;-0,01;-0,01;-0,03;-0,03;-0,02;-0,02
13.08.2026;19:45;20:00;0,0;0,0;0,0;0,0;-0,03;-0,03;-0,14;-0,14;0,0;0,0;-0,02;-0,02;-0,04;-0,04;-0,03;-0,03;-0,01;-0,01;-0,01;-0,01;-0,02;-0,02;-0,04;-0,04;0,0;0,0;-0,02;-0,02;-0,03;-0,03;-0,03;-0,03;-0,01;-0,01;-0,28;-0,28;-0,03;-0,03;-0,1;-0,1;-0,03;-0,03;-0,02;-0,02;-0,04;-0,04;0,0;0,0;-0,08;-0,08;-0,03;-0,03;-0,05;-0,05;-0,02;-0,02
13.08.2026;20:00;20:15;0,01;0,01;0,0;0,0;-0,04;-0,04;-0,15;-0,15;0,0;0,0;-0,01;-0,01;-0,04;-0,04;-0,01;-0,01;-0,02;-0,02;-0,01;-0,01;-0,01;-0,01;-0,04;-0,04;-0,01;-0,01;-0,07;-0,07;-0,14;-0,14;-0,02;-0,02;0,0;0,0;-0,22;-0,22;-0,01;-0,01;-0,05;-0,05;-0,01;-0,01;-0,02;-0,02;-0,05;-0,05;-0,01;-0,01;-0,03;-0,03;-0,01;-0,01;-0,05;-0,05;-0,03;-0,03
13.08.2026;20:15;20:30;0,01;0,01;0,0;0,0;-0,09;-0,09;-0,21;-0,21;0,0;0,0;-0,01;-0,01;-0,19;-0,19;-0,03;-0,03;-0,03;-0,03;-0,01;-0,01;-0,01;-0,01;-0,02;-0,02;0,0;0,0;-0,24;-0,24;-0,04;-0,04;-0,03;-0,03;0,0;0,0;-0,15;-0,15;-0,02;-0,02;-0,06;-0,06;-0,01;-0,01;-0,02;-0,02;-0,04;-0,04;-0,01;-0,01;-0,02;-0,02;-0,01;-0,01;-0,05;-0,05;-0,02;-0,02
13.08.2026;20:30;20:45;0,0;0,0;0,0;0,0;-0,05;-0,05;-0,25;-0,25;0,0;0,0;-0,02;-0,02;-0,5;-0,5;-0,03;-0,03;-0,05;-0,05;-0,02;-0,02;-0,01;-0,01;-0,02;-0,02;0,0;0,0;-0,18;-0,18;-0,05;-0,05;-0,02;-0,02;-0,02;-0,02;-0,17;-0,17;-0,01;-0,01;-0,06;-0,06;-0,01;-0,01;-0,01;-0,01;-0,03;-0,03;0,0;0,0;-0,01;-0,01;-0,01;-0,01;-0,04;-0,04;-0,02;-0,02
13.08.2026;20:45;21:00;0,0;0,0;-0,01;-0,01;-0,03;-0,03;-0,18;-0,18;0,0;0,0;-0,01;-0,01;-0,24;-0,24;-0,04;-0,04;-0,03;-0,03;-0,02;-0,02;-0,01;-0,01;-0,03;-0,03;0,0;0,0;-0,22;-0,22;-0,04;-0,04;-0,03;-0,03;-0,01;-0,01;-0,18;-0,18;-0,01;-0,01;-0,06;-0,06;-0,01;-0,01;-0,01;-0,01;-0,01;-0,01;-0,01;-0,01;-0,01;-0,01;-0,02;-0,02;-0,04;-0,04;-0,02;-0,02
13.08.2026;21:00;21:15;0,0;0,0;0,0;0,0;-0,03;-0,03;-0,14;-0,14;0,0;0,0;-0,01;-0,01;-0,05;-0,05;-0,03;-0,03;-0,03;-0,03;-0,01;-0,01;0,0;0,0;-0,03;-0,03;0,0;0,0;-0,42;-0,42;-0,04;-0,04;-0,03;-0,03;-0,01;-0,01;-0,18;-0,18;-0,02;-0,02;-0,06;-0,06;-0,02;-0,02;-0,02;-0,02;-0,02;-0,02;-0,02;-0,02;-0,01;-0,01;-0,01;-0,01;-0,03;-0,03;-0,02;-0,02
13.08.2026;21:15;21:30;0,0;0,0;0,0;0,0;-0,03;-0,03;-0,12;-0,12;0,0;0,0;-0,02;-0,02;-0,06;-0,06;-0,04;-0,04;-0,04;-0,04;-0,01;-0,01;-0,01;-0,01;-0,1;-0,1;0,0;0,0;-0,29;-0,29;-0,13;-0,13;-0,28;-0,28;0,0;0,0;-0,14;-0,14;-0,01;-0,01;-0,05;-0,05;-0,02;-0,02;-0,02;-0,02;0,0;0,0;-0,05;-0,05;-0,03;-0,03;-0,02;-0,02;-0,02;-0,02;-0,02;-0,02
13.08.2026;21:30;21:45;0,0;0,0;0,0;0,0;-0,03;-0,03;-0,08;-0,08;0,0;0,0;-0,01;-0,01;-0,03;-0,03;-0,03;-0,03;-0,04;-0,04;0,0;0,0;-0,01;-0,01;-0,03;-0,03;0,0;0,0;-0,05;-0,05;-0,04;-0,04;-0,38;-0,38;0,0;0,0;-0,04;-0,04;-0,02;-0,02;-0,06;-0,06;0,0;0,0;-0,02;-0,02;-0,01;-0,01;-0,03;-0,03;-0,02;-0,02;-0,01;-0,01;-0,02;-0,02;-0,02;-0,02
13.08.2026;21:45;22:00;0,0;0,0;-0,01;-0,01;-0,02;-0,02;-0,13;-0,13;0,0;0,0;-0,01;-0,01;-0,06;-0,06;-0,03;-0,03;-0,04;-0,04;-0,01;-0,01;-0,02;-0,02;-0,01;-0,01;0,0;0,0;-0,03;-0,03;-0,05;-0,05;-0,05;-0,05;-0,01;-0,01;-0,03;-0,03;-0,01;-0,01;-0,06;-0,06;-0,02;-0,02;-0,01;-0,01;-0,01;-0,01;-0,03;-0,03;-0,03;-0,03;-0,01;-0,01;-0,03;-0,03;-0,02;-0,02
13.08.2026;22:00;22:15;0,0;0,0;0,0;0,0;-0,03;-0,03;-0,11;-0,11;0,0;0,0;-0,01;-0,01;-0,05;-0,05;-0,03;-0,03;-0,04;-0,04;-0,01;-0,01;-0,01;-0,01;-0,01;-0,01;0,0;0,0;-0,28;-0,28;-0,14;-0,14;-0,36;-0,36;-0,01;-0,01;-0,04;-0,04;-0,01;-0,01;-0,07;-0,07;-0,01;-0,01;-0,01;-0,01;-0,01;-0,01;-0,02;-0,02;-0,02;-0,02;-0,01;-0,01;-0,03;-0,03;-0,03;-0,03
13.08.2026;22:15;22:30;0,0;0,0;0,0;0,0;-0,04;-0,04;-0,12;-0,12;-0,01;-0,01;-0,01;-0,01;-0,04;-0,04;-0,02;-0,02;-0,05;-0,05;-0,01;-0,01;-0,02;-0,02;-0,02;-0,02;0,0;0,0;-0,04;-0,04;-0,16;-0,16;-0,03;-0,03;-0,01;-0,01;-0,05;-0,05;-0,02;-0,02;-0,05;-0,05;-0,01;-0,01;-0,02;-0,02;-0,01;-0,01;-0,03;-0,03;-0,02;-0,02;-0,01;-0,01;-0,02;-0,02;-0,03;-0,03
13.08.2026;22:30;22:45;0,0;0,0;0,0;0,0;-0,01;-0,01;-0,14;-0,14;0,0;0,0;0,0;0,0;-0,05;-0,05;-0,03;-0,03;-0,03;-0,03;-0,02;-0,02;-0,01;-0,01;0,0;0,0;0,0;0,0;-0,05;-0,05;-0,12;-0,12;-0,03;-0,03;-0,01;-0,01;-0,17;-0,17;-0,01;-0,01;-0,05;-0,05;-0,01;-0,01;-0,02;-0,02;-0,01;-0,01;-0,02;-0,02;-0,01;-0,01;-0,02;-0,02;-0,01;-0,01;-0,03;-0,03
13.08.2026;22:45;23:00;0,0;0,0;-0,01;-0,01;-0,01;-0,01;-0,16;-0,16;0,0;0,0;0,0;0,0;-0,04;-0,04;-0,03;-0,03;-0,05;-0,05;-0,02;-0,02;-0,01;-0,01;-0,02;-0,02;0,0;0,0;-0,01;-0,01;-0,05;-0,05;-0,03;-0,03;0,0;0,0;-0,28;-0,28;-0,01;-0,01;-0,04;-0,04;-0,01;-0,01;-0,02;-0,02;-0,01;-0,01;-0,01;-0,01;-0,02;-0,02;-0,01;-0,01;-0,01;-0,01;-0,03;-0,03
13.08.2026;23:00;23:15;0,0;0,0;0,0;0,0;-0,01;-0,01;-0,19;-0,19;0,0;0,0;-0,01;-0,01;-0,04;-0,04;-0,03;-0,03;-0,04;-0,04;-0,02;-0,02;-0,02;-0,02;0,0;0,0;0,0;0,0;-0,01;-0,01;-0,05;-0,05;-0,01;-0,01;0,0;0,0;-0,43;-0,43;-0,01;-0,01;-0,05;-0,05;-0,01;-0,01;-0,01;-0,01;-0,01;-0,01;-0,01;-0,01;-0,02;-0,02;-0,01;-0,01;-0,01;-0,01;-0,03;-0,03
13.08.2026;23:15;23:30;0,0;0,0;0,0;0,0;-0,01;-0,01;-0,15;-0,15;0,0;0,0;-0,01;-0,01;-0,04;-0,04;-0,03;-0,03;-0,03;-0,03;-0,01;-0,01;0,0;0,0;-0,01;-0,01;0,0;0,0;-0,01;-0,01;-0,04;-0,04;-0,01;-0,01;-0,02;-0,02;-0,01;-0,01;-0,01;-0,01;-0,04;-0,04;-0,01;-0,01;-0,01;-0,01;-0,01;-0,01;0,0;0,0;-0,01;-0,01;-0,01;-0,01;-0,01;-0,01;-0,02;-0,02
13.08.2026;23:30;23:45;0,0;0,0;0,0;0,0;-0,01;-0,01;-0,12;-0,12;0,0;0,0;-0,02;-0,02;-0,05;-0,05;-0,02;-0,02;-0,01;-0,01;-0,01;-0,01;0,0;0,0;-0,02;-0,02;0,0;0,0;-0,01;-0,01;-0,05;-0,05;-0,01;-0,01;-0,01;-0,01;-0,01;-0,01;-0,02;-0,02;-0,04;-0,04;-0,01;-0,01;-0,01;-0,01;-0,01;-0,01;-0,01;-0,01;-0,02;-0,02;-0,01;-0,01;-0,01;-0,01;-0,03;-0,03
13.08.2026;23:45;00:00;0,0;0,0;0,0;0,0;-0,02;-0,02;-0,15;-0,15;0,0;0,0;-0,01;-0,01;-0,04;-0,04;-0,04;-0,04;-0,03;-0,03;0,0;0,0;-0,01;-0,01;0,0;0,0;0,0;0,0;-0,01;-0,01;-0,05;-0,05;-0,02;-0,02;-0,01;-0,01;-0,03;-0,03;0,0;0,0;-0,03;-0,03;-0,01;-0,01;-0,03;-0,03;-0,01;-0,01;-0,01;-0,01;-0,02;-0,02;-0,01;-0,01;-0,02;-0,02;-0,02;-0,02
14.08.2026;00:00;00:15;0,0;0,0;-0,01;-0,01;0,0;0,0;-0,13;-0,13;0,0;0,0;-0,02;-0,02;-0,04;-0,04;-0,03;-0,03;-0,03;-0,03;0,0;0,0;-0,02;-0,02;-0,01;-0,01;0,0;0,0;0,0;0,0;-0,05;-0,05;-0,01;-0,01;0,0;0,0;-0,02;-0,02;-0,01;-0,01;-0,04;-0,04;-0,02;-0,02;-0,02;-0,02;0,0;0,0;0,0;0,0;-0,01;-0,01;-0,02;-0,02;0,0;0,0;-0,02;-0,02
14.08.2026;00:15;00:30;0,0;0,0;0,0;0,0;-0,01;-0,01;-0,12;-0,12;0,0;0,0;-0,01;-0,01;-0,03;-0,03;-0,03;-0,03;-0,01;-0,01;-0,01;-0,01;-0,01;-0,01;-0,01;-0,01;0,0;0,0;-0,02;-0,02;-0,16;-0,16;-0,01;-0,01;0,0;0,0;-0,02;-0,02;-0,02;-0,02;-0,03;-0,03;0,0;0,0;-0,01;-0,01;-0,02;-0,02;-0,01;-0,01;-0,02;-0,02;-0,01;-0,01;-0,02;-0,02;-0,02;-0,02
14.08.2026;00:30;00:45;0,0;0,0;0,0;0,0;-0,01;-0,01;-0,15;-0,15;0,0;0,0;-0,01;-0,01;-0,04;-0,04;-0,03;-0,03;-0,01;-0,01;0,0;0,0;-0,02;-0,02;-0,01;-0,01;0,0;0,0;-0,01;-0,01;-0,1;-0,1;-0,02;-0,02;-0,01;-0,01;-0,01;-0,01;0,0;0,0;-0,04;-0,04;-0,02;-0,02;0,0;0,0;-0,01;-0,01;-0,02;-0,02;-0,01;-0,01;-0,01;-0,01;-0,01;-0,01;-0,02;-0,02
14.08.2026;00:45;01:00;0,0;0,0;0,0;0,0;-0,02;-0,02;-0,15;-0,15;0,0;0,0;-0,02;-0,02;-0,04;-0,04;-0,03;-0,03;-0,02;-0,02;-0,02;-0,02;-0,01;-0,01;-0,01;-0,01;0,0;0,0;-0,01;-0,01;-0,05;-0,05;-0,01;-0,01;-0,01;-0,01;-0,01;-0,01;-0,02;-0,02;-0,03;-0,03;-0,01;-0,01;-0,02;-0,02;-0,01;-0,01;-0,01;-0,01;0,0;0,0;-0,01;-0,01;-0,01;-0,01;-0,02;-0,02
14.08.2026;01:00;01:15;0,0;0,0;-0,01;-0,01;0,0;0,0;-0,2;-0,2;0,0;0,0;0,0;0,0;-0,04;-0,04;-0,03;-0,03;-0,02;-0,02;-0,02;-0,02;-0,01;-0,01;-0,01;-0,01;-0,01;-0,01;0,0;0,0;-0,05;-0,05;-0,01;-0,01;-0,02;-0,02;-0,01;-0,01;-0,01;-0,01;-0,04;-0,04;-0,01;-0,01;-0,03;-0,03;-0,01;-0,01;-0,01;-0,01;0,0;0,0;-0,01;-0,01;-0,01;-0,01;-0,02;-0,02
14.08.2026;01:15;01:30;0,0;0,0;0,0;0,0;-0,01;-0,01;-0,15;-0,15;0,0;0,0;-0,01;-0,01;-0,04;-0,04;-0,01;-0,01;0,0;0,0;-0,01;-0,01;-0,02;-0,02;0,0;0,0;0,0;0,0;-0,02;-0,02;-0,04;-0,04;-0,02;-0,02;0,0;0,0;-0,01;-0,01;0,0;0,0;-0,04;-0,04;-0,01;-0,01;-0,02;-0,02;0,0;0,0;-0,01;-0,01;-0,01;-0,01;-0,01;-0,01;-0,01;-0,01;-0,02;-0,02
14.08.2026;01:30;01:45;0,0;0,0;0,0;0,0;-0,01;-0,01;-0,18;-0,18;0,0;0,0;0,0;0,0;-0,04;-0,04;-0,01;-0,01;-0,02;-0,02;-0,02;-0,02;-0,01;-0,01;-0,02;-0,02;0,0;0,0;-0,01;-0,01;-0,1;-0,1;-0,01;-0,01;0,0;0,0;-0,01;-0,01;-0,02;-0,02;-0,03;-0,03;-0,01;-0,01;0,0;0,0;-0,02;-0,02;-0,01;-0,01;-0,01;-0,01;-0,02;-0,02;-0,01;-0,01;-0,02;-0,02
14.08.2026;01:45;02:00;0,0;0,0;0,0;0,0;-0,01;-0,01;-0,14;-0,14;-0,01;-0,01;-0,01;-0,01;-0,04;-0,04;-0,01;-0,01;-0,02;-0,02;-0,01;-0,01;0,0;0,0;0,0;0,0;0,0;0,0;0,0;0,0;-0,02;-0,02;-0,01;-0,01;-0,01;-0,01;-0,02;-0,02;-0,01;-0,01;-0,03;-0,03;-0,01;-0,01;-0,01;-0,01;-0,01;-0,01;-0,01;-0,01;-0,02;-0,02;-0,01;-0,01;-0,01;-0,01;-0,02;-0,02
14.08.2026;02:00;02:15;0,0;0,0;0,0;0,0;-0,02;-0,02;-0,06;-0,06;0,0;0,0;-0,01;-0,01;-0,03;-0,03;-0,01;-0,01;-0,01;-0,01;0,0;0,0;-0,01;-0,01;-0,01;-0,01;0,0;0,0;-0,01;-0,01;-0,01;-0,01;-0,01;-0,01;-0,01;-0,01;-0,01;-0,01;-0,01;-0,01;-0,02;-0,02;-0,01;-0,01;-0,02;-0,02;0,0;0,0;-0,02;-0,02;-0,02;-0,02;-0,02;-0,02;-0,01;-0,01;0,0;0,0
14.08.2026;02:15;02:30;0,0;0,0;-0,01;-0,01;0,0;0,0;-0,07;-0,07;0,0;0,0;-0,02;-0,02;-0,04;-0,04;-0,01;-0,01;-0,01;-0,01;0,0;0,0;0,0;0,0;-0,01;-0,01;0,0;0,0;-0,02;-0,02;-0,02;-0,02;-0,01;-0,01;-0,01;-0,01;-0,02;-0,02;-0,01;-0,01;-0,02;-0,02;-0,01;-0,01;-0,02;-0,02;-0,02;-0,02;-0,01;-0,01;0,0;0,0;-0,01;-0,01;-0,01;-0,01;0,0;0,0
14.08.2026;02:30;02:45;0,0;0,0;0,0;0,0;-0,01;-0,01;-0,06;-0,06;0,0;0,0;-0,01;-0,01;-0,04;-0,04;-0,01;-0,01;-0,02;-0,02;-0,01;-0,01;-0,02;-0,02;-0,01;-0,01;0,0;0,0;0,0;0,0;-0,02;-0,02;-0,01;-0,01;-0,01;-0,01;-0,05;-0,05;-0,01;-0,01;-0,02;-0,02;-0,01;-0,01;-0,02;-0,02;0,0;0,0;-0,01;-0,01;-0,01;-0,01;0,0;0,0;-0,02;-0,02;-0,01;-0,01
14.08.2026;02:45;03:00;0,0;0,0;0,0;0,0;-0,01;-0,01;-0,05;-0,05;0,0;0,0;-0,01;-0,01;-0,04;-0,04;-0,01;-0,01;-0,01;-0,01;0,0;0,0;-0,01;-0,01;-0,01;-0,01;0,0;0,0;-0,01;-0,01;-0,03;-0,03;-0,01;-0,01;0,0;0,0;-0,03;-0,03;-0,02;-0,02;-0,03;-0,03;-0,01;-0,01;-0,01;-0,01;-0,01;-0,01;0,0;0,0;-0,01;-0,01;-0,01;-0,01;0,0;0,0;-0,02;-0,02
14.08.2026;03:00;03:15;0,0;0,0;0,0;0,0;-0,01;-0,01;-0,15;-0,15;0,0;0,0;-0,02;-0,02;-0,03;-0,03;-0,01;-0,01;-0,02;-0,02;-0,01;-0,01;-0,02;-0,02;-0,01;-0,01;0,0;0,0;-0,01;-0,01;-0,02;-0,02;-0,01;-0,01;0,0;0,0;-0,02;-0,02;0,0;0,0;-0,02;-0,02;-0,01;-0,01;-0,01;-0,01;-0,02;-0,02;-0,02;-0,02;-0,01;-0,01;-0,02;-0,02;-0,02;-0,02;-0,02;-0,02
14.08.2026;03:15;03:30;0,0;0,0;-0,01;-0,01;-0,02;-0,02;-0,21;-0,21;0,0;0,0;-0,01;-0,01;-0,04;-0,04;-0,01;-0,01;-0,01;-0,01;-0,02;-0,02;-0,01;-0,01;-0,01;-0,01;0,0;0,0;-0,02;-0,02;-0,03;-0,03;-0,01;-0,01;-0,01;-0,01;-0,01;-0,01;-0,01;-0,01;-0,02;-0,02;-0,02;-0,02;-0,02;-0,02;0,0;0,0;-0,01;-0,01;-0,02;-0,02;-0,01;-0,01;-0,01;-0,01;-0,02;-0,02
14.08.2026;03:30;03:45;0,0;0,0;0,0;0,0;0,0;0,0;-0,12;-0,12;0,0;0,0;-0,01;-0,01;-0,04;-0,04;-0,01;-0,01;-0,01;-0,01;-0,01;-0,01;-0,02;-0,02;-0,01;-0,01;0,0;0,0;0,0;0,0;-0,14;-0,14;-0,01;-0,01;-0,01;-0,01;-0,02;-0,02;-0,02;-0,02;-0,03;-0,03;0,0;0,0;-0,02;-0,02;-0,01;-0,01;-0,01;-0,01;-0,02;-0,02;-0,01;-0,01;-0,01;-0,01;-0,02;-0,02
14.08.2026;03:45;04:00;0,0;0,0;0,0;0,0;-0,01;-0,01;-0,06;-0,06;0,0;0,0;0,0;0,0;-0,03;-0,03;-0,01;-0,01;-0,02;-0,02;-0,02;-0,02;-0,01;-0,01;0,0;0,0;0,0;0,0;0,0;0,0;-0,02;-0,02;-0,01;-0,01;-0,01;-0,01;-0,02;-0,02;0,0;0,0;-0,02;-0,02;-0,02;-0,02;-0,02;-0,02;-0,01;-0,01;-0,01;-0,01;-0,01;-0,01;-0,02;-0,02;-0,01;-0,01;-0,02;-0,02
14.08.2026;04:00;04:15;0,0;0,0;0,0;0,0;-0,01;-0,01;-0,07;-0,07;0,0;0,0;0,0;0,0;-0,04;-0,04;0,0;0,0;-0,01;-0,01;-0,01;-0,01;-0,01;-0,01;-0,02;-0,02;0,0;0,0;-0,02;-0,02;-0,01;-0,01;-0,01;-0,01;-0,01;-0,01;-0,01;-0,01;-0,01;-0,01;-0,02;-0,02;-0,01;-0,01;-0,01;-0,01;-0,01;-0,01;-0,01;-0,01;-0,01;-0,01;-0,01;-0,01;-0,01;-0,01;-0,02;-0,02
14.08.2026;04:15;04:30;0,0;0,0;0,0;0,0;-0,01;-0,01;-0,12;-0,12;0,0;0,0;-0,01;-0,01;-0,04;-0,04;-0,02;-0,02;-0,02;-0,02;-0,01;-0,01;-0,01;-0,01;0,0;0,0;0,0;0,0;-0,01;-0,01;-0,01;-0,01;-0,04;-0,04;0,0;0,0;-0,02;-0,02;-0,02;-0,02;-0,02;-0,02;-0,01;-0,01;-0,01;-0,01;-0,02;-0,02;-0,02;-0,02;-0,01;-0,01;-0,01;-0,01;-0,01;-0,01;-0,02;-0,02
14.08.2026;04:30;04:45;0,0;0,0;-0,01;-0,01;-0,02;-0,02;-0,21;-0,21;0,0;0,0;-0,02;-0,02;-0,03;-0,03;0,0;0,0;-0,01;-0,01;0,0;0,0;0,0;0,0;-0,01;-0,01;0,0;0,0;-0,01;-0,01;-0,01;-0,01;-0,01;-0,01;-0,01;-0,01;0,0;0,0;0,0;0,0;-0,03;-0,03;-0,01;-0,01;-0,01;-0,01;0,0;0,0;-0,01;-0,01;-0,02;-0,02;0,0;0,0;-0,01;-0,01;-0,02;-0,02
14.08.2026;04:45;05:00;0,0;0,0;0,0;0,0;0,0;0,0;-0,17;-0,17;0,0;0,0;-0,01;-0,01;-0,04;-0,04;-0,01;-0,01;-0,01;-0,01;0,0;0,0;0,0;0,0;-0,01;-0,01;0,0;0,0;0,0;0,0;-0,01;-0,01;-0,01;-0,01;-0,01;-0,01;-0,01;-0,01;-0,02;-0,02;-0,02;-0,02;-0,01;-0,01;-0,03;-0,03;-0,01;-0,01;0,0;0,0;-0,01;-0,01;-0,02;-0,02;-0,01;-0,01;-0,02;-0,02
14.08.2026;05:00;05:15;0,0;0,0;0,0;0,0;-0,01;-0,01;-0,19;-0,19;-0,01;-0,01;-0,02;-0,02;-0,04;-0,04;-0,01;-0,01;-0,02;-0,02;-0,01;-0,01;-0,02;-0,02;0,0;0,0;0,0;0,0;-0,01;-0,01;-0,01;-0,01;-0,02;-0,02;-0,01;-0,01;-0,01;-0,01;-0,01;-0,01;-0,02;-0,02;-0,01;-0,01;-0,02;-0,02;-0,01;-0,01;-0,02;-0,02;-0,01;-0,01;-0,01;-0,01;-0,01;-0,01;-0,02;-0,02
14.08.2026;05:15;05:30;0,0;0,0;0,0;0,0;0,0;0,0;-0,22;-0,22;0,0;0,0;-0,01;-0,01;-0,04;-0,04;-0,01;-0,01;-0,01;-0,01;0,0;0,0;-0,02;-0,02;-0,02;-0,02;0,0;0,0;-0,02;-0,02;-0,01;-0,01;-0,01;-0,01;0,0;0,0;-0,02;-0,02;0,0;0,0;-0,02;-0,02;-0,01;-0,01;-0,01;-0,01;-0,01;-0,01;-0,01;-0,01;-0,02;-0,02;-0,01;-0,01;-0,01;-0,01;-0,02;-0,02
14.08.2026;05:30;05:45;0,0;0,0;-0,01;-0,01;-0,02;-0,02;-0,23;-0,23;0,0;0,0;-0,01;-0,01;-0,05;-0,05;-0,01;-0,01;-0,02;-0,02;-0,01;-0,01;-0,01;-0,01;0,0;0,0;0,0;0,0;0,0;0,0;-0,01;-0,01;-0,01;-0,01;-0,01;-0,01;-0,01;-0,01;-0,02;-0,02;-0,02;-0,02;-0,01;-0,01;-0,01;-0,01;-0,01;-0,01;-0,01;-0,01;-0,01;-0,01;-0,02;-0,02;-0,01;-0,01;-0,01;-0,01
14.08.2026;05:45;06:00;0,0;0,0;0,0;0,0;-0,01;-0,01;-0,23;-0,23;0,0;0,0;-0,01;-0,01;-0,03;-0,03;-0,01;-0,01;-0,01;-0,01;-0,02;-0,02;-0,02;-0,02;-0,01;-0,01;0,0;0,0;-0,01;-0,01;-0,01;-0,01;-0,01;-0,01;0,0;0,0;-0,02;-0,02;-0,01;-0,01;-0,03;-0,03;-0,01;-0,01;-0,01;-0,01;-0,01;-0,01;-0,01;-0,01;-0,02;-0,02;-0,01;-0,01;-0,01;-0,01;-0,02;-0,02
14.08.2026;06:00;06:15;0,02;0,02;0,0;0,0;-0,01;-0,01;-0,22;-0,22;0,0;0,0;0,0;0,0;-0,04;-0,04;-0,01;-0,01;-0,01;-0,01;-0,02;-0,02;-0,01;-0,01;-0,01;-0,01;-0,01;-0,01;-0,01;-0,01;-0,01;-0,01;-0,01;-0,01;-0,01;-0,01;0,0;0,0;0,0;0,0;-0,02;-0,02;-0,06;-0,06;-0,02;-0,02;-0,01;-0,01;-0,04;-0,04;-0,01;-0,01;-0,01;-0,01;0,0;0,0;-0,02;-0,02
14.08.2026;06:15;06:30;0,03;0,03;0,0;0,0;-0,02;-0,02;-0,16;-0,16;0,0;0,0;0,0;0,0;-0,04;-0,04;0,0;0,0;-0,02;-0,02;-0,02;-0,02;-0,01;-0,01;-0,01;-0,01;0,0;0,0;-0,04;-0,04;-0,01;-0,01;-0,01;-0,01;-0,01;-0,01;-0,01;-0,01;-0,03;-0,03;-0,02;-0,02;-0,03;-0,03;-0,03;-0,03;-0,01;-0,01;-0,02;-0,02;-0,02;-0,02;0,0;0,0;-0,03;-0,03;-0,02;-0,02
14.08.2026;06:30;06:45;0,09;0,09;0,0;0,0;-0,05;-0,05;-0,11;-0,11;0,0;0,0;-0,01;-0,01;-0,04;-0,04;-0,02;-0,02;-0,01;-0,01;-0,01;-0,01;-0,01;-0,01;-0,01;-0,01;0,0;0,0;-0,01;-0,01;-0,02;-0,02;-0,01;-0,01;-0,01;-0,01;-0,01;-0,01;0,0;0,0;-0,11;-0,11;-0,03;-0,03;-0,01;-0,01;-0,01;-0,01;-0,01;-0,01;-0,01;-0,01;-0,02;-0,02;-0,02;-0,02;-0,02;-0,02
14.08.2026;06:45;07:00;0,14;0,11;-0,01;-0,01;-0,02;-0,02;-0,18;-0,15;0,0;0,0;-0,02;-0,02;-0,04;-0,04;0,0;0,0;-0,03;-0,03;0,0;0,0;0,0;0,0;-0,01;-0,01;0,0;0,0;-0,01;-0,01;-0,01;-0,01;-0,02;-0,02;0,0;0,0;-0,04;-0,04;0,0;0,0;-0,04;-0,04;-0,01;-0,01;-0,01;-0,01;-0,01;-0,01;0,0;0,0;-0,02;-0,02;0,0;0,0;-0,01;-0,01;-0,02;-0,02
14.08.2026;07:00;07:15;0,21;0,16;0,0;0,0;-0,03;-0,03;-0,14;-0,09;0,0;0,0;-0,01;-0,01;-0,05;-0,05;-0,01;-0,01;-0,03;-0,03;-0,01;-0,01;-0,01;-0,01;0,0;0,0;0,0;0,0;-0,02;-0,02;-0,11;-0,11;-0,01;-0,01;-0,01;-0,01;-0,03;-0,03;-0,03;-0,03;-0,03;-0,03;-0,01;-0,01;-0,01;-0,01;-0,01;-0,01;-0,02;-0,02;-0,01;-0,01;-0,02;-0,02;-0,02;-0,02;-0,02;-0,02
14.08.2026;07:15;07:30;0,38;0,11;0,0;0,0;-0,02;-0,01;-0,17;-0,11;0,0;0,0;-0,01;0,0;-0,42;-0,41;-0,05;-0,04;-0,01;0,0;0,0;0,0;-0,01;0,0;-0,02;-0,01;0,0;0,0;-0,01;0,0;-0,01;0,0;-0,01;0,0;-0,01;0,0;-0,02;-0,01;0,0;0,0;-0,02;-0,01;-0,01;0,0;-0,02;-0,01;-0,01;0,0;-0,02;-0,01;-0,02;-0,01;-0,01;0,0;-0,01;0,0;-0,01;0,0
14.08.2026;07:30;07:45;0,02;0,02;0,0;0,0;-0,02;-0,02;-0,15;-0,15;0,0;0,0;-0,02;-0,02;-0,17;-0,17;-0,04;-0,04;-0,01;-0,01;-0,11;-0,11;-0,02;-0,02;-0,01;-0,01;0,0;0,0;0,0;0,0;-0,01;-0,01;-0,02;-0,02;-0,01;-0,01;0,0;0,0;0,0;0,0;-0,02;-0,02;-0,01;-0,01;-0,02;-0,02;-0,02;-0,02;0,0;0,0;0,0;0,0;-0,02;-0,02;-0,05;-0,05;-0,02;-0,02
14.08.2026;07:45;08:00;0,0;0,0;-0,01;-0,01;-0,01;-0,01;-0,15;-0,15;0,0;0,0;-0,01;-0,01;-0,15;-0,15;-0,02;-0,02;-0,01;-0,01;-0,01;-0,01;-0,01;-0,01;-0,01;-0,01;0,0;0,0;-0,01;-0,01;-0,01;-0,01;-0,01;-0,01;-0,01;-0,01;-0,01;-0,01;-0,03;-0,03;-0,02;-0,02;-0,01;-0,01;-0,02;-0,02;-0,03;-0,03;-0,01;-0,01;0,0;0,0;0,0;0,0;-0,04;-0,04;-0,04;-0,04
14.08.2026;08:00;08:15;0,23;0,17;0,0;0,0;-0,03;-0,03;-0,07;-0,01;0,0;0,0;-0,01;-0,01;-0,39;-0,39;-0,02;-0,02;-0,02;-0,02;-0,01;-0,01;-0,02;-0,02;-0,05;-0,05;0,0;0,0;-0,04;-0,04;-0,01;-0,01;-0,01;-0,01;0,0;0,0;-0,04;-0,04;0,0;0,0;-0,02;-0,02;-0,01;-0,01;-0,01;-0,01;-0,04;-0,04;-0,02;-0,02;-0,01;-0,01;-0,01;-0,01;-0,01;-0,01;-0,06;-0,06
14.08.2026;08:15;08:30;1,14;0,42;0,0;0,0;-0,02;0,0;-0,13;0,0;-0,01;0,0;0,0;0,0;-0,22;-0,14;-0,03;0,0;-0,01;0,0;-0,02;0,0;-0,01;0,0;-0,14;-0,06;0,0;0,0;-0,17;-0,09;-0,01;0,0;-0,01;0,0;0,0;0,0;-0,01;0,0;-0,01;0,0;-0,02;0,0;-0,02;0,0;-0,01;0,0;-0,05;0,0;-0,01;0,0;-0,01;0,0;-0,01;0,0;-0,01;0,0;-0,07;0,0
14.08.2026;08:30;08:45;1,47;0,78;0,0;0,0;-0,05;0,0;-0,09;0,0;0,0;0,0;0,0;0,0;-0,19;-0,05;-0,01;0,0;-0,01;0,0;-0,02;0,0;-0,01;0,0;-0,02;0,0;0,0;0,0;-0,08;0,0;-0,01;0,0;-0,01;0,0;-0,01;0,0;-0,01;0,0;-0,02;0,0;-0,03;0,0;0,0;0,0;-0,01;0,0;-0,05;0,0;-0,01;0,0;-0,02;0,0;-0,01;0,0;-0,01;0,0;-0,06;0,0
14.08.2026;08:45;09:00;1,75;1,06;-0,01;0,0;-0,01;0,0;-0,08;0,0;0,0;0,0;-0,01;0,0;-0,18;0,0;-0,01;0,0;-0,02;0,0;-0,01;0,0;-0,02;0,0;-0,02;0,0;0,0;0,0;-0,03;0,0;-0,01;0,0;-0,02;0,0;-0,01;0,0;-0,01;0,0;-0,01;0,0;-0,02;0,0;-0,02;0,0;-0,03;0,0;-0,06;0,0;-0,01;0,0;-0,01;0,0;-0,01;0,0;-0,01;0,0;-0,06;0,0
14.08.2026;09:00;09:15;1,99;1,3;0,0;0,0;0,0;0,0;-0,09;0,0;0,0;0,0;-0,02;0,0;-0,51;-0,28;-0,01;0,0;-0,01;0,0;-0,01;0,0;-0,01;0,0;-0,01;0,0;0,0;0,0;-0,04;0,0;-0,01;0,0;-0,01;0,0;-0,01;0,0;-0,01;0,0;-0,01;0,0;-0,02;0,0;-0,01;0,0;-0,02;0,0;-0,05;0,0;-0,02;0,0;-0,01;0,0;-0,02;0,0;-0,01;0,0;-0,05;0,0
14.08.2026;09:15;09:30;2,18;1,55;0,0;0,0;-0,01;0,0;-0,15;0,0;0,0;0,0;-0,01;0,0;-0,13;0,0;-0,03;0,0;-0,02;0,0;0,0;0,0;0,0;0,0;-0,01;0,0;0,0;0,0;0,0;0,0;-0,01;0,0;-0,01;0,0;-0,01;0,0;-0,02;0,0;-0,02;0,0;-0,06;0,0;-0,01;0,0;-0,01;0,0;-0,05;0,0;-0,01;0,0;-0,01;0,0;-0,01;0,0;-0,01;0,0;-0,03;0,0
14.08.2026;09:30;09:45;2,41;1,43;0,0;0,0;-0,01;0,0;-0,09;0,0;0,0;0,0;-0,01;0,0;-0,4;-0,1;-0,06;0,0;-0,01;0,0;-0,01;0,0;0,0;0,0;-0,01;0,0;0,0;0,0;-0,01;0,0;-0,01;0,0;-0,01;0,0;0,0;0,0;0,0;0,0;-0,01;0,0;-0,38;-0,08;-0,01;0,0;0,0;0,0;-0,05;0,0;-0,01;0,0;-0,02;0,0;-0,01;0,0;-0,01;0,0;-0,03;0,0
14.08.2026;09:45;10:00;2,6;1,51;0,0;0,0;-0,02;0,0;-0,07;0,0;0,0;0,0;-0,02;0,0;-0,16;0,0;-0,41;-0,11;-0,01;0,0;0,0;0,0;-0,01;0,0;-0,08;0,0;0,0;0,0;-0,01;0,0;-0,14;0,0;-0,01;0,0;0,0;0,0;-0,01;0,0;-0,02;0,0;-0,07;0,0;-0,01;0,0;-0,02;0,0;-0,05;0,0;-0,01;0,0;-0,01;0,0;-0,01;0,0;-0,01;0,0;-0,04;0,0
14.08.2026;10:00;10:15;2,72;2,04;-0,01;0,0;-0,01;0,0;-0,11;0,0;0,0;0,0;-0,01;0,0;-0,05;0,0;-0,04;0,0;-0,02;0,0;0,0;0,0;-0,02;0,0;-0,09;0,0;0,0;0,0;-0,02;0,0;-0,01;0,0;-0,01;0,0;-0,02;0,0;-0,01;0,0;-0,03;0,0;-0,04;0,0;-0,01;0,0;-0,02;0,0;-0,05;0,0;-0,02;0,0;-0,01;0,0;-0,01;0,0;-0,01;0,0;-0,05;0,0
14.08.2026;10:15;10:30;2,9;1,85;0,0;0,0;0,0;0,0;-0,1;0,0;0,0;0,0;-0,02;0,0;-0,05;0,0;-0,03;0,0;-0,01;0,0;-0,02;0,0;-0,02;0,0;-0,07;0,0;0,0;0,0;0,0;0,0;-0,14;0,0;-0,01;0,0;-0,01;0,0;-0,01;0,0;-0,02;0,0;-0,04;0,0;-0,01;0,0;-0,03;0,0;-0,07;0,0;0,0;0,0;-0,01;0,0;-0,01;0,0;-0,01;0,0;-0,37;-0,01
14.08.2026;10:30;10:45;3,17;2,14;0,0;0,0;-0,01;0,0;-0,08;0,0;0,0;0,0;-0,01;0,0;-0,05;0,0;-0,04;0,0;-0,02;0,0;-0,02;0,0;-0,01;0,0;-0,05;0,0;0,0;0,0;-0,01;0,0;-0,12;0,0;-0,01;0,0;-0,01;0,0;-0,02;0,0;-0,04;0,0;-0,09;0,0;-0,01;0,0;0,0;0,0;-0,06;0,0;-0,02;0,0;-0,01;0,0;-0,01;0,0;-0,01;0,0;-0,32;0,0
14.08.2026;10:45;11:00;3,31;2,5;-0,01;0,0;-0,01;0,0;-0,13;0,0;0,0;0,0;-0,01;0,0;-0,04;0,0;-0,24;0,0;-0,01;0,0;-0,02;0,0;-0,01;0,0;-0,02;0,0;0,0;0,0;-0,01;0,0;0,0;0,0;-0,01;0,0;0,0;0,0;-0,01;0,0;-0,02;0,0;-0,1;0,0;-0,01;0,0;-0,01;0,0;-0,03;0,0;-0,01;0,0;0,0;0,0;-0,01;0,0;-0,01;0,0;-0,08;0,0
14.08.2026;11:00;11:15;3,41;2,44;0,0;0,0;-0,01;0,0;-0,06;0,0;0,0;0,0;-0,01;0,0;-0,05;0,0;-0,16;0,0;-0,01;0,0;-0,01;0,0;-0,02;0,0;-0,32;0,0;-0,01;0,0;-0,01;0,0;-0,02;0,0;-0,01;0,0;0,0;0,0;-0,01;0,0;-0,02;0,0;-0,06;0,0;-0,01;0,0;-0,02;0,0;-0,05;0,0;-0,01;0,0;-0,01;0,0;-0,02;0,0;-0,01;0,0;-0,05;0,0
14.08.2026;11:15;11:30;2,31;1,34;0,0;0,0;-0,02;0,0;-0,21;0,0;0,0;0,0;-0,01;0,0;-0,4;-0,13;-0,01;0,0;-0,02;0,0;-0,01;0,0;-0,01;0,0;-0,12;0,0;0,0;0,0;-0,01;0,0;-0,01;0,0;-0,01;0,0;-0,01;0,0;0,0;0,0;-0,04;0,0;-0,05;0,0;-0,01;0,0;-0,02;0,0;-0,05;0,0;-0,01;0,0;-0,01;0,0;-0,01;0,0;-0,01;0,0;-0,04;0,0
14.08.2026;11:30;11:45;0,47;0,18;0,0;0,0;0,0;0,0;-0,23;-0,14;0,0;0,0;0,0;0,0;-0,31;-0,3;-0,03;-0,02;-0,01;0,0;-0,01;0,0;-0,01;0,0;-0,02;-0,01;0,0;0,0;0,0;0,0;-0,01;0,0;-0,01;0,0;-0,01;0,0;-0,02;-0,01;-0,01;0,0;-0,09;-0,08;-0,02;-0,01;-0,02;-0,01;-0,04;-0,03;-0,02;-0,01;-0,01;0,0;-0,01;0,0;-0,01;0,0;-0,04;-0,03
14.08.2026;11:45;12:00;1,45;0,75;0,0;0,0;-0,01;0,0;-0,24;0,0;-0,01;0,0;0,0;0,0;-0,07;0,0;-0,01;0,0;-0,01;0,0;0,0;0,0;-0,01;0,0;-0,06;0,0;0,0;0,0;-0,02;0,0;-0,01;0,0;-0,01;0,0;-0,01;0,0;-0,01;0,0;-0,02;0,0;-0,04;0,0;0,0;0,0;-0,01;0,0;-0,05;0,0;-0,01;0,0;-0,02;0,0;-0,01;0,0;-0,01;0,0;-0,05;0,0
14.08.2026;12:00;12:15;3,88;2,96;-0,01;0,0;0,0;0,0;-0,12;0,0;0,0;0,0;-0,02;0,0;-0,05;0,0;-0,09;0,0;-0,02;0,0;0,0;0,0;0,0;0,0;-0,3;0,0;0,0;0,0;-0,01;0,0;-0,03;0,0;-0,01;0,0;-0,01;0,0;-0,01;0,0;-0,03;0,0;-0,04;0,0;-0,02;0,0;-0,01;0,0;-0,04;0,0;-0,01;0,0;-0,01;0,0;-0,01;0,0;-0,02;0,0;-0,05;0,0
14.08.2026;12:15;12:30;3,89;3,24;0,0;0,0;-0,02;0,0;-0,1;0,0;0,0;0,0;-0,01;0,0;-0,15;0,0;-0,05;0,0;-0,01;0,0;-0,02;0,0;0,0;0,0;-0,04;0,0;0,0;0,0;0,0;0,0;-0,03;0,0;-0,01;0,0;0,0;0,0;-0,01;0,0;-0,02;0,0;-0,03;0,0;-0,01;0,0;-0,02;0,0;-0,04;0,0;-0,01;0,0;-0,01;0,0;-0,01;0,0;-0,01;0,0;-0,04;0,0
14.08.2026;12:30;12:45;3,92;3,39;0,0;0,0;-0,01;0,0;-0,11;0,0;0,0;0,0;-0,01;0,0;-0,04;0,0;-0,02;0,0;-0,02;0,0;-0,03;0,0;-0,02;0,0;-0,02;0,0;0,0;0,0;-0,01;0,0;-0,03;0,0;-0,01;0,0;-0,01;0,0;0,0;0,0;-0,02;0,0;-0,02;0,0;0,0;0,0;-0,02;0,0;-0,04;0,0;-0,01;0,0;-0,01;0,0;-0,01;0,0;-0,01;0,0;-0,05;0,0
14.08.2026;12:45;13:00;3,96;3,32;0,0;0,0;-0,03;0,0;-0,1;0,0;0,0;0,0;-0,02;0,0;-0,05;0,0;-0,02;0,0;-0,01;0,0;-0,08;0,0;-0,02;0,0;0,0;0,0;0,0;0,0;-0,02;0,0;-0,03;0,0;-0,01;0,0;-0,01;0,0;-0,02;0,0;-0,02;0,0;-0,02;0,0;-0,02;0,0;-0,02;0,0;-0,04;0,0;-0,02;0,0;-0,01;0,0;-0,02;0,0;-0,01;0,0;-0,04;0,0
14.08.2026;13:00;13:15;3,95;3,07;-0,01;0,0;-0,01;0,0;-0,07;0,0;0,0;0,0;-0,01;0,0;-0,04;0,0;-0,01;0,0;-0,02;0,0;-0,23;0,0;-0,01;0,0;-0,17;0,0;0,0;0,0;-0,03;0,0;-0,03;0,0;-0,01;0,0;-0,01;0,0;-0,01;0,0;-0,02;0,0;-0,02;0,0;0,0;0,0;-0,01;0,0;-0,05;0,0;-0,01;0,0;-0,02;0,0;-0,02;0,0;-0,02;0,0;-0,04;0,0
14.08.2026;13:15;13:30;3,99;2,98;0,0;0,0;-0,05;0,0;-0,23;0,0;0,0;0,0;-0,01;0,0;-0,04;0,0;-0,02;0,0;-0,01;0,0;-0,16;0,0;-0,02;0,0;-0,08;0,0;0,0;0,0;-0,01;0,0;-0,16;0,0;-0,01;0,0;-0,01;0,0;-0,02;0,0;-0,03;0,0;-0,02;0,0;-0,01;0,0;-0,01;0,0;-0,04;0,0;-0,01;0,0;-0,01;0,0;0,0;0,0;0,0;0,0;-0,05;0,0
14.08.2026;13:30;13:45;3,98;3,14;0,0;0,0;-0,02;0,0;-0,18;0,0;-0,02;0,0;-0,02;0,0;-0,05;0,0;-0,01;0,0;-0,01;0,0;-0,14;0,0;-0,01;0,0;-0,09;0,0;0,0;0,0;-0,02;0,0;-0,04;0,0;-0,01;0,0;0,0;0,0;-0,02;0,0;-0,01;0,0;-0,03;0,0;-0,02;0,0;-0,02;0,0;-0,04;0,0;-0,01;0,0;-0,01;0,0;-0,01;0,0;-0,01;0,0;-0,04;0,0
14.08.2026;13:45;14:00;3,9;2,97;-0,01;0,0;-0,02;0,0;-0,1;0,0;-0,03;0,0;-0,01;0,0;-0,05;0,0;-0,02;0,0;-0,02;0,0;-0,05;0,0;-0,02;0,0;-0,04;0,0;0,0;0,0;-0,03;0,0;-0,03;0,0;-0,01;0,0;-0,01;0,0;-0,25;0,0;-0,04;0,0;-0,02;0,0;0,0;0,0;-0,02;0,0;-0,05;0,0;-0,02;0,0;-0,01;0,0;-0,01;0,0;-0,02;0,0;-0,04;0,0
14.08.2026;14:00;14:15;3,83;2,66;0,0;0,0;-0,02;0,0;-0,09;0,0;-0,04;0,0;-0,02;0,0;-0,04;0,0;-0,03;0,0;-0,01;0,0;-0,01;0,0;-0,01;0,0;-0,01;0,0;0,0;0,0;-0,04;0,0;-0,04;0,0;-0,01;0,0;0,0;0,0;-1,06;-0,55;-0,02;0,0;-0,02;0,0;-0,02;0,0;-0,02;0,0;-0,13;0,0;-0,01;0,0;-0,01;0,0;-0,01;0,0;-0,01;0,0;-0,04;0,0
14.08.2026;14:15;14:30;3,76;2,59;0,0;0,0;-0,01;0,0;-0,15;0,0;-0,07;0,0;-0,01;0,0;-0,05;0,0;-0,02;0,0;-0,01;0,0;-0,02;0,0;-0,01;0,0;-0,02;0,0;0,0;0,0;-0,03;0,0;-0,04;0,0;-0,01;0,0;-0,01;0,0;-0,67;-0,16;-0,02;0,0;-0,02;0,0;-0,01;0,0;-0,01;0,0;-0,04;0,0;-0,01;0,0;-0,02;0,0;-0,01;0,0;-0,01;0,0;-0,05;0,0
14.08.2026;14:30;14:45;3,64;2,46;0,0;0,0;-0,01;0,0;-0,15;0,0;-0,06;0,0;-0,01;0,0;-0,05;0,0;-0,05;0,0;-0,03;0,0;0,0;0,0;0,0;0,0;-0,01;0,0;0,0;0,0;-0,02;0,0;-0,04;0,0;-0,01;0,0;-0,01;0,0;-0,59;-0,12;-0,03;0,0;-0,08;0,0;0,0;0,0;-0,01;0,0;-0,05;0,0;-0,01;0,0;-0,01;0,0;-0,02;0,0;-0,01;0,0;-0,04;0,0
14.08.2026;14:45;15:00;3,51;2,43;0,0;0,0;-0,02;0,0;-0,1;0,0;-0,05;0,0;-0,02;0,0;-0,04;0,0;-0,03;0,0;-0,02;0,0;-0,01;0,0;0,0;0,0;-0,01;0,0;0,0;0,0;-0,02;0,0;-0,04;0,0;-0,01;0,0;-0,01;0,0;-0,51;-0,04;-0,01;0,0;-0,04;0,0;-0,02;0,0;-0,02;0,0;-0,04;0,0;-0,02;0,0;-0,01;0,0;-0,02;0,0;-0,01;0,0;-0,04;0,0
14.08.2026;15:00;15:15;3,34;2,27;-0,01;0,0;-0,02;0,0;-0,19;0,0;-0,06;0,0;-0,01;0,0;-0,04;0,0;-0,05;0,0;-0,03;0,0;-0,03;0,0;-0,02;0,0;-0,04;0,0;0,0;0,0;-0,03;0,0;-0,04;0,0;-0,01;0,0;-0,01;0,0;-0,27;0,0;-0,01;0,0;-0,05;0,0;-0,01;0,0;-0,02;0,0;-0,05;0,0;0,0;0,0;-0,02;0,0;0,0;0,0;-0,01;0,0;-0,04;0,0
14.08.2026;15:15;15:30;1,98;0,88;0,0;0,0;-0,01;0,0;-0,13;0,0;-0,05;0,0;-0,01;0,0;-0,05;0,0;-0,04;0,0;-0,13;0,0;-0,04;0,0;-0,01;0,0;-0,03;0,0;0,0;0,0;-0,06;0,0;-0,04;0,0;-0,01;0,0;0,0;0,0;-0,25;-0,07;-0,01;0,0;-0,05;0,0;-0,01;0,0;-0,03;0,0;-0,05;0,0;-0,02;0,0;-0,07;0,0;-0,01;0,0;-0,01;0,0;-0,05;0,0
14.08.2026;15:30;15:45;0,19;0,14;0,0;0,0;-0,01;-0,01;-0,08;-0,03;-0,05;-0,05;-0,02;-0,02;-0,04;-0,04;-0,03;-0,03;-0,03;-0,03;-0,04;-0,04;-0,02;-0,02;-0,01;-0,01;0,0;0,0;-0,06;-0,06;-0,1;-0,1;-0,01;-0,01;-0,01;-0,01;-0,27;-0,27;-0,01;-0,01;-0,05;-0,05;-0,01;-0,01;-0,01;-0,01;-0,03;-0,03;-0,01;-0,01;-0,22;-0,22;-0,01;-0,01;-0,03;-0,03;-0,04;-0,04
14.08.2026;15:45;16:00;2,12;1,3;0,0;0,0;-0,01;0,0;-0,08;0,0;-0,05;0,0;-0,01;0,0;-0,04;0,0;-0,02;0,0;-0,02;0,0;-0,04;0,0;-0,01;0,0;-0,01;0,0;0,0;0,0;-0,03;0,0;-0,04;0,0;-0,01;0,0;-0,01;0,0;-0,14;0,0;-0,02;0,0;-0,12;0,0;-0,01;0,0;0,0;0,0;-0,05;0,0;-0,01;0,0;-0,01;0,0;-0,01;0,0;-0,03;0,0;-0,04;0,0
14.08.2026;16:00;16:15;2,81;2,07;-0,01;0,0;-0,02;0,0;-0,09;0,0;-0,06;0,0;-0,01;0,0;-0,05;0,0;-0,02;0,0;0,0;0,0;-0,03;0,0;-0,02;0,0;-0,01;0,0;-0,01;0,0;-0,03;0,0;-0,03;0,0;-0,01;0,0;-0,01;0,0;-0,08;0,0;-0,01;0,0;-0,07;0,0;-0,01;0,0;-0,02;0,0;-0,04;0,0;-0,01;0,0;-0,02;0,0;-0,02;0,0;-0,01;0,0;-0,04;0,0
14.08.2026;16:15;16:30;2,63;1,58;0,0;0,0;-0,01;0,0;-0,22;0,0;-0,03;0,0;-0,02;0,0;-0,12;0,0;-0,09;0,0;-0,02;0,0;-0,01;0,0;-0,01;0,0;0,0;0,0;0,0;0,0;-0,11;0,0;-0,04;0,0;-0,01;0,0;-0,01;0,0;-0,03;0,0;0,0;0,0;-0,15;0,0;-0,02;0,0;-0,02;0,0;-0,05;0,0;-0,01;0,0;-0,01;0,0;-0,01;0,0;-0,01;0,0;-0,04;0,0
14.08.2026;16:30;16:45;2,46;1,35;0,0;0,0;-0,02;0,0;-0,26;0,0;-0,04;0,0;-0,01;0,0;-0,05;0,0;-0,11;0,0;-0,02;0,0;-0,02;0,0;-0,01;0,0;-0,02;0,0;0,0;0,0;-0,05;0,0;-0,06;0,0;-0,01;0,0;0,0;0,0;-0,01;0,0;-0,02;0,0;-0,05;0,0;0,0;0,0;-0,03;0,0;-0,04;0,0;-0,2;0,0;-0,02;0,0;-0,02;0,0;-0,01;0,0;-0,03;0,0
14.08.2026;16:45;17:00;2,24;1,1;0,0;0,0;-0,01;0,0;-0,25;0,0;-0,04;0,0;-0,01;0,0;-0,5;-0,28;-0,15;0,0;-0,02;0,0;0,0;0,0;-0,02;0,0;-0,01;0,0;0,0;0,0;-0,02;0,0;-0,05;0,0;-0,01;0,0;0,0;0,0;-0,01;0,0;-0,01;0,0;-0,04;0,0;-0,02;0,0;-0,01;0,0;-0,06;0,0;-0,04;0,0;-0,02;0,0;-0,01;0,0;-0,09;0,0;-0,02;0,0
14.08.2026;17:00;17:15;2,04;1,13;0,0;0,0;-0,01;0,0;-0,12;0,0;-0,04;0,0;-0,02;0,0;-0,1;0,0;-0,08;0,0;-0,03;0,0;-0,01;0,0;0,0;0,0;0,0;0,0;0,0;0,0;-0,03;0,0;-0,09;0,0;-0,01;0,0;-0,01;0,0;-0,01;0,0;-0,01;0,0;-0,02;0,0;-0,01;0,0;0,0;0,0;-0,04;0,0;-0,04;0,0;-0,18;0,0;0,0;0,0;-0,02;0,0;-0,03;0,0
14.08.2026;17:15;17:30;1,78;0,82;-0,01;0,0;-0,01;0,0;-0,11;0,0;-0,05;0,0;-0,01;0,0;-0,07;0,0;-0,05;0,0;-0,02;0,0;-0,01;0,0;0,0;0,0;-0,02;0,0;0,0;0,0;-0,06;0,0;-0,12;0,0;-0,01;0,0;-0,01;0,0;-0,01;0,0;-0,02;0,0;-0,02;0,0;-0,01;0,0;-0,02;0,0;-0,05;0,0;-0,03;0,0;-0,17;0,0;-0,02;0,0;-0,02;0,0;-0,03;0,0
14.08.2026;17:30;17:45;1,56;0,66;0,0;0,0;-0,02;0,0;-0,15;0,0;-0,04;0,0;-0,01;0,0;-0,06;0,0;-0,14;-0,01;-0,02;0,0;-0,01;0,0;-0,01;0,0;0,0;0,0;0,0;0,0;-0,03;0,0;-0,05;0,0;-0,01;0,0;-0,01;0,0;-0,02;0,0;0,0;0,0;-0,02;0,0;-0,01;0,0;-0,03;0,0;-0,04;0,0;-0,02;0,0;-0,17;-0,04;-0,01;0,0;-0,02;0,0;-0,05;0,0
14.08.2026;17:45;18:00;1,32;0,51;0,0;0,0;-0,02;0,0;-0,09;0,0;-0,02;0,0;-0,01;0,0;-0,05;0,0;-0,15;-0,06;-0,02;0,0;-0,02;0,0;-0,02;0,0;-0,01;0,0;0,0;0,0;-0,03;0,0;-0,05;0,0;-0,01;0,0;-0,01;0,0;-0,01;0,0;-0,03;0,0;-0,02;0,0;-0,02;0,0;-0,02;0,0;-0,05;0,0;-0,03;0,0;-0,19;-0,1;-0,01;0,0;-0,04;0,0;-0,04;0,0
14.08.2026;18:00;18:15;1,11;0,34;0,0;0,0;-0,01;0,0;-0,09;0,0;-0,01;0,0;-0,02;0,0;-0,04;0,0;-0,08;-0,01;-0,03;0,0;-0,02;0,0;-0,01;0,0;-0,01;0,0;0,0;0,0;-0,03;0,0;-0,06;0,0;-0,01;0,0;-0,01;0,0;-0,01;0,0;0,0;0,0;-0,03;0,0;-0,35;-0,28;-0,01;0,0;-0,05;0,0;-0,02;0,0;-0,17;-0,1;-0,02;0,0;-0,02;0,0;-0,05;0,0
14.08.2026;18:15;18:30;0,9;0,27;-0,01;0,0;0,0;0,0;-0,11;0,0;-0,01;0,0;-0,01;0,0;-0,03;0,0;-0,08;-0,03;-0,03;0,0;-0,02;0,0;-0,02;0,0;-0,01;0,0;0,0;0,0;-0,03;0,0;-0,03;0,0;-0,01;0,0;0,0;0,0;-0,01;0,0;-0,01;0,0;-0,02;0,0;-0,04;0,0;-0,01;0,0;-0,04;0,0;-0,02;0,0;-0,18;-0,13;-0,01;0,0;-0,01;0,0;-0,04;0,0
14.08.2026;18:30;18:45;0,76;0,27;0,0;0,0;-0,02;0,0;-0,09;0,0;0,0;0,0;-0,01;0,0;-0,04;-0,01;-0,17;-0,14;-0,02;0,0;-0,01;0,0;-0,01;0,0;-0,01;0,0;0,0;0,0;-0,03;0,0;-0,01;0,0;-0,01;0,0;-0,01;0,0;-0,01;0,0;-0,02;0,0;-0,02;0,0;-0,04;-0,01;-0,01;0,0;-0,04;-0,01;0,0;0,0;-0,18;-0,15;-0,01;0,0;-0,01;0,0;-0,36;-0,33
14.08.2026;18:45;19:00;0,6;0,13;0,0;0,0;-0,01;0,0;-0,07;0,0;-0,01;0,0;-0,02;0,0;-0,04;-0,02;-0,07;-0,05;-0,03;-0,01;-0,01;0,0;-0,02;0,0;-0,01;0,0;0,0;0,0;-0,03;-0,01;-0,02;0,0;-0,02;0,0;-0,01;0,0;-0,01;0,0;-0,01;0,0;-0,02;0,0;-0,04;-0,02;-0,03;-0,01;-0,04;-0,02;-0,03;-0,01;-0,11;-0,09;-0,01;0,0;-0,12;-0,1;-0,3;-0,28
14.08.2026;19:00;19:15;0,09;0,09;0,0;0,0;-0,01;-0,01;-0,14;-0,14;-0,01;-0,01;-0,01;-0,01;-0,04;-0,04;-0,16;-0,16;-0,03;-0,03;0,0;0,0;-0,01;-0,01;-0,01;-0,01;0,0;0,0;-0,03;-0,03;-0,01;-0,01;-0,01;-0,01;-0,01;-0,01;-0,02;-0,02;-0,02;-0,02;-0,02;-0,02;-0,04;-0,04;-0,02;-0,02;-0,05;-0,05;-0,03;-0,03;-0,09;-0,09;-0,01;-0,01;-0,05;-0,05;-0,05;-0,05
14.08.2026;19:15;19:30;0,0;0,0;0,0;0,0;-0,01;-0,01;-0,13;-0,13;-0,01;-0,01;-0,01;-0,01;-0,04;-0,04;-0,31;-0,31;-0,04;-0,04;0,0;0,0;-0,01;-0,01;-0,03;-0,03;0,0;0,0;-0,04;-0,04;-0,02;-0,02;-0,01;-0,01;-0,01;-0,01;-0,01;-0,01;-0,02;-0,02;-0,02;-0,02;-0,03;-0,03;-0,01;-0,01;-0,04;-0,04;-0,02;-0,02;-0,02;-0,02;-0,01;-0,01;-0,04;-0,04;-0,05;-0,05
14.08.2026;19:30;19:45;0,01;0,01;-0,01;-0,01;-0,01;-0,01;-0,26;-0,26;-0,01;-0,01;-0,02;-0,02;-0,04;-0,04;-0,35;-0,35;-0,05;-0,05;-0,01;-0,01;-0,01;-0,01;-0,09;-0,09;0,0;0,0;-0,04;-0,04;-0,02;-0,02;-0,03;-0,03;0,0;0,0;-0,01;-0,01;-0,01;-0,01;-0,02;-0,02;-0,04;-0,04;-0,01;-0,01;-0,04;-0,04;-0,01;-0,01;-0,02;-0,02;-0,02;-0,02;-0,05;-0,05;-0,03;-0,03
14.08.2026;19:45;20:00;0,04;0,04;0,0;0,0;-0,01;-0,01;-0,25;-0,25;0,0;0,0;-0,01;-0,01;-0,03;-0,03;-0,34;-0,34;-0,06;-0,06;-0,01;-0,01;0,0;0,0;-0,03;-0,03;0,0;0,0;-0,03;-0,03;-0,04;-0,04;-0,03;-0,03;0,0;0,0;-0,01;-0,01;-0,02;-0,02;-0,02;-0,02;-0,02;-0,02;-0,01;-0,01;-0,05;-0,05;-0,19;-0,19;-0,03;-0,03;-0,01;-0,01;-0,04;-0,04;-0,02;-0,02
14.08.2026;20:00;20:15;0,02;0,02;0,0;0,0;-0,02;-0,02;-0,23;-0,23;-0,01;-0,01;-0,01;-0,01;-0,04;-0,04;-0,37;-0,37;-0,07;-0,07;-0,02;-0,02;0,0;0,0;-0,04;-0,04;0,0;0,0;-0,04;-0,04;-0,03;-0,03;-0,03;-0,03;-0,01;-0,01;-0,01;-0,01;-0,01;-0,01;-0,03;-0,03;-0,03;-0,03;-0,03;-0,03;-0,04;-0,04;-0,19;-0,19;-0,02;-0,02;-0,01;-0,01;-0,04;-0,04;-0,03;-0,03
14.08.2026;20:15;20:30;0,01;0,01;0,0;0,0;-0,01;-0,01;-0,22;-0,22;-0,01;-0,01;-0,02;-0,02;-0,04;-0,04;-0,22;-0,22;-0,07;-0,07;-0,01;-0,01;-0,02;-0,02;-0,01;-0,01;0,0;0,0;-0,03;-0,03;-0,03;-0,03;-0,03;-0,03;-0,01;-0,01;-0,01;-0,01;-0,01;-0,01;-0,02;-0,02;-0,03;-0,03;-0,02;-0,02;-0,05;-0,05;-0,18;-0,18;0,0;0,0;-0,01;-0,01;-0,03;-0,03;-0,02;-0,02
14.08.2026;20:30;20:45;0,0;0,0;-0,01;-0,01;-0,02;-0,02;-0,09;-0,09;0,0;0,0;-0,01;-0,01;-0,04;-0,04;-0,1;-0,1;-0,07;-0,07;-0,02;-0,02;-0,02;-0,02;-0,03;-0,03;0,0;0,0;-0,03;-0,03;-0,04;-0,04;-0,03;-0,03;-0,02;-0,02;-0,02;-0,02;-0,02;-0,02;-0,02;-0,02;-0,02;-0,02;-0,01;-0,01;-0,03;-0,03;-0,18;-0,18;-0,01;-0,01;-0,01;-0,01;-0,03;-0,03;-0,02;-0,02
14.08.2026;20:45;21:00;0,0;0,0;0,0;0,0;0,0;0,0;-0,09;-0,09;-0,01;-0,01;-0,01;-0,01;-0,03;-0,03;-0,35;-0,35;-0,07;-0,07;-0,01;-0,01;-0,01;-0,01;-0,01;-0,01;0,0;0,0;-0,03;-0,03;-0,05;-0,05;-0,02;-0,02;0,0;0,0;-0,01;-0,01;-0,01;-0,01;-0,02;-0,02;-0,03;-0,03;-0,01;-0,01;-0,01;-0,01;-0,07;-0,07;0,0;0,0;-0,01;-0,01;-0,04;-0,04;-0,02;-0,02
14.08.2026;21:00;21:15;0,0;0,0;0,0;0,0;-0,01;-0,01;-0,08;-0,08;-0,01;-0,01;-0,02;-0,02;-0,04;-0,04;-0,04;-0,04;-0,06;-0,06;0,0;0,0;-0,02;-0,02;-0,02;-0,02;-0,01;-0,01;-0,03;-0,03;-0,04;-0,04;-0,03;-0,03;-0,01;-0,01;-0,01;-0,01;-0,02;-0,02;-0,02;-0,02;-0,03;-0,03;-0,01;-0,01;-0,04;-0,04;-0,07;-0,07;-0,02;-0,02;-0,02;-0,02;-0,03;-0,03;-0,07;-0,07
14.08.2026;21:15;21:30;0,0;0,0;0,0;0,0;-0,02;-0,02;-0,11;-0,11;-0,01;-0,01;0,0;0,0;-0,04;-0,04;-0,02;-0,02;-0,06;-0,06;-0,01;-0,01;-0,01;-0,01;-0,02;-0,02;0,0;0,0;-0,02;-0,02;-0,06;-0,06;-0,02;-0,02;0,0;0,0;-0,01;-0,01;-0,01;-0,01;-0,02;-0,02;-0,03;-0,03;-0,03;-0,03;-0,05;-0,05;-0,07;-0,07;-0,01;-0,01;-0,01;-0,01;-0,04;-0,04;-0,04;-0,04
14.08.2026;21:30;21:45;0,0;0,0;-0,01;-0,01;-0,01;-0,01;-0,12;-0,12;0,0;0,0;0,0;0,0;-0,04;-0,04;-0,02;-0,02;-0,07;-0,07;0,0;0,0;-0,01;-0,01;-0,01;-0,01;0,0;0,0;-0,01;-0,01;-0,06;-0,06;-0,04;-0,04;-0,01;-0,01;-0,01;-0,01;-0,01;-0,01;-0,04;-0,04;-0,27;-0,27;-0,02;-0,02;-0,04;-0,04;-0,04;-0,04;-0,01;-0,01;-0,02;-0,02;-0,03;-0,03;-0,04;-0,04
14.08.2026;21:45;22:00;0,0;0,0;0,0;0,0;-0,04;-0,04;-0,09;-0,09;-0,01;-0,01;-0,01;-0,01;-0,05;-0,05;-0,03;-0,03;-0,05;-0,05;0,0;0,0;-0,02;-0,02;-0,01;-0,01;0,0;0,0;-0,04;-0,04;-0,06;-0,06;-0,04;-0,04;-0,01;-0,01;-0,01;-0,01;-0,02;-0,02;-0,04;-0,04;-0,15;-0,15;-0,01;-0,01;-0,05;-0,05;-0,03;-0,03;-0,01;-0,01;-0,01;-0,01;-0,03;-0,03;-0,04;-0,04
14.08.2026;22:00;22:15;0,0;0,0;0,0;0,0;-0,02;-0,02;-0,09;-0,09;-0,01;-0,01;0,0;0,0;-0,04;-0,04;-0,02;-0,02;-0,02;-0,02;-0,02;-0,02;-0,01;-0,01;-0,01;-0,01;0,0;0,0;-0,03;-0,03;-0,05;-0,05;-0,03;-0,03;-0,01;-0,01;-0,02;-0,02;-0,01;-0,01;-0,04;-0,04;-0,05;-0,05;-0,01;-0,01;-0,04;-0,04;-0,13;-0,13;-0,02;-0,02;0,0;0,0;-0,04;-0,04;-0,05;-0,05
14.08.2026;22:15;22:30;0,0;0,0;0,0;0,0;-0,02;-0,02;-0,07;-0,07;0,0;0,0;-0,02;-0,02;-0,04;-0,04;-0,03;-0,03;-0,03;-0,03;-0,02;-0,02;0,0;0,0;0,0;0,0;0,0;0,0;-0,01;-0,01;-0,05;-0,05;-0,04;-0,04;-0,01;-0,01;-0,01;-0,01;-0,01;-0,01;-0,04;-0,04;-0,05;-0,05;-0,01;-0,01;-0,02;-0,02;-0,03;-0,03;-0,01;-0,01;-0,01;-0,01;-0,03;-0,03;-0,03;-0,03
14.08.2026;22:30;22:45;0,0;0,0;0,0;0,0;-0,01;-0,01;-0,06;-0,06;-0,01;-0,01;-0,01;-0,01;-0,05;-0,05;-0,03;-0,03;-0,03;-0,03;-0,02;-0,02;0,0;0,0;-0,02;-0,02;0,0;0,0;-0,03;-0,03;-0,05;-0,05;-0,04;-0,04;0,0;0,0;-0,01;-0,01;-0,02;-0,02;-0,02;-0,02;0,0;0,0;-0,03;-0,03;-0,01;-0,01;-0,02;-0,02;-0,01;-0,01;-0,02;-0,02;-0,02;-0,02;-0,04;-0,04
14.08.2026;22:45;23:00;0,0;0,0;-0,01;-0,01;-0,03;-0,03;-0,12;-0,12;-0,01;-0,01;-0,01;-0,01;-0,04;-0,04;-0,04;-0,04;-0,02;-0,02;-0,01;-0,01;-0,01;-0,01;-0,01;-0,01;0,0;0,0;-0,03;-0,03;-0,05;-0,05;-0,03;-0,03;0,0;0,0;-0,01;-0,01;0,0;0,0;-0,02;-0,02;-0,01;-0,01;-0,02;-0,02;-0,01;-0,01;-0,03;-0,03;-0,01;-0,01;-0,02;-0,02;-0,02;-0,02;-0,04;-0,04
14.08.2026;23:00;23:15;0,0;0,0;0,0;0,0;-0,02;-0,02;-0,11;-0,11;0,0;0,0;-0,02;-0,02;-0,04;-0,04;-0,03;-0,03;-0,03;-0,03;-0,01;-0,01;-0,02;-0,02;0,0;0,0;0,0;0,0;-0,01;-0,01;-0,05;-0,05;-0,02;-0,02;-0,02;-0,02;-0,01;-0,01;-0,02;-0,02;-0,03;-0,03;-0,02;-0,02;-0,01;-0,01;-0,01;-0,01;-0,03;-0,03;-0,01;-0,01;-0,01;-0,01;-0,01;-0,01;-0,02;-0,02
14.08.2026;23:15;23:30;0,0;0,0;0,0;0,0;-0,01;-0,01;-0,12;-0,12;-0,01;-0,01;-0,01;-0,01;-0,04;-0,04;-0,03;-0,03;-0,03;-0,03;0,0;0,0;-0,02;-0,02;-0,02;-0,02;0,0;0,0;-0,01;-0,01;-0,19;-0,19;-0,03;-0,03;-0,01;-0,01;-0,01;-0,01;-0,01;-0,01;-0,03;-0,03;-0,01;-0,01;-0,01;-0,01;-0,01;-0,01;-0,02;-0,02;-0,01;-0,01;-0,01;-0,01;-0,01;-0,01;-0,02;-0,02
14.08.2026;23:30;23:45;0,0;0,0;0,0;0,0;-0,02;-0,02;-0,1;-0,1;-0,01;-0,01;-0,01;-0,01;-0,03;-0,03;-0,04;-0,04;-0,02;-0,02;0,0;0,0;-0,01;-0,01;0,0;0,0;0,0;0,0;-0,01;-0,01;-0,05;-0,05;-0,02;-0,02;-0,01;-0,01;-0,01;-0,01;0,0;0,0;-0,03;-0,03;-0,01;-0,01;-0,01;-0,01;-0,01;-0,01;-0,01;-0,01;-0,02;-0,02;0,0;0,0;-0,02;-0,02;-0,01;-0,01
14.08.2026;23:45;00:00;0,0;0,0;-0,01;-0,01;-0,02;-0,02;-0,2;-0,2;0,0;0,0;-0,02;-0,02;-0,04;-0,04;-0,03;-0,03;-0,03;-0,03;-0,01;-0,01;-0,01;-0,01;-0,01;-0,01;0,0;0,0;-0,02;-0,02;-0,05;-0,05;-0,01;-0,01;0,0;0,0;-0,02;-0,02;-0,02;-0,02;-0,02;-0,02;-0,01;-0,01;-0,03;-0,03;-0,01;-0,01;-0,02;-0,02;-0,01;-0,01;-0,02;-0,02;-0,01;-0,01;-0,01;-0,01
15.08.2026;00:00;00:15;0,0;0,0;0,0;0,0;-0,01;-0,01;-0,15;-0,15;-0,01;-0,01;-0,01;-0,01;-0,04;-0,04;-0,04;-0,04;-0,02;-0,02;-0,01;-0,01;-0,02;-0,02;-0,01;-0,01;0,0;0,0;0,0;0,0;-0,05;-0,05;-0,01;-0,01;0,0;0,0;-0,01;-0,01;-0,01;-0,01;-0,03;-0,03;-0,01;-0,01;-0,02;-0,02;-0,01;-0,01;-0,01;-0,01;-0,01;-0,01;-0,01;-0,01;-0,01;-0,01;-0,01;-0,01
15.08.2026;00:15;00:30;0,0;0,0;0,0;0,0;-0,02;-0,02;-0,11;-0,11;-0,01;-0,01;-0,02;-0,02;-0,04;-0,04;-0,03;-0,03;-0,03;-0,03;-0,02;-0,02;-0,01;-0,01;-0,01;-0,01;0,0;0,0;-0,01;-0,01;-0,05;-0,05;-0,01;-0,01;-0,01;-0,01;-0,01;-0,01;-0,01;-0,01;-0,02;-0,02;-0,01;-0,01;-0,01;-0,01;-0,01;-0,01;-0,01;-0,01;-0,02;-0,02;-0,01;-0,01;-0,01;-0,01;0,0;0,0
15.08.2026;00:30;00:45;0,0;0,0;0,0;0,0;-0,01;-0,01;-0,23;-0,23;0,0;0,0;0,0;0,0;-0,03;-0,03;-0,02;-0,02;-0,02;-0,02;-0,02;-0,02;-0,01;-0,01;-0,01;-0,01;0,0;0,0;-0,01;-0,01;-0,05;-0,05;-0,02;-0,02;-0,01;-0,01;-0,03;-0,03;-0,01;-0,01;-0,02;-0,02;-0,01;-0,01;0,0;0,0;-0,01;-0,01;-0,01;-0,01;-0,01;-0,01;-0,02;-0,02;-0,02;-0,02;0,0;0,0
15.08.2026;00:45;01:00;0,0;0,0;0,0;0,0;-0,02;-0,02;-0,1;-0,1;-0,01;-0,01;0,0;0,0;-0,04;-0,04;-0,01;-0,01;-0,03;-0,03;-0,02;-0,02;-0,01;-0,01;-0,01;-0,01;0,0;0,0;-0,01;-0,01;-0,05;-0,05;0,0;0,0;-0,01;-0,01;-0,29;-0,29;-0,01;-0,01;-0,02;-0,02;-0,01;-0,01;-0,02;-0,02;-0,01;-0,01;-0,02;-0,02;-0,01;-0,01;-0,01;-0,01;-0,01;-0,01;0,0;0,0
15.08.2026;01:00;01:15;0,0;0,0;-0,01;-0,01;-0,01;-0,01;-0,15;-0,15;-0,01;-0,01;-0,01;-0,01;-0,04;-0,04;-0,01;-0,01;-0,02;-0,02;-0,01;-0,01;0,0;0,0;-0,01;-0,01;0,0;0,0;-0,01;-0,01;-0,08;-0,08;-0,02;-0,02;-0,01;-0,01;-0,32;-0,32;-0,01;-0,01;-0,03;-0,03;-0,02;-0,02;-0,03;-0,03;-0,01;-0,01;-0,01;-0,01;-0,01;-0,01;-0,01;-0,01;-0,01;-0,01;-0,02;-0,02
15.08.2026;01:15;01:30;0,0;0,0;0,0;0,0;-0,03;-0,03;-0,17;-0,17;0,0;0,0;0,0;0,0;-0,03;-0,03;-0,02;-0,02;-0,01;-0,01;0,0;0,0;0,0;0,0;-0,01;-0,01;0,0;0,0;0,0;0,0;-0,05;-0,05;0,0;0,0;0,0;0,0;-0,47;-0,47;-0,01;-0,01;-0,02;-0,02;-0,01;-0,01;-0,02;-0,02;-0,01;-0,01;-0,01;-0,01;-0,02;-0,02;-0,01;-0,01;-0,01;-0,01;-0,02;-0,02
15.08.2026;01:30;01:45;0,0;0,0;0,0;0,0;-0,02;-0,02;-0,22;-0,22;-0,01;-0,01;-0,02;-0,02;-0,04;-0,04;-0,05;-0,05;-0,01;-0,01;-0,01;-0,01;-0,02;-0,02;0,0;0,0;0,0;0,0;-0,01;-0,01;-0,04;-0,04;-0,01;-0,01;-0,01;-0,01;-0,13;-0,13;-0,01;-0,01;-0,02;-0,02;-0,01;-0,01;0,0;0,0;-0,01;-0,01;-0,01;-0,01;-0,01;-0,01;-0,01;-0,01;-0,02;-0,02;-0,01;-0,01
15.08.2026;01:45;02:00;0,0;0,0;0,0;0,0;-0,01;-0,01;-0,23;-0,23;-0,01;-0,01;-0,01;-0,01;-0,04;-0,04;-0,04;-0,04;0,0;0,0;0,0;0,0;-0,02;-0,02;-0,01;-0,01;0,0;0,0;-0,02;-0,02;-0,05;-0,05;-0,01;-0,01;0,0;0,0;-0,14;-0,14;-0,02;-0,02;-0,02;-0,02;-0,01;-0,01;-0,01;-0,01;-0,02;-0,02;-0,01;-0,01;-0,01;-0,01;-0,01;-0,01;-0,01;-0,01;-0,01;-0,01
15.08.2026;02:00;02:15;0,0;0,0;-0,01;-0,01;-0,01;-0,01;-0,23;-0,23;0,0;0,0;-0,02;-0,02;-0,03;-0,03;-0,02;-0,02;-0,03;-0,03;-0,01;-0,01;-0,01;-0,01;-0,01;-0,01;-0,01;-0,01;-0,01;-0,01;-0,13;-0,13;-0,01;-0,01;-0,02;-0,02;-0,13;-0,13;0,0;0,0;-0,02;-0,02;-0,01;-0,01;-0,02;-0,02;0,0;0,0;-0,01;-0,01;-0,02;-0,02;-0,02;-0,02;-0,01;-0,01;-0,01;-0,01
15.08.2026;02:15;02:30;0,0;0,0;0,0;0,0;0,0;0,0;-0,17;-0,17;-0,01;-0,01;-0,01;-0,01;-0,04;-0,04;-0,02;-0,02;-0,01;-0,01;0,0;0,0;-0,01;-0,01;-0,01;-0,01;0,0;0,0;0,0;0,0;-0,01;-0,01;-0,01;-0,01;-0,01;-0,01;-0,03;-0,03;-0,01;-0,01;-0,02;-0,02;-0,01;-0,01;-0,02;-0,02;-0,01;-0,01;-0,01;-0,01;-0,01;-0,01;-0,01;-0,01;-0,01;-0,01;0,0;0,0
15.08.2026;02:30;02:45;0,0;0,0;0,0;0,0;-0,01;-0,01;-0,13;-0,13;0,0;0,0;-0,01;-0,01;-0,03;-0,03;-0,02;-0,02;0,0;0,0;-0,02;-0,02;-0,02;-0,02;-0,01;-0,01;0,0;0,0;-0,01;-0,01;-0,01;-0,01;0,0;0,0;0,0;0,0;-0,02;-0,02;-0,02;-0,02;-0,03;-0,03;-0,01;-0,01;-0,02;-0,02;-0,02;-0,02;-0,02;-0,02;-0,01;-0,01;-0,01;-0,01;-0,02;-0,02;0,0;0,0
15.08.2026;02:45;03:00;0,0;0,0;0,0;0,0;0,0;0,0;-0,17;-0,17;-0,01;-0,01;-0,02;-0,02;-0,04;-0,04;-0,02;-0,02;-0,03;-0,03;-0,02;-0,02;-0,01;-0,01;0,0;0,0;0,0;0,0;-0,02;-0,02;-0,01;-0,01;-0,02;-0,02;-0,01;-0,01;-0,02;-0,02;0,0;0,0;-0,02;-0,02;-0,01;-0,01;-0,01;-0,01;0,0;0,0;-0,01;-0,01;-0,02;-0,02;-0,01;-0,01;-0,01;-0,01;-0,01;-0,01
15.08.2026;03:00;03:15;0,0;0,0;0,0;0,0;-0,01;-0,01;-0,09;-0,09;-0,01;-0,01;-0,01;-0,01;-0,04;-0,04;-0,02;-0,02;-0,01;-0,01;-0,01;-0,01;-0,01;-0,01;-0,01;-0,01;0,0;0,0;0,0;0,0;-0,01;-0,01;-0,01;-0,01;0,0;0,0;-0,01;-0,01;-0,02;-0,02;-0,02;-0,02;-0,02;-0,02;-0,01;-0,01;-0,02;-0,02;0,0;0,0;0,0;0,0;-0,01;-0,01;-0,01;-0,01;-0,02;-0,02
15.08.2026;03:15;03:30;0,0;0,0;-0,01;-0,01;-0,02;-0,02;-0,13;-0,13;0,0;0,0;0,0;0,0;-0,03;-0,03;-0,01;-0,01;-0,01;-0,01;-0,02;-0,02;-0,01;-0,01;-0,01;-0,01;0,0;0,0;-0,01;-0,01;-0,01;-0,01;0,0;0,0;-0,01;-0,01;-0,02;-0,02;-0,01;-0,01;-0,02;-0,02;-0,01;-0,01;-0,02;-0,02;-0,01;-0,01;-0,02;-0,02;0,0;0,0;-0,01;-0,01;-0,01;-0,01;-0,01;-0,01
15.08.2026;03:30;03:45;0,0;0,0;0,0;0,0;-0,01;-0,01;-0,21;-0,21;-0,01;-0,01;-0,01;-0,01;-0,04;-0,04;-0,02;-0,02;-0,02;-0,02;0,0;0,0;0,0;0,0;-0,01;-0,01;0,0;0,0;-0,01;-0,01;-0,02;-0,02;-0,02;-0,02;-0,01;-0,01;-0,05;-0,05;0,0;0,0;-0,02;-0,02;-0,01;-0,01;-0,02;-0,02;0,0;0,0;-0,01;-0,01;-0,01;-0,01;-0,01;-0,01;-0,02;-0,02;-0,01;-0,01
15.08.2026;03:45;04:00;0,0;0,0;0,0;0,0;0,0;0,0;-0,2;-0,2;-0,01;-0,01;0,0;0,0;-0,03;-0,03;-0,01;-0,01;-0,01;-0,01;0,0;0,0;0,0;0,0;-0,01;-0,01;0,0;0,0;-0,02;-0,02;0,0;0,0;-0,01;-0,01;-0,01;-0,01;-0,02;-0,02;-0,02;-0,02;-0,02;-0,02;-0,01;-0,01;-0,02;-0,02;-0,02;-0,02;-0,01;-0,01;-0,01;-0,01;-0,02;-0,02;-0,01;-0,01;0,0;0,0
15.08.2026;04:00;04:15;0,0;0,0;0,0;0,0;-0,01;-0,01;-0,06;-0,06;0,0;0,0;-0,01;-0,01;-0,04;-0,04;-0,01;-0,01;-0,02;-0,02;-0,01;-0,01;-0,02;-0,02;-0,01;-0,01;0,0;0,0;0,0;0,0;-0,02;-0,02;0,0;0,0;0,0;0,0;-0,03;-0,03;-0,01;-0,01;-0,02;-0,02;-0,01;-0,01;-0,01;-0,01;-0,01;-0,01;-0,01;-0,01;-0,02;-0,02;-0,01;-0,01;-0,01;-0,01;-0,01;-0,01
15.08.2026;04:15;04:30;0,0;0,0;-0,01;-0,01;-0,01;-0,01;-0,21;-0,21;-0,01;-0,01;-0,02;-0,02;-0,03;-0,03;-0,01;-0,01;-0,01;-0,01;0,0;0,0;-0,02;-0,02;0,0;0,0;0,0;0,0;0,0;0,0;-0,01;-0,01;-0,02;-0,02;-0,01;-0,01;-0,02;-0,02;-0,01;-0,01;-0,02;-0,02;-0,01;-0,01;-0,01;-0,01;-0,01;-0,01;-0,02;-0,02;-0,01;-0,01;-0,01;-0,01;-0,01;-0,01;0,0;0,0
15.08.2026;04:30;04:45;0,0;0,0;0,0;0,0;-0,01;-0,01;-0,21;-0,21;-0,01;-0,01;-0,01;-0,01;-0,04;-0,04;-0,02;-0,02;-0,01;-0,01;0,0;0,0;-0,01;-0,01;-0,01;-0,01;0,0;0,0;-0,02;-0,02;-0,01;-0,01;-0,01;-0,01;0,0;0,0;0,0;0,0;-0,01;-0,01;-0,03;-0,03;-0,01;-0,01;-0,01;-0,01;-0,01;-0,01;0,0;0,0;-0,01;-0,01;-0,01;-0,01;-0,02;-0,02;-0,01;-0,01
15.08.2026;04:45;05:00;0,0;0,0;0,0;0,0;-0,01;-0,01;-0,21;-0,21;0,0;0,0;-0,01;-0,01;-0,03;-0,03;-0,01;-0,01;-0,02;-0,02;-0,02;-0,02;-0,02;-0,02;-0,01;-0,01;0,0;0,0;-0,01;-0,01;-0,01;-0,01;0,0;0,0;-0,01;-0,01;-0,01;-0,01;-0,01;-0,01;-0,02;-0,02;-0,01;-0,01;-0,03;-0,03;0,0;0,0;-0,01;-0,01;-0,01;-0,01;-0,01;-0,01;-0,01;-0,01;-0,02;-0,02
15.08.2026;05:00;05:15;0,0;0,0;0,0;0,0;-0,01;-0,01;-0,06;-0,06;-0,01;-0,01;-0,02;-0,02;-0,04;-0,04;-0,01;-0,01;-0,01;-0,01;-0,02;-0,02;-0,01;-0,01;-0,01;-0,01;0,0;0,0;-0,01;-0,01;-0,01;-0,01;-0,02;-0,02;-0,02;-0,02;-0,02;-0,02;-0,01;-0,01;-0,02;-0,02;-0,02;-0,02;-0,02;-0,02;-0,02;-0,02;-0,02;-0,02;-0,01;-0,01;-0,01;-0,01;-0,01;-0,01;-0,01;-0,01
15.08.2026;05:15;05:30;0,0;0,0;0,0;0,0;0,0;0,0;-0,12;-0,12;0,0;0,0;-0,01;-0,01;-0,03;-0,03;-0,02;-0,02;-0,01;-0,01;-0,02;-0,02;-0,01;-0,01;-0,01;-0,01;0,0;0,0;0,0;0,0;-0,01;-0,01;0,0;0,0;0,0;0,0;-0,02;-0,02;-0,02;-0,02;-0,02;-0,02;-0,01;-0,01;-0,01;-0,01;-0,01;-0,01;-0,01;-0,01;-0,02;-0,02;-0,01;-0,01;-0,01;-0,01;0,0;0,0
15.08.2026;05:30;05:45;0,0;0,0;-0,01;-0,01;-0,01;-0,01;-0,23;-0,23;-0,01;-0,01;-0,01;-0,01;-0,04;-0,04;-0,01;-0,01;-0,02;-0,02;-0,01;-0,01;-0,02;-0,02;0,0;0,0;0,0;0,0;-0,01;-0,01;-0,01;-0,01;-0,01;-0,01;-0,01;-0,01;-0,01;-0,01;0,0;0,0;-0,02;-0,02;-0,01;-0,01;-0,01;-0,01;-0,01;-0,01;0,0;0,0;-0,01;-0,01;-0,01;-0,01;-0,02;-0,02;0,0;0,0
15.08.2026;05:45;06:00;0,0;0,0;0,0;0,0;-0,02;-0,02;-0,22;-0,22;0,0;0,0;-0,01;-0,01;-0,05;-0,05;-0,01;-0,01;-0,01;-0,01;0,0;0,0;-0,01;-0,01;-0,02;-0,02;0,0;0,0;-0,02;-0,02;-0,01;-0,01;-0,02;-0,02;0,0;0,0;-0,01;-0,01;-0,02;-0,02;-0,02;-0,02;-0,01;-0,01;-0,01;-0,01;-0,01;-0,01;-0,02;-0,02;-0,01;-0,01;-0,02;-0,02;-0,01;-0,01;-0,05;-0,05
15.08.2026;06:00;06:15;0,02;0,02;0,0;0,0;-0,01;-0,01;-0,24;-0,24;-0,01;-0,01;0,0;0,0;-0,03;-0,03;-0,01;-0,01;-0,02;-0,02;-0,01;-0,01;0,0;0,0;0,0;0,0;0,0;0,0;0,0;0,0;-0,01;-0,01;-0,01;-0,01;-0,01;-0,01;-0,01;-0,01;-0,01;-0,01;-0,02;-0,02;-0,01;-0,01;-0,02;-0,02;-0,01;-0,01;-0,01;-0,01;-0,01;-0,01;-0,01;-0,01;-0,01;-0,01;-0,02;-0,02
15.08.2026;06:15;06:30;0,03;0,03;0,0;0,0;-0,01;-0,01;-0,2;-0,2;-0,01;-0,01;0,0;0,0;-0,04;-0,04;-0,01;-0,01;-0,01;-0,01;-0,1;-0,1;0,0;0,0;-0,01;-0,01;0,0;0,0;-0,01;-0,01;-0,01;-0,01;-0,01;-0,01;-0,01;-0,01;-0,01;-0,01;0,0;0,0;-0,02;-0,02;-0,11;-0,11;-0,02;-0,02;-0,01;-0,01;-0,01;-0,01;-0,01;-0,01;-0,02;-0,02;-0,01;-0,01;-0,01;-0,01
15.08.2026;06:30;06:45;0,08;0,08;-0,01;-0,01;0,0;0,0;-0,08;-0,08;-0,01;-0,01;-0,01;-0,01;-0,04;-0,04;-0,03;-0,03;-0,01;-0,01;-0,01;-0,01;-0,01;-0,01;-0,01;-0,01;0,0;0,0;-0,01;-0,01;-0,01;-0,01;-0,01;-0,01;-0,01;-0,01;-0,02;-0,02;-0,02;-0,02;-0,03;-0,03;-0,14;-0,14;-0,02;-0,02;-0,01;-0,01;-0,01;-0,01;-0,02;-0,02;0,0;0,0;-0,03;-0,03;-0,01;-0,01
15.08.2026;06:45;07:00;0,07;0,07;0,0;0,0;-0,01;-0,01;-0,08;-0,08;-0,01;-0,01;-0,02;-0,02;-0,04;-0,04;-0,03;-0,03;-0,02;-0,02;-0,01;-0,01;-0,02;-0,02;0,0;0,0;0,0;0,0;-0,04;-0,04;-0,01;-0,01;-0,01;-0,01;0,0;0,0;-0,01;-0,01;-0,01;-0,01;-0,02;-0,02;-0,49;-0,49;-0,01;-0,01;-0,01;-0,01;-0,04;-0,04;-0,01;-0,01;-0,01;-0,01;-0,02;-0,02;-0,02;-0,02
15.08.2026;07:00;07:15;0,0;0,0;0,0;0,0;-0,02;-0,02;-0,15;-0,15;-0,02;-0,02;-0,01;-0,01;-0,04;-0,04;-0,02;-0,02;-0,01;-0,01;-0,02;-0,02;-0,01;-0,01;-0,02;-0,02;-0,01;-0,01;-0,02;-0,02;-0,01;-0,01;-0,01;-0,01;-0,01;-0,01;-0,01;-0,01;-0,01;-0,01;-0,04;-0,04;-0,2;-0,2;-0,01;-0,01;-0,01;-0,01;-0,01;-0,01;-0,01;-0,01;-0,01;-0,01;-0,02;-0,02;-0,01;-0,01
15.08.2026;07:15;07:30;0,0;0,0;0,0;0,0;-0,01;-0,01;-0,07;-0,07;-0,02;-0,02;-0,02;-0,02;-0,04;-0,04;-0,02;-0,02;-0,02;-0,02;-0,02;-0,02;-0,02;-0,02;0,0;0,0;0,0;0,0;0,0;0,0;-0,01;-0,01;-0,01;-0,01;0,0;0,0;-0,01;-0,01;-0,01;-0,01;-0,02;-0,02;-0,15;-0,15;-0,02;-0,02;-0,01;-0,01;-0,01;-0,01;-0,01;-0,01;-0,01;-0,01;-0,32;-0,32;-0,01;-0,01
15.08.2026;07:30;07:45;0,39;0,11;-0,01;0,0;-0,26;-0,25;-0,1;-0,07;-0,01;0,0;-0,01;0,0;-0,04;-0,03;-0,04;-0,03;-0,01;0,0;-0,02;-0,01;-0,01;0,0;-0,03;-0,02;0,0;0,0;-0,01;0,0;-0,01;0,0;-0,01;0,0;-0,01;0,0;-0,01;0,0;-0,01;0,0;-0,03;-0,02;-0,18;-0,17;-0,02;-0,01;-0,01;0,0;-0,02;-0,01;-0,02;-0,01;-0,02;-0,01;-0,02;-0,01;-0,01;0,0
15.08.2026;07:45;08:00;0,66;0,21;0,0;0,0;-0,08;-0,06;-0,09;0,0;-0,01;0,0;-0,01;0,0;-0,05;-0,03;-0,03;-0,01;-0,01;0,0;-0,02;0,0;-0,01;0,0;-0,03;-0,01;0,0;0,0;-0,02;0,0;-0,01;0,0;-0,01;0,0;-0,02;0,0;-0,01;0,0;-0,02;0,0;-0,02;0,0;-0,14;-0,12;-0,02;0,0;-0,02;0,0;-0,01;0,0;-0,01;0,0;-0,01;0,0;-0,04;-0,02;0,0;0,0
15.08.2026;08:00;08:15;0,83;0,27;0,0;0,0;-0,05;0,0;-0,07;0,0;-0,01;0,0;-0,02;0,0;-0,12;-0,06;-0,02;0,0;-0,02;0,0;0,0;0,0;-0,02;0,0;-0,1;-0,04;0,0;0,0;-0,01;0,0;-0,02;0,0;-0,01;0,0;0,0;0,0;-0,02;0,0;0,0;0,0;-0,02;0,0;-0,17;-0,11;-0,01;0,0;-0,01;0,0;0,0;0,0;-0,01;0,0;-0,02;0,0;-0,04;0,0;0,0;0,0
15.08.2026;08:15;08:30;1,18;0,62;0,0;0,0;-0,19;-0,07;-0,1;0,0;0,0;0,0;0,0;0,0;-0,04;0,0;-0,02;0,0;-0,01;0,0;0,0;0,0;-0,01;0,0;-0,03;0,0;0,0;0,0;0,0;0,0;-0,01;0,0;-0,01;0,0;-0,01;0,0;-0,01;0,0;-0,01;0,0;-0,02;0,0;-0,07;0,0;-0,01;0,0;-0,01;0,0;-0,02;0,0;-0,02;0,0;0,0;0,0;-0,02;0,0;-0,01;0,0
15.08.2026;08:30;08:45;1,46;0,61;0,0;0,0;-0,24;-0,1;-0,08;0,0;-0,01;0,0;0,0;0,0;-0,07;0,0;-0,37;-0,23;-0,02;0,0;-0,01;0,0;-0,01;0,0;-0,02;0,0;0,0;0,0;-0,05;0,0;-0,01;0,0;-0,01;0,0;0,0;0,0;-0,01;0,0;-0,02;0,0;-0,02;0,0;-0,15;-0,01;-0,01;0,0;-0,01;0,0;-0,01;0,0;-0,01;0,0;-0,01;0,0;-0,03;0,0;-0,01;0,0
15.08.2026;08:45;09:00;1,73;0,73;-0,01;0,0;-0,19;-0,02;-0,09;0,0;-0,01;0,0;-0,01;0,0;-0,13;0,0;-0,33;-0,16;-0,01;0,0;0,0;0,0;0,0;0,0;-0,03;0,0;0,0;0,0;-0,01;0,0;-0,07;0,0;-0,01;0,0;-0,01;0,0;0,0;0,0;0,0;0,0;-0,02;0,0;-0,02;0,0;-0,03;0,0;-0,14;0,0;-0,01;0,0;-0,01;0,0;-0,01;0,0;-0,01;0,0;-0,02;0,0
15.08.2026;09:00;09:15;1,96;0,86;0,0;0,0;-0,02;0,0;-0,2;0,0;-0,01;0,0;-0,01;0,0;-0,27;-0,08;-0,46;-0,27;-0,01;0,0;0,0;0,0;0,0;0,0;-0,04;0,0;0,0;0,0;0,0;0,0;-0,08;0,0;-0,01;0,0;-0,01;0,0;-0,01;0,0;-0,02;0,0;-0,02;0,0;-0,01;0,0;-0,02;0,0;-0,52;-0,33;-0,01;0,0;-0,01;0,0;-0,01;0,0;-0,02;0,0;-0,01;0,0
15.08.2026;09:15;09:30;2,13;0,75;0,0;0,0;-0,29;-0,08;-0,25;0,0;0,0;0,0;-0,01;0,0;-0,29;-0,08;-0,47;-0,26;-0,02;0,0;-0,02;0,0;-0,02;0,0;-0,04;0,0;0,0;0,0;-0,01;0,0;-0,01;0,0;-0,01;0,0;-0,01;0,0;-0,02;0,0;-0,01;0,0;-0,02;0,0;-0,01;0,0;-0,01;0,0;-0,35;-0,14;-0,02;0,0;-0,02;0,0;-0,01;0,0;-0,01;0,0;-0,01;0,0
15.08.2026;09:30;09:45;2,37;1,15;0,0;0,0;-0,06;0,0;-0,24;0,0;-0,01;0,0;-0,01;0,0;-0,18;0,0;-0,29;-0,04;-0,02;0,0;-0,02;0,0;-0,02;0,0;-0,04;0,0;0,0;0,0;-0,02;0,0;-0,01;0,0;-0,01;0,0;-0,01;0,0;-0,01;0,0;-0,15;0,0;-0,02;0,0;-0,02;0,0;-0,01;0,0;-0,07;0,0;0,0;0,0;-0,01;0,0;-0,02;0,0;-0,01;0,0;0,0;0,0
15.08.2026;09:45;10:00;2,53;1,42;-0,01;0,0;-0,01;0,0;-0,23;0,0;0,0;0,0;-0,02;0,0;-0,26;0,0;-0,31;-0,02;-0,01;0,0;-0,02;0,0;-0,01;0,0;-0,02;0,0;0,0;0,0;-0,01;0,0;-0,01;0,0;-0,01;0,0;0,0;0,0;-0,02;0,0;-0,02;0,0;-0,02;0,0;-0,01;0,0;-0,01;0,0;-0,07;0,0;-0,01;0,0;0,0;0,0;-0,02;0,0;-0,02;0,0;0,0;0,0
15.08.2026;10:00;10:15;2,66;1,49;0,0;0,0;-0,01;0,0;-0,21;0,0;-0,01;0,0;-0,01;0,0;-0,05;0,0;-0,3;0,0;-0,01;0,0;-0,01;0,0;-0,02;0,0;-0,02;0,0;0,0;0,0;-0,01;0,0;-0,01;0,0;-0,01;0,0;0,0;0,0;0,0;0,0;-0,01;0,0;-0,22;0,0;-0,01;0,0;-0,03;0,0;-0,07;0,0;-0,02;0,0;0,0;0,0;-0,11;0,0;-0,01;0,0;-0,01;0,0
15.08.2026;10:15;10:30;2,83;1,55;0,0;0,0;-0,01;0,0;-0,24;0,0;-0,01;0,0;-0,02;0,0;-0,05;0,0;-0,24;0,0;-0,02;0,0;-0,01;0,0;-0,01;0,0;-0,03;0,0;0,0;0,0;0,0;0,0;-0,01;0,0;-0,01;0,0;-0,01;0,0;-0,01;0,0;-0,01;0,0;-0,41;-0,1;-0,02;0,0;-0,02;0,0;-0,09;0,0;-0,01;0,0;-0,02;0,0;-0,09;0,0;-0,01;0,0;-0,02;0,0
15.08.2026;10:30;10:45;3,08;2,24;0,0;0,0;-0,11;0,0;-0,1;0,0;0,0;0,0;-0,01;0,0;-0,05;0,0;-0,26;0,0;-0,02;0,0;0,0;0,0;-0,01;0,0;0,0;0,0;0,0;0,0;-0,02;0,0;-0,01;0,0;-0,01;0,0;-0,02;0,0;-0,01;0,0;-0,02;0,0;-0,05;0,0;0,0;0,0;-0,01;0,0;-0,08;0,0;-0,01;0,0;-0,01;0,0;-0,01;0,0;-0,01;0,0;-0,01;0,0
15.08.2026;10:45;11:00;2,02;0,98;0,0;0,0;-0,22;-0,01;-0,1;0,0;-0,01;0,0;-0,01;0,0;-0,06;0,0;-0,26;-0,05;-0,1;0,0;0,0;0,0;-0,02;0,0;-0,01;0,0;0,0;0,0;-0,02;0,0;-0,02;0,0;-0,01;0,0;-0,01;0,0;-0,01;0,0;-0,01;0,0;-0,08;0,0;-0,02;0,0;-0,01;0,0;-0,07;0,0;-0,01;0,0;-0,01;0,0;-0,01;0,0;-0,01;0,0;-0,01;0,0
15.08.2026;11:00;11:15;0,3;0,04;-0,01;0,0;-0,02;-0,01;-0,13;-0,11;-0,01;0,0;-0,02;-0,01;-0,04;-0,03;-0,36;-0,35;-0,02;-0,01;-0,01;0,0;-0,01;0,0;-0,01;0,0;0,0;0,0;-0,02;-0,01;-0,03;-0,02;-0,01;0,0;0,0;0,0;-0,02;-0,01;-0,02;-0,01;-0,35;-0,34;-0,01;0,0;-0,01;0,0;-0,08;-0,07;-0,01;0,0;-0,01;0,0;-0,01;0,0;-0,02;-0,01;-0,01;0,0
15.08.2026;11:15;11:30;1,45;0,5;0,0;0,0;-0,02;0,0;-0,12;0,0;0,0;0,0;-0,01;0,0;-0,28;-0,15;-0,48;-0,35;-0,03;0,0;-0,01;0,0;0,0;0,0;-0,01;0,0;0,0;0,0;-0,16;-0,03;-0,03;0,0;-0,01;0,0;0,0;0,0;-0,01;0,0;-0,01;0,0;-0,24;-0,11;-0,01;0,0;-0,03;0,0;-0,07;0,0;-0,01;0,0;-0,01;0,0;-0,02;0,0;-0,02;0,0;0,0;0,0
15.08.2026;11:30;11:45;3,64;2,44;0,0;0,0;-0,01;0,0;-0,23;0,0;-0,01;0,0;-0,01;0,0;-0,12;0,0;-0,2;0,0;-0,13;0,0;-0,01;0,0;-0,01;0,0;-0,01;0,0;0,0;0,0;-0,08;0,0;-0,03;0,0;-0,01;0,0;-0,01;0,0;-0,01;0,0;-0,01;0,0;-0,15;0,0;-0,01;0,0;-0,02;0,0;-0,08;0,0;-0,01;0,0;-0,02;0,0;-0,01;0,0;-0,01;0,0;0,0;0,0
15.08.2026;11:45;12:00;3,73;2,7;0,0;0,0;-0,02;0,0;-0,09;0,0;-0,01;0,0;-0,02;0,0;-0,22;0,0;-0,04;0,0;-0,26;0,0;-0,02;0,0;0,0;0,0;-0,01;0,0;0,0;0,0;-0,01;0,0;-0,03;0,0;-0,01;0,0;-0,01;0,0;0,0;0,0;-0,02;0,0;-0,03;0,0;-0,01;0,0;-0,01;0,0;-0,11;0,0;-0,02;0,0;-0,01;0,0;-0,01;0,0;-0,05;0,0;-0,01;0,0
15.08.2026;12:00;12:15;3,77;2,59;-0,01;0,0;-0,01;0,0;-0,09;0,0;0,0;0,0;-0,01;0,0;-0,17;0,0;-0,04;0,0;-0,2;0,0;-0,02;0,0;-0,02;0,0;0,0;0,0;-0,01;0,0;-0,04;0,0;-0,21;0,0;-0,01;0,0;-0,01;0,0;-0,02;0,0;-0,01;0,0;-0,03;0,0;-0,01;0,0;-0,01;0,0;-0,05;0,0;-0,01;0,0;-0,01;0,0;-0,01;0,0;-0,15;0,0;-0,02;0,0
15.08.2026;12:15;12:30;3,8;2,63;0,0;0,0;-0,02;0,0;-0,08;0,0;-0,01;0,0;-0,01;0,0;-0,09;0,0;-0,02;0,0;-0,11;0,0;-0,01;0,0;-0,02;0,0;-0,02;0,0;0,0;0,0;-0,04;0,0;-0,12;0,0;-0,01;0,0;-0,01;0,0;-0,02;0,0;-0,01;0,0;-0,02;0,0;-0,02;0,0;-0,01;0,0;-0,06;0,0;-0,01;0,0;-0,01;0,0;-0,01;0,0;-0,42;0,0;-0,01;0,0
15.08.2026;12:30;12:45;3,84;3,05;0,0;0,0;-0,02;0,0;-0,1;0,0;-0,01;0,0;-0,02;0,0;-0,14;0,0;-0,07;0,0;-0,02;0,0;0,0;0,0;-0,01;0,0;0,0;0,0;0,0;0,0;-0,03;0,0;-0,06;0,0;0,0;0,0;-0,01;0,0;-0,08;0,0;-0,01;0,0;-0,03;0,0;0,0;0,0;-0,03;0,0;-0,07;0,0;-0,01;0,0;-0,01;0,0;-0,01;0,0;-0,03;0,0;-0,02;0,0
15.08.2026;12:45;13:00;3,84;3,02;0,0;0,0;-0,03;0,0;-0,13;0,0;0,0;0,0;-0,01;0,0;-0,17;0,0;-0,04;0,0;-0,02;0,0;-0,01;0,0;-0,02;0,0;-0,01;0,0;0,0;0,0;-0,02;0,0;-0,05;0,0;-0,02;0,0;0,0;0,0;-0,04;0,0;-0,03;0,0;-0,03;0,0;-0,02;0,0;-0,02;0,0;-0,08;0,0;-0,01;0,0;-0,01;0,0;-0,01;0,0;-0,03;0,0;-0,01;0,0
15.08.2026;13:00;13:15;3,84;2,51;0,0;0,0;-0,03;0,0;-0,12;0,0;-0,01;0,0;-0,01;0,0;-0,17;0,0;-0,23;0,0;-0,38;0,0;0,0;0,0;-0,01;0,0;-0,01;0,0;0,0;0,0;-0,03;0,0;-0,04;0,0;-0,01;0,0;0,0;0,0;-0,03;0,0;-0,03;0,0;-0,02;0,0;0,0;0,0;-0,01;0,0;-0,06;0,0;-0,01;0,0;-0,02;0,0;-0,02;0,0;-0,07;0,0;-0,01;0,0
15.08.2026;13:15;13:30;3,82;2,69;-0,01;0,0;-0,12;0,0;-0,2;0,0;0,0;0,0;-0,02;0,0;-0,04;0,0;-0,16;0,0;-0,01;0,0;-0,02;0,0;-0,01;0,0;-0,01;0,0;0,0;0,0;-0,03;0,0;-0,05;0,0;0,0;0,0;-0,02;0,0;-0,03;0,0;-0,03;0,0;-0,02;0,0;-0,01;0,0;-0,01;0,0;-0,08;0,0;-0,01;0,0;-0,01;0,0;-0,01;0,0;-0,22;0,0;0,0;0,0
15.08.2026;13:30;13:45;3,8;3,02;0,0;0,0;-0,03;0,0;-0,23;0,0;-0,01;0,0;0,0;0,0;-0,03;0,0;-0,03;0,0;-0,02;0,0;-0,03;0,0;-0,02;0,0;-0,01;0,0;0,0;0,0;-0,04;0,0;-0,05;0,0;-0,02;0,0;-0,01;0,0;-0,04;0,0;-0,02;0,0;-0,03;0,0;-0,02;0,0;-0,01;0,0;-0,07;0,0;-0,02;0,0;-0,01;0,0;-0,01;0,0;-0,02;0,0;0,0;0,0
15.08.2026;13:45;14:00;3,75;2,8;0,0;0,0;-0,06;0,0;-0,24;0,0;-0,01;0,0;-0,01;0,0;-0,04;0,0;-0,13;0,0;-0,02;0,0;-0,02;0,0;-0,01;0,0;-0,04;0,0;0,0;0,0;-0,03;0,0;-0,05;0,0;0,0;0,0;-0,01;0,0;-0,05;0,0;-0,04;0,0;-0,02;0,0;0,0;0,0;-0,03;0,0;-0,08;0,0;-0,01;0,0;-0,02;0,0;-0,01;0,0;-0,01;0,0;-0,01;0,0
15.08.2026;14:00;14:15;3,71;2,71;0,0;0,0;-0,03;0,0;-0,1;0,0;0,0;0,0;0,0;0,0;-0,04;0,0;-0,33;0,0;-0,01;0,0;-0,02;0,0;0,0;0,0;-0,11;0,0;0,0;0,0;-0,04;0,0;-0,06;0,0;-0,01;0,0;0,0;0,0;-0,04;0,0;-0,03;0,0;-0,02;0,0;-0,01;0,0;-0,02;0,0;-0,07;0,0;-0,01;0,0;-0,01;0,0;-0,01;0,0;-0,01;0,0;-0,02;0,0
15.08.2026;14:15;14:30;3,24;2,34;-0,01;0,0;-0,04;0,0;-0,09;0,0;-0,01;0,0;-0,01;0,0;-0,05;0,0;-0,02;0,0;-0,02;0,0;0,0;0,0;0,0;0,0;-0,02;0,0;0,0;0,0;-0,03;0,0;-0,18;0,0;-0,02;0,0;0,0;0,0;-0,04;0,0;-0,03;0,0;-0,02;0,0;-0,01;0,0;-0,01;0,0;-0,24;0,0;-0,01;0,0;-0,01;0,0;-0,01;0,0;-0,01;0,0;-0,01;0,0
15.08.2026;14:30;14:45;1,41;0,68;0,0;0,0;-0,03;0,0;-0,15;0,0;-0,01;0,0;-0,01;0,0;-0,04;0,0;-0,02;0,0;-0,02;0,0;0,0;0,0;-0,01;0,0;-0,02;0,0;0,0;0,0;-0,02;0,0;-0,04;0,0;0,0;0,0;-0,01;0,0;-0,09;0,0;-0,03;0,0;-0,02;0,0;-0,01;0,0;-0,01;0,0;-0,21;-0,09;-0,02;0,0;-0,01;0,0;-0,01;0,0;-0,02;0,0;-0,01;0,0
15.08.2026;14:45;15:00;0,44;0,17;0,0;0,0;-0,03;-0,02;-0,12;-0,05;0,0;0,0;-0,01;0,0;-0,04;-0,03;-0,01;0,0;-0,02;-0,01;-0,01;0,0;-0,02;-0,01;0,0;0,0;0,0;0,0;-0,03;-0,02;-0,05;-0,04;-0,01;0,0;-0,01;0,0;-0,08;-0,07;-0,02;-0,01;-0,02;-0,01;-0,01;0,0;-0,02;-0,01;-0,11;-0,1;0,0;0,0;-0,02;-0,01;-0,02;-0,01;0,0;0,0;-0,02;-0,01
15.08.2026;15:00;15:15;2,31;1,22;0,0;0,0;-0,03;0,0;-0,21;0,0;-0,01;0,0;-0,02;0,0;-0,04;0,0;-0,33;-0,08;-0,01;0,0;-0,01;0,0;-0,02;0,0;-0,03;0,0;0,0;0,0;-0,06;0,0;-0,05;0,0;-0,02;0,0;-0,02;0,0;-0,04;0,0;-0,04;0,0;-0,03;0,0;-0,01;0,0;-0,02;0,0;-0,11;0,0;-0,01;0,0;-0,01;0,0;-0,01;0,0;-0,02;0,0;-0,01;0,0
15.08.2026;15:15;15:30;3,17;2,26;0,0;0,0;-0,02;0,0;-0,2;0,0;-0,01;0,0;-0,01;0,0;-0,04;0,0;-0,29;0,0;-0,02;0,0;-0,01;0,0;-0,01;0,0;-0,01;0,0;0,0;0,0;-0,03;0,0;-0,05;0,0;0,0;0,0;0,0;0,0;-0,02;0,0;-0,03;0,0;-0,02;0,0;-0,01;0,0;-0,02;0,0;-0,05;0,0;-0,02;0,0;-0,01;0,0;-0,01;0,0;-0,01;0,0;-0,01;0,0
15.08.2026;15:30;15:45;3,01;2,14;-0,01;0,0;-0,02;0,0;-0,19;0,0;0,0;0,0;-0,01;0,0;-0,04;0,0;-0,28;0,0;-0,02;0,0;-0,02;0,0;-0,02;0,0;-0,03;0,0;0,0;0,0;-0,02;0,0;-0,04;0,0;-0,01;0,0;0,0;0,0;0,0;0,0;-0,03;0,0;-0,02;0,0;-0,01;0,0;-0,01;0,0;-0,04;0,0;-0,01;0,0;-0,02;0,0;-0,01;0,0;-0,01;0,0;0,0;0,0
15.08.2026;15:45;16:00;2,85;2,17;0,0;0,0;-0,03;0,0;-0,09;0,0;-0,01;0,0;-0,02;0,0;-0,05;0,0;-0,07;0,0;-0,01;0,0;-0,02;0,0;-0,01;0,0;-0,01;0,0;0,0;0,0;-0,04;0,0;-0,04;0,0;-0,01;0,0;-0,01;0,0;-0,01;0,0;-0,03;0,0;-0,05;0,0;-0,01;0,0;-0,01;0,0;-0,11;0,0;-0,01;0,0;-0,01;0,0;-0,01;0,0;-0,01;0,0;0,0;0,0
15.08.2026;16:00;16:15;2,71;1,71;0,0;0,0;-0,03;0,0;-0,23;0,0;-0,01;0,0;-0,01;0,0;-0,04;0,0;-0,03;0,0;-0,02;0,0;-0,01;0,0;-0,01;0,0;0,0;0,0;0,0;0,0;-0,03;0,0;-0,05;0,0;-0,01;0,0;-0,01;0,0;-0,01;0,0;-0,02;0,0;-0,03;0,0;-0,32;0,0;-0,02;0,0;-0,04;0,0;-0,01;0,0;-0,02;0,0;-0,01;0,0;-0,01;0,0;-0,02;0,0
15.08.2026;16:15;16:30;2,53;1,37;0,0;0,0;-0,14;0,0;-0,17;0,0;0,0;0,0;-0,01;0,0;-0,04;0,0;-0,03;0,0;-0,04;0,0;-0,01;0,0;-0,02;0,0;-0,02;0,0;0,0;0,0;-0,09;0,0;-0,09;0,0;-0,01;0,0;-0,01;0,0;-0,02;0,0;-0,04;0,0;-0,03;0,0;-0,45;-0,18;-0,02;0,0;-0,04;0,0;-0,02;0,0;0,0;0,0;-0,01;0,0;-0,02;0,0;-0,01;0,0
15.08.2026;16:30;16:45;2,37;1,02;-0,01;0,0;-0,7;-0,46;-0,16;0,0;-0,01;0,0;-0,02;0,0;-0,04;0,0;-0,03;0,0;-0,02;0,0;-0,01;0,0;0,0;0,0;-0,01;0,0;0,0;0,0;-0,46;-0,22;-0,05;0,0;-0,01;0,0;-0,01;0,0;-0,01;0,0;-0,02;0,0;-0,02;0,0;-0,52;-0,28;-0,02;0,0;-0,04;0,0;0,0;0,0;-0,01;0,0;-0,02;0,0;-0,1;0,0;-0,01;0,0
15.08.2026;16:45;17:00;2,17;1,16;0,0;0,0;-0,32;-0,08;-0,07;0,0;0,0;0,0;-0,01;0,0;-0,04;0,0;-0,02;0,0;-0,01;0,0;-0,01;0,0;0,0;0,0;0,0;0,0;0,0;0,0;-0,13;0,0;-0,03;0,0;-0,01;0,0;0,0;0,0;-0,01;0,0;-0,04;0,0;-0,02;0,0;-0,32;-0,08;-0,01;0,0;-0,06;0,0;-0,01;0,0;-0,01;0,0;-0,01;0,0;-0,01;0,0;-0,02;0,0
15.08.2026;17:00;17:15;1,98;0,98;0,0;0,0;-0,43;-0,23;-0,11;0,0;-0,01;0,0;-0,01;0,0;-0,04;0,0;-0,01;0,0;-0,03;0,0;-0,01;0,0;-0,01;0,0;-0,02;0,0;-0,01;0,0;-0,03;0,0;-0,04;0,0;-0,01;0,0;-0,01;0,0;-0,01;0,0;-0,03;0,0;-0,02;0,0;-0,25;-0,05;-0,02;0,0;-0,04;0,0;-0,02;0,0;-0,01;0,0;-0,02;0,0;-0,07;0,0;-0,01;0,0
15.08.2026;17:15;17:30;1,72;0,74;0,0;0,0;-0,25;-0,09;-0,25;0,0;-0,01;0,0;-0,02;0,0;-0,05;0,0;-0,01;0,0;-0,02;0,0;-0,02;0,0;-0,02;0,0;0,0;0,0;0,0;0,0;-0,03;0,0;-0,04;0,0;-0,01;0,0;0,0;0,0;-0,01;0,0;-0,02;0,0;-0,02;0,0;-0,5;-0,34;-0,03;0,0;-0,05;0,0;-0,01;0,0;-0,01;0,0;0,0;0,0;-0,01;0,0;-0,02;0,0
15.08.2026;17:30;17:45;1,51;0,52;-0,01;0,0;-0,22;-0,1;-0,15;0,0;0,0;0,0;-0,01;0,0;-0,05;0,0;-0,01;0,0;0,0;0,0;-0,02;0,0;-0,01;0,0;-0,01;0,0;0,0;0,0;-0,07;0,0;-0,03;0,0;-0,01;0,0;-0,01;0,0;-0,02;0,0;-0,04;0,0;-0,03;0,0;-0,28;-0,16;-0,53;-0,41;-0,09;0,0;-0,01;0,0;-0,02;0,0;-0,01;0,0;-0,01;0,0;-0,01;0,0
15.08.2026;17:45;18:00;1,26;0,39;0,0;0,0;-0,15;-0,06;-0,13;0,0;-0,01;0,0;-0,01;0,0;-0,06;0,0;-0,02;0,0;-0,02;0,0;-0,03;0,0;-0,02;0,0;-0,01;0,0;0,0;0,0;-0,05;0,0;-0,04;0,0;-0,03;0,0;-0,02;0,0;-0,01;0,0;-0,03;0,0;-0,02;0,0;-0,13;-0,04;-0,05;0,0;-0,07;0,0;-0,01;0,0;-0,01;0,0;-0,01;0,0;-0,02;0,0;-0,01;0,0
15.08.2026;18:00;18:15;0,39;0,11;0,0;0,0;-0,14;-0,13;-0,17;-0,11;-0,01;0,0;-0,02;-0,01;-0,06;-0,05;-0,02;-0,01;-0,02;-0,01;-0,01;0,0;-0,01;0,0;-0,01;0,0;0,0;0,0;-0,03;-0,02;-0,03;-0,02;-0,02;-0,01;-0,01;0,0;0,0;0,0;-0,03;-0,02;-0,02;-0,01;-0,09;-0,08;-0,11;-0,1;-0,07;-0,06;-0,02;-0,01;-0,02;-0,01;-0,01;0,0;-0,01;0,0;0,0;0,0
15.08.2026;18:15;18:30;0,0;0,0;0,0;0,0;-0,03;-0,03;-0,24;-0,24;0,0;0,0;-0,01;-0,01;-0,05;-0,05;-0,02;-0,02;-0,01;-0,01;-0,01;-0,01;-0,01;-0,01;-0,01;-0,01;0,0;0,0;-0,11;-0,11;-0,03;-0,03;-0,03;-0,03;-0,01;-0,01;-0,01;-0,01;-0,03;-0,03;-0,02;-0,02;-0,12;-0,12;-0,32;-0,32;-0,08;-0,08;-0,01;-0,01;-0,01;-0,01;-0,02;-0,02;-0,06;-0,06;0,0;0,0
15.08.2026;18:30;18:45;0,0;0,0;0,0;0,0;-0,03;-0,03;-0,26;-0,26;-0,01;-0,01;-0,01;-0,01;-0,06;-0,06;-0,01;-0,01;-0,02;-0,02;-0,01;-0,01;-0,02;-0,02;-0,01;-0,01;0,0;0,0;-0,49;-0,49;-0,04;-0,04;-0,02;-0,02;-0,02;-0,02;-0,02;-0,02;-0,03;-0,03;-0,02;-0,02;-0,07;-0,07;-0,33;-0,33;-0,06;-0,06;0,0;0,0;-0,01;-0,01;-0,01;-0,01;-0,05;-0,05;-0,01;-0,01
15.08.2026;18:45;19:00;0,54;0,21;-0,01;0,0;-0,16;-0,15;-0,26;-0,15;0,0;0,0;-0,02;-0,01;-0,06;-0,05;-0,01;0,0;-0,02;-0,01;-0,01;0,0;-0,01;0,0;0,0;0,0;0,0;0,0;-0,12;-0,11;-0,03;-0,02;-0,06;-0,05;-0,27;-0,26;-0,01;0,0;-0,03;-0,02;-0,02;-0,01;-0,09;-0,08;-0,27;-0,26;-0,07;-0,06;-0,02;-0,01;-0,02;-0,01;-0,02;-0,01;0,0;0,0;-0,02;-0,01
15.08.2026;19:00;19:15;0,39;0,11;0,0;0,0;-0,08;-0,07;-0,27;-0,22;-0,01;0,0;-0,01;0,0;-0,05;-0,04;-0,01;0,0;-0,01;0,0;-0,01;0,0;-0,01;0,0;-0,03;-0,02;0,0;0,0;-0,11;-0,1;-0,04;-0,03;-0,26;-0,25;-0,03;-0,02;-0,01;0,0;-0,03;-0,02;-0,02;-0,01;-0,09;-0,08;-0,19;-0,18;-0,06;-0,05;-0,01;0,0;-0,01;0,0;0,0;0,0;-0,02;-0,01;-0,01;0,0
15.08.2026;19:15;19:30;0,23;0,17;0,0;0,0;-0,02;-0,02;-0,26;-0,2;0,0;0,0;-0,01;-0,01;-0,06;-0,06;-0,01;-0,01;-0,02;-0,02;-0,03;-0,03;0,0;0,0;-0,03;-0,03;0,0;0,0;-0,02;-0,02;-0,04;-0,04;-0,08;-0,08;-0,04;-0,04;-0,01;-0,01;-0,03;-0,03;-0,03;-0,03;-0,1;-0,1;-0,03;-0,03;-0,05;-0,05;-0,01;-0,01;-0,01;-0,01;-0,01;-0,01;-0,02;-0,02;-0,02;-0,02
15.08.2026;19:30;19:45;0,11;0,11;0,0;0,0;-0,06;-0,06;-0,22;-0,22;-0,01;-0,01;-0,02;-0,02;-0,06;-0,06;-0,03;-0,03;-0,01;-0,01;-0,02;-0,02;0,0;0,0;-0,02;-0,02;0,0;0,0;-0,22;-0,22;-0,04;-0,04;-0,1;-0,1;-0,07;-0,07;0,0;0,0;-0,04;-0,04;-0,02;-0,02;-0,09;-0,09;-0,02;-0,02;-0,05;-0,05;-0,01;-0,01;-0,01;-0,01;-0,01;-0,01;-0,01;-0,01;-0,38;-0,38
15.08.2026;19:45;20:00;0,04;0,04;-0,01;-0,01;-0,1;-0,1;-0,18;-0,18;-0,01;-0,01;-0,01;-0,01;-0,15;-0,15;-0,05;-0,05;-0,02;-0,02;-0,02;-0,02;-0,02;-0,02;-0,02;-0,02;0,0;0,0;-0,23;-0,23;-0,03;-0,03;-0,08;-0,08;-0,22;-0,22;-0,02;-0,02;-0,02;-0,02;-0,02;-0,02;-0,08;-0,08;-0,01;-0,01;-0,05;-0,05;-0,02;-0,02;-0,02;-0,02;-0,01;-0,01;-0,01;-0,01;-0,65;-0,65
15.08.2026;20:00;20:15;0,01;0,01;0,0;0,0;-0,03;-0,03;-0,1;-0,1;0,0;0,0;-0,01;-0,01;-0,06;-0,06;-0,03;-0,03;-0,02;-0,02;-0,03;-0,03;-0,01;-0,01;-0,02;-0,02;0,0;0,0;-0,37;-0,37;-0,03;-0,03;-0,1;-0,1;-0,03;-0,03;-0,01;-0,01;-0,03;-0,03;-0,02;-0,02;-0,05;-0,05;-0,04;-0,04;-0,05;-0,05;-0,01;-0,01;-0,01;-0,01;-0,02;-0,02;-0,01;-0,01;-0,12;-0,12
15.08.2026;20:15;20:30;0,01;0,01;0,0;0,0;-0,04;-0,04;-0,12;-0,12;-0,01;-0,01;-0,02;-0,02;-0,06;-0,06;-0,03;-0,03;-0,03;-0,03;-0,02;-0,02;-0,02;-0,02;-0,01;-0,01;0,0;0,0;-0,03;-0,03;-0,04;-0,04;-0,09;-0,09;-0,05;-0,05;-0,02;-0,02;-0,03;-0,03;-0,02;-0,02;-0,07;-0,07;-0,04;-0,04;-0,04;-0,04;0,0;0,0;-0,01;-0,01;-0,02;-0,02;-0,02;-0,02;-0,05;-0,05
15.08.2026;20:30;20:45;0,0;0,0;0,0;0,0;-0,09;-0,09;-0,09;-0,09;-0,01;-0,01;-0,01;-0,01;-0,07;-0,07;-0,03;-0,03;-0,06;-0,06;-0,03;-0,03;-0,01;-0,01;-0,01;-0,01;0,0;0,0;-0,03;-0,03;-0,06;-0,06;-0,08;-0,08;-0,11;-0,11;0,0;0,0;-0,04;-0,04;-0,02;-0,02;-0,05;-0,05;-0,04;-0,04;-0,05;-0,05;-0,02;-0,02;-0,02;-0,02;-0,01;-0,01;-0,02;-0,02;-0,06;-0,06
15.08.2026;20:45;21:00;0,0;0,0;0,0;0,0;-0,11;-0,11;-0,1;-0,1;0,0;0,0;-0,01;-0,01;-0,08;-0,08;-0,04;-0,04;-0,07;-0,07;-0,07;-0,07;-0,02;-0,02;-0,02;-0,02;0,0;0,0;-0,04;-0,04;-0,05;-0,05;-0,15;-0,15;-0,03;-0,03;-0,01;-0,01;-0,03;-0,03;-0,02;-0,02;-0,06;-0,06;-0,02;-0,02;-0,05;-0,05;-0,01;-0,01;-0,01;-0,01;0,0;0,0;-0,02;-0,02;-0,06;-0,06
15.08.2026;21:00;21:15;0,0;0,0;-0,01;-0,01;-0,12;-0,12;-0,09;-0,09;-0,01;-0,01;-0,02;-0,02;-0,09;-0,09;-0,04;-0,04;-0,06;-0,06;-0,08;-0,08;-0,01;-0,01;-0,01;-0,01;0,0;0,0;-0,06;-0,06;-0,06;-0,06;-0,14;-0,14;-0,11;-0,11;-0,01;-0,01;-0,03;-0,03;-0,03;-0,03;-0,07;-0,07;-0,03;-0,03;-0,05;-0,05;-0,01;-0,01;-0,01;-0,01;-0,01;-0,01;-0,02;-0,02;-0,03;-0,03
15.08.2026;21:15;21:30;0,0;0,0;0,0;0,0;-0,13;-0,13;-0,06;-0,06;0,0;0,0;-0,01;-0,01;-0,08;-0,08;-0,04;-0,04;-0,06;-0,06;-0,08;-0,08;-0,02;-0,02;-0,02;-0,02;0,0;0,0;-0,02;-0,02;-0,09;-0,09;-0,13;-0,13;-0,02;-0,02;-0,01;-0,01;-0,04;-0,04;-0,02;-0,02;-0,05;-0,05;-0,04;-0,04;-0,03;-0,03;-0,01;-0,01;-0,02;-0,02;-0,02;-0,02;-0,08;-0,08;-0,07;-0,07
15.08.2026;21:30;21:45;0,0;0,0;0,0;0,0;-0,08;-0,08;-0,08;-0,08;-0,01;-0,01;-0,01;-0,01;-0,09;-0,09;-0,03;-0,03;-0,04;-0,04;-0,1;-0,1;-0,01;-0,01;0,0;0,0;0,0;0,0;-0,02;-0,02;-0,06;-0,06;-0,22;-0,22;-0,03;-0,03;-0,02;-0,02;-0,02;-0,02;-0,02;-0,02;-0,05;-0,05;-0,04;-0,04;-0,02;-0,02;-0,02;-0,02;-0,01;-0,01;-0,01;-0,01;-0,02;-0,02;-0,03;-0,03
15.08.2026;21:45;22:00;0,0;0,0;0,0;0,0;-0,04;-0,04;-0,11;-0,11;-0,01;-0,01;-0,02;-0,02;-0,08;-0,08;-0,03;-0,03;-0,05;-0,05;-0,11;-0,11;0,0;0,0;-0,01;-0,01;0,0;0,0;-0,03;-0,03;-0,06;-0,06;-0,1;-0,1;-0,03;-0,03;-0,01;-0,01;-0,04;-0,04;-0,02;-0,02;-0,06;-0,06;-0,01;-0,01;-0,01;-0,01;-0,01;-0,01;-0,01;-0,01;-0,01;-0,01;-0,01;-0,01;-0,04;-0,04
15.08.2026;22:00;22:15;0,0;0,0;-0,01;-0,01;-0,03;-0,03;-0,15;-0,15;0,0;0,0;-0,01;-0,01;-0,07;-0,07;-0,03;-0,03;-0,05;-0,05;-0,06;-0,06;0,0;0,0;-0,02;-0,02;-0,01;-0,01;-0,03;-0,03;-0,08;-0,08;-0,04;-0,04;-0,03;-0,03;-0,13;-0,13;-0,03;-0,03;-0,02;-0,02;-0,05;-0,05;-0,02;-0,02;-0,01;-0,01;0,0;0,0;-0,02;-0,02;-0,02;-0,02;-0,01;-0,01;-0,03;-0,03
15.08.2026;22:15;22:30;0,0;0,0;0,0;0,0;-0,04;-0,04;-0,09;-0,09;-0,01;-0,01;-0,01;-0,01;-0,04;-0,04;-0,03;-0,03;-0,05;-0,05;-0,03;-0,03;-0,01;-0,01;0,0;0,0;0,0;0,0;-0,04;-0,04;-0,06;-0,06;-0,03;-0,03;-0,02;-0,02;-0,24;-0,24;-0,04;-0,04;-0,04;-0,04;-0,06;-0,06;-0,02;-0,02;-0,01;-0,01;-0,02;-0,02;-0,01;-0,01;-0,01;-0,01;-0,02;-0,02;-0,03;-0,03
15.08.2026;22:30;22:45;0,0;0,0;0,0;0,0;-0,04;-0,04;-0,08;-0,08;-0,01;-0,01;-0,02;-0,02;-0,05;-0,05;-0,03;-0,03;-0,08;-0,08;-0,03;-0,03;-0,02;-0,02;-0,01;-0,01;0,0;0,0;-0,02;-0,02;-0,2;-0,2;-0,02;-0,02;-0,03;-0,03;-0,4;-0,4;-0,02;-0,02;-0,03;-0,03;-0,04;-0,04;-0,03;-0,03;-0,01;-0,01;-0,01;-0,01;-0,02;-0,02;-0,01;-0,01;-0,01;-0,01;-0,04;-0,04
15.08.2026;22:45;23:00;0,0;0,0;0,0;0,0;-0,04;-0,04;-0,09;-0,09;0,0;0,0;-0,01;-0,01;-0,04;-0,04;-0,03;-0,03;-0,03;-0,03;-0,01;-0,01;-0,01;-0,01;-0,01;-0,01;0,0;0,0;-0,04;-0,04;-0,06;-0,06;-0,02;-0,02;-0,03;-0,03;-0,02;-0,02;-0,03;-0,03;-0,03;-0,03;-0,05;-0,05;-0,02;-0,02;-0,01;-0,01;-0,01;-0,01;0,0;0,0;0,0;0,0;-0,01;-0,01;-0,03;-0,03
15.08.2026;23:00;23:15;0,0;0,0;0,0;0,0;-0,03;-0,03;-0,07;-0,07;-0,01;-0,01;-0,01;-0,01;-0,04;-0,04;-0,03;-0,03;-0,01;-0,01;0,0;0,0;-0,02;-0,02;-0,01;-0,01;0,0;0,0;-0,03;-0,03;-0,06;-0,06;-0,02;-0,02;-0,02;-0,02;-0,01;-0,01;-0,03;-0,03;-0,02;-0,02;-0,05;-0,05;-0,01;-0,01;-0,01;-0,01;-0,01;-0,01;0,0;0,0;-0,02;-0,02;-0,02;-0,02;-0,03;-0,03
15.08.2026;23:15;23:30;0,0;0,0;-0,01;-0,01;-0,02;-0,02;-0,08;-0,08;-0,01;-0,01;-0,02;-0,02;-0,05;-0,05;-0,03;-0,03;-0,02;-0,02;0,0;0,0;-0,01;-0,01;-0,01;-0,01;0,0;0,0;0,0;0,0;-0,06;-0,06;-0,01;-0,01;-0,03;-0,03;-0,03;-0,03;0,0;0,0;-0,02;-0,02;0,0;0,0;-0,01;-0,01;-0,01;-0,01;-0,02;-0,02;-0,01;-0,01;-0,01;-0,01;-0,01;-0,01;-0,04;-0,04
15.08.2026;23:30;23:45;0,0;0,0;0,0;0,0;-0,03;-0,03;-0,07;-0,07;0,0;0,0;0,0;0,0;-0,04;-0,04;-0,03;-0,03;-0,01;-0,01;-0,01;-0,01;-0,01;-0,01;-0,01;-0,01;0,0;0,0;0,0;0,0;-0,06;-0,06;-0,01;-0,01;-0,02;-0,02;-0,02;-0,02;-0,02;-0,02;-0,03;-0,03;-0,01;-0,01;-0,03;-0,03;-0,02;-0,02;-0,01;-0,01;-0,02;-0,02;-0,02;-0,02;-0,01;-0,01;-0,02;-0,02
15.08.2026;23:45;00:00;0,0;0,0;0,0;0,0;-0,02;-0,02;-0,14;-0,14;-0,01;-0,01;-0,01;-0,01;-0,04;-0,04;-0,03;-0,03;-0,02;-0,02;-0,01;-0,01;-0,02;-0,02;-0,01;-0,01;0,0;0,0;-0,02;-0,02;-0,05;-0,05;-0,01;-0,01;-0,02;-0,02;-0,02;-0,02;-0,01;-0,01;-0,02;-0,02;-0,02;-0,02;-0,02;-0,02;0,0;0,0;0,0;0,0;-0,01;-0,01;-0,01;-0,01;-0,01;-0,01;-0,02;-0,02
16.08.2026;00:00;00:15;0,0;0,0;0,0;0,0;-0,03;-0,03;-0,22;-0,22;-0,01;-0,01;0,0;0,0;-0,05;-0,05;-0,02;-0,02;-0,02;-0,02;-0,02;-0,02;-0,01;-0,01;-0,01;-0,01;0,0;0,0;-0,02;-0,02;-0,06;-0,06;-0,01;-0,01;0,0;0,0;-0,02;-0,02;0,0;0,0;-0,02;-0,02;0,0;0,0;-0,02;-0,02;-0,02;-0,02;-0,02;-0,02;-0,01;-0,01;-0,01;-0,01;-0,01;-0,01;-0,02;-0,02
16.08.2026;00:15;00:30;0,0;0,0;-0,01;-0,01;-0,02;-0,02;-0,21;-0,21;0,0;0,0;0,0;0,0;-0,05;-0,05;-0,03;-0,03;-0,01;-0,01;-0,01;-0,01;-0,01;-0,01;0,0;0,0;0,0;0,0;0,0;0,0;-0,06;-0,06;-0,01;-0,01;-0,01;-0,01;-0,01;-0,01;-0,02;-0,02;-0,03;-0,03;-0,02;-0,02;-0,01;-0,01;0,0;0,0;-0,01;-0,01;-0,02;-0,02;-0,01;-0,01;-0,01;-0,01;-0,03;-0,03
16.08.2026;00:30;00:45;0,0;0,0;0,0;0,0;-0,02;-0,02;-0,23;-0,23;-0,01;-0,01;-0,01;-0,01;-0,04;-0,04;-0,02;-0,02;-0,02;-0,02;-0,02;-0,02;0,0;0,0;-0,02;-0,02;0,0;0,0;0,0;0,0;-0,16;-0,16;-0,02;-0,02;0,0;0,0;-0,01;-0,01;-0,01;-0,01;-0,02;-0,02;-0,01;-0,01;-0,02;-0,02;-0,02;-0,02;-0,01;-0,01;-0,01;-0,01;-0,01;-0,01;-0,01;-0,01;-0,01;-0,01
16.08.2026;00:45;01:00;0,0;0,0;0,0;0,0;-0,03;-0,03;-0,21;-0,21;0,0;0,0;-0,02;-0,02;-0,05;-0,05;-0,01;-0,01;-0,02;-0,02;-0,02;-0,02;0,0;0,0;0,0;0,0;0,0;0,0;-0,02;-0,02;-0,02;-0,02;-0,01;-0,01;-0,01;-0,01;-0,01;-0,01;-0,01;-0,01;-0,03;-0,03;-0,01;-0,01;-0,02;-0,02;-0,01;-0,01;-0,01;-0,01;-0,01;-0,01;-0,01;-0,01;-0,01;-0,01;-0,02;-0,02
16.08.2026;01:00;01:15;0,0;0,0;0,0;0,0;0,0;0,0;-0,23;-0,23;-0,01;-0,01;-0,01;-0,01;-0,04;-0,04;-0,02;-0,02;-0,01;-0,01;0,0;0,0;-0,02;-0,02;-0,01;-0,01;0,0;0,0;-0,01;-0,01;-0,01;-0,01;-0,01;-0,01;-0,01;-0,01;-0,03;-0,03;-0,02;-0,02;-0,02;-0,02;-0,01;-0,01;-0,03;-0,03;0,0;0,0;-0,02;-0,02;-0,02;-0,02;-0,01;-0,01;-0,01;-0,01;0,0;0,0
16.08.2026;01:15;01:30;0,0;0,0;0,0;0,0;-0,01;-0,01;-0,21;-0,21;-0,01;-0,01;-0,02;-0,02;-0,05;-0,05;0,0;0,0;-0,02;-0,02;0,0;0,0;-0,01;-0,01;-0,02;-0,02;0,0;0,0;-0,01;-0,01;-0,01;-0,01;-0,01;-0,01;-0,02;-0,02;-0,02;-0,02;0,0;0,0;-0,02;-0,02;-0,01;-0,01;-0,01;-0,01;-0,02;-0,02;-0,01;-0,01;-0,01;-0,01;-0,02;-0,02;-0,01;-0,01;-0,01;-0,01
16.08.2026;01:30;01:45;0,0;0,0;-0,01;-0,01;0,0;0,0;-0,22;-0,22;0,0;0,0;-0,01;-0,01;-0,04;-0,04;-0,02;-0,02;0,0;0,0;-0,01;-0,01;-0,02;-0,02;0,0;0,0;0,0;0,0;0,0;0,0;-0,02;-0,02;-0,01;-0,01;-0,01;-0,01;-0,02;-0,02;-0,02;-0,02;-0,03;-0,03;0,0;0,0;-0,01;-0,01;-0,01;-0,01;0,0;0,0;-0,01;-0,01;-0,01;-0,01;-0,01;-0,01;0,0;0,0
16.08.2026;01:45;02:00;0,0;0,0;0,0;0,0;-0,01;-0,01;-0,13;-0,13;-0,01;-0,01;-0,01;-0,01;-0,05;-0,05;-0,01;-0,01;-0,02;-0,02;0,0;0,0;-0,01;-0,01;-0,01;-0,01;0,0;0,0;-0,02;-0,02;-0,01;-0,01;-0,02;-0,02;-0,01;-0,01;-0,02;-0,02;-0,01;-0,01;-0,02;-0,02;-0,01;-0,01;-0,02;-0,02;-0,01;-0,01;-0,02;-0,02;-0,02;-0,02;-0,02;-0,02;-0,02;-0,02;0,0;0,0
16.08.2026;02:00;02:15;0,0;0,0;0,0;0,0;-0,01;-0,01;-0,06;-0,06;-0,01;-0,01;-0,02;-0,02;-0,04;-0,04;-0,01;-0,01;-0,02;-0,02;-0,01;-0,01;-0,02;-0,02;-0,01;-0,01;0,0;0,0;-0,01;-0,01;-0,02;-0,02;0,0;0,0;-0,01;-0,01;-0,02;-0,02;0,0;0,0;-0,02;-0,02;-0,01;-0,01;-0,03;-0,03;-0,01;-0,01;-0,02;-0,02;-0,01;-0,01;0,0;0,0;0,0;0,0;-0,01;-0,01
16.08.2026;02:15;02:30;0,0;0,0;0,0;0,0;-0,02;-0,02;-0,13;-0,13;0,0;0,0;-0,01;-0,01;-0,05;-0,05;-0,01;-0,01;-0,01;-0,01;-0,02;-0,02;-0,01;-0,01;-0,01;-0,01;0,0;0,0;0,0;0,0;-0,01;-0,01;-0,02;-0,02;0,0;0,0;-0,03;-0,03;-0,02;-0,02;-0,02;-0,02;-0,01;-0,01;-0,02;-0,02;-0,01;-0,01;0,0;0,0;-0,02;-0,02;-0,01;-0,01;-0,01;-0,01;-0,03;-0,03
16.08.2026;02:30;02:45;0,0;0,0;-0,01;-0,01;-0,01;-0,01;-0,1;-0,1;-0,01;-0,01;-0,01;-0,01;-0,04;-0,04;-0,01;-0,01;-0,02;-0,02;-0,02;-0,02;-0,01;-0,01;-0,01;-0,01;0,0;0,0;-0,01;-0,01;-0,02;-0,02;-0,01;-0,01;-0,01;-0,01;-0,02;-0,02;-0,01;-0,01;-0,03;-0,03;-0,01;-0,01;-0,02;-0,02;-0,01;-0,01;-0,01;-0,01;-0,01;-0,01;-0,01;-0,01;-0,02;-0,02;-0,02;-0,02
16.08.2026;02:45;03:00;0,0;0,0;0,0;0,0;0,0;0,0;-0,08;-0,08;-0,01;-0,01;-0,02;-0,02;-0,04;-0,04;-0,01;-0,01;-0,01;-0,01;-0,02;-0,02;-0,02;-0,02;0,0;0,0;0,0;0,0;-0,01;-0,01;-0,03;-0,03;-0,01;-0,01;-0,01;-0,01;-0,03;-0,03;-0,01;-0,01;-0,02;-0,02;-0,01;-0,01;-0,01;-0,01;-0,01;-0,01;-0,02;-0,02;-0,02;-0,02;-0,02;-0,02;0,0;0,0;-0,02;-0,02
16.08.2026;03:00;03:15;0,0;0,0;0,0;0,0;-0,01;-0,01;-0,1;-0,1;0,0;0,0;0,0;0,0;-0,05;-0,05;-0,01;-0,01;-0,02;-0,02;-0,01;-0,01;0,0;0,0;-0,02;-0,02;-0,01;-0,01;-0,02;-0,02;-0,03;-0,03;-0,01;-0,01;-0,01;-0,01;-0,05;-0,05;-0,02;-0,02;-0,02;-0,02;-0,01;-0,01;-0,01;-0,01;-0,01;-0,01;-0,01;-0,01;-0,01;-0,01;-0,01;-0,01;-0,02;-0,02;-0,01;-0,01
16.08.2026;03:15;03:30;0,0;0,0;0,0;0,0;-0,01;-0,01;-0,13;-0,13;-0,01;-0,01;0,0;0,0;-0,04;-0,04;-0,01;-0,01;-0,01;-0,01;0,0;0,0;0,0;0,0;0,0;0,0;0,0;0,0;0,0;0,0;-0,01;-0,01;-0,01;-0,01;-0,01;-0,01;-0,03;-0,03;0,0;0,0;-0,03;-0,03;-0,01;-0,01;-0,03;-0,03;-0,01;-0,01;-0,01;-0,01;-0,02;-0,02;-0,02;-0,02;-0,01;-0,01;-0,02;-0,02
16.08.2026;03:30;03:45;0,0;0,0;-0,01;-0,01;-0,02;-0,02;-0,13;-0,13;0,0;0,0;-0,01;-0,01;-0,05;-0,05;-0,01;-0,01;-0,01;-0,01;-0,01;-0,01;-0,01;-0,01;-0,01;-0,01;0,0;0,0;0,0;0,0;-0,01;-0,01;-0,01;-0,01;0,0;0,0;-0,03;-0,03;-0,02;-0,02;-0,02;-0,02;-0,02;-0,02;-0,03;-0,03;-0,01;-0,01;-0,01;-0,01;-0,01;-0,01;-0,01;-0,01;-0,01;-0,01;-0,01;-0,01
16.08.2026;03:45;04:00;0,0;0,0;0,0;0,0;-0,01;-0,01;-0,16;-0,16;-0,01;-0,01;-0,01;-0,01;-0,04;-0,04;-0,01;-0,01;-0,02;-0,02;0,0;0,0;-0,02;-0,02;-0,01;-0,01;0,0;0,0;-0,02;-0,02;-0,01;-0,01;-0,01;-0,01;-0,01;-0,01;-0,02;-0,02;-0,01;-0,01;-0,02;-0,02;0,0;0,0;-0,01;-0,01;-0,01;-0,01;-0,02;-0,02;-0,02;-0,02;-0,01;-0,01;-0,01;-0,01;-0,01;-0,01
16.08.2026;04:00;04:15;0,0;0,0;0,0;0,0;0,0;0,0;-0,15;-0,15;-0,01;-0,01;-0,01;-0,01;-0,04;-0,04;-0,01;-0,01;-0,01;-0,01;-0,01;-0,01;-0,01;-0,01;-0,01;-0,01;0,0;0,0;-0,01;-0,01;-0,01;-0,01;-0,01;-0,01;-0,01;-0,01;-0,02;-0,02;0,0;0,0;-0,02;-0,02;-0,01;-0,01;-0,01;-0,01;-0,01;-0,01;0,0;0,0;-0,02;-0,02;0,0;0,0;-0,01;-0,01;-0,01;-0,01
16.08.2026;04:15;04:30;0,0;0,0;0,0;0,0;-0,01;-0,01;-0,17;-0,17;0,0;0,0;-0,02;-0,02;-0,04;-0,04;-0,01;-0,01;-0,02;-0,02;-0,01;-0,01;-0,02;-0,02;-0,01;-0,01;0,0;0,0;0,0;0,0;-0,01;-0,01;-0,02;-0,02;-0,01;-0,01;-0,02;-0,02;-0,02;-0,02;-0,03;-0,03;-0,01;-0,01;-0,02;-0,02;-0,01;-0,01;-0,01;-0,01;-0,01;-0,01;-0,02;-0,02;-0,01;-0,01;-0,02;-0,02
16.08.2026;04:30;04:45;0,0;0,0;0,0;0,0;-0,01;-0,01;-0,19;-0,19;-0,01;-0,01;-0,01;-0,01;-0,05;-0,05;-0,01;-0,01;-0,02;-0,02;-0,02;-0,02;-0,01;-0,01;-0,01;-0,01;0,0;0,0;-0,01;-0,01;-0,01;-0,01;0,0;0,0;-0,01;-0,01;-0,02;-0,02;-0,01;-0,01;-0,02;-0,02;-0,01;-0,01;-0,02;-0,02;-0,01;-0,01;-0,02;-0,02;-0,01;-0,01;-0,01;-0,01;-0,01;-0,01;0,0;0,0
16.08.2026;04:45;05:00;0,0;0,0;-0,01;-0,01;-0,01;-0,01;-0,17;-0,17;-0,01;-0,01;-0,01;-0,01;-0,04;-0,04;-0,01;-0,01;0,0;0,0;-0,01;-0,01;-0,01;-0,01;0,0;0,0;0,0;0,0;-0,02;-0,02;-0,01;-0,01;-0,02;-0,02;-0,01;-0,01;-0,01;-0,01;-0,01;-0,01;-0,02;-0,02;-0,02;-0,02;-0,03;-0,03;-0,01;-0,01;-0,01;-0,01;0,0;0,0;-0,02;-0,02;0,0;0,0;0,0;0,0
16.08.2026;05:00;05:15;0,0;0,0;0,0;0,0;-0,02;-0,02;-0,16;-0,16;0,0;0,0;-0,02;-0,02;-0,04;-0,04;-0,01;-0,01;-0,02;-0,02;-0,02;-0,02;-0,02;-0,02;-0,02;-0,02;0,0;0,0;-0,01;-0,01;-0,01;-0,01;0,0;0,0;0,0;0,0;0,0;0,0;-0,01;-0,01;-0,02;-0,02;0,0;0,0;-0,03;-0,03;-0,01;-0,01;-0,01;-0,01;0,0;0,0;-0,01;-0,01;-0,02;-0,02;0,0;0,0
16.08.2026;05:15;05:30;0,0;0,0;0,0;0,0;0,0;0,0;-0,18;-0,18;-0,01;-0,01;-0,01;-0,01;-0,04;-0,04;-0,01;-0,01;-0,02;-0,02;-0,01;-0,01;-0,01;-0,01;0,0;0,0;0,0;0,0;0,0;0,0;-0,02;-0,02;-0,01;-0,01;0,0;0,0;-0,02;-0,02;-0,01;-0,01;-0,03;-0,03;-0,01;-0,01;-0,1;-0,1;-0,01;-0,01;-0,01;-0,01;-0,01;-0,01;-0,01;-0,01;-0,01;-0,01;-0,01;-0,01
16.08.2026;05:30;05:45;0,0;0,0;0,0;0,0;-0,01;-0,01;-0,2;-0,2;0,0;0,0;-0,01;-0,01;-0,05;-0,05;-0,03;-0,03;-0,01;-0,01;0,0;0,0;-0,01;-0,01;-0,01;-0,01;0,0;0,0;-0,01;-0,01;-0,01;-0,01;-0,02;-0,02;-0,02;-0,02;-0,02;-0,02;-0,02;-0,02;-0,02;-0,02;-0,02;-0,02;-0,03;-0,03;-0,01;-0,01;-0,02;-0,02;0,0;0,0;-0,01;-0,01;0,0;0,0;-0,01;-0,01
16.08.2026;05:45;06:00;0,0;0,0;-0,01;-0,01;-0,01;-0,01;-0,19;-0,19;-0,01;-0,01;-0,01;-0,01;-0,04;-0,04;-0,02;-0,02;-0,02;-0,02;-0,13;-0,13;0,0;0,0;-0,01;-0,01;0,0;0,0;-0,01;-0,01;-0,08;-0,08;0,0;0,0;-0,01;-0,01;-0,02;-0,02;0,0;0,0;-0,02;-0,02;0,0;0,0;-0,03;-0,03;-0,01;-0,01;0,0;0,0;-0,03;-0,03;-0,01;-0,01;-0,02;-0,02;-0,02;-0,02
16.08.2026;06:00;06:15;0,0;0,0;0,0;0,0;-0,01;-0,01;-0,22;-0,22;0,0;0,0;0,0;0,0;-0,04;-0,04;-0,03;-0,03;-0,01;-0,01;0,0;0,0;0,0;0,0;-0,01;-0,01;0,0;0,0;-0,01;-0,01;-0,16;-0,16;-0,01;-0,01;-0,01;-0,01;0,0;0,0;-0,01;-0,01;-0,02;-0,02;-0,02;-0,02;-0,01;-0,01;-0,01;-0,01;-0,01;-0,01;-0,02;-0,02;-0,01;-0,01;0,0;0,0;-0,01;-0,01
16.08.2026;06:15;06:30;0,0;0,0;0,0;0,0;-0,02;-0,02;-0,23;-0,23;-0,01;-0,01;-0,01;-0,01;-0,05;-0,05;-0,04;-0,04;-0,01;-0,01;-0,01;-0,01;-0,02;-0,02;-0,01;-0,01;0,0;0,0;-0,01;-0,01;-0,12;-0,12;-0,01;-0,01;0,0;0,0;-0,01;-0,01;-0,02;-0,02;-0,02;-0,02;-0,01;-0,01;-0,01;-0,01;-0,01;-0,01;-0,02;-0,02;-0,02;-0,02;-0,02;-0,02;-0,02;-0,02;0,0;0,0
16.08.2026;06:30;06:45;0,16;0,11;0,0;0,0;0,0;0,0;-0,24;-0,19;0,0;0,0;0,0;0,0;-0,05;-0,05;-0,02;-0,02;-0,02;-0,02;-0,01;-0,01;-0,01;-0,01;-0,01;-0,01;0,0;0,0;-0,01;-0,01;-0,03;-0,03;-0,01;-0,01;0,0;0,0;-0,01;-0,01;0,0;0,0;-0,02;-0,02;0,0;0,0;-0,01;-0,01;-0,01;-0,01;-0,01;-0,01;0,0;0,0;-0,01;-0,01;-0,02;-0,02;-0,01;-0,01
16.08.2026;06:45;07:00;0,25;0,18;0,0;0,0;-0,01;-0,01;-0,19;-0,12;-0,01;-0,01;-0,02;-0,02;-0,05;-0,05;-0,03;-0,03;-0,01;-0,01;-0,02;-0,02;-0,02;-0,02;0,0;0,0;0,0;0,0;-0,04;-0,04;-0,03;-0,03;-0,04;-0,04;-0,01;-0,01;-0,02;-0,02;-0,02;-0,02;-0,03;-0,03;-0,02;-0,02;-0,02;-0,02;-0,02;-0,02;-0,01;-0,01;0,0;0,0;-0,01;-0,01;-0,03;-0,03;0,0;0,0
16.08.2026;07:00;07:15;0,18;0,13;-0,01;-0,01;-0,01;-0,01;-0,23;-0,18;-0,01;-0,01;-0,01;-0,01;-0,04;-0,04;-0,01;-0,01;-0,02;-0,02;-0,02;-0,02;-0,01;-0,01;-0,02;-0,02;0,0;0,0;0,0;0,0;-0,02;-0,02;-0,11;-0,11;-0,01;-0,01;-0,01;-0,01;-0,01;-0,01;-0,02;-0,02;-0,01;-0,01;-0,02;-0,02;0,0;0,0;-0,01;-0,01;-0,01;-0,01;-0,01;-0,01;-0,02;-0,02;-0,01;-0,01
16.08.2026;07:15;07:30;0,37;0,11;0,0;0,0;-0,05;-0,04;-0,2;-0,14;0,0;0,0;-0,01;0,0;-0,15;-0,14;-0,03;-0,02;-0,01;0,0;-0,02;-0,01;-0,02;-0,01;0,0;0,0;0,0;0,0;-0,01;0,0;-0,03;-0,02;-0,06;-0,05;-0,01;0,0;0,0;0,0;0,0;0,0;-0,03;-0,02;-0,01;0,0;-0,02;-0,01;-0,02;-0,01;-0,02;-0,01;-0,02;-0,01;-0,01;0,0;-0,02;-0,01;-0,01;0,0
16.08.2026;07:30;07:45;0,56;0,15;0,0;0,0;-0,25;-0,23;-0,23;-0,13;-0,01;0,0;-0,02;0,0;-0,07;-0,05;-0,04;-0,02;-0,01;0,0;0,0;0,0;-0,01;0,0;-0,01;0,0;0,0;0,0;-0,02;0,0;-0,01;0,0;-0,05;-0,03;-0,01;0,0;-0,01;0,0;-0,03;-0,01;-0,02;0,0;-0,01;0,0;-0,01;0,0;-0,01;0,0;0,0;0,0;-0,01;0,0;-0,01;0,0;-0,03;-0,01;-0,01;0,0
16.08.2026;07:45;08:00;0,9;0,25;0,0;0,0;-0,02;0,0;-0,23;-0,05;-0,01;0,0;-0,01;0,0;-0,09;-0,03;-0,02;0,0;-0,02;0,0;-0,01;0,0;-0,01;0,0;-0,01;0,0;0,0;0,0;-0,02;0,0;-0,01;0,0;-0,07;-0,01;0,0;0,0;-0,02;0,0;0,0;0,0;-0,02;0,0;-0,01;0,0;-0,01;0,0;-0,02;0,0;-0,01;0,0;-0,03;0,0;-0,01;0,0;-0,31;-0,25;-0,02;0,0
16.08.2026;08:00;08:15;1,16;0,34;-0,01;0,0;-0,03;0,0;-0,17;0,0;0,0;0,0;-0,01;0,0;-0,06;0,0;-0,02;0,0;-0,12;-0,03;0,0;0,0;-0,02;0,0;-0,13;-0,04;-0,01;0,0;0,0;0,0;-0,01;0,0;-0,07;0,0;-0,01;0,0;-0,01;0,0;-0,01;0,0;-0,02;0,0;-0,01;0,0;-0,01;0,0;-0,01;0,0;-0,02;0,0;-0,02;0,0;-0,02;0,0;-0,12;-0,03;0,0;0,0
16.08.2026;08:15;08:30;0,87;0,2;0,0;0,0;-0,03;0,0;-0,15;-0,01;-0,01;0,0;-0,02;0,0;-0,06;-0,02;-0,04;0,0;-0,22;-0,18;-0,01;0,0;0,0;0,0;-0,33;-0,29;0,0;0,0;-0,03;0,0;-0,01;0,0;-0,07;-0,03;-0,01;0,0;-0,01;0,0;-0,02;0,0;-0,02;0,0;-0,01;0,0;-0,03;0,0;-0,01;0,0;-0,01;0,0;-0,28;-0,24;-0,01;0,0;-0,43;-0,39;-0,01;0,0
16.08.2026;08:30;08:45;1,46;0,44;0,0;0,0;-0,04;0,0;-0,17;0,0;0,0;0,0;-0,01;0,0;-0,11;0,0;-0,06;0,0;-0,18;-0,07;0,0;0,0;0,0;0,0;-0,36;-0,25;0,0;0,0;-0,02;0,0;-0,01;0,0;-0,07;0,0;-0,04;0,0;0,0;0,0;0,0;0,0;-0,03;0,0;-0,02;0,0;-0,02;0,0;-0,01;0,0;-0,01;0,0;-0,34;-0,23;-0,02;0,0;-0,04;0,0;-0,01;0,0
16.08.2026;08:45;09:00;1,74;0,54;0,0;0,0;-0,01;0,0;-0,12;0,0;-0,01;0,0;-0,02;0,0;-0,13;0,0;-0,04;0,0;-0,17;-0,03;-0,02;0,0;-0,01;0,0;-0,41;-0,27;0,0;0,0;-0,01;0,0;-0,01;0,0;-0,12;0,0;-0,03;0,0;-0,02;0,0;-0,02;0,0;-0,02;0,0;-0,04;0,0;-0,01;0,0;-0,01;0,0;-0,01;0,0;-0,25;-0,11;0,0;0,0;-0,1;0,0;-0,02;0,0
16.08.2026;09:00;09:15;2,1;0,86;0,0;0,0;-0,02;0,0;-0,19;0,0;-0,01;0,0;-0,01;0,0;-0,1;0,0;-0,05;0,0;-0,2;0,0;-0,02;0,0;-0,01;0,0;-0,22;-0,02;0,0;0,0;-0,01;0,0;-0,01;0,0;-0,06;0,0;-0,01;0,0;-0,01;0,0;-0,01;0,0;-0,02;0,0;-0,12;0,0;-0,01;0,0;-0,01;0,0;-0,02;0,0;-0,08;0,0;-0,01;0,0;-0,04;0,0;-0,01;0,0
16.08.2026;09:15;09:30;2,25;1,59;-0,01;0,0;-0,01;0,0;-0,15;0,0;0,0;0,0;-0,01;0,0;-0,05;0,0;-0,03;0,0;-0,06;0,0;-0,02;0,0;-0,02;0,0;-0,05;0,0;0,0;0,0;0,0;0,0;-0,01;0,0;-0,06;0,0;0,0;0,0;-0,01;0,0;0,0;0,0;-0,02;0,0;-0,01;0,0;-0,01;0,0;-0,02;0,0;-0,01;0,0;-0,01;0,0;-0,01;0,0;-0,06;0,0;-0,02;0,0
16.08.2026;09:30;09:45;2,06;1,41;0,0;0,0;0,0;0,0;-0,09;0,0;-0,01;0,0;-0,01;0,0;-0,04;0,0;-0,03;0,0;-0,08;0,0;-0,01;0,0;-0,01;0,0;-0,02;0,0;0,0;0,0;-0,02;0,0;-0,01;0,0;-0,06;0,0;-0,03;0,0;-0,01;0,0;-0,03;0,0;-0,02;0,0;-0,02;0,0;-0,02;0,0;-0,01;0,0;-0,01;0,0;-0,02;0,0;-0,01;0,0;-0,06;0,0;-0,02;0,0
16.08.2026;09:45;10:00;1,17;0,46;0,0;0,0;-0,01;0,0;-0,13;0,0;-0,03;0,0;-0,01;0,0;-0,04;0,0;-0,04;0,0;-0,03;0,0;-0,01;0,0;-0,02;0,0;-0,05;0,0;0,0;0,0;-0,02;0,0;-0,01;0,0;-0,05;0,0;-0,02;0,0;-0,01;0,0;-0,02;0,0;-0,02;0,0;-0,04;0,0;-0,03;0,0;0,0;0,0;-0,01;0,0;-0,01;0,0;-0,02;0,0;-0,06;0,0;-0,02;0,0
16.08.2026;10:00;10:15;1,07;0,37;0,0;0,0;-0,01;0,0;-0,09;0,0;-0,03;0,0;0,0;0,0;-0,04;0,0;-0,19;-0,12;-0,04;0,0;0,0;0,0;-0,01;0,0;-0,47;-0,4;0,0;0,0;-0,01;0,0;-0,01;0,0;-0,04;0,0;-0,03;0,0;-0,01;0,0;-0,03;0,0;-0,02;0,0;-0,04;0,0;0,0;0,0;-0,02;0,0;-0,01;0,0;-0,02;0,0;-0,01;0,0;-0,08;-0,01;-0,02;0,0
16.08.2026;10:15;10:30;0,18;0,13;-0,01;-0,01;-0,02;-0,02;-0,13;-0,08;-0,04;-0,04;-0,01;-0,01;-0,03;-0,03;-0,27;-0,27;-0,03;-0,03;0,0;0,0;-0,02;-0,02;-0,3;-0,3;0,0;0,0;-0,02;-0,02;-0,01;-0,01;-0,06;-0,06;-0,03;-0,03;-0,01;-0,01;-0,03;-0,03;-0,02;-0,02;-0,04;-0,04;-0,01;-0,01;0,0;0,0;-0,01;-0,01;-0,01;-0,01;-0,02;-0,02;-0,09;-0,09;-0,02;-0,02
16.08.2026;10:30;10:45;0,0;0,0;0,0;0,0;-0,01;-0,01;-0,13;-0,13;-0,04;-0,04;0,0;0,0;-0,04;-0,04;-0,1;-0,1;-0,04;-0,04;-0,09;-0,09;-0,01;-0,01;-0,03;-0,03;0,0;0,0;-0,02;-0,02;-0,01;-0,01;-0,05;-0,05;-0,02;-0,02;-0,02;-0,02;-0,03;-0,03;-0,1;-0,1;-0,05;-0,05;-0,02;-0,02;-0,02;-0,02;-0,01;-0,01;-0,02;-0,02;-0,01;-0,01;-0,52;-0,52;-0,02;-0,02
16.08.2026;10:45;11:00;0,73;0,22;0,0;0,0;-0,04;-0,02;-0,1;0,0;-0,04;-0,02;-0,02;0,0;-0,04;-0,02;-0,03;-0,01;-0,04;-0,02;-0,01;0,0;-0,01;0,0;-0,02;0,0;0,0;0,0;-0,02;0,0;-0,01;0,0;-0,05;-0,03;-0,03;-0,01;-0,01;0,0;-0,04;-0,02;-0,3;-0,28;-0,04;-0,02;-0,02;0,0;-0,01;0,0;-0,02;0,0;-0,02;0,0;0,0;0,0;-0,15;-0,13;-0,02;0,0
16.08.2026;11:00;11:15;0,87;0,2;0,0;0,0;-0,1;-0,06;-0,12;0,0;-0,03;0,0;-0,01;0,0;-0,04;0,0;-0,03;0,0;-0,03;0,0;-0,02;0,0;0,0;0,0;-0,02;0,0;0,0;0,0;-0,01;0,0;-0,02;0,0;-0,03;0,0;-0,03;0,0;-0,03;0,0;-0,02;0,0;-0,36;-0,32;-0,04;0,0;-0,02;0,0;0,0;0,0;-0,01;0,0;-0,01;0,0;-0,01;0,0;-0,29;-0,25;-0,02;0,0
16.08.2026;11:15;11:30;0,62;0,12;0,0;0,0;-0,02;0,0;-0,09;0,0;-0,04;-0,02;-0,02;0,0;-0,04;-0,02;-0,06;-0,04;-0,03;-0,01;-0,02;0,0;0,0;0,0;-0,03;-0,01;0,0;0,0;-0,01;0,0;0,0;0,0;-0,04;-0,02;-0,15;-0,13;-0,02;0,0;-0,03;-0,01;-0,07;-0,05;-0,04;-0,02;-0,01;0,0;-0,02;0,0;-0,01;0,0;-0,02;0,0;-0,02;0,0;-0,44;-0,42;-0,02;0,0
16.08.2026;11:30;11:45;0,75;0,13;-0,01;0,0;-0,01;0,0;-0,22;-0,11;-0,04;-0,01;-0,01;0,0;-0,04;-0,01;-0,3;-0,27;-0,03;0,0;-0,01;0,0;-0,01;0,0;-0,02;0,0;0,0;0,0;-0,02;0,0;-0,01;0,0;-0,03;0,0;-0,05;-0,02;-0,04;-0,01;-0,03;0,0;-0,08;-0,05;-0,15;-0,12;-0,01;0,0;-0,01;0,0;-0,01;0,0;-0,02;0,0;-0,01;0,0;-0,43;-0,4;-0,02;0,0
16.08.2026;11:45;12:00;0,64;0,11;0,0;0,0;-0,02;0,0;-0,21;-0,13;-0,04;-0,02;-0,01;0,0;-0,33;-0,31;-0,21;-0,19;-0,02;0,0;-0,01;0,0;-0,02;0,0;-0,03;-0,01;0,0;0,0;-0,02;0,0;-0,03;-0,01;-0,03;-0,01;-0,02;0,0;-0,04;-0,02;-0,02;0,0;-0,05;-0,03;-0,17;-0,15;-0,02;0,0;-0,01;0,0;-0,02;0,0;-0,02;0,0;-0,02;0,0;-0,56;-0,54;-0,02;0,0
16.08.2026;12:00;12:15;0,41;0,11;0,0;0,0;-0,05;-0,04;-0,13;-0,06;-0,03;-0,02;-0,02;-0,01;-0,35;-0,34;-0,27;-0,26;-0,01;0,0;-0,01;0,0;-0,02;-0,01;-0,02;-0,01;0,0;0,0;-0,01;0,0;-0,03;-0,02;-0,02;-0,01;-0,01;0,0;-0,02;-0,01;-0,04;-0,03;-0,05;-0,04;-0,04;-0,03;-0,02;-0,01;-0,01;0,0;0,0;0,0;-0,02;-0,01;-0,01;0,0;-0,55;-0,54;-0,02;-0,01
16.08.2026;12:15;12:30;0,67;0,17;0,0;0,0;-0,05;-0,03;-0,2;-0,1;-0,01;0,0;-0,01;0,0;-0,17;-0,15;-0,12;-0,1;-0,02;0,0;-0,02;0,0;-0,01;0,0;-0,02;0,0;0,0;0,0;-0,27;-0,25;-0,04;-0,02;-0,01;0,0;-0,01;0,0;-0,01;0,0;-0,02;0,0;-0,05;-0,03;-0,09;-0,07;-0,02;0,0;-0,09;-0,07;-0,01;0,0;-0,03;-0,01;-0,01;0,0;-0,36;-0,34;-0,02;0,0
16.08.2026;12:30;12:45;0,71;0,22;-0,01;0,0;-0,02;0,0;-0,09;0,0;-0,01;0,0;-0,01;0,0;-0,06;-0,04;-0,12;-0,1;-0,02;0,0;-0,3;-0,28;-0,02;0,0;-0,03;-0,01;0,0;0,0;-0,06;-0,04;-0,04;-0,02;-0,01;0,0;-0,02;0,0;0,0;0,0;-0,06;-0,04;-0,05;-0,03;-0,01;0,0;-0,01;0,0;-0,01;0,0;-0,02;0,0;-0,02;0,0;-0,01;0,0;-0,36;-0,34;-0,02;0,0
16.08.2026;12:45;13:00;0,76;0,22;0,0;0,0;-0,01;0,0;-0,09;0,0;0,0;0,0;-0,06;-0,03;-0,12;-0,09;-0,12;-0,09;-0,01;0,0;-0,06;-0,03;-0,01;0,0;-0,23;-0,2;0,0;0,0;-0,04;-0,01;-0,05;-0,02;0,0;0,0;-0,01;0,0;-0,01;0,0;-0,04;-0,01;-0,03;0,0;-0,01;0,0;-0,01;0,0;-0,05;-0,02;-0,01;0,0;-0,02;0,0;0,0;0,0;-0,41;-0,38;-0,02;0,0
16.08.2026;13:00;13:15;0,47;0,14;0,0;0,0;-0,02;-0,01;-0,22;-0,14;-0,01;0,0;-0,56;-0,55;-0,05;-0,04;-0,13;-0,12;-0,02;-0,01;-0,03;-0,02;-0,01;0,0;-0,17;-0,16;-0,01;0,0;-0,06;-0,05;-0,07;-0,06;-0,02;-0,01;-0,01;0,0;-0,02;-0,01;-0,02;-0,01;-0,03;-0,02;-0,01;0,0;-0,01;0,0;-0,07;-0,06;-0,01;0,0;-0,01;0,0;-0,02;-0,01;-0,17;-0,16;-0,02;-0,01
16.08.2026;13:15;13:30;0,32;0,07;0,0;0,0;-0,02;-0,01;-0,14;-0,12;-0,01;0,0;-0,25;-0,24;-0,05;-0,04;-0,1;-0,09;-0,02;-0,01;-0,05;-0,04;-0,02;-0,01;-0,03;-0,02;0,0;0,0;-0,04;-0,03;-0,4;-0,39;-0,43;-0,42;-0,01;0,0;-0,01;0,0;-0,03;-0,02;-0,04;-0,03;-0,01;0,0;-0,03;-0,02;-0,06;-0,05;-0,01;0,0;0,0;0,0;-0,02;-0,01;-0,18;-0,17;-0,02;-0,01
16.08.2026;13:30;13:45;0,61;0,14;-0,01;0,0;-0,01;0,0;-0,07;0,0;0,0;0,0;-0,04;-0,02;-0,05;-0,03;-0,1;-0,08;-0,01;0,0;-0,04;-0,02;0,0;0,0;-0,03;-0,01;0,0;0,0;-0,04;-0,02;-0,52;-0,5;-0,38;-0,36;-0,02;0,0;-0,02;0,0;-0,03;-0,01;-0,05;-0,03;-0,01;0,0;-0,02;0,0;-0,07;-0,05;-0,02;0,0;-0,01;0,0;-0,01;0,0;-0,16;-0,14;-0,02;0,0
16.08.2026;13:45;14:00;1,41;0,42;0,0;0,0;-0,01;0,0;-0,08;0,0;-0,03;0,0;-0,05;0,0;-0,06;0,0;-0,1;0,0;-0,01;0,0;-0,02;0,0;0,0;0,0;-0,01;0,0;0,0;0,0;-0,16;-0,06;-0,33;-0,23;-0,15;-0,05;0,0;0,0;0,0;0,0;-0,02;0,0;-0,05;0,0;-0,02;0,0;-0,01;0,0;-0,07;0,0;-0,01;0,0;-0,02;0,0;-0,01;0,0;-0,16;-0,06;-0,01;0,0
16.08.2026;14:00;14:15;0,16;0,11;0,0;0,0;-0,01;-0,01;-0,07;-0,02;-0,04;-0,04;-0,04;-0,04;-0,05;-0,05;-0,1;-0,1;-0,02;-0,02;0,0;0,0;0,0;0,0;-0,04;-0,04;0,0;0,0;-0,65;-0,65;-0,14;-0,14;-0,02;-0,02;-0,01;-0,01;-0,01;-0,01;-0,04;-0,04;-0,05;-0,05;-0,03;-0,03;-0,01;-0,01;-0,06;-0,06;0,0;0,0;-0,03;-0,03;-0,01;-0,01;-0,08;-0,08;-0,02;-0,02
16.08.2026;14:15;14:30;0,0;0,0;0,0;0,0;-0,01;-0,01;-0,09;-0,09;-0,03;-0,03;-0,04;-0,04;-0,34;-0,34;-0,12;-0,12;-0,01;-0,01;-0,01;-0,01;-0,02;-0,02;-0,04;-0,04;0,0;0,0;-0,29;-0,29;-0,33;-0,33;-0,01;-0,01;-0,01;-0,01;-0,01;-0,01;-0,02;-0,02;-0,24;-0,24;-0,24;-0,24;-0,01;-0,01;-0,08;-0,08;-0,02;-0,02;-0,02;-0,02;-0,01;-0,01;-0,04;-0,04;-0,02;-0,02
16.08.2026;14:30;14:45;2,65;1,12;0,0;0,0;-0,01;0,0;-0,1;0,0;-0,02;0,0;-0,04;0,0;-0,24;0,0;-0,13;0,0;-0,02;0,0;0,0;0,0;-0,02;0,0;-0,02;0,0;0,0;0,0;-0,11;0,0;-0,08;0,0;-0,01;0,0;-0,02;0,0;-0,01;0,0;-0,03;0,0;-0,18;0,0;-0,34;-0,08;-0,02;0,0;-0,12;0,0;-0,01;0,0;-0,02;0,0;-0,01;0,0;-0,03;0,0;-0,02;0,0
16.08.2026;14:45;15:00;3,32;2,29;-0,01;0,0;-0,02;0,0;-0,17;0,0;-0,02;0,0;-0,04;0,0;-0,1;0,0;-0,06;0,0;-0,02;0,0;-0,01;0,0;-0,01;0,0;-0,02;0,0;0,0;0,0;-0,05;0,0;-0,04;0,0;-0,01;0,0;-0,03;0,0;-0,02;0,0;-0,03;0,0;-0,15;0,0;-0,04;0,0;-0,03;0,0;-0,09;0,0;-0,01;0,0;-0,02;0,0;-0,01;0,0;-0,01;0,0;-0,01;0,0
16.08.2026;15:00;15:15;2,87;1,96;0,0;0,0;-0,02;0,0;-0,08;0,0;-0,01;0,0;-0,03;0,0;-0,07;0,0;-0,05;0,0;0,0;0,0;0,0;0,0;-0,02;0,0;-0,03;0,0;0,0;0,0;-0,04;0,0;-0,04;0,0;-0,02;0,0;-0,03;0,0;-0,05;0,0;-0,02;0,0;-0,17;0,0;-0,05;0,0;-0,01;0,0;-0,1;0,0;-0,01;0,0;-0,02;0,0;-0,02;0,0;-0,01;0,0;-0,01;0,0
16.08.2026;15:15;15:30;3,16;2,16;0,0;0,0;-0,01;0,0;-0,08;0,0;-0,02;0,0;-0,03;0,0;-0,04;0,0;-0,02;0,0;-0,02;0,0;-0,02;0,0;-0,01;0,0;-0,02;0,0;0,0;0,0;-0,05;0,0;-0,04;0,0;-0,05;0,0;-0,07;0,0;-0,06;0,0;-0,03;0,0;-0,26;0,0;-0,03;0,0;-0,01;0,0;-0,08;0,0;-0,02;0,0;-0,01;0,0;-0,01;0,0;-0,01;0,0;0,0;0,0
16.08.2026;15:30;15:45;2,79;1,7;0,0;0,0;-0,01;0,0;-0,19;0,0;-0,02;0,0;-0,03;0,0;-0,05;0,0;-0,04;0,0;-0,04;0,0;-0,02;0,0;-0,02;0,0;-0,01;0,0;0,0;0,0;-0,05;0,0;-0,04;0,0;-0,05;0,0;-0,18;0,0;-0,05;0,0;-0,02;0,0;-0,05;0,0;-0,04;0,0;-0,01;0,0;-0,1;0,0;-0,01;0,0;0,0;0,0;-0,02;0,0;-0,02;0,0;-0,02;0,0
16.08.2026;15:45;16:00;2,82;1,63;-0,01;0,0;-0,01;0,0;-0,27;0,0;-0,01;0,0;-0,03;0,0;-0,04;0,0;-0,03;0,0;-0,02;0,0;-0,01;0,0;-0,01;0,0;-0,02;0,0;0,0;0,0;-0,18;0,0;-0,04;0,0;-0,09;0,0;-0,1;0,0;-0,05;0,0;-0,03;0,0;-0,07;0,0;-0,03;0,0;-0,02;0,0;-0,07;0,0;-0,01;0,0;-0,01;0,0;0,0;0,0;-0,01;0,0;-0,02;0,0
16.08.2026;16:00;16:15;2,67;1,36;0,0;0,0;-0,01;0,0;-0,14;0,0;-0,02;0,0;-0,02;0,0;-0,04;0,0;-0,03;0,0;-0,04;0,0;-0,02;0,0;-0,01;0,0;-0,01;0,0;0,0;0,0;-0,48;-0,2;-0,05;0,0;-0,06;0,0;-0,07;0,0;-0,07;0,0;-0,03;0,0;-0,05;0,0;-0,01;0,0;-0,02;0,0;-0,04;0,0;-0,01;0,0;-0,01;0,0;-0,01;0,0;-0,23;0,0;-0,03;0,0
16.08.2026;16:15;16:30;2,5;1,07;0,0;0,0;-0,11;0,0;-0,13;0,0;-0,05;0,0;-0,03;0,0;-0,04;0,0;-0,02;0,0;-0,05;0,0;0,0;0,0;0,0;0,0;-0,01;0,0;0,0;0,0;-0,25;-0,02;-0,05;0,0;-0,07;0,0;-0,05;0,0;-0,07;0,0;-0,02;0,0;-0,04;0,0;-0,09;0,0;-0,02;0,0;-0,05;0,0;-0,02;0,0;-0,02;0,0;-0,01;0,0;-0,25;-0,02;-0,02;0,0
16.08.2026;16:30;16:45;2,24;0,98;0,0;0,0;-0,12;0,0;-0,16;0,0;-0,04;0,0;-0,03;0,0;-0,15;0,0;-0,02;0,0;-0,05;0,0;-0,01;0,0;0,0;0,0;-0,02;0,0;0,0;0,0;-0,06;0,0;-0,03;0,0;-0,06;0,0;-0,02;0,0;-0,06;0,0;-0,05;0,0;-0,03;0,0;-0,22;-0,02;-0,01;0,0;-0,05;0,0;0,0;0,0;-0,01;0,0;-0,02;0,0;-0,04;0,0;-0,02;0,0
16.08.2026;16:45;17:00;2,02;0,86;0,0;0,0;-0,16;0,0;-0,24;0,0;-0,04;0,0;-0,03;0,0;-0,06;0,0;-0,03;0,0;-0,04;0,0;0,0;0,0;-0,01;0,0;-0,02;0,0;0,0;0,0;-0,04;0,0;-0,05;0,0;-0,04;0,0;-0,03;0,0;-0,07;0,0;-0,02;0,0;-0,03;0,0;-0,11;0,0;-0,01;0,0;-0,04;0,0;-0,01;0,0;-0,02;0,0;-0,01;0,0;-0,03;0,0;-0,02;0,0
16.08.2026;17:00;17:15;1,64;0,45;-0,01;0,0;-0,56;-0,46;-0,23;0,0;-0,05;0,0;-0,03;0,0;-0,07;0,0;-0,03;0,0;-0,06;0,0;0,0;0,0;-0,02;0,0;-0,03;0,0;0,0;0,0;-0,04;0,0;-0,05;0,0;-0,02;0,0;-0,01;0,0;-0,06;0,0;-0,03;0,0;-0,03;0,0;-0,11;-0,01;-0,02;0,0;-0,05;0,0;-0,02;0,0;-0,01;0,0;-0,07;0,0;-0,03;0,0;-0,02;0,0
16.08.2026;17:15;17:30;1,73;0,5;0,0;0,0;-0,53;-0,4;-0,19;0,0;-0,01;0,0;-0,02;0,0;-0,06;0,0;-0,02;0,0;-0,08;0,0;-0,01;0,0;-0,02;0,0;-0,02;0,0;0,0;0,0;-0,06;0,0;-0,04;0,0;-0,01;0,0;-0,02;0,0;-0,07;0,0;-0,04;0,0;-0,02;0,0;-0,13;0,0;-0,03;0,0;-0,04;0,0;-0,01;0,0;-0,01;0,0;-0,28;-0,15;-0,04;0,0;-0,02;0,0
16.08.2026;17:30;17:45;1,47;0,55;0,0;0,0;-0,31;-0,2;-0,09;0,0;-0,01;0,0;-0,03;0,0;-0,05;0,0;-0,06;0,0;-0,05;0,0;-0,02;0,0;-0,01;0,0;-0,03;0,0;0,0;0,0;-0,04;0,0;-0,05;0,0;-0,01;0,0;-0,01;0,0;-0,07;0,0;-0,02;0,0;-0,03;0,0;-0,08;0,0;-0,01;0,0;-0,05;0,0;-0,01;0,0;-0,02;0,0;-0,01;0,0;-0,03;0,0;-0,02;0,0
16.08.2026;17:45;18:00;1,23;0,26;0,0;0,0;-0,05;0,0;-0,13;0,0;-0,01;0,0;-0,03;0,0;-0,06;0,0;-0,07;-0,01;-0,05;0,0;-0,02;0,0;-0,02;0,0;-0,04;0,0;0,0;0,0;-0,04;0,0;-0,05;0,0;-0,01;0,0;-0,07;-0,01;-0,07;-0,01;-0,04;0,0;-0,02;0,0;-0,07;-0,01;0,0;0,0;-0,06;0,0;-0,01;0,0;-0,01;0,0;0,0;0,0;-0,04;0,0;-0,04;0,0
16.08.2026;18:00;18:15;1,07;0,27;-0,01;0,0;-0,02;0,0;-0,13;0,0;-0,01;0,0;-0,03;0,0;-0,06;-0,02;-0,03;0,0;-0,08;-0,04;-0,02;0,0;-0,01;0,0;-0,02;0,0;-0,01;0,0;-0,05;-0,01;-0,05;-0,01;-0,01;0,0;-0,02;0,0;-0,07;-0,03;-0,03;0,0;-0,02;0,0;-0,07;-0,03;-0,02;0,0;-0,07;-0,03;-0,02;0,0;-0,02;0,0;-0,02;0,0;-0,08;-0,04;-0,03;0,0
16.08.2026;18:15;18:30;0,27;0,19;0,0;0,0;-0,12;-0,12;-0,1;-0,02;0,0;0,0;-0,03;-0,03;-0,06;-0,06;-0,03;-0,03;-0,05;-0,05;-0,01;-0,01;-0,01;-0,01;-0,04;-0,04;0,0;0,0;-0,04;-0,04;-0,05;-0,05;-0,01;-0,01;-0,01;-0,01;-0,07;-0,07;-0,02;-0,02;-0,02;-0,02;-0,07;-0,07;-0,02;-0,02;-0,08;-0,08;-0,01;-0,01;-0,01;-0,01;-0,01;-0,01;-0,05;-0,05;-0,03;-0,03
16.08.2026;18:30;18:45;0,0;0,0;0,0;0,0;-0,05;-0,05;-0,08;-0,08;-0,01;-0,01;-0,02;-0,02;-0,05;-0,05;-0,03;-0,03;-0,02;-0,02;0,0;0,0;-0,02;-0,02;-0,1;-0,1;0,0;0,0;-0,03;-0,03;-0,05;-0,05;-0,01;-0,01;-0,01;-0,01;-0,06;-0,06;-0,08;-0,08;-0,02;-0,02;-0,01;-0,01;-0,03;-0,03;-0,06;-0,06;-0,01;-0,01;-0,3;-0,3;-0,01;-0,01;-0,05;-0,05;-0,02;-0,02
16.08.2026;18:45;19:00;0,16;0,11;0,0;0,0;-0,23;-0,23;-0,18;-0,13;-0,01;-0,01;-0,03;-0,03;-0,06;-0,06;-0,04;-0,04;-0,02;-0,02;-0,01;-0,01;0,0;0,0;-0,09;-0,09;0,0;0,0;-0,03;-0,03;-0,05;-0,05;-0,01;-0,01;-0,01;-0,01;-0,07;-0,07;-0,03;-0,03;-0,02;-0,02;-0,02;-0,02;0,0;0,0;-0,07;-0,07;-0,01;-0,01;-0,31;-0,31;-0,02;-0,02;-0,04;-0,04;-0,02;-0,02
16.08.2026;19:00;19:15;0,34;0,1;0,0;0,0;-0,26;-0,25;-0,15;-0,12;0,0;0,0;-0,03;-0,02;-0,05;-0,04;-0,03;-0,02;-0,02;-0,01;-0,08;-0,07;0,0;0,0;-0,08;-0,07;0,0;0,0;-0,03;-0,02;-0,04;-0,03;-0,18;-0,17;0,0;0,0;-0,1;-0,09;-0,04;-0,03;-0,02;-0,01;-0,02;-0,01;-0,01;0,0;-0,05;-0,04;-0,02;-0,01;-0,34;-0,33;-0,01;0,0;-0,04;-0,03;-0,02;-0,01
16.08.2026;19:15;19:30;0,22;0,17;-0,01;-0,01;-0,19;-0,19;-0,12;-0,07;-0,01;-0,01;-0,03;-0,03;-0,05;-0,05;-0,02;-0,02;-0,02;-0,02;-0,19;-0,19;0,0;0,0;-0,12;-0,12;0,0;0,0;-0,03;-0,03;-0,04;-0,04;-0,23;-0,23;-0,01;-0,01;-0,56;-0,56;-0,03;-0,03;-0,03;-0,03;-0,04;-0,04;-0,02;-0,02;-0,04;-0,04;-0,03;-0,03;-0,21;-0,21;-0,01;-0,01;-0,06;-0,06;-0,02;-0,02
16.08.2026;19:30;19:45;0,1;0,1;0,0;0,0;-0,16;-0,16;-0,1;-0,1;-0,01;-0,01;-0,03;-0,03;-0,06;-0,06;-0,03;-0,03;-0,02;-0,02;-0,16;-0,16;-0,02;-0,02;-0,21;-0,21;0,0;0,0;-0,04;-0,04;-0,05;-0,05;-0,1;-0,1;-0,01;-0,01;-0,31;-0,31;-0,02;-0,02;-0,02;-0,02;-0,03;-0,03;-0,02;-0,02;-0,05;-0,05;-0,03;-0,03;-0,14;-0,14;-0,01;-0,01;-0,04;-0,04;-0,02;-0,02
16.08.2026;19:45;20:00;0,03;0,03;0,0;0,0;-0,1;-0,1;-0,18;-0,18;0,0;0,0;-0,02;-0,02;-0,05;-0,05;-0,03;-0,03;-0,01;-0,01;-0,16;-0,16;-0,02;-0,02;-0,16;-0,16;0,0;0,0;-0,02;-0,02;-0,14;-0,14;-0,35;-0,35;-0,01;-0,01;-0,04;-0,04;-0,04;-0,04;-0,02;-0,02;-0,02;-0,02;-0,02;-0,02;-0,06;-0,06;-0,03;-0,03;-0,04;-0,04;-0,01;-0,01;-0,04;-0,04;-0,01;-0,01
16.08.2026;20:00;20:15;0,01;0,01;0,0;0,0;-0,05;-0,05;-0,12;-0,12;-0,01;-0,01;-0,03;-0,03;-0,06;-0,06;-0,03;-0,03;-0,02;-0,02;-0,2;-0,2;-0,01;-0,01;-0,03;-0,03;0,0;0,0;-0,02;-0,02;-0,32;-0,32;-0,93;-0,93;-0,01;-0,01;-0,08;-0,08;-0,03;-0,03;-0,02;-0,02;-0,03;-0,03;-0,01;-0,01;-0,07;-0,07;-0,02;-0,02;-0,02;-0,02;-0,01;-0,01;-0,04;-0,04;-0,02;-0,02
16.08.2026;20:15;20:30;0,0;0,0;-0,01;-0,01;-0,05;-0,05;-0,18;-0,18;-0,01;-0,01;-0,03;-0,03;-0,05;-0,05;-0,27;-0,27;-0,02;-0,02;-0,51;-0,51;-0,02;-0,02;-0,01;-0,01;0,0;0,0;-0,03;-0,03;-0,27;-0,27;-0,35;-0,35;-0,01;-0,01;-0,04;-0,04;-0,03;-0,03;-0,02;-0,02;-0,03;-0,03;-0,01;-0,01;-0,07;-0,07;-0,02;-0,02;-0,02;-0,02;-0,02;-0,02;-0,03;-0,03;-0,02;-0,02
16.08.2026;20:30;20:45;0,0;0,0;0,0;0,0;-0,05;-0,05;-0,29;-0,29;-0,01;-0,01;-0,03;-0,03;-0,07;-0,07;-0,19;-0,19;-0,05;-0,05;-0,09;-0,09;-0,01;-0,01;-0,04;-0,04;0,0;0,0;-0,04;-0,04;-0,14;-0,14;-0,38;-0,38;0,0;0,0;-0,07;-0,07;-0,03;-0,03;-0,02;-0,02;-0,03;-0,03;-0,02;-0,02;-0,09;-0,09;0,0;0,0;-0,03;-0,03;-0,02;-0,02;-0,06;-0,06;-0,02;-0,02
16.08.2026;20:45;21:00;0,0;0,0;0,0;0,0;-0,04;-0,04;-0,27;-0,27;0,0;0,0;-0,03;-0,03;-0,08;-0,08;-0,04;-0,04;-0,08;-0,08;-0,22;-0,22;-0,01;-0,01;-0,07;-0,07;0,0;0,0;-0,06;-0,06;-0,07;-0,07;-0,14;-0,14;-0,02;-0,02;-0,12;-0,12;-0,02;-0,02;-0,04;-0,04;-0,03;-0,03;-0,02;-0,02;-0,08;-0,08;-0,02;-0,02;-0,01;-0,01;0,0;0,0;-0,05;-0,05;-0,02;-0,02
16.08.2026;21:00;21:15;0,0;0,0;0,0;0,0;-0,04;-0,04;-0,23;-0,23;-0,01;-0,01;-0,02;-0,02;-0,08;-0,08;-0,04;-0,04;-0,23;-0,23;-0,37;-0,37;-0,02;-0,02;-0,03;-0,03;0,0;0,0;-0,03;-0,03;-0,05;-0,05;-0,07;-0,07;-0,03;-0,03;-0,32;-0,32;-0,04;-0,04;-0,13;-0,13;-0,13;-0,13;-0,02;-0,02;-0,08;-0,08;-0,01;-0,01;0,0;0,0;-0,01;-0,01;-0,03;-0,03;-0,02;-0,02
16.08.2026;21:15;21:30;0,0;0,0;0,0;0,0;-0,04;-0,04;-0,24;-0,24;-0,01;-0,01;-0,01;-0,01;-0,08;-0,08;-0,04;-0,04;-0,2;-0,2;-0,2;-0,2;-0,01;-0,01;-0,02;-0,02;0,0;0,0;-0,03;-0,03;-0,06;-0,06;-0,12;-0,12;-0,03;-0,03;-0,26;-0,26;-0,02;-0,02;-0,03;-0,03;-0,03;-0,03;-0,01;-0,01;-0,07;-0,07;-0,02;-0,02;0,0;0,0;-0,01;-0,01;-0,03;-0,03;-0,03;-0,03
16.08.2026;21:30;21:45;0,0;0,0;-0,01;-0,01;-0,05;-0,05;-0,22;-0,22;0,0;0,0;-0,02;-0,02;-0,09;-0,09;-0,35;-0,35;-0,17;-0,17;-0,04;-0,04;0,0;0,0;-0,02;-0,02;0,0;0,0;-0,03;-0,03;-0,06;-0,06;-0,15;-0,15;-0,03;-0,03;-0,35;-0,35;-0,03;-0,03;-0,04;-0,04;-0,01;-0,01;-0,01;-0,01;-0,08;-0,08;0,0;0,0;-0,02;-0,02;-0,02;-0,02;-0,03;-0,03;-0,03;-0,03
16.08.2026;21:45;22:00;0,0;0,0;0,0;0,0;-0,04;-0,04;-0,24;-0,24;-0,01;-0,01;-0,03;-0,03;-0,08;-0,08;-0,03;-0,03;-0,11;-0,11;-0,04;-0,04;0,0;0,0;-0,02;-0,02;0,0;0,0;-0,02;-0,02;-0,06;-0,06;-0,03;-0,03;-0,02;-0,02;-0,16;-0,16;-0,03;-0,03;-0,04;-0,04;-0,01;-0,01;-0,01;-0,01;-0,09;-0,09;-0,02;-0,02;-0,01;-0,01;-0,01;-0,01;-0,03;-0,03;-0,06;-0,06
16.08.2026;22:00;22:15;0,0;0,0;0,0;0,0;-0,05;-0,05;-0,24;-0,24;-0,01;-0,01;-0,01;-0,01;-0,06;-0,06;-0,04;-0,04;-0,02;-0,02;-0,04;-0,04;-0,01;-0,01;0,0;0,0;0,0;0,0;-0,02;-0,02;-0,09;-0,09;-0,03;-0,03;-0,02;-0,02;-0,15;-0,15;-0,01;-0,01;-0,05;-0,05;-0,02;-0,02;-0,03;-0,03;-0,03;-0,03;-0,01;-0,01;-0,02;-0,02;-0,01;-0,01;-0,02;-0,02;-0,01;-0,01
16.08.2026;22:15;22:30;0,0;0,0;0,0;0,0;-0,04;-0,04;-0,26;-0,26;0,0;0,0;-0,01;-0,01;-0,03;-0,03;-0,03;-0,03;-0,02;-0,02;-0,27;-0,27;-0,02;-0,02;-0,01;-0,01;0,0;0,0;-0,03;-0,03;-0,19;-0,19;-0,02;-0,02;-0,02;-0,02;-0,05;-0,05;-0,03;-0,03;-0,05;-0,05;0,0;0,0;-0,02;-0,02;-0,01;-0,01;-0,01;-0,01;-0,01;-0,01;-0,02;-0,02;-0,03;-0,03;-0,02;-0,02
16.08.2026;22:30;22:45;0,0;0,0;-0,01;-0,01;-0,03;-0,03;-0,14;-0,14;-0,01;-0,01;-0,02;-0,02;-0,04;-0,04;-0,03;-0,03;-0,02;-0,02;-0,05;-0,05;-0,02;-0,02;-0,02;-0,02;0,0;0,0;-0,01;-0,01;-0,06;-0,06;-0,01;-0,01;-0,02;-0,02;-0,11;-0,11;0,0;0,0;-0,05;-0,05;-0,02;-0,02;-0,01;-0,01;-0,01;-0,01;-0,01;-0,01;-0,02;-0,02;-0,01;-0,01;-0,03;-0,03;-0,02;-0,02
16.08.2026;22:45;23:00;0,0;0,0;0,0;0,0;-0,03;-0,03;-0,08;-0,08;-0,01;-0,01;-0,01;-0,01;-0,05;-0,05;-0,04;-0,04;-0,01;-0,01;-0,08;-0,08;-0,01;-0,01;-0,01;-0,01;0,0;0,0;-0,01;-0,01;-0,11;-0,11;-0,01;-0,01;-0,03;-0,03;-0,15;-0,15;-0,01;-0,01;-0,05;-0,05;-0,01;-0,01;-0,01;-0,01;-0,02;-0,02;-0,02;-0,02;-0,01;-0,01;0,0;0,0;-0,02;-0,02;-0,04;-0,04
16.08.2026;23:00;23:15;0,0;0,0;0,0;0,0;-0,02;-0,02;-0,07;-0,07;0,0;0,0;-0,01;-0,01;-0,05;-0,05;-0,03;-0,03;-0,02;-0,02;-0,03;-0,03;-0,01;-0,01;-0,01;-0,01;-0,01;-0,01;-0,01;-0,01;-0,02;-0,02;-0,01;-0,01;-0,02;-0,02;-0,07;-0,07;-0,02;-0,02;-0,05;-0,05;0,0;0,0;-0,01;-0,01;-0,01;-0,01;-0,01;-0,01;-0,01;-0,01;-0,02;-0,02;-0,03;-0,03;-0,02;-0,02
16.08.2026;23:15;23:30;0,0;0,0;0,0;0,0;-0,02;-0,02;-0,07;-0,07;-0,01;-0,01;-0,02;-0,02;-0,03;-0,03;-0,03;-0,03;-0,02;-0,02;-0,03;-0,03;-0,02;-0,02;-0,01;-0,01;0,0;0,0;-0,02;-0,02;-0,01;-0,01;-0,02;-0,02;-0,03;-0,03;-0,02;-0,02;-0,01;-0,01;-0,04;-0,04;-0,02;-0,02;-0,03;-0,03;-0,01;-0,01;-0,01;-0,01;-0,01;-0,01;-0,01;-0,01;-0,02;-0,02;-0,03;-0,03
16.08.2026;23:30;23:45;0,0;0,0;-0,01;-0,01;-0,03;-0,03;-0,06;-0,06;-0,01;-0,01;-0,01;-0,01;-0,04;-0,04;-0,03;-0,03;-0,01;-0,01;-0,02;-0,02;-0,01;-0,01;-0,01;-0,01;0,0;0,0;0,0;0,0;-0,02;-0,02;-0,01;-0,01;-0,03;-0,03;-0,02;-0,02;-0,02;-0,02;-0,03;-0,03;-0,01;-0,01;-0,02;-0,02;-0,02;-0,02;-0,01;-0,01;-0,02;-0,02;-0,02;-0,02;-0,03;-0,03;-0,02;-0,02
16.08.2026;23:45;00:00;0,0;0,0;0,0;0,0;-0,02;-0,02;-0,14;-0,14;0,0;0,0;-0,02;-0,02;-0,04;-0,04;-0,03;-0,03;-0,02;-0,02;-0,01;-0,01;-0,02;-0,02;-0,01;-0,01;0,0;0,0;-0,01;-0,01;-0,01;-0,01;-0,01;-0,01;-0,02;-0,02;-0,01;-0,01;0,0;0,0;-0,02;-0,02;-0,01;-0,01;-0,01;-0,01;-0,01;-0,01;-0,02;-0,02;-0,01;-0,01;-0,01;-0,01;-0,02;-0,02;-0,03;-0,03
17.08.2026;00:00;00:15;0,0;0,0;0,0;0,0;-0,02;-0,02;-0,06;-0,06;-0,01;-0,01;-0,01;-0,01;-0,04;-0,04;-0,02;-0,02;-0,02;-0,02;-0,01;-0,01;0,0;0,0;-0,01;-0,01;0,0;0,0;-0,01;-0,01;-0,01;-0,01;-0,01;-0,01;0,0;0,0;-0,01;-0,01;-0,01;-0,01;-0,02;-0,02;-0,01;-0,01;-0,01;-0,01;-0,01;-0,01;-0,01;-0,01;-0,01;-0,01;0,0;0,0;-0,01;-0,01;-0,02;-0,02
17.08.2026;00:15;00:30;0,0;0,0;0,0;0,0;-0,01;-0,01;-0,07;-0,07;-0,01;-0,01;-0,01;-0,01;-0,05;-0,05;-0,03;-0,03;-0,01;-0,01;-0,01;-0,01;0,0;0,0;-0,01;-0,01;0,0;0,0;-0,02;-0,02;-0,01;-0,01;-0,01;-0,01;-0,01;-0,01;-0,01;-0,01;-0,02;-0,02;-0,03;-0,03;-0,01;-0,01;-0,01;-0,01;-0,01;-0,01;-0,01;-0,01;-0,02;-0,02;-0,01;-0,01;-0,02;-0,02;-0,02;-0,02
17.08.2026;00:30;00:45;0,0;0,0;0,0;0,0;0,0;0,0;-0,15;-0,15;0,0;0,0;-0,02;-0,02;-0,04;-0,04;-0,03;-0,03;-0,01;-0,01;-0,01;-0,01;-0,01;-0,01;-0,01;-0,01;0,0;0,0;0,0;0,0;-0,02;-0,02;-0,02;-0,02;-0,01;-0,01;-0,01;-0,01;-0,01;-0,01;-0,02;-0,02;-0,01;-0,01;-0,02;-0,02;-0,01;-0,01;-0,01;-0,01;-0,01;-0,01;-0,02;-0,02;-0,01;-0,01;-0,02;-0,02
17.08.2026;00:45;01:00;0,0;0,0;-0,01;-0,01;-0,01;-0,01;-0,17;-0,17;0,0;0,0;-0,01;-0,01;-0,04;-0,04;-0,02;-0,02;-0,02;-0,02;-0,01;-0,01;-0,01;-0,01;-0,01;-0,01;0,0;0,0;0,0;0,0;-0,01;-0,01;-0,02;-0,02;-0,01;-0,01;-0,01;-0,01;-0,01;-0,01;-0,02;-0,02;-0,01;-0,01;-0,03;-0,03;-0,02;-0,02;-0,02;-0,02;-0,02;-0,02;-0,01;-0,01;-0,01;-0,01;-0,02;-0,02
17.08.2026;01:00;01:15;0,0;0,0;0,0;0,0;-0,01;-0,01;-0,18;-0,18;-0,01;-0,01;-0,01;-0,01;-0,04;-0,04;-0,03;-0,03;-0,02;-0,02;-0,02;-0,02;-0,02;-0,02;-0,01;-0,01;0,0;0,0;-0,02;-0,02;-0,02;-0,02;-0,01;-0,01;-0,01;-0,01;-0,02;-0,02;-0,01;-0,01;-0,02;-0,02;-0,01;-0,01;-0,01;-0,01;-0,01;-0,01;-0,01;-0,01;-0,01;-0,01;-0,02;-0,02;-0,02;-0,02;-0,02;-0,02
17.08.2026;01:15;01:30;0,0;0,0;0,0;0,0;-0,01;-0,01;-0,1;-0,1;-0,01;-0,01;-0,02;-0,02;-0,04;-0,04;-0,02;-0,02;-0,02;-0,02;-0,02;-0,02;-0,01;-0,01;-0,01;-0,01;0,0;0,0;-0,02;-0,02;-0,01;-0,01;-0,02;-0,02;-0,01;-0,01;-0,01;-0,01;-0,01;-0,01;-0,02;-0,02;-0,01;-0,01;-0,01;-0,01;-0,01;-0,01;0,0;0,0;-0,02;-0,02;-0,01;-0,01;-0,01;-0,01;-0,02;-0,02
17.08.2026;01:30;01:45;0,0;0,0;0,0;0,0;-0,01;-0,01;-0,08;-0,08;0,0;0,0;-0,01;-0,01;-0,04;-0,04;-0,03;-0,03;-0,02;-0,02;-0,01;-0,01;-0,02;-0,02;-0,01;-0,01;0,0;0,0;0,0;0,0;-0,01;-0,01;-0,03;-0,03;-0,01;-0,01;-0,02;-0,02;-0,02;-0,02;-0,02;-0,02;-0,01;-0,01;-0,01;-0,01;-0,01;-0,01;-0,02;-0,02;-0,02;-0,02;-0,01;-0,01;-0,01;-0,01;-0,02;-0,02
17.08.2026;01:45;02:00;0,0;0,0;-0,01;-0,01;-0,02;-0,02;-0,07;-0,07;-0,01;-0,01;-0,01;-0,01;-0,04;-0,04;-0,02;-0,02;-0,02;-0,02;-0,02;-0,02;-0,01;-0,01;0,0;0,0;0,0;0,0;0,0;0,0;-0,01;-0,01;-0,01;-0,01;0,0;0,0;0,0;0,0;0,0;0,0;-0,03;-0,03;-0,01;-0,01;-0,02;-0,02;-0,02;-0,02;-0,02;-0,02;-0,01;-0,01;-0,01;-0,01;-0,02;-0,02;-0,02;-0,02
17.08.2026;02:00;02:15;0,0;0,0;0,0;0,0;-0,01;-0,01;-0,07;-0,07;-0,01;-0,01;-0,01;-0,01;-0,05;-0,05;-0,01;-0,01;-0,01;-0,01;0,0;0,0;-0,02;-0,02;-0,01;-0,01;0,0;0,0;-0,02;-0,02;-0,02;-0,02;-0,02;-0,02;-0,01;-0,01;-0,01;-0,01;-0,01;-0,01;-0,02;-0,02;-0,01;-0,01;-0,02;-0,02;-0,01;-0,01;0,0;0,0;-0,02;-0,02;-0,01;-0,01;-0,01;-0,01;-0,01;-0,01
17.08.2026;02:15;02:30;0,0;0,0;0,0;0,0;-0,02;-0,02;-0,06;-0,06;0,0;0,0;0,0;0,0;-0,04;-0,04;-0,01;-0,01;-0,02;-0,02;0,0;0,0;-0,01;-0,01;-0,02;-0,02;0,0;0,0;-0,01;-0,01;0,0;0,0;-0,02;-0,02;-0,01;-0,01;-0,01;-0,01;-0,02;-0,02;-0,02;-0,02;-0,01;-0,01;-0,01;-0,01;-0,01;-0,01;-0,01;-0,01;-0,01;-0,01;-0,01;-0,01;-0,01;-0,01;-0,02;-0,02
17.08.2026;02:30;02:45;0,0;0,0;0,0;0,0;-0,01;-0,01;-0,06;-0,06;-0,01;-0,01;0,0;0,0;-0,04;-0,04;-0,01;-0,01;-0,02;-0,02;-0,01;-0,01;-0,01;-0,01;0,0;0,0;0,0;0,0;-0,01;-0,01;-0,02;-0,02;-0,02;-0,02;-0,01;-0,01;-0,01;-0,01;0,0;0,0;-0,02;-0,02;0,0;0,0;-0,01;-0,01;-0,01;-0,01;-0,02;-0,02;-0,02;-0,02;-0,02;-0,02;-0,01;-0,01;-0,02;-0,02
17.08.2026;02:45;03:00;0,0;0,0;0,0;0,0;-0,01;-0,01;-0,06;-0,06;-0,01;-0,01;-0,01;-0,01;-0,04;-0,04;-0,06;-0,06;-0,02;-0,02;0,0;0,0;0,0;0,0;-0,01;-0,01;0,0;0,0;-0,01;-0,01;-0,01;-0,01;-0,02;-0,02;-0,01;-0,01;-0,02;-0,02;-0,02;-0,02;-0,02;-0,02;-0,01;-0,01;-0,01;-0,01;-0,01;-0,01;-0,01;-0,01;-0,01;-0,01;-0,01;-0,01;-0,01;-0,01;-0,02;-0,02
17.08.2026;03:00;03:15;0,0;0,0;-0,01;-0,01;0,0;0,0;-0,07;-0,07;0,0;0,0;-0,01;-0,01;-0,04;-0,04;-0,03;-0,03;-0,02;-0,02;-0,01;-0,01;0,0;0,0;-0,02;-0,02;0,0;0,0;-0,01;-0,01;-0,01;-0,01;-0,02;-0,02;0,0;0,0;-0,01;-0,01;-0,01;-0,01;-0,02;-0,02;-0,01;-0,01;-0,02;-0,02;-0,02;-0,02;-0,01;-0,01;-0,02;-0,02;-0,01;-0,01;-0,01;-0,01;-0,02;-0,02
17.08.2026;03:15;03:30;0,0;0,0;0,0;0,0;-0,01;-0,01;-0,17;-0,17;-0,01;-0,01;-0,02;-0,02;-0,04;-0,04;-0,03;-0,03;-0,02;-0,02;-0,02;-0,02;-0,01;-0,01;0,0;0,0;0,0;0,0;-0,01;-0,01;-0,01;-0,01;-0,01;-0,01;-0,01;-0,01;-0,02;-0,02;-0,01;-0,01;-0,03;-0,03;-0,01;-0,01;-0,02;-0,02;0,0;0,0;-0,01;-0,01;-0,02;-0,02;-0,01;-0,01;-0,01;-0,01;-0,02;-0,02
17.08.2026;03:30;03:45;0,0;0,0;0,0;0,0;-0,01;-0,01;-0,21;-0,21;-0,01;-0,01;-0,01;-0,01;-0,04;-0,04;-0,02;-0,02;-0,01;-0,01;-0,02;-0,02;-0,02;-0,02;-0,01;-0,01;0,0;0,0;-0,01;-0,01;-0,01;-0,01;-0,02;-0,02;-0,01;-0,01;0,0;0,0;-0,02;-0,02;-0,02;-0,02;-0,01;-0,01;-0,02;-0,02;-0,02;-0,02;-0,02;-0,02;0,0;0,0;-0,01;-0,01;-0,02;-0,02;-0,02;-0,02
17.08.2026;03:45;04:00;0,0;0,0;0,0;0,0;-0,02;-0,02;-0,19;-0,19;0,0;0,0;-0,02;-0,02;-0,04;-0,04;-0,02;-0,02;-0,02;-0,02;-0,01;-0,01;-0,02;-0,02;-0,01;-0,01;0,0;0,0;-0,01;-0,01;-0,01;-0,01;-0,02;-0,02;-0,01;-0,01;-0,01;-0,01;0,0;0,0;-0,02;-0,02;-0,02;-0,02;-0,01;-0,01;-0,01;-0,01;-0,01;-0,01;-0,01;-0,01;-0,02;-0,02;-0,01;-0,01;-0,02;-0,02
17.08.2026;04:00;04:15;0,0;0,0;-0,01;-0,01;-0,01;-0,01;-0,19;-0,19;-0,01;-0,01;-0,01;-0,01;-0,04;-0,04;-0,01;-0,01;-0,02;-0,02;-0,02;-0,02;-0,01;-0,01;-0,01;-0,01;-0,01;-0,01;-0,01;-0,01;-0,01;-0,01;-0,02;-0,02;-0,01;-0,01;-0,01;-0,01;-0,01;-0,01;-0,02;-0,02;0,0;0,0;-0,01;-0,01;-0,01;-0,01;-0,01;-0,01;0,0;0,0;-0,01;-0,01;-0,01;-0,01;-0,02;-0,02
17.08.2026;04:15;04:30;0,0;0,0;0,0;0,0;-0,02;-0,02;-0,21;-0,21;0,0;0,0;-0,01;-0,01;-0,04;-0,04;-0,01;-0,01;-0,02;-0,02;0,0;0,0;-0,01;-0,01;-0,01;-0,01;0,0;0,0;-0,01;-0,01;-0,01;-0,01;-0,02;-0,02;-0,01;-0,01;-0,02;-0,02;-0,02;-0,02;-0,02;-0,02;-0,01;-0,01;-0,01;-0,01;-0,01;-0,01;-0,01;-0,01;-0,01;-0,01;-0,01;-0,01;-0,01;-0,01;-0,01;-0,01
17.08.2026;04:30;04:45;0,0;0,0;0,0;0,0;0,0;0,0;-0,22;-0,22;-0,01;-0,01;-0,02;-0,02;-0,04;-0,04;-0,02;-0,02;-0,02;-0,02;-0,01;-0,01;-0,02;-0,02;-0,01;-0,01;0,0;0,0;0,0;0,0;-0,02;-0,02;-0,03;-0,03;0,0;0,0;-0,01;-0,01;0,0;0,0;-0,14;-0,14;-0,01;-0,01;-0,03;-0,03;-0,01;-0,01;-0,02;-0,02;-0,02;-0,02;-0,02;-0,02;-0,01;-0,01;-0,02;-0,02
17.08.2026;04:45;05:00;0,0;0,0;0,0;0,0;-0,01;-0,01;-0,12;-0,12;-0,01;-0,01;-0,01;-0,01;-0,04;-0,04;-0,01;-0,01;-0,03;-0,03;0,0;0,0;-0,01;-0,01;-0,01;-0,01;0,0;0,0;-0,01;-0,01;-0,11;-0,11;-0,02;-0,02;0,0;0,0;-0,01;-0,01;-0,02;-0,02;-0,02;-0,02;-0,01;-0,01;-0,02;-0,02;-0,01;-0,01;0,0;0,0;-0,01;-0,01;-0,01;-0,01;-0,01;-0,01;-0,02;-0,02
17.08.2026;05:00;05:15;0,0;0,0;0,0;0,0;0,0;0,0;-0,09;-0,09;0,0;0,0;-0,01;-0,01;-0,04;-0,04;-0,01;-0,01;-0,01;-0,01;0,0;0,0;-0,01;-0,01;-0,01;-0,01;0,0;0,0;-0,02;-0,02;-0,06;-0,06;-0,03;-0,03;-0,02;-0,02;-0,01;-0,01;-0,01;-0,01;-0,03;-0,03;-0,01;-0,01;-0,01;-0,01;-0,02;-0,02;-0,01;-0,01;-0,01;-0,01;-0,01;-0,01;-0,02;-0,02;-0,01;-0,01
17.08.2026;05:15;05:30;0,0;0,0;-0,01;-0,01;-0,01;-0,01;-0,12;-0,12;-0,01;-0,01;-0,02;-0,02;-0,04;-0,04;-0,01;-0,01;-0,02;-0,02;-0,01;-0,01;-0,01;-0,01;-0,01;-0,01;0,0;0,0;-0,01;-0,01;-0,06;-0,06;-0,02;-0,02;-0,01;-0,01;0,0;0,0;-0,01;-0,01;-0,02;-0,02;-0,01;-0,01;-0,01;-0,01;0,0;0,0;-0,02;-0,02;-0,02;-0,02;0,0;0,0;0,0;0,0;0,0;0,0
17.08.2026;05:30;05:45;0,0;0,0;0,0;0,0;-0,02;-0,02;-0,07;-0,07;-0,01;-0,01;-0,01;-0,01;-0,04;-0,04;-0,01;-0,01;-0,02;-0,02;-0,01;-0,01;0,0;0,0;0,0;0,0;0,0;0,0;0,0;0,0;-0,12;-0,12;-0,02;-0,02;-0,01;-0,01;-0,02;-0,02;-0,02;-0,02;-0,02;-0,02;-0,01;-0,01;-0,01;-0,01;-0,02;-0,02;-0,01;-0,01;-0,01;-0,01;-0,02;-0,02;-0,01;-0,01;0,0;0,0
17.08.2026;05:45;06:00;0,0;0,0;0,0;0,0;-0,01;-0,01;-0,08;-0,08;0,0;0,0;-0,01;-0,01;-0,04;-0,04;-0,01;-0,01;-0,01;-0,01;-0,11;-0,11;0,0;0,0;-0,02;-0,02;0,0;0,0;-0,04;-0,04;-0,15;-0,15;-0,02;-0,02;0,0;0,0;-0,01;-0,01;0,0;0,0;-0,02;-0,02;-0,02;-0,02;-0,02;-0,02;-0,01;-0,01;-0,01;-0,01;-0,02;-0,02;-0,01;-0,01;-0,02;-0,02;-0,03;-0,03
17.08.2026;06:00;06:15;0,02;0,02;0,0;0,0;-0,02;-0,02;-0,08;-0,08;-0,01;-0,01;-0,01;-0,01;-0,03;-0,03;-0,01;-0,01;-0,02;-0,02;-0,02;-0,02;-0,02;-0,02;-0,01;-0,01;0,0;0,0;-0,03;-0,03;-0,07;-0,07;-0,02;-0,02;-0,02;-0,02;-0,01;-0,01;-0,02;-0,02;-0,03;-0,03;-0,01;-0,01;-0,02;-0,02;-0,01;-0,01;-0,01;-0,01;-0,01;-0,01;-0,02;-0,02;0,0;0,0;-0,03;-0,03
17.08.2026;06:15;06:30;0,0;0,0;-0,01;-0,01;-0,02;-0,02;-0,13;-0,13;-0,01;-0,01;-0,01;-0,01;-0,04;-0,04;-0,01;-0,01;-0,04;-0,04;-0,03;-0,03;-0,02;-0,02;-0,01;-0,01;0,0;0,0;-0,01;-0,01;0,0;0,0;-0,02;-0,02;-0,03;-0,03;-0,02;-0,02;-0,01;-0,01;-0,06;-0,06;-0,02;-0,02;-0,01;-0,01;-0,01;-0,01;-0,02;-0,02;-0,01;-0,01;-0,01;-0,01;-0,02;-0,02;-0,02;-0,02
17.08.2026;06:30;06:45;0,0;0,0;0,0;0,0;-0,17;-0,17;-0,13;-0,13;0,0;0,0;0,0;0,0;-0,04;-0,04;-0,01;-0,01;-0,09;-0,09;-0,03;-0,03;-0,01;-0,01;-0,02;-0,02;0,0;0,0;0,0;0,0;-0,02;-0,02;-0,02;-0,02;-0,01;-0,01;-0,01;-0,01;0,0;0,0;-0,05;-0,05;-0,02;-0,02;-0,01;-0,01;-0,03;-0,03;-0,01;-0,01;-0,02;-0,02;-0,01;-0,01;-0,02;-0,02;-0,02;-0,02
17.08.2026;06:45;07:00;0,1;0,1;0,0;0,0;-0,03;-0,03;-0,15;-0,15;-0,01;-0,01;0,0;0,0;-0,04;-0,04;-0,01;-0,01;-0,09;-0,09;-0,01;-0,01;-0,02;-0,02;-0,01;-0,01;0,0;0,0;-0,06;-0,06;-0,01;-0,01;-0,1;-0,1;-0,01;-0,01;0,0;0,0;-0,02;-0,02;-0,03;-0,03;-0,01;-0,01;-0,01;-0,01;-0,07;-0,07;-0,01;-0,01;-0,01;-0,01;-0,01;-0,01;-0,07;-0,07;-0,02;-0,02
17.08.2026;07:00;07:15;0,25;0,18;0,0;0,0;-0,03;-0,03;-0,11;-0,04;-0,01;-0,01;-0,02;-0,02;-0,05;-0,05;-0,01;-0,01;-0,07;-0,07;-0,02;-0,02;-0,01;-0,01;-0,01;-0,01;0,0;0,0;-0,03;-0,03;-0,01;-0,01;-0,01;-0,01;-0,01;-0,01;-0,01;-0,01;-0,01;-0,01;-0,03;-0,03;-0,01;-0,01;-0,02;-0,02;-0,07;-0,07;-0,01;-0,01;-0,01;-0,01;-0,01;-0,01;-0,02;-0,02;-0,02;-0,02
17.08.2026;07:15;07:30;0,41;0,14;0,0;0,0;-0,03;-0,02;-0,09;-0,02;0,0;0,0;-0,01;0,0;-0,14;-0,13;-0,01;0,0;-0,08;-0,07;-0,02;-0,01;-0,01;0,0;-0,01;0,0;0,0;0,0;0,0;0,0;-0,01;0,0;-0,01;0,0;0,0;0,0;-0,01;0,0;0,0;0,0;-0,04;-0,03;-0,01;0,0;-0,02;-0,01;-0,11;-0,1;-0,02;-0,01;-0,02;-0,01;-0,01;0,0;-0,02;-0,01;-0,02;-0,01
17.08.2026;07:30;07:45;0,45;0,13;-0,01;0,0;-0,02;-0,01;-0,13;-0,05;-0,01;0,0;-0,01;0,0;-0,05;-0,04;-0,03;-0,02;-0,07;-0,06;0,0;0,0;-0,02;-0,01;-0,01;0,0;0,0;0,0;-0,01;0,0;-0,01;0,0;-0,02;-0,01;-0,01;0,0;-0,02;-0,01;-0,02;-0,01;-0,03;-0,02;-0,01;0,0;-0,02;-0,01;-0,05;-0,04;-0,01;0,0;-0,02;-0,01;-0,02;-0,01;-0,03;-0,02;-0,02;-0,01
17.08.2026;07:45;08:00;0,55;0,13;0,0;0,0;-0,02;0,0;-0,18;-0,09;0,0;0,0;-0,02;0,0;-0,09;-0,07;-0,03;-0,01;-0,06;-0,04;0,0;0,0;0,0;0,0;0,0;0,0;0,0;0,0;-0,01;0,0;-0,01;0,0;-0,01;0,0;-0,02;0,0;-0,05;-0,03;-0,01;0,0;-0,03;-0,01;-0,02;0,0;-0,01;0,0;-0,04;-0,02;-0,01;0,0;-0,01;0,0;-0,12;-0,1;-0,02;0,0;-0,02;0,0
17.08.2026;08:00;08:15;0,87;0,22;0,0;0,0;-0,02;0,0;-0,23;-0,07;-0,01;0,0;-0,01;0,0;-0,06;-0,01;-0,02;0,0;-0,06;-0,01;-0,01;0,0;0,0;0,0;-0,02;0,0;0,0;0,0;-0,02;0,0;-0,01;0,0;-0,01;0,0;-0,01;0,0;-0,04;0,0;-0,02;0,0;-0,03;0,0;0,0;0,0;-0,01;0,0;-0,04;0,0;-0,01;0,0;-0,02;0,0;-0,18;-0,13;-0,01;0,0;-0,02;0,0
17.08.2026;08:15;08:30;0,58;0,15;0,0;0,0;0,0;0,0;-0,11;-0,02;-0,01;0,0;-0,02;0,0;-0,05;-0,03;-0,03;-0,01;-0,06;-0,04;0,0;0,0;-0,01;0,0;-0,01;0,0;0,0;0,0;0,0;0,0;-0,03;-0,01;-0,01;0,0;-0,02;0,0;-0,2;-0,18;-0,03;-0,01;-0,02;0,0;-0,01;0,0;-0,01;0,0;-0,05;-0,03;-0,02;0,0;-0,01;0,0;-0,14;-0,12;-0,01;0,0;-0,02;0,0
17.08.2026;08:30;08:45;0,45;0,18;-0,01;0,0;-0,01;0,0;-0,06;0,0;0,0;0,0;-0,01;0,0;-0,07;-0,06;-0,02;-0,01;-0,07;-0,06;-0,02;-0,01;-0,01;0,0;0,0;0,0;0,0;0,0;0,0;0,0;-0,03;-0,02;-0,02;-0,01;-0,01;0,0;-0,12;-0,11;-0,02;-0,01;-0,02;-0,01;-0,01;0,0;-0,02;-0,01;-0,04;-0,03;0,0;0,0;-0,02;-0,01;-0,15;-0,14;-0,01;0,0;-0,02;-0,01
17.08.2026;08:45;09:00;0,6;0,16;0,0;0,0;0,0;0,0;-0,07;0,0;0,0;0,0;-0,01;0,0;-0,06;-0,04;-0,04;-0,02;-0,06;-0,04;-0,02;0,0;-0,02;0,0;-0,02;0,0;0,0;0,0;-0,02;0,0;-0,12;-0,1;0,0;0,0;-0,01;0,0;-0,06;-0,04;-0,04;-0,02;-0,02;0,0;-0,01;0,0;-0,03;-0,01;-0,04;-0,02;-0,02;0,0;-0,01;0,0;-0,12;-0,1;-0,01;0,0;-0,02;0,0
17.08.2026;09:00;09:15;0,71;0,22;0,0;0,0;-0,01;0,0;-0,08;0,0;-0,01;0,0;-0,02;0,0;-0,15;-0,13;-0,02;0,0;-0,06;-0,04;-0,01;0,0;-0,02;0,0;-0,02;0,0;-0,01;0,0;-0,01;0,0;-0,05;-0,03;-0,02;0,0;-0,01;0,0;-0,07;-0,05;-0,18;-0,16;-0,02;0,0;-0,01;0,0;-0,01;0,0;-0,04;-0,02;-0,01;0,0;-0,02;0,0;-0,11;-0,09;-0,02;0,0;-0,02;0,0
17.08.2026;09:15;09:30;0,47;0,17;0,0;0,0;-0,01;0,0;-0,07;0,0;-0,01;0,0;-0,01;0,0;-0,05;-0,04;-0,03;-0,02;-0,07;-0,06;-0,02;-0,01;-0,01;0,0;-0,01;0,0;0,0;0,0;-0,01;0,0;-0,04;-0,03;-0,01;0,0;-0,01;0,0;-0,27;-0,26;-0,05;-0,04;-0,02;-0,01;-0,01;0,0;-0,01;0,0;-0,04;-0,03;-0,01;0,0;-0,01;0,0;-0,1;-0,09;0,0;0,0;-0,02;-0,01
17.08.2026;09:30;09:45;1,0;0,35;-0,01;0,0;-0,01;0,0;-0,09;0,0;0,0;0,0;-0,01;0,0;-0,05;0,0;-0,02;0,0;-0,07;0,0;-0,02;0,0;-0,01;0,0;-0,02;0,0;0,0;0,0;0,0;0,0;-0,01;0,0;-0,01;0,0;0,0;0,0;-0,38;-0,31;-0,03;0,0;-0,02;0,0;-0,01;0,0;-0,01;0,0;-0,05;0,0;-0,01;0,0;-0,02;0,0;-0,1;-0,03;-0,01;0,0;-0,02;0,0
17.08.2026;09:45;10:00;2,0;1,11;0,0;0,0;-0,02;0,0;-0,07;0,0;-0,01;0,0;-0,02;0,0;-0,06;0,0;-0,02;0,0;-0,11;0,0;-0,01;0,0;-0,02;0,0;0,0;0,0;0,0;0,0;-0,01;0,0;-0,01;0,0;-0,02;0,0;0,0;0,0;-0,28;-0,05;-0,02;0,0;-0,03;0,0;-0,01;0,0;-0,02;0,0;-0,04;0,0;-0,01;0,0;-0,02;0,0;-0,1;0,0;-0,02;0,0;-0,01;0,0
17.08.2026;10:00;10:15;0,69;0,21;0,0;0,0;-0,01;0,0;-0,07;0,0;-0,01;0,0;0,0;0,0;-0,05;-0,02;-0,12;-0,09;-0,09;-0,06;0,0;0,0;-0,01;0,0;-0,01;0,0;0,0;0,0;-0,02;0,0;-0,01;0,0;-0,02;0,0;-0,01;0,0;-0,06;-0,03;-0,03;0,0;-0,02;0,0;-0,01;0,0;-0,02;0,0;-0,05;-0,02;-0,02;0,0;-0,01;0,0;-0,11;-0,08;0,0;0,0;-0,02;0,0
17.08.2026;10:15;10:30;0,0;0,0;0,0;0,0;-0,01;-0,01;-0,12;-0,12;0,0;0,0;0,0;0,0;-0,05;-0,05;-0,11;-0,11;-0,07;-0,07;-0,01;-0,01;-0,01;-0,01;-0,05;-0,05;0,0;0,0;0,0;0,0;-0,01;-0,01;-0,03;-0,03;-0,01;-0,01;-0,31;-0,31;-0,02;-0,02;-0,02;-0,02;-0,01;-0,01;-0,02;-0,02;-0,04;-0,04;-0,01;-0,01;-0,01;-0,01;-0,14;-0,14;-0,02;-0,02;-0,02;-0,02
17.08.2026;10:30;10:45;0,44;0,16;0,0;0,0;-0,01;0,0;-0,16;-0,09;-0,01;0,0;-0,01;0,0;-0,07;-0,06;-0,1;-0,09;-0,07;-0,06;0,0;0,0;0,0;0,0;-0,07;-0,06;0,0;0,0;-0,01;0,0;-0,01;0,0;-0,04;-0,03;-0,03;-0,02;-0,59;-0,58;-0,03;-0,02;-0,02;-0,01;-0,01;0,0;-0,01;0,0;-0,07;-0,06;-0,01;0,0;0,0;0,0;-0,13;-0,12;-0,01;0,0;-0,02;-0,01
17.08.2026;10:45;11:00;0,55;0,15;-0,01;0,0;0,0;0,0;-0,19;-0,1;-0,01;0,0;0,0;0,0;-0,21;-0,19;-0,07;-0,05;-0,06;-0,04;0,0;0,0;0,0;0,0;-0,06;-0,04;0,0;0,0;-0,01;0,0;-0,04;-0,02;-0,02;0,0;-0,16;-0,14;-0,57;-0,55;-0,03;-0,01;-0,02;0,0;0,0;0,0;0,0;0,0;-0,07;-0,05;-0,01;0,0;-0,01;0,0;-0,1;-0,08;0,0;0,0;-0,02;0,0
17.08.2026;11:00;11:15;0,49;0,18;0,0;0,0;-0,01;0,0;-0,08;0,0;0,0;0,0;-0,02;-0,01;-0,09;-0,08;-0,09;-0,08;-0,03;-0,02;-0,02;-0,01;-0,01;0,0;-0,08;-0,07;0,0;0,0;-0,02;-0,01;-0,03;-0,02;-0,03;-0,02;-0,09;-0,08;-0,15;-0,14;-0,02;-0,01;-0,02;-0,01;-0,01;0,0;-0,02;-0,01;-0,06;-0,05;-0,02;-0,01;-0,01;0,0;-0,11;-0,1;-0,02;-0,01;-0,02;-0,01
17.08.2026;11:15;11:30;1,25;0,45;0,0;0,0;0,0;0,0;-0,14;0,0;-0,01;0,0;-0,01;0,0;-0,06;0,0;-0,14;-0,05;-0,03;0,0;-0,02;0,0;-0,02;0,0;-0,07;0,0;0,0;0,0;0,0;0,0;-0,03;0,0;-0,03;0,0;-0,03;0,0;-0,01;0,0;-0,04;0,0;-0,11;-0,02;-0,01;0,0;-0,02;0,0;-0,03;0,0;0,0;0,0;-0,01;0,0;-0,03;0,0;0,0;0,0;-0,02;0,0
17.08.2026;11:30;11:45;1,37;0,43;0,0;0,0;-0,02;0,0;-0,16;0,0;0,0;0,0;-0,02;0,0;-0,1;-0,01;-0,08;0,0;-0,03;0,0;-0,02;0,0;-0,02;0,0;-0,03;0,0;0,0;0,0;0,0;0,0;-0,04;0,0;-0,03;0,0;-0,12;-0,03;-0,12;-0,03;-0,02;0,0;-0,02;0,0;-0,01;0,0;-0,03;0,0;-0,05;0,0;-0,02;0,0;-0,02;0,0;-0,02;0,0;-0,01;0,0;-0,02;0,0
17.08.2026;11:45;12:00;1,02;0,24;-0,01;0,0;-0,01;0,0;-0,09;0,0;-0,01;0,0;-0,01;0,0;-0,05;0,0;-0,21;-0,15;-0,03;0,0;-0,01;0,0;-0,01;0,0;-0,06;0,0;0,0;0,0;-0,01;0,0;-0,03;0,0;-0,04;0,0;-0,12;-0,06;-0,15;-0,09;-0,02;0,0;-0,02;0,0;-0,01;0,0;-0,28;-0,22;-0,05;0,0;-0,01;0,0;-0,01;0,0;-0,01;0,0;-0,02;0,0;-0,02;0,0
17.08.2026;12:00;12:15;1,76;0,84;0,0;0,0;-0,02;0,0;-0,15;0,0;-0,01;0,0;-0,01;0,0;-0,05;0,0;-0,16;0,0;-0,02;0,0;-0,02;0,0;-0,01;0,0;-0,01;0,0;0,0;0,0;-0,02;0,0;-0,04;0,0;-0,03;0,0;-0,14;0,0;-0,02;0,0;-0,04;0,0;-0,02;0,0;-0,01;0,0;-0,05;0,0;-0,04;0,0;-0,02;0,0;-0,01;0,0;0,0;0,0;0,0;0,0;-0,02;0,0
17.08.2026;12:15;12:30;1,74;0,58;0,0;0,0;-0,01;0,0;-0,24;0,0;0,0;0,0;-0,02;0,0;-0,13;0,0;-0,03;0,0;-0,03;0,0;0,0;0,0;-0,02;0,0;-0,01;0,0;0,0;0,0;-0,01;0,0;-0,04;0,0;-0,03;0,0;-0,14;0,0;-0,02;0,0;-0,39;-0,24;-0,03;0,0;-0,01;0,0;-0,65;-0,5;-0,05;0,0;0,0;0,0;-0,01;0,0;-0,01;0,0;-0,02;0,0;0,0;0,0
17.08.2026;12:30;12:45;2,17;0,99;0,0;0,0;-0,01;0,0;-0,22;0,0;-0,01;0,0;-0,01;0,0;-0,06;0,0;-0,03;0,0;-0,03;0,0;-0,01;0,0;-0,01;0,0;-0,03;0,0;0,0;0,0;0,0;0,0;-0,04;0,0;-0,03;0,0;-0,14;0,0;-0,02;0,0;-0,19;0,0;-0,02;0,0;-0,01;0,0;-0,38;-0,17;-0,04;0,0;-0,02;0,0;-0,02;0,0;-0,02;0,0;0,0;0,0;0,0;0,0
17.08.2026;12:45;13:00;3,42;2,57;0,0;0,0;0,0;0,0;-0,2;0,0;-0,01;0,0;-0,01;0,0;-0,05;0,0;-0,02;0,0;-0,03;0,0;0,0;0,0;-0,02;0,0;-0,02;0,0;0,0;0,0;-0,01;0,0;-0,04;0,0;-0,03;0,0;-0,15;0,0;-0,04;0,0;-0,05;0,0;-0,02;0,0;-0,01;0,0;-0,04;0,0;-0,04;0,0;-0,01;0,0;-0,01;0,0;-0,01;0,0;-0,01;0,0;-0,02;0,0
17.08.2026;13:00;13:15;3,76;2,96;-0,01;0,0;-0,01;0,0;-0,17;0,0;0,0;0,0;-0,02;0,0;-0,05;0,0;-0,03;0,0;-0,02;0,0;0,0;0,0;-0,04;0,0;-0,01;0,0;0,0;0,0;-0,02;0,0;-0,04;0,0;-0,03;0,0;-0,07;0,0;-0,07;0,0;-0,02;0,0;-0,02;0,0;0,0;0,0;-0,04;0,0;-0,05;0,0;-0,01;0,0;-0,01;0,0;-0,02;0,0;-0,02;0,0;-0,02;0,0
17.08.2026;13:15;13:30;3,1;2,34;0,0;0,0;0,0;0,0;-0,17;0,0;-0,01;0,0;-0,01;0,0;-0,03;0,0;-0,02;0,0;-0,13;0,0;-0,01;0,0;-0,03;0,0;-0,05;0,0;0,0;0,0;-0,01;0,0;-0,03;0,0;-0,02;0,0;-0,01;0,0;-0,02;0,0;-0,04;0,0;-0,02;0,0;-0,02;0,0;-0,03;0,0;-0,04;0,0;-0,01;0,0;-0,02;0,0;-0,01;0,0;0,0;0,0;-0,02;0,0
17.08.2026;13:30;13:45;3,43;2,62;0,0;0,0;-0,01;0,0;-0,15;0,0;-0,01;0,0;-0,01;0,0;-0,05;0,0;-0,02;0,0;-0,13;0,0;-0,02;0,0;-0,04;0,0;-0,06;0,0;0,0;0,0;0,0;0,0;-0,04;0,0;-0,01;0,0;-0,01;0,0;-0,05;0,0;-0,02;0,0;-0,02;0,0;-0,01;0,0;-0,04;0,0;-0,05;0,0;-0,01;0,0;-0,01;0,0;-0,01;0,0;-0,01;0,0;-0,02;0,0
17.08.2026;13:45;14:00;3,45;2,53;0,0;0,0;-0,02;0,0;-0,18;0,0;0,0;0,0;-0,02;0,0;-0,05;0,0;-0,02;0,0;-0,14;0,0;-0,02;0,0;-0,03;0,0;-0,07;0,0;0,0;0,0;-0,01;0,0;-0,04;0,0;-0,02;0,0;-0,01;0,0;-0,1;0,0;-0,02;0,0;-0,02;0,0;-0,01;0,0;-0,02;0,0;-0,04;0,0;-0,02;0,0;-0,02;0,0;-0,01;0,0;-0,01;0,0;-0,02;0,0
17.08.2026;14:00;14:15;1,98;0,94;-0,01;0,0;-0,01;0,0;-0,17;0,0;-0,01;0,0;-0,01;0,0;-0,05;0,0;-0,01;0,0;-0,13;0,0;-0,02;0,0;-0,03;0,0;-0,07;0,0;-0,01;0,0;-0,02;0,0;-0,2;-0,01;-0,02;0,0;0,0;0,0;-0,08;0,0;-0,04;0,0;-0,02;0,0;-0,01;0,0;-0,03;0,0;-0,04;0,0;-0,01;0,0;-0,01;0,0;-0,01;0,0;-0,01;0,0;-0,02;0,0
17.08.2026;14:15;14:30;0,1;0,1;0,0;0,0;-0,01;-0,01;-0,16;-0,16;-0,01;-0,01;-0,01;-0,01;-0,06;-0,06;-0,02;-0,02;-0,03;-0,03;-0,01;-0,01;-0,02;-0,02;-0,02;-0,02;0,0;0,0;-0,02;-0,02;-0,07;-0,07;0,0;0,0;-0,01;-0,01;-0,09;-0,09;-0,02;-0,02;-0,02;-0,02;0,0;0,0;-0,02;-0,02;-0,05;-0,05;-0,01;-0,01;-0,02;-0,02;-0,01;-0,01;-0,01;-0,01;-0,02;-0,02
17.08.2026;14:30;14:45;0,74;0,19;0,0;0,0;-0,02;0,0;-0,17;-0,06;0,0;0,0;-0,02;0,0;-0,05;-0,02;-0,02;0,0;-0,03;0,0;-0,01;0,0;-0,02;0,0;-0,01;0,0;0,0;0,0;0,0;0,0;-0,04;-0,01;-0,02;0,0;-0,01;0,0;-0,54;-0,51;-0,03;0,0;-0,02;0,0;-0,02;0,0;-0,02;0,0;-0,04;-0,01;-0,01;0,0;-0,01;0,0;-0,02;0,0;-0,01;0,0;-0,02;0,0
17.08.2026;14:45;15:00;0,51;0,19;0,0;0,0;-0,01;0,0;-0,21;-0,12;-0,01;0,0;-0,01;0,0;-0,06;-0,05;-0,02;-0,01;-0,03;-0,02;0,0;0,0;-0,02;-0,01;-0,01;0,0;0,0;0,0;-0,01;0,0;-0,05;-0,04;-0,01;0,0;-0,01;0,0;-0,42;-0,41;-0,03;-0,02;-0,02;-0,01;-0,01;0,0;-0,01;0,0;-0,04;-0,03;-0,02;-0,01;-0,02;-0,01;-0,01;0,0;-0,01;0,0;-0,02;-0,01
17.08.2026;15:00;15:15;0,02;0,02;0,0;0,0;0,0;0,0;-0,25;-0,25;0,0;0,0;-0,01;-0,01;-0,19;-0,19;-0,02;-0,02;-0,03;-0,03;-0,01;-0,01;-0,01;-0,01;-0,01;-0,01;0,0;0,0;-0,21;-0,21;-0,04;-0,04;-0,02;-0,02;-0,01;-0,01;-0,18;-0,18;-0,02;-0,02;-0,02;-0,02;0,0;0,0;-0,02;-0,02;-0,04;-0,04;0,0;0,0;-0,01;-0,01;-0,01;-0,01;-0,01;-0,01;-0,02;-0,02
17.08.2026;15:15;15:30;0,01;0,01;-0,01;-0,01;0,0;0,0;-0,14;-0,14;-0,01;-0,01;-0,02;-0,02;-0,23;-0,23;-0,02;-0,02;-0,04;-0,04;0,0;0,0;-0,01;-0,01;-0,05;-0,05;0,0;0,0;-0,23;-0,23;-0,03;-0,03;-0,02;-0,02;-0,01;-0,01;-0,21;-0,21;-0,06;-0,06;-0,02;-0,02;-0,01;-0,01;-0,03;-0,03;-0,04;-0,04;-0,02;-0,02;-0,02;-0,02;-0,14;-0,14;-0,01;-0,01;-0,02;-0,02
17.08.2026;15:30;15:45;0,54;0,2;0,0;0,0;-0,01;0,0;-0,15;-0,05;-0,01;0,0;-0,01;0,0;-0,25;-0,24;-0,04;-0,03;-0,19;-0,18;-0,01;0,0;-0,02;-0,01;-0,05;-0,04;0,0;0,0;-0,42;-0,41;-0,03;-0,02;-0,04;-0,03;-0,01;0,0;-0,35;-0,34;-0,03;-0,02;-0,02;-0,01;-0,01;0,0;-0,03;-0,02;-0,05;-0,04;-0,01;0,0;-0,01;0,0;-0,16;-0,15;-0,01;0,0;-0,02;-0,01
17.08.2026;15:45;16:00;1,77;0,79;0,0;0,0;-0,01;0,0;-0,1;0,0;-0,01;0,0;0,0;0,0;-0,12;0,0;-0,06;0,0;-0,04;0,0;-0,02;0,0;-0,01;0,0;-0,05;0,0;0,0;0,0;-0,08;0,0;-0,04;0,0;-0,03;0,0;-0,01;0,0;-0,06;0,0;-0,03;0,0;-0,03;0,0;-0,01;0,0;-0,01;0,0;-0,04;0,0;-0,01;0,0;-0,02;0,0;-0,27;-0,11;-0,01;0,0;-0,02;0,0
17.08.2026;16:00;16:15;1,43;0,47;0,0;0,0;-0,01;0,0;-0,12;0,0;-0,01;0,0;-0,01;0,0;-0,06;0,0;-0,02;0,0;-0,14;-0,03;-0,02;0,0;0,0;0,0;-0,05;0,0;0,0;0,0;-0,12;-0,01;-0,03;0,0;-0,03;0,0;0,0;0,0;-0,13;-0,02;-0,03;0,0;-0,02;0,0;-0,01;0,0;-0,01;0,0;-0,04;0,0;-0,01;0,0;-0,01;0,0;-0,26;-0,15;-0,01;0,0;-0,02;0,0
17.08.2026;16:15;16:30;0,83;0,16;-0,01;0,0;-0,02;0,0;-0,15;-0,03;-0,03;0,0;0,0;0,0;-0,06;-0,03;-0,02;0,0;-0,21;-0,18;-0,01;0,0;-0,01;0,0;-0,07;-0,04;0,0;0,0;-0,03;0,0;-0,03;0,0;-0,02;0,0;-0,09;-0,06;-0,13;-0,1;-0,03;0,0;-0,02;0,0;-0,01;0,0;-0,03;0,0;-0,08;-0,05;-0,02;0,0;-0,02;0,0;-0,26;-0,23;-0,01;0,0;-0,02;0,0
17.08.2026;16:30;16:45;0,2;0,15;0,0;0,0;-0,01;-0,01;-0,28;-0,23;-0,02;-0,02;-0,01;-0,01;-0,08;-0,08;-0,02;-0,02;-0,11;-0,11;-0,02;-0,02;0,0;0,0;-0,02;-0,02;0,0;0,0;-0,02;-0,02;-0,03;-0,03;-0,02;-0,02;-0,01;-0,01;-0,11;-0,11;-0,03;-0,03;-0,02;-0,02;-0,01;-0,01;-0,02;-0,02;-0,13;-0,13;-0,01;-0,01;-0,02;-0,02;-0,24;-0,24;-0,01;-0,01;-0,02;-0,02
17.08.2026;16:45;17:00;0,05;0,05;0,0;0,0;-0,03;-0,03;-0,25;-0,25;-0,01;-0,01;-0,01;-0,01;-0,06;-0,06;-0,02;-0,02;-0,3;-0,3;-0,02;-0,02;-0,02;-0,02;0,0;0,0;0,0;0,0;-0,02;-0,02;-0,03;-0,03;-0,03;-0,03;-0,02;-0,02;-0,04;-0,04;-0,03;-0,03;-0,02;-0,02;-0,02;-0,02;-0,02;-0,02;-0,05;-0,05;-0,01;-0,01;-0,01;-0,01;-0,21;-0,21;-0,01;-0,01;-0,02;-0,02
17.08.2026;17:00;17:15;0,51;0,19;0,0;0,0;-0,05;-0,04;-0,24;-0,14;-0,01;0,0;-0,01;0,0;-0,05;-0,04;-0,03;-0,02;-0,04;-0,03;-0,01;0,0;-0,01;0,0;-0,08;-0,07;0,0;0,0;-0,18;-0,17;-0,03;-0,02;-0,02;-0,01;-0,01;0,0;-0,01;0,0;-0,02;-0,01;-0,02;-0,01;0,0;0,0;-0,01;0,0;-0,05;-0,04;-0,01;0,0;0,0;0,0;-0,2;-0,19;-0,02;-0,01;-0,02;-0,01
17.08.2026;17:15;17:30;0,65;0,16;0,0;0,0;-0,25;-0,23;-0,23;-0,14;-0,01;0,0;-0,02;0,0;-0,07;-0,05;-0,03;-0,01;-0,02;0,0;-0,01;0,0;-0,02;0,0;-0,07;-0,05;0,0;0,0;-0,04;-0,02;-0,04;-0,02;-0,02;0,0;-0,01;0,0;-0,02;0,0;-0,03;-0,01;-0,17;-0,15;-0,02;0,0;-0,02;0,0;-0,06;-0,04;-0,01;0,0;0,0;0,0;-0,04;-0,02;0,0;0,0;-0,02;0,0
17.08.2026;17:30;17:45;0,32;0,06;-0,01;0,0;-0,15;-0,14;-0,17;-0,15;0,0;0,0;-0,01;0,0;-0,11;-0,1;-0,03;-0,02;-0,03;-0,02;-0,01;0,0;-0,01;0,0;-0,08;-0,07;0,0;0,0;-0,04;-0,03;-0,17;-0,16;-0,02;-0,01;-0,02;-0,01;-0,02;-0,01;-0,03;-0,02;-0,1;-0,09;-0,01;0,0;-0,02;-0,01;-0,07;-0,06;-0,02;-0,01;-0,01;0,0;-0,03;-0,02;-0,06;-0,05;-0,02;-0,01
17.08.2026;17:45;18:00;0,11;0,11;0,0;0,0;-0,11;-0,11;-0,15;-0,15;0,0;0,0;-0,02;-0,02;-0,57;-0,57;-0,01;-0,01;-0,45;-0,45;0,0;0,0;-0,02;-0,02;-0,07;-0,07;0,0;0,0;-0,03;-0,03;-0,05;-0,05;-0,02;-0,02;-0,01;-0,01;0,0;0,0;-0,02;-0,02;-0,05;-0,05;-0,01;-0,01;-0,03;-0,03;-0,07;-0,07;0,0;0,0;-0,02;-0,02;-0,07;-0,07;-0,51;-0,51;-0,02;-0,02
17.08.2026;18:00;18:15;0,0;0,0;0,0;0,0;-0,04;-0,04;-0,17;-0,17;-0,01;-0,01;-0,01;-0,01;-0,53;-0,53;-0,02;-0,02;-0,01;-0,01;-0,01;-0,01;-0,01;-0,01;-0,09;-0,09;0,0;0,0;-0,03;-0,03;-0,04;-0,04;-0,03;-0,03;-0,01;-0,01;-0,01;-0,01;-0,03;-0,03;-0,05;-0,05;-0,01;-0,01;-0,01;-0,01;-0,06;-0,06;-0,02;-0,02;-0,01;-0,01;-0,38;-0,38;-0,12;-0,12;-0,02;-0,02
17.08.2026;18:15;18:30;0,01;0,01;0,0;0,0;-0,32;-0,32;-0,2;-0,2;-0,01;-0,01;-0,01;-0,01;-0,18;-0,18;-0,02;-0,02;-0,03;-0,03;0,0;0,0;-0,01;-0,01;-0,3;-0,3;0,0;0,0;-0,01;-0,01;-0,07;-0,07;-0,02;-0,02;-0,01;-0,01;-0,23;-0,23;-0,02;-0,02;-0,05;-0,05;-0,01;-0,01;-0,01;-0,01;-0,08;-0,08;-0,01;-0,01;-0,01;-0,01;-0,06;-0,06;-0,06;-0,06;-0,02;-0,02
17.08.2026;18:30;18:45;0,06;0,06;-0,01;-0,01;-0,01;-0,01;-0,22;-0,22;0,0;0,0;-0,01;-0,01;-0,38;-0,38;-0,01;-0,01;-0,02;-0,02;-0,02;-0,02;-0,01;-0,01;-0,2;-0,2;0,0;0,0;-0,02;-0,02;-0,1;-0,1;-0,01;-0,01;-0,01;-0,01;-0,34;-0,34;-0,04;-0,04;-0,32;-0,32;-0,01;-0,01;-0,02;-0,02;-0,07;-0,07;-0,01;-0,01;-0,01;-0,01;-0,05;-0,05;-0,03;-0,03;-0,04;-0,04
17.08.2026;18:45;19:00;0,18;0,13;0,0;0,0;-0,13;-0,13;-0,24;-0,19;-0,01;-0,01;-0,01;-0,01;-0,1;-0,1;-0,11;-0,11;-0,1;-0,1;-0,01;-0,01;0,0;0,0;-0,1;-0,1;0,0;0,0;-0,06;-0,06;-0,06;-0,06;-0,02;-0,02;-0,01;-0,01;-0,21;-0,21;-0,02;-0,02;-0,11;-0,11;-0,01;-0,01;-0,03;-0,03;-0,06;-0,06;-0,01;-0,01;-0,02;-0,02;-0,03;-0,03;-0,02;-0,02;-0,49;-0,49
17.08.2026;19:00;19:15;0,27;0,19;0,0;0,0;-0,01;-0,01;-0,13;-0,05;-0,01;-0,01;0,0;0,0;-0,05;-0,05;-0,02;-0,02;-0,04;-0,04;-0,03;-0,03;0,0;0,0;-0,1;-0,1;-0,01;-0,01;-0,03;-0,03;-0,04;-0,04;-0,17;-0,17;-0,09;-0,09;-0,05;-0,05;-0,02;-0,02;-0,14;-0,14;-0,09;-0,09;-0,02;-0,02;-0,08;-0,08;-0,02;-0,02;-0,01;-0,01;-0,03;-0,03;-0,03;-0,03;-0,36;-0,36
17.08.2026;19:15;19:30;0,26;0,19;0,0;0,0;-0,01;-0,01;-0,24;-0,17;0,0;0,0;0,0;0,0;-0,06;-0,06;-0,01;-0,01;-0,04;-0,04;-0,16;-0,16;-0,03;-0,03;-0,07;-0,07;0,0;0,0;-0,02;-0,02;-0,04;-0,04;-0,3;-0,3;-0,09;-0,09;-0,04;-0,04;-0,17;-0,17;-0,22;-0,22;-0,01;-0,01;-0,01;-0,01;-0,08;-0,08;-0,01;-0,01;-0,01;-0,01;-0,02;-0,02;-0,02;-0,02;-0,04;-0,04
17.08.2026;19:30;19:45;0,23;0,17;-0,01;-0,01;-0,27;-0,27;-0,24;-0,18;-0,01;-0,01;-0,01;-0,01;-0,06;-0,06;-0,02;-0,02;-0,03;-0,03;-0,22;-0,22;-0,01;-0,01;-0,04;-0,04;0,0;0,0;-0,02;-0,02;-0,03;-0,03;-0,25;-0,25;-0,09;-0,09;-0,04;-0,04;-0,02;-0,02;-0,3;-0,3;-0,02;-0,02;-0,01;-0,01;-0,07;-0,07;-0,01;-0,01;-0,02;-0,02;-0,01;-0,01;-0,05;-0,05;-0,03;-0,03
17.08.2026;19:45;20:00;0,1;0,1;0,0;0,0;-0,03;-0,03;-0,25;-0,25;-0,01;-0,01;-0,02;-0,02;-0,06;-0,06;-0,02;-0,02;-0,03;-0,03;-0,04;-0,04;-0,01;-0,01;-0,03;-0,03;0,0;0,0;-0,03;-0,03;-0,03;-0,03;-0,07;-0,07;-0,07;-0,07;-0,04;-0,04;-0,03;-0,03;-0,3;-0,3;-0,02;-0,02;-0,02;-0,02;-0,06;-0,06;-0,01;-0,01;-0,01;-0,01;-0,02;-0,02;-0,04;-0,04;-0,02;-0,02
17.08.2026;20:00;20:15;0,02;0,02;0,0;0,0;-0,03;-0,03;-0,16;-0,16;0,0;0,0;-0,01;-0,01;-0,05;-0,05;-0,02;-0,02;-0,03;-0,03;-0,04;-0,04;-0,02;-0,02;-0,04;-0,04;0,0;0,0;-0,03;-0,03;-0,03;-0,03;-0,39;-0,39;-0,02;-0,02;-0,06;-0,06;-0,03;-0,03;-0,22;-0,22;-0,03;-0,03;-0,03;-0,03;-0,07;-0,07;-0,02;-0,02;-0,01;-0,01;-0,01;-0,01;-0,04;-0,04;-0,02;-0,02
17.08.2026;20:15;20:30;0,0;0,0;0,0;0,0;-0,04;-0,04;-0,09;-0,09;-0,01;-0,01;-0,02;-0,02;-0,07;-0,07;-0,02;-0,02;-0,07;-0,07;-0,03;-0,03;-0,01;-0,01;-0,07;-0,07;0,0;0,0;-0,02;-0,02;-0,04;-0,04;-0,03;-0,03;-0,03;-0,03;-0,06;-0,06;-0,03;-0,03;-0,05;-0,05;-0,02;-0,02;-0,02;-0,02;-0,07;-0,07;-0,01;-0,01;-0,02;-0,02;-0,03;-0,03;-0,03;-0,03;-0,04;-0,04
17.08.2026;20:30;20:45;0,0;0,0;0,0;0,0;-0,03;-0,03;-0,09;-0,09;-0,01;-0,01;-0,01;-0,01;-0,08;-0,08;-0,02;-0,02;-0,08;-0,08;-0,03;-0,03;-0,02;-0,02;-0,08;-0,08;0,0;0,0;-0,03;-0,03;-0,03;-0,03;-0,04;-0,04;-0,02;-0,02;-0,08;-0,08;-0,03;-0,03;-0,05;-0,05;-0,02;-0,02;-0,01;-0,01;-0,07;-0,07;0,0;0,0;-0,01;-0,01;-0,43;-0,43;-0,04;-0,04;-0,03;-0,03
17.08.2026;20:45;21:00;0,0;0,0;-0,01;-0,01;-0,03;-0,03;-0,13;-0,13;0,0;0,0;-0,01;-0,01;-0,08;-0,08;-0,05;-0,05;-0,04;-0,04;-0,03;-0,03;-0,01;-0,01;-0,11;-0,11;0,0;0,0;-0,03;-0,03;-0,03;-0,03;-0,03;-0,03;-0,02;-0,02;-0,07;-0,07;-0,03;-0,03;-0,07;-0,07;-0,03;-0,03;-0,01;-0,01;-0,04;-0,04;-0,02;-0,02;-0,02;-0,02;-0,29;-0,29;-0,03;-0,03;-0,06;-0,06
17.08.2026;21:00;21:15;0,0;0,0;0,0;0,0;-0,04;-0,04;-0,14;-0,14;-0,01;-0,01;-0,02;-0,02;-0,09;-0,09;-0,07;-0,07;-0,04;-0,04;-0,03;-0,03;0,0;0,0;-0,09;-0,09;0,0;0,0;-0,03;-0,03;-0,04;-0,04;-0,03;-0,03;-0,02;-0,02;-0,07;-0,07;-0,03;-0,03;-0,06;-0,06;-0,02;-0,02;-0,02;-0,02;-0,05;-0,05;-0,01;-0,01;-0,01;-0,01;-0,31;-0,31;-0,03;-0,03;-0,04;-0,04
17.08.2026;21:15;21:30;0,0;0,0;0,0;0,0;-0,03;-0,03;-0,14;-0,14;0,0;0,0;-0,01;-0,01;-0,08;-0,08;-0,05;-0,05;-0,04;-0,04;-0,02;-0,02;0,0;0,0;-0,1;-0,1;0,0;0,0;-0,04;-0,04;-0,03;-0,03;-0,07;-0,07;-0,02;-0,02;-0,08;-0,08;-0,02;-0,02;-0,05;-0,05;-0,01;-0,01;-0,03;-0,03;-0,02;-0,02;-0,01;-0,01;-0,02;-0,02;-0,22;-0,22;-0,03;-0,03;-0,04;-0,04
17.08.2026;21:30;21:45;0,0;0,0;0,0;0,0;-0,03;-0,03;-0,18;-0,18;-0,01;-0,01;-0,01;-0,01;-0,05;-0,05;-0,04;-0,04;-0,03;-0,03;-0,02;-0,02;-0,01;-0,01;-0,02;-0,02;0,0;0,0;-0,04;-0,04;-0,11;-0,11;-0,02;-0,02;-0,03;-0,03;-0,07;-0,07;-0,03;-0,03;-0,04;-0,04;-0,02;-0,02;-0,02;-0,02;-0,01;-0,01;-0,01;-0,01;-0,02;-0,02;-0,22;-0,22;-0,04;-0,04;-0,04;-0,04
17.08.2026;21:45;22:00;0,0;0,0;-0,01;-0,01;-0,04;-0,04;-0,15;-0,15;-0,01;-0,01;0,0;0,0;-0,04;-0,04;-0,04;-0,04;-0,03;-0,03;-0,03;-0,03;-0,02;-0,02;-0,01;-0,01;0,0;0,0;-0,03;-0,03;-0,11;-0,11;-0,03;-0,03;-0,02;-0,02;-0,09;-0,09;-0,03;-0,03;-0,04;-0,04;0,0;0,0;-0,01;-0,01;-0,02;-0,02;-0,02;-0,02;-0,01;-0,01;-0,1;-0,1;-0,02;-0,02;-0,04;-0,04
17.08.2026;22:00;22:15;0,0;0,0;0,0;0,0;-0,03;-0,03;-0,1;-0,1;0,0;0,0;-0,01;-0,01;-0,04;-0,04;-0,04;-0,04;-0,03;-0,03;-0,02;-0,02;-0,01;-0,01;-0,01;-0,01;0,0;0,0;-0,01;-0,01;-0,13;-0,13;-0,03;-0,03;-0,03;-0,03;-0,09;-0,09;-0,02;-0,02;-0,05;-0,05;-0,02;-0,02;-0,02;-0,02;-0,01;-0,01;-0,01;-0,01;-0,02;-0,02;-0,03;-0,03;-0,03;-0,03;-0,04;-0,04
17.08.2026;22:15;22:30;0,0;0,0;0,0;0,0;-0,02;-0,02;-0,11;-0,11;-0,01;-0,01;0,0;0,0;-0,04;-0,04;-0,03;-0,03;-0,01;-0,01;-0,02;-0,02;-0,02;-0,02;-0,01;-0,01;0,0;0,0;-0,01;-0,01;-0,06;-0,06;-0,01;-0,01;-0,03;-0,03;-0,08;-0,08;-0,02;-0,02;-0,03;-0,03;-0,01;-0,01;-0,08;-0,08;-0,01;-0,01;-0,01;-0,01;-0,02;-0,02;-0,01;-0,01;-0,02;-0,02;-0,04;-0,04
17.08.2026;22:30;22:45;0,0;0,0;0,0;0,0;-0,02;-0,02;-0,12;-0,12;-0,01;-0,01;-0,01;-0,01;-0,04;-0,04;-0,03;-0,03;-0,02;-0,02;-0,02;-0,02;-0,01;-0,01;-0,01;-0,01;0,0;0,0;-0,02;-0,02;-0,06;-0,06;-0,02;-0,02;-0,04;-0,04;-0,08;-0,08;-0,01;-0,01;-0,03;-0,03;0,0;0,0;-0,08;-0,08;-0,01;-0,01;-0,01;-0,01;-0,02;-0,02;-0,02;-0,02;-0,01;-0,01;-0,03;-0,03
17.08.2026;22:45;23:00;0,0;0,0;0,0;0,0;-0,02;-0,02;-0,14;-0,14;0,0;0,0;-0,02;-0,02;-0,04;-0,04;-0,03;-0,03;-0,03;-0,03;-0,01;-0,01;-0,01;-0,01;-0,02;-0,02;0,0;0,0;-0,01;-0,01;-0,05;-0,05;-0,02;-0,02;-0,11;-0,11;-0,08;-0,08;0,0;0,0;-0,02;-0,02;-0,02;-0,02;-0,06;-0,06;-0,01;-0,01;-0,02;-0,02;-0,01;-0,01;-0,02;-0,02;-0,02;-0,02;-0,04;-0,04
17.08.2026;23:00;23:15;0,0;0,0;-0,01;-0,01;-0,01;-0,01;-0,12;-0,12;-0,01;-0,01;-0,01;-0,01;-0,04;-0,04;-0,04;-0,04;-0,03;-0,03;0,0;0,0;-0,02;-0,02;0,0;0,0;0,0;0,0;0,0;0,0;-0,06;-0,06;0,0;0,0;-0,03;-0,03;-0,09;-0,09;-0,02;-0,02;-0,03;-0,03;0,0;0,0;-0,05;-0,05;-0,01;-0,01;-0,01;-0,01;-0,02;-0,02;-0,01;-0,01;0,0;0,0;-0,04;-0,04
17.08.2026;23:15;23:30;0,0;0,0;0,0;0,0;-0,01;-0,01;-0,1;-0,1;0,0;0,0;-0,02;-0,02;-0,03;-0,03;-0,03;-0,03;0,0;0,0;-0,01;-0,01;-0,01;-0,01;-0,01;-0,01;0,0;0,0;-0,01;-0,01;-0,05;-0,05;-0,02;-0,02;-0,03;-0,03;-0,06;-0,06;-0,01;-0,01;-0,02;-0,02;-0,02;-0,02;-0,02;-0,02;-0,01;-0,01;0,0;0,0;-0,02;-0,02;-0,01;-0,01;-0,02;-0,02;-0,04;-0,04
17.08.2026;23:30;23:45;0,0;0,0;0,0;0,0;0,0;0,0;-0,07;-0,07;-0,01;-0,01;-0,01;-0,01;-0,06;-0,06;-0,03;-0,03;-0,04;-0,04;0,0;0,0;0,0;0,0;-0,01;-0,01;0,0;0,0;-0,02;-0,02;-0,05;-0,05;-0,01;-0,01;-0,03;-0,03;-0,07;-0,07;-0,01;-0,01;-0,02;-0,02;-0,01;-0,01;-0,02;-0,02;-0,01;-0,01;-0,02;-0,02;0,0;0,0;-0,01;-0,01;-0,01;-0,01;-0,03;-0,03
17.08.2026;23:45;00:00;0,0;0,0;0,0;0,0;-0,01;-0,01;-0,05;-0,05;0,0;0,0;-0,01;-0,01;-0,05;-0,05;-0,03;-0,03;-0,02;-0,02;-0,01;-0,01;0,0;0,0;-0,01;-0,01;0,0;0,0;-0,01;-0,01;-0,04;-0,04;0,0;0,0;-0,03;-0,03;-0,06;-0,06;-0,01;-0,01;-0,02;-0,02;0,0;0,0;-0,03;-0,03;-0,01;-0,01;-0,02;-0,02;-0,01;-0,01;-0,01;-0,01;-0,01;-0,01;-0,04;-0,04
18.08.2026;00:00;00:15;0,0;0,0;-0,01;-0,01;-0,01;-0,01;-0,07;-0,07;-0,01;-0,01;-0,02;-0,02;-0,04;-0,04;-0,03;-0,03;-0,01;-0,01;0,0;0,0;-0,01;-0,01;-0,02;-0,02;-0,01;-0,01;0,0;0,0;-0,05;-0,05;-0,01;-0,01;-0,03;-0,03;-0,05;-0,05;-0,01;-0,01;-0,02;-0,02;-0,02;-0,02;-0,03;-0,03;-0,01;-0,01;0,0;0,0;0,0;0,0;-0,01;-0,01;-0,01;-0,01;-0,03;-0,03
18.08.2026;00:15;00:30;0,0;0,0;0,0;0,0;-0,01;-0,01;-0,06;-0,06;0,0;0,0;0,0;0,0;-0,04;-0,04;-0,03;-0,03;-0,02;-0,02;-0,01;-0,01;-0,02;-0,02;0,0;0,0;0,0;0,0;-0,01;-0,01;-0,05;-0,05;-0,01;-0,01;-0,01;-0,01;-0,03;-0,03;-0,01;-0,01;-0,02;-0,02;-0,01;-0,01;-0,01;-0,01;-0,01;-0,01;-0,01;-0,01;-0,01;-0,01;-0,01;-0,01;-0,01;-0,01;-0,03;-0,03
18.08.2026;00:30;00:45;0,0;0,0;0,0;0,0;0,0;0,0;-0,1;-0,1;-0,01;-0,01;-0,01;-0,01;-0,05;-0,05;-0,03;-0,03;-0,03;-0,03;-0,02;-0,02;-0,01;-0,01;-0,01;-0,01;0,0;0,0;-0,02;-0,02;-0,04;-0,04;-0,01;-0,01;-0,01;-0,01;-0,03;-0,03;-0,01;-0,01;-0,03;-0,03;0,0;0,0;-0,01;-0,01;-0,01;-0,01;-0,02;-0,02;-0,01;-0,01;-0,02;-0,02;-0,01;-0,01;-0,02;-0,02
18.08.2026;00:45;01:00;0,0;0,0;0,0;0,0;-0,01;-0,01;-0,21;-0,21;-0,01;-0,01;0,0;0,0;-0,04;-0,04;-0,03;-0,03;0,0;0,0;-0,02;-0,02;-0,02;-0,02;-0,01;-0,01;0,0;0,0;0,0;0,0;-0,03;-0,03;-0,01;-0,01;-0,01;-0,01;-0,02;-0,02;-0,01;-0,01;-0,02;-0,02;-0,02;-0,02;-0,02;-0,02;-0,01;-0,01;-0,01;-0,01;-0,02;-0,02;-0,01;-0,01;-0,02;-0,02;-0,02;-0,02
18.08.2026;01:00;01:15;0,0;0,0;0,0;0,0;-0,01;-0,01;-0,2;-0,2;0,0;0,0;0,0;0,0;-0,05;-0,05;-0,03;-0,03;-0,02;-0,02;0,0;0,0;-0,01;-0,01;-0,01;-0,01;0,0;0,0;-0,01;-0,01;-0,02;-0,02;-0,01;-0,01;-0,01;-0,01;-0,02;-0,02;-0,02;-0,02;-0,02;-0,02;0,0;0,0;-0,02;-0,02;-0,01;-0,01;-0,01;-0,01;-0,01;-0,01;-0,01;-0,01;-0,01;-0,01;-0,03;-0,03
18.08.2026;01:15;01:30;0,0;0,0;-0,01;-0,01;-0,01;-0,01;-0,11;-0,11;-0,01;-0,01;-0,02;-0,02;-0,04;-0,04;-0,02;-0,02;-0,03;-0,03;0,0;0,0;-0,01;-0,01;-0,01;-0,01;0,0;0,0;-0,01;-0,01;-0,02;-0,02;-0,01;-0,01;-0,01;-0,01;-0,03;-0,03;0,0;0,0;-0,02;-0,02;-0,01;-0,01;-0,03;-0,03;-0,01;-0,01;-0,01;-0,01;-0,01;-0,01;-0,01;-0,01;-0,01;-0,01;-0,02;-0,02
18.08.2026;01:30;01:45;0,0;0,0;0,0;0,0;-0,01;-0,01;-0,1;-0,1;-0,01;-0,01;-0,01;-0,01;-0,04;-0,04;-0,01;-0,01;-0,01;-0,01;-0,01;-0,01;-0,02;-0,02;-0,01;-0,01;0,0;0,0;-0,01;-0,01;-0,02;-0,02;-0,01;-0,01;-0,02;-0,02;-0,01;-0,01;-0,01;-0,01;-0,02;-0,02;-0,02;-0,02;-0,01;-0,01;-0,01;-0,01;-0,02;-0,02;-0,01;-0,01;-0,01;-0,01;-0,01;-0,01;-0,02;-0,02
18.08.2026;01:45;02:00;0,0;0,0;0,0;0,0;-0,01;-0,01;-0,11;-0,11;0,0;0,0;-0,02;-0,02;-0,05;-0,05;-0,02;-0,02;-0,02;-0,02;0,0;0,0;-0,01;-0,01;-0,01;-0,01;0,0;0,0;-0,01;-0,01;-0,01;-0,01;-0,01;-0,01;0,0;0,0;-0,01;-0,01;-0,02;-0,02;-0,02;-0,02;0,0;0,0;-0,01;-0,01;-0,01;-0,01;-0,01;-0,01;-0,02;-0,02;-0,01;-0,01;-0,01;-0,01;-0,02;-0,02
18.08.2026;02:00;02:15;0,0;0,0;0,0;0,0;0,0;0,0;-0,06;-0,06;-0,01;-0,01;-0,01;-0,01;-0,04;-0,04;-0,01;-0,01;-0,03;-0,03;-0,01;-0,01;0,0;0,0;-0,01;-0,01;0,0;0,0;0,0;0,0;-0,01;-0,01;-0,02;-0,02;-0,01;-0,01;-0,01;-0,01;0,0;0,0;-0,02;-0,02;-0,02;-0,02;-0,01;-0,01;-0,01;-0,01;0,0;0,0;-0,01;-0,01;-0,01;-0,01;-0,02;-0,02;-0,02;-0,02
18.08.2026;02:15;02:30;0,0;0,0;-0,01;-0,01;-0,01;-0,01;-0,22;-0,22;0,0;0,0;-0,01;-0,01;-0,04;-0,04;-0,01;-0,01;-0,01;-0,01;-0,02;-0,02;0,0;0,0;0,0;0,0;0,0;0,0;-0,02;-0,02;-0,01;-0,01;-0,01;-0,01;0,0;0,0;-0,02;-0,02;-0,01;-0,01;-0,02;-0,02;-0,01;-0,01;-0,03;-0,03;-0,01;-0,01;-0,02;-0,02;-0,01;-0,01;-0,02;-0,02;-0,01;-0,01;-0,02;-0,02
18.08.2026;02:30;02:45;0,0;0,0;0,0;0,0;-0,01;-0,01;-0,21;-0,21;-0,01;-0,01;-0,02;-0,02;-0,04;-0,04;-0,02;-0,02;-0,01;-0,01;-0,02;-0,02;-0,01;-0,01;-0,02;-0,02;0,0;0,0;-0,01;-0,01;-0,01;-0,01;-0,02;-0,02;-0,01;-0,01;-0,01;-0,01;-0,02;-0,02;-0,03;-0,03;0,0;0,0;-0,03;-0,03;-0,01;-0,01;-0,02;-0,02;-0,02;-0,02;-0,01;-0,01;-0,01;-0,01;-0,01;-0,01
18.08.2026;02:45;03:00;0,0;0,0;0,0;0,0;-0,01;-0,01;-0,22;-0,22;-0,01;-0,01;-0,01;-0,01;-0,05;-0,05;-0,01;-0,01;-0,03;-0,03;-0,02;-0,02;-0,02;-0,02;0,0;0,0;0,0;0,0;0,0;0,0;-0,02;-0,02;-0,02;-0,02;-0,02;-0,02;-0,02;-0,02;0,0;0,0;-0,02;-0,02;-0,02;-0,02;-0,01;-0,01;-0,01;-0,01;0,0;0,0;-0,01;-0,01;-0,01;-0,01;-0,01;-0,01;0,0;0,0
18.08.2026;03:00;03:15;0,0;0,0;0,0;0,0;-0,01;-0,01;-0,21;-0,21;0,0;0,0;0,0;0,0;-0,04;-0,04;-0,01;-0,01;-0,01;-0,01;-0,01;-0,01;-0,01;-0,01;-0,01;-0,01;0,0;0,0;-0,01;-0,01;-0,01;-0,01;0,0;0,0;-0,01;-0,01;0,0;0,0;-0,02;-0,02;-0,02;-0,02;-0,01;-0,01;-0,01;-0,01;-0,01;-0,01;-0,01;-0,01;-0,01;-0,01;0,0;0,0;-0,01;-0,01;0,0;0,0
18.08.2026;03:15;03:30;0,0;0,0;0,0;0,0;0,0;0,0;-0,22;-0,22;-0,01;-0,01;0,0;0,0;-0,04;-0,04;-0,01;-0,01;-0,02;-0,02;-0,01;-0,01;-0,02;-0,02;-0,01;-0,01;0,0;0,0;-0,02;-0,02;-0,02;-0,02;-0,01;-0,01;0,0;0,0;-0,01;-0,01;-0,01;-0,01;-0,02;-0,02;0,0;0,0;-0,01;-0,01;-0,01;-0,01;-0,02;-0,02;-0,02;-0,02;-0,02;-0,02;-0,01;-0,01;0,0;0,0
18.08.2026;03:30;03:45;0,0;0,0;-0,01;-0,01;-0,02;-0,02;-0,22;-0,22;-0,01;-0,01;-0,01;-0,01;-0,04;-0,04;-0,01;-0,01;-0,02;-0,02;0,0;0,0;-0,01;-0,01;-0,01;-0,01;0,0;0,0;-0,01;-0,01;-0,01;-0,01;-0,02;-0,02;0,0;0,0;-0,01;-0,01;-0,01;-0,01;-0,02;-0,02;-0,01;-0,01;-0,03;-0,03;-0,01;-0,01;-0,01;-0,01;-0,01;-0,01;-0,01;-0,01;-0,02;-0,02;0,0;0,0
18.08.2026;03:45;04:00;0,0;0,0;0,0;0,0;-0,01;-0,01;-0,14;-0,14;0,0;0,0;-0,01;-0,01;-0,04;-0,04;-0,01;-0,01;-0,01;-0,01;-0,01;-0,01;-0,02;-0,02;-0,01;-0,01;0,0;0,0;0,0;0,0;-0,01;-0,01;0,0;0,0;-0,01;-0,01;-0,01;-0,01;-0,01;-0,01;-0,02;-0,02;-0,01;-0,01;-0,02;-0,02;-0,01;-0,01;-0,01;-0,01;-0,02;-0,02;0,0;0,0;0,0;0,0;-0,03;-0,03
18.08.2026;04:00;04:15;0,0;0,0;0,0;0,0;0,0;0,0;-0,06;-0,06;-0,01;-0,01;-0,02;-0,02;-0,05;-0,05;-0,01;-0,01;-0,02;-0,02;0,0;0,0;-0,01;-0,01;-0,01;-0,01;0,0;0,0;-0,01;-0,01;-0,11;-0,11;-0,01;-0,01;-0,02;-0,02;-0,02;-0,02;-0,01;-0,01;-0,02;-0,02;-0,01;-0,01;-0,02;-0,02;-0,01;-0,01;-0,01;-0,01;0,0;0,0;-0,02;-0,02;-0,02;-0,02;-0,02;-0,02
18.08.2026;04:15;04:30;0,0;0,0;0,0;0,0;-0,01;-0,01;-0,13;-0,13;0,0;0,0;-0,01;-0,01;-0,04;-0,04;-0,01;-0,01;-0,03;-0,03;0,0;0,0;-0,01;-0,01;-0,01;-0,01;0,0;0,0;-0,02;-0,02;-0,01;-0,01;-0,01;-0,01;-0,01;-0,01;-0,01;-0,01;-0,01;-0,01;-0,02;-0,02;-0,01;-0,01;-0,01;-0,01;-0,01;-0,01;-0,02;-0,02;0,0;0,0;-0,01;-0,01;-0,01;-0,01;-0,02;-0,02
18.08.2026;04:30;04:45;0,0;0,0;-0,01;-0,01;-0,01;-0,01;-0,22;-0,22;-0,01;-0,01;-0,01;-0,01;-0,04;-0,04;-0,02;-0,02;-0,01;-0,01;-0,01;-0,01;0,0;0,0;-0,01;-0,01;0,0;0,0;0,0;0,0;-0,01;-0,01;-0,01;-0,01;0,0;0,0;-0,01;-0,01;-0,02;-0,02;-0,13;-0,13;-0,02;-0,02;-0,01;-0,01;-0,01;-0,01;-0,01;-0,01;-0,01;-0,01;-0,02;-0,02;-0,01;-0,01;-0,02;-0,02
18.08.2026;04:45;05:00;0,0;0,0;0,0;0,0;-0,01;-0,01;-0,22;-0,22;-0,01;-0,01;-0,02;-0,02;-0,04;-0,04;-0,01;-0,01;-0,02;-0,02;-0,01;-0,01;0,0;0,0;0,0;0,0;0,0;0,0;-0,01;-0,01;-0,02;-0,02;-0,01;-0,01;0,0;0,0;-0,01;-0,01;0,0;0,0;-0,02;-0,02;0,0;0,0;-0,02;-0,02;-0,01;-0,01;-0,01;-0,01;-0,01;-0,01;0,0;0,0;-0,01;-0,01;-0,02;-0,02
18.08.2026;05:00;05:15;0,0;0,0;0,0;0,0;0,0;0,0;-0,18;-0,18;0,0;0,0;-0,01;-0,01;-0,04;-0,04;-0,01;-0,01;-0,03;-0,03;-0,02;-0,02;-0,01;-0,01;-0,01;-0,01;-0,01;-0,01;-0,01;-0,01;-0,01;-0,01;-0,01;-0,01;-0,01;-0,01;-0,01;-0,01;-0,01;-0,01;-0,03;-0,03;-0,01;-0,01;-0,03;-0,03;-0,01;-0,01;-0,01;-0,01;-0,02;-0,02;-0,01;-0,01;-0,02;-0,02;-0,02;-0,02
18.08.2026;05:15;05:30;0,0;0,0;0,0;0,0;-0,02;-0,02;-0,15;-0,15;0,0;0,0;-0,01;-0,01;-0,04;-0,04;-0,01;-0,01;-0,01;-0,01;-0,02;-0,02;-0,02;-0,02;-0,01;-0,01;0,0;0,0;-0,01;-0,01;-0,02;-0,02;-0,01;-0,01;-0,01;-0,01;-0,01;-0,01;-0,02;-0,02;-0,02;-0,02;-0,02;-0,02;-0,02;-0,02;-0,01;-0,01;-0,02;-0,02;-0,01;-0,01;-0,01;-0,01;-0,03;-0,03;-0,01;-0,01
18.08.2026;05:30;05:45;0,0;0,0;-0,01;-0,01;-0,01;-0,01;-0,19;-0,19;-0,01;-0,01;-0,01;-0,01;-0,04;-0,04;-0,01;-0,01;-0,01;-0,01;-0,01;-0,01;-0,02;-0,02;-0,01;-0,01;0,0;0,0;-0,01;-0,01;-0,02;-0,02;-0,01;-0,01;-0,01;-0,01;-0,01;-0,01;0,0;0,0;-0,02;-0,02;0,0;0,0;-0,01;-0,01;-0,01;-0,01;0,0;0,0;-0,01;-0,01;-0,01;-0,01;-0,04;-0,04;-0,02;-0,02
18.08.2026;05:45;06:00;0,0;0,0;0,0;0,0;0,0;0,0;-0,19;-0,19;-0,01;-0,01;0,0;0,0;-0,04;-0,04;-0,04;-0,04;-0,04;-0,04;-0,12;-0,12;-0,01;-0,01;-0,01;-0,01;0,0;0,0;-0,03;-0,03;-0,02;-0,02;-0,01;-0,01;-0,01;-0,01;-0,02;-0,02;-0,01;-0,01;-0,03;-0,03;-0,02;-0,02;-0,01;-0,01;-0,01;-0,01;-0,01;-0,01;-0,02;-0,02;-0,01;-0,01;-0,04;-0,04;-0,01;-0,01
18.08.2026;06:00;06:15;0,01;0,01;0,0;0,0;-0,02;-0,02;-0,17;-0,17;0,0;0,0;-0,01;-0,01;-0,04;-0,04;-0,03;-0,03;-0,02;-0,02;-0,01;-0,01;-0,01;-0,01;-0,01;-0,01;0,0;0,0;-0,02;-0,02;-0,01;-0,01;-0,01;-0,01;0,0;0,0;-0,01;-0,01;-0,02;-0,02;-0,1;-0,1;-0,01;-0,01;-0,02;-0,02;-0,01;-0,01;-0,02;-0,02;-0,01;-0,01;-0,07;-0,07;-0,02;-0,02;-0,03;-0,03
18.08.2026;06:15;06:30;0,02;0,02;0,0;0,0;-0,07;-0,07;-0,24;-0,24;-0,01;-0,01;0,0;0,0;-0,04;-0,04;-0,06;-0,06;-0,01;-0,01;0,0;0,0;-0,02;-0,02;-0,01;-0,01;0,0;0,0;-0,02;-0,02;0,0;0,0;-0,01;-0,01;-0,01;-0,01;-0,03;-0,03;0,0;0,0;-0,07;-0,07;-0,04;-0,04;-0,02;-0,02;-0,01;-0,01;-0,01;-0,01;-0,01;-0,01;-0,03;-0,03;-0,37;-0,37;-0,01;-0,01
18.08.2026;06:30;06:45;0,07;0,07;0,0;0,0;-0,08;-0,08;-0,13;-0,13;0,0;0,0;-0,02;-0,02;-0,04;-0,04;-0,06;-0,06;-0,02;-0,02;-0,03;-0,03;-0,01;-0,01;-0,02;-0,02;0,0;0,0;-0,01;-0,01;-0,02;-0,02;-0,01;-0,01;-0,01;-0,01;-0,04;-0,04;-0,01;-0,01;-0,06;-0,06;-0,03;-0,03;-0,03;-0,03;-0,01;-0,01;-0,01;-0,01;-0,01;-0,01;-0,03;-0,03;-0,22;-0,22;-0,01;-0,01
18.08.2026;06:45;07:00;0,18;0,13;-0,01;-0,01;-0,05;-0,05;-0,17;-0,12;-0,01;-0,01;-0,01;-0,01;-0,07;-0,07;-0,05;-0,05;-0,05;-0,05;-0,01;-0,01;-0,01;-0,01;0,0;0,0;0,0;0,0;-0,03;-0,03;-0,01;-0,01;-0,01;-0,01;-0,04;-0,04;-0,04;-0,04;-0,02;-0,02;-0,02;-0,02;-0,01;-0,01;-0,01;-0,01;-0,01;-0,01;-0,01;-0,01;-0,01;-0,01;-0,01;-0,01;-0,03;-0,03;-0,02;-0,02
18.08.2026;07:00;07:15;0,36;0,11;0,0;0,0;-0,01;0,0;-0,07;-0,04;-0,01;0,0;-0,02;-0,01;-0,1;-0,09;-0,04;-0,03;-0,02;-0,01;-0,01;0,0;0,0;0,0;-0,01;0,0;0,0;0,0;-0,02;-0,01;-0,01;0,0;-0,01;0,0;-0,03;-0,02;-0,01;0,0;-0,01;0,0;-0,03;-0,02;-0,02;-0,01;-0,01;0,0;-0,01;0,0;-0,02;-0,01;-0,01;0,0;0,0;0,0;-0,03;-0,02;-0,01;0,0
18.08.2026;07:15;07:30;0,56;0,16;0,0;0,0;-0,01;0,0;-0,17;-0,07;0,0;0,0;-0,01;0,0;-0,06;-0,04;-0,03;-0,01;-0,01;0,0;-0,02;0,0;0,0;0,0;-0,01;0,0;0,0;0,0;-0,02;0,0;-0,01;0,0;-0,01;0,0;-0,03;-0,01;-0,02;0,0;0,0;0,0;-0,02;0,0;-0,01;0,0;-0,02;0,0;-0,01;0,0;-0,01;0,0;-0,01;0,0;-0,01;0,0;-0,25;-0,23;-0,01;0,0
18.08.2026;07:30;07:45;0,54;0,24;0,0;0,0;-0,02;-0,01;-0,08;0,0;-0,01;0,0;-0,01;0,0;-0,06;-0,05;-0,03;-0,02;-0,02;-0,01;-0,01;0,0;-0,01;0,0;-0,01;0,0;0,0;0,0;0,0;0,0;-0,01;0,0;-0,01;0,0;-0,02;-0,01;-0,01;0,0;-0,02;-0,01;-0,02;-0,01;0,0;0,0;-0,01;0,0;-0,01;0,0;-0,01;0,0;-0,02;-0,01;-0,02;-0,01;-0,02;-0,01;-0,01;0,0
18.08.2026;07:45;08:00;0,63;0,22;-0,01;0,0;0,0;0,0;-0,09;0,0;0,0;0,0;-0,02;0,0;-0,07;-0,05;-0,02;0,0;-0,02;0,0;-0,06;-0,04;-0,02;0,0;-0,03;-0,01;0,0;0,0;0,0;0,0;-0,01;0,0;-0,02;0,0;-0,01;0,0;-0,02;0,0;-0,04;-0,02;-0,02;0,0;-0,02;0,0;-0,03;-0,01;-0,01;0,0;-0,01;0,0;-0,01;0,0;0,0;0,0;0,0;0,0;0,0;0,0
18.08.2026;08:00;08:15;0,79;0,22;0,0;0,0;-0,01;0,0;-0,15;0,0;-0,01;0,0;0,0;0,0;-0,1;-0,06;-0,03;0,0;0,0;0,0;-0,08;-0,04;-0,02;0,0;-0,01;0,0;0,0;0,0;-0,02;0,0;-0,01;0,0;0,0;0,0;-0,03;0,0;-0,02;0,0;-0,03;0,0;-0,02;0,0;-0,01;0,0;-0,02;0,0;-0,04;0,0;-0,02;0,0;-0,01;0,0;-0,01;0,0;-0,02;0,0;0,0;0,0
18.08.2026;08:15;08:30;0,85;0,24;0,0;0,0;-0,01;0,0;-0,24;-0,08;-0,01;0,0;-0,01;0,0;-0,19;-0,15;-0,03;0,0;-0,02;0,0;-0,09;-0,05;-0,01;0,0;0,0;0,0;0,0;0,0;-0,01;0,0;-0,01;0,0;-0,02;0,0;-0,03;0,0;-0,02;0,0;-0,03;0,0;-0,02;0,0;-0,01;0,0;-0,02;0,0;-0,04;0,0;0,0;0,0;-0,02;0,0;-0,02;0,0;-0,03;0,0;0,0;0,0
18.08.2026;08:30;08:45;1,22;0,52;0,0;0,0;-0,01;0,0;-0,24;0,0;0,0;0,0;0,0;0,0;-0,07;0,0;-0,02;0,0;-0,01;0,0;-0,07;0,0;-0,01;0,0;-0,02;0,0;0,0;0,0;-0,01;0,0;-0,01;0,0;0,0;0,0;-0,03;0,0;-0,01;0,0;-0,02;0,0;-0,03;0,0;-0,01;0,0;-0,01;0,0;-0,05;0,0;-0,02;0,0;-0,01;0,0;-0,01;0,0;-0,02;0,0;-0,01;0,0
18.08.2026;08:45;09:00;0,4;0,11;0,0;0,0;-0,01;0,0;-0,12;-0,05;-0,01;0,0;0,0;0,0;-0,06;-0,05;-0,05;-0,04;-0,02;-0,01;-0,07;-0,06;-0,02;-0,01;-0,04;-0,03;0,0;0,0;0,0;0,0;-0,01;0,0;-0,01;0,0;-0,02;-0,01;-0,02;-0,01;-0,02;-0,01;-0,02;-0,01;-0,01;0,0;-0,05;-0,04;-0,07;-0,06;-0,01;0,0;-0,01;0,0;-0,01;0,0;-0,01;0,0;-0,01;0,0
18.08.2026;09:00;09:15;0,0;0,0;-0,01;-0,01;0,0;0,0;-0,16;-0,16;-0,01;-0,01;-0,02;-0,02;-0,05;-0,05;-0,03;-0,03;-0,01;-0,01;-0,07;-0,07;-0,01;-0,01;-0,08;-0,08;0,0;0,0;-0,02;-0,02;-0,01;-0,01;-0,02;-0,02;-0,02;-0,02;-0,02;-0,02;-0,02;-0,02;-0,02;-0,02;-0,01;-0,01;-0,03;-0,03;-0,04;-0,04;-0,01;-0,01;-0,01;-0,01;-0,01;-0,01;-0,01;-0,01;-0,01;-0,01
18.08.2026;09:15;09:30;0,38;0,11;0,0;0,0;-0,02;-0,01;-0,08;-0,01;0,0;0,0;-0,01;0,0;-0,06;-0,05;-0,04;-0,03;-0,02;-0,01;0,0;0,0;-0,01;0,0;-0,07;-0,06;0,0;0,0;-0,01;0,0;-0,01;0,0;0,0;0,0;-0,05;-0,04;-0,01;0,0;0,0;0,0;-0,02;-0,01;-0,01;0,0;-0,02;-0,01;-0,04;-0,03;-0,01;0,0;-0,02;-0,01;-0,01;0,0;-0,01;0,0;-0,01;0,0
18.08.2026;09:30;09:45;1,48;0,66;0,0;0,0;-0,41;-0,28;-0,2;0,0;-0,01;0,0;-0,02;0,0;-0,05;0,0;-0,03;0,0;-0,01;0,0;-0,02;0,0;0,0;0,0;-0,06;0,0;0,0;0,0;0,0;0,0;-0,02;0,0;-0,01;0,0;-0,04;0,0;-0,06;0,0;-0,02;0,0;-0,02;0,0;-0,01;0,0;-0,02;0,0;-0,04;0,0;-0,01;0,0;-0,01;0,0;-0,01;0,0;-0,02;0,0;0,0;0,0
18.08.2026;09:45;10:00;1,72;0,82;0,0;0,0;-0,17;0,0;-0,22;0,0;0,0;0,0;-0,01;0,0;-0,06;0,0;-0,03;0,0;-0,01;0,0;-0,02;0,0;0,0;0,0;-0,04;0,0;0,0;0,0;-0,01;0,0;-0,01;0,0;-0,02;0,0;-0,03;0,0;-0,15;0,0;0,0;0,0;-0,02;0,0;-0,01;0,0;-0,01;0,0;-0,04;0,0;-0,02;0,0;-0,01;0,0;-0,01;0,0;0,0;0,0;0,0;0,0
18.08.2026;10:00;10:15;2,2;0,96;-0,01;0,0;-0,44;-0,21;-0,22;0,0;0,0;0,0;-0,01;0,0;-0,05;0,0;-0,02;0,0;-0,02;0,0;-0,02;0,0;-0,02;0,0;-0,02;0,0;-0,01;0,0;-0,01;0,0;-0,01;0,0;0,0;0,0;-0,22;0,0;-0,25;-0,02;-0,01;0,0;-0,02;0,0;-0,01;0,0;-0,01;0,0;-0,04;0,0;0,0;0,0;-0,01;0,0;-0,01;0,0;-0,02;0,0;-0,01;0,0
18.08.2026;10:15;10:30;2,27;0,96;0,0;0,0;-0,55;-0,32;-0,24;0,0;-0,01;0,0;-0,02;0,0;-0,06;0,0;-0,02;0,0;-0,01;0,0;-0,01;0,0;-0,01;0,0;-0,01;0,0;0,0;0,0;-0,01;0,0;-0,01;0,0;-0,01;0,0;-0,29;-0,06;-0,64;-0,41;-0,02;0,0;-0,02;0,0;-0,01;0,0;-0,02;0,0;-0,04;0,0;-0,02;0,0;-0,02;0,0;-0,02;0,0;-0,01;0,0;-0,02;0,0
18.08.2026;10:30;10:45;2,31;1,3;0,0;0,0;-0,43;-0,16;-0,09;0,0;-0,01;0,0;-0,01;0,0;-0,04;0,0;-0,02;0,0;-0,02;0,0;-0,02;0,0;-0,02;0,0;-0,01;0,0;0,0;0,0;-0,01;0,0;-0,01;0,0;-0,01;0,0;-0,03;0,0;-0,71;-0,44;0,0;0,0;-0,03;0,0;-0,01;0,0;-0,03;0,0;-0,05;0,0;-0,01;0,0;-0,01;0,0;-0,01;0,0;-0,01;0,0;-0,01;0,0
18.08.2026;10:45;11:00;3,13;2,11;0,0;0,0;-0,12;0,0;-0,17;0,0;0,0;0,0;-0,01;0,0;-0,04;0,0;-0,03;0,0;-0,01;0,0;-0,01;0,0;-0,01;0,0;-0,02;0,0;0,0;0,0;0,0;0,0;-0,03;0,0;-0,01;0,0;-0,03;0,0;-0,55;-0,15;-0,01;0,0;-0,02;0,0;-0,01;0,0;-0,01;0,0;-0,04;0,0;-0,01;0,0;0,0;0,0;-0,01;0,0;-0,02;0,0;0,0;0,0
18.08.2026;11:00;11:15;2,33;1,3;0,0;0,0;-0,02;0,0;-0,24;0,0;-0,01;0,0;0,0;0,0;-0,04;0,0;-0,04;0,0;-0,01;0,0;0,0;0,0;-0,02;0,0;-0,07;0,0;0,0;0,0;-0,02;0,0;-0,03;0,0;-0,01;0,0;-0,11;0,0;-0,27;-0,01;-0,02;0,0;-0,03;0,0;-0,01;0,0;-0,02;0,0;-0,04;0,0;-0,01;0,0;0,0;0,0;0,0;0,0;-0,01;0,0;-0,01;0,0
18.08.2026;11:15;11:30;2,56;1,59;-0,01;0,0;-0,01;0,0;-0,24;0,0;-0,01;0,0;0,0;0,0;-0,03;0,0;-0,02;0,0;-0,02;0,0;0,0;0,0;-0,01;0,0;-0,06;0,0;0,0;0,0;-0,01;0,0;-0,04;0,0;-0,01;0,0;-0,14;0,0;-0,19;0,0;0,0;0,0;-0,03;0,0;-0,01;0,0;-0,01;0,0;-0,05;0,0;-0,02;0,0;-0,01;0,0;-0,02;0,0;-0,02;0,0;0,0;0,0
18.08.2026;11:30;11:45;2,63;1,9;0,0;0,0;0,0;0,0;-0,1;0,0;0,0;0,0;-0,01;0,0;-0,04;0,0;-0,02;0,0;-0,01;0,0;-0,01;0,0;-0,01;0,0;-0,07;0,0;0,0;0,0;0,0;0,0;-0,03;0,0;-0,01;0,0;-0,01;0,0;-0,17;0,0;-0,03;0,0;-0,08;0,0;-0,01;0,0;-0,03;0,0;-0,04;0,0;-0,01;0,0;0,0;0,0;-0,01;0,0;-0,02;0,0;-0,01;0,0
18.08.2026;11:45;12:00;2,04;0,94;0,0;0,0;-0,02;0,0;-0,1;0,0;-0,01;0,0;-0,01;0,0;-0,04;0,0;-0,03;0,0;-0,02;0,0;0,0;0,0;-0,01;0,0;-0,07;0,0;0,0;0,0;-0,01;0,0;-0,26;-0,05;-0,01;0,0;0,0;0,0;-0,26;-0,05;-0,03;0,0;-0,02;0,0;-0,01;0,0;-0,19;0,0;-0,05;0,0;-0,01;0,0;0,0;0,0;-0,01;0,0;-0,01;0,0;-0,02;0,0
18.08.2026;12:00;12:15;0,91;0,21;0,0;0,0;-0,01;0,0;-0,17;-0,01;0,0;0,0;-0,02;0,0;-0,03;0,0;-0,34;-0,3;-0,01;0,0;-0,01;0,0;-0,01;0,0;-0,05;-0,01;0,0;0,0;-0,02;0,0;-0,03;0,0;-0,16;-0,12;-0,02;0,0;-0,22;-0,18;-0,02;0,0;-0,02;0,0;-0,01;0,0;-0,14;-0,1;-0,04;0,0;-0,01;0,0;-0,02;0,0;-0,01;0,0;-0,15;-0,11;-0,01;0,0
18.08.2026;12:15;12:30;1,25;0,28;-0,01;0,0;-0,01;0,0;-0,11;0,0;-0,01;0,0;-0,01;0,0;-0,15;-0,08;-0,27;-0,2;-0,11;-0,04;-0,02;0,0;0,0;0,0;-0,01;0,0;0,0;0,0;-0,01;0,0;-0,04;0,0;-0,1;-0,03;-0,07;0,0;-0,32;-0,25;-0,04;0,0;-0,02;0,0;0,0;0,0;-0,09;-0,02;-0,09;-0,02;-0,01;0,0;-0,02;0,0;-0,02;0,0;-0,51;-0,44;0,0;0,0
18.08.2026;12:30;12:45;0,31;0,07;0,0;0,0;-0,01;0,0;-0,11;-0,09;-0,01;0,0;-0,02;-0,01;-0,08;-0,07;-0,03;-0,02;-0,03;-0,02;-0,01;0,0;-0,01;0,0;-0,01;0,0;0,0;0,0;-0,01;0,0;-0,04;-0,03;-0,05;-0,04;-0,13;-0,12;-0,25;-0,24;-0,02;-0,01;-0,02;-0,01;-0,01;0,0;-0,21;-0,2;-0,04;-0,03;-0,02;-0,01;-0,02;-0,01;0,0;0,0;-0,05;-0,04;0,0;0,0
18.08.2026;12:45;13:00;0,0;0,0;0,0;0,0;-0,02;-0,02;-0,1;-0,1;0,0;0,0;-0,01;-0,01;-0,16;-0,16;-0,11;-0,11;-0,01;-0,01;-0,02;-0,02;-0,01;-0,01;-0,01;-0,01;0,0;0,0;-0,01;-0,01;-0,03;-0,03;-0,06;-0,06;-0,1;-0,1;-0,2;-0,2;-0,02;-0,02;-0,02;-0,02;-0,02;-0,02;-0,38;-0,38;-0,04;-0,04;-0,01;-0,01;-0,02;-0,02;-0,01;-0,01;-0,02;-0,02;-0,01;-0,01
18.08.2026;13:00;13:15;0,54;0,21;0,0;0,0;-0,01;0,0;-0,14;-0,03;-0,01;0,0;-0,01;0,0;-0,12;-0,11;-0,02;-0,01;-0,07;-0,06;-0,02;-0,01;-0,02;-0,01;-0,01;0,0;0,0;0,0;-0,02;-0,01;-0,04;-0,03;-0,06;-0,05;-0,06;-0,05;-0,52;-0,51;-0,03;-0,02;-0,02;-0,01;0,0;0,0;-0,06;-0,05;-0,04;-0,03;-0,01;0,0;-0,02;-0,01;-0,01;0,0;0,0;0,0;-0,01;0,0
18.08.2026;13:15;13:30;1,04;0,35;0,0;0,0;-0,02;0,0;-0,09;0,0;-0,01;0,0;-0,02;0,0;-0,02;0,0;-0,16;-0,09;-0,03;0,0;-0,01;0,0;-0,01;0,0;0,0;0,0;0,0;0,0;-0,01;0,0;-0,03;0,0;-0,05;0,0;-0,12;-0,05;-0,23;-0,16;-0,02;0,0;-0,02;0,0;-0,01;0,0;-0,03;0,0;-0,04;0,0;-0,01;0,0;-0,01;0,0;-0,01;0,0;-0,02;0,0;-0,01;0,0
18.08.2026;13:30;13:45;0,9;0,26;-0,01;0,0;-0,02;0,0;-0,09;0,0;0,0;0,0;-0,01;0,0;-0,04;0,0;-0,33;-0,28;-0,02;0,0;0,0;0,0;-0,02;0,0;-0,01;0,0;0,0;0,0;0,0;0,0;-0,04;0,0;-0,03;0,0;-0,14;-0,09;-0,12;-0,07;-0,04;0,0;-0,02;0,0;-0,01;0,0;-0,02;0,0;-0,05;0,0;-0,01;0,0;-0,02;0,0;-0,01;0,0;-0,02;0,0;0,0;0,0
18.08.2026;13:45;14:00;0,65;0,23;0,0;0,0;-0,01;0,0;-0,07;0,0;-0,01;0,0;0,0;0,0;-0,04;-0,02;-0,03;-0,01;-0,02;0,0;-0,01;0,0;-0,01;0,0;-0,01;0,0;0,0;0,0;-0,01;0,0;-0,03;-0,01;-0,04;-0,02;-0,16;-0,14;-0,13;-0,11;-0,02;0,0;-0,03;-0,01;-0,01;0,0;-0,02;0,0;-0,05;-0,03;-0,01;0,0;-0,02;0,0;-0,02;0,0;-0,01;0,0;0,0;0,0
18.08.2026;14:00;14:15;0,47;0,17;0,0;0,0;-0,01;0,0;-0,09;-0,01;0,0;0,0;-0,01;0,0;-0,04;-0,03;-0,03;-0,02;-0,02;-0,01;0,0;0,0;-0,02;-0,01;-0,01;0,0;0,0;0,0;-0,02;-0,01;-0,03;-0,02;-0,04;-0,03;-0,16;-0,15;-0,09;-0,08;-0,02;-0,01;-0,02;-0,01;-0,02;-0,01;-0,02;-0,01;-0,04;-0,03;-0,02;-0,01;-0,02;-0,01;-0,02;-0,01;-0,02;-0,01;-0,02;-0,01
18.08.2026;14:15;14:30;0,77;0,24;0,0;0,0;-0,02;0,0;-0,1;0,0;-0,01;0,0;0,0;0,0;-0,03;0,0;-0,02;0,0;-0,02;0,0;-0,01;0,0;0,0;0,0;-0,01;0,0;0,0;0,0;0,0;0,0;-0,04;0,0;-0,04;0,0;-0,04;0,0;-0,19;-0,15;-0,02;0,0;-0,02;0,0;0,0;0,0;-0,02;0,0;-0,05;-0,01;-0,01;0,0;-0,01;0,0;-0,01;0,0;-0,01;0,0;-0,01;0,0
18.08.2026;14:30;14:45;0,94;0,27;-0,01;0,0;-0,02;0,0;-0,12;0,0;-0,01;0,0;-0,01;0,0;-0,05;0,0;-0,33;-0,28;-0,02;0,0;-0,02;0,0;-0,01;0,0;-0,01;0,0;0,0;0,0;-0,01;0,0;-0,03;0,0;-0,08;-0,03;-0,02;0,0;-0,27;-0,22;-0,02;0,0;-0,02;0,0;-0,01;0,0;-0,03;0,0;-0,04;0,0;-0,01;0,0;-0,02;0,0;-0,01;0,0;-0,01;0,0;-0,01;0,0
18.08.2026;14:45;15:00;0,96;0,26;0,0;0,0;-0,01;0,0;-0,08;0,0;0,0;0,0;-0,01;0,0;-0,04;0,0;-0,06;0,0;-0,02;0,0;-0,02;0,0;0,0;0,0;-0,01;0,0;0,0;0,0;-0,09;-0,02;-0,03;0,0;-0,05;0,0;0,0;0,0;-0,43;-0,36;-0,03;0,0;-0,15;-0,08;-0,02;0,0;-0,02;0,0;-0,04;0,0;-0,01;0,0;-0,02;0,0;-0,01;0,0;-0,01;0,0;0,0;0,0
18.08.2026;15:00;15:15;1,43;0,79;0,0;0,0;-0,01;0,0;-0,14;0,0;-0,01;0,0;-0,02;0,0;-0,06;0,0;-0,04;0,0;-0,01;0,0;-0,02;0,0;-0,01;0,0;-0,01;0,0;-0,01;0,0;-0,04;0,0;-0,04;0,0;-0,04;0,0;0,0;0,0;-0,05;0,0;-0,01;0,0;-0,02;0,0;0,0;0,0;-0,01;0,0;-0,04;0,0;-0,02;0,0;0,0;0,0;-0,01;0,0;-0,02;0,0;0,0;0,0
18.08.2026;15:15;15:30;1,28;0,52;0,0;0,0;-0,02;0,0;-0,24;0,0;0,0;0,0;-0,01;0,0;-0,03;0,0;-0,05;0,0;-0,02;0,0;-0,1;0,0;-0,02;0,0;0,0;0,0;0,0;0,0;-0,01;0,0;-0,03;0,0;-0,03;0,0;-0,01;0,0;-0,02;0,0;-0,02;0,0;-0,02;0,0;-0,01;0,0;-0,01;0,0;-0,04;0,0;-0,01;0,0;0,0;0,0;-0,01;0,0;-0,03;0,0;-0,02;0,0
18.08.2026;15:30;15:45;0,76;0,2;-0,01;0,0;-0,01;0,0;-0,21;-0,08;-0,01;0,0;-0,01;0,0;-0,06;-0,03;-0,06;-0,03;-0,01;0,0;-0,1;-0,07;-0,01;0,0;-0,01;0,0;0,0;0,0;-0,01;0,0;-0,03;0,0;-0,03;0,0;-0,02;0,0;-0,02;0,0;-0,03;0,0;-0,02;0,0;-0,01;0,0;-0,02;0,0;-0,05;-0,02;0,0;0,0;-0,01;0,0;-0,01;0,0;-0,02;0,0;-0,01;0,0
18.08.2026;15:45;16:00;0,55;0,21;0,0;0,0;-0,01;0,0;-0,22;-0,11;0,0;0,0;-0,02;-0,01;-0,18;-0,17;-0,04;-0,03;-0,02;-0,01;-0,03;-0,02;-0,02;-0,01;-0,01;0,0;0,0;0,0;-0,01;0,0;-0,06;-0,05;-0,01;0,0;-0,01;0,0;-0,01;0,0;-0,01;0,0;-0,02;-0,01;-0,02;-0,01;-0,02;-0,01;-0,07;-0,06;-0,02;-0,01;-0,01;0,0;-0,02;-0,01;-0,01;0,0;-0,01;0,0
18.08.2026;16:00;16:15;0,41;0,11;0,0;0,0;-0,01;0,0;-0,12;-0,06;-0,01;0,0;-0,01;0,0;-0,11;-0,1;-0,03;-0,02;-0,02;-0,01;-0,05;-0,04;-0,01;0,0;-0,01;0,0;0,0;0,0;-0,01;0,0;-0,04;-0,03;-0,01;0,0;-0,01;0,0;-0,02;-0,01;-0,02;-0,01;-0,02;-0,01;-0,01;0,0;-0,03;-0,02;-0,04;-0,03;-0,02;-0,01;-0,01;0,0;-0,01;0,0;-0,02;-0,01;-0,01;0,0
18.08.2026;16:15;16:30;0,08;0,08;0,0;0,0;-0,01;-0,01;-0,1;-0,1;0,0;0,0;-0,01;-0,01;-0,05;-0,05;-0,03;-0,03;0,0;0,0;-0,05;-0,05;-0,01;-0,01;-0,01;-0,01;0,0;0,0;0,0;0,0;-0,04;-0,04;-0,02;-0,02;0,0;0,0;-0,02;-0,02;-0,02;-0,02;-0,02;-0,02;-0,01;-0,01;-0,01;-0,01;-0,15;-0,15;0,0;0,0;-0,01;-0,01;-0,01;-0,01;-0,02;-0,02;0,0;0,0
18.08.2026;16:30;16:45;0,0;0,0;0,0;0,0;-0,13;-0,13;-0,1;-0,1;-0,01;-0,01;-0,02;-0,02;-0,03;-0,03;-0,03;-0,03;-0,02;-0,02;-0,33;-0,33;-0,02;-0,02;0,0;0,0;0,0;0,0;-0,02;-0,02;-0,04;-0,04;0,0;0,0;0,0;0,0;-0,05;-0,05;-0,02;-0,02;-0,1;-0,1;-0,01;-0,01;-0,01;-0,01;-0,04;-0,04;-0,01;-0,01;-0,02;-0,02;-0,01;-0,01;-0,03;-0,03;-0,01;-0,01
18.08.2026;16:45;17:00;0,14;0,11;-0,01;-0,01;-0,35;-0,35;-0,23;-0,2;-0,01;-0,01;-0,01;-0,01;-0,04;-0,04;-0,02;-0,02;-0,01;-0,01;-0,16;-0,16;0,0;0,0;-0,02;-0,02;0,0;0,0;-0,03;-0,03;-0,04;-0,04;-0,01;-0,01;-0,01;-0,01;-0,04;-0,04;-0,03;-0,03;-0,03;-0,03;-0,01;-0,01;-0,01;-0,01;-0,07;-0,07;-0,02;-0,02;-0,01;-0,01;-0,01;-0,01;-0,09;-0,09;-0,01;-0,01
18.08.2026;17:00;17:15;0,41;0,13;0,0;0,0;-0,33;-0,32;-0,15;-0,08;0,0;0,0;0,0;0,0;-0,05;-0,04;-0,02;-0,01;-0,02;-0,01;-0,6;-0,59;0,0;0,0;-0,01;0,0;0,0;0,0;-0,01;0,0;-0,03;-0,02;-0,37;-0,36;-0,01;0,0;-0,04;-0,03;-0,01;0,0;-0,04;-0,03;-0,01;0,0;-0,02;-0,01;-0,07;-0,06;-0,01;0,0;-0,01;0,0;-0,01;0,0;-0,05;-0,04;-0,01;0,0
18.08.2026;17:15;17:30;0,03;0,03;0,0;0,0;-0,46;-0,46;-0,16;-0,16;-0,01;-0,01;-0,01;-0,01;-0,04;-0,04;-0,01;-0,01;-0,01;-0,01;-0,09;-0,09;0,0;0,0;-0,02;-0,02;0,0;0,0;0,0;0,0;-0,05;-0,05;-0,71;-0,71;-0,02;-0,02;-0,06;-0,06;-0,03;-0,03;-0,05;-0,05;-0,01;-0,01;-0,03;-0,03;-0,06;-0,06;-0,01;-0,01;-0,01;-0,01;0,0;0,0;-0,04;-0,04;-0,01;-0,01
18.08.2026;17:30;17:45;0,09;0,09;0,0;0,0;-0,09;-0,09;-0,16;-0,16;-0,01;-0,01;0,0;0,0;-0,05;-0,05;-0,02;-0,02;-0,01;-0,01;-0,05;-0,05;-0,02;-0,02;-0,04;-0,04;0,0;0,0;-0,02;-0,02;-0,03;-0,03;-0,18;-0,18;0,0;0,0;-0,03;-0,03;-0,03;-0,03;-0,05;-0,05;-0,02;-0,02;-0,02;-0,02;-0,08;-0,08;-0,01;-0,01;-0,01;-0,01;-0,02;-0,02;-0,1;-0,1;0,0;0,0
18.08.2026;17:45;18:00;0,13;0,11;-0,01;-0,01;-0,02;-0,02;-0,18;-0,16;0,0;0,0;-0,01;-0,01;-0,05;-0,05;-0,01;-0,01;-0,02;-0,02;-0,28;-0,28;-0,02;-0,02;-0,02;-0,02;0,0;0,0;-0,02;-0,02;-0,04;-0,04;-0,22;-0,22;0,0;0,0;-0,02;-0,02;-0,02;-0,02;-0,04;-0,04;-0,03;-0,03;-0,01;-0,01;-0,07;-0,07;-0,02;-0,02;-0,01;-0,01;-0,01;-0,01;-0,09;-0,09;-0,01;-0,01
18.08.2026;18:00;18:15;0,24;0,18;0,0;0,0;-0,01;-0,01;-0,18;-0,12;-0,01;-0,01;-0,01;-0,01;-0,06;-0,06;-0,17;-0,17;-0,01;-0,01;-0,32;-0,32;-0,01;-0,01;-0,03;-0,03;0,0;0,0;-0,04;-0,04;-0,04;-0,04;-0,21;-0,21;-0,01;-0,01;-0,02;-0,02;-0,03;-0,03;-0,05;-0,05;-0,03;-0,03;-0,01;-0,01;-0,06;-0,06;-0,01;-0,01;-0,02;-0,02;-0,02;-0,02;-0,04;-0,04;-0,03;-0,03
18.08.2026;18:15;18:30;0,14;0,11;0,0;0,0;-0,01;-0,01;-0,14;-0,11;-0,01;-0,01;-0,02;-0,02;-0,05;-0,05;-0,11;-0,11;-0,02;-0,02;-0,14;-0,14;-0,01;-0,01;-0,02;-0,02;0,0;0,0;0,0;0,0;-0,04;-0,04;-0,5;-0,5;-0,01;-0,01;-0,02;-0,02;-0,03;-0,03;-0,05;-0,05;-0,02;-0,02;-0,01;-0,01;-0,07;-0,07;-0,01;-0,01;-0,01;-0,01;0,0;0,0;-0,05;-0,05;-0,2;-0,2
18.08.2026;18:30;18:45;0,06;0,06;0,0;0,0;-0,07;-0,07;-0,1;-0,1;-0,04;-0,04;-0,01;-0,01;-0,05;-0,05;-0,07;-0,07;-0,01;-0,01;-0,11;-0,11;-0,02;-0,02;-0,01;-0,01;0,0;0,0;-0,02;-0,02;-0,04;-0,04;-0,35;-0,35;-0,01;-0,01;-0,02;-0,02;-0,02;-0,02;-0,05;-0,05;-0,03;-0,03;-0,03;-0,03;-0,07;-0,07;-0,01;-0,01;-0,01;-0,01;-0,02;-0,02;-0,05;-0,05;-0,31;-0,31
18.08.2026;18:45;19:00;0,05;0,05;0,0;0,0;-0,16;-0,16;-0,18;-0,18;-0,01;-0,01;-0,01;-0,01;-0,12;-0,12;-0,06;-0,06;-0,02;-0,02;-0,04;-0,04;-0,01;-0,01;-0,03;-0,03;0,0;0,0;-0,03;-0,03;-0,04;-0,04;-0,07;-0,07;-0,01;-0,01;-0,01;-0,01;-0,03;-0,03;-0,21;-0,21;-0,03;-0,03;-0,02;-0,02;-0,07;-0,07;-0,02;-0,02;-0,01;-0,01;-0,03;-0,03;-0,06;-0,06;-0,58;-0,58
18.08.2026;19:00;19:15;0,04;0,04;-0,01;-0,01;-0,03;-0,03;-0,16;-0,16;-0,01;-0,01;-0,02;-0,02;-0,05;-0,05;-0,06;-0,06;-0,02;-0,02;-0,05;-0,05;-0,01;-0,01;-0,02;-0,02;0,0;0,0;-0,07;-0,07;-0,14;-0,14;-0,05;-0,05;-0,01;-0,01;-0,04;-0,04;-0,03;-0,03;-0,17;-0,17;-0,01;-0,01;-0,02;-0,02;-0,07;-0,07;0,0;0,0;-0,12;-0,12;-0,01;-0,01;-0,05;-0,05;-0,4;-0,4
18.08.2026;19:15;19:30;0,02;0,02;0,0;0,0;-0,03;-0,03;-0,15;-0,15;0,0;0,0;-0,01;-0,01;-0,06;-0,06;-0,06;-0,06;-0,01;-0,01;-0,04;-0,04;0,0;0,0;-0,02;-0,02;0,0;0,0;-0,01;-0,01;-0,08;-0,08;-0,07;-0,07;0,0;0,0;-0,09;-0,09;-0,02;-0,02;-0,05;-0,05;-0,04;-0,04;-0,01;-0,01;-0,02;-0,02;-0,01;-0,01;-0,11;-0,11;0,0;0,0;-0,04;-0,04;-0,07;-0,07
18.08.2026;19:30;19:45;0,01;0,01;0,0;0,0;-0,03;-0,03;-0,16;-0,16;-0,01;-0,01;-0,01;-0,01;-0,05;-0,05;-0,09;-0,09;-0,02;-0,02;-0,02;-0,02;-0,01;-0,01;-0,03;-0,03;0,0;0,0;-0,03;-0,03;-0,11;-0,11;-0,06;-0,06;-0,01;-0,01;-0,1;-0,1;-0,04;-0,04;-0,04;-0,04;-0,1;-0,1;-0,01;-0,01;-0,01;-0,01;-0,02;-0,02;-0,02;-0,02;-0,02;-0,02;-0,04;-0,04;-0,06;-0,06
18.08.2026;19:45;20:00;0,0;0,0;0,0;0,0;-0,03;-0,03;-0,18;-0,18;-0,01;-0,01;-0,01;-0,01;-0,05;-0,05;-0,09;-0,09;-0,01;-0,01;-0,03;-0,03;0,0;0,0;-0,01;-0,01;0,0;0,0;-0,01;-0,01;-0,05;-0,05;-0,07;-0,07;-0,01;-0,01;-0,09;-0,09;-0,02;-0,02;-0,05;-0,05;-0,01;-0,01;-0,02;-0,02;-0,01;-0,01;-0,01;-0,01;-0,01;-0,01;-0,02;-0,02;-0,04;-0,04;-0,07;-0,07
18.08.2026;20:00;20:15;0,0;0,0;-0,01;-0,01;-0,04;-0,04;-0,19;-0,19;0,0;0,0;0,0;0,0;-0,05;-0,05;-0,08;-0,08;-0,02;-0,02;-0,02;-0,02;-0,02;-0,02;-0,03;-0,03;-0,01;-0,01;-0,12;-0,12;-0,05;-0,05;-0,06;-0,06;-0,01;-0,01;-0,09;-0,09;-0,04;-0,04;-0,1;-0,1;-0,03;-0,03;-0,02;-0,02;-0,01;-0,01;-0,01;-0,01;-0,02;-0,02;0,0;0,0;-0,03;-0,03;-0,07;-0,07
18.08.2026;20:15;20:30;0,0;0,0;0,0;0,0;-0,03;-0,03;-0,22;-0,22;-0,01;-0,01;0,0;0,0;-0,07;-0,07;-0,08;-0,08;-0,03;-0,03;-0,02;-0,02;-0,02;-0,02;-0,04;-0,04;0,0;0,0;-0,05;-0,05;-0,04;-0,04;-0,03;-0,03;-0,01;-0,01;-0,09;-0,09;-0,02;-0,02;-0,06;-0,06;-0,02;-0,02;-0,02;-0,02;-0,02;-0,02;-0,01;-0,01;-0,02;-0,02;-0,01;-0,01;-0,04;-0,04;-0,04;-0,04
18.08.2026;20:30;20:45;0,0;0,0;0,0;0,0;-0,17;-0,17;-0,13;-0,13;-0,01;-0,01;-0,01;-0,01;-0,08;-0,08;-0,05;-0,05;-0,04;-0,04;0,0;0,0;-0,01;-0,01;-0,02;-0,02;0,0;0,0;-0,37;-0,37;-0,05;-0,05;-0,01;-0,01;0,0;0,0;-0,12;-0,12;-0,03;-0,03;-0,05;-0,05;-0,01;-0,01;-0,02;-0,02;-0,02;-0,02;-0,02;-0,02;-0,02;-0,02;-0,01;-0,01;-0,04;-0,04;-0,04;-0,04
18.08.2026;20:45;21:00;0,0;0,0;0,0;0,0;-0,03;-0,03;-0,09;-0,09;0,0;0,0;-0,02;-0,02;-0,07;-0,07;-0,04;-0,04;-0,07;-0,07;-0,01;-0,01;-0,02;-0,02;-0,03;-0,03;0,0;0,0;-0,4;-0,4;-0,08;-0,08;-0,02;-0,02;-0,08;-0,08;-0,43;-0,43;-0,03;-0,03;-0,06;-0,06;-0,02;-0,02;-0,01;-0,01;0,0;0,0;-0,01;-0,01;-0,01;-0,01;-0,01;-0,01;-0,04;-0,04;-0,2;-0,2
18.08.2026;21:00;21:15;0,0;0,0;0,0;0,0;-0,04;-0,04;-0,13;-0,13;-0,01;-0,01;-0,01;-0,01;-0,04;-0,04;-0,04;-0,04;-0,13;-0,13;-0,02;-0,02;-0,01;-0,01;-0,07;-0,07;0,0;0,0;-0,08;-0,08;-0,04;-0,04;-0,03;-0,03;-0,1;-0,1;-0,37;-0,37;-0,03;-0,03;-0,05;-0,05;-0,01;-0,01;-0,01;-0,01;-0,02;-0,02;-0,01;-0,01;-0,02;-0,02;-0,01;-0,01;-0,05;-0,05;-0,16;-0,16
18.08.2026;21:15;21:30;0,0;0,0;-0,01;-0,01;-0,03;-0,03;-0,08;-0,08;0,0;0,0;-0,01;-0,01;-0,03;-0,03;-0,03;-0,03;-0,28;-0,28;-0,18;-0,18;-0,01;-0,01;-0,09;-0,09;0,0;0,0;-0,03;-0,03;-0,04;-0,04;-0,03;-0,03;-0,02;-0,02;-0,19;-0,19;-0,02;-0,02;-0,04;-0,04;0,0;0,0;-0,02;-0,02;-0,01;-0,01;-0,01;-0,01;-0,02;-0,02;-0,01;-0,01;-0,04;-0,04;-0,04;-0,04
18.08.2026;21:30;21:45;0,0;0,0;0,0;0,0;-0,04;-0,04;-0,07;-0,07;-0,01;-0,01;-0,02;-0,02;-0,04;-0,04;-0,03;-0,03;-0,18;-0,18;-0,18;-0,18;-0,01;-0,01;-0,09;-0,09;0,0;0,0;0,0;0,0;-0,04;-0,04;-0,24;-0,24;-0,03;-0,03;-0,08;-0,08;-0,04;-0,04;-0,03;-0,03;-0,02;-0,02;-0,02;-0,02;-0,01;-0,01;-0,02;-0,02;-0,01;-0,01;-0,02;-0,02;-0,03;-0,03;-0,04;-0,04
18.08.2026;21:45;22:00;0,0;0,0;0,0;0,0;-0,05;-0,05;-0,1;-0,1;-0,01;-0,01;-0,01;-0,01;-0,04;-0,04;-0,03;-0,03;-0,13;-0,13;-0,16;-0,16;0,0;0,0;-0,06;-0,06;0,0;0,0;-0,01;-0,01;-0,05;-0,05;-0,33;-0,33;-0,03;-0,03;-0,08;-0,08;-0,02;-0,02;-0,03;-0,03;-0,01;-0,01;-0,02;-0,02;-0,01;-0,01;0,0;0,0;0,0;0,0;-0,01;-0,01;-0,02;-0,02;-0,04;-0,04
18.08.2026;22:00;22:15;0,0;0,0;0,0;0,0;-0,04;-0,04;-0,21;-0,21;0,0;0,0;-0,01;-0,01;-0,03;-0,03;-0,04;-0,04;-0,09;-0,09;-0,02;-0,02;0,0;0,0;-0,04;-0,04;0,0;0,0;-0,01;-0,01;-0,05;-0,05;-0,13;-0,13;-0,03;-0,03;-0,07;-0,07;-0,01;-0,01;-0,03;-0,03;-0,01;-0,01;-0,02;-0,02;-0,01;-0,01;-0,02;-0,02;-0,01;-0,01;-0,02;-0,02;-0,01;-0,01;-0,04;-0,04
18.08.2026;22:15;22:30;0,0;0,0;-0,01;-0,01;-0,04;-0,04;-0,1;-0,1;-0,01;-0,01;-0,01;-0,01;-0,02;-0,02;-0,02;-0,02;-0,09;-0,09;-0,03;-0,03;-0,02;-0,02;-0,07;-0,07;0,0;0,0;-0,02;-0,02;-0,05;-0,05;-0,15;-0,15;-0,03;-0,03;-0,07;-0,07;-0,02;-0,02;-0,04;-0,04;-0,02;-0,02;-0,12;-0,12;-0,01;-0,01;-0,01;-0,01;0,0;0,0;-0,04;-0,04;-0,01;-0,01;-0,04;-0,04
18.08.2026;22:30;22:45;0,0;0,0;0,0;0,0;-0,04;-0,04;-0,09;-0,09;-0,01;-0,01;-0,01;-0,01;-0,04;-0,04;-0,04;-0,04;-0,45;-0,45;-0,02;-0,02;-0,01;-0,01;-0,02;-0,02;0,0;0,0;0,0;0,0;-0,05;-0,05;-0,25;-0,25;-0,02;-0,02;-0,06;-0,06;-0,01;-0,01;-0,02;-0,02;0,0;0,0;-0,04;-0,04;-0,01;-0,01;-0,01;-0,01;-0,02;-0,02;-0,03;-0,03;-0,01;-0,01;-0,04;-0,04
18.08.2026;22:45;23:00;0,0;0,0;0,0;0,0;-0,02;-0,02;-0,07;-0,07;0,0;0,0;0,0;0,0;-0,04;-0,04;-0,02;-0,02;-0,08;-0,08;-0,02;-0,02;-0,02;-0,02;-0,01;-0,01;0,0;0,0;-0,01;-0,01;-0,06;-0,06;-0,02;-0,02;-0,03;-0,03;-0,06;-0,06;0,0;0,0;-0,03;-0,03;-0,01;-0,01;-0,05;-0,05;-0,01;-0,01;-0,01;-0,01;-0,01;-0,01;-0,06;-0,06;-0,02;-0,02;-0,04;-0,04
18.08.2026;23:00;23:15;0,0;0,0;0,0;0,0;-0,01;-0,01;-0,07;-0,07;-0,01;-0,01;0,0;0,0;-0,02;-0,02;-0,03;-0,03;-0,01;-0,01;-0,02;-0,02;-0,01;-0,01;0,0;0,0;0,0;0,0;-0,01;-0,01;-0,01;-0,01;-0,02;-0,02;-0,03;-0,03;-0,07;-0,07;-0,02;-0,02;-0,02;-0,02;-0,02;-0,02;-0,05;-0,05;-0,01;-0,01;-0,01;-0,01;-0,01;-0,01;-0,05;-0,05;-0,01;-0,01;-0,04;-0,04
18.08.2026;23:15;23:30;0,0;0,0;0,0;0,0;-0,01;-0,01;-0,08;-0,08;0,0;0,0;-0,02;-0,02;-0,04;-0,04;-0,02;-0,02;-0,02;-0,02;-0,01;-0,01;-0,01;-0,01;-0,02;-0,02;0,0;0,0;-0,01;-0,01;-0,01;-0,01;-0,01;-0,01;-0,03;-0,03;-0,08;-0,08;-0,01;-0,01;-0,02;-0,02;0,0;0,0;-0,04;-0,04;-0,01;-0,01;-0,02;-0,02;-0,01;-0,01;-0,07;-0,07;-0,01;-0,01;-0,02;-0,02
18.08.2026;23:30;23:45;0,0;0,0;-0,01;-0,01;-0,02;-0,02;-0,07;-0,07;-0,01;-0,01;-0,01;-0,01;-0,04;-0,04;-0,03;-0,03;-0,02;-0,02;-0,01;-0,01;-0,02;-0,02;-0,01;-0,01;0,0;0,0;-0,01;-0,01;-0,01;-0,01;-0,01;-0,01;-0,03;-0,03;-0,06;-0,06;0,0;0,0;-0,03;-0,03;-0,01;-0,01;-0,04;-0,04;-0,01;-0,01;-0,01;-0,01;-0,02;-0,02;-0,03;-0,03;-0,01;-0,01;-0,02;-0,02
18.08.2026;23:45;00:00;0,0;0,0;0,0;0,0;-0,01;-0,01;-0,07;-0,07;0,0;0,0;-0,02;-0,02;-0,03;-0,03;-0,03;-0,03;-0,01;-0,01;0,0;0,0;0,0;0,0;0,0;0,0;0,0;0,0;0,0;0,0;-0,02;-0,02;-0,01;-0,01;-0,03;-0,03;-0,03;-0,03;-0,02;-0,02;-0,02;-0,02;-0,01;-0,01;-0,02;-0,02;-0,01;-0,01;-0,01;-0,01;-0,01;-0,01;-0,02;-0,02;-0,02;-0,02;-0,02;-0,02
19.08.2026;00:00;00:15;0,0;0,0;0,0;0,0;-0,01;-0,01;-0,06;-0,06;-0,01;-0,01;-0,01;-0,01;-0,03;-0,03;-0,03;-0,03;-0,02;-0,02;-0,01;-0,01;0,0;0,0;-0,02;-0,02;0,0;0,0;-0,02;-0,02;-0,01;-0,01;-0,01;-0,01;-0,03;-0,03;-0,03;-0,03;-0,01;-0,01;-0,02;-0,02;-0,01;-0,01;-0,02;-0,02;-0,01;-0,01;-0,01;-0,01;-0,01;-0,01;-0,02;-0,02;-0,01;-0,01;-0,02;-0,02
19.08.2026;00:15;00:30;0,0;0,0;0,0;0,0;0,0;0,0;-0,07;-0,07;0,0;0,0;-0,01;-0,01;-0,04;-0,04;-0,03;-0,03;-0,02;-0,02;-0,01;-0,01;0,0;0,0;0,0;0,0;0,0;0,0;-0,01;-0,01;0,0;0,0;-0,01;-0,01;-0,02;-0,02;-0,02;-0,02;0,0;0,0;-0,02;-0,02;-0,02;-0,02;-0,03;-0,03;-0,01;-0,01;-0,01;-0,01;-0,01;-0,01;-0,01;-0,01;-0,01;-0,01;-0,02;-0,02
19.08.2026;00:30;00:45;0,0;0,0;-0,01;-0,01;-0,01;-0,01;-0,07;-0,07;-0,01;-0,01;-0,02;-0,02;-0,05;-0,05;-0,04;-0,04;-0,02;-0,02;0,0;0,0;-0,02;-0,02;-0,01;-0,01;0,0;0,0;0,0;0,0;-0,01;-0,01;-0,01;-0,01;-0,03;-0,03;-0,02;-0,02;-0,02;-0,02;-0,03;-0,03;0,0;0,0;-0,02;-0,02;-0,01;-0,01;-0,01;-0,01;-0,01;-0,01;-0,01;-0,01;-0,02;-0,02;-0,01;-0,01
19.08.2026;00:45;01:00;0,0;0,0;0,0;0,0;-0,01;-0,01;-0,06;-0,06;-0,01;-0,01;-0,01;-0,01;-0,06;-0,06;-0,03;-0,03;-0,01;-0,01;-0,01;-0,01;-0,02;-0,02;-0,01;-0,01;0,0;0,0;-0,01;-0,01;-0,01;-0,01;-0,01;-0,01;-0,02;-0,02;-0,02;-0,02;-0,01;-0,01;-0,02;-0,02;-0,01;-0,01;-0,01;-0,01;-0,01;-0,01;-0,02;-0,02;-0,01;-0,01;-0,01;-0,01;-0,01;-0,01;0,0;0,0
19.08.2026;01:00;01:15;0,0;0,0;0,0;0,0;-0,02;-0,02;-0,06;-0,06;0,0;0,0;0,0;0,0;-0,03;-0,03;-0,03;-0,03;-0,03;-0,03;-0,02;-0,02;-0,01;-0,01;-0,01;-0,01;-0,01;-0,01;-0,02;-0,02;-0,01;-0,01;-0,01;-0,01;-0,02;-0,02;0,0;0,0;0,0;0,0;-0,02;-0,02;-0,02;-0,02;-0,01;-0,01;-0,01;-0,01;-0,01;-0,01;-0,02;-0,02;-0,01;-0,01;-0,01;-0,01;0,0;0,0
19.08.2026;01:15;01:30;0,0;0,0;0,0;0,0;-0,01;-0,01;-0,08;-0,08;-0,01;-0,01;0,0;0,0;-0,05;-0,05;-0,01;-0,01;-0,01;-0,01;-0,02;-0,02;-0,02;-0,02;-0,01;-0,01;0,0;0,0;-0,01;-0,01;-0,02;-0,02;-0,01;-0,01;0,0;0,0;-0,01;-0,01;-0,03;-0,03;-0,02;-0,02;0,0;0,0;-0,02;-0,02;-0,01;-0,01;-0,01;-0,01;-0,01;-0,01;-0,01;-0,01;-0,01;-0,01;-0,01;-0,01
19.08.2026;01:30;01:45;0,0;0,0;-0,01;-0,01;0,0;0,0;-0,06;-0,06;0,0;0,0;-0,01;-0,01;-0,04;-0,04;-0,01;-0,01;-0,02;-0,02;-0,02;-0,02;-0,01;-0,01;0,0;0,0;0,0;0,0;0,0;0,0;-0,01;-0,01;-0,01;-0,01;-0,01;-0,01;-0,02;-0,02;0,0;0,0;-0,02;-0,02;-0,01;-0,01;-0,02;-0,02;-0,01;-0,01;-0,01;-0,01;-0,01;-0,01;-0,02;-0,02;-0,01;-0,01;-0,03;-0,03
19.08.2026;01:45;02:00;0,0;0,0;0,0;0,0;-0,01;-0,01;-0,06;-0,06;-0,01;-0,01;-0,01;-0,01;-0,04;-0,04;-0,01;-0,01;-0,02;-0,02;-0,02;-0,02;-0,01;-0,01;-0,01;-0,01;0,0;0,0;-0,01;-0,01;-0,01;-0,01;-0,01;-0,01;0,0;0,0;-0,01;-0,01;-0,01;-0,01;-0,02;-0,02;-0,01;-0,01;-0,02;-0,02;-0,01;-0,01;-0,01;-0,01;-0,01;-0,01;-0,01;-0,01;-0,02;-0,02;-0,02;-0,02
19.08.2026;02:00;02:15;0,0;0,0;0,0;0,0;-0,01;-0,01;-0,06;-0,06;-0,01;-0,01;-0,01;-0,01;-0,04;-0,04;-0,01;-0,01;-0,02;-0,02;-0,01;-0,01;-0,01;-0,01;-0,01;-0,01;0,0;0,0;-0,02;-0,02;0,0;0,0;-0,01;-0,01;0,0;0,0;-0,02;-0,02;-0,02;-0,02;-0,03;-0,03;-0,01;-0,01;-0,02;-0,02;-0,01;-0,01;-0,02;-0,02;-0,02;-0,02;-0,01;-0,01;-0,01;-0,01;-0,02;-0,02
19.08.2026;02:15;02:30;0,0;0,0;0,0;0,0;-0,01;-0,01;-0,06;-0,06;0,0;0,0;-0,02;-0,02;-0,04;-0,04;-0,01;-0,01;-0,02;-0,02;-0,01;-0,01;0,0;0,0;-0,01;-0,01;0,0;0,0;0,0;0,0;-0,02;-0,02;-0,01;-0,01;-0,01;-0,01;-0,03;-0,03;0,0;0,0;-0,02;-0,02;-0,02;-0,02;-0,01;-0,01;-0,01;-0,01;0,0;0,0;-0,01;-0,01;-0,01;-0,01;-0,01;-0,01;-0,02;-0,02
19.08.2026;02:30;02:45;0,0;0,0;0,0;0,0;-0,02;-0,02;-0,06;-0,06;-0,01;-0,01;-0,01;-0,01;-0,05;-0,05;-0,01;-0,01;-0,02;-0,02;-0,01;-0,01;0,0;0,0;-0,01;-0,01;0,0;0,0;-0,01;-0,01;-0,01;-0,01;-0,01;-0,01;-0,02;-0,02;-0,04;-0,04;-0,01;-0,01;-0,02;-0,02;0,0;0,0;-0,01;-0,01;-0,01;-0,01;-0,02;-0,02;-0,01;-0,01;-0,01;-0,01;-0,01;-0,01;-0,02;-0,02
19.08.2026;02:45;03:00;0,0;0,0;-0,01;-0,01;0,0;0,0;-0,06;-0,06;-0,01;-0,01;-0,02;-0,02;-0,04;-0,04;0,0;0,0;-0,02;-0,02;0,0;0,0;-0,02;-0,02;-0,01;-0,01;0,0;0,0;-0,01;-0,01;-0,01;-0,01;-0,01;-0,01;-0,01;-0,01;-0,02;-0,02;-0,02;-0,02;-0,02;-0,02;-0,01;-0,01;-0,02;-0,02;-0,01;-0,01;-0,01;-0,01;-0,01;-0,01;-0,01;-0,01;-0,01;-0,01;-0,02;-0,02
19.08.2026;03:00;03:15;0,0;0,0;0,0;0,0;0,0;0,0;-0,06;-0,06;0,0;0,0;-0,01;-0,01;-0,04;-0,04;-0,01;-0,01;-0,02;-0,02;-0,01;-0,01;-0,01;-0,01;0,0;0,0;0,0;0,0;-0,01;-0,01;-0,01;-0,01;0,0;0,0;-0,01;-0,01;-0,02;-0,02;0,0;0,0;-0,02;-0,02;-0,02;-0,02;-0,02;-0,02;-0,01;-0,01;-0,01;-0,01;-0,02;-0,02;-0,01;-0,01;-0,01;-0,01;-0,02;-0,02
19.08.2026;03:15;03:30;0,0;0,0;0,0;0,0;-0,02;-0,02;-0,06;-0,06;-0,01;-0,01;-0,01;-0,01;-0,04;-0,04;-0,01;-0,01;-0,01;-0,01;-0,01;-0,01;-0,02;-0,02;-0,02;-0,02;0,0;0,0;-0,01;-0,01;-0,01;-0,01;-0,02;-0,02;-0,01;-0,01;-0,02;-0,02;-0,01;-0,01;-0,02;-0,02;0,0;0,0;-0,03;-0,03;-0,01;-0,01;-0,01;-0,01;-0,01;-0,01;-0,01;-0,01;-0,01;-0,01;-0,01;-0,01
19.08.2026;03:30;03:45;0,0;0,0;0,0;0,0;-0,01;-0,01;-0,06;-0,06;0,0;0,0;-0,01;-0,01;-0,04;-0,04;-0,01;-0,01;-0,02;-0,02;0,0;0,0;-0,01;-0,01;0,0;0,0;0,0;0,0;0,0;0,0;-0,01;-0,01;-0,01;-0,01;-0,01;-0,01;-0,01;-0,01;-0,02;-0,02;-0,03;-0,03;-0,01;-0,01;-0,01;-0,01;-0,01;-0,01;-0,02;-0,02;-0,01;-0,01;-0,02;-0,02;-0,01;-0,01;-0,02;-0,02
19.08.2026;03:45;04:00;0,0;0,0;-0,01;-0,01;-0,01;-0,01;-0,08;-0,08;-0,01;-0,01;-0,01;-0,01;-0,04;-0,04;-0,01;-0,01;-0,02;-0,02;-0,02;-0,02;-0,01;-0,01;-0,01;-0,01;0,0;0,0;-0,01;-0,01;-0,01;-0,01;0,0;0,0;-0,01;-0,01;-0,02;-0,02;0,0;0,0;-0,02;-0,02;-0,01;-0,01;-0,02;-0,02;-0,01;-0,01;-0,01;-0,01;-0,02;-0,02;-0,02;-0,02;-0,02;-0,02;-0,01;-0,01
19.08.2026;04:00;04:15;0,0;0,0;0,0;0,0;-0,01;-0,01;-0,07;-0,07;-0,01;-0,01;0,0;0,0;-0,04;-0,04;-0,01;-0,01;-0,02;-0,02;-0,02;-0,02;-0,02;-0,02;-0,01;-0,01;0,0;0,0;-0,02;-0,02;-0,01;-0,01;-0,01;-0,01;0,0;0,0;-0,01;-0,01;-0,01;-0,01;-0,02;-0,02;-0,01;-0,01;-0,01;-0,01;-0,01;-0,01;-0,01;-0,01;-0,01;-0,01;-0,02;-0,02;-0,02;-0,02;-0,01;-0,01
19.08.2026;04:15;04:30;0,0;0,0;0,0;0,0;0,0;0,0;-0,06;-0,06;0,0;0,0;0,0;0,0;-0,04;-0,04;-0,01;-0,01;-0,01;-0,01;-0,02;-0,02;0,0;0,0;-0,01;-0,01;0,0;0,0;-0,01;-0,01;-0,01;-0,01;-0,01;-0,01;-0,01;-0,01;0,0;0,0;-0,02;-0,02;-0,02;-0,02;-0,02;-0,02;-0,01;-0,01;-0,01;-0,01;-0,01;-0,01;-0,01;-0,01;-0,04;-0,04;-0,01;-0,01;-0,02;-0,02
19.08.2026;04:30;04:45;0,0;0,0;0,0;0,0;-0,01;-0,01;-0,07;-0,07;0,0;0,0;-0,01;-0,01;-0,04;-0,04;0,0;0,0;-0,02;-0,02;-0,01;-0,01;0,0;0,0;-0,01;-0,01;0,0;0,0;0,0;0,0;-0,01;-0,01;-0,01;-0,01;0,0;0,0;-0,01;-0,01;0,0;0,0;-0,12;-0,12;0,0;0,0;-0,02;-0,02;-0,01;-0,01;-0,02;-0,02;0,0;0,0;-0,02;-0,02;-0,03;-0,03;-0,01;-0,01
19.08.2026;04:45;05:00;0,0;0,0;0,0;0,0;-0,02;-0,02;-0,11;-0,11;-0,01;-0,01;-0,02;-0,02;-0,04;-0,04;-0,01;-0,01;-0,02;-0,02;-0,02;-0,02;-0,01;-0,01;-0,01;-0,01;0,0;0,0;-0,01;-0,01;-0,02;-0,02;-0,01;-0,01;-0,01;-0,01;-0,02;-0,02;-0,01;-0,01;-0,02;-0,02;-0,01;-0,01;-0,03;-0,03;-0,01;-0,01;-0,01;-0,01;0,0;0,0;-0,03;-0,03;-0,06;-0,06;-0,01;-0,01
19.08.2026;05:00;05:15;0,0;0,0;-0,01;-0,01;-0,01;-0,01;-0,07;-0,07;-0,01;-0,01;-0,01;-0,01;-0,04;-0,04;-0,01;-0,01;-0,01;-0,01;-0,01;-0,01;-0,01;-0,01;0,0;0,0;0,0;0,0;-0,02;-0,02;-0,01;-0,01;-0,01;-0,01;-0,02;-0,02;-0,01;-0,01;-0,02;-0,02;-0,03;-0,03;-0,01;-0,01;-0,02;-0,02;-0,01;-0,01;0,0;0,0;-0,01;-0,01;-0,01;-0,01;-0,01;-0,01;0,0;0,0
19.08.2026;05:15;05:30;0,0;0,0;0,0;0,0;0,0;0,0;-0,08;-0,08;0,0;0,0;-0,02;-0,02;-0,04;-0,04;-0,01;-0,01;-0,02;-0,02;-0,01;-0,01;-0,02;-0,02;-0,02;-0,02;0,0;0,0;0,0;0,0;-0,03;-0,03;-0,01;-0,01;-0,01;-0,01;-0,01;-0,01;0,0;0,0;-0,02;-0,02;-0,01;-0,01;-0,01;-0,01;-0,01;-0,01;-0,02;-0,02;-0,01;-0,01;-0,01;-0,01;-0,01;-0,01;0,0;0,0
19.08.2026;05:30;05:45;0,0;0,0;0,0;0,0;-0,01;-0,01;-0,12;-0,12;-0,01;-0,01;-0,01;-0,01;-0,03;-0,03;-0,01;-0,01;-0,01;-0,01;0,0;0,0;-0,01;-0,01;0,0;0,0;0,0;0,0;-0,01;-0,01;-0,01;-0,01;-0,01;-0,01;-0,01;-0,01;-0,01;-0,01;-0,01;-0,01;-0,02;-0,02;0,0;0,0;-0,01;-0,01;-0,01;-0,01;-0,01;-0,01;-0,02;-0,02;0,0;0,0;-0,01;-0,01;0,0;0,0
19.08.2026;05:45;06:00;0,0;0,0;0,0;0,0;-0,01;-0,01;-0,1;-0,1;0,0;0,0;-0,01;-0,01;-0,03;-0,03;0,0;0,0;-0,03;-0,03;-0,03;-0,03;-0,02;-0,02;-0,01;-0,01;0,0;0,0;0,0;0,0;-0,01;-0,01;-0,01;-0,01;0,0;0,0;-0,01;-0,01;-0,02;-0,02;-0,02;-0,02;-0,02;-0,02;-0,01;-0,01;-0,02;-0,02;-0,01;-0,01;-0,01;-0,01;-0,02;-0,02;-0,02;-0,02;-0,01;-0,01
19.08.2026;06:00;06:15;0,0;0,0;-0,01;-0,01;-0,01;-0,01;-0,08;-0,08;-0,01;-0,01;-0,02;-0,02;-0,04;-0,04;-0,01;-0,01;-0,01;-0,01;-0,11;-0,11;-0,01;-0,01;-0,01;-0,01;-0,01;-0,01;-0,02;-0,02;-0,01;-0,01;-0,01;-0,01;0,0;0,0;-0,01;-0,01;0,0;0,0;-0,03;-0,03;-0,05;-0,05;-0,03;-0,03;-0,02;-0,02;-0,01;-0,01;-0,01;-0,01;-0,01;-0,01;-0,01;-0,01;-0,03;-0,03
19.08.2026;06:15;06:30;0,02;0,02;0,0;0,0;-0,04;-0,04;-0,19;-0,19;-0,01;-0,01;0,0;0,0;-0,04;-0,04;-0,01;-0,01;-0,02;-0,02;-0,02;-0,02;-0,01;-0,01;-0,01;-0,01;0,0;0,0;-0,04;-0,04;-0,02;-0,02;-0,01;-0,01;-0,01;-0,01;-0,01;-0,01;-0,01;-0,01;-0,04;-0,04;-0,02;-0,02;-0,02;-0,02;-0,02;-0,02;-0,02;-0,02;-0,01;-0,01;-0,01;-0,01;-0,01;-0,01;-0,02;-0,02
19.08.2026;06:30;06:45;0,04;0,04;0,0;0,0;-0,06;-0,06;-0,17;-0,17;0,0;0,0;0,0;0,0;-0,02;-0,02;0,0;0,0;-0,02;-0,02;-0,02;-0,02;-0,01;-0,01;-0,02;-0,02;0,0;0,0;0,0;0,0;-0,02;-0,02;-0,01;-0,01;0,0;0,0;-0,02;-0,02;-0,02;-0,02;-0,06;-0,06;-0,03;-0,03;-0,02;-0,02;-0,02;-0,02;-0,01;-0,01;-0,01;-0,01;-0,01;-0,01;-0,01;-0,01;-0,01;-0,01
19.08.2026;06:45;07:00;0,06;0,06;0,0;0,0;-0,01;-0,01;-0,19;-0,19;-0,01;-0,01;-0,01;-0,01;-0,04;-0,04;-0,02;-0,02;-0,03;-0,03;-0,02;-0,02;0,0;0,0;0,0;0,0;0,0;0,0;-0,02;-0,02;-0,05;-0,05;-0,01;-0,01;-0,04;-0,04;0,0;0,0;-0,01;-0,01;-0,06;-0,06;-0,02;-0,02;-0,02;-0,02;-0,01;-0,01;-0,01;-0,01;-0,01;-0,01;-0,02;-0,02;-0,01;-0,01;-0,01;-0,01
19.08.2026;07:00;07:15;0,12;0,11;0,0;0,0;-0,02;-0,02;-0,09;-0,08;0,0;0,0;-0,01;-0,01;-0,13;-0,13;0,0;0,0;-0,04;-0,04;-0,02;-0,02;0,0;0,0;-0,01;-0,01;0,0;0,0;-0,02;-0,02;-0,08;-0,08;-0,01;-0,01;-0,01;-0,01;-0,01;-0,01;0,0;0,0;-0,03;-0,03;-0,01;-0,01;-0,01;-0,01;-0,02;-0,02;-0,01;-0,01;-0,01;-0,01;-0,01;-0,01;-0,07;-0,07;-0,01;-0,01
19.08.2026;07:15;07:30;0,39;0,11;-0,01;0,0;-0,02;-0,01;-0,17;-0,12;-0,01;0,0;-0,01;0,0;-0,05;-0,04;-0,03;-0,02;-0,02;-0,01;-0,01;0,0;-0,02;-0,01;-0,01;0,0;0,0;0,0;-0,01;0,0;-0,01;0,0;-0,01;0,0;-0,02;-0,01;-0,01;0,0;-0,04;-0,03;-0,02;-0,01;-0,01;0,0;-0,01;0,0;0,0;0,0;-0,02;-0,01;-0,01;0,0;-0,01;0,0;-0,01;0,0;0,0;0,0
19.08.2026;07:30;07:45;0,14;0,11;0,0;0,0;0,0;0,0;-0,24;-0,21;-0,01;-0,01;-0,01;-0,01;-0,04;-0,04;-0,03;-0,03;-0,01;-0,01;-0,01;-0,01;-0,01;-0,01;-0,01;-0,01;0,0;0,0;0,0;0,0;-0,01;-0,01;-0,02;-0,02;-0,02;-0,02;-0,02;-0,02;-0,02;-0,02;-0,02;-0,02;-0,01;-0,01;-0,02;-0,02;-0,02;-0,02;-0,01;-0,01;-0,01;-0,01;-0,01;-0,01;-0,01;-0,01;-0,01;-0,01
19.08.2026;07:45;08:00;0,0;0,0;0,0;0,0;-0,01;-0,01;-0,25;-0,25;0,0;0,0;-0,02;-0,02;-0,12;-0,12;-0,02;-0,02;-0,02;-0,02;0,0;0,0;-0,02;-0,02;-0,01;-0,01;0,0;0,0;-0,01;-0,01;-0,01;-0,01;-0,01;-0,01;-0,02;-0,02;-0,02;-0,02;-0,02;-0,02;-0,02;-0,02;-0,01;-0,01;-0,03;-0,03;-0,01;-0,01;0,0;0,0;-0,01;-0,01;-0,02;-0,02;-0,01;-0,01;0,0;0,0
19.08.2026;08:00;08:15;0,02;0,02;0,0;0,0;-0,01;-0,01;-0,12;-0,12;-0,01;-0,01;-0,01;-0,01;-0,09;-0,09;-0,01;-0,01;-0,02;-0,02;0,0;0,0;-0,01;-0,01;-0,01;-0,01;0,0;0,0;-0,02;-0,02;-0,01;-0,01;-0,01;-0,01;-0,02;-0,02;-0,01;-0,01;-0,04;-0,04;-0,02;-0,02;-0,01;-0,01;-0,01;-0,01;0,0;0,0;-0,02;-0,02;-0,01;-0,01;-0,01;-0,01;-0,01;-0,01;-0,01;-0,01
19.08.2026;08:15;08:30;0,58;0,16;-0,01;0,0;-0,01;0,0;-0,08;0,0;-0,01;0,0;-0,01;0,0;-0,04;-0,02;-0,03;-0,01;-0,02;0,0;-0,01;0,0;-0,01;0,0;0,0;0,0;0,0;0,0;-0,04;-0,02;-0,01;0,0;-0,01;0,0;-0,02;0,0;-0,01;0,0;-0,03;-0,01;-0,02;0,0;-0,01;0,0;-0,02;0,0;-0,02;0,0;-0,01;0,0;-0,02;0,0;-0,01;0,0;-0,01;0,0;-0,01;0,0
19.08.2026;08:30;08:45;0,32;0,08;0,0;0,0;-0,01;0,0;-0,07;-0,05;0,0;0,0;-0,02;-0,01;-0,03;-0,02;-0,06;-0,05;-0,01;0,0;0,0;0,0;-0,01;0,0;-0,02;-0,01;0,0;0,0;-0,01;0,0;-0,01;0,0;-0,01;0,0;-0,04;-0,03;-0,01;0,0;-0,02;-0,01;-0,03;-0,02;-0,01;0,0;-0,01;0,0;-0,01;0,0;-0,01;0,0;-0,01;0,0;-0,02;-0,01;-0,01;0,0;-0,02;-0,01
19.08.2026;08:45;09:00;0,58;0,19;0,0;0,0;-0,01;0,0;-0,12;-0,01;0,0;0,0;-0,01;0,0;-0,05;-0,03;-0,05;-0,03;-0,02;0,0;-0,01;0,0;-0,01;0,0;0,0;0,0;0,0;0,0;-0,01;0,0;-0,01;0,0;-0,01;0,0;-0,31;-0,29;-0,01;0,0;-0,03;-0,01;-0,02;0,0;-0,01;0,0;-0,07;-0,05;-0,01;0,0;-0,01;0,0;-0,01;0,0;-0,01;0,0;-0,01;0,0;0,0;0,0
19.08.2026;09:00;09:15;0,68;0,2;0,0;0,0;-0,04;-0,01;-0,11;0,0;-0,01;0,0;0,0;0,0;-0,05;-0,02;-0,05;-0,02;-0,02;0,0;-0,02;0,0;0,0;0,0;-0,01;0,0;0,0;0,0;-0,06;-0,03;-0,01;0,0;-0,01;0,0;-0,16;-0,13;-0,01;0,0;-0,01;0,0;-0,02;0,0;-0,01;0,0;-0,04;-0,01;-0,01;0,0;-0,02;0,0;-0,01;0,0;-0,01;0,0;-0,01;0,0;0,0;0,0
19.08.2026;09:15;09:30;0,76;0,31;0,0;0,0;-0,02;0,0;-0,08;0,0;0,0;0,0;0,0;0,0;-0,03;0,0;-0,03;0,0;-0,01;0,0;-0,01;0,0;0,0;0,0;-0,01;0,0;0,0;0,0;-0,44;-0,38;-0,01;0,0;-0,01;0,0;-0,15;-0,09;-0,02;0,0;0,0;0,0;-0,02;0,0;-0,01;0,0;-0,03;0,0;-0,01;0,0;-0,01;0,0;-0,01;0,0;0,0;0,0;-0,01;0,0;0,0;0,0
19.08.2026;09:30;09:45;1,0;0,36;-0,01;0,0;-0,01;0,0;-0,12;0,0;-0,01;0,0;-0,01;0,0;-0,04;0,0;-0,04;0,0;-0,02;0,0;-0,02;0,0;-0,02;0,0;-0,01;0,0;0,0;0,0;-0,12;-0,05;-0,01;0,0;-0,01;0,0;-0,3;-0,23;0,0;0,0;-0,04;0,0;-0,02;0,0;-0,01;0,0;-0,03;0,0;-0,01;0,0;-0,01;0,0;-0,01;0,0;-0,02;0,0;-0,01;0,0;-0,01;0,0
19.08.2026;09:45;10:00;0,81;0,3;0,0;0,0;-0,02;0,0;-0,08;0,0;-0,01;0,0;-0,01;0,0;-0,04;0,0;-0,02;0,0;-0,01;0,0;-0,02;0,0;-0,02;0,0;-0,01;0,0;0,0;0,0;-0,04;0,0;-0,01;0,0;-0,01;0,0;-0,16;-0,1;-0,01;0,0;-0,01;0,0;-0,02;0,0;-0,01;0,0;-0,01;0,0;-0,01;0,0;-0,01;0,0;-0,02;0,0;-0,01;0,0;-0,02;0,0;-0,02;0,0
19.08.2026;10:00;10:15;1,27;0,8;0,0;0,0;-0,02;0,0;-0,08;0,0;0,0;0,0;-0,01;0,0;-0,04;0,0;-0,03;0,0;-0,02;0,0;-0,01;0,0;-0,01;0,0;-0,02;0,0;0,0;0,0;-0,03;0,0;-0,01;0,0;-0,01;0,0;-0,06;0,0;-0,01;0,0;-0,01;0,0;-0,02;0,0;-0,01;0,0;-0,01;0,0;-0,01;0,0;-0,02;0,0;-0,01;0,0;-0,01;0,0;0,0;0,0;-0,01;0,0
19.08.2026;10:15;10:30;1,26;0,83;0,0;0,0;-0,03;0,0;-0,07;0,0;-0,01;0,0;-0,02;0,0;-0,04;0,0;-0,04;0,0;-0,02;0,0;0,0;0,0;-0,01;0,0;-0,02;0,0;0,0;0,0;-0,02;0,0;-0,01;0,0;-0,01;0,0;-0,01;0,0;-0,02;0,0;-0,02;0,0;-0,02;0,0;0,0;0,0;-0,02;0,0;-0,01;0,0;0,0;0,0;-0,01;0,0;-0,01;0,0;-0,01;0,0;0,0;0,0
19.08.2026;10:30;10:45;1,11;0,65;-0,01;0,0;-0,03;0,0;-0,08;0,0;0,0;0,0;-0,01;0,0;-0,04;0,0;-0,04;0,0;-0,02;0,0;-0,01;0,0;-0,02;0,0;0,0;0,0;0,0;0,0;-0,02;0,0;-0,01;0,0;-0,01;0,0;-0,02;0,0;-0,01;0,0;0,0;0,0;-0,02;0,0;-0,02;0,0;-0,02;0,0;-0,01;0,0;-0,01;0,0;-0,01;0,0;-0,02;0,0;-0,02;0,0;0,0;0,0
19.08.2026;10:45;11:00;1,38;0,72;0,0;0,0;-0,06;0,0;-0,1;0,0;-0,01;0,0;-0,01;0,0;-0,04;0,0;-0,04;0,0;-0,02;0,0;0,0;0,0;-0,01;0,0;-0,01;0,0;0,0;0,0;-0,06;0,0;-0,01;0,0;-0,01;0,0;-0,03;0,0;-0,08;0,0;-0,03;0,0;-0,02;0,0;-0,01;0,0;-0,03;0,0;-0,03;0,0;-0,02;0,0;-0,01;0,0;-0,01;0,0;0,0;0,0;-0,01;0,0
19.08.2026;11:00;11:15;1,47;0,85;0,0;0,0;-0,02;0,0;-0,11;0,0;-0,01;0,0;-0,02;0,0;-0,04;0,0;-0,04;0,0;-0,01;0,0;0,0;0,0;0,0;0,0;-0,01;0,0;-0,01;0,0;-0,03;0,0;-0,02;0,0;-0,01;0,0;-0,02;0,0;-0,13;0,0;-0,03;0,0;-0,02;0,0;0,0;0,0;-0,01;0,0;-0,02;0,0;-0,01;0,0;-0,02;0,0;0,0;0,0;-0,02;0,0;-0,01;0,0
19.08.2026;11:15;11:30;0,49;0,18;0,0;0,0;-0,02;-0,01;-0,25;-0,16;0,0;0,0;-0,01;0,0;-0,04;-0,03;-0,33;-0,32;-0,02;-0,01;-0,01;0,0;-0,02;-0,01;-0,04;-0,03;0,0;0,0;-0,01;0,0;-0,03;-0,02;-0,01;0,0;-0,03;-0,02;-0,43;-0,42;-0,02;-0,01;-0,16;-0,15;-0,02;-0,01;-0,02;-0,01;-0,01;0,0;-0,01;0,0;0,0;0,0;-0,01;0,0;-0,01;0,0;-0,01;0,0
19.08.2026;11:30;11:45;0,0;0,0;-0,01;-0,01;-0,03;-0,03;-0,14;-0,14;-0,01;-0,01;-0,11;-0,11;-0,04;-0,04;-0,23;-0,23;-0,02;-0,02;-0,01;-0,01;-0,02;-0,02;-0,01;-0,01;0,0;0,0;-0,02;-0,02;-0,04;-0,04;-0,01;-0,01;-0,03;-0,03;-0,89;-0,89;-0,02;-0,02;-0,03;-0,03;0,0;0,0;-0,3;-0,3;-0,02;-0,02;-0,01;-0,01;0,0;0,0;-0,02;-0,02;-0,01;-0,01;-0,01;-0,01
19.08.2026;11:45;12:00;0,43;0,14;0,0;0,0;-0,02;-0,01;-0,11;-0,04;-0,01;0,0;-0,03;-0,02;-0,04;-0,03;-0,1;-0,09;-0,01;0,0;-0,02;-0,01;-0,01;0,0;-0,01;0,0;0,0;0,0;-0,03;-0,02;-0,03;-0,02;-0,01;0,0;-0,03;-0,02;-0,71;-0,7;-0,01;0,0;-0,02;-0,01;-0,01;0,0;-0,12;-0,11;-0,01;0,0;-0,02;-0,01;0,0;0,0;0,0;0,0;-0,01;0,0;-0,01;0,0
19.08.2026;12:00;12:15;0,87;0,29;0,0;0,0;-0,03;0,0;-0,07;0,0;0,0;0,0;-0,03;0,0;-0,04;0,0;-0,04;0,0;-0,02;0,0;-0,01;0,0;-0,02;0,0;-0,01;0,0;0,0;0,0;-0,01;0,0;-0,03;0,0;-0,01;0,0;-0,03;0,0;-0,21;-0,14;0,0;0,0;-0,02;0,0;-0,01;0,0;-0,48;-0,41;-0,02;0,0;-0,01;0,0;-0,01;0,0;-0,02;0,0;0,0;0,0;0,0;0,0
19.08.2026;12:15;12:30;1,16;0,4;0,0;0,0;-0,02;0,0;-0,16;0,0;-0,01;0,0;-0,03;0,0;-0,04;0,0;-0,04;0,0;-0,02;0,0;-0,02;0,0;-0,01;0,0;-0,02;0,0;0,0;0,0;-0,01;0,0;-0,04;0,0;-0,01;0,0;-0,04;0,0;-0,13;-0,05;-0,02;0,0;-0,02;0,0;-0,01;0,0;-0,17;-0,09;0,0;0,0;-0,01;0,0;-0,02;0,0;-0,02;0,0;-0,02;0,0;-0,01;0,0
19.08.2026;12:30;12:45;1,13;0,46;0,0;0,0;-0,02;0,0;-0,07;0,0;0,0;0,0;-0,03;0,0;-0,04;0,0;-0,34;-0,26;-0,02;0,0;-0,02;0,0;-0,01;0,0;-0,01;0,0;0,0;0,0;-0,04;0,0;-0,03;0,0;-0,02;0,0;-0,02;0,0;-0,07;0,0;-0,01;0,0;-0,02;0,0;-0,01;0,0;-0,3;-0,22;-0,02;0,0;-0,01;0,0;-0,01;0,0;-0,01;0,0;-0,01;0,0;-0,01;0,0
19.08.2026;12:45;13:00;1,52;0,52;-0,01;0,0;-0,01;0,0;-0,14;0,0;-0,01;0,0;-0,16;-0,03;-0,04;0,0;-0,1;0,0;-0,01;0,0;0,0;0,0;-0,02;0,0;-0,06;0,0;0,0;0,0;-0,02;0,0;-0,04;0,0;-0,02;0,0;-0,02;0,0;-0,13;0,0;-0,01;0,0;-0,02;0,0;-0,01;0,0;-0,27;-0,14;-0,01;0,0;-0,01;0,0;-0,01;0,0;0,0;0,0;-0,03;0,0;-0,01;0,0
19.08.2026;13:00;13:15;1,98;1,0;0,0;0,0;-0,02;0,0;-0,11;0,0;-0,01;0,0;-0,43;-0,23;-0,04;0,0;-0,03;0,0;-0,02;0,0;-0,01;0,0;0,0;0,0;0,0;0,0;0,0;0,0;-0,01;0,0;-0,04;0,0;-0,01;0,0;-0,01;0,0;-0,13;0,0;-0,04;0,0;-0,02;0,0;-0,01;0,0;-0,28;-0,08;-0,01;0,0;-0,01;0,0;-0,01;0,0;-0,01;0,0;-0,02;0,0;-0,01;0,0
19.08.2026;13:15;13:30;2,1;1,1;0,0;0,0;-0,02;0,0;-0,13;0,0;0,0;0,0;-0,15;0,0;-0,04;0,0;-0,03;0,0;-0,02;0,0;0,0;0,0;0,0;0,0;-0,04;0,0;0,0;0,0;-0,01;0,0;-0,05;0,0;-0,02;0,0;-0,01;0,0;-0,13;0,0;-0,02;0,0;-0,02;0,0;-0,01;0,0;-0,28;-0,06;-0,01;0,0;-0,01;0,0;-0,01;0,0;-0,02;0,0;-0,02;0,0;-0,01;0,0
19.08.2026;13:30;13:45;3,06;2,06;0,0;0,0;-0,01;0,0;-0,17;0,0;-0,01;0,0;-0,04;0,0;-0,04;0,0;-0,11;0,0;-0,01;0,0;-0,01;0,0;0,0;0,0;-0,06;0,0;0,0;0,0;-0,02;0,0;-0,04;0,0;-0,01;0,0;-0,02;0,0;-0,12;0,0;-0,02;0,0;-0,02;0,0;-0,01;0,0;-0,23;0,0;-0,01;0,0;-0,02;0,0;-0,01;0,0;0,0;0,0;-0,01;0,0;0,0;0,0
19.08.2026;13:45;14:00;2,78;1,71;-0,01;0,0;-0,02;0,0;-0,07;0,0;0,0;0,0;-0,05;0,0;-0,02;0,0;-0,25;0,0;-0,02;0,0;0,0;0,0;-0,02;0,0;-0,04;0,0;0,0;0,0;-0,01;0,0;-0,04;0,0;-0,01;0,0;-0,01;0,0;-0,12;0,0;-0,04;0,0;-0,04;0,0;-0,01;0,0;-0,23;0,0;-0,01;0,0;-0,01;0,0;-0,01;0,0;-0,01;0,0;-0,02;0,0;0,0;0,0
19.08.2026;14:00;14:15;2,22;1,47;0,0;0,0;-0,03;0,0;-0,09;0,0;-0,01;0,0;-0,04;0,0;-0,04;0,0;-0,02;0,0;-0,02;0,0;0,0;0,0;-0,02;0,0;-0,03;0,0;0,0;0,0;-0,01;0,0;-0,04;0,0;-0,01;0,0;-0,01;0,0;-0,08;0,0;-0,02;0,0;-0,02;0,0;-0,01;0,0;-0,16;0,0;-0,01;0,0;-0,01;0,0;-0,01;0,0;-0,03;0,0;-0,01;0,0;-0,02;0,0
19.08.2026;14:15;14:30;2,88;2,23;0,0;0,0;-0,02;0,0;-0,09;0,0;0,0;0,0;-0,05;0,0;-0,04;0,0;-0,06;0,0;-0,02;0,0;-0,02;0,0;-0,01;0,0;-0,06;0,0;0,0;0,0;-0,01;0,0;-0,05;0,0;-0,01;0,0;-0,01;0,0;-0,02;0,0;-0,03;0,0;-0,02;0,0;0,0;0,0;-0,06;0,0;-0,01;0,0;-0,01;0,0;-0,01;0,0;-0,02;0,0;-0,01;0,0;-0,01;0,0
19.08.2026;14:30;14:45;2,86;2,1;0,0;0,0;-0,02;0,0;-0,1;0,0;-0,01;0,0;-0,04;0,0;-0,03;0,0;-0,02;0,0;-0,01;0,0;-0,02;0,0;-0,01;0,0;-0,03;0,0;0,0;0,0;-0,21;0,0;-0,03;0,0;-0,01;0,0;-0,01;0,0;-0,01;0,0;-0,04;0,0;-0,03;0,0;-0,01;0,0;-0,04;0,0;-0,01;0,0;-0,02;0,0;-0,01;0,0;-0,02;0,0;-0,01;0,0;-0,01;0,0
19.08.2026;14:45;15:00;4,55;3,93;0,0;0,0;-0,02;0,0;-0,07;0,0;0,0;0,0;-0,05;0,0;-0,03;0,0;-0,03;0,0;-0,02;0,0;-0,02;0,0;-0,02;0,0;-0,01;0,0;0,0;0,0;-0,14;0,0;-0,05;0,0;-0,01;0,0;-0,01;0,0;0,0;0,0;-0,02;0,0;-0,02;0,0;-0,01;0,0;-0,03;0,0;-0,01;0,0;-0,01;0,0;-0,01;0,0;0,0;0,0;-0,01;0,0;-0,02;0,0
19.08.2026;15:00;15:15;2,0;1,48;-0,01;0,0;-0,01;0,0;-0,16;0,0;-0,01;0,0;-0,03;0,0;-0,04;0,0;-0,03;0,0;-0,02;0,0;-0,01;0,0;-0,01;0,0;0,0;0,0;0,0;0,0;-0,02;0,0;-0,04;0,0;-0,01;0,0;-0,01;0,0;-0,01;0,0;-0,02;0,0;-0,02;0,0;-0,01;0,0;-0,01;0,0;-0,01;0,0;0,0;0,0;-0,01;0,0;-0,01;0,0;-0,01;0,0;0,0;0,0
19.08.2026;15:15;15:30;0,0;0,0;0,0;0,0;-0,03;-0,03;-0,18;-0,18;-0,01;-0,01;-0,02;-0,02;-0,04;-0,04;-0,03;-0,03;-0,01;-0,01;-0,02;-0,02;0,0;0,0;-0,02;-0,02;0,0;0,0;-0,01;-0,01;-0,08;-0,08;-0,01;-0,01;0,0;0,0;-0,02;-0,02;-0,04;-0,04;-0,02;-0,02;0,0;0,0;-0,01;-0,01;-0,02;-0,02;-0,02;-0,02;-0,02;-0,02;-0,02;-0,02;-0,01;-0,01;0,0;0,0
19.08.2026;15:30;15:45;1,31;0,75;0,0;0,0;-0,11;0,0;-0,09;0,0;0,0;0,0;-0,03;0,0;-0,02;0,0;-0,02;0,0;-0,02;0,0;0,0;0,0;-0,01;0,0;-0,01;0,0;0,0;0,0;0,0;0,0;-0,06;0,0;-0,01;0,0;-0,02;0,0;-0,01;0,0;-0,02;0,0;-0,04;0,0;-0,02;0,0;-0,02;0,0;0,0;0,0;-0,02;0,0;-0,01;0,0;0,0;0,0;-0,01;0,0;-0,01;0,0
19.08.2026;15:45;16:00;1,47;0,9;0,0;0,0;-0,02;0,0;-0,16;0,0;-0,01;0,0;-0,03;0,0;-0,04;0,0;-0,02;0,0;-0,02;0,0;-0,01;0,0;0,0;0,0;-0,02;0,0;0,0;0,0;-0,02;0,0;-0,03;0,0;-0,01;0,0;-0,03;0,0;-0,01;0,0;-0,03;0,0;-0,02;0,0;0,0;0,0;-0,02;0,0;-0,02;0,0;0,0;0,0;-0,01;0,0;-0,01;0,0;-0,02;0,0;-0,01;0,0
19.08.2026;16:00;16:15;2,27;1,61;-0,01;0,0;-0,01;0,0;-0,19;0,0;-0,01;0,0;-0,03;0,0;-0,04;0,0;-0,02;0,0;-0,02;0,0;0,0;0,0;-0,01;0,0;-0,03;0,0;-0,01;0,0;-0,02;0,0;-0,04;0,0;-0,01;0,0;-0,02;0,0;-0,01;0,0;-0,04;0,0;-0,02;0,0;-0,01;0,0;-0,03;0,0;-0,01;0,0;-0,01;0,0;-0,01;0,0;-0,02;0,0;-0,02;0,0;-0,01;0,0
19.08.2026;16:15;16:30;1,89;1,24;0,0;0,0;-0,02;0,0;-0,21;0,0;0,0;0,0;-0,03;0,0;-0,02;0,0;-0,03;0,0;-0,02;0,0;-0,01;0,0;-0,02;0,0;-0,02;0,0;0,0;0,0;0,0;0,0;-0,11;0,0;-0,01;0,0;-0,01;0,0;0,0;0,0;-0,02;0,0;-0,02;0,0;-0,02;0,0;-0,02;0,0;0,0;0,0;-0,02;0,0;-0,01;0,0;-0,01;0,0;0,0;0,0;-0,02;0,0
19.08.2026;16:30;16:45;1,75;0,92;0,0;0,0;-0,25;-0,07;-0,14;0,0;-0,01;0,0;-0,03;0,0;-0,04;0,0;-0,03;0,0;-0,01;0,0;0,0;0,0;-0,01;0,0;-0,01;0,0;0,0;0,0;-0,01;0,0;-0,02;0,0;-0,01;0,0;-0,01;0,0;-0,04;0,0;-0,03;0,0;-0,02;0,0;-0,12;0,0;-0,01;0,0;-0,02;0,0;-0,01;0,0;-0,02;0,0;-0,02;0,0;-0,02;0,0;-0,01;0,0
19.08.2026;16:45;17:00;2,35;1,77;0,0;0,0;-0,06;0,0;-0,09;0,0;-0,01;0,0;-0,02;0,0;-0,04;0,0;-0,01;0,0;-0,02;0,0;-0,01;0,0;-0,02;0,0;-0,03;0,0;0,0;0,0;-0,02;0,0;-0,01;0,0;-0,01;0,0;-0,01;0,0;-0,05;0,0;-0,02;0,0;-0,05;0,0;-0,05;0,0;-0,01;0,0;-0,01;0,0;-0,01;0,0;-0,01;0,0;0,0;0,0;-0,01;0,0;0,0;0,0
19.08.2026;17:00;17:15;0,91;0,27;0,0;0,0;-0,08;-0,03;-0,09;0,0;0,0;0,0;-0,01;0,0;-0,06;-0,01;-0,03;0,0;-0,02;0,0;-0,02;0,0;-0,01;0,0;-0,14;-0,09;0,0;0,0;-0,01;0,0;-0,01;0,0;-0,01;0,0;-0,01;0,0;-0,06;-0,01;-0,02;0,0;-0,04;0,0;-0,34;-0,29;-0,02;0,0;-0,01;0,0;-0,01;0,0;-0,01;0,0;-0,01;0,0;-0,05;0,0;0,0;0,0
19.08.2026;17:15;17:30;1,48;0,5;-0,01;0,0;-0,3;-0,18;-0,08;0,0;-0,01;0,0;-0,02;0,0;-0,12;0,0;-0,03;0,0;-0,01;0,0;-0,02;0,0;-0,01;0,0;-0,34;-0,22;0,0;0,0;0,0;0,0;-0,01;0,0;-0,01;0,0;0,0;0,0;-0,1;0,0;-0,04;0,0;-0,05;0,0;-0,42;-0,3;-0,03;0,0;-0,01;0,0;-0,02;0,0;-0,01;0,0;-0,01;0,0;-0,01;0,0;-0,01;0,0
19.08.2026;17:30;17:45;1,07;0,25;0,0;0,0;-0,2;-0,14;-0,19;0,0;-0,02;0,0;-0,01;0,0;-0,07;-0,01;-0,03;0,0;-0,03;0,0;-0,01;0,0;-0,01;0,0;-0,27;-0,21;0,0;0,0;-0,01;0,0;-0,02;0,0;-0,01;0,0;-0,01;0,0;-0,09;-0,03;-0,02;0,0;-0,21;-0,15;-0,06;0,0;-0,02;0,0;-0,01;0,0;-0,01;0,0;-0,01;0,0;-0,01;0,0;-0,02;0,0;-0,01;0,0
19.08.2026;17:45;18:00;0,65;0,2;0,0;0,0;-0,06;-0,04;-0,23;-0,11;0,0;0,0;-0,01;0,0;-0,05;-0,03;-0,05;-0,03;-0,01;0,0;-0,02;0,0;0,0;0,0;-0,09;-0,07;0,0;0,0;-0,02;0,0;0,0;0,0;-0,01;0,0;-0,01;0,0;-0,09;-0,07;-0,03;-0,01;-0,5;-0,48;-0,04;-0,02;-0,02;0,0;-0,01;0,0;0,0;0,0;-0,02;0,0;-0,01;0,0;-0,01;0,0;-0,04;-0,02
19.08.2026;18:00;18:15;0,37;0,11;0,0;0,0;-0,2;-0,19;-0,1;-0,05;-0,02;-0,01;-0,03;-0,02;-0,06;-0,05;-0,03;-0,02;-0,02;-0,01;-0,01;0,0;0,0;0,0;-0,62;-0,61;0,0;0,0;0,0;0,0;-0,01;0,0;-0,01;0,0;-0,01;0,0;-0,08;-0,07;-0,03;-0,02;-0,53;-0,52;-0,03;-0,02;-0,01;0,0;-0,01;0,0;-0,02;-0,01;0,0;0,0;-0,02;-0,01;-0,01;0,0;-0,08;-0,07
19.08.2026;18:15;18:30;0,27;0,19;-0,01;-0,01;-0,19;-0,19;-0,13;-0,05;-0,01;-0,01;-0,02;-0,02;-0,06;-0,06;-0,02;-0,02;-0,02;-0,02;-0,01;-0,01;-0,02;-0,02;-0,6;-0,6;0,0;0,0;-0,01;-0,01;-0,02;-0,02;-0,01;-0,01;-0,01;-0,01;-0,13;-0,13;-0,03;-0,03;-0,47;-0,47;-0,04;-0,04;-0,02;-0,02;-0,01;-0,01;-0,02;-0,02;0,0;0,0;-0,01;-0,01;-0,05;-0,05;-0,04;-0,04
19.08.2026;18:30;18:45;0,12;0,11;0,0;0,0;-0,03;-0,03;-0,24;-0,23;-0,01;-0,01;-0,03;-0,03;-0,06;-0,06;-0,02;-0,02;-0,01;-0,01;0,0;0,0;-0,02;-0,02;-0,34;-0,34;0,0;0,0;-0,01;-0,01;-0,01;-0,01;0,0;0,0;-0,01;-0,01;-0,08;-0,08;-0,03;-0,03;-0,44;-0,44;-0,02;-0,02;-0,02;-0,02;-0,01;-0,01;0,0;0,0;-0,13;-0,13;-0,02;-0,02;-0,03;-0,03;-0,03;-0,03
19.08.2026;18:45;19:00;0,0;0,0;0,0;0,0;-0,09;-0,09;-0,1;-0,1;-0,01;-0,01;-0,03;-0,03;-0,05;-0,05;-0,02;-0,02;-0,03;-0,03;0,0;0,0;-0,03;-0,03;-0,15;-0,15;0,0;0,0;-0,01;-0,01;-0,02;-0,02;-0,29;-0,29;-0,01;-0,01;-0,08;-0,08;-0,03;-0,03;-0,2;-0,2;-0,02;-0,02;-0,03;-0,03;-0,01;-0,01;-0,01;-0,01;-0,01;-0,01;-0,02;-0,02;-0,05;-0,05;-0,03;-0,03
19.08.2026;19:00;19:15;0,0;0,0;0,0;0,0;-0,03;-0,03;-0,16;-0,16;0,0;0,0;-0,03;-0,03;-0,06;-0,06;-0,02;-0,02;-0,08;-0,08;-0,02;-0,02;-0,03;-0,03;-0,02;-0,02;0,0;0,0;-0,01;-0,01;-0,01;-0,01;-0,27;-0,27;0,0;0,0;-0,09;-0,09;-0,02;-0,02;-0,19;-0,19;-0,03;-0,03;-0,01;-0,01;-0,01;-0,01;-0,02;-0,02;-0,02;-0,02;-0,41;-0,41;-0,32;-0,32;-0,01;-0,01
19.08.2026;19:15;19:30;0,01;0,01;0,0;0,0;-0,03;-0,03;-0,19;-0,19;-0,01;-0,01;-0,01;-0,01;-0,05;-0,05;-0,01;-0,01;-0,08;-0,08;-0,12;-0,12;-0,02;-0,02;-0,03;-0,03;0,0;0,0;-0,01;-0,01;-0,01;-0,01;-0,03;-0,03;-0,01;-0,01;-0,09;-0,09;-0,04;-0,04;-0,11;-0,11;-0,02;-0,02;-0,02;-0,02;-0,01;-0,01;-0,01;-0,01;-0,01;-0,01;-0,34;-0,34;-0,34;-0,34;-0,02;-0,02
19.08.2026;19:30;19:45;0,01;0,01;-0,01;-0,01;-0,05;-0,05;-0,23;-0,23;0,0;0,0;-0,24;-0,24;-0,06;-0,06;-0,01;-0,01;-0,06;-0,06;-0,05;-0,05;-0,02;-0,02;-0,02;-0,02;0,0;0,0;-0,01;-0,01;-0,09;-0,09;-0,04;-0,04;0,0;0,0;-0,08;-0,08;-0,02;-0,02;-0,08;-0,08;-0,04;-0,04;-0,01;-0,01;-0,01;-0,01;-0,01;-0,01;-0,02;-0,02;-0,35;-0,35;-0,05;-0,05;-0,02;-0,02
19.08.2026;19:45;20:00;0,0;0,0;0,0;0,0;-0,05;-0,05;-0,22;-0,22;-0,01;-0,01;-0,33;-0,33;-0,05;-0,05;-0,02;-0,02;-0,46;-0,46;-0,03;-0,03;-0,02;-0,02;-0,02;-0,02;0,0;0,0;-0,01;-0,01;-0,09;-0,09;-0,02;-0,02;-0,02;-0,02;-0,08;-0,08;-0,02;-0,02;-0,05;-0,05;-0,02;-0,02;-0,02;-0,02;-0,02;-0,02;-0,01;-0,01;-0,02;-0,02;-0,08;-0,08;-0,05;-0,05;-0,01;-0,01
19.08.2026;20:00;20:15;0,0;0,0;0,0;0,0;-0,04;-0,04;-0,26;-0,26;0,0;0,0;-0,05;-0,05;-0,05;-0,05;-0,01;-0,01;-0,43;-0,43;-0,03;-0,03;-0,01;-0,01;-0,03;-0,03;0,0;0,0;-0,01;-0,01;-0,03;-0,03;-0,01;-0,01;-0,01;-0,01;-0,09;-0,09;-0,03;-0,03;-0,05;-0,05;-0,02;-0,02;-0,03;-0,03;-0,02;-0,02;-0,02;-0,02;-0,01;-0,01;-0,04;-0,04;-0,23;-0,23;-0,02;-0,02
19.08.2026;20:15;20:30;0,0;0,0;0,0;0,0;-0,05;-0,05;-0,26;-0,26;-0,01;-0,01;-0,03;-0,03;-0,06;-0,06;-0,04;-0,04;-0,27;-0,27;-0,03;-0,03;-0,01;-0,01;-0,03;-0,03;0,0;0,0;-0,02;-0,02;-0,25;-0,25;-0,02;-0,02;0,0;0,0;-0,08;-0,08;-0,02;-0,02;-0,05;-0,05;-0,03;-0,03;-0,02;-0,02;-0,06;-0,06;-0,01;-0,01;-0,02;-0,02;-0,03;-0,03;-0,1;-0,1;-0,06;-0,06
19.08.2026;20:30;20:45;0,0;0,0;-0,01;-0,01;-0,03;-0,03;-0,22;-0,22;-0,01;-0,01;-0,05;-0,05;-0,07;-0,07;-0,03;-0,03;-0,24;-0,24;-0,03;-0,03;0,0;0,0;-0,08;-0,08;0,0;0,0;-0,13;-0,13;-0,16;-0,16;-0,03;-0,03;-0,01;-0,01;-0,07;-0,07;-0,04;-0,04;-0,03;-0,03;-0,03;-0,03;-0,01;-0,01;-0,07;-0,07;0,0;0,0;-0,01;-0,01;-0,03;-0,03;-0,03;-0,03;-0,03;-0,03
19.08.2026;20:45;21:00;0,0;0,0;0,0;0,0;-0,02;-0,02;-0,23;-0,23;0,0;0,0;-0,03;-0,03;-0,08;-0,08;-0,04;-0,04;-0,23;-0,23;-0,01;-0,01;0,0;0,0;-0,03;-0,03;0,0;0,0;-0,16;-0,16;-0,13;-0,13;-0,2;-0,2;0,0;0,0;-0,07;-0,07;-0,02;-0,02;-0,02;-0,02;-0,03;-0,03;-0,02;-0,02;-0,07;-0,07;-0,02;-0,02;-0,02;-0,02;-0,04;-0,04;-0,03;-0,03;-0,02;-0,02
19.08.2026;21:00;21:15;0,0;0,0;0,0;0,0;-0,02;-0,02;-0,11;-0,11;-0,01;-0,01;-0,03;-0,03;-0,07;-0,07;-0,03;-0,03;-0,22;-0,22;-0,02;-0,02;-0,01;-0,01;-0,01;-0,01;-0,01;-0,01;-0,02;-0,02;-0,19;-0,19;-0,28;-0,28;-0,17;-0,17;-0,08;-0,08;-0,03;-0,03;-0,03;-0,03;-0,02;-0,02;-0,01;-0,01;-0,07;-0,07;-0,02;-0,02;-0,02;-0,02;-0,03;-0,03;-0,02;-0,02;-0,03;-0,03
19.08.2026;21:15;21:30;0,0;0,0;0,0;0,0;-0,03;-0,03;-0,1;-0,1;0,0;0,0;-0,03;-0,03;-0,07;-0,07;-0,03;-0,03;-0,21;-0,21;-0,01;-0,01;-0,02;-0,02;-0,02;-0,02;0,0;0,0;-0,02;-0,02;-0,06;-0,06;-0,23;-0,23;-0,02;-0,02;-0,08;-0,08;-0,03;-0,03;-0,05;-0,05;0,0;0,0;-0,03;-0,03;-0,06;-0,06;0,0;0,0;-0,01;-0,01;-0,04;-0,04;-0,04;-0,04;-0,03;-0,03
19.08.2026;21:30;21:45;0,0;0,0;-0,01;-0,01;-0,03;-0,03;-0,08;-0,08;-0,01;-0,01;-0,02;-0,02;-0,08;-0,08;-0,03;-0,03;-0,22;-0,22;-0,02;-0,02;-0,01;-0,01;-0,01;-0,01;0,0;0,0;-0,02;-0,02;-0,06;-0,06;-0,05;-0,05;-0,04;-0,04;-0,08;-0,08;-0,02;-0,02;-0,03;-0,03;-0,02;-0,02;-0,02;-0,02;-0,01;-0,01;-0,01;-0,01;-0,01;-0,01;-0,04;-0,04;-0,03;-0,03;-0,03;-0,03
19.08.2026;21:45;22:00;0,0;0,0;0,0;0,0;-0,03;-0,03;-0,09;-0,09;-0,01;-0,01;-0,03;-0,03;-0,07;-0,07;-0,04;-0,04;-0,05;-0,05;-0,01;-0,01;-0,01;-0,01;-0,02;-0,02;0,0;0,0;0,0;0,0;-0,12;-0,12;-0,35;-0,35;-0,02;-0,02;-0,08;-0,08;-0,03;-0,03;-0,04;-0,04;-0,01;-0,01;-0,02;-0,02;-0,02;-0,02;-0,02;-0,02;-0,02;-0,02;-0,03;-0,03;-0,03;-0,03;-0,03;-0,03
19.08.2026;22:00;22:15;0,0;0,0;0,0;0,0;-0,01;-0,01;-0,12;-0,12;0,0;0,0;-0,03;-0,03;-0,05;-0,05;-0,02;-0,02;-0,12;-0,12;-0,02;-0,02;-0,02;-0,02;-0,01;-0,01;0,0;0,0;-0,01;-0,01;-0,05;-0,05;-0,03;-0,03;-0,01;-0,01;-0,09;-0,09;-0,02;-0,02;-0,05;-0,05;-0,01;-0,01;-0,02;-0,02;-0,01;-0,01;-0,01;-0,01;-0,01;-0,01;-0,03;-0,03;-0,04;-0,04;-0,04;-0,04
19.08.2026;22:15;22:30;0,0;0,0;0,0;0,0;-0,02;-0,02;-0,1;-0,1;-0,01;-0,01;-0,03;-0,03;-0,04;-0,04;-0,09;-0,09;-0,14;-0,14;-0,03;-0,03;-0,01;-0,01;-0,02;-0,02;0,0;0,0;-0,02;-0,02;-0,05;-0,05;-0,03;-0,03;-0,03;-0,03;-0,07;-0,07;-0,01;-0,01;-0,04;-0,04;-0,01;-0,01;-0,06;-0,06;-0,01;-0,01;-0,01;-0,01;-0,02;-0,02;-0,02;-0,02;-0,01;-0,01;-0,03;-0,03
19.08.2026;22:30;22:45;0,0;0,0;0,0;0,0;-0,01;-0,01;-0,08;-0,08;-0,01;-0,01;-0,03;-0,03;-0,03;-0,03;-0,06;-0,06;-0,15;-0,15;-0,03;-0,03;-0,01;-0,01;-0,01;-0,01;0,0;0,0;-0,02;-0,02;-0,04;-0,04;-0,02;-0,02;-0,02;-0,02;-0,19;-0,19;-0,02;-0,02;-0,03;-0,03;-0,01;-0,01;-0,05;-0,05;-0,01;-0,01;-0,01;-0,01;-0,01;-0,01;-0,02;-0,02;-0,01;-0,01;-0,03;-0,03
19.08.2026;22:45;23:00;0,0;0,0;-0,01;-0,01;-0,01;-0,01;-0,12;-0,12;0,0;0,0;-0,03;-0,03;-0,03;-0,03;-0,02;-0,02;-0,12;-0,12;-0,02;-0,02;0,0;0,0;-0,02;-0,02;0,0;0,0;-0,01;-0,01;-0,05;-0,05;-0,03;-0,03;-0,03;-0,03;-0,4;-0,4;-0,01;-0,01;-0,02;-0,02;-0,01;-0,01;-0,04;-0,04;-0,01;-0,01;-0,02;-0,02;-0,01;-0,01;-0,01;-0,01;-0,02;-0,02;-0,03;-0,03
19.08.2026;23:00;23:15;0,0;0,0;0,0;0,0;0,0;0,0;-0,08;-0,08;-0,01;-0,01;-0,02;-0,02;-0,03;-0,03;-0,02;-0,02;-0,13;-0,13;-0,02;-0,02;0,0;0,0;-0,02;-0,02;0,0;0,0;-0,02;-0,02;-0,04;-0,04;-0,03;-0,03;-0,03;-0,03;-0,37;-0,37;0,0;0,0;-0,02;-0,02;-0,01;-0,01;-0,03;-0,03;-0,01;-0,01;-0,03;-0,03;-0,01;-0,01;-0,02;-0,02;0,0;0,0;-0,02;-0,02
19.08.2026;23:15;23:30;0,0;0,0;0,0;0,0;-0,01;-0,01;-0,08;-0,08;0,0;0,0;-0,02;-0,02;-0,04;-0,04;-0,04;-0,04;-0,15;-0,15;-0,01;-0,01;-0,01;-0,01;-0,01;-0,01;0,0;0,0;-0,04;-0,04;-0,05;-0,05;-0,02;-0,02;-0,01;-0,01;-0,2;-0,2;-0,02;-0,02;-0,02;-0,02;0,0;0,0;-0,02;-0,02;-0,01;-0,01;-0,01;-0,01;-0,02;-0,02;-0,03;-0,03;-0,02;-0,02;-0,02;-0,02
19.08.2026;23:30;23:45;0,0;0,0;0,0;0,0;0,0;0,0;-0,07;-0,07;-0,01;-0,01;-0,03;-0,03;-0,02;-0,02;-0,02;-0,02;-0,09;-0,09;0,0;0,0;-0,02;-0,02;-0,01;-0,01;0,0;0,0;-0,02;-0,02;-0,04;-0,04;-0,01;-0,01;0,0;0,0;-0,07;-0,07;-0,01;-0,01;-0,03;-0,03;-0,02;-0,02;-0,01;-0,01;0,0;0,0;-0,01;-0,01;-0,01;-0,01;-0,03;-0,03;-0,01;-0,01;-0,02;-0,02
19.08.2026;23:45;00:00;0,0;0,0;-0,01;-0,01;-0,02;-0,02;-0,16;-0,16;-0,01;-0,01;-0,03;-0,03;-0,03;-0,03;-0,05;-0,05;-0,03;-0,03;0,0;0,0;-0,01;-0,01;-0,02;-0,02;0,0;0,0;-0,01;-0,01;-0,05;-0,05;-0,02;-0,02;-0,01;-0,01;-0,07;-0,07;-0,01;-0,01;-0,02;-0,02;-0,01;-0,01;-0,03;-0,03;-0,01;-0,01;-0,01;-0,01;-0,01;-0,01;-0,01;-0,01;-0,01;-0,01;-0,02;-0,02
20.08.2026;00:00;00:15;0,0;0,0;0,0;0,0;-0,01;-0,01;-0,22;-0,22;0,0;0,0;-0,03;-0,03;-0,04;-0,04;-0,03;-0,03;-0,01;-0,01;-0,01;-0,01;-0,02;-0,02;0,0;0,0;0,0;0,0;0,0;0,0;-0,12;-0,12;-0,01;-0,01;-0,02;-0,02;-0,06;-0,06;-0,01;-0,01;-0,02;-0,02;-0,01;-0,01;-0,03;-0,03;-0,01;-0,01;-0,02;-0,02;-0,01;-0,01;-0,01;-0,01;-0,01;-0,01;0,0;0,0
20.08.2026;00:15;00:30;0,0;0,0;0,0;0,0;-0,02;-0,02;-0,22;-0,22;-0,01;-0,01;-0,03;-0,03;-0,03;-0,03;-0,01;-0,01;-0,02;-0,02;0,0;0,0;-0,01;-0,01;-0,02;-0,02;0,0;0,0;-0,02;-0,02;-0,03;-0,03;-0,01;-0,01;-0,01;-0,01;-0,08;-0,08;-0,01;-0,01;-0,02;-0,02;-0,01;-0,01;-0,01;-0,01;-0,01;-0,01;-0,02;-0,02;-0,02;-0,02;-0,01;-0,01;-0,01;-0,01;-0,02;-0,02
20.08.2026;00:30;00:45;0,0;0,0;0,0;0,0;-0,01;-0,01;-0,07;-0,07;-0,01;-0,01;-0,03;-0,03;-0,04;-0,04;-0,01;-0,01;-0,02;-0,02;-0,01;-0,01;-0,02;-0,02;-0,01;-0,01;0,0;0,0;-0,01;-0,01;-0,03;-0,03;-0,01;-0,01;-0,01;-0,01;-0,07;-0,07;-0,02;-0,02;-0,03;-0,03;0,0;0,0;-0,02;-0,02;-0,01;-0,01;-0,01;-0,01;-0,01;-0,01;-0,02;-0,02;-0,01;-0,01;-0,02;-0,02
20.08.2026;00:45;01:00;0,0;0,0;0,0;0,0;0,0;0,0;-0,07;-0,07;0,0;0,0;-0,03;-0,03;-0,04;-0,04;-0,01;-0,01;-0,02;-0,02;-0,01;-0,01;0,0;0,0;-0,01;-0,01;0,0;0,0;-0,01;-0,01;-0,03;-0,03;-0,01;-0,01;0,0;0,0;-0,08;-0,08;0,0;0,0;-0,02;-0,02;-0,02;-0,02;-0,01;-0,01;-0,01;-0,01;0,0;0,0;0,0;0,0;-0,01;-0,01;-0,02;-0,02;-0,02;-0,02
20.08.2026;01:00;01:15;0,0;0,0;-0,01;-0,01;0,0;0,0;-0,06;-0,06;0,0;0,0;-0,02;-0,02;-0,04;-0,04;-0,01;-0,01;-0,02;-0,02;-0,02;-0,02;0,0;0,0;-0,01;-0,01;0,0;0,0;0,0;0,0;-0,03;-0,03;-0,01;-0,01;-0,01;-0,01;-0,06;-0,06;-0,01;-0,01;-0,02;-0,02;-0,01;-0,01;-0,01;-0,01;-0,01;-0,01;-0,01;-0,01;0,0;0,0;-0,01;-0,01;-0,01;-0,01;-0,02;-0,02
20.08.2026;01:15;01:30;0,0;0,0;0,0;0,0;-0,01;-0,01;-0,06;-0,06;-0,01;-0,01;-0,03;-0,03;-0,06;-0,06;-0,01;-0,01;-0,02;-0,02;-0,02;-0,02;-0,01;-0,01;-0,01;-0,01;0,0;0,0;-0,02;-0,02;-0,03;-0,03;-0,01;-0,01;0,0;0,0;-0,04;-0,04;-0,02;-0,02;-0,02;-0,02;0,0;0,0;-0,03;-0,03;-0,01;-0,01;-0,02;-0,02;-0,01;-0,01;-0,02;-0,02;-0,01;-0,01;-0,02;-0,02
20.08.2026;01:30;01:45;0,0;0,0;0,0;0,0;-0,01;-0,01;-0,06;-0,06;-0,01;-0,01;-0,03;-0,03;-0,04;-0,04;-0,01;-0,01;-0,01;-0,01;-0,01;-0,01;-0,01;-0,01;-0,01;-0,01;0,0;0,0;-0,01;-0,01;-0,03;-0,03;-0,02;-0,02;-0,02;-0,02;-0,05;-0,05;-0,01;-0,01;-0,02;-0,02;-0,01;-0,01;-0,02;-0,02;-0,01;-0,01;-0,01;-0,01;-0,01;-0,01;-0,01;-0,01;-0,01;-0,01;-0,02;-0,02
20.08.2026;01:45;02:00;0,0;0,0;0,0;0,0;-0,01;-0,01;-0,06;-0,06;0,0;0,0;-0,03;-0,03;-0,04;-0,04;-0,01;-0,01;-0,03;-0,03;-0,02;-0,02;-0,01;-0,01;-0,01;-0,01;0,0;0,0;0,0;0,0;-0,04;-0,04;-0,01;-0,01;-0,01;-0,01;-0,02;-0,02;0,0;0,0;-0,02;-0,02;-0,01;-0,01;-0,01;-0,01;-0,01;-0,01;-0,01;-0,01;-0,01;-0,01;-0,01;-0,01;-0,01;-0,01;-0,02;-0,02
20.08.2026;02:00;02:15;0,0;0,0;-0,01;-0,01;-0,02;-0,02;-0,1;-0,1;-0,01;-0,01;-0,01;-0,01;-0,04;-0,04;-0,01;-0,01;-0,01;-0,01;0,0;0,0;-0,02;-0,02;-0,01;-0,01;-0,01;-0,01;-0,01;-0,01;-0,03;-0,03;-0,01;-0,01;0,0;0,0;-0,02;-0,02;-0,02;-0,02;-0,03;-0,03;-0,01;-0,01;-0,02;-0,02;-0,01;-0,01;-0,01;-0,01;-0,01;-0,01;-0,01;-0,01;-0,01;-0,01;-0,02;-0,02
20.08.2026;02:15;02:30;0,0;0,0;0,0;0,0;-0,01;-0,01;-0,11;-0,11;0,0;0,0;-0,01;-0,01;-0,05;-0,05;-0,01;-0,01;-0,02;-0,02;-0,01;-0,01;-0,01;-0,01;-0,01;-0,01;0,0;0,0;-0,02;-0,02;-0,01;-0,01;-0,01;-0,01;0,0;0,0;-0,01;-0,01;-0,01;-0,01;-0,02;-0,02;-0,01;-0,01;-0,01;-0,01;-0,01;-0,01;-0,01;-0,01;-0,01;-0,01;-0,01;-0,01;-0,01;-0,01;-0,02;-0,02
20.08.2026;02:30;02:45;0,0;0,0;0,0;0,0;-0,01;-0,01;-0,06;-0,06;-0,01;-0,01;0,0;0,0;-0,04;-0,04;-0,01;-0,01;-0,02;-0,02;0,0;0,0;-0,02;-0,02;-0,01;-0,01;0,0;0,0;0,0;0,0;-0,02;-0,02;-0,01;-0,01;-0,01;-0,01;-0,01;-0,01;-0,01;-0,01;-0,02;-0,02;-0,01;-0,01;-0,02;-0,02;-0,01;-0,01;-0,02;-0,02;-0,01;-0,01;-0,01;-0,01;-0,01;-0,01;-0,02;-0,02
20.08.2026;02:45;03:00;0,0;0,0;0,0;0,0;0,0;0,0;-0,06;-0,06;-0,01;-0,01;-0,01;-0,01;-0,04;-0,04;-0,05;-0,05;-0,01;-0,01;-0,01;-0,01;-0,01;-0,01;-0,02;-0,02;0,0;0,0;-0,01;-0,01;-0,01;-0,01;-0,01;-0,01;-0,01;-0,01;-0,01;-0,01;-0,01;-0,01;-0,02;-0,02;-0,01;-0,01;-0,03;-0,03;-0,01;-0,01;-0,01;-0,01;-0,01;-0,01;-0,01;-0,01;-0,02;-0,02;-0,02;-0,02
20.08.2026;03:00;03:15;0,0;0,0;0,0;0,0;0,0;0,0;-0,06;-0,06;0,0;0,0;-0,03;-0,03;-0,04;-0,04;-0,05;-0,05;-0,03;-0,03;0,0;0,0;0,0;0,0;0,0;0,0;0,0;0,0;0,0;0,0;-0,01;-0,01;-0,01;-0,01;-0,01;-0,01;-0,01;-0,01;-0,01;-0,01;-0,02;-0,02;-0,01;-0,01;-0,01;-0,01;-0,01;-0,01;-0,01;-0,01;-0,01;-0,01;-0,01;-0,01;0,0;0,0;-0,02;-0,02
20.08.2026;03:15;03:30;0,0;0,0;-0,01;-0,01;-0,01;-0,01;-0,06;-0,06;-0,01;-0,01;-0,03;-0,03;-0,04;-0,04;-0,02;-0,02;-0,01;-0,01;-0,01;-0,01;0,0;0,0;-0,01;-0,01;0,0;0,0;-0,02;-0,02;-0,01;-0,01;-0,02;-0,02;-0,01;-0,01;-0,01;-0,01;-0,01;-0,01;-0,02;-0,02;-0,01;-0,01;-0,01;-0,01;-0,01;-0,01;-0,01;-0,01;-0,01;-0,01;-0,02;-0,02;-0,02;-0,02;-0,01;-0,01
20.08.2026;03:30;03:45;0,0;0,0;0,0;0,0;-0,02;-0,02;-0,06;-0,06;0,0;0,0;-0,03;-0,03;-0,04;-0,04;-0,02;-0,02;-0,02;-0,02;-0,02;-0,02;0,0;0,0;-0,01;-0,01;0,0;0,0;-0,01;-0,01;-0,01;-0,01;-0,01;-0,01;0,0;0,0;-0,01;-0,01;-0,01;-0,01;-0,03;-0,03;-0,01;-0,01;-0,02;-0,02;0,0;0,0;-0,01;-0,01;-0,02;-0,02;-0,01;-0,01;-0,01;-0,01;-0,02;-0,02
20.08.2026;03:45;04:00;0,0;0,0;0,0;0,0;-0,01;-0,01;-0,08;-0,08;-0,01;-0,01;-0,02;-0,02;-0,04;-0,04;-0,02;-0,02;-0,02;-0,02;-0,02;-0,02;-0,02;-0,02;-0,01;-0,01;0,0;0,0;-0,01;-0,01;-0,01;-0,01;-0,01;-0,01;0,0;0,0;-0,01;-0,01;-0,01;-0,01;-0,02;-0,02;-0,01;-0,01;-0,01;-0,01;-0,02;-0,02;-0,02;-0,02;-0,01;-0,01;-0,01;-0,01;-0,01;-0,01;-0,02;-0,02
20.08.2026;04:00;04:15;0,0;0,0;0,0;0,0;-0,01;-0,01;-0,1;-0,1;-0,01;-0,01;-0,03;-0,03;-0,04;-0,04;-0,02;-0,02;-0,01;-0,01;-0,01;-0,01;-0,02;-0,02;-0,01;-0,01;0,0;0,0;-0,01;-0,01;-0,01;-0,01;-0,01;-0,01;-0,01;-0,01;-0,01;-0,01;-0,02;-0,02;-0,02;-0,02;-0,01;-0,01;-0,03;-0,03;-0,01;-0,01;0,0;0,0;-0,01;-0,01;-0,01;-0,01;-0,01;-0,01;-0,02;-0,02
20.08.2026;04:15;04:30;0,0;0,0;-0,01;-0,01;-0,01;-0,01;-0,13;-0,13;0,0;0,0;-0,03;-0,03;-0,04;-0,04;-0,01;-0,01;-0,02;-0,02;-0,02;-0,02;-0,01;-0,01;-0,01;-0,01;0,0;0,0;-0,02;-0,02;-0,01;-0,01;-0,01;-0,01;-0,02;-0,02;-0,02;-0,02;0,0;0,0;-0,02;-0,02;-0,01;-0,01;-0,02;-0,02;0,0;0,0;-0,01;-0,01;-0,01;-0,01;-0,01;-0,01;-0,01;-0,01;-0,02;-0,02
20.08.2026;04:30;04:45;0,0;0,0;0,0;0,0;0,0;0,0;-0,12;-0,12;-0,01;-0,01;-0,03;-0,03;-0,04;-0,04;-0,05;-0,05;-0,02;-0,02;-0,01;-0,01;-0,02;-0,02;-0,01;-0,01;0,0;0,0;0,0;0,0;-0,01;-0,01;-0,01;-0,01;-0,01;-0,01;-0,01;-0,01;-0,01;-0,01;-0,02;-0,02;-0,01;-0,01;-0,01;-0,01;-0,02;-0,02;-0,02;-0,02;-0,01;-0,01;-0,01;-0,01;-0,01;-0,01;-0,02;-0,02
20.08.2026;04:45;05:00;0,0;0,0;0,0;0,0;-0,01;-0,01;-0,12;-0,12;-0,01;-0,01;-0,03;-0,03;-0,04;-0,04;-0,02;-0,02;-0,01;-0,01;0,0;0,0;-0,01;-0,01;-0,01;-0,01;0,0;0,0;-0,01;-0,01;-0,01;-0,01;-0,01;-0,01;0,0;0,0;0,0;0,0;-0,02;-0,02;-0,02;-0,02;-0,01;-0,01;-0,02;-0,02;0,0;0,0;-0,01;-0,01;-0,01;-0,01;-0,01;-0,01;-0,01;-0,01;-0,02;-0,02
20.08.2026;05:00;05:15;0,0;0,0;0,0;0,0;0,0;0,0;-0,06;-0,06;0,0;0,0;-0,02;-0,02;-0,04;-0,04;-0,02;-0,02;-0,03;-0,03;-0,01;-0,01;-0,01;-0,01;-0,01;-0,01;0,0;0,0;0,0;0,0;-0,02;-0,02;-0,02;-0,02;0,0;0,0;-0,01;-0,01;0,0;0,0;-0,03;-0,03;-0,01;-0,01;-0,01;-0,01;-0,01;-0,01;-0,01;-0,01;-0,02;-0,02;-0,01;-0,01;-0,01;-0,01;-0,02;-0,02
20.08.2026;05:15;05:30;0,0;0,0;0,0;0,0;-0,02;-0,02;-0,07;-0,07;-0,01;-0,01;-0,01;-0,01;-0,04;-0,04;-0,02;-0,02;-0,01;-0,01;0,0;0,0;0,0;0,0;-0,01;-0,01;0,0;0,0;-0,05;-0,05;-0,02;-0,02;-0,01;-0,01;-0,01;-0,01;-0,02;-0,02;-0,01;-0,01;-0,02;-0,02;-0,01;-0,01;-0,02;-0,02;-0,02;-0,02;0,0;0,0;-0,01;-0,01;-0,01;-0,01;-0,03;-0,03;-0,02;-0,02
20.08.2026;05:30;05:45;0,0;0,0;-0,01;-0,01;-0,01;-0,01;-0,13;-0,13;0,0;0,0;-0,02;-0,02;-0,04;-0,04;-0,05;-0,05;-0,02;-0,02;-0,01;-0,01;0,0;0,0;-0,02;-0,02;0,0;0,0;-0,01;-0,01;-0,02;-0,02;0,0;0,0;-0,01;-0,01;-0,01;-0,01;-0,02;-0,02;-0,02;-0,02;-0,01;-0,01;-0,02;-0,02;0,0;0,0;-0,02;-0,02;-0,01;-0,01;-0,02;-0,02;-0,02;-0,02;-0,07;-0,07
20.08.2026;05:45;06:00;0,0;0,0;0,0;0,0;-0,02;-0,02;-0,09;-0,09;-0,01;-0,01;-0,03;-0,03;-0,04;-0,04;-0,01;-0,01;-0,02;-0,02;0,0;0,0;-0,01;-0,01;-0,02;-0,02;0,0;0,0;-0,02;-0,02;-0,01;-0,01;-0,02;-0,02;-0,01;-0,01;-0,01;-0,01;0,0;0,0;-0,02;-0,02;-0,01;-0,01;-0,02;-0,02;-0,01;-0,01;-0,02;-0,02;-0,01;-0,01;-0,01;-0,01;-0,03;-0,03;-0,17;-0,17
20.08.2026;06:00;06:15;0,0;0,0;0,0;0,0;-0,01;-0,01;-0,13;-0,13;0,0;0,0;-0,03;-0,03;-0,03;-0,03;-0,03;-0,03;-0,01;-0,01;-0,12;-0,12;-0,02;-0,02;-0,01;-0,01;0,0;0,0;-0,01;-0,01;-0,02;-0,02;-0,01;-0,01;0,0;0,0;-0,01;-0,01;-0,02;-0,02;-0,02;-0,02;-0,05;-0,05;-0,02;-0,02;-0,01;-0,01;-0,01;-0,01;-0,02;-0,02;-0,01;-0,01;-0,1;-0,1;-0,03;-0,03
20.08.2026;06:15;06:30;0,04;0,04;0,0;0,0;-0,02;-0,02;-0,13;-0,13;-0,01;-0,01;-0,03;-0,03;-0,03;-0,03;-0,02;-0,02;-0,02;-0,02;-0,06;-0,06;-0,01;-0,01;-0,01;-0,01;0,0;0,0;-0,02;-0,02;-0,01;-0,01;-0,01;-0,01;-0,01;-0,01;-0,01;-0,01;-0,01;-0,01;-0,02;-0,02;-0,03;-0,03;-0,01;-0,01;-0,01;-0,01;-0,01;-0,01;-0,01;-0,01;0,0;0,0;-0,02;-0,02;-0,02;-0,02
20.08.2026;06:30;06:45;0,0;0,0;-0,01;-0,01;-0,06;-0,06;-0,17;-0,17;0,0;0,0;-0,03;-0,03;-0,04;-0,04;-0,02;-0,02;-0,02;-0,02;-0,03;-0,03;-0,01;-0,01;-0,02;-0,02;0,0;0,0;-0,02;-0,02;-0,01;-0,01;-0,02;-0,02;0,0;0,0;-0,01;-0,01;-0,01;-0,01;-0,08;-0,08;-0,02;-0,02;-0,01;-0,01;-0,01;-0,01;-0,01;-0,01;-0,01;-0,01;-0,02;-0,02;-0,03;-0,03;-0,01;-0,01
20.08.2026;06:45;07:00;0,0;0,0;0,0;0,0;-0,02;-0,02;-0,14;-0,14;-0,01;-0,01;-0,03;-0,03;-0,03;-0,03;-0,02;-0,02;-0,01;-0,01;-0,01;-0,01;-0,02;-0,02;0,0;0,0;0,0;0,0;-0,03;-0,03;-0,01;-0,01;-0,02;-0,02;-0,01;-0,01;-0,01;-0,01;-0,01;-0,01;-0,06;-0,06;-0,01;-0,01;-0,02;-0,02;-0,01;-0,01;-0,01;-0,01;-0,01;-0,01;-0,01;-0,01;-0,02;-0,02;-0,01;-0,01
20.08.2026;07:00;07:15;0,34;0,08;0,0;0,0;-0,1;-0,09;-0,12;-0,09;-0,01;0,0;-0,01;0,0;-0,03;-0,02;-0,02;-0,01;-0,02;-0,01;-0,02;-0,01;-0,01;0,0;-0,02;-0,01;-0,01;0,0;-0,02;-0,01;-0,01;0,0;-0,04;-0,03;-0,01;0,0;-0,02;-0,01;-0,01;0,0;-0,03;-0,02;-0,01;0,0;-0,07;-0,06;-0,01;0,0;-0,01;0,0;-0,02;-0,01;0,0;0,0;-0,01;0,0;0,0;0,0
20.08.2026;07:15;07:30;0,3;0,09;0,0;0,0;-0,01;0,0;-0,12;-0,1;0,0;0,0;-0,01;0,0;-0,11;-0,1;-0,02;-0,01;-0,01;0,0;-0,01;0,0;-0,01;0,0;0,0;0,0;0,0;0,0;-0,01;0,0;-0,01;0,0;-0,13;-0,12;-0,01;0,0;0,0;0,0;-0,01;0,0;-0,12;-0,11;-0,02;-0,01;-0,02;-0,01;-0,03;-0,02;-0,01;0,0;0,0;0,0;-0,02;-0,01;-0,02;-0,01;0,0;0,0
20.08.2026;07:30;07:45;0,33;0,09;-0,01;0,0;-0,01;0,0;-0,13;-0,11;-0,01;0,0;-0,01;0,0;-0,09;-0,08;-0,02;-0,01;-0,03;-0,02;0,0;0,0;0,0;0,0;-0,01;0,0;0,0;0,0;-0,01;0,0;-0,01;0,0;-0,03;-0,02;-0,09;-0,08;-0,01;0,0;-0,02;-0,01;-0,02;-0,01;0,0;0,0;-0,32;-0,31;-0,04;-0,03;-0,02;-0,01;-0,01;0,0;-0,02;-0,01;-0,01;0,0;-0,01;0,0
20.08.2026;07:45;08:00;0,54;0,2;0,0;0,0;-0,02;0,0;-0,08;0,0;0,0;0,0;0,0;0,0;-0,07;-0,05;-0,02;0,0;-0,01;0,0;0,0;0,0;0,0;0,0;-0,01;0,0;0,0;0,0;0,0;0,0;-0,01;0,0;-0,05;-0,03;-0,01;0,0;-0,01;0,0;-0,01;0,0;-0,02;0,0;-0,02;0,0;-0,18;-0,16;-0,05;-0,03;-0,01;0,0;0,0;0,0;-0,02;0,0;-0,01;0,0;0,0;0,0
20.08.2026;08:00;08:15;0,81;0,25;0,0;0,0;-0,02;0,0;-0,15;0,0;-0,01;0,0;0,0;0,0;-0,06;-0,01;-0,02;0,0;-0,02;0,0;-0,01;0,0;-0,01;0,0;-0,01;0,0;0,0;0,0;-0,02;0,0;-0,01;0,0;-0,03;0,0;-0,01;0,0;-0,02;0,0;-0,02;0,0;-0,03;0,0;-0,01;0,0;-0,02;0,0;-0,04;0,0;-0,01;0,0;-0,01;0,0;0,0;0,0;-0,01;0,0;-0,02;0,0
20.08.2026;08:15;08:30;0,94;0,43;0,0;0,0;-0,01;0,0;-0,11;0,0;-0,01;0,0;-0,02;0,0;-0,02;0,0;-0,02;0,0;-0,02;0,0;0,0;0,0;-0,02;0,0;-0,01;0,0;0,0;0,0;-0,01;0,0;-0,01;0,0;0,0;0,0;-0,01;0,0;-0,02;0,0;-0,04;0,0;-0,02;0,0;-0,01;0,0;-0,04;0,0;-0,04;0,0;-0,01;0,0;-0,01;0,0;-0,01;0,0;-0,02;0,0;-0,02;0,0
20.08.2026;08:30;08:45;1,41;0,84;0,0;0,0;-0,01;0,0;-0,13;0,0;0,0;0,0;-0,01;0,0;-0,03;0,0;-0,03;0,0;-0,01;0,0;-0,01;0,0;-0,01;0,0;-0,01;0,0;0,0;0,0;-0,01;0,0;0,0;0,0;-0,02;0,0;-0,1;0,0;-0,01;0,0;-0,02;0,0;-0,02;0,0;-0,01;0,0;-0,04;0,0;-0,04;0,0;-0,01;0,0;-0,01;0,0;-0,01;0,0;0,0;0,0;-0,02;0,0
20.08.2026;08:45;09:00;1,44;0,8;-0,01;0,0;0,0;0,0;-0,11;0,0;-0,01;0,0;-0,01;0,0;-0,03;0,0;-0,01;0,0;-0,02;0,0;-0,01;0,0;-0,02;0,0;-0,01;0,0;0,0;0,0;0,0;0,0;-0,02;0,0;0,0;0,0;-0,01;0,0;0,0;0,0;-0,03;0,0;-0,24;-0,09;-0,01;0,0;-0,06;0,0;-0,04;0,0;-0,02;0,0;-0,01;0,0;-0,01;0,0;-0,02;0,0;-0,02;0,0
20.08.2026;09:00;09:15;1,68;0,86;0,0;0,0;-0,01;0,0;-0,13;0,0;-0,01;0,0;-0,02;0,0;-0,02;0,0;-0,03;0,0;-0,02;0,0;-0,02;0,0;-0,01;0,0;-0,01;0,0;0,0;0,0;-0,02;0,0;-0,01;0,0;-0,03;0,0;-0,01;0,0;-0,01;0,0;-0,03;0,0;-0,42;-0,25;-0,01;0,0;-0,13;0,0;-0,05;0,0;0,0;0,0;-0,01;0,0;-0,02;0,0;-0,02;0,0;-0,02;0,0
20.08.2026;09:15;09:30;1,4;0,53;0,0;0,0;-0,01;0,0;-0,14;0,0;-0,01;0,0;-0,01;0,0;-0,04;0,0;-0,04;0,0;-0,02;0,0;-0,02;0,0;-0,01;0,0;0,0;0,0;0,0;0,0;-0,01;0,0;-0,07;0,0;-0,04;0,0;-0,01;0,0;-0,07;0,0;-0,02;0,0;-0,27;-0,16;-0,01;0,0;-0,31;-0,2;-0,05;0,0;-0,02;0,0;-0,01;0,0;-0,01;0,0;-0,01;0,0;-0,02;0,0
20.08.2026;09:30;09:45;1,9;0,95;0,0;0,0;-0,01;0,0;-0,09;0,0;-0,03;0,0;-0,01;0,0;-0,04;0,0;-0,03;0,0;-0,03;0,0;-0,01;0,0;-0,01;0,0;-0,03;0,0;0,0;0,0;0,0;0,0;-0,01;0,0;-0,06;0,0;-0,01;0,0;-0,06;0,0;-0,03;0,0;-0,29;-0,1;0,0;0,0;-0,24;-0,05;-0,04;0,0;-0,01;0,0;-0,01;0,0;-0,02;0,0;-0,01;0,0;-0,02;0,0
20.08.2026;09:45;10:00;2,5;1,57;-0,01;0,0;-0,01;0,0;-0,09;0,0;-0,02;0,0;-0,02;0,0;-0,05;0,0;-0,01;0,0;-0,03;0,0;-0,02;0,0;0,0;0,0;-0,02;0,0;0,0;0,0;-0,01;0,0;-0,01;0,0;-0,05;0,0;0,0;0,0;-0,22;0,0;-0,03;0,0;-0,04;0,0;-0,01;0,0;-0,18;0,0;-0,04;0,0;-0,01;0,0;-0,01;0,0;0,0;0,0;-0,02;0,0;-0,02;0,0
20.08.2026;10:00;10:15;2,07;1,42;0,0;0,0;-0,02;0,0;-0,09;0,0;-0,01;0,0;-0,01;0,0;-0,03;0,0;-0,03;0,0;-0,06;0,0;-0,01;0,0;0,0;0,0;0,0;0,0;0,0;0,0;-0,02;0,0;-0,01;0,0;-0,05;0,0;-0,02;0,0;-0,11;0,0;-0,02;0,0;-0,02;0,0;-0,01;0,0;-0,04;0,0;-0,04;0,0;-0,01;0,0;-0,01;0,0;-0,01;0,0;0,0;0,0;-0,02;0,0
20.08.2026;10:15;10:30;0,32;0,08;0,0;0,0;0,0;0,0;-0,08;-0,06;-0,01;0,0;-0,01;0,0;-0,05;-0,04;-0,02;-0,01;-0,03;-0,02;0,0;0,0;-0,02;-0,01;-0,01;0,0;0,0;0,0;-0,01;0,0;-0,01;0,0;-0,05;-0,04;-0,02;-0,01;-0,04;-0,03;-0,04;-0,03;-0,03;-0,02;-0,01;0,0;-0,02;-0,01;-0,05;-0,04;-0,01;0,0;-0,01;0,0;-0,01;0,0;-0,02;-0,01;-0,02;-0,01
20.08.2026;10:30;10:45;0,0;0,0;0,0;0,0;-0,01;-0,01;-0,1;-0,1;-0,01;-0,01;-0,01;-0,01;-0,04;-0,04;-0,01;-0,01;-0,05;-0,05;0,0;0,0;-0,01;-0,01;-0,08;-0,08;0,0;0,0;0,0;0,0;-0,01;-0,01;-0,05;-0,05;-0,03;-0,03;-0,09;-0,09;-0,02;-0,02;-0,02;-0,02;-0,01;-0,01;-0,01;-0,01;-0,07;-0,07;-0,02;-0,02;-0,01;-0,01;-0,01;-0,01;-0,01;-0,01;-0,02;-0,02
20.08.2026;10:45;11:00;0,87;0,22;0,0;0,0;-0,07;-0,03;-0,17;-0,01;0,0;0,0;0,0;0,0;-0,04;0,0;-0,03;0,0;-0,03;0,0;-0,01;0,0;-0,02;0,0;-0,01;0,0;0,0;0,0;-0,01;0,0;-0,01;0,0;-0,05;-0,01;-0,03;0,0;-0,14;-0,1;-0,02;0,0;-0,03;0,0;-0,01;0,0;-0,02;0,0;-0,06;-0,02;-0,01;0,0;-0,01;0,0;-0,01;0,0;-0,01;0,0;-0,02;0,0
20.08.2026;11:00;11:15;1,49;0,54;-0,01;0,0;-0,12;0,0;-0,09;0,0;-0,01;0,0;-0,09;0,0;-0,04;0,0;-0,08;0,0;-0,05;0,0;0,0;0,0;-0,01;0,0;-0,01;0,0;0,0;0,0;-0,02;0,0;-0,01;0,0;-0,12;0,0;-0,02;0,0;-0,08;0,0;-0,04;0,0;-0,02;0,0;-0,01;0,0;-0,02;0,0;-0,04;0,0;-0,01;0,0;-0,02;0,0;-0,01;0,0;-0,01;0,0;-0,01;0,0
20.08.2026;11:15;11:30;3,34;2,47;0,0;0,0;-0,02;0,0;-0,14;0,0;-0,01;0,0;-0,03;0,0;-0,05;0,0;-0,19;0,0;-0,05;0,0;-0,01;0,0;-0,01;0,0;-0,04;0,0;0,0;0,0;-0,01;0,0;-0,01;0,0;-0,04;0,0;-0,02;0,0;-0,01;0,0;-0,01;0,0;-0,06;0,0;-0,01;0,0;-0,03;0,0;-0,05;0,0;-0,01;0,0;-0,01;0,0;-0,02;0,0;-0,01;0,0;-0,02;0,0
20.08.2026;11:30;11:45;3,55;2,29;0,0;0,0;-0,13;0,0;-0,07;0,0;-0,01;0,0;-0,03;0,0;-0,04;0,0;-0,51;-0,06;-0,06;0,0;-0,02;0,0;-0,02;0,0;-0,02;0,0;0,0;0,0;0,0;0,0;-0,01;0,0;-0,04;0,0;-0,02;0,0;0,0;0,0;-0,03;0,0;-0,11;0,0;-0,01;0,0;-0,01;0,0;-0,04;0,0;-0,02;0,0;-0,01;0,0;-0,01;0,0;-0,09;0,0;-0,01;0,0
20.08.2026;11:45;12:00;3,46;2,37;0,0;0,0;-0,15;0,0;-0,09;0,0;0,0;0,0;-0,03;0,0;-0,04;0,0;-0,33;0,0;-0,06;0,0;-0,02;0,0;0,0;0,0;0,0;0,0;0,0;0,0;-0,01;0,0;-0,04;0,0;-0,04;0,0;-0,03;0,0;-0,02;0,0;-0,04;0,0;-0,08;0,0;-0,01;0,0;-0,01;0,0;-0,04;0,0;0,0;0,0;-0,01;0,0;-0,01;0,0;-0,02;0,0;-0,01;0,0
20.08.2026;12:00;12:15;3,12;2,24;-0,01;0,0;-0,11;0,0;-0,13;0,0;-0,01;0,0;-0,02;0,0;-0,04;0,0;-0,07;0,0;-0,05;0,0;-0,04;0,0;0,0;0,0;-0,05;0,0;-0,01;0,0;-0,02;0,0;-0,04;0,0;-0,04;0,0;-0,05;0,0;-0,01;0,0;-0,03;0,0;-0,02;0,0;-0,01;0,0;-0,01;0,0;-0,04;0,0;-0,01;0,0;-0,01;0,0;-0,01;0,0;-0,03;0,0;-0,01;0,0
20.08.2026;12:15;12:30;3,51;2,72;0,0;0,0;-0,05;0,0;-0,1;0,0;0,0;0,0;-0,03;0,0;-0,04;0,0;-0,04;0,0;-0,06;0,0;-0,04;0,0;0,0;0,0;-0,04;0,0;0,0;0,0;0,0;0,0;-0,04;0,0;-0,05;0,0;-0,02;0,0;-0,01;0,0;-0,02;0,0;-0,04;0,0;-0,02;0,0;-0,06;0,0;-0,04;0,0;-0,02;0,0;-0,02;0,0;-0,01;0,0;-0,03;0,0;-0,01;0,0
20.08.2026;12:30;12:45;3,29;2,3;0,0;0,0;-0,02;0,0;-0,12;0,0;-0,01;0,0;-0,03;0,0;-0,04;0,0;-0,03;0,0;-0,08;0,0;-0,03;0,0;-0,02;0,0;0,0;0,0;0,0;0,0;-0,01;0,0;-0,29;0,0;-0,05;0,0;-0,02;0,0;0,0;0,0;-0,03;0,0;-0,02;0,0;0,0;0,0;-0,03;0,0;-0,04;0,0;-0,01;0,0;-0,01;0,0;-0,01;0,0;-0,08;0,0;-0,01;0,0
20.08.2026;12:45;13:00;3,53;2,41;0,0;0,0;-0,01;0,0;-0,18;0,0;-0,01;0,0;-0,03;0,0;-0,04;0,0;-0,03;0,0;-0,06;0,0;-0,02;0,0;-0,01;0,0;-0,05;0,0;0,0;0,0;-0,01;0,0;-0,39;0,0;-0,07;0,0;-0,01;0,0;-0,01;0,0;-0,03;0,0;-0,03;0,0;-0,01;0,0;-0,02;0,0;-0,04;0,0;-0,01;0,0;-0,01;0,0;-0,01;0,0;-0,03;0,0;0,0;0,0
20.08.2026;13:00;13:15;2,8;2,04;0,0;0,0;-0,02;0,0;-0,09;0,0;0,0;0,0;-0,03;0,0;-0,04;0,0;-0,02;0,0;-0,07;0,0;-0,02;0,0;-0,02;0,0;-0,07;0,0;0,0;0,0;-0,02;0,0;-0,1;0,0;-0,05;0,0;-0,01;0,0;-0,02;0,0;-0,02;0,0;-0,02;0,0;-0,02;0,0;-0,01;0,0;-0,05;0,0;-0,01;0,0;-0,01;0,0;-0,01;0,0;-0,03;0,0;0,0;0,0
20.08.2026;13:15;13:30;2,34;1,68;-0,01;0,0;-0,02;0,0;-0,1;0,0;0,0;0,0;-0,02;0,0;-0,04;0,0;-0,03;0,0;-0,03;0,0;-0,01;0,0;-0,01;0,0;-0,07;0,0;0,0;0,0;0,0;0,0;-0,05;0,0;-0,06;0,0;-0,02;0,0;-0,02;0,0;-0,01;0,0;-0,02;0,0;0,0;0,0;-0,01;0,0;-0,04;0,0;-0,02;0,0;-0,01;0,0;-0,02;0,0;-0,03;0,0;-0,01;0,0
20.08.2026;13:30;13:45;3,34;2,59;0,0;0,0;-0,02;0,0;-0,09;0,0;-0,01;0,0;-0,02;0,0;-0,04;0,0;-0,02;0,0;-0,03;0,0;-0,02;0,0;-0,02;0,0;-0,07;0,0;0,0;0,0;-0,01;0,0;-0,06;0,0;-0,05;0,0;0,0;0,0;-0,12;0,0;-0,01;0,0;-0,02;0,0;-0,02;0,0;-0,03;0,0;-0,04;0,0;-0,01;0,0;-0,01;0,0;-0,01;0,0;-0,02;0,0;0,0;0,0
20.08.2026;13:45;14:00;3,39;2,61;0,0;0,0;-0,02;0,0;-0,09;0,0;-0,01;0,0;-0,02;0,0;-0,04;0,0;-0,02;0,0;-0,02;0,0;-0,03;0,0;-0,01;0,0;-0,07;0,0;0,0;0,0;-0,01;0,0;-0,07;0,0;-0,05;0,0;0,0;0,0;-0,13;0,0;-0,04;0,0;-0,02;0,0;0,0;0,0;-0,02;0,0;-0,04;0,0;-0,01;0,0;-0,02;0,0;-0,01;0,0;-0,02;0,0;-0,01;0,0
20.08.2026;14:00;14:15;2,42;1,74;0,0;0,0;-0,03;0,0;-0,07;0,0;0,0;0,0;-0,02;0,0;-0,04;0,0;-0,02;0,0;-0,02;0,0;-0,03;0,0;-0,01;0,0;-0,07;0,0;0,0;0,0;-0,01;0,0;-0,06;0,0;-0,06;0,0;-0,01;0,0;-0,04;0,0;-0,03;0,0;-0,03;0,0;-0,01;0,0;-0,01;0,0;-0,05;0,0;-0,01;0,0;-0,01;0,0;-0,01;0,0;-0,01;0,0;-0,02;0,0
20.08.2026;14:15;14:30;0,24;0,18;-0,01;-0,01;-0,02;-0,02;-0,07;-0,01;-0,01;-0,01;-0,03;-0,03;-0,04;-0,04;-0,02;-0,02;-0,01;-0,01;-0,02;-0,02;0,0;0,0;-0,03;-0,03;0,0;0,0;-0,01;-0,01;-0,05;-0,05;-0,05;-0,05;-0,01;-0,01;-0,04;-0,04;-0,02;-0,02;-0,02;-0,02;-0,02;-0,02;-0,01;-0,01;-0,04;-0,04;-0,02;-0,02;0,0;0,0;-0,01;-0,01;-0,01;-0,01;-0,01;-0,01
20.08.2026;14:30;14:45;0,0;0,0;0,0;0,0;-0,03;-0,03;-0,08;-0,08;-0,01;-0,01;-0,03;-0,03;-0,02;-0,02;-0,01;-0,01;-0,01;-0,01;-0,04;-0,04;0,0;0,0;-0,02;-0,02;0,0;0,0;-0,01;-0,01;-0,05;-0,05;-0,05;-0,05;-0,01;-0,01;-0,05;-0,05;-0,03;-0,03;-0,02;-0,02;0,0;0,0;-0,02;-0,02;-0,04;-0,04;-0,01;-0,01;0,0;0,0;-0,01;-0,01;-0,01;-0,01;-0,01;-0,01
20.08.2026;14:45;15:00;1,2;0,63;0,0;0,0;-0,03;0,0;-0,09;0,0;0,0;0,0;-0,02;0,0;-0,04;0,0;-0,02;0,0;-0,02;0,0;-0,05;0,0;-0,01;0,0;0,0;0,0;0,0;0,0;-0,02;0,0;-0,04;0,0;-0,06;0,0;-0,01;0,0;-0,02;0,0;-0,02;0,0;-0,02;0,0;-0,02;0,0;-0,02;0,0;-0,04;0,0;0,0;0,0;0,0;0,0;0,0;0,0;-0,01;0,0;-0,01;0,0
20.08.2026;15:00;15:15;2,01;1,28;0,0;0,0;-0,02;0,0;-0,14;0,0;-0,01;0,0;-0,01;0,0;-0,04;0,0;-0,02;0,0;-0,01;0,0;-0,1;0,0;-0,02;0,0;-0,01;0,0;0,0;0,0;0,0;0,0;-0,05;0,0;-0,08;0,0;-0,01;0,0;-0,01;0,0;-0,02;0,0;-0,02;0,0;-0,01;0,0;-0,01;0,0;-0,05;0,0;-0,02;0,0;-0,01;0,0;-0,04;0,0;-0,02;0,0;0,0;0,0
20.08.2026;15:15;15:30;1,38;0,66;0,0;0,0;-0,03;0,0;-0,22;0,0;-0,01;0,0;-0,02;0,0;-0,04;0,0;-0,02;0,0;-0,02;0,0;-0,04;0,0;-0,01;0,0;-0,02;0,0;0,0;0,0;-0,01;0,0;-0,05;0,0;-0,02;0,0;-0,01;0,0;-0,01;0,0;-0,03;0,0;-0,02;0,0;0,0;0,0;-0,01;0,0;-0,04;0,0;-0,02;0,0;0,0;0,0;-0,03;0,0;-0,04;0,0;0,0;0,0
20.08.2026;15:30;15:45;1,2;0,54;-0,01;0,0;-0,02;0,0;-0,24;0,0;0,0;0,0;-0,01;0,0;-0,02;0,0;-0,02;0,0;-0,02;0,0;-0,07;0,0;-0,02;0,0;-0,01;0,0;0,0;0,0;-0,01;0,0;-0,03;0,0;-0,01;0,0;0,0;0,0;0,0;0,0;-0,02;0,0;-0,02;0,0;-0,02;0,0;-0,01;0,0;-0,04;0,0;0,0;0,0;-0,02;0,0;-0,02;0,0;-0,01;0,0;-0,01;0,0
20.08.2026;15:45;16:00;1,17;0,46;0,0;0,0;-0,14;-0,06;-0,08;0,0;-0,01;0,0;-0,02;0,0;-0,04;0,0;-0,04;0,0;-0,01;0,0;-0,08;0,0;-0,01;0,0;-0,01;0,0;0,0;0,0;-0,02;0,0;-0,03;0,0;-0,02;0,0;-0,02;0,0;-0,02;0,0;-0,04;0,0;-0,02;0,0;-0,01;0,0;-0,03;0,0;-0,05;0,0;-0,01;0,0;-0,02;0,0;0,0;0,0;-0,02;0,0;-0,02;0,0
20.08.2026;16:00;16:15;1,02;0,4;0,0;0,0;-0,01;0,0;-0,11;0,0;0,0;0,0;-0,01;0,0;-0,04;0,0;-0,06;0,0;-0,01;0,0;-0,09;-0,02;-0,01;0,0;0,0;0,0;0,0;0,0;0,0;0,0;-0,04;0,0;-0,01;0,0;-0,14;-0,07;-0,01;0,0;-0,02;0,0;-0,02;0,0;-0,01;0,0;-0,01;0,0;-0,05;0,0;-0,02;0,0;-0,02;0,0;-0,01;0,0;0,0;0,0;-0,01;0,0
20.08.2026;16:15;16:30;0,81;0,29;0,0;0,0;0,0;0,0;-0,08;0,0;-0,01;0,0;-0,01;0,0;-0,02;0,0;-0,02;0,0;-0,02;0,0;-0,08;-0,02;-0,01;0,0;-0,02;0,0;0,0;0,0;-0,01;0,0;-0,03;0,0;-0,01;0,0;-0,02;0,0;-0,01;0,0;-0,02;0,0;-0,02;0,0;-0,02;0,0;-0,01;0,0;-0,08;-0,02;-0,01;0,0;-0,01;0,0;-0,01;0,0;-0,02;0,0;-0,01;0,0
20.08.2026;16:30;16:45;0,67;0,19;-0,01;0,0;-0,01;0,0;-0,16;-0,04;-0,01;0,0;-0,02;0,0;-0,04;-0,02;-0,03;-0,01;-0,01;0,0;-0,08;-0,06;0,0;0,0;0,0;0,0;0,0;0,0;-0,04;-0,02;-0,04;-0,02;-0,01;0,0;-0,01;0,0;-0,02;0,0;-0,04;-0,02;-0,02;0,0;-0,02;0,0;-0,01;0,0;-0,04;-0,02;-0,01;0,0;-0,02;0,0;-0,02;0,0;-0,01;0,0;-0,01;0,0
20.08.2026;16:45;17:00;0,68;0,21;0,0;0,0;-0,05;-0,03;-0,1;0,0;0,0;0,0;-0,01;0,0;-0,04;-0,02;-0,02;0,0;-0,02;0,0;-0,08;-0,06;0,0;0,0;-0,01;0,0;0,0;0,0;-0,04;-0,02;-0,04;-0,02;-0,01;0,0;-0,1;-0,08;-0,05;-0,03;-0,02;0,0;-0,03;-0,01;-0,03;-0,01;-0,02;0,0;-0,04;-0,02;-0,01;0,0;-0,02;0,0;-0,04;-0,02;-0,01;0,0;0,0;0,0
20.08.2026;17:00;17:15;0,95;0,2;0,0;0,0;-0,42;-0,38;-0,27;-0,11;-0,01;0,0;-0,01;0,0;-0,03;0,0;-0,02;0,0;-0,02;0,0;-0,08;-0,04;-0,01;0,0;-0,02;0,0;-0,01;0,0;-0,02;0,0;-0,04;0,0;-0,03;0,0;-0,01;0,0;-0,07;-0,03;-0,02;0,0;-0,04;0,0;-0,04;0,0;-0,02;0,0;-0,04;0,0;-0,02;0,0;-0,01;0,0;-0,03;0,0;-0,02;0,0;0,0;0,0
20.08.2026;17:15;17:30;0,93;0,18;0,0;0,0;-0,33;-0,29;-0,23;-0,1;-0,01;0,0;-0,02;0,0;-0,13;-0,09;-0,02;0,0;-0,02;0,0;-0,07;-0,03;-0,02;0,0;-0,06;-0,02;0,0;0,0;-0,04;0,0;-0,04;0,0;-0,03;0,0;-0,01;0,0;-0,08;-0,04;-0,04;0,0;-0,02;0,0;-0,03;0,0;-0,01;0,0;-0,05;-0,01;-0,01;0,0;-0,02;0,0;-0,02;0,0;-0,01;0,0;-0,01;0,0
20.08.2026;17:30;17:45;0,8;0,15;-0,01;0,0;-0,26;-0,23;-0,2;-0,08;0,0;0,0;-0,01;0,0;-0,05;-0,02;-0,03;0,0;-0,02;0,0;-0,33;-0,3;-0,01;0,0;-0,03;0,0;0,0;0,0;-0,03;0,0;-0,03;0,0;-0,01;0,0;-0,01;0,0;-0,07;-0,04;-0,02;0,0;-0,02;0,0;-0,03;0,0;-0,01;0,0;-0,06;-0,03;-0,01;0,0;-0,02;0,0;-0,03;0,0;-0,17;-0,14;-0,02;0,0
20.08.2026;17:45;18:00;0,62;0,11;0,0;0,0;-0,17;-0,15;-0,18;-0,09;-0,01;0,0;-0,01;0,0;-0,03;-0,01;-0,02;0,0;-0,02;0,0;-0,31;-0,29;-0,02;0,0;-0,23;-0,21;0,0;0,0;-0,03;-0,01;-0,04;-0,02;-0,01;0,0;-0,02;0,0;-0,07;-0,05;-0,03;-0,01;-0,07;-0,05;-0,03;-0,01;-0,01;0,0;-0,07;-0,05;-0,01;0,0;-0,02;0,0;-0,03;-0,01;-0,02;0,0;-0,01;0,0
20.08.2026;18:00;18:15;0,22;0,17;0,0;0,0;-0,02;-0,02;-0,25;-0,2;0,0;0,0;0,0;0,0;-0,05;-0,05;-0,03;-0,03;-0,01;-0,01;-0,25;-0,25;-0,01;-0,01;-0,32;-0,32;0,0;0,0;-0,02;-0,02;-0,03;-0,03;-0,01;-0,01;-0,01;-0,01;-0,06;-0,06;-0,03;-0,03;-0,04;-0,04;-0,03;-0,03;-0,11;-0,11;-0,07;-0,07;-0,01;-0,01;-0,01;-0,01;-0,02;-0,02;-0,01;-0,01;-0,01;-0,01
20.08.2026;18:15;18:30;0,0;0,0;0,0;0,0;-0,02;-0,02;-0,29;-0,29;-0,01;-0,01;-0,01;-0,01;-0,06;-0,06;-0,12;-0,12;-0,02;-0,02;-0,29;-0,29;-0,02;-0,02;-0,29;-0,29;0,0;0,0;-0,03;-0,03;-0,04;-0,04;-0,01;-0,01;-0,02;-0,02;-0,05;-0,05;-0,02;-0,02;-0,06;-0,06;-0,02;-0,02;-0,35;-0,35;-0,08;-0,08;-0,02;-0,02;-0,02;-0,02;-0,01;-0,01;-0,04;-0,04;-0,01;-0,01
20.08.2026;18:30;18:45;0,0;0,0;0,0;0,0;-0,03;-0,03;-0,11;-0,11;-0,01;-0,01;0,0;0,0;-0,07;-0,07;-0,02;-0,02;-0,02;-0,02;-0,24;-0,24;-0,01;-0,01;-0,05;-0,05;0,0;0,0;-0,03;-0,03;-0,03;-0,03;-0,01;-0,01;-0,01;-0,01;-0,06;-0,06;-0,04;-0,04;-0,05;-0,05;-0,03;-0,03;-0,02;-0,02;-0,08;-0,08;-0,01;-0,01;0,0;0,0;-0,01;-0,01;-0,04;-0,04;0,0;0,0
20.08.2026;18:45;19:00;0,09;0,09;-0,01;-0,01;-0,15;-0,15;-0,22;-0,22;0,0;0,0;-0,01;-0,01;-0,04;-0,04;-0,01;-0,01;-0,01;-0,01;-0,05;-0,05;0,0;0,0;-0,03;-0,03;0,0;0,0;-0,05;-0,05;-0,03;-0,03;-0,01;-0,01;-0,01;-0,01;-0,06;-0,06;-0,02;-0,02;-0,04;-0,04;-0,02;-0,02;-0,16;-0,16;-0,08;-0,08;-0,02;-0,02;0,0;0,0;-0,01;-0,01;-0,04;-0,04;0,0;0,0
20.08.2026;19:00;19:15;0,09;0,09;0,0;0,0;-0,1;-0,1;-0,21;-0,21;-0,01;-0,01;-0,02;-0,02;-0,06;-0,06;-0,01;-0,01;-0,03;-0,03;-0,05;-0,05;0,0;0,0;-0,02;-0,02;0,0;0,0;-0,02;-0,02;-0,05;-0,05;-0,01;-0,01;-0,02;-0,02;-0,06;-0,06;-0,03;-0,03;-0,05;-0,05;-0,03;-0,03;-0,02;-0,02;-0,08;-0,08;-0,03;-0,03;-0,01;-0,01;-0,01;-0,01;-0,02;-0,02;-0,01;-0,01
20.08.2026;19:15;19:30;0,04;0,04;0,0;0,0;-0,12;-0,12;-0,29;-0,29;0,0;0,0;-0,01;-0,01;-0,06;-0,06;-0,01;-0,01;-0,01;-0,01;-0,03;-0,03;-0,01;-0,01;-0,02;-0,02;0,0;0,0;-0,03;-0,03;-0,06;-0,06;-0,02;-0,02;-0,01;-0,01;-0,04;-0,04;-0,03;-0,03;-0,03;-0,03;-0,03;-0,03;-0,48;-0,48;-0,09;-0,09;-0,03;-0,03;-0,01;-0,01;-0,03;-0,03;-0,03;-0,03;-0,02;-0,02
20.08.2026;19:30;19:45;0,03;0,03;0,0;0,0;-0,03;-0,03;-0,25;-0,25;-0,01;-0,01;-0,01;-0,01;-0,06;-0,06;-0,01;-0,01;-0,02;-0,02;-0,03;-0,03;-0,03;-0,03;-0,03;-0,03;0,0;0,0;-0,03;-0,03;-0,01;-0,01;-0,03;-0,03;-0,02;-0,02;-0,05;-0,05;-0,02;-0,02;-0,04;-0,04;-0,03;-0,03;-0,02;-0,02;-0,08;-0,08;-0,01;-0,01;-0,01;-0,01;-0,34;-0,34;-0,04;-0,04;-0,02;-0,02
20.08.2026;19:45;20:00;0,02;0,02;-0,01;-0,01;-0,04;-0,04;-0,28;-0,28;0,0;0,0;-0,02;-0,02;-0,05;-0,05;-0,02;-0,02;-0,03;-0,03;-0,04;-0,04;-0,01;-0,01;-0,07;-0,07;0,0;0,0;-0,01;-0,01;-0,01;-0,01;-0,02;-0,02;-0,01;-0,01;-0,05;-0,05;-0,03;-0,03;-0,04;-0,04;-0,03;-0,03;-0,01;-0,01;-0,08;-0,08;-0,02;-0,02;-0,01;-0,01;-0,37;-0,37;-0,06;-0,06;-0,04;-0,04
20.08.2026;20:00;20:15;0,0;0,0;0,0;0,0;-0,04;-0,04;-0,23;-0,23;-0,01;-0,01;-0,01;-0,01;-0,06;-0,06;-0,01;-0,01;-0,04;-0,04;-0,02;-0,02;-0,02;-0,02;-0,05;-0,05;0,0;0,0;-0,01;-0,01;-0,02;-0,02;-0,02;-0,02;-0,01;-0,01;-0,05;-0,05;-0,02;-0,02;-0,04;-0,04;-0,02;-0,02;-0,01;-0,01;-0,08;-0,08;-0,03;-0,03;-0,01;-0,01;-0,05;-0,05;-0,03;-0,03;-0,03;-0,03
20.08.2026;20:15;20:30;0,0;0,0;0,0;0,0;-0,04;-0,04;-0,28;-0,28;-0,01;-0,01;-0,01;-0,01;-0,05;-0,05;-0,02;-0,02;-0,05;-0,05;-0,01;-0,01;-0,01;-0,01;-0,03;-0,03;0,0;0,0;-0,04;-0,04;-0,04;-0,04;-0,24;-0,24;-0,01;-0,01;-0,08;-0,08;-0,02;-0,02;-0,17;-0,17;-0,03;-0,03;-0,02;-0,02;-0,08;-0,08;-0,03;-0,03;-0,26;-0,26;-0,03;-0,03;-0,04;-0,04;-0,06;-0,06
20.08.2026;20:30;20:45;0,0;0,0;0,0;0,0;-0,05;-0,05;-0,26;-0,26;0,0;0,0;-0,02;-0,02;-0,07;-0,07;-0,04;-0,04;-0,06;-0,06;-0,02;-0,02;-0,02;-0,02;-0,03;-0,03;0,0;0,0;-0,03;-0,03;-0,05;-0,05;-0,29;-0,29;-0,01;-0,01;-0,08;-0,08;-0,04;-0,04;-0,08;-0,08;-0,03;-0,03;-0,02;-0,02;-0,08;-0,08;-0,02;-0,02;-0,04;-0,04;-0,03;-0,03;-0,03;-0,03;-0,03;-0,03
20.08.2026;20:45;21:00;0,0;0,0;0,0;0,0;-0,04;-0,04;-0,14;-0,14;-0,01;-0,01;-0,01;-0,01;-0,07;-0,07;-0,04;-0,04;-0,06;-0,06;-0,02;-0,02;-0,01;-0,01;-0,04;-0,04;0,0;0,0;-0,02;-0,02;-0,56;-0,56;-0,17;-0,17;-0,02;-0,02;-0,09;-0,09;-0,02;-0,02;-0,03;-0,03;-0,01;-0,01;-0,01;-0,01;-0,08;-0,08;-0,02;-0,02;-0,14;-0,14;-0,05;-0,05;-0,05;-0,05;-0,02;-0,02
20.08.2026;21:00;21:15;0,0;0,0;-0,01;-0,01;-0,04;-0,04;-0,09;-0,09;0,0;0,0;-0,02;-0,02;-0,07;-0,07;-0,07;-0,07;-0,16;-0,16;-0,03;-0,03;0,0;0,0;-0,02;-0,02;0,0;0,0;-0,03;-0,03;-0,47;-0,47;-0,11;-0,11;-0,01;-0,01;-0,08;-0,08;-0,03;-0,03;-0,04;-0,04;-0,03;-0,03;-0,01;-0,01;-0,09;-0,09;-0,02;-0,02;-0,03;-0,03;-0,06;-0,06;-0,04;-0,04;-0,02;-0,02
20.08.2026;21:15;21:30;0,0;0,0;0,0;0,0;-0,04;-0,04;-0,14;-0,14;-0,01;-0,01;-0,01;-0,01;-0,07;-0,07;-0,06;-0,06;-0,14;-0,14;-0,01;-0,01;0,0;0,0;-0,03;-0,03;0,0;0,0;-0,03;-0,03;-0,09;-0,09;-0,31;-0,31;-0,01;-0,01;-0,08;-0,08;-0,03;-0,03;-0,04;-0,04;-0,03;-0,03;-0,01;-0,01;-0,05;-0,05;-0,03;-0,03;-0,02;-0,02;-0,05;-0,05;-0,04;-0,04;-0,02;-0,02
20.08.2026;21:30;21:45;0,0;0,0;0,0;0,0;-0,04;-0,04;-0,26;-0,26;-0,01;-0,01;0,0;0,0;-0,05;-0,05;-0,04;-0,04;-0,09;-0,09;-0,03;-0,03;-0,01;-0,01;-0,01;-0,01;0,0;0,0;-0,02;-0,02;-0,09;-0,09;-0,02;-0,02;-0,02;-0,02;-0,07;-0,07;-0,02;-0,02;-0,08;-0,08;-0,02;-0,02;-0,03;-0,03;-0,02;-0,02;-0,04;-0,04;-0,01;-0,01;-0,04;-0,04;-0,03;-0,03;-0,04;-0,04
20.08.2026;21:45;22:00;0,0;0,0;0,0;0,0;-0,04;-0,04;-0,24;-0,24;0,0;0,0;0,0;0,0;-0,03;-0,03;-0,04;-0,04;-0,16;-0,16;-0,02;-0,02;-0,01;-0,01;-0,02;-0,02;0,0;0,0;-0,03;-0,03;-0,07;-0,07;-0,04;-0,04;-0,01;-0,01;-0,08;-0,08;-0,04;-0,04;-0,07;-0,07;-0,01;-0,01;-0,02;-0,02;-0,01;-0,01;-0,05;-0,05;-0,02;-0,02;-0,03;-0,03;-0,03;-0,03;-0,03;-0,03
20.08.2026;22:00;22:15;0,0;0,0;-0,01;-0,01;-0,04;-0,04;-0,08;-0,08;-0,01;-0,01;-0,01;-0,01;-0,04;-0,04;-0,04;-0,04;-0,33;-0,33;-0,02;-0,02;-0,02;-0,02;-0,01;-0,01;-0,01;-0,01;-0,06;-0,06;-0,06;-0,06;-0,03;-0,03;-0,01;-0,01;-0,07;-0,07;-0,01;-0,01;-0,07;-0,07;-0,01;-0,01;-0,01;-0,01;-0,02;-0,02;-0,04;-0,04;-0,01;-0,01;-0,04;-0,04;-0,04;-0,04;-0,03;-0,03
20.08.2026;22:15;22:30;0,0;0,0;0,0;0,0;-0,04;-0,04;-0,1;-0,1;-0,01;-0,01;-0,01;-0,01;-0,04;-0,04;-0,04;-0,04;-0,19;-0,19;-0,02;-0,02;-0,01;-0,01;-0,01;-0,01;0,0;0,0;-0,02;-0,02;-0,06;-0,06;-0,03;-0,03;-0,01;-0,01;-0,06;-0,06;-0,01;-0,01;-0,07;-0,07;-0,01;-0,01;0,0;0,0;-0,01;-0,01;-0,04;-0,04;-0,02;-0,02;-0,12;-0,12;-0,02;-0,02;-0,03;-0,03
20.08.2026;22:30;22:45;0,0;0,0;0,0;0,0;-0,04;-0,04;-0,1;-0,1;0,0;0,0;-0,01;-0,01;-0,04;-0,04;-0,03;-0,03;-0,2;-0,2;-0,02;-0,02;-0,01;-0,01;-0,01;-0,01;0,0;0,0;-0,02;-0,02;-0,05;-0,05;-0,03;-0,03;-0,01;-0,01;-0,04;-0,04;-0,02;-0,02;-0,06;-0,06;-0,01;-0,01;-0,02;-0,02;0,0;0,0;-0,04;-0,04;-0,01;-0,01;-0,39;-0,39;-0,02;-0,02;-0,02;-0,02
20.08.2026;22:45;23:00;0,0;0,0;0,0;0,0;-0,03;-0,03;-0,12;-0,12;-0,01;-0,01;-0,02;-0,02;-0,03;-0,03;-0,04;-0,04;-0,1;-0,1;0,0;0,0;-0,02;-0,02;-0,01;-0,01;0,0;0,0;-0,02;-0,02;-0,05;-0,05;-0,03;-0,03;-0,01;-0,01;-0,03;-0,03;0,0;0,0;-0,05;-0,05;-0,01;-0,01;-0,03;-0,03;-0,02;-0,02;-0,02;-0,02;-0,02;-0,02;-0,22;-0,22;-0,02;-0,02;-0,02;-0,02
20.08.2026;23:00;23:15;0,0;0,0;0,0;0,0;-0,01;-0,01;-0,17;-0,17;0,0;0,0;-0,01;-0,01;-0,03;-0,03;-0,03;-0,03;-0,04;-0,04;-0,01;-0,01;-0,01;-0,01;-0,01;-0,01;0,0;0,0;-0,02;-0,02;-0,05;-0,05;-0,03;-0,03;0,0;0,0;-0,04;-0,04;-0,02;-0,02;-0,06;-0,06;-0,01;-0,01;-0,01;-0,01;-0,01;-0,01;-0,01;-0,01;-0,01;-0,01;-0,21;-0,21;-0,01;-0,01;-0,02;-0,02
20.08.2026;23:15;23:30;0,0;0,0;-0,01;-0,01;-0,01;-0,01;-0,24;-0,24;-0,01;-0,01;-0,01;-0,01;-0,04;-0,04;-0,03;-0,03;-0,42;-0,42;0,0;0,0;0,0;0,0;-0,01;-0,01;0,0;0,0;-0,01;-0,01;-0,05;-0,05;-0,01;-0,01;-0,01;-0,01;-0,05;-0,05;-0,01;-0,01;-0,04;-0,04;-0,01;-0,01;-0,01;-0,01;-0,01;-0,01;-0,02;-0,02;-0,01;-0,01;-0,01;-0,01;-0,02;-0,02;-0,03;-0,03
20.08.2026;23:30;23:45;0,0;0,0;0,0;0,0;0,0;0,0;-0,24;-0,24;-0,01;-0,01;-0,02;-0,02;-0,04;-0,04;-0,03;-0,03;-0,03;-0,03;-0,01;-0,01;0,0;0,0;0,0;0,0;0,0;0,0;-0,01;-0,01;-0,04;-0,04;-0,01;-0,01;0,0;0,0;-0,04;-0,04;0,0;0,0;-0,03;-0,03;-0,01;-0,01;-0,01;-0,01;-0,01;-0,01;-0,01;-0,01;-0,01;-0,01;-0,02;-0,02;-0,01;-0,01;-0,02;-0,02
20.08.2026;23:45;00:00;0,0;0,0;0,0;0,0;-0,01;-0,01;-0,22;-0,22;0,0;0,0;-0,01;-0,01;-0,03;-0,03;-0,03;-0,03;-0,04;-0,04;0,0;0,0;-0,01;-0,01;-0,02;-0,02;0,0;0,0;-0,01;-0,01;-0,17;-0,17;-0,01;-0,01;-0,01;-0,01;-0,02;-0,02;-0,02;-0,02;-0,03;-0,03;-0,01;-0,01;-0,02;-0,02;-0,01;-0,01;-0,01;-0,01;-0,02;-0,02;-0,01;-0,01;-0,01;-0,01;-0,02;-0,02
21.08.2026;00:00;00:15;0,0;0,0;0,0;0,0;0,0;0,0;-0,08;-0,08;-0,01;-0,01;-0,01;-0,01;-0,04;-0,04;-0,03;-0,03;-0,04;-0,04;-0,02;-0,02;-0,02;-0,02;0,0;0,0;0,0;0,0;-0,02;-0,02;-0,64;-0,64;-0,02;-0,02;-0,01;-0,01;-0,01;-0,01;-0,01;-0,01;-0,03;-0,03;-0,01;-0,01;-0,02;-0,02;-0,01;-0,01;-0,01;-0,01;-0,01;-0,01;-0,02;-0,02;-0,01;-0,01;-0,01;-0,01
21.08.2026;00:15;00:30;0,0;0,0;-0,01;-0,01;-0,02;-0,02;-0,11;-0,11;-0,01;-0,01;-0,01;-0,01;-0,04;-0,04;-0,03;-0,03;-0,03;-0,03;-0,02;-0,02;-0,01;-0,01;-0,02;-0,02;0,0;0,0;0,0;0,0;-0,35;-0,35;-0,01;-0,01;-0,02;-0,02;-0,02;-0,02;0,0;0,0;-0,02;-0,02;-0,01;-0,01;-0,01;-0,01;-0,01;-0,01;-0,02;-0,02;-0,01;-0,01;-0,01;-0,01;-0,01;-0,01;0,0;0,0
21.08.2026;00:30;00:45;0,0;0,0;0,0;0,0;-0,01;-0,01;-0,21;-0,21;0,0;0,0;-0,01;-0,01;-0,03;-0,03;-0,02;-0,02;-0,01;-0,01;-0,02;-0,02;-0,01;-0,01;0,0;0,0;0,0;0,0;-0,01;-0,01;-0,21;-0,21;-0,01;-0,01;-0,01;-0,01;-0,02;-0,02;-0,03;-0,03;-0,02;-0,02;-0,01;-0,01;-0,01;-0,01;-0,01;-0,01;-0,01;-0,01;-0,01;-0,01;-0,01;-0,01;-0,02;-0,02;-0,01;-0,01
21.08.2026;00:45;01:00;0,0;0,0;0,0;0,0;-0,01;-0,01;-0,22;-0,22;-0,01;-0,01;0,0;0,0;-0,03;-0,03;-0,04;-0,04;-0,02;-0,02;-0,02;-0,02;-0,02;-0,02;-0,01;-0,01;0,0;0,0;-0,01;-0,01;-0,12;-0,12;-0,01;-0,01;-0,01;-0,01;-0,02;-0,02;0,0;0,0;-0,03;-0,03;-0,01;-0,01;-0,02;-0,02;-0,01;-0,01;-0,01;-0,01;-0,02;-0,02;-0,01;-0,01;-0,01;-0,01;0,0;0,0
21.08.2026;01:00;01:15;0,0;0,0;0,0;0,0;-0,02;-0,02;-0,12;-0,12;0,0;0,0;0,0;0,0;-0,04;-0,04;-0,36;-0,36;-0,03;-0,03;-0,01;-0,01;-0,01;-0,01;-0,01;-0,01;0,0;0,0;-0,01;-0,01;-0,06;-0,06;-0,01;-0,01;-0,01;-0,01;-0,01;-0,01;-0,01;-0,01;-0,02;-0,02;-0,01;-0,01;-0,02;-0,02;-0,01;-0,01;-0,01;-0,01;-0,01;-0,01;-0,01;-0,01;-0,01;-0,01;-0,02;-0,02
21.08.2026;01:15;01:30;0,0;0,0;0,0;0,0;-0,01;-0,01;-0,06;-0,06;-0,01;-0,01;-0,02;-0,02;-0,02;-0,02;-0,08;-0,08;-0,02;-0,02;-0,01;-0,01;-0,01;-0,01;-0,01;-0,01;0,0;0,0;-0,01;-0,01;-0,05;-0,05;-0,01;-0,01;-0,02;-0,02;-0,01;-0,01;-0,02;-0,02;-0,02;-0,02;-0,01;-0,01;-0,01;-0,01;-0,01;-0,01;-0,02;-0,02;0,0;0,0;-0,01;-0,01;-0,01;-0,01;-0,01;-0,01
21.08.2026;01:30;01:45;0,0;0,0;-0,01;-0,01;-0,02;-0,02;-0,06;-0,06;0,0;0,0;-0,01;-0,01;-0,04;-0,04;-0,02;-0,02;-0,01;-0,01;-0,01;-0,01;0,0;0,0;-0,01;-0,01;0,0;0,0;-0,01;-0,01;-0,05;-0,05;-0,01;-0,01;-0,01;-0,01;-0,01;-0,01;0,0;0,0;-0,02;-0,02;-0,01;-0,01;-0,01;-0,01;-0,01;-0,01;0,0;0,0;0,0;0,0;-0,01;-0,01;-0,02;-0,02;-0,02;-0,02
21.08.2026;01:45;02:00;0,0;0,0;0,0;0,0;-0,01;-0,01;-0,06;-0,06;-0,01;-0,01;-0,01;-0,01;-0,04;-0,04;-0,03;-0,03;-0,04;-0,04;-0,01;-0,01;0,0;0,0;-0,01;-0,01;0,0;0,0;0,0;0,0;-0,04;-0,04;-0,01;-0,01;-0,02;-0,02;-0,01;-0,01;-0,02;-0,02;-0,02;-0,02;-0,01;-0,01;-0,01;-0,01;-0,01;-0,01;-0,01;-0,01;0,0;0,0;-0,01;-0,01;-0,01;-0,01;0,0;0,0
21.08.2026;02:00;02:15;0,0;0,0;0,0;0,0;-0,02;-0,02;-0,07;-0,07;0,0;0,0;-0,02;-0,02;-0,02;-0,02;-0,16;-0,16;-0,02;-0,02;0,0;0,0;-0,01;-0,01;-0,01;-0,01;0,0;0,0;-0,02;-0,02;-0,05;-0,05;-0,01;-0,01;-0,01;-0,01;-0,01;-0,01;-0,01;-0,01;-0,02;-0,02;-0,01;-0,01;-0,02;-0,02;-0,01;-0,01;-0,02;-0,02;-0,02;-0,02;-0,02;-0,02;-0,01;-0,01;0,0;0,0
21.08.2026;02:15;02:30;0,0;0,0;0,0;0,0;-0,01;-0,01;-0,06;-0,06;-0,01;-0,01;-0,01;-0,01;-0,04;-0,04;-0,18;-0,18;-0,01;-0,01;-0,01;-0,01;-0,02;-0,02;-0,01;-0,01;0,0;0,0;-0,01;-0,01;-0,05;-0,05;-0,01;-0,01;-0,01;-0,01;-0,02;-0,02;0,0;0,0;-0,03;-0,03;0,0;0,0;-0,02;-0,02;-0,01;-0,01;-0,01;-0,01;-0,01;-0,01;-0,01;-0,01;-0,01;-0,01;-0,01;-0,01
21.08.2026;02:30;02:45;0,0;0,0;-0,01;-0,01;0,0;0,0;-0,06;-0,06;-0,01;-0,01;-0,02;-0,02;-0,04;-0,04;-0,02;-0,02;-0,03;-0,03;-0,01;-0,01;-0,01;-0,01;0,0;0,0;0,0;0,0;-0,01;-0,01;-0,1;-0,1;-0,01;-0,01;-0,01;-0,01;-0,01;-0,01;-0,02;-0,02;-0,02;-0,02;-0,01;-0,01;-0,01;-0,01;-0,01;-0,01;-0,01;-0,01;-0,01;-0,01;-0,01;-0,01;-0,01;-0,01;0,0;0,0
21.08.2026;02:45;03:00;0,0;0,0;0,0;0,0;-0,01;-0,01;-0,06;-0,06;0,0;0,0;-0,01;-0,01;-0,05;-0,05;-0,01;-0,01;-0,03;-0,03;-0,01;-0,01;-0,02;-0,02;-0,02;-0,02;0,0;0,0;0,0;0,0;-0,01;-0,01;-0,01;-0,01;-0,01;-0,01;-0,01;-0,01;-0,01;-0,01;-0,02;-0,02;-0,02;-0,02;-0,01;-0,01;-0,01;-0,01;-0,01;-0,01;-0,01;-0,01;-0,01;-0,01;-0,02;-0,02;-0,02;-0,02
21.08.2026;03:00;03:15;0,0;0,0;0,0;0,0;0,0;0,0;-0,06;-0,06;-0,01;-0,01;-0,01;-0,01;-0,05;-0,05;-0,01;-0,01;-0,01;-0,01;-0,02;-0,02;-0,01;-0,01;0,0;0,0;-0,01;-0,01;-0,02;-0,02;-0,01;-0,01;-0,01;-0,01;-0,02;-0,02;-0,01;-0,01;0,0;0,0;-0,02;-0,02;0,0;0,0;-0,02;-0,02;0,0;0,0;-0,01;-0,01;-0,01;-0,01;-0,01;-0,01;0,0;0,0;-0,01;-0,01
21.08.2026;03:15;03:30;0,0;0,0;0,0;0,0;0,0;0,0;-0,06;-0,06;-0,01;-0,01;0,0;0,0;-0,04;-0,04;-0,02;-0,02;-0,02;-0,02;-0,02;-0,02;-0,01;-0,01;-0,01;-0,01;0,0;0,0;-0,01;-0,01;-0,01;-0,01;-0,01;-0,01;-0,01;-0,01;-0,02;-0,02;-0,02;-0,02;-0,02;-0,02;-0,01;-0,01;-0,02;-0,02;-0,02;-0,02;-0,01;-0,01;-0,01;-0,01;-0,01;-0,01;-0,02;-0,02;-0,02;-0,02
21.08.2026;03:30;03:45;0,0;0,0;-0,01;-0,01;-0,02;-0,02;-0,06;-0,06;0,0;0,0;-0,01;-0,01;-0,04;-0,04;0,0;0,0;-0,03;-0,03;-0,02;-0,02;-0,01;-0,01;-0,01;-0,01;0,0;0,0;-0,01;-0,01;-0,01;-0,01;-0,01;-0,01;-0,01;-0,01;-0,01;-0,01;-0,01;-0,01;-0,02;-0,02;-0,02;-0,02;-0,02;-0,02;-0,01;-0,01;-0,01;-0,01;-0,01;-0,01;-0,01;-0,01;-0,01;-0,01;0,0;0,0
21.08.2026;03:45;04:00;0,0;0,0;0,0;0,0;-0,01;-0,01;-0,06;-0,06;-0,01;-0,01;0,0;0,0;-0,04;-0,04;-0,02;-0,02;-0,01;-0,01;-0,02;-0,02;0,0;0,0;-0,01;-0,01;0,0;0,0;0,0;0,0;-0,01;-0,01;-0,01;-0,01;-0,01;-0,01;-0,01;-0,01;-0,01;-0,01;-0,03;-0,03;0,0;0,0;0,0;0,0;0,0;0,0;-0,02;-0,02;-0,01;-0,01;-0,01;-0,01;-0,01;-0,01;0,0;0,0
21.08.2026;04:00;04:15;0,0;0,0;0,0;0,0;-0,01;-0,01;-0,06;-0,06;0,0;0,0;-0,01;-0,01;-0,05;-0,05;-0,01;-0,01;-0,02;-0,02;-0,01;-0,01;0,0;0,0;-0,01;-0,01;0,0;0,0;-0,02;-0,02;-0,01;-0,01;-0,02;-0,02;0,0;0,0;-0,04;-0,04;-0,02;-0,02;-0,02;-0,02;-0,01;-0,01;-0,01;-0,01;-0,02;-0,02;-0,01;-0,01;-0,01;-0,01;-0,02;-0,02;-0,01;-0,01;-0,01;-0,01
21.08.2026;04:15;04:30;0,0;0,0;0,0;0,0;-0,02;-0,02;-0,06;-0,06;-0,01;-0,01;-0,02;-0,02;-0,04;-0,04;-0,01;-0,01;-0,04;-0,04;0,0;0,0;-0,02;-0,02;0,0;0,0;0,0;0,0;-0,01;-0,01;-0,01;-0,01;0,0;0,0;0,0;0,0;-0,05;-0,05;0,0;0,0;-0,02;-0,02;-0,01;-0,01;-0,02;-0,02;0,0;0,0;-0,01;-0,01;-0,02;-0,02;-0,01;-0,01;-0,02;-0,02;-0,01;-0,01
21.08.2026;04:30;04:45;0,0;0,0;0,0;0,0;-0,01;-0,01;-0,07;-0,07;-0,01;-0,01;-0,01;-0,01;-0,04;-0,04;-0,01;-0,01;-0,01;-0,01;-0,01;-0,01;-0,01;-0,01;-0,02;-0,02;0,0;0,0;-0,01;-0,01;-0,01;-0,01;-0,01;-0,01;-0,01;-0,01;-0,02;-0,02;-0,01;-0,01;-0,02;-0,02;-0,01;-0,01;-0,03;-0,03;-0,01;-0,01;-0,01;-0,01;-0,01;-0,01;-0,01;-0,01;-0,02;-0,02;-0,01;-0,01
21.08.2026;04:45;05:00;0,0;0,0;-0,01;-0,01;-0,02;-0,02;-0,11;-0,11;0,0;0,0;-0,01;-0,01;-0,04;-0,04;-0,01;-0,01;-0,02;-0,02;0,0;0,0;-0,02;-0,02;0,0;0,0;0,0;0,0;0,0;0,0;-0,01;-0,01;-0,02;-0,02;-0,02;-0,02;-0,01;-0,01;-0,02;-0,02;-0,02;-0,02;-0,01;-0,01;-0,01;-0,01;-0,02;-0,02;-0,01;-0,01;-0,01;-0,01;-0,01;-0,01;-0,07;-0,07;-0,02;-0,02
21.08.2026;05:00;05:15;0,0;0,0;0,0;0,0;0,0;0,0;-0,07;-0,07;-0,01;-0,01;-0,02;-0,02;-0,04;-0,04;-0,01;-0,01;-0,03;-0,03;-0,01;-0,01;-0,01;-0,01;-0,01;-0,01;0,0;0,0;-0,02;-0,02;-0,16;-0,16;0,0;0,0;-0,01;-0,01;-0,02;-0,02;0,0;0,0;-0,02;-0,02;-0,01;-0,01;-0,01;-0,01;0,0;0,0;-0,01;-0,01;-0,01;-0,01;-0,01;-0,01;-0,01;-0,01;-0,01;-0,01
21.08.2026;05:15;05:30;0,0;0,0;0,0;0,0;-0,01;-0,01;-0,11;-0,11;-0,01;-0,01;-0,01;-0,01;-0,04;-0,04;-0,01;-0,01;-0,01;-0,01;0,0;0,0;-0,01;-0,01;-0,01;-0,01;0,0;0,0;-0,01;-0,01;-0,1;-0,1;-0,01;-0,01;0,0;0,0;-0,02;-0,02;-0,02;-0,02;-0,02;-0,02;-0,01;-0,01;-0,01;-0,01;-0,01;-0,01;-0,01;-0,01;-0,01;-0,01;-0,01;-0,01;-0,01;-0,01;0,0;0,0
21.08.2026;05:30;05:45;0,0;0,0;0,0;0,0;0,0;0,0;-0,13;-0,13;0,0;0,0;-0,01;-0,01;-0,04;-0,04;-0,01;-0,01;-0,02;-0,02;-0,02;-0,02;-0,02;-0,02;-0,01;-0,01;0,0;0,0;-0,01;-0,01;-0,01;-0,01;-0,01;-0,01;-0,01;-0,01;-0,01;-0,01;-0,01;-0,01;-0,02;-0,02;-0,02;-0,02;-0,02;-0,02;-0,01;-0,01;-0,02;-0,02;-0,02;-0,02;-0,01;-0,01;-0,01;-0,01;0,0;0,0
21.08.2026;05:45;06:00;0,0;0,0;-0,01;-0,01;-0,01;-0,01;-0,06;-0,06;-0,01;-0,01;-0,01;-0,01;-0,04;-0,04;-0,01;-0,01;-0,03;-0,03;-0,02;-0,02;0,0;0,0;-0,01;-0,01;0,0;0,0;0,0;0,0;-0,02;-0,02;-0,01;-0,01;-0,04;-0,04;-0,02;-0,02;0,0;0,0;-0,02;-0,02;-0,01;-0,01;-0,02;-0,02;-0,01;-0,01;0,0;0,0;-0,01;-0,01;-0,01;-0,01;-0,01;-0,01;0,0;0,0
21.08.2026;06:00;06:15;0,0;0,0;0,0;0,0;0,0;0,0;-0,12;-0,12;0,0;0,0;0,0;0,0;-0,04;-0,04;-0,01;-0,01;-0,02;-0,02;-0,13;-0,13;0,0;0,0;-0,01;-0,01;0,0;0,0;-0,02;-0,02;-0,01;-0,01;-0,01;-0,01;-0,07;-0,07;0,0;0,0;-0,02;-0,02;-0,02;-0,02;-0,09;-0,09;-0,01;-0,01;-0,01;-0,01;-0,01;-0,01;-0,01;-0,01;-0,02;-0,02;-0,02;-0,02;-0,02;-0,02
21.08.2026;06:15;06:30;0,03;0,03;0,0;0,0;-0,01;-0,01;-0,13;-0,13;-0,01;-0,01;0,0;0,0;-0,04;-0,04;-0,01;-0,01;-0,01;-0,01;-0,03;-0,03;0,0;0,0;-0,01;-0,01;0,0;0,0;-0,02;-0,02;-0,01;-0,01;-0,01;-0,01;-0,01;-0,01;-0,01;-0,01;-0,01;-0,01;-0,03;-0,03;-0,03;-0,03;-0,01;-0,01;-0,01;-0,01;-0,02;-0,02;-0,02;-0,02;-0,01;-0,01;-0,01;-0,01;-0,02;-0,02
21.08.2026;06:30;06:45;0,04;0,04;0,0;0,0;-0,05;-0,05;-0,14;-0,14;-0,01;-0,01;-0,01;-0,01;-0,04;-0,04;-0,01;-0,01;-0,03;-0,03;-0,01;-0,01;-0,02;-0,02;-0,02;-0,02;0,0;0,0;0,0;0,0;0,0;0,0;-0,01;-0,01;-0,02;-0,02;-0,01;-0,01;0,0;0,0;-0,02;-0,02;-0,02;-0,02;-0,01;-0,01;-0,01;-0,01;-0,01;-0,01;-0,01;-0,01;-0,01;-0,01;-0,01;-0,01;-0,01;-0,01
21.08.2026;06:45;07:00;0,08;0,08;0,0;0,0;-0,04;-0,04;-0,15;-0,15;0,0;0,0;-0,02;-0,02;-0,04;-0,04;0,0;0,0;-0,03;-0,03;-0,3;-0,3;-0,01;-0,01;-0,01;-0,01;0,0;0,0;-0,04;-0,04;-0,06;-0,06;-0,02;-0,02;0,0;0,0;-0,02;-0,02;-0,02;-0,02;-0,17;-0,17;-0,01;-0,01;-0,03;-0,03;-0,02;-0,02;-0,01;-0,01;-0,01;-0,01;-0,01;-0,01;-0,01;-0,01;-0,01;-0,01
21.08.2026;07:00;07:15;0,16;0,11;-0,01;-0,01;-0,01;-0,01;-0,15;-0,1;-0,01;-0,01;-0,01;-0,01;-0,04;-0,04;-0,04;-0,04;-0,01;-0,01;-0,05;-0,05;-0,02;-0,02;-0,01;-0,01;0,0;0,0;-0,02;-0,02;-0,18;-0,18;-0,02;-0,02;0,0;0,0;-0,01;-0,01;-0,01;-0,01;-0,07;-0,07;-0,01;-0,01;-0,01;-0,01;-0,03;-0,03;-0,02;-0,02;-0,01;-0,01;-0,01;-0,01;-0,01;-0,01;0,0;0,0
21.08.2026;07:15;07:30;0,25;0,18;0,0;0,0;-0,02;-0,02;-0,14;-0,07;0,0;0,0;-0,02;-0,02;-0,13;-0,13;-0,02;-0,02;-0,04;-0,04;-0,67;-0,67;-0,01;-0,01;-0,01;-0,01;0,0;0,0;-0,01;-0,01;-0,1;-0,1;-0,02;-0,02;-0,02;-0,02;-0,01;-0,01;-0,01;-0,01;-0,03;-0,03;-0,01;-0,01;-0,01;-0,01;-0,05;-0,05;-0,01;-0,01;-0,01;-0,01;-0,02;-0,02;-0,01;-0,01;0,0;0,0
21.08.2026;07:30;07:45;0,32;0,07;0,0;0,0;-0,02;-0,01;-0,18;-0,16;-0,01;0,0;-0,01;0,0;-0,05;-0,04;-0,03;-0,02;-0,02;-0,01;-0,31;-0,3;-0,02;-0,01;0,0;0,0;0,0;0,0;-0,01;0,0;-0,01;0,0;-0,07;-0,06;-0,01;0,0;-0,01;0,0;-0,01;0,0;-0,03;-0,02;-0,01;0,0;-0,01;0,0;-0,04;-0,03;-0,01;0,0;-0,02;-0,01;-0,01;0,0;-0,01;0,0;-0,01;0,0
21.08.2026;07:45;08:00;0,54;0,21;0,0;0,0;-0,01;0,0;-0,12;-0,01;0,0;0,0;-0,01;0,0;-0,09;-0,08;-0,01;0,0;-0,01;0,0;-0,27;-0,26;0,0;0,0;-0,02;-0,01;0,0;0,0;-0,04;-0,03;-0,01;0,0;-0,01;0,0;-0,01;0,0;-0,02;-0,01;-0,01;0,0;-0,03;-0,02;-0,01;0,0;-0,02;-0,01;-0,04;-0,03;-0,01;0,0;-0,01;0,0;-0,01;0,0;-0,03;-0,02;-0,01;0,0
21.08.2026;08:00;08:15;0,71;0,18;-0,01;0,0;-0,02;0,0;-0,17;-0,06;-0,01;0,0;-0,01;0,0;-0,09;-0,06;-0,05;-0,02;-0,03;0,0;-0,25;-0,22;-0,01;0,0;0,0;0,0;-0,01;0,0;-0,23;-0,2;-0,01;0,0;-0,01;0,0;0,0;0,0;-0,02;0,0;-0,02;0,0;-0,02;0,0;-0,01;0,0;-0,02;0,0;-0,05;-0,02;-0,01;0,0;0,0;0,0;-0,01;0,0;-0,02;0,0;-0,02;0,0
21.08.2026;08:15;08:30;0,97;0,38;0,0;0,0;-0,01;0,0;-0,08;0,0;0,0;0,0;0,0;0,0;-0,15;-0,08;-0,06;0,0;-0,03;0,0;-0,38;-0,31;0,0;0,0;-0,03;0,0;0,0;0,0;-0,2;-0,13;-0,01;0,0;-0,01;0,0;-0,01;0,0;-0,01;0,0;-0,01;0,0;-0,02;0,0;-0,01;0,0;-0,01;0,0;-0,04;0,0;-0,01;0,0;0,0;0,0;-0,01;0,0;-0,01;0,0;-0,01;0,0
21.08.2026;08:30;08:45;1,3;0,54;0,0;0,0;-0,02;0,0;-0,07;0,0;-0,01;0,0;-0,01;0,0;-0,03;0,0;-0,05;0,0;-0,19;-0,07;-0,05;0,0;-0,01;0,0;-0,03;0,0;0,0;0,0;-0,35;-0,23;-0,01;0,0;0,0;0,0;-0,01;0,0;-0,01;0,0;-0,02;0,0;-0,08;0,0;-0,01;0,0;-0,01;0,0;-0,04;0,0;-0,01;0,0;-0,01;0,0;-0,01;0,0;-0,01;0,0;-0,01;0,0
21.08.2026;08:45;09:00;1,61;1,04;0,0;0,0;0,0;0,0;-0,08;0,0;-0,01;0,0;0,0;0,0;-0,04;0,0;-0,03;0,0;-0,04;0,0;-0,04;0,0;-0,01;0,0;-0,06;0,0;0,0;0,0;-0,05;0,0;-0,01;0,0;-0,01;0,0;-0,01;0,0;-0,01;0,0;-0,04;0,0;-0,02;0,0;-0,01;0,0;-0,01;0,0;-0,04;0,0;-0,02;0,0;-0,01;0,0;0,0;0,0;-0,02;0,0;0,0;0,0
21.08.2026;09:00;09:15;1,92;1,08;0,0;0,0;-0,01;0,0;-0,15;0,0;0,0;0,0;-0,02;0,0;-0,03;0,0;-0,04;0,0;-0,04;0,0;-0,02;0,0;-0,02;0,0;-0,07;0,0;0,0;0,0;-0,23;-0,03;-0,01;0,0;-0,01;0,0;-0,01;0,0;-0,01;0,0;-0,03;0,0;-0,02;0,0;-0,01;0,0;-0,03;0,0;-0,04;0,0;-0,01;0,0;-0,01;0,0;-0,03;0,0;-0,01;0,0;-0,01;0,0
21.08.2026;09:15;09:30;1,58;0,87;-0,01;0,0;0,0;0,0;-0,16;0,0;-0,01;0,0;-0,01;0,0;-0,04;0,0;-0,03;0,0;-0,06;0,0;-0,02;0,0;-0,01;0,0;-0,07;0,0;0,0;0,0;-0,04;0,0;-0,01;0,0;-0,03;0,0;-0,02;0,0;-0,01;0,0;-0,02;0,0;-0,02;0,0;-0,01;0,0;-0,01;0,0;-0,04;0,0;-0,01;0,0;-0,01;0,0;-0,02;0,0;-0,02;0,0;-0,02;0,0
21.08.2026;09:30;09:45;0,8;0,22;0,0;0,0;-0,01;0,0;-0,15;0,0;-0,01;0,0;-0,01;0,0;-0,07;-0,04;-0,02;0,0;-0,05;-0,02;-0,01;0,0;-0,02;0,0;-0,04;-0,01;0,0;0,0;-0,02;0,0;-0,01;0,0;-0,03;0,0;-0,02;0,0;-0,01;0,0;-0,04;-0,01;-0,02;0,0;-0,01;0,0;-0,01;0,0;-0,04;-0,01;-0,01;0,0;-0,01;0,0;-0,01;0,0;-0,02;0,0;-0,02;0,0
21.08.2026;09:45;10:00;0,03;0,03;0,0;0,0;0,0;0,0;-0,13;-0,13;0,0;0,0;-0,02;-0,02;-0,04;-0,04;-0,03;-0,03;-0,06;-0,06;-0,01;-0,01;-0,01;-0,01;-0,02;-0,02;0,0;0,0;-0,03;-0,03;-0,01;-0,01;-0,04;-0,04;0,0;0,0;-0,02;-0,02;-0,02;-0,02;-0,15;-0,15;0,0;0,0;-0,01;-0,01;-0,03;-0,03;-0,02;-0,02;-0,01;-0,01;-0,01;-0,01;-0,01;-0,01;-0,01;-0,01
21.08.2026;10:00;10:15;0,02;0,02;0,0;0,0;-0,01;-0,01;-0,26;-0,26;-0,01;-0,01;-0,01;-0,01;-0,05;-0,05;-0,05;-0,05;-0,05;-0,05;0,0;0,0;-0,01;-0,01;0,0;0,0;0,0;0,0;-0,03;-0,03;-0,01;-0,01;-0,03;-0,03;-0,01;-0,01;-0,01;-0,01;-0,02;-0,02;-0,46;-0,46;-0,01;-0,01;-0,02;-0,02;-0,08;-0,08;-0,01;-0,01;-0,01;-0,01;-0,01;-0,01;-0,02;-0,02;-0,02;-0,02
21.08.2026;10:15;10:30;0,75;0,2;-0,01;0,0;-0,02;0,0;-0,18;-0,05;0,0;0,0;-0,01;0,0;-0,06;-0,03;-0,13;-0,1;-0,07;-0,04;-0,01;0,0;0,0;0,0;-0,08;-0,05;0,0;0,0;0,0;0,0;-0,01;0,0;-0,03;0,0;-0,02;0,0;-0,02;0,0;-0,04;-0,01;-0,1;-0,07;-0,01;0,0;-0,03;0,0;-0,06;-0,03;0,0;0,0;-0,01;0,0;-0,01;0,0;0,0;0,0;-0,02;0,0
21.08.2026;10:30;10:45;0,95;0,32;0,0;0,0;-0,01;0,0;-0,12;0,0;-0,01;0,0;-0,02;0,0;-0,02;0,0;-0,08;-0,01;-0,02;0,0;0,0;0,0;0,0;0,0;-0,01;0,0;0,0;0,0;-0,02;0,0;-0,02;0,0;-0,02;0,0;-0,01;0,0;-0,02;0,0;-0,02;0,0;-0,03;0,0;-0,01;0,0;0,0;0,0;-0,08;-0,01;-0,02;0,0;-0,01;0,0;-0,01;0,0;-0,02;0,0;-0,39;-0,32
21.08.2026;10:45;11:00;1,58;0,74;0,0;0,0;-0,02;0,0;-0,24;0,0;-0,01;0,0;-0,01;0,0;-0,03;0,0;-0,04;0,0;-0,02;0,0;-0,01;0,0;-0,01;0,0;-0,01;0,0;0,0;0,0;-0,01;0,0;-0,03;0,0;-0,03;0,0;-0,01;0,0;-0,02;0,0;-0,03;0,0;-0,04;0,0;0,0;0,0;-0,01;0,0;-0,06;0,0;-0,01;0,0;-0,02;0,0;-0,02;0,0;-0,01;0,0;-0,18;-0,04
21.08.2026;11:00;11:15;1,94;1,02;0,0;0,0;-0,01;0,0;-0,25;0,0;0,0;0,0;-0,01;0,0;-0,05;0,0;-0,03;0,0;-0,02;0,0;-0,02;0,0;-0,02;0,0;-0,01;0,0;0,0;0,0;-0,01;0,0;-0,03;0,0;-0,03;0,0;-0,01;0,0;-0,02;0,0;-0,03;0,0;-0,13;0,0;-0,02;0,0;-0,02;0,0;-0,07;0,0;-0,01;0,0;-0,01;0,0;-0,01;0,0;-0,01;0,0;-0,09;0,0
21.08.2026;11:15;11:30;2,21;1,48;0,0;0,0;-0,05;0,0;-0,15;0,0;-0,01;0,0;0,0;0,0;-0,05;0,0;-0,1;0,0;-0,02;0,0;-0,01;0,0;-0,01;0,0;-0,01;0,0;0,0;0,0;0,0;0,0;-0,04;0,0;-0,03;0,0;0,0;0,0;-0,01;0,0;-0,02;0,0;-0,05;0,0;0,0;0,0;-0,02;0,0;-0,06;0,0;-0,01;0,0;-0,01;0,0;-0,01;0,0;-0,01;0,0;-0,05;0,0
21.08.2026;11:30;11:45;1,75;0,92;-0,01;0,0;0,0;0,0;-0,15;0,0;-0,01;0,0;0,0;0,0;-0,03;0,0;-0,11;0,0;-0,01;0,0;-0,02;0,0;-0,02;0,0;-0,02;0,0;0,0;0,0;-0,02;0,0;-0,13;0,0;-0,03;0,0;-0,01;0,0;-0,01;0,0;-0,03;0,0;-0,03;0,0;-0,01;0,0;-0,02;0,0;-0,04;0,0;-0,02;0,0;-0,01;0,0;-0,02;0,0;-0,01;0,0;-0,06;0,0
21.08.2026;11:45;12:00;1,49;0,73;0,0;0,0;-0,01;0,0;-0,08;0,0;0,0;0,0;-0,01;0,0;-0,04;0,0;-0,17;-0,03;-0,02;0,0;-0,02;0,0;-0,01;0,0;-0,01;0,0;0,0;0,0;-0,01;0,0;-0,04;0,0;-0,03;0,0;-0,01;0,0;-0,01;0,0;-0,03;0,0;-0,02;0,0;-0,01;0,0;-0,01;0,0;-0,04;0,0;-0,01;0,0;-0,01;0,0;0,0;0,0;-0,22;-0,08;-0,05;0,0
21.08.2026;12:00;12:15;2,35;1,25;0,0;0,0;-0,04;0,0;-0,07;0,0;-0,01;0,0;-0,01;0,0;-0,42;-0,16;-0,12;0,0;-0,02;0,0;-0,06;0,0;-0,01;0,0;-0,01;0,0;0,0;0,0;-0,01;0,0;-0,05;0,0;-0,02;0,0;-0,02;0,0;-0,01;0,0;-0,02;0,0;-0,02;0,0;-0,01;0,0;-0,01;0,0;-0,05;0,0;-0,01;0,0;-0,01;0,0;-0,01;0,0;-0,19;0,0;-0,05;0,0
21.08.2026;12:15;12:30;2,1;1,05;0,0;0,0;-0,01;0,0;-0,12;0,0;0,0;0,0;-0,02;0,0;-0,48;-0,26;-0,02;0,0;-0,19;0,0;-0,08;0,0;-0,01;0,0;-0,01;0,0;0,0;0,0;0,0;0,0;-0,05;0,0;-0,04;0,0;-0,01;0,0;-0,01;0,0;-0,04;0,0;-0,03;0,0;-0,01;0,0;-0,02;0,0;-0,05;0,0;-0,01;0,0;-0,01;0,0;-0,01;0,0;-0,05;0,0;-0,03;0,0
21.08.2026;12:30;12:45;1,4;0,64;-0,01;0,0;-0,02;0,0;-0,07;0,0;-0,01;0,0;-0,01;0,0;-0,05;0,0;-0,02;0,0;-0,16;-0,04;-0,06;0,0;0,0;0,0;0,0;0,0;0,0;0,0;-0,02;0,0;-0,05;0,0;-0,07;0,0;0,0;0,0;-0,01;0,0;-0,03;0,0;-0,02;0,0;-0,01;0,0;-0,02;0,0;-0,06;0,0;-0,02;0,0;-0,02;0,0;-0,02;0,0;-0,02;0,0;-0,02;0,0
21.08.2026;12:45;13:00;3,9;3,11;0,0;0,0;-0,01;0,0;-0,1;0,0;-0,01;0,0;-0,01;0,0;-0,14;0,0;-0,02;0,0;-0,03;0,0;-0,07;0,0;0,0;0,0;-0,02;0,0;0,0;0,0;-0,01;0,0;-0,12;0,0;-0,03;0,0;0,0;0,0;-0,01;0,0;-0,01;0,0;-0,03;0,0;-0,01;0,0;-0,01;0,0;-0,07;0,0;-0,01;0,0;-0,01;0,0;-0,01;0,0;-0,03;0,0;-0,02;0,0
21.08.2026;13:00;13:15;3,08;2,48;0,0;0,0;-0,01;0,0;-0,08;0,0;0,0;0,0;-0,02;0,0;-0,04;0,0;-0,02;0,0;-0,03;0,0;-0,07;0,0;-0,02;0,0;-0,04;0,0;-0,01;0,0;0,0;0,0;-0,04;0,0;-0,03;0,0;-0,01;0,0;-0,01;0,0;-0,02;0,0;-0,02;0,0;-0,01;0,0;-0,01;0,0;-0,06;0,0;0,0;0,0;-0,01;0,0;-0,02;0,0;-0,01;0,0;-0,01;0,0
21.08.2026;13:15;13:30;2,82;1,97;0,0;0,0;-0,02;0,0;-0,08;0,0;-0,01;0,0;-0,01;0,0;-0,04;0,0;-0,01;0,0;-0,24;0,0;-0,07;0,0;-0,01;0,0;-0,06;0,0;0,0;0,0;-0,01;0,0;-0,04;0,0;-0,02;0,0;-0,01;0,0;-0,01;0,0;-0,01;0,0;-0,02;0,0;-0,01;0,0;-0,01;0,0;-0,08;0,0;-0,02;0,0;-0,01;0,0;-0,01;0,0;-0,02;0,0;-0,02;0,0
21.08.2026;13:30;13:45;2,5;1,6;-0,01;0,0;-0,02;0,0;-0,09;0,0;0,0;0,0;-0,01;0,0;-0,05;0,0;-0,01;0,0;-0,59;-0,29;-0,08;0,0;-0,02;0,0;-0,06;0,0;0,0;0,0;-0,02;0,0;-0,03;0,0;-0,01;0,0;-0,01;0,0;-0,01;0,0;-0,01;0,0;-0,02;0,0;-0,01;0,0;-0,02;0,0;-0,06;0,0;-0,01;0,0;-0,01;0,0;0,0;0,0;-0,01;0,0;-0,02;0,0
21.08.2026;13:45;14:00;0,34;0,07;0,0;0,0;-0,01;0,0;-0,08;-0,05;-0,01;0,0;-0,02;-0,01;-0,04;-0,03;-0,02;-0,01;-0,15;-0,14;-0,28;-0,27;-0,01;0,0;-0,04;-0,03;0,0;0,0;-0,01;0,0;-0,04;-0,03;-0,01;0,0;-0,01;0,0;-0,02;-0,01;-0,04;-0,03;-0,02;-0,01;-0,01;0,0;-0,02;-0,01;-0,05;-0,04;-0,01;0,0;-0,02;-0,01;-0,01;0,0;-0,02;-0,01;-0,01;0,0
21.08.2026;14:00;14:15;2,29;1,32;0,0;0,0;0,0;0,0;-0,08;0,0;0,0;0,0;-0,01;0,0;-0,04;0,0;-0,04;0,0;-0,33;-0,05;-0,73;-0,45;-0,01;0,0;-0,01;0,0;0,0;0,0;-0,01;0,0;-0,04;0,0;-0,01;0,0;0,0;0,0;0,0;0,0;-0,02;0,0;-0,02;0,0;0,0;0,0;-0,01;0,0;-0,05;0,0;-0,01;0,0;-0,01;0,0;-0,02;0,0;0,0;0,0;-0,02;0,0
21.08.2026;14:15;14:30;2,84;1,72;0,0;0,0;-0,01;0,0;-0,08;0,0;-0,01;0,0;0,0;0,0;-0,04;0,0;-0,02;0,0;-0,08;0,0;-0,47;-0,12;-0,02;0,0;0,0;0,0;0,0;0,0;-0,26;0,0;-0,04;0,0;-0,01;0,0;-0,01;0,0;-0,01;0,0;-0,03;0,0;-0,02;0,0;-0,02;0,0;-0,01;0,0;-0,03;0,0;-0,02;0,0;-0,01;0,0;-0,01;0,0;-0,02;0,0;-0,01;0,0
21.08.2026;14:30;14:45;1,48;0,67;0,0;0,0;-0,01;0,0;-0,12;0,0;-0,01;0,0;-0,01;0,0;-0,05;0,0;-0,05;0,0;-0,07;0,0;-0,17;-0,04;0,0;0,0;-0,01;0,0;0,0;0,0;-0,08;0,0;-0,04;0,0;-0,01;0,0;-0,01;0,0;-0,01;0,0;-0,03;0,0;-0,03;0,0;0,0;0,0;-0,02;0,0;-0,05;0,0;-0,01;0,0;-0,01;0,0;-0,02;0,0;-0,01;0,0;-0,02;0,0
21.08.2026;14:45;15:00;1,87;0,93;-0,01;0,0;-0,01;0,0;-0,19;0,0;0,0;0,0;0,0;0,0;-0,04;0,0;-0,01;0,0;-0,2;-0,01;-0,2;-0,01;-0,01;0,0;-0,01;0,0;0,0;0,0;-0,04;0,0;-0,04;0,0;-0,01;0,0;-0,02;0,0;-0,02;0,0;-0,03;0,0;-0,02;0,0;-0,01;0,0;-0,03;0,0;-0,04;0,0;0,0;0,0;0,0;0,0;-0,01;0,0;0,0;0,0;-0,01;0,0
21.08.2026;15:00;15:15;2,55;1,14;0,0;0,0;-0,01;0,0;-0,22;0,0;-0,01;0,0;-0,01;0,0;-0,05;0,0;-0,02;0,0;-0,39;-0,13;-0,25;0,0;0,0;0,0;-0,01;0,0;0,0;0,0;-0,03;0,0;-0,04;0,0;-0,02;0,0;-0,01;0,0;-0,02;0,0;-0,04;0,0;-0,02;0,0;-0,02;0,0;0,0;0,0;-0,08;0,0;-0,02;0,0;-0,23;0,0;-0,01;0,0;-0,02;0,0;-0,01;0,0
21.08.2026;15:15;15:30;1,59;0,52;0,0;0,0;-0,02;0,0;-0,13;0,0;0,0;0,0;-0,01;0,0;-0,04;0,0;-0,02;0,0;-0,18;-0,05;-0,23;-0,1;-0,01;0,0;-0,01;0,0;0,0;0,0;-0,05;0,0;-0,01;0,0;-0,01;0,0;-0,35;-0,22;-0,05;0,0;-0,02;0,0;-0,02;0,0;-0,17;-0,04;-0,01;0,0;-0,04;0,0;-0,02;0,0;-0,04;0,0;-0,01;0,0;-0,01;0,0;-0,02;0,0
21.08.2026;15:30;15:45;1,68;0,51;0,0;0,0;-0,01;0,0;-0,15;0,0;-0,01;0,0;-0,02;0,0;-0,05;0,0;-0,01;0,0;-0,16;-0,02;-0,11;0,0;-0,02;0,0;-0,01;0,0;0,0;0,0;-0,26;-0,12;-0,02;0,0;-0,01;0,0;-0,2;-0,06;-0,04;0,0;-0,03;0,0;-0,02;0,0;-0,5;-0,36;-0,02;0,0;-0,04;0,0;0,0;0,0;-0,02;0,0;0,0;0,0;-0,01;0,0;-0,01;0,0
21.08.2026;15:45;16:00;2,52;1,4;-0,01;0,0;-0,02;0,0;-0,15;0,0;-0,01;0,0;-0,01;0,0;-0,04;0,0;-0,02;0,0;-0,16;0,0;-0,08;0,0;-0,01;0,0;-0,01;0,0;0,0;0,0;-0,14;0,0;-0,01;0,0;-0,01;0,0;-0,03;0,0;-0,06;0,0;-0,03;0,0;-0,02;0,0;-0,18;0,0;-0,02;0,0;-0,04;0,0;-0,01;0,0;-0,01;0,0;-0,02;0,0;-0,01;0,0;-0,01;0,0
21.08.2026;16:00;16:15;2,13;1,09;0,0;0,0;-0,02;0,0;-0,12;0,0;-0,03;0,0;-0,01;0,0;-0,05;0,0;-0,02;0,0;-0,15;0,0;-0,08;0,0;-0,01;0,0;-0,01;0,0;0,0;0,0;-0,03;0,0;-0,01;0,0;-0,01;0,0;-0,03;0,0;-0,25;-0,03;-0,02;0,0;-0,02;0,0;-0,06;0,0;-0,02;0,0;-0,04;0,0;-0,02;0,0;-0,02;0,0;-0,01;0,0;-0,02;0,0;-0,01;0,0
21.08.2026;16:15;16:30;0,73;0,21;0,0;0,0;-0,01;0,0;-0,17;-0,04;-0,05;-0,03;-0,02;0,0;-0,05;-0,03;-0,01;0,0;-0,14;-0,12;-0,07;-0,05;-0,02;0,0;0,0;0,0;0,0;0,0;-0,14;-0,12;-0,01;0,0;-0,01;0,0;-0,01;0,0;-0,27;-0,25;-0,04;-0,02;-0,02;0,0;-0,04;-0,02;-0,01;0,0;-0,05;-0,03;-0,02;0,0;-0,02;0,0;-0,02;0,0;-0,01;0,0;-0,02;0,0
21.08.2026;16:30;16:45;0,54;0,21;0,0;0,0;0,0;0,0;-0,22;-0,11;-0,06;-0,05;-0,01;0,0;-0,06;-0,05;-0,02;-0,01;-0,06;-0,05;-0,05;-0,04;-0,01;0,0;-0,02;-0,01;0,0;0,0;-0,2;-0,19;-0,02;-0,01;-0,12;-0,11;-0,01;0,0;-0,45;-0,44;-0,02;-0,01;-0,02;-0,01;-0,03;-0,02;-0,01;0,0;-0,04;-0,03;0,0;0,0;-0,02;-0,01;-0,01;0,0;-0,01;0,0;-0,01;0,0
21.08.2026;16:45;17:00;0,58;0,11;0,0;0,0;-0,01;0,0;-0,25;-0,16;-0,08;-0,06;-0,01;0,0;-0,08;-0,06;0,0;0,0;-0,02;0,0;-0,01;0,0;-0,01;0,0;0,0;0,0;0,0;0,0;-0,11;-0,09;-0,03;-0,01;-0,23;-0,21;-0,05;-0,03;-0,59;-0,57;-0,02;0,0;-0,05;-0,03;-0,03;-0,01;-0,02;0,0;-0,06;-0,04;-0,02;0,0;-0,02;0,0;-0,01;0,0;-0,01;0,0;-0,03;-0,01
21.08.2026;17:00;17:15;0,2;0,15;-0,01;-0,01;-0,1;-0,1;-0,26;-0,21;-0,05;-0,05;-0,02;-0,02;-0,05;-0,05;-0,02;-0,02;-0,01;-0,01;-0,02;-0,02;0,0;0,0;-0,01;-0,01;0,0;0,0;-0,22;-0,22;-0,04;-0,04;-0,06;-0,06;-0,11;-0,11;-0,4;-0,4;-0,03;-0,03;-0,06;-0,06;-0,08;-0,08;-0,02;-0,02;-0,07;-0,07;-0,02;-0,02;-0,02;-0,02;-0,01;-0,01;-0,02;-0,02;-0,09;-0,09
21.08.2026;17:15;17:30;0,0;0,0;0,0;0,0;-0,07;-0,07;-0,23;-0,23;-0,06;-0,06;-0,01;-0,01;-0,16;-0,16;-0,05;-0,05;-0,03;-0,03;-0,02;-0,02;0,0;0,0;-0,01;-0,01;0,0;0,0;-0,04;-0,04;-0,03;-0,03;-0,09;-0,09;-0,14;-0,14;-0,09;-0,09;0,0;0,0;-0,05;-0,05;-0,03;-0,03;-0,01;-0,01;-0,07;-0,07;-0,01;-0,01;-0,02;-0,02;-0,01;-0,01;-0,01;-0,01;-0,03;-0,03
21.08.2026;17:30;17:45;0,0;0,0;0,0;0,0;-0,01;-0,01;-0,19;-0,19;-0,06;-0,06;-0,01;-0,01;-0,05;-0,05;-0,04;-0,04;-0,01;-0,01;-0,03;-0,03;-0,01;-0,01;0,0;0,0;0,0;0,0;-0,06;-0,06;-0,01;-0,01;-0,08;-0,08;-0,14;-0,14;-0,09;-0,09;-0,01;-0,01;-0,04;-0,04;-0,02;-0,02;-0,01;-0,01;-0,07;-0,07;-0,05;-0,05;-0,02;-0,02;-0,03;-0,03;-0,01;-0,01;-0,16;-0,16
21.08.2026;17:45;18:00;0,07;0,07;0,0;0,0;-0,02;-0,02;-0,17;-0,17;-0,02;-0,02;0,0;0,0;-0,04;-0,04;-0,02;-0,02;-0,02;-0,02;-0,03;-0,03;-0,02;-0,02;-0,02;-0,02;0,0;0,0;-0,05;-0,05;-0,01;-0,01;-0,08;-0,08;-0,14;-0,14;-0,09;-0,09;-0,02;-0,02;-0,04;-0,04;-0,05;-0,05;-0,02;-0,02;-0,07;-0,07;-0,02;-0,02;-0,02;-0,02;-0,02;-0,02;-0,08;-0,08;-0,49;-0,49
21.08.2026;18:00;18:15;0,04;0,04;-0,01;-0,01;-0,01;-0,01;-0,19;-0,19;-0,01;-0,01;-0,01;-0,01;-0,04;-0,04;-0,1;-0,1;-0,02;-0,02;-0,01;-0,01;-0,01;-0,01;0,0;0,0;-0,01;-0,01;-0,03;-0,03;-0,01;-0,01;-0,06;-0,06;-0,16;-0,16;-0,08;-0,08;-0,02;-0,02;-0,06;-0,06;-0,07;-0,07;-0,02;-0,02;-0,07;-0,07;-0,01;-0,01;-0,02;-0,02;-0,12;-0,12;-0,06;-0,06;-0,36;-0,36
21.08.2026;18:15;18:30;0,02;0,02;0,0;0,0;-0,03;-0,03;-0,2;-0,2;-0,01;-0,01;0,0;0,0;-0,04;-0,04;-0,05;-0,05;-0,02;-0,02;-0,02;-0,02;-0,02;-0,02;-0,01;-0,01;0,0;0,0;-0,03;-0,03;-0,01;-0,01;-0,07;-0,07;-0,03;-0,03;-0,14;-0,14;-0,04;-0,04;-0,05;-0,05;-0,03;-0,03;-0,01;-0,01;-0,05;-0,05;-0,01;-0,01;-0,02;-0,02;-0,01;-0,01;-0,04;-0,04;-0,15;-0,15
21.08.2026;18:30;18:45;0,01;0,01;0,0;0,0;-0,02;-0,02;-0,15;-0,15;-0,01;-0,01;-0,01;-0,01;-0,04;-0,04;-0,02;-0,02;-0,01;-0,01;-0,02;-0,02;-0,02;-0,02;-0,01;-0,01;0,0;0,0;-0,19;-0,19;-0,01;-0,01;-0,06;-0,06;-0,01;-0,01;-0,08;-0,08;-0,02;-0,02;-0,06;-0,06;-0,02;-0,02;-0,01;-0,01;-0,07;-0,07;-0,01;-0,01;-0,02;-0,02;-0,02;-0,02;-0,05;-0,05;-0,04;-0,04
21.08.2026;18:45;19:00;0,0;0,0;0,0;0,0;-0,02;-0,02;-0,2;-0,2;0,0;0,0;-0,02;-0,02;-0,21;-0,21;-0,26;-0,26;-0,02;-0,02;-0,02;-0,02;-0,01;-0,01;-0,01;-0,01;0,0;0,0;-0,18;-0,18;-0,01;-0,01;-0,15;-0,15;-0,01;-0,01;-0,09;-0,09;-0,03;-0,03;-0,04;-0,04;-0,02;-0,02;-0,01;-0,01;-0,07;-0,07;-0,02;-0,02;-0,02;-0,02;-0,01;-0,01;-0,02;-0,02;-0,07;-0,07
21.08.2026;19:00;19:15;0,0;0,0;0,0;0,0;-0,03;-0,03;-0,25;-0,25;-0,01;-0,01;-0,01;-0,01;-0,07;-0,07;-0,08;-0,08;-0,02;-0,02;-0,02;-0,02;-0,01;-0,01;-0,2;-0,2;0,0;0,0;-0,04;-0,04;-0,01;-0,01;-0,09;-0,09;-0,01;-0,01;-0,11;-0,11;-0,03;-0,03;-0,05;-0,05;-0,03;-0,03;-0,03;-0,03;-0,07;-0,07;-0,01;-0,01;0,0;0,0;0,0;0,0;-0,04;-0,04;-0,04;-0,04
21.08.2026;19:15;19:30;0,0;0,0;-0,01;-0,01;-0,05;-0,05;-0,16;-0,16;-0,01;-0,01;-0,01;-0,01;-0,07;-0,07;-0,37;-0,37;-0,02;-0,02;-0,02;-0,02;0,0;0,0;-0,02;-0,02;0,0;0,0;-0,05;-0,05;-0,01;-0,01;-0,07;-0,07;0,0;0,0;-0,12;-0,12;-0,01;-0,01;-0,05;-0,05;-0,02;-0,02;-0,01;-0,01;-0,03;-0,03;-0,01;-0,01;0,0;0,0;-0,01;-0,01;-0,13;-0,13;-0,05;-0,05
21.08.2026;19:30;19:45;0,0;0,0;0,0;0,0;-0,07;-0,07;-0,19;-0,19;-0,03;-0,03;-0,03;-0,03;-0,08;-0,08;-0,27;-0,27;-0,01;-0,01;-0,02;-0,02;0,0;0,0;-0,01;-0,01;0,0;0,0;-0,05;-0,05;-0,01;-0,01;-0,07;-0,07;-0,01;-0,01;-0,05;-0,05;-0,03;-0,03;-0,07;-0,07;-0,03;-0,03;-0,01;-0,01;-0,02;-0,02;-0,01;-0,01;-0,02;-0,02;-0,03;-0,03;-0,04;-0,04;-0,03;-0,03
21.08.2026;19:45;20:00;0,0;0,0;0,0;0,0;-0,04;-0,04;-0,1;-0,1;-0,02;-0,02;-0,02;-0,02;-0,08;-0,08;-0,3;-0,3;-0,03;-0,03;-0,01;-0,01;-0,01;-0,01;-0,03;-0,03;0,0;0,0;-0,05;-0,05;-0,02;-0,02;-0,08;-0,08;-0,01;-0,01;-0,04;-0,04;-0,03;-0,03;-0,05;-0,05;-0,03;-0,03;-0,01;-0,01;-0,01;-0,01;-0,01;-0,01;-0,01;-0,01;-0,01;-0,01;-0,04;-0,04;-0,02;-0,02
21.08.2026;20:00;20:15;0,0;0,0;0,0;0,0;-0,03;-0,03;-0,23;-0,23;-0,01;-0,01;-0,03;-0,03;-0,07;-0,07;-0,16;-0,16;-0,02;-0,02;-0,33;-0,33;-0,01;-0,01;-0,02;-0,02;0,0;0,0;-0,08;-0,08;-0,01;-0,01;-0,11;-0,11;-0,01;-0,01;-0,06;-0,06;-0,03;-0,03;-0,05;-0,05;-0,02;-0,02;-0,02;-0,02;0,0;0,0;-0,02;-0,02;-0,01;-0,01;-0,02;-0,02;-0,05;-0,05;-0,02;-0,02
21.08.2026;20:15;20:30;0,0;0,0;-0,01;-0,01;-0,04;-0,04;-0,08;-0,08;-0,01;-0,01;-0,03;-0,03;-0,07;-0,07;-0,17;-0,17;-0,03;-0,03;-0,48;-0,48;-0,02;-0,02;-0,02;-0,02;0,0;0,0;-0,02;-0,02;-0,02;-0,02;-0,08;-0,08;-0,01;-0,01;-0,07;-0,07;-0,02;-0,02;-0,06;-0,06;-0,03;-0,03;-0,03;-0,03;-0,02;-0,02;-0,01;-0,01;-0,02;-0,02;-0,03;-0,03;-0,04;-0,04;-0,03;-0,03
21.08.2026;20:30;20:45;0,0;0,0;0,0;0,0;-0,02;-0,02;-0,17;-0,17;0,0;0,0;-0,01;-0,01;-0,05;-0,05;-0,11;-0,11;-0,01;-0,01;-0,18;-0,18;-0,01;-0,01;-0,02;-0,02;0,0;0,0;-0,02;-0,02;-0,07;-0,07;-0,05;-0,05;-0,01;-0,01;-0,04;-0,04;-0,01;-0,01;-0,03;-0,03;-0,02;-0,02;0,0;0,0;-0,02;-0,02;-0,02;-0,02;-0,01;-0,01;-0,02;-0,02;-0,02;-0,02;-0,02;-0,02
21.08.2026;20:45;21:00;0,0;0,0;0,0;0,0;-0,01;-0,01;-0,11;-0,11;-0,01;-0,01;-0,02;-0,02;-0,05;-0,05;-0,16;-0,16;-0,02;-0,02;-0,02;-0,02;0,0;0,0;-0,03;-0,03;0,0;0,0;-0,03;-0,03;-0,03;-0,03;-0,03;-0,03;0,0;0,0;-0,01;-0,01;-0,03;-0,03;-0,03;-0,03;-0,03;-0,03;-0,01;-0,01;-0,01;-0,01;0,0;0,0;-0,01;-0,01;-0,02;-0,02;-0,02;-0,02;-0,02;-0,02
21.08.2026;21:00;21:15;0,0;0,0;0,0;0,0;-0,03;-0,03;-0,09;-0,09;-0,02;-0,02;-0,01;-0,01;-0,08;-0,08;-0,18;-0,18;-0,06;-0,06;-0,03;-0,03;0,0;0,0;-0,04;-0,04;0,0;0,0;-0,03;-0,03;-0,06;-0,06;-0,05;-0,05;-0,01;-0,01;-0,02;-0,02;0,0;0,0;-0,04;-0,04;-0,15;-0,15;-0,01;-0,01;-0,01;-0,01;-0,02;-0,02;-0,01;-0,01;-0,03;-0,03;-0,02;-0,02;-0,03;-0,03
21.08.2026;21:15;21:30;0,0;0,0;0,0;0,0;-0,03;-0,03;-0,08;-0,08;0,0;0,0;-0,02;-0,02;-0,06;-0,06;-0,18;-0,18;-0,12;-0,12;-0,02;-0,02;-0,02;-0,02;-0,02;-0,02;0,0;0,0;-0,02;-0,02;-0,1;-0,1;-0,04;-0,04;-0,01;-0,01;-0,02;-0,02;-0,03;-0,03;-0,03;-0,03;-0,02;-0,02;-0,03;-0,03;-0,01;-0,01;-0,04;-0,04;-0,01;-0,01;-0,02;-0,02;-0,01;-0,01;-0,04;-0,04
21.08.2026;21:30;21:45;0,0;0,0;-0,01;-0,01;-0,03;-0,03;-0,09;-0,09;0,0;0,0;-0,03;-0,03;-0,06;-0,06;-0,17;-0,17;-0,43;-0,43;-0,03;-0,03;-0,02;-0,02;-0,01;-0,01;0,0;0,0;-0,02;-0,02;-0,05;-0,05;-0,04;-0,04;-0,02;-0,02;-0,07;-0,07;-0,03;-0,03;-0,03;-0,03;-0,01;-0,01;-0,02;-0,02;-0,01;-0,01;-0,04;-0,04;-0,01;-0,01;0,0;0,0;-0,01;-0,01;-0,04;-0,04
21.08.2026;21:45;22:00;0,0;0,0;0,0;0,0;-0,03;-0,03;-0,09;-0,09;-0,01;-0,01;-0,03;-0,03;-0,07;-0,07;-0,04;-0,04;-0,24;-0,24;-0,02;-0,02;-0,01;-0,01;0,0;0,0;0,0;0,0;-0,04;-0,04;-0,05;-0,05;-0,03;-0,03;-0,01;-0,01;-0,11;-0,11;-0,01;-0,01;-0,02;-0,02;0,0;0,0;-0,01;-0,01;-0,01;-0,01;-0,02;-0,02;-0,01;-0,01;-0,01;-0,01;-0,02;-0,02;-0,03;-0,03
21.08.2026;22:00;22:15;0,0;0,0;0,0;0,0;-0,03;-0,03;-0,09;-0,09;-0,01;-0,01;-0,03;-0,03;-0,06;-0,06;-0,03;-0,03;-0,23;-0,23;-0,02;-0,02;-0,02;-0,02;-0,01;-0,01;0,0;0,0;-0,01;-0,01;-0,05;-0,05;-0,02;-0,02;0,0;0,0;-0,15;-0,15;-0,04;-0,04;-0,02;-0,02;-0,01;-0,01;0,0;0,0;-0,01;-0,01;-0,03;-0,03;-0,01;-0,01;-0,01;-0,01;-0,01;-0,01;-0,03;-0,03
21.08.2026;22:15;22:30;0,0;0,0;0,0;0,0;-0,03;-0,03;-0,07;-0,07;0,0;0,0;-0,03;-0,03;-0,06;-0,06;-0,03;-0,03;-0,16;-0,16;-0,02;-0,02;-0,01;-0,01;-0,01;-0,01;0,0;0,0;-0,02;-0,02;-0,16;-0,16;-0,02;-0,02;-0,01;-0,01;-0,15;-0,15;-0,02;-0,02;-0,09;-0,09;-0,01;-0,01;-0,02;-0,02;-0,01;-0,01;-0,01;-0,01;-0,01;-0,01;-0,01;-0,01;-0,02;-0,02;-0,03;-0,03
21.08.2026;22:30;22:45;0,0;0,0;-0,01;-0,01;-0,04;-0,04;-0,12;-0,12;-0,01;-0,01;-0,02;-0,02;-0,05;-0,05;-0,03;-0,03;-0,08;-0,08;-0,02;-0,02;-0,02;-0,02;-0,01;-0,01;0,0;0,0;-0,02;-0,02;-0,05;-0,05;-0,02;-0,02;0,0;0,0;-0,09;-0,09;-0,02;-0,02;-0,03;-0,03;-0,01;-0,01;-0,03;-0,03;-0,01;-0,01;-0,01;-0,01;-0,01;-0,01;-0,01;-0,01;-0,01;-0,01;-0,02;-0,02
21.08.2026;22:45;23:00;0,0;0,0;0,0;0,0;-0,03;-0,03;-0,09;-0,09;-0,01;-0,01;-0,02;-0,02;-0,02;-0,02;-0,03;-0,03;-0,06;-0,06;-0,02;-0,02;-0,01;-0,01;-0,01;-0,01;-0,01;-0,01;-0,02;-0,02;-0,05;-0,05;-0,02;-0,02;-0,02;-0,02;-0,1;-0,1;-0,03;-0,03;-0,04;-0,04;-0,01;-0,01;-0,01;-0,01;-0,01;-0,01;-0,01;-0,01;-0,02;-0,02;-0,02;-0,02;-0,01;-0,01;-0,02;-0,02
21.08.2026;23:00;23:15;0,0;0,0;0,0;0,0;-0,03;-0,03;-0,17;-0,17;-0,01;-0,01;-0,02;-0,02;-0,01;-0,01;-0,03;-0,03;-0,06;-0,06;-0,01;-0,01;0,0;0,0;-0,01;-0,01;0,0;0,0;-0,01;-0,01;-0,04;-0,04;-0,02;-0,02;-0,01;-0,01;-0,1;-0,1;-0,01;-0,01;-0,02;-0,02;0,0;0,0;-0,01;-0,01;-0,01;-0,01;-0,02;-0,02;-0,01;-0,01;-0,01;-0,01;-0,02;-0,02;-0,02;-0,02
21.08.2026;23:15;23:30;0,0;0,0;0,0;0,0;-0,03;-0,03;-0,12;-0,12;0,0;0,0;-0,02;-0,02;-0,04;-0,04;-0,03;-0,03;-0,06;-0,06;-0,02;-0,02;-0,01;-0,01;0,0;0,0;0,0;0,0;-0,01;-0,01;-0,04;-0,04;-0,01;-0,01;0,0;0,0;-0,09;-0,09;-0,01;-0,01;-0,04;-0,04;-0,01;-0,01;-0,01;-0,01;0,0;0,0;-0,01;-0,01;-0,01;-0,01;-0,01;-0,01;-0,01;-0,01;-0,01;-0,01
21.08.2026;23:30;23:45;0,0;0,0;0,0;0,0;-0,01;-0,01;-0,07;-0,07;-0,01;-0,01;-0,02;-0,02;-0,04;-0,04;-0,03;-0,03;-0,08;-0,08;-0,01;-0,01;0,0;0,0;-0,01;-0,01;0,0;0,0;0,0;0,0;-0,05;-0,05;0,0;0,0;-0,01;-0,01;-0,1;-0,1;-0,01;-0,01;-0,03;-0,03;-0,01;-0,01;-0,02;-0,02;-0,02;-0,02;-0,01;-0,01;-0,01;-0,01;-0,01;-0,01;-0,01;-0,01;-0,02;-0,02
21.08.2026;23:45;00:00;0,0;0,0;-0,01;-0,01;-0,02;-0,02;-0,07;-0,07;-0,01;-0,01;-0,02;-0,02;-0,04;-0,04;-0,03;-0,03;-0,02;-0,02;-0,02;-0,02;-0,01;-0,01;-0,01;-0,01;0,0;0,0;-0,02;-0,02;-0,05;-0,05;-0,03;-0,03;-0,01;-0,01;-0,09;-0,09;-0,01;-0,01;-0,03;-0,03;-0,01;-0,01;-0,02;-0,02;-0,01;-0,01;-0,01;-0,01;-0,02;-0,02;-0,01;-0,01;-0,02;-0,02;-0,01;-0,01
22.08.2026;00:00;00:15;0,0;0,0;0,0;0,0;0,0;0,0;-0,15;-0,15;0,0;0,0;-0,02;-0,02;-0,04;-0,04;-0,03;-0,03;-0,02;-0,02;-0,02;-0,02;-0,01;-0,01;-0,01;-0,01;0,0;0,0;-0,01;-0,01;-0,04;-0,04;-0,02;-0,02;-0,01;-0,01;-0,09;-0,09;-0,01;-0,01;-0,02;-0,02;-0,01;-0,01;-0,01;-0,01;0,0;0,0;-0,02;-0,02;-0,01;-0,01;-0,01;-0,01;-0,01;-0,01;-0,02;-0,02
22.08.2026;00:15;00:30;0,0;0,0;0,0;0,0;-0,01;-0,01;-0,21;-0,21;-0,01;-0,01;-0,01;-0,01;-0,05;-0,05;-0,03;-0,03;-0,02;-0,02;-0,01;-0,01;-0,02;-0,02;-0,01;-0,01;0,0;0,0;0,0;0,0;-0,05;-0,05;-0,03;-0,03;-0,01;-0,01;-0,09;-0,09;-0,01;-0,01;-0,03;-0,03;-0,01;-0,01;-0,01;-0,01;-0,02;-0,02;0,0;0,0;-0,01;-0,01;-0,01;-0,01;-0,01;-0,01;-0,01;-0,01
22.08.2026;00:30;00:45;0,0;0,0;0,0;0,0;0,0;0,0;-0,13;-0,13;0,0;0,0;-0,01;-0,01;-0,03;-0,03;-0,02;-0,02;-0,05;-0,05;-0,01;-0,01;-0,01;-0,01;0,0;0,0;0,0;0,0;-0,01;-0,01;-0,05;-0,05;-0,03;-0,03;-0,01;-0,01;-0,17;-0,17;-0,01;-0,01;-0,02;-0,02;0,0;0,0;-0,02;-0,02;0,0;0,0;-0,01;-0,01;-0,01;-0,01;0,0;0,0;-0,01;-0,01;-0,01;-0,01
22.08.2026;00:45;01:00;0,0;0,0;-0,01;-0,01;-0,01;-0,01;-0,09;-0,09;-0,01;-0,01;-0,01;-0,01;-0,04;-0,04;-0,02;-0,02;-0,09;-0,09;-0,01;-0,01;-0,01;-0,01;-0,01;-0,01;0,0;0,0;-0,02;-0,02;-0,04;-0,04;-0,02;-0,02;0,0;0,0;-0,16;-0,16;-0,02;-0,02;-0,02;-0,02;-0,01;-0,01;-0,02;-0,02;-0,01;-0,01;-0,04;-0,04;-0,01;-0,01;-0,02;-0,02;-0,02;-0,02;-0,01;-0,01
22.08.2026;01:00;01:15;0,0;0,0;0,0;0,0;-0,01;-0,01;-0,05;-0,05;-0,01;-0,01;0,0;0,0;-0,04;-0,04;-0,01;-0,01;-0,03;-0,03;0,0;0,0;-0,02;-0,02;-0,01;-0,01;0,0;0,0;-0,01;-0,01;-0,04;-0,04;-0,01;-0,01;-0,01;-0,01;-0,1;-0,1;0,0;0,0;-0,02;-0,02;-0,01;-0,01;-0,01;-0,01;-0,01;-0,01;-0,04;-0,04;-0,01;-0,01;-0,01;-0,01;-0,01;-0,01;0,0;0,0
22.08.2026;01:15;01:30;0,0;0,0;0,0;0,0;-0,01;-0,01;-0,07;-0,07;0,0;0,0;0,0;0,0;-0,04;-0,04;-0,01;-0,01;-0,03;-0,03;0,0;0,0;0,0;0,0;-0,01;-0,01;0,0;0,0;0,0;0,0;-0,05;-0,05;-0,01;-0,01;-0,01;-0,01;-0,08;-0,08;-0,01;-0,01;-0,02;-0,02;0,0;0,0;-0,01;-0,01;-0,01;-0,01;-0,04;-0,04;-0,01;-0,01;-0,02;-0,02;-0,01;-0,01;0,0;0,0
22.08.2026;01:30;01:45;0,0;0,0;0,0;0,0;-0,02;-0,02;-0,09;-0,09;0,0;0,0;-0,01;-0,01;-0,04;-0,04;-0,01;-0,01;-0,03;-0,03;-0,01;-0,01;0,0;0,0;-0,01;-0,01;0,0;0,0;0,0;0,0;-0,05;-0,05;-0,01;-0,01;-0,01;-0,01;-0,08;-0,08;-0,02;-0,02;-0,03;-0,03;-0,02;-0,02;-0,01;-0,01;-0,01;-0,01;-0,02;-0,02;-0,01;-0,01;0,0;0,0;-0,02;-0,02;0,0;0,0
22.08.2026;01:45;02:00;0,0;0,0;0,0;0,0;-0,01;-0,01;-0,06;-0,06;-0,01;-0,01;-0,01;-0,01;-0,03;-0,03;-0,01;-0,01;-0,03;-0,03;-0,01;-0,01;0,0;0,0;0,0;0,0;0,0;0,0;-0,02;-0,02;-0,03;-0,03;-0,02;-0,02;0,0;0,0;-0,09;-0,09;0,0;0,0;-0,02;-0,02;0,0;0,0;-0,02;-0,02;-0,01;-0,01;-0,02;-0,02;-0,01;-0,01;-0,01;-0,01;-0,01;-0,01;-0,02;-0,02
22.08.2026;02:00;02:15;0,0;0,0;-0,01;-0,01;-0,01;-0,01;-0,05;-0,05;-0,01;-0,01;-0,02;-0,02;-0,04;-0,04;-0,01;-0,01;-0,02;-0,02;-0,01;-0,01;-0,02;-0,02;-0,01;-0,01;0,0;0,0;-0,01;-0,01;-0,01;-0,01;0,0;0,0;-0,01;-0,01;-0,08;-0,08;-0,01;-0,01;-0,02;-0,02;-0,01;-0,01;-0,02;-0,02;-0,01;-0,01;-0,01;-0,01;-0,01;-0,01;-0,01;-0,01;-0,01;-0,01;-0,02;-0,02
22.08.2026;02:15;02:30;0,0;0,0;0,0;0,0;-0,01;-0,01;-0,06;-0,06;0,0;0,0;-0,01;-0,01;-0,04;-0,04;-0,01;-0,01;-0,03;-0,03;-0,02;-0,02;-0,01;-0,01;-0,01;-0,01;0,0;0,0;-0,01;-0,01;-0,01;-0,01;-0,01;-0,01;-0,01;-0,01;-0,05;-0,05;-0,02;-0,02;-0,02;-0,02;-0,01;-0,01;-0,01;-0,01;-0,01;-0,01;-0,01;-0,01;-0,01;-0,01;-0,01;-0,01;-0,01;-0,01;-0,01;-0,01
22.08.2026;02:30;02:45;0,0;0,0;0,0;0,0;0,0;0,0;-0,06;-0,06;-0,01;-0,01;-0,01;-0,01;-0,04;-0,04;-0,01;-0,01;-0,01;-0,01;-0,02;-0,02;-0,02;-0,02;-0,01;-0,01;0,0;0,0;0,0;0,0;-0,02;-0,02;-0,01;-0,01;-0,01;-0,01;-0,04;-0,04;0,0;0,0;-0,02;-0,02;-0,01;-0,01;-0,01;-0,01;0,0;0,0;-0,01;-0,01;-0,02;-0,02;-0,01;-0,01;-0,01;-0,01;-0,01;-0,01
22.08.2026;02:45;03:00;0,0;0,0;0,0;0,0;-0,01;-0,01;-0,05;-0,05;-0,01;-0,01;-0,02;-0,02;-0,04;-0,04;-0,01;-0,01;-0,02;-0,02;-0,01;-0,01;-0,01;-0,01;-0,01;-0,01;0,0;0,0;-0,02;-0,02;-0,01;-0,01;-0,01;-0,01;-0,01;-0,01;-0,01;-0,01;-0,02;-0,02;-0,02;-0,02;-0,01;-0,01;-0,02;-0,02;-0,02;-0,02;-0,02;-0,02;-0,01;-0,01;-0,03;-0,03;-0,02;-0,02;-0,01;-0,01
22.08.2026;03:00;03:15;0,0;0,0;-0,01;-0,01;0,0;0,0;-0,06;-0,06;0,0;0,0;0,0;0,0;-0,03;-0,03;-0,01;-0,01;-0,01;-0,01;-0,01;-0,01;-0,02;-0,02;0,0;0,0;0,0;0,0;-0,01;-0,01;0,0;0,0;-0,01;-0,01;0,0;0,0;-0,01;-0,01;-0,01;-0,01;-0,02;-0,02;0,0;0,0;-0,02;-0,02;-0,01;-0,01;-0,01;-0,01;-0,01;-0,01;-0,03;-0,03;-0,01;-0,01;0,0;0,0
22.08.2026;03:15;03:30;0,0;0,0;0,0;0,0;-0,02;-0,02;-0,06;-0,06;-0,01;-0,01;0,0;0,0;-0,04;-0,04;-0,01;-0,01;-0,03;-0,03;-0,01;-0,01;0,0;0,0;-0,01;-0,01;0,0;0,0;0,0;0,0;-0,01;-0,01;-0,01;-0,01;-0,01;-0,01;-0,02;-0,02;-0,01;-0,01;-0,02;-0,02;-0,01;-0,01;-0,02;-0,02;0,0;0,0;0,0;0,0;0,0;0,0;-0,03;-0,03;-0,01;-0,01;0,0;0,0
22.08.2026;03:30;03:45;0,0;0,0;0,0;0,0;-0,01;-0,01;-0,05;-0,05;0,0;0,0;-0,01;-0,01;-0,05;-0,05;-0,01;-0,01;-0,01;-0,01;0,0;0,0;0,0;0,0;-0,01;-0,01;0,0;0,0;-0,01;-0,01;-0,02;-0,02;-0,01;-0,01;-0,01;-0,01;-0,02;-0,02;-0,01;-0,01;-0,02;-0,02;-0,01;-0,01;-0,01;-0,01;-0,02;-0,02;-0,02;-0,02;0,0;0,0;-0,01;-0,01;-0,01;-0,01;-0,01;-0,01
22.08.2026;03:45;04:00;0,0;0,0;0,0;0,0;-0,01;-0,01;-0,06;-0,06;-0,01;-0,01;0,0;0,0;-0,04;-0,04;-0,01;-0,01;-0,02;-0,02;-0,01;-0,01;0,0;0,0;0,0;0,0;-0,01;-0,01;-0,02;-0,02;-0,01;-0,01;-0,02;-0,02;-0,01;-0,01;-0,02;-0,02;-0,01;-0,01;-0,02;-0,02;-0,01;-0,01;-0,01;-0,01;0,0;0,0;-0,01;-0,01;-0,01;-0,01;-0,02;-0,02;-0,01;-0,01;-0,02;-0,02
22.08.2026;04:00;04:15;0,0;0,0;0,0;0,0;-0,02;-0,02;-0,06;-0,06;-0,01;-0,01;-0,02;-0,02;-0,04;-0,04;-0,01;-0,01;-0,02;-0,02;0,0;0,0;-0,02;-0,02;-0,02;-0,02;0,0;0,0;-0,01;-0,01;-0,01;-0,01;-0,02;-0,02;0,0;0,0;-0,02;-0,02;-0,01;-0,01;-0,02;-0,02;-0,01;-0,01;-0,01;-0,01;-0,01;-0,01;-0,01;-0,01;-0,01;-0,01;-0,01;-0,01;-0,01;-0,01;-0,01;-0,01
22.08.2026;04:15;04:30;0,0;0,0;-0,01;-0,01;-0,01;-0,01;-0,05;-0,05;0,0;0,0;-0,01;-0,01;-0,04;-0,04;0,0;0,0;-0,02;-0,02;-0,01;-0,01;-0,01;-0,01;0,0;0,0;0,0;0,0;0,0;0,0;-0,01;-0,01;-0,01;-0,01;0,0;0,0;-0,01;-0,01;-0,02;-0,02;-0,02;-0,02;-0,01;-0,01;-0,03;-0,03;-0,02;-0,02;-0,01;-0,01;-0,01;-0,01;-0,02;-0,02;-0,01;-0,01;-0,01;-0,01
22.08.2026;04:30;04:45;0,0;0,0;0,0;0,0;0,0;0,0;-0,05;-0,05;-0,01;-0,01;-0,02;-0,02;-0,04;-0,04;-0,01;-0,01;-0,01;-0,01;-0,01;-0,01;-0,01;-0,01;-0,01;-0,01;0,0;0,0;-0,01;-0,01;-0,07;-0,07;-0,02;-0,02;-0,01;-0,01;0,0;0,0;0,0;0,0;-0,02;-0,02;0,0;0,0;-0,01;-0,01;0,0;0,0;-0,02;-0,02;-0,01;-0,01;0,0;0,0;-0,01;-0,01;0,0;0,0
22.08.2026;04:45;05:00;0,0;0,0;0,0;0,0;-0,01;-0,01;-0,07;-0,07;0,0;0,0;-0,01;-0,01;-0,12;-0,12;-0,04;-0,04;-0,03;-0,03;-0,02;-0,02;-0,02;-0,02;-0,01;-0,01;0,0;0,0;-0,01;-0,01;-0,01;-0,01;-0,01;-0,01;-0,01;-0,01;-0,02;-0,02;-0,01;-0,01;-0,02;-0,02;-0,02;-0,02;-0,01;-0,01;-0,01;-0,01;0,0;0,0;-0,01;-0,01;-0,01;-0,01;-0,01;-0,01;-0,01;-0,01
22.08.2026;05:00;05:15;0,0;0,0;0,0;0,0;0,0;0,0;-0,05;-0,05;-0,01;-0,01;-0,01;-0,01;-0,09;-0,09;-0,05;-0,05;-0,03;-0,03;-0,02;-0,02;-0,01;-0,01;0,0;0,0;0,0;0,0;-0,01;-0,01;-0,02;-0,02;-0,01;-0,01;-0,01;-0,01;-0,02;-0,02;-0,02;-0,02;-0,02;-0,02;0,0;0,0;-0,01;-0,01;-0,01;-0,01;-0,01;-0,01;-0,01;-0,01;-0,01;-0,01;-0,02;-0,02;0,0;0,0
22.08.2026;05:15;05:30;0,0;0,0;-0,01;-0,01;-0,01;-0,01;-0,07;-0,07;-0,01;-0,01;0,0;0,0;-0,05;-0,05;-0,02;-0,02;-0,02;-0,02;-0,02;-0,02;0,0;0,0;-0,02;-0,02;0,0;0,0;-0,01;-0,01;-0,01;-0,01;-0,01;-0,01;-0,01;-0,01;-0,01;-0,01;0,0;0,0;-0,02;-0,02;-0,01;-0,01;-0,02;-0,02;-0,01;-0,01;-0,02;-0,02;-0,02;-0,02;-0,01;-0,01;0,0;0,0;-0,01;-0,01
22.08.2026;05:30;05:45;0,0;0,0;0,0;0,0;-0,01;-0,01;-0,06;-0,06;0,0;0,0;-0,01;-0,01;-0,04;-0,04;-0,03;-0,03;-0,03;-0,03;0,0;0,0;-0,01;-0,01;0,0;0,0;0,0;0,0;0,0;0,0;-0,01;-0,01;-0,01;-0,01;0,0;0,0;-0,01;-0,01;-0,01;-0,01;-0,02;-0,02;-0,01;-0,01;-0,02;-0,02;-0,01;-0,01;-0,01;-0,01;-0,01;-0,01;-0,01;-0,01;-0,02;-0,02;-0,01;-0,01
22.08.2026;05:45;06:00;0,0;0,0;0,0;0,0;-0,02;-0,02;-0,06;-0,06;-0,01;-0,01;0,0;0,0;-0,04;-0,04;-0,02;-0,02;-0,02;-0,02;-0,07;-0,07;0,0;0,0;-0,01;-0,01;0,0;0,0;-0,02;-0,02;-0,01;-0,01;-0,01;-0,01;-0,01;-0,01;-0,01;-0,01;-0,02;-0,02;-0,02;-0,02;-0,01;-0,01;-0,01;-0,01;-0,01;-0,01;0,0;0,0;-0,01;-0,01;-0,02;-0,02;0,0;0,0;-0,02;-0,02
22.08.2026;06:00;06:15;0,0;0,0;0,0;0,0;-0,03;-0,03;-0,06;-0,06;-0,01;-0,01;-0,01;-0,01;-0,04;-0,04;-0,02;-0,02;-0,03;-0,03;-0,01;-0,01;-0,01;-0,01;-0,01;-0,01;0,0;0,0;-0,01;-0,01;-0,01;-0,01;-0,01;-0,01;-0,06;-0,06;-0,01;-0,01;0,0;0,0;-0,02;-0,02;-0,01;-0,01;-0,01;-0,01;-0,01;-0,01;-0,02;-0,02;-0,01;-0,01;-0,01;-0,01;-0,01;-0,01;-0,01;-0,01
22.08.2026;06:15;06:30;0,02;0,02;0,0;0,0;-0,02;-0,02;-0,08;-0,08;0,0;0,0;-0,01;-0,01;-0,04;-0,04;-0,01;-0,01;-0,03;-0,03;-0,09;-0,09;-0,02;-0,02;0,0;0,0;0,0;0,0;0,0;0,0;-0,01;-0,01;-0,01;-0,01;-0,04;-0,04;-0,01;-0,01;-0,01;-0,01;-0,02;-0,02;-0,01;-0,01;-0,01;-0,01;-0,01;-0,01;-0,01;-0,01;-0,01;-0,01;-0,01;-0,01;-0,02;-0,02;0,0;0,0
22.08.2026;06:30;06:45;0,02;0,02;-0,01;-0,01;-0,02;-0,02;-0,09;-0,09;-0,01;-0,01;-0,02;-0,02;-0,04;-0,04;-0,01;-0,01;-0,01;-0,01;-0,01;-0,01;-0,01;-0,01;-0,01;-0,01;0,0;0,0;-0,01;-0,01;-0,01;-0,01;-0,02;-0,02;0,0;0,0;-0,02;-0,02;-0,02;-0,02;-0,02;-0,02;-0,01;-0,01;-0,03;-0,03;0,0;0,0;-0,01;-0,01;-0,01;-0,01;-0,01;-0,01;0,0;0,0;0,0;0,0
22.08.2026;06:45;07:00;0,01;0,01;0,0;0,0;-0,03;-0,03;-0,11;-0,11;0,0;0,0;-0,01;-0,01;-0,03;-0,03;-0,04;-0,04;-0,03;-0,03;-0,02;-0,02;-0,01;-0,01;-0,01;-0,01;0,0;0,0;-0,04;-0,04;-0,01;-0,01;-0,1;-0,1;-0,04;-0,04;-0,01;-0,01;0,0;0,0;-0,02;-0,02;-0,08;-0,08;-0,01;-0,01;-0,02;-0,02;-0,02;-0,02;-0,02;-0,02;-0,01;-0,01;-0,02;-0,02;0,0;0,0
22.08.2026;07:00;07:15;0,03;0,03;0,0;0,0;-0,04;-0,04;-0,09;-0,09;-0,01;-0,01;-0,01;-0,01;-0,04;-0,04;-0,03;-0,03;-0,02;-0,02;-0,01;-0,01;-0,02;-0,02;0,0;0,0;0,0;0,0;-0,02;-0,02;-0,01;-0,01;-0,06;-0,06;-0,01;-0,01;-0,01;-0,01;-0,03;-0,03;-0,04;-0,04;-0,05;-0,05;-0,01;-0,01;-0,01;-0,01;-0,01;-0,01;-0,01;-0,01;-0,01;-0,01;-0,01;-0,01;-0,02;-0,02
22.08.2026;07:15;07:30;0,05;0,05;0,0;0,0;-0,22;-0,22;-0,17;-0,17;-0,01;-0,01;-0,01;-0,01;-0,04;-0,04;-0,02;-0,02;-0,03;-0,03;-0,02;-0,02;0,0;0,0;-0,02;-0,02;0,0;0,0;-0,01;-0,01;-0,01;-0,01;-0,07;-0,07;-0,02;-0,02;-0,01;-0,01;-0,02;-0,02;-0,02;-0,02;-0,01;-0,01;-0,01;-0,01;0,0;0,0;-0,01;-0,01;-0,01;-0,01;-0,01;-0,01;-0,01;-0,01;-0,01;-0,01
22.08.2026;07:30;07:45;0,23;0,17;-0,01;-0,01;-0,68;-0,68;-0,11;-0,05;0,0;0,0;0,0;0,0;-0,03;-0,03;-0,03;-0,03;-0,02;-0,02;-0,02;-0,02;0,0;0,0;0,0;0,0;0,0;0,0;-0,01;-0,01;-0,01;-0,01;-0,06;-0,06;-0,01;-0,01;-0,01;-0,01;-0,02;-0,02;-0,03;-0,03;-0,02;-0,02;-0,02;-0,02;-0,04;-0,04;-0,01;-0,01;-0,01;-0,01;0,0;0,0;-0,01;-0,01;-0,02;-0,02
22.08.2026;07:45;08:00;0,27;0,2;0,0;0,0;-0,57;-0,57;-0,07;0,0;-0,01;-0,01;0,0;0,0;-0,04;-0,04;-0,01;-0,01;-0,02;-0,02;-0,02;-0,02;0,0;0,0;-0,01;-0,01;0,0;0,0;-0,03;-0,03;-0,01;-0,01;-0,07;-0,07;-0,01;-0,01;-0,01;-0,01;-0,04;-0,04;-0,02;-0,02;0,0;0,0;-0,02;-0,02;-0,06;-0,06;-0,01;-0,01;-0,01;-0,01;-0,02;-0,02;-0,07;-0,07;0,0;0,0
22.08.2026;08:00;08:15;0,0;0,0;0,0;0,0;-0,24;-0,24;-0,06;-0,06;0,0;0,0;-0,01;-0,01;-0,04;-0,04;-0,05;-0,05;-0,03;-0,03;0,0;0,0;-0,02;-0,02;-0,01;-0,01;0,0;0,0;-0,04;-0,04;-0,01;-0,01;-0,07;-0,07;0,0;0,0;-0,02;-0,02;-0,05;-0,05;-0,03;-0,03;-0,02;-0,02;-0,01;-0,01;-0,06;-0,06;-0,01;-0,01;-0,01;-0,01;-0,02;-0,02;-0,02;-0,02;0,0;0,0
22.08.2026;08:15;08:30;0,0;0,0;0,0;0,0;-0,05;-0,05;-0,08;-0,08;0,0;0,0;-0,02;-0,02;-0,03;-0,03;-0,02;-0,02;-0,02;-0,02;-0,01;-0,01;-0,01;-0,01;-0,02;-0,02;0,0;0,0;-0,02;-0,02;-0,01;-0,01;-0,07;-0,07;-0,01;-0,01;-0,01;-0,01;-0,06;-0,06;-0,03;-0,03;-0,03;-0,03;-0,01;-0,01;-0,08;-0,08;-0,01;-0,01;-0,02;-0,02;-0,01;-0,01;-0,05;-0,05;0,0;0,0
22.08.2026;08:30;08:45;0,55;0,24;-0,01;0,0;-0,35;-0,34;-0,08;0,0;-0,01;0,0;-0,01;0,0;-0,04;-0,03;-0,02;-0,01;-0,02;-0,01;0,0;0,0;-0,01;0,0;-0,02;-0,01;0,0;0,0;-0,02;-0,01;-0,01;0,0;-0,06;-0,05;-0,01;0,0;-0,02;-0,01;-0,26;-0,25;-0,02;-0,01;-0,03;-0,02;-0,01;0,0;-0,07;-0,06;-0,02;-0,01;-0,01;0,0;0,0;0,0;-0,11;-0,1;-0,01;0,0
22.08.2026;08:45;09:00;0,48;0,16;0,0;0,0;-0,05;-0,04;-0,08;0,0;-0,01;0,0;-0,01;0,0;-0,03;-0,02;-0,02;-0,01;-0,03;-0,02;-0,01;0,0;-0,02;-0,01;-0,13;-0,12;-0,01;0,0;-0,03;-0,02;-0,01;0,0;-0,07;-0,06;-0,01;0,0;0,0;0,0;-0,09;-0,08;-0,03;-0,02;-0,02;-0,01;-0,03;-0,02;-0,08;-0,07;-0,01;0,0;-0,01;0,0;-0,01;0,0;-0,11;-0,1;-0,01;0,0
22.08.2026;09:00;09:15;0,52;0,24;0,0;0,0;-0,04;-0,03;-0,08;0,0;0,0;0,0;-0,02;-0,01;-0,04;-0,03;-0,03;-0,02;-0,02;-0,01;0,0;0,0;-0,01;0,0;-0,03;-0,02;0,0;0,0;-0,05;-0,04;-0,01;0,0;-0,07;-0,06;0,0;0,0;-0,01;0,0;-0,05;-0,04;-0,02;-0,01;-0,02;-0,01;-0,02;-0,01;-0,06;-0,05;0,0;0,0;-0,01;0,0;-0,01;0,0;-0,04;-0,03;-0,02;-0,01
22.08.2026;09:15;09:30;0,66;0,24;0,0;0,0;-0,03;-0,01;-0,07;0,0;-0,01;0,0;0,0;0,0;-0,04;-0,02;-0,01;0,0;-0,04;-0,02;-0,01;0,0;-0,01;0,0;-0,29;-0,27;0,0;0,0;-0,07;-0,05;-0,01;0,0;-0,06;-0,04;-0,03;-0,01;-0,01;0,0;-0,05;-0,03;-0,03;-0,01;-0,01;0,0;-0,01;0,0;-0,06;-0,04;-0,02;0,0;-0,01;0,0;-0,01;0,0;-0,16;-0,14;-0,01;0,0
22.08.2026;09:30;09:45;0,64;0,2;0,0;0,0;-0,06;-0,04;-0,08;0,0;-0,01;0,0;-0,01;0,0;-0,03;-0,01;-0,04;-0,02;-0,03;-0,01;-0,01;0,0;0,0;0,0;-0,19;-0,17;0,0;0,0;-0,02;0,0;-0,01;0,0;-0,06;-0,04;-0,01;0,0;-0,02;0,0;-0,05;-0,03;-0,14;-0,12;-0,01;0,0;-0,01;0,0;-0,07;-0,05;-0,01;0,0;-0,02;0,0;-0,01;0,0;-0,17;-0,15;-0,01;0,0
22.08.2026;09:45;10:00;0,61;0,16;-0,01;0,0;-0,02;0,0;-0,11;-0,02;0,0;0,0;0,0;0,0;-0,04;-0,02;-0,02;0,0;-0,21;-0,19;-0,02;0,0;0,0;0,0;-0,07;-0,05;0,0;0,0;-0,19;-0,17;-0,07;-0,05;-0,06;-0,04;-0,01;0,0;-0,01;0,0;-0,05;-0,03;-0,02;0,0;-0,01;0,0;-0,01;0,0;-0,06;-0,04;-0,01;0,0;0,0;0,0;-0,02;0,0;-0,24;-0,22;-0,02;0,0
22.08.2026;10:00;10:15;0,2;0,15;0,0;0,0;-0,03;-0,03;-0,11;-0,06;-0,01;-0,01;-0,01;-0,01;-0,03;-0,03;-0,03;-0,03;-0,3;-0,3;-0,02;-0,02;-0,01;-0,01;-0,01;-0,01;0,0;0,0;-0,17;-0,17;-0,01;-0,01;-0,05;-0,05;-0,01;-0,01;-0,01;-0,01;-0,04;-0,04;-0,03;-0,03;-0,01;-0,01;-0,02;-0,02;-0,06;-0,06;-0,02;-0,02;0,0;0,0;-0,01;-0,01;-0,24;-0,24;-0,01;-0,01
22.08.2026;10:15;10:30;0,31;0,07;0,0;0,0;-0,46;-0,45;-0,08;-0,06;0,0;0,0;-0,01;0,0;-0,04;-0,03;-0,02;-0,01;-0,22;-0,21;-0,01;0,0;-0,02;-0,01;-0,01;0,0;0,0;0,0;-0,06;-0,05;-0,01;0,0;-0,02;-0,01;-0,01;0,0;-0,01;0,0;-0,04;-0,03;-0,02;-0,01;-0,04;-0,03;-0,02;-0,01;-0,07;-0,06;-0,41;-0,4;0,0;0,0;-0,01;0,0;-0,23;-0,22;-0,01;0,0
22.08.2026;10:30;10:45;0,46;0,16;0,0;0,0;-0,29;-0,28;-0,2;-0,12;-0,01;0,0;-0,01;0,0;-0,03;-0,02;-0,02;-0,01;-0,24;-0,23;-0,04;-0,03;-0,01;0,0;-0,01;0,0;0,0;0,0;-0,04;-0,03;-0,01;0,0;-0,01;0,0;0,0;0,0;0,0;0,0;-0,05;-0,04;-0,18;-0,17;-0,04;-0,03;-0,01;0,0;-0,06;-0,05;-0,47;-0,46;-0,02;-0,01;-0,01;0,0;-0,24;-0,23;-0,01;0,0
22.08.2026;10:45;11:00;0,92;0,23;-0,01;0,0;-0,33;-0,29;-0,11;0,0;-0,01;0,0;-0,02;0,0;-0,04;0,0;-0,05;-0,01;-0,31;-0,27;-0,04;0,0;-0,01;0,0;0,0;0,0;0,0;0,0;-0,05;-0,01;-0,01;0,0;-0,02;0,0;-0,02;0,0;-0,02;0,0;-0,02;0,0;-0,03;0,0;-0,02;0,0;-0,01;0,0;-0,07;-0,03;-0,31;-0,27;-0,01;0,0;0,0;0,0;-0,23;-0,19;-0,01;0,0
22.08.2026;11:00;11:15;2,29;0,77;0,0;0,0;-0,22;0,0;-0,09;0,0;-0,01;0,0;-0,01;0,0;-0,03;0,0;-0,2;0,0;-0,1;0,0;-0,04;0,0;-0,02;0,0;-0,01;0,0;0,0;0,0;-0,04;0,0;-0,01;0,0;0,0;0,0;-0,01;0,0;-0,01;0,0;-0,02;0,0;-0,42;-0,2;-0,01;0,0;-0,02;0,0;-0,08;0,0;-0,11;0,0;-0,02;0,0;-0,02;0,0;-0,24;-0,02;0,0;0,0
22.08.2026;11:15;11:30;0,29;0,06;0,0;0,0;-0,09;-0,08;-0,1;-0,08;-0,01;0,0;-0,01;0,0;-0,04;-0,03;-0,15;-0,14;-0,09;-0,08;-0,02;-0,01;0,0;0,0;-0,01;0,0;0,0;0,0;-0,03;-0,02;-0,04;-0,03;-0,02;-0,01;-0,01;0,0;-0,01;0,0;-0,04;-0,03;-0,11;-0,1;-0,01;0,0;-0,02;-0,01;-0,05;-0,04;-0,07;-0,06;-0,01;0,0;0,0;0,0;-0,1;-0,09;0,0;0,0
22.08.2026;11:30;11:45;0,02;0,02;0,0;0,0;-0,11;-0,11;-0,11;-0,11;-0,08;-0,08;-0,01;-0,01;-0,04;-0,04;-0,2;-0,2;-0,07;-0,07;-0,03;-0,03;0,0;0,0;-0,01;-0,01;0,0;0,0;-0,01;-0,01;-0,01;-0,01;-0,03;-0,03;-0,01;-0,01;-0,01;-0,01;-0,02;-0,02;-0,04;-0,04;-0,02;-0,02;-0,01;-0,01;-0,08;-0,08;-0,05;-0,05;-0,01;-0,01;-0,01;-0,01;-0,22;-0,22;-0,02;-0,02
22.08.2026;11:45;12:00;0,04;0,04;0,0;0,0;-0,02;-0,02;-0,24;-0,24;-0,01;-0,01;0,0;0,0;-0,04;-0,04;-0,2;-0,2;-0,05;-0,05;-0,03;-0,03;0,0;0,0;-0,01;-0,01;0,0;0,0;-0,02;-0,02;-0,03;-0,03;-0,05;-0,05;-0,01;-0,01;-0,06;-0,06;-0,03;-0,03;-0,05;-0,05;-0,02;-0,02;-0,01;-0,01;-0,09;-0,09;-0,03;-0,03;-0,01;-0,01;-0,02;-0,02;-0,42;-0,42;-0,03;-0,03
22.08.2026;12:00;12:15;3,82;2,55;-0,01;0,0;-0,03;0,0;-0,24;0,0;0,0;0,0;0,0;0,0;-0,03;0,0;-0,05;0,0;-0,04;0,0;-0,03;0,0;-0,02;0,0;-0,01;0,0;0,0;0,0;-0,01;0,0;-0,03;0,0;-0,03;0,0;0,0;0,0;-0,13;0,0;-0,04;0,0;-0,08;0,0;-0,02;0,0;-0,01;0,0;-0,11;0,0;-0,02;0,0;-0,02;0,0;-0,01;0,0;-0,05;0,0;-0,25;0,0
22.08.2026;12:15;12:30;3,14;1,95;0,0;0,0;-0,03;0,0;-0,15;0,0;-0,01;0,0;-0,01;0,0;-0,05;0,0;-0,02;0,0;-0,07;0,0;-0,03;0,0;-0,01;0,0;0,0;0,0;0,0;0,0;0,0;0,0;-0,04;0,0;-0,04;0,0;-0,01;0,0;-0,1;0,0;-0,21;0,0;-0,15;0,0;-0,01;0,0;-0,03;0,0;-0,08;0,0;-0,03;0,0;-0,01;0,0;-0,01;0,0;-0,05;0,0;-0,04;0,0
22.08.2026;12:30;12:45;1,83;0,56;0,0;0,0;-0,01;0,0;-0,1;0,0;-0,01;0,0;-0,02;0,0;-0,04;0,0;-0,54;-0,39;-0,01;0,0;-0,03;0,0;-0,01;0,0;-0,01;0,0;0,0;0,0;-0,02;0,0;-0,05;0,0;-0,03;0,0;-0,01;0,0;-0,05;0,0;-0,26;-0,11;-0,08;0,0;-0,01;0,0;-0,01;0,0;-0,08;0,0;-0,03;0,0;-0,24;-0,09;-0,01;0,0;-0,15;0,0;-0,05;0,0
22.08.2026;12:45;13:00;1,85;0,39;0,0;0,0;-0,01;0,0;-0,38;0,0;-0,01;0,0;-0,01;0,0;-0,04;0,0;-0,38;-0,24;-0,02;0,0;-0,04;0,0;-0,02;0,0;-0,01;0,0;0,0;0,0;-0,01;0,0;-0,04;0,0;-0,03;0,0;-0,01;0,0;-0,05;0,0;-0,19;-0,05;-0,05;0,0;-0,01;0,0;-0,01;0,0;-0,06;0,0;-0,04;0,0;-0,35;-0,21;-0,01;0,0;-0,19;-0,05;-0,04;0,0
22.08.2026;13:00;13:15;2,91;1,75;-0,01;0,0;-0,02;0,0;-0,26;0,0;-0,01;0,0;-0,01;0,0;-0,03;0,0;-0,11;0,0;-0,02;0,0;-0,03;0,0;-0,01;0,0;-0,01;0,0;0,0;0,0;-0,02;0,0;-0,04;0,0;-0,02;0,0;-0,01;0,0;-0,08;0,0;-0,2;0,0;-0,05;0,0;-0,01;0,0;-0,01;0,0;-0,05;0,0;-0,01;0,0;-0,04;0,0;-0,01;0,0;-0,04;0,0;-0,05;0,0
22.08.2026;13:15;13:30;4,02;3,06;0,0;0,0;-0,02;0,0;-0,14;0,0;-0,01;0,0;-0,02;0,0;-0,04;0,0;-0,07;0,0;-0,01;0,0;-0,04;0,0;-0,01;0,0;-0,01;0,0;0,0;0,0;-0,02;0,0;-0,04;0,0;-0,02;0,0;0,0;0,0;-0,02;0,0;-0,23;0,0;-0,04;0,0;0,0;0,0;-0,02;0,0;-0,05;0,0;-0,02;0,0;-0,03;0,0;-0,01;0,0;-0,05;0,0;-0,04;0,0
22.08.2026;13:30;13:45;4,37;3,04;0,0;0,0;-0,05;0,0;-0,21;0,0;-0,01;0,0;-0,01;0,0;-0,04;0,0;-0,03;0,0;-0,02;0,0;-0,03;0,0;0,0;0,0;0,0;0,0;0,0;0,0;-0,01;0,0;-0,13;0,0;-0,03;0,0;0,0;0,0;-0,05;0,0;-0,23;0,0;-0,04;0,0;-0,02;0,0;-0,02;0,0;-0,04;0,0;-0,02;0,0;-0,28;0,0;-0,01;0,0;-0,01;0,0;-0,04;0,0
22.08.2026;13:45;14:00;2,63;1,11;0,0;0,0;-0,03;0,0;-0,19;0,0;-0,01;0,0;0,0;0,0;-0,04;0,0;-0,39;-0,12;-0,02;0,0;-0,04;0,0;0,0;0,0;-0,01;0,0;-0,01;0,0;-0,11;0,0;-0,05;0,0;-0,02;0,0;-0,01;0,0;-0,02;0,0;-0,24;0,0;-0,02;0,0;0,0;0,0;-0,02;0,0;-0,04;0,0;-0,03;0,0;-0,33;-0,06;-0,01;0,0;-0,02;0,0;-0,04;0,0
22.08.2026;14:00;14:15;1,8;0,79;0,0;0,0;-0,03;0,0;-0,22;0,0;-0,02;0,0;0,0;0,0;-0,03;0,0;-0,07;0,0;-0,01;0,0;-0,04;0,0;-0,01;0,0;-0,01;0,0;0,0;0,0;-0,03;0,0;-0,03;0,0;-0,02;0,0;-0,02;0,0;-0,02;0,0;-0,13;0,0;-0,03;0,0;-0,01;0,0;0,0;0,0;-0,04;0,0;-0,02;0,0;-0,37;-0,21;-0,01;0,0;-0,01;0,0;-0,04;0,0
22.08.2026;14:15;14:30;2,99;1,73;-0,01;0,0;-0,02;0,0;-0,1;0,0;0,0;0,0;-0,01;0,0;-0,04;0,0;-0,09;0,0;-0,02;0,0;-0,03;0,0;-0,02;0,0;-0,02;0,0;0,0;0,0;-0,41;-0,06;-0,04;0,0;-0,03;0,0;-0,01;0,0;-0,02;0,0;-0,03;0,0;-0,12;0,0;-0,02;0,0;-0,02;0,0;-0,04;0,0;-0,02;0,0;-0,13;0,0;-0,02;0,0;-0,01;0,0;-0,04;0,0
22.08.2026;14:30;14:45;3,62;2,47;0,0;0,0;-0,02;0,0;-0,08;0,0;-0,01;0,0;-0,01;0,0;-0,04;0,0;-0,12;0,0;-0,03;0,0;-0,03;0,0;-0,01;0,0;-0,02;0,0;0,0;0,0;-0,24;0,0;-0,04;0,0;-0,01;0,0;0,0;0,0;-0,01;0,0;-0,02;0,0;-0,05;0,0;-0,12;0,0;-0,02;0,0;-0,04;0,0;-0,02;0,0;-0,15;0,0;-0,01;0,0;-0,01;0,0;-0,04;0,0
22.08.2026;14:45;15:00;2,25;1,02;0,0;0,0;-0,02;0,0;-0,09;0,0;-0,01;0,0;-0,01;0,0;-0,03;0,0;-0,14;0,0;-0,22;0,0;-0,02;0,0;-0,01;0,0;-0,02;0,0;0,0;0,0;-0,22;0,0;-0,03;0,0;-0,01;0,0;0,0;0,0;-0,02;0,0;-0,04;0,0;-0,05;0,0;-0,01;0,0;-0,02;0,0;-0,04;0,0;-0,03;0,0;-0,14;0,0;0,0;0,0;-0,01;0,0;-0,04;0,0
22.08.2026;15:00;15:15;0,05;0,05;0,0;0,0;-0,02;-0,02;-0,09;-0,09;0,0;0,0;-0,02;-0,02;-0,04;-0,04;-0,14;-0,14;-0,22;-0,22;-0,03;-0,03;-0,02;-0,02;-0,02;-0,02;0,0;0,0;-0,03;-0,03;-0,04;-0,04;-0,02;-0,02;-0,01;-0,01;-0,02;-0,02;-0,02;-0,02;-0,04;-0,04;-0,02;-0,02;-0,01;-0,01;-0,05;-0,05;-0,02;-0,02;-0,09;-0,09;-0,01;-0,01;-0,02;-0,02;-0,04;-0,04
22.08.2026;15:15;15:30;0,7;0,23;-0,01;0,0;-0,01;0,0;-0,1;0,0;-0,01;0,0;-0,01;0,0;-0,03;-0,01;-0,14;-0,12;-0,15;-0,13;-0,03;-0,01;0,0;0,0;-0,02;0,0;0,0;0,0;-0,05;-0,03;-0,06;-0,04;0,0;0,0;-0,01;0,0;-0,01;0,0;-0,03;-0,01;-0,05;-0,03;-0,04;-0,02;-0,01;0,0;-0,08;-0,06;-0,03;-0,01;-0,03;-0,01;-0,01;0,0;-0,01;0,0;-0,04;-0,02
22.08.2026;15:30;15:45;2,86;1,81;0,0;0,0;-0,02;0,0;-0,22;0,0;-0,01;0,0;-0,01;0,0;-0,04;0,0;-0,16;0,0;-0,09;0,0;-0,04;0,0;0,0;0,0;-0,03;0,0;0,0;0,0;-0,02;0,0;-0,04;0,0;-0,01;0,0;-0,01;0,0;-0,01;0,0;-0,03;0,0;-0,05;0,0;-0,08;0,0;-0,02;0,0;-0,07;0,0;-0,02;0,0;-0,01;0,0;-0,01;0,0;-0,01;0,0;-0,04;0,0
22.08.2026;15:45;16:00;3,03;2,04;0,0;0,0;-0,01;0,0;-0,24;0,0;0,0;0,0;-0,01;0,0;-0,03;0,0;-0,14;0,0;-0,1;0,0;-0,04;0,0;0,0;0,0;-0,04;0,0;0,0;0,0;-0,02;0,0;-0,04;0,0;-0,01;0,0;0,0;0,0;-0,01;0,0;-0,02;0,0;-0,05;0,0;-0,03;0,0;-0,02;0,0;-0,08;0,0;-0,02;0,0;-0,02;0,0;-0,01;0,0;-0,01;0,0;-0,04;0,0
22.08.2026;16:00;16:15;1,1;0,23;0,0;0,0;-0,01;0,0;-0,21;-0,01;-0,01;0,0;-0,01;0,0;-0,04;0,0;-0,14;-0,08;-0,14;-0,08;-0,04;0,0;-0,02;0,0;-0,02;0,0;0,0;0,0;-0,03;0,0;-0,04;0,0;-0,01;0,0;-0,01;0,0;-0,01;0,0;-0,03;0,0;-0,05;0,0;-0,04;0,0;-0,01;0,0;-0,06;0,0;-0,03;0,0;-0,01;0,0;-0,01;0,0;-0,02;0,0;-0,04;0,0
22.08.2026;16:15;16:30;2,0;1,21;0,0;0,0;-0,01;0,0;-0,08;0,0;-0,01;0,0;0,0;0,0;-0,03;0,0;-0,13;0,0;-0,08;0,0;-0,04;0,0;-0,01;0,0;-0,02;0,0;0,0;0,0;-0,03;0,0;-0,03;0,0;-0,02;0,0;0,0;0,0;-0,01;0,0;-0,02;0,0;-0,04;0,0;-0,04;0,0;-0,01;0,0;-0,07;0,0;-0,02;0,0;-0,02;0,0;-0,02;0,0;-0,01;0,0;-0,04;0,0
22.08.2026;16:30;16:45;2,9;2,09;-0,01;0,0;-0,01;0,0;-0,08;0,0;-0,01;0,0;-0,01;0,0;-0,04;0,0;-0,14;0,0;-0,09;0,0;-0,04;0,0;-0,01;0,0;-0,01;0,0;0,0;0,0;-0,02;0,0;-0,04;0,0;-0,01;0,0;-0,01;0,0;-0,02;0,0;-0,03;0,0;-0,03;0,0;-0,04;0,0;-0,01;0,0;-0,07;0,0;-0,02;0,0;0,0;0,0;-0,01;0,0;-0,01;0,0;-0,04;0,0
22.08.2026;16:45;17:00;1,51;0,68;0,0;0,0;-0,02;0,0;-0,07;0,0;-0,02;0,0;-0,01;0,0;-0,03;0,0;-0,14;0,0;-0,02;0,0;-0,03;0,0;-0,02;0,0;-0,01;0,0;0,0;0,0;-0,02;0,0;-0,04;0,0;-0,01;0,0;-0,02;0,0;0,0;0,0;-0,01;0,0;-0,02;0,0;-0,04;0,0;-0,03;0,0;-0,06;0,0;-0,15;-0,01;-0,01;0,0;-0,01;0,0;-0,01;0,0;-0,04;0,0
22.08.2026;17:00;17:15;1,25;0,33;0,0;0,0;-0,01;0,0;-0,1;0,0;-0,03;0,0;-0,01;0,0;-0,04;0,0;-0,12;-0,04;-0,17;-0,09;-0,03;0,0;-0,01;0,0;-0,15;-0,07;0,0;0,0;-0,03;0,0;-0,04;0,0;-0,02;0,0;-0,01;0,0;-0,01;0,0;-0,01;0,0;-0,02;0,0;-0,08;0,0;-0,02;0,0;-0,07;0,0;-0,35;-0,27;-0,01;0,0;0,0;0,0;-0,01;0,0;-0,04;0,0
22.08.2026;17:15;17:30;1,88;0,54;0,0;0,0;-0,17;-0,02;-0,11;0,0;-0,01;0,0;-0,01;0,0;-0,03;0,0;-0,13;0,0;-0,3;-0,15;-0,03;0,0;0,0;0,0;-0,28;-0,13;0,0;0,0;-0,06;0,0;-0,03;0,0;-0,01;0,0;-0,07;0,0;-0,01;0,0;-0,01;0,0;-0,02;0,0;-0,03;0,0;-0,01;0,0;-0,08;0,0;-0,15;0,0;-0,02;0,0;-0,02;0,0;-0,02;0,0;-0,03;0,0
22.08.2026;17:30;17:45;1,5;0,66;-0,01;0,0;-0,04;0,0;-0,13;0,0;-0,01;0,0;-0,02;0,0;-0,04;0,0;-0,06;0,0;-0,04;0,0;-0,02;0,0;-0,01;0,0;-0,03;0,0;0,0;0,0;-0,03;0,0;-0,05;0,0;-0,01;0,0;-0,06;0,0;-0,02;0,0;-0,01;0,0;-0,02;0,0;-0,04;0,0;-0,01;0,0;-0,07;0,0;-0,02;0,0;-0,03;0,0;-0,01;0,0;0,0;0,0;-0,05;0,0
22.08.2026;17:45;18:00;1,25;0,43;0,0;0,0;-0,02;0,0;-0,16;0,0;-0,02;0,0;-0,01;0,0;-0,03;0,0;-0,03;0,0;-0,27;-0,19;-0,02;0,0;0,0;0,0;-0,03;0,0;0,0;0,0;-0,03;0,0;-0,04;0,0;-0,01;0,0;-0,06;0,0;-0,02;0,0;-0,01;0,0;-0,02;0,0;-0,04;0,0;-0,02;0,0;-0,07;0,0;-0,03;0,0;-0,02;0,0;0,0;0,0;-0,02;0,0;-0,03;0,0
22.08.2026;18:00;18:15;1,01;0,22;0,0;0,0;-0,02;0,0;-0,23;-0,05;-0,01;0,0;-0,01;0,0;-0,04;0,0;-0,02;0,0;-0,03;0,0;-0,03;0,0;-0,01;0,0;-0,05;-0,01;0,0;0,0;-0,03;0,0;-0,04;0,0;-0,01;0,0;-0,09;-0,05;-0,02;0,0;-0,01;0,0;-0,02;0,0;-0,04;0,0;-0,02;0,0;-0,08;-0,04;-0,03;0,0;-0,03;0,0;-0,02;0,0;-0,01;0,0;-0,04;0,0
22.08.2026;18:15;18:30;0,33;0,07;0,0;0,0;-0,02;-0,01;-0,18;-0,16;-0,01;0,0;-0,02;-0,01;-0,03;-0,02;-0,02;-0,01;-0,02;-0,01;-0,04;-0,03;-0,02;-0,01;-0,08;-0,07;0,0;0,0;-0,03;-0,02;-0,04;-0,03;-0,01;0,0;-0,15;-0,14;-0,02;-0,01;-0,02;-0,01;-0,02;-0,01;-0,05;-0,04;-0,01;0,0;-0,07;-0,06;-0,02;-0,01;-0,02;-0,01;-0,01;0,0;-0,01;0,0;-0,02;-0,01
22.08.2026;18:30;18:45;0,0;0,0;0,0;0,0;-0,03;-0,03;-0,14;-0,14;0,0;0,0;-0,01;-0,01;-0,04;-0,04;-0,03;-0,03;-0,03;-0,03;-0,04;-0,04;-0,01;-0,01;-0,08;-0,08;0,0;0,0;-0,02;-0,02;-0,03;-0,03;-0,39;-0,39;-0,2;-0,2;-0,01;-0,01;0,0;0,0;-0,02;-0,02;-0,02;-0,02;-0,01;-0,01;-0,08;-0,08;-0,01;-0,01;-0,02;-0,02;-0,02;-0,02;-0,02;-0,02;-0,03;-0,03
22.08.2026;18:45;19:00;0,0;0,0;-0,01;-0,01;-0,02;-0,02;-0,19;-0,19;-0,01;-0,01;0,0;0,0;-0,03;-0,03;-0,02;-0,02;-0,45;-0,45;-0,04;-0,04;-0,01;-0,01;-0,05;-0,05;-0,01;-0,01;-0,02;-0,02;-0,04;-0,04;-0,32;-0,32;-0,14;-0,14;0,0;0,0;-0,02;-0,02;-0,02;-0,02;-0,01;-0,01;-0,02;-0,02;-0,06;-0,06;-0,03;-0,03;-0,02;-0,02;0,0;0,0;0,0;0,0;-0,02;-0,02
22.08.2026;19:00;19:15;0,11;0,11;0,0;0,0;-0,03;-0,03;-0,15;-0,15;-0,01;-0,01;-0,01;-0,01;-0,04;-0,04;-0,01;-0,01;-0,01;-0,01;-0,04;-0,04;-0,02;-0,02;-0,01;-0,01;0,0;0,0;-0,03;-0,03;-0,03;-0,03;-0,12;-0,12;-0,11;-0,11;-0,02;-0,02;-0,03;-0,03;-0,02;-0,02;-0,01;-0,01;-0,03;-0,03;-0,07;-0,07;-0,03;-0,03;-0,02;-0,02;-0,01;-0,01;-0,02;-0,02;-0,04;-0,04
22.08.2026;19:15;19:30;0,06;0,06;0,0;0,0;-0,01;-0,01;-0,14;-0,14;-0,01;-0,01;0,0;0,0;-0,03;-0,03;-0,03;-0,03;-0,02;-0,02;-0,04;-0,04;0,0;0,0;-0,02;-0,02;0,0;0,0;-0,05;-0,05;-0,01;-0,01;-0,07;-0,07;-0,03;-0,03;-0,01;-0,01;-0,02;-0,02;-0,02;-0,02;-0,01;-0,01;-0,01;-0,01;-0,05;-0,05;-0,02;-0,02;-0,02;-0,02;-0,01;-0,01;-0,01;-0,01;-0,05;-0,05
22.08.2026;19:30;19:45;0,01;0,01;0,0;0,0;-0,02;-0,02;-0,08;-0,08;-0,01;-0,01;-0,01;-0,01;-0,04;-0,04;-0,03;-0,03;-0,02;-0,02;-0,04;-0,04;0,0;0,0;-0,03;-0,03;0,0;0,0;-0,03;-0,03;-0,02;-0,02;-0,07;-0,07;-0,03;-0,03;-0,02;-0,02;-0,03;-0,03;-0,02;-0,02;-0,01;-0,01;-0,01;-0,01;-0,03;-0,03;-0,02;-0,02;-0,03;-0,03;-0,01;-0,01;-0,01;-0,01;-0,08;-0,08
22.08.2026;19:45;20:00;0,02;0,02;-0,01;-0,01;0,0;0,0;-0,07;-0,07;0,0;0,0;-0,01;-0,01;-0,04;-0,04;-0,02;-0,02;-0,01;-0,01;-0,01;-0,01;0,0;0,0;-0,04;-0,04;0,0;0,0;-0,02;-0,02;-0,01;-0,01;-0,59;-0,59;-0,03;-0,03;-0,01;-0,01;-0,02;-0,02;-0,02;-0,02;-0,01;-0,01;-0,01;-0,01;-0,02;-0,02;-0,02;-0,02;-0,02;-0,02;-0,01;-0,01;-0,01;-0,01;-0,14;-0,14
22.08.2026;20:00;20:15;0,0;0,0;0,0;0,0;-0,01;-0,01;-0,1;-0,1;-0,01;-0,01;-0,02;-0,02;-0,05;-0,05;-0,03;-0,03;-0,01;-0,01;-0,03;-0,03;-0,02;-0,02;-0,02;-0,02;0,0;0,0;-0,02;-0,02;-0,01;-0,01;-0,44;-0,44;-0,02;-0,02;0,0;0,0;-0,04;-0,04;-0,02;-0,02;-0,01;-0,01;-0,03;-0,03;-0,01;-0,01;-0,04;-0,04;-0,02;-0,02;-0,01;-0,01;-0,02;-0,02;-0,06;-0,06
22.08.2026;20:15;20:30;0,0;0,0;0,0;0,0;0,0;0,0;-0,09;-0,09;-0,01;-0,01;-0,01;-0,01;-0,03;-0,03;-0,02;-0,02;-0,04;-0,04;-0,03;-0,03;-0,01;-0,01;-0,03;-0,03;0,0;0,0;-0,13;-0,13;-0,01;-0,01;-0,05;-0,05;-0,03;-0,03;-0,01;-0,01;-0,02;-0,02;-0,02;-0,02;-0,01;-0,01;-0,02;-0,02;-0,01;-0,01;-0,03;-0,03;-0,02;-0,02;-0,02;-0,02;-0,01;-0,01;-0,04;-0,04
22.08.2026;20:30;20:45;0,0;0,0;0,0;0,0;-0,01;-0,01;-0,07;-0,07;0,0;0,0;-0,02;-0,02;-0,04;-0,04;-0,03;-0,03;-0,05;-0,05;-0,03;-0,03;-0,02;-0,02;-0,02;-0,02;0,0;0,0;-0,04;-0,04;0,0;0,0;-0,43;-0,43;-0,03;-0,03;-0,02;-0,02;-0,03;-0,03;-0,02;-0,02;-0,01;-0,01;-0,01;-0,01;-0,02;-0,02;-0,01;-0,01;-0,03;-0,03;-0,01;-0,01;-0,01;-0,01;-0,05;-0,05
22.08.2026;20:45;21:00;0,0;0,0;-0,01;-0,01;-0,01;-0,01;-0,07;-0,07;-0,01;-0,01;-0,01;-0,01;-0,04;-0,04;-0,03;-0,03;-0,04;-0,04;-0,02;-0,02;-0,01;-0,01;-0,03;-0,03;0,0;0,0;-0,03;-0,03;-0,05;-0,05;-0,06;-0,06;-0,02;-0,02;-0,01;-0,01;-0,02;-0,02;-0,02;-0,02;-0,01;-0,01;-0,01;-0,01;0,0;0,0;-0,03;-0,03;-0,02;-0,02;-0,01;-0,01;-0,01;-0,01;-0,03;-0,03
22.08.2026;21:00;21:15;0,0;0,0;0,0;0,0;-0,02;-0,02;-0,06;-0,06;-0,01;-0,01;0,0;0,0;-0,04;-0,04;-0,03;-0,03;-0,04;-0,04;-0,04;-0,04;-0,01;-0,01;-0,02;-0,02;0,0;0,0;-0,02;-0,02;-0,04;-0,04;-0,03;-0,03;-0,02;-0,02;-0,02;-0,02;-0,04;-0,04;-0,02;-0,02;-0,01;-0,01;-0,02;-0,02;-0,02;-0,02;-0,05;-0,05;-0,02;-0,02;0,0;0,0;-0,01;-0,01;-0,04;-0,04
22.08.2026;21:15;21:30;0,0;0,0;0,0;0,0;-0,01;-0,01;-0,07;-0,07;0,0;0,0;-0,01;-0,01;-0,04;-0,04;-0,03;-0,03;-0,05;-0,05;-0,04;-0,04;0,0;0,0;-0,03;-0,03;0,0;0,0;-0,02;-0,02;-0,07;-0,07;-0,04;-0,04;-0,1;-0,1;0,0;0,0;-0,03;-0,03;-0,03;-0,03;0,0;0,0;-0,02;-0,02;0,0;0,0;-0,03;-0,03;-0,03;-0,03;-0,02;-0,02;-0,02;-0,02;-0,03;-0,03
22.08.2026;21:30;21:45;0,0;0,0;0,0;0,0;-0,01;-0,01;-0,07;-0,07;-0,01;-0,01;0,0;0,0;-0,04;-0,04;-0,31;-0,31;-0,04;-0,04;-0,03;-0,03;0,0;0,0;-0,02;-0,02;0,0;0,0;-0,01;-0,01;-0,13;-0,13;-0,04;-0,04;-0,03;-0,03;-0,01;-0,01;-0,03;-0,03;-0,03;-0,03;-0,02;-0,02;-0,02;-0,02;-0,01;-0,01;-0,03;-0,03;-0,02;-0,02;-0,01;-0,01;0,0;0,0;-0,03;-0,03
22.08.2026;21:45;22:00;0,0;0,0;0,0;0,0;-0,01;-0,01;-0,11;-0,11;-0,01;-0,01;-0,01;-0,01;-0,03;-0,03;-0,37;-0,37;-0,05;-0,05;-0,04;-0,04;-0,01;-0,01;-0,02;-0,02;0,0;0,0;-0,04;-0,04;-0,06;-0,06;-0,05;-0,05;-0,03;-0,03;-0,01;-0,01;-0,03;-0,03;-0,02;-0,02;-0,01;-0,01;-0,01;-0,01;-0,01;-0,01;-0,02;-0,02;-0,03;-0,03;0,0;0,0;-0,02;-0,02;-0,04;-0,04
22.08.2026;22:00;22:15;0,0;0,0;-0,01;-0,01;-0,01;-0,01;-0,06;-0,06;0,0;0,0;-0,01;-0,01;-0,04;-0,04;-0,27;-0,27;-0,04;-0,04;-0,04;-0,04;-0,01;-0,01;-0,02;-0,02;0,0;0,0;-0,03;-0,03;-0,05;-0,05;-0,05;-0,05;-0,03;-0,03;-0,01;-0,01;-0,03;-0,03;-0,03;-0,03;0,0;0,0;-0,01;-0,01;-0,01;-0,01;-0,03;-0,03;-0,02;-0,02;-0,02;-0,02;-0,01;-0,01;-0,03;-0,03
22.08.2026;22:15;22:30;0,0;0,0;0,0;0,0;0,0;0,0;-0,16;-0,16;0,0;0,0;-0,02;-0,02;-0,04;-0,04;-0,13;-0,13;-0,02;-0,02;-0,03;-0,03;-0,02;-0,02;-0,01;-0,01;0,0;0,0;-0,03;-0,03;-0,05;-0,05;-0,04;-0,04;-0,02;-0,02;-0,02;-0,02;-0,02;-0,02;-0,02;-0,02;-0,02;-0,02;-0,02;-0,02;-0,01;-0,01;-0,02;-0,02;-0,03;-0,03;-0,01;-0,01;-0,01;-0,01;-0,04;-0,04
22.08.2026;22:30;22:45;0,0;0,0;0,0;0,0;-0,01;-0,01;-0,07;-0,07;-0,01;-0,01;-0,01;-0,01;-0,03;-0,03;-0,09;-0,09;-0,01;-0,01;-0,02;-0,02;-0,01;-0,01;-0,01;-0,01;0,0;0,0;0,0;0,0;-0,09;-0,09;-0,04;-0,04;-0,03;-0,03;-0,01;-0,01;-0,02;-0,02;-0,03;-0,03;-0,02;-0,02;-0,03;-0,03;-0,01;-0,01;-0,03;-0,03;-0,02;-0,02;-0,02;-0,02;-0,01;-0,01;-0,03;-0,03
22.08.2026;22:45;23:00;0,0;0,0;0,0;0,0;0,0;0,0;-0,12;-0,12;0,0;0,0;-0,01;-0,01;-0,04;-0,04;-0,13;-0,13;-0,01;-0,01;-0,02;-0,02;-0,01;-0,01;-0,01;-0,01;0,0;0,0;-0,01;-0,01;-0,07;-0,07;-0,03;-0,03;-0,01;-0,01;-0,01;-0,01;-0,02;-0,02;-0,02;-0,02;-0,03;-0,03;-0,01;-0,01;-0,01;-0,01;-0,03;-0,03;-0,02;-0,02;0,0;0,0;-0,01;-0,01;-0,03;-0,03
22.08.2026;23:00;23:15;0,0;0,0;-0,01;-0,01;-0,02;-0,02;-0,08;-0,08;-0,01;-0,01;-0,01;-0,01;-0,05;-0,05;-0,14;-0,14;-0,02;-0,02;-0,03;-0,03;-0,01;-0,01;-0,01;-0,01;0,0;0,0;-0,02;-0,02;-0,09;-0,09;-0,04;-0,04;-0,02;-0,02;0,0;0,0;0,0;0,0;-0,03;-0,03;-0,03;-0,03;-0,01;-0,01;-0,01;-0,01;-0,02;-0,02;-0,01;-0,01;-0,01;-0,01;-0,01;-0,01;-0,04;-0,04
22.08.2026;23:15;23:30;0,0;0,0;0,0;0,0;-0,03;-0,03;-0,05;-0,05;-0,01;-0,01;0,0;0,0;-0,04;-0,04;-0,36;-0,36;-0,01;-0,01;-0,02;-0,02;0,0;0,0;-0,01;-0,01;0,0;0,0;-0,01;-0,01;-0,1;-0,1;-0,04;-0,04;-0,03;-0,03;-0,01;-0,01;-0,02;-0,02;-0,03;-0,03;-0,03;-0,03;-0,01;-0,01;-0,01;-0,01;-0,02;-0,02;0,0;0,0;-0,01;-0,01;-0,01;-0,01;-0,03;-0,03
22.08.2026;23:30;23:45;0,0;0,0;0,0;0,0;-0,01;-0,01;-0,07;-0,07;0,0;0,0;-0,01;-0,01;-0,04;-0,04;-0,17;-0,17;-0,02;-0,02;-0,03;-0,03;-0,01;-0,01;-0,01;-0,01;-0,01;-0,01;-0,01;-0,01;-0,06;-0,06;-0,03;-0,03;-0,02;-0,02;-0,02;-0,02;-0,01;-0,01;-0,03;-0,03;-0,03;-0,03;-0,03;-0,03;-0,01;-0,01;-0,03;-0,03;-0,01;-0,01;-0,01;-0,01;-0,01;-0,01;-0,03;-0,03
22.08.2026;23:45;00:00;0,0;0,0;0,0;0,0;-0,02;-0,02;-0,09;-0,09;-0,01;-0,01;0,0;0,0;-0,03;-0,03;-0,14;-0,14;-0,01;-0,01;-0,02;-0,02;0,0;0,0;-0,01;-0,01;0,0;0,0;0,0;0,0;-0,05;-0,05;-0,02;-0,02;-0,03;-0,03;-0,01;-0,01;-0,01;-0,01;-0,02;-0,02;-0,02;-0,02;-0,02;-0,02;-0,01;-0,01;-0,01;-0,01;0,0;0,0;-0,01;-0,01;-0,01;-0,01;-0,04;-0,04
23.08.2026;00:00;00:15;0,0;0,0;0,0;0,0;-0,01;-0,01;-0,08;-0,08;-0,01;-0,01;-0,02;-0,02;-0,04;-0,04;-0,17;-0,17;-0,01;-0,01;-0,02;-0,02;-0,02;-0,02;-0,01;-0,01;0,0;0,0;-0,02;-0,02;-0,05;-0,05;-0,02;-0,02;-0,03;-0,03;-0,01;-0,01;-0,01;-0,01;-0,03;-0,03;-0,01;-0,01;-0,01;-0,01;0,0;0,0;-0,01;-0,01;-0,02;-0,02;-0,01;-0,01;-0,01;-0,01;-0,02;-0,02
23.08.2026;00:15;00:30;0,0;0,0;-0,01;-0,01;-0,01;-0,01;-0,16;-0,16;0,0;0,0;-0,01;-0,01;-0,04;-0,04;-0,06;-0,06;-0,02;-0,02;-0,02;-0,02;-0,01;-0,01;0,0;0,0;0,0;0,0;-0,02;-0,02;-0,05;-0,05;-0,02;-0,02;-0,02;-0,02;-0,03;-0,03;-0,02;-0,02;-0,02;-0,02;-0,01;-0,01;-0,01;-0,01;-0,02;-0,02;-0,01;-0,01;-0,02;-0,02;-0,01;-0,01;-0,01;-0,01;-0,02;-0,02
23.08.2026;00:30;00:45;0,0;0,0;0,0;0,0;0,0;0,0;-0,22;-0,22;-0,01;-0,01;-0,02;-0,02;-0,04;-0,04;-0,04;-0,04;-0,01;-0,01;-0,02;-0,02;-0,02;-0,02;-0,01;-0,01;0,0;0,0;0,0;0,0;-0,05;-0,05;-0,01;-0,01;0,0;0,0;-0,06;-0,06;0,0;0,0;-0,02;-0,02;-0,01;-0,01;-0,02;-0,02;-0,01;-0,01;-0,02;-0,02;-0,02;-0,02;-0,02;-0,02;-0,02;-0,02;-0,02;-0,02
23.08.2026;00:45;01:00;0,0;0,0;0,0;0,0;-0,01;-0,01;-0,15;-0,15;0,0;0,0;-0,01;-0,01;-0,03;-0,03;-0,03;-0,03;-0,02;-0,02;-0,02;-0,02;-0,01;-0,01;-0,01;-0,01;0,0;0,0;0,0;0,0;-0,05;-0,05;-0,01;-0,01;-0,01;-0,01;-0,07;-0,07;-0,02;-0,02;-0,02;-0,02;-0,01;-0,01;-0,02;-0,02;0,0;0,0;-0,01;-0,01;-0,02;-0,02;-0,01;-0,01;0,0;0,0;-0,03;-0,03
23.08.2026;01:00;01:15;0,0;0,0;0,0;0,0;0,0;0,0;-0,06;-0,06;-0,01;-0,01;-0,01;-0,01;-0,04;-0,04;-0,02;-0,02;-0,01;-0,01;-0,01;-0,01;0,0;0,0;-0,01;-0,01;0,0;0,0;-0,02;-0,02;-0,05;-0,05;-0,01;-0,01;-0,01;-0,01;-0,05;-0,05;-0,01;-0,01;-0,02;-0,02;-0,01;-0,01;-0,02;-0,02;-0,01;-0,01;-0,01;-0,01;-0,02;-0,02;-0,01;-0,01;-0,01;-0,01;-0,02;-0,02
23.08.2026;01:15;01:30;0,0;0,0;-0,01;-0,01;-0,01;-0,01;-0,17;-0,17;-0,01;-0,01;0,0;0,0;-0,03;-0,03;-0,02;-0,02;-0,01;-0,01;0,0;0,0;-0,01;-0,01;-0,01;-0,01;0,0;0,0;-0,01;-0,01;-0,04;-0,04;-0,01;-0,01;-0,01;-0,01;-0,04;-0,04;-0,01;-0,01;-0,02;-0,02;-0,01;-0,01;-0,01;-0,01;-0,01;-0,01;-0,01;-0,01;-0,02;-0,02;0,0;0,0;-0,02;-0,02;-0,02;-0,02
23.08.2026;01:30;01:45;0,0;0,0;0,0;0,0;-0,01;-0,01;-0,24;-0,24;0,0;0,0;0,0;0,0;-0,04;-0,04;-0,01;-0,01;-0,02;-0,02;-0,01;-0,01;0,0;0,0;-0,01;-0,01;0,0;0,0;-0,01;-0,01;-0,05;-0,05;-0,01;-0,01;-0,01;-0,01;-0,03;-0,03;-0,01;-0,01;-0,02;-0,02;-0,01;-0,01;-0,01;-0,01;-0,01;-0,01;-0,02;-0,02;-0,01;-0,01;-0,02;-0,02;0,0;0,0;-0,01;-0,01
23.08.2026;01:45;02:00;0,0;0,0;0,0;0,0;-0,02;-0,02;-0,16;-0,16;-0,01;-0,01;-0,01;-0,01;-0,03;-0,03;-0,02;-0,02;-0,01;-0,01;-0,01;-0,01;-0,01;-0,01;0,0;0,0;0,0;0,0;0,0;0,0;-0,33;-0,33;-0,01;-0,01;-0,01;-0,01;-0,02;-0,02;0,0;0,0;-0,02;-0,02;-0,01;-0,01;-0,02;-0,02;-0,01;-0,01;-0,01;-0,01;-0,02;-0,02;-0,02;-0,02;-0,02;-0,02;0,0;0,0
23.08.2026;02:00;02:15;0,0;0,0;0,0;0,0;-0,01;-0,01;-0,09;-0,09;-0,01;-0,01;-0,02;-0,02;-0,02;-0,02;-0,02;-0,02;-0,01;-0,01;-0,01;-0,01;-0,01;-0,01;-0,02;-0,02;0,0;0,0;-0,02;-0,02;-0,05;-0,05;-0,01;-0,01;0,0;0,0;-0,02;-0,02;-0,02;-0,02;-0,03;-0,03;0,0;0,0;-0,02;-0,02;-0,01;-0,01;0,0;0,0;-0,02;-0,02;-0,01;-0,01;0,0;0,0;0,0;0,0
23.08.2026;02:15;02:30;0,0;0,0;0,0;0,0;-0,02;-0,02;-0,06;-0,06;0,0;0,0;-0,01;-0,01;-0,02;-0,02;-0,01;-0,01;-0,02;-0,02;0,0;0,0;-0,02;-0,02;0,0;0,0;0,0;0,0;-0,01;-0,01;-0,17;-0,17;-0,01;-0,01;-0,01;-0,01;-0,02;-0,02;-0,01;-0,01;-0,02;-0,02;-0,01;-0,01;-0,01;-0,01;-0,01;-0,01;-0,02;-0,02;-0,02;-0,02;-0,02;-0,02;-0,01;-0,01;-0,01;-0,01
23.08.2026;02:30;02:45;0,0;0,0;-0,01;-0,01;-0,01;-0,01;-0,06;-0,06;-0,01;-0,01;-0,01;-0,01;-0,04;-0,04;-0,02;-0,02;-0,01;-0,01;-0,02;-0,02;-0,01;-0,01;-0,01;-0,01;0,0;0,0;0,0;0,0;-0,09;-0,09;-0,01;-0,01;-0,01;-0,01;-0,01;-0,01;-0,02;-0,02;-0,02;-0,02;-0,01;-0,01;-0,01;-0,01;-0,01;-0,01;-0,01;-0,01;-0,01;-0,01;-0,01;-0,01;-0,02;-0,02;-0,02;-0,02
23.08.2026;02:45;03:00;0,0;0,0;0,0;0,0;0,0;0,0;-0,05;-0,05;0,0;0,0;-0,01;-0,01;-0,03;-0,03;-0,01;-0,01;-0,02;-0,02;-0,02;-0,02;-0,01;-0,01;-0,01;-0,01;-0,01;-0,01;-0,01;-0,01;-0,01;-0,01;0,0;0,0;-0,01;-0,01;-0,01;-0,01;0,0;0,0;-0,02;-0,02;-0,01;-0,01;-0,01;-0,01;-0,01;-0,01;-0,01;-0,01;0,0;0,0;-0,02;-0,02;0,0;0,0;-0,02;-0,02
23.08.2026;03:00;03:15;0,0;0,0;0,0;0,0;-0,01;-0,01;-0,06;-0,06;-0,01;-0,01;-0,01;-0,01;-0,04;-0,04;-0,02;-0,02;0,0;0,0;-0,02;-0,02;-0,01;-0,01;-0,01;-0,01;0,0;0,0;-0,02;-0,02;0,0;0,0;-0,02;-0,02;-0,01;-0,01;-0,01;-0,01;-0,02;-0,02;-0,02;-0,02;-0,01;-0,01;-0,02;-0,02;-0,01;-0,01;-0,01;-0,01;-0,01;-0,01;0,0;0,0;-0,01;-0,01;-0,02;-0,02
23.08.2026;03:15;03:30;0,0;0,0;0,0;0,0;0,0;0,0;-0,05;-0,05;0,0;0,0;0,0;0,0;-0,03;-0,03;-0,01;-0,01;-0,02;-0,02;-0,02;-0,02;0,0;0,0;-0,01;-0,01;0,0;0,0;-0,01;-0,01;-0,01;-0,01;0,0;0,0;0,0;0,0;-0,01;-0,01;-0,01;-0,01;-0,02;-0,02;-0,01;-0,01;-0,02;-0,02;-0,01;-0,01;-0,01;-0,01;-0,01;-0,01;-0,01;-0,01;-0,01;-0,01;-0,02;-0,02
23.08.2026;03:30;03:45;0,0;0,0;-0,01;-0,01;-0,01;-0,01;-0,06;-0,06;-0,01;-0,01;-0,01;-0,01;-0,02;-0,02;-0,02;-0,02;-0,01;-0,01;-0,02;-0,02;0,0;0,0;0,0;0,0;0,0;0,0;0,0;0,0;-0,01;-0,01;-0,01;-0,01;-0,01;-0,01;-0,02;-0,02;0,0;0,0;-0,02;-0,02;-0,01;-0,01;-0,01;-0,01;-0,01;-0,01;-0,02;-0,02;-0,01;-0,01;-0,01;-0,01;-0,01;-0,01;-0,02;-0,02
23.08.2026;03:45;04:00;0,0;0,0;0,0;0,0;-0,02;-0,02;-0,08;-0,08;0,0;0,0;-0,01;-0,01;-0,02;-0,02;-0,02;-0,02;-0,02;-0,02;-0,01;-0,01;-0,02;-0,02;-0,01;-0,01;0,0;0,0;-0,01;-0,01;-0,02;-0,02;-0,01;-0,01;0,0;0,0;-0,01;-0,01;-0,02;-0,02;-0,02;-0,02;-0,01;-0,01;-0,01;-0,01;-0,01;-0,01;0,0;0,0;-0,01;-0,01;-0,01;-0,01;-0,02;-0,02;-0,02;-0,02
23.08.2026;04:00;04:15;0,0;0,0;0,0;0,0;-0,01;-0,01;-0,05;-0,05;-0,01;-0,01;-0,01;-0,01;-0,04;-0,04;-0,01;-0,01;-0,01;-0,01;0,0;0,0;-0,01;-0,01;-0,01;-0,01;0,0;0,0;-0,02;-0,02;-0,01;-0,01;-0,01;-0,01;-0,01;-0,01;-0,01;-0,01;0,0;0,0;-0,02;-0,02;-0,01;-0,01;-0,02;-0,02;0,0;0,0;-0,02;-0,02;-0,01;-0,01;-0,01;-0,01;0,0;0,0;-0,02;-0,02
23.08.2026;04:15;04:30;0,0;0,0;0,0;0,0;-0,01;-0,01;-0,05;-0,05;0,0;0,0;-0,02;-0,02;-0,03;-0,03;-0,02;-0,02;-0,01;-0,01;-0,01;-0,01;-0,01;-0,01;-0,01;-0,01;0,0;0,0;0,0;0,0;-0,01;-0,01;-0,01;-0,01;-0,02;-0,02;-0,01;-0,01;-0,02;-0,02;-0,02;-0,02;-0,01;-0,01;-0,02;-0,02;-0,02;-0,02;-0,01;-0,01;-0,01;-0,01;-0,02;-0,02;-0,01;-0,01;-0,02;-0,02
23.08.2026;04:30;04:45;0,0;0,0;0,0;0,0;-0,01;-0,01;-0,06;-0,06;-0,01;-0,01;-0,01;-0,01;-0,05;-0,05;-0,01;-0,01;-0,02;-0,02;-0,01;-0,01;-0,02;-0,02;-0,01;-0,01;0,0;0,0;-0,01;-0,01;-0,12;-0,12;-0,01;-0,01;0,0;0,0;-0,01;-0,01;-0,01;-0,01;-0,02;-0,02;-0,01;-0,01;-0,01;-0,01;-0,01;-0,01;-0,01;-0,01;-0,01;-0,01;-0,01;-0,01;-0,01;-0,01;-0,02;-0,02
23.08.2026;04:45;05:00;0,0;0,0;-0,01;-0,01;-0,01;-0,01;-0,06;-0,06;-0,01;-0,01;0,0;0,0;-0,05;-0,05;-0,02;-0,02;-0,01;-0,01;-0,01;-0,01;0,0;0,0;-0,01;-0,01;0,0;0,0;-0,01;-0,01;-0,01;-0,01;-0,01;-0,01;0,0;0,0;-0,01;-0,01;-0,01;-0,01;-0,02;-0,02;-0,01;-0,01;-0,01;-0,01;0,0;0,0;-0,01;-0,01;-0,02;-0,02;-0,01;-0,01;-0,01;-0,01;-0,03;-0,03
23.08.2026;05:00;05:15;0,0;0,0;0,0;0,0;0,0;0,0;-0,2;-0,2;0,0;0,0;-0,01;-0,01;-0,03;-0,03;-0,01;-0,01;-0,02;-0,02;0,0;0,0;0,0;0,0;0,0;0,0;0,0;0,0;-0,01;-0,01;-0,01;-0,01;-0,01;-0,01;-0,01;-0,01;-0,02;-0,02;-0,01;-0,01;-0,02;-0,02;-0,01;-0,01;-0,01;-0,01;-0,01;-0,01;-0,01;-0,01;-0,01;-0,01;-0,01;-0,01;-0,01;-0,01;-0,03;-0,03
23.08.2026;05:15;05:30;0,0;0,0;0,0;0,0;-0,01;-0,01;-0,13;-0,13;-0,01;-0,01;0,0;0,0;-0,04;-0,04;-0,01;-0,01;0,0;0,0;-0,01;-0,01;0,0;0,0;-0,02;-0,02;0,0;0,0;-0,01;-0,01;-0,01;-0,01;0,0;0,0;-0,01;-0,01;-0,01;-0,01;-0,01;-0,01;-0,02;-0,02;-0,01;-0,01;-0,02;-0,02;-0,01;-0,01;-0,02;-0,02;-0,01;-0,01;-0,01;-0,01;-0,01;-0,01;-0,01;-0,01
23.08.2026;05:30;05:45;0,0;0,0;0,0;0,0;-0,01;-0,01;-0,06;-0,06;-0,01;-0,01;-0,01;-0,01;-0,04;-0,04;-0,03;-0,03;-0,02;-0,02;-0,03;-0,03;-0,02;-0,02;0,0;0,0;0,0;0,0;0,0;0,0;-0,01;-0,01;-0,01;-0,01;-0,01;-0,01;-0,01;-0,01;-0,01;-0,01;-0,02;-0,02;-0,01;-0,01;-0,03;-0,03;-0,01;-0,01;0,0;0,0;-0,01;-0,01;-0,01;-0,01;-0,01;-0,01;-0,02;-0,02
23.08.2026;05:45;06:00;0,0;0,0;-0,01;-0,01;-0,01;-0,01;-0,07;-0,07;0,0;0,0;-0,01;-0,01;-0,04;-0,04;-0,03;-0,03;-0,01;-0,01;-0,02;-0,02;-0,01;-0,01;-0,01;-0,01;0,0;0,0;-0,01;-0,01;-0,01;-0,01;-0,02;-0,02;-0,01;-0,01;-0,01;-0,01;-0,01;-0,01;-0,02;-0,02;-0,01;-0,01;-0,01;-0,01;-0,01;-0,01;-0,01;-0,01;-0,01;-0,01;-0,01;-0,01;-0,01;-0,01;-0,02;-0,02
23.08.2026;06:00;06:15;0,0;0,0;0,0;0,0;-0,02;-0,02;-0,06;-0,06;-0,01;-0,01;-0,02;-0,02;-0,03;-0,03;-0,03;-0,03;-0,02;-0,02;-0,02;-0,02;-0,01;-0,01;-0,01;-0,01;0,0;0,0;-0,02;-0,02;0,0;0,0;0,0;0,0;0,0;0,0;-0,01;-0,01;-0,01;-0,01;-0,02;-0,02;-0,01;-0,01;-0,01;-0,01;-0,01;-0,01;-0,02;-0,02;-0,01;-0,01;-0,01;-0,01;-0,01;-0,01;-0,02;-0,02
23.08.2026;06:15;06:30;0,03;0,03;0,0;0,0;-0,01;-0,01;-0,07;-0,07;0,0;0,0;-0,01;-0,01;-0,04;-0,04;-0,02;-0,02;-0,01;-0,01;-0,01;-0,01;-0,02;-0,02;-0,01;-0,01;0,0;0,0;0,0;0,0;-0,02;-0,02;-0,01;-0,01;-0,01;-0,01;-0,01;-0,01;-0,01;-0,01;-0,03;-0,03;-0,01;-0,01;-0,01;-0,01;-0,01;-0,01;-0,01;-0,01;-0,01;-0,01;-0,01;-0,01;-0,01;-0,01;-0,02;-0,02
23.08.2026;06:30;06:45;0,05;0,05;0,0;0,0;-0,01;-0,01;-0,06;-0,06;-0,01;-0,01;-0,01;-0,01;-0,04;-0,04;-0,03;-0,03;-0,01;-0,01;-0,02;-0,02;-0,01;-0,01;-0,01;-0,01;0,0;0,0;-0,01;-0,01;-0,01;-0,01;-0,12;-0,12;0,0;0,0;-0,02;-0,02;-0,01;-0,01;-0,03;-0,03;-0,15;-0,15;-0,02;-0,02;-0,01;-0,01;0,0;0,0;-0,02;-0,02;-0,02;-0,02;-0,01;-0,01;-0,02;-0,02
23.08.2026;06:45;07:00;0,11;0,11;-0,01;-0,01;-0,01;-0,01;-0,18;-0,18;-0,01;-0,01;0,0;0,0;-0,03;-0,03;-0,01;-0,01;-0,02;-0,02;0,0;0,0;0,0;0,0;-0,01;-0,01;-0,01;-0,01;-0,02;-0,02;-0,01;-0,01;-0,01;-0,01;-0,01;-0,01;-0,01;-0,01;-0,02;-0,02;-0,02;-0,02;-0,03;-0,03;-0,02;-0,02;0,0;0,0;-0,02;-0,02;-0,01;-0,01;0,0;0,0;-0,01;-0,01;-0,01;-0,01
23.08.2026;07:00;07:15;0,17;0,12;0,0;0,0;0,0;0,0;-0,21;-0,16;0,0;0,0;0,0;0,0;-0,04;-0,04;-0,02;-0,02;-0,01;-0,01;-0,01;-0,01;0,0;0,0;0,0;0,0;0,0;0,0;-0,04;-0,04;-0,01;-0,01;-0,02;-0,02;-0,01;-0,01;-0,01;-0,01;0,0;0,0;-0,02;-0,02;-0,01;-0,01;-0,01;-0,01;-0,02;-0,02;-0,01;-0,01;-0,01;-0,01;-0,01;-0,01;-0,01;-0,01;-0,02;-0,02
23.08.2026;07:15;07:30;0,33;0,11;0,0;0,0;-0,01;0,0;-0,24;-0,21;0,0;0,0;-0,01;0,0;-0,14;-0,13;-0,01;0,0;-0,01;0,0;-0,01;0,0;-0,01;0,0;-0,02;-0,01;0,0;0,0;0,0;0,0;0,0;0,0;0,0;0,0;-0,01;0,0;0,0;0,0;-0,01;0,0;-0,02;-0,01;-0,01;0,0;-0,01;0,0;-0,01;0,0;-0,01;0,0;-0,01;0,0;-0,02;-0,01;-0,01;0,0;-0,02;-0,01
23.08.2026;07:30;07:45;0,4;0,12;0,0;0,0;-0,19;-0,18;-0,24;-0,17;-0,01;0,0;-0,02;-0,01;-0,06;-0,05;-0,02;-0,01;-0,01;0,0;-0,1;-0,09;-0,01;0,0;0,0;0,0;0,0;0,0;-0,02;-0,01;-0,01;0,0;-0,02;-0,01;0,0;0,0;-0,01;0,0;-0,02;-0,01;-0,02;-0,01;-0,01;0,0;-0,01;0,0;-0,01;0,0;-0,01;0,0;-0,01;0,0;-0,02;-0,01;0,0;0,0;-0,02;-0,01
23.08.2026;07:45;08:00;0,57;0,11;0,0;0,0;-0,47;-0,45;-0,25;-0,16;0,0;0,0;-0,01;0,0;-0,09;-0,07;-0,01;0,0;-0,02;0,0;-0,02;0,0;-0,02;0,0;-0,01;0,0;0,0;0,0;-0,03;-0,01;-0,01;0,0;-0,16;-0,14;-0,03;-0,01;-0,02;0,0;0,0;0,0;-0,02;0,0;-0,02;0,0;-0,03;-0,01;-0,01;0,0;-0,01;0,0;-0,02;0,0;-0,01;0,0;-0,02;0,0;-0,02;0,0
23.08.2026;08:00;08:15;0,76;0,2;-0,01;0,0;-0,38;-0,34;-0,22;-0,08;-0,01;0,0;-0,01;0,0;-0,24;-0,2;-0,02;0,0;-0,01;0,0;-0,01;0,0;-0,01;0,0;-0,01;0,0;0,0;0,0;-0,02;0,0;-0,02;0,0;-0,1;-0,06;-0,01;0,0;-0,01;0,0;-0,02;0,0;-0,02;0,0;-0,01;0,0;-0,01;0,0;-0,05;-0,01;-0,01;0,0;-0,01;0,0;-0,01;0,0;0,0;0,0;-0,02;0,0
23.08.2026;08:15;08:30;1,04;0,33;0,0;0,0;-0,07;0,0;-0,23;0,0;-0,01;0,0;-0,01;0,0;-0,07;0,0;-0,01;0,0;-0,02;0,0;-0,01;0,0;-0,01;0,0;0,0;0,0;0,0;0,0;-0,04;0,0;-0,01;0,0;-0,04;0,0;-0,01;0,0;-0,01;0,0;0,0;0,0;-0,02;0,0;-0,01;0,0;-0,01;0,0;-0,07;0,0;-0,01;0,0;-0,01;0,0;-0,01;0,0;-0,01;0,0;-0,01;0,0
23.08.2026;08:30;08:45;1,31;0,54;0,0;0,0;-0,03;0,0;-0,16;0,0;0,0;0,0;0,0;0,0;-0,19;-0,07;-0,01;0,0;-0,01;0,0;-0,07;0,0;0,0;0,0;-0,02;0,0;0,0;0,0;-0,02;0,0;0,0;0,0;-0,32;-0,2;-0,01;0,0;-0,01;0,0;-0,01;0,0;-0,02;0,0;-0,01;0,0;-0,01;0,0;-0,06;0,0;-0,01;0,0;-0,01;0,0;-0,02;0,0;-0,02;0,0;-0,02;0,0
23.08.2026;08:45;09:00;1,62;0,99;0,0;0,0;-0,03;0,0;-0,1;0,0;-0,01;0,0;0,0;0,0;-0,09;0,0;-0,02;0,0;-0,01;0,0;-0,01;0,0;-0,01;0,0;-0,01;0,0;0,0;0,0;-0,03;0,0;-0,01;0,0;-0,08;0,0;0,0;0,0;-0,01;0,0;-0,03;0,0;-0,02;0,0;-0,01;0,0;-0,02;0,0;-0,06;0,0;-0,02;0,0;-0,02;0,0;-0,01;0,0;0,0;0,0;-0,02;0,0
23.08.2026;09:00;09:15;1,89;1,11;-0,01;0,0;-0,02;0,0;-0,18;0,0;0,0;0,0;-0,01;0,0;-0,05;0,0;-0,04;0,0;-0,01;0,0;-0,02;0,0;0,0;0,0;-0,05;0,0;0,0;0,0;-0,03;0,0;-0,01;0,0;-0,09;0,0;-0,02;0,0;-0,01;0,0;-0,02;0,0;-0,09;0,0;-0,02;0,0;-0,02;0,0;-0,05;0,0;-0,01;0,0;-0,01;0,0;0,0;0,0;-0,01;0,0;0,0;0,0
23.08.2026;09:15;09:30;2,13;0,93;0,0;0,0;-0,03;0,0;-0,14;0,0;-0,01;0,0;-0,02;0,0;-0,03;0,0;-0,02;0,0;-0,02;0,0;-0,02;0,0;-0,01;0,0;-0,49;-0,28;0,0;0,0;-0,02;0,0;-0,01;0,0;-0,08;0,0;-0,19;0,0;-0,02;0,0;-0,03;0,0;-0,02;0,0;-0,05;0,0;-0,01;0,0;-0,31;-0,1;-0,03;0,0;0,0;0,0;-0,01;0,0;-0,01;0,0;0,0;0,0
23.08.2026;09:30;09:45;1,42;0,53;0,0;0,0;-0,02;0,0;-0,24;0,0;-0,01;0,0;-0,01;0,0;-0,05;0,0;-0,02;0,0;-0,02;0,0;-0,02;0,0;-0,02;0,0;-0,11;-0,01;0,0;0,0;-0,05;0,0;-0,01;0,0;-0,07;0,0;-0,01;0,0;-0,01;0,0;-0,03;0,0;-0,03;0,0;-0,04;0,0;-0,01;0,0;-0,08;0,0;-0,02;0,0;0,0;0,0;-0,01;0,0;-0,01;0,0;0,0;0,0
23.08.2026;09:45;10:00;0,09;0,09;0,0;0,0;-0,05;-0,05;-0,17;-0,17;0,0;0,0;-0,02;-0,02;-0,04;-0,04;-0,02;-0,02;-0,02;-0,02;-0,02;-0,02;-0,01;-0,01;-0,02;-0,02;0,0;0,0;-0,04;-0,04;-0,01;-0,01;-0,06;-0,06;-0,02;-0,02;-0,01;-0,01;-0,02;-0,02;-0,04;-0,04;-0,06;-0,06;-0,01;-0,01;-0,12;-0,12;-0,12;-0,12;0,0;0,0;-0,01;-0,01;-0,01;-0,01;0,0;0,0
23.08.2026;10:00;10:15;0,0;0,0;0,0;0,0;-0,01;-0,01;-0,13;-0,13;-0,01;-0,01;0,0;0,0;-0,03;-0,03;-0,02;-0,02;-0,01;-0,01;-0,01;-0,01;-0,02;-0,02;-0,02;-0,02;0,0;0,0;-0,02;-0,02;-0,01;-0,01;-0,07;-0,07;-0,01;-0,01;0,0;0,0;-0,03;-0,03;-0,08;-0,08;-0,09;-0,09;-0,03;-0,03;-0,08;-0,08;-0,03;-0,03;-0,02;-0,02;-0,02;-0,02;-0,01;-0,01;0,0;0,0
23.08.2026;10:15;10:30;2,15;1,29;-0,01;0,0;-0,02;0,0;-0,11;0,0;-0,01;0,0;-0,01;0,0;-0,04;0,0;-0,4;-0,16;-0,01;0,0;-0,01;0,0;-0,01;0,0;0,0;0,0;0,0;0,0;-0,02;0,0;0,0;0,0;-0,07;0,0;0,0;0,0;-0,01;0,0;-0,03;0,0;-0,03;0,0;-0,04;0,0;-0,02;0,0;-0,09;0,0;-0,02;0,0;-0,01;0,0;-0,01;0,0;-0,01;0,0;-0,03;0,0
23.08.2026;10:30;10:45;3,06;2,05;0,0;0,0;-0,01;0,0;-0,18;0,0;0,0;0,0;0,0;0,0;-0,03;0,0;-0,29;0,0;-0,02;0,0;-0,01;0,0;0,0;0,0;-0,01;0,0;0,0;0,0;-0,03;0,0;-0,01;0,0;-0,07;0,0;-0,02;0,0;-0,02;0,0;-0,03;0,0;-0,04;0,0;-0,07;0,0;-0,01;0,0;-0,08;0,0;-0,02;0,0;-0,02;0,0;-0,01;0,0;-0,01;0,0;-0,02;0,0
23.08.2026;10:45;11:00;3,48;2,14;0,0;0,0;-0,02;0,0;-0,08;0,0;-0,01;0,0;0,0;0,0;-0,03;0,0;-0,18;0,0;-0,01;0,0;0,0;0,0;0,0;0,0;-0,02;0,0;-0,01;0,0;-0,08;0,0;-0,17;0,0;-0,07;0,0;-0,01;0,0;-0,01;0,0;-0,03;0,0;-0,05;0,0;-0,07;0,0;-0,01;0,0;-0,08;0,0;-0,35;0,0;-0,01;0,0;-0,01;0,0;-0,01;0,0;-0,02;0,0
23.08.2026;11:00;11:15;3,44;2,42;0,0;0,0;0,0;0,0;-0,09;0,0;0,0;0,0;-0,02;0,0;-0,02;0,0;-0,04;0,0;-0,02;0,0;-0,01;0,0;-0,01;0,0;-0,07;0,0;0,0;0,0;-0,04;0,0;-0,02;0,0;-0,33;0,0;-0,02;0,0;-0,01;0,0;-0,02;0,0;-0,1;0,0;-0,05;0,0;-0,01;0,0;-0,07;0,0;-0,03;0,0;-0,01;0,0;0,0;0,0;-0,01;0,0;-0,02;0,0
23.08.2026;11:15;11:30;2,96;1,66;-0,01;0,0;-0,01;0,0;-0,2;0,0;-0,01;0,0;-0,01;0,0;-0,03;0,0;-0,15;0,0;-0,01;0,0;-0,02;0,0;-0,01;0,0;-0,02;0,0;0,0;0,0;0,0;0,0;-0,04;0,0;-0,46;-0,13;-0,1;0,0;0,0;0,0;-0,04;0,0;-0,05;0,0;-0,02;0,0;-0,03;0,0;-0,08;0,0;-0,07;0,0;-0,02;0,0;-0,02;0,0;-0,01;0,0;-0,01;0,0
23.08.2026;11:30;11:45;2,88;1,42;0,0;0,0;0,0;0,0;-0,14;0,0;-0,01;0,0;-0,02;0,0;-0,04;0,0;-0,31;0,0;-0,01;0,0;-0,02;0,0;-0,01;0,0;-0,02;0,0;0,0;0,0;-0,02;0,0;-0,04;0,0;-0,08;0,0;-0,32;0,0;-0,02;0,0;-0,02;0,0;-0,06;0,0;-0,02;0,0;-0,01;0,0;-0,07;0,0;-0,02;0,0;-0,02;0,0;-0,01;0,0;-0,15;0,0;-0,02;0,0
23.08.2026;11:45;12:00;2,12;0,8;0,0;0,0;-0,02;0,0;-0,11;0,0;0,0;0,0;-0,01;0,0;-0,03;0,0;-0,32;-0,13;-0,01;0,0;-0,01;0,0;-0,02;0,0;-0,04;0,0;0,0;0,0;-0,03;0,0;-0,04;0,0;-0,35;-0,16;-0,16;0,0;-0,03;0,0;-0,02;0,0;-0,14;0,0;-0,05;0,0;-0,01;0,0;-0,08;0,0;-0,06;0,0;-0,01;0,0;-0,01;0,0;-0,04;0,0;-0,01;0,0
23.08.2026;12:00;12:15;2,8;1,86;0,0;0,0;-0,01;0,0;-0,1;0,0;-0,01;0,0;-0,01;0,0;-0,08;0,0;-0,06;0,0;-0,02;0,0;-0,02;0,0;-0,01;0,0;-0,02;0,0;0,0;0,0;-0,01;0,0;-0,04;0,0;-0,15;0,0;-0,01;0,0;-0,02;0,0;-0,1;0,0;-0,06;0,0;-0,04;0,0;-0,01;0,0;-0,07;0,0;-0,03;0,0;-0,01;0,0;-0,01;0,0;-0,03;0,0;-0,01;0,0
23.08.2026;12:15;12:30;3,43;2,08;0,0;0,0;-0,02;0,0;-0,11;0,0;-0,01;0,0;0,0;0,0;-0,13;0,0;-0,07;0,0;-0,01;0,0;-0,02;0,0;-0,01;0,0;-0,34;0,0;0,0;0,0;0,0;0,0;-0,03;0,0;-0,07;0,0;-0,01;0,0;-0,01;0,0;-0,17;0,0;-0,04;0,0;-0,09;0,0;-0,02;0,0;-0,06;0,0;-0,05;0,0;-0,02;0,0;-0,02;0,0;-0,03;0,0;-0,01;0,0
23.08.2026;12:30;12:45;4,15;2,72;-0,01;0,0;-0,01;0,0;-0,2;0,0;0,0;0,0;-0,01;0,0;-0,04;0,0;-0,03;0,0;-0,02;0,0;0,0;0,0;0,0;0,0;-0,28;0,0;0,0;0,0;-0,04;0,0;-0,17;0,0;-0,07;0,0;-0,01;0,0;-0,01;0,0;-0,03;0,0;-0,04;0,0;-0,01;0,0;-0,02;0,0;-0,35;0,0;-0,03;0,0;-0,02;0,0;0,0;0,0;-0,03;0,0;0,0;0,0
23.08.2026;12:45;13:00;3,58;2,16;0,0;0,0;-0,02;0,0;-0,25;0,0;0,0;0,0;0,0;0,0;-0,45;-0,02;-0,02;0,0;-0,02;0,0;-0,01;0,0;0,0;0,0;-0,2;0,0;0,0;0,0;-0,02;0,0;-0,11;0,0;-0,06;0,0;0,0;0,0;-0,01;0,0;-0,03;0,0;-0,03;0,0;-0,01;0,0;-0,01;0,0;-0,09;0,0;-0,04;0,0;-0,02;0,0;-0,01;0,0;-0,02;0,0;-0,01;0,0
23.08.2026;13:00;13:15;3,04;1,96;0,0;0,0;0,0;0,0;-0,17;0,0;-0,01;0,0;-0,02;0,0;-0,24;0,0;-0,03;0,0;-0,02;0,0;0,0;0,0;-0,01;0,0;-0,13;0,0;0,0;0,0;-0,02;0,0;-0,07;0,0;-0,02;0,0;-0,01;0,0;-0,04;0,0;-0,02;0,0;-0,03;0,0;-0,01;0,0;-0,01;0,0;-0,07;0,0;-0,09;0,0;-0,02;0,0;-0,01;0,0;-0,03;0,0;0,0;0,0
23.08.2026;13:15;13:30;1,35;0,48;0,0;0,0;-0,01;0,0;-0,24;0,0;0,0;0,0;-0,01;0,0;-0,09;0,0;-0,02;0,0;-0,02;0,0;-0,01;0,0;-0,02;0,0;-0,02;0,0;0,0;0,0;-0,02;0,0;-0,06;0,0;-0,01;0,0;-0,01;0,0;-0,01;0,0;-0,03;0,0;-0,03;0,0;-0,01;0,0;-0,02;0,0;-0,07;0,0;-0,02;0,0;-0,25;-0,15;-0,01;0,0;-0,03;0,0;0,0;0,0
23.08.2026;13:30;13:45;0,11;0,11;-0,01;-0,01;0,0;0,0;-0,19;-0,19;-0,01;-0,01;-0,04;-0,04;-0,09;-0,09;-0,02;-0,02;-0,02;-0,02;0,0;0,0;-0,01;-0,01;-0,02;-0,02;0,0;0,0;-0,06;-0,06;-0,08;-0,08;-0,02;-0,02;-0,01;-0,01;-0,04;-0,04;-0,02;-0,02;-0,02;-0,02;-0,01;-0,01;-0,02;-0,02;-0,08;-0,08;-0,45;-0,45;-0,06;-0,06;-0,01;-0,01;-0,05;-0,05;-0,01;-0,01
23.08.2026;13:45;14:00;1,97;0,8;0,0;0,0;-0,01;0,0;-0,15;0,0;-0,01;0,0;-0,3;-0,12;-0,06;0,0;-0,02;0,0;-0,03;0,0;-0,02;0,0;-0,01;0,0;-0,02;0,0;0,0;0,0;-0,1;0,0;-0,05;0,0;-0,02;0,0;-0,03;0,0;-0,04;0,0;-0,03;0,0;-0,02;0,0;-0,02;0,0;-0,02;0,0;-0,07;0,0;-0,44;-0,26;-0,02;0,0;-0,01;0,0;-0,04;0,0;-0,01;0,0
23.08.2026;14:00;14:15;2,83;1,61;0,0;0,0;-0,02;0,0;-0,14;0,0;0,0;0,0;-0,45;-0,12;-0,06;0,0;-0,01;0,0;-0,02;0,0;-0,02;0,0;-0,02;0,0;-0,02;0,0;0,0;0,0;-0,24;0,0;-0,05;0,0;-0,02;0,0;-0,02;0,0;-0,02;0,0;-0,02;0,0;-0,02;0,0;0,0;0,0;0,0;0,0;-0,05;0,0;-0,05;0,0;-0,02;0,0;-0,01;0,0;-0,05;0,0;-0,01;0,0
23.08.2026;14:15;14:30;1,47;0,53;0,0;0,0;-0,01;0,0;-0,16;0,0;-0,01;0,0;-0,24;-0,12;-0,05;0,0;-0,02;0,0;-0,02;0,0;-0,02;0,0;0,0;0,0;-0,03;0,0;-0,01;0,0;-0,07;0,0;-0,04;0,0;-0,03;0,0;-0,02;0,0;-0,02;0,0;-0,02;0,0;-0,02;0,0;-0,02;0,0;-0,02;0,0;-0,12;0,0;-0,04;0,0;-0,02;0,0;-0,01;0,0;-0,03;0,0;-0,01;0,0
23.08.2026;14:30;14:45;1,7;0,85;0,0;0,0;-0,02;0,0;-0,09;0,0;-0,01;0,0;-0,04;0,0;-0,04;0,0;-0,02;0,0;-0,04;0,0;-0,05;0,0;-0,01;0,0;-0,03;0,0;0,0;0,0;-0,04;0,0;-0,04;0,0;-0,03;0,0;-0,02;0,0;0,0;0,0;-0,04;0,0;-0,03;0,0;0,0;0,0;-0,02;0,0;-0,17;0,0;-0,03;0,0;-0,02;0,0;-0,02;0,0;-0,04;0,0;0,0;0,0
23.08.2026;14:45;15:00;2,06;0,72;-0,01;0,0;-0,01;0,0;-0,23;0,0;0,0;0,0;-0,05;0,0;-0,04;0,0;-0,3;-0,11;-0,03;0,0;-0,04;0,0;0,0;0,0;-0,02;0,0;0,0;0,0;-0,04;0,0;-0,1;0,0;-0,03;0,0;-0,42;-0,23;-0,01;0,0;-0,02;0,0;-0,02;0,0;-0,01;0,0;-0,02;0,0;-0,18;0,0;-0,04;0,0;-0,02;0,0;-0,01;0,0;-0,03;0,0;0,0;0,0
23.08.2026;15:00;15:15;3,44;1,94;0,0;0,0;-0,01;0,0;-0,16;0,0;-0,01;0,0;-0,04;0,0;-0,03;0,0;-0,09;0,0;-0,01;0,0;-0,03;0,0;-0,01;0,0;-0,01;0,0;0,0;0,0;-0,24;0,0;-0,05;0,0;-0,03;0,0;-0,47;-0,06;-0,01;0,0;-0,03;0,0;-0,02;0,0;-0,03;0,0;-0,01;0,0;-0,2;0,0;-0,01;0,0;-0,02;0,0;-0,01;0,0;-0,02;0,0;-0,01;0,0
23.08.2026;15:15;15:30;2,94;1,66;0,0;0,0;-0,01;0,0;-0,11;0,0;0,0;0,0;-0,05;0,0;-0,04;0,0;-0,04;0,0;-0,02;0,0;-0,03;0,0;-0,01;0,0;-0,01;0,0;0,0;0,0;-0,09;0,0;-0,04;0,0;-0,02;0,0;-0,03;0,0;-0,02;0,0;-0,02;0,0;-0,08;0,0;-0,03;0,0;-0,01;0,0;-0,2;0,0;-0,01;0,0;-0,02;0,0;-0,03;0,0;-0,41;-0,06;-0,01;0,0
23.08.2026;15:30;15:45;2,87;1,5;0,0;0,0;0,0;0,0;-0,1;0,0;-0,01;0,0;-0,05;0,0;-0,04;0,0;-0,13;0,0;-0,02;0,0;-0,03;0,0;-0,02;0,0;-0,12;0,0;0,0;0,0;-0,04;0,0;-0,04;0,0;-0,03;0,0;-0,11;0,0;-0,01;0,0;-0,02;0,0;-0,03;0,0;-0,04;0,0;-0,02;0,0;-0,1;0,0;-0,02;0,0;-0,02;0,0;-0,04;0,0;-0,33;-0,02;-0,02;0,0
23.08.2026;15:45;16:00;3,22;1,59;-0,01;0,0;-0,01;0,0;-0,09;0,0;-0,01;0,0;-0,05;0,0;-0,03;0,0;-0,24;0,0;-0,01;0,0;-0,03;0,0;-0,01;0,0;-0,33;0,0;0,0;0,0;-0,04;0,0;-0,04;0,0;-0,02;0,0;-0,02;0,0;-0,01;0,0;-0,04;0,0;-0,37;-0,02;-0,04;0,0;-0,02;0,0;-0,08;0,0;-0,01;0,0;-0,02;0,0;-0,02;0,0;-0,09;0,0;-0,01;0,0
23.08.2026;16:00;16:15;2,98;1,5;0,0;0,0;-0,01;0,0;-0,26;0,0;0,0;0,0;-0,04;0,0;-0,04;0,0;-0,03;0,0;-0,01;0,0;-0,02;0,0;-0,01;0,0;-0,48;-0,15;0,0;0,0;-0,04;0,0;-0,04;0,0;-0,02;0,0;-0,02;0,0;0,0;0,0;-0,02;0,0;-0,1;0,0;-0,03;0,0;-0,01;0,0;-0,08;0,0;-0,01;0,0;-0,01;0,0;-0,02;0,0;-0,43;-0,1;0,0;0,0
23.08.2026;16:15;16:30;2,59;1,18;0,0;0,0;-0,02;0,0;-0,22;0,0;-0,01;0,0;-0,03;0,0;-0,06;0,0;-0,03;0,0;-0,02;0,0;-0,02;0,0;-0,01;0,0;-0,2;0,0;0,0;0,0;-0,06;0,0;-0,04;0,0;-0,03;0,0;-0,04;0,0;-0,01;0,0;-0,03;0,0;-0,04;0,0;-0,04;0,0;-0,01;0,0;-0,07;0,0;-0,02;0,0;0,0;0,0;-0,02;0,0;-0,25;0,0;-0,13;0,0
23.08.2026;16:30;16:45;2,06;1,07;0,0;0,0;-0,01;0,0;-0,17;0,0;-0,01;0,0;-0,03;0,0;-0,05;0,0;-0,02;0,0;-0,01;0,0;-0,02;0,0;0,0;0,0;-0,03;0,0;0,0;0,0;-0,04;0,0;-0,04;0,0;-0,04;0,0;-0,05;0,0;-0,02;0,0;-0,02;0,0;-0,05;0,0;-0,03;0,0;-0,01;0,0;-0,07;0,0;-0,02;0,0;0,0;0,0;0,0;0,0;-0,27;-0,06;-0,04;0,0
23.08.2026;16:45;17:00;1,79;0,74;-0,01;0,0;-0,26;-0,1;-0,09;0,0;0,0;0,0;-0,03;0,0;-0,14;0,0;-0,01;0,0;-0,01;0,0;-0,02;0,0;0,0;0,0;-0,02;0,0;0,0;0,0;-0,02;0,0;-0,04;0,0;-0,05;0,0;-0,03;0,0;-0,01;0,0;-0,03;0,0;-0,02;0,0;-0,04;0,0;-0,03;0,0;-0,06;0,0;-0,03;0,0;-0,01;0,0;-0,01;0,0;-0,14;0,0;-0,04;0,0
23.08.2026;17:00;17:15;0,15;0,11;0,0;0,0;-0,35;-0,35;-0,14;-0,1;-0,01;-0,01;-0,03;-0,03;-0,05;-0,05;-0,01;-0,01;-0,02;-0,02;-0,02;-0,02;-0,01;-0,01;-0,02;-0,02;0,0;0,0;-0,04;-0,04;-0,03;-0,03;-0,04;-0,04;-0,02;-0,02;-0,01;-0,01;-0,03;-0,03;-0,02;-0,02;-0,04;-0,04;-0,02;-0,02;-0,06;-0,06;-0,02;-0,02;-0,03;-0,03;-0,02;-0,02;-0,17;-0,17;-0,04;-0,04
23.08.2026;17:15;17:30;0,09;0,09;0,0;0,0;-0,46;-0,46;-0,14;-0,14;0,0;0,0;-0,02;-0,02;-0,05;-0,05;-0,01;-0,01;-0,01;-0,01;-0,01;-0,01;-0,02;-0,02;-0,02;-0,02;0,0;0,0;-0,02;-0,02;-0,04;-0,04;-0,03;-0,03;-0,01;-0,01;-0,01;-0,01;-0,02;-0,02;-0,02;-0,02;-0,03;-0,03;-0,01;-0,01;-0,06;-0,06;-0,03;-0,03;-0,01;-0,01;-0,01;-0,01;-0,04;-0,04;-0,04;-0,04
23.08.2026;17:30;17:45;1,44;0,47;0,0;0,0;-0,39;-0,29;-0,16;0,0;-0,01;0,0;-0,03;0,0;-0,05;0,0;-0,02;0,0;-0,02;0,0;-0,01;0,0;-0,01;0,0;-0,02;0,0;0,0;0,0;-0,02;0,0;-0,11;-0,01;-0,1;0,0;-0,02;0,0;-0,01;0,0;-0,03;0,0;-0,03;0,0;-0,04;0,0;0,0;0,0;-0,06;0,0;-0,03;0,0;-0,02;0,0;-0,02;0,0;-0,03;0,0;-0,03;0,0
23.08.2026;17:45;18:00;1,23;0,23;0,0;0,0;-0,11;-0,04;-0,15;0,0;-0,01;0,0;-0,02;0,0;-0,06;0,0;-0,01;0,0;-0,01;0,0;0,0;0,0;-0,02;0,0;-0,03;0,0;-0,01;0,0;-0,02;0,0;-0,07;0,0;-0,23;-0,16;-0,02;0,0;-0,21;-0,14;-0,02;0,0;-0,08;-0,01;-0,04;0,0;-0,03;0,0;-0,07;0,0;-0,04;0,0;-0,02;0,0;-0,01;0,0;-0,02;0,0;-0,04;0,0
23.08.2026;18:00;18:15;0,96;0,14;-0,01;0,0;-0,03;0,0;-0,19;-0,06;0,0;0,0;-0,03;0,0;-0,05;-0,01;-0,04;0,0;-0,01;0,0;-0,01;0,0;-0,01;0,0;-0,02;0,0;0,0;0,0;-0,04;0,0;-0,05;-0,01;-0,06;-0,02;-0,02;0,0;-0,56;-0,52;-0,02;0,0;-0,03;0,0;-0,04;0,0;-0,02;0,0;-0,07;-0,03;-0,11;-0,07;-0,14;-0,1;0,0;0,0;-0,04;0,0;-0,04;0,0
23.08.2026;18:15;18:30;0,69;0,18;0,0;0,0;-0,03;-0,01;-0,25;-0,14;-0,01;0,0;-0,03;-0,01;-0,05;-0,03;-0,11;-0,09;-0,02;0,0;0,0;0,0;0,0;0,0;-0,14;-0,12;0,0;0,0;-0,01;0,0;-0,05;-0,03;-0,03;-0,01;-0,02;0,0;-0,68;-0,66;-0,03;-0,01;-0,02;0,0;-0,04;-0,02;-0,01;0,0;-0,08;-0,06;-0,19;-0,17;-0,04;-0,02;-0,01;0,0;-0,03;-0,01;-0,03;-0,01
23.08.2026;18:30;18:45;0,55;0,11;0,0;0,0;-0,02;0,0;-0,13;-0,07;0,0;0,0;-0,03;-0,01;-0,05;-0,03;-0,03;-0,01;-0,01;0,0;-0,01;0,0;0,0;0,0;-0,11;-0,09;0,0;0,0;-0,04;-0,02;-0,03;-0,01;-0,22;-0,2;0,0;0,0;-0,1;-0,08;-0,02;0,0;-0,02;0,0;-0,03;-0,01;-0,01;0,0;-0,07;-0,05;-0,17;-0,15;-0,12;-0,1;-0,01;0,0;-0,03;-0,01;-0,02;0,0
23.08.2026;18:45;19:00;0,42;0,12;0,0;0,0;-0,09;-0,08;-0,15;-0,08;-0,01;0,0;-0,03;-0,02;-0,05;-0,04;-0,01;0,0;-0,02;-0,01;-0,01;0,0;0,0;0,0;-0,04;-0,03;0,0;0,0;-0,03;-0,02;-0,05;-0,04;-0,01;0,0;-0,01;0,0;-0,09;-0,08;-0,04;-0,03;-0,03;-0,02;-0,03;-0,02;-0,01;0,0;-0,07;-0,06;-0,26;-0,25;-0,17;-0,16;-0,01;0,0;-0,03;-0,02;-0,01;0,0
23.08.2026;19:00;19:15;0,24;0,18;-0,01;-0,01;-0,03;-0,03;-0,19;-0,13;0,0;0,0;-0,02;-0,02;-0,04;-0,04;-0,01;-0,01;-0,01;-0,01;-0,02;-0,02;-0,02;-0,02;-0,03;-0,03;0,0;0,0;-0,04;-0,04;-0,04;-0,04;-0,01;-0,01;0,0;0,0;-0,1;-0,1;-0,02;-0,02;-0,02;-0,02;-0,04;-0,04;-0,03;-0,03;-0,08;-0,08;-0,1;-0,1;-0,4;-0,4;-0,02;-0,02;-0,03;-0,03;-0,01;-0,01
23.08.2026;19:15;19:30;0,07;0,07;0,0;0,0;-0,31;-0,31;-0,17;-0,17;-0,01;-0,01;-0,03;-0,03;-0,04;-0,04;-0,02;-0,02;-0,02;-0,02;-0,02;-0,02;-0,01;-0,01;-0,03;-0,03;0,0;0,0;-0,02;-0,02;-0,02;-0,02;-0,01;-0,01;-0,02;-0,02;-0,09;-0,09;-0,02;-0,02;-0,02;-0,02;-0,03;-0,03;-0,01;-0,01;-0,04;-0,04;-0,09;-0,09;-0,29;-0,29;-0,18;-0,18;-0,03;-0,03;-0,02;-0,02
23.08.2026;19:30;19:45;0,05;0,05;0,0;0,0;-0,21;-0,21;-0,18;-0,18;0,0;0,0;-0,02;-0,02;-0,05;-0,05;-0,01;-0,01;0,0;0,0;-0,01;-0,01;-0,02;-0,02;-0,03;-0,03;0,0;0,0;-0,02;-0,02;-0,03;-0,03;-0,03;-0,03;-0,01;-0,01;-0,1;-0,1;-0,04;-0,04;-0,03;-0,03;-0,03;-0,03;-0,01;-0,01;-0,05;-0,05;-0,07;-0,07;-0,18;-0,18;-0,24;-0,24;-0,03;-0,03;-0,06;-0,06
23.08.2026;19:45;20:00;0,02;0,02;0,0;0,0;-0,22;-0,22;-0,08;-0,08;-0,01;-0,01;-0,02;-0,02;-0,05;-0,05;-0,02;-0,02;-0,02;-0,02;-0,02;-0,02;-0,01;-0,01;-0,04;-0,04;0,0;0,0;-0,02;-0,02;-0,03;-0,03;-0,05;-0,05;0,0;0,0;-0,08;-0,08;-0,02;-0,02;-0,06;-0,06;-0,03;-0,03;-0,01;-0,01;-0,06;-0,06;-0,13;-0,13;-0,02;-0,02;-0,09;-0,09;-0,03;-0,03;-0,05;-0,05
23.08.2026;20:00;20:15;0,0;0,0;0,0;0,0;-0,07;-0,07;-0,12;-0,12;-0,01;-0,01;-0,02;-0,02;-0,05;-0,05;-0,01;-0,01;-0,02;-0,02;0,0;0,0;-0,01;-0,01;-0,02;-0,02;0,0;0,0;-0,04;-0,04;-0,03;-0,03;-0,05;-0,05;-0,01;-0,01;-0,07;-0,07;-0,03;-0,03;-0,05;-0,05;-0,02;-0,02;-0,02;-0,02;-0,04;-0,04;-0,35;-0,35;-0,02;-0,02;-0,12;-0,12;-0,04;-0,04;-0,04;-0,04
23.08.2026;20:15;20:30;0,0;0,0;-0,01;-0,01;-0,33;-0,33;-0,1;-0,1;0,0;0,0;-0,02;-0,02;-0,05;-0,05;-0,01;-0,01;-0,01;-0,01;-0,44;-0,44;0,0;0,0;-0,03;-0,03;0,0;0,0;-0,02;-0,02;-0,04;-0,04;-0,05;-0,05;0,0;0,0;-0,07;-0,07;-0,02;-0,02;-0,05;-0,05;-0,02;-0,02;-0,03;-0,03;-0,07;-0,07;-0,06;-0,06;-0,02;-0,02;-0,1;-0,1;-0,03;-0,03;-0,02;-0,02
23.08.2026;20:30;20:45;0,0;0,0;0,0;0,0;-0,09;-0,09;-0,19;-0,19;-0,01;-0,01;-0,04;-0,04;-0,05;-0,05;-0,03;-0,03;-0,02;-0,02;-0,36;-0,36;0,0;0,0;-0,03;-0,03;0,0;0,0;-0,05;-0,05;-0,05;-0,05;-0,05;-0,05;-0,01;-0,01;-0,12;-0,12;-0,03;-0,03;-0,06;-0,06;-0,04;-0,04;-0,01;-0,01;-0,08;-0,08;-0,05;-0,05;-0,02;-0,02;-0,13;-0,13;-0,04;-0,04;-0,02;-0,02
23.08.2026;20:45;21:00;0,0;0,0;0,0;0,0;-0,04;-0,04;-0,1;-0,1;0,0;0,0;-0,01;-0,01;-0,07;-0,07;-0,03;-0,03;0,0;0,0;-0,67;-0,67;-0,01;-0,01;-0,05;-0,05;0,0;0,0;-0,03;-0,03;-0,11;-0,11;-0,08;-0,08;-0,02;-0,02;-0,14;-0,14;-0,03;-0,03;-0,05;-0,05;0,0;0,0;0,0;0,0;-0,08;-0,08;-0,06;-0,06;-0,03;-0,03;-0,49;-0,49;-0,05;-0,05;-0,02;-0,02
23.08.2026;21:00;21:15;0,0;0,0;0,0;0,0;-0,05;-0,05;-0,09;-0,09;-0,01;-0,01;-0,02;-0,02;-0,05;-0,05;-0,07;-0,07;-0,02;-0,02;-0,24;-0,24;-0,02;-0,02;-0,08;-0,08;0,0;0,0;-0,02;-0,02;-0,05;-0,05;-0,07;-0,07;-0,01;-0,01;-0,15;-0,15;-0,02;-0,02;-0,05;-0,05;-0,01;-0,01;-0,02;-0,02;-0,08;-0,08;-0,02;-0,02;-0,02;-0,02;-0,5;-0,5;-0,02;-0,02;-0,02;-0,02
23.08.2026;21:15;21:30;0,0;0,0;-0,01;-0,01;-0,04;-0,04;-0,22;-0,22;-0,01;-0,01;-0,01;-0,01;-0,08;-0,08;-0,06;-0,06;-0,01;-0,01;-0,05;-0,05;-0,01;-0,01;-0,02;-0,02;0,0;0,0;-0,03;-0,03;-0,04;-0,04;-0,06;-0,06;-0,01;-0,01;-0,16;-0,16;-0,03;-0,03;-0,05;-0,05;-0,01;-0,01;-0,02;-0,02;-0,07;-0,07;-0,03;-0,03;-0,02;-0,02;-0,26;-0,26;-0,04;-0,04;-0,02;-0,02
23.08.2026;21:30;21:45;0,0;0,0;0,0;0,0;-0,04;-0,04;-0,11;-0,11;0,0;0,0;-0,01;-0,01;-0,08;-0,08;-0,04;-0,04;-0,02;-0,02;-0,04;-0,04;-0,01;-0,01;-0,03;-0,03;0,0;0,0;-0,02;-0,02;-0,05;-0,05;-0,07;-0,07;-0,12;-0,12;-0,13;-0,13;-0,03;-0,03;-0,05;-0,05;-0,01;-0,01;-0,02;-0,02;-0,07;-0,07;-0,1;-0,1;-0,02;-0,02;-0,23;-0,23;-0,03;-0,03;-0,03;-0,03
23.08.2026;21:45;22:00;0,0;0,0;0,0;0,0;-0,05;-0,05;-0,07;-0,07;-0,01;-0,01;-0,02;-0,02;-0,08;-0,08;-0,04;-0,04;-0,01;-0,01;-0,04;-0,04;-0,02;-0,02;0,0;0,0;0,0;0,0;-0,04;-0,04;-0,05;-0,05;-0,06;-0,06;-0,01;-0,01;-0,12;-0,12;-0,02;-0,02;-0,06;-0,06;-0,01;-0,01;-0,01;-0,01;-0,08;-0,08;-0,06;-0,06;-0,02;-0,02;-0,17;-0,17;-0,03;-0,03;-0,03;-0,03
23.08.2026;22:00;22:15;0,0;0,0;0,0;0,0;-0,03;-0,03;-0,1;-0,1;-0,01;-0,01;-0,01;-0,01;-0,07;-0,07;-0,05;-0,05;-0,01;-0,01;-0,05;-0,05;0,0;0,0;-0,02;-0,02;0,0;0,0;-0,01;-0,01;-0,06;-0,06;-0,06;-0,06;-0,02;-0,02;-0,43;-0,43;-0,01;-0,01;-0,02;-0,02;-0,01;-0,01;-0,01;-0,01;-0,04;-0,04;-0,01;-0,01;-0,02;-0,02;-0,06;-0,06;-0,04;-0,04;-0,03;-0,03
23.08.2026;22:15;22:30;0,0;0,0;0,0;0,0;-0,02;-0,02;-0,07;-0,07;0,0;0,0;-0,01;-0,01;-0,05;-0,05;-0,03;-0,03;-0,02;-0,02;-0,04;-0,04;0,0;0,0;0,0;0,0;0,0;0,0;-0,02;-0,02;-0,05;-0,05;-0,05;-0,05;0,0;0,0;-0,38;-0,38;-0,01;-0,01;-0,03;-0,03;-0,01;-0,01;-0,02;-0,02;-0,01;-0,01;-0,01;-0,01;-0,01;-0,01;-0,04;-0,04;-0,03;-0,03;-0,04;-0,04
23.08.2026;22:30;22:45;0,0;0,0;-0,01;-0,01;-0,02;-0,02;-0,07;-0,07;-0,01;-0,01;0,0;0,0;-0,03;-0,03;-0,03;-0,03;-0,01;-0,01;-0,02;-0,02;0,0;0,0;-0,01;-0,01;-0,01;-0,01;-0,02;-0,02;-0,05;-0,05;-0,02;-0,02;-0,01;-0,01;-0,27;-0,27;-0,01;-0,01;-0,02;-0,02;-0,01;-0,01;-0,02;-0,02;-0,01;-0,01;-0,01;-0,01;-0,02;-0,02;-0,04;-0,04;-0,03;-0,03;-0,02;-0,02
23.08.2026;22:45;23:00;0,0;0,0;0,0;0,0;-0,02;-0,02;-0,08;-0,08;0,0;0,0;-0,01;-0,01;-0,04;-0,04;-0,04;-0,04;-0,02;-0,02;-0,02;-0,02;-0,02;-0,02;-0,01;-0,01;0,0;0,0;-0,01;-0,01;-0,03;-0,03;-0,03;-0,03;0,0;0,0;-0,06;-0,06;-0,01;-0,01;-0,02;-0,02;-0,01;-0,01;-0,01;-0,01;-0,03;-0,03;-0,01;-0,01;-0,01;-0,01;-0,03;-0,03;-0,04;-0,04;-0,02;-0,02
23.08.2026;23:00;23:15;0,0;0,0;0,0;0,0;-0,03;-0,03;-0,07;-0,07;-0,01;-0,01;0,0;0,0;-0,04;-0,04;-0,03;-0,03;0,0;0,0;-0,02;-0,02;-0,01;-0,01;-0,01;-0,01;0,0;0,0;-0,01;-0,01;-0,01;-0,01;-0,03;-0,03;-0,02;-0,02;-0,02;-0,02;-0,01;-0,01;-0,02;-0,02;-0,01;-0,01;-0,01;-0,01;-0,02;-0,02;-0,02;-0,02;-0,01;-0,01;-0,02;-0,02;-0,01;-0,01;-0,03;-0,03
23.08.2026;23:15;23:30;0,0;0,0;0,0;0,0;-0,01;-0,01;-0,06;-0,06;0,0;0,0;-0,02;-0,02;-0,04;-0,04;-0,02;-0,02;-0,02;-0,02;-0,01;-0,01;-0,02;-0,02;-0,01;-0,01;0,0;0,0;0,0;0,0;-0,01;-0,01;-0,02;-0,02;-0,01;-0,01;-0,02;-0,02;-0,02;-0,02;-0,02;-0,02;-0,01;-0,01;-0,01;-0,01;-0,02;-0,02;-0,01;-0,01;0,0;0,0;-0,01;-0,01;-0,02;-0,02;-0,03;-0,03
23.08.2026;23:30;23:45;0,0;0,0;-0,01;-0,01;-0,02;-0,02;-0,08;-0,08;-0,01;-0,01;-0,01;-0,01;-0,04;-0,04;-0,03;-0,03;-0,01;-0,01;-0,01;-0,01;-0,01;-0,01;0,0;0,0;0,0;0,0;-0,02;-0,02;-0,01;-0,01;-0,03;-0,03;-0,01;-0,01;-0,03;-0,03;0,0;0,0;-0,02;-0,02;0,0;0,0;-0,03;-0,03;-0,01;-0,01;-0,01;-0,01;0,0;0,0;0,0;0,0;-0,01;-0,01;-0,03;-0,03
23.08.2026;23:45;00:00;0,0;0,0;0,0;0,0;-0,02;-0,02;-0,07;-0,07;0,0;0,0;-0,01;-0,01;-0,04;-0,04;-0,03;-0,03;-0,02;-0,02;0,0;0,0;-0,01;-0,01;-0,02;-0,02;0,0;0,0;-0,01;-0,01;-0,01;-0,01;-0,01;-0,01;-0,01;-0,01;-0,02;-0,02;-0,01;-0,01;-0,02;-0,02;-0,02;-0,02;-0,01;-0,01;-0,01;-0,01;-0,02;-0,02;0,0;0,0;-0,02;-0,02;-0,01;-0,01;-0,02;-0,02
24.08.2026;00:00;00:15;0,0;0,0;0,0;0,0;-0,01;-0,01;-0,05;-0,05;-0,01;-0,01;-0,01;-0,01;-0,03;-0,03;-0,03;-0,03;-0,01;-0,01;-0,01;-0,01;0,0;0,0;0,0;0,0;0,0;0,0;-0,01;-0,01;-0,01;-0,01;-0,01;-0,01;0,0;0,0;-0,02;-0,02;-0,02;-0,02;-0,02;-0,02;0,0;0,0;-0,01;-0,01;-0,01;-0,01;-0,01;-0,01;-0,01;-0,01;-0,01;-0,01;-0,02;-0,02;-0,01;-0,01
24.08.2026;00:15;00:30;0,0;0,0;0,0;0,0;-0,01;-0,01;-0,06;-0,06;0,0;0,0;-0,01;-0,01;-0,04;-0,04;-0,02;-0,02;-0,01;-0,01;0,0;0,0;0,0;0,0;-0,01;-0,01;0,0;0,0;0,0;0,0;-0,01;-0,01;-0,01;-0,01;-0,01;-0,01;-0,01;-0,01;0,0;0,0;-0,02;-0,02;-0,01;-0,01;-0,01;-0,01;-0,01;-0,01;-0,01;-0,01;-0,01;-0,01;-0,01;-0,01;0,0;0,0;0,0;0,0
24.08.2026;00:30;00:45;0,0;0,0;0,0;0,0;-0,01;-0,01;-0,21;-0,21;-0,01;-0,01;0,0;0,0;-0,04;-0,04;-0,04;-0,04;-0,02;-0,02;-0,01;-0,01;-0,01;-0,01;-0,01;-0,01;0,0;0,0;-0,02;-0,02;-0,01;-0,01;-0,01;-0,01;-0,02;-0,02;-0,01;-0,01;-0,02;-0,02;-0,02;-0,02;-0,02;-0,02;-0,02;-0,02;-0,01;-0,01;-0,01;-0,01;-0,02;-0,02;-0,01;-0,01;-0,02;-0,02;-0,01;-0,01
24.08.2026;00:45;01:00;0,0;0,0;-0,01;-0,01;-0,01;-0,01;-0,21;-0,21;-0,01;-0,01;-0,01;-0,01;-0,03;-0,03;-0,05;-0,05;-0,01;-0,01;0,0;0,0;-0,01;-0,01;-0,01;-0,01;0,0;0,0;-0,01;-0,01;-0,01;-0,01;-0,01;-0,01;-0,01;-0,01;-0,01;-0,01;-0,01;-0,01;-0,02;-0,02;0,0;0,0;-0,02;-0,02;-0,01;-0,01;-0,02;-0,02;-0,02;-0,02;-0,02;-0,02;-0,01;-0,01;-0,01;-0,01
24.08.2026;01:00;01:15;0,0;0,0;0,0;0,0;-0,01;-0,01;-0,07;-0,07;0,0;0,0;-0,01;-0,01;-0,04;-0,04;-0,02;-0,02;-0,01;-0,01;-0,01;-0,01;-0,02;-0,02;-0,01;-0,01;0,0;0,0;0,0;0,0;-0,01;-0,01;-0,01;-0,01;0,0;0,0;-0,02;-0,02;0,0;0,0;-0,02;-0,02;-0,01;-0,01;-0,02;-0,02;-0,01;-0,01;-0,01;-0,01;-0,02;-0,02;-0,01;-0,01;-0,01;-0,01;-0,01;-0,01
24.08.2026;01:15;01:30;0,0;0,0;0,0;0,0;-0,01;-0,01;-0,06;-0,06;-0,01;-0,01;-0,02;-0,02;-0,03;-0,03;-0,01;-0,01;-0,01;-0,01;0,0;0,0;-0,01;-0,01;-0,01;-0,01;0,0;0,0;-0,01;-0,01;-0,01;-0,01;-0,01;-0,01;-0,01;-0,01;-0,02;-0,02;-0,02;-0,02;-0,02;-0,02;-0,01;-0,01;-0,01;-0,01;-0,01;-0,01;-0,01;-0,01;-0,02;-0,02;-0,01;-0,01;-0,01;-0,01;-0,02;-0,02
24.08.2026;01:30;01:45;0,0;0,0;0,0;0,0;-0,01;-0,01;-0,05;-0,05;-0,01;-0,01;-0,01;-0,01;-0,04;-0,04;-0,01;-0,01;-0,02;-0,02;-0,02;-0,02;-0,01;-0,01;-0,01;-0,01;0,0;0,0;-0,02;-0,02;-0,01;-0,01;-0,01;-0,01;-0,01;-0,01;-0,01;-0,01;0,0;0,0;-0,02;-0,02;-0,01;-0,01;-0,01;-0,01;-0,01;-0,01;-0,01;-0,01;-0,01;-0,01;0,0;0,0;-0,02;-0,02;-0,01;-0,01
24.08.2026;01:45;02:00;0,0;0,0;-0,01;-0,01;-0,01;-0,01;-0,06;-0,06;0,0;0,0;-0,01;-0,01;-0,04;-0,04;-0,01;-0,01;-0,01;-0,01;-0,02;-0,02;-0,01;-0,01;-0,01;-0,01;0,0;0,0;-0,01;-0,01;-0,01;-0,01;-0,01;-0,01;-0,01;-0,01;-0,01;-0,01;-0,02;-0,02;-0,02;-0,02;-0,01;-0,01;-0,02;-0,02;-0,01;-0,01;-0,02;-0,02;-0,02;-0,02;-0,02;-0,02;0,0;0,0;0,0;0,0
24.08.2026;02:00;02:15;0,0;0,0;0,0;0,0;0,0;0,0;-0,05;-0,05;-0,01;-0,01;0,0;0,0;-0,03;-0,03;-0,01;-0,01;-0,02;-0,02;-0,02;-0,02;0,0;0,0;0,0;0,0;0,0;0,0;0,0;0,0;-0,01;-0,01;-0,01;-0,01;-0,01;-0,01;0,0;0,0;-0,01;-0,01;-0,02;-0,02;-0,01;-0,01;-0,02;-0,02;-0,01;-0,01;-0,01;-0,01;-0,02;-0,02;-0,01;-0,01;-0,02;-0,02;0,0;0,0
24.08.2026;02:15;02:30;0,0;0,0;0,0;0,0;-0,02;-0,02;-0,06;-0,06;0,0;0,0;0,0;0,0;-0,04;-0,04;-0,01;-0,01;0,0;0,0;-0,02;-0,02;0,0;0,0;-0,02;-0,02;-0,01;-0,01;-0,01;-0,01;-0,01;-0,01;-0,02;-0,02;-0,01;-0,01;-0,02;-0,02;0,0;0,0;-0,02;-0,02;-0,01;-0,01;-0,01;-0,01;0,0;0,0;-0,01;-0,01;-0,02;-0,02;0,0;0,0;-0,01;-0,01;-0,01;-0,01
24.08.2026;02:30;02:45;0,0;0,0;0,0;0,0;-0,01;-0,01;-0,05;-0,05;-0,01;-0,01;-0,01;-0,01;-0,03;-0,03;-0,01;-0,01;-0,02;-0,02;-0,01;-0,01;-0,02;-0,02;0,0;0,0;0,0;0,0;-0,02;-0,02;-0,01;-0,01;0,0;0,0;0,0;0,0;-0,01;-0,01;-0,02;-0,02;-0,02;-0,02;-0,01;-0,01;-0,01;-0,01;-0,02;-0,02;-0,01;-0,01;-0,02;-0,02;-0,01;-0,01;-0,01;-0,01;-0,01;-0,01
24.08.2026;02:45;03:00;0,0;0,0;-0,01;-0,01;-0,01;-0,01;-0,05;-0,05;-0,01;-0,01;-0,02;-0,02;-0,04;-0,04;-0,02;-0,02;-0,01;-0,01;-0,01;-0,01;-0,01;-0,01;-0,01;-0,01;0,0;0,0;-0,01;-0,01;-0,01;-0,01;-0,01;-0,01;0,0;0,0;-0,02;-0,02;-0,01;-0,01;-0,02;-0,02;0,0;0,0;-0,01;-0,01;0,0;0,0;-0,02;-0,02;-0,01;-0,01;-0,02;-0,02;-0,01;-0,01;-0,02;-0,02
24.08.2026;03:00;03:15;0,0;0,0;0,0;0,0;-0,01;-0,01;-0,06;-0,06;0,0;0,0;-0,01;-0,01;-0,03;-0,03;0,0;0,0;-0,02;-0,02;-0,01;-0,01;-0,01;-0,01;-0,01;-0,01;0,0;0,0;0,0;0,0;-0,01;-0,01;-0,01;-0,01;-0,01;-0,01;-0,01;-0,01;0,0;0,0;-0,02;-0,02;-0,02;-0,02;-0,03;-0,03;-0,01;-0,01;-0,01;-0,01;-0,02;-0,02;-0,02;-0,02;-0,01;-0,01;-0,01;-0,01
24.08.2026;03:15;03:30;0,0;0,0;0,0;0,0;0,0;0,0;-0,07;-0,07;-0,01;-0,01;-0,01;-0,01;-0,04;-0,04;-0,01;-0,01;-0,01;-0,01;-0,01;-0,01;-0,02;-0,02;-0,01;-0,01;0,0;0,0;-0,01;-0,01;-0,01;-0,01;-0,01;-0,01;-0,02;-0,02;-0,01;-0,01;-0,02;-0,02;-0,02;-0,02;-0,01;-0,01;-0,01;-0,01;-0,01;-0,01;0,0;0,0;-0,02;-0,02;0,0;0,0;-0,02;-0,02;-0,01;-0,01
24.08.2026;03:30;03:45;0,0;0,0;0,0;0,0;-0,01;-0,01;-0,06;-0,06;0,0;0,0;-0,01;-0,01;-0,03;-0,03;-0,02;-0,02;-0,01;-0,01;0,0;0,0;0,0;0,0;-0,01;-0,01;0,0;0,0;-0,02;-0,02;-0,01;-0,01;-0,01;-0,01;0,0;0,0;-0,01;-0,01;-0,01;-0,01;-0,02;-0,02;0,0;0,0;-0,01;-0,01;-0,01;-0,01;-0,02;-0,02;-0,02;-0,02;-0,01;-0,01;-0,01;-0,01;0,0;0,0
24.08.2026;03:45;04:00;0,0;0,0;0,0;0,0;-0,01;-0,01;-0,05;-0,05;0,0;0,0;0,0;0,0;-0,04;-0,04;0,0;0,0;-0,01;-0,01;-0,01;-0,01;0,0;0,0;0,0;0,0;0,0;0,0;-0,01;-0,01;-0,06;-0,06;-0,01;-0,01;0,0;0,0;-0,01;-0,01;-0,01;-0,01;-0,02;-0,02;0,0;0,0;-0,01;-0,01;-0,01;-0,01;-0,01;-0,01;-0,01;-0,01;-0,01;-0,01;-0,01;-0,01;0,0;0,0
24.08.2026;04:00;04:15;0,0;0,0;-0,01;-0,01;-0,02;-0,02;-0,06;-0,06;-0,01;-0,01;0,0;0,0;-0,01;-0,01;-0,02;-0,02;-0,02;-0,02;0,0;0,0;0,0;0,0;-0,01;-0,01;0,0;0,0;0,0;0,0;-0,05;-0,05;-0,02;-0,02;-0,01;-0,01;-0,02;-0,02;-0,01;-0,01;-0,02;-0,02;-0,02;-0,02;-0,02;-0,02;-0,01;-0,01;-0,01;-0,01;-0,02;-0,02;-0,01;-0,01;-0,01;-0,01;-0,01;-0,01
24.08.2026;04:15;04:30;0,0;0,0;0,0;0,0;0,0;0,0;-0,07;-0,07;-0,01;-0,01;-0,02;-0,02;-0,03;-0,03;0,0;0,0;-0,01;-0,01;-0,01;-0,01;-0,02;-0,02;-0,01;-0,01;0,0;0,0;-0,01;-0,01;-0,01;-0,01;-0,01;-0,01;-0,01;-0,01;-0,01;-0,01;0,0;0,0;-0,02;-0,02;-0,01;-0,01;-0,02;-0,02;0,0;0,0;-0,01;-0,01;-0,02;-0,02;-0,01;-0,01;-0,01;-0,01;-0,01;-0,01
24.08.2026;04:30;04:45;0,0;0,0;0,0;0,0;-0,01;-0,01;-0,1;-0,1;0,0;0,0;-0,01;-0,01;-0,03;-0,03;-0,02;-0,02;-0,01;-0,01;0,0;0,0;-0,01;-0,01;-0,01;-0,01;0,0;0,0;-0,02;-0,02;-0,02;-0,02;0,0;0,0;-0,01;-0,01;-0,01;-0,01;-0,02;-0,02;-0,02;-0,02;0,0;0,0;-0,01;-0,01;-0,02;-0,02;-0,02;-0,02;-0,02;-0,02;-0,01;-0,01;-0,01;-0,01;-0,01;-0,01
24.08.2026;04:45;05:00;0,0;0,0;0,0;0,0;-0,01;-0,01;-0,15;-0,15;-0,01;-0,01;-0,02;-0,02;-0,04;-0,04;0,0;0,0;-0,02;-0,02;-0,01;-0,01;-0,01;-0,01;-0,01;-0,01;0,0;0,0;0,0;0,0;-0,11;-0,11;-0,02;-0,02;-0,01;-0,01;-0,01;-0,01;-0,01;-0,01;-0,02;-0,02;-0,02;-0,02;-0,01;-0,01;0,0;0,0;-0,01;-0,01;-0,02;-0,02;-0,02;-0,02;-0,02;-0,02;-0,01;-0,01
24.08.2026;05:00;05:15;0,0;0,0;-0,01;-0,01;-0,01;-0,01;-0,14;-0,14;0,0;0,0;0,0;0,0;-0,03;-0,03;-0,01;-0,01;-0,01;-0,01;0,0;0,0;-0,02;-0,02;-0,01;-0,01;0,0;0,0;-0,01;-0,01;-0,01;-0,01;-0,01;-0,01;0,0;0,0;-0,01;-0,01;-0,01;-0,01;-0,02;-0,02;0,0;0,0;-0,01;-0,01;-0,01;-0,01;0,0;0,0;-0,01;-0,01;-0,01;-0,01;-0,02;-0,02;0,0;0,0
24.08.2026;05:15;05:30;0,0;0,0;0,0;0,0;-0,01;-0,01;-0,18;-0,18;-0,01;-0,01;-0,01;-0,01;-0,04;-0,04;-0,01;-0,01;-0,01;-0,01;-0,02;-0,02;0,0;0,0;-0,01;-0,01;0,0;0,0;-0,01;-0,01;-0,02;-0,02;-0,01;-0,01;0,0;0,0;-0,01;-0,01;-0,02;-0,02;-0,02;-0,02;-0,01;-0,01;-0,03;-0,03;-0,02;-0,02;-0,02;-0,02;-0,02;-0,02;-0,01;-0,01;-0,07;-0,07;-0,01;-0,01
24.08.2026;05:30;05:45;0,0;0,0;0,0;0,0;-0,01;-0,01;-0,24;-0,24;-0,01;-0,01;0,0;0,0;-0,01;-0,01;-0,05;-0,05;-0,01;-0,01;-0,02;-0,02;0,0;0,0;0,0;0,0;0,0;0,0;-0,05;-0,05;-0,02;-0,02;-0,02;-0,02;-0,01;-0,01;-0,01;-0,01;0,0;0,0;-0,02;-0,02;-0,01;-0,01;-0,02;-0,02;0,0;0,0;-0,01;-0,01;-0,02;-0,02;0,0;0,0;-0,02;-0,02;-0,02;-0,02
24.08.2026;05:45;06:00;0,0;0,0;0,0;0,0;-0,01;-0,01;-0,17;-0,17;0,0;0,0;-0,01;-0,01;-0,03;-0,03;-0,02;-0,02;-0,02;-0,02;-0,02;-0,02;-0,01;-0,01;-0,01;-0,01;-0,01;-0,01;-0,01;-0,01;-0,01;-0,01;-0,01;-0,01;-0,01;-0,01;-0,02;-0,02;-0,01;-0,01;-0,02;-0,02;-0,01;-0,01;-0,01;-0,01;-0,01;-0,01;-0,01;-0,01;-0,02;-0,02;-0,02;-0,02;-0,01;-0,01;-0,01;-0,01
24.08.2026;06:00;06:15;0,0;0,0;0,0;0,0;0,0;0,0;-0,17;-0,17;-0,01;-0,01;-0,01;-0,01;-0,03;-0,03;-0,02;-0,02;-0,01;-0,01;-0,13;-0,13;-0,01;-0,01;-0,03;-0,03;0,0;0,0;0,0;0,0;-0,01;-0,01;-0,01;-0,01;-0,01;-0,01;-0,01;-0,01;-0,01;-0,01;-0,02;-0,02;-0,01;-0,01;-0,01;-0,01;-0,01;-0,01;-0,03;-0,03;-0,01;-0,01;-0,01;-0,01;-0,01;-0,01;0,0;0,0
24.08.2026;06:15;06:30;0,02;0,02;-0,01;-0,01;-0,03;-0,03;-0,17;-0,17;0,0;0,0;-0,02;-0,02;-0,04;-0,04;-0,04;-0,04;-0,01;-0,01;-0,04;-0,04;-0,01;-0,01;-0,01;-0,01;0,0;0,0;-0,03;-0,03;-0,01;-0,01;-0,02;-0,02;0,0;0,0;0,0;0,0;-0,01;-0,01;-0,16;-0,16;-0,03;-0,03;-0,01;-0,01;-0,01;-0,01;-0,02;-0,02;-0,01;-0,01;0,0;0,0;-0,01;-0,01;-0,01;-0,01
24.08.2026;06:30;06:45;0,09;0,09;0,0;0,0;-0,06;-0,06;-0,1;-0,1;-0,01;-0,01;0,0;0,0;-0,03;-0,03;-0,02;-0,02;-0,01;-0,01;-0,02;-0,02;-0,02;-0,02;-0,01;-0,01;0,0;0,0;-0,01;-0,01;-0,01;-0,01;0,0;0,0;-0,01;-0,01;-0,01;-0,01;-0,02;-0,02;-0,02;-0,02;-0,06;-0,06;-0,02;-0,02;-0,01;-0,01;-0,02;-0,02;0,0;0,0;-0,02;-0,02;-0,02;-0,02;-0,02;-0,02
24.08.2026;06:45;07:00;0,13;0,11;0,0;0,0;-0,12;-0,12;-0,13;-0,11;-0,01;-0,01;-0,01;-0,01;-0,04;-0,04;-0,03;-0,03;-0,02;-0,02;0,0;0,0;-0,01;-0,01;-0,01;-0,01;0,0;0,0;-0,01;-0,01;-0,01;-0,01;-0,01;-0,01;0,0;0,0;-0,01;-0,01;0,0;0,0;-0,07;-0,07;-0,02;-0,02;-0,02;-0,02;-0,01;-0,01;-0,01;-0,01;0,0;0,0;-0,01;-0,01;-0,02;-0,02;-0,01;-0,01
24.08.2026;07:00;07:15;0,2;0,15;0,0;0,0;-0,02;-0,02;-0,12;-0,07;0,0;0,0;0,0;0,0;-0,05;-0,05;-0,02;-0,02;-0,01;-0,01;-0,01;-0,01;0,0;0,0;-0,01;-0,01;0,0;0,0;-0,01;-0,01;-0,01;-0,01;-0,02;-0,02;-0,01;-0,01;-0,02;-0,02;-0,02;-0,02;-0,04;-0,04;-0,01;-0,01;-0,01;-0,01;-0,01;-0,01;0,0;0,0;-0,01;-0,01;-0,01;-0,01;-0,48;-0,48;-0,01;-0,01
24.08.2026;07:15;07:30;0,27;0,19;-0,01;-0,01;-0,03;-0,03;-0,09;-0,01;0,0;0,0;-0,01;-0,01;-0,04;-0,04;-0,04;-0,04;-0,01;-0,01;-0,01;-0,01;0,0;0,0;-0,01;-0,01;0,0;0,0;-0,01;-0,01;-0,01;-0,01;0,0;0,0;-0,01;-0,01;-0,04;-0,04;-0,04;-0,04;-0,02;-0,02;-0,01;-0,01;-0,01;-0,01;-0,01;-0,01;-0,02;-0,02;0,0;0,0;-0,01;-0,01;-0,09;-0,09;-0,01;-0,01
24.08.2026;07:30;07:45;0,42;0,15;0,0;0,0;0,0;0,0;-0,07;0,0;-0,01;0,0;-0,01;0,0;-0,14;-0,13;-0,02;-0,01;-0,01;0,0;0,0;0,0;-0,01;0,0;0,0;0,0;0,0;0,0;-0,01;0,0;-0,01;0,0;-0,02;-0,01;-0,01;0,0;-0,03;-0,02;-0,02;-0,01;-0,02;-0,01;-0,01;0,0;-0,01;0,0;-0,04;-0,03;-0,02;-0,01;-0,02;-0,01;-0,01;0,0;-0,04;-0,03;0,0;0,0
24.08.2026;07:45;08:00;0,15;0,11;0,0;0,0;-0,02;-0,02;-0,1;-0,06;0,0;0,0;-0,02;-0,02;-0,06;-0,06;-0,02;-0,02;-0,02;-0,02;0,0;0,0;-0,01;-0,01;-0,01;-0,01;0,0;0,0;-0,01;-0,01;-0,01;-0,01;-0,01;-0,01;-0,03;-0,03;-0,02;-0,02;-0,02;-0,02;-0,02;-0,02;-0,01;-0,01;-0,03;-0,03;-0,04;-0,04;-0,01;-0,01;-0,01;-0,01;-0,01;-0,01;-0,09;-0,09;0,0;0,0
24.08.2026;08:00;08:15;0,0;0,0;0,0;0,0;-0,01;-0,01;-0,22;-0,22;-0,01;-0,01;-0,01;-0,01;-0,09;-0,09;-0,02;-0,02;-0,01;-0,01;-0,01;-0,01;-0,01;-0,01;-0,01;-0,01;0,0;0,0;-0,01;-0,01;-0,01;-0,01;-0,01;-0,01;-0,01;-0,01;-0,02;-0,02;-0,04;-0,04;-0,03;-0,03;-0,01;-0,01;-0,01;-0,01;-0,04;-0,04;0,0;0,0;-0,02;-0,02;-0,01;-0,01;-0,55;-0,55;-0,01;-0,01
24.08.2026;08:15;08:30;0,0;0,0;0,0;0,0;-0,02;-0,02;-0,07;-0,07;-0,01;-0,01;0,0;0,0;-0,05;-0,05;-0,02;-0,02;-0,01;-0,01;0,0;0,0;-0,02;-0,02;-0,01;-0,01;0,0;0,0;-0,01;-0,01;-0,01;-0,01;-0,01;-0,01;-0,01;-0,01;-0,01;-0,01;-0,02;-0,02;-0,02;-0,02;-0,01;-0,01;-0,01;-0,01;-0,04;-0,04;-0,02;-0,02;-0,02;-0,02;0,0;0,0;-0,14;-0,14;-0,02;-0,02
24.08.2026;08:30;08:45;1,01;0,48;-0,01;0,0;-0,01;0,0;-0,08;0,0;0,0;0,0;0,0;0,0;-0,5;-0,43;-0,03;0,0;-0,01;0,0;-0,01;0,0;-0,01;0,0;-0,01;0,0;0,0;0,0;-0,01;0,0;-0,01;0,0;-0,01;0,0;-0,01;0,0;-0,02;0,0;-0,02;0,0;-0,02;0,0;-0,01;0,0;-0,01;0,0;-0,04;0,0;-0,02;0,0;-0,01;0,0;-0,02;0,0;-0,23;-0,16;-0,01;0,0
24.08.2026;08:45;09:00;1,57;0,93;0,0;0,0;0,0;0,0;-0,07;0,0;-0,01;0,0;-0,01;0,0;-0,46;-0,29;-0,01;0,0;-0,02;0,0;-0,02;0,0;-0,01;0,0;-0,01;0,0;0,0;0,0;0,0;0,0;-0,01;0,0;-0,01;0,0;-0,02;0,0;-0,01;0,0;0,0;0,0;-0,03;0,0;-0,02;0,0;-0,02;0,0;-0,04;0,0;0,0;0,0;-0,02;0,0;-0,02;0,0;-0,1;0,0;-0,01;0,0
24.08.2026;09:00;09:15;1,86;1,24;0,0;0,0;-0,01;0,0;-0,07;0,0;0,0;0,0;-0,02;0,0;-0,3;-0,08;-0,04;0,0;-0,01;0,0;-0,01;0,0;0,0;0,0;0,0;0,0;0,0;0,0;-0,02;0,0;-0,01;0,0;-0,01;0,0;-0,03;0,0;0,0;0,0;-0,01;0,0;-0,02;0,0;0,0;0,0;-0,02;0,0;-0,04;0,0;-0,02;0,0;-0,02;0,0;-0,01;0,0;-0,03;0,0;0,0;0,0
24.08.2026;09:15;09:30;2,1;1,41;0,0;0,0;-0,01;0,0;-0,07;0,0;-0,01;0,0;-0,01;0,0;-0,28;-0,01;-0,04;0,0;-0,01;0,0;-0,01;0,0;0,0;0,0;-0,04;0,0;0,0;0,0;-0,01;0,0;-0,01;0,0;-0,01;0,0;-0,02;0,0;-0,01;0,0;-0,02;0,0;-0,02;0,0;-0,01;0,0;-0,01;0,0;-0,04;0,0;-0,01;0,0;-0,01;0,0;0,0;0,0;-0,04;0,0;0,0;0,0
24.08.2026;09:30;09:45;2,22;1,5;-0,01;0,0;-0,01;0,0;-0,07;0,0;-0,01;0,0;-0,01;0,0;-0,22;0,0;-0,03;0,0;-0,01;0,0;-0,01;0,0;-0,01;0,0;-0,03;0,0;0,0;0,0;0,0;0,0;-0,03;0,0;-0,01;0,0;-0,04;0,0;-0,02;0,0;0,0;0,0;-0,02;0,0;-0,01;0,0;-0,01;0,0;-0,04;0,0;-0,01;0,0;-0,02;0,0;-0,01;0,0;-0,06;0,0;-0,02;0,0
24.08.2026;09:45;10:00;2,45;1,68;0,0;0,0;-0,02;0,0;-0,07;0,0;0,0;0,0;0,0;0,0;-0,27;0,0;-0,02;0,0;-0,02;0,0;0,0;0,0;-0,01;0,0;-0,06;0,0;-0,01;0,0;-0,01;0,0;-0,04;0,0;-0,01;0,0;-0,03;0,0;-0,01;0,0;-0,02;0,0;-0,02;0,0;-0,01;0,0;-0,01;0,0;-0,04;0,0;-0,01;0,0;-0,01;0,0;-0,01;0,0;-0,05;0,0;-0,01;0,0
24.08.2026;10:00;10:15;2,65;1,57;0,0;0,0;0,0;0,0;-0,06;0,0;-0,01;0,0;-0,01;0,0;-0,28;0,0;-0,02;0,0;-0,01;0,0;0,0;0,0;-0,02;0,0;-0,07;0,0;0,0;0,0;-0,02;0,0;-0,03;0,0;-0,01;0,0;-0,04;0,0;-0,01;0,0;-0,01;0,0;-0,02;0,0;-0,01;0,0;-0,03;0,0;-0,05;0,0;-0,01;0,0;-0,02;0,0;-0,01;0,0;-0,57;-0,25;-0,01;0,0
24.08.2026;10:15;10:30;2,73;1,88;0,0;0,0;-0,01;0,0;-0,06;0,0;0,0;0,0;0,0;0,0;-0,25;0,0;-0,02;0,0;-0,02;0,0;-0,01;0,0;-0,01;0,0;-0,07;0,0;0,0;0,0;-0,01;0,0;-0,04;0,0;-0,01;0,0;-0,02;0,0;-0,01;0,0;0,0;0,0;-0,02;0,0;-0,01;0,0;-0,02;0,0;-0,04;0,0;-0,02;0,0;-0,02;0,0;-0,01;0,0;-0,17;0,0;0,0;0,0
24.08.2026;10:30;10:45;3,0;2,36;0,0;0,0;-0,01;0,0;-0,07;0,0;-0,01;0,0;-0,02;0,0;-0,06;0,0;-0,02;0,0;0,0;0,0;0,0;0,0;-0,01;0,0;-0,05;0,0;0,0;0,0;0,0;0,0;-0,04;0,0;-0,01;0,0;-0,03;0,0;0,0;0,0;-0,02;0,0;-0,02;0,0;-0,01;0,0;-0,01;0,0;-0,05;0,0;0,0;0,0;-0,02;0,0;-0,01;0,0;-0,16;0,0;-0,01;0,0
24.08.2026;10:45;11:00;3,23;2,54;-0,01;0,0;-0,01;0,0;-0,1;0,0;-0,01;0,0;-0,01;0,0;-0,04;0,0;-0,02;0,0;-0,02;0,0;0,0;0,0;0,0;0,0;-0,03;0,0;0,0;0,0;-0,01;0,0;-0,05;0,0;-0,01;0,0;-0,03;0,0;-0,02;0,0;0,0;0,0;-0,02;0,0;-0,02;0,0;-0,01;0,0;-0,04;0,0;-0,02;0,0;-0,01;0,0;-0,02;0,0;-0,18;0,0;0,0;0,0
24.08.2026;11:00;11:15;3,37;2,6;0,0;0,0;-0,01;0,0;-0,09;0,0;0,0;0,0;-0,01;0,0;-0,04;0,0;-0,1;0,0;-0,03;0,0;-0,01;0,0;0,0;0,0;-0,05;0,0;0,0;0,0;-0,02;0,0;-0,04;0,0;-0,02;0,0;-0,04;0,0;-0,01;0,0;-0,02;0,0;-0,02;0,0;0,0;0,0;-0,01;0,0;-0,04;0,0;-0,01;0,0;-0,02;0,0;-0,01;0,0;-0,15;0,0;-0,02;0,0
24.08.2026;11:15;11:30;3,45;2,36;0,0;0,0;-0,01;0,0;-0,07;0,0;-0,01;0,0;-0,01;0,0;-0,03;0,0;-0,19;0,0;-0,03;0,0;0,0;0,0;-0,01;0,0;-0,03;0,0;0,0;0,0;0,0;0,0;-0,03;0,0;-0,01;0,0;-0,03;0,0;-0,01;0,0;-0,04;0,0;-0,11;0,0;-0,01;0,0;-0,03;0,0;-0,05;0,0;-0,01;0,0;-0,21;0,0;-0,01;0,0;-0,14;0,0;-0,01;0,0
24.08.2026;11:30;11:45;3,1;2,27;0,0;0,0;-0,01;0,0;-0,09;0,0;-0,01;0,0;-0,01;0,0;-0,04;0,0;-0,09;0,0;-0,03;0,0;-0,01;0,0;-0,02;0,0;-0,04;0,0;0,0;0,0;-0,01;0,0;-0,04;0,0;0,0;0,0;-0,03;0,0;-0,02;0,0;-0,02;0,0;-0,02;0,0;-0,01;0,0;-0,01;0,0;-0,08;0,0;-0,01;0,0;-0,18;0,0;-0,01;0,0;-0,03;0,0;-0,01;0,0
24.08.2026;11:45;12:00;1,15;0,41;-0,01;0,0;0,0;0,0;-0,08;0,0;-0,04;0,0;0,0;0,0;-0,04;0,0;-0,03;0,0;-0,02;0,0;-0,01;0,0;-0,01;0,0;-0,08;0,0;0,0;0,0;-0,01;0,0;-0,04;0,0;-0,02;0,0;-0,03;0,0;0,0;0,0;-0,03;0,0;-0,02;0,0;-0,01;0,0;-0,01;0,0;-0,05;0,0;-0,02;0,0;-0,18;-0,1;-0,02;0,0;-0,11;-0,03;0,0;0,0
24.08.2026;12:00;12:15;0,17;0,12;0,0;0,0;-0,01;-0,01;-0,08;-0,03;-0,03;-0,03;-0,01;-0,01;-0,03;-0,03;-0,04;-0,04;-0,03;-0,03;0,0;0,0;-0,01;-0,01;-0,01;-0,01;0,0;0,0;-0,01;-0,01;-0,04;-0,04;-0,01;-0,01;-0,03;-0,03;-0,01;-0,01;-0,02;-0,02;-0,02;-0,02;-0,01;-0,01;-0,01;-0,01;-0,04;-0,04;-0,01;-0,01;-0,03;-0,03;-0,01;-0,01;-0,14;-0,14;0,0;0,0
24.08.2026;12:15;12:30;2,01;1,27;0,0;0,0;-0,02;0,0;-0,11;0,0;-0,07;0,0;-0,01;0,0;-0,02;0,0;-0,05;0,0;-0,02;0,0;-0,02;0,0;-0,02;0,0;-0,01;0,0;0,0;0,0;-0,01;0,0;-0,04;0,0;-0,01;0,0;-0,03;0,0;-0,01;0,0;-0,05;0,0;-0,02;0,0;-0,01;0,0;-0,02;0,0;-0,04;0,0;-0,01;0,0;-0,02;0,0;-0,01;0,0;-0,1;0,0;-0,01;0,0
24.08.2026;12:30;12:45;4,29;3,27;0,0;0,0;-0,01;0,0;-0,23;0,0;-0,02;0,0;-0,01;0,0;-0,03;0,0;-0,36;0,0;-0,04;0,0;-0,01;0,0;0,0;0,0;-0,01;0,0;0,0;0,0;0,0;0,0;-0,05;0,0;-0,01;0,0;-0,02;0,0;-0,01;0,0;-0,03;0,0;-0,02;0,0;-0,01;0,0;-0,02;0,0;-0,05;0,0;-0,01;0,0;-0,02;0,0;-0,02;0,0;-0,01;0,0;-0,02;0,0
24.08.2026;12:45;13:00;1,56;0,81;-0,01;0,0;-0,01;0,0;-0,1;0,0;-0,01;0,0;-0,02;0,0;-0,04;0,0;-0,1;0,0;-0,02;0,0;-0,41;-0,26;0,0;0,0;-0,01;0,0;0,0;0,0;-0,02;0,0;-0,04;0,0;-0,01;0,0;-0,01;0,0;-0,02;0,0;-0,02;0,0;-0,02;0,0;0,0;0,0;-0,01;0,0;-0,05;0,0;-0,02;0,0;-0,03;0,0;-0,01;0,0;-0,01;0,0;-0,01;0,0
24.08.2026;13:00;13:15;2,01;0,89;0,0;0,0;0,0;0,0;-0,2;0,0;-0,03;0,0;-0,01;0,0;-0,41;-0,21;-0,03;0,0;-0,04;0,0;-0,58;-0,38;0,0;0,0;-0,02;0,0;0,0;0,0;-0,01;0,0;-0,06;0,0;-0,01;0,0;0,0;0,0;-0,01;0,0;-0,03;0,0;-0,02;0,0;-0,02;0,0;-0,01;0,0;-0,04;0,0;-0,01;0,0;-0,13;0,0;-0,01;0,0;-0,02;0,0;-0,01;0,0
24.08.2026;13:15;13:30;3,07;1,84;0,0;0,0;-0,01;0,0;-0,12;0,0;-0,02;0,0;0,0;0,0;-0,37;0,0;-0,03;0,0;-0,02;0,0;-0,59;-0,21;-0,02;0,0;-0,03;0,0;-0,01;0,0;0,0;0,0;-0,03;0,0;-0,01;0,0;-0,01;0,0;0,0;0,0;-0,02;0,0;-0,02;0,0;-0,01;0,0;-0,02;0,0;-0,05;0,0;0,0;0,0;-0,01;0,0;-0,01;0,0;-0,02;0,0;-0,01;0,0
24.08.2026;13:30;13:45;4,6;3,12;0,0;0,0;-0,01;0,0;-0,23;0,0;-0,01;0,0;0,0;0,0;-0,31;0,0;-0,12;0,0;-0,02;0,0;-0,5;0,0;-0,01;0,0;-0,01;0,0;0,0;0,0;-0,01;0,0;-0,05;0,0;-0,01;0,0;-0,01;0,0;-0,01;0,0;-0,02;0,0;-0,02;0,0;-0,01;0,0;-0,02;0,0;-0,04;0,0;-0,02;0,0;-0,01;0,0;-0,01;0,0;-0,02;0,0;0,0;0,0
24.08.2026;13:45;14:00;2,28;1,2;0,0;0,0;-0,01;0,0;-0,1;0,0;-0,01;0,0;-0,01;0,0;-0,26;-0,01;-0,26;-0,01;-0,02;0,0;-0,05;0,0;-0,02;0,0;-0,01;0,0;0,0;0,0;-0,02;0,0;-0,1;0,0;-0,01;0,0;-0,01;0,0;-0,01;0,0;-0,04;0,0;-0,02;0,0;-0,01;0,0;-0,02;0,0;-0,04;0,0;-0,01;0,0;0,0;0,0;-0,01;0,0;-0,05;0,0;0,0;0,0
24.08.2026;14:00;14:15;3,07;2,35;-0,01;0,0;-0,01;0,0;-0,07;0,0;-0,01;0,0;-0,01;0,0;-0,25;0,0;-0,01;0,0;-0,02;0,0;-0,05;0,0;-0,01;0,0;-0,03;0,0;0,0;0,0;-0,01;0,0;-0,04;0,0;-0,01;0,0;-0,01;0,0;-0,02;0,0;-0,02;0,0;-0,02;0,0;0,0;0,0;-0,01;0,0;-0,05;0,0;-0,01;0,0;0,0;0,0;-0,01;0,0;-0,02;0,0;-0,01;0,0
24.08.2026;14:15;14:30;3,77;2,65;0,0;0,0;-0,01;0,0;-0,08;0,0;0,0;0,0;-0,02;0,0;-0,19;0,0;-0,03;0,0;-0,01;0,0;-0,48;0,0;-0,01;0,0;-0,05;0,0;0,0;0,0;0,0;0,0;-0,04;0,0;-0,01;0,0;0,0;0,0;-0,01;0,0;-0,03;0,0;-0,02;0,0;-0,02;0,0;0,0;0,0;-0,04;0,0;-0,01;0,0;-0,01;0,0;-0,01;0,0;-0,02;0,0;-0,02;0,0
24.08.2026;14:30;14:45;3,63;2,6;0,0;0,0;0,0;0,0;-0,09;0,0;-0,01;0,0;-0,01;0,0;-0,36;0,0;-0,02;0,0;-0,02;0,0;-0,17;0,0;0,0;0,0;-0,07;0,0;0,0;0,0;-0,01;0,0;-0,04;0,0;-0,01;0,0;0,0;0,0;-0,01;0,0;-0,02;0,0;-0,02;0,0;-0,01;0,0;-0,03;0,0;-0,05;0,0;-0,02;0,0;-0,02;0,0;-0,01;0,0;-0,02;0,0;-0,01;0,0
24.08.2026;14:45;15:00;3,33;2,41;0,0;0,0;-0,01;0,0;-0,07;0,0;-0,01;0,0;-0,02;0,0;-0,31;0,0;-0,05;0,0;-0,01;0,0;-0,04;0,0;0,0;0,0;-0,07;0,0;0,0;0,0;-0,02;0,0;-0,11;0,0;-0,01;0,0;-0,01;0,0;0,0;0,0;-0,03;0,0;-0,02;0,0;0,0;0,0;-0,02;0,0;-0,04;0,0;-0,01;0,0;-0,02;0,0;-0,02;0,0;-0,01;0,0;-0,01;0,0
24.08.2026;15:00;15:15;2,91;1,59;-0,01;0,0;-0,02;0,0;-0,16;0,0;0,0;0,0;-0,01;0,0;-0,23;0,0;-0,03;0,0;-0,02;0,0;-0,03;0,0;-0,01;0,0;-0,06;0,0;0,0;0,0;-0,63;-0,3;-0,04;0,0;-0,01;0,0;-0,02;0,0;-0,03;0,0;-0,03;0,0;-0,16;0,0;-0,01;0,0;-0,01;0,0;-0,05;0,0;-0,01;0,0;-0,01;0,0;-0,01;0,0;-0,02;0,0;0,0;0,0
24.08.2026;15:15;15:30;2,54;1,4;0,0;0,0;-0,01;0,0;-0,14;0,0;-0,01;0,0;0,0;0,0;-0,3;-0,01;-0,01;0,0;0,0;0,0;-0,03;0,0;-0,01;0,0;-0,04;0,0;0,0;0,0;-0,47;-0,18;-0,04;0,0;-0,02;0,0;0,0;0,0;-0,05;0,0;-0,03;0,0;-0,02;0,0;-0,01;0,0;-0,01;0,0;-0,05;0,0;-0,01;0,0;-0,02;0,0;0,0;0,0;-0,05;0,0;0,0;0,0
24.08.2026;15:30;15:45;0,56;0,11;0,0;0,0;-0,01;0,0;-0,1;-0,03;-0,01;0,0;0,0;0,0;-0,09;-0,07;-0,03;-0,01;-0,02;0,0;-0,04;-0,02;-0,02;0,0;-0,02;0,0;0,0;0,0;-0,33;-0,31;-0,04;-0,02;-0,02;0,0;0,0;0,0;-0,3;-0,28;-0,03;-0,01;-0,02;0,0;-0,01;0,0;-0,02;0,0;-0,04;-0,02;-0,02;0,0;-0,03;-0,01;-0,01;0,0;-0,01;0,0;-0,01;0,0
24.08.2026;15:45;16:00;0,14;0,11;0,0;0,0;0,0;0,0;-0,2;-0,17;0,0;0,0;-0,01;-0,01;-0,04;-0,04;-0,02;-0,02;-0,01;-0,01;-0,07;-0,07;-0,01;-0,01;0,0;0,0;0,0;0,0;-0,25;-0,25;-0,04;-0,04;-0,04;-0,04;-0,06;-0,06;-0,95;-0,95;-0,03;-0,03;-0,02;-0,02;-0,01;-0,01;-0,02;-0,02;-0,04;-0,04;0,0;0,0;-0,01;-0,01;-0,02;-0,02;-0,02;-0,02;-0,02;-0,02
24.08.2026;16:00;16:15;2,87;1,48;0,0;0,0;-0,01;0,0;-0,13;0,0;-0,01;0,0;-0,01;0,0;-0,13;0,0;-0,02;0,0;-0,02;0,0;-0,06;0,0;-0,01;0,0;-0,02;0,0;0,0;0,0;-0,34;-0,02;-0,04;0,0;-0,03;0,0;-0,01;0,0;-1,12;-0,8;-0,02;0,0;-0,02;0,0;-0,01;0,0;-0,02;0,0;-0,05;0,0;-0,01;0,0;-0,02;0,0;0,0;0,0;-0,09;0,0;-0,01;0,0
24.08.2026;16:15;16:30;2,72;1,37;-0,01;0,0;-0,01;0,0;-0,12;0,0;0,0;0,0;-0,02;0,0;-0,05;0,0;-0,03;0,0;-0,01;0,0;-0,52;-0,22;-0,01;0,0;-0,01;0,0;0,0;0,0;-0,04;0,0;-0,03;0,0;-0,02;0,0;-0,01;0,0;-0,34;-0,04;-0,04;0,0;-0,1;0,0;-0,01;0,0;-0,11;0,0;-0,04;0,0;-0,02;0,0;-0,02;0,0;-0,01;0,0;-0,02;0,0;-0,01;0,0
24.08.2026;16:30;16:45;2,43;1,08;0,0;0,0;-0,01;0,0;-0,17;0,0;-0,01;0,0;-0,01;0,0;-0,04;0,0;-0,01;0,0;-0,01;0,0;-0,39;-0,13;0,0;0,0;-0,01;0,0;0,0;0,0;-0,08;0,0;-0,04;0,0;-0,02;0,0;-0,02;0,0;-0,43;-0,17;-0,02;0,0;-0,02;0,0;-0,01;0,0;-0,25;0,0;-0,04;0,0;-0,01;0,0;-0,02;0,0;-0,01;0,0;-0,01;0,0;-0,01;0,0
24.08.2026;16:45;17:00;2,27;0,86;0,0;0,0;-0,02;0,0;-0,15;0,0;-0,01;0,0;-0,01;0,0;-0,04;0,0;-0,02;0,0;-0,02;0,0;-0,3;-0,08;0,0;0,0;-0,01;0,0;-0,01;0,0;-0,04;0,0;-0,04;0,0;-0,03;0,0;0,0;0,0;-0,42;-0,2;-0,02;0,0;-0,39;-0,17;0,0;0,0;-0,41;-0,19;-0,05;0,0;-0,01;0,0;-0,02;0,0;-0,02;0,0;-0,01;0,0;0,0;0,0
24.08.2026;17:00;17:15;1,98;0,88;0,0;0,0;-0,01;0,0;-0,14;0,0;0,0;0,0;-0,02;0,0;-0,04;0,0;-0,02;0,0;-0,01;0,0;-0,54;-0,35;-0,02;0,0;-0,18;0,0;0,0;0,0;-0,02;0,0;-0,04;0,0;-0,02;0,0;-0,01;0,0;-0,03;0,0;-0,03;0,0;-0,15;0,0;-0,02;0,0;-0,05;0,0;-0,04;0,0;-0,01;0,0;-0,01;0,0;-0,01;0,0;-0,03;0,0;0,0;0,0
24.08.2026;17:15;17:30;1,73;0,62;-0,01;0,0;-0,08;0,0;-0,21;0,0;-0,01;0,0;-0,01;0,0;-0,04;0,0;-0,01;0,0;-0,02;0,0;-0,24;-0,09;-0,01;0,0;-0,03;0,0;0,0;0,0;-0,03;0,0;-0,04;0,0;-0,02;0,0;0,0;0,0;-0,08;0,0;-0,02;0,0;-0,06;0,0;0,0;0,0;-0,14;0,0;-0,05;0,0;-0,02;0,0;-0,02;0,0;-0,01;0,0;-0,02;0,0;-0,02;0,0
24.08.2026;17:30;17:45;1,45;0,57;0,0;0,0;-0,02;0,0;-0,18;0,0;-0,01;0,0;0,0;0,0;-0,04;0,0;-0,01;0,0;-0,01;0,0;-0,21;-0,08;-0,01;0,0;-0,01;0,0;0,0;0,0;-0,03;0,0;-0,03;0,0;-0,03;0,0;-0,05;0,0;-0,04;0,0;-0,04;0,0;-0,08;0,0;-0,01;0,0;-0,04;0,0;-0,04;0,0;-0,01;0,0;-0,02;0,0;-0,01;0,0;-0,02;0,0;-0,01;0,0
24.08.2026;17:45;18:00;1,24;0,32;0,0;0,0;-0,01;0,0;-0,16;0,0;0,0;0,0;0,0;0,0;-0,05;0,0;-0,05;0,0;-0,01;0,0;-0,25;-0,16;-0,02;0,0;-0,03;0,0;0,0;0,0;-0,02;0,0;-0,04;0,0;-0,02;0,0;-0,02;0,0;-0,02;0,0;-0,02;0,0;-0,11;-0,02;-0,01;0,0;-0,35;-0,26;-0,07;0,0;0,0;0,0;-0,02;0,0;-0,01;0,0;-0,06;0,0;-0,01;0,0
24.08.2026;18:00;18:15;0,99;0,22;0,0;0,0;-0,02;0,0;-0,21;-0,03;-0,01;0,0;-0,01;0,0;-0,04;0,0;-0,05;0,0;-0,02;0,0;-0,18;-0,13;-0,01;0,0;-0,02;0,0;0,0;0,0;-0,02;0,0;-0,04;0,0;-0,02;0,0;-0,01;0,0;-0,01;0,0;-0,02;0,0;-0,41;-0,36;-0,01;0,0;-0,33;-0,28;-0,09;-0,04;-0,02;0,0;-0,02;0,0;-0,01;0,0;-0,02;0,0;-0,01;0,0
24.08.2026;18:15;18:30;0,8;0,2;0,0;0,0;-0,02;0,0;-0,26;-0,11;-0,01;0,0;-0,01;0,0;-0,04;-0,01;-0,01;0,0;-0,01;0,0;-0,2;-0,17;0,0;0,0;-0,02;0,0;0,0;0,0;-0,06;-0,03;-0,04;-0,01;-0,02;0,0;0,0;0,0;-0,05;-0,02;-0,03;0,0;-0,52;-0,49;-0,02;0,0;-0,3;-0,27;-0,08;-0,05;-0,01;0,0;-0,02;0,0;-0,01;0,0;-0,01;0,0;-0,01;0,0
24.08.2026;18:30;18:45;0,6;0,13;-0,01;0,0;-0,02;0,0;-0,26;-0,17;0,0;0,0;-0,02;0,0;-0,13;-0,11;-0,01;0,0;-0,01;0,0;-0,47;-0,45;0,0;0,0;-0,03;-0,01;0,0;0,0;-0,04;-0,02;-0,03;-0,01;-0,02;0,0;-0,01;0,0;-0,03;-0,01;-0,02;0,0;-0,2;-0,18;-0,01;0,0;-0,18;-0,16;-0,09;-0,07;-0,08;-0,06;-0,02;0,0;-0,01;0,0;-0,02;0,0;0,0;0,0
24.08.2026;18:45;19:00;0,23;0,17;0,0;0,0;-0,01;-0,01;-0,21;-0,15;-0,01;-0,01;-0,01;-0,01;-0,04;-0,04;-0,01;-0,01;-0,01;-0,01;-0,07;-0,07;-0,01;-0,01;-0,04;-0,04;0,0;0,0;-0,02;-0,02;-0,17;-0,17;-0,02;-0,02;0,0;0,0;-0,37;-0,37;-0,03;-0,03;-0,16;-0,16;-0,01;-0,01;-0,02;-0,02;-0,04;-0,04;-0,03;-0,03;0,0;0,0;-0,01;-0,01;-0,02;-0,02;-0,02;-0,02
24.08.2026;19:00;19:15;0,08;0,08;0,0;0,0;-0,01;-0,01;-0,14;-0,14;0,0;0,0;-0,01;-0,01;-0,04;-0,04;-0,01;-0,01;-0,02;-0,02;-0,04;-0,04;-0,02;-0,02;-0,09;-0,09;0,0;0,0;-0,02;-0,02;-0,29;-0,29;0,0;0,0;-0,01;-0,01;-0,38;-0,38;-0,03;-0,03;-0,13;-0,13;-0,01;-0,01;-0,09;-0,09;-0,08;-0,08;-0,03;-0,03;0,0;0,0;-0,02;-0,02;-0,04;-0,04;-0,01;-0,01
24.08.2026;19:15;19:30;0,0;0,0;0,0;0,0;-0,01;-0,01;-0,26;-0,26;-0,01;-0,01;-0,02;-0,02;-0,03;-0,03;-0,01;-0,01;-0,01;-0,01;-0,06;-0,06;-0,01;-0,01;-0,08;-0,08;0,0;0,0;-0,04;-0,04;-0,03;-0,03;-0,02;-0,02;-0,01;-0,01;-0,14;-0,14;-0,02;-0,02;-0,02;-0,02;-0,01;-0,01;-0,54;-0,54;-0,04;-0,04;-0,03;-0,03;0,0;0,0;-0,01;-0,01;-0,02;-0,02;-0,07;-0,07
24.08.2026;19:30;19:45;0,0;0,0;-0,01;-0,01;-0,05;-0,05;-0,11;-0,11;-0,01;-0,01;-0,01;-0,01;-0,04;-0,04;-0,02;-0,02;-0,02;-0,02;-0,08;-0,08;-0,01;-0,01;-0,11;-0,11;0,0;0,0;-0,26;-0,26;-0,04;-0,04;-0,01;-0,01;-0,03;-0,03;-0,11;-0,11;-0,03;-0,03;-0,03;-0,03;-0,01;-0,01;-0,29;-0,29;-0,04;-0,04;-0,01;-0,01;0,0;0,0;-0,01;-0,01;-0,04;-0,04;-0,44;-0,44
24.08.2026;19:45;20:00;0,01;0,01;0,0;0,0;-0,11;-0,11;-0,1;-0,1;0,0;0,0;0,0;0,0;-0,05;-0,05;-0,03;-0,03;-0,01;-0,01;-0,24;-0,24;-0,02;-0,02;-0,05;-0,05;0,0;0,0;-0,03;-0,03;-0,04;-0,04;-0,06;-0,06;-0,03;-0,03;-0,11;-0,11;-0,03;-0,03;-0,02;-0,02;-0,02;-0,02;-0,21;-0,21;-0,04;-0,04;-0,01;-0,01;-0,02;-0,02;-0,01;-0,01;-0,04;-0,04;-0,42;-0,42
24.08.2026;20:00;20:15;0,01;0,01;0,0;0,0;-0,05;-0,05;-0,17;-0,17;-0,01;-0,01;-0,01;-0,01;-0,04;-0,04;-0,05;-0,05;-0,01;-0,01;-0,18;-0,18;0,0;0,0;-0,04;-0,04;0,0;0,0;-0,03;-0,03;-0,03;-0,03;-0,42;-0,42;-0,01;-0,01;-0,12;-0,12;-0,03;-0,03;-0,04;-0,04;-0,02;-0,02;-0,14;-0,14;-0,04;-0,04;-0,01;-0,01;-0,01;-0,01;-0,01;-0,01;-0,04;-0,04;-0,11;-0,11
24.08.2026;20:15;20:30;0,0;0,0;0,0;0,0;-0,03;-0,03;-0,24;-0,24;-0,01;-0,01;0,0;0,0;-0,07;-0,07;-0,06;-0,06;-0,01;-0,01;-0,16;-0,16;0,0;0,0;-0,03;-0,03;0,0;0,0;-0,04;-0,04;-0,03;-0,03;-0,05;-0,05;-0,07;-0,07;-0,14;-0,14;-0,03;-0,03;-0,08;-0,08;-0,13;-0,13;-0,04;-0,04;-0,05;-0,05;-0,02;-0,02;-0,01;-0,01;-0,01;-0,01;-0,05;-0,05;-0,07;-0,07
24.08.2026;20:30;20:45;0,0;0,0;0,0;0,0;-0,15;-0,15;-0,09;-0,09;0,0;0,0;-0,01;-0,01;-0,06;-0,06;-0,04;-0,04;-0,02;-0,02;-0,15;-0,15;0,0;0,0;-0,05;-0,05;0,0;0,0;-0,04;-0,04;-0,04;-0,04;-0,06;-0,06;-0,03;-0,03;-0,16;-0,16;-0,02;-0,02;-0,04;-0,04;-0,12;-0,12;-0,04;-0,04;-0,07;-0,07;-0,01;-0,01;-0,01;-0,01;-0,02;-0,02;-0,04;-0,04;-0,05;-0,05
24.08.2026;20:45;21:00;0,0;0,0;-0,01;-0,01;-0,04;-0,04;-0,1;-0,1;-0,01;-0,01;-0,02;-0,02;-0,06;-0,06;-0,04;-0,04;-0,01;-0,01;-0,16;-0,16;-0,02;-0,02;-0,02;-0,02;0,0;0,0;-0,02;-0,02;-0,05;-0,05;-0,07;-0,07;-0,03;-0,03;-0,17;-0,17;-0,04;-0,04;-0,04;-0,04;-0,02;-0,02;-0,03;-0,03;-0,07;-0,07;-0,01;-0,01;-0,01;-0,01;-0,13;-0,13;-0,04;-0,04;-0,04;-0,04
24.08.2026;21:00;21:15;0,0;0,0;0,0;0,0;-0,03;-0,03;-0,12;-0,12;0,0;0,0;-0,01;-0,01;-0,05;-0,05;-0,04;-0,04;-0,01;-0,01;-0,08;-0,08;-0,01;-0,01;-0,03;-0,03;0,0;0,0;-0,03;-0,03;-0,05;-0,05;-0,05;-0,05;-0,02;-0,02;-0,08;-0,08;-0,02;-0,02;-0,05;-0,05;-0,04;-0,04;-0,01;-0,01;-0,07;-0,07;-0,01;-0,01;-0,01;-0,01;-0,04;-0,04;-0,06;-0,06;-0,04;-0,04
24.08.2026;21:15;21:30;0,0;0,0;0,0;0,0;-0,03;-0,03;-0,12;-0,12;-0,01;-0,01;-0,01;-0,01;-0,05;-0,05;-0,05;-0,05;-0,02;-0,02;-0,01;-0,01;-0,02;-0,02;-0,02;-0,02;-0,01;-0,01;-0,03;-0,03;-0,05;-0,05;-0,31;-0,31;-0,01;-0,01;-0,06;-0,06;-0,03;-0,03;-0,05;-0,05;-0,01;-0,01;-0,02;-0,02;-0,07;-0,07;-0,01;-0,01;-0,01;-0,01;-0,03;-0,03;-0,04;-0,04;-0,04;-0,04
24.08.2026;21:30;21:45;0,0;0,0;0,0;0,0;-0,03;-0,03;-0,11;-0,11;-0,01;-0,01;-0,02;-0,02;-0,05;-0,05;-0,03;-0,03;-0,01;-0,01;-0,02;-0,02;-0,01;-0,01;-0,03;-0,03;0,0;0,0;-0,02;-0,02;-0,05;-0,05;-0,07;-0,07;-0,01;-0,01;-0,04;-0,04;-0,02;-0,02;-0,04;-0,04;-0,01;-0,01;-0,02;-0,02;-0,06;-0,06;-0,01;-0,01;-0,01;-0,01;-0,02;-0,02;-0,04;-0,04;-0,05;-0,05
24.08.2026;21:45;22:00;0,0;0,0;-0,01;-0,01;-0,02;-0,02;-0,16;-0,16;0,0;0,0;0,0;0,0;-0,04;-0,04;-0,03;-0,03;-0,02;-0,02;-0,01;-0,01;0,0;0,0;-0,01;-0,01;0,0;0,0;-0,05;-0,05;-0,05;-0,05;-0,06;-0,06;0,0;0,0;-0,04;-0,04;-0,02;-0,02;-0,04;-0,04;-0,02;-0,02;-0,03;-0,03;-0,06;-0,06;-0,01;-0,01;-0,01;-0,01;-0,06;-0,06;-0,04;-0,04;-0,05;-0,05
24.08.2026;22:00;22:15;0,0;0,0;0,0;0,0;-0,02;-0,02;-0,16;-0,16;-0,01;-0,01;0,0;0,0;-0,03;-0,03;-0,03;-0,03;-0,01;-0,01;-0,02;-0,02;-0,01;-0,01;-0,02;-0,02;0,0;0,0;-0,03;-0,03;-0,06;-0,06;-0,06;-0,06;-0,02;-0,02;-0,04;-0,04;-0,02;-0,02;-0,03;-0,03;0,0;0,0;-0,02;-0,02;-0,01;-0,01;-0,02;-0,02;-0,01;-0,01;-0,05;-0,05;-0,02;-0,02;-0,04;-0,04
24.08.2026;22:15;22:30;0,0;0,0;0,0;0,0;-0,04;-0,04;-0,11;-0,11;-0,01;-0,01;-0,01;-0,01;-0,04;-0,04;-0,05;-0,05;-0,01;-0,01;-0,02;-0,02;0,0;0,0;-0,02;-0,02;0,0;0,0;-0,02;-0,02;-0,12;-0,12;-0,25;-0,25;-0,02;-0,02;-0,05;-0,05;0,0;0,0;-0,02;-0,02;-0,01;-0,01;-0,01;-0,01;-0,01;-0,01;0,0;0,0;-0,01;-0,01;-0,01;-0,01;-0,01;-0,01;-0,04;-0,04
24.08.2026;22:30;22:45;0,0;0,0;0,0;0,0;-0,03;-0,03;-0,15;-0,15;0,0;0,0;-0,01;-0,01;-0,04;-0,04;-0,04;-0,04;-0,02;-0,02;-0,03;-0,03;-0,01;-0,01;0,0;0,0;0,0;0,0;0,0;0,0;-0,15;-0,15;-0,04;-0,04;-0,01;-0,01;-0,04;-0,04;-0,01;-0,01;-0,02;-0,02;-0,01;-0,01;-0,01;-0,01;-0,01;-0,01;-0,01;-0,01;-0,02;-0,02;-0,02;-0,02;-0,01;-0,01;-0,04;-0,04
24.08.2026;22:45;23:00;0,0;0,0;-0,01;-0,01;-0,01;-0,01;-0,16;-0,16;-0,01;-0,01;-0,01;-0,01;-0,03;-0,03;-0,02;-0,02;-0,01;-0,01;-0,02;-0,02;-0,02;-0,02;-0,02;-0,02;0,0;0,0;-0,02;-0,02;-0,03;-0,03;-0,04;-0,04;0,0;0,0;-0,05;-0,05;-0,02;-0,02;-0,02;-0,02;-0,01;-0,01;-0,03;-0,03;-0,01;-0,01;-0,01;-0,01;-0,01;-0,01;-0,02;-0,02;-0,01;-0,01;-0,03;-0,03
24.08.2026;23:00;23:15;0,0;0,0;0,0;0,0;0,0;0,0;-0,2;-0,2;0,0;0,0;-0,02;-0,02;-0,04;-0,04;-0,03;-0,03;-0,02;-0,02;-0,01;-0,01;-0,01;-0,01;0,0;0,0;0,0;0,0;-0,01;-0,01;-0,02;-0,02;-0,03;-0,03;-0,01;-0,01;-0,06;-0,06;0,0;0,0;-0,02;-0,02;-0,01;-0,01;-0,02;-0,02;-0,01;-0,01;-0,02;-0,02;-0,02;-0,02;-0,01;-0,01;-0,02;-0,02;-0,04;-0,04
24.08.2026;23:15;23:30;0,0;0,0;0,0;0,0;-0,01;-0,01;-0,15;-0,15;-0,01;-0,01;-0,01;-0,01;-0,04;-0,04;-0,02;-0,02;0,0;0,0;-0,01;-0,01;-0,01;-0,01;-0,01;-0,01;0,0;0,0;-0,01;-0,01;-0,01;-0,01;-0,03;-0,03;-0,01;-0,01;-0,04;-0,04;-0,01;-0,01;-0,02;-0,02;-0,01;-0,01;-0,01;-0,01;-0,01;-0,01;0,0;0,0;-0,01;-0,01;-0,01;-0,01;-0,01;-0,01;-0,02;-0,02
24.08.2026;23:30;23:45;0,0;0,0;0,0;0,0;-0,01;-0,01;-0,14;-0,14;0,0;0,0;-0,01;-0,01;-0,05;-0,05;-0,03;-0,03;-0,02;-0,02;-0,01;-0,01;-0,01;-0,01;-0,01;-0,01;0,0;0,0;-0,01;-0,01;-0,01;-0,01;-0,02;-0,02;-0,01;-0,01;-0,05;-0,05;-0,01;-0,01;-0,03;-0,03;-0,01;-0,01;-0,01;-0,01;0,0;0,0;-0,01;-0,01;-0,01;-0,01;0,0;0,0;-0,01;-0,01;-0,03;-0,03
24.08.2026;23:45;00:00;0,0;0,0;0,0;0,0;-0,01;-0,01;-0,15;-0,15;-0,01;-0,01;0,0;0,0;-0,04;-0,04;-0,03;-0,03;-0,01;-0,01;0,0;0,0;0,0;0,0;-0,01;-0,01;0,0;0,0;-0,01;-0,01;-0,01;-0,01;-0,01;-0,01;0,0;0,0;-0,06;-0,06;-0,01;-0,01;-0,03;-0,03;-0,01;-0,01;-0,02;-0,02;-0,02;-0,02;-0,02;-0,02;-0,01;-0,01;-0,02;-0,02;-0,01;-0,01;-0,02;-0,02
25.08.2026;00:00;00:15;0,0;0,0;-0,01;-0,01;-0,01;-0,01;-0,12;-0,12;0,0;0,0;0,0;0,0;-0,04;-0,04;-0,03;-0,03;-0,02;-0,02;-0,01;-0,01;0,0;0,0;-0,01;-0,01;0,0;0,0;-0,01;-0,01;-0,01;-0,01;-0,02;-0,02;-0,01;-0,01;-0,06;-0,06;-0,02;-0,02;-0,02;-0,02;-0,01;-0,01;-0,03;-0,03;-0,01;-0,01;0,0;0,0;-0,02;-0,02;-0,01;-0,01;-0,02;-0,02;-0,02;-0,02
25.08.2026;00:15;00:30;0,0;0,0;0,0;0,0;-0,01;-0,01;-0,06;-0,06;-0,01;-0,01;-0,01;-0,01;-0,04;-0,04;-0,02;-0,02;-0,01;-0,01;0,0;0,0;-0,01;-0,01;0,0;0,0;0,0;0,0;-0,01;-0,01;-0,01;-0,01;-0,01;-0,01;0,0;0,0;-0,05;-0,05;0,0;0,0;-0,02;-0,02;-0,01;-0,01;-0,02;-0,02;0,0;0,0;-0,01;-0,01;-0,01;-0,01;0,0;0,0;-0,01;-0,01;-0,02;-0,02
25.08.2026;00:30;00:45;0,0;0,0;0,0;0,0;0,0;0,0;-0,1;-0,1;-0,01;-0,01;-0,02;-0,02;-0,04;-0,04;-0,03;-0,03;-0,01;-0,01;-0,01;-0,01;-0,02;-0,02;-0,02;-0,02;0,0;0,0;0,0;0,0;0,0;0,0;-0,01;-0,01;-0,01;-0,01;-0,03;-0,03;-0,01;-0,01;-0,02;-0,02;-0,01;-0,01;-0,01;-0,01;-0,02;-0,02;-0,01;-0,01;-0,01;-0,01;-0,02;-0,02;-0,01;-0,01;-0,01;-0,01
25.08.2026;00:45;01:00;0,0;0,0;0,0;0,0;-0,02;-0,02;-0,06;-0,06;0,0;0,0;-0,01;-0,01;-0,04;-0,04;-0,02;-0,02;-0,02;-0,02;0,0;0,0;-0,01;-0,01;0,0;0,0;0,0;0,0;-0,02;-0,02;-0,02;-0,02;-0,01;-0,01;-0,01;-0,01;-0,01;-0,01;-0,02;-0,02;-0,02;-0,02;-0,01;-0,01;-0,01;-0,01;0,0;0,0;-0,02;-0,02;-0,01;-0,01;-0,01;-0,01;-0,01;-0,01;-0,02;-0,02
25.08.2026;01:00;01:15;0,0;0,0;-0,01;-0,01;-0,01;-0,01;-0,05;-0,05;-0,01;-0,01;-0,02;-0,02;-0,03;-0,03;-0,01;-0,01;-0,01;-0,01;-0,01;-0,01;-0,01;-0,01;-0,01;-0,01;0,0;0,0;-0,01;-0,01;-0,01;-0,01;-0,02;-0,02;-0,01;-0,01;-0,01;-0,01;0,0;0,0;-0,02;-0,02;-0,01;-0,01;-0,02;-0,02;-0,01;-0,01;0,0;0,0;-0,01;-0,01;-0,03;-0,03;-0,02;-0,02;-0,01;-0,01
25.08.2026;01:15;01:30;0,0;0,0;0,0;0,0;-0,01;-0,01;-0,07;-0,07;0,0;0,0;0,0;0,0;-0,04;-0,04;-0,01;-0,01;-0,02;-0,02;-0,01;-0,01;-0,02;-0,02;-0,01;-0,01;0,0;0,0;0,0;0,0;-0,02;-0,02;0,0;0,0;0,0;0,0;-0,02;-0,02;-0,01;-0,01;-0,02;-0,02;-0,01;-0,01;-0,03;-0,03;-0,02;-0,02;-0,01;-0,01;-0,02;-0,02;-0,02;-0,02;-0,01;-0,01;0,0;0,0
25.08.2026;01:30;01:45;0,0;0,0;0,0;0,0;0,0;0,0;-0,05;-0,05;-0,01;-0,01;0,0;0,0;-0,04;-0,04;-0,01;-0,01;0,0;0,0;-0,02;-0,02;0,0;0,0;-0,01;-0,01;-0,01;-0,01;-0,01;-0,01;-0,01;-0,01;-0,02;-0,02;-0,01;-0,01;-0,03;-0,03;-0,02;-0,02;-0,03;-0,03;-0,01;-0,01;-0,01;-0,01;0,0;0,0;-0,01;-0,01;-0,01;-0,01;-0,01;-0,01;-0,01;-0,01;0,0;0,0
25.08.2026;01:45;02:00;0,0;0,0;0,0;0,0;-0,01;-0,01;-0,05;-0,05;-0,01;-0,01;-0,01;-0,01;-0,04;-0,04;-0,01;-0,01;-0,02;-0,02;-0,01;-0,01;0,0;0,0;-0,01;-0,01;0,0;0,0;-0,02;-0,02;-0,01;-0,01;-0,01;-0,01;-0,01;-0,01;-0,01;-0,01;0,0;0,0;-0,02;-0,02;-0,01;-0,01;-0,02;-0,02;-0,01;-0,01;-0,01;-0,01;0,0;0,0;-0,01;-0,01;-0,01;-0,01;0,0;0,0
25.08.2026;02:00;02:15;0,0;0,0;0,0;0,0;-0,02;-0,02;-0,06;-0,06;0,0;0,0;-0,01;-0,01;-0,04;-0,04;0,0;0,0;-0,01;-0,01;-0,02;-0,02;0,0;0,0;0,0;0,0;0,0;0,0;-0,01;-0,01;0,0;0,0;0,0;0,0;-0,01;-0,01;-0,02;-0,02;-0,02;-0,02;-0,02;-0,02;-0,01;-0,01;-0,01;-0,01;-0,01;-0,01;-0,01;-0,01;0,0;0,0;-0,02;-0,02;-0,01;-0,01;-0,01;-0,01
25.08.2026;02:15;02:30;0,0;0,0;-0,01;-0,01;-0,01;-0,01;-0,05;-0,05;-0,01;-0,01;-0,01;-0,01;-0,03;-0,03;-0,02;-0,02;-0,02;-0,02;-0,02;-0,02;-0,02;-0,02;-0,02;-0,02;0,0;0,0;0,0;0,0;0,0;0,0;-0,02;-0,02;-0,01;-0,01;0,0;0,0;-0,01;-0,01;-0,02;-0,02;-0,01;-0,01;-0,01;-0,01;-0,01;-0,01;-0,01;-0,01;-0,01;-0,01;-0,01;-0,01;-0,01;-0,01;0,0;0,0
25.08.2026;02:30;02:45;0,0;0,0;0,0;0,0;0,0;0,0;-0,07;-0,07;0,0;0,0;-0,02;-0,02;-0,04;-0,04;0,0;0,0;-0,01;-0,01;-0,01;-0,01;-0,01;-0,01;0,0;0,0;0,0;0,0;0,0;0,0;-0,02;-0,02;-0,01;-0,01;0,0;0,0;-0,01;-0,01;0,0;0,0;-0,02;-0,02;-0,01;-0,01;-0,03;-0,03;-0,01;-0,01;-0,01;-0,01;-0,01;-0,01;0,0;0,0;-0,01;-0,01;-0,02;-0,02
25.08.2026;02:45;03:00;0,0;0,0;0,0;0,0;-0,01;-0,01;-0,08;-0,08;-0,01;-0,01;-0,01;-0,01;-0,04;-0,04;-0,01;-0,01;-0,01;-0,01;-0,01;-0,01;-0,02;-0,02;-0,01;-0,01;0,0;0,0;-0,02;-0,02;-0,01;-0,01;-0,01;-0,01;0,0;0,0;-0,02;-0,02;-0,02;-0,02;-0,02;-0,02;-0,01;-0,01;-0,02;-0,02;-0,01;-0,01;-0,01;-0,01;-0,01;-0,01;-0,02;-0,02;-0,01;-0,01;-0,02;-0,02
25.08.2026;03:00;03:15;0,0;0,0;0,0;0,0;-0,01;-0,01;-0,12;-0,12;-0,01;-0,01;0,0;0,0;-0,03;-0,03;-0,01;-0,01;-0,02;-0,02;0,0;0,0;-0,01;-0,01;-0,01;-0,01;0,0;0,0;-0,01;-0,01;-0,01;-0,01;-0,01;-0,01;-0,01;-0,01;-0,01;-0,01;-0,01;-0,01;-0,02;-0,02;-0,01;-0,01;-0,01;-0,01;-0,01;-0,01;-0,01;-0,01;-0,01;-0,01;-0,01;-0,01;-0,02;-0,02;-0,02;-0,02
25.08.2026;03:15;03:30;0,0;0,0;-0,01;-0,01;-0,01;-0,01;-0,06;-0,06;0,0;0,0;-0,01;-0,01;-0,04;-0,04;-0,01;-0,01;-0,01;-0,01;-0,01;-0,01;0,0;0,0;0,0;0,0;0,0;0,0;-0,01;-0,01;-0,01;-0,01;-0,01;-0,01;-0,01;-0,01;-0,02;-0,02;0,0;0,0;-0,02;-0,02;-0,01;-0,01;-0,01;-0,01;-0,01;-0,01;0,0;0,0;-0,01;-0,01;-0,02;-0,02;0,0;0,0;-0,01;-0,01
25.08.2026;03:30;03:45;0,0;0,0;0,0;0,0;-0,01;-0,01;-0,05;-0,05;-0,01;-0,01;0,0;0,0;-0,04;-0,04;-0,01;-0,01;-0,01;-0,01;-0,01;-0,01;0,0;0,0;-0,02;-0,02;0,0;0,0;0,0;0,0;-0,01;-0,01;-0,01;-0,01;-0,01;-0,01;-0,01;-0,01;-0,02;-0,02;-0,03;-0,03;0,0;0,0;-0,02;-0,02;-0,01;-0,01;-0,01;-0,01;-0,01;-0,01;0,0;0,0;-0,02;-0,02;-0,02;-0,02
25.08.2026;03:45;04:00;0,0;0,0;0,0;0,0;0,0;0,0;-0,06;-0,06;0,0;0,0;-0,01;-0,01;-0,03;-0,03;-0,01;-0,01;-0,01;-0,01;0,0;0,0;-0,01;-0,01;0,0;0,0;0,0;0,0;-0,02;-0,02;-0,01;-0,01;-0,01;-0,01;0,0;0,0;-0,03;-0,03;0,0;0,0;-0,02;-0,02;-0,01;-0,01;-0,02;-0,02;-0,01;-0,01;-0,02;-0,02;-0,01;-0,01;-0,01;-0,01;-0,01;-0,01;-0,01;-0,01
25.08.2026;04:00;04:15;0,0;0,0;0,0;0,0;-0,02;-0,02;-0,17;-0,17;-0,01;-0,01;-0,02;-0,02;-0,04;-0,04;-0,01;-0,01;-0,02;-0,02;-0,01;-0,01;-0,01;-0,01;-0,01;-0,01;0,0;0,0;-0,01;-0,01;0,0;0,0;-0,01;-0,01;-0,01;-0,01;-0,02;-0,02;-0,01;-0,01;-0,02;-0,02;-0,01;-0,01;-0,03;-0,03;-0,01;-0,01;-0,01;-0,01;-0,01;-0,01;-0,03;-0,03;-0,01;-0,01;-0,01;-0,01
25.08.2026;04:15;04:30;0,0;0,0;0,0;0,0;-0,01;-0,01;-0,14;-0,14;0,0;0,0;-0,01;-0,01;-0,04;-0,04;-0,01;-0,01;-0,01;-0,01;0,0;0,0;-0,01;-0,01;-0,01;-0,01;0,0;0,0;0,0;0,0;-0,02;-0,02;-0,01;-0,01;-0,01;-0,01;-0,03;-0,03;-0,02;-0,02;-0,02;-0,02;-0,01;-0,01;-0,01;-0,01;-0,01;-0,01;0,0;0,0;-0,02;-0,02;-0,03;-0,03;-0,01;-0,01;-0,01;-0,01
25.08.2026;04:30;04:45;0,0;0,0;-0,01;-0,01;-0,01;-0,01;-0,21;-0,21;-0,01;-0,01;-0,01;-0,01;-0,03;-0,03;0,0;0,0;-0,02;-0,02;-0,01;-0,01;-0,02;-0,02;-0,01;-0,01;0,0;0,0;-0,01;-0,01;-0,01;-0,01;-0,01;-0,01;-0,01;-0,01;-0,02;-0,02;0,0;0,0;-0,02;-0,02;-0,01;-0,01;-0,01;-0,01;-0,01;-0,01;-0,01;-0,01;-0,01;-0,01;-0,03;-0,03;0,0;0,0;0,0;0,0
25.08.2026;04:45;05:00;0,0;0,0;0,0;0,0;0,0;0,0;-0,21;-0,21;-0,01;-0,01;0,0;0,0;-0,04;-0,04;-0,02;-0,02;-0,01;-0,01;-0,01;-0,01;-0,01;-0,01;-0,01;-0,01;0,0;0,0;-0,02;-0,02;0,0;0,0;-0,01;-0,01;-0,01;-0,01;-0,02;-0,02;-0,01;-0,01;-0,02;-0,02;-0,01;-0,01;-0,01;-0,01;-0,01;-0,01;-0,01;-0,01;-0,01;-0,01;-0,03;-0,03;-0,02;-0,02;0,0;0,0
25.08.2026;05:00;05:15;0,0;0,0;0,0;0,0;-0,01;-0,01;-0,22;-0,22;0,0;0,0;-0,01;-0,01;-0,03;-0,03;0,0;0,0;-0,01;-0,01;-0,02;-0,02;-0,01;-0,01;0,0;0,0;0,0;0,0;-0,01;-0,01;-0,02;-0,02;-0,01;-0,01;0,0;0,0;-0,02;-0,02;-0,02;-0,02;-0,02;-0,02;-0,01;-0,01;-0,25;-0,25;-0,01;-0,01;-0,02;-0,02;-0,01;-0,01;-0,02;-0,02;-0,01;-0,01;0,0;0,0
25.08.2026;05:15;05:30;0,0;0,0;0,0;0,0;-0,02;-0,02;-0,24;-0,24;-0,01;-0,01;0,0;0,0;-0,04;-0,04;-0,01;-0,01;-0,02;-0,02;-0,02;-0,02;0,0;0,0;-0,01;-0,01;-0,01;-0,01;0,0;0,0;-0,02;-0,02;-0,02;-0,02;0,0;0,0;-0,02;-0,02;0,0;0,0;-0,02;-0,02;-0,01;-0,01;-0,18;-0,18;-0,01;-0,01;0,0;0,0;-0,01;-0,01;-0,01;-0,01;-0,02;-0,02;-0,01;-0,01
25.08.2026;05:30;05:45;0,0;0,0;-0,01;-0,01;0,0;0,0;-0,17;-0,17;-0,01;-0,01;-0,02;-0,02;-0,03;-0,03;-0,01;-0,01;0,0;0,0;-0,02;-0,02;0,0;0,0;-0,01;-0,01;0,0;0,0;-0,04;-0,04;-0,02;-0,02;-0,01;-0,01;-0,01;-0,01;-0,02;-0,02;-0,01;-0,01;-0,02;-0,02;-0,01;-0,01;-0,04;-0,04;0,0;0,0;-0,01;-0,01;-0,01;-0,01;0,0;0,0;-0,03;-0,03;-0,02;-0,02
25.08.2026;05:45;06:00;0,0;0,0;0,0;0,0;-0,01;-0,01;-0,19;-0,19;0,0;0,0;-0,01;-0,01;-0,04;-0,04;-0,01;-0,01;-0,02;-0,02;-0,01;-0,01;-0,01;-0,01;-0,01;-0,01;0,0;0,0;-0,02;-0,02;-0,01;-0,01;-0,02;-0,02;-0,01;-0,01;-0,02;-0,02;-0,02;-0,02;-0,02;-0,02;-0,01;-0,01;-0,01;-0,01;-0,02;-0,02;-0,01;-0,01;-0,01;-0,01;-0,01;-0,01;-0,06;-0,06;-0,01;-0,01
25.08.2026;06:00;06:15;0,0;0,0;0,0;0,0;-0,01;-0,01;-0,16;-0,16;-0,01;-0,01;-0,01;-0,01;-0,03;-0,03;-0,01;-0,01;-0,01;-0,01;-0,11;-0,11;-0,01;-0,01;-0,03;-0,03;0,0;0,0;-0,02;-0,02;-0,01;-0,01;-0,01;-0,01;-0,01;-0,01;-0,02;-0,02;0,0;0,0;-0,02;-0,02;-0,02;-0,02;-0,02;-0,02;-0,01;-0,01;-0,01;-0,01;-0,01;-0,01;-0,02;-0,02;-0,01;-0,01;-0,01;-0,01
25.08.2026;06:15;06:30;0,0;0,0;0,0;0,0;-0,02;-0,02;-0,2;-0,2;0,0;0,0;-0,01;-0,01;-0,04;-0,04;0,0;0,0;-0,02;-0,02;-0,01;-0,01;-0,02;-0,02;0,0;0,0;0,0;0,0;-0,01;-0,01;-0,02;-0,02;-0,01;-0,01;0,0;0,0;-0,02;-0,02;-0,02;-0,02;-0,02;-0,02;-0,02;-0,02;-0,01;-0,01;0,0;0,0;-0,01;-0,01;-0,02;-0,02;-0,02;-0,02;-0,02;-0,02;0,0;0,0
25.08.2026;06:30;06:45;0,0;0,0;0,0;0,0;-0,07;-0,07;-0,09;-0,09;-0,01;-0,01;0,0;0,0;-0,03;-0,03;-0,01;-0,01;-0,01;-0,01;-0,03;-0,03;-0,01;-0,01;-0,02;-0,02;0,0;0,0;-0,01;-0,01;-0,01;-0,01;-0,01;-0,01;-0,05;-0,05;-0,04;-0,04;-0,01;-0,01;-0,11;-0,11;-0,06;-0,06;-0,02;-0,02;-0,01;-0,01;0,0;0,0;-0,01;-0,01;-0,04;-0,04;0,0;0,0;0,0;0,0
25.08.2026;06:45;07:00;0,02;0,02;-0,01;-0,01;-0,03;-0,03;-0,23;-0,23;-0,01;-0,01;-0,01;-0,01;-0,04;-0,04;-0,01;-0,01;-0,01;-0,01;-0,01;-0,01;-0,01;-0,01;0,0;0,0;0,0;0,0;-0,07;-0,07;-0,01;-0,01;0,0;0,0;-0,01;-0,01;0,0;0,0;-0,02;-0,02;-0,05;-0,05;-0,03;-0,03;-0,03;-0,03;-0,01;-0,01;-0,04;-0,04;-0,01;-0,01;-0,03;-0,03;-0,02;-0,02;-0,01;-0,01
25.08.2026;07:00;07:15;0,04;0,04;0,0;0,0;-0,02;-0,02;-0,24;-0,24;0,0;0,0;-0,01;-0,01;-0,03;-0,03;-0,01;-0,01;-0,01;-0,01;-0,01;-0,01;0,0;0,0;-0,01;-0,01;0,0;0,0;-0,01;-0,01;0,0;0,0;-0,02;-0,02;-0,01;-0,01;-0,01;-0,01;-0,03;-0,03;-0,05;-0,05;-0,01;-0,01;-0,01;-0,01;-0,01;-0,01;-0,02;-0,02;-0,01;-0,01;-0,01;-0,01;-0,01;-0,01;-0,01;-0,01
25.08.2026;07:15;07:30;0,09;0,09;0,0;0,0;-0,02;-0,02;-0,24;-0,24;-0,01;-0,01;-0,01;-0,01;-0,04;-0,04;-0,01;-0,01;-0,02;-0,02;-0,02;-0,02;0,0;0,0;-0,01;-0,01;0,0;0,0;-0,01;-0,01;-0,01;-0,01;0,0;0,0;-0,01;-0,01;0,0;0,0;-0,02;-0,02;-0,06;-0,06;-0,02;-0,02;-0,01;-0,01;-0,03;-0,03;0,0;0,0;-0,01;-0,01;-0,02;-0,02;-0,01;-0,01;-0,01;-0,01
25.08.2026;07:30;07:45;0,15;0,11;0,0;0,0;-0,03;-0,03;-0,13;-0,09;0,0;0,0;-0,02;-0,02;-0,1;-0,1;-0,01;-0,01;-0,01;-0,01;-0,02;-0,02;-0,01;-0,01;0,0;0,0;0,0;0,0;-0,01;-0,01;-0,01;-0,01;-0,02;-0,02;0,0;0,0;-0,01;-0,01;-0,02;-0,02;-0,03;-0,03;-0,01;-0,01;-0,01;-0,01;-0,05;-0,05;-0,01;-0,01;-0,01;-0,01;-0,01;-0,01;-0,01;-0,01;-0,02;-0,02
25.08.2026;07:45;08:00;0,25;0,18;-0,01;-0,01;-0,02;-0,02;-0,07;0,0;-0,01;-0,01;-0,01;-0,01;-0,14;-0,14;-0,04;-0,04;-0,01;-0,01;-0,01;-0,01;-0,01;-0,01;-0,03;-0,03;0,0;0,0;-0,02;-0,02;-0,01;-0,01;-0,01;-0,01;0,0;0,0;-0,01;-0,01;-0,04;-0,04;-0,04;-0,04;0,0;0,0;-0,03;-0,03;-0,07;-0,07;-0,01;-0,01;-0,02;-0,02;0,0;0,0;-0,12;-0,12;0,0;0,0
25.08.2026;08:00;08:15;0,37;0,11;0,0;0,0;-0,01;0,0;-0,07;-0,02;-0,01;0,0;0,0;0,0;-0,07;-0,06;-0,02;-0,01;-0,02;-0,01;-0,02;-0,01;-0,02;-0,01;-0,01;0,0;0,0;0,0;0,0;0,0;-0,01;0,0;-0,01;0,0;-0,01;0,0;-0,01;0,0;-0,02;-0,01;-0,03;-0,02;-0,02;-0,01;-0,02;-0,01;-0,07;-0,06;-0,02;-0,01;-0,01;0,0;-0,01;0,0;-0,01;0,0;0,0;0,0
25.08.2026;08:15;08:30;0,58;0,19;0,0;0,0;0,0;0,0;-0,2;-0,09;0,0;0,0;0,0;0,0;-0,07;-0,05;-0,02;0,0;-0,01;0,0;-0,01;0,0;-0,01;0,0;-0,01;0,0;0,0;0,0;-0,01;0,0;-0,01;0,0;-0,01;0,0;-0,01;0,0;-0,02;0,0;-0,02;0,0;-0,03;-0,01;-0,01;0,0;-0,02;0,0;-0,07;-0,05;-0,01;0,0;-0,01;0,0;-0,01;0,0;-0,02;0,0;0,0;0,0
25.08.2026;08:30;08:45;0,54;0,17;0,0;0,0;-0,02;0,0;-0,22;-0,13;-0,01;0,0;-0,01;0,0;-0,04;-0,02;-0,04;-0,02;-0,02;0,0;-0,01;0,0;-0,01;0,0;-0,01;0,0;0,0;0,0;-0,02;0,0;-0,01;0,0;-0,01;0,0;-0,01;0,0;0,0;0,0;-0,03;-0,01;-0,03;-0,01;-0,01;0,0;-0,01;0,0;-0,08;-0,06;0,0;0,0;0,0;0,0;-0,01;0,0;0,0;0,0;-0,01;0,0
25.08.2026;08:45;09:00;0,92;0,43;-0,01;0,0;-0,01;0,0;-0,13;0,0;-0,01;0,0;-0,01;0,0;-0,04;0,0;-0,02;0,0;0,0;0,0;0,0;0,0;0,0;0,0;-0,01;0,0;0,0;0,0;-0,01;0,0;0,0;0,0;-0,01;0,0;0,0;0,0;-0,02;0,0;-0,03;0,0;-0,03;0,0;-0,01;0,0;-0,01;0,0;-0,06;0,0;-0,01;0,0;-0,01;0,0;-0,02;0,0;-0,01;0,0;-0,02;0,0
25.08.2026;09:00;09:15;1,22;0,8;0,0;0,0;-0,01;0,0;-0,09;0,0;0,0;0,0;-0,02;0,0;-0,04;0,0;-0,02;0,0;-0,02;0,0;-0,01;0,0;0,0;0,0;0,0;0,0;-0,01;0,0;0,0;0,0;-0,02;0,0;-0,01;0,0;-0,01;0,0;-0,01;0,0;-0,03;0,0;-0,02;0,0;-0,01;0,0;-0,02;0,0;-0,04;0,0;-0,01;0,0;0,0;0,0;-0,01;0,0;-0,01;0,0;0,0;0,0
25.08.2026;09:15;09:30;1,32;0,67;0,0;0,0;-0,01;0,0;-0,21;0,0;-0,01;0,0;-0,01;0,0;-0,04;0,0;-0,02;0,0;-0,01;0,0;-0,06;0,0;-0,01;0,0;-0,06;0,0;0,0;0,0;-0,01;0,0;-0,01;0,0;-0,01;0,0;0,0;0,0;0,0;0,0;-0,03;0,0;-0,02;0,0;-0,01;0,0;-0,02;0,0;-0,05;0,0;-0,01;0,0;-0,01;0,0;-0,02;0,0;-0,01;0,0;0,0;0,0
25.08.2026;09:30;09:45;0,27;0,19;0,0;0,0;-0,01;-0,01;-0,15;-0,07;0,0;0,0;-0,01;-0,01;-0,04;-0,04;-0,02;-0,02;-0,02;-0,02;-0,07;-0,07;-0,02;-0,02;0,0;0,0;0,0;0,0;-0,02;-0,02;-0,01;-0,01;-0,01;-0,01;-0,01;-0,01;-0,01;-0,01;-0,03;-0,03;-0,02;-0,02;-0,01;-0,01;-0,02;-0,02;-0,03;-0,03;-0,01;-0,01;-0,01;-0,01;0,0;0,0;-0,02;-0,02;-0,01;-0,01
25.08.2026;09:45;10:00;0,0;0,0;0,0;0,0;0,0;0,0;-0,1;-0,1;-0,01;-0,01;0,0;0,0;-0,04;-0,04;-0,02;-0,02;-0,01;-0,01;-0,07;-0,07;-0,01;-0,01;-0,02;-0,02;0,0;0,0;-0,01;-0,01;-0,03;-0,03;-0,01;-0,01;-0,01;-0,01;-0,01;-0,01;-0,02;-0,02;-0,02;-0,02;-0,01;-0,01;-0,01;-0,01;-0,05;-0,05;-0,01;-0,01;-0,01;-0,01;-0,01;-0,01;0,0;0,0;-0,01;-0,01
25.08.2026;10:00;10:15;0,03;0,03;-0,01;-0,01;-0,01;-0,01;-0,1;-0,1;-0,01;-0,01;-0,01;-0,01;-0,04;-0,04;-0,02;-0,02;-0,01;-0,01;-0,06;-0,06;-0,01;-0,01;-0,01;-0,01;0,0;0,0;0,0;0,0;-0,03;-0,03;-0,01;-0,01;-0,01;-0,01;-0,01;-0,01;-0,03;-0,03;-0,02;-0,02;-0,01;-0,01;-0,02;-0,02;-0,04;-0,04;-0,01;-0,01;-0,01;-0,01;-0,01;-0,01;-0,01;-0,01;-0,01;-0,01
25.08.2026;10:15;10:30;0,89;0,45;0,0;0,0;-0,02;0,0;-0,07;0,0;0,0;0,0;0,0;0,0;-0,03;0,0;-0,02;0,0;-0,01;0,0;-0,09;-0,02;-0,01;0,0;-0,01;0,0;0,0;0,0;-0,01;0,0;-0,02;0,0;-0,01;0,0;0,0;0,0;-0,01;0,0;-0,02;0,0;-0,02;0,0;-0,01;0,0;-0,01;0,0;-0,04;0,0;-0,01;0,0;-0,01;0,0;-0,01;0,0;-0,01;0,0;-0,01;0,0
25.08.2026;10:30;10:45;1,07;0,31;0,0;0,0;-0,01;0,0;-0,23;0,0;-0,01;0,0;-0,02;0,0;-0,04;0,0;-0,03;0,0;-0,02;0,0;-0,08;-0,01;0,0;0,0;-0,07;0,0;0,0;0,0;-0,02;0,0;-0,04;0,0;-0,02;0,0;0,0;0,0;-0,01;0,0;-0,03;0,0;-0,02;0,0;-0,01;0,0;-0,03;0,0;-0,04;0,0;-0,01;0,0;-0,01;0,0;-0,01;0,0;-0,01;0,0;0,0;0,0
25.08.2026;10:45;11:00;1,19;0,52;0,0;0,0;0,0;0,0;-0,22;0,0;0,0;0,0;-0,01;0,0;-0,04;0,0;-0,02;0,0;-0,01;0,0;-0,06;0,0;-0,01;0,0;0,0;0,0;0,0;0,0;0,0;0,0;-0,04;0,0;0,0;0,0;-0,01;0,0;-0,01;0,0;-0,03;0,0;-0,07;0,0;-0,01;0,0;-0,02;0,0;-0,06;0,0;-0,01;0,0;-0,01;0,0;-0,01;0,0;-0,02;0,0;0,0;0,0
25.08.2026;11:00;11:15;1,32;0,7;-0,01;0,0;-0,01;0,0;-0,25;0,0;-0,01;0,0;-0,01;0,0;-0,04;0,0;-0,02;0,0;-0,01;0,0;-0,01;0,0;0,0;0,0;-0,01;0,0;0,0;0,0;-0,01;0,0;-0,03;0,0;-0,01;0,0;-0,01;0,0;-0,01;0,0;-0,02;0,0;-0,03;0,0;-0,01;0,0;-0,01;0,0;-0,06;0,0;0,0;0,0;-0,01;0,0;-0,02;0,0;0,0;0,0;-0,01;0,0
25.08.2026;11:15;11:30;1,43;0,81;0,0;0,0;-0,01;0,0;-0,15;0,0;-0,01;0,0;-0,02;0,0;-0,03;0,0;-0,03;0,0;-0,02;0,0;-0,02;0,0;-0,02;0,0;-0,01;0,0;0,0;0,0;-0,01;0,0;-0,03;0,0;-0,02;0,0;-0,01;0,0;-0,01;0,0;-0,03;0,0;-0,02;0,0;-0,01;0,0;-0,01;0,0;-0,04;0,0;-0,02;0,0;-0,01;0,0;-0,01;0,0;-0,05;0,0;-0,02;0,0
25.08.2026;11:30;11:45;3,25;2,5;0,0;0,0;-0,01;0,0;-0,09;0,0;0,0;0,0;0,0;0,0;-0,04;0,0;-0,02;0,0;-0,02;0,0;-0,02;0,0;-0,01;0,0;-0,01;0,0;0,0;0,0;-0,02;0,0;-0,04;0,0;0,0;0,0;-0,01;0,0;-0,01;0,0;-0,02;0,0;-0,04;0,0;-0,01;0,0;-0,02;0,0;-0,04;0,0;-0,01;0,0;-0,03;0,0;-0,01;0,0;-0,26;0,0;-0,01;0,0
25.08.2026;11:45;12:00;2,48;1,72;0,0;0,0;-0,01;0,0;-0,09;0,0;-0,01;0,0;-0,01;0,0;-0,03;0,0;-0,13;0,0;-0,01;0,0;-0,01;0,0;-0,01;0,0;-0,01;0,0;0,0;0,0;0,0;0,0;-0,03;0,0;-0,02;0,0;0,0;0,0;0,0;0,0;-0,03;0,0;-0,02;0,0;-0,01;0,0;-0,03;0,0;-0,05;0,0;-0,01;0,0;-0,03;0,0;-0,01;0,0;-0,2;0,0;0,0;0,0
25.08.2026;12:00;12:15;2,29;1,45;0,0;0,0;-0,01;0,0;-0,08;0,0;-0,01;0,0;0,0;0,0;-0,04;0,0;-0,08;0,0;-0,02;0,0;-0,02;0,0;-0,01;0,0;-0,01;0,0;0,0;0,0;-0,01;0,0;-0,09;0,0;-0,01;0,0;0,0;0,0;-0,01;0,0;-0,03;0,0;-0,02;0,0;0,0;0,0;-0,03;0,0;-0,04;0,0;0,0;0,0;-0,25;0,0;0,0;0,0;-0,07;0,0;0,0;0,0
25.08.2026;12:15;12:30;1,51;0,71;-0,01;0,0;-0,01;0,0;-0,08;0,0;0,0;0,0;-0,01;0,0;-0,04;0,0;-0,01;0,0;-0,02;0,0;-0,01;0,0;-0,01;0,0;0,0;0,0;0,0;0,0;-0,01;0,0;-0,1;0,0;0,0;0,0;-0,02;0,0;-0,02;0,0;-0,02;0,0;-0,02;0,0;-0,01;0,0;-0,01;0,0;-0,04;0,0;-0,02;0,0;-0,15;0,0;-0,02;0,0;-0,25;-0,1;-0,01;0,0
25.08.2026;12:30;12:45;1,85;1,31;0,0;0,0;0,0;0,0;-0,08;0,0;-0,01;0,0;-0,01;0,0;-0,03;0,0;-0,01;0,0;-0,02;0,0;-0,01;0,0;0,0;0,0;-0,02;0,0;-0,01;0,0;-0,02;0,0;-0,03;0,0;-0,02;0,0;-0,01;0,0;-0,01;0,0;-0,03;0,0;-0,03;0,0;-0,02;0,0;-0,02;0,0;-0,04;0,0;-0,01;0,0;-0,05;0,0;0,0;0,0;-0,04;0,0;-0,01;0,0
25.08.2026;12:45;13:00;3,63;3,12;0,0;0,0;-0,01;0,0;-0,11;0,0;0,0;0,0;-0,02;0,0;-0,04;0,0;-0,02;0,0;-0,01;0,0;-0,02;0,0;0,0;0,0;0,0;0,0;0,0;0,0;0,0;0,0;-0,04;0,0;-0,01;0,0;0,0;0,0;-0,01;0,0;-0,02;0,0;-0,02;0,0;0,0;0,0;-0,02;0,0;-0,05;0,0;-0,01;0,0;-0,05;0,0;-0,01;0,0;-0,02;0,0;-0,02;0,0
25.08.2026;13:00;13:15;2,28;1,72;0,0;0,0;-0,02;0,0;-0,11;0,0;-0,01;0,0;-0,01;0,0;-0,03;0,0;-0,01;0,0;-0,01;0,0;-0,03;0,0;-0,02;0,0;-0,01;0,0;0,0;0,0;0,0;0,0;-0,05;0,0;-0,01;0,0;0,0;0,0;0,0;0,0;-0,02;0,0;-0,02;0,0;-0,01;0,0;-0,03;0,0;-0,06;0,0;0,0;0,0;-0,07;0,0;-0,02;0,0;-0,01;0,0;0,0;0,0
25.08.2026;13:15;13:30;1,22;0,72;-0,01;0,0;-0,01;0,0;-0,08;0,0;-0,01;0,0;-0,02;0,0;-0,04;0,0;-0,01;0,0;-0,02;0,0;-0,01;0,0;-0,01;0,0;-0,01;0,0;0,0;0,0;-0,02;0,0;-0,01;0,0;-0,01;0,0;-0,01;0,0;-0,01;0,0;-0,04;0,0;-0,02;0,0;-0,01;0,0;-0,02;0,0;-0,05;0,0;-0,02;0,0;-0,02;0,0;-0,01;0,0;-0,01;0,0;-0,01;0,0
25.08.2026;13:30;13:45;0,51;0,22;0,0;0,0;-0,01;0,0;-0,07;0,0;0,0;0,0;-0,01;0,0;-0,02;-0,01;-0,02;-0,01;-0,03;-0,02;-0,01;0,0;-0,01;0,0;-0,01;0,0;0,0;0,0;-0,04;-0,03;-0,01;0,0;-0,01;0,0;-0,01;0,0;-0,02;-0,01;-0,02;-0,01;-0,02;-0,01;-0,01;0,0;-0,01;0,0;-0,04;-0,03;-0,01;0,0;-0,01;0,0;-0,02;-0,01;-0,01;0,0;0,0;0,0
25.08.2026;13:45;14:00;1,72;1,34;0,0;0,0;0,0;0,0;-0,07;0,0;0,0;0,0;0,0;0,0;-0,03;0,0;0,0;0,0;-0,01;0,0;-0,01;0,0;-0,02;0,0;-0,01;0,0;0,0;0,0;-0,02;0,0;-0,01;0,0;-0,01;0,0;-0,01;0,0;-0,01;0,0;-0,03;0,0;-0,02;0,0;-0,02;0,0;-0,02;0,0;-0,05;0,0;0,0;0,0;-0,01;0,0;0,0;0,0;-0,01;0,0;-0,01;0,0
25.08.2026;14:00;14:15;2,62;2,14;0,0;0,0;-0,01;0,0;-0,08;0,0;-0,01;0,0;-0,01;0,0;-0,04;0,0;-0,02;0,0;-0,02;0,0;-0,02;0,0;0,0;0,0;0,0;0,0;0,0;0,0;-0,03;0,0;-0,01;0,0;-0,01;0,0;-0,01;0,0;0,0;0,0;-0,03;0,0;-0,02;0,0;0,0;0,0;-0,07;0,0;-0,04;0,0;-0,01;0,0;-0,01;0,0;-0,01;0,0;-0,01;0,0;-0,01;0,0
25.08.2026;14:15;14:30;2,39;1,87;0,0;0,0;-0,01;0,0;-0,08;0,0;0,0;0,0;0,0;0,0;-0,03;0,0;-0,09;0,0;-0,02;0,0;-0,01;0,0;0,0;0,0;-0,01;0,0;0,0;0,0;-0,04;0,0;-0,01;0,0;-0,01;0,0;0,0;0,0;-0,01;0,0;-0,02;0,0;-0,02;0,0;-0,01;0,0;-0,04;0,0;-0,04;0,0;-0,02;0,0;-0,01;0,0;-0,01;0,0;-0,01;0,0;-0,02;0,0
25.08.2026;14:30;14:45;2,88;2,33;-0,01;0,0;-0,01;0,0;-0,08;0,0;-0,01;0,0;-0,01;0,0;-0,03;0,0;-0,07;0,0;-0,04;0,0;-0,03;0,0;0,0;0,0;-0,01;0,0;0,0;0,0;-0,03;0,0;-0,01;0,0;-0,01;0,0;0,0;0,0;-0,01;0,0;-0,02;0,0;-0,02;0,0;-0,02;0,0;-0,03;0,0;-0,05;0,0;-0,01;0,0;-0,02;0,0;-0,01;0,0;-0,01;0,0;0,0;0,0
25.08.2026;14:45;15:00;2,42;1,78;0,0;0,0;-0,01;0,0;-0,2;0,0;-0,01;0,0;-0,01;0,0;-0,02;0,0;-0,04;0,0;-0,07;0,0;-0,03;0,0;-0,02;0,0;-0,01;0,0;0,0;0,0;-0,02;0,0;-0,01;0,0;-0,01;0,0;-0,01;0,0;-0,02;0,0;-0,04;0,0;-0,02;0,0;0,0;0,0;-0,02;0,0;-0,04;0,0;0,0;0,0;-0,01;0,0;-0,01;0,0;-0,01;0,0;0,0;0,0
25.08.2026;15:00;15:15;3,28;2,69;0,0;0,0;-0,01;0,0;-0,11;0,0;0,0;0,0;-0,02;0,0;-0,04;0,0;-0,03;0,0;-0,04;0,0;-0,02;0,0;-0,01;0,0;-0,01;0,0;0,0;0,0;-0,04;0,0;0,0;0,0;-0,01;0,0;-0,01;0,0;-0,01;0,0;-0,02;0,0;-0,09;0,0;-0,02;0,0;-0,02;0,0;-0,04;0,0;-0,01;0,0;-0,01;0,0;-0,01;0,0;-0,01;0,0;0,0;0,0
25.08.2026;15:15;15:30;3,27;2,73;0,0;0,0;-0,01;0,0;-0,09;0,0;-0,01;0,0;-0,01;0,0;-0,03;0,0;-0,03;0,0;-0,03;0,0;-0,02;0,0;-0,02;0,0;0,0;0,0;0,0;0,0;-0,04;0,0;-0,02;0,0;-0,01;0,0;-0,01;0,0;0,0;0,0;-0,03;0,0;-0,02;0,0;-0,02;0,0;-0,01;0,0;-0,05;0,0;-0,02;0,0;-0,01;0,0;-0,02;0,0;-0,01;0,0;-0,02;0,0
25.08.2026;15:30;15:45;2,44;1,89;-0,01;0,0;0,0;0,0;-0,15;0,0;0,0;0,0;-0,02;0,0;-0,04;0,0;-0,03;0,0;-0,03;0,0;-0,01;0,0;-0,01;0,0;-0,01;0,0;0,0;0,0;-0,03;0,0;-0,01;0,0;-0,01;0,0;-0,01;0,0;-0,01;0,0;-0,03;0,0;-0,03;0,0;0,0;0,0;-0,03;0,0;-0,04;0,0;-0,01;0,0;0,0;0,0;-0,01;0,0;-0,01;0,0;-0,01;0,0
25.08.2026;15:45;16:00;2,62;1,66;0,0;0,0;-0,14;0,0;-0,25;0,0;-0,01;0,0;-0,01;0,0;-0,06;0,0;-0,02;0,0;-0,02;0,0;-0,01;0,0;0,0;0,0;-0,01;0,0;0,0;0,0;-0,01;0,0;-0,04;0,0;-0,01;0,0;0,0;0,0;-0,21;0,0;-0,02;0,0;-0,02;0,0;-0,02;0,0;-0,02;0,0;-0,04;0,0;0,0;0,0;0,0;0,0;-0,01;0,0;-0,01;0,0;-0,02;0,0
25.08.2026;16:00;16:15;2,37;1,47;0,0;0,0;-0,36;-0,07;-0,14;0,0;-0,01;0,0;0,0;0,0;-0,03;0,0;-0,02;0,0;-0,02;0,0;0,0;0,0;0,0;0,0;-0,01;0,0;0,0;0,0;-0,02;0,0;-0,04;0,0;-0,01;0,0;-0,01;0,0;-0,13;0,0;-0,04;0,0;-0,02;0,0;0,0;0,0;-0,01;0,0;-0,05;0,0;-0,01;0,0;-0,01;0,0;-0,01;0,0;-0,02;0,0;0,0;0,0
25.08.2026;16:15;16:30;2,76;1,98;0,0;0,0;-0,22;0,0;-0,09;0,0;-0,03;0,0;-0,01;0,0;-0,04;0,0;-0,02;0,0;-0,03;0,0;-0,01;0,0;0,0;0,0;-0,01;0,0;-0,01;0,0;-0,03;0,0;-0,04;0,0;-0,01;0,0;-0,01;0,0;-0,04;0,0;-0,03;0,0;-0,02;0,0;-0,01;0,0;-0,02;0,0;-0,04;0,0;-0,02;0,0;-0,01;0,0;-0,01;0,0;-0,02;0,0;0,0;0,0
25.08.2026;16:30;16:45;2,37;1,79;0,0;0,0;-0,02;0,0;-0,11;0,0;-0,04;0,0;0,0;0,0;-0,04;0,0;-0,03;0,0;0,0;0,0;0,0;0,0;-0,02;0,0;0,0;0,0;0,0;0,0;-0,01;0,0;-0,04;0,0;-0,01;0,0;-0,01;0,0;-0,02;0,0;-0,02;0,0;-0,04;0,0;-0,02;0,0;-0,02;0,0;-0,04;0,0;-0,01;0,0;-0,01;0,0;-0,01;0,0;-0,06;0,0;0,0;0,0
25.08.2026;16:45;17:00;1,52;0,6;-0,01;0,0;-0,13;0,0;-0,12;0,0;-0,05;0,0;-0,01;0,0;-0,04;0,0;-0,02;0,0;-0,02;0,0;-0,01;0,0;-0,01;0,0;-0,01;0,0;0,0;0,0;-0,01;0,0;-0,11;0,0;-0,01;0,0;-0,01;0,0;-0,03;0,0;-0,04;0,0;-0,13;0,0;0,0;0,0;-0,03;0,0;-0,04;0,0;0,0;0,0;-0,01;0,0;-0,01;0,0;-0,04;0,0;-0,02;0,0
25.08.2026;17:00;17:15;0,13;0,11;0,0;0,0;-0,09;-0,09;-0,08;-0,06;-0,04;-0,04;-0,02;-0,02;-0,04;-0,04;-0,03;-0,03;-0,01;-0,01;0,0;0,0;-0,02;-0,02;-0,01;-0,01;0,0;0,0;-0,03;-0,03;-0,07;-0,07;-0,01;-0,01;0,0;0,0;-0,01;-0,01;-0,02;-0,02;-0,04;-0,04;-0,01;-0,01;-0,03;-0,03;-0,05;-0,05;-0,01;-0,01;-0,01;-0,01;-0,01;-0,01;-0,04;-0,04;-0,01;-0,01
25.08.2026;17:15;17:30;0,0;0,0;0,0;0,0;-0,02;-0,02;-0,14;-0,14;-0,06;-0,06;-0,01;-0,01;-0,03;-0,03;-0,01;-0,01;-0,01;-0,01;-0,01;-0,01;-0,01;-0,01;-0,01;-0,01;0,0;0,0;-0,04;-0,04;-0,05;-0,05;-0,01;-0,01;0,0;0,0;-0,02;-0,02;-0,08;-0,08;-0,05;-0,05;-0,01;-0,01;-0,01;-0,01;-0,07;-0,07;-0,01;-0,01;-0,01;-0,01;-0,02;-0,02;-0,04;-0,04;-0,01;-0,01
25.08.2026;17:30;17:45;0,36;0,1;0,0;0,0;-0,03;-0,02;-0,15;-0,12;-0,05;-0,04;-0,01;0,0;-0,11;-0,1;-0,02;-0,01;-0,02;-0,01;-0,02;-0,01;0,0;0,0;-0,01;0,0;0,0;0,0;-0,02;-0,01;-0,03;-0,02;-0,01;0,0;-0,01;0,0;-0,01;0,0;-0,08;-0,07;-0,04;-0,03;-0,01;0,0;-0,02;-0,01;-0,07;-0,06;-0,01;0,0;-0,01;0,0;-0,02;-0,01;-0,11;-0,1;-0,01;0,0
25.08.2026;17:45;18:00;0,7;0,2;-0,01;0,0;-0,02;0,0;-0,13;-0,01;-0,04;-0,02;-0,02;0,0;-0,18;-0,16;-0,02;0,0;-0,02;0,0;-0,02;0,0;-0,01;0,0;-0,01;0,0;0,0;0,0;-0,04;-0,02;-0,03;-0,01;-0,01;0,0;-0,02;0,0;0,0;0,0;-0,02;0,0;-0,05;-0,03;-0,04;-0,02;-0,02;0,0;-0,07;-0,05;-0,01;0,0;-0,01;0,0;0,0;0,0;-0,04;-0,02;0,0;0,0
25.08.2026;18:00;18:15;0,73;0,18;0,0;0,0;-0,02;0,0;-0,14;-0,03;-0,06;-0,03;-0,01;0,0;-0,34;-0,31;-0,01;0,0;-0,02;0,0;-0,02;0,0;0,0;0,0;0,0;0,0;0,0;0,0;-0,06;-0,03;-0,09;-0,06;-0,01;0,0;0,0;0,0;-0,01;0,0;-0,04;-0,01;-0,05;-0,02;-0,03;0,0;-0,02;0,0;-0,09;-0,06;-0,01;0,0;-0,02;0,0;-0,01;0,0;-0,04;-0,01;-0,01;0,0
25.08.2026;18:15;18:30;0,57;0,09;0,0;0,0;-0,03;-0,01;-0,08;-0,01;-0,12;-0,1;0,0;0,0;-0,33;-0,31;-0,02;0,0;-0,02;0,0;-0,03;-0,01;-0,01;0,0;-0,02;0,0;0,0;0,0;-0,04;-0,02;-0,03;-0,01;-0,02;0,0;0,0;0,0;-0,02;0,0;-0,02;0,0;-0,05;-0,03;-0,03;-0,01;-0,02;0,0;-0,08;-0,06;-0,8;-0,78;-0,01;0,0;-0,01;0,0;-0,03;-0,01;-0,44;-0,42
25.08.2026;18:30;18:45;0,4;0,12;0,0;0,0;-0,02;-0,01;-0,15;-0,08;-0,04;-0,03;0,0;0,0;-0,28;-0,27;-0,02;-0,01;-0,04;-0,03;-0,04;-0,03;-0,02;-0,01;0,0;0,0;0,0;0,0;-0,02;-0,01;-0,04;-0,03;0,0;0,0;-0,07;-0,06;-0,01;0,0;-0,03;-0,02;-0,05;-0,04;-0,03;-0,02;-0,01;0,0;-0,07;-0,06;-0,12;-0,11;-0,01;0,0;-0,01;0,0;-0,05;-0,04;-0,25;-0,24
25.08.2026;18:45;19:00;0,2;0,15;-0,01;-0,01;-0,03;-0,03;-0,09;-0,04;-0,05;-0,05;-0,01;-0,01;-0,34;-0,34;-0,02;-0,02;-0,03;-0,03;-0,04;-0,04;-0,01;-0,01;-0,01;-0,01;0,0;0,0;-0,05;-0,05;-0,04;-0,04;-0,01;-0,01;-0,07;-0,07;-0,01;-0,01;-0,03;-0,03;-0,05;-0,05;-0,02;-0,02;-0,02;-0,02;-0,07;-0,07;-0,17;-0,17;-0,01;-0,01;-0,01;-0,01;-0,03;-0,03;-0,28;-0,28
25.08.2026;19:00;19:15;0,05;0,05;0,0;0,0;-0,03;-0,03;-0,3;-0,3;-0,05;-0,05;-0,01;-0,01;-0,33;-0,33;-0,02;-0,02;-0,04;-0,04;-0,03;-0,03;-0,01;-0,01;-0,03;-0,03;0,0;0,0;-0,03;-0,03;-0,05;-0,05;-0,02;-0,02;-0,01;-0,01;-0,01;-0,01;-0,02;-0,02;-0,05;-0,05;-0,11;-0,11;-0,01;-0,01;-0,07;-0,07;-0,43;-0,43;-0,02;-0,02;-0,07;-0,07;-0,05;-0,05;-0,04;-0,04
25.08.2026;19:15;19:30;0,02;0,02;0,0;0,0;-0,03;-0,03;-0,14;-0,14;-0,04;-0,04;-0,01;-0,01;-0,37;-0,37;-0,02;-0,02;-0,03;-0,03;-0,03;-0,03;-0,01;-0,01;-0,05;-0,05;0,0;0,0;-0,02;-0,02;-0,03;-0,03;-0,02;-0,02;0,0;0,0;0,0;0,0;-0,03;-0,03;-0,05;-0,05;-0,02;-0,02;-0,03;-0,03;-0,06;-0,06;-0,05;-0,05;-0,02;-0,02;-0,53;-0,53;-0,03;-0,03;-0,04;-0,04
25.08.2026;19:30;19:45;0,01;0,01;0,0;0,0;-0,03;-0,03;-0,16;-0,16;-0,05;-0,05;-0,02;-0,02;-0,18;-0,18;-0,02;-0,02;-0,03;-0,03;-0,02;-0,02;0,0;0,0;-0,07;-0,07;0,0;0,0;-0,01;-0,01;-0,23;-0,23;-0,04;-0,04;0,0;0,0;-0,02;-0,02;-0,02;-0,02;-0,05;-0,05;-0,02;-0,02;-0,02;-0,02;-0,07;-0,07;-0,01;-0,01;-0,01;-0,01;-0,1;-0,1;-0,03;-0,03;-0,03;-0,03
25.08.2026;19:45;20:00;0,0;0,0;0,0;0,0;-0,2;-0,2;-0,3;-0,3;-0,05;-0,05;-0,01;-0,01;-0,07;-0,07;-0,02;-0,02;-0,06;-0,06;-0,03;-0,03;0,0;0,0;-0,09;-0,09;0,0;0,0;-0,03;-0,03;-0,32;-0,32;-0,04;-0,04;-0,01;-0,01;-0,04;-0,04;-0,03;-0,03;-0,05;-0,05;-0,03;-0,03;-0,33;-0,33;-0,06;-0,06;-0,03;-0,03;-0,02;-0,02;-0,12;-0,12;-0,04;-0,04;-0,04;-0,04
25.08.2026;20:00;20:15;0,0;0,0;-0,01;-0,01;-0,05;-0,05;-0,26;-0,26;-0,04;-0,04;-0,01;-0,01;-0,07;-0,07;-0,06;-0,06;-0,1;-0,1;-0,02;-0,02;-0,02;-0,02;-0,09;-0,09;0,0;0,0;-0,03;-0,03;-0,11;-0,11;-0,03;-0,03;-0,01;-0,01;-0,1;-0,1;-0,02;-0,02;-0,06;-0,06;-0,02;-0,02;-0,31;-0,31;-0,07;-0,07;-0,02;-0,02;-0,02;-0,02;-0,05;-0,05;-0,03;-0,03;-0,03;-0,03
25.08.2026;20:15;20:30;0,0;0,0;0,0;0,0;-0,05;-0,05;-0,19;-0,19;-0,03;-0,03;0,0;0,0;-0,04;-0,04;-0,02;-0,02;-0,06;-0,06;-0,02;-0,02;-0,01;-0,01;-0,04;-0,04;0,0;0,0;-0,03;-0,03;-0,05;-0,05;-0,04;-0,04;-0,01;-0,01;-0,14;-0,14;-0,03;-0,03;-0,06;-0,06;-0,41;-0,41;-0,05;-0,05;-0,05;-0,05;-0,01;-0,01;-0,02;-0,02;-0,06;-0,06;-0,03;-0,03;-0,03;-0,03
25.08.2026;20:30;20:45;0,0;0,0;0,0;0,0;-0,04;-0,04;-0,09;-0,09;0,0;0,0;-0,01;-0,01;-0,04;-0,04;-0,04;-0,04;-0,03;-0,03;-0,01;-0,01;-0,01;-0,01;-0,02;-0,02;0,0;0,0;-0,04;-0,04;-0,06;-0,06;-0,03;-0,03;-0,01;-0,01;-0,55;-0,55;-0,03;-0,03;-0,05;-0,05;-0,18;-0,18;-0,05;-0,05;-0,03;-0,03;0,0;0,0;-0,02;-0,02;-0,04;-0,04;-0,04;-0,04;-0,07;-0,07
25.08.2026;20:45;21:00;0,0;0,0;0,0;0,0;-0,04;-0,04;-0,13;-0,13;-0,01;-0,01;0,0;0,0;-0,04;-0,04;-0,03;-0,03;-0,02;-0,02;-0,03;-0,03;-0,02;-0,02;-0,03;-0,03;0,0;0,0;-0,03;-0,03;-0,07;-0,07;-0,04;-0,04;0,0;0,0;-0,36;-0,36;-0,02;-0,02;-0,06;-0,06;-0,04;-0,04;-0,18;-0,18;-0,02;-0,02;-0,02;-0,02;-0,04;-0,04;-0,03;-0,03;-0,03;-0,03;-0,04;-0,04
25.08.2026;21:00;21:15;0,0;0,0;-0,01;-0,01;-0,04;-0,04;-0,08;-0,08;0,0;0,0;-0,02;-0,02;-0,04;-0,04;-0,04;-0,04;-0,02;-0,02;-0,03;-0,03;0,0;0,0;-0,02;-0,02;-0,01;-0,01;-0,03;-0,03;-0,06;-0,06;-0,03;-0,03;-0,01;-0,01;-0,41;-0,41;-0,03;-0,03;-0,03;-0,03;-0,03;-0,03;-0,05;-0,05;-0,01;-0,01;-0,01;-0,01;-0,02;-0,02;-0,03;-0,03;-0,04;-0,04;-0,05;-0,05
25.08.2026;21:15;21:30;0,0;0,0;0,0;0,0;-0,04;-0,04;-0,11;-0,11;-0,01;-0,01;-0,01;-0,01;-0,03;-0,03;-0,04;-0,04;-0,02;-0,02;-0,03;-0,03;-0,01;-0,01;-0,02;-0,02;0,0;0,0;-0,02;-0,02;-0,06;-0,06;-0,03;-0,03;-0,02;-0,02;-0,05;-0,05;-0,02;-0,02;-0,02;-0,02;-0,03;-0,03;-0,03;-0,03;-0,01;-0,01;-0,03;-0,03;-0,02;-0,02;-0,02;-0,02;-0,04;-0,04;-0,04;-0,04
25.08.2026;21:30;21:45;0,0;0,0;0,0;0,0;-0,04;-0,04;-0,07;-0,07;0,0;0,0;-0,02;-0,02;-0,03;-0,03;-0,03;-0,03;-0,02;-0,02;-0,03;-0,03;0,0;0,0;-0,02;-0,02;0,0;0,0;-0,03;-0,03;-0,05;-0,05;-0,04;-0,04;-0,01;-0,01;-0,05;-0,05;-0,02;-0,02;-0,02;-0,02;-0,03;-0,03;-0,04;-0,04;-0,02;-0,02;-0,03;-0,03;-0,02;-0,02;-0,01;-0,01;-0,03;-0,03;-0,03;-0,03
25.08.2026;21:45;22:00;0,0;0,0;0,0;0,0;-0,04;-0,04;-0,07;-0,07;-0,01;-0,01;-0,01;-0,01;-0,04;-0,04;-0,03;-0,03;-0,02;-0,02;-0,03;-0,03;-0,01;-0,01;-0,01;-0,01;0,0;0,0;-0,03;-0,03;-0,04;-0,04;-0,03;-0,03;0,0;0,0;-0,14;-0,14;-0,03;-0,03;-0,02;-0,02;-0,01;-0,01;-0,06;-0,06;0,0;0,0;-0,05;-0,05;-0,02;-0,02;-0,01;-0,01;-0,04;-0,04;-0,04;-0,04
25.08.2026;22:00;22:15;0,0;0,0;0,0;0,0;-0,04;-0,04;-0,2;-0,2;0,0;0,0;0,0;0,0;-0,04;-0,04;-0,04;-0,04;-0,02;-0,02;-0,03;-0,03;-0,01;-0,01;-0,01;-0,01;0,0;0,0;-0,02;-0,02;-0,12;-0,12;-0,03;-0,03;0,0;0,0;-0,13;-0,13;0,0;0,0;-0,02;-0,02;-0,02;-0,02;-0,01;-0,01;-0,02;-0,02;-0,05;-0,05;-0,01;-0,01;-0,01;-0,01;-0,02;-0,02;-0,04;-0,04
25.08.2026;22:15;22:30;0,0;0,0;-0,01;-0,01;-0,03;-0,03;-0,09;-0,09;-0,01;-0,01;0,0;0,0;-0,02;-0,02;-0,03;-0,03;-0,01;-0,01;-0,03;-0,03;-0,01;-0,01;-0,01;-0,01;0,0;0,0;-0,02;-0,02;-0,07;-0,07;-0,04;-0,04;-0,02;-0,02;-0,04;-0,04;-0,02;-0,02;-0,03;-0,03;0,0;0,0;-0,02;-0,02;0,0;0,0;-0,04;-0,04;0,0;0,0;-0,02;-0,02;-0,01;-0,01;-0,03;-0,03
25.08.2026;22:30;22:45;0,0;0,0;0,0;0,0;-0,01;-0,01;-0,1;-0,1;-0,01;-0,01;-0,01;-0,01;-0,03;-0,03;-0,03;-0,03;-0,02;-0,02;-0,02;-0,02;-0,02;-0,02;0,0;0,0;0,0;0,0;-0,03;-0,03;-0,05;-0,05;-0,03;-0,03;-0,01;-0,01;-0,04;-0,04;-0,01;-0,01;-0,02;-0,02;-0,01;-0,01;-0,01;-0,01;-0,01;-0,01;-0,02;-0,02;0,0;0,0;-0,02;-0,02;-0,02;-0,02;-0,04;-0,04
25.08.2026;22:45;23:00;0,0;0,0;0,0;0,0;-0,01;-0,01;-0,08;-0,08;0,0;0,0;-0,01;-0,01;-0,04;-0,04;-0,03;-0,03;-0,02;-0,02;-0,01;-0,01;0,0;0,0;-0,02;-0,02;0,0;0,0;-0,03;-0,03;-0,05;-0,05;-0,03;-0,03;-0,01;-0,01;-0,02;-0,02;0,0;0,0;-0,02;-0,02;-0,02;-0,02;-0,01;-0,01;-0,01;-0,01;-0,02;-0,02;-0,01;-0,01;-0,01;-0,01;0,0;0,0;-0,03;-0,03
25.08.2026;23:00;23:15;0,0;0,0;0,0;0,0;-0,01;-0,01;-0,08;-0,08;-0,01;-0,01;-0,02;-0,02;-0,02;-0,02;-0,04;-0,04;-0,01;-0,01;0,0;0,0;0,0;0,0;0,0;0,0;0,0;0,0;0,0;0,0;-0,05;-0,05;-0,03;-0,03;-0,01;-0,01;-0,01;-0,01;-0,02;-0,02;-0,02;-0,02;0,0;0,0;-0,03;-0,03;-0,01;-0,01;-0,01;-0,01;-0,02;-0,02;-0,02;-0,02;-0,02;-0,02;-0,04;-0,04
25.08.2026;23:15;23:30;0,0;0,0;-0,01;-0,01;-0,01;-0,01;-0,07;-0,07;0,0;0,0;-0,01;-0,01;-0,03;-0,03;-0,27;-0,27;-0,02;-0,02;-0,01;-0,01;-0,01;-0,01;-0,01;-0,01;0,0;0,0;0,0;0,0;-0,02;-0,02;-0,02;-0,02;0,0;0,0;-0,02;-0,02;-0,01;-0,01;-0,02;-0,02;-0,01;-0,01;-0,02;-0,02;-0,01;-0,01;-0,02;-0,02;-0,02;-0,02;0,0;0,0;-0,01;-0,01;-0,03;-0,03
25.08.2026;23:30;23:45;0,0;0,0;0,0;0,0;0,0;0,0;-0,06;-0,06;-0,01;-0,01;-0,01;-0,01;-0,04;-0,04;-0,25;-0,25;-0,02;-0,02;-0,01;-0,01;-0,01;-0,01;-0,01;-0,01;0,0;0,0;-0,02;-0,02;-0,01;-0,01;0,0;0,0;-0,01;-0,01;-0,02;-0,02;-0,01;-0,01;-0,02;-0,02;-0,01;-0,01;-0,01;-0,01;-0,01;-0,01;-0,02;-0,02;-0,02;-0,02;-0,01;-0,01;-0,01;-0,01;-0,04;-0,04
25.08.2026;23:45;00:00;0,0;0,0;0,0;0,0;-0,01;-0,01;-0,06;-0,06;-0,01;-0,01;-0,01;-0,01;-0,05;-0,05;-0,04;-0,04;-0,01;-0,01;0,0;0,0;-0,01;-0,01;-0,01;-0,01;0,0;0,0;-0,01;-0,01;-0,01;-0,01;-0,02;-0,02;-0,01;-0,01;-0,02;-0,02;-0,01;-0,01;-0,02;-0,02;-0,01;-0,01;-0,01;-0,01;0,0;0,0;-0,02;-0,02;-0,02;-0,02;-0,02;-0,02;-0,01;-0,01;-0,03;-0,03
26.08.2026;00:00;00:15;0,0;0,0;0,0;0,0;-0,01;-0,01;-0,06;-0,06;0,0;0,0;0,0;0,0;-0,05;-0,05;-0,04;-0,04;-0,03;-0,03;-0,01;-0,01;-0,02;-0,02;-0,01;-0,01;0,0;0,0;-0,01;-0,01;-0,02;-0,02;-0,02;-0,02;-0,02;-0,02;-0,02;-0,02;0,0;0,0;-0,02;-0,02;-0,02;-0,02;-0,01;-0,01;-0,02;-0,02;0,0;0,0;-0,02;-0,02;0,0;0,0;-0,01;-0,01;-0,04;-0,04
26.08.2026;00:15;00:30;0,0;0,0;0,0;0,0;0,0;0,0;-0,06;-0,06;-0,01;-0,01;0,0;0,0;-0,03;-0,03;-0,04;-0,04;-0,01;-0,01;-0,01;-0,01;-0,01;-0,01;-0,01;-0,01;0,0;0,0;0,0;0,0;-0,01;-0,01;-0,01;-0,01;-0,01;-0,01;-0,04;-0,04;-0,02;-0,02;-0,02;-0,02;0,0;0,0;-0,03;-0,03;0,0;0,0;-0,01;-0,01;-0,02;-0,02;-0,01;-0,01;-0,01;-0,01;-0,03;-0,03
26.08.2026;00:30;00:45;0,0;0,0;-0,01;-0,01;-0,02;-0,02;-0,06;-0,06;0,0;0,0;-0,02;-0,02;-0,04;-0,04;-0,35;-0,35;-0,02;-0,02;-0,02;-0,02;0,0;0,0;-0,01;-0,01;0,0;0,0;-0,02;-0,02;-0,01;-0,01;-0,01;-0,01;0,0;0,0;-0,03;-0,03;-0,01;-0,01;-0,02;-0,02;-0,01;-0,01;-0,02;-0,02;-0,01;-0,01;-0,01;-0,01;-0,01;-0,01;-0,01;-0,01;-0,02;-0,02;-0,04;-0,04
26.08.2026;00:45;01:00;0,0;0,0;0,0;0,0;-0,01;-0,01;-0,06;-0,06;-0,01;-0,01;-0,01;-0,01;-0,04;-0,04;-0,02;-0,02;-0,02;-0,02;-0,02;-0,02;-0,01;-0,01;-0,01;-0,01;0,0;0,0;-0,01;-0,01;-0,01;-0,01;-0,02;-0,02;0,0;0,0;-0,02;-0,02;-0,01;-0,01;-0,02;-0,02;-0,01;-0,01;-0,01;-0,01;-0,02;-0,02;-0,02;-0,02;-0,02;-0,02;-0,02;-0,02;0,0;0,0;-0,01;-0,01
26.08.2026;01:00;01:15;0,0;0,0;0,0;0,0;-0,01;-0,01;-0,06;-0,06;-0,01;-0,01;-0,01;-0,01;-0,04;-0,04;-0,02;-0,02;-0,01;-0,01;-0,02;-0,02;0,0;0,0;0,0;0,0;0,0;0,0;0,0;0,0;-0,01;-0,01;-0,01;-0,01;-0,01;-0,01;-0,02;-0,02;-0,01;-0,01;-0,02;-0,02;-0,01;-0,01;-0,01;-0,01;0,0;0,0;-0,01;-0,01;-0,02;-0,02;-0,01;-0,01;-0,02;-0,02;-0,01;-0,01
26.08.2026;01:15;01:30;0,0;0,0;0,0;0,0;0,0;0,0;-0,06;-0,06;0,0;0,0;-0,02;-0,02;-0,03;-0,03;-0,02;-0,02;-0,02;-0,02;-0,02;-0,02;-0,01;-0,01;-0,01;-0,01;0,0;0,0;-0,01;-0,01;-0,01;-0,01;-0,01;-0,01;-0,01;-0,01;-0,01;-0,01;-0,01;-0,01;-0,03;-0,03;-0,01;-0,01;-0,02;-0,02;-0,01;-0,01;-0,02;-0,02;-0,01;-0,01;-0,01;-0,01;-0,01;-0,01;0,0;0,0
26.08.2026;01:30;01:45;0,0;0,0;-0,01;-0,01;-0,01;-0,01;-0,05;-0,05;0,0;0,0;0,0;0,0;-0,04;-0,04;-0,01;-0,01;-0,02;-0,02;-0,02;-0,02;-0,01;-0,01;-0,01;-0,01;-0,01;-0,01;-0,01;-0,01;-0,01;-0,01;-0,01;-0,01;-0,01;-0,01;-0,02;-0,02;-0,01;-0,01;-0,02;-0,02;-0,01;-0,01;-0,01;-0,01;-0,01;-0,01;0,0;0,0;-0,01;-0,01;-0,01;-0,01;-0,01;-0,01;-0,01;-0,01
26.08.2026;01:45;02:00;0,0;0,0;0,0;0,0;-0,01;-0,01;-0,06;-0,06;-0,01;-0,01;-0,01;-0,01;-0,04;-0,04;-0,02;-0,02;-0,01;-0,01;-0,02;-0,02;-0,02;-0,02;-0,01;-0,01;0,0;0,0;-0,02;-0,02;-0,01;-0,01;-0,02;-0,02;-0,01;-0,01;-0,01;-0,01;-0,01;-0,01;-0,02;-0,02;-0,01;-0,01;-0,03;-0,03;-0,01;-0,01;-0,01;-0,01;0,0;0,0;-0,01;-0,01;-0,01;-0,01;-0,01;-0,01
26.08.2026;02:00;02:15;0,0;0,0;0,0;0,0;-0,01;-0,01;-0,05;-0,05;0,0;0,0;0,0;0,0;-0,04;-0,04;-0,01;-0,01;-0,03;-0,03;-0,01;-0,01;-0,01;-0,01;-0,01;-0,01;0,0;0,0;0,0;0,0;-0,01;-0,01;-0,01;-0,01;0,0;0,0;-0,02;-0,02;0,0;0,0;-0,02;-0,02;-0,01;-0,01;-0,02;-0,02;-0,01;-0,01;-0,02;-0,02;0,0;0,0;-0,01;-0,01;-0,01;-0,01;-0,03;-0,03
26.08.2026;02:15;02:30;0,0;0,0;0,0;0,0;-0,02;-0,02;-0,06;-0,06;-0,01;-0,01;-0,01;-0,01;-0,03;-0,03;-0,02;-0,02;-0,01;-0,01;-0,01;-0,01;0,0;0,0;-0,01;-0,01;0,0;0,0;0,0;0,0;-0,01;-0,01;-0,01;-0,01;0,0;0,0;0,0;0,0;-0,02;-0,02;-0,02;-0,02;-0,01;-0,01;-0,01;-0,01;-0,01;-0,01;-0,01;-0,01;0,0;0,0;-0,01;-0,01;-0,01;-0,01;-0,02;-0,02
26.08.2026;02:30;02:45;0,0;0,0;0,0;0,0;0,0;0,0;-0,06;-0,06;-0,01;-0,01;-0,01;-0,01;-0,04;-0,04;-0,01;-0,01;-0,02;-0,02;-0,01;-0,01;-0,01;-0,01;-0,01;-0,01;0,0;0,0;-0,02;-0,02;-0,02;-0,02;-0,01;-0,01;-0,02;-0,02;-0,01;-0,01;-0,01;-0,01;-0,02;-0,02;-0,01;-0,01;-0,01;-0,01;-0,01;-0,01;-0,01;-0,01;-0,01;-0,01;-0,01;-0,01;-0,02;-0,02;-0,02;-0,02
26.08.2026;02:45;03:00;0,0;0,0;-0,01;-0,01;-0,01;-0,01;-0,06;-0,06;0,0;0,0;-0,02;-0,02;-0,03;-0,03;-0,02;-0,02;-0,02;-0,02;-0,01;-0,01;0,0;0,0;-0,01;-0,01;0,0;0,0;-0,01;-0,01;-0,01;-0,01;-0,01;-0,01;-0,01;-0,01;-0,01;-0,01;-0,01;-0,01;-0,02;-0,02;-0,01;-0,01;-0,01;-0,01;-0,01;-0,01;-0,01;-0,01;0,0;0,0;-0,01;-0,01;0,0;0,0;-0,02;-0,02
26.08.2026;03:00;03:15;0,0;0,0;0,0;0,0;0,0;0,0;-0,05;-0,05;-0,01;-0,01;-0,01;-0,01;-0,04;-0,04;-0,01;-0,01;-0,01;-0,01;-0,01;-0,01;-0,01;-0,01;-0,02;-0,02;0,0;0,0;-0,01;-0,01;-0,02;-0,02;-0,02;-0,02;0,0;0,0;-0,02;-0,02;-0,01;-0,01;-0,02;-0,02;-0,01;-0,01;-0,02;-0,02;0,0;0,0;-0,01;-0,01;-0,02;-0,02;-0,02;-0,02;-0,02;-0,02;-0,02;-0,02
26.08.2026;03:15;03:30;0,0;0,0;0,0;0,0;-0,01;-0,01;-0,06;-0,06;-0,01;-0,01;-0,01;-0,01;-0,04;-0,04;-0,02;-0,02;-0,02;-0,02;-0,01;-0,01;-0,01;-0,01;0,0;0,0;0,0;0,0;0,0;0,0;-0,01;-0,01;-0,01;-0,01;0,0;0,0;-0,01;-0,01;-0,01;-0,01;-0,02;-0,02;-0,01;-0,01;-0,03;-0,03;-0,02;-0,02;-0,02;-0,02;-0,02;-0,02;-0,01;-0,01;-0,01;-0,01;-0,02;-0,02
26.08.2026;03:30;03:45;0,0;0,0;0,0;0,0;-0,02;-0,02;-0,05;-0,05;0,0;0,0;0,0;0,0;-0,03;-0,03;-0,01;-0,01;-0,02;-0,02;-0,01;-0,01;-0,02;-0,02;-0,01;-0,01;0,0;0,0;-0,02;-0,02;-0,01;-0,01;-0,01;-0,01;-0,01;-0,01;-0,01;-0,01;-0,02;-0,02;-0,02;-0,02;-0,01;-0,01;-0,01;-0,01;0,0;0,0;-0,01;-0,01;-0,01;-0,01;-0,01;-0,01;-0,01;-0,01;-0,02;-0,02
26.08.2026;03:45;04:00;0,0;0,0;-0,01;-0,01;-0,01;-0,01;-0,06;-0,06;-0,01;-0,01;-0,01;-0,01;-0,04;-0,04;-0,01;-0,01;-0,01;-0,01;-0,02;-0,02;-0,01;-0,01;-0,01;-0,01;0,0;0,0;-0,01;-0,01;-0,01;-0,01;-0,01;-0,01;-0,01;-0,01;-0,01;-0,01;0,0;0,0;-0,02;-0,02;-0,01;-0,01;-0,02;-0,02;-0,01;-0,01;0,0;0,0;-0,02;-0,02;0,0;0,0;-0,01;-0,01;-0,01;-0,01
26.08.2026;04:00;04:15;0,0;0,0;0,0;0,0;0,0;0,0;-0,05;-0,05;0,0;0,0;0,0;0,0;-0,03;-0,03;-0,02;-0,02;-0,03;-0,03;-0,02;-0,02;0,0;0,0;-0,01;-0,01;0,0;0,0;0,0;0,0;-0,01;-0,01;-0,02;-0,02;-0,01;-0,01;-0,01;-0,01;-0,01;-0,01;-0,02;-0,02;-0,01;-0,01;-0,01;-0,01;-0,01;-0,01;-0,02;-0,02;-0,02;-0,02;-0,02;-0,02;-0,01;-0,01;-0,02;-0,02
26.08.2026;04:15;04:30;0,0;0,0;0,0;0,0;-0,01;-0,01;-0,05;-0,05;-0,01;-0,01;-0,02;-0,02;-0,04;-0,04;-0,01;-0,01;-0,01;-0,01;-0,02;-0,02;-0,01;-0,01;-0,01;-0,01;0,0;0,0;0,0;0,0;-0,01;-0,01;-0,04;-0,04;-0,01;-0,01;-0,01;-0,01;-0,02;-0,02;-0,02;-0,02;-0,01;-0,01;-0,01;-0,01;-0,01;-0,01;-0,01;-0,01;-0,01;-0,01;0,0;0,0;-0,01;-0,01;-0,01;-0,01
26.08.2026;04:30;04:45;0,0;0,0;0,0;0,0;0,0;0,0;-0,07;-0,07;-0,01;-0,01;-0,01;-0,01;-0,03;-0,03;-0,06;-0,06;-0,02;-0,02;-0,02;-0,02;0,0;0,0;-0,01;-0,01;0,0;0,0;-0,02;-0,02;-0,01;-0,01;-0,01;-0,01;0,0;0,0;-0,02;-0,02;0,0;0,0;-0,02;-0,02;-0,01;-0,01;-0,02;-0,02;-0,01;-0,01;-0,01;-0,01;-0,02;-0,02;-0,01;-0,01;-0,01;-0,01;-0,01;-0,01
26.08.2026;04:45;05:00;0,0;0,0;-0,01;-0,01;-0,02;-0,02;-0,06;-0,06;0,0;0,0;-0,02;-0,02;-0,03;-0,03;-0,05;-0,05;-0,02;-0,02;-0,02;-0,02;-0,01;-0,01;0,0;0,0;0,0;0,0;-0,01;-0,01;-0,01;-0,01;-0,01;-0,01;0,0;0,0;-0,01;-0,01;-0,02;-0,02;-0,02;-0,02;-0,01;-0,01;-0,03;-0,03;-0,01;-0,01;-0,01;-0,01;-0,02;-0,02;-0,01;-0,01;-0,01;-0,01;-0,01;-0,01
26.08.2026;05:00;05:15;0,0;0,0;0,0;0,0;-0,01;-0,01;-0,06;-0,06;-0,01;-0,01;0,0;0,0;-0,03;-0,03;-0,03;-0,03;-0,01;-0,01;-0,02;-0,02;-0,01;-0,01;-0,01;-0,01;0,0;0,0;-0,01;-0,01;-0,02;-0,02;-0,02;-0,02;-0,01;-0,01;-0,01;-0,01;0,0;0,0;-0,02;-0,02;-0,01;-0,01;-0,06;-0,06;-0,01;-0,01;-0,01;-0,01;-0,02;-0,02;-0,02;-0,02;-0,01;-0,01;0,0;0,0
26.08.2026;05:15;05:30;0,0;0,0;0,0;0,0;-0,01;-0,01;-0,13;-0,13;0,0;0,0;-0,01;-0,01;-0,03;-0,03;-0,07;-0,07;-0,02;-0,02;-0,01;-0,01;-0,02;-0,02;-0,01;-0,01;-0,01;-0,01;0,0;0,0;-0,02;-0,02;-0,01;-0,01;-0,01;-0,01;0,0;0,0;-0,01;-0,01;-0,02;-0,02;0,0;0,0;-0,03;-0,03;-0,01;-0,01;-0,02;-0,02;-0,01;-0,01;-0,02;-0,02;-0,02;-0,02;-0,01;-0,01
26.08.2026;05:30;05:45;0,0;0,0;0,0;0,0;-0,01;-0,01;-0,22;-0,22;0,0;0,0;0,0;0,0;-0,03;-0,03;-0,02;-0,02;-0,02;-0,02;-0,01;-0,01;-0,01;-0,01;-0,01;-0,01;0,0;0,0;-0,01;-0,01;-0,03;-0,03;-0,02;-0,02;-0,01;-0,01;-0,02;-0,02;-0,02;-0,02;-0,02;-0,02;-0,01;-0,01;-0,02;-0,02;-0,01;-0,01;-0,01;-0,01;-0,02;-0,02;0,0;0,0;-0,04;-0,04;0,0;0,0
26.08.2026;05:45;06:00;0,0;0,0;0,0;0,0;0,0;0,0;-0,12;-0,12;-0,01;-0,01;-0,01;-0,01;-0,03;-0,03;0,0;0,0;-0,02;-0,02;-0,01;-0,01;0,0;0,0;-0,01;-0,01;0,0;0,0;-0,02;-0,02;-0,06;-0,06;-0,08;-0,08;0,0;0,0;-0,01;-0,01;0,0;0,0;-0,02;-0,02;-0,01;-0,01;-0,35;-0,35;0,0;0,0;-0,01;-0,01;-0,02;-0,02;-0,01;-0,01;-0,05;-0,05;0,0;0,0
26.08.2026;06:00;06:15;0,0;0,0;-0,01;-0,01;-0,01;-0,01;-0,08;-0,08;-0,01;-0,01;-0,01;-0,01;-0,03;-0,03;-0,02;-0,02;-0,01;-0,01;-0,1;-0,1;0,0;0,0;-0,02;-0,02;0,0;0,0;-0,03;-0,03;-0,02;-0,02;-0,02;-0,02;0,0;0,0;-0,03;-0,03;-0,01;-0,01;-0,02;-0,02;-0,02;-0,02;-0,3;-0,3;-0,02;-0,02;-0,04;-0,04;-0,03;-0,03;-0,01;-0,01;0,0;0,0;0,0;0,0
26.08.2026;06:15;06:30;0,0;0,0;0,0;0,0;-0,03;-0,03;-0,17;-0,17;0,0;0,0;-0,02;-0,02;-0,03;-0,03;0,0;0,0;-0,02;-0,02;-0,02;-0,02;-0,01;-0,01;-0,02;-0,02;0,0;0,0;-0,01;-0,01;-0,01;-0,01;-0,01;-0,01;-0,01;-0,01;-0,03;-0,03;-0,02;-0,02;-0,03;-0,03;-0,05;-0,05;-0,26;-0,26;0,0;0,0;-0,03;-0,03;-0,01;-0,01;-0,01;-0,01;-0,01;-0,01;-0,01;-0,01
26.08.2026;06:30;06:45;0,0;0,0;0,0;0,0;-0,15;-0,15;-0,12;-0,12;-0,01;-0,01;-0,01;-0,01;-0,03;-0,03;-0,01;-0,01;-0,02;-0,02;-0,05;-0,05;-0,01;-0,01;0,0;0,0;0,0;0,0;-0,03;-0,03;-0,01;-0,01;-0,01;-0,01;-0,05;-0,05;-0,01;-0,01;0,0;0,0;-0,16;-0,16;-0,02;-0,02;-0,12;-0,12;-0,01;-0,01;-0,02;-0,02;-0,02;-0,02;-0,01;-0,01;-0,02;-0,02;-0,02;-0,02
26.08.2026;06:45;07:00;0,0;0,0;0,0;0,0;-0,09;-0,09;-0,09;-0,09;0,0;0,0;0,0;0,0;-0,03;-0,03;-0,01;-0,01;-0,01;-0,01;-0,02;-0,02;-0,02;-0,02;-0,01;-0,01;0,0;0,0;-0,01;-0,01;-0,01;-0,01;-0,01;-0,01;-0,02;-0,02;-0,02;-0,02;-0,02;-0,02;-0,14;-0,14;-0,03;-0,03;-0,02;-0,02;-0,01;-0,01;0,0;0,0;-0,02;-0,02;-0,01;-0,01;-0,02;-0,02;-0,01;-0,01
26.08.2026;07:00;07:15;0,0;0,0;-0,01;-0,01;-0,25;-0,25;-0,16;-0,16;-0,01;-0,01;-0,01;-0,01;-0,02;-0,02;-0,01;-0,01;-0,02;-0,02;-0,02;-0,02;-0,01;-0,01;-0,01;-0,01;0,0;0,0;0,0;0,0;-0,01;-0,01;-0,01;-0,01;0,0;0,0;-0,03;-0,03;-0,01;-0,01;-0,03;-0,03;-0,02;-0,02;-0,02;-0,02;-0,01;-0,01;-0,01;-0,01;-0,02;-0,02;-0,01;-0,01;-0,02;-0,02;-0,01;-0,01
26.08.2026;07:15;07:30;0,02;0,02;0,0;0,0;-0,21;-0,21;-0,2;-0,2;-0,01;-0,01;0,0;0,0;-0,04;-0,04;-0,01;-0,01;-0,02;-0,02;-0,01;-0,01;-0,01;-0,01;0,0;0,0;0,0;0,0;-0,35;-0,35;-0,11;-0,11;-0,01;-0,01;0,0;0,0;-0,01;-0,01;0,0;0,0;-0,02;-0,02;-0,01;-0,01;-0,02;-0,02;-0,01;-0,01;-0,02;-0,02;-0,02;-0,02;-0,02;-0,02;-0,02;-0,02;-0,02;-0,02
26.08.2026;07:30;07:45;0,04;0,04;0,0;0,0;-0,03;-0,03;-0,11;-0,11;0,0;0,0;-0,01;-0,01;-0,04;-0,04;-0,01;-0,01;-0,01;-0,01;-0,02;-0,02;0,0;0,0;-0,02;-0,02;0,0;0,0;-0,24;-0,24;-0,01;-0,01;-0,01;-0,01;-0,01;-0,01;0,0;0,0;-0,02;-0,02;-0,02;-0,02;-0,01;-0,01;-0,02;-0,02;-0,01;-0,01;-0,02;-0,02;-0,02;-0,02;-0,01;-0,01;-0,03;-0,03;0,0;0,0
26.08.2026;07:45;08:00;0,07;0,07;0,0;0,0;-0,22;-0,22;-0,07;-0,07;-0,01;-0,01;-0,02;-0,02;-0,14;-0,14;-0,01;-0,01;-0,03;-0,03;-0,01;-0,01;0,0;0,0;0,0;0,0;0,0;0,0;-0,24;-0,24;-0,01;-0,01;-0,01;-0,01;-0,01;-0,01;-0,02;-0,02;-0,02;-0,02;-0,02;-0,02;-0,01;-0,01;-0,01;-0,01;-0,01;-0,01;0,0;0,0;-0,02;-0,02;-0,01;-0,01;-0,05;-0,05;-0,01;-0,01
26.08.2026;08:00;08:15;0,06;0,06;0,0;0,0;-0,12;-0,12;-0,06;-0,06;0,0;0,0;-0,01;-0,01;-0,09;-0,09;-0,01;-0,01;-0,01;-0,01;0,0;0,0;-0,01;-0,01;-0,01;-0,01;0,0;0,0;-0,01;-0,01;-0,01;-0,01;-0,01;-0,01;-0,01;-0,01;-0,01;-0,01;-0,03;-0,03;-0,02;-0,02;-0,01;-0,01;-0,02;-0,02;-0,01;-0,01;-0,01;-0,01;-0,02;-0,02;0,0;0,0;-0,04;-0,04;0,0;0,0
26.08.2026;08:15;08:30;0,0;0,0;-0,01;-0,01;-0,02;-0,02;-0,06;-0,06;-0,01;-0,01;-0,01;-0,01;-0,07;-0,07;0,0;0,0;-0,02;-0,02;-0,01;-0,01;-0,01;-0,01;-0,01;-0,01;0,0;0,0;-0,04;-0,04;-0,01;-0,01;-0,01;-0,01;-0,01;-0,01;-0,01;-0,01;-0,02;-0,02;-0,02;-0,02;-0,01;-0,01;-0,01;-0,01;-0,01;-0,01;-0,01;-0,01;-0,01;-0,01;-0,02;-0,02;-0,05;-0,05;-0,01;-0,01
26.08.2026;08:30;08:45;0,0;0,0;0,0;0,0;-0,02;-0,02;-0,09;-0,09;-0,01;-0,01;-0,01;-0,01;-0,06;-0,06;-0,02;-0,02;-0,01;-0,01;0,0;0,0;-0,02;-0,02;0,0;0,0;0,0;0,0;-0,01;-0,01;-0,01;-0,01;-0,01;-0,01;0,0;0,0;-0,01;-0,01;-0,02;-0,02;-0,02;-0,02;-0,01;-0,01;-0,02;-0,02;-0,02;-0,02;-0,02;-0,02;-0,01;-0,01;-0,01;-0,01;-0,06;-0,06;-0,02;-0,02
26.08.2026;08:45;09:00;0,11;0,11;0,0;0,0;-0,02;-0,02;-0,11;-0,11;0,0;0,0;0,0;0,0;-0,03;-0,03;0,0;0,0;-0,02;-0,02;-0,01;-0,01;-0,01;-0,01;-0,04;-0,04;0,0;0,0;-0,01;-0,01;-0,01;-0,01;-0,02;-0,02;0,0;0,0;0,0;0,0;-0,04;-0,04;-0,02;-0,02;-0,01;-0,01;-0,03;-0,03;-0,12;-0,12;-0,01;-0,01;0,0;0,0;-0,03;-0,03;-0,08;-0,08;-0,02;-0,02
26.08.2026;09:00;09:15;0,39;0,11;0,0;0,0;-0,02;-0,01;-0,18;-0,11;-0,01;0,0;0,0;0,0;-0,04;-0,03;-0,01;0,0;-0,02;-0,01;-0,01;0,0;-0,01;0,0;-0,01;0,0;0,0;0,0;0,0;0,0;-0,01;0,0;0,0;0,0;-0,01;0,0;-0,02;-0,01;-0,02;-0,01;-0,02;-0,01;-0,01;0,0;-0,01;0,0;-0,04;-0,03;-0,01;0,0;-0,01;0,0;-0,01;0,0;-0,06;-0,05;-0,02;-0,01
26.08.2026;09:15;09:30;0,48;0,2;-0,01;0,0;-0,09;-0,08;-0,07;0,0;0,0;0,0;-0,02;-0,01;-0,05;-0,04;-0,01;0,0;-0,01;0,0;-0,02;-0,01;0,0;0,0;-0,01;0,0;0,0;0,0;-0,02;-0,01;-0,01;0,0;-0,01;0,0;-0,01;0,0;-0,01;0,0;-0,02;-0,01;-0,02;-0,01;-0,01;0,0;-0,01;0,0;-0,04;-0,03;0,0;0,0;0,0;0,0;-0,02;-0,01;-0,07;-0,06;-0,08;-0,07
26.08.2026;09:30;09:45;0,82;0,27;0,0;0,0;-0,27;-0,23;-0,06;0,0;-0,01;0,0;-0,01;0,0;-0,03;0,0;-0,01;0,0;-0,03;0,0;-0,02;0,0;0,0;0,0;-0,02;0,0;-0,01;0,0;-0,01;0,0;-0,01;0,0;-0,02;0,0;-0,01;0,0;-0,01;0,0;-0,03;0,0;-0,03;0,0;-0,01;0,0;-0,01;0,0;-0,04;0,0;-0,02;0,0;-0,02;0,0;-0,01;0,0;-0,06;-0,02;-0,05;-0,01
26.08.2026;09:45;10:00;1,15;0,58;0,0;0,0;-0,19;-0,07;-0,07;0,0;0,0;0,0;-0,02;0,0;-0,04;0,0;-0,01;0,0;-0,01;0,0;-0,02;0,0;-0,01;0,0;-0,01;0,0;0,0;0,0;-0,01;0,0;-0,02;0,0;0,0;0,0;0,0;0,0;-0,01;0,0;-0,02;0,0;-0,02;0,0;-0,01;0,0;-0,02;0,0;-0,04;0,0;-0,01;0,0;-0,01;0,0;-0,01;0,0;-0,03;0,0;-0,05;0,0
26.08.2026;10:00;10:15;2,03;1,51;0,0;0,0;-0,02;0,0;-0,14;0,0;-0,01;0,0;-0,01;0,0;-0,04;0,0;-0,01;0,0;-0,02;0,0;-0,02;0,0;-0,01;0,0;-0,01;0,0;0,0;0,0;0,0;0,0;-0,03;0,0;-0,02;0,0;-0,01;0,0;-0,01;0,0;-0,04;0,0;-0,02;0,0;0,0;0,0;-0,02;0,0;-0,05;0,0;-0,01;0,0;-0,01;0,0;0,0;0,0;0,0;0,0;-0,01;0,0
26.08.2026;10:15;10:30;1,24;0,72;0,0;0,0;-0,01;0,0;-0,07;0,0;0,0;0,0;0,0;0,0;-0,04;0,0;0,0;0,0;-0,03;0,0;0,0;0,0;-0,02;0,0;-0,05;0,0;0,0;0,0;-0,04;0,0;-0,04;0,0;-0,01;0,0;0,0;0,0;-0,01;0,0;-0,03;0,0;-0,02;0,0;-0,02;0,0;-0,02;0,0;-0,04;0,0;-0,01;0,0;-0,01;0,0;-0,02;0,0;-0,01;0,0;-0,02;0,0
26.08.2026;10:30;10:45;1,49;0,81;-0,01;0,0;-0,02;0,0;-0,07;0,0;-0,01;0,0;-0,01;0,0;-0,03;0,0;-0,01;0,0;-0,05;0,0;-0,01;0,0;-0,01;0,0;-0,06;0,0;0,0;0,0;-0,29;-0,14;-0,03;0,0;0,0;0,0;-0,02;0,0;-0,01;0,0;-0,02;0,0;-0,02;0,0;-0,01;0,0;-0,01;0,0;-0,05;0,0;-0,02;0,0;-0,01;0,0;-0,01;0,0;-0,02;0,0;-0,01;0,0
26.08.2026;10:45;11:00;1,97;1,41;0,0;0,0;-0,08;0,0;-0,07;0,0;-0,01;0,0;0,0;0,0;-0,04;0,0;-0,01;0,0;-0,03;0,0;0,0;0,0;-0,01;0,0;-0,07;0,0;0,0;0,0;-0,02;0,0;-0,03;0,0;-0,02;0,0;0,0;0,0;-0,01;0,0;-0,03;0,0;-0,02;0,0;0,0;0,0;-0,01;0,0;-0,04;0,0;-0,01;0,0;-0,01;0,0;0,0;0,0;-0,02;0,0;-0,02;0,0
26.08.2026;11:00;11:15;1,51;0,82;0,0;0,0;-0,01;0,0;-0,06;0,0;0,0;0,0;-0,01;0,0;-0,04;0,0;-0,01;0,0;-0,06;0,0;-0,01;0,0;0,0;0,0;-0,11;0,0;0,0;0,0;-0,02;0,0;-0,04;0,0;-0,01;0,0;-0,01;0,0;-0,01;0,0;-0,02;0,0;-0,02;0,0;-0,02;0,0;-0,02;0,0;-0,07;0,0;0,0;0,0;-0,09;0,0;-0,01;0,0;-0,03;0,0;-0,01;0,0
26.08.2026;11:15;11:30;1,62;0,96;0,0;0,0;0,0;0,0;-0,09;0,0;-0,01;0,0;-0,02;0,0;-0,03;0,0;-0,01;0,0;-0,05;0,0;-0,01;0,0;0,0;0,0;-0,02;0,0;0,0;0,0;-0,04;0,0;-0,03;0,0;0,0;0,0;0,0;0,0;-0,01;0,0;-0,03;0,0;-0,02;0,0;0,0;0,0;-0,02;0,0;-0,04;0,0;-0,02;0,0;-0,33;-0,16;-0,02;0,0;-0,01;0,0;-0,01;0,0
26.08.2026;11:30;11:45;1,97;1,23;-0,01;0,0;-0,01;0,0;-0,05;0,0;0,0;0,0;-0,01;0,0;-0,04;0,0;-0,01;0,0;-0,05;0,0;0,0;0,0;-0,01;0,0;-0,02;0,0;0,0;0,0;-0,02;0,0;-0,04;0,0;-0,02;0,0;-0,01;0,0;-0,01;0,0;-0,03;0,0;-0,07;0,0;-0,02;0,0;-0,02;0,0;-0,05;0,0;-0,01;0,0;-0,19;0,0;-0,01;0,0;-0,02;0,0;-0,01;0,0
26.08.2026;11:45;12:00;2,47;1,6;0,0;0,0;-0,01;0,0;-0,12;0,0;-0,01;0,0;-0,01;0,0;-0,04;0,0;0,0;0,0;-0,04;0,0;-0,02;0,0;-0,01;0,0;-0,02;0,0;0,0;0,0;-0,03;0,0;-0,05;0,0;-0,01;0,0;-0,01;0,0;-0,01;0,0;-0,02;0,0;-0,03;0,0;-0,01;0,0;-0,01;0,0;-0,03;0,0;-0,01;0,0;-0,6;-0,3;-0,01;0,0;-0,05;0,0;-0,01;0,0
26.08.2026;12:00;12:15;2,17;1,36;0,0;0,0;-0,02;0,0;-0,09;0,0;-0,01;0,0;-0,01;0,0;-0,03;0,0;-0,01;0,0;-0,02;0,0;-0,02;0,0;-0,02;0,0;-0,02;0,0;0,0;0,0;-0,04;0,0;-0,05;0,0;0,0;0,0;-0,01;0,0;-0,01;0,0;-0,04;0,0;-0,02;0,0;-0,01;0,0;-0,02;0,0;-0,05;0,0;-0,01;0,0;-0,46;-0,2;-0,01;0,0;-0,01;0,0;-0,02;0,0
26.08.2026;12:15;12:30;0,16;0,11;0,0;0,0;-0,01;-0,01;-0,09;-0,04;0,0;0,0;-0,09;-0,09;-0,04;-0,04;-0,01;-0,01;-0,01;-0,01;-0,02;-0,02;-0,01;-0,01;-0,03;-0,03;0,0;0,0;-0,03;-0,03;-0,04;-0,04;-0,02;-0,02;0,0;0,0;-0,01;-0,01;-0,02;-0,02;-0,03;-0,03;-0,03;-0,03;-0,01;-0,01;-0,03;-0,03;-0,01;-0,01;-0,38;-0,38;-0,01;-0,01;-0,01;-0,01;-0,01;-0,01
26.08.2026;12:30;12:45;2,7;1,87;0,0;0,0;-0,02;0,0;-0,06;0,0;-0,01;0,0;-0,18;0,0;-0,03;0,0;-0,01;0,0;-0,01;0,0;-0,02;0,0;-0,01;0,0;-0,04;0,0;0,0;0,0;-0,04;0,0;-0,05;0,0;-0,01;0,0;-0,01;0,0;-0,01;0,0;-0,02;0,0;-0,02;0,0;-0,01;0,0;-0,02;0,0;-0,04;0,0;-0,01;0,0;-0,18;0,0;-0,01;0,0;-0,01;0,0;0,0;0,0
26.08.2026;12:45;13:00;2,74;1,85;-0,01;0,0;-0,02;0,0;-0,08;0,0;0,0;0,0;-0,45;-0,1;-0,03;0,0;-0,01;0,0;-0,02;0,0;0,0;0,0;0,0;0,0;-0,06;0,0;0,0;0,0;-0,03;0,0;-0,04;0,0;-0,01;0,0;0,0;0,0;-0,01;0,0;-0,03;0,0;-0,02;0,0;-0,02;0,0;-0,03;0,0;-0,05;0,0;-0,01;0,0;-0,03;0,0;-0,01;0,0;-0,02;0,0;0,0;0,0
26.08.2026;13:00;13:15;2,21;1,7;0,0;0,0;-0,01;0,0;-0,1;0,0;-0,01;0,0;-0,04;0,0;-0,03;0,0;-0,01;0,0;-0,01;0,0;-0,01;0,0;0,0;0,0;-0,08;0,0;-0,01;0,0;-0,01;0,0;-0,02;0,0;-0,01;0,0;-0,01;0,0;-0,01;0,0;-0,02;0,0;-0,02;0,0;-0,02;0,0;-0,01;0,0;-0,03;0,0;-0,01;0,0;-0,02;0,0;-0,01;0,0;0,0;0,0;0,0;0,0
26.08.2026;13:15;13:30;1,93;1,41;0,0;0,0;-0,02;0,0;-0,06;0,0;-0,01;0,0;-0,05;0,0;-0,04;0,0;0,0;0,0;-0,03;0,0;-0,01;0,0;-0,01;0,0;-0,06;0,0;0,0;0,0;0,0;0,0;-0,01;0,0;0,0;0,0;-0,01;0,0;-0,01;0,0;-0,03;0,0;-0,03;0,0;-0,02;0,0;-0,01;0,0;-0,05;0,0;-0,02;0,0;-0,01;0,0;-0,01;0,0;-0,02;0,0;0,0;0,0
26.08.2026;13:30;13:45;1,44;0,85;0,0;0,0;-0,02;0,0;-0,16;0,0;0,0;0,0;-0,04;0,0;-0,02;0,0;-0,01;0,0;-0,01;0,0;0,0;0,0;-0,02;0,0;-0,06;0,0;0,0;0,0;-0,02;0,0;-0,02;0,0;-0,02;0,0;-0,01;0,0;-0,02;0,0;-0,02;0,0;-0,02;0,0;-0,01;0,0;-0,01;0,0;-0,04;0,0;-0,01;0,0;-0,01;0,0;-0,02;0,0;-0,01;0,0;-0,01;0,0
26.08.2026;13:45;14:00;1,52;0,73;-0,01;0,0;-0,02;0,0;-0,15;0,0;0,0;0,0;-0,04;0,0;-0,12;0,0;-0,01;0,0;-0,02;0,0;-0,01;0,0;-0,01;0,0;-0,01;0,0;0,0;0,0;-0,02;0,0;-0,01;0,0;-0,01;0,0;0,0;0,0;0,0;0,0;-0,03;0,0;-0,02;0,0;-0,02;0,0;-0,03;0,0;-0,07;0,0;-0,01;0,0;-0,01;0,0;-0,01;0,0;-0,27;-0,13;-0,01;0,0
26.08.2026;14:00;14:15;1,26;0,58;0,0;0,0;-0,01;0,0;-0,14;0,0;-0,01;0,0;-0,04;0,0;-0,04;0,0;0,0;0,0;-0,03;0,0;0,0;0,0;-0,01;0,0;-0,01;0,0;0,0;0,0;0,0;0,0;-0,01;0,0;-0,01;0,0;-0,04;0,0;-0,01;0,0;-0,03;0,0;-0,02;0,0;-0,01;0,0;-0,02;0,0;-0,07;0,0;-0,01;0,0;-0,01;0,0;-0,01;0,0;-0,32;-0,2;-0,02;0,0
26.08.2026;14:15;14:30;2,19;1,54;0,0;0,0;-0,02;0,0;-0,22;0,0;0,0;0,0;-0,05;0,0;-0,05;0,0;-0,02;0,0;-0,01;0,0;-0,02;0,0;-0,01;0,0;-0,01;0,0;0,0;0,0;-0,01;0,0;-0,01;0,0;-0,01;0,0;-0,01;0,0;-0,01;0,0;-0,02;0,0;-0,02;0,0;-0,01;0,0;-0,02;0,0;-0,04;0,0;-0,01;0,0;-0,02;0,0;-0,01;0,0;-0,03;0,0;-0,01;0,0
26.08.2026;14:30;14:45;2,6;2,09;0,0;0,0;-0,02;0,0;-0,09;0,0;-0,01;0,0;-0,05;0,0;-0,06;0,0;0,0;0,0;-0,02;0,0;-0,02;0,0;0,0;0,0;-0,01;0,0;0,0;0,0;-0,02;0,0;0,0;0,0;-0,01;0,0;-0,01;0,0;-0,01;0,0;-0,03;0,0;-0,02;0,0;-0,01;0,0;-0,01;0,0;-0,05;0,0;-0,01;0,0;-0,01;0,0;-0,01;0,0;-0,02;0,0;-0,01;0,0
26.08.2026;14:45;15:00;1,63;0,74;-0,01;0,0;-0,04;0,0;-0,27;0,0;-0,01;0,0;-0,05;0,0;-0,03;0,0;-0,01;0,0;0,0;0,0;-0,02;0,0;0,0;0,0;-0,01;0,0;0,0;0,0;-0,01;0,0;-0,01;0,0;-0,01;0,0;-0,01;0,0;-0,04;0,0;-0,02;0,0;-0,09;0,0;-0,01;0,0;-0,01;0,0;-0,05;0,0;-0,01;0,0;-0,01;0,0;-0,01;0,0;-0,18;-0,03;0,0;0,0
26.08.2026;15:00;15:15;1,01;0,25;0,0;0,0;-0,25;-0,18;-0,16;0,0;0,0;0,0;-0,03;0,0;-0,05;0,0;-0,01;0,0;-0,02;0,0;-0,02;0,0;-0,01;0,0;-0,01;0,0;0,0;0,0;0,0;0,0;-0,01;0,0;-0,01;0,0;0,0;0,0;-0,17;-0,1;-0,03;0,0;-0,08;-0,01;-0,01;0,0;-0,02;0,0;-0,05;0,0;-0,02;0,0;-0,01;0,0;-0,01;0,0;-0,09;-0,02;0,0;0,0
26.08.2026;15:15;15:30;1,12;0,5;0,0;0,0;-0,22;-0,14;-0,09;0,0;-0,01;0,0;-0,03;0,0;-0,03;0,0;-0,01;0,0;-0,02;0,0;0,0;0,0;-0,02;0,0;0,0;0,0;0,0;0,0;-0,01;0,0;-0,03;0,0;-0,01;0,0;-0,01;0,0;-0,37;-0,29;-0,03;0,0;-0,02;0,0;-0,02;0,0;-0,03;0,0;-0,05;0,0;-0,01;0,0;-0,01;0,0;0,0;0,0;-0,02;0,0;0,0;0,0
26.08.2026;15:30;15:45;1,99;1,0;0,0;0,0;-0,19;0,0;-0,11;0,0;-0,01;0,0;-0,03;0,0;-0,03;0,0;0,0;0,0;-0,01;0,0;-0,01;0,0;-0,01;0,0;-0,02;0,0;0,0;0,0;-0,02;0,0;-0,04;0,0;-0,01;0,0;-0,11;0,0;-0,2;0,0;-0,03;0,0;-0,03;0,0;-0,03;0,0;-0,01;0,0;-0,04;0,0;0,0;0,0;-0,01;0,0;-0,02;0,0;-0,01;0,0;-0,01;0,0
26.08.2026;15:45;16:00;1,19;0,4;0,0;0,0;-0,22;-0,13;-0,13;0,0;0,0;0,0;-0,03;0,0;-0,03;0,0;-0,01;0,0;-0,03;0,0;0,0;0,0;-0,01;0,0;-0,02;0,0;0,0;0,0;-0,01;0,0;-0,03;0,0;-0,01;0,0;-0,33;-0,24;-0,16;-0,07;-0,05;0,0;-0,02;0,0;-0,04;0,0;-0,01;0,0;-0,04;0,0;-0,02;0,0;0,0;0,0;-0,01;0,0;0,0;0,0;-0,02;0,0
26.08.2026;16:00;16:15;0,0;0,0;-0,01;-0,01;-0,01;-0,01;-0,12;-0,12;-0,01;-0,01;-0,03;-0,03;-0,04;-0,04;-0,01;-0,01;-0,04;-0,04;-0,01;-0,01;0,0;0,0;-0,09;-0,09;0,0;0,0;-0,01;-0,01;-0,04;-0,04;-0,01;-0,01;-0,03;-0,03;-0,29;-0,29;-0,2;-0,2;-0,02;-0,02;-0,04;-0,04;-0,02;-0,02;-0,05;-0,05;-0,01;-0,01;0,0;0,0;-0,02;-0,02;-0,02;-0,02;-0,01;-0,01
26.08.2026;16:15;16:30;0,06;0,06;0,0;0,0;-0,02;-0,02;-0,11;-0,11;0,0;0,0;-0,02;-0,02;-0,05;-0,05;-0,01;-0,01;-0,01;-0,01;0,0;0,0;-0,01;-0,01;-0,04;-0,04;-0,01;-0,01;-0,01;-0,01;-0,03;-0,03;-0,01;-0,01;-0,01;-0,01;-0,02;-0,02;-0,26;-0,26;-0,02;-0,02;-0,03;-0,03;-0,02;-0,02;-0,04;-0,04;-0,01;-0,01;-0,01;-0,01;0,0;0,0;-0,01;-0,01;-0,01;-0,01
26.08.2026;16:30;16:45;0,67;0,19;0,0;0,0;-0,07;-0,05;-0,2;-0,09;-0,01;0,0;-0,02;0,0;-0,05;-0,03;-0,01;0,0;-0,02;0,0;-0,02;0,0;0,0;0,0;-0,08;-0,06;0,0;0,0;-0,02;0,0;-0,05;-0,03;-0,01;0,0;-0,02;0,0;-0,01;0,0;-0,07;-0,05;-0,02;0,0;-0,04;-0,02;-0,04;-0,02;-0,04;-0,02;-0,01;0,0;-0,01;0,0;-0,01;0,0;-0,01;0,0;-0,01;0,0
26.08.2026;16:45;17:00;0,69;0,21;0,0;0,0;-0,02;0,0;-0,09;0,0;-0,01;0,0;-0,01;0,0;-0,06;-0,04;-0,01;0,0;-0,02;0,0;-0,02;0,0;-0,01;0,0;-0,08;-0,06;0,0;0,0;0,0;0,0;-0,04;-0,02;-0,01;0,0;-0,23;-0,21;-0,02;0,0;-0,02;0,0;-0,02;0,0;-0,04;-0,02;-0,04;-0,02;-0,05;-0,03;-0,02;0,0;-0,02;0,0;-0,02;0,0;-0,02;0,0;0,0;0,0
26.08.2026;17:00;17:15;0,74;0,22;-0,01;0,0;-0,01;0,0;-0,09;0,0;0,0;0,0;-0,02;0,0;-0,05;-0,02;-0,01;0,0;-0,01;0,0;-0,02;0,0;-0,02;0,0;-0,06;-0,03;0,0;0,0;-0,01;0,0;-0,03;0,0;-0,01;0,0;-0,01;0,0;-0,02;0,0;-0,04;-0,01;-0,03;0,0;-0,04;-0,01;-0,03;0,0;-0,04;-0,01;-0,01;0,0;-0,01;0,0;-0,02;0,0;0,0;0,0;0,0;0,0
26.08.2026;17:15;17:30;0,91;0,2;0,0;0,0;-0,09;-0,05;-0,13;0,0;-0,01;0,0;-0,03;0,0;-0,05;-0,01;-0,01;0,0;-0,06;-0,02;-0,02;0,0;-0,01;0,0;-0,08;-0,04;0,0;0,0;-0,06;-0,02;-0,04;0,0;-0,01;0,0;-0,01;0,0;-0,01;0,0;-0,02;0,0;-0,02;0,0;-0,04;0,0;-0,05;-0,01;-0,04;0,0;0,0;0,0;-0,01;0,0;-0,04;0,0;-0,02;0,0;0,0;0,0
26.08.2026;17:30;17:45;0,77;0,14;0,0;0,0;-0,02;0,0;-0,21;-0,1;0,0;0,0;-0,03;0,0;-0,07;-0,04;-0,01;0,0;-0,03;0,0;0,0;0,0;-0,01;0,0;-0,42;-0,39;0,0;0,0;-0,03;0,0;-0,06;-0,03;-0,22;-0,19;-0,01;0,0;-0,01;0,0;-0,03;0,0;-0,06;-0,03;-0,03;0,0;-0,04;-0,01;-0,04;-0,01;-0,08;-0,05;-0,01;0,0;-0,02;0,0;-0,01;0,0;-0,05;-0,02
26.08.2026;17:45;18:00;0,74;0,13;0,0;0,0;-0,02;0,0;-0,12;-0,01;-0,01;0,0;-0,03;0,0;-0,06;-0,03;0,0;0,0;-0,01;0,0;-0,01;0,0;0,0;0,0;-0,35;-0,32;0,0;0,0;-0,03;0,0;-0,08;-0,05;-0,18;-0,15;0,0;0,0;0,0;0,0;-0,02;0,0;-0,06;-0,03;-0,04;-0,01;-0,03;0,0;-0,04;-0,01;-0,03;0,0;-0,01;0,0;-0,03;0,0;-0,04;-0,01;-0,35;-0,32
26.08.2026;18:00;18:15;0,73;0,21;0,0;0,0;-0,01;0,0;-0,26;-0,13;0,0;0,0;-0,02;0,0;-0,07;-0,05;-0,01;0,0;-0,02;0,0;-0,01;0,0;-0,01;0,0;-0,3;-0,28;0,0;0,0;-0,03;-0,01;-0,05;-0,03;-0,06;-0,04;-0,01;0,0;-0,02;0,0;-0,03;-0,01;-0,21;-0,19;-0,04;-0,02;-0,04;-0,02;-0,04;-0,02;-0,01;0,0;-0,01;0,0;-0,02;0,0;-0,09;-0,07;-0,24;-0,22
26.08.2026;18:15;18:30;0,69;0,21;-0,01;0,0;-0,14;-0,12;-0,12;0,0;-0,01;0,0;-0,03;-0,01;-0,2;-0,18;-0,01;0,0;-0,05;-0,03;-0,01;0,0;0,0;0,0;-0,02;0,0;0,0;0,0;-0,03;-0,01;-0,04;-0,02;-0,06;-0,04;0,0;0,0;-0,01;0,0;-0,03;-0,01;-0,05;-0,03;-0,03;-0,01;-0,02;0,0;-0,04;-0,02;0,0;0,0;-0,01;0,0;-0,01;0,0;-0,01;0,0;-0,05;-0,03
26.08.2026;18:30;18:45;0,9;0,22;0,0;0,0;-0,02;0,0;-0,14;0,0;0,0;0,0;-0,02;0,0;-0,05;-0,02;-0,01;0,0;-0,06;-0,03;0,0;0,0;-0,02;0,0;-0,03;0,0;0,0;0,0;-0,03;0,0;-0,04;-0,01;-0,07;-0,04;-0,02;0,0;-0,04;-0,01;-0,02;0,0;-0,05;-0,02;-0,04;-0,01;-0,03;0,0;-0,06;-0,03;-0,02;0,0;-0,01;0,0;-0,01;0,0;-0,03;0,0;-0,03;0,0
26.08.2026;18:45;19:00;0,36;0,11;0,0;0,0;-0,03;-0,02;-0,08;-0,05;-0,01;0,0;-0,02;-0,01;-0,06;-0,05;0,0;0,0;-0,1;-0,09;-0,02;-0,01;-0,01;0,0;-0,03;-0,02;0,0;0,0;-0,02;-0,01;-0,1;-0,09;-0,04;-0,03;0,0;0,0;-0,14;-0,13;-0,04;-0,03;-0,05;-0,04;-0,04;-0,03;-0,04;-0,03;-0,08;-0,07;-0,01;0,0;-0,01;0,0;-0,01;0,0;-0,05;-0,04;-0,04;-0,03
26.08.2026;19:00;19:15;0,14;0,11;0,0;0,0;-0,03;-0,03;-0,12;-0,09;-0,01;-0,01;-0,02;-0,02;-0,06;-0,06;-0,01;-0,01;-0,4;-0,4;-0,02;-0,02;-0,01;-0,01;-0,05;-0,05;0,0;0,0;-0,03;-0,03;-0,05;-0,05;-0,04;-0,04;-0,01;-0,01;-0,14;-0,14;-0,02;-0,02;-0,03;-0,03;-0,02;-0,02;-0,05;-0,05;-0,07;-0,07;-0,01;-0,01;-0,01;-0,01;-0,01;-0,01;-0,04;-0,04;-0,03;-0,03
26.08.2026;19:15;19:30;0,03;0,03;-0,01;-0,01;-0,02;-0,02;-0,1;-0,1;0,0;0,0;-0,03;-0,03;-0,05;-0,05;-0,01;-0,01;-0,36;-0,36;-0,02;-0,02;-0,01;-0,01;-0,08;-0,08;0,0;0,0;-0,03;-0,03;-0,03;-0,03;-0,05;-0,05;0,0;0,0;-0,17;-0,17;-0,03;-0,03;-0,02;-0,02;-0,03;-0,03;-0,12;-0,12;-0,08;-0,08;0,0;0,0;-0,28;-0,28;-0,01;-0,01;-0,04;-0,04;-0,03;-0,03
26.08.2026;19:30;19:45;0,0;0,0;0,0;0,0;-0,06;-0,06;-0,08;-0,08;-0,01;-0,01;-0,03;-0,03;-0,06;-0,06;-0,01;-0,01;-0,19;-0,19;-0,04;-0,04;0,0;0,0;-0,07;-0,07;-0,01;-0,01;-0,05;-0,05;-0,03;-0,03;-0,03;-0,03;0,0;0,0;-0,17;-0,17;-0,02;-0,02;-0,02;-0,02;-0,02;-0,02;-0,41;-0,41;-0,08;-0,08;-0,02;-0,02;-0,03;-0,03;-0,02;-0,02;-0,05;-0,05;-0,02;-0,02
26.08.2026;19:45;20:00;0,0;0,0;0,0;0,0;-0,1;-0,1;-0,09;-0,09;0,0;0,0;-0,03;-0,03;-0,06;-0,06;-0,01;-0,01;-0,17;-0,17;-0,04;-0,04;-0,01;-0,01;-0,03;-0,03;0,0;0,0;-0,03;-0,03;-0,03;-0,03;-0,05;-0,05;-0,02;-0,02;-0,2;-0,2;-0,03;-0,03;-0,03;-0,03;-0,03;-0,03;-0,09;-0,09;-0,07;-0,07;-0,01;-0,01;-0,02;-0,02;-0,01;-0,01;-0,04;-0,04;-0,03;-0,03
26.08.2026;20:00;20:15;0,0;0,0;0,0;0,0;-0,03;-0,03;-0,14;-0,14;-0,01;-0,01;-0,03;-0,03;-0,05;-0,05;-0,01;-0,01;-0,3;-0,3;-0,04;-0,04;0,0;0,0;-0,06;-0,06;0,0;0,0;-0,03;-0,03;-0,03;-0,03;-0,05;-0,05;-0,07;-0,07;-0,09;-0,09;-0,03;-0,03;-0,02;-0,02;-0,03;-0,03;-0,03;-0,03;-0,08;-0,08;-0,02;-0,02;-0,01;-0,01;-0,01;-0,01;-0,04;-0,04;-0,03;-0,03
26.08.2026;20:15;20:30;0,0;0,0;0,0;0,0;-0,04;-0,04;-0,12;-0,12;-0,01;-0,01;-0,03;-0,03;-0,08;-0,08;0,0;0,0;-0,46;-0,46;-0,04;-0,04;-0,02;-0,02;-0,03;-0,03;0,0;0,0;-0,04;-0,04;-0,03;-0,03;-0,05;-0,05;-0,01;-0,01;-0,09;-0,09;-0,02;-0,02;-0,02;-0,02;-0,02;-0,02;-0,05;-0,05;-0,07;-0,07;-0,04;-0,04;-0,01;-0,01;-0,01;-0,01;-0,04;-0,04;-0,04;-0,04
26.08.2026;20:30;20:45;0,0;0,0;-0,01;-0,01;-0,04;-0,04;-0,09;-0,09;0,0;0,0;-0,03;-0,03;-0,08;-0,08;-0,01;-0,01;-0,18;-0,18;-0,04;-0,04;-0,01;-0,01;-0,03;-0,03;0,0;0,0;-0,02;-0,02;-0,02;-0,02;-0,05;-0,05;0,0;0,0;-0,44;-0,44;-0,03;-0,03;-0,05;-0,05;-0,03;-0,03;-0,05;-0,05;-0,02;-0,02;-0,26;-0,26;-0,01;-0,01;-0,01;-0,01;-0,04;-0,04;-0,03;-0,03
26.08.2026;20:45;21:00;0,0;0,0;0,0;0,0;-0,04;-0,04;-0,07;-0,07;-0,01;-0,01;-0,02;-0,02;-0,08;-0,08;-0,01;-0,01;-0,33;-0,33;-0,04;-0,04;-0,01;-0,01;-0,01;-0,01;0,0;0,0;-0,03;-0,03;-0,04;-0,04;-0,05;-0,05;-0,01;-0,01;-0,43;-0,43;-0,02;-0,02;-0,05;-0,05;-0,03;-0,03;-0,04;-0,04;-0,02;-0,02;-0,03;-0,03;-0,02;-0,02;-0,01;-0,01;-0,04;-0,04;-0,05;-0,05
26.08.2026;21:00;21:15;0,0;0,0;0,0;0,0;-0,09;-0,09;-0,09;-0,09;0,0;0,0;-0,02;-0,02;-0,07;-0,07;-0,01;-0,01;-0,05;-0,05;-0,02;-0,02;-0,01;-0,01;-0,04;-0,04;0,0;0,0;-0,03;-0,03;-0,03;-0,03;-0,05;-0,05;-0,01;-0,01;-0,16;-0,16;-0,03;-0,03;-0,05;-0,05;-0,03;-0,03;-0,06;-0,06;-0,01;-0,01;-0,04;-0,04;-0,01;-0,01;-0,01;-0,01;-0,03;-0,03;-0,04;-0,04
26.08.2026;21:15;21:30;0,0;0,0;0,0;0,0;-0,06;-0,06;-0,09;-0,09;-0,01;-0,01;-0,03;-0,03;-0,08;-0,08;0,0;0,0;-0,05;-0,05;-0,03;-0,03;0,0;0,0;-0,02;-0,02;0,0;0,0;-0,02;-0,02;-0,03;-0,03;-0,04;-0,04;-0,01;-0,01;-0,08;-0,08;-0,02;-0,02;-0,04;-0,04;-0,02;-0,02;-0,04;-0,04;-0,02;-0,02;-0,05;-0,05;-0,02;-0,02;-0,03;-0,03;-0,04;-0,04;-0,03;-0,03
26.08.2026;21:30;21:45;0,0;0,0;-0,01;-0,01;-0,05;-0,05;-0,07;-0,07;-0,01;-0,01;-0,03;-0,03;-0,07;-0,07;-0,01;-0,01;-0,27;-0,27;-0,03;-0,03;-0,01;-0,01;-0,02;-0,02;0,0;0,0;-0,02;-0,02;-0,04;-0,04;-0,03;-0,03;0,0;0,0;-0,09;-0,09;-0,02;-0,02;-0,04;-0,04;0,0;0,0;-0,02;-0,02;-0,01;-0,01;-0,05;-0,05;-0,01;-0,01;-0,03;-0,03;-0,04;-0,04;-0,03;-0,03
26.08.2026;21:45;22:00;0,0;0,0;0,0;0,0;-0,04;-0,04;-0,09;-0,09;0,0;0,0;-0,03;-0,03;-0,05;-0,05;-0,01;-0,01;-0,17;-0,17;-0,04;-0,04;0,0;0,0;-0,01;-0,01;0,0;0,0;-0,01;-0,01;-0,05;-0,05;-0,03;-0,03;-0,01;-0,01;-0,08;-0,08;-0,04;-0,04;-0,04;-0,04;-0,01;-0,01;-0,02;-0,02;-0,01;-0,01;-0,05;-0,05;-0,01;-0,01;-0,15;-0,15;-0,04;-0,04;-0,03;-0,03
26.08.2026;22:00;22:15;0,0;0,0;0,0;0,0;-0,04;-0,04;-0,08;-0,08;-0,01;-0,01;-0,02;-0,02;-0,04;-0,04;-0,01;-0,01;-0,03;-0,03;-0,03;-0,03;-0,02;-0,02;0,0;0,0;0,0;0,0;-0,01;-0,01;-0,04;-0,04;-0,04;-0,04;-0,01;-0,01;-0,07;-0,07;-0,01;-0,01;-0,04;-0,04;-0,01;-0,01;-0,02;-0,02;-0,01;-0,01;-0,04;-0,04;-0,02;-0,02;-0,18;-0,18;-0,02;-0,02;-0,03;-0,03
26.08.2026;22:15;22:30;0,0;0,0;0,0;0,0;-0,05;-0,05;-0,06;-0,06;0,0;0,0;-0,03;-0,03;-0,04;-0,04;0,0;0,0;-0,02;-0,02;-0,01;-0,01;-0,01;-0,01;-0,02;-0,02;0,0;0,0;-0,01;-0,01;-0,09;-0,09;-0,03;-0,03;-0,02;-0,02;-0,08;-0,08;-0,01;-0,01;-0,03;-0,03;-0,01;-0,01;-0,02;-0,02;-0,01;-0,01;-0,14;-0,14;0,0;0,0;-0,21;-0,21;-0,01;-0,01;-0,03;-0,03
26.08.2026;22:30;22:45;0,0;0,0;0,0;0,0;-0,02;-0,02;-0,08;-0,08;0,0;0,0;-0,03;-0,03;-0,04;-0,04;-0,02;-0,02;-0,01;-0,01;-0,01;-0,01;-0,01;-0,01;-0,01;-0,01;0,0;0,0;-0,01;-0,01;-0,05;-0,05;-0,04;-0,04;-0,02;-0,02;-0,08;-0,08;-0,02;-0,02;-0,03;-0,03;-0,01;-0,01;-0,03;-0,03;-0,01;-0,01;-0,03;-0,03;0,0;0,0;-0,22;-0,22;-0,01;-0,01;-0,04;-0,04
26.08.2026;22:45;23:00;0,0;0,0;-0,01;-0,01;-0,02;-0,02;-0,09;-0,09;-0,01;-0,01;-0,03;-0,03;-0,04;-0,04;0,0;0,0;-0,03;-0,03;-0,01;-0,01;-0,01;-0,01;-0,01;-0,01;0,0;0,0;-0,02;-0,02;-0,04;-0,04;-0,03;-0,03;0,0;0,0;-0,09;-0,09;0,0;0,0;-0,02;-0,02;-0,01;-0,01;-0,02;-0,02;-0,01;-0,01;-0,05;-0,05;-0,01;-0,01;-0,05;-0,05;-0,01;-0,01;-0,03;-0,03
26.08.2026;23:00;23:15;0,0;0,0;0,0;0,0;-0,01;-0,01;-0,07;-0,07;-0,01;-0,01;-0,02;-0,02;-0,03;-0,03;-0,01;-0,01;-0,01;-0,01;-0,03;-0,03;0,0;0,0;-0,01;-0,01;0,0;0,0;0,0;0,0;-0,05;-0,05;-0,03;-0,03;-0,01;-0,01;-0,09;-0,09;-0,02;-0,02;-0,02;-0,02;-0,01;-0,01;-0,01;-0,01;0,0;0,0;-0,04;-0,04;-0,01;-0,01;-0,05;-0,05;-0,01;-0,01;-0,04;-0,04
26.08.2026;23:15;23:30;0,0;0,0;0,0;0,0;-0,01;-0,01;-0,1;-0,1;0,0;0,0;-0,02;-0,02;-0,04;-0,04;-0,01;-0,01;-0,02;-0,02;-0,02;-0,02;-0,01;-0,01;0,0;0,0;0,0;0,0;-0,01;-0,01;-0,07;-0,07;-0,02;-0,02;0,0;0,0;-0,07;-0,07;-0,01;-0,01;-0,02;-0,02;-0,01;-0,01;-0,01;-0,01;-0,02;-0,02;-0,04;-0,04;-0,01;-0,01;-0,08;-0,08;-0,01;-0,01;-0,02;-0,02
26.08.2026;23:30;23:45;0,0;0,0;0,0;0,0;-0,01;-0,01;-0,06;-0,06;-0,01;-0,01;-0,02;-0,02;-0,04;-0,04;-0,01;-0,01;-0,02;-0,02;-0,02;-0,02;0,0;0,0;-0,02;-0,02;0,0;0,0;-0,02;-0,02;-0,06;-0,06;-0,01;-0,01;-0,01;-0,01;-0,07;-0,07;0,0;0,0;-0,02;-0,02;-0,01;-0,01;-0,02;-0,02;-0,01;-0,01;-0,04;-0,04;-0,01;-0,01;-0,34;-0,34;-0,01;-0,01;-0,02;-0,02
26.08.2026;23:45;00:00;0,0;0,0;-0,01;-0,01;-0,02;-0,02;-0,09;-0,09;0,0;0,0;-0,04;-0,04;-0,03;-0,03;0,0;0,0;-0,01;-0,01;-0,02;-0,02;-0,02;-0,02;0,0;0,0;-0,01;-0,01;-0,01;-0,01;-0,01;-0,01;-0,01;-0,01;-0,01;-0,01;-0,09;-0,09;-0,02;-0,02;-0,02;-0,02;-0,01;-0,01;-0,02;-0,02;0,0;0,0;-0,03;-0,03;-0,02;-0,02;-0,05;-0,05;-0,01;-0,01;-0,02;-0,02
27.08.2026;00:00;00:15;0,0;0,0;0,0;0,0;-0,01;-0,01;-0,05;-0,05;-0,01;-0,01;-0,03;-0,03;-0,04;-0,04;-0,01;-0,01;-0,02;-0,02;-0,02;-0,02;-0,01;-0,01;-0,01;-0,01;0,0;0,0;-0,01;-0,01;-0,02;-0,02;-0,02;-0,02;-0,01;-0,01;-0,08;-0,08;0,0;0,0;-0,03;-0,03;-0,01;-0,01;-0,03;-0,03;-0,02;-0,02;-0,04;-0,04;-0,01;-0,01;-0,01;-0,01;-0,02;-0,02;0,0;0,0
27.08.2026;00:15;00:30;0,0;0,0;0,0;0,0;-0,01;-0,01;-0,06;-0,06;-0,01;-0,01;-0,03;-0,03;-0,04;-0,04;-0,04;-0,04;-0,02;-0,02;-0,02;-0,02;-0,01;-0,01;-0,01;-0,01;0,0;0,0;-0,01;-0,01;0,0;0,0;-0,01;-0,01;0,0;0,0;-0,08;-0,08;-0,02;-0,02;-0,02;-0,02;-0,01;-0,01;-0,01;-0,01;0,0;0,0;-0,04;-0,04;-0,02;-0,02;-0,02;-0,02;0,0;0,0;0,0;0,0
27.08.2026;00:30;00:45;0,0;0,0;0,0;0,0;-0,01;-0,01;-0,08;-0,08;0,0;0,0;-0,02;-0,02;-0,03;-0,03;-0,05;-0,05;-0,01;-0,01;-0,01;-0,01;-0,01;-0,01;0,0;0,0;0,0;0,0;-0,02;-0,02;-0,01;-0,01;-0,01;-0,01;-0,01;-0,01;-0,06;-0,06;-0,01;-0,01;-0,02;-0,02;-0,01;-0,01;-0,01;-0,01;-0,01;-0,01;-0,04;-0,04;-0,01;-0,01;-0,01;-0,01;-0,01;-0,01;0,0;0,0
27.08.2026;00:45;01:00;0,0;0,0;-0,01;-0,01;0,0;0,0;-0,09;-0,09;-0,01;-0,01;-0,02;-0,02;-0,04;-0,04;-0,02;-0,02;-0,02;-0,02;0,0;0,0;0,0;0,0;-0,02;-0,02;0,0;0,0;-0,01;-0,01;-0,01;-0,01;-0,01;-0,01;-0,01;-0,01;-0,03;-0,03;0,0;0,0;-0,02;-0,02;-0,01;-0,01;-0,02;-0,02;-0,02;-0,02;-0,03;-0,03;-0,02;-0,02;-0,01;-0,01;-0,02;-0,02;0,0;0,0
27.08.2026;01:00;01:15;0,0;0,0;0,0;0,0;-0,01;-0,01;-0,06;-0,06;0,0;0,0;-0,02;-0,02;-0,03;-0,03;-0,02;-0,02;-0,02;-0,02;-0,01;-0,01;0,0;0,0;0,0;0,0;0,0;0,0;0,0;0,0;-0,01;-0,01;-0,01;-0,01;-0,01;-0,01;-0,03;-0,03;-0,02;-0,02;-0,02;-0,02;-0,01;-0,01;-0,02;-0,02;-0,01;-0,01;-0,01;-0,01;-0,02;-0,02;-0,02;-0,02;0,0;0,0;-0,01;-0,01
27.08.2026;01:15;01:30;0,0;0,0;0,0;0,0;-0,02;-0,02;-0,07;-0,07;-0,01;-0,01;-0,03;-0,03;-0,04;-0,04;-0,02;-0,02;-0,01;-0,01;-0,01;-0,01;-0,01;-0,01;-0,01;-0,01;0,0;0,0;-0,01;-0,01;-0,01;-0,01;-0,01;-0,01;0,0;0,0;-0,03;-0,03;-0,01;-0,01;-0,02;-0,02;-0,01;-0,01;-0,02;-0,02;-0,03;-0,03;0,0;0,0;-0,02;-0,02;-0,02;-0,02;-0,02;-0,02;-0,02;-0,02
27.08.2026;01:30;01:45;0,0;0,0;0,0;0,0;-0,01;-0,01;-0,08;-0,08;-0,01;-0,01;-0,03;-0,03;-0,04;-0,04;-0,01;-0,01;-0,03;-0,03;0,0;0,0;-0,02;-0,02;-0,01;-0,01;0,0;0,0;-0,03;-0,03;-0,01;-0,01;-0,02;-0,02;-0,01;-0,01;-0,02;-0,02;-0,01;-0,01;-0,02;-0,02;-0,01;-0,01;-0,02;-0,02;-0,01;-0,01;-0,02;-0,02;-0,02;-0,02;-0,01;-0,01;0,0;0,0;-0,03;-0,03
27.08.2026;01:45;02:00;0,0;0,0;0,0;0,0;-0,01;-0,01;-0,06;-0,06;0,0;0,0;-0,03;-0,03;-0,06;-0,06;-0,01;-0,01;-0,01;-0,01;-0,01;-0,01;-0,01;-0,01;-0,01;-0,01;0,0;0,0;0,0;0,0;-0,01;-0,01;0,0;0,0;0,0;0,0;-0,01;-0,01;-0,01;-0,01;-0,02;-0,02;-0,01;-0,01;-0,02;-0,02;-0,02;-0,02;-0,01;-0,01;-0,02;-0,02;-0,01;-0,01;-0,01;-0,01;-0,02;-0,02
27.08.2026;02:00;02:15;0,0;0,0;-0,01;-0,01;-0,01;-0,01;-0,06;-0,06;-0,01;-0,01;-0,02;-0,02;-0,03;-0,03;-0,01;-0,01;-0,02;-0,02;-0,02;-0,02;-0,02;-0,02;-0,01;-0,01;0,0;0,0;-0,01;-0,01;-0,01;-0,01;-0,01;-0,01;-0,01;-0,01;-0,01;-0,01;-0,01;-0,01;-0,03;-0,03;-0,01;-0,01;-0,01;-0,01;-0,01;-0,01;-0,02;-0,02;-0,02;-0,02;-0,01;-0,01;-0,02;-0,02;-0,02;-0,02
27.08.2026;02:15;02:30;0,0;0,0;0,0;0,0;0,0;0,0;-0,05;-0,05;-0,01;-0,01;-0,02;-0,02;-0,04;-0,04;-0,01;-0,01;-0,02;-0,02;-0,02;-0,02;0,0;0,0;-0,01;-0,01;0,0;0,0;-0,01;-0,01;-0,01;-0,01;-0,02;-0,02;-0,01;-0,01;-0,01;-0,01;-0,02;-0,02;-0,02;-0,02;-0,01;-0,01;-0,01;-0,01;-0,02;-0,02;-0,01;-0,01;-0,02;-0,02;-0,01;-0,01;0,0;0,0;-0,01;-0,01
27.08.2026;02:30;02:45;0,0;0,0;0,0;0,0;-0,01;-0,01;-0,06;-0,06;0,0;0,0;-0,02;-0,02;-0,04;-0,04;-0,01;-0,01;-0,01;-0,01;-0,02;-0,02;0,0;0,0;0,0;0,0;0,0;0,0;-0,02;-0,02;-0,01;-0,01;0,0;0,0;-0,01;-0,01;-0,02;-0,02;0,0;0,0;-0,02;-0,02;-0,01;-0,01;-0,02;-0,02;-0,01;-0,01;-0,01;-0,01;-0,02;-0,02;-0,01;-0,01;-0,01;-0,01;-0,02;-0,02
27.08.2026;02:45;03:00;0,0;0,0;0,0;0,0;-0,01;-0,01;-0,06;-0,06;0,0;0,0;-0,02;-0,02;-0,04;-0,04;0,0;0,0;-0,02;-0,02;-0,02;-0,02;0,0;0,0;-0,02;-0,02;0,0;0,0;-0,01;-0,01;-0,01;-0,01;-0,02;-0,02;0,0;0,0;-0,01;-0,01;-0,01;-0,01;-0,02;-0,02;-0,01;-0,01;-0,03;-0,03;-0,01;-0,01;0,0;0,0;-0,01;-0,01;-0,01;-0,01;-0,02;-0,02;-0,01;-0,01
27.08.2026;03:00;03:15;0,0;0,0;-0,01;-0,01;-0,01;-0,01;-0,05;-0,05;-0,01;-0,01;-0,02;-0,02;-0,04;-0,04;-0,01;-0,01;-0,02;-0,02;-0,02;-0,02;-0,02;-0,02;0,0;0,0;0,0;0,0;0,0;0,0;-0,01;-0,01;-0,01;-0,01;-0,01;-0,01;-0,01;-0,01;-0,01;-0,01;-0,02;-0,02;-0,01;-0,01;-0,02;-0,02;-0,01;-0,01;-0,02;-0,02;-0,02;-0,02;-0,01;-0,01;0,0;0,0;-0,02;-0,02
27.08.2026;03:15;03:30;0,0;0,0;0,0;0,0;-0,02;-0,02;-0,06;-0,06;0,0;0,0;-0,02;-0,02;-0,04;-0,04;-0,01;-0,01;-0,01;-0,01;-0,01;-0,01;-0,01;-0,01;-0,01;-0,01;-0,01;-0,01;-0,02;-0,02;-0,01;-0,01;0,0;0,0;0,0;0,0;0,0;0,0;-0,01;-0,01;-0,03;-0,03;0,0;0,0;-0,01;-0,01;-0,01;-0,01;-0,01;-0,01;-0,02;-0,02;-0,01;-0,01;-0,02;-0,02;-0,01;-0,01
27.08.2026;03:30;03:45;0,0;0,0;0,0;0,0;0,0;0,0;-0,05;-0,05;-0,01;-0,01;-0,03;-0,03;-0,03;-0,03;-0,01;-0,01;-0,02;-0,02;-0,01;-0,01;-0,01;-0,01;-0,01;-0,01;0,0;0,0;-0,01;-0,01;-0,01;-0,01;-0,02;-0,02;-0,01;-0,01;-0,02;-0,02;-0,02;-0,02;-0,02;-0,02;-0,02;-0,02;-0,01;-0,01;-0,01;-0,01;-0,02;-0,02;-0,02;-0,02;-0,02;-0,02;0,0;0,0;0,0;0,0
27.08.2026;03:45;04:00;0,0;0,0;0,0;0,0;-0,01;-0,01;-0,06;-0,06;-0,01;-0,01;-0,03;-0,03;-0,04;-0,04;-0,01;-0,01;-0,02;-0,02;0,0;0,0;-0,02;-0,02;-0,01;-0,01;0,0;0,0;-0,01;-0,01;-0,01;-0,01;-0,01;-0,01;-0,01;-0,01;-0,01;-0,01;0,0;0,0;-0,03;-0,03;-0,01;-0,01;-0,02;-0,02;-0,01;-0,01;-0,01;-0,01;-0,02;-0,02;-0,01;-0,01;-0,01;-0,01;0,0;0,0
27.08.2026;04:00;04:15;0,0;0,0;0,0;0,0;0,0;0,0;-0,06;-0,06;0,0;0,0;-0,02;-0,02;-0,04;-0,04;-0,01;-0,01;-0,01;-0,01;-0,01;-0,01;0,0;0,0;-0,01;-0,01;0,0;0,0;0,0;0,0;-0,01;-0,01;-0,01;-0,01;-0,01;-0,01;-0,01;-0,01;-0,01;-0,01;-0,02;-0,02;-0,01;-0,01;-0,02;-0,02;-0,01;-0,01;0,0;0,0;-0,02;-0,02;0,0;0,0;-0,02;-0,02;0,0;0,0
27.08.2026;04:15;04:30;0,0;0,0;-0,01;-0,01;-0,01;-0,01;-0,06;-0,06;-0,01;-0,01;-0,02;-0,02;-0,04;-0,04;0,0;0,0;-0,03;-0,03;-0,01;-0,01;0,0;0,0;-0,01;-0,01;0,0;0,0;-0,02;-0,02;0,0;0,0;-0,01;-0,01;0,0;0,0;-0,02;-0,02;-0,02;-0,02;-0,02;-0,02;-0,01;-0,01;-0,09;-0,09;-0,01;-0,01;-0,01;-0,01;-0,01;-0,01;-0,01;-0,01;0,0;0,0;-0,01;-0,01
27.08.2026;04:30;04:45;0,0;0,0;0,0;0,0;-0,02;-0,02;-0,06;-0,06;0,0;0,0;-0,02;-0,02;-0,03;-0,03;-0,01;-0,01;-0,01;-0,01;0,0;0,0;0,0;0,0;0,0;0,0;0,0;0,0;-0,01;-0,01;-0,01;-0,01;-0,01;-0,01;-0,01;-0,01;0,0;0,0;0,0;0,0;-0,02;-0,02;0,0;0,0;-0,03;-0,03;-0,01;-0,01;-0,02;-0,02;-0,02;-0,02;-0,01;-0,01;-0,01;-0,01;-0,01;-0,01
27.08.2026;04:45;05:00;0,0;0,0;0,0;0,0;-0,01;-0,01;-0,07;-0,07;-0,01;-0,01;-0,02;-0,02;-0,04;-0,04;-0,01;-0,01;-0,02;-0,02;-0,01;-0,01;-0,02;-0,02;-0,02;-0,02;0,0;0,0;-0,01;-0,01;-0,01;-0,01;-0,01;-0,01;0,0;0,0;-0,01;-0,01;-0,02;-0,02;-0,02;-0,02;-0,02;-0,02;-0,01;-0,01;-0,01;-0,01;-0,01;-0,01;-0,02;-0,02;-0,01;-0,01;-0,01;-0,01;-0,01;-0,01
27.08.2026;05:00;05:15;0,0;0,0;0,0;0,0;-0,01;-0,01;-0,06;-0,06;-0,01;-0,01;-0,03;-0,03;-0,03;-0,03;-0,01;-0,01;-0,02;-0,02;-0,01;-0,01;-0,01;-0,01;0,0;0,0;0,0;0,0;0,0;0,0;-0,02;-0,02;-0,01;-0,01;-0,01;-0,01;-0,01;-0,01;-0,01;-0,01;-0,03;-0,03;-0,01;-0,01;-0,01;-0,01;-0,01;-0,01;-0,01;-0,01;0,0;0,0;-0,01;-0,01;-0,01;-0,01;-0,01;-0,01
27.08.2026;05:15;05:30;0,0;0,0;-0,01;-0,01;-0,01;-0,01;-0,06;-0,06;0,0;0,0;-0,03;-0,03;-0,04;-0,04;0,0;0,0;-0,01;-0,01;-0,02;-0,02;-0,01;-0,01;-0,01;-0,01;0,0;0,0;-0,02;-0,02;-0,04;-0,04;-0,01;-0,01;-0,02;-0,02;-0,02;-0,02;0,0;0,0;-0,02;-0,02;0,0;0,0;-0,01;-0,01;0,0;0,0;-0,01;-0,01;0,0;0,0;-0,02;-0,02;-0,03;-0,03;-0,02;-0,02
27.08.2026;05:30;05:45;0,0;0,0;0,0;0,0;0,0;0,0;-0,23;-0,23;-0,01;-0,01;-0,03;-0,03;-0,03;-0,03;-0,02;-0,02;-0,02;-0,02;-0,02;-0,02;-0,01;-0,01;-0,01;-0,01;0,0;0,0;-0,04;-0,04;-0,01;-0,01;-0,02;-0,02;0,0;0,0;-0,01;-0,01;-0,02;-0,02;-0,02;-0,02;-0,02;-0,02;-0,02;-0,02;-0,02;-0,02;-0,01;-0,01;0,0;0,0;-0,01;-0,01;-0,02;-0,02;0,0;0,0
27.08.2026;05:45;06:00;0,0;0,0;0,0;0,0;-0,01;-0,01;-0,18;-0,18;0,0;0,0;-0,02;-0,02;-0,04;-0,04;0,0;0,0;-0,01;-0,01;-0,02;-0,02;-0,01;-0,01;0,0;0,0;0,0;0,0;-0,02;-0,02;-0,02;-0,02;-0,08;-0,08;0,0;0,0;0,0;0,0;0,0;0,0;-0,02;-0,02;0,0;0,0;-0,02;-0,02;-0,01;-0,01;-0,01;-0,01;-0,02;-0,02;-0,01;-0,01;-0,05;-0,05;0,0;0,0
27.08.2026;06:00;06:15;0,0;0,0;0,0;0,0;-0,01;-0,01;-0,07;-0,07;-0,01;-0,01;-0,02;-0,02;-0,04;-0,04;-0,01;-0,01;-0,02;-0,02;-0,12;-0,12;0,0;0,0;-0,03;-0,03;0,0;0,0;-0,01;-0,01;-0,01;-0,01;-0,01;-0,01;0,0;0,0;-0,01;-0,01;-0,02;-0,02;-0,02;-0,02;-0,1;-0,1;-0,02;-0,02;-0,02;-0,02;-0,02;-0,02;-0,02;-0,02;-0,01;-0,01;-0,02;-0,02;0,0;0,0
27.08.2026;06:15;06:30;0,02;0,02;0,0;0,0;-0,02;-0,02;-0,18;-0,18;0,0;0,0;-0,02;-0,02;-0,03;-0,03;-0,01;-0,01;-0,02;-0,02;-0,04;-0,04;0,0;0,0;-0,01;-0,01;0,0;0,0;-0,02;-0,02;-0,01;-0,01;-0,01;-0,01;-0,01;-0,01;-0,01;-0,01;-0,01;-0,01;-0,03;-0,03;-0,01;-0,01;-0,02;-0,02;-0,02;-0,02;-0,01;-0,01;-0,02;-0,02;0,0;0,0;-0,01;-0,01;-0,02;-0,02
27.08.2026;06:30;06:45;0,05;0,05;-0,01;-0,01;-0,05;-0,05;-0,24;-0,24;-0,01;-0,01;-0,02;-0,02;-0,04;-0,04;-0,01;-0,01;-0,01;-0,01;-0,03;-0,03;-0,02;-0,02;-0,01;-0,01;0,0;0,0;-0,01;-0,01;0,0;0,0;-0,01;-0,01;-0,04;-0,04;-0,04;-0,04;0,0;0,0;-0,15;-0,15;-0,01;-0,01;-0,01;-0,01;-0,01;-0,01;-0,01;-0,01;-0,02;-0,02;-0,02;-0,02;-0,01;-0,01;-0,02;-0,02
27.08.2026;06:45;07:00;0,04;0,04;0,0;0,0;-0,05;-0,05;-0,2;-0,2;0,0;0,0;-0,02;-0,02;-0,11;-0,11;0,0;0,0;-0,02;-0,02;-0,02;-0,02;-0,01;-0,01;-0,01;-0,01;0,0;0,0;-0,02;-0,02;-0,01;-0,01;-0,01;-0,01;-0,02;-0,02;-0,03;-0,03;-0,02;-0,02;-0,03;-0,03;-0,01;-0,01;-0,01;-0,01;-0,01;-0,01;-0,03;-0,03;-0,02;-0,02;-0,01;-0,01;-0,01;-0,01;-0,02;-0,02
27.08.2026;07:00;07:15;0,0;0,0;0,0;0,0;-0,14;-0,14;-0,18;-0,18;-0,01;-0,01;-0,01;-0,01;-0,1;-0,1;-0,01;-0,01;-0,02;-0,02;-0,01;-0,01;-0,01;-0,01;-0,01;-0,01;-0,01;-0,01;-0,02;-0,02;-0,01;-0,01;-0,01;-0,01;-0,07;-0,07;-0,02;-0,02;-0,01;-0,01;-0,02;-0,02;-0,02;-0,02;-0,03;-0,03;-0,02;-0,02;-0,02;-0,02;-0,02;-0,02;0,0;0,0;-0,01;-0,01;-0,01;-0,01
27.08.2026;07:15;07:30;0,0;0,0;0,0;0,0;-0,02;-0,02;-0,18;-0,18;0,0;0,0;-0,01;-0,01;-0,11;-0,11;-0,01;-0,01;-0,01;-0,01;-0,26;-0,26;-0,01;-0,01;-0,01;-0,01;0,0;0,0;-0,01;-0,01;-0,01;-0,01;-0,01;-0,01;0,0;0,0;-0,04;-0,04;-0,01;-0,01;-0,02;-0,02;-0,01;-0,01;-0,03;-0,03;0,0;0,0;-0,02;-0,02;-0,01;-0,01;-0,02;-0,02;-0,01;-0,01;-0,01;-0,01
27.08.2026;07:30;07:45;0,43;0,14;-0,01;0,0;-0,34;-0,33;-0,18;-0,11;-0,01;0,0;-0,01;0,0;-0,46;-0,45;-0,01;0,0;-0,03;-0,02;-0,07;-0,06;0,0;0,0;-0,01;0,0;0,0;0,0;-0,01;0,0;-0,01;0,0;-0,01;0,0;0,0;0,0;-0,03;-0,02;-0,01;0,0;-0,02;-0,01;0,0;0,0;-0,02;-0,01;-0,01;0,0;-0,02;-0,01;-0,02;-0,01;-0,02;-0,01;-0,01;0,0;-0,01;0,0
27.08.2026;07:45;08:00;0,62;0,21;0,0;0,0;-0,41;-0,38;-0,23;-0,1;-0,01;0,0;0,0;0,0;-0,11;-0,08;0,0;0,0;-0,01;0,0;-0,53;-0,5;0,0;0,0;0,0;0,0;0,0;0,0;0,0;0,0;-0,01;0,0;0,0;0,0;-0,01;0,0;-0,02;0,0;-0,02;0,0;-0,02;0,0;-0,02;0,0;-0,01;0,0;-0,01;0,0;0,0;0,0;-0,01;0,0;-0,01;0,0;-0,01;0,0;-0,02;0,0
27.08.2026;08:00;08:15;0,74;0,2;0,0;0,0;-0,27;-0,23;-0,19;-0,05;0,0;0,0;0,0;0,0;-0,27;-0,23;-0,01;0,0;-0,02;0,0;-0,19;-0,15;-0,01;0,0;-0,01;0,0;0,0;0,0;-0,02;0,0;-0,01;0,0;-0,02;0,0;-0,01;0,0;-0,02;0,0;-0,04;0,0;-0,02;0,0;-0,01;0,0;-0,01;0,0;-0,01;0,0;-0,01;0,0;0,0;0,0;-0,01;0,0;-0,06;-0,02;0,0;0,0
27.08.2026;08:15;08:30;0,89;0,34;0,0;0,0;-0,03;0,0;-0,12;0,0;-0,01;0,0;-0,02;0,0;-0,15;-0,08;-0,02;0,0;-0,01;0,0;-0,02;0,0;-0,02;0,0;-0,01;0,0;0,0;0,0;-0,01;0,0;-0,01;0,0;-0,01;0,0;-0,01;0,0;-0,03;0,0;-0,02;0,0;-0,02;0,0;0,0;0,0;-0,01;0,0;-0,01;0,0;-0,01;0,0;0,0;0,0;-0,01;0,0;-0,44;-0,37;0,0;0,0
27.08.2026;08:30;08:45;1,0;0,54;0,0;0,0;-0,02;0,0;-0,09;0,0;0,0;0,0;-0,01;0,0;-0,03;0,0;0,0;0,0;-0,02;0,0;-0,13;-0,05;-0,01;0,0;0,0;0,0;0,0;0,0;0,0;0,0;0,0;0,0;-0,01;0,0;0,0;0,0;-0,02;0,0;-0,03;0,0;-0,02;0,0;-0,02;0,0;-0,02;0,0;-0,01;0,0;-0,03;0,0;-0,01;0,0;0,0;0,0;-0,03;0,0;0,0;0,0
27.08.2026;08:45;09:00;1,34;0,77;-0,01;0,0;-0,03;0,0;-0,07;0,0;-0,01;0,0;-0,01;0,0;-0,04;0,0;0,0;0,0;-0,02;0,0;-0,45;-0,33;-0,02;0,0;-0,02;0,0;0,0;0,0;-0,01;0,0;-0,02;0,0;-0,01;0,0;-0,01;0,0;-0,01;0,0;-0,02;0,0;-0,02;0,0;0,0;0,0;-0,03;0,0;-0,01;0,0;-0,01;0,0;-0,02;0,0;-0,02;0,0;-0,03;0,0;0,0;0,0
27.08.2026;09:00;09:15;1,75;1,21;0,0;0,0;-0,03;0,0;-0,17;0,0;-0,01;0,0;-0,01;0,0;-0,03;0,0;-0,02;0,0;-0,03;0,0;-0,03;0,0;0,0;0,0;0,0;0,0;0,0;0,0;-0,02;0,0;-0,01;0,0;-0,02;0,0;-0,01;0,0;0,0;0,0;-0,03;0,0;-0,02;0,0;-0,01;0,0;-0,02;0,0;-0,01;0,0;-0,01;0,0;-0,01;0,0;0,0;0,0;-0,02;0,0;-0,02;0,0
27.08.2026;09:15;09:30;1,86;1,42;0,0;0,0;-0,02;0,0;-0,09;0,0;0,0;0,0;-0,01;0,0;-0,01;0,0;-0,01;0,0;-0,03;0,0;-0,02;0,0;0,0;0,0;-0,01;0,0;0,0;0,0;-0,01;0,0;0,0;0,0;0,0;0,0;-0,01;0,0;-0,01;0,0;-0,04;0,0;-0,02;0,0;-0,02;0,0;-0,01;0,0;-0,01;0,0;0,0;0,0;-0,01;0,0;-0,01;0,0;-0,08;0,0;-0,01;0,0
27.08.2026;09:30;09:45;2,02;1,46;0,0;0,0;-0,03;0,0;-0,12;0,0;-0,01;0,0;0,0;0,0;-0,04;0,0;0,0;0,0;-0,04;0,0;-0,01;0,0;0,0;0,0;-0,04;0,0;0,0;0,0;0,0;0,0;-0,01;0,0;-0,01;0,0;0,0;0,0;-0,02;0,0;-0,03;0,0;-0,02;0,0;0,0;0,0;-0,01;0,0;-0,01;0,0;-0,01;0,0;-0,01;0,0;-0,02;0,0;-0,1;0,0;-0,02;0,0
27.08.2026;09:45;10:00;2,27;1,7;-0,01;0,0;-0,05;0,0;-0,09;0,0;-0,01;0,0;-0,01;0,0;-0,03;0,0;-0,01;0,0;-0,01;0,0;-0,02;0,0;-0,02;0,0;-0,01;0,0;0,0;0,0;-0,01;0,0;-0,02;0,0;-0,02;0,0;-0,01;0,0;-0,01;0,0;-0,02;0,0;-0,02;0,0;-0,01;0,0;-0,01;0,0;-0,01;0,0;-0,02;0,0;-0,01;0,0;-0,01;0,0;-0,11;0,0;-0,01;0,0
27.08.2026;10:00;10:15;2,48;1,93;0,0;0,0;-0,01;0,0;-0,07;0,0;-0,01;0,0;-0,01;0,0;-0,04;0,0;-0,01;0,0;-0,03;0,0;0,0;0,0;-0,01;0,0;-0,01;0,0;0,0;0,0;-0,02;0,0;-0,03;0,0;0,0;0,0;0,0;0,0;-0,01;0,0;-0,03;0,0;-0,02;0,0;-0,01;0,0;-0,02;0,0;-0,01;0,0;-0,02;0,0;-0,01;0,0;-0,01;0,0;-0,16;0,0;0,0;0,0
27.08.2026;10:15;10:30;2,43;1,42;0,0;0,0;-0,31;-0,02;-0,08;0,0;-0,02;0,0;-0,02;0,0;-0,04;0,0;-0,01;0,0;-0,11;0,0;-0,01;0,0;-0,01;0,0;-0,07;0,0;0,0;0,0;-0,01;0,0;-0,04;0,0;-0,02;0,0;-0,01;0,0;-0,01;0,0;-0,02;0,0;-0,02;0,0;-0,01;0,0;-0,03;0,0;-0,01;0,0;-0,01;0,0;-0,01;0,0;-0,01;0,0;-0,14;0,0;0,0;0,0
27.08.2026;10:30;10:45;1,02;0,29;0,0;0,0;-0,3;-0,23;-0,08;0,0;-0,03;0,0;-0,03;0,0;-0,06;0,0;0,0;0,0;-0,03;0,0;0,0;0,0;-0,02;0,0;-0,06;0,0;0,0;0,0;-0,01;0,0;-0,04;0,0;-0,01;0,0;-0,01;0,0;-0,01;0,0;-0,04;0,0;-0,09;-0,02;-0,02;0,0;-0,01;0,0;-0,01;0,0;-0,03;0,0;-0,01;0,0;-0,01;0,0;-0,17;-0,1;0,0;0,0
27.08.2026;10:45;11:00;0,01;0,01;-0,01;-0,01;-0,1;-0,1;-0,07;-0,07;-0,01;-0,01;-0,03;-0,03;-0,03;-0,03;-0,01;-0,01;-0,01;-0,01;-0,01;-0,01;0,0;0,0;-0,07;-0,07;-0,01;-0,01;-0,01;-0,01;-0,14;-0,14;0,0;0,0;-0,01;-0,01;-0,01;-0,01;-0,02;-0,02;-0,25;-0,25;0,0;0,0;-0,01;-0,01;-0,01;-0,01;-0,02;-0,02;-0,01;-0,01;-0,01;-0,01;-0,16;-0,16;-0,01;-0,01
27.08.2026;11:00;11:15;1,95;1,03;0,0;0,0;-0,01;0,0;-0,11;0,0;-0,01;0,0;-0,03;0,0;-0,04;0,0;-0,01;0,0;-0,02;0,0;0,0;0,0;0,0;0,0;-0,07;0,0;0,0;0,0;-0,01;0,0;-0,08;0,0;-0,02;0,0;-0,01;0,0;-0,01;0,0;-0,03;0,0;-0,56;-0,36;-0,01;0,0;-0,02;0,0;-0,01;0,0;-0,02;0,0;-0,01;0,0;-0,01;0,0;-0,16;0,0;-0,02;0,0
27.08.2026;11:15;11:30;3,3;2,33;0,0;0,0;-0,01;0,0;-0,08;0,0;-0,01;0,0;-0,03;0,0;-0,04;0,0;0,0;0,0;-0,04;0,0;-0,01;0,0;-0,01;0,0;-0,03;0,0;0,0;0,0;-0,01;0,0;-0,07;0,0;-0,01;0,0;0,0;0,0;-0,01;0,0;-0,02;0,0;-0,67;-0,22;-0,01;0,0;-0,01;0,0;-0,01;0,0;-0,01;0,0;-0,01;0,0;-0,01;0,0;-0,07;0,0;-0,01;0,0
27.08.2026;11:30;11:45;3,51;2,54;0,0;0,0;-0,01;0,0;-0,09;0,0;-0,01;0,0;-0,04;0,0;-0,04;0,0;-0,01;0,0;-0,02;0,0;-0,02;0,0;-0,01;0,0;-0,05;0,0;0,0;0,0;-0,01;0,0;-0,05;0,0;-0,01;0,0;0,0;0,0;-0,01;0,0;-0,03;0,0;-0,42;0,0;-0,01;0,0;-0,02;0,0;-0,01;0,0;0,0;0,0;-0,01;0,0;-0,01;0,0;-0,07;0,0;-0,01;0,0
27.08.2026;11:45;12:00;3,64;2,74;0,0;0,0;-0,01;0,0;-0,07;0,0;0,0;0,0;-0,03;0,0;-0,03;0,0;-0,01;0,0;-0,02;0,0;-0,02;0,0;-0,01;0,0;-0,05;0,0;0,0;0,0;-0,01;0,0;-0,06;0,0;-0,01;0,0;-0,01;0,0;-0,01;0,0;-0,03;0,0;-0,37;0,0;-0,01;0,0;-0,03;0,0;-0,01;0,0;-0,01;0,0;-0,02;0,0;-0,01;0,0;-0,05;0,0;-0,01;0,0
27.08.2026;12:00;12:15;3,72;3,01;-0,01;0,0;-0,01;0,0;-0,1;0,0;-0,01;0,0;-0,03;0,0;-0,04;0,0;-0,01;0,0;-0,02;0,0;-0,01;0,0;-0,01;0,0;-0,01;0,0;0,0;0,0;-0,02;0,0;-0,04;0,0;-0,01;0,0;-0,01;0,0;-0,01;0,0;-0,02;0,0;-0,2;0,0;-0,01;0,0;-0,01;0,0;-0,01;0,0;-0,03;0,0;-0,01;0,0;-0,02;0,0;-0,05;0,0;0,0;0,0
27.08.2026;12:15;12:30;3,76;3,09;0,0;0,0;-0,02;0,0;-0,1;0,0;-0,01;0,0;-0,03;0,0;-0,04;0,0;0,0;0,0;-0,19;0,0;-0,02;0,0;-0,02;0,0;-0,01;0,0;0,0;0,0;0,0;0,0;-0,03;0,0;-0,01;0,0;-0,02;0,0;-0,01;0,0;-0,03;0,0;-0,03;0,0;-0,01;0,0;-0,01;0,0;-0,01;0,0;-0,03;0,0;-0,01;0,0;-0,01;0,0;-0,02;0,0;0,0;0,0
27.08.2026;12:30;12:45;3,8;2,86;0,0;0,0;-0,01;0,0;-0,08;0,0;0,0;0,0;-0,21;0,0;-0,03;0,0;-0,01;0,0;-0,34;0,0;-0,02;0,0;-0,01;0,0;-0,01;0,0;0,0;0,0;-0,01;0,0;-0,04;0,0;-0,01;0,0;0,0;0,0;-0,02;0,0;-0,02;0,0;-0,03;0,0;-0,01;0,0;-0,01;0,0;-0,01;0,0;-0,02;0,0;-0,01;0,0;0,0;0,0;-0,02;0,0;-0,01;0,0
27.08.2026;12:45;13:00;3,82;3,21;0,0;0,0;-0,02;0,0;-0,08;0,0;-0,01;0,0;-0,11;0,0;-0,04;0,0;-0,01;0,0;-0,08;0,0;-0,01;0,0;0,0;0,0;-0,01;0,0;0,0;0,0;-0,01;0,0;-0,04;0,0;-0,01;0,0;0,0;0,0;-0,01;0,0;-0,03;0,0;-0,02;0,0;0,0;0,0;-0,02;0,0;-0,01;0,0;-0,03;0,0;-0,02;0,0;-0,01;0,0;-0,02;0,0;-0,01;0,0
27.08.2026;13:00;13:15;3,77;3,09;-0,01;0,0;0,0;0,0;-0,06;0,0;-0,01;0,0;-0,11;0,0;-0,04;0,0;-0,01;0,0;-0,07;0,0;0,0;0,0;0,0;0,0;-0,01;0,0;0,0;0,0;-0,02;0,0;-0,13;0,0;-0,01;0,0;0,0;0,0;0,0;0,0;-0,02;0,0;-0,03;0,0;-0,01;0,0;-0,03;0,0;-0,01;0,0;-0,02;0,0;-0,02;0,0;-0,02;0,0;-0,02;0,0;-0,02;0,0
27.08.2026;13:15;13:30;3,81;3,1;0,0;0,0;-0,01;0,0;-0,14;0,0;0,0;0,0;-0,08;0,0;-0,03;0,0;0,0;0,0;-0,15;0,0;-0,01;0,0;-0,01;0,0;-0,03;0,0;0,0;0,0;0,0;0,0;-0,06;0,0;-0,01;0,0;-0,02;0,0;-0,01;0,0;-0,03;0,0;-0,02;0,0;-0,02;0,0;-0,02;0,0;-0,01;0,0;-0,03;0,0;-0,01;0,0;0,0;0,0;0,0;0,0;-0,01;0,0
27.08.2026;13:30;13:45;3,49;2,81;0,0;0,0;0,0;0,0;-0,23;0,0;-0,01;0,0;-0,03;0,0;-0,04;0,0;-0,01;0,0;-0,05;0,0;0,0;0,0;-0,01;0,0;-0,07;0,0;0,0;0,0;-0,01;0,0;-0,04;0,0;-0,01;0,0;-0,01;0,0;-0,01;0,0;-0,03;0,0;-0,02;0,0;0,0;0,0;-0,01;0,0;-0,01;0,0;-0,02;0,0;-0,02;0,0;-0,01;0,0;-0,02;0,0;-0,01;0,0
27.08.2026;13:45;14:00;3,68;3,05;0,0;0,0;-0,01;0,0;-0,17;0,0;0,0;0,0;-0,04;0,0;-0,04;0,0;-0,02;0,0;-0,05;0,0;-0,01;0,0;-0,02;0,0;-0,06;0,0;0,0;0,0;-0,01;0,0;-0,04;0,0;-0,01;0,0;-0,01;0,0;-0,02;0,0;-0,01;0,0;-0,02;0,0;-0,01;0,0;-0,02;0,0;-0,01;0,0;-0,02;0,0;-0,01;0,0;-0,01;0,0;-0,01;0,0;0,0;0,0
27.08.2026;14:00;14:15;3,26;2,65;0,0;0,0;-0,02;0,0;-0,12;0,0;-0,01;0,0;-0,1;0,0;-0,03;0,0;0,0;0,0;-0,07;0,0;0,0;0,0;-0,01;0,0;0,0;0,0;-0,01;0,0;-0,02;0,0;-0,05;0,0;-0,01;0,0;0,0;0,0;-0,01;0,0;-0,03;0,0;-0,03;0,0;-0,01;0,0;-0,01;0,0;-0,01;0,0;-0,01;0,0;-0,02;0,0;-0,02;0,0;-0,01;0,0;0,0;0,0
27.08.2026;14:15;14:30;1,54;1,01;-0,01;0,0;-0,01;0,0;-0,13;0,0;0,0;0,0;-0,05;0,0;-0,04;0,0;0,0;0,0;-0,02;0,0;-0,01;0,0;-0,01;0,0;-0,02;0,0;0,0;0,0;-0,01;0,0;-0,06;0,0;-0,01;0,0;-0,01;0,0;-0,01;0,0;-0,02;0,0;-0,02;0,0;-0,01;0,0;-0,03;0,0;-0,01;0,0;-0,01;0,0;-0,01;0,0;-0,01;0,0;-0,01;0,0;0,0;0,0
27.08.2026;14:30;14:45;0,06;0,06;0,0;0,0;-0,02;-0,02;-0,19;-0,19;-0,01;-0,01;-0,23;-0,23;-0,03;-0,03;-0,02;-0,02;-0,02;-0,02;-0,02;-0,02;0,0;0,0;0,0;0,0;0,0;0,0;0,0;0,0;-0,04;-0,04;-0,01;-0,01;0,0;0,0;0,0;0,0;-0,02;-0,02;-0,02;-0,02;-0,01;-0,01;-0,03;-0,03;-0,01;-0,01;-0,01;-0,01;0,0;0,0;-0,01;-0,01;-0,01;-0,01;-0,02;-0,02
27.08.2026;14:45;15:00;3,13;2,42;0,0;0,0;-0,01;0,0;-0,13;0,0;0,0;0,0;-0,03;0,0;-0,04;0,0;-0,01;0,0;-0,01;0,0;-0,02;0,0;-0,01;0,0;-0,01;0,0;0,0;0,0;-0,01;0,0;-0,03;0,0;-0,02;0,0;-0,01;0,0;-0,23;0,0;-0,04;0,0;-0,02;0,0;-0,01;0,0;-0,02;0,0;-0,01;0,0;0,0;0,0;-0,01;0,0;-0,01;0,0;-0,01;0,0;-0,01;0,0
27.08.2026;15:00;15:15;3,2;2,33;0,0;0,0;-0,02;0,0;-0,1;0,0;-0,01;0,0;-0,02;0,0;-0,03;0,0;0,0;0,0;-0,03;0,0;-0,02;0,0;0,0;0,0;-0,01;0,0;0,0;0,0;-0,02;0,0;-0,04;0,0;0,0;0,0;-0,01;0,0;-0,51;-0,07;-0,02;0,0;-0,02;0,0;-0,01;0,0;-0,02;0,0;-0,01;0,0;-0,01;0,0;0,0;0,0;-0,01;0,0;-0,01;0,0;-0,01;0,0
27.08.2026;15:15;15:30;3,04;2,38;-0,01;0,0;-0,01;0,0;-0,07;0,0;-0,01;0,0;-0,01;0,0;-0,04;0,0;-0,01;0,0;-0,01;0,0;-0,02;0,0;-0,01;0,0;-0,01;0,0;0,0;0,0;-0,01;0,0;-0,04;0,0;-0,01;0,0;-0,01;0,0;-0,24;0,0;-0,03;0,0;-0,03;0,0;-0,01;0,0;-0,01;0,0;-0,01;0,0;-0,01;0,0;-0,01;0,0;-0,01;0,0;-0,01;0,0;-0,01;0,0
27.08.2026;15:30;15:45;2,89;2,1;0,0;0,0;-0,01;0,0;-0,17;0,0;0,0;0,0;-0,02;0,0;-0,02;0,0;-0,01;0,0;-0,02;0,0;-0,01;0,0;-0,02;0,0;-0,01;0,0;0,0;0,0;0,0;0,0;-0,25;0,0;-0,02;0,0;-0,01;0,0;-0,1;0,0;-0,02;0,0;-0,02;0,0;0,0;0,0;-0,01;0,0;-0,01;0,0;-0,02;0,0;-0,02;0,0;-0,01;0,0;-0,01;0,0;0,0;0,0
27.08.2026;15:45;16:00;2,74;1,83;0,0;0,0;0,0;0,0;-0,21;0,0;-0,01;0,0;-0,01;0,0;-0,02;0,0;-0,01;0,0;-0,05;0,0;-0,01;0,0;-0,01;0,0;0,0;0,0;0,0;0,0;-0,09;0,0;-0,33;0,0;0,0;0,0;0,0;0,0;-0,01;0,0;-0,04;0,0;-0,02;0,0;-0,01;0,0;-0,02;0,0;-0,01;0,0;-0,02;0,0;-0,01;0,0;-0,01;0,0;-0,01;0,0;0,0;0,0
27.08.2026;16:00;16:15;2,55;1,91;0,0;0,0;-0,01;0,0;-0,09;0,0;0,0;0,0;-0,01;0,0;-0,04;0,0;0,0;0,0;-0,09;0,0;0,0;0,0;-0,01;0,0;-0,01;0,0;0,0;0,0;-0,1;0,0;-0,05;0,0;-0,02;0,0;-0,01;0,0;-0,02;0,0;-0,02;0,0;-0,02;0,0;-0,01;0,0;-0,03;0,0;-0,01;0,0;-0,03;0,0;-0,02;0,0;-0,01;0,0;-0,01;0,0;-0,02;0,0
27.08.2026;16:15;16:30;2,39;1,36;0,0;0,0;-0,01;0,0;-0,2;0,0;-0,01;0,0;-0,02;0,0;-0,04;0,0;-0,01;0,0;-0,1;0,0;-0,01;0,0;-0,01;0,0;-0,11;0,0;0,0;0,0;-0,29;-0,02;-0,04;0,0;-0,01;0,0;-0,01;0,0;-0,02;0,0;-0,02;0,0;-0,02;0,0;-0,01;0,0;-0,02;0,0;-0,01;0,0;-0,02;0,0;-0,01;0,0;-0,02;0,0;-0,02;0,0;-0,01;0,0
27.08.2026;16:30;16:45;1,94;1,04;-0,01;0,0;-0,01;0,0;-0,16;0,0;-0,01;0,0;-0,01;0,0;-0,04;0,0;-0,01;0,0;-0,12;0,0;0,0;0,0;0,0;0,0;-0,01;0,0;0,0;0,0;-0,35;-0,15;-0,04;0,0;0,0;0,0;-0,01;0,0;-0,02;0,0;-0,04;0,0;-0,02;0,0;-0,01;0,0;-0,08;0,0;-0,01;0,0;-0,03;0,0;-0,01;0,0;-0,01;0,0;-0,03;0,0;-0,01;0,0
27.08.2026;16:45;17:00;1,79;0,81;0,0;0,0;-0,02;0,0;-0,15;0,0;-0,01;0,0;-0,02;0,0;-0,05;0,0;-0,01;0,0;-0,11;0,0;-0,01;0,0;0,0;0,0;-0,02;0,0;0,0;0,0;-0,36;-0,19;-0,05;0,0;-0,02;0,0;-0,01;0,0;0,0;0,0;-0,02;0,0;-0,03;0,0;-0,01;0,0;-0,36;-0,19;-0,01;0,0;-0,02;0,0;-0,02;0,0;0,0;0,0;-0,03;0,0;-0,02;0,0
27.08.2026;17:00;17:15;1,55;0,61;0,0;0,0;-0,04;0,0;-0,2;0,0;-0,03;0,0;-0,01;0,0;-0,02;0,0;0,0;0,0;-0,12;0,0;0,0;0,0;-0,01;0,0;-0,01;0,0;0,0;0,0;-0,62;-0,48;-0,04;0,0;-0,01;0,0;0,0;0,0;-0,01;0,0;-0,04;0,0;-0,02;0,0;-0,01;0,0;-0,16;-0,02;-0,01;0,0;-0,03;0,0;-0,02;0,0;-0,01;0,0;-0,02;0,0;0,0;0,0
27.08.2026;17:15;17:30;1,36;0,55;0,0;0,0;-0,02;0,0;-0,11;0,0;-0,02;0,0;-0,01;0,0;-0,15;-0,03;-0,01;0,0;-0,12;0,0;-0,02;0,0;-0,02;0,0;0,0;0,0;-0,01;0,0;-0,02;0,0;-0,04;0,0;-0,01;0,0;0,0;0,0;-0,01;0,0;-0,02;0,0;-0,02;0,0;-0,01;0,0;-0,03;0,0;-0,01;0,0;-0,02;0,0;-0,02;0,0;-0,02;0,0;-0,02;0,0;-0,1;0,0
27.08.2026;17:30;17:45;1,11;0,36;-0,01;0,0;-0,03;0,0;-0,2;0,0;-0,02;0,0;-0,02;0,0;-0,05;0,0;-0,01;0,0;-0,12;-0,05;-0,02;0,0;-0,01;0,0;-0,01;0,0;0,0;0,0;-0,03;0,0;-0,04;0,0;-0,01;0,0;-0,01;0,0;-0,03;0,0;-0,03;0,0;-0,02;0,0;-0,01;0,0;-0,02;0,0;-0,01;0,0;-0,01;0,0;-0,02;0,0;0,0;0,0;-0,02;0,0;-0,04;0,0
27.08.2026;17:45;18:00;0,42;0,13;0,0;0,0;-0,02;-0,01;-0,14;-0,07;-0,03;-0,02;-0,01;0,0;-0,05;-0,04;0,0;0,0;-0,03;-0,02;-0,01;0,0;-0,01;0,0;-0,01;0,0;0,0;0,0;-0,04;-0,03;-0,03;-0,02;-0,01;0,0;-0,01;0,0;-0,07;-0,06;-0,03;-0,02;-0,03;-0,02;0,0;0,0;-0,02;-0,01;-0,01;0,0;-0,01;0,0;-0,02;-0,01;-0,01;0,0;-0,03;-0,02;-0,04;-0,03
27.08.2026;18:00;18:15;0,0;0,0;0,0;0,0;-0,03;-0,03;-0,26;-0,26;-0,03;-0,03;-0,02;-0,02;-0,06;-0,06;-0,01;-0,01;-0,01;-0,01;-0,02;-0,02;-0,01;-0,01;-0,01;-0,01;0,0;0,0;-0,31;-0,31;-0,04;-0,04;-0,01;-0,01;-0,01;-0,01;-0,06;-0,06;-0,03;-0,03;-0,05;-0,05;-0,02;-0,02;-0,02;-0,02;-0,02;-0,02;0,0;0,0;-0,02;-0,02;-0,02;-0,02;-0,15;-0,15;-0,03;-0,03
27.08.2026;18:15;18:30;0,0;0,0;0,0;0,0;-0,19;-0,19;-0,07;-0,07;0,0;0,0;-0,01;-0,01;-0,05;-0,05;-0,02;-0,02;-0,02;-0,02;-0,02;-0,02;0,0;0,0;-0,01;-0,01;0,0;0,0;-0,37;-0,37;-0,03;-0,03;-0,02;-0,02;-0,01;-0,01;-0,05;-0,05;-0,03;-0,03;-0,05;-0,05;-0,01;-0,01;-0,03;-0,03;-0,02;-0,02;-0,01;-0,01;-0,02;-0,02;-0,02;-0,02;-0,09;-0,09;-0,02;-0,02
27.08.2026;18:30;18:45;0,42;0,15;0,0;0,0;-0,23;-0,22;-0,11;-0,04;-0,01;0,0;-0,01;0,0;-0,05;-0,04;0,0;0,0;-0,02;-0,01;-0,01;0,0;-0,01;0,0;-0,01;0,0;0,0;0,0;-0,46;-0,45;-0,04;-0,03;-0,01;0,0;0,0;0,0;-0,05;-0,04;-0,02;-0,01;-0,05;-0,04;-0,01;0,0;-0,02;-0,01;-0,01;0,0;0,0;0,0;-0,02;-0,01;0,0;0,0;-0,04;-0,03;-0,01;0,0
27.08.2026;18:45;19:00;0,26;0,19;-0,01;-0,01;-0,28;-0,28;-0,1;-0,03;-0,02;-0,02;-0,02;-0,02;-0,07;-0,07;0,0;0,0;-0,01;-0,01;-0,01;-0,01;0,0;0,0;-0,01;-0,01;0,0;0,0;-0,22;-0,22;-0,04;-0,04;-0,01;-0,01;-0,01;-0,01;-0,07;-0,07;-0,04;-0,04;-0,06;-0,06;-0,08;-0,08;0,0;0,0;-0,03;-0,03;-0,01;-0,01;-0,02;-0,02;-0,01;-0,01;-0,05;-0,05;-0,02;-0,02
27.08.2026;19:00;19:15;0,15;0,11;0,0;0,0;-0,16;-0,16;-0,11;-0,07;0,0;0,0;-0,01;-0,01;-0,12;-0,12;-0,02;-0,02;-0,02;-0,02;-0,01;-0,01;-0,02;-0,02;0,0;0,0;0,0;0,0;-0,04;-0,04;-0,03;-0,03;-0,03;-0,03;-0,01;-0,01;-0,21;-0,21;-0,02;-0,02;-0,05;-0,05;-0,03;-0,03;-0,01;-0,01;-0,04;-0,04;-0,01;-0,01;-0,02;-0,02;-0,13;-0,13;-0,05;-0,05;-0,01;-0,01
27.08.2026;19:15;19:30;0,07;0,07;0,0;0,0;-0,05;-0,05;-0,19;-0,19;-0,01;-0,01;-0,01;-0,01;-0,06;-0,06;-0,01;-0,01;-0,02;-0,02;0,0;0,0;-0,01;-0,01;-0,01;-0,01;0,0;0,0;-0,05;-0,05;-0,06;-0,06;-0,03;-0,03;-0,01;-0,01;-0,19;-0,19;-0,03;-0,03;-0,12;-0,12;-0,03;-0,03;-0,02;-0,02;-0,07;-0,07;-0,01;-0,01;-0,02;-0,02;-0,34;-0,34;-0,04;-0,04;-0,01;-0,01
27.08.2026;19:30;19:45;0,02;0,02;0,0;0,0;-0,41;-0,41;-0,25;-0,25;-0,01;-0,01;-0,02;-0,02;-0,07;-0,07;0,0;0,0;-0,01;-0,01;-0,01;-0,01;-0,02;-0,02;-0,01;-0,01;0,0;0,0;-0,07;-0,07;-0,23;-0,23;-0,03;-0,03;-0,01;-0,01;-0,09;-0,09;-0,02;-0,02;-0,05;-0,05;-0,02;-0,02;-0,02;-0,02;-0,07;-0,07;-0,02;-0,02;-0,02;-0,02;-0,06;-0,06;-0,06;-0,06;0,0;0,0
27.08.2026;19:45;20:00;0,01;0,01;-0,01;-0,01;-0,07;-0,07;-0,15;-0,15;-0,01;-0,01;-0,01;-0,01;-0,1;-0,1;-0,01;-0,01;-0,02;-0,02;0,0;0,0;-0,01;-0,01;-0,03;-0,03;0,0;0,0;-0,04;-0,04;-0,14;-0,14;-0,03;-0,03;-0,01;-0,01;-0,07;-0,07;-0,04;-0,04;-0,05;-0,05;-0,03;-0,03;-0,02;-0,02;-0,07;-0,07;-0,02;-0,02;-0,02;-0,02;-0,06;-0,06;-0,05;-0,05;0,0;0,0
27.08.2026;20:00;20:15;0,0;0,0;0,0;0,0;-0,03;-0,03;-0,19;-0,19;-0,01;-0,01;-0,02;-0,02;-0,09;-0,09;-0,01;-0,01;-0,02;-0,02;-0,01;-0,01;0,0;0,0;-0,03;-0,03;0,0;0,0;-0,27;-0,27;-0,04;-0,04;-0,04;-0,04;0,0;0,0;-0,08;-0,08;-0,02;-0,02;-0,05;-0,05;-0,03;-0,03;-0,01;-0,01;-0,07;-0,07;-0,03;-0,03;-0,01;-0,01;-0,65;-0,65;-0,05;-0,05;-0,06;-0,06
27.08.2026;20:15;20:30;0,0;0,0;0,0;0,0;-0,04;-0,04;-0,16;-0,16;-0,01;-0,01;-0,01;-0,01;-0,07;-0,07;-0,01;-0,01;-0,01;-0,01;-0,02;-0,02;0,0;0,0;-0,02;-0,02;0,0;0,0;-0,07;-0,07;-0,07;-0,07;-0,04;-0,04;-0,02;-0,02;-0,08;-0,08;-0,02;-0,02;-0,16;-0,16;-0,04;-0,04;0,0;0,0;-0,07;-0,07;-0,02;-0,02;-0,03;-0,03;-0,36;-0,36;-0,05;-0,05;-0,11;-0,11
27.08.2026;20:30;20:45;0,0;0,0;0,0;0,0;-0,02;-0,02;-0,19;-0,19;-0,02;-0,02;-0,01;-0,01;-0,08;-0,08;0,0;0,0;-0,02;-0,02;-0,02;-0,02;-0,01;-0,01;-0,04;-0,04;0,0;0,0;-0,05;-0,05;-0,04;-0,04;-0,04;-0,04;-0,03;-0,03;-0,08;-0,08;-0,04;-0,04;-0,05;-0,05;-0,03;-0,03;-0,03;-0,03;-0,07;-0,07;-0,02;-0,02;-0,02;-0,02;-0,28;-0,28;-0,05;-0,05;-0,05;-0,05
27.08.2026;20:45;21:00;0,0;0,0;-0,01;-0,01;-0,02;-0,02;-0,24;-0,24;-0,01;-0,01;-0,02;-0,02;-0,07;-0,07;-0,01;-0,01;-0,04;-0,04;-0,02;-0,02;-0,02;-0,02;-0,02;-0,02;0,0;0,0;-0,04;-0,04;-0,05;-0,05;-0,04;-0,04;-0,02;-0,02;-0,09;-0,09;-0,02;-0,02;-0,05;-0,05;-0,03;-0,03;-0,02;-0,02;-0,08;-0,08;-0,02;-0,02;-0,02;-0,02;-0,26;-0,26;-0,05;-0,05;-0,53;-0,53
27.08.2026;21:00;21:15;0,0;0,0;0,0;0,0;-0,02;-0,02;-0,19;-0,19;-0,01;-0,01;-0,01;-0,01;-0,08;-0,08;-0,01;-0,01;-0,02;-0,02;-0,02;-0,02;-0,01;-0,01;-0,01;-0,01;0,0;0,0;-0,04;-0,04;-0,04;-0,04;-0,04;-0,04;-0,03;-0,03;-0,39;-0,39;-0,04;-0,04;-0,07;-0,07;-0,03;-0,03;-0,01;-0,01;-0,08;-0,08;-0,02;-0,02;-0,03;-0,03;-0,19;-0,19;-0,05;-0,05;-0,66;-0,66
27.08.2026;21:15;21:30;0,0;0,0;0,0;0,0;-0,03;-0,03;-0,2;-0,2;0,0;0,0;-0,01;-0,01;-0,04;-0,04;-0,01;-0,01;-0,02;-0,02;-0,01;-0,01;-0,01;-0,01;-0,01;-0,01;-0,01;-0,01;-0,03;-0,03;-0,09;-0,09;-0,04;-0,04;-0,02;-0,02;-0,24;-0,24;-0,02;-0,02;-0,06;-0,06;-0,17;-0,17;-0,01;-0,01;-0,07;-0,07;-0,02;-0,02;0,0;0,0;-0,18;-0,18;-0,04;-0,04;-0,16;-0,16
27.08.2026;21:30;21:45;0,0;0,0;0,0;0,0;-0,03;-0,03;-0,24;-0,24;-0,01;-0,01;-0,02;-0,02;-0,04;-0,04;0,0;0,0;-0,03;-0,03;-0,02;-0,02;-0,02;-0,02;0,0;0,0;0,0;0,0;-0,03;-0,03;-0,05;-0,05;-0,04;-0,04;-0,02;-0,02;-0,1;-0,1;-0,03;-0,03;-0,06;-0,06;-0,02;-0,02;-0,01;-0,01;-0,07;-0,07;-0,02;-0,02;-0,01;-0,01;-0,18;-0,18;-0,04;-0,04;-0,04;-0,04
27.08.2026;21:45;22:00;0,0;0,0;0,0;0,0;-0,02;-0,02;-0,21;-0,21;-0,01;-0,01;-0,01;-0,01;-0,04;-0,04;-0,01;-0,01;-0,09;-0,09;-0,02;-0,02;0,0;0,0;-0,02;-0,02;0,0;0,0;-0,03;-0,03;-0,06;-0,06;-0,04;-0,04;-0,02;-0,02;-0,39;-0,39;-0,02;-0,02;-0,05;-0,05;-0,01;-0,01;-0,02;-0,02;-0,07;-0,07;-0,02;-0,02;-0,01;-0,01;-0,04;-0,04;-0,04;-0,04;-0,05;-0,05
27.08.2026;22:00;22:15;0,0;0,0;-0,01;-0,01;-0,03;-0,03;-0,12;-0,12;0,0;0,0;-0,01;-0,01;-0,04;-0,04;-0,01;-0,01;-0,04;-0,04;-0,01;-0,01;0,0;0,0;-0,01;-0,01;0,0;0,0;-0,02;-0,02;-0,05;-0,05;-0,02;-0,02;-0,03;-0,03;-0,16;-0,16;-0,03;-0,03;-0,04;-0,04;-0,01;-0,01;-0,02;-0,02;-0,03;-0,03;0,0;0,0;-0,02;-0,02;-0,03;-0,03;-0,01;-0,01;-0,21;-0,21
27.08.2026;22:15;22:30;0,0;0,0;0,0;0,0;-0,03;-0,03;-0,25;-0,25;-0,01;-0,01;0,0;0,0;-0,04;-0,04;-0,01;-0,01;-0,04;-0,04;-0,01;-0,01;0,0;0,0;0,0;0,0;0,0;0,0;-0,03;-0,03;-0,04;-0,04;-0,02;-0,02;-0,03;-0,03;-0,07;-0,07;-0,03;-0,03;-0,04;-0,04;-0,01;-0,01;-0,01;-0,01;-0,01;-0,01;-0,02;-0,02;-0,02;-0,02;-0,03;-0,03;-0,03;-0,03;-0,55;-0,55
27.08.2026;22:30;22:45;0,0;0,0;0,0;0,0;-0,03;-0,03;-0,24;-0,24;-0,01;-0,01;0,0;0,0;-0,03;-0,03;0,0;0,0;-0,04;-0,04;-0,02;-0,02;-0,02;-0,02;-0,02;-0,02;0,0;0,0;-0,02;-0,02;-0,05;-0,05;-0,01;-0,01;-0,02;-0,02;-0,07;-0,07;0,0;0,0;-0,05;-0,05;-0,01;-0,01;-0,01;-0,01;-0,01;-0,01;-0,01;-0,01;-0,02;-0,02;-0,03;-0,03;-0,01;-0,01;-0,45;-0,45
27.08.2026;22:45;23:00;0,0;0,0;0,0;0,0;-0,02;-0,02;-0,32;-0,32;0,0;0,0;-0,01;-0,01;-0,04;-0,04;-0,02;-0,02;-0,05;-0,05;-0,03;-0,03;-0,01;-0,01;0,0;0,0;0,0;0,0;-0,01;-0,01;-0,05;-0,05;-0,01;-0,01;-0,02;-0,02;-0,1;-0,1;-0,03;-0,03;-0,04;-0,04;-0,01;-0,01;-0,01;-0,01;-0,01;-0,01;0,0;0,0;-0,02;-0,02;-0,02;-0,02;-0,02;-0,02;-0,04;-0,04
27.08.2026;23:00;23:15;0,0;0,0;-0,01;-0,01;-0,02;-0,02;-0,09;-0,09;-0,01;-0,01;0,0;0,0;-0,04;-0,04;0,0;0,0;-0,03;-0,03;-0,02;-0,02;-0,02;-0,02;-0,01;-0,01;0,0;0,0;0,0;0,0;-0,05;-0,05;-0,02;-0,02;-0,01;-0,01;-0,09;-0,09;0,0;0,0;-0,05;-0,05;-0,01;-0,01;-0,03;-0,03;-0,01;-0,01;-0,01;-0,01;-0,01;-0,01;-0,01;-0,01;-0,02;-0,02;-0,04;-0,04
27.08.2026;23:15;23:30;0,0;0,0;0,0;0,0;-0,01;-0,01;-0,08;-0,08;0,0;0,0;-0,01;-0,01;-0,03;-0,03;-0,01;-0,01;-0,04;-0,04;-0,02;-0,02;-0,01;-0,01;-0,01;-0,01;0,0;0,0;-0,02;-0,02;-0,04;-0,04;-0,01;-0,01;0,0;0,0;-0,07;-0,07;-0,02;-0,02;-0,04;-0,04;-0,01;-0,01;-0,01;-0,01;-0,01;-0,01;-0,01;-0,01;-0,02;-0,02;-0,01;-0,01;-0,01;-0,01;-0,03;-0,03
27.08.2026;23:30;23:45;0,0;0,0;0,0;0,0;-0,01;-0,01;-0,07;-0,07;-0,01;-0,01;-0,02;-0,02;-0,04;-0,04;0,0;0,0;-0,02;-0,02;-0,01;-0,01;0,0;0,0;-0,01;-0,01;0,0;0,0;-0,01;-0,01;-0,09;-0,09;-0,01;-0,01;-0,02;-0,02;-0,07;-0,07;-0,01;-0,01;-0,03;-0,03;-0,01;-0,01;-0,01;-0,01;-0,01;-0,01;0,0;0,0;-0,02;-0,02;-0,01;-0,01;-0,02;-0,02;-0,03;-0,03
27.08.2026;23:45;00:00;0,0;0,0;0,0;0,0;-0,01;-0,01;-0,06;-0,06;-0,01;-0,01;-0,01;-0,01;-0,03;-0,03;-0,02;-0,02;-0,02;-0,02;0,0;0,0;-0,01;-0,01;-0,01;-0,01;0,0;0,0;-0,01;-0,01;-0,04;-0,04;-0,02;-0,02;-0,01;-0,01;-0,08;-0,08;0,0;0,0;-0,03;-0,03;0,0;0,0;-0,01;-0,01;-0,01;-0,01;-0,02;-0,02;-0,01;-0,01;-0,02;-0,02;-0,02;-0,02;-0,02;-0,02
28.08.2026;00:00;00:15;0,0;0,0;0,0;0,0;-0,01;-0,01;-0,05;-0,05;0,0;0,0;-0,02;-0,02;-0,04;-0,04;0,0;0,0;-0,01;-0,01;-0,01;-0,01;0,0;0,0;-0,01;-0,01;0,0;0,0;-0,01;-0,01;-0,01;-0,01;0,0;0,0;-0,01;-0,01;-0,09;-0,09;-0,02;-0,02;-0,02;-0,02;-0,01;-0,01;-0,02;-0,02;-0,01;-0,01;-0,02;-0,02;-0,01;-0,01;-0,01;-0,01;-0,03;-0,03;-0,03;-0,03
28.08.2026;00:15;00:30;0,0;0,0;-0,01;-0,01;-0,01;-0,01;-0,06;-0,06;-0,01;-0,01;-0,01;-0,01;-0,04;-0,04;-0,01;-0,01;-0,03;-0,03;-0,01;-0,01;-0,01;-0,01;-0,01;-0,01;0,0;0,0;-0,02;-0,02;-0,02;-0,02;-0,02;-0,02;0,0;0,0;-0,08;-0,08;-0,01;-0,01;-0,02;-0,02;-0,01;-0,01;-0,02;-0,02;-0,01;-0,01;-0,02;-0,02;-0,02;-0,02;0,0;0,0;-0,03;-0,03;-0,03;-0,03
28.08.2026;00:30;00:45;0,0;0,0;0,0;0,0;-0,01;-0,01;-0,06;-0,06;-0,01;-0,01;-0,01;-0,01;-0,03;-0,03;-0,01;-0,01;-0,01;-0,01;-0,01;-0,01;-0,01;-0,01;0,0;0,0;0,0;0,0;-0,01;-0,01;-0,01;-0,01;-0,01;-0,01;-0,01;-0,01;-0,06;-0,06;-0,02;-0,02;-0,02;-0,02;-0,01;-0,01;-0,01;-0,01;-0,01;-0,01;-0,01;-0,01;-0,01;-0,01;-0,02;-0,02;-0,02;-0,02;-0,02;-0,02
28.08.2026;00:45;01:00;0,0;0,0;0,0;0,0;-0,01;-0,01;-0,07;-0,07;0,0;0,0;-0,02;-0,02;-0,04;-0,04;-0,01;-0,01;-0,02;-0,02;-0,01;-0,01;-0,02;-0,02;-0,02;-0,02;-0,01;-0,01;0,0;0,0;-0,01;-0,01;0,0;0,0;0,0;0,0;-0,04;-0,04;0,0;0,0;-0,03;-0,03;0,0;0,0;-0,01;-0,01;-0,01;-0,01;-0,01;-0,01;-0,01;-0,01;-0,02;-0,02;-0,02;-0,02;-0,03;-0,03
28.08.2026;01:00;01:15;0,0;0,0;0,0;0,0;0,0;0,0;-0,06;-0,06;0,0;0,0;0,0;0,0;-0,03;-0,03;0,0;0,0;-0,02;-0,02;-0,02;-0,02;-0,01;-0,01;0,0;0,0;0,0;0,0;-0,02;-0,02;-0,01;-0,01;-0,02;-0,02;-0,01;-0,01;-0,03;-0,03;-0,01;-0,01;-0,02;-0,02;-0,02;-0,02;-0,01;-0,01;-0,01;-0,01;0,0;0,0;-0,02;-0,02;-0,01;-0,01;-0,02;-0,02;-0,02;-0,02
28.08.2026;01:15;01:30;0,0;0,0;-0,01;-0,01;-0,01;-0,01;-0,08;-0,08;-0,01;-0,01;0,0;0,0;-0,04;-0,04;-0,01;-0,01;-0,02;-0,02;-0,03;-0,03;-0,01;-0,01;-0,01;-0,01;0,0;0,0;-0,01;-0,01;0,0;0,0;-0,01;-0,01;-0,01;-0,01;-0,02;-0,02;-0,02;-0,02;-0,02;-0,02;-0,01;-0,01;-0,02;-0,02;-0,01;-0,01;-0,01;-0,01;-0,01;-0,01;0,0;0,0;-0,02;-0,02;-0,03;-0,03
28.08.2026;01:30;01:45;0,0;0,0;0,0;0,0;-0,02;-0,02;-0,06;-0,06;-0,01;-0,01;-0,01;-0,01;-0,03;-0,03;-0,01;-0,01;-0,02;-0,02;-0,02;-0,02;0,0;0,0;-0,01;-0,01;0,0;0,0;-0,01;-0,01;-0,01;-0,01;-0,01;-0,01;-0,01;-0,01;-0,01;-0,01;-0,01;-0,01;-0,02;-0,02;0,0;0,0;-0,02;-0,02;-0,01;-0,01;-0,01;-0,01;-0,02;-0,02;-0,01;-0,01;-0,02;-0,02;-0,02;-0,02
28.08.2026;01:45;02:00;0,0;0,0;0,0;0,0;-0,01;-0,01;-0,07;-0,07;0,0;0,0;-0,01;-0,01;-0,04;-0,04;-0,01;-0,01;-0,02;-0,02;-0,01;-0,01;0,0;0,0;-0,01;-0,01;0,0;0,0;0,0;0,0;-0,01;-0,01;-0,01;-0,01;0,0;0,0;-0,01;-0,01;-0,02;-0,02;-0,02;-0,02;-0,02;-0,02;-0,02;-0,02;-0,01;-0,01;-0,02;-0,02;-0,01;-0,01;-0,01;-0,01;-0,02;-0,02;-0,03;-0,03
28.08.2026;02:00;02:15;0,0;0,0;0,0;0,0;-0,01;-0,01;-0,06;-0,06;-0,01;-0,01;-0,01;-0,01;-0,04;-0,04;0,0;0,0;-0,01;-0,01;-0,01;-0,01;-0,01;-0,01;-0,01;-0,01;0,0;0,0;-0,02;-0,02;-0,02;-0,02;-0,01;-0,01;-0,01;-0,01;-0,01;-0,01;0,0;0,0;-0,03;-0,03;0,0;0,0;0,0;0,0;-0,01;-0,01;-0,01;-0,01;-0,02;-0,02;-0,01;-0,01;-0,02;-0,02;-0,02;-0,02
28.08.2026;02:15;02:30;0,0;0,0;0,0;0,0;0,0;0,0;-0,07;-0,07;0,0;0,0;-0,02;-0,02;-0,05;-0,05;-0,01;-0,01;-0,02;-0,02;-0,01;-0,01;-0,01;-0,01;-0,01;-0,01;0,0;0,0;-0,01;-0,01;-0,01;-0,01;-0,01;-0,01;0,0;0,0;-0,01;-0,01;-0,01;-0,01;-0,02;-0,02;-0,01;-0,01;-0,01;-0,01;-0,01;-0,01;-0,02;-0,02;-0,01;-0,01;-0,01;-0,01;-0,01;-0,01;-0,02;-0,02
28.08.2026;02:30;02:45;0,0;0,0;-0,01;-0,01;-0,01;-0,01;-0,2;-0,2;-0,01;-0,01;-0,01;-0,01;-0,03;-0,03;-0,01;-0,01;-0,02;-0,02;0,0;0,0;-0,02;-0,02;0,0;0,0;0,0;0,0;-0,01;-0,01;-0,01;-0,01;-0,01;-0,01;-0,02;-0,02;-0,02;-0,02;-0,02;-0,02;-0,02;-0,02;-0,02;-0,02;-0,02;-0,02;-0,01;-0,01;-0,01;-0,01;-0,02;-0,02;-0,02;-0,02;-0,02;-0,02;-0,03;-0,03
28.08.2026;02:45;03:00;0,0;0,0;0,0;0,0;0,0;0,0;-0,21;-0,21;-0,01;-0,01;-0,02;-0,02;-0,05;-0,05;-0,01;-0,01;-0,01;-0,01;-0,01;-0,01;-0,01;-0,01;-0,02;-0,02;0,0;0,0;-0,01;-0,01;-0,01;-0,01;-0,01;-0,01;-0,01;-0,01;0,0;0,0;0,0;0,0;-0,02;-0,02;0,0;0,0;-0,02;-0,02;-0,01;-0,01;-0,02;-0,02;-0,01;-0,01;-0,01;-0,01;-0,02;-0,02;0,0;0,0
28.08.2026;03:00;03:15;0,0;0,0;0,0;0,0;-0,02;-0,02;-0,16;-0,16;0,0;0,0;0,0;0,0;-0,04;-0,04;0,0;0,0;-0,02;-0,02;-0,01;-0,01;-0,01;-0,01;0,0;0,0;0,0;0,0;-0,02;-0,02;-0,01;-0,01;-0,01;-0,01;0,0;0,0;-0,01;-0,01;-0,02;-0,02;-0,02;-0,02;-0,01;-0,01;-0,02;-0,02;-0,01;-0,01;-0,01;-0,01;-0,02;-0,02;-0,01;-0,01;0,0;0,0;-0,01;-0,01
28.08.2026;03:15;03:30;0,0;0,0;0,0;0,0;-0,01;-0,01;-0,06;-0,06;-0,01;-0,01;0,0;0,0;-0,04;-0,04;-0,01;-0,01;-0,01;-0,01;-0,02;-0,02;0,0;0,0;-0,01;-0,01;0,0;0,0;-0,01;-0,01;-0,01;-0,01;-0,01;-0,01;-0,01;-0,01;-0,01;-0,01;-0,01;-0,01;-0,02;-0,02;-0,01;-0,01;-0,01;-0,01;-0,01;-0,01;-0,01;-0,01;-0,01;-0,01;-0,01;-0,01;-0,02;-0,02;-0,01;-0,01
28.08.2026;03:30;03:45;0,0;0,0;-0,01;-0,01;-0,01;-0,01;-0,08;-0,08;0,0;0,0;-0,01;-0,01;-0,03;-0,03;-0,01;-0,01;-0,01;-0,01;-0,02;-0,02;0,0;0,0;-0,01;-0,01;0,0;0,0;0,0;0,0;-0,01;-0,01;-0,01;-0,01;0,0;0,0;-0,02;-0,02;-0,01;-0,01;-0,03;-0,03;-0,01;-0,01;-0,01;-0,01;-0,01;-0,01;0,0;0,0;-0,02;-0,02;-0,01;-0,01;-0,01;-0,01;-0,02;-0,02
28.08.2026;03:45;04:00;0,0;0,0;0,0;0,0;-0,01;-0,01;-0,11;-0,11;-0,01;-0,01;-0,01;-0,01;-0,04;-0,04;-0,01;-0,01;-0,02;-0,02;-0,02;-0,02;-0,01;-0,01;-0,01;-0,01;0,0;0,0;-0,01;-0,01;-0,02;-0,02;-0,01;-0,01;-0,01;-0,01;-0,02;-0,02;-0,02;-0,02;-0,02;-0,02;-0,01;-0,01;-0,01;-0,01;-0,01;-0,01;-0,01;-0,01;-0,01;-0,01;-0,01;-0,01;-0,01;-0,01;-0,03;-0,03
28.08.2026;04:00;04:15;0,0;0,0;0,0;0,0;0,0;0,0;-0,1;-0,1;-0,01;-0,01;-0,01;-0,01;-0,04;-0,04;0,0;0,0;-0,01;-0,01;-0,01;-0,01;-0,02;-0,02;-0,01;-0,01;0,0;0,0;-0,02;-0,02;-0,01;-0,01;-0,01;-0,01;-0,01;-0,01;-0,01;-0,01;0,0;0,0;-0,02;-0,02;-0,01;-0,01;-0,02;-0,02;-0,01;-0,01;-0,01;-0,01;0,0;0,0;-0,01;-0,01;-0,01;-0,01;-0,02;-0,02
28.08.2026;04:15;04:30;0,0;0,0;0,0;0,0;-0,01;-0,01;-0,15;-0,15;0,0;0,0;-0,02;-0,02;-0,04;-0,04;-0,02;-0,02;-0,02;-0,02;-0,01;-0,01;-0,01;-0,01;0,0;0,0;-0,01;-0,01;-0,01;-0,01;-0,01;-0,01;-0,01;-0,01;-0,01;-0,01;0,0;0,0;-0,02;-0,02;-0,02;-0,02;-0,01;-0,01;-0,02;-0,02;-0,01;-0,01;-0,02;-0,02;0,0;0,0;0,0;0,0;-0,01;-0,01;-0,03;-0,03
28.08.2026;04:30;04:45;0,0;0,0;0,0;0,0;-0,01;-0,01;-0,14;-0,14;-0,01;-0,01;-0,01;-0,01;-0,03;-0,03;0,0;0,0;-0,01;-0,01;-0,01;-0,01;-0,01;-0,01;-0,02;-0,02;0,0;0,0;0,0;0,0;-0,01;-0,01;-0,02;-0,02;0,0;0,0;-0,01;-0,01;-0,01;-0,01;-0,02;-0,02;-0,01;-0,01;-0,01;-0,01;-0,01;-0,01;-0,02;-0,02;-0,01;-0,01;-0,02;-0,02;-0,01;-0,01;-0,02;-0,02
28.08.2026;04:45;05:00;0,0;0,0;-0,01;-0,01;-0,01;-0,01;-0,16;-0,16;0,0;0,0;-0,01;-0,01;-0,04;-0,04;-0,01;-0,01;-0,02;-0,02;-0,01;-0,01;-0,01;-0,01;0,0;0,0;0,0;0,0;-0,01;-0,01;-0,01;-0,01;-0,01;-0,01;-0,01;-0,01;-0,02;-0,02;-0,01;-0,01;-0,02;-0,02;0,0;0,0;-0,01;-0,01;-0,01;-0,01;-0,01;-0,01;0,0;0,0;-0,02;-0,02;-0,03;-0,03;-0,03;-0,03
28.08.2026;05:00;05:15;0,0;0,0;0,0;0,0;-0,02;-0,02;-0,16;-0,16;-0,01;-0,01;-0,01;-0,01;-0,03;-0,03;0,0;0,0;-0,02;-0,02;0,0;0,0;0,0;0,0;-0,01;-0,01;0,0;0,0;-0,02;-0,02;-0,01;-0,01;-0,01;-0,01;0,0;0,0;-0,01;-0,01;-0,01;-0,01;-0,03;-0,03;-0,02;-0,02;-0,01;-0,01;-0,01;-0,01;-0,02;-0,02;0,0;0,0;-0,01;-0,01;-0,06;-0,06;-0,02;-0,02
28.08.2026;05:15;05:30;0,0;0,0;0,0;0,0;-0,01;-0,01;-0,24;-0,24;-0,01;-0,01;0,0;0,0;-0,04;-0,04;-0,02;-0,02;0,0;0,0;-0,01;-0,01;-0,01;-0,01;-0,01;-0,01;0,0;0,0;-0,01;-0,01;-0,01;-0,01;-0,11;-0,11;-0,01;-0,01;-0,01;-0,01;-0,01;-0,01;-0,02;-0,02;-0,01;-0,01;-0,02;-0,02;-0,01;-0,01;-0,01;-0,01;-0,03;-0,03;-0,01;-0,01;-0,01;-0,01;-0,03;-0,03
28.08.2026;05:30;05:45;0,0;0,0;0,0;0,0;0,0;0,0;-0,2;-0,2;0,0;0,0;-0,01;-0,01;-0,04;-0,04;0,0;0,0;-0,02;-0,02;-0,01;-0,01;0,0;0,0;-0,01;-0,01;0,0;0,0;0,0;0,0;-0,01;-0,01;-0,04;-0,04;-0,01;-0,01;-0,01;-0,01;-0,02;-0,02;-0,02;-0,02;0,0;0,0;-0,02;-0,02;-0,01;-0,01;0,0;0,0;-0,02;-0,02;0,0;0,0;-0,02;-0,02;-0,02;-0,02
28.08.2026;05:45;06:00;0,0;0,0;-0,01;-0,01;-0,01;-0,01;-0,07;-0,07;0,0;0,0;0,0;0,0;-0,03;-0,03;-0,01;-0,01;-0,02;-0,02;-0,02;-0,02;-0,02;-0,02;-0,01;-0,01;0,0;0,0;-0,02;-0,02;-0,01;-0,01;-0,02;-0,02;-0,01;-0,01;-0,01;-0,01;-0,01;-0,01;-0,02;-0,02;-0,02;-0,02;-0,01;-0,01;-0,01;-0,01;-0,01;-0,01;-0,02;-0,02;-0,02;-0,02;0,0;0,0;-0,02;-0,02
28.08.2026;06:00;06:15;0,0;0,0;0,0;0,0;0,0;0,0;-0,08;-0,08;-0,01;-0,01;-0,02;-0,02;-0,04;-0,04;-0,01;-0,01;-0,01;-0,01;-0,13;-0,13;-0,01;-0,01;-0,03;-0,03;0,0;0,0;-0,02;-0,02;-0,02;-0,02;-0,02;-0,02;0,0;0,0;-0,01;-0,01;0,0;0,0;-0,03;-0,03;0,0;0,0;-0,01;-0,01;-0,01;-0,01;-0,03;-0,03;-0,01;-0,01;-0,03;-0,03;-0,02;-0,02;-0,03;-0,03
28.08.2026;06:15;06:30;0,01;0,01;0,0;0,0;-0,02;-0,02;-0,14;-0,14;-0,01;-0,01;-0,01;-0,01;-0,03;-0,03;-0,01;-0,01;-0,02;-0,02;-0,03;-0,03;-0,01;-0,01;-0,02;-0,02;0,0;0,0;-0,03;-0,03;-0,03;-0,03;0,0;0,0;-0,01;-0,01;-0,01;-0,01;-0,02;-0,02;-0,03;-0,03;-0,08;-0,08;-0,01;-0,01;-0,02;-0,02;-0,02;-0,02;-0,02;-0,02;-0,04;-0,04;-0,01;-0,01;-0,02;-0,02
28.08.2026;06:30;06:45;0,04;0,04;0,0;0,0;-0,03;-0,03;-0,13;-0,13;0,0;0,0;-0,02;-0,02;-0,04;-0,04;0,0;0,0;-0,01;-0,01;-0,03;-0,03;-0,02;-0,02;-0,02;-0,02;0,0;0,0;-0,01;-0,01;-0,03;-0,03;-0,02;-0,02;0,0;0,0;-0,01;-0,01;-0,01;-0,01;-0,03;-0,03;-0,02;-0,02;-0,01;-0,01;-0,01;-0,01;-0,02;-0,02;0,0;0,0;-0,02;-0,02;-0,05;-0,05;-0,02;-0,02
28.08.2026;06:45;07:00;0,07;0,07;-0,01;-0,01;-0,48;-0,48;-0,09;-0,09;-0,01;-0,01;-0,01;-0,01;-0,11;-0,11;-0,01;-0,01;-0,01;-0,01;0,0;0,0;0,0;0,0;0,0;0,0;0,0;0,0;-0,03;-0,03;-0,04;-0,04;-0,01;-0,01;-0,01;-0,01;-0,02;-0,02;-0,04;-0,04;-0,1;-0,1;-0,03;-0,03;-0,03;-0,03;-0,01;-0,01;-0,02;-0,02;0,0;0,0;-0,03;-0,03;-0,02;-0,02;-0,03;-0,03
28.08.2026;07:00;07:15;0,14;0,11;0,0;0,0;-0,43;-0,43;-0,14;-0,11;0,0;0,0;0,0;0,0;-0,06;-0,06;-0,01;-0,01;-0,02;-0,02;-0,01;-0,01;0,0;0,0;-0,01;-0,01;0,0;0,0;-0,02;-0,02;-0,03;-0,03;0,0;0,0;-0,03;-0,03;-0,03;-0,03;-0,02;-0,02;-0,03;-0,03;-0,02;-0,02;-0,01;-0,01;-0,01;-0,01;-0,01;-0,01;-0,01;-0,01;-0,01;-0,01;-0,01;-0,01;-0,02;-0,02
28.08.2026;07:15;07:30;0,31;0,08;0,0;0,0;-0,27;-0,26;-0,14;-0,12;-0,01;0,0;-0,01;0,0;-0,08;-0,07;-0,01;0,0;-0,01;0,0;0,0;0,0;0,0;0,0;-0,01;0,0;0,0;0,0;0,0;0,0;-0,15;-0,14;-0,02;-0,01;-0,02;-0,01;-0,01;0,0;-0,02;-0,01;-0,09;-0,08;-0,01;0,0;-0,01;0,0;-0,01;0,0;-0,01;0,0;-0,01;0,0;-0,01;0,0;-0,01;0,0;-0,02;-0,01
28.08.2026;07:30;07:45;0,39;0,12;0,0;0,0;-0,03;-0,02;-0,07;0,0;-0,01;0,0;0,0;0,0;-0,05;-0,04;0,0;0,0;-0,03;-0,02;-0,01;0,0;-0,02;-0,01;-0,01;0,0;-0,01;0,0;-0,01;0,0;-0,18;-0,17;-0,01;0,0;0,0;0,0;-0,02;-0,01;-0,04;-0,03;-0,25;-0,24;-0,01;0,0;-0,01;0,0;-0,01;0,0;0,0;0,0;-0,02;-0,01;0,0;0,0;-0,08;-0,07;-0,02;-0,01
28.08.2026;07:45;08:00;0,6;0,19;0,0;0,0;-0,04;-0,02;-0,09;0,0;0,0;0,0;-0,01;0,0;-0,19;-0,17;-0,01;0,0;-0,03;-0,01;0,0;0,0;-0,01;0,0;-0,01;0,0;0,0;0,0;-0,02;0,0;-0,11;-0,09;-0,01;0,0;-0,01;0,0;-0,01;0,0;-0,02;0,0;-0,29;-0,27;-0,01;0,0;-0,01;0,0;-0,01;0,0;-0,02;0,0;-0,01;0,0;-0,02;0,0;-0,09;-0,07;-0,01;0,0
28.08.2026;08:00;08:15;0,82;0,25;-0,01;0,0;-0,03;0,0;-0,1;0,0;-0,01;0,0;-0,02;0,0;-0,52;-0,48;-0,01;0,0;-0,01;0,0;-0,02;0,0;-0,01;0,0;0,0;0,0;0,0;0,0;-0,16;-0,12;-0,25;-0,21;-0,01;0,0;0,0;0,0;-0,01;0,0;-0,03;0,0;-0,49;-0,45;-0,01;0,0;-0,02;0,0;-0,01;0,0;-0,02;0,0;-0,01;0,0;-0,01;0,0;-0,08;-0,04;-0,02;0,0
28.08.2026;08:15;08:30;1,03;0,36;0,0;0,0;-0,04;0,0;-0,08;0,0;0,0;0,0;-0,01;0,0;-0,35;-0,28;-0,01;0,0;-0,02;0,0;-0,02;0,0;-0,02;0,0;-0,01;0,0;0,0;0,0;-0,15;-0,08;-0,02;0,0;-0,01;0,0;-0,01;0,0;-0,01;0,0;-0,03;0,0;-0,2;-0,13;0,0;0,0;-0,03;0,0;-0,01;0,0;-0,02;0,0;-0,01;0,0;-0,01;0,0;-0,38;-0,31;-0,02;0,0
28.08.2026;08:30;08:45;0,82;0,28;0,0;0,0;-0,03;0,0;-0,07;0,0;-0,01;0,0;-0,01;0,0;-0,33;-0,27;0,0;0,0;-0,02;0,0;-0,02;0,0;0,0;0,0;-0,01;0,0;0,0;0,0;-0,04;0,0;-0,01;0,0;-0,01;0,0;-0,02;0,0;-0,01;0,0;-0,02;0,0;-0,34;-0,28;-0,01;0,0;0,0;0,0;-0,01;0,0;-0,01;0,0;-0,01;0,0;-0,02;0,0;-0,52;-0,46;-0,02;0,0
28.08.2026;08:45;09:00;0,02;0,02;0,0;0,0;-0,03;-0,03;-0,14;-0,14;-0,01;-0,01;-0,02;-0,02;-0,45;-0,45;-0,01;-0,01;-0,03;-0,03;-0,01;-0,01;0,0;0,0;-0,01;-0,01;0,0;0,0;-0,03;-0,03;-0,01;-0,01;-0,01;-0,01;-0,04;-0,04;-0,02;-0,02;-0,04;-0,04;-0,12;-0,12;-0,02;-0,02;-0,01;-0,01;-0,01;-0,01;0,0;0,0;-0,02;-0,02;-0,01;-0,01;-0,04;-0,04;-0,02;-0,02
28.08.2026;09:00;09:15;0,0;0,0;-0,01;-0,01;-0,03;-0,03;-0,1;-0,1;0,0;0,0;0,0;0,0;-0,32;-0,32;-0,01;-0,01;-0,04;-0,04;-0,01;-0,01;0,0;0,0;-0,01;-0,01;0,0;0,0;-0,03;-0,03;-0,01;-0,01;-0,01;-0,01;-0,01;-0,01;-0,01;-0,01;-0,02;-0,02;-0,12;-0,12;0,0;0,0;-0,01;-0,01;-0,01;-0,01;-0,01;-0,01;-0,01;-0,01;-0,03;-0,03;-0,03;-0,03;-0,01;-0,01
28.08.2026;09:15;09:30;0,91;0,33;0,0;0,0;0,0;0,0;-0,09;0,0;-0,01;0,0;-0,01;0,0;-0,39;-0,32;-0,01;0,0;-0,18;-0,11;0,0;0,0;-0,02;0,0;-0,01;0,0;0,0;0,0;-0,01;0,0;-0,02;0,0;-0,01;0,0;-0,01;0,0;-0,01;0,0;-0,03;0,0;-0,11;-0,04;-0,02;0,0;-0,02;0,0;-0,01;0,0;-0,01;0,0;-0,01;0,0;0,0;0,0;-0,04;0,0;-0,02;0,0
28.08.2026;09:30;09:45;1,44;0,77;0,0;0,0;-0,01;0,0;-0,06;0,0;-0,01;0,0;0,0;0,0;-0,39;-0,25;0,0;0,0;-0,05;0,0;-0,01;0,0;-0,01;0,0;0,0;0,0;0,0;0,0;-0,02;0,0;-0,03;0,0;-0,01;0,0;-0,01;0,0;-0,01;0,0;-0,04;0,0;-0,1;0,0;0,0;0,0;-0,02;0,0;-0,01;0,0;-0,01;0,0;-0,01;0,0;-0,02;0,0;-0,07;0,0;-0,02;0,0
28.08.2026;09:45;10:00;1,63;0,95;0,0;0,0;-0,01;0,0;-0,09;0,0;0,0;0,0;-0,01;0,0;-0,15;0,0;-0,01;0,0;-0,05;0,0;-0,01;0,0;-0,02;0,0;-0,01;0,0;0,0;0,0;-0,02;0,0;-0,03;0,0;-0,01;0,0;-0,01;0,0;-0,01;0,0;-0,02;0,0;-0,02;0,0;-0,01;0,0;-0,02;0,0;-0,01;0,0;-0,02;0,0;-0,01;0,0;-0,01;0,0;-0,11;0,0;-0,01;0,0
28.08.2026;10:00;10:15;1,19;0,45;0,0;0,0;-0,03;0,0;-0,07;0,0;0,0;0,0;-0,01;0,0;-0,36;-0,26;-0,01;0,0;-0,03;0,0;0,0;0,0;-0,01;0,0;-0,01;0,0;0,0;0,0;-0,01;0,0;-0,27;-0,17;-0,01;0,0;-0,01;0,0;-0,01;0,0;-0,03;0,0;-0,09;0,0;-0,02;0,0;-0,01;0,0;-0,01;0,0;-0,02;0,0;-0,02;0,0;-0,02;0,0;-0,11;-0,01;-0,01;0,0
28.08.2026;10:15;10:30;2,14;1,21;-0,01;0,0;-0,03;0,0;-0,07;0,0;-0,01;0,0;-0,02;0,0;-0,36;-0,11;-0,01;0,0;-0,03;0,0;-0,01;0,0;0,0;0,0;-0,01;0,0;0,0;0,0;0,0;0,0;-0,25;0,0;-0,01;0,0;-0,02;0,0;-0,02;0,0;-0,02;0,0;-0,02;0,0;0,0;0,0;0,0;0,0;-0,01;0,0;-0,01;0,0;-0,01;0,0;0,0;0,0;-0,11;0,0;0,0;0,0
28.08.2026;10:30;10:45;2,38;1,34;0,0;0,0;-0,02;0,0;-0,1;0,0;0,0;0,0;-0,01;0,0;-0,06;0,0;0,0;0,0;-0,04;0,0;-0,02;0,0;0,0;0,0;-0,01;0,0;0,0;0,0;-0,03;0,0;-0,33;-0,07;-0,01;0,0;-0,01;0,0;-0,01;0,0;-0,03;0,0;-0,02;0,0;-0,01;0,0;-0,02;0,0;-0,01;0,0;-0,02;0,0;-0,18;0,0;-0,03;0,0;-0,14;0,0;0,0;0,0
28.08.2026;10:45;11:00;2,81;1,8;0,0;0,0;-0,05;0,0;-0,11;0,0;-0,01;0,0;-0,01;0,0;-0,04;0,0;-0,02;0,0;-0,1;0,0;-0,02;0,0;0,0;0,0;0,0;0,0;0,0;0,0;-0,01;0,0;-0,08;0,0;-0,01;0,0;-0,01;0,0;-0,03;0,0;-0,03;0,0;-0,02;0,0;-0,01;0,0;-0,03;0,0;-0,01;0,0;-0,01;0,0;-0,26;0,0;-0,01;0,0;-0,13;0,0;0,0;0,0
28.08.2026;11:00;11:15;3,04;2,04;0,0;0,0;-0,02;0,0;-0,08;0,0;-0,01;0,0;-0,02;0,0;-0,15;0,0;0,0;0,0;-0,02;0,0;-0,02;0,0;-0,02;0,0;-0,02;0,0;0,0;0,0;-0,01;0,0;-0,24;0,0;-0,02;0,0;0,0;0,0;-0,05;0,0;-0,02;0,0;-0,02;0,0;-0,01;0,0;-0,01;0,0;-0,01;0,0;-0,02;0,0;-0,04;0,0;-0,01;0,0;-0,18;0,0;0,0;0,0
28.08.2026;11:15;11:30;3,06;2,15;-0,01;0,0;-0,02;0,0;-0,08;0,0;0,0;0,0;0,0;0,0;-0,12;0,0;-0,01;0,0;-0,02;0,0;-0,01;0,0;-0,01;0,0;0,0;0,0;0,0;0,0;0,0;0,0;-0,08;0,0;0,0;0,0;-0,01;0,0;-0,01;0,0;-0,03;0,0;-0,02;0,0;-0,01;0,0;-0,01;0,0;-0,01;0,0;-0,01;0,0;-0,04;0,0;-0,01;0,0;-0,38;0,0;-0,01;0,0
28.08.2026;11:30;11:45;3,28;2,31;0,0;0,0;-0,02;0,0;-0,21;0,0;-0,01;0,0;-0,01;0,0;-0,16;0,0;-0,02;0,0;-0,02;0,0;0,0;0,0;-0,02;0,0;-0,01;0,0;-0,01;0,0;-0,09;0,0;-0,04;0,0;-0,01;0,0;-0,01;0,0;-0,02;0,0;-0,03;0,0;-0,02;0,0;-0,01;0,0;-0,01;0,0;-0,01;0,0;0,0;0,0;-0,12;0,0;-0,01;0,0;-0,07;0,0;-0,03;0,0
28.08.2026;11:45;12:00;3,37;2,05;0,0;0,0;-0,01;0,0;-0,07;0,0;0,0;0,0;0,0;0,0;-0,06;0,0;-0,06;0,0;0,0;0,0;-0,01;0,0;-0,01;0,0;-0,01;0,0;0,0;0,0;-0,33;0,0;-0,05;0,0;-0,01;0,0;-0,11;0,0;-0,02;0,0;-0,02;0,0;-0,03;0,0;-0,01;0,0;-0,02;0,0;-0,02;0,0;-0,01;0,0;-0,56;-0,15;-0,02;0,0;-0,01;0,0;-0,02;0,0
28.08.2026;12:00;12:15;3,32;2,16;0,0;0,0;-0,02;0,0;-0,11;0,0;-0,01;0,0;-0,01;0,0;-0,06;0,0;-0,02;0,0;-0,02;0,0;0,0;0,0;-0,01;0,0;-0,01;0,0;0,0;0,0;-0,25;0,0;-0,04;0,0;-0,01;0,0;-0,09;0,0;-0,01;0,0;-0,04;0,0;-0,02;0,0;-0,01;0,0;-0,02;0,0;-0,03;0,0;-0,01;0,0;-0,32;0,0;-0,01;0,0;-0,01;0,0;-0,02;0,0
28.08.2026;12:15;12:30;2,25;1,5;0,0;0,0;-0,02;0,0;-0,08;0,0;-0,01;0,0;-0,01;0,0;-0,05;0,0;-0,02;0,0;-0,02;0,0;-0,01;0,0;0,0;0,0;-0,01;0,0;0,0;0,0;-0,05;0,0;-0,04;0,0;-0,01;0,0;-0,02;0,0;-0,02;0,0;-0,02;0,0;-0,02;0,0;-0,01;0,0;-0,01;0,0;-0,01;0,0;-0,01;0,0;-0,41;-0,14;-0,01;0,0;-0,01;0,0;-0,01;0,0
28.08.2026;12:30;12:45;0,37;0,11;-0,01;0,0;-0,04;-0,03;-0,13;-0,08;0,0;0,0;-0,02;-0,01;-0,34;-0,33;-0,02;-0,01;-0,01;0,0;-0,01;0,0;0,0;0,0;0,0;0,0;0,0;0,0;-0,02;-0,01;-0,04;-0,03;-0,01;0,0;0,0;0,0;-0,01;0,0;-0,03;-0,02;-0,02;-0,01;-0,01;0,0;-0,01;0,0;-0,02;-0,01;-0,02;-0,01;-0,07;-0,06;-0,01;0,0;-0,02;-0,01;-0,02;-0,01
28.08.2026;12:45;13:00;1,46;0,87;0,0;0,0;-0,02;0,0;-0,08;0,0;-0,01;0,0;-0,01;0,0;-0,23;-0,06;-0,02;0,0;-0,02;0,0;-0,02;0,0;-0,01;0,0;-0,01;0,0;0,0;0,0;-0,04;0,0;-0,04;0,0;-0,01;0,0;0,0;0,0;0,0;0,0;-0,02;0,0;-0,02;0,0;-0,01;0,0;-0,01;0,0;-0,01;0,0;-0,01;0,0;-0,02;0,0;-0,01;0,0;-0,01;0,0;-0,01;0,0
28.08.2026;13:00;13:15;3,37;2,57;0,0;0,0;-0,02;0,0;-0,13;0,0;-0,01;0,0;-0,01;0,0;-0,2;0,0;-0,01;0,0;-0,01;0,0;-0,02;0,0;-0,01;0,0;-0,01;0,0;0,0;0,0;-0,03;0,0;-0,03;0,0;-0,02;0,0;-0,02;0,0;-0,05;0,0;-0,09;0,0;-0,03;0,0;-0,01;0,0;-0,02;0,0;-0,02;0,0;-0,02;0,0;0,0;0,0;-0,01;0,0;-0,01;0,0;-0,01;0,0
28.08.2026;13:15;13:30;3,19;1,82;0,0;0,0;-0,01;0,0;-0,12;0,0;0,0;0,0;-0,02;0,0;-0,25;0,0;0,0;0,0;-0,01;0,0;-0,02;0,0;-0,02;0,0;-0,01;0,0;0,0;0,0;-0,03;0,0;-0,04;0,0;0,0;0,0;-0,22;0,0;-0,64;-0,26;-0,12;0,0;-0,02;0,0;-0,01;0,0;-0,02;0,0;-0,01;0,0;-0,01;0,0;-0,01;0,0;-0,01;0,0;-0,01;0,0;-0,02;0,0
28.08.2026;13:30;13:45;2,91;1,93;-0,01;0,0;-0,02;0,0;-0,17;0,0;-0,01;0,0;-0,01;0,0;-0,06;0,0;-0,02;0,0;-0,02;0,0;-0,01;0,0;-0,01;0,0;-0,01;0,0;0,0;0,0;-0,03;0,0;-0,04;0,0;-0,02;0,0;-0,03;0,0;-0,7;-0,33;-0,02;0,0;-0,03;0,0;-0,01;0,0;-0,02;0,0;-0,01;0,0;-0,02;0,0;0,0;0,0;-0,01;0,0;-0,02;0,0;0,0;0,0
28.08.2026;13:45;14:00;2,49;1,67;0,0;0,0;-0,02;0,0;-0,08;0,0;0,0;0,0;0,0;0,0;-0,05;0,0;-0,01;0,0;-0,02;0,0;0,0;0,0;-0,01;0,0;-0,01;0,0;0,0;0,0;-0,03;0,0;-0,04;0,0;-0,01;0,0;-0,01;0,0;-0,44;-0,12;-0,04;0,0;-0,03;0,0;-0,01;0,0;0,0;0,0;-0,01;0,0;-0,01;0,0;-0,01;0,0;-0,02;0,0;-0,08;0,0;0,0;0,0
28.08.2026;14:00;14:15;2,63;1,68;0,0;0,0;-0,02;0,0;-0,06;0,0;-0,01;0,0;0,0;0,0;-0,05;0,0;0,0;0,0;-0,01;0,0;-0,01;0,0;-0,01;0,0;0,0;0,0;0,0;0,0;-0,03;0,0;-0,04;0,0;-0,01;0,0;0,0;0,0;-0,23;0,0;-0,02;0,0;-0,02;0,0;-0,01;0,0;-0,02;0,0;-0,01;0,0;-0,02;0,0;-0,02;0,0;-0,01;0,0;-0,47;-0,13;0,0;0,0
28.08.2026;14:15;14:30;2,67;1,93;0,0;0,0;-0,01;0,0;-0,17;0,0;-0,01;0,0;-0,01;0,0;-0,06;0,0;-0,01;0,0;-0,02;0,0;0,0;0,0;0,0;0,0;-0,02;0,0;0,0;0,0;-0,02;0,0;-0,04;0,0;-0,01;0,0;-0,01;0,0;-0,12;0,0;-0,02;0,0;-0,02;0,0;-0,01;0,0;-0,02;0,0;-0,01;0,0;0,0;0,0;-0,01;0,0;-0,01;0,0;-0,13;0,0;0,0;0,0
28.08.2026;14:30;14:45;2,09;1,4;0,0;0,0;-0,02;0,0;-0,08;0,0;0,0;0,0;-0,01;0,0;-0,15;0,0;-0,01;0,0;-0,02;0,0;-0,01;0,0;0,0;0,0;0,0;0,0;0,0;0,0;-0,02;0,0;-0,04;0,0;-0,01;0,0;-0,1;0,0;-0,06;0,0;-0,04;0,0;-0,02;0,0;-0,01;0,0;-0,02;0,0;-0,01;0,0;-0,01;0,0;-0,01;0,0;0,0;0,0;-0,03;0,0;-0,01;0,0
28.08.2026;14:45;15:00;1,57;0,65;-0,01;0,0;-0,02;0,0;-0,12;0,0;-0,03;0,0;-0,02;0,0;-0,08;0,0;-0,01;0,0;-0,05;0,0;0,0;0,0;-0,01;0,0;-0,01;0,0;-0,01;0,0;-0,04;0,0;-0,04;0,0;-0,01;0,0;-0,13;0,0;-0,07;0,0;-0,02;0,0;-0,02;0,0;-0,01;0,0;-0,01;0,0;-0,01;0,0;0,0;0,0;-0,01;0,0;-0,02;0,0;-0,25;-0,11;-0,02;0,0
28.08.2026;15:00;15:15;1,55;0,56;0,0;0,0;-0,02;0,0;-0,15;0,0;-0,05;0,0;-0,01;0,0;-0,06;0,0;0,0;0,0;-0,08;0,0;-0,02;0,0;-0,02;0,0;-0,01;0,0;0,0;0,0;-0,02;0,0;-0,04;0,0;-0,01;0,0;-0,14;-0,01;-0,1;0,0;-0,04;0,0;-0,02;0,0;0,0;0,0;-0,01;0,0;-0,01;0,0;-0,02;0,0;-0,02;0,0;-0,01;0,0;-0,5;-0,37;-0,01;0,0
28.08.2026;15:15;15:30;2,52;1,61;0,0;0,0;-0,01;0,0;-0,09;0,0;-0,05;0,0;-0,01;0,0;-0,06;0,0;-0,02;0,0;-0,03;0,0;-0,02;0,0;-0,01;0,0;0,0;0,0;0,0;0,0;-0,02;0,0;-0,04;0,0;-0,01;0,0;-0,1;0,0;-0,13;0,0;-0,02;0,0;-0,02;0,0;-0,02;0,0;-0,02;0,0;-0,01;0,0;-0,01;0,0;-0,01;0,0;-0,01;0,0;-0,17;0,0;-0,02;0,0
28.08.2026;15:30;15:45;2,46;1,75;0,0;0,0;-0,02;0,0;-0,07;0,0;-0,05;0,0;-0,02;0,0;-0,06;0,0;-0,01;0,0;-0,03;0,0;-0,02;0,0;-0,02;0,0;-0,02;0,0;0,0;0,0;-0,03;0,0;-0,03;0,0;-0,01;0,0;-0,01;0,0;-0,14;0,0;-0,04;0,0;-0,03;0,0;-0,01;0,0;-0,02;0,0;-0,01;0,0;-0,02;0,0;-0,01;0,0;-0,01;0,0;-0,01;0,0;-0,01;0,0
28.08.2026;15:45;16:00;1,59;0,68;-0,01;0,0;-0,02;0,0;-0,21;0,0;-0,06;0,0;-0,01;0,0;-0,05;0,0;0,0;0,0;-0,03;0,0;-0,02;0,0;-0,01;0,0;-0,09;0,0;0,0;0,0;-0,06;0,0;-0,04;0,0;-0,01;0,0;-0,02;0,0;-0,17;-0,03;-0,02;0,0;-0,03;0,0;-0,01;0,0;-0,01;0,0;-0,01;0,0;-0,01;0,0;-0,01;0,0;-0,02;0,0;-0,01;0,0;0,0;0,0
28.08.2026;16:00;16:15;0,13;0,11;0,0;0,0;-0,02;-0,02;-0,22;-0,2;-0,05;-0,05;-0,01;-0,01;-0,06;-0,06;-0,01;-0,01;-0,02;-0,02;0,0;0,0;0,0;0,0;-0,02;-0,02;0,0;0,0;-0,38;-0,38;-0,04;-0,04;-0,01;-0,01;-0,01;-0,01;-0,18;-0,18;-0,03;-0,03;-0,02;-0,02;-0,01;-0,01;-0,01;-0,01;-0,01;-0,01;-0,02;-0,02;-0,01;-0,01;-0,01;-0,01;-0,02;-0,02;0,0;0,0
28.08.2026;16:15;16:30;0,0;0,0;0,0;0,0;-0,03;-0,03;-0,24;-0,24;-0,05;-0,05;0,0;0,0;-0,06;-0,06;-0,01;-0,01;-0,23;-0,23;-0,01;-0,01;0,0;0,0;-0,01;-0,01;0,0;0,0;-0,27;-0,27;-0,04;-0,04;-0,01;-0,01;-0,01;-0,01;-0,16;-0,16;-0,03;-0,03;-0,04;-0,04;-0,01;-0,01;-0,01;-0,01;-0,01;-0,01;-0,01;-0,01;-0,02;-0,02;0,0;0,0;-0,02;-0,02;-0,01;-0,01
28.08.2026;16:30;16:45;1,22;0,44;0,0;0,0;-0,03;0,0;-0,08;0,0;-0,05;0,0;0,0;0,0;-0,12;-0,03;-0,01;0,0;-0,21;-0,12;0,0;0,0;-0,01;0,0;-0,01;0,0;0,0;0,0;-0,18;-0,09;-0,04;0,0;-0,01;0,0;-0,02;0,0;-0,16;-0,07;-0,02;0,0;-0,02;0,0;-0,01;0,0;-0,02;0,0;-0,01;0,0;-0,02;0,0;-0,01;0,0;-0,01;0,0;-0,03;0,0;-0,01;0,0
28.08.2026;16:45;17:00;1,28;0,42;-0,01;0,0;-0,03;0,0;-0,18;0,0;-0,05;0,0;-0,01;0,0;-0,09;0,0;0,0;0,0;-0,17;-0,08;-0,01;0,0;-0,01;0,0;-0,02;0,0;0,0;0,0;-0,04;0,0;-0,04;0,0;-0,01;0,0;-0,01;0,0;-0,18;-0,09;-0,04;0,0;-0,02;0,0;-0,01;0,0;-0,02;0,0;-0,01;0,0;-0,01;0,0;-0,01;0,0;-0,02;0,0;-0,02;0,0;-0,01;0,0
28.08.2026;17:00;17:15;1,27;0,42;0,0;0,0;-0,03;0,0;-0,25;0,0;-0,05;0,0;-0,02;0,0;-0,04;0,0;-0,02;0,0;-0,16;-0,07;-0,01;0,0;-0,01;0,0;-0,01;0,0;0,0;0,0;-0,03;0,0;-0,04;0,0;-0,02;0,0;-0,01;0,0;-0,16;-0,07;-0,02;0,0;-0,02;0,0;-0,01;0,0;-0,01;0,0;-0,01;0,0;0,0;0,0;-0,02;0,0;0,0;0,0;-0,02;0,0;-0,02;0,0
28.08.2026;17:15;17:30;1,38;0,45;0,0;0,0;-0,03;0,0;-0,32;0,0;-0,03;0,0;-0,01;0,0;-0,04;0,0;0,0;0,0;-0,12;-0,02;-0,01;0,0;-0,02;0,0;-0,01;0,0;0,0;0,0;-0,01;0,0;-0,04;0,0;-0,01;0,0;-0,02;0,0;-0,03;0,0;-0,03;0,0;-0,03;0,0;-0,01;0,0;-0,01;0,0;-0,01;0,0;-0,01;0,0;-0,24;-0,14;-0,03;0,0;-0,01;0,0;-0,01;0,0
28.08.2026;17:30;17:45;0,65;0,18;0,0;0,0;-0,04;-0,02;-0,27;-0,17;-0,01;0,0;-0,02;0,0;-0,05;-0,03;-0,01;0,0;-0,11;-0,09;-0,02;0,0;-0,01;0,0;-0,19;-0,17;0,0;0,0;-0,02;0,0;-0,03;-0,01;0,0;0,0;-0,01;0,0;-0,03;-0,01;-0,02;0,0;-0,04;-0,02;-0,01;0,0;-0,02;0,0;-0,01;0,0;-0,01;0,0;-0,01;0,0;-0,02;0,0;-0,02;0,0;-0,01;0,0
28.08.2026;17:45;18:00;0,43;0,13;0,0;0,0;-0,09;-0,08;-0,23;-0,16;-0,01;0,0;-0,01;0,0;-0,12;-0,11;-0,01;0,0;-0,11;-0,1;-0,02;-0,01;-0,01;0,0;-0,5;-0,49;0,0;0,0;-0,01;0,0;-0,04;-0,03;-0,02;-0,01;-0,01;0,0;0,0;0,0;-0,03;-0,02;-0,06;-0,05;-0,01;0,0;-0,02;-0,01;-0,02;-0,01;-0,01;0,0;-0,02;-0,01;-0,01;0,0;-0,01;0,0;-0,42;-0,41
28.08.2026;18:00;18:15;0,26;0,19;-0,01;-0,01;-0,03;-0,03;-0,12;-0,05;-0,01;-0,01;-0,01;-0,01;-0,04;-0,04;-0,01;-0,01;-0,13;-0,13;-0,02;-0,02;0,0;0,0;-0,03;-0,03;0,0;0,0;-0,01;-0,01;-0,03;-0,03;-0,01;-0,01;-0,01;-0,01;-0,01;-0,01;-0,03;-0,03;-0,2;-0,2;-0,01;-0,01;-0,01;-0,01;-0,03;-0,03;-0,01;-0,01;-0,02;-0,02;-0,01;-0,01;-0,2;-0,2;-0,26;-0,26
28.08.2026;18:15;18:30;0,25;0,18;0,0;0,0;-0,03;-0,03;-0,26;-0,19;-0,01;-0,01;-0,02;-0,02;-0,15;-0,15;-0,01;-0,01;-0,11;-0,11;-0,01;-0,01;0,0;0,0;-0,02;-0,02;0,0;0,0;0,0;0,0;-0,03;-0,03;-0,01;-0,01;0,0;0,0;-0,01;-0,01;-0,02;-0,02;-0,28;-0,28;-0,01;-0,01;-0,01;-0,01;-0,04;-0,04;-0,01;-0,01;-0,01;-0,01;0,0;0,0;-0,43;-0,43;-0,21;-0,21
28.08.2026;18:30;18:45;0,24;0,18;0,0;0,0;-0,03;-0,03;-0,15;-0,09;-0,01;-0,01;0,0;0,0;-0,22;-0,22;0,0;0,0;-0,1;-0,1;0,0;0,0;-0,01;-0,01;-0,02;-0,02;0,0;0,0;-0,02;-0,02;-0,02;-0,02;-0,02;-0,02;-0,01;-0,01;-0,02;-0,02;-0,04;-0,04;-0,23;-0,23;-0,01;-0,01;-0,01;-0,01;-0,05;-0,05;-0,02;-0,02;-0,02;-0,02;-0,02;-0,02;-0,11;-0,11;-0,05;-0,05
28.08.2026;18:45;19:00;0,13;0,11;0,0;0,0;-0,04;-0,04;-0,09;-0,07;0,0;0,0;0,0;0,0;-0,27;-0,27;-0,01;-0,01;-0,02;-0,02;-0,01;-0,01;-0,02;-0,02;-0,02;-0,02;-0,01;-0,01;-0,01;-0,01;-0,04;-0,04;-0,02;-0,02;0,0;0,0;-0,01;-0,01;-0,02;-0,02;-0,17;-0,17;-0,01;-0,01;-0,03;-0,03;-0,05;-0,05;-0,01;-0,01;-0,01;-0,01;-0,01;-0,01;-0,06;-0,06;-0,04;-0,04
28.08.2026;19:00;19:15;0,06;0,06;-0,01;-0,01;-0,03;-0,03;-0,09;-0,09;-0,01;-0,01;-0,01;-0,01;-0,23;-0,23;-0,01;-0,01;-0,02;-0,02;0,0;0,0;-0,01;-0,01;-0,01;-0,01;0,0;0,0;-0,01;-0,01;-0,11;-0,11;-0,01;-0,01;-0,01;-0,01;0,0;0,0;-0,03;-0,03;-0,09;-0,09;-0,01;-0,01;-0,02;-0,02;-0,04;-0,04;-0,02;-0,02;-0,02;-0,02;-0,01;-0,01;-0,06;-0,06;-0,03;-0,03
28.08.2026;19:15;19:30;0,01;0,01;0,0;0,0;-0,04;-0,04;-0,09;-0,09;-0,01;-0,01;-0,01;-0,01;-0,2;-0,2;-0,01;-0,01;-0,03;-0,03;-0,01;-0,01;-0,01;-0,01;-0,02;-0,02;0,0;0,0;-0,01;-0,01;-0,05;-0,05;-0,01;-0,01;-0,01;-0,01;-0,01;-0,01;-0,03;-0,03;-0,06;-0,06;-0,01;-0,01;0,0;0,0;-0,05;-0,05;-0,01;-0,01;-0,01;-0,01;-0,01;-0,01;-0,04;-0,04;-0,04;-0,04
28.08.2026;19:30;19:45;0,0;0,0;0,0;0,0;-0,09;-0,09;-0,17;-0,17;-0,01;-0,01;-0,01;-0,01;-0,05;-0,05;0,0;0,0;-0,01;-0,01;-0,01;-0,01;-0,02;-0,02;-0,02;-0,02;0,0;0,0;-0,02;-0,02;-0,05;-0,05;-0,03;-0,03;-0,02;-0,02;-0,02;-0,02;-0,02;-0,02;-0,06;-0,06;-0,01;-0,01;-0,01;-0,01;-0,07;-0,07;-0,03;-0,03;-0,02;-0,02;-0,02;-0,02;-0,06;-0,06;-0,04;-0,04
28.08.2026;19:45;20:00;0,0;0,0;0,0;0,0;-0,12;-0,12;-0,08;-0,08;-0,01;-0,01;-0,02;-0,02;-0,06;-0,06;-0,02;-0,02;-0,02;-0,02;-0,02;-0,02;0,0;0,0;-0,02;-0,02;0,0;0,0;0,0;0,0;-0,06;-0,06;-0,03;-0,03;-0,01;-0,01;-0,01;-0,01;-0,03;-0,03;-0,05;-0,05;-0,01;-0,01;-0,02;-0,02;-0,08;-0,08;-0,02;-0,02;0,0;0,0;-0,01;-0,01;-0,04;-0,04;-0,04;-0,04
28.08.2026;20:00;20:15;0,0;0,0;0,0;0,0;-0,04;-0,04;-0,22;-0,22;-0,01;-0,01;-0,01;-0,01;-0,07;-0,07;0,0;0,0;-0,02;-0,02;-0,02;-0,02;0,0;0,0;-0,03;-0,03;0,0;0,0;-0,01;-0,01;-0,05;-0,05;-0,03;-0,03;-0,01;-0,01;-0,02;-0,02;-0,03;-0,03;-0,04;-0,04;-0,01;-0,01;-0,02;-0,02;-0,08;-0,08;-0,01;-0,01;0,0;0,0;0,0;0,0;-0,05;-0,05;-0,06;-0,06
28.08.2026;20:15;20:30;0,0;0,0;-0,01;-0,01;-0,04;-0,04;-0,1;-0,1;0,0;0,0;-0,01;-0,01;-0,08;-0,08;-0,01;-0,01;-0,01;-0,01;-0,02;-0,02;0,0;0,0;-0,03;-0,03;0,0;0,0;-0,01;-0,01;-0,17;-0,17;-0,04;-0,04;-0,01;-0,01;0,0;0,0;-0,02;-0,02;-0,03;-0,03;-0,01;-0,01;-0,02;-0,02;-0,08;-0,08;-0,01;-0,01;-0,01;-0,01;-0,01;-0,01;-0,04;-0,04;-0,04;-0,04
28.08.2026;20:30;20:45;0,0;0,0;0,0;0,0;-0,05;-0,05;-0,2;-0,2;-0,01;-0,01;-0,02;-0,02;-0,07;-0,07;-0,01;-0,01;-0,02;-0,02;-0,01;-0,01;-0,02;-0,02;-0,05;-0,05;0,0;0,0;-0,02;-0,02;-0,05;-0,05;-0,02;-0,02;0,0;0,0;-0,01;-0,01;-0,03;-0,03;-0,03;-0,03;0,0;0,0;-0,01;-0,01;-0,08;-0,08;-0,03;-0,03;-0,01;-0,01;-0,02;-0,02;-0,05;-0,05;-0,04;-0,04
28.08.2026;20:45;21:00;0,0;0,0;0,0;0,0;-0,04;-0,04;-0,16;-0,16;-0,01;-0,01;0,0;0,0;-0,07;-0,07;-0,01;-0,01;-0,02;-0,02;0,0;0,0;-0,01;-0,01;-0,02;-0,02;0,0;0,0;-0,01;-0,01;-0,05;-0,05;-0,02;-0,02;0,0;0,0;-0,01;-0,01;-0,03;-0,03;-0,02;-0,02;-0,02;-0,02;-0,01;-0,01;-0,08;-0,08;-0,04;-0,04;-0,02;-0,02;0,0;0,0;-0,04;-0,04;-0,03;-0,03
28.08.2026;21:00;21:15;0,0;0,0;0,0;0,0;-0,04;-0,04;-0,16;-0,16;-0,01;-0,01;-0,01;-0,01;-0,1;-0,1;0,0;0,0;-0,01;-0,01;-0,01;-0,01;-0,02;-0,02;-0,01;-0,01;0,0;0,0;0,0;0,0;-0,06;-0,06;-0,25;-0,25;-0,01;-0,01;-0,01;-0,01;-0,03;-0,03;-0,03;-0,03;0,0;0,0;-0,02;-0,02;-0,08;-0,08;-0,04;-0,04;-0,02;-0,02;-0,02;-0,02;-0,04;-0,04;-0,04;-0,04
28.08.2026;21:15;21:30;0,0;0,0;-0,01;-0,01;-0,04;-0,04;-0,23;-0,23;0,0;0,0;0,0;0,0;-0,44;-0,44;-0,01;-0,01;-0,02;-0,02;0,0;0,0;-0,01;-0,01;-0,01;-0,01;0,0;0,0;-0,02;-0,02;-0,06;-0,06;-0,03;-0,03;-0,02;-0,02;-0,02;-0,02;-0,02;-0,02;-0,03;-0,03;-0,01;-0,01;-0,02;-0,02;-0,08;-0,08;-0,2;-0,2;-0,01;-0,01;-0,02;-0,02;-0,04;-0,04;-0,03;-0,03
28.08.2026;21:30;21:45;0,0;0,0;0,0;0,0;-0,03;-0,03;-0,24;-0,24;-0,01;-0,01;-0,01;-0,01;-0,13;-0,13;-0,01;-0,01;-0,03;-0,03;-0,01;-0,01;-0,01;-0,01;0,0;0,0;0,0;0,0;-0,03;-0,03;-0,06;-0,06;-0,03;-0,03;-0,02;-0,02;-0,01;-0,01;-0,04;-0,04;-0,03;-0,03;-0,02;-0,02;-0,01;-0,01;-0,08;-0,08;-0,34;-0,34;-0,02;-0,02;-0,01;-0,01;-0,04;-0,04;-0,04;-0,04
28.08.2026;21:45;22:00;0,0;0,0;0,0;0,0;-0,04;-0,04;-0,18;-0,18;-0,01;-0,01;-0,01;-0,01;-0,28;-0,28;-0,01;-0,01;-0,01;-0,01;-0,01;-0,01;0,0;0,0;-0,01;-0,01;0,0;0,0;-0,02;-0,02;-0,06;-0,06;-0,02;-0,02;-0,03;-0,03;-0,04;-0,04;-0,02;-0,02;-0,02;-0,02;0,0;0,0;-0,01;-0,01;-0,09;-0,09;-0,18;-0,18;-0,02;-0,02;-0,01;-0,01;-0,04;-0,04;-0,03;-0,03
28.08.2026;22:00;22:15;0,0;0,0;0,0;0,0;-0,03;-0,03;-0,12;-0,12;0,0;0,0;-0,02;-0,02;-0,15;-0,15;0,0;0,0;-0,02;-0,02;-0,02;-0,02;0,0;0,0;-0,01;-0,01;0,0;0,0;-0,02;-0,02;-0,05;-0,05;-0,01;-0,01;-0,03;-0,03;-0,09;-0,09;-0,01;-0,01;-0,03;-0,03;-0,01;-0,01;-0,01;-0,01;-0,07;-0,07;-0,29;-0,29;-0,01;-0,01;0,0;0,0;-0,04;-0,04;-0,03;-0,03
28.08.2026;22:15;22:30;0,0;0,0;0,0;0,0;-0,03;-0,03;-0,1;-0,1;-0,01;-0,01;-0,01;-0,01;-0,05;-0,05;-0,01;-0,01;-0,02;-0,02;-0,02;-0,02;-0,01;-0,01;-0,01;-0,01;0,0;0,0;-0,03;-0,03;-0,06;-0,06;-0,01;-0,01;-0,02;-0,02;-0,08;-0,08;-0,01;-0,01;-0,03;-0,03;-0,03;-0,03;-0,02;-0,02;-0,07;-0,07;-0,22;-0,22;-0,01;-0,01;-0,01;-0,01;-0,04;-0,04;-0,03;-0,03
28.08.2026;22:30;22:45;0,0;0,0;-0,01;-0,01;-0,04;-0,04;-0,08;-0,08;-0,01;-0,01;-0,01;-0,01;-0,04;-0,04;-0,01;-0,01;-0,01;-0,01;-0,01;-0,01;-0,01;-0,01;-0,01;-0,01;0,0;0,0;-0,03;-0,03;-0,05;-0,05;-0,01;-0,01;-0,01;-0,01;-0,06;-0,06;-0,01;-0,01;-0,02;-0,02;-0,03;-0,03;-0,02;-0,02;-0,05;-0,05;-0,04;-0,04;-0,02;-0,02;-0,02;-0,02;-0,03;-0,03;-0,03;-0,03
28.08.2026;22:45;23:00;0,0;0,0;0,0;0,0;-0,04;-0,04;-0,08;-0,08;-0,01;-0,01;-0,02;-0,02;-0,05;-0,05;-0,01;-0,01;-0,02;-0,02;-0,02;-0,02;-0,02;-0,02;0,0;0,0;0,0;0,0;-0,02;-0,02;-0,05;-0,05;-0,01;-0,01;-0,02;-0,02;-0,1;-0,1;-0,02;-0,02;-0,03;-0,03;-0,02;-0,02;-0,01;-0,01;-0,03;-0,03;-0,03;-0,03;-0,01;-0,01;0,0;0,0;-0,01;-0,01;-0,03;-0,03
28.08.2026;23:00;23:15;0,0;0,0;0,0;0,0;-0,03;-0,03;-0,07;-0,07;0,0;0,0;-0,01;-0,01;-0,04;-0,04;0,0;0,0;-0,02;-0,02;0,0;0,0;-0,01;-0,01;-0,01;-0,01;0,0;0,0;-0,02;-0,02;-0,03;-0,03;-0,02;-0,02;-0,03;-0,03;-0,26;-0,26;-0,01;-0,01;-0,03;-0,03;0,0;0,0;-0,01;-0,01;-0,02;-0,02;-0,03;-0,03;-0,02;-0,02;-0,02;-0,02;-0,01;-0,01;-0,03;-0,03
28.08.2026;23:15;23:30;0,0;0,0;0,0;0,0;-0,04;-0,04;-0,08;-0,08;-0,01;-0,01;0,0;0,0;-0,04;-0,04;-0,01;-0,01;-0,01;-0,01;-0,01;-0,01;-0,01;-0,01;-0,01;-0,01;-0,01;-0,01;-0,02;-0,02;-0,01;-0,01;0,0;0,0;-0,03;-0,03;-0,07;-0,07;-0,01;-0,01;-0,03;-0,03;-0,01;-0,01;-0,01;-0,01;-0,01;-0,01;-0,01;-0,01;-0,01;-0,01;-0,02;-0,02;-0,01;-0,01;-0,01;-0,01
28.08.2026;23:30;23:45;0,0;0,0;-0,01;-0,01;-0,02;-0,02;-0,09;-0,09;-0,01;-0,01;0,0;0,0;-0,05;-0,05;-0,01;-0,01;-0,02;-0,02;0,0;0,0;-0,01;-0,01;-0,01;-0,01;0,0;0,0;-0,02;-0,02;-0,01;-0,01;-0,02;-0,02;-0,02;-0,02;-0,05;-0,05;-0,01;-0,01;-0,04;-0,04;-0,01;-0,01;-0,03;-0,03;-0,01;-0,01;-0,04;-0,04;-0,02;-0,02;-0,02;-0,02;-0,02;-0,02;-0,02;-0,02
28.08.2026;23:45;00:00;0,0;0,0;0,0;0,0;-0,02;-0,02;-0,07;-0,07;-0,01;-0,01;-0,01;-0,01;-0,04;-0,04;-0,01;-0,01;-0,02;-0,02;-0,01;-0,01;0,0;0,0;-0,01;-0,01;0,0;0,0;-0,01;-0,01;-0,01;-0,01;-0,01;-0,01;-0,03;-0,03;-0,09;-0,09;-0,01;-0,01;-0,03;-0,03;-0,01;-0,01;-0,01;-0,01;-0,02;-0,02;-0,03;-0,03;-0,02;-0,02;-0,01;-0,01;-0,01;-0,01;-0,02;-0,02
29.08.2026;00:00;00:15;0,0;0,0;0,0;0,0;-0,03;-0,03;-0,06;-0,06;0,0;0,0;-0,01;-0,01;-0,04;-0,04;0,0;0,0;-0,02;-0,02;0,0;0,0;0,0;0,0;0,0;0,0;0,0;0,0;0,0;0,0;-0,01;-0,01;0,0;0,0;-0,02;-0,02;-0,07;-0,07;-0,02;-0,02;-0,03;-0,03;-0,01;-0,01;-0,01;-0,01;0,0;0,0;-0,02;-0,02;-0,02;-0,02;-0,02;-0,02;-0,01;-0,01;-0,03;-0,03
29.08.2026;00:15;00:30;0,0;0,0;0,0;0,0;-0,02;-0,02;-0,18;-0,18;-0,01;-0,01;-0,02;-0,02;-0,04;-0,04;-0,02;-0,02;-0,02;-0,02;-0,02;-0,02;-0,01;-0,01;-0,01;-0,01;0,0;0,0;-0,02;-0,02;-0,02;-0,02;-0,02;-0,02;-0,01;-0,01;-0,06;-0,06;0,0;0,0;-0,02;-0,02;-0,01;-0,01;-0,01;-0,01;-0,01;-0,01;-0,01;-0,01;-0,01;-0,01;-0,01;-0,01;-0,01;-0,01;-0,04;-0,04
29.08.2026;00:30;00:45;0,0;0,0;0,0;0,0;-0,02;-0,02;-0,08;-0,08;-0,01;-0,01;-0,01;-0,01;-0,03;-0,03;0,0;0,0;-0,01;-0,01;-0,02;-0,02;-0,02;-0,02;-0,01;-0,01;0,0;0,0;-0,01;-0,01;-0,01;-0,01;-0,01;-0,01;-0,02;-0,02;-0,08;-0,08;-0,02;-0,02;-0,02;-0,02;-0,01;-0,01;-0,01;-0,01;-0,02;-0,02;-0,02;-0,02;-0,02;-0,02;-0,01;-0,01;-0,02;-0,02;-0,04;-0,04
29.08.2026;00:45;01:00;0,0;0,0;-0,01;-0,01;-0,03;-0,03;-0,05;-0,05;-0,01;-0,01;-0,01;-0,01;-0,04;-0,04;-0,01;-0,01;-0,02;-0,02;-0,02;-0,02;-0,01;-0,01;0,0;0,0;0,0;0,0;-0,01;-0,01;-0,01;-0,01;-0,01;-0,01;-0,01;-0,01;-0,08;-0,08;-0,01;-0,01;-0,02;-0,02;-0,01;-0,01;-0,03;-0,03;0,0;0,0;-0,01;-0,01;-0,02;-0,02;-0,02;-0,02;-0,01;-0,01;-0,03;-0,03
29.08.2026;01:00;01:15;0,0;0,0;0,0;0,0;-0,02;-0,02;-0,06;-0,06;-0,01;-0,01;-0,02;-0,02;-0,04;-0,04;-0,01;-0,01;-0,02;-0,02;-0,02;-0,02;-0,02;-0,02;-0,02;-0,02;0,0;0,0;-0,01;-0,01;-0,01;-0,01;-0,01;-0,01;-0,01;-0,01;-0,08;-0,08;0,0;0,0;-0,02;-0,02;-0,01;-0,01;-0,02;-0,02;-0,02;-0,02;-0,01;-0,01;-0,01;-0,01;-0,01;-0,01;-0,01;-0,01;-0,04;-0,04
29.08.2026;01:15;01:30;0,0;0,0;0,0;0,0;0,0;0,0;-0,07;-0,07;0,0;0,0;-0,01;-0,01;-0,03;-0,03;-0,01;-0,01;-0,01;-0,01;0,0;0,0;-0,01;-0,01;0,0;0,0;0,0;0,0;-0,01;-0,01;-0,01;-0,01;-0,01;-0,01;-0,01;-0,01;-0,06;-0,06;-0,03;-0,03;-0,02;-0,02;0,0;0,0;0,0;0,0;-0,01;-0,01;-0,01;-0,01;-0,02;-0,02;-0,04;-0,04;-0,01;-0,01;-0,03;-0,03
29.08.2026;01:30;01:45;0,0;0,0;0,0;0,0;-0,01;-0,01;-0,05;-0,05;-0,01;-0,01;0,0;0,0;-0,04;-0,04;0,0;0,0;-0,02;-0,02;-0,01;-0,01;0,0;0,0;-0,01;-0,01;0,0;0,0;-0,02;-0,02;-0,01;-0,01;-0,01;-0,01;0,0;0,0;-0,06;-0,06;0,0;0,0;-0,02;-0,02;-0,01;-0,01;-0,01;-0,01;0,0;0,0;-0,02;-0,02;-0,02;-0,02;-0,03;-0,03;-0,02;-0,02;-0,03;-0,03
29.08.2026;01:45;02:00;0,0;0,0;-0,01;-0,01;0,0;0,0;-0,15;-0,15;-0,01;-0,01;0,0;0,0;-0,04;-0,04;-0,01;-0,01;-0,02;-0,02;-0,01;-0,01;0,0;0,0;-0,01;-0,01;0,0;0,0;0,0;0,0;-0,02;-0,02;-0,01;-0,01;0,0;0,0;-0,09;-0,09;-0,01;-0,01;-0,03;-0,03;-0,01;-0,01;-0,02;-0,02;-0,02;-0,02;-0,01;-0,01;-0,01;-0,01;-0,03;-0,03;-0,01;-0,01;-0,02;-0,02
29.08.2026;02:00;02:15;0,0;0,0;0,0;0,0;-0,01;-0,01;-0,09;-0,09;0,0;0,0;-0,01;-0,01;-0,04;-0,04;-0,01;-0,01;-0,02;-0,02;0,0;0,0;-0,01;-0,01;-0,01;-0,01;0,0;0,0;-0,01;-0,01;-0,01;-0,01;-0,01;-0,01;-0,02;-0,02;-0,1;-0,1;-0,02;-0,02;-0,02;-0,02;-0,01;-0,01;-0,02;-0,02;0,0;0,0;0,0;0,0;-0,02;-0,02;-0,04;-0,04;-0,01;-0,01;-0,02;-0,02
29.08.2026;02:15;02:30;0,0;0,0;0,0;0,0;0,0;0,0;-0,07;-0,07;-0,01;-0,01;-0,01;-0,01;-0,03;-0,03;-0,01;-0,01;-0,02;-0,02;-0,01;-0,01;-0,01;-0,01;-0,01;-0,01;0,0;0,0;-0,01;-0,01;-0,01;-0,01;-0,01;-0,01;-0,01;-0,01;-0,14;-0,14;0,0;0,0;-0,02;-0,02;-0,01;-0,01;-0,02;-0,02;-0,01;-0,01;-0,02;-0,02;-0,01;-0,01;-0,14;-0,14;-0,01;-0,01;-0,01;-0,01
29.08.2026;02:30;02:45;0,0;0,0;0,0;0,0;-0,01;-0,01;-0,06;-0,06;-0,01;-0,01;-0,02;-0,02;-0,04;-0,04;0,0;0,0;-0,01;-0,01;-0,02;-0,02;-0,01;-0,01;0,0;0,0;0,0;0,0;-0,02;-0,02;-0,01;-0,01;-0,01;-0,01;-0,02;-0,02;-0,09;-0,09;-0,02;-0,02;-0,02;-0,02;-0,01;-0,01;-0,01;-0,01;-0,02;-0,02;-0,01;-0,01;-0,01;-0,01;-0,17;-0,17;-0,01;-0,01;0,0;0,0
29.08.2026;02:45;03:00;0,0;0,0;-0,01;-0,01;-0,01;-0,01;-0,05;-0,05;-0,01;-0,01;-0,01;-0,01;-0,05;-0,05;-0,01;-0,01;-0,02;-0,02;-0,02;-0,02;-0,02;-0,02;-0,01;-0,01;-0,01;-0,01;-0,01;-0,01;-0,01;-0,01;-0,01;-0,01;-0,01;-0,01;-0,03;-0,03;-0,01;-0,01;-0,02;-0,02;-0,01;-0,01;0,0;0,0;0,0;0,0;-0,01;-0,01;0,0;0,0;-0,02;-0,02;-0,01;-0,01;0,0;0,0
29.08.2026;03:00;03:15;0,0;0,0;0,0;0,0;-0,02;-0,02;-0,06;-0,06;-0,01;-0,01;-0,02;-0,02;-0,05;-0,05;-0,02;-0,02;-0,02;-0,02;-0,02;-0,02;-0,01;-0,01;-0,01;-0,01;0,0;0,0;0,0;0,0;-0,01;-0,01;-0,01;-0,01;0,0;0,0;0,0;0,0;-0,01;-0,01;-0,02;-0,02;-0,01;-0,01;-0,02;-0,02;-0,02;-0,02;-0,01;-0,01;-0,01;-0,01;-0,03;-0,03;-0,02;-0,02;-0,01;-0,01
29.08.2026;03:15;03:30;0,0;0,0;0,0;0,0;-0,01;-0,01;-0,05;-0,05;-0,01;-0,01;0,0;0,0;-0,03;-0,03;0,0;0,0;-0,01;-0,01;-0,02;-0,02;-0,01;-0,01;-0,01;-0,01;0,0;0,0;-0,01;-0,01;-0,01;-0,01;-0,02;-0,02;0,0;0,0;-0,01;-0,01;-0,01;-0,01;-0,02;-0,02;-0,01;-0,01;-0,02;-0,02;0,0;0,0;-0,02;-0,02;-0,01;-0,01;-0,02;-0,02;-0,01;-0,01;0,0;0,0
29.08.2026;03:30;03:45;0,0;0,0;0,0;0,0;-0,01;-0,01;-0,06;-0,06;-0,01;-0,01;-0,01;-0,01;-0,04;-0,04;0,0;0,0;-0,02;-0,02;-0,01;-0,01;0,0;0,0;0,0;0,0;0,0;0,0;-0,02;-0,02;-0,01;-0,01;0,0;0,0;-0,01;-0,01;-0,02;-0,02;-0,01;-0,01;-0,02;-0,02;0,0;0,0;-0,02;-0,02;-0,01;-0,01;-0,01;-0,01;-0,01;-0,01;-0,02;-0,02;-0,01;-0,01;-0,01;-0,01
29.08.2026;03:45;04:00;0,0;0,0;0,0;0,0;-0,02;-0,02;-0,2;-0,2;-0,02;-0,02;0,0;0,0;-0,04;-0,04;-0,02;-0,02;-0,02;-0,02;0,0;0,0;0,0;0,0;-0,02;-0,02;0,0;0,0;-0,01;-0,01;-0,01;-0,01;-0,02;-0,02;-0,01;-0,01;-0,02;-0,02;-0,02;-0,02;-0,03;-0,03;-0,02;-0,02;-0,01;-0,01;-0,02;-0,02;0,0;0,0;-0,02;-0,02;-0,01;-0,01;-0,01;-0,01;-0,02;-0,02
29.08.2026;04:00;04:15;0,0;0,0;-0,01;-0,01;-0,01;-0,01;-0,14;-0,14;-0,03;-0,03;-0,01;-0,01;-0,04;-0,04;-0,01;-0,01;-0,02;-0,02;-0,01;-0,01;-0,01;-0,01;0,0;0,0;0,0;0,0;0,0;0,0;-0,01;-0,01;-0,01;-0,01;-0,01;-0,01;-0,01;-0,01;-0,01;-0,01;-0,02;-0,02;0,0;0,0;-0,01;-0,01;0,0;0,0;-0,02;-0,02;-0,01;-0,01;-0,18;-0,18;-0,01;-0,01;-0,01;-0,01
29.08.2026;04:15;04:30;0,0;0,0;0,0;0,0;0,0;0,0;-0,12;-0,12;-0,01;-0,01;-0,01;-0,01;-0,04;-0,04;0,0;0,0;-0,03;-0,03;0,0;0,0;-0,02;-0,02;-0,01;-0,01;0,0;0,0;-0,01;-0,01;-0,01;-0,01;0,0;0,0;-0,01;-0,01;-0,01;-0,01;-0,01;-0,01;-0,02;-0,02;-0,01;-0,01;-0,01;-0,01;-0,01;-0,01;-0,01;-0,01;-0,01;-0,01;-0,01;-0,01;-0,02;-0,02;-0,02;-0,02
29.08.2026;04:30;04:45;0,0;0,0;0,0;0,0;-0,01;-0,01;-0,21;-0,21;-0,01;-0,01;-0,02;-0,02;-0,04;-0,04;-0,01;-0,01;-0,03;-0,03;-0,01;-0,01;-0,01;-0,01;-0,01;-0,01;0,0;0,0;-0,02;-0,02;-0,01;-0,01;-0,02;-0,02;0,0;0,0;-0,01;-0,01;-0,01;-0,01;-0,02;-0,02;-0,02;-0,02;-0,03;-0,03;-0,02;-0,02;-0,01;-0,01;-0,01;-0,01;-0,01;-0,01;-0,01;-0,01;-0,01;-0,01
29.08.2026;04:45;05:00;0,0;0,0;0,0;0,0;-0,01;-0,01;-0,08;-0,08;-0,01;-0,01;-0,01;-0,01;-0,04;-0,04;-0,01;-0,01;-0,02;-0,02;-0,01;-0,01;-0,01;-0,01;0,0;0,0;0,0;0,0;-0,01;-0,01;-0,01;-0,01;-0,01;-0,01;-0,01;-0,01;-0,01;-0,01;-0,01;-0,01;-0,02;-0,02;0,0;0,0;-0,01;-0,01;0,0;0,0;-0,01;-0,01;-0,01;-0,01;-0,01;-0,01;-0,01;-0,01;0,0;0,0
29.08.2026;05:00;05:15;0,0;0,0;-0,01;-0,01;-0,01;-0,01;-0,06;-0,06;-0,01;-0,01;-0,01;-0,01;-0,04;-0,04;-0,01;-0,01;-0,02;-0,02;-0,02;-0,02;-0,01;-0,01;-0,01;-0,01;0,0;0,0;0,0;0,0;-0,01;-0,01;-0,01;-0,01;0,0;0,0;-0,01;-0,01;-0,02;-0,02;-0,02;-0,02;-0,01;-0,01;-0,01;-0,01;-0,01;-0,01;-0,02;-0,02;-0,02;-0,02;-0,02;-0,02;-0,01;-0,01;0,0;0,0
29.08.2026;05:15;05:30;0,0;0,0;0,0;0,0;-0,01;-0,01;-0,06;-0,06;-0,01;-0,01;-0,01;-0,01;-0,04;-0,04;0,0;0,0;-0,02;-0,02;-0,02;-0,02;0,0;0,0;-0,01;-0,01;0,0;0,0;-0,01;-0,01;-0,01;-0,01;-0,01;-0,01;-0,01;-0,01;-0,01;-0,01;0,0;0,0;-0,02;-0,02;-0,01;-0,01;-0,01;-0,01;-0,01;-0,01;-0,01;-0,01;-0,01;-0,01;-0,01;-0,01;-0,01;-0,01;0,0;0,0
29.08.2026;05:30;05:45;0,0;0,0;0,0;0,0;-0,02;-0,02;-0,06;-0,06;-0,01;-0,01;0,0;0,0;-0,03;-0,03;-0,01;-0,01;-0,02;-0,02;-0,02;-0,02;-0,01;-0,01;0,0;0,0;0,0;0,0;-0,02;-0,02;-0,01;-0,01;-0,01;-0,01;-0,01;-0,01;-0,02;-0,02;-0,01;-0,01;-0,02;-0,02;-0,01;-0,01;-0,01;-0,01;-0,01;-0,01;0,0;0,0;-0,01;-0,01;-0,01;-0,01;-0,01;-0,01;-0,02;-0,02
29.08.2026;05:45;06:00;0,0;0,0;0,0;0,0;-0,01;-0,01;-0,07;-0,07;-0,01;-0,01;-0,01;-0,01;-0,04;-0,04;-0,01;-0,01;-0,01;-0,01;-0,01;-0,01;0,0;0,0;-0,02;-0,02;0,0;0,0;-0,01;-0,01;-0,01;-0,01;-0,01;-0,01;-0,01;-0,01;-0,01;-0,01;-0,02;-0,02;-0,02;-0,02;-0,01;-0,01;-0,03;-0,03;-0,02;-0,02;-0,02;-0,02;-0,01;-0,01;0,0;0,0;-0,02;-0,02;-0,01;-0,01
29.08.2026;06:00;06:15;0,0;0,0;0,0;0,0;-0,01;-0,01;-0,05;-0,05;0,0;0,0;-0,01;-0,01;-0,04;-0,04;-0,01;-0,01;-0,02;-0,02;0,0;0,0;-0,02;-0,02;0,0;0,0;0,0;0,0;-0,01;-0,01;-0,01;-0,01;-0,01;-0,01;0,0;0,0;-0,01;-0,01;0,0;0,0;-0,03;-0,03;-0,01;-0,01;-0,01;-0,01;0,0;0,0;-0,01;-0,01;-0,02;-0,02;-0,01;-0,01;-0,01;-0,01;-0,01;-0,01
29.08.2026;06:15;06:30;0,0;0,0;-0,01;-0,01;0,0;0,0;-0,06;-0,06;-0,01;-0,01;-0,01;-0,01;-0,04;-0,04;0,0;0,0;-0,02;-0,02;-0,01;-0,01;-0,01;-0,01;-0,01;-0,01;0,0;0,0;-0,01;-0,01;-0,01;-0,01;-0,01;-0,01;-0,01;-0,01;0,0;0,0;-0,02;-0,02;-0,02;-0,02;-0,01;-0,01;-0,01;-0,01;-0,01;-0,01;-0,01;-0,01;-0,01;-0,01;-0,02;-0,02;-0,02;-0,02;-0,02;-0,02
29.08.2026;06:30;06:45;0,01;0,01;0,0;0,0;0,0;0,0;-0,07;-0,07;-0,01;-0,01;-0,01;-0,01;-0,03;-0,03;-0,01;-0,01;-0,01;-0,01;-0,01;-0,01;-0,02;-0,02;-0,01;-0,01;-0,01;-0,01;-0,02;-0,02;-0,01;-0,01;-0,12;-0,12;-0,01;-0,01;-0,02;-0,02;-0,01;-0,01;-0,02;-0,02;-0,01;-0,01;-0,01;-0,01;-0,02;-0,02;-0,01;-0,01;-0,02;-0,02;0,0;0,0;0,0;0,0;-0,01;-0,01
29.08.2026;06:45;07:00;0,02;0,02;0,0;0,0;-0,02;-0,02;-0,07;-0,07;0,0;0,0;-0,02;-0,02;-0,04;-0,04;-0,01;-0,01;-0,02;-0,02;0,0;0,0;-0,01;-0,01;-0,01;-0,01;0,0;0,0;-0,02;-0,02;-0,01;-0,01;-0,27;-0,27;-0,01;-0,01;-0,01;-0,01;-0,01;-0,01;-0,02;-0,02;-0,01;-0,01;-0,01;-0,01;0,0;0,0;-0,02;-0,02;-0,01;-0,01;-0,02;-0,02;-0,01;-0,01;0,0;0,0
29.08.2026;07:00;07:15;0,01;0,01;0,0;0,0;-0,02;-0,02;-0,14;-0,14;-0,01;-0,01;-0,01;-0,01;-0,04;-0,04;-0,01;-0,01;-0,02;-0,02;-0,01;-0,01;0,0;0,0;0,0;0,0;0,0;0,0;-0,01;-0,01;-0,01;-0,01;-0,07;-0,07;-0,01;-0,01;-0,02;-0,02;-0,02;-0,02;-0,02;-0,02;-0,01;-0,01;-0,03;-0,03;-0,01;-0,01;-0,01;-0,01;-0,02;-0,02;-0,01;-0,01;-0,02;-0,02;0,0;0,0
29.08.2026;07:15;07:30;0,0;0,0;-0,01;-0,01;-0,19;-0,19;-0,17;-0,17;-0,01;-0,01;0,0;0,0;-0,04;-0,04;0,0;0,0;-0,01;-0,01;-0,02;-0,02;0,0;0,0;-0,02;-0,02;0,0;0,0;-0,05;-0,05;-0,01;-0,01;-0,07;-0,07;0,0;0,0;-0,01;-0,01;0,0;0,0;-0,03;-0,03;-0,01;-0,01;-0,01;-0,01;-0,01;-0,01;0,0;0,0;-0,01;-0,01;-0,02;-0,02;0,0;0,0;0,0;0,0
29.08.2026;07:30;07:45;0,05;0,05;0,0;0,0;-0,04;-0,04;-0,09;-0,09;0,0;0,0;-0,01;-0,01;-0,05;-0,05;-0,01;-0,01;-0,02;-0,02;-0,02;-0,02;0,0;0,0;-0,11;-0,11;0,0;0,0;-0,03;-0,03;-0,01;-0,01;-0,29;-0,29;-0,01;-0,01;-0,04;-0,04;-0,02;-0,02;-0,02;-0,02;0,0;0,0;-0,01;-0,01;-0,01;-0,01;-0,02;-0,02;-0,01;-0,01;0,0;0,0;-0,02;-0,02;-0,02;-0,02
29.08.2026;07:45;08:00;0,29;0,05;0,0;0,0;-0,01;0,0;-0,08;-0,06;-0,01;0,0;0,0;0,0;-0,21;-0,2;-0,01;0,0;-0,02;-0,01;-0,02;-0,01;-0,02;-0,01;-0,37;-0,36;0,0;0,0;-0,02;-0,01;-0,01;0,0;-0,06;-0,05;0,0;0,0;-0,03;-0,02;-0,01;0,0;-0,03;-0,02;-0,02;-0,01;-0,01;0,0;-0,01;0,0;-0,01;0,0;-0,02;-0,01;-0,09;-0,08;-0,11;-0,1;-0,01;0,0
29.08.2026;08:00;08:15;0,64;0,2;0,0;0,0;-0,02;0,0;-0,08;0,0;-0,01;0,0;-0,01;0,0;-0,04;-0,02;-0,01;0,0;-0,02;0,0;-0,01;0,0;-0,01;0,0;-0,35;-0,33;0,0;0,0;-0,05;-0,03;-0,02;0,0;-0,05;-0,03;-0,01;0,0;-0,02;0,0;-0,02;0,0;-0,02;0,0;0,0;0,0;-0,01;0,0;-0,01;0,0;-0,01;0,0;-0,01;0,0;-0,38;-0,36;-0,03;-0,01;-0,02;0,0
29.08.2026;08:15;08:30;0,92;0,28;0,0;0,0;-0,01;0,0;-0,09;0,0;-0,01;0,0;-0,02;0,0;-0,04;0,0;0,0;0,0;-0,02;0,0;-0,01;0,0;-0,02;0,0;-0,21;-0,15;0,0;0,0;-0,03;0,0;-0,04;0,0;-0,03;0,0;-0,01;0,0;-0,02;0,0;-0,04;0,0;-0,02;0,0;-0,01;0,0;-0,03;0,0;-0,01;0,0;-0,01;0,0;-0,02;0,0;-0,06;0,0;-0,02;0,0;-0,01;0,0
29.08.2026;08:30;08:45;1,21;0,39;-0,01;0,0;-0,02;0,0;-0,09;0,0;0,0;0,0;-0,01;0,0;-0,16;-0,07;-0,02;0,0;-0,01;0,0;0,0;0,0;-0,01;0,0;-0,2;-0,11;0,0;0,0;-0,05;0,0;-0,14;-0,05;-0,06;0,0;-0,01;0,0;-0,02;0,0;-0,02;0,0;-0,02;0,0;-0,02;0,0;-0,02;0,0;-0,02;0,0;-0,02;0,0;-0,01;0,0;-0,07;0,0;-0,03;0,0;-0,01;0,0
29.08.2026;08:45;09:00;1,51;0,62;0,0;0,0;-0,02;0,0;-0,14;0,0;-0,01;0,0;-0,02;0,0;-0,1;0,0;0,0;0,0;-0,02;0,0;-0,01;0,0;-0,01;0,0;-0,17;-0,03;0,0;0,0;-0,02;0,0;-0,18;-0,04;-0,08;0,0;-0,01;0,0;-0,02;0,0;-0,03;0,0;-0,02;0,0;0,0;0,0;-0,01;0,0;0,0;0,0;-0,01;0,0;-0,02;0,0;-0,01;0,0;-0,02;0,0;-0,03;0,0
29.08.2026;09:00;09:15;1,75;0,77;0,0;0,0;-0,01;0,0;-0,15;0,0;-0,01;0,0;0,0;0,0;-0,05;0,0;-0,01;0,0;-0,02;0,0;0,0;0,0;0,0;0,0;-0,31;-0,15;0,0;0,0;-0,03;0,0;-0,38;-0,22;-0,08;0,0;-0,1;0,0;-0,02;0,0;-0,03;0,0;-0,02;0,0;-0,01;0,0;-0,01;0,0;-0,02;0,0;0,0;0,0;0,0;0,0;-0,03;0,0;-0,02;0,0;-0,04;0,0
29.08.2026;09:15;09:30;1,91;0,82;0,0;0,0;-0,02;0,0;-0,18;0,0;-0,02;0,0;-0,01;0,0;-0,14;0,0;-0,01;0,0;-0,01;0,0;-0,01;0,0;0,0;0,0;-0,18;0,0;0,0;0,0;-0,06;0,0;-0,31;-0,12;-0,05;0,0;-0,02;0,0;-0,01;0,0;-0,02;0,0;-0,02;0,0;-0,03;0,0;0,0;0,0;-0,01;0,0;-0,03;0,0;0,0;0,0;-0,01;0,0;-0,02;0,0;-0,04;0,0
29.08.2026;09:30;09:45;2,07;1,37;-0,01;0,0;-0,01;0,0;-0,1;0,0;-0,01;0,0;0,0;0,0;-0,06;0,0;-0,01;0,0;-0,02;0,0;-0,02;0,0;-0,01;0,0;-0,03;0,0;0,0;0,0;-0,03;0,0;-0,06;0,0;-0,07;0,0;-0,03;0,0;-0,01;0,0;-0,03;0,0;-0,02;0,0;-0,03;0,0;-0,03;0,0;-0,01;0,0;-0,03;0,0;-0,01;0,0;-0,02;0,0;0,0;0,0;-0,04;0,0
29.08.2026;09:45;10:00;2,27;1,13;0,0;0,0;-0,01;0,0;-0,1;0,0;-0,01;0,0;-0,01;0,0;-0,04;0,0;0,0;0,0;-0,02;0,0;-0,02;0,0;-0,02;0,0;-0,02;0,0;0,0;0,0;-0,04;0,0;-0,34;-0,1;-0,07;0,0;-0,02;0,0;-0,01;0,0;-0,02;0,0;-0,02;0,0;-0,16;0,0;-0,02;0,0;-0,01;0,0;-0,01;0,0;0,0;0,0;-0,01;0,0;-0,02;0,0;-0,55;-0,31
29.08.2026;10:00;10:15;2,69;1,86;0,0;0,0;-0,01;0,0;-0,08;0,0;0,0;0,0;-0,01;0,0;-0,06;0,0;-0,01;0,0;-0,02;0,0;-0,02;0,0;-0,01;0,0;-0,02;0,0;-0,01;0,0;-0,13;0,0;-0,05;0,0;-0,06;0,0;-0,03;0,0;-0,01;0,0;-0,04;0,0;-0,02;0,0;-0,01;0,0;-0,01;0,0;-0,01;0,0;-0,01;0,0;-0,02;0,0;-0,01;0,0;-0,01;0,0;-0,16;0,0
29.08.2026;10:15;10:30;2,66;1,8;0,0;0,0;0,0;0,0;-0,19;0,0;-0,01;0,0;-0,01;0,0;-0,04;0,0;-0,01;0,0;-0,02;0,0;-0,01;0,0;-0,01;0,0;-0,03;0,0;0,0;0,0;-0,2;0,0;-0,07;0,0;-0,07;0,0;-0,02;0,0;-0,02;0,0;-0,02;0,0;-0,02;0,0;-0,01;0,0;-0,01;0,0;-0,01;0,0;-0,01;0,0;-0,01;0,0;-0,02;0,0;0,0;0,0;-0,04;0,0
29.08.2026;10:30;10:45;2,93;2,18;0,0;0,0;-0,01;0,0;-0,22;0,0;-0,01;0,0;-0,02;0,0;-0,05;0,0;-0,01;0,0;-0,01;0,0;-0,01;0,0;-0,02;0,0;-0,01;0,0;0,0;0,0;-0,03;0,0;-0,07;0,0;-0,04;0,0;-0,01;0,0;-0,01;0,0;-0,03;0,0;-0,03;0,0;-0,04;0,0;-0,01;0,0;-0,01;0,0;-0,02;0,0;-0,01;0,0;-0,01;0,0;-0,02;0,0;-0,04;0,0
29.08.2026;10:45;11:00;2,51;1,5;-0,01;0,0;-0,43;-0,14;-0,17;0,0;-0,01;0,0;-0,01;0,0;-0,05;0,0;-0,06;0,0;-0,02;0,0;0,0;0,0;0,0;0,0;-0,02;0,0;0,0;0,0;-0,01;0,0;-0,02;0,0;-0,03;0,0;-0,02;0,0;-0,02;0,0;-0,03;0,0;-0,1;0,0;-0,04;0,0;-0,02;0,0;-0,01;0,0;0,0;0,0;-0,01;0,0;-0,02;0,0;-0,02;0,0;-0,02;0,0
29.08.2026;11:00;11:15;0,85;0,25;0,0;0,0;-0,46;-0,42;-0,11;0,0;0,0;0,0;-0,01;0,0;-0,3;-0,26;-0,05;-0,01;-0,02;0,0;-0,01;0,0;0,0;0,0;-0,03;0,0;0,0;0,0;-0,04;0,0;-0,01;0,0;-0,03;0,0;-0,02;0,0;-0,01;0,0;-0,02;0,0;-0,14;-0,1;-0,04;0,0;-0,02;0,0;-0,01;0,0;-0,02;0,0;-0,01;0,0;0,0;0,0;-0,01;0,0;-0,02;0,0
29.08.2026;11:15;11:30;0,0;0,0;0,0;0,0;-0,16;-0,16;-0,16;-0,16;-0,01;-0,01;-0,01;-0,01;-0,6;-0,6;-0,38;-0,38;-0,01;-0,01;0,0;0,0;0,0;0,0;-0,01;-0,01;0,0;0,0;-0,05;-0,05;-0,01;-0,01;-0,02;-0,02;-0,02;-0,02;-0,09;-0,09;-0,04;-0,04;-0,02;-0,02;-0,05;-0,05;-0,01;-0,01;-0,01;-0,01;-0,04;-0,04;-0,02;-0,02;-0,01;-0,01;-0,01;-0,01;-0,02;-0,02
29.08.2026;11:30;11:45;2,66;1,54;0,0;0,0;-0,14;0,0;-0,09;0,0;-0,01;0,0;0,0;0,0;-0,6;-0,29;-0,21;0,0;-0,02;0,0;-0,01;0,0;-0,02;0,0;-0,01;0,0;0,0;0,0;-0,02;0,0;-0,01;0,0;-0,02;0,0;-0,01;0,0;-0,06;0,0;-0,02;0,0;-0,03;0,0;-0,03;0,0;-0,01;0,0;-0,01;0,0;-0,02;0,0;-0,01;0,0;-0,01;0,0;-0,01;0,0;-0,03;0,0
29.08.2026;11:45;12:00;3,97;2,82;-0,01;0,0;-0,04;0,0;-0,2;0,0;0,0;0,0;0,0;0,0;-0,25;0,0;-0,27;0,0;-0,02;0,0;-0,02;0,0;-0,01;0,0;-0,01;0,0;0,0;0,0;-0,03;0,0;-0,01;0,0;-0,01;0,0;0,0;0,0;-0,02;0,0;-0,08;0,0;-0,02;0,0;-0,05;0,0;-0,01;0,0;-0,01;0,0;0,0;0,0;-0,01;0,0;-0,01;0,0;-0,01;0,0;-0,05;0,0
29.08.2026;12:00;12:15;4,04;2,96;0,0;0,0;-0,03;0,0;-0,08;0,0;-0,01;0,0;-0,02;0,0;-0,06;0,0;-0,51;0,0;-0,02;0,0;-0,02;0,0;-0,02;0,0;-0,01;0,0;0,0;0,0;-0,03;0,0;-0,02;0,0;-0,01;0,0;0,0;0,0;-0,01;0,0;-0,03;0,0;-0,02;0,0;-0,04;0,0;-0,03;0,0;-0,01;0,0;-0,02;0,0;-0,01;0,0;-0,01;0,0;-0,01;0,0;-0,05;0,0
29.08.2026;12:15;12:30;4,41;3,44;0,0;0,0;-0,02;0,0;-0,13;0,0;-0,01;0,0;-0,01;0,0;-0,05;0,0;-0,42;0,0;-0,02;0,0;-0,02;0,0;-0,01;0,0;-0,01;0,0;0,0;0,0;-0,02;0,0;-0,01;0,0;-0,01;0,0;-0,01;0,0;-0,01;0,0;-0,02;0,0;-0,02;0,0;-0,03;0,0;-0,02;0,0;-0,01;0,0;-0,02;0,0;-0,01;0,0;-0,02;0,0;-0,01;0,0;-0,05;0,0
29.08.2026;12:30;12:45;4,41;3,2;0,0;0,0;-0,02;0,0;-0,15;0,0;0,0;0,0;-0,02;0,0;-0,13;0,0;-0,45;0,0;-0,01;0,0;-0,02;0,0;-0,01;0,0;0,0;0,0;0,0;0,0;-0,05;0,0;-0,03;0,0;-0,01;0,0;-0,01;0,0;-0,01;0,0;-0,03;0,0;-0,02;0,0;-0,05;0,0;-0,01;0,0;-0,02;0,0;-0,01;0,0;-0,02;0,0;-0,01;0,0;-0,08;0,0;-0,04;0,0
29.08.2026;12:45;13:00;4,26;2,99;-0,01;0,0;-0,02;0,0;-0,11;0,0;-0,01;0,0;-0,01;0,0;-0,12;0,0;-0,48;0,0;-0,02;0,0;0,0;0,0;-0,01;0,0;-0,01;0,0;0,0;0,0;-0,03;0,0;-0,03;0,0;-0,01;0,0;-0,01;0,0;-0,01;0,0;-0,02;0,0;-0,02;0,0;-0,16;0,0;0,0;0,0;-0,02;0,0;-0,01;0,0;-0,01;0,0;-0,01;0,0;-0,08;0,0;-0,05;0,0
29.08.2026;13:00;13:15;4,08;3,07;0,0;0,0;-0,01;0,0;-0,18;0,0;-0,01;0,0;-0,01;0,0;-0,05;0,0;-0,11;0,0;-0,02;0,0;-0,01;0,0;0,0;0,0;-0,01;0,0;0,0;0,0;-0,02;0,0;-0,28;0,0;-0,02;0,0;-0,01;0,0;-0,01;0,0;-0,04;0,0;-0,03;0,0;-0,02;0,0;-0,02;0,0;-0,06;0,0;-0,01;0,0;-0,02;0,0;-0,01;0,0;-0,01;0,0;-0,04;0,0
29.08.2026;13:15;13:30;4,08;2,95;0,0;0,0;-0,02;0,0;-0,2;0,0;0,0;0,0;-0,01;0,0;-0,07;0,0;-0,02;0,0;-0,01;0,0;0,0;0,0;0,0;0,0;-0,01;0,0;0,0;0,0;-0,02;0,0;-0,34;0,0;-0,01;0,0;-0,03;0,0;-0,01;0,0;-0,02;0,0;-0,02;0,0;-0,02;0,0;-0,02;0,0;-0,08;0,0;-0,13;0,0;-0,01;0,0;-0,01;0,0;-0,02;0,0;-0,05;0,0
29.08.2026;13:30;13:45;4,14;3,21;0,0;0,0;-0,02;0,0;-0,17;0,0;-0,01;0,0;0,0;0,0;-0,05;0,0;-0,01;0,0;-0,02;0,0;-0,01;0,0;-0,01;0,0;-0,01;0,0;-0,01;0,0;-0,03;0,0;-0,02;0,0;-0,03;0,0;-0,02;0,0;-0,02;0,0;-0,03;0,0;-0,02;0,0;0,0;0,0;-0,02;0,0;-0,08;0,0;-0,27;0,0;-0,01;0,0;-0,01;0,0;-0,01;0,0;-0,04;0,0
29.08.2026;13:45;14:00;3,63;2,7;0,0;0,0;-0,03;0,0;-0,2;0,0;-0,01;0,0;-0,01;0,0;-0,06;0,0;-0,02;0,0;-0,02;0,0;0,0;0,0;-0,02;0,0;-0,01;0,0;0,0;0,0;-0,04;0,0;-0,02;0,0;-0,05;0,0;-0,04;0,0;0,0;0,0;-0,03;0,0;-0,02;0,0;-0,02;0,0;-0,01;0,0;-0,08;0,0;-0,09;0,0;-0,09;0,0;-0,01;0,0;-0,01;0,0;-0,04;0,0
29.08.2026;14:00;14:15;3,88;2,59;-0,01;0,0;-0,05;0,0;-0,16;0,0;-0,01;0,0;0,0;0,0;-0,04;0,0;-0,02;0,0;-0,02;0,0;-0,02;0,0;-0,01;0,0;-0,14;0,0;0,0;0,0;-0,02;0,0;-0,02;0,0;-0,07;0,0;-0,01;0,0;-0,01;0,0;-0,02;0,0;-0,02;0,0;-0,01;0,0;-0,01;0,0;-0,07;0,0;-0,16;0,0;-0,32;0,0;-0,01;0,0;-0,01;0,0;-0,05;0,0
29.08.2026;14:15;14:30;3,19;1,47;0,0;0,0;-0,03;0,0;-0,18;0,0;-0,01;0,0;-0,02;0,0;-0,22;0,0;-0,02;0,0;-0,02;0,0;-0,04;0,0;-0,01;0,0;-0,53;-0,19;0,0;0,0;-0,02;0,0;-0,13;0,0;-0,32;0,0;-0,01;0,0;-0,01;0,0;-0,04;0,0;-0,02;0,0;0,0;0,0;-0,02;0,0;-0,09;0,0;-0,05;0,0;-0,05;0,0;-0,02;0,0;-0,01;0,0;-0,04;0,0
29.08.2026;14:30;14:45;2,09;0,94;0,0;0,0;-0,02;0,0;-0,13;0,0;0,0;0,0;-0,01;0,0;-0,37;-0,17;-0,03;0,0;-0,01;0,0;-0,04;0,0;-0,02;0,0;-0,02;0,0;0,0;0,0;-0,06;0,0;-0,22;-0,02;-0,07;0,0;-0,01;0,0;-0,02;0,0;-0,02;0,0;-0,02;0,0;-0,02;0,0;-0,02;0,0;-0,08;0,0;-0,04;0,0;-0,04;0,0;-0,01;0,0;-0,02;0,0;-0,04;0,0
29.08.2026;14:45;15:00;0,1;0,1;0,0;0,0;-0,03;-0,03;-0,08;-0,08;-0,01;-0,01;-0,02;-0,02;-0,43;-0,43;-0,1;-0,1;-0,02;-0,02;-0,04;-0,04;0,0;0,0;-0,03;-0,03;0,0;0,0;-0,03;-0,03;-0,05;-0,05;-0,06;-0,06;-0,01;-0,01;-0,01;-0,01;-0,03;-0,03;-0,02;-0,02;0,0;0,0;-0,01;-0,01;-0,07;-0,07;-0,02;-0,02;-0,07;-0,07;-0,01;-0,01;-0,01;-0,01;-0,05;-0,05
29.08.2026;15:00;15:15;2,14;1,19;-0,01;0,0;-0,02;0,0;-0,09;0,0;-0,01;0,0;-0,01;0,0;-0,65;-0,42;-0,04;0,0;-0,02;0,0;-0,04;0,0;0,0;0,0;-0,02;0,0;0,0;0,0;-0,02;0,0;-0,05;0,0;-0,06;0,0;-0,02;0,0;-0,01;0,0;-0,03;0,0;-0,02;0,0;-0,01;0,0;-0,01;0,0;-0,08;0,0;-0,02;0,0;-0,07;0,0;-0,01;0,0;-0,01;0,0;-0,04;0,0
29.08.2026;15:15;15:30;2,3;1,33;0,0;0,0;-0,03;0,0;-0,13;0,0;0,0;0,0;-0,01;0,0;-0,35;-0,09;-0,03;0,0;-0,01;0,0;-0,03;0,0;0,0;0,0;-0,01;0,0;0,0;0,0;-0,02;0,0;-0,04;0,0;-0,06;0,0;-0,01;0,0;0,0;0,0;-0,02;0,0;-0,02;0,0;-0,02;0,0;-0,02;0,0;-0,08;0,0;-0,04;0,0;-0,05;0,0;0,0;0,0;-0,03;0,0;-0,05;0,0
29.08.2026;15:30;15:45;1,96;0,97;0,0;0,0;-0,02;0,0;-0,16;0,0;-0,01;0,0;-0,01;0,0;-0,26;-0,07;-0,02;0,0;-0,02;0,0;-0,03;0,0;-0,02;0,0;-0,01;0,0;0,0;0,0;-0,03;0,0;-0,1;0,0;-0,06;0,0;-0,01;0,0;-0,01;0,0;-0,04;0,0;-0,02;0,0;0,0;0,0;-0,02;0,0;-0,07;0,0;-0,03;0,0;-0,04;0,0;-0,02;0,0;-0,01;0,0;-0,04;0,0
29.08.2026;15:45;16:00;1,38;0,53;0,0;0,0;-0,03;0,0;-0,13;0,0;-0,01;0,0;-0,01;0,0;-0,31;-0,2;-0,01;0,0;-0,02;0,0;-0,03;0,0;-0,01;0,0;-0,01;0,0;0,0;0,0;-0,03;0,0;-0,05;0,0;-0,05;0,0;-0,01;0,0;-0,02;0,0;-0,02;0,0;-0,02;0,0;-0,01;0,0;-0,01;0,0;-0,09;0,0;-0,02;0,0;-0,28;-0,17;0,0;0,0;-0,01;0,0;-0,03;0,0
29.08.2026;16:00;16:15;1,91;0,93;0,0;0,0;-0,02;0,0;-0,07;0,0;-0,01;0,0;0,0;0,0;-0,1;0,0;-0,02;0,0;-0,02;0,0;-0,03;0,0;-0,02;0,0;-0,02;0,0;0,0;0,0;-0,02;0,0;-0,15;0,0;-0,05;0,0;-0,01;0,0;-0,01;0,0;-0,03;0,0;-0,02;0,0;-0,01;0,0;-0,01;0,0;-0,08;0,0;-0,03;0,0;-0,23;-0,04;-0,02;0,0;-0,02;0,0;-0,02;0,0
29.08.2026;16:15;16:30;1,51;0,78;-0,01;0,0;-0,03;0,0;-0,1;0,0;0,0;0,0;0,0;0,0;-0,06;0,0;-0,03;0,0;-0,02;0,0;-0,03;0,0;-0,01;0,0;-0,02;0,0;0,0;0,0;-0,03;0,0;-0,03;0,0;-0,06;0,0;0,0;0,0;-0,01;0,0;-0,03;0,0;-0,03;0,0;-0,01;0,0;-0,02;0,0;-0,09;0,0;-0,03;0,0;-0,03;0,0;-0,01;0,0;-0,01;0,0;-0,03;0,0
29.08.2026;16:30;16:45;1,91;1,02;0,0;0,0;-0,04;0,0;-0,13;0,0;-0,01;0,0;-0,02;0,0;-0,05;0,0;-0,02;0,0;-0,01;0,0;-0,03;0,0;-0,01;0,0;-0,02;0,0;0,0;0,0;-0,03;0,0;-0,02;0,0;-0,07;0,0;-0,01;0,0;-0,01;0,0;-0,02;0,0;-0,13;0,0;-0,01;0,0;-0,02;0,0;-0,08;0,0;-0,03;0,0;-0,04;0,0;-0,02;0,0;-0,01;0,0;-0,05;0,0
29.08.2026;16:45;17:00;2,15;1,02;0,0;0,0;-0,09;0,0;-0,25;0,0;-0,01;0,0;-0,01;0,0;-0,06;0,0;-0,04;0,0;-0,02;0,0;-0,04;0,0;0,0;0,0;-0,03;0,0;0,0;0,0;-0,02;0,0;-0,02;0,0;-0,26;-0,06;-0,01;0,0;-0,01;0,0;-0,04;0,0;-0,03;0,0;-0,01;0,0;-0,01;0,0;-0,08;0,0;-0,03;0,0;-0,06;0,0;-0,01;0,0;-0,01;0,0;-0,04;0,0
29.08.2026;17:00;17:15;1,91;0,81;0,0;0,0;-0,12;0,0;-0,18;0,0;0,0;0,0;-0,02;0,0;-0,05;0,0;-0,03;0,0;-0,02;0,0;-0,04;0,0;0,0;0,0;-0,03;0,0;-0,01;0,0;-0,04;0,0;-0,01;0,0;-0,28;-0,12;-0,01;0,0;-0,01;0,0;-0,02;0,0;-0,04;0,0;-0,01;0,0;-0,01;0,0;-0,09;0,0;-0,02;0,0;-0,08;0,0;-0,04;0,0;-0,01;0,0;-0,05;0,0
29.08.2026;17:15;17:30;0,7;0,19;-0,01;0,0;-0,32;-0,3;-0,19;-0,08;-0,01;0,0;-0,01;0,0;-0,04;-0,02;-0,04;-0,02;-0,01;0,0;-0,05;-0,03;-0,01;0,0;-0,02;0,0;0,0;0,0;-0,03;-0,01;-0,01;0,0;-0,39;-0,37;-0,01;0,0;-0,01;0,0;-0,03;-0,01;-0,04;-0,02;-0,01;0,0;-0,01;0,0;-0,08;-0,06;-0,03;-0,01;-0,03;-0,01;-0,02;0,0;-0,02;0,0;-0,04;-0,02
29.08.2026;17:30;17:45;0,72;0,19;0,0;0,0;-0,2;-0,18;-0,25;-0,14;-0,01;0,0;-0,01;0,0;-0,05;-0,03;-0,02;0,0;-0,02;0,0;-0,04;-0,02;-0,02;0,0;-0,02;0,0;0,0;0,0;-0,02;0,0;-0,02;0,0;-0,34;-0,32;-0,01;0,0;-0,03;-0,01;-0,03;-0,01;-0,05;-0,03;-0,01;0,0;-0,03;-0,01;-0,08;-0,06;-0,04;-0,02;-0,12;-0,1;-0,01;0,0;-0,01;0,0;-0,05;-0,03
29.08.2026;17:45;18:00;0,95;0,23;0,0;0,0;-0,02;0,0;-0,12;0,0;0,0;0,0;-0,02;0,0;-0,13;-0,08;-0,04;0,0;-0,02;0,0;-0,03;0,0;-0,01;0,0;-0,03;0,0;0,0;0,0;-0,01;0,0;-0,01;0,0;-0,11;-0,06;0,0;0,0;-0,02;0,0;-0,02;0,0;-0,06;-0,01;-0,01;0,0;-0,02;0,0;-0,1;-0,05;-0,03;0,0;-0,06;-0,01;-0,01;0,0;-0,01;0,0;-0,04;0,0
29.08.2026;18:00;18:15;0,42;0,12;0,0;0,0;-0,02;-0,01;-0,1;-0,03;-0,01;0,0;-0,01;0,0;-0,1;-0,09;-0,02;-0,01;-0,02;-0,01;-0,03;-0,02;-0,01;0,0;-0,21;-0,2;0,0;0,0;-0,02;-0,01;-0,02;-0,01;-0,06;-0,05;-0,01;0,0;-0,02;-0,01;-0,03;-0,02;-0,41;-0,4;-0,01;0,0;0,0;0,0;-0,04;-0,03;-0,02;-0,01;-0,02;-0,01;-0,01;0,0;-0,01;0,0;-0,05;-0,04
29.08.2026;18:15;18:30;0,0;0,0;0,0;0,0;-0,09;-0,09;-0,1;-0,1;-0,01;-0,01;0,0;0,0;-0,06;-0,06;-0,03;-0,03;-0,02;-0,02;-0,03;-0,03;-0,02;-0,02;-0,14;-0,14;0,0;0,0;-0,02;-0,02;-0,01;-0,01;-0,08;-0,08;-0,01;-0,01;-0,04;-0,04;-0,02;-0,02;-0,19;-0,19;-0,01;-0,01;-0,01;-0,01;-0,05;-0,05;-0,03;-0,03;-0,01;-0,01;-0,02;-0,02;-0,01;-0,01;-0,04;-0,04
29.08.2026;18:30;18:45;0,0;0,0;-0,01;-0,01;-0,28;-0,28;-0,15;-0,15;-0,01;-0,01;-0,01;-0,01;-0,05;-0,05;-0,02;-0,02;-0,01;-0,01;-0,02;-0,02;-0,01;-0,01;-0,04;-0,04;0,0;0,0;-0,02;-0,02;-0,02;-0,02;-0,09;-0,09;-0,01;-0,01;-0,03;-0,03;-0,03;-0,03;-0,06;-0,06;0,0;0,0;-0,02;-0,02;-0,08;-0,08;-0,03;-0,03;-0,02;-0,02;-0,01;-0,01;-0,01;-0,01;-0,05;-0,05
29.08.2026;18:45;19:00;0,13;0,11;0,0;0,0;-0,22;-0,22;-0,12;-0,1;0,0;0,0;0,0;0,0;-0,04;-0,04;-0,02;-0,02;-0,02;-0,02;-0,03;-0,03;0,0;0,0;-0,06;-0,06;0,0;0,0;-0,02;-0,02;-0,01;-0,01;-0,1;-0,1;-0,01;-0,01;-0,01;-0,01;-0,11;-0,11;-0,06;-0,06;-0,02;-0,02;-0,03;-0,03;-0,08;-0,08;-0,03;-0,03;-0,01;-0,01;-0,02;-0,02;-0,02;-0,02;-0,04;-0,04
29.08.2026;19:00;19:15;0,13;0,11;0,0;0,0;-0,06;-0,06;-0,2;-0,18;-0,01;-0,01;-0,01;-0,01;-0,05;-0,05;-0,18;-0,18;-0,02;-0,02;-0,05;-0,05;0,0;0,0;-0,09;-0,09;0,0;0,0;-0,02;-0,02;-0,01;-0,01;-0,09;-0,09;0,0;0,0;-0,01;-0,01;-0,05;-0,05;-0,08;-0,08;0,0;0,0;-0,01;-0,01;-0,08;-0,08;-0,03;-0,03;-0,01;-0,01;-0,05;-0,05;-0,01;-0,01;-0,05;-0,05
29.08.2026;19:15;19:30;0,03;0,03;0,0;0,0;-0,33;-0,33;-0,27;-0,27;-0,01;-0,01;-0,02;-0,02;-0,07;-0,07;-0,22;-0,22;-0,01;-0,01;-0,04;-0,04;-0,01;-0,01;-0,08;-0,08;0,0;0,0;-0,04;-0,04;-0,02;-0,02;-0,18;-0,18;0,0;0,0;-0,01;-0,01;-0,03;-0,03;-0,06;-0,06;-0,01;-0,01;-0,01;-0,01;-0,07;-0,07;-0,03;-0,03;-0,01;-0,01;-0,01;-0,01;-0,01;-0,01;-0,04;-0,04
29.08.2026;19:30;19:45;0,02;0,02;-0,01;-0,01;-0,28;-0,28;-0,14;-0,14;0,0;0,0;-0,01;-0,01;-0,05;-0,05;-0,03;-0,03;-0,02;-0,02;-0,03;-0,03;-0,01;-0,01;-0,09;-0,09;0,0;0,0;-0,02;-0,02;-0,02;-0,02;-0,33;-0,33;-0,01;-0,01;-0,01;-0,01;-0,02;-0,02;-0,08;-0,08;-0,02;-0,02;-0,01;-0,01;-0,07;-0,07;-0,03;-0,03;-0,02;-0,02;-0,03;-0,03;-0,01;-0,01;-0,04;-0,04
29.08.2026;19:45;20:00;0,01;0,01;0,0;0,0;-0,04;-0,04;-0,22;-0,22;-0,01;-0,01;-0,02;-0,02;-0,06;-0,06;-0,05;-0,05;-0,02;-0,02;-0,03;-0,03;-0,01;-0,01;-0,05;-0,05;0,0;0,0;-0,02;-0,02;-0,02;-0,02;-0,38;-0,38;-0,01;-0,01;-0,01;-0,01;-0,03;-0,03;-0,04;-0,04;0,0;0,0;-0,02;-0,02;-0,07;-0,07;-0,04;-0,04;-0,01;-0,01;-0,01;-0,01;-0,02;-0,02;-0,03;-0,03
29.08.2026;20:00;20:15;0,0;0,0;0,0;0,0;-0,05;-0,05;-0,27;-0,27;0,0;0,0;-0,01;-0,01;-0,08;-0,08;-0,4;-0,4;-0,02;-0,02;-0,03;-0,03;-0,02;-0,02;-0,03;-0,03;0,0;0,0;-0,03;-0,03;-0,04;-0,04;-0,1;-0,1;-0,02;-0,02;-0,02;-0,02;-0,02;-0,02;-0,06;-0,06;-0,01;-0,01;-0,05;-0,05;-0,06;-0,06;-0,03;-0,03;-0,02;-0,02;-0,01;-0,01;-0,06;-0,06;-0,04;-0,04
29.08.2026;20:15;20:30;0,0;0,0;0,0;0,0;-0,04;-0,04;-0,23;-0,23;-0,01;-0,01;-0,01;-0,01;-0,08;-0,08;-0,04;-0,04;-0,04;-0,04;-0,05;-0,05;-0,01;-0,01;-0,02;-0,02;0,0;0,0;-0,03;-0,03;-0,09;-0,09;-0,39;-0,39;0,0;0,0;-0,01;-0,01;-0,04;-0,04;-0,07;-0,07;-0,01;-0,01;-0,04;-0,04;-0,09;-0,09;-0,04;-0,04;-0,03;-0,03;-0,01;-0,01;-0,03;-0,03;-0,07;-0,07
29.08.2026;20:30;20:45;0,0;0,0;0,0;0,0;-0,03;-0,03;-0,16;-0,16;0,0;0,0;0,0;0,0;-0,08;-0,08;-0,04;-0,04;-0,05;-0,05;-0,04;-0,04;-0,01;-0,01;-0,02;-0,02;0,0;0,0;-0,26;-0,26;-0,06;-0,06;-0,1;-0,1;0,0;0,0;-0,01;-0,01;-0,03;-0,03;-0,07;-0,07;-0,01;-0,01;-0,04;-0,04;-0,08;-0,08;-0,05;-0,05;-0,02;-0,02;-0,02;-0,02;-0,04;-0,04;-0,04;-0,04
29.08.2026;20:45;21:00;0,0;0,0;-0,01;-0,01;-0,04;-0,04;-0,11;-0,11;-0,01;-0,01;-0,01;-0,01;-0,07;-0,07;-0,04;-0,04;-0,09;-0,09;-0,05;-0,05;0,0;0,0;-0,02;-0,02;0,0;0,0;-0,22;-0,22;-0,05;-0,05;-0,2;-0,2;-0,01;-0,01;-0,01;-0,01;-0,03;-0,03;-0,06;-0,06;-0,01;-0,01;-0,03;-0,03;-0,09;-0,09;-0,04;-0,04;-0,02;-0,02;-0,03;-0,03;-0,03;-0,03;-0,03;-0,03
29.08.2026;21:00;21:15;0,0;0,0;0,0;0,0;-0,03;-0,03;-0,1;-0,1;0,0;0,0;0,0;0,0;-0,08;-0,08;-0,04;-0,04;-0,05;-0,05;-0,04;-0,04;0,0;0,0;-0,03;-0,03;0,0;0,0;-0,35;-0,35;-0,06;-0,06;-0,04;-0,04;-0,01;-0,01;-0,01;-0,01;-0,03;-0,03;-0,06;-0,06;-0,01;-0,01;-0,02;-0,02;-0,08;-0,08;-0,03;-0,03;-0,02;-0,02;-0,02;-0,02;-0,03;-0,03;-0,03;-0,03
29.08.2026;21:15;21:30;0,0;0,0;0,0;0,0;-0,04;-0,04;-0,1;-0,1;0,0;0,0;-0,02;-0,02;-0,06;-0,06;-0,03;-0,03;-0,06;-0,06;-0,04;-0,04;-0,01;-0,01;-0,01;-0,01;0,0;0,0;-0,04;-0,04;-0,06;-0,06;-0,03;-0,03;-0,01;-0,01;-0,01;-0,01;-0,02;-0,02;-0,06;-0,06;-0,01;-0,01;-0,02;-0,02;-0,08;-0,08;-0,04;-0,04;-0,02;-0,02;-0,01;-0,01;-0,04;-0,04;-0,02;-0,02
29.08.2026;21:30;21:45;0,0;0,0;0,0;0,0;-0,04;-0,04;-0,1;-0,1;-0,01;-0,01;-0,01;-0,01;-0,04;-0,04;-0,04;-0,04;-0,05;-0,05;-0,03;-0,03;-0,02;-0,02;-0,03;-0,03;-0,01;-0,01;-0,03;-0,03;-0,05;-0,05;-0,03;-0,03;0,0;0,0;-0,01;-0,01;-0,03;-0,03;-0,06;-0,06;-0,01;-0,01;-0,03;-0,03;-0,08;-0,08;-0,05;-0,05;-0,02;-0,02;-0,11;-0,11;-0,03;-0,03;-0,02;-0,02
29.08.2026;21:45;22:00;0,0;0,0;-0,01;-0,01;-0,03;-0,03;-0,11;-0,11;-0,01;-0,01;-0,01;-0,01;-0,04;-0,04;-0,04;-0,04;-0,06;-0,06;-0,03;-0,03;-0,01;-0,01;-0,01;-0,01;0,0;0,0;-0,02;-0,02;-0,16;-0,16;-0,03;-0,03;-0,01;-0,01;-0,02;-0,02;-0,03;-0,03;-0,06;-0,06;-0,01;-0,01;-0,01;-0,01;-0,09;-0,09;-0,03;-0,03;-0,02;-0,02;-0,04;-0,04;-0,03;-0,03;-0,02;-0,02
29.08.2026;22:00;22:15;0,0;0,0;0,0;0,0;-0,04;-0,04;-0,1;-0,1;0,0;0,0;-0,02;-0,02;-0,04;-0,04;-0,03;-0,03;-0,04;-0,04;-0,03;-0,03;-0,01;-0,01;-0,02;-0,02;0,0;0,0;-0,01;-0,01;-0,05;-0,05;-0,01;-0,01;-0,01;-0,01;-0,01;-0,01;-0,03;-0,03;-0,05;-0,05;-0,01;-0,01;-0,01;-0,01;-0,05;-0,05;-0,04;-0,04;-0,02;-0,02;-0,05;-0,05;-0,01;-0,01;-0,02;-0,02
29.08.2026;22:15;22:30;0,0;0,0;0,0;0,0;-0,03;-0,03;-0,11;-0,11;-0,01;-0,01;-0,01;-0,01;-0,04;-0,04;-0,03;-0,03;-0,04;-0,04;-0,03;-0,03;-0,02;-0,02;-0,02;-0,02;0,0;0,0;-0,03;-0,03;-0,05;-0,05;-0,02;-0,02;-0,01;-0,01;-0,03;-0,03;-0,02;-0,02;-0,05;-0,05;-0,01;-0,01;-0,01;-0,01;-0,01;-0,01;-0,04;-0,04;-0,03;-0,03;-0,07;-0,07;-0,02;-0,02;-0,03;-0,03
29.08.2026;22:30;22:45;0,0;0,0;0,0;0,0;-0,04;-0,04;-0,13;-0,13;0,0;0,0;0,0;0,0;-0,04;-0,04;-0,03;-0,03;-0,04;-0,04;-0,04;-0,04;0,0;0,0;-0,02;-0,02;0,0;0,0;-0,02;-0,02;-0,06;-0,06;-0,01;-0,01;-0,02;-0,02;-0,02;-0,02;-0,03;-0,03;-0,04;-0,04;-0,01;-0,01;-0,02;-0,02;-0,02;-0,02;-0,04;-0,04;-0,02;-0,02;-0,06;-0,06;-0,03;-0,03;-0,03;-0,03
29.08.2026;22:45;23:00;0,0;0,0;-0,01;-0,01;-0,03;-0,03;-0,09;-0,09;-0,01;-0,01;-0,01;-0,01;-0,03;-0,03;-0,03;-0,03;-0,04;-0,04;-0,05;-0,05;0,0;0,0;-0,02;-0,02;0,0;0,0;-0,01;-0,01;-0,05;-0,05;-0,01;-0,01;-0,04;-0,04;-0,02;-0,02;-0,03;-0,03;-0,06;-0,06;-0,01;-0,01;-0,02;-0,02;-0,01;-0,01;-0,01;-0,01;-0,01;-0,01;-0,05;-0,05;-0,02;-0,02;-0,04;-0,04
29.08.2026;23:00;23:15;0,0;0,0;0,0;0,0;-0,04;-0,04;-0,09;-0,09;-0,01;-0,01;0,0;0,0;-0,04;-0,04;-0,02;-0,02;-0,03;-0,03;-0,04;-0,04;0,0;0,0;-0,02;-0,02;0,0;0,0;0,0;0,0;-0,04;-0,04;-0,02;-0,02;-0,03;-0,03;-0,02;-0,02;-0,02;-0,02;-0,06;-0,06;-0,01;-0,01;-0,02;-0,02;-0,01;-0,01;0,0;0,0;0,0;0,0;-0,04;-0,04;-0,01;-0,01;-0,02;-0,02
29.08.2026;23:15;23:30;0,0;0,0;0,0;0,0;-0,02;-0,02;-0,18;-0,18;0,0;0,0;-0,01;-0,01;-0,04;-0,04;-0,03;-0,03;-0,04;-0,04;-0,04;-0,04;-0,02;-0,02;-0,02;-0,02;0,0;0,0;-0,02;-0,02;-0,05;-0,05;-0,01;-0,01;-0,04;-0,04;-0,02;-0,02;-0,02;-0,02;-0,05;-0,05;-0,01;-0,01;-0,01;-0,01;-0,02;-0,02;-0,02;-0,02;-0,01;-0,01;-0,02;-0,02;-0,02;-0,02;0,0;0,0
29.08.2026;23:30;23:45;0,0;0,0;0,0;0,0;-0,02;-0,02;-0,15;-0,15;-0,01;-0,01;-0,02;-0,02;-0,04;-0,04;-0,02;-0,02;-0,04;-0,04;-0,04;-0,04;-0,01;-0,01;-0,02;-0,02;0,0;0,0;-0,02;-0,02;-0,05;-0,05;-0,01;-0,01;-0,03;-0,03;-0,03;-0,03;-0,01;-0,01;-0,02;-0,02;-0,01;-0,01;-0,01;-0,01;-0,01;-0,01;-0,01;-0,01;-0,01;-0,01;-0,03;-0,03;-0,01;-0,01;-0,01;-0,01
29.08.2026;23:45;00:00;0,0;0,0;0,0;0,0;-0,01;-0,01;-0,22;-0,22;0,0;0,0;-0,01;-0,01;-0,04;-0,04;-0,01;-0,01;-0,03;-0,03;-0,03;-0,03;-0,01;-0,01;-0,01;-0,01;0,0;0,0;0,0;0,0;-0,05;-0,05;-0,01;-0,01;-0,03;-0,03;-0,02;-0,02;0,0;0,0;-0,03;-0,03;-0,01;-0,01;-0,01;-0,01;-0,01;-0,01;-0,01;-0,01;-0,01;-0,01;-0,02;-0,02;-0,02;-0,02;0,0;0,0
30.08.2026;00:00;00:15;0,0;0,0;-0,01;-0,01;-0,01;-0,01;-0,1;-0,1;-0,01;-0,01;-0,01;-0,01;-0,03;-0,03;-0,02;-0,02;-0,04;-0,04;-0,02;-0,02;-0,02;-0,02;-0,03;-0,03;0,0;0,0;-0,01;-0,01;-0,04;-0,04;-0,02;-0,02;-0,03;-0,03;-0,02;-0,02;-0,02;-0,02;-0,02;-0,02;-0,02;-0,02;-0,02;-0,02;-0,02;-0,02;-0,01;-0,01;-0,02;-0,02;-0,03;-0,03;-0,01;-0,01;-0,01;-0,01
30.08.2026;00:15;00:30;0,0;0,0;0,0;0,0;-0,02;-0,02;-0,11;-0,11;-0,01;-0,01;-0,02;-0,02;-0,04;-0,04;-0,01;-0,01;-0,03;-0,03;-0,03;-0,03;-0,01;-0,01;0,0;0,0;0,0;0,0;-0,02;-0,02;-0,05;-0,05;-0,01;-0,01;-0,04;-0,04;-0,02;-0,02;-0,01;-0,01;-0,02;-0,02;-0,02;-0,02;-0,03;-0,03;-0,01;-0,01;-0,02;-0,02;-0,01;-0,01;-0,03;-0,03;-0,01;-0,01;-0,03;-0,03
30.08.2026;00:30;00:45;0,0;0,0;0,0;0,0;-0,02;-0,02;-0,13;-0,13;0,0;0,0;0,0;0,0;-0,04;-0,04;-0,01;-0,01;-0,02;-0,02;-0,03;-0,03;0,0;0,0;-0,01;-0,01;0,0;0,0;-0,01;-0,01;-0,1;-0,1;-0,01;-0,01;-0,03;-0,03;-0,02;-0,02;-0,01;-0,01;-0,02;-0,02;-0,02;-0,02;-0,01;-0,01;-0,01;-0,01;-0,01;-0,01;-0,01;-0,01;-0,03;-0,03;-0,01;-0,01;-0,02;-0,02
30.08.2026;00:45;01:00;0,0;0,0;0,0;0,0;-0,02;-0,02;-0,15;-0,15;-0,01;-0,01;0,0;0,0;-0,04;-0,04;-0,01;-0,01;-0,03;-0,03;-0,01;-0,01;0,0;0,0;-0,01;-0,01;0,0;0,0;0,0;0,0;-0,02;-0,02;-0,01;-0,01;-0,03;-0,03;-0,02;-0,02;-0,02;-0,02;-0,02;-0,02;-0,02;-0,02;-0,01;-0,01;-0,02;-0,02;-0,01;-0,01;-0,01;-0,01;-0,02;-0,02;-0,01;-0,01;-0,02;-0,02
30.08.2026;01:00;01:15;0,0;0,0;-0,01;-0,01;-0,02;-0,02;-0,25;-0,25;0,0;0,0;-0,01;-0,01;-0,03;-0,03;-0,01;-0,01;-0,01;-0,01;-0,02;-0,02;-0,01;-0,01;-0,01;-0,01;0,0;0,0;-0,01;-0,01;-0,02;-0,02;-0,02;-0,02;-0,03;-0,03;-0,03;-0,03;0,0;0,0;-0,02;-0,02;0,0;0,0;-0,01;-0,01;0,0;0,0;-0,01;-0,01;-0,02;-0,02;-0,02;-0,02;-0,02;-0,02;-0,02;-0,02
30.08.2026;01:15;01:30;0,0;0,0;0,0;0,0;-0,01;-0,01;-0,24;-0,24;-0,01;-0,01;-0,01;-0,01;-0,04;-0,04;-0,02;-0,02;-0,03;-0,03;-0,01;-0,01;-0,01;-0,01;-0,01;-0,01;0,0;0,0;-0,02;-0,02;-0,02;-0,02;-0,01;-0,01;-0,03;-0,03;-0,36;-0,36;-0,02;-0,02;-0,02;-0,02;-0,01;-0,01;-0,02;-0,02;-0,02;-0,02;-0,01;-0,01;-0,02;-0,02;-0,03;-0,03;-0,01;-0,01;-0,03;-0,03
30.08.2026;01:30;01:45;0,0;0,0;0,0;0,0;-0,02;-0,02;-0,11;-0,11;-0,01;-0,01;-0,02;-0,02;-0,04;-0,04;-0,01;-0,01;-0,02;-0,02;-0,02;-0,02;-0,02;-0,02;-0,01;-0,01;0,0;0,0;-0,01;-0,01;0,0;0,0;-0,01;-0,01;-0,04;-0,04;-0,18;-0,18;-0,01;-0,01;-0,02;-0,02;-0,02;-0,02;-0,02;-0,02;-0,01;-0,01;-0,01;-0,01;-0,02;-0,02;-0,02;-0,02;-0,01;-0,01;-0,01;-0,01
30.08.2026;01:45;02:00;0,0;0,0;0,0;0,0;-0,02;-0,02;-0,13;-0,13;0,0;0,0;-0,01;-0,01;-0,03;-0,03;-0,01;-0,01;-0,01;-0,01;-0,01;-0,01;-0,01;-0,01;-0,01;-0,01;0,0;0,0;0,0;0,0;-0,02;-0,02;-0,01;-0,01;-0,04;-0,04;-0,06;-0,06;-0,01;-0,01;-0,02;-0,02;0,0;0,0;-0,02;-0,02;-0,01;-0,01;-0,01;-0,01;-0,01;-0,01;-0,02;-0,02;-0,01;-0,01;-0,02;-0,02
30.08.2026;02:00;02:15;0,0;0,0;0,0;0,0;-0,01;-0,01;-0,16;-0,16;-0,01;-0,01;-0,01;-0,01;-0,04;-0,04;-0,01;-0,01;-0,02;-0,02;-0,01;-0,01;-0,01;-0,01;-0,01;-0,01;-0,01;-0,01;-0,02;-0,02;-0,01;-0,01;-0,02;-0,02;-0,03;-0,03;-0,36;-0,36;-0,01;-0,01;-0,02;-0,02;-0,01;-0,01;-0,01;-0,01;-0,01;-0,01;-0,01;-0,01;-0,01;-0,01;-0,03;-0,03;-0,01;-0,01;-0,01;-0,01
30.08.2026;02:15;02:30;0,0;0,0;-0,01;-0,01;-0,03;-0,03;-0,15;-0,15;0,0;0,0;-0,01;-0,01;-0,03;-0,03;-0,01;-0,01;-0,02;-0,02;0,0;0,0;0,0;0,0;-0,01;-0,01;0,0;0,0;-0,01;-0,01;-0,01;-0,01;0,0;0,0;-0,02;-0,02;-0,07;-0,07;-0,01;-0,01;-0,02;-0,02;-0,01;-0,01;-0,01;-0,01;-0,01;-0,01;-0,02;-0,02;-0,01;-0,01;-0,03;-0,03;-0,02;-0,02;-0,02;-0,02
30.08.2026;02:30;02:45;0,0;0,0;0,0;0,0;-0,02;-0,02;-0,11;-0,11;-0,01;-0,01;0,0;0,0;-0,04;-0,04;-0,01;-0,01;-0,01;-0,01;-0,01;-0,01;-0,01;-0,01;-0,01;-0,01;0,0;0,0;-0,01;-0,01;-0,01;-0,01;-0,02;-0,02;-0,03;-0,03;-0,02;-0,02;-0,02;-0,02;-0,03;-0,03;-0,01;-0,01;-0,01;-0,01;-0,01;-0,01;-0,01;-0,01;-0,01;-0,01;-0,02;-0,02;-0,01;-0,01;-0,01;-0,01
30.08.2026;02:45;03:00;0,0;0,0;0,0;0,0;-0,02;-0,02;-0,14;-0,14;0,0;0,0;0,0;0,0;-0,04;-0,04;-0,01;-0,01;-0,03;-0,03;0,0;0,0;0,0;0,0;0,0;0,0;0,0;0,0;-0,01;-0,01;-0,01;-0,01;-0,02;-0,02;-0,02;-0,02;-0,01;-0,01;0,0;0,0;-0,02;-0,02;0,0;0,0;-0,02;-0,02;-0,02;-0,02;0,0;0,0;-0,01;-0,01;0,0;0,0;-0,01;-0,01;-0,01;-0,01
30.08.2026;03:00;03:15;0,0;0,0;0,0;0,0;-0,03;-0,03;-0,13;-0,13;-0,01;-0,01;-0,01;-0,01;-0,03;-0,03;-0,01;-0,01;-0,01;-0,01;-0,01;-0,01;-0,01;-0,01;-0,02;-0,02;0,0;0,0;-0,01;-0,01;-0,01;-0,01;-0,01;-0,01;-0,01;-0,01;-0,01;-0,01;-0,02;-0,02;-0,02;-0,02;-0,02;-0,02;-0,03;-0,03;0,0;0,0;-0,02;-0,02;-0,01;-0,01;-0,02;-0,02;-0,01;-0,01;0,0;0,0
30.08.2026;03:15;03:30;0,0;0,0;-0,01;-0,01;-0,02;-0,02;-0,18;-0,18;0,0;0,0;-0,02;-0,02;-0,05;-0,05;-0,01;-0,01;-0,02;-0,02;-0,02;-0,02;-0,02;-0,02;0,0;0,0;0,0;0,0;-0,02;-0,02;-0,01;-0,01;-0,02;-0,02;0,0;0,0;0,0;0,0;-0,01;-0,01;-0,02;-0,02;-0,01;-0,01;-0,01;-0,01;-0,02;-0,02;-0,01;-0,01;-0,01;-0,01;-0,01;-0,01;-0,01;-0,01;0,0;0,0
30.08.2026;03:30;03:45;0,0;0,0;0,0;0,0;-0,03;-0,03;-0,08;-0,08;-0,01;-0,01;-0,01;-0,01;-0,05;-0,05;-0,01;-0,01;-0,02;-0,02;-0,02;-0,02;-0,01;-0,01;-0,01;-0,01;0,0;0,0;0,0;0,0;-0,01;-0,01;-0,01;-0,01;-0,01;-0,01;-0,02;-0,02;0,0;0,0;-0,02;-0,02;-0,01;-0,01;-0,01;-0,01;-0,01;-0,01;-0,01;-0,01;-0,02;-0,02;-0,01;-0,01;-0,01;-0,01;-0,01;-0,01
30.08.2026;03:45;04:00;0,0;0,0;0,0;0,0;-0,02;-0,02;-0,08;-0,08;0,0;0,0;-0,02;-0,02;-0,03;-0,03;-0,02;-0,02;-0,01;-0,01;-0,02;-0,02;-0,01;-0,01;-0,01;-0,01;0,0;0,0;-0,01;-0,01;-0,01;-0,01;-0,01;-0,01;-0,01;-0,01;-0,02;-0,02;-0,02;-0,02;-0,02;-0,02;-0,01;-0,01;-0,01;-0,01;-0,01;-0,01;-0,01;-0,01;-0,01;-0,01;-0,01;-0,01;-0,01;-0,01;-0,01;-0,01
30.08.2026;04:00;04:15;0,0;0,0;0,0;0,0;-0,02;-0,02;-0,08;-0,08;-0,01;-0,01;-0,01;-0,01;-0,04;-0,04;0,0;0,0;-0,03;-0,03;-0,01;-0,01;-0,01;-0,01;-0,01;-0,01;0,0;0,0;-0,01;-0,01;-0,01;-0,01;-0,02;-0,02;-0,01;-0,01;-0,02;-0,02;-0,01;-0,01;-0,02;-0,02;-0,01;-0,01;-0,01;-0,01;-0,01;-0,01;-0,02;-0,02;0,0;0,0;-0,02;-0,02;-0,01;-0,01;-0,01;-0,01
30.08.2026;04:15;04:30;0,0;0,0;0,0;0,0;-0,03;-0,03;-0,09;-0,09;-0,01;-0,01;0,0;0,0;-0,04;-0,04;-0,02;-0,02;-0,02;-0,02;-0,01;-0,01;0,0;0,0;-0,01;-0,01;0,0;0,0;-0,02;-0,02;-0,02;-0,02;0,0;0,0;0,0;0,0;-0,02;-0,02;-0,01;-0,01;-0,02;-0,02;-0,01;-0,01;-0,02;-0,02;-0,01;-0,01;0,0;0,0;-0,01;-0,01;-0,02;-0,02;-0,01;-0,01;-0,02;-0,02
30.08.2026;04:30;04:45;0,0;0,0;-0,01;-0,01;-0,01;-0,01;-0,09;-0,09;0,0;0,0;0,0;0,0;-0,04;-0,04;0,0;0,0;-0,01;-0,01;0,0;0,0;0,0;0,0;0,0;0,0;0,0;0,0;-0,01;-0,01;-0,01;-0,01;-0,02;-0,02;-0,01;-0,01;-0,02;-0,02;-0,02;-0,02;-0,02;-0,02;-0,01;-0,01;-0,03;-0,03;-0,01;-0,01;-0,01;-0,01;0,0;0,0;0,0;0,0;-0,01;-0,01;-0,01;-0,01
30.08.2026;04:45;05:00;0,0;0,0;0,0;0,0;-0,01;-0,01;-0,09;-0,09;-0,01;-0,01;-0,01;-0,01;-0,04;-0,04;-0,02;-0,02;-0,02;-0,02;-0,01;-0,01;-0,01;-0,01;-0,02;-0,02;0,0;0,0;0,0;0,0;-0,01;-0,01;-0,01;-0,01;-0,01;-0,01;-0,02;-0,02;0,0;0,0;-0,02;-0,02;0,0;0,0;-0,01;-0,01;-0,01;-0,01;-0,02;-0,02;-0,01;-0,01;-0,01;-0,01;-0,01;-0,01;-0,01;-0,01
30.08.2026;05:00;05:15;0,0;0,0;0,0;0,0;0,0;0,0;-0,08;-0,08;-0,01;-0,01;-0,01;-0,01;-0,04;-0,04;0,0;0,0;-0,02;-0,02;0,0;0,0;-0,02;-0,02;0,0;0,0;0,0;0,0;-0,02;-0,02;-0,01;-0,01;-0,02;-0,02;-0,01;-0,01;-0,02;-0,02;-0,02;-0,02;-0,02;-0,02;-0,02;-0,02;-0,06;-0,06;-0,01;-0,01;-0,01;-0,01;-0,01;-0,01;-0,01;-0,01;-0,02;-0,02;0,0;0,0
30.08.2026;05:15;05:30;0,0;0,0;0,0;0,0;0,0;0,0;-0,08;-0,08;0,0;0,0;-0,02;-0,02;-0,03;-0,03;-0,02;-0,02;-0,01;-0,01;-0,01;-0,01;-0,01;-0,01;-0,01;-0,01;0,0;0,0;-0,01;-0,01;0,0;0,0;-0,01;-0,01;-0,01;-0,01;-0,02;-0,02;-0,01;-0,01;-0,02;-0,02;-0,01;-0,01;-0,03;-0,03;-0,01;-0,01;-0,01;-0,01;-0,02;-0,02;-0,01;-0,01;0,0;0,0;0,0;0,0
30.08.2026;05:30;05:45;0,0;0,0;-0,01;-0,01;-0,01;-0,01;-0,11;-0,11;-0,01;-0,01;-0,01;-0,01;-0,04;-0,04;-0,03;-0,03;-0,02;-0,02;-0,01;-0,01;-0,02;-0,02;-0,01;-0,01;0,0;0,0;-0,01;-0,01;-0,02;-0,02;-0,01;-0,01;0,0;0,0;0,0;0,0;-0,01;-0,01;-0,02;-0,02;-0,01;-0,01;-0,03;-0,03;-0,01;-0,01;-0,01;-0,01;-0,01;-0,01;-0,01;-0,01;-0,02;-0,02;-0,02;-0,02
30.08.2026;05:45;06:00;0,0;0,0;0,0;0,0;0,0;0,0;-0,09;-0,09;0,0;0,0;-0,01;-0,01;-0,04;-0,04;-0,03;-0,03;-0,02;-0,02;-0,02;-0,02;-0,01;-0,01;-0,01;-0,01;0,0;0,0;0,0;0,0;-0,01;-0,01;-0,1;-0,1;0,0;0,0;-0,01;-0,01;-0,01;-0,01;-0,02;-0,02;-0,01;-0,01;-0,02;-0,02;-0,01;-0,01;-0,01;-0,01;-0,01;-0,01;-0,01;-0,01;-0,01;-0,01;-0,01;-0,01
30.08.2026;06:00;06:15;0,0;0,0;0,0;0,0;-0,01;-0,01;-0,08;-0,08;-0,01;-0,01;-0,01;-0,01;-0,04;-0,04;-0,02;-0,02;-0,02;-0,02;-0,02;-0,02;0,0;0,0;-0,01;-0,01;-0,01;-0,01;-0,02;-0,02;-0,01;-0,01;-0,02;-0,02;-0,01;-0,01;-0,01;-0,01;-0,01;-0,01;-0,02;-0,02;-0,01;-0,01;-0,01;-0,01;-0,01;-0,01;-0,01;-0,01;-0,01;-0,01;-0,02;-0,02;-0,02;-0,02;-0,01;-0,01
30.08.2026;06:15;06:30;0,0;0,0;0,0;0,0;-0,02;-0,02;-0,09;-0,09;-0,01;-0,01;0,0;0,0;-0,03;-0,03;-0,02;-0,02;-0,02;-0,02;-0,01;-0,01;0,0;0,0;-0,01;-0,01;0,0;0,0;-0,01;-0,01;-0,01;-0,01;-0,01;-0,01;-0,01;-0,01;0,0;0,0;-0,02;-0,02;-0,02;-0,02;-0,01;-0,01;-0,01;-0,01;-0,01;-0,01;-0,01;-0,01;-0,01;-0,01;-0,01;-0,01;-0,02;-0,02;-0,01;-0,01
30.08.2026;06:30;06:45;0,02;0,02;0,0;0,0;-0,01;-0,01;-0,08;-0,08;0,0;0,0;0,0;0,0;-0,04;-0,04;-0,02;-0,02;-0,01;-0,01;-0,01;-0,01;0,0;0,0;0,0;0,0;0,0;0,0;-0,01;-0,01;-0,01;-0,01;-0,02;-0,02;-0,01;-0,01;-0,01;-0,01;0,0;0,0;-0,02;-0,02;-0,01;-0,01;-0,01;-0,01;-0,01;-0,01;-0,01;-0,01;-0,01;-0,01;-0,01;-0,01;-0,01;-0,01;-0,01;-0,01
30.08.2026;06:45;07:00;0,07;0,07;-0,01;-0,01;-0,01;-0,01;-0,1;-0,1;-0,01;-0,01;-0,01;-0,01;-0,04;-0,04;-0,05;-0,05;-0,02;-0,02;-0,01;-0,01;-0,02;-0,02;-0,02;-0,02;0,0;0,0;-0,04;-0,04;0,0;0,0;-0,01;-0,01;0,0;0,0;0,0;0,0;-0,02;-0,02;-0,03;-0,03;0,0;0,0;-0,02;-0,02;-0,01;-0,01;-0,02;-0,02;-0,01;-0,01;-0,01;-0,01;-0,01;-0,01;0,0;0,0
30.08.2026;07:00;07:15;0,15;0,11;0,0;0,0;-0,02;-0,02;-0,09;-0,05;0,0;0,0;-0,02;-0,02;-0,13;-0,13;-0,02;-0,02;-0,02;-0,02;0,0;0,0;-0,01;-0,01;0,0;0,0;0,0;0,0;-0,02;-0,02;-0,02;-0,02;-0,04;-0,04;-0,01;-0,01;-0,02;-0,02;-0,01;-0,01;-0,03;-0,03;-0,11;-0,11;-0,02;-0,02;-0,01;-0,01;-0,01;-0,01;-0,01;-0,01;0,0;0,0;-0,01;-0,01;-0,01;-0,01
30.08.2026;07:15;07:30;0,34;0,1;0,0;0,0;-0,12;-0,11;-0,13;-0,1;0,0;0,0;-0,01;0,0;-0,09;-0,08;-0,03;-0,02;-0,01;0,0;-0,01;0,0;-0,02;-0,01;-0,01;0,0;0,0;0,0;-0,02;-0,01;0,0;0,0;-0,06;-0,05;-0,01;0,0;-0,02;-0,01;-0,01;0,0;-0,03;-0,02;-0,01;0,0;-0,02;-0,01;-0,01;0,0;0,0;0,0;-0,01;0,0;-0,04;-0,03;-0,01;0,0;-0,01;0,0
30.08.2026;07:30;07:45;0,6;0,16;0,0;0,0;-0,08;-0,06;-0,09;0,0;-0,01;0,0;-0,02;0,0;-0,09;-0,07;-0,02;0,0;-0,02;0,0;0,0;0,0;-0,01;0,0;-0,01;0,0;0,0;0,0;-0,01;0,0;-0,01;0,0;-0,04;-0,02;-0,01;0,0;-0,02;0,0;-0,02;0,0;-0,02;0,0;-0,01;0,0;-0,01;0,0;-0,01;0,0;-0,02;0,0;-0,01;0,0;-0,01;0,0;-0,19;-0,17;-0,02;0,0
30.08.2026;07:45;08:00;0,56;0,23;-0,01;0,0;-0,04;-0,03;-0,1;0,0;-0,01;0,0;-0,01;0,0;-0,06;-0,05;-0,02;-0,01;-0,02;-0,01;-0,01;0,0;0,0;0,0;-0,01;0,0;0,0;0,0;-0,01;0,0;-0,02;-0,01;-0,06;-0,05;-0,01;0,0;-0,02;-0,01;0,0;0,0;-0,02;-0,01;-0,01;0,0;-0,01;0,0;-0,01;0,0;-0,01;0,0;-0,02;-0,01;-0,01;0,0;-0,45;-0,44;-0,01;0,0
30.08.2026;08:00;08:15;0,83;0,3;0,0;0,0;-0,01;0,0;-0,12;0,0;0,0;0,0;0,0;0,0;-0,04;0,0;-0,02;0,0;-0,02;0,0;-0,04;0,0;0,0;0,0;-0,03;0,0;0,0;0,0;-0,04;0,0;-0,01;0,0;-0,04;0,0;0,0;0,0;-0,01;0,0;-0,02;0,0;-0,02;0,0;-0,01;0,0;-0,01;0,0;-0,02;0,0;-0,01;0,0;-0,01;0,0;-0,01;0,0;-0,04;0,0;0,0;0,0
30.08.2026;08:15;08:30;0,87;0,25;0,0;0,0;-0,02;0,0;-0,11;0,0;-0,01;0,0;0,0;0,0;-0,11;-0,06;-0,02;0,0;-0,02;0,0;-0,29;-0,24;-0,01;0,0;-0,11;-0,06;0,0;0,0;-0,02;0,0;-0,01;0,0;-0,05;0,0;0,0;0,0;-0,02;0,0;-0,03;0,0;-0,03;0,0;-0,01;0,0;-0,03;0,0;0,0;0,0;-0,01;0,0;-0,01;0,0;-0,02;0,0;-0,03;0,0;-0,01;0,0
30.08.2026;08:30;08:45;0,84;0,26;0,0;0,0;-0,01;0,0;-0,1;0,0;0,0;0,0;-0,01;0,0;-0,04;0,0;-0,03;0,0;-0,01;0,0;-0,05;0,0;-0,01;0,0;-0,04;0,0;0,0;0,0;0,0;0,0;-0,01;0,0;-0,05;0,0;-0,01;0,0;-0,02;0,0;-0,02;0,0;-0,02;0,0;-0,01;0,0;-0,02;0,0;-0,03;0,0;-0,02;0,0;-0,01;0,0;-0,01;0,0;-0,05;0,0;0,0;0,0
30.08.2026;08:45;09:00;1,1;0,26;-0,01;0,0;-0,02;0,0;-0,2;0,0;-0,01;0,0;-0,01;0,0;-0,02;0,0;-0,06;0,0;-0,02;0,0;-0,05;0,0;-0,01;0,0;-0,03;0,0;0,0;0,0;-0,01;0,0;-0,01;0,0;-0,03;0,0;-0,01;0,0;-0,02;0,0;-0,04;0,0;-0,02;0,0;-0,01;0,0;-0,12;-0,06;-0,05;0,0;-0,04;0,0;-0,02;0,0;0,0;0,0;-0,33;-0,27;-0,02;0,0
30.08.2026;09:00;09:15;1,2;0,35;0,0;0,0;-0,02;0,0;-0,14;0,0;-0,01;0,0;-0,02;0,0;-0,03;0,0;-0,05;0,0;-0,02;0,0;-0,03;0,0;-0,02;0,0;-0,02;0,0;0,0;0,0;-0,02;0,0;-0,02;0,0;-0,04;0,0;-0,04;0,0;0,0;0,0;-0,02;0,0;-0,02;0,0;-0,01;0,0;-0,14;-0,06;-0,04;0,0;-0,13;-0,05;-0,01;0,0;-0,01;0,0;-0,59;-0,51;-0,02;0,0
30.08.2026;09:15;09:30;1,78;0,75;0,0;0,0;-0,03;0,0;-0,14;0,0;0,0;0,0;-0,01;0,0;-0,04;0,0;-0,07;0,0;-0,01;0,0;-0,04;0,0;-0,01;0,0;-0,02;0,0;0,0;0,0;-0,05;0,0;-0,01;0,0;-0,04;0,0;0,0;0,0;0,0;0,0;-0,03;0,0;-0,14;0,0;-0,01;0,0;-0,18;-0,02;-0,05;0,0;-0,01;0,0;-0,01;0,0;-0,01;0,0;-0,12;0,0;-0,02;0,0
30.08.2026;09:30;09:45;0,11;0,11;0,0;0,0;-0,01;-0,01;-0,12;-0,12;-0,01;-0,01;-0,01;-0,01;-0,03;-0,03;-0,44;-0,44;-0,02;-0,02;-0,19;-0,19;-0,01;-0,01;-0,05;-0,05;0,0;0,0;0,0;0,0;-0,01;-0,01;-0,03;-0,03;-0,02;-0,02;-0,01;-0,01;-0,03;-0,03;-0,04;-0,04;-0,03;-0,03;-0,02;-0,02;-0,04;-0,04;-0,01;-0,01;-0,01;-0,01;-0,01;-0,01;-0,14;-0,14;0,0;0,0
30.08.2026;09:45;10:00;0,0;0,0;0,0;0,0;-0,01;-0,01;-0,13;-0,13;0,0;0,0;-0,01;-0,01;-0,02;-0,02;-0,12;-0,12;-0,08;-0,08;-0,19;-0,19;0,0;0,0;-0,05;-0,05;0,0;0,0;-0,01;-0,01;-0,01;-0,01;-0,04;-0,04;-0,04;-0,04;0,0;0,0;-0,02;-0,02;-0,05;-0,05;-0,04;-0,04;-0,02;-0,02;-0,06;-0,06;-0,03;-0,03;-0,02;-0,02;-0,01;-0,01;-0,14;-0,14;-0,02;-0,02
30.08.2026;10:00;10:15;1,05;0,24;-0,01;0,0;-0,01;0,0;-0,12;0,0;-0,01;0,0;0,0;0,0;-0,04;0,0;-0,06;-0,01;-0,2;-0,15;-0,19;-0,14;0,0;0,0;-0,06;-0,01;0,0;0,0;-0,03;0,0;-0,01;0,0;-0,04;0,0;-0,02;0,0;-0,01;0,0;-0,04;0,0;-0,05;0,0;-0,04;0,0;-0,01;0,0;-0,08;-0,03;-0,02;0,0;-0,01;0,0;-0,02;0,0;-0,16;-0,11;-0,02;0,0
30.08.2026;10:15;10:30;2,91;1,61;0,0;0,0;0,0;0,0;-0,12;0,0;-0,01;0,0;-0,01;0,0;-0,04;0,0;-0,03;0,0;-0,29;0,0;-0,2;0,0;-0,01;0,0;-0,13;0,0;-0,01;0,0;-0,01;0,0;-0,01;0,0;-0,06;0,0;0,0;0,0;-0,02;0,0;-0,02;0,0;-0,04;0,0;-0,04;0,0;-0,02;0,0;-0,05;0,0;-0,02;0,0;-0,02;0,0;-0,01;0,0;-0,08;0,0;-0,05;0,0
30.08.2026;10:30;10:45;2,72;1,17;0,0;0,0;-0,01;0,0;-0,19;0,0;0,0;0,0;0,0;0,0;-0,03;0,0;-0,04;0,0;-0,26;0,0;-0,3;-0,03;-0,02;0,0;-0,64;-0,37;0,0;0,0;-0,01;0,0;-0,01;0,0;-0,06;0,0;-0,01;0,0;-0,02;0,0;-0,02;0,0;-0,04;0,0;-0,09;0,0;-0,02;0,0;-0,06;0,0;-0,01;0,0;-0,02;0,0;-0,01;0,0;-0,03;0,0;-0,05;0,0
30.08.2026;10:45;11:00;2,75;1,06;0,0;0,0;0,0;0,0;-0,18;0,0;-0,01;0,0;-0,02;0,0;-0,02;0,0;-0,05;0,0;-0,63;-0,35;-0,21;0,0;-0,01;0,0;-0,39;-0,11;0,0;0,0;-0,01;0,0;-0,03;0,0;-0,06;0,0;-0,02;0,0;-0,01;0,0;-0,03;0,0;-0,04;0,0;-0,06;0,0;-0,03;0,0;-0,05;0,0;0,0;0,0;0,0;0,0;-0,01;0,0;-0,25;0,0;-0,03;0,0
30.08.2026;11:00;11:15;3,27;1,2;-0,01;0,0;-0,01;0,0;-0,13;0,0;-0,01;0,0;-0,01;0,0;-0,04;0,0;-0,11;0,0;-0,15;0,0;-0,06;0,0;-0,01;0,0;-0,22;0,0;0,0;0,0;-0,02;0,0;-0,41;-0,11;-0,08;0,0;-0,01;0,0;-0,02;0,0;-0,02;0,0;-0,15;0,0;-0,08;0,0;-0,03;0,0;-0,23;0,0;-0,01;0,0;-0,1;0,0;0,0;0,0;-0,24;0,0;-0,02;0,0
30.08.2026;11:15;11:30;3,32;1,55;0,0;0,0;-0,01;0,0;-0,19;0,0;0,0;0,0;-0,02;0,0;-0,03;0,0;-0,19;0,0;-0,17;0,0;-0,04;0,0;-0,02;0,0;-0,34;0,0;0,0;0,0;-0,01;0,0;-0,07;0,0;-0,01;0,0;-0,01;0,0;-0,02;0,0;-0,04;0,0;-0,05;0,0;-0,04;0,0;-0,01;0,0;-0,07;0,0;-0,02;0,0;0,0;0,0;-0,02;0,0;-0,84;-0,49;-0,04;0,0
30.08.2026;11:30;11:45;2,99;1,19;0,0;0,0;-0,01;0,0;-0,12;0,0;-0,01;0,0;-0,01;0,0;-0,04;0,0;-0,61;-0,31;-0,5;-0,2;-0,04;0,0;0,0;0,0;-0,05;0,0;0,0;0,0;-0,01;0,0;-0,16;0,0;-0,02;0,0;0,0;0,0;-0,02;0,0;-0,02;0,0;-0,05;0,0;-0,04;0,0;-0,02;0,0;-0,11;0,0;-0,01;0,0;-0,02;0,0;-0,1;0,0;-0,4;-0,1;-0,04;0,0
30.08.2026;11:45;12:00;3,63;1,69;0,0;0,0;-0,02;0,0;-0,12;0,0;-0,01;0,0;-0,01;0,0;-0,06;0,0;-0,53;-0,14;-0,17;0,0;-0,04;0,0;0,0;0,0;-0,02;0,0;0,0;0,0;-0,02;0,0;-0,49;-0,1;-0,01;0,0;-0,01;0,0;-0,02;0,0;-0,04;0,0;-0,06;0,0;-0,08;0,0;-0,01;0,0;-0,1;0,0;-0,02;0,0;-0,02;0,0;-0,04;0,0;-0,26;0,0;-0,02;0,0
30.08.2026;12:00;12:15;2,03;0,65;0,0;0,0;-0,01;0,0;-0,11;0,0;-0,01;0,0;-0,01;0,0;-0,03;0,0;-0,25;-0,08;-0,09;0,0;-0,03;0,0;0,0;0,0;-0,03;0,0;0,0;0,0;-0,02;0,0;-0,24;-0,07;-0,01;0,0;-0,02;0,0;-0,03;0,0;-0,03;0,0;-0,05;0,0;-0,05;0,0;-0,03;0,0;-0,11;0,0;-0,02;0,0;-0,1;0,0;-0,03;0,0;-0,3;-0,13;-0,05;0,0
30.08.2026;12:15;12:30;1,67;0,48;-0,01;0,0;-0,01;0,0;-0,13;0,0;-0,01;0,0;0,0;0,0;-0,04;0,0;-0,14;-0,02;-0,06;0,0;-0,05;0,0;-0,02;0,0;-0,03;0,0;0,0;0,0;-0,01;0,0;-0,05;0,0;-0,01;0,0;-0,01;0,0;-0,05;0,0;-0,03;0,0;-0,18;-0,06;-0,05;0,0;-0,02;0,0;-0,1;0,0;-0,01;0,0;-0,05;0,0;-0,04;0,0;-0,3;-0,18;-0,04;0,0
30.08.2026;12:30;12:45;2,85;1,64;0,0;0,0;-0,02;0,0;-0,14;0,0;-0,01;0,0;-0,01;0,0;-0,04;0,0;-0,14;0,0;-0,05;0,0;-0,05;0,0;-0,01;0,0;-0,03;0,0;0,0;0,0;0,0;0,0;-0,07;0,0;-0,01;0,0;0,0;0,0;-0,02;0,0;-0,03;0,0;-0,05;0,0;-0,08;0,0;-0,02;0,0;-0,09;0,0;-0,02;0,0;-0,02;0,0;-0,03;0,0;-0,24;0,0;-0,03;0,0
30.08.2026;12:45;13:00;3,62;2,35;0,0;0,0;-0,01;0,0;-0,15;0,0;0,0;0,0;0,0;0,0;-0,04;0,0;-0,13;0,0;-0,2;0,0;-0,06;0,0;-0,02;0,0;-0,02;0,0;0,0;0,0;-0,02;0,0;-0,06;0,0;-0,02;0,0;-0,01;0,0;-0,02;0,0;-0,02;0,0;-0,05;0,0;-0,05;0,0;-0,02;0,0;-0,07;0,0;-0,01;0,0;-0,02;0,0;-0,03;0,0;-0,21;0,0;-0,03;0,0
30.08.2026;13:00;13:15;2,44;1,02;0,0;0,0;-0,02;0,0;-0,16;0,0;-0,01;0,0;-0,02;0,0;-0,04;0,0;-0,13;0,0;-0,13;0,0;-0,24;-0,02;-0,01;0,0;-0,03;0,0;0,0;0,0;-0,02;0,0;-0,07;0,0;-0,01;0,0;-0,01;0,0;0,0;0,0;-0,03;0,0;-0,05;0,0;-0,04;0,0;-0,24;-0,02;-0,08;0,0;-0,01;0,0;-0,01;0,0;-0,03;0,0;-0,02;0,0;-0,05;0,0
30.08.2026;13:15;13:30;1,0;0,28;-0,01;0,0;-0,02;0,0;-0,1;0,0;-0,01;0,0;-0,01;0,0;-0,04;0,0;-0,14;-0,1;-0,17;-0,13;-0,22;-0,18;-0,01;0,0;-0,1;-0,06;0,0;0,0;0,0;0,0;-0,29;-0,25;-0,01;0,0;-0,01;0,0;-0,02;0,0;-0,03;0,0;-0,03;0,0;-0,03;0,0;-0,11;-0,07;-0,08;-0,04;0,0;0,0;-0,09;-0,05;-0,03;0,0;0,0;0,0;-0,04;0,0
30.08.2026;13:30;13:45;0,88;0,19;0,0;0,0;-0,08;-0,05;-0,14;-0,02;0,0;0,0;-0,11;-0,08;-0,04;-0,01;-0,11;-0,08;-0,13;-0,1;-0,06;-0,03;-0,01;0,0;-0,06;-0,03;0,0;0,0;-0,01;0,0;-0,04;-0,01;-0,04;-0,01;-0,01;0,0;-0,01;0,0;-0,02;0,0;-0,04;-0,01;-0,05;-0,02;-0,08;-0,05;-0,07;-0,04;-0,02;0,0;-0,02;0,0;-0,04;-0,01;-0,02;0,0;-0,04;-0,01
30.08.2026;13:45;14:00;3,61;2,07;0,0;0,0;-0,02;0,0;-0,23;0,0;0,0;0,0;-0,39;0,0;-0,03;0,0;-0,02;0,0;-0,12;0,0;-0,03;0,0;0,0;0,0;-0,08;0,0;-0,01;0,0;-0,01;0,0;-0,04;0,0;-0,03;0,0;-0,04;0,0;0,0;0,0;-0,04;0,0;-0,03;0,0;-0,04;0,0;-0,07;0,0;-0,19;0,0;-0,01;0,0;-0,02;0,0;-0,03;0,0;-0,02;0,0;-0,04;0,0
30.08.2026;14:00;14:15;3,07;1,28;0,0;0,0;-0,03;0,0;-0,24;0,0;-0,01;0,0;-0,37;-0,07;-0,04;0,0;-0,02;0,0;-0,1;0,0;-0,03;0,0;0,0;0,0;-0,07;0,0;0,0;0,0;-0,02;0,0;-0,04;0,0;-0,03;0,0;-0,18;0,0;-0,01;0,0;-0,02;0,0;-0,04;0,0;-0,04;0,0;-0,27;0,0;-0,09;0,0;-0,02;0,0;-0,02;0,0;-0,04;0,0;-0,08;0,0;-0,05;0,0
30.08.2026;14:15;14:30;2,89;1,25;0,0;0,0;-0,03;0,0;-0,18;0,0;-0,01;0,0;-0,04;0,0;-0,04;0,0;-0,01;0,0;-0,09;0,0;-0,02;0,0;-0,01;0,0;-0,07;0,0;0,0;0,0;0,0;0,0;-0,03;0,0;-0,03;0,0;-0,17;0,0;-0,02;0,0;-0,03;0,0;-0,04;0,0;-0,07;0,0;-0,22;0,0;-0,07;0,0;-0,01;0,0;-0,1;0,0;-0,03;0,0;-0,51;-0,23;-0,04;0,0
30.08.2026;14:30;14:45;1,76;0,56;-0,01;0,0;-0,02;0,0;-0,18;0,0;-0,01;0,0;-0,04;0,0;-0,07;0,0;-0,01;0,0;-0,03;0,0;-0,01;0,0;-0,02;0,0;-0,02;0,0;0,0;0,0;-0,01;0,0;-0,04;0,0;-0,03;0,0;-0,16;-0,02;-0,01;0,0;-0,03;0,0;-0,02;0,0;-0,07;0,0;-0,02;0,0;-0,04;0,0;-0,02;0,0;-0,23;-0,09;-0,03;0,0;-0,13;0,0;-0,05;0,0
30.08.2026;14:45;15:00;2,19;0,93;0,0;0,0;-0,02;0,0;-0,21;0,0;0,0;0,0;-0,03;0,0;-0,49;-0,29;-0,02;0,0;-0,03;0,0;-0,02;0,0;-0,01;0,0;-0,03;0,0;0,0;0,0;-0,03;0,0;-0,04;0,0;-0,03;0,0;-0,05;0,0;-0,01;0,0;-0,02;0,0;-0,03;0,0;-0,09;0,0;-0,34;-0,14;-0,04;0,0;-0,01;0,0;-0,03;0,0;-0,03;0,0;-0,03;0,0;-0,05;0,0
30.08.2026;15:00;15:15;2,51;1,62;0,0;0,0;-0,01;0,0;-0,2;0,0;-0,01;0,0;-0,04;0,0;-0,08;0,0;-0,01;0,0;-0,01;0,0;-0,02;0,0;-0,01;0,0;-0,02;0,0;0,0;0,0;-0,01;0,0;-0,04;0,0;-0,02;0,0;-0,05;0,0;0,0;0,0;-0,03;0,0;-0,03;0,0;-0,04;0,0;-0,03;0,0;-0,04;0,0;0,0;0,0;-0,03;0,0;-0,01;0,0;-0,11;0,0;-0,04;0,0
30.08.2026;15:15;15:30;3,15;2,12;0,0;0,0;-0,02;0,0;-0,14;0,0;-0,01;0,0;-0,04;0,0;-0,08;0,0;-0,04;0,0;-0,02;0,0;-0,02;0,0;-0,02;0,0;-0,02;0,0;0,0;0,0;0,0;0,0;-0,02;0,0;-0,02;0,0;-0,02;0,0;-0,01;0,0;-0,02;0,0;-0,02;0,0;-0,04;0,0;-0,16;0,0;-0,05;0,0;-0,01;0,0;-0,03;0,0;-0,01;0,0;-0,16;0,0;-0,05;0,0
30.08.2026;15:30;15:45;3,04;2,11;-0,01;0,0;-0,01;0,0;-0,33;0,0;0,0;0,0;-0,05;0,0;-0,06;0,0;-0,03;0,0;-0,02;0,0;-0,01;0,0;0,0;0,0;-0,04;0,0;0,0;0,0;-0,01;0,0;-0,01;0,0;-0,03;0,0;-0,02;0,0;-0,02;0,0;-0,04;0,0;-0,03;0,0;-0,04;0,0;-0,03;0,0;-0,04;0,0;-0,02;0,0;-0,03;0,0;-0,01;0,0;0,0;0,0;-0,04;0,0
30.08.2026;15:45;16:00;2,84;1,25;0,0;0,0;0,0;0,0;-0,12;0,0;-0,01;0,0;-0,05;0,0;-0,05;0,0;-0,04;0,0;-0,01;0,0;-0,01;0,0;0,0;0,0;-0,02;0,0;0,0;0,0;-0,02;0,0;-0,01;0,0;-0,02;0,0;-0,35;-0,06;-0,01;0,0;-0,17;0,0;-0,04;0,0;-0,03;0,0;-0,29;0,0;-0,25;0,0;-0,02;0,0;-0,04;0,0;-0,02;0,0;-0,02;0,0;-0,05;0,0
30.08.2026;16:00;16:15;2,64;1,18;0,0;0,0;-0,01;0,0;-0,22;0,0;-0,01;0,0;-0,05;0,0;-0,06;0,0;-0,04;0,0;-0,02;0,0;-0,01;0,0;0,0;0,0;-0,01;0,0;0,0;0,0;-0,01;0,0;-0,01;0,0;-0,05;0,0;-0,23;0,0;-0,01;0,0;-0,04;0,0;-0,03;0,0;-0,08;0,0;-0,2;0,0;-0,08;0,0;-0,01;0,0;-0,22;0,0;-0,01;0,0;-0,01;0,0;-0,04;0,0
30.08.2026;16:15;16:30;2,42;1,49;0,0;0,0;0,0;0,0;-0,17;0,0;0,0;0,0;-0,02;0,0;-0,06;0,0;-0,02;0,0;-0,02;0,0;0,0;0,0;-0,02;0,0;-0,03;0,0;0,0;0,0;-0,01;0,0;-0,01;0,0;-0,07;0,0;0,0;0,0;0,0;0,0;-0,02;0,0;-0,02;0,0;-0,07;0,0;-0,01;0,0;-0,07;0,0;-0,02;0,0;-0,22;0,0;-0,01;0,0;-0,01;0,0;-0,05;0,0
30.08.2026;16:30;16:45;1,73;0,81;0,0;0,0;-0,01;0,0;-0,15;0,0;-0,01;0,0;-0,03;0,0;-0,05;0,0;-0,02;0,0;-0,02;0,0;-0,01;0,0;-0,01;0,0;-0,02;0,0;0,0;0,0;-0,01;0,0;-0,11;0,0;-0,05;0,0;-0,01;0,0;-0,01;0,0;-0,03;0,0;-0,02;0,0;-0,04;0,0;-0,01;0,0;-0,07;0,0;0,0;0,0;-0,26;-0,09;-0,01;0,0;-0,01;0,0;-0,04;0,0
30.08.2026;16:45;17:00;0,42;0,11;-0,01;0,0;-0,01;0,0;-0,09;-0,02;-0,01;0,0;-0,03;-0,02;-0,06;-0,05;-0,03;-0,02;-0,02;-0,01;0,0;0,0;-0,02;-0,01;-0,03;-0,02;0,0;0,0;-0,02;-0,01;-0,16;-0,15;-0,03;-0,02;-0,02;-0,01;-0,02;-0,01;-0,03;-0,02;-0,03;-0,02;-0,04;-0,03;-0,02;-0,01;-0,08;-0,07;-0,01;0,0;-0,08;-0,07;-0,01;0,0;-0,06;-0,05;-0,05;-0,04
30.08.2026;17:00;17:15;0,0;0,0;0,0;0,0;-0,01;-0,01;-0,09;-0,09;0,0;0,0;-0,03;-0,03;-0,04;-0,04;-0,05;-0,05;-0,01;-0,01;-0,03;-0,03;-0,01;-0,01;-0,02;-0,02;0,0;0,0;-0,01;-0,01;-0,08;-0,08;-0,23;-0,23;-0,01;-0,01;-0,01;-0,01;-0,03;-0,03;-0,02;-0,02;-0,02;-0,02;-0,02;-0,02;-0,06;-0,06;-0,01;-0,01;-0,19;-0,19;-0,01;-0,01;-0,01;-0,01;-0,04;-0,04
30.08.2026;17:15;17:30;1,02;0,21;0,0;0,0;-0,02;0,0;-0,19;-0,01;-0,01;0,0;-0,03;0,0;-0,05;0,0;-0,03;0,0;-0,02;0,0;-0,01;0,0;-0,01;0,0;-0,02;0,0;-0,01;0,0;-0,03;0,0;-0,01;0,0;-0,09;-0,04;0,0;0,0;0,0;0,0;-0,03;0,0;-0,02;0,0;-0,05;0,0;-0,03;0,0;-0,06;-0,01;-0,02;0,0;-0,12;-0,07;-0,01;0,0;-0,02;0,0;-0,05;0,0
30.08.2026;17:30;17:45;1,2;0,23;0,0;0,0;-0,01;0,0;-0,26;-0,05;-0,01;0,0;-0,03;0,0;-0,05;0,0;-0,02;0,0;-0,02;0,0;-0,02;0,0;0,0;0,0;-0,04;0,0;0,0;0,0;-0,03;0,0;-0,04;0,0;-0,13;-0,06;-0,01;0,0;-0,01;0,0;-0,03;0,0;-0,02;0,0;-0,06;0,0;-0,01;0,0;-0,09;-0,02;-0,02;0,0;-0,08;-0,01;-0,01;0,0;-0,27;-0,2;-0,04;0,0
30.08.2026;17:45;18:00;0,98;0,22;-0,01;0,0;-0,02;0,0;-0,19;-0,02;0,0;0,0;-0,02;0,0;-0,06;-0,02;-0,06;-0,02;-0,01;0,0;-0,02;0,0;0,0;0,0;-0,25;-0,21;0,0;0,0;-0,02;0,0;-0,04;0,0;-0,05;-0,01;-0,01;0,0;-0,01;0,0;-0,02;0,0;-0,02;0,0;-0,07;-0,03;-0,01;0,0;-0,1;-0,06;-0,01;0,0;-0,03;0,0;-0,02;0,0;-0,3;-0,26;-0,05;-0,01
30.08.2026;18:00;18:15;0,54;0,2;0,0;0,0;-0,1;-0,09;-0,12;-0,02;-0,01;0,0;-0,02;-0,01;-0,06;-0,05;-0,06;-0,05;-0,02;-0,01;-0,01;0,0;-0,01;0,0;-0,38;-0,37;0,0;0,0;-0,03;-0,02;-0,04;-0,03;-0,23;-0,22;-0,01;0,0;-0,02;-0,01;-0,04;-0,03;-0,02;-0,01;-0,06;-0,05;-0,07;-0,06;-0,08;-0,07;-0,01;0,0;-0,07;-0,06;-0,01;0,0;-0,14;-0,13;-0,04;-0,03
30.08.2026;18:15;18:30;0,31;0,06;0,0;0,0;-0,06;-0,05;-0,19;-0,17;-0,01;0,0;-0,02;-0,01;-0,14;-0,13;-0,03;-0,02;-0,02;-0,01;-0,01;0,0;-0,01;0,0;-0,16;-0,15;0,0;0,0;-0,03;-0,02;-0,03;-0,02;-0,03;-0,02;-0,01;0,0;-0,01;0,0;-0,02;-0,01;-0,03;-0,02;-0,01;0,0;-0,43;-0,42;-0,07;-0,06;0,0;0,0;-0,22;-0,21;-0,01;0,0;-0,03;-0,02;-0,04;-0,03
30.08.2026;18:30;18:45;0,27;0,19;0,0;0,0;-0,02;-0,02;-0,25;-0,17;0,0;0,0;-0,02;-0,02;-0,05;-0,05;-0,03;-0,03;-0,01;-0,01;0,0;0,0;-0,02;-0,02;-0,07;-0,07;0,0;0,0;-0,02;-0,02;-0,04;-0,04;-0,03;-0,03;0,0;0,0;-0,01;-0,01;-0,03;-0,03;-0,03;-0,03;0,0;0,0;-0,23;-0,23;-0,07;-0,07;-0,02;-0,02;-0,15;-0,15;0,0;0,0;-0,03;-0,03;-0,05;-0,05
30.08.2026;18:45;19:00;0,18;0,13;-0,01;-0,01;-0,02;-0,02;-0,13;-0,08;0,0;0,0;-0,03;-0,03;-0,05;-0,05;-0,06;-0,06;-0,01;-0,01;-0,01;-0,01;-0,01;-0,01;-0,08;-0,08;0,0;0,0;-0,02;-0,02;-0,04;-0,04;-0,03;-0,03;-0,01;-0,01;0,0;0,0;-0,02;-0,02;-0,02;-0,02;-0,02;-0,02;-0,03;-0,03;-0,19;-0,19;-0,02;-0,02;-0,13;-0,13;-0,02;-0,02;-0,04;-0,04;-0,04;-0,04
30.08.2026;19:00;19:15;0,1;0,1;0,0;0,0;-0,12;-0,12;-0,14;-0,14;-0,01;-0,01;-0,02;-0,02;-0,06;-0,06;-0,04;-0,04;-0,02;-0,02;0,0;0,0;-0,02;-0,02;-0,08;-0,08;0,0;0,0;-0,06;-0,06;-0,04;-0,04;-0,03;-0,03;-0,01;-0,01;-0,02;-0,02;-0,04;-0,04;-0,02;-0,02;-0,01;-0,01;-0,03;-0,03;-0,54;-0,54;-0,01;-0,01;-0,11;-0,11;-0,01;-0,01;-0,05;-0,05;-0,05;-0,05
30.08.2026;19:15;19:30;0,05;0,05;0,0;0,0;-0,06;-0,06;-0,24;-0,24;-0,01;-0,01;-0,03;-0,03;-0,05;-0,05;-0,05;-0,05;-0,01;-0,01;-0,02;-0,02;-0,01;-0,01;-0,09;-0,09;0,0;0,0;-0,03;-0,03;-0,03;-0,03;-0,02;-0,02;-0,01;-0,01;-0,01;-0,01;-0,02;-0,02;-0,02;-0,02;0,0;0,0;-0,04;-0,04;-0,36;-0,36;-0,02;-0,02;-0,16;-0,16;-0,01;-0,01;-0,05;-0,05;-0,04;-0,04
30.08.2026;19:30;19:45;0,01;0,01;0,0;0,0;-0,14;-0,14;-0,27;-0,27;0,0;0,0;-0,03;-0,03;-0,05;-0,05;-0,42;-0,42;-0,02;-0,02;-0,02;-0,02;-0,01;-0,01;-0,08;-0,08;0,0;0,0;-0,03;-0,03;-0,04;-0,04;-0,03;-0,03;-0,02;-0,02;-0,01;-0,01;-0,03;-0,03;-0,02;-0,02;-0,02;-0,02;-0,04;-0,04;-0,07;-0,07;-0,02;-0,02;-0,09;-0,09;-0,01;-0,01;-0,04;-0,04;-0,02;-0,02
30.08.2026;19:45;20:00;0,01;0,01;0,0;0,0;-0,18;-0,18;-0,14;-0,14;-0,01;-0,01;-0,03;-0,03;-0,07;-0,07;-0,28;-0,28;-0,06;-0,06;-0,59;-0,59;-0,04;-0,04;-0,1;-0,1;0,0;0,0;-0,03;-0,03;-0,04;-0,04;-0,03;-0,03;-0,01;-0,01;-0,01;-0,01;-0,03;-0,03;-0,04;-0,04;-0,03;-0,03;-0,24;-0,24;-0,08;-0,08;-0,03;-0,03;-0,09;-0,09;-0,02;-0,02;-0,05;-0,05;-0,41;-0,41
30.08.2026;20:00;20:15;0,0;0,0;-0,01;-0,01;-0,13;-0,13;-0,21;-0,21;-0,01;-0,01;-0,03;-0,03;-0,08;-0,08;-0,25;-0,25;-0,05;-0,05;-0,47;-0,47;-0,06;-0,06;-0,1;-0,1;0,0;0,0;-0,02;-0,02;-0,05;-0,05;-0,02;-0,02;-0,01;-0,01;0,0;0,0;-0,02;-0,02;-0,02;-0,02;-0,03;-0,03;-0,04;-0,04;-0,12;-0,12;-0,06;-0,06;-0,09;-0,09;-0,01;-0,01;-0,04;-0,04;-0,16;-0,16
30.08.2026;20:15;20:30;0,0;0,0;0,0;0,0;-0,13;-0,13;-0,21;-0,21;0,0;0,0;-0,03;-0,03;-0,07;-0,07;-0,18;-0,18;-0,02;-0,02;-0,35;-0,35;-0,06;-0,06;-0,01;-0,01;0,0;0,0;-0,04;-0,04;-0,04;-0,04;-0,03;-0,03;-0,01;-0,01;-0,02;-0,02;-0,04;-0,04;-0,02;-0,02;-0,02;-0,02;-0,03;-0,03;-0,09;-0,09;-0,07;-0,07;-0,16;-0,16;0,0;0,0;-0,05;-0,05;-0,06;-0,06
30.08.2026;20:30;20:45;0,0;0,0;0,0;0,0;-0,03;-0,03;-0,12;-0,12;-0,01;-0,01;-0,02;-0,02;-0,08;-0,08;-0,09;-0,09;-0,02;-0,02;-0,37;-0,37;-0,02;-0,02;-0,02;-0,02;0,0;0,0;-0,03;-0,03;-0,04;-0,04;-0,03;-0,03;-0,02;-0,02;-0,01;-0,01;-0,02;-0,02;-0,02;-0,02;-0,04;-0,04;-0,05;-0,05;-0,08;-0,08;-0,05;-0,05;-0,15;-0,15;-0,01;-0,01;-0,04;-0,04;-0,06;-0,06
30.08.2026;20:45;21:00;0,0;0,0;0,0;0,0;-0,04;-0,04;-0,18;-0,18;-0,01;-0,01;-0,01;-0,01;-0,08;-0,08;-0,16;-0,16;-0,03;-0,03;-0,44;-0,44;-0,01;-0,01;-0,02;-0,02;0,0;0,0;-0,04;-0,04;-0,04;-0,04;-0,01;-0,01;-0,03;-0,03;-0,01;-0,01;-0,03;-0,03;-0,02;-0,02;-0,02;-0,02;-0,06;-0,06;-0,09;-0,09;-0,04;-0,04;-0,48;-0,48;-0,01;-0,01;-0,05;-0,05;-0,05;-0,05
30.08.2026;21:00;21:15;0,0;0,0;-0,01;-0,01;-0,03;-0,03;-0,19;-0,19;0,0;0,0;-0,01;-0,01;-0,08;-0,08;-0,05;-0,05;-0,01;-0,01;-0,5;-0,5;-0,01;-0,01;-0,01;-0,01;0,0;0,0;-0,03;-0,03;-0,03;-0,03;-0,02;-0,02;-0,02;-0,02;-0,02;-0,02;-0,03;-0,03;-0,03;-0,03;-0,02;-0,02;-0,03;-0,03;-0,07;-0,07;-0,03;-0,03;-0,36;-0,36;-0,01;-0,01;-0,05;-0,05;-0,05;-0,05
30.08.2026;21:15;21:30;0,0;0,0;0,0;0,0;-0,03;-0,03;-0,2;-0,2;-0,01;-0,01;-0,02;-0,02;-0,08;-0,08;-0,03;-0,03;-0,02;-0,02;-0,4;-0,4;0,0;0,0;-0,02;-0,02;0,0;0,0;-0,03;-0,03;-0,03;-0,03;-0,01;-0,01;-0,02;-0,02;-0,05;-0,05;-0,02;-0,02;-0,02;-0,02;-0,01;-0,01;-0,02;-0,02;-0,06;-0,06;-0,04;-0,04;-0,04;-0,04;-0,01;-0,01;-0,03;-0,03;-0,05;-0,05
30.08.2026;21:30;21:45;0,0;0,0;0,0;0,0;-0,06;-0,06;-0,19;-0,19;0,0;0,0;-0,01;-0,01;-0,08;-0,08;-0,03;-0,03;-0,03;-0,03;-0,33;-0,33;-0,01;-0,01;-0,01;-0,01;-0,01;-0,01;-0,04;-0,04;-0,03;-0,03;-0,01;-0,01;-0,02;-0,02;-0,06;-0,06;-0,03;-0,03;-0,03;-0,03;-0,01;-0,01;-0,02;-0,02;-0,04;-0,04;-0,39;-0,39;-0,03;-0,03;-0,02;-0,02;-0,02;-0,02;-0,05;-0,05
30.08.2026;21:45;22:00;0,0;0,0;0,0;0,0;-0,04;-0,04;-0,2;-0,2;-0,01;-0,01;-0,01;-0,01;-0,08;-0,08;-0,03;-0,03;-0,04;-0,04;-0,36;-0,36;0,0;0,0;-0,02;-0,02;0,0;0,0;-0,02;-0,02;-0,04;-0,04;-0,02;-0,02;-0,03;-0,03;-0,07;-0,07;-0,02;-0,02;-0,02;-0,02;-0,01;-0,01;-0,03;-0,03;-0,01;-0,01;-0,07;-0,07;-0,03;-0,03;-0,01;-0,01;-0,04;-0,04;-0,05;-0,05
30.08.2026;22:00;22:15;0,0;0,0;0,0;0,0;-0,03;-0,03;-0,24;-0,24;-0,01;-0,01;-0,02;-0,02;-0,06;-0,06;-0,04;-0,04;-0,02;-0,02;-0,3;-0,3;-0,01;-0,01;-0,01;-0,01;0,0;0,0;-0,02;-0,02;-0,03;-0,03;-0,38;-0,38;-0,02;-0,02;-0,42;-0,42;-0,04;-0,04;-0,03;-0,03;-0,01;-0,01;-0,01;-0,01;-0,02;-0,02;-0,06;-0,06;-0,03;-0,03;-0,03;-0,03;-0,03;-0,03;-0,05;-0,05
30.08.2026;22:15;22:30;0,0;0,0;-0,01;-0,01;-0,03;-0,03;-0,24;-0,24;0,0;0,0;-0,01;-0,01;-0,04;-0,04;-0,04;-0,04;-0,03;-0,03;-0,31;-0,31;-0,02;-0,02;-0,01;-0,01;0,0;0,0;-0,03;-0,03;-0,05;-0,05;-0,17;-0,17;-0,02;-0,02;-0,22;-0,22;-0,02;-0,02;-0,02;-0,02;-0,01;-0,01;-0,01;-0,01;0,0;0,0;-0,02;-0,02;-0,03;-0,03;-0,04;-0,04;-0,02;-0,02;-0,05;-0,05
30.08.2026;22:30;22:45;0,0;0,0;0,0;0,0;-0,04;-0,04;-0,11;-0,11;-0,01;-0,01;-0,01;-0,01;-0,03;-0,03;-0,03;-0,03;-0,02;-0,02;-0,03;-0,03;-0,01;-0,01;-0,01;-0,01;0,0;0,0;-0,03;-0,03;-0,04;-0,04;-0,35;-0,35;-0,03;-0,03;-0,08;-0,08;-0,03;-0,03;-0,04;-0,04;-0,01;-0,01;-0,02;-0,02;-0,01;-0,01;-0,03;-0,03;-0,02;-0,02;-0,06;-0,06;-0,03;-0,03;-0,04;-0,04
30.08.2026;22:45;23:00;0,0;0,0;0,0;0,0;-0,04;-0,04;-0,17;-0,17;-0,01;-0,01;-0,01;-0,01;-0,04;-0,04;-0,05;-0,05;-0,02;-0,02;-0,03;-0,03;-0,01;-0,01;0,0;0,0;0,0;0,0;0,0;0,0;-0,04;-0,04;-0,39;-0,39;-0,03;-0,03;-0,39;-0,39;-0,02;-0,02;-0,02;-0,02;-0,01;-0,01;-0,02;-0,02;-0,01;-0,01;-0,05;-0,05;-0,02;-0,02;-0,04;-0,04;-0,02;-0,02;-0,04;-0,04
30.08.2026;23:00;23:15;0,0;0,0;0,0;0,0;-0,04;-0,04;-0,07;-0,07;0,0;0,0;-0,01;-0,01;-0,04;-0,04;-0,03;-0,03;-0,01;-0,01;-0,27;-0,27;-0,01;-0,01;-0,03;-0,03;0,0;0,0;-0,01;-0,01;-0,13;-0,13;-0,3;-0,3;-0,03;-0,03;-0,13;-0,13;-0,01;-0,01;-0,03;-0,03;-0,01;-0,01;-0,03;-0,03;-0,01;-0,01;-0,03;-0,03;-0,03;-0,03;-0,02;-0,02;-0,02;-0,02;-0,04;-0,04
30.08.2026;23:15;23:30;0,0;0,0;-0,01;-0,01;-0,03;-0,03;-0,07;-0,07;-0,01;-0,01;0,0;0,0;-0,04;-0,04;-0,03;-0,03;-0,02;-0,02;-0,32;-0,32;-0,01;-0,01;0,0;0,0;0,0;0,0;-0,02;-0,02;-0,01;-0,01;-0,1;-0,1;-0,03;-0,03;-0,07;-0,07;-0,02;-0,02;-0,02;-0,02;-0,01;-0,01;-0,01;-0,01;-0,01;-0,01;-0,01;-0,01;-0,02;-0,02;-0,01;-0,01;-0,01;-0,01;-0,03;-0,03
30.08.2026;23:30;23:45;0,0;0,0;0,0;0,0;-0,02;-0,02;-0,07;-0,07;0,0;0,0;-0,01;-0,01;-0,03;-0,03;-0,04;-0,04;-0,02;-0,02;-0,01;-0,01;0,0;0,0;-0,01;-0,01;0,0;0,0;-0,02;-0,02;-0,01;-0,01;-0,34;-0,34;-0,08;-0,08;-0,05;-0,05;0,0;0,0;-0,03;-0,03;-0,01;-0,01;-0,01;-0,01;-0,01;-0,01;-0,02;-0,02;-0,03;-0,03;-0,01;-0,01;-0,01;-0,01;-0,02;-0,02
30.08.2026;23:45;00:00;0,0;0,0;0,0;0,0;-0,03;-0,03;-0,07;-0,07;-0,01;-0,01;-0,01;-0,01;-0,04;-0,04;-0,02;-0,02;-0,01;-0,01;0,0;0,0;0,0;0,0;-0,01;-0,01;0,0;0,0;0,0;0,0;-0,01;-0,01;-0,04;-0,04;-0,01;-0,01;-0,04;-0,04;-0,02;-0,02;-0,02;-0,02;-0,01;-0,01;-0,02;-0,02;-0,01;-0,01;-0,02;-0,02;-0,02;-0,02;-0,01;-0,01;-0,02;-0,02;-0,02;-0,02
31.08.2026;00:00;00:15;0,0;0,0;0,0;0,0;-0,02;-0,02;-0,06;-0,06;0,0;0,0;-0,02;-0,02;-0,04;-0,04;-0,04;-0,04;-0,02;-0,02;-0,01;-0,01;-0,02;-0,02;-0,01;-0,01;0,0;0,0;-0,02;-0,02;-0,01;-0,01;-0,04;-0,04;-0,02;-0,02;-0,04;-0,04;-0,01;-0,01;-0,02;-0,02;-0,01;-0,01;-0,03;-0,03;-0,01;-0,01;-0,02;-0,02;-0,02;-0,02;-0,02;-0,02;-0,01;-0,01;-0,03;-0,03
31.08.2026;00:15;00:30;0,0;0,0;0,0;0,0;-0,02;-0,02;-0,08;-0,08;-0,01;-0,01;-0,01;-0,01;-0,04;-0,04;-0,05;-0,05;-0,02;-0,02;-0,02;-0,02;-0,01;-0,01;-0,02;-0,02;0,0;0,0;-0,02;-0,02;0,0;0,0;-0,02;-0,02;-0,01;-0,01;-0,03;-0,03;-0,01;-0,01;-0,03;-0,03;-0,01;-0,01;-0,01;-0,01;-0,01;-0,01;-0,02;-0,02;0,0;0,0;-0,01;-0,01;-0,01;-0,01;-0,02;-0,02
31.08.2026;00:30;00:45;0,0;0,0;-0,01;-0,01;-0,03;-0,03;-0,06;-0,06;0,0;0,0;-0,01;-0,01;-0,03;-0,03;-0,04;-0,04;-0,02;-0,02;-0,02;-0,02;-0,02;-0,02;-0,01;-0,01;0,0;0,0;-0,01;-0,01;-0,02;-0,02;-0,03;-0,03;0,0;0,0;-0,02;-0,02;-0,01;-0,01;-0,02;-0,02;-0,01;-0,01;-0,02;-0,02;-0,01;-0,01;-0,04;-0,04;-0,01;-0,01;-0,01;-0,01;-0,01;-0,01;-0,02;-0,02
31.08.2026;00:45;01:00;0,0;0,0;0,0;0,0;-0,02;-0,02;-0,06;-0,06;-0,01;-0,01;-0,02;-0,02;-0,04;-0,04;-0,03;-0,03;-0,01;-0,01;-0,02;-0,02;-0,01;-0,01;-0,02;-0,02;0,0;0,0;0,0;0,0;-0,01;-0,01;-0,02;-0,02;0,0;0,0;-0,01;-0,01;-0,01;-0,01;-0,02;-0,02;-0,01;-0,01;-0,01;-0,01;-0,01;-0,01;-0,05;-0,05;0,0;0,0;-0,02;-0,02;-0,02;-0,02;-0,02;-0,02
31.08.2026;01:00;01:15;0,0;0,0;0,0;0,0;-0,01;-0,01;-0,06;-0,06;-0,01;-0,01;0,0;0,0;-0,04;-0,04;-0,05;-0,05;-0,03;-0,03;-0,02;-0,02;-0,01;-0,01;-0,01;-0,01;0,0;0,0;-0,02;-0,02;-0,01;-0,01;-0,03;-0,03;-0,02;-0,02;-0,02;-0,02;-0,02;-0,02;-0,02;-0,02;-0,01;-0,01;-0,02;-0,02;-0,01;-0,01;-0,02;-0,02;-0,02;-0,02;-0,01;-0,01;-0,01;-0,01;-0,02;-0,02
31.08.2026;01:15;01:30;0,0;0,0;0,0;0,0;-0,01;-0,01;-0,06;-0,06;0,0;0,0;0,0;0,0;-0,03;-0,03;-0,03;-0,03;-0,01;-0,01;-0,02;-0,02;0,0;0,0;0,0;0,0;0,0;0,0;-0,02;-0,02;-0,01;-0,01;-0,03;-0,03;-0,01;-0,01;-0,02;-0,02;-0,01;-0,01;-0,02;-0,02;-0,01;-0,01;-0,03;-0,03;-0,01;-0,01;-0,02;-0,02;-0,02;-0,02;-0,01;-0,01;-0,01;-0,01;-0,01;-0,01
31.08.2026;01:30;01:45;0,0;0,0;-0,01;-0,01;0,0;0,0;-0,06;-0,06;-0,01;-0,01;-0,01;-0,01;-0,04;-0,04;-0,02;-0,02;-0,02;-0,02;0,0;0,0;0,0;0,0;-0,02;-0,02;0,0;0,0;0,0;0,0;-0,01;-0,01;-0,03;-0,03;0,0;0,0;-0,01;-0,01;0,0;0,0;-0,02;-0,02;-0,01;-0,01;-0,01;-0,01;-0,01;-0,01;-0,03;-0,03;-0,02;-0,02;-0,01;-0,01;-0,01;-0,01;-0,02;-0,02
31.08.2026;01:45;02:00;0,0;0,0;0,0;0,0;-0,01;-0,01;-0,06;-0,06;-0,01;-0,01;-0,01;-0,01;-0,04;-0,04;-0,02;-0,02;-0,02;-0,02;-0,01;-0,01;-0,01;-0,01;0,0;0,0;-0,01;-0,01;-0,02;-0,02;-0,08;-0,08;-0,02;-0,02;-0,01;-0,01;-0,02;-0,02;-0,02;-0,02;-0,02;-0,02;-0,01;-0,01;-0,01;-0,01;-0,01;-0,01;-0,01;-0,01;-0,03;-0,03;-0,01;-0,01;-0,01;-0,01;-0,01;-0,01
31.08.2026;02:00;02:15;0,0;0,0;0,0;0,0;0,0;0,0;-0,06;-0,06;0,0;0,0;-0,01;-0,01;-0,03;-0,03;-0,01;-0,01;-0,01;-0,01;-0,01;-0,01;-0,01;-0,01;-0,01;-0,01;0,0;0,0;-0,01;-0,01;-0,01;-0,01;-0,03;-0,03;-0,01;-0,01;0,0;0,0;-0,01;-0,01;-0,02;-0,02;-0,01;-0,01;-0,02;-0,02;-0,01;-0,01;-0,01;-0,01;-0,02;-0,02;-0,01;-0,01;-0,02;-0,02;-0,02;-0,02
31.08.2026;02:15;02:30;0,0;0,0;0,0;0,0;0,0;0,0;-0,06;-0,06;-0,01;-0,01;-0,02;-0,02;-0,04;-0,04;-0,01;-0,01;-0,02;-0,02;-0,01;-0,01;-0,02;-0,02;-0,01;-0,01;0,0;0,0;-0,01;-0,01;-0,01;-0,01;-0,01;-0,01;-0,01;-0,01;-0,01;-0,01;-0,02;-0,02;-0,02;-0,02;-0,01;-0,01;-0,03;-0,03;-0,01;-0,01;-0,01;-0,01;-0,02;-0,02;-0,01;-0,01;-0,01;-0,01;-0,01;-0,01
31.08.2026;02:30;02:45;0,0;0,0;0,0;0,0;-0,01;-0,01;-0,05;-0,05;-0,01;-0,01;-0,01;-0,01;-0,03;-0,03;-0,01;-0,01;-0,03;-0,03;-0,01;-0,01;-0,01;-0,01;-0,01;-0,01;0,0;0,0;-0,01;-0,01;-0,01;-0,01;-0,01;-0,01;-0,01;-0,01;-0,01;-0,01;0,0;0,0;-0,03;-0,03;-0,01;-0,01;-0,02;-0,02;-0,01;-0,01;-0,02;-0,02;-0,02;-0,02;-0,01;-0,01;-0,01;-0,01;-0,01;-0,01
31.08.2026;02:45;03:00;0,0;0,0;-0,01;-0,01;0,0;0,0;-0,06;-0,06;0,0;0,0;-0,01;-0,01;-0,04;-0,04;-0,03;-0,03;-0,01;-0,01;-0,02;-0,02;-0,01;-0,01;-0,01;-0,01;0,0;0,0;-0,02;-0,02;-0,01;-0,01;-0,02;-0,02;0,0;0,0;-0,02;-0,02;-0,01;-0,01;-0,02;-0,02;-0,01;-0,01;-0,01;-0,01;-0,01;-0,01;0,0;0,0;-0,03;-0,03;-0,02;-0,02;-0,01;-0,01;0,0;0,0
31.08.2026;03:00;03:15;0,0;0,0;0,0;0,0;-0,01;-0,01;-0,06;-0,06;-0,01;-0,01;-0,01;-0,01;-0,04;-0,04;-0,05;-0,05;-0,02;-0,02;-0,02;-0,02;-0,01;-0,01;-0,01;-0,01;0,0;0,0;-0,01;-0,01;-0,01;-0,01;-0,01;-0,01;0,0;0,0;-0,01;-0,01;-0,02;-0,02;-0,02;-0,02;-0,01;-0,01;-0,02;-0,02;-0,01;-0,01;-0,02;-0,02;-0,02;-0,02;-0,01;-0,01;-0,01;-0,01;0,0;0,0
31.08.2026;03:15;03:30;0,0;0,0;0,0;0,0;0,0;0,0;-0,11;-0,11;0,0;0,0;0,0;0,0;-0,03;-0,03;-0,03;-0,03;-0,02;-0,02;-0,02;-0,02;0,0;0,0;-0,01;-0,01;0,0;0,0;-0,01;-0,01;-0,01;-0,01;-0,01;-0,01;-0,01;-0,01;-0,01;-0,01;-0,01;-0,01;-0,02;-0,02;-0,01;-0,01;-0,02;-0,02;-0,01;-0,01;-0,01;-0,01;-0,02;-0,02;-0,01;-0,01;-0,02;-0,02;0,0;0,0
31.08.2026;03:30;03:45;0,0;0,0;0,0;0,0;-0,01;-0,01;-0,21;-0,21;-0,01;-0,01;0,0;0,0;-0,04;-0,04;-0,03;-0,03;-0,01;-0,01;-0,01;-0,01;0,0;0,0;-0,01;-0,01;0,0;0,0;-0,01;-0,01;-0,01;-0,01;-0,01;-0,01;-0,02;-0,02;-0,01;-0,01;-0,01;-0,01;-0,02;-0,02;0,0;0,0;-0,03;-0,03;0,0;0,0;-0,01;-0,01;-0,03;-0,03;0,0;0,0;-0,02;-0,02;0,0;0,0
31.08.2026;03:45;04:00;0,0;0,0;-0,01;-0,01;0,0;0,0;-0,12;-0,12;0,0;0,0;-0,02;-0,02;-0,04;-0,04;-0,02;-0,02;-0,03;-0,03;-0,02;-0,02;-0,02;-0,02;0,0;0,0;0,0;0,0;-0,02;-0,02;-0,01;-0,01;-0,01;-0,01;0,0;0,0;-0,01;-0,01;-0,01;-0,01;-0,02;-0,02;-0,02;-0,02;-0,01;-0,01;-0,02;-0,02;-0,01;-0,01;-0,02;-0,02;-0,02;-0,02;-0,03;-0,03;-0,02;-0,02
31.08.2026;04:00;04:15;0,0;0,0;0,0;0,0;-0,01;-0,01;-0,06;-0,06;-0,01;-0,01;-0,01;-0,01;-0,05;-0,05;-0,02;-0,02;-0,02;-0,02;-0,01;-0,01;-0,01;-0,01;-0,02;-0,02;0,0;0,0;0,0;0,0;-0,01;-0,01;-0,01;-0,01;0,0;0,0;-0,02;-0,02;-0,01;-0,01;-0,02;-0,02;-0,01;-0,01;-0,01;-0,01;-0,01;-0,01;-0,02;-0,02;-0,02;-0,02;-0,01;-0,01;-0,01;-0,01;-0,02;-0,02
31.08.2026;04:15;04:30;0,0;0,0;0,0;0,0;-0,01;-0,01;-0,08;-0,08;0,0;0,0;-0,02;-0,02;-0,03;-0,03;-0,01;-0,01;-0,01;-0,01;0,0;0,0;-0,01;-0,01;0,0;0,0;0,0;0,0;-0,01;-0,01;-0,01;-0,01;-0,01;-0,01;-0,01;-0,01;-0,01;-0,01;-0,02;-0,02;-0,02;-0,02;0,0;0,0;-0,02;-0,02;0,0;0,0;-0,01;-0,01;-0,02;-0,02;-0,01;-0,01;-0,02;-0,02;-0,02;-0,02
31.08.2026;04:30;04:45;0,0;0,0;0,0;0,0;-0,02;-0,02;-0,08;-0,08;-0,01;-0,01;-0,01;-0,01;-0,05;-0,05;-0,02;-0,02;-0,02;-0,02;-0,01;-0,01;-0,02;-0,02;-0,01;-0,01;0,0;0,0;-0,02;-0,02;-0,01;-0,01;-0,01;-0,01;-0,01;-0,01;-0,01;-0,01;0,0;0,0;-0,02;-0,02;-0,01;-0,01;-0,02;-0,02;-0,01;-0,01;-0,01;-0,01;-0,02;-0,02;-0,01;-0,01;-0,01;-0,01;-0,01;-0,01
31.08.2026;04:45;05:00;0,0;0,0;-0,01;-0,01;-0,01;-0,01;-0,09;-0,09;-0,01;-0,01;-0,01;-0,01;-0,04;-0,04;-0,01;-0,01;-0,02;-0,02;-0,01;-0,01;-0,01;-0,01;-0,01;-0,01;0,0;0,0;-0,01;-0,01;-0,3;-0,3;-0,01;-0,01;-0,01;-0,01;-0,01;-0,01;-0,02;-0,02;-0,02;-0,02;-0,01;-0,01;-0,04;-0,04;-0,01;-0,01;-0,01;-0,01;-0,03;-0,03;-0,02;-0,02;-0,03;-0,03;-0,02;-0,02
31.08.2026;05:00;05:15;0,0;0,0;0,0;0,0;-0,01;-0,01;-0,15;-0,15;0,0;0,0;-0,01;-0,01;-0,04;-0,04;-0,01;-0,01;-0,01;-0,01;0,0;0,0;0,0;0,0;-0,01;-0,01;0,0;0,0;-0,01;-0,01;-0,06;-0,06;-0,02;-0,02;0,0;0,0;-0,01;-0,01;-0,01;-0,01;-0,02;-0,02;-0,01;-0,01;-0,07;-0,07;-0,01;-0,01;-0,01;-0,01;-0,02;-0,02;0,0;0,0;-0,02;-0,02;-0,01;-0,01
31.08.2026;05:15;05:30;0,0;0,0;0,0;0,0;-0,01;-0,01;-0,13;-0,13;-0,01;-0,01;0,0;0,0;-0,04;-0,04;-0,02;-0,02;-0,02;-0,02;-0,03;-0,03;0,0;0,0;-0,01;-0,01;0,0;0,0;-0,04;-0,04;-0,02;-0,02;-0,01;-0,01;-0,01;-0,01;-0,01;-0,01;-0,01;-0,01;-0,02;-0,02;-0,01;-0,01;-0,05;-0,05;-0,01;-0,01;-0,01;-0,01;-0,02;-0,02;-0,01;-0,01;-0,07;-0,07;0,0;0,0
31.08.2026;05:30;05:45;0,0;0,0;0,0;0,0;0,0;0,0;-0,21;-0,21;0,0;0,0;0,0;0,0;-0,03;-0,03;-0,01;-0,01;-0,02;-0,02;-0,02;-0,02;0,0;0,0;-0,01;-0,01;-0,01;-0,01;-0,02;-0,02;-0,01;-0,01;-0,01;-0,01;-0,01;-0,01;-0,01;-0,01;-0,02;-0,02;-0,02;-0,02;-0,01;-0,01;-0,05;-0,05;-0,01;-0,01;-0,01;-0,01;-0,02;-0,02;-0,01;-0,01;-0,01;-0,01;0,0;0,0
31.08.2026;05:45;06:00;0,0;0,0;0,0;0,0;-0,01;-0,01;-0,13;-0,13;-0,01;-0,01;-0,02;-0,02;-0,04;-0,04;-0,01;-0,01;-0,01;-0,01;-0,01;-0,01;-0,02;-0,02;-0,01;-0,01;0,0;0,0;-0,02;-0,02;-0,02;-0,02;-0,01;-0,01;-0,01;-0,01;-0,02;-0,02;0,0;0,0;-0,02;-0,02;-0,01;-0,01;-0,02;-0,02;-0,01;-0,01;-0,02;-0,02;-0,03;-0,03;-0,01;-0,01;-0,01;-0,01;0,0;0,0
31.08.2026;06:00;06:15;0,0;0,0;-0,01;-0,01;0,0;0,0;-0,08;-0,08;-0,01;-0,01;-0,01;-0,01;-0,04;-0,04;-0,01;-0,01;-0,03;-0,03;-0,1;-0,1;-0,01;-0,01;-0,03;-0,03;0,0;0,0;-0,03;-0,03;-0,01;-0,01;-0,01;-0,01;-0,01;-0,01;0,0;0,0;-0,01;-0,01;-0,02;-0,02;-0,01;-0,01;-0,02;-0,02;-0,01;-0,01;-0,01;-0,01;-0,02;-0,02;-0,01;-0,01;-0,02;-0,02;-0,01;-0,01
31.08.2026;06:15;06:30;0,01;0,01;0,0;0,0;-0,01;-0,01;-0,14;-0,14;0,0;0,0;-0,01;-0,01;-0,04;-0,04;-0,01;-0,01;-0,01;-0,01;-0,04;-0,04;-0,02;-0,02;0,0;0,0;0,0;0,0;-0,03;-0,03;-0,01;-0,01;-0,01;-0,01;0,0;0,0;-0,01;-0,01;-0,02;-0,02;-0,02;-0,02;-0,03;-0,03;-0,01;-0,01;-0,03;-0,03;-0,03;-0,03;-0,02;-0,02;-0,02;-0,02;-0,02;-0,02;-0,02;-0,02
31.08.2026;06:30;06:45;0,03;0,03;0,0;0,0;-0,02;-0,02;-0,16;-0,16;-0,01;-0,01;-0,02;-0,02;-0,03;-0,03;-0,02;-0,02;-0,02;-0,02;-0,01;-0,01;-0,01;-0,01;-0,02;-0,02;0,0;0,0;-0,04;-0,04;-0,01;-0,01;-0,01;-0,01;-0,03;-0,03;-0,01;-0,01;0,0;0,0;-0,12;-0,12;-0,02;-0,02;-0,02;-0,02;-0,02;-0,02;-0,01;-0,01;-0,02;-0,02;-0,01;-0,01;-0,01;-0,01;-0,01;-0,01
31.08.2026;06:45;07:00;0,05;0,05;0,0;0,0;-0,17;-0,17;-0,21;-0,21;0,0;0,0;-0,01;-0,01;-0,11;-0,11;-0,01;-0,01;-0,02;-0,02;-0,01;-0,01;-0,01;-0,01;0,0;0,0;0,0;0,0;-0,01;-0,01;0,0;0,0;-0,01;-0,01;-0,03;-0,03;-0,02;-0,02;-0,02;-0,02;-0,03;-0,03;-0,02;-0,02;-0,02;-0,02;-0,01;-0,01;-0,02;-0,02;-0,02;-0,02;-0,02;-0,02;-0,01;-0,01;-0,02;-0,02
31.08.2026;07:00;07:15;0,12;0,11;-0,01;-0,01;-0,02;-0,02;-0,23;-0,22;-0,01;-0,01;0,0;0,0;-0,04;-0,04;-0,01;-0,01;-0,01;-0,01;-0,01;-0,01;0,0;0,0;-0,01;-0,01;0,0;0,0;-0,02;-0,02;-0,02;-0,02;-0,01;-0,01;-0,01;-0,01;-0,01;-0,01;-0,02;-0,02;-0,03;-0,03;-0,01;-0,01;-0,03;-0,03;-0,02;-0,02;-0,01;-0,01;0,0;0,0;-0,02;-0,02;-0,02;-0,02;0,0;0,0
31.08.2026;07:15;07:30;0,3;0,08;0,0;0,0;-0,01;0,0;-0,22;-0,2;0,0;0,0;-0,01;0,0;-0,09;-0,08;-0,03;-0,02;-0,02;-0,01;-0,02;-0,01;0,0;0,0;-0,01;0,0;0,0;0,0;-0,01;0,0;-0,01;0,0;-0,02;-0,01;0,0;0,0;-0,02;-0,01;-0,02;-0,01;-0,02;-0,01;-0,01;0,0;-0,01;0,0;-0,01;0,0;-0,01;0,0;-0,01;0,0;-0,01;0,0;-0,01;0,0;0,0;0,0
31.08.2026;07:30;07:45;0,39;0,11;0,0;0,0;-0,02;-0,01;-0,28;-0,21;-0,01;0,0;0,0;0,0;-0,09;-0,08;-0,02;-0,01;-0,04;-0,03;-0,02;-0,01;-0,01;0,0;-0,01;0,0;0,0;0,0;0,0;0,0;-0,01;0,0;-0,01;0,0;-0,01;0,0;-0,01;0,0;-0,03;-0,02;-0,02;-0,01;-0,01;0,0;-0,02;-0,01;-0,01;0,0;-0,01;0,0;0,0;0,0;-0,02;-0,01;-0,05;-0,04;-0,01;0,0
31.08.2026;07:45;08:00;0,41;0,13;0,0;0,0;-0,02;-0,01;-0,29;-0,22;0,0;0,0;-0,01;0,0;-0,04;-0,03;-0,03;-0,02;-0,05;-0,04;-0,02;-0,01;-0,01;0,0;-0,01;0,0;0,0;0,0;-0,02;-0,01;-0,01;0,0;-0,07;-0,06;-0,01;0,0;-0,01;0,0;-0,03;-0,02;-0,02;-0,01;0,0;0,0;-0,01;0,0;-0,01;0,0;-0,01;0,0;0,0;0,0;-0,04;-0,03;-0,02;-0,01;-0,01;0,0
31.08.2026;08:00;08:15;0,29;0,03;0,0;0,0;-0,03;-0,02;-0,11;-0,09;-0,01;0,0;-0,02;-0,01;-0,03;-0,02;-0,03;-0,02;-0,02;-0,01;-0,01;0,0;-0,02;-0,01;-0,01;0,0;0,0;0,0;-0,02;-0,01;-0,01;0,0;-0,03;-0,02;-0,01;0,0;-0,02;-0,01;-0,02;-0,01;-0,03;-0,02;-0,02;-0,01;-0,03;-0,02;-0,02;-0,01;-0,01;0,0;-0,02;-0,01;-0,02;-0,01;-0,02;-0,01;-0,02;-0,01
31.08.2026;08:15;08:30;0,06;0,06;-0,01;-0,01;-0,02;-0,02;-0,07;-0,07;-0,01;-0,01;-0,01;-0,01;-0,04;-0,04;-0,01;-0,01;-0,02;-0,02;-0,01;-0,01;-0,01;-0,01;-0,01;-0,01;0,0;0,0;0,0;0,0;-0,01;-0,01;-0,12;-0,12;0,0;0,0;-0,01;-0,01;-0,03;-0,03;-0,02;-0,02;-0,01;-0,01;-0,02;-0,02;-0,05;-0,05;-0,01;-0,01;-0,03;-0,03;-0,03;-0,03;-0,01;-0,01;-0,01;-0,01
31.08.2026;08:30;08:45;0,0;0,0;0,0;0,0;-0,01;-0,01;-0,07;-0,07;0,0;0,0;-0,01;-0,01;-0,04;-0,04;-0,05;-0,05;-0,02;-0,02;-0,01;-0,01;-0,02;-0,02;-0,01;-0,01;0,0;0,0;-0,01;-0,01;-0,03;-0,03;-0,15;-0,15;-0,01;-0,01;-0,03;-0,03;-0,02;-0,02;-0,02;-0,02;0,0;0,0;-0,02;-0,02;-0,04;-0,04;-0,02;-0,02;-0,02;-0,02;-0,03;-0,03;-0,01;-0,01;0,0;0,0
31.08.2026;08:45;09:00;0,0;0,0;0,0;0,0;-0,01;-0,01;-0,08;-0,08;-0,01;-0,01;-0,01;-0,01;-0,03;-0,03;-0,02;-0,02;-0,02;-0,02;-0,01;-0,01;0,0;0,0;0,0;0,0;0,0;0,0;-0,02;-0,02;-0,03;-0,03;-0,13;-0,13;0,0;0,0;-0,04;-0,04;-0,04;-0,04;-0,02;-0,02;-0,02;-0,02;-0,01;-0,01;-0,13;-0,13;-0,01;-0,01;-0,02;-0,02;-0,02;-0,02;-0,02;-0,02;0,0;0,0
31.08.2026;09:00;09:15;0,0;0,0;0,0;0,0;-0,01;-0,01;-0,08;-0,08;0,0;0,0;0,0;0,0;-0,04;-0,04;-0,02;-0,02;-0,01;-0,01;0,0;0,0;0,0;0,0;-0,02;-0,02;0,0;0,0;-0,01;-0,01;-0,04;-0,04;-0,04;-0,04;-0,02;-0,02;-0,05;-0,05;-0,02;-0,02;-0,02;-0,02;0,0;0,0;-0,02;-0,02;-0,15;-0,15;-0,01;-0,01;-0,02;-0,02;0,0;0,0;-0,02;-0,02;0,0;0,0
31.08.2026;09:15;09:30;0,0;0,0;-0,01;-0,01;-0,01;-0,01;-0,24;-0,24;-0,01;-0,01;-0,01;-0,01;-0,03;-0,03;-0,02;-0,02;-0,02;-0,02;-0,01;-0,01;0,0;0,0;0,0;0,0;0,0;0,0;0,0;0,0;-0,03;-0,03;-0,02;-0,02;-0,01;-0,01;-0,29;-0,29;-0,02;-0,02;-0,02;-0,02;-0,01;-0,01;-0,03;-0,03;-0,14;-0,14;-0,01;-0,01;-0,02;-0,02;-0,01;-0,01;-0,01;-0,01;-0,02;-0,02
31.08.2026;09:30;09:45;0,01;0,01;0,0;0,0;-0,01;-0,01;-0,23;-0,23;-0,01;-0,01;-0,01;-0,01;-0,03;-0,03;-0,02;-0,02;-0,02;-0,02;-0,01;-0,01;-0,02;-0,02;-0,01;-0,01;0,0;0,0;-0,02;-0,02;-0,03;-0,03;-0,01;-0,01;0,0;0,0;-0,18;-0,18;-0,03;-0,03;-0,11;-0,11;-0,02;-0,02;-0,02;-0,02;-0,04;-0,04;-0,02;-0,02;-0,02;-0,02;-0,01;-0,01;-0,02;-0,02;-0,01;-0,01
31.08.2026;09:45;10:00;0,05;0,05;0,0;0,0;-0,01;-0,01;-0,24;-0,24;0,0;0,0;-0,01;-0,01;-0,03;-0,03;-0,02;-0,02;-0,01;-0,01;-0,02;-0,02;-0,01;-0,01;-0,07;-0,07;0,0;0,0;-0,02;-0,02;-0,03;-0,03;-0,01;-0,01;0,0;0,0;-0,15;-0,15;-0,03;-0,03;-0,15;-0,15;0,0;0,0;-0,01;-0,01;-0,03;-0,03;0,0;0,0;-0,02;-0,02;-0,01;-0,01;-0,02;-0,02;-0,01;-0,01
31.08.2026;10:00;10:15;0,06;0,06;0,0;0,0;-0,02;-0,02;-0,13;-0,13;-0,01;-0,01;-0,01;-0,01;-0,03;-0,03;-0,02;-0,02;-0,02;-0,02;-0,02;-0,02;-0,01;-0,01;-0,01;-0,01;-0,01;-0,01;0,0;0,0;-0,03;-0,03;-0,01;-0,01;-0,01;-0,01;-0,31;-0,31;-0,04;-0,04;-0,08;-0,08;-0,01;-0,01;-0,02;-0,02;-0,05;-0,05;-0,01;-0,01;-0,02;-0,02;-0,01;-0,01;-0,02;-0,02;0,0;0,0
31.08.2026;10:15;10:30;0,36;0,11;0,0;0,0;-0,01;0,0;-0,08;-0,05;0,0;0,0;-0,02;-0,01;-0,04;-0,03;-0,03;-0,02;-0,02;-0,01;-0,02;-0,01;-0,02;-0,01;0,0;0,0;0,0;0,0;-0,01;0,0;-0,03;-0,02;-0,01;0,0;-0,01;0,0;-0,14;-0,13;-0,03;-0,02;-0,1;-0,09;-0,01;0,0;-0,02;-0,01;-0,04;-0,03;-0,02;-0,01;-0,02;-0,01;-0,02;-0,01;-0,02;-0,01;-0,01;0,0
31.08.2026;10:30;10:45;0,6;0,18;-0,01;0,0;-0,01;0,0;-0,08;0,0;-0,01;0,0;-0,01;0,0;-0,03;-0,01;-0,42;-0,4;-0,01;0,0;-0,01;0,0;0,0;0,0;-0,06;-0,04;0,0;0,0;-0,02;0,0;-0,03;-0,01;-0,01;0,0;-0,01;0,0;-0,1;-0,08;-0,02;0,0;-0,18;-0,16;-0,01;0,0;-0,02;0,0;-0,04;-0,02;-0,01;0,0;-0,02;0,0;-0,01;0,0;-0,01;0,0;0,0;0,0
31.08.2026;10:45;11:00;0,6;0,2;0,0;0,0;-0,01;0,0;-0,07;0,0;-0,01;0,0;0,0;0,0;-0,02;0,0;-0,31;-0,29;-0,02;0,0;-0,01;0,0;0,0;0,0;-0,06;-0,04;0,0;0,0;-0,01;0,0;-0,03;-0,01;-0,01;0,0;0,0;0,0;-0,67;-0,65;-0,03;-0,01;-0,05;-0,03;-0,01;0,0;-0,02;0,0;-0,05;-0,03;-0,01;0,0;-0,02;0,0;-0,01;0,0;-0,02;0,0;-0,01;0,0
31.08.2026;11:00;11:15;1,14;0,42;0,0;0,0;0,0;0,0;-0,07;0,0;0,0;0,0;-0,01;0,0;-0,04;0,0;-0,27;-0,19;-0,03;0,0;-0,01;0,0;0,0;0,0;-0,06;0,0;0,0;0,0;0,0;0,0;-0,04;0,0;-0,01;0,0;-0,01;0,0;-0,46;-0,38;-0,02;0,0;-0,11;-0,03;-0,01;0,0;-0,02;0,0;-0,04;0,0;-0,01;0,0;-0,02;0,0;-0,01;0,0;-0,05;0,0;-0,02;0,0
31.08.2026;11:15;11:30;1,88;0,99;0,0;0,0;-0,01;0,0;-0,08;0,0;0,0;0,0;0,0;0,0;-0,03;0,0;-0,05;0,0;-0,01;0,0;0,0;0,0;-0,02;0,0;-0,07;0,0;0,0;0,0;-0,01;0,0;-0,03;0,0;-0,02;0,0;-0,01;0,0;-0,25;-0,05;-0,03;0,0;-0,21;-0,01;-0,01;0,0;-0,01;0,0;-0,04;0,0;-0,02;0,0;-0,02;0,0;-0,01;0,0;-0,01;0,0;0,0;0,0
31.08.2026;11:30;11:45;1,53;0,69;-0,01;0,0;-0,01;0,0;-0,09;0,0;-0,01;0,0;-0,01;0,0;-0,04;0,0;-0,03;0,0;-0,02;0,0;-0,01;0,0;-0,01;0,0;-0,06;0,0;0,0;0,0;-0,02;0,0;-0,07;0,0;-0,01;0,0;-0,01;0,0;-0,66;-0,52;-0,03;0,0;-0,32;-0,18;-0,01;0,0;-0,02;0,0;-0,04;0,0;0,0;0,0;-0,02;0,0;-0,01;0,0;-0,02;0,0;0,0;0,0
31.08.2026;11:45;12:00;0,55;0,11;0,0;0,0;-0,01;0,0;-0,1;-0,04;-0,01;0,0;-0,02;0,0;-0,02;0,0;-0,07;-0,05;-0,02;0,0;-0,01;0,0;-0,02;0,0;-0,07;-0,05;0,0;0,0;-0,01;0,0;-0,11;-0,09;-0,02;0,0;0,0;0,0;-0,67;-0,65;-0,02;0,0;-0,49;-0,47;0,0;0,0;-0,03;-0,01;-0,04;-0,02;-0,02;0,0;-0,02;0,0;-0,01;0,0;-0,02;0,0;-0,01;0,0
31.08.2026;12:00;12:15;0,0;0,0;0,0;0,0;-0,02;-0,02;-0,06;-0,06;0,0;0,0;-0,01;-0,01;-0,03;-0,03;-0,83;-0,83;-0,01;-0,01;-0,02;-0,02;-0,01;-0,01;-0,05;-0,05;0,0;0,0;-0,01;-0,01;-0,03;-0,03;-0,02;-0,02;-0,01;-0,01;-0,54;-0,54;-0,04;-0,04;-0,23;-0,23;-0,02;-0,02;-0,02;-0,02;-0,05;-0,05;-0,01;-0,01;-0,01;-0,01;-0,01;-0,01;-0,02;-0,02;-0,01;-0,01
31.08.2026;12:15;12:30;0,0;0,0;0,0;0,0;-0,01;-0,01;-0,08;-0,08;-0,01;-0,01;-0,01;-0,01;-0,04;-0,04;-0,56;-0,56;-0,02;-0,02;-0,02;-0,02;-0,01;-0,01;-0,04;-0,04;0,0;0,0;-0,01;-0,01;-0,03;-0,03;-0,03;-0,03;-0,01;-0,01;-0,37;-0,37;-0,02;-0,02;-0,06;-0,06;-0,01;-0,01;-0,01;-0,01;-0,04;-0,04;-0,01;-0,01;0,0;0,0;-0,02;-0,02;-0,02;-0,02;-0,01;-0,01
31.08.2026;12:30;12:45;0,84;0,27;0,0;0,0;-0,02;0,0;-0,1;0,0;0,0;0,0;-0,02;0,0;-0,04;0,0;-0,13;-0,09;-0,02;0,0;-0,02;0,0;0,0;0,0;-0,01;0,0;0,0;0,0;-0,02;0,0;-0,04;0,0;-0,03;0,0;-0,01;0,0;-0,38;-0,34;-0,02;0,0;-0,06;-0,02;0,0;0,0;-0,01;0,0;-0,04;0,0;-0,01;0,0;0,0;0,0;-0,01;0,0;-0,02;0,0;-0,01;0,0
31.08.2026;12:45;13:00;2,61;1,68;-0,01;0,0;0,0;0,0;-0,09;0,0;-0,01;0,0;0,0;0,0;-0,06;0,0;-0,09;0,0;-0,01;0,0;-0,02;0,0;0,0;0,0;-0,01;0,0;0,0;0,0;0,0;0,0;-0,03;0,0;-0,04;0,0;0,0;0,0;-0,4;-0,07;-0,04;0,0;-0,03;0,0;0,0;0,0;-0,03;0,0;-0,08;0,0;-0,01;0,0;-0,01;0,0;-0,01;0,0;-0,02;0,0;0,0;0,0
31.08.2026;13:00;13:15;2,26;1,25;0,0;0,0;-0,01;0,0;-0,1;0,0;-0,01;0,0;0,0;0,0;-0,03;0,0;-0,42;-0,16;-0,03;0,0;0,0;0,0;-0,01;0,0;-0,03;0,0;0,0;0,0;-0,01;0,0;-0,04;0,0;-0,02;0,0;-0,01;0,0;-0,33;-0,07;-0,02;0,0;-0,02;0,0;-0,02;0,0;-0,03;0,0;-0,05;0,0;-0,02;0,0;-0,01;0,0;0,0;0,0;-0,01;0,0;-0,01;0,0
31.08.2026;13:15;13:30;1,29;0,54;0,0;0,0;0,0;0,0;-0,08;0,0;0,0;0,0;-0,01;0,0;-0,04;0,0;-0,05;0,0;-0,18;-0,06;-0,01;0,0;-0,01;0,0;-0,04;0,0;0,0;0,0;-0,02;0,0;-0,03;0,0;-0,03;0,0;0,0;0,0;-0,75;-0,63;-0,04;0,0;-0,02;0,0;-0,01;0,0;-0,01;0,0;-0,04;0,0;-0,01;0,0;-0,02;0,0;-0,01;0,0;-0,02;0,0;-0,01;0,0
31.08.2026;13:30;13:45;2,65;1,66;0,0;0,0;-0,01;0,0;-0,1;0,0;-0,01;0,0;-0,01;0,0;-0,13;0,0;-0,03;0,0;-0,12;0,0;-0,01;0,0;-0,02;0,0;-0,01;0,0;0,0;0,0;-0,01;0,0;-0,01;0,0;-0,03;0,0;-0,01;0,0;-0,71;-0,38;-0,02;0,0;-0,02;0,0;0,0;0,0;-0,01;0,0;-0,04;0,0;-0,01;0,0;-0,01;0,0;-0,02;0,0;-0,01;0,0;-0,01;0,0
31.08.2026;13:45;14:00;3,25;2,52;-0,01;0,0;-0,01;0,0;-0,08;0,0;0,0;0,0;-0,02;0,0;-0,06;0,0;-0,03;0,0;-0,03;0,0;0,0;0,0;-0,01;0,0;-0,01;0,0;-0,01;0,0;-0,01;0,0;-0,02;0,0;-0,02;0,0;-0,02;0,0;-0,18;0,0;-0,03;0,0;-0,02;0,0;-0,02;0,0;-0,02;0,0;-0,04;0,0;-0,01;0,0;-0,01;0,0;-0,03;0,0;-0,02;0,0;-0,01;0,0
31.08.2026;14:00;14:15;3,02;2,13;0,0;0,0;-0,02;0,0;-0,11;0,0;-0,01;0,0;-0,01;0,0;-0,05;0,0;-0,26;0,0;-0,02;0,0;-0,01;0,0;-0,01;0,0;0,0;0,0;0,0;0,0;-0,01;0,0;-0,01;0,0;-0,03;0,0;0,0;0,0;-0,16;0,0;-0,03;0,0;-0,02;0,0;0,0;0,0;-0,03;0,0;-0,05;0,0;-0,02;0,0;-0,01;0,0;-0,01;0,0;-0,01;0,0;0,0;0,0
31.08.2026;14:15;14:30;2,4;1,76;0,0;0,0;-0,01;0,0;-0,06;0,0;-0,01;0,0;-0,01;0,0;-0,06;0,0;-0,12;0,0;-0,01;0,0;-0,02;0,0;-0,01;0,0;-0,01;0,0;0,0;0,0;-0,05;0,0;-0,01;0,0;-0,02;0,0;0,0;0,0;-0,06;0,0;-0,02;0,0;-0,03;0,0;-0,02;0,0;-0,02;0,0;-0,04;0,0;-0,01;0,0;-0,01;0,0;-0,01;0,0;-0,01;0,0;-0,01;0,0
31.08.2026;14:30;14:45;2,24;1,44;0,0;0,0;-0,01;0,0;-0,1;0,0;-0,01;0,0;-0,02;0,0;-0,05;0,0;-0,02;0,0;-0,02;0,0;-0,02;0,0;0,0;0,0;-0,01;0,0;0,0;0,0;-0,03;0,0;-0,01;0,0;-0,02;0,0;-0,01;0,0;-0,3;-0,03;-0,04;0,0;-0,03;0,0;-0,01;0,0;-0,01;0,0;-0,05;0,0;-0,01;0,0;-0,02;0,0;-0,01;0,0;-0,01;0,0;-0,01;0,0
31.08.2026;14:45;15:00;1,8;1,06;-0,01;0,0;-0,01;0,0;-0,07;0,0;-0,01;0,0;0,0;0,0;-0,06;0,0;-0,03;0,0;-0,03;0,0;-0,02;0,0;0,0;0,0;-0,06;0,0;0,0;0,0;-0,02;0,0;-0,02;0,0;-0,03;0,0;-0,01;0,0;-0,18;0,0;-0,02;0,0;-0,05;0,0;0,0;0,0;-0,02;0,0;-0,04;0,0;-0,01;0,0;-0,01;0,0;-0,01;0,0;-0,01;0,0;-0,01;0,0
31.08.2026;15:00;15:15;2,76;2,02;0,0;0,0;-0,01;0,0;-0,1;0,0;-0,03;0,0;-0,01;0,0;-0,05;0,0;-0,02;0,0;-0,01;0,0;-0,02;0,0;-0,01;0,0;-0,07;0,0;0,0;0,0;-0,04;0,0;-0,01;0,0;-0,02;0,0;-0,01;0,0;-0,13;0,0;-0,02;0,0;-0,06;0,0;-0,01;0,0;-0,02;0,0;-0,04;0,0;-0,01;0,0;-0,01;0,0;-0,01;0,0;-0,01;0,0;-0,01;0,0
31.08.2026;15:15;15:30;2,63;1,95;0,0;0,0;0,0;0,0;-0,07;0,0;-0,02;0,0;0,0;0,0;-0,06;0,0;-0,02;0,0;-0,01;0,0;-0,01;0,0;-0,02;0,0;-0,07;0,0;0,0;0,0;-0,03;0,0;-0,01;0,0;-0,01;0,0;0,0;0,0;-0,14;0,0;-0,04;0,0;-0,05;0,0;-0,01;0,0;-0,03;0,0;-0,04;0,0;-0,01;0,0;-0,01;0,0;-0,01;0,0;-0,01;0,0;0,0;0,0
31.08.2026;15:30;15:45;2,57;1,94;0,0;0,0;-0,01;0,0;-0,06;0,0;-0,01;0,0;-0,01;0,0;-0,05;0,0;-0,02;0,0;-0,02;0,0;-0,01;0,0;-0,01;0,0;-0,07;0,0;0,0;0,0;-0,03;0,0;-0,01;0,0;-0,01;0,0;-0,01;0,0;-0,09;0,0;-0,02;0,0;-0,04;0,0;-0,01;0,0;-0,02;0,0;-0,05;0,0;-0,01;0,0;-0,02;0,0;-0,02;0,0;-0,02;0,0;0,0;0,0
31.08.2026;15:45;16:00;0,28;0,2;0,0;0,0;-0,01;-0,01;-0,08;0,0;-0,02;-0,02;-0,01;-0,01;-0,05;-0,05;-0,02;-0,02;-0,07;-0,07;0,0;0,0;-0,02;-0,02;-0,01;-0,01;0,0;0,0;-0,03;-0,03;-0,02;-0,02;-0,01;-0,01;-0,01;-0,01;-0,03;-0,03;-0,04;-0,04;-0,03;-0,03;-0,01;-0,01;-0,01;-0,01;-0,04;-0,04;-0,02;-0,02;-0,02;-0,02;-0,01;-0,01;-0,05;-0,05;-0,02;-0,02
31.08.2026;16:00;16:15;0,0;0,0;-0,01;-0,01;-0,02;-0,02;-0,21;-0,21;-0,01;-0,01;-0,02;-0,02;-0,06;-0,06;-0,02;-0,02;-0,02;-0,02;-0,01;-0,01;-0,01;-0,01;-0,01;-0,01;0,0;0,0;-0,05;-0,05;-0,01;-0,01;-0,01;-0,01;-0,01;-0,01;-0,01;-0,01;-0,02;-0,02;-0,03;-0,03;-0,01;-0,01;-0,01;-0,01;-0,04;-0,04;-0,01;-0,01;-0,02;-0,02;-0,01;-0,01;-0,23;-0,23;-0,01;-0,01
31.08.2026;16:15;16:30;2,21;1,21;0,0;0,0;-0,14;0,0;-0,22;0,0;0,0;0,0;-0,01;0,0;-0,05;0,0;-0,02;0,0;-0,03;0,0;-0,01;0,0;0,0;0,0;-0,01;0,0;0,0;0,0;-0,04;0,0;0,0;0,0;-0,02;0,0;-0,01;0,0;-0,02;0,0;-0,02;0,0;-0,04;0,0;-0,01;0,0;-0,03;0,0;-0,05;0,0;-0,01;0,0;-0,02;0,0;-0,01;0,0;-0,21;0,0;-0,02;0,0
31.08.2026;16:30;16:45;1,46;0,7;0,0;0,0;-0,24;-0,11;-0,13;0,0;0,0;0,0;-0,01;0,0;-0,05;0,0;-0,05;0,0;-0,05;0,0;-0,01;0,0;0,0;0,0;-0,02;0,0;0,0;0,0;-0,03;0,0;-0,01;0,0;0,0;0,0;0,0;0,0;-0,02;0,0;-0,04;0,0;-0,03;0,0;-0,01;0,0;-0,03;0,0;-0,04;0,0;-0,01;0,0;-0,02;0,0;0,0;0,0;-0,07;0,0;0,0;0,0
31.08.2026;16:45;17:00;2,14;1,26;0,0;0,0;-0,14;0,0;-0,08;0,0;-0,01;0,0;-0,02;0,0;-0,14;0,0;-0,02;0,0;-0,04;0,0;-0,02;0,0;-0,01;0,0;-0,01;0,0;0,0;0,0;-0,02;0,0;-0,02;0,0;-0,02;0,0;-0,01;0,0;-0,01;0,0;-0,02;0,0;-0,03;0,0;-0,01;0,0;-0,01;0,0;-0,04;0,0;-0,02;0,0;-0,02;0,0;-0,02;0,0;-0,14;0,0;0,0;0,0
31.08.2026;17:00;17:15;1,59;0,7;-0,01;0,0;-0,14;0,0;-0,08;0,0;-0,02;0,0;-0,01;0,0;-0,05;0,0;-0,02;0,0;-0,05;0,0;-0,02;0,0;-0,01;0,0;-0,02;0,0;-0,01;0,0;-0,03;0,0;-0,11;0,0;-0,01;0,0;-0,01;0,0;-0,02;0,0;-0,03;0,0;-0,03;0,0;-0,01;0,0;-0,01;0,0;-0,04;0,0;-0,01;0,0;-0,02;0,0;-0,01;0,0;-0,1;0,0;-0,01;0,0
31.08.2026;17:15;17:30;1,23;0,44;0,0;0,0;-0,14;-0,06;-0,13;0,0;-0,05;0,0;0,0;0,0;-0,06;0,0;-0,03;0,0;-0,04;0,0;-0,02;0,0;-0,01;0,0;0,0;0,0;0,0;0,0;-0,04;0,0;-0,04;0,0;-0,01;0,0;-0,01;0,0;-0,1;-0,02;-0,03;0,0;-0,03;0,0;-0,01;0,0;-0,02;0,0;-0,04;0,0;-0,01;0,0;-0,02;0,0;-0,01;0,0;-0,01;0,0;-0,01;0,0
31.08.2026;17:30;17:45;1,37;0,5;0,0;0,0;-0,22;-0,13;-0,14;0,0;-0,05;0,0;-0,01;0,0;-0,05;0,0;-0,02;0,0;-0,05;0,0;-0,01;0,0;-0,02;0,0;-0,02;0,0;0,0;0,0;-0,03;0,0;-0,04;0,0;-0,01;0,0;-0,01;0,0;-0,12;-0,03;-0,02;0,0;-0,04;0,0;-0,01;0,0;-0,03;0,0;-0,04;0,0;-0,01;0,0;-0,03;0,0;-0,02;0,0;-0,01;0,0;-0,02;0,0
31.08.2026;17:45;18:00;1,01;0,22;0,0;0,0;-0,43;-0,38;-0,18;0,0;-0,05;0,0;0,0;0,0;-0,07;-0,02;-0,01;0,0;-0,05;0,0;-0,01;0,0;-0,01;0,0;0,0;0,0;0,0;0,0;-0,02;0,0;-0,04;0,0;-0,01;0,0;-0,01;0,0;-0,13;-0,08;-0,03;0,0;-0,03;0,0;-0,01;0,0;-0,02;0,0;-0,04;0,0;-0,02;0,0;-0,03;0,0;-0,01;0,0;-0,01;0,0;-0,19;-0,14
31.08.2026;18:00;18:15;0,78;0,2;0,0;0,0;-0,2;-0,17;-0,11;0,0;-0,06;-0,03;-0,01;0,0;-0,04;-0,01;-0,02;0,0;-0,06;-0,03;-0,01;0,0;-0,01;0,0;-0,01;0,0;0,0;0,0;-0,03;0,0;-0,05;-0,02;-0,01;0,0;-0,01;0,0;-0,13;-0,1;-0,03;0,0;-0,02;0,0;-0,01;0,0;-0,01;0,0;-0,05;-0,02;0,0;0,0;-0,02;0,0;-0,01;0,0;-0,02;0,0;-0,42;-0,39
31.08.2026;18:15;18:30;0,57;0,21;-0,01;0,0;-0,05;-0,04;-0,23;-0,11;-0,05;-0,04;-0,02;-0,01;-0,02;-0,01;-0,01;0,0;-0,09;-0,08;-0,02;-0,01;0,0;0,0;-0,19;-0,18;0,0;0,0;-0,04;-0,03;-0,04;-0,03;-0,02;-0,01;-0,01;0,0;-0,03;-0,02;-0,03;-0,02;-0,03;-0,02;-0,01;0,0;-0,02;-0,01;-0,04;-0,03;-0,01;0,0;-0,02;-0,01;-0,1;-0,09;-0,03;-0,02;-0,4;-0,39
31.08.2026;18:30;18:45;0,38;0,11;0,0;0,0;-0,3;-0,29;-0,24;-0,19;-0,04;-0,03;-0,01;0,0;-0,04;-0,03;-0,01;0,0;-0,06;-0,05;-0,01;0,0;0,0;0,0;-0,08;-0,07;0,0;0,0;-0,04;-0,03;-0,04;-0,03;-0,19;-0,18;0,0;0,0;-0,01;0,0;-0,02;-0,01;-0,02;-0,01;-0,01;0,0;-0,04;-0,03;-0,03;-0,02;-0,02;-0,01;-0,02;-0,01;-0,02;-0,01;-0,02;-0,01;-0,07;-0,06
31.08.2026;18:45;19:00;0,07;0,07;0,0;0,0;-0,39;-0,39;-0,12;-0,12;-0,03;-0,03;-0,02;-0,02;-0,03;-0,03;-0,02;-0,02;-0,06;-0,06;-0,04;-0,04;-0,01;-0,01;-0,08;-0,08;0,0;0,0;-0,02;-0,02;-0,03;-0,03;-0,31;-0,31;0,0;0,0;-0,02;-0,02;-0,01;-0,01;-0,02;-0,02;-0,02;-0,02;-0,03;-0,03;-0,07;-0,07;-0,01;-0,01;-0,01;-0,01;-0,01;-0,01;-0,09;-0,09;-0,04;-0,04
31.08.2026;19:00;19:15;0,0;0,0;0,0;0,0;-0,05;-0,05;-0,29;-0,29;0,0;0,0;-0,01;-0,01;-0,04;-0,04;-0,01;-0,01;-0,05;-0,05;-0,08;-0,08;-0,02;-0,02;-0,08;-0,08;0,0;0,0;-0,04;-0,04;-0,05;-0,05;-0,22;-0,22;-0,02;-0,02;-0,11;-0,11;-0,02;-0,02;-0,03;-0,03;-0,02;-0,02;-0,02;-0,02;-0,07;-0,07;-0,01;-0,01;0,0;0,0;-0,01;-0,01;-0,06;-0,06;-0,04;-0,04
31.08.2026;19:15;19:30;0,0;0,0;-0,01;-0,01;-0,04;-0,04;-0,16;-0,16;-0,01;-0,01;-0,01;-0,01;-0,03;-0,03;-0,01;-0,01;-0,05;-0,05;-0,4;-0,4;-0,01;-0,01;-0,06;-0,06;0,0;0,0;-0,03;-0,03;-0,05;-0,05;-0,08;-0,08;-0,02;-0,02;-0,3;-0,3;0,0;0,0;-0,02;-0,02;-0,01;-0,01;-0,02;-0,02;-0,08;-0,08;-0,02;-0,02;-0,01;-0,01;-0,01;-0,01;-0,04;-0,04;-0,02;-0,02
31.08.2026;19:30;19:45;0,01;0,01;0,0;0,0;-0,05;-0,05;-0,17;-0,17;0,0;0,0;-0,02;-0,02;-0,05;-0,05;-0,02;-0,02;-0,11;-0,11;-0,26;-0,26;-0,01;-0,01;-0,03;-0,03;0,0;0,0;-0,02;-0,02;-0,03;-0,03;-0,34;-0,34;-0,02;-0,02;-0,37;-0,37;-0,02;-0,02;-0,02;-0,02;-0,01;-0,01;-0,03;-0,03;-0,08;-0,08;-0,03;-0,03;-0,03;-0,03;-0,02;-0,02;-0,02;-0,02;-0,02;-0,02
31.08.2026;19:45;20:00;0,0;0,0;0,0;0,0;-0,04;-0,04;-0,17;-0,17;-0,01;-0,01;0,0;0,0;-0,05;-0,05;-0,02;-0,02;-0,24;-0,24;-0,05;-0,05;-0,02;-0,02;-0,02;-0,02;0,0;0,0;-0,01;-0,01;-0,03;-0,03;-0,05;-0,05;-0,01;-0,01;-0,12;-0,12;-0,01;-0,01;-0,02;-0,02;-0,03;-0,03;-0,04;-0,04;-0,06;-0,06;-0,02;-0,02;-0,02;-0,02;-0,01;-0,01;-0,05;-0,05;-0,02;-0,02
31.08.2026;20:00;20:15;0,0;0,0;0,0;0,0;-0,04;-0,04;-0,21;-0,21;0,0;0,0;0,0;0,0;-0,06;-0,06;-0,02;-0,02;-0,43;-0,43;-0,03;-0,03;0,0;0,0;-0,05;-0,05;0,0;0,0;-0,03;-0,03;-0,03;-0,03;-0,04;-0,04;-0,01;-0,01;-0,06;-0,06;-0,04;-0,04;-0,02;-0,02;-0,02;-0,02;-0,11;-0,11;-0,04;-0,04;-0,02;-0,02;-0,02;-0,02;0,0;0,0;-0,05;-0,05;-0,02;-0,02
31.08.2026;20:15;20:30;0,0;0,0;0,0;0,0;-0,05;-0,05;-0,19;-0,19;-0,01;-0,01;-0,01;-0,01;-0,05;-0,05;-0,02;-0,02;-0,14;-0,14;-0,03;-0,03;0,0;0,0;-0,02;-0,02;0,0;0,0;-0,02;-0,02;-0,05;-0,05;-0,04;-0,04;-0,02;-0,02;-0,06;-0,06;-0,02;-0,02;-0,09;-0,09;-0,03;-0,03;-0,04;-0,04;-0,01;-0,01;-0,03;-0,03;-0,02;-0,02;-0,01;-0,01;-0,05;-0,05;-0,03;-0,03
31.08.2026;20:30;20:45;0,0;0,0;-0,01;-0,01;-0,04;-0,04;-0,21;-0,21;-0,01;-0,01;-0,01;-0,01;-0,07;-0,07;-0,03;-0,03;-0,15;-0,15;-0,02;-0,02;0,0;0,0;-0,03;-0,03;0,0;0,0;-0,01;-0,01;-0,06;-0,06;-0,04;-0,04;-0,03;-0,03;-0,06;-0,06;-0,03;-0,03;-0,07;-0,07;-0,03;-0,03;-0,03;-0,03;-0,01;-0,01;-0,03;-0,03;-0,03;-0,03;-0,02;-0,02;-0,1;-0,1;-0,05;-0,05
31.08.2026;20:45;21:00;0,0;0,0;0,0;0,0;-0,04;-0,04;-0,21;-0,21;0,0;0,0;-0,01;-0,01;-0,05;-0,05;-0,04;-0,04;-0,12;-0,12;0,0;0,0;-0,02;-0,02;-0,05;-0,05;0,0;0,0;-0,01;-0,01;-0,04;-0,04;-0,04;-0,04;-0,02;-0,02;-0,07;-0,07;-0,03;-0,03;-0,04;-0,04;-0,02;-0,02;-0,03;-0,03;-0,02;-0,02;-0,03;-0,03;-0,02;-0,02;-0,32;-0,32;-0,53;-0,53;-0,05;-0,05
31.08.2026;21:00;21:15;0,0;0,0;0,0;0,0;-0,03;-0,03;-0,09;-0,09;-0,01;-0,01;-0,02;-0,02;-0,07;-0,07;-0,05;-0,05;-0,12;-0,12;-0,01;-0,01;-0,01;-0,01;-0,04;-0,04;-0,01;-0,01;-0,03;-0,03;-0,05;-0,05;-0,04;-0,04;-0,02;-0,02;-0,07;-0,07;-0,02;-0,02;-0,04;-0,04;-0,03;-0,03;-0,02;-0,02;-0,01;-0,01;-0,04;-0,04;-0,02;-0,02;-0,1;-0,1;-0,06;-0,06;-0,05;-0,05
31.08.2026;21:15;21:30;0,0;0,0;0,0;0,0;-0,04;-0,04;-0,09;-0,09;0,0;0,0;-0,01;-0,01;-0,09;-0,09;-0,08;-0,08;-0,15;-0,15;-0,02;-0,02;-0,01;-0,01;-0,02;-0,02;0,0;0,0;-0,03;-0,03;-0,04;-0,04;-0,05;-0,05;-0,02;-0,02;-0,08;-0,08;-0,04;-0,04;-0,04;-0,04;-0,03;-0,03;-0,02;-0,02;-0,02;-0,02;-0,04;-0,04;-0,03;-0,03;-0,14;-0,14;-0,05;-0,05;-0,04;-0,04
31.08.2026;21:30;21:45;0,0;0,0;-0,01;-0,01;-0,04;-0,04;-0,24;-0,24;-0,01;-0,01;-0,01;-0,01;-0,08;-0,08;-0,04;-0,04;-0,28;-0,28;-0,03;-0,03;-0,02;-0,02;-0,02;-0,02;0,0;0,0;-0,02;-0,02;-0,11;-0,11;-0,06;-0,06;-0,02;-0,02;-0,05;-0,05;-0,02;-0,02;-0,04;-0,04;-0,02;-0,02;-0,02;-0,02;-0,01;-0,01;-0,04;-0,04;-0,02;-0,02;-0,37;-0,37;-0,05;-0,05;-0,04;-0,04
31.08.2026;21:45;22:00;0,0;0,0;0,0;0,0;-0,02;-0,02;-0,23;-0,23;-0,01;-0,01;-0,01;-0,01;-0,09;-0,09;-0,03;-0,03;-0,02;-0,02;-0,01;-0,01;-0,01;-0,01;-0,01;-0,01;0,0;0,0;-0,02;-0,02;-0,09;-0,09;-0,09;-0,09;-0,01;-0,01;-0,05;-0,05;-0,03;-0,03;-0,04;-0,04;-0,03;-0,03;-0,03;-0,03;0,0;0,0;0,0;0,0;-0,02;-0,02;-0,03;-0,03;-0,3;-0,3;-0,04;-0,04
31.08.2026;22:00;22:15;0,0;0,0;0,0;0,0;-0,02;-0,02;-0,11;-0,11;0,0;0,0;-0,01;-0,01;-0,05;-0,05;-0,04;-0,04;-0,03;-0,03;-0,02;-0,02;0,0;0,0;-0,01;-0,01;0,0;0,0;-0,04;-0,04;-0,03;-0,03;-0,08;-0,08;-0,02;-0,02;-0,04;-0,04;-0,02;-0,02;-0,03;-0,03;-0,03;-0,03;-0,02;-0,02;-0,01;-0,01;-0,02;-0,02;-0,02;-0,02;-0,03;-0,03;-0,02;-0,02;-0,04;-0,04
31.08.2026;22:15;22:30;0,0;0,0;0,0;0,0;-0,01;-0,01;-0,08;-0,08;-0,01;-0,01;0,0;0,0;-0,04;-0,04;-0,04;-0,04;-0,03;-0,03;-0,01;-0,01;0,0;0,0;-0,02;-0,02;0,0;0,0;-0,02;-0,02;-0,02;-0,02;-0,09;-0,09;-0,01;-0,01;-0,03;-0,03;-0,02;-0,02;-0,11;-0,11;-0,03;-0,03;-0,01;-0,01;-0,01;-0,01;-0,02;-0,02;-0,03;-0,03;-0,04;-0,04;-0,01;-0,01;-0,05;-0,05
31.08.2026;22:30;22:45;0,0;0,0;0,0;0,0;-0,01;-0,01;-0,06;-0,06;0,0;0,0;-0,01;-0,01;-0,03;-0,03;-0,03;-0,03;-0,02;-0,02;-0,01;-0,01;-0,01;-0,01;0,0;0,0;0,0;0,0;-0,01;-0,01;-0,01;-0,01;-0,08;-0,08;-0,01;-0,01;-0,03;-0,03;-0,04;-0,04;-0,03;-0,03;-0,04;-0,04;-0,02;-0,02;-0,01;-0,01;-0,02;-0,02;-0,02;-0,02;-0,05;-0,05;-0,01;-0,01;-0,04;-0,04
31.08.2026;22:45;23:00;0,0;0,0;-0,01;-0,01;-0,01;-0,01;-0,14;-0,14;-0,01;-0,01;-0,01;-0,01;-0,04;-0,04;-0,03;-0,03;-0,02;-0,02;0,0;0,0;-0,01;-0,01;-0,02;-0,02;0,0;0,0;-0,01;-0,01;-0,01;-0,01;-0,07;-0,07;0,0;0,0;-0,03;-0,03;-0,01;-0,01;-0,03;-0,03;-0,02;-0,02;-0,03;-0,03;-0,01;-0,01;-0,01;-0,01;-0,02;-0,02;-0,04;-0,04;-0,02;-0,02;-0,04;-0,04
31.08.2026;23:00;23:15;0,0;0,0;0,0;0,0;-0,02;-0,02;-0,16;-0,16;-0,01;-0,01;-0,01;-0,01;-0,04;-0,04;-0,03;-0,03;-0,03;-0,03;-0,01;-0,01;-0,02;-0,02;0,0;0,0;0,0;0,0;-0,02;-0,02;-0,01;-0,01;-0,06;-0,06;-0,01;-0,01;-0,02;-0,02;-0,01;-0,01;-0,02;-0,02;-0,04;-0,04;-0,02;-0,02;-0,01;-0,01;-0,02;-0,02;-0,02;-0,02;-0,04;-0,04;0,0;0,0;-0,04;-0,04
31.08.2026;23:15;23:30;0,0;0,0;0,0;0,0;-0,01;-0,01;-0,08;-0,08;0,0;0,0;-0,02;-0,02;-0,03;-0,03;-0,03;-0,03;-0,03;-0,03;-0,01;-0,01;-0,01;-0,01;-0,01;-0,01;0,0;0,0;-0,01;-0,01;-0,02;-0,02;-0,06;-0,06;0,0;0,0;-0,04;-0,04;-0,02;-0,02;-0,02;-0,02;-0,01;-0,01;-0,01;-0,01;-0,01;-0,01;-0,01;-0,01;-0,02;-0,02;-0,04;-0,04;-0,02;-0,02;-0,03;-0,03
31.08.2026;23:30;23:45;0,0;0,0;0,0;0,0;-0,02;-0,02;-0,07;-0,07;-0,01;-0,01;-0,01;-0,01;-0,04;-0,04;-0,02;-0,02;-0,01;-0,01;-0,02;-0,02;-0,01;-0,01;-0,01;-0,01;0,0;0,0;0,0;0,0;0,0;0,0;-0,02;-0,02;-0,02;-0,02;-0,03;-0,03;0,0;0,0;-0,02;-0,02;-0,01;-0,01;-0,02;-0,02;-0,01;-0,01;-0,01;-0,01;0,0;0,0;-0,03;-0,03;-0,01;-0,01;-0,02;-0,02
31.08.2026;23:45;00:00;0,0;0,0;-0,01;-0,01;-0,02;-0,02;-0,06;-0,06;-0,01;-0,01;-0,01;-0,01;-0,04;-0,04;-0,02;-0,02;-0,04;-0,04;-0,02;-0,02;-0,01;-0,01;-0,01;-0,01;0,0;0,0;-0,02;-0,02;-0,01;-0,01;-0,02;-0,02;-0,01;-0,01;-0,02;-0,02;-0,03;-0,03;-0,02;-0,02;-0,01;-0,01;-0,02;-0,02;-0,01;-0,01;-0,01;-0,01;-0,01;-0,01;-0,03;-0,03;-0,01;-0,01;-0,01;-0,01
